MIDL Ballistic 32Re Data for 2015-03-16 to 2015-03-20

#COORDINATES
GSM

yr mo dy hr mn sc msc bx by bz ux uy uz rho T

#START
2015  3 16  0  0  0    0     1.31    -0.10     5.42    -311.1     -0.37     -0.41    19.305      43389
2015  3 16  0  1  0    0     1.31    -0.10     5.45    -311.0     -0.35     -0.54    19.134      41247
2015  3 16  0  2  0    0     1.34    -0.15     5.46    -310.7     -0.25     -0.52    19.192      41247
2015  3 16  0  3  0    0     1.54    -0.15     5.42    -310.9      0.54      0.06    19.515      42346
2015  3 16  0  4  0    0     1.83    -0.32     5.30    -310.2      0.17      0.46    19.611      42346
2015  3 16  0  5  0    0     2.11    -0.48     5.11    -308.4     -1.33      0.71    19.864      42637
2015  3 16  0  6  0    0     2.40    -0.65     4.89    -306.4     -3.06      0.94    20.147      42987
2015  3 16  0  7  0    0     2.93    -1.37     4.38    -305.5     -4.16      0.87    20.596      43021
2015  3 16  0  8  0    0     3.03    -1.78     3.95    -305.8     -5.70      0.07    21.719      45710
2015  3 16  0  9  0    0     2.74    -2.50     3.64    -307.8     -8.00     -0.30    24.274      50052
2015  3 16  0 10  0    0     2.45    -3.60     3.20    -311.8     -6.83     -0.45    25.763      47683
2015  3 16  0 11  0    0     2.30    -3.76     3.26    -312.4     -6.85      0.18    26.086      48216
2015  3 16  0 12  0    0     2.08    -3.78     3.28    -313.7     -6.60      0.26    26.705      49758
2015  3 16  0 13  0    0     1.89    -3.90     2.92    -314.4     -6.07     -0.40    26.564      50088
2015  3 16  0 14  0    0     2.87    -4.04     3.11    -319.2     -4.88      0.58    25.193      48438
2015  3 16  0 15  0    0     3.62    -4.88     5.49    -319.6     -4.12      5.11    25.068      46866
2015  3 16  0 16  0    0     3.71    -5.11     5.61    -320.0     -4.38      5.39    24.617      43755
2015  3 16  0 17  0    0     3.81    -5.75     5.09    -318.6     -6.06      4.59    24.332      42245
2015  3 16  0 18  0    0     4.01    -6.88     2.20    -318.5    -12.89      1.87    24.068      41767
2015  3 16  0 19  0    0     4.06    -7.49     1.07    -318.7    -16.57     -1.65    24.013      42964
2015  3 16  0 20  0    0     4.04    -7.80     1.30    -318.9    -19.78     -2.11    23.819      43244
2015  3 16  0 21  0    0     4.22    -7.81     1.67    -317.5    -21.72     -1.81    23.330      41791
2015  3 16  0 22  0    0     4.42    -7.69     2.18    -316.0    -22.90     -1.40    22.974      40320
2015  3 16  0 23  0    0     4.55    -7.41     3.06    -314.8    -22.83     -0.73    23.125      39602
2015  3 16  0 24  0    0     4.74    -6.94     3.44    -313.8    -22.88     -0.02    23.749      39530
2015  3 16  0 25  0    0     4.88    -6.53     3.64    -312.5    -22.05      1.06    24.274      41144
2015  3 16  0 26  0    0     4.95    -6.21     3.79    -311.3    -20.86      2.38    24.632      43660
2015  3 16  0 27  0    0     4.95    -6.03     4.18    -310.8    -22.12      3.56    24.609      43660
2015  3 16  0 28  0    0     4.89    -5.95     4.66    -309.9    -19.08      5.95    24.342      42595
2015  3 16  0 29  0    0     4.79    -5.97     4.79    -310.4    -18.16      6.63    23.161      41281
2015  3 16  0 30  0    0     4.96    -6.13     4.77    -309.6    -19.63      5.34    22.648      41164
2015  3 16  0 31  0    0     5.16    -6.25     4.66    -309.3    -20.20      4.55    22.568      42493
2015  3 16  0 32  0    0     5.25    -6.33     4.65    -309.4    -18.93      4.52    23.284      43262
2015  3 16  0 33  0    0     4.90    -6.38     4.84    -312.0    -17.66      3.42    25.615      41626
2015  3 16  0 34  0    0     4.66    -6.16     4.95    -312.2    -16.92      4.12    25.241      38701
2015  3 16  0 35  0    0     4.58    -5.74     5.12    -312.6    -15.60      5.60    24.481      36687
2015  3 16  0 36  0    0     4.54    -5.89     5.18    -312.9    -15.99      4.57    24.096      35638
2015  3 16  0 37  0    0     4.55    -6.03     5.14    -313.1    -16.30      3.35    23.903      34046
2015  3 16  0 38  0    0     4.53    -6.02     5.14    -312.6    -16.31      3.39    23.809      33155
2015  3 16  0 39  0    0     4.60    -6.03     5.13    -312.0    -16.73      3.31    23.797      33392
2015  3 16  0 40  0    0     4.71    -6.09     5.13    -311.9    -17.90      3.05    23.712      34173
2015  3 16  0 41  0    0     4.59    -6.15     4.90    -313.6    -16.06      3.35    23.518      34579
2015  3 16  0 42  0    0     4.43    -6.18     4.77    -314.6    -14.94      3.42    23.514      34301
2015  3 16  0 43  0    0     4.51    -6.11     5.34    -314.5    -14.70      2.79    23.706      34256
2015  3 16  0 44  0    0     4.42    -6.08     5.30    -314.8    -14.72      1.62    25.200      36021
2015  3 16  0 45  0    0     4.11    -5.46     5.24    -316.7    -12.95     -1.12    29.504      41461
2015  3 16  0 46  0    0     3.88    -5.22     5.13    -317.2    -13.00     -1.62    28.863      41461
2015  3 16  0 47  0    0     3.96    -5.34     4.99    -317.6    -13.43     -2.29    28.328      41877
2015  3 16  0 48  0    0     4.07    -5.52     4.58    -318.0    -13.50     -2.08    28.496      43380
2015  3 16  0 49  0    0     4.07    -5.53     4.43    -319.4    -10.43      0.14    29.786      46924
2015  3 16  0 50  0    0     3.83    -5.29     4.63    -319.7    -10.48      0.09    31.578      48868
2015  3 16  0 51  0    0     3.65    -5.34     4.55    -319.7    -11.44     -0.29    32.990      50156
2015  3 16  0 52  0    0     3.52    -5.30     4.25    -320.1    -11.15     -1.25    33.488      50156
2015  3 16  0 53  0    0     3.30    -5.02     4.17    -320.7     -8.88     -1.40    33.995      50150
2015  3 16  0 54  0    0     2.61    -4.73     3.55    -326.0     -8.92     -2.61    34.291      48878
2015  3 16  0 55  0    0     2.50    -5.33     2.92    -327.0     -7.36     -1.89    32.865      48280
2015  3 16  0 56  0    0     2.46    -6.04     2.30    -326.2     -6.37     -1.56    31.999      48914
2015  3 16  0 57  0    0     2.50    -6.54     1.88    -325.3     -6.45     -1.68    31.619      49710
2015  3 16  0 58  0    0     2.66    -6.77     1.67    -325.4     -7.42     -1.46    30.370      49259
2015  3 16  0 59  0    0     2.59    -7.05     1.37    -326.2     -9.09     -1.30    27.859      48081
2015  3 16  1  0  0    0     2.49    -7.26     1.04    -325.7     -9.91     -0.83    26.917      50760
2015  3 16  1  1  0    0     2.49    -7.46     0.74    -324.8    -10.39     -0.09    27.166      56155
2015  3 16  1  2  0    0     2.46    -7.59     0.44    -324.3     -9.30      0.64    27.904      58307
2015  3 16  1  3  0    0     2.36    -7.59     0.55    -324.0     -8.27      0.58    28.360      58307
2015  3 16  1  4  0    0     2.20    -7.56     0.37    -323.7     -8.77     -0.34    28.149      57972
2015  3 16  1  5  0    0     2.29    -7.58     0.16    -322.8    -10.36     -2.37    27.535      55859
2015  3 16  1  6  0    0     2.54    -7.45    -0.30    -322.5     -9.16     -5.12    27.825      51640
2015  3 16  1  7  0    0     2.65    -7.14    -0.39    -322.8     -6.09     -5.99    30.769      48687
2015  3 16  1  8  0    0     2.46    -6.55    -0.24    -324.3     -3.96     -4.86    34.999      46959
2015  3 16  1  9  0    0     2.54    -6.53     0.17    -324.3     -3.18     -4.12    35.000      46188
2015  3 16  1 10  0    0     2.89    -7.25     0.79    -322.7     -5.70     -8.61    35.149      46149
2015  3 16  1 11  0    0     3.06    -7.45     1.10    -322.0     -6.87    -10.85    35.294      46122
2015  3 16  1 12  0    0     3.07    -7.24     1.20    -322.6     -6.28    -10.66    35.439      46038
2015  3 16  1 13  0    0     3.06    -5.36     1.85    -326.0     -0.96     -9.98    35.584      45902
2015  3 16  1 14  0    0     3.08    -4.28     2.94    -327.6     -0.96     -9.22    35.729      45766
2015  3 16  1 15  0    0     3.04    -4.31     1.76    -326.5      1.83     -5.85    35.874      45629
2015  3 16  1 16  0    0     2.97    -4.37     0.35    -325.2      4.72     -2.49    36.019      45493
2015  3 16  1 17  0    0     2.81    -4.38    -0.06    -325.8      4.47     -2.51    35.949      45230
2015  3 16  1 18  0    0     2.55    -4.59    -0.30    -327.2      4.09     -2.74    35.670      43945
2015  3 16  1 19  0    0     2.67    -4.52    -0.58    -327.6      4.50     -3.25    36.008      43447
2015  3 16  1 20  0    0     2.76    -4.13    -0.95    -327.3      5.42     -3.70    36.652      45120
2015  3 16  1 21  0    0     2.69    -3.63    -1.20    -327.5      6.46     -3.71    37.070      47540
2015  3 16  1 22  0    0     2.26    -2.39    -1.20    -328.2      7.58     -3.39    37.039      49497
2015  3 16  1 23  0    0     1.69    -0.96    -0.74    -328.3     10.41     -1.50    36.691      49703
2015  3 16  1 24  0    0     1.54    -0.37    -0.51    -327.7     11.46     -0.70    36.142      49189
2015  3 16  1 25  0    0     1.69    -0.20    -0.46    -326.6     10.85     -1.03    35.585      49012
2015  3 16  1 26  0    0     2.01    -0.18    -0.48    -325.3      9.98     -1.50    35.114      48490
2015  3 16  1 27  0    0     2.47    -0.19    -0.55    -324.4      9.77     -1.49    34.780      46923
2015  3 16  1 28  0    0     2.77    -0.09    -0.73    -324.2      9.48     -1.37    33.977      44547
2015  3 16  1 29  0    0     2.91     0.39    -0.76    -324.6      8.09     -1.38    33.045      43363
2015  3 16  1 30  0    0     3.27     1.67    -0.22    -325.0      9.14     -0.65    32.842      43859
2015  3 16  1 31  0    0     3.48     2.44     0.05    -324.9     12.61      1.07    33.201      46117
2015  3 16  1 32  0    0     3.42     2.94     0.02    -324.1     14.19      2.13    33.882      46582
2015  3 16  1 33  0    0     3.19     3.18     0.12    -323.9     15.37      3.62    34.308      46625
2015  3 16  1 34  0    0     2.97     3.11     0.38    -324.0     15.63      3.86    34.243      47081
2015  3 16  1 35  0    0     3.05     2.99     0.30    -323.6     15.43      3.94    34.082      47515
2015  3 16  1 36  0    0     3.28     2.84     0.02    -323.0     15.77      3.80    33.930      47664
2015  3 16  1 37  0    0     3.39     2.71    -0.10    -321.9     15.72      3.65    33.859      47698
2015  3 16  1 38  0    0     3.48     2.49    -0.17    -321.0     15.42      3.38    33.840      47307
2015  3 16  1 39  0    0     3.57     2.17    -0.26    -320.7     14.95      3.00    33.852      46089
2015  3 16  1 40  0    0     3.54     2.13    -0.22    -320.9     14.40      3.13    33.700      44972
2015  3 16  1 41  0    0     3.56     2.13    -0.40    -321.1     14.15      3.51    33.061      45037
2015  3 16  1 42  0    0     3.59     2.17    -0.62    -321.4     13.75      3.87    32.312      45169
2015  3 16  1 43  0    0     3.65     2.18    -0.75    -322.0     13.02      4.41    31.791      45005
2015  3 16  1 44  0    0     3.61     2.14    -0.74    -322.8     12.34      4.84    31.395      43616
2015  3 16  1 45  0    0     3.52     2.27    -0.81    -323.0     11.64      5.10    30.802      43077
2015  3 16  1 46  0    0     3.23     2.24    -0.87    -324.6     11.75      4.83    30.434      43136
2015  3 16  1 47  0    0     3.03     1.63    -0.42    -324.0     12.40      4.93    30.686      43728
2015  3 16  1 48  0    0     3.14     1.00    -0.24    -323.6     12.73      5.04    31.104      43898
2015  3 16  1 49  0    0     3.71     0.75     0.45    -322.7     12.91      5.31    31.486      45566
2015  3 16  1 50  0    0     4.40     0.39     1.03    -322.0     13.55      5.63    32.902      46282
2015  3 16  1 51  0    0     4.76    -0.12     1.55    -321.7     14.59      5.79    35.252      46282
2015  3 16  1 52  0    0     4.56    -0.56     1.75    -321.8     14.21      4.72    36.720      46482
2015  3 16  1 53  0    0     4.32    -0.69     1.65    -322.3     13.22      3.75    36.658      47560
2015  3 16  1 54  0    0     4.22    -0.41     2.03    -322.5     13.62      3.89    36.354      48848
2015  3 16  1 55  0    0     4.20     0.04     2.31    -322.0     14.30      4.67    35.805      50422
2015  3 16  1 56  0    0     4.61     0.84     2.18    -321.1     15.39      5.61    35.053      51497
2015  3 16  1 57  0    0     5.53     1.89     1.73    -320.2     16.69      6.18    34.168      51146
2015  3 16  1 58  0    0     6.23     2.05     1.28    -319.2     16.64      6.37    33.379      49233
2015  3 16  1 59  0    0     6.61     2.04     1.67    -318.6     15.17      6.36    32.748      49042
2015  3 16  2  0  0    0     7.17     1.69     2.81    -320.0     13.41      6.26    32.228      50230
2015  3 16  2  1  0    0     6.88     1.70     3.06    -322.1     13.76      6.53    32.712      50849
2015  3 16  2  2  0    0     6.45     1.43     3.18    -321.9     14.91      6.84    34.486      52927
2015  3 16  2  3  0    0     5.95     1.31     3.21    -321.6     15.85      7.12    36.203      55735
2015  3 16  2  4  0    0     5.46     1.22     3.10    -322.3     15.54      6.64    36.863      56820
2015  3 16  2  5  0    0     5.36     0.77     3.11    -324.0     14.83      6.08    36.914      57300
2015  3 16  2  6  0    0     5.26     0.66     3.33    -325.4     14.76      5.68    36.813      57794
2015  3 16  2  7  0    0     5.21     0.64     3.38    -325.9     14.62      5.69    36.228      56969
2015  3 16  2  8  0    0     5.15     0.60     3.62    -326.2     14.46      6.41    36.013      53653
2015  3 16  2  9  0    0     5.11     0.42     4.38    -325.9     14.43      7.28    36.168      51177
2015  3 16  2 10  0    0     5.06     0.03     5.27    -326.3     14.30      7.47    36.206      51823
2015  3 16  2 11  0    0     4.99    -0.23     5.46    -325.8     14.10      7.46    35.824      53697
2015  3 16  2 12  0    0     4.89    -0.33     5.49    -323.7     13.96      7.82    35.300      55590
2015  3 16  2 13  0    0     4.64    -0.57     5.56    -325.3     13.27      6.69    34.300      54468
2015  3 16  2 14  0    0     4.39    -0.46     5.27    -325.7     13.23      7.70    35.371      50157
2015  3 16  2 15  0    0     4.00     0.98     4.29    -327.9     13.75      8.27    40.221      50130
2015  3 16  2 16  0    0     3.71     2.37     3.99    -328.9     14.68      8.21    41.225      50123
2015  3 16  2 17  0    0     3.69     2.62     3.96    -329.2     14.80      7.90    41.358      50238
2015  3 16  2 18  0    0     3.60     1.80     3.88    -330.3     12.14      7.91    40.695      53111
2015  3 16  2 19  0    0     2.17     1.25     3.43    -335.3      9.99      6.08    39.258      58314
2015  3 16  2 20  0    0     1.99     1.51     3.21    -336.1      9.48      5.46    39.861      57415
2015  3 16  2 21  0    0     2.25     1.37     3.96    -335.5      9.58      5.63    40.813      55945
2015  3 16  2 22  0    0     2.68     1.07     5.26    -334.1     10.05      6.60    41.333      55062
2015  3 16  2 23  0    0     2.58     0.57     5.59    -332.7     12.29      8.13    41.482      54868
2015  3 16  2 24  0    0     2.47     0.72     5.12    -332.4     13.19      8.22    41.787      54611
2015  3 16  2 25  0    0     2.62     0.46     5.24    -332.4     13.63      8.03    42.205      54329
2015  3 16  2 26  0    0     2.66     0.14     5.56    -331.2     13.55      7.85    43.051      52722
2015  3 16  2 27  0    0     2.68     0.03     5.74    -329.9     13.50      7.64    44.189      50974
2015  3 16  2 28  0    0     2.70     0.34     5.27    -329.6     14.14      7.40    45.826      50333
2015  3 16  2 29  0    0     1.72     0.69     2.27    -329.9     14.55      6.40    47.207      50579
2015  3 16  2 30  0    0     0.25     2.05    -1.95    -331.0     14.81      4.32    47.492      51432
2015  3 16  2 31  0    0    -0.42     2.89    -3.63    -331.9     14.21      3.30    46.920      50902
2015  3 16  2 32  0    0    -0.65     3.33    -3.98    -334.0     12.67      3.33    46.449      50580
2015  3 16  2 33  0    0    -0.78     3.30    -4.14    -333.8     12.03      4.70    47.311      50119
2015  3 16  2 34  0    0    -0.54     3.41    -3.77    -332.3     12.95      5.78    47.784      46686
2015  3 16  2 35  0    0    -0.32     3.82    -3.45    -331.3     13.76      7.11    48.061      43478
2015  3 16  2 36  0    0    -0.09     4.26    -3.18    -331.0     14.15      8.16    47.927      41788
2015  3 16  2 37  0    0     0.11     4.15    -2.78    -331.0     13.70      8.37    47.582      41699
2015  3 16  2 38  0    0     0.17     3.50    -2.31    -331.3     12.27      7.84    47.462      41699
2015  3 16  2 39  0    0    -0.27     3.13    -2.48    -331.7     10.75      8.46    42.798      39123
2015  3 16  2 40  0    0    -1.67     3.12    -4.80    -331.7      9.92      9.75    37.298      35344
2015  3 16  2 41  0    0    -2.84     3.25    -7.17    -331.7      8.95      9.58    35.581      33607
2015  3 16  2 42  0    0    -3.11     3.39    -7.81    -331.8      8.14      8.96    35.092      33244
2015  3 16  2 43  0    0    -2.97     3.53    -7.85    -332.2      7.78      8.34    34.276      33169
2015  3 16  2 44  0    0    -2.88     3.77    -8.02    -332.3      8.15      8.46    32.736      32804
2015  3 16  2 45  0    0    -2.94     3.88    -8.17    -332.3      8.39      7.48    30.586      32660
2015  3 16  2 46  0    0    -2.92     4.07    -8.31    -333.6      8.99      5.91    27.773      33014
2015  3 16  2 47  0    0    -2.63     4.88    -8.38    -334.0      8.26      4.31    26.621      33373
2015  3 16  2 48  0    0    -2.64     4.65    -8.51    -336.0      7.87      2.35    25.936      34076
2015  3 16  2 49  0    0    -2.86     4.16    -8.53    -336.3      8.03      1.87    25.592      35169
2015  3 16  2 50  0    0    -2.79     4.19    -8.40    -336.9      8.13      1.75    25.580      36602
2015  3 16  2 51  0    0    -2.79     5.05    -7.97    -337.5      6.03      1.27    25.648      37566
2015  3 16  2 52  0    0    -2.60     5.29    -7.13    -337.5      4.34      0.49    25.595      38044
2015  3 16  2 53  0    0    -2.50     5.56    -6.54    -337.9      3.90     -0.34    25.545      39109
2015  3 16  2 54  0    0    -1.91     6.01    -5.53    -342.2      3.62     -6.97    29.108      40218
2015  3 16  2 55  0    0    -1.43     6.42    -4.93    -344.6      2.90    -10.56    29.739      38299
2015  3 16  2 56  0    0    -0.91     5.16    -5.01    -343.9      4.52     -9.75    29.800      38337
2015  3 16  2 57  0    0    -0.81     4.29    -4.94    -343.2      5.02     -9.20    30.164      39476
2015  3 16  2 58  0    0    -0.88     3.87    -5.24    -343.9      5.05     -9.03    30.327      39645
2015  3 16  2 59  0    0    -1.14     4.40    -5.25    -344.1      4.97     -8.48    30.197      39584
2015  3 16  3  0  0    0    -1.25     4.94    -5.43    -344.2      5.66     -8.07    29.511      39309
2015  3 16  3  1  0    0    -1.29     4.99    -5.43    -344.0      6.11     -7.83    28.835      37552
2015  3 16  3  2  0    0    -1.06     5.00    -5.54    -343.6      5.84     -7.52    27.671      35621
2015  3 16  3  3  0    0    -1.22     5.25    -5.61    -343.5      5.05     -7.59    27.377      35557
2015  3 16  3  4  0    0    -1.40     5.75    -5.33    -343.4      4.64     -7.48    27.313      35603
2015  3 16  3  5  0    0    -2.28     4.84    -5.07    -343.6      6.16     -6.40    26.364      45055
2015  3 16  3  6  0    0    -2.50     4.80    -4.68    -344.3     11.68     -2.69    23.262      59403
2015  3 16  3  7  0    0    -2.61     3.67    -4.28    -344.1     13.16     -1.56    24.288      61778
2015  3 16  3  8  0    0    -2.75     2.87    -4.41    -343.5     11.36     -2.68    27.331      61778
2015  3 16  3  9  0    0    -2.94     2.70    -4.32    -343.0      7.16     -5.04    33.432      49946
2015  3 16  3 10  0    0    -2.94     2.64    -4.26    -343.3      5.56     -5.98    35.729      45085
2015  3 16  3 11  0    0    -2.93     2.76    -4.07    -343.2      5.61     -5.87    35.309      43745
2015  3 16  3 12  0    0    -2.66     3.03    -3.82    -343.0      6.32     -5.30    35.101      43229
2015  3 16  3 13  0    0    -2.44     2.90    -3.70    -341.7      6.83     -4.55    35.184      43156
2015  3 16  3 14  0    0    -2.10     3.11    -3.47    -341.0      6.85     -4.12    35.756      43796
2015  3 16  3 15  0    0    -1.89     3.84    -3.19    -341.1      6.70     -4.10    36.698      44530
2015  3 16  3 16  0    0    -1.96     4.35    -3.11    -341.3      6.81     -4.31    37.207      44085
2015  3 16  3 17  0    0    -2.12     4.42    -3.48    -342.3      7.21     -4.50    37.296      41766
2015  3 16  3 18  0    0    -1.97     3.50    -4.36    -343.4      6.23     -4.68    36.220      40225
2015  3 16  3 19  0    0    -1.76     2.91    -4.77    -344.4      5.91     -4.06    34.586      39975
2015  3 16  3 20  0    0    -1.82     2.87    -4.94    -344.8      5.30     -4.26    34.595      39477
2015  3 16  3 21  0    0    -1.79     3.00    -4.96    -344.4      3.99     -5.65    35.727      37551
2015  3 16  3 22  0    0    -1.46     2.97    -4.88    -344.3      4.24     -5.85    37.229      35362
2015  3 16  3 23  0    0    -1.15     2.83    -5.03    -343.7      8.20     -6.04    37.433      35132
2015  3 16  3 24  0    0    -1.14     2.88    -4.91    -343.2      8.20     -6.43    36.360      34781
2015  3 16  3 25  0    0    -1.38     3.02    -4.85    -344.2      4.95     -8.42    36.073      34112
2015  3 16  3 26  0    0    -1.58     3.02    -4.75    -344.1      3.58     -8.70    37.386      32120
2015  3 16  3 27  0    0    -1.60     2.86    -4.09    -344.7      2.84     -8.69    39.729      30944
2015  3 16  3 28  0    0    -1.21     2.28    -2.87    -344.4      0.71     -8.75    39.901      31053
2015  3 16  3 29  0    0    -1.10     2.30    -2.82    -344.2      0.87     -8.42    38.765      32131
2015  3 16  3 30  0    0    -1.10     2.92    -2.72    -343.6      3.01     -8.09    37.578      33084
2015  3 16  3 31  0    0    -1.16     3.26    -2.33    -343.6      3.43     -7.87    35.792      35424
2015  3 16  3 32  0    0    -1.19     3.43    -2.27    -343.6      3.54     -7.86    33.865      38010
2015  3 16  3 33  0    0    -1.14     3.97    -2.58    -343.3      3.63     -7.69    33.543      38260
2015  3 16  3 34  0    0    -1.12     4.07    -2.84    -343.4      3.84     -7.46    33.818      39089
2015  3 16  3 35  0    0    -1.00     3.44    -2.76    -343.3      3.12     -7.47    34.824      40390
2015  3 16  3 36  0    0    -0.35     2.32    -1.56    -344.2      3.10     -6.67    35.055      41268
2015  3 16  3 37  0    0     0.52     0.40     0.84    -346.2      5.51     -5.05    34.164      40744
2015  3 16  3 38  0    0     0.51    -0.47     0.75    -346.3      5.70     -5.32    33.527      40143
2015  3 16  3 39  0    0     0.47    -1.01     0.48    -345.7      5.18     -5.80    33.913      40215
2015  3 16  3 40  0    0     0.31    -1.00     0.63    -344.7      4.65     -6.05    34.750      40342
2015  3 16  3 41  0    0    -0.30    -0.52     1.67    -344.3      4.53     -6.26    34.863      40274
2015  3 16  3 42  0    0    -0.30     0.53     2.16    -344.4      4.46     -6.35    34.807      39397
2015  3 16  3 43  0    0    -0.54     0.54     2.15    -345.0      3.90     -6.25    34.838      37374
2015  3 16  3 44  0    0    -0.32     0.39     1.78    -345.2      3.95     -6.10    34.960      37363
2015  3 16  3 45  0    0     0.05     0.31     1.35    -345.0      4.24     -5.97    34.925      37365
2015  3 16  3 46  0    0     0.11     0.31     1.12    -344.5      4.36     -6.05    34.715      37370
2015  3 16  3 47  0    0     0.00     0.66     1.18    -344.6      4.09     -6.19    34.229      37366
2015  3 16  3 48  0    0    -0.04     0.69     1.97    -345.1      4.05     -5.91    33.723      37342
2015  3 16  3 49  0    0    -0.20     0.57     2.28    -345.4      4.17     -6.00    33.679      37420
2015  3 16  3 50  0    0    -0.21     0.59     2.19    -345.4      5.02     -5.70    33.555      37687
2015  3 16  3 51  0    0    -0.15     0.43     2.01    -345.5      5.47     -5.46    33.226      38184
2015  3 16  3 52  0    0     0.07     0.25     2.00    -345.5      5.88     -5.35    33.094      39117
2015  3 16  3 53  0    0     0.28     0.19     2.02    -345.4      6.36     -5.29    32.988      39725
2015  3 16  3 54  0    0     0.34     0.20     1.57    -345.9      7.04     -5.25    32.887      39725
2015  3 16  3 55  0    0     0.48     0.29     0.66    -346.8      8.03     -5.11    32.815      40683
2015  3 16  3 56  0    0     0.54     0.14     0.57    -347.8      8.48     -5.08    32.060      42006
2015  3 16  3 57  0    0     0.45    -0.47     2.17    -348.0      8.44     -4.89    30.970      42772
2015  3 16  3 58  0    0     0.29    -1.11     3.16    -347.5      8.81     -4.82    30.060      44481
2015  3 16  3 59  0    0     0.52    -1.35     3.48    -346.8      8.83     -4.17    29.200      45166
2015  3 16  4  0  0    0     1.62    -2.08     4.38    -348.3      9.32     -2.99    27.467      41338
2015  3 16  4  1  0    0     2.22    -3.52     5.20    -349.3      9.20     -3.64    26.885      39609
2015  3 16  4  2  0    0     2.30    -3.61     5.29    -349.3      9.06     -4.63    26.645      39657
2015  3 16  4  3  0    0     2.37    -3.98     5.55    -349.2      8.47     -4.86    25.293      41053
2015  3 16  4  4  0    0     2.37    -4.23     5.46    -349.1      8.22     -5.34    25.115      41053
2015  3 16  4  5  0    0     2.13    -4.55     4.86    -350.5      8.85     -6.37    26.520      39501
2015  3 16  4  6  0    0     2.13    -4.45     4.61    -350.4      8.75     -6.48    26.844      38419
2015  3 16  4  7  0    0     2.21    -4.00     4.55    -351.0      8.18     -7.03    27.684      37464
2015  3 16  4  8  0    0     2.25    -3.74     4.49    -351.4      8.14     -8.15    29.608      36741
2015  3 16  4  9  0    0     2.24    -3.65     4.44    -351.2      8.65     -8.64    30.665      36196
2015  3 16  4 10  0    0     2.14    -3.85     4.37    -350.9      9.61     -8.94    30.501      35755
2015  3 16  4 11  0    0     1.98    -4.33     4.21    -350.9     10.26     -9.21    29.951      35380
2015  3 16  4 12  0    0     1.87    -4.70     4.15    -351.2      9.75     -9.71    29.580      35287
2015  3 16  4 13  0    0     1.95    -4.51     4.24    -351.3      8.22    -10.07    28.850      35142
2015  3 16  4 14  0    0     2.18    -4.09     4.53    -351.5      7.90    -10.10    27.730      34999
2015  3 16  4 15  0    0     2.42    -4.10     4.70    -351.4      7.12     -9.86    27.157      34816
2015  3 16  4 16  0    0     2.47    -4.27     4.73    -351.2      6.44     -9.49    27.371      35184
2015  3 16  4 17  0    0     2.47    -4.35     4.73    -350.9      6.30     -9.17    27.843      35752
2015  3 16  4 18  0    0     2.53    -4.44     4.76    -350.3      5.76     -8.65    28.053      35671
2015  3 16  4 19  0    0     2.37    -4.49     4.66    -350.2      3.95     -8.63    27.935      35339
2015  3 16  4 20  0    0     2.01    -4.68     4.36    -349.8      3.36     -8.66    27.348      35150
2015  3 16  4 21  0    0     1.94    -4.80     4.47    -349.8      2.78     -9.02    27.080      34940
2015  3 16  4 22  0    0     1.97    -4.85     4.48    -349.0      3.54     -8.82    27.057      34940
2015  3 16  4 23  0    0     2.17    -4.81     4.30    -348.9      2.41     -8.85    27.462      36610
2015  3 16  4 24  0    0     2.34    -4.78     4.04    -349.0      2.17     -8.26    27.843      37556
2015  3 16  4 25  0    0     2.14    -4.84     3.96    -349.5      1.77     -8.50    27.803      37493
2015  3 16  4 26  0    0     2.21    -4.90     4.07    -349.9      1.33    -10.43    26.699      36196
2015  3 16  4 27  0    0     2.41    -5.30     4.67    -350.2      0.72    -12.39    25.926      33677
2015  3 16  4 28  0    0     2.54    -5.64     4.73    -350.1      0.54    -12.65    25.596      30450
2015  3 16  4 29  0    0     2.60    -5.52     4.85    -349.8      0.19    -13.38    25.554      30546
2015  3 16  4 30  0    0     2.56    -5.65     4.53    -349.5     -0.47    -13.70    25.405      31210
2015  3 16  4 31  0    0     2.48    -5.82     4.61    -348.9     -2.51    -14.21    25.392      31210
2015  3 16  4 32  0    0     2.15    -6.16     4.60    -349.3     -2.20    -14.26    25.364      31342
2015  3 16  4 33  0    0     1.98    -6.41     4.24    -348.3     -2.77    -14.23    24.811      33563
2015  3 16  4 34  0    0     1.48    -6.13     3.45    -347.5     -3.34    -14.16    24.548      33970
2015  3 16  4 35  0    0     1.24    -6.12     3.01    -347.1     -4.40    -14.08    24.370      33217
2015  3 16  4 36  0    0     1.29    -6.74     2.75    -347.2     -3.86    -12.63    23.912      32761
2015  3 16  4 37  0    0     1.44    -7.21     2.24    -347.1     -4.28    -11.39    23.623      32927
2015  3 16  4 38  0    0     1.68    -7.33     1.98    -347.7     -5.01    -10.98    23.964      35927
2015  3 16  4 39  0    0     2.26    -5.66     2.35    -347.6     -5.08    -10.77    25.963      39701
2015  3 16  4 40  0    0     2.72    -4.74     2.66    -347.6     -4.15    -10.83    28.621      41558
2015  3 16  4 41  0    0     2.84    -4.83     2.59    -347.6     -5.25    -11.05    29.772      41866
2015  3 16  4 42  0    0     2.68    -4.98     2.56    -347.7     -7.51    -11.60    30.176      39871
2015  3 16  4 43  0    0     2.06    -5.71     1.12    -347.9     -9.81    -12.22    30.730      37834
2015  3 16  4 44  0    0     1.75    -5.98     0.60    -348.0    -10.43    -12.52    31.242      37446
2015  3 16  4 45  0    0     1.40    -5.90     0.57    -347.4    -10.17    -12.75    31.365      37633
2015  3 16  4 46  0    0     1.05    -5.49     0.53    -346.6    -10.46    -13.19    31.604      38121
2015  3 16  4 47  0    0     0.85    -5.10     0.44    -345.9    -11.19    -13.55    32.073      38746
2015  3 16  4 48  0    0     0.82    -4.82     0.36    -345.6    -12.03    -13.42    32.872      39712
2015  3 16  4 49  0    0     0.81    -4.43     0.35    -345.6    -12.67    -12.82    33.696      41197
2015  3 16  4 50  0    0     0.80    -4.31     0.53    -345.7    -12.43    -12.12    33.764      41908
2015  3 16  4 51  0    0     0.87    -4.28     1.21    -345.9    -11.57    -10.83    34.122      40771
2015  3 16  4 52  0    0     0.90    -4.28     1.77    -345.6    -10.32     -9.42    34.717      38715
2015  3 16  4 53  0    0     0.74    -4.30     1.73    -345.6     -8.64     -8.89    34.764      38206
2015  3 16  4 54  0    0     0.85    -4.35     1.71    -346.1     -8.17     -8.80    34.734      38188
2015  3 16  4 55  0    0     1.15    -4.43     1.67    -346.2     -7.80     -8.97    34.754      38414
2015  3 16  4 56  0    0     1.19    -4.52     1.77    -346.6     -7.21     -8.61    34.857      38952
2015  3 16  4 57  0    0     0.83    -4.50     1.76    -346.7     -6.88     -8.00    34.931      39917
2015  3 16  4 58  0    0     0.67    -4.47     1.61    -346.7     -6.92     -7.57    34.993      40897
2015  3 16  4 59  0    0     0.91    -4.43     1.50    -346.6     -7.07     -7.55    35.118      41233
2015  3 16  5  0  0    0     1.15    -4.06     1.03    -346.3     -7.39     -7.84    35.338      41249
2015  3 16  5  1  0    0     1.15    -3.48     0.21    -345.8     -8.04     -8.07    35.502      41310
2015  3 16  5  2  0    0     1.06    -3.08    -0.47    -344.9     -8.66     -7.97    35.504      41677
2015  3 16  5  3  0    0     0.72    -2.87    -0.91    -344.1     -8.70     -7.15    35.427      42684
2015  3 16  5  4  0    0    -1.05    -2.11    -1.95    -344.0     -8.05     -7.05    35.434      42515
2015  3 16  5  5  0    0    -1.44    -1.26    -2.24    -345.2     -6.97     -8.32    35.977      38561
2015  3 16  5  6  0    0    -1.70    -0.86    -2.63    -345.2     -6.38     -8.33    36.025      38121
2015  3 16  5  7  0    0    -1.78    -0.04    -2.79    -345.3     -5.21     -8.01    36.053      38074
2015  3 16  5  8  0    0    -1.64    -0.15    -3.29    -345.7     -4.87     -7.96    36.130      38013
2015  3 16  5  9  0    0    -1.58    -0.02    -3.40    -346.0     -5.21     -7.85    35.892      36707
2015  3 16  5 10  0    0    -1.41    -0.03    -3.37    -346.0     -5.26     -7.66    35.521      34970
2015  3 16  5 11  0    0    -1.18     0.04    -3.09    -345.6     -5.10     -7.65    35.480      34933
2015  3 16  5 12  0    0    -0.98     0.08    -3.11    -344.7     -4.61     -7.60    35.628      34736
2015  3 16  5 13  0    0    -0.74     0.09    -3.14    -343.4     -3.65     -7.67    36.269      34193
2015  3 16  5 14  0    0    -0.75     0.06    -3.33    -343.1     -2.22     -7.79    36.413      33293
2015  3 16  5 15  0    0    -0.92     0.20    -3.83    -343.0     -1.70     -7.83    35.554      32775
2015  3 16  5 16  0    0    -1.25     0.31    -4.09    -342.7     -1.91     -7.86    35.292      32708
2015  3 16  5 17  0    0    -1.45     0.40    -4.55    -342.7     -2.87     -7.53    35.264      33083
2015  3 16  5 18  0    0    -1.91     0.54    -5.01    -343.2     -3.15     -7.40    35.064      33179
2015  3 16  5 19  0    0    -2.08     0.62    -5.14    -343.7     -2.51     -7.36    35.015      32650
2015  3 16  5 20  0    0    -2.19     0.45    -5.22    -343.3     -2.57     -7.26    35.729      32062
2015  3 16  5 21  0    0    -2.06     0.56    -5.23    -342.8     -2.59     -7.24    36.168      31856
2015  3 16  5 22  0    0    -2.09     0.60    -5.24    -342.5     -2.58     -7.18    36.403      31823
2015  3 16  5 23  0    0    -2.12     0.60    -5.24    -342.4     -2.60     -7.00    36.469      31747
2015  3 16  5 24  0    0    -2.21     0.70    -5.28    -342.3     -2.76     -6.93    36.260      31697
2015  3 16  5 25  0    0    -2.30     0.92    -5.44    -342.3     -3.09     -7.07    35.920      31608
2015  3 16  5 26  0    0    -2.34     1.23    -5.53    -343.1     -3.21     -8.47    33.724      31575
2015  3 16  5 27  0    0    -2.39     1.74    -6.04    -344.4     -2.53     -9.72    30.881      32137
2015  3 16  5 28  0    0    -2.20     1.82    -6.25    -344.6     -1.69     -9.64    30.464      32249
2015  3 16  5 29  0    0    -2.12     1.83    -6.30    -344.7     -1.73     -9.53    30.443      32099
2015  3 16  5 30  0    0    -2.03     1.85    -6.27    -344.6     -2.10     -9.41    30.580      31305
2015  3 16  5 31  0    0    -1.92     1.94    -6.12    -344.3     -2.51     -9.02    31.432      31076
2015  3 16  5 32  0    0    -1.78     2.05    -5.96    -344.2     -2.77     -8.56    32.595      31092
2015  3 16  5 33  0    0    -1.76     2.09    -5.79    -344.3     -2.89     -8.50    33.529      31310
2015  3 16  5 34  0    0    -1.74     2.31    -5.70    -344.4     -2.93     -8.64    33.629      31310
2015  3 16  5 35  0    0    -1.72     2.72    -5.66    -344.4     -2.94     -9.04    33.643      31361
2015  3 16  5 36  0    0    -1.71     2.81    -5.33    -344.4     -2.99     -9.05    33.819      31796
2015  3 16  5 37  0    0    -1.69     2.88    -5.14    -344.2     -3.26     -8.95    34.596      32216
2015  3 16  5 38  0    0    -1.71     2.96    -4.87    -344.4     -4.64     -8.39    37.113      32480
2015  3 16  5 39  0    0    -1.92     3.06    -4.83    -344.3     -4.81     -8.32    37.421      32517
2015  3 16  5 40  0    0    -2.03     2.96    -5.05    -345.8     -4.45     -8.42    37.628      33090
2015  3 16  5 41  0    0    -2.12     3.18    -5.55    -348.3     -4.64     -8.60    38.939      33949
2015  3 16  5 42  0    0    -2.13     3.43    -5.55    -349.8     -6.59     -9.10    40.551      35307
2015  3 16  5 43  0    0    -2.09     3.87    -4.95    -350.2     -6.98     -9.43    41.451      35307
2015  3 16  5 44  0    0    -2.07     3.82    -4.26    -350.5     -7.04     -9.53    42.121      35296
2015  3 16  5 45  0    0    -2.00     3.77    -4.22    -350.7     -7.24     -9.46    42.335      35265
2015  3 16  5 46  0    0    -1.89     3.74    -4.27    -350.7     -7.36     -9.40    42.827      35191
2015  3 16  5 47  0    0    -1.80     3.77    -4.38    -351.3     -7.37     -8.78    43.308      35009
2015  3 16  5 48  0    0    -1.58     3.68    -4.46    -352.2     -7.34     -7.45    43.668      35098
2015  3 16  5 49  0    0    -1.52     3.54    -4.81    -352.7     -7.61     -6.02    43.799      35746
2015  3 16  5 50  0    0    -1.44     3.80    -4.97    -353.0     -7.93     -5.57    41.900      36028
2015  3 16  5 51  0    0    -1.67     3.56    -5.37    -353.2     -9.14     -5.76    41.190      35575
2015  3 16  5 52  0    0    -1.85     3.11    -5.61    -353.2     -9.66     -6.09    41.189      35431
2015  3 16  5 53  0    0    -1.99     2.44    -6.18    -352.8     -8.10     -6.16    43.743      36366
2015  3 16  5 54  0    0    -2.06     2.26    -6.43    -352.7     -7.25     -6.74    45.950      37387
2015  3 16  5 55  0    0    -2.37     2.71    -6.14    -352.9     -7.76     -7.29    46.470      37688
2015  3 16  5 56  0    0    -2.56     3.21    -5.39    -353.0     -8.60     -7.60    45.326      37688
2015  3 16  5 57  0    0    -2.55     3.34    -5.02    -352.1    -10.85     -7.81    41.418      44858
2015  3 16  5 58  0    0    -1.42     1.14    -4.90    -351.4    -12.50     -7.87    35.878      50528
2015  3 16  5 59  0    0     0.60    -2.58    -5.45    -352.4     -9.80     -6.62    31.779      50924
2015  3 16  6  0  0    0     0.97    -3.19    -5.72    -353.2     -7.83     -5.67    31.516      51167
2015  3 16  6  1  0    0     0.92    -3.00    -5.00    -353.4     -7.76     -5.60    31.516      51326
2015  3 16  6  2  0    0     0.85    -2.92    -4.66    -353.9     -9.69     -6.39    31.395      51367
2015  3 16  6  3  0    0     0.54    -3.62    -5.00    -354.9    -12.92     -7.75    30.268      50727
2015  3 16  6  4  0    0     0.46    -4.09    -5.37    -355.1    -13.61     -8.50    29.382      49732
2015  3 16  6  5  0    0     1.59    -8.05    -6.29    -355.7    -16.00     -8.80    29.375      49520
2015  3 16  6  6  0    0     1.98    -8.78    -6.49    -355.8    -15.79     -8.31    29.203      48541
2015  3 16  6  7  0    0     1.98    -8.83    -6.37    -356.8    -13.01     -7.95    28.732      47932
2015  3 16  6  8  0    0     1.89    -8.84    -6.25    -357.5    -11.69     -8.36    29.252      47565
2015  3 16  6  9  0    0     1.88    -8.95    -6.33    -357.9    -13.09     -9.14    29.652      47099
2015  3 16  6 10  0    0     1.93    -9.12    -6.34    -357.5    -14.49     -9.20    29.261      47004
2015  3 16  6 11  0    0     2.01    -9.26    -6.25    -357.2    -14.87     -7.68    28.291      53506
2015  3 16  6 12  0    0     2.13    -9.59    -5.88    -357.1    -13.76     -4.10    24.438      66050
2015  3 16  6 13  0    0     2.39   -10.33    -5.48    -357.3     -9.83     -1.67    17.570      78293
2015  3 16  6 14  0    0     2.49   -10.58    -5.63    -359.3     -4.23     -3.07    14.501      91467
2015  3 16  6 15  0    0     1.87    -8.91    -7.82    -361.1      0.47     -8.36    14.345      92003
2015  3 16  6 16  0    0     1.65    -8.43    -8.19    -361.6      3.14     -8.38    13.986      88225
2015  3 16  6 17  0    0     1.64    -8.26    -8.20    -362.2      3.17     -8.50    14.090      88535
2015  3 16  6 18  0    0     1.67    -7.98    -8.18    -362.2      2.53     -9.16    14.484      90946
2015  3 16  6 19  0    0     1.76    -7.74    -8.02    -361.9      1.37     -9.97    14.844      94454
2015  3 16  6 20  0    0     1.97    -8.38    -7.63    -362.2      1.23     -9.58    14.416      94795
2015  3 16  6 21  0    0     1.93    -9.20    -7.83    -362.9      1.21     -8.26    13.793      94013
2015  3 16  6 22  0    0     1.33    -8.63    -9.58    -363.7      6.60     -8.58    13.571      91945
2015  3 16  6 23  0    0     0.97    -7.38   -10.82    -366.0     13.71     -9.31    13.257      88019
2015  3 16  6 24  0    0     1.26    -7.33   -10.70    -367.9     18.59     -8.19    12.844      88982
2015  3 16  6 25  0    0     1.33    -7.46   -10.49    -368.7     18.55     -6.36    12.326      95001
2015  3 16  6 26  0    0     1.25    -7.97   -10.07    -369.7     18.43     -3.17    11.877      99606
2015  3 16  6 27  0    0     1.16    -8.13    -9.83    -370.0     18.17     -2.37    11.808     102515
2015  3 16  6 28  0    0     1.19    -8.09    -9.80    -369.5     17.69     -2.54    12.039     104165
2015  3 16  6 29  0    0     1.34    -8.04    -9.80    -369.2     16.34     -3.06    12.345     104296
2015  3 16  6 30  0    0     1.42    -8.05    -9.70    -369.4     15.09     -3.75    12.584     102908
2015  3 16  6 31  0    0     1.33    -8.15    -9.40    -369.5     14.59     -3.60    12.741     101856
2015  3 16  6 32  0    0     1.24    -8.20    -8.87    -369.7     14.13     -2.94    12.776     107547
2015  3 16  6 33  0    0     1.34    -8.29    -8.47    -370.8     14.29     -2.70    12.523     110962
2015  3 16  6 34  0    0     1.66    -8.54    -8.64    -371.1     18.12     -1.30    11.966     109622
2015  3 16  6 35  0    0     1.67    -8.87    -8.67    -370.7     18.84     -1.30    11.887     107912
2015  3 16  6 36  0    0     1.54    -8.82    -8.63    -370.4     19.26     -1.09    11.674     105733
2015  3 16  6 37  0    0     1.48    -8.98    -8.27    -370.2     20.89      0.08    10.768     102302
2015  3 16  6 38  0    0     1.51    -8.97    -8.00    -370.2     20.90      0.14    10.356      99851
2015  3 16  6 39  0    0     1.75    -8.78    -7.96    -369.7     18.29     -2.72    10.510      98283
2015  3 16  6 40  0    0     2.00    -8.63    -7.96    -368.7     15.36     -6.17    10.742      96896
2015  3 16  6 41  0    0     2.19    -8.51    -7.82    -367.5     12.74     -9.34    10.982      95156
2015  3 16  6 42  0    0     2.47    -8.33    -7.08    -366.6     10.72    -12.27    11.290      92805
2015  3 16  6 43  0    0     3.10    -7.65    -4.18    -365.0     11.59    -14.40    11.756      92805
2015  3 16  6 44  0    0     3.22    -4.40    -0.43    -364.7     11.98    -14.42    11.813      93214
2015  3 16  6 45  0    0     2.02    -3.46     0.91    -365.1     18.50     -8.73    11.296     103806
2015  3 16  6 46  0    0     1.40    -2.70     1.46    -366.9     21.90     -1.22    11.345     108186
2015  3 16  6 47  0    0     1.41    -2.00     1.48    -366.7     19.87      2.52    11.779     107005
2015  3 16  6 48  0    0     1.47    -1.94     1.57    -365.9     17.63      1.98    11.760      99135
2015  3 16  6 49  0    0     1.62    -2.16     1.69    -364.1     16.10      0.34    11.620      87864
2015  3 16  6 50  0    0     1.92    -2.49     2.34    -362.8     15.69     -1.22    11.570      75908
2015  3 16  6 51  0    0     2.08    -2.82     4.59    -362.6     15.93     -2.33    11.834      67180
2015  3 16  6 52  0    0     2.10    -0.43     9.34    -363.1     15.78     -2.58    12.665      66013
2015  3 16  6 53  0    0     2.29     2.01    12.16    -362.5     14.72     -2.68    13.531      65946
2015  3 16  6 54  0    0     2.36     1.90    12.47    -361.3     12.95     -2.71    14.110      65147
2015  3 16  6 55  0    0     2.39     1.69    12.59    -360.0     12.09     -2.18    14.211      61955
2015  3 16  6 56  0    0     2.46     1.61    12.68    -359.4     12.02     -2.84    14.167      58313
2015  3 16  6 57  0    0     2.52     1.59    12.80    -359.6     11.07     -4.04    13.627      55494
2015  3 16  6 58  0    0     2.58     1.37    12.65    -363.1     10.48     -4.61    13.567      55224
2015  3 16  6 59  0    0     2.63     1.14    12.62    -363.2     10.39     -4.92    13.602      54734
2015  3 16  7  0  0    0     2.69     0.90    12.55    -363.0     10.44     -4.71    13.694      54305
2015  3 16  7  1  0    0     3.09     0.29    12.34    -362.6     10.71     -4.52    14.047      58938
2015  3 16  7  2  0    0     3.71    -0.78    12.04    -362.3     10.67     -4.71    14.489      65457
2015  3 16  7  3  0    0     3.86    -1.43    11.95    -362.2      9.92     -5.11    14.476      65163
2015  3 16  7  4  0    0     3.83    -1.53    11.96    -362.1      9.38     -5.61    14.243      64316
2015  3 16  7  5  0    0     3.94    -1.58    11.94    -362.2      9.56     -5.68    14.000      63434
2015  3 16  7  6  0    0     4.13    -1.65    11.92    -362.2     10.35     -5.56    13.762      62569
2015  3 16  7  7  0    0     4.30    -1.67    11.92    -361.9     11.14     -5.84    13.539      61759
2015  3 16  7  8  0    0     4.40    -1.67    11.88    -361.9     11.51     -6.00    13.301      60898
2015  3 16  7  9  0    0     4.52    -1.61    11.85    -361.4     12.49     -5.94    13.084      60110
2015  3 16  7 10  0    0     4.49    -1.57    11.80    -361.8     12.88     -6.15    12.833      59197
2015  3 16  7 11  0    0     4.44    -1.71    11.78    -362.3     13.05     -6.47    12.574      58257
2015  3 16  7 12  0    0     4.29    -1.92    11.77    -363.1     12.08     -7.01    12.305      57283
2015  3 16  7 13  0    0     4.28    -1.99    11.77    -363.3     11.12     -7.86    12.057      56383
2015  3 16  7 14  0    0     4.37    -2.14    11.78    -363.7     10.09     -8.47    11.801      55453
2015  3 16  7 15  0    0     4.50    -2.21    11.78    -363.8      9.44     -9.22    11.562      54586
2015  3 16  7 16  0    0     4.84    -2.26    11.75    -364.1      9.40     -9.78    11.315      53689
2015  3 16  7 17  0    0     5.12    -2.27    11.67    -364.1      9.51    -10.08    11.077      52825
2015  3 16  7 18  0    0     5.06    -2.40    11.65    -364.1      9.54    -10.90    10.838      52549
2015  3 16  7 19  0    0     5.00    -2.85    11.56    -364.2      8.27    -12.06    10.771      52873
2015  3 16  7 20  0    0     4.96    -3.30    11.47    -363.9      6.97    -12.81    11.515      59634
2015  3 16  7 21  0    0     4.92    -3.71    11.33    -363.7      4.90    -13.64    12.888      67255
2015  3 16  7 22  0    0     4.77    -4.07    11.32    -363.1      3.75    -14.36    13.503      69847
2015  3 16  7 23  0    0     4.65    -4.27    11.35    -362.6      3.66    -14.56    13.407      68723
2015  3 16  7 24  0    0     4.73    -4.79    11.00    -362.2      2.89    -13.49    13.190      67110
2015  3 16  7 25  0    0     4.92    -5.84    10.29    -361.4      1.50    -11.71    13.002      66929
2015  3 16  7 26  0    0     5.20    -6.36     9.92    -360.7      1.29    -11.37    13.000      67121
2015  3 16  7 27  0    0     5.24    -6.50     9.85    -360.5      0.46    -11.48    12.980      68943
2015  3 16  7 28  0    0     5.04    -6.53     9.91    -360.5      0.10    -11.76    12.831      69430
2015  3 16  7 29  0    0     5.05    -6.47     9.85    -360.6     -1.00    -11.57    12.560      69339
2015  3 16  7 30  0    0     5.18    -6.76     9.64    -361.8     -0.84    -12.44    13.291      67039
2015  3 16  7 31  0    0     5.06    -7.12     9.04    -362.7      1.16    -14.23    15.492      63021
2015  3 16  7 32  0    0     4.95    -7.43     8.05    -363.8      3.07    -15.20    16.971      59371
2015  3 16  7 33  0    0     5.04    -7.42     7.69    -364.2      3.36    -15.34    17.692      56760
2015  3 16  7 34  0    0     5.26    -7.14     7.56    -364.4      3.69    -14.59    18.363      55620
2015  3 16  7 35  0    0     5.39    -7.06     7.49    -364.4      3.73    -13.84    19.695      54603
2015  3 16  7 36  0    0     5.40    -7.02     7.37    -364.5      4.05    -13.70    21.159      54293
2015  3 16  7 37  0    0     5.43    -7.06     7.46    -364.4      4.61    -14.63    21.926      54501
2015  3 16  7 38  0    0     5.60    -7.34     7.53    -364.9      7.50    -15.12    21.754      56322
2015  3 16  7 39  0    0     5.82    -7.60     7.39    -365.8      8.50    -14.86    19.381      62502
2015  3 16  7 40  0    0     6.27    -8.35     6.63    -365.6      7.75    -14.87    16.828      62733
2015  3 16  7 41  0    0     6.28    -8.83     6.08    -364.8      6.11    -15.06    14.917      62688
2015  3 16  7 42  0    0     6.13    -9.07     5.93    -364.2      4.40    -15.36    14.495      62676
2015  3 16  7 43  0    0     6.06    -9.25     6.10    -363.9      3.65    -15.48    14.573      63292
2015  3 16  7 44  0    0     6.13    -9.20     6.36    -363.4      2.68    -14.70    14.606      63897
2015  3 16  7 45  0    0     6.18    -9.11     6.53    -363.0      1.93    -14.06    14.543      64094
2015  3 16  7 46  0    0     6.18    -9.23     6.31    -362.8      2.16    -13.58    14.318      63772
2015  3 16  7 47  0    0     6.20    -9.64     5.58    -362.6      4.21    -11.88    13.963      62242
2015  3 16  7 48  0    0     6.20   -10.10     4.76    -362.3      6.22     -9.98    13.397      60148
2015  3 16  7 49  0    0     6.05   -10.35     4.08    -361.7      5.61     -9.15    12.569      58795
2015  3 16  7 50  0    0     5.77   -10.46     3.43    -360.9      5.11     -8.32    11.940      57639
2015  3 16  7 51  0    0     5.55   -10.71     3.00    -360.2      5.17     -8.12    11.942      57033
2015  3 16  7 52  0    0     5.04   -10.94     1.18    -360.4      5.73     -7.97    11.958      56316
2015  3 16  7 53  0    0     5.04   -10.86     1.00    -360.7      6.18     -7.24    11.942      56471
2015  3 16  7 54  0    0     4.77   -10.13     1.09    -363.2      7.59     -6.84    11.686      58356
2015  3 16  7 55  0    0     4.80   -10.61     0.71    -362.8      8.65     -7.43    11.532      58862
2015  3 16  7 56  0    0     4.85   -11.31     0.41    -362.6      5.39     -9.32    11.672      58862
2015  3 16  7 57  0    0     4.93   -11.38     0.81    -362.4      0.53    -12.27    12.287      59425
2015  3 16  7 58  0    0     5.04   -11.12     1.65    -362.0     -0.16    -14.24    12.974      60304
2015  3 16  7 59  0    0     5.07   -10.99     1.98    -361.6      0.15    -13.88    12.963      60304
2015  3 16  8  0  0    0     5.04   -10.87     1.84    -362.0      1.16    -12.77    12.941      61085
2015  3 16  8  1  0    0     4.99   -10.83     1.49    -362.0      1.40    -12.32    12.922      63166
2015  3 16  8  2  0    0     4.97   -10.80     1.95    -362.0      1.48    -12.30    12.759      64201
2015  3 16  8  3  0    0     4.90   -10.76     2.64    -362.2      1.60    -12.03    12.476      64201
2015  3 16  8  4  0    0     4.97   -10.43     3.23    -362.4      2.60    -11.02    12.328      63974
2015  3 16  8  5  0    0     4.98    -9.73     4.15    -362.6      5.19     -8.47    11.613      63602
2015  3 16  8  6  0    0     4.66    -9.05     5.01    -364.0      6.67     -6.58    10.844      67172
2015  3 16  8  7  0    0     4.48    -9.04     5.17    -364.7      6.50     -7.10    10.805      72695
2015  3 16  8  8  0    0     4.41    -9.45     5.58    -365.0      5.63     -7.33    10.762      73723
2015  3 16  8  9  0    0     4.39    -9.61     5.80    -365.1      4.38     -7.73    10.855      68719
2015  3 16  8 10  0    0     4.28    -9.60     5.85    -364.8      3.01     -7.93    11.246      54930
2015  3 16  8 11  0    0     4.28    -9.54     6.00    -364.7      3.41     -8.33    11.454      51645
2015  3 16  8 12  0    0     4.33    -9.67     5.80    -364.9      3.56     -8.25    11.793      52219
2015  3 16  8 13  0    0     4.73   -10.37     4.76    -366.0      3.59     -7.38    13.139      54507
2015  3 16  8 14  0    0     4.74   -10.01     5.15    -368.5      8.60    -10.67    16.477      67906
2015  3 16  8 15  0    0     4.95    -9.78     4.22    -369.6     12.51    -13.60    18.139      76770
2015  3 16  8 16  0    0     5.04    -9.67     3.93    -368.6     11.49    -14.01    17.581      76307
2015  3 16  8 17  0    0     4.98    -9.60     4.31    -367.2      9.25    -13.48    16.923      75697
2015  3 16  8 18  0    0     4.83    -9.44     5.08    -365.6      5.70    -12.32    16.510      75667
2015  3 16  8 19  0    0     4.81    -9.43     5.71    -364.9      3.32    -10.99    15.950      73335
2015  3 16  8 20  0    0     4.90    -9.44     5.78    -364.7      2.84    -10.89    15.298      72826
2015  3 16  8 21  0    0     4.90    -9.45     5.73    -364.7      2.83    -11.77    15.167      73899
2015  3 16  8 22  0    0     4.22    -9.07     6.22    -365.6      3.97    -12.47    15.754      86216
2015  3 16  8 23  0    0     3.00    -7.46     6.94    -368.3      7.82    -10.73    17.865     100973
2015  3 16  8 24  0    0     3.13    -7.25     7.10    -368.5      9.33    -10.10    17.707     101229
2015  3 16  8 25  0    0     3.31    -7.08     7.45    -368.7      9.64     -9.50    17.333      97942
2015  3 16  8 26  0    0     3.31    -6.81     7.66    -368.7      9.07     -9.54    17.100      90484
2015  3 16  8 27  0    0     3.23    -6.65     7.50    -367.9      6.88     -8.94    17.235      86285
2015  3 16  8 28  0    0     3.08    -6.65     7.21    -366.4      3.62     -7.66    17.627      86469
2015  3 16  8 29  0    0     2.67    -6.30     7.12    -364.9     -1.04     -6.41    18.914      88306
2015  3 16  8 30  0    0     2.18    -5.71     6.90    -363.4     -4.97     -5.58    20.200      94115
2015  3 16  8 31  0    0     2.84    -6.38     7.08    -362.0     -8.01     -4.31    21.438     101436
2015  3 16  8 32  0    0     4.88    -8.69     7.77    -360.8     -9.95     -2.19    22.430     107896
2015  3 16  8 33  0    0     4.71    -8.72     7.74    -359.3    -11.19      0.01    22.430     107896
2015  3 16  8 34  0    0     4.67    -8.73     7.73    -358.2    -11.40     -3.29    21.166     102026
2015  3 16  8 35  0    0     5.01    -8.75     7.20    -357.6    -10.97     -6.19    20.435      98969
2015  3 16  8 36  0    0     3.12    -4.76     4.52    -357.9     -9.83     -8.04    20.377      98969
2015  3 16  8 37  0    0     0.34    -0.06     1.32    -368.0      3.29    -18.45    20.234      86893
2015  3 16  8 38  0    0    -0.50     0.47     2.03    -369.9      4.06    -22.52    19.947      75488
2015  3 16  8 39  0    0    -0.94     0.50     4.60    -370.8      3.49    -23.61    18.611      66903
2015  3 16  8 40  0    0    -1.06     0.68     5.13    -369.7     -1.12    -21.57    18.303      65688
2015  3 16  8 41  0    0    -1.65     1.78     4.75    -368.8     -4.47    -19.65    18.391      66431
2015  3 16  8 42  0    0    -2.95     3.18     4.06    -369.3     -2.54    -18.29    18.727      67251
2015  3 16  8 43  0    0    -3.50     3.42     3.78    -369.7     -0.56    -18.49    18.897      65911
2015  3 16  8 44  0    0    -3.50     3.27     3.77    -370.1     -0.68    -19.63    18.719      63963
2015  3 16  8 45  0    0    -3.40     3.02     3.93    -370.2     -1.22    -19.92    18.648      63472
2015  3 16  8 46  0    0    -3.41     2.77     3.96    -368.4     -4.60    -19.75    18.644      63542
2015  3 16  8 47  0    0    -3.47     2.54     3.91    -365.9     -9.15    -19.50    18.638      63643
2015  3 16  8 48  0    0    -3.48     2.52     3.81    -363.9     -9.73    -18.13    18.594      63710
2015  3 16  8 49  0    0    -4.06     3.04     3.71    -362.8    -10.21    -16.67    18.562      64233
2015  3 16  8 50  0    0    -4.92     4.43     3.48    -362.5    -10.95    -15.07    18.509      65149
2015  3 16  8 51  0    0    -5.33     5.75     2.80    -362.3    -11.51    -14.20    18.237      66280
2015  3 16  8 52  0    0    -5.58     6.06     1.97    -362.2    -11.29    -15.62    17.905      72425
2015  3 16  8 53  0    0    -5.80     6.07     1.56    -361.6    -11.01    -18.30    18.062      84269
2015  3 16  8 54  0    0    -6.42     6.16     0.72    -361.5     -9.76    -20.41    18.450      91681
2015  3 16  8 55  0    0    -6.48     6.50     0.20    -361.5     -8.86    -19.98    18.594      91681
2015  3 16  8 56  0    0    -6.99     6.61    -0.50    -361.7     -5.82    -18.45    17.876      91193
2015  3 16  8 57  0    0    -7.79     6.54    -1.06    -361.4     -2.98    -17.17    16.267      88236
2015  3 16  8 58  0    0    -7.85     6.40    -0.54    -362.3     -2.63    -17.49    15.407      79100
2015  3 16  8 59  0    0    -7.91     6.34     0.13    -363.5     -2.64    -19.04    15.424      69504
2015  3 16  9  0  0    0    -7.84     6.14     0.49    -363.8     -2.05    -21.33    16.108      66512
2015  3 16  9  1  0    0    -7.31     6.11     1.37    -365.8     -0.38    -24.79    17.171      71108
2015  3 16  9  2  0    0    -7.30     6.17     1.22    -365.6     -0.13    -24.62    18.242      73196
2015  3 16  9  3  0    0    -7.32     6.42     0.88    -365.8     -0.47    -23.14    19.146      77393
2015  3 16  9  4  0    0    -6.91     6.21     0.82    -368.0      0.69    -23.35    19.145      93017
2015  3 16  9  5  0    0    -6.61     5.85     2.05    -370.0      3.55    -24.89    18.814     101205
2015  3 16  9  6  0    0    -6.37     5.52     3.60    -369.6      4.20    -28.17    18.390      94061
2015  3 16  9  7  0    0    -6.41     5.25     4.45    -368.6      4.54    -30.09    17.899      89409
2015  3 16  9  8  0    0    -6.89     5.16     4.64    -367.9      5.21    -29.56    17.358      90644
2015  3 16  9  9  0    0    -7.57     5.18     4.70    -368.5      6.43    -26.97    16.862      97088
2015  3 16  9 10  0    0    -7.67     5.12     4.94    -369.5      7.50    -24.38    16.587     102487
2015  3 16  9 11  0    0    -7.54     4.98     5.41    -369.7      7.78    -24.65    16.549      98921
2015  3 16  9 12  0    0    -7.48     4.99     5.68    -369.1      7.72    -25.23    16.528      95185
2015  3 16  9 13  0    0    -7.66     4.90     5.70    -368.3      8.30    -25.20    16.481      93540
2015  3 16  9 14  0    0    -8.15     4.42     5.46    -367.7      9.47    -25.12    16.550      91742
2015  3 16  9 15  0    0    -8.66     3.72     5.06    -366.6      9.94    -25.32    16.948      87804
2015  3 16  9 16  0    0    -8.66     3.19     4.93    -365.8      9.94    -26.41    17.897      87804
2015  3 16  9 17  0    0    -8.56     3.04     4.74    -365.2      9.18    -26.45    18.334      94646
2015  3 16  9 18  0    0    -8.59     2.73     4.51    -365.6      8.44    -26.95    18.379      95708
2015  3 16  9 19  0    0    -7.97     3.13     4.64    -366.4      7.02    -28.75    18.161      91880
2015  3 16  9 20  0    0    -6.76     4.26     4.99    -366.2      5.23    -30.62    17.880      87628
2015  3 16  9 21  0    0    -6.62     4.46     5.71    -366.1      6.97    -31.09    18.135      87732
2015  3 16  9 22  0    0    -6.65     4.18     5.70    -366.6      6.91    -29.61    18.608      93240
2015  3 16  9 23  0    0    -6.77     3.82     5.63    -365.6      6.39    -30.72    18.490      93240
2015  3 16  9 24  0    0    -6.87     3.91     5.70    -363.9      5.73    -33.06    18.285      82433
2015  3 16  9 25  0    0    -7.16     4.35     6.13    -363.6      5.34    -34.70    18.213      76109
2015  3 16  9 26  0    0    -7.35     4.64     6.60    -364.0      5.40    -35.20    18.495      75948
2015  3 16  9 27  0    0    -7.31     4.61     6.85    -363.9      5.88    -35.57    19.089      76349
2015  3 16  9 28  0    0    -7.28     4.49     6.96    -363.7      6.37    -36.08    19.662      77198
2015  3 16  9 29  0    0    -6.80     4.53     7.56    -365.5      5.91    -37.17    19.847      80228
2015  3 16  9 30  0    0    -5.78     4.37     7.74    -369.8      7.83    -37.07    20.026      93529
2015  3 16  9 31  0    0    -3.13     1.25     7.77    -378.7     18.14    -34.10    22.652     104492
2015  3 16  9 32  0    0    -3.13     1.03     7.62    -378.6     19.61    -34.40    23.529     103399
2015  3 16  9 33  0    0    -3.33     0.77     7.69    -377.7     19.96    -34.65    23.589     103399
2015  3 16  9 34  0    0    -3.45     0.18     7.61    -377.0     20.17    -34.51    23.729     103399
2015  3 16  9 35  0    0    -3.39    -0.63     7.46    -376.6     20.76    -34.69    23.857      94019
2015  3 16  9 36  0    0    -3.45    -1.04     7.51    -376.0     21.03    -35.05    23.892      83437
2015  3 16  9 37  0    0    -3.70    -1.10     7.63    -375.6     21.20    -35.89    23.940      79554
2015  3 16  9 38  0    0    -4.04    -1.05     7.80    -375.3     21.73    -36.75    24.029      80641
2015  3 16  9 39  0    0    -4.22    -0.91     8.02    -375.0     22.28    -37.36    24.114      81563
2015  3 16  9 40  0    0    -4.30    -0.69     8.16    -374.4     22.63    -37.95    24.194      81563
2015  3 16  9 41  0    0    -4.43    -0.52     8.17    -373.9     22.96    -38.50    24.269      84929
2015  3 16  9 42  0    0    -4.42    -0.50     8.11    -373.4     23.23    -39.41    24.321      94427
2015  3 16  9 43  0    0    -4.08    -0.76     7.90    -373.2     23.71    -41.31    24.367     100573
2015  3 16  9 44  0    0    -3.67    -1.34     7.56    -374.0     24.76    -41.70    24.254      97891
2015  3 16  9 45  0    0    -3.58    -1.45     7.73    -374.7     23.35    -42.65    23.833      87368
2015  3 16  9 46  0    0    -3.44    -1.62     8.01    -374.5     22.43    -43.29    23.133      79980
2015  3 16  9 47  0    0    -3.17    -1.89     7.94    -373.9     21.65    -42.25    22.428      78443
2015  3 16  9 48  0    0    -3.03    -2.17     7.86    -373.0     21.33    -41.76    22.000      78761
2015  3 16  9 49  0    0    -2.93    -2.24     7.72    -372.6     20.60    -41.25    21.984      80437
2015  3 16  9 50  0    0    -2.81    -1.72     7.68    -372.6     19.79    -41.05    22.738      81514
2015  3 16  9 51  0    0    -2.95    -1.04     7.78    -373.4     18.55    -41.41    24.092      81123
2015  3 16  9 52  0    0    -2.90    -1.03     7.89    -373.6     21.01    -42.54    24.313      78827
2015  3 16  9 53  0    0    -2.92    -0.93     7.84    -372.9     20.36    -43.18    24.068      75995
2015  3 16  9 54  0    0    -3.01    -0.93     7.84    -371.3     19.59    -43.18    23.740      75995
2015  3 16  9 55  0    0    -2.96    -0.91     7.84    -370.1     18.09    -42.59    23.439      76087
2015  3 16  9 56  0    0    -2.73    -1.10     7.77    -370.2     18.06    -42.34    22.540      83328
2015  3 16  9 57  0    0    -2.56    -1.56     7.75    -372.1     18.62    -42.03    21.693      86009
2015  3 16  9 58  0    0     0.93    -5.24     7.62    -385.1     32.35    -44.44    25.024      62653
2015  3 16  9 59  0    0     0.30    -5.18     7.36    -384.4     32.29    -45.51    25.527      62653
2015  3 16 10  0  0    0     0.37    -4.99     7.26    -384.2     31.84    -45.62    26.141      72392
2015  3 16 10  1  0    0     0.87    -5.39     6.74    -385.5     33.21    -44.09    25.872      79184
2015  3 16 10  2  0    0     1.98    -6.45     5.68    -387.4     34.67    -41.03    25.504      78016
2015  3 16 10  3  0    0     2.50    -6.82     5.50    -386.3     34.56    -40.29    25.661      75998
2015  3 16 10  4  0    0     3.04    -6.92     5.84    -384.3     34.38    -38.53    25.854      74721
2015  3 16 10  5  0    0     3.25    -7.27     5.86    -381.6     32.08    -34.82    25.864      74552
2015  3 16 10  6  0    0     3.43    -7.61     5.84    -379.1     29.98    -31.60    25.863      74381
2015  3 16 10  7  0    0     3.46    -7.87     5.74    -378.2     29.43    -31.42    25.855      73905
2015  3 16 10  8  0    0     3.38    -7.92     5.53    -377.1     28.00    -31.72    25.732      73905
2015  3 16 10  9  0    0     3.21    -7.95     5.55    -376.8     26.47    -33.22    25.487      75469
2015  3 16 10 10  0    0     3.12    -7.97     5.62    -376.7     24.95    -34.84    25.542      75935
2015  3 16 10 11  0    0     2.93    -7.92     5.70    -375.5     23.56    -36.10    25.770      76063
2015  3 16 10 12  0    0     2.97    -7.84     5.70    -373.8     22.38    -36.70    25.170      76160
2015  3 16 10 13  0    0     3.38    -7.76     5.56    -372.0     21.46    -36.50    23.381      76160
2015  3 16 10 14  0    0     3.51    -8.26     4.79    -370.9     18.27    -32.16    18.185      76160
2015  3 16 10 15  0    0     3.44    -9.56     3.77    -371.5     15.86    -31.09    15.906      71438
2015  3 16 10 16  0    0     2.42    -9.94     3.83    -371.8     15.43    -31.77    15.880      71036
2015  3 16 10 17  0    0     1.97    -9.59     4.17    -371.9     15.52    -35.76    16.599      76666
2015  3 16 10 18  0    0     2.02    -9.63     3.65    -372.3     17.23    -36.43    18.044      84407
2015  3 16 10 19  0    0     1.97    -9.99     2.55    -373.3     19.32    -36.12    17.217      84139
2015  3 16 10 20  0    0     1.80   -11.10     0.07    -373.7     19.12    -34.10    15.534      82973
2015  3 16 10 21  0    0     1.38   -11.89    -1.44    -373.9     17.46    -34.20    14.397      82287
2015  3 16 10 22  0    0     1.43   -12.12    -1.24    -373.6     16.64    -33.90    13.984      82141
2015  3 16 10 23  0    0     1.89   -11.60    -0.59    -376.5     19.61    -33.90    13.096      77822
2015  3 16 10 24  0    0     2.00   -11.63    -0.20    -378.2     20.83    -33.91    12.335      76349
2015  3 16 10 25  0    0     2.03   -11.91    -0.19    -378.9     19.68    -33.99    11.672      76469
2015  3 16 10 26  0    0     2.07   -12.02    -0.10    -378.9     18.76    -34.07    11.220      76544
2015  3 16 10 27  0    0     2.04   -12.19     0.05    -378.9     18.42    -34.22    11.111      77068
2015  3 16 10 28  0    0     1.97   -12.36     0.06    -379.7     18.99    -34.16    11.560      77784
2015  3 16 10 29  0    0     2.14   -12.56    -0.12    -380.6     21.15    -34.40    12.855      77614
2015  3 16 10 30  0    0     2.55   -12.55    -0.02    -380.5     23.45    -35.45    14.108      76481
2015  3 16 10 31  0    0     3.04   -12.56     0.46    -379.9     24.16    -36.30    14.866      74915
2015  3 16 10 32  0    0     3.29   -12.63     0.92    -378.8     23.23    -36.52    15.075      74824
2015  3 16 10 33  0    0     3.40   -12.56     1.47    -377.9     23.46    -36.35    15.813      74943
2015  3 16 10 34  0    0     3.73   -12.42     1.92    -376.6     23.93    -35.79    16.791      75894
2015  3 16 10 35  0    0     4.44   -12.14     2.39    -376.0     23.37    -35.24    17.784      76558
2015  3 16 10 36  0    0     5.36   -11.67     3.09    -376.3     20.89    -35.15    18.883      76756
2015  3 16 10 37  0    0     6.35   -11.02     4.11    -377.6     19.67    -36.07    20.117      74549
2015  3 16 10 38  0    0     6.59   -10.98     4.32    -378.0     19.58    -36.46    20.882      71949
2015  3 16 10 39  0    0     6.46   -11.29     4.58    -378.0     19.58    -36.46    21.283      71906
2015  3 16 10 40  0    0     6.33   -11.48     4.82    -378.3     20.07    -36.36    21.780      74112
2015  3 16 10 41  0    0     6.16   -11.52     5.14    -378.4     20.60    -36.61    19.144      80676
2015  3 16 10 42  0    0     6.11   -11.56     5.42    -378.3     20.54    -37.29    19.142      81367
2015  3 16 10 43  0    0     6.26   -11.47     5.49    -377.4     20.42    -37.39    19.057      81597
2015  3 16 10 44  0    0     6.36   -11.38     5.57    -376.8     20.21    -37.17    18.807      81627
2015  3 16 10 45  0    0     6.44   -11.28     5.74    -376.0     20.88    -35.88    18.598      81061
2015  3 16 10 46  0    0     6.52   -11.08     5.98    -374.9     21.89    -34.66    18.515      79312
2015  3 16 10 47  0    0     6.79   -10.72     6.39    -374.2     22.70    -34.03    18.553      77114
2015  3 16 10 48  0    0     7.35   -10.18     7.18    -374.2     22.68    -34.36    18.846      75269
2015  3 16 10 49  0    0     7.76    -9.68     7.98    -374.5     21.96    -35.37    19.212      73428
2015  3 16 10 50  0    0     8.09    -9.28     8.45    -374.8     20.88    -35.91    19.049      72038
2015  3 16 10 51  0    0     8.28    -8.90     8.73    -375.3     20.00    -35.90    18.701      71533
2015  3 16 10 52  0    0     8.16    -8.80     8.82    -375.4     20.25    -35.59    18.613      71641
2015  3 16 10 53  0    0     7.95    -8.75     8.89    -375.1     20.82    -35.22    18.842      72104
2015  3 16 10 54  0    0     7.87    -8.59     8.90    -375.5     21.05    -35.66    19.309      74546
2015  3 16 10 55  0    0     8.02    -8.29     8.89    -376.0     21.17    -36.01    19.682      76379
2015  3 16 10 56  0    0     8.10    -8.16     8.89    -375.7     21.24    -35.36    19.791      76585
2015  3 16 10 57  0    0     8.06    -8.06     8.87    -375.3     21.24    -35.03    19.775      76984
2015  3 16 10 58  0    0     7.98    -7.89     8.93    -375.3     21.61    -34.95    19.655      77268
2015  3 16 10 59  0    0     7.88    -7.63     9.10    -375.4     21.86    -34.45    19.609      76383
2015  3 16 11  0  0    0     7.82    -7.14     9.44    -375.7     21.95    -34.09    19.883      74915
2015  3 16 11  1  0    0     7.77    -6.84     9.64    -376.0     22.15    -34.08    20.461      73932
2015  3 16 11  2  0    0     7.64    -6.66     9.73    -376.3     22.33    -34.08    20.704      73804
2015  3 16 11  3  0    0     7.50    -6.40     9.83    -376.2     22.43    -34.13    20.595      73541
2015  3 16 11  4  0    0     7.42    -6.22    10.01    -375.6     23.00    -34.29    20.238      73673
2015  3 16 11  5  0    0     7.30    -6.20    10.13    -375.4     23.35    -34.88    19.871      74030
2015  3 16 11  6  0    0     7.02    -6.24    10.18    -375.9     23.77    -35.54    19.588      75207
2015  3 16 11  7  0    0     6.80    -6.31    10.24    -376.1     23.83    -35.76    19.359      76649
2015  3 16 11  8  0    0     6.68    -6.34    10.34    -376.0     23.53    -35.85    19.109      77503
2015  3 16 11  9  0    0     6.67    -6.23    10.41    -375.7     23.57    -36.04    19.080      77734
2015  3 16 11 10  0    0     6.86    -5.90    10.43    -374.4     23.80    -36.11    19.262      76575
2015  3 16 11 11  0    0     7.12    -5.34    10.43    -372.9     24.03    -36.00    19.514      74609
2015  3 16 11 12  0    0     7.05    -4.52    10.44    -372.8     24.22    -35.73    19.826      73495
2015  3 16 11 13  0    0     6.66    -4.42    10.54    -373.7     24.64    -35.75    20.365      73495
2015  3 16 11 14  0    0     6.41    -4.22    10.63    -373.9     25.19    -35.39    20.810      73490
2015  3 16 11 15  0    0     6.45    -3.93    10.65    -373.8     25.39    -34.98    21.214      73473
2015  3 16 11 16  0    0     6.61    -3.69    10.57    -373.0     25.44    -34.85    21.261      73385
2015  3 16 11 17  0    0     6.93    -3.42    10.37    -372.6     25.77    -35.40    21.623      72899
2015  3 16 11 18  0    0     7.22    -2.59    10.19    -373.4     26.72    -36.75    22.528      71991
2015  3 16 11 19  0    0     7.10    -1.62    10.21    -374.7     26.75    -37.33    22.904      70242
2015  3 16 11 20  0    0     6.96    -1.19    10.24    -374.8     26.84    -37.90    23.200      69528
2015  3 16 11 21  0    0     6.80    -0.95    10.18    -374.5     27.02    -38.34    23.052      69695
2015  3 16 11 22  0    0     6.52    -0.86     9.99    -374.2     27.43    -38.51    23.242      69938
2015  3 16 11 23  0    0     5.85    -1.32     9.90    -373.7     27.85    -38.32    23.933      68424
2015  3 16 11 24  0    0     4.47    -2.59    10.02    -372.5     27.69    -38.16    24.990      64461
2015  3 16 11 25  0    0     4.22    -2.80     9.91    -372.9     27.09    -38.50    25.832      64578
2015  3 16 11 26  0    0     4.19    -3.31     9.92    -373.5     26.84    -39.25    27.031      65450
2015  3 16 11 27  0    0     3.77    -3.69     9.89    -373.7     26.45    -38.58    29.090      66108
2015  3 16 11 28  0    0     3.26    -4.00    10.03    -373.4     26.35    -39.07    29.783      66302
2015  3 16 11 29  0    0     2.82    -4.43    10.14    -372.8     26.16    -38.93    29.709      66402
2015  3 16 11 30  0    0     2.45    -4.69    10.18    -372.4     26.50    -38.84    29.737      66422
2015  3 16 11 31  0    0     2.30    -4.63    10.18    -372.4     27.27    -38.95    29.798      66566
2015  3 16 11 32  0    0     2.28    -4.63    10.14    -372.7     27.37    -39.18    29.828      66931
2015  3 16 11 33  0    0     2.35    -4.59    10.13    -372.9     27.61    -39.07    30.142      67281
2015  3 16 11 34  0    0     2.55    -4.43    10.15    -373.1     28.39    -39.37    30.662      67652
2015  3 16 11 35  0    0     2.40    -4.64    10.02    -373.1     28.79    -40.15    30.663      68244
2015  3 16 11 36  0    0     2.24    -4.79    10.01    -372.7     28.79    -39.48    30.410      68985
2015  3 16 11 37  0    0     2.18    -5.08    10.16    -372.7     28.69    -39.83    29.705      69412
2015  3 16 11 38  0    0     2.07    -5.31    10.16    -372.7     28.52    -38.89    29.219      70021
2015  3 16 11 39  0    0     2.04    -5.34    10.06    -372.7     26.76    -37.48    29.142      71000
2015  3 16 11 40  0    0     1.93    -5.12    10.18    -373.2     27.08    -37.83    28.912      72443
2015  3 16 11 41  0    0     1.87    -4.81    10.44    -373.9     27.06    -38.25    28.305      74414
2015  3 16 11 42  0    0     1.71    -4.43    10.32    -374.0     27.31    -40.43    27.517      76241
2015  3 16 11 43  0    0     1.38    -3.98     9.82    -374.5     26.94    -43.67    26.663      78006
2015  3 16 11 44  0    0     1.11    -3.28    10.00    -374.2     26.59    -44.13    25.588      78889
2015  3 16 11 45  0    0     0.83    -2.63    10.29    -373.9     26.39    -44.44    24.937      77670
2015  3 16 11 46  0    0     0.78    -2.22    10.31    -373.7     26.59    -44.76    25.938      74775
2015  3 16 11 47  0    0     0.79    -2.05    10.39    -373.1     26.79    -44.62    26.480      74342
2015  3 16 11 48  0    0     0.83    -1.30    10.82    -372.8     26.74    -45.01    26.755      73771
2015  3 16 11 49  0    0     0.80    -1.15    11.05    -372.8     26.67    -45.64    26.517      73771
2015  3 16 11 50  0    0     0.84    -0.97    11.12    -373.1     26.76    -46.55    25.950      73513
2015  3 16 11 51  0    0     0.64    -0.40    11.27    -373.3     27.05    -48.18    25.705      72300
2015  3 16 11 52  0    0     0.51    -0.39    11.39    -373.4     26.89    -49.26    25.693      72878
2015  3 16 11 53  0    0     0.52    -0.31    11.32    -373.3     26.35    -48.18    25.621      74835
2015  3 16 11 54  0    0     0.59     0.13    11.29    -372.4     24.94    -47.04    25.507      74833
2015  3 16 11 55  0    0     0.87     0.94    11.18    -373.7     23.03    -45.56    25.528      74156
2015  3 16 11 56  0    0     0.64     1.28    11.15    -373.3     22.21    -44.76    25.547      72391
2015  3 16 11 57  0    0     0.53     1.31    11.08    -372.9     22.47    -44.82    25.481      72048
2015  3 16 11 58  0    0     0.20     0.99    10.83    -372.6     23.71    -45.11    25.193      70260
2015  3 16 11 59  0    0     0.11     0.75    10.75    -372.4     23.06    -45.16    24.617      68689
2015  3 16 12  0  0    0    -0.26    -0.04    10.82    -371.0     23.64    -42.96    24.221      68488
2015  3 16 12  1  0    0    -0.49    -0.12    10.79    -370.3     22.72    -40.58    23.830      67881
2015  3 16 12  2  0    0    -0.82     0.54    10.25    -369.8     21.62    -39.50    23.636      67931
2015  3 16 12  3  0    0    -0.93     0.75     9.99    -369.8     20.52    -39.34    23.636      67810
2015  3 16 12  4  0    0    -0.39     0.15    10.48    -371.3     19.77    -39.99    23.969      67583
2015  3 16 12  5  0    0    -0.66     0.23    10.62    -370.9     19.28    -41.75    24.219      66877
2015  3 16 12  6  0    0    -0.88     0.53    10.62    -370.0     18.45    -42.92    24.286      66589
2015  3 16 12  7  0    0    -1.00     0.70    10.54    -369.2     17.61    -43.26    24.265      66524
2015  3 16 12  8  0    0    -1.25     1.01    10.41    -368.8     17.12    -43.08    24.108      66948
2015  3 16 12  9  0    0    -1.53     1.32    10.33    -368.7     17.45    -43.09    23.846      67866
2015  3 16 12 10  0    0    -1.54     1.26    10.32    -369.0     18.19    -43.58    23.653      68385
2015  3 16 12 11  0    0    -1.52     1.15    10.22    -369.0     18.92    -43.84    23.465      68193
2015  3 16 12 12  0    0    -1.63     1.16    10.11    -368.5     18.90    -43.75    23.012      66695
2015  3 16 12 13  0    0    -2.01     1.35    10.07    -367.7     17.57    -43.66    22.474      64931
2015  3 16 12 14  0    0    -2.73     1.78    10.02    -366.5     15.61    -43.61    22.247      65616
2015  3 16 12 15  0    0    -3.35     2.81     9.93    -364.4     13.10    -42.92    22.267      70186
2015  3 16 12 16  0    0    -3.97     3.32     9.73    -362.1     11.98    -42.97    22.342      74112
2015  3 16 12 17  0    0    -4.58     3.47     9.44    -359.6     11.85    -43.54    22.455      77578
2015  3 16 12 18  0    0    -4.66     3.52     9.36    -359.0     11.62    -43.10    21.565      78213
2015  3 16 12 19  0    0    -4.38     4.21     9.30    -359.1     10.95    -41.07    20.841      75659
2015  3 16 12 20  0    0    -4.52     4.68     9.09    -360.3     10.36    -42.91    20.616      75070
2015  3 16 12 21  0    0    -4.44     4.93     8.99    -360.6     10.48    -42.41    20.660      75673
2015  3 16 12 22  0    0    -4.42     4.86     8.98    -361.0     10.86    -41.08    20.933      77029
2015  3 16 12 23  0    0    -4.40     5.05     8.90    -361.6     11.11    -40.70    20.903      77016
2015  3 16 12 24  0    0    -4.46     5.56     8.75    -362.2     10.14    -40.73    20.913      75647
2015  3 16 12 25  0    0    -4.60     5.56     8.69    -361.9      8.12    -40.36    20.977      72481
2015  3 16 12 26  0    0    -4.65     5.54     8.59    -360.9      7.20    -40.12    20.625      70806
2015  3 16 12 27  0    0    -4.77     5.54     8.54    -359.6      6.08    -40.35    20.015      70525
2015  3 16 12 28  0    0    -5.03     5.77     8.02    -358.6      5.07    -39.46    19.921      70483
2015  3 16 12 29  0    0    -5.04     5.88     7.82    -358.2      4.15    -39.02    19.807      70145
2015  3 16 12 30  0    0    -4.35     5.85     8.00    -359.8      4.14    -39.28    20.470      69968
2015  3 16 12 31  0    0    -4.30     6.00     7.73    -359.9      4.17    -38.35    19.686      70070
2015  3 16 12 32  0    0    -4.90     7.27     6.81    -359.2      0.96    -37.15    19.354      71144
2015  3 16 12 33  0    0    -5.07     7.55     6.26    -359.2      0.56    -36.07    19.347      77092
2015  3 16 12 34  0    0    -5.42     7.72     5.85    -360.5      1.90    -34.76    21.601      79197
2015  3 16 12 35  0    0    -5.38     7.64     5.60    -359.8      3.04    -34.31    22.109      90338
2015  3 16 12 36  0    0    -5.13     7.35     5.90    -360.2      3.78    -34.02    22.660      92477
2015  3 16 12 37  0    0    -5.09     7.07     6.16    -361.7      4.15    -33.67    22.848      92824
2015  3 16 12 38  0    0    -5.13     7.04     6.10    -361.2      5.52    -35.46    23.118      92644
2015  3 16 12 39  0    0    -5.32     6.76     5.84    -359.6      7.76    -39.31    23.559      91923
2015  3 16 12 40  0    0    -5.64     5.88     7.09    -358.7      6.78    -37.99    23.651      91827
2015  3 16 12 41  0    0    -5.74     5.56     7.84    -358.7      5.16    -36.66    23.898      92873
2015  3 16 12 42  0    0    -5.89     5.33     7.63    -359.5      5.69    -35.03    25.355      93247
2015  3 16 12 43  0    0    -5.77     4.92     7.57    -361.4      7.77    -32.71    25.334      92930
2015  3 16 12 44  0    0    -5.33     3.58     8.16    -363.7     10.89    -31.82    24.684      94822
2015  3 16 12 45  0    0    -5.16     2.92     8.03    -365.0     10.69    -29.30    24.347      98964
2015  3 16 12 46  0    0    -4.63     2.31     6.76    -365.2      6.18    -20.80    23.953      99553
2015  3 16 12 47  0    0    -3.65     0.68     5.27    -365.7      2.18    -16.36    23.609      95332
2015  3 16 12 48  0    0    -3.14    -0.60     5.02    -365.9      0.48    -14.55    22.882      90604
2015  3 16 12 49  0    0    -2.82    -0.56     4.26    -365.9      0.27    -13.33    22.067      88754
2015  3 16 12 50  0    0    -2.62    -0.74     3.81    -366.0      0.46    -14.88    19.252      86311
2015  3 16 12 51  0    0    -2.40    -0.87     3.56    -364.7      0.08    -16.33    18.169      86311
2015  3 16 12 52  0    0    -2.32    -1.09     3.16    -363.8     -1.08    -16.50    17.896      91449
2015  3 16 12 53  0    0    -2.13    -1.03     2.72    -364.0     -0.75    -16.44    18.025      94815
2015  3 16 12 54  0    0    -1.98    -0.73     2.89    -364.3      2.46    -19.09    18.166      94999
2015  3 16 12 55  0    0    -1.73    -0.78     3.04    -364.4      4.25    -22.58    18.307      92239
2015  3 16 12 56  0    0    -4.75     1.44     4.81    -368.9      8.24    -21.89    18.562      85284
2015  3 16 12 57  0    0    -6.46     2.05     6.49    -369.3      8.98    -20.35    18.619      83159
2015  3 16 12 58  0    0    -6.37     0.81     7.53    -369.2      9.93    -20.26    18.312      83561
2015  3 16 12 59  0    0    -6.20    -0.23     8.06    -368.2      9.83    -20.31    17.397      84468
2015  3 16 13  0  0    0    -5.85    -1.05     8.51    -367.4      8.76    -20.60    16.107      85426
2015  3 16 13  1  0    0    -5.25    -2.42     9.36    -367.6      8.58    -21.49    15.381      86081
2015  3 16 13  2  0    0    -4.89    -3.64     9.58    -368.0      9.96    -22.36    15.164      87670
2015  3 16 13  3  0    0    -4.70    -4.15     9.58    -369.4     10.45    -21.73    15.319      87897
2015  3 16 13  4  0    0    -4.07    -4.19     8.94    -371.7     10.95    -20.63    16.037      85376
2015  3 16 13  5  0    0    -3.27    -4.39     8.32    -372.1     10.70    -20.42    15.999      82944
2015  3 16 13  6  0    0    -0.79    -7.75     6.64    -372.2     -1.10    -15.48    15.844      82177
2015  3 16 13  7  0    0    -0.12    -8.42     6.20    -370.4     -1.65    -15.86    17.080      82177
2015  3 16 13  8  0    0     0.30    -8.70     6.01    -368.5     -2.43    -16.09    18.262      84249
2015  3 16 13  9  0    0     0.53    -8.69     6.02    -366.9     -3.47    -16.20    19.511      87983
2015  3 16 13 10  0    0     0.69    -8.56     6.16    -366.7     -5.10    -16.14    21.040      93602
2015  3 16 13 11  0    0     0.84    -8.75     5.83    -367.2     -6.35    -15.39    20.879      99264
2015  3 16 13 12  0    0     1.30    -9.32     5.41    -369.0     -5.88    -13.50    19.884     102390
2015  3 16 13 13  0    0     1.60    -9.54     5.34    -370.8     -3.59    -13.09    20.295     101488
2015  3 16 13 14  0    0     1.46    -9.03     5.08    -374.0      2.12    -14.54    22.156     101494
2015  3 16 13 15  0    0     1.00    -7.03     4.71    -374.3      5.00    -15.50    23.228     104272
2015  3 16 13 16  0    0     0.61    -5.30     4.63    -373.9      6.68    -15.96    23.601     108162
2015  3 16 13 17  0    0     0.59    -5.26     5.01    -373.1      8.34    -16.19    23.279     107605
2015  3 16 13 18  0    0     0.49    -5.09     5.88    -372.8      7.63    -15.42    22.695     104447
2015  3 16 13 19  0    0     0.44    -4.87     6.30    -372.5      3.96    -13.41    22.668     100922
2015  3 16 13 20  0    0     0.65    -5.71     6.42    -373.0      3.63    -11.93    22.888     101280
2015  3 16 13 21  0    0     0.87    -6.75     6.83    -373.6      5.12    -11.99    23.089     102993
2015  3 16 13 22  0    0     1.03    -6.99     6.70    -373.1      4.68    -11.68    22.831     102798
2015  3 16 13 23  0    0     1.09    -7.33     6.60    -373.3      3.06    -10.38    22.392     101865
2015  3 16 13 24  0    0     1.06    -7.41     6.35    -373.6      2.17     -9.63    22.249     102090
2015  3 16 13 25  0    0     0.99    -7.61     6.09    -373.3      2.53     -9.09    22.019     102843
2015  3 16 13 26  0    0     0.59    -7.68     5.68    -372.8      2.80     -8.91    21.674     103239
2015  3 16 13 27  0    0    -0.66    -6.89     5.20    -373.6      4.18    -10.88    21.095     102705
2015  3 16 13 28  0    0    -1.47    -5.90     5.11    -375.7      7.09    -12.95    19.426     100602
2015  3 16 13 29  0    0    -1.09    -6.06     4.64    -374.9      5.36    -12.50    18.548      98595
2015  3 16 13 30  0    0    -0.62    -6.40     4.29    -373.9      3.28    -11.76    18.239      95532
2015  3 16 13 31  0    0    -0.29    -7.10     4.12    -373.6      1.29    -10.32    17.945      92653
2015  3 16 13 32  0    0    -0.37    -7.51     3.86    -374.5     -1.66     -8.04    17.570      93666
2015  3 16 13 33  0    0    -0.86    -7.55     4.58    -375.7     -3.12     -7.02    16.841      95367
2015  3 16 13 34  0    0    -0.80    -7.41     5.08    -376.7     -4.28     -6.01    16.598      95530
2015  3 16 13 35  0    0    -0.66    -7.33     5.45    -376.4     -2.45     -5.68    16.565     100148
2015  3 16 13 36  0    0    -0.64    -7.11     6.14    -376.3     -1.19     -6.03    16.392     101951
2015  3 16 13 37  0    0    -0.38    -6.79     6.52    -376.3      0.77     -7.01    16.257     100326
2015  3 16 13 38  0    0    -0.31    -6.95     6.58    -376.6      0.20     -7.42    16.227      99629
2015  3 16 13 39  0    0    -0.54    -7.05     6.11    -376.7     -1.16     -9.13    16.006      99896
2015  3 16 13 40  0    0    -0.92    -7.12     5.36    -377.0     -1.93    -11.63    15.557     115491
2015  3 16 13 41  0    0    -1.45    -7.37     4.45    -377.5     -2.64    -11.45    15.523     129413
2015  3 16 13 42  0    0    -1.64    -7.93     4.62    -378.7     -5.12     -9.73    15.762     129973
2015  3 16 13 43  0    0    -2.00    -7.89     5.11    -379.2     -5.77     -7.12    16.095     117727
2015  3 16 13 44  0    0    -2.31    -8.18     5.42    -380.6     -5.27     -7.74    16.354     115228
2015  3 16 13 45  0    0    -2.33    -8.26     5.28    -382.6     -4.84     -8.88    16.419     113923
2015  3 16 13 46  0    0    -2.26    -8.12     5.10    -383.0     -4.66     -8.64    16.508     113923
2015  3 16 13 47  0    0    -1.89    -7.95     4.70    -382.8     -4.02     -9.49    16.753     125158
2015  3 16 13 48  0    0    -1.60    -7.87     4.40    -382.5     -2.00    -11.19    17.045     129311
2015  3 16 13 49  0    0    -1.49    -7.90     4.48    -383.1     -0.75    -11.40    17.301     119712
2015  3 16 13 50  0    0    -1.37    -8.02     5.34    -383.9      0.28     -9.94    17.058     105730
2015  3 16 13 51  0    0    -1.06    -8.11     5.89    -385.0      0.64     -8.92    15.973      91747
2015  3 16 13 52  0    0    -0.75    -8.17     5.89    -385.9     -0.45     -9.36    14.459      77765
2015  3 16 13 53  0    0    -1.81    -8.35     6.26    -387.3     -5.25     -7.35    12.826      63782
2015  3 16 13 54  0    0    -3.29    -8.31     7.41    -388.5     -5.81     -3.79    11.960      49799
2015  3 16 13 55  0    0    -3.71    -8.09     8.04    -392.5     -6.30     -0.08    11.564      35817
2015  3 16 13 56  0    0    -3.68    -8.19     7.87    -393.4     -7.70     -0.60    11.371      21834
2015  3 16 13 57  0    0    -3.70    -8.51     7.77    -392.1     -8.55     -1.14    11.272      20682
2015  3 16 13 58  0    0    -3.47    -8.76     7.73    -391.6     -9.27     -1.46    11.199      18885
2015  3 16 13 59  0    0    -3.28    -8.99     7.67    -390.0     -9.07     -1.46    11.355      17886
2015  3 16 14  0  0    0    -3.22    -9.18     7.44    -390.7    -10.68     -3.60    11.538      17636
2015  3 16 14  1  0    0    -3.22    -9.24     7.14    -391.0    -11.52     -5.22    10.960      19501
2015  3 16 14  2  0    0    -3.21    -9.38     6.98    -391.4    -11.61     -5.33    10.335      21965
2015  3 16 14  3  0    0    -2.42    -9.64     6.71    -390.0    -13.64     -6.35    10.234      24021
2015  3 16 14  4  0    0    -2.05    -9.88     6.44    -388.7    -14.69     -7.19    10.439      31295
2015  3 16 14  5  0    0    -1.94    -9.89     6.30    -387.7    -14.41     -7.48    10.756      39874
2015  3 16 14  6  0    0    -1.85    -9.71     6.30    -387.0    -13.08     -7.51    11.113      48453
2015  3 16 14  7  0    0    -1.66    -9.58     6.22    -386.6    -11.04     -7.68    11.638      57032
2015  3 16 14  8  0    0    -1.63    -9.54     6.01    -387.1     -8.30     -7.53    12.375      65612
2015  3 16 14  9  0    0    -1.76    -9.27     6.03    -387.8     -6.39     -6.60    12.778      71099
2015  3 16 14 10  0    0    -1.52    -9.01     6.02    -388.2     -3.98     -4.47    13.225      79218
2015  3 16 14 11  0    0    -1.36    -8.89     6.05    -389.0     -0.89     -2.10    13.736      83795
2015  3 16 14 12  0    0    -1.58    -8.14     6.52    -391.3      1.75     -0.06    13.965      80673
2015  3 16 14 13  0    0    -1.99    -7.46     6.65    -393.0      3.83      0.79    13.369      69559
2015  3 16 14 14  0    0    -2.26    -6.83     6.63    -393.3      3.34      0.44    12.993      59458
2015  3 16 14 15  0    0    -2.50    -6.32     6.81    -393.2      3.81      0.40    13.049      49356
2015  3 16 14 16  0    0    -2.71    -6.17     7.10    -393.9      4.02      0.50    13.603      39255
2015  3 16 14 17  0    0    -3.08    -6.21     7.30    -394.5      4.73      0.22    15.003      29153
2015  3 16 14 18  0    0    -3.26    -6.66     7.47    -394.3      5.53      0.10    16.747      19052
2015  3 16 14 19  0    0    -3.31    -7.38     7.85    -393.4      5.53      0.32    18.041      18257
2015  3 16 14 20  0    0    -3.30    -7.64     8.12    -392.8      5.25      0.32    18.952      17896
2015  3 16 14 21  0    0    -3.44    -7.51     8.33    -393.1      6.46      0.22    19.533      18060
2015  3 16 14 22  0    0    -4.09    -6.97     9.08    -394.8     10.75      0.00    19.161      18486
2015  3 16 14 23  0    0    -4.39    -6.79     9.44    -395.9     14.20     -0.28    18.203      18031
2015  3 16 14 24  0    0    -4.22    -6.84     9.46    -395.9     13.90     -0.43    17.893      17568
2015  3 16 14 25  0    0    -4.18    -6.77     9.48    -395.3     13.16     -0.67    17.855      17453
2015  3 16 14 26  0    0    -4.79    -6.11     9.58    -395.0     12.20     -0.56    17.938      17624
2015  3 16 14 27  0    0    -5.30    -5.66     9.58    -395.8     11.16     -0.31    18.424      17768
2015  3 16 14 28  0    0    -5.20    -6.00     9.29    -397.2     10.82     -0.23    18.884      17502
2015  3 16 14 29  0    0    -5.03    -6.78     9.20    -397.7     12.39     -0.55    18.925      17459
2015  3 16 14 30  0    0    -5.01    -7.08     9.09    -398.9     13.41     -0.18    19.615      19544
2015  3 16 14 31  0    0    -5.03    -7.09     9.24    -399.0     14.57      1.17    19.927      19997
2015  3 16 14 32  0    0    -5.00    -6.69     9.61    -398.9     14.89      1.35    19.797      19962
2015  3 16 14 33  0    0    -4.95    -6.39     9.79    -397.7     15.21      1.59    19.612      19700
2015  3 16 14 34  0    0    -4.86    -6.33     9.80    -397.9     12.86      2.02    19.384      19375
2015  3 16 14 35  0    0    -5.19    -6.27     9.80    -398.3     13.11      2.33    19.151      19043
2015  3 16 14 36  0    0    -5.28    -6.38     9.83    -399.2     12.93      2.74    18.900      18736
2015  3 16 14 37  0    0    -5.25    -6.34     9.93    -400.1     13.30      3.27    18.736      19038
2015  3 16 14 38  0    0    -5.24    -6.27    10.01    -400.2     13.79      3.29    18.900      20396
2015  3 16 14 39  0    0    -5.83    -4.97    10.46    -405.8     27.59      2.42    19.759      22753
2015  3 16 14 40  0    0    -6.14    -3.92    10.89    -406.1     27.72      2.30    19.887      22874
2015  3 16 14 41  0    0    -6.56    -3.17    10.97    -406.0     28.15      2.36    19.706      22788
2015  3 16 14 42  0    0    -6.74    -2.55    10.96    -406.5     30.90      3.23    19.385      21859
2015  3 16 14 43  0    0    -6.90    -2.00    10.74    -410.0     31.99      7.57    18.805      20351
2015  3 16 14 44  0    0    -6.98    -1.64    10.76    -411.0     32.00      9.22    18.498      19115
2015  3 16 14 45  0    0    -7.37    -1.54    10.91    -410.5     31.75      8.99    18.468      18022
2015  3 16 14 46  0    0    -7.51    -1.70    10.96    -410.3     31.31      8.88    18.473      17695
2015  3 16 14 47  0    0    -7.61    -2.21    10.93    -410.7     31.00      8.86    18.385      17963
2015  3 16 14 48  0    0    -7.66    -2.49    10.79    -412.2     30.88      9.27    18.273      18348
2015  3 16 14 49  0    0    -7.59    -2.40    10.68    -412.6     30.03      9.11    18.254      18361
2015  3 16 14 50  0    0    -7.67    -2.25    10.64    -412.3     29.99      8.95    18.254      17998
2015  3 16 14 51  0    0    -7.73    -2.12    10.78    -412.1     28.31      8.80    18.300      17980
2015  3 16 14 52  0    0    -7.82    -1.94    10.79    -411.8     28.34      8.85    18.398      18032
2015  3 16 14 53  0    0    -7.77    -1.93    10.74    -411.0     28.20      8.87    18.822      18384
2015  3 16 14 54  0    0    -7.71    -1.98    10.71    -410.2     27.88      8.90    19.283      18473
2015  3 16 14 55  0    0    -7.64    -1.98    10.69    -409.6     27.67      8.84    19.719      18478
2015  3 16 14 56  0    0    -7.57    -1.84    10.70    -408.7     28.00      8.18    21.394      19054
2015  3 16 14 57  0    0    -7.50    -1.63    10.69    -407.7     29.42      7.50    23.633      19977
2015  3 16 14 58  0    0    -7.44    -1.52    10.54    -407.6     31.86      7.59    24.765      20520
2015  3 16 14 59  0    0    -7.34    -1.48    10.35    -408.6     33.22      7.54    24.823      20363
2015  3 16 15  0  0    0    -7.32    -1.36    10.22    -409.2     33.40      7.10    24.650      19713
2015  3 16 15  1  0    0    -7.38    -1.19    10.15    -409.3     33.30      6.78    24.446      19075
2015  3 16 15  2  0    0    -7.36    -1.03    10.12    -409.3     33.44      6.58    24.388      18781
2015  3 16 15  3  0    0    -7.35    -0.89    10.03    -410.0     34.28      6.69    24.391      18702
2015  3 16 15  4  0    0    -7.37    -0.79     9.98    -410.4     34.34      6.81    24.023      19016
2015  3 16 15  5  0    0    -7.42    -0.64    10.02    -410.4     33.51      6.85    23.001      19827
2015  3 16 15  6  0    0    -7.46    -0.37    10.09    -410.5     32.59      6.78    22.170      20098
2015  3 16 15  7  0    0    -7.48    -0.12    10.13    -409.9     31.28      6.39    21.918      20098
2015  3 16 15  8  0    0    -7.55     0.10    10.13    -409.4     30.36      6.26    21.883      20259
2015  3 16 15  9  0    0    -7.64     0.28    10.10    -409.2     29.88      6.42    21.789      20378
2015  3 16 15 10  0    0    -7.79     0.58    10.05    -408.4     29.25      6.46    21.660      20388
2015  3 16 15 11  0    0    -7.95     0.98    10.02    -407.5     28.85      6.19    21.468      20411
2015  3 16 15 12  0    0    -7.97     1.23    10.03    -407.6     29.23      5.49    21.014      20580
2015  3 16 15 13  0    0    -7.95     1.29    10.13    -407.7     29.44      4.87    20.429      21042
2015  3 16 15 14  0    0    -7.95     1.41    10.24    -407.6     29.23      4.57    19.920      21352
2015  3 16 15 15  0    0    -7.93     1.40    10.33    -407.7     28.39      4.43    19.741      21226
2015  3 16 15 16  0    0    -7.86     1.09    10.53    -407.6     27.37      4.54    19.820      20988
2015  3 16 15 17  0    0    -7.77     0.86    10.67    -407.5     26.67      4.92    20.032      21216
2015  3 16 15 18  0    0    -7.79     0.89    10.67    -408.1     26.07      5.40    20.492      22737
2015  3 16 15 19  0    0    -7.88     1.02    10.60    -409.5     25.19      5.59    21.367      25134
2015  3 16 15 20  0    0    -7.92     1.06    10.46    -409.9     24.75      5.46    21.668      25722
2015  3 16 15 21  0    0    -7.93     1.17    10.35    -409.0     25.21      5.23    21.724      25484
2015  3 16 15 22  0    0    -7.96     1.33    10.27    -407.6     25.76      5.04    21.710      25224
2015  3 16 15 23  0    0    -7.99     1.55    10.17    -406.3     25.67      4.91    21.638      25138
2015  3 16 15 24  0    0    -8.02     1.99    10.06    -405.5     24.67      4.62    21.585      25138
2015  3 16 15 25  0    0    -8.08     2.00     9.93    -405.1     25.29      4.37    21.583      25138
2015  3 16 15 26  0    0    -8.12     2.28     9.78    -404.2     26.44      3.61    21.589      25286
2015  3 16 15 27  0    0    -8.13     3.12     9.53    -403.8     26.45      2.72    21.600      25309
2015  3 16 15 28  0    0    -8.10     4.00     9.30    -403.4     26.52      2.47    21.932      24711
2015  3 16 15 29  0    0    -8.11     4.33     9.18    -403.1     26.56      2.46    22.517      22621
2015  3 16 15 30  0    0    -8.12     4.55     9.12    -402.6     26.72      1.85    22.927      20387
2015  3 16 15 31  0    0    -8.10     4.81     8.97    -402.5     26.41      0.85    23.173      19585
2015  3 16 15 32  0    0    -8.07     5.02     8.83    -402.5     25.75      0.30    23.401      19360
2015  3 16 15 33  0    0    -8.05     5.09     8.79    -402.2     24.87      0.16    23.530      19226
2015  3 16 15 34  0    0    -8.02     5.21     8.73    -401.9     23.90      0.00    23.489      19023
2015  3 16 15 35  0    0    -8.03     5.54     8.69    -401.5     23.31     -0.18    23.183      18849
2015  3 16 15 36  0    0    -8.07     5.88     8.63    -401.1     22.66     -0.44    22.787      19385
2015  3 16 15 37  0    0    -8.10     5.91     8.52    -400.9     21.96     -0.66    22.612      20411
2015  3 16 15 38  0    0    -8.16     5.77     8.45    -400.8     21.52     -0.76    22.611      20913
2015  3 16 15 39  0    0    -8.26     5.72     8.33    -401.2     21.27     -0.88    22.607      21058
2015  3 16 15 40  0    0    -8.31     5.69     8.21    -401.7     21.12     -0.97    22.812      21486
2015  3 16 15 41  0    0    -8.31     5.57     8.21    -401.7     20.24     -1.16    23.162      21852
2015  3 16 15 42  0    0    -8.28     5.43     8.26    -401.4     19.85     -1.23    23.322      21855
2015  3 16 15 43  0    0    -8.25     5.31     8.34    -401.2     19.46     -1.37    22.970      21308
2015  3 16 15 44  0    0    -8.18     5.38     8.45    -400.9     19.28     -1.49    22.288      20291
2015  3 16 15 45  0    0    -8.09     5.71     8.54    -400.5     19.52     -1.45    22.082      19740
2015  3 16 15 46  0    0    -7.99     6.03     8.56    -400.3     20.08     -1.16    22.442      19528
2015  3 16 15 47  0    0    -7.88     6.23     8.56    -400.2     21.17     -0.58    22.644      19238
2015  3 16 15 48  0    0    -7.85     6.23     8.56    -400.2     20.55     -0.37    22.912      19433
2015  3 16 15 49  0    0    -7.81     6.12     8.64    -400.2     19.02     -0.21    23.873      20173
2015  3 16 15 50  0    0    -7.76     6.25     8.58    -400.0     17.86     -0.24    24.777      20844
2015  3 16 15 51  0    0    -7.74     6.50     8.46    -399.7     17.45     -0.44    24.864      20634
2015  3 16 15 52  0    0    -7.76     6.56     8.40    -399.1     18.54     -0.28    23.923      19690
2015  3 16 15 53  0    0    -7.79     6.75     8.37    -399.3     20.23     -0.26    22.200      18245
2015  3 16 15 54  0    0    -7.78     7.00     8.32    -398.6     21.00     -0.62    21.517      17603
2015  3 16 15 55  0    0    -7.50     7.62     8.12    -397.9     20.88     -0.99    21.641      17603
2015  3 16 15 56  0    0    -7.26     8.33     7.71    -397.7     20.32     -1.13    21.866      18569
2015  3 16 15 57  0    0    -7.15     8.43     7.55    -396.8     19.69     -1.15    22.034      20148
2015  3 16 15 58  0    0    -7.17     8.12     7.57    -397.2     20.26     -0.99    22.203      22755
2015  3 16 15 59  0    0    -7.30     7.86     7.59    -396.8     21.37     -1.75    24.300      28285
2015  3 16 16  0  0    0    -7.52     7.59     7.50    -396.4     22.00     -2.54    26.316      33552
2015  3 16 16  1  0    0    -7.67     7.27     7.57    -396.3     21.73     -2.58    26.111      36414
2015  3 16 16  2  0    0    -8.12     6.44     7.99    -397.2     20.86     -2.03    23.658      36943
2015  3 16 16  3  0    0    -8.73     3.98     8.52    -399.4     20.22     -1.05    22.145      34667
2015  3 16 16  4  0    0    -8.86     3.18     8.69    -399.8     19.60     -0.07    22.986      29054
2015  3 16 16  5  0    0    -8.82     3.33     8.74    -400.2     19.40      0.37    23.364      27238
2015  3 16 16  6  0    0    -8.76     3.39     8.76    -400.3     19.06      0.25    23.458      26960
2015  3 16 16  7  0    0    -8.70     3.47     8.72    -400.5     18.70     -0.06    23.719      26634
2015  3 16 16  8  0    0    -8.61     3.57     8.67    -400.6     18.77     -0.22    23.789      25688
2015  3 16 16  9  0    0    -8.49     3.45     8.82    -400.8     19.04     -0.24    23.491      25015
2015  3 16 16 10  0    0    -8.43     3.32     9.04    -400.3     18.73     -0.39    23.060      24827
2015  3 16 16 11  0    0    -8.44     3.39     9.07    -400.5     17.89     -0.65    22.716      24818
2015  3 16 16 12  0    0    -8.49     3.49     8.93    -400.1     17.85     -0.70    22.323      25109
2015  3 16 16 13  0    0    -8.53     3.57     8.75    -399.7     18.27     -0.42    22.024      26396
2015  3 16 16 14  0    0    -8.42     3.80     8.67    -399.4     19.99      0.60    21.594      28240
2015  3 16 16 15  0    0    -8.26     4.26     8.68    -399.8     19.83      0.99    21.363      28425
2015  3 16 16 16  0    0    -8.08     4.55     8.61    -400.4     20.28      1.00    21.373      30006
2015  3 16 16 17  0    0    -7.97     4.79     8.48    -400.5     21.37      0.66    21.399      32471
2015  3 16 16 18  0    0    -7.92     5.19     8.33    -400.4     22.36      0.53    21.488      32455
2015  3 16 16 19  0    0    -7.92     5.22     8.29    -400.2     22.65      0.36    21.780      32185
2015  3 16 16 20  0    0    -8.08     4.59     8.21    -399.8     22.61      0.03    22.138      31633
2015  3 16 16 21  0    0    -8.39     3.98     8.10    -399.2     22.02     -0.28    21.813      35825
2015  3 16 16 22  0    0    -8.23     3.52     8.01    -397.7     20.21     -2.16    19.490      56782
2015  3 16 16 23  0    0    -7.91     3.02     8.09    -396.2     18.68     -3.58    17.611      58179
2015  3 16 16 24  0    0    -7.79     2.93     8.30    -396.7     18.41     -2.17    19.296      41407
2015  3 16 16 25  0    0    -7.80     2.87     8.55    -397.6     17.77      0.09    22.331      32576
2015  3 16 16 26  0    0    -7.90     3.74     8.38    -397.3     16.82     -0.23    22.645      32213
2015  3 16 16 27  0    0    -8.08     3.56     8.01    -397.1     16.26     -0.94    22.238      33525
2015  3 16 16 28  0    0    -8.02     2.35     7.93    -397.0     16.80     -0.56    21.273      34713
2015  3 16 16 29  0    0    -8.32     0.85     8.20    -397.0     17.60     -0.01    20.075      36886
2015  3 16 16 30  0    0    -8.46    -0.08     8.36    -397.1     18.96      0.32    19.167      39087
2015  3 16 16 31  0    0    -8.05     0.82     8.58    -397.1     20.18     -0.11    18.591      41077
2015  3 16 16 32  0    0    -7.67     1.80     8.49    -396.6     20.97     -1.16    18.298      43201
2015  3 16 16 33  0    0    -7.61     2.41     8.46    -396.6     20.79     -0.77    17.903      43738
2015  3 16 16 34  0    0    -7.72     2.24     8.51    -396.3     19.86     -0.08    17.277      42985
2015  3 16 16 35  0    0    -7.82     1.90     8.62    -396.5     17.95     -0.70    16.490      42729
2015  3 16 16 36  0    0    -7.87     2.90     8.08    -396.3     17.28     -1.67    16.049      42729
2015  3 16 16 37  0    0    -7.96     4.01     6.99    -396.9     16.65     -1.78    15.960      39774
2015  3 16 16 38  0    0    -7.78     4.34     6.55    -398.0     16.72     -0.46    15.692      39170
2015  3 16 16 39  0    0    -7.38     5.23     6.70    -399.2     17.36      0.94    14.113      38323
2015  3 16 16 40  0    0    -7.45     5.27     6.81    -400.3     17.30      2.23    10.650      35210
2015  3 16 16 41  0    0    -7.77     5.10     7.14    -402.1     16.42      3.51     9.664      36882
2015  3 16 16 42  0    0    -7.97     5.06     7.48    -402.6     15.60      4.76    10.038      39119
2015  3 16 16 43  0    0    -8.02     4.98     7.61    -402.8     15.80      5.40    10.149      39648
2015  3 16 16 44  0    0    -7.95     4.87     7.72    -402.5     15.75      5.34    10.149      38999
2015  3 16 16 45  0    0    -7.82     4.83     7.77    -401.5     15.00      4.84    10.143      37866
2015  3 16 16 46  0    0    -7.76     5.02     7.74    -400.6     13.84      4.00    10.168      36536
2015  3 16 16 47  0    0    -7.85     5.38     7.66    -400.5     12.73      3.11    10.230      35396
2015  3 16 16 48  0    0    -7.86     5.25     7.69    -400.5     12.27      3.03    10.256      35055
2015  3 16 16 49  0    0    -7.79     4.97     7.82    -400.3     12.09      3.09    10.345      35192
2015  3 16 16 50  0    0    -7.84     5.54     7.68    -399.9     11.37      2.79    10.580      35732
2015  3 16 16 51  0    0    -7.92     7.42     7.01    -400.1     10.08      2.98    10.698      36703
2015  3 16 16 52  0    0    -7.92     7.93     6.32    -399.6      9.90      3.05    10.630      37370
2015  3 16 16 53  0    0    -7.90     7.65     6.25    -399.2      9.68      2.96    10.402      37370
2015  3 16 16 54  0    0    -7.87     6.05     7.01    -398.8      9.26      2.69    10.513      38750
2015  3 16 16 55  0    0    -7.82     4.73     7.70    -397.8      7.97      2.60    12.210      49100
2015  3 16 16 56  0    0    -7.48     2.81     8.72    -396.6      6.41      2.61    13.400      55906
2015  3 16 16 57  0    0    -7.12     1.33     9.23    -397.0      7.11      2.55    14.260      57561
2015  3 16 16 58  0    0    -6.78     1.09     9.31    -397.2      7.18      2.39    15.179      57445
2015  3 16 16 59  0    0    -6.56     0.63     9.43    -397.4      7.52      2.49    16.166      57306
2015  3 16 17  0  0    0    -6.61    -0.13     9.13    -397.0      7.65      3.22    17.042      57183
2015  3 16 17  1  0    0    -6.47    -0.61     8.36    -396.0      7.75      3.32    17.866      57067
2015  3 16 17  2  0    0    -6.27    -0.59     7.50    -395.3      7.73      3.19    18.717      56947
2015  3 16 17  3  0    0    -6.11    -0.49     6.76    -395.0      6.61      3.14    19.353      55245
2015  3 16 17  4  0    0    -6.01    -0.31     6.08    -395.5      5.73      3.11    21.145      50719
2015  3 16 17  5  0    0    -5.98    -0.02     5.75    -397.3      7.02      3.06    26.440      44454
2015  3 16 17  6  0    0    -6.15     0.32     5.77    -398.5      9.25      3.14    32.148      38763
2015  3 16 17  7  0    0    -5.93     0.70     5.97    -399.0     10.13      2.90    36.983      33809
2015  3 16 17  8  0    0    -5.83     0.84     6.36    -399.4     11.03      2.70    38.296      31471
2015  3 16 17  9  0    0    -5.85     0.78     6.94    -399.9     11.28      2.35    38.143      31289
2015  3 16 17 10  0    0    -5.97     0.74     7.13    -401.0     11.02      2.01    38.694      30983
2015  3 16 17 11  0    0    -6.10     1.00     7.20    -401.0     10.47      1.90    39.026      30255
2015  3 16 17 12  0    0    -6.45     1.41     7.38    -401.4     11.02      2.35    36.878      27992
2015  3 16 17 13  0    0    -6.86     1.89     7.76    -403.2     11.81      3.51    31.751      24345
2015  3 16 17 14  0    0    -7.14     2.44     7.87    -404.4     10.93      3.58    30.469      23435
2015  3 16 17 15  0    0    -7.20     2.69     7.93    -404.1     10.01      2.99    31.386      23408
2015  3 16 17 16  0    0    -7.14     2.74     7.95    -403.6      9.54      2.63    32.065      25676
2015  3 16 17 17  0    0    -7.05     2.74     7.87    -403.7      9.70      2.50    32.190      29417
2015  3 16 17 18  0    0    -7.16     3.19     7.82    -402.8      9.53      2.63    31.292      30237
2015  3 16 17 19  0    0    -7.28     2.88     8.15    -401.9      9.26      2.83    29.723      29582
2015  3 16 17 20  0    0    -7.30     1.11     8.90    -400.9      6.63      3.07    27.273      28509
2015  3 16 17 21  0    0    -7.20    -1.38     9.64    -400.2      2.06      3.34    24.442      27731
2015  3 16 17 22  0    0    -6.93    -2.78     9.81    -400.1     -0.14      3.57    22.872      27946
2015  3 16 17 23  0    0    -6.43    -3.39     9.63    -399.7     -0.18      3.89    22.248      28464
2015  3 16 17 24  0    0    -4.08    -4.89     8.70    -404.0      6.86      4.89    21.484      28107
2015  3 16 17 25  0    0    -3.74    -5.13     8.47    -405.0      9.72      4.72    21.541      27895
2015  3 16 17 26  0    0    -4.03    -4.95     8.40    -405.7     11.45      4.48    21.590      27531
2015  3 16 17 27  0    0    -4.23    -4.75     8.39    -405.6     11.55      4.42    21.658      27029
2015  3 16 17 28  0    0    -5.15    -4.16     8.58    -403.8     10.80      4.29    22.680      27029
2015  3 16 17 29  0    0    -5.32    -3.91     8.58    -402.9     10.06      4.25    24.017      27545
2015  3 16 17 30  0    0    -5.26    -3.76     8.50    -402.1      9.45      4.40    25.034      27824
2015  3 16 17 31  0    0    -5.22    -3.68     8.39    -402.0      9.86      4.62    25.515      27839
2015  3 16 17 32  0    0    -5.12    -3.66     8.18    -402.2     11.23      4.91    25.742      27839
2015  3 16 17 33  0    0    -5.05    -3.66     8.07    -402.4     12.40      4.90    25.919      27788
2015  3 16 17 34  0    0    -5.29    -3.49     8.31    -402.9     12.98      4.37    25.968      27756
2015  3 16 17 35  0    0    -5.69    -3.25     8.63    -403.2     13.08      3.45    27.771      29067
2015  3 16 17 36  0    0    -6.10    -2.71     8.77    -403.3     13.77      3.07    29.371      29846
2015  3 16 17 37  0    0    -6.47    -1.98     8.78    -403.3     14.79      3.29    29.555      29964
2015  3 16 17 38  0    0    -6.59    -2.26     8.96    -404.0     14.37      3.98    26.669      29971
2015  3 16 17 39  0    0    -6.46    -2.97     9.15    -405.0     12.19      4.88    21.311      30344
2015  3 16 17 40  0    0    -6.55    -3.28     9.23    -405.0     11.69      5.60    19.114      31412
2015  3 16 17 41  0    0    -6.99    -2.33     9.33    -405.4     12.77      6.17    18.810      31448
2015  3 16 17 42  0    0    -7.23    -2.58     9.44    -407.8     12.92      6.21    19.112      31648
2015  3 16 17 43  0    0    -7.21    -3.11     9.43    -407.8     12.57      6.13    19.608      32746
2015  3 16 17 44  0    0    -7.28    -3.24     9.42    -410.8     13.39      6.67    22.694      43059
2015  3 16 17 45  0    0    -7.81    -2.09     9.16    -412.9     13.80      7.08    24.515      45885
2015  3 16 17 46  0    0    -7.87    -1.77     9.10    -412.9     14.57      7.27    24.277      44850
2015  3 16 17 47  0    0    -7.87    -1.41     9.10    -413.7     15.46      7.13    23.964      43020
2015  3 16 17 48  0    0    -7.94    -1.37     9.03    -413.5     15.91      6.83    23.362      41517
2015  3 16 17 49  0    0    -7.94    -1.34     9.05    -413.5     16.61      6.49    23.254      41638
2015  3 16 17 50  0    0    -7.78    -0.83     9.10    -412.9     20.17      6.81    23.540      42687
2015  3 16 17 51  0    0    -7.52    -0.71     9.09    -412.3     20.36      6.04    24.562      46402
2015  3 16 17 52  0    0    -7.57    -0.36     8.99    -411.2     20.28      5.90    26.013      50313
2015  3 16 17 53  0    0    -7.41    -0.28     8.89    -410.7     20.15      5.65    26.861      52194
2015  3 16 17 54  0    0    -7.30    -0.42     8.76    -409.9     20.67      5.61    27.259      52723
2015  3 16 17 55  0    0    -7.23    -0.56     8.70    -409.3     20.97      5.61    27.538      52897
2015  3 16 17 56  0    0    -7.14    -0.59     8.69    -409.1     20.97      5.59    27.798      52994
2015  3 16 17 57  0    0    -7.10    -0.65     8.66    -409.3     20.28      5.00    28.049      53705
2015  3 16 17 58  0    0    -6.97    -0.96     8.64    -409.6     20.05      4.20    28.546      54357
2015  3 16 17 59  0    0    -6.86    -1.16     8.61    -409.9     20.57      3.86    29.335      54438
2015  3 16 18  0  0    0    -6.86    -1.35     8.57    -410.8     20.04      3.94    29.814      52500
2015  3 16 18  1  0    0    -6.90    -1.93     8.71    -411.6     18.54      4.16    29.923      50440
2015  3 16 18  2  0    0    -7.15    -2.01     8.85    -413.2     18.33      4.32    29.942      50346
2015  3 16 18  3  0    0    -7.27    -1.80     8.74    -413.6     19.30      3.86    29.896      51954
2015  3 16 18  4  0    0    -7.52    -1.49     8.50    -414.5     20.98      3.80    29.541      51127
2015  3 16 18  5  0    0    -7.55    -1.47     8.48    -414.5     21.23      4.12    28.613      48702
2015  3 16 18  6  0    0    -7.37    -1.43     8.61    -413.7     21.15      4.30    28.073      49211
2015  3 16 18  7  0    0    -7.11    -1.37     8.91    -412.8     21.39      4.69    27.681      52159
2015  3 16 18  8  0    0    -7.02    -1.35     9.01    -412.6     21.14      4.75    27.285      52159
2015  3 16 18  9  0    0    -7.06    -1.61     8.80    -412.8     22.10      5.02    27.181      52153
2015  3 16 18 10  0    0    -7.08    -1.52     8.80    -413.8     21.63      5.07    27.003      51759
2015  3 16 18 11  0    0    -7.09    -1.39     8.85    -413.9     22.67      5.36    26.885      51103
2015  3 16 18 12  0    0    -7.14    -1.01     8.93    -414.4     23.06      5.43    26.480      49651
2015  3 16 18 13  0    0    -7.28    -0.97     9.06    -415.0     24.26      5.89    26.194      49125
2015  3 16 18 14  0    0    -7.26    -1.00     9.09    -415.8     23.84      5.69    26.308      49957
2015  3 16 18 15  0    0    -7.17    -1.05     9.01    -416.5     23.34      5.34    26.592      51091
2015  3 16 18 16  0    0    -7.39    -0.67     8.68    -417.7     23.71      5.29    26.614      49376
2015  3 16 18 17  0    0    -7.75    -0.15     8.28    -419.5     24.16      5.15    26.578      48023
2015  3 16 18 18  0    0    -7.83    -0.20     8.28    -419.7     25.41      5.68    26.567      47974
2015  3 16 18 19  0    0    -7.83    -0.24     8.45    -419.1     25.49      6.10    26.029      48407
2015  3 16 18 20  0    0    -7.87    -0.34     8.48    -418.8     25.60      6.23    25.779      48814
2015  3 16 18 21  0    0    -7.85    -0.32     8.51    -418.6     25.79      6.03    26.033      49146
2015  3 16 18 22  0    0    -7.72    -0.23     8.46    -418.4     26.00      5.60    27.042      50686
2015  3 16 18 23  0    0    -7.55    -0.16     8.31    -418.2     26.87      5.52    28.143      51957
2015  3 16 18 24  0    0    -7.56    -0.15     8.24    -418.3     27.45      5.54    28.602      52242
2015  3 16 18 25  0    0    -7.69    -0.15     8.39    -418.2     27.56      6.28    27.605      49872
2015  3 16 18 26  0    0    -7.90    -0.16     8.67    -419.1     27.22      7.44    25.700      46167
2015  3 16 18 27  0    0    -7.94    -0.08     8.78    -418.7     26.93      7.85    25.075      44860
2015  3 16 18 28  0    0    -7.90    -0.09     8.74    -418.3     26.34      7.68    24.830      44651
2015  3 16 18 29  0    0    -7.78    -0.26     8.63    -418.1     25.62      7.65    24.695      44727
2015  3 16 18 30  0    0    -7.67    -0.48     8.61    -417.5     24.58      7.68    24.650      45530
2015  3 16 18 31  0    0    -7.58    -0.58     8.58    -417.2     24.01      7.74    24.763      45963
2015  3 16 18 32  0    0    -7.53    -0.07     8.32    -417.7     25.98      7.81    26.214      45711
2015  3 16 18 33  0    0    -7.49     0.35     8.12    -418.2     27.27      7.77    27.327      44667
2015  3 16 18 34  0    0    -7.50     0.03     8.12    -418.2     26.23      7.82    27.003      44338
2015  3 16 18 35  0    0    -7.48    -0.28     8.16    -417.6     25.52      7.88    26.587      44808
2015  3 16 18 36  0    0    -7.44    -0.34     8.15    -417.3     25.20      7.90    26.315      46329
2015  3 16 18 37  0    0    -7.43    -0.27     8.14    -418.0     25.99      8.02    26.061      47185
2015  3 16 18 38  0    0    -7.62     0.13     8.36    -418.5     26.71      8.16    25.900      47375
2015  3 16 18 39  0    0    -7.71     0.47     8.53    -419.0     27.53      8.61    25.793      47418
2015  3 16 18 40  0    0    -7.75     0.42     8.56    -419.1     26.73      8.64    25.548      46756
2015  3 16 18 41  0    0    -7.64     0.28     8.52    -419.3     26.43      8.80    25.457      45366
2015  3 16 18 42  0    0    -7.70    -0.10     8.49    -419.3     25.22      7.44    26.812      43863
2015  3 16 18 43  0    0    -7.62    -0.06     8.38    -419.3     25.82      7.01    27.459      43688
2015  3 16 18 44  0    0    -7.66     0.12     8.30    -418.8     26.89      7.03    27.553      43688
2015  3 16 18 45  0    0    -7.61     0.20     8.32    -418.4     27.30      7.34    27.272      42867
2015  3 16 18 46  0    0    -7.60     0.21     8.53    -418.2     27.25      7.59    26.890      41490
2015  3 16 18 47  0    0    -7.63     0.15     8.67    -418.4     26.76      7.60    26.684      41091
2015  3 16 18 48  0    0    -7.64    -0.23     8.62    -418.7     26.31      7.57    26.643      41482
2015  3 16 18 49  0    0    -7.65    -0.39     8.51    -418.7     25.19      7.22    26.597      41581
2015  3 16 18 50  0    0    -7.50    -0.72     8.32    -418.9     24.34      6.88    26.468      41064
2015  3 16 18 51  0    0    -7.45    -0.83     8.26    -419.4     23.74      6.63    26.070      39996
2015  3 16 18 52  0    0    -7.38    -1.01     8.29    -419.4     23.20      6.97    25.939      38915
2015  3 16 18 53  0    0    -7.19    -1.81     8.33    -419.8     22.31      7.54    26.176      38152
2015  3 16 18 54  0    0    -7.20    -1.73     8.12    -420.1     21.76      8.75    26.254      37524
2015  3 16 18 55  0    0    -7.19    -1.65     8.06    -421.1     21.94      9.28    25.662      34403
2015  3 16 18 56  0    0    -7.22    -1.39     8.03    -420.6     21.95      9.28    25.568      32762
2015  3 16 18 57  0    0    -7.23    -1.15     7.99    -420.6     21.50      8.90    25.756      31716
2015  3 16 18 58  0    0    -7.22    -1.05     7.89    -421.0     21.52      8.87    25.784      31716
2015  3 16 18 59  0    0    -7.16    -0.86     7.82    -420.9     21.55      8.81    25.550      31779
2015  3 16 19  0  0    0    -7.15    -0.70     7.77    -419.9     21.81      8.01    24.025      32406
2015  3 16 19  1  0    0    -7.07    -0.57     7.77    -419.3     21.89      7.76    23.615      34092
2015  3 16 19  2  0    0    -6.94    -0.68     7.89    -419.4     21.78      7.81    24.506      37612
2015  3 16 19  3  0    0    -6.90    -0.79     7.96    -419.4     21.89      8.25    24.840      37987
2015  3 16 19  4  0    0    -6.90    -0.72     7.91    -419.6     21.92      7.99    24.853      37512
2015  3 16 19  5  0    0    -7.03    -0.63     7.80    -421.0     21.46      7.52    24.629      37023
2015  3 16 19  6  0    0    -7.09    -0.58     7.57    -421.2     21.97      7.29    24.433      36833
2015  3 16 19  7  0    0    -7.19    -0.43     7.53    -421.3     23.36      7.20    24.187      36036
2015  3 16 19  8  0    0    -7.26    -0.24     7.47    -421.4     24.56      7.20    23.586      35382
2015  3 16 19  9  0    0    -7.12     0.53     7.47    -421.6     25.05      7.56    23.562      34780
2015  3 16 19 10  0    0    -6.84     0.65     7.49    -421.5     24.86      8.64    23.967      34254
2015  3 16 19 11  0    0    -6.86     0.43     7.59    -422.0     24.58      8.88    23.945      33826
2015  3 16 19 12  0    0    -7.06    -0.25     7.57    -422.7     24.10      8.25    23.479      33809
2015  3 16 19 13  0    0    -7.12    -0.40     7.50    -423.5     23.56      7.51    22.925      33809
2015  3 16 19 14  0    0    -7.10    -0.37     7.30    -424.6     22.63      6.29    22.090      33352
2015  3 16 19 15  0    0    -7.08    -0.37     7.14    -425.5     21.91      5.44    21.569      32980
2015  3 16 19 16  0    0    -7.08    -0.44     7.01    -425.8     21.83      5.32    21.578      32980
2015  3 16 19 17  0    0    -7.00    -0.66     6.92    -425.8     21.45      5.09    21.635      32980
2015  3 16 19 18  0    0    -6.84    -0.92     6.91    -425.7     21.00      4.79    21.654      32979
2015  3 16 19 19  0    0    -6.74    -1.00     6.87    -425.7     20.81      4.03    21.685      33294
2015  3 16 19 20  0    0    -6.70    -0.73     6.76    -425.4     21.03      3.25    22.242      33428
2015  3 16 19 21  0    0    -6.66    -0.56     6.67    -425.0     20.67      2.81    23.065      33284
2015  3 16 19 22  0    0    -6.63    -0.68     6.62    -424.8     19.97      2.28    23.966      32934
2015  3 16 19 23  0    0    -6.61    -0.83     6.53    -425.1     19.60      1.65    24.838      32199
2015  3 16 19 24  0    0    -6.53    -0.65     6.28    -425.2     19.54      0.82    25.423      31170
2015  3 16 19 25  0    0    -6.38    -0.68     6.15    -425.0     19.51      0.38    25.631      30779
2015  3 16 19 26  0    0    -6.26    -0.85     6.18    -424.9     19.27      0.45    25.512      30779
2015  3 16 19 27  0    0    -6.16    -1.05     6.26    -424.5     18.43      0.70    25.126      30865
2015  3 16 19 28  0    0    -6.08    -1.20     6.31    -424.1     17.56      0.88    24.836      30936
2015  3 16 19 29  0    0    -6.05    -1.34     6.27    -424.2     16.96      0.81    24.788      31221
2015  3 16 19 30  0    0    -6.05    -1.48     6.11    -424.6     16.14      0.37    24.544      31772
2015  3 16 19 31  0    0    -5.99    -1.56     5.98    -425.0     15.78      0.01    24.303      32018
2015  3 16 19 32  0    0    -5.88    -1.56     5.99    -425.3     15.72     -0.14    24.313      32039
2015  3 16 19 33  0    0    -5.76    -1.57     6.02    -425.4     15.84     -0.16    24.474      31500
2015  3 16 19 34  0    0    -5.69    -1.60     6.02    -425.4     16.23     -0.15    24.701      31209
2015  3 16 19 35  0    0    -5.70    -1.56     5.98    -425.7     17.06     -0.54    24.948      31503
2015  3 16 19 36  0    0    -5.78    -1.17     5.95    -425.6     17.57     -1.17    25.049      31676
2015  3 16 19 37  0    0    -5.83    -0.95     5.94    -425.4     17.58     -1.60    25.019      31934
2015  3 16 19 38  0    0    -5.80    -1.02     5.86    -425.4     17.40     -1.98    24.864      32056
2015  3 16 19 39  0    0    -5.75    -0.94     5.82    -425.5     17.74     -2.27    24.700      32666
2015  3 16 19 40  0    0    -5.72    -0.94     5.83    -425.3     18.02     -2.48    24.641      33833
2015  3 16 19 41  0    0    -5.65    -1.06     5.86    -425.0     18.07     -2.68    24.686      35197
2015  3 16 19 42  0    0    -5.60    -1.17     5.88    -424.7     17.85     -2.78    24.732      35880
2015  3 16 19 43  0    0    -5.58    -1.24     5.93    -424.4     17.25     -2.79    24.687      36092
2015  3 16 19 44  0    0    -5.57    -1.26     6.00    -424.2     16.88     -2.67    24.477      36396
2015  3 16 19 45  0    0    -5.54    -1.26     6.02    -424.2     16.96     -2.30    24.124      36567
2015  3 16 19 46  0    0    -5.36    -1.20     6.08    -424.2     17.06     -1.97    23.752      36159
2015  3 16 19 47  0    0    -5.17    -1.12     6.08    -424.6     16.87     -1.86    23.534      34894
2015  3 16 19 48  0    0    -5.23    -1.00     5.92    -425.2     16.36     -1.83    23.620      34210
2015  3 16 19 49  0    0    -5.55    -0.99     5.53    -425.8     15.86     -1.95    23.896      34427
2015  3 16 19 50  0    0    -5.79    -1.04     5.33    -426.4     15.70     -2.44    24.152      34960
2015  3 16 19 51  0    0    -5.78    -1.08     5.41    -426.6     15.36     -2.87    24.224      35155
2015  3 16 19 52  0    0    -5.63    -1.13     5.54    -426.7     15.65     -2.99    24.357      35386
2015  3 16 19 53  0    0    -5.54    -1.14     5.67    -426.1     15.59     -3.02    24.420      35434
2015  3 16 19 54  0    0    -5.36    -1.17     5.78    -425.8     15.50     -2.97    24.444      34753
2015  3 16 19 55  0    0    -5.25    -1.22     5.88    -425.3     15.44     -3.14    24.603      34474
2015  3 16 19 56  0    0    -5.17    -1.24     5.95    -425.1     15.07     -3.40    24.831      34820
2015  3 16 19 57  0    0    -5.12    -1.23     5.91    -425.1     14.74     -3.52    24.945      35381
2015  3 16 19 58  0    0    -5.13    -1.21     5.89    -425.4     14.66     -3.52    24.861      35593
2015  3 16 19 59  0    0    -5.23    -1.20     5.87    -425.9     14.53     -3.46    24.609      35425
2015  3 16 20  0  0    0    -5.38    -1.19     5.84    -426.8     14.47     -3.28    24.413      35362
2015  3 16 20  1  0    0    -5.39    -1.10     5.83    -427.2     14.18     -3.31    24.366      35678
2015  3 16 20  2  0    0    -5.29    -1.04     5.81    -427.2     14.11     -3.54    24.271      35722
2015  3 16 20  3  0    0    -5.27    -1.03     5.83    -427.2     13.98     -3.79    24.100      32469
2015  3 16 20  4  0    0    -5.46    -0.99     5.65    -427.1     13.84     -4.02    24.051      31750
2015  3 16 20  5  0    0    -5.49    -0.97     5.52    -426.7     13.58     -4.37    24.680      31981
2015  3 16 20  6  0    0    -5.50    -0.92     5.49    -426.0     13.44     -4.55    25.037      32567
2015  3 16 20  7  0    0    -5.48    -1.01     5.15    -425.9     13.30     -4.84    25.180      33020
2015  3 16 20  8  0    0    -5.57    -1.05     4.81    -426.1     12.87     -4.89    25.216      32844
2015  3 16 20  9  0    0    -5.80    -1.12     4.73    -427.3     12.70     -4.31    24.432      32655
2015  3 16 20 10  0    0    -6.31    -1.38     4.64    -428.6     12.65     -3.60    23.811      32299
2015  3 16 20 11  0    0    -6.38    -1.41     4.55    -428.9     12.61     -3.60    23.812      31900
2015  3 16 20 12  0    0    -6.26    -1.40     4.61    -428.2     12.61     -4.06    24.284      31900
2015  3 16 20 13  0    0    -6.06    -1.28     4.61    -427.3     12.86     -4.13    24.909      32211
2015  3 16 20 14  0    0    -5.91    -1.23     4.74    -426.7     13.07     -4.12    25.244      32290
2015  3 16 20 15  0    0    -5.72    -1.19     4.89    -425.8     13.06     -4.14    25.470      32299
2015  3 16 20 16  0    0    -5.60    -1.17     4.96    -425.3     12.88     -4.15    25.839      32109
2015  3 16 20 17  0    0    -5.56    -1.11     4.98    -425.1     12.79     -3.91    26.299      31478
2015  3 16 20 18  0    0    -5.55    -1.13     4.99    -425.4     12.65     -3.66    26.549      30990
2015  3 16 20 19  0    0    -5.61    -1.26     4.99    -425.8     12.56     -3.63    26.749      30707
2015  3 16 20 20  0    0    -5.72    -1.33     4.91    -426.1     12.45     -3.72    26.976      30552
2015  3 16 20 21  0    0    -5.96    -1.34     4.83    -426.8     11.93     -3.86    27.060      30611
2015  3 16 20 22  0    0    -6.01    -1.34     4.72    -426.9     11.83     -3.88    27.066      30769
2015  3 16 20 23  0    0    -5.99    -1.36     4.68    -427.0     11.82     -3.88    26.988      31513
2015  3 16 20 24  0    0    -6.02    -1.39     4.69    -427.8     12.32     -3.35    25.252      32190
2015  3 16 20 25  0    0    -6.23    -1.46     4.74    -429.3     11.48     -2.95    22.887      32233
2015  3 16 20 26  0    0    -6.48    -1.68     4.79    -430.1     11.31     -2.63    22.652      31916
2015  3 16 20 27  0    0    -6.67    -1.93     5.00    -431.2     10.74     -2.47    22.625      30960
2015  3 16 20 28  0    0    -6.83    -2.02     5.26    -432.3     10.22     -2.57    22.182      30960
2015  3 16 20 29  0    0    -6.84    -1.92     5.43    -432.3      9.99     -2.81    21.329      30960
2015  3 16 20 30  0    0    -6.82    -1.70     5.60    -432.9      9.61     -3.07    20.849      30726
2015  3 16 20 31  0    0    -6.76    -1.61     5.60    -433.4      9.07     -3.28    21.190      29910
2015  3 16 20 32  0    0    -6.76    -1.85     5.50    -433.4      8.52     -3.37    21.839      28251
2015  3 16 20 33  0    0    -6.80    -2.04     5.34    -433.4      8.17     -3.25    22.199      28766
2015  3 16 20 34  0    0    -6.82    -2.13     5.26    -433.4      8.08     -3.16    22.362      28228
2015  3 16 20 35  0    0    -6.82    -2.17     5.26    -434.0      9.14     -3.45    22.924      27916
2015  3 16 20 36  0    0    -6.90    -2.24     5.23    -434.8      9.71     -3.65    23.169      26637
2015  3 16 20 37  0    0    -6.96    -2.27     5.22    -434.9      9.57     -3.60    23.122      27085
2015  3 16 20 38  0    0    -6.99    -2.31     5.23    -434.6      9.53     -3.39    23.049      26357
2015  3 16 20 39  0    0    -7.05    -2.32     5.11    -434.4      9.34     -3.26    22.974      26979
2015  3 16 20 40  0    0    -7.04    -2.34     5.06    -434.3      8.25     -3.47    22.898      26486
2015  3 16 20 41  0    0    -7.03    -2.38     4.99    -434.3      7.65     -3.66    22.598      27253
2015  3 16 20 42  0    0    -7.02    -2.48     4.97    -434.3      7.37     -3.96    22.479      28847
2015  3 16 20 43  0    0    -7.00    -2.63     4.90    -433.7      7.20     -4.49    23.145      29370
2015  3 16 20 44  0    0    -6.99    -2.73     4.85    -433.0      7.16     -5.07    23.995      29419
2015  3 16 20 45  0    0    -7.05    -2.74     4.83    -432.6      7.05     -5.48    24.422      29419
2015  3 16 20 46  0    0    -7.12    -2.75     4.83    -433.5      6.80     -5.62    23.441      29691
2015  3 16 20 47  0    0    -7.17    -2.71     4.80    -434.2      6.65     -5.64    22.782      29440
2015  3 16 20 48  0    0    -7.15    -2.68     4.66    -434.3      6.81     -5.68    23.269      28677
2015  3 16 20 49  0    0    -7.13    -2.69     4.59    -434.2      6.90     -5.96    23.629      28373
2015  3 16 20 50  0    0    -7.16    -2.81     4.48    -434.0      6.74     -6.11    23.792      27561
2015  3 16 20 51  0    0    -7.17    -2.91     4.46    -433.8      6.23     -6.33    23.840      27245
2015  3 16 20 52  0    0    -7.18    -2.97     4.50    -433.6      5.78     -6.46    23.845      27384
2015  3 16 20 53  0    0    -7.14    -2.99     4.63    -433.5      5.30     -6.63    23.285      28277
2015  3 16 20 54  0    0    -7.06    -3.00     4.70    -433.3      4.92     -6.87    22.921      29096
2015  3 16 20 55  0    0    -7.04    -3.00     4.63    -433.2      4.72     -7.16    22.879      30507
2015  3 16 20 56  0    0    -7.10    -2.95     4.43    -434.4      3.90     -7.38    21.592      29763
2015  3 16 20 57  0    0    -7.15    -2.93     4.59    -434.8      3.13     -7.48    21.081      30852
2015  3 16 20 58  0    0    -7.21    -2.87     4.69    -434.5      3.02     -8.10    21.164      30853
2015  3 16 20 59  0    0    -7.23    -2.85     4.71    -434.2      3.03     -8.35    21.255      30884
2015  3 16 21  0  0    0    -7.31    -3.05     4.71    -434.2      2.92     -8.34    21.177      30929
2015  3 16 21  1  0    0    -7.32    -3.15     4.68    -434.3      2.49     -8.48    21.026      31062
2015  3 16 21  2  0    0    -7.28    -3.17     4.66    -434.3      1.70     -8.78    20.871      31935
2015  3 16 21  3  0    0    -7.19    -3.18     4.66    -434.5      1.34     -8.82    20.712      32857
2015  3 16 21  4  0    0    -7.07    -3.12     4.72    -434.7      0.99     -8.92    20.555      33560
2015  3 16 21  5  0    0    -6.98    -3.09     4.74    -434.8      0.78     -8.90    20.398      33990
2015  3 16 21  6  0    0    -6.94    -3.10     4.75    -434.8      0.61     -9.01    20.243      34538
2015  3 16 21  7  0    0    -6.92    -3.10     4.77    -434.9      0.25     -8.98    20.087      34951
2015  3 16 21  8  0    0    -7.01    -3.11     4.86    -434.9      0.25     -8.84    19.932      35460
2015  3 16 21  9  0    0    -7.03    -3.17     4.83    -434.5      0.13     -8.61    19.783      35134
2015  3 16 21 10  0    0    -6.99    -3.20     4.82    -434.4      0.36     -8.38    19.631      35332
2015  3 16 21 11  0    0    -6.90    -3.18     4.86    -434.6      0.35     -8.28    19.474      34092
2015  3 16 21 12  0    0    -6.80    -3.15     4.89    -434.5      0.19     -8.12    19.319      35058
2015  3 16 21 13  0    0    -6.69    -3.11     4.89    -434.8      0.23     -8.00    19.161      34310
2015  3 16 21 14  0    0    -6.60    -3.07     4.91    -434.8      0.55     -7.84    19.005      34703
2015  3 16 21 15  0    0    -6.61    -3.08     4.95    -435.0      0.48     -7.72    18.847      34850
2015  3 16 21 16  0    0    -6.64    -3.09     5.04    -434.9      0.93     -7.25    18.899      35565
2015  3 16 21 17  0    0    -6.60    -3.11     5.13    -434.7      1.06     -6.97    19.275      36859
2015  3 16 21 18  0    0    -6.55    -3.10     5.14    -434.1      0.91     -6.92    19.698      38505
2015  3 16 21 19  0    0    -6.46    -3.08     4.95    -434.0      1.12     -6.95    19.838      38991
2015  3 16 21 20  0    0    -6.04    -2.93     4.66    -434.2      2.33     -6.90    19.699      40822
2015  3 16 21 21  0    0    -5.87    -2.82     4.59    -434.3      2.93     -6.87    19.623      43692
2015  3 16 21 22  0    0    -5.85    -2.78     4.68    -433.9      3.12     -6.68    19.652      44759
2015  3 16 21 23  0    0    -5.83    -2.78     4.72    -433.5      3.13     -6.48    19.595      45134
2015  3 16 21 24  0    0    -5.83    -2.85     4.70    -433.4      3.00     -6.49    19.550      45262
2015  3 16 21 25  0    0    -5.80    -2.94     4.69    -433.3      2.57     -6.59    19.262      44720
2015  3 16 21 26  0    0    -5.89    -2.95     4.83    -432.4      2.22     -6.43    18.941      44380
2015  3 16 21 27  0    0    -6.03    -2.89     5.07    -431.6      2.19     -6.31    18.793      41350
2015  3 16 21 28  0    0    -6.17    -2.81     5.30    -431.4      2.62     -6.48    18.359      36884
2015  3 16 21 29  0    0    -6.33    -2.85     5.49    -432.0      3.16     -6.60    17.254      32731
2015  3 16 21 30  0    0    -6.47    -2.94     5.66    -439.4      2.88     -6.27    15.405      22674
2015  3 16 21 31  0    0    -6.48    -2.91     5.75    -438.8      3.15     -5.87    14.444      23278
2015  3 16 21 32  0    0    -6.44    -2.85     5.91    -436.5      3.66     -5.51    14.394      24861
2015  3 16 21 33  0    0    -6.44    -2.82     5.96    -433.3      4.16     -5.01    15.089      30624
2015  3 16 21 34  0    0    -6.48    -2.85     5.99    -431.3      4.57     -4.27    15.961      34060
2015  3 16 21 35  0    0    -6.57    -2.91     5.98    -430.9      4.86     -3.54    17.033      34111
2015  3 16 21 36  0    0    -6.61    -2.85     5.98    -430.8      5.08     -3.54    17.807      34049
2015  3 16 21 37  0    0    -6.62    -2.71     5.98    -430.7      5.26     -3.79    18.098      33738
2015  3 16 21 38  0    0    -6.56    -2.57     6.00    -430.2      5.40     -3.87    18.211      33229
2015  3 16 21 39  0    0    -6.52    -2.52     6.04    -429.5      5.47     -3.89    18.179      34794
2015  3 16 21 40  0    0    -6.49    -2.45     6.03    -429.3      5.85     -3.88    17.942      36253
2015  3 16 21 41  0    0    -6.39    -2.45     5.96    -428.6      5.81     -3.74    17.808      36241
2015  3 16 21 42  0    0    -6.41    -2.65     5.82    -428.3      5.49     -3.70    17.797      36056
2015  3 16 21 43  0    0    -6.35    -2.75     5.93    -428.1      5.44     -3.62    17.876      36056
2015  3 16 21 44  0    0    -6.28    -2.72     5.98    -426.6      4.93     -3.47    17.884      37876
2015  3 16 21 45  0    0    -6.21    -2.75     6.09    -425.9      5.14     -3.49    17.694      39454
2015  3 16 21 46  0    0    -6.20    -2.74     6.17    -425.6      5.53     -3.51    17.600      39980
2015  3 16 21 47  0    0    -6.29    -2.67     6.20    -426.2      6.65     -3.15    17.664      40027
2015  3 16 21 48  0    0    -6.42    -2.50     6.24    -426.9      7.86     -2.67    17.699      39875
2015  3 16 21 49  0    0    -6.44    -2.51     6.22    -427.4      7.48     -2.34    17.642      38480
2015  3 16 21 50  0    0    -6.42    -2.54     6.21    -427.6      7.28     -2.17    17.629      37303
2015  3 16 21 51  0    0    -6.30    -2.58     6.22    -427.5      7.31     -2.05    17.885      37227
2015  3 16 21 52  0    0    -6.20    -2.30     6.43    -427.3      7.83     -1.92    18.032      37237
2015  3 16 21 53  0    0    -6.18    -2.19     6.47    -427.1      7.76     -1.91    18.135      37238
2015  3 16 21 54  0    0    -6.20    -2.14     6.46    -427.0      7.83     -1.96    17.926      37086
2015  3 16 21 55  0    0    -6.18    -2.13     6.28    -426.9      8.03     -2.01    17.588      37063
2015  3 16 21 56  0    0    -5.95    -1.90     6.25    -426.8      8.42     -1.80    17.383      37139
2015  3 16 21 57  0    0    -5.93    -1.83     6.46    -426.6      9.06     -1.49    17.336      37503
2015  3 16 21 58  0    0    -5.92    -1.85     6.53    -426.6      9.34     -1.25    17.854      38432
2015  3 16 21 59  0    0    -5.91    -1.88     6.59    -426.5      9.78     -1.03    18.052      38625
2015  3 16 22  0  0    0    -5.90    -1.76     6.63    -426.3      9.81     -1.05    17.948      37566
2015  3 16 22  1  0    0    -5.95    -1.69     6.62    -426.2      9.51     -1.25    17.886      37122
2015  3 16 22  2  0    0    -6.01    -1.68     6.60    -426.1      9.53     -1.18    17.878      36834
2015  3 16 22  3  0    0    -6.03    -1.67     6.51    -426.1      9.76     -0.96    17.887      36750
2015  3 16 22  4  0    0    -6.01    -1.65     6.42    -426.5      9.83     -1.09    17.891      38134
2015  3 16 22  5  0    0    -6.02    -1.63     6.43    -426.6      9.79     -1.14    17.891      38473
2015  3 16 22  6  0    0    -6.00    -1.67     6.58    -426.6      9.74     -0.61    17.769      37238
2015  3 16 22  7  0    0    -5.93    -1.76     6.57    -426.0      9.20      0.18    17.719      36273
2015  3 16 22  8  0    0    -5.88    -1.83     6.59    -425.4      9.40      0.53    17.544      35729
2015  3 16 22  9  0    0    -5.81    -1.86     6.61    -424.6      9.88      0.53    17.302      35513
2015  3 16 22 10  0    0    -5.76    -1.87     6.58    -423.9     10.77      0.56    17.152      35465
2015  3 16 22 11  0    0    -5.79    -1.86     6.54    -423.8     11.34      0.59    17.148      35641
2015  3 16 22 12  0    0    -5.84    -1.83     6.49    -423.5     11.15      0.62    17.176      35849
2015  3 16 22 13  0    0    -5.85    -1.79     6.45    -422.9     11.17      0.70    17.038      35073
2015  3 16 22 14  0    0    -5.92    -1.73     6.44    -422.1     11.19      0.66    16.721      33226
2015  3 16 22 15  0    0    -5.93    -1.67     6.44    -421.5     11.04      0.64    16.623      32103
2015  3 16 22 16  0    0    -6.08    -1.59     6.56    -421.5     11.00      0.68    16.663      30595
2015  3 16 22 17  0    0    -6.09    -1.49     6.70    -420.9     11.00      0.72    16.716      27666
2015  3 16 22 18  0    0    -6.15    -1.47     7.03    -419.8     11.69      0.81    16.764      24794
2015  3 16 22 19  0    0    -6.33    -1.47     7.15    -419.5     12.75      1.06    16.819      24602
2015  3 16 22 20  0    0    -6.37    -1.42     7.14    -420.1     13.46      1.26    16.880      26612
2015  3 16 22 21  0    0    -6.18    -1.47     7.08    -420.0     14.23      1.54    16.935      26684
2015  3 16 22 22  0    0    -6.09    -1.52     7.09    -419.9     15.07      1.81    16.991      26685
2015  3 16 22 23  0    0    -6.09    -1.50     7.13    -419.3     15.10      2.11    16.750      25810
2015  3 16 22 24  0    0    -6.17    -1.37     7.10    -418.2     14.47      2.17    16.221      24184
2015  3 16 22 25  0    0    -6.38    -1.15     7.06    -417.8     13.66      1.60    15.824      22215
2015  3 16 22 26  0    0    -6.55    -1.02     7.07    -417.8     13.18      0.95    15.690      21560
2015  3 16 22 27  0    0    -6.57    -1.01     7.14    -418.1     13.10      0.77    15.655      22114
2015  3 16 22 28  0    0    -6.37    -1.06     7.18    -418.6     13.43      0.85    15.111      22317
2015  3 16 22 29  0    0    -6.32    -1.12     7.22    -418.9     13.23      0.87    14.980      20715
2015  3 16 22 30  0    0    -6.34    -1.12     7.22    -418.6     13.05      0.85    15.609      19362
2015  3 16 22 31  0    0    -6.49    -1.16     7.21    -418.1     13.29      0.87    16.001      18875
2015  3 16 22 32  0    0    -6.58    -0.91     7.17    -417.3     13.45      0.17    16.319      18800
2015  3 16 22 33  0    0    -6.55    -0.88     7.26    -417.5     12.73     -0.60    16.522      19650
2015  3 16 22 34  0    0    -6.45    -0.89     7.37    -417.9     12.27     -0.84    16.277      20754
2015  3 16 22 35  0    0    -6.42    -0.87     7.39    -417.4     12.45     -0.19    16.091      21356
2015  3 16 22 36  0    0    -6.43    -0.85     7.37    -417.3     12.83      0.50    16.052      21547
2015  3 16 22 37  0    0    -6.38    -0.88     7.36    -416.9     14.71      1.83    15.993      21256
2015  3 16 22 38  0    0    -6.35    -0.92     7.34    -416.4     16.03      2.83    15.932      20410
2015  3 16 22 39  0    0    -6.37    -0.93     7.35    -416.1     16.17      3.07    15.922      19395
2015  3 16 22 40  0    0    -6.43    -0.86     7.36    -415.8     15.36      2.74    15.983      18490
2015  3 16 22 41  0    0    -6.51    -0.77     7.37    -415.4     14.04      1.80    16.071      17886
2015  3 16 22 42  0    0    -6.49    -0.81     7.42    -415.1     13.87      1.00    16.142      17979
2015  3 16 22 43  0    0    -6.48    -0.89     7.46    -416.0     14.09      0.44    16.392      18601
2015  3 16 22 44  0    0    -6.59    -0.89     7.41    -416.9     14.71     -0.01    16.668      20551
2015  3 16 22 45  0    0    -6.64    -0.97     7.47    -417.4     15.04     -0.20    16.714      21705
2015  3 16 22 46  0    0    -6.59    -0.96     7.54    -417.5     15.04      0.22    16.609      23251
2015  3 16 22 47  0    0    -6.47    -0.94     7.54    -417.9     14.21      0.74    16.523      26384
2015  3 16 22 48  0    0    -6.04    -1.37     7.51    -418.4     13.05      0.62    16.700      28241
2015  3 16 22 49  0    0    -5.90    -1.50     7.50    -417.3     12.88      0.61    17.057      28802
2015  3 16 22 50  0    0    -6.19    -1.20     7.52    -418.0     14.05      1.41    17.304      29080
2015  3 16 22 51  0    0    -6.32    -1.03     7.46    -417.4     14.33      1.97    16.790      29120
2015  3 16 22 52  0    0    -6.37    -0.99     7.59    -416.5     13.90      2.32    15.487      28796
2015  3 16 22 53  0    0    -6.36    -1.01     7.79    -416.0     12.89      2.99    14.490      28502
2015  3 16 22 54  0    0    -6.33    -1.04     7.86    -415.2     11.50      3.97    14.715      28593
2015  3 16 22 55  0    0    -6.32    -1.04     7.88    -414.6     10.38      4.79    15.405      28816
2015  3 16 22 56  0    0    -6.25    -1.01     7.90    -414.2     10.15      5.00    15.490      28961
2015  3 16 22 57  0    0    -6.15    -0.96     8.00    -414.0     10.58      4.78    15.570      29035
2015  3 16 22 58  0    0    -5.99    -1.09     8.03    -414.2     10.87      4.33    15.664      29159
2015  3 16 22 59  0    0    -5.85    -1.00     8.07    -414.5     11.27      3.84    15.757      28657
2015  3 16 23  0  0    0    -5.91    -1.05     8.05    -414.7     11.65      3.47    15.851      28998
2015  3 16 23  1  0    0    -6.14    -0.87     7.98    -414.9     12.20      3.23    15.913      28848
2015  3 16 23  2  0    0    -6.62    -0.44     7.83    -415.1     13.49      3.15    15.904      29277
2015  3 16 23  3  0    0    -6.71    -0.15     7.60    -415.3     14.24      3.14    16.161      30115
2015  3 16 23  4  0    0    -6.85     0.37     7.23    -415.5     14.41      3.75    16.898      31572
2015  3 16 23  5  0    0    -6.97     0.50     7.13    -415.3     13.60      4.67    17.412      32636
2015  3 16 23  6  0    0    -7.02     0.48     7.15    -414.8     12.40      5.48    17.590      32963
2015  3 16 23  7  0    0    -6.94     0.29     7.31    -414.6     12.09      5.39    17.618      32963
2015  3 16 23  8  0    0    -6.78     0.16     7.41    -414.4     12.95      4.76    17.623      32955
2015  3 16 23  9  0    0    -6.71     0.10     7.42    -414.5     14.55      4.65    17.633      32929
2015  3 16 23 10  0    0    -6.65    -0.21     7.30    -414.5     14.78      4.47    17.626      33053
2015  3 16 23 11  0    0    -6.53    -0.09     6.83    -414.4     14.56      4.18    17.651      33831
2015  3 16 23 12  0    0    -6.59    -0.18     6.74    -415.1     13.48      3.44    17.689      35391
2015  3 16 23 13  0    0    -6.54    -0.08     6.73    -416.2     13.41      3.07    17.728      36087
2015  3 16 23 14  0    0    -6.67     0.38     6.68    -416.8     14.73      3.47    17.766      36338
2015  3 16 23 15  0    0    -6.58     0.54     6.74    -417.0     16.37      3.85    17.801      35370
2015  3 16 23 16  0    0    -6.38     0.40     7.02    -417.5     16.94      3.74    17.838      34643
2015  3 16 23 17  0    0    -6.35     0.08     7.19    -418.5     18.28      4.29    17.877      34628
2015  3 16 23 18  0    0    -6.36     0.11     7.13    -419.2     16.75      3.44    17.916      33511
2015  3 16 23 19  0    0    -6.16     0.23     6.93    -419.6     18.45      4.02    17.952      32027
2015  3 16 23 20  0    0    -6.12     0.68     6.66    -419.8     17.44      3.27    17.987      31481
2015  3 16 23 21  0    0    -6.10     0.87     6.58    -418.8     18.61      3.88    17.798      31457
2015  3 16 23 22  0    0    -6.08     0.93     6.54    -419.6     18.51      3.78    17.724      32662
2015  3 16 23 23  0    0    -5.84     0.90     6.43    -419.6     18.96      3.65    18.056      35166
2015  3 16 23 24  0    0    -5.82     0.74     6.51    -419.6     18.45      3.56    18.138      35380
2015  3 16 23 25  0    0    -6.08     0.62     6.49    -420.6     17.98      3.83    17.526      34946
2015  3 16 23 26  0    0    -6.29     0.50     6.59    -429.4     15.76      3.81    14.554      25327
2015  3 16 23 27  0    0    -6.40     0.75     6.36    -429.3     14.92      3.05    13.526      24492
2015  3 16 23 28  0    0    -6.22     0.76     6.45    -427.0     16.02      3.26    13.753      24492
2015  3 16 23 29  0    0    -6.06     0.73     6.34    -424.3     16.24      3.06    15.229      27303
2015  3 16 23 30  0    0    -5.93     0.68     6.22    -422.5     16.46      2.71    16.708      33706
2015  3 16 23 31  0    0    -5.98     0.68     6.10    -423.0     17.47      2.50    17.133      43033
2015  3 16 23 32  0    0    -6.13     0.74     5.89    -423.2     18.44      2.66    17.119      41607
2015  3 16 23 33  0    0    -5.97     0.69     5.86    -424.2     18.55      2.23    16.960      39275
2015  3 16 23 34  0    0    -5.54     0.36     5.81    -424.7     18.14      1.27    17.142      43780
2015  3 16 23 35  0    0    -5.25    -0.11     5.73    -423.6     17.84      0.69    17.561      47189
2015  3 16 23 36  0    0    -5.12    -0.45     5.65    -422.7     17.75      0.46    17.858      46996
2015  3 16 23 37  0    0    -5.15    -0.44     5.64    -422.5     18.22      0.56    17.897      46570
2015  3 16 23 38  0    0    -5.35    -0.02     5.75    -422.7     19.60      1.06    17.877      46852
2015  3 16 23 39  0    0    -5.59     0.96     5.65    -423.7     20.78      1.42    17.853      47757
2015  3 16 23 40  0    0    -5.74     1.50     5.63    -424.5     21.49      1.59    17.414      48143
2015  3 16 23 41  0    0    -5.84     1.51     5.78    -424.9     22.07      1.73    16.985      47087
2015  3 16 23 42  0    0    -5.79     1.43     5.79    -424.7     22.62      1.78    16.948      46362
2015  3 16 23 43  0    0    -5.60     1.33     5.62    -424.1     22.51      0.95    17.175      46682
2015  3 16 23 44  0    0    -5.41     1.26     5.24    -423.1     21.27     -1.94    17.904      48526
2015  3 16 23 45  0    0    -5.39     1.26     4.64    -422.2     19.23     -6.05    18.861      51186
2015  3 16 23 46  0    0    -5.43     1.15     3.94    -422.3     18.16     -6.99    18.880      51219
2015  3 16 23 47  0    0    -5.40     1.47     4.40    -425.0     19.96     -0.66    17.148      51219
2015  3 16 23 48  0    0    -5.22     1.61     5.37    -429.9     22.18      3.09    16.119      52415
2015  3 16 23 49  0    0    -5.19     0.96     5.78    -429.4     22.22      2.89    16.126      51564
2015  3 16 23 50  0    0    -5.06     0.46     6.28    -426.7     20.96      2.38    16.087      48159
2015  3 16 23 51  0    0    -4.96     0.23     6.46    -425.6     20.23      2.30    16.019      47265
2015  3 16 23 52  0    0    -4.92     0.24     6.51    -424.9     19.69      2.25    15.985      47246
2015  3 16 23 53  0    0    -4.90     0.28     6.35    -424.4     19.50      2.06    15.940      49139
2015  3 16 23 54  0    0    -5.13     0.68     5.53    -424.3     19.33      1.06    16.042      51560
2015  3 16 23 55  0    0    -5.42     1.03     4.86    -424.3     19.16     -0.34    16.331      53092
2015  3 16 23 56  0    0    -4.98     0.72     4.76    -422.5     18.28     -1.80    16.577      58551
2015  3 16 23 57  0    0    -4.00     0.14     4.71    -419.1     16.54     -3.55    16.759      67629
2015  3 16 23 58  0    0    -3.85    -0.09     3.92    -417.9     16.29     -4.84    17.023      71234
2015  3 16 23 59  0    0    -4.05     0.08     2.93    -417.0     16.82     -5.16    17.164      73280
2015  3 17  0  0  0    0    -4.96     0.82     5.38    -422.5     22.11      2.71    16.479      55292
2015  3 17  0  1  0    0    -4.89     0.92     5.39    -422.5     22.01      2.93    16.554      55439
2015  3 17  0  2  0    0    -4.73     0.95     5.24    -422.4     22.47      3.06    16.627      57340
2015  3 17  0  3  0    0    -4.63     0.96     5.06    -422.5     22.18      2.83    16.669      59169
2015  3 17  0  4  0    0    -4.64     1.02     5.03    -422.6     21.27      2.61    16.812      60047
2015  3 17  0  5  0    0    -4.75     0.67     5.31    -422.1     19.95      2.60    17.072      60715
2015  3 17  0  6  0    0    -4.84     0.34     5.57    -420.8     18.99      2.56    17.326      61434
2015  3 17  0  7  0    0    -4.80     0.42     5.59    -419.0     19.16      2.51    17.564      62623
2015  3 17  0  8  0    0    -4.68     0.70     5.60    -418.3     19.99      2.49    17.839      63761
2015  3 17  0  9  0    0    -4.77     1.27     5.51    -418.2     20.88      2.47    18.135      63354
2015  3 17  0 10  0    0    -4.73     1.34     5.25    -420.2     21.76      2.24    18.503      57532
2015  3 17  0 11  0    0    -4.85     1.33     5.45    -420.3     21.63      1.92    18.805      59008
2015  3 17  0 12  0    0    -4.73     1.30     5.79    -420.0     21.18      2.18    19.096      62350
2015  3 17  0 13  0    0    -4.57     1.06     5.77    -419.7     21.08      2.93    19.211      61346
2015  3 17  0 14  0    0    -4.36     1.03     5.74    -419.3     21.29      3.13    18.684      58135
2015  3 17  0 15  0    0    -3.90     1.12     5.54    -418.8     21.39      3.19    17.800      58848
2015  3 17  0 16  0    0    -3.91     1.17     5.35    -418.4     22.34      3.05    17.564      63749
2015  3 17  0 17  0    0    -4.27     1.40     5.48    -418.7     23.57      3.33    17.780      63350
2015  3 17  0 18  0    0    -4.31     1.36     6.04    -420.4     26.14      4.19    17.687      60623
2015  3 17  0 19  0    0    -4.37     1.37     6.15    -420.5     25.98      4.31    17.224      60178
2015  3 17  0 20  0    0    -4.57     1.51     6.17    -421.0     25.74      4.50    16.875      58926
2015  3 17  0 21  0    0    -4.60     1.66     6.23    -421.1     25.58      4.38    17.011      56965
2015  3 17  0 22  0    0    -4.56     1.84     6.28    -421.0     25.23      3.90    17.786      54122
2015  3 17  0 23  0    0    -4.56     1.82     6.26    -420.6     25.18      3.43    18.081      52976
2015  3 17  0 24  0    0    -4.65     1.82     6.23    -420.5     25.63      3.11    17.630      53508
2015  3 17  0 25  0    0    -4.71     1.89     6.21    -420.5     26.19      2.61    16.872      55788
2015  3 17  0 26  0    0    -4.58     1.96     6.27    -420.6     26.31      1.99    16.431      58981
2015  3 17  0 27  0    0    -4.31     2.12     6.38    -420.0     26.05      2.10    16.293      60601
2015  3 17  0 28  0    0    -4.29     2.33     6.37    -418.1     25.39      3.03    16.159      60717
2015  3 17  0 29  0    0    -4.27     2.45     6.32    -417.7     25.55      3.48    15.112      60755
2015  3 17  0 30  0    0    -4.08     2.66     6.39    -417.3     26.75      3.64    15.020      60755
2015  3 17  0 31  0    0    -4.02     2.67     6.52    -417.0     27.38      3.78    16.065      60750
2015  3 17  0 32  0    0    -4.10     2.64     6.51    -416.8     27.42      4.04    16.256      60148
2015  3 17  0 33  0    0    -4.40     2.40     6.55    -417.2     27.05      4.23    16.135      59984
2015  3 17  0 34  0    0    -4.59     2.16     6.51    -417.3     26.72      3.85    16.167      59798
2015  3 17  0 35  0    0    -4.69     2.04     6.40    -415.8     24.64      2.09    16.351      59788
2015  3 17  0 36  0    0    -4.54     1.94     6.41    -415.0     23.98      1.31    16.560      60052
2015  3 17  0 37  0    0    -4.38     1.89     6.56    -414.4     24.25      1.52    16.667      60335
2015  3 17  0 38  0    0    -4.36     1.87     6.56    -414.5     24.69      1.75    16.593      60437
2015  3 17  0 39  0    0    -4.59     1.88     6.50    -415.6     24.91      2.12    16.427      60614
2015  3 17  0 40  0    0    -4.90     1.83     6.53    -416.5     24.92      2.37    16.360      61325
2015  3 17  0 41  0    0    -5.00     1.63     6.57    -416.7     24.60      2.40    16.353      61423
2015  3 17  0 42  0    0    -5.16     1.35     6.62    -416.5     22.53      1.43    16.385      61373
2015  3 17  0 43  0    0    -5.16     1.15     6.64    -416.0     22.08      0.95    16.400      61366
2015  3 17  0 44  0    0    -5.15     1.11     6.51    -415.8     22.00      0.65    16.434      62583
2015  3 17  0 45  0    0    -5.22     1.04     6.43    -417.3     21.98      1.04    16.455      62920
2015  3 17  0 46  0    0    -5.31     1.13     6.33    -419.0     22.96      1.50    15.465      61349
2015  3 17  0 47  0    0    -5.81     1.13     6.33    -420.1     22.61     -0.14    14.102      60947
2015  3 17  0 48  0    0    -6.20     1.16     6.54    -422.9     20.64     -3.10    12.496      59086
2015  3 17  0 49  0    0    -6.38     1.17     6.47    -425.6     20.14     -2.77    10.981      55252
2015  3 17  0 50  0    0    -6.40     1.17     6.44    -425.8     21.03     -2.28    10.431      52699
2015  3 17  0 51  0    0    -6.51     1.00     6.27    -425.8     20.96     -2.42    10.352      53341
2015  3 17  0 52  0    0    -6.52     0.99     6.25    -425.8     20.95     -2.44    10.349      52578
2015  3 17  0 53  0    0    -6.64     1.23     5.96    -425.8     19.65     -3.82    10.656      50517
2015  3 17  0 54  0    0    -6.81     1.56     5.74    -425.4     19.06     -4.13    11.337      43939
2015  3 17  0 55  0    0    -6.83     1.60     5.71    -425.1     18.81     -4.16    12.004      43008
2015  3 17  0 56  0    0    -6.25     1.25     6.09    -422.7     20.49     -1.50    12.485      46683
2015  3 17  0 57  0    0    -5.83     0.90     6.37    -420.8     21.13      0.40    12.970      49475
2015  3 17  0 58  0    0    -5.89     0.71     6.36    -420.7     19.94      0.61    13.522      49475
2015  3 17  0 59  0    0    -5.87     0.60     6.39    -420.9     19.90      1.53    14.051      50500
2015  3 17  1  0  0    0    -5.75     0.53     6.48    -420.9     20.04      1.55    14.284      52806
2015  3 17  1  1  0    0    -5.70     0.54     6.49    -420.7     20.41      0.94    14.161      54703
2015  3 17  1  2  0    0    -5.68     0.49     6.47    -420.6     19.89     -0.11    14.433      56562
2015  3 17  1  3  0    0    -5.61     0.32     6.52    -420.5     18.22     -0.69    15.109      56818
2015  3 17  1  4  0    0    -5.43     0.00     6.64    -420.1     17.16     -1.23    15.337      56950
2015  3 17  1  5  0    0    -5.09    -0.17     6.92    -419.7     17.22     -1.55    15.316      56899
2015  3 17  1  6  0    0    -4.96    -0.17     6.97    -419.1     17.19     -2.11    15.287      55733
2015  3 17  1  7  0    0    -4.95    -0.30     6.89    -417.4     16.71     -3.30    15.262      55872
2015  3 17  1  8  0    0    -5.16     0.21     6.59    -415.9     16.77     -3.65    15.236      54301
2015  3 17  1  9  0    0    -5.42     0.38     6.32    -416.9     16.88     -4.09    15.201      54292
2015  3 17  1 10  0    0    -5.81     0.12     6.08    -417.2     16.61     -4.48    15.169      53700
2015  3 17  1 11  0    0    -6.04     0.19     5.76    -417.5     16.00     -5.08    15.137      54315
2015  3 17  1 12  0    0    -6.19     0.35     5.67    -418.6     18.18     -4.90    15.101      54448
2015  3 17  1 13  0    0    -6.30     0.70     5.66    -418.4     18.42     -5.14    15.071      54289
2015  3 17  1 14  0    0    -6.37     0.68     5.62    -418.2     19.65     -5.09    15.044      52373
2015  3 17  1 15  0    0    -6.35     0.68     5.60    -417.6     19.54     -4.94    15.035      50254
2015  3 17  1 16  0    0    -6.35     0.84     5.57    -416.8     19.54     -4.93    15.041      46958
2015  3 17  1 17  0    0    -6.30     0.87     5.54    -416.8     19.10     -5.14    15.225      46574
2015  3 17  1 18  0    0    -6.29     0.92     5.52    -416.7     18.41     -5.14    15.330      47492
2015  3 17  1 19  0    0    -6.32     0.99     5.54    -417.3     18.46     -5.21    15.175      48022
2015  3 17  1 20  0    0    -6.32     0.28     5.72    -417.0     16.52     -5.89    14.754      47645
2015  3 17  1 21  0    0    -6.27     0.23     5.94    -417.6     16.35     -5.58    14.502      47683
2015  3 17  1 22  0    0    -6.25     0.23     6.09    -417.1     16.48     -5.56    14.487      46914
2015  3 17  1 23  0    0    -6.37    -0.01     5.86    -417.5     16.33     -5.51    14.512      47669
2015  3 17  1 24  0    0    -6.50    -0.23     5.69    -417.4     16.24     -6.05    14.525      48575
2015  3 17  1 25  0    0    -6.68    -0.32     5.44    -417.9     15.36     -6.20    14.199      49542
2015  3 17  1 26  0    0    -6.65    -0.32     5.42    -418.7     14.38     -6.27    14.081      50998
2015  3 17  1 27  0    0    -6.60    -0.30     5.22    -419.3     13.63     -6.04    14.366      53746
2015  3 17  1 28  0    0    -6.64    -0.56     5.10    -419.9     13.44     -5.43    13.902      53378
2015  3 17  1 29  0    0    -6.64    -1.18     5.02    -420.3     13.35     -4.73    12.053      51834
2015  3 17  1 30  0    0    -6.59    -1.11     5.16    -419.1     13.40     -4.52    11.938      50517
2015  3 17  1 31  0    0    -6.48    -0.51     5.62    -417.5     13.40     -4.38    12.759      48937
2015  3 17  1 32  0    0    -6.47    -0.51     5.63    -417.3     12.95     -4.58    13.217      48385
2015  3 17  1 33  0    0    -6.77    -0.48     5.15    -419.6     14.61     -3.81    13.428      47900
2015  3 17  1 34  0    0    -6.72    -0.07     5.11    -419.6     14.49     -3.35    13.696      47423
2015  3 17  1 35  0    0    -6.57     0.01     5.20    -419.4     14.89     -3.33    13.859      48278
2015  3 17  1 36  0    0    -6.48     0.03     5.28    -418.6     15.01     -3.80    14.224      51768
2015  3 17  1 37  0    0    -6.27    -0.04     5.47    -416.4     15.32     -3.90    14.515      52677
2015  3 17  1 38  0    0    -6.01    -0.11     5.62    -414.8     15.64     -3.96    14.647      54689
2015  3 17  1 39  0    0    -5.73    -0.13     5.83    -412.8     15.45     -4.04    14.674      57714
2015  3 17  1 40  0    0    -5.43    -0.16     6.05    -411.1     14.92     -4.01    14.618      61032
2015  3 17  1 41  0    0    -5.23    -0.41     6.05    -412.0     14.01     -3.55    14.392      63843
2015  3 17  1 42  0    0    -5.39    -0.77     6.03    -414.9     12.86     -3.08    13.920      65711
2015  3 17  1 43  0    0    -5.55    -1.01     5.88    -416.7     14.43     -1.78    13.502      65593
2015  3 17  1 44  0    0    -5.59    -1.04     5.98    -417.8     15.14     -0.44    12.512      65578
2015  3 17  1 45  0    0    -5.62    -1.12     5.72    -418.3     13.10     -0.75    13.799      65550
2015  3 17  1 46  0    0    -5.70    -1.16     5.55    -418.0     11.04     -1.53    14.054      65118
2015  3 17  1 47  0    0    -5.93    -1.27     5.29    -417.5     10.31     -4.74    14.091      64474
2015  3 17  1 48  0    0    -6.50    -1.83     4.26    -417.4      9.85     -7.07    13.911      64464
2015  3 17  1 49  0    0    -6.50    -1.51     4.34    -416.5     10.30     -7.52    13.283      63632
2015  3 17  1 50  0    0    -6.51    -1.37     4.56    -416.2      9.52     -7.82    12.142      60714
2015  3 17  1 51  0    0    -7.38    -3.09     2.56    -423.3      2.81     -7.63    11.809      56812
2015  3 17  1 52  0    0    -7.26    -3.07     2.74    -422.5      2.57     -6.88    11.848      56133
2015  3 17  1 53  0    0    -7.13    -2.83     3.07    -422.1      1.58     -7.40    12.005      57212
2015  3 17  1 54  0    0    -7.11    -2.33     3.48    -422.2      0.86     -8.31    12.088      58608
2015  3 17  1 55  0    0    -7.05    -1.60     4.37    -420.9      4.02     -7.66    11.930      59167
2015  3 17  1 56  0    0    -6.93    -0.84     5.41    -418.6     10.22     -5.84    11.856      59557
2015  3 17  1 57  0    0    -6.83    -0.59     5.58    -417.9     12.25     -4.53    13.151      59494
2015  3 17  1 58  0    0    -6.69    -0.45     5.77    -417.9     12.61     -3.72    12.449      57645
2015  3 17  1 59  0    0    -6.64    -0.59     5.78    -418.4     12.69     -3.02    12.327      56724
2015  3 17  2  0  0    0    -6.64    -0.89     5.40    -419.6     12.27     -2.39    11.896      56852
2015  3 17  2  1  0    0    -6.52    -1.17     5.26    -420.4     11.78     -2.69    11.590      58282
2015  3 17  2  2  0    0    -6.48    -1.22     5.17    -420.4     11.01     -3.49    11.202      60468
2015  3 17  2  3  0    0    -6.46    -1.16     5.25    -420.1     11.32     -3.56    11.080      59853
2015  3 17  2  4  0    0    -6.39    -0.87     5.56    -419.8     12.48     -3.77    11.639      58298
2015  3 17  2  5  0    0    -6.33    -0.68     5.62    -418.8     14.03     -4.57    11.933      58277
2015  3 17  2  6  0    0    -6.14    -0.66     5.68    -417.3     13.91     -5.71    12.335      58150
2015  3 17  2  7  0    0    -6.14    -0.95     5.52    -416.7     12.15     -7.93    11.752      58282
2015  3 17  2  8  0    0    -6.46    -1.80     4.90    -416.6      7.89    -10.73    11.732      59253
2015  3 17  2  9  0    0    -6.59    -2.20     4.49    -416.6      7.28    -12.56    11.622      62041
2015  3 17  2 10  0    0    -6.62    -2.37     3.81    -416.5      6.95    -13.33    11.752      63025
2015  3 17  2 11  0    0    -6.59    -2.66     3.30    -416.4      6.79    -13.85    11.177      63147
2015  3 17  2 12  0    0    -6.50    -3.02     3.10    -415.6      5.48    -13.63    11.108      63153
2015  3 17  2 13  0    0    -6.18    -2.58     3.76    -414.6      5.73    -12.32    10.946      63416
2015  3 17  2 14  0    0    -5.85    -2.01     4.78    -414.2      6.45    -10.20    11.203      65304
2015  3 17  2 15  0    0    -5.72    -1.75     5.13    -414.6      5.98     -8.62    11.755      66497
2015  3 17  2 16  0    0    -5.81    -1.69     5.08    -414.8      5.32     -8.99    11.896      66497
2015  3 17  2 17  0    0    -5.87    -2.08     4.59    -414.8      3.79    -10.13    11.739      65293
2015  3 17  2 18  0    0    -5.84    -2.32     3.91    -414.7      2.06    -10.67    11.568      64297
2015  3 17  2 19  0    0    -5.75    -2.51     3.49    -414.5      1.02    -11.04    11.533      63664
2015  3 17  2 20  0    0    -5.43    -2.74     3.03    -413.6     -0.10    -12.08    11.584      63309
2015  3 17  2 21  0    0    -5.02    -3.08     2.56    -411.8     -1.61    -14.34    11.623      63207
2015  3 17  2 22  0    0    -4.67    -3.58     2.21    -409.3     -3.31    -17.61    11.627      63209
2015  3 17  2 23  0    0    -4.20    -3.64     1.56    -407.5     -3.36    -20.02    11.603      63361
2015  3 17  2 24  0    0    -4.18    -3.66     1.14    -406.5     -3.16    -23.97    11.767      65653
2015  3 17  2 25  0    0    -4.38    -3.73     0.18    -406.6     -3.69    -27.99    12.298      73432
2015  3 17  2 26  0    0    -5.14    -3.66    -0.39    -407.8     -4.13    -30.01    12.949      79711
2015  3 17  2 27  0    0    -6.25    -2.80     1.16    -410.4     -0.25    -26.80    12.815      79697
2015  3 17  2 28  0    0    -6.60    -2.35     1.76    -412.9      0.39    -24.17    11.345      75409
2015  3 17  2 29  0    0    -6.55    -1.94     2.35    -415.4     -0.09    -20.20    11.081      70032
2015  3 17  2 30  0    0    -6.43    -1.52     2.36    -416.5      0.09    -18.51    11.344      63044
2015  3 17  2 31  0    0    -3.56    -2.52     1.07    -418.0     -0.09    -19.25    12.010      60208
2015  3 17  2 32  0    0    -3.68    -3.06     0.93    -415.8     -2.11    -20.32    12.485      59130
2015  3 17  2 33  0    0    -4.33    -3.30     1.29    -413.3     -4.26    -22.22    13.390      58806
2015  3 17  2 34  0    0    -4.55    -3.39     1.17    -411.2     -5.79    -24.48    14.222      59411
2015  3 17  2 35  0    0    -3.31    -3.28    -0.75    -410.9     -4.72    -27.24    14.766      61654
2015  3 17  2 36  0    0    -3.44    -2.73    -1.97    -413.9     -1.08    -31.71    16.916      63228
2015  3 17  2 37  0    0    -3.73    -2.87    -1.86    -417.4     -1.89    -33.21    17.474      53078
2015  3 17  2 38  0    0    -4.25    -2.87    -1.74    -418.2     -1.83    -33.12    17.399      52269
2015  3 17  2 39  0    0    -3.88    -2.68    -1.51    -418.8     -1.21    -32.48    17.354      52537
2015  3 17  2 40  0    0    -4.43    -2.34    -1.39    -418.1     -0.01    -31.91    17.336      54607
2015  3 17  2 41  0    0    -5.06    -1.88    -0.19    -417.0      2.71    -30.70    16.959      57713
2015  3 17  2 42  0    0    -5.68    -1.41     1.82    -416.2      4.12    -28.08    15.706      61751
2015  3 17  2 43  0    0    -5.97    -1.20     2.60    -416.2      4.53    -27.05    16.084      62507
2015  3 17  2 44  0    0    -6.47    -2.34     0.50    -417.5     -2.69    -32.92    16.648      61432
2015  3 17  2 45  0    0    -6.65    -2.25     0.37    -418.5     -5.54    -33.68    16.721      60338
2015  3 17  2 46  0    0    -6.63    -2.39    -0.01    -418.3     -7.52    -31.96    16.252      57754
2015  3 17  2 47  0    0    -6.56    -2.72    -0.07    -418.1     -8.17    -30.04    16.153      57935
2015  3 17  2 48  0    0    -6.46    -3.19     0.51    -417.9     -8.23    -29.43    16.862      61428
2015  3 17  2 49  0    0    -6.32    -3.47     0.67    -418.0     -8.15    -30.49    17.073      61290
2015  3 17  2 50  0    0    -6.25    -3.67     0.38    -418.2     -8.03    -31.67    15.748      57154
2015  3 17  2 51  0    0    -6.25    -3.72    -0.34    -417.5     -7.19    -31.98    15.685      53129
2015  3 17  2 52  0    0    -6.10    -2.78     1.12    -417.3     -6.23    -31.03    15.709      48977
2015  3 17  2 53  0    0    -5.96    -2.39     1.63    -418.3     -2.60    -30.02    16.015      46750
2015  3 17  2 54  0    0    -6.46    -2.43     1.94    -418.7     -1.35    -27.39    15.989      44998
2015  3 17  2 55  0    0    -6.60    -2.35     2.15    -418.6     -1.35    -26.11    16.158      42819
2015  3 17  2 56  0    0    -6.61    -2.32     2.92    -418.6     -1.44    -23.11    16.891      42362
2015  3 17  2 57  0    0    -6.55    -2.08     3.78    -418.3     -2.50    -20.11    16.905      41290
2015  3 17  2 58  0    0    -6.48    -2.00     4.22    -417.6     -2.30    -19.36    17.075      41290
2015  3 17  2 59  0    0    -6.19    -2.20     4.20    -415.9     -4.19    -19.88    17.151      42452
2015  3 17  3  0  0    0    -5.94    -2.53     4.25    -414.3     -5.76    -20.17    17.177      42742
2015  3 17  3  1  0    0    -5.55    -2.92     4.55    -413.2     -6.81    -19.60    17.192      40832
2015  3 17  3  2  0    0    -5.27    -3.20     4.85    -412.6     -6.92    -18.55    17.611      38804
2015  3 17  3  3  0    0    -5.29    -3.30     4.94    -412.4     -5.93    -18.03    18.669      38943
2015  3 17  3  4  0    0    -5.37    -3.20     5.12    -412.6     -4.51    -18.10    19.613      39163
2015  3 17  3  5  0    0    -5.56    -2.87     5.26    -413.5     -3.34    -18.49    19.691      38795
2015  3 17  3  6  0    0    -5.89    -2.39     5.16    -415.3     -2.64    -18.89    19.075      37815
2015  3 17  3  7  0    0    -6.17    -2.07     4.90    -417.5     -1.75    -19.05    18.590      34404
2015  3 17  3  8  0    0    -6.18    -1.97     4.85    -420.0     -2.42    -19.31    17.159      27462
2015  3 17  3  9  0    0    -6.11    -1.92     4.84    -422.9     -3.34    -19.32    15.389      24123
2015  3 17  3 10  0    0    -6.03    -2.09     4.91    -421.3     -4.05    -19.35    16.341      28311
2015  3 17  3 11  0    0    -6.02    -2.14     4.90    -417.8     -4.32    -19.46    18.022      34367
2015  3 17  3 12  0    0    -6.00    -2.52     4.86    -416.0     -5.11    -19.94    18.663      36107
2015  3 17  3 13  0    0    -5.97    -2.68     4.78    -415.6     -5.75    -20.73    18.878      36543
2015  3 17  3 14  0    0    -5.77    -2.70     4.85    -415.2     -5.63    -20.92    18.977      36524
2015  3 17  3 15  0    0    -5.63    -2.66     4.93    -414.7     -4.90    -20.48    19.035      36348
2015  3 17  3 16  0    0    -5.45    -2.59     4.95    -413.8     -4.04    -19.52    18.940      35944
2015  3 17  3 17  0    0    -5.34    -2.41     5.04    -413.0     -4.03    -18.52    18.759      35612
2015  3 17  3 18  0    0    -5.36    -2.21     5.17    -412.9     -4.55    -18.06    18.583      35249
2015  3 17  3 19  0    0    -5.28    -2.18     5.31    -412.2     -4.66    -17.92    18.386      34100
2015  3 17  3 20  0    0    -5.11    -2.29     5.47    -410.9     -4.91    -17.71    18.111      32662
2015  3 17  3 21  0    0    -4.97    -2.44     5.47    -410.2     -5.26    -17.62    17.745      32627
2015  3 17  3 22  0    0    -4.87    -2.58     5.56    -410.2     -5.52    -16.95    16.977      32710
2015  3 17  3 23  0    0    -4.78    -2.74     5.78    -410.2     -5.26    -16.64    14.979      33363
2015  3 17  3 24  0    0    -4.67    -2.78     5.99    -409.3     -5.02    -16.54    14.772      33687
2015  3 17  3 25  0    0    -4.35    -2.75     6.25    -407.5     -4.19    -14.83    16.499      35165
2015  3 17  3 26  0    0    -4.10    -2.72     6.46    -406.0     -4.12    -13.35    18.126      35535
2015  3 17  3 27  0    0    -4.04    -2.64     6.54    -405.9     -3.90    -12.78    18.516      35725
2015  3 17  3 28  0    0    -4.08    -2.53     6.64    -407.3     -2.95    -12.45    17.844      35684
2015  3 17  3 29  0    0    -3.91    -2.34     7.09    -407.3     -2.39    -11.33    17.831      36788
2015  3 17  3 30  0    0    -3.57    -2.10     7.42    -406.0     -2.24    -10.30    17.972      37479
2015  3 17  3 31  0    0    -3.11    -2.02     7.60    -404.8     -2.64     -9.88    17.992      37847
2015  3 17  3 32  0    0    -2.82    -2.12     7.63    -404.7     -3.18    -10.15    17.864      39584
2015  3 17  3 33  0    0    -3.19    -2.27     7.57    -407.3     -3.37    -11.02    17.801      41416
2015  3 17  3 34  0    0    -4.18    -2.14     7.15    -411.5     -2.75    -12.55    17.898      37972
2015  3 17  3 35  0    0    -4.81    -1.87     6.81    -411.7     -2.56    -12.95    18.048      36131
2015  3 17  3 36  0    0    -4.96    -1.55     6.66    -409.9     -1.98    -12.45    18.172      34827
2015  3 17  3 37  0    0    -4.61    -1.29     6.84    -407.2     -0.90    -11.32    18.534      34827
2015  3 17  3 38  0    0    -3.98    -1.12     7.26    -404.9      0.05    -10.14    19.058      34827
2015  3 17  3 39  0    0    -3.22    -0.99     7.78    -403.3      0.90     -9.06    19.512      35256
2015  3 17  3 40  0    0    -2.78    -0.99     8.11    -404.1      1.43     -8.62    19.585      36316
2015  3 17  3 41  0    0    -3.52    -1.45     8.14    -408.2     -0.57     -9.33    19.293      36148
2015  3 17  3 42  0    0    -3.72    -1.62     8.17    -408.9     -0.81     -9.56    18.535      35846
2015  3 17  3 43  0    0    -3.54    -1.82     8.03    -409.0     -0.32     -9.16    17.801      33969
2015  3 17  3 44  0    0    -3.46    -1.75     8.14    -408.2      1.28     -9.06    17.155      32866
2015  3 17  3 45  0    0    -3.58    -1.05     8.43    -407.3      2.17     -9.00    15.681      31538
2015  3 17  3 46  0    0    -3.65    -0.77     8.55    -407.2      2.32     -9.37    15.101      31220
2015  3 17  3 47  0    0    -3.58    -0.66     8.58    -406.6      1.34     -9.41    15.891      31893
2015  3 17  3 48  0    0    -3.49    -0.58     8.65    -407.4      0.67     -8.95    16.765      32185
2015  3 17  3 49  0    0    -3.50    -0.57     8.66    -407.7      0.32     -8.59    16.585      32185
2015  3 17  3 50  0    0    -3.82    -0.77     8.57    -408.4      1.23     -8.67    16.172      33197
2015  3 17  3 51  0    0    -3.89    -0.75     8.57    -409.8      0.53     -8.88    16.351      34349
2015  3 17  3 52  0    0    -3.97    -0.94     8.70    -410.9     -0.12     -9.12    16.507      37716
2015  3 17  3 53  0    0    -4.07    -0.99     8.81    -411.6     -0.52     -9.35    16.070      37408
2015  3 17  3 54  0    0    -4.00    -0.92     8.97    -411.1     -1.04     -9.37    14.999      36695
2015  3 17  3 55  0    0    -4.07    -0.90     8.84    -410.4     -1.09     -9.23    14.704      36732
2015  3 17  3 56  0    0    -4.35    -0.81     8.58    -410.5     -0.16     -9.32    14.461      36940
2015  3 17  3 57  0    0    -4.43    -0.97     8.48    -410.2     -0.47     -9.35    13.903      36787
2015  3 17  3 58  0    0    -4.32    -1.00     8.53    -409.2      0.79     -9.57    14.854      35771
2015  3 17  3 59  0    0    -4.41    -0.95     8.43    -409.9      0.65    -10.06    15.408      35966
2015  3 17  4  0  0    0    -4.67    -1.04     8.15    -413.3      1.26    -10.95    16.177      38009
2015  3 17  4  1  0    0    -4.63    -1.06     8.07    -414.1      1.27    -11.47    16.353      38340
2015  3 17  4  2  0    0    -4.48    -1.02     8.15    -413.9      1.31    -11.42    16.215      37387
2015  3 17  4  3  0    0    -4.39    -0.99     8.18    -412.4      1.36    -10.50    15.773      35665
2015  3 17  4  4  0    0    -4.23    -0.98     8.24    -410.2      1.84     -8.99    15.156      33967
2015  3 17  4  5  0    0    -3.77    -0.78     8.78    -409.3      2.54     -6.90    14.377      33039
2015  3 17  4  6  0    0    -3.37    -0.66     9.38    -411.3      1.78     -6.15    13.288      32693
2015  3 17  4  7  0    0    -3.55    -0.68     9.36    -411.8      1.73     -6.54    13.369      32693
2015  3 17  4  8  0    0    -3.89    -0.70     8.89    -412.8      1.51     -6.62    14.182      33126
2015  3 17  4  9  0    0    -3.68    -0.61     9.16    -413.0      1.96     -6.62    15.495      35097
2015  3 17  4 10  0    0    -3.14    -0.49     9.49    -411.8      3.16     -6.58    16.163      37017
2015  3 17  4 11  0    0    -2.78    -0.44     9.42    -409.4      4.65     -6.52    16.369      37606
2015  3 17  4 12  0    0    -2.65    -0.36     9.30    -407.0      4.69     -6.83    15.772      37606
2015  3 17  4 13  0    0    -2.54    -0.32     9.28    -406.6      4.46     -7.05    15.282      37606
2015  3 17  4 14  0    0    -2.60    -0.44     9.28    -407.3      4.93     -7.18    15.846      38364
2015  3 17  4 15  0    0    -2.77    -0.60     9.24    -407.2      5.45     -7.54    16.170      40732
2015  3 17  4 16  0    0    -2.98    -0.63     9.12    -407.2      5.76     -7.28    15.539      41361
2015  3 17  4 17  0    0    -2.87    -0.62     9.09    -407.2      5.43     -7.27    14.958      37658
2015  3 17  4 18  0    0    -2.79    -0.65     9.14    -407.0      5.47     -7.34    14.868      36494
2015  3 17  4 19  0    0    -2.79    -0.64     9.02    -406.7      5.86     -7.43    15.472      35829
2015  3 17  4 20  0    0    -2.72    -0.61     8.88    -405.8      5.74     -7.46    16.558      35548
2015  3 17  4 21  0    0    -2.69    -0.70     8.58    -405.2      6.54     -7.48    17.973      35839
2015  3 17  4 22  0    0    -2.56    -0.71     8.38    -404.2      7.09     -7.35    19.083      36756
2015  3 17  4 23  0    0    -2.29    -0.52     8.44    -402.8      6.75     -7.11    19.317      38265
2015  3 17  4 24  0    0    -2.07    -0.29     8.49    -402.3      7.09     -7.15    18.382      40173
2015  3 17  4 25  0    0    -1.91    -0.05     8.76    -402.8      5.57     -7.51    17.648      40984
2015  3 17  4 26  0    0    -2.13     0.04     8.86    -405.6      4.74     -7.25    17.211      41640
2015  3 17  4 27  0    0    -2.30    -0.06     8.84    -404.7      5.04     -6.13    16.335      39946
2015  3 17  4 28  0    0    -2.38    -0.09     8.82    -403.1      5.33     -5.23    15.553      37985
2015  3 17  4 29  0    0    -2.40    -0.06     8.93    -403.1      4.54     -4.97    14.890      37985
2015  3 17  4 30  0    0    -2.31    -0.11     9.16    -403.5      3.42     -5.24    14.200      37763
2015  3 17  4 31  0    0    -2.08    -0.27     9.32    -404.0      3.53     -5.37    14.713      38094
2015  3 17  4 32  0    0    -2.04    -0.32     9.30    -403.7      3.19     -5.14    15.198      40180
2015  3 17  4 33  0    0    -2.24    -0.28     9.18    -402.8      2.99     -4.54    14.834      42094
2015  3 17  4 34  0    0    -2.41    -0.17     9.08    -402.4      3.10     -4.08    14.797      44090
2015  3 17  4 35  0    0    -2.75    -0.17     9.06    -404.9      2.74     -4.72    16.421      46788
2015  3 17  4 36  0    0    -2.77    -0.27     9.27    -408.2      3.83     -6.36    16.561      49627
2015  3 17  4 37  0    0    -2.29    -0.31     9.26    -408.0      3.40     -6.70    16.095      51633
2015  3 17  4 38  0    0    -2.30    -0.25     9.19    -407.7      2.54     -6.35    15.935      53384
2015  3 17  4 39  0    0    -2.37    -0.21     9.27    -405.6      2.31     -5.33    16.191      54680
2015  3 17  4 40  0    0    -2.38    -0.26     9.49    -403.8      2.83     -4.23    16.515      56020
2015  3 17  4 41  0    0    -2.22    -0.37     9.72    -403.1      4.10     -3.50    16.713      57631
2015  3 17  4 42  0    0    -1.95    -0.35     9.55    -403.0      4.66     -3.50    16.654      59471
2015  3 17  4 43  0    0    -2.09    -0.32     9.49    -403.9      4.69     -3.71    16.632      61589
2015  3 17  4 44  0    0    -2.38    -0.21     9.55    -403.8      4.87     -3.67    16.680      63508
2015  3 17  4 45  0    0    -2.55     0.02     9.70    -403.4      5.56     -2.96    16.590      65317
2015  3 17  4 46  0    0    -0.60     1.78    16.19    -438.7      2.03     -2.09    17.640      72975
2015  3 17  4 47  0    0     2.20     2.71    24.89    -506.8    -20.76      3.60    33.777      85344
2015  3 17  4 48  0    0     2.25     3.12    24.83    -504.7    -24.89      4.48    34.048      86555
2015  3 17  4 49  0    0     2.15     3.39    24.74    -503.2    -26.85      5.12    32.963      87870
2015  3 17  4 50  0    0     2.40     2.86    24.93    -502.4    -36.98      5.30    31.336      89426
2015  3 17  4 51  0    0     2.62     2.45    25.09    -498.8    -45.25      6.27    31.150      90641
2015  3 17  4 52  0    0     2.92     1.77    25.38    -495.5    -52.77      8.53    31.604      91878
2015  3 17  4 53  0    0     3.12     1.16    25.58    -493.1    -60.19     11.69    33.160      93233
2015  3 17  4 54  0    0     3.28     0.84    25.40    -492.3    -67.87     15.40    36.175      94833
2015  3 17  4 55  0    0     3.46     0.88    24.93    -494.7    -76.73     17.76    39.429      96967
2015  3 17  4 56  0    0     2.43     1.57    24.72    -502.0    -88.42     14.43    43.215      99844
2015  3 17  4 57  0    0     1.87     2.36    24.37    -502.5    -93.83     14.33    45.806     101629
2015  3 17  4 58  0    0     1.78     3.67    23.91    -506.6    -91.35     15.03    45.423     103882
2015  3 17  4 59  0    0     1.66     4.43    24.03    -506.2    -88.38     15.99    45.256     105499
2015  3 17  5  0  0    0     1.09     4.52    24.14    -505.4    -84.38     14.75    45.789     107051
2015  3 17  5  1  0    0     0.42     4.69    24.01    -505.3    -79.53     11.43    46.268     108719
2015  3 17  5  2  0    0    -0.24     5.35    23.69    -505.1    -74.25      9.46    45.103     110425
2015  3 17  5  3  0    0    -1.04     6.02    23.57    -504.3    -70.39      9.06    42.548     112016
2015  3 17  5  4  0    0    -1.13     6.07    23.56    -503.5    -69.64     10.25    39.621     113603
2015  3 17  5  5  0    0    -0.98     6.01    23.74    -503.0    -71.06     11.69    37.568     115244
2015  3 17  5  6  0    0    -0.72     5.80    24.15    -503.3    -71.05     12.63    38.521     116826
2015  3 17  5  7  0    0     0.17     5.73    24.10    -504.5    -71.12     12.46    40.851     118749
2015  3 17  5  8  0    0    -0.09     7.01    23.73    -504.8    -73.29     11.67    40.885     117123
2015  3 17  5  9  0    0    -0.21     8.54    23.60    -505.6    -75.94     11.35    40.748     105698
2015  3 17  5 10  0    0     0.19     8.33    23.83    -504.8    -77.48     12.66    40.304     101855
2015  3 17  5 11  0    0     1.23     7.56    24.26    -502.9    -83.06     13.24    39.248     101727
2015  3 17  5 12  0    0     2.03     5.70    24.27    -503.3    -88.78     15.82    36.104     103074
2015  3 17  5 13  0    0     2.42     3.67    24.36    -504.6    -93.81     14.46    33.392     110280
2015  3 17  5 14  0    0     3.39     0.46    25.16    -505.8    -96.42     10.69    31.844     111237
2015  3 17  5 15  0    0     4.16    -1.13    26.20    -506.5    -94.84     10.59    31.565     111051
2015  3 17  5 16  0    0     4.67    -1.48    26.64    -506.4    -91.76     11.35    31.578     112649
2015  3 17  5 17  0    0     5.20    -1.86    26.81    -505.5    -86.01     13.83    31.917     114581
2015  3 17  5 18  0    0     5.34    -1.88    26.80    -503.6    -81.31     17.27    32.650     115236
2015  3 17  5 19  0    0     5.90    -2.16    26.57    -501.2    -77.51     17.51    33.715     115236
2015  3 17  5 20  0    0     6.62    -3.45    26.11    -499.2    -74.25     19.99    34.761     111642
2015  3 17  5 21  0    0     7.06    -4.89    25.30    -498.9    -75.81     20.48    34.860     110923
2015  3 17  5 22  0    0     6.34    -5.44    25.20    -500.2    -73.34     19.26    33.103     110474
2015  3 17  5 23  0    0     6.32    -5.90    24.75    -503.4    -68.76     16.53    32.619     110499
2015  3 17  5 24  0    0     6.45    -5.96    24.11    -503.8    -68.09     15.51    33.315     111558
2015  3 17  5 25  0    0     6.55    -6.79    23.37    -504.3    -67.22     12.27    35.117     115198
2015  3 17  5 26  0    0     6.66    -8.32    22.76    -504.0    -69.32     11.00    35.549     117621
2015  3 17  5 27  0    0     6.63    -9.89    22.14    -503.7    -72.55      9.93    34.968     117621
2015  3 17  5 28  0    0     7.15   -10.63    21.20    -502.5    -72.99     10.06    33.661     116911
2015  3 17  5 29  0    0     7.63   -11.37    20.63    -501.3    -72.35     10.99    33.769     110760
2015  3 17  5 30  0    0     7.87   -10.52    20.87    -499.4    -69.68     16.35    34.233     100773
2015  3 17  5 31  0    0     7.93    -9.74    21.02    -498.8    -69.76     17.15    34.310      99109
2015  3 17  5 32  0    0     7.93    -9.63    20.88    -498.4    -71.49     16.40    34.336     103072
2015  3 17  5 33  0    0     7.66   -10.16    19.99    -499.7    -77.14     13.30    34.717     107292
2015  3 17  5 34  0    0     5.98   -10.99    18.91    -500.1    -77.80     12.70    36.438     111921
2015  3 17  5 35  0    0     5.82   -11.50    18.07    -500.4    -83.80     15.41    38.483     116959
2015  3 17  5 36  0    0     5.60   -11.15    18.39    -499.6    -89.53     14.84    41.255     134150
2015  3 17  5 37  0    0     5.37   -11.50    17.93    -499.6    -97.54      7.03    43.875     148161
2015  3 17  5 38  0    0     5.28   -11.82    17.05    -503.0   -107.22     11.27    44.090     148687
2015  3 17  5 39  0    0     6.09   -11.76    17.71    -503.2   -113.51     17.14    43.427     142084
2015  3 17  5 40  0    0     8.79    -8.69    19.77    -502.4   -118.19     16.92    41.451     142199
2015  3 17  5 41  0    0     9.72    -6.09    19.77    -497.6   -113.00     15.48    39.396     142967
2015  3 17  5 42  0    0    10.46    -5.15    18.49    -496.7   -110.52     14.80    36.398     156149
2015  3 17  5 43  0    0     9.88    -9.02    16.62    -501.2   -110.58     15.85    33.558     163363
2015  3 17  5 44  0    0     9.62    -9.85    16.01    -500.3   -115.78     21.33    33.252     159603
2015  3 17  5 45  0    0     9.90    -9.09    16.01    -497.7   -118.35     23.74    34.170     159290
2015  3 17  5 46  0    0    10.43    -8.53    16.28    -494.6   -118.98     25.23    37.127     160081
2015  3 17  5 47  0    0    10.94    -8.16    16.57    -492.2   -118.75     26.52    41.455     163265
2015  3 17  5 48  0    0    10.88    -8.08    16.80    -492.9   -118.75     27.67    45.021     171116
2015  3 17  5 49  0    0     9.99    -8.75    16.38    -493.9   -119.05     25.93    44.091     174829
2015  3 17  5 50  0    0     8.78    -9.28    15.31    -495.0   -119.49     23.44    42.139     175310
2015  3 17  5 51  0    0     8.30    -8.99    15.69    -494.6   -119.85     28.02    40.848     175310
2015  3 17  5 52  0    0     8.35    -8.77    15.99    -493.6   -121.38     33.75    39.669     175479
2015  3 17  5 53  0    0     8.48   -10.00    13.78    -493.0   -124.26     34.70    36.620     183339
2015  3 17  5 54  0    0     7.88   -12.41     8.22    -492.8   -126.75     36.43    32.268     198141
2015  3 17  5 55  0    0     7.17   -13.98     4.21    -492.0   -127.80     38.69    31.073     195746
2015  3 17  5 56  0    0     6.75   -16.30     1.16    -491.5   -129.20     38.59    30.281     188270
2015  3 17  5 57  0    0     6.03   -17.11    -0.52    -491.0   -131.41     37.56    30.342     186574
2015  3 17  5 58  0    0     5.88   -17.21    -1.44    -491.4   -131.56     34.31    31.384     187553
2015  3 17  5 59  0    0     5.19   -17.28    -2.74    -492.7   -131.85     35.92    34.471     191566
2015  3 17  6  0  0    0     4.94   -17.01    -3.39    -491.6   -130.92     39.75    34.474     191566
2015  3 17  6  1  0    0     4.95   -17.01    -3.66    -488.7   -130.11     40.45    34.486     191566
2015  3 17  6  2  0    0     4.77   -15.34    -3.67    -486.4   -125.47     40.47    34.612     193088
2015  3 17  6  3  0    0     1.04   -11.81    -9.30    -498.7   -112.53     19.94    35.026     207133
2015  3 17  6  4  0    0    -2.27    -8.20   -16.56    -504.5   -102.46     10.30    31.298     208151
2015  3 17  6  5  0    0    -3.42    -7.43   -18.71    -506.1    -95.37      9.24    29.662     206683
2015  3 17  6  6  0    0    -3.44    -8.54   -19.02    -505.4    -90.90     13.22    28.758     206683
2015  3 17  6  7  0    0    -3.61    -9.00   -19.25    -504.5    -89.77     15.45    28.314     207097
2015  3 17  6  8  0    0    -4.09    -9.71   -19.80    -504.5    -91.52     18.02    27.594     208280
2015  3 17  6  9  0    0    -4.24    -9.26   -20.60    -505.6    -91.25     17.38    27.826     208395
2015  3 17  6 10  0    0    -4.27    -9.06   -20.47    -507.4    -90.03     14.01    28.166     190005
2015  3 17  6 11  0    0    -4.41    -9.54   -20.13    -508.0    -88.85     11.66    28.204     167729
2015  3 17  6 12  0    0    -4.55    -8.97   -20.03    -508.8    -87.77     12.55    28.066     164917
2015  3 17  6 13  0    0    -4.90    -8.08   -20.19    -509.2    -86.16     13.98    27.735     170034
2015  3 17  6 14  0    0    -4.98    -9.19   -19.59    -509.0    -85.65     12.87    27.310     172997
2015  3 17  6 15  0    0    -4.66   -10.16   -19.09    -508.5    -86.64      9.73    26.879     166589
2015  3 17  6 16  0    0    -4.14   -10.33   -19.04    -507.4    -88.22      9.98    26.685     161782
2015  3 17  6 17  0    0    -3.69   -10.68   -19.13    -506.6    -90.44     13.12    26.680     161587
2015  3 17  6 18  0    0    -3.50   -11.16   -19.22    -505.2    -93.19     15.22    26.626     161204
2015  3 17  6 19  0    0    -3.40   -11.42   -19.10    -502.5    -95.29     16.15    26.318     160494
2015  3 17  6 20  0    0    -3.18   -12.27   -18.69    -503.4    -95.03     16.06    24.673     156591
2015  3 17  6 21  0    0    -2.90   -12.55   -18.54    -503.1    -95.77     16.42    24.367     156779
2015  3 17  6 22  0    0    -3.17   -12.73   -17.89    -503.5    -99.82     18.45    24.294     157805
2015  3 17  6 23  0    0    -2.89   -13.00   -17.41    -503.5   -102.56     19.26    24.662     158837
2015  3 17  6 24  0    0    -2.94   -13.50   -16.56    -504.1   -105.51     19.67    25.834     164491
2015  3 17  6 25  0    0    -3.53   -13.73   -15.95    -505.3   -107.57     19.44    27.504     171328
2015  3 17  6 26  0    0    -4.18   -14.07   -14.50    -507.6   -108.91     18.83    27.523     178930
2015  3 17  6 27  0    0    -4.32   -14.18   -13.43    -509.3   -107.73     18.21    27.333     186062
2015  3 17  6 28  0    0    -4.30   -13.93   -13.58    -510.6   -106.27     17.18    28.726     189027
2015  3 17  6 29  0    0    -4.27   -13.13   -13.85    -513.7   -106.13     15.25    28.831     177617
2015  3 17  6 30  0    0    -4.19   -12.32   -13.71    -514.8   -106.38     13.55    27.748     167354
2015  3 17  6 31  0    0    -3.99   -12.47   -13.35    -513.8   -106.32     13.91    26.325     167354
2015  3 17  6 32  0    0    -3.92   -13.93   -11.30    -511.9   -110.43     19.97    27.517     177597
2015  3 17  6 33  0    0    -3.56   -14.98    -9.55    -509.7   -111.45     22.92    28.622     193749
2015  3 17  6 34  0    0    -2.62   -16.13    -8.17    -508.3   -111.96     23.82    29.506     200724
2015  3 17  6 35  0    0    -1.59   -16.78    -7.48    -507.5   -114.98     23.60    30.005     200724
2015  3 17  6 36  0    0    -1.08   -16.87    -7.26    -506.6   -120.08     23.79    30.143     200635
2015  3 17  6 37  0    0    -0.43   -17.00    -6.68    -505.0   -124.07     27.84    30.086     198041
2015  3 17  6 38  0    0     0.90   -17.26    -5.35    -502.7   -126.10     35.75    29.897     191783
2015  3 17  6 39  0    0     1.47   -17.74    -3.38    -501.9   -127.06     35.23    29.278     187159
2015  3 17  6 40  0    0     1.69   -17.85    -2.75    -500.7   -127.93     27.38    28.239     187159
2015  3 17  6 41  0    0     2.30   -17.86    -2.62    -499.1   -122.70     28.26    27.240     185920
2015  3 17  6 42  0    0     3.18   -17.93    -2.07    -497.1   -121.20     33.20    27.041     183731
2015  3 17  6 43  0    0     3.04   -18.12    -0.42    -496.8   -121.16     44.04    27.020     182805
2015  3 17  6 44  0    0     1.90   -17.19     1.27    -502.8   -125.24     58.50    26.032     192075
2015  3 17  6 45  0    0     1.49   -13.43     6.81    -502.6   -128.85     69.90    25.135     208689
2015  3 17  6 46  0    0     1.52   -11.92    11.44    -502.2   -132.98     70.27    26.525     275044
2015  3 17  6 47  0    0     1.75   -12.24     6.79    -504.4   -138.40     72.01    29.597     304493
2015  3 17  6 48  0    0     1.73   -13.96    -2.26    -504.1   -142.26     77.34    28.810     322527
2015  3 17  6 49  0    0     1.74   -14.52    -8.46    -504.3   -143.37     78.44    27.178     314855
2015  3 17  6 50  0    0     1.77   -13.78    -6.66    -504.8   -142.85     76.54    26.518     287516
2015  3 17  6 51  0    0     2.37   -11.52     4.35    -506.5   -136.85     66.39    25.990     280737
2015  3 17  6 52  0    0     2.55    -8.80    14.88    -509.2   -127.41     50.80    25.030     282852
2015  3 17  6 53  0    0     1.55    -9.84    14.22    -510.8   -125.73     46.06    23.213     286657
2015  3 17  6 54  0    0     2.91    -8.35    13.61    -509.4   -126.40     46.59    23.491     289614
2015  3 17  6 55  0    0     4.64    -6.80    13.53    -507.8   -126.77     46.88    24.331     299790
2015  3 17  6 56  0    0     5.62    -5.88    13.61    -506.7   -126.79     46.88    25.084     308038
2015  3 17  6 57  0    0     5.87    -5.48    13.29    -506.2   -127.55     47.64    25.823     305747
2015  3 17  6 58  0    0     6.14    -6.59    11.26    -506.6   -129.42     48.78    26.695     302311
2015  3 17  6 59  0    0     7.38    -8.82     5.22    -508.5   -130.48     47.88    27.503     309004
2015  3 17  7  0  0    0     8.41   -10.32     2.06    -509.5   -128.39     47.21    27.468     315778
2015  3 17  7  1  0    0     8.87   -10.46     2.29    -507.9   -127.06     47.77    27.083     316731
2015  3 17  7  2  0    0     9.37   -10.48     2.48    -505.1   -126.99     48.28    26.756     314782
2015  3 17  7  3  0    0     9.90   -11.00     2.09    -501.9   -127.22     48.28    26.640     310058
2015  3 17  7  4  0    0     8.65   -12.86    -1.20    -501.8   -126.18     48.76    26.596     304957
2015  3 17  7  5  0    0    -1.01   -19.91    -9.42    -501.7   -125.71     57.91    26.631     304983
2015  3 17  7  6  0    0    -1.01   -19.91   -11.13    -501.2   -120.09     57.91    26.797     305495
2015  3 17  7  7  0    0    -1.01   -18.82   -11.46    -498.8   -119.00     55.66    27.029     318275
2015  3 17  7  8  0    0    -0.46   -14.08   -11.49    -497.9   -118.18     53.30    27.098     321677
2015  3 17  7  9  0    0    -0.58   -12.08   -12.18    -497.4   -118.25     48.55    27.054     322103
2015  3 17  7 10  0    0    -0.44   -11.14   -12.90    -496.2   -115.76     49.99    27.133     322223
2015  3 17  7 11  0    0    -0.06    -9.68   -13.16    -495.4   -114.14     49.19    27.311     319468
2015  3 17  7 12  0    0     1.38    -9.07   -10.26    -494.8   -112.41     49.92    27.411     314379
2015  3 17  7 13  0    0     2.81    -9.34    -7.05    -495.3   -108.34     50.30    26.486     301385
2015  3 17  7 14  0    0     2.70    -9.69    -8.04    -496.1   -103.31     47.40    25.138     283671
2015  3 17  7 15  0    0     2.87   -10.62    -8.50    -494.7   -101.36     52.16    24.787     277734
2015  3 17  7 16  0    0     3.60   -11.41    -7.67    -491.9   -101.61     58.68    25.001     279558
2015  3 17  7 17  0    0     4.66   -11.51    -6.36    -488.3   -101.62     62.20    25.611     284769
2015  3 17  7 18  0    0     5.24   -11.38    -3.97    -486.6   -105.98     61.60    26.158     285193
2015  3 17  7 19  0    0     7.39   -10.40     0.31    -483.4   -109.69     68.02    26.306     285211
2015  3 17  7 20  0    0     9.20    -9.56     3.75    -479.7   -113.06     74.40    26.277     283375
2015  3 17  7 21  0    0     9.20    -9.54     4.09    -475.8   -116.23     75.96    26.085     277256
2015  3 17  7 22  0    0     9.07   -10.59     3.28    -474.7   -115.92     82.55    25.548     270940
2015  3 17  7 23  0    0     9.06   -10.38     3.55    -473.3   -113.40     86.66    25.341     269454
2015  3 17  7 24  0    0     9.19    -9.21     4.65    -472.5   -109.93     87.88    25.309     274269
2015  3 17  7 25  0    0     9.65    -8.24     7.59    -473.1   -105.53     87.00    25.106     283044
2015  3 17  7 26  0    0     5.92    -9.02    -1.40    -491.0    -90.34     88.39    20.643     397007
2015  3 17  7 27  0    0     4.42    -9.49    -3.75    -491.5    -80.84     83.73    18.920     388604
2015  3 17  7 28  0    0     2.72    -8.62   -10.17    -493.7    -69.60     80.81    19.255     358495
2015  3 17  7 29  0    0     0.43    -8.01   -16.51    -496.4    -61.55     84.58    19.499     365575
2015  3 17  7 30  0    0    -1.05    -6.84   -17.63    -496.3    -58.20     81.82    18.870     376986
2015  3 17  7 31  0    0    -2.02    -5.58   -17.91    -495.7    -55.42     81.09    18.539     381444
2015  3 17  7 32  0    0    -3.15    -4.51   -18.56    -496.1    -51.80     80.68    18.672     381468
2015  3 17  7 33  0    0    -6.06    -3.28   -19.12    -501.8    -41.20     76.94    19.663     376584
2015  3 17  7 34  0    0    -6.60    -1.69   -18.13    -517.6    -30.11     78.16    20.099     385144
2015  3 17  7 35  0    0    -6.60    -0.30   -18.01    -518.5    -17.16     78.45    17.874     383603
2015  3 17  7 36  0    0    -5.88    -0.22   -17.95    -517.2    -11.46     75.10    16.944     379352
2015  3 17  7 37  0    0    -5.01    -0.52   -17.76    -514.9    -10.22     70.58    16.913     375495
2015  3 17  7 38  0    0    -4.21    -1.00   -17.44    -512.5    -12.08     69.23    16.894     371777
2015  3 17  7 39  0    0    -3.51    -1.34   -17.06    -508.9    -16.86     70.39    16.876     368433
2015  3 17  7 40  0    0    -2.85    -1.73   -16.70    -505.8    -21.63     72.11    16.858     364915
2015  3 17  7 41  0    0    -1.92    -2.31   -16.25    -503.2    -26.85     76.36    16.839     364397
2015  3 17  7 42  0    0     0.06    -3.24   -15.45    -499.4    -35.78     88.46    16.822     374697
2015  3 17  7 43  0    0     0.74    -4.48   -14.67    -496.4    -39.60     92.49    16.804     393035
2015  3 17  7 44  0    0     1.16    -5.47   -13.00    -493.9    -41.89     93.63    16.785     413884
2015  3 17  7 45  0    0     1.85    -6.16   -10.76    -491.6    -43.97     94.07    16.765     434986
2015  3 17  7 46  0    0     3.30    -7.06    -9.06    -490.1    -44.77     94.24    16.859     457534
2015  3 17  7 47  0    0     9.68   -10.03    -5.26    -504.3    -24.20     94.68    19.376     511053
2015  3 17  7 48  0    0     7.30    -8.17    -7.62    -514.0     -6.90     95.31    20.789     554701
2015  3 17  7 49  0    0     6.00    -7.32    -5.38    -516.5      0.52     96.16    20.726     586891
2015  3 17  7 50  0    0     6.53    -9.53    -6.21    -521.0      4.57     94.93    19.946     623462
2015  3 17  7 51  0    0     4.38    -7.50   -10.87    -523.5      5.73     83.14    18.849     655173
2015  3 17  7 52  0    0     3.85    -5.89   -12.71    -523.3      5.11     86.72    18.398     679879
2015  3 17  7 53  0    0     5.10    -7.95   -13.38    -528.6      4.72     82.79    18.382     709278
2015  3 17  7 54  0    0     3.98    -7.71   -14.50    -531.8      3.01     73.70    18.269     728648
2015  3 17  7 55  0    0     0.12    -6.57   -14.39    -543.1      4.13     60.77    17.818     727580
2015  3 17  7 56  0    0     0.76    -5.45   -14.26    -539.1     10.14     56.62    17.818     719530
2015  3 17  7 57  0    0     1.72    -4.51   -13.78    -534.2     11.74     52.22    17.534     717174
2015  3 17  7 58  0    0     2.91    -3.69   -13.20    -529.1     11.74     47.36    17.109     716563
2015  3 17  7 59  0    0     4.73    -3.08   -12.79    -524.7     11.74     40.71    16.494     714323
2015  3 17  8  0  0    0     5.97    -2.91   -12.29    -521.6      1.78     34.15    16.231     691065
2015  3 17  8  1  0    0     6.60    -3.04   -12.28    -518.6     -5.80     28.49    16.119     657095
2015  3 17  8  2  0    0     6.79    -3.25   -12.95    -515.1     -4.87     23.74    16.002     619070
2015  3 17  8  3  0    0     6.89    -3.31   -13.98    -511.9      3.14     18.38    15.858     565085
2015  3 17  8  4  0    0     7.79    -4.08   -14.83    -510.9      5.27      6.63    15.574     553325
2015  3 17  8  5  0    0     8.47    -6.32   -14.85    -513.7      4.07     21.45    14.916     538420
2015  3 17  8  6  0    0     0.94    -2.86   -16.21    -550.0      7.11     15.91    17.364     609432
2015  3 17  8  7  0    0     1.62    -2.85   -16.05    -553.0     10.38     11.20    18.124     637034
2015  3 17  8  8  0    0     1.94    -3.48   -16.09    -551.3      9.55      6.31    18.168     637122
2015  3 17  8  9  0    0     2.38    -4.20   -16.14    -549.5      8.27      4.22    18.460     637208
2015  3 17  8 10  0    0     2.89    -5.03   -16.14    -548.1      6.77      1.62    18.713     637294
2015  3 17  8 11  0    0     3.37    -5.94   -16.00    -546.5      2.47     -2.87    18.713     637379
2015  3 17  8 12  0    0     4.11    -6.93   -15.43    -544.8     -2.90     -5.65    18.717     637464
2015  3 17  8 13  0    0     4.82    -7.71   -14.30    -543.1     -3.51     -5.54    18.733     637541
2015  3 17  8 14  0    0     5.30    -8.14   -13.70    -541.5      6.54     -0.53    18.733     637541
2015  3 17  8 15  0    0     7.75   -11.24   -11.65    -541.7     18.33      4.90    17.652     614038
2015  3 17  8 16  0    0     0.94    -4.01   -18.21    -566.6     49.72     21.09    18.377     625506
2015  3 17  8 17  0    0     0.27    -2.96   -18.80    -566.9     56.61     24.70    18.733     632843
2015  3 17  8 18  0    0    -0.76    -1.98   -18.85    -566.0     58.21     25.03    18.935     639627
2015  3 17  8 19  0    0    -1.09    -2.15   -18.34    -563.6     56.08     23.23    19.037     645645
2015  3 17  8 20  0    0    -0.48    -3.09   -17.54    -560.8     53.22     20.92    19.039     651379
2015  3 17  8 21  0    0    -0.63    -3.37   -17.27    -560.7     52.45     19.50    18.906     658237
2015  3 17  8 22  0    0    -2.13    -2.59   -18.28    -564.1     57.25     18.21    18.143     666462
2015  3 17  8 23  0    0    -3.52    -0.50   -19.76    -565.7     64.82     17.45    17.682     673832
2015  3 17  8 24  0    0    -3.75    -0.26   -20.20    -562.3     62.58     16.77    17.721     679127
2015  3 17  8 25  0    0    -3.45    -0.66   -20.33    -558.3     56.27     16.67    17.957     684321
2015  3 17  8 26  0    0    -0.83    -4.46   -20.29    -558.2     48.84     17.17    18.884     691188
2015  3 17  8 27  0    0    -0.97    -4.90   -20.68    -557.3     48.05     17.48    19.056     697877
2015  3 17  8 28  0    0    -3.70    -2.69   -21.20    -558.0     49.20     18.02    18.875     705265
2015  3 17  8 29  0    0    -3.66    -1.06   -21.79    -559.5     50.96     19.88    18.539     713180
2015  3 17  8 30  0    0    -3.56    -1.45   -21.90    -559.8     49.20     19.64    18.586     720502
2015  3 17  8 31  0    0    -3.22    -2.65   -21.65    -559.4     48.37     17.52    18.956     727361
2015  3 17  8 32  0    0    -3.04    -3.10   -21.25    -557.4     45.54     16.59    18.990     733139
2015  3 17  8 33  0    0    -2.77    -4.51   -20.95    -557.6     42.20     16.33    18.975     740146
2015  3 17  8 34  0    0    -1.98    -5.98   -20.33    -560.5     40.62     13.95    18.549     748264
2015  3 17  8 35  0    0    -1.78    -6.69   -19.95    -560.1     40.72     12.49    18.254     755011
2015  3 17  8 36  0    0    -1.05    -7.26   -19.57    -559.0     40.34     11.02    18.251     761394
2015  3 17  8 37  0    0     0.14    -8.56   -18.12    -558.4     44.89     15.01    18.572     767127
2015  3 17  8 38  0    0     0.40    -8.86   -17.72    -558.9     45.12     13.87    19.137     765519
2015  3 17  8 39  0    0     0.34    -9.05   -18.69    -559.4     48.79      9.82    19.809     751845
2015  3 17  8 40  0    0     0.87    -9.47   -18.30    -557.0     36.97      5.75    19.931     738612
2015  3 17  8 41  0    0     1.42    -8.45   -18.45    -557.5     43.29     -0.35    20.112     724900
2015  3 17  8 42  0    0    -0.05    -7.31   -19.29    -568.1     52.88      7.33    20.782     694408
2015  3 17  8 43  0    0    -2.12    -5.48   -19.93    -572.0     62.66      7.58    20.785     673437
2015  3 17  8 44  0    0    -3.64    -5.10   -20.22    -574.3     69.95      7.63    20.238     655976
2015  3 17  8 45  0    0    -4.77    -4.35   -20.47    -576.3     73.65      7.95    20.568     654351
2015  3 17  8 46  0    0    -4.44    -4.66   -20.45    -575.8     72.59      7.63    21.381     654513
2015  3 17  8 47  0    0    -3.40    -5.19   -20.30    -573.0     68.08      8.59    21.368     655261
2015  3 17  8 48  0    0    -2.95    -7.57   -19.38    -568.8     64.55      8.26    21.125     655881
2015  3 17  8 49  0    0    -0.76    -8.66   -18.38    -570.1     62.51      7.47    21.012     676407
2015  3 17  8 50  0    0     0.05    -9.62   -17.47    -570.6     61.67      6.72    21.006     705081
2015  3 17  8 51  0    0     0.35    -8.74   -17.43    -571.2     63.15     11.08    20.543     736078
2015  3 17  8 52  0    0     1.05    -8.90   -18.10    -572.2     61.46     12.92    20.432     738694
2015  3 17  8 53  0    0     1.64    -8.04   -18.24    -572.9     60.85     10.63    20.617     670856
2015  3 17  8 54  0    0     2.41    -9.31   -17.65    -571.9     59.59      8.61    20.977     634784
2015  3 17  8 55  0    0     4.68   -11.38   -15.16    -566.5     58.79     10.05    21.043     617868
2015  3 17  8 56  0    0     6.98   -13.22   -13.15    -562.4     56.39     12.03    20.952     608281
2015  3 17  8 57  0    0     8.71   -14.38   -11.73    -560.8     52.28     13.90    20.707     617194
2015  3 17  8 58  0    0     9.16   -14.95    -9.68    -559.2     50.83     14.25    20.696     647857
2015  3 17  8 59  0    0     9.02   -14.86   -10.06    -559.4     51.31     15.17    21.343     671443
2015  3 17  9  0  0    0     7.76   -13.98   -13.42    -558.7     52.05     20.20    23.046     680932
2015  3 17  9  1  0    0     6.56   -11.94   -14.16    -558.3     51.37     23.06    24.154     681754
2015  3 17  9  2  0    0     6.32   -12.13   -13.42    -557.2     48.02     24.09    24.646     689840
2015  3 17  9  3  0    0     6.84   -11.90   -13.38    -556.4     45.54     23.45    24.745     689840
2015  3 17  9  4  0    0     7.93   -11.88   -12.27    -553.9     45.33     21.95    24.514     670767
2015  3 17  9  5  0    0     9.55   -12.53   -10.56    -549.8     47.17     22.82    24.368     643479
2015  3 17  9  6  0    0    11.00   -13.44    -8.26    -546.6     48.39     24.60    23.904     621395
2015  3 17  9  7  0    0    11.56   -14.30    -5.49    -546.4     47.89     26.84    22.589     614567
2015  3 17  9  8  0    0    11.50   -14.70    -4.22    -546.2     46.91     28.27    21.238     609125
2015  3 17  9  9  0    0    11.58   -14.59    -4.69    -544.1     43.29     29.36    20.805     600837
2015  3 17  9 10  0    0    11.59   -13.02    -6.06    -542.2     42.62     37.72    20.793     594111
2015  3 17  9 11  0    0    12.22   -13.55    -7.74    -541.5     40.70     38.50    21.362     594111
2015  3 17  9 12  0    0    12.42   -13.90    -8.19    -542.3     36.23     39.34    21.931     628992
2015  3 17  9 13  0    0    12.67   -13.87    -7.51    -542.3     34.00     40.09    21.933     651195
2015  3 17  9 14  0    0    12.84   -13.27    -7.08    -541.4     36.11     39.60    21.999     665834
2015  3 17  9 15  0    0    12.68   -13.04    -7.52    -543.9     47.24     40.17    22.059     666159
2015  3 17  9 16  0    0    12.37   -12.67    -6.85    -544.0     48.23     41.43    22.041     663098
2015  3 17  9 17  0    0    11.59   -12.82    -5.31    -542.4     49.33     42.42    21.924     651001
2015  3 17  9 18  0    0    11.49   -13.04    -4.67    -542.2     51.14     44.10    21.730     641926
2015  3 17  9 19  0    0    11.70   -14.46    -4.57    -542.8     49.72     45.64    21.548     632828
2015  3 17  9 20  0    0    12.58   -15.51    -4.21    -543.8     52.10     48.19    21.752     643296
2015  3 17  9 21  0    0    12.78   -15.76    -2.82    -546.8     55.39     49.48    23.616     708195
2015  3 17  9 22  0    0    12.66   -15.41    -2.08    -542.8     57.53     50.42    23.987     704291
2015  3 17  9 23  0    0    12.39   -15.69    -1.78    -543.4     57.40     59.04    23.442     651259
2015  3 17  9 24  0    0    12.27   -16.13    -1.59    -544.8     54.88     60.56    23.418     648486
2015  3 17  9 25  0    0    12.16   -16.26    -1.09    -546.5     53.57     61.80    23.960     647109
2015  3 17  9 26  0    0    12.95   -15.48    -0.59    -546.3     54.82     63.92    24.374     644065
2015  3 17  9 27  0    0    13.20   -14.48    -0.16    -546.5     55.68     68.34    24.448     644065
2015  3 17  9 28  0    0    13.74   -12.45     0.39    -545.7     56.45     69.98    24.444     640159
2015  3 17  9 29  0    0    15.08   -11.85     1.21    -543.3     56.80     73.01    24.457     629470
2015  3 17  9 30  0    0    15.13   -11.10     2.29    -540.9     57.50     75.64    24.565     629470
2015  3 17  9 31  0    0    15.50   -10.45     2.34    -538.9     57.55     75.51    24.794     657199
2015  3 17  9 32  0    0    15.47   -10.42     2.03    -538.3     57.24     75.31    24.926     673188
2015  3 17  9 33  0    0    13.96   -12.18     0.53    -540.4     56.14     75.44    24.951     676100
2015  3 17  9 34  0    0    13.30   -16.05     0.17    -540.7     55.60     75.22    24.769     629889
2015  3 17  9 35  0    0    13.10   -16.40     0.35    -541.7     56.48     73.71    23.783     588169
2015  3 17  9 36  0    0    14.00   -16.33     1.36    -539.9     58.94     71.80    22.951     588169
2015  3 17  9 37  0    0    14.64   -16.07     1.75    -540.1     62.00     70.13    22.564     593757
2015  3 17  9 38  0    0    15.28   -15.88     2.02    -538.6     65.25     68.64    22.528     607124
2015  3 17  9 39  0    0    15.37   -15.88     3.01    -542.5     66.07     68.62    22.407     610690
2015  3 17  9 40  0    0    15.36   -15.55     3.26    -545.6     62.80     62.77    22.344     610372
2015  3 17  9 41  0    0    15.52   -15.42     2.36    -546.6     60.40     59.99    22.235     609481
2015  3 17  9 42  0    0    15.33   -15.62     1.64    -547.9     58.03     63.67    21.937     609481
2015  3 17  9 43  0    0    14.57   -15.64     1.32    -550.9     57.45     68.36    22.017     611827
2015  3 17  9 44  0    0    14.01   -15.56     0.99    -552.7     57.76     64.54    22.511     613336
2015  3 17  9 45  0    0    14.17   -15.12    -0.06    -550.4     57.99     60.93    22.950     613336
2015  3 17  9 46  0    0    14.56   -14.85    -1.24    -547.6     57.71     60.31    23.625     622429
2015  3 17  9 47  0    0    14.92   -14.89    -2.08    -545.7     57.27     62.62    24.519     638922
2015  3 17  9 48  0    0    15.04   -14.79    -2.10    -544.8     57.58     65.41    25.066     647536
2015  3 17  9 49  0    0    15.04   -14.39    -1.08    -544.5     58.62     66.91    25.137     657522
2015  3 17  9 50  0    0    14.93   -13.54    -0.92    -545.2     61.78     66.23    25.016     686944
2015  3 17  9 51  0    0    14.80   -13.50    -0.33    -547.1     62.28     60.10    25.099     726615
2015  3 17  9 52  0    0    14.24   -13.01    -0.08    -546.9     56.72     55.81    25.426     720194
2015  3 17  9 53  0    0    12.83   -11.74    -0.42    -547.8     48.57     48.63    25.513     693063
2015  3 17  9 54  0    0    11.96   -11.29    -0.60    -547.9     46.62     41.89    25.098     647221
2015  3 17  9 55  0    0    12.12   -12.37     0.14    -549.7     47.01     39.84    23.989     577534
2015  3 17  9 56  0    0    13.14   -13.76     2.73    -554.7     58.81     37.15    22.237     521037
2015  3 17  9 57  0    0    13.87   -14.01     3.30    -553.0     59.02     37.02    21.485     503677
2015  3 17  9 58  0    0    14.77   -13.60     2.44    -552.1     60.83     39.22    21.261     485299
2015  3 17  9 59  0    0    15.41   -12.97     1.77    -550.4     60.55     41.81    21.040     478935
2015  3 17 10  0  0    0    15.14   -12.64     2.91    -552.7     61.56     48.47    20.527     482332
2015  3 17 10  1  0    0    13.89   -12.80     4.76    -556.0     60.44     51.56    20.088     528357
2015  3 17 10  2  0    0    13.13   -13.07     4.55    -557.2     60.42     51.85    19.823     530574
2015  3 17 10  3  0    0    10.23    -4.00     8.78    -557.5     62.09     51.21    19.364     500666
2015  3 17 10  4  0    0    10.65    -4.14     8.81    -557.1     66.85     53.28    18.482     500764
2015  3 17 10  5  0    0    15.49   -12.05     7.90    -558.1     68.13     56.12    17.944     507750
2015  3 17 10  6  0    0    15.79   -13.58     7.34    -558.8     67.06     53.37    17.879     525917
2015  3 17 10  7  0    0    15.42   -14.49     5.89    -561.4     63.74     45.19    17.904     535510
2015  3 17 10  8  0    0    14.46   -14.19     5.32    -563.2     56.55     38.06    18.035     534710
2015  3 17 10  9  0    0    13.80   -13.62     5.76    -567.3     56.10     29.82    18.399     528016
2015  3 17 10 10  0    0    13.37   -13.29     6.41    -572.2     48.98     20.88    18.776     518728
2015  3 17 10 11  0    0    13.24   -14.29     6.41    -572.5     31.60     14.20    18.904     514823
2015  3 17 10 12  0    0    12.92   -14.29     5.94    -572.5     31.31      8.47    18.919     514761
2015  3 17 10 13  0    0    13.30   -14.26     6.00    -568.2     34.42      6.40    18.976     543583
2015  3 17 10 14  0    0    13.39   -14.17     6.03    -567.5     35.63      4.30    19.553     558810
2015  3 17 10 15  0    0    12.95   -13.53     7.58    -568.8     30.14      4.48    20.449     560752
2015  3 17 10 16  0    0    12.74   -13.13     8.09    -567.1     28.44      0.31    20.678     552387
2015  3 17 10 17  0    0    13.12   -12.97     8.46    -566.5     37.93      4.26    20.697     539884
2015  3 17 10 18  0    0    13.39   -12.46     9.37    -565.5     45.24     13.97    20.507     530024
2015  3 17 10 19  0    0    13.28   -11.32    11.42    -564.4     48.92     23.53    20.296     526110
2015  3 17 10 20  0    0    13.21   -10.35    13.52    -565.8     54.28     34.33    19.816     532058
2015  3 17 10 21  0    0    13.55   -10.17    14.00    -570.7     59.45     42.66    18.695     536571
2015  3 17 10 22  0    0    14.35   -10.23    14.50    -571.9     61.35     46.67    17.759     529740
2015  3 17 10 23  0    0    14.87    -9.84    14.56    -573.4     63.51     45.47    17.761     496594
2015  3 17 10 24  0    0    14.84    -6.40    15.28    -574.7     68.93     38.96    18.450     498937
2015  3 17 10 25  0    0    14.34    -6.84    15.13    -581.0     71.95     31.09    19.885     521994
2015  3 17 10 26  0    0    14.12    -8.21    15.80    -584.5     69.95     33.74    19.407     528265
2015  3 17 10 27  0    0    14.33    -8.94    16.12    -581.8     67.89     34.47    19.129     515362
2015  3 17 10 28  0    0    14.86    -9.62    16.11    -579.4     64.76     33.87    19.041     504302
2015  3 17 10 29  0    0    15.70   -10.52    15.69    -579.0     60.20     33.52    19.014     504302
2015  3 17 10 30  0    0    15.99   -11.39    14.87    -578.5     57.32     32.55    18.477     503158
2015  3 17 10 31  0    0    15.82   -12.04    14.30    -577.8     53.89     30.16    17.581     501079
2015  3 17 10 32  0    0    15.73   -13.08    13.56    -576.8     47.48     25.68    17.592     514153
2015  3 17 10 33  0    0    15.46   -14.05    12.04    -576.8     40.78     20.45    17.627     554247
2015  3 17 10 34  0    0    15.33   -14.73    11.86    -578.3     28.75     15.17    17.584     547612
2015  3 17 10 35  0    0    15.28   -14.80    13.11    -583.0     17.46     11.34    17.152     496808
2015  3 17 10 36  0    0    15.52   -14.73    14.36    -584.5     14.17      5.14    16.833     472679
2015  3 17 10 37  0    0    15.45   -14.36    14.86    -583.6     19.05      6.32    16.866     479377
2015  3 17 10 38  0    0    15.45   -13.98    14.41    -582.6     32.18     11.56    17.428     501784
2015  3 17 10 39  0    0    15.21   -11.76    13.69    -585.8     46.27     15.89    17.728     514446
2015  3 17 10 40  0    0    15.12   -11.49    13.49    -593.2     49.93     15.68    17.151     542507
2015  3 17 10 41  0    0    15.10   -12.58    12.54    -595.9     48.91      7.46    17.547     565529
2015  3 17 10 42  0    0    14.69   -12.20    10.72    -597.0     46.87      1.35    18.521     605755
2015  3 17 10 43  0    0    14.03   -11.56    10.24    -595.7     46.69      2.20    19.427     627142
2015  3 17 10 44  0    0    13.88   -11.19    10.34    -591.7     44.14     -3.53    19.956     619262
2015  3 17 10 45  0    0    14.23   -11.48    11.35    -586.5     41.48     -6.07    19.842     571979
2015  3 17 10 46  0    0    15.00   -10.42    12.09    -583.5     39.70     -5.92    19.113     538942
2015  3 17 10 47  0    0    15.75    -9.88    12.54    -580.8     37.92     -4.78    18.223     526336
2015  3 17 10 48  0    0    16.10   -10.74    12.83    -580.6     35.55     -3.81    17.738     525251
2015  3 17 10 49  0    0    15.37   -11.30    12.97    -586.5     37.30     -4.39    18.467     612000
2015  3 17 10 50  0    0    13.25   -12.08    12.49    -589.5     39.89     -1.62    20.055     705577
2015  3 17 10 51  0    0    11.66   -12.68    11.52    -598.1     37.16     -1.41    21.252     721008
2015  3 17 10 52  0    0    10.62   -13.57    10.50    -602.4     32.65     -4.24    21.474     733662
2015  3 17 10 53  0    0    10.39   -13.93     9.91    -602.2     32.25     -2.14    21.097     738583
2015  3 17 10 54  0    0     9.91   -14.88     9.81    -602.9     35.61      0.11    20.372     725757
2015  3 17 10 55  0    0    10.32   -14.96     9.75    -602.1     40.07      0.05    19.876     707300
2015  3 17 10 56  0    0    11.48   -14.78    10.23    -601.6     49.49      0.45    19.495     691839
2015  3 17 10 57  0    0    12.00   -14.13    10.84    -596.6     58.52     10.25    19.265     686489
2015  3 17 10 58  0    0    12.14   -13.21    11.36    -589.3     66.21     24.14    19.102     685151
2015  3 17 10 59  0    0    11.87   -13.21    12.13    -588.2     78.20     24.12    18.652     658069
2015  3 17 11  0  0    0    11.80   -13.32    12.86    -586.2     94.08     28.56    18.648     655699
2015  3 17 11  1  0    0    12.23   -13.08    13.03    -586.6    100.37     33.58    18.932     671211
2015  3 17 11  2  0    0    12.80   -11.64    12.91    -586.1     99.35     31.01    19.613     701699
2015  3 17 11  3  0    0    12.91   -10.69    12.97    -582.6     97.20     33.34    20.079     731227
2015  3 17 11  4  0    0    12.87   -10.26    12.96    -578.6     95.21     37.07    20.714     775231
2015  3 17 11  5  0    0    12.78   -10.15    12.76    -574.9     94.26     40.19    21.512     830226
2015  3 17 11  6  0    0    12.67    -9.76    12.25    -572.4     97.43     42.64    21.512     841463
2015  3 17 11  7  0    0    12.58    -9.40    12.16    -572.2    101.35     48.89    20.963     841838
2015  3 17 11  8  0    0    12.25    -7.85    13.14    -572.1    112.47     53.69    20.123     761790
2015  3 17 11  9  0    0     9.80    -2.75    15.08    -572.9    116.59     54.17    19.494     750085
2015  3 17 11 10  0    0     7.27     2.59    17.46    -588.1    139.22     52.61    22.043     735358
2015  3 17 11 11  0    0     5.18     6.29    16.47    -590.7    146.41     48.79    23.597     726378
2015  3 17 11 12  0    0     4.62     4.06    18.28    -595.4    152.73     45.73    25.192     716605
2015  3 17 11 13  0    0     3.54    12.95    12.66    -606.5    159.90     33.04    25.882     711326
2015  3 17 11 14  0    0     1.57    18.43     6.18    -609.7    168.63     24.65    25.979     756154
2015  3 17 11 15  0    0     0.15    20.81     3.33    -609.1    166.84     23.85    26.084     837628
2015  3 17 11 16  0    0    -0.53    20.73     3.17    -607.9    162.69     23.77    25.716     837628
2015  3 17 11 17  0    0    -1.09    20.49     1.98    -606.4    165.98     25.69    24.488     837628
2015  3 17 11 18  0    0    -2.01    20.74    -0.12    -605.5    164.95     26.77    23.425     839649
2015  3 17 11 19  0    0    -2.22    20.79    -0.92    -605.3    163.82     27.48    23.635     862007
2015  3 17 11 20  0    0    -2.07    20.67    -0.48    -602.2    163.10     27.77    24.726     864927
2015  3 17 11 21  0    0    -1.98    20.17     0.05    -601.2    165.66     27.65    26.015     844521
2015  3 17 11 22  0    0    -2.07    19.68     0.62    -601.3    169.39     27.05    27.021     795503
2015  3 17 11 23  0    0    -2.25    19.77     1.12    -601.4    169.98     25.32    27.295     775835
2015  3 17 11 24  0    0    -2.34    20.06     2.41    -601.6    168.25     24.10    27.354     775678
2015  3 17 11 25  0    0    -2.32    19.93     3.32    -601.4    169.68     25.08    27.579     790719
2015  3 17 11 26  0    0    -2.32    19.66     5.21    -601.3    171.73     27.40    27.770     799652
2015  3 17 11 27  0    0    -2.48    17.63     8.10    -601.9    174.16     31.32    28.017     832181
2015  3 17 11 28  0    0    -3.84    13.13    12.76    -607.2    173.69     38.74    28.581    1046604
2015  3 17 11 29  0    0    -5.02     9.94    14.92    -604.8    166.04     40.78    27.378    1051275
2015  3 17 11 30  0    0    -5.05     6.30    16.80    -603.0    156.03     45.08    25.069    1032592
2015  3 17 11 31  0    0    -3.88     0.95    17.55    -600.7    150.64     48.05    24.397     959154
2015  3 17 11 32  0    0    -2.27    -4.40    17.53    -599.6    148.78     49.08    24.398     889699
2015  3 17 11 33  0    0    -1.37    -6.65    17.69    -597.1    149.13     49.13    24.547     867070
2015  3 17 11 34  0    0    -0.87    -7.11    18.04    -593.4    151.31     49.70    25.063     872803
2015  3 17 11 35  0    0     0.26    -7.49    17.97    -593.0    156.56     52.33    26.392     899210
2015  3 17 11 36  0    0     1.26    -5.19    18.60    -593.0    157.25     55.48    27.018     925895
2015  3 17 11 37  0    0     1.51    -6.66    18.58    -593.9    155.62     55.33    26.139     954004
2015  3 17 11 38  0    0     1.72    -9.64    18.52    -593.4    152.76     50.34    24.055     973984
2015  3 17 11 39  0    0     2.00   -10.93    18.18    -593.0    155.55     44.05    22.651     974269
2015  3 17 11 40  0    0     2.51    -9.41    17.33    -593.7    166.47     44.29    24.107     969991
2015  3 17 11 41  0    0     1.92    -3.01    15.59    -595.4    174.51     43.51    26.879     951593
2015  3 17 11 42  0    0     1.24     2.63    10.95    -597.3    173.99     36.64    26.492     942434
2015  3 17 11 43  0    0     0.44     2.99     8.30    -598.1    168.43     33.83    24.777     942434
2015  3 17 11 44  0    0    -0.14     3.21     7.84    -597.5    165.44     31.67    23.347     928601
2015  3 17 11 45  0    0    -0.37     3.03     7.57    -597.7    166.66     27.90    23.372     899834
2015  3 17 11 46  0    0    -2.37     9.10     7.32    -600.1    173.09     17.06    24.218     874403
2015  3 17 11 47  0    0    -3.51    16.31     4.60    -603.4    177.48      9.65    23.996     854562
2015  3 17 11 48  0    0    -0.16    17.95     0.73    -602.1    177.39      6.25    22.229     796762
2015  3 17 11 49  0    0     1.24    18.71    -0.55    -599.2    176.14      3.65    21.566     774510
2015  3 17 11 50  0    0    -0.36    20.01    -0.35    -595.8    174.30      1.67    21.353     774510
2015  3 17 11 51  0    0    -3.42    21.76     0.05    -592.9    172.16      0.23    20.560     761217
2015  3 17 11 52  0    0    -4.32    21.92     0.40    -594.4    169.29      0.26    17.998     681448
2015  3 17 11 53  0    0    -5.21    21.64     1.09    -598.7    166.12     -1.03    16.233     629210
2015  3 17 11 54  0    0    -5.00    21.28     1.12    -597.0    163.53     -5.74    16.039     629422
2015  3 17 11 55  0    0    -4.65    20.94     0.63    -594.2    162.29    -11.63    16.090     632319
2015  3 17 11 56  0    0    -4.47    20.58     0.16    -590.7    164.38    -13.80    16.216     640676
2015  3 17 11 57  0    0    -5.48    20.58     0.50    -588.0    161.83    -16.32    16.438     656625
2015  3 17 11 58  0    0    -5.64    21.11     0.54    -586.3    159.93    -18.07    16.729     677026
2015  3 17 11 59  0    0    -4.96    23.00    -1.67    -586.1    159.07    -19.10    17.868     728238
2015  3 17 12  0  0    0    -5.07    23.44    -3.32    -587.8    156.13    -14.82    18.142     740152
2015  3 17 12  1  0    0    -5.46    22.87    -4.17    -587.6    160.34    -15.46    18.182     723778
2015  3 17 12  2  0    0    -5.02    22.30    -4.11    -589.8    162.67    -14.65    18.538     721655
2015  3 17 12  3  0    0    -5.67    22.20    -3.34    -595.2    159.21    -13.69    18.812     740372
2015  3 17 12  4  0    0    -6.83    22.12    -1.48    -594.4    160.30    -14.30    18.656     719584
2015  3 17 12  5  0    0    -6.91    22.23     0.52    -591.8    163.01    -15.69    18.393     660910
2015  3 17 12  6  0    0    -6.88    22.45     0.09    -587.1    160.44    -17.96    18.338     637099
2015  3 17 12  7  0    0    -6.53    22.56    -1.31    -583.3    156.38    -18.70    18.351     628413
2015  3 17 12  8  0    0    -6.31    22.63    -2.32    -580.8    154.37    -20.41    18.701     626124
2015  3 17 12  9  0    0    -5.77    22.67    -2.96    -580.1    155.55    -22.45    19.059     626124
2015  3 17 12 10  0    0    -5.14    22.72    -3.49    -580.1    155.23    -22.27    19.057     642067
2015  3 17 12 11  0    0    -5.82    22.94    -2.88    -580.4    151.39    -20.64    19.018     681682
2015  3 17 12 12  0    0    -6.57    23.12    -2.16    -585.3    150.43    -18.41    18.469     708425
2015  3 17 12 13  0    0    -5.62    23.14    -2.02    -588.8    147.96    -15.35    18.101     709614
2015  3 17 12 14  0    0    -4.96    23.35    -1.52    -588.0    146.86    -15.13    17.726     677606
2015  3 17 12 15  0    0    -4.95    23.33    -1.21    -587.8    149.55    -19.05    17.764     661715
2015  3 17 12 16  0    0    -5.49    22.74     1.04    -586.7    149.10    -25.50    18.189     660317
2015  3 17 12 17  0    0    -5.57    22.65     1.38    -588.3    140.41    -27.95    18.263     667031
2015  3 17 12 18  0    0    -4.56    23.39     0.56    -589.1    129.96    -25.73    18.090     667579
2015  3 17 12 19  0    0    -3.17    23.44    -0.81    -592.1    130.32    -25.26    17.661     654591
2015  3 17 12 20  0    0    -3.13    23.47    -3.69    -590.9    133.84    -23.13    16.550     654591
2015  3 17 12 21  0    0    -3.56    23.98    -5.16    -583.2    135.87    -19.19    15.875     654591
2015  3 17 12 22  0    0    -4.01    24.31    -6.83    -577.2    137.21    -16.50    15.032     636882
2015  3 17 12 23  0    0    -4.54    24.21    -9.12    -574.6    136.75    -16.30    13.956     589952
2015  3 17 12 24  0    0    -5.18    23.72   -12.96    -574.2    132.89    -16.02    13.609     590083
2015  3 17 12 25  0    0    -5.78    22.56   -14.97    -574.3    126.31    -16.25    12.775     591517
2015  3 17 12 26  0    0    -5.97    22.24   -15.35    -573.5    120.79    -17.58    12.220     591692
2015  3 17 12 27  0    0    -6.29    22.06   -15.54    -572.2    118.46    -20.16    12.176     591692
2015  3 17 12 28  0    0    -6.28    22.05   -15.76    -571.0    116.43    -23.75    12.174     591692
2015  3 17 12 29  0    0    -6.99    22.61   -16.19    -573.6    106.50    -27.73    12.755     684442
2015  3 17 12 30  0    0    -7.23    23.00   -16.09    -571.5     99.98    -29.48    13.448     684442
2015  3 17 12 31  0    0    -7.15    22.19   -15.64    -572.8     92.30    -46.88    16.896     685943
2015  3 17 12 32  0    0    -7.55    20.93   -15.91    -572.3     86.00    -47.67    16.983     685943
2015  3 17 12 33  0    0    -7.50    20.86   -15.98    -572.0     79.87    -47.70    16.976     694741
2015  3 17 12 34  0    0    -7.59    20.84   -16.45    -572.3     81.66    -47.52    16.860     766143
2015  3 17 12 35  0    0    -7.59    20.80   -16.47    -573.3     82.90    -46.42    16.598     768007
2015  3 17 12 36  0    0    -7.81    20.56   -17.40    -574.0     87.14    -46.99    15.959     745508
2015  3 17 12 37  0    0    -7.98    19.16   -18.58    -579.6     92.95    -40.04    14.469     662326
2015  3 17 12 38  0    0    -8.06    17.57   -20.15    -580.4     97.36    -30.11    13.776     598083
2015  3 17 12 39  0    0    -8.18    18.03   -20.64    -579.1    101.34    -30.28    13.403     551190
2015  3 17 12 40  0    0    -8.34    18.62   -20.92    -576.8    105.25    -32.21    12.811     525900
2015  3 17 12 41  0    0    -8.19    18.24   -21.64    -577.8    110.19    -37.14    11.948     513700
2015  3 17 12 42  0    0    -8.13    17.32   -22.95    -579.7    112.74    -34.71    11.656     503192
2015  3 17 12 43  0    0    -8.31    16.93   -23.26    -579.1    111.47    -32.35    11.742     504346
2015  3 17 12 44  0    0    -8.56    16.92   -23.11    -577.9    112.48    -32.44    12.070     514062
2015  3 17 12 45  0    0    -8.56    17.28   -22.70    -575.2    114.42    -34.54    12.597     536708
2015  3 17 12 46  0    0    -8.58    18.37   -21.68    -574.6    112.66    -37.42    13.124     568475
2015  3 17 12 47  0    0    -8.55    18.37   -21.25    -576.5    107.34    -44.17    13.573     573113
2015  3 17 12 48  0    0    -8.21    17.16   -21.74    -579.4    104.46    -47.65    13.312     575764
2015  3 17 12 49  0    0    -7.63    15.51   -22.70    -581.5    103.43    -47.28    12.509     575532
2015  3 17 12 50  0    0    -7.04    14.32   -23.81    -582.8    103.08    -45.42    12.085     575062
2015  3 17 12 51  0    0    -6.85    13.88   -23.71    -582.8    100.27    -45.09    12.076     574632
2015  3 17 12 52  0    0    -6.99    13.59   -23.24    -583.9     92.08    -53.61    12.063     574175
2015  3 17 12 53  0    0    -7.00    13.54   -22.95    -586.2     85.61    -59.94    12.049     573694
2015  3 17 12 54  0    0    -7.19    12.90   -22.70    -586.4     79.44    -64.96    12.037     573253
2015  3 17 12 55  0    0    -7.39    12.68   -22.74    -585.5     72.29    -69.42    12.022     569554
2015  3 17 12 56  0    0    -8.17    12.53   -23.03    -583.6     71.32    -69.33    11.987     547299
2015  3 17 12 57  0    0    -8.55    11.90   -23.56    -581.3     73.65    -68.05    11.925     520238
2015  3 17 12 58  0    0    -8.55    11.21   -24.12    -578.7     75.17    -63.24    11.842     498332
2015  3 17 12 59  0    0    -8.60    10.92   -24.74    -576.5     74.83    -55.81    11.771     485948
2015  3 17 13  0  0    0    -8.83    11.53   -25.64    -576.0     77.90    -54.40    11.810     487654
2015  3 17 13  1  0    0    -8.89    14.19   -25.43    -574.5     90.29    -47.58    12.001     494739
2015  3 17 13  2  0    0    -8.82    16.57   -23.62    -575.3    101.98    -35.70    12.534     493665
2015  3 17 13  3  0    0    -8.70    18.34   -21.75    -572.9    108.70    -26.76    13.173     484602
2015  3 17 13  4  0    0    -8.61    24.96   -12.39    -572.8    108.70     -7.08    18.441     286507
2015  3 17 13  5  0    0    -8.47    26.28   -10.12    -573.4    105.51     -3.12    18.814     275666
2015  3 17 13  6  0    0    -7.89    26.95    -8.88    -575.9    103.49    -12.23    18.101     267034
2015  3 17 13  7  0    0    -7.69    27.57    -7.21    -576.7    103.13    -19.65    17.432     260993
2015  3 17 13  8  0    0    -7.55    27.26    -8.63    -576.7    103.55    -24.02    16.931     265362
2015  3 17 13  9  0    0    -7.22    27.81    -8.81    -574.9    105.27    -22.50    16.811     279564
2015  3 17 13 10  0    0    -8.16    27.24   -11.40    -573.1    104.20    -25.96    16.801     279428
2015  3 17 13 11  0    0    -7.09    28.03   -10.34    -573.6     98.67    -20.32    16.495     271657
2015  3 17 13 12  0    0    -6.39    30.38    -6.62    -572.3     94.58    -21.22    16.490     271657
2015  3 17 13 13  0    0    -6.38    30.39    -6.64    -574.3     96.22    -22.03    16.776     272381
2015  3 17 13 14  0    0    -7.29    29.08    -9.20    -579.1     96.45    -32.88    17.867     279805
2015  3 17 13 15  0    0    -8.67    27.96   -11.07    -581.4     97.10    -39.89    18.324     279805
2015  3 17 13 16  0    0    -9.24    26.70   -13.71    -581.9     95.43    -43.80    18.964     243944
2015  3 17 13 17  0    0    -9.41    24.92   -15.65    -578.8     88.41    -44.01    21.509     213516
2015  3 17 13 18  0    0    -9.50    22.46   -17.03    -573.2     77.86    -41.77    25.391     214117
2015  3 17 13 19  0    0    -9.50    20.91   -17.10    -568.0     55.60    -28.15    31.618     232129
2015  3 17 13 20  0    0    -9.50    20.13   -17.25    -565.2     45.78    -20.93    34.570     240786
2015  3 17 13 21  0    0    -9.41    20.52   -16.87    -565.5     47.58    -18.43    34.799     241964
2015  3 17 13 22  0    0    -9.30    21.01   -16.24    -566.9     51.22    -15.55    32.432     250315
2015  3 17 13 23  0    0    -8.99    21.93   -15.42    -567.5     55.90    -14.44    26.832     267684
2015  3 17 13 24  0    0    -8.11    24.12   -14.64    -567.5     59.90    -14.87    21.302     286915
2015  3 17 13 25  0    0    -7.52    25.05   -14.42    -565.6     61.05    -14.60    19.558     304647
2015  3 17 13 26  0    0    -7.31    25.00   -14.63    -564.6     60.84    -13.92    19.520     313743
2015  3 17 13 27  0    0    -7.88    24.45   -14.94    -564.7     59.96    -13.85    20.044     302697
2015  3 17 13 28  0    0    -8.51    23.93   -15.24    -566.2     58.01    -14.11    21.341     291652
2015  3 17 13 29  0    0    -4.58    24.80   -10.07    -577.5     38.28    -25.76    27.989     284347
2015  3 17 13 30  0    0    -0.78    22.58    -5.95    -580.1     39.42    -40.87    30.519     242762
2015  3 17 13 31  0    0     0.22    21.67    -3.09    -580.6     40.54    -43.61    36.840     199974
2015  3 17 13 32  0    0     0.31    22.52    -3.45    -580.9     39.25    -44.57    43.386     176256
2015  3 17 13 33  0    0     0.80    24.87    -2.92    -582.3     31.42    -42.14    44.594     141890
2015  3 17 13 34  0    0     1.15    26.45    -1.66    -585.3     28.73    -42.70    45.064     107523
2015  3 17 13 35  0    0    10.07    27.90     9.24    -608.3     16.89    -49.31    24.762      73157
2015  3 17 13 36  0    0    10.31    28.18     9.92    -604.5     14.21    -49.03    24.848      65652
2015  3 17 13 37  0    0     9.79    28.31     9.74    -600.3     11.70    -48.04    25.500      64151
2015  3 17 13 38  0    0     8.34    28.56     8.53    -596.1      9.53    -45.42    26.543      66283
2015  3 17 13 39  0    0     6.12    29.10     5.98    -592.4      7.87    -42.04    27.627      70013
2015  3 17 13 40  0    0     4.25    29.98     1.65    -589.9      7.13    -42.41    27.609      69975
2015  3 17 13 41  0    0     0.77    28.26    -3.18    -586.0     12.46    -36.15    26.911      67680
2015  3 17 13 42  0    0    -0.30    26.59    -5.31    -584.8     14.16    -33.94    24.316      64910
2015  3 17 13 43  0    0    -0.85    26.04    -5.39    -584.6     20.00    -32.73    21.577      64073
2015  3 17 13 44  0    0    -0.94    26.66    -5.10    -583.5     22.37    -30.69    22.216      68473
2015  3 17 13 45  0    0    -0.77    27.77    -4.69    -580.7     22.00    -30.26    27.502      79188
2015  3 17 13 46  0    0    -1.36    28.67    -5.31    -577.2     21.78    -28.71    35.144      91829
2015  3 17 13 47  0    0    -3.30    28.86    -8.05    -574.1     22.77    -22.93    43.010     101716
2015  3 17 13 48  0    0    -3.57    28.90    -9.48    -571.2     28.45    -19.98    47.446     101716
2015  3 17 13 49  0    0    -5.71    26.63   -13.30    -570.8     37.18    -16.29    47.964      98148
2015  3 17 13 50  0    0    -9.66    24.17   -17.37    -571.2     39.96    -15.67    32.548      89483
2015  3 17 13 51  0    0    -9.99    23.92   -17.77    -570.8     40.16    -16.33    30.803      87463
2015  3 17 13 52  0    0   -10.00    24.32   -17.70    -570.3     39.41    -17.20    30.948      86291
2015  3 17 13 53  0    0    -9.57    24.73   -17.78    -568.9     39.74    -17.34    31.541      77404
2015  3 17 13 54  0    0    -9.58    25.34   -17.28    -567.9     39.98    -16.64    31.722      70870
2015  3 17 13 55  0    0    -9.38    26.12   -16.82    -567.4     40.58    -14.31    28.747      68441
2015  3 17 13 56  0    0    -9.24    26.42   -16.81    -567.2     44.84    -15.58    25.831      68028
2015  3 17 13 57  0    0    -9.93    23.46   -19.50    -567.2     50.77    -17.70    23.793      67088
2015  3 17 13 58  0    0   -10.90    18.95   -22.15    -567.0     56.58    -26.52    23.039      64507
2015  3 17 13 59  0    0   -11.36    16.48   -22.59    -566.6     64.71    -35.48    22.991      61776
2015  3 17 14  0  0    0   -11.25    16.08   -22.39    -567.0     75.11    -41.10    22.577      60796
2015  3 17 14  1  0    0   -10.25    19.28   -22.21    -566.4     83.99    -42.72    20.964      68996
2015  3 17 14  2  0    0    -9.35    22.45   -21.67    -565.0     94.04    -46.51    19.909      79526
2015  3 17 14  3  0    0    -8.98    23.77   -21.07    -564.2    100.18    -47.07    19.796      86991
2015  3 17 14  4  0    0    -9.66    23.59   -21.69    -564.0    100.14    -42.12    20.947      90470
2015  3 17 14  5  0    0   -10.40    22.95   -22.27    -563.9     92.30    -38.29    22.754      94247
2015  3 17 14  6  0    0   -10.74    22.25   -21.87    -563.5     82.26    -34.54    23.323      99876
2015  3 17 14  7  0    0   -11.75    20.87   -21.92    -563.6     81.34    -31.09    22.675     101850
2015  3 17 14  8  0    0   -12.31    20.14   -21.56    -565.6     81.95    -32.17    21.282      91232
2015  3 17 14  9  0    0   -12.21    18.44   -21.81    -571.9     66.61    -30.41    18.793      61097
2015  3 17 14 10  0    0   -11.78    20.23   -20.16    -576.4     64.98    -18.33    18.715      40455
2015  3 17 14 11  0    0   -10.82    22.45   -18.79    -574.3     62.02    -21.01    19.672      37390
2015  3 17 14 12  0    0   -10.36    24.30   -17.23    -572.1     58.64    -44.03    20.730      37390
2015  3 17 14 13  0    0    -9.08    26.59   -16.51    -570.8     55.01    -45.18    21.101      38381
2015  3 17 14 14  0    0    -8.78    26.54   -16.85    -570.0     45.21    -32.60    20.247      42291
2015  3 17 14 15  0    0    -7.81    27.06   -16.94    -568.2     38.18    -29.94    18.841      46380
2015  3 17 14 16  0    0    -7.61    26.90   -17.64    -568.1     36.12    -28.73    18.178      48210
2015  3 17 14 17  0    0    -7.60    26.69   -17.89    -568.7     38.13    -27.88    15.966      48457
2015  3 17 14 18  0    0    -7.35    26.59   -18.78    -568.9     40.89    -26.77    13.739      48476
2015  3 17 14 19  0    0    -6.77    26.69   -18.88    -569.2     43.89    -26.46    13.383      44502
2015  3 17 14 20  0    0    -5.59    27.49   -18.17    -570.0     44.49    -29.28    14.027      38822
2015  3 17 14 21  0    0    -4.82    27.35   -17.89    -571.1     47.40    -22.12    14.919      34645
2015  3 17 14 22  0    0    -4.68    26.77   -18.55    -572.2     50.88    -21.19    15.093      34260
2015  3 17 14 23  0    0    -4.99    26.31   -18.86    -572.3     50.40    -31.85    14.351      34619
2015  3 17 14 24  0    0    -5.18    26.14   -19.12    -572.3     58.32    -32.65    14.178      34631
2015  3 17 14 25  0    0    -5.23    26.45   -18.51    -574.7     56.31    -31.90    14.230      32797
2015  3 17 14 26  0    0    -5.39    26.51   -18.22    -578.3     37.77    -25.65    14.762      33800
2015  3 17 14 27  0    0    -5.86    26.09   -18.13    -579.4     33.74    -27.10    14.785      37081
2015  3 17 14 28  0    0    -6.44    25.14   -18.52    -583.9     43.26    -40.27    16.380      38981
2015  3 17 14 29  0    0    -8.52    23.63   -18.94    -592.2     45.83    -53.05    19.327      38271
2015  3 17 14 30  0    0   -10.48    22.04   -19.41    -594.3     40.92    -52.34    19.444      34236
2015  3 17 14 31  0    0   -10.13    21.97   -18.70    -593.9     39.15    -50.94    19.366      34343
2015  3 17 14 32  0    0   -10.12    21.79   -18.73    -592.5     37.47    -50.17    18.852      34862
2015  3 17 14 33  0    0   -10.16    21.13   -18.95    -592.3     34.09    -49.62    17.494      35864
2015  3 17 14 34  0    0   -10.09    21.28   -18.69    -591.9     35.97    -48.97    17.746      36322
2015  3 17 14 35  0    0    -9.71    21.53   -18.47    -592.6     42.42    -47.81    19.261      38378
2015  3 17 14 36  0    0    -9.93    21.03   -18.67    -594.8     41.96    -45.16    22.619      50676
2015  3 17 14 37  0    0   -10.12    20.44   -18.90    -595.1     39.97    -43.89    25.401      61901
2015  3 17 14 38  0    0    -9.33    20.96   -18.40    -594.1     37.89    -42.57    27.561      70402
2015  3 17 14 39  0    0    -7.63    21.98   -17.29    -592.1     38.06    -41.01    29.030      75204
2015  3 17 14 40  0    0    -7.90    21.81   -17.43    -592.4     39.20    -40.49    29.181      75322
2015  3 17 14 41  0    0    -9.41    20.66   -18.23    -592.9     39.75    -40.29    29.048      75345
2015  3 17 14 42  0    0    -8.91    20.99   -18.37    -594.3     40.30    -40.64    28.685      75472
2015  3 17 14 43  0    0    -7.39    21.98   -18.48    -594.7     40.75    -41.16    28.720      75931
2015  3 17 14 44  0    0    -6.85    22.08   -18.71    -594.7     41.76    -41.44    30.259      78352
2015  3 17 14 45  0    0    -6.81    21.93   -19.03    -592.8     42.15    -41.87    32.712      82239
2015  3 17 14 46  0    0    -7.18    21.67   -19.18    -587.7     42.99    -41.65    33.116      83236
2015  3 17 14 47  0    0    -7.76    21.50   -19.15    -586.6     43.23    -41.61    33.126      83385
2015  3 17 14 48  0    0    -8.55    20.88   -19.14    -587.4     43.55    -42.27    32.557      81806
2015  3 17 14 49  0    0    -8.62    20.92   -18.90    -586.8     45.59    -42.83    30.643      81580
2015  3 17 14 50  0    0    -8.93    20.82   -18.86    -585.6     46.63    -42.47    28.688      81853
2015  3 17 14 51  0    0    -8.72    20.78   -19.09    -585.3     47.63    -42.45    27.312      81935
2015  3 17 14 52  0    0    -8.95    20.73   -19.18    -584.1     48.39    -43.97    26.830      81242
2015  3 17 14 53  0    0    -9.21    20.70   -19.08    -583.2     49.08    -44.61    26.740      78918
2015  3 17 14 54  0    0    -9.28    21.07   -18.99    -582.7     49.31    -44.67    26.736      77720
2015  3 17 14 55  0    0    -9.37    21.33   -18.90    -582.1     49.46    -41.33    26.705      77692
2015  3 17 14 56  0    0    -9.41    21.37   -18.87    -582.3     46.88    -38.51    26.651      77679
2015  3 17 14 57  0    0    -9.40    19.40   -20.01    -582.5     41.59    -42.05    26.593      77702
2015  3 17 14 58  0    0   -10.54    13.09   -20.86    -583.2     37.20    -44.92    26.465      78453
2015  3 17 14 59  0    0   -11.63     6.09   -20.64    -583.4     34.26    -40.18    26.024      79643
2015  3 17 15  0  0    0   -12.09     3.58   -20.35    -583.1     31.84    -37.43    25.455      80507
2015  3 17 15  1  0    0   -12.43     3.16   -20.30    -582.0     29.78    -43.47    25.110      80774
2015  3 17 15  2  0    0   -12.56     4.09   -20.23    -580.7     28.41    -49.52    25.003      80774
2015  3 17 15  3  0    0   -12.15     5.83   -19.68    -579.1     30.49    -48.42    24.909      81555
2015  3 17 15  4  0    0   -11.47     6.57   -18.90    -577.8     36.34    -44.58    24.554      83618
2015  3 17 15  5  0    0   -11.32     6.22   -18.26    -579.6     44.03    -45.52    23.443      86667
2015  3 17 15  6  0    0   -11.52     5.94   -17.64    -584.1     42.82    -46.28    20.772     134523
2015  3 17 15  7  0    0   -14.50     1.39   -18.07    -588.3     29.98    -44.00    20.813     183404
2015  3 17 15  8  0    0   -13.77     2.06   -18.00    -586.5     27.77    -42.09    26.005     189174
2015  3 17 15  9  0    0   -13.59     1.93   -17.38    -586.1     31.06    -43.85    27.585     189901
2015  3 17 15 10  0    0   -13.65     1.64   -16.92    -587.0     32.49    -44.84    27.661     194820
2015  3 17 15 11  0    0   -13.64     2.17   -16.61    -588.4     37.74    -46.69    27.167     203875
2015  3 17 15 12  0    0   -13.61     3.05   -16.94    -588.6     40.20    -47.09    26.246     204513
2015  3 17 15 13  0    0   -14.26     3.14   -17.13    -588.6     40.12    -47.42    26.146     202423
2015  3 17 15 14  0    0   -17.33    -5.61   -17.58    -588.6     32.69    -45.43    26.311     202273
2015  3 17 15 15  0    0   -17.82    -5.40   -17.69    -598.5     29.04    -50.75    28.452     221335
2015  3 17 15 16  0    0   -17.37    -4.92   -17.49    -600.2     26.75    -55.27    29.442     232448
2015  3 17 15 17  0    0   -19.92    -6.36   -17.25    -601.4     25.92    -55.23    28.728     227427
2015  3 17 15 18  0    0   -21.60    -7.47   -17.12    -601.8     26.41    -55.43    27.503     219615
2015  3 17 15 19  0    0   -21.78    -7.88   -17.04    -602.4     27.56    -55.89    26.270     211747
2015  3 17 15 20  0    0   -19.69    -5.85   -15.65    -599.2     28.14    -54.31    25.289     205491
2015  3 17 15 21  0    0   -17.98    -3.96   -14.60    -596.7     27.99    -52.15    24.260     198929
2015  3 17 15 22  0    0   -18.09    -3.62   -15.08    -597.7     26.59    -51.28    22.994     190853
2015  3 17 15 23  0    0   -18.18    -3.02   -15.60    -598.9     24.91    -50.58    21.734     182818
2015  3 17 15 24  0    0   -18.86    -3.27   -15.92    -600.3     21.55    -50.61    20.456     174663
2015  3 17 15 25  0    0   -19.95    -4.66   -15.98    -601.7     19.10    -51.51    19.165     166432
2015  3 17 15 26  0    0   -19.63    -5.25   -17.28    -600.5     18.21    -53.68    18.048     159303
2015  3 17 15 27  0    0   -19.52    -5.26   -18.18    -600.3     17.11    -55.21    16.874     151816
2015  3 17 15 28  0    0   -20.38    -5.43   -17.33    -601.5     15.99    -54.66    15.603     143710
2015  3 17 15 29  0    0   -21.07    -5.79   -16.25    -601.6     14.37    -49.86    14.970     134942
2015  3 17 15 30  0    0   -21.74    -6.23   -15.12    -600.8     12.29    -44.29    15.045     131382
2015  3 17 15 31  0    0   -22.57    -6.61   -14.19    -602.2     11.56    -41.86    15.132     131070
2015  3 17 15 32  0    0   -22.78    -6.30   -14.07    -600.1     12.44    -42.44    14.964     133480
2015  3 17 15 33  0    0   -22.70    -5.60   -14.58    -597.1     14.38    -42.72    14.744     136843
2015  3 17 15 34  0    0   -22.47    -4.77   -15.44    -594.8     16.64    -42.66    14.512     140390
2015  3 17 15 35  0    0   -22.11    -4.13   -16.06    -592.9     17.68    -43.29    14.290     143985
2015  3 17 15 36  0    0   -21.73    -3.82   -16.49    -591.3     18.20    -43.37    14.139     147598
2015  3 17 15 37  0    0   -20.45    -4.51   -17.63    -590.9     17.23    -44.08    14.135     151357
2015  3 17 15 38  0    0   -19.27    -5.91   -18.12    -590.1     14.51    -43.52    14.126     155082
2015  3 17 15 39  0    0   -19.27    -5.88   -17.68    -589.2     11.31    -42.81    14.117     158752
2015  3 17 15 40  0    0   -20.18    -4.71   -17.54    -592.5      9.75    -40.79    14.106     163451
2015  3 17 15 41  0    0   -20.01    -4.82   -18.09    -592.7      9.52    -38.75    14.097     167396
2015  3 17 15 42  0    0   -19.47    -5.69   -18.45    -592.7     11.54    -38.24    14.087     171293
2015  3 17 15 43  0    0   -19.65    -6.30   -18.10    -594.6     11.11    -38.98    14.076     175570
2015  3 17 15 44  0    0   -20.27    -6.21   -17.49    -595.1     10.52    -39.85    14.062     178831
2015  3 17 15 45  0    0   -20.27    -5.52   -17.51    -595.1     10.56    -40.97    14.022     180403
2015  3 17 15 46  0    0   -20.24    -4.26   -17.85    -594.9      8.50    -42.40    13.899     179074
2015  3 17 15 47  0    0   -20.18    -3.88   -18.07    -594.4      3.18    -43.32    13.728     175974
2015  3 17 15 48  0    0   -20.13    -4.26   -18.26    -593.6      3.64    -42.62    13.651     176493
2015  3 17 15 49  0    0   -20.17    -3.13   -18.11    -593.6      5.60    -40.47    13.488     178200
2015  3 17 15 50  0    0   -20.40     0.28   -17.62    -593.6      9.92    -37.75    13.399     178180
2015  3 17 15 51  0    0   -20.27    -0.87   -17.64    -593.4     10.85    -35.71    12.830     178093
2015  3 17 15 52  0    0   -20.29    -1.45   -17.50    -593.3      9.11    -35.38    12.247     178024
2015  3 17 15 53  0    0   -20.63    -2.03   -17.30    -593.5      8.65    -34.23    11.672     178277
2015  3 17 15 54  0    0   -21.24    -0.05   -16.46    -594.6     11.20    -33.10    11.272     182218
2015  3 17 15 55  0    0   -21.68     3.15   -15.87    -595.5     16.63    -29.93    11.245     193856
2015  3 17 15 56  0    0   -21.60     3.62   -15.76    -596.7     18.72    -23.97    11.176     205898
2015  3 17 15 57  0    0   -21.52     4.02   -15.54    -597.4     19.05    -17.93    11.110     217525
2015  3 17 15 58  0    0   -21.34     4.88   -15.38    -596.1     20.18    -13.07    11.050     226400
2015  3 17 15 59  0    0   -21.03     5.64   -15.20    -594.6     20.65     -9.26    11.008     230952
2015  3 17 16  0  0    0   -20.75     6.03   -14.95    -593.6     21.06     -8.98    11.008     229801
2015  3 17 16  1  0    0   -20.71     5.99   -14.85    -591.0     22.05    -10.13    11.022     225401
2015  3 17 16  2  0    0   -20.25     6.29   -14.73    -592.4     25.99    -11.32    11.042     219861
2015  3 17 16  3  0    0   -19.83     6.44   -14.66    -592.7     27.56    -12.89    11.061     214659
2015  3 17 16  4  0    0   -19.63     6.44   -14.66    -588.8     28.33    -13.28    11.075     210639
2015  3 17 16  5  0    0   -19.66     4.26   -15.80    -589.1     16.89    -14.88    11.094     205466
2015  3 17 16  6  0    0   -19.78     3.68   -16.49    -590.4     16.58    -17.47    11.114     199881
2015  3 17 16  7  0    0   -19.77     4.45   -17.08    -590.6     17.81    -18.46    11.132     194770
2015  3 17 16  8  0    0   -19.70     4.18   -16.72    -592.0     23.61    -17.92    11.153     189186
2015  3 17 16  9  0    0   -19.78     4.70   -16.30    -593.0     26.87    -17.13    11.172     183798
2015  3 17 16 10  0    0   -19.56     4.44   -15.81    -594.4     27.93    -18.34    11.192     178246
2015  3 17 16 11  0    0   -20.22     7.60   -14.32    -595.9     30.02    -19.70    11.219     172191
2015  3 17 16 12  0    0   -21.24    10.17   -13.02    -599.8     35.54    -20.07    11.317     162048
2015  3 17 16 13  0    0   -21.41    10.60   -12.78    -602.3     38.01    -22.17    11.767     151540
2015  3 17 16 14  0    0   -20.07    10.70   -13.94    -602.8     40.33    -25.90    12.834     146029
2015  3 17 16 15  0    0   -19.73    10.56   -14.53    -598.2     39.53    -25.81    12.698     144972
2015  3 17 16 16  0    0   -19.94    10.08   -14.82    -592.4     37.39    -23.25    11.702     144712
2015  3 17 16 17  0    0   -20.47     8.48   -15.17    -588.5     35.12    -16.07     9.132     143413
2015  3 17 16 18  0    0   -20.80     8.31   -15.32    -587.7     34.09    -15.68     8.962     141973
2015  3 17 16 19  0    0   -20.56     8.46   -15.36    -587.8     37.45    -19.67     9.424     135555
2015  3 17 16 20  0    0   -19.30    10.23   -15.09    -587.5     39.75    -23.60     9.928     118797
2015  3 17 16 21  0    0   -18.43    12.19   -15.10    -586.7     41.61    -25.92    10.056     110591
2015  3 17 16 22  0    0   -17.86    12.82   -15.17    -587.0     42.12    -26.20    10.157     109358
2015  3 17 16 23  0    0   -17.03    12.82   -15.56    -586.0     44.43    -24.70     9.530     114598
2015  3 17 16 24  0    0   -15.84    12.42   -16.41    -585.1     45.35    -22.92     8.754     120922
2015  3 17 16 25  0    0   -15.54    12.32   -16.61    -585.3     44.20    -21.46     7.951     128153
2015  3 17 16 26  0    0   -16.49    12.82   -16.29    -585.0     43.47    -19.20     7.271     143951
2015  3 17 16 27  0    0   -17.19    14.06   -15.32    -584.8     43.21    -15.20     6.242     151405
2015  3 17 16 28  0    0   -17.13    14.81   -14.23    -585.2     45.44    -13.47     5.907     152275
2015  3 17 16 29  0    0   -17.04    15.40   -13.26    -586.3     46.79    -12.86     5.862     151235
2015  3 17 16 30  0    0   -17.55    15.74   -12.34    -586.2     46.16    -10.81     5.430     150980
2015  3 17 16 31  0    0   -17.70    15.46   -12.42    -585.6     45.74     -9.81     5.298     163349
2015  3 17 16 32  0    0   -17.37    15.22   -12.27    -585.3     45.43    -10.83     6.120     180323
2015  3 17 16 33  0    0   -15.80    15.41   -11.54    -584.9     44.61    -12.85     7.190     197547
2015  3 17 16 34  0    0   -15.13    15.69   -11.09    -584.4     43.71    -15.10     8.446     202407
2015  3 17 16 35  0    0   -14.88    14.65   -11.62    -584.5     43.89    -18.12    11.669     143154
2015  3 17 16 36  0    0   -14.86    13.93   -12.34    -585.2     45.01    -20.83    13.624     117141
2015  3 17 16 37  0    0   -14.64    12.14   -13.11    -582.7     41.52    -23.72    14.828     117720
2015  3 17 16 38  0    0   -14.90    10.49   -13.65    -579.2     36.43    -26.75    16.088     118491
2015  3 17 16 39  0    0   -15.64     9.66   -13.92    -575.7     31.35    -29.77    17.342     119260
2015  3 17 16 40  0    0   -15.85     9.34   -14.27    -572.2     26.33    -32.76    18.586     120022
2015  3 17 16 41  0    0   -14.27     6.81   -15.88    -568.7     21.29    -35.76    19.830     120785
2015  3 17 16 42  0    0    -8.69     1.78   -20.33    -567.1     18.59    -37.69    20.044     132085
2015  3 17 16 43  0    0    -5.49    -2.39   -22.63    -567.3     17.94    -38.96    19.635     153743
2015  3 17 16 44  0    0    -5.53    -3.18   -21.46    -570.2     19.80    -39.80    19.423     167992
2015  3 17 16 45  0    0    -8.66    -4.11   -20.32    -574.4     23.35    -40.05    18.893     175379
2015  3 17 16 46  0    0    -9.01    -3.68   -20.35    -575.2     27.11    -37.98    14.220     194078
2015  3 17 16 47  0    0   -10.58    -1.98   -20.70    -576.4     28.77    -38.37    12.977     194078
2015  3 17 16 48  0    0   -11.53     0.37   -21.23    -575.1     29.66    -37.71    12.118     203142
2015  3 17 16 49  0    0   -11.71     1.25   -21.23    -570.8     29.45    -33.57    11.993     252579
2015  3 17 16 50  0    0   -12.33     2.22   -20.85    -569.2     30.06    -32.82    11.961     260819
2015  3 17 16 51  0    0   -12.23     3.04   -20.73    -568.4     31.09    -34.85    12.032     233264
2015  3 17 16 52  0    0   -12.16     3.70   -20.72    -566.6     31.24    -36.03    12.066     223080
2015  3 17 16 53  0    0   -12.38     4.13   -20.57    -565.0     30.86    -35.43    12.050     234089
2015  3 17 16 54  0    0   -12.47     4.60   -20.27    -564.3     30.39    -34.64    12.017     244430
2015  3 17 16 55  0    0   -12.24     5.13   -19.82    -564.2     29.93    -35.57    12.005     219535
2015  3 17 16 56  0    0   -12.15     5.96   -19.01    -564.8     30.04    -37.47    12.611     168919
2015  3 17 16 57  0    0   -11.77     7.08   -17.40    -565.4     30.86    -39.21    13.935     125094
2015  3 17 16 58  0    0   -11.12     6.96   -16.46    -566.1     31.76    -40.89    15.336     106770
2015  3 17 16 59  0    0   -10.34     6.23   -17.60    -564.2     31.39    -38.33    17.567     164121
2015  3 17 17  0  0    0    -9.63     5.43   -19.09    -561.5     30.35    -33.63    20.572     229437
2015  3 17 17  1  0    0    -9.36     3.87   -19.62    -560.7     28.78    -29.62    24.128     227221
2015  3 17 17  2  0    0    -9.00     2.01   -20.02    -560.3     24.57    -24.71    27.171     218619
2015  3 17 17  3  0    0    -8.79     1.91   -19.94    -558.8     21.38    -24.98    28.152     210878
2015  3 17 17  4  0    0    -8.62     1.25   -19.90    -559.3     24.24    -29.98    29.322     203656
2015  3 17 17  5  0    0    -8.41     0.63   -20.21    -560.2     25.43    -29.87    30.572     196448
2015  3 17 17  6  0    0    -8.07     1.03   -20.22    -560.0     27.78    -29.75    31.764     189260
2015  3 17 17  7  0    0    -8.15     2.22   -20.29    -557.7     26.98    -29.53    32.705     181949
2015  3 17 17  8  0    0    -8.11     2.32   -20.24    -556.6     24.33    -26.53    32.146     172838
2015  3 17 17  9  0    0    -8.70     2.33   -20.11    -556.2     23.77    -27.29    30.688     164440
2015  3 17 17 10  0    0    -9.18     3.41   -19.44    -557.2     25.35    -26.60    29.572     156242
2015  3 17 17 11  0    0    -9.25     4.92   -19.05    -556.4     29.08    -25.94    27.657     149880
2015  3 17 17 12  0    0    -8.78     6.60   -18.75    -555.2     28.91    -25.32    25.651     144587
2015  3 17 17 13  0    0    -8.72     6.87   -18.34    -553.3     30.19    -24.66    23.745     139600
2015  3 17 17 14  0    0    -9.00     8.15   -17.64    -551.2     30.72    -22.41    22.980     137620
2015  3 17 17 15  0    0    -8.89     9.39   -17.01    -549.5     31.63    -22.23    22.809     139392
2015  3 17 17 16  0    0    -8.36    10.17   -16.07    -549.1     32.70    -23.16    22.732     141425
2015  3 17 17 17  0    0    -7.70    10.55   -15.83    -548.7     36.74    -23.60    22.502     140310
2015  3 17 17 18  0    0    -7.14    11.49   -16.48    -547.6     43.51    -27.14    21.770     127686
2015  3 17 17 19  0    0    -6.88    12.83   -16.87    -546.2     48.85    -31.74    20.478     107506
2015  3 17 17 20  0    0    -6.58    12.92   -17.27    -544.1     53.41    -31.65    19.105     102476
2015  3 17 17 21  0    0    -5.32    14.17   -16.87    -542.1     61.24    -33.59    17.320     101732
2015  3 17 17 22  0    0    -4.74    14.20   -17.00    -540.4     69.23    -35.52    17.084     101732
2015  3 17 17 23  0    0    -5.18    15.93   -15.59    -541.8     73.39    -38.66    17.585      90863
2015  3 17 17 24  0    0    -5.13    15.28   -15.68    -543.1     71.23    -37.27    20.261      91378
2015  3 17 17 25  0    0    -8.78     7.35   -18.68    -555.7     67.15    -39.49    22.248     103340
2015  3 17 17 26  0    0    -8.94     6.53   -19.30    -555.1     63.47    -40.98    20.470     103924
2015  3 17 17 27  0    0    -7.91     8.59   -19.50    -551.9     61.47    -37.99    18.254     102352
2015  3 17 17 28  0    0    -6.84    10.69   -19.07    -549.0     62.60    -34.34    16.339     101596
2015  3 17 17 29  0    0    -5.98    12.64   -17.69    -546.0     66.09    -30.30    15.181     106491
2015  3 17 17 30  0    0    -5.30    14.79   -15.47    -541.9     70.02    -25.63    14.825     119261
2015  3 17 17 31  0    0    -4.57    15.85   -14.73    -540.9     75.31    -21.04    14.219     124960
2015  3 17 17 32  0    0    -4.95    16.51   -14.74    -541.4     77.22    -20.51    13.935     125340
2015  3 17 17 33  0    0    -4.11    17.28   -14.57    -544.5     75.85    -23.29    13.143     118323
2015  3 17 17 34  0    0    -4.94    16.19   -15.31    -546.3     69.74    -30.80    12.064     116045
2015  3 17 17 35  0    0    -5.94    13.56   -17.00    -547.2     65.29    -37.86    11.046     113254
2015  3 17 17 36  0    0    -6.55    13.24   -17.16    -548.6     64.03    -41.59     9.878     108839
2015  3 17 17 37  0    0    -6.60    13.88   -17.05    -550.5     63.50    -41.58    10.345     103999
2015  3 17 17 38  0    0    -6.85    14.17   -17.06    -557.1     63.27    -43.45    12.023      98059
2015  3 17 17 39  0    0    -6.16    14.86   -17.04    -554.5     69.00    -44.29    12.825      93781
2015  3 17 17 40  0    0    -6.14    14.76   -17.02    -553.3     75.66    -43.72    13.916      89005
2015  3 17 17 41  0    0    -6.16    14.81   -16.79    -552.2     79.76    -40.45    14.950      84259
2015  3 17 17 42  0    0    -5.74    14.86   -16.58    -548.0     81.41    -38.49    15.703      80610
2015  3 17 17 43  0    0    -5.08    14.92   -16.37    -542.5     82.27    -37.62    16.331      77331
2015  3 17 17 44  0    0    -3.93    15.91   -15.28    -541.5     83.06    -38.04    16.867      71083
2015  3 17 17 45  0    0    -5.96    16.79   -14.45    -550.4     90.32    -52.09    16.369      70979
2015  3 17 17 46  0    0    -5.47    17.41   -13.73    -551.3     88.55    -52.68    16.362      71770
2015  3 17 17 47  0    0    -6.18    16.65   -14.59    -555.5     85.85    -49.32    17.190      72226
2015  3 17 17 48  0    0    -6.49    15.98   -15.07    -555.2     85.59    -47.58    17.443      72997
2015  3 17 17 49  0    0    -7.05    15.93   -15.19    -554.9     84.96    -47.01    17.522      73093
2015  3 17 17 50  0    0    -6.50    16.05   -15.29    -554.7     84.02    -47.49    17.227      71698
2015  3 17 17 51  0    0    -5.71    16.46   -15.17    -548.5     84.06    -47.20    17.145      66546
2015  3 17 17 52  0    0    -4.90    16.93   -15.00    -541.4     84.28    -46.74    17.111      60767
2015  3 17 17 53  0    0    -4.13    17.10   -14.91    -539.1     86.89    -45.01    17.036      59940
2015  3 17 17 54  0    0    -3.87    17.12   -14.77    -541.6     89.15    -45.44    16.466      68254
2015  3 17 17 55  0    0    -5.31    16.83   -14.94    -548.5     86.93    -46.61    14.920      76004
2015  3 17 17 56  0    0    -6.11    16.68   -14.81    -551.3     88.85    -47.47    14.370      83908
2015  3 17 17 57  0    0    -9.01    15.66   -13.52    -559.5     81.22    -45.66    12.335      95909
2015  3 17 17 58  0    0   -10.99    15.07   -12.68    -569.0     75.97    -42.26    11.648     108410
2015  3 17 17 59  0    0   -13.03    13.58   -11.95    -571.0     77.91    -39.61    12.357     115795
2015  3 17 18  0  0    0   -14.63    13.62   -10.90    -578.6     75.20    -34.16    13.673     124834
2015  3 17 18  1  0    0   -14.58    13.59   -10.44    -580.4     75.42    -32.89    14.121     130889
2015  3 17 18  2  0    0   -14.02    13.32   -10.64    -581.3     65.08    -39.93    14.208     124944
2015  3 17 18  3  0    0   -13.21    13.34   -11.44    -582.2     55.88    -47.99    13.564     116161
2015  3 17 18  4  0    0   -12.44    14.24   -11.49    -580.1     57.00    -50.66    13.145     111034
2015  3 17 18  5  0    0   -11.76    15.30   -11.12    -577.3     60.05    -51.36    13.279     106310
2015  3 17 18  6  0    0   -11.43    15.68   -11.38    -576.0     63.11    -49.57    13.257     100632
2015  3 17 18  7  0    0   -11.31    15.63   -12.44    -572.2     64.52    -51.93    13.264      92676
2015  3 17 18  8  0    0   -11.45    15.52   -12.60    -570.9     65.98    -54.68    13.552      87124
2015  3 17 18  9  0    0   -11.41    15.53   -12.70    -569.5     65.04    -56.44    13.529      86400
2015  3 17 18 10  0    0   -11.53    15.53   -11.84    -569.1     64.58    -53.66    13.349      86527
2015  3 17 18 11  0    0   -12.65    15.54    -9.92    -573.2     66.42    -35.83    12.553     105869
2015  3 17 18 12  0    0   -12.93    15.97    -9.55    -575.3     69.46    -34.57    12.222     105670
2015  3 17 18 13  0    0   -13.37    15.73    -8.85    -575.1     68.80    -36.03    12.099     104521
2015  3 17 18 14  0    0   -12.63    15.81    -9.00    -574.7     67.80    -36.53    12.904     104521
2015  3 17 18 15  0    0   -12.35    16.47    -9.46    -573.9     68.49    -38.56    12.078     103478
2015  3 17 18 16  0    0   -11.71    16.83   -10.00    -572.0     73.42    -42.15    12.329      90966
2015  3 17 18 17  0    0   -10.74    17.33   -10.54    -566.6     78.40    -46.08    12.335      83277
2015  3 17 18 18  0    0    -8.96    17.66   -11.78    -561.8     81.56    -50.14    12.367      78939
2015  3 17 18 19  0    0    -6.40    17.72   -13.76    -559.1     81.82    -53.35    12.445      78951
2015  3 17 18 20  0    0    -6.31    17.45   -13.92    -562.1     79.24    -50.48    12.275      79023
2015  3 17 18 21  0    0    -6.66    16.93   -13.69    -563.1     77.77    -53.20    11.903      78575
2015  3 17 18 22  0    0    -6.81    16.78   -13.50    -562.5     77.80    -56.45    11.878      77795
2015  3 17 18 23  0    0    -6.98    16.67   -13.62    -561.9     77.19    -57.17    11.907      76835
2015  3 17 18 24  0    0    -6.72    16.67   -13.59    -561.5     76.71    -57.61    11.938      74294
2015  3 17 18 25  0    0    -6.79    16.71   -13.42    -561.7     76.86    -57.17    11.971      72815
2015  3 17 18 26  0    0    -6.94    17.25   -12.62    -563.0     78.69    -56.72    12.006      74127
2015  3 17 18 27  0    0    -6.87    17.92   -12.24    -564.9     78.83    -53.96    12.042      74104
2015  3 17 18 28  0    0    -7.14    18.05   -11.51    -565.4     78.13    -51.12    12.603      75086
2015  3 17 18 29  0    0    -7.38    17.78   -10.53    -564.8     78.90    -49.97    13.071      76712
2015  3 17 18 30  0    0    -7.37    17.24   -10.19    -564.3     79.63    -49.11    12.633      78510
2015  3 17 18 31  0    0    -7.33    16.75   -10.36    -564.9     79.27    -48.37    12.172      79509
2015  3 17 18 32  0    0    -6.55    15.96   -11.30    -563.4     78.61    -51.77    12.201      76481
2015  3 17 18 33  0    0    -5.47    14.91   -12.52    -560.7     76.53    -56.16    12.227      71288
2015  3 17 18 34  0    0    -5.13    14.32   -12.68    -559.9     73.08    -55.91    12.245      67044
2015  3 17 18 35  0    0    -4.82    14.24   -13.40    -560.1     72.95    -53.40    12.144      62407
2015  3 17 18 36  0    0    -4.85    13.91   -13.93    -560.6     74.07    -55.30    11.827      62315
2015  3 17 18 37  0    0    -4.92    13.58   -14.83    -561.0     74.20    -57.57    11.845      62315
2015  3 17 18 38  0    0    -5.03    12.99   -15.45    -562.0     73.42    -58.69    11.998      62345
2015  3 17 18 39  0    0    -5.45    12.74   -15.46    -562.8     72.95    -58.41    11.648      62406
2015  3 17 18 40  0    0    -6.14    12.93   -14.62    -563.5     73.09    -57.08    10.514      62150
2015  3 17 18 41  0    0    -6.86    12.73   -14.06    -562.6     68.33    -56.95     9.662      61094
2015  3 17 18 42  0    0    -7.67    11.23   -15.15    -559.2     55.47    -61.52     9.586      58239
2015  3 17 18 43  0    0    -8.02    10.77   -15.45    -558.5     43.25    -62.87     9.873      48938
2015  3 17 18 44  0    0    -7.56    10.05   -16.19    -555.7     40.12    -64.29     9.155      48586
2015  3 17 18 45  0    0    -6.98     9.28   -17.08    -553.8     36.83    -65.81     8.899      48539
2015  3 17 18 46  0    0    -6.59     8.47   -17.78    -552.4     33.37    -68.01     7.938      48178
2015  3 17 18 47  0    0    -6.51     8.11   -18.10    -552.4     31.27    -72.05     7.566      48016
2015  3 17 18 48  0    0    -8.04     6.97   -17.96    -559.1     32.59    -71.95     9.113      48680
2015  3 17 18 49  0    0   -10.22     6.00   -17.82    -562.8     34.32    -61.64    10.194      54957
2015  3 17 18 50  0    0   -10.74     7.90   -16.55    -560.8     38.54    -58.40    10.028      59601
2015  3 17 18 51  0    0   -10.67     9.54   -14.78    -554.9     41.90    -54.88    10.025      62912
2015  3 17 18 52  0    0    -7.17    12.81   -11.18    -553.4     44.56    -48.54    10.169      67753
2015  3 17 18 53  0    0    -6.11    14.85    -7.61    -553.5     44.83    -43.84     9.846      76157
2015  3 17 18 54  0    0    -7.33    14.30    -6.36    -555.6     40.82    -40.40    10.245      91746
2015  3 17 18 55  0    0    -7.29    14.31    -5.18    -553.1     36.79    -39.30    10.332     107416
2015  3 17 18 56  0    0    -6.41    14.56    -3.90    -549.6     30.61    -44.28    10.358     128861
2015  3 17 18 57  0    0    -5.06    14.38    -4.50    -545.1     23.95    -50.59    10.377     151318
2015  3 17 18 58  0    0    -3.42    13.37    -8.38    -539.2     18.10    -54.81    10.401     171161
2015  3 17 18 59  0    0    -2.85    13.06    -9.41    -536.9     10.56    -55.40    10.916     205658
2015  3 17 19  0  0    0    -3.58    11.68   -10.49    -540.4      2.07    -57.44    11.828     220609
2015  3 17 19  1  0    0    -3.92    11.01   -10.52    -544.5      1.31    -59.24    12.709     195760
2015  3 17 19  2  0    0    -4.38    10.65   -10.05    -549.9      1.27    -61.17    13.209     197437
2015  3 17 19  3  0    0    -4.45     9.58   -10.68    -551.2     -1.02    -60.98    13.139     198867
2015  3 17 19  4  0    0    -4.58     8.94   -11.57    -556.4     -2.53    -58.53    12.521     190562
2015  3 17 19  5  0    0    -4.79     7.32   -12.17    -557.8     -4.26    -57.26    11.812     181884
2015  3 17 19  6  0    0    -5.30     7.30   -12.14    -557.8     -2.15    -57.37    11.107     180837
2015  3 17 19  7  0    0    -5.37     7.11   -12.25    -557.8     -1.70    -56.97    10.468     178230
2015  3 17 19  8  0    0    -5.39     6.61   -12.51    -558.4     -0.03    -56.22     9.855     177021
2015  3 17 19  9  0    0    -5.38     6.25   -12.85    -559.4      2.41    -54.75     9.729     174710
2015  3 17 19 10  0    0    -5.44     6.21   -13.02    -562.5      8.10    -50.01     9.298     165320
2015  3 17 19 11  0    0    -5.28     6.29   -13.12    -564.6      9.56    -49.34     9.140     160505
2015  3 17 19 12  0    0    -4.96     6.42   -13.21    -564.8     10.38    -49.46     9.531     157336
2015  3 17 19 13  0    0    -4.74     6.41   -13.15    -563.8     12.04    -48.98    10.091     159994
2015  3 17 19 14  0    0    -4.64     6.32   -13.04    -561.9     14.48    -47.72    10.318     164831
2015  3 17 19 15  0    0    -4.67     5.94   -13.07    -560.6     16.13    -46.43    10.614     167810
2015  3 17 19 16  0    0    -4.76     5.03   -13.18    -560.2     17.17    -46.60    10.991     167862
2015  3 17 19 17  0    0    -4.94     4.71   -13.19    -559.8     17.64    -47.05    10.962     166473
2015  3 17 19 18  0    0    -5.42     4.19   -13.05    -558.2     19.61    -47.06    10.779     160416
2015  3 17 19 19  0    0    -5.33     4.21   -13.22    -558.0     19.24    -46.94    10.771     156886
2015  3 17 19 20  0    0    -4.25     5.71   -13.90    -557.8     20.67    -47.06    10.921     138900
2015  3 17 19 21  0    0    -4.58     5.69   -14.03    -557.6     24.59    -49.51    10.926     128842
2015  3 17 19 22  0    0    -5.35     5.61   -13.95    -556.7     27.01    -52.55    10.340     120955
2015  3 17 19 23  0    0    -6.46     6.48   -13.61    -556.2     27.97    -55.87     9.700     116100
2015  3 17 19 24  0    0    -6.83     6.63   -13.42    -556.8     28.71    -58.62     9.019     108962
2015  3 17 19 25  0    0    -7.36     6.08   -13.34    -556.9     30.55    -58.53     8.388     108962
2015  3 17 19 26  0    0    -7.37     5.70   -13.39    -561.4     31.17    -57.29     7.843     105120
2015  3 17 19 27  0    0    -7.23     5.50   -13.58    -560.3     31.11    -57.49     7.807     105094
2015  3 17 19 28  0    0    -6.92     5.58   -13.82    -558.2     28.50    -58.51     7.816     104913
2015  3 17 19 29  0    0    -6.73     5.53   -14.05    -557.4     27.66    -59.75     7.676     103896
2015  3 17 19 30  0    0    -5.97     4.84   -14.41    -557.0     21.57    -60.31     7.511     103607
2015  3 17 19 31  0    0    -5.32     3.76   -15.10    -555.6     22.95    -60.64     6.499      98656
2015  3 17 19 32  0    0    -5.18     3.23   -15.27    -554.7     18.39    -63.25     6.244      96680
2015  3 17 19 33  0    0    -6.57     3.89   -14.70    -562.0     17.42    -62.76     5.953      91144
2015  3 17 19 34  0    0    -6.90     4.31   -14.66    -562.0     17.35    -62.80     6.044      86531
2015  3 17 19 35  0    0    -6.77     4.45   -14.71    -560.6     18.42    -63.86     6.304      86641
2015  3 17 19 36  0    0    -6.34     4.87   -14.88    -558.4     22.25    -67.18     6.686      87271
2015  3 17 19 37  0    0    -6.07     5.48   -14.83    -558.9     25.22    -68.82     7.194      90435
2015  3 17 19 38  0    0    -6.63     5.02   -14.39    -565.5     20.25    -67.77     7.980      98475
2015  3 17 19 39  0    0    -7.07     4.74   -14.02    -566.5     15.29    -65.56     8.601     101764
2015  3 17 19 40  0    0    -7.09     4.61   -14.09    -565.6     13.74    -64.63     9.007     100470
2015  3 17 19 41  0    0    -7.03     4.50   -14.25    -565.1     12.40    -64.49     9.268      98310
2015  3 17 19 42  0    0    -6.84     4.39   -14.39    -564.9     11.50    -65.44     9.485      97291
2015  3 17 19 43  0    0    -6.41     4.73   -14.47    -565.5     11.76    -66.76     9.682     100423
2015  3 17 19 44  0    0    -6.01     5.09   -14.53    -567.6     14.13    -67.07     9.863     103349
2015  3 17 19 45  0    0    -5.94     4.55   -14.73    -568.8     16.15    -68.57     9.959     103493
2015  3 17 19 46  0    0    -6.15     4.11   -14.86    -568.2     16.41    -68.38     9.974      96690
2015  3 17 19 47  0    0    -6.65     3.70   -14.85    -568.3     14.60    -66.45     9.462      93271
2015  3 17 19 48  0    0    -6.92     3.54   -14.78    -569.9     13.92    -65.81     9.267      92321
2015  3 17 19 49  0    0    -6.99     3.42   -14.80    -571.1     16.08    -66.65     9.266      91040
2015  3 17 19 50  0    0    -6.78     3.10   -14.96    -570.0     14.32    -67.36     9.231      87354
2015  3 17 19 51  0    0    -6.43     2.23   -15.16    -566.8     10.52    -65.77     9.144      86630
2015  3 17 19 52  0    0    -6.15     1.70   -15.26    -564.2      8.57    -64.24     9.097      86852
2015  3 17 19 53  0    0    -6.03     1.52   -15.27    -563.4     11.69    -63.00     9.287      87284
2015  3 17 19 54  0    0    -5.97     1.34   -15.33    -564.2     16.39    -61.34     9.671      87533
2015  3 17 19 55  0    0    -5.98     1.08   -15.39    -564.7     17.42    -60.19     9.833      87533
2015  3 17 19 56  0    0    -6.02     0.67   -15.35    -564.8     18.84    -59.93     9.858      87588
2015  3 17 19 57  0    0    -5.94     0.36   -15.28    -566.2     19.93    -59.34     9.749      88857
2015  3 17 19 58  0    0    -5.98     0.31   -15.09    -567.8     22.42    -58.99     9.673      93617
2015  3 17 19 59  0    0    -6.10     1.14   -14.95    -568.3     24.62    -59.12     9.680      95421
2015  3 17 20  0  0    0    -6.09     1.78   -14.86    -568.8     25.20    -61.80     9.683      95421
2015  3 17 20  1  0    0    -6.08     2.36   -14.84    -566.9     21.29    -63.21     9.557      94118
2015  3 17 20  2  0    0    -6.10     3.41   -14.80    -565.5     19.01    -64.00     9.406      93270
2015  3 17 20  3  0    0    -6.28     4.10   -14.89    -565.8     19.35    -64.39     9.307      92273
2015  3 17 20  4  0    0    -6.46     4.16   -14.90    -565.2     17.02    -64.58     9.174      90181
2015  3 17 20  5  0    0    -6.53     4.38   -14.82    -563.2     12.11    -64.02     8.972      88211
2015  3 17 20  6  0    0    -6.62     4.94   -14.73    -561.3      8.02    -63.15     8.726      86731
2015  3 17 20  7  0    0    -6.88     5.82   -14.45    -560.9      6.40    -62.32     8.181      85665
2015  3 17 20  8  0    0    -7.03     6.33   -14.17    -560.5      3.47    -58.74     7.223      85151
2015  3 17 20  9  0    0    -7.15     6.51   -14.12    -560.1      4.26    -58.37     7.242      84713
2015  3 17 20 10  0    0    -7.29     6.74   -14.07    -560.6      5.45    -56.27     7.825      85352
2015  3 17 20 11  0    0    -7.36     6.53   -14.05    -559.9      4.72    -53.54     7.770      85966
2015  3 17 20 12  0    0    -7.21     5.45   -14.16    -558.6      2.32    -53.61     7.288      88555
2015  3 17 20 13  0    0    -6.44     4.32   -14.72    -557.1      1.75    -54.31     7.569      92177
2015  3 17 20 14  0    0    -6.40     4.07   -14.81    -557.0      0.59    -55.58     7.721     101577
2015  3 17 20 15  0    0    -6.56     3.45   -14.93    -556.0     -3.32    -54.95     7.767     101577
2015  3 17 20 16  0    0    -6.41     3.15   -15.09    -555.6      1.69    -53.62     8.913     103530
2015  3 17 20 17  0    0    -6.36     2.64   -15.15    -555.6      2.38    -53.42     9.304     106606
2015  3 17 20 18  0    0    -6.62     1.84   -15.24    -555.6      3.68    -52.55     9.596     108793
2015  3 17 20 19  0    0    -6.73     0.54   -15.09    -555.8     13.53    -47.43     9.660     108967
2015  3 17 20 20  0    0    -6.74     0.33   -15.05    -556.5     16.40    -44.93     9.259     108967
2015  3 17 20 21  0    0    -6.68     1.86   -15.02    -557.9     17.93    -42.99     9.181     111867
2015  3 17 20 22  0    0    -6.45     2.43   -15.14    -555.9     23.60    -42.14     9.293     112200
2015  3 17 20 23  0    0    -6.37     2.79   -15.13    -553.3     27.63    -41.57     9.707     112222
2015  3 17 20 24  0    0    -6.41     2.94   -15.14    -551.6     29.58    -41.41     9.936     110240
2015  3 17 20 25  0    0    -6.38     2.94   -15.29    -550.9     30.33    -41.46     9.885     109181
2015  3 17 20 26  0    0    -6.21     2.82   -15.50    -550.5     28.07    -41.67     9.495     110599
2015  3 17 20 27  0    0    -6.04     2.28   -15.69    -551.0     24.16    -42.46     9.133     111623
2015  3 17 20 28  0    0    -6.05     1.38   -15.83    -551.1     21.25    -42.94     8.576     109031
2015  3 17 20 29  0    0    -6.12     0.81   -15.93    -551.0     19.59    -42.45     7.879     104739
2015  3 17 20 30  0    0    -6.30     0.51   -16.10    -550.9     19.38    -41.74     7.189     101422
2015  3 17 20 31  0    0    -6.43     0.47   -16.29    -551.3     17.54    -42.15     6.572      99347
2015  3 17 20 32  0    0    -6.42     0.20   -16.44    -552.8     15.21    -42.14     6.148      95232
2015  3 17 20 33  0    0    -6.40     0.01   -16.46    -552.9     14.73    -41.89     6.174      93972
2015  3 17 20 34  0    0    -6.32    -0.15   -16.46    -552.0     15.13    -41.83     6.330      93972
2015  3 17 20 35  0    0    -6.41    -0.30   -16.38    -551.3     12.26    -40.79     6.417      91709
2015  3 17 20 36  0    0    -6.49    -0.57   -16.25    -551.5     10.34    -38.21     6.624      90193
2015  3 17 20 37  0    0    -6.78    -1.41   -15.93    -552.8      4.17    -36.44     6.868      86895
2015  3 17 20 38  0    0    -6.90    -2.19   -15.83    -553.2      0.13    -36.06     6.955      85766
2015  3 17 20 39  0    0    -6.26    -1.28   -16.25    -551.1      4.22    -36.28     6.940      85766
2015  3 17 20 40  0    0    -5.88    -0.55   -16.51    -549.0      8.63    -38.00     6.880      85729
2015  3 17 20 41  0    0    -5.86    -0.28   -16.57    -548.0     10.33    -39.55     6.785      85690
2015  3 17 20 42  0    0    -5.78     0.21   -16.67    -548.9     10.33    -39.11     6.703      85690
2015  3 17 20 43  0    0    -5.77     0.53   -16.73    -550.0      9.25    -38.56     6.525      86469
2015  3 17 20 44  0    0    -5.84     0.53   -16.73    -550.3      8.22    -38.85     6.322      87107
2015  3 17 20 45  0    0    -6.55    -0.36   -16.60    -551.2     11.12    -39.05     6.565      81778
2015  3 17 20 46  0    0    -6.98    -0.48   -16.43    -558.4     11.46    -36.31     7.854      68436
2015  3 17 20 47  0    0    -6.42     0.35   -16.52    -558.0     11.98    -35.67     7.708      68735
2015  3 17 20 48  0    0    -5.65     1.27   -16.74    -554.1     14.92    -37.01     7.733      71718
2015  3 17 20 49  0    0    -5.53     1.14   -16.84    -553.4     19.62    -38.71     7.546      73474
2015  3 17 20 50  0    0    -5.44     0.89   -16.96    -553.2     21.76    -39.16     7.298      73766
2015  3 17 20 51  0    0    -5.42     1.14   -17.01    -551.8     22.53    -38.86     7.037      73766
2015  3 17 20 52  0    0    -5.51     1.72   -16.99    -550.5     23.48    -38.64     7.270      73940
2015  3 17 20 53  0    0    -5.81     3.06   -16.94    -550.1     29.68    -37.69     7.503      76025
2015  3 17 20 54  0    0    -5.99     3.89   -16.92    -550.8     34.21    -37.63     7.475      77568
2015  3 17 20 55  0    0    -6.69     2.92   -16.79    -552.7     34.50    -38.05     7.633      72850
2015  3 17 20 56  0    0    -6.77     2.22   -16.69    -554.7     32.45    -37.13     7.588      68204
2015  3 17 20 57  0    0    -6.48     2.24   -16.73    -554.5     32.56    -36.62     7.715      67357
2015  3 17 20 58  0    0    -7.05     1.19   -16.79    -559.6     20.03    -37.53     8.898      64492
2015  3 17 20 59  0    0    -7.24     1.80   -16.88    -560.0     20.17    -37.65     9.983      63998
2015  3 17 21  0  0    0    -7.07     1.77   -16.80    -558.8     23.61    -37.57    10.889      63970
2015  3 17 21  1  0    0    -7.21     1.38   -16.83    -558.2     24.47    -36.72    11.022      63983
2015  3 17 21  2  0    0    -7.19     1.72   -16.81    -556.1     26.32    -35.59    11.229      64119
2015  3 17 21  3  0    0    -6.94     2.20   -16.89    -553.5     28.52    -34.85    11.417      65784
2015  3 17 21  4  0    0    -6.91     2.43   -16.92    -553.1     29.22    -34.58    11.489      64656
2015  3 17 21  5  0    0    -6.97     2.41   -17.00    -554.6     28.30    -36.53    10.297      64149
2015  3 17 21  6  0    0    -7.27     2.46   -17.09    -558.8     25.13    -36.99     9.247      63011
2015  3 17 21  7  0    0    -7.22     1.82   -17.15    -558.5     23.64    -36.32     9.199      62227
2015  3 17 21  8  0    0    -6.70    -0.64   -17.30    -556.1     15.69    -35.39     9.506      62227
2015  3 17 21  9  0    0    -6.30    -2.22   -17.37    -555.9     10.68    -35.02     9.155      64629
2015  3 17 21 10  0    0    -6.30    -2.51   -17.36    -554.4     10.36    -35.68     9.162      64798
2015  3 17 21 11  0    0    -6.30    -2.72   -17.35    -554.0      9.72    -36.71     9.820      65748
2015  3 17 21 12  0    0    -6.37    -2.92   -17.46    -554.4      7.34    -37.49     9.745      66438
2015  3 17 21 13  0    0    -6.28    -1.96   -17.51    -555.0     10.52    -37.23     9.659      67374
2015  3 17 21 14  0    0    -6.23    -0.98   -17.50    -555.0     10.08    -36.97     9.462      68026
2015  3 17 21 15  0    0    -6.49    -0.39   -17.33    -555.0     11.40    -36.69     9.064      68960
2015  3 17 21 16  0    0    -6.67    -0.08   -17.10    -555.4     15.51    -36.89     8.521      69247
2015  3 17 21 17  0    0    -6.86     2.75   -17.06    -556.2     26.81    -36.82     7.994      69267
2015  3 17 21 18  0    0    -7.45     5.58   -16.75    -558.9     28.90    -36.64     7.422      65226
2015  3 17 21 19  0    0    -7.76     6.76   -16.45    -559.8     28.62    -36.06     6.920      65457
2015  3 17 21 20  0    0    -7.69     7.10   -16.41    -559.4     28.47    -35.90     6.494      66438
2015  3 17 21 21  0    0    -7.68     7.11   -16.42    -559.9     28.44    -34.65     6.157      66438
2015  3 17 21 22  0    0    -7.71     7.11   -16.40    -558.0     33.89    -32.23     5.996      66365
2015  3 17 21 23  0    0    -7.54     7.19   -16.24    -558.0     38.13    -31.28     6.175      65352
2015  3 17 21 24  0    0    -7.14     7.47   -16.29    -558.5     44.10    -29.68     6.438      65383
2015  3 17 21 25  0    0    -7.18     7.52   -16.30    -556.4     53.75    -29.08     6.463      65644
2015  3 17 21 26  0    0    -7.34     7.18   -16.38    -558.8     59.12    -26.56     5.865      70784
2015  3 17 21 27  0    0    -7.33     6.88   -16.47    -556.9     58.52    -28.30     5.790      70784
2015  3 17 21 28  0    0    -6.94     5.84   -16.88    -554.0     53.41    -29.57     5.699      63882
2015  3 17 21 29  0    0    -6.71     5.34   -17.10    -550.3     40.96    -32.35     5.734      59667
2015  3 17 21 30  0    0    -6.06     4.11   -17.71    -546.7     30.76    -35.82     5.800      57686
2015  3 17 21 31  0    0    -4.93     2.00   -18.79    -543.6     26.38    -39.08     5.855      57545
2015  3 17 21 32  0    0    -4.78     1.86   -19.07    -541.2     19.22    -39.38     5.913      56602
2015  3 17 21 33  0    0    -4.94     0.90   -19.13    -542.1     18.43    -38.55     6.144      53527
2015  3 17 21 34  0    0    -4.88    -0.24   -19.15    -543.9     12.84    -38.65     6.140      49636
2015  3 17 21 35  0    0    -4.78    -0.19   -19.18    -543.3     13.01    -37.84     6.325      47357
2015  3 17 21 36  0    0    -4.48    -0.30   -19.20    -540.2     14.10    -37.91     6.083      47357
2015  3 17 21 37  0    0    -4.25    -0.15   -19.33    -537.5     12.69    -37.70     5.922      47793
2015  3 17 21 38  0    0    -4.34     0.38   -19.43    -541.2     20.43    -38.49     5.706      52515
2015  3 17 21 39  0    0    -5.02     0.00   -19.29    -549.0     22.91    -38.27     6.101      58883
2015  3 17 21 40  0    0    -5.72    -0.21   -19.07    -549.6     20.97    -37.88     6.280      59224
2015  3 17 21 41  0    0    -5.92    -0.16   -18.98    -547.8     20.27    -37.29     6.243      59544
2015  3 17 21 42  0    0    -6.01     0.09   -18.91    -545.2     24.49    -36.54     6.142      59572
2015  3 17 21 43  0    0    -6.04     0.61   -18.91    -543.9     30.92    -36.67     5.893      60806
2015  3 17 21 44  0    0    -5.89     1.02   -18.99    -542.8     30.70    -38.17     5.645      67890
2015  3 17 21 45  0    0    -5.49     2.09   -18.97    -544.5     31.32    -38.74     5.686      67758
2015  3 17 21 46  0    0    -6.01     2.55   -18.72    -551.0     34.72    -38.93     5.524      65888
2015  3 17 21 47  0    0    -6.54     2.38   -18.53    -551.5     32.38    -38.97     5.499      62521
2015  3 17 21 48  0    0    -6.73     2.20   -18.49    -550.7     27.94    -38.90     5.598      59767
2015  3 17 21 49  0    0    -6.67     2.43   -18.48    -548.6     25.23    -38.38     5.624      58850
2015  3 17 21 50  0    0    -6.49     2.91   -18.44    -545.4     27.98    -37.73     5.572      58995
2015  3 17 21 51  0    0    -6.16     3.67   -18.32    -542.4     38.79    -36.78     5.537      59589
2015  3 17 21 52  0    0    -6.06     4.28   -18.38    -540.4     42.72    -31.08     5.443      62293
2015  3 17 21 53  0    0    -6.25     4.41   -18.33    -543.2     44.19    -30.43     5.720      62563
2015  3 17 21 54  0    0    -7.35     4.41   -17.79    -548.2     45.67    -31.05     5.754      63058
2015  3 17 21 55  0    0    -7.66     4.57   -17.70    -550.4     50.11    -32.45     5.657      64353
2015  3 17 21 56  0    0    -7.95     4.82   -17.48    -551.4     47.28    -29.82     5.863      68273
2015  3 17 21 57  0    0    -8.19     4.85   -17.17    -553.3     39.74    -27.72     6.223      70227
2015  3 17 21 58  0    0    -8.15     4.92   -17.15    -553.8     31.93    -23.15     6.485      67415
2015  3 17 21 59  0    0    -8.05     5.24   -17.05    -550.4     31.19    -22.29     6.912      65086
2015  3 17 22  0  0    0    -7.93     5.78   -16.83    -546.3     31.39    -22.41     7.245      63487
2015  3 17 22  1  0    0    -7.75     6.57   -16.50    -542.5     30.35    -22.28     7.360      62449
2015  3 17 22  2  0    0    -7.18     7.22   -16.33    -542.1     25.33    -20.67     7.363      59716
2015  3 17 22  3  0    0    -6.96     8.10   -16.11    -541.6     24.94    -20.02     7.082      54569
2015  3 17 22  4  0    0    -9.29     4.38   -16.62    -545.2     20.74    -18.49     6.809      53898
2015  3 17 22  5  0    0   -10.05     4.52   -16.38    -549.8     17.72    -19.15     7.308      54267
2015  3 17 22  6  0    0   -10.86     4.35   -16.13    -555.7     21.46    -16.90     7.194      55621
2015  3 17 22  7  0    0   -10.92     4.29   -16.01    -557.0     25.58    -14.03     7.221      55698
2015  3 17 22  8  0    0   -10.88     4.29   -15.98    -557.0     26.30    -16.43     7.151      55698
2015  3 17 22  9  0    0    -9.66     4.16   -17.17    -553.5     21.14    -17.56     7.190      56151
2015  3 17 22 10  0    0    -8.94     3.48   -17.86    -551.5     17.60    -16.30     7.237      59890
2015  3 17 22 11  0    0    -8.71     2.86   -18.04    -551.0     14.45    -15.51     7.295      61822
2015  3 17 22 12  0    0    -8.73     0.93   -17.69    -552.8     14.69    -13.88     7.297      51815
2015  3 17 22 13  0    0    -8.24    -0.87   -17.49    -553.8     12.94    -15.27     7.373      38497
2015  3 17 22 14  0    0    -8.03    -2.84   -17.20    -552.3      7.10    -18.56     7.565      35994
2015  3 17 22 15  0    0    -7.97    -2.20   -17.85    -551.4      5.09    -20.67     7.494      38136
2015  3 17 22 16  0    0    -8.32    -2.64   -17.36    -553.3      5.25    -19.28     7.591      41094
2015  3 17 22 17  0    0    -8.58    -2.92   -16.77    -554.9     -8.88    -17.65     7.965      43871
2015  3 17 22 18  0    0    -8.29    -6.62   -16.51    -556.4    -14.85    -17.74     8.343      44956
2015  3 17 22 19  0    0    -7.97    -8.12   -16.65    -557.1    -10.97    -19.35     8.694      45918
2015  3 17 22 20  0    0    -7.81    -8.40   -16.86    -557.2    -10.03    -19.64     9.046      45882
2015  3 17 22 21  0    0    -7.62    -8.61   -16.88    -557.8     -9.84    -19.67     9.582      43826
2015  3 17 22 22  0    0    -7.92    -8.90   -16.62    -561.6     -6.94    -20.11     9.835      43932
2015  3 17 22 23  0    0    -7.82    -8.46   -16.73    -562.5     -3.78    -20.37    10.083      45032
2015  3 17 22 24  0    0    -7.80    -8.04   -16.82    -562.7     -1.51    -21.54    10.366      47770
2015  3 17 22 25  0    0    -7.92    -7.92   -16.88    -562.8     -2.07    -23.58    10.034      49819
2015  3 17 22 26  0    0    -8.20    -7.86   -16.85    -563.1     -2.19    -22.87     9.730      48636
2015  3 17 22 27  0    0    -8.36    -7.75   -16.83    -563.5     -2.33    -21.36    10.103      46408
2015  3 17 22 28  0    0    -8.11    -7.89   -16.91    -564.1     -1.77    -21.15    10.309      45541
2015  3 17 22 29  0    0    -7.65    -7.67   -17.01    -564.6      0.03    -20.65    10.311      44992
2015  3 17 22 30  0    0    -7.79    -7.17   -17.22    -564.2      2.22    -20.83    10.063      44578
2015  3 17 22 31  0    0    -8.14    -6.68   -17.50    -563.1      3.68    -22.07     9.677      44145
2015  3 17 22 32  0    0    -8.31    -6.03   -17.69    -562.2      3.84    -23.45     9.096      43044
2015  3 17 22 33  0    0    -8.44    -5.71   -17.74    -559.9      3.45    -24.52     8.387      41367
2015  3 17 22 34  0    0    -7.75    -6.13   -17.81    -558.6      1.81    -24.69     8.213      40296
2015  3 17 22 35  0    0    -7.84    -6.43   -17.72    -558.4      1.65    -25.14     8.372      39646
2015  3 17 22 36  0    0    -8.04    -6.45   -17.66    -558.5      2.93    -25.25     8.622      39735
2015  3 17 22 37  0    0    -8.00    -6.53   -17.76    -557.8      3.63    -26.61     9.180      40804
2015  3 17 22 38  0    0    -7.67    -6.33   -18.08    -555.4      5.29    -26.78     9.370      44378
2015  3 17 22 39  0    0    -7.15    -7.14   -18.10    -553.3      5.48    -24.56     9.393      44925
2015  3 17 22 40  0    0    -7.00    -7.74   -17.85    -551.4      4.35    -23.62     9.176      44964
2015  3 17 22 41  0    0    -7.11    -7.93   -17.71    -550.5      3.61    -22.54     8.664      44964
2015  3 17 22 42  0    0    -6.77    -8.30   -17.69    -549.5      2.76    -21.52     8.346      44966
2015  3 17 22 43  0    0    -6.53    -8.64   -17.67    -548.3      1.13    -21.22     8.565      44968
2015  3 17 22 44  0    0    -6.97    -8.74   -17.58    -549.6      0.87    -22.56     8.982      44817
2015  3 17 22 45  0    0    -7.25    -8.91   -17.47    -551.0      2.36    -26.11     9.066      44677
2015  3 17 22 46  0    0    -7.28    -8.96   -17.44    -551.1      2.93    -27.78     8.946      45475
2015  3 17 22 47  0    0    -7.45    -9.11   -17.31    -550.9      3.62    -28.03     8.924      46200
2015  3 17 22 48  0    0    -7.74    -9.18   -17.17    -550.9      3.65    -27.88     9.659      46428
2015  3 17 22 49  0    0    -7.94    -9.12   -17.09    -550.9      3.33    -28.11    10.186      46478
2015  3 17 22 50  0    0    -8.14    -8.92   -16.96    -550.4      3.02    -29.17    10.251      45602
2015  3 17 22 51  0    0    -8.34    -8.79   -16.85    -550.1      2.51    -30.55    10.224      44796
2015  3 17 22 52  0    0    -8.56    -8.80   -16.77    -551.1      2.24    -31.26     9.640      44629
2015  3 17 22 53  0    0    -8.66    -8.93   -16.83    -552.5      2.30    -31.27     8.827      44609
2015  3 17 22 54  0    0    -8.37    -8.67   -16.91    -553.0      1.64    -31.31     8.303      45122
2015  3 17 22 55  0    0    -8.20    -8.63   -17.24    -550.7      1.48    -31.89     7.957      46677
2015  3 17 22 56  0    0    -8.20    -8.51   -17.48    -548.8      0.70    -33.26     7.719      47998
2015  3 17 22 57  0    0    -8.38    -8.26   -17.49    -549.1      2.12    -34.43     7.646      48452
2015  3 17 22 58  0    0    -8.91    -8.11   -17.33    -550.9      5.43    -34.21     7.557      47207
2015  3 17 22 59  0    0    -9.26    -8.05   -17.21    -551.6      6.11    -33.42     7.367      45892
2015  3 17 23  0  0    0    -9.10    -8.11   -17.33    -549.8      3.62    -33.08     7.089      45623
2015  3 17 23  1  0    0    -8.68    -8.14   -17.63    -546.3      0.40    -33.74     6.816      45832
2015  3 17 23  2  0    0    -8.11    -8.07   -18.08    -542.0     -1.94    -35.37     6.614      46394
2015  3 17 23  3  0    0    -8.23    -7.46   -18.25    -542.0     -1.86    -36.62     6.355      50640
2015  3 17 23  4  0    0    -8.94    -6.72   -18.16    -542.8     -0.60    -36.73     6.144      51399
2015  3 17 23  5  0    0   -10.14    -6.59   -17.62    -544.9      2.75    -37.21     6.154      53254
2015  3 17 23  6  0    0   -10.04    -6.43   -17.74    -544.8      7.35    -39.00     6.009      53110
2015  3 17 23  7  0    0    -9.10    -5.86   -18.37    -544.8      8.43    -40.14     5.828      51760
2015  3 17 23  8  0    0    -9.10    -5.78   -18.42    -545.9      9.47    -40.30     5.470      48709
2015  3 17 23  9  0    0    -9.08    -5.70   -18.48    -545.9     10.57    -39.95     5.053      48676
2015  3 17 23 10  0    0    -9.00    -4.59   -18.91    -546.4     10.75    -39.54     4.649      48276
2015  3 17 23 11  0    0    -8.78    -4.33   -19.18    -546.3     10.39    -38.60     4.311      47562
2015  3 17 23 12  0    0    -8.35    -4.53   -19.21    -544.3     10.41    -38.19     4.102      47334
2015  3 17 23 13  0    0    -8.53    -4.66   -19.10    -544.3      8.64    -39.08     4.230      46152
2015  3 17 23 14  0    0    -9.25    -4.87   -18.79    -544.5      5.28    -38.44     4.177      44613
2015  3 17 23 15  0    0    -9.26    -5.70   -18.37    -544.5      2.33    -39.19     3.952      40497
2015  3 17 23 16  0    0    -8.71    -6.90   -18.03    -542.6      0.10    -37.41     3.818      40584
2015  3 17 23 17  0    0    -7.72    -8.69   -17.37    -536.3      0.16    -33.42     3.841      41459
2015  3 17 23 18  0    0    -7.06    -9.51   -17.00    -531.6     -0.38    -30.94     3.856      44028
2015  3 17 23 19  0    0    -7.05    -8.47   -17.24    -530.0     -3.46    -32.28     3.882      48975
2015  3 17 23 20  0    0    -7.09    -8.00   -17.40    -529.3    -11.68    -36.43     3.991      49661
2015  3 17 23 21  0    0    -7.03    -8.14   -17.36    -527.0    -15.28    -35.64     3.918      51761
2015  3 17 23 22  0    0    -6.44    -9.25   -17.20    -524.9    -17.29    -32.10     3.892      54724
2015  3 17 23 23  0    0    -5.73   -10.35   -16.97    -521.5    -20.96    -27.87     4.215      60367
2015  3 17 23 24  0    0    -5.17   -11.38   -16.64    -517.8    -24.52    -23.41     4.675      65802
2015  3 17 23 25  0    0    -4.87   -12.31   -16.18    -515.0    -26.64    -19.16     5.200      69582
2015  3 17 23 26  0    0    -4.77   -12.98   -15.71    -517.3    -22.53    -20.03     5.610      70965
2015  3 17 23 27  0    0    -4.49   -13.22   -15.64    -519.5    -20.17    -20.37     5.601      70965
2015  3 17 23 28  0    0    -3.92   -13.38   -15.48    -519.5    -19.29    -19.61     5.875      70653
2015  3 17 23 29  0    0    -3.63   -13.63   -15.29    -519.8    -18.32    -19.33     6.465      69899
2015  3 17 23 30  0    0    -3.22   -13.81   -15.22    -522.4    -15.03    -20.05     6.834      65079
2015  3 17 23 31  0    0    -2.70   -13.95   -15.20    -524.8    -11.36    -20.64     7.275      60376
2015  3 17 23 32  0    0    -2.47   -14.14   -15.08    -526.7    -10.19    -20.64     7.470      56748
2015  3 17 23 33  0    0    -2.60   -14.15   -15.06    -528.8    -10.48    -20.97     7.530      56644
2015  3 17 23 34  0    0    -2.30   -14.35   -14.96    -528.6    -10.30    -20.67     7.382      57784
2015  3 17 23 35  0    0    -1.97   -14.70   -14.74    -528.4     -6.52    -19.68     7.013      60179
2015  3 17 23 36  0    0    -1.46   -15.11   -14.34    -524.6     -5.30    -15.64     6.969      61808
2015  3 17 23 37  0    0    -0.81   -15.59   -14.04    -525.6     -0.57    -14.12     6.671      63136
2015  3 17 23 38  0    0     0.24   -16.35   -13.52    -528.1      3.74    -14.65     6.655      63747
2015  3 17 23 39  0    0     0.69   -16.89   -13.07    -529.8      5.52    -15.67     6.291      65637
2015  3 17 23 40  0    0     0.88   -17.17   -12.78    -532.4      9.34    -15.68     5.984      66942
2015  3 17 23 41  0    0     1.23   -17.54   -12.24    -535.7     12.59    -16.57     5.570      68823
2015  3 17 23 42  0    0     1.67   -17.78   -11.88    -536.7     14.38    -16.96     5.141      66714
2015  3 17 23 43  0    0     2.15   -17.70   -11.76    -536.1     16.22    -17.44     4.792      56765
2015  3 17 23 44  0    0     2.66   -17.76   -11.47    -536.2     17.29    -17.50     4.495      49996
2015  3 17 23 45  0    0     3.19   -18.07   -10.56    -536.9     17.91    -18.02     4.356      49453
2015  3 17 23 46  0    0     3.89   -18.38    -9.78    -542.4     18.47    -23.87     4.389      55815
2015  3 17 23 47  0    0     3.93   -18.41    -9.23    -545.8     19.69    -22.61     4.241      61760
2015  3 17 23 48  0    0     3.71   -18.46    -8.92    -546.0     21.09    -25.78     4.189      67075
2015  3 17 23 49  0    0     3.59   -18.49    -8.52    -546.8     22.65    -31.53     4.132      72506
2015  3 17 23 50  0    0     4.06   -18.64    -7.97    -550.0     23.95    -32.62     3.933      80560
2015  3 17 23 51  0    0     4.24   -18.58    -7.66    -551.9     23.60    -31.98     3.840      81401
2015  3 17 23 52  0    0     3.90   -18.39    -7.46    -553.2     22.20    -31.48     4.407      79073
2015  3 17 23 53  0    0     4.44   -18.35    -6.93    -553.0     23.01    -31.28     4.691      77329
2015  3 17 23 54  0    0     4.75   -18.53    -6.64    -550.6     23.70    -27.98     4.637      76448
2015  3 17 23 55  0    0     4.80   -18.70    -6.60    -548.6     23.30    -24.94     4.498      71466
2015  3 17 23 56  0    0     4.73   -18.81    -6.64    -548.2     21.78    -23.86     4.339      62788
2015  3 17 23 57  0    0     4.64   -18.95    -6.60    -548.2     20.38    -23.63     4.418      58495
2015  3 17 23 58  0    0     4.52   -19.05    -6.68    -548.1     19.95    -24.67     4.876      61792
2015  3 17 23 59  0    0     4.40   -19.03    -6.86    -548.9     21.67    -26.75     5.504      66230
2015  3 18  0  0  0    0     4.37   -18.85    -6.89    -551.8     25.33    -33.34     6.297      80072
2015  3 18  0  1  0    0     4.08   -17.27    -6.88    -560.2     28.93    -37.51     7.340     108624
2015  3 18  0  2  0    0     2.51   -12.55    -6.53    -569.1     34.11    -30.45     8.275     191812
2015  3 18  0  3  0    0     2.26   -10.90    -7.15    -575.4     33.06    -30.29     9.171     189987
2015  3 18  0  4  0    0     1.93   -10.07    -7.81    -575.7     27.26    -30.38     9.799     177689
2015  3 18  0  5  0    0     0.37   -10.07    -7.96    -576.6     28.50    -30.96    10.296     173173
2015  3 18  0  6  0    0     1.97   -10.79    -7.58    -582.4     35.89    -30.33    10.654     169708
2015  3 18  0  7  0    0     3.69   -11.68    -6.82    -588.9     42.28    -25.15    10.387     169526
2015  3 18  0  8  0    0     4.03   -11.73    -6.11    -598.0     46.01    -29.08     9.685     174708
2015  3 18  0  9  0    0     4.87   -11.86    -4.96    -605.9     49.91    -37.75     8.811     184653
2015  3 18  0 10  0    0     5.17   -11.52    -5.22    -607.3     51.08    -38.48     8.371     190325
2015  3 18  0 11  0    0     5.29   -11.53    -5.27    -606.4     51.60    -39.76     8.656     190514
2015  3 18  0 12  0    0     5.36   -12.07    -4.31    -607.5     51.76    -44.01     8.461     173809
2015  3 18  0 13  0    0     5.42   -12.03    -3.27    -607.6     48.67    -48.30     9.987     173505
2015  3 18  0 14  0    0     5.40   -11.84    -3.72    -608.9     47.04    -50.13     9.934     173505
2015  3 18  0 15  0    0     5.40   -11.36    -3.92    -615.3     46.56    -52.29     9.743     175202
2015  3 18  0 16  0    0     5.74   -11.22    -3.74    -618.2     46.39    -52.57     8.861     178739
2015  3 18  0 17  0    0     5.84   -11.50    -3.67    -617.3     44.95    -53.30     8.287     179551
2015  3 18  0 18  0    0     6.14   -11.93    -3.33    -615.0     44.43    -53.20     8.009     175434
2015  3 18  0 19  0    0     6.67   -12.34    -2.78    -613.1     44.93    -51.48     7.740     167028
2015  3 18  0 20  0    0     6.90   -12.50    -2.83    -613.5     45.57    -49.28     7.493     160236
2015  3 18  0 21  0    0     6.95   -12.53    -3.09    -613.2     42.47    -48.20     7.268     153214
2015  3 18  0 22  0    0     6.60   -12.35    -4.02    -611.3     35.13    -45.70     7.051     146673
2015  3 18  0 23  0    0     6.11   -12.29    -5.00    -611.2     29.12    -39.81     6.798     139226
2015  3 18  0 24  0    0     6.11   -12.37    -5.08    -607.5     20.63    -36.50     6.602     133287
2015  3 18  0 25  0    0     6.74   -12.60    -5.36    -607.1     16.84    -35.92     6.289     126007
2015  3 18  0 26  0    0     7.23   -12.51    -5.52    -608.0     12.83    -35.64     5.940     118486
2015  3 18  0 27  0    0     7.77   -12.43    -5.45    -607.3     12.57    -35.46     5.617     110737
2015  3 18  0 28  0    0     8.02   -12.45    -5.46    -602.0     10.99    -32.98     5.437     105477
2015  3 18  0 29  0    0     8.03   -12.45    -5.69    -596.1      8.48    -30.47     5.285     100460
2015  3 18  0 30  0    0     7.83   -12.43    -6.11    -590.1      5.29    -28.00     5.150      95524
2015  3 18  0 31  0    0     6.88   -12.62    -7.29    -588.1      4.00    -25.97     4.995      87832
2015  3 18  0 32  0    0     6.63   -12.79    -7.49    -585.8      2.55    -25.14     4.838      80548
2015  3 18  0 33  0    0     6.58   -12.98    -7.44    -584.2     -1.68    -24.32     4.686      75263
2015  3 18  0 34  0    0     7.23   -13.46    -6.91    -582.5    -12.60    -29.63     4.526      70866
2015  3 18  0 35  0    0     7.71   -13.74    -6.65    -581.6    -19.33    -33.87     4.313      66072
2015  3 18  0 36  0    0     7.79   -13.64    -6.75    -578.5    -18.49    -33.92     4.102      61816
2015  3 18  0 37  0    0     7.93   -13.50    -6.75    -572.5    -16.87    -33.92     3.936      58466
2015  3 18  0 38  0    0     8.10   -13.44    -6.80    -567.7    -13.95    -33.92     3.757      54319
2015  3 18  0 39  0    0     8.18   -13.32    -6.97    -565.4    -12.18    -32.22     3.543      51379
2015  3 18  0 40  0    0     8.00   -13.24    -7.09    -568.8    -11.48    -30.74     3.256      48880
2015  3 18  0 41  0    0     7.81   -13.53    -6.79    -575.3    -12.01    -29.25     2.949      45748
2015  3 18  0 42  0    0     7.47   -13.66    -6.79    -580.5    -16.34    -29.30     2.829      43152
2015  3 18  0 43  0    0     7.40   -13.64    -6.65    -579.4    -13.22    -26.05     2.792      42938
2015  3 18  0 44  0    0     7.39   -13.61    -6.30    -577.1     -7.52    -20.24     2.727      43098
2015  3 18  0 45  0    0     7.72   -13.61    -5.91    -575.1     -5.41    -18.43     2.703      43352
2015  3 18  0 46  0    0     7.90   -13.58    -5.79    -570.1     -4.31    -15.63     2.583      43652
2015  3 18  0 47  0    0     8.19   -13.53    -5.74    -566.4     -2.06    -14.87     2.605      43961
2015  3 18  0 48  0    0     8.34   -13.45    -5.75    -563.7      1.16    -15.39     2.728      44653
2015  3 18  0 49  0    0     8.32   -13.37    -5.80    -562.1      3.99    -17.39     2.845      45595
2015  3 18  0 50  0    0     8.31   -13.35    -5.87    -561.7      4.53    -20.53     2.846      46521
2015  3 18  0 51  0    0     8.22   -13.38    -5.99    -564.8      2.31    -22.35     2.907      47199
2015  3 18  0 52  0    0     8.18   -13.42    -5.75    -568.2      0.31    -22.04     3.043      46644
2015  3 18  0 53  0    0     8.29   -13.57    -5.61    -567.3      1.83    -19.41     3.036      42807
2015  3 18  0 54  0    0     8.36   -13.68    -4.97    -567.1      2.66    -18.19     2.942      40615
2015  3 18  0 55  0    0     8.32   -13.76    -4.60    -567.4      2.01    -16.44     2.888      40615
2015  3 18  0 56  0    0     8.54   -13.65    -4.58    -564.8      1.44    -13.62     2.880      42314
2015  3 18  0 57  0    0     8.88   -13.49    -4.57    -561.7      1.20    -11.74     2.885      44240
2015  3 18  0 58  0    0     9.09   -13.41    -4.64    -560.4      1.01    -12.73     2.880      45437
2015  3 18  0 59  0    0     9.06   -13.43    -4.83    -560.1     -0.07    -16.51     2.831      48217
2015  3 18  1  0  0    0     8.62   -13.61    -4.94    -558.9     -2.48    -19.44     2.916      48094
2015  3 18  1  1  0    0     8.32   -13.46    -5.44    -560.7     -5.22    -24.23     2.963      46434
2015  3 18  1  2  0    0     8.08   -13.51    -5.69    -564.4     -4.97    -27.48     3.043      44318
2015  3 18  1  3  0    0     7.98   -13.56    -5.67    -564.0     -4.88    -27.22     2.934      44058
2015  3 18  1  4  0    0     7.53   -13.62    -5.69    -565.0     -5.08    -27.36     2.787      42357
2015  3 18  1  5  0    0     7.06   -13.58    -6.25    -573.0     -7.24    -31.24     2.867      40995
2015  3 18  1  6  0    0     6.78   -13.55    -6.59    -577.3     -9.88    -31.76     2.929      45034
2015  3 18  1  7  0    0     6.85   -13.45    -6.77    -576.1     -9.63    -31.54     2.951      44928
2015  3 18  1  8  0    0     6.95   -13.36    -6.97    -573.0     -8.75    -33.44     2.954      44477
2015  3 18  1  9  0    0     7.11   -13.36    -6.82    -572.3     -7.48    -33.01     2.971      42602
2015  3 18  1 10  0    0     7.30   -13.33    -6.76    -571.7     -6.66    -32.33     2.880      42509
2015  3 18  1 11  0    0     7.50   -13.31    -6.64    -570.3     -6.48    -31.95     2.884      42989
2015  3 18  1 12  0    0     7.56   -13.49    -6.46    -569.9     -8.48    -31.36     2.888      43086
2015  3 18  1 13  0    0     7.42   -13.54    -6.49    -571.2    -10.99    -32.96     3.006      44434
2015  3 18  1 14  0    0     7.32   -13.46    -6.67    -573.9    -12.18    -35.85     3.082      50858
2015  3 18  1 15  0    0     7.03   -13.45    -6.85    -576.1    -12.62    -36.01     3.119      50957
2015  3 18  1 16  0    0     7.01   -13.61    -6.56    -578.3    -15.52    -34.82     2.938      49286
2015  3 18  1 17  0    0     6.89   -13.90    -6.12    -579.2    -21.08    -32.66     2.720      45735
2015  3 18  1 18  0    0     6.78   -13.90    -6.21    -576.8    -19.49    -32.27     2.860      46053
2015  3 18  1 19  0    0     7.11   -13.70    -6.17    -573.8    -13.71    -31.98     3.360      47188
2015  3 18  1 20  0    0     7.29   -13.68    -6.11    -570.4    -11.96    -28.10     3.394      47188
2015  3 18  1 21  0    0     7.38   -13.60    -5.86    -568.4    -12.53    -25.32     3.251      44288
2015  3 18  1 22  0    0     7.48   -13.59    -5.68    -566.4    -13.47    -24.39     3.215      43140
2015  3 18  1 23  0    0     7.60   -13.53    -5.57    -566.9    -14.20    -25.06     3.117      44663
2015  3 18  1 24  0    0     7.55   -13.56    -5.33    -566.4    -13.76    -25.46     3.179      51516
2015  3 18  1 25  0    0     7.66   -13.50    -5.18    -563.9    -11.75    -24.70     3.292      56649
2015  3 18  1 26  0    0     7.92   -13.36    -5.08    -561.2     -9.57    -23.86     3.330      57900
2015  3 18  1 27  0    0     7.97   -13.31    -4.82    -559.0     -9.06    -24.24     3.381      57900
2015  3 18  1 28  0    0     7.97   -13.04    -5.01    -558.1     -7.57    -25.21     3.483      57525
2015  3 18  1 29  0    0     8.16   -13.04    -5.00    -554.9     -6.76    -27.50     3.410      51896
2015  3 18  1 30  0    0     8.66   -13.06    -3.82    -554.9     -4.43    -21.33     3.477      45864
2015  3 18  1 31  0    0     8.62   -13.31    -3.84    -556.8     -4.32    -19.99     3.559      39789
2015  3 18  1 32  0    0     8.58   -13.41    -4.25    -558.4     -5.07    -19.98     3.550      39805
2015  3 18  1 33  0    0     9.09   -13.09    -4.52    -557.1     -5.60    -19.94     3.537      41219
2015  3 18  1 34  0    0     9.01   -12.82    -5.08    -556.3     -5.78    -18.69     3.528      41219
2015  3 18  1 35  0    0     8.99   -12.78    -5.13    -554.6     -7.13    -19.16     3.552      42515
2015  3 18  1 36  0    0     8.86   -12.92    -5.37    -554.9     -8.68    -19.85     3.527      39477
2015  3 18  1 37  0    0     8.32   -13.26    -5.18    -556.0     -9.74    -21.43     3.609      38872
2015  3 18  1 38  0    0     8.12   -13.29    -4.52    -555.3     -9.88    -21.23     3.641      38717
2015  3 18  1 39  0    0     8.29   -13.39    -4.15    -551.8     -6.14    -16.38     3.628      38205
2015  3 18  1 40  0    0     8.40   -13.47    -3.98    -549.5     -4.11    -13.22     3.625      37882
2015  3 18  1 41  0    0     8.61   -13.42    -3.89    -550.7     -6.31    -12.75     3.652      37821
2015  3 18  1 42  0    0     8.85   -13.27    -3.97    -552.2     -8.06    -13.91     3.680      38636
2015  3 18  1 43  0    0     8.88   -13.26    -4.25    -553.7     -7.40    -17.38     3.821      41420
2015  3 18  1 44  0    0     8.94   -13.24    -4.34    -554.2     -6.57    -19.36     3.802      42648
2015  3 18  1 45  0    0     8.86   -13.14    -4.50    -554.4     -6.20    -19.28     3.930      42780
2015  3 18  1 46  0    0     8.83   -13.02    -4.49    -553.9     -6.19    -18.66     3.961      42051
2015  3 18  1 47  0    0     9.18   -12.88    -4.48    -554.2     -7.82    -14.86     3.794      39870
2015  3 18  1 48  0    0     9.40   -12.76    -4.34    -553.1     -9.64    -11.41     3.570      38781
2015  3 18  1 49  0    0     9.27   -12.92    -4.17    -551.8    -10.77    -10.38     3.516      38564
2015  3 18  1 50  0    0     8.97   -13.10    -4.20    -551.3    -11.41    -10.48     3.573      41195
2015  3 18  1 51  0    0     8.84   -13.21    -4.20    -551.2    -10.50    -11.40     3.594      42830
2015  3 18  1 52  0    0     9.00   -13.26    -3.77    -551.6     -8.18    -12.05     3.635      42019
2015  3 18  1 53  0    0     9.22   -13.24    -3.50    -551.6     -6.63    -10.23     3.780      41540
2015  3 18  1 54  0    0     9.27   -13.24    -3.24    -551.5     -5.85     -8.05     3.852      41548
2015  3 18  1 55  0    0     9.16   -13.38    -2.75    -552.0     -5.56     -6.97     3.769      41577
2015  3 18  1 56  0    0     9.03   -13.54    -2.35    -554.0     -5.01     -5.59     3.616      43611
2015  3 18  1 57  0    0     8.97   -13.65    -2.05    -555.6     -5.50     -3.37     3.602      44154
2015  3 18  1 58  0    0     8.85   -13.65    -2.15    -555.0     -6.50     -8.99     3.566      43886
2015  3 18  1 59  0    0     8.90   -13.28    -3.34    -553.9     -5.47    -14.08     3.598      43216
2015  3 18  2  0  0    0     8.98   -13.02    -4.16    -552.6     -3.96    -18.84     3.612      43044
2015  3 18  2  1  0    0     9.00   -12.68    -5.08    -553.0     -4.75    -28.24     3.788      44441
2015  3 18  2  2  0    0     9.00   -12.61    -5.37    -552.9     -6.96    -31.09     3.865      44964
2015  3 18  2  3  0    0     9.02   -12.63    -5.40    -552.2     -7.62    -30.89     3.738      43784
2015  3 18  2  4  0    0     9.06   -12.57    -5.38    -551.1     -6.94    -29.89     3.660      43236
2015  3 18  2  5  0    0     9.33   -12.50    -4.90    -549.8     -6.13    -27.95     3.662      44495
2015  3 18  2  6  0    0     9.64   -12.52    -4.23    -548.1     -4.48    -23.46     3.664      45644
2015  3 18  2  7  0    0     9.74   -12.64    -3.80    -547.1     -3.44    -17.82     3.604      45254
2015  3 18  2  8  0    0     9.50   -12.89    -3.49    -549.7     -6.53    -16.23     3.450      41765
2015  3 18  2  9  0    0     9.25   -13.10    -3.21    -550.7     -8.48    -15.78     3.352      39159
2015  3 18  2 10  0    0     9.31   -13.11    -3.07    -549.3     -8.60    -14.67     3.367      39759
2015  3 18  2 11  0    0     9.45   -13.02    -3.01    -547.2     -7.81    -13.42     3.427      40732
2015  3 18  2 12  0    0     9.55   -12.88    -3.01    -545.4     -6.97    -12.57     3.455      41490
2015  3 18  2 13  0    0     9.59   -12.85    -3.08    -543.9     -6.39    -12.73     3.438      42228
2015  3 18  2 14  0    0     9.46   -12.87    -3.25    -543.1     -7.56    -15.00     3.402      44188
2015  3 18  2 15  0    0     9.30   -12.89    -3.25    -544.1     -8.19    -15.28     3.419      44188
2015  3 18  2 16  0    0     9.30   -12.88    -3.47    -544.1     -7.63    -16.81     3.474      44443
2015  3 18  2 17  0    0     9.36   -12.59    -4.11    -542.9     -3.66    -23.78     3.573      46079
2015  3 18  2 18  0    0     9.35   -12.17    -4.59    -541.6     -2.23    -33.76     3.570      46814
2015  3 18  2 19  0    0     9.36   -12.05    -5.11    -541.9     -7.02    -32.93     3.527      48733
2015  3 18  2 20  0    0     9.39   -12.06    -4.92    -539.8     -6.24    -29.03     3.796      50198
2015  3 18  2 21  0    0     9.54   -11.94    -4.62    -537.4     -4.05    -27.02     3.831      50465
2015  3 18  2 22  0    0     9.87   -11.81    -4.38    -534.3     -0.92    -24.35     3.759      49642
2015  3 18  2 23  0    0    10.23   -11.70    -4.07    -531.7      1.88    -20.50     3.666      48663
2015  3 18  2 24  0    0    10.39   -11.66    -3.20    -532.1      2.19    -14.71     3.639      51538
2015  3 18  2 25  0    0    10.49   -11.67    -2.00    -532.2      2.13     -7.53     3.664      58302
2015  3 18  2 26  0    0    10.64   -11.54    -1.21    -531.2      5.13     -0.44     3.639      56795
2015  3 18  2 27  0    0    10.84   -11.26    -0.27    -529.4     11.14      6.23     3.578      51470
2015  3 18  2 28  0    0    11.04   -10.99     0.33    -530.5      8.52      5.66     3.424      46894
2015  3 18  2 29  0    0    10.71   -11.38    -0.52    -534.2     -0.12     -1.23     3.394      48070
2015  3 18  2 30  0    0     9.98   -12.17    -2.06    -539.5     -5.76    -13.92     3.620      54210
2015  3 18  2 31  0    0     8.96   -12.35    -2.09    -544.3     -7.96    -19.61     3.643      54974
2015  3 18  2 32  0    0     8.59   -12.58    -1.30    -547.7     -8.93    -15.23     3.571      53733
2015  3 18  2 33  0    0     8.66   -12.70    -0.83    -545.4     -9.29    -10.42     3.648      55000
2015  3 18  2 34  0    0     8.80   -12.73    -0.96    -548.7    -16.72     -9.51     3.777      59439
2015  3 18  2 35  0    0     8.51   -12.90    -1.32    -548.4    -17.93    -10.80     3.800      59537
2015  3 18  2 36  0    0     8.25   -13.11    -1.66    -549.7    -17.78    -11.55     3.755      58205
2015  3 18  2 37  0    0     7.82   -13.23    -1.96    -551.0    -18.03    -12.79     3.700      55140
2015  3 18  2 38  0    0     7.25   -13.35    -2.52    -553.4    -19.17    -13.96     3.740      53924
2015  3 18  2 39  0    0     6.99   -13.51    -2.96    -554.8    -22.08    -17.00     3.724      55088
2015  3 18  2 40  0    0     6.79   -13.60    -2.59    -560.1    -24.36    -17.64     3.625      56631
2015  3 18  2 41  0    0     7.05   -13.57    -1.88    -557.4    -24.16    -15.78     3.412      56596
2015  3 18  2 42  0    0     7.65   -13.07    -1.48    -549.4    -17.35    -10.74     3.246      54493
2015  3 18  2 43  0    0     8.35   -12.65    -1.23    -544.5    -13.33     -7.71     3.117      53354
2015  3 18  2 44  0    0     9.04   -12.22    -0.97    -539.6     -9.31     -4.69     2.989      52215
2015  3 18  2 45  0    0     9.38   -12.08    -0.97    -540.3     -9.49     -3.20     3.168      60110
2015  3 18  2 46  0    0     9.21   -12.10    -0.84    -540.9     -9.85     -3.20     3.367      63135
2015  3 18  2 47  0    0     9.01   -12.25    -0.78    -541.7    -10.21     -0.51     3.521      68434
2015  3 18  2 48  0    0     8.72   -12.34    -0.42    -543.3    -11.81     -2.13     3.727      68620
2015  3 18  2 49  0    0     8.43   -12.50    -1.12    -541.8    -15.23    -14.19     3.866      68620
2015  3 18  2 50  0    0     8.30   -12.53    -1.91    -540.3    -14.23    -16.33     3.874      66637
2015  3 18  2 51  0    0     8.16   -12.65    -1.93    -543.8    -12.62    -10.87     3.878      66334
2015  3 18  2 52  0    0     8.08   -12.87     0.02    -549.9    -13.49     -6.63     3.755      64210
2015  3 18  2 53  0    0     8.07   -12.88     0.72    -550.1    -13.84     -9.27     3.624      60906
2015  3 18  2 54  0    0     8.11   -12.81     0.42    -549.0    -14.16    -12.73     3.619      58568
2015  3 18  2 55  0    0     8.31   -12.63    -0.02    -548.4    -14.72    -15.59     3.673      57101
2015  3 18  2 56  0    0     7.90   -12.83    -1.19    -549.4    -16.60    -17.60     3.662      56513
2015  3 18  2 57  0    0     6.95   -13.41    -2.12    -552.9    -20.48    -19.90     3.600      59454
2015  3 18  2 58  0    0     6.36   -13.67    -1.74    -553.5    -21.74    -20.51     3.601      62635
2015  3 18  2 59  0    0     6.34   -13.62    -1.70    -558.5    -21.40    -21.24     3.705      62923
2015  3 18  3  0  0    0     6.60   -13.50    -2.12    -556.6    -21.88    -23.81     3.722      59352
2015  3 18  3  1  0    0     6.87   -13.34    -2.51    -556.3    -22.54    -26.24     3.723      59233
2015  3 18  3  2  0    0     7.34   -13.00    -2.86    -553.4    -21.02    -29.64     3.851      60581
2015  3 18  3  3  0    0     7.70   -12.75    -2.99    -551.1    -20.07    -32.30     4.030      61146
2015  3 18  3  4  0    0     7.73   -12.75    -2.85    -550.8    -19.94    -31.06     4.133      71654
2015  3 18  3  5  0    0     7.40   -12.99    -2.68    -553.1    -21.53    -28.66     4.094      79235
2015  3 18  3  6  0    0     7.08   -13.11    -3.16    -554.7    -22.29    -33.38     3.951      74855
2015  3 18  3  7  0    0     7.29   -12.90    -3.44    -551.5    -21.71    -36.37     3.976      74017
2015  3 18  3  8  0    0     7.28   -12.83    -3.75    -549.7    -21.35    -38.04     4.014      74017
2015  3 18  3  9  0    0     7.05   -12.79    -4.20    -549.9    -21.54    -37.63     4.029      73277
2015  3 18  3 10  0    0     6.59   -12.96    -4.25    -553.8    -24.68    -34.35     4.206      67396
2015  3 18  3 11  0    0     6.35   -13.07    -4.36    -553.8    -27.94    -34.78     4.016      63563
2015  3 18  3 12  0    0     6.32   -13.12    -4.23    -550.9    -29.26    -35.43     3.865      60993
2015  3 18  3 13  0    0     6.69   -12.95    -3.86    -547.3    -29.03    -35.35     3.765      59699
2015  3 18  3 14  0    0     7.51   -12.52    -3.33    -543.5    -27.27    -34.54     3.698      59916
2015  3 18  3 15  0    0     8.72   -11.89    -2.81    -540.0    -22.70    -32.55     3.782      61782
2015  3 18  3 16  0    0     9.11   -11.63    -2.57    -536.9    -17.09    -30.56     3.999      62766
2015  3 18  3 17  0    0     9.28   -11.43    -2.57    -535.8    -12.58    -28.17     4.255      63120
2015  3 18  3 18  0    0     9.25   -11.46    -2.81    -537.8    -11.63    -26.16     4.373      63080
2015  3 18  3 19  0    0     8.89   -11.71    -2.91    -539.6    -13.25    -26.50     4.225      60616
2015  3 18  3 20  0    0     8.45   -11.98    -3.45    -543.3    -16.68    -31.30     4.192      60235
2015  3 18  3 21  0    0     7.37   -12.34    -4.36    -547.2    -19.12    -39.59     4.077      62110
2015  3 18  3 22  0    0     6.50   -12.43    -5.21    -559.4    -24.67    -45.38     3.816      61343
2015  3 18  3 23  0    0     6.10   -12.82    -5.27    -564.8    -29.72    -44.43     3.780      62211
2015  3 18  3 24  0    0     5.66   -13.21    -5.19    -567.7    -29.36    -47.82     3.855      63126
2015  3 18  3 25  0    0     5.56   -12.86    -5.20    -566.0    -28.09    -49.37     3.708      61969
2015  3 18  3 26  0    0     5.87   -12.61    -5.20    -562.6    -27.39    -48.52     3.575      59997
2015  3 18  3 27  0    0     6.45   -12.62    -5.12    -558.1    -27.40    -46.19     3.539      57978
2015  3 18  3 28  0    0     6.74   -12.79    -4.29    -555.8    -27.55    -42.26     3.614      57978
2015  3 18  3 29  0    0     6.91   -12.86    -3.83    -555.0    -27.97    -39.55     3.845      63017
2015  3 18  3 30  0    0     6.73   -12.95    -3.87    -559.9    -31.01    -38.28     3.918      70690
2015  3 18  3 31  0    0     5.67   -13.21    -4.50    -566.8    -35.20    -40.06     4.114      68664
2015  3 18  3 32  0    0     5.85   -13.10    -4.34    -565.1    -35.77    -40.38     4.134      67370
2015  3 18  3 33  0    0     6.30   -12.98    -3.99    -563.2    -40.71    -39.51     4.090      67859
2015  3 18  3 34  0    0     6.22   -13.13    -3.69    -564.1    -41.55    -38.16     3.857      68634
2015  3 18  3 35  0    0     5.77   -13.48    -3.35    -567.0    -34.22    -37.96     3.798      67186
2015  3 18  3 36  0    0     5.91   -13.44    -3.21    -565.3    -34.11    -37.17     3.891      65440
2015  3 18  3 37  0    0     6.12   -13.30    -3.31    -561.9    -32.05    -37.29     3.901      64619
2015  3 18  3 38  0    0     6.26   -13.17    -3.58    -559.2    -29.84    -40.32     3.915      64713
2015  3 18  3 39  0    0     6.31   -13.08    -3.78    -558.4    -27.81    -43.56     4.014      65414
2015  3 18  3 40  0    0     6.42   -12.84    -4.15    -559.0    -27.24    -46.13     4.027      65967
2015  3 18  3 41  0    0     6.60   -12.66    -4.34    -562.1    -28.99    -46.24     4.207      66403
2015  3 18  3 42  0    0     6.56   -12.69    -4.05    -562.8    -34.10    -41.84     4.291      68117
2015  3 18  3 43  0    0     6.33   -12.86    -3.37    -560.9    -37.94    -39.00     4.366      71031
2015  3 18  3 44  0    0     5.92   -13.06    -2.91    -557.6    -39.82    -41.45     4.399      75765
2015  3 18  3 45  0    0     6.64   -12.83    -2.35    -557.4    -39.36    -43.61     3.991      75751
2015  3 18  3 46  0    0     7.03   -12.55    -2.32    -557.4    -38.95    -41.32     4.075      74936
2015  3 18  3 47  0    0     7.61   -12.35    -2.59    -550.9    -39.02    -37.50     4.139      74936
2015  3 18  3 48  0    0     7.99   -12.21    -2.95    -546.6    -37.88    -35.65     4.277      74936
2015  3 18  3 49  0    0     7.41   -12.28    -3.81    -552.5    -35.90    -40.08     4.437      71335
2015  3 18  3 50  0    0     6.92   -12.29    -4.37    -553.7    -34.75    -40.38     4.303      67351
2015  3 18  3 51  0    0     6.56   -12.29    -4.67    -560.3    -35.90    -49.13     4.070      66647
2015  3 18  3 52  0    0     6.70   -12.30    -4.51    -557.7    -36.53    -42.57     4.068      66664
2015  3 18  3 53  0    0     6.62   -12.42    -4.65    -559.3    -36.12    -44.92     4.078      67096
2015  3 18  3 54  0    0     6.70   -12.49    -4.74    -558.7    -31.13    -44.79     4.144      67096
2015  3 18  3 55  0    0     6.43   -12.39    -5.18    -561.1    -30.07    -49.54     4.321      67845
2015  3 18  3 56  0    0     5.46   -12.01    -6.63    -573.6    -29.55    -64.57     4.516      72548
2015  3 18  3 57  0    0     5.81   -12.00    -6.99    -570.8    -30.96    -64.59     4.436      86401
2015  3 18  3 58  0    0     6.04   -11.77    -6.97    -568.0    -31.99    -62.87     4.361      89300
2015  3 18  3 59  0    0     6.43   -11.57    -6.73    -563.1    -32.44    -60.69     4.246      89743
2015  3 18  4  0  0    0     6.94   -11.42    -6.38    -557.1    -32.56    -58.41     4.107      90023
2015  3 18  4  1  0    0     7.66   -11.65    -5.02    -551.2    -33.28    -53.44     4.016      90088
2015  3 18  4  2  0    0     8.24   -11.88    -3.83    -546.4    -34.08    -48.36     3.883      90861
2015  3 18  4  3  0    0     8.56   -12.07    -2.99    -543.5    -34.52    -43.33     3.699      92973
2015  3 18  4  4  0    0     8.91   -11.92    -2.52    -539.2    -31.44    -39.95     3.699      95271
2015  3 18  4  5  0    0     8.99   -11.93    -2.15    -538.6    -29.67    -36.76     3.803      96633
2015  3 18  4  6  0    0     8.77   -12.08    -1.99    -539.1    -28.96    -33.58     3.851     100938
2015  3 18  4  7  0    0     8.74   -12.10    -1.90    -538.6    -27.72    -29.68     3.801     102001
2015  3 18  4  8  0    0     8.83   -12.05    -1.73    -538.0    -26.61    -26.55     3.718     101799
2015  3 18  4  9  0    0     8.80   -12.11    -1.57    -540.6    -27.58    -27.16     3.557     100480
2015  3 18  4 10  0    0     8.51   -12.20    -1.67    -543.7    -30.93    -28.45     3.367     100333
2015  3 18  4 11  0    0     7.90   -12.55    -1.70    -546.8    -33.63    -28.37     3.349      98255
2015  3 18  4 12  0    0     7.78   -12.59    -1.65    -547.8    -34.64    -30.46     3.533      93734
2015  3 18  4 13  0    0     7.89   -12.36    -2.15    -547.9    -34.96    -36.75     3.594      93721
2015  3 18  4 14  0    0     8.03   -12.02    -3.13    -546.3    -33.63    -43.11     3.531      93939
2015  3 18  4 15  0    0     8.11   -11.84    -3.44    -542.4    -30.23    -47.14     3.358      94523
2015  3 18  4 16  0    0     8.22   -11.71    -3.43    -538.8    -26.42    -48.64     3.174      93898
2015  3 18  4 17  0    0     8.42   -11.58    -3.13    -537.1    -25.69    -46.18     3.187      90464
2015  3 18  4 18  0    0     8.73   -11.50    -2.41    -538.8    -27.45    -38.48     3.253      88727
2015  3 18  4 19  0    0     7.62   -12.33    -1.42    -560.8    -34.91    -26.68     3.424     107883
2015  3 18  4 20  0    0     7.78   -12.05    -0.98    -556.0    -31.57    -20.42     3.383     107883
2015  3 18  4 21  0    0     7.96   -11.80    -0.26    -554.0    -29.41    -16.57     3.235      95113
2015  3 18  4 22  0    0     8.02   -11.59     0.33    -549.2    -24.67    -12.63     3.197      90180
2015  3 18  4 23  0    0     8.12   -11.37     0.81    -543.7    -19.62     -8.82     3.197      88383
2015  3 18  4 24  0    0     8.59   -11.13     0.90    -539.0    -17.45     -6.36     3.197      88383
2015  3 18  4 25  0    0     8.58   -11.56     1.17    -540.0    -17.42     -6.44     3.108      91639
2015  3 18  4 26  0    0     8.69   -11.64     1.21    -540.0    -19.80     -8.84     2.954      98500
2015  3 18  4 27  0    0     8.50   -11.85     0.72    -542.7    -21.75    -13.01     2.981     107722
2015  3 18  4 28  0    0     8.36   -11.91     0.48    -544.6    -24.96    -18.05     3.075     107544
2015  3 18  4 29  0    0     8.18   -11.92     0.16    -544.7    -26.02    -22.80     3.139     106689
2015  3 18  4 30  0    0     7.99   -11.96    -0.62    -543.6    -27.32    -31.85     3.150     107345
2015  3 18  4 31  0    0     8.03   -11.93    -1.11    -544.3    -29.84    -38.24     3.074     113458
2015  3 18  4 32  0    0     7.79   -12.01    -1.73    -544.8    -30.32    -43.37     3.053     116452
2015  3 18  4 33  0    0     8.05   -11.58    -2.23    -545.9    -28.51    -50.37     3.060     115972
2015  3 18  4 34  0    0     8.15   -11.04    -2.55    -545.2    -23.83    -54.56     2.974     113290
2015  3 18  4 35  0    0     8.03   -10.55    -2.87    -541.3    -24.57    -54.44     2.881     108677
2015  3 18  4 36  0    0     8.22   -10.12    -3.49    -537.9    -24.37    -51.60     2.838     106454
2015  3 18  4 37  0    0     8.64    -9.46    -3.73    -534.4    -23.27    -47.00     2.843     100401
2015  3 18  4 38  0    0     9.04    -8.86    -3.61    -531.3    -21.00    -41.59     2.882      94281
2015  3 18  4 39  0    0     9.18    -8.79    -3.16    -530.0    -17.18    -35.97     2.953      94413
2015  3 18  4 40  0    0     9.67    -8.74    -2.47    -529.5    -14.66    -28.88     3.065      95194
2015  3 18  4 41  0    0     9.90    -9.11    -1.82    -524.6    -15.37    -30.87     3.120      95499
2015  3 18  4 42  0    0    10.00    -9.24    -1.72    -522.8     -5.74    -26.63     3.166      97194
2015  3 18  4 43  0    0     9.18    -9.71    -1.63    -530.7    -12.75    -27.26     3.162      99577
2015  3 18  4 44  0    0     8.53    -9.78    -0.76    -531.3    -11.78    -23.13     3.173     109630
2015  3 18  4 45  0    0     8.47   -10.05     0.56    -533.4     -9.15    -12.27     3.238     127050
2015  3 18  4 46  0    0     8.31   -10.10     1.31    -540.8    -12.46     -4.76     3.344     137031
2015  3 18  4 47  0    0     7.43   -10.12    -0.23    -549.8    -15.42    -12.67     3.426     125084
2015  3 18  4 48  0    0     7.25    -9.77     0.66    -550.3    -15.62    -14.54     3.173     107311
2015  3 18  4 49  0    0     6.99    -9.50     1.90    -548.5    -15.13    -13.16     2.949     102399
2015  3 18  4 50  0    0     6.61    -9.46     2.29    -547.5     -6.54     -4.77     2.927     106714
2015  3 18  4 51  0    0     6.52    -9.22     2.74    -551.9     12.55      8.27     3.071     120491
2015  3 18  4 52  0    0     6.65    -8.99     2.67    -551.7     14.64      6.08     3.069     123728
2015  3 18  4 53  0    0     6.91    -9.19     1.67    -547.8     10.00     -3.29     3.028     115653
2015  3 18  4 54  0    0     7.31    -9.57     0.55    -542.7      2.71    -16.56     3.006     102591
2015  3 18  4 55  0    0     8.03    -9.57    -0.79    -536.0     -1.29    -35.40     3.020     102591
2015  3 18  4 56  0    0     8.64    -9.40    -2.04    -530.4     -4.78    -53.01     3.104     103785
2015  3 18  4 57  0    0     8.78    -8.69    -2.82    -529.8     -5.69    -63.58     3.426     112498
2015  3 18  4 58  0    0     8.31    -8.92    -2.71    -530.6     -3.58    -58.43     3.493     133920
2015  3 18  4 59  0    0     6.92   -10.13     1.42    -541.3     -2.84    -23.80     3.305     122206
2015  3 18  5  0  0    0     7.38   -10.20     2.14    -542.0    -15.60    -39.49     3.270     115818
2015  3 18  5  1  0    0     8.36   -10.16     0.28    -541.8    -17.90    -48.54     3.199     115818
2015  3 18  5  2  0    0     8.41   -10.05    -0.17    -541.6    -19.40    -45.91     3.064     120162
2015  3 18  5  3  0    0     8.39    -9.94    -0.77    -540.8    -19.05    -43.08     3.252     127888
2015  3 18  5  4  0    0     8.35    -9.80    -1.08    -541.8    -30.64    -41.27     3.437     133417
2015  3 18  5  5  0    0     8.35    -9.70    -0.97    -540.5    -30.86    -41.39     3.432     138727
2015  3 18  5  6  0    0     8.27    -9.55    -0.78    -538.1    -21.42    -41.73     3.061     139346
2015  3 18  5  7  0    0     8.31    -9.44    -0.54    -534.9    -15.00    -41.48     2.865     135911
2015  3 18  5  8  0    0     8.36    -9.20     0.34    -533.0    -13.34    -41.02     2.786     131655
2015  3 18  5  9  0    0     8.53    -8.82     1.57    -534.1    -17.25    -41.70     2.783     130220
2015  3 18  5 10  0    0     8.72    -8.70     1.67    -534.9    -20.94    -42.40     2.897     129557
2015  3 18  5 11  0    0     8.40    -8.70     2.14    -543.8    -23.34    -41.58     3.028     132141
2015  3 18  5 12  0    0     6.26    -8.70     1.73    -558.8    -28.07    -43.36     3.302     154053
2015  3 18  5 13  0    0     6.40    -8.54     1.78    -558.9    -28.60    -48.55     3.471     133632
2015  3 18  5 14  0    0     7.51    -8.36     1.31    -554.0    -32.13    -51.56     3.452     133632
2015  3 18  5 15  0    0     7.81    -8.35     1.28    -553.3    -36.48    -56.01     3.584     136544
2015  3 18  5 16  0    0     6.58    -8.01     0.55    -558.4    -41.95    -62.69     3.800     137597
2015  3 18  5 17  0    0     5.90    -8.07     0.58    -565.7    -36.34    -67.73     3.930     141011
2015  3 18  5 18  0    0     3.55    -9.43    -4.59    -582.8    -32.95    -68.02     4.729     148423
2015  3 18  5 19  0    0     2.79   -10.18    -5.86    -586.1    -31.57    -67.18     4.754     150296
2015  3 18  5 20  0    0     2.76   -10.15    -5.69    -585.7    -33.34    -65.85     4.598     151417
2015  3 18  5 21  0    0     2.50    -9.97    -5.84    -583.2    -32.07    -67.23     4.438     153122
2015  3 18  5 22  0    0     2.50    -9.81    -6.01    -581.4    -31.14    -68.59     4.269     152895
2015  3 18  5 23  0    0     2.84    -9.72    -6.21    -578.5    -30.75    -69.81     4.193     151603
2015  3 18  5 24  0    0     3.26    -9.63    -6.48    -572.8    -29.17    -71.95     4.221     151210
2015  3 18  5 25  0    0     3.46    -9.69    -6.30    -572.7    -31.25    -67.97     4.417     149686
2015  3 18  5 26  0    0     3.52   -10.07    -5.71    -572.2    -33.46    -59.69     4.431     146916
2015  3 18  5 27  0    0     3.84   -10.60    -5.05    -570.3    -37.42    -52.47     4.502     146777
2015  3 18  5 28  0    0     4.64   -10.81    -3.97    -569.5    -36.26    -50.32     4.623     146777
2015  3 18  5 29  0    0     4.86   -10.95    -3.02    -569.5    -35.80    -49.46     4.588     146936
2015  3 18  5 30  0    0     5.14   -10.98    -2.75    -567.5    -35.74    -47.36     4.508     147372
2015  3 18  5 31  0    0     5.59   -10.93    -2.24    -564.1    -34.19    -44.33     4.431     147617
2015  3 18  5 32  0    0     5.98   -10.88    -1.64    -561.0    -32.61    -41.65     4.348     151855
2015  3 18  5 33  0    0     5.66   -11.00    -1.79    -565.0    -35.57    -43.84     4.210     175639
2015  3 18  5 34  0    0     5.24   -11.41    -1.76    -569.9    -38.01    -45.13     3.941     186876
2015  3 18  5 35  0    0     4.60   -11.63    -1.52    -570.5    -38.45    -38.99     3.667     160546
2015  3 18  5 36  0    0     4.67   -11.65    -0.56    -570.4    -38.97    -37.94     3.416     151890
2015  3 18  5 37  0    0     4.71   -11.75    -0.28    -571.6    -40.25    -38.99     3.070     143287
2015  3 18  5 38  0    0     4.91   -11.64    -0.12    -570.4    -39.53    -41.88     3.029     142501
2015  3 18  5 39  0    0     5.45   -11.36    -0.42    -568.6    -38.47    -43.92     3.030     143636
2015  3 18  5 40  0    0     5.96   -11.02    -0.25    -563.5    -35.63    -43.29     3.031     148093
2015  3 18  5 41  0    0     6.43   -10.65     0.18    -557.0    -31.97    -41.53     3.032     153972
2015  3 18  5 42  0    0     6.76   -10.49     0.38    -553.9    -27.06    -38.61     3.022     154757
2015  3 18  5 43  0    0     6.93   -10.38     0.38    -554.2    -30.99    -39.47     3.052     158346
2015  3 18  5 44  0    0     6.98   -10.29    -0.75    -554.3    -31.36    -39.87     3.156     160769
2015  3 18  5 45  0    0     7.10   -10.26    -0.60    -552.6    -31.36    -36.25     3.209     161120
2015  3 18  5 46  0    0     7.17   -10.28     0.30    -551.5    -29.29    -30.71     3.144     159765
2015  3 18  5 47  0    0     7.38   -10.24     0.92    -550.1    -27.37    -28.70     3.049     154372
2015  3 18  5 48  0    0     7.61    -9.96     1.19    -548.4    -25.43    -28.27     2.987     150525
2015  3 18  5 49  0    0     7.75    -9.60     1.43    -547.0    -22.60    -26.56     2.978     153622
2015  3 18  5 50  0    0     7.90    -9.35     1.77    -546.1    -19.82    -23.34     3.011     159675
2015  3 18  5 51  0    0     7.96    -8.80     2.69    -546.6    -15.82    -17.31     3.041     159675
2015  3 18  5 52  0    0     8.00    -8.55     3.95    -547.1    -11.22    -13.90     3.116     163619
2015  3 18  5 53  0    0     8.06    -8.57     3.94    -543.7    -10.33    -13.28     3.136     171539
2015  3 18  5 54  0    0     7.93    -8.84     2.76    -545.1     -9.75    -13.03     3.275     175402
2015  3 18  5 55  0    0     7.84    -8.95     2.59    -547.7    -10.98    -11.85     3.153     180631
2015  3 18  5 56  0    0     6.97    -9.17     2.97    -550.3     -8.49     -7.17     2.963     167223
2015  3 18  5 57  0    0     6.41    -9.37     3.28    -547.5     -2.08     -2.37     2.848     154814
2015  3 18  5 58  0    0     6.68    -8.29     3.67    -570.0      6.87      0.58     2.938     150647
2015  3 18  5 59  0    0     5.86    -7.28     6.30    -624.2      2.47      1.98     3.111     142773
2015  3 18  6  0  0    0     5.65    -7.46     6.53    -612.3      1.77      1.57     3.108     142093
2015  3 18  6  1  0    0     5.69    -7.47     6.46    -598.6      1.76      0.48     3.110     142093
2015  3 18  6  2  0    0     5.75    -7.47     6.38    -585.3      1.88     -0.55     3.113     142458
2015  3 18  6  3  0    0     5.82    -7.47     6.29    -572.0      2.00     -1.57     3.117     142822
2015  3 18  6  4  0    0     5.89    -7.47     6.20    -558.7      2.12     -2.60     3.120     143186
2015  3 18  6  5  0    0     6.41    -7.36     5.85    -552.1      4.48     -2.38     3.141     149745
2015  3 18  6  6  0    0     6.76    -7.30     5.48    -547.8     12.15      1.25     3.155     156593
2015  3 18  6  7  0    0     6.60    -7.71     5.11    -556.4      0.99    -10.53     3.155     161427
2015  3 18  6  8  0    0     6.54    -7.84     4.89    -556.9    -10.08    -17.47     3.139     160364
2015  3 18  6  9  0    0     7.01    -8.25     4.18    -550.3    -13.27    -17.10     3.126     159206
2015  3 18  6 10  0    0     7.38    -8.61     3.59    -545.1    -16.13    -15.99     3.104     158259
2015  3 18  6 11  0    0     4.77    -8.11     5.72    -620.0     -1.95      2.08     2.942     152436
2015  3 18  6 12  0    0     4.91    -7.48     6.16    -623.6      4.71      9.64     3.002     161349
2015  3 18  6 13  0    0     4.89    -6.89     6.90    -623.4     10.39     16.49     3.063     167238
2015  3 18  6 14  0    0     4.88    -6.40     7.27    -619.1     14.94     21.79     3.074     174915
2015  3 18  6 15  0    0     4.64    -6.29     7.46    -611.8     17.44     25.05     3.072     179774
2015  3 18  6 16  0    0     4.09    -6.60     7.56    -602.0     17.80     26.26     3.065     180482
2015  3 18  6 17  0    0     3.25    -7.39     7.64    -594.5     14.61     26.60     3.061     181337
2015  3 18  6 18  0    0     1.96    -9.00     7.61    -592.9      4.68     24.80     3.069     182500
2015  3 18  6 19  0    0     2.01    -9.01     7.47    -588.5      4.68     23.70     3.095     183350
2015  3 18  6 20  0    0     2.79    -9.29     7.02    -587.4      5.31     21.04     3.158     184402
2015  3 18  6 21  0    0     3.54    -9.37     6.68    -584.5     -1.53     12.40     3.219     185441
2015  3 18  6 22  0    0     4.11    -9.51     6.29    -580.0     -5.60      7.46     3.285     187506
2015  3 18  6 23  0    0     4.60    -9.66     5.94    -575.3     -7.04      5.72     3.352     191702
2015  3 18  6 24  0    0     5.22    -9.34     6.13    -574.3     -7.84      5.83     3.409     204277
2015  3 18  6 25  0    0     5.55    -9.20     6.19    -567.4     -7.84      5.88     3.414     208437
2015  3 18  6 26  0    0     5.94    -9.02     5.98    -560.8     -9.87      4.62     3.404     211072
2015  3 18  6 27  0    0     6.44    -8.75     5.34    -554.8    -15.41      1.11     3.367     211072
2015  3 18  6 28  0    0     6.84    -8.60     4.87    -549.7    -16.27     -3.20     3.308     206081
2015  3 18  6 29  0    0     7.22    -8.50     4.54    -545.2    -15.94     -6.85     3.239     198822
2015  3 18  6 30  0    0     7.58    -8.44     4.39    -541.5    -16.56     -8.19     3.164     190035
2015  3 18  6 31  0    0     7.55    -8.51     4.22    -539.1    -13.82    -10.81     3.117     181309
2015  3 18  6 32  0    0     7.61    -8.62     4.05    -535.5    -12.46    -12.32     3.110     177384
2015  3 18  6 33  0    0     7.73    -8.66     3.95    -532.1     -9.53    -12.91     3.123     175873
2015  3 18  6 34  0    0     7.95    -8.39     3.98    -530.5     -4.21    -12.10     3.146     177190
2015  3 18  6 35  0    0     8.19    -7.68     4.00    -532.3     -6.76    -10.84     3.143     186141
2015  3 18  6 36  0    0     6.93    -9.01     3.50    -548.2      1.96     -6.00     3.187     194701
2015  3 18  6 37  0    0     6.49    -8.76     3.88    -552.0      0.27     -9.96     3.284     197752
2015  3 18  6 38  0    0     6.35    -8.57     4.10    -552.8     -3.76    -12.87     3.333     203309
2015  3 18  6 39  0    0     6.21    -9.06     3.51    -551.9     -3.93    -11.29     3.360     205090
2015  3 18  6 40  0    0     6.09    -9.52     3.05    -548.5     -7.67    -12.66     3.343     201096
2015  3 18  6 41  0    0     6.00    -9.65     3.13    -544.4    -13.23    -15.00     3.285     194217
2015  3 18  6 42  0    0     5.96    -9.16     3.98    -543.4    -11.37     -7.68     3.167     186216
2015  3 18  6 43  0    0     6.81    -7.84     4.22    -541.0    -14.65    -11.67     3.073     186216
2015  3 18  6 44  0    0     7.12    -7.77     4.36    -546.5    -20.08    -14.92     3.081     209497
2015  3 18  6 45  0    0     6.96    -8.00     4.05    -545.3    -21.53    -15.51     3.100     212138
2015  3 18  6 46  0    0     6.86    -8.63     2.96    -545.6    -23.81    -16.02     3.188     215092
2015  3 18  6 47  0    0     6.76    -8.92     3.56    -543.0    -26.80    -17.99     3.259     217376
2015  3 18  6 48  0    0     6.95    -8.97     3.00    -543.5    -31.64    -26.46     3.332     219241
2015  3 18  6 49  0    0     7.02    -9.17     2.80    -541.3    -35.40    -34.64     3.407     225941
2015  3 18  6 50  0    0     7.02    -9.53     2.00    -541.0    -28.99    -41.14     3.513     245830
2015  3 18  6 51  0    0     7.04    -9.47     0.78    -540.0    -38.43    -43.30     3.548     251848
2015  3 18  6 52  0    0     7.14    -9.32    -0.98    -540.9    -46.33    -47.88     3.521     252627
2015  3 18  6 53  0    0     6.53    -9.30    -2.23    -548.1    -33.31    -57.24     3.371     231934
2015  3 18  6 54  0    0     5.99    -9.26    -2.95    -552.9    -48.35    -63.01     3.269     211654
2015  3 18  6 55  0    0     6.31    -9.22    -2.60    -548.1    -47.42    -67.74     3.253     199727
2015  3 18  6 56  0    0     6.82    -9.17    -2.04    -541.4    -38.75    -72.72     3.267     191280
2015  3 18  6 57  0    0     6.77    -9.67    -1.16    -547.6    -35.51    -55.25     3.308     191702
2015  3 18  6 58  0    0     7.26    -9.16    -0.90    -555.0    -35.88    -55.37     3.331     193624
2015  3 18  6 59  0    0     7.38    -9.00    -0.73    -554.5    -33.74    -58.69     3.312     190959
2015  3 18  7  0  0    0     6.95    -9.12    -0.69    -553.9    -31.71    -64.81     3.225     190426
2015  3 18  7  1  0    0     6.42    -9.37    -1.89    -553.2    -31.93    -71.78     3.163     190426
2015  3 18  7  2  0    0     6.09    -9.62    -2.28    -550.4    -33.12    -70.40     3.127     171275
2015  3 18  7  3  0    0     5.97    -9.78    -2.16    -546.8    -33.93    -65.89     3.117     154286
2015  3 18  7  4  0    0     6.17    -9.72    -2.01    -543.1    -33.49    -61.78     3.146     150566
2015  3 18  7  5  0    0     7.08    -9.02    -2.56    -537.8    -29.15    -61.13     3.242     150566
2015  3 18  7  6  0    0     7.68    -8.61    -2.72    -534.0    -26.55    -59.53     3.281     152441
2015  3 18  7  7  0    0     8.06    -8.60    -2.33    -533.4    -26.71    -55.78     3.248     154906
2015  3 18  7  8  0    0     7.99    -8.91    -0.04    -540.2    -29.46    -45.91     3.069     156746
2015  3 18  7  9  0    0     4.43   -10.65    -0.25    -577.0    -47.41    -42.50     3.298     193676
2015  3 18  7 10  0    0     3.31   -11.14    -0.01    -577.4    -58.26    -46.09     3.348     194778
2015  3 18  7 11  0    0     3.19   -11.35     0.55    -580.3    -63.00    -50.25     3.337     197915
2015  3 18  7 12  0    0     3.09   -11.49     0.61    -582.6    -64.41    -58.57     3.396     194841
2015  3 18  7 13  0    0     2.70   -11.28    -0.15    -590.4    -63.86    -54.80     3.523     170621
2015  3 18  7 14  0    0     3.07   -10.68    -0.26    -589.4    -56.98    -79.58     3.410     167070
2015  3 18  7 15  0    0     3.01   -10.48     0.01    -586.5    -52.01    -81.82     3.333     165674
2015  3 18  7 16  0    0     3.12   -10.46    -0.13    -583.0    -50.41    -77.12     3.329     163256
2015  3 18  7 17  0    0     3.55   -10.39    -0.52    -578.4    -48.00    -73.24     3.359     158679
2015  3 18  7 18  0    0     4.26   -10.22    -1.03    -573.0    -43.56    -72.46     3.399     152181
2015  3 18  7 19  0    0     4.44   -10.24    -1.70    -568.8    -34.14    -72.09     3.363     141804
2015  3 18  7 20  0    0     4.76   -10.26    -1.58    -565.8    -30.69    -70.72     3.288     135112
2015  3 18  7 21  0    0     5.00   -10.42    -0.87    -564.3    -35.26    -68.44     3.221     132681
2015  3 18  7 22  0    0     4.29   -11.21    -0.15    -570.4    -45.72    -64.62     3.080     154220
2015  3 18  7 23  0    0     3.26   -11.39    -0.11    -580.1    -49.17    -69.51     3.124     185095
2015  3 18  7 24  0    0     1.46   -11.39    -0.34    -597.2    -49.57    -77.91     3.142     191181
2015  3 18  7 25  0    0     1.74   -11.07    -0.88    -593.6    -48.42    -76.79     3.146     184430
2015  3 18  7 26  0    0     2.58   -11.00    -2.69    -587.9    -46.51    -76.73     3.140     177162
2015  3 18  7 27  0    0     2.82   -10.59    -4.32    -587.1    -43.26    -75.86     3.296     175950
2015  3 18  7 28  0    0     2.96   -10.27    -5.52    -588.6    -32.85    -74.67     3.413     186258
2015  3 18  7 29  0    0     2.16   -10.00    -6.12    -587.5    -36.23    -73.45     3.360     188335
2015  3 18  7 30  0    0     2.05    -9.45    -6.83    -585.4    -32.01    -71.88     3.456     188708
2015  3 18  7 31  0    0     2.32    -9.21    -7.04    -582.6    -22.44    -70.46     3.818     191122
2015  3 18  7 32  0    0     2.91    -8.95    -7.14    -578.1    -16.65    -69.33     4.151     195017
2015  3 18  7 33  0    0     3.72    -8.51    -7.36    -571.9    -16.65    -68.42     4.346     199480
2015  3 18  7 34  0    0     3.88    -8.46    -7.32    -565.8    -12.82    -68.50     4.362     200001
2015  3 18  7 35  0    0     4.15    -8.42    -6.58    -560.4    -11.68    -71.56     4.312     197559
2015  3 18  7 36  0    0     4.95    -8.31    -4.01    -557.4    -19.20    -82.26     4.140     188488
2015  3 18  7 37  0    0     5.91    -8.42    -1.15    -549.8    -19.80    -80.00     3.818     184321
2015  3 18  7 38  0    0     6.87    -8.53     1.70    -542.2    -20.39    -77.74     3.496     180153
2015  3 18  7 39  0    0     7.18    -7.83     2.90    -540.2    -25.63    -69.69     3.419     180153
2015  3 18  7 40  0    0     7.16    -8.00     3.67    -543.8    -34.19    -56.93     3.251     179609
2015  3 18  7 41  0    0     6.49    -8.79     3.48    -548.2    -42.39    -42.50     3.180     174879
2015  3 18  7 42  0    0     5.81    -9.89     2.22    -556.4    -52.96    -40.51     3.001     171263
2015  3 18  7 43  0    0     4.25   -10.40     2.14    -562.4    -59.85    -47.33     3.009     164832
2015  3 18  7 44  0    0     4.63   -10.26     2.40    -558.7    -58.79    -52.02     2.992     153394
2015  3 18  7 45  0    0     5.45   -10.11     1.71    -555.1    -57.87    -65.64     2.959     150983
2015  3 18  7 46  0    0     5.79    -9.91     1.17    -554.9    -54.03    -65.38     3.007     150581
2015  3 18  7 47  0    0     6.47    -9.43     0.30    -556.8    -48.23    -61.89     2.943     171828
2015  3 18  7 48  0    0     6.87    -9.45     0.34    -549.2    -46.70    -60.12     3.042     176396
2015  3 18  7 49  0    0     7.26    -9.48     0.39    -541.5    -45.25    -58.39     3.143     180617
2015  3 18  7 50  0    0     6.84    -9.56    -1.11    -553.4    -38.06    -61.00     3.302     187069
2015  3 18  7 51  0    0     5.86    -9.25    -3.25    -560.8    -34.12    -66.55     3.594     195365
2015  3 18  7 52  0    0     4.52    -9.70    -4.05    -568.9    -35.74    -71.98     3.762     203984
2015  3 18  7 53  0    0     3.49    -9.85    -5.40    -579.8    -36.11    -73.79     3.769     209008
2015  3 18  7 54  0    0     4.08    -9.67    -5.39    -574.9    -36.67    -74.95     3.765     208197
2015  3 18  7 55  0    0     4.38    -9.67    -5.04    -572.5    -47.03    -76.35     3.728     202114
2015  3 18  7 56  0    0     4.73   -10.09    -3.43    -567.7    -54.42    -69.31     3.665     198106
2015  3 18  7 57  0    0     4.96   -10.47    -2.14    -565.0    -60.18    -60.98     3.634     194567
2015  3 18  7 58  0    0     5.09   -10.60    -1.12    -564.6    -59.02    -52.06     3.801     192912
2015  3 18  7 59  0    0     5.37   -10.24    -0.14    -561.3    -52.51    -45.39     3.988     192912
2015  3 18  8  0  0    0     5.83    -9.59     0.72    -554.4    -46.60    -41.04     3.995     192912
2015  3 18  8  1  0    0     6.25    -9.08     2.36    -549.1    -39.02    -36.25     3.946     187627
2015  3 18  8  2  0    0     6.60    -8.57     4.19    -545.8    -29.81    -31.20     3.782     181154
2015  3 18  8  3  0    0     6.67    -7.94     5.46    -549.4    -18.81    -25.25     3.447     177886
2015  3 18  8  4  0    0     6.56    -8.05     5.23    -553.7    -19.55    -20.67     3.556     176342
2015  3 18  8  5  0    0     6.97    -8.27     2.83    -549.4    -19.65    -19.62     3.666     176413
2015  3 18  8  6  0    0     7.40    -8.44     0.33    -544.6    -18.32    -21.32     3.815     177474
2015  3 18  8  7  0    0     6.50    -8.82     0.32    -552.4    -17.56    -27.85     4.189     185082
2015  3 18  8  8  0    0     6.00    -9.07     1.04    -555.6    -25.01    -34.05     4.195     192611
2015  3 18  8  9  0    0     6.21    -9.05     1.12    -550.6    -25.82    -40.69     4.238     195557
2015  3 18  8 10  0    0     6.19    -8.90     1.45    -550.6    -17.39    -35.26     4.294     199695
2015  3 18  8 11  0    0     5.71    -8.56     2.21    -561.4      4.78     -9.19     4.344     205702
2015  3 18  8 12  0    0     6.07    -8.57     1.92    -563.5      5.81     -8.63     4.288     201713
2015  3 18  8 13  0    0     6.65    -8.64     1.05    -560.8     -2.72    -18.07     4.229     193831
2015  3 18  8 14  0    0     6.82    -8.68    -0.09    -552.9    -20.19    -35.23     4.202     189374
2015  3 18  8 15  0    0     6.98    -8.68    -1.71    -547.3    -30.59    -50.02     4.172     185396
2015  3 18  8 16  0    0     7.14    -8.59    -3.55    -544.7    -29.06    -60.52     4.177     181812
2015  3 18  8 17  0    0     7.39    -8.39    -3.66    -541.1    -23.22    -68.66     4.316     177163
2015  3 18  8 18  0    0     7.77    -7.99    -3.28    -536.9    -21.43    -69.63     4.327     172027
2015  3 18  8 19  0    0     8.20    -7.83    -2.82    -533.1    -19.99    -68.32     4.246     169432
2015  3 18  8 20  0    0     8.65    -7.87    -2.18    -529.6    -18.21    -63.07     4.112     169550
2015  3 18  8 21  0    0     8.95    -7.63    -0.72    -526.5    -15.18    -45.41     4.103     170260
2015  3 18  8 22  0    0     9.11    -7.46    -0.09    -522.4     -8.83    -39.73     4.081     170354
2015  3 18  8 23  0    0     9.28    -7.19     0.56    -520.3     -5.38    -36.56     4.083     170354
2015  3 18  8 24  0    0     9.40    -6.99     0.99    -521.4     -7.64    -35.49     4.133     171761
2015  3 18  8 25  0    0     8.87    -7.91     0.71    -528.9    -19.25    -35.72     4.161     178250
2015  3 18  8 26  0    0     8.66    -8.14     0.23    -529.8    -21.03    -37.25     4.080     179217
2015  3 18  8 27  0    0     8.42    -8.38     0.09    -531.1    -22.40    -38.48     4.010     184896
2015  3 18  8 28  0    0     8.41    -8.39     0.31    -532.5    -21.93    -42.05     3.922     181571
2015  3 18  8 29  0    0     8.23    -8.49     0.06    -533.8    -21.30    -47.60     3.809     174724
2015  3 18  8 30  0    0     7.96    -8.52    -0.28    -534.5    -21.02    -51.98     3.825     176315
2015  3 18  8 31  0    0     8.02    -8.25    -0.58    -535.6    -20.78    -54.97     3.877     178089
2015  3 18  8 32  0    0     8.31    -7.94    -0.74    -533.9    -20.72    -55.66     3.926     178762
2015  3 18  8 33  0    0     8.57    -7.73    -0.93    -530.9    -20.45    -56.67     3.972     179554
2015  3 18  8 34  0    0     8.58    -7.75    -1.74    -530.5    -20.07    -63.64     4.072     179121
2015  3 18  8 35  0    0     8.55    -7.74    -2.82    -533.2    -21.85    -70.69     4.188     178644
2015  3 18  8 36  0    0     8.46    -7.63    -3.02    -532.7    -21.00    -73.16     4.302     173578
2015  3 18  8 37  0    0     8.43    -7.57    -2.47    -530.9    -17.59    -72.63     4.231     164869
2015  3 18  8 38  0    0     8.24    -7.86    -1.26    -530.4    -23.45    -72.91     4.106     163146
2015  3 18  8 39  0    0     7.62    -9.05     1.29    -541.9    -50.80    -51.14     4.070     179520
2015  3 18  8 40  0    0     7.57    -8.32    -0.08    -546.0    -42.48    -90.10     4.453     189699
2015  3 18  8 41  0    0     7.10    -8.46    -2.28    -549.7    -43.24   -106.90     4.524     191617
2015  3 18  8 42  0    0     6.88    -8.74    -2.57    -549.7    -43.97   -105.53     4.520     192134
2015  3 18  8 43  0    0     6.89    -8.92    -2.93    -548.1    -39.47   -103.72     4.591     192134
2015  3 18  8 44  0    0     5.19    -9.90    -3.84    -561.7    -33.87    -96.53     4.728     198011
2015  3 18  8 45  0    0     5.10    -9.95    -3.84    -562.6    -36.63    -89.87     4.716     194762
2015  3 18  8 46  0    0     5.26    -9.93    -3.68    -560.2    -37.43    -84.11     4.641     187885
2015  3 18  8 47  0    0     5.76    -9.86    -3.14    -554.3    -36.71    -79.88     4.493     185289
2015  3 18  8 48  0    0     6.27    -9.71    -1.90    -549.3    -34.85    -74.93     4.434     180709
2015  3 18  8 49  0    0     6.82    -9.50    -0.70    -544.8    -32.53    -69.66     4.419     175503
2015  3 18  8 50  0    0     7.52    -9.29    -0.53    -540.4    -30.40    -64.42     4.406     171103
2015  3 18  8 51  0    0     7.91    -9.08    -0.21    -538.6    -28.70    -58.00     4.392     170369
2015  3 18  8 52  0    0     7.87    -9.16     0.03    -540.0    -28.46    -51.33     4.390     184358
2015  3 18  8 53  0    0     6.90    -9.99     0.11    -548.5    -39.46    -50.42     4.319     195182
2015  3 18  8 54  0    0     6.55   -10.16    -0.21    -551.2    -41.42    -53.46     4.245     193309
2015  3 18  8 55  0    0     6.37   -10.20    -0.92    -554.0    -46.35    -53.18     4.204     190401
2015  3 18  8 56  0    0     6.04   -10.29    -0.90    -555.2    -44.88    -48.80     4.190     189970
2015  3 18  8 57  0    0     5.87   -10.06    -0.33    -552.2    -42.31    -45.61     4.107     189970
2015  3 18  8 58  0    0     6.15    -9.78     0.82    -548.6    -38.32    -42.50     4.119     191024
2015  3 18  8 59  0    0     6.59    -9.56     2.03    -545.6    -33.15    -38.73     4.201     192348
2015  3 18  9  0  0    0     6.56    -9.61     2.31    -544.1    -28.13    -33.30     4.255     192050
2015  3 18  9  1  0    0     6.33    -9.92     2.40    -543.9    -26.67    -28.24     4.221     188945
2015  3 18  9  2  0    0     5.95   -10.04     2.76    -546.2    -29.91    -28.35     4.221     180455
2015  3 18  9  3  0    0     5.90   -10.20     2.38    -556.4    -37.69    -33.60     4.227     179936
2015  3 18  9  4  0    0     5.91   -10.35     1.37    -554.8    -41.00    -37.45     4.209     175984
2015  3 18  9  5  0    0     6.26   -10.37     0.41    -549.9    -40.51    -43.03     4.158     170445
2015  3 18  9  6  0    0     6.69   -10.26    -0.52    -545.0    -38.76    -49.87     4.099     164326
2015  3 18  9  7  0    0     7.17    -9.80    -1.43    -542.0    -35.69    -59.25     4.041     157450
2015  3 18  9  8  0    0     7.68    -9.00    -2.19    -539.0    -35.77    -58.39     4.079     157335
2015  3 18  9  9  0    0     8.15    -8.54    -2.54    -535.6    -33.08    -55.93     4.195     169279
2015  3 18  9 10  0    0     8.02    -8.71    -2.46    -538.5    -32.90    -54.53     4.321     184392
2015  3 18  9 11  0    0     7.03    -9.39    -2.03    -547.5    -37.10    -53.62     4.314     191074
2015  3 18  9 12  0    0     6.94    -9.04    -2.54    -547.1    -34.46    -59.24     4.367     191074
2015  3 18  9 13  0    0     7.24    -8.32    -3.47    -543.0    -29.28    -67.15     4.425     190990
2015  3 18  9 14  0    0     7.01    -8.71    -4.04    -543.9    -31.18    -72.77     4.657     189093
2015  3 18  9 15  0    0     6.63    -8.99    -4.63    -547.6    -33.33    -79.53     4.893     183453
2015  3 18  9 16  0    0     6.40    -8.93    -4.79    -546.1    -34.14    -78.90     4.895     182302
2015  3 18  9 17  0    0     6.56    -8.85    -4.78    -544.5    -36.22    -75.10     4.832     180569
2015  3 18  9 18  0    0     6.82    -9.32    -4.25    -544.8    -38.84    -69.36     4.809     182066
2015  3 18  9 19  0    0     6.72    -9.57    -3.27    -547.9    -40.01    -63.40     4.878     191025
2015  3 18  9 20  0    0     6.46   -10.02    -2.34    -551.6    -43.21    -53.12     4.561     194879
2015  3 18  9 21  0    0     6.46   -10.24    -1.32    -552.3    -52.42    -60.75     4.243     188642
2015  3 18  9 22  0    0     6.56   -10.29    -0.72    -550.5    -47.12    -56.44     4.125     185752
2015  3 18  9 23  0    0     6.49   -10.40    -0.40    -548.9    -40.09    -49.81     4.121     185752
2015  3 18  9 24  0    0     6.37   -10.61    -0.13    -549.4    -41.48    -50.00     4.166     180103
2015  3 18  9 25  0    0     6.38   -10.75    -0.20    -550.0    -42.74    -51.17     4.052     167203
2015  3 18  9 26  0    0     6.39   -10.77    -0.58    -550.3    -42.45    -53.33     4.001     161040
2015  3 18  9 27  0    0     6.34   -10.82    -0.83    -551.6    -42.06    -53.71     4.085     161040
2015  3 18  9 28  0    0     5.95   -10.96    -0.51    -560.1    -46.40    -44.61     4.114     158237
2015  3 18  9 29  0    0     5.63   -11.18     1.67    -563.4    -53.53    -41.58     3.905     152216
2015  3 18  9 30  0    0     5.93   -10.97     2.60    -562.7    -63.38    -44.93     3.829     149426
2015  3 18  9 31  0    0     6.14   -10.85     3.11    -561.6    -61.76    -44.07     3.755     148183
2015  3 18  9 32  0    0     6.27   -10.79     3.11    -560.9    -59.39    -41.38     3.697     147814
2015  3 18  9 33  0    0     6.45   -10.75     2.93    -561.2    -53.23    -35.65     3.689     149303
2015  3 18  9 34  0    0     6.24   -10.91     2.45    -560.1    -41.53    -26.40     3.759     154982
2015  3 18  9 35  0    0     6.01   -11.07     1.89    -559.7    -43.07    -30.59     4.026     162619
2015  3 18  9 36  0    0     5.16   -11.27     0.22    -563.1    -46.33    -38.85     4.137     173990
2015  3 18  9 37  0    0     4.43   -11.72    -1.20    -567.8    -47.01    -46.09     4.202     181564
2015  3 18  9 38  0    0     3.95   -12.00    -1.31    -570.8    -47.29    -47.27     4.219     181963
2015  3 18  9 39  0    0     3.53   -11.98    -0.99    -574.8    -47.21    -46.18     4.187     173121
2015  3 18  9 40  0    0     3.63   -11.89    -0.76    -574.4    -47.54    -43.30     4.156     173926
2015  3 18  9 41  0    0     4.04   -11.86    -0.24    -574.1    -48.01    -42.12     4.108     183073
2015  3 18  9 42  0    0     4.19   -11.86    -0.19    -569.5    -48.39    -43.50     4.162     186574
2015  3 18  9 43  0    0     4.39   -11.87    -0.30    -568.7    -48.12    -44.57     4.201     187766
2015  3 18  9 44  0    0     5.18   -11.47     0.16    -564.3    -44.40    -44.12     4.185     187978
2015  3 18  9 45  0    0     6.06   -10.94     0.72    -558.9    -39.98    -43.41     4.152     188192
2015  3 18  9 46  0    0     6.08   -10.70     0.19    -559.3    -38.84    -44.83     4.118     188702
2015  3 18  9 47  0    0     5.50   -10.81    -0.43    -560.2    -38.75    -46.83     4.192     192569
2015  3 18  9 48  0    0     4.93   -10.87    -0.51    -561.0    -40.04    -45.80     4.490     199994
2015  3 18  9 49  0    0     5.04   -10.75    -0.36    -558.9    -40.58    -41.67     4.517     199125
2015  3 18  9 50  0    0     5.48   -10.64     0.62    -555.4    -40.49    -37.44     4.468     193332
2015  3 18  9 51  0    0     6.22   -10.52     0.85    -551.2    -38.92    -31.28     4.447     192463
2015  3 18  9 52  0    0     6.77   -10.38     0.98    -548.9    -37.31    -25.81     4.445     192463
2015  3 18  9 53  0    0     6.90   -10.27     1.11    -549.1    -36.53    -31.73     4.433     190559
2015  3 18  9 54  0    0     6.93   -10.26     1.12    -549.6    -36.36    -39.31     4.399     188443
2015  3 18  9 55  0    0     7.07   -10.29     0.89    -549.7    -36.18    -36.21     4.398     191500
2015  3 18  9 56  0    0     7.20   -10.37     0.00    -550.6    -41.60    -33.43     4.452     196106
2015  3 18  9 57  0    0     7.08   -10.45    -0.11    -550.0    -47.06    -33.02     4.513     197401
2015  3 18  9 58  0    0     6.67   -10.37     2.35    -553.3    -38.38    -34.82     4.324     186798
2015  3 18  9 59  0    0     6.33   -10.30     4.13    -555.9    -34.61    -29.82     4.206     183264
2015  3 18 10  0  0    0     6.47   -10.30     4.20    -556.0    -34.66    -24.55     4.214     183264
2015  3 18 10  1  0    0     6.47   -10.31     4.06    -555.3    -51.09    -28.79     4.174     178963
2015  3 18 10  2  0    0     6.41   -10.46     3.73    -558.4    -57.23    -33.83     4.179     179403
2015  3 18 10  3  0    0     6.02   -10.90     3.15    -559.8    -55.54    -34.77     4.322     193580
2015  3 18 10  4  0    0     5.88   -11.00     2.97    -560.2    -43.07    -30.01     4.427     197951
2015  3 18 10  5  0    0     5.79   -11.02     2.85    -560.6    -39.10    -26.59     4.540     200388
2015  3 18 10  6  0    0     5.78   -11.06     2.89    -560.2    -34.83    -25.51     4.679     206498
2015  3 18 10  7  0    0     5.81   -11.06     2.37    -558.6    -32.57    -30.52     4.701     206937
2015  3 18 10  8  0    0     5.87   -11.08     0.78    -560.7    -32.25    -33.36     4.716     207144
2015  3 18 10  9  0    0     4.41   -11.10    -2.37    -571.3    -32.69    -41.74     4.740     207555
2015  3 18 10 10  0    0     4.41   -11.33    -2.24    -573.6    -31.91    -40.37     4.632     194540
2015  3 18 10 11  0    0     4.74   -11.63    -1.05    -573.4    -31.04    -36.70     4.640     194764
2015  3 18 10 12  0    0     5.40   -11.56     0.13    -568.3    -30.07    -32.34     4.782     201463
2015  3 18 10 13  0    0     5.83   -11.34     1.00    -564.4    -25.38    -27.29     4.899     207702
2015  3 18 10 14  0    0     6.04   -11.06     1.37    -562.0    -20.03    -23.77     4.998     213770
2015  3 18 10 15  0    0     6.16   -10.98     1.15    -561.0    -19.68    -24.44     5.081     220477
2015  3 18 10 16  0    0     6.17   -11.06     0.84    -559.8    -20.84    -24.66     5.079     226378
2015  3 18 10 17  0    0     5.53   -11.02     0.86    -556.1    -20.74    -22.22     4.977     226378
2015  3 18 10 18  0    0     5.96   -11.11     1.83    -556.0    -20.39    -16.59     4.799     209639
2015  3 18 10 19  0    0     6.13   -11.13     2.27    -555.2    -20.09    -14.13     4.736     202258
2015  3 18 10 20  0    0     6.44   -11.12     2.26    -559.3    -21.52    -15.31     4.803     204169
2015  3 18 10 21  0    0     6.08   -11.12     1.31    -564.6    -19.85    -23.56     5.231     221475
2015  3 18 10 22  0    0     5.85   -11.06    -0.37    -563.9    -15.80    -26.13     5.284     218720
2015  3 18 10 23  0    0     6.12   -10.89    -1.26    -563.0    -11.94    -26.95     5.305     215080
2015  3 18 10 24  0    0     6.61   -10.67    -0.86    -563.1    -10.26    -27.35     5.334     216695
2015  3 18 10 25  0    0     6.98   -10.44     0.07    -563.7     -6.96    -24.86     5.358     221305
2015  3 18 10 26  0    0     6.75   -10.53     0.63    -566.3     -2.74    -22.44     5.496     226814
2015  3 18 10 27  0    0     6.59   -10.72    -0.18    -567.1     -5.61    -26.28     5.603     228890
2015  3 18 10 28  0    0     6.48   -10.75    -0.71    -567.7     -7.82    -28.81     5.514     221200
2015  3 18 10 29  0    0     6.52   -10.72    -0.84    -565.4     -7.34    -28.12     5.317     216844
2015  3 18 10 30  0    0     6.70   -10.67    -0.96    -562.1     -5.82    -26.38     5.160     216382
2015  3 18 10 31  0    0     6.92   -10.59    -0.89    -559.7     -3.89    -24.40     5.109     216466
2015  3 18 10 32  0    0     7.17   -10.50    -0.49    -557.8     -4.05    -24.15     5.114     216876
2015  3 18 10 33  0    0     7.09   -10.44     0.17    -560.8     -6.96    -20.02     5.123     214511
2015  3 18 10 34  0    0     7.29   -10.27     0.83    -558.9     -5.38    -16.46     5.105     206826
2015  3 18 10 35  0    0     7.58    -9.99     1.47    -556.0     -1.46    -21.56     5.079     206826
2015  3 18 10 36  0    0     7.82    -9.79     1.40    -551.3     -4.98    -24.74     5.063     208316
2015  3 18 10 37  0    0     7.03   -10.05    -0.49    -556.1    -11.89    -25.77     5.053     211434
2015  3 18 10 38  0    0     5.56    -9.79    -1.44    -568.7    -17.07    -29.07     5.200     216413
2015  3 18 10 39  0    0     4.04    -9.37    -2.10    -580.4    -18.41    -36.21     5.246     213870
2015  3 18 10 40  0    0     4.07   -10.67    -2.21    -591.9    -13.36    -43.12     5.115     191776
2015  3 18 10 41  0    0     3.49   -10.81    -3.30    -594.7    -12.75    -43.62     5.156     195478
2015  3 18 10 42  0    0     2.40   -10.87    -4.57    -601.7    -12.93    -46.68     5.276     220230
2015  3 18 10 43  0    0     1.43   -10.56    -5.93    -605.1    -11.07    -52.40     5.262     228607
2015  3 18 10 44  0    0     0.96   -10.36    -6.60    -601.0     -8.62    -55.24     5.222     228793
2015  3 18 10 45  0    0     0.25    -9.95    -7.38    -602.9     -6.78    -55.94     5.370     220722
2015  3 18 10 46  0    0    -0.53   -10.08    -7.42    -610.5     -5.22    -57.23     5.579     216351
2015  3 18 10 47  0    0    -0.57   -10.17    -7.42    -607.1     -4.94    -58.65     5.327     208231
2015  3 18 10 48  0    0    -0.32   -10.37    -7.10    -604.0     -7.26    -55.28     5.266     204410
2015  3 18 10 49  0    0    -0.10   -10.80    -6.08    -601.1     -8.15    -50.98     5.255     202653
2015  3 18 10 50  0    0     0.09   -10.98    -5.61    -598.0     -8.52    -48.11     5.241     202095
2015  3 18 10 51  0    0     0.32   -10.96    -5.69    -595.4     -9.19    -47.21     5.218     202009
2015  3 18 10 52  0    0     0.68   -11.00    -5.68    -594.2    -10.43    -46.82     5.209     201977
2015  3 18 10 53  0    0     1.12   -10.99    -5.52    -592.4    -11.60    -43.72     5.215     202022
2015  3 18 10 54  0    0     1.71   -10.99    -4.95    -589.6    -13.12    -39.18     5.208     202291
2015  3 18 10 55  0    0     2.72   -11.55    -4.22    -589.9    -14.54    -37.47     5.380     202771
2015  3 18 10 56  0    0     2.88   -11.64    -4.06    -589.6    -14.84    -37.17     5.221     202771
2015  3 18 10 57  0    0     2.98   -11.63    -3.75    -589.8    -14.68    -36.52     5.226     202771
2015  3 18 10 58  0    0     3.30   -11.42    -3.63    -590.2    -12.40    -38.91     5.426     202895
2015  3 18 10 59  0    0     4.09   -11.18    -2.71    -586.1     -8.27    -37.23     5.672     210336
2015  3 18 11  0  0    0     4.77   -10.74    -2.55    -583.7     -6.18    -37.05     5.762     216502
2015  3 18 11  1  0    0     5.18   -10.39    -2.75    -581.0     -4.20    -38.42     5.822     222651
2015  3 18 11  2  0    0     5.39   -10.21    -2.90    -578.5     -2.28    -39.84     5.904     226859
2015  3 18 11  3  0    0     5.36   -10.26    -2.80    -577.6     -0.89    -39.68     5.994     226431
2015  3 18 11  4  0    0     5.13   -10.49    -2.43    -576.9      1.27    -38.23     6.063     225272
2015  3 18 11  5  0    0     5.26   -10.59    -2.07    -577.4      2.14    -37.76     6.053     225422
2015  3 18 11  6  0    0     5.67   -10.35    -2.10    -577.3      2.15    -40.20     6.380     227008
2015  3 18 11  7  0    0     6.06   -10.14    -1.99    -576.9      2.31    -38.89     7.269     230298
2015  3 18 11  8  0    0     6.04   -10.05    -1.74    -576.6      3.07    -35.55     7.652     230115
2015  3 18 11  9  0    0     6.00   -10.01    -1.71    -575.4      3.10    -31.78     7.745     228144
2015  3 18 11 10  0    0     5.98   -10.05    -1.79    -573.2      3.16    -22.46     7.742     220342
2015  3 18 11 11  0    0     5.99    -9.77    -1.03    -571.0      2.58    -16.59     7.691     218310
2015  3 18 11 12  0    0     6.68    -9.16     1.53    -576.7     -0.34    -17.66     6.487     218005
2015  3 18 11 13  0    0     7.05    -8.97     1.79    -576.2     -0.10    -17.61     6.547     219286
2015  3 18 11 14  0    0     7.66    -8.35     2.69    -573.9      1.50    -16.75     6.520     224905
2015  3 18 11 15  0    0     7.70    -7.46     4.34    -575.3     10.07     -6.35     6.675     224411
2015  3 18 11 16  0    0     7.73    -7.18     4.57    -574.5     11.10     -6.48     6.514     220597
2015  3 18 11 17  0    0     7.85    -7.06     4.27    -572.2     10.75     -6.48     6.325     212094
2015  3 18 11 18  0    0     8.22    -6.91     4.10    -569.2      7.89     -7.38     6.122     206199
2015  3 18 11 19  0    0     8.28    -6.94     4.13    -569.7      6.71    -11.31     5.756     203283
2015  3 18 11 20  0    0     4.41   -10.34    -1.33    -590.5     -8.14    -43.76     6.138     216222
2015  3 18 11 21  0    0     4.42   -10.29    -2.20    -590.3     -7.43    -43.73     6.308     240121
2015  3 18 11 22  0    0     4.75   -10.03    -2.72    -586.3     -4.80    -43.15     6.343     240121
2015  3 18 11 23  0    0     4.64    -9.54    -4.19    -585.4     -3.87    -43.47     6.323     240121
2015  3 18 11 24  0    0     2.74    -9.17    -6.62    -595.9     -1.27    -56.25     5.841     246285
2015  3 18 11 25  0    0     2.15    -9.03    -6.84    -599.8     -0.47    -60.51     5.756     245432
2015  3 18 11 26  0    0     3.15    -9.40    -5.37    -594.9     -1.65    -54.92     5.683     240955
2015  3 18 11 27  0    0     4.73    -9.92    -3.29    -586.2     -3.80    -44.87     5.631     234241
2015  3 18 11 28  0    0     5.65   -10.14    -1.75    -580.5     -5.48    -35.37     5.620     231331
2015  3 18 11 29  0    0     6.04   -10.09    -0.89    -577.4     -5.36    -29.39     5.667     234569
2015  3 18 11 30  0    0     6.35    -9.91    -0.75    -575.3     -1.85    -30.07     5.787     243743
2015  3 18 11 31  0    0     6.29    -9.54    -1.01    -574.3      2.72    -25.80     5.951     243322
2015  3 18 11 32  0    0     6.31    -9.12    -0.96    -571.4     16.31     -0.23     5.782     238271
2015  3 18 11 33  0    0     6.60    -6.88     2.85    -569.4     19.64      0.81     5.652     237560
2015  3 18 11 34  0    0     6.74    -6.08     3.89    -569.0     16.30     -2.19     5.347     236971
2015  3 18 11 35  0    0     6.81    -6.39     3.32    -569.4     14.52     -3.32     5.186     233521
2015  3 18 11 36  0    0     6.94    -6.33     5.41    -569.2     30.14     13.85     5.160     232578
2015  3 18 11 37  0    0     5.25    -7.98     4.54    -583.3     15.20      1.08     5.231     247108
2015  3 18 11 38  0    0     3.97    -8.97     3.03    -581.9     11.29     -2.77     4.972     245846
2015  3 18 11 39  0    0     3.57    -9.36     2.15    -576.8     11.83     -2.49     4.805     244734
2015  3 18 11 40  0    0     3.58    -9.43     2.15    -570.2     15.29      0.18     4.788     244734
2015  3 18 11 41  0    0     5.47    -8.66     2.73    -568.1     16.39      1.02     4.828     245817
2015  3 18 11 42  0    0     6.27    -8.35     3.04    -567.5     11.67      2.45     4.978     253613
2015  3 18 11 43  0    0     6.39    -8.58     3.02    -567.4     11.77      6.16     5.126     258868
2015  3 18 11 44  0    0     6.80    -8.79     2.99    -565.8     15.29      9.29     5.214     260553
2015  3 18 11 45  0    0     7.27    -8.72     3.06    -563.9     13.08      8.28     5.271     261824
2015  3 18 11 46  0    0     7.52    -8.53     3.12    -563.3      7.24      4.48     5.302     262480
2015  3 18 11 47  0    0     7.52    -8.63     2.77    -562.2      4.05      1.20     5.312     262037
2015  3 18 11 48  0    0     7.53    -8.83     2.03    -561.5     -1.02     -3.29     5.325     261075
2015  3 18 11 49  0    0     7.18    -8.91     1.89    -566.0     -3.70     -2.74     5.385     261114
2015  3 18 11 50  0    0     6.96    -8.84     0.65    -566.7     -3.69     -5.01     5.464     268017
2015  3 18 11 51  0    0     6.94    -8.76    -0.27    -567.0     -2.97    -11.61     5.441     272465
2015  3 18 11 52  0    0     6.96    -8.84     0.21    -566.1     -2.34    -18.15     5.242     271036
2015  3 18 11 53  0    0     6.94    -8.98     0.65    -565.6     -4.16    -24.50     5.237     261133
2015  3 18 11 54  0    0     6.37    -9.18    -0.43    -567.5    -13.02    -30.17     5.473     253415
2015  3 18 11 55  0    0     4.41    -9.35    -2.42    -583.7    -13.23    -26.42     5.771     273497
2015  3 18 11 56  0    0     3.28    -9.35    -3.10    -589.2      5.53    -21.57     6.094     288152
2015  3 18 11 57  0    0     3.33    -8.55    -3.04    -585.1     13.67    -18.61     6.297     288397
2015  3 18 11 58  0    0     4.18    -6.67     0.29    -582.4     22.28    -14.95     6.484     288397
2015  3 18 11 59  0    0     5.46    -3.48     5.54    -580.8     31.12     -8.99     6.605     281278
2015  3 18 12  0  0    0     6.20    -1.10     8.77    -580.0     38.66     -0.94     6.645     273241
2015  3 18 12  1  0    0     6.23    -0.88     9.07    -579.6     43.93      7.43     6.557     273591
2015  3 18 12  2  0    0     6.34    -1.56     8.74    -579.0     47.76     14.83     6.416     274135
2015  3 18 12  3  0    0     6.61    -2.91     8.14    -577.5     49.34     19.74     6.414     270767
2015  3 18 12  4  0    0     6.86    -3.42     7.98    -573.3     47.31     22.40     6.427     261245
2015  3 18 12  5  0    0     7.02    -3.11     7.91    -571.6     47.56     26.61     7.213     257807
2015  3 18 12  6  0    0     7.14    -3.23     7.81    -572.0     45.82     29.80     6.993     253710
2015  3 18 12  7  0    0     6.92    -3.26     7.80    -571.6     38.48     27.64     6.970     250350
2015  3 18 12  8  0    0     6.90    -4.01     7.69    -571.2     36.07     25.38     6.985     249610
2015  3 18 12  9  0    0     6.94    -4.53     7.46    -571.2     33.43     21.86     7.228     249551
2015  3 18 12 10  0    0     6.93    -5.40     6.95    -575.3     20.46     12.12     7.369     249666
2015  3 18 12 11  0    0     6.78    -7.00     5.84    -574.9     19.76     11.41     7.588     250411
2015  3 18 12 12  0    0     6.58    -7.32     5.12    -572.5     19.14      9.84     7.588     250411
2015  3 18 12 13  0    0     6.75    -7.78     4.39    -571.9     13.54      3.94     6.963     245673
2015  3 18 12 14  0    0     6.77    -7.82     3.84    -571.7      8.75     -0.69     6.461     245258
2015  3 18 12 15  0    0     7.07    -7.81     3.52    -567.1      8.31     -1.69     6.238     245582
2015  3 18 12 16  0    0     7.49    -7.58     3.29    -563.1      8.64     -2.55     6.030     249721
2015  3 18 12 17  0    0     7.89    -7.20     3.20    -561.0      9.42     -3.14     5.844     260009
2015  3 18 12 18  0    0     7.70    -7.23     3.31    -562.3      9.59     -3.78     5.859     271394
2015  3 18 12 19  0    0     6.74    -8.12     2.61    -569.1      7.56     -9.10     6.091     259826
2015  3 18 12 20  0    0     6.87    -8.46     1.50    -567.7      4.13    -14.26     5.969     252361
2015  3 18 12 21  0    0     7.05    -8.53     1.18    -566.5      2.25    -17.36     5.929     250494
2015  3 18 12 22  0    0     7.27    -8.33     1.30    -563.6      4.45    -16.75     5.979     250494
2015  3 18 12 23  0    0     7.60    -7.97     1.36    -558.9      8.39    -14.87     6.052     250871
2015  3 18 12 24  0    0     8.04    -7.50     1.43    -554.8     11.44    -14.12     6.261     253381
2015  3 18 12 25  0    0     8.65    -7.08     1.23    -552.9      8.54    -16.45     6.312     254955
2015  3 18 12 26  0    0     9.06    -6.75     0.98    -554.0      5.67    -18.67     6.163     263274
2015  3 18 12 27  0    0     8.72    -7.26     0.33    -555.9      2.61    -27.62     5.965     265350
2015  3 18 12 28  0    0     8.32    -7.77     0.41    -558.9     -0.04    -27.95     6.077     255077
2015  3 18 12 29  0    0     8.16    -7.93     1.45    -558.6     -0.29    -18.45     6.752     255335
2015  3 18 12 30  0    0     8.11    -7.78     2.50    -558.1      0.76    -10.65     6.821     257846
2015  3 18 12 31  0    0     8.09    -7.94     2.16    -555.6      4.11     -6.53     6.779     259424
2015  3 18 12 32  0    0     7.82    -7.69     3.00    -557.5      4.15     -4.13     6.748     259605
2015  3 18 12 33  0    0     7.56    -7.69     3.27    -561.0      1.12     -4.11     6.685     259283
2015  3 18 12 34  0    0     7.57    -8.15     2.95    -560.5     -1.89     -7.09     6.432     258371
2015  3 18 12 35  0    0     7.69    -8.29     2.69    -558.6     -2.26     -8.20     6.073     257227
2015  3 18 12 36  0    0     7.92    -7.86     2.65    -556.7     -0.03     -7.50     5.751     257227
2015  3 18 12 37  0    0     8.17    -7.48     2.57    -555.5      1.49    -10.23     5.496     253317
2015  3 18 12 38  0    0     8.14    -7.35     1.64    -558.4     -2.30    -16.64     5.249     252059
2015  3 18 12 39  0    0     7.87    -7.38     1.28    -559.2     -2.85    -16.12     5.337     252059
2015  3 18 12 40  0    0     7.69    -7.51     1.99    -562.2     -3.66    -11.15     5.688     261899
2015  3 18 12 41  0    0     7.24    -7.68     2.85    -566.0      0.37     -3.97     6.137     287746
2015  3 18 12 42  0    0     6.60    -8.53     2.21    -573.1     -7.36    -16.79     6.527     292109
2015  3 18 12 43  0    0     3.06    -9.08    -3.56    -600.2    -20.02    -51.69     6.119     327680
2015  3 18 12 44  0    0     0.52    -8.89    -6.70    -617.2    -18.17    -76.54     5.985     324890
2015  3 18 12 45  0    0     0.18    -8.85    -6.92    -625.4    -15.49    -84.22     6.061     323895
2015  3 18 12 46  0    0     0.19    -8.79    -7.04    -625.9    -15.36    -84.46     6.039     322341
2015  3 18 12 47  0    0     0.96    -8.91    -6.52    -618.9    -13.99    -82.20     5.940     298182
2015  3 18 12 48  0    0     1.57    -8.98    -6.17    -612.6    -13.09    -81.08     5.861     276046
2015  3 18 12 49  0    0     1.79    -8.93    -6.26    -608.7    -13.21    -82.40     5.829     261352
2015  3 18 12 50  0    0     2.08    -8.93    -6.27    -603.5    -12.14    -82.59     5.811     260970
2015  3 18 12 51  0    0     2.77    -9.00    -4.85    -598.6    -11.32    -71.61     5.815     260843
2015  3 18 12 52  0    0     3.63    -9.11    -2.43    -593.9    -10.78    -55.14     5.833     260843
2015  3 18 12 53  0    0     4.47    -9.22     0.59    -589.2    -10.57    -38.90     5.860     260843
2015  3 18 12 54  0    0     4.81    -9.32     1.92    -588.7    -11.70    -26.15     5.868     257344
2015  3 18 12 55  0    0     4.84    -9.74     2.10    -584.6    -13.27    -22.39     5.851     247348
2015  3 18 12 56  0    0     4.92    -9.85     2.17    -582.6    -13.29    -19.46     5.780     242998
2015  3 18 12 57  0    0     5.40    -9.59     2.34    -579.9    -11.24    -17.68     5.694     242998
2015  3 18 12 58  0    0     6.06    -9.28     2.50    -575.9    -10.06    -17.86     5.614     242621
2015  3 18 12 59  0    0     6.45    -9.16     2.16    -573.4    -15.28    -22.85     5.493     240712
2015  3 18 13  0  0    0     6.46    -9.42     0.95    -570.5    -19.20    -26.79     5.453     237163
2015  3 18 13  1  0    0     6.54    -9.49    -0.19    -574.6    -26.38    -34.84     5.372     236583
2015  3 18 13  2  0    0     6.54    -9.57     1.15    -572.2    -31.85    -40.30     5.353     237193
2015  3 18 13  3  0    0     6.43    -9.80     1.63    -578.6    -29.03    -47.45     5.261     239973
2015  3 18 13  4  0    0     5.87    -9.88     1.69    -584.6    -24.30    -46.02     5.240     243395
2015  3 18 13  5  0    0     6.11    -9.14     2.57    -580.6    -20.29    -41.17     5.338     243967
2015  3 18 13  6  0    0     6.56    -8.20     3.47    -575.6    -16.53    -35.86     5.506     243967
2015  3 18 13  7  0    0     6.49    -8.13     2.29    -574.6    -11.44    -31.29     5.767     244142
2015  3 18 13  8  0    0     6.50    -7.70     2.51    -575.2     -6.21    -20.22     6.200     249660
2015  3 18 13  9  0    0     6.09    -7.10     4.23    -578.1     -1.42     -9.20     6.698     276655
2015  3 18 13 10  0    0     6.22    -6.83     5.73    -577.3     -1.40    -11.35     6.936     272729
2015  3 18 13 11  0    0     6.49    -6.87     4.94    -575.6     -5.50    -15.46     6.923     260951
2015  3 18 13 12  0    0     6.59    -7.12     3.94    -576.3     -7.34    -18.47     6.955     261627
2015  3 18 13 13  0    0     6.57    -7.47     3.51    -579.8     -7.59    -17.00     7.057     266909
2015  3 18 13 14  0    0     6.57    -7.31     3.98    -579.5     -5.72    -15.49     6.979     270378
2015  3 18 13 15  0    0     6.67    -7.05     4.47    -576.2     -3.39    -15.22     6.880     270305
2015  3 18 13 16  0    0     6.67    -7.19     4.43    -573.8     -2.54    -16.16     6.881     269967
2015  3 18 13 17  0    0     6.37    -7.74     3.84    -572.7     -5.42    -20.47     6.899     269108
2015  3 18 13 18  0    0     6.64    -8.34     1.39    -579.5    -13.72    -30.13     7.191     269339
2015  3 18 13 19  0    0     6.41    -8.51     0.97    -578.7    -14.03    -34.74     7.324     270738
2015  3 18 13 20  0    0     5.88    -8.71     1.15    -577.2    -12.42    -37.10     7.254     276452
2015  3 18 13 21  0    0     5.54    -8.72     1.65    -577.4     -8.75    -36.87     7.085     288297
2015  3 18 13 22  0    0     5.56    -8.52     1.91    -578.0     -7.79    -35.81     7.079     294550
2015  3 18 13 23  0    0     5.69    -8.29     2.37    -577.6     -7.83    -33.59     6.781     305987
2015  3 18 13 24  0    0     5.89    -7.92     2.47    -575.1     -7.48    -30.38     6.049     306428
2015  3 18 13 25  0    0     6.14    -6.89     2.50    -576.7     -4.64    -26.95     6.079     304597
2015  3 18 13 26  0    0     6.28    -7.02     2.50    -575.9     -4.64    -27.69     6.162     298054
2015  3 18 13 27  0    0     6.12    -7.85     2.48    -575.7     -8.20    -27.32     6.126     298064
2015  3 18 13 28  0    0     6.23    -7.78     2.36    -576.2     -7.90    -24.80     6.077     300373
2015  3 18 13 29  0    0     5.75    -6.88     2.47    -584.6      1.32    -18.06     5.978     310237
2015  3 18 13 30  0    0     5.59    -6.85     2.76    -585.6      4.78    -19.08     5.884     306074
2015  3 18 13 31  0    0     5.68    -6.96     3.75    -583.3      7.25    -16.79     5.785     294412
2015  3 18 13 32  0    0     5.91    -7.16     3.98    -583.9      8.78    -19.24     6.474     288090
2015  3 18 13 33  0    0     5.56    -7.50     1.54    -586.6      2.03    -30.59     6.830     299971
2015  3 18 13 34  0    0     5.21    -7.82    -1.40    -587.0     -5.39    -38.62     5.938     311742
2015  3 18 13 35  0    0     5.09    -8.28    -1.61    -584.7     -7.29    -37.59     6.089     313749
2015  3 18 13 36  0    0     4.94    -8.46    -0.77    -579.1     -7.05    -32.82     6.291     313845
2015  3 18 13 37  0    0     4.74    -8.46     0.37    -572.0     -6.17    -26.84     6.382     313845
2015  3 18 13 38  0    0     6.04    -8.01     1.77    -570.2     -1.14    -20.68     6.706     326566
2015  3 18 13 39  0    0     6.12    -7.82     2.78    -571.1      0.41    -18.68     7.081     344404
2015  3 18 13 40  0    0     4.55    -7.71     4.97    -574.8      1.07    -17.40     7.421     346350
2015  3 18 13 41  0    0     4.64    -7.48     5.30    -575.5      1.89    -17.08     7.160     342917
2015  3 18 13 42  0    0     4.73    -7.20     5.10    -575.1      2.27    -16.18     6.833     332636
2015  3 18 13 43  0    0     5.04    -7.23     4.95    -573.5      2.17    -17.27     6.531     321701
2015  3 18 13 44  0    0     5.24    -7.13     4.73    -571.5     -2.90    -18.74     6.257     321701
2015  3 18 13 45  0    0     5.74    -6.91     4.11    -570.7     -2.20    -18.73     6.007     321888
2015  3 18 13 46  0    0     6.28    -6.72     4.00    -569.7     -1.04    -18.70     5.966     321920
2015  3 18 13 47  0    0     6.47    -7.01     1.66    -571.6     -5.29    -28.69     6.048     319454
2015  3 18 13 48  0    0     6.10    -7.21     1.42    -572.2     -9.37    -32.26     7.024     319192
2015  3 18 13 49  0    0     6.02    -7.61     1.02    -575.3     -9.41    -33.51     6.978     323982
2015  3 18 13 50  0    0     4.97    -7.95    -1.04    -584.2    -13.36    -43.32     6.833     318249
2015  3 18 13 51  0    0     4.34    -8.04    -2.84    -587.4    -13.14    -49.77     6.718     313051
2015  3 18 13 52  0    0     4.39    -7.82    -3.06    -585.0     -4.52    -44.70     6.748     312646
2015  3 18 13 53  0    0     4.64    -7.74    -3.00    -584.5     -1.20    -41.28     7.314     325868
2015  3 18 13 54  0    0     4.36    -7.78    -2.71    -589.1     -4.03    -43.63     7.652     331970
2015  3 18 13 55  0    0     4.34    -7.81    -2.86    -590.6     -7.17    -44.00     7.629     330179
2015  3 18 13 56  0    0     4.20    -7.76    -3.88    -593.1    -11.38    -48.42     6.658     311058
2015  3 18 13 57  0    0     3.87    -7.65    -5.05    -596.2     -9.06    -56.26     6.879     295760
2015  3 18 13 58  0    0     3.77    -7.62    -5.86    -598.1     -5.28    -62.90     6.839     290390
2015  3 18 13 59  0    0     3.26    -7.33    -6.79    -600.1     -2.62    -65.82     6.675     285519
2015  3 18 14  0  0    0     2.78    -6.89    -7.68    -602.0     -2.29    -67.55     6.529     293004
2015  3 18 14  1  0    0     3.08    -6.59    -7.81    -601.6     -0.65    -68.02     6.475     297943
2015  3 18 14  2  0    0     3.65    -6.48    -7.74    -599.1      0.03    -68.06     6.474     300883
2015  3 18 14  3  0    0     4.08    -6.62    -7.48    -597.6     -2.48    -67.10     6.553     303398
2015  3 18 14  4  0    0     3.44    -7.04    -7.23    -599.9     -5.59    -65.74     6.638     304016
2015  3 18 14  5  0    0     0.70    -7.81    -7.33    -609.1     -3.98    -64.97     6.737     304505
2015  3 18 14  6  0    0    -0.03    -7.95    -7.39    -610.5     -4.11    -64.51     6.789     310859
2015  3 18 14  7  0    0     0.03    -7.78    -7.54    -612.6     -5.22    -65.67     6.814     309331
2015  3 18 14  8  0    0     0.15    -7.45    -7.83    -613.7     -4.96    -68.25     6.784     304950
2015  3 18 14  9  0    0    -0.16    -7.10    -8.09    -616.1     -3.62    -70.78     6.687     304915
2015  3 18 14 10  0    0    -0.53    -6.11    -8.30    -619.4     -1.33    -72.22     6.570     305159
2015  3 18 14 11  0    0    -0.60    -5.40    -8.59    -620.5      0.44    -72.48     6.725     305025
2015  3 18 14 12  0    0    -0.65    -4.90    -8.84    -619.2      2.62    -74.33     6.856     296057
2015  3 18 14 13  0    0    -0.54    -4.36    -9.25    -616.3      4.33    -76.08     6.862     290327
2015  3 18 14 14  0    0    -0.44    -3.98    -9.63    -613.8      4.97    -76.70     6.779     289923
2015  3 18 14 15  0    0    -0.50    -3.94    -9.56    -614.3      4.94    -76.94     6.639     288766
2015  3 18 14 16  0    0    -0.06    -3.86    -9.51    -615.2      5.82    -77.67     6.602     288198
2015  3 18 14 17  0    0     0.21    -3.77    -9.57    -615.1      7.38    -78.66     6.614     294190
2015  3 18 14 18  0    0     0.22    -3.91    -9.44    -614.9      6.66    -78.66     6.637     304874
2015  3 18 14 19  0    0     0.17    -3.35    -9.50    -615.1      9.04    -79.90     6.776     308019
2015  3 18 14 20  0    0     0.26    -2.23    -9.71    -613.7     20.30    -84.31     7.018     312080
2015  3 18 14 21  0    0     0.51    -0.68    -9.85    -611.2     31.74    -86.72     7.249     316831
2015  3 18 14 22  0    0     0.93    -1.41    -9.75    -611.2     28.34    -86.19     7.465     315074
2015  3 18 14 23  0    0     1.14    -4.43    -9.36    -613.2     14.61    -85.38     7.504     307166
2015  3 18 14 24  0    0     0.15    -3.00    -9.73    -616.7     19.94    -85.16     7.368     313557
2015  3 18 14 25  0    0    -0.66    -1.15   -10.15    -617.2     25.04    -84.09     7.255     327823
2015  3 18 14 26  0    0    -0.33    -1.35   -10.07    -613.6     21.63    -82.14     7.168     335124
2015  3 18 14 27  0    0     0.61    -2.42    -9.82    -608.5     14.16    -79.76     7.085     335693
2015  3 18 14 28  0    0     1.51    -3.26    -9.29    -605.7     11.67    -78.21     6.952     335693
2015  3 18 14 29  0    0     1.82    -3.32    -8.96    -606.1      9.48    -77.70     6.857     329360
2015  3 18 14 30  0    0     2.42    -3.48    -8.78    -605.4      4.20    -75.92     6.824     328751
2015  3 18 14 31  0    0     2.80    -4.34    -8.23    -601.4     -2.79    -71.45     6.564     318774
2015  3 18 14 32  0    0     3.34    -5.24    -7.45    -594.9     -7.58    -66.09     6.351     311268
2015  3 18 14 33  0    0     4.06    -6.08    -6.53    -586.5    -10.25    -60.29     6.210     307270
2015  3 18 14 34  0    0     4.97    -6.63    -5.16    -581.7    -12.40    -55.26     6.081     305670
2015  3 18 14 35  0    0     5.71    -6.95    -4.02    -579.5    -13.72    -51.82     6.017     305870
2015  3 18 14 36  0    0     5.85    -7.34    -3.48    -578.3    -15.86    -54.73     6.067     306814
2015  3 18 14 37  0    0     5.38    -8.09    -2.38    -580.8    -25.10    -60.76     6.183     314726
2015  3 18 14 38  0    0     5.07    -8.29    -1.36    -583.2    -31.65    -54.47     6.118     322316
2015  3 18 14 39  0    0     5.47    -8.11    -1.14    -582.8    -23.33    -47.15     6.001     314320
2015  3 18 14 40  0    0     5.74    -8.08    -0.16    -581.8    -17.18    -38.68     5.936     304406
2015  3 18 14 41  0    0     5.43    -8.25     0.95    -579.6    -16.97    -31.69     5.867     300604
2015  3 18 14 42  0    0     5.00    -8.46     1.46    -576.9    -16.37    -26.26     5.770     300350
2015  3 18 14 43  0    0     5.36    -8.27     1.85    -575.7    -15.34    -27.27     5.688     299119
2015  3 18 14 44  0    0     6.11    -7.96     1.76    -575.6    -18.91    -41.10     5.685     294789
2015  3 18 14 45  0    0     6.09    -7.99     1.04    -575.8    -14.69    -25.68     5.684     293108
2015  3 18 14 46  0    0     5.87    -8.12     0.35    -576.1    -18.41    -29.26     5.699     292454
2015  3 18 14 47  0    0     5.62    -8.39     0.42    -575.7    -18.15    -30.13     5.755     292180
2015  3 18 14 48  0    0     5.70    -8.36     0.85    -575.0    -15.82    -29.65     5.891     291877
2015  3 18 14 49  0    0     6.15    -7.98     1.74    -575.1    -22.90    -42.07     5.923     291594
2015  3 18 14 50  0    0     6.30    -7.13     3.56    -575.9    -24.51    -43.76     5.950     291170
2015  3 18 14 51  0    0     6.41    -7.23     3.90    -575.6    -24.10    -38.89     6.008     292739
2015  3 18 14 52  0    0     6.48    -7.25     3.68    -575.5    -19.50    -35.72     6.175     302792
2015  3 18 14 53  0    0     6.97    -7.20     3.09    -574.7    -13.42    -33.94     6.259     309630
2015  3 18 14 54  0    0     7.57    -6.57     1.00    -572.4     -7.45    -32.29     6.278     309630
2015  3 18 14 55  0    0     7.83    -6.43     0.01    -571.4     -0.94    -29.74     6.299     304987
2015  3 18 14 56  0    0     7.74    -6.14    -0.36    -573.1      1.55    -35.44     6.253     298076
2015  3 18 14 57  0    0     7.34    -5.94    -0.53    -573.7      1.58    -31.37     6.270     297551
2015  3 18 14 58  0    0     7.20    -5.84    -0.06    -574.9      1.69    -27.79     6.198     290123
2015  3 18 14 59  0    0     6.90    -5.20     3.48    -576.9      2.59    -18.88     6.243     285296
2015  3 18 15  0  0    0     7.08    -5.65     1.52    -577.1      2.32    -25.05     6.359     286029
2015  3 18 15  1  0    0     7.16    -5.92    -1.52    -576.9      1.52    -35.27     6.473     288338
2015  3 18 15  2  0    0     6.75    -6.22    -0.74    -577.0      3.84    -36.28     6.502     288600
2015  3 18 15  3  0    0     6.62    -5.91    -0.23    -576.9     13.72    -30.98     6.620     291432
2015  3 18 15  4  0    0     6.29    -5.75    -0.57    -580.8     17.33    -34.59     6.919     300424
2015  3 18 15  5  0    0     5.82    -5.95    -1.48    -586.8     11.54    -41.74     6.926     302226
2015  3 18 15  6  0    0     5.91    -5.98    -2.19    -588.0     10.64    -42.86     6.796     305738
2015  3 18 15  7  0    0     5.96    -5.77    -2.68    -588.0     11.24    -42.38     6.815     310928
2015  3 18 15  8  0    0     5.98    -5.55    -2.76    -585.6     10.61    -46.49     6.896     311557
2015  3 18 15  9  0    0     5.78    -5.51    -2.93    -585.4      8.32    -49.84     7.036     298061
2015  3 18 15 10  0    0     4.82    -5.95    -3.35    -589.6      0.60    -51.63     7.170     283328
2015  3 18 15 11  0    0    -0.45    -3.85    -5.38    -627.1     11.25    -55.78     7.295     283523
2015  3 18 15 12  0    0    -1.27    -4.14    -5.92    -627.2     13.23    -57.51     7.160     293496
2015  3 18 15 13  0    0    -1.50    -4.34    -5.84    -620.7     10.76    -52.87     7.110     310067
2015  3 18 15 14  0    0    -0.94    -4.38    -5.80    -614.5     10.14    -50.12     7.053     320920
2015  3 18 15 15  0    0     0.33    -4.28    -5.78    -608.5     11.24    -49.00     6.987     326479
2015  3 18 15 16  0    0     1.54    -4.29    -5.42    -603.8     14.34    -47.13     6.853     326479
2015  3 18 15 17  0    0     2.72    -3.97    -5.39    -597.5     16.90    -49.19     6.748     309406
2015  3 18 15 18  0    0     3.84    -3.52    -5.47    -590.8     19.20    -52.70     6.663     286641
2015  3 18 15 19  0    0     4.18    -3.51    -5.23    -588.3     21.12    -53.14     6.708     286641
2015  3 18 15 20  0    0     4.62    -3.14    -5.02    -585.9     20.66    -53.04     6.641     286641
2015  3 18 15 21  0    0     5.84    -3.22    -5.04    -585.7     17.86    -53.25     7.030     288775
2015  3 18 15 22  0    0     4.83    -5.03    -5.69    -589.6     14.80    -55.76     7.162     303675
2015  3 18 15 23  0    0     4.72    -4.76    -6.15    -594.4     14.39    -57.20     6.641     312269
2015  3 18 15 24  0    0     4.85    -4.02    -6.26    -594.3     16.35    -57.00     6.483     316090
2015  3 18 15 25  0    0     5.20    -3.30    -6.19    -590.6     18.68    -55.84     6.384     316899
2015  3 18 15 26  0    0     5.52    -3.42    -5.92    -587.4     19.89    -52.56     6.367     316174
2015  3 18 15 27  0    0     5.69    -3.95    -5.17    -585.8     20.33    -50.62     6.364     316041
2015  3 18 15 28  0    0     5.66    -4.30    -4.58    -585.2     20.01    -51.99     6.481     313111
2015  3 18 15 29  0    0     5.42    -4.35    -4.49    -585.0     19.86    -53.31     6.457     309335
2015  3 18 15 30  0    0     5.48    -4.08    -4.54    -583.9     19.63    -53.44     6.346     308290
2015  3 18 15 31  0    0     5.67    -3.97    -4.79    -584.6     16.97    -50.00     6.303     311499
2015  3 18 15 32  0    0     5.57    -4.16    -4.67    -585.6     18.33    -45.53     6.403     312974
2015  3 18 15 33  0    0     5.46    -4.21    -3.63    -591.3     24.18    -38.09     6.780     347543
2015  3 18 15 34  0    0     5.42    -3.42    -2.46    -593.6     37.87    -31.04     6.502     370283
2015  3 18 15 35  0    0     4.94    -3.94    -0.08    -596.8     32.80    -31.34     6.109     373839
2015  3 18 15 36  0    0     4.20    -4.36    -1.04    -599.6     23.17    -32.87     6.058     380663
2015  3 18 15 37  0    0     3.71    -4.45    -1.69    -599.2     21.33    -31.95     6.120     381636
2015  3 18 15 38  0    0     3.62    -4.24    -1.28    -598.1     21.29    -29.82     6.077     381647
2015  3 18 15 39  0    0     3.52    -3.92    -0.70    -596.6     23.62    -28.71     5.927     380789
2015  3 18 15 40  0    0     3.34    -3.24    -0.22    -597.6     35.03    -34.48     6.074     376695
2015  3 18 15 41  0    0     3.47    -2.41    -0.15    -599.4     46.11    -44.82     6.383     371396
2015  3 18 15 42  0    0     3.86    -1.61    -0.16    -598.4     49.60    -49.51     6.376     362467
2015  3 18 15 43  0    0     4.29    -0.56    -0.10    -597.3     54.55    -52.38     6.371     351010
2015  3 18 15 44  0    0     4.42     0.63     0.01    -596.8     56.18    -53.02     6.413     345918
2015  3 18 15 45  0    0     4.16     1.55     0.07    -601.3     55.24    -46.36     6.629     353426
2015  3 18 15 46  0    0     4.12     1.31    -1.29    -601.2     56.59    -46.30     7.000     357631
2015  3 18 15 47  0    0     4.48     1.02    -1.81    -598.0     55.21    -45.34     7.012     357631
2015  3 18 15 48  0    0     4.99     0.83    -1.19    -594.4     53.87    -40.23     6.775     352888
2015  3 18 15 49  0    0     5.49     0.84     0.08    -589.9     55.12    -35.56     6.570     339337
2015  3 18 15 50  0    0     5.79    -0.01     2.59    -589.3     49.14    -27.61     6.563     335834
2015  3 18 15 51  0    0     6.57     0.82     3.67    -588.3     50.76    -26.12     6.549     335723
2015  3 18 15 52  0    0     6.80     1.39     3.73    -585.4     52.40    -27.02     6.513     335723
2015  3 18 15 53  0    0     6.90     1.19     3.09    -584.2     52.20    -30.62     6.500     337082
2015  3 18 15 54  0    0     7.05     0.79     1.45    -584.8     48.25    -37.92     6.556     345722
2015  3 18 15 55  0    0     6.72    -0.36     1.03    -585.7     46.54    -45.68     6.583     349184
2015  3 18 15 56  0    0     6.32    -0.46     1.57    -589.1     44.37    -53.95     6.525     335465
2015  3 18 15 57  0    0     6.31    -0.42     0.75    -587.2     46.14    -58.84     6.467     334869
2015  3 18 15 58  0    0     6.27    -0.32     0.45    -587.1     48.08    -60.90     6.517     337904
2015  3 18 15 59  0    0     6.40     0.06     0.55    -585.5     53.11    -59.79     6.531     338523
2015  3 18 16  0  0    0     6.48     0.21     1.07    -582.9     52.89    -51.35     6.503     338523
2015  3 18 16  1  0    0     6.62     0.04     1.16    -581.3     49.75    -45.66     6.484     339585
2015  3 18 16  2  0    0     7.10    -0.61     0.77    -580.8     46.67    -42.82     6.445     340682
2015  3 18 16  3  0    0     7.52    -1.47     0.02    -581.0     43.81    -40.79     6.408     339005
2015  3 18 16  4  0    0     7.16    -2.13    -0.98    -583.9     40.35    -44.01     6.486     337135
2015  3 18 16  5  0    0     6.02    -2.55    -1.17    -592.7     40.60    -47.64     6.732     352340
2015  3 18 16  6  0    0     5.58    -3.02    -1.16    -592.8     39.00    -45.91     6.562     350539
2015  3 18 16  7  0    0     6.18    -3.75    -0.04    -590.1     36.05    -41.16     6.186     341664
2015  3 18 16  8  0    0     6.93    -3.46     0.61    -587.1     32.18    -39.75     5.916     340327
2015  3 18 16  9  0    0     7.20    -3.48     0.97    -588.5     28.82    -33.36     5.896     340059
2015  3 18 16 10  0    0     7.06    -3.39     1.18    -589.6     34.44    -30.26     5.990     340059
2015  3 18 16 11  0    0     6.65    -3.48     1.56    -590.3     27.32    -27.45     6.083     340027
2015  3 18 16 12  0    0     5.96    -3.51     2.76    -592.3     30.02    -23.78     5.957     336985
2015  3 18 16 13  0    0     5.09    -2.75     3.81    -596.1     31.68    -16.39     5.810     329067
2015  3 18 16 14  0    0     4.20    -2.60     4.77    -600.1     31.96    -11.44     5.733     329067
2015  3 18 16 15  0    0     4.23    -2.72     5.04    -601.1     37.19     -7.23     5.684     327820
2015  3 18 16 16  0    0     4.04    -3.05     5.03    -601.0     37.84     -6.54     5.660     327103
2015  3 18 16 17  0    0     3.83    -4.38     3.74    -601.2     22.31    -14.08     5.675     328550
2015  3 18 16 18  0    0     3.74    -5.37     2.98    -601.7     12.39    -18.43     5.705     329349
2015  3 18 16 19  0    0     3.81    -5.82     3.05    -603.5      5.88    -18.90     5.743     328874
2015  3 18 16 20  0    0     3.85    -6.19     3.04    -601.8      2.34    -22.48     5.718     325906
2015  3 18 16 21  0    0     4.14    -6.25     3.22    -598.3      1.22    -26.27     5.639     317264
2015  3 18 16 22  0    0     4.56    -6.15     3.32    -594.9      1.47    -29.37     5.515     306811
2015  3 18 16 23  0    0     4.93    -6.04     2.81    -593.8      2.62    -32.48     5.360     300747
2015  3 18 16 24  0    0     4.94    -5.98     1.00    -598.5     -2.50    -38.76     5.305     302040
2015  3 18 16 25  0    0     4.10    -4.70    -1.38    -607.3      8.98    -44.61     5.571     331286
2015  3 18 16 26  0    0     3.03    -1.46    -1.18    -612.3     26.98    -45.34     5.924     349893
2015  3 18 16 27  0    0     2.59    -0.46    -1.34    -612.3     27.90    -40.52     5.940     346734
2015  3 18 16 28  0    0     2.89    -0.28    -1.76    -610.9     30.11    -40.25     5.933     335545
2015  3 18 16 29  0    0     3.32    -0.80    -1.34    -609.8     27.12    -36.61     5.927     327990
2015  3 18 16 30  0    0     3.37    -1.26    -0.10    -609.4     26.07    -33.27     5.900     326232
2015  3 18 16 31  0    0     3.29    -1.76     0.92    -609.5     25.56    -31.03     5.657     318290
2015  3 18 16 32  0    0     3.21    -2.37     0.57    -610.2     21.46    -32.36     5.259     300630
2015  3 18 16 33  0    0     3.24    -4.52     0.24    -608.9      9.73    -32.44     5.173     290306
2015  3 18 16 34  0    0     4.06    -5.76     0.76    -601.1      0.17    -32.12     5.106     287378
2015  3 18 16 35  0    0     4.61    -6.66     1.24    -595.6     -5.30    -29.47     5.060     279955
2015  3 18 16 36  0    0     4.73    -6.81     1.48    -594.6     -3.52    -25.14     5.062     268650
2015  3 18 16 37  0    0     5.11    -6.63     1.20    -593.9     -2.22    -27.07     5.125     272263
2015  3 18 16 38  0    0     5.67    -6.25     0.69    -593.9     -0.02    -27.01     5.329     291102
2015  3 18 16 39  0    0     5.37    -6.10     1.10    -594.2     -0.50    -25.54     5.552     312384
2015  3 18 16 40  0    0     4.53    -6.49     1.94    -602.3     -7.16    -26.05     5.550     313978
2015  3 18 16 41  0    0     2.96    -7.36     1.38    -605.5    -12.90    -31.90     5.359     304908
2015  3 18 16 42  0    0     3.19    -7.36     1.00    -608.6    -16.16    -37.88     5.242     302527
2015  3 18 16 43  0    0     3.25    -7.32     1.19    -610.5    -15.33    -35.88     5.284     302849
2015  3 18 16 44  0    0     3.25    -7.28     2.37    -617.3    -15.53    -34.82     5.364     304683
2015  3 18 16 45  0    0     2.80    -6.99     3.41    -617.2    -17.46    -35.10     5.411     302882
2015  3 18 16 46  0    0     2.24    -6.90     3.88    -613.7    -18.59    -35.77     5.510     300932
2015  3 18 16 47  0    0     1.71    -7.09     3.32    -613.3    -16.90    -35.91     5.629     300509
2015  3 18 16 48  0    0     1.03    -7.67     1.60    -613.9    -13.38    -34.22     5.642     300281
2015  3 18 16 49  0    0     0.94    -8.05     0.79    -613.7     -9.74    -34.61     5.551     298238
2015  3 18 16 50  0    0     1.28    -7.98     0.51    -611.8     -7.41    -38.41     5.450     293386
2015  3 18 16 51  0    0     2.45    -7.67    -0.05    -608.4     -8.23    -41.73     5.403     288302
2015  3 18 16 52  0    0     3.58    -7.12    -0.67    -602.1     -6.92    -43.72     5.405     288302
2015  3 18 16 53  0    0     4.06    -6.39    -1.15    -598.9     -5.32    -43.98     5.417     290060
2015  3 18 16 54  0    0     3.92    -5.88    -1.25    -595.7     -2.40    -42.97     5.422     295706
2015  3 18 16 55  0    0     3.81    -5.74    -1.12    -589.4      1.58    -42.29     5.407     303592
2015  3 18 16 56  0    0     3.61    -5.53    -0.96    -597.4     -2.49    -36.24     5.304     303962
2015  3 18 16 57  0    0     3.85    -5.73     0.76    -599.3     -4.27    -17.92     5.218     303568
2015  3 18 16 58  0    0     3.56    -6.00     3.12    -600.7     -5.54     -9.02     5.167     296408
2015  3 18 16 59  0    0     3.43    -6.27     3.46    -601.5     -4.83    -12.34     5.129     291610
2015  3 18 17  0  0    0     3.30    -6.42     2.91    -602.2     -4.55    -17.25     5.081     290755
2015  3 18 17  1  0    0     3.58    -6.21     2.75    -602.8      3.65    -14.27     5.041     289996
2015  3 18 17  2  0    0     3.21    -5.96     2.71    -603.3     -1.65    -14.48     4.986     281700
2015  3 18 17  3  0    0     3.04    -6.53     2.60    -605.3     -6.53    -10.60     4.899     266132
2015  3 18 17  4  0    0     3.71    -6.96     2.70    -603.6     -7.69    -12.62     4.808     257225
2015  3 18 17  5  0    0     4.02    -6.70     2.87    -602.0     -0.98    -10.18     4.779     255138
2015  3 18 17  6  0    0     4.14    -5.19     3.19    -601.8      8.54     -7.43     4.778     258542
2015  3 18 17  7  0    0     4.44    -4.48     3.52    -599.6      8.49     -6.52     4.786     260200
2015  3 18 17  8  0    0     4.32    -3.85     4.15    -597.7      6.04     -7.01     4.788     257647
2015  3 18 17  9  0    0     4.00    -3.90     4.52    -597.6      5.51     -9.98     4.789     250998
2015  3 18 17 10  0    0     4.33    -5.23     3.48    -600.1      2.23    -16.75     4.822     245362
2015  3 18 17 11  0    0     4.59    -6.02     2.42    -604.4     -1.69    -23.95     4.816     244047
2015  3 18 17 12  0    0     4.66    -6.33     1.61    -604.2     -1.89    -25.33     4.771     234122
2015  3 18 17 13  0    0     5.18    -6.53     1.34    -602.7      2.15    -22.23     4.759     231663
2015  3 18 17 14  0    0     5.56    -6.50     1.31    -601.9      7.58    -15.36     4.786     231604
2015  3 18 17 15  0    0     5.68    -6.49     1.64    -602.1      9.59     -9.16     4.840     239387
2015  3 18 17 16  0    0     5.81    -6.47     2.22    -602.7     14.23     -1.67     4.834     252142
2015  3 18 17 17  0    0     6.29    -5.12     2.91    -604.0     18.99      5.88     4.778     255677
2015  3 18 17 18  0    0     6.02    -4.47     3.67    -603.1     21.37     10.22     5.113     251370
2015  3 18 17 19  0    0     4.96    -4.30     4.01    -606.0     19.02      7.13     5.282     249567
2015  3 18 17 20  0    0     4.49    -4.46     4.13    -609.7     17.97      3.55     5.324     249177
2015  3 18 17 21  0    0     4.06    -5.14     4.14    -613.7     16.36      3.46     5.271     243959
2015  3 18 17 22  0    0     3.51    -5.84     3.21    -610.4     12.57     -1.93     5.113     233290
2015  3 18 17 23  0    0     3.77    -7.14     1.72    -611.8      1.90    -17.03     4.790     217215
2015  3 18 17 24  0    0     4.54    -7.63     0.92    -606.0      1.30    -25.18     4.572     206235
2015  3 18 17 25  0    0     5.07    -7.53    -0.14    -610.8    -12.41    -37.48     4.341     200035
2015  3 18 17 26  0    0     4.66    -7.46    -0.61    -610.4    -12.46    -35.04     4.367     200778
2015  3 18 17 27  0    0     4.60    -7.08    -1.89    -614.6     -9.05    -35.96     4.539     207809
2015  3 18 17 28  0    0     4.68    -6.78    -2.29    -610.9     -2.41    -36.03     4.696     213603
2015  3 18 17 29  0    0     5.35    -6.64    -1.82    -610.1      2.04    -35.62     4.816     221702
2015  3 18 17 30  0    0     6.17    -6.45     0.08    -605.5      5.78    -33.88     4.833     221702
2015  3 18 17 31  0    0     6.46    -6.29     0.64    -602.1      7.10    -31.02     4.804     217185
2015  3 18 17 32  0    0     6.78    -6.14     0.32    -600.7      6.75    -26.97     4.747     215107
2015  3 18 17 33  0    0     6.83    -6.10    -0.35    -602.5      6.26    -21.53     4.720     216683
2015  3 18 17 34  0    0     6.59    -6.28    -1.00    -607.1      4.18    -15.39     4.749     217339
2015  3 18 17 35  0    0     6.24    -6.51    -1.60    -607.9      1.76    -19.61     4.845     208270
2015  3 18 17 36  0    0     6.24    -6.61    -1.60    -608.5      1.79    -15.82     4.918     205882
2015  3 18 17 37  0    0     6.29    -6.59    -1.36    -608.1      2.97    -12.77     4.921     205882
2015  3 18 17 38  0    0     6.50    -6.48    -1.20    -608.9      6.38    -11.06     4.838     206080
2015  3 18 17 39  0    0     6.69    -6.29    -1.03    -608.0     12.47     -9.83     4.730     209038
2015  3 18 17 40  0    0     6.67    -6.29    -1.58    -606.2     18.77    -12.68     4.692     228085
2015  3 18 17 41  0    0     4.65    -5.88    -2.49    -630.8     14.40    -33.04     4.602     220660
2015  3 18 17 42  0    0     3.37    -5.59    -1.90    -644.9      9.56    -44.14     4.538     216540
2015  3 18 17 43  0    0     2.95    -5.07    -2.79    -652.8      6.50    -40.80     3.936     196391
2015  3 18 17 44  0    0     2.85    -5.09    -2.28    -649.6      3.91    -38.52     3.493     173566
2015  3 18 17 45  0    0     3.15    -4.79    -2.49    -643.8      1.29    -36.56     3.206     167776
2015  3 18 17 46  0    0     3.55    -4.34    -2.42    -639.6     -4.07    -40.15     3.045     166521
2015  3 18 17 47  0    0     3.93    -3.79    -2.43    -638.8    -11.07    -41.45     3.099     216902
2015  3 18 17 48  0    0     3.75    -3.79    -2.52    -642.3    -17.88    -28.00     3.313     249502
2015  3 18 17 49  0    0     3.05    -4.69    -2.39    -649.0    -21.72    -23.13     3.455     191049
2015  3 18 17 50  0    0     2.76    -5.30    -2.10    -651.3    -26.02    -21.83     3.418     167463
2015  3 18 17 51  0    0     2.81    -5.59    -1.76    -648.3    -25.60    -21.31     3.210     141804
2015  3 18 17 52  0    0     2.90    -5.37    -0.77    -650.2    -19.41    -20.00     3.161     141738
2015  3 18 17 53  0    0     3.19    -3.99     0.09    -651.0     -1.02    -16.20     3.335     155242
2015  3 18 17 54  0    0     3.15    -2.25     0.16    -655.6      0.54    -15.14     3.660     226866
2015  3 18 17 55  0    0     3.10    -2.44    -0.12    -655.5      2.20    -14.93     3.646     259399
2015  3 18 17 56  0    0     2.76    -3.30    -0.47    -657.0     10.29    -18.15     3.328     275534
2015  3 18 17 57  0    0     2.28    -3.92    -0.56    -662.4     10.75    -21.38     3.195     262692
2015  3 18 17 58  0    0     2.52    -4.22    -0.90    -660.6      2.95    -22.63     3.296     215677
2015  3 18 17 59  0    0     2.66    -4.33    -1.39    -656.5      0.00    -26.05     3.383     189491
2015  3 18 18  0  0    0     2.61    -4.15    -1.90    -652.8     -0.80    -29.75     3.421     184783
2015  3 18 18  1  0    0     2.57    -3.58    -2.28    -651.3     -1.12    -30.26     3.407     178538
2015  3 18 18  2  0    0     2.56    -3.30    -2.39    -649.5      1.93    -29.25     3.324     178625
2015  3 18 18  3  0    0     3.21    -2.71    -2.24    -646.0      2.64    -27.98     3.242     179280
2015  3 18 18  4  0    0     3.25    -2.60    -2.23    -642.7      1.06    -25.54     3.157     179323
2015  3 18 18  5  0    0     3.49    -2.44    -2.03    -641.7      1.65    -19.07     3.117     176056
2015  3 18 18  6  0    0     3.84    -2.28    -1.88    -641.6      2.04    -16.99     3.109     172273
2015  3 18 18  7  0    0     4.07    -1.65    -1.74    -641.7      3.02    -24.75     3.108     171320
2015  3 18 18  8  0    0     4.12    -1.20    -1.55    -641.5      1.55    -22.41     3.082     175452
2015  3 18 18  9  0    0     3.41    -1.28    -1.52    -651.4      1.97    -28.10     2.929     185187
2015  3 18 18 10  0    0     3.43    -2.23    -1.84    -651.2      2.05    -31.65     2.912     191877
2015  3 18 18 11  0    0     3.56    -3.06    -2.18    -649.4     -0.61    -30.55     2.983     196092
2015  3 18 18 12  0    0     3.62    -2.82    -2.33    -648.0      1.28    -28.22     3.003     196318
2015  3 18 18 13  0    0     4.10    -2.56    -2.04    -642.8     -0.37    -22.18     3.008     199708
2015  3 18 18 14  0    0     4.42    -2.53    -1.73    -640.8      0.51    -15.82     3.011     211790
2015  3 18 18 15  0    0     4.96    -2.52    -0.18    -643.0      3.64     -6.02     3.302     249022
2015  3 18 18 16  0    0     4.67    -2.76    -0.13    -643.5      5.97     -4.26     3.450     256904
2015  3 18 18 17  0    0     4.55    -2.46    -0.78    -643.0      4.26    -11.10     3.467     213927
2015  3 18 18 18  0    0     4.24    -2.41    -1.93    -652.0      3.01    -14.59     3.155     194817
2015  3 18 18 19  0    0     3.44    -2.57    -2.44    -650.2     11.32    -13.98     2.944     195118
2015  3 18 18 20  0    0     3.27    -2.78    -2.45    -650.0     11.09    -14.22     2.953     197539
2015  3 18 18 21  0    0     3.20    -3.68    -2.43    -654.6     -1.49    -19.04     3.101     201415
2015  3 18 18 22  0    0     3.39    -3.34    -3.01    -652.7     -2.75    -25.34     3.301     201415
2015  3 18 18 23  0    0     3.39    -2.84    -3.77    -647.7      5.75    -31.60     3.294     201356
2015  3 18 18 24  0    0     3.44    -1.35    -3.86    -646.8     16.27    -34.74     3.064     199563
2015  3 18 18 25  0    0     3.45    -0.95    -3.75    -643.1     23.77    -34.82     3.070     199533
2015  3 18 18 26  0    0     3.84     0.28    -3.10    -642.0     26.34    -30.27     3.117     214935
2015  3 18 18 27  0    0     3.76     1.08    -2.62    -649.4     38.61    -16.52     3.263     218200
2015  3 18 18 28  0    0     3.47     0.10    -2.82    -648.1     19.93    -21.96     3.358     203888
2015  3 18 18 29  0    0     3.45    -0.16    -3.16    -646.6     14.53    -17.85     3.217     203888
2015  3 18 18 30  0    0     4.14    -1.68    -3.03    -642.7      8.46    -17.53     3.023     203888
2015  3 18 18 31  0    0     4.55    -2.12    -2.56    -640.3      2.96    -12.88     2.957     197282
2015  3 18 18 32  0    0     4.63    -2.01    -2.27    -640.4      3.54     -9.10     2.841     191000
2015  3 18 18 33  0    0     4.61    -1.96    -1.99    -640.7      5.34     -9.64     2.746     189556
2015  3 18 18 34  0    0     4.61    -1.75    -1.98    -643.4     12.88     -8.25     2.726     184319
2015  3 18 18 35  0    0     4.32    -0.44    -1.71    -645.4     21.20     -6.71     2.807     189619
2015  3 18 18 36  0    0     3.70     2.23    -1.07    -648.2     33.71     -7.46     2.846     190561
2015  3 18 18 37  0    0     3.11     3.10    -1.91    -657.6     53.08    -12.59     3.071     201729
2015  3 18 18 38  0    0     2.38     2.37    -4.01    -664.7     49.42    -25.44     3.131     206597
2015  3 18 18 39  0    0     2.24     2.11    -4.32    -665.0     45.14    -27.79     3.137     206909
2015  3 18 18 40  0    0     2.42     2.08    -3.57    -664.8     52.84    -16.76     3.035     191810
2015  3 18 18 41  0    0     2.25     2.30    -3.58    -669.4     54.41    -16.29     3.013     186913
2015  3 18 18 42  0    0     2.79     0.99    -4.19    -669.9     38.38    -23.87     2.964     186886
2015  3 18 18 43  0    0     2.64     1.20    -4.16    -671.7     40.68    -23.26     2.959     186429
2015  3 18 18 44  0    0     2.76     1.60    -4.01    -668.8     40.87    -21.18     2.944     186429
2015  3 18 18 45  0    0     3.09     1.52    -3.71    -658.6     36.02    -19.56     2.888     190148
2015  3 18 18 46  0    0     3.49     1.39    -3.43    -649.2     31.56    -17.95     2.835     193433
2015  3 18 18 47  0    0     4.47     0.87    -3.28    -646.5     30.00    -16.45     2.799     193433
2015  3 18 18 48  0    0     4.81     1.53    -2.82    -648.7     38.01    -15.81     2.890     198368
2015  3 18 18 49  0    0     4.33     2.57    -2.51    -651.3     46.55    -14.15     2.928     197633
2015  3 18 18 50  0    0     4.27     2.75    -2.18    -648.0     47.09    -10.64     2.879     194587
2015  3 18 18 51  0    0     3.34     2.43    -1.22    -652.6     45.49      8.11     3.037     194990
2015  3 18 18 52  0    0     2.83     2.36    -0.58    -657.2     50.92      7.48     2.927     204772
2015  3 18 18 53  0    0     3.43     2.05    -1.23    -653.8     48.39     -1.61     2.837     214016
2015  3 18 18 54  0    0     4.65     1.46    -2.41    -646.6     42.79    -13.61     2.865     214016
2015  3 18 18 55  0    0     4.62     1.66    -2.55    -646.9     44.22    -15.23     2.884     214016
2015  3 18 18 56  0    0     4.08     2.30    -2.41    -651.1     49.22    -11.55     2.899     220355
2015  3 18 18 57  0    0     3.41     3.11    -1.60    -658.6     59.82      3.00     2.912     217583
2015  3 18 18 58  0    0     3.45     3.23    -1.30    -656.1     58.98      5.05     2.876     213503
2015  3 18 18 59  0    0     3.51     3.23    -0.81    -652.4     58.68      5.13     2.801     210583
2015  3 18 19  0  0    0     3.62     2.96    -0.51    -649.7     60.47      3.01     2.793     208673
2015  3 18 19  1  0    0     3.46     2.32    -0.43    -650.4     56.53      8.67     2.779     206371
2015  3 18 19  2  0    0     3.48     1.68    -0.80    -652.2     51.95      7.30     2.850     198474
2015  3 18 19  3  0    0     3.89     1.28    -1.74    -656.8     45.76      7.30     2.957     191549
2015  3 18 19  4  0    0     3.92     0.65    -2.02    -659.2     40.69      4.61     3.016     191907
2015  3 18 19  5  0    0     4.06    -0.48    -2.35    -655.6     37.75      0.11     3.016     195959
2015  3 18 19  6  0    0     4.17    -1.74    -2.72    -651.6     35.07     -3.99     3.009     201523
2015  3 18 19  7  0    0     4.05    -2.02    -2.71    -652.1     30.43     -6.24     2.981     200873
2015  3 18 19  8  0    0     3.66    -1.88    -2.86    -654.3     25.71     -8.55     2.963     195250
2015  3 18 19  9  0    0     3.17    -1.22    -3.06    -656.9     20.20     -8.19     2.966     183941
2015  3 18 19 10  0    0     3.01    -0.72    -2.82    -656.4     15.25     -4.03     2.841     178919
2015  3 18 19 11  0    0     3.57    -0.28    -1.93    -653.9     15.25      6.31     2.821     179232
2015  3 18 19 12  0    0     4.52     0.41    -0.62    -653.8     21.83     17.86     2.850     186321
2015  3 18 19 13  0    0     4.98     0.58    -0.51    -646.7     23.12     18.60     2.933     200079
2015  3 18 19 14  0    0     4.20    -0.35    -0.85    -656.8     14.21     15.88     3.081     211456
2015  3 18 19 15  0    0     3.51    -1.67    -1.04    -656.5     10.57     10.95     3.067     203688
2015  3 18 19 16  0    0     3.62    -2.06    -1.09    -652.7     11.77      7.75     3.036     190841
2015  3 18 19 17  0    0     3.64    -2.02    -1.22    -647.7     17.37     10.13     2.947     182351
2015  3 18 19 18  0    0     4.12    -0.78    -0.66    -646.2     19.26      7.90     2.977     182351
2015  3 18 19 19  0    0     4.02    -0.27    -0.61    -648.2     22.50     16.56     3.081     193083
2015  3 18 19 20  0    0     3.46    -0.18     0.68    -651.2     28.82     23.81     3.048     195064
2015  3 18 19 21  0    0     3.16    -0.90     1.03    -657.7     32.18     27.85     2.956     195941
2015  3 18 19 22  0    0     3.22    -1.93     0.85    -658.3     32.46     28.53     2.842     189602
2015  3 18 19 23  0    0     3.65    -2.69     0.57    -657.5     27.33     29.07     2.776     184142
2015  3 18 19 24  0    0     3.24    -3.35    -0.35    -663.8     27.94     33.16     2.800     188666
2015  3 18 19 25  0    0     2.88    -3.42    -0.55    -668.0     33.91     38.08     2.937     194659
2015  3 18 19 26  0    0     3.21     0.37     2.20    -667.8     33.29     37.86     3.058     198997
2015  3 18 19 27  0    0     3.06     2.70     3.04    -666.4     31.67     36.34     3.124     211318
2015  3 18 19 28  0    0     3.15     2.77     3.24    -664.8     31.16     35.26     3.057     212837
2015  3 18 19 29  0    0     3.54     2.25     3.32    -660.1     32.75     35.72     2.953     212889
2015  3 18 19 30  0    0     3.98     1.44     3.35    -655.1     34.63     36.56     2.838     208793
2015  3 18 19 31  0    0     4.34     0.35     3.25    -651.0     35.83     37.62     2.735     202014
2015  3 18 19 32  0    0     4.47    -0.72     2.68    -649.3     33.61     38.43     2.701     202107
2015  3 18 19 33  0    0     4.88    -0.87     1.55    -645.3     22.53     33.12     2.699     202809
2015  3 18 19 34  0    0     5.04    -1.04     0.91    -642.1     18.42     24.47     2.721     207929
2015  3 18 19 35  0    0     5.08    -1.11     0.20    -641.1     13.56     22.40     2.725     209518
2015  3 18 19 36  0    0     5.02    -1.41     0.37    -644.0     10.93     25.11     2.721     198780
2015  3 18 19 37  0    0     4.70    -1.61     0.66    -646.8      9.44     30.65     2.757     197032
2015  3 18 19 38  0    0     4.63    -1.94     1.00    -647.7     10.33     32.19     2.728     210702
2015  3 18 19 39  0    0     4.73    -1.93     1.07    -647.2     10.82     34.58     2.641     212520
2015  3 18 19 40  0    0     4.75    -1.82     0.88    -646.7     10.00     29.31     2.653     212520
2015  3 18 19 41  0    0     4.60    -1.65     0.64    -648.8     12.34     25.68     2.693     206135
2015  3 18 19 42  0    0     4.58    -1.56     0.62    -649.2     12.70     23.34     2.766     194075
2015  3 18 19 43  0    0     4.48    -1.44     0.40    -648.0     16.06     23.36     2.771     194302
2015  3 18 19 44  0    0     4.43    -1.65     0.42    -645.4     15.21     23.67     2.694     198836
2015  3 18 19 45  0    0     4.66    -1.66     0.69    -644.4     16.09     26.10     2.719     199213
2015  3 18 19 46  0    0     4.78    -1.65     0.73    -644.8     11.23     24.64     2.637     197670
2015  3 18 19 47  0    0     4.75    -1.27    -0.13    -643.2      8.92     20.01     2.555     197492
2015  3 18 19 48  0    0     4.87    -1.26    -0.66    -642.1      8.96     16.81     2.523     201749
2015  3 18 19 49  0    0     4.95    -1.07    -0.48    -640.7     16.01     12.84     2.518     212646
2015  3 18 19 50  0    0     5.08    -0.85    -0.37    -638.7     19.38      8.63     2.519     222158
2015  3 18 19 51  0    0     5.12    -0.82    -0.69    -638.8     16.63      5.72     2.550     225709
2015  3 18 19 52  0    0     4.90    -1.69    -0.91    -641.9     14.06      5.00     2.620     217150
2015  3 18 19 53  0    0     4.78    -2.06    -0.16    -648.1     15.59      7.54     2.651     209674
2015  3 18 19 54  0    0     4.44    -1.29    -0.63    -648.2     19.60     15.15     2.648     206643
2015  3 18 19 55  0    0     3.99    -1.00     0.09    -645.9     20.37     17.23     2.597     201384
2015  3 18 19 56  0    0     3.96    -1.35     0.01    -649.1     17.94     17.39     2.569     197918
2015  3 18 19 57  0    0     4.01    -1.41    -1.26    -649.1     15.85     17.36     2.572     198955
2015  3 18 19 58  0    0     3.98    -1.57    -2.46    -649.0     14.19     17.90     2.618     208284
2015  3 18 19 59  0    0     3.74    -2.15    -2.76    -649.2     13.71     17.55     2.653     208193
2015  3 18 20  0  0    0     3.80    -2.21    -2.40    -650.0     10.14     13.24     2.650     207411
2015  3 18 20  1  0    0     3.99    -1.45    -1.06    -646.9      7.35      9.55     2.610     207306
2015  3 18 20  2  0    0     4.48    -1.03    -0.63    -646.2     11.56     15.35     2.556     207190
2015  3 18 20  3  0    0     4.51    -0.77    -0.54    -647.7     14.65     10.62     2.542     197571
2015  3 18 20  4  0    0     3.56    -0.48    -0.82    -653.7     14.46     10.90     2.554     198459
2015  3 18 20  5  0    0     3.74    -0.68    -1.00    -652.0     10.66      8.53     2.561     201503
2015  3 18 20  6  0    0     4.09    -0.72    -0.94    -647.8     10.15      8.91     2.563     205545
2015  3 18 20  7  0    0     4.09    -1.51     0.02    -645.7      8.14      7.96     2.564     210579
2015  3 18 20  8  0    0     3.94    -1.59     0.24    -645.1     -5.39      7.06     2.566     210915
2015  3 18 20  9  0    0     3.76    -1.62    -0.37    -648.8      2.53      5.72     2.576     209642
2015  3 18 20 10  0    0     2.61    -1.78    -1.12    -655.9     -3.01      4.24     2.590     207685
2015  3 18 20 11  0    0     2.36    -2.12    -1.68    -660.4     -5.39      2.44     2.602     205887
2015  3 18 20 12  0    0     2.52    -2.47    -1.73    -660.1     -5.68      3.86     2.613     204420
2015  3 18 20 13  0    0     3.16    -2.63    -1.62    -658.5     -6.41      2.92     2.623     203025
2015  3 18 20 14  0    0     3.73    -2.72    -1.52    -653.5     -4.38      2.46     2.631     201875
2015  3 18 20 15  0    0     4.04    -2.85    -1.38    -645.2      0.50      5.09     2.637     200952
2015  3 18 20 16  0    0     4.08    -2.76    -1.54    -644.9     -0.68      2.53     2.647     199474
2015  3 18 20 17  0    0     3.14    -3.74    -1.70    -655.5    -10.16     -3.58     2.669     195119
2015  3 18 20 18  0    0     2.81    -4.13    -1.67    -655.7    -13.78     -5.44     2.687     191044
2015  3 18 20 19  0    0     3.06    -4.17    -1.56    -654.8    -11.08     -2.89     2.688     192020
2015  3 18 20 20  0    0     3.48    -4.16    -1.11    -653.7    -10.87      2.73     2.683     194537
2015  3 18 20 21  0    0     3.43    -4.24    -0.06    -654.7     -9.89      9.78     2.675     197046
2015  3 18 20 22  0    0     3.41    -4.23     0.61    -656.5     -8.39     12.17     2.667     198217
2015  3 18 20 23  0    0     3.57    -3.98     0.72    -657.7     -7.99     13.69     2.657     198182
2015  3 18 20 24  0    0     3.77    -3.82     0.56    -657.4     -7.95     14.53     2.652     197080
2015  3 18 20 25  0    0     3.97    -3.56     0.57    -653.9     -5.36     19.52     2.650     194833
2015  3 18 20 26  0    0     4.06    -3.14     0.63    -648.8     -1.95     28.22     2.642     192085
2015  3 18 20 27  0    0     4.17    -2.90     1.29    -645.9     -1.19     28.35     2.620     188443
2015  3 18 20 28  0    0     4.05    -3.32     1.32    -643.5     -0.37     27.21     2.564     184676
2015  3 18 20 29  0    0     3.79    -3.67     1.21    -645.8      1.73     21.34     2.541     180298
2015  3 18 20 30  0    0     3.42    -3.77     1.29    -651.1      4.20     16.80     2.539     176210
2015  3 18 20 31  0    0     2.76    -4.00     1.27    -650.8      4.04     14.80     2.535     175693
2015  3 18 20 32  0    0     2.66    -4.00     1.02    -648.9      2.80     13.73     2.540     175603
2015  3 18 20 33  0    0     2.74    -3.91     0.93    -651.3      5.29     22.17     2.550     175585
2015  3 18 20 34  0    0     2.79    -3.47     1.73    -660.1     13.43     42.95     2.562     175572
2015  3 18 20 35  0    0     3.18    -3.05     1.99    -657.8     13.58     44.04     2.532     183735
2015  3 18 20 36  0    0     3.53    -2.81     2.33    -655.0     13.83     42.39     2.529     191678
2015  3 18 20 37  0    0     3.68    -2.76     2.41    -654.6     14.71     38.43     2.480     184537
2015  3 18 20 38  0    0     3.58    -2.74     1.87    -655.7     15.05     32.18     2.284     171181
2015  3 18 20 39  0    0     3.79    -2.65     0.88    -654.1     12.60     24.78     2.311     170470
2015  3 18 20 40  0    0     4.12    -2.50    -0.37    -649.6      8.78     18.09     2.430     172410
2015  3 18 20 41  0    0     4.16    -2.40    -0.37    -646.3      8.09     17.96     2.610     185337
2015  3 18 20 42  0    0     3.84    -2.48     0.71    -648.7      0.96     19.33     2.656     188850
2015  3 18 20 43  0    0     3.54    -2.56     0.81    -651.4     -6.00     14.31     2.588     190295
2015  3 18 20 44  0    0     3.23    -3.22     0.32    -655.3    -12.88     10.91     2.577     188448
2015  3 18 20 45  0    0     2.91    -3.85     0.06    -660.4    -16.27      9.45     2.741     185638
2015  3 18 20 46  0    0     2.77    -4.10     0.14    -663.4    -19.92      4.30     2.895     186611
2015  3 18 20 47  0    0     2.91    -4.56    -0.75    -665.8    -22.31      3.03     2.918     194366
2015  3 18 20 48  0    0     2.48    -4.30    -0.59    -675.3    -21.14      3.74     2.946     213362
2015  3 18 20 49  0    0     2.25    -3.52    -0.64    -670.0    -18.39      2.69     2.955     215049
2015  3 18 20 50  0    0     2.68    -3.26    -0.70    -667.6    -15.26      1.85     2.980     215049
2015  3 18 20 51  0    0     3.38    -2.63    -0.73    -662.0     -9.00      2.34     2.995     213190
2015  3 18 20 52  0    0     3.96    -2.29    -0.77    -657.1     -4.86      2.80     3.011     212408
2015  3 18 20 53  0    0     4.26    -2.25    -0.96    -654.2     -4.07     -1.95     3.021     211736
2015  3 18 20 54  0    0     1.38    -4.69    -1.28    -670.9    -14.35    -11.85     2.967     203415
2015  3 18 20 55  0    0     1.48    -4.66    -0.57    -685.3    -20.93    -11.28     2.857     189608
2015  3 18 20 56  0    0     1.64    -4.22    -0.53    -683.2    -20.20    -13.72     2.862     190991
2015  3 18 20 57  0    0     1.97    -2.87    -1.31    -681.8    -19.52    -14.57     2.871     192974
2015  3 18 20 58  0    0     1.93    -2.10    -1.90    -680.5    -20.06    -12.80     2.880     194982
2015  3 18 20 59  0    0     1.60    -3.07    -1.29    -678.6    -20.49     -8.72     2.888     196943
2015  3 18 21  0  0    0     1.24    -4.30    -0.49    -677.6    -21.03     -4.88     2.897     198980
2015  3 18 21  1  0    0     0.85    -4.30    -0.66    -678.0    -19.10     -2.94     2.907     201147
2015  3 18 21  2  0    0     1.15    -4.09    -0.73    -674.6    -13.05      1.40     2.914     202947
2015  3 18 21  3  0    0     2.10    -3.76    -0.71    -666.4     -6.41      6.95     2.919     204279
2015  3 18 21  4  0    0     2.34    -3.47    -0.70    -663.6     -5.10      8.96     2.922     206078
2015  3 18 21  5  0    0     2.14    -3.57    -0.91    -660.2    -11.18      7.43     2.929     207705
2015  3 18 21  6  0    0     2.22    -4.04    -0.91    -662.6    -16.12      6.83     2.940     209866
2015  3 18 21  7  0    0     1.68    -4.04    -0.54    -667.2    -16.52      5.63     2.943     212459
2015  3 18 21  8  0    0     1.55    -4.48    -0.41    -673.4      0.92     -0.36     2.882     214785
2015  3 18 21  9  0    0     1.01    -4.56    -0.98    -681.6     -7.90     -8.40     2.769     214019
2015  3 18 21 10  0    0     1.04    -4.22    -1.37    -680.9     -4.89    -15.09     2.898     202153
2015  3 18 21 11  0    0     1.15    -3.90    -1.51    -678.1      3.33    -15.25     2.972     186774
2015  3 18 21 12  0    0     1.41    -3.80    -1.67    -675.2     10.89    -10.17     2.892     176585
2015  3 18 21 13  0    0     1.79    -3.74    -2.05    -674.3      5.78    -11.62     2.743     171733
2015  3 18 21 14  0    0     1.87    -3.70    -2.18    -674.6    -12.96    -13.94     2.747     173482
2015  3 18 21 15  0    0     1.94    -3.95    -1.23    -673.5    -22.33     -2.13     2.770     181706
2015  3 18 21 16  0    0     2.22    -3.60    -0.77    -667.7    -15.87      6.98     2.810     192793
2015  3 18 21 17  0    0     2.11    -3.03    -1.16    -674.3    -12.37      5.21     2.767     213724
2015  3 18 21 18  0    0     2.05    -2.61    -1.60    -676.2    -10.02      4.72     2.695     211900
2015  3 18 21 19  0    0     1.99    -3.12    -1.74    -675.0    -12.19      4.63     2.672     204107
2015  3 18 21 20  0    0     1.62    -4.18    -0.90    -676.6    -18.60      2.38     2.631     188233
2015  3 18 21 21  0    0     0.94    -4.37    -0.78    -680.4    -21.98      0.44     2.588     171225
2015  3 18 21 22  0    0    -0.69    -4.94    -1.38    -701.3    -28.99     -2.82     2.626     149812
2015  3 18 21 23  0    0    -1.24    -4.47    -1.69    -707.2    -18.80     -2.63     2.848     158863
2015  3 18 21 24  0    0    -0.70    -3.84    -1.06    -703.7    -15.79     -1.91     2.994     171633
2015  3 18 21 25  0    0    -0.07    -3.41     0.34    -698.0    -17.40     -1.21     3.048     180412
2015  3 18 21 26  0    0     0.18    -3.32     2.20    -691.6    -17.40     -0.26     3.023     183450
2015  3 18 21 27  0    0     0.29    -3.72     1.99    -692.2    -18.16      0.40     2.987     183450
2015  3 18 21 28  0    0     0.34    -4.11     0.64    -691.8    -21.71      0.12     3.085     183450
2015  3 18 21 29  0    0     0.76    -4.28    -0.19    -683.9    -23.28     -1.37     3.154     188356
2015  3 18 21 30  0    0     0.99    -4.22    -0.85    -679.7    -23.17     -1.19     3.121     190809
2015  3 18 21 31  0    0     0.92    -4.08    -1.19    -680.1    -22.31      1.25     2.964     186866
2015  3 18 21 32  0    0     0.32    -4.67    -0.85    -682.2    -25.28     -1.83     2.886     183059
2015  3 18 21 33  0    0    -0.92    -5.03    -0.94    -701.2    -29.10     -6.94     2.959     198034
2015  3 18 21 34  0    0    -1.05    -4.93    -0.98    -701.0    -24.11     -4.21     3.001     204573
2015  3 18 21 35  0    0    -1.09    -4.83    -0.92    -697.9    -15.55      1.02     3.013     203788
2015  3 18 21 36  0    0    -0.64    -4.74    -1.10    -698.8    -17.66     -3.28     2.963     199658
2015  3 18 21 37  0    0    -0.32    -4.69    -1.19    -693.7    -24.18    -11.64     2.896     195103
2015  3 18 21 38  0    0    -0.25    -4.67    -1.18    -690.1    -22.82    -12.64     2.832     194114
2015  3 18 21 39  0    0    -0.10    -4.63    -0.74    -690.0    -11.92     -4.91     2.807     194031
2015  3 18 21 40  0    0    -0.12    -4.55    -0.55    -690.3    -11.33     -1.99     2.832     200513
2015  3 18 21 41  0    0    -0.28    -4.60    -0.41    -691.0    -11.99      1.59     3.034     218525
2015  3 18 21 42  0    0    -0.79    -4.51    -0.06    -693.2    -12.38      2.31     3.016     218887
2015  3 18 21 43  0    0    -1.20    -4.38    -0.05    -699.0    -10.82      0.77     2.926     211215
2015  3 18 21 44  0    0    -1.01    -4.11    -0.58    -701.1     -7.39     -4.11     2.913     198246
2015  3 18 21 45  0    0    -0.78    -3.80    -1.20    -697.6     -4.85    -11.13     2.909     190277
2015  3 18 21 46  0    0    -0.71    -3.62    -2.06    -695.0     -5.08    -19.77     2.930     186557
2015  3 18 21 47  0    0    -0.58    -3.02    -2.40    -694.8     -3.93    -20.85     2.962     186557
2015  3 18 21 48  0    0    -0.36    -2.57    -2.58    -694.3     -1.72    -22.05     2.909     185328
2015  3 18 21 49  0    0    -0.10    -1.82    -2.77    -690.7      2.29    -20.71     2.512     176106
2015  3 18 21 50  0    0    -0.04    -1.92    -2.17    -691.0      6.61    -17.85     2.461     171716
2015  3 18 21 51  0    0    -0.42    -1.19    -2.01    -699.1      6.89    -15.70     2.481     167604
2015  3 18 21 52  0    0    -0.59    -0.54    -2.07    -700.8      3.28    -16.36     2.515     168409
2015  3 18 21 53  0    0    -0.70    -0.47    -2.15    -700.2      4.61    -18.05     2.652     186258
2015  3 18 21 54  0    0    -0.74    -0.60    -2.15    -697.5      7.31    -21.25     2.830     216378
2015  3 18 21 55  0    0    -0.62    -0.76    -1.90    -693.4      7.88    -20.30     2.838     216378
2015  3 18 21 56  0    0    -0.36    -0.98    -1.90    -690.4     16.61     -9.14     2.846     216378
2015  3 18 21 57  0    0    -0.06    -1.39    -1.86    -692.4     15.48     -8.39     2.862     218192
2015  3 18 21 58  0    0    -0.02    -1.40    -1.89    -691.7     11.26    -13.93     2.879     218042
2015  3 18 21 59  0    0     0.73    -1.60    -2.05    -683.2     15.67    -10.72     2.960     209033
2015  3 18 22  0  0    0     1.16    -1.38    -2.10    -677.5     14.90    -11.72     3.018     203777
2015  3 18 22  1  0    0     1.17    -0.76    -2.15    -675.1      8.80    -17.60     3.039     205017
2015  3 18 22  2  0    0     1.26    -0.51    -2.45    -671.0      6.08    -21.32     3.051     208029
2015  3 18 22  3  0    0     1.68    -0.25    -2.77    -665.9      2.43    -23.31     3.051     208029
2015  3 18 22  4  0    0     2.38     0.50    -3.46    -660.7     14.11    -21.72     3.051     208029
2015  3 18 22  5  0    0     2.73     1.16    -3.82    -658.4     25.46    -20.89     3.048     208029
2015  3 18 22  6  0    0     2.76     1.80    -3.60    -658.7     31.68    -21.06     2.909     201486
2015  3 18 22  7  0    0     2.88     2.19    -3.28    -657.2     32.99    -17.62     2.768     196094
2015  3 18 22  8  0    0     2.98     1.95    -3.03    -655.4     28.98    -13.92     2.744     193501
2015  3 18 22  9  0    0     3.00     1.24    -3.04    -655.4     23.70    -14.30     2.756     188560
2015  3 18 22 10  0    0     3.03     0.39    -3.49    -655.7     19.53    -16.87     2.740     185145
2015  3 18 22 11  0    0     3.12    -0.28    -3.79    -653.1     14.24    -19.72     2.702     180881
2015  3 18 22 12  0    0     3.34    -0.18    -3.86    -647.5     15.12    -19.56     2.669     177042
2015  3 18 22 13  0    0     3.95     0.08    -3.10    -646.9     16.34    -19.16     2.688     177042
2015  3 18 22 14  0    0     3.80     0.31    -3.03    -646.1     16.47    -17.86     2.772     179137
2015  3 18 22 15  0    0     3.82     0.56    -2.91    -648.4     15.69    -16.70     2.777     179881
2015  3 18 22 16  0    0     3.59     0.22    -2.92    -650.3      8.43    -15.74     2.788     179881
2015  3 18 22 17  0    0     3.46    -1.11    -2.94    -652.1    -10.69    -17.15     2.781     179932
2015  3 18 22 18  0    0     3.26    -1.02    -2.89    -652.3     -8.56    -16.84     2.761     180095
2015  3 18 22 19  0    0     2.91    -0.29    -2.78    -654.0      6.32    -16.07     2.749     181562
2015  3 18 22 20  0    0     2.52    -0.16    -2.73    -660.8     12.16    -12.37     2.738     184595
2015  3 18 22 21  0    0     2.15    -0.33    -2.32    -663.3     12.76    -10.05     2.733     185650
2015  3 18 22 22  0    0     1.98     0.15    -1.92    -664.5     14.21     -7.30     2.725     184418
2015  3 18 22 23  0    0     2.26     0.71    -1.79    -666.1     17.30     -1.59     2.579     186545
2015  3 18 22 24  0    0     3.08     0.28    -1.56    -669.2     15.79      2.48     2.603     187536
2015  3 18 22 25  0    0     3.68    -0.25    -1.49    -660.5      6.00      2.57     2.602     190009
2015  3 18 22 26  0    0     4.12    -0.58    -1.41    -653.3      1.64      4.01     2.548     193082
2015  3 18 22 27  0    0     4.25    -0.59    -1.29    -649.4      6.62      7.50     2.430     196781
2015  3 18 22 28  0    0     4.01    -0.67    -1.01    -650.9      9.93      9.08     2.528     196534
2015  3 18 22 29  0    0     4.02    -0.82    -0.58    -651.5      5.95     11.64     2.559     195457
2015  3 18 22 30  0    0     3.97    -1.49    -0.34    -652.1      0.40     12.17     2.718     196348
2015  3 18 22 31  0    0     3.72    -1.97     0.33    -651.9      1.59     14.58     2.830     203262
2015  3 18 22 32  0    0     3.46    -2.30     0.34    -651.4      3.09     16.68     2.833     216926
2015  3 18 22 33  0    0     2.86    -2.43    -0.38    -652.7      0.69      8.63     2.803     216169
2015  3 18 22 34  0    0     2.75    -2.27    -1.45    -659.5     -3.36    -12.06     2.727     206302
2015  3 18 22 35  0    0     2.70    -1.19    -2.90    -663.8      5.50    -17.21     2.717     191120
2015  3 18 22 36  0    0     2.56    -0.92    -2.96    -663.3     13.19    -14.34     2.721     187617
2015  3 18 22 37  0    0     2.07    -0.88    -2.60    -662.7     15.95    -11.76     2.718     187342
2015  3 18 22 38  0    0     1.81    -0.81    -2.08    -662.9     15.76    -10.99     2.711     187605
2015  3 18 22 39  0    0     1.81    -0.63    -1.92    -663.7     15.04    -10.72     2.704     188441
2015  3 18 22 40  0    0     1.86    -0.40    -1.82    -665.3     18.90     -6.04     2.696     189439
2015  3 18 22 41  0    0     1.87    -0.46    -1.86    -665.3     19.33     -4.43     2.685     190306
2015  3 18 22 42  0    0     1.90    -0.55    -1.80    -662.4     14.74     -4.58     2.663     190485
2015  3 18 22 43  0    0     2.30    -1.03    -1.70    -660.4     11.84     -5.31     2.651     190506
2015  3 18 22 44  0    0     2.52    -1.30    -1.91    -660.4     11.96     -7.80     2.653     189666
2015  3 18 22 45  0    0     1.88     0.50    -3.88    -663.2     15.64    -17.65     2.650     187701
2015  3 18 22 46  0    0     1.40     1.10    -4.60    -667.7     23.04    -21.44     2.650     186991
2015  3 18 22 47  0    0     1.54     0.93    -4.54    -668.7     25.23    -21.45     2.637     184916
2015  3 18 22 48  0    0     1.54     1.09    -4.61    -667.8     23.03    -21.31     2.658     183902
2015  3 18 22 49  0    0     1.19     2.02    -4.42    -668.6     22.72    -23.11     2.753     184916
2015  3 18 22 50  0    0     1.12     2.04    -4.39    -668.4     22.81    -22.65     2.782     183645
2015  3 18 22 51  0    0     0.99     2.06    -4.33    -669.7     23.76    -22.17     2.800     183618
2015  3 18 22 52  0    0     1.15     2.47    -4.00    -668.5     28.98    -19.71     2.788     183079
2015  3 18 22 53  0    0     1.38     2.59    -3.75    -666.6     34.24    -15.77     2.746     183079
2015  3 18 22 54  0    0     1.42     2.28    -3.76    -666.8     33.75    -15.53     2.715     184104
2015  3 18 22 55  0    0     1.04     0.50    -4.33    -669.5     25.95    -19.75     2.742     184260
2015  3 18 22 56  0    0     0.61     0.57    -4.57    -673.3     17.27    -23.40     2.798     186398
2015  3 18 22 57  0    0     0.52     1.63    -4.50    -673.5      7.33    -25.56     2.796     189566
2015  3 18 22 58  0    0     0.23     2.17    -4.27    -677.2      9.03    -23.21     2.784     193418
2015  3 18 22 59  0    0    -0.28     1.98    -4.21    -681.3     13.59    -20.11     2.742     196800
2015  3 18 23  0  0    0    -0.26     1.41    -4.28    -677.3     14.11    -19.34     2.714     197109
2015  3 18 23  1  0    0     0.02     0.64    -4.33    -671.4     13.07    -18.78     2.719     197602
2015  3 18 23  2  0    0     1.14    -0.04    -4.19    -667.2      8.54    -18.05     2.712     197602
2015  3 18 23  3  0    0     1.39    -0.07    -3.97    -665.7      7.64    -17.18     2.705     200502
2015  3 18 23  4  0    0     1.39     0.40    -3.94    -664.9     10.70    -17.31     2.716     202706
2015  3 18 23  5  0    0     1.36     1.15    -3.89    -667.3     14.47    -17.37     2.716     203048
2015  3 18 23  6  0    0     1.42     1.51    -3.70    -667.4     16.30    -16.89     2.715     203048
2015  3 18 23  7  0    0     1.51     1.43    -3.64    -665.8     19.47    -15.17     2.746     202642
2015  3 18 23  8  0    0     1.63     1.42    -3.55    -665.1     21.21    -13.75     2.860     199040
2015  3 18 23  9  0    0     1.77     0.34    -3.37    -663.5     22.47    -12.47     2.885     194663
2015  3 18 23 10  0    0     2.01     0.01    -3.18    -663.2     31.56     -9.31     2.878     193267
2015  3 18 23 11  0    0     2.30     0.63    -3.35    -661.0     34.67     -6.95     2.873     193171
2015  3 18 23 12  0    0     2.63     1.18    -3.22    -658.0     34.66     -5.14     2.869     193924
2015  3 18 23 13  0    0     2.74     1.73    -3.02    -656.5     33.55     -4.17     2.847     194614
2015  3 18 23 14  0    0     2.55     2.15    -3.31    -656.3     28.50     -7.64     2.821     194161
2015  3 18 23 15  0    0     2.40     1.98    -3.68    -658.2     22.01    -12.87     2.796     193574
2015  3 18 23 16  0    0     2.32     1.69    -3.70    -660.6     15.27    -16.11     2.796     193488
2015  3 18 23 17  0    0     2.10     1.48    -3.75    -660.7      9.50    -17.82     2.796     193221
2015  3 18 23 18  0    0     1.91     1.15    -3.75    -660.6      7.69    -17.89     2.786     193318
2015  3 18 23 19  0    0     1.74     1.08    -3.70    -660.8      7.89    -17.78     2.777     194466
2015  3 18 23 20  0    0     1.80     1.82    -3.44    -660.8      8.74    -17.60     2.769     196009
2015  3 18 23 21  0    0     2.19     2.06    -3.20    -660.2     12.46    -12.85     2.797     198630
2015  3 18 23 22  0    0     2.79     1.52    -3.04    -657.9     16.62     -9.69     2.812     202304
2015  3 18 23 23  0    0     3.13     1.09    -2.92    -656.4     19.58     -8.38     2.794     204622
2015  3 18 23 24  0    0     2.57     1.18    -2.80    -658.2     20.82     -5.31     2.792     203819
2015  3 18 23 25  0    0     1.76     1.16    -3.17    -670.3     12.71    -11.01     2.809     203476
2015  3 18 23 26  0    0     1.41     0.86    -3.26    -669.0      8.86    -11.93     2.803     207900
2015  3 18 23 27  0    0     1.42     0.23    -3.58    -669.2      5.42    -14.19     2.836     208637
2015  3 18 23 28  0    0     1.42    -0.24    -3.61    -671.0      3.27    -16.51     2.839     208147
2015  3 18 23 29  0    0     1.41    -0.61    -3.75    -668.2      3.08    -18.35     2.855     210376
2015  3 18 23 30  0    0     1.42    -1.03    -3.68    -669.4      1.91    -18.05     2.856     214110
2015  3 18 23 31  0    0     1.40    -1.41    -3.55    -667.9      1.84    -15.31     2.898     214110
2015  3 18 23 32  0    0     1.16    -1.38    -3.42    -671.5      2.05    -13.82     2.860     209596
2015  3 18 23 33  0    0     0.66    -0.86    -3.58    -675.9      7.13    -13.95     2.822     211988
2015  3 18 23 34  0    0     0.55    -0.32    -3.26    -676.6     12.31    -13.71     2.832     219445
2015  3 18 23 35  0    0     0.73    -0.44    -2.82    -677.1     15.79    -13.18     2.820     225849
2015  3 18 23 36  0    0     1.19    -0.80    -2.86    -674.4     12.44    -12.76     2.791     228874
2015  3 18 23 37  0    0     1.16    -0.83    -3.10    -667.0      2.71    -13.35     2.781     228874
2015  3 18 23 38  0    0     1.16    -1.17    -3.53    -666.1      0.79    -15.49     2.752     213824
2015  3 18 23 39  0    0     1.20    -0.97    -3.47    -665.6      0.92    -15.39     2.749     211836
2015  3 18 23 40  0    0     1.40     0.83    -3.04    -664.5      8.77    -15.34     2.818     212486
2015  3 18 23 41  0    0     1.38     1.13    -2.65    -666.3     10.38    -14.51     2.848     221099
2015  3 18 23 42  0    0    -0.68    -0.74    -2.97    -684.1      5.88    -15.46     2.885     226392
2015  3 18 23 43  0    0    -1.03    -0.70    -2.57    -682.9      5.57    -15.62     2.886     226156
2015  3 18 23 44  0    0    -0.71    -0.64    -2.42    -678.6      6.10    -16.05     2.900     223085
2015  3 18 23 45  0    0     0.09    -0.41    -2.59    -673.1      8.83    -16.33     2.917     218562
2015  3 18 23 46  0    0     1.20     0.46    -3.04    -666.9     15.63    -15.75     2.879     215411
2015  3 18 23 47  0    0     1.51     0.59    -3.62    -666.3     16.23    -15.76     2.802     210679
2015  3 18 23 48  0    0     1.14    -0.02    -3.73    -666.6     10.03    -17.55     2.801     206497
2015  3 18 23 49  0    0     1.18    -0.68    -3.66    -669.0      6.32    -20.09     2.834     202071
2015  3 18 23 50  0    0     1.24    -1.11    -3.36    -670.6      1.95    -18.96     2.789     202222
2015  3 18 23 51  0    0     2.05    -1.39    -2.88    -669.7      1.63    -15.69     2.735     204904
2015  3 18 23 52  0    0     2.11    -1.74    -2.59    -665.4      1.89    -13.43     2.742     229835
2015  3 18 23 53  0    0     2.41    -1.92    -2.53    -662.6      2.68    -13.10     2.762     234406
2015  3 18 23 54  0    0     2.25    -1.24    -2.65    -664.1      5.33    -16.45     2.857     232591
2015  3 18 23 55  0    0     1.88    -0.71    -3.19    -669.5      6.51    -17.77     2.897     224025
2015  3 18 23 56  0    0     1.82    -0.80    -3.22    -667.2      4.28    -16.06     2.821     219164
2015  3 18 23 57  0    0     1.91    -0.89    -3.21    -665.1      2.22    -13.47     2.844     218458
2015  3 18 23 58  0    0     1.95    -1.33    -2.89    -662.9     -0.21    -10.27     2.830     218382
2015  3 18 23 59  0    0     2.03    -1.79    -2.26    -661.4     -2.56     -7.54     2.831     220045
2015  3 19  0  0  0    0     2.08    -2.24    -1.83    -663.2     -3.38     -6.58     2.756     225240
2015  3 19  0  1  0    0     2.08    -3.14    -1.41    -663.9     -3.03     -5.64     2.726     234556
2015  3 19  0  2  0    0     2.18    -3.20    -1.33    -664.0     -1.07     -5.81     2.735     236729
2015  3 19  0  3  0    0     2.17    -2.86    -1.54    -664.0      5.31    -10.31     2.750     226280
2015  3 19  0  4  0    0     1.92    -2.07    -2.89    -664.3      6.34    -14.42     2.763     214657
2015  3 19  0  5  0    0     1.77    -1.61    -3.39    -664.2      5.74    -14.32     2.788     206486
2015  3 19  0  6  0    0     2.01    -1.56    -3.09    -663.0      5.43     -9.30     2.819     204986
2015  3 19  0  7  0    0     2.93    -1.77    -1.28    -662.7      5.07     -2.84     2.861     205703
2015  3 19  0  8  0    0     3.22    -2.07    -0.17    -660.5      4.34      3.74     2.967     210848
2015  3 19  0  9  0    0     2.88    -2.19    -0.10    -659.2      4.15      6.65     3.022     215228
2015  3 19  0 10  0    0     2.59    -1.95    -0.32    -659.9      4.25      6.77     3.094     216979
2015  3 19  0 11  0    0     2.55    -1.91    -0.41    -660.1      8.51      8.04     3.109     218094
2015  3 19  0 12  0    0     2.53    -1.71    -0.47    -659.2     11.83      9.51     3.090     220166
2015  3 19  0 13  0    0     2.48    -1.41    -0.43    -658.5     12.26     10.10     3.066     225720
2015  3 19  0 14  0    0     2.44    -1.23    -0.28    -659.4     11.33      8.52     3.035     229404
2015  3 19  0 15  0    0     2.45    -1.09    -0.30    -659.9      9.90      7.01     3.027     226225
2015  3 19  0 16  0    0     2.55    -1.00    -0.47    -659.7      9.38      6.34     3.043     219555
2015  3 19  0 17  0    0     2.38    -0.63    -0.60    -660.2      9.91      4.20     3.132     214730
2015  3 19  0 18  0    0     2.43    -0.43    -0.74    -660.1      9.95      1.79     3.184     211931
2015  3 19  0 19  0    0     2.65    -0.85    -1.14    -659.0      9.51      0.08     3.130     210328
2015  3 19  0 20  0    0     2.81    -1.27    -1.48    -657.6      7.44     -1.09     3.090     207891
2015  3 19  0 21  0    0     2.90    -1.42    -1.64    -656.9      5.14     -1.14     3.103     205256
2015  3 19  0 22  0    0     2.94    -1.53    -1.71    -656.8      3.99     -0.66     3.106     204310
2015  3 19  0 23  0    0     2.98    -1.60    -1.62    -656.0      3.35     -0.90     3.069     204001
2015  3 19  0 24  0    0     3.07    -1.67    -1.61    -655.2      3.92     -1.68     3.034     207956
2015  3 19  0 25  0    0     3.20    -1.75    -1.62    -655.0      5.03     -2.77     3.082     216881
2015  3 19  0 26  0    0     3.04    -2.40    -0.90    -655.2      6.22     -3.52     3.167     224224
2015  3 19  0 27  0    0     2.70    -3.52    -0.36    -656.1      5.52     -4.05     3.145     229081
2015  3 19  0 28  0    0     2.70    -3.04    -0.80    -660.9      5.66     -1.69     3.068     227309
2015  3 19  0 29  0    0     2.72    -2.21    -1.24    -663.6     10.97     -2.60     3.031     224243
2015  3 19  0 30  0    0     2.19    -2.90    -0.29    -666.1     11.55     -7.78     2.881     222071
2015  3 19  0 31  0    0     1.17    -3.57    -0.11    -674.6     -6.52    -21.72     2.818     222593
2015  3 19  0 32  0    0     1.45    -3.35     0.13    -672.0     -2.61    -17.62     2.787     224575
2015  3 19  0 33  0    0     2.52    -2.53     0.67    -662.4     12.06     -2.24     2.767     224575
2015  3 19  0 34  0    0     3.05    -2.12     1.39    -657.6     19.46      5.45     2.739     222732
2015  3 19  0 35  0    0     2.77    -2.12     1.84    -663.5     19.43      3.68     2.695     218055
2015  3 19  0 36  0    0     2.76    -2.15     1.06    -662.6     13.28      8.49     2.828     215024
2015  3 19  0 37  0    0     2.77    -1.61    -0.56    -661.5      8.42      3.46     2.859     212592
2015  3 19  0 38  0    0     2.77    -1.33    -1.24    -660.4      6.53      0.25     2.853     207588
2015  3 19  0 39  0    0     2.99    -1.53    -1.28    -658.2      5.68     -0.71     2.861     205099
2015  3 19  0 40  0    0     3.16    -1.71    -1.41    -655.7      4.81     -3.16     2.864     205712
2015  3 19  0 41  0    0     3.07    -1.64    -1.74    -654.0      4.01     -5.64     2.861     208821
2015  3 19  0 42  0    0     2.91    -1.43    -1.99    -654.3      4.31     -5.43     2.882     213629
2015  3 19  0 43  0    0     2.88    -1.27    -1.78    -654.7      6.17     -2.75     2.910     214709
2015  3 19  0 44  0    0     2.99    -1.34    -1.22    -654.5      7.87     -0.18     2.897     217424
2015  3 19  0 45  0    0     3.21    -1.47    -0.89    -654.0      8.22     -0.47     2.875     221487
2015  3 19  0 46  0    0     3.10    -1.13    -1.14    -655.5     10.03     -2.73     2.878     224289
2015  3 19  0 47  0    0     2.76    -0.23    -1.73    -660.4     14.52     -4.80     3.010     232258
2015  3 19  0 48  0    0     2.42    -0.47    -1.49    -664.4     13.77     -6.80     3.133     235404
2015  3 19  0 49  0    0     2.21    -1.38    -1.21    -662.5     11.07     -7.44     3.131     232064
2015  3 19  0 50  0    0     2.18    -1.94    -1.18    -661.6      7.57     -6.87     3.123     229422
2015  3 19  0 51  0    0     2.20    -2.32    -0.91    -661.7      5.61     -4.97     3.124     227340
2015  3 19  0 52  0    0     2.14    -2.38    -0.73    -661.3      4.69     -4.03     3.126     225297
2015  3 19  0 53  0    0     2.03    -2.18    -1.34    -661.4      3.61     -5.89     3.120     223228
2015  3 19  0 54  0    0     1.61    -1.71    -2.02    -661.9      3.23     -7.40     3.084     222563
2015  3 19  0 55  0    0     0.98    -1.29    -2.20    -664.7      3.73     -8.35     3.032     221467
2015  3 19  0 56  0    0     0.96    -1.32    -2.12    -665.3      3.25     -8.50     3.003     220770
2015  3 19  0 57  0    0     1.62    -2.09    -1.78    -662.3      0.98     -6.22     2.825     212926
2015  3 19  0 58  0    0     1.97    -2.41    -1.53    -658.2      0.41     -4.68     2.757     208463
2015  3 19  0 59  0    0     2.28    -2.49    -1.32    -655.4      1.42     -3.77     2.744     207186
2015  3 19  1  0  0    0     2.64    -2.51    -1.11    -654.5      2.95     -3.57     2.730     207638
2015  3 19  1  1  0    0     2.69    -2.31    -0.83    -653.4      3.59     -3.53     2.738     210052
2015  3 19  1  2  0    0     2.78    -2.15    -0.46    -653.1      3.41     -1.87     2.723     216669
2015  3 19  1  3  0    0     2.86    -2.15    -0.47    -652.8      3.66     -0.59     2.705     223800
2015  3 19  1  4  0    0     2.87    -2.09    -0.62    -651.7      5.53      0.74     2.687     223134
2015  3 19  1  5  0    0     2.89    -2.11    -0.53    -649.6      5.68      1.25     2.662     220749
2015  3 19  1  6  0    0     2.94    -2.25    -0.03    -649.2      7.05      4.25     2.649     220473
2015  3 19  1  7  0    0     2.91    -2.45     0.21    -649.5      8.96      5.60     2.656     219944
2015  3 19  1  8  0    0     2.88    -2.55     0.12    -649.9      7.67      4.18     2.676     219725
2015  3 19  1  9  0    0     2.84    -2.58    -0.37    -650.5      4.12      0.30     2.712     220181
2015  3 19  1 10  0    0     2.78    -2.43    -0.58    -650.1      5.39      0.37     2.753     222956
2015  3 19  1 11  0    0     2.74    -2.18    -0.50    -649.0      6.96      0.94     2.782     225631
2015  3 19  1 12  0    0     2.55    -2.05    -0.13    -650.2      7.47      2.28     2.799     225163
2015  3 19  1 13  0    0     1.96    -2.12     0.13    -659.1     11.88      6.42     2.811     219497
2015  3 19  1 14  0    0     1.21    -1.55     0.42    -665.2     19.21      8.60     2.798     217096
2015  3 19  1 15  0    0     0.76    -0.88     0.47    -666.7     20.90      7.57     2.793     218801
2015  3 19  1 16  0    0     0.30    -0.83     0.42    -665.7     19.14      6.32     2.838     220674
2015  3 19  1 17  0    0     0.24    -1.01     0.35    -663.8     17.65      4.34     2.904     220958
2015  3 19  1 18  0    0    -0.19    -1.26     0.46    -663.3     15.10      2.71     2.944     221255
2015  3 19  1 19  0    0    -1.11    -1.42     0.67    -664.5     12.57      2.09     2.936     221343
2015  3 19  1 20  0    0    -1.58    -1.52     0.49    -665.3     10.13     -0.32     2.883     217697
2015  3 19  1 21  0    0    -1.36    -1.53     0.25    -664.7      8.69     -2.34     2.853     213378
2015  3 19  1 22  0    0    -0.94    -1.84    -0.01    -663.3      8.72     -2.46     2.864     212400
2015  3 19  1 23  0    0    -0.62    -2.25    -0.36    -662.2      7.57     -2.66     2.885     212163
2015  3 19  1 24  0    0     0.01    -2.60    -0.81    -661.8      6.86     -2.80     2.899     211376
2015  3 19  1 25  0    0     0.58    -2.57    -1.32    -657.6      6.90     -2.87     2.908     210528
2015  3 19  1 26  0    0     0.90    -2.01    -1.45    -653.8      7.41     -2.85     2.914     208967
2015  3 19  1 27  0    0     0.62    -0.76    -0.66    -654.8      8.45     -2.58     2.922     205669
2015  3 19  1 28  0    0     0.16    -0.26    -0.22    -656.0      9.55     -2.34     2.975     202612
2015  3 19  1 29  0    0     0.19    -0.68    -0.55    -656.9     10.83     -2.13     3.040     200800
2015  3 19  1 30  0    0     0.27    -0.97    -0.65    -657.0     11.84     -1.47     3.042     200379
2015  3 19  1 31  0    0     0.42    -0.93    -0.44    -656.6     14.33      0.26     3.018     199952
2015  3 19  1 32  0    0     0.53    -0.53    -0.31    -656.0     17.16      1.30     2.998     199433
2015  3 19  1 33  0    0     0.56     0.26    -0.48    -655.7     19.18      1.58     3.001     199433
2015  3 19  1 34  0    0     0.57     1.02    -0.55    -655.9     21.11      2.62     3.001     198327
2015  3 19  1 35  0    0     0.44     1.36    -0.53    -656.4     22.16      3.44     2.980     196278
2015  3 19  1 36  0    0     0.05     1.50    -0.20    -657.3     24.46      6.42     2.939     195527
2015  3 19  1 37  0    0    -0.26     1.56     0.15    -656.9     26.26      8.24     2.933     195390
2015  3 19  1 38  0    0     0.04     1.58    -0.03    -654.5     24.41      6.11     2.963     201367
2015  3 19  1 39  0    0     0.59     1.46    -0.42    -650.4     19.86      2.27     2.988     214427
2015  3 19  1 40  0    0     0.89     1.12    -0.68    -647.2     16.12      2.67     3.026     224383
2015  3 19  1 41  0    0     1.67     0.70    -0.73    -645.8     14.05     -0.18     3.052     224383
2015  3 19  1 42  0    0     2.31     0.37    -0.74    -644.6     13.69     -1.16     3.061     223743
2015  3 19  1 43  0    0     2.62     0.29    -0.87    -643.9     13.61     -1.61     3.074     223662
2015  3 19  1 44  0    0     2.98     0.17    -1.13    -644.5     13.11     -2.74     3.077     224844
2015  3 19  1 45  0    0     2.48    -0.29    -0.94    -646.3     11.32     -3.07     3.070     225771
2015  3 19  1 46  0    0     1.29    -0.79    -0.38    -649.3     10.31     -2.88     2.943     225427
2015  3 19  1 47  0    0     0.90    -0.82    -0.21    -649.4     10.13     -3.66     2.877     221842
2015  3 19  1 48  0    0     1.24    -0.72    -0.64    -647.6     10.98     -4.58     2.893     215528
2015  3 19  1 49  0    0     1.62    -0.68    -1.26    -646.7      8.39     -8.03     2.878     215528
2015  3 19  1 50  0    0     1.63    -0.75    -1.83    -647.4      6.54     -8.14     2.928     215528
2015  3 19  1 51  0    0     1.78    -0.51    -1.91    -648.6      6.04     -7.67     2.948     215526
2015  3 19  1 52  0    0     1.85    -0.03    -2.00    -650.2      7.18     -6.47     2.950     214665
2015  3 19  1 53  0    0     1.79     0.48    -2.25    -650.6      9.53     -7.07     2.956     209743
2015  3 19  1 54  0    0     1.62     0.44    -2.35    -649.5     10.35     -7.88     2.981     207904
2015  3 19  1 55  0    0     1.25     0.25    -2.38    -649.4      8.32     -9.56     2.992     206918
2015  3 19  1 56  0    0     0.18    -0.35    -2.32    -652.1      7.65     -9.04     3.003     201840
2015  3 19  1 57  0    0    -0.32    -0.42    -2.15    -652.4      7.99     -8.81     3.020     194039
2015  3 19  1 58  0    0    -0.61    -0.29    -2.21    -653.2      9.10     -8.69     3.020     194345
2015  3 19  1 59  0    0    -0.65    -0.26    -2.30    -654.3      9.34     -8.75     3.022     195863
2015  3 19  2  0  0    0    -1.20    -1.04    -1.76    -655.2      8.36     -9.54     3.137     197927
2015  3 19  2  1  0    0    -2.48    -2.14    -0.52    -667.8     -2.13    -10.71     3.292     199084
2015  3 19  2  2  0    0    -2.56    -2.17    -0.32    -668.7     -3.13    -10.41     3.255     203980
2015  3 19  2  3  0    0    -2.59    -2.24     0.04    -669.5     -0.88     -8.74     3.245     208132
2015  3 19  2  4  0    0    -2.64    -2.21     0.14    -669.1      1.66     -6.87     3.232     209727
2015  3 19  2  5  0    0    -2.60    -2.17    -0.15    -668.6      1.66     -6.87     3.209     210296
2015  3 19  2  6  0    0    -2.66    -2.21    -0.24    -667.8      2.49     -5.99     3.198     211849
2015  3 19  2  7  0    0    -2.57    -2.25    -0.23    -665.9      2.40     -5.63     3.186     213478
2015  3 19  2  8  0    0    -2.25    -2.32    -0.21    -665.0      2.44     -6.31     3.164     217351
2015  3 19  2  9  0    0    -1.98    -2.33    -0.35    -663.3      3.52     -8.23     3.157     219992
2015  3 19  2 10  0    0    -1.61    -2.17    -0.56    -661.2      4.79    -10.57     3.164     221839
2015  3 19  2 11  0    0    -1.34    -1.86    -0.62    -659.0      5.49    -12.12     3.177     223913
2015  3 19  2 12  0    0    -1.19    -1.65    -0.44    -657.2      8.74     -9.84     3.195     226819
2015  3 19  2 13  0    0    -1.07    -1.59    -0.01    -655.5     12.12     -4.41     3.212     228783
2015  3 19  2 14  0    0    -1.16    -1.57     0.42    -655.6     11.06     -0.07     3.162     228274
2015  3 19  2 15  0    0    -1.03    -1.57    -0.14    -659.3      6.50      0.07     2.964     221460
2015  3 19  2 16  0    0    -0.95    -1.64    -0.70    -659.1      1.03     -4.99     2.809     208938
2015  3 19  2 17  0    0    -1.26    -1.94    -0.78    -658.5     -3.02     -9.67     2.724     196067
2015  3 19  2 18  0    0    -2.09    -2.33    -0.76    -659.7     -7.24    -13.07     2.700     187480
2015  3 19  2 19  0    0    -2.57    -2.52    -0.85    -661.0     -9.52    -14.98     2.768     185484
2015  3 19  2 20  0    0    -2.63    -2.58    -0.81    -664.0     -7.63    -11.44     2.860     193652
2015  3 19  2 21  0    0    -3.28    -1.89     0.45    -670.6      6.57      7.32     2.887     195250
2015  3 19  2 22  0    0    -3.60    -1.62     0.84    -673.2      8.56      8.21     2.843     187536
2015  3 19  2 23  0    0    -3.74    -1.55     0.81    -673.4      8.08      5.89     2.839     181290
2015  3 19  2 24  0    0    -3.66    -1.73     0.47    -670.2      4.97     -0.94     2.844     178959
2015  3 19  2 25  0    0    -3.47    -2.00     0.09    -667.6      2.71     -3.83     2.853     178159
2015  3 19  2 26  0    0    -3.32    -2.14    -0.17    -666.7      1.33     -4.14     2.844     175232
2015  3 19  2 27  0    0    -3.22    -2.30    -0.22    -666.1     -0.47     -4.83     2.828     174979
2015  3 19  2 28  0    0    -2.97    -2.48    -0.16    -664.9     -1.02     -5.88     2.799     175965
2015  3 19  2 29  0    0    -2.53    -2.59    -0.20    -664.6     -1.81     -6.53     2.829     178609
2015  3 19  2 30  0    0    -2.18    -2.95    -0.30    -663.7     -2.36     -7.46     2.774     185529
2015  3 19  2 31  0    0    -2.10    -2.94    -0.40    -666.3     -1.89     -8.55     2.707     191478
2015  3 19  2 32  0    0    -3.05    -2.55    -0.20    -669.5     -0.36     -7.86     2.721     193809
2015  3 19  2 33  0    0    -3.75    -2.28    -0.04    -669.7     -0.95     -8.97     2.776     193618
2015  3 19  2 34  0    0    -3.83    -2.16    -0.19    -668.8     -1.81     -9.92     2.880     189761
2015  3 19  2 35  0    0    -3.42    -1.98    -0.34    -665.6     -0.72    -10.56     2.963     183156
2015  3 19  2 36  0    0    -2.74    -2.03    -0.46    -660.7     -0.54    -11.66     2.976     182055
2015  3 19  2 37  0    0    -2.06    -2.06    -0.57    -656.9     -0.47    -12.07     3.000     184234
2015  3 19  2 38  0    0    -1.67    -2.04    -0.64    -655.2     -0.94    -12.32     3.074     187271
2015  3 19  2 39  0    0    -1.69    -2.06    -0.71    -654.9     -1.95    -13.32     3.148     188073
2015  3 19  2 40  0    0    -1.82    -2.17    -0.89    -655.4     -3.79    -15.63     3.147     187781
2015  3 19  2 41  0    0    -2.00    -2.26    -1.06    -655.2     -6.39    -18.22     3.146     187129
2015  3 19  2 42  0    0    -2.07    -2.31    -1.17    -654.2     -7.39    -17.84     3.137     186802
2015  3 19  2 43  0    0    -2.02    -2.41    -1.17    -652.3     -8.22    -16.57     3.118     187173
2015  3 19  2 44  0    0    -1.94    -2.29    -1.15    -651.7     -6.18    -14.45     3.116     188374
2015  3 19  2 45  0    0    -1.81    -2.39    -1.12    -649.4     -7.15    -15.25     3.098     189102
2015  3 19  2 46  0    0    -1.52    -2.35    -1.07    -649.7     -6.89    -15.73     3.137     192163
2015  3 19  2 47  0    0    -1.56    -2.41    -1.03    -650.8     -6.59    -15.75     3.155     192005
2015  3 19  2 48  0    0    -2.51    -1.92    -1.08    -659.8     -2.08    -16.14     3.003     186557
2015  3 19  2 49  0    0    -3.33    -1.84    -1.22    -662.9     -1.40    -17.33     2.862     180740
2015  3 19  2 50  0    0    -3.41    -2.00    -1.25    -661.4     -4.09    -18.89     2.807     179827
2015  3 19  2 51  0    0    -3.10    -2.19    -1.02    -659.6     -5.49    -19.73     2.793     182202
2015  3 19  2 52  0    0    -2.74    -2.38    -0.73    -655.0     -3.18    -19.32     2.794     183890
2015  3 19  2 53  0    0    -2.46    -2.56    -0.51    -648.6      0.89    -18.39     2.797     184159
2015  3 19  2 54  0    0    -2.44    -2.78    -0.52    -648.6      0.08    -18.65     2.825     187494
2015  3 19  2 55  0    0    -2.82    -2.62    -0.86    -652.1     -4.48    -19.74     2.886     191279
2015  3 19  2 56  0    0    -2.83    -2.34    -1.07    -653.1     -9.10    -20.38     2.933     190863
2015  3 19  2 57  0    0    -2.69    -2.41    -1.09    -650.5     -9.73    -17.09     2.950     187872
2015  3 19  2 58  0    0    -2.20    -2.72    -0.67    -646.5    -11.13    -12.66     2.943     178175
2015  3 19  2 59  0    0    -1.19    -3.43     0.13    -643.0    -14.63     -9.38     2.925     177852
2015  3 19  3  0  0    0    -0.96    -3.81     0.11    -643.0    -15.48     -8.85     2.906     181133
2015  3 19  3  1  0    0    -1.00    -3.67    -0.18    -645.6    -10.84     -8.15     2.914     188872
2015  3 19  3  2  0    0    -1.37    -3.52    -0.31    -647.5    -10.13    -11.37     2.951     190066
2015  3 19  3  3  0    0    -1.74    -3.29    -0.58    -649.9    -10.09    -11.55     2.938     190051
2015  3 19  3  4  0    0    -2.15    -3.02    -0.61    -651.0     -9.33    -12.13     2.922     189820
2015  3 19  3  5  0    0    -2.20    -2.83    -0.78    -649.2    -12.01    -14.69     2.923     188791
2015  3 19  3  6  0    0    -1.35    -3.35    -1.60    -647.7    -15.72    -16.88     2.923     184882
2015  3 19  3  7  0    0    -1.20    -3.35    -2.13    -644.2    -18.27    -20.32     2.897     177628
2015  3 19  3  8  0    0    -1.01    -3.06    -2.53    -643.2    -18.97    -20.26     2.832     176419
2015  3 19  3  9  0    0    -0.89    -2.96    -2.52    -639.9    -17.72    -19.78     2.789     176647
2015  3 19  3 10  0    0    -0.50    -2.84    -2.27    -634.5    -15.89    -19.17     2.774     180095
2015  3 19  3 11  0    0     0.17    -2.64    -1.94    -628.2    -13.88    -18.39     2.773     185376
2015  3 19  3 12  0    0     1.46    -2.16    -1.94    -622.1    -11.37    -17.22     2.767     185376
2015  3 19  3 13  0    0     2.32    -1.58    -2.22    -619.1     -9.50    -16.20     2.732     184561
2015  3 19  3 14  0    0     2.32    -1.39    -2.29    -620.9     -4.85    -13.12     2.710     181283
2015  3 19  3 15  0    0     2.32    -2.02    -0.71    -622.3      0.56     -8.93     2.713     180077
2015  3 19  3 16  0    0     2.37    -2.18     0.02    -620.5      4.14     -8.24     2.713     185382
2015  3 19  3 17  0    0     2.82    -1.98     0.15    -616.0      4.02     -8.38     2.712     188035
2015  3 19  3 18  0    0     3.52    -1.65     0.11    -610.9      2.36     -8.19     2.702     186405
2015  3 19  3 19  0    0     4.04    -1.30    -0.13    -608.7      3.03     -7.11     2.660     177873
2015  3 19  3 20  0    0     4.01    -1.32    -0.13    -608.7      4.02     -6.78     2.660     176121
2015  3 19  3 21  0    0     3.47    -1.67    -0.03    -609.9      3.82     -7.43     2.667     174290
2015  3 19  3 22  0    0     3.44    -1.80     0.25    -610.9      3.18     -8.51     2.676     172445
2015  3 19  3 23  0    0     3.25    -2.10     0.62    -611.8      6.55     -7.19     2.684     171003
2015  3 19  3 24  0    0     3.19    -2.37     0.84    -613.1      7.47     -6.48     2.704     171536
2015  3 19  3 25  0    0     3.17    -2.29     0.63    -612.0      7.35     -5.81     2.749     173605
2015  3 19  3 26  0    0     3.04    -2.27     0.33    -610.8      7.28     -5.69     2.750     176308
2015  3 19  3 27  0    0     2.76    -2.12     0.31    -610.0      6.67     -5.36     2.758     177525
2015  3 19  3 28  0    0     2.30    -2.53     0.02    -614.9      0.15     -8.12     2.765     178027
2015  3 19  3 29  0    0     1.89    -2.54    -0.57    -616.5     -8.42    -11.71     2.779     178027
2015  3 19  3 30  0    0     1.82    -2.61    -0.97    -616.8    -10.47    -14.62     2.806     177656
2015  3 19  3 31  0    0     1.57    -2.49    -0.99    -621.2     -8.47    -15.41     2.836     177258
2015  3 19  3 32  0    0     1.50    -2.41    -0.92    -623.1     -7.42    -15.80     2.785     177213
2015  3 19  3 33  0    0     1.54    -2.65    -0.90    -621.6     -9.43    -15.98     2.801     177203
2015  3 19  3 34  0    0     1.70    -2.84    -1.02    -618.8    -11.04    -16.11     2.846     177750
2015  3 19  3 35  0    0     1.93    -2.89    -1.11    -617.3    -11.37    -15.82     2.875     181702
2015  3 19  3 36  0    0     2.41    -2.36    -1.06    -616.3     -7.89    -15.07     2.855     193214
2015  3 19  3 37  0    0     2.99    -1.61    -1.14    -614.4     -2.37    -14.26     2.823     205149
2015  3 19  3 38  0    0     3.36    -1.12    -1.36    -612.6      1.84    -13.50     2.813     210107
2015  3 19  3 39  0    0     3.62    -0.13    -1.42    -611.1      6.04    -13.16     2.798     212000
2015  3 19  3 40  0    0     3.61     0.70    -1.71    -609.8      9.57    -13.54     2.807     211569
2015  3 19  3 41  0    0     3.63     0.67    -2.06    -608.7     10.65    -14.75     2.971     207548
2015  3 19  3 42  0    0     3.43     0.26    -2.40    -608.2      8.03    -17.16     3.094     197534
2015  3 19  3 43  0    0     3.24    -0.45    -2.43    -608.3      8.11    -19.74     3.110     196616
2015  3 19  3 44  0    0     2.48    -0.67    -2.44    -612.6      5.05    -23.53     2.996     190577
2015  3 19  3 45  0    0     2.51    -1.15    -2.60    -612.9     -3.32    -25.35     2.897     173266
2015  3 19  3 46  0    0     2.53    -1.14    -2.84    -612.7     -4.52    -28.06     2.918     173311
2015  3 19  3 47  0    0     2.35    -1.03    -3.25    -615.6     -8.05    -27.34     3.035     174081
2015  3 19  3 48  0    0     2.15    -1.17    -3.08    -617.2     -7.44    -25.49     3.114     179645
2015  3 19  3 49  0    0     1.71    -1.66    -2.77    -616.7     -4.81    -25.43     3.077     185629
2015  3 19  3 50  0    0     1.57    -1.85    -2.61    -615.0     -2.04    -26.93     3.020     187089
2015  3 19  3 51  0    0     1.75    -1.73    -2.64    -612.5     -0.40    -28.08     2.971     182771
2015  3 19  3 52  0    0     1.65    -2.08    -2.75    -615.2     -7.54    -28.76     2.932     168356
2015  3 19  3 53  0    0     0.91    -3.29    -2.52    -618.9    -16.33    -33.97     2.896     163136
2015  3 19  3 54  0    0     0.68    -3.59    -1.97    -624.7    -22.28    -36.62     2.933     161023
2015  3 19  3 55  0    0     1.18    -3.54    -2.01    -624.3    -24.61    -20.28     2.944     163917
2015  3 19  3 56  0    0     0.75    -3.52    -2.54    -627.6    -18.47    -26.59     2.995     163987
2015  3 19  3 57  0    0    -0.28    -3.48    -3.01    -628.1    -16.41    -29.90     2.984     153298
2015  3 19  3 58  0    0    -0.49    -3.26    -3.34    -630.8    -15.74    -31.53     2.998     142913
2015  3 19  3 59  0    0    -0.76    -3.13    -3.50    -627.3    -14.67    -31.73     3.003     142875
2015  3 19  4  0  0    0    -0.86    -3.05    -3.59    -630.5    -15.75    -33.22     3.252     140945
2015  3 19  4  1  0    0    -1.12    -2.96    -3.79    -632.0    -16.29    -33.59     3.188     139767
2015  3 19  4  2  0    0    -1.01    -2.97    -3.70    -630.6    -15.84    -32.80     3.105     136706
2015  3 19  4  3  0    0    -1.03    -2.91    -3.57    -630.0    -13.40    -33.19     3.099     138021
2015  3 19  4  4  0    0    -1.19    -3.09    -3.57    -630.4    -15.08    -33.94     3.132     146715
2015  3 19  4  5  0    0    -0.94    -2.96    -3.74    -628.1    -14.70    -34.07     3.132     155125
2015  3 19  4  6  0    0    -0.31    -2.82    -3.80    -625.1    -11.84    -33.12     3.139     163703
2015  3 19  4  7  0    0     0.30    -2.25    -3.74    -622.6     -0.21    -26.28     3.161     167135
2015  3 19  4  8  0    0     0.51    -1.22    -3.13    -619.6      4.67    -23.98     3.170     167850
2015  3 19  4  9  0    0     1.25    -0.47    -2.64    -615.9      6.18    -23.78     3.118     167850
2015  3 19  4 10  0    0     2.23    -0.20    -2.42    -610.6      6.90    -23.27     3.039     168978
2015  3 19  4 11  0    0     2.42    -0.22    -2.25    -602.6      7.25    -21.06     3.010     173210
2015  3 19  4 12  0    0     2.52    -0.23    -2.17    -596.9      7.05    -19.72     2.970     175397
2015  3 19  4 13  0    0     2.63    -0.33    -2.11    -594.4      6.41    -17.37     2.936     175397
2015  3 19  4 14  0    0     3.02    -0.65    -1.82    -593.8      5.36    -11.88     2.944     173880
2015  3 19  4 15  0    0     3.34    -0.69    -1.47    -595.0      1.70    -14.18     2.916     168573
2015  3 19  4 16  0    0     3.42    -0.84    -1.62    -594.7     -0.11    -13.85     2.876     169282
2015  3 19  4 17  0    0     3.34    -1.26    -1.55    -595.7     -1.31    -12.84     2.824     171230
2015  3 19  4 18  0    0     3.08    -1.32    -1.36    -599.0     -4.31    -13.52     2.802     170343
2015  3 19  4 19  0    0     2.73    -1.40    -1.55    -603.1     -7.71    -16.54     2.861     168270
2015  3 19  4 20  0    0     2.51    -1.50    -1.66    -604.5     -8.75    -17.65     2.949     167469
2015  3 19  4 21  0    0     2.46    -1.33    -1.76    -605.4     -6.04    -17.60     2.969     167383
2015  3 19  4 22  0    0     1.96    -1.60    -1.74    -607.9    -10.76    -17.20     2.969     167383
2015  3 19  4 23  0    0     1.43    -2.55    -1.58    -615.5    -23.42    -16.34     2.982     162390
2015  3 19  4 24  0    0     1.30    -3.08    -1.33    -611.0    -23.52    -15.20     2.935     159552
2015  3 19  4 25  0    0     1.48    -3.52    -1.59    -608.0    -21.79    -17.21     2.815     159560
2015  3 19  4 26  0    0     1.71    -3.60    -1.57    -607.4    -21.59    -17.65     2.692     160007
2015  3 19  4 27  0    0     1.40    -3.72    -1.38    -608.8    -21.35    -16.08     2.561     159413
2015  3 19  4 28  0    0     1.12    -3.59    -1.38    -612.4    -22.17    -17.50     2.620     149770
2015  3 19  4 29  0    0     1.33    -3.36    -1.40    -614.1    -24.63    -22.51     2.664     149377
2015  3 19  4 30  0    0     1.40    -3.15    -1.43    -613.5    -28.54    -25.67     2.689     149189
2015  3 19  4 31  0    0     1.50    -2.90    -1.39    -613.5    -26.16    -25.78     2.759     149196
2015  3 19  4 32  0    0     1.64    -2.26    -0.92    -613.6    -20.36    -22.56     2.818     151044
2015  3 19  4 33  0    0     2.23    -1.01     0.02    -611.3    -11.04    -13.92     2.932     154992
2015  3 19  4 34  0    0     2.61    -0.37     0.28    -603.7     -4.11     -8.52     3.001     154992
2015  3 19  4 35  0    0     2.69    -0.03     0.11    -601.0      6.44     -4.70     3.046     150396
2015  3 19  4 36  0    0     2.59    -0.02    -0.05    -601.1     11.13     -3.45     3.082     147663
2015  3 19  4 37  0    0     2.81    -0.23    -0.08    -597.8      9.86     -1.71     3.090     153102
2015  3 19  4 38  0    0     3.16    -0.42    -0.11    -593.1      8.69      0.52     3.083     159973
2015  3 19  4 39  0    0     3.37    -0.25    -0.04    -591.5     10.76      1.34     3.091     159758
2015  3 19  4 40  0    0     3.72     0.31     0.43    -591.8     12.60      1.59     3.113     157435
2015  3 19  4 41  0    0     3.71     0.34     0.73    -592.8     12.64      0.97     3.100     157654
2015  3 19  4 42  0    0     3.81     0.29     0.64    -592.7     12.71      0.48     3.040     159038
2015  3 19  4 43  0    0     3.88     0.28     0.73    -592.6     12.87     -0.19     3.031     160906
2015  3 19  4 44  0    0     4.18     0.35     0.73    -592.1     13.16     -1.33     3.020     163266
2015  3 19  4 45  0    0     4.23     0.56     0.70    -592.8     13.99     -2.23     3.097     164884
2015  3 19  4 46  0    0     4.09     0.69     0.47    -593.7     16.13     -0.40     3.106     171496
2015  3 19  4 47  0    0     3.95     1.00     0.71    -594.4     22.03      4.39     3.041     185797
2015  3 19  4 48  0    0     4.06     1.33     0.85    -593.3     22.48      5.66     2.991     185032
2015  3 19  4 49  0    0     4.10     1.55     1.08    -593.7     21.70      6.28     2.986     176188
2015  3 19  4 50  0    0     4.05     1.85     1.02    -597.3     24.25      8.27     3.169     155254
2015  3 19  4 51  0    0     3.69     2.25     1.01    -598.7     27.34      3.58     3.267     156030
2015  3 19  4 52  0    0     3.23     2.63     1.55    -600.1     29.45      2.83     3.281     158950
2015  3 19  4 53  0    0     3.03     2.60     1.77    -600.7     26.29      3.01     3.122     160558
2015  3 19  4 54  0    0     3.39     2.35     1.82    -601.0     23.11      3.58     3.029     161604
2015  3 19  4 55  0    0     3.76     2.08     1.88    -599.7     21.21      4.06     3.019     162644
2015  3 19  4 56  0    0     3.92     1.83     1.92    -598.3     20.34      4.40     3.017     163412
2015  3 19  4 57  0    0     4.03     1.69     1.83    -598.0     18.99      4.97     3.073     164802
2015  3 19  4 58  0    0     4.11     1.44     1.70    -598.4     16.57      6.48     3.204     166630
2015  3 19  4 59  0    0     4.05     1.10     1.74    -598.8     15.11      7.13     3.298     167716
2015  3 19  5  0  0    0     3.92     0.85     1.95    -597.4     14.55      6.30     3.262     167954
2015  3 19  5  1  0    0     3.92     0.49     2.14    -595.1     13.99      5.16     3.139     167483
2015  3 19  5  2  0    0     4.18     0.14     2.04    -593.5     12.43      3.80     3.033     166363
2015  3 19  5  3  0    0     4.33     0.37     1.64    -591.4     10.68      1.93     3.029     166220
2015  3 19  5  4  0    0     4.28     0.90     1.63    -589.8     10.72      1.90     3.034     166207
2015  3 19  5  5  0    0     4.43     1.28     1.15    -589.1     14.61      2.91     3.017     159527
2015  3 19  5  6  0    0     4.45     1.33     1.06    -589.3     13.44      3.79     3.013     159188
2015  3 19  5  7  0    0     4.43     1.38     1.05    -589.3     13.25      4.24     2.959     159188
2015  3 19  5  8  0    0     4.39     1.59     1.25    -590.0     16.09      8.43     2.958     159058
2015  3 19  5  9  0    0     4.43     1.67     1.22    -589.8     16.13      8.43     3.002     159058
2015  3 19  5 10  0    0     4.54     1.63     0.92    -586.6     13.53      5.54     3.083     167848
2015  3 19  5 11  0    0     4.59     1.38     0.56    -585.0     10.61      4.88     3.057     169933
2015  3 19  5 12  0    0     4.55     1.20     0.20    -586.2     10.00      1.60     3.104     169933
2015  3 19  5 13  0    0     4.44     1.11     0.04    -586.6     11.22     -5.85     3.109     169933
2015  3 19  5 14  0    0     4.42     1.30    -0.09    -585.7     13.88     -9.32     3.097     168054
2015  3 19  5 15  0    0     4.50     1.71    -0.33    -585.1     20.50    -16.24     3.091     166011
2015  3 19  5 16  0    0     4.55     2.29    -0.05    -586.6     28.42    -12.05     3.105     163393
2015  3 19  5 17  0    0     4.45     2.83    -0.06    -589.8     30.43     -8.26     3.086     159649
2015  3 19  5 18  0    0     4.57     2.48     0.02    -589.4     30.18     -3.46     3.094     158775
2015  3 19  5 19  0    0     4.51     2.48     0.69    -589.8     30.70      0.67     3.141     158745
2015  3 19  5 20  0    0     2.93     3.21     2.27    -598.8     36.23      8.42     3.448     154688
2015  3 19  5 21  0    0     1.59     3.50     3.42    -615.6     38.05     17.28     3.410     148310
2015  3 19  5 22  0    0     1.50     3.18     3.58    -614.6     36.25     17.14     3.160     140693
2015  3 19  5 23  0    0     1.48     3.13     3.45    -612.7     34.50     17.19     3.130     141501
2015  3 19  5 24  0    0     1.47     2.75     3.58    -613.7     30.41     18.21     3.159     145371
2015  3 19  5 25  0    0     1.42     2.43     3.89    -613.4     26.31     19.10     3.188     148728
2015  3 19  5 26  0    0     1.64     2.39     3.94    -611.9     24.58     20.81     3.232     146937
2015  3 19  5 27  0    0     1.84     2.38     3.88    -605.8     23.82     19.55     3.240     141566
2015  3 19  5 28  0    0     2.15     2.42     3.70    -602.6     23.91     18.26     3.206     139423
2015  3 19  5 29  0    0     2.82     2.14     3.51    -599.7     23.32     17.19     3.194     138925
2015  3 19  5 30  0    0     3.28     1.90     3.39    -598.1     23.20     16.52     3.195     140022
2015  3 19  5 31  0    0     3.11     2.37     3.02    -600.0     24.58     15.04     3.205     141277
2015  3 19  5 32  0    0     2.99     3.24     2.62    -601.1     30.36      9.70     3.129     141835
2015  3 19  5 33  0    0     3.13     3.36     2.51    -600.5     33.37      7.11     3.103     142164
2015  3 19  5 34  0    0     3.21     3.18     2.31    -599.8     29.82      8.58     3.097     143141
2015  3 19  5 35  0    0     2.79     2.63     0.72    -604.0     22.70     -0.47     3.069     143895
2015  3 19  5 36  0    0     2.53     2.14    -1.21    -604.1     21.98     -7.13     3.056     143895
2015  3 19  5 37  0    0     2.01     2.30    -1.68    -601.0     25.93    -13.26     3.048     150476
2015  3 19  5 38  0    0     2.40     2.53    -1.14    -601.2     28.79    -13.71     3.076     154396
2015  3 19  5 39  0    0     2.91     2.58     0.25    -602.2     29.46     -8.04     3.094     154195
2015  3 19  5 40  0    0     3.07     2.93     1.10    -601.6     30.08     -5.21     3.124     154109
2015  3 19  5 41  0    0     3.56     2.78     1.15    -597.0     25.44     -4.78     3.074     155047
2015  3 19  5 42  0    0     4.19     2.25     0.93    -590.7     18.12     -5.00     2.983     156540
2015  3 19  5 43  0    0     2.88    -0.53    -0.02    -602.3      8.81    -16.33     3.169     159064
2015  3 19  5 44  0    0     0.68    -1.84    -2.84    -624.5    -12.45    -39.14     3.192     153499
2015  3 19  5 45  0    0     0.49    -1.94    -3.29    -624.4    -16.03    -39.69     3.221     152418
2015  3 19  5 46  0    0     0.45    -1.86    -3.37    -624.9    -17.28    -41.98     3.373     152119
2015  3 19  5 47  0    0    -0.14    -1.68    -3.65    -626.7    -18.30    -43.14     3.403     151127
2015  3 19  5 48  0    0     1.79    -0.82    -2.62    -620.7     -6.32    -37.02     3.306     149804
2015  3 19  5 49  0    0     2.76    -0.46    -2.12    -612.6     -1.95    -33.64     3.254     149186
2015  3 19  5 50  0    0     2.89    -0.54    -2.10    -602.6     -4.24    -32.64     3.240     149186
2015  3 19  5 51  0    0     3.28    -0.62    -1.91    -595.9     -5.64    -31.87     3.225     151235
2015  3 19  5 52  0    0     3.92    -0.72    -1.66    -595.0     -5.54    -31.53     3.203     156851
2015  3 19  5 53  0    0     4.10    -0.99    -1.94    -593.9     -8.16    -31.54     3.157     162330
2015  3 19  5 54  0    0     4.20    -1.59    -2.15    -590.7    -17.34    -31.74     3.089     167234
2015  3 19  5 55  0    0     4.49    -2.17    -1.32    -587.1    -19.48    -27.78     3.025     171839
2015  3 19  5 56  0    0     4.60    -2.36    -0.96    -585.8    -21.56    -22.64     2.995     175816
2015  3 19  5 57  0    0     4.62    -2.36    -0.86    -588.8    -22.38    -20.63     3.109     176771
2015  3 19  5 58  0    0     4.36    -2.64    -1.43    -591.8    -26.38    -25.50     3.214     173822
2015  3 19  5 59  0    0     3.99    -3.13    -1.31    -591.5    -22.64    -23.73     3.148     154276
2015  3 19  6  0  0    0     3.72    -3.29    -1.04    -592.5    -23.13    -20.80     3.121     150198
2015  3 19  6  1  0    0     3.47    -3.67    -0.75    -594.7    -26.29    -17.42     2.996     148035
2015  3 19  6  2  0    0     2.63    -4.36    -1.13    -600.7    -32.14    -20.69     2.959     148035
2015  3 19  6  3  0    0     2.29    -4.40    -1.32    -602.6    -35.82    -22.91     3.016     152049
2015  3 19  6  4  0    0     2.23    -4.34    -1.44    -603.8    -35.90    -22.91     3.020     153674
2015  3 19  6  5  0    0     2.24    -4.24    -1.54    -602.5    -33.44    -22.38     2.795     153674
2015  3 19  6  6  0    0     2.61    -3.53    -1.10    -599.0    -28.23    -18.22     2.711     158733
2015  3 19  6  7  0    0     3.27    -2.65    -0.50    -594.0    -21.88    -13.57     2.774     164738
2015  3 19  6  8  0    0     4.12    -2.03    -0.10    -587.9    -15.39    -11.28     2.938     167801
2015  3 19  6  9  0    0     4.43    -1.77     0.23    -585.9    -16.12     -9.36     3.098     168363
2015  3 19  6 10  0    0     4.32    -1.55     0.30    -586.1    -17.83    -10.66     3.172     168116
2015  3 19  6 11  0    0     4.13    -1.44     0.17    -587.7    -18.33     -9.30     3.198     164678
2015  3 19  6 12  0    0     4.09    -0.92     0.06    -588.0     -9.14     -7.47     3.143     164176
2015  3 19  6 13  0    0     4.19    -0.51     1.11    -590.0     -4.07     -0.55     3.056     163285
2015  3 19  6 14  0    0     4.31    -0.69     1.48    -587.2     -4.71      1.74     3.051     162504
2015  3 19  6 15  0    0     4.40    -0.81     1.51    -586.9     -4.37      2.20     3.059     162348
2015  3 19  6 16  0    0     4.33    -1.14     1.49    -587.9     -6.38      2.20     3.064     170525
2015  3 19  6 17  0    0     4.14    -1.31     1.80    -591.0     -7.22      4.08     3.061     171505
2015  3 19  6 18  0    0     3.99    -1.34     1.80    -592.9     -8.50      3.72     3.059     168199
2015  3 19  6 19  0    0     3.66    -1.56     1.55    -595.3    -12.32      0.22     3.118     166618
2015  3 19  6 20  0    0     3.31    -1.76     1.46    -596.7    -13.09     -2.20     3.153     170139
2015  3 19  6 21  0    0     3.12    -2.15     0.96    -595.5    -13.16     -5.42     3.219     172410
2015  3 19  6 22  0    0     3.27    -2.76     0.01    -594.6    -12.86     -8.22     3.226     171442
2015  3 19  6 23  0    0     3.81    -2.36    -0.42    -591.9    -13.62    -10.61     3.253     167751
2015  3 19  6 24  0    0     3.28    -2.94    -0.48    -597.7    -21.36    -20.23     3.335     157133
2015  3 19  6 25  0    0     2.64    -3.58    -1.24    -600.9    -19.19    -27.47     3.263     154621
2015  3 19  6 26  0    0     2.62    -3.22    -1.84    -598.2    -13.79    -28.93     3.182     162416
2015  3 19  6 27  0    0     2.91    -2.37    -1.93    -594.7     -9.47    -26.09     3.127     171265
2015  3 19  6 28  0    0     3.40    -1.03    -1.18    -593.4    -10.82    -19.55     3.159     172210
2015  3 19  6 29  0    0     3.38    -0.32    -0.09    -592.0    -12.98    -13.16     3.296     175974
2015  3 19  6 30  0    0     3.84    -0.22    -0.69    -589.1    -11.22    -12.38     3.360     176339
2015  3 19  6 31  0    0     3.53    -0.81    -0.56    -594.0    -12.60    -18.70     3.286     176220
2015  3 19  6 32  0    0     3.68    -1.36    -0.16    -593.0    -15.38    -18.75     3.246     174030
2015  3 19  6 33  0    0     3.65    -1.47    -0.16    -593.3    -22.30    -20.78     3.199     164515
2015  3 19  6 34  0    0     3.61    -1.80    -0.15    -594.0    -27.74    -22.96     3.191     159632
2015  3 19  6 35  0    0     2.96    -3.13    -0.54    -598.5    -29.84    -21.03     3.297     161176
2015  3 19  6 36  0    0     2.46    -3.98    -1.01    -600.9    -30.34    -24.63     3.361     163960
2015  3 19  6 37  0    0     1.89    -4.01    -1.82    -603.1    -35.53    -27.16     3.422     166090
2015  3 19  6 38  0    0     1.69    -3.92    -2.45    -605.6    -36.47    -31.54     3.375     167734
2015  3 19  6 39  0    0     1.70    -3.44    -2.93    -605.9    -36.37    -38.94     3.293     167883
2015  3 19  6 40  0    0     2.24    -3.57    -2.25    -606.2    -36.43    -31.50     3.283     165099
2015  3 19  6 41  0    0     2.25    -3.70    -1.23    -609.2    -35.71    -33.74     3.395     141661
2015  3 19  6 42  0    0     1.53    -3.60    -2.22    -613.1    -30.78    -39.49     3.421     136638
2015  3 19  6 43  0    0    -0.29    -3.29    -4.04    -623.4    -30.40    -41.88     3.408     132797
2015  3 19  6 44  0    0    -0.56    -3.37    -4.01    -626.4    -32.45    -41.81     3.366     132644
2015  3 19  6 45  0    0     0.13    -3.25    -3.87    -624.7    -28.28    -40.44     3.392     132644
2015  3 19  6 46  0    0     0.20    -3.04    -3.87    -621.2    -27.62    -39.71     3.430     137742
2015  3 19  6 47  0    0     0.29    -2.96    -3.86    -619.4    -27.95    -39.00     3.468     140643
2015  3 19  6 48  0    0     0.51    -2.78    -3.87    -617.9    -27.71    -38.21     3.510     143546
2015  3 19  6 49  0    0     0.62    -2.78    -3.91    -617.2    -27.24    -38.05     3.550     145578
2015  3 19  6 50  0    0     0.01    -2.84    -4.17    -618.4    -27.04    -38.56     3.545     145137
2015  3 19  6 51  0    0    -0.56    -2.80    -4.40    -619.7    -27.49    -39.03     3.526     138065
2015  3 19  6 52  0    0    -0.62    -3.09    -4.42    -619.6    -28.04    -39.58     3.504     134139
2015  3 19  6 53  0    0    -0.58    -3.30    -4.32    -619.2    -28.72    -40.90     3.489     134529
2015  3 19  6 54  0    0    -0.13    -3.43    -4.23    -619.2    -29.25    -41.33     3.512     137137
2015  3 19  6 55  0    0     0.31    -3.49    -4.10    -616.0    -29.50    -40.50     3.601     142855
2015  3 19  6 56  0    0     0.73    -3.44    -3.86    -611.3    -29.19    -39.39     3.692     149655
2015  3 19  6 57  0    0     1.62    -3.23    -3.44    -609.1    -26.88    -38.14     3.681     155933
2015  3 19  6 58  0    0     1.72    -3.04    -3.50    -606.4    -24.51    -37.40     3.664     157859
2015  3 19  6 59  0    0     1.82    -3.11    -3.67    -605.8    -23.51    -37.53     3.656     158051
2015  3 19  7  0  0    0     1.52    -2.98    -4.09    -608.5    -25.72    -38.83     3.665     146455
2015  3 19  7  1  0    0     1.37    -3.01    -4.22    -607.4    -27.39    -39.13     3.686     146455
2015  3 19  7  2  0    0     1.43    -3.30    -4.11    -607.3    -31.13    -36.90     3.689     150017
2015  3 19  7  3  0    0     0.44    -3.87    -3.89    -620.0    -34.54    -37.24     3.716     147968
2015  3 19  7  4  0    0     0.05    -3.88    -3.95    -624.7    -32.94    -39.87     3.727     146818
2015  3 19  7  5  0    0     0.15    -4.15    -3.62    -624.6    -33.72    -39.90     3.742     148826
2015  3 19  7  6  0    0     0.87    -4.18    -2.63    -619.8    -33.99    -37.60     3.794     152035
2015  3 19  7  7  0    0     1.52    -4.17    -1.87    -613.6    -33.21    -33.64     3.840     157824
2015  3 19  7  8  0    0     2.01    -4.14    -1.41    -606.5    -31.47    -28.29     3.875     166065
2015  3 19  7  9  0    0     2.53    -4.16    -0.99    -601.1    -31.86    -25.42     3.880     167164
2015  3 19  7 10  0    0     3.00    -4.20    -0.68    -597.9    -32.22    -23.37     3.868     167025
2015  3 19  7 11  0    0     3.24    -4.27    -0.45    -597.5    -31.93    -21.50     3.841     166204
2015  3 19  7 12  0    0     3.24    -4.33    -0.22    -597.0    -30.97    -18.27     3.821     165341
2015  3 19  7 13  0    0     3.31    -4.26     0.03    -595.6    -28.56    -14.15     3.811     165553
2015  3 19  7 14  0    0     3.54    -3.91     0.24    -594.3    -23.54    -10.35     3.796     166659
2015  3 19  7 15  0    0     3.90    -3.12     0.01    -592.2    -17.96     -7.11     3.765     168676
2015  3 19  7 16  0    0     3.99    -2.63     0.34    -590.1    -16.92     -8.74     3.734     168676
2015  3 19  7 17  0    0     4.27    -2.60     0.90    -589.2    -16.49     -7.81     3.734     168676
2015  3 19  7 18  0    0     4.46    -2.30     1.09    -588.7    -15.92     -8.92     3.747     169846
2015  3 19  7 19  0    0     4.44    -1.87     0.95    -588.6    -13.04     -7.09     3.792     169928
2015  3 19  7 20  0    0     4.43    -1.58     1.00    -588.3     -8.40     -4.98     3.800     168850
2015  3 19  7 21  0    0     4.52    -1.31     1.48    -588.0     -6.26     -1.64     3.785     166465
2015  3 19  7 22  0    0     4.58    -1.48     1.96    -588.1     -7.81     -2.28     3.782     166172
2015  3 19  7 23  0    0     4.58    -2.24     1.49    -588.9    -17.58     -4.95     3.829     174954
2015  3 19  7 24  0    0     3.65    -3.23     2.10    -590.4    -22.80     -6.44     3.843     175571
2015  3 19  7 25  0    0     3.09    -3.61     1.97    -593.4    -23.55     -8.16     3.843     173625
2015  3 19  7 26  0    0     3.01    -4.03     1.40    -593.2    -26.19    -10.68     3.840     172162
2015  3 19  7 27  0    0     3.33    -4.13     1.17    -593.6    -25.81    -11.11     3.811     171664
2015  3 19  7 28  0    0     3.54    -3.79     1.05    -594.9    -26.17    -10.88     3.720     170199
2015  3 19  7 29  0    0     2.97    -4.35     0.99    -599.1    -28.07    -10.21     3.697     168449
2015  3 19  7 30  0    0     2.69    -4.67     0.65    -601.0    -27.07    -10.13     3.726     165505
2015  3 19  7 31  0    0     2.97    -4.49     0.13    -600.2    -25.35    -11.48     3.781     163591
2015  3 19  7 32  0    0     3.20    -4.47    -0.15    -598.4    -25.31    -13.01     3.820     162842
2015  3 19  7 33  0    0     3.37    -4.40    -0.59    -597.0    -26.09    -15.27     3.857     162946
2015  3 19  7 34  0    0     3.24    -4.23    -1.29    -598.3    -27.73    -19.10     3.918     163364
2015  3 19  7 35  0    0     2.93    -4.05    -1.66    -599.8    -27.17    -22.46     3.952     164562
2015  3 19  7 36  0    0     2.37    -3.90    -2.02    -601.2    -27.15    -23.60     3.973     166701
2015  3 19  7 37  0    0     2.20    -4.14    -1.57    -601.8    -27.67    -21.82     3.997     171013
2015  3 19  7 38  0    0     2.56    -4.37    -0.60    -601.8    -29.58    -14.32     4.034     176130
2015  3 19  7 39  0    0     2.45    -4.62    -0.15    -604.1    -31.14     -6.51     4.052     177815
2015  3 19  7 40  0    0     1.74    -4.76    -0.02    -605.4    -33.39     -7.57     4.026     170448
2015  3 19  7 41  0    0     1.31    -4.64    -0.11    -604.6    -33.92    -10.49     3.979     161998
2015  3 19  7 42  0    0     1.24    -4.47    -0.42    -600.5    -33.85    -16.86     3.935     160458
2015  3 19  7 43  0    0     1.83    -4.35    -1.21    -596.9    -31.45    -23.07     3.895     160589
2015  3 19  7 44  0    0     2.86    -4.10    -2.39    -594.6    -26.21    -27.66     3.869     160920
2015  3 19  7 45  0    0     3.21    -3.45    -2.94    -592.6    -20.94    -30.28     3.878     161585
2015  3 19  7 46  0    0     3.25    -2.88    -2.27    -592.7    -17.37    -28.62     3.932     163278
2015  3 19  7 47  0    0     3.25    -2.61    -2.37    -594.1    -15.84    -30.33     3.936     162721
2015  3 19  7 48  0    0     3.19    -2.48    -2.63    -595.2    -14.94    -33.04     3.929     160597
2015  3 19  7 49  0    0     3.14    -2.24    -2.86    -594.9    -13.53    -33.16     3.925     159725
2015  3 19  7 50  0    0     2.81    -2.59    -2.95    -596.5    -21.37    -33.24     3.909     159185
2015  3 19  7 51  0    0     2.28    -3.48    -2.83    -599.2    -31.99    -30.10     3.826     156664
2015  3 19  7 52  0    0     2.23    -3.38    -2.38    -599.4    -28.10    -32.09     3.771     154224
2015  3 19  7 53  0    0     2.23    -2.59    -2.97    -600.1    -22.56    -36.54     3.788     153506
2015  3 19  7 54  0    0     2.17    -1.97    -4.30    -600.9    -19.38    -40.80     3.815     152870
2015  3 19  7 55  0    0     1.99    -2.15    -4.45    -600.5    -16.09    -41.88     3.826     153437
2015  3 19  7 56  0    0     1.92    -2.38    -4.07    -599.7    -18.68    -40.19     3.774     153186
2015  3 19  7 57  0    0     1.94    -2.31    -4.06    -599.3    -22.16    -39.05     3.719     149044
2015  3 19  7 58  0    0     1.93    -2.36    -3.72    -605.0    -28.06    -34.85     3.750     143013
2015  3 19  7 59  0    0     0.74    -3.71    -3.37    -609.1    -29.78    -31.32     3.750     142886
2015  3 19  8  0  0    0     1.05    -3.19    -3.37    -607.6    -29.73    -32.01     3.818     148166
2015  3 19  8  1  0    0     1.24    -3.26    -3.40    -606.9    -29.54    -33.68     3.852     148254
2015  3 19  8  2  0    0    -1.39    -4.50    -3.57    -623.4    -30.75    -36.85     3.947     140276
2015  3 19  8  3  0    0    -1.61    -4.10    -3.89    -623.9    -28.39    -37.67     3.917     135364
2015  3 19  8  4  0    0    -1.54    -3.94    -4.13    -625.1    -26.13    -37.87     3.874     129167
2015  3 19  8  5  0    0    -1.69    -3.53    -4.30    -628.5    -24.83    -37.59     3.877     128625
2015  3 19  8  6  0    0    -1.76    -3.37    -4.44    -628.2    -24.88    -36.96     3.897     128722
2015  3 19  8  7  0    0    -1.72    -3.26    -4.52    -624.6    -25.57    -37.45     3.842     129882
2015  3 19  8  8  0    0    -1.36    -3.22    -4.66    -622.4    -25.82    -38.10     3.806     130037
2015  3 19  8  9  0    0    -1.08    -3.12    -4.82    -619.9    -25.48    -39.17     3.790     130037
2015  3 19  8 10  0    0    -0.68    -3.08    -4.91    -618.5    -25.06    -39.61     3.757     129695
2015  3 19  8 11  0    0    -0.40    -3.11    -4.92    -615.2    -25.01    -39.99     3.776     129310
2015  3 19  8 12  0    0    -0.36    -3.20    -4.88    -610.6    -25.84    -40.57     3.849     129055
2015  3 19  8 13  0    0    -0.43    -3.43    -4.77    -610.4    -29.71    -40.10     3.901     128728
2015  3 19  8 14  0    0    -0.26    -3.45    -4.75    -609.9    -29.90    -40.01     3.906     129336
2015  3 19  8 15  0    0     0.25    -3.66    -4.61    -608.5    -31.45    -39.32     3.948     131291
2015  3 19  8 16  0    0     0.31    -3.90    -4.49    -607.6    -32.05    -37.36     3.944     136718
2015  3 19  8 17  0    0     0.38    -4.13    -4.29    -607.5    -30.64    -35.84     4.019     139191
2015  3 19  8 18  0    0     0.42    -4.32    -4.15    -608.3    -30.33    -35.83     4.010     139113
2015  3 19  8 19  0    0     0.48    -4.39    -3.90    -607.3    -28.97    -37.04     3.914     135550
2015  3 19  8 20  0    0     1.00    -4.10    -4.19    -605.2    -25.67    -39.71     3.701     131298
2015  3 19  8 21  0    0     1.09    -3.42    -4.64    -604.8    -23.32    -40.59     3.665     126409
2015  3 19  8 22  0    0     0.94    -3.18    -4.85    -605.7    -23.07    -41.60     3.818     125574
2015  3 19  8 23  0    0     0.67    -2.84    -5.14    -606.5    -22.98    -41.26     3.921     128342
2015  3 19  8 24  0    0     0.73    -2.22    -5.63    -605.1    -21.98    -44.55     3.926     132465
2015  3 19  8 25  0    0     0.45    -1.95    -5.79    -604.9    -21.20    -45.15     3.869     135462
2015  3 19  8 26  0    0     0.15    -1.76    -5.78    -607.1    -18.56    -45.42     3.858     138637
2015  3 19  8 27  0    0    -1.01    -0.96    -5.72    -614.4    -15.56    -45.08     3.860     140207
2015  3 19  8 28  0    0    -0.62    -0.94    -5.58    -616.8    -14.79    -45.83     3.747     140131
2015  3 19  8 29  0    0     0.08    -0.96    -5.50    -614.7    -14.92    -47.14     3.827     140049
2015  3 19  8 30  0    0     0.63    -1.02    -5.45    -610.9    -14.89    -47.00     3.950     140217
2015  3 19  8 31  0    0     0.64    -1.23    -5.45    -608.5    -15.20    -43.94     3.958     141104
2015  3 19  8 32  0    0     0.68    -1.55    -5.43    -605.4    -18.97    -43.46     3.937     141508
2015  3 19  8 33  0    0     0.57    -1.31    -5.48    -607.1    -20.25    -43.52     3.791     144740
2015  3 19  8 34  0    0     0.59    -0.97    -5.57    -607.5    -17.72    -45.88     3.814     144864
2015  3 19  8 35  0    0     0.49    -0.14    -5.75    -606.6     -8.02    -47.19     3.814     143718
2015  3 19  8 36  0    0     0.68     0.39    -5.77    -605.6     -4.06    -47.33     3.819     142556
2015  3 19  8 37  0    0     0.83     0.66    -5.75    -603.8     -0.64    -47.31     3.820     141024
2015  3 19  8 38  0    0     0.88     0.95    -5.67    -602.7      3.32    -47.27     3.821     140130
2015  3 19  8 39  0    0     0.88     1.14    -5.49    -602.5      4.86    -47.57     3.817     139943
2015  3 19  8 40  0    0     0.96     1.32    -5.36    -602.4      6.36    -46.50     3.832     140138
2015  3 19  8 41  0    0     0.96     1.45    -5.32    -602.3      6.17    -45.81     3.916     142112
2015  3 19  8 42  0    0     0.82     1.49    -5.33    -602.4      4.96    -46.34     3.964     143981
2015  3 19  8 43  0    0     0.68     1.19    -5.42    -603.6      3.36    -47.56     4.046     144410
2015  3 19  8 44  0    0     0.39     1.49    -5.33    -605.7      5.91    -48.60     3.919     140583
2015  3 19  8 45  0    0     0.35     1.86    -5.11    -607.3      6.28    -48.11     3.908     138813
2015  3 19  8 46  0    0     0.38     1.73    -5.11    -607.3      2.90    -48.29     3.866     134911
2015  3 19  8 47  0    0     0.48     0.67    -5.38    -605.3      0.13    -48.15     3.864     133128
2015  3 19  8 48  0    0     0.50     0.51    -5.43    -605.0     -0.94    -48.13     3.890     132872
2015  3 19  8 49  0    0     0.41     0.26    -5.29    -605.3     -4.48    -48.10     3.905     136166
2015  3 19  8 50  0    0     0.39    -0.84    -5.23    -606.1    -11.10    -47.90     3.907     136683
2015  3 19  8 51  0    0     0.29    -1.02    -5.18    -606.2    -11.97    -47.91     3.891     140166
2015  3 19  8 52  0    0     0.37    -1.12    -5.17    -604.8    -17.00    -47.16     3.873     140483
2015  3 19  8 53  0    0     0.38    -1.12    -5.17    -603.5    -16.81    -46.25     3.855     140631
2015  3 19  8 54  0    0     0.37    -1.22    -5.10    -603.1    -19.24    -45.85     3.772     143652
2015  3 19  8 55  0    0     0.43    -1.38    -5.00    -603.8    -20.58    -45.30     3.739     145733
2015  3 19  8 56  0    0     0.44    -2.05    -4.78    -604.4    -23.43    -44.87     3.779     146277
2015  3 19  8 57  0    0     0.57    -2.41    -4.60    -604.3    -24.10    -44.37     3.793     148242
2015  3 19  8 58  0    0     0.71    -2.71    -4.48    -603.3    -24.00    -43.62     3.782     150842
2015  3 19  8 59  0    0     0.75    -2.63    -4.33    -602.8    -26.74    -40.92     3.737     152567
2015  3 19  9  0  0    0     0.92    -2.22    -4.43    -602.7    -27.27    -39.92     3.724     153045
2015  3 19  9  1  0    0     1.27    -2.04    -4.38    -601.6    -23.61    -40.83     3.753     153079
2015  3 19  9  2  0    0     1.66    -2.04    -4.32    -598.0    -21.89    -41.66     3.766     155354
2015  3 19  9  3  0    0     1.94    -2.04    -4.32    -594.2    -21.43    -42.09     3.797     158376
2015  3 19  9  4  0    0     1.89    -2.09    -4.24    -593.1    -20.86    -41.35     3.889     161284
2015  3 19  9  5  0    0     1.61    -2.63    -3.82    -592.8    -26.47    -37.36     3.885     169254
2015  3 19  9  6  0    0     1.39    -3.43    -3.39    -595.2    -31.91    -35.78     3.960     168575
2015  3 19  9  7  0    0     1.23    -3.41    -3.11    -598.8    -31.10    -36.33     3.835     167007
2015  3 19  9  8  0    0     1.23    -3.14    -3.34    -598.0    -28.34    -36.42     3.722     167007
2015  3 19  9  9  0    0     1.23    -2.98    -3.48    -596.9    -26.20    -36.16     3.636     166698
2015  3 19  9 10  0    0     1.28    -2.75    -3.53    -596.9    -25.04    -35.71     3.568     165303
2015  3 19  9 11  0    0     1.43    -2.33    -3.90    -596.7    -22.25    -37.17     3.662     163488
2015  3 19  9 12  0    0     1.49    -1.58    -4.53    -596.6    -17.08    -40.18     3.816     160383
2015  3 19  9 13  0    0     1.42    -1.40    -4.66    -597.1    -13.88    -41.17     3.817     156381
2015  3 19  9 14  0    0     1.34    -1.80    -4.44    -597.5    -15.86    -39.90     3.791     154920
2015  3 19  9 15  0    0     1.28    -2.33    -4.14    -598.2    -19.62    -38.47     3.713     152971
2015  3 19  9 16  0    0     1.28    -2.21    -4.20    -598.2    -21.04    -37.79     3.636     153819
2015  3 19  9 17  0    0     1.35    -1.93    -4.31    -598.8    -21.79    -37.62     3.579     154784
2015  3 19  9 18  0    0     1.45    -1.75    -4.35    -599.7    -22.37    -38.16     3.640     154784
2015  3 19  9 19  0    0     1.48    -1.52    -4.38    -599.2    -19.19    -36.18     3.758     158807
2015  3 19  9 20  0    0     1.50    -1.10    -4.13    -598.2    -13.73    -35.12     3.801     162464
2015  3 19  9 21  0    0     1.54    -0.54    -3.69    -597.2     -9.25    -35.90     3.784     163052
2015  3 19  9 22  0    0     1.55    -0.14    -3.45    -596.3     -6.71    -36.36     3.738     163889
2015  3 19  9 23  0    0     1.67    -0.24    -3.59    -594.7     -6.26    -36.98     3.724     162976
2015  3 19  9 24  0    0     1.97    -0.44    -4.17    -593.0     -6.50    -36.76     3.808     158351
2015  3 19  9 25  0    0     1.96    -0.56    -4.58    -593.5     -4.89    -38.82     3.873     148181
2015  3 19  9 26  0    0     1.94    -0.72    -4.70    -593.8     -4.88    -39.00     3.861     147809
2015  3 19  9 27  0    0     1.98    -0.44    -4.71    -593.6     -4.04    -39.21     3.857     149470
2015  3 19  9 28  0    0     1.77    -0.23    -4.70    -594.4     -1.25    -39.55     3.838     153871
2015  3 19  9 29  0    0     1.57    -0.42    -4.63    -595.7     -1.62    -39.54     3.800     154211
2015  3 19  9 30  0    0     2.06    -0.22    -4.58    -593.3     -1.48    -38.63     3.814     153441
2015  3 19  9 31  0    0     2.47     0.16    -4.48    -591.8     -0.71    -37.03     3.846     152149
2015  3 19  9 32  0    0     2.78     0.53    -4.48    -590.1      0.99    -35.40     3.959     148607
2015  3 19  9 33  0    0     2.79     0.95    -4.32    -588.2      4.38    -34.37     3.942     145523
2015  3 19  9 34  0    0     2.96     1.24    -4.24    -587.9      6.88    -34.86     3.848     145164
2015  3 19  9 35  0    0     3.02     1.45    -4.25    -588.4      6.97    -35.36     3.870     147669
2015  3 19  9 36  0    0     3.00     1.84    -4.06    -587.4      7.32    -35.44     3.880     151294
2015  3 19  9 37  0    0     3.00     2.25    -3.81    -589.0     14.62    -31.39     3.901     153037
2015  3 19  9 38  0    0     2.89     3.17    -2.91    -588.8     23.67    -26.04     3.994     153106
2015  3 19  9 39  0    0     3.02     3.53    -2.33    -588.5     25.86    -22.73     3.922     152851
2015  3 19  9 40  0    0     3.34     3.67    -1.87    -586.4     25.34    -21.19     3.926     150969
2015  3 19  9 41  0    0     3.60     3.51    -1.79    -584.3     22.99    -19.48     3.881     150495
2015  3 19  9 42  0    0     3.71     3.26    -2.02    -583.8     21.10    -19.95     3.828     154013
2015  3 19  9 43  0    0     3.75     3.09    -2.05    -583.5     20.03    -21.28     3.816     158385
2015  3 19  9 44  0    0     3.90     2.99    -2.01    -583.0     19.09    -22.52     3.848     159817
2015  3 19  9 45  0    0     4.00     2.93    -1.96    -582.5     17.56    -23.17     3.898     159817
2015  3 19  9 46  0    0     3.99     2.91    -1.90    -581.4     14.47    -22.12     3.892     162104
2015  3 19  9 47  0    0     3.99     2.34    -1.60    -580.4      9.36    -19.31     3.849     164391
2015  3 19  9 48  0    0     4.10     0.69    -0.79    -581.8      0.49    -14.87     3.870     161573
2015  3 19  9 49  0    0     4.05    -1.13    -0.74    -584.2     -7.64    -12.71     3.912     159080
2015  3 19  9 50  0    0     3.94    -2.09    -0.77    -584.9    -14.59    -13.44     3.990     159305
2015  3 19  9 51  0    0     3.91    -2.50    -0.72    -584.5    -16.86    -14.19     3.966     159398
2015  3 19  9 52  0    0     3.77    -2.67    -0.71    -584.2    -17.40    -13.86     3.927     159398
2015  3 19  9 53  0    0     3.62    -2.78    -0.68    -584.4    -18.41    -14.42     3.950     161620
2015  3 19  9 54  0    0     3.49    -2.83    -0.67    -585.3    -20.09    -14.28     4.007     169594
2015  3 19  9 55  0    0     3.20    -2.59    -0.63    -587.7    -20.56    -13.90     4.027     172126
2015  3 19  9 56  0    0     2.86    -2.54    -0.53    -589.0    -21.35    -10.53     3.976     168463
2015  3 19  9 57  0    0     2.78    -2.59     0.04    -589.3    -23.33    -10.34     3.864     160511
2015  3 19  9 58  0    0     2.66    -3.18     0.30    -589.3    -23.48     -9.06     3.770     158815
2015  3 19  9 59  0    0     2.36    -3.95     0.45    -590.0    -24.99     -6.92     3.602     158766
2015  3 19 10  0  0    0     2.61    -3.61     1.16    -591.2    -27.99     -3.35     3.554     163078
2015  3 19 10  1  0    0     2.51    -3.55     1.63    -590.0    -26.84     -2.71     3.592     177772
2015  3 19 10  2  0    0     2.59    -3.55     1.55    -591.0    -27.33     -5.87     3.623     177417
2015  3 19 10  3  0    0     2.63    -3.50     0.72    -587.7    -26.91    -10.17     3.663     173155
2015  3 19 10  4  0    0     3.12    -3.20    -0.84    -584.6    -26.35    -14.56     3.677     172445
2015  3 19 10  5  0    0     3.30    -3.06    -1.44    -581.7    -26.00    -18.97     3.641     173101
2015  3 19 10  6  0    0     3.28    -3.05    -1.33    -580.8    -26.68    -21.41     3.607     173706
2015  3 19 10  7  0    0     2.95    -3.89    -1.20    -590.5    -34.30    -20.42     3.627     158988
2015  3 19 10  8  0    0     1.85    -4.42    -1.15    -597.6    -39.72    -20.54     3.559     139478
2015  3 19 10  9  0    0     1.68    -4.61    -0.81    -596.8    -39.45    -21.48     3.349     134432
2015  3 19 10 10  0    0     1.79    -4.49    -1.00    -593.2    -37.12    -25.15     3.171     134520
2015  3 19 10 11  0    0     2.37    -3.99    -1.80    -588.4    -32.04    -34.29     3.038     134851
2015  3 19 10 12  0    0     2.59    -3.83    -2.09    -585.0    -30.09    -37.78     2.995     136766
2015  3 19 10 13  0    0     2.74    -3.70    -2.33    -582.8    -29.56    -38.86     3.034     140369
2015  3 19 10 14  0    0     2.94    -3.64    -2.52    -581.5    -32.27    -38.03     3.061     142693
2015  3 19 10 15  0    0     3.12    -3.67    -2.54    -581.0    -38.11    -36.75     3.044     145447
2015  3 19 10 16  0    0     2.86    -3.87    -2.67    -590.5    -45.15    -36.38     3.027     149413
2015  3 19 10 17  0    0     2.30    -4.12    -2.67    -591.2    -45.02    -36.81     3.114     149050
2015  3 19 10 18  0    0     2.19    -4.18    -2.74    -590.1    -44.06    -38.55     3.106     144699
2015  3 19 10 19  0    0     2.66    -3.64    -3.53    -586.2    -42.60    -39.87     3.025     135798
2015  3 19 10 20  0    0     3.01    -3.35    -3.78    -580.5    -41.27    -41.03     2.964     133276
2015  3 19 10 21  0    0     3.33    -3.16    -3.80    -574.3    -39.94    -42.11     2.919     133276
2015  3 19 10 22  0    0     3.77    -2.95    -3.75    -571.2    -38.05    -43.12     2.951     133276
2015  3 19 10 23  0    0     3.98    -2.95    -3.68    -569.2    -37.45    -42.93     2.995     135783
2015  3 19 10 24  0    0     4.01    -3.03    -3.61    -568.6    -39.93    -43.13     3.096     136570
2015  3 19 10 25  0    0     3.99    -3.03    -3.64    -570.2    -40.88    -43.04     3.135     134886
2015  3 19 10 26  0    0     3.97    -2.96    -3.64    -576.6    -42.84    -41.49     2.970     134534
2015  3 19 10 27  0    0     3.90    -3.12    -3.64    -577.0    -43.35    -40.97     2.824     134781
2015  3 19 10 28  0    0     3.86    -3.38    -3.61    -576.1    -42.81    -40.85     2.750     135615
2015  3 19 10 29  0    0     3.81    -3.30    -3.58    -575.9    -39.53    -42.30     2.791     135713
2015  3 19 10 30  0    0     3.77    -2.76    -3.82    -575.2    -35.37    -43.95     2.999     135467
2015  3 19 10 31  0    0     3.53    -2.44    -4.06    -576.2    -30.98    -44.94     3.034     134624
2015  3 19 10 32  0    0     3.48    -2.13    -4.16    -576.1    -24.87    -43.40     3.045     133924
2015  3 19 10 33  0    0     3.62    -1.04    -4.35    -576.1    -17.53    -43.70     3.083     130910
2015  3 19 10 34  0    0     3.65     0.02    -4.04    -576.0    -10.14    -41.71     3.200     130910
2015  3 19 10 35  0    0     3.59     0.94    -3.71    -575.8     -2.80    -39.37     3.217     131159
2015  3 19 10 36  0    0     3.55     1.23    -3.60    -576.1      0.78    -39.66     3.250     133612
2015  3 19 10 37  0    0     3.57     1.43    -3.34    -575.9      3.46    -40.71     3.254     139160
2015  3 19 10 38  0    0     3.50     1.70    -3.07    -573.5     10.91    -41.63     3.235     140002
2015  3 19 10 39  0    0     3.46     1.79    -3.45    -574.1     13.45    -43.48     3.230     143021
2015  3 19 10 40  0    0     2.48     3.24    -3.78    -583.4     18.11    -42.34     3.306     143498
2015  3 19 10 41  0    0     1.35     5.20    -2.90    -592.9     32.81    -37.07     3.561     144248
2015  3 19 10 42  0    0     1.03     5.90    -1.55    -597.2     45.86    -20.84     3.454     141241
2015  3 19 10 43  0    0     0.89     6.25     0.02    -598.4     48.22    -10.90     3.354     136911
2015  3 19 10 44  0    0     1.14     6.31     1.09    -599.7     49.33     -3.99     3.350     136911
2015  3 19 10 45  0    0     1.47     6.14     0.38    -597.8     45.82    -11.21     3.372     136683
2015  3 19 10 46  0    0     1.85     5.85    -0.91    -594.4     41.03    -22.61     3.342     136398
2015  3 19 10 47  0    0     2.01     5.80    -1.83    -590.6     39.96    -28.80     3.272     136486
2015  3 19 10 48  0    0     1.92     5.76    -1.97    -591.7     34.39    -36.77     3.194     139290
2015  3 19 10 49  0    0     1.25     5.76    -2.41    -591.8     30.50    -37.55     3.109     143351
2015  3 19 10 50  0    0     1.20     4.31    -3.27    -596.7      4.79    -37.96     3.025     143351
2015  3 19 10 51  0    0     1.29     1.98    -3.33    -595.2     -9.80    -36.24     3.069     143532
2015  3 19 10 52  0    0     1.49     0.63    -3.18    -592.2    -11.91    -35.59     3.072     143953
2015  3 19 10 53  0    0     1.65     0.26    -3.32    -590.6     -6.84    -37.78     2.914     143403
2015  3 19 10 54  0    0     1.53     0.15    -3.44    -589.6     -0.93    -43.56     2.721     126897
2015  3 19 10 55  0    0     1.70     0.92    -3.96    -590.2      2.05    -48.51     3.009     119715
2015  3 19 10 56  0    0     1.74     2.38    -3.76    -592.0     13.58    -50.75     3.252     120474
2015  3 19 10 57  0    0     1.86     3.11    -4.06    -592.4     25.89    -52.41     3.196     126328
2015  3 19 10 58  0    0     2.34     3.21    -4.96    -589.2     30.11    -52.98     2.776     128926
2015  3 19 10 59  0    0     2.47     3.42    -4.83    -591.6     33.43    -48.31     2.811     146417
2015  3 19 11  0  0    0     2.44     4.09    -4.05    -594.5     33.88    -42.94     3.011     144933
2015  3 19 11  1  0    0     2.63     3.91    -4.08    -592.7     31.56    -44.47     2.945     140677
2015  3 19 11  2  0    0     3.10     2.99    -4.10    -585.0     24.19    -47.84     2.680     140677
2015  3 19 11  3  0    0     3.70     0.71    -4.20    -579.4     10.84    -50.15     2.513     140920
2015  3 19 11  4  0    0     4.29    -2.20    -4.39    -576.5     -7.98    -51.39     2.466     141304
2015  3 19 11  5  0    0     4.33    -2.30    -4.61    -575.3    -22.11    -53.46     2.465     140784
2015  3 19 11  6  0    0     4.16    -1.73    -5.42    -576.7    -22.40    -59.62     2.471     137295
2015  3 19 11  7  0    0     3.85    -1.00    -6.07    -576.9    -18.13    -65.15     2.476     137908
2015  3 19 11  8  0    0     3.25    -0.59    -6.43    -581.9    -10.59    -72.22     2.473     140054
2015  3 19 11  9  0    0     3.01    -0.56    -6.54    -585.4     -6.97    -74.14     2.460     139000
2015  3 19 11 10  0    0     3.26    -0.60    -6.42    -585.7     -5.55    -71.72     2.427     138617
2015  3 19 11 11  0    0     3.30    -0.77    -6.42    -586.0     -4.49    -70.02     2.454     138045
2015  3 19 11 12  0    0     3.15    -0.40    -6.52    -585.9     -4.25    -69.24     2.454     135541
2015  3 19 11 13  0    0     2.94    -0.24    -6.55    -586.2     -4.30    -68.80     2.462     134592
2015  3 19 11 14  0    0     2.91     0.00    -6.43    -587.7      4.28    -68.32     2.478     134524
2015  3 19 11 15  0    0     2.84    -0.47    -6.22    -588.1      3.73    -67.76     2.491     143229
2015  3 19 11 16  0    0     3.05    -1.43    -5.99    -591.1     -9.75    -65.18     2.493     148678
2015  3 19 11 17  0    0     2.88    -2.23    -5.96    -594.4    -17.37    -62.66     2.542     151932
2015  3 19 11 18  0    0     2.46    -2.78    -5.89    -600.5    -20.11    -61.78     2.657     153304
2015  3 19 11 19  0    0     2.63    -2.62    -5.91    -598.3    -17.89    -62.39     2.736     153182
2015  3 19 11 20  0    0     2.82    -2.23    -6.06    -594.5    -13.87    -63.63     2.750     152675
2015  3 19 11 21  0    0     2.84    -1.64    -6.41    -590.6    -10.94    -65.37     2.733     151495
2015  3 19 11 22  0    0     2.79    -1.95    -6.57    -591.2    -11.25    -65.80     2.754     146850
2015  3 19 11 23  0    0     2.53    -1.86    -6.64    -594.2    -15.51    -66.89     2.602     138351
2015  3 19 11 24  0    0     2.28    -2.07    -6.63    -604.3    -22.43    -64.45     2.533     132968
2015  3 19 11 25  0    0     1.73    -2.84    -6.52    -609.5    -23.96    -63.73     2.437     138649
2015  3 19 11 26  0    0     2.16    -3.33    -5.97    -604.9    -24.94    -63.46     2.420     138649
2015  3 19 11 27  0    0     2.41    -3.43    -5.85    -603.6    -27.23    -61.16     2.373     135003
2015  3 19 11 28  0    0     2.42    -3.31    -6.04    -600.3    -28.77    -56.47     2.391     132105
2015  3 19 11 29  0    0     2.51    -3.34    -6.10    -597.3    -29.43    -53.64     2.395     127074
2015  3 19 11 30  0    0     2.77    -3.52    -6.02    -595.2    -23.58    -54.30     2.351     121131
2015  3 19 11 31  0    0     3.05    -3.17    -6.08    -593.1     -8.68    -55.70     2.302     119108
2015  3 19 11 32  0    0     3.13    -1.16    -6.31    -592.5     -3.04    -55.66     2.307     117174
2015  3 19 11 33  0    0     3.15    -0.91    -6.90    -594.7     -3.38    -62.06     2.435     118572
2015  3 19 11 34  0    0     3.16    -1.13    -6.96    -595.2     -7.03    -63.33     2.503     122510
2015  3 19 11 35  0    0     3.18    -1.60    -6.84    -594.0    -12.01    -62.94     2.511     124230
2015  3 19 11 36  0    0     3.41    -2.14    -6.65    -590.0    -15.83    -58.93     2.533     127873
2015  3 19 11 37  0    0     3.61    -2.28    -6.26    -588.3    -17.04    -58.82     2.504     133773
2015  3 19 11 38  0    0     3.79    -2.50    -6.06    -590.3    -32.68    -49.33     2.479     138976
2015  3 19 11 39  0    0     4.12    -3.24    -4.97    -590.8    -33.25    -48.45     2.446     138783
2015  3 19 11 40  0    0     3.97    -3.26    -4.97    -589.1    -30.47    -52.50     2.446     134924
2015  3 19 11 41  0    0     3.62    -1.67    -5.98    -588.0    -23.69    -54.96     2.466     131852
2015  3 19 11 42  0    0     3.15    -1.55    -6.73    -593.1    -11.25    -62.91     2.493     131498
2015  3 19 11 43  0    0     3.05    -1.96    -6.76    -594.6    -10.94    -63.86     2.504     130517
2015  3 19 11 44  0    0     3.02    -2.26    -6.74    -594.0    -14.82    -63.53     2.479     125735
2015  3 19 11 45  0    0     3.14    -2.65    -6.50    -591.2    -22.50    -61.79     2.395     118733
2015  3 19 11 46  0    0     4.00    -2.65    -5.98    -583.2    -21.87    -56.86     2.365     117007
2015  3 19 11 47  0    0     4.68    -2.59    -5.56    -576.7    -20.55    -52.62     2.338     115599
2015  3 19 11 48  0    0     4.80    -2.35    -5.49    -574.3    -17.30    -50.58     2.323     114658
2015  3 19 11 49  0    0     4.93    -2.08    -5.57    -570.2    -15.44    -49.45     2.316     109335
2015  3 19 11 50  0    0     5.06    -1.99    -5.61    -568.8    -14.73    -48.80     2.319     108093
2015  3 19 11 51  0    0     5.12    -2.28    -5.66    -570.2    -15.16    -50.23     2.473     111757
2015  3 19 11 52  0    0     5.00    -2.47    -5.64    -570.8    -16.09    -50.27     2.525     113870
2015  3 19 11 53  0    0     5.05    -2.55    -5.52    -569.8    -18.96    -47.17     2.448     115366
2015  3 19 11 54  0    0     5.09    -2.80    -5.35    -569.1    -20.31    -45.35     2.387     115686
2015  3 19 11 55  0    0     5.10    -3.25    -4.93    -568.9    -24.25    -42.68     2.376     115686
2015  3 19 11 56  0    0     4.86    -4.36    -4.36    -570.2    -31.24    -40.03     2.377     115580
2015  3 19 11 57  0    0     4.71    -4.71    -4.28    -572.5    -35.91    -40.14     2.248     106172
2015  3 19 11 58  0    0     4.66    -4.43    -4.50    -574.5    -38.32    -42.31     2.212     102580
2015  3 19 11 59  0    0     4.32    -4.34    -5.07    -575.8    -38.46    -43.50     2.315     102599
2015  3 19 12  0  0    0     4.10    -4.47    -5.23    -576.8    -39.92    -42.53     2.353     102697
2015  3 19 12  1  0    0     3.79    -5.00    -5.03    -577.4    -43.37    -40.54     2.368     100542
2015  3 19 12  2  0    0     3.68    -5.57    -4.73    -576.2    -47.30    -38.97     2.299      94333
2015  3 19 12  3  0    0     3.73    -5.81    -4.15    -578.1    -52.36    -36.53     2.285      93881
2015  3 19 12  4  0    0     3.72    -6.24    -3.82    -577.9    -55.14    -33.33     2.335      95518
2015  3 19 12  5  0    0     3.23    -6.20    -4.22    -583.5    -53.83    -37.73     2.431     104395
2015  3 19 12  6  0    0     2.66    -5.94    -4.94    -587.5    -51.56    -40.72     2.475     112720
2015  3 19 12  7  0    0     2.57    -6.09    -4.78    -588.1    -53.32    -38.38     2.492     113629
2015  3 19 12  8  0    0     2.89    -6.19    -4.48    -584.0    -54.61    -35.87     2.518     112460
2015  3 19 12  9  0    0     3.09    -6.23    -4.16    -581.7    -55.31    -34.72     2.557     111853
2015  3 19 12 10  0    0     2.96    -6.17    -4.24    -582.1    -55.55    -35.33     2.577     113010
2015  3 19 12 11  0    0     2.32    -6.14    -4.88    -588.1    -56.33    -38.24     2.521     114013
2015  3 19 12 12  0    0     2.23    -5.96    -5.28    -591.2    -57.69    -39.61     2.504     113048
2015  3 19 12 13  0    0     2.35    -6.28    -4.58    -591.7    -58.12    -40.18     2.450     111978
2015  3 19 12 14  0    0     2.33    -6.69    -4.31    -592.3    -60.68    -38.54     2.526     111251
2015  3 19 12 15  0    0     2.07    -6.67    -4.38    -594.0    -60.37    -40.53     2.471     110391
2015  3 19 12 16  0    0     2.06    -6.47    -4.80    -594.4    -60.41    -40.54     2.563     107884
2015  3 19 12 17  0    0     2.32    -6.47    -4.63    -592.0    -60.54    -37.82     2.584     108672
2015  3 19 12 18  0    0     2.74    -6.55    -4.26    -588.8    -61.52    -36.46     2.581     108672
2015  3 19 12 19  0    0     2.85    -6.71    -3.88    -587.9    -62.26    -31.60     2.567     108710
2015  3 19 12 20  0    0     2.90    -6.78    -3.70    -587.5    -63.11    -30.91     2.455     108715
2015  3 19 12 21  0    0     2.97    -7.07    -3.17    -587.9    -64.33    -30.50     2.411     110970
2015  3 19 12 22  0    0     2.87    -7.12    -3.04    -587.7    -65.03    -28.24     2.394     111279
2015  3 19 12 23  0    0     2.91    -7.10    -2.84    -587.6    -65.40    -25.64     2.389     113134
2015  3 19 12 24  0    0     2.94    -7.09    -2.69    -586.2    -65.48    -25.21     2.432     118921
2015  3 19 12 25  0    0     2.84    -7.09    -2.61    -586.2    -65.20    -26.46     2.507     127529
2015  3 19 12 26  0    0     2.82    -7.15    -2.56    -586.7    -66.02    -26.94     2.528     133772
2015  3 19 12 27  0    0     2.92    -7.18    -2.46    -586.3    -66.41    -26.12     2.508     134761
2015  3 19 12 28  0    0     3.14    -7.21    -2.00    -584.5    -66.75    -24.32     2.464     130471
2015  3 19 12 29  0    0     3.37    -7.16    -1.84    -583.5    -66.51    -23.47     2.439     124971
2015  3 19 12 30  0    0     3.48    -7.06    -1.84    -583.3    -65.69    -23.99     2.433     122858
2015  3 19 12 31  0    0     3.38    -7.01    -1.96    -584.2    -65.31    -24.56     2.393     122046
2015  3 19 12 32  0    0     3.23    -6.99    -2.09    -584.6    -65.50    -25.65     2.390     121640
2015  3 19 12 33  0    0     3.17    -6.93    -1.97    -584.6    -66.26    -26.17     2.407     122247
2015  3 19 12 34  0    0     3.36    -6.90    -1.97    -582.5    -66.45    -25.45     2.380     123219
2015  3 19 12 35  0    0     3.55    -6.87    -2.04    -580.0    -65.51    -24.92     2.365     123758
2015  3 19 12 36  0    0     3.69    -6.75    -2.19    -578.1    -63.63    -25.66     2.384     123758
2015  3 19 12 37  0    0     3.92    -6.41    -2.73    -577.4    -61.15    -27.95     2.417     123828
2015  3 19 12 38  0    0     3.68    -6.04    -3.52    -581.6    -58.39    -30.50     2.620     124917
2015  3 19 12 39  0    0     3.09    -6.18    -3.83    -588.1    -59.39    -27.03     2.893     127266
2015  3 19 12 40  0    0     1.83    -6.78    -2.56    -595.6    -62.18    -18.51     2.876     129316
2015  3 19 12 41  0    0     1.26    -6.93    -1.62    -600.3    -61.99    -14.97     3.007     133050
2015  3 19 12 42  0    0     0.82    -6.90    -1.34    -602.3    -61.56    -14.96     3.098     132697
2015  3 19 12 43  0    0     0.58    -7.07    -1.09    -603.6    -62.53    -15.00     3.037     132550
2015  3 19 12 44  0    0     0.79    -7.12    -1.02    -603.4    -62.88    -16.16     3.001     134848
2015  3 19 12 45  0    0     0.90    -7.09    -1.29    -602.6    -62.93    -18.16     3.039     135582
2015  3 19 12 46  0    0     0.96    -7.12    -1.38    -601.6    -62.17    -19.85     3.097     135582
2015  3 19 12 47  0    0     0.88    -7.15    -1.45    -601.1    -61.61    -21.14     3.113     137069
2015  3 19 12 48  0    0     0.88    -7.27    -1.30    -599.5    -62.28    -21.65     3.093     137930
2015  3 19 12 49  0    0     0.98    -7.35    -1.18    -597.9    -62.79    -22.47     3.000     139836
2015  3 19 12 50  0    0     1.03    -7.32    -1.32    -597.0    -61.75    -22.91     2.903     144078
2015  3 19 12 51  0    0     0.96    -7.31    -1.40    -596.1    -59.96    -20.34     2.910     148693
2015  3 19 12 52  0    0     0.82    -7.26    -0.99    -594.6    -57.64    -16.82     2.929     153024
2015  3 19 12 53  0    0     0.82    -7.11    -0.17    -589.4    -53.74    -16.72     2.924     156320
2015  3 19 12 54  0    0     1.76    -7.06    -0.23    -591.1    -52.15    -17.30     2.741     160989
2015  3 19 12 55  0    0     2.11    -6.95    -1.40    -591.4    -50.84    -21.16     2.722     165118
2015  3 19 12 56  0    0     1.48    -6.91    -1.70    -595.5    -52.81    -26.90     2.709     164588
2015  3 19 12 57  0    0     1.40    -6.77    -1.95    -592.5    -53.47    -28.42     2.696     162422
2015  3 19 12 58  0    0     1.93    -6.56    -2.00    -591.1    -54.36    -28.89     2.691     156019
2015  3 19 12 59  0    0     2.09    -6.53    -2.00    -589.8    -54.65    -27.65     2.745     149217
2015  3 19 13  0  0    0     1.88    -6.56    -1.27    -589.0    -54.02    -26.15     2.810     149104
2015  3 19 13  1  0    0     2.05    -6.54    -1.23    -588.3    -52.34    -26.71     2.825     150728
2015  3 19 13  2  0    0     2.11    -6.51    -1.68    -587.6    -51.06    -27.94     2.671     155107
2015  3 19 13  3  0    0     2.28    -6.40    -2.02    -586.8    -48.51    -30.92     2.568     155809
2015  3 19 13  4  0    0     2.87    -6.07    -2.70    -583.1    -45.35    -34.07     2.543     155324
2015  3 19 13  5  0    0     3.33    -5.80    -3.17    -579.9    -43.42    -36.25     2.541     154998
2015  3 19 13  6  0    0     3.47    -5.69    -3.24    -578.8    -43.25    -36.97     2.545     155269
2015  3 19 13  7  0    0     3.49    -5.61    -3.28    -578.4    -43.14    -37.38     2.539     155786
2015  3 19 13  8  0    0     3.48    -5.44    -3.46    -578.1    -42.63    -38.03     2.524     155726
2015  3 19 13  9  0    0     3.50    -5.29    -3.71    -577.9    -42.23    -38.12     2.514     155589
2015  3 19 13 10  0    0     3.56    -5.19    -3.87    -577.7    -41.89    -38.71     2.507     155801
2015  3 19 13 11  0    0     3.66    -5.09    -3.97    -576.8    -41.05    -39.54     2.498     156362
2015  3 19 13 12  0    0     3.90    -4.83    -4.20    -575.2    -38.66    -40.10     2.489     156338
2015  3 19 13 13  0    0     3.97    -4.70    -4.20    -573.7    -37.42    -39.81     2.503     156187
2015  3 19 13 14  0    0     4.19    -4.73    -4.07    -571.8    -37.18    -39.18     2.503     156187
2015  3 19 13 15  0    0     4.29    -4.46    -4.00    -570.9    -37.52    -39.01     2.493     161157
2015  3 19 13 16  0    0     4.50    -3.91    -3.99    -568.5    -35.60    -40.83     2.453     161970
2015  3 19 13 17  0    0     4.66    -3.34    -4.11    -566.6    -33.48    -43.72     2.421     163445
2015  3 19 13 18  0    0     4.74    -3.31    -4.13    -565.9    -34.54    -44.91     2.410     164440
2015  3 19 13 19  0    0     4.82    -3.70    -3.93    -564.0    -38.19    -44.33     2.390     161544
2015  3 19 13 20  0    0     4.92    -3.97    -3.78    -561.4    -40.96    -43.51     2.351     155770
2015  3 19 13 21  0    0     4.86    -4.02    -3.93    -562.9    -42.72    -41.80     2.309     150128
2015  3 19 13 22  0    0     4.48    -4.26    -4.02    -569.5    -47.65    -39.48     2.359     149742
2015  3 19 13 23  0    0     4.40    -4.38    -3.90    -570.3    -48.00    -38.36     2.389     153537
2015  3 19 13 24  0    0     4.42    -4.54    -3.73    -566.8    -44.91    -36.87     2.336     154665
2015  3 19 13 25  0    0     4.53    -4.49    -3.64    -562.6    -41.26    -36.12     2.249     155453
2015  3 19 13 26  0    0     4.79    -4.07    -3.66    -558.5    -37.68    -36.55     2.150     156594
2015  3 19 13 27  0    0     5.39    -2.80    -3.82    -554.6    -34.85    -38.70     2.150     157417
2015  3 19 13 28  0    0     5.61    -2.00    -4.01    -553.2    -33.08    -39.31     2.155     158195
2015  3 19 13 29  0    0     5.66    -1.83    -4.06    -552.6    -33.20    -39.27     2.165     158398
2015  3 19 13 30  0    0     5.56    -2.50    -3.88    -552.9    -35.77    -39.06     2.167     157931
2015  3 19 13 31  0    0     5.50    -2.94    -3.64    -553.2    -38.16    -38.29     2.152     153006
2015  3 19 13 32  0    0     5.45    -3.10    -3.58    -553.3    -41.44    -37.74     2.108     151387
2015  3 19 13 33  0    0     5.48    -3.19    -3.46    -553.9    -43.55    -36.85     2.087     151387
2015  3 19 13 34  0    0     5.50    -3.20    -3.46    -553.7    -43.56    -36.16     2.130     154343
2015  3 19 13 35  0    0     5.15    -3.61    -3.42    -555.9    -44.91    -34.35     2.178     156487
2015  3 19 13 36  0    0     5.04    -3.79    -3.45    -558.2    -50.74    -33.91     2.218     156518
2015  3 19 13 37  0    0     5.10    -3.83    -3.29    -557.9    -49.99    -34.15     2.172     155367
2015  3 19 13 38  0    0     5.18    -3.80    -3.18    -557.0    -48.77    -34.48     2.141     155367
2015  3 19 13 39  0    0     5.27    -3.65    -3.11    -555.9    -48.92    -34.05     2.067     161239
2015  3 19 13 40  0    0     5.31    -3.45    -3.24    -556.6    -46.92    -33.55     2.096     162840
2015  3 19 13 41  0    0     5.47    -3.51    -3.17    -557.3    -45.88    -34.01     2.110     162953
2015  3 19 13 42  0    0     5.58    -3.31    -3.00    -556.8    -45.70    -34.76     2.143     167302
2015  3 19 13 43  0    0     5.64    -3.31    -3.00    -556.0    -44.96    -36.40     2.212     174002
2015  3 19 13 44  0    0     5.72    -3.03    -3.14    -555.7    -44.29    -38.87     2.283     191342
2015  3 19 13 45  0    0     5.73    -3.07    -3.15    -556.1    -44.31    -39.81     2.324     193172
2015  3 19 13 46  0    0     5.74    -3.19    -3.01    -555.7    -43.60    -33.90     2.274     188857
2015  3 19 13 47  0    0     5.78    -3.31    -2.77    -553.2    -42.56    -28.81     2.168     178701
2015  3 19 13 48  0    0     5.88    -3.16    -2.45    -550.1    -40.57    -28.22     2.128     175290
2015  3 19 13 49  0    0     6.01    -2.87    -2.31    -549.0    -38.77    -30.62     2.166     178089
2015  3 19 13 50  0    0     5.95    -2.54    -2.79    -553.2    -37.31    -32.84     2.294     190229
2015  3 19 13 51  0    0     5.56    -2.68    -3.17    -554.7    -37.61    -30.53     2.269     193385
2015  3 19 13 52  0    0     5.35    -2.79    -3.27    -554.0    -36.27    -27.49     2.160     167225
2015  3 19 13 53  0    0     5.39    -2.78    -2.92    -551.3    -34.57    -27.31     2.067     160424
2015  3 19 13 54  0    0     5.66    -2.61    -2.54    -551.1    -34.60    -28.16     2.022     171506
2015  3 19 13 55  0    0     5.80    -2.59    -2.44    -552.0    -36.01    -29.51     2.020     185429
2015  3 19 13 56  0    0     5.80    -2.64    -2.52    -556.9    -37.05    -29.23     2.104     191825
2015  3 19 13 57  0    0     5.51    -3.01    -2.40    -564.5    -40.20    -28.90     2.427     236250
2015  3 19 13 58  0    0     5.32    -3.59    -2.30    -569.0    -45.64    -29.41     2.522     243401
2015  3 19 13 59  0    0     5.51    -3.39    -2.07    -567.3    -40.62    -29.67     2.529     245890
2015  3 19 14  0  0    0     5.58    -3.28    -1.90    -565.8    -35.72    -28.40     2.504     247074
2015  3 19 14  1  0    0     5.54    -3.39    -1.89    -565.1    -36.22    -27.17     2.443     244862
2015  3 19 14  2  0    0     5.62    -3.40    -2.03    -564.4    -39.45    -27.87     2.386     240219
2015  3 19 14  3  0    0     5.75    -3.32    -2.19    -564.0    -42.10    -30.30     2.370     237274
2015  3 19 14  4  0    0     5.79    -3.42    -2.06    -563.5    -43.66    -33.32     2.372     237274
2015  3 19 14  5  0    0     5.79    -3.47    -1.87    -562.9    -44.11    -35.59     2.334     236255
2015  3 19 14  6  0    0     5.68    -3.49    -2.11    -562.3    -43.12    -36.40     2.232     229441
2015  3 19 14  7  0    0     5.55    -3.62    -2.42    -560.8    -41.58    -35.64     2.097     211315
2015  3 19 14  8  0    0     5.57    -3.46    -2.46    -557.7    -39.98    -33.05     1.981     184471
2015  3 19 14  9  0    0     5.66    -3.39    -2.63    -554.6    -40.15    -28.91     1.929     168770
2015  3 19 14 10  0    0     5.85    -3.21    -2.58    -554.5    -55.74    -35.59     1.956     165368
2015  3 19 14 11  0    0     5.71    -3.25    -2.32    -560.7    -44.85    -31.37     2.138     200138
2015  3 19 14 12  0    0     5.74    -3.36    -2.37    -566.8    -49.20    -30.25     2.517     224666
2015  3 19 14 13  0    0     5.68    -3.54    -2.36    -569.3    -46.94    -31.16     2.684     225306
2015  3 19 14 14  0    0     5.66    -3.56    -2.52    -571.5    -43.03    -32.19     2.703     223646
2015  3 19 14 15  0    0     5.71    -3.09    -2.31    -568.7    -37.31    -30.18     2.723     221570
2015  3 19 14 16  0    0     5.64    -3.05    -1.96    -568.2    -34.06    -26.15     2.787     220843
2015  3 19 14 17  0    0     5.57    -3.37    -1.62    -569.7    -33.64    -20.80     2.829     221129
2015  3 19 14 18  0    0     5.61    -3.58    -0.98    -570.1    -33.85    -16.62     2.811     221203
2015  3 19 14 19  0    0     5.41    -3.79    -0.59    -570.2    -33.41    -13.41     2.795     217716
2015  3 19 14 20  0    0     4.76    -4.04     0.16    -580.2    -36.41    -11.07     2.823     218631
2015  3 19 14 21  0    0     4.77    -3.86     0.54    -581.2    -32.26     -7.84     2.882     222847
2015  3 19 14 22  0    0     4.30    -3.75     0.90    -583.9    -26.80     -6.04     2.897     228944
2015  3 19 14 23  0    0     4.05    -3.58     1.10    -584.5    -21.63     -3.71     2.863     235131
2015  3 19 14 24  0    0     4.07    -3.07     1.67    -581.5    -16.65      4.00     2.784     239159
2015  3 19 14 25  0    0     4.14    -2.34     2.37    -580.3     -8.66     15.95     2.719     241350
2015  3 19 14 26  0    0     4.38    -1.69     2.70    -583.4     -1.10     22.66     2.734     241068
2015  3 19 14 27  0    0     4.61    -1.37     3.13    -587.7     -2.61     15.03     2.894     240895
2015  3 19 14 28  0    0     4.49    -1.36     2.78    -586.5     -3.92      1.25     2.921     241323
2015  3 19 14 29  0    0     4.50    -1.48     1.72    -585.3     -5.07     -4.61     2.914     241433
2015  3 19 14 30  0    0     4.57    -1.58     1.45    -581.1     -2.13     -3.28     2.847     230415
2015  3 19 14 31  0    0     4.77    -1.50     1.58    -575.4      2.63     -0.24     2.760     215238
2015  3 19 14 32  0    0     5.35    -0.89     1.70    -569.2      8.08      2.27     2.680     200778
2015  3 19 14 33  0    0     5.59     0.03     2.17    -564.9     14.58      7.83     2.527     182523
2015  3 19 14 34  0    0     5.33     1.31     2.82    -564.1     21.14     18.79     2.310     168419
2015  3 19 14 35  0    0     5.11     1.87     3.08    -566.0     25.59     26.44     2.204     167132
2015  3 19 14 36  0    0     5.40     1.32     2.93    -564.5     28.55     22.28     2.220     173016
2015  3 19 14 37  0    0     5.66     0.75     2.78    -561.8     30.75     17.34     2.222     183585
2015  3 19 14 38  0    0     5.70     0.64     2.79    -559.7     31.23     17.07     2.192     192316
2015  3 19 14 39  0    0     5.74     0.87     2.81    -556.8     27.23     17.54     2.148     192316
2015  3 19 14 40  0    0     6.62    -0.92     1.49    -555.7     22.67     17.84     2.146     180640
2015  3 19 14 41  0    0     6.78    -0.83     0.82    -551.6     20.67     10.70     2.152     178565
2015  3 19 14 42  0    0     6.82     0.23     0.57    -549.8     19.94      2.47     2.175     178067
2015  3 19 14 43  0    0     6.44     1.67     0.74    -552.3     23.32      2.14     2.193     183651
2015  3 19 14 44  0    0     6.11     2.17     1.11    -555.0     26.05      6.36     2.228     194774
2015  3 19 14 45  0    0     6.12     2.29     0.96    -554.6     24.69      4.05     2.285     196110
2015  3 19 14 46  0    0     6.12     1.97     0.90    -553.8     22.00      2.31     2.232     180038
2015  3 19 14 47  0    0     6.13     1.78     0.69    -552.4     19.94      0.36     2.122     165548
2015  3 19 14 48  0    0     6.14     1.41     0.47    -550.5     12.36     -2.84     2.080     161030
2015  3 19 14 49  0    0     6.33     0.93     0.39    -547.9      5.22     -1.30     2.081     162429
2015  3 19 14 50  0    0     6.61     0.33     0.69    -545.7      0.87      3.78     2.096     172518
2015  3 19 14 51  0    0     6.60    -0.48     1.84    -548.7     -3.35      2.41     2.217     202600
2015  3 19 14 52  0    0     6.52    -0.49     2.46    -556.5     12.42      5.13     2.489     209284
2015  3 19 14 53  0    0     6.24    -0.76     2.68    -559.1      8.14      6.63     2.566     206547
2015  3 19 14 54  0    0     6.06    -0.84     2.82    -559.2      8.30      3.13     2.564     201006
2015  3 19 14 55  0    0     5.95     0.09     2.50    -560.1      5.51      2.53     2.548     201604
2015  3 19 14 56  0    0     5.77     0.26     2.30    -562.3      1.03      0.41     2.547     204771
2015  3 19 14 57  0    0     5.70     0.20     2.90    -564.8     -1.02     -6.19     2.579     205876
2015  3 19 14 58  0    0     5.66     0.24     3.57    -563.5     -1.67     -8.29     2.574     204995
2015  3 19 14 59  0    0     5.71     0.22     3.87    -560.0     -2.17     -6.96     2.526     202043
2015  3 19 15  0  0    0     5.92     0.17     3.82    -556.4     -4.57     -3.02     2.422     194995
2015  3 19 15  1  0    0     6.38    -0.17     3.42    -552.2      4.39      0.04     2.305     184217
2015  3 19 15  2  0    0     6.73    -0.56     2.98    -548.6      3.46      2.84     2.210     179385
2015  3 19 15  3  0    0     6.91    -1.10     2.50    -546.0     -6.05      5.62     2.147     179225
2015  3 19 15  4  0    0     6.88    -1.93     2.00    -545.3    -13.88      7.22     2.125     178948
2015  3 19 15  5  0    0     6.79    -2.45     1.89    -544.9    -12.59      5.05     2.127     178968
2015  3 19 15  6  0    0     6.57    -2.29     2.22    -549.7     -5.18     11.78     2.162     182259
2015  3 19 15  7  0    0     6.45    -1.45     2.84    -557.2      2.89      7.93     2.240     215265
2015  3 19 15  8  0    0     6.44    -1.03     2.83    -557.0      3.80     -2.93     2.208     239102
2015  3 19 15  9  0    0     6.46    -1.10     3.16    -556.5      3.71     -2.19     2.153     239499
2015  3 19 15 10  0    0     6.54    -0.84     3.02    -562.1      2.98      1.39     2.359     225746
2015  3 19 15 11  0    0     6.10    -0.53     3.94    -565.6      7.68     -1.15     2.568     213133
2015  3 19 15 12  0    0     6.08    -0.20     4.24    -565.8     12.55      6.60     2.594     209108
2015  3 19 15 13  0    0     6.29    -0.05     4.15    -565.5     12.08     12.54     2.781     210980
2015  3 19 15 14  0    0     6.19    -0.43     4.13    -566.4     13.16     18.33     2.939     212701
2015  3 19 15 15  0    0     5.95    -0.70     4.31    -566.2     17.17     21.04     2.927     218027
2015  3 19 15 16  0    0     5.57    -0.26     4.64    -576.2     22.33     17.07     3.121     224409
2015  3 19 15 17  0    0     4.57     0.78     5.24    -581.0     20.05     19.73     3.124     234744
2015  3 19 15 18  0    0     4.64     1.18     5.15    -584.1     22.27     22.28     3.076     228384
2015  3 19 15 19  0    0     4.46     1.62     5.23    -583.1     31.87     25.07     3.018     213326
2015  3 19 15 20  0    0     4.30     2.05     5.49    -582.2     39.39     28.79     2.765     192090
2015  3 19 15 21  0    0     4.13     2.63     5.53    -583.3     42.21     33.16     2.501     180315
2015  3 19 15 22  0    0     3.35     3.72     5.28    -589.4     46.22     39.07     2.477     176082
2015  3 19 15 23  0    0     2.58     3.90     5.42    -598.3     48.22     37.40     2.654     168218
2015  3 19 15 24  0    0     2.18     3.86     5.62    -602.8     49.97     38.74     2.860     158805
2015  3 19 15 25  0    0     1.95     3.79     5.55    -604.2     44.15     39.63     2.950     155489
2015  3 19 15 26  0    0     1.87     2.98     5.30    -604.3     37.66     36.61     2.963     155177
2015  3 19 15 27  0    0     1.86     2.38     5.21    -602.6     37.14     34.93     2.956     171242
2015  3 19 15 28  0    0     2.06     2.24     5.13    -598.6     35.78     33.55     2.926     177935
2015  3 19 15 29  0    0     2.37     2.27     5.07    -594.3     34.46     32.39     2.906     177211
2015  3 19 15 30  0    0     2.68     2.25     5.15    -591.6     35.67     32.27     2.924     174874
2015  3 19 15 31  0    0     3.28     1.75     5.48    -590.0     35.46     34.12     2.848     173228
2015  3 19 15 32  0    0     2.71     1.11     6.53    -594.6     31.16     46.69     2.759     176299
2015  3 19 15 33  0    0     2.84     1.13     6.58    -593.6     28.70     45.36     2.753     184806
2015  3 19 15 34  0    0     2.91     1.18     6.52    -591.2     28.26     42.00     2.788     185498
2015  3 19 15 35  0    0     3.55     1.37     6.01    -587.2     28.11     38.71     2.820     184756
2015  3 19 15 36  0    0     3.71     1.40     5.87    -585.8     27.55     37.38     2.982     183754
2015  3 19 15 37  0    0     3.15     1.32     6.25    -592.9     30.52     38.78     2.918     185564
2015  3 19 15 38  0    0     3.49     2.47     5.50    -588.4     37.71     38.51     2.846     195150
2015  3 19 15 39  0    0     3.76     2.79     5.19    -584.1     39.59     35.35     2.824     204208
2015  3 19 15 40  0    0     3.89     2.51     5.21    -582.5     35.90     30.65     2.849     209826
2015  3 19 15 41  0    0     3.84     1.89     5.48    -585.5     23.91     23.85     2.877     213342
2015  3 19 15 42  0    0     3.96     1.71     5.61    -585.7     20.42     17.85     2.829     216164
2015  3 19 15 43  0    0     4.19     1.89     4.95    -581.2     20.26     14.38     2.774     218128
2015  3 19 15 44  0    0     4.43     2.31     4.04    -575.4     21.04     11.52     2.727     219690
2015  3 19 15 45  0    0     4.63     3.23     3.19    -570.0     24.66      8.05     2.691     220541
2015  3 19 15 46  0    0     4.81     3.55     2.53    -565.9     32.17     11.27     2.680     221461
2015  3 19 15 47  0    0     4.86     3.54     1.97    -563.7     34.54     11.67     2.842     226173
2015  3 19 15 48  0    0     4.93     3.72     1.74    -571.7     25.26      8.93     3.282     231954
2015  3 19 15 49  0    0     3.63     2.36     3.45    -583.6     21.83     15.51     3.209     201399
2015  3 19 15 50  0    0     1.96    -0.91     4.90    -611.4     -4.74     23.59     3.012     192359
2015  3 19 15 51  0    0     0.46    -1.52     4.88    -620.7     -2.65     17.69     2.928     182538
2015  3 19 15 52  0    0     1.14    -1.31     4.41    -613.9      4.36     16.25     2.884     189464
2015  3 19 15 53  0    0     2.15    -0.90     3.79    -604.7     13.45     17.00     2.866     200119
2015  3 19 15 54  0    0     3.09     0.36     3.75    -596.9     17.07     19.13     2.844     212710
2015  3 19 15 55  0    0     3.98     2.04     4.02    -590.2     17.67     22.13     2.818     226156
2015  3 19 15 56  0    0     3.79     2.11     4.81    -589.9     12.69     33.36     2.683     228575
2015  3 19 15 57  0    0     3.26     0.78     5.25    -589.2     14.48     33.60     2.695     235324
2015  3 19 15 58  0    0     3.11     0.80     5.31    -588.4     14.91     30.91     2.774     238242
2015  3 19 15 59  0    0     2.91     1.64     5.23    -593.5     29.24     33.89     2.928     236997
2015  3 19 16  0  0    0     3.08     2.73     5.00    -591.6     38.07     32.19     2.942     228903
2015  3 19 16  1  0    0     3.51     3.17     4.54    -583.6     45.78     27.98     2.754     214310
2015  3 19 16  2  0    0     3.82     3.54     4.14    -578.3     52.92     24.12     2.577     203852
2015  3 19 16  3  0    0     3.84     3.66     3.81    -580.1     55.94     22.63     2.523     204534
2015  3 19 16  4  0    0     3.77     3.77     3.85    -585.5     54.24     24.60     2.729     218894
2015  3 19 16  5  0    0     3.32     4.04     4.29    -590.3     52.59     27.20     2.842     229795
2015  3 19 16  6  0    0     3.68     4.07     4.43    -590.4     50.60     30.21     2.747     230383
2015  3 19 16  7  0    0     3.29     3.73     5.27    -593.6     49.54     32.31     2.717     237890
2015  3 19 16  8  0    0     2.40     3.63     5.34    -596.3     48.73     33.04     2.730     236349
2015  3 19 16  9  0    0     2.45     4.21     5.04    -596.7     49.11     31.95     2.797     233633
2015  3 19 16 10  0    0     2.75     4.49     4.63    -596.2     50.89     29.92     2.930     233720
2015  3 19 16 11  0    0     3.05     4.15     4.84    -595.3     52.03     30.41     2.962     233878
2015  3 19 16 12  0    0     3.00     3.65     5.19    -595.4     51.68     31.41     2.929     233878
2015  3 19 16 13  0    0     2.62     4.05     5.05    -599.3     54.32     30.15     2.869     233878
2015  3 19 16 14  0    0     2.31     4.43     4.86    -602.8     58.24     29.27     2.825     231681
2015  3 19 16 15  0    0     2.10     4.52     4.96    -602.8     58.51     30.75     2.823     228418
2015  3 19 16 16  0    0     2.13     4.21     5.02    -602.0     57.91     31.07     2.826     226960
2015  3 19 16 17  0    0     1.96     4.13     5.10    -603.7     57.42     29.45     2.967     219144
2015  3 19 16 18  0    0     1.89     3.81     5.12    -604.0     52.87     27.06     2.949     204887
2015  3 19 16 19  0    0     1.21     3.89     5.00    -612.3     44.25     21.38     2.905     204020
2015  3 19 16 20  0    0    -0.40     3.28     4.94    -621.3     36.31     14.59     2.839     217573
2015  3 19 16 21  0    0    -0.93     3.31     4.57    -625.9     30.24     17.80     3.051     220108
2015  3 19 16 22  0    0    -0.76     2.78     5.45    -626.4     33.91     22.73     3.102     220108
2015  3 19 16 23  0    0    -0.24     1.94     5.94    -623.7     30.40     27.79     3.228     226039
2015  3 19 16 24  0    0    -0.17     1.54     6.21    -622.0     28.18     32.68     3.368     227144
2015  3 19 16 25  0    0     0.08     1.34     6.42    -619.8     27.68     35.38     3.385     222211
2015  3 19 16 26  0    0     0.22     1.01     6.54    -620.0     27.23     34.09     3.351     214283
2015  3 19 16 27  0    0     0.34     0.74     6.55    -621.4     23.70     32.27     3.310     209965
2015  3 19 16 28  0    0     0.55     0.74     6.52    -621.3     23.10     30.14     3.262     209365
2015  3 19 16 29  0    0     0.66     1.37     6.44    -618.6     26.65     28.74     3.228     210333
2015  3 19 16 30  0    0     0.79     2.10     6.15    -616.2     33.40     27.74     3.197     213234
2015  3 19 16 31  0    0     0.54     2.65     5.74    -619.1     40.41     25.26     3.257     215959
2015  3 19 16 32  0    0     0.42     3.47     5.29    -622.8     42.12     22.88     3.250     205546
2015  3 19 16 33  0    0     0.46     3.80     5.17    -622.0     41.80     21.27     3.272     202882
2015  3 19 16 34  0    0     0.41     3.67     5.17    -621.9     39.98     23.31     3.317     202882
2015  3 19 16 35  0    0     0.21     3.08     5.22    -624.1     33.89     27.60     3.303     196071
2015  3 19 16 36  0    0    -0.20     2.56     5.71    -627.1     33.08     29.02     3.301     194977
2015  3 19 16 37  0    0    -0.31     2.77     5.82    -626.5     35.53     28.92     3.393     192876
2015  3 19 16 38  0    0    -0.44     2.82     5.76    -627.6     35.40     29.00     3.433     188163
2015  3 19 16 39  0    0    -1.43     2.96     5.63    -638.1     34.10     28.08     3.574     184150
2015  3 19 16 40  0    0    -1.62     2.92     5.56    -640.3     35.73     25.93     3.504     180313
2015  3 19 16 41  0    0    -1.74     3.12     5.53    -639.6     38.89     25.16     3.458     173502
2015  3 19 16 42  0    0    -1.88     3.46     5.49    -638.3     40.80     25.51     3.443     162771
2015  3 19 16 43  0    0    -2.04     3.68     5.38    -637.7     42.63     27.04     3.430     157157
2015  3 19 16 44  0    0    -2.04     3.87     5.31    -637.2     44.65     27.72     3.399     157157
2015  3 19 16 45  0    0    -1.98     4.05     5.28    -636.8     45.12     27.03     3.348     153630
2015  3 19 16 46  0    0    -2.05     4.22     5.10    -636.5     45.21     25.12     3.346     150102
2015  3 19 16 47  0    0    -2.02     4.46     4.72    -636.4     47.21     19.86     3.432     157478
2015  3 19 16 48  0    0    -1.90     4.59     4.54    -636.0     49.72     15.45     3.522     165381
2015  3 19 16 49  0    0    -1.58     4.50     4.72    -631.3     50.32     14.93     3.558     159214
2015  3 19 16 50  0    0    -0.93     4.29     4.88    -622.1     49.52     15.04     3.559     144411
2015  3 19 16 51  0    0     0.34     3.58     4.86    -614.4     44.90     15.72     3.480     134185
2015  3 19 16 52  0    0     2.14     2.44     4.68    -607.8     36.93     16.89     3.332     127962
2015  3 19 16 53  0    0     2.88     1.50     4.13    -598.4     24.65     11.81     3.259     127859
2015  3 19 16 54  0    0     3.59     0.57     3.57    -588.9     12.29      6.63     3.188     127859
2015  3 19 16 55  0    0     4.36    -0.90     2.32    -580.9    -10.52     -6.95     3.185     129901
2015  3 19 16 56  0    0     5.12    -2.45     0.95    -573.2    -34.84    -21.80     3.194     132374
2015  3 19 16 57  0    0     5.58    -3.05     0.19    -568.3    -39.40    -24.17     3.239     139004
2015  3 19 16 58  0    0     5.89    -3.31    -0.20    -564.8    -38.16    -23.26     3.289     144883
2015  3 19 16 59  0    0     6.00    -3.36    -0.24    -562.9    -33.92    -20.21     3.329     148154
2015  3 19 17  0  0    0     5.92    -3.53    -0.12    -561.8    -32.48    -18.10     3.339     146699
2015  3 19 17  1  0    0     5.82    -3.74     0.03    -560.6    -32.58    -16.71     3.333     142632
2015  3 19 17  2  0    0     5.89    -3.69     0.17    -560.6    -33.93    -15.26     3.333     139689
2015  3 19 17  3  0    0     5.93    -3.54     0.39    -562.3    -34.01    -13.96     3.354     137158
2015  3 19 17  4  0    0     5.61    -3.92     0.02    -565.0    -35.29    -16.00     3.380     134090
2015  3 19 17  5  0    0     5.31    -4.36    -0.69    -566.4    -39.58    -18.77     3.391     131296
2015  3 19 17  6  0    0     5.20    -4.46    -0.88    -566.8    -42.75    -22.04     3.386     130299
2015  3 19 17  7  0    0     5.16    -4.46    -1.20    -567.3    -43.01    -26.15     3.380     132493
2015  3 19 17  8  0    0     5.13    -4.52    -1.45    -567.5    -42.82    -28.20     3.379     136854
2015  3 19 17  9  0    0     5.10    -4.47    -1.31    -567.2    -41.30    -27.85     3.350     138706
2015  3 19 17 10  0    0     5.16    -4.33    -1.15    -564.9    -40.25    -27.10     3.323     139039
2015  3 19 17 11  0    0     5.27    -4.17    -1.20    -562.5    -39.94    -27.38     3.312     139525
2015  3 19 17 12  0    0     5.29    -4.08    -1.62    -562.2    -40.19    -29.49     3.313     140154
2015  3 19 17 13  0    0     5.06    -4.17    -2.22    -563.3    -40.82    -31.98     3.312     140365
2015  3 19 17 14  0    0     4.86    -4.01    -2.75    -565.4    -40.60    -33.98     3.306     140584
2015  3 19 17 15  0    0     4.66    -3.88    -3.04    -567.6    -41.35    -36.09     3.293     140679
2015  3 19 17 16  0    0     4.59    -3.80    -2.93    -568.3    -35.40    -36.22     3.201     123794
2015  3 19 17 17  0    0     4.87    -3.76    -2.26    -567.1    -32.37    -32.05     3.092     116727
2015  3 19 17 18  0    0     5.24    -3.65    -1.52    -567.1    -27.82    -25.81     3.092     127887
2015  3 19 17 19  0    0     5.50    -3.00    -0.77    -567.0    -21.85    -18.05     3.149     142223
2015  3 19 17 20  0    0     5.59    -2.60     0.62    -566.7    -17.47    -10.18     3.170     147434
2015  3 19 17 21  0    0     5.52    -2.08     1.85    -568.5    -11.37     -1.01     3.277     147981
2015  3 19 17 22  0    0     4.77    -2.44     2.64    -581.4    -16.97      7.59     3.521     153874
2015  3 19 17 23  0    0     3.99    -3.90     1.79    -585.4    -24.57      0.71     3.519     148382
2015  3 19 17 24  0    0     3.88    -4.48     1.43    -584.2    -23.67     -2.25     3.461     146466
2015  3 19 17 25  0    0     4.39    -3.94     1.80    -580.8    -19.15      0.79     3.405     147018
2015  3 19 17 26  0    0     5.03    -3.03     2.37    -576.9    -13.99      5.86     3.366     147839
2015  3 19 17 27  0    0     5.30    -2.65     2.75    -574.2    -12.49      7.85     3.354     148433
2015  3 19 17 28  0    0     5.35    -2.58     2.89    -572.5    -10.15      9.24     3.367     148775
2015  3 19 17 29  0    0     5.34    -2.46     2.89    -574.2     -9.07     10.58     3.449     152521
2015  3 19 17 30  0    0     5.14    -2.38     3.40    -577.6     -5.10     13.37     3.497     154272
2015  3 19 17 31  0    0     4.82    -2.40     3.88    -577.9     -4.73     13.52     3.490     154948
2015  3 19 17 32  0    0     4.36    -2.61     4.30    -577.0     -5.89     12.65     3.446     156146
2015  3 19 17 33  0    0     4.42    -2.63     3.96    -577.5     -7.22     11.10     3.386     160796
2015  3 19 17 34  0    0     4.67    -2.48     3.50    -576.2     -5.86     11.00     3.353     170564
2015  3 19 17 35  0    0     4.86    -2.42     3.17    -575.9     -6.26      8.33     3.301     168227
2015  3 19 17 36  0    0     4.93    -2.58     2.80    -576.7     -6.78      5.07     3.270     157245
2015  3 19 17 37  0    0     4.81    -2.99     2.44    -576.8     -9.98     -0.84     3.314     157326
2015  3 19 17 38  0    0     4.70    -3.35     1.69    -576.7    -15.88     -9.75     3.430     158783
2015  3 19 17 39  0    0     4.78    -3.79     1.14    -574.2    -21.17    -16.98     3.553     162851
2015  3 19 17 40  0    0     4.69    -3.89     0.04    -572.8    -22.88    -21.06     3.605     162892
2015  3 19 17 41  0    0     4.60    -3.93    -0.78    -572.4    -25.50    -27.67     3.595     163223
2015  3 19 17 42  0    0     4.66    -3.49    -1.90    -575.4    -25.71    -34.14     3.597     163782
2015  3 19 17 43  0    0     4.36    -3.05    -3.08    -579.0    -21.51    -36.65     3.647     167279
2015  3 19 17 44  0    0     4.38    -2.79    -3.34    -580.9    -18.33    -37.37     3.650     168415
2015  3 19 17 45  0    0     4.36    -2.93    -3.27    -581.2    -18.82    -37.06     3.646     169541
2015  3 19 17 46  0    0     4.22    -3.22    -3.07    -580.7    -20.19    -36.14     3.643     175372
2015  3 19 17 47  0    0     4.21    -3.32    -2.98    -578.4    -19.77    -30.70     3.630     181150
2015  3 19 17 48  0    0     4.27    -3.07    -2.72    -574.5    -16.79    -19.75     3.603     181166
2015  3 19 17 49  0    0     4.26    -2.36    -1.07    -570.8    -14.43     -8.23     3.523     181166
2015  3 19 17 50  0    0     4.43    -2.32     1.96    -577.1    -20.62    -12.01     3.452     179985
2015  3 19 17 51  0    0     4.24    -2.93     1.86    -583.4    -28.81    -14.10     3.322     190651
2015  3 19 17 52  0    0     4.20    -3.25     1.39    -581.6    -35.19    -18.46     3.188     196581
2015  3 19 17 53  0    0     4.03    -3.22     0.61    -578.5    -40.75    -23.82     3.025     200639
2015  3 19 17 54  0    0     3.65    -3.24    -0.45    -577.4    -47.15    -30.50     2.832     203923
2015  3 19 17 55  0    0     3.24    -3.62    -1.34    -584.1    -53.32    -39.48     3.000     207578
2015  3 19 17 56  0    0     3.07    -3.91    -1.63    -587.1    -53.80    -42.60     3.070     210060
2015  3 19 17 57  0    0     3.15    -3.94    -1.86    -586.8    -49.50    -42.84     3.096     212254
2015  3 19 17 58  0    0     3.26    -3.77    -2.18    -585.3    -43.75    -39.70     3.101     214902
2015  3 19 17 59  0    0     3.63    -3.56    -2.37    -586.1    -38.26    -38.58     2.988     219612
2015  3 19 18  0  0    0     3.51    -3.31    -1.72    -588.8    -35.53    -32.42     2.864     226145
2015  3 19 18  1  0    0     3.82    -3.96    -0.82    -584.8    -35.17    -33.92     3.189     229881
2015  3 19 18  2  0    0     3.99    -4.35    -0.26    -582.9    -34.90    -34.14     3.512     215414
2015  3 19 18  3  0    0     4.13    -4.48    -0.08    -582.6    -35.13    -24.89     3.718     204375
2015  3 19 18  4  0    0     4.46    -4.42    -0.07    -583.9    -29.46    -16.60     3.925     209326
2015  3 19 18  5  0    0     4.23    -4.66     0.09    -586.3    -26.77    -14.45     4.071     227660
2015  3 19 18  6  0    0     4.01    -4.84     0.32    -587.3    -28.48    -12.57     4.091     231837
2015  3 19 18  7  0    0     3.75    -4.83     0.45    -587.5    -21.74     -6.94     4.084     221332
2015  3 19 18  8  0    0     3.88    -3.64     1.33    -587.7    -12.07     -5.16     4.081     214008
2015  3 19 18  9  0    0     3.63    -0.23     2.00    -591.0      2.91     -4.04     4.179     213824
2015  3 19 18 10  0    0     3.51     1.91     2.40    -590.9     31.79      8.01     4.190     223647
2015  3 19 18 11  0    0     3.55     2.38     2.63    -590.9     36.79      9.29     4.222     223117
2015  3 19 18 12  0    0     4.23     1.86     3.23    -587.5     36.51     16.33     4.073     215161
2015  3 19 18 13  0    0     4.30     1.27     3.46    -590.6     31.12     22.92     4.146     214494
2015  3 19 18 14  0    0     4.32     0.73     3.67    -590.8     21.68     22.64     4.356     236678
2015  3 19 18 15  0    0     4.44    -0.20     3.58    -587.4     12.71     19.22     4.387     237125
2015  3 19 18 16  0    0     4.43    -1.29     3.52    -583.8      4.36     14.21     4.377     239535
2015  3 19 18 17  0    0     4.54    -2.23     2.67    -581.2     -4.28      5.92     4.366     242376
2015  3 19 18 18  0    0     4.63    -2.72     1.21    -580.4    -12.98     -1.88     4.363     243982
2015  3 19 18 19  0    0     4.42    -2.06    -0.06    -582.1    -17.79    -13.20     4.325     242623
2015  3 19 18 20  0    0     3.90    -1.45    -1.27    -584.9    -23.52    -22.29     4.256     241466
2015  3 19 18 21  0    0     3.16    -1.27    -1.17    -596.2     -0.11    -17.58     4.223     250966
2015  3 19 18 22  0    0     2.95    -0.94    -1.51    -597.2      7.31     -8.50     4.238     249754
2015  3 19 18 23  0    0     3.06    -1.02    -1.83    -593.8      4.56    -10.77     4.271     246380
2015  3 19 18 24  0    0     3.38    -1.26    -1.98    -589.0     -4.02    -18.04     4.305     241134
2015  3 19 18 25  0    0     3.55    -1.26    -1.66    -586.0     -4.59    -18.53     4.307     240784
2015  3 19 18 26  0    0     3.93    -1.09    -0.85    -582.9     -2.32    -15.92     4.202     240784
2015  3 19 18 27  0    0     4.43    -1.57    -0.32    -580.9     -0.26    -13.23     4.117     235906
2015  3 19 18 28  0    0     4.83    -2.23    -0.27    -579.4     -1.53     -9.77     4.145     226773
2015  3 19 18 29  0    0     5.13    -2.04     0.20    -577.1     -3.84     -2.64     4.224     221068
2015  3 19 18 30  0    0     5.53    -1.45     1.57    -575.2     -2.19      7.51     4.265     221709
2015  3 19 18 31  0    0     5.55    -1.43     2.19    -575.4     -2.75     10.65     4.335     225952
2015  3 19 18 32  0    0     5.44    -2.37     2.35    -577.3    -10.56      7.49     4.426     225529
2015  3 19 18 33  0    0     5.35    -2.51     2.43    -577.9    -12.19      4.65     4.512     224314
2015  3 19 18 34  0    0     5.26    -2.19     2.10    -578.3     -9.50      4.70     4.585     224314
2015  3 19 18 35  0    0     5.16    -2.03     1.65    -577.8     -7.08      4.88     4.526     220553
2015  3 19 18 36  0    0     5.21    -2.15     1.36    -575.9     -7.76      5.36     4.286     208450
2015  3 19 18 37  0    0     5.48    -2.54     1.32    -573.2    -13.76      3.54     4.001     195652
2015  3 19 18 38  0    0     5.78    -2.11     1.44    -571.1    -10.33      4.01     3.894     195652
2015  3 19 18 39  0    0     5.89    -1.91     1.43    -570.0     -9.94     -2.14     3.872     199054
2015  3 19 18 40  0    0     5.74    -2.20     1.33    -569.6    -14.24     -5.93     3.856     199910
2015  3 19 18 41  0    0     5.30    -2.56     0.35    -571.2    -14.74    -10.24     3.803     210020
2015  3 19 18 42  0    0     5.14    -2.20    -0.76    -575.1    -12.83    -13.11     3.770     231033
2015  3 19 18 43  0    0     4.84    -1.62    -0.72    -576.6     -5.46     -9.48     3.799     238644
2015  3 19 18 44  0    0     4.83     0.02     1.26    -580.8      4.80     -0.44     3.934     226475
2015  3 19 18 45  0    0     4.85     1.60     2.81    -584.7     18.70     14.56     4.112     212276
2015  3 19 18 46  0    0     4.89     1.63     2.82    -585.1     35.17     17.41     4.264     218875
2015  3 19 18 47  0    0     4.71     2.63     2.71    -584.2     40.80     18.03     4.329     225383
2015  3 19 18 48  0    0     4.61     3.06     2.74    -582.9     40.85     18.61     4.341     227288
2015  3 19 18 49  0    0     4.71     2.94     2.71    -580.1     37.54     14.91     4.326     220163
2015  3 19 18 50  0    0     4.92     2.49     2.58    -576.6     31.97      9.10     4.274     208661
2015  3 19 18 51  0    0     5.18     1.15     2.53    -574.2     26.57      6.28     4.154     201993
2015  3 19 18 52  0    0     5.47     0.34     2.02    -572.7     21.28      2.38     4.072     201993
2015  3 19 18 53  0    0     5.52     0.29     1.95    -573.9     21.13     -1.78     4.053     204847
2015  3 19 18 54  0    0     5.54     1.29     1.61    -574.5     26.61      1.68     4.065     207681
2015  3 19 18 55  0    0     5.56     2.56     1.24    -576.4     33.19      5.88     4.120     214407
2015  3 19 18 56  0    0     5.50     2.56    -0.26    -579.1     30.52     -1.90     4.303     234428
2015  3 19 18 57  0    0     5.32     2.48    -1.33    -577.9     21.86    -15.72     4.272     227258
2015  3 19 18 58  0    0     5.23     2.28    -1.34    -573.2     15.12    -15.29     4.076     209332
2015  3 19 18 59  0    0     5.24     0.07     0.55    -574.9     11.71     -1.28     3.977     209737
2015  3 19 19  0  0    0     5.35    -1.04     2.23    -573.0     10.52      8.73     4.151     212771
2015  3 19 19  1  0    0     5.41     0.27     2.47    -575.0     21.93     10.45     4.215     212691
2015  3 19 19  2  0    0     5.10     2.55     1.86    -574.4     31.49      5.83     3.939     212052
2015  3 19 19  3  0    0     5.11     3.18     1.24    -576.5     37.57      2.21     3.969     212343
2015  3 19 19  4  0    0     4.84     3.02     0.78    -579.9     39.96     -5.11     3.928     216273
2015  3 19 19  5  0    0     4.43     3.28     0.46    -582.9     39.95     -7.97     3.949     223588
2015  3 19 19  6  0    0     4.38     3.29    -1.08    -587.2     33.20    -12.85     3.942     225782
2015  3 19 19  7  0    0     4.23     3.28    -0.46    -589.7     29.64    -14.99     3.924     212254
2015  3 19 19  8  0    0     4.11     3.65    -0.07    -591.1     37.43    -11.75     3.997     212242
2015  3 19 19  9  0    0     4.15     4.40    -0.30    -592.6     49.38     -4.53     4.130     215585
2015  3 19 19 10  0    0     3.56     5.05     0.14    -595.4     51.50     -4.41     4.246     216541
2015  3 19 19 11  0    0     2.71     5.66     0.80    -601.5     53.26      0.17     4.061     201775
2015  3 19 19 12  0    0     2.40     5.86     0.78    -604.3     54.49      0.54     3.932     188541
2015  3 19 19 13  0    0     2.39     5.84     0.76    -603.7     54.84      2.34     3.929     187274
2015  3 19 19 14  0    0     2.41     5.60     0.42    -602.0     52.20      4.08     3.907     193989
2015  3 19 19 15  0    0     2.56     5.03    -0.53    -600.4     45.41     -4.18     3.913     203461
2015  3 19 19 16  0    0     2.94     4.55    -0.94    -598.8     41.54    -10.24     3.908     207896
2015  3 19 19 17  0    0     3.03     4.68     1.51    -611.6     53.89     -7.32     4.316     209403
2015  3 19 19 18  0    0     2.17     5.30     0.91    -614.3     55.31     -6.03     4.110     206459
2015  3 19 19 19  0    0     1.42     5.83     0.08    -612.4     54.97     -3.82     4.083     200971
2015  3 19 19 20  0    0     1.48     5.86     0.22    -608.2     54.24      2.68     4.071     201016
2015  3 19 19 21  0    0     1.84     5.69     1.52    -604.5     54.23      6.05     4.071     202339
2015  3 19 19 22  0    0     1.96     5.64     2.39    -604.7     53.56     10.95     4.011     203272
2015  3 19 19 23  0    0     2.03     5.32     2.69    -604.4     52.90     17.82     3.981     204619
2015  3 19 19 24  0    0     2.52     4.64     3.00    -601.1     51.42     21.10     3.940     206923
2015  3 19 19 25  0    0     2.93     3.73     3.16    -598.7     47.66     23.18     3.838     210320
2015  3 19 19 26  0    0     3.13     2.85     2.98    -597.5     41.85     24.15     3.657     223696
2015  3 19 19 27  0    0     3.49     2.37     2.62    -593.8     36.88     19.65     3.517     238840
2015  3 19 19 28  0    0     4.15     2.24     2.36    -586.4     33.69      7.99     3.499     239889
2015  3 19 19 29  0    0     4.52     2.11     1.97    -583.5     28.43      1.25     3.460     244310
2015  3 19 19 30  0    0     4.63     1.89     1.80    -584.7     20.45     -1.03     3.395     252630
2015  3 19 19 31  0    0     2.36    -2.22    -0.05    -595.5      2.37     -9.72     3.484     255992
2015  3 19 19 32  0    0     1.88    -2.94    -0.50    -596.3     -8.75    -16.35     3.456     256160
2015  3 19 19 33  0    0     2.13    -3.52    -0.74    -595.4    -16.32    -22.79     3.414     256799
2015  3 19 19 34  0    0     2.83    -3.82    -0.79    -594.5    -22.44    -25.89     3.442     257622
2015  3 19 19 35  0    0     3.11    -3.99    -1.03    -594.8    -19.25    -23.42     3.523     253917
2015  3 19 19 36  0    0     3.23    -3.36    -0.78    -594.1     -9.83    -15.74     3.554     244111
2015  3 19 19 37  0    0     3.67    -0.83     0.46    -592.3    -10.03    -16.02     3.549     246058
2015  3 19 19 38  0    0     4.03    -0.79     0.27    -587.1     -8.12    -13.85     3.514     255792
2015  3 19 19 39  0    0     4.22    -0.84     0.22    -584.4     -6.39    -12.56     3.499     258063
2015  3 19 19 40  0    0     4.27    -0.78     1.06    -584.5      0.32     -5.87     3.551     250049
2015  3 19 19 41  0    0     4.18    -0.72     1.68    -585.5      5.20     -1.30     3.590     244088
2015  3 19 19 42  0    0     4.14    -0.72     2.15    -584.1      3.31      0.42     3.564     242474
2015  3 19 19 43  0    0     3.84    -1.39     3.40    -583.8     -7.61      2.18     3.416     235363
2015  3 19 19 44  0    0     3.79    -2.68     3.97    -589.2     -4.62     10.40     3.246     220210
2015  3 19 19 45  0    0     3.95    -2.89     3.96    -586.9     -2.25     10.43     3.188     209899
2015  3 19 19 46  0    0     4.56    -2.91     3.49    -584.3     -1.09      7.20     3.163     207885
2015  3 19 19 47  0    0     4.99    -2.95     2.90    -582.2     -1.46      2.65     3.169     208688
2015  3 19 19 48  0    0     5.32    -3.13     1.95    -579.9     -6.35     -3.93     3.202     213426
2015  3 19 19 49  0    0     5.70    -3.35     0.87    -577.6    -12.25    -10.73     3.259     222603
2015  3 19 19 50  0    0     5.92    -3.37     0.29    -577.0    -11.02    -13.79     3.343     234209
2015  3 19 19 51  0    0     5.90    -3.37    -0.40    -578.6     -9.29    -16.16     3.453     247668
2015  3 19 19 52  0    0     5.73    -3.54    -0.53    -581.2     -9.06    -17.82     3.526     255094
2015  3 19 19 53  0    0     5.67    -3.61    -0.60    -582.1     -9.19    -19.20     3.647     254545
2015  3 19 19 54  0    0     5.66    -3.54    -0.82    -581.5     -8.89    -21.19     3.869     252997
2015  3 19 19 55  0    0     5.60    -3.42    -1.42    -582.0     -8.61    -23.66     4.094     250728
2015  3 19 19 56  0    0     5.47    -3.57    -2.09    -582.9    -10.20    -25.80     4.304     243796
2015  3 19 19 57  0    0     5.19    -3.73    -2.33    -584.0    -12.78    -27.93     4.390     239631
2015  3 19 19 58  0    0     4.90    -3.60    -2.59    -584.3    -12.85    -28.76     4.394     240976
2015  3 19 19 59  0    0     4.79    -3.45    -2.83    -584.3    -14.57    -29.65     4.276     241632
2015  3 19 20  0  0    0     4.75    -3.43    -3.02    -584.3    -16.05    -30.48     4.098     240094
2015  3 19 20  1  0    0     4.76    -3.27    -3.33    -583.1    -17.31    -30.52     3.934     239326
2015  3 19 20  2  0    0     4.74    -3.18    -3.43    -581.7    -18.72    -29.97     3.776     242213
2015  3 19 20  3  0    0     4.69    -3.33    -3.39    -580.9    -20.31    -30.65     3.710     244926
2015  3 19 20  4  0    0     4.27    -3.49    -3.68    -582.6    -23.12    -33.39     3.720     235421
2015  3 19 20  5  0    0     3.84    -3.90    -4.10    -585.6    -25.60    -35.12     3.696     226657
2015  3 19 20  6  0    0     3.66    -3.98    -4.27    -587.0    -25.98    -35.52     3.673     226111
2015  3 19 20  7  0    0     3.58    -4.11    -4.34    -587.5    -27.05    -35.17     3.637     231397
2015  3 19 20  8  0    0     3.62    -4.23    -3.98    -588.1    -32.64    -34.74     3.628     236177
2015  3 19 20  9  0    0     3.43    -4.72    -3.44    -588.1    -39.02    -43.97     3.646     236631
2015  3 19 20 10  0    0     3.47    -4.71    -3.25    -585.7    -44.21    -45.00     3.653     223110
2015  3 19 20 11  0    0     3.63    -4.44    -3.16    -582.2    -43.26    -45.40     3.604     211601
2015  3 19 20 12  0    0     3.99    -3.75    -2.96    -579.3    -40.39    -45.72     3.545     205698
2015  3 19 20 13  0    0     4.57    -2.75    -2.63    -578.3    -37.13    -45.63     3.516     213547
2015  3 19 20 14  0    0     4.99    -2.30    -2.47    -577.4    -31.89    -41.73     3.516     233059
2015  3 19 20 15  0    0     5.06    -2.23    -2.46    -574.6    -27.08    -31.37     3.510     240374
2015  3 19 20 16  0    0     4.97    -2.18    -2.59    -574.3    -21.85    -32.68     3.511     240398
2015  3 19 20 17  0    0     4.88    -2.16    -2.63    -575.9    -16.88    -33.05     3.573     240590
2015  3 19 20 18  0    0     5.04    -2.24    -2.14    -577.2    -13.61    -32.91     3.637     241392
2015  3 19 20 19  0    0     5.01    -2.62    -2.03    -579.9    -14.65    -32.30     3.646     240724
2015  3 19 20 20  0    0     4.69    -3.21    -2.61    -582.7    -17.00    -34.25     3.634     239756
2015  3 19 20 21  0    0     4.25    -3.37    -3.20    -582.8    -17.73    -35.34     3.646     239087
2015  3 19 20 22  0    0     3.98    -3.33    -3.46    -582.1    -16.66    -35.67     3.660     236583
2015  3 19 20 23  0    0     4.07    -3.28    -3.32    -581.0    -15.75    -35.73     3.664     234855
2015  3 19 20 24  0    0     3.93    -3.29    -3.28    -582.3    -15.91    -35.61     3.665     235058
2015  3 19 20 25  0    0     3.68    -3.27    -3.53    -584.6    -13.88    -35.21     3.700     237322
2015  3 19 20 26  0    0     3.87    -3.14    -3.61    -584.7    -11.55    -34.92     3.721     238267
2015  3 19 20 27  0    0     3.97    -2.99    -3.75    -581.2     -8.63    -33.88     3.659     232507
2015  3 19 20 28  0    0     4.13    -2.48    -4.10    -576.9     -5.39    -32.85     3.577     226472
2015  3 19 20 29  0    0     4.56    -1.02    -4.82    -575.3     -2.09    -33.67     3.532     227913
2015  3 19 20 30  0    0     4.63    -0.14    -5.13    -577.6      2.22    -38.95     3.520     237677
2015  3 19 20 31  0    0     4.66    -0.14    -4.94    -576.9      2.08    -38.84     3.519     240028
2015  3 19 20 32  0    0     4.68    -0.71    -4.57    -575.3     -0.10    -38.18     3.582     237555
2015  3 19 20 33  0    0     4.76    -1.19    -4.22    -573.4     -1.79    -37.31     3.984     221349
2015  3 19 20 34  0    0     4.85    -1.49    -3.27    -572.1     -5.74    -36.71     3.834     221339
2015  3 19 20 35  0    0     5.11    -1.65    -3.09    -570.9     -6.40    -35.25     3.757     204389
2015  3 19 20 36  0    0     5.18    -1.60    -3.07    -573.0     -3.16    -37.16     3.638     201665
2015  3 19 20 37  0    0     5.15    -1.42    -3.73    -574.1     -2.70    -35.14     3.597     199579
2015  3 19 20 38  0    0     5.18    -1.06    -3.80    -572.9     -2.11    -35.92     3.578     199579
2015  3 19 20 39  0    0     5.37    -0.93    -3.80    -568.7      1.01    -35.22     3.569     199579
2015  3 19 20 40  0    0     5.41    -1.02    -3.71    -568.1      1.91    -35.03     3.534     203633
2015  3 19 20 41  0    0     5.49    -1.17    -3.60    -568.6      0.35    -35.11     3.496     205515
2015  3 19 20 42  0    0     5.35    -1.36    -3.49    -571.4     -3.97    -35.13     3.532     211123
2015  3 19 20 43  0    0     5.05    -1.85    -3.62    -573.3     -8.09    -36.78     3.625     211590
2015  3 19 20 44  0    0     4.90    -1.89    -3.85    -573.8     -8.19    -37.77     3.656     201195
2015  3 19 20 45  0    0     4.81    -2.01    -3.88    -574.3     -7.26    -37.82     3.660     199471
2015  3 19 20 46  0    0     4.65    -1.55    -4.42    -575.3     -7.09    -37.75     3.709     196408
2015  3 19 20 47  0    0     4.36    -1.49    -4.89    -576.5     -7.46    -38.45     3.710     192173
2015  3 19 20 48  0    0     4.17    -1.29    -5.13    -576.9     -9.51    -38.91     3.592     187199
2015  3 19 20 49  0    0     3.89    -1.35    -5.03    -576.5    -10.82    -40.58     3.475     187278
2015  3 19 20 50  0    0     3.85    -1.44    -4.83    -576.5    -13.12    -40.51     3.454     188961
2015  3 19 20 51  0    0     3.46    -2.00    -4.64    -581.5    -19.94    -39.58     3.538     199181
2015  3 19 20 52  0    0     2.54    -3.25    -4.45    -590.1    -26.85    -34.78     3.462     204121
2015  3 19 20 53  0    0     2.47    -3.57    -4.45    -590.5    -26.69    -32.28     3.282     196017
2015  3 19 20 54  0    0     2.71    -3.37    -4.50    -587.3    -23.28    -31.88     3.259     192379
2015  3 19 20 55  0    0     3.22    -2.79    -4.25    -581.2    -19.06    -31.15     3.261     191713
2015  3 19 20 56  0    0     3.75    -2.16    -3.93    -574.9    -15.13    -30.40     3.270     192649
2015  3 19 20 57  0    0     4.10    -1.77    -3.67    -571.0    -14.23    -29.98     3.283     199668
2015  3 19 20 58  0    0     3.87    -2.38    -3.39    -575.7    -19.13    -27.12     3.284     207411
2015  3 19 20 59  0    0     3.80    -3.46    -2.91    -575.9    -17.33    -36.07     3.193     211788
2015  3 19 21  0  0    0     3.94    -3.34    -2.45    -575.9    -15.09    -22.36     3.052     215080
2015  3 19 21  1  0    0     4.07    -2.89    -2.22    -575.5    -11.23    -20.63     2.986     218739
2015  3 19 21  2  0    0     4.18    -2.68    -1.89    -574.8     -5.94    -17.15     2.989     222826
2015  3 19 21  3  0    0     4.43    -2.60    -1.83    -574.9     -4.59    -15.19     2.984     226677
2015  3 19 21  4  0    0     4.67    -2.27    -2.03    -573.4     -4.58    -15.23     2.963     226697
2015  3 19 21  5  0    0     4.94    -2.20    -2.19    -571.6     -3.22    -15.87     2.949     227927
2015  3 19 21  6  0    0     5.05    -2.11    -2.19    -571.6     -0.31    -15.20     3.159     243035
2015  3 19 21  7  0    0     5.23    -1.79    -2.20    -570.4      4.99    -14.30     3.446     244422
2015  3 19 21  8  0    0     5.19    -1.24    -2.30    -571.7      9.16    -14.43     3.594     221061
2015  3 19 21  9  0    0     4.77    -0.15    -2.72    -577.6     10.48    -16.31     3.637     197083
2015  3 19 21 10  0    0     4.32    -0.01    -2.53    -578.1      7.62    -16.81     3.619     190107
2015  3 19 21 11  0    0     3.92    -0.08    -2.17    -581.7      7.30    -19.31     3.675     188867
2015  3 19 21 12  0    0     2.90     0.73    -3.05    -596.0      9.04    -30.07     4.012     219509
2015  3 19 21 13  0    0     1.95     0.89    -3.62    -595.0      7.58    -29.83     4.000     215606
2015  3 19 21 14  0    0     1.89     0.49    -3.42    -591.3      7.77    -27.57     3.904     205441
2015  3 19 21 15  0    0     2.25    -0.47    -2.78    -589.9     10.01    -25.67     3.868     200541
2015  3 19 21 16  0    0     2.40    -0.54    -2.67    -591.1     11.01    -24.26     3.517     196423
2015  3 19 21 17  0    0     2.63    -0.64    -2.51    -591.8     12.07    -25.55     3.448     196367
2015  3 19 21 18  0    0     2.69    -0.67    -2.59    -590.6     11.65    -25.73     3.754     195900
2015  3 19 21 19  0    0     2.57    -0.71    -2.42    -590.2     10.19    -25.93     3.885     195749
2015  3 19 21 20  0    0     2.25    -0.67    -1.94    -591.0      1.95    -28.33     3.861     187143
2015  3 19 21 21  0    0     2.02    -0.78    -1.78    -595.0      3.02    -27.38     3.850     187143
2015  3 19 21 22  0    0     2.28    -0.35    -1.61    -595.1      7.92    -26.44     3.856     187143
2015  3 19 21 23  0    0     2.94     1.13    -1.23    -593.0     16.68    -22.61     3.804     189722
2015  3 19 21 24  0    0     3.58     2.61    -0.77    -585.7     34.29    -13.12     3.579     198318
2015  3 19 21 25  0    0     4.00     3.76    -0.04    -580.5     45.14     -4.23     3.504     202187
2015  3 19 21 26  0    0     4.19     4.36     0.78    -578.4     48.92      2.08     3.559     199677
2015  3 19 21 27  0    0     4.25     4.33     0.76    -578.2     48.61     -0.42     3.596     194379
2015  3 19 21 28  0    0     4.27     4.41    -0.04    -576.5     47.56     -8.50     3.598     195089
2015  3 19 21 29  0    0     3.95     4.61    -0.23    -578.0     46.07    -11.65     3.644     199491
2015  3 19 21 30  0    0     3.67     4.49    -0.72    -577.9     42.51    -17.72     3.594     203779
2015  3 19 21 31  0    0     3.59     4.19    -1.62    -577.7     40.59    -24.88     3.562     204932
2015  3 19 21 32  0    0     3.42     3.33    -2.75    -578.9     37.48    -29.67     3.477     207472
2015  3 19 21 33  0    0     2.06     2.57    -4.40    -591.0     28.59    -38.69     3.246     209896
2015  3 19 21 34  0    0     2.14     2.95    -4.35    -594.2     29.25    -38.14     3.288     200019
2015  3 19 21 35  0    0     2.24     3.00    -4.16    -593.6     32.88    -35.95     3.438     199666
2015  3 19 21 36  0    0     2.57     3.19    -3.88    -591.9     37.10    -35.80     3.444     200081
2015  3 19 21 37  0    0     3.18     3.44    -3.11    -587.5     38.53    -33.82     3.441     202849
2015  3 19 21 38  0    0     3.21     3.89    -2.60    -586.9     45.26    -23.72     3.541     203356
2015  3 19 21 39  0    0     3.33     4.00    -2.04    -584.8     47.69    -14.22     3.605     206293
2015  3 19 21 40  0    0     3.56     4.00    -1.89    -583.3     48.33    -13.91     3.595     208439
2015  3 19 21 41  0    0     4.02     3.77    -1.80    -582.2     46.00    -14.60     3.621     209008
2015  3 19 21 42  0    0     4.27     3.80    -1.58    -581.8     44.72    -12.34     3.583     208115
2015  3 19 21 43  0    0     3.94     4.47    -0.97    -583.3     49.21     -8.27     3.505     206017
2015  3 19 21 44  0    0     3.73     4.80    -0.40    -584.1     51.67     -4.57     3.499     205227
2015  3 19 21 45  0    0     3.96     4.51    -0.05    -580.6     47.67     -3.04     3.522     208024
2015  3 19 21 46  0    0     4.27     4.08     0.33    -576.4     41.73     -2.35     3.497     211466
2015  3 19 21 47  0    0     4.26     3.77     0.81    -575.5     37.44     -3.25     3.260     211466
2015  3 19 21 48  0    0     4.26     3.44     0.93    -572.9     34.65     -9.55     3.185     211466
2015  3 19 21 49  0    0     4.51     2.62    -0.79    -571.3     34.27    -16.36     3.160     214890
2015  3 19 21 50  0    0     4.72     1.74    -1.97    -571.0     32.18    -20.40     3.188     215354
2015  3 19 21 51  0    0     4.86     1.28    -1.49    -572.7     28.52    -14.52     3.297     213483
2015  3 19 21 52  0    0     4.80     1.20    -1.23    -573.2     26.08    -13.29     3.210     199080
2015  3 19 21 53  0    0     4.77     1.05    -0.93    -572.2     24.71    -11.99     3.151     199080
2015  3 19 21 54  0    0     4.90     1.30    -0.25    -572.5     23.80     -6.67     3.127     207390
2015  3 19 21 55  0    0     4.78     1.13    -0.11    -576.6     20.07     -3.52     3.420     210616
2015  3 19 21 56  0    0     4.30     0.69    -0.66    -580.8     16.98     -4.41     3.526     217446
2015  3 19 21 57  0    0     4.27     0.67    -0.89    -579.1     18.08     -3.42     3.464     225415
2015  3 19 21 58  0    0     4.35     0.97    -0.66    -576.8     23.93      2.78     3.343     224610
2015  3 19 21 59  0    0     4.72     1.79     0.50    -575.2     31.48     13.23     3.231     220843
2015  3 19 22  0  0    0     4.92     2.30     1.73    -574.5     35.37     21.57     3.213     212895
2015  3 19 22  1  0    0     4.88     2.28     2.19    -574.6     36.36     23.02     3.245     198922
2015  3 19 22  2  0    0     4.82     2.27     2.56    -574.7     36.10     23.25     3.234     194653
2015  3 19 22  3  0    0     4.83     2.23     2.65    -574.2     35.62     24.40     3.261     192328
2015  3 19 22  4  0    0     4.85     1.85     2.78    -572.5     33.93     25.23     3.183     192328
2015  3 19 22  5  0    0     5.00     1.22     2.42    -571.3     27.30     23.24     3.060     191807
2015  3 19 22  6  0    0     5.01     0.60     1.67    -571.1     22.21     21.15     3.012     190158
2015  3 19 22  7  0    0     5.03     0.09    -0.24    -567.4     20.07     16.08     3.090     187781
2015  3 19 22  8  0    0     4.85    -0.22    -1.34    -573.6     15.11     -2.82     3.176     186581
2015  3 19 22  9  0    0     3.62    -0.40    -2.35    -578.5      7.82    -17.90     3.189     185979
2015  3 19 22 10  0    0     3.60    -0.55    -2.52    -579.0      7.59    -20.31     3.257     189096
2015  3 19 22 11  0    0     4.15    -0.43    -2.32    -578.5      8.38    -20.44     3.332     197242
2015  3 19 22 12  0    0     4.73    -0.06    -1.88    -577.0      9.60    -18.74     3.374     203704
2015  3 19 22 13  0    0     5.11     0.04    -1.03    -575.0      9.69    -12.16     3.423     207007
2015  3 19 22 14  0    0     5.39    -0.11    -0.60    -571.1     11.51     -4.40     3.372     208389
2015  3 19 22 15  0    0     5.59    -0.19    -0.15    -566.6     10.18      0.24     3.299     209250
2015  3 19 22 16  0    0     5.82    -0.11     0.28    -563.7     10.02      5.59     3.235     210429
2015  3 19 22 17  0    0     5.99     0.10     0.69    -563.3     11.87     10.28     3.177     214929
2015  3 19 22 18  0    0     5.98     0.16     1.11    -563.6     14.39     11.14     3.124     220425
2015  3 19 22 19  0    0     5.91     0.01     1.26    -563.5     16.52     11.24     3.106     220737
2015  3 19 22 20  0    0     5.86    -0.19     1.31    -563.1     17.44     11.11     3.107     220737
2015  3 19 22 21  0    0     5.71    -0.46     1.55    -563.0     19.76     11.90     3.126     225164
2015  3 19 22 22  0    0     5.54    -0.86     1.68    -563.4     20.98     12.13     3.142     234048
2015  3 19 22 23  0    0     5.54    -0.93     1.40    -562.9     20.70      9.21     3.144     236445
2015  3 19 22 24  0    0     5.42    -0.96     1.00    -561.9     20.80      5.92     3.133     237143
2015  3 19 22 25  0    0     5.03    -1.17     0.50    -560.8     21.10      4.50     3.126     236083
2015  3 19 22 26  0    0     4.59    -1.60    -0.94    -561.1     22.91      5.08     3.140     232346
2015  3 19 22 27  0    0     4.88    -0.22    -0.35    -565.3     28.12      9.12     3.193     228112
2015  3 19 22 28  0    0     5.06     2.11     0.51    -573.5     34.02     -2.08     3.444     205352
2015  3 19 22 29  0    0     3.99     3.00    -0.75    -581.0     40.58    -12.75     3.554     187503
2015  3 19 22 30  0    0     3.70     3.57    -1.68    -582.3     46.04    -13.27     3.508     188176
2015  3 19 22 31  0    0     3.85     3.64    -1.21    -579.0     46.23     -9.04     3.448     190873
2015  3 19 22 32  0    0     4.19     3.50    -0.05    -574.3     45.14     -0.57     3.376     194979
2015  3 19 22 33  0    0     4.68     2.86     1.21    -571.2     40.00      8.86     3.279     198230
2015  3 19 22 34  0    0     4.82     2.47     1.51    -571.7     35.40     16.22     3.263     200747
2015  3 19 22 35  0    0     5.16     2.05     1.73    -574.7     30.56     24.02     3.377     202698
2015  3 19 22 36  0    0     4.83     1.73     2.65    -576.1     27.52     25.61     3.469     201573
2015  3 19 22 37  0    0     4.71     1.29     3.31    -576.6     26.42     26.92     3.453     196023
2015  3 19 22 38  0    0     4.66     0.77     3.52    -576.1     25.66     29.79     3.371     195039
2015  3 19 22 39  0    0     4.73     0.59     3.56    -576.1     24.17     29.89     3.345     197295
2015  3 19 22 40  0    0     4.79    -0.04     3.36    -576.0     20.08     26.95     3.241     208149
2015  3 19 22 41  0    0     4.82    -0.74     3.12    -577.1     13.19     20.59     3.197     212419
2015  3 19 22 42  0    0     4.61    -1.57     2.97    -576.8      9.09     20.06     3.125     217159
2015  3 19 22 43  0    0     4.59    -1.81     2.90    -575.4      6.84     21.16     3.120     217159
2015  3 19 22 44  0    0     4.85    -1.75     2.87    -574.1      7.69     22.14     3.130     216171
2015  3 19 22 45  0    0     4.96    -1.67     2.83    -574.2      6.25     18.75     3.135     197379
2015  3 19 22 46  0    0     5.00    -1.95     2.24    -573.4      5.69      5.61     3.068     192326
2015  3 19 22 47  0    0     4.97    -2.04     1.45    -572.5      5.27     -0.41     3.036     192326
2015  3 19 22 48  0    0     4.95    -2.08     0.97    -571.7      6.60      2.52     3.048     191778
2015  3 19 22 49  0    0     4.92    -2.42     0.45    -575.9      2.96     -0.82     3.063     187507
2015  3 19 22 50  0    0     4.92    -2.98    -1.92    -576.7    -12.59    -19.64     3.065     173141
2015  3 19 22 51  0    0     4.85    -3.07    -2.66    -576.8    -16.36    -20.19     3.076     166168
2015  3 19 22 52  0    0     4.62    -3.13    -2.64    -576.4    -19.33    -20.18     3.103     169161
2015  3 19 22 53  0    0     4.51    -3.27    -2.54    -576.6    -24.38    -24.04     3.143     181337
2015  3 19 22 54  0    0     4.41    -3.44    -2.53    -577.4    -24.43    -24.08     3.118     182080
2015  3 19 22 55  0    0     4.31    -3.70    -2.80    -578.1    -22.80    -24.22     3.140     179996
2015  3 19 22 56  0    0     4.13    -3.80    -2.86    -580.3    -21.81    -23.10     3.220     175151
2015  3 19 22 57  0    0     3.61    -3.80    -2.90    -580.9    -21.46    -20.91     3.247     170586
2015  3 19 22 58  0    0     3.37    -3.39    -2.85    -579.7    -20.92    -20.59     3.245     165449
2015  3 19 22 59  0    0     3.84    -2.85    -2.74    -578.4    -19.85    -20.09     3.268     167263
2015  3 19 23  0  0    0     4.55    -2.86    -2.22    -577.2    -18.60    -16.97     3.288     175884
2015  3 19 23  1  0    0     4.59    -3.35    -0.59    -576.6    -18.59     -9.01     3.322     191639
2015  3 19 23  2  0    0     4.47    -3.82     0.27    -578.1    -17.86    -10.17     3.408     198474
2015  3 19 23  3  0    0     4.22    -4.06     0.09    -579.9    -18.85    -13.30     3.438     203686
2015  3 19 23  4  0    0     3.87    -4.37    -0.62    -583.5    -20.97    -17.54     3.371     201498
2015  3 19 23  5  0    0     3.61    -4.65    -0.95    -586.5    -23.93    -20.63     3.308     195406
2015  3 19 23  6  0    0     3.50    -4.75    -1.50    -588.0    -23.29    -23.07     3.329     192007
2015  3 19 23  7  0    0     3.56    -4.49    -2.38    -587.1    -21.93    -24.29     3.329     191738
2015  3 19 23  8  0    0     3.63    -3.96    -2.58    -584.9    -19.86    -27.35     3.310     193622
2015  3 19 23  9  0    0     3.66    -3.72    -2.68    -583.8    -22.47    -27.63     3.293     194413
2015  3 19 23 10  0    0     3.42    -4.05    -2.50    -585.5    -23.03    -24.03     3.304     188629
2015  3 19 23 11  0    0     3.29    -4.15    -2.64    -586.5    -25.83    -23.69     3.309     186650
2015  3 19 23 12  0    0     3.18    -4.07    -2.35    -586.6    -27.22    -21.73     3.292     188787
2015  3 19 23 13  0    0     3.13    -3.98    -1.97    -587.4    -26.95    -16.86     3.321     202550
2015  3 19 23 14  0    0     2.96    -3.47    -0.80    -592.6    -26.02    -17.14     3.434     207201
2015  3 19 23 15  0    0     2.23    -3.54    -0.98    -599.3    -21.87    -25.24     3.464     209528
2015  3 19 23 16  0    0     1.90    -3.89    -1.22    -600.6    -14.82    -20.44     3.403     209535
2015  3 19 23 17  0    0     2.11    -4.03    -1.42    -595.7    -11.76    -13.97     3.372     210393
2015  3 19 23 18  0    0     2.31    -4.03    -1.52    -588.3    -10.87     -8.55     3.367     211907
2015  3 19 23 19  0    0     3.27    -3.69    -1.65    -586.4     -6.76     -5.20     3.404     213830
2015  3 19 23 20  0    0     3.58    -1.82     0.39    -587.7      1.98      6.65     3.441     214262
2015  3 19 23 21  0    0     3.29    -1.58     2.08    -592.4      1.81     11.79     3.431     207432
2015  3 19 23 22  0    0     3.09    -1.97     2.40    -590.1      1.45     14.69     3.394     201051
2015  3 19 23 23  0    0     3.09    -2.76     0.87    -588.8     -2.79      5.83     3.275     201051
2015  3 19 23 24  0    0     3.15    -2.86     0.77    -585.8     -7.86     -5.89     3.261     202602
2015  3 19 23 25  0    0     3.24    -3.51    -0.56    -583.3    -12.53    -17.34     3.356     205723
2015  3 19 23 26  0    0     3.36    -3.98    -1.27    -583.1    -16.06    -24.37     3.433     207387
2015  3 19 23 27  0    0     3.37    -4.05    -1.47    -586.1    -15.09    -26.48     3.438     205838
2015  3 19 23 28  0    0     3.49    -3.80    -1.54    -585.3    -13.80    -25.38     3.361     203021
2015  3 19 23 29  0    0     3.75    -3.23    -1.41    -584.1    -11.37    -20.56     3.285     202102
2015  3 19 23 30  0    0     4.32    -2.73    -1.06    -582.9    -11.45    -13.46     3.248     202102
2015  3 19 23 31  0    0     4.40    -3.33     0.46    -585.6    -13.03      2.58     3.194     193478
2015  3 19 23 32  0    0     3.56    -4.05     1.18    -587.4    -14.85      8.80     3.151     188778
2015  3 19 23 33  0    0     2.33    -4.96     2.35    -605.6    -13.12     13.03     3.049     186459
2015  3 19 23 34  0    0     2.15    -4.83     2.96    -607.5    -12.81     14.14     3.068     186750
2015  3 19 23 35  0    0     1.95    -5.10     2.66    -608.7    -19.22     10.52     3.138     206849
2015  3 19 23 36  0    0     1.48    -5.57     1.91    -611.4    -25.45      2.93     3.169     210502
2015  3 19 23 37  0    0     1.32    -5.63     0.98    -613.6    -24.72     -2.80     3.148     206381
2015  3 19 23 38  0    0     1.25    -5.64     0.16    -613.8    -25.79     -7.95     3.091     192607
2015  3 19 23 39  0    0     1.22    -5.68    -0.04    -611.4    -29.96     -6.97     3.001     180833
2015  3 19 23 40  0    0     1.24    -5.74     0.05    -607.4    -27.64      0.98     2.891     170771
2015  3 19 23 41  0    0     1.38    -6.21     1.24    -609.4    -26.94      1.18     2.866     163000
2015  3 19 23 42  0    0     1.14    -6.25     1.49    -610.6    -20.60      1.73     2.838     163838
2015  3 19 23 43  0    0     1.25    -5.93     1.21    -608.6    -23.18     -1.35     2.800     169014
2015  3 19 23 44  0    0     2.12    -5.70     0.89    -603.1    -26.93     -3.26     2.799     176992
2015  3 19 23 45  0    0     2.49    -5.35     0.17    -596.5    -28.53     -6.56     2.858     189632
2015  3 19 23 46  0    0     2.58    -4.92    -0.80    -589.3    -28.87    -10.66     2.952     204972
2015  3 19 23 47  0    0     3.02    -4.59    -0.87    -585.5    -27.52    -13.51     2.977     207761
2015  3 19 23 48  0    0     3.22    -4.27    -1.81    -584.1    -27.80    -15.75     2.982     209003
2015  3 19 23 49  0    0     3.29    -4.49    -2.62    -589.6    -24.66    -17.23     2.930     210995
2015  3 19 23 50  0    0     2.43    -4.62    -2.62    -592.6    -19.75    -24.13     2.817     210089
2015  3 19 23 51  0    0     2.09    -3.56    -2.76    -610.3    -12.08    -27.76     2.661     206026
2015  3 19 23 52  0    0     1.53    -2.08    -2.70    -612.9     -8.23    -29.59     2.737     213357
2015  3 19 23 53  0    0     1.66    -1.78    -2.12    -612.2     -4.92    -29.72     2.843     215543
2015  3 19 23 54  0    0     1.83    -2.08    -2.19    -608.8     -1.91    -26.19     2.830     217209
2015  3 19 23 55  0    0     2.75    -3.21    -2.20    -606.3      1.88    -27.52     2.785     217209
2015  3 19 23 56  0    0     2.88    -3.15    -2.27    -603.9      4.58    -28.52     2.775     206099
2015  3 19 23 57  0    0     2.82    -3.13    -2.09    -605.5      7.88    -26.82     2.799     195864
2015  3 19 23 58  0    0     2.55    -3.11    -1.54    -605.1      9.73    -25.38     2.872     194752
2015  3 19 23 59  0    0     2.31    -3.09    -1.61    -609.4      8.59    -26.52     2.873     196507
2015  3 20  0  0  0    0     1.96    -2.43    -3.50    -608.0     -4.16    -34.35     2.845     198215
