Created with swmf_orbit_fetch.py on 2026-10-08 15:5241

#COOR
GSM

#START
2026 07 23 00 00 00 000 4.6592798E+00 4.5896764E+00 -9.6089543E-01
2026 07 23 00 01 00 000 4.6413395E+00 4.6096735E+00 -9.5195709E-01
2026 07 23 00 02 00 000 4.6233104E+00 4.6295846E+00 -9.4302393E-01
2026 07 23 00 03 00 000 4.6051932E+00 4.6494095E+00 -9.3409629E-01
2026 07 23 00 04 00 000 4.5869884E+00 4.6691479E+00 -9.2517449E-01
2026 07 23 00 05 00 000 4.5686968E+00 4.6888003E+00 -9.1625890E-01
2026 07 23 00 06 00 000 4.5503176E+00 4.7083647E+00 -9.0734959E-01
2026 07 23 00 07 00 000 4.5318519E+00 4.7278422E+00 -8.9844689E-01
2026 07 23 00 08 00 000 4.5132995E+00 4.7472313E+00 -8.8955110E-01
2026 07 23 00 09 00 000 4.4946616E+00 4.7665332E+00 -8.8066249E-01
2026 07 23 00 10 00 000 4.4759377E+00 4.7857464E+00 -8.7178127E-01
2026 07 23 00 11 00 000 4.4571288E+00 4.8048713E+00 -8.6290775E-01
2026 07 23 00 12 00 000 4.4382351E+00 4.8239079E+00 -8.5404219E-01
2026 07 23 00 13 00 000 4.4192566E+00 4.8428546E+00 -8.4518484E-01
2026 07 23 00 14 00 000 4.4001937E+00 4.8617121E+00 -8.3633586E-01
2026 07 23 00 15 00 000 4.3810475E+00 4.8804806E+00 -8.2749565E-01
2026 07 23 00 16 00 000 4.3618177E+00 4.8991588E+00 -8.1866440E-01
2026 07 23 00 17 00 000 4.3425047E+00 4.9177472E+00 -8.0984226E-01
2026 07 23 00 18 00 000 4.3231090E+00 4.9362449E+00 -8.0102961E-01
2026 07 23 00 19 00 000 4.3036309E+00 4.9546517E+00 -7.9222665E-01
2026 07 23 00 20 00 000 4.2840711E+00 4.9729681E+00 -7.8343364E-01
2026 07 23 00 21 00 000 4.2644297E+00 4.9911934E+00 -7.7465075E-01
2026 07 23 00 22 00 000 4.2447070E+00 5.0093274E+00 -7.6587824E-01
2026 07 23 00 23 00 000 4.2249030E+00 5.0273685E+00 -7.5711634E-01
2026 07 23 00 24 00 000 4.2050190E+00 5.0453186E+00 -7.4836533E-01
2026 07 23 00 25 00 000 4.1850544E+00 5.0631755E+00 -7.3962535E-01
2026 07 23 00 26 00 000 4.1650107E+00 5.0809410E+00 -7.3089670E-01
2026 07 23 00 27 00 000 4.1448872E+00 5.0986130E+00 -7.2217958E-01
2026 07 23 00 28 00 000 4.1246852E+00 5.1161926E+00 -7.1347425E-01
2026 07 23 00 29 00 000 4.1044042E+00 5.1336783E+00 -7.0478084E-01
2026 07 23 00 30 00 000 4.0840450E+00 5.1510707E+00 -6.9609957E-01
2026 07 23 00 31 00 000 4.0636083E+00 5.1683695E+00 -6.8743077E-01
2026 07 23 00 32 00 000 4.0430943E+00 5.1855745E+00 -6.7877455E-01
2026 07 23 00 33 00 000 4.0225031E+00 5.2026850E+00 -6.7013117E-01
2026 07 23 00 34 00 000 4.0018351E+00 5.2197007E+00 -6.6150077E-01
2026 07 23 00 35 00 000 3.9810908E+00 5.2366215E+00 -6.5288360E-01
2026 07 23 00 36 00 000 3.9602710E+00 5.2534478E+00 -6.4427987E-01
2026 07 23 00 37 00 000 3.9393757E+00 5.2701787E+00 -6.3568982E-01
2026 07 23 00 38 00 000 3.9184054E+00 5.2868143E+00 -6.2711353E-01
2026 07 23 00 39 00 000 3.8973601E+00 5.3033535E+00 -6.1855126E-01
2026 07 23 00 40 00 000 3.8762406E+00 5.3197968E+00 -6.1000320E-01
2026 07 23 00 41 00 000 3.8550474E+00 5.3361441E+00 -6.0146953E-01
2026 07 23 00 42 00 000 3.8337809E+00 5.3523952E+00 -5.9295050E-01
2026 07 23 00 43 00 000 3.8124415E+00 5.3685499E+00 -5.8444624E-01
2026 07 23 00 44 00 000 3.7910290E+00 5.3846067E+00 -5.7595687E-01
2026 07 23 00 45 00 000 3.7695447E+00 5.4005674E+00 -5.6748269E-01
2026 07 23 00 46 00 000 3.7479883E+00 5.4164298E+00 -5.5902379E-01
2026 07 23 00 47 00 000 3.7263602E+00 5.4321944E+00 -5.5058035E-01
2026 07 23 00 48 00 000 3.7046619E+00 5.4478623E+00 -5.4215265E-01
2026 07 23 00 49 00 000 3.6828925E+00 5.4634314E+00 -5.3374073E-01
2026 07 23 00 50 00 000 3.6610530E+00 5.4789021E+00 -5.2534482E-01
2026 07 23 00 51 00 000 3.6391440E+00 5.4942749E+00 -5.1696507E-01
2026 07 23 00 52 00 000 3.6171653E+00 5.5095483E+00 -5.0860163E-01
2026 07 23 00 53 00 000 3.5951177E+00 5.5247227E+00 -5.0025468E-01
2026 07 23 00 54 00 000 3.5730020E+00 5.5397987E+00 -4.9192441E-01
2026 07 23 00 55 00 000 3.5508179E+00 5.5547746E+00 -4.8361091E-01
2026 07 23 00 56 00 000 3.5285666E+00 5.5696517E+00 -4.7531441E-01
2026 07 23 00 57 00 000 3.5062473E+00 5.5844277E+00 -4.6703493E-01
2026 07 23 00 58 00 000 3.4838617E+00 5.5991044E+00 -4.5877276E-01
2026 07 23 00 59 00 000 3.4614099E+00 5.6136811E+00 -4.5052800E-01
2026 07 23 01 00 00 000 3.4388921E+00 5.6281574E+00 -4.4230079E-01
2026 07 23 01 01 00 000 3.4163085E+00 5.6425325E+00 -4.3409122E-01
2026 07 23 01 02 00 000 3.3936596E+00 5.6568062E+00 -4.2589945E-01
2026 07 23 01 03 00 000 3.3709461E+00 5.6709791E+00 -4.1772565E-01
2026 07 23 01 04 00 000 3.3481689E+00 5.6850515E+00 -4.0957000E-01
2026 07 23 01 05 00 000 3.3253277E+00 5.6990218E+00 -4.0143254E-01
2026 07 23 01 06 00 000 3.3024228E+00 5.7128901E+00 -3.9331340E-01
2026 07 23 01 07 00 000 3.2794554E+00 5.7266572E+00 -3.8521280E-01
2026 07 23 01 08 00 000 3.2564257E+00 5.7403224E+00 -3.7713081E-01
2026 07 23 01 09 00 000 3.2333333E+00 5.7538842E+00 -3.6906747E-01
2026 07 23 01 10 00 000 3.2101797E+00 5.7673443E+00 -3.6102303E-01
2026 07 23 01 11 00 000 3.1869647E+00 5.7807012E+00 -3.5299750E-01
2026 07 23 01 12 00 000 3.1636895E+00 5.7939559E+00 -3.4499112E-01
2026 07 23 01 13 00 000 3.1403536E+00 5.8071071E+00 -3.3700388E-01
2026 07 23 01 14 00 000 3.1169577E+00 5.8201545E+00 -3.2903591E-01
2026 07 23 01 15 00 000 3.0935027E+00 5.8330991E+00 -3.2108738E-01
2026 07 23 01 16 00 000 3.0699889E+00 5.8459402E+00 -3.1315838E-01
2026 07 23 01 17 00 000 3.0464162E+00 5.8586768E+00 -3.0524893E-01
2026 07 23 01 18 00 000 3.0227859E+00 5.8713100E+00 -2.9735926E-01
2026 07 23 01 19 00 000 2.9990976E+00 5.8838384E+00 -2.8948933E-01
2026 07 23 01 20 00 000 2.9753521E+00 5.8962624E+00 -2.8163930E-01
2026 07 23 01 21 00 000 2.9515503E+00 5.9085824E+00 -2.7380930E-01
2026 07 23 01 22 00 000 2.9276922E+00 5.9207975E+00 -2.6599938E-01
2026 07 23 01 23 00 000 2.9037778E+00 5.9329070E+00 -2.5820959E-01
2026 07 23 01 24 00 000 2.8798084E+00 5.9449118E+00 -2.5044008E-01
2026 07 23 01 25 00 000 2.8557844E+00 5.9568117E+00 -2.4269096E-01
2026 07 23 01 26 00 000 2.8317059E+00 5.9686059E+00 -2.3496223E-01
2026 07 23 01 27 00 000 2.8075732E+00 5.9802943E+00 -2.2725397E-01
2026 07 23 01 28 00 000 2.7833868E+00 5.9918765E+00 -2.1956627E-01
2026 07 23 01 29 00 000 2.7591480E+00 6.0033536E+00 -2.1189930E-01
2026 07 23 01 30 00 000 2.7348562E+00 6.0147242E+00 -2.0425297E-01
2026 07 23 01 31 00 000 2.7105125E+00 6.0259886E+00 -1.9662749E-01
2026 07 23 01 32 00 000 2.6861168E+00 6.0371460E+00 -1.8902280E-01
2026 07 23 01 33 00 000 2.6616703E+00 6.0481975E+00 -1.8143906E-01
2026 07 23 01 34 00 000 2.6371727E+00 6.0591415E+00 -1.7387628E-01
2026 07 23 01 35 00 000 2.6126253E+00 6.0699791E+00 -1.6633457E-01
2026 07 23 01 36 00 000 2.5880275E+00 6.0807089E+00 -1.5881389E-01
2026 07 23 01 37 00 000 2.5633808E+00 6.0913318E+00 -1.5131444E-01
2026 07 23 01 38 00 000 2.5386850E+00 6.1018471E+00 -1.4383610E-01
2026 07 23 01 39 00 000 2.5139411E+00 6.1122551E+00 -1.3637909E-01
2026 07 23 01 40 00 000 2.4891493E+00 6.1225557E+00 -1.2894334E-01
2026 07 23 01 41 00 000 2.4643099E+00 6.1327478E+00 -1.2152895E-01
2026 07 23 01 42 00 000 2.4394236E+00 6.1428321E+00 -1.1413595E-01
2026 07 23 01 43 00 000 2.4144908E+00 6.1528082E+00 -1.0676437E-01
2026 07 23 01 44 00 000 2.3895120E+00 6.1626758E+00 -9.9414258E-02
2026 07 23 01 45 00 000 2.3644875E+00 6.1724350E+00 -9.2085609E-02
2026 07 23 01 46 00 000 2.3394183E+00 6.1820859E+00 -8.4778578E-02
2026 07 23 01 47 00 000 2.3143043E+00 6.1916277E+00 -7.7493072E-02
2026 07 23 01 48 00 000 2.2891458E+00 6.2010603E+00 -7.0229084E-02
2026 07 23 01 49 00 000 2.2639444E+00 6.2103846E+00 -6.2986856E-02
2026 07 23 01 50 00 000 2.2386994E+00 6.2195992E+00 -5.5766192E-02
2026 07 23 01 51 00 000 2.2134117E+00 6.2287045E+00 -4.8567173E-02
2026 07 23 01 52 00 000 2.1880818E+00 6.2377003E+00 -4.1389848E-02
2026 07 23 01 53 00 000 2.1627105E+00 6.2465868E+00 -3.4234326E-02
2026 07 23 01 54 00 000 2.1372978E+00 6.2553634E+00 -2.7100462E-02
2026 07 23 01 55 00 000 2.1118441E+00 6.2640297E+00 -1.9988299E-02
2026 07 23 01 56 00 000 2.0863509E+00 6.2725875E+00 -1.2897995E-02
2026 07 23 01 57 00 000 2.0608169E+00 6.2810333E+00 -5.8292835E-03
2026 07 23 01 58 00 000 2.0352447E+00 6.2893707E+00 1.2174618E-03
2026 07 23 01 59 00 000 2.0096328E+00 6.2975963E+00 8.2426143E-03
2026 07 23 02 00 00 000 1.9839830E+00 6.3057118E+00 1.5245890E-02
2026 07 23 02 01 00 000 1.9582952E+00 6.3137171E+00 2.2227521E-02
2026 07 23 02 02 00 000 1.9325704E+00 6.3216115E+00 2.9187216E-02
2026 07 23 02 03 00 000 1.9068088E+00 6.3293953E+00 3.6125179E-02
2026 07 23 02 04 00 000 1.8810102E+00 6.3370674E+00 4.3041484E-02
2026 07 23 02 05 00 000 1.8551761E+00 6.3446288E+00 4.9936014E-02
2026 07 23 02 06 00 000 1.8293068E+00 6.3520793E+00 5.6808716E-02
2026 07 23 02 07 00 000 1.8034023E+00 6.3594182E+00 6.3659803E-02
2026 07 23 02 08 00 000 1.7774638E+00 6.3666463E+00 7.0489095E-02
2026 07 23 02 09 00 000 1.7514913E+00 6.3737628E+00 7.7296679E-02
2026 07 23 02 10 00 000 1.7254855E+00 6.3807675E+00 8.4082578E-02
2026 07 23 02 11 00 000 1.6994463E+00 6.3876602E+00 9.0846944E-02
2026 07 23 02 12 00 000 1.6733751E+00 6.3944412E+00 9.7589544E-02
2026 07 23 02 13 00 000 1.6472718E+00 6.4011103E+00 1.0431060E-01
2026 07 23 02 14 00 000 1.6211374E+00 6.4076680E+00 1.1101001E-01
2026 07 23 02 15 00 000 1.5949716E+00 6.4141126E+00 1.1768795E-01
2026 07 23 02 16 00 000 1.5687757E+00 6.4204452E+00 1.2434431E-01
2026 07 23 02 17 00 000 1.5425500E+00 6.4266665E+00 1.3097918E-01
2026 07 23 02 18 00 000 1.5162947E+00 6.4327744E+00 1.3759256E-01
2026 07 23 02 19 00 000 1.4900107E+00 6.4387705E+00 1.4418454E-01
2026 07 23 02 20 00 000 1.4636979E+00 6.4446537E+00 1.5075522E-01
2026 07 23 02 21 00 000 1.4373573E+00 6.4504239E+00 1.5730450E-01
2026 07 23 02 22 00 000 1.4109894E+00 6.4560818E+00 1.6383248E-01
2026 07 23 02 23 00 000 1.3845944E+00 6.4616267E+00 1.7033923E-01
2026 07 23 02 24 00 000 1.3581732E+00 6.4670590E+00 1.7682475E-01
2026 07 23 02 25 00 000 1.3317260E+00 6.4723781E+00 1.8328912E-01
2026 07 23 02 26 00 000 1.3052535E+00 6.4775841E+00 1.8973235E-01
2026 07 23 02 27 00 000 1.2787560E+00 6.4826768E+00 1.9615451E-01
2026 07 23 02 28 00 000 1.2522342E+00 6.4876566E+00 2.0255570E-01
2026 07 23 02 29 00 000 1.2256886E+00 6.4925233E+00 2.0893593E-01
2026 07 23 02 30 00 000 1.1991192E+00 6.4972764E+00 2.1529536E-01
2026 07 23 02 31 00 000 1.1725275E+00 6.5019163E+00 2.2163381E-01
2026 07 23 02 32 00 000 1.1459131E+00 6.5064423E+00 2.2795155E-01
2026 07 23 02 33 00 000 1.1192766E+00 6.5108547E+00 2.3424868E-01
2026 07 23 02 34 00 000 1.0926193E+00 6.5151542E+00 2.4052504E-01
2026 07 23 02 35 00 000 1.0659408E+00 6.5193394E+00 2.4678087E-01
2026 07 23 02 36 00 000 1.0392419E+00 6.5234108E+00 2.5301623E-01
2026 07 23 02 37 00 000 1.0125228E+00 6.5273681E+00 2.5923124E-01
2026 07 23 02 38 00 000 9.8578508E-01 6.5312122E+00 2.6542572E-01
2026 07 23 02 39 00 000 9.5902844E-01 6.5349423E+00 2.7159994E-01
2026 07 23 02 40 00 000 9.3225318E-01 6.5385584E+00 2.7775404E-01
2026 07 23 02 41 00 000 9.0546038E-01 6.5420600E+00 2.8388788E-01
2026 07 23 02 42 00 000 8.7864993E-01 6.5454479E+00 2.9000182E-01
2026 07 23 02 43 00 000 8.5182324E-01 6.5487219E+00 2.9609562E-01
2026 07 23 02 44 00 000 8.2497992E-01 6.5518814E+00 3.0216962E-01
2026 07 23 02 45 00 000 7.9812094E-01 6.5549268E+00 3.0822377E-01
2026 07 23 02 46 00 000 7.7124678E-01 6.5578581E+00 3.1425820E-01
2026 07 23 02 47 00 000 7.4435785E-01 6.5606746E+00 3.2027296E-01
2026 07 23 02 48 00 000 7.1745465E-01 6.5633770E+00 3.2626820E-01
2026 07 23 02 49 00 000 6.9053764E-01 6.5659649E+00 3.3224401E-01
2026 07 23 02 50 00 000 6.6360762E-01 6.5684387E+00 3.3820040E-01
2026 07 23 02 51 00 000 6.3666505E-01 6.5707981E+00 3.4413749E-01
2026 07 23 02 52 00 000 6.0970968E-01 6.5730424E+00 3.5005556E-01
2026 07 23 02 53 00 000 5.8274334E-01 6.5751726E+00 3.5595433E-01
2026 07 23 02 54 00 000 5.5576565E-01 6.5771882E+00 3.6183418E-01
2026 07 23 02 55 00 000 5.2877709E-01 6.5790891E+00 3.6769522E-01
2026 07 23 02 56 00 000 5.0177893E-01 6.5808756E+00 3.7353730E-01
2026 07 23 02 57 00 000 4.7477048E-01 6.5825471E+00 3.7936091E-01
2026 07 23 02 58 00 000 4.4775324E-01 6.5841046E+00 3.8516588E-01
2026 07 23 02 59 00 000 4.2072756E-01 6.5855467E+00 3.9095227E-01
2026 07 23 03 00 00 000 3.9369400E-01 6.5868746E+00 3.9672025E-01
2026 07 23 03 01 00 000 3.6665249E-01 6.5880874E+00 4.0247008E-01
2026 07 23 03 02 00 000 3.3960387E-01 6.5891858E+00 4.0820181E-01
2026 07 23 03 03 00 000 3.1254923E-01 6.5901697E+00 4.1391534E-01
2026 07 23 03 04 00 000 2.8548817E-01 6.5910383E+00 4.1961103E-01
2026 07 23 03 05 00 000 2.5842186E-01 6.5917923E+00 4.2528883E-01
2026 07 23 03 06 00 000 2.3135077E-01 6.5924318E+00 4.3094887E-01
2026 07 23 03 07 00 000 2.0427471E-01 6.5929564E+00 4.3659151E-01
2026 07 23 03 08 00 000 1.7719475E-01 6.5933659E+00 4.4221662E-01
2026 07 23 03 09 00 000 1.5011157E-01 6.5936608E+00 4.4782431E-01
2026 07 23 03 10 00 000 1.2302545E-01 6.5938409E+00 4.5341478E-01
2026 07 23 03 11 00 000 9.5937360E-02 6.5939064E+00 4.5898798E-01
2026 07 23 03 12 00 000 6.8846810E-02 6.5938572E+00 4.6454440E-01
2026 07 23 03 13 00 000 4.1754873E-02 6.5936930E+00 4.7008395E-01
2026 07 23 03 14 00 000 1.4662326E-02 6.5934137E+00 4.7560663E-01
2026 07 23 03 15 00 000 -1.2430271E-02 6.5930204E+00 4.8111264E-01
2026 07 23 03 16 00 000 -3.9523001E-02 6.5925122E+00 4.8660225E-01
2026 07 23 03 17 00 000 -6.6615089E-02 6.5918890E+00 4.9207549E-01
2026 07 23 03 18 00 000 -9.3706054E-02 6.5911509E+00 4.9753251E-01
2026 07 23 03 19 00 000 -1.2079474E-01 6.5902985E+00 5.0297325E-01
2026 07 23 03 20 00 000 -1.4788183E-01 6.5893314E+00 5.0839823E-01
2026 07 23 03 21 00 000 -1.7496576E-01 6.5882494E+00 5.1380721E-01
2026 07 23 03 22 00 000 -2.0204665E-01 6.5870531E+00 5.1920056E-01
2026 07 23 03 23 00 000 -2.2912331E-01 6.5857416E+00 5.2457814E-01
2026 07 23 03 24 00 000 -2.5619578E-01 6.5843162E+00 5.2994035E-01
2026 07 23 03 25 00 000 -2.8326385E-01 6.5827760E+00 5.3528739E-01
2026 07 23 03 26 00 000 -3.1032643E-01 6.5811208E+00 5.4061915E-01
2026 07 23 03 27 00 000 -3.3738289E-01 6.5793521E+00 5.4593585E-01
2026 07 23 03 28 00 000 -3.6443330E-01 6.5774680E+00 5.5123769E-01
2026 07 23 03 29 00 000 -3.9147670E-01 6.5754699E+00 5.5652476E-01
2026 07 23 03 30 00 000 -4.1851241E-01 6.5733570E+00 5.6179706E-01
2026 07 23 03 31 00 000 -4.4554063E-01 6.5711302E+00 5.6705506E-01
2026 07 23 03 32 00 000 -4.7256002E-01 6.5687892E+00 5.7229858E-01
2026 07 23 03 33 00 000 -4.9957075E-01 6.5663336E+00 5.7752797E-01
2026 07 23 03 34 00 000 -5.2657167E-01 6.5637639E+00 5.8274319E-01
2026 07 23 03 35 00 000 -5.5356346E-01 6.5610797E+00 5.8794478E-01
2026 07 23 03 36 00 000 -5.8054419E-01 6.5582814E+00 5.9313240E-01
2026 07 23 03 37 00 000 -6.0751349E-01 6.5553698E+00 5.9830627E-01
2026 07 23 03 38 00 000 -6.3447180E-01 6.5523432E+00 6.0346681E-01
2026 07 23 03 39 00 000 -6.6141772E-01 6.5492035E+00 6.0861392E-01
2026 07 23 03 40 00 000 -6.8835152E-01 6.5459495E+00 6.1374798E-01
2026 07 23 03 41 00 000 -7.1527193E-01 6.5425812E+00 6.1886886E-01
2026 07 23 03 42 00 000 -7.4217917E-01 6.5390996E+00 6.2397702E-01
2026 07 23 03 43 00 000 -7.6907188E-01 6.5355042E+00 6.2907227E-01
2026 07 23 03 44 00 000 -7.9595024E-01 6.5317947E+00 6.3415501E-01
2026 07 23 03 45 00 000 -8.2281351E-01 6.5279724E+00 6.3922534E-01
2026 07 23 03 46 00 000 -8.4966107E-01 6.5240355E+00 6.4428330E-01
2026 07 23 03 47 00 000 -8.7649258E-01 6.5199861E+00 6.4932920E-01
2026 07 23 03 48 00 000 -9.0330734E-01 6.5158230E+00 6.5436306E-01
2026 07 23 03 49 00 000 -9.3010487E-01 6.5115466E+00 6.5938505E-01
2026 07 23 03 50 00 000 -9.5688517E-01 6.5071567E+00 6.6439551E-01
2026 07 23 03 51 00 000 -9.8364679E-01 6.5026537E+00 6.6939426E-01
2026 07 23 03 52 00 000 -1.0103900E+00 6.4980378E+00 6.7438176E-01
2026 07 23 03 53 00 000 -1.0371141E+00 6.4933089E+00 6.7935805E-01
2026 07 23 03 54 00 000 -1.0638183E+00 6.4884670E+00 6.8432319E-01
2026 07 23 03 55 00 000 -1.0905025E+00 6.4835119E+00 6.8927751E-01
2026 07 23 03 56 00 000 -1.1171660E+00 6.4784444E+00 6.9422107E-01
2026 07 23 03 57 00 000 -1.1438079E+00 6.4732645E+00 6.9915410E-01
2026 07 23 03 58 00 000 -1.1704283E+00 6.4679712E+00 7.0407656E-01
2026 07 23 03 59 00 000 -1.1970268E+00 6.4625661E+00 7.0898888E-01
2026 07 23 04 00 00 000 -1.2236022E+00 6.4570484E+00 7.1389092E-01
2026 07 23 04 01 00 000 -1.2501543E+00 6.4514183E+00 7.1878298E-01
2026 07 23 04 02 00 000 -1.2766829E+00 6.4456761E+00 7.2366532E-01
2026 07 23 04 03 00 000 -1.3031867E+00 6.4398218E+00 7.2853784E-01
2026 07 23 04 04 00 000 -1.3296666E+00 6.4338556E+00 7.3340115E-01
2026 07 23 04 05 00 000 -1.3561205E+00 6.4277773E+00 7.3825484E-01
2026 07 23 04 06 00 000 -1.3825490E+00 6.4215874E+00 7.4309950E-01
2026 07 23 04 07 00 000 -1.4089511E+00 6.4152855E+00 7.4793504E-01
2026 07 23 04 08 00 000 -1.4353265E+00 6.4088724E+00 7.5276181E-01
2026 07 23 04 09 00 000 -1.4616744E+00 6.4023479E+00 7.5757975E-01
2026 07 23 04 10 00 000 -1.4879948E+00 6.3957116E+00 7.6238925E-01
2026 07 23 04 11 00 000 -1.5142867E+00 6.3889646E+00 7.6719031E-01
2026 07 23 04 12 00 000 -1.5405501E+00 6.3821063E+00 7.7198319E-01
2026 07 23 04 13 00 000 -1.5667841E+00 6.3751366E+00 7.7676797E-01
2026 07 23 04 14 00 000 -1.5929882E+00 6.3680565E+00 7.8154478E-01
2026 07 23 04 15 00 000 -1.6191620E+00 6.3608657E+00 7.8631387E-01
2026 07 23 04 16 00 000 -1.6453051E+00 6.3535638E+00 7.9107534E-01
2026 07 23 04 17 00 000 -1.6714170E+00 6.3461519E+00 7.9582946E-01
2026 07 23 04 18 00 000 -1.6974973E+00 6.3386291E+00 8.0057628E-01
2026 07 23 04 19 00 000 -1.7235447E+00 6.3309965E+00 8.0531579E-01
2026 07 23 04 20 00 000 -1.7495598E+00 6.3232539E+00 8.1004851E-01
2026 07 23 04 21 00 000 -1.7755414E+00 6.3154010E+00 8.1477435E-01
2026 07 23 04 22 00 000 -1.8014896E+00 6.3074381E+00 8.1949361E-01
2026 07 23 04 23 00 000 -1.8274032E+00 6.2993659E+00 8.2420632E-01
2026 07 23 04 24 00 000 -1.8532825E+00 6.2911844E+00 8.2891281E-01
2026 07 23 04 25 00 000 -1.8791261E+00 6.2828927E+00 8.3361296E-01
2026 07 23 04 26 00 000 -1.9049343E+00 6.2744920E+00 8.3830722E-01
2026 07 23 04 27 00 000 -1.9307060E+00 6.2659826E+00 8.4299551E-01
2026 07 23 04 28 00 000 -1.9564412E+00 6.2573637E+00 8.4767817E-01
2026 07 23 04 29 00 000 -1.9821387E+00 6.2486360E+00 8.5235513E-01
2026 07 23 04 30 00 000 -2.0077994E+00 6.2398001E+00 8.5702698E-01
2026 07 23 04 31 00 000 -2.0334212E+00 6.2308554E+00 8.6169333E-01
2026 07 23 04 32 00 000 -2.0590048E+00 6.2218025E+00 8.6635478E-01
2026 07 23 04 33 00 000 -2.0845490E+00 6.2126408E+00 8.7101121E-01
2026 07 23 04 34 00 000 -2.1100536E+00 6.2033721E+00 8.7566287E-01
2026 07 23 04 35 00 000 -2.1355178E+00 6.1939946E+00 8.8030982E-01
2026 07 23 04 36 00 000 -2.1609419E+00 6.1845095E+00 8.8495249E-01
2026 07 23 04 37 00 000 -2.1863242E+00 6.1749167E+00 8.8959057E-01
2026 07 23 04 38 00 000 -2.2116660E+00 6.1652169E+00 8.9422489E-01
2026 07 23 04 39 00 000 -2.2369645E+00 6.1554096E+00 8.9885476E-01
2026 07 23 04 40 00 000 -2.2622217E+00 6.1454960E+00 9.0348122E-01
2026 07 23 04 41 00 000 -2.2874353E+00 6.1354747E+00 9.0810375E-01
2026 07 23 04 42 00 000 -2.3126053E+00 6.1253467E+00 9.1272268E-01
2026 07 23 04 43 00 000 -2.3377311E+00 6.1151120E+00 9.1733814E-01
2026 07 23 04 44 00 000 -2.3628125E+00 6.1047717E+00 9.2195037E-01
2026 07 23 04 45 00 000 -2.3878496E+00 6.0943250E+00 9.2655971E-01
2026 07 23 04 46 00 000 -2.4128409E+00 6.0837722E+00 9.3116597E-01
2026 07 23 04 47 00 000 -2.4377859E+00 6.0731133E+00 9.3576927E-01
2026 07 23 04 48 00 000 -2.4626853E+00 6.0623488E+00 9.4037017E-01
2026 07 23 04 49 00 000 -2.4875371E+00 6.0514790E+00 9.4496828E-01
2026 07 23 04 50 00 000 -2.5123424E+00 6.0405042E+00 9.4956430E-01
2026 07 23 04 51 00 000 -2.5370993E+00 6.0294240E+00 9.5415789E-01
2026 07 23 04 52 00 000 -2.5618079E+00 6.0182389E+00 9.5874939E-01
2026 07 23 04 53 00 000 -2.5864681E+00 6.0069491E+00 9.6333905E-01
2026 07 23 04 54 00 000 -2.6110792E+00 5.9955552E+00 9.6792694E-01
2026 07 23 04 55 00 000 -2.6356401E+00 5.9840566E+00 9.7251299E-01
2026 07 23 04 56 00 000 -2.6601516E+00 5.9724544E+00 9.7709776E-01
2026 07 23 04 57 00 000 -2.6846115E+00 5.9607476E+00 9.8168084E-01
2026 07 23 04 58 00 000 -2.7090212E+00 5.9489377E+00 9.8626295E-01
2026 07 23 04 59 00 000 -2.7333793E+00 5.9370240E+00 9.9084397E-01
2026 07 23 05 00 00 000 -2.7576853E+00 5.9250074E+00 9.9542400E-01
2026 07 23 05 01 00 000 -2.7819387E+00 5.9128874E+00 1.0000031E+00
2026 07 23 05 02 00 000 -2.8061393E+00 5.9006648E+00 1.0045816E+00
2026 07 23 05 03 00 000 -2.8302866E+00 5.8883392E+00 1.0091596E+00
2026 07 23 05 04 00 000 -2.8543797E+00 5.8759113E+00 1.0137370E+00
2026 07 23 05 05 00 000 -2.8784187E+00 5.8633816E+00 1.0183142E+00
2026 07 23 05 06 00 000 -2.9024030E+00 5.8507495E+00 1.0228913E+00
2026 07 23 05 07 00 000 -2.9263317E+00 5.8380154E+00 1.0274682E+00
2026 07 23 05 08 00 000 -2.9502055E+00 5.8251806E+00 1.0320455E+00
2026 07 23 05 09 00 000 -2.9740224E+00 5.8122436E+00 1.0366228E+00
2026 07 23 05 10 00 000 -2.9977833E+00 5.7992059E+00 1.0412006E+00
2026 07 23 05 11 00 000 -3.0214871E+00 5.7860670E+00 1.0457788E+00
2026 07 23 05 12 00 000 -3.0451332E+00 5.7728277E+00 1.0503577E+00
2026 07 23 05 13 00 000 -3.0687215E+00 5.7594878E+00 1.0549373E+00
2026 07 23 05 14 00 000 -3.0922514E+00 5.7460480E+00 1.0595177E+00
2026 07 23 05 15 00 000 -3.1157226E+00 5.7325081E+00 1.0640992E+00
2026 07 23 05 16 00 000 -3.1391342E+00 5.7188683E+00 1.0686817E+00
2026 07 23 05 17 00 000 -3.1624860E+00 5.7051294E+00 1.0732654E+00
2026 07 23 05 18 00 000 -3.1857783E+00 5.6912912E+00 1.0778507E+00
2026 07 23 05 19 00 000 -3.2090096E+00 5.6773537E+00 1.0824373E+00
2026 07 23 05 20 00 000 -3.2321797E+00 5.6633173E+00 1.0870254E+00
2026 07 23 05 21 00 000 -3.2552883E+00 5.6491827E+00 1.0916152E+00
2026 07 23 05 22 00 000 -3.2783352E+00 5.6349498E+00 1.0962069E+00
2026 07 23 05 23 00 000 -3.3013197E+00 5.6206187E+00 1.1008005E+00
2026 07 23 05 24 00 000 -3.3242414E+00 5.6061898E+00 1.1053962E+00
2026 07 23 05 25 00 000 -3.3470997E+00 5.5916635E+00 1.1099939E+00
2026 07 23 05 26 00 000 -3.3698945E+00 5.5770398E+00 1.1145940E+00
2026 07 23 05 27 00 000 -3.3926253E+00 5.5623195E+00 1.1191964E+00
2026 07 23 05 28 00 000 -3.4152910E+00 5.5475018E+00 1.1238011E+00
2026 07 23 05 29 00 000 -3.4378924E+00 5.5325880E+00 1.1284087E+00
2026 07 23 05 30 00 000 -3.4604282E+00 5.5175778E+00 1.1330188E+00
2026 07 23 05 31 00 000 -3.4828981E+00 5.5024716E+00 1.1376317E+00
2026 07 23 05 32 00 000 -3.5053014E+00 5.4872694E+00 1.1422473E+00
2026 07 23 05 33 00 000 -3.5276381E+00 5.4719719E+00 1.1468660E+00
2026 07 23 05 34 00 000 -3.5499082E+00 5.4565792E+00 1.1514879E+00
2026 07 23 05 35 00 000 -3.5721105E+00 5.4410917E+00 1.1561129E+00
2026 07 23 05 36 00 000 -3.5942450E+00 5.4255095E+00 1.1607412E+00
2026 07 23 05 37 00 000 -3.6163107E+00 5.4098326E+00 1.1653727E+00
2026 07 23 05 38 00 000 -3.6383077E+00 5.3940619E+00 1.1700077E+00
2026 07 23 05 39 00 000 -3.6602355E+00 5.3781970E+00 1.1746463E+00
2026 07 23 05 40 00 000 -3.6820938E+00 5.3622387E+00 1.1792885E+00
2026 07 23 05 41 00 000 -3.7038818E+00 5.3461869E+00 1.1839344E+00
2026 07 23 05 42 00 000 -3.7255997E+00 5.3300424E+00 1.1885842E+00
2026 07 23 05 43 00 000 -3.7472462E+00 5.3138046E+00 1.1932377E+00
2026 07 23 05 44 00 000 -3.7688218E+00 5.2974748E+00 1.1978953E+00
2026 07 23 05 45 00 000 -3.7903255E+00 5.2810525E+00 1.2025568E+00
2026 07 23 05 46 00 000 -3.8117575E+00 5.2645386E+00 1.2072227E+00
2026 07 23 05 47 00 000 -3.8331166E+00 5.2479329E+00 1.2118927E+00
2026 07 23 05 48 00 000 -3.8544028E+00 5.2312357E+00 1.2165669E+00
2026 07 23 05 49 00 000 -3.8756159E+00 5.2144478E+00 1.2212455E+00
2026 07 23 05 50 00 000 -3.8967545E+00 5.1975686E+00 1.2259284E+00
2026 07 23 05 51 00 000 -3.9178199E+00 5.1805995E+00 1.2306160E+00
2026 07 23 05 52 00 000 -3.9388106E+00 5.1635400E+00 1.2353082E+00
2026 07 23 05 53 00 000 -3.9597257E+00 5.1463904E+00 1.2400048E+00
2026 07 23 05 54 00 000 -3.9805661E+00 5.1291516E+00 1.2447063E+00
2026 07 23 05 55 00 000 -4.0013300E+00 5.1118226E+00 1.2494124E+00
2026 07 23 05 56 00 000 -4.0220187E+00 5.0944055E+00 1.2541235E+00
2026 07 23 05 57 00 000 -4.0426301E+00 5.0768993E+00 1.2588393E+00
2026 07 23 05 58 00 000 -4.0631652E+00 5.0593051E+00 1.2635603E+00
2026 07 23 05 59 00 000 -4.0836227E+00 5.0416224E+00 1.2682861E+00
2026 07 23 06 00 00 000 -4.1040022E+00 5.0238517E+00 1.2730170E+00
2026 07 23 06 01 00 000 -4.1243045E+00 5.0059943E+00 1.2777532E+00
2026 07 23 06 02 00 000 -4.1445271E+00 4.9880488E+00 1.2824943E+00
2026 07 23 06 03 00 000 -4.1646721E+00 4.9700173E+00 1.2872409E+00
2026 07 23 06 04 00 000 -4.1847369E+00 4.9518985E+00 1.2919926E+00
2026 07 23 06 05 00 000 -4.2047223E+00 4.9336937E+00 1.2967495E+00
2026 07 23 06 06 00 000 -4.2246281E+00 4.9154033E+00 1.3015120E+00
2026 07 23 06 07 00 000 -4.2444534E+00 4.8970271E+00 1.3062799E+00
2026 07 23 06 08 00 000 -4.2641975E+00 4.8785652E+00 1.3110531E+00
2026 07 23 06 09 00 000 -4.2838605E+00 4.8600185E+00 1.3158318E+00
2026 07 23 06 10 00 000 -4.3034423E+00 4.8413872E+00 1.3206161E+00
2026 07 23 06 11 00 000 -4.3229425E+00 4.8226718E+00 1.3254060E+00
2026 07 23 06 12 00 000 -4.3423596E+00 4.8038719E+00 1.3302013E+00
2026 07 23 06 13 00 000 -4.3616948E+00 4.7849886E+00 1.3350024E+00
2026 07 23 06 14 00 000 -4.3809464E+00 4.7660216E+00 1.3398090E+00
2026 07 23 06 15 00 000 -4.4001154E+00 4.7469720E+00 1.3446215E+00
2026 07 23 06 16 00 000 -4.4192003E+00 4.7278394E+00 1.3494396E+00
2026 07 23 06 17 00 000 -4.4382008E+00 4.7086244E+00 1.3542633E+00
2026 07 23 06 18 00 000 -4.4571173E+00 4.6893275E+00 1.3590930E+00
2026 07 23 06 19 00 000 -4.4759484E+00 4.6699482E+00 1.3639282E+00
2026 07 23 06 20 00 000 -4.4946948E+00 4.6504881E+00 1.3687694E+00
2026 07 23 06 21 00 000 -4.5133552E+00 4.6309465E+00 1.3736162E+00
2026 07 23 06 22 00 000 -4.5319299E+00 4.6113243E+00 1.3784689E+00
2026 07 23 06 23 00 000 -4.5504187E+00 4.5916218E+00 1.3833275E+00
2026 07 23 06 24 00 000 -4.5688206E+00 4.5718391E+00 1.3881919E+00
2026 07 23 06 25 00 000 -4.5871359E+00 4.5519769E+00 1.3930623E+00
2026 07 23 06 26 00 000 -4.6053639E+00 4.5320352E+00 1.3979385E+00
2026 07 23 06 27 00 000 -4.6235036E+00 4.5120141E+00 1.4028204E+00
2026 07 23 06 28 00 000 -4.6415559E+00 4.4919147E+00 1.4077083E+00
2026 07 23 06 29 00 000 -4.6595201E+00 4.4717369E+00 1.4126022E+00
2026 07 23 06 30 00 000 -4.6773951E+00 4.4514809E+00 1.4175017E+00
2026 07 23 06 31 00 000 -4.6951814E+00 4.4311473E+00 1.4224072E+00
2026 07 23 06 32 00 000 -4.7128780E+00 4.4107361E+00 1.4273185E+00
2026 07 23 06 33 00 000 -4.7304854E+00 4.3902482E+00 1.4322358E+00
2026 07 23 06 34 00 000 -4.7480025E+00 4.3696836E+00 1.4371588E+00
2026 07 23 06 35 00 000 -4.7654292E+00 4.3490426E+00 1.4420877E+00
2026 07 23 06 36 00 000 -4.7827651E+00 4.3283256E+00 1.4470223E+00
2026 07 23 06 37 00 000 -4.8000107E+00 4.3075334E+00 1.4519629E+00
2026 07 23 06 38 00 000 -4.8171637E+00 4.2866652E+00 1.4569089E+00
2026 07 23 06 39 00 000 -4.8342258E+00 4.2657226E+00 1.4618609E+00
2026 07 23 06 40 00 000 -4.8511961E+00 4.2447056E+00 1.4668188E+00
2026 07 23 06 41 00 000 -4.8680736E+00 4.2236142E+00 1.4717821E+00
2026 07 23 06 42 00 000 -4.8848588E+00 4.2024490E+00 1.4767513E+00
2026 07 23 06 43 00 000 -4.9015507E+00 4.1812102E+00 1.4817260E+00
2026 07 23 06 44 00 000 -4.9181496E+00 4.1598986E+00 1.4867065E+00
2026 07 23 06 45 00 000 -4.9346553E+00 4.1385145E+00 1.4916926E+00
2026 07 23 06 46 00 000 -4.9510663E+00 4.1170574E+00 1.4966841E+00
2026 07 23 06 47 00 000 -4.9673836E+00 4.0955287E+00 1.5016813E+00
2026 07 23 06 48 00 000 -4.9836062E+00 4.0739282E+00 1.5066839E+00
2026 07 23 06 49 00 000 -4.9997338E+00 4.0522565E+00 1.5116919E+00
2026 07 23 06 50 00 000 -5.0157663E+00 4.0305137E+00 1.5167053E+00
2026 07 23 06 51 00 000 -5.0317039E+00 4.0087008E+00 1.5217242E+00
2026 07 23 06 52 00 000 -5.0475451E+00 3.9868173E+00 1.5267482E+00
2026 07 23 06 53 00 000 -5.0632903E+00 3.9648640E+00 1.5317775E+00
2026 07 23 06 54 00 000 -5.0789392E+00 3.9428414E+00 1.5368121E+00
2026 07 23 06 55 00 000 -5.0944920E+00 3.9207501E+00 1.5418519E+00
2026 07 23 06 56 00 000 -5.1099468E+00 3.8985893E+00 1.5468966E+00
2026 07 23 06 57 00 000 -5.1253051E+00 3.8763608E+00 1.5519464E+00
2026 07 23 06 58 00 000 -5.1405659E+00 3.8540643E+00 1.5570013E+00
2026 07 23 06 59 00 000 -5.1557284E+00 3.8317000E+00 1.5620610E+00
2026 07 23 07 00 00 000 -5.1707930E+00 3.8092686E+00 1.5671256E+00
2026 07 23 07 01 00 000 -5.1857593E+00 3.7867705E+00 1.5721949E+00
2026 07 23 07 02 00 000 -5.2006264E+00 3.7642056E+00 1.5772689E+00
2026 07 23 07 03 00 000 -5.2153953E+00 3.7415752E+00 1.5823477E+00
2026 07 23 07 04 00 000 -5.2300645E+00 3.7188788E+00 1.5874310E+00
2026 07 23 07 05 00 000 -5.2446344E+00 3.6961173E+00 1.5925188E+00
2026 07 23 07 06 00 000 -5.2591045E+00 3.6732910E+00 1.5976111E+00
2026 07 23 07 07 00 000 -5.2734742E+00 3.6503998E+00 1.6027076E+00
2026 07 23 07 08 00 000 -5.2877436E+00 3.6274446E+00 1.6078084E+00
2026 07 23 07 09 00 000 -5.3019126E+00 3.6044258E+00 1.6129134E+00
2026 07 23 07 10 00 000 -5.3159802E+00 3.5813432E+00 1.6180223E+00
2026 07 23 07 11 00 000 -5.3299473E+00 3.5581983E+00 1.6231355E+00
2026 07 23 07 12 00 000 -5.3438125E+00 3.5349903E+00 1.6282524E+00
2026 07 23 07 13 00 000 -5.3575760E+00 3.5117203E+00 1.6333732E+00
2026 07 23 07 14 00 000 -5.3712377E+00 3.4883885E+00 1.6384977E+00
2026 07 23 07 15 00 000 -5.3847973E+00 3.4649953E+00 1.6436258E+00
2026 07 23 07 16 00 000 -5.3982544E+00 3.4415412E+00 1.6487575E+00
2026 07 23 07 17 00 000 -5.4116087E+00 3.4180263E+00 1.6538926E+00
2026 07 23 07 18 00 000 -5.4248601E+00 3.3944513E+00 1.6590311E+00
2026 07 23 07 19 00 000 -5.4380082E+00 3.3708164E+00 1.6641727E+00
2026 07 23 07 20 00 000 -5.4510527E+00 3.3471220E+00 1.6693174E+00
2026 07 23 07 21 00 000 -5.4639934E+00 3.3233686E+00 1.6744651E+00
2026 07 23 07 22 00 000 -5.4768299E+00 3.2995564E+00 1.6796157E+00
2026 07 23 07 23 00 000 -5.4895627E+00 3.2756862E+00 1.6847692E+00
2026 07 23 07 24 00 000 -5.5021908E+00 3.2517580E+00 1.6899252E+00
2026 07 23 07 25 00 000 -5.5147139E+00 3.2277722E+00 1.6950837E+00
2026 07 23 07 26 00 000 -5.5271324E+00 3.2037296E+00 1.7002448E+00
2026 07 23 07 27 00 000 -5.5394454E+00 3.1796301E+00 1.7054080E+00
2026 07 23 07 28 00 000 -5.5516532E+00 3.1554745E+00 1.7105735E+00
2026 07 23 07 29 00 000 -5.5637555E+00 3.1312632E+00 1.7157411E+00
2026 07 23 07 30 00 000 -5.5757515E+00 3.1069962E+00 1.7209105E+00
2026 07 23 07 31 00 000 -5.5876415E+00 3.0826741E+00 1.7260817E+00
2026 07 23 07 32 00 000 -5.5994258E+00 3.0582979E+00 1.7312548E+00
2026 07 23 07 33 00 000 -5.6111028E+00 3.0338671E+00 1.7364291E+00
2026 07 23 07 34 00 000 -5.6226730E+00 3.0093824E+00 1.7416049E+00
2026 07 23 07 35 00 000 -5.6341367E+00 2.9848446E+00 1.7467820E+00
2026 07 23 07 36 00 000 -5.6454924E+00 2.9602532E+00 1.7519601E+00
2026 07 23 07 37 00 000 -5.6567416E+00 2.9356099E+00 1.7571393E+00
2026 07 23 07 38 00 000 -5.6678822E+00 2.9109138E+00 1.7623191E+00
2026 07 23 07 39 00 000 -5.6789157E+00 2.8861665E+00 1.7674998E+00
2026 07 23 07 40 00 000 -5.6898408E+00 2.8613675E+00 1.7726809E+00
2026 07 23 07 41 00 000 -5.7006576E+00 2.8365177E+00 1.7778624E+00
2026 07 23 07 42 00 000 -5.7113653E+00 2.8116169E+00 1.7830440E+00
2026 07 23 07 43 00 000 -5.7219655E+00 2.7866668E+00 1.7882259E+00
2026 07 23 07 44 00 000 -5.7324561E+00 2.7616664E+00 1.7934075E+00
2026 07 23 07 45 00 000 -5.7428373E+00 2.7366166E+00 1.7985888E+00
2026 07 23 07 46 00 000 -5.7531102E+00 2.7115186E+00 1.8037700E+00
2026 07 23 07 47 00 000 -5.7632732E+00 2.6863718E+00 1.8089505E+00
2026 07 23 07 48 00 000 -5.7733255E+00 2.6611763E+00 1.8141299E+00
2026 07 23 07 49 00 000 -5.7832692E+00 2.6359340E+00 1.8193088E+00
2026 07 23 07 50 00 000 -5.7931021E+00 2.6106441E+00 1.8244864E+00
2026 07 23 07 51 00 000 -5.8028247E+00 2.5853073E+00 1.8296627E+00
2026 07 23 07 52 00 000 -5.8124373E+00 2.5599244E+00 1.8348377E+00
2026 07 23 07 53 00 000 -5.8219395E+00 2.5344958E+00 1.8400112E+00
2026 07 23 07 54 00 000 -5.8313300E+00 2.5090210E+00 1.8451826E+00
2026 07 23 07 55 00 000 -5.8406108E+00 2.4835020E+00 1.8503525E+00
2026 07 23 07 56 00 000 -5.8497792E+00 2.4579374E+00 1.8555199E+00
2026 07 23 07 57 00 000 -5.8588363E+00 2.4323285E+00 1.8606849E+00
2026 07 23 07 58 00 000 -5.8677828E+00 2.4066766E+00 1.8658477E+00
2026 07 23 07 59 00 000 -5.8766168E+00 2.3809806E+00 1.8710075E+00
2026 07 23 08 00 00 000 -5.8853391E+00 2.3552418E+00 1.8761645E+00
2026 07 23 08 01 00 000 -5.8939496E+00 2.3294603E+00 1.8813186E+00
2026 07 23 08 02 00 000 -5.9024485E+00 2.3036372E+00 1.8864694E+00
2026 07 23 08 03 00 000 -5.9108344E+00 2.2777718E+00 1.8916167E+00
2026 07 23 08 04 00 000 -5.9191074E+00 2.2518651E+00 1.8967602E+00
2026 07 23 08 05 00 000 -5.9272681E+00 2.2259177E+00 1.9018998E+00
2026 07 23 08 06 00 000 -5.9353161E+00 2.1999299E+00 1.9070356E+00
2026 07 23 08 07 00 000 -5.9432512E+00 2.1739022E+00 1.9121670E+00
2026 07 23 08 08 00 000 -5.9510731E+00 2.1478346E+00 1.9172940E+00
2026 07 23 08 09 00 000 -5.9587815E+00 2.1217280E+00 1.9224161E+00
2026 07 23 08 10 00 000 -5.9663767E+00 2.0955827E+00 1.9275335E+00
2026 07 23 08 11 00 000 -5.9738585E+00 2.0693993E+00 1.9326459E+00
2026 07 23 08 12 00 000 -5.9812260E+00 2.0431775E+00 1.9377528E+00
2026 07 23 08 13 00 000 -5.9884802E+00 2.0169186E+00 1.9428543E+00
2026 07 23 08 14 00 000 -5.9956207E+00 1.9906229E+00 1.9479502E+00
2026 07 23 08 15 00 000 -6.0026461E+00 1.9642901E+00 1.9530399E+00
2026 07 23 08 16 00 000 -6.0095578E+00 1.9379217E+00 1.9581235E+00
2026 07 23 08 17 00 000 -6.0163553E+00 1.9115174E+00 1.9632008E+00
2026 07 23 08 18 00 000 -6.0230381E+00 1.8850780E+00 1.9682715E+00
2026 07 23 08 19 00 000 -6.0296061E+00 1.8586035E+00 1.9733352E+00
2026 07 23 08 20 00 000 -6.0360595E+00 1.8320946E+00 1.9783920E+00
2026 07 23 08 21 00 000 -6.0423982E+00 1.8055521E+00 1.9834416E+00
2026 07 23 08 22 00 000 -6.0486218E+00 1.7789758E+00 1.9884836E+00
2026 07 23 08 23 00 000 -6.0547302E+00 1.7523665E+00 1.9935179E+00
2026 07 23 08 24 00 000 -6.0607229E+00 1.7257242E+00 1.9985440E+00
2026 07 23 08 25 00 000 -6.0666008E+00 1.6990501E+00 2.0035622E+00
2026 07 23 08 26 00 000 -6.0723633E+00 1.6723444E+00 2.0085719E+00
2026 07 23 08 27 00 000 -6.0780096E+00 1.6456068E+00 2.0135727E+00
2026 07 23 08 28 00 000 -6.0835410E+00 1.6188388E+00 2.0185649E+00
2026 07 23 08 29 00 000 -6.0889559E+00 1.5920399E+00 2.0235477E+00
2026 07 23 08 30 00 000 -6.0942557E+00 1.5652115E+00 2.0285213E+00
2026 07 23 08 31 00 000 -6.0994390E+00 1.5383533E+00 2.0334852E+00
2026 07 23 08 32 00 000 -6.1045060E+00 1.5114659E+00 2.0384391E+00
2026 07 23 08 33 00 000 -6.1094573E+00 1.4845500E+00 2.0433830E+00
2026 07 23 08 34 00 000 -6.1142921E+00 1.4576056E+00 2.0483165E+00
2026 07 23 08 35 00 000 -6.1190100E+00 1.4306332E+00 2.0532392E+00
2026 07 23 08 36 00 000 -6.1236122E+00 1.4036337E+00 2.0581513E+00
2026 07 23 08 37 00 000 -6.1280977E+00 1.3766076E+00 2.0630522E+00
2026 07 23 08 38 00 000 -6.1324661E+00 1.3495544E+00 2.0679416E+00
2026 07 23 08 39 00 000 -6.1367183E+00 1.3224758E+00 2.0728194E+00
2026 07 23 08 40 00 000 -6.1408534E+00 1.2953711E+00 2.0776854E+00
2026 07 23 08 41 00 000 -6.1448714E+00 1.2682416E+00 2.0825390E+00
2026 07 23 08 42 00 000 -6.1487731E+00 1.2410872E+00 2.0873805E+00
2026 07 23 08 43 00 000 -6.1525570E+00 1.2139085E+00 2.0922091E+00
2026 07 23 08 44 00 000 -6.1562244E+00 1.1867063E+00 2.0970249E+00
2026 07 23 08 45 00 000 -6.1597744E+00 1.1594803E+00 2.1018275E+00
2026 07 23 08 46 00 000 -6.1632068E+00 1.1322316E+00 2.1066164E+00
2026 07 23 08 47 00 000 -6.1665228E+00 1.1049608E+00 2.1113920E+00
2026 07 23 08 48 00 000 -6.1697207E+00 1.0776674E+00 2.1161533E+00
2026 07 23 08 49 00 000 -6.1728012E+00 1.0503524E+00 2.1209004E+00
2026 07 23 08 50 00 000 -6.1757644E+00 1.0230169E+00 2.1256329E+00
2026 07 23 08 51 00 000 -6.1786100E+00 9.9566051E-01 2.1303506E+00
2026 07 23 08 52 00 000 -6.1813378E+00 9.6828360E-01 2.1350532E+00
2026 07 23 08 53 00 000 -6.1839482E+00 9.4088728E-01 2.1397406E+00
2026 07 23 08 54 00 000 -6.1864409E+00 9.1347140E-01 2.1444123E+00
2026 07 23 08 55 00 000 -6.1888156E+00 8.8603647E-01 2.1490680E+00
2026 07 23 08 56 00 000 -6.1910725E+00 8.5858327E-01 2.1537075E+00
2026 07 23 08 57 00 000 -6.1932116E+00 8.3111238E-01 2.1583306E+00
2026 07 23 08 58 00 000 -6.1952330E+00 8.0362356E-01 2.1629370E+00
2026 07 23 08 59 00 000 -6.1971366E+00 7.7611768E-01 2.1675264E+00
2026 07 23 09 00 00 000 -6.1989218E+00 7.4859555E-01 2.1720983E+00
2026 07 23 09 01 00 000 -6.2005892E+00 7.2105670E-01 2.1766528E+00
2026 07 23 09 02 00 000 -6.2021384E+00 6.9350245E-01 2.1811893E+00
2026 07 23 09 03 00 000 -6.2035700E+00 6.6593315E-01 2.1857077E+00
2026 07 23 09 04 00 000 -6.2048830E+00 6.3834886E-01 2.1902076E+00
2026 07 23 09 05 00 000 -6.2060782E+00 6.1075016E-01 2.1946888E+00
2026 07 23 09 06 00 000 -6.2071549E+00 5.8313762E-01 2.1991509E+00
2026 07 23 09 07 00 000 -6.2081140E+00 5.5551181E-01 2.2035938E+00
2026 07 23 09 08 00 000 -6.2089545E+00 5.2787250E-01 2.2080170E+00
2026 07 23 09 09 00 000 -6.2096772E+00 5.0022138E-01 2.2124204E+00
2026 07 23 09 10 00 000 -6.2102816E+00 4.7255761E-01 2.2168036E+00
2026 07 23 09 11 00 000 -6.2107676E+00 4.4488274E-01 2.2211662E+00
2026 07 23 09 12 00 000 -6.2111351E+00 4.1719617E-01 2.2255080E+00
2026 07 23 09 13 00 000 -6.2113849E+00 3.8949926E-01 2.2298288E+00
2026 07 23 09 14 00 000 -6.2115166E+00 3.6179171E-01 2.2341283E+00
2026 07 23 09 15 00 000 -6.2115295E+00 3.3407464E-01 2.2384060E+00
2026 07 23 09 16 00 000 -6.2114239E+00 3.0634816E-01 2.2426616E+00
2026 07 23 09 17 00 000 -6.2112011E+00 2.7861306E-01 2.2468952E+00
2026 07 23 09 18 00 000 -6.2108594E+00 2.5086950E-01 2.2511061E+00
2026 07 23 09 19 00 000 -6.2103998E+00 2.2311752E-01 2.2552943E+00
2026 07 23 09 20 00 000 -6.2098214E+00 1.9535823E-01 2.2594591E+00
2026 07 23 09 21 00 000 -6.2091251E+00 1.6759168E-01 2.2636005E+00
2026 07 23 09 22 00 000 -6.2083108E+00 1.3981911E-01 2.2677181E+00
2026 07 23 09 23 00 000 -6.2073782E+00 1.1204022E-01 2.2718117E+00
2026 07 23 09 24 00 000 -6.2063273E+00 8.4255733E-02 2.2758808E+00
2026 07 23 09 25 00 000 -6.2051584E+00 5.6465782E-02 2.2799253E+00
2026 07 23 09 26 00 000 -6.2038714E+00 2.8671096E-02 2.2839448E+00
2026 07 23 09 27 00 000 -6.2024665E+00 8.7261947E-04 2.2879389E+00
2026 07 23 09 28 00 000 -6.2009431E+00 -2.6930165E-02 2.2919074E+00
2026 07 23 09 29 00 000 -6.1993021E+00 -5.4736179E-02 2.2958502E+00
2026 07 23 09 30 00 000 -6.1975425E+00 -8.2545043E-02 2.2997664E+00
2026 07 23 09 31 00 000 -6.1956655E+00 -1.1035679E-01 2.3036564E+00
2026 07 23 09 32 00 000 -6.1936703E+00 -1.3817031E-01 2.3075195E+00
2026 07 23 09 33 00 000 -6.1915573E+00 -1.6598494E-01 2.3113553E+00
2026 07 23 09 34 00 000 -6.1893261E+00 -1.9380071E-01 2.3151636E+00
2026 07 23 09 35 00 000 -6.1869775E+00 -2.2161703E-01 2.3189443E+00
2026 07 23 09 36 00 000 -6.1845109E+00 -2.4943360E-01 2.3226968E+00
2026 07 23 09 37 00 000 -6.1819265E+00 -2.7725031E-01 2.3264209E+00
2026 07 23 09 38 00 000 -6.1792247E+00 -3.0506567E-01 2.3301164E+00
2026 07 23 09 39 00 000 -6.1764053E+00 -3.3287947E-01 2.3337828E+00
2026 07 23 09 40 00 000 -6.1734679E+00 -3.6069202E-01 2.3374197E+00
2026 07 23 09 41 00 000 -6.1704134E+00 -3.8850244E-01 2.3410272E+00
2026 07 23 09 42 00 000 -6.1672410E+00 -4.1630991E-01 2.3446045E+00
2026 07 23 09 43 00 000 -6.1639518E+00 -4.4411468E-01 2.3481518E+00
2026 07 23 09 44 00 000 -6.1605448E+00 -4.7191534E-01 2.3516683E+00
2026 07 23 09 45 00 000 -6.1570208E+00 -4.9971183E-01 2.3551540E+00
2026 07 23 09 46 00 000 -6.1533793E+00 -5.2750415E-01 2.3586083E+00
2026 07 23 09 47 00 000 -6.1496208E+00 -5.5529164E-01 2.3620312E+00
2026 07 23 09 48 00 000 -6.1457453E+00 -5.8307335E-01 2.3654223E+00
2026 07 23 09 49 00 000 -6.1417528E+00 -6.1084906E-01 2.3687811E+00
2026 07 23 09 50 00 000 -6.1376433E+00 -6.3861832E-01 2.3721074E+00
2026 07 23 09 51 00 000 -6.1334172E+00 -6.6638101E-01 2.3754010E+00
2026 07 23 09 52 00 000 -6.1290738E+00 -6.9413629E-01 2.3786614E+00
2026 07 23 09 53 00 000 -6.1246143E+00 -7.2188390E-01 2.3818885E+00
2026 07 23 09 54 00 000 -6.1200380E+00 -7.4962300E-01 2.3850817E+00
2026 07 23 09 55 00 000 -6.1153451E+00 -7.7735317E-01 2.3882408E+00
2026 07 23 09 56 00 000 -6.1105360E+00 -8.0507455E-01 2.3913657E+00
2026 07 23 09 57 00 000 -6.1056103E+00 -8.3278580E-01 2.3944556E+00
2026 07 23 09 58 00 000 -6.1005687E+00 -8.6048739E-01 2.3975108E+00
2026 07 23 09 59 00 000 -6.0954103E+00 -8.8817818E-01 2.4005304E+00
2026 07 23 10 00 00 000 -6.0901369E+00 -9.1585798E-01 2.4035147E+00
2026 07 23 10 01 00 000 -6.0847469E+00 -9.4352609E-01 2.4064627E+00
2026 07 23 10 02 00 000 -6.0792410E+00 -9.7118216E-01 2.4093745E+00
2026 07 23 10 03 00 000 -6.0736196E+00 -9.9882552E-01 2.4122497E+00
2026 07 23 10 04 00 000 -6.0678822E+00 -1.0264562E+00 2.4150879E+00
2026 07 23 10 05 00 000 -6.0620298E+00 -1.0540735E+00 2.4178890E+00
2026 07 23 10 06 00 000 -6.0560619E+00 -1.0816765E+00 2.4206525E+00
2026 07 23 10 07 00 000 -6.0499786E+00 -1.1092652E+00 2.4233782E+00
2026 07 23 10 08 00 000 -6.0437801E+00 -1.1368392E+00 2.4260656E+00
2026 07 23 10 09 00 000 -6.0374663E+00 -1.1643980E+00 2.4287145E+00
2026 07 23 10 10 00 000 -6.0310381E+00 -1.1919407E+00 2.4313247E+00
2026 07 23 10 11 00 000 -6.0244949E+00 -1.2194673E+00 2.4338958E+00
2026 07 23 10 12 00 000 -6.0178367E+00 -1.2469771E+00 2.4364273E+00
2026 07 23 10 13 00 000 -6.0110643E+00 -1.2744695E+00 2.4389191E+00
2026 07 23 10 14 00 000 -6.0041774E+00 -1.3019448E+00 2.4413710E+00
2026 07 23 10 15 00 000 -5.9971763E+00 -1.3294014E+00 2.4437824E+00
2026 07 23 10 16 00 000 -5.9900606E+00 -1.3568394E+00 2.4461530E+00
2026 07 23 10 17 00 000 -5.9828312E+00 -1.3842581E+00 2.4484827E+00
2026 07 23 10 18 00 000 -5.9754880E+00 -1.4116577E+00 2.4507711E+00
2026 07 23 10 19 00 000 -5.9680307E+00 -1.4390370E+00 2.4530178E+00
2026 07 23 10 20 00 000 -5.9604598E+00 -1.4663954E+00 2.4552225E+00
2026 07 23 10 21 00 000 -5.9527758E+00 -1.4937331E+00 2.4573851E+00
2026 07 23 10 22 00 000 -5.9449784E+00 -1.5210497E+00 2.4595052E+00
2026 07 23 10 23 00 000 -5.9370674E+00 -1.5483438E+00 2.4615822E+00
2026 07 23 10 24 00 000 -5.9290437E+00 -1.5756157E+00 2.4636161E+00
2026 07 23 10 25 00 000 -5.9209073E+00 -1.6028644E+00 2.4656066E+00
2026 07 23 10 26 00 000 -5.9126575E+00 -1.6300898E+00 2.4675531E+00
2026 07 23 10 27 00 000 -5.9042959E+00 -1.6572911E+00 2.4694557E+00
2026 07 23 10 28 00 000 -5.8958218E+00 -1.6844685E+00 2.4713139E+00
2026 07 23 10 29 00 000 -5.8872351E+00 -1.7116211E+00 2.4731273E+00
2026 07 23 10 30 00 000 -5.8785362E+00 -1.7387479E+00 2.4748955E+00
2026 07 23 10 31 00 000 -5.8697259E+00 -1.7658493E+00 2.4766187E+00
2026 07 23 10 32 00 000 -5.8608033E+00 -1.7929241E+00 2.4782960E+00
2026 07 23 10 33 00 000 -5.8517697E+00 -1.8199723E+00 2.4799276E+00
2026 07 23 10 34 00 000 -5.8426244E+00 -1.8469936E+00 2.4815129E+00
2026 07 23 10 35 00 000 -5.8333676E+00 -1.8739867E+00 2.4830515E+00
2026 07 23 10 36 00 000 -5.8240004E+00 -1.9009520E+00 2.4845435E+00
2026 07 23 10 37 00 000 -5.8145216E+00 -1.9278882E+00 2.4859881E+00
2026 07 23 10 38 00 000 -5.8049327E+00 -1.9547957E+00 2.4873856E+00
2026 07 23 10 39 00 000 -5.7952331E+00 -1.9816736E+00 2.4887352E+00
2026 07 23 10 40 00 000 -5.7854232E+00 -2.0085212E+00 2.4900368E+00
2026 07 23 10 41 00 000 -5.7755030E+00 -2.0353380E+00 2.4912901E+00
2026 07 23 10 42 00 000 -5.7654725E+00 -2.0621239E+00 2.4924945E+00
2026 07 23 10 43 00 000 -5.7553327E+00 -2.0888783E+00 2.4936503E+00
2026 07 23 10 44 00 000 -5.7450836E+00 -2.1156010E+00 2.4947570E+00
2026 07 23 10 45 00 000 -5.7347247E+00 -2.1422910E+00 2.4958140E+00
2026 07 23 10 46 00 000 -5.7242566E+00 -2.1689479E+00 2.4968212E+00
2026 07 23 10 47 00 000 -5.7136794E+00 -2.1955713E+00 2.4977783E+00
2026 07 23 10 48 00 000 -5.7029937E+00 -2.2221607E+00 2.4986852E+00
2026 07 23 10 49 00 000 -5.6921998E+00 -2.2487159E+00 2.4995415E+00
2026 07 23 10 50 00 000 -5.6812969E+00 -2.2752359E+00 2.5003467E+00
2026 07 23 10 51 00 000 -5.6702862E+00 -2.3017210E+00 2.5011008E+00
2026 07 23 10 52 00 000 -5.6591673E+00 -2.3281702E+00 2.5018034E+00
2026 07 23 10 53 00 000 -5.6479404E+00 -2.3545823E+00 2.5024540E+00
2026 07 23 10 54 00 000 -5.6366088E+00 -2.3809537E+00 2.5030529E+00
2026 07 23 10 55 00 000 -5.6251669E+00 -2.4072932E+00 2.5035992E+00
2026 07 23 10 56 00 000 -5.6136177E+00 -2.4335949E+00 2.5040929E+00
2026 07 23 10 57 00 000 -5.6019619E+00 -2.4598585E+00 2.5045338E+00
2026 07 23 10 58 00 000 -5.5901993E+00 -2.4860836E+00 2.5049216E+00
2026 07 23 10 59 00 000 -5.5783301E+00 -2.5122692E+00 2.5052558E+00
2026 07 23 11 00 00 000 -5.5663545E+00 -2.5384151E+00 2.5055363E+00
2026 07 23 11 01 00 000 -5.5542736E+00 -2.5645208E+00 2.5057629E+00
2026 07 23 11 02 00 000 -5.5420866E+00 -2.5905853E+00 2.5059352E+00
2026 07 23 11 03 00 000 -5.5297973E+00 -2.6166028E+00 2.5060531E+00
2026 07 23 11 04 00 000 -5.5173996E+00 -2.6425836E+00 2.5061159E+00
2026 07 23 11 05 00 000 -5.5048974E+00 -2.6685221E+00 2.5061238E+00
2026 07 23 11 06 00 000 -5.4922906E+00 -2.6944185E+00 2.5060766E+00
2026 07 23 11 07 00 000 -5.4795789E+00 -2.7202713E+00 2.5059736E+00
2026 07 23 11 08 00 000 -5.4667629E+00 -2.7460803E+00 2.5058148E+00
2026 07 23 11 09 00 000 -5.4538431E+00 -2.7718458E+00 2.5056000E+00
2026 07 23 11 10 00 000 -5.4408192E+00 -2.7975661E+00 2.5053287E+00
2026 07 23 11 11 00 000 -5.4276913E+00 -2.8232417E+00 2.5050008E+00
2026 07 23 11 12 00 000 -5.4144609E+00 -2.8488720E+00 2.5046163E+00
2026 07 23 11 13 00 000 -5.4011267E+00 -2.8744560E+00 2.5041744E+00
2026 07 23 11 14 00 000 -5.3876900E+00 -2.8999933E+00 2.5036752E+00
2026 07 23 11 15 00 000 -5.3741506E+00 -2.9254835E+00 2.5031184E+00
2026 07 23 11 16 00 000 -5.3605093E+00 -2.9509271E+00 2.5025040E+00
2026 07 23 11 17 00 000 -5.3467657E+00 -2.9763220E+00 2.5018314E+00
2026 07 23 11 18 00 000 -5.3329202E+00 -3.0016685E+00 2.5011003E+00
2026 07 23 11 19 00 000 -5.3189728E+00 -3.0269656E+00 2.5003105E+00
2026 07 23 11 20 00 000 -5.3049245E+00 -3.0522144E+00 2.4994622E+00
2026 07 23 11 21 00 000 -5.2907752E+00 -3.0774123E+00 2.4985547E+00
2026 07 23 11 22 00 000 -5.2765254E+00 -3.1025603E+00 2.4975880E+00
2026 07 23 11 23 00 000 -5.2621748E+00 -3.1276571E+00 2.4965617E+00
2026 07 23 11 24 00 000 -5.2477238E+00 -3.1527022E+00 2.4954755E+00
2026 07 23 11 25 00 000 -5.2331733E+00 -3.1776965E+00 2.4943296E+00
2026 07 23 11 26 00 000 -5.2185232E+00 -3.2026375E+00 2.4931234E+00
2026 07 23 11 27 00 000 -5.2037733E+00 -3.2275258E+00 2.4918567E+00
2026 07 23 11 28 00 000 -5.1889246E+00 -3.2523612E+00 2.4905294E+00
2026 07 23 11 29 00 000 -5.1739768E+00 -3.2771423E+00 2.4891411E+00
2026 07 23 11 30 00 000 -5.1589309E+00 -3.3018693E+00 2.4876919E+00
2026 07 23 11 31 00 000 -5.1437866E+00 -3.3265413E+00 2.4861813E+00
2026 07 23 11 32 00 000 -5.1285445E+00 -3.3511586E+00 2.4846093E+00
2026 07 23 11 33 00 000 -5.1132048E+00 -3.3757201E+00 2.4829756E+00
2026 07 23 11 34 00 000 -5.0977673E+00 -3.4002246E+00 2.4812798E+00
2026 07 23 11 35 00 000 -5.0822333E+00 -3.4246729E+00 2.4795220E+00
2026 07 23 11 36 00 000 -5.0666022E+00 -3.4490642E+00 2.4777018E+00
2026 07 23 11 37 00 000 -5.0508749E+00 -3.4733973E+00 2.4758191E+00
2026 07 23 11 38 00 000 -5.0350511E+00 -3.4976723E+00 2.4738736E+00
2026 07 23 11 39 00 000 -5.0191313E+00 -3.5218885E+00 2.4718650E+00
2026 07 23 11 40 00 000 -5.0031161E+00 -3.5460454E+00 2.4697933E+00
2026 07 23 11 41 00 000 -4.9870060E+00 -3.5701434E+00 2.4676586E+00
2026 07 23 11 42 00 000 -4.9708006E+00 -3.5941807E+00 2.4654601E+00
2026 07 23 11 43 00 000 -4.9545006E+00 -3.6181575E+00 2.4631980E+00
2026 07 23 11 44 00 000 -4.9381061E+00 -3.6420733E+00 2.4608719E+00
2026 07 23 11 45 00 000 -4.9216176E+00 -3.6659268E+00 2.4584817E+00
2026 07 23 11 46 00 000 -4.9050356E+00 -3.6897186E+00 2.4560273E+00
2026 07 23 11 47 00 000 -4.8883601E+00 -3.7134480E+00 2.4535085E+00
2026 07 23 11 48 00 000 -4.8715913E+00 -3.7371141E+00 2.4509250E+00
2026 07 23 11 49 00 000 -4.8547302E+00 -3.7607170E+00 2.4482769E+00
2026 07 23 11 50 00 000 -4.8377762E+00 -3.7842553E+00 2.4455636E+00
2026 07 23 11 51 00 000 -4.8207307E+00 -3.8077300E+00 2.4427856E+00
2026 07 23 11 52 00 000 -4.8035926E+00 -3.8311385E+00 2.4399418E+00
2026 07 23 11 53 00 000 -4.7863635E+00 -3.8544822E+00 2.4370328E+00
2026 07 23 11 54 00 000 -4.7690431E+00 -3.8777595E+00 2.4340581E+00
2026 07 23 11 55 00 000 -4.7516321E+00 -3.9009707E+00 2.4310178E+00
2026 07 23 11 56 00 000 -4.7341304E+00 -3.9241150E+00 2.4279116E+00
2026 07 23 11 57 00 000 -4.7165388E+00 -3.9471916E+00 2.4247393E+00
2026 07 23 11 58 00 000 -4.6988573E+00 -3.9702006E+00 2.4215008E+00
2026 07 23 11 59 00 000 -4.6810860E+00 -3.9931402E+00 2.4181957E+00
2026 07 23 12 00 00 000 -4.6632260E+00 -4.0160119E+00 2.4148244E+00
2026 07 23 12 01 00 000 -4.6452768E+00 -4.0388135E+00 2.4113863E+00
2026 07 23 12 02 00 000 -4.6272396E+00 -4.0615459E+00 2.4078816E+00
2026 07 23 12 03 00 000 -4.6091140E+00 -4.0842075E+00 2.4043098E+00
2026 07 23 12 04 00 000 -4.5909008E+00 -4.1067985E+00 2.4006712E+00
2026 07 23 12 05 00 000 -4.5726001E+00 -4.1293179E+00 2.3969652E+00
2026 07 23 12 06 00 000 -4.5542122E+00 -4.1517655E+00 2.3931920E+00
2026 07 23 12 07 00 000 -4.5357376E+00 -4.1741407E+00 2.3893514E+00
2026 07 23 12 08 00 000 -4.5171767E+00 -4.1964434E+00 2.3854432E+00
2026 07 23 12 09 00 000 -4.4985299E+00 -4.2186729E+00 2.3814675E+00
2026 07 23 12 10 00 000 -4.4797974E+00 -4.2408283E+00 2.3774240E+00
2026 07 23 12 11 00 000 -4.4609790E+00 -4.2629089E+00 2.3733123E+00
2026 07 23 12 12 00 000 -4.4420764E+00 -4.2849158E+00 2.3691331E+00
2026 07 23 12 13 00 000 -4.4230889E+00 -4.3068469E+00 2.3648856E+00
2026 07 23 12 14 00 000 -4.4040175E+00 -4.3287032E+00 2.3605702E+00
2026 07 23 12 15 00 000 -4.3848618E+00 -4.3504822E+00 2.3561861E+00
2026 07 23 12 16 00 000 -4.3656223E+00 -4.3721843E+00 2.3517336E+00
2026 07 23 12 17 00 000 -4.3463004E+00 -4.3938103E+00 2.3472130E+00
2026 07 23 12 18 00 000 -4.3268952E+00 -4.4153579E+00 2.3426236E+00
2026 07 23 12 19 00 000 -4.3074081E+00 -4.4368281E+00 2.3379659E+00
2026 07 23 12 20 00 000 -4.2878386E+00 -4.4582191E+00 2.3332392E+00
2026 07 23 12 21 00 000 -4.2681879E+00 -4.4795318E+00 2.3284440E+00
2026 07 23 12 22 00 000 -4.2484553E+00 -4.5007641E+00 2.3235796E+00
2026 07 23 12 23 00 000 -4.2286421E+00 -4.5219165E+00 2.3186464E+00
2026 07 23 12 24 00 000 -4.2087485E+00 -4.5429890E+00 2.3136443E+00
2026 07 23 12 25 00 000 -4.1887744E+00 -4.5639797E+00 2.3085729E+00
2026 07 23 12 26 00 000 -4.1687209E+00 -4.5848894E+00 2.3034326E+00
2026 07 23 12 27 00 000 -4.1485875E+00 -4.6057167E+00 2.2982229E+00
2026 07 23 12 28 00 000 -4.1283757E+00 -4.6264622E+00 2.2929442E+00
2026 07 23 12 29 00 000 -4.1080849E+00 -4.6471244E+00 2.2875961E+00
2026 07 23 12 30 00 000 -4.0877160E+00 -4.6677034E+00 2.2821787E+00
2026 07 23 12 31 00 000 -4.0672691E+00 -4.6881983E+00 2.2766918E+00
2026 07 23 12 32 00 000 -4.0467446E+00 -4.7086087E+00 2.2711355E+00
2026 07 23 12 33 00 000 -4.0261437E+00 -4.7289351E+00 2.2655100E+00
2026 07 23 12 34 00 000 -4.0054657E+00 -4.7491756E+00 2.2598148E+00
2026 07 23 12 35 00 000 -3.9847113E+00 -4.7693303E+00 2.2540501E+00
2026 07 23 12 36 00 000 -3.9638810E+00 -4.7893988E+00 2.2482158E+00
2026 07 23 12 37 00 000 -3.9429758E+00 -4.8093811E+00 2.2423122E+00
2026 07 23 12 38 00 000 -3.9219946E+00 -4.8292752E+00 2.2363386E+00
2026 07 23 12 39 00 000 -3.9009393E+00 -4.8490823E+00 2.2302957E+00
2026 07 23 12 40 00 000 -3.8798094E+00 -4.8688010E+00 2.2241830E+00
2026 07 23 12 41 00 000 -3.8586057E+00 -4.8884313E+00 2.2180008E+00
2026 07 23 12 42 00 000 -3.8373288E+00 -4.9079727E+00 2.2117490E+00
2026 07 23 12 43 00 000 -3.8159783E+00 -4.9274238E+00 2.2054273E+00
2026 07 23 12 44 00 000 -3.7945556E+00 -4.9467858E+00 2.1990364E+00
2026 07 23 12 45 00 000 -3.7730602E+00 -4.9660565E+00 2.1925755E+00
2026 07 23 12 46 00 000 -3.7514936E+00 -4.9852374E+00 2.1860454E+00
2026 07 23 12 47 00 000 -3.7298551E+00 -5.0043261E+00 2.1794455E+00
2026 07 23 12 48 00 000 -3.7081455E+00 -5.0233227E+00 2.1727759E+00
2026 07 23 12 49 00 000 -3.6863655E+00 -5.0422276E+00 2.1660370E+00
2026 07 23 12 50 00 000 -3.6645150E+00 -5.0610391E+00 2.1592283E+00
2026 07 23 12 51 00 000 -3.6425947E+00 -5.0797572E+00 2.1523501E+00
2026 07 23 12 52 00 000 -3.6206054E+00 -5.0983822E+00 2.1454026E+00
2026 07 23 12 53 00 000 -3.5985468E+00 -5.1169124E+00 2.1383856E+00
2026 07 23 12 54 00 000 -3.5764200E+00 -5.1353486E+00 2.1312993E+00
2026 07 23 12 55 00 000 -3.5542248E+00 -5.1536892E+00 2.1241436E+00
2026 07 23 12 56 00 000 -3.5319620E+00 -5.1719342E+00 2.1169185E+00
2026 07 23 12 57 00 000 -3.5096316E+00 -5.1900827E+00 2.1096241E+00
2026 07 23 12 58 00 000 -3.4872344E+00 -5.2081348E+00 2.1022604E+00
2026 07 23 12 59 00 000 -3.4647712E+00 -5.2260907E+00 2.0948280E+00
2026 07 23 13 00 00 000 -3.4422418E+00 -5.2439487E+00 2.0873263E+00
2026 07 23 13 01 00 000 -3.4196469E+00 -5.2617089E+00 2.0797556E+00
2026 07 23 13 02 00 000 -3.3969869E+00 -5.2793709E+00 2.0721161E+00
2026 07 23 13 03 00 000 -3.3742620E+00 -5.2969337E+00 2.0644075E+00
2026 07 23 13 04 00 000 -3.3514728E+00 -5.3143974E+00 2.0566302E+00
2026 07 23 13 05 00 000 -3.3286200E+00 -5.3317615E+00 2.0487843E+00
2026 07 23 13 06 00 000 -3.3057038E+00 -5.3490257E+00 2.0408698E+00
2026 07 23 13 07 00 000 -3.2827248E+00 -5.3661893E+00 2.0328869E+00
2026 07 23 13 08 00 000 -3.2596825E+00 -5.3832509E+00 2.0248351E+00
2026 07 23 13 09 00 000 -3.2365786E+00 -5.4002117E+00 2.0167153E+00
2026 07 23 13 10 00 000 -3.2134132E+00 -5.4170706E+00 2.0085273E+00
2026 07 23 13 11 00 000 -3.1901862E+00 -5.4338267E+00 2.0002711E+00
2026 07 23 13 12 00 000 -3.1668989E+00 -5.4504806E+00 1.9919471E+00
2026 07 23 13 13 00 000 -3.1435509E+00 -5.4670307E+00 1.9835550E+00
2026 07 23 13 14 00 000 -3.1201435E+00 -5.4834777E+00 1.9750953E+00
2026 07 23 13 15 00 000 -3.0966762E+00 -5.4998200E+00 1.9665679E+00
2026 07 23 13 16 00 000 -3.0731500E+00 -5.5160577E+00 1.9579729E+00
2026 07 23 13 17 00 000 -3.0495653E+00 -5.5321903E+00 1.9493105E+00
2026 07 23 13 18 00 000 -3.0259224E+00 -5.5482174E+00 1.9405809E+00
2026 07 23 13 19 00 000 -3.0022222E+00 -5.5641391E+00 1.9317843E+00
2026 07 23 13 20 00 000 -2.9784643E+00 -5.5799538E+00 1.9229205E+00
2026 07 23 13 21 00 000 -2.9546497E+00 -5.5956615E+00 1.9139899E+00
2026 07 23 13 22 00 000 -2.9307791E+00 -5.6112625E+00 1.9049927E+00
2026 07 23 13 23 00 000 -2.9068528E+00 -5.6267562E+00 1.8959292E+00
2026 07 23 13 24 00 000 -2.8828707E+00 -5.6421409E+00 1.8867991E+00
2026 07 23 13 25 00 000 -2.8588338E+00 -5.6574175E+00 1.8776028E+00
2026 07 23 13 26 00 000 -2.8347426E+00 -5.6725854E+00 1.8683406E+00
2026 07 23 13 27 00 000 -2.8105973E+00 -5.6876435E+00 1.8590125E+00
2026 07 23 13 28 00 000 -2.7863985E+00 -5.7025921E+00 1.8496188E+00
2026 07 23 13 29 00 000 -2.7621467E+00 -5.7174306E+00 1.8401596E+00
2026 07 23 13 30 00 000 -2.7378419E+00 -5.7321580E+00 1.8306349E+00
2026 07 23 13 31 00 000 -2.7134854E+00 -5.7467749E+00 1.8210454E+00
2026 07 23 13 32 00 000 -2.6890772E+00 -5.7612804E+00 1.8113909E+00
2026 07 23 13 33 00 000 -2.6646173E+00 -5.7756733E+00 1.8016714E+00
2026 07 23 13 34 00 000 -2.6401066E+00 -5.7899537E+00 1.7918874E+00
2026 07 23 13 35 00 000 -2.6155463E+00 -5.8041225E+00 1.7820394E+00
2026 07 23 13 36 00 000 -2.5909356E+00 -5.8181772E+00 1.7721270E+00
2026 07 23 13 37 00 000 -2.5662757E+00 -5.8321187E+00 1.7621509E+00
2026 07 23 13 38 00 000 -2.5415669E+00 -5.8459466E+00 1.7521111E+00
2026 07 23 13 39 00 000 -2.5168099E+00 -5.8596602E+00 1.7420079E+00
2026 07 23 13 40 00 000 -2.4920047E+00 -5.8732585E+00 1.7318413E+00
2026 07 23 13 41 00 000 -2.4671520E+00 -5.8867416E+00 1.7216117E+00
2026 07 23 13 42 00 000 -2.4422522E+00 -5.9001092E+00 1.7113193E+00
2026 07 23 13 43 00 000 -2.4173062E+00 -5.9133612E+00 1.7009646E+00
2026 07 23 13 44 00 000 -2.3923136E+00 -5.9264961E+00 1.6905473E+00
2026 07 23 13 45 00 000 -2.3672756E+00 -5.9395146E+00 1.6800680E+00
2026 07 23 13 46 00 000 -2.3421927E+00 -5.9524161E+00 1.6695271E+00
2026 07 23 13 47 00 000 -2.3170653E+00 -5.9652001E+00 1.6589247E+00
2026 07 23 13 48 00 000 -2.2918937E+00 -5.9778664E+00 1.6482610E+00
2026 07 23 13 49 00 000 -2.2666781E+00 -5.9904136E+00 1.6375361E+00
2026 07 23 13 50 00 000 -2.2414196E+00 -6.0028427E+00 1.6267506E+00
2026 07 23 13 51 00 000 -2.2161183E+00 -6.0151525E+00 1.6159046E+00
2026 07 23 13 52 00 000 -2.1907746E+00 -6.0273424E+00 1.6049983E+00
2026 07 23 13 53 00 000 -2.1653891E+00 -6.0394129E+00 1.5940322E+00
2026 07 23 13 54 00 000 -2.1399626E+00 -6.0513631E+00 1.5830065E+00
2026 07 23 13 55 00 000 -2.1144953E+00 -6.0631927E+00 1.5719214E+00
2026 07 23 13 56 00 000 -2.0889876E+00 -6.0749013E+00 1.5607773E+00
2026 07 23 13 57 00 000 -2.0634401E+00 -6.0864882E+00 1.5495744E+00
2026 07 23 13 58 00 000 -2.0378533E+00 -6.0979539E+00 1.5383131E+00
2026 07 23 13 59 00 000 -2.0122276E+00 -6.1092970E+00 1.5269935E+00
2026 07 23 14 00 00 000 -1.9865635E+00 -6.1205177E+00 1.5156161E+00
2026 07 23 14 01 00 000 -1.9608617E+00 -6.1316155E+00 1.5041813E+00
2026 07 23 14 02 00 000 -1.9351226E+00 -6.1425908E+00 1.4926893E+00
2026 07 23 14 03 00 000 -1.9093468E+00 -6.1534421E+00 1.4811405E+00
2026 07 23 14 04 00 000 -1.8835341E+00 -6.1641693E+00 1.4695349E+00
2026 07 23 14 05 00 000 -1.8576857E+00 -6.1747723E+00 1.4578731E+00
2026 07 23 14 06 00 000 -1.8318019E+00 -6.1852507E+00 1.4461555E+00
2026 07 23 14 07 00 000 -1.8058832E+00 -6.1956040E+00 1.4343822E+00
2026 07 23 14 08 00 000 -1.7799297E+00 -6.2058320E+00 1.4225537E+00
2026 07 23 14 09 00 000 -1.7539422E+00 -6.2159338E+00 1.4106701E+00
2026 07 23 14 10 00 000 -1.7279221E+00 -6.2259109E+00 1.3987325E+00
2026 07 23 14 11 00 000 -1.7018685E+00 -6.2357604E+00 1.3867404E+00
2026 07 23 14 12 00 000 -1.6757825E+00 -6.2454839E+00 1.3746945E+00
2026 07 23 14 13 00 000 -1.6496650E+00 -6.2550805E+00 1.3625954E+00
2026 07 23 14 14 00 000 -1.6235153E+00 -6.2645489E+00 1.3504427E+00
2026 07 23 14 15 00 000 -1.5973351E+00 -6.2738903E+00 1.3382377E+00
2026 07 23 14 16 00 000 -1.5711244E+00 -6.2831035E+00 1.3259802E+00
2026 07 23 14 17 00 000 -1.5448837E+00 -6.2921882E+00 1.3136707E+00
2026 07 23 14 18 00 000 -1.5186136E+00 -6.3011446E+00 1.3013097E+00
2026 07 23 14 19 00 000 -1.4923144E+00 -6.3099718E+00 1.2888974E+00
2026 07 23 14 20 00 000 -1.4659868E+00 -6.3186693E+00 1.2764343E+00
2026 07 23 14 21 00 000 -1.4396312E+00 -6.3272377E+00 1.2639208E+00
2026 07 23 14 22 00 000 -1.4132483E+00 -6.3356761E+00 1.2513573E+00
2026 07 23 14 23 00 000 -1.3868385E+00 -6.3439844E+00 1.2387442E+00
2026 07 23 14 24 00 000 -1.3604019E+00 -6.3521615E+00 1.2260817E+00
2026 07 23 14 25 00 000 -1.3339396E+00 -6.3602082E+00 1.2133705E+00
2026 07 23 14 26 00 000 -1.3074519E+00 -6.3681238E+00 1.2006109E+00
2026 07 23 14 27 00 000 -1.2809394E+00 -6.3759079E+00 1.1878034E+00
2026 07 23 14 28 00 000 -1.2544021E+00 -6.3835601E+00 1.1749482E+00
2026 07 23 14 29 00 000 -1.2278409E+00 -6.3910803E+00 1.1620458E+00
2026 07 23 14 30 00 000 -1.2012565E+00 -6.3984684E+00 1.1490968E+00
2026 07 23 14 31 00 000 -1.1746490E+00 -6.4057237E+00 1.1361014E+00
2026 07 23 14 32 00 000 -1.1480194E+00 -6.4128462E+00 1.1230603E+00
2026 07 23 14 33 00 000 -1.1213676E+00 -6.4198353E+00 1.1099736E+00
2026 07 23 14 34 00 000 -1.0946944E+00 -6.4266913E+00 1.0968420E+00
2026 07 23 14 35 00 000 -1.0680005E+00 -6.4334133E+00 1.0836659E+00
2026 07 23 14 36 00 000 -1.0412861E+00 -6.4400013E+00 1.0704457E+00
2026 07 23 14 37 00 000 -1.0145519E+00 -6.4464552E+00 1.0571819E+00
2026 07 23 14 38 00 000 -9.8779839E-01 -6.4527743E+00 1.0438749E+00
2026 07 23 14 39 00 000 -9.6102590E-01 -6.4589589E+00 1.0305251E+00
2026 07 23 14 40 00 000 -9.3423499E-01 -6.4650081E+00 1.0171331E+00
2026 07 23 14 41 00 000 -9.0742618E-01 -6.4709223E+00 1.0036992E+00
2026 07 23 14 42 00 000 -8.8060041E-01 -6.4767010E+00 9.9022419E-01
2026 07 23 14 43 00 000 -8.5375761E-01 -6.4823437E+00 9.7670822E-01
2026 07 23 14 44 00 000 -8.2689842E-01 -6.4878502E+00 9.6315183E-01
2026 07 23 14 45 00 000 -8.0002346E-01 -6.4932204E+00 9.4955556E-01
2026 07 23 14 46 00 000 -7.7313342E-01 -6.4984545E+00 9.3591999E-01
2026 07 23 14 47 00 000 -7.4622849E-01 -6.5035513E+00 9.2224541E-01
2026 07 23 14 48 00 000 -7.1930957E-01 -6.5085118E+00 9.0853256E-01
2026 07 23 14 49 00 000 -6.9237636E-01 -6.5133344E+00 8.9478150E-01
2026 07 23 14 50 00 000 -6.6543057E-01 -6.5180202E+00 8.8099331E-01
2026 07 23 14 51 00 000 -6.3847139E-01 -6.5225675E+00 8.6716785E-01
2026 07 23 14 52 00 000 -6.1150022E-01 -6.5269774E+00 8.5330606E-01
2026 07 23 14 53 00 000 -5.8451745E-01 -6.5312489E+00 8.3940837E-01
2026 07 23 14 54 00 000 -5.5752375E-01 -6.5353824E+00 8.2547536E-01
2026 07 23 14 55 00 000 -5.3051923E-01 -6.5393772E+00 8.1150736E-01
2026 07 23 14 56 00 000 -5.0350421E-01 -6.5432334E+00 7.9750486E-01
2026 07 23 14 57 00 000 -4.7648011E-01 -6.5469506E+00 7.8346867E-01
2026 07 23 14 58 00 000 -4.4944644E-01 -6.5505287E+00 7.6939896E-01
2026 07 23 14 59 00 000 -4.2240446E-01 -6.5539675E+00 7.5529653E-01
2026 07 23 15 00 00 000 -3.9535396E-01 -6.5572665E+00 7.4116162E-01
2026 07 23 15 01 00 000 -3.6829623E-01 -6.5604256E+00 7.2699504E-01
2026 07 23 15 02 00 000 -3.4123133E-01 -6.5634455E+00 7.1279724E-01
2026 07 23 15 03 00 000 -3.1416007E-01 -6.5663246E+00 6.9856874E-01
2026 07 23 15 04 00 000 -2.8708261E-01 -6.5690644E+00 6.8431009E-01
2026 07 23 15 05 00 000 -2.5999974E-01 -6.5716633E+00 6.7002182E-01
2026 07 23 15 06 00 000 -2.3291166E-01 -6.5741215E+00 6.5570438E-01
2026 07 23 15 07 00 000 -2.0581913E-01 -6.5764388E+00 6.4135841E-01
2026 07 23 15 08 00 000 -1.7872302E-01 -6.5786158E+00 6.2698464E-01
2026 07 23 15 09 00 000 -1.5162306E-01 -6.5806511E+00 6.1258325E-01
2026 07 23 15 10 00 000 -1.2452028E-01 -6.5825457E+00 5.9815507E-01
2026 07 23 15 11 00 000 -9.7415291E-02 -6.5842990E+00 5.8370067E-01
2026 07 23 15 12 00 000 -7.0308177E-02 -6.5859105E+00 5.6922039E-01
2026 07 23 15 13 00 000 -4.3199614E-02 -6.5873803E+00 5.5471490E-01
2026 07 23 15 14 00 000 -1.6090187E-02 -6.5887080E+00 5.4018477E-01
2026 07 23 15 15 00 000 1.1019342E-02 -6.5898947E+00 5.2563073E-01
2026 07 23 15 16 00 000 3.8128962E-02 -6.5909388E+00 5.1105308E-01
2026 07 23 15 17 00 000 6.5238001E-02 -6.5918407E+00 4.9645249E-01
2026 07 23 15 18 00 000 9.2345490E-02 -6.5926006E+00 4.8182969E-01
2026 07 23 15 19 00 000 1.1945143E-01 -6.5932181E+00 4.6718509E-01
2026 07 23 15 20 00 000 1.4655544E-01 -6.5936927E+00 4.5251917E-01
2026 07 23 15 21 00 000 1.7365645E-01 -6.5940250E+00 4.3783277E-01
2026 07 23 15 22 00 000 2.0075407E-01 -6.5942144E+00 4.2312639E-01
2026 07 23 15 23 00 000 2.2784831E-01 -6.5942607E+00 4.0840042E-01
2026 07 23 15 24 00 000 2.5493782E-01 -6.5941645E+00 3.9365582E-01
2026 07 23 15 25 00 000 2.8202268E-01 -6.5939251E+00 3.7889289E-01
2026 07 23 15 26 00 000 3.0910222E-01 -6.5935427E+00 3.6411231E-01
2026 07 23 15 27 00 000 3.3617597E-01 -6.5930172E+00 3.4931467E-01
2026 07 23 15 28 00 000 3.6324344E-01 -6.5923488E+00 3.3450057E-01
2026 07 23 15 29 00 000 3.9030395E-01 -6.5915363E+00 3.1967059E-01
2026 07 23 15 30 00 000 4.1735702E-01 -6.5905812E+00 3.0482541E-01
2026 07 23 15 31 00 000 4.4440235E-01 -6.5894817E+00 2.8996547E-01
2026 07 23 15 32 00 000 4.7143928E-01 -6.5882395E+00 2.7509152E-01
2026 07 23 15 33 00 000 4.9846703E-01 -6.5868532E+00 2.6020418E-01
2026 07 23 15 34 00 000 5.2548531E-01 -6.5853237E+00 2.4530404E-01
2026 07 23 15 35 00 000 5.5249411E-01 -6.5836496E+00 2.3039144E-01
2026 07 23 15 36 00 000 5.7949200E-01 -6.5818324E+00 2.1546743E-01
2026 07 23 15 37 00 000 6.0647907E-01 -6.5798714E+00 2.0053235E-01
2026 07 23 15 38 00 000 6.3345494E-01 -6.5777669E+00 1.8558679E-01
2026 07 23 15 39 00 000 6.6041844E-01 -6.5755182E+00 1.7063156E-01
2026 07 23 15 40 00 000 6.8736938E-01 -6.5731253E+00 1.5566718E-01
2026 07 23 15 41 00 000 7.1430737E-01 -6.5705890E+00 1.4069424E-01
2026 07 23 15 42 00 000 7.4123184E-01 -6.5679086E+00 1.2571338E-01
2026 07 23 15 43 00 000 7.6814230E-01 -6.5650842E+00 1.1072519E-01
2026 07 23 15 44 00 000 7.9503828E-01 -6.5621159E+00 9.5730298E-02
2026 07 23 15 45 00 000 8.2191879E-01 -6.5590038E+00 8.0729500E-02
2026 07 23 15 46 00 000 8.4878405E-01 -6.5557475E+00 6.5723143E-02
2026 07 23 15 47 00 000 8.7563318E-01 -6.5523476E+00 5.0712018E-02
2026 07 23 15 48 00 000 9.0246549E-01 -6.5488032E+00 3.5696760E-02
2026 07 23 15 49 00 000 9.2928072E-01 -6.5451154E+00 2.0677975E-02
2026 07 23 15 50 00 000 9.5607827E-01 -6.5412837E+00 5.6562894E-03
2026 07 23 15 51 00 000 9.8285786E-01 -6.5373078E+00 -9.3677584E-03
2026 07 23 15 52 00 000 1.0096188E+00 -6.5331880E+00 -2.4393462E-02
2026 07 23 15 53 00 000 1.0363601E+00 -6.5289246E+00 -3.9420013E-02
2026 07 23 15 54 00 000 1.0630824E+00 -6.5245174E+00 -5.4447152E-02
2026 07 23 15 55 00 000 1.0897840E+00 -6.5199666E+00 -6.9473890E-02
2026 07 23 15 56 00 000 1.1164650E+00 -6.5152717E+00 -8.4499771E-02
2026 07 23 15 57 00 000 1.1431252E+00 -6.5104334E+00 -9.9524276E-02
2026 07 23 15 58 00 000 1.1697631E+00 -6.5054511E+00 -1.1454639E-01
2026 07 23 15 59 00 000 1.1963793E+00 -6.5003260E+00 -1.2956589E-01
2026 07 23 16 00 00 000 1.2229723E+00 -6.4950567E+00 -1.4458182E-01
2026 07 23 16 01 00 000 1.2495424E+00 -6.4896447E+00 -1.5959378E-01
2026 07 23 16 02 00 000 1.2760887E+00 -6.4840886E+00 -1.7460101E-01
2026 07 23 16 03 00 000 1.3026106E+00 -6.4783896E+00 -1.8960282E-01
2026 07 23 16 04 00 000 1.3291077E+00 -6.4725473E+00 -2.0459865E-01
2026 07 23 16 05 00 000 1.3555797E+00 -6.4665618E+00 -2.1958788E-01
2026 07 23 16 06 00 000 1.3820263E+00 -6.4604334E+00 -2.3456996E-01
2026 07 23 16 07 00 000 1.4084462E+00 -6.4541621E+00 -2.4954400E-01
2026 07 23 16 08 00 000 1.4348394E+00 -6.4477478E+00 -2.6450953E-01
2026 07 23 16 09 00 000 1.4612054E+00 -6.4411910E+00 -2.7946585E-01
2026 07 23 16 10 00 000 1.4875436E+00 -6.4344918E+00 -2.9441232E-01
2026 07 23 16 11 00 000 1.5138536E+00 -6.4276499E+00 -3.0934839E-01
2026 07 23 16 12 00 000 1.5401345E+00 -6.4206649E+00 -3.2427323E-01
2026 07 23 16 13 00 000 1.5663866E+00 -6.4135386E+00 -3.3918644E-01
2026 07 23 16 14 00 000 1.5926086E+00 -6.4062699E+00 -3.5408717E-01
2026 07 23 16 15 00 000 1.6188001E+00 -6.3988591E+00 -3.6897479E-01
2026 07 23 16 16 00 000 1.6449613E+00 -6.3913066E+00 -3.8384887E-01
2026 07 23 16 17 00 000 1.6710914E+00 -6.3836120E+00 -3.9870875E-01
2026 07 23 16 18 00 000 1.6971892E+00 -6.3757762E+00 -4.1355345E-01
2026 07 23 16 19 00 000 1.7232549E+00 -6.3677989E+00 -4.2838261E-01
2026 07 23 16 20 00 000 1.7492879E+00 -6.3596801E+00 -4.4319560E-01
2026 07 23 16 21 00 000 1.7752877E+00 -6.3514203E+00 -4.5799170E-01
2026 07 23 16 22 00 000 1.8012540E+00 -6.3430198E+00 -4.7277039E-01
2026 07 23 16 23 00 000 1.8271854E+00 -6.3344781E+00 -4.8753072E-01
2026 07 23 16 24 00 000 1.8530822E+00 -6.3257962E+00 -5.0227229E-01
2026 07 23 16 25 00 000 1.8789445E+00 -6.3169735E+00 -5.1699471E-01
2026 07 23 16 26 00 000 1.9047703E+00 -6.3080107E+00 -5.3169684E-01
2026 07 23 16 27 00 000 1.9305603E+00 -6.2989078E+00 -5.4637839E-01
2026 07 23 16 28 00 000 1.9563134E+00 -6.2896652E+00 -5.6103857E-01
2026 07 23 16 29 00 000 1.9820292E+00 -6.2802828E+00 -5.7567674E-01
2026 07 23 16 30 00 000 2.0077076E+00 -6.2707607E+00 -5.9029246E-01
2026 07 23 16 31 00 000 2.0333478E+00 -6.2610997E+00 -6.0488495E-01
2026 07 23 16 32 00 000 2.0589488E+00 -6.2512996E+00 -6.1945337E-01
2026 07 23 16 33 00 000 2.0845115E+00 -6.2413606E+00 -6.3399766E-01
2026 07 23 16 34 00 000 2.1100340E+00 -6.2312827E+00 -6.4851664E-01
2026 07 23 16 35 00 000 2.1355165E+00 -6.2210669E+00 -6.6300991E-01
2026 07 23 16 36 00 000 2.1609588E+00 -6.2107124E+00 -6.7747698E-01
2026 07 23 16 37 00 000 2.1863592E+00 -6.2002202E+00 -6.9191681E-01
2026 07 23 16 38 00 000 2.2117184E+00 -6.1895903E+00 -7.0632915E-01
2026 07 23 16 39 00 000 2.2370358E+00 -6.1788229E+00 -7.2071337E-01
2026 07 23 16 40 00 000 2.2623103E+00 -6.1679185E+00 -7.3506860E-01
2026 07 23 16 41 00 000 2.2875418E+00 -6.1568767E+00 -7.4939438E-01
2026 07 23 16 42 00 000 2.3127301E+00 -6.1456984E+00 -7.6369022E-01
2026 07 23 16 43 00 000 2.3378744E+00 -6.1343838E+00 -7.7795532E-01
2026 07 23 16 44 00 000 2.3629737E+00 -6.1229324E+00 -7.9218895E-01
2026 07 23 16 45 00 000 2.3880287E+00 -6.1113460E+00 -8.0639085E-01
2026 07 23 16 46 00 000 2.4130380E+00 -6.0996234E+00 -8.2056015E-01
2026 07 23 16 47 00 000 2.4380017E+00 -6.0877658E+00 -8.3469641E-01
2026 07 23 16 48 00 000 2.4629184E+00 -6.0757730E+00 -8.4879870E-01
2026 07 23 16 49 00 000 2.4877887E+00 -6.0636448E+00 -8.6286676E-01
2026 07 23 16 50 00 000 2.5126118E+00 -6.0513831E+00 -8.7689992E-01
2026 07 23 16 51 00 000 2.5373866E+00 -6.0389863E+00 -8.9089737E-01
2026 07 23 16 52 00 000 2.5621136E+00 -6.0264561E+00 -9.0485878E-01
2026 07 23 16 53 00 000 2.5867920E+00 -6.0137921E+00 -9.1878351E-01
2026 07 23 16 54 00 000 2.6114206E+00 -6.0009953E+00 -9.3267065E-01
2026 07 23 16 55 00 000 2.6359999E+00 -5.9880647E+00 -9.4651998E-01
2026 07 23 16 56 00 000 2.6605288E+00 -5.9750016E+00 -9.6033071E-01
2026 07 23 16 57 00 000 2.6850073E+00 -5.9618062E+00 -9.7410233E-01
2026 07 23 16 58 00 000 2.7094347E+00 -5.9484789E+00 -9.8783427E-01
2026 07 23 16 59 00 000 2.7338104E+00 -5.9350201E+00 -1.0015258E+00
2026 07 23 17 00 00 000 2.7581347E+00 -5.9214296E+00 -1.0151767E+00
2026 07 23 17 01 00 000 2.7824058E+00 -5.9077082E+00 -1.0287859E+00
2026 07 23 17 02 00 000 2.8066244E+00 -5.8938563E+00 -1.0423532E+00
2026 07 23 17 03 00 000 2.8307895E+00 -5.8798734E+00 -1.0558778E+00
2026 07 23 17 04 00 000 2.8549006E+00 -5.8657614E+00 -1.0693592E+00
2026 07 23 17 05 00 000 2.8789579E+00 -5.8515193E+00 -1.0827970E+00
2026 07 23 17 06 00 000 2.9029600E+00 -5.8371479E+00 -1.0961904E+00
2026 07 23 17 07 00 000 2.9269070E+00 -5.8226475E+00 -1.1095389E+00
2026 07 23 17 08 00 000 2.9507980E+00 -5.8080194E+00 -1.1228418E+00
2026 07 23 17 09 00 000 2.9746333E+00 -5.7932621E+00 -1.1360988E+00
2026 07 23 17 10 00 000 2.9984120E+00 -5.7783777E+00 -1.1493093E+00
2026 07 23 17 11 00 000 3.0221337E+00 -5.7633657E+00 -1.1624727E+00
2026 07 23 17 12 00 000 3.0457971E+00 -5.7482261E+00 -1.1755881E+00
2026 07 23 17 13 00 000 3.0694032E+00 -5.7329603E+00 -1.1886555E+00
2026 07 23 17 14 00 000 3.0929508E+00 -5.7175683E+00 -1.2016742E+00
2026 07 23 17 15 00 000 3.1164401E+00 -5.7020507E+00 -1.2146437E+00
2026 07 23 17 16 00 000 3.1398692E+00 -5.6864071E+00 -1.2275630E+00
2026 07 23 17 17 00 000 3.1632392E+00 -5.6706387E+00 -1.2404321E+00
2026 07 23 17 18 00 000 3.1865491E+00 -5.6547458E+00 -1.2532504E+00
2026 07 23 17 19 00 000 3.2097981E+00 -5.6387286E+00 -1.2660171E+00
2026 07 23 17 20 00 000 3.2329859E+00 -5.6225877E+00 -1.2787318E+00
2026 07 23 17 21 00 000 3.2561128E+00 -5.6063233E+00 -1.2913942E+00
2026 07 23 17 22 00 000 3.2791767E+00 -5.5899356E+00 -1.3040033E+00
2026 07 23 17 23 00 000 3.3021791E+00 -5.5734259E+00 -1.3165590E+00
2026 07 23 17 24 00 000 3.3251183E+00 -5.5567935E+00 -1.3290606E+00
2026 07 23 17 25 00 000 3.3479943E+00 -5.5400399E+00 -1.3415077E+00
2026 07 23 17 26 00 000 3.3708067E+00 -5.5231652E+00 -1.3538998E+00
2026 07 23 17 27 00 000 3.3935550E+00 -5.5061693E+00 -1.3662362E+00
2026 07 23 17 28 00 000 3.4162385E+00 -5.4890530E+00 -1.3785165E+00
2026 07 23 17 29 00 000 3.4388569E+00 -5.4718167E+00 -1.3907402E+00
2026 07 23 17 30 00 000 3.4614104E+00 -5.4544613E+00 -1.4029070E+00
2026 07 23 17 31 00 000 3.4838978E+00 -5.4369870E+00 -1.4150162E+00
2026 07 23 17 32 00 000 3.5063188E+00 -5.4193938E+00 -1.4270673E+00
2026 07 23 17 33 00 000 3.5286728E+00 -5.4016826E+00 -1.4390598E+00
2026 07 23 17 34 00 000 3.5509605E+00 -5.3838542E+00 -1.4509936E+00
2026 07 23 17 35 00 000 3.5731799E+00 -5.3659083E+00 -1.4628676E+00
2026 07 23 17 36 00 000 3.5953315E+00 -5.3478456E+00 -1.4746818E+00
2026 07 23 17 37 00 000 3.6174146E+00 -5.3296667E+00 -1.4864355E+00
2026 07 23 17 38 00 000 3.6394295E+00 -5.3113728E+00 -1.4981286E+00
2026 07 23 17 39 00 000 3.6613744E+00 -5.2929629E+00 -1.5097600E+00
2026 07 23 17 40 00 000 3.6832501E+00 -5.2744385E+00 -1.5213298E+00
2026 07 23 17 41 00 000 3.7050553E+00 -5.2557998E+00 -1.5328373E+00
2026 07 23 17 42 00 000 3.7267902E+00 -5.2370475E+00 -1.5442821E+00
2026 07 23 17 43 00 000 3.7484539E+00 -5.2181816E+00 -1.5556636E+00
2026 07 23 17 44 00 000 3.7700471E+00 -5.1992035E+00 -1.5669819E+00
2026 07 23 17 45 00 000 3.7915679E+00 -5.1801129E+00 -1.5782359E+00
2026 07 23 17 46 00 000 3.8130165E+00 -5.1609103E+00 -1.5894255E+00
2026 07 23 17 47 00 000 3.8343929E+00 -5.1415966E+00 -1.6005503E+00
2026 07 23 17 48 00 000 3.8556963E+00 -5.1221725E+00 -1.6116098E+00
2026 07 23 17 49 00 000 3.8769259E+00 -5.1026376E+00 -1.6226034E+00
2026 07 23 17 50 00 000 3.8980817E+00 -5.0829933E+00 -1.6335309E+00
2026 07 23 17 51 00 000 3.9191640E+00 -5.0632402E+00 -1.6443920E+00
2026 07 23 17 52 00 000 3.9401712E+00 -5.0433780E+00 -1.6551861E+00
2026 07 23 17 53 00 000 3.9611037E+00 -5.0234079E+00 -1.6659128E+00
2026 07 23 17 54 00 000 3.9819607E+00 -5.0033300E+00 -1.6765718E+00
2026 07 23 17 55 00 000 4.0027424E+00 -4.9831454E+00 -1.6871628E+00
2026 07 23 17 56 00 000 4.0234472E+00 -4.9628541E+00 -1.6976850E+00
2026 07 23 17 57 00 000 4.0440758E+00 -4.9424568E+00 -1.7081383E+00
2026 07 23 17 58 00 000 4.0646271E+00 -4.9219538E+00 -1.7185223E+00
2026 07 23 17 59 00 000 4.0851020E+00 -4.9013467E+00 -1.7288369E+00
2026 07 23 18 00 00 000 4.1054980E+00 -4.8806344E+00 -1.7390810E+00
2026 07 23 18 01 00 000 4.1258164E+00 -4.8598188E+00 -1.7492549E+00
2026 07 23 18 02 00 000 4.1460560E+00 -4.8388996E+00 -1.7593579E+00
2026 07 23 18 03 00 000 4.1662175E+00 -4.8178783E+00 -1.7693900E+00
2026 07 23 18 04 00 000 4.1862989E+00 -4.7967544E+00 -1.7793504E+00
2026 07 23 18 05 00 000 4.2063012E+00 -4.7755293E+00 -1.7892391E+00
2026 07 23 18 06 00 000 4.2262229E+00 -4.7542027E+00 -1.7990554E+00
2026 07 23 18 07 00 000 4.2460643E+00 -4.7327759E+00 -1.8087991E+00
2026 07 23 18 08 00 000 4.2658252E+00 -4.7112493E+00 -1.8184701E+00
2026 07 23 18 09 00 000 4.2855046E+00 -4.6896233E+00 -1.8280678E+00
2026 07 23 18 10 00 000 4.3051028E+00 -4.6678990E+00 -1.8375922E+00
2026 07 23 18 11 00 000 4.3246186E+00 -4.6460760E+00 -1.8470424E+00
2026 07 23 18 12 00 000 4.3440521E+00 -4.6241553E+00 -1.8564184E+00
2026 07 23 18 13 00 000 4.3634037E+00 -4.6021384E+00 -1.8657203E+00
2026 07 23 18 14 00 000 4.3826713E+00 -4.5800243E+00 -1.8749470E+00
2026 07 23 18 15 00 000 4.4018564E+00 -4.5578150E+00 -1.8840989E+00
2026 07 23 18 16 00 000 4.4209570E+00 -4.5355100E+00 -1.8931752E+00
2026 07 23 18 17 00 000 4.4399740E+00 -4.5131107E+00 -1.9021759E+00
2026 07 23 18 18 00 000 4.4589064E+00 -4.4906174E+00 -1.9111007E+00
2026 07 23 18 19 00 000 4.4777536E+00 -4.4680301E+00 -1.9199489E+00
2026 07 23 18 20 00 000 4.4965156E+00 -4.4453503E+00 -1.9287207E+00
2026 07 23 18 21 00 000 4.5151924E+00 -4.4225783E+00 -1.9374158E+00
2026 07 23 18 22 00 000 4.5337829E+00 -4.3997145E+00 -1.9460336E+00
2026 07 23 18 23 00 000 4.5522871E+00 -4.3767595E+00 -1.9545740E+00
2026 07 23 18 24 00 000 4.5707050E+00 -4.3537143E+00 -1.9630370E+00
2026 07 23 18 25 00 000 4.5890354E+00 -4.3305788E+00 -1.9714218E+00
2026 07 23 18 26 00 000 4.6072791E+00 -4.3073546E+00 -1.9797288E+00
2026 07 23 18 27 00 000 4.6254351E+00 -4.2840418E+00 -1.9879574E+00
2026 07 23 18 28 00 000 4.6435022E+00 -4.2606402E+00 -1.9961070E+00
2026 07 23 18 29 00 000 4.6614823E+00 -4.2371522E+00 -2.0041782E+00
2026 07 23 18 30 00 000 4.6793722E+00 -4.2135765E+00 -2.0121698E+00
2026 07 23 18 31 00 000 4.6971740E+00 -4.1899151E+00 -2.0200824E+00
2026 07 23 18 32 00 000 4.7148863E+00 -4.1661681E+00 -2.0279155E+00
2026 07 23 18 33 00 000 4.7325087E+00 -4.1423360E+00 -2.0356687E+00
2026 07 23 18 34 00 000 4.7500405E+00 -4.1184192E+00 -2.0433416E+00
2026 07 23 18 35 00 000 4.7674830E+00 -4.0944195E+00 -2.0509349E+00
2026 07 23 18 36 00 000 4.7848342E+00 -4.0703363E+00 -2.0584476E+00
2026 07 23 18 37 00 000 4.8020945E+00 -4.0461707E+00 -2.0658797E+00
2026 07 23 18 38 00 000 4.8192630E+00 -4.0219231E+00 -2.0732308E+00
2026 07 23 18 39 00 000 4.8363399E+00 -3.9975944E+00 -2.0805010E+00
2026 07 23 18 40 00 000 4.8533251E+00 -3.9731852E+00 -2.0876902E+00
2026 07 23 18 41 00 000 4.8702176E+00 -3.9486959E+00 -2.0947980E+00
2026 07 23 18 42 00 000 4.8870177E+00 -3.9241275E+00 -2.1018243E+00
2026 07 23 18 43 00 000 4.9037246E+00 -3.8994802E+00 -2.1087689E+00
2026 07 23 18 44 00 000 4.9203380E+00 -3.8747548E+00 -2.1156316E+00
2026 07 23 18 45 00 000 4.9368576E+00 -3.8499520E+00 -2.1224122E+00
2026 07 23 18 46 00 000 4.9532837E+00 -3.8250726E+00 -2.1291108E+00
2026 07 23 18 47 00 000 4.9696155E+00 -3.8001170E+00 -2.1357271E+00
2026 07 23 18 48 00 000 4.9858526E+00 -3.7750860E+00 -2.1422609E+00
2026 07 23 18 49 00 000 5.0019948E+00 -3.7499800E+00 -2.1487122E+00
2026 07 23 18 50 00 000 5.0180418E+00 -3.7247999E+00 -2.1550807E+00
2026 07 23 18 51 00 000 5.0339927E+00 -3.6995458E+00 -2.1613661E+00
2026 07 23 18 52 00 000 5.0498490E+00 -3.6742195E+00 -2.1675690E+00
2026 07 23 18 53 00 000 5.0656082E+00 -3.6488203E+00 -2.1736883E+00
2026 07 23 18 54 00 000 5.0812716E+00 -3.6233499E+00 -2.1797248E+00
2026 07 23 18 55 00 000 5.0968377E+00 -3.5978081E+00 -2.1856777E+00
2026 07 23 18 56 00 000 5.1123070E+00 -3.5721962E+00 -2.1915472E+00
2026 07 23 18 57 00 000 5.1276791E+00 -3.5465145E+00 -2.1973332E+00
2026 07 23 18 58 00 000 5.1429538E+00 -3.5207640E+00 -2.2030356E+00
2026 07 23 18 59 00 000 5.1581307E+00 -3.4949451E+00 -2.2086544E+00
2026 07 23 19 00 00 000 5.1732084E+00 -3.4690578E+00 -2.2141890E+00
2026 07 23 19 01 00 000 5.1881884E+00 -3.4431040E+00 -2.2196400E+00
2026 07 23 19 02 00 000 5.2030698E+00 -3.4170838E+00 -2.2250071E+00
2026 07 23 19 03 00 000 5.2178518E+00 -3.3909975E+00 -2.2302899E+00
2026 07 23 19 04 00 000 5.2325346E+00 -3.3648462E+00 -2.2354888E+00
2026 07 23 19 05 00 000 5.2471179E+00 -3.3386305E+00 -2.2406035E+00
2026 07 23 19 06 00 000 5.2616016E+00 -3.3123511E+00 -2.2456341E+00
2026 07 23 19 07 00 000 5.2759846E+00 -3.2860082E+00 -2.2505802E+00
2026 07 23 19 08 00 000 5.2902674E+00 -3.2596029E+00 -2.2554420E+00
2026 07 23 19 09 00 000 5.3044490E+00 -3.2331354E+00 -2.2602193E+00
2026 07 23 19 10 00 000 5.3185304E+00 -3.2066072E+00 -2.2649125E+00
2026 07 23 19 11 00 000 5.3325100E+00 -3.1800182E+00 -2.2695210E+00
2026 07 23 19 12 00 000 5.3463888E+00 -3.1533696E+00 -2.2740454E+00
2026 07 23 19 13 00 000 5.3601653E+00 -3.1266616E+00 -2.2784850E+00
2026 07 23 19 14 00 000 5.3738398E+00 -3.0998949E+00 -2.2828402E+00
2026 07 23 19 15 00 000 5.3874121E+00 -3.0730704E+00 -2.2871109E+00
2026 07 23 19 16 00 000 5.4008818E+00 -3.0461886E+00 -2.2912970E+00
2026 07 23 19 17 00 000 5.4142487E+00 -3.0192502E+00 -2.2953985E+00
2026 07 23 19 18 00 000 5.4275125E+00 -2.9922558E+00 -2.2994156E+00
2026 07 23 19 19 00 000 5.4406734E+00 -2.9652065E+00 -2.3033483E+00
2026 07 23 19 20 00 000 5.4537301E+00 -2.9381021E+00 -2.3071961E+00
2026 07 23 19 21 00 000 5.4666835E+00 -2.9109439E+00 -2.3109597E+00
2026 07 23 19 22 00 000 5.4795326E+00 -2.8837325E+00 -2.3146387E+00
2026 07 23 19 23 00 000 5.4922772E+00 -2.8564682E+00 -2.3182331E+00
2026 07 23 19 24 00 000 5.5049175E+00 -2.8291521E+00 -2.3217432E+00
2026 07 23 19 25 00 000 5.5174528E+00 -2.8017845E+00 -2.3251688E+00
2026 07 23 19 26 00 000 5.5298833E+00 -2.7743665E+00 -2.3285101E+00
2026 07 23 19 27 00 000 5.5422081E+00 -2.7468981E+00 -2.3317670E+00
2026 07 23 19 28 00 000 5.5544282E+00 -2.7193809E+00 -2.3349398E+00
2026 07 23 19 29 00 000 5.5665421E+00 -2.6918147E+00 -2.3380282E+00
2026 07 23 19 30 00 000 5.5785501E+00 -2.6642006E+00 -2.3410325E+00
2026 07 23 19 31 00 000 5.5904518E+00 -2.6365390E+00 -2.3439526E+00
2026 07 23 19 32 00 000 5.6022471E+00 -2.6088308E+00 -2.3467887E+00
2026 07 23 19 33 00 000 5.6139363E+00 -2.5810767E+00 -2.3495410E+00
2026 07 23 19 34 00 000 5.6255178E+00 -2.5532768E+00 -2.3522090E+00
2026 07 23 19 35 00 000 5.6369926E+00 -2.5254324E+00 -2.3547934E+00
2026 07 23 19 36 00 000 5.6483599E+00 -2.4975437E+00 -2.3572939E+00
2026 07 23 19 37 00 000 5.6596204E+00 -2.4696123E+00 -2.3597110E+00
2026 07 23 19 38 00 000 5.6707728E+00 -2.4416377E+00 -2.3620444E+00
2026 07 23 19 39 00 000 5.6818167E+00 -2.4136208E+00 -2.3642941E+00
2026 07 23 19 40 00 000 5.6927525E+00 -2.3855623E+00 -2.3664604E+00
2026 07 23 19 41 00 000 5.7035805E+00 -2.3574635E+00 -2.3685437E+00
2026 07 23 19 42 00 000 5.7142998E+00 -2.3293244E+00 -2.3705438E+00
2026 07 23 19 43 00 000 5.7249102E+00 -2.3011458E+00 -2.3724607E+00
2026 07 23 19 44 00 000 5.7354113E+00 -2.2729282E+00 -2.3742945E+00
2026 07 23 19 45 00 000 5.7458034E+00 -2.2446727E+00 -2.3760456E+00
2026 07 23 19 46 00 000 5.7560864E+00 -2.2163797E+00 -2.3777140E+00
2026 07 23 19 47 00 000 5.7662593E+00 -2.1880495E+00 -2.3792997E+00
2026 07 23 19 48 00 000 5.7763236E+00 -2.1596839E+00 -2.3808034E+00
2026 07 23 19 49 00 000 5.7862766E+00 -2.1312819E+00 -2.3822243E+00
2026 07 23 19 50 00 000 5.7961200E+00 -2.1028452E+00 -2.3835632E+00
2026 07 23 19 51 00 000 5.8058527E+00 -2.0743742E+00 -2.3848199E+00
2026 07 23 19 52 00 000 5.8154757E+00 -2.0458702E+00 -2.3859951E+00
2026 07 23 19 53 00 000 5.8249876E+00 -2.0173329E+00 -2.3870883E+00
2026 07 23 19 54 00 000 5.8343880E+00 -1.9887629E+00 -2.3880998E+00
2026 07 23 19 55 00 000 5.8436780E+00 -1.9601615E+00 -2.3890301E+00
2026 07 23 19 56 00 000 5.8528565E+00 -1.9315291E+00 -2.3898790E+00
2026 07 23 19 57 00 000 5.8619238E+00 -1.9028667E+00 -2.3906471E+00
2026 07 23 19 58 00 000 5.8708793E+00 -1.8741743E+00 -2.3913340E+00
2026 07 23 19 59 00 000 5.8797231E+00 -1.8454528E+00 -2.3919403E+00
2026 07 23 20 00 00 000 5.8884551E+00 -1.8167029E+00 -2.3924661E+00
2026 07 23 20 01 00 000 5.8970748E+00 -1.7879253E+00 -2.3929114E+00
2026 07 23 20 02 00 000 5.9055821E+00 -1.7591204E+00 -2.3932764E+00
2026 07 23 20 03 00 000 5.9139772E+00 -1.7302892E+00 -2.3935616E+00
2026 07 23 20 04 00 000 5.9222599E+00 -1.7014322E+00 -2.3937671E+00
2026 07 23 20 05 00 000 5.9304298E+00 -1.6725502E+00 -2.3938929E+00
2026 07 23 20 06 00 000 5.9384862E+00 -1.6436432E+00 -2.3939391E+00
2026 07 23 20 07 00 000 5.9464301E+00 -1.6147123E+00 -2.3939063E+00
2026 07 23 20 08 00 000 5.9542609E+00 -1.5857584E+00 -2.3937946E+00
2026 07 23 20 09 00 000 5.9619779E+00 -1.5567818E+00 -2.3936039E+00
2026 07 23 20 10 00 000 5.9695815E+00 -1.5277830E+00 -2.3933347E+00
2026 07 23 20 11 00 000 5.9770720E+00 -1.4987630E+00 -2.3929874E+00
2026 07 23 20 12 00 000 5.9844478E+00 -1.4697219E+00 -2.3925616E+00
2026 07 23 20 13 00 000 5.9917105E+00 -1.4406613E+00 -2.3920583E+00
2026 07 23 20 14 00 000 5.9988586E+00 -1.4115809E+00 -2.3914771E+00
2026 07 23 20 15 00 000 6.0058932E+00 -1.3824818E+00 -2.3908188E+00
2026 07 23 20 16 00 000 6.0128125E+00 -1.3533642E+00 -2.3900829E+00
2026 07 23 20 17 00 000 6.0196177E+00 -1.3242291E+00 -2.3892702E+00
2026 07 23 20 18 00 000 6.0263081E+00 -1.2950771E+00 -2.3883807E+00
2026 07 23 20 19 00 000 6.0328845E+00 -1.2659089E+00 -2.3874150E+00
2026 07 23 20 20 00 000 6.0393455E+00 -1.2367248E+00 -2.3863729E+00
2026 07 23 20 21 00 000 6.0456912E+00 -1.2075256E+00 -2.3852548E+00
2026 07 23 20 22 00 000 6.0519226E+00 -1.1783122E+00 -2.3840612E+00
2026 07 23 20 23 00 000 6.0580384E+00 -1.1490850E+00 -2.3827922E+00
2026 07 23 20 24 00 000 6.0640388E+00 -1.1198442E+00 -2.3814478E+00
2026 07 23 20 25 00 000 6.0699237E+00 -1.0905911E+00 -2.3800286E+00
2026 07 23 20 26 00 000 6.0756930E+00 -1.0613257E+00 -2.3785347E+00
2026 07 23 20 27 00 000 6.0813468E+00 -1.0320492E+00 -2.3769665E+00
2026 07 23 20 28 00 000 6.0868848E+00 -1.0027622E+00 -2.3753242E+00
2026 07 23 20 29 00 000 6.0923070E+00 -9.7346485E-01 -2.3736082E+00
2026 07 23 20 30 00 000 6.0976130E+00 -9.4415792E-01 -2.3718185E+00
2026 07 23 20 31 00 000 6.1028028E+00 -9.1484212E-01 -2.3699555E+00
2026 07 23 20 32 00 000 6.1078769E+00 -8.8551805E-01 -2.3680198E+00
2026 07 23 20 33 00 000 6.1128342E+00 -8.5618621E-01 -2.3660112E+00
2026 07 23 20 34 00 000 6.1176755E+00 -8.2684722E-01 -2.3639303E+00
2026 07 23 20 35 00 000 6.1224000E+00 -7.9750208E-01 -2.3617773E+00
2026 07 23 20 36 00 000 6.1270083E+00 -7.6815106E-01 -2.3595527E+00
2026 07 23 20 37 00 000 6.1314998E+00 -7.3879468E-01 -2.3572564E+00
2026 07 23 20 38 00 000 6.1358744E+00 -7.0943366E-01 -2.3548890E+00
2026 07 23 20 39 00 000 6.1401325E+00 -6.8006875E-01 -2.3524508E+00
2026 07 23 20 40 00 000 6.1442735E+00 -6.5070030E-01 -2.3499420E+00
2026 07 23 20 41 00 000 6.1482973E+00 -6.2132868E-01 -2.3473628E+00
2026 07 23 20 42 00 000 6.1522044E+00 -5.9195514E-01 -2.3447138E+00
2026 07 23 20 43 00 000 6.1559939E+00 -5.6257968E-01 -2.3419951E+00
2026 07 23 20 44 00 000 6.1596666E+00 -5.3320339E-01 -2.3392071E+00
2026 07 23 20 45 00 000 6.1632224E+00 -5.0382666E-01 -2.3363504E+00
2026 07 23 20 46 00 000 6.1666600E+00 -4.7445010E-01 -2.3334247E+00
2026 07 23 20 47 00 000 6.1699808E+00 -4.4507401E-01 -2.3304308E+00
2026 07 23 20 48 00 000 6.1731837E+00 -4.1569954E-01 -2.3273689E+00
2026 07 23 20 49 00 000 6.1762690E+00 -3.8632674E-01 -2.3242392E+00
2026 07 23 20 50 00 000 6.1792375E+00 -3.5695670E-01 -2.3210425E+00
2026 07 23 20 51 00 000 6.1820876E+00 -3.2758919E-01 -2.3177785E+00
2026 07 23 20 52 00 000 6.1848200E+00 -2.9822579E-01 -2.3144479E+00
2026 07 23 20 53 00 000 6.1874352E+00 -2.6886639E-01 -2.3110512E+00
2026 07 23 20 54 00 000 6.1899323E+00 -2.3951198E-01 -2.3075884E+00
2026 07 23 20 55 00 000 6.1923117E+00 -2.1016310E-01 -2.3040600E+00
2026 07 23 20 56 00 000 6.1945730E+00 -1.8081992E-01 -2.3004663E+00
2026 07 23 20 57 00 000 6.1967159E+00 -1.5148346E-01 -2.2968075E+00
2026 07 23 20 58 00 000 6.1987418E+00 -1.2215416E-01 -2.2930844E+00
2026 07 23 20 59 00 000 6.2006488E+00 -9.2832088E-02 -2.2892968E+00
2026 07 23 21 00 00 000 6.2024382E+00 -6.3518693E-02 -2.2854455E+00
2026 07 23 21 01 00 000 6.2041092E+00 -3.4213762E-02 -2.2815305E+00
2026 07 23 21 02 00 000 6.2056624E+00 -4.9186986E-03 -2.2775526E+00
2026 07 23 21 03 00 000 6.2070974E+00 2.4366345E-02 -2.2735119E+00
2026 07 23 21 04 00 000 6.2084142E+00 5.3641351E-02 -2.2694087E+00
2026 07 23 21 05 00 000 6.2096127E+00 8.2904974E-02 -2.2652434E+00
2026 07 23 21 06 00 000 6.2106929E+00 1.1215688E-01 -2.2610164E+00
2026 07 23 21 07 00 000 6.2116553E+00 1.4139668E-01 -2.2567283E+00
2026 07 23 21 08 00 000 6.2124989E+00 1.7062360E-01 -2.2523790E+00
2026 07 23 21 09 00 000 6.2132245E+00 1.9983725E-01 -2.2479692E+00
2026 07 23 21 10 00 000 6.2138313E+00 2.2903716E-01 -2.2434990E+00
2026 07 23 21 11 00 000 6.2143206E+00 2.5822210E-01 -2.2389694E+00
2026 07 23 21 12 00 000 6.2146907E+00 2.8739265E-01 -2.2343799E+00
2026 07 23 21 13 00 000 6.2149429E+00 3.1654757E-01 -2.2297315E+00
2026 07 23 21 14 00 000 6.2150770E+00 3.4568570E-01 -2.2250246E+00
2026 07 23 21 15 00 000 6.2150926E+00 3.7480807E-01 -2.2202592E+00
2026 07 23 21 16 00 000 6.2149896E+00 4.0391270E-01 -2.2154358E+00
2026 07 23 21 17 00 000 6.2147685E+00 4.3299954E-01 -2.2105550E+00
2026 07 23 21 18 00 000 6.2144289E+00 4.6206897E-01 -2.2056169E+00
2026 07 23 21 19 00 000 6.2139713E+00 4.9111846E-01 -2.2006222E+00
2026 07 23 21 20 00 000 6.2133950E+00 5.2014922E-01 -2.1955710E+00
2026 07 23 21 21 00 000 6.2127008E+00 5.4916005E-01 -2.1904639E+00
2026 07 23 21 22 00 000 6.2118882E+00 5.7814984E-01 -2.1853013E+00
2026 07 23 21 23 00 000 6.2109568E+00 6.0711926E-01 -2.1800833E+00
2026 07 23 21 24 00 000 6.2099075E+00 6.3606696E-01 -2.1748105E+00
2026 07 23 21 25 00 000 6.2087403E+00 6.6499296E-01 -2.1694835E+00
2026 07 23 21 26 00 000 6.2074546E+00 6.9389579E-01 -2.1641024E+00
2026 07 23 21 27 00 000 6.2060505E+00 7.2277599E-01 -2.1586676E+00
2026 07 23 21 28 00 000 6.2045282E+00 7.5163236E-01 -2.1531796E+00
2026 07 23 21 29 00 000 6.2028886E+00 7.8046458E-01 -2.1476390E+00
2026 07 23 21 30 00 000 6.2011297E+00 8.0927242E-01 -2.1420456E+00
2026 07 23 21 31 00 000 6.1992537E+00 8.3805463E-01 -2.1364006E+00
2026 07 23 21 32 00 000 6.1972590E+00 8.6681132E-01 -2.1307038E+00
2026 07 23 21 33 00 000 6.1951465E+00 8.9554196E-01 -2.1249557E+00
2026 07 23 21 34 00 000 6.1929161E+00 9.2424576E-01 -2.1191570E+00
2026 07 23 21 35 00 000 6.1905681E+00 9.5292205E-01 -2.1133080E+00
2026 07 23 21 36 00 000 6.1881016E+00 9.8157109E-01 -2.1074087E+00
2026 07 23 21 37 00 000 6.1855175E+00 1.0101914E+00 -2.1014600E+00
2026 07 23 21 38 00 000 6.1828156E+00 1.0387830E+00 -2.0954621E+00
2026 07 23 21 39 00 000 6.1799961E+00 1.0673452E+00 -2.0894156E+00
2026 07 23 21 40 00 000 6.1770586E+00 1.0958777E+00 -2.0833205E+00
2026 07 23 21 41 00 000 6.1740041E+00 1.1243799E+00 -2.0771778E+00
2026 07 23 21 42 00 000 6.1708315E+00 1.1528511E+00 -2.0709874E+00
2026 07 23 21 43 00 000 6.1675416E+00 1.1812915E+00 -2.0647499E+00
2026 07 23 21 44 00 000 6.1641343E+00 1.2096993E+00 -2.0584658E+00
2026 07 23 21 45 00 000 6.1606095E+00 1.2380755E+00 -2.0521354E+00
2026 07 23 21 46 00 000 6.1569674E+00 1.2664181E+00 -2.0457592E+00
2026 07 23 21 47 00 000 6.1532080E+00 1.2947279E+00 -2.0393374E+00
2026 07 23 21 48 00 000 6.1493316E+00 1.3230037E+00 -2.0328707E+00
2026 07 23 21 49 00 000 6.1453381E+00 1.3512456E+00 -2.0263594E+00
2026 07 23 21 50 00 000 6.1412274E+00 1.3794524E+00 -2.0198038E+00
2026 07 23 21 51 00 000 6.1369997E+00 1.4076239E+00 -2.0132045E+00
2026 07 23 21 52 00 000 6.1326553E+00 1.4357597E+00 -2.0065618E+00
2026 07 23 21 53 00 000 6.1281941E+00 1.4638590E+00 -1.9998763E+00
2026 07 23 21 54 00 000 6.1236164E+00 1.4919221E+00 -1.9931482E+00
2026 07 23 21 55 00 000 6.1189218E+00 1.5199474E+00 -1.9863780E+00
2026 07 23 21 56 00 000 6.1141108E+00 1.5479352E+00 -1.9795662E+00
2026 07 23 21 57 00 000 6.1091834E+00 1.5758847E+00 -1.9727131E+00
2026 07 23 21 58 00 000 6.1041395E+00 1.6037959E+00 -1.9658191E+00
2026 07 23 21 59 00 000 6.0989798E+00 1.6316681E+00 -1.9588848E+00
2026 07 23 22 00 00 000 6.0937035E+00 1.6595000E+00 -1.9519105E+00
2026 07 23 22 01 00 000 6.0883116E+00 1.6872920E+00 -1.9448967E+00
2026 07 23 22 02 00 000 6.0828036E+00 1.7150439E+00 -1.9378437E+00
2026 07 23 22 03 00 000 6.0771795E+00 1.7427545E+00 -1.9307519E+00
2026 07 23 22 04 00 000 6.0714397E+00 1.7704237E+00 -1.9236217E+00
2026 07 23 22 05 00 000 6.0655845E+00 1.7980508E+00 -1.9164538E+00
2026 07 23 22 06 00 000 6.0596136E+00 1.8256356E+00 -1.9092483E+00
2026 07 23 22 07 00 000 6.0535276E+00 1.8531775E+00 -1.9020059E+00
2026 07 23 22 08 00 000 6.0473260E+00 1.8806759E+00 -1.8947268E+00
2026 07 23 22 09 00 000 6.0410093E+00 1.9081309E+00 -1.8874114E+00
2026 07 23 22 10 00 000 6.0345779E+00 1.9355412E+00 -1.8800604E+00
2026 07 23 22 11 00 000 6.0280313E+00 1.9629070E+00 -1.8726740E+00
2026 07 23 22 12 00 000 6.0213700E+00 1.9902276E+00 -1.8652527E+00
2026 07 23 22 13 00 000 6.0145940E+00 2.0175024E+00 -1.8577968E+00
2026 07 23 22 14 00 000 6.0077031E+00 2.0447313E+00 -1.8503068E+00
2026 07 23 22 15 00 000 6.0006986E+00 2.0719138E+00 -1.8427833E+00
2026 07 23 22 16 00 000 5.9935794E+00 2.0990493E+00 -1.8352264E+00
2026 07 23 22 17 00 000 5.9863460E+00 2.1261374E+00 -1.8276366E+00
2026 07 23 22 18 00 000 5.9789985E+00 2.1531774E+00 -1.8200145E+00
2026 07 23 22 19 00 000 5.9715373E+00 2.1801694E+00 -1.8123604E+00
2026 07 23 22 20 00 000 5.9639622E+00 2.2071124E+00 -1.8046746E+00
2026 07 23 22 21 00 000 5.9562736E+00 2.2340062E+00 -1.7969578E+00
2026 07 23 22 22 00 000 5.9484722E+00 2.2608505E+00 -1.7892104E+00
2026 07 23 22 23 00 000 5.9405566E+00 2.2876448E+00 -1.7814324E+00
2026 07 23 22 24 00 000 5.9325281E+00 2.3143884E+00 -1.7736246E+00
2026 07 23 22 25 00 000 5.9243870E+00 2.3410813E+00 -1.7657874E+00
2026 07 23 22 26 00 000 5.9161329E+00 2.3677228E+00 -1.7579210E+00
2026 07 23 22 27 00 000 5.9077661E+00 2.3943123E+00 -1.7500261E+00
2026 07 23 22 28 00 000 5.8992868E+00 2.4208500E+00 -1.7421028E+00
2026 07 23 22 29 00 000 5.8906950E+00 2.4473349E+00 -1.7341517E+00
2026 07 23 22 30 00 000 5.8819914E+00 2.4737667E+00 -1.7261733E+00
2026 07 23 22 31 00 000 5.8731752E+00 2.5001443E+00 -1.7181679E+00
2026 07 23 22 32 00 000 5.8642478E+00 2.5264694E+00 -1.7101359E+00
2026 07 23 22 33 00 000 5.8552081E+00 2.5527389E+00 -1.7020777E+00
2026 07 23 22 34 00 000 5.8460576E+00 2.5789540E+00 -1.6939939E+00
2026 07 23 22 35 00 000 5.8367956E+00 2.6051142E+00 -1.6858847E+00
2026 07 23 22 36 00 000 5.8280062E+00 2.6316206E+00 -1.6750413E+00
2026 07 23 22 37 00 000 5.8185183E+00 2.6576673E+00 -1.6668804E+00
2026 07 23 22 38 00 000 5.8089202E+00 2.6836576E+00 -1.6586957E+00
2026 07 23 22 39 00 000 5.7992117E+00 2.7095915E+00 -1.6504874E+00
2026 07 23 22 40 00 000 5.7893920E+00 2.7354675E+00 -1.6422557E+00
2026 07 23 22 41 00 000 5.7794622E+00 2.7612864E+00 -1.6340011E+00
2026 07 23 22 42 00 000 5.7694224E+00 2.7870467E+00 -1.6257242E+00
2026 07 23 22 43 00 000 5.7592709E+00 2.8127536E+00 -1.6174237E+00
2026 07 23 22 44 00 000 5.7490121E+00 2.8383953E+00 -1.6091036E+00
2026 07 23 22 45 00 000 5.7386438E+00 2.8639780E+00 -1.6007622E+00
2026 07 23 22 46 00 000 5.7281664E+00 2.8895007E+00 -1.5924002E+00
2026 07 23 22 47 00 000 5.7175798E+00 2.9149635E+00 -1.5840176E+00
2026 07 23 22 48 00 000 5.7068844E+00 2.9403653E+00 -1.5756152E+00
2026 07 23 22 49 00 000 5.6960803E+00 2.9657068E+00 -1.5671931E+00
2026 07 23 22 50 00 000 5.6851677E+00 2.9909873E+00 -1.5587517E+00
2026 07 23 22 51 00 000 5.6741441E+00 3.0162125E+00 -1.5502894E+00
2026 07 23 22 52 00 000 5.6630144E+00 3.0413702E+00 -1.5418103E+00
2026 07 23 22 53 00 000 5.6517766E+00 3.0664657E+00 -1.5333131E+00
2026 07 23 22 54 00 000 5.6404319E+00 3.0914983E+00 -1.5247985E+00
2026 07 23 22 55 00 000 5.6289792E+00 3.1164679E+00 -1.5162665E+00
2026 07 23 22 56 00 000 5.6174198E+00 3.1413739E+00 -1.5077178E+00
2026 07 23 22 57 00 000 5.6057533E+00 3.1662156E+00 -1.4991526E+00
2026 07 23 22 58 00 000 5.5939794E+00 3.1909930E+00 -1.4905712E+00
2026 07 23 22 59 00 000 5.5820997E+00 3.2157059E+00 -1.4819743E+00
2026 07 23 23 00 00 000 5.5701134E+00 3.2403537E+00 -1.4733620E+00
2026 07 23 23 01 00 000 5.5580208E+00 3.2649358E+00 -1.4647348E+00
2026 07 23 23 02 00 000 5.5458226E+00 3.2894519E+00 -1.4560931E+00
2026 07 23 23 03 00 000 5.5335192E+00 3.3139023E+00 -1.4474374E+00
2026 07 23 23 04 00 000 5.5211096E+00 3.3382854E+00 -1.4387677E+00
2026 07 23 23 05 00 000 5.5085951E+00 3.3626015E+00 -1.4300848E+00
2026 07 23 23 06 00 000 5.4959762E+00 3.3868508E+00 -1.4213890E+00
2026 07 23 23 07 00 000 5.4832520E+00 3.4110318E+00 -1.4126804E+00
2026 07 23 23 08 00 000 5.4704237E+00 3.4351450E+00 -1.4039597E+00
2026 07 23 23 09 00 000 5.4574910E+00 3.4591899E+00 -1.3952270E+00
2026 07 23 23 10 00 000 5.4444547E+00 3.4831657E+00 -1.3864829E+00
2026 07 23 23 11 00 000 5.4313144E+00 3.5070727E+00 -1.3777276E+00
2026 07 23 23 12 00 000 5.4180709E+00 3.5309096E+00 -1.3689617E+00
2026 07 23 23 13 00 000 5.4047243E+00 3.5546770E+00 -1.3601853E+00
2026 07 23 23 14 00 000 5.3912741E+00 3.5783738E+00 -1.3513988E+00
2026 07 23 23 15 00 000 5.3777216E+00 3.6019998E+00 -1.3426028E+00
2026 07 23 23 16 00 000 5.3640668E+00 3.6255552E+00 -1.3337976E+00
2026 07 23 23 17 00 000 5.3503099E+00 3.6490389E+00 -1.3249834E+00
2026 07 23 23 18 00 000 5.3364509E+00 3.6724512E+00 -1.3161606E+00
2026 07 23 23 19 00 000 5.3224904E+00 3.6957917E+00 -1.3073296E+00
2026 07 23 23 20 00 000 5.3084282E+00 3.7190593E+00 -1.2984908E+00
2026 07 23 23 21 00 000 5.2942653E+00 3.7422540E+00 -1.2896446E+00
2026 07 23 23 22 00 000 5.2800015E+00 3.7653759E+00 -1.2807912E+00
2026 07 23 23 23 00 000 5.2656370E+00 3.7884246E+00 -1.2719310E+00
2026 07 23 23 24 00 000 5.2511722E+00 3.8113986E+00 -1.2630645E+00
2026 07 23 23 25 00 000 5.2366075E+00 3.8342996E+00 -1.2541918E+00
2026 07 23 23 26 00 000 5.2219429E+00 3.8571254E+00 -1.2453134E+00
2026 07 23 23 27 00 000 5.2071788E+00 3.8798763E+00 -1.2364297E+00
2026 07 23 23 28 00 000 5.1923157E+00 3.9025526E+00 -1.2275409E+00
2026 07 23 23 29 00 000 5.1773536E+00 3.9251530E+00 -1.2186474E+00
2026 07 23 23 30 00 000 5.1622930E+00 3.9476777E+00 -1.2097497E+00
2026 07 23 23 31 00 000 5.1471344E+00 3.9701266E+00 -1.2008479E+00
2026 07 23 23 32 00 000 5.1318774E+00 3.9924982E+00 -1.1919425E+00
2026 07 23 23 33 00 000 5.1165227E+00 4.0147935E+00 -1.1830337E+00
2026 07 23 23 34 00 000 5.1010703E+00 4.0370113E+00 -1.1741219E+00
2026 07 23 23 35 00 000 5.0855209E+00 4.0591516E+00 -1.1652075E+00
2026 07 23 23 36 00 000 5.0698747E+00 4.0812145E+00 -1.1562907E+00
2026 07 23 23 37 00 000 5.0541320E+00 4.1031990E+00 -1.1473720E+00
2026 07 23 23 38 00 000 5.0382929E+00 4.1251051E+00 -1.1384515E+00
2026 07 23 23 39 00 000 5.0223579E+00 4.1469321E+00 -1.1295298E+00
2026 07 23 23 40 00 000 5.0063273E+00 4.1686805E+00 -1.1206069E+00
2026 07 23 23 41 00 000 4.9902013E+00 4.1903489E+00 -1.1116835E+00
2026 07 23 23 42 00 000 4.9739804E+00 4.2119383E+00 -1.1027596E+00
2026 07 23 23 43 00 000 4.9576646E+00 4.2334471E+00 -1.0938356E+00
2026 07 23 23 44 00 000 4.9412541E+00 4.2548753E+00 -1.0849118E+00
2026 07 23 23 45 00 000 4.9247498E+00 4.2762228E+00 -1.0759888E+00
2026 07 23 23 46 00 000 4.9081518E+00 4.2974897E+00 -1.0670665E+00
2026 07 23 23 47 00 000 4.8914601E+00 4.3186748E+00 -1.0581454E+00
2026 07 23 23 48 00 000 4.8746755E+00 4.3397789E+00 -1.0492258E+00
2026 07 23 23 49 00 000 4.8577978E+00 4.3608006E+00 -1.0403080E+00
2026 07 23 23 50 00 000 4.8408277E+00 4.3817399E+00 -1.0313924E+00
2026 07 23 23 51 00 000 4.8237652E+00 4.4025970E+00 -1.0224790E+00
2026 07 23 23 52 00 000 4.8066108E+00 4.4233706E+00 -1.0135684E+00
2026 07 23 23 53 00 000 4.7893651E+00 4.4440615E+00 -1.0046608E+00
2026 07 23 23 54 00 000 4.7720277E+00 4.4646682E+00 -9.9575655E-01
2026 07 23 23 55 00 000 4.7545998E+00 4.4851919E+00 -9.8685583E-01
2026 07 23 23 56 00 000 4.7370814E+00 4.5056316E+00 -9.7795898E-01
2026 07 23 23 57 00 000 4.7194727E+00 4.5259865E+00 -9.6906639E-01
2026 07 23 23 58 00 000 4.7017740E+00 4.5462567E+00 -9.6017817E-01
2026 07 23 23 59 00 000 4.6839860E+00 4.5664424E+00 -9.5129472E-01
2026 07 24 00 00 00 000 4.6661085E+00 4.5865423E+00 -9.4241628E-01
2026 07 24 00 01 00 000 4.6481422E+00 4.6065568E+00 -9.3354317E-01
2026 07 24 00 02 00 000 4.6300876E+00 4.6264858E+00 -9.2467563E-01
2026 07 24 00 03 00 000 4.6119441E+00 4.6463278E+00 -9.1581386E-01
2026 07 24 00 04 00 000 4.5937135E+00 4.6660838E+00 -9.0695839E-01
2026 07 24 00 05 00 000 4.5753951E+00 4.6857532E+00 -8.9810924E-01
2026 07 24 00 06 00 000 4.5569894E+00 4.7053352E+00 -8.8926673E-01
2026 07 24 00 07 00 000 4.5384974E+00 4.7248306E+00 -8.8043126E-01
2026 07 24 00 08 00 000 4.5199184E+00 4.7442376E+00 -8.7160293E-01
2026 07 24 00 09 00 000 4.5012532E+00 4.7635566E+00 -8.6278205E-01
2026 07 24 00 10 00 000 4.4825027E+00 4.7827881E+00 -8.5396893E-01
2026 07 24 00 11 00 000 4.4636668E+00 4.8019312E+00 -8.4516381E-01
2026 07 24 00 12 00 000 4.4447456E+00 4.8209850E+00 -8.3636696E-01
2026 07 24 00 13 00 000 4.4257399E+00 4.8399502E+00 -8.2757858E-01
2026 07 24 00 14 00 000 4.4066501E+00 4.8588265E+00 -8.1879899E-01
2026 07 24 00 15 00 000 4.3874763E+00 4.8776130E+00 -8.1002840E-01
2026 07 24 00 16 00 000 4.3682188E+00 4.8963097E+00 -8.0126703E-01
2026 07 24 00 17 00 000 4.3488778E+00 4.9149157E+00 -7.9251516E-01
2026 07 24 00 18 00 000 4.3294544E+00 4.9334321E+00 -7.8377302E-01
2026 07 24 00 19 00 000 4.3099483E+00 4.9518573E+00 -7.7504090E-01
2026 07 24 00 20 00 000 4.2903598E+00 4.9701914E+00 -7.6631894E-01
2026 07 24 00 21 00 000 4.2706902E+00 4.9884353E+00 -7.5760749E-01
2026 07 24 00 22 00 000 4.2509387E+00 5.0065870E+00 -7.4890668E-01
2026 07 24 00 23 00 000 4.2311067E+00 5.0246474E+00 -7.4021688E-01
2026 07 24 00 24 00 000 4.2111939E+00 5.0426160E+00 -7.3153813E-01
2026 07 24 00 25 00 000 4.1912007E+00 5.0604917E+00 -7.2287079E-01
2026 07 24 00 26 00 000 4.1711281E+00 5.0782757E+00 -7.1421508E-01
2026 07 24 00 27 00 000 4.1509757E+00 5.0959666E+00 -7.0557117E-01
2026 07 24 00 28 00 000 4.1307440E+00 5.1135641E+00 -6.9693928E-01
2026 07 24 00 29 00 000 4.1104342E+00 5.1310694E+00 -6.8831969E-01
2026 07 24 00 30 00 000 4.0900457E+00 5.1484802E+00 -6.7971255E-01
2026 07 24 00 31 00 000 4.0695795E+00 5.1657978E+00 -6.7111809E-01
2026 07 24 00 32 00 000 4.0490357E+00 5.1830213E+00 -6.6253657E-01
2026 07 24 00 33 00 000 4.0284143E+00 5.2001499E+00 -6.5396803E-01
2026 07 24 00 34 00 000 4.0077166E+00 5.2171846E+00 -6.4541291E-01
2026 07 24 00 35 00 000 3.9869426E+00 5.2341246E+00 -6.3687129E-01
2026 07 24 00 36 00 000 3.9660928E+00 5.2509698E+00 -6.2834340E-01
2026 07 24 00 37 00 000 3.9451670E+00 5.2677193E+00 -6.1982935E-01
2026 07 24 00 38 00 000 3.9241663E+00 5.2843735E+00 -6.1132948E-01
2026 07 24 00 39 00 000 3.9030906E+00 5.3009317E+00 -6.0284385E-01
2026 07 24 00 40 00 000 3.8819411E+00 5.3173948E+00 -5.9437279E-01
2026 07 24 00 41 00 000 3.8607171E+00 5.3337609E+00 -5.8591634E-01
2026 07 24 00 42 00 000 3.8394199E+00 5.3500309E+00 -5.7747480E-01
2026 07 24 00 43 00 000 3.8180490E+00 5.3662034E+00 -5.6904824E-01
2026 07 24 00 44 00 000 3.7966060E+00 5.3822801E+00 -5.6063700E-01
2026 07 24 00 45 00 000 3.7750906E+00 5.3982596E+00 -5.5224115E-01
2026 07 24 00 46 00 000 3.7535029E+00 5.4141410E+00 -5.4386085E-01
2026 07 24 00 47 00 000 3.7318440E+00 5.4299254E+00 -5.3549635E-01
2026 07 24 00 48 00 000 3.7101137E+00 5.4456112E+00 -5.2714774E-01
2026 07 24 00 49 00 000 3.6883130E+00 5.4611997E+00 -5.1881527E-01
2026 07 24 00 50 00 000 3.6664421E+00 5.4766899E+00 -5.1049909E-01
2026 07 24 00 51 00 000 3.6445010E+00 5.4920810E+00 -5.0219928E-01
2026 07 24 00 52 00 000 3.6224905E+00 5.5073734E+00 -4.9391608E-01
2026 07 24 00 53 00 000 3.6004115E+00 5.5225676E+00 -4.8564970E-01
2026 07 24 00 54 00 000 3.5782635E+00 5.5376621E+00 -4.7740019E-01
2026 07 24 00 55 00 000 3.5560470E+00 5.5526567E+00 -4.6916769E-01
2026 07 24 00 56 00 000 3.5337637E+00 5.5675531E+00 -4.6095254E-01
2026 07 24 00 57 00 000 3.5114120E+00 5.5823479E+00 -4.5275461E-01
2026 07 24 00 58 00 000 3.4889942E+00 5.5970441E+00 -4.4457432E-01
2026 07 24 00 59 00 000 3.4665097E+00 5.6116396E+00 -4.3641164E-01
2026 07 24 01 00 00 000 3.4439589E+00 5.6261341E+00 -4.2826674E-01
2026 07 24 01 01 00 000 3.4213425E+00 5.6405281E+00 -4.2013979E-01
2026 07 24 01 02 00 000 3.3986611E+00 5.6548214E+00 -4.1203094E-01
2026 07 24 01 03 00 000 3.3759151E+00 5.6690137E+00 -4.0394032E-01
2026 07 24 01 04 00 000 3.3531048E+00 5.6831049E+00 -3.9586806E-01
2026 07 24 01 05 00 000 3.3302300E+00 5.6970935E+00 -3.8781419E-01
2026 07 24 01 06 00 000 3.3072922E+00 5.7109812E+00 -3.7977900E-01
2026 07 24 01 07 00 000 3.2842914E+00 5.7247671E+00 -3.7176254E-01
2026 07 24 01 08 00 000 3.2612279E+00 5.7384503E+00 -3.6376490E-01
2026 07 24 01 09 00 000 3.2381026E+00 5.7520320E+00 -3.5578631E-01
2026 07 24 01 10 00 000 3.2149149E+00 5.7655100E+00 -3.4782670E-01
2026 07 24 01 11 00 000 3.1916664E+00 5.7788860E+00 -3.3988637E-01
2026 07 24 01 12 00 000 3.1683572E+00 5.7921592E+00 -3.3196535E-01
2026 07 24 01 13 00 000 3.1449876E+00 5.8053293E+00 -3.2406379E-01
2026 07 24 01 14 00 000 3.1215581E+00 5.8183961E+00 -3.1618176E-01
2026 07 24 01 15 00 000 3.0980688E+00 5.8313588E+00 -3.0831932E-01
2026 07 24 01 16 00 000 3.0745207E+00 5.8442184E+00 -3.0047669E-01
2026 07 24 01 17 00 000 3.0509141E+00 5.8569741E+00 -2.9265391E-01
2026 07 24 01 18 00 000 3.0272489E+00 5.8696250E+00 -2.8485102E-01
2026 07 24 01 19 00 000 3.0035264E+00 5.8821721E+00 -2.7706820E-01
2026 07 24 01 20 00 000 2.9797469E+00 5.8946153E+00 -2.6930558E-01
2026 07 24 01 21 00 000 2.9559100E+00 5.9069531E+00 -2.6156310E-01
2026 07 24 01 22 00 000 2.9320171E+00 5.9191865E+00 -2.5384098E-01
2026 07 24 01 23 00 000 2.9080686E+00 5.9313152E+00 -2.4613931E-01
2026 07 24 01 24 00 000 2.8840645E+00 5.9433385E+00 -2.3845808E-01
2026 07 24 01 25 00 000 2.8600051E+00 5.9552560E+00 -2.3079740E-01
2026 07 24 01 26 00 000 2.8358919E+00 5.9670689E+00 -2.2315747E-01
2026 07 24 01 27 00 000 2.8117239E+00 5.9787750E+00 -2.1553814E-01
2026 07 24 01 28 00 000 2.7875027E+00 5.9903760E+00 -2.0793967E-01
2026 07 24 01 29 00 000 2.7632284E+00 6.0018711E+00 -2.0036208E-01
2026 07 24 01 30 00 000 2.7389011E+00 6.0132593E+00 -1.9280538E-01
2026 07 24 01 31 00 000 2.7145221E+00 6.0245418E+00 -1.8526977E-01
2026 07 24 01 32 00 000 2.6900908E+00 6.0357169E+00 -1.7775514E-01
2026 07 24 01 33 00 000 2.6656085E+00 6.0467859E+00 -1.7026170E-01
2026 07 24 01 34 00 000 2.6410756E+00 6.0577483E+00 -1.6278949E-01
2026 07 24 01 35 00 000 2.6164923E+00 6.0686035E+00 -1.5533850E-01
2026 07 24 01 36 00 000 2.5918591E+00 6.0793517E+00 -1.4790884E-01
2026 07 24 01 37 00 000 2.5671764E+00 6.0899922E+00 -1.4050052E-01
2026 07 24 01 38 00 000 2.5424452E+00 6.1005259E+00 -1.3311368E-01
2026 07 24 01 39 00 000 2.5176648E+00 6.1109507E+00 -1.2574819E-01
2026 07 24 01 40 00 000 2.4928371E+00 6.1212689E+00 -1.1840433E-01
2026 07 24 01 41 00 000 2.4679615E+00 6.1314785E+00 -1.1108194E-01
2026 07 24 01 42 00 000 2.4430391E+00 6.1415803E+00 -1.0378120E-01
2026 07 24 01 43 00 000 2.4180700E+00 6.1515736E+00 -9.6502052E-02
2026 07 24 01 44 00 000 2.3930545E+00 6.1614582E+00 -8.9244539E-02
2026 07 24 01 45 00 000 2.3679939E+00 6.1712350E+00 -8.2008812E-02
2026 07 24 01 46 00 000 2.3428879E+00 6.1809026E+00 -7.4794777E-02
2026 07 24 01 47 00 000 2.3177376E+00 6.1904620E+00 -6.7602553E-02
2026 07 24 01 48 00 000 2.2925427E+00 6.1999116E+00 -6.0432107E-02
2026 07 24 01 49 00 000 2.2673043E+00 6.2092527E+00 -5.3283453E-02
2026 07 24 01 50 00 000 2.2420225E+00 6.2184841E+00 -4.6156646E-02
2026 07 24 01 51 00 000 2.2166982E+00 6.2276064E+00 -3.9051738E-02
2026 07 24 01 52 00 000 2.1913317E+00 6.2366194E+00 -3.1968708E-02
2026 07 24 01 53 00 000 2.1659227E+00 6.2455214E+00 -2.4907446E-02
2026 07 24 01 54 00 000 2.1404732E+00 6.2543148E+00 -1.7868280E-02
2026 07 24 01 55 00 000 2.1149831E+00 6.2629988E+00 -1.0851058E-02
2026 07 24 01 56 00 000 2.0894517E+00 6.2715712E+00 -3.8555938E-03
2026 07 24 01 57 00 000 2.0638811E+00 6.2800343E+00 3.1178186E-03
2026 07 24 01 58 00 000 2.0382715E+00 6.2883879E+00 1.0069241E-02
2026 07 24 01 59 00 000 2.0126226E+00 6.2966296E+00 1.6998739E-02
2026 07 24 02 00 00 000 1.9869354E+00 6.3047615E+00 2.3906315E-02
2026 07 24 02 01 00 000 1.9612101E+00 6.3127825E+00 3.0791974E-02
2026 07 24 02 02 00 000 1.9354476E+00 6.3206930E+00 3.7655656E-02
2026 07 24 02 03 00 000 1.9096481E+00 6.3284920E+00 4.4497373E-02
2026 07 24 02 04 00 000 1.8838125E+00 6.3361807E+00 5.1317132E-02
2026 07 24 02 05 00 000 1.8579406E+00 6.3437575E+00 5.8115017E-02
2026 07 24 02 06 00 000 1.8320335E+00 6.3512236E+00 6.4890973E-02
2026 07 24 02 07 00 000 1.8060913E+00 6.3585778E+00 7.1645022E-02
2026 07 24 02 08 00 000 1.7801150E+00 6.3658215E+00 7.8377175E-02
2026 07 24 02 09 00 000 1.7541046E+00 6.3729529E+00 8.5087462E-02
2026 07 24 02 10 00 000 1.7280606E+00 6.3799725E+00 9.1775907E-02
2026 07 24 02 11 00 000 1.7019835E+00 6.3868801E+00 9.8442596E-02
2026 07 24 02 12 00 000 1.6758745E+00 6.3936766E+00 1.0508736E-01
2026 07 24 02 13 00 000 1.6497331E+00 6.4003606E+00 1.1171043E-01
2026 07 24 02 14 00 000 1.6235603E+00 6.4069325E+00 1.1831176E-01
2026 07 24 02 15 00 000 1.5973566E+00 6.4133923E+00 1.2489137E-01
2026 07 24 02 16 00 000 1.5711223E+00 6.4197398E+00 1.3144934E-01
2026 07 24 02 17 00 000 1.5448585E+00 6.4259753E+00 1.3798553E-01
2026 07 24 02 18 00 000 1.5185648E+00 6.4320976E+00 1.4450020E-01
2026 07 24 02 19 00 000 1.4922421E+00 6.4381077E+00 1.5099335E-01
2026 07 24 02 20 00 000 1.4658914E+00 6.4440052E+00 1.5746481E-01
2026 07 24 02 21 00 000 1.4395124E+00 6.4497900E+00 1.6391490E-01
2026 07 24 02 22 00 000 1.4131060E+00 6.4554618E+00 1.7034352E-01
2026 07 24 02 23 00 000 1.3866725E+00 6.4610206E+00 1.7675079E-01
2026 07 24 02 24 00 000 1.3602127E+00 6.4664663E+00 1.8313664E-01
2026 07 24 02 25 00 000 1.3337267E+00 6.4717988E+00 1.8950127E-01
2026 07 24 02 26 00 000 1.3072156E+00 6.4770187E+00 1.9584456E-01
2026 07 24 02 27 00 000 1.2806795E+00 6.4821252E+00 2.0216670E-01
2026 07 24 02 28 00 000 1.2541190E+00 6.4871182E+00 2.0846766E-01
2026 07 24 02 29 00 000 1.2275345E+00 6.4919980E+00 2.1474758E-01
2026 07 24 02 30 00 000 1.2009264E+00 6.4967639E+00 2.2100650E-01
2026 07 24 02 31 00 000 1.1742957E+00 6.5014165E+00 2.2724439E-01
2026 07 24 02 32 00 000 1.1476423E+00 6.5059556E+00 2.3346146E-01
2026 07 24 02 33 00 000 1.1209672E+00 6.5103812E+00 2.3965764E-01
2026 07 24 02 34 00 000 1.0942709E+00 6.5146928E+00 2.4583300E-01
2026 07 24 02 35 00 000 1.0675532E+00 6.5188903E+00 2.5198778E-01
2026 07 24 02 36 00 000 1.0408157E+00 6.5229747E+00 2.5812185E-01
2026 07 24 02 37 00 000 1.0140576E+00 6.5269445E+00 2.6423551E-01
2026 07 24 02 38 00 000 9.8728072E-01 6.5308005E+00 2.7032854E-01
2026 07 24 02 39 00 000 9.6048486E-01 6.5345427E+00 2.7640122E-01
2026 07 24 02 40 00 000 9.3367046E-01 6.5381704E+00 2.8245360E-01
2026 07 24 02 41 00 000 9.0683850E-01 6.5416839E+00 2.8848564E-01
2026 07 24 02 42 00 000 8.7998915E-01 6.5450835E+00 2.9449756E-01
2026 07 24 02 43 00 000 8.5312306E-01 6.5483692E+00 3.0048940E-01
2026 07 24 02 44 00 000 8.2624091E-01 6.5515402E+00 3.0646112E-01
2026 07 24 02 45 00 000 7.9934219E-01 6.5545963E+00 3.1241315E-01
2026 07 24 02 46 00 000 7.7242881E-01 6.5575390E+00 3.1834522E-01
2026 07 24 02 47 00 000 7.4550057E-01 6.5603665E+00 3.2425753E-01
2026 07 24 02 48 00 000 7.1855800E-01 6.5630796E+00 3.3015021E-01
2026 07 24 02 49 00 000 6.9160182E-01 6.5656789E+00 3.3602336E-01
2026 07 24 02 50 00 000 6.6463253E-01 6.5681634E+00 3.4187697E-01
2026 07 24 02 51 00 000 6.3765021E-01 6.5705324E+00 3.4771125E-01
2026 07 24 02 52 00 000 6.1065603E-01 6.5727879E+00 3.5352624E-01
2026 07 24 02 53 00 000 5.8364994E-01 6.5749282E+00 3.5932208E-01
2026 07 24 02 54 00 000 5.5663262E-01 6.5769537E+00 3.6509886E-01
2026 07 24 02 55 00 000 5.2960504E-01 6.5788647E+00 3.7085654E-01
2026 07 24 02 56 00 000 5.0256685E-01 6.5806608E+00 3.7659551E-01
2026 07 24 02 57 00 000 4.7551902E-01 6.5823425E+00 3.8231574E-01
2026 07 24 02 58 00 000 4.4846243E-01 6.5839090E+00 3.8801715E-01
2026 07 24 02 59 00 000 4.2139716E-01 6.5853613E+00 3.9370007E-01
2026 07 24 03 00 00 000 3.9432420E-01 6.5866981E+00 3.9936437E-01
2026 07 24 03 01 00 000 3.6724296E-01 6.5879201E+00 4.0501057E-01
2026 07 24 03 02 00 000 3.4015488E-01 6.5890273E+00 4.1063849E-01
2026 07 24 03 03 00 000 3.1306026E-01 6.5900198E+00 4.1624829E-01
2026 07 24 03 04 00 000 2.8595987E-01 6.5908974E+00 4.2184001E-01
2026 07 24 03 05 00 000 2.5885401E-01 6.5916599E+00 4.2741381E-01
2026 07 24 03 06 00 000 2.3174306E-01 6.5923079E+00 4.3296991E-01
2026 07 24 03 07 00 000 2.0462740E-01 6.5928408E+00 4.3850843E-01
2026 07 24 03 08 00 000 1.7750811E-01 6.5932583E+00 4.4402925E-01
2026 07 24 03 09 00 000 1.5038546E-01 6.5935614E+00 4.4953267E-01
2026 07 24 03 10 00 000 1.2325956E-01 6.5937498E+00 4.5501893E-01
2026 07 24 03 11 00 000 9.6131773E-02 6.5938228E+00 4.6048780E-01
2026 07 24 03 12 00 000 6.9001499E-02 6.5937810E+00 4.6593985E-01
2026 07 24 03 13 00 000 4.1870491E-02 6.5936244E+00 4.7137474E-01
2026 07 24 03 14 00 000 1.4738065E-02 6.5933527E+00 4.7679303E-01
2026 07 24 03 15 00 000 -1.2394322E-02 6.5929662E+00 4.8219451E-01
2026 07 24 03 16 00 000 -3.9526968E-02 6.5924650E+00 4.8757963E-01
2026 07 24 03 17 00 000 -6.6658703E-02 6.5918484E+00 4.9294821E-01
2026 07 24 03 18 00 000 -9.3788950E-02 6.5911173E+00 4.9830044E-01
2026 07 24 03 19 00 000 -1.2091761E-01 6.5902713E+00 5.0363656E-01
2026 07 24 03 20 00 000 -1.4804402E-01 6.5893106E+00 5.0895667E-01
2026 07 24 03 21 00 000 -1.7516787E-01 6.5882352E+00 5.1426097E-01
2026 07 24 03 22 00 000 -2.0228811E-01 6.5870447E+00 5.1954938E-01
2026 07 24 03 23 00 000 -2.2940502E-01 6.5857394E+00 5.2482233E-01
2026 07 24 03 24 00 000 -2.5651716E-01 6.5843195E+00 5.3007965E-01
2026 07 24 03 25 00 000 -2.8362472E-01 6.5827848E+00 5.3532171E-01
2026 07 24 03 26 00 000 -3.1072692E-01 6.5811352E+00 5.4054853E-01
2026 07 24 03 27 00 000 -3.3782289E-01 6.5793714E+00 5.4576019E-01
2026 07 24 03 28 00 000 -3.6491264E-01 6.5774933E+00 5.5095701E-01
2026 07 24 03 29 00 000 -3.9199587E-01 6.5754996E+00 5.5613910E-01
2026 07 24 03 30 00 000 -4.1907143E-01 6.5733919E+00 5.6130649E-01
2026 07 24 03 31 00 000 -4.4613921E-01 6.5711698E+00 5.6645945E-01
2026 07 24 03 32 00 000 -4.7319796E-01 6.5688334E+00 5.7159784E-01
2026 07 24 03 33 00 000 -5.0024817E-01 6.5663825E+00 5.7672216E-01
2026 07 24 03 34 00 000 -5.2728925E-01 6.5638167E+00 5.8183250E-01
2026 07 24 03 35 00 000 -5.5431984E-01 6.5611368E+00 5.8692876E-01
2026 07 24 03 36 00 000 -5.8133996E-01 6.5583428E+00 5.9201126E-01
2026 07 24 03 37 00 000 -6.0834930E-01 6.5554346E+00 5.9708022E-01
2026 07 24 03 38 00 000 -6.3534691E-01 6.5524123E+00 6.0213563E-01
2026 07 24 03 39 00 000 -6.6233268E-01 6.5492754E+00 6.0717776E-01
2026 07 24 03 40 00 000 -6.8930604E-01 6.5460249E+00 6.1220678E-01
2026 07 24 03 41 00 000 -7.1626611E-01 6.5426601E+00 6.1722268E-01
2026 07 24 03 42 00 000 -7.4321241E-01 6.5391811E+00 6.2222562E-01
2026 07 24 03 43 00 000 -7.7014485E-01 6.5355888E+00 6.2721595E-01
2026 07 24 03 44 00 000 -7.9706226E-01 6.5318823E+00 6.3219352E-01
2026 07 24 03 45 00 000 -8.2396474E-01 6.5280621E+00 6.3715875E-01
2026 07 24 03 46 00 000 -8.5085171E-01 6.5241279E+00 6.4211173E-01
2026 07 24 03 47 00 000 -8.7772260E-01 6.5200805E+00 6.4705264E-01
2026 07 24 03 48 00 000 -9.0457700E-01 6.5159193E+00 6.5198164E-01
2026 07 24 03 49 00 000 -9.3141407E-01 6.5116448E+00 6.5689877E-01
2026 07 24 03 50 00 000 -9.5823320E-01 6.5072568E+00 6.6180416E-01
2026 07 24 03 51 00 000 -9.8503421E-01 6.5027556E+00 6.6669807E-01
2026 07 24 03 52 00 000 -1.0118168E+00 6.4981408E+00 6.7158074E-01
2026 07 24 03 53 00 000 -1.0385798E+00 6.4934131E+00 6.7645229E-01
2026 07 24 03 54 00 000 -1.0653233E+00 6.4885724E+00 6.8131268E-01
2026 07 24 03 55 00 000 -1.0920464E+00 6.4836185E+00 6.8616215E-01
2026 07 24 03 56 00 000 -1.1187490E+00 6.4785520E+00 6.9100099E-01
2026 07 24 03 57 00 000 -1.1454305E+00 6.4733721E+00 6.9582930E-01
2026 07 24 03 58 00 000 -1.1720900E+00 6.4680798E+00 7.0064714E-01
2026 07 24 03 59 00 000 -1.1987272E+00 6.4626748E+00 7.0545474E-01
2026 07 24 04 00 00 000 -1.2253416E+00 6.4571572E+00 7.1025225E-01
2026 07 24 04 01 00 000 -1.2519326E+00 6.4515273E+00 7.1503979E-01
2026 07 24 04 02 00 000 -1.2785001E+00 6.4457847E+00 7.1981765E-01
2026 07 24 04 03 00 000 -1.3050431E+00 6.4399301E+00 7.2458587E-01
2026 07 24 04 04 00 000 -1.3315618E+00 6.4339634E+00 7.2934480E-01
2026 07 24 04 05 00 000 -1.3580545E+00 6.4278845E+00 7.3409419E-01
2026 07 24 04 06 00 000 -1.3845218E+00 6.4216937E+00 7.3883463E-01
2026 07 24 04 07 00 000 -1.4109625E+00 6.4153910E+00 7.4356598E-01
2026 07 24 04 08 00 000 -1.4373764E+00 6.4089768E+00 7.4828853E-01
2026 07 24 04 09 00 000 -1.4637637E+00 6.4024507E+00 7.5300268E-01
2026 07 24 04 10 00 000 -1.4901222E+00 6.3958134E+00 7.5770802E-01
2026 07 24 04 11 00 000 -1.5164531E+00 6.3890643E+00 7.6240530E-01
2026 07 24 04 12 00 000 -1.5427547E+00 6.3822041E+00 7.6709426E-01
2026 07 24 04 13 00 000 -1.5690272E+00 6.3752329E+00 7.7177526E-01
2026 07 24 04 14 00 000 -1.5952699E+00 6.3681505E+00 7.7644845E-01
2026 07 24 04 15 00 000 -1.6214821E+00 6.3609570E+00 7.8111389E-01
2026 07 24 04 16 00 000 -1.6476637E+00 6.3536532E+00 7.8577192E-01
2026 07 24 04 17 00 000 -1.6738139E+00 6.3462384E+00 7.9042252E-01
2026 07 24 04 18 00 000 -1.6999325E+00 6.3387133E+00 7.9506603E-01
2026 07 24 04 19 00 000 -1.7260183E+00 6.3310773E+00 7.9970234E-01
2026 07 24 04 20 00 000 -1.7520715E+00 6.3233316E+00 8.0433183E-01
2026 07 24 04 21 00 000 -1.7780913E+00 6.3154757E+00 8.0895460E-01
2026 07 24 04 22 00 000 -1.8040776E+00 6.3075095E+00 8.1357088E-01
2026 07 24 04 23 00 000 -1.8300294E+00 6.2994336E+00 8.1818072E-01
2026 07 24 04 24 00 000 -1.8559465E+00 6.2912479E+00 8.2278433E-01
2026 07 24 04 25 00 000 -1.8818284E+00 6.2829529E+00 8.2738192E-01
2026 07 24 04 26 00 000 -1.9076741E+00 6.2745482E+00 8.3197344E-01
2026 07 24 04 27 00 000 -1.9334840E+00 6.2660342E+00 8.3655933E-01
2026 07 24 04 28 00 000 -1.9592570E+00 6.2574114E+00 8.4113962E-01
2026 07 24 04 29 00 000 -1.9849924E+00 6.2486793E+00 8.4571432E-01
2026 07 24 04 30 00 000 -2.0106905E+00 6.2398384E+00 8.5028391E-01
2026 07 24 04 31 00 000 -2.0363501E+00 6.2308890E+00 8.5484827E-01
2026 07 24 04 32 00 000 -2.0619710E+00 6.2218311E+00 8.5940767E-01
2026 07 24 04 33 00 000 -2.0875529E+00 6.2126646E+00 8.6396232E-01
2026 07 24 04 34 00 000 -2.1130951E+00 6.2033898E+00 8.6851232E-01
2026 07 24 04 35 00 000 -2.1385974E+00 6.1940071E+00 8.7305794E-01
2026 07 24 04 36 00 000 -2.1640585E+00 6.1845168E+00 8.7759898E-01
2026 07 24 04 37 00 000 -2.1894785E+00 6.1749181E+00 8.8213590E-01
2026 07 24 04 38 00 000 -2.2148572E+00 6.1652125E+00 8.8666888E-01
2026 07 24 04 39 00 000 -2.2401930E+00 6.1553990E+00 8.9119769E-01
2026 07 24 04 40 00 000 -2.2654869E+00 6.1454786E+00 8.9572304E-01
2026 07 24 04 41 00 000 -2.2907376E+00 6.1354514E+00 9.0024479E-01
2026 07 24 04 42 00 000 -2.3159446E+00 6.1253169E+00 9.0476306E-01
2026 07 24 04 43 00 000 -2.3411074E+00 6.1150757E+00 9.0927802E-01
2026 07 24 04 44 00 000 -2.3662261E+00 6.1047285E+00 9.1378999E-01
2026 07 24 04 45 00 000 -2.3912998E+00 6.0942745E+00 9.1829902E-01
2026 07 24 04 46 00 000 -2.4163281E+00 6.0837145E+00 9.2280524E-01
2026 07 24 04 47 00 000 -2.4413096E+00 6.0730485E+00 9.2730850E-01
2026 07 24 04 48 00 000 -2.4662456E+00 6.0622765E+00 9.3180960E-01
2026 07 24 04 49 00 000 -2.4911341E+00 6.0513991E+00 9.3630808E-01
2026 07 24 04 50 00 000 -2.5159754E+00 6.0404163E+00 9.4080443E-01
2026 07 24 04 51 00 000 -2.5407691E+00 6.0293281E+00 9.4529879E-01
2026 07 24 04 52 00 000 -2.5655143E+00 6.0181352E+00 9.4979117E-01
2026 07 24 04 53 00 000 -2.5902108E+00 6.0068373E+00 9.5428179E-01
2026 07 24 04 54 00 000 -2.6148581E+00 5.9954351E+00 9.5877081E-01
2026 07 24 04 55 00 000 -2.6394554E+00 5.9839279E+00 9.6325823E-01
2026 07 24 04 56 00 000 -2.6640023E+00 5.9723168E+00 9.6774425E-01
2026 07 24 04 57 00 000 -2.6884992E+00 5.9606014E+00 9.7222928E-01
2026 07 24 04 58 00 000 -2.7129443E+00 5.9487824E+00 9.7671301E-01
2026 07 24 04 59 00 000 -2.7373384E+00 5.9368598E+00 9.8119603E-01
2026 07 24 05 00 00 000 -2.7616801E+00 5.9248339E+00 9.8567813E-01
2026 07 24 05 01 00 000 -2.7859693E+00 5.9127046E+00 9.9015962E-01
2026 07 24 05 02 00 000 -2.8102054E+00 5.9004724E+00 9.9464056E-01
2026 07 24 05 03 00 000 -2.8343881E+00 5.8881370E+00 9.9912114E-01
2026 07 24 05 04 00 000 -2.8585171E+00 5.8756995E+00 1.0036016E+00
2026 07 24 05 05 00 000 -2.8825913E+00 5.8631595E+00 1.0080817E+00
2026 07 24 05 06 00 000 -2.9066114E+00 5.8505175E+00 1.0125622E+00
2026 07 24 05 07 00 000 -2.9305752E+00 5.8377732E+00 1.0170425E+00
2026 07 24 05 08 00 000 -2.9544837E+00 5.8249273E+00 1.0215232E+00
2026 07 24 05 09 00 000 -2.9783365E+00 5.8119804E+00 1.0260045E+00
2026 07 24 05 10 00 000 -3.0021319E+00 5.7989317E+00 1.0304861E+00
2026 07 24 05 11 00 000 -3.0258706E+00 5.7857822E+00 1.0349686E+00
2026 07 24 05 12 00 000 -3.0495519E+00 5.7725320E+00 1.0394519E+00
2026 07 24 05 13 00 000 -3.0731749E+00 5.7591814E+00 1.0439361E+00
2026 07 24 05 14 00 000 -3.0967391E+00 5.7457299E+00 1.0484212E+00
2026 07 24 05 15 00 000 -3.1202452E+00 5.7321789E+00 1.0529077E+00
2026 07 24 05 16 00 000 -3.1436913E+00 5.7185274E+00 1.0573954E+00
2026 07 24 05 17 00 000 -3.1670777E+00 5.7047767E+00 1.0618846E+00
2026 07 24 05 18 00 000 -3.1904043E+00 5.6909266E+00 1.0663754E+00
2026 07 24 05 19 00 000 -3.2136697E+00 5.6769772E+00 1.0708678E+00
2026 07 24 05 20 00 000 -3.2368740E+00 5.6629287E+00 1.0753619E+00
2026 07 24 05 21 00 000 -3.2600171E+00 5.6487822E+00 1.0798581E+00
2026 07 24 05 22 00 000 -3.2830978E+00 5.6345368E+00 1.0843562E+00
2026 07 24 05 23 00 000 -3.3061162E+00 5.6201936E+00 1.0888565E+00
2026 07 24 05 24 00 000 -3.3290718E+00 5.6057520E+00 1.0933591E+00
2026 07 24 05 25 00 000 -3.3519639E+00 5.5912130E+00 1.0978640E+00
2026 07 24 05 26 00 000 -3.3747925E+00 5.5765768E+00 1.1023714E+00
2026 07 24 05 27 00 000 -3.3975565E+00 5.5618429E+00 1.1068814E+00
2026 07 24 05 28 00 000 -3.4202558E+00 5.5470122E+00 1.1113939E+00
2026 07 24 05 29 00 000 -3.4428901E+00 5.5320851E+00 1.1159094E+00
2026 07 24 05 30 00 000 -3.4654594E+00 5.5170617E+00 1.1204278E+00
2026 07 24 05 31 00 000 -3.4879625E+00 5.5019421E+00 1.1249492E+00
2026 07 24 05 32 00 000 -3.5103992E+00 5.4867263E+00 1.1294737E+00
2026 07 24 05 33 00 000 -3.5327692E+00 5.4714155E+00 1.1340015E+00
2026 07 24 05 34 00 000 -3.5550716E+00 5.4560086E+00 1.1385324E+00
2026 07 24 05 35 00 000 -3.5773065E+00 5.4405071E+00 1.1430668E+00
2026 07 24 05 36 00 000 -3.5994739E+00 5.4249109E+00 1.1476049E+00
2026 07 24 05 37 00 000 -3.6215720E+00 5.4092196E+00 1.1521462E+00
2026 07 24 05 38 00 000 -3.6436018E+00 5.3934345E+00 1.1566916E+00
2026 07 24 05 39 00 000 -3.6655620E+00 5.3775553E+00 1.1612405E+00
2026 07 24 05 40 00 000 -3.6874527E+00 5.3615825E+00 1.1657935E+00
2026 07 24 05 41 00 000 -3.7092728E+00 5.3455161E+00 1.1703503E+00
2026 07 24 05 42 00 000 -3.7310230E+00 5.3293567E+00 1.1749113E+00
2026 07 24 05 43 00 000 -3.7527017E+00 5.3131045E+00 1.1794763E+00
2026 07 24 05 44 00 000 -3.7743093E+00 5.2967596E+00 1.1840457E+00
2026 07 24 05 45 00 000 -3.7958445E+00 5.2803221E+00 1.1886191E+00
2026 07 24 05 46 00 000 -3.8173080E+00 5.2637927E+00 1.1931971E+00
2026 07 24 05 47 00 000 -3.8386987E+00 5.2471718E+00 1.1977796E+00
2026 07 24 05 48 00 000 -3.8600166E+00 5.2304593E+00 1.2023667E+00
2026 07 24 05 49 00 000 -3.8812605E+00 5.2136552E+00 1.2069582E+00
2026 07 24 05 50 00 000 -3.9024312E+00 5.1967608E+00 1.2115546E+00
2026 07 24 05 51 00 000 -3.9235272E+00 5.1797757E+00 1.2161556E+00
2026 07 24 05 52 00 000 -3.9445485E+00 5.1626999E+00 1.2207615E+00
2026 07 24 05 53 00 000 -3.9654951E+00 5.1455347E+00 1.2253723E+00
2026 07 24 05 54 00 000 -3.9863663E+00 5.1282798E+00 1.2299882E+00
2026 07 24 05 55 00 000 -4.0071614E+00 5.1109349E+00 1.2346090E+00
2026 07 24 05 56 00 000 -4.0278804E+00 5.0935014E+00 1.2392350E+00
2026 07 24 05 57 00 000 -4.0485231E+00 5.0759794E+00 1.2438663E+00
2026 07 24 05 58 00 000 -4.0690877E+00 5.0583678E+00 1.2485025E+00
2026 07 24 05 59 00 000 -4.0895761E+00 5.0406689E+00 1.2531443E+00
2026 07 24 06 00 00 000 -4.1099861E+00 5.0228820E+00 1.2577913E+00
2026 07 24 06 01 00 000 -4.1303177E+00 5.0050072E+00 1.2624437E+00
2026 07 24 06 02 00 000 -4.1505711E+00 4.9870454E+00 1.2671016E+00
2026 07 24 06 03 00 000 -4.1707454E+00 4.9689966E+00 1.2717650E+00
2026 07 24 06 04 00 000 -4.1908404E+00 4.9508612E+00 1.2764340E+00
2026 07 24 06 05 00 000 -4.2108552E+00 4.9326391E+00 1.2811084E+00
2026 07 24 06 06 00 000 -4.2307902E+00 4.9143310E+00 1.2857886E+00
2026 07 24 06 07 00 000 -4.2506443E+00 4.8959371E+00 1.2904745E+00
2026 07 24 06 08 00 000 -4.2704181E+00 4.8774581E+00 1.2951661E+00
2026 07 24 06 09 00 000 -4.2901105E+00 4.8588940E+00 1.2998636E+00
2026 07 24 06 10 00 000 -4.3097213E+00 4.8402452E+00 1.3045669E+00
2026 07 24 06 11 00 000 -4.3292497E+00 4.8215116E+00 1.3092759E+00
2026 07 24 06 12 00 000 -4.3486965E+00 4.8026946E+00 1.3139910E+00
2026 07 24 06 13 00 000 -4.3680604E+00 4.7837934E+00 1.3187121E+00
2026 07 24 06 14 00 000 -4.3873409E+00 4.7648088E+00 1.3234390E+00
2026 07 24 06 15 00 000 -4.4065379E+00 4.7457409E+00 1.3281719E+00
2026 07 24 06 16 00 000 -4.4256511E+00 4.7265902E+00 1.3329108E+00
2026 07 24 06 17 00 000 -4.4446795E+00 4.7073566E+00 1.3376556E+00
2026 07 24 06 18 00 000 -4.4636241E+00 4.6880415E+00 1.3424066E+00
2026 07 24 06 19 00 000 -4.4824834E+00 4.6686442E+00 1.3471637E+00
2026 07 24 06 20 00 000 -4.5012572E+00 4.6491653E+00 1.3519268E+00
2026 07 24 06 21 00 000 -4.5199457E+00 4.6296055E+00 1.3566962E+00
2026 07 24 06 22 00 000 -4.5385487E+00 4.6099653E+00 1.3614718E+00
2026 07 24 06 23 00 000 -4.5570648E+00 4.5902440E+00 1.3662534E+00
2026 07 24 06 24 00 000 -4.5754941E+00 4.5704427E+00 1.3710412E+00
2026 07 24 06 25 00 000 -4.5938364E+00 4.5505616E+00 1.3758352E+00
2026 07 24 06 26 00 000 -4.6120915E+00 4.5306013E+00 1.3806354E+00
2026 07 24 06 27 00 000 -4.6302580E+00 4.5105609E+00 1.3854415E+00
2026 07 24 06 28 00 000 -4.6483378E+00 4.4904430E+00 1.3902543E+00
2026 07 24 06 29 00 000 -4.6663283E+00 4.4702461E+00 1.3950730E+00
2026 07 24 06 30 00 000 -4.6842299E+00 4.4499708E+00 1.3998979E+00
2026 07 24 06 31 00 000 -4.7020422E+00 4.4296178E+00 1.4047289E+00
2026 07 24 06 32 00 000 -4.7197656E+00 4.4091877E+00 1.4095663E+00
2026 07 24 06 33 00 000 -4.7373991E+00 4.3886807E+00 1.4144099E+00
2026 07 24 06 34 00 000 -4.7549426E+00 4.3680969E+00 1.4192596E+00
2026 07 24 06 35 00 000 -4.7723951E+00 4.3474364E+00 1.4241154E+00
2026 07 24 06 36 00 000 -4.7897569E+00 4.3267000E+00 1.4289773E+00
2026 07 24 06 37 00 000 -4.8070278E+00 4.3058881E+00 1.4338455E+00
2026 07 24 06 38 00 000 -4.8242069E+00 4.2850007E+00 1.4387197E+00
2026 07 24 06 39 00 000 -4.8412944E+00 4.2640385E+00 1.4436000E+00
2026 07 24 06 40 00 000 -4.8582896E+00 4.2430016E+00 1.4484864E+00
2026 07 24 06 41 00 000 -4.8751926E+00 4.2218907E+00 1.4533789E+00
2026 07 24 06 42 00 000 -4.8920027E+00 4.2007059E+00 1.4582774E+00
2026 07 24 06 43 00 000 -4.9087196E+00 4.1794474E+00 1.4631819E+00
2026 07 24 06 44 00 000 -4.9253429E+00 4.1581156E+00 1.4680923E+00
2026 07 24 06 45 00 000 -4.9418730E+00 4.1367115E+00 1.4730087E+00
2026 07 24 06 46 00 000 -4.9583090E+00 4.1152349E+00 1.4779311E+00
2026 07 24 06 47 00 000 -4.9746506E+00 4.0936863E+00 1.4828594E+00
2026 07 24 06 48 00 000 -4.9908976E+00 4.0720659E+00 1.4877935E+00
2026 07 24 06 49 00 000 -5.0070495E+00 4.0503742E+00 1.4927333E+00
2026 07 24 06 50 00 000 -5.0231057E+00 4.0286112E+00 1.4976788E+00
2026 07 24 06 51 00 000 -5.0390669E+00 4.0067781E+00 1.5026302E+00
2026 07 24 06 52 00 000 -5.0549317E+00 3.9848744E+00 1.5075871E+00
2026 07 24 06 53 00 000 -5.0707009E+00 3.9629014E+00 1.5125498E+00
2026 07 24 06 54 00 000 -5.0863733E+00 3.9408585E+00 1.5175179E+00
2026 07 24 06 55 00 000 -5.1019489E+00 3.9187467E+00 1.5224915E+00
2026 07 24 06 56 00 000 -5.1174270E+00 3.8965658E+00 1.5274705E+00
2026 07 24 06 57 00 000 -5.1328084E+00 3.8743171E+00 1.5324551E+00
2026 07 24 06 58 00 000 -5.1480917E+00 3.8520001E+00 1.5374449E+00
2026 07 24 06 59 00 000 -5.1632771E+00 3.8296156E+00 1.5424401E+00
2026 07 24 07 00 00 000 -5.1783639E+00 3.8071636E+00 1.5474403E+00
2026 07 24 07 01 00 000 -5.1933529E+00 3.7846453E+00 1.5524459E+00
2026 07 24 07 02 00 000 -5.2082432E+00 3.7620606E+00 1.5574566E+00
2026 07 24 07 03 00 000 -5.2230333E+00 3.7394092E+00 1.5624720E+00
2026 07 24 07 04 00 000 -5.2377248E+00 3.7166926E+00 1.5674926E+00
2026 07 24 07 05 00 000 -5.2523167E+00 3.6939108E+00 1.5725181E+00
2026 07 24 07 06 00 000 -5.2668082E+00 3.6710637E+00 1.5775482E+00
2026 07 24 07 07 00 000 -5.2811996E+00 3.6481522E+00 1.5825831E+00
2026 07 24 07 08 00 000 -5.2954906E+00 3.6251766E+00 1.5876226E+00
2026 07 24 07 09 00 000 -5.3096810E+00 3.6021373E+00 1.5926667E+00
2026 07 24 07 10 00 000 -5.3237697E+00 3.5790343E+00 1.5977152E+00
2026 07 24 07 11 00 000 -5.3377572E+00 3.5558684E+00 1.6027680E+00
2026 07 24 07 12 00 000 -5.3516437E+00 3.5326403E+00 1.6078253E+00
2026 07 24 07 13 00 000 -5.3654278E+00 3.5093496E+00 1.6128866E+00
2026 07 24 07 14 00 000 -5.3791098E+00 3.4859970E+00 1.6179520E+00
2026 07 24 07 15 00 000 -5.3926900E+00 3.4625835E+00 1.6230215E+00
2026 07 24 07 16 00 000 -5.4061675E+00 3.4391089E+00 1.6280950E+00
2026 07 24 07 17 00 000 -5.4195420E+00 3.4155735E+00 1.6331722E+00
2026 07 24 07 18 00 000 -5.4328126E+00 3.3919775E+00 1.6382529E+00
2026 07 24 07 19 00 000 -5.4459808E+00 3.3683223E+00 1.6433376E+00
2026 07 24 07 20 00 000 -5.4590453E+00 3.3446075E+00 1.6484256E+00
2026 07 24 07 21 00 000 -5.4720055E+00 3.3208336E+00 1.6535170E+00
2026 07 24 07 22 00 000 -5.4848614E+00 3.2970008E+00 1.6586116E+00
2026 07 24 07 23 00 000 -5.4976126E+00 3.2731094E+00 1.6637092E+00
2026 07 24 07 24 00 000 -5.5102600E+00 3.2491609E+00 1.6688101E+00
2026 07 24 07 25 00 000 -5.5228027E+00 3.2251551E+00 1.6739140E+00
2026 07 24 07 26 00 000 -5.5352398E+00 3.2010919E+00 1.6790206E+00
2026 07 24 07 27 00 000 -5.5475717E+00 3.1769721E+00 1.6841299E+00
2026 07 24 07 28 00 000 -5.5597980E+00 3.1527961E+00 1.6892418E+00
2026 07 24 07 29 00 000 -5.5719180E+00 3.1285639E+00 1.6943559E+00
2026 07 24 07 30 00 000 -5.5839324E+00 3.1042766E+00 1.6994725E+00
2026 07 24 07 31 00 000 -5.5958404E+00 3.0799342E+00 1.7045913E+00
2026 07 24 07 32 00 000 -5.6076423E+00 3.0555374E+00 1.7097122E+00
2026 07 24 07 33 00 000 -5.6193373E+00 3.0310864E+00 1.7148349E+00
2026 07 24 07 34 00 000 -5.6309250E+00 3.0065812E+00 1.7199594E+00
2026 07 24 07 35 00 000 -5.6424058E+00 2.9820229E+00 1.7250855E+00
2026 07 24 07 36 00 000 -5.6537788E+00 2.9574112E+00 1.7302131E+00
2026 07 24 07 37 00 000 -5.6650448E+00 2.9327475E+00 1.7353422E+00
2026 07 24 07 38 00 000 -5.6762030E+00 2.9080317E+00 1.7404724E+00
2026 07 24 07 39 00 000 -5.6872531E+00 2.8832640E+00 1.7456038E+00
2026 07 24 07 40 00 000 -5.6981943E+00 2.8584445E+00 1.7507359E+00
2026 07 24 07 41 00 000 -5.7090275E+00 2.8335743E+00 1.7558688E+00
2026 07 24 07 42 00 000 -5.7197523E+00 2.8086539E+00 1.7610025E+00
2026 07 24 07 43 00 000 -5.7303679E+00 2.7836831E+00 1.7661365E+00
2026 07 24 07 44 00 000 -5.7408745E+00 2.7586628E+00 1.7712708E+00
2026 07 24 07 45 00 000 -5.7512720E+00 2.7335932E+00 1.7764054E+00
2026 07 24 07 46 00 000 -5.7615600E+00 2.7084749E+00 1.7815398E+00
2026 07 24 07 47 00 000 -5.7717382E+00 2.6833080E+00 1.7866741E+00
2026 07 24 07 48 00 000 -5.7818064E+00 2.6580929E+00 1.7918080E+00
2026 07 24 07 49 00 000 -5.7917649E+00 2.6328305E+00 1.7969415E+00
2026 07 24 07 50 00 000 -5.8016133E+00 2.6075210E+00 1.8020743E+00
2026 07 24 07 51 00 000 -5.8113510E+00 2.5821644E+00 1.8072062E+00
2026 07 24 07 52 00 000 -5.8209780E+00 2.5567616E+00 1.8123370E+00
2026 07 24 07 53 00 000 -5.8304946E+00 2.5313133E+00 1.8174668E+00
2026 07 24 07 54 00 000 -5.8399002E+00 2.5058193E+00 1.8225952E+00
2026 07 24 07 55 00 000 -5.8491938E+00 2.4802796E+00 1.8277218E+00
2026 07 24 07 56 00 000 -5.8583774E+00 2.4546963E+00 1.8328470E+00
2026 07 24 07 57 00 000 -5.8674485E+00 2.4290680E+00 1.8379700E+00
2026 07 24 07 58 00 000 -5.8764079E+00 2.4033959E+00 1.8430909E+00
2026 07 24 07 59 00 000 -5.8852559E+00 2.3776808E+00 1.8482096E+00
2026 07 24 08 00 00 000 -5.8939917E+00 2.3519226E+00 1.8533259E+00
2026 07 24 08 01 00 000 -5.9026156E+00 2.3261221E+00 1.8584395E+00
2026 07 24 08 02 00 000 -5.9111273E+00 2.3002796E+00 1.8635503E+00
2026 07 24 08 03 00 000 -5.9195259E+00 2.2743951E+00 1.8686578E+00
2026 07 24 08 04 00 000 -5.9278123E+00 2.2484696E+00 1.8737623E+00
2026 07 24 08 05 00 000 -5.9359852E+00 2.2225027E+00 1.8788631E+00
2026 07 24 08 06 00 000 -5.9440460E+00 2.1964960E+00 1.8839606E+00
2026 07 24 08 07 00 000 -5.9519930E+00 2.1704491E+00 1.8890540E+00
2026 07 24 08 08 00 000 -5.9598268E+00 2.1443628E+00 1.8941433E+00
2026 07 24 08 09 00 000 -5.9675472E+00 2.1182372E+00 1.8992284E+00
2026 07 24 08 10 00 000 -5.9751548E+00 2.0920737E+00 1.9043093E+00
2026 07 24 08 11 00 000 -5.9826477E+00 2.0658713E+00 1.9093852E+00
2026 07 24 08 12 00 000 -5.9900275E+00 2.0396315E+00 1.9144564E+00
2026 07 24 08 13 00 000 -5.9972926E+00 2.0133538E+00 1.9195224E+00
2026 07 24 08 14 00 000 -6.0044436E+00 1.9870394E+00 1.9245830E+00
2026 07 24 08 15 00 000 -6.0114803E+00 1.9606884E+00 1.9296382E+00
2026 07 24 08 16 00 000 -6.0184031E+00 1.9343017E+00 1.9346877E+00
2026 07 24 08 17 00 000 -6.0252115E+00 1.9078796E+00 1.9397313E+00
2026 07 24 08 18 00 000 -6.0319045E+00 1.8814217E+00 1.9447685E+00
2026 07 24 08 19 00 000 -6.0384831E+00 1.8549292E+00 1.9497994E+00
2026 07 24 08 20 00 000 -6.0449465E+00 1.8284023E+00 1.9548236E+00
2026 07 24 08 21 00 000 -6.0512951E+00 1.8018418E+00 1.9598410E+00
2026 07 24 08 22 00 000 -6.0575283E+00 1.7752477E+00 1.9648512E+00
2026 07 24 08 23 00 000 -6.0636465E+00 1.7486209E+00 1.9698542E+00
2026 07 24 08 24 00 000 -6.0696491E+00 1.7219613E+00 1.9748496E+00
2026 07 24 08 25 00 000 -6.0755360E+00 1.6952692E+00 1.9798373E+00
2026 07 24 08 26 00 000 -6.0813075E+00 1.6685459E+00 1.9848169E+00
2026 07 24 08 27 00 000 -6.0869634E+00 1.6417916E+00 1.9897883E+00
2026 07 24 08 28 00 000 -6.0925031E+00 1.6150059E+00 1.9947511E+00
2026 07 24 08 29 00 000 -6.0979270E+00 1.5881900E+00 1.9997052E+00
2026 07 24 08 30 00 000 -6.1032345E+00 1.5613442E+00 2.0046503E+00
2026 07 24 08 31 00 000 -6.1084264E+00 1.5344689E+00 2.0095863E+00
2026 07 24 08 32 00 000 -6.1135016E+00 1.5075648E+00 2.0145127E+00
2026 07 24 08 33 00 000 -6.1184607E+00 1.4806317E+00 2.0194295E+00
2026 07 24 08 34 00 000 -6.1233035E+00 1.4536710E+00 2.0243363E+00
2026 07 24 08 35 00 000 -6.1280291E+00 1.4266822E+00 2.0292328E+00
2026 07 24 08 36 00 000 -6.1326389E+00 1.3996660E+00 2.0341191E+00
2026 07 24 08 37 00 000 -6.1371316E+00 1.3726237E+00 2.0389945E+00
2026 07 24 08 38 00 000 -6.1415073E+00 1.3455541E+00 2.0438590E+00
2026 07 24 08 39 00 000 -6.1457662E+00 1.3184590E+00 2.0487123E+00
2026 07 24 08 40 00 000 -6.1499082E+00 1.2913383E+00 2.0535541E+00
2026 07 24 08 41 00 000 -6.1539329E+00 1.2641929E+00 2.0583840E+00
2026 07 24 08 42 00 000 -6.1578410E+00 1.2370226E+00 2.0632022E+00
2026 07 24 08 43 00 000 -6.1616315E+00 1.2098282E+00 2.0680080E+00
2026 07 24 08 44 00 000 -6.1653044E+00 1.1826099E+00 2.0728012E+00
2026 07 24 08 45 00 000 -6.1688601E+00 1.1553685E+00 2.0775817E+00
2026 07 24 08 46 00 000 -6.1722992E+00 1.1281048E+00 2.0823493E+00
2026 07 24 08 47 00 000 -6.1756202E+00 1.1008182E+00 2.0871035E+00
2026 07 24 08 48 00 000 -6.1788236E+00 1.0735096E+00 2.0918441E+00
2026 07 24 08 49 00 000 -6.1819094E+00 1.0461799E+00 2.0965708E+00
2026 07 24 08 50 00 000 -6.1848776E+00 1.0188289E+00 2.1012835E+00
2026 07 24 08 51 00 000 -6.1877282E+00 9.9145768E-01 2.1059818E+00
2026 07 24 08 52 00 000 -6.1904609E+00 9.6406613E-01 2.1106654E+00
2026 07 24 08 53 00 000 -6.1930756E+00 9.3665501E-01 2.1153339E+00
2026 07 24 08 54 00 000 -6.1955729E+00 9.0922451E-01 2.1199875E+00
2026 07 24 08 55 00 000 -6.1979518E+00 8.8177537E-01 2.1246254E+00
2026 07 24 08 56 00 000 -6.2002127E+00 8.5430771E-01 2.1292476E+00
2026 07 24 08 57 00 000 -6.2023557E+00 8.2682248E-01 2.1338538E+00
2026 07 24 08 58 00 000 -6.2043810E+00 7.9932011E-01 2.1384436E+00
2026 07 24 08 59 00 000 -6.2062880E+00 7.7180057E-01 2.1430169E+00
2026 07 24 09 00 00 000 -6.2080762E+00 7.4426386E-01 2.1475732E+00
2026 07 24 09 01 00 000 -6.2097474E+00 7.1671202E-01 2.1521125E+00
2026 07 24 09 02 00 000 -6.2112994E+00 6.8914424E-01 2.1566341E+00
2026 07 24 09 03 00 000 -6.2127334E+00 6.6156100E-01 2.1611381E+00
2026 07 24 09 04 00 000 -6.2140495E+00 6.3396385E-01 2.1656240E+00
2026 07 24 09 05 00 000 -6.2152475E+00 6.0635188E-01 2.1700919E+00
2026 07 24 09 06 00 000 -6.2163268E+00 5.7872619E-01 2.1745409E+00
2026 07 24 09 07 00 000 -6.2172875E+00 5.5108721E-01 2.1789710E+00
2026 07 24 09 08 00 000 -6.2181302E+00 5.2343580E-01 2.1833819E+00
2026 07 24 09 09 00 000 -6.2188546E+00 4.9577166E-01 2.1877735E+00
2026 07 24 09 10 00 000 -6.2194604E+00 4.6809528E-01 2.1921452E+00
2026 07 24 09 11 00 000 -6.2199483E+00 4.4040806E-01 2.1964970E+00
2026 07 24 09 12 00 000 -6.2203176E+00 4.1270977E-01 2.2008283E+00
2026 07 24 09 13 00 000 -6.2205679E+00 3.8500008E-01 2.2051389E+00
2026 07 24 09 14 00 000 -6.2207002E+00 3.5728092E-01 2.2094285E+00
2026 07 24 09 15 00 000 -6.2207141E+00 3.2955196E-01 2.2136970E+00
2026 07 24 09 16 00 000 -6.2206100E+00 3.0181386E-01 2.2179440E+00
2026 07 24 09 17 00 000 -6.2203868E+00 2.7406698E-01 2.2221690E+00
2026 07 24 09 18 00 000 -6.2200456E+00 2.4631211E-01 2.2263719E+00
2026 07 24 09 19 00 000 -6.2195861E+00 2.1854894E-01 2.2305525E+00
2026 07 24 09 20 00 000 -6.2190082E+00 1.9077902E-01 2.2347103E+00
2026 07 24 09 21 00 000 -6.2183117E+00 1.6300174E-01 2.2388450E+00
2026 07 24 09 22 00 000 -6.2174968E+00 1.3521804E-01 2.2429563E+00
2026 07 24 09 23 00 000 -6.2165635E+00 1.0742866E-01 2.2470439E+00
2026 07 24 09 24 00 000 -6.2155119E+00 7.9633217E-02 2.2511076E+00
2026 07 24 09 25 00 000 -6.2143423E+00 5.1833167E-02 2.2551471E+00
2026 07 24 09 26 00 000 -6.2130539E+00 2.4028282E-02 2.2591620E+00
2026 07 24 09 27 00 000 -6.2116478E+00 -3.7803409E-03 2.2631520E+00
2026 07 24 09 28 00 000 -6.2101233E+00 -3.1593231E-02 2.2671169E+00
2026 07 24 09 29 00 000 -6.2084799E+00 -5.9409068E-02 2.2710560E+00
2026 07 24 09 30 00 000 -6.2067193E+00 -8.7227125E-02 2.2749697E+00
2026 07 24 09 31 00 000 -6.2048398E+00 -1.1504830E-01 2.2788570E+00
2026 07 24 09 32 00 000 -6.2028431E+00 -1.4287105E-01 2.2827182E+00
2026 07 24 09 33 00 000 -6.2007276E+00 -1.7069471E-01 2.2865524E+00
2026 07 24 09 34 00 000 -6.1984942E+00 -1.9851975E-01 2.2903596E+00
2026 07 24 09 35 00 000 -6.1961425E+00 -2.2634513E-01 2.2941394E+00
2026 07 24 09 36 00 000 -6.1936736E+00 -2.5417058E-01 2.2978917E+00
2026 07 24 09 37 00 000 -6.1910860E+00 -2.8199542E-01 2.3016159E+00
2026 07 24 09 38 00 000 -6.1883811E+00 -3.0981886E-01 2.3053118E+00
2026 07 24 09 39 00 000 -6.1855582E+00 -3.3764143E-01 2.3089791E+00
2026 07 24 09 40 00 000 -6.1826177E+00 -3.6546194E-01 2.3126176E+00
2026 07 24 09 41 00 000 -6.1795593E+00 -3.9328041E-01 2.3162268E+00
2026 07 24 09 42 00 000 -6.1763833E+00 -4.2109565E-01 2.3198065E+00
2026 07 24 09 43 00 000 -6.1730901E+00 -4.4890753E-01 2.3233564E+00
2026 07 24 09 44 00 000 -6.1696785E+00 -4.7671568E-01 2.3268758E+00
2026 07 24 09 45 00 000 -6.1661504E+00 -5.0451966E-01 2.3303650E+00
2026 07 24 09 46 00 000 -6.1625045E+00 -5.3231911E-01 2.3338234E+00
2026 07 24 09 47 00 000 -6.1587414E+00 -5.6011337E-01 2.3372506E+00
2026 07 24 09 48 00 000 -6.1548607E+00 -5.8790171E-01 2.3406463E+00
2026 07 24 09 49 00 000 -6.1508635E+00 -6.1568404E-01 2.3440104E+00
2026 07 24 09 50 00 000 -6.1467489E+00 -6.4346008E-01 2.3473424E+00
2026 07 24 09 51 00 000 -6.1425171E+00 -6.7122887E-01 2.3506420E+00
2026 07 24 09 52 00 000 -6.1381685E+00 -6.9899027E-01 2.3539089E+00
2026 07 24 09 53 00 000 -6.1337030E+00 -7.2674353E-01 2.3571427E+00
2026 07 24 09 54 00 000 -6.1291208E+00 -7.5448851E-01 2.3603433E+00
2026 07 24 09 55 00 000 -6.1244221E+00 -7.8222425E-01 2.3635102E+00
2026 07 24 09 56 00 000 -6.1196064E+00 -8.0995127E-01 2.3666431E+00
2026 07 24 09 57 00 000 -6.1146747E+00 -8.3766794E-01 2.3697419E+00
2026 07 24 09 58 00 000 -6.1096265E+00 -8.6537425E-01 2.3728060E+00
2026 07 24 09 59 00 000 -6.1044616E+00 -8.9306999E-01 2.3758351E+00
2026 07 24 10 00 00 000 -6.0991808E+00 -9.2075426E-01 2.3788290E+00
2026 07 24 10 01 00 000 -6.0937840E+00 -9.4842714E-01 2.3817875E+00
2026 07 24 10 02 00 000 -6.0882708E+00 -9.7608758E-01 2.3847099E+00
2026 07 24 10 03 00 000 -6.0826419E+00 -1.0037357E+00 2.3875963E+00
2026 07 24 10 04 00 000 -6.0768972E+00 -1.0313703E+00 2.3904461E+00
2026 07 24 10 05 00 000 -6.0710370E+00 -1.0589912E+00 2.3932592E+00
2026 07 24 10 06 00 000 -6.0650608E+00 -1.0865979E+00 2.3960350E+00
2026 07 24 10 07 00 000 -6.0589698E+00 -1.1141906E+00 2.3987736E+00
2026 07 24 10 08 00 000 -6.0527628E+00 -1.1417678E+00 2.4014742E+00
2026 07 24 10 09 00 000 -6.0464409E+00 -1.1693298E+00 2.4041369E+00
2026 07 24 10 10 00 000 -6.0400043E+00 -1.1968757E+00 2.4067612E+00
2026 07 24 10 11 00 000 -6.0334519E+00 -1.2244053E+00 2.4093467E+00
2026 07 24 10 12 00 000 -6.0267851E+00 -1.2519172E+00 2.4118931E+00
2026 07 24 10 13 00 000 -6.0200034E+00 -1.2794124E+00 2.4144003E+00
2026 07 24 10 14 00 000 -6.0131071E+00 -1.3068898E+00 2.4168679E+00
2026 07 24 10 15 00 000 -6.0060965E+00 -1.3343487E+00 2.4192955E+00
2026 07 24 10 16 00 000 -5.9989716E+00 -1.3617885E+00 2.4216828E+00
2026 07 24 10 17 00 000 -5.9917324E+00 -1.3892094E+00 2.4240296E+00
2026 07 24 10 18 00 000 -5.9843788E+00 -1.4166104E+00 2.4263353E+00
2026 07 24 10 19 00 000 -5.9769119E+00 -1.4439912E+00 2.4286000E+00
2026 07 24 10 20 00 000 -5.9693306E+00 -1.4713512E+00 2.4308230E+00
2026 07 24 10 21 00 000 -5.9616361E+00 -1.4986900E+00 2.4330043E+00
2026 07 24 10 22 00 000 -5.9538279E+00 -1.5260069E+00 2.4351434E+00
2026 07 24 10 23 00 000 -5.9459066E+00 -1.5533017E+00 2.4372401E+00
2026 07 24 10 24 00 000 -5.9378721E+00 -1.5805743E+00 2.4392941E+00
2026 07 24 10 25 00 000 -5.9297241E+00 -1.6078235E+00 2.4413048E+00
2026 07 24 10 26 00 000 -5.9214636E+00 -1.6350490E+00 2.4432723E+00
2026 07 24 10 27 00 000 -5.9130903E+00 -1.6622509E+00 2.4451961E+00
2026 07 24 10 28 00 000 -5.9046043E+00 -1.6894275E+00 2.4470758E+00
2026 07 24 10 29 00 000 -5.8960060E+00 -1.7165797E+00 2.4489113E+00
2026 07 24 10 30 00 000 -5.8872954E+00 -1.7437065E+00 2.4507023E+00
2026 07 24 10 31 00 000 -5.8784729E+00 -1.7708068E+00 2.4524483E+00
2026 07 24 10 32 00 000 -5.8695383E+00 -1.7978809E+00 2.4541490E+00
2026 07 24 10 33 00 000 -5.8604918E+00 -1.8249280E+00 2.4558042E+00
2026 07 24 10 34 00 000 -5.8513342E+00 -1.8519478E+00 2.4574137E+00
2026 07 24 10 35 00 000 -5.8420650E+00 -1.8789398E+00 2.4589771E+00
2026 07 24 10 36 00 000 -5.8326848E+00 -1.9059034E+00 2.4604941E+00
2026 07 24 10 37 00 000 -5.8231930E+00 -1.9328380E+00 2.4619642E+00
2026 07 24 10 38 00 000 -5.8135906E+00 -1.9597436E+00 2.4633874E+00
2026 07 24 10 39 00 000 -5.8038778E+00 -1.9866192E+00 2.4647634E+00
2026 07 24 10 40 00 000 -5.7940540E+00 -2.0134642E+00 2.4660915E+00
2026 07 24 10 41 00 000 -5.7841222E+00 -2.0402738E+00 2.4673718E+00
2026 07 24 10 42 00 000 -5.7740776E+00 -2.0670585E+00 2.4686040E+00
2026 07 24 10 43 00 000 -5.7639232E+00 -2.0938118E+00 2.4697878E+00
2026 07 24 10 44 00 000 -5.7536592E+00 -2.1205327E+00 2.4709228E+00
2026 07 24 10 45 00 000 -5.7432854E+00 -2.1472209E+00 2.4720087E+00
2026 07 24 10 46 00 000 -5.7328022E+00 -2.1738756E+00 2.4730451E+00
2026 07 24 10 47 00 000 -5.7222097E+00 -2.2004971E+00 2.4740319E+00
2026 07 24 10 48 00 000 -5.7115085E+00 -2.2270846E+00 2.4749689E+00
2026 07 24 10 49 00 000 -5.7007015E+00 -2.2536301E+00 2.4758554E+00
2026 07 24 10 50 00 000 -5.6897838E+00 -2.2801463E+00 2.4766915E+00
2026 07 24 10 51 00 000 -5.6787575E+00 -2.3066267E+00 2.4774768E+00
2026 07 24 10 52 00 000 -5.6676230E+00 -2.3330711E+00 2.4782110E+00
2026 07 24 10 53 00 000 -5.6563811E+00 -2.3594792E+00 2.4788940E+00
2026 07 24 10 54 00 000 -5.6450314E+00 -2.3858502E+00 2.4795254E+00
2026 07 24 10 55 00 000 -5.6335740E+00 -2.4121839E+00 2.4801047E+00
2026 07 24 10 56 00 000 -5.6220093E+00 -2.4384791E+00 2.4806318E+00
2026 07 24 10 57 00 000 -5.6103376E+00 -2.4647363E+00 2.4811064E+00
2026 07 24 10 58 00 000 -5.5985588E+00 -2.4909540E+00 2.4815281E+00
2026 07 24 10 59 00 000 -5.5866741E+00 -2.5171327E+00 2.4818972E+00
2026 07 24 11 00 00 000 -5.5746825E+00 -2.5432710E+00 2.4822126E+00
2026 07 24 11 01 00 000 -5.5625851E+00 -2.5693699E+00 2.4824747E+00
2026 07 24 11 02 00 000 -5.5503818E+00 -2.5954271E+00 2.4826829E+00
2026 07 24 11 03 00 000 -5.5380726E+00 -2.6214429E+00 2.4828369E+00
2026 07 24 11 04 00 000 -5.5256579E+00 -2.6474171E+00 2.4829366E+00
2026 07 24 11 05 00 000 -5.5131382E+00 -2.6733492E+00 2.4829817E+00
2026 07 24 11 06 00 000 -5.5005133E+00 -2.6992379E+00 2.4829717E+00
2026 07 24 11 07 00 000 -5.4877840E+00 -2.7250839E+00 2.4829067E+00
2026 07 24 11 08 00 000 -5.4749501E+00 -2.7508856E+00 2.4827863E+00
2026 07 24 11 09 00 000 -5.4620119E+00 -2.7766438E+00 2.4826102E+00
2026 07 24 11 10 00 000 -5.4489696E+00 -2.8023564E+00 2.4823781E+00
2026 07 24 11 11 00 000 -5.4358238E+00 -2.8280240E+00 2.4820898E+00
2026 07 24 11 12 00 000 -5.4225745E+00 -2.8536460E+00 2.4817452E+00
2026 07 24 11 13 00 000 -5.4092216E+00 -2.8792217E+00 2.4813437E+00
2026 07 24 11 14 00 000 -5.3957663E+00 -2.9047510E+00 2.4808855E+00
2026 07 24 11 15 00 000 -5.3822077E+00 -2.9302329E+00 2.4803699E+00
2026 07 24 11 16 00 000 -5.3685469E+00 -2.9556671E+00 2.4797969E+00
2026 07 24 11 17 00 000 -5.3547839E+00 -2.9810533E+00 2.4791663E+00
2026 07 24 11 18 00 000 -5.3409188E+00 -3.0063903E+00 2.4784776E+00
2026 07 24 11 19 00 000 -5.3269522E+00 -3.0316789E+00 2.4777310E+00
2026 07 24 11 20 00 000 -5.3128839E+00 -3.0569175E+00 2.4769257E+00
2026 07 24 11 21 00 000 -5.2987146E+00 -3.0821061E+00 2.4760619E+00
2026 07 24 11 22 00 000 -5.2844447E+00 -3.1072443E+00 2.4751394E+00
2026 07 24 11 23 00 000 -5.2700738E+00 -3.1323314E+00 2.4741576E+00
2026 07 24 11 24 00 000 -5.2556029E+00 -3.1573668E+00 2.4731165E+00
2026 07 24 11 25 00 000 -5.2410315E+00 -3.1823499E+00 2.4720157E+00
2026 07 24 11 26 00 000 -5.2263605E+00 -3.2072805E+00 2.4708552E+00
2026 07 24 11 27 00 000 -5.2115900E+00 -3.2321585E+00 2.4696347E+00
2026 07 24 11 28 00 000 -5.1967203E+00 -3.2569831E+00 2.4683540E+00
2026 07 24 11 29 00 000 -5.1817517E+00 -3.2817533E+00 2.4670128E+00
2026 07 24 11 30 00 000 -5.1666844E+00 -3.3064694E+00 2.4656110E+00
2026 07 24 11 31 00 000 -5.1515187E+00 -3.3311302E+00 2.4641482E+00
2026 07 24 11 32 00 000 -5.1362550E+00 -3.3557357E+00 2.4626243E+00
2026 07 24 11 33 00 000 -5.1208935E+00 -3.3802855E+00 2.4610392E+00
2026 07 24 11 34 00 000 -5.1054341E+00 -3.4047783E+00 2.4593923E+00
2026 07 24 11 35 00 000 -5.0898780E+00 -3.4292147E+00 2.4576839E+00
2026 07 24 11 36 00 000 -5.0742246E+00 -3.4535932E+00 2.4559134E+00
2026 07 24 11 37 00 000 -5.0584750E+00 -3.4779146E+00 2.4540810E+00
2026 07 24 11 38 00 000 -5.0426287E+00 -3.5021769E+00 2.4521860E+00
2026 07 24 11 39 00 000 -5.0266864E+00 -3.5263807E+00 2.4502286E+00
2026 07 24 11 40 00 000 -5.0106486E+00 -3.5505249E+00 2.4482084E+00
2026 07 24 11 41 00 000 -4.9945155E+00 -3.5746100E+00 2.4461255E+00
2026 07 24 11 42 00 000 -4.9782873E+00 -3.5986343E+00 2.4439793E+00
2026 07 24 11 43 00 000 -4.9619640E+00 -3.6225978E+00 2.4417698E+00
2026 07 24 11 44 00 000 -4.9455461E+00 -3.6464996E+00 2.4394966E+00
2026 07 24 11 45 00 000 -4.9290344E+00 -3.6703401E+00 2.4371600E+00
2026 07 24 11 46 00 000 -4.9124285E+00 -3.6941181E+00 2.4347594E+00
2026 07 24 11 47 00 000 -4.8957294E+00 -3.7178337E+00 2.4322949E+00
2026 07 24 11 48 00 000 -4.8789371E+00 -3.7414859E+00 2.4297662E+00
2026 07 24 11 49 00 000 -4.8620520E+00 -3.7650746E+00 2.4271732E+00
2026 07 24 11 50 00 000 -4.8450739E+00 -3.7885989E+00 2.4245154E+00
2026 07 24 11 51 00 000 -4.8280036E+00 -3.8120580E+00 2.4217929E+00
2026 07 24 11 52 00 000 -4.8108415E+00 -3.8354526E+00 2.4190057E+00
2026 07 24 11 53 00 000 -4.7935879E+00 -3.8587815E+00 2.4161534E+00
2026 07 24 11 54 00 000 -4.7762428E+00 -3.8820438E+00 2.4132358E+00
2026 07 24 11 55 00 000 -4.7588073E+00 -3.9052403E+00 2.4102532E+00
2026 07 24 11 56 00 000 -4.7412806E+00 -3.9283690E+00 2.4072047E+00
2026 07 24 11 57 00 000 -4.7236635E+00 -3.9514300E+00 2.4040906E+00
2026 07 24 11 58 00 000 -4.7059566E+00 -3.9744229E+00 2.4009106E+00
2026 07 24 11 59 00 000 -4.6881606E+00 -3.9973480E+00 2.3976650E+00
2026 07 24 12 00 00 000 -4.6702747E+00 -4.0202031E+00 2.3943530E+00
2026 07 24 12 01 00 000 -4.6523000E+00 -4.0429891E+00 2.3909748E+00
2026 07 24 12 02 00 000 -4.6342371E+00 -4.0657056E+00 2.3875305E+00
2026 07 24 12 03 00 000 -4.6160857E+00 -4.0883510E+00 2.3840194E+00
2026 07 24 12 04 00 000 -4.5978463E+00 -4.1109255E+00 2.3804418E+00
2026 07 24 12 05 00 000 -4.5795192E+00 -4.1334281E+00 2.3767972E+00
2026 07 24 12 06 00 000 -4.5611051E+00 -4.1558591E+00 2.3730859E+00
2026 07 24 12 07 00 000 -4.5426045E+00 -4.1782181E+00 2.3693077E+00
2026 07 24 12 08 00 000 -4.5240169E+00 -4.2005035E+00 2.3654622E+00
2026 07 24 12 09 00 000 -4.5053431E+00 -4.2227155E+00 2.3615494E+00
2026 07 24 12 10 00 000 -4.4865837E+00 -4.2448538E+00 2.3575693E+00
2026 07 24 12 11 00 000 -4.4677391E+00 -4.2669178E+00 2.3535218E+00
2026 07 24 12 12 00 000 -4.4488091E+00 -4.2889068E+00 2.3494067E+00
2026 07 24 12 13 00 000 -4.4297943E+00 -4.3108202E+00 2.3452238E+00
2026 07 24 12 14 00 000 -4.4106955E+00 -4.3326583E+00 2.3409733E+00
2026 07 24 12 15 00 000 -4.3915126E+00 -4.3544201E+00 2.3366549E+00
2026 07 24 12 16 00 000 -4.3722459E+00 -4.3761045E+00 2.3322684E+00
2026 07 24 12 17 00 000 -4.3528959E+00 -4.3977119E+00 2.3278138E+00
2026 07 24 12 18 00 000 -4.3334632E+00 -4.4192417E+00 2.3232912E+00
2026 07 24 12 19 00 000 -4.3139479E+00 -4.4406930E+00 2.3187002E+00
2026 07 24 12 20 00 000 -4.2943506E+00 -4.4620660E+00 2.3140411E+00
2026 07 24 12 21 00 000 -4.2746711E+00 -4.4833591E+00 2.3093133E+00
2026 07 24 12 22 00 000 -4.2549109E+00 -4.5045737E+00 2.3045175E+00
2026 07 24 12 23 00 000 -4.2350689E+00 -4.5257070E+00 2.2996527E+00
2026 07 24 12 24 00 000 -4.2151467E+00 -4.5467603E+00 2.2947196E+00
2026 07 24 12 25 00 000 -4.1951440E+00 -4.5677321E+00 2.2897176E+00
2026 07 24 12 26 00 000 -4.1750616E+00 -4.5886225E+00 2.2846470E+00
2026 07 24 12 27 00 000 -4.1548998E+00 -4.6094311E+00 2.2795076E+00
2026 07 24 12 28 00 000 -4.1346584E+00 -4.6301564E+00 2.2742992E+00
2026 07 24 12 29 00 000 -4.1143388E+00 -4.6507997E+00 2.2690222E+00
2026 07 24 12 30 00 000 -4.0939404E+00 -4.6713587E+00 2.2636759E+00
2026 07 24 12 31 00 000 -4.0734641E+00 -4.6918337E+00 2.2582607E+00
2026 07 24 12 32 00 000 -4.0529105E+00 -4.7122249E+00 2.2527767E+00
2026 07 24 12 33 00 000 -4.0321376E+00 -4.7326985E+00 2.2471057E+00
2026 07 24 12 34 00 000 -4.0114295E+00 -4.7529184E+00 2.2414827E+00
2026 07 24 12 35 00 000 -3.9906446E+00 -4.7730520E+00 2.2357904E+00
2026 07 24 12 36 00 000 -3.9697841E+00 -4.7931000E+00 2.2300292E+00
2026 07 24 12 37 00 000 -3.9488476E+00 -4.8130603E+00 2.2241985E+00
2026 07 24 12 38 00 000 -3.9278367E+00 -4.8329347E+00 2.2182991E+00
2026 07 24 12 39 00 000 -3.9067501E+00 -4.8527199E+00 2.2123300E+00
2026 07 24 12 40 00 000 -3.8855897E+00 -4.8724178E+00 2.2062920E+00
2026 07 24 12 41 00 000 -3.8643552E+00 -4.8920268E+00 2.2001847E+00
2026 07 24 12 42 00 000 -3.8430466E+00 -4.9115459E+00 2.1940079E+00
2026 07 24 12 43 00 000 -3.8216651E+00 -4.9309758E+00 2.1877620E+00
2026 07 24 12 44 00 000 -3.8002111E+00 -4.9503162E+00 2.1814470E+00
2026 07 24 12 45 00 000 -3.7786843E+00 -4.9695652E+00 2.1750625E+00
2026 07 24 12 46 00 000 -3.7570856E+00 -4.9887232E+00 2.1686088E+00
2026 07 24 12 47 00 000 -3.7354156E+00 -5.0077903E+00 2.1620862E+00
2026 07 24 12 48 00 000 -3.7136745E+00 -5.0267654E+00 2.1554943E+00
2026 07 24 12 49 00 000 -3.6918624E+00 -5.0456475E+00 2.1488330E+00
2026 07 24 12 50 00 000 -3.6699799E+00 -5.0644368E+00 2.1421026E+00
2026 07 24 12 51 00 000 -3.6480280E+00 -5.0831333E+00 2.1353033E+00
2026 07 24 12 52 00 000 -3.6260059E+00 -5.1017350E+00 2.1284345E+00
2026 07 24 12 53 00 000 -3.6039151E+00 -5.1202430E+00 2.1214969E+00
2026 07 24 12 54 00 000 -3.5817559E+00 -5.1386564E+00 2.1144904E+00
2026 07 24 12 55 00 000 -3.5595280E+00 -5.1569741E+00 2.1074147E+00
2026 07 24 12 56 00 000 -3.5372329E+00 -5.1751969E+00 2.1002703E+00
2026 07 24 12 57 00 000 -3.5148701E+00 -5.1933231E+00 2.0930569E+00
2026 07 24 12 58 00 000 -3.4924401E+00 -5.2113523E+00 2.0857745E+00
2026 07 24 12 59 00 000 -3.4699440E+00 -5.2292851E+00 2.0784236E+00
2026 07 24 13 00 00 000 -3.4473815E+00 -5.2471201E+00 2.0710038E+00
2026 07 24 13 01 00 000 -3.4247535E+00 -5.2648572E+00 2.0635155E+00
2026 07 24 13 02 00 000 -3.4020599E+00 -5.2824954E+00 2.0559584E+00
2026 07 24 13 03 00 000 -3.3793021E+00 -5.3000356E+00 2.0483332E+00
2026 07 24 13 04 00 000 -3.3564799E+00 -5.3174765E+00 2.0406395E+00
2026 07 24 13 05 00 000 -3.3335931E+00 -5.3348167E+00 2.0328772E+00
2026 07 24 13 06 00 000 -3.3106433E+00 -5.3520573E+00 2.0250468E+00
2026 07 24 13 07 00 000 -3.2876305E+00 -5.3691974E+00 2.0171484E+00
2026 07 24 13 08 00 000 -3.2645547E+00 -5.3862358E+00 2.0091817E+00
2026 07 24 13 09 00 000 -3.2414172E+00 -5.4031734E+00 2.0011472E+00
2026 07 24 13 10 00 000 -3.2182180E+00 -5.4200090E+00 1.9930450E+00
2026 07 24 13 11 00 000 -3.1949567E+00 -5.4367410E+00 1.9848745E+00
2026 07 24 13 12 00 000 -3.1716349E+00 -5.4533708E+00 1.9766367E+00
2026 07 24 13 13 00 000 -3.1482531E+00 -5.4698978E+00 1.9683315E+00
2026 07 24 13 14 00 000 -3.1248110E+00 -5.4863204E+00 1.9599587E+00
2026 07 24 13 15 00 000 -3.1013096E+00 -5.5026392E+00 1.9515188E+00
2026 07 24 13 16 00 000 -3.0777487E+00 -5.5188528E+00 1.9430115E+00
2026 07 24 13 17 00 000 -3.0541296E+00 -5.5349617E+00 1.9344373E+00
2026 07 24 13 18 00 000 -3.0304520E+00 -5.5509650E+00 1.9257962E+00
2026 07 24 13 19 00 000 -3.0067171E+00 -5.5668627E+00 1.9170884E+00
2026 07 24 13 20 00 000 -2.9829246E+00 -5.5826537E+00 1.9083140E+00
2026 07 24 13 21 00 000 -2.9590752E+00 -5.5983377E+00 1.8994730E+00
2026 07 24 13 22 00 000 -2.9351692E+00 -5.6139141E+00 1.8905655E+00
2026 07 24 13 23 00 000 -2.9112079E+00 -5.6293836E+00 1.8815922E+00
2026 07 24 13 24 00 000 -2.8871905E+00 -5.6447440E+00 1.8725525E+00
2026 07 24 13 25 00 000 -2.8631188E+00 -5.6599973E+00 1.8634474E+00
2026 07 24 13 26 00 000 -2.8389920E+00 -5.6751404E+00 1.8542763E+00
2026 07 24 13 27 00 000 -2.8148114E+00 -5.6901748E+00 1.8450399E+00
2026 07 24 13 28 00 000 -2.7905768E+00 -5.7050988E+00 1.8357380E+00
2026 07 24 13 29 00 000 -2.7662895E+00 -5.7199130E+00 1.8263711E+00
2026 07 24 13 30 00 000 -2.7419497E+00 -5.7346171E+00 1.8169394E+00
2026 07 24 13 31 00 000 -2.7175572E+00 -5.7492094E+00 1.8074426E+00
2026 07 24 13 32 00 000 -2.6931128E+00 -5.7636899E+00 1.7978812E+00
2026 07 24 13 33 00 000 -2.6686171E+00 -5.7780588E+00 1.7882555E+00
2026 07 24 13 34 00 000 -2.6440709E+00 -5.7923156E+00 1.7785656E+00
2026 07 24 13 35 00 000 -2.6194739E+00 -5.8064593E+00 1.7688117E+00
2026 07 24 13 36 00 000 -2.5948275E+00 -5.8204905E+00 1.7589942E+00
2026 07 24 13 37 00 000 -2.5701313E+00 -5.8344076E+00 1.7491129E+00
2026 07 24 13 38 00 000 -2.5453861E+00 -5.8482107E+00 1.7391682E+00
2026 07 24 13 39 00 000 -2.5205927E+00 -5.8618999E+00 1.7291606E+00
2026 07 24 13 40 00 000 -2.4957511E+00 -5.8754741E+00 1.7190900E+00
2026 07 24 13 41 00 000 -2.4708619E+00 -5.8889329E+00 1.7089567E+00
2026 07 24 13 42 00 000 -2.4459260E+00 -5.9022770E+00 1.6987612E+00
2026 07 24 13 43 00 000 -2.4209428E+00 -5.9155041E+00 1.6885031E+00
2026 07 24 13 44 00 000 -2.3959140E+00 -5.9286155E+00 1.6781833E+00
2026 07 24 13 45 00 000 -2.3708397E+00 -5.9416100E+00 1.6678017E+00
2026 07 24 13 46 00 000 -2.3457196E+00 -5.9544868E+00 1.6573585E+00
2026 07 24 13 47 00 000 -2.3205550E+00 -5.9672465E+00 1.6468541E+00
2026 07 24 13 48 00 000 -2.2953464E+00 -5.9798885E+00 1.6362890E+00
2026 07 24 13 49 00 000 -2.2700938E+00 -5.9924119E+00 1.6256630E+00
2026 07 24 13 50 00 000 -2.2447981E+00 -6.0048167E+00 1.6149766E+00
2026 07 24 13 51 00 000 -2.2194596E+00 -6.0171025E+00 1.6042300E+00
2026 07 24 13 52 00 000 -2.1940788E+00 -6.0292687E+00 1.5934236E+00
2026 07 24 13 53 00 000 -2.1686562E+00 -6.0413148E+00 1.5825575E+00
2026 07 24 13 54 00 000 -2.1431923E+00 -6.0532411E+00 1.5716322E+00
2026 07 24 13 55 00 000 -2.1176878E+00 -6.0650470E+00 1.5606479E+00
2026 07 24 13 56 00 000 -2.0921425E+00 -6.0767316E+00 1.5496047E+00
2026 07 24 13 57 00 000 -2.0665574E+00 -6.0882948E+00 1.5385030E+00
2026 07 24 13 58 00 000 -2.0409329E+00 -6.0997361E+00 1.5273432E+00
2026 07 24 13 59 00 000 -2.0152697E+00 -6.1110558E+00 1.5161256E+00
2026 07 24 14 00 00 000 -1.9895679E+00 -6.1222527E+00 1.5048504E+00
2026 07 24 14 01 00 000 -1.9638281E+00 -6.1333270E+00 1.4935180E+00
2026 07 24 14 02 00 000 -1.9380512E+00 -6.1442781E+00 1.4821287E+00
2026 07 24 14 03 00 000 -1.9122374E+00 -6.1551063E+00 1.4706830E+00
2026 07 24 14 04 00 000 -1.8863869E+00 -6.1658097E+00 1.4591808E+00
2026 07 24 14 05 00 000 -1.8605005E+00 -6.1763892E+00 1.4476226E+00
2026 07 24 14 06 00 000 -1.8345782E+00 -6.1868438E+00 1.4360087E+00
2026 07 24 14 07 00 000 -1.8086219E+00 -6.1971746E+00 1.4243399E+00
2026 07 24 14 08 00 000 -1.7826301E+00 -6.2073788E+00 1.4126158E+00
2026 07 24 14 09 00 000 -1.7566051E+00 -6.2174584E+00 1.4008374E+00
2026 07 24 14 10 00 000 -1.7305461E+00 -6.2274109E+00 1.3890044E+00
2026 07 24 14 11 00 000 -1.7044543E+00 -6.2372379E+00 1.3771177E+00
2026 07 24 14 12 00 000 -1.6783299E+00 -6.2469384E+00 1.3651774E+00
2026 07 24 14 13 00 000 -1.6521738E+00 -6.2565119E+00 1.3531841E+00
2026 07 24 14 14 00 000 -1.6259859E+00 -6.2659578E+00 1.3411377E+00
2026 07 24 14 15 00 000 -1.5997671E+00 -6.2752761E+00 1.3290390E+00
2026 07 24 14 16 00 000 -1.5735177E+00 -6.2844666E+00 1.3168882E+00
2026 07 24 14 17 00 000 -1.5472385E+00 -6.2935289E+00 1.3046857E+00
2026 07 24 14 18 00 000 -1.5209299E+00 -6.3024625E+00 1.2924320E+00
2026 07 24 14 19 00 000 -1.4945923E+00 -6.3112675E+00 1.2801273E+00
2026 07 24 14 20 00 000 -1.4682257E+00 -6.3199426E+00 1.2677718E+00
2026 07 24 14 21 00 000 -1.4418314E+00 -6.3284886E+00 1.2553663E+00
2026 07 24 14 22 00 000 -1.4154096E+00 -6.3369048E+00 1.2429110E+00
2026 07 24 14 23 00 000 -1.3889608E+00 -6.3451906E+00 1.2304063E+00
2026 07 24 14 24 00 000 -1.3624854E+00 -6.3533459E+00 1.2178526E+00
2026 07 24 14 25 00 000 -1.3359840E+00 -6.3613706E+00 1.2052504E+00
2026 07 24 14 26 00 000 -1.3094574E+00 -6.3692645E+00 1.1926001E+00
2026 07 24 14 27 00 000 -1.2829057E+00 -6.3770268E+00 1.1799019E+00
2026 07 24 14 28 00 000 -1.2563297E+00 -6.3846575E+00 1.1671566E+00
2026 07 24 14 29 00 000 -1.2297292E+00 -6.3921559E+00 1.1543641E+00
2026 07 24 14 30 00 000 -1.2031058E+00 -6.3995225E+00 1.1415253E+00
2026 07 24 14 31 00 000 -1.1764589E+00 -6.4067564E+00 1.1286403E+00
2026 07 24 14 32 00 000 -1.1497900E+00 -6.4138574E+00 1.1157098E+00
2026 07 24 14 33 00 000 -1.1230992E+00 -6.4208262E+00 1.1027342E+00
2026 07 24 14 34 00 000 -1.0963869E+00 -6.4276609E+00 1.0897138E+00
2026 07 24 14 35 00 000 -1.0696534E+00 -6.4343620E+00 1.0766490E+00
2026 07 24 14 36 00 000 -1.0428999E+00 -6.4409290E+00 1.0635404E+00
2026 07 24 14 37 00 000 -1.0161260E+00 -6.4473620E+00 1.0503882E+00
2026 07 24 14 38 00 000 -9.8933333E-01 -6.4536613E+00 1.0371934E+00
2026 07 24 14 39 00 000 -9.6252112E-01 -6.4598248E+00 1.0239557E+00
2026 07 24 14 40 00 000 -9.3569105E-01 -6.4658541E+00 1.0106763E+00
2026 07 24 14 41 00 000 -9.0884268E-01 -6.4717482E+00 9.9735509E-01
2026 07 24 14 42 00 000 -8.8197726E-01 -6.4775067E+00 9.8399288E-01
2026 07 24 14 43 00 000 -8.5509528E-01 -6.4831296E+00 9.7059015E-01
2026 07 24 14 44 00 000 -8.2819640E-01 -6.4886166E+00 9.5714704E-01
2026 07 24 14 45 00 000 -8.0128178E-01 -6.4939667E+00 9.4366419E-01
2026 07 24 14 46 00 000 -7.7435205E-01 -6.4991810E+00 9.3014227E-01
2026 07 24 14 47 00 000 -7.4740750E-01 -6.5042592E+00 9.1658166E-01
2026 07 24 14 48 00 000 -7.2044880E-01 -6.5092001E+00 9.0298283E-01
2026 07 24 14 49 00 000 -6.9347601E-01 -6.5140041E+00 8.8934614E-01
2026 07 24 14 50 00 000 -6.6649033E-01 -6.5186704E+00 8.7567231E-01
2026 07 24 14 51 00 000 -6.3949162E-01 -6.5231992E+00 8.6196161E-01
2026 07 24 14 52 00 000 -6.1248065E-01 -6.5275901E+00 8.4821462E-01
2026 07 24 14 53 00 000 -5.8545824E-01 -6.5318433E+00 8.3443201E-01
2026 07 24 14 54 00 000 -5.5842469E-01 -6.5359583E+00 8.2061418E-01
2026 07 24 14 55 00 000 -5.3137980E-01 -6.5399348E+00 8.0676136E-01
2026 07 24 14 56 00 000 -5.0432531E-01 -6.5437727E+00 7.9287451E-01
2026 07 24 14 57 00 000 -4.7726094E-01 -6.5474720E+00 7.7895390E-01
2026 07 24 14 58 00 000 -4.5018794E-01 -6.5510326E+00 7.6500030E-01
2026 07 24 14 59 00 000 -4.2310591E-01 -6.5544537E+00 7.5101386E-01
2026 07 24 15 00 00 000 -3.9601564E-01 -6.5577350E+00 7.3699519E-01
2026 07 24 15 01 00 000 -3.6891771E-01 -6.5608774E+00 7.2294493E-01
2026 07 24 15 02 00 000 -3.4181319E-01 -6.5638803E+00 7.0886379E-01
2026 07 24 15 03 00 000 -3.1470177E-01 -6.5667425E+00 6.9475190E-01
2026 07 24 15 04 00 000 -2.8758452E-01 -6.5694648E+00 6.8061010E-01
2026 07 24 15 05 00 000 -2.6046165E-01 -6.5720475E+00 6.6643884E-01
2026 07 24 15 06 00 000 -2.3333363E-01 -6.5744891E+00 6.5223854E-01
2026 07 24 15 07 00 000 -2.0620133E-01 -6.5767903E+00 6.3800993E-01
2026 07 24 15 08 00 000 -1.7906495E-01 -6.5789512E+00 6.2375348E-01
2026 07 24 15 09 00 000 -1.5192517E-01 -6.5809706E+00 6.0946972E-01
2026 07 24 15 10 00 000 -1.2478217E-01 -6.5828489E+00 5.9515911E-01
2026 07 24 15 11 00 000 -9.7637023E-02 -6.5845869E+00 5.8082249E-01
2026 07 24 15 12 00 000 -7.0490020E-02 -6.5861829E+00 5.6646020E-01
2026 07 24 15 13 00 000 -4.3341744E-02 -6.5876376E+00 5.5207292E-01
2026 07 24 15 14 00 000 -1.6192283E-02 -6.5889506E+00 5.3766100E-01
2026 07 24 15 15 00 000 1.0957388E-02 -6.5901217E+00 5.2322519E-01
2026 07 24 15 16 00 000 3.8107078E-02 -6.5911513E+00 5.0876598E-01
2026 07 24 15 17 00 000 6.5256011E-02 -6.5920391E+00 4.9428400E-01
2026 07 24 15 18 00 000 9.2404095E-02 -6.5927844E+00 4.7977964E-01
2026 07 24 15 19 00 000 1.1954987E-01 -6.5933873E+00 4.6525385E-01
2026 07 24 15 20 00 000 1.4669363E-01 -6.5938481E+00 4.5070691E-01
2026 07 24 15 21 00 000 1.7383441E-01 -6.5941668E+00 4.3613958E-01
2026 07 24 15 22 00 000 2.0097260E-01 -6.5943427E+00 4.2155208E-01
2026 07 24 15 23 00 000 2.2810674E-01 -6.5943758E+00 4.0694534E-01
2026 07 24 15 24 00 000 2.5523595E-01 -6.5942670E+00 3.9232014E-01
2026 07 24 15 25 00 000 2.8236122E-01 -6.5940144E+00 3.7767639E-01
2026 07 24 15 26 00 000 3.0948050E-01 -6.5936192E+00 3.6301534E-01
2026 07 24 15 27 00 000 3.3659429E-01 -6.5930812E+00 3.4833721E-01
2026 07 24 15 28 00 000 3.6370161E-01 -6.5924005E+00 3.3364276E-01
2026 07 24 15 29 00 000 3.9080217E-01 -6.5915754E+00 3.1893239E-01
2026 07 24 15 30 00 000 4.1789539E-01 -6.5906081E+00 3.0420689E-01
2026 07 24 15 31 00 000 4.4498030E-01 -6.5894974E+00 2.8946693E-01
2026 07 24 15 32 00 000 4.7205720E-01 -6.5882433E+00 2.7471284E-01
2026 07 24 15 33 00 000 4.9912502E-01 -6.5868455E+00 2.5994539E-01
2026 07 24 15 34 00 000 5.2618366E-01 -6.5853047E+00 2.4516509E-01
2026 07 24 15 35 00 000 5.5323225E-01 -6.5836202E+00 2.3037263E-01
2026 07 24 15 36 00 000 5.8027010E-01 -6.5817922E+00 2.1556870E-01
2026 07 24 15 37 00 000 6.0729694E-01 -6.5798205E+00 2.0075382E-01
2026 07 24 15 38 00 000 6.3431257E-01 -6.5777053E+00 1.8592849E-01
2026 07 24 15 39 00 000 6.6131573E-01 -6.5754465E+00 1.7109360E-01
2026 07 24 15 40 00 000 6.8830670E-01 -6.5730443E+00 1.5624947E-01
2026 07 24 15 41 00 000 7.1528463E-01 -6.5704979E+00 1.4139680E-01
2026 07 24 15 42 00 000 7.4224892E-01 -6.5678082E+00 1.2653631E-01
2026 07 24 15 43 00 000 7.6919899E-01 -6.5649746E+00 1.1166858E-01
2026 07 24 15 44 00 000 7.9613466E-01 -6.5619975E+00 9.6794156E-02
2026 07 24 15 45 00 000 8.2305533E-01 -6.5588762E+00 8.1913641E-02
2026 07 24 15 46 00 000 8.4996015E-01 -6.5556116E+00 6.7027826E-02
2026 07 24 15 47 00 000 8.7684900E-01 -6.5522029E+00 5.2137154E-02
2026 07 24 15 48 00 000 9.0372103E-01 -6.5486509E+00 3.7242413E-02
2026 07 24 15 49 00 000 9.3057584E-01 -6.5449547E+00 2.2344137E-02
2026 07 24 15 50 00 000 9.5741333E-01 -6.5411151E+00 7.4428497E-03
2026 07 24 15 51 00 000 9.8423225E-01 -6.5371320E+00 -7.4605614E-03
2026 07 24 15 52 00 000 1.0110328E+00 -6.5330051E+00 -2.2365741E-02
2026 07 24 15 53 00 000 1.0378143E+00 -6.5287347E+00 -3.7271984E-02
2026 07 24 15 54 00 000 1.0645756E+00 -6.5243205E+00 -5.2178479E-02
2026 07 24 15 55 00 000 1.0913169E+00 -6.5197628E+00 -6.7084794E-02
2026 07 24 15 56 00 000 1.1180375E+00 -6.5150616E+00 -8.1990210E-02
2026 07 24 15 57 00 000 1.1447368E+00 -6.5102175E+00 -9.6894113E-02
2026 07 24 15 58 00 000 1.1714143E+00 -6.5052293E+00 -1.1179586E-01
2026 07 24 15 59 00 000 1.1980698E+00 -6.5000980E+00 -1.2669493E-01
2026 07 24 16 00 00 000 1.2247020E+00 -6.4948235E+00 -1.4159042E-01
2026 07 24 16 01 00 000 1.2513119E+00 -6.4894058E+00 -1.5648217E-01
2026 07 24 16 02 00 000 1.2778970E+00 -6.4838451E+00 -1.7136890E-01
2026 07 24 16 03 00 000 1.3044584E+00 -6.4781411E+00 -1.8625054E-01
2026 07 24 16 04 00 000 1.3309950E+00 -6.4722944E+00 -2.0112619E-01
2026 07 24 16 05 00 000 1.3575061E+00 -6.4663045E+00 -2.1599521E-01
2026 07 24 16 06 00 000 1.3839916E+00 -6.4601721E+00 -2.3085708E-01
2026 07 24 16 07 00 000 1.4104508E+00 -6.4538967E+00 -2.4571106E-01
2026 07 24 16 08 00 000 1.4368831E+00 -6.4474788E+00 -2.6055654E-01
2026 07 24 16 09 00 000 1.4632881E+00 -6.4409185E+00 -2.7539289E-01
2026 07 24 16 10 00 000 1.4896653E+00 -6.4342159E+00 -2.9021948E-01
2026 07 24 16 11 00 000 1.5160143E+00 -6.4273710E+00 -3.0503568E-01
2026 07 24 16 12 00 000 1.5423345E+00 -6.4203840E+00 -3.1984085E-01
2026 07 24 16 13 00 000 1.5686252E+00 -6.4132547E+00 -3.3463428E-01
2026 07 24 16 14 00 000 1.5948860E+00 -6.4059837E+00 -3.4941535E-01
2026 07 24 16 15 00 000 1.6211168E+00 -6.3985711E+00 -3.6418360E-01
2026 07 24 16 16 00 000 1.6473165E+00 -6.3910168E+00 -3.7893814E-01
2026 07 24 16 17 00 000 1.6734850E+00 -6.3833208E+00 -3.9367851E-01
2026 07 24 16 18 00 000 1.6996219E+00 -6.3754832E+00 -4.0840408E-01
2026 07 24 16 19 00 000 1.7257263E+00 -6.3675052E+00 -4.2311408E-01
2026 07 24 16 20 00 000 1.7517980E+00 -6.3593853E+00 -4.3780800E-01
2026 07 24 16 21 00 000 1.7778362E+00 -6.3511253E+00 -4.5248509E-01
2026 07 24 16 22 00 000 1.8038406E+00 -6.3427239E+00 -4.6714477E-01
2026 07 24 16 23 00 000 1.8298106E+00 -6.3341825E+00 -4.8178636E-01
2026 07 24 16 24 00 000 1.8557461E+00 -6.3255002E+00 -4.9640939E-01
2026 07 24 16 25 00 000 1.8816461E+00 -6.3166777E+00 -5.1101305E-01
2026 07 24 16 26 00 000 1.9075108E+00 -6.3077160E+00 -5.2559695E-01
2026 07 24 16 27 00 000 1.9333388E+00 -6.2986135E+00 -5.4016011E-01
2026 07 24 16 28 00 000 1.9591302E+00 -6.2893720E+00 -5.5470216E-01
2026 07 24 16 29 00 000 1.9848841E+00 -6.2799909E+00 -5.6922227E-01
2026 07 24 16 30 00 000 2.0106005E+00 -6.2704702E+00 -5.8372007E-01
2026 07 24 16 31 00 000 2.0362788E+00 -6.2608105E+00 -5.9819478E-01
2026 07 24 16 32 00 000 2.0619181E+00 -6.2510123E+00 -6.1264569E-01
2026 07 24 16 33 00 000 2.0875184E+00 -6.2410755E+00 -6.2707238E-01
2026 07 24 16 34 00 000 2.1130790E+00 -6.2310002E+00 -6.4147410E-01
2026 07 24 16 35 00 000 2.1385993E+00 -6.2207867E+00 -6.5585017E-01
2026 07 24 16 36 00 000 2.1640789E+00 -6.2104355E+00 -6.7020007E-01
2026 07 24 16 37 00 000 2.1895174E+00 -6.1999461E+00 -6.8452315E-01
2026 07 24 16 38 00 000 2.2149140E+00 -6.1893198E+00 -6.9881867E-01
2026 07 24 16 39 00 000 2.2402689E+00 -6.1785556E+00 -7.1308631E-01
2026 07 24 16 40 00 000 2.2655809E+00 -6.1676547E+00 -7.2732516E-01
2026 07 24 16 41 00 000 2.2908502E+00 -6.1566176E+00 -7.4153488E-01
2026 07 24 16 42 00 000 2.3160755E+00 -6.1454431E+00 -7.5571452E-01
2026 07 24 16 43 00 000 2.3412573E+00 -6.1341331E+00 -7.6986383E-01
2026 07 24 16 44 00 000 2.3663944E+00 -6.1226869E+00 -7.8398198E-01
2026 07 24 16 45 00 000 2.3914857E+00 -6.1111049E+00 -7.9806809E-01
2026 07 24 16 46 00 000 2.4165324E+00 -6.0993873E+00 -8.1212219E-01
2026 07 24 16 47 00 000 2.4415329E+00 -6.0875347E+00 -8.2614324E-01
2026 07 24 16 48 00 000 2.4664873E+00 -6.0755477E+00 -8.4013085E-01
2026 07 24 16 49 00 000 2.4913944E+00 -6.0634256E+00 -8.5408418E-01
2026 07 24 16 50 00 000 2.5162540E+00 -6.0511695E+00 -8.6800268E-01
2026 07 24 16 51 00 000 2.5410658E+00 -6.0387790E+00 -8.8188590E-01
2026 07 24 16 52 00 000 2.5658295E+00 -6.0262552E+00 -8.9573320E-01
2026 07 24 16 53 00 000 2.5905440E+00 -6.0135979E+00 -9.0954386E-01
2026 07 24 16 54 00 000 2.6152097E+00 -6.0008078E+00 -9.2331751E-01
2026 07 24 16 55 00 000 2.6398255E+00 -5.9878843E+00 -9.3705341E-01
2026 07 24 16 56 00 000 2.6643908E+00 -5.9748288E+00 -9.5075086E-01
2026 07 24 16 57 00 000 2.6889056E+00 -5.9616409E+00 -9.6440952E-01
2026 07 24 16 58 00 000 2.7133694E+00 -5.9483213E+00 -9.7802871E-01
2026 07 24 16 59 00 000 2.7377815E+00 -5.9348705E+00 -9.9160779E-01
2026 07 24 17 00 00 000 2.7621419E+00 -5.9212881E+00 -1.0051464E+00
2026 07 24 17 01 00 000 2.7864493E+00 -5.9075754E+00 -1.0186436E+00
2026 07 24 17 02 00 000 2.8107037E+00 -5.8937317E+00 -1.0320990E+00
2026 07 24 17 03 00 000 2.8349049E+00 -5.8797580E+00 -1.0455121E+00
2026 07 24 17 04 00 000 2.8590516E+00 -5.8656545E+00 -1.0588821E+00
2026 07 24 17 05 00 000 2.8831446E+00 -5.8514221E+00 -1.0722088E+00
2026 07 24 17 06 00 000 2.9071826E+00 -5.8370601E+00 -1.0854914E+00
2026 07 24 17 07 00 000 2.9311650E+00 -5.8225698E+00 -1.0987293E+00
2026 07 24 17 08 00 000 2.9550916E+00 -5.8079507E+00 -1.1119220E+00
2026 07 24 17 09 00 000 2.9789624E+00 -5.7932040E+00 -1.1250690E+00
2026 07 24 17 10 00 000 3.0027760E+00 -5.7783295E+00 -1.1381696E+00
2026 07 24 17 11 00 000 3.0265331E+00 -5.7633278E+00 -1.1512235E+00
2026 07 24 17 12 00 000 3.0502322E+00 -5.7481994E+00 -1.1642299E+00
2026 07 24 17 13 00 000 3.0738736E+00 -5.7329446E+00 -1.1771885E+00
2026 07 24 17 14 00 000 3.0974560E+00 -5.7175635E+00 -1.1900984E+00
2026 07 24 17 15 00 000 3.1209800E+00 -5.7020568E+00 -1.2029594E+00
2026 07 24 17 16 00 000 3.1444443E+00 -5.6864252E+00 -1.2157707E+00
2026 07 24 17 17 00 000 3.1678490E+00 -5.6706685E+00 -1.2285321E+00
2026 07 24 17 18 00 000 3.1911929E+00 -5.6547869E+00 -1.2412426E+00
2026 07 24 17 19 00 000 3.2144768E+00 -5.6387821E+00 -1.2539022E+00
2026 07 24 17 20 00 000 3.2376992E+00 -5.6226529E+00 -1.2665101E+00
2026 07 24 17 21 00 000 3.2608600E+00 -5.6064012E+00 -1.2790657E+00
2026 07 24 17 22 00 000 3.2839587E+00 -5.5900265E+00 -1.2915686E+00
2026 07 24 17 23 00 000 3.3069952E+00 -5.5735291E+00 -1.3040184E+00
2026 07 24 17 24 00 000 3.3299685E+00 -5.5569101E+00 -1.3164143E+00
2026 07 24 17 25 00 000 3.3528789E+00 -5.5401696E+00 -1.3287561E+00
2026 07 24 17 26 00 000 3.3757252E+00 -5.5233080E+00 -1.3410431E+00
2026 07 24 17 27 00 000 3.3985074E+00 -5.5063258E+00 -1.3532748E+00
2026 07 24 17 28 00 000 3.4212247E+00 -5.4892232E+00 -1.3654507E+00
2026 07 24 17 29 00 000 3.4438767E+00 -5.4720010E+00 -1.3775703E+00
2026 07 24 17 30 00 000 3.4664639E+00 -5.4546598E+00 -1.3896335E+00
2026 07 24 17 31 00 000 3.4889842E+00 -5.4371991E+00 -1.4016390E+00
2026 07 24 17 32 00 000 3.5114388E+00 -5.4196207E+00 -1.4135871E+00
2026 07 24 17 33 00 000 3.5338265E+00 -5.4019242E+00 -1.4254770E+00
2026 07 24 17 34 00 000 3.5561468E+00 -5.3841102E+00 -1.4373082E+00
2026 07 24 17 35 00 000 3.5783999E+00 -5.3661794E+00 -1.4490803E+00
2026 07 24 17 36 00 000 3.6005846E+00 -5.3481319E+00 -1.4607928E+00
2026 07 24 17 37 00 000 3.6227002E+00 -5.3299682E+00 -1.4724450E+00
2026 07 24 17 38 00 000 3.6447473E+00 -5.3116892E+00 -1.4840368E+00
2026 07 24 17 39 00 000 3.6667254E+00 -5.2932952E+00 -1.4955678E+00
2026 07 24 17 40 00 000 3.6886338E+00 -5.2747870E+00 -1.5070374E+00
2026 07 24 17 41 00 000 3.7104713E+00 -5.2561638E+00 -1.5184448E+00
2026 07 24 17 42 00 000 3.7322389E+00 -5.2374277E+00 -1.5297901E+00
2026 07 24 17 43 00 000 3.7539349E+00 -5.2185781E+00 -1.5410724E+00
2026 07 24 17 44 00 000 3.7755599E+00 -5.1996160E+00 -1.5522917E+00
2026 07 24 17 45 00 000 3.7971130E+00 -5.1805420E+00 -1.5634473E+00
2026 07 24 17 46 00 000 3.8185934E+00 -5.1613561E+00 -1.5745387E+00
2026 07 24 17 47 00 000 3.8400018E+00 -5.1420594E+00 -1.5855657E+00
2026 07 24 17 48 00 000 3.8613372E+00 -5.1226522E+00 -1.5965279E+00
2026 07 24 17 49 00 000 3.8825980E+00 -5.1031344E+00 -1.6074244E+00
2026 07 24 17 50 00 000 3.9037861E+00 -5.0835077E+00 -1.6182555E+00
2026 07 24 17 51 00 000 3.9248998E+00 -5.0637718E+00 -1.6290204E+00
2026 07 24 17 52 00 000 3.9459382E+00 -5.0439270E+00 -1.6397186E+00
2026 07 24 17 53 00 000 3.9669017E+00 -5.0239744E+00 -1.6503498E+00
2026 07 24 17 54 00 000 3.9877899E+00 -5.0039147E+00 -1.6609137E+00
2026 07 24 17 55 00 000 4.0086021E+00 -4.9837477E+00 -1.6714099E+00
2026 07 24 17 56 00 000 4.0293380E+00 -4.9634744E+00 -1.6818378E+00
2026 07 24 17 57 00 000 4.0499973E+00 -4.9430952E+00 -1.6921973E+00
2026 07 24 17 58 00 000 4.0705797E+00 -4.9226108E+00 -1.7024879E+00
2026 07 24 17 59 00 000 4.0910842E+00 -4.9020216E+00 -1.7127091E+00
2026 07 24 18 00 00 000 4.1115113E+00 -4.8813284E+00 -1.7228608E+00
2026 07 24 18 01 00 000 4.1318601E+00 -4.8605315E+00 -1.7329424E+00
2026 07 24 18 02 00 000 4.1521298E+00 -4.8396309E+00 -1.7429535E+00
2026 07 24 18 03 00 000 4.1723210E+00 -4.8186285E+00 -1.7528941E+00
2026 07 24 18 04 00 000 4.1924326E+00 -4.7975237E+00 -1.7627634E+00
2026 07 24 18 05 00 000 4.2124642E+00 -4.7763173E+00 -1.7725613E+00
2026 07 24 18 06 00 000 4.2324159E+00 -4.7550103E+00 -1.7822875E+00
2026 07 24 18 07 00 000 4.2522871E+00 -4.7336030E+00 -1.7919415E+00
2026 07 24 18 08 00 000 4.2720775E+00 -4.7120959E+00 -1.8015232E+00
2026 07 24 18 09 00 000 4.2917862E+00 -4.6904893E+00 -1.8110318E+00
2026 07 24 18 10 00 000 4.3114133E+00 -4.6687843E+00 -1.8204675E+00
2026 07 24 18 11 00 000 4.3309588E+00 -4.6469815E+00 -1.8298298E+00
2026 07 24 18 12 00 000 4.3504216E+00 -4.6250811E+00 -1.8391183E+00
2026 07 24 18 13 00 000 4.3698016E+00 -4.6030838E+00 -1.8483328E+00
2026 07 24 18 14 00 000 4.3890985E+00 -4.5809901E+00 -1.8574728E+00
2026 07 24 18 15 00 000 4.4083112E+00 -4.5588004E+00 -1.8665380E+00
2026 07 24 18 16 00 000 4.4274409E+00 -4.5365160E+00 -1.8755285E+00
2026 07 24 18 17 00 000 4.4464860E+00 -4.5141369E+00 -1.8844436E+00
2026 07 24 18 18 00 000 4.4654468E+00 -4.4916640E+00 -1.8932833E+00
2026 07 24 18 19 00 000 4.4843225E+00 -4.4690976E+00 -1.9020471E+00
2026 07 24 18 20 00 000 4.5031126E+00 -4.4464384E+00 -1.9107348E+00
2026 07 24 18 21 00 000 4.5218166E+00 -4.4236865E+00 -1.9193458E+00
2026 07 24 18 22 00 000 4.5404356E+00 -4.4008439E+00 -1.9278806E+00
2026 07 24 18 23 00 000 4.5589671E+00 -4.3779096E+00 -1.9363381E+00
2026 07 24 18 24 00 000 4.5774127E+00 -4.3548854E+00 -1.9447187E+00
2026 07 24 18 25 00 000 4.5957707E+00 -4.3317712E+00 -1.9530217E+00
2026 07 24 18 26 00 000 4.6140411E+00 -4.3085676E+00 -1.9612469E+00
2026 07 24 18 27 00 000 4.6322245E+00 -4.2852760E+00 -1.9693946E+00
2026 07 24 18 28 00 000 4.6503185E+00 -4.2618956E+00 -1.9774635E+00
2026 07 24 18 29 00 000 4.6683245E+00 -4.2384282E+00 -1.9854543E+00
2026 07 24 18 30 00 000 4.6862427E+00 -4.2148748E+00 -1.9933668E+00
2026 07 24 18 31 00 000 4.7040701E+00 -4.1912339E+00 -2.0011998E+00
2026 07 24 18 32 00 000 4.7218091E+00 -4.1675086E+00 -2.0089542E+00
2026 07 24 18 33 00 000 4.7394577E+00 -4.1436979E+00 -2.0166291E+00
2026 07 24 18 34 00 000 4.7570163E+00 -4.1198031E+00 -2.0242245E+00
2026 07 24 18 35 00 000 4.7744840E+00 -4.0958243E+00 -2.0317400E+00
2026 07 24 18 36 00 000 4.7918617E+00 -4.0717631E+00 -2.0391760E+00
2026 07 24 18 37 00 000 4.8091472E+00 -4.0476189E+00 -2.0465315E+00
2026 07 24 18 38 00 000 4.8263422E+00 -4.0233935E+00 -2.0538070E+00
2026 07 24 18 39 00 000 4.8434439E+00 -3.9990860E+00 -2.0610015E+00
2026 07 24 18 40 00 000 4.8604544E+00 -3.9746986E+00 -2.0681156E+00
2026 07 24 18 41 00 000 4.8773729E+00 -3.9502316E+00 -2.0751491E+00
2026 07 24 18 42 00 000 4.8941972E+00 -3.9256844E+00 -2.0821011E+00
2026 07 24 18 43 00 000 4.9109295E+00 -3.9010594E+00 -2.0889722E+00
2026 07 24 18 44 00 000 4.9275677E+00 -3.8763559E+00 -2.0957618E+00
2026 07 24 18 45 00 000 4.9441121E+00 -3.8515750E+00 -2.1024698E+00
2026 07 24 18 46 00 000 4.9605629E+00 -3.8267178E+00 -2.1090963E+00
2026 07 24 18 47 00 000 4.9769188E+00 -3.8017840E+00 -2.1156408E+00
2026 07 24 18 48 00 000 4.9931801E+00 -3.7767748E+00 -2.1221034E+00
2026 07 24 18 49 00 000 5.0093469E+00 -3.7516912E+00 -2.1284841E+00
2026 07 24 18 50 00 000 5.0254179E+00 -3.7265331E+00 -2.1347824E+00
2026 07 24 18 51 00 000 5.0413927E+00 -3.7013011E+00 -2.1409981E+00
2026 07 24 18 52 00 000 5.0572723E+00 -3.6759967E+00 -2.1471315E+00
2026 07 24 18 53 00 000 5.0730552E+00 -3.6506197E+00 -2.1531822E+00
2026 07 24 18 54 00 000 5.0887417E+00 -3.6251712E+00 -2.1591502E+00
2026 07 24 18 55 00 000 5.1043314E+00 -3.5996517E+00 -2.1650354E+00
2026 07 24 18 56 00 000 5.1198242E+00 -3.5740621E+00 -2.1708378E+00
2026 07 24 18 57 00 000 5.1352190E+00 -3.5484024E+00 -2.1765569E+00
2026 07 24 18 58 00 000 5.1505163E+00 -3.5226739E+00 -2.1821929E+00
2026 07 24 18 59 00 000 5.1657158E+00 -3.4968770E+00 -2.1877458E+00
2026 07 24 19 00 00 000 5.1808170E+00 -3.4710125E+00 -2.1932154E+00
2026 07 24 19 01 00 000 5.1958193E+00 -3.4450806E+00 -2.1986015E+00
2026 07 24 19 02 00 000 5.2107227E+00 -3.4190824E+00 -2.2039041E+00
2026 07 24 19 03 00 000 5.2255266E+00 -3.3930180E+00 -2.2091230E+00
2026 07 24 19 04 00 000 5.2402317E+00 -3.3668890E+00 -2.2142587E+00
2026 07 24 19 05 00 000 5.2548372E+00 -3.3406957E+00 -2.2193107E+00
2026 07 24 19 06 00 000 5.2693417E+00 -3.3144377E+00 -2.2242785E+00
2026 07 24 19 07 00 000 5.2837465E+00 -3.2881170E+00 -2.2291628E+00
2026 07 24 19 08 00 000 5.2980508E+00 -3.2617339E+00 -2.2339634E+00
2026 07 24 19 09 00 000 5.3122538E+00 -3.2352885E+00 -2.2386799E+00
2026 07 24 19 10 00 000 5.3263563E+00 -3.2087823E+00 -2.2433127E+00
2026 07 24 19 11 00 000 5.3403568E+00 -3.1822152E+00 -2.2478614E+00
2026 07 24 19 12 00 000 5.3542563E+00 -3.1555885E+00 -2.2523263E+00
2026 07 24 19 13 00 000 5.3680538E+00 -3.1289026E+00 -2.2567072E+00
2026 07 24 19 14 00 000 5.3817486E+00 -3.1021576E+00 -2.2610039E+00
2026 07 24 19 15 00 000 5.3953414E+00 -3.0753550E+00 -2.2652168E+00
2026 07 24 19 16 00 000 5.4088313E+00 -3.0484950E+00 -2.2693456E+00
2026 07 24 19 17 00 000 5.4222182E+00 -3.0215783E+00 -2.2733903E+00
2026 07 24 19 18 00 000 5.4355017E+00 -2.9946056E+00 -2.2773508E+00
2026 07 24 19 19 00 000 5.4486821E+00 -2.9675777E+00 -2.2812275E+00
2026 07 24 19 20 00 000 5.4617585E+00 -2.9404950E+00 -2.2850201E+00
2026 07 24 19 21 00 000 5.4747312E+00 -2.9133585E+00 -2.2887288E+00
2026 07 24 19 22 00 000 5.4875994E+00 -2.8861684E+00 -2.2923534E+00
2026 07 24 19 23 00 000 5.5003633E+00 -2.8589258E+00 -2.2958941E+00
2026 07 24 19 24 00 000 5.5130221E+00 -2.8316308E+00 -2.2993507E+00
2026 07 24 19 25 00 000 5.5255772E+00 -2.8042853E+00 -2.3027239E+00
2026 07 24 19 26 00 000 5.5380261E+00 -2.7768884E+00 -2.3060128E+00
2026 07 24 19 27 00 000 5.5503695E+00 -2.7494414E+00 -2.3092178E+00
2026 07 24 19 28 00 000 5.5626078E+00 -2.7219453E+00 -2.3123393E+00
2026 07 24 19 29 00 000 5.5747401E+00 -2.6944005E+00 -2.3153770E+00
2026 07 24 19 30 00 000 5.5867656E+00 -2.6668070E+00 -2.3183308E+00
2026 07 24 19 31 00 000 5.5986855E+00 -2.6391668E+00 -2.3212013E+00
2026 07 24 19 32 00 000 5.6104982E+00 -2.6114791E+00 -2.3239879E+00
2026 07 24 19 33 00 000 5.6222048E+00 -2.5837460E+00 -2.3266914E+00
2026 07 24 19 34 00 000 5.6338034E+00 -2.5559667E+00 -2.3293110E+00
2026 07 24 19 35 00 000 5.6452960E+00 -2.5281434E+00 -2.3318479E+00
2026 07 24 19 36 00 000 5.6566806E+00 -2.5002757E+00 -2.3343013E+00
2026 07 24 19 37 00 000 5.6679570E+00 -2.4723640E+00 -2.3366712E+00
2026 07 24 19 38 00 000 5.6791265E+00 -2.4444102E+00 -2.3389585E+00
2026 07 24 19 39 00 000 5.6901870E+00 -2.4164138E+00 -2.3411625E+00
2026 07 24 19 40 00 000 5.7011397E+00 -2.3883760E+00 -2.3432838E+00
2026 07 24 19 41 00 000 5.7119834E+00 -2.3602971E+00 -2.3453222E+00
2026 07 24 19 42 00 000 5.7227186E+00 -2.3321781E+00 -2.3472779E+00
2026 07 24 19 43 00 000 5.7333449E+00 -2.3040197E+00 -2.3491511E+00
2026 07 24 19 44 00 000 5.7438621E+00 -2.2758223E+00 -2.3509419E+00
2026 07 24 19 45 00 000 5.7542699E+00 -2.2475867E+00 -2.3526503E+00
2026 07 24 19 46 00 000 5.7645685E+00 -2.2193136E+00 -2.3542767E+00
2026 07 24 19 47 00 000 5.7747566E+00 -2.1910032E+00 -2.3558207E+00
2026 07 24 19 48 00 000 5.7848349E+00 -2.1626565E+00 -2.3572828E+00
2026 07 24 19 49 00 000 5.7948039E+00 -2.1342747E+00 -2.3586634E+00
2026 07 24 19 50 00 000 5.8046615E+00 -2.1058570E+00 -2.3599619E+00
2026 07 24 19 51 00 000 5.8144096E+00 -2.0774059E+00 -2.3611793E+00
2026 07 24 19 52 00 000 5.8240463E+00 -2.0489206E+00 -2.3623150E+00
2026 07 24 19 53 00 000 5.8335725E+00 -2.0204025E+00 -2.3633697E+00
2026 07 24 19 54 00 000 5.8429873E+00 -1.9918515E+00 -2.3643431E+00
2026 07 24 19 55 00 000 5.8522915E+00 -1.9632696E+00 -2.3652360E+00
2026 07 24 19 56 00 000 5.8614838E+00 -1.9346561E+00 -2.3660478E+00
2026 07 24 19 57 00 000 5.8705644E+00 -1.9060120E+00 -2.3667791E+00
2026 07 24 19 58 00 000 5.8795337E+00 -1.8773383E+00 -2.3674301E+00
2026 07 24 19 59 00 000 5.8883907E+00 -1.8486354E+00 -2.3680007E+00
2026 07 24 20 00 00 000 5.8971357E+00 -1.8199040E+00 -2.3684914E+00
2026 07 24 20 01 00 000 5.9057681E+00 -1.7911442E+00 -2.3689019E+00
2026 07 24 20 02 00 000 5.9142883E+00 -1.7623579E+00 -2.3692330E+00
2026 07 24 20 03 00 000 5.9226965E+00 -1.7335450E+00 -2.3694849E+00
2026 07 24 20 04 00 000 5.9309910E+00 -1.7047055E+00 -2.3696570E+00
2026 07 24 20 05 00 000 5.9391728E+00 -1.6758408E+00 -2.3697501E+00
2026 07 24 20 06 00 000 5.9472421E+00 -1.6469519E+00 -2.3697645E+00
2026 07 24 20 07 00 000 5.9551976E+00 -1.6180384E+00 -2.3697000E+00
2026 07 24 20 08 00 000 5.9630406E+00 -1.5891023E+00 -2.3695574E+00
2026 07 24 20 09 00 000 5.9707690E+00 -1.5601428E+00 -2.3693361E+00
2026 07 24 20 10 00 000 5.9783840E+00 -1.5311611E+00 -2.3690369E+00
2026 07 24 20 11 00 000 5.9858857E+00 -1.5021583E+00 -2.3686600E+00
2026 07 24 20 12 00 000 5.9932727E+00 -1.4731342E+00 -2.3682052E+00
2026 07 24 20 13 00 000 6.0005463E+00 -1.4440905E+00 -2.3676734E+00
2026 07 24 20 14 00 000 6.0077048E+00 -1.4150264E+00 -2.3670639E+00
2026 07 24 20 15 00 000 6.0147499E+00 -1.3859438E+00 -2.3663780E+00
2026 07 24 20 16 00 000 6.0216799E+00 -1.3568427E+00 -2.3656151E+00
2026 07 24 20 17 00 000 6.0284952E+00 -1.3277240E+00 -2.3647759E+00
2026 07 24 20 18 00 000 6.0351960E+00 -1.2985881E+00 -2.3638605E+00
2026 07 24 20 19 00 000 6.0417821E+00 -1.2694362E+00 -2.3628692E+00
2026 07 24 20 20 00 000 6.0482526E+00 -1.2402677E+00 -2.3618020E+00
2026 07 24 20 21 00 000 6.0546085E+00 -1.2110844E+00 -2.3606595E+00
2026 07 24 20 22 00 000 6.0608489E+00 -1.1818865E+00 -2.3594418E+00
2026 07 24 20 23 00 000 6.0669740E+00 -1.1526745E+00 -2.3581491E+00
2026 07 24 20 24 00 000 6.0729833E+00 -1.1234492E+00 -2.3567817E+00
2026 07 24 20 25 00 000 6.0788770E+00 -1.0942110E+00 -2.3553398E+00
2026 07 24 20 26 00 000 6.0846554E+00 -1.0649610E+00 -2.3538240E+00
2026 07 24 20 27 00 000 6.0903177E+00 -1.0356995E+00 -2.3522343E+00
2026 07 24 20 28 00 000 6.0958637E+00 -1.0064266E+00 -2.3505707E+00
2026 07 24 20 29 00 000 6.1012941E+00 -9.7714390E-01 -2.3488341E+00
2026 07 24 20 30 00 000 6.1066082E+00 -9.4785163E-01 -2.3470244E+00
2026 07 24 20 31 00 000 6.1118062E+00 -9.1854984E-01 -2.3451419E+00
2026 07 24 20 32 00 000 6.1168877E+00 -8.8924024E-01 -2.3431870E+00
2026 07 24 20 33 00 000 6.1218526E+00 -8.5992206E-01 -2.3411598E+00
2026 07 24 20 34 00 000 6.1267009E+00 -8.3059718E-01 -2.3390607E+00
2026 07 24 20 35 00 000 6.1314325E+00 -8.0126532E-01 -2.3368900E+00
2026 07 24 20 36 00 000 6.1360477E+00 -7.7192776E-01 -2.3346481E+00
2026 07 24 20 37 00 000 6.1405462E+00 -7.4258518E-01 -2.3323354E+00
2026 07 24 20 38 00 000 6.1449273E+00 -7.1323691E-01 -2.3299517E+00
2026 07 24 20 39 00 000 6.1491917E+00 -6.8388491E-01 -2.3274977E+00
2026 07 24 20 40 00 000 6.1533388E+00 -6.5452917E-01 -2.3249736E+00
2026 07 24 20 41 00 000 6.1573691E+00 -6.2517063E-01 -2.3223799E+00
2026 07 24 20 42 00 000 6.1612817E+00 -5.9580960E-01 -2.3197165E+00
2026 07 24 20 43 00 000 6.1650775E+00 -5.6644686E-01 -2.3169842E+00
2026 07 24 20 44 00 000 6.1687555E+00 -5.3708239E-01 -2.3141829E+00
2026 07 24 20 45 00 000 6.1723165E+00 -5.0771780E-01 -2.3113133E+00
2026 07 24 20 46 00 000 6.1757596E+00 -4.7835305E-01 -2.3083754E+00
2026 07 24 20 47 00 000 6.1790850E+00 -4.4898887E-01 -2.3053696E+00
2026 07 24 20 48 00 000 6.1822930E+00 -4.1962584E-01 -2.3022964E+00
2026 07 24 20 49 00 000 6.1853833E+00 -3.9026462E-01 -2.2991560E+00
2026 07 24 20 50 00 000 6.1883555E+00 -3.6090523E-01 -2.2959486E+00
2026 07 24 20 51 00 000 6.1912105E+00 -3.3154944E-01 -2.2926750E+00
2026 07 24 20 52 00 000 6.1939468E+00 -3.0219666E-01 -2.2893348E+00
2026 07 24 20 53 00 000 6.1965662E+00 -2.7284826E-01 -2.2859292E+00
2026 07 24 20 54 00 000 6.1990671E+00 -2.4350446E-01 -2.2824579E+00
2026 07 24 20 55 00 000 6.2014498E+00 -2.1416547E-01 -2.2789214E+00
2026 07 24 20 56 00 000 6.2037147E+00 -1.8483253E-01 -2.2753202E+00
2026 07 24 20 57 00 000 6.2058609E+00 -1.5550592E-01 -2.2716543E+00
2026 07 24 20 58 00 000 6.2078897E+00 -1.2618663E-01 -2.2679247E+00
2026 07 24 20 59 00 000 6.2097998E+00 -9.6874547E-02 -2.2641310E+00
2026 07 24 21 00 00 000 6.2115919E+00 -6.7570773E-02 -2.2602741E+00
2026 07 24 21 01 00 000 6.2132654E+00 -3.8275265E-02 -2.2563540E+00
2026 07 24 21 02 00 000 6.2148210E+00 -8.9894413E-03 -2.2523714E+00
2026 07 24 21 03 00 000 6.2162581E+00 2.0287062E-02 -2.2483264E+00
2026 07 24 21 04 00 000 6.2175772E+00 4.9553021E-02 -2.2442196E+00
2026 07 24 21 05 00 000 6.2187772E+00 7.8807854E-02 -2.2400509E+00
2026 07 24 21 06 00 000 6.2198592E+00 1.0805161E-01 -2.2358211E+00
2026 07 24 21 07 00 000 6.2208228E+00 1.3728281E-01 -2.2315305E+00
2026 07 24 21 08 00 000 6.2216680E+00 1.6650195E-01 -2.2271794E+00
2026 07 24 21 09 00 000 6.2223947E+00 1.9570720E-01 -2.2227683E+00
2026 07 24 21 10 00 000 6.2230028E+00 2.2489955E-01 -2.2182972E+00
2026 07 24 21 11 00 000 6.2234927E+00 2.5407697E-01 -2.2137670E+00
2026 07 24 21 12 00 000 6.2238637E+00 2.8323983E-01 -2.2091777E+00
2026 07 24 21 13 00 000 6.2241164E+00 3.1238693E-01 -2.2045298E+00
2026 07 24 21 14 00 000 6.2242502E+00 3.4151865E-01 -2.1998235E+00
2026 07 24 21 15 00 000 6.2242658E+00 3.7063358E-01 -2.1950596E+00
2026 07 24 21 16 00 000 6.2241627E+00 3.9973212E-01 -2.1902379E+00
2026 07 24 21 17 00 000 6.2239418E+00 4.2881236E-01 -2.1853596E+00
2026 07 24 21 18 00 000 6.2236012E+00 4.5787493E-01 -2.1804241E+00
2026 07 24 21 19 00 000 6.2231432E+00 4.8691852E-01 -2.1754327E+00
2026 07 24 21 20 00 000 6.2225662E+00 5.1594325E-01 -2.1703852E+00
2026 07 24 21 21 00 000 6.2218705E+00 5.4494793E-01 -2.1652821E+00
2026 07 24 21 22 00 000 6.2210568E+00 5.7393270E-01 -2.1601240E+00
2026 07 24 21 23 00 000 6.2201247E+00 6.0289643E-01 -2.1549113E+00
2026 07 24 21 24 00 000 6.2190736E+00 6.3183899E-01 -2.1496439E+00
2026 07 24 21 25 00 000 6.2179041E+00 6.6075972E-01 -2.1443226E+00
2026 07 24 21 26 00 000 6.2166171E+00 6.8965753E-01 -2.1389482E+00
2026 07 24 21 27 00 000 6.2152109E+00 7.1853309E-01 -2.1335201E+00
2026 07 24 21 28 00 000 6.2136867E+00 7.4738515E-01 -2.1280395E+00
2026 07 24 21 29 00 000 6.2120439E+00 7.7621328E-01 -2.1225064E+00
2026 07 24 21 30 00 000 6.2102827E+00 8.0501648E-01 -2.1169213E+00
2026 07 24 21 31 00 000 6.2084040E+00 8.3379503E-01 -2.1112850E+00
2026 07 24 21 32 00 000 6.2064066E+00 8.6254757E-01 -2.1055973E+00
2026 07 24 21 33 00 000 6.2042909E+00 8.9127424E-01 -2.0998589E+00
2026 07 24 21 34 00 000 6.2020572E+00 9.1997487E-01 -2.0940701E+00
2026 07 24 21 35 00 000 6.1997051E+00 9.4864804E-01 -2.0882313E+00
2026 07 24 21 36 00 000 6.1972354E+00 9.7729320E-01 -2.0823431E+00
2026 07 24 21 37 00 000 6.1946473E+00 1.0059110E+00 -2.0764056E+00
2026 07 24 21 38 00 000 6.1919417E+00 1.0344998E+00 -2.0704196E+00
2026 07 24 21 39 00 000 6.1891177E+00 1.0630594E+00 -2.0643852E+00
2026 07 24 21 40 00 000 6.1861760E+00 1.0915895E+00 -2.0583029E+00
2026 07 24 21 41 00 000 6.1831168E+00 1.1200894E+00 -2.0521732E+00
2026 07 24 21 42 00 000 6.1799397E+00 1.1485590E+00 -2.0459963E+00
2026 07 24 21 43 00 000 6.1766449E+00 1.1769968E+00 -2.0397729E+00
2026 07 24 21 44 00 000 6.1732325E+00 1.2054035E+00 -2.0335031E+00
2026 07 24 21 45 00 000 6.1697025E+00 1.2337779E+00 -2.0271875E+00
2026 07 24 21 46 00 000 6.1660548E+00 1.2621194E+00 -2.0208265E+00
2026 07 24 21 47 00 000 6.1622900E+00 1.2904280E+00 -2.0144206E+00
2026 07 24 21 48 00 000 6.1584077E+00 1.3187027E+00 -2.0079700E+00
2026 07 24 21 49 00 000 6.1544084E+00 1.3469437E+00 -2.0014753E+00
2026 07 24 21 50 00 000 6.1502915E+00 1.3751501E+00 -1.9949368E+00
2026 07 24 21 51 00 000 6.1460580E+00 1.4033213E+00 -1.9883550E+00
2026 07 24 21 52 00 000 6.1417070E+00 1.4314569E+00 -1.9817302E+00
2026 07 24 21 53 00 000 6.1372389E+00 1.4595561E+00 -1.9750629E+00
2026 07 24 21 54 00 000 6.1326545E+00 1.4876189E+00 -1.9683537E+00
2026 07 24 21 55 00 000 6.1279527E+00 1.5156451E+00 -1.9616025E+00
2026 07 24 21 56 00 000 6.1231347E+00 1.5436333E+00 -1.9548104E+00
2026 07 24 21 57 00 000 6.1181998E+00 1.5715836E+00 -1.9479773E+00
2026 07 24 21 58 00 000 6.1131487E+00 1.5994953E+00 -1.9411039E+00
2026 07 24 21 59 00 000 6.1079808E+00 1.6273682E+00 -1.9341904E+00
2026 07 24 22 00 00 000 6.1026971E+00 1.6552013E+00 -1.9272375E+00
2026 07 24 22 01 00 000 6.0972968E+00 1.6829953E+00 -1.9202452E+00
2026 07 24 22 02 00 000 6.0917806E+00 1.7107484E+00 -1.9132144E+00
2026 07 24 22 03 00 000 6.0861481E+00 1.7384609E+00 -1.9061451E+00
2026 07 24 22 04 00 000 6.0803999E+00 1.7661315E+00 -1.8990382E+00
2026 07 24 22 05 00 000 6.0745357E+00 1.7937609E+00 -1.8918935E+00
2026 07 24 22 06 00 000 6.0685563E+00 1.8213480E+00 -1.8847120E+00
2026 07 24 22 07 00 000 6.0624608E+00 1.8488919E+00 -1.8774938E+00
2026 07 24 22 08 00 000 6.0562500E+00 1.8763934E+00 -1.8702393E+00
2026 07 24 22 09 00 000 6.0499239E+00 1.9038506E+00 -1.8629492E+00
2026 07 24 22 10 00 000 6.0434830E+00 1.9312643E+00 -1.8556237E+00
2026 07 24 22 11 00 000 6.0369263E+00 1.9586332E+00 -1.8482631E+00
2026 07 24 22 12 00 000 6.0302553E+00 1.9859567E+00 -1.8408683E+00
2026 07 24 22 13 00 000 6.0234692E+00 2.0132354E+00 -1.8334392E+00
2026 07 24 22 14 00 000 6.0165680E+00 2.0404677E+00 -1.8259763E+00
2026 07 24 22 15 00 000 6.0095528E+00 2.0676537E+00 -1.8184804E+00
2026 07 24 22 16 00 000 6.0024232E+00 2.0947933E+00 -1.8109516E+00
2026 07 24 22 17 00 000 5.9951786E+00 2.1218853E+00 -1.8033902E+00
2026 07 24 22 18 00 000 5.9878205E+00 2.1489296E+00 -1.7957970E+00
2026 07 24 22 19 00 000 5.9803479E+00 2.1759260E+00 -1.7881721E+00
2026 07 24 22 20 00 000 5.9727617E+00 2.2028736E+00 -1.7805161E+00
2026 07 24 22 21 00 000 5.9650619E+00 2.2297725E+00 -1.7728293E+00
2026 07 24 22 22 00 000 5.9572482E+00 2.2566220E+00 -1.7651122E+00
2026 07 24 22 23 00 000 5.9493212E+00 2.2834209E+00 -1.7573653E+00
2026 07 24 22 24 00 000 5.9412806E+00 2.3101700E+00 -1.7495887E+00
2026 07 24 22 25 00 000 5.9331272E+00 2.3368683E+00 -1.7417831E+00
2026 07 24 22 26 00 000 5.9248609E+00 2.3635155E+00 -1.7339489E+00
2026 07 24 22 27 00 000 5.9164813E+00 2.3901107E+00 -1.7260864E+00
2026 07 24 22 28 00 000 5.9079893E+00 2.4166538E+00 -1.7181962E+00
2026 07 24 22 29 00 000 5.8993851E+00 2.4431452E+00 -1.7102784E+00
2026 07 24 22 30 00 000 5.8906681E+00 2.4695831E+00 -1.7023337E+00
2026 07 24 22 31 00 000 5.8818390E+00 2.4959676E+00 -1.6943624E+00
2026 07 24 22 32 00 000 5.8728980E+00 2.5222986E+00 -1.6863649E+00
2026 07 24 22 33 00 000 5.8638454E+00 2.5485756E+00 -1.6783418E+00
2026 07 24 22 34 00 000 5.8546803E+00 2.5747975E+00 -1.6702930E+00
2026 07 24 22 35 00 000 5.8454046E+00 2.6009644E+00 -1.6622197E+00
2026 07 24 22 36 00 000 5.8360172E+00 2.6270758E+00 -1.6541216E+00
2026 07 24 22 37 00 000 5.8265188E+00 2.6531319E+00 -1.6459995E+00
2026 07 24 22 38 00 000 5.8169092E+00 2.6791314E+00 -1.6378536E+00
2026 07 24 22 39 00 000 5.8071891E+00 2.7050744E+00 -1.6296844E+00
2026 07 24 22 40 00 000 5.7973580E+00 2.7309596E+00 -1.6214923E+00
2026 07 24 22 41 00 000 5.7874165E+00 2.7567880E+00 -1.6132776E+00
2026 07 24 22 42 00 000 5.7773651E+00 2.7825585E+00 -1.6050410E+00
2026 07 24 22 43 00 000 5.7672036E+00 2.8082703E+00 -1.5967827E+00
2026 07 24 22 44 00 000 5.7569302E+00 2.8339289E+00 -1.5885014E+00
2026 07 24 22 45 00 000 5.7465498E+00 2.8595216E+00 -1.5802014E+00
2026 07 24 22 46 00 000 5.7360601E+00 2.8850551E+00 -1.5718809E+00
2026 07 24 22 47 00 000 5.7254607E+00 2.9105282E+00 -1.5635403E+00
2026 07 24 22 48 00 000 5.7147526E+00 2.9359413E+00 -1.5551800E+00
2026 07 24 22 49 00 000 5.7039359E+00 2.9612933E+00 -1.5468006E+00
2026 07 24 22 50 00 000 5.6930102E+00 2.9865851E+00 -1.5384021E+00
2026 07 24 22 51 00 000 5.6819761E+00 3.0118144E+00 -1.5299853E+00
2026 07 24 22 52 00 000 5.6708310E+00 3.0369883E+00 -1.5215482E+00
2026 07 24 22 53 00 000 5.6595806E+00 3.0620956E+00 -1.5130951E+00
2026 07 24 22 54 00 000 5.6482219E+00 3.0871396E+00 -1.5046247E+00
2026 07 24 22 55 00 000 5.6367554E+00 3.1121205E+00 -1.4961373E+00
2026 07 24 22 56 00 000 5.6251817E+00 3.1370382E+00 -1.4876335E+00
2026 07 24 22 57 00 000 5.6135015E+00 3.1618922E+00 -1.4791136E+00
2026 07 24 22 58 00 000 5.6017137E+00 3.1866819E+00 -1.4705779E+00
2026 07 24 22 59 00 000 5.5898195E+00 3.2114071E+00 -1.4620268E+00
2026 07 24 23 00 00 000 5.5778188E+00 3.2360672E+00 -1.4534608E+00
2026 07 24 23 01 00 000 5.5657117E+00 3.2606612E+00 -1.4448803E+00
2026 07 24 23 02 00 000 5.5534990E+00 3.2851910E+00 -1.4362855E+00
2026 07 24 23 03 00 000 5.5411803E+00 3.3096536E+00 -1.4276770E+00
2026 07 24 23 04 00 000 5.5287558E+00 3.3340493E+00 -1.4190550E+00
2026 07 24 23 05 00 000 5.5162264E+00 3.3583793E+00 -1.4104199E+00
2026 07 24 23 06 00 000 5.5035915E+00 3.3826412E+00 -1.4017721E+00
2026 07 24 23 07 00 000 5.4908523E+00 3.4068359E+00 -1.3931121E+00
2026 07 24 23 08 00 000 5.4780080E+00 3.4309625E+00 -1.3844401E+00
2026 07 24 23 09 00 000 5.4650597E+00 3.4550209E+00 -1.3757566E+00
2026 07 24 23 10 00 000 5.4520072E+00 3.4790101E+00 -1.3670620E+00
2026 07 24 23 11 00 000 5.4388510E+00 3.5029310E+00 -1.3583565E+00
2026 07 24 23 12 00 000 5.4255911E+00 3.5267816E+00 -1.3496407E+00
2026 07 24 23 13 00 000 5.4122277E+00 3.5505627E+00 -1.3409147E+00
2026 07 24 23 14 00 000 5.3987619E+00 3.5742742E+00 -1.3321791E+00
2026 07 24 23 15 00 000 5.3851923E+00 3.5979144E+00 -1.3234340E+00
2026 07 24 23 16 00 000 5.3715208E+00 3.6214838E+00 -1.3146802E+00
2026 07 24 23 17 00 000 5.3577468E+00 3.6449827E+00 -1.3059176E+00
2026 07 24 23 18 00 000 5.3438711E+00 3.6684096E+00 -1.2971469E+00
2026 07 24 23 19 00 000 5.3298929E+00 3.6917643E+00 -1.2883682E+00
2026 07 24 23 20 00 000 5.3158137E+00 3.7150468E+00 -1.2795821E+00
2026 07 24 23 21 00 000 5.3016332E+00 3.7382570E+00 -1.2707887E+00
2026 07 24 23 22 00 000 5.2873518E+00 3.7613941E+00 -1.2619886E+00
2026 07 24 23 23 00 000 5.2729694E+00 3.7844575E+00 -1.2531819E+00
2026 07 24 23 24 00 000 5.2584866E+00 3.8074475E+00 -1.2443692E+00
2026 07 24 23 25 00 000 5.2439038E+00 3.8303633E+00 -1.2355507E+00
2026 07 24 23 26 00 000 5.2292209E+00 3.8532046E+00 -1.2267268E+00
2026 07 24 23 27 00 000 5.2144388E+00 3.8759715E+00 -1.2178979E+00
2026 07 24 23 28 00 000 5.1995568E+00 3.8986631E+00 -1.2090641E+00
2026 07 24 23 29 00 000 5.1845763E+00 3.9212795E+00 -1.2002260E+00
2026 07 24 23 30 00 000 5.1694970E+00 3.9438201E+00 -1.1913840E+00
2026 07 24 23 31 00 000 5.1543189E+00 3.9662845E+00 -1.1825381E+00
2026 07 24 23 32 00 000 5.1390430E+00 3.9886728E+00 -1.1736890E+00
2026 07 24 23 33 00 000 5.1236690E+00 4.0109842E+00 -1.1648368E+00
2026 07 24 23 34 00 000 5.1081977E+00 4.0332188E+00 -1.1559819E+00
2026 07 24 23 35 00 000 5.0926287E+00 4.0553756E+00 -1.1471247E+00
2026 07 24 23 36 00 000 5.0769628E+00 4.0774546E+00 -1.1382654E+00
2026 07 24 23 37 00 000 5.0612002E+00 4.0994558E+00 -1.1294044E+00
2026 07 24 23 38 00 000 5.0453415E+00 4.1213789E+00 -1.1205421E+00
2026 07 24 23 39 00 000 5.0293863E+00 4.1432225E+00 -1.1116787E+00
2026 07 24 23 40 00 000 5.0133355E+00 4.1649878E+00 -1.1028145E+00
2026 07 24 23 41 00 000 4.9971892E+00 4.1866732E+00 -1.0939500E+00
2026 07 24 23 42 00 000 4.9809477E+00 4.2082793E+00 -1.0850854E+00
2026 07 24 23 43 00 000 4.9646113E+00 4.2298053E+00 -1.0762210E+00
2026 07 24 23 44 00 000 4.9481804E+00 4.2512509E+00 -1.0673571E+00
2026 07 24 23 45 00 000 4.9316549E+00 4.2726159E+00 -1.0584940E+00
2026 07 24 23 46 00 000 4.9150359E+00 4.2938996E+00 -1.0496323E+00
2026 07 24 23 47 00 000 4.8983234E+00 4.3151030E+00 -1.0407719E+00
2026 07 24 23 48 00 000 4.8815174E+00 4.3362245E+00 -1.0319133E+00
2026 07 24 23 49 00 000 4.8646184E+00 4.3572638E+00 -1.0230568E+00
2026 07 24 23 50 00 000 4.8476266E+00 4.3782209E+00 -1.0142027E+00
2026 07 24 23 51 00 000 4.8305425E+00 4.3990955E+00 -1.0053513E+00
2026 07 24 23 52 00 000 4.8133665E+00 4.4198875E+00 -9.9650287E-01
2026 07 24 23 53 00 000 4.7960985E+00 4.4405961E+00 -9.8765766E-01
2026 07 24 23 54 00 000 4.7787396E+00 4.4612216E+00 -9.7881613E-01
2026 07 24 23 55 00 000 4.7612893E+00 4.4817628E+00 -9.6997845E-01
2026 07 24 23 56 00 000 4.7437486E+00 4.5022206E+00 -9.6114492E-01
2026 07 24 23 57 00 000 4.7261177E+00 4.5225943E+00 -9.5231589E-01
2026 07 24 23 58 00 000 4.7083962E+00 4.5428824E+00 -9.4349151E-01
2026 07 24 23 59 00 000 4.6905852E+00 4.5630861E+00 -9.3467217E-01
2026 07 25 00 00 00 000 4.6726849E+00 4.5832044E+00 -9.2585818E-01
2026 07 25 00 01 00 000 4.6546959E+00 4.6032380E+00 -9.1704975E-01
2026 07 25 00 02 00 000 4.6366181E+00 4.6231852E+00 -9.0824724E-01
2026 07 25 00 03 00 000 4.6184520E+00 4.6430466E+00 -8.9945079E-01
2026 07 25 00 04 00 000 4.6001975E+00 4.6628207E+00 -8.9066076E-01
2026 07 25 00 05 00 000 4.5818556E+00 4.6825086E+00 -8.8187745E-01
2026 07 25 00 06 00 000 4.5634267E+00 4.7021102E+00 -8.7310105E-01
2026 07 25 00 07 00 000 4.5449107E+00 4.7216239E+00 -8.6433190E-01
2026 07 25 00 08 00 000 4.5263078E+00 4.7410496E+00 -8.5557022E-01
2026 07 25 00 09 00 000 4.5076191E+00 4.7603885E+00 -8.4681626E-01
2026 07 25 00 10 00 000 4.4888445E+00 4.7796389E+00 -8.3807037E-01
2026 07 25 00 11 00 000 4.4699842E+00 4.7988008E+00 -8.2933267E-01
2026 07 25 00 12 00 000 4.4510387E+00 4.8178739E+00 -8.2060354E-01
2026 07 25 00 13 00 000 4.4320089E+00 4.8368588E+00 -8.1188318E-01
2026 07 25 00 14 00 000 4.4128943E+00 4.8557538E+00 -8.0317183E-01
2026 07 25 00 15 00 000 4.3936953E+00 4.8745590E+00 -7.9446973E-01
2026 07 25 00 16 00 000 4.3744132E+00 4.8932753E+00 -7.8577719E-01
2026 07 25 00 17 00 000 4.3550477E+00 4.9119013E+00 -7.7709440E-01
2026 07 25 00 18 00 000 4.3355990E+00 4.9304368E+00 -7.6842159E-01
2026 07 25 00 19 00 000 4.3160677E+00 4.9488816E+00 -7.5975904E-01
2026 07 25 00 20 00 000 4.2964542E+00 4.9672356E+00 -7.5110697E-01
2026 07 25 00 21 00 000 4.2767592E+00 4.9854991E+00 -7.4246566E-01
2026 07 25 00 22 00 000 4.2569821E+00 5.0036700E+00 -7.3383520E-01
2026 07 25 00 23 00 000 4.2371248E+00 5.0217508E+00 -7.2521607E-01
2026 07 25 00 24 00 000 4.2171857E+00 5.0397381E+00 -7.1660818E-01
2026 07 25 00 25 00 000 4.1971669E+00 5.0576340E+00 -7.0801205E-01
2026 07 25 00 26 00 000 4.1770680E+00 5.0754374E+00 -6.9942772E-01
2026 07 25 00 27 00 000 4.1568898E+00 5.0931486E+00 -6.9085549E-01
2026 07 25 00 28 00 000 4.1366321E+00 5.1107659E+00 -6.8229558E-01
2026 07 25 00 29 00 000 4.1162958E+00 5.1282907E+00 -6.7374816E-01
2026 07 25 00 30 00 000 4.0958807E+00 5.1457215E+00 -6.6521344E-01
2026 07 25 00 31 00 000 4.0753881E+00 5.1630591E+00 -6.5669171E-01
2026 07 25 00 32 00 000 4.0548175E+00 5.1803023E+00 -6.4818312E-01
2026 07 25 00 33 00 000 4.0341697E+00 5.1974515E+00 -6.3968786E-01
2026 07 25 00 34 00 000 4.0134448E+00 5.2145058E+00 -6.3120613E-01
2026 07 25 00 35 00 000 3.9926437E+00 5.2314656E+00 -6.2273820E-01
2026 07 25 00 36 00 000 3.9717671E+00 5.2483314E+00 -6.1428431E-01
2026 07 25 00 37 00 000 3.9508139E+00 5.2651005E+00 -6.0584446E-01
2026 07 25 00 38 00 000 3.9297860E+00 5.2817751E+00 -5.9741905E-01
2026 07 25 00 39 00 000 3.9086832E+00 5.2983538E+00 -5.8900816E-01
2026 07 25 00 40 00 000 3.8875054E+00 5.3148358E+00 -5.8061196E-01
2026 07 25 00 41 00 000 3.8662543E+00 5.3312228E+00 -5.7223077E-01
2026 07 25 00 42 00 000 3.8449291E+00 5.3475126E+00 -5.6386463E-01
2026 07 25 00 43 00 000 3.8235310E+00 5.3637064E+00 -5.5551383E-01
2026 07 25 00 44 00 000 3.8020596E+00 5.3798026E+00 -5.4717846E-01
2026 07 25 00 45 00 000 3.7805158E+00 5.3958017E+00 -5.3885874E-01
2026 07 25 00 46 00 000 3.7589004E+00 5.4117040E+00 -5.3055490E-01
2026 07 25 00 47 00 000 3.7372126E+00 5.4275076E+00 -5.2226696E-01
2026 07 25 00 48 00 000 3.7154545E+00 5.4432147E+00 -5.1399530E-01
2026 07 25 00 49 00 000 3.6936253E+00 5.4588232E+00 -5.0573995E-01
2026 07 25 00 50 00 000 3.6717253E+00 5.4743328E+00 -4.9750105E-01
2026 07 25 00 51 00 000 3.6497559E+00 5.4897448E+00 -4.8927889E-01
2026 07 25 00 52 00 000 3.6277166E+00 5.5050575E+00 -4.8107352E-01
2026 07 25 00 53 00 000 3.6056084E+00 5.5202714E+00 -4.7288514E-01
2026 07 25 00 54 00 000 3.5834315E+00 5.5353862E+00 -4.6471393E-01
2026 07 25 00 55 00 000 3.5611865E+00 5.5504018E+00 -4.5656003E-01
2026 07 25 00 56 00 000 3.5388729E+00 5.5653168E+00 -4.4842349E-01
2026 07 25 00 57 00 000 3.5164928E+00 5.5801333E+00 -4.4030466E-01
2026 07 25 00 58 00 000 3.4940450E+00 5.5948487E+00 -4.3220349E-01
2026 07 25 00 59 00 000 3.4715312E+00 5.6094646E+00 -4.2412028E-01
2026 07 25 01 00 00 000 3.4489510E+00 5.6239795E+00 -4.1605505E-01
2026 07 25 01 01 00 000 3.4263051E+00 5.6383940E+00 -4.0800801E-01
2026 07 25 01 02 00 000 3.4035937E+00 5.6527070E+00 -3.9997924E-01
2026 07 25 01 03 00 000 3.3808175E+00 5.6669191E+00 -3.9196891E-01
2026 07 25 01 04 00 000 3.3579773E+00 5.6810306E+00 -3.8397722E-01
2026 07 25 01 05 00 000 3.3350725E+00 5.6950394E+00 -3.7600415E-01
2026 07 25 01 06 00 000 3.3121046E+00 5.7089473E+00 -3.6804995E-01
2026 07 25 01 07 00 000 3.2890737E+00 5.7227533E+00 -3.6011471E-01
2026 07 25 01 08 00 000 3.2659797E+00 5.7364566E+00 -3.5219850E-01
2026 07 25 01 09 00 000 3.2428236E+00 5.7500576E+00 -3.4430149E-01
2026 07 25 01 10 00 000 3.2196061E+00 5.7635566E+00 -3.3642385E-01
2026 07 25 01 11 00 000 3.1963268E+00 5.7769524E+00 -3.2856557E-01
2026 07 25 01 12 00 000 3.1729866E+00 5.7902452E+00 -3.2072681E-01
2026 07 25 01 13 00 000 3.1495863E+00 5.8034353E+00 -3.1290775E-01
2026 07 25 01 14 00 000 3.1261256E+00 5.8165215E+00 -3.0510840E-01
2026 07 25 01 15 00 000 3.1026056E+00 5.8295046E+00 -2.9732893E-01
2026 07 25 01 16 00 000 3.0790264E+00 5.8423839E+00 -2.8956942E-01
2026 07 25 01 17 00 000 3.0553884E+00 5.8551590E+00 -2.8182994E-01
2026 07 25 01 18 00 000 3.0316924E+00 5.8678305E+00 -2.7411065E-01
2026 07 25 01 19 00 000 3.0079382E+00 5.8803968E+00 -2.6641154E-01
2026 07 25 01 20 00 000 2.9841271E+00 5.8928595E+00 -2.5873285E-01
2026 07 25 01 21 00 000 2.9602590E+00 5.9052173E+00 -2.5107456E-01
2026 07 25 01 22 00 000 2.9363346E+00 5.9174704E+00 -2.4343680E-01
2026 07 25 01 23 00 000 2.9123540E+00 5.9296180E+00 -2.3581964E-01
2026 07 25 01 24 00 000 2.8883183E+00 5.9416612E+00 -2.2822320E-01
2026 07 25 01 25 00 000 2.8642273E+00 5.9535985E+00 -2.2064750E-01
2026 07 25 01 26 00 000 2.8400816E+00 5.9654302E+00 -2.1309263E-01
2026 07 25 01 27 00 000 2.8158819E+00 5.9771561E+00 -2.0555870E-01
2026 07 25 01 28 00 000 2.7916287E+00 5.9887767E+00 -1.9804579E-01
2026 07 25 01 29 00 000 2.7673219E+00 6.0002904E+00 -1.9055389E-01
2026 07 25 01 30 00 000 2.7429629E+00 6.0116989E+00 -1.8308318E-01
2026 07 25 01 31 00 000 2.7185516E+00 6.0230006E+00 -1.7563371E-01
2026 07 25 01 32 00 000 2.6940878E+00 6.0341948E+00 -1.6820537E-01
2026 07 25 01 33 00 000 2.6695735E+00 6.0452837E+00 -1.6079850E-01
2026 07 25 01 34 00 000 2.6450076E+00 6.0562646E+00 -1.5341288E-01
2026 07 25 01 35 00 000 2.6203913E+00 6.0671384E+00 -1.4604872E-01
2026 07 25 01 36 00 000 2.5957256E+00 6.0779056E+00 -1.3870613E-01
2026 07 25 01 37 00 000 2.5710102E+00 6.0885653E+00 -1.3138507E-01
2026 07 25 01 38 00 000 2.5462457E+00 6.0991172E+00 -1.2408559E-01
2026 07 25 01 39 00 000 2.5214330E+00 6.1095618E+00 -1.1680779E-01
2026 07 25 01 40 00 000 2.4965719E+00 6.1198982E+00 -1.0955165E-01
2026 07 25 01 41 00 000 2.4716634E+00 6.1301267E+00 -1.0231723E-01
2026 07 25 01 42 00 000 2.4467074E+00 6.1402465E+00 -9.5104562E-02
2026 07 25 01 43 00 000 2.4217052E+00 6.1502587E+00 -8.7913756E-02
2026 07 25 01 44 00 000 2.3966568E+00 6.1601623E+00 -8.0744786E-02
2026 07 25 01 45 00 000 2.3715631E+00 6.1699577E+00 -7.3597776E-02
2026 07 25 01 46 00 000 2.3464234E+00 6.1796435E+00 -6.6472500E-02
2026 07 25 01 47 00 000 2.3212392E+00 6.1892206E+00 -5.9369237E-02
2026 07 25 01 48 00 000 2.2960110E+00 6.1986888E+00 -5.2287981E-02
2026 07 25 01 49 00 000 2.2707389E+00 6.2080480E+00 -4.5228655E-02
2026 07 25 01 50 00 000 2.2454235E+00 6.2172977E+00 -3.8191340E-02
2026 07 25 01 51 00 000 2.2200653E+00 6.2264377E+00 -3.1176120E-02
2026 07 25 01 52 00 000 2.1946645E+00 6.2354680E+00 -2.4182842E-02
2026 07 25 01 53 00 000 2.1692225E+00 6.2443893E+00 -1.7211718E-02
2026 07 25 01 54 00 000 2.1437388E+00 6.2532003E+00 -1.0262657E-02
2026 07 25 01 55 00 000 2.1182143E+00 6.2619013E+00 -3.3356650E-03
2026 07 25 01 56 00 000 2.0926493E+00 6.2704922E+00 3.5692511E-03
2026 07 25 01 57 00 000 2.0670446E+00 6.2789731E+00 1.0452024E-02
2026 07 25 01 58 00 000 2.0414000E+00 6.2873427E+00 1.7312786E-02
2026 07 25 01 59 00 000 2.0157170E+00 6.2956026E+00 2.4151339E-02
2026 07 25 02 00 00 000 1.9899955E+00 6.3037520E+00 3.0967819E-02
2026 07 25 02 01 00 000 1.9642363E+00 6.3117904E+00 3.7762104E-02
2026 07 25 02 02 00 000 1.9384388E+00 6.3197173E+00 4.4534527E-02
2026 07 25 02 03 00 000 1.9126054E+00 6.3275346E+00 5.1284633E-02
2026 07 25 02 04 00 000 1.8867350E+00 6.3352397E+00 5.8012712E-02
2026 07 25 02 05 00 000 1.8608285E+00 6.3428336E+00 6.4718769E-02
2026 07 25 02 06 00 000 1.8348864E+00 6.3503162E+00 7.1402822E-02
2026 07 25 02 07 00 000 1.8089096E+00 6.3576876E+00 7.8064754E-02
2026 07 25 02 08 00 000 1.7828982E+00 6.3649470E+00 8.4704662E-02
2026 07 25 02 09 00 000 1.7568527E+00 6.3720950E+00 9.1322625E-02
2026 07 25 02 10 00 000 1.7307743E+00 6.3791317E+00 9.7918470E-02
2026 07 25 02 11 00 000 1.7046624E+00 6.3860560E+00 1.0449246E-01
2026 07 25 02 12 00 000 1.6785180E+00 6.3928683E+00 1.1104449E-01
2026 07 25 02 13 00 000 1.6523417E+00 6.3995687E+00 1.1757462E-01
2026 07 25 02 14 00 000 1.6261340E+00 6.4061569E+00 1.2408283E-01
2026 07 25 02 15 00 000 1.5998952E+00 6.4126329E+00 1.3056923E-01
2026 07 25 02 16 00 000 1.5736256E+00 6.4189960E+00 1.3703389E-01
2026 07 25 02 17 00 000 1.5473265E+00 6.4252473E+00 1.4347665E-01
2026 07 25 02 18 00 000 1.5209974E+00 6.4313854E+00 1.4989777E-01
2026 07 25 02 19 00 000 1.4946395E+00 6.4374110E+00 1.5629718E-01
2026 07 25 02 20 00 000 1.4682530E+00 6.4433239E+00 1.6267494E-01
2026 07 25 02 21 00 000 1.4418386E+00 6.4491240E+00 1.6903104E-01
2026 07 25 02 22 00 000 1.4153967E+00 6.4548111E+00 1.7536562E-01
2026 07 25 02 23 00 000 1.3889278E+00 6.4603850E+00 1.8167865E-01
2026 07 25 02 24 00 000 1.3624322E+00 6.4658458E+00 1.8797028E-01
2026 07 25 02 25 00 000 1.3359111E+00 6.4711942E+00 1.9424039E-01
2026 07 25 02 26 00 000 1.3093642E+00 6.4764284E+00 2.0048920E-01
2026 07 25 02 27 00 000 1.2827923E+00 6.4815499E+00 2.0671673E-01
2026 07 25 02 28 00 000 1.2561961E+00 6.4865576E+00 2.1292295E-01
2026 07 25 02 29 00 000 1.2295755E+00 6.4914517E+00 2.1910807E-01
2026 07 25 02 30 00 000 1.2029320E+00 6.4962325E+00 2.2527197E-01
2026 07 25 02 31 00 000 1.1762650E+00 6.5008991E+00 2.3141489E-01
2026 07 25 02 32 00 000 1.1495758E+00 6.5054523E+00 2.3753676E-01
2026 07 25 02 33 00 000 1.1228648E+00 6.5098921E+00 2.4363769E-01
2026 07 25 02 34 00 000 1.0961324E+00 6.5142175E+00 2.4971769E-01
2026 07 25 02 35 00 000 1.0693789E+00 6.5184297E+00 2.5577702E-01
2026 07 25 02 36 00 000 1.0426050E+00 6.5225271E+00 2.6181556E-01
2026 07 25 02 37 00 000 1.0158112E+00 6.5265110E+00 2.6783349E-01
2026 07 25 02 38 00 000 9.8899791E-01 6.5303802E+00 2.7383084E-01
2026 07 25 02 39 00 000 9.6216581E-01 6.5341356E+00 2.7980770E-01
2026 07 25 02 40 00 000 9.3531551E-01 6.5377769E+00 2.8576409E-01
2026 07 25 02 41 00 000 9.0844708E-01 6.5413036E+00 2.9170019E-01
2026 07 25 02 42 00 000 8.8156155E-01 6.5447162E+00 2.9761598E-01
2026 07 25 02 43 00 000 8.5465922E-01 6.5480146E+00 3.0351161E-01
2026 07 25 02 44 00 000 8.2774031E-01 6.5511982E+00 3.0938720E-01
2026 07 25 02 45 00 000 8.0080591E-01 6.5542681E+00 3.1524275E-01
2026 07 25 02 46 00 000 7.7385580E-01 6.5572225E+00 3.2107845E-01
2026 07 25 02 47 00 000 7.4689119E-01 6.5600626E+00 3.2689424E-01
2026 07 25 02 48 00 000 7.1991196E-01 6.5627883E+00 3.3269046E-01
2026 07 25 02 49 00 000 6.9291930E-01 6.5653993E+00 3.3846692E-01
2026 07 25 02 50 00 000 6.6591355E-01 6.5678958E+00 3.4422380E-01
2026 07 25 02 51 00 000 6.3889510E-01 6.5702771E+00 3.4996118E-01
2026 07 25 02 52 00 000 6.1186410E-01 6.5725445E+00 3.5567942E-01
2026 07 25 02 53 00 000 5.8482139E-01 6.5746960E+00 3.6137831E-01
2026 07 25 02 54 00 000 5.5776769E-01 6.5767334E+00 3.6705805E-01
2026 07 25 02 55 00 000 5.3070288E-01 6.5786558E+00 3.7271890E-01
2026 07 25 02 56 00 000 5.0362852E-01 6.5804632E+00 3.7836058E-01
2026 07 25 02 57 00 000 4.7654450E-01 6.5821559E+00 3.8398346E-01
2026 07 25 02 58 00 000 4.4945092E-01 6.5837336E+00 3.8958775E-01
2026 07 25 02 59 00 000 4.2234875E-01 6.5851963E+00 3.9517343E-01
2026 07 25 03 00 00 000 3.9523876E-01 6.5865441E+00 4.0074050E-01
2026 07 25 03 01 00 000 3.6812096E-01 6.5877769E+00 4.0628927E-01
2026 07 25 03 02 00 000 3.4099631E-01 6.5888950E+00 4.1181969E-01
2026 07 25 03 03 00 000 3.1386520E-01 6.5898976E+00 4.1733189E-01
2026 07 25 03 04 00 000 2.8672782E-01 6.5907851E+00 4.2282611E-01
2026 07 25 03 05 00 000 2.5958505E-01 6.5915582E+00 4.2830240E-01
2026 07 25 03 06 00 000 2.3243736E-01 6.5922156E+00 4.3376080E-01
2026 07 25 03 07 00 000 2.0528485E-01 6.5927582E+00 4.3920164E-01
2026 07 25 03 08 00 000 1.7812879E-01 6.5931860E+00 4.4462478E-01
2026 07 25 03 09 00 000 1.5096907E-01 6.5934982E+00 4.5003050E-01
2026 07 25 03 10 00 000 1.2380648E-01 6.5936960E+00 4.5541891E-01
2026 07 25 03 11 00 000 9.6641489E-02 6.5937782E+00 4.6079007E-01
2026 07 25 03 12 00 000 6.9474687E-02 6.5937458E+00 4.6614415E-01
2026 07 25 03 13 00 000 4.2306164E-02 6.5935981E+00 4.7148138E-01
2026 07 25 03 14 00 000 1.5137382E-02 6.5933355E+00 4.7680158E-01
2026 07 25 03 15 00 000 -1.2032060E-02 6.5929575E+00 4.8210517E-01
2026 07 25 03 16 00 000 -3.9201769E-02 6.5924646E+00 4.8739235E-01
2026 07 25 03 17 00 000 -6.6369989E-02 6.5918569E+00 4.9266283E-01
2026 07 25 03 18 00 000 -9.3537614E-02 6.5911337E+00 4.9791718E-01
2026 07 25 03 19 00 000 -1.2070327E-01 6.5902959E+00 5.0315530E-01
2026 07 25 03 20 00 000 -1.4786667E-01 6.5893432E+00 5.0837738E-01
2026 07 25 03 21 00 000 -1.7502704E-01 6.5882755E+00 5.1358346E-01
2026 07 25 03 22 00 000 -2.0218458E-01 6.5870925E+00 5.1877391E-01
2026 07 25 03 23 00 000 -2.2933821E-01 6.5857953E+00 5.2394874E-01
2026 07 25 03 24 00 000 -2.5648746E-01 6.5843826E+00 5.2910800E-01
2026 07 25 03 25 00 000 -2.8363194E-01 6.5828550E+00 5.3425194E-01
2026 07 25 03 26 00 000 -3.1077116E-01 6.5812126E+00 5.3938070E-01
2026 07 25 03 27 00 000 -3.3790415E-01 6.5794557E+00 5.4449427E-01
2026 07 25 03 28 00 000 -3.6503091E-01 6.5775842E+00 5.4959297E-01
2026 07 25 03 29 00 000 -3.9215086E-01 6.5755976E+00 5.5467691E-01
2026 07 25 03 30 00 000 -4.1926333E-01 6.5734965E+00 5.5974618E-01
2026 07 25 03 31 00 000 -4.4636802E-01 6.5712806E+00 5.6480100E-01
2026 07 25 03 32 00 000 -4.7346445E-01 6.5689500E+00 5.6984153E-01
2026 07 25 03 33 00 000 -5.0055115E-01 6.5665049E+00 5.7486759E-01
2026 07 25 03 34 00 000 -5.2762891E-01 6.5639456E+00 5.7987980E-01
2026 07 25 03 35 00 000 -5.5469657E-01 6.5612712E+00 5.8487801E-01
2026 07 25 03 36 00 000 -5.8175383E-01 6.5584827E+00 5.8986254E-01
2026 07 25 03 37 00 000 -6.0880012E-01 6.5555798E+00 5.9483346E-01
2026 07 25 03 38 00 000 -6.3583445E-01 6.5525626E+00 5.9979077E-01
2026 07 25 03 39 00 000 -6.6285712E-01 6.5494314E+00 6.0473493E-01
2026 07 25 03 40 00 000 -6.8986727E-01 6.5461856E+00 6.0966592E-01
2026 07 25 03 41 00 000 -7.1686420E-01 6.5428255E+00 6.1458385E-01
2026 07 25 03 42 00 000 -7.4384724E-01 6.5393515E+00 6.1948883E-01
2026 07 25 03 43 00 000 -7.7081659E-01 6.5357633E+00 6.2438125E-01
2026 07 25 03 44 00 000 -7.9777128E-01 6.5320612E+00 6.2926110E-01
2026 07 25 03 45 00 000 -8.2471061E-01 6.5282455E+00 6.3412851E-01
2026 07 25 03 46 00 000 -8.5163451E-01 6.5243156E+00 6.3898373E-01
2026 07 25 03 47 00 000 -8.7854199E-01 6.5202718E+00 6.4382678E-01
2026 07 25 03 48 00 000 -9.0543316E-01 6.5161146E+00 6.4865804E-01
2026 07 25 03 49 00 000 -9.3230694E-01 6.5118437E+00 6.5347764E-01
2026 07 25 03 50 00 000 -9.5916285E-01 6.5074591E+00 6.5828537E-01
2026 07 25 03 51 00 000 -9.8600041E-01 6.5029609E+00 6.6308160E-01
2026 07 25 03 52 00 000 -1.0128197E+00 6.4983497E+00 6.6786671E-01
2026 07 25 03 53 00 000 -1.0396196E+00 6.4936246E+00 6.7264059E-01
2026 07 25 03 54 00 000 -1.0663998E+00 6.4887866E+00 6.7740351E-01
2026 07 25 03 55 00 000 -1.0931596E+00 6.4838355E+00 6.8215560E-01
2026 07 25 03 56 00 000 -1.1198990E+00 6.4787714E+00 6.8689713E-01
2026 07 25 03 57 00 000 -1.1466165E+00 6.4735939E+00 6.9162792E-01
2026 07 25 03 58 00 000 -1.1733129E+00 6.4683038E+00 6.9634861E-01
2026 07 25 03 59 00 000 -1.1999865E+00 6.4629009E+00 7.0105897E-01
2026 07 25 04 00 00 000 -1.2266374E+00 6.4573853E+00 7.0575932E-01
2026 07 25 04 01 00 000 -1.2532654E+00 6.4517571E+00 7.1044996E-01
2026 07 25 04 02 00 000 -1.2798694E+00 6.4460162E+00 7.1513082E-01
2026 07 25 04 03 00 000 -1.3064488E+00 6.4401633E+00 7.1980208E-01
2026 07 25 04 04 00 000 -1.3330038E+00 6.4341976E+00 7.2446407E-01
2026 07 25 04 05 00 000 -1.3595329E+00 6.4281199E+00 7.2911667E-01
2026 07 25 04 06 00 000 -1.3860366E+00 6.4219297E+00 7.3376035E-01
2026 07 25 04 07 00 000 -1.4125140E+00 6.4156281E+00 7.3839520E-01
2026 07 25 04 08 00 000 -1.4389643E+00 6.4092144E+00 7.4302122E-01
2026 07 25 04 09 00 000 -1.4653874E+00 6.4026890E+00 7.4763871E-01
2026 07 25 04 10 00 000 -1.4917826E+00 6.3960514E+00 7.5224777E-01
2026 07 25 04 11 00 000 -1.5181494E+00 6.3893031E+00 7.5684861E-01
2026 07 25 04 12 00 000 -1.5444874E+00 6.3824427E+00 7.6144136E-01
2026 07 25 04 13 00 000 -1.5707959E+00 6.3754713E+00 7.6602617E-01
2026 07 25 04 14 00 000 -1.5970750E+00 6.3683887E+00 7.7060339E-01
2026 07 25 04 15 00 000 -1.6233234E+00 6.3611949E+00 7.7517290E-01
2026 07 25 04 16 00 000 -1.6495409E+00 6.3538903E+00 7.7973497E-01
2026 07 25 04 17 00 000 -1.6757273E+00 6.3464750E+00 7.8428988E-01
2026 07 25 04 18 00 000 -1.7018813E+00 6.3389486E+00 7.8883747E-01
2026 07 25 04 19 00 000 -1.7280035E+00 6.3313120E+00 7.9337834E-01
2026 07 25 04 20 00 000 -1.7540926E+00 6.3235646E+00 7.9791232E-01
2026 07 25 04 21 00 000 -1.7801483E+00 6.3157075E+00 8.0243968E-01
2026 07 25 04 22 00 000 -1.8061706E+00 6.3077400E+00 8.0696077E-01
2026 07 25 04 23 00 000 -1.8321580E+00 6.2996624E+00 8.1147534E-01
2026 07 25 04 24 00 000 -1.8581108E+00 6.2914748E+00 8.1598390E-01
2026 07 25 04 25 00 000 -1.8840282E+00 6.2831774E+00 8.2048645E-01
2026 07 25 04 26 00 000 -1.9099102E+00 6.2747713E+00 8.2498333E-01
2026 07 25 04 27 00 000 -1.9357555E+00 6.2662545E+00 8.2947444E-01
2026 07 25 04 28 00 000 -1.9615640E+00 6.2576290E+00 8.3396009E-01
2026 07 25 04 29 00 000 -1.9873354E+00 6.2488950E+00 8.3844047E-01
2026 07 25 04 30 00 000 -2.0130690E+00 6.2400512E+00 8.4291569E-01
2026 07 25 04 31 00 000 -2.0387639E+00 6.2310985E+00 8.4738574E-01
2026 07 25 04 32 00 000 -2.0644201E+00 6.2220375E+00 8.5185097E-01
2026 07 25 04 33 00 000 -2.0900373E+00 6.2128679E+00 8.5631163E-01
2026 07 25 04 34 00 000 -2.1156148E+00 6.2035896E+00 8.6076775E-01
2026 07 25 04 35 00 000 -2.1411520E+00 6.1942034E+00 8.6521946E-01
2026 07 25 04 36 00 000 -2.1666485E+00 6.1847092E+00 8.6966700E-01
2026 07 25 04 37 00 000 -2.1921036E+00 6.1751068E+00 8.7411041E-01
2026 07 25 04 38 00 000 -2.2175175E+00 6.1653972E+00 8.7855010E-01
2026 07 25 04 39 00 000 -2.2428888E+00 6.1555799E+00 8.8298590E-01
2026 07 25 04 40 00 000 -2.2682177E+00 6.1456553E+00 8.8741818E-01
2026 07 25 04 41 00 000 -2.2935033E+00 6.1356233E+00 8.9184698E-01
2026 07 25 04 42 00 000 -2.3187449E+00 6.1254842E+00 8.9627240E-01
2026 07 25 04 43 00 000 -2.3439435E+00 6.1152387E+00 9.0069506E-01
2026 07 25 04 44 00 000 -2.3690966E+00 6.1048859E+00 9.0511443E-01
2026 07 25 04 45 00 000 -2.3942052E+00 6.0944269E+00 9.0953117E-01
2026 07 25 04 46 00 000 -2.4192674E+00 6.0838617E+00 9.1394498E-01
2026 07 25 04 47 00 000 -2.4442842E+00 6.0731905E+00 9.1835647E-01
2026 07 25 04 48 00 000 -2.4692547E+00 6.0624131E+00 9.2276567E-01
2026 07 25 04 49 00 000 -2.4941778E+00 6.0515299E+00 9.2717249E-01
2026 07 25 04 50 00 000 -2.5190535E+00 6.0405415E+00 9.3157727E-01
2026 07 25 04 51 00 000 -2.5438818E+00 6.0294478E+00 9.3598035E-01
2026 07 25 04 52 00 000 -2.5686612E+00 6.0182485E+00 9.4038147E-01
2026 07 25 04 53 00 000 -2.5933919E+00 6.0069447E+00 9.4478103E-01
2026 07 25 04 54 00 000 -2.6180733E+00 5.9955353E+00 9.4917909E-01
2026 07 25 04 55 00 000 -2.6427050E+00 5.9840221E+00 9.5357590E-01
2026 07 25 04 56 00 000 -2.6672862E+00 5.9724043E+00 9.5797145E-01
2026 07 25 04 57 00 000 -2.6918168E+00 5.9606822E+00 9.6236600E-01
2026 07 25 04 58 00 000 -2.7162960E+00 5.9488562E+00 9.6675960E-01
2026 07 25 04 59 00 000 -2.7407239E+00 5.9369267E+00 9.7115259E-01
2026 07 25 05 00 00 000 -2.7650995E+00 5.9248929E+00 9.7554488E-01
2026 07 25 05 01 00 000 -2.7894221E+00 5.9127562E+00 9.7993658E-01
2026 07 25 05 02 00 000 -2.8136921E+00 5.9005168E+00 9.8432811E-01
2026 07 25 05 03 00 000 -2.8379086E+00 5.8881739E+00 9.8871946E-01
2026 07 25 05 04 00 000 -2.8620709E+00 5.8757285E+00 9.9311072E-01
2026 07 25 05 05 00 000 -2.8861790E+00 5.8631804E+00 9.9750210E-01
2026 07 25 05 06 00 000 -2.9102320E+00 5.8505303E+00 1.0018937E+00
2026 07 25 05 07 00 000 -2.9342299E+00 5.8377780E+00 1.0062857E+00
2026 07 25 05 08 00 000 -2.9581721E+00 5.8249241E+00 1.0106782E+00
2026 07 25 05 09 00 000 -2.9820573E+00 5.8119682E+00 1.0150711E+00
2026 07 25 05 10 00 000 -3.0058864E+00 5.7989112E+00 1.0194650E+00
2026 07 25 05 11 00 000 -3.0296580E+00 5.7857528E+00 1.0238596E+00
2026 07 25 05 12 00 000 -3.0533721E+00 5.7724935E+00 1.0282553E+00
2026 07 25 05 13 00 000 -3.0770281E+00 5.7591337E+00 1.0326522E+00
2026 07 25 05 14 00 000 -3.1006258E+00 5.7456737E+00 1.0370504E+00
2026 07 25 05 15 00 000 -3.1241639E+00 5.7321125E+00 1.0414498E+00
2026 07 25 05 16 00 000 -3.1476430E+00 5.7184520E+00 1.0458508E+00
2026 07 25 05 17 00 000 -3.1710622E+00 5.7046916E+00 1.0502535E+00
2026 07 25 05 18 00 000 -3.1944213E+00 5.6908322E+00 1.0546581E+00
2026 07 25 05 19 00 000 -3.2177193E+00 5.6768727E+00 1.0590644E+00
2026 07 25 05 20 00 000 -3.2409560E+00 5.6628145E+00 1.0634727E+00
2026 07 25 05 21 00 000 -3.2641315E+00 5.6486577E+00 1.0678833E+00
2026 07 25 05 22 00 000 -3.2872444E+00 5.6344023E+00 1.0722959E+00
2026 07 25 05 23 00 000 -3.3102950E+00 5.6200483E+00 1.0767110E+00
2026 07 25 05 24 00 000 -3.3332825E+00 5.6055966E+00 1.0811286E+00
2026 07 25 05 25 00 000 -3.3562068E+00 5.5910470E+00 1.0855487E+00
2026 07 25 05 26 00 000 -3.3790674E+00 5.5763998E+00 1.0899717E+00
2026 07 25 05 27 00 000 -3.4018630E+00 5.5616552E+00 1.0943972E+00
2026 07 25 05 28 00 000 -3.4245945E+00 5.5468137E+00 1.0988259E+00
2026 07 25 05 29 00 000 -3.4472607E+00 5.5318755E+00 1.1032575E+00
2026 07 25 05 30 00 000 -3.4698610E+00 5.5168406E+00 1.1076922E+00
2026 07 25 05 31 00 000 -3.4923957E+00 5.5017096E+00 1.1121302E+00
2026 07 25 05 32 00 000 -3.5148640E+00 5.4864828E+00 1.1165717E+00
2026 07 25 05 33 00 000 -3.5372649E+00 5.4711596E+00 1.1210164E+00
2026 07 25 05 34 00 000 -3.5595991E+00 5.4557417E+00 1.1254648E+00
2026 07 25 05 35 00 000 -3.5818654E+00 5.4402283E+00 1.1299168E+00
2026 07 25 05 36 00 000 -3.6040633E+00 5.4246199E+00 1.1343726E+00
2026 07 25 05 37 00 000 -3.6261928E+00 5.4089169E+00 1.1388321E+00
2026 07 25 05 38 00 000 -3.6482534E+00 5.3931195E+00 1.1432957E+00
2026 07 25 05 39 00 000 -3.6702446E+00 5.3772280E+00 1.1477633E+00
2026 07 25 05 40 00 000 -3.6921658E+00 5.3612426E+00 1.1522350E+00
2026 07 25 05 41 00 000 -3.7140164E+00 5.3451636E+00 1.1567108E+00
2026 07 25 05 42 00 000 -3.7357969E+00 5.3289914E+00 1.1611911E+00
2026 07 25 05 43 00 000 -3.7575062E+00 5.3127265E+00 1.1656757E+00
2026 07 25 05 44 00 000 -3.7791436E+00 5.2963683E+00 1.1701648E+00
2026 07 25 05 45 00 000 -3.8007102E+00 5.2799187E+00 1.1746586E+00
2026 07 25 05 46 00 000 -3.8222035E+00 5.2633759E+00 1.1791569E+00
2026 07 25 05 47 00 000 -3.8436243E+00 5.2467416E+00 1.1836599E+00
2026 07 25 05 48 00 000 -3.8649723E+00 5.2300160E+00 1.1881679E+00
2026 07 25 05 49 00 000 -3.8862460E+00 5.2131987E+00 1.1926805E+00
2026 07 25 05 50 00 000 -3.9074464E+00 5.1962908E+00 1.1971983E+00
2026 07 25 05 51 00 000 -3.9285721E+00 5.1792918E+00 1.2017210E+00
2026 07 25 05 52 00 000 -3.9496233E+00 5.1622027E+00 1.2062488E+00
2026 07 25 05 53 00 000 -3.9705992E+00 5.1450233E+00 1.2107819E+00
2026 07 25 05 54 00 000 -3.9914999E+00 5.1277546E+00 1.2153203E+00
2026 07 25 05 55 00 000 -4.0123243E+00 5.1103959E+00 1.2198638E+00
2026 07 25 05 56 00 000 -4.0330725E+00 5.0929481E+00 1.2244128E+00
2026 07 25 05 57 00 000 -4.0537435E+00 5.0754114E+00 1.2289672E+00
2026 07 25 05 58 00 000 -4.0743380E+00 5.0577860E+00 1.2335272E+00
2026 07 25 05 59 00 000 -4.0948547E+00 5.0400725E+00 1.2380927E+00
2026 07 25 06 00 00 000 -4.1152936E+00 5.0222709E+00 1.2426639E+00
2026 07 25 06 01 00 000 -4.1356543E+00 5.0043817E+00 1.2472408E+00
2026 07 25 06 02 00 000 -4.1559359E+00 4.9864050E+00 1.2518233E+00
2026 07 25 06 03 00 000 -4.1761382E+00 4.9683410E+00 1.2564115E+00
2026 07 25 06 04 00 000 -4.1962615E+00 4.9501906E+00 1.2610057E+00
2026 07 25 06 05 00 000 -4.2163054E+00 4.9319541E+00 1.2656060E+00
2026 07 25 06 06 00 000 -4.2362686E+00 4.9136310E+00 1.2702121E+00
2026 07 25 06 07 00 000 -4.2561514E+00 4.8952223E+00 1.2748242E+00
2026 07 25 06 08 00 000 -4.2759527E+00 4.8767279E+00 1.2794422E+00
2026 07 25 06 09 00 000 -4.2956731E+00 4.8581485E+00 1.2840664E+00
2026 07 25 06 10 00 000 -4.3153115E+00 4.8394842E+00 1.2886966E+00
2026 07 25 06 11 00 000 -4.3348677E+00 4.8207353E+00 1.2933330E+00
2026 07 25 06 12 00 000 -4.3543415E+00 4.8019020E+00 1.2979756E+00
2026 07 25 06 13 00 000 -4.3737331E+00 4.7829854E+00 1.3026246E+00
2026 07 25 06 14 00 000 -4.3930403E+00 4.7639847E+00 1.3072795E+00
2026 07 25 06 15 00 000 -4.4122643E+00 4.7449007E+00 1.3119409E+00
2026 07 25 06 16 00 000 -4.4314047E+00 4.7257342E+00 1.3166086E+00
2026 07 25 06 17 00 000 -4.4504610E+00 4.7064855E+00 1.3212828E+00
2026 07 25 06 18 00 000 -4.4694326E+00 4.6871543E+00 1.3259634E+00
2026 07 25 06 19 00 000 -4.4883186E+00 4.6677408E+00 1.3306501E+00
2026 07 25 06 20 00 000 -4.5071192E+00 4.6482457E+00 1.3353433E+00
2026 07 25 06 21 00 000 -4.5258341E+00 4.6286695E+00 1.3400429E+00
2026 07 25 06 22 00 000 -4.5444630E+00 4.6090126E+00 1.3447491E+00
2026 07 25 06 23 00 000 -4.5630057E+00 4.5892752E+00 1.3494618E+00
2026 07 25 06 24 00 000 -4.5814613E+00 4.5694573E+00 1.3541808E+00
2026 07 25 06 25 00 000 -4.5998295E+00 4.5495595E+00 1.3589063E+00
2026 07 25 06 26 00 000 -4.6181105E+00 4.5295824E+00 1.3636385E+00
2026 07 25 06 27 00 000 -4.6363036E+00 4.5095260E+00 1.3683771E+00
2026 07 25 06 28 00 000 -4.6544084E+00 4.4893908E+00 1.3731221E+00
2026 07 25 06 29 00 000 -4.6724246E+00 4.4691770E+00 1.3778738E+00
2026 07 25 06 30 00 000 -4.6903520E+00 4.4488851E+00 1.3826319E+00
2026 07 25 06 31 00 000 -4.7081896E+00 4.4285150E+00 1.3873964E+00
2026 07 25 06 32 00 000 -4.7259383E+00 4.4080680E+00 1.3921676E+00
2026 07 25 06 33 00 000 -4.7435968E+00 4.3875436E+00 1.3969453E+00
2026 07 25 06 34 00 000 -4.7611646E+00 4.3669422E+00 1.4017293E+00
2026 07 25 06 35 00 000 -4.7786420E+00 4.3462645E+00 1.4065199E+00
2026 07 25 06 36 00 000 -4.7960295E+00 4.3255115E+00 1.4113172E+00
2026 07 25 06 37 00 000 -4.8133243E+00 4.3046817E+00 1.4161206E+00
2026 07 25 06 38 00 000 -4.8305285E+00 4.2837774E+00 1.4209307E+00
2026 07 25 06 39 00 000 -4.8476406E+00 4.2627979E+00 1.4257472E+00
2026 07 25 06 40 00 000 -4.8646597E+00 4.2417433E+00 1.4305700E+00
2026 07 25 06 41 00 000 -4.8815868E+00 4.2206147E+00 1.4353992E+00
2026 07 25 06 42 00 000 -4.8984209E+00 4.1994122E+00 1.4402348E+00
2026 07 25 06 43 00 000 -4.9151624E+00 4.1781366E+00 1.4450769E+00
2026 07 25 06 44 00 000 -4.9318091E+00 4.1567869E+00 1.4499250E+00
2026 07 25 06 45 00 000 -4.9483632E+00 4.1353652E+00 1.4547797E+00
2026 07 25 06 46 00 000 -4.9648225E+00 4.1138708E+00 1.4596404E+00
2026 07 25 06 47 00 000 -4.9811875E+00 4.0923042E+00 1.4645075E+00
2026 07 25 06 48 00 000 -4.9974571E+00 4.0706655E+00 1.4693805E+00
2026 07 25 06 49 00 000 -5.0136323E+00 4.0489560E+00 1.4742599E+00
2026 07 25 06 50 00 000 -5.0297122E+00 4.0271756E+00 1.4791454E+00
2026 07 25 06 51 00 000 -5.0456959E+00 4.0053242E+00 1.4840368E+00
2026 07 25 06 52 00 000 -5.0615838E+00 3.9834027E+00 1.4889342E+00
2026 07 25 06 53 00 000 -5.0773754E+00 3.9614114E+00 1.4938377E+00
2026 07 25 06 54 00 000 -5.0930700E+00 3.9393502E+00 1.4987469E+00
2026 07 25 06 55 00 000 -5.1086684E+00 3.9172205E+00 1.5036622E+00
2026 07 25 06 56 00 000 -5.1241691E+00 3.8950218E+00 1.5085832E+00
2026 07 25 06 57 00 000 -5.1395724E+00 3.8727547E+00 1.5135100E+00
2026 07 25 06 58 00 000 -5.1548776E+00 3.8504194E+00 1.5184423E+00
2026 07 25 06 59 00 000 -5.1700847E+00 3.8280165E+00 1.5233804E+00
2026 07 25 07 00 00 000 -5.1851936E+00 3.8055465E+00 1.5283240E+00
2026 07 25 07 01 00 000 -5.2002040E+00 3.7830097E+00 1.5332732E+00
2026 07 25 07 02 00 000 -5.2151155E+00 3.7604066E+00 1.5382278E+00
2026 07 25 07 03 00 000 -5.2299274E+00 3.7377370E+00 1.5431877E+00
2026 07 25 07 04 00 000 -5.2446403E+00 3.7150023E+00 1.5481530E+00
2026 07 25 07 05 00 000 -5.2592524E+00 3.6922014E+00 1.5531233E+00
2026 07 25 07 06 00 000 -5.2737651E+00 3.6693360E+00 1.5580989E+00
2026 07 25 07 07 00 000 -5.2881774E+00 3.6464062E+00 1.5630796E+00
2026 07 25 07 08 00 000 -5.3024886E+00 3.6234118E+00 1.5680651E+00
2026 07 25 07 09 00 000 -5.3166994E+00 3.6003540E+00 1.5730557E+00
2026 07 25 07 10 00 000 -5.3308091E+00 3.5772329E+00 1.5780511E+00
2026 07 25 07 11 00 000 -5.3448173E+00 3.5540488E+00 1.5830512E+00
2026 07 25 07 12 00 000 -5.3587237E+00 3.5308019E+00 1.5880560E+00
2026 07 25 07 13 00 000 -5.3725280E+00 3.5074928E+00 1.5930653E+00
2026 07 25 07 14 00 000 -5.3862299E+00 3.4841218E+00 1.5980790E+00
2026 07 25 07 15 00 000 -5.3998292E+00 3.4606893E+00 1.6030971E+00
2026 07 25 07 16 00 000 -5.4133267E+00 3.4371965E+00 1.6081197E+00
2026 07 25 07 17 00 000 -5.4267203E+00 3.4136424E+00 1.6131462E+00
2026 07 25 07 18 00 000 -5.4400110E+00 3.3900283E+00 1.6181769E+00
2026 07 25 07 19 00 000 -5.4531978E+00 3.3663541E+00 1.6232115E+00
2026 07 25 07 20 00 000 -5.4662806E+00 3.3426203E+00 1.6282498E+00
2026 07 25 07 21 00 000 -5.4792600E+00 3.3188279E+00 1.6332921E+00
2026 07 25 07 22 00 000 -5.4921348E+00 3.2949766E+00 1.6383379E+00
2026 07 25 07 23 00 000 -5.5049051E+00 3.2710671E+00 1.6433873E+00
2026 07 25 07 24 00 000 -5.5175706E+00 3.2470998E+00 1.6484401E+00
2026 07 25 07 25 00 000 -5.5301317E+00 3.2230756E+00 1.6534964E+00
2026 07 25 07 26 00 000 -5.5425870E+00 3.1989938E+00 1.6585556E+00
2026 07 25 07 27 00 000 -5.5549367E+00 3.1748552E+00 1.6636179E+00
2026 07 25 07 28 00 000 -5.5671810E+00 3.1506607E+00 1.6686833E+00
2026 07 25 07 29 00 000 -5.5793191E+00 3.1264103E+00 1.6737514E+00
2026 07 25 07 30 00 000 -5.5913508E+00 3.1021042E+00 1.6788220E+00
2026 07 25 07 31 00 000 -5.6032768E+00 3.0777437E+00 1.6838955E+00
2026 07 25 07 32 00 000 -5.6150953E+00 3.0533278E+00 1.6889711E+00
2026 07 25 07 33 00 000 -5.6268075E+00 3.0288583E+00 1.6940492E+00
2026 07 25 07 34 00 000 -5.6384126E+00 3.0043350E+00 1.6991295E+00
2026 07 25 07 35 00 000 -5.6499099E+00 2.9797578E+00 1.7042116E+00
2026 07 25 07 36 00 000 -5.6613000E+00 2.9551281E+00 1.7092957E+00
2026 07 25 07 37 00 000 -5.6725822E+00 2.9304456E+00 1.7143814E+00
2026 07 25 07 38 00 000 -5.6837567E+00 2.9057112E+00 1.7194689E+00
2026 07 25 07 39 00 000 -5.6948234E+00 2.8809253E+00 1.7245579E+00
2026 07 25 07 40 00 000 -5.7057812E+00 2.8560877E+00 1.7296480E+00
2026 07 25 07 41 00 000 -5.7166305E+00 2.8311993E+00 1.7347394E+00
2026 07 25 07 42 00 000 -5.7273703E+00 2.8062600E+00 1.7398315E+00
2026 07 25 07 43 00 000 -5.7380017E+00 2.7812710E+00 1.7449246E+00
2026 07 25 07 44 00 000 -5.7485242E+00 2.7562326E+00 1.7500185E+00
2026 07 25 07 45 00 000 -5.7589371E+00 2.7311449E+00 1.7551129E+00
2026 07 25 07 46 00 000 -5.7692406E+00 2.7060084E+00 1.7602077E+00
2026 07 25 07 47 00 000 -5.7794338E+00 2.6808232E+00 1.7653026E+00
2026 07 25 07 48 00 000 -5.7895171E+00 2.6555901E+00 1.7703975E+00
2026 07 25 07 49 00 000 -5.7994907E+00 2.6303097E+00 1.7754925E+00
2026 07 25 07 50 00 000 -5.8093531E+00 2.6049818E+00 1.7805869E+00
2026 07 25 07 51 00 000 -5.8191053E+00 2.5796073E+00 1.7856809E+00
2026 07 25 07 52 00 000 -5.8287470E+00 2.5541867E+00 1.7907744E+00
2026 07 25 07 53 00 000 -5.8382778E+00 2.5287203E+00 1.7958671E+00
2026 07 25 07 54 00 000 -5.8476970E+00 2.5032081E+00 1.8009586E+00
2026 07 25 07 55 00 000 -5.8570054E+00 2.4776510E+00 1.8060492E+00
2026 07 25 07 56 00 000 -5.8662015E+00 2.4520489E+00 1.8111381E+00
2026 07 25 07 57 00 000 -5.8752867E+00 2.4264033E+00 1.8162257E+00
2026 07 25 07 58 00 000 -5.8842604E+00 2.4007139E+00 1.8213117E+00
2026 07 25 07 59 00 000 -5.8931208E+00 2.3749805E+00 1.8263955E+00
2026 07 25 08 00 00 000 -5.9018703E+00 2.3492049E+00 1.8314775E+00
2026 07 25 08 01 00 000 -5.9105071E+00 2.3233869E+00 1.8365571E+00
2026 07 25 08 02 00 000 -5.9190312E+00 2.2975263E+00 1.8416342E+00
2026 07 25 08 03 00 000 -5.9274427E+00 2.2716243E+00 1.8467086E+00
2026 07 25 08 04 00 000 -5.9357414E+00 2.2456814E+00 1.8517802E+00
2026 07 25 08 05 00 000 -5.9439271E+00 2.2196973E+00 1.8568487E+00
2026 07 25 08 06 00 000 -5.9519994E+00 2.1936728E+00 1.8619139E+00
2026 07 25 08 07 00 000 -5.9599592E+00 2.1676091E+00 1.8669758E+00
2026 07 25 08 08 00 000 -5.9678050E+00 2.1415056E+00 1.8720339E+00
2026 07 25 08 09 00 000 -5.9755372E+00 2.1153629E+00 1.8770882E+00
2026 07 25 08 10 00 000 -5.9831558E+00 2.0891818E+00 1.8821384E+00
2026 07 25 08 11 00 000 -5.9906605E+00 2.0629624E+00 1.8871844E+00
2026 07 25 08 12 00 000 -5.9980517E+00 2.0367056E+00 1.8922259E+00
2026 07 25 08 13 00 000 -6.0053280E+00 2.0104112E+00 1.8972626E+00
2026 07 25 08 14 00 000 -6.0124902E+00 1.9840798E+00 1.9022944E+00
2026 07 25 08 15 00 000 -6.0195381E+00 1.9577125E+00 1.9073211E+00
2026 07 25 08 16 00 000 -6.0264712E+00 1.9313086E+00 1.9123424E+00
2026 07 25 08 17 00 000 -6.0332896E+00 1.9048696E+00 1.9173581E+00
2026 07 25 08 18 00 000 -6.0399933E+00 1.8783951E+00 1.9223681E+00
2026 07 25 08 19 00 000 -6.0465819E+00 1.8518861E+00 1.9273720E+00
2026 07 25 08 20 00 000 -6.0530556E+00 1.8253428E+00 1.9323697E+00
2026 07 25 08 21 00 000 -6.0594142E+00 1.7987660E+00 1.9373610E+00
2026 07 25 08 22 00 000 -6.0656571E+00 1.7721555E+00 1.9423455E+00
2026 07 25 08 23 00 000 -6.0717844E+00 1.7455120E+00 1.9473230E+00
2026 07 25 08 24 00 000 -6.0777966E+00 1.7188363E+00 1.9522935E+00
2026 07 25 08 25 00 000 -6.0836929E+00 1.6921285E+00 1.9572565E+00
2026 07 25 08 26 00 000 -6.0894737E+00 1.6653890E+00 1.9622120E+00
2026 07 25 08 27 00 000 -6.0951382E+00 1.6386184E+00 1.9671596E+00
2026 07 25 08 28 00 000 -6.1006866E+00 1.6118167E+00 1.9720989E+00
2026 07 25 08 29 00 000 -6.1061195E+00 1.5849853E+00 1.9770302E+00
2026 07 25 08 30 00 000 -6.1114357E+00 1.5581241E+00 1.9819527E+00
2026 07 25 08 31 00 000 -6.1166353E+00 1.5312328E+00 1.9868663E+00
2026 07 25 08 32 00 000 -6.1217192E+00 1.5043131E+00 1.9917711E+00
2026 07 25 08 33 00 000 -6.1266863E+00 1.4773649E+00 1.9966664E+00
2026 07 25 08 34 00 000 -6.1315365E+00 1.4503884E+00 2.0015522E+00
2026 07 25 08 35 00 000 -6.1362703E+00 1.4233846E+00 2.0064282E+00
2026 07 25 08 36 00 000 -6.1408872E+00 1.3963532E+00 2.0112941E+00
2026 07 25 08 37 00 000 -6.1453872E+00 1.3692955E+00 2.0161497E+00
2026 07 25 08 38 00 000 -6.1497701E+00 1.3422111E+00 2.0209947E+00
2026 07 25 08 39 00 000 -6.1540362E+00 1.3151012E+00 2.0258289E+00
2026 07 25 08 40 00 000 -6.1581850E+00 1.2879654E+00 2.0306521E+00
2026 07 25 08 41 00 000 -6.1622166E+00 1.2608053E+00 2.0354639E+00
2026 07 25 08 42 00 000 -6.1661307E+00 1.2336199E+00 2.0402641E+00
2026 07 25 08 43 00 000 -6.1699280E+00 1.2064114E+00 2.0450525E+00
2026 07 25 08 44 00 000 -6.1736074E+00 1.1791788E+00 2.0498287E+00
2026 07 25 08 45 00 000 -6.1771694E+00 1.1519231E+00 2.0545925E+00
2026 07 25 08 46 00 000 -6.1806137E+00 1.1246446E+00 2.0593437E+00
2026 07 25 08 47 00 000 -6.1839402E+00 1.0973436E+00 2.0640820E+00
2026 07 25 08 48 00 000 -6.1871496E+00 1.0700213E+00 2.0688072E+00
2026 07 25 08 49 00 000 -6.1902409E+00 1.0426774E+00 2.0735189E+00
2026 07 25 08 50 00 000 -6.1932145E+00 1.0153129E+00 2.0782169E+00
2026 07 25 08 51 00 000 -6.1960702E+00 9.8792750E-01 2.0829009E+00
2026 07 25 08 52 00 000 -6.1988075E+00 9.6052249E-01 2.0875705E+00
2026 07 25 08 53 00 000 -6.2014273E+00 9.3309765E-01 2.0922257E+00
2026 07 25 08 54 00 000 -6.2039286E+00 9.0565385E-01 2.0968660E+00
2026 07 25 08 55 00 000 -6.2063125E+00 8.7819137E-01 2.1014914E+00
2026 07 25 08 56 00 000 -6.2085777E+00 8.5071056E-01 2.1061012E+00
2026 07 25 08 57 00 000 -6.2107251E+00 8.2321200E-01 2.1106956E+00
2026 07 25 08 58 00 000 -6.2127542E+00 7.9569648E-01 2.1152739E+00
2026 07 25 08 59 00 000 -6.2146646E+00 7.6816368E-01 2.1198360E+00
2026 07 25 09 00 00 000 -6.2164573E+00 7.4061524E-01 2.1243817E+00
2026 07 25 09 01 00 000 -6.2181313E+00 7.1305015E-01 2.1289105E+00
2026 07 25 09 02 00 000 -6.2196872E+00 6.8546982E-01 2.1334224E+00
2026 07 25 09 03 00 000 -6.2211242E+00 6.5787429E-01 2.1379168E+00
2026 07 25 09 04 00 000 -6.2224433E+00 6.3026438E-01 2.1423937E+00
2026 07 25 09 05 00 000 -6.2236436E+00 6.0264064E-01 2.1468525E+00
2026 07 25 09 06 00 000 -6.2247257E+00 5.7500293E-01 2.1512933E+00
2026 07 25 09 07 00 000 -6.2256892E+00 5.4735174E-01 2.1557155E+00
2026 07 25 09 08 00 000 -6.2265343E+00 5.1968854E-01 2.1601189E+00
2026 07 25 09 09 00 000 -6.2272611E+00 4.9201242E-01 2.1645034E+00
2026 07 25 09 10 00 000 -6.2278688E+00 4.6432447E-01 2.1688684E+00
2026 07 25 09 11 00 000 -6.2283581E+00 4.3662557E-01 2.1732137E+00
2026 07 25 09 12 00 000 -6.2287290E+00 4.0891564E-01 2.1775390E+00
2026 07 25 09 13 00 000 -6.2289816E+00 3.8119510E-01 2.1818443E+00
2026 07 25 09 14 00 000 -6.2291150E+00 3.5346503E-01 2.1861287E+00
2026 07 25 09 15 00 000 -6.2291301E+00 3.2572499E-01 2.1903924E+00
2026 07 25 09 16 00 000 -6.2290265E+00 2.9797571E-01 2.1946349E+00
2026 07 25 09 17 00 000 -6.2288049E+00 2.7021836E-01 2.1988561E+00
2026 07 25 09 18 00 000 -6.2284645E+00 2.4245268E-01 2.2030555E+00
2026 07 25 09 19 00 000 -6.2280050E+00 2.1467890E-01 2.2072328E+00
2026 07 25 09 20 00 000 -6.2274271E+00 1.8689840E-01 2.2113876E+00
2026 07 25 09 21 00 000 -6.2267307E+00 1.5911089E-01 2.2155199E+00
2026 07 25 09 22 00 000 -6.2259164E+00 1.3131723E-01 2.2196294E+00
2026 07 25 09 23 00 000 -6.2249831E+00 1.0351749E-01 2.2237155E+00
2026 07 25 09 24 00 000 -6.2239311E+00 7.5712602E-02 2.2277779E+00
2026 07 25 09 25 00 000 -6.2227609E+00 4.7902425E-02 2.2318166E+00
2026 07 25 09 26 00 000 -6.2214724E+00 2.0088203E-02 2.2358312E+00
2026 07 25 09 27 00 000 -6.2200649E+00 -7.7303131E-03 2.2398210E+00
2026 07 25 09 28 00 000 -6.2185395E+00 -3.5552300E-02 2.2437863E+00
2026 07 25 09 29 00 000 -6.2168957E+00 -6.3377258E-02 2.2477265E+00
2026 07 25 09 30 00 000 -6.2151336E+00 -9.1204460E-02 2.2516411E+00
2026 07 25 09 31 00 000 -6.2132530E+00 -1.1903451E-01 2.2555302E+00
2026 07 25 09 32 00 000 -6.2112537E+00 -1.4686587E-01 2.2593929E+00
2026 07 25 09 33 00 000 -6.2091369E+00 -1.7469852E-01 2.2632296E+00
2026 07 25 09 34 00 000 -6.2069018E+00 -2.0253191E-01 2.2670397E+00
2026 07 25 09 35 00 000 -6.2045481E+00 -2.3036581E-01 2.2708226E+00
2026 07 25 09 36 00 000 -6.2020766E+00 -2.5819934E-01 2.2745784E+00
2026 07 25 09 37 00 000 -6.1994872E+00 -2.8603207E-01 2.2783066E+00
2026 07 25 09 38 00 000 -6.1967794E+00 -3.1386372E-01 2.2820068E+00
2026 07 25 09 39 00 000 -6.1939539E+00 -3.4169420E-01 2.2856789E+00
2026 07 25 09 40 00 000 -6.1910107E+00 -3.6952227E-01 2.2893226E+00
2026 07 25 09 41 00 000 -6.1879487E+00 -3.9734788E-01 2.2929370E+00
2026 07 25 09 42 00 000 -6.1847699E+00 -4.2517055E-01 2.2965227E+00
2026 07 25 09 43 00 000 -6.1814731E+00 -4.5298995E-01 2.3000789E+00
2026 07 25 09 44 00 000 -6.1780584E+00 -4.8080512E-01 2.3036051E+00
2026 07 25 09 45 00 000 -6.1745261E+00 -5.0861591E-01 2.3071012E+00
2026 07 25 09 46 00 000 -6.1708765E+00 -5.3642217E-01 2.3105671E+00
2026 07 25 09 47 00 000 -6.1671093E+00 -5.6422287E-01 2.3140022E+00
2026 07 25 09 48 00 000 -6.1632248E+00 -5.9201786E-01 2.3174063E+00
2026 07 25 09 49 00 000 -6.1592228E+00 -6.1980694E-01 2.3207790E+00
2026 07 25 09 50 00 000 -6.1551037E+00 -6.4758891E-01 2.3241200E+00
2026 07 25 09 51 00 000 -6.1508674E+00 -6.7536356E-01 2.3274290E+00
2026 07 25 09 52 00 000 -6.1465141E+00 -7.0313125E-01 2.3307058E+00
2026 07 25 09 53 00 000 -6.1420437E+00 -7.3089021E-01 2.3339499E+00
2026 07 25 09 54 00 000 -6.1374561E+00 -7.5864075E-01 2.3371610E+00
2026 07 25 09 55 00 000 -6.1327520E+00 -7.8638225E-01 2.3403390E+00
2026 07 25 09 56 00 000 -6.1279311E+00 -8.1411420E-01 2.3434833E+00
2026 07 25 09 57 00 000 -6.1229934E+00 -8.4183587E-01 2.3465937E+00
2026 07 25 09 58 00 000 -6.1179391E+00 -8.6954740E-01 2.3496699E+00
2026 07 25 09 59 00 000 -6.1127688E+00 -8.9724810E-01 2.3527118E+00
2026 07 25 10 00 00 000 -6.1074819E+00 -9.2493718E-01 2.3557187E+00
2026 07 25 10 01 00 000 -6.1020783E+00 -9.5261420E-01 2.3586903E+00
2026 07 25 10 02 00 000 -6.0965590E+00 -9.8027904E-01 2.3616265E+00
2026 07 25 10 03 00 000 -6.0909234E+00 -1.0079312E+00 2.3645270E+00
2026 07 25 10 04 00 000 -6.0851720E+00 -1.0355700E+00 2.3673914E+00
2026 07 25 10 05 00 000 -6.0793049E+00 -1.0631950E+00 2.3702194E+00
2026 07 25 10 06 00 000 -6.0733220E+00 -1.0908055E+00 2.3730106E+00
2026 07 25 10 07 00 000 -6.0672231E+00 -1.1184015E+00 2.3757647E+00
2026 07 25 10 08 00 000 -6.0610090E+00 -1.1459826E+00 2.3784815E+00
2026 07 25 10 09 00 000 -6.0546796E+00 -1.1735475E+00 2.3811606E+00
2026 07 25 10 10 00 000 -6.0482349E+00 -1.2010964E+00 2.3838017E+00
2026 07 25 10 11 00 000 -6.0416747E+00 -1.2286290E+00 2.3864044E+00
2026 07 25 10 12 00 000 -6.0350002E+00 -1.2561440E+00 2.3889687E+00
2026 07 25 10 13 00 000 -6.0282101E+00 -1.2836420E+00 2.3914938E+00
2026 07 25 10 14 00 000 -6.0213056E+00 -1.3111216E+00 2.3939798E+00
2026 07 25 10 15 00 000 -6.0142862E+00 -1.3385829E+00 2.3964261E+00
2026 07 25 10 16 00 000 -6.0071527E+00 -1.3660249E+00 2.3988327E+00
2026 07 25 10 17 00 000 -5.9999046E+00 -1.3934479E+00 2.4011990E+00
2026 07 25 10 18 00 000 -5.9925423E+00 -1.4208505E+00 2.4035248E+00
2026 07 25 10 19 00 000 -5.9850657E+00 -1.4482332E+00 2.4058097E+00
2026 07 25 10 20 00 000 -5.9774757E+00 -1.4755948E+00 2.4080536E+00
2026 07 25 10 21 00 000 -5.9697715E+00 -1.5029349E+00 2.4102560E+00
2026 07 25 10 22 00 000 -5.9619535E+00 -1.5302529E+00 2.4124165E+00
2026 07 25 10 23 00 000 -5.9540224E+00 -1.5575490E+00 2.4145351E+00
2026 07 25 10 24 00 000 -5.9459776E+00 -1.5848219E+00 2.4166112E+00
2026 07 25 10 25 00 000 -5.9378197E+00 -1.6120719E+00 2.4186447E+00
2026 07 25 10 26 00 000 -5.9295492E+00 -1.6392984E+00 2.4206354E+00
2026 07 25 10 27 00 000 -5.9211655E+00 -1.6665006E+00 2.4225826E+00
2026 07 25 10 28 00 000 -5.9126688E+00 -1.6936777E+00 2.4244862E+00
2026 07 25 10 29 00 000 -5.9040596E+00 -1.7208296E+00 2.4263458E+00
2026 07 25 10 30 00 000 -5.8953381E+00 -1.7479562E+00 2.4281612E+00
2026 07 25 10 31 00 000 -5.8865047E+00 -1.7750566E+00 2.4299323E+00
2026 07 25 10 32 00 000 -5.8771524E+00 -1.8023657E+00 2.4324977E+00
2026 07 25 10 33 00 000 -5.8680923E+00 -1.8294109E+00 2.4341809E+00
2026 07 25 10 34 00 000 -5.8589204E+00 -1.8564291E+00 2.4358186E+00
2026 07 25 10 35 00 000 -5.8496373E+00 -1.8834191E+00 2.4374108E+00
2026 07 25 10 36 00 000 -5.8402425E+00 -1.9103804E+00 2.4389567E+00
2026 07 25 10 37 00 000 -5.8307363E+00 -1.9373128E+00 2.4404562E+00
2026 07 25 10 38 00 000 -5.8211193E+00 -1.9642153E+00 2.4419091E+00
2026 07 25 10 39 00 000 -5.8113918E+00 -1.9910888E+00 2.4433153E+00
2026 07 25 10 40 00 000 -5.8015534E+00 -2.0179313E+00 2.4446740E+00
2026 07 25 10 41 00 000 -5.7916043E+00 -2.0447426E+00 2.4459852E+00
2026 07 25 10 42 00 000 -5.7815451E+00 -2.0715225E+00 2.4472485E+00
2026 07 25 10 43 00 000 -5.7713759E+00 -2.0982708E+00 2.4484638E+00
2026 07 25 10 44 00 000 -5.7610987E+00 -2.1249818E+00 2.4496305E+00
2026 07 25 10 45 00 000 -5.7507093E+00 -2.1516663E+00 2.4507487E+00
2026 07 25 10 46 00 000 -5.7402108E+00 -2.1783177E+00 2.4518180E+00
2026 07 25 10 47 00 000 -5.7296025E+00 -2.2049352E+00 2.4528379E+00
2026 07 25 10 48 00 000 -5.7188853E+00 -2.2315182E+00 2.4538082E+00
2026 07 25 10 49 00 000 -5.7080590E+00 -2.2580664E+00 2.4547286E+00
2026 07 25 10 50 00 000 -5.6971243E+00 -2.2845802E+00 2.4555991E+00
2026 07 25 10 51 00 000 -5.6860809E+00 -2.3110572E+00 2.4564188E+00
2026 07 25 10 52 00 000 -5.6749326E+00 -2.3374908E+00 2.4571878E+00
2026 07 25 10 53 00 000 -5.6636735E+00 -2.3638938E+00 2.4579059E+00
2026 07 25 10 54 00 000 -5.6523067E+00 -2.3902596E+00 2.4585728E+00
2026 07 25 10 55 00 000 -5.6408323E+00 -2.4165879E+00 2.4591881E+00
2026 07 25 10 56 00 000 -5.6292508E+00 -2.4428778E+00 2.4597516E+00
2026 07 25 10 57 00 000 -5.6175617E+00 -2.4691291E+00 2.4602629E+00
2026 07 25 10 58 00 000 -5.6057659E+00 -2.4953414E+00 2.4607219E+00
2026 07 25 10 59 00 000 -5.5938628E+00 -2.5215137E+00 2.4611279E+00
2026 07 25 11 00 00 000 -5.5818540E+00 -2.5476465E+00 2.4614815E+00
2026 07 25 11 01 00 000 -5.5697384E+00 -2.5737386E+00 2.4617815E+00
2026 07 25 11 02 00 000 -5.5575171E+00 -2.5997895E+00 2.4620282E+00
2026 07 25 11 03 00 000 -5.5451898E+00 -2.6257990E+00 2.4622212E+00
2026 07 25 11 04 00 000 -5.5327569E+00 -2.6517664E+00 2.4623600E+00
2026 07 25 11 05 00 000 -5.5202186E+00 -2.6776914E+00 2.4624446E+00
2026 07 25 11 06 00 000 -5.5075753E+00 -2.7035730E+00 2.4624747E+00
2026 07 25 11 07 00 000 -5.4948275E+00 -2.7294117E+00 2.4624501E+00
2026 07 25 11 08 00 000 -5.4819745E+00 -2.7552060E+00 2.4623702E+00
2026 07 25 11 09 00 000 -5.4690175E+00 -2.7809562E+00 2.4622352E+00
2026 07 25 11 10 00 000 -5.4559561E+00 -2.8066612E+00 2.4620444E+00
2026 07 25 11 11 00 000 -5.4427909E+00 -2.8323212E+00 2.4617979E+00
2026 07 25 11 12 00 000 -5.4295218E+00 -2.8579348E+00 2.4614952E+00
2026 07 25 11 13 00 000 -5.4161502E+00 -2.8835026E+00 2.4611365E+00
2026 07 25 11 14 00 000 -5.4026747E+00 -2.9090233E+00 2.4607209E+00
2026 07 25 11 15 00 000 -5.3890966E+00 -2.9344964E+00 2.4602485E+00
2026 07 25 11 16 00 000 -5.3754158E+00 -2.9599218E+00 2.4597190E+00
2026 07 25 11 17 00 000 -5.3616325E+00 -2.9852994E+00 2.4591323E+00
2026 07 25 11 18 00 000 -5.3477473E+00 -3.0106276E+00 2.4584879E+00
2026 07 25 11 19 00 000 -5.3337606E+00 -3.0359069E+00 2.4577859E+00
2026 07 25 11 20 00 000 -5.3196717E+00 -3.0611361E+00 2.4570256E+00
2026 07 25 11 21 00 000 -5.3054819E+00 -3.0863151E+00 2.4562071E+00
2026 07 25 11 22 00 000 -5.2911910E+00 -3.1114435E+00 2.4553301E+00
2026 07 25 11 23 00 000 -5.2767996E+00 -3.1365209E+00 2.4543945E+00
2026 07 25 11 24 00 000 -5.2623075E+00 -3.1615465E+00 2.4533998E+00
2026 07 25 11 25 00 000 -5.2477154E+00 -3.1865198E+00 2.4523460E+00
2026 07 25 11 26 00 000 -5.2330230E+00 -3.2114401E+00 2.4512324E+00
2026 07 25 11 27 00 000 -5.2182311E+00 -3.2363076E+00 2.4500594E+00
2026 07 25 11 28 00 000 -5.2033397E+00 -3.2611211E+00 2.4488264E+00
2026 07 25 11 29 00 000 -5.1883495E+00 -3.2858807E+00 2.4475334E+00
2026 07 25 11 30 00 000 -5.1732605E+00 -3.3105861E+00 2.4461801E+00
2026 07 25 11 31 00 000 -5.1580729E+00 -3.3352358E+00 2.4447662E+00
2026 07 25 11 32 00 000 -5.1427870E+00 -3.3598299E+00 2.4432914E+00
2026 07 25 11 33 00 000 -5.1274036E+00 -3.3843686E+00 2.4417561E+00
2026 07 25 11 34 00 000 -5.1119221E+00 -3.4088498E+00 2.4401591E+00
2026 07 25 11 35 00 000 -5.0963434E+00 -3.4332745E+00 2.4385010E+00
2026 07 25 11 36 00 000 -5.0806676E+00 -3.4576417E+00 2.4367812E+00
2026 07 25 11 37 00 000 -5.0648953E+00 -3.4819509E+00 2.4349998E+00
2026 07 25 11 38 00 000 -5.0490262E+00 -3.5062010E+00 2.4331561E+00
2026 07 25 11 39 00 000 -5.0330612E+00 -3.5303925E+00 2.4312504E+00
2026 07 25 11 40 00 000 -5.0170005E+00 -3.5545249E+00 2.4292824E+00
2026 07 25 11 41 00 000 -5.0008442E+00 -3.5785971E+00 2.4272518E+00
2026 07 25 11 42 00 000 -4.9845925E+00 -3.6026086E+00 2.4251583E+00
2026 07 25 11 43 00 000 -4.9682458E+00 -3.6265593E+00 2.4230019E+00
2026 07 25 11 44 00 000 -4.9518046E+00 -3.6504485E+00 2.4207823E+00
2026 07 25 11 45 00 000 -4.9352692E+00 -3.6742758E+00 2.4184995E+00
2026 07 25 11 46 00 000 -4.9186395E+00 -3.6980404E+00 2.4161530E+00
2026 07 25 11 47 00 000 -4.9019169E+00 -3.7217430E+00 2.4137432E+00
2026 07 25 11 48 00 000 -4.8851004E+00 -3.7453815E+00 2.4112693E+00
2026 07 25 11 49 00 000 -4.8681908E+00 -3.7689563E+00 2.4087313E+00
2026 07 25 11 50 00 000 -4.8511888E+00 -3.7924669E+00 2.4061292E+00
2026 07 25 11 51 00 000 -4.8340945E+00 -3.8159128E+00 2.4034629E+00
2026 07 25 11 52 00 000 -4.8169075E+00 -3.8392928E+00 2.4007317E+00
2026 07 25 11 53 00 000 -4.7996293E+00 -3.8626073E+00 2.3979360E+00
2026 07 25 11 54 00 000 -4.7822597E+00 -3.8858557E+00 2.3950755E+00
2026 07 25 11 55 00 000 -4.7647992E+00 -3.9090374E+00 2.3921501E+00
2026 07 25 11 56 00 000 -4.7472476E+00 -3.9321515E+00 2.3891593E+00
2026 07 25 11 57 00 000 -4.7296054E+00 -3.9551979E+00 2.3861031E+00
2026 07 25 11 58 00 000 -4.7118736E+00 -3.9781764E+00 2.3829817E+00
2026 07 25 11 59 00 000 -4.6940518E+00 -4.0010855E+00 2.3797945E+00
2026 07 25 12 00 00 000 -4.6761410E+00 -4.0239262E+00 2.3765417E+00
2026 07 25 12 01 00 000 -4.6581409E+00 -4.0466969E+00 2.3732230E+00
2026 07 25 12 02 00 000 -4.6400518E+00 -4.0693972E+00 2.3698381E+00
2026 07 25 12 03 00 000 -4.6218752E+00 -4.0920278E+00 2.3663874E+00
2026 07 25 12 04 00 000 -4.6036096E+00 -4.1145861E+00 2.3628700E+00
2026 07 25 12 05 00 000 -4.5852572E+00 -4.1370741E+00 2.3592866E+00
2026 07 25 12 06 00 000 -4.5668168E+00 -4.1594888E+00 2.3556362E+00
2026 07 25 12 07 00 000 -4.5482895E+00 -4.1818312E+00 2.3519193E+00
2026 07 25 12 08 00 000 -4.5296759E+00 -4.2041009E+00 2.3481357E+00
2026 07 25 12 09 00 000 -4.5109759E+00 -4.2262968E+00 2.3442852E+00
2026 07 25 12 10 00 000 -4.4921899E+00 -4.2484186E+00 2.3403675E+00
2026 07 25 12 11 00 000 -4.4733184E+00 -4.2704659E+00 2.3363828E+00
2026 07 25 12 12 00 000 -4.4543618E+00 -4.2924383E+00 2.3323308E+00
2026 07 25 12 13 00 000 -4.4353204E+00 -4.3143354E+00 2.3282116E+00
2026 07 25 12 14 00 000 -4.4161947E+00 -4.3361567E+00 2.3240250E+00
2026 07 25 12 15 00 000 -4.3969847E+00 -4.3579015E+00 2.3197708E+00
2026 07 25 12 16 00 000 -4.3776909E+00 -4.3795690E+00 2.3154488E+00
2026 07 25 12 17 00 000 -4.3583136E+00 -4.4011591E+00 2.3110591E+00
2026 07 25 12 18 00 000 -4.3388537E+00 -4.4226718E+00 2.3066018E+00
2026 07 25 12 19 00 000 -4.3193108E+00 -4.4441057E+00 2.3020764E+00
2026 07 25 12 20 00 000 -4.2996861E+00 -4.4654613E+00 2.2974833E+00
2026 07 25 12 21 00 000 -4.2799787E+00 -4.4867367E+00 2.2928217E+00
2026 07 25 12 22 00 000 -4.2601905E+00 -4.5079331E+00 2.2880923E+00
2026 07 25 12 23 00 000 -4.2403213E+00 -4.5290496E+00 2.2832948E+00
2026 07 25 12 24 00 000 -4.2203707E+00 -4.5500845E+00 2.2784287E+00
2026 07 25 12 25 00 000 -4.2003398E+00 -4.5710379E+00 2.2734942E+00
2026 07 25 12 26 00 000 -4.1802295E+00 -4.5919107E+00 2.2684917E+00
2026 07 25 12 27 00 000 -4.1600392E+00 -4.6127008E+00 2.2634205E+00
2026 07 25 12 28 00 000 -4.1397697E+00 -4.6334081E+00 2.2582808E+00
2026 07 25 12 29 00 000 -4.1194212E+00 -4.6540325E+00 2.2530725E+00
2026 07 25 12 30 00 000 -4.0989945E+00 -4.6745732E+00 2.2477957E+00
2026 07 25 12 31 00 000 -4.0784894E+00 -4.6950295E+00 2.2424500E+00
2026 07 25 12 32 00 000 -4.0579071E+00 -4.7154020E+00 2.2370359E+00
2026 07 25 12 33 00 000 -4.0372473E+00 -4.7356892E+00 2.2315530E+00
2026 07 25 12 34 00 000 -4.0165108E+00 -4.7558911E+00 2.2260014E+00
2026 07 25 12 35 00 000 -3.9956972E+00 -4.7760062E+00 2.2203806E+00
2026 07 25 12 36 00 000 -3.9748082E+00 -4.7960359E+00 2.2146914E+00
2026 07 25 12 37 00 000 -3.9538429E+00 -4.8159778E+00 2.2089330E+00
2026 07 25 12 38 00 000 -3.9328027E+00 -4.8358328E+00 2.2031059E+00
2026 07 25 12 39 00 000 -3.9116878E+00 -4.8556004E+00 2.1972102E+00
2026 07 25 12 40 00 000 -3.8904975E+00 -4.8752785E+00 2.1912450E+00
2026 07 25 12 41 00 000 -3.8692340E+00 -4.8948688E+00 2.1852113E+00
2026 07 25 12 42 00 000 -3.8478967E+00 -4.9143699E+00 2.1791087E+00
2026 07 25 12 43 00 000 -3.8264857E+00 -4.9337807E+00 2.1729370E+00
2026 07 25 12 44 00 000 -3.8050022E+00 -4.9531018E+00 2.1666965E+00
2026 07 25 12 45 00 000 -3.7834459E+00 -4.9723318E+00 2.1603870E+00
2026 07 25 12 46 00 000 -3.7618176E+00 -4.9914707E+00 2.1540085E+00
2026 07 25 12 47 00 000 -3.7401177E+00 -5.0105181E+00 2.1475612E+00
2026 07 25 12 48 00 000 -3.7183465E+00 -5.0294736E+00 2.1410450E+00
2026 07 25 12 49 00 000 -3.6965051E+00 -5.0483372E+00 2.1344603E+00
2026 07 25 12 50 00 000 -3.6745925E+00 -5.0671068E+00 2.1278063E+00
2026 07 25 12 51 00 000 -3.6526104E+00 -5.0857837E+00 2.1210837E+00
2026 07 25 12 52 00 000 -3.6305584E+00 -5.1043662E+00 2.1142923E+00
2026 07 25 12 53 00 000 -3.6084374E+00 -5.1228545E+00 2.1074321E+00
2026 07 25 12 54 00 000 -3.5862478E+00 -5.1412482E+00 2.1005033E+00
2026 07 25 12 55 00 000 -3.5639895E+00 -5.1595461E+00 2.0935057E+00
2026 07 25 12 56 00 000 -3.5416634E+00 -5.1777485E+00 2.0864395E+00
2026 07 25 12 57 00 000 -3.5192700E+00 -5.1958548E+00 2.0793048E+00
2026 07 25 12 58 00 000 -3.4968097E+00 -5.2138646E+00 2.0721016E+00
2026 07 25 12 59 00 000 -3.4742828E+00 -5.2317775E+00 2.0648301E+00
2026 07 25 13 00 00 000 -3.4516895E+00 -5.2495924E+00 2.0574900E+00
2026 07 25 13 01 00 000 -3.4290305E+00 -5.2673093E+00 2.0500816E+00
2026 07 25 13 02 00 000 -3.4063063E+00 -5.2849280E+00 2.0426051E+00
2026 07 25 13 03 00 000 -3.3835168E+00 -5.3024473E+00 2.0350601E+00
2026 07 25 13 04 00 000 -3.3606634E+00 -5.3198678E+00 2.0274473E+00
2026 07 25 13 05 00 000 -3.3377456E+00 -5.3371881E+00 2.0197663E+00
2026 07 25 13 06 00 000 -3.3147642E+00 -5.3544081E+00 2.0120174E+00
2026 07 25 13 07 00 000 -3.2917201E+00 -5.3715281E+00 2.0042009E+00
2026 07 25 13 08 00 000 -3.2686130E+00 -5.3885464E+00 1.9963164E+00
2026 07 25 13 09 00 000 -3.2454435E+00 -5.4054630E+00 1.9883643E+00
2026 07 25 13 10 00 000 -3.2222126E+00 -5.4222782E+00 1.9803448E+00
2026 07 25 13 11 00 000 -3.1989199E+00 -5.4389902E+00 1.9722576E+00
2026 07 25 13 12 00 000 -3.1755666E+00 -5.4555998E+00 1.9641033E+00
2026 07 25 13 13 00 000 -3.1521523E+00 -5.4721054E+00 1.9558814E+00
2026 07 25 13 14 00 000 -3.1286787E+00 -5.4885081E+00 1.9475929E+00
2026 07 25 13 15 00 000 -3.1051445E+00 -5.5048053E+00 1.9392368E+00
2026 07 25 13 16 00 000 -3.0815518E+00 -5.5209987E+00 1.9308142E+00
2026 07 25 13 17 00 000 -3.0579006E+00 -5.5370873E+00 1.9223251E+00
2026 07 25 13 18 00 000 -3.0341906E+00 -5.5530695E+00 1.9137690E+00
2026 07 25 13 19 00 000 -3.0104233E+00 -5.5689465E+00 1.9051467E+00
2026 07 25 13 20 00 000 -2.9865980E+00 -5.5847161E+00 1.8964577E+00
2026 07 25 13 21 00 000 -2.9627163E+00 -5.6003796E+00 1.8877029E+00
2026 07 25 13 22 00 000 -2.9387782E+00 -5.6159359E+00 1.8788820E+00
2026 07 25 13 23 00 000 -2.9147837E+00 -5.6313840E+00 1.8699951E+00
2026 07 25 13 24 00 000 -2.8907341E+00 -5.6467246E+00 1.8610427E+00
2026 07 25 13 25 00 000 -2.8666295E+00 -5.6619565E+00 1.8520247E+00
2026 07 25 13 26 00 000 -2.8424701E+00 -5.6770794E+00 1.8429413E+00
2026 07 25 13 27 00 000 -2.8182564E+00 -5.6920926E+00 1.8337926E+00
2026 07 25 13 28 00 000 -2.7939889E+00 -5.7069959E+00 1.8245788E+00
2026 07 25 13 29 00 000 -2.7696684E+00 -5.7217891E+00 1.8153002E+00
2026 07 25 13 30 00 000 -2.7452952E+00 -5.7364720E+00 1.8059570E+00
2026 07 25 13 31 00 000 -2.7208694E+00 -5.7510434E+00 1.7965492E+00
2026 07 25 13 32 00 000 -2.6963919E+00 -5.7655033E+00 1.7870771E+00
2026 07 25 13 33 00 000 -2.6718633E+00 -5.7798520E+00 1.7775411E+00
2026 07 25 13 34 00 000 -2.6472835E+00 -5.7940878E+00 1.7679409E+00
2026 07 25 13 35 00 000 -2.6226532E+00 -5.8082106E+00 1.7582770E+00
2026 07 25 13 36 00 000 -2.5979735E+00 -5.8222214E+00 1.7485500E+00
2026 07 25 13 37 00 000 -2.5732438E+00 -5.8361177E+00 1.7387594E+00
2026 07 25 13 38 00 000 -2.5484648E+00 -5.8498998E+00 1.7289056E+00
2026 07 25 13 39 00 000 -2.5236377E+00 -5.8635683E+00 1.7189892E+00
2026 07 25 13 40 00 000 -2.4987622E+00 -5.8771215E+00 1.7090099E+00
2026 07 25 13 41 00 000 -2.4738395E+00 -5.8905601E+00 1.6989685E+00
2026 07 25 13 42 00 000 -2.4488692E+00 -5.9038826E+00 1.6888647E+00
2026 07 25 13 43 00 000 -2.4238525E+00 -5.9170894E+00 1.6786990E+00
2026 07 25 13 44 00 000 -2.3987894E+00 -5.9301797E+00 1.6684716E+00
2026 07 25 13 45 00 000 -2.3736808E+00 -5.9431535E+00 1.6581828E+00
2026 07 25 13 46 00 000 -2.3485270E+00 -5.9560103E+00 1.6478328E+00
2026 07 25 13 47 00 000 -2.3233285E+00 -5.9687497E+00 1.6374219E+00
2026 07 25 13 48 00 000 -2.2980857E+00 -5.9813710E+00 1.6269503E+00
2026 07 25 13 49 00 000 -2.2727990E+00 -5.9938739E+00 1.6164182E+00
2026 07 25 13 50 00 000 -2.2474688E+00 -6.0062579E+00 1.6058259E+00
2026 07 25 13 51 00 000 -2.2220958E+00 -6.0185232E+00 1.5951737E+00
2026 07 25 13 52 00 000 -2.1966811E+00 -6.0306697E+00 1.5844621E+00
2026 07 25 13 53 00 000 -2.1712236E+00 -6.0426952E+00 1.5736907E+00
2026 07 25 13 54 00 000 -2.1457253E+00 -6.0546009E+00 1.5628605E+00
2026 07 25 13 55 00 000 -2.1201862E+00 -6.0663866E+00 1.5519717E+00
2026 07 25 13 56 00 000 -2.0946064E+00 -6.0780511E+00 1.5410242E+00
2026 07 25 13 57 00 000 -2.0689864E+00 -6.0895938E+00 1.5300183E+00
2026 07 25 13 58 00 000 -2.0433274E+00 -6.1010155E+00 1.5189548E+00
2026 07 25 13 59 00 000 -2.0176296E+00 -6.1123150E+00 1.5078336E+00
2026 07 25 14 00 00 000 -1.9918931E+00 -6.1234920E+00 1.4966551E+00
2026 07 25 14 01 00 000 -1.9661183E+00 -6.1345460E+00 1.4854195E+00
2026 07 25 14 02 00 000 -1.9403067E+00 -6.1454775E+00 1.4741274E+00
2026 07 25 14 03 00 000 -1.9144576E+00 -6.1562851E+00 1.4627788E+00
2026 07 25 14 04 00 000 -1.8885720E+00 -6.1669687E+00 1.4513741E+00
2026 07 25 14 05 00 000 -1.8626509E+00 -6.1775293E+00 1.4399141E+00
2026 07 25 14 06 00 000 -1.8366939E+00 -6.1879641E+00 1.4283983E+00
2026 07 25 14 07 00 000 -1.8107018E+00 -6.1982743E+00 1.4168275E+00
2026 07 25 14 08 00 000 -1.7846752E+00 -6.2084593E+00 1.4052020E+00
2026 07 25 14 09 00 000 -1.7586147E+00 -6.2185192E+00 1.3935223E+00
2026 07 25 14 10 00 000 -1.7325209E+00 -6.2284531E+00 1.3817885E+00
2026 07 25 14 11 00 000 -1.7063940E+00 -6.2382609E+00 1.3700012E+00
2026 07 25 14 12 00 000 -1.6802343E+00 -6.2479420E+00 1.3581603E+00
2026 07 25 14 13 00 000 -1.6540426E+00 -6.2574959E+00 1.3462665E+00
2026 07 25 14 14 00 000 -1.6278193E+00 -6.2669227E+00 1.3343201E+00
2026 07 25 14 15 00 000 -1.6015652E+00 -6.2762220E+00 1.3223215E+00
2026 07 25 14 16 00 000 -1.5752803E+00 -6.2853936E+00 1.3102710E+00
2026 07 25 14 17 00 000 -1.5489655E+00 -6.2944367E+00 1.2981690E+00
2026 07 25 14 18 00 000 -1.5226214E+00 -6.3033516E+00 1.2860160E+00
2026 07 25 14 19 00 000 -1.4962479E+00 -6.3121376E+00 1.2738121E+00
2026 07 25 14 20 00 000 -1.4698461E+00 -6.3207943E+00 1.2615579E+00
2026 07 25 14 21 00 000 -1.4434162E+00 -6.3293218E+00 1.2492538E+00
2026 07 25 14 22 00 000 -1.4169588E+00 -6.3377194E+00 1.2369001E+00
2026 07 25 14 23 00 000 -1.3904741E+00 -6.3459868E+00 1.2244972E+00
2026 07 25 14 24 00 000 -1.3639635E+00 -6.3541242E+00 1.2120457E+00
2026 07 25 14 25 00 000 -1.3374265E+00 -6.3621309E+00 1.1995457E+00
2026 07 25 14 26 00 000 -1.3108641E+00 -6.3700068E+00 1.1869978E+00
2026 07 25 14 27 00 000 -1.2842765E+00 -6.3777507E+00 1.1744022E+00
2026 07 25 14 28 00 000 -1.2576645E+00 -6.3853637E+00 1.1617596E+00
2026 07 25 14 29 00 000 -1.2310282E+00 -6.3928445E+00 1.1490701E+00
2026 07 25 14 30 00 000 -1.2043691E+00 -6.4001938E+00 1.1363346E+00
2026 07 25 14 31 00 000 -1.1776866E+00 -6.4074099E+00 1.1235530E+00
2026 07 25 14 32 00 000 -1.1509815E+00 -6.4144935E+00 1.1107260E+00
2026 07 25 14 33 00 000 -1.1242545E+00 -6.4214444E+00 1.0978539E+00
2026 07 25 14 34 00 000 -1.0975062E+00 -6.4282618E+00 1.0849374E+00
2026 07 25 14 35 00 000 -1.0707369E+00 -6.4349464E+00 1.0719767E+00
2026 07 25 14 36 00 000 -1.0439473E+00 -6.4414964E+00 1.0589724E+00
2026 07 25 14 37 00 000 -1.0171374E+00 -6.4479126E+00 1.0459247E+00
2026 07 25 14 38 00 000 -9.9030851E-01 -6.4541945E+00 1.0328343E+00
2026 07 25 14 39 00 000 -9.6346035E-01 -6.4603420E+00 1.0197015E+00
2026 07 25 14 40 00 000 -9.3659389E-01 -6.4663546E+00 1.0065269E+00
2026 07 25 14 41 00 000 -9.0971009E-01 -6.4722324E+00 9.9331108E-01
2026 07 25 14 42 00 000 -8.8280821E-01 -6.4779744E+00 9.8005400E-01
2026 07 25 14 43 00 000 -8.5589011E-01 -6.4835814E+00 9.6675671E-01
2026 07 25 14 44 00 000 -8.2895485E-01 -6.4890520E+00 9.5341907E-01
2026 07 25 14 45 00 000 -8.0200428E-01 -6.4943869E+00 9.4004212E-01
2026 07 25 14 46 00 000 -7.7503816E-01 -6.4995854E+00 9.2662601E-01
2026 07 25 14 47 00 000 -7.4805745E-01 -6.5046473E+00 9.1317141E-01
2026 07 25 14 48 00 000 -7.2106255E-01 -6.5095733E+00 8.9967882E-01
2026 07 25 14 49 00 000 -6.9405378E-01 -6.5143618E+00 8.8614856E-01
2026 07 25 14 50 00 000 -6.6703142E-01 -6.5190127E+00 8.7258103E-01
2026 07 25 14 51 00 000 -6.3999686E-01 -6.5235265E+00 8.5897710E-01
2026 07 25 14 52 00 000 -6.1294988E-01 -6.5279027E+00 8.4533700E-01
2026 07 25 14 53 00 000 -5.8589077E-01 -6.5321411E+00 8.3166113E-01
2026 07 25 14 54 00 000 -5.5882051E-01 -6.5362415E+00 8.1795019E-01
2026 07 25 14 55 00 000 -5.3174037E-01 -6.5402039E+00 8.0420493E-01
2026 07 25 14 56 00 000 -5.0464895E-01 -6.5440273E+00 7.9042515E-01
2026 07 25 14 57 00 000 -4.7754862E-01 -6.5477124E+00 7.7661208E-01
2026 07 25 14 58 00 000 -4.5043876E-01 -6.5512584E+00 7.6276578E-01
2026 07 25 14 59 00 000 -4.2332067E-01 -6.5546662E+00 7.4888715E-01
2026 07 25 15 00 00 000 -3.9619441E-01 -6.5579339E+00 7.3497640E-01
2026 07 25 15 01 00 000 -3.6906008E-01 -6.5610622E+00 7.2103398E-01
2026 07 25 15 02 00 000 -3.4191907E-01 -6.5640517E+00 7.0706080E-01
2026 07 25 15 03 00 000 -3.1477135E-01 -6.5669010E+00 6.9305707E-01
2026 07 25 15 04 00 000 -2.8761759E-01 -6.5696103E+00 6.7902344E-01
2026 07 25 15 05 00 000 -2.6045850E-01 -6.5721798E+00 6.6496054E-01
2026 07 25 15 06 00 000 -2.3329414E-01 -6.5746089E+00 6.5086870E-01
2026 07 25 15 07 00 000 -2.0612580E-01 -6.5768974E+00 6.3674873E-01
2026 07 25 15 08 00 000 -1.7895288E-01 -6.5790456E+00 6.2260084E-01
2026 07 25 15 09 00 000 -1.5177674E-01 -6.5810529E+00 6.0842581E-01
2026 07 25 15 10 00 000 -1.2459779E-01 -6.5829196E+00 5.9422420E-01
2026 07 25 15 11 00 000 -9.7416174E-02 -6.5846447E+00 5.7999637E-01
2026 07 25 15 12 00 000 -7.0232426E-02 -6.5862294E+00 5.6574297E-01
2026 07 25 15 13 00 000 -4.3047777E-02 -6.5876722E+00 5.5146473E-01
2026 07 25 15 14 00 000 -1.5862253E-02 -6.5889744E+00 5.3716212E-01
2026 07 25 15 15 00 000 1.1323805E-02 -6.5901338E+00 5.2283548E-01
2026 07 25 15 16 00 000 3.8510054E-02 -6.5911526E+00 5.0848551E-01
2026 07 25 15 17 00 000 6.5694969E-02 -6.5920292E+00 4.9411301E-01
2026 07 25 15 18 00 000 9.2879131E-02 -6.5927638E+00 4.7971820E-01
2026 07 25 15 19 00 000 1.2006128E-01 -6.5933564E+00 4.6530191E-01
2026 07 25 15 20 00 000 1.4724120E-01 -6.5938072E+00 4.5086461E-01
2026 07 25 15 21 00 000 1.7441883E-01 -6.5941154E+00 4.3640670E-01
2026 07 25 15 22 00 000 2.0159270E-01 -6.5942812E+00 4.2192911E-01
2026 07 25 15 23 00 000 2.2876280E-01 -6.5943046E+00 4.0743223E-01
2026 07 25 15 24 00 000 2.5592914E-01 -6.5941854E+00 3.9291646E-01
2026 07 25 15 25 00 000 2.8309006E-01 -6.5939240E+00 3.7838283E-01
2026 07 25 15 26 00 000 3.1024587E-01 -6.5935193E+00 3.6383155E-01
2026 07 25 15 27 00 000 3.3739598E-01 -6.5929721E+00 3.4926331E-01
2026 07 25 15 28 00 000 3.6453911E-01 -6.5922822E+00 3.3467894E-01
2026 07 25 15 29 00 000 3.9167576E-01 -6.5914493E+00 3.2007869E-01
2026 07 25 15 30 00 000 4.1880507E-01 -6.5904729E+00 3.0546322E-01
2026 07 25 15 31 00 000 4.4592673E-01 -6.5893539E+00 2.9083313E-01
2026 07 25 15 32 00 000 4.7303938E-01 -6.5880916E+00 2.7618927E-01
2026 07 25 15 33 00 000 5.0014332E-01 -6.5866863E+00 2.6153197E-01
2026 07 25 15 34 00 000 5.2723778E-01 -6.5851375E+00 2.4686191E-01
2026 07 25 15 35 00 000 5.5432246E-01 -6.5834452E+00 2.3217960E-01
2026 07 25 15 36 00 000 5.8139627E-01 -6.5816100E+00 2.1748591E-01
2026 07 25 15 37 00 000 6.0845934E-01 -6.5796313E+00 2.0278116E-01
2026 07 25 15 38 00 000 6.3551098E-01 -6.5775092E+00 1.8806604E-01
2026 07 25 15 39 00 000 6.6255012E-01 -6.5752434E+00 1.7334134E-01
2026 07 25 15 40 00 000 6.8957714E-01 -6.5728344E+00 1.5860738E-01
2026 07 25 15 41 00 000 7.1659098E-01 -6.5702820E+00 1.4386496E-01
2026 07 25 15 42 00 000 7.4359115E-01 -6.5675860E+00 1.2911469E-01
2026 07 25 15 43 00 000 7.7057716E-01 -6.5647465E+00 1.1435715E-01
2026 07 25 15 44 00 000 7.9754874E-01 -6.5617633E+00 9.9592882E-02
2026 07 25 15 45 00 000 8.2450499E-01 -6.5586369E+00 8.4822665E-02
2026 07 25 15 46 00 000 8.5144533E-01 -6.5553668E+00 7.0047112E-02
2026 07 25 15 47 00 000 8.7836998E-01 -6.5519527E+00 5.5266568E-02
2026 07 25 15 48 00 000 9.0527792E-01 -6.5483960E+00 4.0481908E-02
2026 07 25 15 49 00 000 9.3216842E-01 -6.5446952E+00 2.5693755E-02
2026 07 25 15 50 00 000 9.5904135E-01 -6.5408511E+00 1.0902625E-02
2026 07 25 15 51 00 000 9.8589615E-01 -6.5368632E+00 -3.8908566E-03
2026 07 25 15 52 00 000 1.0127322E+00 -6.5327323E+00 -1.8685991E-02
2026 07 25 15 53 00 000 1.0395490E+00 -6.5284579E+00 -3.3482160E-02
2026 07 25 15 54 00 000 1.0663464E+00 -6.5240400E+00 -4.8278920E-02
2026 07 25 15 55 00 000 1.0931231E+00 -6.5194788E+00 -6.3075296E-02
2026 07 25 15 56 00 000 1.1198793E+00 -6.5147745E+00 -7.7870940E-02
2026 07 25 15 57 00 000 1.1466140E+00 -6.5099267E+00 -9.2665045E-02
2026 07 25 15 58 00 000 1.1733270E+00 -6.5049362E+00 -1.0745709E-01
2026 07 25 15 59 00 000 1.2000177E+00 -6.4998024E+00 -1.2224644E-01
2026 07 25 16 00 00 000 1.2266855E+00 -6.4945253E+00 -1.3703239E-01
2026 07 25 16 01 00 000 1.2533301E+00 -6.4891051E+00 -1.5181441E-01
2026 07 25 16 02 00 000 1.2799510E+00 -6.4835423E+00 -1.6659187E-01
2026 07 25 16 03 00 000 1.3065476E+00 -6.4778369E+00 -1.8136407E-01
2026 07 25 16 04 00 000 1.3331193E+00 -6.4719883E+00 -1.9613036E-01
2026 07 25 16 05 00 000 1.3596655E+00 -6.4659971E+00 -2.1089014E-01
2026 07 25 16 06 00 000 1.3861860E+00 -6.4598635E+00 -2.2564277E-01
2026 07 25 16 07 00 000 1.4126803E+00 -6.4535871E+00 -2.4038772E-01
2026 07 25 16 08 00 000 1.4391477E+00 -6.4471686E+00 -2.5512419E-01
2026 07 25 16 09 00 000 1.4655877E+00 -6.4406078E+00 -2.6985164E-01
2026 07 25 16 10 00 000 1.4919999E+00 -6.4339048E+00 -2.8456945E-01
2026 07 25 16 11 00 000 1.5183837E+00 -6.4270599E+00 -2.9927689E-01
2026 07 25 16 12 00 000 1.5447384E+00 -6.4200727E+00 -3.1397334E-01
2026 07 25 16 13 00 000 1.5710642E+00 -6.4129437E+00 -3.2865836E-01
2026 07 25 16 14 00 000 1.5973600E+00 -6.4056731E+00 -3.4333114E-01
2026 07 25 16 15 00 000 1.6236252E+00 -6.3982613E+00 -3.5799098E-01
2026 07 25 16 16 00 000 1.6498597E+00 -6.3907077E+00 -3.7263741E-01
2026 07 25 16 17 00 000 1.6760628E+00 -6.3830128E+00 -3.8726972E-01
2026 07 25 16 18 00 000 1.7022341E+00 -6.3751771E+00 -4.0188730E-01
2026 07 25 16 19 00 000 1.7283728E+00 -6.3672000E+00 -4.1648941E-01
2026 07 25 16 20 00 000 1.7544787E+00 -6.3590823E+00 -4.3107555E-01
2026 07 25 16 21 00 000 1.7805516E+00 -6.3508238E+00 -4.4564516E-01
2026 07 25 16 22 00 000 1.8065905E+00 -6.3424253E+00 -4.6019745E-01
2026 07 25 16 23 00 000 1.8325948E+00 -6.3338857E+00 -4.7473178E-01
2026 07 25 16 24 00 000 1.8585650E+00 -6.3252065E+00 -4.8924781E-01
2026 07 25 16 25 00 000 1.8844989E+00 -6.3163873E+00 -5.0374439E-01
2026 07 25 16 26 00 000 1.9103974E+00 -6.3074278E+00 -5.1822131E-01
2026 07 25 16 27 00 000 1.9362599E+00 -6.2983291E+00 -5.3267790E-01
2026 07 25 16 28 00 000 1.9620849E+00 -6.2890909E+00 -5.4711325E-01
2026 07 25 16 29 00 000 1.9878731E+00 -6.2797134E+00 -5.6152711E-01
2026 07 25 16 30 00 000 2.0136235E+00 -6.2701967E+00 -5.7591866E-01
2026 07 25 16 31 00 000 2.0393354E+00 -6.2605417E+00 -5.9028723E-01
2026 07 25 16 32 00 000 2.0650084E+00 -6.2507472E+00 -6.0463223E-01
2026 07 25 16 33 00 000 2.0906426E+00 -6.2408151E+00 -6.1895321E-01
2026 07 25 16 34 00 000 2.1162368E+00 -6.2307446E+00 -6.3324934E-01
2026 07 25 16 35 00 000 2.1417904E+00 -6.2205362E+00 -6.4751991E-01
2026 07 25 16 36 00 000 2.1673040E+00 -6.2101899E+00 -6.6176475E-01
2026 07 25 16 37 00 000 2.1927758E+00 -6.1997062E+00 -6.7598273E-01
2026 07 25 16 38 00 000 2.2182067E+00 -6.1890850E+00 -6.9017376E-01
2026 07 25 16 39 00 000 2.2435941E+00 -6.1783270E+00 -7.0433644E-01
2026 07 25 16 40 00 000 2.2689397E+00 -6.1674322E+00 -7.1847096E-01
2026 07 25 16 41 00 000 2.2942424E+00 -6.1564007E+00 -7.3257644E-01
2026 07 25 16 42 00 000 2.3195008E+00 -6.1452331E+00 -7.4665201E-01
2026 07 25 16 43 00 000 2.3447153E+00 -6.1339295E+00 -7.6069733E-01
2026 07 25 16 44 00 000 2.3698851E+00 -6.1224898E+00 -7.7471171E-01
2026 07 25 16 45 00 000 2.3950104E+00 -6.1109148E+00 -7.8869473E-01
2026 07 25 16 46 00 000 2.4200898E+00 -6.0992049E+00 -8.0264553E-01
2026 07 25 16 47 00 000 2.4451227E+00 -6.0873596E+00 -8.1656339E-01
2026 07 25 16 48 00 000 2.4701098E+00 -6.0753800E+00 -8.3044820E-01
2026 07 25 16 49 00 000 2.4950496E+00 -6.0632655E+00 -8.4429896E-01
2026 07 25 16 50 00 000 2.5199419E+00 -6.0510178E+00 -8.5811515E-01
2026 07 25 16 51 00 000 2.5447861E+00 -6.0386352E+00 -8.7189616E-01
2026 07 25 16 52 00 000 2.5695826E+00 -6.0261199E+00 -8.8564169E-01
2026 07 25 16 53 00 000 2.5943296E+00 -6.0134711E+00 -8.9935072E-01
2026 07 25 16 54 00 000 2.6190277E+00 -6.0006897E+00 -9.1302297E-01
2026 07 25 16 55 00 000 2.6436756E+00 -5.9877754E+00 -9.2665765E-01
2026 07 25 16 56 00 000 2.6682729E+00 -5.9747291E+00 -9.4025411E-01
2026 07 25 16 57 00 000 2.6928206E+00 -5.9615510E+00 -9.5381230E-01
2026 07 25 16 58 00 000 2.7173159E+00 -5.9482408E+00 -9.6733089E-01
2026 07 25 16 59 00 000 2.7417603E+00 -5.9347996E+00 -9.8080989E-01
2026 07 25 17 00 00 000 2.7661523E+00 -5.9212275E+00 -9.9424844E-01
2026 07 25 17 01 00 000 2.7904914E+00 -5.9075245E+00 -1.0076459E+00
2026 07 25 17 02 00 000 2.8147776E+00 -5.8936912E+00 -1.0210019E+00
2026 07 25 17 03 00 000 2.8390099E+00 -5.8797282E+00 -1.0343157E+00
2026 07 25 17 04 00 000 2.8631888E+00 -5.8656356E+00 -1.0475871E+00
2026 07 25 17 05 00 000 2.8873129E+00 -5.8514136E+00 -1.0608150E+00
2026 07 25 17 06 00 000 2.9113824E+00 -5.8370629E+00 -1.0739993E+00
2026 07 25 17 07 00 000 2.9353965E+00 -5.8225838E+00 -1.0871393E+00
2026 07 25 17 08 00 000 2.9593544E+00 -5.8079760E+00 -1.1002342E+00
2026 07 25 17 09 00 000 2.9832560E+00 -5.7932410E+00 -1.1132836E+00
2026 07 25 17 10 00 000 3.0071014E+00 -5.7783784E+00 -1.1262872E+00
2026 07 25 17 11 00 000 3.0308887E+00 -5.7633885E+00 -1.1392439E+00
2026 07 25 17 12 00 000 3.0546191E+00 -5.7482723E+00 -1.1521538E+00
2026 07 25 17 13 00 000 3.0782912E+00 -5.7330300E+00 -1.1650159E+00
2026 07 25 17 14 00 000 3.1019045E+00 -5.7176613E+00 -1.1778298E+00
2026 07 25 17 15 00 000 3.1254593E+00 -5.7021676E+00 -1.1905952E+00
2026 07 25 17 16 00 000 3.1489538E+00 -5.6865483E+00 -1.2033109E+00
2026 07 25 17 17 00 000 3.1723889E+00 -5.6708047E+00 -1.2159771E+00
2026 07 25 17 18 00 000 3.1957639E+00 -5.6549368E+00 -1.2285931E+00
2026 07 25 17 19 00 000 3.2190778E+00 -5.6389448E+00 -1.2411581E+00
2026 07 25 17 20 00 000 3.2423304E+00 -5.6228299E+00 -1.2536717E+00
2026 07 25 17 21 00 000 3.2655219E+00 -5.6065914E+00 -1.2661336E+00
2026 07 25 17 22 00 000 3.2886505E+00 -5.5902307E+00 -1.2785429E+00
2026 07 25 17 23 00 000 3.3117167E+00 -5.5737472E+00 -1.2908993E+00
2026 07 25 17 24 00 000 3.3347203E+00 -5.5571427E+00 -1.3032024E+00
2026 07 25 17 25 00 000 3.3576598E+00 -5.5404161E+00 -1.3154514E+00
2026 07 25 17 26 00 000 3.3805357E+00 -5.5235690E+00 -1.3276461E+00
2026 07 25 17 27 00 000 3.4033473E+00 -5.5066014E+00 -1.3397858E+00
2026 07 25 17 28 00 000 3.4260943E+00 -5.4895137E+00 -1.3518702E+00
2026 07 25 17 29 00 000 3.4487763E+00 -5.4723066E+00 -1.3638988E+00
2026 07 25 17 30 00 000 3.4713922E+00 -5.4549801E+00 -1.3758708E+00
2026 07 25 17 31 00 000 3.4939426E+00 -5.4375354E+00 -1.3877861E+00
2026 07 25 17 32 00 000 3.5164261E+00 -5.4199722E+00 -1.3996438E+00
2026 07 25 17 33 00 000 3.5388427E+00 -5.4022911E+00 -1.4114438E+00
2026 07 25 17 34 00 000 3.5611920E+00 -5.3844929E+00 -1.4231854E+00
2026 07 25 17 35 00 000 3.5834737E+00 -5.3665778E+00 -1.4348683E+00
2026 07 25 17 36 00 000 3.6056866E+00 -5.3485461E+00 -1.4464918E+00
2026 07 25 17 37 00 000 3.6278316E+00 -5.3303989E+00 -1.4580558E+00
2026 07 25 17 38 00 000 3.6499075E+00 -5.3121362E+00 -1.4695596E+00
2026 07 25 17 39 00 000 3.6719135E+00 -5.2937584E+00 -1.4810026E+00
2026 07 25 17 40 00 000 3.6938498E+00 -5.2752663E+00 -1.4923846E+00
2026 07 25 17 41 00 000 3.7157162E+00 -5.2566603E+00 -1.5037052E+00
2026 07 25 17 42 00 000 3.7375116E+00 -5.2379409E+00 -1.5149637E+00
2026 07 25 17 43 00 000 3.7592360E+00 -5.2191083E+00 -1.5261599E+00
2026 07 25 17 44 00 000 3.7808888E+00 -5.2001634E+00 -1.5372933E+00
2026 07 25 17 45 00 000 3.8024694E+00 -5.1811062E+00 -1.5483632E+00
2026 07 25 17 46 00 000 3.8239780E+00 -5.1619379E+00 -1.5593696E+00
2026 07 25 17 47 00 000 3.8454137E+00 -5.1426586E+00 -1.5703118E+00
2026 07 25 17 48 00 000 3.8667762E+00 -5.1232688E+00 -1.5811895E+00
2026 07 25 17 49 00 000 3.8880655E+00 -5.1037690E+00 -1.5920023E+00
2026 07 25 17 50 00 000 3.9092804E+00 -5.0841596E+00 -1.6027496E+00
2026 07 25 17 51 00 000 3.9304206E+00 -5.0644413E+00 -1.6134310E+00
2026 07 25 17 52 00 000 3.9514871E+00 -5.0446155E+00 -1.6240467E+00
2026 07 25 17 53 00 000 3.9724774E+00 -5.0246808E+00 -1.6345954E+00
2026 07 25 17 54 00 000 3.9933928E+00 -5.0046394E+00 -1.6450774E+00
2026 07 25 17 55 00 000 4.0142313E+00 -4.9844907E+00 -1.6554917E+00
2026 07 25 17 56 00 000 4.0349940E+00 -4.9642356E+00 -1.6658385E+00
2026 07 25 17 57 00 000 4.0556801E+00 -4.9438755E+00 -1.6761172E+00
2026 07 25 17 58 00 000 4.0762886E+00 -4.9234096E+00 -1.6863273E+00
2026 07 25 17 59 00 000 4.0968191E+00 -4.9028389E+00 -1.6964682E+00
2026 07 25 18 00 00 000 4.1172724E+00 -4.8821645E+00 -1.7065403E+00
2026 07 25 18 01 00 000 4.1376478E+00 -4.8613867E+00 -1.7165429E+00
2026 07 25 18 02 00 000 4.1579436E+00 -4.8405055E+00 -1.7264752E+00
2026 07 25 18 03 00 000 4.1781603E+00 -4.8195217E+00 -1.7363372E+00
2026 07 25 18 04 00 000 4.1982981E+00 -4.7984364E+00 -1.7461288E+00
2026 07 25 18 05 00 000 4.2183555E+00 -4.7772496E+00 -1.7558491E+00
2026 07 25 18 06 00 000 4.2383329E+00 -4.7559620E+00 -1.7654982E+00
2026 07 25 18 07 00 000 4.2582294E+00 -4.7345740E+00 -1.7750754E+00
2026 07 25 18 08 00 000 4.2780446E+00 -4.7130863E+00 -1.7845806E+00
2026 07 25 18 09 00 000 4.2977790E+00 -4.6914998E+00 -1.7940136E+00
2026 07 25 18 10 00 000 4.3174309E+00 -4.6698144E+00 -1.8033737E+00
2026 07 25 18 11 00 000 4.3370015E+00 -4.6480314E+00 -1.8126610E+00
2026 07 25 18 12 00 000 4.3564890E+00 -4.6261508E+00 -1.8218748E+00
2026 07 25 18 13 00 000 4.3758938E+00 -4.6041735E+00 -1.8310151E+00
2026 07 25 18 14 00 000 4.3952152E+00 -4.5820997E+00 -1.8400814E+00
2026 07 25 18 15 00 000 4.4144527E+00 -4.5599302E+00 -1.8490734E+00
2026 07 25 18 16 00 000 4.4336067E+00 -4.5376660E+00 -1.8579910E+00
2026 07 25 18 17 00 000 4.4526763E+00 -4.5153072E+00 -1.8668338E+00
2026 07 25 18 18 00 000 4.4716605E+00 -4.4928543E+00 -1.8756012E+00
2026 07 25 18 19 00 000 4.4905603E+00 -4.4703084E+00 -1.8842935E+00
2026 07 25 18 20 00 000 4.5093743E+00 -4.4476696E+00 -1.8929100E+00
2026 07 25 18 21 00 000 4.5281028E+00 -4.4249386E+00 -1.9014506E+00
2026 07 25 18 22 00 000 4.5467447E+00 -4.4021161E+00 -1.9099149E+00
2026 07 25 18 23 00 000 4.5653004E+00 -4.3792028E+00 -1.9183029E+00
2026 07 25 18 24 00 000 4.5837691E+00 -4.3561991E+00 -1.9266141E+00
2026 07 25 18 25 00 000 4.6021500E+00 -4.3331051E+00 -1.9348480E+00
2026 07 25 18 26 00 000 4.6204442E+00 -4.3099229E+00 -1.9430051E+00
2026 07 25 18 27 00 000 4.6386501E+00 -4.2866516E+00 -1.9510844E+00
2026 07 25 18 28 00 000 4.6567677E+00 -4.2632925E+00 -1.9590861E+00
2026 07 25 18 29 00 000 4.6747967E+00 -4.2398461E+00 -1.9670099E+00
2026 07 25 18 30 00 000 4.6927369E+00 -4.2163131E+00 -1.9748556E+00
2026 07 25 18 31 00 000 4.7105875E+00 -4.1926938E+00 -1.9826227E+00
2026 07 25 18 32 00 000 4.7283480E+00 -4.1689888E+00 -1.9903110E+00
2026 07 25 18 33 00 000 4.7460194E+00 -4.1451995E+00 -1.9979208E+00
2026 07 25 18 34 00 000 4.7635997E+00 -4.1213253E+00 -2.0054512E+00
2026 07 25 18 35 00 000 4.7810903E+00 -4.0973682E+00 -2.0129027E+00
2026 07 25 18 36 00 000 4.7984890E+00 -4.0733276E+00 -2.0202745E+00
2026 07 25 18 37 00 000 4.8157969E+00 -4.0492048E+00 -2.0275668E+00
2026 07 25 18 38 00 000 4.8330130E+00 -4.0250002E+00 -2.0347791E+00
2026 07 25 18 39 00 000 4.8501371E+00 -4.0007144E+00 -2.0419115E+00
2026 07 25 18 40 00 000 4.8671688E+00 -3.9763481E+00 -2.0489635E+00
2026 07 25 18 41 00 000 4.8841078E+00 -3.9519018E+00 -2.0559352E+00
2026 07 25 18 42 00 000 4.9009539E+00 -3.9273763E+00 -2.0628263E+00
2026 07 25 18 43 00 000 4.9177067E+00 -3.9027721E+00 -2.0696366E+00
2026 07 25 18 44 00 000 4.9343660E+00 -3.8780900E+00 -2.0763661E+00
2026 07 25 18 45 00 000 4.9509314E+00 -3.8533306E+00 -2.0830145E+00
2026 07 25 18 46 00 000 4.9674027E+00 -3.8284944E+00 -2.0895818E+00
2026 07 25 18 47 00 000 4.9837789E+00 -3.8035818E+00 -2.0960675E+00
2026 07 25 18 48 00 000 5.0000610E+00 -3.7785943E+00 -2.1024720E+00
2026 07 25 18 49 00 000 5.0162475E+00 -3.7535316E+00 -2.1087947E+00
2026 07 25 18 50 00 000 5.0323386E+00 -3.7283948E+00 -2.1150357E+00
2026 07 25 18 51 00 000 5.0483335E+00 -3.7031841E+00 -2.1211946E+00
2026 07 25 18 52 00 000 5.0642330E+00 -3.6779010E+00 -2.1272718E+00
2026 07 25 18 53 00 000 5.0800357E+00 -3.6525454E+00 -2.1332666E+00
2026 07 25 18 54 00 000 5.0957414E+00 -3.6271178E+00 -2.1391791E+00
2026 07 25 18 55 00 000 5.1113507E+00 -3.6016197E+00 -2.1450094E+00
2026 07 25 18 56 00 000 5.1268624E+00 -3.5760510E+00 -2.1507572E+00
2026 07 25 18 57 00 000 5.1422766E+00 -3.5504127E+00 -2.1564224E+00
2026 07 25 18 58 00 000 5.1575931E+00 -3.5247054E+00 -2.1620050E+00
2026 07 25 18 59 00 000 5.1728110E+00 -3.4989294E+00 -2.1675047E+00
2026 07 25 19 00 00 000 5.1879312E+00 -3.4730862E+00 -2.1729219E+00
2026 07 25 19 01 00 000 5.2029515E+00 -3.4471751E+00 -2.1782557E+00
2026 07 25 19 02 00 000 5.2178736E+00 -3.4211980E+00 -2.1835068E+00
2026 07 25 19 03 00 000 5.2326964E+00 -3.3951552E+00 -2.1886749E+00
2026 07 25 19 04 00 000 5.2474191E+00 -3.3690468E+00 -2.1937597E+00
2026 07 25 19 05 00 000 5.2620426E+00 -3.3428744E+00 -2.1987616E+00
2026 07 25 19 06 00 000 5.2765654E+00 -3.3166377E+00 -2.2036800E+00
2026 07 25 19 07 00 000 5.2909878E+00 -3.2903379E+00 -2.2085151E+00
2026 07 25 19 08 00 000 5.3053095E+00 -3.2639754E+00 -2.2132668E+00
2026 07 25 19 09 00 000 5.3195302E+00 -3.2375510E+00 -2.2179352E+00
2026 07 25 19 10 00 000 5.3336501E+00 -3.2110657E+00 -2.2225204E+00
2026 07 25 19 11 00 000 5.3476679E+00 -3.1845193E+00 -2.2270219E+00
2026 07 25 19 12 00 000 5.3615837E+00 -3.1579129E+00 -2.2314398E+00
2026 07 25 19 13 00 000 5.3753980E+00 -3.1312475E+00 -2.2357744E+00
2026 07 25 19 14 00 000 5.3891097E+00 -3.1045233E+00 -2.2400254E+00
2026 07 25 19 15 00 000 5.4027192E+00 -3.0777414E+00 -2.2441931E+00
2026 07 25 19 16 00 000 5.4162257E+00 -3.0509020E+00 -2.2482771E+00
2026 07 25 19 17 00 000 5.4296287E+00 -3.0240056E+00 -2.2522774E+00
2026 07 25 19 18 00 000 5.4429286E+00 -2.9970535E+00 -2.2561943E+00
2026 07 25 19 19 00 000 5.4561252E+00 -2.9700460E+00 -2.2600277E+00
2026 07 25 19 20 00 000 5.4692180E+00 -2.9429840E+00 -2.2637776E+00
2026 07 25 19 21 00 000 5.4822057E+00 -2.9158671E+00 -2.2674436E+00
2026 07 25 19 22 00 000 5.4950896E+00 -2.8886972E+00 -2.2710264E+00
2026 07 25 19 23 00 000 5.5078690E+00 -2.8614747E+00 -2.2745257E+00
2026 07 25 19 24 00 000 5.5205440E+00 -2.8342004E+00 -2.2779418E+00
2026 07 25 19 25 00 000 5.5331127E+00 -2.8068738E+00 -2.2812739E+00
2026 07 25 19 26 00 000 5.5455770E+00 -2.7794970E+00 -2.2845231E+00
2026 07 25 19 27 00 000 5.5579356E+00 -2.7520701E+00 -2.2876888E+00
2026 07 25 19 28 00 000 5.5701881E+00 -2.7245933E+00 -2.2907712E+00
2026 07 25 19 29 00 000 5.5823354E+00 -2.6970685E+00 -2.2937706E+00
2026 07 25 19 30 00 000 5.5943760E+00 -2.6694951E+00 -2.2966867E+00
2026 07 25 19 31 00 000 5.6063097E+00 -2.6418739E+00 -2.2995195E+00
2026 07 25 19 32 00 000 5.6181367E+00 -2.6142058E+00 -2.3022692E+00
2026 07 25 19 33 00 000 5.6298566E+00 -2.5864916E+00 -2.3049359E+00
2026 07 25 19 34 00 000 5.6414699E+00 -2.5587321E+00 -2.3075199E+00
2026 07 25 19 35 00 000 5.6529756E+00 -2.5309277E+00 -2.3100210E+00
2026 07 25 19 36 00 000 5.6643741E+00 -2.5030792E+00 -2.3124394E+00
2026 07 25 19 37 00 000 5.6756638E+00 -2.4751866E+00 -2.3147748E+00
2026 07 25 19 38 00 000 5.6868462E+00 -2.4472515E+00 -2.3170279E+00
2026 07 25 19 39 00 000 5.6979204E+00 -2.4192742E+00 -2.3191986E+00
2026 07 25 19 40 00 000 5.7088857E+00 -2.3912549E+00 -2.3212866E+00
2026 07 25 19 41 00 000 5.7197421E+00 -2.3631946E+00 -2.3232923E+00
2026 07 25 19 42 00 000 5.7304901E+00 -2.3350942E+00 -2.3252160E+00
2026 07 25 19 43 00 000 5.7411287E+00 -2.3069541E+00 -2.3270575E+00
2026 07 25 19 44 00 000 5.7516584E+00 -2.2787750E+00 -2.3288171E+00
2026 07 25 19 45 00 000 5.7620785E+00 -2.2505579E+00 -2.3304950E+00
2026 07 25 19 46 00 000 5.7723885E+00 -2.2223026E+00 -2.3320909E+00
2026 07 25 19 47 00 000 5.7825892E+00 -2.1940105E+00 -2.3336055E+00
2026 07 25 19 48 00 000 5.7926790E+00 -2.1656817E+00 -2.3350383E+00
2026 07 25 19 49 00 000 5.8026595E+00 -2.1373177E+00 -2.3363901E+00
2026 07 25 19 50 00 000 5.8125292E+00 -2.1089184E+00 -2.3376606E+00
2026 07 25 19 51 00 000 5.8222878E+00 -2.0804842E+00 -2.3388499E+00
2026 07 25 19 52 00 000 5.8319361E+00 -2.0520166E+00 -2.3399586E+00
2026 07 25 19 53 00 000 5.8414727E+00 -2.0235156E+00 -2.3409863E+00
2026 07 25 19 54 00 000 5.8508987E+00 -1.9949821E+00 -2.3419335E+00
2026 07 25 19 55 00 000 5.8602134E+00 -1.9664171E+00 -2.3428004E+00
2026 07 25 19 56 00 000 5.8694162E+00 -1.9378206E+00 -2.3435869E+00
2026 07 25 19 57 00 000 5.8785072E+00 -1.9091935E+00 -2.3442933E+00
2026 07 25 19 58 00 000 5.8874863E+00 -1.8805365E+00 -2.3449198E+00
2026 07 25 19 59 00 000 5.8963532E+00 -1.8518501E+00 -2.3454664E+00
2026 07 25 20 00 00 000 5.9051081E+00 -1.8231352E+00 -2.3459336E+00
2026 07 25 20 01 00 000 5.9137512E+00 -1.7943928E+00 -2.3463218E+00
2026 07 25 20 02 00 000 5.9222807E+00 -1.7656222E+00 -2.3466302E+00
2026 07 25 20 03 00 000 5.9306975E+00 -1.7368248E+00 -2.3468596E+00
2026 07 25 20 04 00 000 5.9390021E+00 -1.7080022E+00 -2.3470106E+00
2026 07 25 20 05 00 000 5.9471934E+00 -1.6791537E+00 -2.3470828E+00
2026 07 25 20 06 00 000 5.9552710E+00 -1.6502801E+00 -2.3470764E+00
2026 07 25 20 07 00 000 5.9632351E+00 -1.6213824E+00 -2.3469918E+00
2026 07 25 20 08 00 000 5.9710868E+00 -1.5924617E+00 -2.3468296E+00
2026 07 25 20 09 00 000 5.9788239E+00 -1.5635177E+00 -2.3465892E+00
2026 07 25 20 10 00 000 5.9864473E+00 -1.5345514E+00 -2.3462713E+00
2026 07 25 20 11 00 000 5.9939568E+00 -1.5055635E+00 -2.3458761E+00
2026 07 25 20 12 00 000 6.0013521E+00 -1.4765544E+00 -2.3454036E+00
2026 07 25 20 13 00 000 6.0086333E+00 -1.4475253E+00 -2.3448544E+00
2026 07 25 20 14 00 000 6.0158000E+00 -1.4184764E+00 -2.3442284E+00
2026 07 25 20 15 00 000 6.0228522E+00 -1.3894083E+00 -2.3435260E+00
2026 07 25 20 16 00 000 6.0297896E+00 -1.3603216E+00 -2.3427473E+00
2026 07 25 20 17 00 000 6.0366123E+00 -1.3312170E+00 -2.3418927E+00
2026 07 25 20 18 00 000 6.0433204E+00 -1.3020955E+00 -2.3409625E+00
2026 07 25 20 19 00 000 6.0499129E+00 -1.2729570E+00 -2.3399565E+00
2026 07 25 20 20 00 000 6.0563905E+00 -1.2438030E+00 -2.3388755E+00
2026 07 25 20 21 00 000 6.0627530E+00 -1.2146332E+00 -2.3377196E+00
2026 07 25 20 22 00 000 6.0689997E+00 -1.1854488E+00 -2.3364887E+00
2026 07 25 20 23 00 000 6.0751306E+00 -1.1562501E+00 -2.3351833E+00
2026 07 25 20 24 00 000 6.0811464E+00 -1.1270382E+00 -2.3338039E+00
2026 07 25 20 25 00 000 6.0870461E+00 -1.0978133E+00 -2.3323504E+00
2026 07 25 20 26 00 000 6.0928300E+00 -1.0685758E+00 -2.3308233E+00
2026 07 25 20 27 00 000 6.0984979E+00 -1.0393271E+00 -2.3292228E+00
2026 07 25 20 28 00 000 6.1040497E+00 -1.0100674E+00 -2.3275492E+00
2026 07 25 20 29 00 000 6.1094854E+00 -9.8079719E-01 -2.3258027E+00
2026 07 25 20 30 00 000 6.1148048E+00 -9.5151691E-01 -2.3239837E+00
2026 07 25 20 31 00 000 6.1200076E+00 -9.2222791E-01 -2.3220923E+00
2026 07 25 20 32 00 000 6.1250937E+00 -8.9292975E-01 -2.3201288E+00
2026 07 25 20 33 00 000 6.1300636E+00 -8.6362407E-01 -2.3180938E+00
2026 07 25 20 34 00 000 6.1349163E+00 -8.3431065E-01 -2.3159872E+00
2026 07 25 20 35 00 000 6.1396525E+00 -8.0499046E-01 -2.3138095E+00
2026 07 25 20 36 00 000 6.1442716E+00 -7.7566449E-01 -2.3115610E+00
2026 07 25 20 37 00 000 6.1487741E+00 -7.4633254E-01 -2.3092420E+00
2026 07 25 20 38 00 000 6.1531596E+00 -7.1699611E-01 -2.3068529E+00
2026 07 25 20 39 00 000 6.1574276E+00 -6.8765471E-01 -2.3043936E+00
2026 07 25 20 40 00 000 6.1615786E+00 -6.5831011E-01 -2.3018648E+00
2026 07 25 20 41 00 000 6.1656118E+00 -6.2896213E-01 -2.2992666E+00
2026 07 25 20 42 00 000 6.1695279E+00 -5.9961138E-01 -2.2965994E+00
2026 07 25 20 43 00 000 6.1733267E+00 -5.7025872E-01 -2.2938636E+00
2026 07 25 20 44 00 000 6.1770078E+00 -5.4090483E-01 -2.2910594E+00
2026 07 25 20 45 00 000 6.1805710E+00 -5.1155007E-01 -2.2881871E+00
2026 07 25 20 46 00 000 6.1840166E+00 -4.8219504E-01 -2.2852471E+00
2026 07 25 20 47 00 000 6.1873447E+00 -4.5284075E-01 -2.2822397E+00
2026 07 25 20 48 00 000 6.1905552E+00 -4.2348693E-01 -2.2791654E+00
2026 07 25 20 49 00 000 6.1936475E+00 -3.9413488E-01 -2.2760242E+00
2026 07 25 20 50 00 000 6.1966216E+00 -3.6478515E-01 -2.2728165E+00
2026 07 25 20 51 00 000 6.1994786E+00 -3.3543804E-01 -2.2695430E+00
2026 07 25 20 52 00 000 6.2022168E+00 -3.0609426E-01 -2.2662035E+00
2026 07 25 20 53 00 000 6.2048370E+00 -2.7675444E-01 -2.2627987E+00
2026 07 25 20 54 00 000 6.2073391E+00 -2.4741890E-01 -2.2593288E+00
2026 07 25 20 55 00 000 6.2097235E+00 -2.1808840E-01 -2.2557944E+00
2026 07 25 20 56 00 000 6.2119886E+00 -1.8876382E-01 -2.2521953E+00
2026 07 25 20 57 00 000 6.2141365E+00 -1.5944554E-01 -2.2485325E+00
2026 07 25 20 58 00 000 6.2161658E+00 -1.3013363E-01 -2.2448060E+00
2026 07 25 20 59 00 000 6.2180761E+00 -1.0082925E-01 -2.2410159E+00
2026 07 25 21 00 00 000 6.2198689E+00 -7.1532376E-02 -2.2371631E+00
2026 07 25 21 01 00 000 6.2215427E+00 -4.2244409E-02 -2.2332475E+00
2026 07 25 21 02 00 000 6.2230981E+00 -1.2965760E-02 -2.2292698E+00
2026 07 25 21 03 00 000 6.2245352E+00 1.6303555E-02 -2.2252303E+00
2026 07 25 21 04 00 000 6.2258536E+00 4.5562382E-02 -2.2211291E+00
2026 07 25 21 05 00 000 6.2270535E+00 7.4811019E-02 -2.2169668E+00
2026 07 25 21 06 00 000 6.2281349E+00 1.0404812E-01 -2.2127437E+00
2026 07 25 21 07 00 000 6.2290976E+00 1.3327336E-01 -2.2084601E+00
2026 07 25 21 08 00 000 6.2299420E+00 1.6248602E-01 -2.2041166E+00
2026 07 25 21 09 00 000 6.2306673E+00 1.9168567E-01 -2.1997133E+00
2026 07 25 21 10 00 000 6.2312741E+00 2.2087190E-01 -2.1952507E+00
2026 07 25 21 11 00 000 6.2317621E+00 2.5004407E-01 -2.1907291E+00
2026 07 25 21 12 00 000 6.2321317E+00 2.7920180E-01 -2.1861490E+00
2026 07 25 21 13 00 000 6.2323826E+00 3.0834363E-01 -2.1815107E+00
2026 07 25 21 14 00 000 6.2325147E+00 3.3747038E-01 -2.1768146E+00
2026 07 25 21 15 00 000 6.2325287E+00 3.6658033E-01 -2.1720612E+00
2026 07 25 21 16 00 000 6.2324232E+00 3.9567394E-01 -2.1672505E+00
2026 07 25 21 17 00 000 6.2321996E+00 4.2474973E-01 -2.1623834E+00
2026 07 25 21 18 00 000 6.2318570E+00 4.5380799E-01 -2.1574598E+00
2026 07 25 21 19 00 000 6.2313960E+00 4.8284780E-01 -2.1524804E+00
2026 07 25 21 20 00 000 6.2308160E+00 5.1186824E-01 -2.1474455E+00
2026 07 25 21 21 00 000 6.2301178E+00 5.4086925E-01 -2.1423556E+00
2026 07 25 21 22 00 000 6.2293004E+00 5.6985007E-01 -2.1372107E+00
2026 07 25 21 23 00 000 6.2283648E+00 5.9881015E-01 -2.1320117E+00
2026 07 25 21 24 00 000 6.2273106E+00 6.2774968E-01 -2.1267587E+00
2026 07 25 21 25 00 000 6.2261379E+00 6.5666683E-01 -2.1214523E+00
2026 07 25 21 26 00 000 6.2248463E+00 6.8556234E-01 -2.1160925E+00
2026 07 25 21 27 00 000 6.2234363E+00 7.1443448E-01 -2.1106802E+00
2026 07 25 21 28 00 000 6.2219074E+00 7.4328419E-01 -2.1052151E+00
2026 07 25 21 29 00 000 6.2202605E+00 7.7210986E-01 -2.0996984E+00
2026 07 25 21 30 00 000 6.2184952E+00 8.0091091E-01 -2.0941302E+00
2026 07 25 21 31 00 000 6.2166114E+00 8.2968702E-01 -2.0885107E+00
2026 07 25 21 32 00 000 6.2146092E+00 8.5843804E-01 -2.0828406E+00
2026 07 25 21 33 00 000 6.2124887E+00 8.8716316E-01 -2.0771200E+00
2026 07 25 21 34 00 000 6.2102498E+00 9.1586189E-01 -2.0713495E+00
2026 07 25 21 35 00 000 6.2078925E+00 9.4453345E-01 -2.0655294E+00
2026 07 25 21 36 00 000 6.2054172E+00 9.7317798E-01 -2.0596603E+00
2026 07 25 21 37 00 000 6.2028239E+00 1.0017942E+00 -2.0537425E+00
2026 07 25 21 38 00 000 6.2001123E+00 1.0303823E+00 -2.0477763E+00
2026 07 25 21 39 00 000 6.1972823E+00 1.0589415E+00 -2.0417621E+00
2026 07 25 21 40 00 000 6.1943349E+00 1.0874707E+00 -2.0357007E+00
2026 07 25 21 41 00 000 6.1912692E+00 1.1159706E+00 -2.0295919E+00
2026 07 25 21 42 00 000 6.1880856E+00 1.1444399E+00 -2.0234365E+00
2026 07 25 21 43 00 000 6.1847843E+00 1.1728778E+00 -2.0172350E+00
2026 07 25 21 44 00 000 6.1813652E+00 1.2012847E+00 -2.0109875E+00
2026 07 25 21 45 00 000 6.1778283E+00 1.2296594E+00 -2.0046946E+00
2026 07 25 21 46 00 000 6.1741737E+00 1.2580014E+00 -1.9983566E+00
2026 07 25 21 47 00 000 6.1704015E+00 1.2863110E+00 -1.9919740E+00
2026 07 25 21 48 00 000 6.1665119E+00 1.3145864E+00 -1.9855473E+00
2026 07 25 21 49 00 000 6.1625047E+00 1.3428283E+00 -1.9790767E+00
2026 07 25 21 50 00 000 6.1583803E+00 1.3710358E+00 -1.9725628E+00
2026 07 25 21 51 00 000 6.1541388E+00 1.3992082E+00 -1.9660061E+00
2026 07 25 21 52 00 000 6.1497799E+00 1.4273452E+00 -1.9594067E+00
2026 07 25 21 53 00 000 6.1453038E+00 1.4554463E+00 -1.9527652E+00
2026 07 25 21 54 00 000 6.1407113E+00 1.4835114E+00 -1.9460821E+00
2026 07 25 21 55 00 000 6.1360012E+00 1.5115391E+00 -1.9393576E+00
2026 07 25 21 56 00 000 6.1311744E+00 1.5395294E+00 -1.9325923E+00
2026 07 25 21 57 00 000 6.1262307E+00 1.5674823E+00 -1.9257865E+00
2026 07 25 21 58 00 000 6.1211704E+00 1.5953965E+00 -1.9189407E+00
2026 07 25 21 59 00 000 6.1159937E+00 1.6232723E+00 -1.9120553E+00
2026 07 25 22 00 00 000 6.1107007E+00 1.6511083E+00 -1.9051309E+00
2026 07 25 22 01 00 000 6.1052909E+00 1.6789053E+00 -1.8981674E+00
2026 07 25 22 02 00 000 6.0997651E+00 1.7066616E+00 -1.8911657E+00
2026 07 25 22 03 00 000 6.0941232E+00 1.7343771E+00 -1.8841262E+00
2026 07 25 22 04 00 000 6.0883652E+00 1.7620517E+00 -1.8770490E+00
2026 07 25 22 05 00 000 6.0824907E+00 1.7896846E+00 -1.8699347E+00
2026 07 25 22 06 00 000 6.0765010E+00 1.8172755E+00 -1.8627838E+00
2026 07 25 22 07 00 000 6.0703956E+00 1.8448234E+00 -1.8555968E+00
2026 07 25 22 08 00 000 6.0641743E+00 1.8723291E+00 -1.8483737E+00
2026 07 25 22 09 00 000 6.0578375E+00 1.8997909E+00 -1.8411153E+00
2026 07 25 22 10 00 000 6.0513855E+00 1.9272087E+00 -1.8338220E+00
2026 07 25 22 11 00 000 6.0448182E+00 1.9545822E+00 -1.8264941E+00
2026 07 25 22 12 00 000 6.0381358E+00 1.9819113E+00 -1.8191319E+00
2026 07 25 22 13 00 000 6.0313384E+00 2.0091942E+00 -1.8117362E+00
2026 07 25 22 14 00 000 6.0244258E+00 2.0364320E+00 -1.8043069E+00
2026 07 25 22 15 00 000 6.0173992E+00 2.0636235E+00 -1.7968450E+00
2026 07 25 22 16 00 000 6.0102575E+00 2.0907682E+00 -1.7893505E+00
2026 07 25 22 17 00 000 6.0030018E+00 2.1178662E+00 -1.7818240E+00
2026 07 25 22 18 00 000 5.9956311E+00 2.1449158E+00 -1.7742658E+00
2026 07 25 22 19 00 000 5.9881465E+00 2.1719183E+00 -1.7666763E+00
2026 07 25 22 20 00 000 5.9805481E+00 2.1988725E+00 -1.7590561E+00
2026 07 25 22 21 00 000 5.9728356E+00 2.2257774E+00 -1.7514055E+00
2026 07 25 22 22 00 000 5.9650096E+00 2.2526329E+00 -1.7437251E+00
2026 07 25 22 23 00 000 5.9570696E+00 2.2794386E+00 -1.7360149E+00
2026 07 25 22 24 00 000 5.9490161E+00 2.3061944E+00 -1.7282755E+00
2026 07 25 22 25 00 000 5.9408499E+00 2.3328996E+00 -1.7205077E+00
2026 07 25 22 26 00 000 5.9325696E+00 2.3595534E+00 -1.7127113E+00
2026 07 25 22 27 00 000 5.9241771E+00 2.3861562E+00 -1.7048871E+00
2026 07 25 22 28 00 000 5.9156715E+00 2.4127068E+00 -1.6970355E+00
2026 07 25 22 29 00 000 5.9070536E+00 2.4392050E+00 -1.6891569E+00
2026 07 25 22 30 00 000 5.8983226E+00 2.4656507E+00 -1.6812514E+00
2026 07 25 22 31 00 000 5.8894798E+00 2.4920430E+00 -1.6733199E+00
2026 07 25 22 32 00 000 5.8805244E+00 2.5183817E+00 -1.6653625E+00
2026 07 25 22 33 00 000 5.8714573E+00 2.5446662E+00 -1.6573797E+00
2026 07 25 22 34 00 000 5.8622783E+00 2.5708968E+00 -1.6493718E+00
2026 07 25 22 35 00 000 5.8529879E+00 2.5970723E+00 -1.6413395E+00
2026 07 25 22 36 00 000 5.8435856E+00 2.6231921E+00 -1.6332829E+00
2026 07 25 22 37 00 000 5.8340724E+00 2.6492568E+00 -1.6252025E+00
2026 07 25 22 38 00 000 5.8244477E+00 2.6752648E+00 -1.6170987E+00
2026 07 25 22 39 00 000 5.8147124E+00 2.7012166E+00 -1.6089721E+00
2026 07 25 22 40 00 000 5.8048662E+00 2.7271115E+00 -1.6008228E+00
2026 07 25 22 41 00 000 5.7949095E+00 2.7529490E+00 -1.5926514E+00
2026 07 25 22 42 00 000 5.7848405E+00 2.7787335E+00 -1.5844567E+00
2026 07 25 22 43 00 000 5.7746637E+00 2.8044530E+00 -1.5762427E+00
2026 07 25 22 44 00 000 5.7643768E+00 2.8301146E+00 -1.5680076E+00
2026 07 25 22 45 00 000 5.7539804E+00 2.8557171E+00 -1.5597522E+00
2026 07 25 22 46 00 000 5.7434743E+00 2.8812601E+00 -1.5514765E+00
2026 07 25 22 47 00 000 5.7328592E+00 2.9067434E+00 -1.5431813E+00
2026 07 25 22 48 00 000 5.7221344E+00 2.9321661E+00 -1.5348665E+00
2026 07 25 22 49 00 000 5.7113013E+00 2.9575292E+00 -1.5265330E+00
2026 07 25 22 50 00 000 5.7003556E+00 2.9828371E+00 -1.5181785E+00
2026 07 25 22 51 00 000 5.6893042E+00 3.0080787E+00 -1.5098077E+00
2026 07 25 22 52 00 000 5.6781444E+00 3.0332589E+00 -1.5014191E+00
2026 07 25 22 53 00 000 5.6668760E+00 3.0583764E+00 -1.4930131E+00
2026 07 25 22 54 00 000 5.6555002E+00 3.0834314E+00 -1.4845903E+00
2026 07 25 22 55 00 000 5.6440164E+00 3.1084236E+00 -1.4761508E+00
2026 07 25 22 56 00 000 5.6324253E+00 3.1333525E+00 -1.4676951E+00
2026 07 25 22 57 00 000 5.6207268E+00 3.1582178E+00 -1.4592237E+00
2026 07 25 22 58 00 000 5.6089213E+00 3.1830185E+00 -1.4507369E+00
2026 07 25 22 59 00 000 5.5970089E+00 3.2077550E+00 -1.4422349E+00
2026 07 25 23 00 00 000 5.5849902E+00 3.2324267E+00 -1.4337185E+00
2026 07 25 23 01 00 000 5.5728647E+00 3.2570333E+00 -1.4251877E+00
2026 07 25 23 02 00 000 5.5606332E+00 3.2815737E+00 -1.4166431E+00
2026 07 25 23 03 00 000 5.5482960E+00 3.3060486E+00 -1.4080850E+00
2026 07 25 23 04 00 000 5.5358531E+00 3.3304575E+00 -1.3995137E+00
2026 07 25 23 05 00 000 5.5233045E+00 3.3547990E+00 -1.3909298E+00
2026 07 25 23 06 00 000 5.5106512E+00 3.3790736E+00 -1.3823336E+00
2026 07 25 23 07 00 000 5.4978923E+00 3.4032804E+00 -1.3737253E+00
2026 07 25 23 08 00 000 5.4850288E+00 3.4274196E+00 -1.3651053E+00
2026 07 25 23 09 00 000 5.4720608E+00 3.4514902E+00 -1.3564742E+00
2026 07 25 23 10 00 000 5.4589891E+00 3.4754925E+00 -1.3478324E+00
2026 07 25 23 11 00 000 5.4458131E+00 3.4994259E+00 -1.3391799E+00
2026 07 25 23 12 00 000 5.4325335E+00 3.5232901E+00 -1.3305174E+00
2026 07 25 23 13 00 000 5.4191501E+00 3.5470843E+00 -1.3218451E+00
2026 07 25 23 14 00 000 5.4056639E+00 3.5708086E+00 -1.3131635E+00
2026 07 25 23 15 00 000 5.3920746E+00 3.5944627E+00 -1.3044728E+00
2026 07 25 23 16 00 000 5.3783822E+00 3.6180457E+00 -1.2957733E+00
2026 07 25 23 17 00 000 5.3645876E+00 3.6415573E+00 -1.2870658E+00
2026 07 25 23 18 00 000 5.3506911E+00 3.6649977E+00 -1.2783503E+00
2026 07 25 23 19 00 000 5.3366923E+00 3.6883664E+00 -1.2696270E+00
2026 07 25 23 20 00 000 5.3225924E+00 3.7116632E+00 -1.2608968E+00
2026 07 25 23 21 00 000 5.3083907E+00 3.7348871E+00 -1.2521596E+00
2026 07 25 23 22 00 000 5.2940877E+00 3.7580377E+00 -1.2434158E+00
2026 07 25 23 23 00 000 5.2796842E+00 3.7811153E+00 -1.2346660E+00
2026 07 25 23 24 00 000 5.2651803E+00 3.8041199E+00 -1.2259103E+00
2026 07 25 23 25 00 000 5.2505759E+00 3.8270500E+00 -1.2171492E+00
2026 07 25 23 26 00 000 5.2358713E+00 3.8499058E+00 -1.2083830E+00
2026 07 25 23 27 00 000 5.2210669E+00 3.8726871E+00 -1.1996119E+00
2026 07 25 23 28 00 000 5.2061634E+00 3.8953932E+00 -1.1908366E+00
2026 07 25 23 29 00 000 5.1911606E+00 3.9180244E+00 -1.1820571E+00
2026 07 25 23 30 00 000 5.1760592E+00 3.9405801E+00 -1.1732739E+00
2026 07 25 23 31 00 000 5.1608589E+00 3.9630593E+00 -1.1644873E+00
2026 07 25 23 32 00 000 5.1455602E+00 3.9854624E+00 -1.1556975E+00
2026 07 25 23 33 00 000 5.1301637E+00 4.0077888E+00 -1.1469051E+00
2026 07 25 23 34 00 000 5.1146693E+00 4.0300380E+00 -1.1381103E+00
2026 07 25 23 35 00 000 5.0990776E+00 4.0522100E+00 -1.1293134E+00
2026 07 25 23 36 00 000 5.0833889E+00 4.0743048E+00 -1.1205148E+00
2026 07 25 23 37 00 000 5.0676032E+00 4.0963214E+00 -1.1117148E+00
2026 07 25 23 38 00 000 5.0517210E+00 4.1182594E+00 -1.1029137E+00
2026 07 25 23 39 00 000 5.0357428E+00 4.1401192E+00 -1.0941119E+00
2026 07 25 23 40 00 000 5.0196681E+00 4.1618996E+00 -1.0853095E+00
2026 07 25 23 41 00 000 5.0034982E+00 4.1836006E+00 -1.0765072E+00
2026 07 25 23 42 00 000 4.9872332E+00 4.2052227E+00 -1.0677050E+00
2026 07 25 23 43 00 000 4.9708728E+00 4.2267644E+00 -1.0589032E+00
2026 07 25 23 44 00 000 4.9544178E+00 4.2482263E+00 -1.0501023E+00
2026 07 25 23 45 00 000 4.9378687E+00 4.2696070E+00 -1.0413027E+00
2026 07 25 23 46 00 000 4.9212252E+00 4.2909070E+00 -1.0325044E+00
2026 07 25 23 47 00 000 4.9044880E+00 4.3121258E+00 -1.0237079E+00
2026 07 25 23 48 00 000 4.8876574E+00 4.3332634E+00 -1.0149134E+00
2026 07 25 23 49 00 000 4.8707341E+00 4.3543193E+00 -1.0061214E+00
2026 07 25 23 50 00 000 4.8537173E+00 4.3752923E+00 -9.9733198E-01
2026 07 25 23 51 00 000 4.8366089E+00 4.3961841E+00 -9.8854561E-01
2026 07 25 23 52 00 000 4.8194076E+00 4.4169920E+00 -9.7976240E-01
2026 07 25 23 53 00 000 4.8021150E+00 4.4377176E+00 -9.7098285E-01
2026 07 25 23 54 00 000 4.7847303E+00 4.4583589E+00 -9.6220708E-01
2026 07 25 23 55 00 000 4.7672553E+00 4.4789175E+00 -9.5343560E-01
2026 07 25 23 56 00 000 4.7496891E+00 4.4993922E+00 -9.4466842E-01
2026 07 25 23 57 00 000 4.7320324E+00 4.5197819E+00 -9.3590607E-01
2026 07 25 23 58 00 000 4.7142854E+00 4.5400873E+00 -9.2714864E-01
2026 07 25 23 59 00 000 4.6964489E+00 4.5603081E+00 -9.1839658E-01
