Created with swmf_orbit_fetch.py on 2026-10-08 15:5300

#COOR
GSM

#START
2026 07 23 00 00 00 000 1.9507589E+00 -1.9847748E+00 3.5420778E+00
2026 07 23 00 00 30 000 1.9576513E+00 -1.9656309E+00 3.5310066E+00
2026 07 23 00 01 00 000 1.9645139E+00 -1.9464570E+00 3.5198781E+00
2026 07 23 00 01 30 000 1.9713464E+00 -1.9272533E+00 3.5086921E+00
2026 07 23 00 02 00 000 1.9781483E+00 -1.9080198E+00 3.4974481E+00
2026 07 23 00 02 30 000 1.9849193E+00 -1.8887566E+00 3.4861458E+00
2026 07 23 00 03 00 000 1.9916589E+00 -1.8694638E+00 3.4747847E+00
2026 07 23 00 03 30 000 1.9983667E+00 -1.8501414E+00 3.4633645E+00
2026 07 23 00 04 00 000 2.0050424E+00 -1.8307894E+00 3.4518847E+00
2026 07 23 00 04 30 000 2.0116854E+00 -1.8114079E+00 3.4403449E+00
2026 07 23 00 05 00 000 2.0182954E+00 -1.7919971E+00 3.4287448E+00
2026 07 23 00 05 30 000 2.0248720E+00 -1.7725569E+00 3.4170839E+00
2026 07 23 00 06 00 000 2.0314147E+00 -1.7530874E+00 3.4053618E+00
2026 07 23 00 06 30 000 2.0379230E+00 -1.7335888E+00 3.3935781E+00
2026 07 23 00 07 00 000 2.0443965E+00 -1.7140612E+00 3.3817324E+00
2026 07 23 00 07 30 000 2.0508347E+00 -1.6945046E+00 3.3698243E+00
2026 07 23 00 08 00 000 2.0572373E+00 -1.6749191E+00 3.3578534E+00
2026 07 23 00 08 30 000 2.0636037E+00 -1.6553047E+00 3.3458191E+00
2026 07 23 00 09 00 000 2.0699334E+00 -1.6356617E+00 3.3337212E+00
2026 07 23 00 09 30 000 2.0762259E+00 -1.6159901E+00 3.3215592E+00
2026 07 23 00 10 00 000 2.0824809E+00 -1.5962900E+00 3.3093327E+00
2026 07 23 00 10 30 000 2.0886977E+00 -1.5765616E+00 3.2970412E+00
2026 07 23 00 11 00 000 2.0948759E+00 -1.5568049E+00 3.2846843E+00
2026 07 23 00 11 30 000 2.1010151E+00 -1.5370201E+00 3.2722616E+00
2026 07 23 00 12 00 000 2.1071145E+00 -1.5172074E+00 3.2597726E+00
2026 07 23 00 12 30 000 2.1131739E+00 -1.4973667E+00 3.2472170E+00
2026 07 23 00 13 00 000 2.1191926E+00 -1.4774983E+00 3.2345942E+00
2026 07 23 00 13 30 000 2.1251700E+00 -1.4576023E+00 3.2219038E+00
2026 07 23 00 14 00 000 2.1311058E+00 -1.4376789E+00 3.2091454E+00
2026 07 23 00 14 30 000 2.1369992E+00 -1.4177282E+00 3.1963186E+00
2026 07 23 00 15 00 000 2.1428498E+00 -1.3977504E+00 3.1834228E+00
2026 07 23 00 15 30 000 2.1486571E+00 -1.3777456E+00 3.1704577E+00
2026 07 23 00 16 00 000 2.1544203E+00 -1.3577140E+00 3.1574228E+00
2026 07 23 00 16 30 000 2.1601390E+00 -1.3376558E+00 3.1443178E+00
2026 07 23 00 17 00 000 2.1658126E+00 -1.3175711E+00 3.1311419E+00
2026 07 23 00 17 30 000 2.1714406E+00 -1.2974602E+00 3.1178950E+00
2026 07 23 00 18 00 000 2.1770222E+00 -1.2773232E+00 3.1045764E+00
2026 07 23 00 18 30 000 2.1825569E+00 -1.2571603E+00 3.0911859E+00
2026 07 23 00 19 00 000 2.1880441E+00 -1.2369718E+00 3.0777228E+00
2026 07 23 00 19 30 000 2.1934832E+00 -1.2167577E+00 3.0641867E+00
2026 07 23 00 20 00 000 2.1988735E+00 -1.1965185E+00 3.0505772E+00
2026 07 23 00 20 30 000 2.2042144E+00 -1.1762542E+00 3.0368939E+00
2026 07 23 00 21 00 000 2.2095053E+00 -1.1559652E+00 3.0231362E+00
2026 07 23 00 21 30 000 2.2147456E+00 -1.1356516E+00 3.0093038E+00
2026 07 23 00 22 00 000 2.2199345E+00 -1.1153137E+00 2.9953960E+00
2026 07 23 00 22 30 000 2.2250714E+00 -1.0949517E+00 2.9814126E+00
2026 07 23 00 23 00 000 2.2301556E+00 -1.0745660E+00 2.9673530E+00
2026 07 23 00 23 30 000 2.2351864E+00 -1.0541567E+00 2.9532168E+00
2026 07 23 00 24 00 000 2.2401632E+00 -1.0337241E+00 2.9390034E+00
2026 07 23 00 24 30 000 2.2450853E+00 -1.0132686E+00 2.9247125E+00
2026 07 23 00 25 00 000 2.2499519E+00 -9.9279038E-01 2.9103435E+00
2026 07 23 00 25 30 000 2.2547624E+00 -9.7228987E-01 2.8958961E+00
2026 07 23 00 26 00 000 2.2595159E+00 -9.5176722E-01 2.8813697E+00
2026 07 23 00 26 30 000 2.2642118E+00 -9.3122281E-01 2.8667639E+00
2026 07 23 00 27 00 000 2.2688494E+00 -9.1065697E-01 2.8520783E+00
2026 07 23 00 27 30 000 2.2734278E+00 -8.9007011E-01 2.8373123E+00
2026 07 23 00 28 00 000 2.2779464E+00 -8.6946246E-01 2.8224655E+00
2026 07 23 00 28 30 000 2.2824043E+00 -8.4883439E-01 2.8075374E+00
2026 07 23 00 29 00 000 2.2868008E+00 -8.2818629E-01 2.7925277E+00
2026 07 23 00 29 30 000 2.2911351E+00 -8.0751856E-01 2.7774357E+00
2026 07 23 00 30 00 000 2.2954064E+00 -7.8683159E-01 2.7622612E+00
2026 07 23 00 30 30 000 2.2996139E+00 -7.6612569E-01 2.7470035E+00
2026 07 23 00 31 00 000 2.3037568E+00 -7.4540130E-01 2.7316623E+00
2026 07 23 00 31 30 000 2.3078342E+00 -7.2465885E-01 2.7162371E+00
2026 07 23 00 32 00 000 2.3118454E+00 -7.0389883E-01 2.7007275E+00
2026 07 23 00 32 30 000 2.3157894E+00 -6.8312156E-01 2.6851330E+00
2026 07 23 00 33 00 000 2.3196655E+00 -6.6232752E-01 2.6694532E+00
2026 07 23 00 33 30 000 2.3234727E+00 -6.4151721E-01 2.6536875E+00
2026 07 23 00 34 00 000 2.3272103E+00 -6.2069108E-01 2.6378357E+00
2026 07 23 00 34 30 000 2.3308773E+00 -5.9984966E-01 2.6218973E+00
2026 07 23 00 35 00 000 2.3344729E+00 -5.7899334E-01 2.6058717E+00
2026 07 23 00 35 30 000 2.3379961E+00 -5.5812269E-01 2.5897586E+00
2026 07 23 00 36 00 000 2.3414460E+00 -5.3723823E-01 2.5735575E+00
2026 07 23 00 36 30 000 2.3448218E+00 -5.1634053E-01 2.5572681E+00
2026 07 23 00 37 00 000 2.3481225E+00 -4.9543010E-01 2.5408899E+00
2026 07 23 00 37 30 000 2.3513471E+00 -4.7450746E-01 2.5244225E+00
2026 07 23 00 38 00 000 2.3544948E+00 -4.5357323E-01 2.5078655E+00
2026 07 23 00 38 30 000 2.3575645E+00 -4.3262799E-01 2.4912184E+00
2026 07 23 00 39 00 000 2.3605554E+00 -4.1167241E-01 2.4744810E+00
2026 07 23 00 39 30 000 2.3634664E+00 -3.9070696E-01 2.4576527E+00
2026 07 23 00 40 00 000 2.3662966E+00 -3.6973233E-01 2.4407332E+00
2026 07 23 00 40 30 000 2.3690450E+00 -3.4874922E-01 2.4237221E+00
2026 07 23 00 41 00 000 2.3717105E+00 -3.2775827E-01 2.4066191E+00
2026 07 23 00 41 30 000 2.3742922E+00 -3.0676015E-01 2.3894237E+00
2026 07 23 00 42 00 000 2.3767891E+00 -2.8575551E-01 2.3721356E+00
2026 07 23 00 42 30 000 2.3792002E+00 -2.6474509E-01 2.3547545E+00
2026 07 23 00 43 00 000 2.3815243E+00 -2.4372962E-01 2.3372799E+00
2026 07 23 00 43 30 000 2.3837605E+00 -2.2270987E-01 2.3197117E+00
2026 07 23 00 44 00 000 2.3859077E+00 -2.0168651E-01 2.3020493E+00
2026 07 23 00 44 30 000 2.3879649E+00 -1.8066034E-01 2.2842925E+00
2026 07 23 00 45 00 000 2.3899309E+00 -1.5963218E-01 2.2664410E+00
2026 07 23 00 45 30 000 2.3918048E+00 -1.3860288E-01 2.2484945E+00
2026 07 23 00 46 00 000 2.3935854E+00 -1.1757314E-01 2.2304527E+00
2026 07 23 00 46 30 000 2.3952717E+00 -9.6543878E-02 2.2123152E+00
2026 07 23 00 47 00 000 2.3968625E+00 -7.5515939E-02 2.1940819E+00
2026 07 23 00 47 30 000 2.3983568E+00 -5.4490195E-02 2.1757524E+00
2026 07 23 00 48 00 000 2.3997534E+00 -3.3467613E-02 2.1573266E+00
2026 07 23 00 48 30 000 2.4010513E+00 -1.2448990E-02 2.1388041E+00
2026 07 23 00 49 00 000 2.4022492E+00 8.5646794E-03 2.1201848E+00
2026 07 23 00 49 30 000 2.4033461E+00 2.9572455E-02 2.1014683E+00
2026 07 23 00 50 00 000 2.4043409E+00 5.0573313E-02 2.0826547E+00
2026 07 23 00 50 30 000 2.4052323E+00 7.1566379E-02 2.0637435E+00
2026 07 23 00 51 00 000 2.4060193E+00 9.2550585E-02 2.0447347E+00
2026 07 23 00 51 30 000 2.4067007E+00 1.1352487E-01 2.0256280E+00
2026 07 23 00 52 00 000 2.4072753E+00 1.3448824E-01 2.0064235E+00
2026 07 23 00 52 30 000 2.4077420E+00 1.5543952E-01 1.9871209E+00
2026 07 23 00 53 00 000 2.4080996E+00 1.7637777E-01 1.9677201E+00
2026 07 23 00 53 30 000 2.4083470E+00 1.9730179E-01 1.9482210E+00
2026 07 23 00 54 00 000 2.4084829E+00 2.1821049E-01 1.9286235E+00
2026 07 23 00 54 30 000 2.4085062E+00 2.3910264E-01 1.9089277E+00
2026 07 23 00 55 00 000 2.4084157E+00 2.5997720E-01 1.8891334E+00
2026 07 23 00 55 30 000 2.4082103E+00 2.8083291E-01 1.8692405E+00
2026 07 23 00 56 00 000 2.4078887E+00 3.0166855E-01 1.8492492E+00
2026 07 23 00 56 30 000 2.4074498E+00 3.2248290E-01 1.8291595E+00
2026 07 23 00 57 00 000 2.4068923E+00 3.4327465E-01 1.8089713E+00
2026 07 23 00 57 30 000 2.4062152E+00 3.6404265E-01 1.7886847E+00
2026 07 23 00 58 00 000 2.4054172E+00 3.8478554E-01 1.7682998E+00
2026 07 23 00 58 30 000 2.4044972E+00 4.0550201E-01 1.7478167E+00
2026 07 23 00 59 00 000 2.4034539E+00 4.2619071E-01 1.7272354E+00
2026 07 23 00 59 30 000 2.4022862E+00 4.4685028E-01 1.7065563E+00
2026 07 23 01 00 00 000 2.4009929E+00 4.6747937E-01 1.6857794E+00
2026 07 23 01 00 30 000 2.3995728E+00 4.8807658E-01 1.6649049E+00
2026 07 23 01 01 00 000 2.3980248E+00 5.0864047E-01 1.6439330E+00
2026 07 23 01 01 30 000 2.3963478E+00 5.2916957E-01 1.6228641E+00
2026 07 23 01 02 00 000 2.3945404E+00 5.4966252E-01 1.6016982E+00
2026 07 23 01 02 30 000 2.3926017E+00 5.7011778E-01 1.5804358E+00
2026 07 23 01 03 00 000 2.3905304E+00 5.9053386E-01 1.5590772E+00
2026 07 23 01 03 30 000 2.3883255E+00 6.1090921E-01 1.5376227E+00
2026 07 23 01 04 00 000 2.3859857E+00 6.3124232E-01 1.5160727E+00
2026 07 23 01 04 30 000 2.3835100E+00 6.5153166E-01 1.4944275E+00
2026 07 23 01 05 00 000 2.3808973E+00 6.7177563E-01 1.4726877E+00
2026 07 23 01 05 30 000 2.3781465E+00 6.9197263E-01 1.4508537E+00
2026 07 23 01 06 00 000 2.3752564E+00 7.1212099E-01 1.4289260E+00
2026 07 23 01 06 30 000 2.3722260E+00 7.3221919E-01 1.4069050E+00
2026 07 23 01 07 00 000 2.3690543E+00 7.5226554E-01 1.3847914E+00
2026 07 23 01 07 30 000 2.3657403E+00 7.7225837E-01 1.3625857E+00
2026 07 23 01 08 00 000 2.3622827E+00 7.9219593E-01 1.3402887E+00
2026 07 23 01 08 30 000 2.3586808E+00 8.1207665E-01 1.3179008E+00
2026 07 23 01 09 00 000 2.3549334E+00 8.3189875E-01 1.2954228E+00
2026 07 23 01 09 30 000 2.3510396E+00 8.5166051E-01 1.2728553E+00
2026 07 23 01 10 00 000 2.3469984E+00 8.7136019E-01 1.2501992E+00
2026 07 23 01 10 30 000 2.3428089E+00 8.9099597E-01 1.2274553E+00
2026 07 23 01 11 00 000 2.3384701E+00 9.1056619E-01 1.2046242E+00
2026 07 23 01 11 30 000 2.3339812E+00 9.3006903E-01 1.1817069E+00
2026 07 23 01 12 00 000 2.3293414E+00 9.4950267E-01 1.1587042E+00
2026 07 23 01 12 30 000 2.3245496E+00 9.6886528E-01 1.1356172E+00
2026 07 23 01 13 00 000 2.3196052E+00 9.8815513E-01 1.1124466E+00
2026 07 23 01 13 30 000 2.3145072E+00 1.0073704E+00 1.0891935E+00
2026 07 23 01 14 00 000 2.3092550E+00 1.0265092E+00 1.0658589E+00
2026 07 23 01 14 30 000 2.3038477E+00 1.0455696E+00 1.0424438E+00
2026 07 23 01 15 00 000 2.2982848E+00 1.0645499E+00 1.0189495E+00
2026 07 23 01 15 30 000 2.2925654E+00 1.0834482E+00 9.9537687E-01
2026 07 23 01 16 00 000 2.2866889E+00 1.1022627E+00 9.7172714E-01
2026 07 23 01 16 30 000 2.2806547E+00 1.1209915E+00 9.4800152E-01
2026 07 23 01 17 00 000 2.2744622E+00 1.1396326E+00 9.2420128E-01
2026 07 23 01 17 30 000 2.2681108E+00 1.1581844E+00 9.0032758E-01
2026 07 23 01 18 00 000 2.2615999E+00 1.1766448E+00 8.7638171E-01
2026 07 23 01 18 30 000 2.2549292E+00 1.1950121E+00 8.5236507E-01
2026 07 23 01 19 00 000 2.2480981E+00 1.2132843E+00 8.2827897E-01
2026 07 23 01 19 30 000 2.2411062E+00 1.2314596E+00 8.0412490E-01
2026 07 23 01 20 00 000 2.2339532E+00 1.2495361E+00 7.7990413E-01
2026 07 23 01 20 30 000 2.2266386E+00 1.2675121E+00 7.5561819E-01
2026 07 23 01 21 00 000 2.2191622E+00 1.2853855E+00 7.3126857E-01
2026 07 23 01 21 30 000 2.2115237E+00 1.3031547E+00 7.0685683E-01
2026 07 23 01 22 00 000 2.2037228E+00 1.3208177E+00 6.8238447E-01
2026 07 23 01 22 30 000 2.1957594E+00 1.3383728E+00 6.5785303E-01
2026 07 23 01 23 00 000 2.1876334E+00 1.3558182E+00 6.3326418E-01
2026 07 23 01 23 30 000 2.1793445E+00 1.3731520E+00 6.0861955E-01
2026 07 23 01 24 00 000 2.1708929E+00 1.3903724E+00 5.8392088E-01
2026 07 23 01 24 30 000 2.1622783E+00 1.4074777E+00 5.5916972E-01
2026 07 23 01 25 00 000 2.1535010E+00 1.4244662E+00 5.3436786E-01
2026 07 23 01 25 30 000 2.1445608E+00 1.4413360E+00 5.0951706E-01
2026 07 23 01 26 00 000 2.1354580E+00 1.4580856E+00 4.8461913E-01
2026 07 23 01 26 30 000 2.1261927E+00 1.4747131E+00 4.5967582E-01
2026 07 23 01 27 00 000 2.1167651E+00 1.4912169E+00 4.3468891E-01
2026 07 23 01 27 30 000 2.1071754E+00 1.5075954E+00 4.0966029E-01
2026 07 23 01 28 00 000 2.0974240E+00 1.5238470E+00 3.8459184E-01
2026 07 23 01 28 30 000 2.0875112E+00 1.5399699E+00 3.5948547E-01
2026 07 23 01 29 00 000 2.0774373E+00 1.5559626E+00 3.3434299E-01
2026 07 23 01 29 30 000 2.0672027E+00 1.5718237E+00 3.0916636E-01
2026 07 23 01 30 00 000 2.0568081E+00 1.5875516E+00 2.8395752E-01
2026 07 23 01 30 30 000 2.0462538E+00 1.6031447E+00 2.5871851E-01
2026 07 23 01 31 00 000 2.0355404E+00 1.6186016E+00 2.3345115E-01
2026 07 23 01 31 30 000 2.0246686E+00 1.6339209E+00 2.0815749E-01
2026 07 23 01 32 00 000 2.0136390E+00 1.6491012E+00 1.8283951E-01
2026 07 23 01 32 30 000 2.0024523E+00 1.6641410E+00 1.5749924E-01
2026 07 23 01 33 00 000 1.9911093E+00 1.6790392E+00 1.3213873E-01
2026 07 23 01 33 30 000 1.9796107E+00 1.6937943E+00 1.0675989E-01
2026 07 23 01 34 00 000 1.9679573E+00 1.7084052E+00 8.1364778E-02
2026 07 23 01 34 30 000 1.9561501E+00 1.7228706E+00 5.5955456E-02
2026 07 23 01 35 00 000 1.9441900E+00 1.7371892E+00 3.0534026E-02
2026 07 23 01 35 30 000 1.9320778E+00 1.7513601E+00 5.1023861E-03
2026 07 23 01 36 00 000 1.9198147E+00 1.7653820E+00 -2.0337360E-02
2026 07 23 01 36 30 000 1.9074016E+00 1.7792540E+00 -4.5783163E-02
2026 07 23 01 37 00 000 1.8948396E+00 1.7929749E+00 -7.1232997E-02
2026 07 23 01 37 30 000 1.8821299E+00 1.8065438E+00 -9.6684745E-02
2026 07 23 01 38 00 000 1.8692736E+00 1.8199598E+00 -1.2213653E-01
2026 07 23 01 38 30 000 1.8562719E+00 1.8332220E+00 -1.4758624E-01
2026 07 23 01 39 00 000 1.8431260E+00 1.8463294E+00 -1.7303187E-01
2026 07 23 01 39 30 000 1.8298372E+00 1.8592814E+00 -1.9847133E-01
2026 07 23 01 40 00 000 1.8164068E+00 1.8720771E+00 -2.2390277E-01
2026 07 23 01 40 30 000 1.8028361E+00 1.8847158E+00 -2.4932411E-01
2026 07 23 01 41 00 000 1.7891264E+00 1.8971968E+00 -2.7473338E-01
2026 07 23 01 41 30 000 1.7752793E+00 1.9095195E+00 -3.0012861E-01
2026 07 23 01 42 00 000 1.7612960E+00 1.9216833E+00 -3.2550778E-01
2026 07 23 01 42 30 000 1.7471782E+00 1.9336878E+00 -3.5086909E-01
2026 07 23 01 43 00 000 1.7329271E+00 1.9455322E+00 -3.7621055E-01
2026 07 23 01 43 30 000 1.7185444E+00 1.9572163E+00 -4.0153026E-01
2026 07 23 01 44 00 000 1.7040316E+00 1.9687395E+00 -4.2682630E-01
2026 07 23 01 44 30 000 1.6893902E+00 1.9801016E+00 -4.5209683E-01
2026 07 23 01 45 00 000 1.6746219E+00 1.9913022E+00 -4.7734005E-01
2026 07 23 01 45 30 000 1.6597281E+00 2.0023410E+00 -5.0255410E-01
2026 07 23 01 46 00 000 1.6447107E+00 2.0132178E+00 -5.2773718E-01
2026 07 23 01 46 30 000 1.6295711E+00 2.0239324E+00 -5.5288744E-01
2026 07 23 01 47 00 000 1.6143111E+00 2.0344847E+00 -5.7800327E-01
2026 07 23 01 47 30 000 1.5989323E+00 2.0448745E+00 -6.0308287E-01
2026 07 23 01 48 00 000 1.5834364E+00 2.0551018E+00 -6.2812453E-01
2026 07 23 01 48 30 000 1.5678251E+00 2.0651665E+00 -6.5312655E-01
2026 07 23 01 49 00 000 1.5521003E+00 2.0750687E+00 -6.7808730E-01
2026 07 23 01 49 30 000 1.5362634E+00 2.0848085E+00 -7.0300522E-01
2026 07 23 01 50 00 000 1.5203165E+00 2.0943859E+00 -7.2787866E-01
2026 07 23 01 50 30 000 1.5042610E+00 2.1038011E+00 -7.5270607E-01
2026 07 23 01 51 00 000 1.4880990E+00 2.1130542E+00 -7.7748584E-01
2026 07 23 01 51 30 000 1.4718320E+00 2.1221455E+00 -8.0221661E-01
2026 07 23 01 52 00 000 1.4554620E+00 2.1310752E+00 -8.2689683E-01
2026 07 23 01 52 30 000 1.4389905E+00 2.1398436E+00 -8.5152506E-01
2026 07 23 01 53 00 000 1.4224196E+00 2.1484511E+00 -8.7609983E-01
2026 07 23 01 53 30 000 1.4057508E+00 2.1568979E+00 -9.0061987E-01
2026 07 23 01 54 00 000 1.3889861E+00 2.1651846E+00 -9.2508379E-01
2026 07 23 01 54 30 000 1.3721271E+00 2.1733115E+00 -9.4949026E-01
2026 07 23 01 55 00 000 1.3551757E+00 2.1812790E+00 -9.7383800E-01
2026 07 23 01 55 30 000 1.3381338E+00 2.1890878E+00 -9.9812568E-01
2026 07 23 01 56 00 000 1.3210029E+00 2.1967382E+00 -1.0223522E+00
2026 07 23 01 56 30 000 1.3037849E+00 2.2042309E+00 -1.0465164E+00
2026 07 23 01 57 00 000 1.2864817E+00 2.2115664E+00 -1.0706170E+00
2026 07 23 01 57 30 000 1.2690949E+00 2.2187453E+00 -1.0946528E+00
2026 07 23 01 58 00 000 1.2516263E+00 2.2257683E+00 -1.1186230E+00
2026 07 23 01 58 30 000 1.2340777E+00 2.2326361E+00 -1.1425263E+00
2026 07 23 01 59 00 000 1.2164508E+00 2.2393493E+00 -1.1663618E+00
2026 07 23 01 59 30 000 1.1987473E+00 2.2459087E+00 -1.1901284E+00
2026 07 23 02 00 00 000 1.1809691E+00 2.2523149E+00 -1.2138252E+00
2026 07 23 02 00 30 000 1.1631177E+00 2.2585688E+00 -1.2374513E+00
2026 07 23 02 01 00 000 1.1451950E+00 2.2646711E+00 -1.2610057E+00
2026 07 23 02 01 30 000 1.1272025E+00 2.2706227E+00 -1.2844877E+00
2026 07 23 02 02 00 000 1.1091420E+00 2.2764243E+00 -1.3078962E+00
2026 07 23 02 02 30 000 1.0910151E+00 2.2820768E+00 -1.3312307E+00
2026 07 23 02 03 00 000 1.0728235E+00 2.2875811E+00 -1.3544902E+00
2026 07 23 02 03 30 000 1.0545688E+00 2.2929380E+00 -1.3776741E+00
2026 07 23 02 04 00 000 1.0362527E+00 2.2981484E+00 -1.4007816E+00
2026 07 23 02 04 30 000 1.0178768E+00 2.3032133E+00 -1.4238120E+00
2026 07 23 02 05 00 000 9.9944265E-01 2.3081336E+00 -1.4467647E+00
2026 07 23 02 05 30 000 9.8095181E-01 2.3129102E+00 -1.4696390E+00
2026 07 23 02 06 00 000 9.6240588E-01 2.3175440E+00 -1.4924344E+00
2026 07 23 02 06 30 000 9.4380641E-01 2.3220361E+00 -1.5151502E+00
2026 07 23 02 07 00 000 9.2515494E-01 2.3263874E+00 -1.5377860E+00
2026 07 23 02 07 30 000 9.0645293E-01 2.3305989E+00 -1.5603412E+00
2026 07 23 02 08 00 000 8.8770189E-01 2.3346717E+00 -1.5828153E+00
2026 07 23 02 08 30 000 8.6890331E-01 2.3386066E+00 -1.6052079E+00
2026 07 23 02 09 00 000 8.5005870E-01 2.3424047E+00 -1.6275184E+00
2026 07 23 02 09 30 000 8.3116939E-01 2.3460671E+00 -1.6497466E+00
2026 07 23 02 10 00 000 8.1223686E-01 2.3495948E+00 -1.6718920E+00
2026 07 23 02 10 30 000 7.9326252E-01 2.3529889E+00 -1.6939543E+00
2026 07 23 02 11 00 000 7.7424775E-01 2.3562503E+00 -1.7159331E+00
2026 07 23 02 11 30 000 7.5519392E-01 2.3593801E+00 -1.7378280E+00
2026 07 23 02 12 00 000 7.3610234E-01 2.3623794E+00 -1.7596389E+00
2026 07 23 02 12 30 000 7.1697434E-01 2.3652493E+00 -1.7813654E+00
2026 07 23 02 13 00 000 6.9781124E-01 2.3679907E+00 -1.8030072E+00
2026 07 23 02 13 30 000 6.7861439E-01 2.3706049E+00 -1.8245642E+00
2026 07 23 02 14 00 000 6.5938493E-01 2.3730928E+00 -1.8460361E+00
2026 07 23 02 14 30 000 6.4012418E-01 2.3754555E+00 -1.8674228E+00
2026 07 23 02 15 00 000 6.2083336E-01 2.3776941E+00 -1.8887241E+00
2026 07 23 02 15 30 000 6.0151374E-01 2.3798096E+00 -1.9099398E+00
2026 07 23 02 16 00 000 5.8216639E-01 2.3818032E+00 -1.9310698E+00
2026 07 23 02 16 30 000 5.6279255E-01 2.3836760E+00 -1.9521139E+00
2026 07 23 02 17 00 000 5.4339336E-01 2.3854289E+00 -1.9730722E+00
2026 07 23 02 17 30 000 5.2396995E-01 2.3870631E+00 -1.9939445E+00
2026 07 23 02 18 00 000 5.0452349E-01 2.3885796E+00 -2.0147307E+00
2026 07 23 02 18 30 000 4.8505497E-01 2.3899795E+00 -2.0354309E+00
2026 07 23 02 19 00 000 4.6556551E-01 2.3912639E+00 -2.0560449E+00
2026 07 23 02 19 30 000 4.4605617E-01 2.3924339E+00 -2.0765729E+00
2026 07 23 02 20 00 000 4.2652805E-01 2.3934904E+00 -2.0970146E+00
2026 07 23 02 20 30 000 4.0698204E-01 2.3944347E+00 -2.1173703E+00
2026 07 23 02 21 00 000 3.8741922E-01 2.3952676E+00 -2.1376399E+00
2026 07 23 02 21 30 000 3.6784055E-01 2.3959904E+00 -2.1578235E+00
2026 07 23 02 22 00 000 3.4824700E-01 2.3966039E+00 -2.1779211E+00
2026 07 23 02 22 30 000 3.2863958E-01 2.3971094E+00 -2.1979328E+00
2026 07 23 02 23 00 000 3.0901909E-01 2.3975077E+00 -2.2178587E+00
2026 07 23 02 23 30 000 2.8938651E-01 2.3978001E+00 -2.2376989E+00
2026 07 23 02 24 00 000 2.6974273E-01 2.3979874E+00 -2.2574535E+00
2026 07 23 02 24 30 000 2.5008867E-01 2.3980707E+00 -2.2771226E+00
2026 07 23 02 25 00 000 2.3042509E-01 2.3980510E+00 -2.2967063E+00
2026 07 23 02 25 30 000 2.1075288E-01 2.3979294E+00 -2.3162048E+00
2026 07 23 02 26 00 000 1.9107288E-01 2.3977069E+00 -2.3356183E+00
2026 07 23 02 26 30 000 1.7138588E-01 2.3973844E+00 -2.3549469E+00
2026 07 23 02 27 00 000 1.5169273E-01 2.3969629E+00 -2.3741906E+00
2026 07 23 02 27 30 000 1.3199409E-01 2.3964435E+00 -2.3933499E+00
2026 07 23 02 28 00 000 1.1229079E-01 2.3958272E+00 -2.4124248E+00
2026 07 23 02 28 30 000 9.2583559E-02 2.3951148E+00 -2.4314155E+00
2026 07 23 02 29 00 000 7.2873164E-02 2.3943074E+00 -2.4503222E+00
2026 07 23 02 29 30 000 5.3160280E-02 2.3934059E+00 -2.4691452E+00
2026 07 23 02 30 00 000 3.3445594E-02 2.3924114E+00 -2.4878847E+00
2026 07 23 02 30 30 000 1.3729804E-02 2.3913247E+00 -2.5065409E+00
2026 07 23 02 31 00 000 -5.9864155E-03 2.3901467E+00 -2.5251140E+00
2026 07 23 02 31 30 000 -2.5702355E-02 2.3888785E+00 -2.5436042E+00
2026 07 23 02 32 00 000 -4.5417487E-02 2.3875210E+00 -2.5620118E+00
2026 07 23 02 32 30 000 -6.5131134E-02 2.3860750E+00 -2.5803372E+00
2026 07 23 02 33 00 000 -8.4842677E-02 2.3845414E+00 -2.5985804E+00
2026 07 23 02 33 30 000 -1.0455149E-01 2.3829213E+00 -2.6167419E+00
2026 07 23 02 34 00 000 -1.2425702E-01 2.3812154E+00 -2.6348218E+00
2026 07 23 02 34 30 000 -1.4395871E-01 2.3794247E+00 -2.6528204E+00
2026 07 23 02 35 00 000 -1.6365600E-01 2.3775501E+00 -2.6707381E+00
2026 07 23 02 35 30 000 -1.8334832E-01 2.3755923E+00 -2.6885750E+00
2026 07 23 02 36 00 000 -2.0303507E-01 2.3735524E+00 -2.7063315E+00
2026 07 23 02 36 30 000 -2.2271586E-01 2.3714311E+00 -2.7240079E+00
2026 07 23 02 37 00 000 -2.4239012E-01 2.3692293E+00 -2.7416044E+00
2026 07 23 02 37 30 000 -2.6205734E-01 2.3669478E+00 -2.7591215E+00
2026 07 23 02 38 00 000 -2.8171698E-01 2.3645875E+00 -2.7765592E+00
2026 07 23 02 38 30 000 -3.0136869E-01 2.3621492E+00 -2.7939181E+00
2026 07 23 02 39 00 000 -3.2101195E-01 2.3596337E+00 -2.8111983E+00
2026 07 23 02 39 30 000 -3.4064630E-01 2.3570418E+00 -2.8284003E+00
2026 07 23 02 40 00 000 -3.6027129E-01 2.3543744E+00 -2.8455242E+00
2026 07 23 02 40 30 000 -3.7988644E-01 2.3516322E+00 -2.8625705E+00
2026 07 23 02 41 00 000 -3.9949143E-01 2.3488159E+00 -2.8795394E+00
2026 07 23 02 41 30 000 -4.1908581E-01 2.3459265E+00 -2.8964313E+00
2026 07 23 02 42 00 000 -4.3866917E-01 2.3429646E+00 -2.9132465E+00
2026 07 23 02 42 30 000 -4.5824106E-01 2.3399311E+00 -2.9299852E+00
2026 07 23 02 43 00 000 -4.7780121E-01 2.3368266E+00 -2.9466479E+00
2026 07 23 02 43 30 000 -4.9734920E-01 2.3336519E+00 -2.9632349E+00
2026 07 23 02 44 00 000 -5.1688467E-01 2.3304078E+00 -2.9797465E+00
2026 07 23 02 44 30 000 -5.3640724E-01 2.3270950E+00 -2.9961831E+00
2026 07 23 02 45 00 000 -5.5591654E-01 2.3237143E+00 -3.0125448E+00
2026 07 23 02 45 30 000 -5.7541233E-01 2.3202662E+00 -3.0288322E+00
2026 07 23 02 46 00 000 -5.9489422E-01 2.3167516E+00 -3.0450455E+00
2026 07 23 02 46 30 000 -6.1436191E-01 2.3131712E+00 -3.0611850E+00
2026 07 23 02 47 00 000 -6.3381503E-01 2.3095256E+00 -3.0772511E+00
2026 07 23 02 47 30 000 -6.5325338E-01 2.3058155E+00 -3.0932442E+00
2026 07 23 02 48 00 000 -6.7267661E-01 2.3020416E+00 -3.1091646E+00
2026 07 23 02 48 30 000 -6.9208445E-01 2.2982047E+00 -3.1250125E+00
2026 07 23 02 49 00 000 -7.1147659E-01 2.2943052E+00 -3.1407884E+00
2026 07 23 02 49 30 000 -7.3085272E-01 2.2903440E+00 -3.1564926E+00
2026 07 23 02 50 00 000 -7.5021269E-01 2.2863216E+00 -3.1721254E+00
2026 07 23 02 50 30 000 -7.6955619E-01 2.2822387E+00 -3.1876871E+00
2026 07 23 02 51 00 000 -7.8888296E-01 2.2780960E+00 -3.2031782E+00
2026 07 23 02 51 30 000 -8.0819273E-01 2.2738940E+00 -3.2185988E+00
2026 07 23 02 52 00 000 -8.2748530E-01 2.2696334E+00 -3.2339494E+00
2026 07 23 02 52 30 000 -8.4676046E-01 2.2653148E+00 -3.2492304E+00
2026 07 23 02 53 00 000 -8.6601796E-01 2.2609389E+00 -3.2644419E+00
2026 07 23 02 53 30 000 -8.8525758E-01 2.2565061E+00 -3.2795845E+00
2026 07 23 02 54 00 000 -9.0447905E-01 2.2520172E+00 -3.2946583E+00
2026 07 23 02 54 30 000 -9.2368229E-01 2.2474726E+00 -3.3096638E+00
2026 07 23 02 55 00 000 -9.4286703E-01 2.2428730E+00 -3.3246012E+00
2026 07 23 02 55 30 000 -9.6203309E-01 2.2382190E+00 -3.3394710E+00
2026 07 23 02 56 00 000 -9.8118026E-01 2.2335111E+00 -3.3542734E+00
2026 07 23 02 56 30 000 -1.0003084E+00 2.2287499E+00 -3.3690087E+00
2026 07 23 02 57 00 000 -1.0194173E+00 2.2239360E+00 -3.3836774E+00
2026 07 23 02 57 30 000 -1.0385067E+00 2.2190698E+00 -3.3982797E+00
2026 07 23 02 58 00 000 -1.0575767E+00 2.2141520E+00 -3.4128160E+00
2026 07 23 02 58 30 000 -1.0766268E+00 2.2091831E+00 -3.4272865E+00
2026 07 23 02 59 00 000 -1.0956571E+00 2.2041636E+00 -3.4416917E+00
2026 07 23 02 59 30 000 -1.1146674E+00 2.1990940E+00 -3.4560318E+00
2026 07 23 03 00 00 000 -1.1336575E+00 2.1939748E+00 -3.4703071E+00
2026 07 23 03 00 30 000 -1.1526272E+00 2.1888067E+00 -3.4845180E+00
2026 07 23 03 01 00 000 -1.1715765E+00 2.1835900E+00 -3.4986649E+00
2026 07 23 03 01 30 000 -1.1905052E+00 2.1783253E+00 -3.5127480E+00
2026 07 23 03 02 00 000 -1.2094132E+00 2.1730131E+00 -3.5267676E+00
2026 07 23 03 02 30 000 -1.2283003E+00 2.1676538E+00 -3.5407241E+00
2026 07 23 03 03 00 000 -1.2471664E+00 2.1622480E+00 -3.5546177E+00
2026 07 23 03 03 30 000 -1.2660115E+00 2.1567962E+00 -3.5684489E+00
2026 07 23 03 04 00 000 -1.2848354E+00 2.1512987E+00 -3.5822179E+00
2026 07 23 03 04 30 000 -1.3036380E+00 2.1457561E+00 -3.5959250E+00
2026 07 23 03 05 00 000 -1.3224191E+00 2.1401689E+00 -3.6095705E+00
2026 07 23 03 05 30 000 -1.3411788E+00 2.1345375E+00 -3.6231547E+00
2026 07 23 03 06 00 000 -1.3599169E+00 2.1288623E+00 -3.6366781E+00
2026 07 23 03 06 30 000 -1.3786332E+00 2.1231438E+00 -3.6501407E+00
2026 07 23 03 07 00 000 -1.3973278E+00 2.1173825E+00 -3.6635431E+00
2026 07 23 03 07 30 000 -1.4160005E+00 2.1115788E+00 -3.6768853E+00
2026 07 23 03 08 00 000 -1.4346512E+00 2.1057330E+00 -3.6901679E+00
2026 07 23 03 08 30 000 -1.4532800E+00 2.0998458E+00 -3.7033910E+00
2026 07 23 03 09 00 000 -1.4718866E+00 2.0939174E+00 -3.7165550E+00
2026 07 23 03 09 30 000 -1.4904710E+00 2.0879483E+00 -3.7296602E+00
2026 07 23 03 10 00 000 -1.5090331E+00 2.0819389E+00 -3.7427068E+00
2026 07 23 03 10 30 000 -1.5275730E+00 2.0758896E+00 -3.7556951E+00
2026 07 23 03 11 00 000 -1.5460905E+00 2.0698008E+00 -3.7686255E+00
2026 07 23 03 11 30 000 -1.5645855E+00 2.0636729E+00 -3.7814983E+00
2026 07 23 03 12 00 000 -1.5830580E+00 2.0575064E+00 -3.7943136E+00
2026 07 23 03 12 30 000 -1.6015079E+00 2.0513015E+00 -3.8070719E+00
2026 07 23 03 13 00 000 -1.6199353E+00 2.0450588E+00 -3.8197734E+00
2026 07 23 03 13 30 000 -1.6383400E+00 2.0387785E+00 -3.8324183E+00
2026 07 23 03 14 00 000 -1.6567219E+00 2.0324611E+00 -3.8450070E+00
2026 07 23 03 14 30 000 -1.6750811E+00 2.0261069E+00 -3.8575397E+00
2026 07 23 03 15 00 000 -1.6934175E+00 2.0197163E+00 -3.8700168E+00
2026 07 23 03 15 30 000 -1.7117311E+00 2.0132897E+00 -3.8824385E+00
2026 07 23 03 16 00 000 -1.7300218E+00 2.0068273E+00 -3.8948050E+00
2026 07 23 03 16 30 000 -1.7482895E+00 2.0003297E+00 -3.9071167E+00
2026 07 23 03 17 00 000 -1.7665343E+00 1.9937971E+00 -3.9193738E+00
2026 07 23 03 17 30 000 -1.7847561E+00 1.9872299E+00 -3.9315766E+00
2026 07 23 03 18 00 000 -1.8029549E+00 1.9806284E+00 -3.9437253E+00
2026 07 23 03 18 30 000 -1.8211307E+00 1.9739930E+00 -3.9558203E+00
2026 07 23 03 19 00 000 -1.8392834E+00 1.9673240E+00 -3.9678617E+00
2026 07 23 03 19 30 000 -1.8574130E+00 1.9606217E+00 -3.9798500E+00
2026 07 23 03 20 00 000 -1.8755195E+00 1.9538865E+00 -3.9917852E+00
2026 07 23 03 20 30 000 -1.8936029E+00 1.9471187E+00 -4.0036677E+00
2026 07 23 03 21 00 000 -1.9116631E+00 1.9403186E+00 -4.0154978E+00
2026 07 23 03 21 30 000 -1.9297001E+00 1.9334866E+00 -4.0272756E+00
2026 07 23 03 22 00 000 -1.9477140E+00 1.9266229E+00 -4.0390015E+00
2026 07 23 03 22 30 000 -1.9657047E+00 1.9197279E+00 -4.0506757E+00
2026 07 23 03 23 00 000 -1.9836721E+00 1.9128019E+00 -4.0622984E+00
2026 07 23 03 23 30 000 -2.0016164E+00 1.9058452E+00 -4.0738700E+00
2026 07 23 03 24 00 000 -2.0195374E+00 1.8988580E+00 -4.0853906E+00
2026 07 23 03 24 30 000 -2.0374352E+00 1.8918408E+00 -4.0968605E+00
2026 07 23 03 25 00 000 -2.0553098E+00 1.8847937E+00 -4.1082800E+00
2026 07 23 03 25 30 000 -2.0731610E+00 1.8777171E+00 -4.1196492E+00
2026 07 23 03 26 00 000 -2.0909891E+00 1.8706113E+00 -4.1309684E+00
2026 07 23 03 26 30 000 -2.1087940E+00 1.8634765E+00 -4.1422380E+00
2026 07 23 03 27 00 000 -2.1265755E+00 1.8563131E+00 -4.1534580E+00
2026 07 23 03 27 30 000 -2.1443338E+00 1.8491213E+00 -4.1646288E+00
2026 07 23 03 28 00 000 -2.1620690E+00 1.8419014E+00 -4.1757506E+00
2026 07 23 03 28 30 000 -2.1797808E+00 1.8346536E+00 -4.1868236E+00
2026 07 23 03 29 00 000 -2.1974695E+00 1.8273783E+00 -4.1978481E+00
2026 07 23 03 29 30 000 -2.2151349E+00 1.8200757E+00 -4.2088242E+00
2026 07 23 03 30 00 000 -2.2327770E+00 1.8127461E+00 -4.2197522E+00
2026 07 23 03 30 30 000 -2.2503960E+00 1.8053897E+00 -4.2306324E+00
2026 07 23 03 31 00 000 -2.2679918E+00 1.7980068E+00 -4.2414649E+00
2026 07 23 03 31 30 000 -2.2855644E+00 1.7905977E+00 -4.2522501E+00
2026 07 23 03 32 00 000 -2.3031138E+00 1.7831626E+00 -4.2629880E+00
2026 07 23 03 32 30 000 -2.3206401E+00 1.7757017E+00 -4.2736790E+00
2026 07 23 03 33 00 000 -2.3381433E+00 1.7682154E+00 -4.2843232E+00
2026 07 23 03 33 30 000 -2.3556233E+00 1.7607038E+00 -4.2949209E+00
2026 07 23 03 34 00 000 -2.3730802E+00 1.7531672E+00 -4.3054723E+00
2026 07 23 03 34 30 000 -2.3905139E+00 1.7456059E+00 -4.3159776E+00
2026 07 23 03 35 00 000 -2.4079246E+00 1.7380201E+00 -4.3264370E+00
2026 07 23 03 35 30 000 -2.4253123E+00 1.7304099E+00 -4.3368507E+00
2026 07 23 03 36 00 000 -2.4426769E+00 1.7227758E+00 -4.3472190E+00
2026 07 23 03 36 30 000 -2.4600184E+00 1.7151178E+00 -4.3575420E+00
2026 07 23 03 37 00 000 -2.4773370E+00 1.7074362E+00 -4.3678200E+00
2026 07 23 03 37 30 000 -2.4946326E+00 1.6997313E+00 -4.3780531E+00
2026 07 23 03 38 00 000 -2.5119053E+00 1.6920033E+00 -4.3882417E+00
2026 07 23 03 38 30 000 -2.5291550E+00 1.6842523E+00 -4.3983858E+00
2026 07 23 03 39 00 000 -2.5463817E+00 1.6764786E+00 -4.4084856E+00
2026 07 23 03 39 30 000 -2.5635857E+00 1.6686825E+00 -4.4185415E+00
2026 07 23 03 40 00 000 -2.5807667E+00 1.6608641E+00 -4.4285535E+00
2026 07 23 03 40 30 000 -2.5979250E+00 1.6530237E+00 -4.4385219E+00
2026 07 23 03 41 00 000 -2.6150604E+00 1.6451614E+00 -4.4484469E+00
2026 07 23 03 41 30 000 -2.6321730E+00 1.6372775E+00 -4.4583286E+00
2026 07 23 03 42 00 000 -2.6492630E+00 1.6293722E+00 -4.4681673E+00
2026 07 23 03 42 30 000 -2.6663302E+00 1.6214457E+00 -4.4779632E+00
2026 07 23 03 43 00 000 -2.6833747E+00 1.6134982E+00 -4.4877164E+00
2026 07 23 03 43 30 000 -2.7003965E+00 1.6055299E+00 -4.4974271E+00
2026 07 23 03 44 00 000 -2.7173957E+00 1.5975409E+00 -4.5070956E+00
2026 07 23 03 44 30 000 -2.7343723E+00 1.5895316E+00 -4.5167220E+00
2026 07 23 03 45 00 000 -2.7513264E+00 1.5815020E+00 -4.5263064E+00
2026 07 23 03 45 30 000 -2.7682578E+00 1.5734524E+00 -4.5358492E+00
2026 07 23 03 46 00 000 -2.7851669E+00 1.5653830E+00 -4.5453504E+00
2026 07 23 03 46 30 000 -2.8020534E+00 1.5572939E+00 -4.5548102E+00
2026 07 23 03 47 00 000 -2.8189175E+00 1.5491854E+00 -4.5642289E+00
2026 07 23 03 47 30 000 -2.8357592E+00 1.5410576E+00 -4.5736066E+00
2026 07 23 03 48 00 000 -2.8525785E+00 1.5329107E+00 -4.5829435E+00
2026 07 23 03 48 30 000 -2.8693756E+00 1.5247449E+00 -4.5922397E+00
2026 07 23 03 49 00 000 -2.8861503E+00 1.5165604E+00 -4.6014955E+00
2026 07 23 03 49 30 000 -2.9029027E+00 1.5083573E+00 -4.6107110E+00
2026 07 23 03 50 00 000 -2.9196329E+00 1.5001359E+00 -4.6198864E+00
2026 07 23 03 50 30 000 -2.9363409E+00 1.4918962E+00 -4.6290218E+00
2026 07 23 03 51 00 000 -2.9530268E+00 1.4836386E+00 -4.6381175E+00
2026 07 23 03 51 30 000 -2.9696906E+00 1.4753631E+00 -4.6471736E+00
2026 07 23 03 52 00 000 -2.9863323E+00 1.4670699E+00 -4.6561902E+00
2026 07 23 03 52 30 000 -3.0029519E+00 1.4587592E+00 -4.6651676E+00
2026 07 23 03 53 00 000 -3.0195495E+00 1.4504312E+00 -4.6741059E+00
2026 07 23 03 53 30 000 -3.0361252E+00 1.4420859E+00 -4.6830052E+00
2026 07 23 03 54 00 000 -3.0526790E+00 1.4337237E+00 -4.6918658E+00
2026 07 23 03 54 30 000 -3.0692108E+00 1.4253446E+00 -4.7006877E+00
2026 07 23 03 55 00 000 -3.0857208E+00 1.4169488E+00 -4.7094712E+00
2026 07 23 03 55 30 000 -3.1022090E+00 1.4085365E+00 -4.7182165E+00
2026 07 23 03 56 00 000 -3.1186755E+00 1.4001078E+00 -4.7269236E+00
2026 07 23 03 56 30 000 -3.1351202E+00 1.3916629E+00 -4.7355927E+00
2026 07 23 03 57 00 000 -3.1515432E+00 1.3832019E+00 -4.7442240E+00
2026 07 23 03 57 30 000 -3.1679445E+00 1.3747250E+00 -4.7528177E+00
2026 07 23 03 58 00 000 -3.1843243E+00 1.3662324E+00 -4.7613739E+00
2026 07 23 03 58 30 000 -3.2006825E+00 1.3577241E+00 -4.7698928E+00
2026 07 23 03 59 00 000 -3.2170191E+00 1.3492004E+00 -4.7783744E+00
2026 07 23 03 59 30 000 -3.2333343E+00 1.3406614E+00 -4.7868190E+00
2026 07 23 04 00 00 000 -3.2496281E+00 1.3321072E+00 -4.7952268E+00
2026 07 23 04 00 30 000 -3.2659004E+00 1.3235380E+00 -4.8035977E+00
2026 07 23 04 01 00 000 -3.2821514E+00 1.3149538E+00 -4.8119321E+00
2026 07 23 04 01 30 000 -3.2983810E+00 1.3063550E+00 -4.8202301E+00
2026 07 23 04 02 00 000 -3.3145894E+00 1.2977416E+00 -4.8284918E+00
2026 07 23 04 02 30 000 -3.3307765E+00 1.2891137E+00 -4.8367173E+00
2026 07 23 04 03 00 000 -3.3469425E+00 1.2804715E+00 -4.8449068E+00
2026 07 23 04 03 30 000 -3.3630872E+00 1.2718152E+00 -4.8530605E+00
2026 07 23 04 04 00 000 -3.3792109E+00 1.2631447E+00 -4.8611784E+00
2026 07 23 04 04 30 000 -3.3953135E+00 1.2544604E+00 -4.8692608E+00
2026 07 23 04 05 00 000 -3.4113951E+00 1.2457623E+00 -4.8773077E+00
2026 07 23 04 05 30 000 -3.4274558E+00 1.2370506E+00 -4.8853194E+00
2026 07 23 04 06 00 000 -3.4434954E+00 1.2283254E+00 -4.8932958E+00
2026 07 23 04 06 30 000 -3.4595142E+00 1.2195868E+00 -4.9012373E+00
2026 07 23 04 07 00 000 -3.4755121E+00 1.2108349E+00 -4.9091439E+00
2026 07 23 04 07 30 000 -3.4914893E+00 1.2020699E+00 -4.9170158E+00
2026 07 23 04 08 00 000 -3.5074456E+00 1.1932919E+00 -4.9248530E+00
2026 07 23 04 08 30 000 -3.5233813E+00 1.1845011E+00 -4.9326558E+00
2026 07 23 04 09 00 000 -3.5392962E+00 1.1756975E+00 -4.9404243E+00
2026 07 23 04 09 30 000 -3.5551906E+00 1.1668813E+00 -4.9481585E+00
2026 07 23 04 10 00 000 -3.5710643E+00 1.1580526E+00 -4.9558587E+00
2026 07 23 04 10 30 000 -3.5869175E+00 1.1492115E+00 -4.9635249E+00
2026 07 23 04 11 00 000 -3.6027502E+00 1.1403582E+00 -4.9711573E+00
2026 07 23 04 11 30 000 -3.6185624E+00 1.1314927E+00 -4.9787561E+00
2026 07 23 04 12 00 000 -3.6343543E+00 1.1226153E+00 -4.9863213E+00
2026 07 23 04 12 30 000 -3.6501257E+00 1.1137259E+00 -4.9938530E+00
2026 07 23 04 13 00 000 -3.6658768E+00 1.1048247E+00 -5.0013515E+00
2026 07 23 04 13 30 000 -3.6816077E+00 1.0959119E+00 -5.0088168E+00
2026 07 23 04 14 00 000 -3.6973183E+00 1.0869875E+00 -5.0162490E+00
2026 07 23 04 14 30 000 -3.7130087E+00 1.0780517E+00 -5.0236484E+00
2026 07 23 04 15 00 000 -3.7286789E+00 1.0691046E+00 -5.0310149E+00
2026 07 23 04 15 30 000 -3.7443291E+00 1.0601463E+00 -5.0383487E+00
2026 07 23 04 16 00 000 -3.7599592E+00 1.0511768E+00 -5.0456500E+00
2026 07 23 04 16 30 000 -3.7755693E+00 1.0421964E+00 -5.0529189E+00
2026 07 23 04 17 00 000 -3.7911593E+00 1.0332051E+00 -5.0601554E+00
2026 07 23 04 17 30 000 -3.8067295E+00 1.0242030E+00 -5.0673598E+00
2026 07 23 04 18 00 000 -3.8222798E+00 1.0151902E+00 -5.0745321E+00
2026 07 23 04 18 30 000 -3.8378103E+00 1.0061669E+00 -5.0816724E+00
2026 07 23 04 19 00 000 -3.8533209E+00 9.9713315E-01 -5.0887809E+00
2026 07 23 04 19 30 000 -3.8688118E+00 9.8808905E-01 -5.0958577E+00
2026 07 23 04 20 00 000 -3.8842829E+00 9.7903469E-01 -5.1029029E+00
2026 07 23 04 20 30 000 -3.8997345E+00 9.6997018E-01 -5.1099166E+00
2026 07 23 04 21 00 000 -3.9151664E+00 9.6089563E-01 -5.1168989E+00
2026 07 23 04 21 30 000 -3.9305787E+00 9.5181116E-01 -5.1238500E+00
2026 07 23 04 22 00 000 -3.9459714E+00 9.4271685E-01 -5.1307699E+00
2026 07 23 04 22 30 000 -3.9613447E+00 9.3361279E-01 -5.1376587E+00
2026 07 23 04 23 00 000 -3.9766986E+00 9.2449909E-01 -5.1445167E+00
2026 07 23 04 23 30 000 -3.9920330E+00 9.1537586E-01 -5.1513438E+00
2026 07 23 04 24 00 000 -4.0073481E+00 9.0624321E-01 -5.1581403E+00
2026 07 23 04 24 30 000 -4.0226438E+00 8.9710118E-01 -5.1649061E+00
2026 07 23 04 25 00 000 -4.0379203E+00 8.8794991E-01 -5.1716415E+00
2026 07 23 04 25 30 000 -4.0531776E+00 8.7878948E-01 -5.1783465E+00
2026 07 23 04 26 00 000 -4.0684157E+00 8.6962001E-01 -5.1850212E+00
2026 07 23 04 26 30 000 -4.0836346E+00 8.6044158E-01 -5.1916658E+00
2026 07 23 04 27 00 000 -4.0988345E+00 8.5125426E-01 -5.1982803E+00
2026 07 23 04 27 30 000 -4.1140153E+00 8.4205816E-01 -5.2048648E+00
2026 07 23 04 28 00 000 -4.1291771E+00 8.3285338E-01 -5.2114196E+00
2026 07 23 04 28 30 000 -4.1443199E+00 8.2364002E-01 -5.2179445E+00
2026 07 23 04 29 00 000 -4.1594438E+00 8.1441814E-01 -5.2244399E+00
2026 07 23 04 29 30 000 -4.1745488E+00 8.0518783E-01 -5.2309057E+00
2026 07 23 04 30 00 000 -4.1896350E+00 7.9594920E-01 -5.2373421E+00
2026 07 23 04 30 30 000 -4.2047023E+00 7.8670236E-01 -5.2437492E+00
2026 07 23 04 31 00 000 -4.2197510E+00 7.7744735E-01 -5.2501270E+00
2026 07 23 04 31 30 000 -4.2347809E+00 7.6818427E-01 -5.2564758E+00
2026 07 23 04 32 00 000 -4.2497922E+00 7.5891321E-01 -5.2627955E+00
2026 07 23 04 32 30 000 -4.2647849E+00 7.4963426E-01 -5.2690862E+00
2026 07 23 04 33 00 000 -4.2797589E+00 7.4034753E-01 -5.2753482E+00
2026 07 23 04 33 30 000 -4.2947144E+00 7.3105306E-01 -5.2815814E+00
2026 07 23 04 34 00 000 -4.3096515E+00 7.2175095E-01 -5.2877860E+00
2026 07 23 04 34 30 000 -4.3245701E+00 7.1244129E-01 -5.2939621E+00
2026 07 23 04 35 00 000 -4.3394702E+00 7.0312417E-01 -5.3001097E+00
2026 07 23 04 35 30 000 -4.3543521E+00 6.9379965E-01 -5.3062290E+00
2026 07 23 04 36 00 000 -4.3692156E+00 6.8446782E-01 -5.3123201E+00
2026 07 23 04 36 30 000 -4.3840608E+00 6.7512877E-01 -5.3183830E+00
2026 07 23 04 37 00 000 -4.3988878E+00 6.6578257E-01 -5.3244178E+00
2026 07 23 04 37 30 000 -4.4136966E+00 6.5642932E-01 -5.3304247E+00
2026 07 23 04 38 00 000 -4.4284872E+00 6.4706907E-01 -5.3364038E+00
2026 07 23 04 38 30 000 -4.4432597E+00 6.3770191E-01 -5.3423550E+00
2026 07 23 04 39 00 000 -4.4580142E+00 6.2832792E-01 -5.3482786E+00
2026 07 23 04 39 30 000 -4.4727506E+00 6.1894720E-01 -5.3541746E+00
2026 07 23 04 40 00 000 -4.4874690E+00 6.0955979E-01 -5.3600431E+00
2026 07 23 04 40 30 000 -4.5021695E+00 6.0016577E-01 -5.3658842E+00
2026 07 23 04 41 00 000 -4.5168521E+00 5.9076525E-01 -5.3716980E+00
2026 07 23 04 41 30 000 -4.5315169E+00 5.8135827E-01 -5.3774845E+00
2026 07 23 04 42 00 000 -4.5461638E+00 5.7194494E-01 -5.3832439E+00
2026 07 23 04 42 30 000 -4.5607929E+00 5.6252529E-01 -5.3889763E+00
2026 07 23 04 43 00 000 -4.5754043E+00 5.5309942E-01 -5.3946817E+00
2026 07 23 04 43 30 000 -4.5899980E+00 5.4366740E-01 -5.4003603E+00
2026 07 23 04 44 00 000 -4.6045741E+00 5.3422932E-01 -5.4060120E+00
2026 07 23 04 44 30 000 -4.6191325E+00 5.2478523E-01 -5.4116371E+00
2026 07 23 04 45 00 000 -4.6336734E+00 5.1533520E-01 -5.4172356E+00
2026 07 23 04 45 30 000 -4.6481967E+00 5.0587932E-01 -5.4228075E+00
2026 07 23 04 46 00 000 -4.6627025E+00 4.9641764E-01 -5.4283530E+00
2026 07 23 04 46 30 000 -4.6771909E+00 4.8695027E-01 -5.4338721E+00
2026 07 23 04 47 00 000 -4.6916619E+00 4.7747722E-01 -5.4393650E+00
2026 07 23 04 47 30 000 -4.7061155E+00 4.6799860E-01 -5.4448317E+00
2026 07 23 04 48 00 000 -4.7205518E+00 4.5851447E-01 -5.4502723E+00
2026 07 23 04 48 30 000 -4.7349708E+00 4.4902491E-01 -5.4556869E+00
2026 07 23 04 49 00 000 -4.7493725E+00 4.3952998E-01 -5.4610755E+00
2026 07 23 04 49 30 000 -4.7637570E+00 4.3002973E-01 -5.4664383E+00
2026 07 23 04 50 00 000 -4.7781244E+00 4.2052425E-01 -5.4717753E+00
2026 07 23 04 50 30 000 -4.7924746E+00 4.1101360E-01 -5.4770867E+00
2026 07 23 04 51 00 000 -4.8068077E+00 4.0149787E-01 -5.4823724E+00
2026 07 23 04 51 30 000 -4.8211238E+00 3.9197708E-01 -5.4876326E+00
2026 07 23 04 52 00 000 -4.8354229E+00 3.8245131E-01 -5.4928673E+00
2026 07 23 04 52 30 000 -4.8497050E+00 3.7292064E-01 -5.4980767E+00
2026 07 23 04 53 00 000 -4.8639702E+00 3.6338515E-01 -5.5032608E+00
2026 07 23 04 53 30 000 -4.8782185E+00 3.5384487E-01 -5.5084197E+00
2026 07 23 04 54 00 000 -4.8924499E+00 3.4429987E-01 -5.5135535E+00
2026 07 23 04 54 30 000 -4.9066645E+00 3.3475023E-01 -5.5186622E+00
2026 07 23 04 55 00 000 -4.9208623E+00 3.2519600E-01 -5.5237460E+00
2026 07 23 04 55 30 000 -4.9350434E+00 3.1563727E-01 -5.5288048E+00
2026 07 23 04 56 00 000 -4.9492078E+00 3.0607405E-01 -5.5338389E+00
2026 07 23 04 56 30 000 -4.9633556E+00 2.9650644E-01 -5.5388482E+00
2026 07 23 04 57 00 000 -4.9774867E+00 2.8693449E-01 -5.5438328E+00
2026 07 23 04 57 30 000 -4.9916012E+00 2.7735829E-01 -5.5487928E+00
2026 07 23 04 58 00 000 -5.0056992E+00 2.6777786E-01 -5.5537284E+00
2026 07 23 04 58 30 000 -5.0197807E+00 2.5819326E-01 -5.5586395E+00
2026 07 23 04 59 00 000 -5.0338457E+00 2.4860458E-01 -5.5635262E+00
2026 07 23 04 59 30 000 -5.0478943E+00 2.3901187E-01 -5.5683886E+00
2026 07 23 05 00 00 000 -5.0619264E+00 2.2941520E-01 -5.5732269E+00
2026 07 23 05 00 30 000 -5.0759422E+00 2.1981460E-01 -5.5780409E+00
2026 07 23 05 01 00 000 -5.0899418E+00 2.1021013E-01 -5.5828310E+00
2026 07 23 05 01 30 000 -5.1039250E+00 2.0060187E-01 -5.5875970E+00
2026 07 23 05 02 00 000 -5.1178920E+00 1.9098989E-01 -5.5923391E+00
2026 07 23 05 02 30 000 -5.1318428E+00 1.8137421E-01 -5.5970573E+00
2026 07 23 05 03 00 000 -5.1457774E+00 1.7175491E-01 -5.6017518E+00
2026 07 23 05 03 30 000 -5.1596959E+00 1.6213204E-01 -5.6064226E+00
2026 07 23 05 04 00 000 -5.1735983E+00 1.5250566E-01 -5.6110697E+00
2026 07 23 05 04 30 000 -5.1874846E+00 1.4287584E-01 -5.6156933E+00
2026 07 23 05 05 00 000 -5.2013549E+00 1.3324261E-01 -5.6202934E+00
2026 07 23 05 05 30 000 -5.2152092E+00 1.2360603E-01 -5.6248701E+00
2026 07 23 05 06 00 000 -5.2290476E+00 1.1396617E-01 -5.6294234E+00
2026 07 23 05 06 30 000 -5.2428700E+00 1.0432307E-01 -5.6339534E+00
2026 07 23 05 07 00 000 -5.2566766E+00 9.4676808E-02 -5.6384602E+00
2026 07 23 05 07 30 000 -5.2704674E+00 8.5027412E-02 -5.6429439E+00
2026 07 23 05 08 00 000 -5.2842423E+00 7.5374947E-02 -5.6474045E+00
2026 07 23 05 08 30 000 -5.2980015E+00 6.5719468E-02 -5.6518421E+00
2026 07 23 05 09 00 000 -5.3117449E+00 5.6061055E-02 -5.6562567E+00
2026 07 23 05 09 30 000 -5.3254727E+00 4.6399701E-02 -5.6606485E+00
2026 07 23 05 10 00 000 -5.3391848E+00 3.6735505E-02 -5.6650175E+00
2026 07 23 05 10 30 000 -5.3528813E+00 2.7068494E-02 -5.6693637E+00
2026 07 23 05 11 00 000 -5.3665621E+00 1.7398746E-02 -5.6736873E+00
2026 07 23 05 11 30 000 -5.3802274E+00 7.7263058E-03 -5.6779883E+00
2026 07 23 05 12 00 000 -5.3938773E+00 -1.9487952E-03 -5.6822667E+00
2026 07 23 05 12 30 000 -5.4075116E+00 -1.1626494E-02 -5.6865227E+00
2026 07 23 05 13 00 000 -5.4211305E+00 -2.1306733E-02 -5.6907562E+00
2026 07 23 05 13 30 000 -5.4347339E+00 -3.0989442E-02 -5.6949675E+00
2026 07 23 05 14 00 000 -5.4483220E+00 -4.0674623E-02 -5.6991564E+00
2026 07 23 05 14 30 000 -5.4618948E+00 -5.0362186E-02 -5.7033232E+00
2026 07 23 05 15 00 000 -5.4754522E+00 -6.0052097E-02 -5.7074678E+00
2026 07 23 05 15 30 000 -5.4889943E+00 -6.9744276E-02 -5.7115903E+00
2026 07 23 05 16 00 000 -5.5025213E+00 -7.9438722E-02 -5.7156908E+00
2026 07 23 05 16 30 000 -5.5160330E+00 -8.9135361E-02 -5.7197693E+00
2026 07 23 05 17 00 000 -5.5295296E+00 -9.8834144E-02 -5.7238260E+00
2026 07 23 05 17 30 000 -5.5430110E+00 -1.0853502E-01 -5.7278609E+00
2026 07 23 05 18 00 000 -5.5564772E+00 -1.1823793E-01 -5.7318739E+00
2026 07 23 05 18 30 000 -5.5699285E+00 -1.2794285E-01 -5.7358653E+00
2026 07 23 05 19 00 000 -5.5833647E+00 -1.3764973E-01 -5.7398351E+00
2026 07 23 05 19 30 000 -5.5967859E+00 -1.4735851E-01 -5.7437832E+00
2026 07 23 05 20 00 000 -5.6101921E+00 -1.5706913E-01 -5.7477099E+00
2026 07 23 05 20 30 000 -5.6235834E+00 -1.6678158E-01 -5.7516151E+00
2026 07 23 05 21 00 000 -5.6369598E+00 -1.7649579E-01 -5.7554989E+00
2026 07 23 05 21 30 000 -5.6503213E+00 -1.8621171E-01 -5.7593614E+00
2026 07 23 05 22 00 000 -5.6636680E+00 -1.9592931E-01 -5.7632026E+00
2026 07 23 05 22 30 000 -5.6769999E+00 -2.0564850E-01 -5.7670226E+00
2026 07 23 05 23 00 000 -5.6903170E+00 -2.1536930E-01 -5.7708215E+00
2026 07 23 05 23 30 000 -5.7036194E+00 -2.2509162E-01 -5.7745993E+00
2026 07 23 05 24 00 000 -5.7169071E+00 -2.3481543E-01 -5.7783561E+00
2026 07 23 05 24 30 000 -5.7301801E+00 -2.4454067E-01 -5.7820919E+00
2026 07 23 05 25 00 000 -5.7434385E+00 -2.5426731E-01 -5.7858067E+00
2026 07 23 05 25 30 000 -5.7566822E+00 -2.6399531E-01 -5.7895008E+00
2026 07 23 05 26 00 000 -5.7699114E+00 -2.7372461E-01 -5.7931741E+00
2026 07 23 05 26 30 000 -5.7831261E+00 -2.8345518E-01 -5.7968266E+00
2026 07 23 05 27 00 000 -5.7963262E+00 -2.9318695E-01 -5.8004584E+00
2026 07 23 05 27 30 000 -5.8095119E+00 -3.0291991E-01 -5.8040697E+00
2026 07 23 05 28 00 000 -5.8226831E+00 -3.1265400E-01 -5.8076604E+00
2026 07 23 05 28 30 000 -5.8358399E+00 -3.2238918E-01 -5.8112306E+00
2026 07 23 05 29 00 000 -5.8489823E+00 -3.3212539E-01 -5.8147803E+00
2026 07 23 05 29 30 000 -5.8621104E+00 -3.4186261E-01 -5.8183097E+00
2026 07 23 05 30 00 000 -5.8752242E+00 -3.5160079E-01 -5.8218188E+00
2026 07 23 05 30 30 000 -5.8883236E+00 -3.6133989E-01 -5.8253076E+00
2026 07 23 05 31 00 000 -5.9014089E+00 -3.7107986E-01 -5.8287762E+00
2026 07 23 05 31 30 000 -5.9144798E+00 -3.8082064E-01 -5.8322246E+00
2026 07 23 05 32 00 000 -5.9275366E+00 -3.9056224E-01 -5.8356529E+00
2026 07 23 05 32 30 000 -5.9405792E+00 -4.0030458E-01 -5.8390612E+00
2026 07 23 05 33 00 000 -5.9536078E+00 -4.1004762E-01 -5.8424496E+00
2026 07 23 05 33 30 000 -5.9666221E+00 -4.1979132E-01 -5.8458179E+00
2026 07 23 05 34 00 000 -5.9796225E+00 -4.2953565E-01 -5.8491665E+00
2026 07 23 05 34 30 000 -5.9926088E+00 -4.3928057E-01 -5.8524952E+00
2026 07 23 05 35 00 000 -6.0055810E+00 -4.4902603E-01 -5.8558041E+00
2026 07 23 05 35 30 000 -6.0185393E+00 -4.5877200E-01 -5.8590933E+00
2026 07 23 05 36 00 000 -6.0314837E+00 -4.6851841E-01 -5.8623629E+00
2026 07 23 05 36 30 000 -6.0444141E+00 -4.7826526E-01 -5.8656129E+00
2026 07 23 05 37 00 000 -6.0573307E+00 -4.8801248E-01 -5.8688434E+00
2026 07 23 05 37 30 000 -6.0702333E+00 -4.9776006E-01 -5.8720543E+00
2026 07 23 05 38 00 000 -6.0831222E+00 -5.0750791E-01 -5.8752458E+00
2026 07 23 05 38 30 000 -6.0959972E+00 -5.1725604E-01 -5.8784180E+00
2026 07 23 05 39 00 000 -6.1088585E+00 -5.2700440E-01 -5.8815708E+00
2026 07 23 05 39 30 000 -6.1217061E+00 -5.3675294E-01 -5.8847044E+00
2026 07 23 05 40 00 000 -6.1345400E+00 -5.4650164E-01 -5.8878187E+00
2026 07 23 05 40 30 000 -6.1473601E+00 -5.5625042E-01 -5.8909139E+00
2026 07 23 05 41 00 000 -6.1601666E+00 -5.6599929E-01 -5.8939899E+00
2026 07 23 05 41 30 000 -6.1729595E+00 -5.7574819E-01 -5.8970469E+00
2026 07 23 05 42 00 000 -6.1857388E+00 -5.8549709E-01 -5.9000849E+00
2026 07 23 05 42 30 000 -6.1985045E+00 -5.9524591E-01 -5.9031040E+00
2026 07 23 05 43 00 000 -6.2112567E+00 -6.0499468E-01 -5.9061041E+00
2026 07 23 05 43 30 000 -6.2239954E+00 -6.1474332E-01 -5.9090854E+00
2026 07 23 05 44 00 000 -6.2367207E+00 -6.2449181E-01 -5.9120479E+00
2026 07 23 05 44 30 000 -6.2494324E+00 -6.3424011E-01 -5.9149916E+00
2026 07 23 05 45 00 000 -6.2621308E+00 -6.4398815E-01 -5.9179167E+00
2026 07 23 05 45 30 000 -6.2748157E+00 -6.5373594E-01 -5.9208231E+00
2026 07 23 05 46 00 000 -6.2874874E+00 -6.6348343E-01 -5.9237109E+00
2026 07 23 05 46 30 000 -6.3001456E+00 -6.7323058E-01 -5.9265802E+00
2026 07 23 05 47 00 000 -6.3127906E+00 -6.8297733E-01 -5.9294310E+00
2026 07 23 05 47 30 000 -6.3254223E+00 -6.9272369E-01 -5.9322633E+00
2026 07 23 05 48 00 000 -6.3380407E+00 -7.0246960E-01 -5.9350773E+00
2026 07 23 05 48 30 000 -6.3506459E+00 -7.1221503E-01 -5.9378729E+00
2026 07 23 05 49 00 000 -6.3632380E+00 -7.2195993E-01 -5.9406503E+00
2026 07 23 05 49 30 000 -6.3758168E+00 -7.3170425E-01 -5.9434094E+00
2026 07 23 05 50 00 000 -6.3883825E+00 -7.4144800E-01 -5.9461503E+00
2026 07 23 05 50 30 000 -6.4009351E+00 -7.5119113E-01 -5.9488731E+00
2026 07 23 05 51 00 000 -6.4134747E+00 -7.6093360E-01 -5.9515778E+00
2026 07 23 05 51 30 000 -6.4260011E+00 -7.7067536E-01 -5.9542645E+00
2026 07 23 05 52 00 000 -6.4385146E+00 -7.8041639E-01 -5.9569332E+00
2026 07 23 05 52 30 000 -6.4510150E+00 -7.9015667E-01 -5.9595839E+00
2026 07 23 05 53 00 000 -6.4635025E+00 -7.9989613E-01 -5.9622168E+00
2026 07 23 05 53 30 000 -6.4759770E+00 -8.0963477E-01 -5.9648318E+00
2026 07 23 05 54 00 000 -6.4884386E+00 -8.1937252E-01 -5.9674290E+00
2026 07 23 05 54 30 000 -6.5008873E+00 -8.2910939E-01 -5.9700085E+00
2026 07 23 05 55 00 000 -6.5133232E+00 -8.3884532E-01 -5.9725703E+00
2026 07 23 05 55 30 000 -6.5257462E+00 -8.4858028E-01 -5.9751144E+00
2026 07 23 05 56 00 000 -6.5381564E+00 -8.5831423E-01 -5.9776410E+00
2026 07 23 05 56 30 000 -6.5505537E+00 -8.6804713E-01 -5.9801500E+00
2026 07 23 05 57 00 000 -6.5629384E+00 -8.7777898E-01 -5.9826415E+00
2026 07 23 05 57 30 000 -6.5753103E+00 -8.8750973E-01 -5.9851156E+00
2026 07 23 05 58 00 000 -6.5876695E+00 -8.9723935E-01 -5.9875722E+00
2026 07 23 05 58 30 000 -6.6000160E+00 -9.0696777E-01 -5.9900115E+00
2026 07 23 05 59 00 000 -6.6123499E+00 -9.1669501E-01 -5.9924335E+00
2026 07 23 05 59 30 000 -6.6246712E+00 -9.2642103E-01 -5.9948383E+00
2026 07 23 06 00 00 000 -6.6369798E+00 -9.3614577E-01 -5.9972258E+00
2026 07 23 06 00 30 000 -6.6492759E+00 -9.4586920E-01 -5.9995961E+00
2026 07 23 06 01 00 000 -6.6615594E+00 -9.5559130E-01 -6.0019494E+00
2026 07 23 06 01 30 000 -6.6738304E+00 -9.6531206E-01 -6.0042855E+00
2026 07 23 06 02 00 000 -6.6860889E+00 -9.7503142E-01 -6.0066047E+00
2026 07 23 06 02 30 000 -6.6983349E+00 -9.8474936E-01 -6.0089068E+00
2026 07 23 06 03 00 000 -6.7105685E+00 -9.9446582E-01 -6.0111921E+00
2026 07 23 06 03 30 000 -6.7227896E+00 -1.0041808E+00 -6.0134604E+00
2026 07 23 06 04 00 000 -6.7349984E+00 -1.0138943E+00 -6.0157119E+00
2026 07 23 06 04 30 000 -6.7471948E+00 -1.0236062E+00 -6.0179466E+00
2026 07 23 06 05 00 000 -6.7593788E+00 -1.0333165E+00 -6.0201646E+00
2026 07 23 06 05 30 000 -6.7715505E+00 -1.0430253E+00 -6.0223659E+00
2026 07 23 06 06 00 000 -6.7837099E+00 -1.0527324E+00 -6.0245505E+00
2026 07 23 06 06 30 000 -6.7958570E+00 -1.0624378E+00 -6.0267185E+00
2026 07 23 06 07 00 000 -6.8079919E+00 -1.0721415E+00 -6.0288699E+00
2026 07 23 06 07 30 000 -6.8201146E+00 -1.0818435E+00 -6.0310048E+00
2026 07 23 06 08 00 000 -6.8322251E+00 -1.0915437E+00 -6.0331233E+00
2026 07 23 06 08 30 000 -6.8443234E+00 -1.1012421E+00 -6.0352253E+00
2026 07 23 06 09 00 000 -6.8564095E+00 -1.1109387E+00 -6.0373110E+00
2026 07 23 06 09 30 000 -6.8684835E+00 -1.1206334E+00 -6.0393802E+00
2026 07 23 06 10 00 000 -6.8805455E+00 -1.1303263E+00 -6.0414333E+00
2026 07 23 06 10 30 000 -6.8925953E+00 -1.1400173E+00 -6.0434700E+00
2026 07 23 06 11 00 000 -6.9046331E+00 -1.1497063E+00 -6.0454906E+00
2026 07 23 06 11 30 000 -6.9166589E+00 -1.1593933E+00 -6.0474950E+00
2026 07 23 06 12 00 000 -6.9286726E+00 -1.1690783E+00 -6.0494833E+00
2026 07 23 06 12 30 000 -6.9406744E+00 -1.1787614E+00 -6.0514555E+00
2026 07 23 06 13 00 000 -6.9526643E+00 -1.1884423E+00 -6.0534117E+00
2026 07 23 06 13 30 000 -6.9646422E+00 -1.1981212E+00 -6.0553520E+00
2026 07 23 06 14 00 000 -6.9766082E+00 -1.2077979E+00 -6.0572762E+00
2026 07 23 06 14 30 000 -6.9885623E+00 -1.2174725E+00 -6.0591846E+00
2026 07 23 06 15 00 000 -7.0005045E+00 -1.2271450E+00 -6.0610772E+00
2026 07 23 06 15 30 000 -7.0124349E+00 -1.2368152E+00 -6.0629539E+00
2026 07 23 06 16 00 000 -7.0243535E+00 -1.2464832E+00 -6.0648149E+00
2026 07 23 06 16 30 000 -7.0362603E+00 -1.2561490E+00 -6.0666602E+00
2026 07 23 06 17 00 000 -7.0481554E+00 -1.2658124E+00 -6.0684898E+00
2026 07 23 06 17 30 000 -7.0600387E+00 -1.2754736E+00 -6.0703037E+00
2026 07 23 06 18 00 000 -7.0719102E+00 -1.2851324E+00 -6.0721021E+00
2026 07 23 06 18 30 000 -7.0837701E+00 -1.2947889E+00 -6.0738850E+00
2026 07 23 06 19 00 000 -7.0956183E+00 -1.3044429E+00 -6.0756523E+00
2026 07 23 06 19 30 000 -7.1074548E+00 -1.3140945E+00 -6.0774042E+00
2026 07 23 06 20 00 000 -7.1192798E+00 -1.3237437E+00 -6.0791407E+00
2026 07 23 06 20 30 000 -7.1310931E+00 -1.3333904E+00 -6.0808618E+00
2026 07 23 06 21 00 000 -7.1428948E+00 -1.3430346E+00 -6.0825675E+00
2026 07 23 06 21 30 000 -7.1546850E+00 -1.3526763E+00 -6.0842580E+00
2026 07 23 06 22 00 000 -7.1664636E+00 -1.3623154E+00 -6.0859333E+00
2026 07 23 06 22 30 000 -7.1782307E+00 -1.3719520E+00 -6.0875933E+00
2026 07 23 06 23 00 000 -7.1899863E+00 -1.3815859E+00 -6.0892382E+00
2026 07 23 06 23 30 000 -7.2017305E+00 -1.3912172E+00 -6.0908680E+00
2026 07 23 06 24 00 000 -7.2134632E+00 -1.4008458E+00 -6.0924827E+00
2026 07 23 06 24 30 000 -7.2251844E+00 -1.4104718E+00 -6.0940824E+00
2026 07 23 06 25 00 000 -7.2368943E+00 -1.4200950E+00 -6.0956670E+00
2026 07 23 06 25 30 000 -7.2485928E+00 -1.4297155E+00 -6.0972368E+00
2026 07 23 06 26 00 000 -7.2602799E+00 -1.4393332E+00 -6.0987916E+00
2026 07 23 06 26 30 000 -7.2719557E+00 -1.4489481E+00 -6.1003316E+00
2026 07 23 06 27 00 000 -7.2836202E+00 -1.4585602E+00 -6.1018567E+00
2026 07 23 06 27 30 000 -7.2952733E+00 -1.4681695E+00 -6.1033671E+00
2026 07 23 06 28 00 000 -7.3069152E+00 -1.4777759E+00 -6.1048627E+00
2026 07 23 06 28 30 000 -7.3185459E+00 -1.4873794E+00 -6.1063437E+00
2026 07 23 06 29 00 000 -7.3301653E+00 -1.4969799E+00 -6.1078099E+00
2026 07 23 06 29 30 000 -7.3417735E+00 -1.5065776E+00 -6.1092616E+00
2026 07 23 06 30 00 000 -7.3533705E+00 -1.5161722E+00 -6.1106987E+00
2026 07 23 06 30 30 000 -7.3649564E+00 -1.5257639E+00 -6.1121213E+00
2026 07 23 06 31 00 000 -7.3765311E+00 -1.5353526E+00 -6.1135294E+00
2026 07 23 06 31 30 000 -7.3880947E+00 -1.5449382E+00 -6.1149230E+00
2026 07 23 06 32 00 000 -7.3996471E+00 -1.5545207E+00 -6.1163022E+00
2026 07 23 06 32 30 000 -7.4111886E+00 -1.5641001E+00 -6.1176671E+00
2026 07 23 06 33 00 000 -7.4227189E+00 -1.5736765E+00 -6.1190176E+00
2026 07 23 06 33 30 000 -7.4342382E+00 -1.5832497E+00 -6.1203538E+00
2026 07 23 06 34 00 000 -7.4457465E+00 -1.5928197E+00 -6.1216759E+00
2026 07 23 06 34 30 000 -7.4572438E+00 -1.6023865E+00 -6.1229837E+00
2026 07 23 06 35 00 000 -7.4687301E+00 -1.6119501E+00 -6.1242773E+00
2026 07 23 06 35 30 000 -7.4802055E+00 -1.6215105E+00 -6.1255568E+00
2026 07 23 06 36 00 000 -7.4916699E+00 -1.6310676E+00 -6.1268222E+00
2026 07 23 06 36 30 000 -7.5031234E+00 -1.6406214E+00 -6.1280736E+00
2026 07 23 06 37 00 000 -7.5145660E+00 -1.6501719E+00 -6.1293110E+00
2026 07 23 06 37 30 000 -7.5259977E+00 -1.6597191E+00 -6.1305344E+00
2026 07 23 06 38 00 000 -7.5374186E+00 -1.6692629E+00 -6.1317439E+00
2026 07 23 06 38 30 000 -7.5488287E+00 -1.6788034E+00 -6.1329396E+00
2026 07 23 06 39 00 000 -7.5602279E+00 -1.6883404E+00 -6.1341214E+00
2026 07 23 06 39 30 000 -7.5716164E+00 -1.6978740E+00 -6.1352893E+00
2026 07 23 06 40 00 000 -7.5829940E+00 -1.7074042E+00 -6.1364436E+00
2026 07 23 06 40 30 000 -7.5943610E+00 -1.7169309E+00 -6.1375841E+00
2026 07 23 06 41 00 000 -7.6057172E+00 -1.7264541E+00 -6.1387109E+00
2026 07 23 06 41 30 000 -7.6170626E+00 -1.7359738E+00 -6.1398240E+00
2026 07 23 06 42 00 000 -7.6283974E+00 -1.7454899E+00 -6.1409236E+00
2026 07 23 06 42 30 000 -7.6397216E+00 -1.7550025E+00 -6.1420096E+00
2026 07 23 06 43 00 000 -7.6510350E+00 -1.7645115E+00 -6.1430821E+00
2026 07 23 06 43 30 000 -7.6623378E+00 -1.7740169E+00 -6.1441411E+00
2026 07 23 06 44 00 000 -7.6736301E+00 -1.7835187E+00 -6.1451867E+00
2026 07 23 06 44 30 000 -7.6849117E+00 -1.7930168E+00 -6.1462188E+00
2026 07 23 06 45 00 000 -7.6961827E+00 -1.8025112E+00 -6.1472376E+00
2026 07 23 06 45 30 000 -7.7074432E+00 -1.8120019E+00 -6.1482430E+00
2026 07 23 06 46 00 000 -7.7186932E+00 -1.8214890E+00 -6.1492352E+00
2026 07 23 06 46 30 000 -7.7299326E+00 -1.8309722E+00 -6.1502141E+00
2026 07 23 06 47 00 000 -7.7411616E+00 -1.8404518E+00 -6.1511798E+00
2026 07 23 06 47 30 000 -7.7523801E+00 -1.8499275E+00 -6.1521324E+00
2026 07 23 06 48 00 000 -7.7635880E+00 -1.8593994E+00 -6.1530718E+00
2026 07 23 06 48 30 000 -7.7747856E+00 -1.8688675E+00 -6.1539981E+00
2026 07 23 06 49 00 000 -7.7859728E+00 -1.8783318E+00 -6.1549113E+00
2026 07 23 06 49 30 000 -7.7971495E+00 -1.8877922E+00 -6.1558116E+00
2026 07 23 06 50 00 000 -7.8083159E+00 -1.8972486E+00 -6.1566988E+00
2026 07 23 06 50 30 000 -7.8194719E+00 -1.9067012E+00 -6.1575731E+00
2026 07 23 06 51 00 000 -7.8306176E+00 -1.9161499E+00 -6.1584346E+00
2026 07 23 06 51 30 000 -7.8417529E+00 -1.9255946E+00 -6.1592831E+00
2026 07 23 06 52 00 000 -7.8528779E+00 -1.9350353E+00 -6.1601188E+00
2026 07 23 06 52 30 000 -7.8639926E+00 -1.9444720E+00 -6.1609418E+00
2026 07 23 06 53 00 000 -7.8750971E+00 -1.9539048E+00 -6.1617520E+00
2026 07 23 06 53 30 000 -7.8861913E+00 -1.9633334E+00 -6.1625495E+00
2026 07 23 06 54 00 000 -7.8972753E+00 -1.9727581E+00 -6.1633343E+00
2026 07 23 06 54 30 000 -7.9083491E+00 -1.9821786E+00 -6.1641065E+00
2026 07 23 06 55 00 000 -7.9194127E+00 -1.9915951E+00 -6.1648661E+00
2026 07 23 06 55 30 000 -7.9304661E+00 -2.0010074E+00 -6.1656131E+00
2026 07 23 06 56 00 000 -7.9415093E+00 -2.0104156E+00 -6.1663476E+00
2026 07 23 06 56 30 000 -7.9525424E+00 -2.0198196E+00 -6.1670696E+00
2026 07 23 06 57 00 000 -7.9635654E+00 -2.0292195E+00 -6.1677792E+00
2026 07 23 06 57 30 000 -7.9745783E+00 -2.0386151E+00 -6.1684764E+00
2026 07 23 06 58 00 000 -7.9855810E+00 -2.0480066E+00 -6.1691612E+00
2026 07 23 06 58 30 000 -7.9965738E+00 -2.0573938E+00 -6.1698337E+00
2026 07 23 06 59 00 000 -8.0075564E+00 -2.0667767E+00 -6.1704939E+00
2026 07 23 06 59 30 000 -8.0185290E+00 -2.0761554E+00 -6.1711418E+00
2026 07 23 07 00 00 000 -8.0294917E+00 -2.0855298E+00 -6.1717775E+00
2026 07 23 07 00 30 000 -8.0404443E+00 -2.0948998E+00 -6.1724010E+00
2026 07 23 07 01 00 000 -8.0513869E+00 -2.1042656E+00 -6.1730124E+00
2026 07 23 07 01 30 000 -8.0623196E+00 -2.1136269E+00 -6.1736117E+00
2026 07 23 07 02 00 000 -8.0732423E+00 -2.1229839E+00 -6.1741989E+00
2026 07 23 07 02 30 000 -8.0841551E+00 -2.1323365E+00 -6.1747741E+00
2026 07 23 07 03 00 000 -8.0950580E+00 -2.1416848E+00 -6.1753373E+00
2026 07 23 07 03 30 000 -8.1059510E+00 -2.1510285E+00 -6.1758885E+00
2026 07 23 07 04 00 000 -8.1168342E+00 -2.1603678E+00 -6.1764279E+00
2026 07 23 07 04 30 000 -8.1277074E+00 -2.1697027E+00 -6.1769553E+00
2026 07 23 07 05 00 000 -8.1385709E+00 -2.1790331E+00 -6.1774709E+00
2026 07 23 07 05 30 000 -8.1494245E+00 -2.1883589E+00 -6.1779747E+00
2026 07 23 07 06 00 000 -8.1602683E+00 -2.1976802E+00 -6.1784667E+00
2026 07 23 07 06 30 000 -8.1711023E+00 -2.2069970E+00 -6.1789469E+00
2026 07 23 07 07 00 000 -8.1819265E+00 -2.2163093E+00 -6.1794155E+00
2026 07 23 07 07 30 000 -8.1927410E+00 -2.2256169E+00 -6.1798724E+00
2026 07 23 07 08 00 000 -8.2035458E+00 -2.2349200E+00 -6.1803177E+00
2026 07 23 07 08 30 000 -8.2143408E+00 -2.2442184E+00 -6.1807514E+00
2026 07 23 07 09 00 000 -8.2251262E+00 -2.2535123E+00 -6.1811736E+00
2026 07 23 07 09 30 000 -8.2359018E+00 -2.2628014E+00 -6.1815842E+00
2026 07 23 07 10 00 000 -8.2466678E+00 -2.2720859E+00 -6.1819833E+00
2026 07 23 07 10 30 000 -8.2574241E+00 -2.2813657E+00 -6.1823711E+00
2026 07 23 07 11 00 000 -8.2681708E+00 -2.2906408E+00 -6.1827474E+00
2026 07 23 07 11 30 000 -8.2789078E+00 -2.2999112E+00 -6.1831123E+00
2026 07 23 07 12 00 000 -8.2896353E+00 -2.3091769E+00 -6.1834659E+00
2026 07 23 07 12 30 000 -8.3003532E+00 -2.3184378E+00 -6.1838082E+00
2026 07 23 07 13 00 000 -8.3110615E+00 -2.3276939E+00 -6.1841393E+00
2026 07 23 07 13 30 000 -8.3217602E+00 -2.3369452E+00 -6.1844591E+00
2026 07 23 07 14 00 000 -8.3324495E+00 -2.3461917E+00 -6.1847678E+00
2026 07 23 07 14 30 000 -8.3431292E+00 -2.3554334E+00 -6.1850652E+00
2026 07 23 07 15 00 000 -8.3537993E+00 -2.3646703E+00 -6.1853516E+00
2026 07 23 07 15 30 000 -8.3644600E+00 -2.3739023E+00 -6.1856269E+00
2026 07 23 07 16 00 000 -8.3751113E+00 -2.3831294E+00 -6.1858912E+00
2026 07 23 07 16 30 000 -8.3857531E+00 -2.3923516E+00 -6.1861444E+00
2026 07 23 07 17 00 000 -8.3963854E+00 -2.4015689E+00 -6.1863867E+00
2026 07 23 07 17 30 000 -8.4070083E+00 -2.4107813E+00 -6.1866180E+00
2026 07 23 07 18 00 000 -8.4176218E+00 -2.4199887E+00 -6.1868385E+00
2026 07 23 07 18 30 000 -8.4282259E+00 -2.4291912E+00 -6.1870481E+00
2026 07 23 07 19 00 000 -8.4388207E+00 -2.4383887E+00 -6.1872468E+00
2026 07 23 07 19 30 000 -8.4494060E+00 -2.4475812E+00 -6.1874348E+00
2026 07 23 07 20 00 000 -8.4599821E+00 -2.4567687E+00 -6.1876120E+00
2026 07 23 07 20 30 000 -8.4705488E+00 -2.4659512E+00 -6.1877785E+00
2026 07 23 07 21 00 000 -8.4811062E+00 -2.4751286E+00 -6.1879343E+00
2026 07 23 07 21 30 000 -8.4916543E+00 -2.4843009E+00 -6.1880794E+00
2026 07 23 07 22 00 000 -8.5021931E+00 -2.4934682E+00 -6.1882139E+00
2026 07 23 07 22 30 000 -8.5127227E+00 -2.5026304E+00 -6.1883379E+00
2026 07 23 07 23 00 000 -8.5232430E+00 -2.5117875E+00 -6.1884513E+00
2026 07 23 07 23 30 000 -8.5337540E+00 -2.5209395E+00 -6.1885542E+00
2026 07 23 07 24 00 000 -8.5442559E+00 -2.5300863E+00 -6.1886467E+00
2026 07 23 07 24 30 000 -8.5547485E+00 -2.5392280E+00 -6.1887287E+00
2026 07 23 07 25 00 000 -8.5652320E+00 -2.5483646E+00 -6.1888003E+00
2026 07 23 07 25 30 000 -8.5757063E+00 -2.5574959E+00 -6.1888615E+00
2026 07 23 07 26 00 000 -8.5861714E+00 -2.5666220E+00 -6.1889124E+00
2026 07 23 07 26 30 000 -8.5966274E+00 -2.5757429E+00 -6.1889530E+00
2026 07 23 07 27 00 000 -8.6070742E+00 -2.5848586E+00 -6.1889834E+00
2026 07 23 07 27 30 000 -8.6175120E+00 -2.5939691E+00 -6.1890035E+00
2026 07 23 07 28 00 000 -8.6279406E+00 -2.6030742E+00 -6.1890134E+00
2026 07 23 07 28 30 000 -8.6383602E+00 -2.6121741E+00 -6.1890132E+00
2026 07 23 07 29 00 000 -8.6487707E+00 -2.6212687E+00 -6.1890029E+00
2026 07 23 07 29 30 000 -8.6591722E+00 -2.6303580E+00 -6.1889825E+00
2026 07 23 07 30 00 000 -8.6695646E+00 -2.6394420E+00 -6.1889520E+00
2026 07 23 07 30 30 000 -8.6799479E+00 -2.6485207E+00 -6.1889115E+00
2026 07 23 07 31 00 000 -8.6903223E+00 -2.6575939E+00 -6.1888610E+00
2026 07 23 07 31 30 000 -8.7006877E+00 -2.6666619E+00 -6.1888006E+00
2026 07 23 07 32 00 000 -8.7110442E+00 -2.6757244E+00 -6.1887303E+00
2026 07 23 07 32 30 000 -8.7213916E+00 -2.6847816E+00 -6.1886501E+00
2026 07 23 07 33 00 000 -8.7317301E+00 -2.6938333E+00 -6.1885601E+00
2026 07 23 07 33 30 000 -8.7420597E+00 -2.7028796E+00 -6.1884603E+00
2026 07 23 07 34 00 000 -8.7523803E+00 -2.7119205E+00 -6.1883506E+00
2026 07 23 07 34 30 000 -8.7626921E+00 -2.7209559E+00 -6.1882313E+00
2026 07 23 07 35 00 000 -8.7729949E+00 -2.7299859E+00 -6.1881022E+00
2026 07 23 07 35 30 000 -8.7832889E+00 -2.7390104E+00 -6.1879635E+00
2026 07 23 07 36 00 000 -8.7935740E+00 -2.7480294E+00 -6.1878152E+00
2026 07 23 07 36 30 000 -8.8038503E+00 -2.7570428E+00 -6.1876572E+00
2026 07 23 07 37 00 000 -8.8141178E+00 -2.7660508E+00 -6.1874897E+00
2026 07 23 07 37 30 000 -8.8243764E+00 -2.7750532E+00 -6.1873127E+00
2026 07 23 07 38 00 000 -8.8346262E+00 -2.7840500E+00 -6.1871261E+00
2026 07 23 07 38 30 000 -8.8448673E+00 -2.7930413E+00 -6.1869301E+00
2026 07 23 07 39 00 000 -8.8550995E+00 -2.8020271E+00 -6.1867247E+00
2026 07 23 07 39 30 000 -8.8653230E+00 -2.8110072E+00 -6.1865099E+00
2026 07 23 07 40 00 000 -8.8755378E+00 -2.8199817E+00 -6.1862857E+00
2026 07 23 07 40 30 000 -8.8857438E+00 -2.8289506E+00 -6.1860522E+00
2026 07 23 07 41 00 000 -8.8959411E+00 -2.8379139E+00 -6.1858094E+00
2026 07 23 07 41 30 000 -8.9061297E+00 -2.8468715E+00 -6.1855574E+00
2026 07 23 07 42 00 000 -8.9163096E+00 -2.8558234E+00 -6.1852961E+00
2026 07 23 07 42 30 000 -8.9264809E+00 -2.8647697E+00 -6.1850257E+00
2026 07 23 07 43 00 000 -8.9366434E+00 -2.8737103E+00 -6.1847461E+00
2026 07 23 07 43 30 000 -8.9467974E+00 -2.8826452E+00 -6.1844574E+00
2026 07 23 07 44 00 000 -8.9569426E+00 -2.8915744E+00 -6.1841596E+00
2026 07 23 07 44 30 000 -8.9670793E+00 -2.9004979E+00 -6.1838527E+00
2026 07 23 07 45 00 000 -8.9772074E+00 -2.9094156E+00 -6.1835368E+00
2026 07 23 07 45 30 000 -8.9873268E+00 -2.9183276E+00 -6.1832120E+00
2026 07 23 07 46 00 000 -8.9974377E+00 -2.9272338E+00 -6.1828782E+00
2026 07 23 07 46 30 000 -9.0075400E+00 -2.9361343E+00 -6.1825355E+00
2026 07 23 07 47 00 000 -9.0176338E+00 -2.9450289E+00 -6.1821839E+00
2026 07 23 07 47 30 000 -9.0277190E+00 -2.9539178E+00 -6.1818234E+00
2026 07 23 07 48 00 000 -9.0377958E+00 -2.9628008E+00 -6.1814542E+00
2026 07 23 07 48 30 000 -9.0478639E+00 -2.9716780E+00 -6.1810761E+00
2026 07 23 07 49 00 000 -9.0579236E+00 -2.9805494E+00 -6.1806894E+00
2026 07 23 07 49 30 000 -9.0679748E+00 -2.9894149E+00 -6.1802939E+00
2026 07 23 07 50 00 000 -9.0780176E+00 -2.9982746E+00 -6.1798897E+00
2026 07 23 07 50 30 000 -9.0880518E+00 -3.0071284E+00 -6.1794769E+00
2026 07 23 07 51 00 000 -9.0980777E+00 -3.0159762E+00 -6.1790554E+00
2026 07 23 07 51 30 000 -9.1080951E+00 -3.0248182E+00 -6.1786254E+00
2026 07 23 07 52 00 000 -9.1181041E+00 -3.0336543E+00 -6.1781869E+00
2026 07 23 07 52 30 000 -9.1281046E+00 -3.0424845E+00 -6.1777398E+00
2026 07 23 07 53 00 000 -9.1380968E+00 -3.0513087E+00 -6.1772843E+00
2026 07 23 07 53 30 000 -9.1480806E+00 -3.0601270E+00 -6.1768203E+00
2026 07 23 07 54 00 000 -9.1580560E+00 -3.0689393E+00 -6.1763479E+00
2026 07 23 07 54 30 000 -9.1680231E+00 -3.0777457E+00 -6.1758671E+00
2026 07 23 07 55 00 000 -9.1779819E+00 -3.0865460E+00 -6.1753780E+00
2026 07 23 07 55 30 000 -9.1879323E+00 -3.0953404E+00 -6.1748806E+00
2026 07 23 07 56 00 000 -9.1978744E+00 -3.1041287E+00 -6.1743749E+00
2026 07 23 07 56 30 000 -9.2078082E+00 -3.1129111E+00 -6.1738609E+00
2026 07 23 07 57 00 000 -9.2177337E+00 -3.1216874E+00 -6.1733387E+00
2026 07 23 07 57 30 000 -9.2276509E+00 -3.1304577E+00 -6.1728084E+00
2026 07 23 07 58 00 000 -9.2375599E+00 -3.1392219E+00 -6.1722699E+00
2026 07 23 07 58 30 000 -9.2474606E+00 -3.1479801E+00 -6.1717233E+00
2026 07 23 07 59 00 000 -9.2573531E+00 -3.1567322E+00 -6.1711686E+00
2026 07 23 07 59 30 000 -9.2672374E+00 -3.1654782E+00 -6.1706059E+00
2026 07 23 08 00 00 000 -9.2771134E+00 -3.1742181E+00 -6.1700352E+00
2026 07 23 08 00 30 000 -9.2869813E+00 -3.1829519E+00 -6.1694565E+00
2026 07 23 08 01 00 000 -9.2968409E+00 -3.1916796E+00 -6.1688698E+00
2026 07 23 08 01 30 000 -9.3066924E+00 -3.2004012E+00 -6.1682753E+00
2026 07 23 08 02 00 000 -9.3165357E+00 -3.2091166E+00 -6.1676728E+00
2026 07 23 08 02 30 000 -9.3263709E+00 -3.2178259E+00 -6.1670625E+00
2026 07 23 08 03 00 000 -9.3361979E+00 -3.2265290E+00 -6.1664444E+00
2026 07 23 08 03 30 000 -9.3460169E+00 -3.2352259E+00 -6.1658185E+00
2026 07 23 08 04 00 000 -9.3558277E+00 -3.2439167E+00 -6.1651848E+00
2026 07 23 08 04 30 000 -9.3656303E+00 -3.2526012E+00 -6.1645435E+00
2026 07 23 08 05 00 000 -9.3754250E+00 -3.2612796E+00 -6.1638944E+00
2026 07 23 08 05 30 000 -9.3852115E+00 -3.2699518E+00 -6.1632377E+00
2026 07 23 08 06 00 000 -9.3949900E+00 -3.2786177E+00 -6.1625734E+00
2026 07 23 08 06 30 000 -9.4047604E+00 -3.2872774E+00 -6.1619015E+00
2026 07 23 08 07 00 000 -9.4145228E+00 -3.2959308E+00 -6.1612221E+00
2026 07 23 08 07 30 000 -9.4242771E+00 -3.3045780E+00 -6.1605351E+00
2026 07 23 08 08 00 000 -9.4340235E+00 -3.3132190E+00 -6.1598407E+00
2026 07 23 08 08 30 000 -9.4437618E+00 -3.3218537E+00 -6.1591388E+00
2026 07 23 08 09 00 000 -9.4534922E+00 -3.3304820E+00 -6.1584294E+00
2026 07 23 08 09 30 000 -9.4632146E+00 -3.3391041E+00 -6.1577127E+00
2026 07 23 08 10 00 000 -9.4729290E+00 -3.3477199E+00 -6.1569886E+00
2026 07 23 08 10 30 000 -9.4826354E+00 -3.3563294E+00 -6.1562572E+00
2026 07 23 08 11 00 000 -9.4923339E+00 -3.3649325E+00 -6.1555185E+00
2026 07 23 08 11 30 000 -9.5020245E+00 -3.3735293E+00 -6.1547725E+00
2026 07 23 08 12 00 000 -9.5117072E+00 -3.3821198E+00 -6.1540194E+00
2026 07 23 08 12 30 000 -9.5213819E+00 -3.3907039E+00 -6.1532590E+00
2026 07 23 08 13 00 000 -9.5310488E+00 -3.3992817E+00 -6.1524914E+00
2026 07 23 08 13 30 000 -9.5407077E+00 -3.4078531E+00 -6.1517167E+00
2026 07 23 08 14 00 000 -9.5503589E+00 -3.4164181E+00 -6.1509350E+00
2026 07 23 08 14 30 000 -9.5600021E+00 -3.4249767E+00 -6.1501461E+00
2026 07 23 08 15 00 000 -9.5696375E+00 -3.4335289E+00 -6.1493503E+00
2026 07 23 08 15 30 000 -9.5792650E+00 -3.4420747E+00 -6.1485474E+00
2026 07 23 08 16 00 000 -9.5888848E+00 -3.4506141E+00 -6.1477375E+00
2026 07 23 08 16 30 000 -9.5984967E+00 -3.4591471E+00 -6.1469208E+00
2026 07 23 08 17 00 000 -9.6081008E+00 -3.4676736E+00 -6.1460971E+00
2026 07 23 08 17 30 000 -9.6176972E+00 -3.4761937E+00 -6.1452665E+00
2026 07 23 08 18 00 000 -9.6272857E+00 -3.4847073E+00 -6.1444291E+00
2026 07 23 08 18 30 000 -9.6368665E+00 -3.4932145E+00 -6.1435849E+00
2026 07 23 08 19 00 000 -9.6464395E+00 -3.5017152E+00 -6.1427339E+00
2026 07 23 08 19 30 000 -9.6560048E+00 -3.5102094E+00 -6.1418762E+00
2026 07 23 08 20 00 000 -9.6655624E+00 -3.5186971E+00 -6.1410117E+00
2026 07 23 08 20 30 000 -9.6751122E+00 -3.5271784E+00 -6.1401406E+00
2026 07 23 08 21 00 000 -9.6846543E+00 -3.5356531E+00 -6.1392628E+00
2026 07 23 08 21 30 000 -9.6941888E+00 -3.5441213E+00 -6.1383784E+00
2026 07 23 08 22 00 000 -9.7037155E+00 -3.5525830E+00 -6.1374874E+00
2026 07 23 08 22 30 000 -9.7132345E+00 -3.5610382E+00 -6.1365899E+00
2026 07 23 08 23 00 000 -9.7227459E+00 -3.5694868E+00 -6.1356858E+00
2026 07 23 08 23 30 000 -9.7322497E+00 -3.5779289E+00 -6.1347753E+00
2026 07 23 08 24 00 000 -9.7417458E+00 -3.5863644E+00 -6.1338583E+00
2026 07 23 08 24 30 000 -9.7512342E+00 -3.5947934E+00 -6.1329348E+00
2026 07 23 08 25 00 000 -9.7607151E+00 -3.6032157E+00 -6.1320050E+00
2026 07 23 08 25 30 000 -9.7701883E+00 -3.6116315E+00 -6.1310688E+00
2026 07 23 08 26 00 000 -9.7796539E+00 -3.6200408E+00 -6.1301263E+00
2026 07 23 08 26 30 000 -9.7891120E+00 -3.6284434E+00 -6.1291774E+00
2026 07 23 08 27 00 000 -9.7985624E+00 -3.6368394E+00 -6.1282223E+00
2026 07 23 08 27 30 000 -9.8080053E+00 -3.6452288E+00 -6.1272610E+00
2026 07 23 08 28 00 000 -9.8174407E+00 -3.6536116E+00 -6.1262935E+00
2026 07 23 08 28 30 000 -9.8268685E+00 -3.6619877E+00 -6.1253197E+00
2026 07 23 08 29 00 000 -9.8362888E+00 -3.6703572E+00 -6.1243399E+00
2026 07 23 08 29 30 000 -9.8457015E+00 -3.6787201E+00 -6.1233539E+00
2026 07 23 08 30 00 000 -9.8551068E+00 -3.6870763E+00 -6.1223618E+00
2026 07 23 08 30 30 000 -9.8645045E+00 -3.6954259E+00 -6.1213637E+00
2026 07 23 08 31 00 000 -9.8738947E+00 -3.7037688E+00 -6.1203596E+00
2026 07 23 08 31 30 000 -9.8832775E+00 -3.7121050E+00 -6.1193495E+00
2026 07 23 08 32 00 000 -9.8926528E+00 -3.7204346E+00 -6.1183334E+00
2026 07 23 08 32 30 000 -9.9020206E+00 -3.7287574E+00 -6.1173114E+00
2026 07 23 08 33 00 000 -9.9113810E+00 -3.7370736E+00 -6.1162836E+00
2026 07 23 08 33 30 000 -9.9207340E+00 -3.7453830E+00 -6.1152498E+00
2026 07 23 08 34 00 000 -9.9300795E+00 -3.7536858E+00 -6.1142102E+00
2026 07 23 08 34 30 000 -9.9394176E+00 -3.7619818E+00 -6.1131649E+00
2026 07 23 08 35 00 000 -9.9487483E+00 -3.7702711E+00 -6.1121137E+00
2026 07 23 08 35 30 000 -9.9580717E+00 -3.7785537E+00 -6.1110568E+00
2026 07 23 08 36 00 000 -9.9673876E+00 -3.7868295E+00 -6.1099943E+00
2026 07 23 08 36 30 000 -9.9766961E+00 -3.7950986E+00 -6.1089260E+00
2026 07 23 08 37 00 000 -9.9859973E+00 -3.8033609E+00 -6.1078521E+00
2026 07 23 08 37 30 000 -9.9952912E+00 -3.8116165E+00 -6.1067726E+00
2026 07 23 08 38 00 000 -1.0004578E+01 -3.8198653E+00 -6.1056875E+00
2026 07 23 08 38 30 000 -1.0013857E+01 -3.8281073E+00 -6.1045968E+00
2026 07 23 08 39 00 000 -1.0023129E+01 -3.8363426E+00 -6.1035007E+00
2026 07 23 08 39 30 000 -1.0032393E+01 -3.8445710E+00 -6.1023990E+00
2026 07 23 08 40 00 000 -1.0041650E+01 -3.8527927E+00 -6.1012919E+00
2026 07 23 08 40 30 000 -1.0050900E+01 -3.8610076E+00 -6.1001794E+00
2026 07 23 08 41 00 000 -1.0060143E+01 -3.8692156E+00 -6.0990614E+00
2026 07 23 08 41 30 000 -1.0069378E+01 -3.8774169E+00 -6.0979381E+00
2026 07 23 08 42 00 000 -1.0078607E+01 -3.8856113E+00 -6.0968095E+00
2026 07 23 08 42 30 000 -1.0087827E+01 -3.8937989E+00 -6.0956756E+00
2026 07 23 08 43 00 000 -1.0097041E+01 -3.9019797E+00 -6.0945363E+00
2026 07 23 08 43 30 000 -1.0106247E+01 -3.9101537E+00 -6.0933919E+00
2026 07 23 08 44 00 000 -1.0115447E+01 -3.9183208E+00 -6.0922422E+00
2026 07 23 08 44 30 000 -1.0124639E+01 -3.9264810E+00 -6.0910873E+00
2026 07 23 08 45 00 000 -1.0133823E+01 -3.9346344E+00 -6.0899273E+00
2026 07 23 08 45 30 000 -1.0143001E+01 -3.9427809E+00 -6.0887622E+00
2026 07 23 08 46 00 000 -1.0152171E+01 -3.9509206E+00 -6.0875920E+00
2026 07 23 08 46 30 000 -1.0161335E+01 -3.9590534E+00 -6.0864167E+00
2026 07 23 08 47 00 000 -1.0170491E+01 -3.9671793E+00 -6.0852364E+00
2026 07 23 08 47 30 000 -1.0179640E+01 -3.9752983E+00 -6.0840511E+00
2026 07 23 08 48 00 000 -1.0188781E+01 -3.9834104E+00 -6.0828608E+00
2026 07 23 08 48 30 000 -1.0197916E+01 -3.9915156E+00 -6.0816656E+00
2026 07 23 08 49 00 000 -1.0207044E+01 -3.9996140E+00 -6.0804655E+00
2026 07 23 08 49 30 000 -1.0216164E+01 -4.0077054E+00 -6.0792605E+00
2026 07 23 08 50 00 000 -1.0225277E+01 -4.0157899E+00 -6.0780507E+00
2026 07 23 08 50 30 000 -1.0234384E+01 -4.0238675E+00 -6.0768360E+00
2026 07 23 08 51 00 000 -1.0243483E+01 -4.0319381E+00 -6.0756165E+00
2026 07 23 08 51 30 000 -1.0252575E+01 -4.0400019E+00 -6.0743923E+00
2026 07 23 08 52 00 000 -1.0261660E+01 -4.0480586E+00 -6.0731634E+00
2026 07 23 08 52 30 000 -1.0270738E+01 -4.0561085E+00 -6.0719298E+00
2026 07 23 08 53 00 000 -1.0279809E+01 -4.0641514E+00 -6.0706915E+00
2026 07 23 08 53 30 000 -1.0288873E+01 -4.0721873E+00 -6.0694486E+00
2026 07 23 08 54 00 000 -1.0297929E+01 -4.0802163E+00 -6.0682010E+00
2026 07 23 08 54 30 000 -1.0306979E+01 -4.0882384E+00 -6.0669489E+00
2026 07 23 08 55 00 000 -1.0316022E+01 -4.0962534E+00 -6.0656923E+00
2026 07 23 08 55 30 000 -1.0325058E+01 -4.1042615E+00 -6.0644311E+00
2026 07 23 08 56 00 000 -1.0334087E+01 -4.1122626E+00 -6.0631654E+00
2026 07 23 08 56 30 000 -1.0343109E+01 -4.1202567E+00 -6.0618953E+00
2026 07 23 08 57 00 000 -1.0352124E+01 -4.1282439E+00 -6.0606208E+00
2026 07 23 08 57 30 000 -1.0361132E+01 -4.1362240E+00 -6.0593419E+00
2026 07 23 08 58 00 000 -1.0370133E+01 -4.1441971E+00 -6.0580586E+00
2026 07 23 08 58 30 000 -1.0379127E+01 -4.1521633E+00 -6.0567709E+00
2026 07 23 08 59 00 000 -1.0388114E+01 -4.1601224E+00 -6.0554790E+00
2026 07 23 08 59 30 000 -1.0397094E+01 -4.1680745E+00 -6.0541828E+00
2026 07 23 09 00 00 000 -1.0406067E+01 -4.1760196E+00 -6.0528823E+00
2026 07 23 09 00 30 000 -1.0415034E+01 -4.1839577E+00 -6.0515776E+00
2026 07 23 09 01 00 000 -1.0423993E+01 -4.1918888E+00 -6.0502688E+00
2026 07 23 09 01 30 000 -1.0432946E+01 -4.1998128E+00 -6.0489557E+00
2026 07 23 09 02 00 000 -1.0441892E+01 -4.2077298E+00 -6.0476386E+00
2026 07 23 09 02 30 000 -1.0450831E+01 -4.2156397E+00 -6.0463173E+00
2026 07 23 09 03 00 000 -1.0459763E+01 -4.2235426E+00 -6.0449920E+00
2026 07 23 09 03 30 000 -1.0468688E+01 -4.2314385E+00 -6.0436627E+00
2026 07 23 09 04 00 000 -1.0477606E+01 -4.2393273E+00 -6.0423293E+00
2026 07 23 09 04 30 000 -1.0486518E+01 -4.2472090E+00 -6.0409919E+00
2026 07 23 09 05 00 000 -1.0495422E+01 -4.2550837E+00 -6.0396506E+00
2026 07 23 09 05 30 000 -1.0504320E+01 -4.2629513E+00 -6.0383054E+00
2026 07 23 09 06 00 000 -1.0513211E+01 -4.2708119E+00 -6.0369563E+00
2026 07 23 09 06 30 000 -1.0522096E+01 -4.2786653E+00 -6.0356033E+00
2026 07 23 09 07 00 000 -1.0530973E+01 -4.2865117E+00 -6.0342465E+00
2026 07 23 09 07 30 000 -1.0539844E+01 -4.2943510E+00 -6.0328859E+00
2026 07 23 09 08 00 000 -1.0548708E+01 -4.3021833E+00 -6.0315215E+00
2026 07 23 09 08 30 000 -1.0557565E+01 -4.3100084E+00 -6.0301534E+00
2026 07 23 09 09 00 000 -1.0566416E+01 -4.3178264E+00 -6.0287815E+00
2026 07 23 09 09 30 000 -1.0575259E+01 -4.3256374E+00 -6.0274060E+00
2026 07 23 09 10 00 000 -1.0584097E+01 -4.3334412E+00 -6.0260268E+00
2026 07 23 09 10 30 000 -1.0592927E+01 -4.3412380E+00 -6.0246440E+00
2026 07 23 09 11 00 000 -1.0601750E+01 -4.3490276E+00 -6.0232575E+00
2026 07 23 09 11 30 000 -1.0610567E+01 -4.3568101E+00 -6.0218676E+00
2026 07 23 09 12 00 000 -1.0619377E+01 -4.3645855E+00 -6.0204740E+00
2026 07 23 09 12 30 000 -1.0628181E+01 -4.3723538E+00 -6.0190770E+00
2026 07 23 09 13 00 000 -1.0636978E+01 -4.3801150E+00 -6.0176765E+00
2026 07 23 09 13 30 000 -1.0645768E+01 -4.3878690E+00 -6.0162725E+00
2026 07 23 09 14 00 000 -1.0654551E+01 -4.3956159E+00 -6.0148651E+00
2026 07 23 09 14 30 000 -1.0663328E+01 -4.4033556E+00 -6.0134543E+00
2026 07 23 09 15 00 000 -1.0672098E+01 -4.4110883E+00 -6.0120401E+00
2026 07 23 09 15 30 000 -1.0680862E+01 -4.4188138E+00 -6.0106226E+00
2026 07 23 09 16 00 000 -1.0689619E+01 -4.4265321E+00 -6.0092018E+00
2026 07 23 09 16 30 000 -1.0698369E+01 -4.4342433E+00 -6.0077777E+00
2026 07 23 09 17 00 000 -1.0707113E+01 -4.4419474E+00 -6.0063503E+00
2026 07 23 09 17 30 000 -1.0715850E+01 -4.4496443E+00 -6.0049197E+00
2026 07 23 09 18 00 000 -1.0724581E+01 -4.4573340E+00 -6.0034860E+00
2026 07 23 09 18 30 000 -1.0733305E+01 -4.4650166E+00 -6.0020490E+00
2026 07 23 09 19 00 000 -1.0742022E+01 -4.4726920E+00 -6.0006090E+00
2026 07 23 09 19 30 000 -1.0750733E+01 -4.4803602E+00 -5.9991658E+00
2026 07 23 09 20 00 000 -1.0759437E+01 -4.4880213E+00 -5.9977195E+00
2026 07 23 09 20 30 000 -1.0768135E+01 -4.4956752E+00 -5.9962702E+00
2026 07 23 09 21 00 000 -1.0776826E+01 -4.5033220E+00 -5.9948179E+00
2026 07 23 09 21 30 000 -1.0785511E+01 -4.5109615E+00 -5.9933626E+00
2026 07 23 09 22 00 000 -1.0794189E+01 -4.5185939E+00 -5.9919043E+00
2026 07 23 09 22 30 000 -1.0802860E+01 -4.5262191E+00 -5.9904431E+00
2026 07 23 09 23 00 000 -1.0811525E+01 -4.5338371E+00 -5.9889789E+00
2026 07 23 09 23 30 000 -1.0820184E+01 -4.5414479E+00 -5.9875119E+00
2026 07 23 09 24 00 000 -1.0828836E+01 -4.5490515E+00 -5.9860421E+00
2026 07 23 09 24 30 000 -1.0837482E+01 -4.5566480E+00 -5.9845694E+00
2026 07 23 09 25 00 000 -1.0846121E+01 -4.5642372E+00 -5.9830939E+00
2026 07 23 09 25 30 000 -1.0854753E+01 -4.5718193E+00 -5.9816156E+00
2026 07 23 09 26 00 000 -1.0863380E+01 -4.5793941E+00 -5.9801346E+00
2026 07 23 09 26 30 000 -1.0871999E+01 -4.5869617E+00 -5.9786509E+00
2026 07 23 09 27 00 000 -1.0880613E+01 -4.5945222E+00 -5.9771645E+00
2026 07 23 09 27 30 000 -1.0889220E+01 -4.6020754E+00 -5.9756755E+00
2026 07 23 09 28 00 000 -1.0897820E+01 -4.6096214E+00 -5.9741839E+00
2026 07 23 09 28 30 000 -1.0906414E+01 -4.6171602E+00 -5.9726896E+00
2026 07 23 09 29 00 000 -1.0915002E+01 -4.6246918E+00 -5.9711928E+00
2026 07 23 09 29 30 000 -1.0923583E+01 -4.6322162E+00 -5.9696934E+00
2026 07 23 09 30 00 000 -1.0932158E+01 -4.6397333E+00 -5.9681915E+00
2026 07 23 09 30 30 000 -1.0940726E+01 -4.6472433E+00 -5.9666871E+00
2026 07 23 09 31 00 000 -1.0949289E+01 -4.6547460E+00 -5.9651803E+00
2026 07 23 09 31 30 000 -1.0957844E+01 -4.6622414E+00 -5.9636711E+00
2026 07 23 09 32 00 000 -1.0966394E+01 -4.6697297E+00 -5.9621594E+00
2026 07 23 09 32 30 000 -1.0974937E+01 -4.6772107E+00 -5.9606454E+00
2026 07 23 09 33 00 000 -1.0983473E+01 -4.6846845E+00 -5.9591290E+00
2026 07 23 09 33 30 000 -1.0992004E+01 -4.6921511E+00 -5.9576103E+00
2026 07 23 09 34 00 000 -1.1000528E+01 -4.6996104E+00 -5.9560893E+00
2026 07 23 09 34 30 000 -1.1009045E+01 -4.7070625E+00 -5.9545661E+00
2026 07 23 09 35 00 000 -1.1017557E+01 -4.7145073E+00 -5.9530406E+00
2026 07 23 09 35 30 000 -1.1026062E+01 -4.7219449E+00 -5.9515129E+00
2026 07 23 09 36 00 000 -1.1034561E+01 -4.7293753E+00 -5.9499830E+00
2026 07 23 09 36 30 000 -1.1043053E+01 -4.7367984E+00 -5.9484510E+00
2026 07 23 09 37 00 000 -1.1051539E+01 -4.7442143E+00 -5.9469168E+00
2026 07 23 09 37 30 000 -1.1060019E+01 -4.7516229E+00 -5.9453806E+00
2026 07 23 09 38 00 000 -1.1068493E+01 -4.7590243E+00 -5.9438423E+00
2026 07 23 09 38 30 000 -1.1076960E+01 -4.7664184E+00 -5.9423019E+00
2026 07 23 09 39 00 000 -1.1085422E+01 -4.7738053E+00 -5.9407595E+00
2026 07 23 09 39 30 000 -1.1093876E+01 -4.7811849E+00 -5.9392152E+00
2026 07 23 09 40 00 000 -1.1102325E+01 -4.7885573E+00 -5.9376689E+00
2026 07 23 09 40 30 000 -1.1110768E+01 -4.7959224E+00 -5.9361206E+00
2026 07 23 09 41 00 000 -1.1119204E+01 -4.8032802E+00 -5.9345705E+00
2026 07 23 09 41 30 000 -1.1127634E+01 -4.8106308E+00 -5.9330184E+00
2026 07 23 09 42 00 000 -1.1136058E+01 -4.8179742E+00 -5.9314646E+00
2026 07 23 09 42 30 000 -1.1144475E+01 -4.8253102E+00 -5.9299089E+00
2026 07 23 09 43 00 000 -1.1152887E+01 -4.8326390E+00 -5.9283514E+00
2026 07 23 09 43 30 000 -1.1161292E+01 -4.8399606E+00 -5.9267921E+00
2026 07 23 09 44 00 000 -1.1169691E+01 -4.8472749E+00 -5.9252311E+00
2026 07 23 09 44 30 000 -1.1178084E+01 -4.8545819E+00 -5.9236683E+00
2026 07 23 09 45 00 000 -1.1186471E+01 -4.8618816E+00 -5.9221039E+00
2026 07 23 09 45 30 000 -1.1194851E+01 -4.8691741E+00 -5.9205379E+00
2026 07 23 09 46 00 000 -1.1203226E+01 -4.8764593E+00 -5.9189702E+00
2026 07 23 09 46 30 000 -1.1211594E+01 -4.8837373E+00 -5.9174008E+00
2026 07 23 09 47 00 000 -1.1219956E+01 -4.8910079E+00 -5.9158299E+00
2026 07 23 09 47 30 000 -1.1228313E+01 -4.8982713E+00 -5.9142575E+00
2026 07 23 09 48 00 000 -1.1236663E+01 -4.9055274E+00 -5.9126835E+00
2026 07 23 09 48 30 000 -1.1245006E+01 -4.9127763E+00 -5.9111081E+00
2026 07 23 09 49 00 000 -1.1253344E+01 -4.9200179E+00 -5.9095311E+00
2026 07 23 09 49 30 000 -1.1261676E+01 -4.9272522E+00 -5.9079527E+00
2026 07 23 09 50 00 000 -1.1270001E+01 -4.9344792E+00 -5.9063729E+00
2026 07 23 09 50 30 000 -1.1278321E+01 -4.9416989E+00 -5.9047917E+00
2026 07 23 09 51 00 000 -1.1286634E+01 -4.9489114E+00 -5.9032092E+00
2026 07 23 09 51 30 000 -1.1294942E+01 -4.9561166E+00 -5.9016253E+00
2026 07 23 09 52 00 000 -1.1303243E+01 -4.9633145E+00 -5.9000401E+00
2026 07 23 09 52 30 000 -1.1311538E+01 -4.9705052E+00 -5.8984536E+00
2026 07 23 09 53 00 000 -1.1319828E+01 -4.9776885E+00 -5.8968658E+00
2026 07 23 09 53 30 000 -1.1328111E+01 -4.9848646E+00 -5.8952768E+00
2026 07 23 09 54 00 000 -1.1336388E+01 -4.9920334E+00 -5.8936866E+00
2026 07 23 09 54 30 000 -1.1344659E+01 -4.9991949E+00 -5.8920953E+00
2026 07 23 09 55 00 000 -1.1352924E+01 -5.0063492E+00 -5.8905028E+00
2026 07 23 09 55 30 000 -1.1361184E+01 -5.0134961E+00 -5.8889091E+00
2026 07 23 09 56 00 000 -1.1369437E+01 -5.0206358E+00 -5.8873144E+00
2026 07 23 09 56 30 000 -1.1377684E+01 -5.0277682E+00 -5.8857186E+00
2026 07 23 09 57 00 000 -1.1385925E+01 -5.0348933E+00 -5.8841217E+00
2026 07 23 09 57 30 000 -1.1394160E+01 -5.0420111E+00 -5.8825238E+00
2026 07 23 09 58 00 000 -1.1402389E+01 -5.0491217E+00 -5.8809249E+00
2026 07 23 09 58 30 000 -1.1410613E+01 -5.0562249E+00 -5.8793251E+00
2026 07 23 09 59 00 000 -1.1418830E+01 -5.0633209E+00 -5.8777243E+00
2026 07 23 09 59 30 000 -1.1427041E+01 -5.0704096E+00 -5.8761226E+00
2026 07 23 10 00 00 000 -1.1435247E+01 -5.0774910E+00 -5.8745200E+00
2026 07 23 10 00 30 000 -1.1443446E+01 -5.0845651E+00 -5.8729166E+00
2026 07 23 10 01 00 000 -1.1451640E+01 -5.0916320E+00 -5.8713123E+00
2026 07 23 10 01 30 000 -1.1459828E+01 -5.0986915E+00 -5.8697072E+00
2026 07 23 10 02 00 000 -1.1468009E+01 -5.1057438E+00 -5.8681013E+00
2026 07 23 10 02 30 000 -1.1476185E+01 -5.1127888E+00 -5.8664946E+00
2026 07 23 10 03 00 000 -1.1484355E+01 -5.1198265E+00 -5.8648872E+00
2026 07 23 10 03 30 000 -1.1492519E+01 -5.1268569E+00 -5.8632791E+00
2026 07 23 10 04 00 000 -1.1500677E+01 -5.1338801E+00 -5.8616704E+00
2026 07 23 10 04 30 000 -1.1508830E+01 -5.1408960E+00 -5.8600609E+00
2026 07 23 10 05 00 000 -1.1516976E+01 -5.1479045E+00 -5.8584509E+00
2026 07 23 10 05 30 000 -1.1525117E+01 -5.1549059E+00 -5.8568402E+00
2026 07 23 10 06 00 000 -1.1533251E+01 -5.1618999E+00 -5.8552290E+00
2026 07 23 10 06 30 000 -1.1541380E+01 -5.1688866E+00 -5.8536172E+00
2026 07 23 10 07 00 000 -1.1549503E+01 -5.1758661E+00 -5.8520049E+00
2026 07 23 10 07 30 000 -1.1557620E+01 -5.1828382E+00 -5.8503920E+00
2026 07 23 10 08 00 000 -1.1565732E+01 -5.1898031E+00 -5.8487787E+00
2026 07 23 10 08 30 000 -1.1573837E+01 -5.1967607E+00 -5.8471650E+00
2026 07 23 10 09 00 000 -1.1581937E+01 -5.2037111E+00 -5.8455508E+00
2026 07 23 10 09 30 000 -1.1590031E+01 -5.2106541E+00 -5.8439362E+00
2026 07 23 10 10 00 000 -1.1598119E+01 -5.2175899E+00 -5.8423213E+00
2026 07 23 10 10 30 000 -1.1606201E+01 -5.2245184E+00 -5.8407060E+00
2026 07 23 10 11 00 000 -1.1614278E+01 -5.2314396E+00 -5.8390904E+00
2026 07 23 10 11 30 000 -1.1622349E+01 -5.2383536E+00 -5.8374744E+00
2026 07 23 10 12 00 000 -1.1630414E+01 -5.2452603E+00 -5.8358582E+00
2026 07 23 10 12 30 000 -1.1638473E+01 -5.2521597E+00 -5.8342418E+00
2026 07 23 10 13 00 000 -1.1646526E+01 -5.2590518E+00 -5.8326251E+00
2026 07 23 10 13 30 000 -1.1654574E+01 -5.2659366E+00 -5.8310083E+00
2026 07 23 10 14 00 000 -1.1662616E+01 -5.2728142E+00 -5.8293912E+00
2026 07 23 10 14 30 000 -1.1670652E+01 -5.2796845E+00 -5.8277740E+00
2026 07 23 10 15 00 000 -1.1678682E+01 -5.2865475E+00 -5.8261567E+00
2026 07 23 10 15 30 000 -1.1686707E+01 -5.2934033E+00 -5.8245393E+00
2026 07 23 10 16 00 000 -1.1694726E+01 -5.3002518E+00 -5.8229218E+00
2026 07 23 10 16 30 000 -1.1702739E+01 -5.3070930E+00 -5.8213043E+00
2026 07 23 10 17 00 000 -1.1710747E+01 -5.3139270E+00 -5.8196868E+00
2026 07 23 10 17 30 000 -1.1718749E+01 -5.3207537E+00 -5.8180692E+00
2026 07 23 10 18 00 000 -1.1726745E+01 -5.3275731E+00 -5.8164517E+00
2026 07 23 10 18 30 000 -1.1734735E+01 -5.3343852E+00 -5.8148342E+00
2026 07 23 10 19 00 000 -1.1742720E+01 -5.3411901E+00 -5.8132168E+00
2026 07 23 10 19 30 000 -1.1750699E+01 -5.3479878E+00 -5.8115996E+00
2026 07 23 10 20 00 000 -1.1758673E+01 -5.3547781E+00 -5.8099824E+00
2026 07 23 10 20 30 000 -1.1766641E+01 -5.3615613E+00 -5.8083654E+00
2026 07 23 10 21 00 000 -1.1774603E+01 -5.3683371E+00 -5.8067485E+00
2026 07 23 10 21 30 000 -1.1782559E+01 -5.3751057E+00 -5.8051319E+00
2026 07 23 10 22 00 000 -1.1790510E+01 -5.3818670E+00 -5.8035155E+00
2026 07 23 10 22 30 000 -1.1798455E+01 -5.3886211E+00 -5.8018993E+00
2026 07 23 10 23 00 000 -1.1806395E+01 -5.3953680E+00 -5.8002834E+00
2026 07 23 10 23 30 000 -1.1814329E+01 -5.4021075E+00 -5.7986678E+00
2026 07 23 10 24 00 000 -1.1822257E+01 -5.4088399E+00 -5.7970526E+00
2026 07 23 10 24 30 000 -1.1830180E+01 -5.4155649E+00 -5.7954377E+00
2026 07 23 10 25 00 000 -1.1838097E+01 -5.4222828E+00 -5.7938231E+00
2026 07 23 10 25 30 000 -1.1846008E+01 -5.4289934E+00 -5.7922089E+00
2026 07 23 10 26 00 000 -1.1853914E+01 -5.4356967E+00 -5.7905952E+00
2026 07 23 10 26 30 000 -1.1861814E+01 -5.4423928E+00 -5.7889819E+00
2026 07 23 10 27 00 000 -1.1869709E+01 -5.4490816E+00 -5.7873691E+00
2026 07 23 10 27 30 000 -1.1877598E+01 -5.4557633E+00 -5.7857568E+00
2026 07 23 10 28 00 000 -1.1885482E+01 -5.4624376E+00 -5.7841449E+00
2026 07 23 10 28 30 000 -1.1893360E+01 -5.4691047E+00 -5.7825337E+00
2026 07 23 10 29 00 000 -1.1901232E+01 -5.4757646E+00 -5.7809230E+00
2026 07 23 10 29 30 000 -1.1909099E+01 -5.4824173E+00 -5.7793128E+00
2026 07 23 10 30 00 000 -1.1916961E+01 -5.4890627E+00 -5.7777033E+00
2026 07 23 10 30 30 000 -1.1924817E+01 -5.4957009E+00 -5.7760945E+00
2026 07 23 10 31 00 000 -1.1932667E+01 -5.5023319E+00 -5.7744863E+00
2026 07 23 10 31 30 000 -1.1940512E+01 -5.5089556E+00 -5.7728787E+00
2026 07 23 10 32 00 000 -1.1948351E+01 -5.5155721E+00 -5.7712719E+00
2026 07 23 10 32 30 000 -1.1956185E+01 -5.5221814E+00 -5.7696658E+00
2026 07 23 10 33 00 000 -1.1964013E+01 -5.5287834E+00 -5.7680605E+00
2026 07 23 10 33 30 000 -1.1971836E+01 -5.5353783E+00 -5.7664559E+00
2026 07 23 10 34 00 000 -1.1979653E+01 -5.5419659E+00 -5.7648522E+00
2026 07 23 10 34 30 000 -1.1987465E+01 -5.5485463E+00 -5.7632492E+00
2026 07 23 10 35 00 000 -1.1995271E+01 -5.5551195E+00 -5.7616472E+00
2026 07 23 10 35 30 000 -1.2003072E+01 -5.5616854E+00 -5.7600460E+00
2026 07 23 10 36 00 000 -1.2010867E+01 -5.5682442E+00 -5.7584457E+00
2026 07 23 10 36 30 000 -1.2018657E+01 -5.5747957E+00 -5.7568463E+00
2026 07 23 10 37 00 000 -1.2026441E+01 -5.5813401E+00 -5.7552478E+00
2026 07 23 10 37 30 000 -1.2034220E+01 -5.5878772E+00 -5.7536504E+00
2026 07 23 10 38 00 000 -1.2041994E+01 -5.5944071E+00 -5.7520539E+00
2026 07 23 10 38 30 000 -1.2049762E+01 -5.6009299E+00 -5.7504584E+00
2026 07 23 10 39 00 000 -1.2057525E+01 -5.6074454E+00 -5.7488640E+00
2026 07 23 10 39 30 000 -1.2065282E+01 -5.6139537E+00 -5.7472706E+00
2026 07 23 10 40 00 000 -1.2073034E+01 -5.6204548E+00 -5.7456783E+00
2026 07 23 10 40 30 000 -1.2080780E+01 -5.6269488E+00 -5.7440871E+00
2026 07 23 10 41 00 000 -1.2088521E+01 -5.6334355E+00 -5.7424971E+00
2026 07 23 10 41 30 000 -1.2096256E+01 -5.6399151E+00 -5.7409082E+00
2026 07 23 10 42 00 000 -1.2103987E+01 -5.6463874E+00 -5.7393205E+00
2026 07 23 10 42 30 000 -1.2111711E+01 -5.6528526E+00 -5.7377339E+00
2026 07 23 10 43 00 000 -1.2119431E+01 -5.6593106E+00 -5.7361486E+00
2026 07 23 10 43 30 000 -1.2127145E+01 -5.6657614E+00 -5.7345646E+00
2026 07 23 10 44 00 000 -1.2134853E+01 -5.6722051E+00 -5.7329818E+00
2026 07 23 10 44 30 000 -1.2142557E+01 -5.6786415E+00 -5.7314003E+00
2026 07 23 10 45 00 000 -1.2150254E+01 -5.6850708E+00 -5.7298201E+00
2026 07 23 10 45 30 000 -1.2157947E+01 -5.6914929E+00 -5.7282413E+00
2026 07 23 10 46 00 000 -1.2165634E+01 -5.6979079E+00 -5.7266638E+00
2026 07 23 10 46 30 000 -1.2173316E+01 -5.7043157E+00 -5.7250877E+00
2026 07 23 10 47 00 000 -1.2180992E+01 -5.7107163E+00 -5.7235129E+00
2026 07 23 10 47 30 000 -1.2188664E+01 -5.7171097E+00 -5.7219397E+00
2026 07 23 10 48 00 000 -1.2196329E+01 -5.7234960E+00 -5.7203678E+00
2026 07 23 10 48 30 000 -1.2203990E+01 -5.7298752E+00 -5.7187975E+00
2026 07 23 10 49 00 000 -1.2211645E+01 -5.7362472E+00 -5.7172286E+00
2026 07 23 10 49 30 000 -1.2219295E+01 -5.7426120E+00 -5.7156612E+00
2026 07 23 10 50 00 000 -1.2226940E+01 -5.7489697E+00 -5.7140954E+00
2026 07 23 10 50 30 000 -1.2234579E+01 -5.7553202E+00 -5.7125312E+00
2026 07 23 10 51 00 000 -1.2242213E+01 -5.7616636E+00 -5.7109685E+00
2026 07 23 10 51 30 000 -1.2249841E+01 -5.7679999E+00 -5.7094075E+00
2026 07 23 10 52 00 000 -1.2257465E+01 -5.7743290E+00 -5.7078480E+00
2026 07 23 10 52 30 000 -1.2265083E+01 -5.7806510E+00 -5.7062902E+00
2026 07 23 10 53 00 000 -1.2272696E+01 -5.7869658E+00 -5.7047341E+00
2026 07 23 10 53 30 000 -1.2280303E+01 -5.7932735E+00 -5.7031797E+00
2026 07 23 10 54 00 000 -1.2287906E+01 -5.7995741E+00 -5.7016270E+00
2026 07 23 10 54 30 000 -1.2295503E+01 -5.8058676E+00 -5.7000760E+00
2026 07 23 10 55 00 000 -1.2303095E+01 -5.8121539E+00 -5.6985268E+00
2026 07 23 10 55 30 000 -1.2310681E+01 -5.8184331E+00 -5.6969794E+00
2026 07 23 10 56 00 000 -1.2318262E+01 -5.8247052E+00 -5.6954338E+00
2026 07 23 10 56 30 000 -1.2325839E+01 -5.8309702E+00 -5.6938900E+00
2026 07 23 10 57 00 000 -1.2333409E+01 -5.8372281E+00 -5.6923480E+00
2026 07 23 10 57 30 000 -1.2340975E+01 -5.8434789E+00 -5.6908080E+00
2026 07 23 10 58 00 000 -1.2348536E+01 -5.8497225E+00 -5.6892698E+00
2026 07 23 10 58 30 000 -1.2356091E+01 -5.8559591E+00 -5.6877335E+00
2026 07 23 10 59 00 000 -1.2363641E+01 -5.8621886E+00 -5.6861992E+00
2026 07 23 10 59 30 000 -1.2371186E+01 -5.8684109E+00 -5.6846668E+00
2026 07 23 11 00 00 000 -1.2378725E+01 -5.8746262E+00 -5.6831364E+00
2026 07 23 11 00 30 000 -1.2386260E+01 -5.8808344E+00 -5.6816080E+00
2026 07 23 11 01 00 000 -1.2393789E+01 -5.8870355E+00 -5.6800816E+00
2026 07 23 11 01 30 000 -1.2401313E+01 -5.8932295E+00 -5.6785572E+00
2026 07 23 11 02 00 000 -1.2408832E+01 -5.8994164E+00 -5.6770350E+00
2026 07 23 11 02 30 000 -1.2416346E+01 -5.9055962E+00 -5.6755148E+00
2026 07 23 11 03 00 000 -1.2423854E+01 -5.9117690E+00 -5.6739967E+00
2026 07 23 11 03 30 000 -1.2431358E+01 -5.9179347E+00 -5.6724807E+00
2026 07 23 11 04 00 000 -1.2438856E+01 -5.9240933E+00 -5.6709669E+00
2026 07 23 11 04 30 000 -1.2446349E+01 -5.9302449E+00 -5.6694553E+00
2026 07 23 11 05 00 000 -1.2453837E+01 -5.9363894E+00 -5.6679458E+00
2026 07 23 11 05 30 000 -1.2461320E+01 -5.9425268E+00 -5.6664385E+00
2026 07 23 11 06 00 000 -1.2468798E+01 -5.9486572E+00 -5.6649335E+00
2026 07 23 11 06 30 000 -1.2476270E+01 -5.9547805E+00 -5.6634308E+00
2026 07 23 11 07 00 000 -1.2483738E+01 -5.9608968E+00 -5.6619303E+00
2026 07 23 11 07 30 000 -1.2491200E+01 -5.9670060E+00 -5.6604321E+00
2026 07 23 11 08 00 000 -1.2498657E+01 -5.9731082E+00 -5.6589362E+00
2026 07 23 11 08 30 000 -1.2506109E+01 -5.9792033E+00 -5.6574427E+00
2026 07 23 11 09 00 000 -1.2513556E+01 -5.9852914E+00 -5.6559515E+00
2026 07 23 11 09 30 000 -1.2520998E+01 -5.9913725E+00 -5.6544627E+00
2026 07 23 11 10 00 000 -1.2528435E+01 -5.9974465E+00 -5.6529763E+00
2026 07 23 11 10 30 000 -1.2535867E+01 -6.0035136E+00 -5.6514923E+00
2026 07 23 11 11 00 000 -1.2543294E+01 -6.0095735E+00 -5.6500108E+00
2026 07 23 11 11 30 000 -1.2550715E+01 -6.0156265E+00 -5.6485317E+00
2026 07 23 11 12 00 000 -1.2558132E+01 -6.0216725E+00 -5.6470551E+00
2026 07 23 11 12 30 000 -1.2565543E+01 -6.0277114E+00 -5.6455810E+00
2026 07 23 11 13 00 000 -1.2572950E+01 -6.0337433E+00 -5.6441094E+00
2026 07 23 11 13 30 000 -1.2580351E+01 -6.0397682E+00 -5.6426404E+00
2026 07 23 11 14 00 000 -1.2587748E+01 -6.0457861E+00 -5.6411739E+00
2026 07 23 11 14 30 000 -1.2595139E+01 -6.0517971E+00 -5.6397100E+00
2026 07 23 11 15 00 000 -1.2602525E+01 -6.0578010E+00 -5.6382487E+00
2026 07 23 11 15 30 000 -1.2609907E+01 -6.0637979E+00 -5.6367900E+00
2026 07 23 11 16 00 000 -1.2617283E+01 -6.0697878E+00 -5.6353340E+00
2026 07 23 11 16 30 000 -1.2624654E+01 -6.0757708E+00 -5.6338807E+00
2026 07 23 11 17 00 000 -1.2632020E+01 -6.0817468E+00 -5.6324300E+00
2026 07 23 11 17 30 000 -1.2639381E+01 -6.0877157E+00 -5.6309820E+00
2026 07 23 11 18 00 000 -1.2646738E+01 -6.0936777E+00 -5.6295367E+00
2026 07 23 11 18 30 000 -1.2654089E+01 -6.0996328E+00 -5.6280942E+00
2026 07 23 11 19 00 000 -1.2661435E+01 -6.1055809E+00 -5.6266545E+00
2026 07 23 11 19 30 000 -1.2668776E+01 -6.1115220E+00 -5.6252175E+00
2026 07 23 11 20 00 000 -1.2676112E+01 -6.1174561E+00 -5.6237834E+00
2026 07 23 11 20 30 000 -1.2683444E+01 -6.1233833E+00 -5.6223520E+00
2026 07 23 11 21 00 000 -1.2690770E+01 -6.1293035E+00 -5.6209235E+00
2026 07 23 11 21 30 000 -1.2698091E+01 -6.1352168E+00 -5.6194979E+00
2026 07 23 11 22 00 000 -1.2705407E+01 -6.1411232E+00 -5.6180752E+00
2026 07 23 11 22 30 000 -1.2712719E+01 -6.1470226E+00 -5.6166553E+00
2026 07 23 11 23 00 000 -1.2720025E+01 -6.1529150E+00 -5.6152384E+00
2026 07 23 11 23 30 000 -1.2727327E+01 -6.1588005E+00 -5.6138244E+00
2026 07 23 11 24 00 000 -1.2734623E+01 -6.1646791E+00 -5.6124134E+00
2026 07 23 11 24 30 000 -1.2741915E+01 -6.1705508E+00 -5.6110053E+00
2026 07 23 11 25 00 000 -1.2749201E+01 -6.1764155E+00 -5.6096002E+00
2026 07 23 11 25 30 000 -1.2756483E+01 -6.1822734E+00 -5.6081982E+00
2026 07 23 11 26 00 000 -1.2763760E+01 -6.1881243E+00 -5.6067992E+00
2026 07 23 11 26 30 000 -1.2771032E+01 -6.1939683E+00 -5.6054032E+00
2026 07 23 11 27 00 000 -1.2778299E+01 -6.1998053E+00 -5.6040104E+00
2026 07 23 11 27 30 000 -1.2785561E+01 -6.2056355E+00 -5.6026206E+00
2026 07 23 11 28 00 000 -1.2792818E+01 -6.2114588E+00 -5.6012339E+00
2026 07 23 11 28 30 000 -1.2800070E+01 -6.2172752E+00 -5.5998504E+00
2026 07 23 11 29 00 000 -1.2807318E+01 -6.2230847E+00 -5.5984700E+00
2026 07 23 11 29 30 000 -1.2814560E+01 -6.2288873E+00 -5.5970928E+00
2026 07 23 11 30 00 000 -1.2821798E+01 -6.2346830E+00 -5.5957187E+00
2026 07 23 11 30 30 000 -1.2829030E+01 -6.2404718E+00 -5.5943479E+00
2026 07 23 11 31 00 000 -1.2836258E+01 -6.2462538E+00 -5.5929803E+00
2026 07 23 11 31 30 000 -1.2843481E+01 -6.2520288E+00 -5.5916159E+00
2026 07 23 11 32 00 000 -1.2850699E+01 -6.2577970E+00 -5.5902548E+00
2026 07 23 11 32 30 000 -1.2857913E+01 -6.2635584E+00 -5.5888970E+00
2026 07 23 11 33 00 000 -1.2865121E+01 -6.2693129E+00 -5.5875425E+00
2026 07 23 11 33 30 000 -1.2872325E+01 -6.2750605E+00 -5.5861913E+00
2026 07 23 11 34 00 000 -1.2879523E+01 -6.2808013E+00 -5.5848434E+00
2026 07 23 11 34 30 000 -1.2886717E+01 -6.2865352E+00 -5.5834989E+00
2026 07 23 11 35 00 000 -1.2893906E+01 -6.2922623E+00 -5.5821578E+00
2026 07 23 11 35 30 000 -1.2901090E+01 -6.2979825E+00 -5.5808200E+00
2026 07 23 11 36 00 000 -1.2908270E+01 -6.3036959E+00 -5.5794857E+00
2026 07 23 11 36 30 000 -1.2915444E+01 -6.3094025E+00 -5.5781548E+00
2026 07 23 11 37 00 000 -1.2922614E+01 -6.3151022E+00 -5.5768273E+00
2026 07 23 11 37 30 000 -1.2929779E+01 -6.3207952E+00 -5.5755033E+00
2026 07 23 11 38 00 000 -1.2936939E+01 -6.3264812E+00 -5.5741828E+00
2026 07 23 11 38 30 000 -1.2944094E+01 -6.3321605E+00 -5.5728658E+00
2026 07 23 11 39 00 000 -1.2951245E+01 -6.3378330E+00 -5.5715523E+00
2026 07 23 11 39 30 000 -1.2958390E+01 -6.3434987E+00 -5.5702423E+00
2026 07 23 11 40 00 000 -1.2965531E+01 -6.3491576E+00 -5.5689359E+00
2026 07 23 11 40 30 000 -1.2972667E+01 -6.3548096E+00 -5.5676331E+00
2026 07 23 11 41 00 000 -1.2979799E+01 -6.3604549E+00 -5.5663339E+00
2026 07 23 11 41 30 000 -1.2986925E+01 -6.3660934E+00 -5.5650382E+00
2026 07 23 11 42 00 000 -1.2994047E+01 -6.3717250E+00 -5.5637462E+00
2026 07 23 11 42 30 000 -1.3001164E+01 -6.3773499E+00 -5.5624578E+00
2026 07 23 11 43 00 000 -1.3008276E+01 -6.3829681E+00 -5.5611731E+00
2026 07 23 11 43 30 000 -1.3015384E+01 -6.3885794E+00 -5.5598920E+00
2026 07 23 11 44 00 000 -1.3022487E+01 -6.3941840E+00 -5.5586147E+00
2026 07 23 11 44 30 000 -1.3029585E+01 -6.3997819E+00 -5.5573411E+00
2026 07 23 11 45 00 000 -1.3036678E+01 -6.4053729E+00 -5.5560712E+00
2026 07 23 11 45 30 000 -1.3043767E+01 -6.4109572E+00 -5.5548050E+00
2026 07 23 11 46 00 000 -1.3050850E+01 -6.4165348E+00 -5.5535426E+00
2026 07 23 11 46 30 000 -1.3057929E+01 -6.4221056E+00 -5.5522840E+00
2026 07 23 11 47 00 000 -1.3065004E+01 -6.4276696E+00 -5.5510292E+00
2026 07 23 11 47 30 000 -1.3072073E+01 -6.4332270E+00 -5.5497782E+00
2026 07 23 11 48 00 000 -1.3079138E+01 -6.4387776E+00 -5.5485310E+00
2026 07 23 11 48 30 000 -1.3086199E+01 -6.4443214E+00 -5.5472877E+00
2026 07 23 11 49 00 000 -1.3093254E+01 -6.4498586E+00 -5.5460482E+00
2026 07 23 11 49 30 000 -1.3100305E+01 -6.4553890E+00 -5.5448126E+00
2026 07 23 11 50 00 000 -1.3107351E+01 -6.4609127E+00 -5.5435809E+00
2026 07 23 11 50 30 000 -1.3114392E+01 -6.4664297E+00 -5.5423532E+00
2026 07 23 11 51 00 000 -1.3121429E+01 -6.4719400E+00 -5.5411293E+00
2026 07 23 11 51 30 000 -1.3128461E+01 -6.4774435E+00 -5.5399095E+00
2026 07 23 11 52 00 000 -1.3135489E+01 -6.4829404E+00 -5.5386935E+00
2026 07 23 11 52 30 000 -1.3142511E+01 -6.4884306E+00 -5.5374816E+00
2026 07 23 11 53 00 000 -1.3149529E+01 -6.4939141E+00 -5.5362737E+00
2026 07 23 11 53 30 000 -1.3156543E+01 -6.4993909E+00 -5.5350698E+00
2026 07 23 11 54 00 000 -1.3163551E+01 -6.5048610E+00 -5.5338699E+00
2026 07 23 11 54 30 000 -1.3170555E+01 -6.5103245E+00 -5.5326740E+00
2026 07 23 11 55 00 000 -1.3177555E+01 -6.5157813E+00 -5.5314823E+00
2026 07 23 11 55 30 000 -1.3184550E+01 -6.5212314E+00 -5.5302946E+00
2026 07 23 11 56 00 000 -1.3191540E+01 -6.5266748E+00 -5.5291110E+00
2026 07 23 11 56 30 000 -1.3198525E+01 -6.5321116E+00 -5.5279315E+00
2026 07 23 11 57 00 000 -1.3205506E+01 -6.5375418E+00 -5.5267561E+00
2026 07 23 11 57 30 000 -1.3212482E+01 -6.5429653E+00 -5.5255849E+00
2026 07 23 11 58 00 000 -1.3219454E+01 -6.5483821E+00 -5.5244178E+00
2026 07 23 11 58 30 000 -1.3226421E+01 -6.5537924E+00 -5.5232550E+00
2026 07 23 11 59 00 000 -1.3233383E+01 -6.5591959E+00 -5.5220963E+00
2026 07 23 11 59 30 000 -1.3240341E+01 -6.5645929E+00 -5.5209418E+00
2026 07 23 12 00 00 000 -1.3247294E+01 -6.5699832E+00 -5.5197916E+00
2026 07 23 12 00 30 000 -1.3254242E+01 -6.5753669E+00 -5.5186456E+00
2026 07 23 12 01 00 000 -1.3261186E+01 -6.5807440E+00 -5.5175038E+00
2026 07 23 12 01 30 000 -1.3268126E+01 -6.5861145E+00 -5.5163663E+00
2026 07 23 12 02 00 000 -1.3275060E+01 -6.5914784E+00 -5.5152331E+00
2026 07 23 12 02 30 000 -1.3281990E+01 -6.5968356E+00 -5.5141042E+00
2026 07 23 12 03 00 000 -1.3288916E+01 -6.6021863E+00 -5.5129796E+00
2026 07 23 12 03 30 000 -1.3295837E+01 -6.6075304E+00 -5.5118594E+00
2026 07 23 12 04 00 000 -1.3302753E+01 -6.6128679E+00 -5.5107435E+00
2026 07 23 12 04 30 000 -1.3309665E+01 -6.6181988E+00 -5.5096319E+00
2026 07 23 12 05 00 000 -1.3316572E+01 -6.6235231E+00 -5.5085248E+00
2026 07 23 12 05 30 000 -1.3323475E+01 -6.6288409E+00 -5.5074220E+00
2026 07 23 12 06 00 000 -1.3330373E+01 -6.6341521E+00 -5.5063237E+00
2026 07 23 12 06 30 000 -1.3337267E+01 -6.6394567E+00 -5.5052297E+00
2026 07 23 12 07 00 000 -1.3344156E+01 -6.6447548E+00 -5.5041402E+00
2026 07 23 12 07 30 000 -1.3351040E+01 -6.6500463E+00 -5.5030552E+00
2026 07 23 12 08 00 000 -1.3357920E+01 -6.6553313E+00 -5.5019746E+00
2026 07 23 12 08 30 000 -1.3364796E+01 -6.6606097E+00 -5.5008985E+00
2026 07 23 12 09 00 000 -1.3371667E+01 -6.6658816E+00 -5.4998269E+00
2026 07 23 12 09 30 000 -1.3378533E+01 -6.6711469E+00 -5.4987598E+00
2026 07 23 12 10 00 000 -1.3385395E+01 -6.6764058E+00 -5.4976973E+00
2026 07 23 12 10 30 000 -1.3392252E+01 -6.6816581E+00 -5.4966393E+00
2026 07 23 12 11 00 000 -1.3399105E+01 -6.6869038E+00 -5.4955858E+00
2026 07 23 12 11 30 000 -1.3405953E+01 -6.6921431E+00 -5.4945369E+00
2026 07 23 12 12 00 000 -1.3412797E+01 -6.6973759E+00 -5.4934926E+00
2026 07 23 12 12 30 000 -1.3419637E+01 -6.7026021E+00 -5.4924529E+00
2026 07 23 12 13 00 000 -1.3426471E+01 -6.7078219E+00 -5.4914179E+00
2026 07 23 12 13 30 000 -1.3433302E+01 -6.7130351E+00 -5.4903874E+00
2026 07 23 12 14 00 000 -1.3440127E+01 -6.7182419E+00 -5.4893616E+00
2026 07 23 12 14 30 000 -1.3446949E+01 -6.7234422E+00 -5.4883404E+00
2026 07 23 12 15 00 000 -1.3453766E+01 -6.7286360E+00 -5.4873239E+00
2026 07 23 12 15 30 000 -1.3460578E+01 -6.7338233E+00 -5.4863121E+00
2026 07 23 12 16 00 000 -1.3467386E+01 -6.7390042E+00 -5.4853050E+00
2026 07 23 12 16 30 000 -1.3474189E+01 -6.7441786E+00 -5.4843026E+00
2026 07 23 12 17 00 000 -1.3480988E+01 -6.7493465E+00 -5.4833050E+00
2026 07 23 12 17 30 000 -1.3487783E+01 -6.7545080E+00 -5.4823120E+00
2026 07 23 12 18 00 000 -1.3494573E+01 -6.7596630E+00 -5.4813239E+00
2026 07 23 12 18 30 000 -1.3501359E+01 -6.7648116E+00 -5.4803405E+00
2026 07 23 12 19 00 000 -1.3508140E+01 -6.7699538E+00 -5.4793618E+00
2026 07 23 12 19 30 000 -1.3514916E+01 -6.7750895E+00 -5.4783880E+00
2026 07 23 12 20 00 000 -1.3521689E+01 -6.7802187E+00 -5.4774190E+00
2026 07 23 12 20 30 000 -1.3528457E+01 -6.7853416E+00 -5.4764548E+00
2026 07 23 12 21 00 000 -1.3535220E+01 -6.7904580E+00 -5.4754954E+00
2026 07 23 12 21 30 000 -1.3541979E+01 -6.7955681E+00 -5.4745409E+00
2026 07 23 12 22 00 000 -1.3548734E+01 -6.8006717E+00 -5.4735912E+00
2026 07 23 12 22 30 000 -1.3555484E+01 -6.8057689E+00 -5.4726464E+00
2026 07 23 12 23 00 000 -1.3562229E+01 -6.8108597E+00 -5.4717065E+00
2026 07 23 12 23 30 000 -1.3568971E+01 -6.8159441E+00 -5.4707715E+00
2026 07 23 12 24 00 000 -1.3575708E+01 -6.8210221E+00 -5.4698415E+00
2026 07 23 12 24 30 000 -1.3582440E+01 -6.8260938E+00 -5.4689163E+00
2026 07 23 12 25 00 000 -1.3589168E+01 -6.8311590E+00 -5.4679961E+00
2026 07 23 12 25 30 000 -1.3595892E+01 -6.8362179E+00 -5.4670808E+00
2026 07 23 12 26 00 000 -1.3602611E+01 -6.8412704E+00 -5.4661705E+00
2026 07 23 12 26 30 000 -1.3609326E+01 -6.8463166E+00 -5.4652652E+00
2026 07 23 12 27 00 000 -1.3616037E+01 -6.8513564E+00 -5.4643649E+00
2026 07 23 12 27 30 000 -1.3622743E+01 -6.8563898E+00 -5.4634695E+00
2026 07 23 12 28 00 000 -1.3629445E+01 -6.8614169E+00 -5.4625792E+00
2026 07 23 12 28 30 000 -1.3636142E+01 -6.8664377E+00 -5.4616939E+00
2026 07 23 12 29 00 000 -1.3642835E+01 -6.8714521E+00 -5.4608137E+00
2026 07 23 12 29 30 000 -1.3649524E+01 -6.8764602E+00 -5.4599385E+00
2026 07 23 12 30 00 000 -1.3656208E+01 -6.8814620E+00 -5.4590684E+00
2026 07 23 12 30 30 000 -1.3662888E+01 -6.8864574E+00 -5.4582033E+00
2026 07 23 12 31 00 000 -1.3669564E+01 -6.8914465E+00 -5.4573434E+00
2026 07 23 12 31 30 000 -1.3676235E+01 -6.8964293E+00 -5.4564885E+00
2026 07 23 12 32 00 000 -1.3682902E+01 -6.9014058E+00 -5.4556388E+00
2026 07 23 12 32 30 000 -1.3689564E+01 -6.9063760E+00 -5.4547941E+00
2026 07 23 12 33 00 000 -1.3696223E+01 -6.9113400E+00 -5.4539547E+00
2026 07 23 12 33 30 000 -1.3702877E+01 -6.9162976E+00 -5.4531203E+00
2026 07 23 12 34 00 000 -1.3709526E+01 -6.9212489E+00 -5.4522912E+00
2026 07 23 12 34 30 000 -1.3716171E+01 -6.9261940E+00 -5.4514672E+00
2026 07 23 12 35 00 000 -1.3722812E+01 -6.9311328E+00 -5.4506484E+00
2026 07 23 12 35 30 000 -1.3729449E+01 -6.9360653E+00 -5.4498347E+00
2026 07 23 12 36 00 000 -1.3736081E+01 -6.9409915E+00 -5.4490263E+00
2026 07 23 12 36 30 000 -1.3742709E+01 -6.9459115E+00 -5.4482232E+00
2026 07 23 12 37 00 000 -1.3749333E+01 -6.9508253E+00 -5.4474252E+00
2026 07 23 12 37 30 000 -1.3755952E+01 -6.9557328E+00 -5.4466325E+00
2026 07 23 12 38 00 000 -1.3762567E+01 -6.9606340E+00 -5.4458450E+00
2026 07 23 12 38 30 000 -1.3769178E+01 -6.9655290E+00 -5.4450629E+00
2026 07 23 12 39 00 000 -1.3775785E+01 -6.9704178E+00 -5.4442860E+00
2026 07 23 12 39 30 000 -1.3782387E+01 -6.9753004E+00 -5.4435143E+00
2026 07 23 12 40 00 000 -1.3788985E+01 -6.9801767E+00 -5.4427480E+00
2026 07 23 12 40 30 000 -1.3795578E+01 -6.9850468E+00 -5.4419870E+00
2026 07 23 12 41 00 000 -1.3802168E+01 -6.9899108E+00 -5.4412313E+00
2026 07 23 12 41 30 000 -1.3808753E+01 -6.9947685E+00 -5.4404809E+00
2026 07 23 12 42 00 000 -1.3815334E+01 -6.9996200E+00 -5.4397359E+00
2026 07 23 12 42 30 000 -1.3821910E+01 -7.0044653E+00 -5.4389962E+00
2026 07 23 12 43 00 000 -1.3828483E+01 -7.0093044E+00 -5.4382619E+00
2026 07 23 12 43 30 000 -1.3835051E+01 -7.0141374E+00 -5.4375330E+00
2026 07 23 12 44 00 000 -1.3841614E+01 -7.0189641E+00 -5.4368094E+00
2026 07 23 12 44 30 000 -1.3848174E+01 -7.0237848E+00 -5.4360913E+00
2026 07 23 12 45 00 000 -1.3854729E+01 -7.0285992E+00 -5.4353785E+00
2026 07 23 12 45 30 000 -1.3861280E+01 -7.0334075E+00 -5.4346712E+00
2026 07 23 12 46 00 000 -1.3867827E+01 -7.0382096E+00 -5.4339693E+00
2026 07 23 12 46 30 000 -1.3874370E+01 -7.0430056E+00 -5.4332728E+00
2026 07 23 12 47 00 000 -1.3880908E+01 -7.0477954E+00 -5.4325818E+00
2026 07 23 12 47 30 000 -1.3887442E+01 -7.0525791E+00 -5.4318963E+00
2026 07 23 12 48 00 000 -1.3893972E+01 -7.0573566E+00 -5.4312162E+00
2026 07 23 12 48 30 000 -1.3900498E+01 -7.0621280E+00 -5.4305416E+00
2026 07 23 12 49 00 000 -1.3907019E+01 -7.0668934E+00 -5.4298725E+00
2026 07 23 12 49 30 000 -1.3913537E+01 -7.0716526E+00 -5.4292088E+00
2026 07 23 12 50 00 000 -1.3920050E+01 -7.0764056E+00 -5.4285507E+00
2026 07 23 12 50 30 000 -1.3926558E+01 -7.0811526E+00 -5.4278981E+00
2026 07 23 12 51 00 000 -1.3933063E+01 -7.0858935E+00 -5.4272510E+00
2026 07 23 12 51 30 000 -1.3939564E+01 -7.0906283E+00 -5.4266095E+00
2026 07 23 12 52 00 000 -1.3946060E+01 -7.0953570E+00 -5.4259735E+00
2026 07 23 12 52 30 000 -1.3952552E+01 -7.1000796E+00 -5.4253431E+00
2026 07 23 12 53 00 000 -1.3959040E+01 -7.1047961E+00 -5.4247182E+00
2026 07 23 12 53 30 000 -1.3965523E+01 -7.1095066E+00 -5.4240989E+00
2026 07 23 12 54 00 000 -1.3972003E+01 -7.1142110E+00 -5.4234852E+00
2026 07 23 12 54 30 000 -1.3978478E+01 -7.1189093E+00 -5.4228771E+00
2026 07 23 12 55 00 000 -1.3984949E+01 -7.1236016E+00 -5.4222746E+00
2026 07 23 12 55 30 000 -1.3991416E+01 -7.1282878E+00 -5.4216777E+00
2026 07 23 12 56 00 000 -1.3997879E+01 -7.1329680E+00 -5.4210864E+00
2026 07 23 12 56 30 000 -1.4004338E+01 -7.1376421E+00 -5.4205007E+00
2026 07 23 12 57 00 000 -1.4010792E+01 -7.1423102E+00 -5.4199207E+00
2026 07 23 12 57 30 000 -1.4017243E+01 -7.1469723E+00 -5.4193463E+00
2026 07 23 12 58 00 000 -1.4023689E+01 -7.1516284E+00 -5.4187776E+00
2026 07 23 12 58 30 000 -1.4030131E+01 -7.1562785E+00 -5.4182146E+00
2026 07 23 12 59 00 000 -1.4036569E+01 -7.1609225E+00 -5.4176572E+00
2026 07 23 12 59 30 000 -1.4043003E+01 -7.1655605E+00 -5.4171055E+00
2026 07 23 13 00 00 000 -1.4049432E+01 -7.1701926E+00 -5.4165595E+00
2026 07 23 13 00 30 000 -1.4055858E+01 -7.1748186E+00 -5.4160192E+00
2026 07 23 13 01 00 000 -1.4062279E+01 -7.1794387E+00 -5.4154846E+00
2026 07 23 13 01 30 000 -1.4068696E+01 -7.1840528E+00 -5.4149557E+00
2026 07 23 13 02 00 000 -1.4075109E+01 -7.1886609E+00 -5.4144325E+00
2026 07 23 13 02 30 000 -1.4081518E+01 -7.1932630E+00 -5.4139151E+00
2026 07 23 13 03 00 000 -1.4087923E+01 -7.1978592E+00 -5.4134034E+00
2026 07 23 13 03 30 000 -1.4094324E+01 -7.2024494E+00 -5.4128975E+00
2026 07 23 13 04 00 000 -1.4100721E+01 -7.2070337E+00 -5.4123973E+00
2026 07 23 13 04 30 000 -1.4107113E+01 -7.2116120E+00 -5.4119029E+00
2026 07 23 13 05 00 000 -1.4113502E+01 -7.2161844E+00 -5.4114142E+00
2026 07 23 13 05 30 000 -1.4119886E+01 -7.2207508E+00 -5.4109313E+00
2026 07 23 13 06 00 000 -1.4126266E+01 -7.2253113E+00 -5.4104542E+00
2026 07 23 13 06 30 000 -1.4132642E+01 -7.2298659E+00 -5.4099830E+00
2026 07 23 13 07 00 000 -1.4139014E+01 -7.2344146E+00 -5.4095175E+00
2026 07 23 13 07 30 000 -1.4145382E+01 -7.2389574E+00 -5.4090578E+00
2026 07 23 13 08 00 000 -1.4151746E+01 -7.2434942E+00 -5.4086039E+00
2026 07 23 13 08 30 000 -1.4158106E+01 -7.2480252E+00 -5.4081559E+00
2026 07 23 13 09 00 000 -1.4164462E+01 -7.2525502E+00 -5.4077137E+00
2026 07 23 13 09 30 000 -1.4170814E+01 -7.2570694E+00 -5.4072774E+00
2026 07 23 13 10 00 000 -1.4177161E+01 -7.2615827E+00 -5.4068468E+00
2026 07 23 13 10 30 000 -1.4183505E+01 -7.2660901E+00 -5.4064222E+00
2026 07 23 13 11 00 000 -1.4189844E+01 -7.2705917E+00 -5.4060034E+00
2026 07 23 13 11 30 000 -1.4196180E+01 -7.2750873E+00 -5.4055904E+00
2026 07 23 13 12 00 000 -1.4202511E+01 -7.2795772E+00 -5.4051834E+00
2026 07 23 13 12 30 000 -1.4208838E+01 -7.2840611E+00 -5.4047822E+00
2026 07 23 13 13 00 000 -1.4215162E+01 -7.2885392E+00 -5.4043869E+00
2026 07 23 13 13 30 000 -1.4221481E+01 -7.2930115E+00 -5.4039975E+00
2026 07 23 13 14 00 000 -1.4227796E+01 -7.2974780E+00 -5.4036141E+00
2026 07 23 13 14 30 000 -1.4234107E+01 -7.3019386E+00 -5.4032365E+00
2026 07 23 13 15 00 000 -1.4240414E+01 -7.3063934E+00 -5.4028648E+00
2026 07 23 13 15 30 000 -1.4246717E+01 -7.3108423E+00 -5.4024991E+00
2026 07 23 13 16 00 000 -1.4253016E+01 -7.3152855E+00 -5.4021392E+00
2026 07 23 13 16 30 000 -1.4259311E+01 -7.3197229E+00 -5.4017854E+00
2026 07 23 13 17 00 000 -1.4265602E+01 -7.3241544E+00 -5.4014374E+00
2026 07 23 13 17 30 000 -1.4271889E+01 -7.3285802E+00 -5.4010954E+00
2026 07 23 13 18 00 000 -1.4278172E+01 -7.3330002E+00 -5.4007594E+00
2026 07 23 13 18 30 000 -1.4284451E+01 -7.3374144E+00 -5.4004293E+00
2026 07 23 13 19 00 000 -1.4290726E+01 -7.3418228E+00 -5.4001052E+00
2026 07 23 13 19 30 000 -1.4296997E+01 -7.3462254E+00 -5.3997870E+00
2026 07 23 13 20 00 000 -1.4303264E+01 -7.3506223E+00 -5.3994749E+00
2026 07 23 13 20 30 000 -1.4309527E+01 -7.3550135E+00 -5.3991687E+00
2026 07 23 13 21 00 000 -1.4315786E+01 -7.3593988E+00 -5.3988685E+00
2026 07 23 13 21 30 000 -1.4322041E+01 -7.3637785E+00 -5.3985743E+00
2026 07 23 13 22 00 000 -1.4328292E+01 -7.3681524E+00 -5.3982861E+00
2026 07 23 13 22 30 000 -1.4334539E+01 -7.3725205E+00 -5.3980039E+00
2026 07 23 13 23 00 000 -1.4340782E+01 -7.3768830E+00 -5.3977277E+00
2026 07 23 13 23 30 000 -1.4347021E+01 -7.3812397E+00 -5.3974575E+00
2026 07 23 13 24 00 000 -1.4353256E+01 -7.3855907E+00 -5.3971933E+00
2026 07 23 13 24 30 000 -1.4359487E+01 -7.3899360E+00 -5.3969352E+00
2026 07 23 13 25 00 000 -1.4365715E+01 -7.3942755E+00 -5.3966831E+00
2026 07 23 13 25 30 000 -1.4371938E+01 -7.3986094E+00 -5.3964370E+00
2026 07 23 13 26 00 000 -1.4378157E+01 -7.4029376E+00 -5.3961970E+00
2026 07 23 13 26 30 000 -1.4384372E+01 -7.4072601E+00 -5.3959630E+00
2026 07 23 13 27 00 000 -1.4390584E+01 -7.4115770E+00 -5.3957351E+00
2026 07 23 13 27 30 000 -1.4396791E+01 -7.4158882E+00 -5.3955132E+00
2026 07 23 13 28 00 000 -1.4402994E+01 -7.4201937E+00 -5.3952974E+00
2026 07 23 13 28 30 000 -1.4409194E+01 -7.4244935E+00 -5.3950877E+00
2026 07 23 13 29 00 000 -1.4415389E+01 -7.4287877E+00 -5.3948840E+00
2026 07 23 13 29 30 000 -1.4421581E+01 -7.4330762E+00 -5.3946864E+00
2026 07 23 13 30 00 000 -1.4427768E+01 -7.4373591E+00 -5.3944948E+00
2026 07 23 13 30 30 000 -1.4433952E+01 -7.4416364E+00 -5.3943094E+00
2026 07 23 13 31 00 000 -1.4440132E+01 -7.4459080E+00 -5.3941300E+00
2026 07 23 13 31 30 000 -1.4446308E+01 -7.4501740E+00 -5.3939568E+00
2026 07 23 13 32 00 000 -1.4452480E+01 -7.4544344E+00 -5.3937896E+00
2026 07 23 13 32 30 000 -1.4458648E+01 -7.4586892E+00 -5.3936285E+00
2026 07 23 13 33 00 000 -1.4464812E+01 -7.4629384E+00 -5.3934735E+00
2026 07 23 13 33 30 000 -1.4470972E+01 -7.4671820E+00 -5.3933247E+00
2026 07 23 13 34 00 000 -1.4477128E+01 -7.4714200E+00 -5.3931819E+00
2026 07 23 13 34 30 000 -1.4483281E+01 -7.4756524E+00 -5.3930453E+00
2026 07 23 13 35 00 000 -1.4489429E+01 -7.4798792E+00 -5.3929148E+00
2026 07 23 13 35 30 000 -1.4495574E+01 -7.4841005E+00 -5.3927904E+00
2026 07 23 13 36 00 000 -1.4501714E+01 -7.4883162E+00 -5.3926721E+00
2026 07 23 13 36 30 000 -1.4507851E+01 -7.4925263E+00 -5.3925599E+00
2026 07 23 13 37 00 000 -1.4513984E+01 -7.4967309E+00 -5.3924539E+00
2026 07 23 13 37 30 000 -1.4520113E+01 -7.5009299E+00 -5.3923541E+00
2026 07 23 13 38 00 000 -1.4526238E+01 -7.5051234E+00 -5.3922603E+00
2026 07 23 13 38 30 000 -1.4532359E+01 -7.5093113E+00 -5.3921727E+00
2026 07 23 13 39 00 000 -1.4538476E+01 -7.5134938E+00 -5.3920913E+00
2026 07 23 13 39 30 000 -1.4544590E+01 -7.5176707E+00 -5.3920160E+00
2026 07 23 13 40 00 000 -1.4550699E+01 -7.5218421E+00 -5.3919468E+00
2026 07 23 13 40 30 000 -1.4556805E+01 -7.5260079E+00 -5.3918838E+00
2026 07 23 13 41 00 000 -1.4562907E+01 -7.5301683E+00 -5.3918270E+00
2026 07 23 13 41 30 000 -1.4569005E+01 -7.5343232E+00 -5.3917763E+00
2026 07 23 13 42 00 000 -1.4575099E+01 -7.5384726E+00 -5.3917318E+00
2026 07 23 13 42 30 000 -1.4581189E+01 -7.5426165E+00 -5.3916934E+00
2026 07 23 13 43 00 000 -1.4587276E+01 -7.5467549E+00 -5.3916612E+00
2026 07 23 13 43 30 000 -1.4593358E+01 -7.5508879E+00 -5.3916352E+00
2026 07 23 13 44 00 000 -1.4599437E+01 -7.5550154E+00 -5.3916154E+00
2026 07 23 13 44 30 000 -1.4605512E+01 -7.5591374E+00 -5.3916017E+00
2026 07 23 13 45 00 000 -1.4611583E+01 -7.5632540E+00 -5.3915942E+00
2026 07 23 13 45 30 000 -1.4617650E+01 -7.5673652E+00 -5.3915929E+00
2026 07 23 13 46 00 000 -1.4623713E+01 -7.5714709E+00 -5.3915978E+00
2026 07 23 13 46 30 000 -1.4629773E+01 -7.5755712E+00 -5.3916088E+00
2026 07 23 13 47 00 000 -1.4635829E+01 -7.5796660E+00 -5.3916261E+00
2026 07 23 13 47 30 000 -1.4641881E+01 -7.5837555E+00 -5.3916495E+00
2026 07 23 13 48 00 000 -1.4647929E+01 -7.5878395E+00 -5.3916791E+00
2026 07 23 13 48 30 000 -1.4653973E+01 -7.5919181E+00 -5.3917149E+00
2026 07 23 13 49 00 000 -1.4660013E+01 -7.5959913E+00 -5.3917569E+00
2026 07 23 13 49 30 000 -1.4666050E+01 -7.6000591E+00 -5.3918051E+00
2026 07 23 13 50 00 000 -1.4672083E+01 -7.6041216E+00 -5.3918595E+00
2026 07 23 13 50 30 000 -1.4678111E+01 -7.6081786E+00 -5.3919201E+00
2026 07 23 13 51 00 000 -1.4684137E+01 -7.6122303E+00 -5.3919869E+00
2026 07 23 13 51 30 000 -1.4690158E+01 -7.6162766E+00 -5.3920599E+00
2026 07 23 13 52 00 000 -1.4696176E+01 -7.6203176E+00 -5.3921391E+00
2026 07 23 13 52 30 000 -1.4702189E+01 -7.6243532E+00 -5.3922245E+00
2026 07 23 13 53 00 000 -1.4708199E+01 -7.6283835E+00 -5.3923161E+00
2026 07 23 13 53 30 000 -1.4714205E+01 -7.6324084E+00 -5.3924139E+00
2026 07 23 13 54 00 000 -1.4720208E+01 -7.6364280E+00 -5.3925179E+00
2026 07 23 13 54 30 000 -1.4726206E+01 -7.6404423E+00 -5.3926281E+00
2026 07 23 13 55 00 000 -1.4732201E+01 -7.6444512E+00 -5.3927445E+00
2026 07 23 13 55 30 000 -1.4738192E+01 -7.6484548E+00 -5.3928671E+00
2026 07 23 13 56 00 000 -1.4744180E+01 -7.6524532E+00 -5.3929960E+00
2026 07 23 13 56 30 000 -1.4750163E+01 -7.6564462E+00 -5.3931310E+00
2026 07 23 13 57 00 000 -1.4756143E+01 -7.6604339E+00 -5.3932723E+00
2026 07 23 13 57 30 000 -1.4762119E+01 -7.6644164E+00 -5.3934197E+00
2026 07 23 13 58 00 000 -1.4768091E+01 -7.6683935E+00 -5.3935734E+00
2026 07 23 13 58 30 000 -1.4774059E+01 -7.6723654E+00 -5.3937333E+00
2026 07 23 13 59 00 000 -1.4780024E+01 -7.6763321E+00 -5.3938994E+00
2026 07 23 13 59 30 000 -1.4785985E+01 -7.6802935E+00 -5.3940717E+00
2026 07 23 14 00 00 000 -1.4791942E+01 -7.6842496E+00 -5.3942502E+00
2026 07 23 14 00 30 000 -1.4797895E+01 -7.6882005E+00 -5.3944349E+00
2026 07 23 14 01 00 000 -1.4803845E+01 -7.6921461E+00 -5.3946258E+00
2026 07 23 14 01 30 000 -1.4809791E+01 -7.6960865E+00 -5.3948230E+00
2026 07 23 14 02 00 000 -1.4815733E+01 -7.7000217E+00 -5.3950264E+00
2026 07 23 14 02 30 000 -1.4821672E+01 -7.7039517E+00 -5.3952359E+00
2026 07 23 14 03 00 000 -1.4827606E+01 -7.7078764E+00 -5.3954517E+00
2026 07 23 14 03 30 000 -1.4833537E+01 -7.7117960E+00 -5.3956737E+00
2026 07 23 14 04 00 000 -1.4839465E+01 -7.7157104E+00 -5.3959019E+00
2026 07 23 14 04 30 000 -1.4845388E+01 -7.7196195E+00 -5.3961363E+00
2026 07 23 14 05 00 000 -1.4851308E+01 -7.7235235E+00 -5.3963769E+00
2026 07 23 14 05 30 000 -1.4857224E+01 -7.7274223E+00 -5.3966237E+00
2026 07 23 14 06 00 000 -1.4863136E+01 -7.7313159E+00 -5.3968767E+00
2026 07 23 14 06 30 000 -1.4869045E+01 -7.7352044E+00 -5.3971360E+00
2026 07 23 14 07 00 000 -1.4874950E+01 -7.7390877E+00 -5.3974014E+00
2026 07 23 14 07 30 000 -1.4880851E+01 -7.7429659E+00 -5.3976730E+00
2026 07 23 14 08 00 000 -1.4886748E+01 -7.7468389E+00 -5.3979509E+00
2026 07 23 14 08 30 000 -1.4892642E+01 -7.7507069E+00 -5.3982349E+00
2026 07 23 14 09 00 000 -1.4898532E+01 -7.7545696E+00 -5.3985252E+00
2026 07 23 14 09 30 000 -1.4904419E+01 -7.7584273E+00 -5.3988216E+00
2026 07 23 14 10 00 000 -1.4910301E+01 -7.7622798E+00 -5.3991242E+00
2026 07 23 14 10 30 000 -1.4916180E+01 -7.7661272E+00 -5.3994330E+00
2026 07 23 14 11 00 000 -1.4922056E+01 -7.7699695E+00 -5.3997481E+00
2026 07 23 14 11 30 000 -1.4927927E+01 -7.7738068E+00 -5.4000693E+00
2026 07 23 14 12 00 000 -1.4933795E+01 -7.7776389E+00 -5.4003967E+00
2026 07 23 14 12 30 000 -1.4939660E+01 -7.7814660E+00 -5.4007303E+00
2026 07 23 14 13 00 000 -1.4945520E+01 -7.7852880E+00 -5.4010700E+00
2026 07 23 14 13 30 000 -1.4951377E+01 -7.7891049E+00 -5.4014160E+00
2026 07 23 14 14 00 000 -1.4957230E+01 -7.7929168E+00 -5.4017681E+00
2026 07 23 14 14 30 000 -1.4963080E+01 -7.7967237E+00 -5.4021265E+00
2026 07 23 14 15 00 000 -1.4968926E+01 -7.8005255E+00 -5.4024910E+00
2026 07 23 14 15 30 000 -1.4974768E+01 -7.8043222E+00 -5.4028617E+00
2026 07 23 14 16 00 000 -1.4980607E+01 -7.8081139E+00 -5.4032385E+00
2026 07 23 14 16 30 000 -1.4986442E+01 -7.8119007E+00 -5.4036215E+00
2026 07 23 14 17 00 000 -1.4992273E+01 -7.8156823E+00 -5.4040107E+00
2026 07 23 14 17 30 000 -1.4998100E+01 -7.8194590E+00 -5.4044061E+00
2026 07 23 14 18 00 000 -1.5003924E+01 -7.8232307E+00 -5.4048076E+00
2026 07 23 14 18 30 000 -1.5009745E+01 -7.8269974E+00 -5.4052153E+00
2026 07 23 14 19 00 000 -1.5015561E+01 -7.8307591E+00 -5.4056291E+00
2026 07 23 14 19 30 000 -1.5021374E+01 -7.8345159E+00 -5.4060491E+00
2026 07 23 14 20 00 000 -1.5027184E+01 -7.8382676E+00 -5.4064753E+00
2026 07 23 14 20 30 000 -1.5032990E+01 -7.8420144E+00 -5.4069076E+00
2026 07 23 14 21 00 000 -1.5038792E+01 -7.8457563E+00 -5.4073460E+00
2026 07 23 14 21 30 000 -1.5044590E+01 -7.8494932E+00 -5.4077906E+00
2026 07 23 14 22 00 000 -1.5050385E+01 -7.8532251E+00 -5.4082413E+00
2026 07 23 14 22 30 000 -1.5056176E+01 -7.8569522E+00 -5.4086982E+00
2026 07 23 14 23 00 000 -1.5061964E+01 -7.8606743E+00 -5.4091612E+00
2026 07 23 14 23 30 000 -1.5067748E+01 -7.8643915E+00 -5.4096303E+00
2026 07 23 14 24 00 000 -1.5073528E+01 -7.8681037E+00 -5.4101056E+00
2026 07 23 14 24 30 000 -1.5079305E+01 -7.8718111E+00 -5.4105869E+00
2026 07 23 14 25 00 000 -1.5085078E+01 -7.8755136E+00 -5.4110744E+00
2026 07 23 14 25 30 000 -1.5090848E+01 -7.8792111E+00 -5.4115680E+00
2026 07 23 14 26 00 000 -1.5096613E+01 -7.8829039E+00 -5.4120678E+00
2026 07 23 14 26 30 000 -1.5102376E+01 -7.8865917E+00 -5.4125736E+00
2026 07 23 14 27 00 000 -1.5108134E+01 -7.8902746E+00 -5.4130855E+00
2026 07 23 14 27 30 000 -1.5113890E+01 -7.8939527E+00 -5.4136035E+00
2026 07 23 14 28 00 000 -1.5119641E+01 -7.8976260E+00 -5.4141277E+00
2026 07 23 14 28 30 000 -1.5125389E+01 -7.9012944E+00 -5.4146579E+00
2026 07 23 14 29 00 000 -1.5131133E+01 -7.9049580E+00 -5.4151942E+00
2026 07 23 14 29 30 000 -1.5136874E+01 -7.9086167E+00 -5.4157366E+00
2026 07 23 14 30 00 000 -1.5142611E+01 -7.9122706E+00 -5.4162850E+00
2026 07 23 14 30 30 000 -1.5148345E+01 -7.9159198E+00 -5.4168396E+00
2026 07 23 14 31 00 000 -1.5154075E+01 -7.9195641E+00 -5.4174002E+00
2026 07 23 14 31 30 000 -1.5159801E+01 -7.9232036E+00 -5.4179669E+00
2026 07 23 14 32 00 000 -1.5165524E+01 -7.9268383E+00 -5.4185396E+00
2026 07 23 14 32 30 000 -1.5171243E+01 -7.9304682E+00 -5.4191184E+00
2026 07 23 14 33 00 000 -1.5176959E+01 -7.9340934E+00 -5.4197032E+00
2026 07 23 14 33 30 000 -1.5182671E+01 -7.9377138E+00 -5.4202941E+00
2026 07 23 14 34 00 000 -1.5188380E+01 -7.9413294E+00 -5.4208910E+00
2026 07 23 14 34 30 000 -1.5194085E+01 -7.9449403E+00 -5.4214939E+00
2026 07 23 14 35 00 000 -1.5199786E+01 -7.9485464E+00 -5.4221029E+00
2026 07 23 14 35 30 000 -1.5205484E+01 -7.9521478E+00 -5.4227179E+00
2026 07 23 14 36 00 000 -1.5211178E+01 -7.9557445E+00 -5.4233390E+00
2026 07 23 14 36 30 000 -1.5216869E+01 -7.9593364E+00 -5.4239660E+00
2026 07 23 14 37 00 000 -1.5222556E+01 -7.9629237E+00 -5.4245990E+00
2026 07 23 14 37 30 000 -1.5228240E+01 -7.9665062E+00 -5.4252381E+00
2026 07 23 14 38 00 000 -1.5233920E+01 -7.9700840E+00 -5.4258831E+00
2026 07 23 14 38 30 000 -1.5239596E+01 -7.9736572E+00 -5.4265342E+00
2026 07 23 14 39 00 000 -1.5245270E+01 -7.9772256E+00 -5.4271912E+00
2026 07 23 14 39 30 000 -1.5250939E+01 -7.9807894E+00 -5.4278542E+00
2026 07 23 14 40 00 000 -1.5256605E+01 -7.9843486E+00 -5.4285231E+00
2026 07 23 14 40 30 000 -1.5262267E+01 -7.9879030E+00 -5.4291981E+00
2026 07 23 14 41 00 000 -1.5267926E+01 -7.9914528E+00 -5.4298790E+00
2026 07 23 14 41 30 000 -1.5273582E+01 -7.9949980E+00 -5.4305658E+00
2026 07 23 14 42 00 000 -1.5279234E+01 -7.9985385E+00 -5.4312587E+00
2026 07 23 14 42 30 000 -1.5284882E+01 -8.0020744E+00 -5.4319574E+00
2026 07 23 14 43 00 000 -1.5290527E+01 -8.0056057E+00 -5.4326621E+00
2026 07 23 14 43 30 000 -1.5296168E+01 -8.0091324E+00 -5.4333727E+00
2026 07 23 14 44 00 000 -1.5301806E+01 -8.0126545E+00 -5.4340893E+00
2026 07 23 14 44 30 000 -1.5307440E+01 -8.0161720E+00 -5.4348117E+00
2026 07 23 14 45 00 000 -1.5313071E+01 -8.0196849E+00 -5.4355401E+00
2026 07 23 14 45 30 000 -1.5318698E+01 -8.0231932E+00 -5.4362744E+00
2026 07 23 14 46 00 000 -1.5324322E+01 -8.0266970E+00 -5.4370145E+00
2026 07 23 14 46 30 000 -1.5329942E+01 -8.0301962E+00 -5.4377606E+00
2026 07 23 14 47 00 000 -1.5335559E+01 -8.0336908E+00 -5.4385126E+00
2026 07 23 14 47 30 000 -1.5341172E+01 -8.0371809E+00 -5.4392704E+00
2026 07 23 14 48 00 000 -1.5346782E+01 -8.0406664E+00 -5.4400341E+00
2026 07 23 14 48 30 000 -1.5352388E+01 -8.0441475E+00 -5.4408036E+00
2026 07 23 14 49 00 000 -1.5357991E+01 -8.0476240E+00 -5.4415790E+00
2026 07 23 14 49 30 000 -1.5363590E+01 -8.0510959E+00 -5.4423603E+00
2026 07 23 14 50 00 000 -1.5369186E+01 -8.0545634E+00 -5.4431474E+00
2026 07 23 14 50 30 000 -1.5374779E+01 -8.0580264E+00 -5.4439403E+00
2026 07 23 14 51 00 000 -1.5380367E+01 -8.0614849E+00 -5.4447391E+00
2026 07 23 14 51 30 000 -1.5385953E+01 -8.0649390E+00 -5.4455437E+00
2026 07 23 14 52 00 000 -1.5391535E+01 -8.0683885E+00 -5.4463540E+00
2026 07 23 14 52 30 000 -1.5397113E+01 -8.0718336E+00 -5.4471702E+00
2026 07 23 14 53 00 000 -1.5402688E+01 -8.0752742E+00 -5.4479922E+00
2026 07 23 14 53 30 000 -1.5408260E+01 -8.0787104E+00 -5.4488200E+00
2026 07 23 14 54 00 000 -1.5413828E+01 -8.0821422E+00 -5.4496535E+00
2026 07 23 14 54 30 000 -1.5419392E+01 -8.0855695E+00 -5.4504928E+00
2026 07 23 14 55 00 000 -1.5424953E+01 -8.0889924E+00 -5.4513379E+00
2026 07 23 14 55 30 000 -1.5430511E+01 -8.0924109E+00 -5.4521887E+00
2026 07 23 14 56 00 000 -1.5436065E+01 -8.0958249E+00 -5.4530453E+00
2026 07 23 14 56 30 000 -1.5441616E+01 -8.0992346E+00 -5.4539076E+00
2026 07 23 14 57 00 000 -1.5447163E+01 -8.1026399E+00 -5.4547757E+00
2026 07 23 14 57 30 000 -1.5452707E+01 -8.1060408E+00 -5.4556494E+00
2026 07 23 14 58 00 000 -1.5458248E+01 -8.1094374E+00 -5.4565289E+00
2026 07 23 14 58 30 000 -1.5463785E+01 -8.1128296E+00 -5.4574141E+00
2026 07 23 14 59 00 000 -1.5469318E+01 -8.1162174E+00 -5.4583050E+00
2026 07 23 14 59 30 000 -1.5474848E+01 -8.1196009E+00 -5.4592015E+00
2026 07 23 15 00 00 000 -1.5480375E+01 -8.1229801E+00 -5.4601038E+00
2026 07 23 15 00 30 000 -1.5485898E+01 -8.1263549E+00 -5.4610117E+00
2026 07 23 15 01 00 000 -1.5491418E+01 -8.1297254E+00 -5.4619253E+00
2026 07 23 15 01 30 000 -1.5496935E+01 -8.1330916E+00 -5.4628445E+00
2026 07 23 15 02 00 000 -1.5502448E+01 -8.1364535E+00 -5.4637693E+00
2026 07 23 15 02 30 000 -1.5507957E+01 -8.1398111E+00 -5.4646998E+00
2026 07 23 15 03 00 000 -1.5513463E+01 -8.1431644E+00 -5.4656359E+00
2026 07 23 15 03 30 000 -1.5518966E+01 -8.1465134E+00 -5.4665777E+00
2026 07 23 15 04 00 000 -1.5524465E+01 -8.1498582E+00 -5.4675250E+00
2026 07 23 15 04 30 000 -1.5529961E+01 -8.1531987E+00 -5.4684779E+00
2026 07 23 15 05 00 000 -1.5535454E+01 -8.1565350E+00 -5.4694364E+00
2026 07 23 15 05 30 000 -1.5540943E+01 -8.1598670E+00 -5.4704005E+00
2026 07 23 15 06 00 000 -1.5546428E+01 -8.1631948E+00 -5.4713702E+00
2026 07 23 15 06 30 000 -1.5551911E+01 -8.1665184E+00 -5.4723454E+00
2026 07 23 15 07 00 000 -1.5557389E+01 -8.1698377E+00 -5.4733262E+00
2026 07 23 15 07 30 000 -1.5562865E+01 -8.1731529E+00 -5.4743125E+00
2026 07 23 15 08 00 000 -1.5568337E+01 -8.1764638E+00 -5.4753043E+00
2026 07 23 15 08 30 000 -1.5573806E+01 -8.1797706E+00 -5.4763016E+00
2026 07 23 15 09 00 000 -1.5579271E+01 -8.1830732E+00 -5.4773044E+00
2026 07 23 15 09 30 000 -1.5584733E+01 -8.1863716E+00 -5.4783128E+00
2026 07 23 15 10 00 000 -1.5590191E+01 -8.1896659E+00 -5.4793266E+00
2026 07 23 15 10 30 000 -1.5595646E+01 -8.1929560E+00 -5.4803459E+00
2026 07 23 15 11 00 000 -1.5601098E+01 -8.1962420E+00 -5.4813707E+00
2026 07 23 15 11 30 000 -1.5606546E+01 -8.1995238E+00 -5.4824009E+00
2026 07 23 15 12 00 000 -1.5611991E+01 -8.2028015E+00 -5.4834365E+00
2026 07 23 15 12 30 000 -1.5617433E+01 -8.2060751E+00 -5.4844776E+00
2026 07 23 15 13 00 000 -1.5622871E+01 -8.2093446E+00 -5.4855241E+00
2026 07 23 15 13 30 000 -1.5628306E+01 -8.2126100E+00 -5.4865761E+00
2026 07 23 15 14 00 000 -1.5633738E+01 -8.2158713E+00 -5.4876334E+00
2026 07 23 15 14 30 000 -1.5639166E+01 -8.2191285E+00 -5.4886961E+00
2026 07 23 15 15 00 000 -1.5644591E+01 -8.2223817E+00 -5.4897642E+00
2026 07 23 15 15 30 000 -1.5650012E+01 -8.2256308E+00 -5.4908377E+00
2026 07 23 15 16 00 000 -1.5655430E+01 -8.2288758E+00 -5.4919165E+00
2026 07 23 15 16 30 000 -1.5660845E+01 -8.2321168E+00 -5.4930007E+00
2026 07 23 15 17 00 000 -1.5666256E+01 -8.2353538E+00 -5.4940902E+00
2026 07 23 15 17 30 000 -1.5671664E+01 -8.2385867E+00 -5.4951850E+00
2026 07 23 15 18 00 000 -1.5677069E+01 -8.2418157E+00 -5.4962852E+00
2026 07 23 15 18 30 000 -1.5682470E+01 -8.2450406E+00 -5.4973906E+00
2026 07 23 15 19 00 000 -1.5687868E+01 -8.2482615E+00 -5.4985013E+00
2026 07 23 15 19 30 000 -1.5693262E+01 -8.2514785E+00 -5.4996173E+00
2026 07 23 15 20 00 000 -1.5698654E+01 -8.2546914E+00 -5.5007386E+00
2026 07 23 15 20 30 000 -1.5704042E+01 -8.2579004E+00 -5.5018652E+00
2026 07 23 15 21 00 000 -1.5709426E+01 -8.2611055E+00 -5.5029969E+00
2026 07 23 15 21 30 000 -1.5714808E+01 -8.2643066E+00 -5.5041339E+00
2026 07 23 15 22 00 000 -1.5720185E+01 -8.2675037E+00 -5.5052761E+00
2026 07 23 15 22 30 000 -1.5725560E+01 -8.2706970E+00 -5.5064236E+00
2026 07 23 15 23 00 000 -1.5730931E+01 -8.2738863E+00 -5.5075762E+00
2026 07 23 15 23 30 000 -1.5736299E+01 -8.2770717E+00 -5.5087340E+00
2026 07 23 15 24 00 000 -1.5741664E+01 -8.2802532E+00 -5.5098970E+00
2026 07 23 15 24 30 000 -1.5747025E+01 -8.2834308E+00 -5.5110651E+00
2026 07 23 15 25 00 000 -1.5752383E+01 -8.2866045E+00 -5.5122384E+00
2026 07 23 15 25 30 000 -1.5757738E+01 -8.2897743E+00 -5.5134169E+00
2026 07 23 15 26 00 000 -1.5763089E+01 -8.2929403E+00 -5.5146004E+00
2026 07 23 15 26 30 000 -1.5768437E+01 -8.2961024E+00 -5.5157890E+00
2026 07 23 15 27 00 000 -1.5773782E+01 -8.2992607E+00 -5.5169828E+00
2026 07 23 15 27 30 000 -1.5779123E+01 -8.3024152E+00 -5.5181816E+00
2026 07 23 15 28 00 000 -1.5784462E+01 -8.3055658E+00 -5.5193855E+00
2026 07 23 15 28 30 000 -1.5789796E+01 -8.3087126E+00 -5.5205945E+00
2026 07 23 15 29 00 000 -1.5795128E+01 -8.3118557E+00 -5.5218085E+00
2026 07 23 15 29 30 000 -1.5800456E+01 -8.3149949E+00 -5.5230276E+00
2026 07 23 15 30 00 000 -1.5805781E+01 -8.3181303E+00 -5.5242516E+00
2026 07 23 15 30 30 000 -1.5811103E+01 -8.3212620E+00 -5.5254807E+00
2026 07 23 15 31 00 000 -1.5816421E+01 -8.3243899E+00 -5.5267148E+00
2026 07 23 15 31 30 000 -1.5821736E+01 -8.3275140E+00 -5.5279538E+00
2026 07 23 15 32 00 000 -1.5827048E+01 -8.3306344E+00 -5.5291978E+00
2026 07 23 15 32 30 000 -1.5832357E+01 -8.3337510E+00 -5.5304468E+00
2026 07 23 15 33 00 000 -1.5837662E+01 -8.3368640E+00 -5.5317007E+00
2026 07 23 15 33 30 000 -1.5842964E+01 -8.3399732E+00 -5.5329595E+00
2026 07 23 15 34 00 000 -1.5848262E+01 -8.3430787E+00 -5.5342233E+00
2026 07 23 15 34 30 000 -1.5853558E+01 -8.3461805E+00 -5.5354919E+00
2026 07 23 15 35 00 000 -1.5858850E+01 -8.3492786E+00 -5.5367655E+00
2026 07 23 15 35 30 000 -1.5864139E+01 -8.3523731E+00 -5.5380439E+00
2026 07 23 15 36 00 000 -1.5869424E+01 -8.3554639E+00 -5.5393272E+00
2026 07 23 15 36 30 000 -1.5874707E+01 -8.3585510E+00 -5.5406153E+00
2026 07 23 15 37 00 000 -1.5879986E+01 -8.3616345E+00 -5.5419082E+00
2026 07 23 15 37 30 000 -1.5885261E+01 -8.3647144E+00 -5.5432060E+00
2026 07 23 15 38 00 000 -1.5890534E+01 -8.3677906E+00 -5.5445086E+00
2026 07 23 15 38 30 000 -1.5895803E+01 -8.3708632E+00 -5.5458159E+00
2026 07 23 15 39 00 000 -1.5901069E+01 -8.3739322E+00 -5.5471281E+00
2026 07 23 15 39 30 000 -1.5906332E+01 -8.3769976E+00 -5.5484450E+00
2026 07 23 15 40 00 000 -1.5911592E+01 -8.3800594E+00 -5.5497666E+00
2026 07 23 15 40 30 000 -1.5916848E+01 -8.3831177E+00 -5.5510930E+00
2026 07 23 15 41 00 000 -1.5922101E+01 -8.3861724E+00 -5.5524241E+00
2026 07 23 15 41 30 000 -1.5927351E+01 -8.3892235E+00 -5.5537599E+00
2026 07 23 15 42 00 000 -1.5932597E+01 -8.3922711E+00 -5.5551004E+00
2026 07 23 15 42 30 000 -1.5937840E+01 -8.3953152E+00 -5.5564456E+00
2026 07 23 15 43 00 000 -1.5943080E+01 -8.3983557E+00 -5.5577954E+00
2026 07 23 15 43 30 000 -1.5948317E+01 -8.4013927E+00 -5.5591499E+00
2026 07 23 15 44 00 000 -1.5953551E+01 -8.4044262E+00 -5.5605090E+00
2026 07 23 15 44 30 000 -1.5958781E+01 -8.4074563E+00 -5.5618727E+00
2026 07 23 15 45 00 000 -1.5964008E+01 -8.4104828E+00 -5.5632410E+00
2026 07 23 15 45 30 000 -1.5969232E+01 -8.4135059E+00 -5.5646139E+00
2026 07 23 15 46 00 000 -1.5974453E+01 -8.4165255E+00 -5.5659914E+00
2026 07 23 15 46 30 000 -1.5979670E+01 -8.4195417E+00 -5.5673735E+00
2026 07 23 15 47 00 000 -1.5984885E+01 -8.4225544E+00 -5.5687601E+00
2026 07 23 15 47 30 000 -1.5990096E+01 -8.4255637E+00 -5.5701512E+00
2026 07 23 15 48 00 000 -1.5995303E+01 -8.4285696E+00 -5.5715468E+00
2026 07 23 15 48 30 000 -1.6000508E+01 -8.4315721E+00 -5.5729469E+00
2026 07 23 15 49 00 000 -1.6005709E+01 -8.4345712E+00 -5.5743516E+00
2026 07 23 15 49 30 000 -1.6010907E+01 -8.4375668E+00 -5.5757606E+00
2026 07 23 15 50 00 000 -1.6016102E+01 -8.4405592E+00 -5.5771742E+00
2026 07 23 15 50 30 000 -1.6021294E+01 -8.4435481E+00 -5.5785921E+00
2026 07 23 15 51 00 000 -1.6026483E+01 -8.4465337E+00 -5.5800145E+00
2026 07 23 15 51 30 000 -1.6031668E+01 -8.4495160E+00 -5.5814413E+00
2026 07 23 15 52 00 000 -1.6036850E+01 -8.4524949E+00 -5.5828725E+00
2026 07 23 15 52 30 000 -1.6042029E+01 -8.4554705E+00 -5.5843081E+00
2026 07 23 15 53 00 000 -1.6047205E+01 -8.4584428E+00 -5.5857480E+00
2026 07 23 15 53 30 000 -1.6052377E+01 -8.4614118E+00 -5.5871922E+00
2026 07 23 15 54 00 000 -1.6057547E+01 -8.4643775E+00 -5.5886408E+00
2026 07 23 15 54 30 000 -1.6062713E+01 -8.4673399E+00 -5.5900937E+00
2026 07 23 15 55 00 000 -1.6067876E+01 -8.4702990E+00 -5.5915509E+00
2026 07 23 15 55 30 000 -1.6073036E+01 -8.4732549E+00 -5.5930123E+00
2026 07 23 15 56 00 000 -1.6078192E+01 -8.4762076E+00 -5.5944780E+00
2026 07 23 15 56 30 000 -1.6083346E+01 -8.4791570E+00 -5.5959480E+00
2026 07 23 15 57 00 000 -1.6088496E+01 -8.4821032E+00 -5.5974222E+00
2026 07 23 15 57 30 000 -1.6093643E+01 -8.4850462E+00 -5.5989006E+00
2026 07 23 15 58 00 000 -1.6098787E+01 -8.4879860E+00 -5.6003832E+00
2026 07 23 15 58 30 000 -1.6103928E+01 -8.4909225E+00 -5.6018700E+00
2026 07 23 15 59 00 000 -1.6109065E+01 -8.4938559E+00 -5.6033609E+00
2026 07 23 15 59 30 000 -1.6114200E+01 -8.4967862E+00 -5.6048561E+00
2026 07 23 16 00 00 000 -1.6119331E+01 -8.4997133E+00 -5.6063553E+00
2026 07 23 16 00 30 000 -1.6124459E+01 -8.5026372E+00 -5.6078586E+00
2026 07 23 16 01 00 000 -1.6129584E+01 -8.5055580E+00 -5.6093661E+00
2026 07 23 16 01 30 000 -1.6134706E+01 -8.5084757E+00 -5.6108776E+00
2026 07 23 16 02 00 000 -1.6139824E+01 -8.5113902E+00 -5.6123932E+00
2026 07 23 16 02 30 000 -1.6144940E+01 -8.5143017E+00 -5.6139128E+00
2026 07 23 16 03 00 000 -1.6150052E+01 -8.5172101E+00 -5.6154365E+00
2026 07 23 16 03 30 000 -1.6155161E+01 -8.5201154E+00 -5.6169641E+00
2026 07 23 16 04 00 000 -1.6160267E+01 -8.5230176E+00 -5.6184958E+00
2026 07 23 16 04 30 000 -1.6165370E+01 -8.5259168E+00 -5.6200315E+00
2026 07 23 16 05 00 000 -1.6170469E+01 -8.5288129E+00 -5.6215711E+00
2026 07 23 16 05 30 000 -1.6175566E+01 -8.5317060E+00 -5.6231147E+00
2026 07 23 16 06 00 000 -1.6180659E+01 -8.5345960E+00 -5.6246622E+00
2026 07 23 16 06 30 000 -1.6185750E+01 -8.5374831E+00 -5.6262135E+00
2026 07 23 16 07 00 000 -1.6190837E+01 -8.5403671E+00 -5.6277688E+00
2026 07 23 16 07 30 000 -1.6195921E+01 -8.5432482E+00 -5.6293280E+00
2026 07 23 16 08 00 000 -1.6201001E+01 -8.5461263E+00 -5.6308910E+00
2026 07 23 16 08 30 000 -1.6206079E+01 -8.5490014E+00 -5.6324579E+00
2026 07 23 16 09 00 000 -1.6211154E+01 -8.5518736E+00 -5.6340286E+00
2026 07 23 16 09 30 000 -1.6216225E+01 -8.5547428E+00 -5.6356031E+00
2026 07 23 16 10 00 000 -1.6221293E+01 -8.5576091E+00 -5.6371814E+00
2026 07 23 16 10 30 000 -1.6226359E+01 -8.5604725E+00 -5.6387635E+00
2026 07 23 16 11 00 000 -1.6231421E+01 -8.5633329E+00 -5.6403493E+00
2026 07 23 16 11 30 000 -1.6236480E+01 -8.5661905E+00 -5.6419388E+00
2026 07 23 16 12 00 000 -1.6241536E+01 -8.5690452E+00 -5.6435321E+00
2026 07 23 16 12 30 000 -1.6246588E+01 -8.5718970E+00 -5.6451291E+00
2026 07 23 16 13 00 000 -1.6251638E+01 -8.5747459E+00 -5.6467297E+00
2026 07 23 16 13 30 000 -1.6256684E+01 -8.5775920E+00 -5.6483340E+00
2026 07 23 16 14 00 000 -1.6261728E+01 -8.5804353E+00 -5.6499420E+00
2026 07 23 16 14 30 000 -1.6266768E+01 -8.5832758E+00 -5.6515536E+00
2026 07 23 16 15 00 000 -1.6271805E+01 -8.5861134E+00 -5.6531688E+00
2026 07 23 16 15 30 000 -1.6276839E+01 -8.5889482E+00 -5.6547876E+00
2026 07 23 16 16 00 000 -1.6281870E+01 -8.5917802E+00 -5.6564100E+00
2026 07 23 16 16 30 000 -1.6286898E+01 -8.5946095E+00 -5.6580359E+00
2026 07 23 16 17 00 000 -1.6291923E+01 -8.5974360E+00 -5.6596654E+00
2026 07 23 16 17 30 000 -1.6296944E+01 -8.6002597E+00 -5.6612984E+00
2026 07 23 16 18 00 000 -1.6301963E+01 -8.6030807E+00 -5.6629348E+00
2026 07 23 16 18 30 000 -1.6306978E+01 -8.6058990E+00 -5.6645748E+00
2026 07 23 16 19 00 000 -1.6311991E+01 -8.6087145E+00 -5.6662182E+00
2026 07 23 16 19 30 000 -1.6317000E+01 -8.6115273E+00 -5.6678651E+00
2026 07 23 16 20 00 000 -1.6322006E+01 -8.6143375E+00 -5.6695154E+00
2026 07 23 16 20 30 000 -1.6327009E+01 -8.6171449E+00 -5.6711692E+00
2026 07 23 16 21 00 000 -1.6332010E+01 -8.6199497E+00 -5.6728263E+00
2026 07 23 16 21 30 000 -1.6337006E+01 -8.6227518E+00 -5.6744867E+00
2026 07 23 16 22 00 000 -1.6342000E+01 -8.6255513E+00 -5.6761506E+00
2026 07 23 16 22 30 000 -1.6346991E+01 -8.6283482E+00 -5.6778178E+00
2026 07 23 16 23 00 000 -1.6351979E+01 -8.6311424E+00 -5.6794882E+00
2026 07 23 16 23 30 000 -1.6356964E+01 -8.6339340E+00 -5.6811620E+00
2026 07 23 16 24 00 000 -1.6361945E+01 -8.6367230E+00 -5.6828391E+00
2026 07 23 16 24 30 000 -1.6366924E+01 -8.6395094E+00 -5.6845194E+00
2026 07 23 16 25 00 000 -1.6371899E+01 -8.6422933E+00 -5.6862030E+00
2026 07 23 16 25 30 000 -1.6376871E+01 -8.6450746E+00 -5.6878898E+00
2026 07 23 16 26 00 000 -1.6381841E+01 -8.6478533E+00 -5.6895797E+00
2026 07 23 16 26 30 000 -1.6386807E+01 -8.6506295E+00 -5.6912729E+00
2026 07 23 16 27 00 000 -1.6391770E+01 -8.6534032E+00 -5.6929692E+00
2026 07 23 16 27 30 000 -1.6396730E+01 -8.6561743E+00 -5.6946687E+00
2026 07 23 16 28 00 000 -1.6401687E+01 -8.6589430E+00 -5.6963713E+00
2026 07 23 16 28 30 000 -1.6406641E+01 -8.6617092E+00 -5.6980770E+00
2026 07 23 16 29 00 000 -1.6411592E+01 -8.6644729E+00 -5.6997858E+00
2026 07 23 16 29 30 000 -1.6416540E+01 -8.6672341E+00 -5.7014977E+00
2026 07 23 16 30 00 000 -1.6421485E+01 -8.6699929E+00 -5.7032126E+00
2026 07 23 16 30 30 000 -1.6426427E+01 -8.6727492E+00 -5.7049305E+00
2026 07 23 16 31 00 000 -1.6431366E+01 -8.6755032E+00 -5.7066515E+00
2026 07 23 16 31 30 000 -1.6436302E+01 -8.6782547E+00 -5.7083754E+00
2026 07 23 16 32 00 000 -1.6441234E+01 -8.6810038E+00 -5.7101024E+00
2026 07 23 16 32 30 000 -1.6446164E+01 -8.6837505E+00 -5.7118322E+00
2026 07 23 16 33 00 000 -1.6451091E+01 -8.6864948E+00 -5.7135650E+00
2026 07 23 16 33 30 000 -1.6456014E+01 -8.6892368E+00 -5.7153007E+00
2026 07 23 16 34 00 000 -1.6460935E+01 -8.6919764E+00 -5.7170393E+00
2026 07 23 16 34 30 000 -1.6465852E+01 -8.6947137E+00 -5.7187808E+00
2026 07 23 16 35 00 000 -1.6470767E+01 -8.6974487E+00 -5.7205251E+00
2026 07 23 16 35 30 000 -1.6475678E+01 -8.7001813E+00 -5.7222723E+00
2026 07 23 16 36 00 000 -1.6480587E+01 -8.7029117E+00 -5.7240222E+00
2026 07 23 16 36 30 000 -1.6485492E+01 -8.7056398E+00 -5.7257750E+00
2026 07 23 16 37 00 000 -1.6490394E+01 -8.7083655E+00 -5.7275305E+00
2026 07 23 16 37 30 000 -1.6495294E+01 -8.7110891E+00 -5.7292888E+00
2026 07 23 16 38 00 000 -1.6500190E+01 -8.7138103E+00 -5.7310499E+00
2026 07 23 16 38 30 000 -1.6505084E+01 -8.7165294E+00 -5.7328136E+00
2026 07 23 16 39 00 000 -1.6509974E+01 -8.7192462E+00 -5.7345800E+00
2026 07 23 16 39 30 000 -1.6514861E+01 -8.7219608E+00 -5.7363491E+00
2026 07 23 16 40 00 000 -1.6519745E+01 -8.7246732E+00 -5.7381209E+00
2026 07 23 16 40 30 000 -1.6524627E+01 -8.7273834E+00 -5.7398953E+00
2026 07 23 16 41 00 000 -1.6529505E+01 -8.7300915E+00 -5.7416723E+00
2026 07 23 16 41 30 000 -1.6534380E+01 -8.7327973E+00 -5.7434519E+00
2026 07 23 16 42 00 000 -1.6539253E+01 -8.7355011E+00 -5.7452340E+00
2026 07 23 16 42 30 000 -1.6544122E+01 -8.7382027E+00 -5.7470188E+00
2026 07 23 16 43 00 000 -1.6548988E+01 -8.7409022E+00 -5.7488060E+00
2026 07 23 16 43 30 000 -1.6553851E+01 -8.7435995E+00 -5.7505958E+00
2026 07 23 16 44 00 000 -1.6558712E+01 -8.7462948E+00 -5.7523880E+00
2026 07 23 16 44 30 000 -1.6563569E+01 -8.7489880E+00 -5.7541828E+00
2026 07 23 16 45 00 000 -1.6568423E+01 -8.7516791E+00 -5.7559799E+00
2026 07 23 16 45 30 000 -1.6573275E+01 -8.7543682E+00 -5.7577795E+00
2026 07 23 16 46 00 000 -1.6578123E+01 -8.7570552E+00 -5.7595815E+00
2026 07 23 16 46 30 000 -1.6582968E+01 -8.7597402E+00 -5.7613859E+00
2026 07 23 16 47 00 000 -1.6587810E+01 -8.7624232E+00 -5.7631927E+00
2026 07 23 16 47 30 000 -1.6592650E+01 -8.7651042E+00 -5.7650018E+00
2026 07 23 16 48 00 000 -1.6597486E+01 -8.7677832E+00 -5.7668133E+00
2026 07 23 16 48 30 000 -1.6602320E+01 -8.7704602E+00 -5.7686270E+00
2026 07 23 16 49 00 000 -1.6607150E+01 -8.7731352E+00 -5.7704431E+00
2026 07 23 16 49 30 000 -1.6611977E+01 -8.7758083E+00 -5.7722614E+00
2026 07 23 16 50 00 000 -1.6616802E+01 -8.7784794E+00 -5.7740819E+00
2026 07 23 16 50 30 000 -1.6621623E+01 -8.7811487E+00 -5.7759047E+00
2026 07 23 16 51 00 000 -1.6626442E+01 -8.7838160E+00 -5.7777296E+00
2026 07 23 16 51 30 000 -1.6631257E+01 -8.7864814E+00 -5.7795568E+00
2026 07 23 16 52 00 000 -1.6636070E+01 -8.7891449E+00 -5.7813861E+00
2026 07 23 16 52 30 000 -1.6640880E+01 -8.7918066E+00 -5.7832175E+00
2026 07 23 16 53 00 000 -1.6645686E+01 -8.7944664E+00 -5.7850511E+00
2026 07 23 16 53 30 000 -1.6650490E+01 -8.7971243E+00 -5.7868868E+00
2026 07 23 16 54 00 000 -1.6655291E+01 -8.7997804E+00 -5.7887245E+00
2026 07 23 16 54 30 000 -1.6660088E+01 -8.8024347E+00 -5.7905643E+00
2026 07 23 16 55 00 000 -1.6664883E+01 -8.8050872E+00 -5.7924061E+00
2026 07 23 16 55 30 000 -1.6669675E+01 -8.8077379E+00 -5.7942500E+00
2026 07 23 16 56 00 000 -1.6674464E+01 -8.8103869E+00 -5.7960958E+00
2026 07 23 16 56 30 000 -1.6679250E+01 -8.8130340E+00 -5.7979436E+00
2026 07 23 16 57 00 000 -1.6684033E+01 -8.8156794E+00 -5.7997934E+00
2026 07 23 16 57 30 000 -1.6688813E+01 -8.8183231E+00 -5.8016450E+00
2026 07 23 16 58 00 000 -1.6693590E+01 -8.8209650E+00 -5.8034986E+00
2026 07 23 16 58 30 000 -1.6698364E+01 -8.8236052E+00 -5.8053541E+00
2026 07 23 16 59 00 000 -1.6703135E+01 -8.8262438E+00 -5.8072115E+00
2026 07 23 16 59 30 000 -1.6707904E+01 -8.8288806E+00 -5.8090706E+00
2026 07 23 17 00 00 000 -1.6712669E+01 -8.8315158E+00 -5.8109317E+00
2026 07 23 17 00 30 000 -1.6717431E+01 -8.8341493E+00 -5.8127945E+00
2026 07 23 17 01 00 000 -1.6722191E+01 -8.8367812E+00 -5.8146591E+00
2026 07 23 17 01 30 000 -1.6726947E+01 -8.8394114E+00 -5.8165254E+00
2026 07 23 17 02 00 000 -1.6731701E+01 -8.8420400E+00 -5.8183935E+00
2026 07 23 17 02 30 000 -1.6736452E+01 -8.8446671E+00 -5.8202633E+00
2026 07 23 17 03 00 000 -1.6741199E+01 -8.8472925E+00 -5.8221348E+00
2026 07 23 17 03 30 000 -1.6745944E+01 -8.8499164E+00 -5.8240079E+00
2026 07 23 17 04 00 000 -1.6750686E+01 -8.8525386E+00 -5.8258828E+00
2026 07 23 17 04 30 000 -1.6755425E+01 -8.8551594E+00 -5.8277592E+00
2026 07 23 17 05 00 000 -1.6760161E+01 -8.8577786E+00 -5.8296373E+00
2026 07 23 17 05 30 000 -1.6764894E+01 -8.8603963E+00 -5.8315169E+00
2026 07 23 17 06 00 000 -1.6769624E+01 -8.8630125E+00 -5.8333981E+00
2026 07 23 17 06 30 000 -1.6774351E+01 -8.8656271E+00 -5.8352809E+00
2026 07 23 17 07 00 000 -1.6779076E+01 -8.8682403E+00 -5.8371651E+00
2026 07 23 17 07 30 000 -1.6783797E+01 -8.8708521E+00 -5.8390509E+00
2026 07 23 17 08 00 000 -1.6788516E+01 -8.8734624E+00 -5.8409382E+00
2026 07 23 17 08 30 000 -1.6793231E+01 -8.8760712E+00 -5.8428269E+00
2026 07 23 17 09 00 000 -1.6797944E+01 -8.8786786E+00 -5.8447170E+00
2026 07 23 17 09 30 000 -1.6802654E+01 -8.8812846E+00 -5.8466086E+00
2026 07 23 17 10 00 000 -1.6807361E+01 -8.8838892E+00 -5.8485015E+00
2026 07 23 17 10 30 000 -1.6812065E+01 -8.8864924E+00 -5.8503958E+00
2026 07 23 17 11 00 000 -1.6816766E+01 -8.8890943E+00 -5.8522915E+00
2026 07 23 17 11 30 000 -1.6821464E+01 -8.8916948E+00 -5.8541885E+00
2026 07 23 17 12 00 000 -1.6826159E+01 -8.8942939E+00 -5.8560868E+00
2026 07 23 17 12 30 000 -1.6830852E+01 -8.8968918E+00 -5.8579863E+00
2026 07 23 17 13 00 000 -1.6835541E+01 -8.8994883E+00 -5.8598872E+00
2026 07 23 17 13 30 000 -1.6840228E+01 -8.9020835E+00 -5.8617893E+00
2026 07 23 17 14 00 000 -1.6844912E+01 -8.9046774E+00 -5.8636925E+00
2026 07 23 17 14 30 000 -1.6849592E+01 -8.9072701E+00 -5.8655970E+00
2026 07 23 17 15 00 000 -1.6854270E+01 -8.9098615E+00 -5.8675027E+00
2026 07 23 17 15 30 000 -1.6858945E+01 -8.9124516E+00 -5.8694095E+00
2026 07 23 17 16 00 000 -1.6863618E+01 -8.9150405E+00 -5.8713174E+00
2026 07 23 17 16 30 000 -1.6868287E+01 -8.9176282E+00 -5.8732265E+00
2026 07 23 17 17 00 000 -1.6872953E+01 -8.9202147E+00 -5.8751366E+00
2026 07 23 17 17 30 000 -1.6877617E+01 -8.9228000E+00 -5.8770478E+00
2026 07 23 17 18 00 000 -1.6882278E+01 -8.9253841E+00 -5.8789600E+00
2026 07 23 17 18 30 000 -1.6886935E+01 -8.9279671E+00 -5.8808732E+00
2026 07 23 17 19 00 000 -1.6891590E+01 -8.9305489E+00 -5.8827875E+00
2026 07 23 17 19 30 000 -1.6896242E+01 -8.9331296E+00 -5.8847027E+00
2026 07 23 17 20 00 000 -1.6900891E+01 -8.9357092E+00 -5.8866189E+00
2026 07 23 17 20 30 000 -1.6905538E+01 -8.9382876E+00 -5.8885360E+00
2026 07 23 17 21 00 000 -1.6910181E+01 -8.9408650E+00 -5.8904540E+00
2026 07 23 17 21 30 000 -1.6914822E+01 -8.9434413E+00 -5.8923729E+00
2026 07 23 17 22 00 000 -1.6919459E+01 -8.9460166E+00 -5.8942927E+00
2026 07 23 17 22 30 000 -1.6924094E+01 -8.9485907E+00 -5.8962133E+00
2026 07 23 17 23 00 000 -1.6928726E+01 -8.9511639E+00 -5.8981347E+00
2026 07 23 17 23 30 000 -1.6933355E+01 -8.9537360E+00 -5.9000569E+00
2026 07 23 17 24 00 000 -1.6937981E+01 -8.9563071E+00 -5.9019799E+00
2026 07 23 17 24 30 000 -1.6942605E+01 -8.9588773E+00 -5.9039037E+00
2026 07 23 17 25 00 000 -1.6947225E+01 -8.9614464E+00 -5.9058282E+00
2026 07 23 17 25 30 000 -1.6951843E+01 -8.9640146E+00 -5.9077534E+00
2026 07 23 17 26 00 000 -1.6956458E+01 -8.9665819E+00 -5.9096792E+00
2026 07 23 17 26 30 000 -1.6961070E+01 -8.9691482E+00 -5.9116058E+00
2026 07 23 17 27 00 000 -1.6965679E+01 -8.9717135E+00 -5.9135330E+00
2026 07 23 17 27 30 000 -1.6970285E+01 -8.9742780E+00 -5.9154608E+00
2026 07 23 17 28 00 000 -1.6974889E+01 -8.9768416E+00 -5.9173892E+00
2026 07 23 17 28 30 000 -1.6979489E+01 -8.9794043E+00 -5.9193182E+00
2026 07 23 17 29 00 000 -1.6984087E+01 -8.9819662E+00 -5.9212477E+00
2026 07 23 17 29 30 000 -1.6988682E+01 -8.9845271E+00 -5.9231778E+00
2026 07 23 17 30 00 000 -1.6993274E+01 -8.9870873E+00 -5.9251083E+00
2026 07 23 17 30 30 000 -1.6997863E+01 -8.9896466E+00 -5.9270394E+00
2026 07 23 17 31 00 000 -1.7002450E+01 -8.9922052E+00 -5.9289709E+00
2026 07 23 17 31 30 000 -1.7007033E+01 -8.9947629E+00 -5.9309028E+00
2026 07 23 17 32 00 000 -1.7011614E+01 -8.9973198E+00 -5.9328352E+00
2026 07 23 17 32 30 000 -1.7016192E+01 -8.9998760E+00 -5.9347680E+00
2026 07 23 17 33 00 000 -1.7020767E+01 -9.0024315E+00 -5.9367011E+00
2026 07 23 17 33 30 000 -1.7025339E+01 -9.0049862E+00 -5.9386347E+00
2026 07 23 17 34 00 000 -1.7029908E+01 -9.0075402E+00 -5.9405685E+00
2026 07 23 17 34 30 000 -1.7034475E+01 -9.0100934E+00 -5.9425026E+00
2026 07 23 17 35 00 000 -1.7039039E+01 -9.0126460E+00 -5.9444370E+00
2026 07 23 17 35 30 000 -1.7043600E+01 -9.0151979E+00 -5.9463717E+00
2026 07 23 17 36 00 000 -1.7048158E+01 -9.0177492E+00 -5.9483066E+00
2026 07 23 17 36 30 000 -1.7052713E+01 -9.0202998E+00 -5.9502418E+00
2026 07 23 17 37 00 000 -1.7057266E+01 -9.0228497E+00 -5.9521771E+00
2026 07 23 17 37 30 000 -1.7061815E+01 -9.0253991E+00 -5.9541126E+00
2026 07 23 17 38 00 000 -1.7066362E+01 -9.0279478E+00 -5.9560483E+00
2026 07 23 17 38 30 000 -1.7070906E+01 -9.0304959E+00 -5.9579841E+00
2026 07 23 17 39 00 000 -1.7075448E+01 -9.0330435E+00 -5.9599200E+00
2026 07 23 17 39 30 000 -1.7079986E+01 -9.0355905E+00 -5.9618559E+00
2026 07 23 17 40 00 000 -1.7084522E+01 -9.0381369E+00 -5.9637920E+00
2026 07 23 17 40 30 000 -1.7089054E+01 -9.0406828E+00 -5.9657280E+00
2026 07 23 17 41 00 000 -1.7093585E+01 -9.0432282E+00 -5.9676641E+00
2026 07 23 17 41 30 000 -1.7098112E+01 -9.0457731E+00 -5.9696002E+00
2026 07 23 17 42 00 000 -1.7102636E+01 -9.0483175E+00 -5.9715363E+00
2026 07 23 17 42 30 000 -1.7107158E+01 -9.0508614E+00 -5.9734723E+00
2026 07 23 17 43 00 000 -1.7111677E+01 -9.0534049E+00 -5.9754082E+00
2026 07 23 17 43 30 000 -1.7116193E+01 -9.0559479E+00 -5.9773440E+00
2026 07 23 17 44 00 000 -1.7120706E+01 -9.0584905E+00 -5.9792797E+00
2026 07 23 17 44 30 000 -1.7125216E+01 -9.0610326E+00 -5.9812153E+00
2026 07 23 17 45 00 000 -1.7129724E+01 -9.0635744E+00 -5.9831507E+00
2026 07 23 17 45 30 000 -1.7134229E+01 -9.0661157E+00 -5.9850859E+00
2026 07 23 17 46 00 000 -1.7138731E+01 -9.0686567E+00 -5.9870209E+00
2026 07 23 17 46 30 000 -1.7143230E+01 -9.0711973E+00 -5.9889557E+00
2026 07 23 17 47 00 000 -1.7147727E+01 -9.0737376E+00 -5.9908902E+00
2026 07 23 17 47 30 000 -1.7152220E+01 -9.0762775E+00 -5.9928245E+00
2026 07 23 17 48 00 000 -1.7156711E+01 -9.0788172E+00 -5.9947584E+00
2026 07 23 17 48 30 000 -1.7161199E+01 -9.0813565E+00 -5.9966920E+00
2026 07 23 17 49 00 000 -1.7165685E+01 -9.0838955E+00 -5.9986253E+00
2026 07 23 17 49 30 000 -1.7170167E+01 -9.0864342E+00 -6.0005582E+00
2026 07 23 17 50 00 000 -1.7174647E+01 -9.0889727E+00 -6.0024908E+00
2026 07 23 17 50 30 000 -1.7179124E+01 -9.0915110E+00 -6.0044229E+00
2026 07 23 17 51 00 000 -1.7183599E+01 -9.0940490E+00 -6.0063546E+00
2026 07 23 17 51 30 000 -1.7188070E+01 -9.0965868E+00 -6.0082858E+00
2026 07 23 17 52 00 000 -1.7192539E+01 -9.0991244E+00 -6.0102165E+00
2026 07 23 17 52 30 000 -1.7197005E+01 -9.1016618E+00 -6.0121468E+00
2026 07 23 17 53 00 000 -1.7201468E+01 -9.1041991E+00 -6.0140765E+00
2026 07 23 17 53 30 000 -1.7205928E+01 -9.1067361E+00 -6.0160057E+00
2026 07 23 17 54 00 000 -1.7210386E+01 -9.1092731E+00 -6.0179343E+00
2026 07 23 17 54 30 000 -1.7214841E+01 -9.1118099E+00 -6.0198623E+00
2026 07 23 17 55 00 000 -1.7219293E+01 -9.1143465E+00 -6.0217897E+00
2026 07 23 17 55 30 000 -1.7223743E+01 -9.1168831E+00 -6.0237165E+00
2026 07 23 17 56 00 000 -1.7228189E+01 -9.1194196E+00 -6.0256426E+00
2026 07 23 17 56 30 000 -1.7232633E+01 -9.1219561E+00 -6.0275680E+00
2026 07 23 17 57 00 000 -1.7237074E+01 -9.1244924E+00 -6.0294927E+00
2026 07 23 17 57 30 000 -1.7241513E+01 -9.1270288E+00 -6.0314167E+00
2026 07 23 17 58 00 000 -1.7245948E+01 -9.1295651E+00 -6.0333400E+00
2026 07 23 17 58 30 000 -1.7250381E+01 -9.1321013E+00 -6.0352625E+00
2026 07 23 17 59 00 000 -1.7254811E+01 -9.1346376E+00 -6.0371842E+00
2026 07 23 17 59 30 000 -1.7259239E+01 -9.1371739E+00 -6.0391050E+00
2026 07 23 18 00 00 000 -1.7263663E+01 -9.1397103E+00 -6.0410251E+00
2026 07 23 18 00 30 000 -1.7268085E+01 -9.1422466E+00 -6.0429443E+00
2026 07 23 18 01 00 000 -1.7272504E+01 -9.1447830E+00 -6.0448625E+00
2026 07 23 18 01 30 000 -1.7276921E+01 -9.1473196E+00 -6.0467799E+00
2026 07 23 18 02 00 000 -1.7281334E+01 -9.1498561E+00 -6.0486964E+00
2026 07 23 18 02 30 000 -1.7285745E+01 -9.1523928E+00 -6.0506119E+00
2026 07 23 18 03 00 000 -1.7290154E+01 -9.1549296E+00 -6.0525265E+00
2026 07 23 18 03 30 000 -1.7294559E+01 -9.1574666E+00 -6.0544400E+00
2026 07 23 18 04 00 000 -1.7298962E+01 -9.1600037E+00 -6.0563525E+00
2026 07 23 18 04 30 000 -1.7303362E+01 -9.1625409E+00 -6.0582640E+00
2026 07 23 18 05 00 000 -1.7307759E+01 -9.1650783E+00 -6.0601745E+00
2026 07 23 18 05 30 000 -1.7312154E+01 -9.1676159E+00 -6.0620838E+00
2026 07 23 18 06 00 000 -1.7316545E+01 -9.1701537E+00 -6.0639920E+00
2026 07 23 18 06 30 000 -1.7320934E+01 -9.1726918E+00 -6.0658992E+00
2026 07 23 18 07 00 000 -1.7325321E+01 -9.1752300E+00 -6.0678051E+00
2026 07 23 18 07 30 000 -1.7329704E+01 -9.1777685E+00 -6.0697099E+00
2026 07 23 18 08 00 000 -1.7334085E+01 -9.1803073E+00 -6.0716135E+00
2026 07 23 18 08 30 000 -1.7338464E+01 -9.1828463E+00 -6.0735159E+00
2026 07 23 18 09 00 000 -1.7342839E+01 -9.1853857E+00 -6.0754170E+00
2026 07 23 18 09 30 000 -1.7347212E+01 -9.1879253E+00 -6.0773169E+00
2026 07 23 18 10 00 000 -1.7351582E+01 -9.1904652E+00 -6.0792155E+00
2026 07 23 18 10 30 000 -1.7355949E+01 -9.1930055E+00 -6.0811128E+00
2026 07 23 18 11 00 000 -1.7360314E+01 -9.1955462E+00 -6.0830087E+00
2026 07 23 18 11 30 000 -1.7364676E+01 -9.1980872E+00 -6.0849033E+00
2026 07 23 18 12 00 000 -1.7369035E+01 -9.2006285E+00 -6.0867966E+00
2026 07 23 18 12 30 000 -1.7373391E+01 -9.2031703E+00 -6.0886884E+00
2026 07 23 18 13 00 000 -1.7377745E+01 -9.2057124E+00 -6.0905788E+00
2026 07 23 18 13 30 000 -1.7382096E+01 -9.2082550E+00 -6.0924678E+00
2026 07 23 18 14 00 000 -1.7386445E+01 -9.2107980E+00 -6.0943553E+00
2026 07 23 18 14 30 000 -1.7390790E+01 -9.2133415E+00 -6.0962414E+00
2026 07 23 18 15 00 000 -1.7395133E+01 -9.2158854E+00 -6.0981259E+00
2026 07 23 18 15 30 000 -1.7399474E+01 -9.2184298E+00 -6.1000089E+00
2026 07 23 18 16 00 000 -1.7403811E+01 -9.2209747E+00 -6.1018903E+00
2026 07 23 18 16 30 000 -1.7408146E+01 -9.2235201E+00 -6.1037702E+00
2026 07 23 18 17 00 000 -1.7412478E+01 -9.2260661E+00 -6.1056485E+00
2026 07 23 18 17 30 000 -1.7416808E+01 -9.2286125E+00 -6.1075252E+00
2026 07 23 18 18 00 000 -1.7421134E+01 -9.2311595E+00 -6.1094002E+00
2026 07 23 18 18 30 000 -1.7425459E+01 -9.2337071E+00 -6.1112736E+00
2026 07 23 18 19 00 000 -1.7429780E+01 -9.2362552E+00 -6.1131453E+00
2026 07 23 18 19 30 000 -1.7434099E+01 -9.2388040E+00 -6.1150152E+00
2026 07 23 18 20 00 000 -1.7438415E+01 -9.2413533E+00 -6.1168835E+00
2026 07 23 18 20 30 000 -1.7442728E+01 -9.2439033E+00 -6.1187500E+00
2026 07 23 18 21 00 000 -1.7447039E+01 -9.2464539E+00 -6.1206147E+00
2026 07 23 18 21 30 000 -1.7451347E+01 -9.2490051E+00 -6.1224777E+00
2026 07 23 18 22 00 000 -1.7455652E+01 -9.2515570E+00 -6.1243388E+00
2026 07 23 18 22 30 000 -1.7459955E+01 -9.2541096E+00 -6.1261981E+00
2026 07 23 18 23 00 000 -1.7464255E+01 -9.2566629E+00 -6.1280555E+00
2026 07 23 18 23 30 000 -1.7468552E+01 -9.2592168E+00 -6.1299111E+00
2026 07 23 18 24 00 000 -1.7472847E+01 -9.2617715E+00 -6.1317647E+00
2026 07 23 18 24 30 000 -1.7477139E+01 -9.2643270E+00 -6.1336165E+00
2026 07 23 18 25 00 000 -1.7481428E+01 -9.2668832E+00 -6.1354663E+00
2026 07 23 18 25 30 000 -1.7485714E+01 -9.2694401E+00 -6.1373141E+00
2026 07 23 18 26 00 000 -1.7489998E+01 -9.2719978E+00 -6.1391599E+00
2026 07 23 18 26 30 000 -1.7494280E+01 -9.2745563E+00 -6.1410037E+00
2026 07 23 18 27 00 000 -1.7498558E+01 -9.2771157E+00 -6.1428455E+00
2026 07 23 18 27 30 000 -1.7502834E+01 -9.2796758E+00 -6.1446852E+00
2026 07 23 18 28 00 000 -1.7507107E+01 -9.2822368E+00 -6.1465229E+00
2026 07 23 18 28 30 000 -1.7511378E+01 -9.2847986E+00 -6.1483584E+00
2026 07 23 18 29 00 000 -1.7515646E+01 -9.2873613E+00 -6.1501918E+00
2026 07 23 18 29 30 000 -1.7519911E+01 -9.2899248E+00 -6.1520231E+00
2026 07 23 18 30 00 000 -1.7524174E+01 -9.2924892E+00 -6.1538522E+00
2026 07 23 18 30 30 000 -1.7528434E+01 -9.2950546E+00 -6.1556792E+00
2026 07 23 18 31 00 000 -1.7532691E+01 -9.2976209E+00 -6.1575039E+00
2026 07 23 18 31 30 000 -1.7536946E+01 -9.3001881E+00 -6.1593264E+00
2026 07 23 18 32 00 000 -1.7541198E+01 -9.3027562E+00 -6.1611467E+00
2026 07 23 18 32 30 000 -1.7545447E+01 -9.3053253E+00 -6.1629647E+00
2026 07 23 18 33 00 000 -1.7549694E+01 -9.3078954E+00 -6.1647803E+00
2026 07 23 18 33 30 000 -1.7553938E+01 -9.3104665E+00 -6.1665937E+00
2026 07 23 18 34 00 000 -1.7558179E+01 -9.3130385E+00 -6.1684047E+00
2026 07 23 18 34 30 000 -1.7562418E+01 -9.3156116E+00 -6.1702134E+00
2026 07 23 18 35 00 000 -1.7566654E+01 -9.3181857E+00 -6.1720197E+00
2026 07 23 18 35 30 000 -1.7570887E+01 -9.3207609E+00 -6.1738236E+00
2026 07 23 18 36 00 000 -1.7575118E+01 -9.3233371E+00 -6.1756251E+00
2026 07 23 18 36 30 000 -1.7579346E+01 -9.3259144E+00 -6.1774241E+00
2026 07 23 18 37 00 000 -1.7583572E+01 -9.3284928E+00 -6.1792207E+00
2026 07 23 18 37 30 000 -1.7587795E+01 -9.3310722E+00 -6.1810148E+00
2026 07 23 18 38 00 000 -1.7592015E+01 -9.3336528E+00 -6.1828064E+00
2026 07 23 18 38 30 000 -1.7596233E+01 -9.3362345E+00 -6.1845954E+00
2026 07 23 18 39 00 000 -1.7600448E+01 -9.3388174E+00 -6.1863819E+00
2026 07 23 18 39 30 000 -1.7604660E+01 -9.3414014E+00 -6.1881658E+00
2026 07 23 18 40 00 000 -1.7608870E+01 -9.3439866E+00 -6.1899471E+00
2026 07 23 18 40 30 000 -1.7613077E+01 -9.3465729E+00 -6.1917258E+00
2026 07 23 18 41 00 000 -1.7617282E+01 -9.3491605E+00 -6.1935019E+00
2026 07 23 18 41 30 000 -1.7621483E+01 -9.3517493E+00 -6.1952753E+00
2026 07 23 18 42 00 000 -1.7625683E+01 -9.3543393E+00 -6.1970461E+00
2026 07 23 18 42 30 000 -1.7629879E+01 -9.3569305E+00 -6.1988141E+00
2026 07 23 18 43 00 000 -1.7634073E+01 -9.3595230E+00 -6.2005794E+00
2026 07 23 18 43 30 000 -1.7638265E+01 -9.3621167E+00 -6.2023420E+00
2026 07 23 18 44 00 000 -1.7642453E+01 -9.3647118E+00 -6.2041018E+00
2026 07 23 18 44 30 000 -1.7646639E+01 -9.3673081E+00 -6.2058588E+00
2026 07 23 18 45 00 000 -1.7650823E+01 -9.3699057E+00 -6.2076131E+00
2026 07 23 18 45 30 000 -1.7655004E+01 -9.3725047E+00 -6.2093645E+00
2026 07 23 18 46 00 000 -1.7659182E+01 -9.3751049E+00 -6.2111130E+00
2026 07 23 18 46 30 000 -1.7663358E+01 -9.3777066E+00 -6.2128587E+00
2026 07 23 18 47 00 000 -1.7667531E+01 -9.3803096E+00 -6.2146015E+00
2026 07 23 18 47 30 000 -1.7671701E+01 -9.3829139E+00 -6.2163413E+00
2026 07 23 18 48 00 000 -1.7675869E+01 -9.3855197E+00 -6.2180783E+00
2026 07 23 18 48 30 000 -1.7680034E+01 -9.3881268E+00 -6.2198123E+00
2026 07 23 18 49 00 000 -1.7684197E+01 -9.3907354E+00 -6.2215433E+00
2026 07 23 18 49 30 000 -1.7688357E+01 -9.3933454E+00 -6.2232713E+00
2026 07 23 18 50 00 000 -1.7692514E+01 -9.3959569E+00 -6.2249963E+00
2026 07 23 18 50 30 000 -1.7696669E+01 -9.3985698E+00 -6.2267183E+00
2026 07 23 18 51 00 000 -1.7700821E+01 -9.4011841E+00 -6.2284372E+00
2026 07 23 18 51 30 000 -1.7704971E+01 -9.4038000E+00 -6.2301530E+00
2026 07 23 18 52 00 000 -1.7709118E+01 -9.4064173E+00 -6.2318658E+00
2026 07 23 18 52 30 000 -1.7713263E+01 -9.4090362E+00 -6.2335754E+00
2026 07 23 18 53 00 000 -1.7717404E+01 -9.4116566E+00 -6.2352818E+00
2026 07 23 18 53 30 000 -1.7721544E+01 -9.4142785E+00 -6.2369852E+00
2026 07 23 18 54 00 000 -1.7725680E+01 -9.4169020E+00 -6.2386853E+00
2026 07 23 18 54 30 000 -1.7729814E+01 -9.4195270E+00 -6.2403822E+00
2026 07 23 18 55 00 000 -1.7733946E+01 -9.4221536E+00 -6.2420759E+00
2026 07 23 18 55 30 000 -1.7738075E+01 -9.4247818E+00 -6.2437664E+00
2026 07 23 18 56 00 000 -1.7742201E+01 -9.4274116E+00 -6.2454536E+00
2026 07 23 18 56 30 000 -1.7746325E+01 -9.4300430E+00 -6.2471375E+00
2026 07 23 18 57 00 000 -1.7750446E+01 -9.4326760E+00 -6.2488181E+00
2026 07 23 18 57 30 000 -1.7754564E+01 -9.4353107E+00 -6.2504954E+00
2026 07 23 18 58 00 000 -1.7758680E+01 -9.4379471E+00 -6.2521693E+00
2026 07 23 18 58 30 000 -1.7762793E+01 -9.4405851E+00 -6.2538399E+00
2026 07 23 18 59 00 000 -1.7766904E+01 -9.4432248E+00 -6.2555071E+00
2026 07 23 18 59 30 000 -1.7771012E+01 -9.4458661E+00 -6.2571708E+00
2026 07 23 19 00 00 000 -1.7775118E+01 -9.4485092E+00 -6.2588312E+00
2026 07 23 19 00 30 000 -1.7779221E+01 -9.4511541E+00 -6.2604881E+00
2026 07 23 19 01 00 000 -1.7783322E+01 -9.4538006E+00 -6.2621415E+00
2026 07 23 19 01 30 000 -1.7787420E+01 -9.4564489E+00 -6.2637914E+00
2026 07 23 19 02 00 000 -1.7791515E+01 -9.4590990E+00 -6.2654379E+00
2026 07 23 19 02 30 000 -1.7795608E+01 -9.4617508E+00 -6.2670808E+00
2026 07 23 19 03 00 000 -1.7799698E+01 -9.4644044E+00 -6.2687201E+00
2026 07 23 19 03 30 000 -1.7803785E+01 -9.4670598E+00 -6.2703559E+00
2026 07 23 19 04 00 000 -1.7807870E+01 -9.4697171E+00 -6.2719881E+00
2026 07 23 19 04 30 000 -1.7811953E+01 -9.4723761E+00 -6.2736167E+00
2026 07 23 19 05 00 000 -1.7816033E+01 -9.4750370E+00 -6.2752416E+00
2026 07 23 19 05 30 000 -1.7820110E+01 -9.4776997E+00 -6.2768629E+00
2026 07 23 19 06 00 000 -1.7824185E+01 -9.4803643E+00 -6.2784805E+00
2026 07 23 19 06 30 000 -1.7828257E+01 -9.4830308E+00 -6.2800945E+00
2026 07 23 19 07 00 000 -1.7832327E+01 -9.4856992E+00 -6.2817047E+00
2026 07 23 19 07 30 000 -1.7836394E+01 -9.4883695E+00 -6.2833112E+00
2026 07 23 19 08 00 000 -1.7840459E+01 -9.4910417E+00 -6.2849139E+00
2026 07 23 19 08 30 000 -1.7844521E+01 -9.4937158E+00 -6.2865129E+00
2026 07 23 19 09 00 000 -1.7848580E+01 -9.4963918E+00 -6.2881081E+00
2026 07 23 19 09 30 000 -1.7852637E+01 -9.4990698E+00 -6.2896994E+00
2026 07 23 19 10 00 000 -1.7856691E+01 -9.5017498E+00 -6.2912870E+00
2026 07 23 19 10 30 000 -1.7860743E+01 -9.5044318E+00 -6.2928707E+00
2026 07 23 19 11 00 000 -1.7864792E+01 -9.5071157E+00 -6.2944505E+00
2026 07 23 19 11 30 000 -1.7868839E+01 -9.5098017E+00 -6.2960264E+00
2026 07 23 19 12 00 000 -1.7872883E+01 -9.5124896E+00 -6.2975984E+00
2026 07 23 19 12 30 000 -1.7876925E+01 -9.5151796E+00 -6.2991665E+00
2026 07 23 19 13 00 000 -1.7880964E+01 -9.5178716E+00 -6.3007307E+00
2026 07 23 19 13 30 000 -1.7885001E+01 -9.5205657E+00 -6.3022908E+00
2026 07 23 19 14 00 000 -1.7889035E+01 -9.5232619E+00 -6.3038470E+00
2026 07 23 19 14 30 000 -1.7893066E+01 -9.5259601E+00 -6.3053992E+00
2026 07 23 19 15 00 000 -1.7897095E+01 -9.5286604E+00 -6.3069473E+00
2026 07 23 19 15 30 000 -1.7901121E+01 -9.5313628E+00 -6.3084914E+00
2026 07 23 19 16 00 000 -1.7905145E+01 -9.5340673E+00 -6.3100315E+00
2026 07 23 19 16 30 000 -1.7909166E+01 -9.5367740E+00 -6.3115674E+00
2026 07 23 19 17 00 000 -1.7913185E+01 -9.5394828E+00 -6.3130993E+00
2026 07 23 19 17 30 000 -1.7917201E+01 -9.5421937E+00 -6.3146270E+00
2026 07 23 19 18 00 000 -1.7921215E+01 -9.5449069E+00 -6.3161506E+00
2026 07 23 19 18 30 000 -1.7925226E+01 -9.5476221E+00 -6.3176700E+00
2026 07 23 19 19 00 000 -1.7929235E+01 -9.5503396E+00 -6.3191852E+00
2026 07 23 19 19 30 000 -1.7933241E+01 -9.5530593E+00 -6.3206963E+00
2026 07 23 19 20 00 000 -1.7937245E+01 -9.5557812E+00 -6.3222031E+00
2026 07 23 19 20 30 000 -1.7941246E+01 -9.5585053E+00 -6.3237056E+00
2026 07 23 19 21 00 000 -1.7945244E+01 -9.5612317E+00 -6.3252040E+00
2026 07 23 19 21 30 000 -1.7949240E+01 -9.5639602E+00 -6.3266980E+00
2026 07 23 19 22 00 000 -1.7953234E+01 -9.5666911E+00 -6.3281877E+00
2026 07 23 19 22 30 000 -1.7957225E+01 -9.5694242E+00 -6.3296731E+00
2026 07 23 19 23 00 000 -1.7961213E+01 -9.5721597E+00 -6.3311542E+00
2026 07 23 19 23 30 000 -1.7965199E+01 -9.5748974E+00 -6.3326309E+00
2026 07 23 19 24 00 000 -1.7969183E+01 -9.5776374E+00 -6.3341033E+00
2026 07 23 19 24 30 000 -1.7973163E+01 -9.5803797E+00 -6.3355712E+00
2026 07 23 19 25 00 000 -1.7977142E+01 -9.5831244E+00 -6.3370348E+00
2026 07 23 19 25 30 000 -1.7981118E+01 -9.5858714E+00 -6.3384939E+00
2026 07 23 19 26 00 000 -1.7985091E+01 -9.5886208E+00 -6.3399486E+00
2026 07 23 19 26 30 000 -1.7989062E+01 -9.5913725E+00 -6.3413987E+00
2026 07 23 19 27 00 000 -1.7993030E+01 -9.5941266E+00 -6.3428444E+00
2026 07 23 19 27 30 000 -1.7996996E+01 -9.5968831E+00 -6.3442856E+00
2026 07 23 19 28 00 000 -1.8000960E+01 -9.5996420E+00 -6.3457223E+00
2026 07 23 19 28 30 000 -1.8004920E+01 -9.6024033E+00 -6.3471544E+00
2026 07 23 19 29 00 000 -1.8008879E+01 -9.6051671E+00 -6.3485820E+00
2026 07 23 19 29 30 000 -1.8012835E+01 -9.6079333E+00 -6.3500050E+00
2026 07 23 19 30 00 000 -1.8016788E+01 -9.6107019E+00 -6.3514234E+00
2026 07 23 19 30 30 000 -1.8020739E+01 -9.6134730E+00 -6.3528371E+00
2026 07 23 19 31 00 000 -1.8024687E+01 -9.6162465E+00 -6.3542463E+00
2026 07 23 19 31 30 000 -1.8028633E+01 -9.6190226E+00 -6.3556507E+00
2026 07 23 19 32 00 000 -1.8032576E+01 -9.6218011E+00 -6.3570505E+00
2026 07 23 19 32 30 000 -1.8036517E+01 -9.6245821E+00 -6.3584456E+00
2026 07 23 19 33 00 000 -1.8040455E+01 -9.6273657E+00 -6.3598360E+00
2026 07 23 19 33 30 000 -1.8044391E+01 -9.6301518E+00 -6.3612217E+00
2026 07 23 19 34 00 000 -1.8048325E+01 -9.6329404E+00 -6.3626026E+00
2026 07 23 19 34 30 000 -1.8052255E+01 -9.6357316E+00 -6.3639787E+00
2026 07 23 19 35 00 000 -1.8056184E+01 -9.6385253E+00 -6.3653501E+00
2026 07 23 19 35 30 000 -1.8060110E+01 -9.6413216E+00 -6.3667166E+00
2026 07 23 19 36 00 000 -1.8064033E+01 -9.6441205E+00 -6.3680783E+00
2026 07 23 19 36 30 000 -1.8067954E+01 -9.6469220E+00 -6.3694352E+00
2026 07 23 19 37 00 000 -1.8071872E+01 -9.6497261E+00 -6.3707873E+00
2026 07 23 19 37 30 000 -1.8075788E+01 -9.6525328E+00 -6.3721344E+00
2026 07 23 19 38 00 000 -1.8079702E+01 -9.6553421E+00 -6.3734767E+00
2026 07 23 19 38 30 000 -1.8083613E+01 -9.6581541E+00 -6.3748140E+00
2026 07 23 19 39 00 000 -1.8087521E+01 -9.6609687E+00 -6.3761464E+00
2026 07 23 19 39 30 000 -1.8091427E+01 -9.6637860E+00 -6.3774739E+00
2026 07 23 19 40 00 000 -1.8095331E+01 -9.6666059E+00 -6.3787964E+00
2026 07 23 19 40 30 000 -1.8099232E+01 -9.6694286E+00 -6.3801139E+00
2026 07 23 19 41 00 000 -1.8103131E+01 -9.6722539E+00 -6.3814264E+00
2026 07 23 19 41 30 000 -1.8107027E+01 -9.6750819E+00 -6.3827339E+00
2026 07 23 19 42 00 000 -1.8110920E+01 -9.6779127E+00 -6.3840363E+00
2026 07 23 19 42 30 000 -1.8114812E+01 -9.6807461E+00 -6.3853337E+00
2026 07 23 19 43 00 000 -1.8118700E+01 -9.6835823E+00 -6.3866260E+00
2026 07 23 19 43 30 000 -1.8122587E+01 -9.6864213E+00 -6.3879133E+00
2026 07 23 19 44 00 000 -1.8126470E+01 -9.6892630E+00 -6.3891954E+00
2026 07 23 19 44 30 000 -1.8130352E+01 -9.6921075E+00 -6.3904724E+00
2026 07 23 19 45 00 000 -1.8134230E+01 -9.6949547E+00 -6.3917442E+00
2026 07 23 19 45 30 000 -1.8138107E+01 -9.6978048E+00 -6.3930109E+00
2026 07 23 19 46 00 000 -1.8141981E+01 -9.7006576E+00 -6.3942724E+00
2026 07 23 19 46 30 000 -1.8145852E+01 -9.7035133E+00 -6.3955286E+00
2026 07 23 19 47 00 000 -1.8149721E+01 -9.7063717E+00 -6.3967797E+00
2026 07 23 19 47 30 000 -1.8153588E+01 -9.7092330E+00 -6.3980256E+00
2026 07 23 19 48 00 000 -1.8157452E+01 -9.7120972E+00 -6.3992662E+00
2026 07 23 19 48 30 000 -1.8161313E+01 -9.7149642E+00 -6.4005015E+00
2026 07 23 19 49 00 000 -1.8165173E+01 -9.7178340E+00 -6.4017315E+00
2026 07 23 19 49 30 000 -1.8169029E+01 -9.7207067E+00 -6.4029562E+00
2026 07 23 19 50 00 000 -1.8172884E+01 -9.7235823E+00 -6.4041757E+00
2026 07 23 19 50 30 000 -1.8176735E+01 -9.7264608E+00 -6.4053897E+00
2026 07 23 19 51 00 000 -1.8180585E+01 -9.7293422E+00 -6.4065984E+00
2026 07 23 19 51 30 000 -1.8184432E+01 -9.7322265E+00 -6.4078018E+00
2026 07 23 19 52 00 000 -1.8188276E+01 -9.7351138E+00 -6.4089997E+00
2026 07 23 19 52 30 000 -1.8192118E+01 -9.7380039E+00 -6.4101923E+00
2026 07 23 19 53 00 000 -1.8195958E+01 -9.7408970E+00 -6.4113794E+00
2026 07 23 19 53 30 000 -1.8199795E+01 -9.7437931E+00 -6.4125611E+00
2026 07 23 19 54 00 000 -1.8203629E+01 -9.7466921E+00 -6.4137373E+00
2026 07 23 19 54 30 000 -1.8207461E+01 -9.7495941E+00 -6.4149080E+00
2026 07 23 19 55 00 000 -1.8211291E+01 -9.7524990E+00 -6.4160732E+00
2026 07 23 19 55 30 000 -1.8215119E+01 -9.7554070E+00 -6.4172330E+00
2026 07 23 19 56 00 000 -1.8218943E+01 -9.7583179E+00 -6.4183872E+00
2026 07 23 19 56 30 000 -1.8222766E+01 -9.7612319E+00 -6.4195359E+00
2026 07 23 19 57 00 000 -1.8226586E+01 -9.7641489E+00 -6.4206790E+00
2026 07 23 19 57 30 000 -1.8230404E+01 -9.7670689E+00 -6.4218165E+00
2026 07 23 19 58 00 000 -1.8234219E+01 -9.7699920E+00 -6.4229484E+00
2026 07 23 19 58 30 000 -1.8238031E+01 -9.7729181E+00 -6.4240747E+00
2026 07 23 19 59 00 000 -1.8241842E+01 -9.7758472E+00 -6.4251954E+00
2026 07 23 19 59 30 000 -1.8245650E+01 -9.7787795E+00 -6.4263104E+00
2026 07 23 20 00 00 000 -1.8249455E+01 -9.7817147E+00 -6.4274198E+00
2026 07 23 20 00 30 000 -1.8253258E+01 -9.7846531E+00 -6.4285235E+00
2026 07 23 20 01 00 000 -1.8257058E+01 -9.7875946E+00 -6.4296215E+00
2026 07 23 20 01 30 000 -1.8260857E+01 -9.7905392E+00 -6.4307138E+00
2026 07 23 20 02 00 000 -1.8264652E+01 -9.7934869E+00 -6.4318004E+00
2026 07 23 20 02 30 000 -1.8268446E+01 -9.7964377E+00 -6.4328812E+00
2026 07 23 20 03 00 000 -1.8272236E+01 -9.7993917E+00 -6.4339562E+00
2026 07 23 20 03 30 000 -1.8276025E+01 -9.8023488E+00 -6.4350255E+00
2026 07 23 20 04 00 000 -1.8279811E+01 -9.8053090E+00 -6.4360890E+00
2026 07 23 20 04 30 000 -1.8283594E+01 -9.8082724E+00 -6.4371466E+00
2026 07 23 20 05 00 000 -1.8287376E+01 -9.8112390E+00 -6.4381985E+00
2026 07 23 20 05 30 000 -1.8291154E+01 -9.8142088E+00 -6.4392445E+00
2026 07 23 20 06 00 000 -1.8294931E+01 -9.8171817E+00 -6.4402846E+00
2026 07 23 20 06 30 000 -1.8298705E+01 -9.8201579E+00 -6.4413189E+00
2026 07 23 20 07 00 000 -1.8302476E+01 -9.8231372E+00 -6.4423472E+00
2026 07 23 20 07 30 000 -1.8306245E+01 -9.8261198E+00 -6.4433697E+00
2026 07 23 20 08 00 000 -1.8310012E+01 -9.8291055E+00 -6.4443862E+00
2026 07 23 20 08 30 000 -1.8313776E+01 -9.8320946E+00 -6.4453968E+00
2026 07 23 20 09 00 000 -1.8317538E+01 -9.8350868E+00 -6.4464014E+00
2026 07 23 20 09 30 000 -1.8321297E+01 -9.8380823E+00 -6.4474001E+00
2026 07 23 20 10 00 000 -1.8325054E+01 -9.8410810E+00 -6.4483927E+00
2026 07 23 20 10 30 000 -1.8328809E+01 -9.8440831E+00 -6.4493794E+00
2026 07 23 20 11 00 000 -1.8332561E+01 -9.8470883E+00 -6.4503600E+00
2026 07 23 20 11 30 000 -1.8336311E+01 -9.8500969E+00 -6.4513346E+00
2026 07 23 20 12 00 000 -1.8340058E+01 -9.8531088E+00 -6.4523032E+00
2026 07 23 20 12 30 000 -1.8343803E+01 -9.8561239E+00 -6.4532657E+00
2026 07 23 20 13 00 000 -1.8347546E+01 -9.8591424E+00 -6.4542220E+00
2026 07 23 20 13 30 000 -1.8351286E+01 -9.8621642E+00 -6.4551723E+00
2026 07 23 20 14 00 000 -1.8355024E+01 -9.8651893E+00 -6.4561165E+00
2026 07 23 20 14 30 000 -1.8358759E+01 -9.8682178E+00 -6.4570545E+00
2026 07 23 20 15 00 000 -1.8362492E+01 -9.8712495E+00 -6.4579864E+00
2026 07 23 20 15 30 000 -1.8366223E+01 -9.8742847E+00 -6.4589121E+00
2026 07 23 20 16 00 000 -1.8369951E+01 -9.8773232E+00 -6.4598317E+00
2026 07 23 20 16 30 000 -1.8373677E+01 -9.8803650E+00 -6.4607450E+00
2026 07 23 20 17 00 000 -1.8377400E+01 -9.8834103E+00 -6.4616522E+00
2026 07 23 20 17 30 000 -1.8381122E+01 -9.8864589E+00 -6.4625531E+00
2026 07 23 20 18 00 000 -1.8384840E+01 -9.8895109E+00 -6.4634477E+00
2026 07 23 20 18 30 000 -1.8388556E+01 -9.8925663E+00 -6.4643361E+00
2026 07 23 20 19 00 000 -1.8392270E+01 -9.8956251E+00 -6.4652183E+00
2026 07 23 20 19 30 000 -1.8395982E+01 -9.8986873E+00 -6.4660941E+00
2026 07 23 20 20 00 000 -1.8399691E+01 -9.9017529E+00 -6.4669637E+00
2026 07 23 20 20 30 000 -1.8403398E+01 -9.9048220E+00 -6.4678269E+00
2026 07 23 20 21 00 000 -1.8407102E+01 -9.9078945E+00 -6.4686838E+00
2026 07 23 20 21 30 000 -1.8410804E+01 -9.9109704E+00 -6.4695343E+00
2026 07 23 20 22 00 000 -1.8414503E+01 -9.9140499E+00 -6.4703785E+00
2026 07 23 20 22 30 000 -1.8418201E+01 -9.9171327E+00 -6.4712162E+00
2026 07 23 20 23 00 000 -1.8421895E+01 -9.9202190E+00 -6.4720476E+00
2026 07 23 20 23 30 000 -1.8425588E+01 -9.9233088E+00 -6.4728726E+00
2026 07 23 20 24 00 000 -1.8429278E+01 -9.9264021E+00 -6.4736912E+00
2026 07 23 20 24 30 000 -1.8432965E+01 -9.9294989E+00 -6.4745033E+00
2026 07 23 20 25 00 000 -1.8436651E+01 -9.9325992E+00 -6.4753089E+00
2026 07 23 20 25 30 000 -1.8440334E+01 -9.9357029E+00 -6.4761081E+00
2026 07 23 20 26 00 000 -1.8444014E+01 -9.9388102E+00 -6.4769008E+00
2026 07 23 20 26 30 000 -1.8447692E+01 -9.9419210E+00 -6.4776870E+00
2026 07 23 20 27 00 000 -1.8451368E+01 -9.9450353E+00 -6.4784667E+00
2026 07 23 20 27 30 000 -1.8455042E+01 -9.9481532E+00 -6.4792398E+00
2026 07 23 20 28 00 000 -1.8458713E+01 -9.9512746E+00 -6.4800064E+00
2026 07 23 20 28 30 000 -1.8462381E+01 -9.9543996E+00 -6.4807665E+00
2026 07 23 20 29 00 000 -1.8466048E+01 -9.9575281E+00 -6.4815199E+00
2026 07 23 20 29 30 000 -1.8469712E+01 -9.9606601E+00 -6.4822668E+00
2026 07 23 20 30 00 000 -1.8473373E+01 -9.9637958E+00 -6.4830071E+00
2026 07 23 20 30 30 000 -1.8477032E+01 -9.9669350E+00 -6.4837408E+00
2026 07 23 20 31 00 000 -1.8480689E+01 -9.9700778E+00 -6.4844678E+00
2026 07 23 20 31 30 000 -1.8484344E+01 -9.9732242E+00 -6.4851881E+00
2026 07 23 20 32 00 000 -1.8487996E+01 -9.9763741E+00 -6.4859019E+00
2026 07 23 20 32 30 000 -1.8491646E+01 -9.9795277E+00 -6.4866089E+00
2026 07 23 20 33 00 000 -1.8495293E+01 -9.9826849E+00 -6.4873092E+00
2026 07 23 20 33 30 000 -1.8498938E+01 -9.9858457E+00 -6.4880029E+00
2026 07 23 20 34 00 000 -1.8502581E+01 -9.9890102E+00 -6.4886898E+00
2026 07 23 20 34 30 000 -1.8506221E+01 -9.9921782E+00 -6.4893699E+00
2026 07 23 20 35 00 000 -1.8509859E+01 -9.9953499E+00 -6.4900434E+00
2026 07 23 20 35 30 000 -1.8513495E+01 -9.9985253E+00 -6.4907100E+00
2026 07 23 20 36 00 000 -1.8517128E+01 -1.0001704E+01 -6.4913699E+00
2026 07 23 20 36 30 000 -1.8520759E+01 -1.0004887E+01 -6.4920230E+00
2026 07 23 20 37 00 000 -1.8524388E+01 -1.0008073E+01 -6.4926693E+00
2026 07 23 20 37 30 000 -1.8528014E+01 -1.0011263E+01 -6.4933087E+00
2026 07 23 20 38 00 000 -1.8531638E+01 -1.0014457E+01 -6.4939414E+00
2026 07 23 20 38 30 000 -1.8535259E+01 -1.0017654E+01 -6.4945671E+00
2026 07 23 20 39 00 000 -1.8538879E+01 -1.0020855E+01 -6.4951861E+00
2026 07 23 20 39 30 000 -1.8542495E+01 -1.0024060E+01 -6.4957981E+00
2026 07 23 20 40 00 000 -1.8546110E+01 -1.0027268E+01 -6.4964032E+00
2026 07 23 20 40 30 000 -1.8549722E+01 -1.0030480E+01 -6.4970014E+00
2026 07 23 20 41 00 000 -1.8553332E+01 -1.0033696E+01 -6.4975927E+00
2026 07 23 20 41 30 000 -1.8556939E+01 -1.0036916E+01 -6.4981771E+00
2026 07 23 20 42 00 000 -1.8560545E+01 -1.0040139E+01 -6.4987545E+00
2026 07 23 20 42 30 000 -1.8564147E+01 -1.0043366E+01 -6.4993250E+00
2026 07 23 20 43 00 000 -1.8567748E+01 -1.0046597E+01 -6.4998885E+00
2026 07 23 20 43 30 000 -1.8571346E+01 -1.0049831E+01 -6.5004450E+00
2026 07 23 20 44 00 000 -1.8574942E+01 -1.0053069E+01 -6.5009945E+00
2026 07 23 20 44 30 000 -1.8578535E+01 -1.0056311E+01 -6.5015370E+00
2026 07 23 20 45 00 000 -1.8582126E+01 -1.0059557E+01 -6.5020724E+00
2026 07 23 20 45 30 000 -1.8585715E+01 -1.0062807E+01 -6.5026008E+00
2026 07 23 20 46 00 000 -1.8589302E+01 -1.0066060E+01 -6.5031222E+00
2026 07 23 20 46 30 000 -1.8592886E+01 -1.0069317E+01 -6.5036364E+00
2026 07 23 20 47 00 000 -1.8596468E+01 -1.0072578E+01 -6.5041436E+00
2026 07 23 20 47 30 000 -1.8600047E+01 -1.0075842E+01 -6.5046437E+00
2026 07 23 20 48 00 000 -1.8603624E+01 -1.0079111E+01 -6.5051367E+00
2026 07 23 20 48 30 000 -1.8607199E+01 -1.0082383E+01 -6.5056225E+00
2026 07 23 20 49 00 000 -1.8610772E+01 -1.0085659E+01 -6.5061012E+00
2026 07 23 20 49 30 000 -1.8614342E+01 -1.0088938E+01 -6.5065728E+00
2026 07 23 20 50 00 000 -1.8617910E+01 -1.0092222E+01 -6.5070372E+00
2026 07 23 20 50 30 000 -1.8621475E+01 -1.0095509E+01 -6.5074944E+00
2026 07 23 20 51 00 000 -1.8625038E+01 -1.0098801E+01 -6.5079444E+00
2026 07 23 20 51 30 000 -1.8628599E+01 -1.0102096E+01 -6.5083872E+00
2026 07 23 20 52 00 000 -1.8632158E+01 -1.0105395E+01 -6.5088228E+00
2026 07 23 20 52 30 000 -1.8635714E+01 -1.0108697E+01 -6.5092511E+00
2026 07 23 20 53 00 000 -1.8639268E+01 -1.0112004E+01 -6.5096722E+00
2026 07 23 20 53 30 000 -1.8642820E+01 -1.0115314E+01 -6.5100861E+00
2026 07 23 20 54 00 000 -1.8646369E+01 -1.0118629E+01 -6.5104927E+00
2026 07 23 20 54 30 000 -1.8649916E+01 -1.0121947E+01 -6.5108920E+00
2026 07 23 20 55 00 000 -1.8653461E+01 -1.0125269E+01 -6.5112840E+00
2026 07 23 20 55 30 000 -1.8657003E+01 -1.0128595E+01 -6.5116686E+00
2026 07 23 20 56 00 000 -1.8660543E+01 -1.0131924E+01 -6.5120460E+00
2026 07 23 20 56 30 000 -1.8664081E+01 -1.0135258E+01 -6.5124160E+00
2026 07 23 20 57 00 000 -1.8667616E+01 -1.0138595E+01 -6.5127787E+00
2026 07 23 20 57 30 000 -1.8671149E+01 -1.0141937E+01 -6.5131340E+00
2026 07 23 20 58 00 000 -1.8674680E+01 -1.0145282E+01 -6.5134819E+00
2026 07 23 20 58 30 000 -1.8678209E+01 -1.0148631E+01 -6.5138224E+00
2026 07 23 20 59 00 000 -1.8681735E+01 -1.0151984E+01 -6.5141556E+00
2026 07 23 20 59 30 000 -1.8685259E+01 -1.0155341E+01 -6.5144813E+00
2026 07 23 21 00 00 000 -1.8688780E+01 -1.0158702E+01 -6.5147996E+00
2026 07 23 21 00 30 000 -1.8692300E+01 -1.0162067E+01 -6.5151104E+00
2026 07 23 21 01 00 000 -1.8695817E+01 -1.0165435E+01 -6.5154138E+00
2026 07 23 21 01 30 000 -1.8699331E+01 -1.0168808E+01 -6.5157098E+00
2026 07 23 21 02 00 000 -1.8702844E+01 -1.0172184E+01 -6.5159982E+00
2026 07 23 21 02 30 000 -1.8706354E+01 -1.0175565E+01 -6.5162792E+00
2026 07 23 21 03 00 000 -1.8709862E+01 -1.0178949E+01 -6.5165527E+00
2026 07 23 21 03 30 000 -1.8713367E+01 -1.0182338E+01 -6.5168186E+00
2026 07 23 21 04 00 000 -1.8716870E+01 -1.0185730E+01 -6.5170770E+00
2026 07 23 21 04 30 000 -1.8720371E+01 -1.0189126E+01 -6.5173279E+00
2026 07 23 21 05 00 000 -1.8723870E+01 -1.0192526E+01 -6.5175713E+00
2026 07 23 21 05 30 000 -1.8727366E+01 -1.0195930E+01 -6.5178070E+00
2026 07 23 21 06 00 000 -1.8730860E+01 -1.0199338E+01 -6.5180352E+00
2026 07 23 21 06 30 000 -1.8734352E+01 -1.0202750E+01 -6.5182558E+00
2026 07 23 21 07 00 000 -1.8737842E+01 -1.0206166E+01 -6.5184688E+00
2026 07 23 21 07 30 000 -1.8741329E+01 -1.0209586E+01 -6.5186742E+00
2026 07 23 21 08 00 000 -1.8744814E+01 -1.0213010E+01 -6.5188719E+00
2026 07 23 21 08 30 000 -1.8748296E+01 -1.0216438E+01 -6.5190621E+00
2026 07 23 21 09 00 000 -1.8751777E+01 -1.0219870E+01 -6.5192445E+00
2026 07 23 21 09 30 000 -1.8755255E+01 -1.0223305E+01 -6.5194193E+00
2026 07 23 21 10 00 000 -1.8758730E+01 -1.0226745E+01 -6.5195865E+00
2026 07 23 21 10 30 000 -1.8762204E+01 -1.0230189E+01 -6.5197459E+00
2026 07 23 21 11 00 000 -1.8765675E+01 -1.0233637E+01 -6.5198976E+00
2026 07 23 21 11 30 000 -1.8769144E+01 -1.0237089E+01 -6.5200417E+00
2026 07 23 21 12 00 000 -1.8772611E+01 -1.0240544E+01 -6.5201780E+00
2026 07 23 21 12 30 000 -1.8776075E+01 -1.0244004E+01 -6.5203065E+00
2026 07 23 21 13 00 000 -1.8779537E+01 -1.0247468E+01 -6.5204274E+00
2026 07 23 21 13 30 000 -1.8782997E+01 -1.0250936E+01 -6.5205404E+00
2026 07 23 21 14 00 000 -1.8786454E+01 -1.0254407E+01 -6.5206457E+00
2026 07 23 21 14 30 000 -1.8789910E+01 -1.0257883E+01 -6.5207432E+00
2026 07 23 21 15 00 000 -1.8793363E+01 -1.0261363E+01 -6.5208329E+00
2026 07 23 21 15 30 000 -1.8796813E+01 -1.0264847E+01 -6.5209148E+00
2026 07 23 21 16 00 000 -1.8800262E+01 -1.0268335E+01 -6.5209889E+00
2026 07 23 21 16 30 000 -1.8803708E+01 -1.0271826E+01 -6.5210552E+00
2026 07 23 21 17 00 000 -1.8807152E+01 -1.0275322E+01 -6.5211136E+00
2026 07 23 21 17 30 000 -1.8810593E+01 -1.0278822E+01 -6.5211642E+00
2026 07 23 21 18 00 000 -1.8814033E+01 -1.0282326E+01 -6.5212069E+00
2026 07 23 21 18 30 000 -1.8817470E+01 -1.0285834E+01 -6.5212417E+00
2026 07 23 21 19 00 000 -1.8820905E+01 -1.0289346E+01 -6.5212686E+00
2026 07 23 21 19 30 000 -1.8824337E+01 -1.0292862E+01 -6.5212877E+00
2026 07 23 21 20 00 000 -1.8827767E+01 -1.0296382E+01 -6.5212988E+00
2026 07 23 21 20 30 000 -1.8831195E+01 -1.0299906E+01 -6.5213020E+00
2026 07 23 21 21 00 000 -1.8834621E+01 -1.0303435E+01 -6.5212973E+00
2026 07 23 21 21 30 000 -1.8838045E+01 -1.0306967E+01 -6.5212847E+00
2026 07 23 21 22 00 000 -1.8841466E+01 -1.0310503E+01 -6.5212640E+00
2026 07 23 21 22 30 000 -1.8844885E+01 -1.0314043E+01 -6.5212355E+00
2026 07 23 21 23 00 000 -1.8848302E+01 -1.0317588E+01 -6.5211989E+00
2026 07 23 21 23 30 000 -1.8851716E+01 -1.0321136E+01 -6.5211544E+00
2026 07 23 21 24 00 000 -1.8855128E+01 -1.0324689E+01 -6.5211018E+00
2026 07 23 21 24 30 000 -1.8858538E+01 -1.0328245E+01 -6.5210413E+00
2026 07 23 21 25 00 000 -1.8861946E+01 -1.0331806E+01 -6.5209727E+00
2026 07 23 21 25 30 000 -1.8865351E+01 -1.0335370E+01 -6.5208961E+00
2026 07 23 21 26 00 000 -1.8868755E+01 -1.0338939E+01 -6.5208114E+00
2026 07 23 21 26 30 000 -1.8872156E+01 -1.0342512E+01 -6.5207187E+00
2026 07 23 21 27 00 000 -1.8875554E+01 -1.0346089E+01 -6.5206179E+00
2026 07 23 21 27 30 000 -1.8878951E+01 -1.0349670E+01 -6.5205091E+00
2026 07 23 21 28 00 000 -1.8882345E+01 -1.0353255E+01 -6.5203921E+00
2026 07 23 21 28 30 000 -1.8885737E+01 -1.0356844E+01 -6.5202671E+00
2026 07 23 21 29 00 000 -1.8889127E+01 -1.0360437E+01 -6.5201339E+00
2026 07 23 21 29 30 000 -1.8892514E+01 -1.0364034E+01 -6.5199927E+00
2026 07 23 21 30 00 000 -1.8895899E+01 -1.0367636E+01 -6.5198433E+00
2026 07 23 21 30 30 000 -1.8899282E+01 -1.0371241E+01 -6.5196857E+00
2026 07 23 21 31 00 000 -1.8902663E+01 -1.0374850E+01 -6.5195200E+00
2026 07 23 21 31 30 000 -1.8906041E+01 -1.0378464E+01 -6.5193462E+00
2026 07 23 21 32 00 000 -1.8909418E+01 -1.0382082E+01 -6.5191641E+00
2026 07 23 21 32 30 000 -1.8912792E+01 -1.0385703E+01 -6.5189739E+00
2026 07 23 21 33 00 000 -1.8916163E+01 -1.0389329E+01 -6.5187755E+00
2026 07 23 21 33 30 000 -1.8919533E+01 -1.0392959E+01 -6.5185689E+00
2026 07 23 21 34 00 000 -1.8922900E+01 -1.0396593E+01 -6.5183540E+00
2026 07 23 21 34 30 000 -1.8926265E+01 -1.0400231E+01 -6.5181310E+00
2026 07 23 21 35 00 000 -1.8929628E+01 -1.0403873E+01 -6.5178997E+00
2026 07 23 21 35 30 000 -1.8932989E+01 -1.0407520E+01 -6.5176601E+00
2026 07 23 21 36 00 000 -1.8936347E+01 -1.0411170E+01 -6.5174123E+00
2026 07 23 21 36 30 000 -1.8939703E+01 -1.0414825E+01 -6.5171563E+00
2026 07 23 21 37 00 000 -1.8943057E+01 -1.0418483E+01 -6.5168919E+00
2026 07 23 21 37 30 000 -1.8946409E+01 -1.0422146E+01 -6.5166193E+00
2026 07 23 21 38 00 000 -1.8949758E+01 -1.0425813E+01 -6.5163383E+00
2026 07 23 21 38 30 000 -1.8953105E+01 -1.0429483E+01 -6.5160491E+00
2026 07 23 21 39 00 000 -1.8956450E+01 -1.0433158E+01 -6.5157515E+00
2026 07 23 21 39 30 000 -1.8959793E+01 -1.0436837E+01 -6.5154456E+00
2026 07 23 21 40 00 000 -1.8963133E+01 -1.0440521E+01 -6.5151314E+00
2026 07 23 21 40 30 000 -1.8966472E+01 -1.0444208E+01 -6.5148088E+00
2026 07 23 21 41 00 000 -1.8969808E+01 -1.0447899E+01 -6.5144778E+00
2026 07 23 21 41 30 000 -1.8973142E+01 -1.0451595E+01 -6.5141385E+00
2026 07 23 21 42 00 000 -1.8976473E+01 -1.0455294E+01 -6.5137908E+00
2026 07 23 21 42 30 000 -1.8979803E+01 -1.0458998E+01 -6.5134347E+00
2026 07 23 21 43 00 000 -1.8983130E+01 -1.0462706E+01 -6.5130702E+00
2026 07 23 21 43 30 000 -1.8986455E+01 -1.0466417E+01 -6.5126973E+00
2026 07 23 21 44 00 000 -1.8989777E+01 -1.0470133E+01 -6.5123160E+00
2026 07 23 21 44 30 000 -1.8993098E+01 -1.0473853E+01 -6.5119262E+00
2026 07 23 21 45 00 000 -1.8996416E+01 -1.0477578E+01 -6.5115280E+00
2026 07 23 21 45 30 000 -1.8999732E+01 -1.0481306E+01 -6.5111214E+00
2026 07 23 21 46 00 000 -1.9003046E+01 -1.0485038E+01 -6.5107063E+00
2026 07 23 21 46 30 000 -1.9006358E+01 -1.0488775E+01 -6.5102827E+00
2026 07 23 21 47 00 000 -1.9009667E+01 -1.0492515E+01 -6.5098507E+00
2026 07 23 21 47 30 000 -1.9012974E+01 -1.0496260E+01 -6.5094101E+00
2026 07 23 21 48 00 000 -1.9016279E+01 -1.0500009E+01 -6.5089611E+00
2026 07 23 21 48 30 000 -1.9019582E+01 -1.0503762E+01 -6.5085036E+00
2026 07 23 21 49 00 000 -1.9022883E+01 -1.0507519E+01 -6.5080375E+00
2026 07 23 21 49 30 000 -1.9026181E+01 -1.0511280E+01 -6.5075629E+00
2026 07 23 21 50 00 000 -1.9029477E+01 -1.0515045E+01 -6.5070798E+00
2026 07 23 21 50 30 000 -1.9032771E+01 -1.0518814E+01 -6.5065881E+00
2026 07 23 21 51 00 000 -1.9036063E+01 -1.0522588E+01 -6.5060879E+00
2026 07 23 21 51 30 000 -1.9039353E+01 -1.0526365E+01 -6.5055791E+00
2026 07 23 21 52 00 000 -1.9042640E+01 -1.0530147E+01 -6.5050617E+00
2026 07 23 21 52 30 000 -1.9045925E+01 -1.0533933E+01 -6.5045358E+00
2026 07 23 21 53 00 000 -1.9049208E+01 -1.0537722E+01 -6.5040012E+00
2026 07 23 21 53 30 000 -1.9052489E+01 -1.0541516E+01 -6.5034581E+00
2026 07 23 21 54 00 000 -1.9055767E+01 -1.0545314E+01 -6.5029063E+00
2026 07 23 21 54 30 000 -1.9059044E+01 -1.0549116E+01 -6.5023460E+00
2026 07 23 21 55 00 000 -1.9062318E+01 -1.0552923E+01 -6.5017770E+00
2026 07 23 21 55 30 000 -1.9065590E+01 -1.0556733E+01 -6.5011993E+00
2026 07 23 21 56 00 000 -1.9068860E+01 -1.0560547E+01 -6.5006130E+00
2026 07 23 21 56 30 000 -1.9072127E+01 -1.0564366E+01 -6.5000181E+00
2026 07 23 21 57 00 000 -1.9075392E+01 -1.0568188E+01 -6.4994145E+00
2026 07 23 21 57 30 000 -1.9078656E+01 -1.0572015E+01 -6.4988022E+00
2026 07 23 21 58 00 000 -1.9081917E+01 -1.0575846E+01 -6.4981812E+00
2026 07 23 21 58 30 000 -1.9085175E+01 -1.0579681E+01 -6.4975515E+00
2026 07 23 21 59 00 000 -1.9088432E+01 -1.0583519E+01 -6.4969132E+00
2026 07 23 21 59 30 000 -1.9091686E+01 -1.0587362E+01 -6.4962661E+00
2026 07 23 22 00 00 000 -1.9094938E+01 -1.0591210E+01 -6.4956103E+00
2026 07 23 22 00 30 000 -1.9098188E+01 -1.0595061E+01 -6.4949457E+00
2026 07 23 22 01 00 000 -1.9101436E+01 -1.0598916E+01 -6.4942725E+00
2026 07 23 22 01 30 000 -1.9104682E+01 -1.0602775E+01 -6.4935905E+00
2026 07 23 22 02 00 000 -1.9107925E+01 -1.0606639E+01 -6.4928997E+00
2026 07 23 22 02 30 000 -1.9111167E+01 -1.0610506E+01 -6.4922001E+00
2026 07 23 22 03 00 000 -1.9114406E+01 -1.0614378E+01 -6.4914918E+00
2026 07 23 22 03 30 000 -1.9117643E+01 -1.0618254E+01 -6.4907747E+00
2026 07 23 22 04 00 000 -1.9120877E+01 -1.0622133E+01 -6.4900489E+00
2026 07 23 22 04 30 000 -1.9124110E+01 -1.0626017E+01 -6.4893142E+00
2026 07 23 22 05 00 000 -1.9127340E+01 -1.0629905E+01 -6.4885707E+00
2026 07 23 22 05 30 000 -1.9130568E+01 -1.0633797E+01 -6.4878184E+00
2026 07 23 22 06 00 000 -1.9133794E+01 -1.0637693E+01 -6.4870573E+00
2026 07 23 22 06 30 000 -1.9137018E+01 -1.0641593E+01 -6.4862873E+00
2026 07 23 22 07 00 000 -1.9140240E+01 -1.0645497E+01 -6.4855085E+00
2026 07 23 22 07 30 000 -1.9143459E+01 -1.0649405E+01 -6.4847208E+00
2026 07 23 22 08 00 000 -1.9146676E+01 -1.0653318E+01 -6.4839243E+00
2026 07 23 22 08 30 000 -1.9149892E+01 -1.0657234E+01 -6.4831190E+00
2026 07 23 22 09 00 000 -1.9153104E+01 -1.0661154E+01 -6.4823047E+00
2026 07 23 22 09 30 000 -1.9156315E+01 -1.0665079E+01 -6.4814816E+00
2026 07 23 22 10 00 000 -1.9159524E+01 -1.0669007E+01 -6.4806495E+00
2026 07 23 22 10 30 000 -1.9162730E+01 -1.0672940E+01 -6.4798086E+00
2026 07 23 22 11 00 000 -1.9165934E+01 -1.0676876E+01 -6.4789588E+00
2026 07 23 22 11 30 000 -1.9169136E+01 -1.0680817E+01 -6.4781000E+00
2026 07 23 22 12 00 000 -1.9172336E+01 -1.0684762E+01 -6.4772323E+00
2026 07 23 22 12 30 000 -1.9175534E+01 -1.0688710E+01 -6.4763557E+00
2026 07 23 22 13 00 000 -1.9178730E+01 -1.0692663E+01 -6.4754702E+00
2026 07 23 22 13 30 000 -1.9181923E+01 -1.0696620E+01 -6.4745757E+00
2026 07 23 22 14 00 000 -1.9185114E+01 -1.0700581E+01 -6.4736722E+00
2026 07 23 22 14 30 000 -1.9188303E+01 -1.0704545E+01 -6.4727598E+00
2026 07 23 22 15 00 000 -1.9191490E+01 -1.0708514E+01 -6.4718384E+00
2026 07 23 22 15 30 000 -1.9194675E+01 -1.0712487E+01 -6.4709080E+00
2026 07 23 22 16 00 000 -1.9197857E+01 -1.0716464E+01 -6.4699687E+00
2026 07 23 22 16 30 000 -1.9201038E+01 -1.0720445E+01 -6.4690203E+00
2026 07 23 22 17 00 000 -1.9204216E+01 -1.0724430E+01 -6.4680629E+00
2026 07 23 22 17 30 000 -1.9207392E+01 -1.0728419E+01 -6.4670966E+00
2026 07 23 22 18 00 000 -1.9210566E+01 -1.0732412E+01 -6.4661212E+00
2026 07 23 22 18 30 000 -1.9213738E+01 -1.0736409E+01 -6.4651367E+00
2026 07 23 22 19 00 000 -1.9216907E+01 -1.0740410E+01 -6.4641433E+00
2026 07 23 22 19 30 000 -1.9220075E+01 -1.0744415E+01 -6.4631408E+00
2026 07 23 22 20 00 000 -1.9223240E+01 -1.0748424E+01 -6.4621292E+00
2026 07 23 22 20 30 000 -1.9226403E+01 -1.0752437E+01 -6.4611086E+00
2026 07 23 22 21 00 000 -1.9229564E+01 -1.0756454E+01 -6.4600790E+00
2026 07 23 22 21 30 000 -1.9232723E+01 -1.0760474E+01 -6.4590402E+00
2026 07 23 22 22 00 000 -1.9235880E+01 -1.0764499E+01 -6.4579924E+00
2026 07 23 22 22 30 000 -1.9239034E+01 -1.0768528E+01 -6.4569355E+00
2026 07 23 22 23 00 000 -1.9242187E+01 -1.0772561E+01 -6.4558694E+00
2026 07 23 22 23 30 000 -1.9245337E+01 -1.0776598E+01 -6.4547943E+00
2026 07 23 22 24 00 000 -1.9248485E+01 -1.0780639E+01 -6.4537101E+00
2026 07 23 22 24 30 000 -1.9251631E+01 -1.0784684E+01 -6.4526168E+00
2026 07 23 22 25 00 000 -1.9254775E+01 -1.0788733E+01 -6.4515143E+00
2026 07 23 22 25 30 000 -1.9257916E+01 -1.0792785E+01 -6.4504027E+00
2026 07 23 22 26 00 000 -1.9261056E+01 -1.0796842E+01 -6.4492819E+00
2026 07 23 22 26 30 000 -1.9264193E+01 -1.0800903E+01 -6.4481521E+00
2026 07 23 22 27 00 000 -1.9267328E+01 -1.0804967E+01 -6.4470130E+00
2026 07 23 22 27 30 000 -1.9270461E+01 -1.0809036E+01 -6.4458648E+00
2026 07 23 22 28 00 000 -1.9273592E+01 -1.0813108E+01 -6.4447074E+00
2026 07 23 22 28 30 000 -1.9276721E+01 -1.0817185E+01 -6.4435409E+00
2026 07 23 22 29 00 000 -1.9279848E+01 -1.0821265E+01 -6.4423652E+00
2026 07 23 22 29 30 000 -1.9282972E+01 -1.0825349E+01 -6.4411802E+00
2026 07 23 22 30 00 000 -1.9286095E+01 -1.0829438E+01 -6.4399861E+00
2026 07 23 22 30 30 000 -1.9289215E+01 -1.0833530E+01 -6.4387828E+00
2026 07 23 22 31 00 000 -1.9292333E+01 -1.0837626E+01 -6.4375703E+00
2026 07 23 22 31 30 000 -1.9295449E+01 -1.0841726E+01 -6.4363485E+00
2026 07 23 22 32 00 000 -1.9298563E+01 -1.0845830E+01 -6.4351175E+00
2026 07 23 22 32 30 000 -1.9301674E+01 -1.0849937E+01 -6.4338773E+00
2026 07 23 22 33 00 000 -1.9304784E+01 -1.0854049E+01 -6.4326279E+00
2026 07 23 22 33 30 000 -1.9307891E+01 -1.0858165E+01 -6.4313692E+00
2026 07 23 22 34 00 000 -1.9310997E+01 -1.0862284E+01 -6.4301013E+00
2026 07 23 22 34 30 000 -1.9314100E+01 -1.0866408E+01 -6.4288241E+00
2026 07 23 22 35 00 000 -1.9317201E+01 -1.0870535E+01 -6.4275376E+00
2026 07 23 22 35 30 000 -1.9320300E+01 -1.0874666E+01 -6.4262419E+00
2026 07 23 22 36 00 000 -1.9323396E+01 -1.0878801E+01 -6.4249368E+00
2026 07 23 22 36 30 000 -1.9326491E+01 -1.0882940E+01 -6.4236225E+00
2026 07 23 22 37 00 000 -1.9329583E+01 -1.0887083E+01 -6.4222989E+00
2026 07 23 22 37 30 000 -1.9332674E+01 -1.0891229E+01 -6.4209660E+00
2026 07 23 22 38 00 000 -1.9335762E+01 -1.0895380E+01 -6.4196238E+00
2026 07 23 22 38 30 000 -1.9338848E+01 -1.0899534E+01 -6.4182723E+00
2026 07 23 22 39 00 000 -1.9341932E+01 -1.0903693E+01 -6.4169115E+00
2026 07 23 22 39 30 000 -1.9345014E+01 -1.0907855E+01 -6.4155414E+00
2026 07 23 22 40 00 000 -1.9348094E+01 -1.0912020E+01 -6.4141619E+00
2026 07 23 22 40 30 000 -1.9351171E+01 -1.0916190E+01 -6.4127731E+00
2026 07 23 22 41 00 000 -1.9354247E+01 -1.0920364E+01 -6.4113749E+00
2026 07 23 22 41 30 000 -1.9357320E+01 -1.0924541E+01 -6.4099674E+00
2026 07 23 22 42 00 000 -1.9360391E+01 -1.0928722E+01 -6.4085505E+00
2026 07 23 22 42 30 000 -1.9363461E+01 -1.0932907E+01 -6.4071243E+00
2026 07 23 22 43 00 000 -1.9366528E+01 -1.0937096E+01 -6.4056887E+00
2026 07 23 22 43 30 000 -1.9369593E+01 -1.0941289E+01 -6.4042437E+00
2026 07 23 22 44 00 000 -1.9372655E+01 -1.0945485E+01 -6.4027894E+00
2026 07 23 22 44 30 000 -1.9375716E+01 -1.0949685E+01 -6.4013256E+00
2026 07 23 22 45 00 000 -1.9378775E+01 -1.0953889E+01 -6.3998525E+00
2026 07 23 22 45 30 000 -1.9381831E+01 -1.0958097E+01 -6.3983700E+00
2026 07 23 22 46 00 000 -1.9384885E+01 -1.0962309E+01 -6.3968780E+00
2026 07 23 22 46 30 000 -1.9387938E+01 -1.0966524E+01 -6.3953767E+00
2026 07 23 22 47 00 000 -1.9390988E+01 -1.0970743E+01 -6.3938659E+00
2026 07 23 22 47 30 000 -1.9394036E+01 -1.0974966E+01 -6.3923458E+00
2026 07 23 22 48 00 000 -1.9397082E+01 -1.0979193E+01 -6.3908161E+00
2026 07 23 22 48 30 000 -1.9400125E+01 -1.0983423E+01 -6.3892771E+00
2026 07 23 22 49 00 000 -1.9403167E+01 -1.0987657E+01 -6.3877286E+00
2026 07 23 22 49 30 000 -1.9406207E+01 -1.0991895E+01 -6.3861707E+00
2026 07 23 22 50 00 000 -1.9409244E+01 -1.0996137E+01 -6.3846033E+00
2026 07 23 22 50 30 000 -1.9412280E+01 -1.1000382E+01 -6.3830265E+00
2026 07 23 22 51 00 000 -1.9415313E+01 -1.1004631E+01 -6.3814402E+00
2026 07 23 22 51 30 000 -1.9418344E+01 -1.1008884E+01 -6.3798444E+00
2026 07 23 22 52 00 000 -1.9421373E+01 -1.1013141E+01 -6.3782391E+00
2026 07 23 22 52 30 000 -1.9424400E+01 -1.1017401E+01 -6.3766244E+00
2026 07 23 22 53 00 000 -1.9427425E+01 -1.1021665E+01 -6.3750002E+00
2026 07 23 22 53 30 000 -1.9430448E+01 -1.1025932E+01 -6.3733665E+00
2026 07 23 22 54 00 000 -1.9433468E+01 -1.1030204E+01 -6.3717233E+00
2026 07 23 22 54 30 000 -1.9436487E+01 -1.1034479E+01 -6.3700706E+00
2026 07 23 22 55 00 000 -1.9439503E+01 -1.1038757E+01 -6.3684084E+00
2026 07 23 22 55 30 000 -1.9442518E+01 -1.1043040E+01 -6.3667367E+00
2026 07 23 22 56 00 000 -1.9445530E+01 -1.1047326E+01 -6.3650554E+00
2026 07 23 22 56 30 000 -1.9448540E+01 -1.1051615E+01 -6.3633646E+00
2026 07 23 22 57 00 000 -1.9451548E+01 -1.1055909E+01 -6.3616643E+00
2026 07 23 22 57 30 000 -1.9454554E+01 -1.1060206E+01 -6.3599545E+00
2026 07 23 22 58 00 000 -1.9457558E+01 -1.1064506E+01 -6.3582351E+00
2026 07 23 22 58 30 000 -1.9460560E+01 -1.1068810E+01 -6.3565062E+00
2026 07 23 22 59 00 000 -1.9463559E+01 -1.1073118E+01 -6.3547677E+00
2026 07 23 22 59 30 000 -1.9466557E+01 -1.1077430E+01 -6.3530197E+00
2026 07 23 23 00 00 000 -1.9469552E+01 -1.1081745E+01 -6.3512621E+00
2026 07 23 23 00 30 000 -1.9472546E+01 -1.1086064E+01 -6.3494950E+00
2026 07 23 23 01 00 000 -1.9475537E+01 -1.1090386E+01 -6.3477183E+00
2026 07 23 23 01 30 000 -1.9478526E+01 -1.1094712E+01 -6.3459320E+00
2026 07 23 23 02 00 000 -1.9481513E+01 -1.1099041E+01 -6.3441361E+00
2026 07 23 23 02 30 000 -1.9484498E+01 -1.1103374E+01 -6.3423306E+00
2026 07 23 23 03 00 000 -1.9487481E+01 -1.1107711E+01 -6.3405156E+00
2026 07 23 23 03 30 000 -1.9490462E+01 -1.1112051E+01 -6.3386909E+00
2026 07 23 23 04 00 000 -1.9493441E+01 -1.1116395E+01 -6.3368567E+00
2026 07 23 23 04 30 000 -1.9496418E+01 -1.1120742E+01 -6.3350128E+00
2026 07 23 23 05 00 000 -1.9499392E+01 -1.1125093E+01 -6.3331594E+00
2026 07 23 23 05 30 000 -1.9502365E+01 -1.1129448E+01 -6.3312963E+00
2026 07 23 23 06 00 000 -1.9505335E+01 -1.1133805E+01 -6.3294236E+00
2026 07 23 23 06 30 000 -1.9508304E+01 -1.1138167E+01 -6.3275413E+00
2026 07 23 23 07 00 000 -1.9511270E+01 -1.1142532E+01 -6.3256493E+00
2026 07 23 23 07 30 000 -1.9514234E+01 -1.1146900E+01 -6.3237477E+00
2026 07 23 23 08 00 000 -1.9517197E+01 -1.1151272E+01 -6.3218365E+00
2026 07 23 23 08 30 000 -1.9520157E+01 -1.1155648E+01 -6.3199157E+00
2026 07 23 23 09 00 000 -1.9523115E+01 -1.1160027E+01 -6.3179852E+00
2026 07 23 23 09 30 000 -1.9526071E+01 -1.1164409E+01 -6.3160450E+00
2026 07 23 23 10 00 000 -1.9529024E+01 -1.1168795E+01 -6.3140952E+00
2026 07 23 23 10 30 000 -1.9531976E+01 -1.1173185E+01 -6.3121357E+00
2026 07 23 23 11 00 000 -1.9534926E+01 -1.1177578E+01 -6.3101666E+00
2026 07 23 23 11 30 000 -1.9537873E+01 -1.1181974E+01 -6.3081878E+00
2026 07 23 23 12 00 000 -1.9540819E+01 -1.1186374E+01 -6.3061993E+00
2026 07 23 23 12 30 000 -1.9543763E+01 -1.1190777E+01 -6.3042012E+00
2026 07 23 23 13 00 000 -1.9546704E+01 -1.1195184E+01 -6.3021933E+00
2026 07 23 23 13 30 000 -1.9549643E+01 -1.1199594E+01 -6.3001758E+00
2026 07 23 23 14 00 000 -1.9552581E+01 -1.1204008E+01 -6.2981486E+00
2026 07 23 23 14 30 000 -1.9555516E+01 -1.1208424E+01 -6.2961117E+00
2026 07 23 23 15 00 000 -1.9558449E+01 -1.1212845E+01 -6.2940651E+00
2026 07 23 23 15 30 000 -1.9561380E+01 -1.1217269E+01 -6.2920088E+00
2026 07 23 23 16 00 000 -1.9564309E+01 -1.1221696E+01 -6.2899427E+00
2026 07 23 23 16 30 000 -1.9567236E+01 -1.1226126E+01 -6.2878670E+00
2026 07 23 23 17 00 000 -1.9570161E+01 -1.1230560E+01 -6.2857816E+00
2026 07 23 23 17 30 000 -1.9573084E+01 -1.1234997E+01 -6.2836864E+00
2026 07 23 23 18 00 000 -1.9576004E+01 -1.1239438E+01 -6.2815815E+00
2026 07 23 23 18 30 000 -1.9578923E+01 -1.1243882E+01 -6.2794669E+00
2026 07 23 23 19 00 000 -1.9581840E+01 -1.1248329E+01 -6.2773426E+00
2026 07 23 23 19 30 000 -1.9584754E+01 -1.1252780E+01 -6.2752085E+00
2026 07 23 23 20 00 000 -1.9587667E+01 -1.1257234E+01 -6.2730647E+00
2026 07 23 23 20 30 000 -1.9590577E+01 -1.1261691E+01 -6.2709112E+00
2026 07 23 23 21 00 000 -1.9593485E+01 -1.1266151E+01 -6.2687479E+00
2026 07 23 23 21 30 000 -1.9596392E+01 -1.1270615E+01 -6.2665748E+00
2026 07 23 23 22 00 000 -1.9599296E+01 -1.1275083E+01 -6.2643920E+00
2026 07 23 23 22 30 000 -1.9602198E+01 -1.1279553E+01 -6.2621995E+00
2026 07 23 23 23 00 000 -1.9605098E+01 -1.1284027E+01 -6.2599972E+00
2026 07 23 23 23 30 000 -1.9607997E+01 -1.1288504E+01 -6.2577851E+00
2026 07 23 23 24 00 000 -1.9610893E+01 -1.1292984E+01 -6.2555633E+00
2026 07 23 23 24 30 000 -1.9613787E+01 -1.1297467E+01 -6.2533317E+00
2026 07 23 23 25 00 000 -1.9616679E+01 -1.1301954E+01 -6.2510903E+00
2026 07 23 23 25 30 000 -1.9619568E+01 -1.1306444E+01 -6.2488391E+00
2026 07 23 23 26 00 000 -1.9622456E+01 -1.1310937E+01 -6.2465782E+00
2026 07 23 23 26 30 000 -1.9625342E+01 -1.1315434E+01 -6.2443074E+00
2026 07 23 23 27 00 000 -1.9628226E+01 -1.1319933E+01 -6.2420269E+00
2026 07 23 23 27 30 000 -1.9631107E+01 -1.1324436E+01 -6.2397366E+00
2026 07 23 23 28 00 000 -1.9633987E+01 -1.1328942E+01 -6.2374365E+00
2026 07 23 23 28 30 000 -1.9636865E+01 -1.1333452E+01 -6.2351266E+00
2026 07 23 23 29 00 000 -1.9639740E+01 -1.1337964E+01 -6.2328069E+00
2026 07 23 23 29 30 000 -1.9642614E+01 -1.1342479E+01 -6.2304774E+00
2026 07 23 23 30 00 000 -1.9645485E+01 -1.1346998E+01 -6.2281382E+00
2026 07 23 23 30 30 000 -1.9648355E+01 -1.1351520E+01 -6.2257890E+00
2026 07 23 23 31 00 000 -1.9651222E+01 -1.1356045E+01 -6.2234301E+00
2026 07 23 23 31 30 000 -1.9654087E+01 -1.1360573E+01 -6.2210614E+00
2026 07 23 23 32 00 000 -1.9656951E+01 -1.1365104E+01 -6.2186828E+00
2026 07 23 23 32 30 000 -1.9659812E+01 -1.1369639E+01 -6.2162944E+00
2026 07 23 23 33 00 000 -1.9662671E+01 -1.1374176E+01 -6.2138962E+00
2026 07 23 23 33 30 000 -1.9665528E+01 -1.1378717E+01 -6.2114882E+00
2026 07 23 23 34 00 000 -1.9668383E+01 -1.1383260E+01 -6.2090703E+00
2026 07 23 23 34 30 000 -1.9671236E+01 -1.1387807E+01 -6.2066427E+00
2026 07 23 23 35 00 000 -1.9674087E+01 -1.1392357E+01 -6.2042051E+00
2026 07 23 23 35 30 000 -1.9676936E+01 -1.1396910E+01 -6.2017578E+00
2026 07 23 23 36 00 000 -1.9679783E+01 -1.1401466E+01 -6.1993006E+00
2026 07 23 23 36 30 000 -1.9682628E+01 -1.1406025E+01 -6.1968335E+00
2026 07 23 23 37 00 000 -1.9685471E+01 -1.1410587E+01 -6.1943566E+00
2026 07 23 23 37 30 000 -1.9688312E+01 -1.1415152E+01 -6.1918699E+00
2026 07 23 23 38 00 000 -1.9691151E+01 -1.1419720E+01 -6.1893733E+00
2026 07 23 23 38 30 000 -1.9693988E+01 -1.1424291E+01 -6.1868668E+00
2026 07 23 23 39 00 000 -1.9696823E+01 -1.1428865E+01 -6.1843505E+00
2026 07 23 23 39 30 000 -1.9699655E+01 -1.1433442E+01 -6.1818243E+00
2026 07 23 23 40 00 000 -1.9702486E+01 -1.1438022E+01 -6.1792883E+00
2026 07 23 23 40 30 000 -1.9705315E+01 -1.1442605E+01 -6.1767424E+00
2026 07 23 23 41 00 000 -1.9708141E+01 -1.1447191E+01 -6.1741867E+00
2026 07 23 23 41 30 000 -1.9710966E+01 -1.1451779E+01 -6.1716210E+00
2026 07 23 23 42 00 000 -1.9713789E+01 -1.1456371E+01 -6.1690455E+00
2026 07 23 23 42 30 000 -1.9716609E+01 -1.1460966E+01 -6.1664602E+00
2026 07 23 23 43 00 000 -1.9719428E+01 -1.1465564E+01 -6.1638649E+00
2026 07 23 23 43 30 000 -1.9722244E+01 -1.1470164E+01 -6.1612598E+00
2026 07 23 23 44 00 000 -1.9725059E+01 -1.1474768E+01 -6.1586448E+00
2026 07 23 23 44 30 000 -1.9727871E+01 -1.1479374E+01 -6.1560199E+00
2026 07 23 23 45 00 000 -1.9730682E+01 -1.1483983E+01 -6.1533852E+00
2026 07 23 23 45 30 000 -1.9733490E+01 -1.1488595E+01 -6.1507405E+00
2026 07 23 23 46 00 000 -1.9736296E+01 -1.1493210E+01 -6.1480860E+00
2026 07 23 23 46 30 000 -1.9739101E+01 -1.1497828E+01 -6.1454216E+00
2026 07 23 23 47 00 000 -1.9741903E+01 -1.1502449E+01 -6.1427473E+00
2026 07 23 23 47 30 000 -1.9744703E+01 -1.1507072E+01 -6.1400630E+00
2026 07 23 23 48 00 000 -1.9747502E+01 -1.1511698E+01 -6.1373689E+00
2026 07 23 23 48 30 000 -1.9750298E+01 -1.1516327E+01 -6.1346649E+00
2026 07 23 23 49 00 000 -1.9753092E+01 -1.1520959E+01 -6.1319510E+00
2026 07 23 23 49 30 000 -1.9755885E+01 -1.1525594E+01 -6.1292273E+00
2026 07 23 23 50 00 000 -1.9758675E+01 -1.1530231E+01 -6.1264936E+00
2026 07 23 23 50 30 000 -1.9761463E+01 -1.1534872E+01 -6.1237500E+00
2026 07 23 23 51 00 000 -1.9764249E+01 -1.1539515E+01 -6.1209964E+00
2026 07 23 23 51 30 000 -1.9767033E+01 -1.1544160E+01 -6.1182330E+00
2026 07 23 23 52 00 000 -1.9769816E+01 -1.1548809E+01 -6.1154597E+00
2026 07 23 23 52 30 000 -1.9772596E+01 -1.1553460E+01 -6.1126765E+00
2026 07 23 23 53 00 000 -1.9775374E+01 -1.1558114E+01 -6.1098833E+00
2026 07 23 23 53 30 000 -1.9778150E+01 -1.1562771E+01 -6.1070803E+00
2026 07 23 23 54 00 000 -1.9780924E+01 -1.1567430E+01 -6.1042673E+00
2026 07 23 23 54 30 000 -1.9783696E+01 -1.1572092E+01 -6.1014444E+00
2026 07 23 23 55 00 000 -1.9786466E+01 -1.1576757E+01 -6.0986116E+00
2026 07 23 23 55 30 000 -1.9789235E+01 -1.1581424E+01 -6.0957689E+00
2026 07 23 23 56 00 000 -1.9792001E+01 -1.1586094E+01 -6.0929163E+00
2026 07 23 23 56 30 000 -1.9794765E+01 -1.1590767E+01 -6.0900537E+00
2026 07 23 23 57 00 000 -1.9797527E+01 -1.1595442E+01 -6.0871813E+00
2026 07 23 23 57 30 000 -1.9800287E+01 -1.1600120E+01 -6.0842989E+00
2026 07 23 23 58 00 000 -1.9803045E+01 -1.1604801E+01 -6.0814065E+00
2026 07 23 23 58 30 000 -1.9805801E+01 -1.1609484E+01 -6.0785043E+00
2026 07 23 23 59 00 000 -1.9808555E+01 -1.1614170E+01 -6.0755921E+00
2026 07 23 23 59 30 000 -1.9811307E+01 -1.1618858E+01 -6.0726700E+00
2026 07 24 00 00 00 000 -1.9814057E+01 -1.1623549E+01 -6.0697380E+00
2026 07 24 00 00 30 000 -1.9816805E+01 -1.1628243E+01 -6.0667960E+00
2026 07 24 00 01 00 000 -1.9819551E+01 -1.1632939E+01 -6.0638442E+00
2026 07 24 00 01 30 000 -1.9822295E+01 -1.1637637E+01 -6.0608823E+00
2026 07 24 00 02 00 000 -1.9825038E+01 -1.1642338E+01 -6.0579106E+00
2026 07 24 00 02 30 000 -1.9827778E+01 -1.1647042E+01 -6.0549289E+00
2026 07 24 00 03 00 000 -1.9830516E+01 -1.1651748E+01 -6.0519373E+00
2026 07 24 00 03 30 000 -1.9833252E+01 -1.1656457E+01 -6.0489358E+00
2026 07 24 00 04 00 000 -1.9835986E+01 -1.1661168E+01 -6.0459243E+00
2026 07 24 00 04 30 000 -1.9838718E+01 -1.1665881E+01 -6.0429029E+00
2026 07 24 00 05 00 000 -1.9841448E+01 -1.1670597E+01 -6.0398716E+00
2026 07 24 00 05 30 000 -1.9844176E+01 -1.1675316E+01 -6.0368303E+00
2026 07 24 00 06 00 000 -1.9846902E+01 -1.1680037E+01 -6.0337791E+00
2026 07 24 00 06 30 000 -1.9849626E+01 -1.1684760E+01 -6.0307179E+00
2026 07 24 00 07 00 000 -1.9852348E+01 -1.1689486E+01 -6.0276468E+00
2026 07 24 00 07 30 000 -1.9855068E+01 -1.1694214E+01 -6.0245658E+00
2026 07 24 00 08 00 000 -1.9857787E+01 -1.1698945E+01 -6.0214748E+00
2026 07 24 00 08 30 000 -1.9860503E+01 -1.1703678E+01 -6.0183739E+00
2026 07 24 00 09 00 000 -1.9863217E+01 -1.1708413E+01 -6.0152631E+00
2026 07 24 00 09 30 000 -1.9865929E+01 -1.1713151E+01 -6.0121423E+00
2026 07 24 00 10 00 000 -1.9868639E+01 -1.1717891E+01 -6.0090116E+00
2026 07 24 00 10 30 000 -1.9871347E+01 -1.1722634E+01 -6.0058710E+00
2026 07 24 00 11 00 000 -1.9874054E+01 -1.1727378E+01 -6.0027204E+00
2026 07 24 00 11 30 000 -1.9876758E+01 -1.1732125E+01 -5.9995598E+00
2026 07 24 00 12 00 000 -1.9879460E+01 -1.1736875E+01 -5.9963894E+00
2026 07 24 00 12 30 000 -1.9882160E+01 -1.1741626E+01 -5.9932090E+00
2026 07 24 00 13 00 000 -1.9884858E+01 -1.1746380E+01 -5.9900186E+00
2026 07 24 00 13 30 000 -1.9887555E+01 -1.1751137E+01 -5.9868183E+00
2026 07 24 00 14 00 000 -1.9890249E+01 -1.1755895E+01 -5.9836081E+00
2026 07 24 00 14 30 000 -1.9892941E+01 -1.1760656E+01 -5.9803879E+00
2026 07 24 00 15 00 000 -1.9895632E+01 -1.1765419E+01 -5.9771578E+00
2026 07 24 00 15 30 000 -1.9898320E+01 -1.1770184E+01 -5.9739178E+00
2026 07 24 00 16 00 000 -1.9901006E+01 -1.1774951E+01 -5.9706678E+00
2026 07 24 00 16 30 000 -1.9903691E+01 -1.1779721E+01 -5.9674079E+00
2026 07 24 00 17 00 000 -1.9906373E+01 -1.1784493E+01 -5.9641381E+00
2026 07 24 00 17 30 000 -1.9909054E+01 -1.1789267E+01 -5.9608583E+00
2026 07 24 00 18 00 000 -1.9911732E+01 -1.1794043E+01 -5.9575686E+00
2026 07 24 00 18 30 000 -1.9914408E+01 -1.1798821E+01 -5.9542689E+00
2026 07 24 00 19 00 000 -1.9917083E+01 -1.1803602E+01 -5.9509593E+00
2026 07 24 00 19 30 000 -1.9919755E+01 -1.1808384E+01 -5.9476398E+00
2026 07 24 00 20 00 000 -1.9922426E+01 -1.1813169E+01 -5.9443103E+00
2026 07 24 00 20 30 000 -1.9925095E+01 -1.1817956E+01 -5.9409710E+00
2026 07 24 00 21 00 000 -1.9927761E+01 -1.1822745E+01 -5.9376216E+00
2026 07 24 00 21 30 000 -1.9930426E+01 -1.1827536E+01 -5.9342624E+00
2026 07 24 00 22 00 000 -1.9933088E+01 -1.1832329E+01 -5.9308932E+00
2026 07 24 00 22 30 000 -1.9935749E+01 -1.1837124E+01 -5.9275141E+00
2026 07 24 00 23 00 000 -1.9938408E+01 -1.1841921E+01 -5.9241250E+00
2026 07 24 00 23 30 000 -1.9941065E+01 -1.1846721E+01 -5.9207261E+00
2026 07 24 00 24 00 000 -1.9943719E+01 -1.1851522E+01 -5.9173171E+00
2026 07 24 00 24 30 000 -1.9946372E+01 -1.1856325E+01 -5.9138983E+00
2026 07 24 00 25 00 000 -1.9949023E+01 -1.1861131E+01 -5.9104696E+00
2026 07 24 00 25 30 000 -1.9951672E+01 -1.1865938E+01 -5.9070309E+00
2026 07 24 00 26 00 000 -1.9954319E+01 -1.1870747E+01 -5.9035823E+00
2026 07 24 00 26 30 000 -1.9956964E+01 -1.1875558E+01 -5.9001238E+00
2026 07 24 00 27 00 000 -1.9959607E+01 -1.1880371E+01 -5.8966553E+00
2026 07 24 00 27 30 000 -1.9962248E+01 -1.1885187E+01 -5.8931769E+00
2026 07 24 00 28 00 000 -1.9964887E+01 -1.1890004E+01 -5.8896887E+00
2026 07 24 00 28 30 000 -1.9967524E+01 -1.1894822E+01 -5.8861905E+00
2026 07 24 00 29 00 000 -1.9970159E+01 -1.1899643E+01 -5.8826823E+00
2026 07 24 00 29 30 000 -1.9972792E+01 -1.1904466E+01 -5.8791643E+00
2026 07 24 00 30 00 000 -1.9975423E+01 -1.1909291E+01 -5.8756364E+00
2026 07 24 00 30 30 000 -1.9978052E+01 -1.1914117E+01 -5.8720985E+00
2026 07 24 00 31 00 000 -1.9980680E+01 -1.1918946E+01 -5.8685507E+00
2026 07 24 00 31 30 000 -1.9983305E+01 -1.1923776E+01 -5.8649930E+00
2026 07 24 00 32 00 000 -1.9985928E+01 -1.1928608E+01 -5.8614255E+00
2026 07 24 00 32 30 000 -1.9988550E+01 -1.1933442E+01 -5.8578480E+00
2026 07 24 00 33 00 000 -1.9991169E+01 -1.1938277E+01 -5.8542606E+00
2026 07 24 00 33 30 000 -1.9993786E+01 -1.1943115E+01 -5.8506633E+00
2026 07 24 00 34 00 000 -1.9996402E+01 -1.1947954E+01 -5.8470561E+00
2026 07 24 00 34 30 000 -1.9999015E+01 -1.1952795E+01 -5.8434390E+00
2026 07 24 00 35 00 000 -2.0001627E+01 -1.1957638E+01 -5.8398120E+00
2026 07 24 00 35 30 000 -2.0004237E+01 -1.1962482E+01 -5.8361751E+00
2026 07 24 00 36 00 000 -2.0006844E+01 -1.1967328E+01 -5.8325283E+00
2026 07 24 00 36 30 000 -2.0009450E+01 -1.1972176E+01 -5.8288716E+00
2026 07 24 00 37 00 000 -2.0012054E+01 -1.1977026E+01 -5.8252051E+00
2026 07 24 00 37 30 000 -2.0014656E+01 -1.1981877E+01 -5.8215286E+00
2026 07 24 00 38 00 000 -2.0017256E+01 -1.1986730E+01 -5.8178423E+00
2026 07 24 00 38 30 000 -2.0019854E+01 -1.1991585E+01 -5.8141461E+00
2026 07 24 00 39 00 000 -2.0022450E+01 -1.1996441E+01 -5.8104400E+00
2026 07 24 00 39 30 000 -2.0025044E+01 -1.2001299E+01 -5.8067240E+00
2026 07 24 00 40 00 000 -2.0027636E+01 -1.2006159E+01 -5.8029981E+00
2026 07 24 00 40 30 000 -2.0030226E+01 -1.2011020E+01 -5.7992624E+00
2026 07 24 00 41 00 000 -2.0032814E+01 -1.2015883E+01 -5.7955168E+00
2026 07 24 00 41 30 000 -2.0035400E+01 -1.2020747E+01 -5.7917613E+00
2026 07 24 00 42 00 000 -2.0037985E+01 -1.2025613E+01 -5.7879960E+00
2026 07 24 00 42 30 000 -2.0040567E+01 -1.2030481E+01 -5.7842208E+00
2026 07 24 00 43 00 000 -2.0043147E+01 -1.2035350E+01 -5.7804357E+00
2026 07 24 00 43 30 000 -2.0045726E+01 -1.2040220E+01 -5.7766408E+00
2026 07 24 00 44 00 000 -2.0048302E+01 -1.2045092E+01 -5.7728360E+00
2026 07 24 00 44 30 000 -2.0050877E+01 -1.2049966E+01 -5.7690214E+00
2026 07 24 00 45 00 000 -2.0053449E+01 -1.2054841E+01 -5.7651969E+00
2026 07 24 00 45 30 000 -2.0056020E+01 -1.2059718E+01 -5.7613626E+00
2026 07 24 00 46 00 000 -2.0058589E+01 -1.2064596E+01 -5.7575184E+00
2026 07 24 00 46 30 000 -2.0061156E+01 -1.2069475E+01 -5.7536643E+00
2026 07 24 00 47 00 000 -2.0063721E+01 -1.2074356E+01 -5.7498005E+00
2026 07 24 00 47 30 000 -2.0066284E+01 -1.2079239E+01 -5.7459268E+00
2026 07 24 00 48 00 000 -2.0068845E+01 -1.2084123E+01 -5.7420432E+00
2026 07 24 00 48 30 000 -2.0071404E+01 -1.2089008E+01 -5.7381499E+00
2026 07 24 00 49 00 000 -2.0073961E+01 -1.2093895E+01 -5.7342466E+00
2026 07 24 00 49 30 000 -2.0076516E+01 -1.2098783E+01 -5.7303336E+00
2026 07 24 00 50 00 000 -2.0079069E+01 -1.2103672E+01 -5.7264108E+00
2026 07 24 00 50 30 000 -2.0081620E+01 -1.2108563E+01 -5.7224781E+00
2026 07 24 00 51 00 000 -2.0084170E+01 -1.2113455E+01 -5.7185356E+00
2026 07 24 00 51 30 000 -2.0086717E+01 -1.2118348E+01 -5.7145833E+00
2026 07 24 00 52 00 000 -2.0089263E+01 -1.2123243E+01 -5.7106212E+00
2026 07 24 00 52 30 000 -2.0091806E+01 -1.2128139E+01 -5.7066493E+00
2026 07 24 00 53 00 000 -2.0094348E+01 -1.2133037E+01 -5.7026676E+00
2026 07 24 00 53 30 000 -2.0096888E+01 -1.2137935E+01 -5.6986760E+00
2026 07 24 00 54 00 000 -2.0099425E+01 -1.2142835E+01 -5.6946747E+00
2026 07 24 00 54 30 000 -2.0101961E+01 -1.2147736E+01 -5.6906636E+00
2026 07 24 00 55 00 000 -2.0104495E+01 -1.2152639E+01 -5.6866427E+00
2026 07 24 00 55 30 000 -2.0107027E+01 -1.2157542E+01 -5.6826120E+00
2026 07 24 00 56 00 000 -2.0109557E+01 -1.2162447E+01 -5.6785715E+00
2026 07 24 00 56 30 000 -2.0112085E+01 -1.2167353E+01 -5.6745213E+00
2026 07 24 00 57 00 000 -2.0114612E+01 -1.2172260E+01 -5.6704613E+00
2026 07 24 00 57 30 000 -2.0117136E+01 -1.2177168E+01 -5.6663915E+00
2026 07 24 00 58 00 000 -2.0119658E+01 -1.2182078E+01 -5.6623119E+00
2026 07 24 00 58 30 000 -2.0122179E+01 -1.2186989E+01 -5.6582226E+00
2026 07 24 00 59 00 000 -2.0124697E+01 -1.2191900E+01 -5.6541235E+00
2026 07 24 00 59 30 000 -2.0127214E+01 -1.2196813E+01 -5.6500146E+00
2026 07 24 01 00 00 000 -2.0129728E+01 -1.2201727E+01 -5.6458960E+00
2026 07 24 01 00 30 000 -2.0132241E+01 -1.2206642E+01 -5.6417677E+00
2026 07 24 01 01 00 000 -2.0134752E+01 -1.2211558E+01 -5.6376296E+00
2026 07 24 01 01 30 000 -2.0137261E+01 -1.2216475E+01 -5.6334818E+00
2026 07 24 01 02 00 000 -2.0139768E+01 -1.2221394E+01 -5.6293242E+00
2026 07 24 01 02 30 000 -2.0142273E+01 -1.2226313E+01 -5.6251569E+00
2026 07 24 01 03 00 000 -2.0144776E+01 -1.2231233E+01 -5.6209799E+00
2026 07 24 01 03 30 000 -2.0147277E+01 -1.2236154E+01 -5.6167931E+00
2026 07 24 01 04 00 000 -2.0149777E+01 -1.2241077E+01 -5.6125967E+00
2026 07 24 01 04 30 000 -2.0152274E+01 -1.2246000E+01 -5.6083905E+00
2026 07 24 01 05 00 000 -2.0154769E+01 -1.2250924E+01 -5.6041746E+00
2026 07 24 01 05 30 000 -2.0157263E+01 -1.2255849E+01 -5.5999490E+00
2026 07 24 01 06 00 000 -2.0159755E+01 -1.2260775E+01 -5.5957137E+00
2026 07 24 01 06 30 000 -2.0162244E+01 -1.2265702E+01 -5.5914687E+00
2026 07 24 01 07 00 000 -2.0164732E+01 -1.2270630E+01 -5.5872140E+00
2026 07 24 01 07 30 000 -2.0167218E+01 -1.2275559E+01 -5.5829497E+00
2026 07 24 01 08 00 000 -2.0169702E+01 -1.2280489E+01 -5.5786756E+00
2026 07 24 01 08 30 000 -2.0172184E+01 -1.2285419E+01 -5.5743919E+00
2026 07 24 01 09 00 000 -2.0174664E+01 -1.2290351E+01 -5.5700985E+00
2026 07 24 01 09 30 000 -2.0177142E+01 -1.2295283E+01 -5.5657954E+00
2026 07 24 01 10 00 000 -2.0179619E+01 -1.2300216E+01 -5.5614826E+00
2026 07 24 01 10 30 000 -2.0182093E+01 -1.2305150E+01 -5.5571602E+00
2026 07 24 01 11 00 000 -2.0184566E+01 -1.2310085E+01 -5.5528282E+00
2026 07 24 01 11 30 000 -2.0187036E+01 -1.2315020E+01 -5.5484865E+00
2026 07 24 01 12 00 000 -2.0189505E+01 -1.2319956E+01 -5.5441351E+00
2026 07 24 01 12 30 000 -2.0191972E+01 -1.2324893E+01 -5.5397742E+00
2026 07 24 01 13 00 000 -2.0194436E+01 -1.2329831E+01 -5.5354036E+00
2026 07 24 01 13 30 000 -2.0196899E+01 -1.2334770E+01 -5.5310233E+00
2026 07 24 01 14 00 000 -2.0199360E+01 -1.2339709E+01 -5.5266334E+00
2026 07 24 01 14 30 000 -2.0201820E+01 -1.2344649E+01 -5.5222339E+00
2026 07 24 01 15 00 000 -2.0204277E+01 -1.2349589E+01 -5.5178248E+00
2026 07 24 01 15 30 000 -2.0206732E+01 -1.2354530E+01 -5.5134061E+00
2026 07 24 01 16 00 000 -2.0209186E+01 -1.2359472E+01 -5.5089778E+00
2026 07 24 01 16 30 000 -2.0211637E+01 -1.2364415E+01 -5.5045399E+00
2026 07 24 01 17 00 000 -2.0214087E+01 -1.2369358E+01 -5.5000924E+00
2026 07 24 01 17 30 000 -2.0216535E+01 -1.2374302E+01 -5.4956354E+00
2026 07 24 01 18 00 000 -2.0218980E+01 -1.2379246E+01 -5.4911687E+00
2026 07 24 01 18 30 000 -2.0221424E+01 -1.2384191E+01 -5.4866925E+00
2026 07 24 01 19 00 000 -2.0223866E+01 -1.2389137E+01 -5.4822067E+00
2026 07 24 01 19 30 000 -2.0226306E+01 -1.2394083E+01 -5.4777113E+00
2026 07 24 01 20 00 000 -2.0228745E+01 -1.2399029E+01 -5.4732064E+00
2026 07 24 01 20 30 000 -2.0231181E+01 -1.2403976E+01 -5.4686919E+00
2026 07 24 01 21 00 000 -2.0233615E+01 -1.2408924E+01 -5.4641679E+00
2026 07 24 01 21 30 000 -2.0236048E+01 -1.2413872E+01 -5.4596343E+00
2026 07 24 01 22 00 000 -2.0238479E+01 -1.2418821E+01 -5.4550912E+00
2026 07 24 01 22 30 000 -2.0240907E+01 -1.2423770E+01 -5.4505386E+00
2026 07 24 01 23 00 000 -2.0243334E+01 -1.2428720E+01 -5.4459765E+00
2026 07 24 01 23 30 000 -2.0245759E+01 -1.2433670E+01 -5.4414048E+00
2026 07 24 01 24 00 000 -2.0248182E+01 -1.2438620E+01 -5.4368236E+00
2026 07 24 01 24 30 000 -2.0250603E+01 -1.2443571E+01 -5.4322330E+00
2026 07 24 01 25 00 000 -2.0253023E+01 -1.2448522E+01 -5.4276328E+00
2026 07 24 01 25 30 000 -2.0255440E+01 -1.2453474E+01 -5.4230231E+00
2026 07 24 01 26 00 000 -2.0257855E+01 -1.2458426E+01 -5.4184040E+00
2026 07 24 01 26 30 000 -2.0260269E+01 -1.2463379E+01 -5.4137754E+00
2026 07 24 01 27 00 000 -2.0262681E+01 -1.2468331E+01 -5.4091373E+00
2026 07 24 01 27 30 000 -2.0265091E+01 -1.2473284E+01 -5.4044897E+00
2026 07 24 01 28 00 000 -2.0267498E+01 -1.2478238E+01 -5.3998327E+00
2026 07 24 01 28 30 000 -2.0269905E+01 -1.2483192E+01 -5.3951663E+00
2026 07 24 01 29 00 000 -2.0272309E+01 -1.2488146E+01 -5.3904904E+00
2026 07 24 01 29 30 000 -2.0274711E+01 -1.2493100E+01 -5.3858050E+00
2026 07 24 01 30 00 000 -2.0277111E+01 -1.2498054E+01 -5.3811102E+00
2026 07 24 01 30 30 000 -2.0279510E+01 -1.2503009E+01 -5.3764060E+00
2026 07 24 01 31 00 000 -2.0281906E+01 -1.2507964E+01 -5.3716924E+00
2026 07 24 01 31 30 000 -2.0284301E+01 -1.2512919E+01 -5.3669694E+00
2026 07 24 01 32 00 000 -2.0286694E+01 -1.2517875E+01 -5.3622369E+00
2026 07 24 01 32 30 000 -2.0289085E+01 -1.2522830E+01 -5.3574951E+00
2026 07 24 01 33 00 000 -2.0291474E+01 -1.2527786E+01 -5.3527439E+00
2026 07 24 01 33 30 000 -2.0293861E+01 -1.2532742E+01 -5.3479832E+00
2026 07 24 01 34 00 000 -2.0296246E+01 -1.2537698E+01 -5.3432133E+00
2026 07 24 01 34 30 000 -2.0298630E+01 -1.2542654E+01 -5.3384339E+00
2026 07 24 01 35 00 000 -2.0301011E+01 -1.2547611E+01 -5.3336452E+00
2026 07 24 01 35 30 000 -2.0303391E+01 -1.2552567E+01 -5.3288471E+00
2026 07 24 01 36 00 000 -2.0305769E+01 -1.2557524E+01 -5.3240397E+00
2026 07 24 01 36 30 000 -2.0308145E+01 -1.2562480E+01 -5.3192229E+00
2026 07 24 01 37 00 000 -2.0310519E+01 -1.2567437E+01 -5.3143968E+00
2026 07 24 01 37 30 000 -2.0312891E+01 -1.2572394E+01 -5.3095614E+00
2026 07 24 01 38 00 000 -2.0315261E+01 -1.2577350E+01 -5.3047167E+00
2026 07 24 01 38 30 000 -2.0317629E+01 -1.2582307E+01 -5.2998626E+00
2026 07 24 01 39 00 000 -2.0319996E+01 -1.2587264E+01 -5.2949993E+00
2026 07 24 01 39 30 000 -2.0322361E+01 -1.2592221E+01 -5.2901266E+00
2026 07 24 01 40 00 000 -2.0324723E+01 -1.2597177E+01 -5.2852447E+00
2026 07 24 01 40 30 000 -2.0327084E+01 -1.2602134E+01 -5.2803535E+00
2026 07 24 01 41 00 000 -2.0329443E+01 -1.2607090E+01 -5.2754530E+00
2026 07 24 01 41 30 000 -2.0331800E+01 -1.2612047E+01 -5.2705432E+00
2026 07 24 01 42 00 000 -2.0334156E+01 -1.2617003E+01 -5.2656242E+00
2026 07 24 01 42 30 000 -2.0336509E+01 -1.2621960E+01 -5.2606960E+00
2026 07 24 01 43 00 000 -2.0338861E+01 -1.2626916E+01 -5.2557585E+00
2026 07 24 01 43 30 000 -2.0341210E+01 -1.2631872E+01 -5.2508117E+00
2026 07 24 01 44 00 000 -2.0343558E+01 -1.2636828E+01 -5.2458558E+00
2026 07 24 01 44 30 000 -2.0345904E+01 -1.2641784E+01 -5.2408906E+00
2026 07 24 01 45 00 000 -2.0348248E+01 -1.2646739E+01 -5.2359162E+00
2026 07 24 01 45 30 000 -2.0350590E+01 -1.2651695E+01 -5.2309326E+00
2026 07 24 01 46 00 000 -2.0352930E+01 -1.2656650E+01 -5.2259398E+00
2026 07 24 01 46 30 000 -2.0355269E+01 -1.2661605E+01 -5.2209379E+00
2026 07 24 01 47 00 000 -2.0357605E+01 -1.2666560E+01 -5.2159267E+00
2026 07 24 01 47 30 000 -2.0359940E+01 -1.2671514E+01 -5.2109064E+00
2026 07 24 01 48 00 000 -2.0362273E+01 -1.2676469E+01 -5.2058769E+00
2026 07 24 01 48 30 000 -2.0364604E+01 -1.2681422E+01 -5.2008383E+00
2026 07 24 01 49 00 000 -2.0366933E+01 -1.2686376E+01 -5.1957906E+00
2026 07 24 01 49 30 000 -2.0369260E+01 -1.2691330E+01 -5.1907337E+00
2026 07 24 01 50 00 000 -2.0371585E+01 -1.2696283E+01 -5.1856677E+00
2026 07 24 01 50 30 000 -2.0373909E+01 -1.2701235E+01 -5.1805925E+00
2026 07 24 01 51 00 000 -2.0376231E+01 -1.2706188E+01 -5.1755083E+00
2026 07 24 01 51 30 000 -2.0378550E+01 -1.2711140E+01 -5.1704149E+00
2026 07 24 01 52 00 000 -2.0380868E+01 -1.2716091E+01 -5.1653125E+00
2026 07 24 01 52 30 000 -2.0383184E+01 -1.2721043E+01 -5.1602010E+00
2026 07 24 01 53 00 000 -2.0385498E+01 -1.2725993E+01 -5.1550804E+00
2026 07 24 01 53 30 000 -2.0387811E+01 -1.2730944E+01 -5.1499508E+00
2026 07 24 01 54 00 000 -2.0390121E+01 -1.2735894E+01 -5.1448121E+00
2026 07 24 01 54 30 000 -2.0392430E+01 -1.2740843E+01 -5.1396643E+00
2026 07 24 01 55 00 000 -2.0394737E+01 -1.2745792E+01 -5.1345076E+00
2026 07 24 01 55 30 000 -2.0397042E+01 -1.2750741E+01 -5.1293417E+00
2026 07 24 01 56 00 000 -2.0399345E+01 -1.2755689E+01 -5.1241669E+00
2026 07 24 01 56 30 000 -2.0401646E+01 -1.2760637E+01 -5.1189831E+00
2026 07 24 01 57 00 000 -2.0403945E+01 -1.2765584E+01 -5.1137902E+00
2026 07 24 01 57 30 000 -2.0406243E+01 -1.2770530E+01 -5.1085884E+00
2026 07 24 01 58 00 000 -2.0408538E+01 -1.2775476E+01 -5.1033776E+00
2026 07 24 01 58 30 000 -2.0410832E+01 -1.2780422E+01 -5.0981578E+00
2026 07 24 01 59 00 000 -2.0413124E+01 -1.2785366E+01 -5.0929291E+00
2026 07 24 01 59 30 000 -2.0415414E+01 -1.2790311E+01 -5.0876914E+00
2026 07 24 02 00 00 000 -2.0417702E+01 -1.2795254E+01 -5.0824448E+00
2026 07 24 02 00 30 000 -2.0419988E+01 -1.2800197E+01 -5.0771892E+00
2026 07 24 02 01 00 000 -2.0422273E+01 -1.2805139E+01 -5.0719247E+00
2026 07 24 02 01 30 000 -2.0424556E+01 -1.2810081E+01 -5.0666513E+00
2026 07 24 02 02 00 000 -2.0426836E+01 -1.2815022E+01 -5.0613690E+00
2026 07 24 02 02 30 000 -2.0429115E+01 -1.2819962E+01 -5.0560778E+00
2026 07 24 02 03 00 000 -2.0431392E+01 -1.2824902E+01 -5.0507778E+00
2026 07 24 02 03 30 000 -2.0433668E+01 -1.2829841E+01 -5.0454688E+00
2026 07 24 02 04 00 000 -2.0435941E+01 -1.2834779E+01 -5.0401510E+00
2026 07 24 02 04 30 000 -2.0438213E+01 -1.2839717E+01 -5.0348243E+00
2026 07 24 02 05 00 000 -2.0440482E+01 -1.2844653E+01 -5.0294888E+00
2026 07 24 02 05 30 000 -2.0442750E+01 -1.2849589E+01 -5.0241444E+00
2026 07 24 02 06 00 000 -2.0445016E+01 -1.2854524E+01 -5.0187913E+00
2026 07 24 02 06 30 000 -2.0447280E+01 -1.2859459E+01 -5.0134293E+00
2026 07 24 02 07 00 000 -2.0449543E+01 -1.2864392E+01 -5.0080585E+00
2026 07 24 02 07 30 000 -2.0451803E+01 -1.2869325E+01 -5.0026789E+00
2026 07 24 02 08 00 000 -2.0454062E+01 -1.2874257E+01 -4.9972905E+00
2026 07 24 02 08 30 000 -2.0456319E+01 -1.2879188E+01 -4.9918934E+00
2026 07 24 02 09 00 000 -2.0458574E+01 -1.2884118E+01 -4.9864875E+00
2026 07 24 02 09 30 000 -2.0460827E+01 -1.2889047E+01 -4.9810728E+00
2026 07 24 02 10 00 000 -2.0463078E+01 -1.2893975E+01 -4.9756495E+00
2026 07 24 02 10 30 000 -2.0465327E+01 -1.2898902E+01 -4.9702173E+00
2026 07 24 02 11 00 000 -2.0467575E+01 -1.2903829E+01 -4.9647765E+00
2026 07 24 02 11 30 000 -2.0469821E+01 -1.2908754E+01 -4.9593269E+00
2026 07 24 02 12 00 000 -2.0472065E+01 -1.2913679E+01 -4.9538687E+00
2026 07 24 02 12 30 000 -2.0474307E+01 -1.2918602E+01 -4.9484018E+00
2026 07 24 02 13 00 000 -2.0476547E+01 -1.2923525E+01 -4.9429261E+00
2026 07 24 02 13 30 000 -2.0478785E+01 -1.2928447E+01 -4.9374419E+00
2026 07 24 02 14 00 000 -2.0481022E+01 -1.2933367E+01 -4.9319489E+00
2026 07 24 02 14 30 000 -2.0483256E+01 -1.2938287E+01 -4.9264474E+00
2026 07 24 02 15 00 000 -2.0485489E+01 -1.2943205E+01 -4.9209372E+00
2026 07 24 02 15 30 000 -2.0487720E+01 -1.2948122E+01 -4.9154183E+00
2026 07 24 02 16 00 000 -2.0489950E+01 -1.2953039E+01 -4.9098909E+00
2026 07 24 02 16 30 000 -2.0492177E+01 -1.2957954E+01 -4.9043549E+00
2026 07 24 02 17 00 000 -2.0494402E+01 -1.2962868E+01 -4.8988102E+00
2026 07 24 02 17 30 000 -2.0496626E+01 -1.2967781E+01 -4.8932570E+00
2026 07 24 02 18 00 000 -2.0498848E+01 -1.2972693E+01 -4.8876953E+00
2026 07 24 02 18 30 000 -2.0501068E+01 -1.2977604E+01 -4.8821250E+00
2026 07 24 02 19 00 000 -2.0503286E+01 -1.2982513E+01 -4.8765461E+00
2026 07 24 02 19 30 000 -2.0505503E+01 -1.2987422E+01 -4.8709587E+00
2026 07 24 02 20 00 000 -2.0507717E+01 -1.2992329E+01 -4.8653628E+00
2026 07 24 02 20 30 000 -2.0509930E+01 -1.2997235E+01 -4.8597584E+00
2026 07 24 02 21 00 000 -2.0512141E+01 -1.3002139E+01 -4.8541455E+00
2026 07 24 02 21 30 000 -2.0514350E+01 -1.3007043E+01 -4.8485241E+00
2026 07 24 02 22 00 000 -2.0516557E+01 -1.3011945E+01 -4.8428942E+00
2026 07 24 02 22 30 000 -2.0518762E+01 -1.3016846E+01 -4.8372559E+00
2026 07 24 02 23 00 000 -2.0520966E+01 -1.3021746E+01 -4.8316091E+00
2026 07 24 02 23 30 000 -2.0523168E+01 -1.3026644E+01 -4.8259539E+00
2026 07 24 02 24 00 000 -2.0525368E+01 -1.3031541E+01 -4.8202903E+00
2026 07 24 02 24 30 000 -2.0527566E+01 -1.3036437E+01 -4.8146182E+00
2026 07 24 02 25 00 000 -2.0529762E+01 -1.3041331E+01 -4.8089378E+00
2026 07 24 02 25 30 000 -2.0531956E+01 -1.3046225E+01 -4.8032489E+00
2026 07 24 02 26 00 000 -2.0534149E+01 -1.3051116E+01 -4.7975517E+00
2026 07 24 02 26 30 000 -2.0536340E+01 -1.3056007E+01 -4.7918461E+00
2026 07 24 02 27 00 000 -2.0538529E+01 -1.3060895E+01 -4.7861322E+00
2026 07 24 02 27 30 000 -2.0540716E+01 -1.3065783E+01 -4.7804099E+00
2026 07 24 02 28 00 000 -2.0542901E+01 -1.3070669E+01 -4.7746793E+00
2026 07 24 02 28 30 000 -2.0545085E+01 -1.3075554E+01 -4.7689404E+00
2026 07 24 02 29 00 000 -2.0547266E+01 -1.3080437E+01 -4.7631932E+00
2026 07 24 02 29 30 000 -2.0549446E+01 -1.3085319E+01 -4.7574377E+00
2026 07 24 02 30 00 000 -2.0551624E+01 -1.3090199E+01 -4.7516739E+00
2026 07 24 02 30 30 000 -2.0553800E+01 -1.3095078E+01 -4.7459019E+00
2026 07 24 02 31 00 000 -2.0555975E+01 -1.3099955E+01 -4.7401216E+00
2026 07 24 02 31 30 000 -2.0558147E+01 -1.3104831E+01 -4.7343330E+00
2026 07 24 02 32 00 000 -2.0560318E+01 -1.3109705E+01 -4.7285363E+00
2026 07 24 02 32 30 000 -2.0562487E+01 -1.3114577E+01 -4.7227313E+00
2026 07 24 02 33 00 000 -2.0564654E+01 -1.3119448E+01 -4.7169181E+00
2026 07 24 02 33 30 000 -2.0566819E+01 -1.3124318E+01 -4.7110967E+00
2026 07 24 02 34 00 000 -2.0568983E+01 -1.3129186E+01 -4.7052672E+00
2026 07 24 02 34 30 000 -2.0571145E+01 -1.3134052E+01 -4.6994295E+00
2026 07 24 02 35 00 000 -2.0573304E+01 -1.3138917E+01 -4.6935836E+00
2026 07 24 02 35 30 000 -2.0575463E+01 -1.3143780E+01 -4.6877296E+00
2026 07 24 02 36 00 000 -2.0577619E+01 -1.3148641E+01 -4.6818675E+00
2026 07 24 02 36 30 000 -2.0579773E+01 -1.3153501E+01 -4.6759973E+00
2026 07 24 02 37 00 000 -2.0581926E+01 -1.3158359E+01 -4.6701190E+00
2026 07 24 02 37 30 000 -2.0584077E+01 -1.3163215E+01 -4.6642326E+00
2026 07 24 02 38 00 000 -2.0586226E+01 -1.3168070E+01 -4.6583381E+00
2026 07 24 02 38 30 000 -2.0588373E+01 -1.3172922E+01 -4.6524356E+00
2026 07 24 02 39 00 000 -2.0590518E+01 -1.3177774E+01 -4.6465250E+00
2026 07 24 02 39 30 000 -2.0592662E+01 -1.3182623E+01 -4.6406064E+00
2026 07 24 02 40 00 000 -2.0594803E+01 -1.3187471E+01 -4.6346797E+00
2026 07 24 02 40 30 000 -2.0596943E+01 -1.3192316E+01 -4.6287451E+00
2026 07 24 02 41 00 000 -2.0599081E+01 -1.3197160E+01 -4.6228025E+00
2026 07 24 02 41 30 000 -2.0601218E+01 -1.3202003E+01 -4.6168519E+00
2026 07 24 02 42 00 000 -2.0603352E+01 -1.3206843E+01 -4.6108934E+00
2026 07 24 02 42 30 000 -2.0605485E+01 -1.3211682E+01 -4.6049269E+00
2026 07 24 02 43 00 000 -2.0607616E+01 -1.3216518E+01 -4.5989524E+00
2026 07 24 02 43 30 000 -2.0609745E+01 -1.3221353E+01 -4.5929701E+00
2026 07 24 02 44 00 000 -2.0611872E+01 -1.3226186E+01 -4.5869798E+00
2026 07 24 02 44 30 000 -2.0613998E+01 -1.3231017E+01 -4.5809817E+00
2026 07 24 02 45 00 000 -2.0616121E+01 -1.3235846E+01 -4.5749756E+00
2026 07 24 02 45 30 000 -2.0618243E+01 -1.3240674E+01 -4.5689617E+00
2026 07 24 02 46 00 000 -2.0620363E+01 -1.3245499E+01 -4.5629400E+00
2026 07 24 02 46 30 000 -2.0622481E+01 -1.3250322E+01 -4.5569104E+00
2026 07 24 02 47 00 000 -2.0624598E+01 -1.3255144E+01 -4.5508730E+00
2026 07 24 02 47 30 000 -2.0626712E+01 -1.3259963E+01 -4.5448278E+00
2026 07 24 02 48 00 000 -2.0628825E+01 -1.3264780E+01 -4.5387748E+00
2026 07 24 02 48 30 000 -2.0630936E+01 -1.3269596E+01 -4.5327140E+00
2026 07 24 02 49 00 000 -2.0633046E+01 -1.3274409E+01 -4.5266455E+00
2026 07 24 02 49 30 000 -2.0635153E+01 -1.3279221E+01 -4.5205692E+00
2026 07 24 02 50 00 000 -2.0637259E+01 -1.3284030E+01 -4.5144852E+00
2026 07 24 02 50 30 000 -2.0639362E+01 -1.3288837E+01 -4.5083934E+00
2026 07 24 02 51 00 000 -2.0641465E+01 -1.3293642E+01 -4.5022939E+00
2026 07 24 02 51 30 000 -2.0643565E+01 -1.3298446E+01 -4.4961868E+00
2026 07 24 02 52 00 000 -2.0645663E+01 -1.3303247E+01 -4.4900720E+00
2026 07 24 02 52 30 000 -2.0647760E+01 -1.3308045E+01 -4.4839495E+00
2026 07 24 02 53 00 000 -2.0649855E+01 -1.3312842E+01 -4.4778193E+00
2026 07 24 02 53 30 000 -2.0651948E+01 -1.3317637E+01 -4.4716816E+00
2026 07 24 02 54 00 000 -2.0654039E+01 -1.3322429E+01 -4.4655362E+00
2026 07 24 02 54 30 000 -2.0656129E+01 -1.3327220E+01 -4.4593832E+00
2026 07 24 02 55 00 000 -2.0658216E+01 -1.3332008E+01 -4.4532226E+00
2026 07 24 02 55 30 000 -2.0660302E+01 -1.3336794E+01 -4.4470545E+00
2026 07 24 02 56 00 000 -2.0662386E+01 -1.3341577E+01 -4.4408788E+00
2026 07 24 02 56 30 000 -2.0664468E+01 -1.3346359E+01 -4.4346955E+00
2026 07 24 02 57 00 000 -2.0666549E+01 -1.3351138E+01 -4.4285047E+00
2026 07 24 02 57 30 000 -2.0668628E+01 -1.3355915E+01 -4.4223064E+00
2026 07 24 02 58 00 000 -2.0670705E+01 -1.3360690E+01 -4.4161006E+00
2026 07 24 02 58 30 000 -2.0672780E+01 -1.3365462E+01 -4.4098874E+00
2026 07 24 02 59 00 000 -2.0674853E+01 -1.3370232E+01 -4.4036666E+00
2026 07 24 02 59 30 000 -2.0676925E+01 -1.3375000E+01 -4.3974384E+00
2026 07 24 03 00 00 000 -2.0678994E+01 -1.3379766E+01 -4.3912028E+00
2026 07 24 03 00 30 000 -2.0681062E+01 -1.3384529E+01 -4.3849598E+00
2026 07 24 03 01 00 000 -2.0683128E+01 -1.3389290E+01 -4.3787093E+00
2026 07 24 03 01 30 000 -2.0685193E+01 -1.3394048E+01 -4.3724515E+00
2026 07 24 03 02 00 000 -2.0687255E+01 -1.3398804E+01 -4.3661862E+00
2026 07 24 03 02 30 000 -2.0689316E+01 -1.3403558E+01 -4.3599137E+00
2026 07 24 03 03 00 000 -2.0691375E+01 -1.3408309E+01 -4.3536338E+00
2026 07 24 03 03 30 000 -2.0693432E+01 -1.3413058E+01 -4.3473465E+00
2026 07 24 03 04 00 000 -2.0695488E+01 -1.3417805E+01 -4.3410520E+00
2026 07 24 03 04 30 000 -2.0697542E+01 -1.3422549E+01 -4.3347501E+00
2026 07 24 03 05 00 000 -2.0699594E+01 -1.3427290E+01 -4.3284410E+00
2026 07 24 03 05 30 000 -2.0701644E+01 -1.3432030E+01 -4.3221246E+00
2026 07 24 03 06 00 000 -2.0703692E+01 -1.3436766E+01 -4.3158010E+00
2026 07 24 03 06 30 000 -2.0705738E+01 -1.3441500E+01 -4.3094701E+00
2026 07 24 03 07 00 000 -2.0707783E+01 -1.3446232E+01 -4.3031321E+00
2026 07 24 03 07 30 000 -2.0709826E+01 -1.3450961E+01 -4.2967868E+00
2026 07 24 03 08 00 000 -2.0711867E+01 -1.3455688E+01 -4.2904343E+00
2026 07 24 03 08 30 000 -2.0713907E+01 -1.3460412E+01 -4.2840747E+00
2026 07 24 03 09 00 000 -2.0715944E+01 -1.3465133E+01 -4.2777080E+00
2026 07 24 03 09 30 000 -2.0717980E+01 -1.3469852E+01 -4.2713341E+00
2026 07 24 03 10 00 000 -2.0720014E+01 -1.3474569E+01 -4.2649530E+00
2026 07 24 03 10 30 000 -2.0722047E+01 -1.3479282E+01 -4.2585649E+00
2026 07 24 03 11 00 000 -2.0724077E+01 -1.3483994E+01 -4.2521697E+00
2026 07 24 03 11 30 000 -2.0726106E+01 -1.3488702E+01 -4.2457675E+00
2026 07 24 03 12 00 000 -2.0728133E+01 -1.3493408E+01 -4.2393581E+00
2026 07 24 03 12 30 000 -2.0730158E+01 -1.3498111E+01 -4.2329418E+00
2026 07 24 03 13 00 000 -2.0732181E+01 -1.3502812E+01 -4.2265184E+00
2026 07 24 03 13 30 000 -2.0734203E+01 -1.3507510E+01 -4.2200881E+00
2026 07 24 03 14 00 000 -2.0736223E+01 -1.3512205E+01 -4.2136507E+00
2026 07 24 03 14 30 000 -2.0738241E+01 -1.3516897E+01 -4.2072064E+00
2026 07 24 03 15 00 000 -2.0740257E+01 -1.3521587E+01 -4.2007551E+00
2026 07 24 03 15 30 000 -2.0742272E+01 -1.3526274E+01 -4.1942969E+00
2026 07 24 03 16 00 000 -2.0744284E+01 -1.3530959E+01 -4.1878318E+00
2026 07 24 03 16 30 000 -2.0746295E+01 -1.3535640E+01 -4.1813598E+00
2026 07 24 03 17 00 000 -2.0748305E+01 -1.3540319E+01 -4.1748809E+00
2026 07 24 03 17 30 000 -2.0750312E+01 -1.3544995E+01 -4.1683951E+00
2026 07 24 03 18 00 000 -2.0752318E+01 -1.3549668E+01 -4.1619025E+00
2026 07 24 03 18 30 000 -2.0754322E+01 -1.3554339E+01 -4.1554031E+00
2026 07 24 03 19 00 000 -2.0756324E+01 -1.3559006E+01 -4.1488968E+00
2026 07 24 03 19 30 000 -2.0758324E+01 -1.3563671E+01 -4.1423838E+00
2026 07 24 03 20 00 000 -2.0760323E+01 -1.3568333E+01 -4.1358640E+00
2026 07 24 03 20 30 000 -2.0762319E+01 -1.3572992E+01 -4.1293374E+00
2026 07 24 03 21 00 000 -2.0764314E+01 -1.3577648E+01 -4.1228041E+00
2026 07 24 03 21 30 000 -2.0766308E+01 -1.3582302E+01 -4.1162640E+00
2026 07 24 03 22 00 000 -2.0768299E+01 -1.3586952E+01 -4.1097172E+00
2026 07 24 03 22 30 000 -2.0770289E+01 -1.3591600E+01 -4.1031638E+00
2026 07 24 03 23 00 000 -2.0772277E+01 -1.3596244E+01 -4.0966037E+00
2026 07 24 03 23 30 000 -2.0774263E+01 -1.3600886E+01 -4.0900369E+00
2026 07 24 03 24 00 000 -2.0776247E+01 -1.3605525E+01 -4.0834635E+00
2026 07 24 03 24 30 000 -2.0778230E+01 -1.3610161E+01 -4.0768835E+00
2026 07 24 03 25 00 000 -2.0780211E+01 -1.3614794E+01 -4.0702968E+00
2026 07 24 03 25 30 000 -2.0782190E+01 -1.3619423E+01 -4.0637036E+00
2026 07 24 03 26 00 000 -2.0784168E+01 -1.3624050E+01 -4.0571038E+00
2026 07 24 03 26 30 000 -2.0786143E+01 -1.3628674E+01 -4.0504975E+00
2026 07 24 03 27 00 000 -2.0788117E+01 -1.3633295E+01 -4.0438846E+00
2026 07 24 03 27 30 000 -2.0790089E+01 -1.3637913E+01 -4.0372652E+00
2026 07 24 03 28 00 000 -2.0792059E+01 -1.3642528E+01 -4.0306393E+00
2026 07 24 03 28 30 000 -2.0794028E+01 -1.3647139E+01 -4.0240070E+00
2026 07 24 03 29 00 000 -2.0795995E+01 -1.3651748E+01 -4.0173682E+00
2026 07 24 03 29 30 000 -2.0797960E+01 -1.3656354E+01 -4.0107229E+00
2026 07 24 03 30 00 000 -2.0799923E+01 -1.3660956E+01 -4.0040712E+00
2026 07 24 03 30 30 000 -2.0801885E+01 -1.3665556E+01 -3.9974132E+00
2026 07 24 03 31 00 000 -2.0803844E+01 -1.3670152E+01 -3.9907487E+00
2026 07 24 03 31 30 000 -2.0805802E+01 -1.3674745E+01 -3.9840779E+00
2026 07 24 03 32 00 000 -2.0807759E+01 -1.3679335E+01 -3.9774007E+00
2026 07 24 03 32 30 000 -2.0809713E+01 -1.3683922E+01 -3.9707172E+00
2026 07 24 03 33 00 000 -2.0811666E+01 -1.3688506E+01 -3.9640273E+00
2026 07 24 03 33 30 000 -2.0813617E+01 -1.3693086E+01 -3.9573312E+00
2026 07 24 03 34 00 000 -2.0815566E+01 -1.3697664E+01 -3.9506288E+00
2026 07 24 03 34 30 000 -2.0817513E+01 -1.3702238E+01 -3.9439202E+00
2026 07 24 03 35 00 000 -2.0819459E+01 -1.3706809E+01 -3.9372053E+00
2026 07 24 03 35 30 000 -2.0821403E+01 -1.3711377E+01 -3.9304842E+00
2026 07 24 03 36 00 000 -2.0823345E+01 -1.3715941E+01 -3.9237569E+00
2026 07 24 03 36 30 000 -2.0825286E+01 -1.3720503E+01 -3.9170234E+00
2026 07 24 03 37 00 000 -2.0827224E+01 -1.3725061E+01 -3.9102837E+00
2026 07 24 03 37 30 000 -2.0829161E+01 -1.3729615E+01 -3.9035380E+00
2026 07 24 03 38 00 000 -2.0831096E+01 -1.3734167E+01 -3.8967860E+00
2026 07 24 03 38 30 000 -2.0833030E+01 -1.3738715E+01 -3.8900280E+00
2026 07 24 03 39 00 000 -2.0834961E+01 -1.3743260E+01 -3.8832639E+00
2026 07 24 03 39 30 000 -2.0836891E+01 -1.3747802E+01 -3.8764937E+00
2026 07 24 03 40 00 000 -2.0838820E+01 -1.3752340E+01 -3.8697175E+00
2026 07 24 03 40 30 000 -2.0840746E+01 -1.3756875E+01 -3.8629352E+00
2026 07 24 03 41 00 000 -2.0842671E+01 -1.3761406E+01 -3.8561470E+00
2026 07 24 03 41 30 000 -2.0844593E+01 -1.3765935E+01 -3.8493527E+00
2026 07 24 03 42 00 000 -2.0846515E+01 -1.3770460E+01 -3.8425525E+00
2026 07 24 03 42 30 000 -2.0848434E+01 -1.3774981E+01 -3.8357463E+00
2026 07 24 03 43 00 000 -2.0850352E+01 -1.3779499E+01 -3.8289342E+00
2026 07 24 03 43 30 000 -2.0852268E+01 -1.3784014E+01 -3.8221162E+00
2026 07 24 03 44 00 000 -2.0854182E+01 -1.3788525E+01 -3.8152923E+00
2026 07 24 03 44 30 000 -2.0856094E+01 -1.3793033E+01 -3.8084625E+00
2026 07 24 03 45 00 000 -2.0858005E+01 -1.3797537E+01 -3.8016268E+00
2026 07 24 03 45 30 000 -2.0859914E+01 -1.3802038E+01 -3.7947854E+00
2026 07 24 03 46 00 000 -2.0861821E+01 -1.3806536E+01 -3.7879381E+00
2026 07 24 03 46 30 000 -2.0863726E+01 -1.3811030E+01 -3.7810850E+00
2026 07 24 03 47 00 000 -2.0865630E+01 -1.3815520E+01 -3.7742261E+00
2026 07 24 03 47 30 000 -2.0867532E+01 -1.3820007E+01 -3.7673615E+00
2026 07 24 03 48 00 000 -2.0869432E+01 -1.3824491E+01 -3.7604911E+00
2026 07 24 03 48 30 000 -2.0871331E+01 -1.3828971E+01 -3.7536151E+00
2026 07 24 03 49 00 000 -2.0873227E+01 -1.3833448E+01 -3.7467333E+00
2026 07 24 03 49 30 000 -2.0875122E+01 -1.3837921E+01 -3.7398458E+00
2026 07 24 03 50 00 000 -2.0877016E+01 -1.3842390E+01 -3.7329527E+00
2026 07 24 03 50 30 000 -2.0878907E+01 -1.3846856E+01 -3.7260540E+00
2026 07 24 03 51 00 000 -2.0880797E+01 -1.3851318E+01 -3.7191496E+00
2026 07 24 03 51 30 000 -2.0882685E+01 -1.3855777E+01 -3.7122396E+00
2026 07 24 03 52 00 000 -2.0884571E+01 -1.3860232E+01 -3.7053241E+00
2026 07 24 03 52 30 000 -2.0886456E+01 -1.3864684E+01 -3.6984030E+00
2026 07 24 03 53 00 000 -2.0888339E+01 -1.3869131E+01 -3.6914764E+00
2026 07 24 03 53 30 000 -2.0890220E+01 -1.3873576E+01 -3.6845442E+00
2026 07 24 03 54 00 000 -2.0892099E+01 -1.3878016E+01 -3.6776066E+00
2026 07 24 03 54 30 000 -2.0893976E+01 -1.3882453E+01 -3.6706635E+00
2026 07 24 03 55 00 000 -2.0895852E+01 -1.3886887E+01 -3.6637149E+00
2026 07 24 03 55 30 000 -2.0897726E+01 -1.3891317E+01 -3.6567609E+00
2026 07 24 03 56 00 000 -2.0899599E+01 -1.3895743E+01 -3.6498015E+00
2026 07 24 03 56 30 000 -2.0901469E+01 -1.3900165E+01 -3.6428366E+00
2026 07 24 03 57 00 000 -2.0903338E+01 -1.3904584E+01 -3.6358664E+00
2026 07 24 03 57 30 000 -2.0905205E+01 -1.3908999E+01 -3.6288909E+00
2026 07 24 03 58 00 000 -2.0907071E+01 -1.3913410E+01 -3.6219100E+00
2026 07 24 03 58 30 000 -2.0908935E+01 -1.3917817E+01 -3.6149238E+00
2026 07 24 03 59 00 000 -2.0910797E+01 -1.3922221E+01 -3.6079324E+00
2026 07 24 03 59 30 000 -2.0912657E+01 -1.3926621E+01 -3.6009356E+00
2026 07 24 04 00 00 000 -2.0914515E+01 -1.3931017E+01 -3.5939336E+00
2026 07 24 04 00 30 000 -2.0916372E+01 -1.3935410E+01 -3.5869264E+00
2026 07 24 04 01 00 000 -2.0918227E+01 -1.3939799E+01 -3.5799139E+00
2026 07 24 04 01 30 000 -2.0920080E+01 -1.3944184E+01 -3.5728963E+00
2026 07 24 04 02 00 000 -2.0921932E+01 -1.3948565E+01 -3.5658735E+00
2026 07 24 04 02 30 000 -2.0923782E+01 -1.3952942E+01 -3.5588456E+00
2026 07 24 04 03 00 000 -2.0925630E+01 -1.3957316E+01 -3.5518125E+00
2026 07 24 04 03 30 000 -2.0927476E+01 -1.3961685E+01 -3.5447743E+00
2026 07 24 04 04 00 000 -2.0929321E+01 -1.3966051E+01 -3.5377311E+00
2026 07 24 04 04 30 000 -2.0931164E+01 -1.3970413E+01 -3.5306828E+00
2026 07 24 04 05 00 000 -2.0933005E+01 -1.3974771E+01 -3.5236294E+00
2026 07 24 04 05 30 000 -2.0934844E+01 -1.3979125E+01 -3.5165711E+00
2026 07 24 04 06 00 000 -2.0936682E+01 -1.3983476E+01 -3.5095077E+00
2026 07 24 04 06 30 000 -2.0938518E+01 -1.3987822E+01 -3.5024394E+00
2026 07 24 04 07 00 000 -2.0940352E+01 -1.3992165E+01 -3.4953661E+00
2026 07 24 04 07 30 000 -2.0942185E+01 -1.3996504E+01 -3.4882878E+00
2026 07 24 04 08 00 000 -2.0944016E+01 -1.4000839E+01 -3.4812047E+00
2026 07 24 04 08 30 000 -2.0945845E+01 -1.4005169E+01 -3.4741167E+00
2026 07 24 04 09 00 000 -2.0947672E+01 -1.4009496E+01 -3.4670238E+00
2026 07 24 04 09 30 000 -2.0949498E+01 -1.4013819E+01 -3.4599260E+00
2026 07 24 04 10 00 000 -2.0951322E+01 -1.4018138E+01 -3.4528234E+00
2026 07 24 04 10 30 000 -2.0953144E+01 -1.4022453E+01 -3.4457160E+00
2026 07 24 04 11 00 000 -2.0954965E+01 -1.4026765E+01 -3.4386039E+00
2026 07 24 04 11 30 000 -2.0956783E+01 -1.4031072E+01 -3.4314869E+00
2026 07 24 04 12 00 000 -2.0958600E+01 -1.4035375E+01 -3.4243652E+00
2026 07 24 04 12 30 000 -2.0960416E+01 -1.4039674E+01 -3.4172389E+00
2026 07 24 04 13 00 000 -2.0962229E+01 -1.4043969E+01 -3.4101078E+00
2026 07 24 04 13 30 000 -2.0964041E+01 -1.4048260E+01 -3.4029720E+00
2026 07 24 04 14 00 000 -2.0965851E+01 -1.4052547E+01 -3.3958316E+00
2026 07 24 04 14 30 000 -2.0967660E+01 -1.4056830E+01 -3.3886865E+00
2026 07 24 04 15 00 000 -2.0969466E+01 -1.4061109E+01 -3.3815369E+00
2026 07 24 04 15 30 000 -2.0971271E+01 -1.4065384E+01 -3.3743826E+00
2026 07 24 04 16 00 000 -2.0973075E+01 -1.4069655E+01 -3.3672238E+00
2026 07 24 04 16 30 000 -2.0974876E+01 -1.4073922E+01 -3.3600605E+00
2026 07 24 04 17 00 000 -2.0976676E+01 -1.4078185E+01 -3.3528926E+00
2026 07 24 04 17 30 000 -2.0978474E+01 -1.4082443E+01 -3.3457202E+00
2026 07 24 04 18 00 000 -2.0980271E+01 -1.4086698E+01 -3.3385434E+00
2026 07 24 04 18 30 000 -2.0982065E+01 -1.4090948E+01 -3.3313620E+00
2026 07 24 04 19 00 000 -2.0983858E+01 -1.4095195E+01 -3.3241763E+00
2026 07 24 04 19 30 000 -2.0985650E+01 -1.4099437E+01 -3.3169861E+00
2026 07 24 04 20 00 000 -2.0987439E+01 -1.4103675E+01 -3.3097916E+00
2026 07 24 04 20 30 000 -2.0989227E+01 -1.4107909E+01 -3.3025927E+00
2026 07 24 04 21 00 000 -2.0991013E+01 -1.4112139E+01 -3.2953894E+00
2026 07 24 04 21 30 000 -2.0992797E+01 -1.4116364E+01 -3.2881818E+00
2026 07 24 04 22 00 000 -2.0994580E+01 -1.4120586E+01 -3.2809699E+00
2026 07 24 04 22 30 000 -2.0996361E+01 -1.4124803E+01 -3.2737538E+00
2026 07 24 04 23 00 000 -2.0998140E+01 -1.4129016E+01 -3.2665334E+00
2026 07 24 04 23 30 000 -2.0999918E+01 -1.4133225E+01 -3.2593087E+00
2026 07 24 04 24 00 000 -2.1001694E+01 -1.4137430E+01 -3.2520799E+00
2026 07 24 04 24 30 000 -2.1003468E+01 -1.4141630E+01 -3.2448468E+00
2026 07 24 04 25 00 000 -2.1005240E+01 -1.4145826E+01 -3.2376096E+00
2026 07 24 04 25 30 000 -2.1007011E+01 -1.4150018E+01 -3.2303682E+00
2026 07 24 04 26 00 000 -2.1008780E+01 -1.4154206E+01 -3.2231228E+00
2026 07 24 04 26 30 000 -2.1010547E+01 -1.4158390E+01 -3.2158732E+00
2026 07 24 04 27 00 000 -2.1012313E+01 -1.4162569E+01 -3.2086195E+00
2026 07 24 04 27 30 000 -2.1014077E+01 -1.4166744E+01 -3.2013618E+00
2026 07 24 04 28 00 000 -2.1015839E+01 -1.4170915E+01 -3.1941001E+00
2026 07 24 04 28 30 000 -2.1017599E+01 -1.4175081E+01 -3.1868343E+00
2026 07 24 04 29 00 000 -2.1019358E+01 -1.4179244E+01 -3.1795646E+00
2026 07 24 04 29 30 000 -2.1021115E+01 -1.4183402E+01 -3.1722909E+00
2026 07 24 04 30 00 000 -2.1022870E+01 -1.4187555E+01 -3.1650133E+00
2026 07 24 04 30 30 000 -2.1024624E+01 -1.4191704E+01 -3.1577318E+00
2026 07 24 04 31 00 000 -2.1026376E+01 -1.4195849E+01 -3.1504463E+00
2026 07 24 04 31 30 000 -2.1028126E+01 -1.4199990E+01 -3.1431570E+00
2026 07 24 04 32 00 000 -2.1029875E+01 -1.4204127E+01 -3.1358639E+00
2026 07 24 04 32 30 000 -2.1031621E+01 -1.4208259E+01 -3.1285669E+00
2026 07 24 04 33 00 000 -2.1033366E+01 -1.4212386E+01 -3.1212661E+00
2026 07 24 04 33 30 000 -2.1035110E+01 -1.4216510E+01 -3.1139616E+00
2026 07 24 04 34 00 000 -2.1036852E+01 -1.4220629E+01 -3.1066533E+00
2026 07 24 04 34 30 000 -2.1038592E+01 -1.4224743E+01 -3.0993413E+00
2026 07 24 04 35 00 000 -2.1040330E+01 -1.4228853E+01 -3.0920255E+00
2026 07 24 04 35 30 000 -2.1042066E+01 -1.4232959E+01 -3.0847061E+00
2026 07 24 04 36 00 000 -2.1043801E+01 -1.4237061E+01 -3.0773830E+00
2026 07 24 04 36 30 000 -2.1045534E+01 -1.4241158E+01 -3.0700563E+00
2026 07 24 04 37 00 000 -2.1047266E+01 -1.4245250E+01 -3.0627259E+00
2026 07 24 04 37 30 000 -2.1048996E+01 -1.4249339E+01 -3.0553920E+00
2026 07 24 04 38 00 000 -2.1050724E+01 -1.4253422E+01 -3.0480545E+00
2026 07 24 04 38 30 000 -2.1052450E+01 -1.4257502E+01 -3.0407134E+00
2026 07 24 04 39 00 000 -2.1054175E+01 -1.4261577E+01 -3.0333689E+00
2026 07 24 04 39 30 000 -2.1055898E+01 -1.4265647E+01 -3.0260208E+00
2026 07 24 04 40 00 000 -2.1057619E+01 -1.4269713E+01 -3.0186693E+00
2026 07 24 04 40 30 000 -2.1059339E+01 -1.4273775E+01 -3.0113143E+00
2026 07 24 04 41 00 000 -2.1061057E+01 -1.4277832E+01 -3.0039558E+00
2026 07 24 04 41 30 000 -2.1062773E+01 -1.4281885E+01 -2.9965940E+00
2026 07 24 04 42 00 000 -2.1064487E+01 -1.4285933E+01 -2.9892288E+00
2026 07 24 04 42 30 000 -2.1066200E+01 -1.4289977E+01 -2.9818602E+00
2026 07 24 04 43 00 000 -2.1067911E+01 -1.4294016E+01 -2.9744883E+00
2026 07 24 04 43 30 000 -2.1069621E+01 -1.4298051E+01 -2.9671131E+00
2026 07 24 04 44 00 000 -2.1071328E+01 -1.4302081E+01 -2.9597347E+00
2026 07 24 04 44 30 000 -2.1073034E+01 -1.4306107E+01 -2.9523529E+00
2026 07 24 04 45 00 000 -2.1074739E+01 -1.4310128E+01 -2.9449679E+00
2026 07 24 04 45 30 000 -2.1076441E+01 -1.4314145E+01 -2.9375797E+00
2026 07 24 04 46 00 000 -2.1078142E+01 -1.4318157E+01 -2.9301883E+00
2026 07 24 04 46 30 000 -2.1079841E+01 -1.4322165E+01 -2.9227937E+00
2026 07 24 04 47 00 000 -2.1081539E+01 -1.4326168E+01 -2.9153960E+00
2026 07 24 04 47 30 000 -2.1083235E+01 -1.4330166E+01 -2.9079952E+00
2026 07 24 04 48 00 000 -2.1084929E+01 -1.4334160E+01 -2.9005913E+00
2026 07 24 04 48 30 000 -2.1086621E+01 -1.4338150E+01 -2.8931843E+00
2026 07 24 04 49 00 000 -2.1088312E+01 -1.4342135E+01 -2.8857742E+00
2026 07 24 04 49 30 000 -2.1090001E+01 -1.4346115E+01 -2.8783612E+00
2026 07 24 04 50 00 000 -2.1091689E+01 -1.4350091E+01 -2.8709451E+00
2026 07 24 04 50 30 000 -2.1093374E+01 -1.4354062E+01 -2.8635260E+00
2026 07 24 04 51 00 000 -2.1095058E+01 -1.4358029E+01 -2.8561041E+00
2026 07 24 04 51 30 000 -2.1096741E+01 -1.4361991E+01 -2.8486791E+00
2026 07 24 04 52 00 000 -2.1098421E+01 -1.4365948E+01 -2.8412513E+00
2026 07 24 04 52 30 000 -2.1100100E+01 -1.4369901E+01 -2.8338206E+00
2026 07 24 04 53 00 000 -2.1101778E+01 -1.4373849E+01 -2.8263870E+00
2026 07 24 04 53 30 000 -2.1103453E+01 -1.4377793E+01 -2.8189506E+00
2026 07 24 04 54 00 000 -2.1105127E+01 -1.4381731E+01 -2.8115115E+00
2026 07 24 04 54 30 000 -2.1106799E+01 -1.4385666E+01 -2.8040695E+00
2026 07 24 04 55 00 000 -2.1108470E+01 -1.4389595E+01 -2.7966247E+00
2026 07 24 04 55 30 000 -2.1110139E+01 -1.4393520E+01 -2.7891773E+00
2026 07 24 04 56 00 000 -2.1111806E+01 -1.4397441E+01 -2.7817271E+00
2026 07 24 04 56 30 000 -2.1113471E+01 -1.4401357E+01 -2.7742742E+00
2026 07 24 04 57 00 000 -2.1115135E+01 -1.4405268E+01 -2.7668187E+00
2026 07 24 04 57 30 000 -2.1116797E+01 -1.4409174E+01 -2.7593605E+00
2026 07 24 04 58 00 000 -2.1118458E+01 -1.4413076E+01 -2.7518997E+00
2026 07 24 04 58 30 000 -2.1120116E+01 -1.4416973E+01 -2.7444364E+00
2026 07 24 04 59 00 000 -2.1121773E+01 -1.4420865E+01 -2.7369704E+00
2026 07 24 04 59 30 000 -2.1123429E+01 -1.4424753E+01 -2.7295020E+00
2026 07 24 05 00 00 000 -2.1125082E+01 -1.4428636E+01 -2.7220310E+00
2026 07 24 05 00 30 000 -2.1126734E+01 -1.4432514E+01 -2.7145575E+00
2026 07 24 05 01 00 000 -2.1128385E+01 -1.4436388E+01 -2.7070816E+00
2026 07 24 05 01 30 000 -2.1130033E+01 -1.4440257E+01 -2.6996032E+00
2026 07 24 05 02 00 000 -2.1131680E+01 -1.4444121E+01 -2.6921224E+00
2026 07 24 05 02 30 000 -2.1133326E+01 -1.4447980E+01 -2.6846393E+00
2026 07 24 05 03 00 000 -2.1134969E+01 -1.4451835E+01 -2.6771537E+00
2026 07 24 05 03 30 000 -2.1136611E+01 -1.4455685E+01 -2.6696658E+00
2026 07 24 05 04 00 000 -2.1138252E+01 -1.4459531E+01 -2.6621756E+00
2026 07 24 05 04 30 000 -2.1139890E+01 -1.4463371E+01 -2.6546831E+00
2026 07 24 05 05 00 000 -2.1141527E+01 -1.4467207E+01 -2.6471884E+00
2026 07 24 05 05 30 000 -2.1143162E+01 -1.4471038E+01 -2.6396914E+00
2026 07 24 05 06 00 000 -2.1144796E+01 -1.4474864E+01 -2.6321921E+00
2026 07 24 05 06 30 000 -2.1146428E+01 -1.4478686E+01 -2.6246907E+00
2026 07 24 05 07 00 000 -2.1148058E+01 -1.4482503E+01 -2.6171871E+00
2026 07 24 05 07 30 000 -2.1149686E+01 -1.4486315E+01 -2.6096814E+00
2026 07 24 05 08 00 000 -2.1151313E+01 -1.4490122E+01 -2.6021735E+00
2026 07 24 05 08 30 000 -2.1152938E+01 -1.4493925E+01 -2.5946636E+00
2026 07 24 05 09 00 000 -2.1154562E+01 -1.4497722E+01 -2.5871516E+00
2026 07 24 05 09 30 000 -2.1156184E+01 -1.4501515E+01 -2.5796375E+00
2026 07 24 05 10 00 000 -2.1157804E+01 -1.4505304E+01 -2.5721214E+00
2026 07 24 05 10 30 000 -2.1159422E+01 -1.4509087E+01 -2.5646034E+00
2026 07 24 05 11 00 000 -2.1161039E+01 -1.4512866E+01 -2.5570833E+00
2026 07 24 05 11 30 000 -2.1162654E+01 -1.4516640E+01 -2.5495614E+00
2026 07 24 05 12 00 000 -2.1164268E+01 -1.4520409E+01 -2.5420374E+00
2026 07 24 05 12 30 000 -2.1165879E+01 -1.4524173E+01 -2.5345116E+00
2026 07 24 05 13 00 000 -2.1167489E+01 -1.4527932E+01 -2.5269840E+00
2026 07 24 05 13 30 000 -2.1169098E+01 -1.4531687E+01 -2.5194545E+00
2026 07 24 05 14 00 000 -2.1170705E+01 -1.4535437E+01 -2.5119231E+00
2026 07 24 05 14 30 000 -2.1172310E+01 -1.4539182E+01 -2.5043900E+00
2026 07 24 05 15 00 000 -2.1173913E+01 -1.4542922E+01 -2.4968551E+00
2026 07 24 05 15 30 000 -2.1175515E+01 -1.4546657E+01 -2.4893185E+00
2026 07 24 05 16 00 000 -2.1177115E+01 -1.4550387E+01 -2.4817801E+00
2026 07 24 05 16 30 000 -2.1178713E+01 -1.4554113E+01 -2.4742400E+00
2026 07 24 05 17 00 000 -2.1180310E+01 -1.4557834E+01 -2.4666983E+00
2026 07 24 05 17 30 000 -2.1181905E+01 -1.4561550E+01 -2.4591549E+00
2026 07 24 05 18 00 000 -2.1183499E+01 -1.4565261E+01 -2.4516100E+00
2026 07 24 05 18 30 000 -2.1185090E+01 -1.4568967E+01 -2.4440634E+00
2026 07 24 05 19 00 000 -2.1186680E+01 -1.4572669E+01 -2.4365152E+00
2026 07 24 05 19 30 000 -2.1188269E+01 -1.4576365E+01 -2.4289655E+00
2026 07 24 05 20 00 000 -2.1189856E+01 -1.4580057E+01 -2.4214143E+00
2026 07 24 05 20 30 000 -2.1191441E+01 -1.4583744E+01 -2.4138616E+00
2026 07 24 05 21 00 000 -2.1193024E+01 -1.4587426E+01 -2.4063075E+00
2026 07 24 05 21 30 000 -2.1194606E+01 -1.4591103E+01 -2.3987519E+00
2026 07 24 05 22 00 000 -2.1196186E+01 -1.4594775E+01 -2.3911948E+00
2026 07 24 05 22 30 000 -2.1197764E+01 -1.4598443E+01 -2.3836364E+00
2026 07 24 05 23 00 000 -2.1199341E+01 -1.4602105E+01 -2.3760767E+00
2026 07 24 05 23 30 000 -2.1200916E+01 -1.4605763E+01 -2.3685155E+00
2026 07 24 05 24 00 000 -2.1202490E+01 -1.4609415E+01 -2.3609531E+00
2026 07 24 05 24 30 000 -2.1204061E+01 -1.4613063E+01 -2.3533894E+00
2026 07 24 05 25 00 000 -2.1205632E+01 -1.4616706E+01 -2.3458244E+00
2026 07 24 05 25 30 000 -2.1207200E+01 -1.4620344E+01 -2.3382582E+00
2026 07 24 05 26 00 000 -2.1208767E+01 -1.4623978E+01 -2.3306907E+00
2026 07 24 05 26 30 000 -2.1210332E+01 -1.4627606E+01 -2.3231221E+00
2026 07 24 05 27 00 000 -2.1211895E+01 -1.4631229E+01 -2.3155523E+00
2026 07 24 05 27 30 000 -2.1213457E+01 -1.4634848E+01 -2.3079814E+00
2026 07 24 05 28 00 000 -2.1215017E+01 -1.4638461E+01 -2.3004094E+00
2026 07 24 05 28 30 000 -2.1216576E+01 -1.4642070E+01 -2.2928363E+00
2026 07 24 05 29 00 000 -2.1218133E+01 -1.4645674E+01 -2.2852621E+00
2026 07 24 05 29 30 000 -2.1219688E+01 -1.4649272E+01 -2.2776869E+00
2026 07 24 05 30 00 000 -2.1221241E+01 -1.4652866E+01 -2.2701107E+00
2026 07 24 05 30 30 000 -2.1222793E+01 -1.4656455E+01 -2.2625335E+00
2026 07 24 05 31 00 000 -2.1224343E+01 -1.4660040E+01 -2.2549553E+00
2026 07 24 05 31 30 000 -2.1225892E+01 -1.4663619E+01 -2.2473762E+00
2026 07 24 05 32 00 000 -2.1227439E+01 -1.4667193E+01 -2.2397962E+00
2026 07 24 05 32 30 000 -2.1228984E+01 -1.4670762E+01 -2.2322153E+00
2026 07 24 05 33 00 000 -2.1230528E+01 -1.4674327E+01 -2.2246336E+00
2026 07 24 05 33 30 000 -2.1232069E+01 -1.4677886E+01 -2.2170511E+00
2026 07 24 05 34 00 000 -2.1233610E+01 -1.4681441E+01 -2.2094677E+00
2026 07 24 05 34 30 000 -2.1235148E+01 -1.4684990E+01 -2.2018836E+00
2026 07 24 05 35 00 000 -2.1236685E+01 -1.4688535E+01 -2.1942987E+00
2026 07 24 05 35 30 000 -2.1238220E+01 -1.4692075E+01 -2.1867131E+00
2026 07 24 05 36 00 000 -2.1239754E+01 -1.4695609E+01 -2.1791268E+00
2026 07 24 05 36 30 000 -2.1241286E+01 -1.4699139E+01 -2.1715398E+00
2026 07 24 05 37 00 000 -2.1242816E+01 -1.4702664E+01 -2.1639521E+00
2026 07 24 05 37 30 000 -2.1244345E+01 -1.4706184E+01 -2.1563639E+00
2026 07 24 05 38 00 000 -2.1245872E+01 -1.4709699E+01 -2.1487750E+00
2026 07 24 05 38 30 000 -2.1247398E+01 -1.4713209E+01 -2.1411856E+00
2026 07 24 05 39 00 000 -2.1248921E+01 -1.4716714E+01 -2.1335956E+00
2026 07 24 05 39 30 000 -2.1250443E+01 -1.4720214E+01 -2.1260051E+00
2026 07 24 05 40 00 000 -2.1251964E+01 -1.4723710E+01 -2.1184141E+00
2026 07 24 05 40 30 000 -2.1253482E+01 -1.4727200E+01 -2.1108227E+00
2026 07 24 05 41 00 000 -2.1255000E+01 -1.4730685E+01 -2.1032308E+00
2026 07 24 05 41 30 000 -2.1256515E+01 -1.4734166E+01 -2.0956385E+00
2026 07 24 05 42 00 000 -2.1258029E+01 -1.4737641E+01 -2.0880458E+00
2026 07 24 05 42 30 000 -2.1259541E+01 -1.4741111E+01 -2.0804527E+00
2026 07 24 05 43 00 000 -2.1261052E+01 -1.4744577E+01 -2.0728593E+00
2026 07 24 05 43 30 000 -2.1262560E+01 -1.4748037E+01 -2.0652656E+00
2026 07 24 05 44 00 000 -2.1264068E+01 -1.4751493E+01 -2.0576716E+00
2026 07 24 05 44 30 000 -2.1265573E+01 -1.4754944E+01 -2.0500773E+00
2026 07 24 05 45 00 000 -2.1267077E+01 -1.4758389E+01 -2.0424828E+00
2026 07 24 05 45 30 000 -2.1268579E+01 -1.4761830E+01 -2.0348881E+00
2026 07 24 05 46 00 000 -2.1270080E+01 -1.4765266E+01 -2.0272932E+00
2026 07 24 05 46 30 000 -2.1271579E+01 -1.4768696E+01 -2.0196982E+00
2026 07 24 05 47 00 000 -2.1273076E+01 -1.4772122E+01 -2.0121030E+00
2026 07 24 05 47 30 000 -2.1274572E+01 -1.4775543E+01 -2.0045077E+00
2026 07 24 05 48 00 000 -2.1276066E+01 -1.4778959E+01 -1.9969124E+00
2026 07 24 05 48 30 000 -2.1277559E+01 -1.4782370E+01 -1.9893169E+00
2026 07 24 05 49 00 000 -2.1279049E+01 -1.4785776E+01 -1.9817215E+00
2026 07 24 05 49 30 000 -2.1280539E+01 -1.4789176E+01 -1.9741260E+00
2026 07 24 05 50 00 000 -2.1282026E+01 -1.4792572E+01 -1.9665306E+00
2026 07 24 05 50 30 000 -2.1283512E+01 -1.4795963E+01 -1.9589352E+00
2026 07 24 05 51 00 000 -2.1284996E+01 -1.4799349E+01 -1.9513399E+00
2026 07 24 05 51 30 000 -2.1286479E+01 -1.4802731E+01 -1.9437447E+00
2026 07 24 05 52 00 000 -2.1287960E+01 -1.4806107E+01 -1.9361497E+00
2026 07 24 05 52 30 000 -2.1289439E+01 -1.4809478E+01 -1.9285548E+00
2026 07 24 05 53 00 000 -2.1290916E+01 -1.4812844E+01 -1.9209601E+00
2026 07 24 05 53 30 000 -2.1292392E+01 -1.4816205E+01 -1.9133655E+00
2026 07 24 05 54 00 000 -2.1293867E+01 -1.4819561E+01 -1.9057712E+00
2026 07 24 05 54 30 000 -2.1295339E+01 -1.4822913E+01 -1.8981772E+00
2026 07 24 05 55 00 000 -2.1296811E+01 -1.4826259E+01 -1.8905834E+00
2026 07 24 05 55 30 000 -2.1298280E+01 -1.4829600E+01 -1.8829900E+00
2026 07 24 05 56 00 000 -2.1299748E+01 -1.4832936E+01 -1.8753969E+00
2026 07 24 05 56 30 000 -2.1301214E+01 -1.4836268E+01 -1.8678042E+00
2026 07 24 05 57 00 000 -2.1302678E+01 -1.4839594E+01 -1.8602118E+00
2026 07 24 05 57 30 000 -2.1304141E+01 -1.4842916E+01 -1.8526199E+00
2026 07 24 05 58 00 000 -2.1305603E+01 -1.4846232E+01 -1.8450284E+00
2026 07 24 05 58 30 000 -2.1307062E+01 -1.4849543E+01 -1.8374374E+00
2026 07 24 05 59 00 000 -2.1308520E+01 -1.4852850E+01 -1.8298469E+00
2026 07 24 05 59 30 000 -2.1309976E+01 -1.4856152E+01 -1.8222568E+00
2026 07 24 06 00 00 000 -2.1311431E+01 -1.4859448E+01 -1.8146674E+00
2026 07 24 06 00 30 000 -2.1312884E+01 -1.4862740E+01 -1.8070785E+00
2026 07 24 06 01 00 000 -2.1314336E+01 -1.4866026E+01 -1.7994902E+00
2026 07 24 06 01 30 000 -2.1315785E+01 -1.4869308E+01 -1.7919025E+00
2026 07 24 06 02 00 000 -2.1317234E+01 -1.4872585E+01 -1.7843155E+00
2026 07 24 06 02 30 000 -2.1318680E+01 -1.4875856E+01 -1.7767291E+00
2026 07 24 06 03 00 000 -2.1320125E+01 -1.4879123E+01 -1.7691435E+00
2026 07 24 06 03 30 000 -2.1321568E+01 -1.4882385E+01 -1.7615586E+00
2026 07 24 06 04 00 000 -2.1323010E+01 -1.4885642E+01 -1.7539745E+00
2026 07 24 06 04 30 000 -2.1324450E+01 -1.4888894E+01 -1.7463911E+00
2026 07 24 06 05 00 000 -2.1325888E+01 -1.4892141E+01 -1.7388085E+00
2026 07 24 06 05 30 000 -2.1327325E+01 -1.4895383E+01 -1.7312268E+00
2026 07 24 06 06 00 000 -2.1328760E+01 -1.4898620E+01 -1.7236459E+00
2026 07 24 06 06 30 000 -2.1330193E+01 -1.4901852E+01 -1.7160659E+00
2026 07 24 06 07 00 000 -2.1331625E+01 -1.4905079E+01 -1.7084868E+00
2026 07 24 06 07 30 000 -2.1333056E+01 -1.4908301E+01 -1.7009087E+00
2026 07 24 06 08 00 000 -2.1334484E+01 -1.4911518E+01 -1.6933315E+00
2026 07 24 06 08 30 000 -2.1335911E+01 -1.4914731E+01 -1.6857554E+00
2026 07 24 06 09 00 000 -2.1337336E+01 -1.4917938E+01 -1.6781802E+00
2026 07 24 06 09 30 000 -2.1338760E+01 -1.4921140E+01 -1.6706061E+00
2026 07 24 06 10 00 000 -2.1340182E+01 -1.4924338E+01 -1.6630330E+00
2026 07 24 06 10 30 000 -2.1341602E+01 -1.4927530E+01 -1.6554610E+00
2026 07 24 06 11 00 000 -2.1343021E+01 -1.4930718E+01 -1.6478902E+00
2026 07 24 06 11 30 000 -2.1344438E+01 -1.4933900E+01 -1.6403205E+00
2026 07 24 06 12 00 000 -2.1345854E+01 -1.4937078E+01 -1.6327520E+00
2026 07 24 06 12 30 000 -2.1347268E+01 -1.4940251E+01 -1.6251847E+00
2026 07 24 06 13 00 000 -2.1348680E+01 -1.4943418E+01 -1.6176186E+00
2026 07 24 06 13 30 000 -2.1350091E+01 -1.4946581E+01 -1.6100537E+00
2026 07 24 06 14 00 000 -2.1351500E+01 -1.4949739E+01 -1.6024901E+00
2026 07 24 06 14 30 000 -2.1352907E+01 -1.4952892E+01 -1.5949279E+00
2026 07 24 06 15 00 000 -2.1354313E+01 -1.4956040E+01 -1.5873669E+00
2026 07 24 06 15 30 000 -2.1355717E+01 -1.4959183E+01 -1.5798074E+00
2026 07 24 06 16 00 000 -2.1357120E+01 -1.4962321E+01 -1.5722492E+00
2026 07 24 06 16 30 000 -2.1358521E+01 -1.4965455E+01 -1.5646924E+00
2026 07 24 06 17 00 000 -2.1359920E+01 -1.4968583E+01 -1.5571370E+00
2026 07 24 06 17 30 000 -2.1361318E+01 -1.4971706E+01 -1.5495831E+00
2026 07 24 06 18 00 000 -2.1362714E+01 -1.4974825E+01 -1.5420307E+00
2026 07 24 06 18 30 000 -2.1364108E+01 -1.4977938E+01 -1.5344798E+00
2026 07 24 06 19 00 000 -2.1365501E+01 -1.4981047E+01 -1.5269305E+00
2026 07 24 06 19 30 000 -2.1366892E+01 -1.4984151E+01 -1.5193827E+00
2026 07 24 06 20 00 000 -2.1368282E+01 -1.4987250E+01 -1.5118365E+00
2026 07 24 06 20 30 000 -2.1369670E+01 -1.4990344E+01 -1.5042919E+00
2026 07 24 06 21 00 000 -2.1371056E+01 -1.4993433E+01 -1.4967490E+00
2026 07 24 06 21 30 000 -2.1372441E+01 -1.4996517E+01 -1.4892077E+00
2026 07 24 06 22 00 000 -2.1373824E+01 -1.4999596E+01 -1.4816681E+00
2026 07 24 06 22 30 000 -2.1375205E+01 -1.5002670E+01 -1.4741303E+00
2026 07 24 06 23 00 000 -2.1376585E+01 -1.5005740E+01 -1.4665942E+00
2026 07 24 06 23 30 000 -2.1377963E+01 -1.5008804E+01 -1.4590598E+00
2026 07 24 06 24 00 000 -2.1379340E+01 -1.5011864E+01 -1.4515273E+00
2026 07 24 06 24 30 000 -2.1380715E+01 -1.5014919E+01 -1.4439966E+00
2026 07 24 06 25 00 000 -2.1382088E+01 -1.5017969E+01 -1.4364677E+00
2026 07 24 06 25 30 000 -2.1383460E+01 -1.5021014E+01 -1.4289408E+00
2026 07 24 06 26 00 000 -2.1384830E+01 -1.5024054E+01 -1.4214157E+00
2026 07 24 06 26 30 000 -2.1386198E+01 -1.5027089E+01 -1.4138926E+00
2026 07 24 06 27 00 000 -2.1387565E+01 -1.5030120E+01 -1.4063714E+00
2026 07 24 06 27 30 000 -2.1388931E+01 -1.5033145E+01 -1.3988522E+00
2026 07 24 06 28 00 000 -2.1390294E+01 -1.5036166E+01 -1.3913350E+00
2026 07 24 06 28 30 000 -2.1391656E+01 -1.5039182E+01 -1.3838199E+00
2026 07 24 06 29 00 000 -2.1393017E+01 -1.5042193E+01 -1.3763068E+00
2026 07 24 06 29 30 000 -2.1394376E+01 -1.5045199E+01 -1.3687958E+00
2026 07 24 06 30 00 000 -2.1395733E+01 -1.5048200E+01 -1.3612869E+00
2026 07 24 06 30 30 000 -2.1397088E+01 -1.5051196E+01 -1.3537801E+00
2026 07 24 06 31 00 000 -2.1398442E+01 -1.5054188E+01 -1.3462755E+00
2026 07 24 06 31 30 000 -2.1399795E+01 -1.5057175E+01 -1.3387731E+00
2026 07 24 06 32 00 000 -2.1401145E+01 -1.5060157E+01 -1.3312730E+00
2026 07 24 06 32 30 000 -2.1402495E+01 -1.5063134E+01 -1.3237750E+00
2026 07 24 06 33 00 000 -2.1403842E+01 -1.5066106E+01 -1.3162793E+00
2026 07 24 06 33 30 000 -2.1405188E+01 -1.5069073E+01 -1.3087860E+00
2026 07 24 06 34 00 000 -2.1406532E+01 -1.5072036E+01 -1.3012949E+00
2026 07 24 06 34 30 000 -2.1407875E+01 -1.5074994E+01 -1.2938062E+00
2026 07 24 06 35 00 000 -2.1409216E+01 -1.5077947E+01 -1.2863199E+00
2026 07 24 06 35 30 000 -2.1410555E+01 -1.5080895E+01 -1.2788360E+00
2026 07 24 06 36 00 000 -2.1411893E+01 -1.5083838E+01 -1.2713545E+00
2026 07 24 06 36 30 000 -2.1413230E+01 -1.5086777E+01 -1.2638754E+00
2026 07 24 06 37 00 000 -2.1414564E+01 -1.5089710E+01 -1.2563988E+00
2026 07 24 06 37 30 000 -2.1415897E+01 -1.5092639E+01 -1.2489248E+00
2026 07 24 06 38 00 000 -2.1417229E+01 -1.5095563E+01 -1.2414532E+00
2026 07 24 06 38 30 000 -2.1418558E+01 -1.5098483E+01 -1.2339842E+00
2026 07 24 06 39 00 000 -2.1419887E+01 -1.5101397E+01 -1.2265178E+00
2026 07 24 06 39 30 000 -2.1421213E+01 -1.5104307E+01 -1.2190540E+00
2026 07 24 06 40 00 000 -2.1422538E+01 -1.5107212E+01 -1.2115928E+00
2026 07 24 06 40 30 000 -2.1423862E+01 -1.5110112E+01 -1.2041343E+00
2026 07 24 06 41 00 000 -2.1425183E+01 -1.5113008E+01 -1.1966785E+00
2026 07 24 06 41 30 000 -2.1426503E+01 -1.5115899E+01 -1.1892254E+00
2026 07 24 06 42 00 000 -2.1427822E+01 -1.5118785E+01 -1.1817750E+00
2026 07 24 06 42 30 000 -2.1429139E+01 -1.5121666E+01 -1.1743274E+00
2026 07 24 06 43 00 000 -2.1430454E+01 -1.5124542E+01 -1.1668826E+00
2026 07 24 06 43 30 000 -2.1431768E+01 -1.5127414E+01 -1.1594406E+00
2026 07 24 06 44 00 000 -2.1433080E+01 -1.5130281E+01 -1.1520014E+00
2026 07 24 06 44 30 000 -2.1434391E+01 -1.5133143E+01 -1.1445651E+00
2026 07 24 06 45 00 000 -2.1435700E+01 -1.5136001E+01 -1.1371316E+00
2026 07 24 06 45 30 000 -2.1437007E+01 -1.5138853E+01 -1.1297011E+00
2026 07 24 06 46 00 000 -2.1438313E+01 -1.5141702E+01 -1.1222736E+00
2026 07 24 06 46 30 000 -2.1439617E+01 -1.5144545E+01 -1.1148490E+00
2026 07 24 06 47 00 000 -2.1440919E+01 -1.5147383E+01 -1.1074274E+00
2026 07 24 06 47 30 000 -2.1442220E+01 -1.5150217E+01 -1.1000088E+00
2026 07 24 06 48 00 000 -2.1443519E+01 -1.5153047E+01 -1.0925933E+00
2026 07 24 06 48 30 000 -2.1444817E+01 -1.5155871E+01 -1.0851809E+00
2026 07 24 06 49 00 000 -2.1446113E+01 -1.5158691E+01 -1.0777715E+00
2026 07 24 06 49 30 000 -2.1447408E+01 -1.5161506E+01 -1.0703653E+00
2026 07 24 06 50 00 000 -2.1448701E+01 -1.5164317E+01 -1.0629622E+00
2026 07 24 06 50 30 000 -2.1449992E+01 -1.5167122E+01 -1.0555623E+00
2026 07 24 06 51 00 000 -2.1451282E+01 -1.5169923E+01 -1.0481656E+00
2026 07 24 06 51 30 000 -2.1452570E+01 -1.5172720E+01 -1.0407721E+00
2026 07 24 06 52 00 000 -2.1453856E+01 -1.5175512E+01 -1.0333818E+00
2026 07 24 06 52 30 000 -2.1455141E+01 -1.5178299E+01 -1.0259949E+00
2026 07 24 06 53 00 000 -2.1456424E+01 -1.5181081E+01 -1.0186112E+00
2026 07 24 06 53 30 000 -2.1457706E+01 -1.5183859E+01 -1.0112309E+00
2026 07 24 06 54 00 000 -2.1458986E+01 -1.5186632E+01 -1.0038539E+00
2026 07 24 06 54 30 000 -2.1460265E+01 -1.5189401E+01 -9.9648036E-01
2026 07 24 06 55 00 000 -2.1461541E+01 -1.5192165E+01 -9.8911017E-01
2026 07 24 06 55 30 000 -2.1462817E+01 -1.5194924E+01 -9.8174343E-01
2026 07 24 06 56 00 000 -2.1464090E+01 -1.5197679E+01 -9.7438013E-01
2026 07 24 06 56 30 000 -2.1465363E+01 -1.5200429E+01 -9.6702032E-01
2026 07 24 06 57 00 000 -2.1466633E+01 -1.5203174E+01 -9.5966402E-01
2026 07 24 06 57 30 000 -2.1467902E+01 -1.5205915E+01 -9.5231125E-01
2026 07 24 06 58 00 000 -2.1469169E+01 -1.5208651E+01 -9.4496204E-01
2026 07 24 06 58 30 000 -2.1470435E+01 -1.5211383E+01 -9.3761642E-01
2026 07 24 06 59 00 000 -2.1471699E+01 -1.5214110E+01 -9.3027440E-01
2026 07 24 06 59 30 000 -2.1472962E+01 -1.5216832E+01 -9.2293603E-01
2026 07 24 07 00 00 000 -2.1474223E+01 -1.5219550E+01 -9.1560130E-01
2026 07 24 07 00 30 000 -2.1475482E+01 -1.5222264E+01 -9.0827027E-01
2026 07 24 07 01 00 000 -2.1476740E+01 -1.5224972E+01 -9.0094295E-01
2026 07 24 07 01 30 000 -2.1477996E+01 -1.5227677E+01 -8.9361937E-01
2026 07 24 07 02 00 000 -2.1479250E+01 -1.5230376E+01 -8.8629955E-01
2026 07 24 07 02 30 000 -2.1480503E+01 -1.5233071E+01 -8.7898351E-01
2026 07 24 07 03 00 000 -2.1481755E+01 -1.5235762E+01 -8.7167129E-01
2026 07 24 07 03 30 000 -2.1483005E+01 -1.5238448E+01 -8.6436291E-01
2026 07 24 07 04 00 000 -2.1484253E+01 -1.5241130E+01 -8.5705840E-01
2026 07 24 07 04 30 000 -2.1485499E+01 -1.5243807E+01 -8.4975778E-01
2026 07 24 07 05 00 000 -2.1486744E+01 -1.5246479E+01 -8.4246107E-01
2026 07 24 07 05 30 000 -2.1487988E+01 -1.5249147E+01 -8.3516828E-01
2026 07 24 07 06 00 000 -2.1489230E+01 -1.5251810E+01 -8.2787949E-01
2026 07 24 07 06 30 000 -2.1490470E+01 -1.5254469E+01 -8.2059467E-01
2026 07 24 07 07 00 000 -2.1491708E+01 -1.5257124E+01 -8.1331387E-01
2026 07 24 07 07 30 000 -2.1492946E+01 -1.5259774E+01 -8.0603712E-01
2026 07 24 07 08 00 000 -2.1494181E+01 -1.5262420E+01 -7.9876444E-01
2026 07 24 07 08 30 000 -2.1495415E+01 -1.5265061E+01 -7.9149584E-01
2026 07 24 07 09 00 000 -2.1496647E+01 -1.5267697E+01 -7.8423136E-01
2026 07 24 07 09 30 000 -2.1497878E+01 -1.5270329E+01 -7.7697101E-01
2026 07 24 07 10 00 000 -2.1499107E+01 -1.5272957E+01 -7.6971482E-01
2026 07 24 07 10 30 000 -2.1500335E+01 -1.5275580E+01 -7.6246285E-01
2026 07 24 07 11 00 000 -2.1501560E+01 -1.5278199E+01 -7.5521509E-01
2026 07 24 07 11 30 000 -2.1502785E+01 -1.5280814E+01 -7.4797156E-01
2026 07 24 07 12 00 000 -2.1504008E+01 -1.5283423E+01 -7.4073233E-01
2026 07 24 07 12 30 000 -2.1505229E+01 -1.5286029E+01 -7.3349736E-01
2026 07 24 07 13 00 000 -2.1506448E+01 -1.5288630E+01 -7.2626672E-01
2026 07 24 07 13 30 000 -2.1507666E+01 -1.5291227E+01 -7.1904042E-01
2026 07 24 07 14 00 000 -2.1508883E+01 -1.5293819E+01 -7.1181848E-01
2026 07 24 07 14 30 000 -2.1510098E+01 -1.5296407E+01 -7.0460094E-01
2026 07 24 07 15 00 000 -2.1511311E+01 -1.5298991E+01 -6.9738784E-01
2026 07 24 07 15 30 000 -2.1512522E+01 -1.5301570E+01 -6.9017916E-01
2026 07 24 07 16 00 000 -2.1513733E+01 -1.5304145E+01 -6.8297494E-01
2026 07 24 07 16 30 000 -2.1514941E+01 -1.5306715E+01 -6.7577523E-01
2026 07 24 07 17 00 000 -2.1516148E+01 -1.5309281E+01 -6.6858003E-01
2026 07 24 07 17 30 000 -2.1517353E+01 -1.5311843E+01 -6.6138939E-01
2026 07 24 07 18 00 000 -2.1518557E+01 -1.5314401E+01 -6.5420331E-01
2026 07 24 07 18 30 000 -2.1519759E+01 -1.5316954E+01 -6.4702182E-01
2026 07 24 07 19 00 000 -2.1520960E+01 -1.5319502E+01 -6.3984495E-01
2026 07 24 07 19 30 000 -2.1522159E+01 -1.5322047E+01 -6.3267273E-01
2026 07 24 07 20 00 000 -2.1523356E+01 -1.5324587E+01 -6.2550516E-01
2026 07 24 07 20 30 000 -2.1524552E+01 -1.5327123E+01 -6.1834230E-01
2026 07 24 07 21 00 000 -2.1525746E+01 -1.5329654E+01 -6.1118414E-01
2026 07 24 07 21 30 000 -2.1526939E+01 -1.5332182E+01 -6.0403074E-01
2026 07 24 07 22 00 000 -2.1528130E+01 -1.5334705E+01 -5.9688210E-01
2026 07 24 07 22 30 000 -2.1529320E+01 -1.5337223E+01 -5.8973825E-01
2026 07 24 07 23 00 000 -2.1530508E+01 -1.5339738E+01 -5.8259921E-01
2026 07 24 07 23 30 000 -2.1531694E+01 -1.5342248E+01 -5.7546502E-01
2026 07 24 07 24 00 000 -2.1532879E+01 -1.5344754E+01 -5.6833569E-01
2026 07 24 07 24 30 000 -2.1534062E+01 -1.5347255E+01 -5.6121125E-01
2026 07 24 07 25 00 000 -2.1535243E+01 -1.5349753E+01 -5.5409173E-01
2026 07 24 07 25 30 000 -2.1536424E+01 -1.5352246E+01 -5.4697715E-01
2026 07 24 07 26 00 000 -2.1537602E+01 -1.5354735E+01 -5.3986753E-01
2026 07 24 07 26 30 000 -2.1538779E+01 -1.5357220E+01 -5.3276290E-01
2026 07 24 07 27 00 000 -2.1539954E+01 -1.5359700E+01 -5.2566328E-01
2026 07 24 07 27 30 000 -2.1541128E+01 -1.5362177E+01 -5.1856870E-01
2026 07 24 07 28 00 000 -2.1542300E+01 -1.5364649E+01 -5.1147918E-01
2026 07 24 07 28 30 000 -2.1543471E+01 -1.5367117E+01 -5.0439476E-01
2026 07 24 07 29 00 000 -2.1544640E+01 -1.5369581E+01 -4.9731544E-01
2026 07 24 07 29 30 000 -2.1545807E+01 -1.5372040E+01 -4.9024125E-01
2026 07 24 07 30 00 000 -2.1546973E+01 -1.5374496E+01 -4.8317223E-01
2026 07 24 07 30 30 000 -2.1548137E+01 -1.5376947E+01 -4.7610840E-01
2026 07 24 07 31 00 000 -2.1549300E+01 -1.5379394E+01 -4.6904977E-01
2026 07 24 07 31 30 000 -2.1550461E+01 -1.5381838E+01 -4.6199637E-01
2026 07 24 07 32 00 000 -2.1551621E+01 -1.5384276E+01 -4.5494823E-01
2026 07 24 07 32 30 000 -2.1552779E+01 -1.5386711E+01 -4.4790537E-01
2026 07 24 07 33 00 000 -2.1553935E+01 -1.5389142E+01 -4.4086783E-01
2026 07 24 07 33 30 000 -2.1555090E+01 -1.5391569E+01 -4.3383562E-01
2026 07 24 07 34 00 000 -2.1556243E+01 -1.5393991E+01 -4.2680875E-01
2026 07 24 07 34 30 000 -2.1557395E+01 -1.5396410E+01 -4.1978726E-01
2026 07 24 07 35 00 000 -2.1558545E+01 -1.5398824E+01 -4.1277116E-01
2026 07 24 07 35 30 000 -2.1559693E+01 -1.5401234E+01 -4.0576052E-01
2026 07 24 07 36 00 000 -2.1560840E+01 -1.5403640E+01 -3.9875531E-01
2026 07 24 07 36 30 000 -2.1561986E+01 -1.5406043E+01 -3.9175558E-01
2026 07 24 07 37 00 000 -2.1563130E+01 -1.5408441E+01 -3.8476137E-01
2026 07 24 07 37 30 000 -2.1564272E+01 -1.5410835E+01 -3.7777267E-01
2026 07 24 07 38 00 000 -2.1565413E+01 -1.5413225E+01 -3.7078953E-01
2026 07 24 07 38 30 000 -2.1566552E+01 -1.5415611E+01 -3.6381193E-01
2026 07 24 07 39 00 000 -2.1567689E+01 -1.5417993E+01 -3.5683995E-01
2026 07 24 07 39 30 000 -2.1568825E+01 -1.5420371E+01 -3.4987356E-01
2026 07 24 07 40 00 000 -2.1569960E+01 -1.5422745E+01 -3.4291286E-01
2026 07 24 07 40 30 000 -2.1571092E+01 -1.5425115E+01 -3.3595783E-01
2026 07 24 07 41 00 000 -2.1572224E+01 -1.5427481E+01 -3.2900846E-01
2026 07 24 07 41 30 000 -2.1573353E+01 -1.5429843E+01 -3.2206484E-01
2026 07 24 07 42 00 000 -2.1574482E+01 -1.5432202E+01 -3.1512696E-01
2026 07 24 07 42 30 000 -2.1575608E+01 -1.5434556E+01 -3.0819482E-01
2026 07 24 07 43 00 000 -2.1576733E+01 -1.5436906E+01 -3.0126845E-01
2026 07 24 07 43 30 000 -2.1577857E+01 -1.5439252E+01 -2.9434792E-01
2026 07 24 07 44 00 000 -2.1578978E+01 -1.5441595E+01 -2.8743321E-01
2026 07 24 07 44 30 000 -2.1580099E+01 -1.5443933E+01 -2.8052439E-01
2026 07 24 07 45 00 000 -2.1581218E+01 -1.5446268E+01 -2.7362145E-01
2026 07 24 07 45 30 000 -2.1582335E+01 -1.5448599E+01 -2.6672439E-01
2026 07 24 07 46 00 000 -2.1583450E+01 -1.5450926E+01 -2.5983328E-01
2026 07 24 07 46 30 000 -2.1584564E+01 -1.5453249E+01 -2.5294814E-01
2026 07 24 07 47 00 000 -2.1585677E+01 -1.5455568E+01 -2.4606894E-01
2026 07 24 07 47 30 000 -2.1586788E+01 -1.5457883E+01 -2.3919576E-01
2026 07 24 07 48 00 000 -2.1587897E+01 -1.5460194E+01 -2.3232860E-01
2026 07 24 07 48 30 000 -2.1589005E+01 -1.5462502E+01 -2.2546749E-01
2026 07 24 07 49 00 000 -2.1590111E+01 -1.5464805E+01 -2.1861246E-01
2026 07 24 07 49 30 000 -2.1591216E+01 -1.5467105E+01 -2.1176352E-01
2026 07 24 07 50 00 000 -2.1592319E+01 -1.5469401E+01 -2.0492070E-01
2026 07 24 07 50 30 000 -2.1593420E+01 -1.5471694E+01 -1.9808403E-01
2026 07 24 07 51 00 000 -2.1594520E+01 -1.5473982E+01 -1.9125353E-01
2026 07 24 07 51 30 000 -2.1595619E+01 -1.5476267E+01 -1.8442921E-01
2026 07 24 07 52 00 000 -2.1596716E+01 -1.5478548E+01 -1.7761110E-01
2026 07 24 07 52 30 000 -2.1597811E+01 -1.5480825E+01 -1.7079923E-01
2026 07 24 07 53 00 000 -2.1598904E+01 -1.5483098E+01 -1.6399363E-01
2026 07 24 07 53 30 000 -2.1599997E+01 -1.5485368E+01 -1.5719431E-01
2026 07 24 07 54 00 000 -2.1601087E+01 -1.5487633E+01 -1.5040129E-01
2026 07 24 07 54 30 000 -2.1602176E+01 -1.5489896E+01 -1.4361461E-01
2026 07 24 07 55 00 000 -2.1603264E+01 -1.5492154E+01 -1.3683428E-01
2026 07 24 07 55 30 000 -2.1604350E+01 -1.5494409E+01 -1.3006033E-01
2026 07 24 07 56 00 000 -2.1605434E+01 -1.5496660E+01 -1.2329278E-01
2026 07 24 07 56 30 000 -2.1606517E+01 -1.5498907E+01 -1.1653165E-01
2026 07 24 07 57 00 000 -2.1607598E+01 -1.5501151E+01 -1.0977697E-01
2026 07 24 07 57 30 000 -2.1608678E+01 -1.5503390E+01 -1.0302877E-01
2026 07 24 07 58 00 000 -2.1609756E+01 -1.5505627E+01 -9.6287048E-02
2026 07 24 07 58 30 000 -2.1610832E+01 -1.5507859E+01 -8.9551841E-02
2026 07 24 07 59 00 000 -2.1611907E+01 -1.5510088E+01 -8.2823179E-02
2026 07 24 07 59 30 000 -2.1612981E+01 -1.5512314E+01 -7.6101080E-02
2026 07 24 08 00 00 000 -2.1614053E+01 -1.5514535E+01 -6.9385574E-02
2026 07 24 08 00 30 000 -2.1615123E+01 -1.5516753E+01 -6.2676668E-02
2026 07 24 08 01 00 000 -2.1616192E+01 -1.5518968E+01 -5.5974395E-02
2026 07 24 08 01 30 000 -2.1617259E+01 -1.5521179E+01 -4.9278776E-02
2026 07 24 08 02 00 000 -2.1618325E+01 -1.5523386E+01 -4.2589843E-02
2026 07 24 08 02 30 000 -2.1619389E+01 -1.5525590E+01 -3.5907602E-02
2026 07 24 08 03 00 000 -2.1620451E+01 -1.5527790E+01 -2.9232085E-02
2026 07 24 08 03 30 000 -2.1621512E+01 -1.5529987E+01 -2.2563314E-02
2026 07 24 08 04 00 000 -2.1622572E+01 -1.5532180E+01 -1.5901310E-02
2026 07 24 08 04 30 000 -2.1623630E+01 -1.5534369E+01 -9.2461084E-03
2026 07 24 08 05 00 000 -2.1624686E+01 -1.5536555E+01 -2.5977127E-03
2026 07 24 08 05 30 000 -2.1625741E+01 -1.5538737E+01 4.0438447E-03
2026 07 24 08 06 00 000 -2.1626794E+01 -1.5540916E+01 1.0678543E-02
2026 07 24 08 06 30 000 -2.1627846E+01 -1.5543092E+01 1.7306354E-02
2026 07 24 08 07 00 000 -2.1628896E+01 -1.5545264E+01 2.3927260E-02
2026 07 24 08 07 30 000 -2.1629944E+01 -1.5547432E+01 3.0541242E-02
2026 07 24 08 08 00 000 -2.1630991E+01 -1.5549597E+01 3.7148272E-02
2026 07 24 08 08 30 000 -2.1632037E+01 -1.5551759E+01 4.3748332E-02
2026 07 24 08 09 00 000 -2.1633081E+01 -1.5553917E+01 5.0341385E-02
2026 07 24 08 09 30 000 -2.1634123E+01 -1.5556072E+01 5.6927433E-02
2026 07 24 08 10 00 000 -2.1635164E+01 -1.5558223E+01 6.3506434E-02
2026 07 24 08 10 30 000 -2.1636203E+01 -1.5560371E+01 7.0078374E-02
2026 07 24 08 11 00 000 -2.1637241E+01 -1.5562515E+01 7.6643223E-02
2026 07 24 08 11 30 000 -2.1638277E+01 -1.5564656E+01 8.3200963E-02
2026 07 24 08 12 00 000 -2.1639312E+01 -1.5566793E+01 8.9751577E-02
2026 07 24 08 12 30 000 -2.1640345E+01 -1.5568928E+01 9.6295038E-02
2026 07 24 08 13 00 000 -2.1641376E+01 -1.5571059E+01 1.0283132E-01
2026 07 24 08 13 30 000 -2.1642406E+01 -1.5573186E+01 1.0936040E-01
2026 07 24 08 14 00 000 -2.1643434E+01 -1.5575310E+01 1.1588227E-01
2026 07 24 08 14 30 000 -2.1644461E+01 -1.5577431E+01 1.2239690E-01
2026 07 24 08 15 00 000 -2.1645487E+01 -1.5579548E+01 1.2890426E-01
2026 07 24 08 15 30 000 -2.1646510E+01 -1.5581663E+01 1.3540432E-01
2026 07 24 08 16 00 000 -2.1647533E+01 -1.5583774E+01 1.4189709E-01
2026 07 24 08 16 30 000 -2.1648553E+01 -1.5585881E+01 1.4838252E-01
2026 07 24 08 17 00 000 -2.1649572E+01 -1.5587985E+01 1.5486061E-01
2026 07 24 08 17 30 000 -2.1650590E+01 -1.5590086E+01 1.6133131E-01
2026 07 24 08 18 00 000 -2.1651606E+01 -1.5592184E+01 1.6779461E-01
2026 07 24 08 18 30 000 -2.1652620E+01 -1.5594279E+01 1.7425050E-01
2026 07 24 08 19 00 000 -2.1653633E+01 -1.5596370E+01 1.8069899E-01
2026 07 24 08 19 30 000 -2.1654645E+01 -1.5598458E+01 1.8713998E-01
2026 07 24 08 20 00 000 -2.1655654E+01 -1.5600542E+01 1.9357348E-01
2026 07 24 08 20 30 000 -2.1656663E+01 -1.5602624E+01 1.9999946E-01
2026 07 24 08 21 00 000 -2.1657669E+01 -1.5604702E+01 2.0641793E-01
2026 07 24 08 21 30 000 -2.1658675E+01 -1.5606778E+01 2.1282884E-01
2026 07 24 08 22 00 000 -2.1659678E+01 -1.5608850E+01 2.1923218E-01
2026 07 24 08 22 30 000 -2.1660680E+01 -1.5610918E+01 2.2562791E-01
2026 07 24 08 23 00 000 -2.1661681E+01 -1.5612984E+01 2.3201605E-01
2026 07 24 08 23 30 000 -2.1662680E+01 -1.5615046E+01 2.3839658E-01
2026 07 24 08 24 00 000 -2.1663677E+01 -1.5617106E+01 2.4476943E-01
2026 07 24 08 24 30 000 -2.1664673E+01 -1.5619162E+01 2.5113457E-01
2026 07 24 08 25 00 000 -2.1665668E+01 -1.5621215E+01 2.5749201E-01
2026 07 24 08 25 30 000 -2.1666661E+01 -1.5623265E+01 2.6384173E-01
2026 07 24 08 26 00 000 -2.1667652E+01 -1.5625312E+01 2.7018371E-01
2026 07 24 08 26 30 000 -2.1668642E+01 -1.5627356E+01 2.7651792E-01
2026 07 24 08 27 00 000 -2.1669630E+01 -1.5629397E+01 2.8284433E-01
2026 07 24 08 27 30 000 -2.1670617E+01 -1.5631434E+01 2.8916294E-01
2026 07 24 08 28 00 000 -2.1671602E+01 -1.5633469E+01 2.9547371E-01
2026 07 24 08 28 30 000 -2.1672585E+01 -1.5635501E+01 3.0177664E-01
2026 07 24 08 29 00 000 -2.1673567E+01 -1.5637529E+01 3.0807168E-01
2026 07 24 08 29 30 000 -2.1674548E+01 -1.5639555E+01 3.1435883E-01
2026 07 24 08 30 00 000 -2.1675527E+01 -1.5641577E+01 3.2063807E-01
2026 07 24 08 30 30 000 -2.1676504E+01 -1.5643597E+01 3.2690936E-01
2026 07 24 08 31 00 000 -2.1677480E+01 -1.5645613E+01 3.3317270E-01
2026 07 24 08 31 30 000 -2.1678455E+01 -1.5647627E+01 3.3942804E-01
2026 07 24 08 32 00 000 -2.1679427E+01 -1.5649637E+01 3.4567539E-01
2026 07 24 08 32 30 000 -2.1680399E+01 -1.5651645E+01 3.5191472E-01
2026 07 24 08 33 00 000 -2.1681368E+01 -1.5653650E+01 3.5814599E-01
2026 07 24 08 33 30 000 -2.1682337E+01 -1.5655651E+01 3.6436921E-01
2026 07 24 08 34 00 000 -2.1683303E+01 -1.5657650E+01 3.7058433E-01
2026 07 24 08 34 30 000 -2.1684268E+01 -1.5659646E+01 3.7679136E-01
2026 07 24 08 35 00 000 -2.1685232E+01 -1.5661639E+01 3.8299025E-01
2026 07 24 08 35 30 000 -2.1686194E+01 -1.5663629E+01 3.8918099E-01
2026 07 24 08 36 00 000 -2.1687155E+01 -1.5665616E+01 3.9536356E-01
2026 07 24 08 36 30 000 -2.1688114E+01 -1.5667601E+01 4.0153795E-01
2026 07 24 08 37 00 000 -2.1689071E+01 -1.5669582E+01 4.0770413E-01
2026 07 24 08 37 30 000 -2.1690027E+01 -1.5671561E+01 4.1386205E-01
2026 07 24 08 38 00 000 -2.1690981E+01 -1.5673537E+01 4.2001173E-01
2026 07 24 08 38 30 000 -2.1691934E+01 -1.5675510E+01 4.2615313E-01
2026 07 24 08 39 00 000 -2.1692885E+01 -1.5677480E+01 4.3228624E-01
2026 07 24 08 39 30 000 -2.1693835E+01 -1.5679447E+01 4.3841101E-01
2026 07 24 08 40 00 000 -2.1694783E+01 -1.5681412E+01 4.4452746E-01
2026 07 24 08 40 30 000 -2.1695730E+01 -1.5683373E+01 4.5063555E-01
2026 07 24 08 41 00 000 -2.1696675E+01 -1.5685332E+01 4.5673529E-01
2026 07 24 08 41 30 000 -2.1697619E+01 -1.5687289E+01 4.6282661E-01
2026 07 24 08 42 00 000 -2.1698561E+01 -1.5689242E+01 4.6890949E-01
2026 07 24 08 42 30 000 -2.1699502E+01 -1.5691193E+01 4.7498393E-01
2026 07 24 08 43 00 000 -2.1700441E+01 -1.5693141E+01 4.8104992E-01
2026 07 24 08 43 30 000 -2.1701378E+01 -1.5695086E+01 4.8710743E-01
2026 07 24 08 44 00 000 -2.1702314E+01 -1.5697029E+01 4.9315642E-01
2026 07 24 08 44 30 000 -2.1703249E+01 -1.5698969E+01 4.9919690E-01
2026 07 24 08 45 00 000 -2.1704181E+01 -1.5700906E+01 5.0522883E-01
2026 07 24 08 45 30 000 -2.1705113E+01 -1.5702841E+01 5.1125220E-01
2026 07 24 08 46 00 000 -2.1706043E+01 -1.5704773E+01 5.1726699E-01
2026 07 24 08 46 30 000 -2.1706971E+01 -1.5706702E+01 5.2327317E-01
2026 07 24 08 47 00 000 -2.1707898E+01 -1.5708628E+01 5.2927071E-01
2026 07 24 08 47 30 000 -2.1708823E+01 -1.5710552E+01 5.3525962E-01
2026 07 24 08 48 00 000 -2.1709747E+01 -1.5712474E+01 5.4123987E-01
2026 07 24 08 48 30 000 -2.1710669E+01 -1.5714393E+01 5.4721143E-01
2026 07 24 08 49 00 000 -2.1711590E+01 -1.5716309E+01 5.5317428E-01
2026 07 24 08 49 30 000 -2.1712509E+01 -1.5718222E+01 5.5912841E-01
2026 07 24 08 50 00 000 -2.1713426E+01 -1.5720134E+01 5.6507379E-01
2026 07 24 08 50 30 000 -2.1714342E+01 -1.5722042E+01 5.7101040E-01
2026 07 24 08 51 00 000 -2.1715257E+01 -1.5723948E+01 5.7693824E-01
2026 07 24 08 51 30 000 -2.1716170E+01 -1.5725851E+01 5.8285725E-01
2026 07 24 08 52 00 000 -2.1717081E+01 -1.5727752E+01 5.8876745E-01
2026 07 24 08 52 30 000 -2.1717991E+01 -1.5729651E+01 5.9466880E-01
2026 07 24 08 53 00 000 -2.1718900E+01 -1.5731546E+01 6.0056128E-01
2026 07 24 08 53 30 000 -2.1719807E+01 -1.5733440E+01 6.0644488E-01
2026 07 24 08 54 00 000 -2.1720712E+01 -1.5735331E+01 6.1231956E-01
2026 07 24 08 54 30 000 -2.1721616E+01 -1.5737219E+01 6.1818533E-01
2026 07 24 08 55 00 000 -2.1722518E+01 -1.5739105E+01 6.2404215E-01
2026 07 24 08 55 30 000 -2.1723419E+01 -1.5740989E+01 6.2989001E-01
2026 07 24 08 56 00 000 -2.1724318E+01 -1.5742870E+01 6.3572888E-01
2026 07 24 08 56 30 000 -2.1725216E+01 -1.5744748E+01 6.4155875E-01
2026 07 24 08 57 00 000 -2.1726112E+01 -1.5746625E+01 6.4737959E-01
2026 07 24 08 57 30 000 -2.1727007E+01 -1.5748498E+01 6.5319139E-01
2026 07 24 08 58 00 000 -2.1727900E+01 -1.5750370E+01 6.5899412E-01
2026 07 24 08 58 30 000 -2.1728792E+01 -1.5752239E+01 6.6478777E-01
2026 07 24 08 59 00 000 -2.1729682E+01 -1.5754106E+01 6.7057232E-01
2026 07 24 08 59 30 000 -2.1730570E+01 -1.5755970E+01 6.7634775E-01
2026 07 24 09 00 00 000 -2.1731457E+01 -1.5757832E+01 6.8211404E-01
2026 07 24 09 00 30 000 -2.1732343E+01 -1.5759692E+01 6.8787117E-01
2026 07 24 09 01 00 000 -2.1733227E+01 -1.5761549E+01 6.9361912E-01
2026 07 24 09 01 30 000 -2.1734110E+01 -1.5763404E+01 6.9935787E-01
2026 07 24 09 02 00 000 -2.1734991E+01 -1.5765257E+01 7.0508740E-01
2026 07 24 09 02 30 000 -2.1735870E+01 -1.5767107E+01 7.1080770E-01
2026 07 24 09 03 00 000 -2.1736748E+01 -1.5768956E+01 7.1651873E-01
2026 07 24 09 03 30 000 -2.1737624E+01 -1.5770802E+01 7.2222049E-01
2026 07 24 09 04 00 000 -2.1738499E+01 -1.5772645E+01 7.2791296E-01
2026 07 24 09 04 30 000 -2.1739373E+01 -1.5774487E+01 7.3359612E-01
2026 07 24 09 05 00 000 -2.1740244E+01 -1.5776326E+01 7.3926993E-01
2026 07 24 09 05 30 000 -2.1741115E+01 -1.5778163E+01 7.4493440E-01
2026 07 24 09 06 00 000 -2.1741984E+01 -1.5779998E+01 7.5058950E-01
2026 07 24 09 06 30 000 -2.1742851E+01 -1.5781830E+01 7.5623521E-01
2026 07 24 09 07 00 000 -2.1743717E+01 -1.5783661E+01 7.6187151E-01
2026 07 24 09 07 30 000 -2.1744581E+01 -1.5785489E+01 7.6749837E-01
2026 07 24 09 08 00 000 -2.1745444E+01 -1.5787315E+01 7.7311579E-01
2026 07 24 09 08 30 000 -2.1746305E+01 -1.5789139E+01 7.7872375E-01
2026 07 24 09 09 00 000 -2.1747164E+01 -1.5790961E+01 7.8432222E-01
2026 07 24 09 09 30 000 -2.1748023E+01 -1.5792780E+01 7.8991118E-01
2026 07 24 09 10 00 000 -2.1748879E+01 -1.5794598E+01 7.9549063E-01
2026 07 24 09 10 30 000 -2.1749734E+01 -1.5796413E+01 8.0106053E-01
2026 07 24 09 11 00 000 -2.1750588E+01 -1.5798226E+01 8.0662088E-01
2026 07 24 09 11 30 000 -2.1751440E+01 -1.5800038E+01 8.1217165E-01
2026 07 24 09 12 00 000 -2.1752291E+01 -1.5801847E+01 8.1771282E-01
2026 07 24 09 12 30 000 -2.1753140E+01 -1.5803654E+01 8.2324438E-01
2026 07 24 09 13 00 000 -2.1753987E+01 -1.5805459E+01 8.2876630E-01
2026 07 24 09 13 30 000 -2.1754833E+01 -1.5807262E+01 8.3427857E-01
2026 07 24 09 14 00 000 -2.1755678E+01 -1.5809063E+01 8.3978117E-01
2026 07 24 09 14 30 000 -2.1756521E+01 -1.5810862E+01 8.4527407E-01
2026 07 24 09 15 00 000 -2.1757362E+01 -1.5812659E+01 8.5075727E-01
2026 07 24 09 15 30 000 -2.1758202E+01 -1.5814454E+01 8.5623074E-01
2026 07 24 09 16 00 000 -2.1759041E+01 -1.5816247E+01 8.6169448E-01
2026 07 24 09 16 30 000 -2.1759878E+01 -1.5818038E+01 8.6714845E-01
2026 07 24 09 17 00 000 -2.1760713E+01 -1.5819827E+01 8.7259264E-01
2026 07 24 09 17 30 000 -2.1761547E+01 -1.5821614E+01 8.7802703E-01
2026 07 24 09 18 00 000 -2.1762379E+01 -1.5823400E+01 8.8345160E-01
2026 07 24 09 18 30 000 -2.1763210E+01 -1.5825183E+01 8.8886633E-01
2026 07 24 09 19 00 000 -2.1764040E+01 -1.5826964E+01 8.9427121E-01
2026 07 24 09 19 30 000 -2.1764867E+01 -1.5828744E+01 8.9966621E-01
2026 07 24 09 20 00 000 -2.1765694E+01 -1.5830522E+01 9.0505134E-01
2026 07 24 09 20 30 000 -2.1766519E+01 -1.5832297E+01 9.1042655E-01
2026 07 24 09 21 00 000 -2.1767342E+01 -1.5834071E+01 9.1579183E-01
2026 07 24 09 21 30 000 -2.1768164E+01 -1.5835843E+01 9.2114717E-01
2026 07 24 09 22 00 000 -2.1768984E+01 -1.5837613E+01 9.2649255E-01
2026 07 24 09 22 30 000 -2.1769803E+01 -1.5839382E+01 9.3182795E-01
2026 07 24 09 23 00 000 -2.1770620E+01 -1.5841148E+01 9.3715335E-01
2026 07 24 09 23 30 000 -2.1771436E+01 -1.5842913E+01 9.4246874E-01
2026 07 24 09 24 00 000 -2.1772250E+01 -1.5844676E+01 9.4777410E-01
2026 07 24 09 24 30 000 -2.1773063E+01 -1.5846437E+01 9.5306941E-01
2026 07 24 09 25 00 000 -2.1773874E+01 -1.5848196E+01 9.5835464E-01
2026 07 24 09 25 30 000 -2.1774684E+01 -1.5849954E+01 9.6362979E-01
2026 07 24 09 26 00 000 -2.1775492E+01 -1.5851710E+01 9.6889484E-01
2026 07 24 09 26 30 000 -2.1776299E+01 -1.5853464E+01 9.7414976E-01
2026 07 24 09 27 00 000 -2.1777104E+01 -1.5855216E+01 9.7939455E-01
2026 07 24 09 27 30 000 -2.1777907E+01 -1.5856967E+01 9.8462918E-01
2026 07 24 09 28 00 000 -2.1778710E+01 -1.5858716E+01 9.8985364E-01
2026 07 24 09 28 30 000 -2.1779510E+01 -1.5860463E+01 9.9506791E-01
2026 07 24 09 29 00 000 -2.1780309E+01 -1.5862209E+01 1.0002720E+00
2026 07 24 09 29 30 000 -2.1781107E+01 -1.5863953E+01 1.0054658E+00
2026 07 24 09 30 00 000 -2.1781903E+01 -1.5865695E+01 1.0106494E+00
2026 07 24 09 30 30 000 -2.1782698E+01 -1.5867436E+01 1.0158227E+00
2026 07 24 09 31 00 000 -2.1783491E+01 -1.5869175E+01 1.0209858E+00
2026 07 24 09 31 30 000 -2.1784282E+01 -1.5870912E+01 1.0261385E+00
2026 07 24 09 32 00 000 -2.1785072E+01 -1.5872648E+01 1.0312810E+00
2026 07 24 09 32 30 000 -2.1785861E+01 -1.5874382E+01 1.0364131E+00
2026 07 24 09 33 00 000 -2.1786648E+01 -1.5876114E+01 1.0415348E+00
2026 07 24 09 33 30 000 -2.1787434E+01 -1.5877845E+01 1.0466463E+00
2026 07 24 09 34 00 000 -2.1788218E+01 -1.5879575E+01 1.0517473E+00
2026 07 24 09 34 30 000 -2.1789000E+01 -1.5881302E+01 1.0568379E+00
2026 07 24 09 35 00 000 -2.1789781E+01 -1.5883029E+01 1.0619181E+00
2026 07 24 09 35 30 000 -2.1790561E+01 -1.5884753E+01 1.0669879E+00
2026 07 24 09 36 00 000 -2.1791339E+01 -1.5886477E+01 1.0720472E+00
2026 07 24 09 36 30 000 -2.1792115E+01 -1.5888198E+01 1.0770961E+00
2026 07 24 09 37 00 000 -2.1792890E+01 -1.5889919E+01 1.0821345E+00
2026 07 24 09 37 30 000 -2.1793664E+01 -1.5891637E+01 1.0871624E+00
2026 07 24 09 38 00 000 -2.1794436E+01 -1.5893355E+01 1.0921798E+00
2026 07 24 09 38 30 000 -2.1795207E+01 -1.5895070E+01 1.0971866E+00
2026 07 24 09 39 00 000 -2.1795976E+01 -1.5896785E+01 1.1021829E+00
2026 07 24 09 39 30 000 -2.1796743E+01 -1.5898498E+01 1.1071686E+00
2026 07 24 09 40 00 000 -2.1797509E+01 -1.5900209E+01 1.1121438E+00
2026 07 24 09 40 30 000 -2.1798274E+01 -1.5901919E+01 1.1171083E+00
2026 07 24 09 41 00 000 -2.1799037E+01 -1.5903628E+01 1.1220623E+00
2026 07 24 09 41 30 000 -2.1799798E+01 -1.5905335E+01 1.1270055E+00
2026 07 24 09 42 00 000 -2.1800558E+01 -1.5907041E+01 1.1319382E+00
2026 07 24 09 42 30 000 -2.1801317E+01 -1.5908745E+01 1.1368602E+00
2026 07 24 09 43 00 000 -2.1802073E+01 -1.5910448E+01 1.1417715E+00
2026 07 24 09 43 30 000 -2.1802829E+01 -1.5912150E+01 1.1466721E+00
2026 07 24 09 44 00 000 -2.1803583E+01 -1.5913850E+01 1.1515620E+00
2026 07 24 09 44 30 000 -2.1804335E+01 -1.5915549E+01 1.1564412E+00
2026 07 24 09 45 00 000 -2.1805086E+01 -1.5917247E+01 1.1613096E+00
2026 07 24 09 45 30 000 -2.1805836E+01 -1.5918943E+01 1.1661673E+00
2026 07 24 09 46 00 000 -2.1806584E+01 -1.5920639E+01 1.1710142E+00
2026 07 24 09 46 30 000 -2.1807330E+01 -1.5922332E+01 1.1758502E+00
2026 07 24 09 47 00 000 -2.1808075E+01 -1.5924025E+01 1.1806755E+00
2026 07 24 09 47 30 000 -2.1808819E+01 -1.5925716E+01 1.1854900E+00
2026 07 24 09 48 00 000 -2.1809561E+01 -1.5927406E+01 1.1902936E+00
2026 07 24 09 48 30 000 -2.1810301E+01 -1.5929095E+01 1.1950863E+00
2026 07 24 09 49 00 000 -2.1811040E+01 -1.5930783E+01 1.1998682E+00
2026 07 24 09 49 30 000 -2.1811778E+01 -1.5932469E+01 1.2046392E+00
2026 07 24 09 50 00 000 -2.1812514E+01 -1.5934154E+01 1.2093993E+00
2026 07 24 09 50 30 000 -2.1813248E+01 -1.5935838E+01 1.2141485E+00
2026 07 24 09 51 00 000 -2.1813981E+01 -1.5937521E+01 1.2188867E+00
2026 07 24 09 51 30 000 -2.1814713E+01 -1.5939202E+01 1.2236140E+00
2026 07 24 09 52 00 000 -2.1815443E+01 -1.5940883E+01 1.2283303E+00
2026 07 24 09 52 30 000 -2.1816171E+01 -1.5942562E+01 1.2330356E+00
2026 07 24 09 53 00 000 -2.1816898E+01 -1.5944240E+01 1.2377299E+00
2026 07 24 09 53 30 000 -2.1817624E+01 -1.5945917E+01 1.2424132E+00
2026 07 24 09 54 00 000 -2.1818348E+01 -1.5947593E+01 1.2470855E+00
2026 07 24 09 54 30 000 -2.1819070E+01 -1.5949267E+01 1.2517467E+00
2026 07 24 09 55 00 000 -2.1819791E+01 -1.5950941E+01 1.2563969E+00
2026 07 24 09 55 30 000 -2.1820511E+01 -1.5952613E+01 1.2610360E+00
2026 07 24 09 56 00 000 -2.1821229E+01 -1.5954285E+01 1.2656640E+00
2026 07 24 09 56 30 000 -2.1821945E+01 -1.5955955E+01 1.2702809E+00
2026 07 24 09 57 00 000 -2.1822660E+01 -1.5957625E+01 1.2748866E+00
2026 07 24 09 57 30 000 -2.1823374E+01 -1.5959293E+01 1.2794812E+00
2026 07 24 09 58 00 000 -2.1824086E+01 -1.5960960E+01 1.2840647E+00
2026 07 24 09 58 30 000 -2.1824796E+01 -1.5962626E+01 1.2886370E+00
2026 07 24 09 59 00 000 -2.1825506E+01 -1.5964291E+01 1.2931981E+00
2026 07 24 09 59 30 000 -2.1826213E+01 -1.5965956E+01 1.2977480E+00
2026 07 24 10 00 00 000 -2.1826919E+01 -1.5967619E+01 1.3022868E+00
2026 07 24 10 00 30 000 -2.1827624E+01 -1.5969281E+01 1.3068142E+00
2026 07 24 10 01 00 000 -2.1828327E+01 -1.5970942E+01 1.3113305E+00
2026 07 24 10 01 30 000 -2.1829028E+01 -1.5972603E+01 1.3158354E+00
2026 07 24 10 02 00 000 -2.1829728E+01 -1.5974262E+01 1.3203291E+00
2026 07 24 10 02 30 000 -2.1830427E+01 -1.5975920E+01 1.3248115E+00
2026 07 24 10 03 00 000 -2.1831124E+01 -1.5977578E+01 1.3292827E+00
2026 07 24 10 03 30 000 -2.1831820E+01 -1.5979234E+01 1.3337424E+00
2026 07 24 10 04 00 000 -2.1832514E+01 -1.5980890E+01 1.3381909E+00
2026 07 24 10 04 30 000 -2.1833207E+01 -1.5982545E+01 1.3426280E+00
2026 07 24 10 05 00 000 -2.1833898E+01 -1.5984198E+01 1.3470537E+00
2026 07 24 10 05 30 000 -2.1834587E+01 -1.5985851E+01 1.3514681E+00
2026 07 24 10 06 00 000 -2.1835276E+01 -1.5987504E+01 1.3558711E+00
2026 07 24 10 06 30 000 -2.1835962E+01 -1.5989155E+01 1.3602626E+00
2026 07 24 10 07 00 000 -2.1836647E+01 -1.5990805E+01 1.3646428E+00
2026 07 24 10 07 30 000 -2.1837331E+01 -1.5992455E+01 1.3690115E+00
2026 07 24 10 08 00 000 -2.1838013E+01 -1.5994104E+01 1.3733688E+00
2026 07 24 10 08 30 000 -2.1838694E+01 -1.5995751E+01 1.3777146E+00
2026 07 24 10 09 00 000 -2.1839373E+01 -1.5997399E+01 1.3820489E+00
2026 07 24 10 09 30 000 -2.1840051E+01 -1.5999045E+01 1.3863717E+00
2026 07 24 10 10 00 000 -2.1840727E+01 -1.6000691E+01 1.3906830E+00
2026 07 24 10 10 30 000 -2.1841402E+01 -1.6002335E+01 1.3949828E+00
2026 07 24 10 11 00 000 -2.1842075E+01 -1.6003979E+01 1.3992711E+00
2026 07 24 10 11 30 000 -2.1842747E+01 -1.6005623E+01 1.4035478E+00
2026 07 24 10 12 00 000 -2.1843417E+01 -1.6007265E+01 1.4078130E+00
2026 07 24 10 12 30 000 -2.1844086E+01 -1.6008907E+01 1.4120665E+00
2026 07 24 10 13 00 000 -2.1844753E+01 -1.6010548E+01 1.4163085E+00
2026 07 24 10 13 30 000 -2.1845419E+01 -1.6012189E+01 1.4205389E+00
2026 07 24 10 14 00 000 -2.1846084E+01 -1.6013828E+01 1.4247577E+00
2026 07 24 10 14 30 000 -2.1846746E+01 -1.6015467E+01 1.4289648E+00
2026 07 24 10 15 00 000 -2.1847408E+01 -1.6017106E+01 1.4331602E+00
2026 07 24 10 15 30 000 -2.1848068E+01 -1.6018743E+01 1.4373441E+00
2026 07 24 10 16 00 000 -2.1848726E+01 -1.6020380E+01 1.4415162E+00
2026 07 24 10 16 30 000 -2.1849383E+01 -1.6022017E+01 1.4456767E+00
2026 07 24 10 17 00 000 -2.1850038E+01 -1.6023652E+01 1.4498254E+00
2026 07 24 10 17 30 000 -2.1850692E+01 -1.6025288E+01 1.4539624E+00
2026 07 24 10 18 00 000 -2.1851345E+01 -1.6026922E+01 1.4580877E+00
2026 07 24 10 18 30 000 -2.1851996E+01 -1.6028556E+01 1.4622013E+00
2026 07 24 10 19 00 000 -2.1852645E+01 -1.6030189E+01 1.4663031E+00
2026 07 24 10 19 30 000 -2.1853293E+01 -1.6031822E+01 1.4703931E+00
2026 07 24 10 20 00 000 -2.1853940E+01 -1.6033454E+01 1.4744714E+00
2026 07 24 10 20 30 000 -2.1854585E+01 -1.6035086E+01 1.4785378E+00
2026 07 24 10 21 00 000 -2.1855228E+01 -1.6036717E+01 1.4825925E+00
2026 07 24 10 21 30 000 -2.1855870E+01 -1.6038347E+01 1.4866353E+00
2026 07 24 10 22 00 000 -2.1856511E+01 -1.6039977E+01 1.4906663E+00
2026 07 24 10 22 30 000 -2.1857150E+01 -1.6041606E+01 1.4946854E+00
2026 07 24 10 23 00 000 -2.1857788E+01 -1.6043235E+01 1.4986927E+00
2026 07 24 10 23 30 000 -2.1858424E+01 -1.6044864E+01 1.5026881E+00
2026 07 24 10 24 00 000 -2.1859058E+01 -1.6046492E+01 1.5066716E+00
2026 07 24 10 24 30 000 -2.1859691E+01 -1.6048119E+01 1.5106432E+00
2026 07 24 10 25 00 000 -2.1860323E+01 -1.6049746E+01 1.5146028E+00
2026 07 24 10 25 30 000 -2.1860953E+01 -1.6051372E+01 1.5185506E+00
2026 07 24 10 26 00 000 -2.1861582E+01 -1.6052998E+01 1.5224864E+00
2026 07 24 10 26 30 000 -2.1862209E+01 -1.6054624E+01 1.5264103E+00
2026 07 24 10 27 00 000 -2.1862835E+01 -1.6056249E+01 1.5303222E+00
2026 07 24 10 27 30 000 -2.1863459E+01 -1.6057874E+01 1.5342221E+00
2026 07 24 10 28 00 000 -2.1864082E+01 -1.6059498E+01 1.5381100E+00
2026 07 24 10 28 30 000 -2.1864703E+01 -1.6061122E+01 1.5419859E+00
2026 07 24 10 29 00 000 -2.1865323E+01 -1.6062745E+01 1.5458498E+00
2026 07 24 10 29 30 000 -2.1865942E+01 -1.6064368E+01 1.5497017E+00
2026 07 24 10 30 00 000 -2.1866558E+01 -1.6065991E+01 1.5535415E+00
2026 07 24 10 30 30 000 -2.1867174E+01 -1.6067614E+01 1.5573693E+00
2026 07 24 10 31 00 000 -2.1867788E+01 -1.6069236E+01 1.5611850E+00
2026 07 24 10 31 30 000 -2.1868400E+01 -1.6070857E+01 1.5649886E+00
2026 07 24 10 32 00 000 -2.1869011E+01 -1.6072478E+01 1.5687801E+00
2026 07 24 10 32 30 000 -2.1869621E+01 -1.6074099E+01 1.5725595E+00
2026 07 24 10 33 00 000 -2.1870229E+01 -1.6075720E+01 1.5763268E+00
2026 07 24 10 33 30 000 -2.1870835E+01 -1.6077340E+01 1.5800820E+00
2026 07 24 10 34 00 000 -2.1871440E+01 -1.6078960E+01 1.5838250E+00
2026 07 24 10 34 30 000 -2.1872044E+01 -1.6080580E+01 1.5875559E+00
2026 07 24 10 35 00 000 -2.1872646E+01 -1.6082200E+01 1.5912746E+00
2026 07 24 10 35 30 000 -2.1873246E+01 -1.6083819E+01 1.5949811E+00
2026 07 24 10 36 00 000 -2.1873846E+01 -1.6085438E+01 1.5986754E+00
2026 07 24 10 36 30 000 -2.1874443E+01 -1.6087056E+01 1.6023575E+00
2026 07 24 10 37 00 000 -2.1875039E+01 -1.6088675E+01 1.6060275E+00
2026 07 24 10 37 30 000 -2.1875634E+01 -1.6090293E+01 1.6096851E+00
2026 07 24 10 38 00 000 -2.1876227E+01 -1.6091911E+01 1.6133306E+00
2026 07 24 10 38 30 000 -2.1876819E+01 -1.6093529E+01 1.6169638E+00
2026 07 24 10 39 00 000 -2.1877409E+01 -1.6095146E+01 1.6205847E+00
2026 07 24 10 39 30 000 -2.1877998E+01 -1.6096764E+01 1.6241933E+00
2026 07 24 10 40 00 000 -2.1878585E+01 -1.6098381E+01 1.6277897E+00
2026 07 24 10 40 30 000 -2.1879171E+01 -1.6099998E+01 1.6313738E+00
2026 07 24 10 41 00 000 -2.1879756E+01 -1.6101615E+01 1.6349455E+00
2026 07 24 10 41 30 000 -2.1880339E+01 -1.6103231E+01 1.6385050E+00
2026 07 24 10 42 00 000 -2.1880920E+01 -1.6104848E+01 1.6420521E+00
2026 07 24 10 42 30 000 -2.1881500E+01 -1.6106464E+01 1.6455868E+00
2026 07 24 10 43 00 000 -2.1882078E+01 -1.6108080E+01 1.6491092E+00
2026 07 24 10 43 30 000 -2.1882655E+01 -1.6109696E+01 1.6526193E+00
2026 07 24 10 44 00 000 -2.1883231E+01 -1.6111312E+01 1.6561169E+00
2026 07 24 10 44 30 000 -2.1883805E+01 -1.6112928E+01 1.6596022E+00
2026 07 24 10 45 00 000 -2.1884377E+01 -1.6114544E+01 1.6630751E+00
2026 07 24 10 45 30 000 -2.1884949E+01 -1.6116160E+01 1.6665355E+00
2026 07 24 10 46 00 000 -2.1885518E+01 -1.6117775E+01 1.6699836E+00
2026 07 24 10 46 30 000 -2.1886086E+01 -1.6119391E+01 1.6734192E+00
2026 07 24 10 47 00 000 -2.1886653E+01 -1.6121006E+01 1.6768423E+00
2026 07 24 10 47 30 000 -2.1887218E+01 -1.6122622E+01 1.6802530E+00
2026 07 24 10 48 00 000 -2.1887782E+01 -1.6124237E+01 1.6836512E+00
2026 07 24 10 48 30 000 -2.1888344E+01 -1.6125852E+01 1.6870370E+00
2026 07 24 10 49 00 000 -2.1888905E+01 -1.6127467E+01 1.6904103E+00
2026 07 24 10 49 30 000 -2.1889464E+01 -1.6129083E+01 1.6937710E+00
2026 07 24 10 50 00 000 -2.1890022E+01 -1.6130698E+01 1.6971193E+00
2026 07 24 10 50 30 000 -2.1890578E+01 -1.6132313E+01 1.7004550E+00
2026 07 24 10 51 00 000 -2.1891133E+01 -1.6133928E+01 1.7037782E+00
2026 07 24 10 51 30 000 -2.1891687E+01 -1.6135544E+01 1.7070888E+00
2026 07 24 10 52 00 000 -2.1892239E+01 -1.6137159E+01 1.7103869E+00
2026 07 24 10 52 30 000 -2.1892789E+01 -1.6138774E+01 1.7136724E+00
2026 07 24 10 53 00 000 -2.1893338E+01 -1.6140390E+01 1.7169454E+00
2026 07 24 10 53 30 000 -2.1893886E+01 -1.6142005E+01 1.7202058E+00
2026 07 24 10 54 00 000 -2.1894432E+01 -1.6143621E+01 1.7234535E+00
2026 07 24 10 54 30 000 -2.1894977E+01 -1.6145236E+01 1.7266887E+00
2026 07 24 10 55 00 000 -2.1895520E+01 -1.6146852E+01 1.7299112E+00
2026 07 24 10 55 30 000 -2.1896061E+01 -1.6148467E+01 1.7331212E+00
2026 07 24 10 56 00 000 -2.1896602E+01 -1.6150083E+01 1.7363184E+00
2026 07 24 10 56 30 000 -2.1897140E+01 -1.6151699E+01 1.7395030E+00
2026 07 24 10 57 00 000 -2.1897678E+01 -1.6153315E+01 1.7426750E+00
2026 07 24 10 57 30 000 -2.1898213E+01 -1.6154931E+01 1.7458343E+00
2026 07 24 10 58 00 000 -2.1898748E+01 -1.6156547E+01 1.7489809E+00
2026 07 24 10 58 30 000 -2.1899281E+01 -1.6158164E+01 1.7521149E+00
2026 07 24 10 59 00 000 -2.1899812E+01 -1.6159780E+01 1.7552361E+00
2026 07 24 10 59 30 000 -2.1900342E+01 -1.6161397E+01 1.7583446E+00
2026 07 24 11 00 00 000 -2.1900871E+01 -1.6163013E+01 1.7614405E+00
2026 07 24 11 00 30 000 -2.1901398E+01 -1.6164630E+01 1.7645235E+00
2026 07 24 11 01 00 000 -2.1901923E+01 -1.6166248E+01 1.7675939E+00
2026 07 24 11 01 30 000 -2.1902447E+01 -1.6167865E+01 1.7706515E+00
2026 07 24 11 02 00 000 -2.1902970E+01 -1.6169482E+01 1.7736963E+00
2026 07 24 11 02 30 000 -2.1903491E+01 -1.6171100E+01 1.7767284E+00
2026 07 24 11 03 00 000 -2.1904011E+01 -1.6172718E+01 1.7797477E+00
2026 07 24 11 03 30 000 -2.1904529E+01 -1.6174336E+01 1.7827541E+00
2026 07 24 11 04 00 000 -2.1905046E+01 -1.6175954E+01 1.7857479E+00
2026 07 24 11 04 30 000 -2.1905561E+01 -1.6177573E+01 1.7887287E+00
2026 07 24 11 05 00 000 -2.1906075E+01 -1.6179191E+01 1.7916968E+00
2026 07 24 11 05 30 000 -2.1906587E+01 -1.6180810E+01 1.7946521E+00
2026 07 24 11 06 00 000 -2.1907098E+01 -1.6182430E+01 1.7975945E+00
2026 07 24 11 06 30 000 -2.1907607E+01 -1.6184049E+01 1.8005241E+00
2026 07 24 11 07 00 000 -2.1908115E+01 -1.6185669E+01 1.8034408E+00
2026 07 24 11 07 30 000 -2.1908622E+01 -1.6187289E+01 1.8063447E+00
2026 07 24 11 08 00 000 -2.1909127E+01 -1.6188909E+01 1.8092357E+00
2026 07 24 11 08 30 000 -2.1909630E+01 -1.6190530E+01 1.8121138E+00
2026 07 24 11 09 00 000 -2.1910133E+01 -1.6192151E+01 1.8149791E+00
2026 07 24 11 09 30 000 -2.1910633E+01 -1.6193772E+01 1.8178314E+00
2026 07 24 11 10 00 000 -2.1911132E+01 -1.6195394E+01 1.8206708E+00
2026 07 24 11 10 30 000 -2.1911630E+01 -1.6197015E+01 1.8234974E+00
2026 07 24 11 11 00 000 -2.1912126E+01 -1.6198638E+01 1.8263109E+00
2026 07 24 11 11 30 000 -2.1912621E+01 -1.6200260E+01 1.8291116E+00
2026 07 24 11 12 00 000 -2.1913115E+01 -1.6201883E+01 1.8318993E+00
2026 07 24 11 12 30 000 -2.1913606E+01 -1.6203506E+01 1.8346741E+00
2026 07 24 11 13 00 000 -2.1914097E+01 -1.6205130E+01 1.8374359E+00
2026 07 24 11 13 30 000 -2.1914586E+01 -1.6206753E+01 1.8401847E+00
2026 07 24 11 14 00 000 -2.1915073E+01 -1.6208378E+01 1.8429206E+00
2026 07 24 11 14 30 000 -2.1915559E+01 -1.6210002E+01 1.8456435E+00
2026 07 24 11 15 00 000 -2.1916044E+01 -1.6211627E+01 1.8483534E+00
2026 07 24 11 15 30 000 -2.1916527E+01 -1.6213253E+01 1.8510502E+00
2026 07 24 11 16 00 000 -2.1917009E+01 -1.6214879E+01 1.8537341E+00
2026 07 24 11 16 30 000 -2.1917489E+01 -1.6216505E+01 1.8564050E+00
2026 07 24 11 17 00 000 -2.1917968E+01 -1.6218131E+01 1.8590628E+00
2026 07 24 11 17 30 000 -2.1918445E+01 -1.6219758E+01 1.8617076E+00
2026 07 24 11 18 00 000 -2.1918921E+01 -1.6221386E+01 1.8643393E+00
2026 07 24 11 18 30 000 -2.1919395E+01 -1.6223014E+01 1.8669580E+00
2026 07 24 11 19 00 000 -2.1919868E+01 -1.6224642E+01 1.8695637E+00
2026 07 24 11 19 30 000 -2.1920339E+01 -1.6226271E+01 1.8721563E+00
2026 07 24 11 20 00 000 -2.1920809E+01 -1.6227900E+01 1.8747358E+00
2026 07 24 11 20 30 000 -2.1921278E+01 -1.6229530E+01 1.8773022E+00
2026 07 24 11 21 00 000 -2.1921745E+01 -1.6231160E+01 1.8798555E+00
2026 07 24 11 21 30 000 -2.1922210E+01 -1.6232790E+01 1.8823957E+00
2026 07 24 11 22 00 000 -2.1922675E+01 -1.6234421E+01 1.8849229E+00
2026 07 24 11 22 30 000 -2.1923137E+01 -1.6236053E+01 1.8874369E+00
2026 07 24 11 23 00 000 -2.1923599E+01 -1.6237685E+01 1.8899378E+00
2026 07 24 11 23 30 000 -2.1924058E+01 -1.6239317E+01 1.8924255E+00
2026 07 24 11 24 00 000 -2.1924517E+01 -1.6240950E+01 1.8949001E+00
2026 07 24 11 24 30 000 -2.1924973E+01 -1.6242584E+01 1.8973616E+00
2026 07 24 11 25 00 000 -2.1925429E+01 -1.6244218E+01 1.8998100E+00
2026 07 24 11 25 30 000 -2.1925883E+01 -1.6245853E+01 1.9022451E+00
2026 07 24 11 26 00 000 -2.1926335E+01 -1.6247488E+01 1.9046671E+00
2026 07 24 11 26 30 000 -2.1926786E+01 -1.6249123E+01 1.9070760E+00
2026 07 24 11 27 00 000 -2.1927236E+01 -1.6250760E+01 1.9094716E+00
2026 07 24 11 27 30 000 -2.1927684E+01 -1.6252396E+01 1.9118541E+00
2026 07 24 11 28 00 000 -2.1928131E+01 -1.6254034E+01 1.9142234E+00
2026 07 24 11 28 30 000 -2.1928576E+01 -1.6255671E+01 1.9165794E+00
2026 07 24 11 29 00 000 -2.1929020E+01 -1.6257310E+01 1.9189223E+00
2026 07 24 11 29 30 000 -2.1929462E+01 -1.6258949E+01 1.9212519E+00
2026 07 24 11 30 00 000 -2.1929903E+01 -1.6260588E+01 1.9235684E+00
2026 07 24 11 30 30 000 -2.1930342E+01 -1.6262228E+01 1.9258716E+00
2026 07 24 11 31 00 000 -2.1930780E+01 -1.6263869E+01 1.9281615E+00
2026 07 24 11 31 30 000 -2.1931217E+01 -1.6265510E+01 1.9304382E+00
2026 07 24 11 32 00 000 -2.1931652E+01 -1.6267152E+01 1.9327017E+00
2026 07 24 11 32 30 000 -2.1932085E+01 -1.6268795E+01 1.9349519E+00
2026 07 24 11 33 00 000 -2.1932517E+01 -1.6270438E+01 1.9371889E+00
2026 07 24 11 33 30 000 -2.1932948E+01 -1.6272082E+01 1.9394125E+00
2026 07 24 11 34 00 000 -2.1933377E+01 -1.6273726E+01 1.9416229E+00
2026 07 24 11 34 30 000 -2.1933805E+01 -1.6275371E+01 1.9438201E+00
2026 07 24 11 35 00 000 -2.1934231E+01 -1.6277017E+01 1.9460039E+00
2026 07 24 11 35 30 000 -2.1934656E+01 -1.6278663E+01 1.9481744E+00
2026 07 24 11 36 00 000 -2.1935080E+01 -1.6280310E+01 1.9503317E+00
2026 07 24 11 36 30 000 -2.1935502E+01 -1.6281958E+01 1.9524756E+00
2026 07 24 11 37 00 000 -2.1935922E+01 -1.6283606E+01 1.9546062E+00
2026 07 24 11 37 30 000 -2.1936341E+01 -1.6285255E+01 1.9567235E+00
2026 07 24 11 38 00 000 -2.1936759E+01 -1.6286904E+01 1.9588275E+00
2026 07 24 11 38 30 000 -2.1937175E+01 -1.6288555E+01 1.9609181E+00
2026 07 24 11 39 00 000 -2.1937590E+01 -1.6290205E+01 1.9629955E+00
2026 07 24 11 39 30 000 -2.1938003E+01 -1.6291857E+01 1.9650594E+00
2026 07 24 11 40 00 000 -2.1938415E+01 -1.6293509E+01 1.9671100E+00
2026 07 24 11 40 30 000 -2.1938825E+01 -1.6295162E+01 1.9691473E+00
2026 07 24 11 41 00 000 -2.1939234E+01 -1.6296816E+01 1.9711712E+00
2026 07 24 11 41 30 000 -2.1939641E+01 -1.6298470E+01 1.9731817E+00
2026 07 24 11 42 00 000 -2.1940047E+01 -1.6300126E+01 1.9751789E+00
2026 07 24 11 42 30 000 -2.1940452E+01 -1.6301781E+01 1.9771627E+00
2026 07 24 11 43 00 000 -2.1940855E+01 -1.6303438E+01 1.9791331E+00
2026 07 24 11 43 30 000 -2.1941257E+01 -1.6305095E+01 1.9810901E+00
2026 07 24 11 44 00 000 -2.1941657E+01 -1.6306753E+01 1.9830338E+00
2026 07 24 11 44 30 000 -2.1942056E+01 -1.6308412E+01 1.9849640E+00
2026 07 24 11 45 00 000 -2.1942453E+01 -1.6310071E+01 1.9868808E+00
2026 07 24 11 45 30 000 -2.1942849E+01 -1.6311731E+01 1.9887842E+00
2026 07 24 11 46 00 000 -2.1943243E+01 -1.6313392E+01 1.9906743E+00
2026 07 24 11 46 30 000 -2.1943636E+01 -1.6315054E+01 1.9925508E+00
2026 07 24 11 47 00 000 -2.1944028E+01 -1.6316717E+01 1.9944140E+00
2026 07 24 11 47 30 000 -2.1944418E+01 -1.6318380E+01 1.9962637E+00
2026 07 24 11 48 00 000 -2.1944806E+01 -1.6320044E+01 1.9981000E+00
2026 07 24 11 48 30 000 -2.1945194E+01 -1.6321709E+01 1.9999229E+00
2026 07 24 11 49 00 000 -2.1945579E+01 -1.6323374E+01 2.0017323E+00
2026 07 24 11 49 30 000 -2.1945964E+01 -1.6325040E+01 2.0035283E+00
2026 07 24 11 50 00 000 -2.1946347E+01 -1.6326708E+01 2.0053108E+00
2026 07 24 11 50 30 000 -2.1946728E+01 -1.6328375E+01 2.0070799E+00
2026 07 24 11 51 00 000 -2.1947108E+01 -1.6330044E+01 2.0088355E+00
2026 07 24 11 51 30 000 -2.1947486E+01 -1.6331714E+01 2.0105776E+00
2026 07 24 11 52 00 000 -2.1947863E+01 -1.6333384E+01 2.0123063E+00
2026 07 24 11 52 30 000 -2.1948239E+01 -1.6335055E+01 2.0140215E+00
2026 07 24 11 53 00 000 -2.1948613E+01 -1.6336727E+01 2.0157232E+00
2026 07 24 11 53 30 000 -2.1948986E+01 -1.6338400E+01 2.0174115E+00
2026 07 24 11 54 00 000 -2.1949357E+01 -1.6340073E+01 2.0190862E+00
2026 07 24 11 54 30 000 -2.1949727E+01 -1.6341748E+01 2.0207475E+00
2026 07 24 11 55 00 000 -2.1950095E+01 -1.6343423E+01 2.0223952E+00
2026 07 24 11 55 30 000 -2.1950462E+01 -1.6345099E+01 2.0240295E+00
2026 07 24 11 56 00 000 -2.1950828E+01 -1.6346776E+01 2.0256502E+00
2026 07 24 11 56 30 000 -2.1951192E+01 -1.6348453E+01 2.0272575E+00
2026 07 24 11 57 00 000 -2.1951554E+01 -1.6350132E+01 2.0288512E+00
2026 07 24 11 57 30 000 -2.1951916E+01 -1.6351811E+01 2.0304314E+00
2026 07 24 11 58 00 000 -2.1952275E+01 -1.6353492E+01 2.0319982E+00
2026 07 24 11 58 30 000 -2.1952634E+01 -1.6355173E+01 2.0335513E+00
2026 07 24 11 59 00 000 -2.1952990E+01 -1.6356855E+01 2.0350910E+00
2026 07 24 11 59 30 000 -2.1953346E+01 -1.6358537E+01 2.0366171E+00
2026 07 24 12 00 00 000 -2.1953700E+01 -1.6360221E+01 2.0381297E+00
2026 07 24 12 00 30 000 -2.1954052E+01 -1.6361906E+01 2.0396288E+00
2026 07 24 12 01 00 000 -2.1954403E+01 -1.6363591E+01 2.0411143E+00
2026 07 24 12 01 30 000 -2.1954753E+01 -1.6365277E+01 2.0425863E+00
2026 07 24 12 02 00 000 -2.1955101E+01 -1.6366965E+01 2.0440447E+00
2026 07 24 12 02 30 000 -2.1955448E+01 -1.6368653E+01 2.0454896E+00
2026 07 24 12 03 00 000 -2.1955793E+01 -1.6370342E+01 2.0469209E+00
2026 07 24 12 03 30 000 -2.1956137E+01 -1.6372032E+01 2.0483387E+00
2026 07 24 12 04 00 000 -2.1956479E+01 -1.6373722E+01 2.0497429E+00
2026 07 24 12 04 30 000 -2.1956820E+01 -1.6375414E+01 2.0511336E+00
2026 07 24 12 05 00 000 -2.1957160E+01 -1.6377106E+01 2.0525107E+00
2026 07 24 12 05 30 000 -2.1957498E+01 -1.6378800E+01 2.0538743E+00
2026 07 24 12 06 00 000 -2.1957835E+01 -1.6380494E+01 2.0552242E+00
2026 07 24 12 06 30 000 -2.1958170E+01 -1.6382190E+01 2.0565606E+00
2026 07 24 12 07 00 000 -2.1958503E+01 -1.6383886E+01 2.0578834E+00
2026 07 24 12 07 30 000 -2.1958836E+01 -1.6385583E+01 2.0591927E+00
2026 07 24 12 08 00 000 -2.1959167E+01 -1.6387281E+01 2.0604883E+00
2026 07 24 12 08 30 000 -2.1959496E+01 -1.6388980E+01 2.0617704E+00
2026 07 24 12 09 00 000 -2.1959824E+01 -1.6390680E+01 2.0630389E+00
2026 07 24 12 09 30 000 -2.1960151E+01 -1.6392380E+01 2.0642938E+00
2026 07 24 12 10 00 000 -2.1960476E+01 -1.6394082E+01 2.0655352E+00
2026 07 24 12 10 30 000 -2.1960799E+01 -1.6395785E+01 2.0667629E+00
2026 07 24 12 11 00 000 -2.1961122E+01 -1.6397488E+01 2.0679771E+00
2026 07 24 12 11 30 000 -2.1961443E+01 -1.6399193E+01 2.0691776E+00
2026 07 24 12 12 00 000 -2.1961762E+01 -1.6400898E+01 2.0703646E+00
2026 07 24 12 12 30 000 -2.1962080E+01 -1.6402605E+01 2.0715379E+00
2026 07 24 12 13 00 000 -2.1962396E+01 -1.6404312E+01 2.0726977E+00
2026 07 24 12 13 30 000 -2.1962711E+01 -1.6406020E+01 2.0738438E+00
2026 07 24 12 14 00 000 -2.1963025E+01 -1.6407729E+01 2.0749763E+00
2026 07 24 12 14 30 000 -2.1963337E+01 -1.6409440E+01 2.0760953E+00
2026 07 24 12 15 00 000 -2.1963648E+01 -1.6411151E+01 2.0772006E+00
2026 07 24 12 15 30 000 -2.1963957E+01 -1.6412863E+01 2.0782924E+00
2026 07 24 12 16 00 000 -2.1964265E+01 -1.6414576E+01 2.0793705E+00
2026 07 24 12 16 30 000 -2.1964572E+01 -1.6416290E+01 2.0804350E+00
2026 07 24 12 17 00 000 -2.1964877E+01 -1.6418005E+01 2.0814859E+00
2026 07 24 12 17 30 000 -2.1965180E+01 -1.6419721E+01 2.0825232E+00
2026 07 24 12 18 00 000 -2.1965482E+01 -1.6421438E+01 2.0835469E+00
2026 07 24 12 18 30 000 -2.1965783E+01 -1.6423156E+01 2.0845569E+00
2026 07 24 12 19 00 000 -2.1966082E+01 -1.6424875E+01 2.0855534E+00
2026 07 24 12 19 30 000 -2.1966380E+01 -1.6426594E+01 2.0865362E+00
2026 07 24 12 20 00 000 -2.1966676E+01 -1.6428315E+01 2.0875054E+00
2026 07 24 12 20 30 000 -2.1966971E+01 -1.6430037E+01 2.0884610E+00
2026 07 24 12 21 00 000 -2.1967265E+01 -1.6431760E+01 2.0894029E+00
2026 07 24 12 21 30 000 -2.1967557E+01 -1.6433484E+01 2.0903313E+00
2026 07 24 12 22 00 000 -2.1967847E+01 -1.6435208E+01 2.0912460E+00
2026 07 24 12 22 30 000 -2.1968137E+01 -1.6436934E+01 2.0921471E+00
2026 07 24 12 23 00 000 -2.1968424E+01 -1.6438661E+01 2.0930346E+00
2026 07 24 12 23 30 000 -2.1968711E+01 -1.6440388E+01 2.0939085E+00
2026 07 24 12 24 00 000 -2.1968996E+01 -1.6442117E+01 2.0947687E+00
2026 07 24 12 24 30 000 -2.1969279E+01 -1.6443847E+01 2.0956153E+00
2026 07 24 12 25 00 000 -2.1969561E+01 -1.6445578E+01 2.0964483E+00
2026 07 24 12 25 30 000 -2.1969842E+01 -1.6447309E+01 2.0972676E+00
2026 07 24 12 26 00 000 -2.1970121E+01 -1.6449042E+01 2.0980734E+00
2026 07 24 12 26 30 000 -2.1970399E+01 -1.6450776E+01 2.0988655E+00
2026 07 24 12 27 00 000 -2.1970675E+01 -1.6452510E+01 2.0996440E+00
2026 07 24 12 27 30 000 -2.1970950E+01 -1.6454246E+01 2.1004089E+00
2026 07 24 12 28 00 000 -2.1971223E+01 -1.6455983E+01 2.1011601E+00
2026 07 24 12 28 30 000 -2.1971495E+01 -1.6457720E+01 2.1018977E+00
2026 07 24 12 29 00 000 -2.1971766E+01 -1.6459459E+01 2.1026217E+00
2026 07 24 12 29 30 000 -2.1972035E+01 -1.6461199E+01 2.1033321E+00
2026 07 24 12 30 00 000 -2.1972303E+01 -1.6462939E+01 2.1040288E+00
2026 07 24 12 30 30 000 -2.1972569E+01 -1.6464681E+01 2.1047119E+00
2026 07 24 12 31 00 000 -2.1972834E+01 -1.6466424E+01 2.1053815E+00
2026 07 24 12 31 30 000 -2.1973097E+01 -1.6468167E+01 2.1060373E+00
2026 07 24 12 32 00 000 -2.1973359E+01 -1.6469912E+01 2.1066796E+00
2026 07 24 12 32 30 000 -2.1973620E+01 -1.6471658E+01 2.1073083E+00
2026 07 24 12 33 00 000 -2.1973879E+01 -1.6473405E+01 2.1079233E+00
2026 07 24 12 33 30 000 -2.1974137E+01 -1.6475152E+01 2.1085247E+00
2026 07 24 12 34 00 000 -2.1974393E+01 -1.6476901E+01 2.1091125E+00
2026 07 24 12 34 30 000 -2.1974648E+01 -1.6478651E+01 2.1096867E+00
2026 07 24 12 35 00 000 -2.1974901E+01 -1.6480402E+01 2.1102473E+00
2026 07 24 12 35 30 000 -2.1975153E+01 -1.6482154E+01 2.1107943E+00
2026 07 24 12 36 00 000 -2.1975404E+01 -1.6483906E+01 2.1113276E+00
2026 07 24 12 36 30 000 -2.1975653E+01 -1.6485660E+01 2.1118473E+00
2026 07 24 12 37 00 000 -2.1975901E+01 -1.6487415E+01 2.1123535E+00
2026 07 24 12 37 30 000 -2.1976147E+01 -1.6489171E+01 2.1128460E+00
2026 07 24 12 38 00 000 -2.1976392E+01 -1.6490928E+01 2.1133249E+00
2026 07 24 12 38 30 000 -2.1976635E+01 -1.6492686E+01 2.1137903E+00
2026 07 24 12 39 00 000 -2.1976877E+01 -1.6494445E+01 2.1142420E+00
2026 07 24 12 39 30 000 -2.1977118E+01 -1.6496205E+01 2.1146801E+00
2026 07 24 12 40 00 000 -2.1977357E+01 -1.6497966E+01 2.1151047E+00
2026 07 24 12 40 30 000 -2.1977594E+01 -1.6499728E+01 2.1155156E+00
2026 07 24 12 41 00 000 -2.1977831E+01 -1.6501491E+01 2.1159129E+00
2026 07 24 12 41 30 000 -2.1978065E+01 -1.6503255E+01 2.1162967E+00
2026 07 24 12 42 00 000 -2.1978299E+01 -1.6505020E+01 2.1166668E+00
2026 07 24 12 42 30 000 -2.1978531E+01 -1.6506786E+01 2.1170234E+00
2026 07 24 12 43 00 000 -2.1978761E+01 -1.6508553E+01 2.1173664E+00
2026 07 24 12 43 30 000 -2.1978991E+01 -1.6510321E+01 2.1176958E+00
2026 07 24 12 44 00 000 -2.1979218E+01 -1.6512090E+01 2.1180117E+00
2026 07 24 12 44 30 000 -2.1979444E+01 -1.6513860E+01 2.1183139E+00
2026 07 24 12 45 00 000 -2.1979669E+01 -1.6515632E+01 2.1186026E+00
2026 07 24 12 45 30 000 -2.1979893E+01 -1.6517404E+01 2.1188777E+00
2026 07 24 12 46 00 000 -2.1980115E+01 -1.6519177E+01 2.1191393E+00
2026 07 24 12 46 30 000 -2.1980335E+01 -1.6520951E+01 2.1193873E+00
2026 07 24 12 47 00 000 -2.1980554E+01 -1.6522726E+01 2.1196217E+00
2026 07 24 12 47 30 000 -2.1980772E+01 -1.6524503E+01 2.1198426E+00
2026 07 24 12 48 00 000 -2.1980988E+01 -1.6526280E+01 2.1200499E+00
2026 07 24 12 48 30 000 -2.1981203E+01 -1.6528058E+01 2.1202436E+00
2026 07 24 12 49 00 000 -2.1981417E+01 -1.6529837E+01 2.1204238E+00
2026 07 24 12 49 30 000 -2.1981629E+01 -1.6531618E+01 2.1205905E+00
2026 07 24 12 50 00 000 -2.1981839E+01 -1.6533399E+01 2.1207436E+00
2026 07 24 12 50 30 000 -2.1982049E+01 -1.6535181E+01 2.1208832E+00
2026 07 24 12 51 00 000 -2.1982256E+01 -1.6536965E+01 2.1210092E+00
2026 07 24 12 51 30 000 -2.1982463E+01 -1.6538749E+01 2.1211217E+00
2026 07 24 12 52 00 000 -2.1982667E+01 -1.6540535E+01 2.1212207E+00
2026 07 24 12 52 30 000 -2.1982871E+01 -1.6542321E+01 2.1213062E+00
2026 07 24 12 53 00 000 -2.1983073E+01 -1.6544108E+01 2.1213781E+00
2026 07 24 12 53 30 000 -2.1983274E+01 -1.6545897E+01 2.1214365E+00
2026 07 24 12 54 00 000 -2.1983473E+01 -1.6547686E+01 2.1214815E+00
2026 07 24 12 54 30 000 -2.1983671E+01 -1.6549476E+01 2.1215129E+00
2026 07 24 12 55 00 000 -2.1983867E+01 -1.6551268E+01 2.1215308E+00
2026 07 24 12 55 30 000 -2.1984062E+01 -1.6553060E+01 2.1215352E+00
2026 07 24 12 56 00 000 -2.1984255E+01 -1.6554854E+01 2.1215261E+00
2026 07 24 12 56 30 000 -2.1984447E+01 -1.6556648E+01 2.1215035E+00
2026 07 24 12 57 00 000 -2.1984638E+01 -1.6558444E+01 2.1214674E+00
2026 07 24 12 57 30 000 -2.1984827E+01 -1.6560240E+01 2.1214178E+00
2026 07 24 12 58 00 000 -2.1985015E+01 -1.6562037E+01 2.1213548E+00
2026 07 24 12 58 30 000 -2.1985202E+01 -1.6563836E+01 2.1212783E+00
2026 07 24 12 59 00 000 -2.1985387E+01 -1.6565635E+01 2.1211883E+00
2026 07 24 12 59 30 000 -2.1985570E+01 -1.6567436E+01 2.1210849E+00
2026 07 24 13 00 00 000 -2.1985752E+01 -1.6569237E+01 2.1209680E+00
2026 07 24 13 00 30 000 -2.1985933E+01 -1.6571039E+01 2.1208377E+00
2026 07 24 13 01 00 000 -2.1986112E+01 -1.6572843E+01 2.1206939E+00
2026 07 24 13 01 30 000 -2.1986290E+01 -1.6574647E+01 2.1205366E+00
2026 07 24 13 02 00 000 -2.1986466E+01 -1.6576452E+01 2.1203659E+00
2026 07 24 13 02 30 000 -2.1986642E+01 -1.6578259E+01 2.1201818E+00
2026 07 24 13 03 00 000 -2.1986815E+01 -1.6580066E+01 2.1199843E+00
2026 07 24 13 03 30 000 -2.1986987E+01 -1.6581874E+01 2.1197733E+00
2026 07 24 13 04 00 000 -2.1987158E+01 -1.6583683E+01 2.1195490E+00
2026 07 24 13 04 30 000 -2.1987327E+01 -1.6585494E+01 2.1193112E+00
2026 07 24 13 05 00 000 -2.1987495E+01 -1.6587305E+01 2.1190600E+00
2026 07 24 13 05 30 000 -2.1987662E+01 -1.6589117E+01 2.1187955E+00
2026 07 24 13 06 00 000 -2.1987827E+01 -1.6590930E+01 2.1185175E+00
2026 07 24 13 06 30 000 -2.1987991E+01 -1.6592744E+01 2.1182261E+00
2026 07 24 13 07 00 000 -2.1988153E+01 -1.6594559E+01 2.1179214E+00
2026 07 24 13 07 30 000 -2.1988314E+01 -1.6596375E+01 2.1176033E+00
2026 07 24 13 08 00 000 -2.1988473E+01 -1.6598192E+01 2.1172718E+00
2026 07 24 13 08 30 000 -2.1988631E+01 -1.6600010E+01 2.1169270E+00
2026 07 24 13 09 00 000 -2.1988788E+01 -1.6601829E+01 2.1165688E+00
2026 07 24 13 09 30 000 -2.1988943E+01 -1.6603649E+01 2.1161973E+00
2026 07 24 13 10 00 000 -2.1989097E+01 -1.6605470E+01 2.1158124E+00
2026 07 24 13 10 30 000 -2.1989249E+01 -1.6607292E+01 2.1154142E+00
2026 07 24 13 11 00 000 -2.1989400E+01 -1.6609114E+01 2.1150026E+00
2026 07 24 13 11 30 000 -2.1989549E+01 -1.6610938E+01 2.1145778E+00
2026 07 24 13 12 00 000 -2.1989697E+01 -1.6612763E+01 2.1141396E+00
2026 07 24 13 12 30 000 -2.1989844E+01 -1.6614588E+01 2.1136881E+00
2026 07 24 13 13 00 000 -2.1989989E+01 -1.6616415E+01 2.1132234E+00
2026 07 24 13 13 30 000 -2.1990133E+01 -1.6618242E+01 2.1127453E+00
2026 07 24 13 14 00 000 -2.1990275E+01 -1.6620071E+01 2.1122539E+00
2026 07 24 13 14 30 000 -2.1990416E+01 -1.6621900E+01 2.1117493E+00
2026 07 24 13 15 00 000 -2.1990556E+01 -1.6623730E+01 2.1112314E+00
2026 07 24 13 15 30 000 -2.1990694E+01 -1.6625561E+01 2.1107002E+00
2026 07 24 13 16 00 000 -2.1990831E+01 -1.6627393E+01 2.1101558E+00
2026 07 24 13 16 30 000 -2.1990966E+01 -1.6629226E+01 2.1095982E+00
2026 07 24 13 17 00 000 -2.1991100E+01 -1.6631060E+01 2.1090273E+00
2026 07 24 13 17 30 000 -2.1991233E+01 -1.6632895E+01 2.1084431E+00
2026 07 24 13 18 00 000 -2.1991364E+01 -1.6634730E+01 2.1078458E+00
2026 07 24 13 18 30 000 -2.1991493E+01 -1.6636567E+01 2.1072352E+00
2026 07 24 13 19 00 000 -2.1991621E+01 -1.6638405E+01 2.1066114E+00
2026 07 24 13 19 30 000 -2.1991748E+01 -1.6640243E+01 2.1059744E+00
2026 07 24 13 20 00 000 -2.1991874E+01 -1.6642082E+01 2.1053242E+00
2026 07 24 13 20 30 000 -2.1991998E+01 -1.6643922E+01 2.1046609E+00
2026 07 24 13 21 00 000 -2.1992120E+01 -1.6645763E+01 2.1039844E+00
2026 07 24 13 21 30 000 -2.1992241E+01 -1.6647605E+01 2.1032947E+00
2026 07 24 13 22 00 000 -2.1992361E+01 -1.6649448E+01 2.1025918E+00
2026 07 24 13 22 30 000 -2.1992480E+01 -1.6651292E+01 2.1018758E+00
2026 07 24 13 23 00 000 -2.1992596E+01 -1.6653137E+01 2.1011467E+00
2026 07 24 13 23 30 000 -2.1992712E+01 -1.6654982E+01 2.1004044E+00
2026 07 24 13 24 00 000 -2.1992826E+01 -1.6656828E+01 2.0996490E+00
2026 07 24 13 24 30 000 -2.1992939E+01 -1.6658676E+01 2.0988805E+00
2026 07 24 13 25 00 000 -2.1993050E+01 -1.6660524E+01 2.0980989E+00
2026 07 24 13 25 30 000 -2.1993160E+01 -1.6662373E+01 2.0973042E+00
2026 07 24 13 26 00 000 -2.1993268E+01 -1.6664222E+01 2.0964964E+00
2026 07 24 13 26 30 000 -2.1993375E+01 -1.6666073E+01 2.0956756E+00
2026 07 24 13 27 00 000 -2.1993481E+01 -1.6667925E+01 2.0948417E+00
2026 07 24 13 27 30 000 -2.1993585E+01 -1.6669777E+01 2.0939947E+00
2026 07 24 13 28 00 000 -2.1993688E+01 -1.6671630E+01 2.0931347E+00
2026 07 24 13 28 30 000 -2.1993789E+01 -1.6673484E+01 2.0922616E+00
2026 07 24 13 29 00 000 -2.1993889E+01 -1.6675339E+01 2.0913755E+00
2026 07 24 13 29 30 000 -2.1993988E+01 -1.6677195E+01 2.0904764E+00
2026 07 24 13 30 00 000 -2.1994085E+01 -1.6679051E+01 2.0895643E+00
2026 07 24 13 30 30 000 -2.1994181E+01 -1.6680908E+01 2.0886392E+00
2026 07 24 13 31 00 000 -2.1994275E+01 -1.6682766E+01 2.0877011E+00
2026 07 24 13 31 30 000 -2.1994368E+01 -1.6684625E+01 2.0867500E+00
2026 07 24 13 32 00 000 -2.1994459E+01 -1.6686485E+01 2.0857860E+00
2026 07 24 13 32 30 000 -2.1994549E+01 -1.6688346E+01 2.0848090E+00
2026 07 24 13 33 00 000 -2.1994638E+01 -1.6690207E+01 2.0838191E+00
2026 07 24 13 33 30 000 -2.1994725E+01 -1.6692069E+01 2.0828162E+00
2026 07 24 13 34 00 000 -2.1994811E+01 -1.6693932E+01 2.0818004E+00
2026 07 24 13 34 30 000 -2.1994896E+01 -1.6695796E+01 2.0807717E+00
2026 07 24 13 35 00 000 -2.1994979E+01 -1.6697660E+01 2.0797301E+00
2026 07 24 13 35 30 000 -2.1995060E+01 -1.6699526E+01 2.0786756E+00
2026 07 24 13 36 00 000 -2.1995141E+01 -1.6701392E+01 2.0776082E+00
2026 07 24 13 36 30 000 -2.1995219E+01 -1.6703258E+01 2.0765280E+00
2026 07 24 13 37 00 000 -2.1995297E+01 -1.6705126E+01 2.0754349E+00
2026 07 24 13 37 30 000 -2.1995373E+01 -1.6706994E+01 2.0743290E+00
2026 07 24 13 38 00 000 -2.1995447E+01 -1.6708863E+01 2.0732102E+00
2026 07 24 13 38 30 000 -2.1995521E+01 -1.6710733E+01 2.0720786E+00
2026 07 24 13 39 00 000 -2.1995592E+01 -1.6712604E+01 2.0709342E+00
2026 07 24 13 39 30 000 -2.1995663E+01 -1.6714475E+01 2.0697770E+00
2026 07 24 13 40 00 000 -2.1995732E+01 -1.6716347E+01 2.0686070E+00
2026 07 24 13 40 30 000 -2.1995799E+01 -1.6718220E+01 2.0674242E+00
2026 07 24 13 41 00 000 -2.1995865E+01 -1.6720094E+01 2.0662287E+00
2026 07 24 13 41 30 000 -2.1995930E+01 -1.6721968E+01 2.0650204E+00
2026 07 24 13 42 00 000 -2.1995993E+01 -1.6723843E+01 2.0637994E+00
2026 07 24 13 42 30 000 -2.1996055E+01 -1.6725719E+01 2.0625656E+00
2026 07 24 13 43 00 000 -2.1996116E+01 -1.6727595E+01 2.0613192E+00
2026 07 24 13 43 30 000 -2.1996175E+01 -1.6729472E+01 2.0600600E+00
2026 07 24 13 44 00 000 -2.1996232E+01 -1.6731350E+01 2.0587882E+00
2026 07 24 13 44 30 000 -2.1996289E+01 -1.6733229E+01 2.0575036E+00
2026 07 24 13 45 00 000 -2.1996344E+01 -1.6735108E+01 2.0562064E+00
2026 07 24 13 45 30 000 -2.1996397E+01 -1.6736988E+01 2.0548966E+00
2026 07 24 13 46 00 000 -2.1996449E+01 -1.6738868E+01 2.0535741E+00
2026 07 24 13 46 30 000 -2.1996500E+01 -1.6740749E+01 2.0522390E+00
2026 07 24 13 47 00 000 -2.1996549E+01 -1.6742631E+01 2.0508913E+00
2026 07 24 13 47 30 000 -2.1996597E+01 -1.6744514E+01 2.0495310E+00
2026 07 24 13 48 00 000 -2.1996643E+01 -1.6746397E+01 2.0481581E+00
2026 07 24 13 48 30 000 -2.1996688E+01 -1.6748281E+01 2.0467726E+00
2026 07 24 13 49 00 000 -2.1996732E+01 -1.6750166E+01 2.0453746E+00
2026 07 24 13 49 30 000 -2.1996774E+01 -1.6752051E+01 2.0439640E+00
2026 07 24 13 50 00 000 -2.1996815E+01 -1.6753937E+01 2.0425409E+00
2026 07 24 13 50 30 000 -2.1996854E+01 -1.6755823E+01 2.0411053E+00
2026 07 24 13 51 00 000 -2.1996892E+01 -1.6757710E+01 2.0396572E+00
2026 07 24 13 51 30 000 -2.1996929E+01 -1.6759598E+01 2.0381966E+00
2026 07 24 13 52 00 000 -2.1996964E+01 -1.6761486E+01 2.0367235E+00
2026 07 24 13 52 30 000 -2.1996998E+01 -1.6763375E+01 2.0352380E+00
2026 07 24 13 53 00 000 -2.1997030E+01 -1.6765264E+01 2.0337400E+00
2026 07 24 13 53 30 000 -2.1997061E+01 -1.6767154E+01 2.0322296E+00
2026 07 24 13 54 00 000 -2.1997091E+01 -1.6769045E+01 2.0307067E+00
2026 07 24 13 54 30 000 -2.1997119E+01 -1.6770936E+01 2.0291715E+00
2026 07 24 13 55 00 000 -2.1997146E+01 -1.6772828E+01 2.0276239E+00
2026 07 24 13 55 30 000 -2.1997171E+01 -1.6774721E+01 2.0260638E+00
2026 07 24 13 56 00 000 -2.1997195E+01 -1.6776614E+01 2.0244915E+00
2026 07 24 13 56 30 000 -2.1997217E+01 -1.6778507E+01 2.0229068E+00
2026 07 24 13 57 00 000 -2.1997239E+01 -1.6780402E+01 2.0213097E+00
2026 07 24 13 57 30 000 -2.1997258E+01 -1.6782296E+01 2.0197004E+00
2026 07 24 13 58 00 000 -2.1997277E+01 -1.6784191E+01 2.0180787E+00
2026 07 24 13 58 30 000 -2.1997294E+01 -1.6786087E+01 2.0164448E+00
2026 07 24 13 59 00 000 -2.1997309E+01 -1.6787984E+01 2.0147986E+00
2026 07 24 13 59 30 000 -2.1997323E+01 -1.6789880E+01 2.0131401E+00
2026 07 24 14 00 00 000 -2.1997336E+01 -1.6791778E+01 2.0114694E+00
2026 07 24 14 00 30 000 -2.1997347E+01 -1.6793676E+01 2.0097865E+00
2026 07 24 14 01 00 000 -2.1997357E+01 -1.6795574E+01 2.0080914E+00
2026 07 24 14 01 30 000 -2.1997366E+01 -1.6797473E+01 2.0063841E+00
2026 07 24 14 02 00 000 -2.1997373E+01 -1.6799372E+01 2.0046646E+00
2026 07 24 14 02 30 000 -2.1997379E+01 -1.6801272E+01 2.0029329E+00
2026 07 24 14 03 00 000 -2.1997383E+01 -1.6803173E+01 2.0011892E+00
2026 07 24 14 03 30 000 -2.1997386E+01 -1.6805073E+01 1.9994333E+00
2026 07 24 14 04 00 000 -2.1997387E+01 -1.6806975E+01 1.9976652E+00
2026 07 24 14 04 30 000 -2.1997387E+01 -1.6808877E+01 1.9958851E+00
2026 07 24 14 05 00 000 -2.1997386E+01 -1.6810779E+01 1.9940929E+00
2026 07 24 14 05 30 000 -2.1997383E+01 -1.6812682E+01 1.9922887E+00
2026 07 24 14 06 00 000 -2.1997379E+01 -1.6814585E+01 1.9904724E+00
2026 07 24 14 06 30 000 -2.1997374E+01 -1.6816488E+01 1.9886441E+00
2026 07 24 14 07 00 000 -2.1997367E+01 -1.6818392E+01 1.9868037E+00
2026 07 24 14 07 30 000 -2.1997359E+01 -1.6820297E+01 1.9849514E+00
2026 07 24 14 08 00 000 -2.1997349E+01 -1.6822202E+01 1.9830871E+00
2026 07 24 14 08 30 000 -2.1997338E+01 -1.6824107E+01 1.9812109E+00
2026 07 24 14 09 00 000 -2.1997325E+01 -1.6826013E+01 1.9793227E+00
2026 07 24 14 09 30 000 -2.1997311E+01 -1.6827919E+01 1.9774226E+00
2026 07 24 14 10 00 000 -2.1997296E+01 -1.6829825E+01 1.9755106E+00
2026 07 24 14 10 30 000 -2.1997279E+01 -1.6831732E+01 1.9735867E+00
2026 07 24 14 11 00 000 -2.1997261E+01 -1.6833640E+01 1.9716509E+00
2026 07 24 14 11 30 000 -2.1997242E+01 -1.6835547E+01 1.9697032E+00
2026 07 24 14 12 00 000 -2.1997221E+01 -1.6837455E+01 1.9677438E+00
2026 07 24 14 12 30 000 -2.1997199E+01 -1.6839364E+01 1.9657725E+00
2026 07 24 14 13 00 000 -2.1997175E+01 -1.6841273E+01 1.9637894E+00
2026 07 24 14 13 30 000 -2.1997150E+01 -1.6843182E+01 1.9617945E+00
2026 07 24 14 14 00 000 -2.1997123E+01 -1.6845091E+01 1.9597879E+00
2026 07 24 14 14 30 000 -2.1997095E+01 -1.6847001E+01 1.9577696E+00
2026 07 24 14 15 00 000 -2.1997066E+01 -1.6848911E+01 1.9557395E+00
2026 07 24 14 15 30 000 -2.1997035E+01 -1.6850822E+01 1.9536977E+00
2026 07 24 14 16 00 000 -2.1997003E+01 -1.6852732E+01 1.9516442E+00
2026 07 24 14 16 30 000 -2.1996970E+01 -1.6854644E+01 1.9495790E+00
2026 07 24 14 17 00 000 -2.1996935E+01 -1.6856555E+01 1.9475022E+00
2026 07 24 14 17 30 000 -2.1996899E+01 -1.6858467E+01 1.9454138E+00
2026 07 24 14 18 00 000 -2.1996861E+01 -1.6860379E+01 1.9433137E+00
2026 07 24 14 18 30 000 -2.1996822E+01 -1.6862291E+01 1.9412020E+00
2026 07 24 14 19 00 000 -2.1996781E+01 -1.6864203E+01 1.9390788E+00
2026 07 24 14 19 30 000 -2.1996740E+01 -1.6866116E+01 1.9369441E+00
2026 07 24 14 20 00 000 -2.1996696E+01 -1.6868029E+01 1.9347977E+00
2026 07 24 14 20 30 000 -2.1996652E+01 -1.6869943E+01 1.9326399E+00
2026 07 24 14 21 00 000 -2.1996606E+01 -1.6871856E+01 1.9304706E+00
2026 07 24 14 21 30 000 -2.1996558E+01 -1.6873770E+01 1.9282898E+00
2026 07 24 14 22 00 000 -2.1996509E+01 -1.6875684E+01 1.9260975E+00
2026 07 24 14 22 30 000 -2.1996459E+01 -1.6877598E+01 1.9238938E+00
2026 07 24 14 23 00 000 -2.1996407E+01 -1.6879513E+01 1.9216787E+00
2026 07 24 14 23 30 000 -2.1996354E+01 -1.6881428E+01 1.9194522E+00
2026 07 24 14 24 00 000 -2.1996300E+01 -1.6883343E+01 1.9172143E+00
2026 07 24 14 24 30 000 -2.1996244E+01 -1.6885258E+01 1.9149650E+00
2026 07 24 14 25 00 000 -2.1996187E+01 -1.6887173E+01 1.9127045E+00
2026 07 24 14 25 30 000 -2.1996128E+01 -1.6889089E+01 1.9104326E+00
2026 07 24 14 26 00 000 -2.1996068E+01 -1.6891004E+01 1.9081494E+00
2026 07 24 14 26 30 000 -2.1996007E+01 -1.6892920E+01 1.9058549E+00
2026 07 24 14 27 00 000 -2.1995944E+01 -1.6894836E+01 1.9035492E+00
2026 07 24 14 27 30 000 -2.1995880E+01 -1.6896752E+01 1.9012323E+00
2026 07 24 14 28 00 000 -2.1995814E+01 -1.6898668E+01 1.8989041E+00
2026 07 24 14 28 30 000 -2.1995747E+01 -1.6900585E+01 1.8965647E+00
2026 07 24 14 29 00 000 -2.1995679E+01 -1.6902501E+01 1.8942142E+00
2026 07 24 14 29 30 000 -2.1995609E+01 -1.6904418E+01 1.8918525E+00
2026 07 24 14 30 00 000 -2.1995538E+01 -1.6906335E+01 1.8894797E+00
2026 07 24 14 30 30 000 -2.1995465E+01 -1.6908252E+01 1.8870958E+00
2026 07 24 14 31 00 000 -2.1995391E+01 -1.6910169E+01 1.8847009E+00
2026 07 24 14 31 30 000 -2.1995316E+01 -1.6912086E+01 1.8822948E+00
2026 07 24 14 32 00 000 -2.1995239E+01 -1.6914003E+01 1.8798777E+00
2026 07 24 14 32 30 000 -2.1995161E+01 -1.6915921E+01 1.8774496E+00
2026 07 24 14 33 00 000 -2.1995082E+01 -1.6917838E+01 1.8750105E+00
2026 07 24 14 33 30 000 -2.1995001E+01 -1.6919755E+01 1.8725604E+00
2026 07 24 14 34 00 000 -2.1994918E+01 -1.6921673E+01 1.8700994E+00
2026 07 24 14 34 30 000 -2.1994835E+01 -1.6923590E+01 1.8676274E+00
2026 07 24 14 35 00 000 -2.1994750E+01 -1.6925508E+01 1.8651446E+00
2026 07 24 14 35 30 000 -2.1994663E+01 -1.6927426E+01 1.8626508E+00
2026 07 24 14 36 00 000 -2.1994575E+01 -1.6929343E+01 1.8601462E+00
2026 07 24 14 36 30 000 -2.1994486E+01 -1.6931261E+01 1.8576307E+00
2026 07 24 14 37 00 000 -2.1994395E+01 -1.6933179E+01 1.8551045E+00
2026 07 24 14 37 30 000 -2.1994303E+01 -1.6935096E+01 1.8525674E+00
2026 07 24 14 38 00 000 -2.1994210E+01 -1.6937014E+01 1.8500196E+00
2026 07 24 14 38 30 000 -2.1994115E+01 -1.6938932E+01 1.8474610E+00
2026 07 24 14 39 00 000 -2.1994019E+01 -1.6940849E+01 1.8448917E+00
2026 07 24 14 39 30 000 -2.1993921E+01 -1.6942767E+01 1.8423116E+00
2026 07 24 14 40 00 000 -2.1993822E+01 -1.6944684E+01 1.8397210E+00
2026 07 24 14 40 30 000 -2.1993722E+01 -1.6946602E+01 1.8371196E+00
2026 07 24 14 41 00 000 -2.1993620E+01 -1.6948519E+01 1.8345076E+00
2026 07 24 14 41 30 000 -2.1993517E+01 -1.6950437E+01 1.8318850E+00
2026 07 24 14 42 00 000 -2.1993412E+01 -1.6952354E+01 1.8292519E+00
2026 07 24 14 42 30 000 -2.1993306E+01 -1.6954272E+01 1.8266081E+00
2026 07 24 14 43 00 000 -2.1993199E+01 -1.6956189E+01 1.8239538E+00
2026 07 24 14 43 30 000 -2.1993090E+01 -1.6958106E+01 1.8212891E+00
2026 07 24 14 44 00 000 -2.1992980E+01 -1.6960023E+01 1.8186138E+00
2026 07 24 14 44 30 000 -2.1992868E+01 -1.6961940E+01 1.8159280E+00
2026 07 24 14 45 00 000 -2.1992755E+01 -1.6963857E+01 1.8132319E+00
2026 07 24 14 45 30 000 -2.1992641E+01 -1.6965773E+01 1.8105253E+00
2026 07 24 14 46 00 000 -2.1992525E+01 -1.6967690E+01 1.8078083E+00
2026 07 24 14 46 30 000 -2.1992408E+01 -1.6969607E+01 1.8050809E+00
2026 07 24 14 47 00 000 -2.1992290E+01 -1.6971523E+01 1.8023432E+00
2026 07 24 14 47 30 000 -2.1992170E+01 -1.6973439E+01 1.7995952E+00
2026 07 24 14 48 00 000 -2.1992049E+01 -1.6975355E+01 1.7968369E+00
2026 07 24 14 48 30 000 -2.1991926E+01 -1.6977271E+01 1.7940683E+00
2026 07 24 14 49 00 000 -2.1991802E+01 -1.6979186E+01 1.7912895E+00
2026 07 24 14 49 30 000 -2.1991676E+01 -1.6981102E+01 1.7885004E+00
2026 07 24 14 50 00 000 -2.1991550E+01 -1.6983017E+01 1.7857012E+00
2026 07 24 14 50 30 000 -2.1991421E+01 -1.6984932E+01 1.7828918E+00
2026 07 24 14 51 00 000 -2.1991292E+01 -1.6986847E+01 1.7800723E+00
2026 07 24 14 51 30 000 -2.1991161E+01 -1.6988762E+01 1.7772426E+00
2026 07 24 14 52 00 000 -2.1991028E+01 -1.6990676E+01 1.7744028E+00
2026 07 24 14 52 30 000 -2.1990895E+01 -1.6992590E+01 1.7715530E+00
2026 07 24 14 53 00 000 -2.1990760E+01 -1.6994504E+01 1.7686932E+00
2026 07 24 14 53 30 000 -2.1990623E+01 -1.6996418E+01 1.7658233E+00
2026 07 24 14 54 00 000 -2.1990485E+01 -1.6998332E+01 1.7629435E+00
2026 07 24 14 54 30 000 -2.1990346E+01 -1.7000245E+01 1.7600537E+00
2026 07 24 14 55 00 000 -2.1990205E+01 -1.7002158E+01 1.7571539E+00
2026 07 24 14 55 30 000 -2.1990063E+01 -1.7004070E+01 1.7542443E+00
2026 07 24 14 56 00 000 -2.1989920E+01 -1.7005983E+01 1.7513247E+00
2026 07 24 14 56 30 000 -2.1989775E+01 -1.7007895E+01 1.7483953E+00
2026 07 24 14 57 00 000 -2.1989628E+01 -1.7009807E+01 1.7454561E+00
2026 07 24 14 57 30 000 -2.1989481E+01 -1.7011718E+01 1.7425071E+00
2026 07 24 14 58 00 000 -2.1989332E+01 -1.7013629E+01 1.7395483E+00
2026 07 24 14 58 30 000 -2.1989181E+01 -1.7015540E+01 1.7365797E+00
2026 07 24 14 59 00 000 -2.1989030E+01 -1.7017451E+01 1.7336015E+00
2026 07 24 14 59 30 000 -2.1988876E+01 -1.7019361E+01 1.7306135E+00
2026 07 24 15 00 00 000 -2.1988722E+01 -1.7021271E+01 1.7276159E+00
2026 07 24 15 00 30 000 -2.1988566E+01 -1.7023180E+01 1.7246086E+00
2026 07 24 15 01 00 000 -2.1988409E+01 -1.7025089E+01 1.7215917E+00
2026 07 24 15 01 30 000 -2.1988250E+01 -1.7026998E+01 1.7185653E+00
2026 07 24 15 02 00 000 -2.1988090E+01 -1.7028906E+01 1.7155292E+00
2026 07 24 15 02 30 000 -2.1987928E+01 -1.7030814E+01 1.7124837E+00
2026 07 24 15 03 00 000 -2.1987765E+01 -1.7032722E+01 1.7094286E+00
2026 07 24 15 03 30 000 -2.1987601E+01 -1.7034629E+01 1.7063641E+00
2026 07 24 15 04 00 000 -2.1987435E+01 -1.7036535E+01 1.7032901E+00
2026 07 24 15 04 30 000 -2.1987268E+01 -1.7038442E+01 1.7002067E+00
2026 07 24 15 05 00 000 -2.1987100E+01 -1.7040348E+01 1.6971139E+00
2026 07 24 15 05 30 000 -2.1986930E+01 -1.7042253E+01 1.6940118E+00
2026 07 24 15 06 00 000 -2.1986759E+01 -1.7044158E+01 1.6909003E+00
2026 07 24 15 06 30 000 -2.1986586E+01 -1.7046062E+01 1.6877795E+00
2026 07 24 15 07 00 000 -2.1986412E+01 -1.7047966E+01 1.6846494E+00
2026 07 24 15 07 30 000 -2.1986237E+01 -1.7049870E+01 1.6815101E+00
2026 07 24 15 08 00 000 -2.1986060E+01 -1.7051773E+01 1.6783615E+00
2026 07 24 15 08 30 000 -2.1985882E+01 -1.7053676E+01 1.6752038E+00
2026 07 24 15 09 00 000 -2.1985703E+01 -1.7055578E+01 1.6720369E+00
2026 07 24 15 09 30 000 -2.1985522E+01 -1.7057480E+01 1.6688609E+00
2026 07 24 15 10 00 000 -2.1985340E+01 -1.7059381E+01 1.6656757E+00
2026 07 24 15 10 30 000 -2.1985156E+01 -1.7061281E+01 1.6624815E+00
2026 07 24 15 11 00 000 -2.1984971E+01 -1.7063181E+01 1.6592783E+00
2026 07 24 15 11 30 000 -2.1984784E+01 -1.7065081E+01 1.6560660E+00
2026 07 24 15 12 00 000 -2.1984597E+01 -1.7066980E+01 1.6528447E+00
2026 07 24 15 12 30 000 -2.1984407E+01 -1.7068878E+01 1.6496145E+00
2026 07 24 15 13 00 000 -2.1984217E+01 -1.7070776E+01 1.6463754E+00
2026 07 24 15 13 30 000 -2.1984025E+01 -1.7072673E+01 1.6431273E+00
2026 07 24 15 14 00 000 -2.1983832E+01 -1.7074570E+01 1.6398704E+00
2026 07 24 15 14 30 000 -2.1983637E+01 -1.7076466E+01 1.6366046E+00
2026 07 24 15 15 00 000 -2.1983441E+01 -1.7078362E+01 1.6333300E+00
2026 07 24 15 15 30 000 -2.1983243E+01 -1.7080257E+01 1.6300467E+00
2026 07 24 15 16 00 000 -2.1983045E+01 -1.7082151E+01 1.6267546E+00
2026 07 24 15 16 30 000 -2.1982844E+01 -1.7084045E+01 1.6234538E+00
2026 07 24 15 17 00 000 -2.1982643E+01 -1.7085938E+01 1.6201442E+00
2026 07 24 15 17 30 000 -2.1982440E+01 -1.7087830E+01 1.6168261E+00
2026 07 24 15 18 00 000 -2.1982235E+01 -1.7089722E+01 1.6134993E+00
2026 07 24 15 18 30 000 -2.1982030E+01 -1.7091613E+01 1.6101639E+00
2026 07 24 15 19 00 000 -2.1981822E+01 -1.7093504E+01 1.6068199E+00
2026 07 24 15 19 30 000 -2.1981614E+01 -1.7095394E+01 1.6034674E+00
2026 07 24 15 20 00 000 -2.1981404E+01 -1.7097283E+01 1.6001064E+00
2026 07 24 15 20 30 000 -2.1981193E+01 -1.7099171E+01 1.5967369E+00
2026 07 24 15 21 00 000 -2.1980980E+01 -1.7101059E+01 1.5933589E+00
2026 07 24 15 21 30 000 -2.1980766E+01 -1.7102946E+01 1.5899726E+00
2026 07 24 15 22 00 000 -2.1980550E+01 -1.7104833E+01 1.5865779E+00
2026 07 24 15 22 30 000 -2.1980334E+01 -1.7106719E+01 1.5831748E+00
2026 07 24 15 23 00 000 -2.1980115E+01 -1.7108604E+01 1.5797634E+00
2026 07 24 15 23 30 000 -2.1979896E+01 -1.7110488E+01 1.5763437E+00
2026 07 24 15 24 00 000 -2.1979675E+01 -1.7112371E+01 1.5729157E+00
2026 07 24 15 24 30 000 -2.1979453E+01 -1.7114254E+01 1.5694796E+00
2026 07 24 15 25 00 000 -2.1979229E+01 -1.7116136E+01 1.5660352E+00
2026 07 24 15 25 30 000 -2.1979004E+01 -1.7118018E+01 1.5625827E+00
2026 07 24 15 26 00 000 -2.1978777E+01 -1.7119898E+01 1.5591220E+00
2026 07 24 15 26 30 000 -2.1978549E+01 -1.7121778E+01 1.5556533E+00
2026 07 24 15 27 00 000 -2.1978320E+01 -1.7123657E+01 1.5521764E+00
2026 07 24 15 27 30 000 -2.1978090E+01 -1.7125535E+01 1.5486916E+00
2026 07 24 15 28 00 000 -2.1977858E+01 -1.7127412E+01 1.5451987E+00
2026 07 24 15 28 30 000 -2.1977624E+01 -1.7129289E+01 1.5416979E+00
2026 07 24 15 29 00 000 -2.1977390E+01 -1.7131165E+01 1.5381891E+00
2026 07 24 15 29 30 000 -2.1977153E+01 -1.7133040E+01 1.5346724E+00
2026 07 24 15 30 00 000 -2.1976916E+01 -1.7134914E+01 1.5311479E+00
2026 07 24 15 30 30 000 -2.1976677E+01 -1.7136787E+01 1.5276155E+00
2026 07 24 15 31 00 000 -2.1976437E+01 -1.7138659E+01 1.5240753E+00
2026 07 24 15 31 30 000 -2.1976195E+01 -1.7140531E+01 1.5205273E+00
2026 07 24 15 32 00 000 -2.1975952E+01 -1.7142402E+01 1.5169716E+00
2026 07 24 15 32 30 000 -2.1975708E+01 -1.7144271E+01 1.5134082E+00
2026 07 24 15 33 00 000 -2.1975462E+01 -1.7146140E+01 1.5098371E+00
2026 07 24 15 33 30 000 -2.1975215E+01 -1.7148008E+01 1.5062583E+00
2026 07 24 15 34 00 000 -2.1974966E+01 -1.7149876E+01 1.5026720E+00
2026 07 24 15 34 30 000 -2.1974716E+01 -1.7151742E+01 1.4990780E+00
2026 07 24 15 35 00 000 -2.1974465E+01 -1.7153607E+01 1.4954766E+00
2026 07 24 15 35 30 000 -2.1974212E+01 -1.7155472E+01 1.4918676E+00
2026 07 24 15 36 00 000 -2.1973958E+01 -1.7157335E+01 1.4882511E+00
2026 07 24 15 36 30 000 -2.1973703E+01 -1.7159198E+01 1.4846272E+00
2026 07 24 15 37 00 000 -2.1973446E+01 -1.7161060E+01 1.4809959E+00
2026 07 24 15 37 30 000 -2.1973188E+01 -1.7162920E+01 1.4773572E+00
2026 07 24 15 38 00 000 -2.1972928E+01 -1.7164780E+01 1.4737112E+00
2026 07 24 15 38 30 000 -2.1972668E+01 -1.7166639E+01 1.4700578E+00
2026 07 24 15 39 00 000 -2.1972405E+01 -1.7168497E+01 1.4663972E+00
2026 07 24 15 39 30 000 -2.1972142E+01 -1.7170354E+01 1.4627294E+00
2026 07 24 15 40 00 000 -2.1971876E+01 -1.7172210E+01 1.4590543E+00
2026 07 24 15 40 30 000 -2.1971610E+01 -1.7174064E+01 1.4553721E+00
2026 07 24 15 41 00 000 -2.1971342E+01 -1.7175918E+01 1.4516827E+00
2026 07 24 15 41 30 000 -2.1971073E+01 -1.7177771E+01 1.4479862E+00
2026 07 24 15 42 00 000 -2.1970803E+01 -1.7179623E+01 1.4442827E+00
2026 07 24 15 42 30 000 -2.1970531E+01 -1.7181474E+01 1.4405721E+00
2026 07 24 15 43 00 000 -2.1970257E+01 -1.7183324E+01 1.4368545E+00
2026 07 24 15 43 30 000 -2.1969983E+01 -1.7185173E+01 1.4331300E+00
2026 07 24 15 44 00 000 -2.1969707E+01 -1.7187020E+01 1.4293985E+00
2026 07 24 15 44 30 000 -2.1969429E+01 -1.7188867E+01 1.4256601E+00
2026 07 24 15 45 00 000 -2.1969150E+01 -1.7190713E+01 1.4219149E+00
2026 07 24 15 45 30 000 -2.1968870E+01 -1.7192557E+01 1.4181628E+00
2026 07 24 15 46 00 000 -2.1968589E+01 -1.7194401E+01 1.4144040E+00
2026 07 24 15 46 30 000 -2.1968306E+01 -1.7196243E+01 1.4106384E+00
2026 07 24 15 47 00 000 -2.1968021E+01 -1.7198085E+01 1.4068661E+00
2026 07 24 15 47 30 000 -2.1967736E+01 -1.7199925E+01 1.4030871E+00
2026 07 24 15 48 00 000 -2.1967449E+01 -1.7201764E+01 1.3993014E+00
2026 07 24 15 48 30 000 -2.1967160E+01 -1.7203602E+01 1.3955091E+00
2026 07 24 15 49 00 000 -2.1966870E+01 -1.7205439E+01 1.3917103E+00
2026 07 24 15 49 30 000 -2.1966579E+01 -1.7207275E+01 1.3879049E+00
2026 07 24 15 50 00 000 -2.1966287E+01 -1.7209110E+01 1.3840930E+00
2026 07 24 15 50 30 000 -2.1965993E+01 -1.7210943E+01 1.3802746E+00
2026 07 24 15 51 00 000 -2.1965697E+01 -1.7212776E+01 1.3764498E+00
2026 07 24 15 51 30 000 -2.1965401E+01 -1.7214607E+01 1.3726185E+00
2026 07 24 15 52 00 000 -2.1965103E+01 -1.7216437E+01 1.3687810E+00
2026 07 24 15 52 30 000 -2.1964803E+01 -1.7218266E+01 1.3649371E+00
2026 07 24 15 53 00 000 -2.1964502E+01 -1.7220094E+01 1.3610869E+00
2026 07 24 15 53 30 000 -2.1964200E+01 -1.7221921E+01 1.3572304E+00
2026 07 24 15 54 00 000 -2.1963897E+01 -1.7223746E+01 1.3533677E+00
2026 07 24 15 54 30 000 -2.1963592E+01 -1.7225570E+01 1.3494988E+00
2026 07 24 15 55 00 000 -2.1963285E+01 -1.7227393E+01 1.3456238E+00
2026 07 24 15 55 30 000 -2.1962978E+01 -1.7229215E+01 1.3417427E+00
2026 07 24 15 56 00 000 -2.1962669E+01 -1.7231036E+01 1.3378555E+00
2026 07 24 15 56 30 000 -2.1962358E+01 -1.7232855E+01 1.3339623E+00
2026 07 24 15 57 00 000 -2.1962047E+01 -1.7234673E+01 1.3300630E+00
2026 07 24 15 57 30 000 -2.1961733E+01 -1.7236490E+01 1.3261578E+00
2026 07 24 15 58 00 000 -2.1961419E+01 -1.7238306E+01 1.3222467E+00
2026 07 24 15 58 30 000 -2.1961103E+01 -1.7240120E+01 1.3183297E+00
2026 07 24 15 59 00 000 -2.1960786E+01 -1.7241933E+01 1.3144068E+00
2026 07 24 15 59 30 000 -2.1960467E+01 -1.7243745E+01 1.3104781E+00
2026 07 24 16 00 00 000 -2.1960147E+01 -1.7245556E+01 1.3065436E+00
2026 07 24 16 00 30 000 -2.1959826E+01 -1.7247365E+01 1.3026034E+00
2026 07 24 16 01 00 000 -2.1959503E+01 -1.7249173E+01 1.2986574E+00
2026 07 24 16 01 30 000 -2.1959179E+01 -1.7250980E+01 1.2947058E+00
2026 07 24 16 02 00 000 -2.1958853E+01 -1.7252786E+01 1.2907486E+00
2026 07 24 16 02 30 000 -2.1958526E+01 -1.7254590E+01 1.2867858E+00
2026 07 24 16 03 00 000 -2.1958198E+01 -1.7256393E+01 1.2828174E+00
2026 07 24 16 03 30 000 -2.1957868E+01 -1.7258195E+01 1.2788435E+00
2026 07 24 16 04 00 000 -2.1957537E+01 -1.7259995E+01 1.2748642E+00
2026 07 24 16 04 30 000 -2.1957205E+01 -1.7261794E+01 1.2708793E+00
2026 07 24 16 05 00 000 -2.1956871E+01 -1.7263591E+01 1.2668891E+00
2026 07 24 16 05 30 000 -2.1956536E+01 -1.7265388E+01 1.2628934E+00
2026 07 24 16 06 00 000 -2.1956200E+01 -1.7267183E+01 1.2588925E+00
2026 07 24 16 06 30 000 -2.1955862E+01 -1.7268976E+01 1.2548862E+00
2026 07 24 16 07 00 000 -2.1955523E+01 -1.7270768E+01 1.2508747E+00
2026 07 24 16 07 30 000 -2.1955182E+01 -1.7272559E+01 1.2468580E+00
2026 07 24 16 08 00 000 -2.1954840E+01 -1.7274349E+01 1.2428361E+00
2026 07 24 16 08 30 000 -2.1954497E+01 -1.7276137E+01 1.2388091E+00
2026 07 24 16 09 00 000 -2.1954152E+01 -1.7277924E+01 1.2347769E+00
2026 07 24 16 09 30 000 -2.1953806E+01 -1.7279709E+01 1.2307397E+00
2026 07 24 16 10 00 000 -2.1953459E+01 -1.7281493E+01 1.2266974E+00
2026 07 24 16 10 30 000 -2.1953110E+01 -1.7283276E+01 1.2226502E+00
2026 07 24 16 11 00 000 -2.1952760E+01 -1.7285057E+01 1.2185980E+00
2026 07 24 16 11 30 000 -2.1952408E+01 -1.7286837E+01 1.2145408E+00
2026 07 24 16 12 00 000 -2.1952055E+01 -1.7288615E+01 1.2104788E+00
2026 07 24 16 12 30 000 -2.1951701E+01 -1.7290392E+01 1.2064120E+00
2026 07 24 16 13 00 000 -2.1951345E+01 -1.7292167E+01 1.2023404E+00
2026 07 24 16 13 30 000 -2.1950988E+01 -1.7293941E+01 1.1982640E+00
2026 07 24 16 14 00 000 -2.1950630E+01 -1.7295714E+01 1.1941829E+00
2026 07 24 16 14 30 000 -2.1950270E+01 -1.7297485E+01 1.1900971E+00
2026 07 24 16 15 00 000 -2.1949909E+01 -1.7299255E+01 1.1860067E+00
2026 07 24 16 15 30 000 -2.1949547E+01 -1.7301023E+01 1.1819116E+00
2026 07 24 16 16 00 000 -2.1949183E+01 -1.7302790E+01 1.1778120E+00
2026 07 24 16 16 30 000 -2.1948818E+01 -1.7304555E+01 1.1737079E+00
2026 07 24 16 17 00 000 -2.1948451E+01 -1.7306319E+01 1.1695993E+00
2026 07 24 16 17 30 000 -2.1948083E+01 -1.7308081E+01 1.1654862E+00
2026 07 24 16 18 00 000 -2.1947714E+01 -1.7309842E+01 1.1613687E+00
2026 07 24 16 18 30 000 -2.1947343E+01 -1.7311601E+01 1.1572469E+00
2026 07 24 16 19 00 000 -2.1946971E+01 -1.7313359E+01 1.1531207E+00
2026 07 24 16 19 30 000 -2.1946597E+01 -1.7315116E+01 1.1489902E+00
2026 07 24 16 20 00 000 -2.1946223E+01 -1.7316871E+01 1.1448555E+00
2026 07 24 16 20 30 000 -2.1945846E+01 -1.7318624E+01 1.1407166E+00
2026 07 24 16 21 00 000 -2.1945469E+01 -1.7320376E+01 1.1365735E+00
2026 07 24 16 21 30 000 -2.1945090E+01 -1.7322126E+01 1.1324262E+00
2026 07 24 16 22 00 000 -2.1944710E+01 -1.7323875E+01 1.1282749E+00
2026 07 24 16 22 30 000 -2.1944328E+01 -1.7325622E+01 1.1241195E+00
2026 07 24 16 23 00 000 -2.1943945E+01 -1.7327368E+01 1.1199600E+00
2026 07 24 16 23 30 000 -2.1943561E+01 -1.7329112E+01 1.1157967E+00
2026 07 24 16 24 00 000 -2.1943175E+01 -1.7330854E+01 1.1116294E+00
2026 07 24 16 24 30 000 -2.1942788E+01 -1.7332595E+01 1.1074581E+00
2026 07 24 16 25 00 000 -2.1942399E+01 -1.7334335E+01 1.1032830E+00
2026 07 24 16 25 30 000 -2.1942010E+01 -1.7336073E+01 1.0991041E+00
2026 07 24 16 26 00 000 -2.1941618E+01 -1.7337809E+01 1.0949215E+00
2026 07 24 16 26 30 000 -2.1941226E+01 -1.7339544E+01 1.0907350E+00
2026 07 24 16 27 00 000 -2.1940832E+01 -1.7341277E+01 1.0865449E+00
2026 07 24 16 27 30 000 -2.1940437E+01 -1.7343008E+01 1.0823511E+00
2026 07 24 16 28 00 000 -2.1940040E+01 -1.7344738E+01 1.0781538E+00
2026 07 24 16 28 30 000 -2.1939642E+01 -1.7346467E+01 1.0739528E+00
2026 07 24 16 29 00 000 -2.1939242E+01 -1.7348193E+01 1.0697483E+00
2026 07 24 16 29 30 000 -2.1938842E+01 -1.7349919E+01 1.0655403E+00
2026 07 24 16 30 00 000 -2.1938440E+01 -1.7351642E+01 1.0613288E+00
2026 07 24 16 30 30 000 -2.1938036E+01 -1.7353364E+01 1.0571139E+00
2026 07 24 16 31 00 000 -2.1937631E+01 -1.7355084E+01 1.0528957E+00
2026 07 24 16 31 30 000 -2.1937225E+01 -1.7356803E+01 1.0486741E+00
2026 07 24 16 32 00 000 -2.1936817E+01 -1.7358520E+01 1.0444492E+00
2026 07 24 16 32 30 000 -2.1936408E+01 -1.7360235E+01 1.0402210E+00
2026 07 24 16 33 00 000 -2.1935998E+01 -1.7361949E+01 1.0359896E+00
2026 07 24 16 33 30 000 -2.1935586E+01 -1.7363661E+01 1.0317551E+00
2026 07 24 16 34 00 000 -2.1935173E+01 -1.7365372E+01 1.0275174E+00
2026 07 24 16 34 30 000 -2.1934759E+01 -1.7367081E+01 1.0232767E+00
2026 07 24 16 35 00 000 -2.1934343E+01 -1.7368788E+01 1.0190328E+00
2026 07 24 16 35 30 000 -2.1933926E+01 -1.7370493E+01 1.0147860E+00
2026 07 24 16 36 00 000 -2.1933508E+01 -1.7372197E+01 1.0105362E+00
2026 07 24 16 36 30 000 -2.1933088E+01 -1.7373899E+01 1.0062834E+00
2026 07 24 16 37 00 000 -2.1932666E+01 -1.7375600E+01 1.0020278E+00
2026 07 24 16 37 30 000 -2.1932244E+01 -1.7377298E+01 9.9776931E-01
2026 07 24 16 38 00 000 -2.1931820E+01 -1.7378995E+01 9.9350802E-01
2026 07 24 16 38 30 000 -2.1931395E+01 -1.7380691E+01 9.8924396E-01
2026 07 24 16 39 00 000 -2.1930968E+01 -1.7382385E+01 9.8497717E-01
2026 07 24 16 39 30 000 -2.1930540E+01 -1.7384077E+01 9.8070769E-01
2026 07 24 16 40 00 000 -2.1930110E+01 -1.7385767E+01 9.7643557E-01
2026 07 24 16 40 30 000 -2.1929680E+01 -1.7387456E+01 9.7216085E-01
2026 07 24 16 41 00 000 -2.1929247E+01 -1.7389142E+01 9.6788356E-01
2026 07 24 16 41 30 000 -2.1928814E+01 -1.7390828E+01 9.6360375E-01
2026 07 24 16 42 00 000 -2.1928379E+01 -1.7392511E+01 9.5932145E-01
2026 07 24 16 42 30 000 -2.1927943E+01 -1.7394193E+01 9.5503671E-01
2026 07 24 16 43 00 000 -2.1927505E+01 -1.7395873E+01 9.5074958E-01
2026 07 24 16 43 30 000 -2.1927066E+01 -1.7397551E+01 9.4646009E-01
2026 07 24 16 44 00 000 -2.1926626E+01 -1.7399228E+01 9.4216828E-01
2026 07 24 16 44 30 000 -2.1926184E+01 -1.7400903E+01 9.3787419E-01
2026 07 24 16 45 00 000 -2.1925741E+01 -1.7402576E+01 9.3357787E-01
2026 07 24 16 45 30 000 -2.1925297E+01 -1.7404247E+01 9.2927936E-01
2026 07 24 16 46 00 000 -2.1924851E+01 -1.7405917E+01 9.2497869E-01
2026 07 24 16 46 30 000 -2.1924404E+01 -1.7407584E+01 9.2067590E-01
2026 07 24 16 47 00 000 -2.1923955E+01 -1.7409251E+01 9.1637105E-01
2026 07 24 16 47 30 000 -2.1923506E+01 -1.7410915E+01 9.1206418E-01
2026 07 24 16 48 00 000 -2.1923054E+01 -1.7412578E+01 9.0775532E-01
2026 07 24 16 48 30 000 -2.1922602E+01 -1.7414238E+01 9.0344450E-01
2026 07 24 16 49 00 000 -2.1922148E+01 -1.7415897E+01 8.9913179E-01
2026 07 24 16 49 30 000 -2.1921692E+01 -1.7417555E+01 8.9481722E-01
2026 07 24 16 50 00 000 -2.1921236E+01 -1.7419210E+01 8.9050082E-01
2026 07 24 16 50 30 000 -2.1920778E+01 -1.7420864E+01 8.8618265E-01
2026 07 24 16 51 00 000 -2.1920318E+01 -1.7422516E+01 8.8186272E-01
2026 07 24 16 51 30 000 -2.1919858E+01 -1.7424166E+01 8.7754112E-01
2026 07 24 16 52 00 000 -2.1919396E+01 -1.7425814E+01 8.7321786E-01
2026 07 24 16 52 30 000 -2.1918932E+01 -1.7427461E+01 8.6889298E-01
2026 07 24 16 53 00 000 -2.1918467E+01 -1.7429106E+01 8.6456653E-01
2026 07 24 16 53 30 000 -2.1918001E+01 -1.7430749E+01 8.6023854E-01
2026 07 24 16 54 00 000 -2.1917533E+01 -1.7432390E+01 8.5590908E-01
2026 07 24 16 54 30 000 -2.1917065E+01 -1.7434029E+01 8.5157816E-01
2026 07 24 16 55 00 000 -2.1916594E+01 -1.7435667E+01 8.4724584E-01
2026 07 24 16 55 30 000 -2.1916123E+01 -1.7437303E+01 8.4291216E-01
2026 07 24 16 56 00 000 -2.1915650E+01 -1.7438937E+01 8.3857716E-01
2026 07 24 16 56 30 000 -2.1915175E+01 -1.7440569E+01 8.3424087E-01
2026 07 24 16 57 00 000 -2.1914700E+01 -1.7442199E+01 8.2990335E-01
2026 07 24 16 57 30 000 -2.1914222E+01 -1.7443827E+01 8.2556464E-01
2026 07 24 16 58 00 000 -2.1913744E+01 -1.7445454E+01 8.2122475E-01
2026 07 24 16 58 30 000 -2.1913264E+01 -1.7447079E+01 8.1688376E-01
2026 07 24 16 59 00 000 -2.1912783E+01 -1.7448702E+01 8.1254170E-01
2026 07 24 16 59 30 000 -2.1912301E+01 -1.7450323E+01 8.0819862E-01
2026 07 24 17 00 00 000 -2.1911817E+01 -1.7451943E+01 8.0385455E-01
2026 07 24 17 00 30 000 -2.1911331E+01 -1.7453560E+01 7.9950953E-01
2026 07 24 17 01 00 000 -2.1910845E+01 -1.7455176E+01 7.9516360E-01
2026 07 24 17 01 30 000 -2.1910357E+01 -1.7456790E+01 7.9081683E-01
2026 07 24 17 02 00 000 -2.1909868E+01 -1.7458402E+01 7.8646921E-01
2026 07 24 17 02 30 000 -2.1909377E+01 -1.7460012E+01 7.8212083E-01
2026 07 24 17 03 00 000 -2.1908885E+01 -1.7461620E+01 7.7777170E-01
2026 07 24 17 03 30 000 -2.1908391E+01 -1.7463227E+01 7.7342189E-01
2026 07 24 17 04 00 000 -2.1907897E+01 -1.7464831E+01 7.6907143E-01
2026 07 24 17 04 30 000 -2.1907401E+01 -1.7466434E+01 7.6472034E-01
2026 07 24 17 05 00 000 -2.1906903E+01 -1.7468035E+01 7.6036870E-01
2026 07 24 17 05 30 000 -2.1906404E+01 -1.7469634E+01 7.5601653E-01
2026 07 24 17 06 00 000 -2.1905904E+01 -1.7471231E+01 7.5166389E-01
2026 07 24 17 06 30 000 -2.1905403E+01 -1.7472827E+01 7.4731077E-01
2026 07 24 17 07 00 000 -2.1904900E+01 -1.7474420E+01 7.4295726E-01
2026 07 24 17 07 30 000 -2.1904395E+01 -1.7476012E+01 7.3860340E-01
2026 07 24 17 08 00 000 -2.1903890E+01 -1.7477602E+01 7.3424923E-01
2026 07 24 17 08 30 000 -2.1903383E+01 -1.7479190E+01 7.2989478E-01
2026 07 24 17 09 00 000 -2.1902874E+01 -1.7480776E+01 7.2554008E-01
2026 07 24 17 09 30 000 -2.1902365E+01 -1.7482360E+01 7.2118521E-01
2026 07 24 17 10 00 000 -2.1901854E+01 -1.7483942E+01 7.1683018E-01
2026 07 24 17 10 30 000 -2.1901341E+01 -1.7485523E+01 7.1247506E-01
2026 07 24 17 11 00 000 -2.1900827E+01 -1.7487101E+01 7.0811986E-01
2026 07 24 17 11 30 000 -2.1900312E+01 -1.7488678E+01 7.0376465E-01
2026 07 24 17 12 00 000 -2.1899796E+01 -1.7490253E+01 6.9940947E-01
2026 07 24 17 12 30 000 -2.1899278E+01 -1.7491825E+01 6.9505436E-01
2026 07 24 17 13 00 000 -2.1898759E+01 -1.7493396E+01 6.9069932E-01
2026 07 24 17 13 30 000 -2.1898238E+01 -1.7494966E+01 6.8634444E-01
2026 07 24 17 14 00 000 -2.1897716E+01 -1.7496533E+01 6.8198975E-01
2026 07 24 17 14 30 000 -2.1897193E+01 -1.7498098E+01 6.7763528E-01
2026 07 24 17 15 00 000 -2.1896668E+01 -1.7499662E+01 6.7328109E-01
2026 07 24 17 15 30 000 -2.1896142E+01 -1.7501223E+01 6.6892720E-01
2026 07 24 17 16 00 000 -2.1895615E+01 -1.7502783E+01 6.6457369E-01
2026 07 24 17 16 30 000 -2.1895086E+01 -1.7504341E+01 6.6022058E-01
2026 07 24 17 17 00 000 -2.1894556E+01 -1.7505897E+01 6.5586792E-01
2026 07 24 17 17 30 000 -2.1894025E+01 -1.7507451E+01 6.5151572E-01
2026 07 24 17 18 00 000 -2.1893492E+01 -1.7509003E+01 6.4716404E-01
2026 07 24 17 18 30 000 -2.1892958E+01 -1.7510553E+01 6.4281293E-01
2026 07 24 17 19 00 000 -2.1892422E+01 -1.7512102E+01 6.3846243E-01
2026 07 24 17 19 30 000 -2.1891886E+01 -1.7513648E+01 6.3411258E-01
2026 07 24 17 20 00 000 -2.1891347E+01 -1.7515193E+01 6.2976341E-01
2026 07 24 17 20 30 000 -2.1890808E+01 -1.7516735E+01 6.2541499E-01
2026 07 24 17 21 00 000 -2.1890267E+01 -1.7518276E+01 6.2106733E-01
2026 07 24 17 21 30 000 -2.1889725E+01 -1.7519815E+01 6.1672051E-01
2026 07 24 17 22 00 000 -2.1889181E+01 -1.7521352E+01 6.1237453E-01
2026 07 24 17 22 30 000 -2.1888636E+01 -1.7522887E+01 6.0802946E-01
2026 07 24 17 23 00 000 -2.1888090E+01 -1.7524420E+01 6.0368533E-01
2026 07 24 17 23 30 000 -2.1887542E+01 -1.7525951E+01 5.9934220E-01
2026 07 24 17 24 00 000 -2.1886993E+01 -1.7527481E+01 5.9500008E-01
2026 07 24 17 24 30 000 -2.1886443E+01 -1.7529008E+01 5.9065903E-01
2026 07 24 17 25 00 000 -2.1885891E+01 -1.7530534E+01 5.8631910E-01
2026 07 24 17 25 30 000 -2.1885338E+01 -1.7532057E+01 5.8198033E-01
2026 07 24 17 26 00 000 -2.1884783E+01 -1.7533579E+01 5.7764275E-01
2026 07 24 17 26 30 000 -2.1884227E+01 -1.7535099E+01 5.7330640E-01
2026 07 24 17 27 00 000 -2.1883670E+01 -1.7536617E+01 5.6897133E-01
2026 07 24 17 27 30 000 -2.1883112E+01 -1.7538133E+01 5.6463758E-01
2026 07 24 17 28 00 000 -2.1882552E+01 -1.7539647E+01 5.6030520E-01
2026 07 24 17 28 30 000 -2.1881991E+01 -1.7541159E+01 5.5597423E-01
2026 07 24 17 29 00 000 -2.1881428E+01 -1.7542670E+01 5.5164469E-01
2026 07 24 17 29 30 000 -2.1880864E+01 -1.7544178E+01 5.4731664E-01
2026 07 24 17 30 00 000 -2.1880299E+01 -1.7545685E+01 5.4299013E-01
2026 07 24 17 30 30 000 -2.1879732E+01 -1.7547189E+01 5.3866519E-01
2026 07 24 17 31 00 000 -2.1879164E+01 -1.7548692E+01 5.3434186E-01
2026 07 24 17 31 30 000 -2.1878595E+01 -1.7550193E+01 5.3002018E-01
2026 07 24 17 32 00 000 -2.1878024E+01 -1.7551692E+01 5.2570019E-01
2026 07 24 17 32 30 000 -2.1877452E+01 -1.7553189E+01 5.2138196E-01
2026 07 24 17 33 00 000 -2.1876879E+01 -1.7554684E+01 5.1706550E-01
2026 07 24 17 33 30 000 -2.1876304E+01 -1.7556177E+01 5.1275086E-01
2026 07 24 17 34 00 000 -2.1875728E+01 -1.7557668E+01 5.0843808E-01
2026 07 24 17 34 30 000 -2.1875150E+01 -1.7559158E+01 5.0412722E-01
2026 07 24 17 35 00 000 -2.1874571E+01 -1.7560645E+01 4.9981830E-01
2026 07 24 17 35 30 000 -2.1873991E+01 -1.7562131E+01 4.9551137E-01
2026 07 24 17 36 00 000 -2.1873410E+01 -1.7563615E+01 4.9120646E-01
2026 07 24 17 36 30 000 -2.1872827E+01 -1.7565096E+01 4.8690363E-01
2026 07 24 17 37 00 000 -2.1872243E+01 -1.7566576E+01 4.8260291E-01
2026 07 24 17 37 30 000 -2.1871657E+01 -1.7568054E+01 4.7830435E-01
2026 07 24 17 38 00 000 -2.1871070E+01 -1.7569530E+01 4.7400797E-01
2026 07 24 17 38 30 000 -2.1870482E+01 -1.7571005E+01 4.6971384E-01
2026 07 24 17 39 00 000 -2.1869892E+01 -1.7572477E+01 4.6542199E-01
2026 07 24 17 39 30 000 -2.1869301E+01 -1.7573947E+01 4.6113246E-01
2026 07 24 17 40 00 000 -2.1868709E+01 -1.7575416E+01 4.5684529E-01
2026 07 24 17 40 30 000 -2.1868115E+01 -1.7576882E+01 4.5256051E-01
2026 07 24 17 41 00 000 -2.1867520E+01 -1.7578347E+01 4.4827819E-01
2026 07 24 17 41 30 000 -2.1866923E+01 -1.7579810E+01 4.4399835E-01
2026 07 24 17 42 00 000 -2.1866326E+01 -1.7581271E+01 4.3972104E-01
2026 07 24 17 42 30 000 -2.1865727E+01 -1.7582730E+01 4.3544629E-01
2026 07 24 17 43 00 000 -2.1865126E+01 -1.7584187E+01 4.3117415E-01
2026 07 24 17 43 30 000 -2.1864524E+01 -1.7585643E+01 4.2690466E-01
2026 07 24 17 44 00 000 -2.1863921E+01 -1.7587096E+01 4.2263787E-01
2026 07 24 17 44 30 000 -2.1863316E+01 -1.7588547E+01 4.1837381E-01
2026 07 24 17 45 00 000 -2.1862711E+01 -1.7589997E+01 4.1411251E-01
2026 07 24 17 45 30 000 -2.1862103E+01 -1.7591445E+01 4.0985404E-01
2026 07 24 17 46 00 000 -2.1861495E+01 -1.7592891E+01 4.0559842E-01
2026 07 24 17 46 30 000 -2.1860885E+01 -1.7594335E+01 4.0134570E-01
2026 07 24 17 47 00 000 -2.1860274E+01 -1.7595777E+01 3.9709591E-01
2026 07 24 17 47 30 000 -2.1859661E+01 -1.7597217E+01 3.9284911E-01
2026 07 24 17 48 00 000 -2.1859047E+01 -1.7598655E+01 3.8860533E-01
2026 07 24 17 48 30 000 -2.1858432E+01 -1.7600092E+01 3.8436460E-01
2026 07 24 17 49 00 000 -2.1857815E+01 -1.7601526E+01 3.8012698E-01
2026 07 24 17 49 30 000 -2.1857197E+01 -1.7602959E+01 3.7589250E-01
2026 07 24 17 50 00 000 -2.1856577E+01 -1.7604390E+01 3.7166120E-01
2026 07 24 17 50 30 000 -2.1855957E+01 -1.7605819E+01 3.6743313E-01
2026 07 24 17 51 00 000 -2.1855335E+01 -1.7607246E+01 3.6320832E-01
2026 07 24 17 51 30 000 -2.1854711E+01 -1.7608671E+01 3.5898681E-01
2026 07 24 17 52 00 000 -2.1854086E+01 -1.7610095E+01 3.5476865E-01
2026 07 24 17 52 30 000 -2.1853460E+01 -1.7611516E+01 3.5055388E-01
2026 07 24 17 53 00 000 -2.1852833E+01 -1.7612936E+01 3.4634253E-01
2026 07 24 17 53 30 000 -2.1852204E+01 -1.7614354E+01 3.4213466E-01
2026 07 24 17 54 00 000 -2.1851574E+01 -1.7615770E+01 3.3793028E-01
2026 07 24 17 54 30 000 -2.1850942E+01 -1.7617184E+01 3.3372945E-01
2026 07 24 17 55 00 000 -2.1850309E+01 -1.7618596E+01 3.2953222E-01
2026 07 24 17 55 30 000 -2.1849675E+01 -1.7620006E+01 3.2533862E-01
2026 07 24 17 56 00 000 -2.1849039E+01 -1.7621415E+01 3.2114868E-01
2026 07 24 17 56 30 000 -2.1848402E+01 -1.7622822E+01 3.1696245E-01
2026 07 24 17 57 00 000 -2.1847764E+01 -1.7624227E+01 3.1277998E-01
2026 07 24 17 57 30 000 -2.1847124E+01 -1.7625630E+01 3.0860130E-01
2026 07 24 17 58 00 000 -2.1846483E+01 -1.7627031E+01 3.0442645E-01
2026 07 24 17 58 30 000 -2.1845841E+01 -1.7628430E+01 3.0025546E-01
2026 07 24 17 59 00 000 -2.1845197E+01 -1.7629828E+01 2.9608839E-01
2026 07 24 17 59 30 000 -2.1844552E+01 -1.7631223E+01 2.9192527E-01
2026 07 24 18 00 00 000 -2.1843906E+01 -1.7632617E+01 2.8776614E-01
2026 07 24 18 00 30 000 -2.1843258E+01 -1.7634009E+01 2.8361103E-01
2026 07 24 18 01 00 000 -2.1842609E+01 -1.7635399E+01 2.7946001E-01
2026 07 24 18 01 30 000 -2.1841958E+01 -1.7636788E+01 2.7531309E-01
2026 07 24 18 02 00 000 -2.1841307E+01 -1.7638174E+01 2.7117033E-01
2026 07 24 18 02 30 000 -2.1840653E+01 -1.7639559E+01 2.6703175E-01
2026 07 24 18 03 00 000 -2.1839999E+01 -1.7640942E+01 2.6289740E-01
2026 07 24 18 03 30 000 -2.1839343E+01 -1.7642323E+01 2.5876733E-01
2026 07 24 18 04 00 000 -2.1838686E+01 -1.7643702E+01 2.5464156E-01
2026 07 24 18 04 30 000 -2.1838027E+01 -1.7645080E+01 2.5052015E-01
2026 07 24 18 05 00 000 -2.1837367E+01 -1.7646455E+01 2.4640311E-01
2026 07 24 18 05 30 000 -2.1836706E+01 -1.7647829E+01 2.4229051E-01
2026 07 24 18 06 00 000 -2.1836044E+01 -1.7649201E+01 2.3818237E-01
2026 07 24 18 06 30 000 -2.1835380E+01 -1.7650571E+01 2.3407875E-01
2026 07 24 18 07 00 000 -2.1834714E+01 -1.7651940E+01 2.2997967E-01
2026 07 24 18 07 30 000 -2.1834048E+01 -1.7653307E+01 2.2588517E-01
2026 07 24 18 08 00 000 -2.1833380E+01 -1.7654671E+01 2.2179531E-01
2026 07 24 18 08 30 000 -2.1832710E+01 -1.7656035E+01 2.1771011E-01
2026 07 24 18 09 00 000 -2.1832040E+01 -1.7657396E+01 2.1362961E-01
2026 07 24 18 09 30 000 -2.1831368E+01 -1.7658755E+01 2.0955385E-01
2026 07 24 18 10 00 000 -2.1830694E+01 -1.7660113E+01 2.0548288E-01
2026 07 24 18 10 30 000 -2.1830020E+01 -1.7661469E+01 2.0141673E-01
2026 07 24 18 11 00 000 -2.1829343E+01 -1.7662823E+01 1.9735544E-01
2026 07 24 18 11 30 000 -2.1828666E+01 -1.7664176E+01 1.9329904E-01
2026 07 24 18 12 00 000 -2.1827987E+01 -1.7665526E+01 1.8924758E-01
2026 07 24 18 12 30 000 -2.1827307E+01 -1.7666875E+01 1.8520111E-01
2026 07 24 18 13 00 000 -2.1826626E+01 -1.7668223E+01 1.8115965E-01
2026 07 24 18 13 30 000 -2.1825943E+01 -1.7669568E+01 1.7712324E-01
2026 07 24 18 14 00 000 -2.1825259E+01 -1.7670912E+01 1.7309192E-01
2026 07 24 18 14 30 000 -2.1824573E+01 -1.7672253E+01 1.6906573E-01
2026 07 24 18 15 00 000 -2.1823886E+01 -1.7673594E+01 1.6504472E-01
2026 07 24 18 15 30 000 -2.1823198E+01 -1.7674932E+01 1.6102892E-01
2026 07 24 18 16 00 000 -2.1822509E+01 -1.7676269E+01 1.5701836E-01
2026 07 24 18 16 30 000 -2.1821818E+01 -1.7677604E+01 1.5301308E-01
2026 07 24 18 17 00 000 -2.1821125E+01 -1.7678937E+01 1.4901313E-01
2026 07 24 18 17 30 000 -2.1820432E+01 -1.7680268E+01 1.4501854E-01
2026 07 24 18 18 00 000 -2.1819737E+01 -1.7681598E+01 1.4102936E-01
2026 07 24 18 18 30 000 -2.1819041E+01 -1.7682926E+01 1.3704561E-01
2026 07 24 18 19 00 000 -2.1818343E+01 -1.7684252E+01 1.3306734E-01
2026 07 24 18 19 30 000 -2.1817644E+01 -1.7685577E+01 1.2909459E-01
2026 07 24 18 20 00 000 -2.1816944E+01 -1.7686900E+01 1.2512739E-01
2026 07 24 18 20 30 000 -2.1816242E+01 -1.7688221E+01 1.2116577E-01
2026 07 24 18 21 00 000 -2.1815539E+01 -1.7689540E+01 1.1720978E-01
2026 07 24 18 21 30 000 -2.1814835E+01 -1.7690858E+01 1.1325946E-01
2026 07 24 18 22 00 000 -2.1814129E+01 -1.7692174E+01 1.0931486E-01
2026 07 24 18 22 30 000 -2.1813422E+01 -1.7693489E+01 1.0537599E-01
2026 07 24 18 23 00 000 -2.1812713E+01 -1.7694801E+01 1.0144289E-01
2026 07 24 18 23 30 000 -2.1812004E+01 -1.7696112E+01 9.7515620E-02
2026 07 24 18 24 00 000 -2.1811292E+01 -1.7697422E+01 9.3594207E-02
2026 07 24 18 24 30 000 -2.1810580E+01 -1.7698729E+01 8.9678680E-02
2026 07 24 18 25 00 000 -2.1809866E+01 -1.7700035E+01 8.5769087E-02
2026 07 24 18 25 30 000 -2.1809151E+01 -1.7701339E+01 8.1865451E-02
2026 07 24 18 26 00 000 -2.1808435E+01 -1.7702642E+01 7.7967835E-02
2026 07 24 18 26 30 000 -2.1807717E+01 -1.7703943E+01 7.4076261E-02
2026 07 24 18 27 00 000 -2.1806998E+01 -1.7705242E+01 7.0190763E-02
2026 07 24 18 27 30 000 -2.1806277E+01 -1.7706540E+01 6.6311371E-02
2026 07 24 18 28 00 000 -2.1805555E+01 -1.7707836E+01 6.2438142E-02
2026 07 24 18 28 30 000 -2.1804832E+01 -1.7709130E+01 5.8571108E-02
2026 07 24 18 29 00 000 -2.1804107E+01 -1.7710423E+01 5.4710290E-02
2026 07 24 18 29 30 000 -2.1803382E+01 -1.7711714E+01 5.0855751E-02
2026 07 24 18 30 00 000 -2.1802654E+01 -1.7713003E+01 4.7007498E-02
2026 07 24 18 30 30 000 -2.1801926E+01 -1.7714291E+01 4.3165595E-02
2026 07 24 18 31 00 000 -2.1801196E+01 -1.7715577E+01 3.9330068E-02
2026 07 24 18 31 30 000 -2.1800464E+01 -1.7716862E+01 3.5500943E-02
2026 07 24 18 32 00 000 -2.1799732E+01 -1.7718145E+01 3.1678269E-02
2026 07 24 18 32 30 000 -2.1798998E+01 -1.7719426E+01 2.7862083E-02
2026 07 24 18 33 00 000 -2.1798263E+01 -1.7720706E+01 2.4052429E-02
2026 07 24 18 33 30 000 -2.1797526E+01 -1.7721984E+01 2.0249318E-02
2026 07 24 18 34 00 000 -2.1796788E+01 -1.7723260E+01 1.6452803E-02
2026 07 24 18 34 30 000 -2.1796049E+01 -1.7724535E+01 1.2662909E-02
2026 07 24 18 35 00 000 -2.1795308E+01 -1.7725808E+01 8.8796850E-03
2026 07 24 18 35 30 000 -2.1794566E+01 -1.7727080E+01 5.1031666E-03
2026 07 24 18 36 00 000 -2.1793822E+01 -1.7728350E+01 1.3333767E-03
2026 07 24 18 36 30 000 -2.1793078E+01 -1.7729619E+01 -2.4296275E-03
2026 07 24 18 37 00 000 -2.1792332E+01 -1.7730886E+01 -6.1858285E-03
2026 07 24 18 37 30 000 -2.1791584E+01 -1.7732151E+01 -9.9351786E-03
2026 07 24 18 38 00 000 -2.1790835E+01 -1.7733415E+01 -1.3677647E-02
2026 07 24 18 38 30 000 -2.1790085E+01 -1.7734677E+01 -1.7413196E-02
2026 07 24 18 39 00 000 -2.1789334E+01 -1.7735938E+01 -2.1141799E-02
2026 07 24 18 39 30 000 -2.1788581E+01 -1.7737197E+01 -2.4863417E-02
2026 07 24 18 40 00 000 -2.1787827E+01 -1.7738455E+01 -2.8578008E-02
2026 07 24 18 40 30 000 -2.1787071E+01 -1.7739711E+01 -3.2285540E-02
2026 07 24 18 41 00 000 -2.1786315E+01 -1.7740965E+01 -3.5985976E-02
2026 07 24 18 41 30 000 -2.1785556E+01 -1.7742218E+01 -3.9679285E-02
2026 07 24 18 42 00 000 -2.1784797E+01 -1.7743470E+01 -4.3365423E-02
2026 07 24 18 42 30 000 -2.1784036E+01 -1.7744720E+01 -4.7044361E-02
2026 07 24 18 43 00 000 -2.1783274E+01 -1.7745968E+01 -5.0716062E-02
2026 07 24 18 43 30 000 -2.1782510E+01 -1.7747215E+01 -5.4380501E-02
2026 07 24 18 44 00 000 -2.1781745E+01 -1.7748460E+01 -5.8037628E-02
2026 07 24 18 44 30 000 -2.1780979E+01 -1.7749704E+01 -6.1687418E-02
2026 07 24 18 45 00 000 -2.1780212E+01 -1.7750946E+01 -6.5329830E-02
2026 07 24 18 45 30 000 -2.1779443E+01 -1.7752187E+01 -6.8964842E-02
2026 07 24 18 46 00 000 -2.1778672E+01 -1.7753427E+01 -7.2592401E-02
2026 07 24 18 46 30 000 -2.1777901E+01 -1.7754665E+01 -7.6212494E-02
2026 07 24 18 47 00 000 -2.1777128E+01 -1.7755901E+01 -7.9825079E-02
2026 07 24 18 47 30 000 -2.1776354E+01 -1.7757136E+01 -8.3430092E-02
2026 07 24 18 48 00 000 -2.1775578E+01 -1.7758369E+01 -8.7027519E-02
2026 07 24 18 48 30 000 -2.1774801E+01 -1.7759601E+01 -9.0617340E-02
2026 07 24 18 49 00 000 -2.1774023E+01 -1.7760832E+01 -9.4199507E-02
2026 07 24 18 49 30 000 -2.1773243E+01 -1.7762061E+01 -9.7773989E-02
2026 07 24 18 50 00 000 -2.1772462E+01 -1.7763288E+01 -1.0134076E-01
2026 07 24 18 50 30 000 -2.1771680E+01 -1.7764515E+01 -1.0489979E-01
2026 07 24 18 51 00 000 -2.1770896E+01 -1.7765739E+01 -1.0845105E-01
2026 07 24 18 51 30 000 -2.1770111E+01 -1.7766963E+01 -1.1199449E-01
2026 07 24 18 52 00 000 -2.1769324E+01 -1.7768184E+01 -1.1553004E-01
2026 07 24 18 52 30 000 -2.1768537E+01 -1.7769405E+01 -1.1905769E-01
2026 07 24 18 53 00 000 -2.1767748E+01 -1.7770624E+01 -1.2257745E-01
2026 07 24 18 53 30 000 -2.1766957E+01 -1.7771841E+01 -1.2608925E-01
2026 07 24 18 54 00 000 -2.1766165E+01 -1.7773057E+01 -1.2959305E-01
2026 07 24 18 54 30 000 -2.1765372E+01 -1.7774272E+01 -1.3308884E-01
2026 07 24 18 55 00 000 -2.1764578E+01 -1.7775486E+01 -1.3657659E-01
2026 07 24 18 55 30 000 -2.1763782E+01 -1.7776697E+01 -1.4005625E-01
2026 07 24 18 56 00 000 -2.1762985E+01 -1.7777908E+01 -1.4352778E-01
2026 07 24 18 56 30 000 -2.1762187E+01 -1.7779117E+01 -1.4699114E-01
2026 07 24 18 57 00 000 -2.1761387E+01 -1.7780325E+01 -1.5044633E-01
2026 07 24 18 57 30 000 -2.1760586E+01 -1.7781531E+01 -1.5389330E-01
2026 07 24 18 58 00 000 -2.1759783E+01 -1.7782736E+01 -1.5733202E-01
2026 07 24 18 58 30 000 -2.1758979E+01 -1.7783940E+01 -1.6076245E-01
2026 07 24 18 59 00 000 -2.1758174E+01 -1.7785142E+01 -1.6418456E-01
2026 07 24 18 59 30 000 -2.1757368E+01 -1.7786343E+01 -1.6759833E-01
2026 07 24 19 00 00 000 -2.1756560E+01 -1.7787542E+01 -1.7100370E-01
2026 07 24 19 00 30 000 -2.1755751E+01 -1.7788741E+01 -1.7440066E-01
2026 07 24 19 01 00 000 -2.1754940E+01 -1.7789937E+01 -1.7778917E-01
2026 07 24 19 01 30 000 -2.1754128E+01 -1.7791133E+01 -1.8116922E-01
2026 07 24 19 02 00 000 -2.1753315E+01 -1.7792327E+01 -1.8454075E-01
2026 07 24 19 02 30 000 -2.1752501E+01 -1.7793520E+01 -1.8790372E-01
2026 07 24 19 03 00 000 -2.1751685E+01 -1.7794711E+01 -1.9125812E-01
2026 07 24 19 03 30 000 -2.1750867E+01 -1.7795902E+01 -1.9460392E-01
2026 07 24 19 04 00 000 -2.1750049E+01 -1.7797091E+01 -1.9794108E-01
2026 07 24 19 04 30 000 -2.1749229E+01 -1.7798278E+01 -2.0126956E-01
2026 07 24 19 05 00 000 -2.1748408E+01 -1.7799464E+01 -2.0458934E-01
2026 07 24 19 05 30 000 -2.1747585E+01 -1.7800649E+01 -2.0790039E-01
2026 07 24 19 06 00 000 -2.1746761E+01 -1.7801833E+01 -2.1120267E-01
2026 07 24 19 06 30 000 -2.1745936E+01 -1.7803015E+01 -2.1449615E-01
2026 07 24 19 07 00 000 -2.1745109E+01 -1.7804196E+01 -2.1778080E-01
2026 07 24 19 07 30 000 -2.1744281E+01 -1.7805376E+01 -2.2105659E-01
2026 07 24 19 08 00 000 -2.1743452E+01 -1.7806555E+01 -2.2432349E-01
2026 07 24 19 08 30 000 -2.1742621E+01 -1.7807732E+01 -2.2758146E-01
2026 07 24 19 09 00 000 -2.1741789E+01 -1.7808908E+01 -2.3083048E-01
2026 07 24 19 09 30 000 -2.1740956E+01 -1.7810083E+01 -2.3407051E-01
2026 07 24 19 10 00 000 -2.1740121E+01 -1.7811256E+01 -2.3730154E-01
2026 07 24 19 10 30 000 -2.1739285E+01 -1.7812429E+01 -2.4052352E-01
2026 07 24 19 11 00 000 -2.1738448E+01 -1.7813600E+01 -2.4373641E-01
2026 07 24 19 11 30 000 -2.1737609E+01 -1.7814770E+01 -2.4694019E-01
2026 07 24 19 12 00 000 -2.1736769E+01 -1.7815938E+01 -2.5013484E-01
2026 07 24 19 12 30 000 -2.1735928E+01 -1.7817106E+01 -2.5332032E-01
2026 07 24 19 13 00 000 -2.1735085E+01 -1.7818272E+01 -2.5649660E-01
2026 07 24 19 13 30 000 -2.1734241E+01 -1.7819437E+01 -2.5966366E-01
2026 07 24 19 14 00 000 -2.1733396E+01 -1.7820600E+01 -2.6282145E-01
2026 07 24 19 14 30 000 -2.1732549E+01 -1.7821763E+01 -2.6596995E-01
2026 07 24 19 15 00 000 -2.1731701E+01 -1.7822924E+01 -2.6910914E-01
2026 07 24 19 15 30 000 -2.1730852E+01 -1.7824084E+01 -2.7223897E-01
2026 07 24 19 16 00 000 -2.1730001E+01 -1.7825243E+01 -2.7535942E-01
2026 07 24 19 16 30 000 -2.1729149E+01 -1.7826401E+01 -2.7847046E-01
2026 07 24 19 17 00 000 -2.1728296E+01 -1.7827557E+01 -2.8157207E-01
2026 07 24 19 17 30 000 -2.1727441E+01 -1.7828713E+01 -2.8466420E-01
2026 07 24 19 18 00 000 -2.1726585E+01 -1.7829867E+01 -2.8774683E-01
2026 07 24 19 18 30 000 -2.1725727E+01 -1.7831020E+01 -2.9081994E-01
2026 07 24 19 19 00 000 -2.1724869E+01 -1.7832172E+01 -2.9388348E-01
2026 07 24 19 19 30 000 -2.1724008E+01 -1.7833323E+01 -2.9693745E-01
2026 07 24 19 20 00 000 -2.1723147E+01 -1.7834473E+01 -2.9998180E-01
2026 07 24 19 20 30 000 -2.1722284E+01 -1.7835621E+01 -3.0301650E-01
2026 07 24 19 21 00 000 -2.1721420E+01 -1.7836768E+01 -3.0604153E-01
2026 07 24 19 21 30 000 -2.1720555E+01 -1.7837915E+01 -3.0905686E-01
2026 07 24 19 22 00 000 -2.1719688E+01 -1.7839060E+01 -3.1206245E-01
2026 07 24 19 22 30 000 -2.1718820E+01 -1.7840204E+01 -3.1505828E-01
2026 07 24 19 23 00 000 -2.1717950E+01 -1.7841347E+01 -3.1804433E-01
2026 07 24 19 23 30 000 -2.1717079E+01 -1.7842488E+01 -3.2102055E-01
2026 07 24 19 24 00 000 -2.1716207E+01 -1.7843629E+01 -3.2398693E-01
2026 07 24 19 24 30 000 -2.1715334E+01 -1.7844769E+01 -3.2694345E-01
2026 07 24 19 25 00 000 -2.1714459E+01 -1.7845907E+01 -3.2989005E-01
2026 07 24 19 25 30 000 -2.1713583E+01 -1.7847045E+01 -3.3282672E-01
2026 07 24 19 26 00 000 -2.1712705E+01 -1.7848181E+01 -3.3575343E-01
2026 07 24 19 26 30 000 -2.1711826E+01 -1.7849316E+01 -3.3867016E-01
2026 07 24 19 27 00 000 -2.1710946E+01 -1.7850450E+01 -3.4157687E-01
2026 07 24 19 27 30 000 -2.1710065E+01 -1.7851583E+01 -3.4447353E-01
2026 07 24 19 28 00 000 -2.1709182E+01 -1.7852715E+01 -3.4736013E-01
2026 07 24 19 28 30 000 -2.1708298E+01 -1.7853846E+01 -3.5023663E-01
2026 07 24 19 29 00 000 -2.1707412E+01 -1.7854976E+01 -3.5310300E-01
2026 07 24 19 29 30 000 -2.1706525E+01 -1.7856105E+01 -3.5595921E-01
2026 07 24 19 30 00 000 -2.1705637E+01 -1.7857233E+01 -3.5880524E-01
2026 07 24 19 30 30 000 -2.1704747E+01 -1.7858360E+01 -3.6164107E-01
2026 07 24 19 31 00 000 -2.1703856E+01 -1.7859486E+01 -3.6446666E-01
2026 07 24 19 31 30 000 -2.1702964E+01 -1.7860611E+01 -3.6728199E-01
2026 07 24 19 32 00 000 -2.1702071E+01 -1.7861735E+01 -3.7008702E-01
2026 07 24 19 32 30 000 -2.1701176E+01 -1.7862857E+01 -3.7288174E-01
2026 07 24 19 33 00 000 -2.1700279E+01 -1.7863979E+01 -3.7566612E-01
2026 07 24 19 33 30 000 -2.1699382E+01 -1.7865100E+01 -3.7844012E-01
2026 07 24 19 34 00 000 -2.1698483E+01 -1.7866220E+01 -3.8120373E-01
2026 07 24 19 34 30 000 -2.1697583E+01 -1.7867338E+01 -3.8395691E-01
2026 07 24 19 35 00 000 -2.1696681E+01 -1.7868456E+01 -3.8669964E-01
2026 07 24 19 35 30 000 -2.1695778E+01 -1.7869573E+01 -3.8943189E-01
2026 07 24 19 36 00 000 -2.1694874E+01 -1.7870689E+01 -3.9215365E-01
2026 07 24 19 36 30 000 -2.1693968E+01 -1.7871804E+01 -3.9486486E-01
2026 07 24 19 37 00 000 -2.1693061E+01 -1.7872918E+01 -3.9756552E-01
2026 07 24 19 37 30 000 -2.1692153E+01 -1.7874031E+01 -4.0025561E-01
2026 07 24 19 38 00 000 -2.1691243E+01 -1.7875143E+01 -4.0293508E-01
2026 07 24 19 38 30 000 -2.1690332E+01 -1.7876254E+01 -4.0560391E-01
2026 07 24 19 39 00 000 -2.1689420E+01 -1.7877364E+01 -4.0826208E-01
2026 07 24 19 39 30 000 -2.1688507E+01 -1.7878473E+01 -4.1090958E-01
2026 07 24 19 40 00 000 -2.1687592E+01 -1.7879582E+01 -4.1354635E-01
2026 07 24 19 40 30 000 -2.1686675E+01 -1.7880689E+01 -4.1617239E-01
2026 07 24 19 41 00 000 -2.1685758E+01 -1.7881795E+01 -4.1878766E-01
2026 07 24 19 41 30 000 -2.1684839E+01 -1.7882901E+01 -4.2139215E-01
2026 07 24 19 42 00 000 -2.1683918E+01 -1.7884005E+01 -4.2398583E-01
2026 07 24 19 42 30 000 -2.1682997E+01 -1.7885109E+01 -4.2656866E-01
2026 07 24 19 43 00 000 -2.1682074E+01 -1.7886212E+01 -4.2914063E-01
2026 07 24 19 43 30 000 -2.1681149E+01 -1.7887314E+01 -4.3170171E-01
2026 07 24 19 44 00 000 -2.1680224E+01 -1.7888415E+01 -4.3425188E-01
2026 07 24 19 44 30 000 -2.1679297E+01 -1.7889515E+01 -4.3679111E-01
2026 07 24 19 45 00 000 -2.1678368E+01 -1.7890614E+01 -4.3931937E-01
2026 07 24 19 45 30 000 -2.1677439E+01 -1.7891713E+01 -4.4183665E-01
2026 07 24 19 46 00 000 -2.1676508E+01 -1.7892810E+01 -4.4434291E-01
2026 07 24 19 46 30 000 -2.1675575E+01 -1.7893907E+01 -4.4683814E-01
2026 07 24 19 47 00 000 -2.1674642E+01 -1.7895003E+01 -4.4932230E-01
2026 07 24 19 47 30 000 -2.1673707E+01 -1.7896098E+01 -4.5179538E-01
2026 07 24 19 48 00 000 -2.1672770E+01 -1.7897192E+01 -4.5425734E-01
2026 07 24 19 48 30 000 -2.1671833E+01 -1.7898285E+01 -4.5670817E-01
2026 07 24 19 49 00 000 -2.1670894E+01 -1.7899377E+01 -4.5914784E-01
2026 07 24 19 49 30 000 -2.1669953E+01 -1.7900469E+01 -4.6157633E-01
2026 07 24 19 50 00 000 -2.1669012E+01 -1.7901560E+01 -4.6399361E-01
2026 07 24 19 50 30 000 -2.1668069E+01 -1.7902650E+01 -4.6639966E-01
2026 07 24 19 51 00 000 -2.1667124E+01 -1.7903739E+01 -4.6879446E-01
2026 07 24 19 51 30 000 -2.1666178E+01 -1.7904827E+01 -4.7117798E-01
2026 07 24 19 52 00 000 -2.1665231E+01 -1.7905914E+01 -4.7355019E-01
2026 07 24 19 52 30 000 -2.1664283E+01 -1.7907001E+01 -4.7591108E-01
2026 07 24 19 53 00 000 -2.1663333E+01 -1.7908087E+01 -4.7826063E-01
2026 07 24 19 53 30 000 -2.1662382E+01 -1.7909172E+01 -4.8059880E-01
2026 07 24 19 54 00 000 -2.1661430E+01 -1.7910256E+01 -4.8292557E-01
2026 07 24 19 54 30 000 -2.1660476E+01 -1.7911340E+01 -4.8524093E-01
2026 07 24 19 55 00 000 -2.1659521E+01 -1.7912423E+01 -4.8754484E-01
2026 07 24 19 55 30 000 -2.1658565E+01 -1.7913505E+01 -4.8983730E-01
2026 07 24 19 56 00 000 -2.1657607E+01 -1.7914586E+01 -4.9211827E-01
2026 07 24 19 56 30 000 -2.1656648E+01 -1.7915666E+01 -4.9438772E-01
2026 07 24 19 57 00 000 -2.1655688E+01 -1.7916746E+01 -4.9664565E-01
2026 07 24 19 57 30 000 -2.1654726E+01 -1.7917825E+01 -4.9889203E-01
2026 07 24 19 58 00 000 -2.1653763E+01 -1.7918903E+01 -5.0112682E-01
2026 07 24 19 58 30 000 -2.1652798E+01 -1.7919981E+01 -5.0335002E-01
2026 07 24 19 59 00 000 -2.1651833E+01 -1.7921057E+01 -5.0556159E-01
2026 07 24 19 59 30 000 -2.1650866E+01 -1.7922133E+01 -5.0776152E-01
2026 07 24 20 00 00 000 -2.1649897E+01 -1.7923209E+01 -5.0994979E-01
2026 07 24 20 00 30 000 -2.1648927E+01 -1.7924283E+01 -5.1212636E-01
2026 07 24 20 01 00 000 -2.1647956E+01 -1.7925357E+01 -5.1429123E-01
2026 07 24 20 01 30 000 -2.1646984E+01 -1.7926430E+01 -5.1644436E-01
2026 07 24 20 02 00 000 -2.1646010E+01 -1.7927502E+01 -5.1858574E-01
2026 07 24 20 02 30 000 -2.1645035E+01 -1.7928574E+01 -5.2071535E-01
2026 07 24 20 03 00 000 -2.1644059E+01 -1.7929645E+01 -5.2283316E-01
2026 07 24 20 03 30 000 -2.1643081E+01 -1.7930715E+01 -5.2493915E-01
2026 07 24 20 04 00 000 -2.1642102E+01 -1.7931785E+01 -5.2703330E-01
2026 07 24 20 04 30 000 -2.1641121E+01 -1.7932854E+01 -5.2911559E-01
2026 07 24 20 05 00 000 -2.1640140E+01 -1.7933922E+01 -5.3118600E-01
2026 07 24 20 05 30 000 -2.1639157E+01 -1.7934990E+01 -5.3324451E-01
2026 07 24 20 06 00 000 -2.1638172E+01 -1.7936057E+01 -5.3529109E-01
2026 07 24 20 06 30 000 -2.1637186E+01 -1.7937123E+01 -5.3732573E-01
2026 07 24 20 07 00 000 -2.1636199E+01 -1.7938188E+01 -5.3934840E-01
2026 07 24 20 07 30 000 -2.1635211E+01 -1.7939253E+01 -5.4135909E-01
2026 07 24 20 08 00 000 -2.1634221E+01 -1.7940317E+01 -5.4335777E-01
2026 07 24 20 08 30 000 -2.1633230E+01 -1.7941381E+01 -5.4534442E-01
2026 07 24 20 09 00 000 -2.1632238E+01 -1.7942444E+01 -5.4731902E-01
2026 07 24 20 09 30 000 -2.1631244E+01 -1.7943506E+01 -5.4928156E-01
2026 07 24 20 10 00 000 -2.1630249E+01 -1.7944568E+01 -5.5123201E-01
2026 07 24 20 10 30 000 -2.1629252E+01 -1.7945629E+01 -5.5317034E-01
2026 07 24 20 11 00 000 -2.1628255E+01 -1.7946689E+01 -5.5509655E-01
2026 07 24 20 11 30 000 -2.1627255E+01 -1.7947749E+01 -5.5701061E-01
2026 07 24 20 12 00 000 -2.1626255E+01 -1.7948808E+01 -5.5891250E-01
2026 07 24 20 12 30 000 -2.1625253E+01 -1.7949867E+01 -5.6080220E-01
2026 07 24 20 13 00 000 -2.1624250E+01 -1.7950925E+01 -5.6267969E-01
2026 07 24 20 13 30 000 -2.1623246E+01 -1.7951982E+01 -5.6454496E-01
2026 07 24 20 14 00 000 -2.1622240E+01 -1.7953039E+01 -5.6639797E-01
2026 07 24 20 14 30 000 -2.1621233E+01 -1.7954095E+01 -5.6823872E-01
2026 07 24 20 15 00 000 -2.1620224E+01 -1.7955150E+01 -5.7006718E-01
2026 07 24 20 15 30 000 -2.1619215E+01 -1.7956205E+01 -5.7188334E-01
2026 07 24 20 16 00 000 -2.1618203E+01 -1.7957259E+01 -5.7368717E-01
2026 07 24 20 16 30 000 -2.1617191E+01 -1.7958313E+01 -5.7547866E-01
2026 07 24 20 17 00 000 -2.1616177E+01 -1.7959366E+01 -5.7725779E-01
2026 07 24 20 17 30 000 -2.1615162E+01 -1.7960419E+01 -5.7902453E-01
2026 07 24 20 18 00 000 -2.1614146E+01 -1.7961471E+01 -5.8077887E-01
2026 07 24 20 18 30 000 -2.1613128E+01 -1.7962523E+01 -5.8252079E-01
2026 07 24 20 19 00 000 -2.1612109E+01 -1.7963573E+01 -5.8425027E-01
2026 07 24 20 19 30 000 -2.1611088E+01 -1.7964624E+01 -5.8596730E-01
2026 07 24 20 20 00 000 -2.1610067E+01 -1.7965674E+01 -5.8767185E-01
2026 07 24 20 20 30 000 -2.1609044E+01 -1.7966723E+01 -5.8936390E-01
2026 07 24 20 21 00 000 -2.1608019E+01 -1.7967772E+01 -5.9104345E-01
2026 07 24 20 21 30 000 -2.1606993E+01 -1.7968820E+01 -5.9271046E-01
2026 07 24 20 22 00 000 -2.1605966E+01 -1.7969867E+01 -5.9436493E-01
2026 07 24 20 22 30 000 -2.1604938E+01 -1.7970915E+01 -5.9600682E-01
2026 07 24 20 23 00 000 -2.1603908E+01 -1.7971961E+01 -5.9763613E-01
2026 07 24 20 23 30 000 -2.1602877E+01 -1.7973007E+01 -5.9925284E-01
2026 07 24 20 24 00 000 -2.1601844E+01 -1.7974053E+01 -6.0085693E-01
2026 07 24 20 24 30 000 -2.1600811E+01 -1.7975098E+01 -6.0244838E-01
2026 07 24 20 25 00 000 -2.1599776E+01 -1.7976142E+01 -6.0402716E-01
2026 07 24 20 25 30 000 -2.1598739E+01 -1.7977186E+01 -6.0559328E-01
2026 07 24 20 26 00 000 -2.1597701E+01 -1.7978230E+01 -6.0714671E-01
2026 07 24 20 26 30 000 -2.1596662E+01 -1.7979273E+01 -6.0868743E-01
2026 07 24 20 27 00 000 -2.1595622E+01 -1.7980315E+01 -6.1021543E-01
2026 07 24 20 27 30 000 -2.1594580E+01 -1.7981357E+01 -6.1173068E-01
2026 07 24 20 28 00 000 -2.1593537E+01 -1.7982399E+01 -6.1323317E-01
2026 07 24 20 28 30 000 -2.1592492E+01 -1.7983440E+01 -6.1472288E-01
2026 07 24 20 29 00 000 -2.1591447E+01 -1.7984480E+01 -6.1619981E-01
2026 07 24 20 29 30 000 -2.1590400E+01 -1.7985520E+01 -6.1766392E-01
2026 07 24 20 30 00 000 -2.1589351E+01 -1.7986560E+01 -6.1911520E-01
2026 07 24 20 30 30 000 -2.1588301E+01 -1.7987599E+01 -6.2055364E-01
2026 07 24 20 31 00 000 -2.1587250E+01 -1.7988637E+01 -6.2197922E-01
2026 07 24 20 31 30 000 -2.1586198E+01 -1.7989676E+01 -6.2339193E-01
2026 07 24 20 32 00 000 -2.1585144E+01 -1.7990713E+01 -6.2479174E-01
2026 07 24 20 32 30 000 -2.1584089E+01 -1.7991751E+01 -6.2617864E-01
2026 07 24 20 33 00 000 -2.1583033E+01 -1.7992787E+01 -6.2755262E-01
2026 07 24 20 33 30 000 -2.1581975E+01 -1.7993824E+01 -6.2891365E-01
2026 07 24 20 34 00 000 -2.1580916E+01 -1.7994859E+01 -6.3026173E-01
2026 07 24 20 34 30 000 -2.1579855E+01 -1.7995895E+01 -6.3159683E-01
2026 07 24 20 35 00 000 -2.1578794E+01 -1.7996930E+01 -6.3291894E-01
2026 07 24 20 35 30 000 -2.1577730E+01 -1.7997964E+01 -6.3422805E-01
2026 07 24 20 36 00 000 -2.1576666E+01 -1.7998998E+01 -6.3552414E-01
2026 07 24 20 36 30 000 -2.1575600E+01 -1.8000032E+01 -6.3680718E-01
2026 07 24 20 37 00 000 -2.1574533E+01 -1.8001065E+01 -6.3807718E-01
2026 07 24 20 37 30 000 -2.1573465E+01 -1.8002098E+01 -6.3933411E-01
2026 07 24 20 38 00 000 -2.1572395E+01 -1.8003131E+01 -6.4057796E-01
2026 07 24 20 38 30 000 -2.1571324E+01 -1.8004163E+01 -6.4180871E-01
2026 07 24 20 39 00 000 -2.1570252E+01 -1.8005194E+01 -6.4302634E-01
2026 07 24 20 39 30 000 -2.1569178E+01 -1.8006225E+01 -6.4423085E-01
2026 07 24 20 40 00 000 -2.1568103E+01 -1.8007256E+01 -6.4542221E-01
2026 07 24 20 40 30 000 -2.1567026E+01 -1.8008286E+01 -6.4660042E-01
2026 07 24 20 41 00 000 -2.1565949E+01 -1.8009316E+01 -6.4776545E-01
2026 07 24 20 41 30 000 -2.1564869E+01 -1.8010346E+01 -6.4891730E-01
2026 07 24 20 42 00 000 -2.1563789E+01 -1.8011375E+01 -6.5005594E-01
2026 07 24 20 42 30 000 -2.1562707E+01 -1.8012403E+01 -6.5118137E-01
2026 07 24 20 43 00 000 -2.1561624E+01 -1.8013432E+01 -6.5229356E-01
2026 07 24 20 43 30 000 -2.1560540E+01 -1.8014460E+01 -6.5339251E-01
2026 07 24 20 44 00 000 -2.1559454E+01 -1.8015487E+01 -6.5447820E-01
2026 07 24 20 44 30 000 -2.1558367E+01 -1.8016514E+01 -6.5555061E-01
2026 07 24 20 45 00 000 -2.1557279E+01 -1.8017541E+01 -6.5660975E-01
2026 07 24 20 45 30 000 -2.1556189E+01 -1.8018567E+01 -6.5765557E-01
2026 07 24 20 46 00 000 -2.1555098E+01 -1.8019593E+01 -6.5868807E-01
2026 07 24 20 46 30 000 -2.1554005E+01 -1.8020619E+01 -6.5970725E-01
2026 07 24 20 47 00 000 -2.1552912E+01 -1.8021644E+01 -6.6071309E-01
2026 07 24 20 47 30 000 -2.1551817E+01 -1.8022669E+01 -6.6170556E-01
2026 07 24 20 48 00 000 -2.1550720E+01 -1.8023693E+01 -6.6268466E-01
2026 07 24 20 48 30 000 -2.1549623E+01 -1.8024717E+01 -6.6365038E-01
2026 07 24 20 49 00 000 -2.1548524E+01 -1.8025741E+01 -6.6460270E-01
2026 07 24 20 49 30 000 -2.1547423E+01 -1.8026765E+01 -6.6554161E-01
2026 07 24 20 50 00 000 -2.1546321E+01 -1.8027788E+01 -6.6646709E-01
2026 07 24 20 50 30 000 -2.1545218E+01 -1.8028810E+01 -6.6737914E-01
2026 07 24 20 51 00 000 -2.1544114E+01 -1.8029833E+01 -6.6827773E-01
2026 07 24 20 51 30 000 -2.1543008E+01 -1.8030855E+01 -6.6916287E-01
2026 07 24 20 52 00 000 -2.1541901E+01 -1.8031876E+01 -6.7003452E-01
2026 07 24 20 52 30 000 -2.1540793E+01 -1.8032898E+01 -6.7089268E-01
2026 07 24 20 53 00 000 -2.1539683E+01 -1.8033918E+01 -6.7173734E-01
2026 07 24 20 53 30 000 -2.1538572E+01 -1.8034939E+01 -6.7256848E-01
2026 07 24 20 54 00 000 -2.1537460E+01 -1.8035959E+01 -6.7338611E-01
2026 07 24 20 54 30 000 -2.1536346E+01 -1.8036979E+01 -6.7419019E-01
2026 07 24 20 55 00 000 -2.1535231E+01 -1.8037999E+01 -6.7498071E-01
2026 07 24 20 55 30 000 -2.1534115E+01 -1.8039018E+01 -6.7575766E-01
2026 07 24 20 56 00 000 -2.1532997E+01 -1.8040037E+01 -6.7652105E-01
2026 07 24 20 56 30 000 -2.1531878E+01 -1.8041055E+01 -6.7727084E-01
2026 07 24 20 57 00 000 -2.1530758E+01 -1.8042074E+01 -6.7800703E-01
2026 07 24 20 57 30 000 -2.1529636E+01 -1.8043092E+01 -6.7872960E-01
2026 07 24 20 58 00 000 -2.1528513E+01 -1.8044109E+01 -6.7943855E-01
2026 07 24 20 58 30 000 -2.1527389E+01 -1.8045126E+01 -6.8013386E-01
2026 07 24 20 59 00 000 -2.1526263E+01 -1.8046143E+01 -6.8081552E-01
2026 07 24 20 59 30 000 -2.1525136E+01 -1.8047160E+01 -6.8148352E-01
2026 07 24 21 00 00 000 -2.1524008E+01 -1.8048176E+01 -6.8213785E-01
2026 07 24 21 00 30 000 -2.1522878E+01 -1.8049192E+01 -6.8277850E-01
2026 07 24 21 01 00 000 -2.1521747E+01 -1.8050208E+01 -6.8340545E-01
2026 07 24 21 01 30 000 -2.1520615E+01 -1.8051223E+01 -6.8401869E-01
2026 07 24 21 02 00 000 -2.1519481E+01 -1.8052238E+01 -6.8461821E-01
2026 07 24 21 02 30 000 -2.1518346E+01 -1.8053253E+01 -6.8520400E-01
2026 07 24 21 03 00 000 -2.1517210E+01 -1.8054267E+01 -6.8577606E-01
2026 07 24 21 03 30 000 -2.1516072E+01 -1.8055282E+01 -6.8633436E-01
2026 07 24 21 04 00 000 -2.1514933E+01 -1.8056295E+01 -6.8687890E-01
2026 07 24 21 04 30 000 -2.1513793E+01 -1.8057309E+01 -6.8740966E-01
2026 07 24 21 05 00 000 -2.1512651E+01 -1.8058322E+01 -6.8792665E-01
2026 07 24 21 05 30 000 -2.1511508E+01 -1.8059335E+01 -6.8842983E-01
2026 07 24 21 06 00 000 -2.1510364E+01 -1.8060348E+01 -6.8891922E-01
2026 07 24 21 06 30 000 -2.1509218E+01 -1.8061360E+01 -6.8939478E-01
2026 07 24 21 07 00 000 -2.1508071E+01 -1.8062372E+01 -6.8985652E-01
2026 07 24 21 07 30 000 -2.1506923E+01 -1.8063384E+01 -6.9030443E-01
2026 07 24 21 08 00 000 -2.1505774E+01 -1.8064395E+01 -6.9073848E-01
2026 07 24 21 08 30 000 -2.1504623E+01 -1.8065406E+01 -6.9115868E-01
2026 07 24 21 09 00 000 -2.1503470E+01 -1.8066417E+01 -6.9156501E-01
2026 07 24 21 09 30 000 -2.1502317E+01 -1.8067427E+01 -6.9195747E-01
2026 07 24 21 10 00 000 -2.1501162E+01 -1.8068438E+01 -6.9233603E-01
2026 07 24 21 10 30 000 -2.1500005E+01 -1.8069448E+01 -6.9270070E-01
2026 07 24 21 11 00 000 -2.1498848E+01 -1.8070457E+01 -6.9305146E-01
2026 07 24 21 11 30 000 -2.1497689E+01 -1.8071467E+01 -6.9338830E-01
2026 07 24 21 12 00 000 -2.1496529E+01 -1.8072476E+01 -6.9371123E-01
2026 07 24 21 12 30 000 -2.1495367E+01 -1.8073485E+01 -6.9402021E-01
2026 07 24 21 13 00 000 -2.1494204E+01 -1.8074493E+01 -6.9431524E-01
2026 07 24 21 13 30 000 -2.1493040E+01 -1.8075501E+01 -6.9459633E-01
2026 07 24 21 14 00 000 -2.1491874E+01 -1.8076509E+01 -6.9486345E-01
2026 07 24 21 14 30 000 -2.1490707E+01 -1.8077517E+01 -6.9511659E-01
2026 07 24 21 15 00 000 -2.1489539E+01 -1.8078524E+01 -6.9535576E-01
2026 07 24 21 15 30 000 -2.1488370E+01 -1.8079531E+01 -6.9558093E-01
2026 07 24 21 16 00 000 -2.1487199E+01 -1.8080538E+01 -6.9579209E-01
2026 07 24 21 16 30 000 -2.1486027E+01 -1.8081545E+01 -6.9598926E-01
2026 07 24 21 17 00 000 -2.1484853E+01 -1.8082551E+01 -6.9617241E-01
2026 07 24 21 17 30 000 -2.1483678E+01 -1.8083557E+01 -6.9634152E-01
2026 07 24 21 18 00 000 -2.1482502E+01 -1.8084563E+01 -6.9649660E-01
2026 07 24 21 18 30 000 -2.1481324E+01 -1.8085568E+01 -6.9663763E-01
2026 07 24 21 19 00 000 -2.1480145E+01 -1.8086573E+01 -6.9676462E-01
2026 07 24 21 19 30 000 -2.1478965E+01 -1.8087578E+01 -6.9687754E-01
2026 07 24 21 20 00 000 -2.1477784E+01 -1.8088583E+01 -6.9697639E-01
2026 07 24 21 20 30 000 -2.1476601E+01 -1.8089587E+01 -6.9706116E-01
2026 07 24 21 21 00 000 -2.1475417E+01 -1.8090591E+01 -6.9713185E-01
2026 07 24 21 21 30 000 -2.1474231E+01 -1.8091595E+01 -6.9718844E-01
2026 07 24 21 22 00 000 -2.1473044E+01 -1.8092599E+01 -6.9723093E-01
2026 07 24 21 22 30 000 -2.1471856E+01 -1.8093602E+01 -6.9725931E-01
2026 07 24 21 23 00 000 -2.1470667E+01 -1.8094605E+01 -6.9727357E-01
2026 07 24 21 23 30 000 -2.1469476E+01 -1.8095607E+01 -6.9727371E-01
2026 07 24 21 24 00 000 -2.1468284E+01 -1.8096610E+01 -6.9725971E-01
2026 07 24 21 24 30 000 -2.1467090E+01 -1.8097612E+01 -6.9723156E-01
2026 07 24 21 25 00 000 -2.1465895E+01 -1.8098614E+01 -6.9718927E-01
2026 07 24 21 25 30 000 -2.1464699E+01 -1.8099615E+01 -6.9713283E-01
2026 07 24 21 26 00 000 -2.1463502E+01 -1.8100617E+01 -6.9706222E-01
2026 07 24 21 26 30 000 -2.1462303E+01 -1.8101618E+01 -6.9697744E-01
2026 07 24 21 27 00 000 -2.1461103E+01 -1.8102618E+01 -6.9687847E-01
2026 07 24 21 27 30 000 -2.1459901E+01 -1.8103619E+01 -6.9676533E-01
2026 07 24 21 28 00 000 -2.1458698E+01 -1.8104619E+01 -6.9663799E-01
2026 07 24 21 28 30 000 -2.1457494E+01 -1.8105619E+01 -6.9649646E-01
2026 07 24 21 29 00 000 -2.1456289E+01 -1.8106619E+01 -6.9634072E-01
2026 07 24 21 29 30 000 -2.1455082E+01 -1.8107618E+01 -6.9617077E-01
2026 07 24 21 30 00 000 -2.1453874E+01 -1.8108617E+01 -6.9598659E-01
2026 07 24 21 30 30 000 -2.1452665E+01 -1.8109616E+01 -6.9578817E-01
2026 07 24 21 31 00 000 -2.1451454E+01 -1.8110614E+01 -6.9557552E-01
2026 07 24 21 31 30 000 -2.1450242E+01 -1.8111613E+01 -6.9534863E-01
2026 07 24 21 32 00 000 -2.1449028E+01 -1.8112611E+01 -6.9510750E-01
2026 07 24 21 32 30 000 -2.1447813E+01 -1.8113608E+01 -6.9485211E-01
2026 07 24 21 33 00 000 -2.1446597E+01 -1.8114606E+01 -6.9458248E-01
2026 07 24 21 33 30 000 -2.1445380E+01 -1.8115603E+01 -6.9429858E-01
2026 07 24 21 34 00 000 -2.1444161E+01 -1.8116600E+01 -6.9400041E-01
2026 07 24 21 34 30 000 -2.1442941E+01 -1.8117596E+01 -6.9368795E-01
2026 07 24 21 35 00 000 -2.1441720E+01 -1.8118593E+01 -6.9336119E-01
2026 07 24 21 35 30 000 -2.1440497E+01 -1.8119589E+01 -6.9302014E-01
2026 07 24 21 36 00 000 -2.1439273E+01 -1.8120584E+01 -6.9266480E-01
2026 07 24 21 36 30 000 -2.1438048E+01 -1.8121580E+01 -6.9229516E-01
2026 07 24 21 37 00 000 -2.1436821E+01 -1.8122575E+01 -6.9191122E-01
2026 07 24 21 37 30 000 -2.1435593E+01 -1.8123570E+01 -6.9151296E-01
2026 07 24 21 38 00 000 -2.1434363E+01 -1.8124565E+01 -6.9110038E-01
2026 07 24 21 38 30 000 -2.1433133E+01 -1.8125559E+01 -6.9067349E-01
2026 07 24 21 39 00 000 -2.1431901E+01 -1.8126553E+01 -6.9023226E-01
2026 07 24 21 39 30 000 -2.1430667E+01 -1.8127547E+01 -6.8977669E-01
2026 07 24 21 40 00 000 -2.1429433E+01 -1.8128540E+01 -6.8930677E-01
2026 07 24 21 40 30 000 -2.1428197E+01 -1.8129533E+01 -6.8882251E-01
2026 07 24 21 41 00 000 -2.1426959E+01 -1.8130526E+01 -6.8832390E-01
2026 07 24 21 41 30 000 -2.1425721E+01 -1.8131518E+01 -6.8781094E-01
2026 07 24 21 42 00 000 -2.1424481E+01 -1.8132511E+01 -6.8728360E-01
2026 07 24 21 42 30 000 -2.1423239E+01 -1.8133503E+01 -6.8674190E-01
2026 07 24 21 43 00 000 -2.1421997E+01 -1.8134494E+01 -6.8618583E-01
2026 07 24 21 43 30 000 -2.1420753E+01 -1.8135486E+01 -6.8561539E-01
2026 07 24 21 44 00 000 -2.1419507E+01 -1.8136477E+01 -6.8503056E-01
2026 07 24 21 44 30 000 -2.1418261E+01 -1.8137468E+01 -6.8443135E-01
2026 07 24 21 45 00 000 -2.1417013E+01 -1.8138458E+01 -6.8381774E-01
2026 07 24 21 45 30 000 -2.1415763E+01 -1.8139448E+01 -6.8318974E-01
2026 07 24 21 46 00 000 -2.1414513E+01 -1.8140438E+01 -6.8254734E-01
2026 07 24 21 46 30 000 -2.1413261E+01 -1.8141427E+01 -6.8189053E-01
2026 07 24 21 47 00 000 -2.1412007E+01 -1.8142417E+01 -6.8121931E-01
2026 07 24 21 47 30 000 -2.1410753E+01 -1.8143406E+01 -6.8053368E-01
2026 07 24 21 48 00 000 -2.1409497E+01 -1.8144394E+01 -6.7983364E-01
2026 07 24 21 48 30 000 -2.1408240E+01 -1.8145382E+01 -6.7911918E-01
2026 07 24 21 49 00 000 -2.1406981E+01 -1.8146370E+01 -6.7839029E-01
2026 07 24 21 49 30 000 -2.1405721E+01 -1.8147358E+01 -6.7764697E-01
2026 07 24 21 50 00 000 -2.1404460E+01 -1.8148345E+01 -6.7688923E-01
2026 07 24 21 50 30 000 -2.1403197E+01 -1.8149332E+01 -6.7611704E-01
2026 07 24 21 51 00 000 -2.1401933E+01 -1.8150319E+01 -6.7533042E-01
2026 07 24 21 51 30 000 -2.1400668E+01 -1.8151305E+01 -6.7452935E-01
2026 07 24 21 52 00 000 -2.1399401E+01 -1.8152291E+01 -6.7371383E-01
2026 07 24 21 52 30 000 -2.1398133E+01 -1.8153277E+01 -6.7288387E-01
2026 07 24 21 53 00 000 -2.1396864E+01 -1.8154262E+01 -6.7203945E-01
2026 07 24 21 53 30 000 -2.1395594E+01 -1.8155247E+01 -6.7118057E-01
2026 07 24 21 54 00 000 -2.1394322E+01 -1.8156232E+01 -6.7030723E-01
2026 07 24 21 54 30 000 -2.1393049E+01 -1.8157216E+01 -6.6941943E-01
2026 07 24 21 55 00 000 -2.1391774E+01 -1.8158200E+01 -6.6851716E-01
2026 07 24 21 55 30 000 -2.1390498E+01 -1.8159184E+01 -6.6760041E-01
2026 07 24 21 56 00 000 -2.1389221E+01 -1.8160167E+01 -6.6666920E-01
2026 07 24 21 56 30 000 -2.1387942E+01 -1.8161150E+01 -6.6572351E-01
2026 07 24 21 57 00 000 -2.1386663E+01 -1.8162133E+01 -6.6476334E-01
2026 07 24 21 57 30 000 -2.1385381E+01 -1.8163115E+01 -6.6378869E-01
2026 07 24 21 58 00 000 -2.1384099E+01 -1.8164097E+01 -6.6279955E-01
2026 07 24 21 58 30 000 -2.1382815E+01 -1.8165078E+01 -6.6179592E-01
2026 07 24 21 59 00 000 -2.1381530E+01 -1.8166059E+01 -6.6077781E-01
2026 07 24 21 59 30 000 -2.1380243E+01 -1.8167040E+01 -6.5974521E-01
2026 07 24 22 00 00 000 -2.1378956E+01 -1.8168021E+01 -6.5869811E-01
2026 07 24 22 00 30 000 -2.1377666E+01 -1.8169001E+01 -6.5763651E-01
2026 07 24 22 01 00 000 -2.1376376E+01 -1.8169980E+01 -6.5656041E-01
2026 07 24 22 01 30 000 -2.1375084E+01 -1.8170960E+01 -6.5546981E-01
2026 07 24 22 02 00 000 -2.1373791E+01 -1.8171939E+01 -6.5436471E-01
2026 07 24 22 02 30 000 -2.1372496E+01 -1.8172917E+01 -6.5324510E-01
2026 07 24 22 03 00 000 -2.1371201E+01 -1.8173896E+01 -6.5211098E-01
2026 07 24 22 03 30 000 -2.1369904E+01 -1.8174873E+01 -6.5096235E-01
2026 07 24 22 04 00 000 -2.1368605E+01 -1.8175851E+01 -6.4979921E-01
2026 07 24 22 04 30 000 -2.1367305E+01 -1.8176828E+01 -6.4862156E-01
2026 07 24 22 05 00 000 -2.1366004E+01 -1.8177804E+01 -6.4742939E-01
2026 07 24 22 05 30 000 -2.1364702E+01 -1.8178781E+01 -6.4622270E-01
2026 07 24 22 06 00 000 -2.1363398E+01 -1.8179756E+01 -6.4500150E-01
2026 07 24 22 06 30 000 -2.1362093E+01 -1.8180732E+01 -6.4376577E-01
2026 07 24 22 07 00 000 -2.1360787E+01 -1.8181707E+01 -6.4251552E-01
2026 07 24 22 07 30 000 -2.1359479E+01 -1.8182681E+01 -6.4125075E-01
2026 07 24 22 08 00 000 -2.1358170E+01 -1.8183656E+01 -6.3997145E-01
2026 07 24 22 08 30 000 -2.1356859E+01 -1.8184629E+01 -6.3867763E-01
2026 07 24 22 09 00 000 -2.1355548E+01 -1.8185603E+01 -6.3736928E-01
2026 07 24 22 09 30 000 -2.1354235E+01 -1.8186576E+01 -6.3604640E-01
2026 07 24 22 10 00 000 -2.1352920E+01 -1.8187548E+01 -6.3470899E-01
2026 07 24 22 10 30 000 -2.1351604E+01 -1.8188520E+01 -6.3335705E-01
2026 07 24 22 11 00 000 -2.1350287E+01 -1.8189492E+01 -6.3199058E-01
2026 07 24 22 11 30 000 -2.1348969E+01 -1.8190463E+01 -6.3060958E-01
2026 07 24 22 12 00 000 -2.1347649E+01 -1.8191434E+01 -6.2921404E-01
2026 07 24 22 12 30 000 -2.1346328E+01 -1.8192404E+01 -6.2780398E-01
2026 07 24 22 13 00 000 -2.1345006E+01 -1.8193374E+01 -6.2637937E-01
2026 07 24 22 13 30 000 -2.1343682E+01 -1.8194344E+01 -6.2494023E-01
2026 07 24 22 14 00 000 -2.1342357E+01 -1.8195313E+01 -6.2348656E-01
2026 07 24 22 14 30 000 -2.1341031E+01 -1.8196281E+01 -6.2201834E-01
2026 07 24 22 15 00 000 -2.1339703E+01 -1.8197249E+01 -6.2053560E-01
2026 07 24 22 15 30 000 -2.1338374E+01 -1.8198217E+01 -6.1903831E-01
2026 07 24 22 16 00 000 -2.1337044E+01 -1.8199184E+01 -6.1752649E-01
2026 07 24 22 16 30 000 -2.1335712E+01 -1.8200151E+01 -6.1600013E-01
2026 07 24 22 17 00 000 -2.1334379E+01 -1.8201117E+01 -6.1445923E-01
2026 07 24 22 17 30 000 -2.1333045E+01 -1.8202083E+01 -6.1290380E-01
2026 07 24 22 18 00 000 -2.1331709E+01 -1.8203048E+01 -6.1133382E-01
2026 07 24 22 18 30 000 -2.1330372E+01 -1.8204013E+01 -6.0974931E-01
2026 07 24 22 19 00 000 -2.1329034E+01 -1.8204977E+01 -6.0815026E-01
2026 07 24 22 19 30 000 -2.1327695E+01 -1.8205940E+01 -6.0653668E-01
2026 07 24 22 20 00 000 -2.1326354E+01 -1.8206904E+01 -6.0490856E-01
2026 07 24 22 20 30 000 -2.1325011E+01 -1.8207866E+01 -6.0326589E-01
2026 07 24 22 21 00 000 -2.1323668E+01 -1.8208829E+01 -6.0160870E-01
2026 07 24 22 21 30 000 -2.1322323E+01 -1.8209790E+01 -5.9993697E-01
2026 07 24 22 22 00 000 -2.1320977E+01 -1.8210752E+01 -5.9825071E-01
2026 07 24 22 22 30 000 -2.1319629E+01 -1.8211712E+01 -5.9654991E-01
2026 07 24 22 23 00 000 -2.1318280E+01 -1.8212673E+01 -5.9483457E-01
2026 07 24 22 23 30 000 -2.1316930E+01 -1.8213632E+01 -5.9310470E-01
2026 07 24 22 24 00 000 -2.1315578E+01 -1.8214591E+01 -5.9136030E-01
2026 07 24 22 24 30 000 -2.1314226E+01 -1.8215550E+01 -5.8960136E-01
2026 07 24 22 25 00 000 -2.1312871E+01 -1.8216508E+01 -5.8782790E-01
2026 07 24 22 25 30 000 -2.1311516E+01 -1.8217465E+01 -5.8603990E-01
2026 07 24 22 26 00 000 -2.1310159E+01 -1.8218422E+01 -5.8423738E-01
2026 07 24 22 26 30 000 -2.1308801E+01 -1.8219379E+01 -5.8242033E-01
2026 07 24 22 27 00 000 -2.1307441E+01 -1.8220334E+01 -5.8058875E-01
2026 07 24 22 27 30 000 -2.1306080E+01 -1.8221290E+01 -5.7874264E-01
2026 07 24 22 28 00 000 -2.1304718E+01 -1.8222244E+01 -5.7688201E-01
2026 07 24 22 28 30 000 -2.1303355E+01 -1.8223198E+01 -5.7500686E-01
2026 07 24 22 29 00 000 -2.1301990E+01 -1.8224152E+01 -5.7311718E-01
2026 07 24 22 29 30 000 -2.1300624E+01 -1.8225105E+01 -5.7121298E-01
2026 07 24 22 30 00 000 -2.1299256E+01 -1.8226057E+01 -5.6929427E-01
2026 07 24 22 30 30 000 -2.1297887E+01 -1.8227009E+01 -5.6736104E-01
2026 07 24 22 31 00 000 -2.1296517E+01 -1.8227960E+01 -5.6541329E-01
2026 07 24 22 31 30 000 -2.1295146E+01 -1.8228911E+01 -5.6345103E-01
2026 07 24 22 32 00 000 -2.1293773E+01 -1.8229861E+01 -5.6147425E-01
2026 07 24 22 32 30 000 -2.1292399E+01 -1.8230810E+01 -5.5948296E-01
2026 07 24 22 33 00 000 -2.1291023E+01 -1.8231759E+01 -5.5747718E-01
2026 07 24 22 33 30 000 -2.1289647E+01 -1.8232707E+01 -5.5545687E-01
2026 07 24 22 34 00 000 -2.1288269E+01 -1.8233654E+01 -5.5342206E-01
2026 07 24 22 34 30 000 -2.1286889E+01 -1.8234601E+01 -5.5137273E-01
2026 07 24 22 35 00 000 -2.1285508E+01 -1.8235547E+01 -5.4930893E-01
2026 07 24 22 35 30 000 -2.1284126E+01 -1.8236493E+01 -5.4723063E-01
2026 07 24 22 36 00 000 -2.1282743E+01 -1.8237438E+01 -5.4513785E-01
2026 07 24 22 36 30 000 -2.1281358E+01 -1.8238382E+01 -5.4303057E-01
2026 07 24 22 37 00 000 -2.1279972E+01 -1.8239326E+01 -5.4090882E-01
2026 07 24 22 37 30 000 -2.1278585E+01 -1.8240268E+01 -5.3877256E-01
2026 07 24 22 38 00 000 -2.1277196E+01 -1.8241211E+01 -5.3662178E-01
2026 07 24 22 38 30 000 -2.1275806E+01 -1.8242152E+01 -5.3445655E-01
2026 07 24 22 39 00 000 -2.1274415E+01 -1.8243093E+01 -5.3227681E-01
2026 07 24 22 39 30 000 -2.1273022E+01 -1.8244033E+01 -5.3008261E-01
2026 07 24 22 40 00 000 -2.1271628E+01 -1.8244973E+01 -5.2787395E-01
2026 07 24 22 40 30 000 -2.1270232E+01 -1.8245912E+01 -5.2565082E-01
2026 07 24 22 41 00 000 -2.1268836E+01 -1.8246850E+01 -5.2341323E-01
2026 07 24 22 41 30 000 -2.1267438E+01 -1.8247787E+01 -5.2116119E-01
2026 07 24 22 42 00 000 -2.1266038E+01 -1.8248724E+01 -5.1889465E-01
2026 07 24 22 42 30 000 -2.1264638E+01 -1.8249660E+01 -5.1661364E-01
2026 07 24 22 43 00 000 -2.1263236E+01 -1.8250595E+01 -5.1431821E-01
2026 07 24 22 43 30 000 -2.1261833E+01 -1.8251530E+01 -5.1200830E-01
2026 07 24 22 44 00 000 -2.1260428E+01 -1.8252464E+01 -5.0968392E-01
2026 07 24 22 44 30 000 -2.1259022E+01 -1.8253397E+01 -5.0734514E-01
2026 07 24 22 45 00 000 -2.1257615E+01 -1.8254329E+01 -5.0499189E-01
2026 07 24 22 45 30 000 -2.1256206E+01 -1.8255260E+01 -5.0262420E-01
2026 07 24 22 46 00 000 -2.1254796E+01 -1.8256191E+01 -5.0024208E-01
2026 07 24 22 46 30 000 -2.1253385E+01 -1.8257121E+01 -4.9784552E-01
2026 07 24 22 47 00 000 -2.1251972E+01 -1.8258051E+01 -4.9543454E-01
2026 07 24 22 47 30 000 -2.1250558E+01 -1.8258979E+01 -4.9300912E-01
2026 07 24 22 48 00 000 -2.1249143E+01 -1.8259907E+01 -4.9056929E-01
2026 07 24 22 48 30 000 -2.1247726E+01 -1.8260834E+01 -4.8811503E-01
2026 07 24 22 49 00 000 -2.1246308E+01 -1.8261760E+01 -4.8564637E-01
2026 07 24 22 49 30 000 -2.1244889E+01 -1.8262685E+01 -4.8316330E-01
2026 07 24 22 50 00 000 -2.1243469E+01 -1.8263610E+01 -4.8066582E-01
2026 07 24 22 50 30 000 -2.1242047E+01 -1.8264533E+01 -4.7815393E-01
2026 07 24 22 51 00 000 -2.1240624E+01 -1.8265456E+01 -4.7562767E-01
2026 07 24 22 51 30 000 -2.1239199E+01 -1.8266378E+01 -4.7308700E-01
2026 07 24 22 52 00 000 -2.1237773E+01 -1.8267299E+01 -4.7053193E-01
2026 07 24 22 52 30 000 -2.1236346E+01 -1.8268220E+01 -4.6796248E-01
2026 07 24 22 53 00 000 -2.1234917E+01 -1.8269139E+01 -4.6537866E-01
2026 07 24 22 53 30 000 -2.1233488E+01 -1.8270058E+01 -4.6278045E-01
2026 07 24 22 54 00 000 -2.1232056E+01 -1.8270976E+01 -4.6016786E-01
2026 07 24 22 54 30 000 -2.1230624E+01 -1.8271893E+01 -4.5754092E-01
2026 07 24 22 55 00 000 -2.1229190E+01 -1.8272809E+01 -4.5489963E-01
2026 07 24 22 55 30 000 -2.1227755E+01 -1.8273724E+01 -4.5224397E-01
2026 07 24 22 56 00 000 -2.1226318E+01 -1.8274638E+01 -4.4957395E-01
2026 07 24 22 56 30 000 -2.1224881E+01 -1.8275552E+01 -4.4688958E-01
2026 07 24 22 57 00 000 -2.1223441E+01 -1.8276464E+01 -4.4419088E-01
2026 07 24 22 57 30 000 -2.1222001E+01 -1.8277376E+01 -4.4147784E-01
2026 07 24 22 58 00 000 -2.1220559E+01 -1.8278287E+01 -4.3875045E-01
2026 07 24 22 58 30 000 -2.1219116E+01 -1.8279196E+01 -4.3600873E-01
2026 07 24 22 59 00 000 -2.1217672E+01 -1.8280105E+01 -4.3325270E-01
2026 07 24 22 59 30 000 -2.1216226E+01 -1.8281013E+01 -4.3048235E-01
2026 07 24 23 00 00 000 -2.1214779E+01 -1.8281920E+01 -4.2769770E-01
2026 07 24 23 00 30 000 -2.1213330E+01 -1.8282826E+01 -4.2489871E-01
2026 07 24 23 01 00 000 -2.1211880E+01 -1.8283732E+01 -4.2208543E-01
2026 07 24 23 01 30 000 -2.1210429E+01 -1.8284636E+01 -4.1925785E-01
2026 07 24 23 02 00 000 -2.1208977E+01 -1.8285539E+01 -4.1641598E-01
2026 07 24 23 02 30 000 -2.1207523E+01 -1.8286441E+01 -4.1355982E-01
2026 07 24 23 03 00 000 -2.1206068E+01 -1.8287342E+01 -4.1068939E-01
2026 07 24 23 03 30 000 -2.1204612E+01 -1.8288243E+01 -4.0780468E-01
2026 07 24 23 04 00 000 -2.1203154E+01 -1.8289142E+01 -4.0490570E-01
2026 07 24 23 04 30 000 -2.1201695E+01 -1.8290040E+01 -4.0199247E-01
2026 07 24 23 05 00 000 -2.1200235E+01 -1.8290938E+01 -3.9906497E-01
2026 07 24 23 05 30 000 -2.1198773E+01 -1.8291834E+01 -3.9612322E-01
2026 07 24 23 06 00 000 -2.1197310E+01 -1.8292729E+01 -3.9316720E-01
2026 07 24 23 06 30 000 -2.1195845E+01 -1.8293623E+01 -3.9019695E-01
2026 07 24 23 07 00 000 -2.1194380E+01 -1.8294516E+01 -3.8721248E-01
2026 07 24 23 07 30 000 -2.1192913E+01 -1.8295409E+01 -3.8421378E-01
2026 07 24 23 08 00 000 -2.1191444E+01 -1.8296300E+01 -3.8120085E-01
2026 07 24 23 08 30 000 -2.1189975E+01 -1.8297190E+01 -3.7817371E-01
2026 07 24 23 09 00 000 -2.1188504E+01 -1.8298079E+01 -3.7513238E-01
2026 07 24 23 09 30 000 -2.1187031E+01 -1.8298967E+01 -3.7207682E-01
2026 07 24 23 10 00 000 -2.1185558E+01 -1.8299853E+01 -3.6900706E-01
2026 07 24 23 10 30 000 -2.1184083E+01 -1.8300739E+01 -3.6592311E-01
2026 07 24 23 11 00 000 -2.1182606E+01 -1.8301624E+01 -3.6282498E-01
2026 07 24 23 11 30 000 -2.1181129E+01 -1.8302507E+01 -3.5971269E-01
2026 07 24 23 12 00 000 -2.1179650E+01 -1.8303390E+01 -3.5658622E-01
2026 07 24 23 12 30 000 -2.1178170E+01 -1.8304271E+01 -3.5344557E-01
2026 07 24 23 13 00 000 -2.1176688E+01 -1.8305151E+01 -3.5029077E-01
2026 07 24 23 13 30 000 -2.1175205E+01 -1.8306030E+01 -3.4712183E-01
2026 07 24 23 14 00 000 -2.1173721E+01 -1.8306908E+01 -3.4393873E-01
2026 07 24 23 14 30 000 -2.1172235E+01 -1.8307785E+01 -3.4074150E-01
2026 07 24 23 15 00 000 -2.1170748E+01 -1.8308661E+01 -3.3753012E-01
2026 07 24 23 15 30 000 -2.1169260E+01 -1.8309535E+01 -3.3430465E-01
2026 07 24 23 16 00 000 -2.1167770E+01 -1.8310408E+01 -3.3106504E-01
2026 07 24 23 16 30 000 -2.1166280E+01 -1.8311281E+01 -3.2781134E-01
2026 07 24 23 17 00 000 -2.1164787E+01 -1.8312152E+01 -3.2454352E-01
2026 07 24 23 17 30 000 -2.1163294E+01 -1.8313021E+01 -3.2126161E-01
2026 07 24 23 18 00 000 -2.1161799E+01 -1.8313890E+01 -3.1796562E-01
2026 07 24 23 18 30 000 -2.1160303E+01 -1.8314757E+01 -3.1465554E-01
2026 07 24 23 19 00 000 -2.1158805E+01 -1.8315623E+01 -3.1133139E-01
2026 07 24 23 19 30 000 -2.1157306E+01 -1.8316488E+01 -3.0799317E-01
2026 07 24 23 20 00 000 -2.1155806E+01 -1.8317352E+01 -3.0464090E-01
2026 07 24 23 20 30 000 -2.1154304E+01 -1.8318214E+01 -3.0127457E-01
2026 07 24 23 21 00 000 -2.1152802E+01 -1.8319076E+01 -2.9789420E-01
2026 07 24 23 21 30 000 -2.1151297E+01 -1.8319935E+01 -2.9449980E-01
2026 07 24 23 22 00 000 -2.1149792E+01 -1.8320794E+01 -2.9109137E-01
2026 07 24 23 22 30 000 -2.1148285E+01 -1.8321652E+01 -2.8766893E-01
2026 07 24 23 23 00 000 -2.1146777E+01 -1.8322508E+01 -2.8423246E-01
2026 07 24 23 23 30 000 -2.1145267E+01 -1.8323363E+01 -2.8078200E-01
2026 07 24 23 24 00 000 -2.1143757E+01 -1.8324216E+01 -2.7731754E-01
2026 07 24 23 24 30 000 -2.1142244E+01 -1.8325068E+01 -2.7383909E-01
2026 07 24 23 25 00 000 -2.1140731E+01 -1.8325919E+01 -2.7034667E-01
2026 07 24 23 25 30 000 -2.1139216E+01 -1.8326769E+01 -2.6684027E-01
2026 07 24 23 26 00 000 -2.1137700E+01 -1.8327617E+01 -2.6331990E-01
2026 07 24 23 26 30 000 -2.1136183E+01 -1.8328464E+01 -2.5978558E-01
2026 07 24 23 27 00 000 -2.1134664E+01 -1.8329310E+01 -2.5623732E-01
2026 07 24 23 27 30 000 -2.1133144E+01 -1.8330154E+01 -2.5267512E-01
2026 07 24 23 28 00 000 -2.1131622E+01 -1.8330997E+01 -2.4909898E-01
2026 07 24 23 28 30 000 -2.1130100E+01 -1.8331838E+01 -2.4550893E-01
2026 07 24 23 29 00 000 -2.1128575E+01 -1.8332678E+01 -2.4190496E-01
2026 07 24 23 29 30 000 -2.1127050E+01 -1.8333517E+01 -2.3828709E-01
2026 07 24 23 30 00 000 -2.1125523E+01 -1.8334355E+01 -2.3465532E-01
2026 07 24 23 30 30 000 -2.1123995E+01 -1.8335191E+01 -2.3100966E-01
2026 07 24 23 31 00 000 -2.1122466E+01 -1.8336025E+01 -2.2735013E-01
2026 07 24 23 31 30 000 -2.1120935E+01 -1.8336858E+01 -2.2367673E-01
2026 07 24 23 32 00 000 -2.1119403E+01 -1.8337690E+01 -2.1998946E-01
2026 07 24 23 32 30 000 -2.1117870E+01 -1.8338520E+01 -2.1628834E-01
2026 07 24 23 33 00 000 -2.1116335E+01 -1.8339349E+01 -2.1257338E-01
2026 07 24 23 33 30 000 -2.1114799E+01 -1.8340176E+01 -2.0884459E-01
2026 07 24 23 34 00 000 -2.1113261E+01 -1.8341002E+01 -2.0510197E-01
2026 07 24 23 34 30 000 -2.1111723E+01 -1.8341827E+01 -2.0134553E-01
2026 07 24 23 35 00 000 -2.1110183E+01 -1.8342650E+01 -1.9757529E-01
2026 07 24 23 35 30 000 -2.1108641E+01 -1.8343471E+01 -1.9379125E-01
2026 07 24 23 36 00 000 -2.1107099E+01 -1.8344291E+01 -1.8999342E-01
2026 07 24 23 36 30 000 -2.1105555E+01 -1.8345110E+01 -1.8618181E-01
2026 07 24 23 37 00 000 -2.1104009E+01 -1.8345926E+01 -1.8235644E-01
2026 07 24 23 37 30 000 -2.1102463E+01 -1.8346742E+01 -1.7851730E-01
2026 07 24 23 38 00 000 -2.1100915E+01 -1.8347556E+01 -1.7466442E-01
2026 07 24 23 38 30 000 -2.1099365E+01 -1.8348368E+01 -1.7079779E-01
2026 07 24 23 39 00 000 -2.1097815E+01 -1.8349179E+01 -1.6691742E-01
2026 07 24 23 39 30 000 -2.1096263E+01 -1.8349988E+01 -1.6302334E-01
2026 07 24 23 40 00 000 -2.1094710E+01 -1.8350796E+01 -1.5911554E-01
2026 07 24 23 40 30 000 -2.1093155E+01 -1.8351602E+01 -1.5519405E-01
2026 07 24 23 41 00 000 -2.1091599E+01 -1.8352406E+01 -1.5125886E-01
2026 07 24 23 41 30 000 -2.1090042E+01 -1.8353209E+01 -1.4730999E-01
2026 07 24 23 42 00 000 -2.1088483E+01 -1.8354011E+01 -1.4334744E-01
2026 07 24 23 42 30 000 -2.1086923E+01 -1.8354810E+01 -1.3937124E-01
2026 07 24 23 43 00 000 -2.1085362E+01 -1.8355608E+01 -1.3538138E-01
2026 07 24 23 43 30 000 -2.1083799E+01 -1.8356405E+01 -1.3137787E-01
2026 07 24 23 44 00 000 -2.1082235E+01 -1.8357200E+01 -1.2736074E-01
2026 07 24 23 44 30 000 -2.1080670E+01 -1.8357993E+01 -1.2332998E-01
2026 07 24 23 45 00 000 -2.1079104E+01 -1.8358784E+01 -1.1928562E-01
2026 07 24 23 45 30 000 -2.1077536E+01 -1.8359574E+01 -1.1522764E-01
2026 07 24 23 46 00 000 -2.1075966E+01 -1.8360362E+01 -1.1115608E-01
2026 07 24 23 46 30 000 -2.1074396E+01 -1.8361149E+01 -1.0707094E-01
2026 07 24 23 47 00 000 -2.1072824E+01 -1.8361934E+01 -1.0297223E-01
2026 07 24 23 47 30 000 -2.1071251E+01 -1.8362717E+01 -9.8859954E-02
2026 07 24 23 48 00 000 -2.1069676E+01 -1.8363498E+01 -9.4734130E-02
2026 07 24 23 48 30 000 -2.1068100E+01 -1.8364278E+01 -9.0594768E-02
2026 07 24 23 49 00 000 -2.1066523E+01 -1.8365056E+01 -8.6441877E-02
2026 07 24 23 49 30 000 -2.1064945E+01 -1.8365832E+01 -8.2275476E-02
2026 07 24 23 50 00 000 -2.1063365E+01 -1.8366606E+01 -7.8095562E-02
2026 07 24 23 50 30 000 -2.1061784E+01 -1.8367379E+01 -7.3902152E-02
2026 07 24 23 51 00 000 -2.1060201E+01 -1.8368150E+01 -6.9695257E-02
2026 07 24 23 51 30 000 -2.1058617E+01 -1.8368919E+01 -6.5474892E-02
2026 07 24 23 52 00 000 -2.1057032E+01 -1.8369686E+01 -6.1241062E-02
2026 07 24 23 52 30 000 -2.1055446E+01 -1.8370452E+01 -5.6993778E-02
2026 07 24 23 53 00 000 -2.1053858E+01 -1.8371216E+01 -5.2733055E-02
2026 07 24 23 53 30 000 -2.1052269E+01 -1.8371977E+01 -4.8458901E-02
2026 07 24 23 54 00 000 -2.1050678E+01 -1.8372738E+01 -4.4171338E-02
2026 07 24 23 54 30 000 -2.1049086E+01 -1.8373496E+01 -3.9870356E-02
2026 07 24 23 55 00 000 -2.1047493E+01 -1.8374252E+01 -3.5555983E-02
2026 07 24 23 55 30 000 -2.1045899E+01 -1.8375007E+01 -3.1228225E-02
2026 07 24 23 56 00 000 -2.1044303E+01 -1.8375759E+01 -2.6887096E-02
2026 07 24 23 56 30 000 -2.1042706E+01 -1.8376510E+01 -2.2532606E-02
2026 07 24 23 57 00 000 -2.1041108E+01 -1.8377259E+01 -1.8164765E-02
2026 07 24 23 57 30 000 -2.1039508E+01 -1.8378006E+01 -1.3783584E-02
2026 07 24 23 58 00 000 -2.1037907E+01 -1.8378751E+01 -9.3890770E-03
2026 07 24 23 58 30 000 -2.1036304E+01 -1.8379495E+01 -4.9812633E-03
2026 07 24 23 59 00 000 -2.1034700E+01 -1.8380236E+01 -5.6013815E-04
2026 07 24 23 59 30 000 -2.1033095E+01 -1.8380975E+01 3.8742764E-03
2026 07 25 00 00 00 000 -2.1031489E+01 -1.8381713E+01 8.3219722E-03
2026 07 25 00 00 30 000 -2.1029881E+01 -1.8382448E+01 1.2782929E-02
2026 07 25 00 01 00 000 -2.1028272E+01 -1.8383182E+01 1.7257146E-02
2026 07 25 00 01 30 000 -2.1026662E+01 -1.8383914E+01 2.1744607E-02
2026 07 25 00 02 00 000 -2.1025050E+01 -1.8384643E+01 2.6245300E-02
2026 07 25 00 02 30 000 -2.1023437E+01 -1.8385371E+01 3.0759213E-02
2026 07 25 00 03 00 000 -2.1021823E+01 -1.8386096E+01 3.5286326E-02
2026 07 25 00 03 30 000 -2.1020207E+01 -1.8386820E+01 3.9826641E-02
2026 07 25 00 04 00 000 -2.1018590E+01 -1.8387542E+01 4.4380138E-02
2026 07 25 00 04 30 000 -2.1016972E+01 -1.8388261E+01 4.8946806E-02
2026 07 25 00 05 00 000 -2.1015352E+01 -1.8388979E+01 5.3526625E-02
2026 07 25 00 05 30 000 -2.1013731E+01 -1.8389694E+01 5.8119596E-02
2026 07 25 00 06 00 000 -2.1012109E+01 -1.8390408E+01 6.2725705E-02
2026 07 25 00 06 30 000 -2.1010485E+01 -1.8391119E+01 6.7344930E-02
2026 07 25 00 07 00 000 -2.1008860E+01 -1.8391828E+01 7.1977263E-02
2026 07 25 00 07 30 000 -2.1007233E+01 -1.8392536E+01 7.6622684E-02
2026 07 25 00 08 00 000 -2.1005606E+01 -1.8393241E+01 8.1281195E-02
2026 07 25 00 08 30 000 -2.1003977E+01 -1.8393944E+01 8.5952776E-02
2026 07 25 00 09 00 000 -2.1002347E+01 -1.8394645E+01 9.0637414E-02
2026 07 25 00 09 30 000 -2.1000715E+01 -1.8395343E+01 9.5335090E-02
2026 07 25 00 10 00 000 -2.0999082E+01 -1.8396040E+01 1.0004580E-01
2026 07 25 00 10 30 000 -2.0997448E+01 -1.8396734E+01 1.0476954E-01
2026 07 25 00 11 00 000 -2.0995812E+01 -1.8397427E+01 1.0950627E-01
2026 07 25 00 11 30 000 -2.0994175E+01 -1.8398117E+01 1.1425600E-01
2026 07 25 00 12 00 000 -2.0992537E+01 -1.8398805E+01 1.1901871E-01
2026 07 25 00 12 30 000 -2.0990897E+01 -1.8399491E+01 1.2379438E-01
2026 07 25 00 13 00 000 -2.0989256E+01 -1.8400174E+01 1.2858301E-01
2026 07 25 00 13 30 000 -2.0987614E+01 -1.8400856E+01 1.3338458E-01
2026 07 25 00 14 00 000 -2.0985970E+01 -1.8401535E+01 1.3819907E-01
2026 07 25 00 14 30 000 -2.0984325E+01 -1.8402212E+01 1.4302647E-01
2026 07 25 00 15 00 000 -2.0982679E+01 -1.8402887E+01 1.4786678E-01
2026 07 25 00 15 30 000 -2.0981032E+01 -1.8403559E+01 1.5271997E-01
2026 07 25 00 16 00 000 -2.0979383E+01 -1.8404229E+01 1.5758603E-01
2026 07 25 00 16 30 000 -2.0977732E+01 -1.8404897E+01 1.6246495E-01
2026 07 25 00 17 00 000 -2.0976081E+01 -1.8405563E+01 1.6735672E-01
2026 07 25 00 17 30 000 -2.0974428E+01 -1.8406226E+01 1.7226132E-01
2026 07 25 00 18 00 000 -2.0972774E+01 -1.8406888E+01 1.7717874E-01
2026 07 25 00 18 30 000 -2.0971118E+01 -1.8407546E+01 1.8210896E-01
2026 07 25 00 19 00 000 -2.0969461E+01 -1.8408203E+01 1.8705197E-01
2026 07 25 00 19 30 000 -2.0967803E+01 -1.8408857E+01 1.9200776E-01
2026 07 25 00 20 00 000 -2.0966143E+01 -1.8409509E+01 1.9697631E-01
2026 07 25 00 20 30 000 -2.0964483E+01 -1.8410158E+01 2.0195761E-01
2026 07 25 00 21 00 000 -2.0962820E+01 -1.8410805E+01 2.0695164E-01
2026 07 25 00 21 30 000 -2.0961157E+01 -1.8411450E+01 2.1195839E-01
2026 07 25 00 22 00 000 -2.0959492E+01 -1.8412093E+01 2.1697785E-01
2026 07 25 00 22 30 000 -2.0957826E+01 -1.8412733E+01 2.2201000E-01
2026 07 25 00 23 00 000 -2.0956158E+01 -1.8413370E+01 2.2705483E-01
2026 07 25 00 23 30 000 -2.0954489E+01 -1.8414005E+01 2.3211232E-01
2026 07 25 00 24 00 000 -2.0952819E+01 -1.8414638E+01 2.3718247E-01
2026 07 25 00 24 30 000 -2.0951148E+01 -1.8415268E+01 2.4226524E-01
2026 07 25 00 25 00 000 -2.0949475E+01 -1.8415896E+01 2.4736064E-01
2026 07 25 00 25 30 000 -2.0947801E+01 -1.8416522E+01 2.5246863E-01
2026 07 25 00 26 00 000 -2.0946125E+01 -1.8417145E+01 2.5758923E-01
2026 07 25 00 26 30 000 -2.0944449E+01 -1.8417765E+01 2.6272240E-01
2026 07 25 00 27 00 000 -2.0942770E+01 -1.8418383E+01 2.6786813E-01
2026 07 25 00 27 30 000 -2.0941091E+01 -1.8418999E+01 2.7302640E-01
2026 07 25 00 28 00 000 -2.0939410E+01 -1.8419612E+01 2.7819721E-01
2026 07 25 00 28 30 000 -2.0937728E+01 -1.8420223E+01 2.8338053E-01
2026 07 25 00 29 00 000 -2.0936045E+01 -1.8420831E+01 2.8857637E-01
2026 07 25 00 29 30 000 -2.0934360E+01 -1.8421436E+01 2.9378469E-01
2026 07 25 00 30 00 000 -2.0932674E+01 -1.8422039E+01 2.9900547E-01
2026 07 25 00 30 30 000 -2.0930986E+01 -1.8422639E+01 3.0423873E-01
2026 07 25 00 31 00 000 -2.0929297E+01 -1.8423237E+01 3.0948443E-01
2026 07 25 00 31 30 000 -2.0927607E+01 -1.8423832E+01 3.1474254E-01
2026 07 25 00 32 00 000 -2.0925916E+01 -1.8424425E+01 3.2001306E-01
2026 07 25 00 32 30 000 -2.0924223E+01 -1.8425015E+01 3.2529599E-01
2026 07 25 00 33 00 000 -2.0922529E+01 -1.8425603E+01 3.3059130E-01
2026 07 25 00 33 30 000 -2.0920834E+01 -1.8426188E+01 3.3589899E-01
2026 07 25 00 34 00 000 -2.0919137E+01 -1.8426770E+01 3.4121902E-01
2026 07 25 00 34 30 000 -2.0917439E+01 -1.8427349E+01 3.4655138E-01
2026 07 25 00 35 00 000 -2.0915739E+01 -1.8427926E+01 3.5189608E-01
2026 07 25 00 35 30 000 -2.0914039E+01 -1.8428501E+01 3.5725308E-01
2026 07 25 00 36 00 000 -2.0912337E+01 -1.8429072E+01 3.6262236E-01
2026 07 25 00 36 30 000 -2.0910633E+01 -1.8429641E+01 3.6800391E-01
2026 07 25 00 37 00 000 -2.0908928E+01 -1.8430207E+01 3.7339773E-01
2026 07 25 00 37 30 000 -2.0907222E+01 -1.8430771E+01 3.7880380E-01
2026 07 25 00 38 00 000 -2.0905515E+01 -1.8431332E+01 3.8422209E-01
2026 07 25 00 38 30 000 -2.0903806E+01 -1.8431890E+01 3.8965259E-01
2026 07 25 00 39 00 000 -2.0902096E+01 -1.8432445E+01 3.9509527E-01
2026 07 25 00 39 30 000 -2.0900385E+01 -1.8432998E+01 4.0055015E-01
2026 07 25 00 40 00 000 -2.0898672E+01 -1.8433548E+01 4.0601720E-01
2026 07 25 00 40 30 000 -2.0896958E+01 -1.8434095E+01 4.1149638E-01
2026 07 25 00 41 00 000 -2.0895243E+01 -1.8434640E+01 4.1698769E-01
2026 07 25 00 41 30 000 -2.0893526E+01 -1.8435181E+01 4.2249112E-01
2026 07 25 00 42 00 000 -2.0891808E+01 -1.8435720E+01 4.2800665E-01
2026 07 25 00 42 30 000 -2.0890089E+01 -1.8436256E+01 4.3353427E-01
2026 07 25 00 43 00 000 -2.0888368E+01 -1.8436789E+01 4.3907395E-01
2026 07 25 00 43 30 000 -2.0886646E+01 -1.8437320E+01 4.4462567E-01
2026 07 25 00 44 00 000 -2.0884923E+01 -1.8437847E+01 4.5018944E-01
2026 07 25 00 44 30 000 -2.0883198E+01 -1.8438372E+01 4.5576522E-01
2026 07 25 00 45 00 000 -2.0881472E+01 -1.8438894E+01 4.6135301E-01
2026 07 25 00 45 30 000 -2.0879745E+01 -1.8439413E+01 4.6695277E-01
2026 07 25 00 46 00 000 -2.0878016E+01 -1.8439929E+01 4.7256450E-01
2026 07 25 00 46 30 000 -2.0876286E+01 -1.8440442E+01 4.7818819E-01
2026 07 25 00 47 00 000 -2.0874555E+01 -1.8440952E+01 4.8382381E-01
2026 07 25 00 47 30 000 -2.0872822E+01 -1.8441460E+01 4.8947135E-01
2026 07 25 00 48 00 000 -2.0871088E+01 -1.8441964E+01 4.9513079E-01
2026 07 25 00 48 30 000 -2.0869353E+01 -1.8442466E+01 5.0080212E-01
2026 07 25 00 49 00 000 -2.0867616E+01 -1.8442964E+01 5.0648531E-01
2026 07 25 00 49 30 000 -2.0865878E+01 -1.8443460E+01 5.1218036E-01
2026 07 25 00 50 00 000 -2.0864139E+01 -1.8443953E+01 5.1788723E-01
2026 07 25 00 50 30 000 -2.0862398E+01 -1.8444442E+01 5.2360592E-01
2026 07 25 00 51 00 000 -2.0860656E+01 -1.8444929E+01 5.2933642E-01
2026 07 25 00 51 30 000 -2.0858913E+01 -1.8445413E+01 5.3507870E-01
2026 07 25 00 52 00 000 -2.0857168E+01 -1.8445894E+01 5.4083274E-01
2026 07 25 00 52 30 000 -2.0855422E+01 -1.8446371E+01 5.4659853E-01
2026 07 25 00 53 00 000 -2.0853675E+01 -1.8446846E+01 5.5237605E-01
2026 07 25 00 53 30 000 -2.0851926E+01 -1.8447318E+01 5.5816529E-01
2026 07 25 00 54 00 000 -2.0850176E+01 -1.8447786E+01 5.6396622E-01
2026 07 25 00 54 30 000 -2.0848425E+01 -1.8448252E+01 5.6977883E-01
2026 07 25 00 55 00 000 -2.0846672E+01 -1.8448714E+01 5.7560310E-01
2026 07 25 00 55 30 000 -2.0844918E+01 -1.8449174E+01 5.8143902E-01
2026 07 25 00 56 00 000 -2.0843163E+01 -1.8449630E+01 5.8728656E-01
2026 07 25 00 56 30 000 -2.0841407E+01 -1.8450083E+01 5.9314571E-01
2026 07 25 00 57 00 000 -2.0839649E+01 -1.8450534E+01 5.9901645E-01
2026 07 25 00 57 30 000 -2.0837889E+01 -1.8450981E+01 6.0489877E-01
2026 07 25 00 58 00 000 -2.0836129E+01 -1.8451425E+01 6.1079264E-01
2026 07 25 00 58 30 000 -2.0834367E+01 -1.8451865E+01 6.1669805E-01
2026 07 25 00 59 00 000 -2.0832604E+01 -1.8452303E+01 6.2261498E-01
2026 07 25 00 59 30 000 -2.0830839E+01 -1.8452737E+01 6.2854341E-01
2026 07 25 01 00 00 000 -2.0829073E+01 -1.8453169E+01 6.3448333E-01
2026 07 25 01 00 30 000 -2.0827306E+01 -1.8453597E+01 6.4043472E-01
2026 07 25 01 01 00 000 -2.0825537E+01 -1.8454022E+01 6.4639755E-01
2026 07 25 01 01 30 000 -2.0823767E+01 -1.8454443E+01 6.5237181E-01
2026 07 25 01 02 00 000 -2.0821996E+01 -1.8454862E+01 6.5835749E-01
2026 07 25 01 02 30 000 -2.0820223E+01 -1.8455277E+01 6.6435456E-01
2026 07 25 01 03 00 000 -2.0818450E+01 -1.8455689E+01 6.7036301E-01
2026 07 25 01 03 30 000 -2.0816674E+01 -1.8456098E+01 6.7638281E-01
2026 07 25 01 04 00 000 -2.0814898E+01 -1.8456503E+01 6.8241395E-01
2026 07 25 01 04 30 000 -2.0813120E+01 -1.8456906E+01 6.8845641E-01
2026 07 25 01 05 00 000 -2.0811341E+01 -1.8457305E+01 6.9451018E-01
2026 07 25 01 05 30 000 -2.0809560E+01 -1.8457700E+01 7.0057523E-01
2026 07 25 01 06 00 000 -2.0807778E+01 -1.8458093E+01 7.0665154E-01
2026 07 25 01 06 30 000 -2.0805995E+01 -1.8458482E+01 7.1273910E-01
2026 07 25 01 07 00 000 -2.0804210E+01 -1.8458868E+01 7.1883789E-01
2026 07 25 01 07 30 000 -2.0802425E+01 -1.8459250E+01 7.2494790E-01
2026 07 25 01 08 00 000 -2.0800637E+01 -1.8459629E+01 7.3106908E-01
2026 07 25 01 08 30 000 -2.0798849E+01 -1.8460005E+01 7.3720145E-01
2026 07 25 01 09 00 000 -2.0797059E+01 -1.8460377E+01 7.4334496E-01
2026 07 25 01 09 30 000 -2.0795268E+01 -1.8460746E+01 7.4949962E-01
2026 07 25 01 10 00 000 -2.0793475E+01 -1.8461112E+01 7.5566539E-01
2026 07 25 01 10 30 000 -2.0791681E+01 -1.8461474E+01 7.6184225E-01
2026 07 25 01 11 00 000 -2.0789886E+01 -1.8461833E+01 7.6803019E-01
2026 07 25 01 11 30 000 -2.0788090E+01 -1.8462189E+01 7.7422919E-01
2026 07 25 01 12 00 000 -2.0786292E+01 -1.8462541E+01 7.8043923E-01
2026 07 25 01 12 30 000 -2.0784492E+01 -1.8462889E+01 7.8666029E-01
2026 07 25 01 13 00 000 -2.0782692E+01 -1.8463234E+01 7.9289235E-01
2026 07 25 01 13 30 000 -2.0780890E+01 -1.8463576E+01 7.9913540E-01
2026 07 25 01 14 00 000 -2.0779087E+01 -1.8463914E+01 8.0538941E-01
2026 07 25 01 14 30 000 -2.0777282E+01 -1.8464249E+01 8.1165437E-01
2026 07 25 01 15 00 000 -2.0775477E+01 -1.8464580E+01 8.1793024E-01
2026 07 25 01 15 30 000 -2.0773669E+01 -1.8464908E+01 8.2421702E-01
2026 07 25 01 16 00 000 -2.0771861E+01 -1.8465232E+01 8.3051469E-01
2026 07 25 01 16 30 000 -2.0770051E+01 -1.8465553E+01 8.3682322E-01
2026 07 25 01 17 00 000 -2.0768240E+01 -1.8465870E+01 8.4314259E-01
2026 07 25 01 17 30 000 -2.0766427E+01 -1.8466184E+01 8.4947280E-01
2026 07 25 01 18 00 000 -2.0764613E+01 -1.8466494E+01 8.5581381E-01
2026 07 25 01 18 30 000 -2.0762798E+01 -1.8466801E+01 8.6216561E-01
2026 07 25 01 19 00 000 -2.0760982E+01 -1.8467104E+01 8.6852818E-01
2026 07 25 01 19 30 000 -2.0759164E+01 -1.8467403E+01 8.7490149E-01
2026 07 25 01 20 00 000 -2.0757345E+01 -1.8467699E+01 8.8128553E-01
2026 07 25 01 20 30 000 -2.0755524E+01 -1.8467991E+01 8.8768029E-01
2026 07 25 01 21 00 000 -2.0753702E+01 -1.8468280E+01 8.9408573E-01
2026 07 25 01 21 30 000 -2.0751879E+01 -1.8468565E+01 9.0050183E-01
2026 07 25 01 22 00 000 -2.0750055E+01 -1.8468847E+01 9.0692858E-01
2026 07 25 01 22 30 000 -2.0748229E+01 -1.8469124E+01 9.1336597E-01
2026 07 25 01 23 00 000 -2.0746402E+01 -1.8469398E+01 9.1981396E-01
2026 07 25 01 23 30 000 -2.0744573E+01 -1.8469669E+01 9.2627254E-01
2026 07 25 01 24 00 000 -2.0742743E+01 -1.8469936E+01 9.3274168E-01
2026 07 25 01 24 30 000 -2.0740912E+01 -1.8470199E+01 9.3922139E-01
2026 07 25 01 25 00 000 -2.0739080E+01 -1.8470458E+01 9.4571161E-01
2026 07 25 01 25 30 000 -2.0737246E+01 -1.8470714E+01 9.5221234E-01
2026 07 25 01 26 00 000 -2.0735411E+01 -1.8470966E+01 9.5872355E-01
2026 07 25 01 26 30 000 -2.0733574E+01 -1.8471214E+01 9.6524523E-01
2026 07 25 01 27 00 000 -2.0731736E+01 -1.8471459E+01 9.7177736E-01
2026 07 25 01 27 30 000 -2.0729897E+01 -1.8471700E+01 9.7831991E-01
2026 07 25 01 28 00 000 -2.0728057E+01 -1.8471937E+01 9.8487287E-01
2026 07 25 01 28 30 000 -2.0726215E+01 -1.8472170E+01 9.9143620E-01
2026 07 25 01 29 00 000 -2.0724372E+01 -1.8472400E+01 9.9800990E-01
2026 07 25 01 29 30 000 -2.0722527E+01 -1.8472625E+01 1.0045939E+00
2026 07 25 01 30 00 000 -2.0720681E+01 -1.8472847E+01 1.0111883E+00
2026 07 25 01 30 30 000 -2.0718834E+01 -1.8473065E+01 1.0177930E+00
2026 07 25 01 31 00 000 -2.0716986E+01 -1.8473280E+01 1.0244079E+00
2026 07 25 01 31 30 000 -2.0715136E+01 -1.8473490E+01 1.0310331E+00
2026 07 25 01 32 00 000 -2.0713285E+01 -1.8473697E+01 1.0376686E+00
2026 07 25 01 32 30 000 -2.0711432E+01 -1.8473900E+01 1.0443142E+00
2026 07 25 01 33 00 000 -2.0709578E+01 -1.8474099E+01 1.0509701E+00
2026 07 25 01 33 30 000 -2.0707723E+01 -1.8474294E+01 1.0576361E+00
2026 07 25 01 34 00 000 -2.0705867E+01 -1.8474485E+01 1.0643123E+00
2026 07 25 01 34 30 000 -2.0704009E+01 -1.8474673E+01 1.0709986E+00
2026 07 25 01 35 00 000 -2.0702150E+01 -1.8474856E+01 1.0776951E+00
2026 07 25 01 35 30 000 -2.0700289E+01 -1.8475036E+01 1.0844016E+00
2026 07 25 01 36 00 000 -2.0698428E+01 -1.8475212E+01 1.0911182E+00
2026 07 25 01 36 30 000 -2.0696564E+01 -1.8475383E+01 1.0978448E+00
2026 07 25 01 37 00 000 -2.0694700E+01 -1.8475551E+01 1.1045815E+00
2026 07 25 01 37 30 000 -2.0692834E+01 -1.8475715E+01 1.1113281E+00
2026 07 25 01 38 00 000 -2.0690967E+01 -1.8475875E+01 1.1180848E+00
2026 07 25 01 38 30 000 -2.0689098E+01 -1.8476031E+01 1.1248514E+00
2026 07 25 01 39 00 000 -2.0687229E+01 -1.8476183E+01 1.1316280E+00
2026 07 25 01 39 30 000 -2.0685357E+01 -1.8476331E+01 1.1384144E+00
2026 07 25 01 40 00 000 -2.0683485E+01 -1.8476475E+01 1.1452108E+00
2026 07 25 01 40 30 000 -2.0681611E+01 -1.8476615E+01 1.1520170E+00
2026 07 25 01 41 00 000 -2.0679736E+01 -1.8476752E+01 1.1588331E+00
2026 07 25 01 41 30 000 -2.0677860E+01 -1.8476884E+01 1.1656591E+00
2026 07 25 01 42 00 000 -2.0675982E+01 -1.8477012E+01 1.1724948E+00
2026 07 25 01 42 30 000 -2.0674103E+01 -1.8477136E+01 1.1793403E+00
2026 07 25 01 43 00 000 -2.0672222E+01 -1.8477256E+01 1.1861956E+00
2026 07 25 01 43 30 000 -2.0670340E+01 -1.8477371E+01 1.1930606E+00
2026 07 25 01 44 00 000 -2.0668457E+01 -1.8477483E+01 1.1999354E+00
2026 07 25 01 44 30 000 -2.0666573E+01 -1.8477591E+01 1.2068199E+00
2026 07 25 01 45 00 000 -2.0664687E+01 -1.8477695E+01 1.2137140E+00
2026 07 25 01 45 30 000 -2.0662800E+01 -1.8477794E+01 1.2206178E+00
2026 07 25 01 46 00 000 -2.0660911E+01 -1.8477890E+01 1.2275312E+00
2026 07 25 01 46 30 000 -2.0659021E+01 -1.8477981E+01 1.2344542E+00
2026 07 25 01 47 00 000 -2.0657130E+01 -1.8478068E+01 1.2413868E+00
2026 07 25 01 47 30 000 -2.0655238E+01 -1.8478151E+01 1.2483290E+00
2026 07 25 01 48 00 000 -2.0653344E+01 -1.8478230E+01 1.2552808E+00
2026 07 25 01 48 30 000 -2.0651449E+01 -1.8478305E+01 1.2622420E+00
2026 07 25 01 49 00 000 -2.0649552E+01 -1.8478376E+01 1.2692128E+00
2026 07 25 01 49 30 000 -2.0647654E+01 -1.8478442E+01 1.2761930E+00
2026 07 25 01 50 00 000 -2.0645755E+01 -1.8478504E+01 1.2831827E+00
2026 07 25 01 50 30 000 -2.0643855E+01 -1.8478563E+01 1.2901818E+00
2026 07 25 01 51 00 000 -2.0641953E+01 -1.8478616E+01 1.2971904E+00
2026 07 25 01 51 30 000 -2.0640050E+01 -1.8478666E+01 1.3042083E+00
2026 07 25 01 52 00 000 -2.0638145E+01 -1.8478712E+01 1.3112355E+00
2026 07 25 01 52 30 000 -2.0636239E+01 -1.8478753E+01 1.3182722E+00
2026 07 25 01 53 00 000 -2.0634332E+01 -1.8478790E+01 1.3253181E+00
2026 07 25 01 53 30 000 -2.0632424E+01 -1.8478823E+01 1.3323733E+00
2026 07 25 01 54 00 000 -2.0630514E+01 -1.8478851E+01 1.3394379E+00
2026 07 25 01 54 30 000 -2.0628603E+01 -1.8478875E+01 1.3465116E+00
2026 07 25 01 55 00 000 -2.0626690E+01 -1.8478895E+01 1.3535946E+00
2026 07 25 01 55 30 000 -2.0624776E+01 -1.8478911E+01 1.3606868E+00
2026 07 25 01 56 00 000 -2.0622861E+01 -1.8478922E+01 1.3677881E+00
2026 07 25 01 56 30 000 -2.0620945E+01 -1.8478930E+01 1.3748986E+00
2026 07 25 01 57 00 000 -2.0619027E+01 -1.8478932E+01 1.3820183E+00
2026 07 25 01 57 30 000 -2.0617108E+01 -1.8478931E+01 1.3891471E+00
2026 07 25 01 58 00 000 -2.0615187E+01 -1.8478925E+01 1.3962849E+00
2026 07 25 01 58 30 000 -2.0613265E+01 -1.8478915E+01 1.4034319E+00
2026 07 25 01 59 00 000 -2.0611342E+01 -1.8478900E+01 1.4105878E+00
2026 07 25 01 59 30 000 -2.0609417E+01 -1.8478881E+01 1.4177528E+00
2026 07 25 02 00 00 000 -2.0607492E+01 -1.8478858E+01 1.4249268E+00
2026 07 25 02 00 30 000 -2.0605564E+01 -1.8478830E+01 1.4321097E+00
2026 07 25 02 01 00 000 -2.0603636E+01 -1.8478798E+01 1.4393016E+00
2026 07 25 02 01 30 000 -2.0601706E+01 -1.8478762E+01 1.4465024E+00
2026 07 25 02 02 00 000 -2.0599775E+01 -1.8478721E+01 1.4537121E+00
2026 07 25 02 02 30 000 -2.0597842E+01 -1.8478676E+01 1.4609307E+00
2026 07 25 02 03 00 000 -2.0595908E+01 -1.8478626E+01 1.4681582E+00
2026 07 25 02 03 30 000 -2.0593973E+01 -1.8478572E+01 1.4753945E+00
2026 07 25 02 04 00 000 -2.0592037E+01 -1.8478514E+01 1.4826395E+00
2026 07 25 02 04 30 000 -2.0590099E+01 -1.8478451E+01 1.4898934E+00
2026 07 25 02 05 00 000 -2.0588159E+01 -1.8478384E+01 1.4971560E+00
2026 07 25 02 05 30 000 -2.0586219E+01 -1.8478312E+01 1.5044274E+00
2026 07 25 02 06 00 000 -2.0584277E+01 -1.8478236E+01 1.5117074E+00
2026 07 25 02 06 30 000 -2.0582334E+01 -1.8478155E+01 1.5189962E+00
2026 07 25 02 07 00 000 -2.0580389E+01 -1.8478069E+01 1.5262936E+00
2026 07 25 02 07 30 000 -2.0578443E+01 -1.8477980E+01 1.5335997E+00
2026 07 25 02 08 00 000 -2.0576496E+01 -1.8477885E+01 1.5409144E+00
2026 07 25 02 08 30 000 -2.0574548E+01 -1.8477787E+01 1.5482376E+00
2026 07 25 02 09 00 000 -2.0572598E+01 -1.8477683E+01 1.5555694E+00
2026 07 25 02 09 30 000 -2.0570646E+01 -1.8477576E+01 1.5629098E+00
2026 07 25 02 10 00 000 -2.0568694E+01 -1.8477463E+01 1.5702587E+00
2026 07 25 02 10 30 000 -2.0566740E+01 -1.8477346E+01 1.5776161E+00
2026 07 25 02 11 00 000 -2.0564785E+01 -1.8477225E+01 1.5849819E+00
2026 07 25 02 11 30 000 -2.0562828E+01 -1.8477099E+01 1.5923562E+00
2026 07 25 02 12 00 000 -2.0560870E+01 -1.8476968E+01 1.5997390E+00
2026 07 25 02 12 30 000 -2.0558911E+01 -1.8476833E+01 1.6071301E+00
2026 07 25 02 13 00 000 -2.0556950E+01 -1.8476693E+01 1.6145296E+00
2026 07 25 02 13 30 000 -2.0554988E+01 -1.8476549E+01 1.6219374E+00
2026 07 25 02 14 00 000 -2.0553025E+01 -1.8476400E+01 1.6293536E+00
2026 07 25 02 14 30 000 -2.0551060E+01 -1.8476246E+01 1.6367780E+00
2026 07 25 02 15 00 000 -2.0549095E+01 -1.8476088E+01 1.6442108E+00
2026 07 25 02 15 30 000 -2.0547127E+01 -1.8475925E+01 1.6516517E+00
2026 07 25 02 16 00 000 -2.0545159E+01 -1.8475758E+01 1.6591009E+00
2026 07 25 02 16 30 000 -2.0543189E+01 -1.8475586E+01 1.6665583E+00
2026 07 25 02 17 00 000 -2.0541217E+01 -1.8475409E+01 1.6740239E+00
2026 07 25 02 17 30 000 -2.0539245E+01 -1.8475228E+01 1.6814977E+00
2026 07 25 02 18 00 000 -2.0537271E+01 -1.8475041E+01 1.6889795E+00
2026 07 25 02 18 30 000 -2.0535295E+01 -1.8474851E+01 1.6964695E+00
2026 07 25 02 19 00 000 -2.0533319E+01 -1.8474655E+01 1.7039675E+00
2026 07 25 02 19 30 000 -2.0531341E+01 -1.8474455E+01 1.7114736E+00
2026 07 25 02 20 00 000 -2.0529362E+01 -1.8474250E+01 1.7189877E+00
2026 07 25 02 20 30 000 -2.0527381E+01 -1.8474041E+01 1.7265098E+00
2026 07 25 02 21 00 000 -2.0525399E+01 -1.8473826E+01 1.7340399E+00
2026 07 25 02 21 30 000 -2.0523416E+01 -1.8473607E+01 1.7415779E+00
2026 07 25 02 22 00 000 -2.0521431E+01 -1.8473384E+01 1.7491239E+00
2026 07 25 02 22 30 000 -2.0519445E+01 -1.8473155E+01 1.7566777E+00
2026 07 25 02 23 00 000 -2.0517458E+01 -1.8472922E+01 1.7642395E+00
2026 07 25 02 23 30 000 -2.0515469E+01 -1.8472684E+01 1.7718091E+00
2026 07 25 02 24 00 000 -2.0513479E+01 -1.8472441E+01 1.7793865E+00
2026 07 25 02 24 30 000 -2.0511488E+01 -1.8472194E+01 1.7869717E+00
2026 07 25 02 25 00 000 -2.0509495E+01 -1.8471941E+01 1.7945647E+00
2026 07 25 02 25 30 000 -2.0507501E+01 -1.8471684E+01 1.8021654E+00
2026 07 25 02 26 00 000 -2.0505505E+01 -1.8471422E+01 1.8097738E+00
2026 07 25 02 26 30 000 -2.0503509E+01 -1.8471156E+01 1.8173900E+00
2026 07 25 02 27 00 000 -2.0501511E+01 -1.8470884E+01 1.8250138E+00
2026 07 25 02 27 30 000 -2.0499511E+01 -1.8470608E+01 1.8326453E+00
2026 07 25 02 28 00 000 -2.0497511E+01 -1.8470327E+01 1.8402844E+00
2026 07 25 02 28 30 000 -2.0495509E+01 -1.8470041E+01 1.8479310E+00
2026 07 25 02 29 00 000 -2.0493505E+01 -1.8469750E+01 1.8555853E+00
2026 07 25 02 29 30 000 -2.0491500E+01 -1.8469455E+01 1.8632471E+00
2026 07 25 02 30 00 000 -2.0489494E+01 -1.8469154E+01 1.8709164E+00
2026 07 25 02 30 30 000 -2.0487487E+01 -1.8468849E+01 1.8785932E+00
2026 07 25 02 31 00 000 -2.0485478E+01 -1.8468539E+01 1.8862775E+00
2026 07 25 02 31 30 000 -2.0483468E+01 -1.8468223E+01 1.8939692E+00
2026 07 25 02 32 00 000 -2.0481457E+01 -1.8467904E+01 1.9016683E+00
2026 07 25 02 32 30 000 -2.0479444E+01 -1.8467579E+01 1.9093748E+00
2026 07 25 02 33 00 000 -2.0477430E+01 -1.8467249E+01 1.9170887E+00
2026 07 25 02 33 30 000 -2.0475414E+01 -1.8466914E+01 1.9248099E+00
2026 07 25 02 34 00 000 -2.0473398E+01 -1.8466575E+01 1.9325385E+00
2026 07 25 02 34 30 000 -2.0471380E+01 -1.8466230E+01 1.9402743E+00
2026 07 25 02 35 00 000 -2.0469360E+01 -1.8465881E+01 1.9480173E+00
2026 07 25 02 35 30 000 -2.0467339E+01 -1.8465527E+01 1.9557676E+00
2026 07 25 02 36 00 000 -2.0465317E+01 -1.8465167E+01 1.9635251E+00
2026 07 25 02 36 30 000 -2.0463294E+01 -1.8464803E+01 1.9712898E+00
2026 07 25 02 37 00 000 -2.0461269E+01 -1.8464434E+01 1.9790617E+00
2026 07 25 02 37 30 000 -2.0459243E+01 -1.8464060E+01 1.9868406E+00
2026 07 25 02 38 00 000 -2.0457215E+01 -1.8463681E+01 1.9946267E+00
2026 07 25 02 38 30 000 -2.0455186E+01 -1.8463297E+01 2.0024198E+00
2026 07 25 02 39 00 000 -2.0453156E+01 -1.8462908E+01 2.0102200E+00
2026 07 25 02 39 30 000 -2.0451125E+01 -1.8462514E+01 2.0180273E+00
2026 07 25 02 40 00 000 -2.0449092E+01 -1.8462115E+01 2.0258415E+00
2026 07 25 02 40 30 000 -2.0447058E+01 -1.8461711E+01 2.0336626E+00
2026 07 25 02 41 00 000 -2.0445022E+01 -1.8461302E+01 2.0414908E+00
2026 07 25 02 41 30 000 -2.0442985E+01 -1.8460888E+01 2.0493258E+00
2026 07 25 02 42 00 000 -2.0440947E+01 -1.8460469E+01 2.0571677E+00
2026 07 25 02 42 30 000 -2.0438908E+01 -1.8460044E+01 2.0650165E+00
2026 07 25 02 43 00 000 -2.0436867E+01 -1.8459615E+01 2.0728721E+00
2026 07 25 02 43 30 000 -2.0434825E+01 -1.8459181E+01 2.0807346E+00
2026 07 25 02 44 00 000 -2.0432781E+01 -1.8458742E+01 2.0886038E+00
2026 07 25 02 44 30 000 -2.0430736E+01 -1.8458298E+01 2.0964798E+00
2026 07 25 02 45 00 000 -2.0428690E+01 -1.8457849E+01 2.1043625E+00
2026 07 25 02 45 30 000 -2.0426642E+01 -1.8457394E+01 2.1122519E+00
2026 07 25 02 46 00 000 -2.0424593E+01 -1.8456935E+01 2.1201480E+00
2026 07 25 02 46 30 000 -2.0422543E+01 -1.8456470E+01 2.1280507E+00
2026 07 25 02 47 00 000 -2.0420491E+01 -1.8456001E+01 2.1359600E+00
2026 07 25 02 47 30 000 -2.0418439E+01 -1.8455526E+01 2.1438760E+00
2026 07 25 02 48 00 000 -2.0416384E+01 -1.8455047E+01 2.1517985E+00
2026 07 25 02 48 30 000 -2.0414329E+01 -1.8454562E+01 2.1597276E+00
2026 07 25 02 49 00 000 -2.0412272E+01 -1.8454072E+01 2.1676631E+00
2026 07 25 02 49 30 000 -2.0410213E+01 -1.8453577E+01 2.1756052E+00
2026 07 25 02 50 00 000 -2.0408154E+01 -1.8453077E+01 2.1835537E+00
2026 07 25 02 50 30 000 -2.0406093E+01 -1.8452571E+01 2.1915086E+00
2026 07 25 02 51 00 000 -2.0404030E+01 -1.8452061E+01 2.1994700E+00
2026 07 25 02 51 30 000 -2.0401967E+01 -1.8451545E+01 2.2074377E+00
2026 07 25 02 52 00 000 -2.0399902E+01 -1.8451025E+01 2.2154118E+00
2026 07 25 02 52 30 000 -2.0397835E+01 -1.8450499E+01 2.2233922E+00
2026 07 25 02 53 00 000 -2.0395768E+01 -1.8449968E+01 2.2313789E+00
2026 07 25 02 53 30 000 -2.0393699E+01 -1.8449432E+01 2.2393719E+00
2026 07 25 02 54 00 000 -2.0391628E+01 -1.8448891E+01 2.2473711E+00
2026 07 25 02 54 30 000 -2.0389557E+01 -1.8448344E+01 2.2553765E+00
2026 07 25 02 55 00 000 -2.0387484E+01 -1.8447793E+01 2.2633881E+00
2026 07 25 02 55 30 000 -2.0385409E+01 -1.8447236E+01 2.2714059E+00
2026 07 25 02 56 00 000 -2.0383334E+01 -1.8446674E+01 2.2794298E+00
2026 07 25 02 56 30 000 -2.0381257E+01 -1.8446107E+01 2.2874598E+00
2026 07 25 02 57 00 000 -2.0379178E+01 -1.8445534E+01 2.2954959E+00
2026 07 25 02 57 30 000 -2.0377098E+01 -1.8444957E+01 2.3035380E+00
2026 07 25 02 58 00 000 -2.0375017E+01 -1.8444374E+01 2.3115861E+00
2026 07 25 02 58 30 000 -2.0372935E+01 -1.8443786E+01 2.3196403E+00
2026 07 25 02 59 00 000 -2.0370851E+01 -1.8443193E+01 2.3277004E+00
2026 07 25 02 59 30 000 -2.0368766E+01 -1.8442595E+01 2.3357664E+00
2026 07 25 03 00 00 000 -2.0366680E+01 -1.8441991E+01 2.3438384E+00
2026 07 25 03 00 30 000 -2.0364592E+01 -1.8441382E+01 2.3519163E+00
2026 07 25 03 01 00 000 -2.0362503E+01 -1.8440768E+01 2.3600000E+00
2026 07 25 03 01 30 000 -2.0360412E+01 -1.8440149E+01 2.3680895E+00
2026 07 25 03 02 00 000 -2.0358320E+01 -1.8439524E+01 2.3761848E+00
2026 07 25 03 02 30 000 -2.0356227E+01 -1.8438894E+01 2.3842859E+00
2026 07 25 03 03 00 000 -2.0354133E+01 -1.8438259E+01 2.3923928E+00
2026 07 25 03 03 30 000 -2.0352037E+01 -1.8437619E+01 2.4005053E+00
2026 07 25 03 04 00 000 -2.0349940E+01 -1.8436973E+01 2.4086235E+00
2026 07 25 03 04 30 000 -2.0347841E+01 -1.8436323E+01 2.4167475E+00
2026 07 25 03 05 00 000 -2.0345741E+01 -1.8435666E+01 2.4248770E+00
2026 07 25 03 05 30 000 -2.0343640E+01 -1.8435005E+01 2.4330122E+00
2026 07 25 03 06 00 000 -2.0341538E+01 -1.8434338E+01 2.4411529E+00
2026 07 25 03 06 30 000 -2.0339434E+01 -1.8433666E+01 2.4492992E+00
2026 07 25 03 07 00 000 -2.0337328E+01 -1.8432989E+01 2.4574510E+00
2026 07 25 03 07 30 000 -2.0335222E+01 -1.8432307E+01 2.4656083E+00
2026 07 25 03 08 00 000 -2.0333114E+01 -1.8431619E+01 2.4737710E+00
2026 07 25 03 08 30 000 -2.0331005E+01 -1.8430926E+01 2.4819391E+00
2026 07 25 03 09 00 000 -2.0328894E+01 -1.8430227E+01 2.4901128E+00
2026 07 25 03 09 30 000 -2.0326782E+01 -1.8429524E+01 2.4982917E+00
2026 07 25 03 10 00 000 -2.0324669E+01 -1.8428814E+01 2.5064760E+00
2026 07 25 03 10 30 000 -2.0322554E+01 -1.8428100E+01 2.5146657E+00
2026 07 25 03 11 00 000 -2.0320438E+01 -1.8427380E+01 2.5228606E+00
2026 07 25 03 11 30 000 -2.0318321E+01 -1.8426655E+01 2.5310608E+00
2026 07 25 03 12 00 000 -2.0316202E+01 -1.8425925E+01 2.5392662E+00
2026 07 25 03 12 30 000 -2.0314082E+01 -1.8425189E+01 2.5474769E+00
2026 07 25 03 13 00 000 -2.0311961E+01 -1.8424448E+01 2.5556927E+00
2026 07 25 03 13 30 000 -2.0309838E+01 -1.8423702E+01 2.5639137E+00
2026 07 25 03 14 00 000 -2.0307714E+01 -1.8422950E+01 2.5721398E+00
2026 07 25 03 14 30 000 -2.0305589E+01 -1.8422193E+01 2.5803710E+00
2026 07 25 03 15 00 000 -2.0303462E+01 -1.8421431E+01 2.5886073E+00
2026 07 25 03 15 30 000 -2.0301334E+01 -1.8420663E+01 2.5968486E+00
2026 07 25 03 16 00 000 -2.0299205E+01 -1.8419890E+01 2.6050950E+00
2026 07 25 03 16 30 000 -2.0297074E+01 -1.8419111E+01 2.6133462E+00
2026 07 25 03 17 00 000 -2.0294942E+01 -1.8418327E+01 2.6216025E+00
2026 07 25 03 17 30 000 -2.0292808E+01 -1.8417538E+01 2.6298637E+00
2026 07 25 03 18 00 000 -2.0290673E+01 -1.8416743E+01 2.6381298E+00
2026 07 25 03 18 30 000 -2.0288537E+01 -1.8415943E+01 2.6464007E+00
2026 07 25 03 19 00 000 -2.0286400E+01 -1.8415138E+01 2.6546765E+00
2026 07 25 03 19 30 000 -2.0284261E+01 -1.8414327E+01 2.6629571E+00
2026 07 25 03 20 00 000 -2.0282121E+01 -1.8413511E+01 2.6712425E+00
2026 07 25 03 20 30 000 -2.0279979E+01 -1.8412689E+01 2.6795326E+00
2026 07 25 03 21 00 000 -2.0277836E+01 -1.8411862E+01 2.6878275E+00
2026 07 25 03 21 30 000 -2.0275692E+01 -1.8411030E+01 2.6961270E+00
2026 07 25 03 22 00 000 -2.0273547E+01 -1.8410192E+01 2.7044313E+00
2026 07 25 03 22 30 000 -2.0271400E+01 -1.8409349E+01 2.7127401E+00
2026 07 25 03 23 00 000 -2.0269252E+01 -1.8408500E+01 2.7210536E+00
2026 07 25 03 23 30 000 -2.0267102E+01 -1.8407646E+01 2.7293716E+00
2026 07 25 03 24 00 000 -2.0264951E+01 -1.8406787E+01 2.7376942E+00
2026 07 25 03 24 30 000 -2.0262799E+01 -1.8405922E+01 2.7460213E+00
2026 07 25 03 25 00 000 -2.0260645E+01 -1.8405052E+01 2.7543529E+00
2026 07 25 03 25 30 000 -2.0258490E+01 -1.8404176E+01 2.7626890E+00
2026 07 25 03 26 00 000 -2.0256334E+01 -1.8403295E+01 2.7710295E+00
2026 07 25 03 26 30 000 -2.0254176E+01 -1.8402408E+01 2.7793744E+00
2026 07 25 03 27 00 000 -2.0252017E+01 -1.8401516E+01 2.7877236E+00
2026 07 25 03 27 30 000 -2.0249857E+01 -1.8400619E+01 2.7960772E+00
2026 07 25 03 28 00 000 -2.0247695E+01 -1.8399716E+01 2.8044352E+00
2026 07 25 03 28 30 000 -2.0245532E+01 -1.8398808E+01 2.8127974E+00
2026 07 25 03 29 00 000 -2.0243368E+01 -1.8397894E+01 2.8211639E+00
2026 07 25 03 29 30 000 -2.0241202E+01 -1.8396975E+01 2.8295346E+00
2026 07 25 03 30 00 000 -2.0239035E+01 -1.8396050E+01 2.8379095E+00
2026 07 25 03 30 30 000 -2.0236867E+01 -1.8395120E+01 2.8462886E+00
2026 07 25 03 31 00 000 -2.0234697E+01 -1.8394185E+01 2.8546719E+00
2026 07 25 03 31 30 000 -2.0232526E+01 -1.8393244E+01 2.8630592E+00
2026 07 25 03 32 00 000 -2.0230353E+01 -1.8392297E+01 2.8714506E+00
2026 07 25 03 32 30 000 -2.0228179E+01 -1.8391345E+01 2.8798461E+00
2026 07 25 03 33 00 000 -2.0226004E+01 -1.8390388E+01 2.8882456E+00
2026 07 25 03 33 30 000 -2.0223828E+01 -1.8389425E+01 2.8966491E+00
2026 07 25 03 34 00 000 -2.0221650E+01 -1.8388457E+01 2.9050566E+00
2026 07 25 03 34 30 000 -2.0219471E+01 -1.8387483E+01 2.9134680E+00
2026 07 25 03 35 00 000 -2.0217290E+01 -1.8386504E+01 2.9218833E+00
2026 07 25 03 35 30 000 -2.0215108E+01 -1.8385519E+01 2.9303025E+00
2026 07 25 03 36 00 000 -2.0212925E+01 -1.8384529E+01 2.9387255E+00
2026 07 25 03 36 30 000 -2.0210741E+01 -1.8383534E+01 2.9471524E+00
2026 07 25 03 37 00 000 -2.0208555E+01 -1.8382533E+01 2.9555830E+00
2026 07 25 03 37 30 000 -2.0206367E+01 -1.8381526E+01 2.9640174E+00
2026 07 25 03 38 00 000 -2.0204179E+01 -1.8380514E+01 2.9724556E+00
2026 07 25 03 38 30 000 -2.0201989E+01 -1.8379496E+01 2.9808974E+00
2026 07 25 03 39 00 000 -2.0199797E+01 -1.8378473E+01 2.9893429E+00
2026 07 25 03 39 30 000 -2.0197605E+01 -1.8377445E+01 2.9977921E+00
2026 07 25 03 40 00 000 -2.0195411E+01 -1.8376411E+01 3.0062449E+00
2026 07 25 03 40 30 000 -2.0193215E+01 -1.8375372E+01 3.0147012E+00
2026 07 25 03 41 00 000 -2.0191019E+01 -1.8374327E+01 3.0231611E+00
2026 07 25 03 41 30 000 -2.0188821E+01 -1.8373276E+01 3.0316246E+00
2026 07 25 03 42 00 000 -2.0186621E+01 -1.8372220E+01 3.0400915E+00
2026 07 25 03 42 30 000 -2.0184421E+01 -1.8371159E+01 3.0485619E+00
2026 07 25 03 43 00 000 -2.0182219E+01 -1.8370092E+01 3.0570357E+00
2026 07 25 03 43 30 000 -2.0180015E+01 -1.8369020E+01 3.0655129E+00
2026 07 25 03 44 00 000 -2.0177810E+01 -1.8367942E+01 3.0739935E+00
2026 07 25 03 44 30 000 -2.0175604E+01 -1.8366859E+01 3.0824775E+00
2026 07 25 03 45 00 000 -2.0173397E+01 -1.8365770E+01 3.0909647E+00
2026 07 25 03 45 30 000 -2.0171188E+01 -1.8364675E+01 3.0994553E+00
2026 07 25 03 46 00 000 -2.0168978E+01 -1.8363576E+01 3.1079491E+00
2026 07 25 03 46 30 000 -2.0166766E+01 -1.8362470E+01 3.1164461E+00
2026 07 25 03 47 00 000 -2.0164553E+01 -1.8361359E+01 3.1249464E+00
2026 07 25 03 47 30 000 -2.0162339E+01 -1.8360243E+01 3.1334498E+00
2026 07 25 03 48 00 000 -2.0160124E+01 -1.8359121E+01 3.1419563E+00
2026 07 25 03 48 30 000 -2.0157907E+01 -1.8357994E+01 3.1504659E+00
2026 07 25 03 49 00 000 -2.0155688E+01 -1.8356861E+01 3.1589787E+00
2026 07 25 03 49 30 000 -2.0153469E+01 -1.8355723E+01 3.1674944E+00
2026 07 25 03 50 00 000 -2.0151248E+01 -1.8354579E+01 3.1760132E+00
2026 07 25 03 50 30 000 -2.0149026E+01 -1.8353430E+01 3.1845350E+00
2026 07 25 03 51 00 000 -2.0146802E+01 -1.8352275E+01 3.1930597E+00
2026 07 25 03 51 30 000 -2.0144577E+01 -1.8351114E+01 3.2015874E+00
2026 07 25 03 52 00 000 -2.0142351E+01 -1.8349949E+01 3.2101180E+00
2026 07 25 03 52 30 000 -2.0140123E+01 -1.8348777E+01 3.2186514E+00
2026 07 25 03 53 00 000 -2.0137894E+01 -1.8347600E+01 3.2271877E+00
2026 07 25 03 53 30 000 -2.0135663E+01 -1.8346418E+01 3.2357267E+00
2026 07 25 03 54 00 000 -2.0133432E+01 -1.8345230E+01 3.2442686E+00
2026 07 25 03 54 30 000 -2.0131199E+01 -1.8344037E+01 3.2528132E+00
2026 07 25 03 55 00 000 -2.0128964E+01 -1.8342838E+01 3.2613605E+00
2026 07 25 03 55 30 000 -2.0126728E+01 -1.8341634E+01 3.2699105E+00
2026 07 25 03 56 00 000 -2.0124491E+01 -1.8340424E+01 3.2784632E+00
2026 07 25 03 56 30 000 -2.0122253E+01 -1.8339209E+01 3.2870185E+00
2026 07 25 03 57 00 000 -2.0120013E+01 -1.8337988E+01 3.2955764E+00
2026 07 25 03 57 30 000 -2.0117772E+01 -1.8336762E+01 3.3041369E+00
2026 07 25 03 58 00 000 -2.0115529E+01 -1.8335530E+01 3.3126999E+00
2026 07 25 03 58 30 000 -2.0113285E+01 -1.8334292E+01 3.3212654E+00
2026 07 25 03 59 00 000 -2.0111040E+01 -1.8333050E+01 3.3298334E+00
2026 07 25 03 59 30 000 -2.0108793E+01 -1.8331801E+01 3.3384038E+00
2026 07 25 04 00 00 000 -2.0106546E+01 -1.8330547E+01 3.3469767E+00
2026 07 25 04 00 30 000 -2.0104296E+01 -1.8329288E+01 3.3555519E+00
2026 07 25 04 01 00 000 -2.0102046E+01 -1.8328023E+01 3.3641295E+00
2026 07 25 04 01 30 000 -2.0099794E+01 -1.8326753E+01 3.3727094E+00
2026 07 25 04 02 00 000 -2.0097540E+01 -1.8325477E+01 3.3812917E+00
2026 07 25 04 02 30 000 -2.0095286E+01 -1.8324196E+01 3.3898762E+00
2026 07 25 04 03 00 000 -2.0093030E+01 -1.8322909E+01 3.3984629E+00
2026 07 25 04 03 30 000 -2.0090772E+01 -1.8321617E+01 3.4070518E+00
2026 07 25 04 04 00 000 -2.0088513E+01 -1.8320319E+01 3.4156429E+00
2026 07 25 04 04 30 000 -2.0086253E+01 -1.8319016E+01 3.4242362E+00
2026 07 25 04 05 00 000 -2.0083992E+01 -1.8317707E+01 3.4328316E+00
2026 07 25 04 05 30 000 -2.0081729E+01 -1.8316393E+01 3.4414290E+00
2026 07 25 04 06 00 000 -2.0079465E+01 -1.8315073E+01 3.4500285E+00
2026 07 25 04 06 30 000 -2.0077200E+01 -1.8313748E+01 3.4586301E+00
2026 07 25 04 07 00 000 -2.0074933E+01 -1.8312418E+01 3.4672336E+00
2026 07 25 04 07 30 000 -2.0072664E+01 -1.8311081E+01 3.4758391E+00
2026 07 25 04 08 00 000 -2.0070395E+01 -1.8309740E+01 3.4844466E+00
2026 07 25 04 08 30 000 -2.0068124E+01 -1.8308393E+01 3.4930559E+00
2026 07 25 04 09 00 000 -2.0065852E+01 -1.8307040E+01 3.5016671E+00
2026 07 25 04 09 30 000 -2.0063578E+01 -1.8305682E+01 3.5102802E+00
2026 07 25 04 10 00 000 -2.0061303E+01 -1.8304319E+01 3.5188951E+00
2026 07 25 04 10 30 000 -2.0059027E+01 -1.8302950E+01 3.5275117E+00
2026 07 25 04 11 00 000 -2.0056749E+01 -1.8301575E+01 3.5361301E+00
2026 07 25 04 11 30 000 -2.0054470E+01 -1.8300195E+01 3.5447503E+00
2026 07 25 04 12 00 000 -2.0052190E+01 -1.8298810E+01 3.5533721E+00
2026 07 25 04 12 30 000 -2.0049908E+01 -1.8297419E+01 3.5619956E+00
2026 07 25 04 13 00 000 -2.0047625E+01 -1.8296023E+01 3.5706207E+00
2026 07 25 04 13 30 000 -2.0045341E+01 -1.8294621E+01 3.5792474E+00
2026 07 25 04 14 00 000 -2.0043055E+01 -1.8293214E+01 3.5878757E+00
2026 07 25 04 14 30 000 -2.0040768E+01 -1.8291801E+01 3.5965056E+00
2026 07 25 04 15 00 000 -2.0038479E+01 -1.8290383E+01 3.6051369E+00
2026 07 25 04 15 30 000 -2.0036190E+01 -1.8288959E+01 3.6137697E+00
2026 07 25 04 16 00 000 -2.0033898E+01 -1.8287530E+01 3.6224040E+00
2026 07 25 04 16 30 000 -2.0031606E+01 -1.8286096E+01 3.6310397E+00
2026 07 25 04 17 00 000 -2.0029312E+01 -1.8284656E+01 3.6396768E+00
2026 07 25 04 17 30 000 -2.0027017E+01 -1.8283211E+01 3.6483152E+00
2026 07 25 04 18 00 000 -2.0024720E+01 -1.8281760E+01 3.6569550E+00
2026 07 25 04 18 30 000 -2.0022422E+01 -1.8280304E+01 3.6655961E+00
2026 07 25 04 19 00 000 -2.0020123E+01 -1.8278842E+01 3.6742384E+00
2026 07 25 04 19 30 000 -2.0017822E+01 -1.8277375E+01 3.6828820E+00
2026 07 25 04 20 00 000 -2.0015520E+01 -1.8275903E+01 3.6915268E+00
2026 07 25 04 20 30 000 -2.0013217E+01 -1.8274425E+01 3.7001728E+00
2026 07 25 04 21 00 000 -2.0010912E+01 -1.8272941E+01 3.7088199E+00
2026 07 25 04 21 30 000 -2.0008606E+01 -1.8271452E+01 3.7174681E+00
2026 07 25 04 22 00 000 -2.0006299E+01 -1.8269958E+01 3.7261174E+00
2026 07 25 04 22 30 000 -2.0003990E+01 -1.8268459E+01 3.7347678E+00
2026 07 25 04 23 00 000 -2.0001680E+01 -1.8266954E+01 3.7434191E+00
2026 07 25 04 23 30 000 -1.9999369E+01 -1.8265443E+01 3.7520715E+00
2026 07 25 04 24 00 000 -1.9997056E+01 -1.8263928E+01 3.7607249E+00
2026 07 25 04 24 30 000 -1.9994742E+01 -1.8262406E+01 3.7693792E+00
2026 07 25 04 25 00 000 -1.9992426E+01 -1.8260880E+01 3.7780344E+00
2026 07 25 04 25 30 000 -1.9990109E+01 -1.8259348E+01 3.7866904E+00
2026 07 25 04 26 00 000 -1.9987791E+01 -1.8257810E+01 3.7953473E+00
2026 07 25 04 26 30 000 -1.9985471E+01 -1.8256268E+01 3.8040050E+00
2026 07 25 04 27 00 000 -1.9983150E+01 -1.8254720E+01 3.8126635E+00
2026 07 25 04 27 30 000 -1.9980828E+01 -1.8253166E+01 3.8213228E+00
2026 07 25 04 28 00 000 -1.9978504E+01 -1.8251607E+01 3.8299827E+00
2026 07 25 04 28 30 000 -1.9976179E+01 -1.8250043E+01 3.8386434E+00
2026 07 25 04 29 00 000 -1.9973853E+01 -1.8248473E+01 3.8473047E+00
2026 07 25 04 29 30 000 -1.9971525E+01 -1.8246898E+01 3.8559666E+00
2026 07 25 04 30 00 000 -1.9969196E+01 -1.8245318E+01 3.8646292E+00
2026 07 25 04 30 30 000 -1.9966866E+01 -1.8243732E+01 3.8732923E+00
2026 07 25 04 31 00 000 -1.9964534E+01 -1.8242141E+01 3.8819560E+00
2026 07 25 04 31 30 000 -1.9962201E+01 -1.8240545E+01 3.8906201E+00
2026 07 25 04 32 00 000 -1.9959866E+01 -1.8238943E+01 3.8992848E+00
2026 07 25 04 32 30 000 -1.9957531E+01 -1.8237336E+01 3.9079498E+00
2026 07 25 04 33 00 000 -1.9955193E+01 -1.8235724E+01 3.9166153E+00
2026 07 25 04 33 30 000 -1.9952855E+01 -1.8234106E+01 3.9252812E+00
2026 07 25 04 34 00 000 -1.9950515E+01 -1.8232483E+01 3.9339475E+00
2026 07 25 04 34 30 000 -1.9948174E+01 -1.8230855E+01 3.9426141E+00
2026 07 25 04 35 00 000 -1.9945831E+01 -1.8229221E+01 3.9512809E+00
2026 07 25 04 35 30 000 -1.9943487E+01 -1.8227582E+01 3.9599481E+00
2026 07 25 04 36 00 000 -1.9941142E+01 -1.8225938E+01 3.9686154E+00
2026 07 25 04 36 30 000 -1.9938795E+01 -1.8224288E+01 3.9772830E+00
2026 07 25 04 37 00 000 -1.9936447E+01 -1.8222633E+01 3.9859508E+00
2026 07 25 04 37 30 000 -1.9934098E+01 -1.8220973E+01 3.9946186E+00
2026 07 25 04 38 00 000 -1.9931747E+01 -1.8219307E+01 4.0032866E+00
2026 07 25 04 38 30 000 -1.9929395E+01 -1.8217637E+01 4.0119547E+00
2026 07 25 04 39 00 000 -1.9927041E+01 -1.8215960E+01 4.0206229E+00
2026 07 25 04 39 30 000 -1.9924686E+01 -1.8214279E+01 4.0292910E+00
2026 07 25 04 40 00 000 -1.9922330E+01 -1.8212593E+01 4.0379592E+00
2026 07 25 04 40 30 000 -1.9919973E+01 -1.8210901E+01 4.0466273E+00
2026 07 25 04 41 00 000 -1.9917614E+01 -1.8209204E+01 4.0552953E+00
2026 07 25 04 41 30 000 -1.9915254E+01 -1.8207501E+01 4.0639633E+00
2026 07 25 04 42 00 000 -1.9912892E+01 -1.8205794E+01 4.0726311E+00
2026 07 25 04 42 30 000 -1.9910529E+01 -1.8204081E+01 4.0812988E+00
2026 07 25 04 43 00 000 -1.9908165E+01 -1.8202363E+01 4.0899662E+00
2026 07 25 04 43 30 000 -1.9905799E+01 -1.8200639E+01 4.0986335E+00
2026 07 25 04 44 00 000 -1.9903432E+01 -1.8198911E+01 4.1073005E+00
2026 07 25 04 44 30 000 -1.9901064E+01 -1.8197177E+01 4.1159672E+00
2026 07 25 04 45 00 000 -1.9898694E+01 -1.8195438E+01 4.1246336E+00
2026 07 25 04 45 30 000 -1.9896323E+01 -1.8193694E+01 4.1332997E+00
2026 07 25 04 46 00 000 -1.9893950E+01 -1.8191944E+01 4.1419653E+00
2026 07 25 04 46 30 000 -1.9891576E+01 -1.8190190E+01 4.1506306E+00
2026 07 25 04 47 00 000 -1.9889201E+01 -1.8188430E+01 4.1592955E+00
2026 07 25 04 47 30 000 -1.9886825E+01 -1.8186665E+01 4.1679599E+00
2026 07 25 04 48 00 000 -1.9884447E+01 -1.8184895E+01 4.1766238E+00
2026 07 25 04 48 30 000 -1.9882068E+01 -1.8183119E+01 4.1852872E+00
2026 07 25 04 49 00 000 -1.9879687E+01 -1.8181339E+01 4.1939500E+00
2026 07 25 04 49 30 000 -1.9877305E+01 -1.8179553E+01 4.2026122E+00
2026 07 25 04 50 00 000 -1.9874922E+01 -1.8177762E+01 4.2112739E+00
2026 07 25 04 50 30 000 -1.9872537E+01 -1.8175966E+01 4.2199349E+00
2026 07 25 04 51 00 000 -1.9870151E+01 -1.8174165E+01 4.2285952E+00
2026 07 25 04 51 30 000 -1.9867763E+01 -1.8172359E+01 4.2372548E+00
2026 07 25 04 52 00 000 -1.9865375E+01 -1.8170547E+01 4.2459136E+00
2026 07 25 04 52 30 000 -1.9862985E+01 -1.8168731E+01 4.2545718E+00
2026 07 25 04 53 00 000 -1.9860593E+01 -1.8166909E+01 4.2632291E+00
2026 07 25 04 53 30 000 -1.9858200E+01 -1.8165082E+01 4.2718856E+00
2026 07 25 04 54 00 000 -1.9855806E+01 -1.8163250E+01 4.2805412E+00
2026 07 25 04 54 30 000 -1.9853411E+01 -1.8161413E+01 4.2891959E+00
2026 07 25 04 55 00 000 -1.9851014E+01 -1.8159571E+01 4.2978498E+00
2026 07 25 04 55 30 000 -1.9848615E+01 -1.8157724E+01 4.3065026E+00
2026 07 25 04 56 00 000 -1.9846216E+01 -1.8155872E+01 4.3151546E+00
2026 07 25 04 56 30 000 -1.9843815E+01 -1.8154014E+01 4.3238055E+00
2026 07 25 04 57 00 000 -1.9841412E+01 -1.8152152E+01 4.3324553E+00
2026 07 25 04 57 30 000 -1.9839009E+01 -1.8150284E+01 4.3411041E+00
2026 07 25 04 58 00 000 -1.9836604E+01 -1.8148412E+01 4.3497518E+00
2026 07 25 04 58 30 000 -1.9834197E+01 -1.8146534E+01 4.3583984E+00
2026 07 25 04 59 00 000 -1.9831789E+01 -1.8144652E+01 4.3670439E+00
2026 07 25 04 59 30 000 -1.9829380E+01 -1.8142764E+01 4.3756881E+00
2026 07 25 05 00 00 000 -1.9826970E+01 -1.8140871E+01 4.3843311E+00
2026 07 25 05 00 30 000 -1.9824558E+01 -1.8138974E+01 4.3929729E+00
2026 07 25 05 01 00 000 -1.9822145E+01 -1.8137071E+01 4.4016134E+00
2026 07 25 05 01 30 000 -1.9819730E+01 -1.8135163E+01 4.4102526E+00
2026 07 25 05 02 00 000 -1.9817314E+01 -1.8133250E+01 4.4188905E+00
2026 07 25 05 02 30 000 -1.9814897E+01 -1.8131333E+01 4.4275270E+00
2026 07 25 05 03 00 000 -1.9812478E+01 -1.8129410E+01 4.4361621E+00
2026 07 25 05 03 30 000 -1.9810058E+01 -1.8127482E+01 4.4447957E+00
2026 07 25 05 04 00 000 -1.9807637E+01 -1.8125550E+01 4.4534280E+00
2026 07 25 05 04 30 000 -1.9805214E+01 -1.8123612E+01 4.4620587E+00
2026 07 25 05 05 00 000 -1.9802790E+01 -1.8121670E+01 4.4706879E+00
2026 07 25 05 05 30 000 -1.9800364E+01 -1.8119722E+01 4.4793156E+00
2026 07 25 05 06 00 000 -1.9797937E+01 -1.8117770E+01 4.4879417E+00
2026 07 25 05 06 30 000 -1.9795509E+01 -1.8115812E+01 4.4965661E+00
2026 07 25 05 07 00 000 -1.9793080E+01 -1.8113850E+01 4.5051890E+00
2026 07 25 05 07 30 000 -1.9790649E+01 -1.8111883E+01 4.5138102E+00
2026 07 25 05 08 00 000 -1.9788216E+01 -1.8109911E+01 4.5224297E+00
2026 07 25 05 08 30 000 -1.9785783E+01 -1.8107934E+01 4.5310475E+00
2026 07 25 05 09 00 000 -1.9783348E+01 -1.8105952E+01 4.5396635E+00
2026 07 25 05 09 30 000 -1.9780911E+01 -1.8103965E+01 4.5482777E+00
2026 07 25 05 10 00 000 -1.9778474E+01 -1.8101973E+01 4.5568901E+00
2026 07 25 05 10 30 000 -1.9776035E+01 -1.8099977E+01 4.5655007E+00
2026 07 25 05 11 00 000 -1.9773594E+01 -1.8097975E+01 4.5741094E+00
2026 07 25 05 11 30 000 -1.9771152E+01 -1.8095969E+01 4.5827162E+00
2026 07 25 05 12 00 000 -1.9768709E+01 -1.8093958E+01 4.5913211E+00
2026 07 25 05 12 30 000 -1.9766265E+01 -1.8091942E+01 4.5999240E+00
2026 07 25 05 13 00 000 -1.9763819E+01 -1.8089922E+01 4.6085249E+00
2026 07 25 05 13 30 000 -1.9761372E+01 -1.8087896E+01 4.6171238E+00
2026 07 25 05 14 00 000 -1.9758923E+01 -1.8085866E+01 4.6257207E+00
2026 07 25 05 14 30 000 -1.9756473E+01 -1.8083831E+01 4.6343154E+00
2026 07 25 05 15 00 000 -1.9754022E+01 -1.8081791E+01 4.6429081E+00
2026 07 25 05 15 30 000 -1.9751569E+01 -1.8079746E+01 4.6514986E+00
2026 07 25 05 16 00 000 -1.9749115E+01 -1.8077696E+01 4.6600869E+00
2026 07 25 05 16 30 000 -1.9746659E+01 -1.8075642E+01 4.6686731E+00
2026 07 25 05 17 00 000 -1.9744203E+01 -1.8073583E+01 4.6772570E+00
2026 07 25 05 17 30 000 -1.9741744E+01 -1.8071520E+01 4.6858387E+00
2026 07 25 05 18 00 000 -1.9739285E+01 -1.8069451E+01 4.6944180E+00
2026 07 25 05 18 30 000 -1.9736824E+01 -1.8067378E+01 4.7029951E+00
2026 07 25 05 19 00 000 -1.9734362E+01 -1.8065300E+01 4.7115698E+00
2026 07 25 05 19 30 000 -1.9731898E+01 -1.8063217E+01 4.7201422E+00
2026 07 25 05 20 00 000 -1.9729433E+01 -1.8061130E+01 4.7287121E+00
2026 07 25 05 20 30 000 -1.9726967E+01 -1.8059038E+01 4.7372796E+00
2026 07 25 05 21 00 000 -1.9724499E+01 -1.8056941E+01 4.7458446E+00
2026 07 25 05 21 30 000 -1.9722030E+01 -1.8054840E+01 4.7544072E+00
2026 07 25 05 22 00 000 -1.9719559E+01 -1.8052734E+01 4.7629672E+00
2026 07 25 05 22 30 000 -1.9717088E+01 -1.8050623E+01 4.7715247E+00
2026 07 25 05 23 00 000 -1.9714614E+01 -1.8048508E+01 4.7800795E+00
2026 07 25 05 23 30 000 -1.9712140E+01 -1.8046388E+01 4.7886318E+00
2026 07 25 05 24 00 000 -1.9709664E+01 -1.8044263E+01 4.7971815E+00
2026 07 25 05 24 30 000 -1.9707187E+01 -1.8042134E+01 4.8057284E+00
2026 07 25 05 25 00 000 -1.9704708E+01 -1.8040000E+01 4.8142727E+00
2026 07 25 05 25 30 000 -1.9702228E+01 -1.8037862E+01 4.8228143E+00
2026 07 25 05 26 00 000 -1.9699747E+01 -1.8035719E+01 4.8313530E+00
2026 07 25 05 26 30 000 -1.9697264E+01 -1.8033571E+01 4.8398890E+00
2026 07 25 05 27 00 000 -1.9694780E+01 -1.8031419E+01 4.8484222E+00
2026 07 25 05 27 30 000 -1.9692294E+01 -1.8029262E+01 4.8569526E+00
2026 07 25 05 28 00 000 -1.9689808E+01 -1.8027101E+01 4.8654801E+00
2026 07 25 05 28 30 000 -1.9687319E+01 -1.8024935E+01 4.8740046E+00
2026 07 25 05 29 00 000 -1.9684830E+01 -1.8022765E+01 4.8825263E+00
2026 07 25 05 29 30 000 -1.9682339E+01 -1.8020590E+01 4.8910449E+00
2026 07 25 05 30 00 000 -1.9679847E+01 -1.8018411E+01 4.8995606E+00
2026 07 25 05 30 30 000 -1.9677353E+01 -1.8016227E+01 4.9080733E+00
2026 07 25 05 31 00 000 -1.9674858E+01 -1.8014039E+01 4.9165829E+00
2026 07 25 05 31 30 000 -1.9672362E+01 -1.8011846E+01 4.9250895E+00
2026 07 25 05 32 00 000 -1.9669864E+01 -1.8009649E+01 4.9335930E+00
2026 07 25 05 32 30 000 -1.9667365E+01 -1.8007447E+01 4.9420933E+00
2026 07 25 05 33 00 000 -1.9664864E+01 -1.8005241E+01 4.9505904E+00
2026 07 25 05 33 30 000 -1.9662362E+01 -1.8003031E+01 4.9590844E+00
2026 07 25 05 34 00 000 -1.9659859E+01 -1.8000816E+01 4.9675751E+00
2026 07 25 05 34 30 000 -1.9657355E+01 -1.7998596E+01 4.9760626E+00
2026 07 25 05 35 00 000 -1.9654849E+01 -1.7996372E+01 4.9845468E+00
2026 07 25 05 35 30 000 -1.9652341E+01 -1.7994144E+01 4.9930277E+00
2026 07 25 05 36 00 000 -1.9649833E+01 -1.7991912E+01 5.0015053E+00
2026 07 25 05 36 30 000 -1.9647323E+01 -1.7989675E+01 5.0099795E+00
2026 07 25 05 37 00 000 -1.9644811E+01 -1.7987433E+01 5.0184504E+00
2026 07 25 05 37 30 000 -1.9642298E+01 -1.7985188E+01 5.0269178E+00
2026 07 25 05 38 00 000 -1.9639784E+01 -1.7982938E+01 5.0353817E+00
2026 07 25 05 38 30 000 -1.9637269E+01 -1.7980683E+01 5.0438422E+00
2026 07 25 05 39 00 000 -1.9634752E+01 -1.7978425E+01 5.0522991E+00
2026 07 25 05 39 30 000 -1.9632234E+01 -1.7976162E+01 5.0607526E+00
2026 07 25 05 40 00 000 -1.9629714E+01 -1.7973895E+01 5.0692024E+00
2026 07 25 05 40 30 000 -1.9627193E+01 -1.7971623E+01 5.0776487E+00
2026 07 25 05 41 00 000 -1.9624671E+01 -1.7969347E+01 5.0860914E+00
2026 07 25 05 41 30 000 -1.9622147E+01 -1.7967067E+01 5.0945304E+00
2026 07 25 05 42 00 000 -1.9619622E+01 -1.7964783E+01 5.1029657E+00
2026 07 25 05 42 30 000 -1.9617095E+01 -1.7962494E+01 5.1113973E+00
2026 07 25 05 43 00 000 -1.9614567E+01 -1.7960202E+01 5.1198252E+00
2026 07 25 05 43 30 000 -1.9612038E+01 -1.7957905E+01 5.1282494E+00
2026 07 25 05 44 00 000 -1.9609508E+01 -1.7955604E+01 5.1366697E+00
2026 07 25 05 44 30 000 -1.9606976E+01 -1.7953298E+01 5.1450862E+00
2026 07 25 05 45 00 000 -1.9604442E+01 -1.7950989E+01 5.1534989E+00
2026 07 25 05 45 30 000 -1.9601908E+01 -1.7948675E+01 5.1619077E+00
2026 07 25 05 46 00 000 -1.9599372E+01 -1.7946357E+01 5.1703126E+00
2026 07 25 05 46 30 000 -1.9596834E+01 -1.7944035E+01 5.1787135E+00
2026 07 25 05 47 00 000 -1.9594295E+01 -1.7941709E+01 5.1871105E+00
2026 07 25 05 47 30 000 -1.9591755E+01 -1.7939379E+01 5.1955035E+00
2026 07 25 05 48 00 000 -1.9589214E+01 -1.7937045E+01 5.2038925E+00
2026 07 25 05 48 30 000 -1.9586671E+01 -1.7934706E+01 5.2122775E+00
2026 07 25 05 49 00 000 -1.9584127E+01 -1.7932364E+01 5.2206583E+00
2026 07 25 05 49 30 000 -1.9581581E+01 -1.7930017E+01 5.2290351E+00
2026 07 25 05 50 00 000 -1.9579034E+01 -1.7927666E+01 5.2374078E+00
2026 07 25 05 50 30 000 -1.9576486E+01 -1.7925312E+01 5.2457763E+00
2026 07 25 05 51 00 000 -1.9573936E+01 -1.7922953E+01 5.2541406E+00
2026 07 25 05 51 30 000 -1.9571385E+01 -1.7920590E+01 5.2625007E+00
2026 07 25 05 52 00 000 -1.9568832E+01 -1.7918223E+01 5.2708565E+00
2026 07 25 05 52 30 000 -1.9566278E+01 -1.7915853E+01 5.2792081E+00
2026 07 25 05 53 00 000 -1.9563723E+01 -1.7913478E+01 5.2875554E+00
2026 07 25 05 53 30 000 -1.9561166E+01 -1.7911099E+01 5.2958984E+00
2026 07 25 05 54 00 000 -1.9558609E+01 -1.7908716E+01 5.3042370E+00
2026 07 25 05 54 30 000 -1.9556049E+01 -1.7906330E+01 5.3125712E+00
2026 07 25 05 55 00 000 -1.9553488E+01 -1.7903939E+01 5.3209011E+00
2026 07 25 05 55 30 000 -1.9550926E+01 -1.7901545E+01 5.3292265E+00
2026 07 25 05 56 00 000 -1.9548363E+01 -1.7899146E+01 5.3375474E+00
2026 07 25 05 56 30 000 -1.9545798E+01 -1.7896744E+01 5.3458639E+00
2026 07 25 05 57 00 000 -1.9543232E+01 -1.7894338E+01 5.3541758E+00
2026 07 25 05 57 30 000 -1.9540664E+01 -1.7891928E+01 5.3624832E+00
2026 07 25 05 58 00 000 -1.9538095E+01 -1.7889514E+01 5.3707860E+00
2026 07 25 05 58 30 000 -1.9535525E+01 -1.7887096E+01 5.3790842E+00
2026 07 25 05 59 00 000 -1.9532953E+01 -1.7884674E+01 5.3873778E+00
2026 07 25 05 59 30 000 -1.9530380E+01 -1.7882249E+01 5.3956667E+00
2026 07 25 06 00 00 000 -1.9527806E+01 -1.7879819E+01 5.4039510E+00
2026 07 25 06 00 30 000 -1.9525230E+01 -1.7877386E+01 5.4122305E+00
2026 07 25 06 01 00 000 -1.9522653E+01 -1.7874950E+01 5.4205053E+00
2026 07 25 06 01 30 000 -1.9520074E+01 -1.7872509E+01 5.4287753E+00
2026 07 25 06 02 00 000 -1.9517494E+01 -1.7870065E+01 5.4370406E+00
2026 07 25 06 02 30 000 -1.9514913E+01 -1.7867616E+01 5.4453010E+00
2026 07 25 06 03 00 000 -1.9512330E+01 -1.7865165E+01 5.4535566E+00
2026 07 25 06 03 30 000 -1.9509746E+01 -1.7862709E+01 5.4618073E+00
2026 07 25 06 04 00 000 -1.9507161E+01 -1.7860250E+01 5.4700531E+00
2026 07 25 06 04 30 000 -1.9504574E+01 -1.7857787E+01 5.4782940E+00
2026 07 25 06 05 00 000 -1.9501986E+01 -1.7855320E+01 5.4865300E+00
2026 07 25 06 05 30 000 -1.9499397E+01 -1.7852850E+01 5.4947609E+00
2026 07 25 06 06 00 000 -1.9496806E+01 -1.7850376E+01 5.5029869E+00
2026 07 25 06 06 30 000 -1.9494213E+01 -1.7847898E+01 5.5112078E+00
2026 07 25 06 07 00 000 -1.9491620E+01 -1.7845417E+01 5.5194237E+00
2026 07 25 06 07 30 000 -1.9489025E+01 -1.7842932E+01 5.5276344E+00
2026 07 25 06 08 00 000 -1.9486428E+01 -1.7840444E+01 5.5358401E+00
2026 07 25 06 08 30 000 -1.9483830E+01 -1.7837952E+01 5.5440406E+00
2026 07 25 06 09 00 000 -1.9481231E+01 -1.7835456E+01 5.5522359E+00
2026 07 25 06 09 30 000 -1.9478631E+01 -1.7832957E+01 5.5604260E+00
2026 07 25 06 10 00 000 -1.9476029E+01 -1.7830454E+01 5.5686110E+00
2026 07 25 06 10 30 000 -1.9473425E+01 -1.7827948E+01 5.5767907E+00
2026 07 25 06 11 00 000 -1.9470821E+01 -1.7825438E+01 5.5849650E+00
2026 07 25 06 11 30 000 -1.9468215E+01 -1.7822925E+01 5.5931342E+00
2026 07 25 06 12 00 000 -1.9465607E+01 -1.7820408E+01 5.6012979E+00
2026 07 25 06 12 30 000 -1.9462998E+01 -1.7817888E+01 5.6094564E+00
2026 07 25 06 13 00 000 -1.9460388E+01 -1.7815364E+01 5.6176094E+00
2026 07 25 06 13 30 000 -1.9457776E+01 -1.7812837E+01 5.6257570E+00
2026 07 25 06 14 00 000 -1.9455164E+01 -1.7810307E+01 5.6338991E+00
2026 07 25 06 14 30 000 -1.9452549E+01 -1.7807773E+01 5.6420359E+00
2026 07 25 06 15 00 000 -1.9449934E+01 -1.7805236E+01 5.6501671E+00
2026 07 25 06 15 30 000 -1.9447317E+01 -1.7802695E+01 5.6582928E+00
2026 07 25 06 16 00 000 -1.9444698E+01 -1.7800151E+01 5.6664130E+00
2026 07 25 06 16 30 000 -1.9442078E+01 -1.7797603E+01 5.6745276E+00
2026 07 25 06 17 00 000 -1.9439457E+01 -1.7795052E+01 5.6826366E+00
2026 07 25 06 17 30 000 -1.9436835E+01 -1.7792498E+01 5.6907400E+00
2026 07 25 06 18 00 000 -1.9434211E+01 -1.7789941E+01 5.6988377E+00
2026 07 25 06 18 30 000 -1.9431586E+01 -1.7787380E+01 5.7069298E+00
2026 07 25 06 19 00 000 -1.9428959E+01 -1.7784816E+01 5.7150161E+00
2026 07 25 06 19 30 000 -1.9426331E+01 -1.7782249E+01 5.7230968E+00
2026 07 25 06 20 00 000 -1.9423702E+01 -1.7779678E+01 5.7311716E+00
2026 07 25 06 20 30 000 -1.9421071E+01 -1.7777104E+01 5.7392408E+00
2026 07 25 06 21 00 000 -1.9418439E+01 -1.7774527E+01 5.7473041E+00
2026 07 25 06 21 30 000 -1.9415805E+01 -1.7771947E+01 5.7553616E+00
2026 07 25 06 22 00 000 -1.9413170E+01 -1.7769363E+01 5.7634132E+00
2026 07 25 06 22 30 000 -1.9410534E+01 -1.7766777E+01 5.7714590E+00
2026 07 25 06 23 00 000 -1.9407896E+01 -1.7764187E+01 5.7794988E+00
2026 07 25 06 23 30 000 -1.9405257E+01 -1.7761594E+01 5.7875327E+00
2026 07 25 06 24 00 000 -1.9402617E+01 -1.7758998E+01 5.7955607E+00
2026 07 25 06 24 30 000 -1.9399975E+01 -1.7756398E+01 5.8035826E+00
2026 07 25 06 25 00 000 -1.9397332E+01 -1.7753796E+01 5.8115986E+00
2026 07 25 06 25 30 000 -1.9394687E+01 -1.7751191E+01 5.8196085E+00
2026 07 25 06 26 00 000 -1.9392041E+01 -1.7748582E+01 5.8276124E+00
2026 07 25 06 26 30 000 -1.9389394E+01 -1.7745970E+01 5.8356102E+00
2026 07 25 06 27 00 000 -1.9386745E+01 -1.7743356E+01 5.8436019E+00
2026 07 25 06 27 30 000 -1.9384095E+01 -1.7740738E+01 5.8515874E+00
2026 07 25 06 28 00 000 -1.9381444E+01 -1.7738117E+01 5.8595668E+00
2026 07 25 06 28 30 000 -1.9378791E+01 -1.7735493E+01 5.8675400E+00
2026 07 25 06 29 00 000 -1.9376137E+01 -1.7732867E+01 5.8755070E+00
2026 07 25 06 29 30 000 -1.9373481E+01 -1.7730237E+01 5.8834677E+00
2026 07 25 06 30 00 000 -1.9370824E+01 -1.7727604E+01 5.8914222E+00
2026 07 25 06 30 30 000 -1.9368166E+01 -1.7724969E+01 5.8993704E+00
2026 07 25 06 31 00 000 -1.9365506E+01 -1.7722330E+01 5.9073122E+00
2026 07 25 06 31 30 000 -1.9362845E+01 -1.7719688E+01 5.9152478E+00
2026 07 25 06 32 00 000 -1.9360182E+01 -1.7717044E+01 5.9231769E+00
2026 07 25 06 32 30 000 -1.9357518E+01 -1.7714397E+01 5.9310997E+00
2026 07 25 06 33 00 000 -1.9354853E+01 -1.7711747E+01 5.9390161E+00
2026 07 25 06 33 30 000 -1.9352187E+01 -1.7709094E+01 5.9469260E+00
2026 07 25 06 34 00 000 -1.9349519E+01 -1.7706438E+01 5.9548295E+00
2026 07 25 06 34 30 000 -1.9346849E+01 -1.7703779E+01 5.9627264E+00
2026 07 25 06 35 00 000 -1.9344179E+01 -1.7701118E+01 5.9706169E+00
2026 07 25 06 35 30 000 -1.9341506E+01 -1.7698453E+01 5.9785008E+00
2026 07 25 06 36 00 000 -1.9338833E+01 -1.7695786E+01 5.9863782E+00
2026 07 25 06 36 30 000 -1.9336158E+01 -1.7693117E+01 5.9942489E+00
2026 07 25 06 37 00 000 -1.9333482E+01 -1.7690444E+01 6.0021131E+00
2026 07 25 06 37 30 000 -1.9330804E+01 -1.7687769E+01 6.0099706E+00
2026 07 25 06 38 00 000 -1.9328125E+01 -1.7685091E+01 6.0178215E+00
2026 07 25 06 38 30 000 -1.9325444E+01 -1.7682410E+01 6.0256656E+00
2026 07 25 06 39 00 000 -1.9322763E+01 -1.7679727E+01 6.0335031E+00
2026 07 25 06 39 30 000 -1.9320079E+01 -1.7677041E+01 6.0413338E+00
2026 07 25 06 40 00 000 -1.9317395E+01 -1.7674352E+01 6.0491578E+00
2026 07 25 06 40 30 000 -1.9314709E+01 -1.7671660E+01 6.0569749E+00
2026 07 25 06 41 00 000 -1.9312021E+01 -1.7668967E+01 6.0647853E+00
2026 07 25 06 41 30 000 -1.9309333E+01 -1.7666270E+01 6.0725888E+00
2026 07 25 06 42 00 000 -1.9306643E+01 -1.7663571E+01 6.0803855E+00
2026 07 25 06 42 30 000 -1.9303951E+01 -1.7660869E+01 6.0881753E+00
2026 07 25 06 43 00 000 -1.9301258E+01 -1.7658165E+01 6.0959581E+00
2026 07 25 06 43 30 000 -1.9298564E+01 -1.7655458E+01 6.1037341E+00
2026 07 25 06 44 00 000 -1.9295868E+01 -1.7652749E+01 6.1115031E+00
2026 07 25 06 44 30 000 -1.9293171E+01 -1.7650037E+01 6.1192651E+00
2026 07 25 06 45 00 000 -1.9290473E+01 -1.7647322E+01 6.1270201E+00
2026 07 25 06 45 30 000 -1.9287773E+01 -1.7644606E+01 6.1347681E+00
2026 07 25 06 46 00 000 -1.9285072E+01 -1.7641886E+01 6.1425090E+00
2026 07 25 06 46 30 000 -1.9282369E+01 -1.7639165E+01 6.1502428E+00
2026 07 25 06 47 00 000 -1.9279666E+01 -1.7636440E+01 6.1579696E+00
2026 07 25 06 47 30 000 -1.9276960E+01 -1.7633714E+01 6.1656892E+00
2026 07 25 06 48 00 000 -1.9274254E+01 -1.7630985E+01 6.1734017E+00
2026 07 25 06 48 30 000 -1.9271545E+01 -1.7628254E+01 6.1811070E+00
2026 07 25 06 49 00 000 -1.9268836E+01 -1.7625520E+01 6.1888051E+00
2026 07 25 06 49 30 000 -1.9266125E+01 -1.7622784E+01 6.1964960E+00
2026 07 25 06 50 00 000 -1.9263413E+01 -1.7620046E+01 6.2041796E+00
2026 07 25 06 50 30 000 -1.9260699E+01 -1.7617305E+01 6.2118560E+00
2026 07 25 06 51 00 000 -1.9257984E+01 -1.7614562E+01 6.2195251E+00
2026 07 25 06 51 30 000 -1.9255268E+01 -1.7611817E+01 6.2271869E+00
2026 07 25 06 52 00 000 -1.9252550E+01 -1.7609069E+01 6.2348413E+00
2026 07 25 06 52 30 000 -1.9249831E+01 -1.7606319E+01 6.2424884E+00
2026 07 25 06 53 00 000 -1.9247110E+01 -1.7603567E+01 6.2501281E+00
2026 07 25 06 53 30 000 -1.9244388E+01 -1.7600813E+01 6.2577604E+00
2026 07 25 06 54 00 000 -1.9241665E+01 -1.7598057E+01 6.2653853E+00
2026 07 25 06 54 30 000 -1.9238940E+01 -1.7595298E+01 6.2730027E+00
2026 07 25 06 55 00 000 -1.9236214E+01 -1.7592537E+01 6.2806126E+00
2026 07 25 06 55 30 000 -1.9233487E+01 -1.7589774E+01 6.2882150E+00
2026 07 25 06 56 00 000 -1.9230758E+01 -1.7587009E+01 6.2958099E+00
2026 07 25 06 56 30 000 -1.9228028E+01 -1.7584242E+01 6.3033973E+00
2026 07 25 06 57 00 000 -1.9225296E+01 -1.7581473E+01 6.3109771E+00
2026 07 25 06 57 30 000 -1.9222563E+01 -1.7578702E+01 6.3185493E+00
2026 07 25 06 58 00 000 -1.9219829E+01 -1.7575928E+01 6.3261139E+00
2026 07 25 06 58 30 000 -1.9217093E+01 -1.7573153E+01 6.3336708E+00
2026 07 25 06 59 00 000 -1.9214356E+01 -1.7570375E+01 6.3412201E+00
2026 07 25 06 59 30 000 -1.9211617E+01 -1.7567596E+01 6.3487617E+00
2026 07 25 07 00 00 000 -1.9208877E+01 -1.7564814E+01 6.3562956E+00
2026 07 25 07 00 30 000 -1.9206136E+01 -1.7562031E+01 6.3638217E+00
2026 07 25 07 01 00 000 -1.9203393E+01 -1.7559245E+01 6.3713402E+00
2026 07 25 07 01 30 000 -1.9200649E+01 -1.7556458E+01 6.3788508E+00
2026 07 25 07 02 00 000 -1.9197904E+01 -1.7553669E+01 6.3863536E+00
2026 07 25 07 02 30 000 -1.9195157E+01 -1.7550878E+01 6.3938486E+00
2026 07 25 07 03 00 000 -1.9192408E+01 -1.7548085E+01 6.4013358E+00
2026 07 25 07 03 30 000 -1.9189659E+01 -1.7545290E+01 6.4088151E+00
2026 07 25 07 04 00 000 -1.9186908E+01 -1.7542493E+01 6.4162865E+00
2026 07 25 07 04 30 000 -1.9184155E+01 -1.7539694E+01 6.4237500E+00
2026 07 25 07 05 00 000 -1.9181402E+01 -1.7536894E+01 6.4312055E+00
2026 07 25 07 05 30 000 -1.9178646E+01 -1.7534091E+01 6.4386531E+00
2026 07 25 07 06 00 000 -1.9175890E+01 -1.7531287E+01 6.4460927E+00
2026 07 25 07 06 30 000 -1.9173132E+01 -1.7528481E+01 6.4535243E+00
2026 07 25 07 07 00 000 -1.9170372E+01 -1.7525674E+01 6.4609479E+00
2026 07 25 07 07 30 000 -1.9167612E+01 -1.7522865E+01 6.4683635E+00
2026 07 25 07 08 00 000 -1.9164850E+01 -1.7520053E+01 6.4757710E+00
2026 07 25 07 08 30 000 -1.9162086E+01 -1.7517241E+01 6.4831704E+00
2026 07 25 07 09 00 000 -1.9159321E+01 -1.7514426E+01 6.4905616E+00
2026 07 25 07 09 30 000 -1.9156555E+01 -1.7511610E+01 6.4979448E+00
2026 07 25 07 10 00 000 -1.9153787E+01 -1.7508792E+01 6.5053197E+00
2026 07 25 07 10 30 000 -1.9151018E+01 -1.7505973E+01 6.5126865E+00
2026 07 25 07 11 00 000 -1.9148248E+01 -1.7503152E+01 6.5200452E+00
2026 07 25 07 11 30 000 -1.9145476E+01 -1.7500329E+01 6.5273955E+00
2026 07 25 07 12 00 000 -1.9142702E+01 -1.7497505E+01 6.5347377E+00
2026 07 25 07 12 30 000 -1.9139928E+01 -1.7494679E+01 6.5420716E+00
2026 07 25 07 13 00 000 -1.9137152E+01 -1.7491852E+01 6.5493972E+00
2026 07 25 07 13 30 000 -1.9134374E+01 -1.7489023E+01 6.5567145E+00
2026 07 25 07 14 00 000 -1.9131595E+01 -1.7486193E+01 6.5640234E+00
2026 07 25 07 14 30 000 -1.9128815E+01 -1.7483361E+01 6.5713240E+00
2026 07 25 07 15 00 000 -1.9126034E+01 -1.7480528E+01 6.5786162E+00
2026 07 25 07 15 30 000 -1.9123251E+01 -1.7477693E+01 6.5859001E+00
2026 07 25 07 16 00 000 -1.9120466E+01 -1.7474857E+01 6.5931755E+00
2026 07 25 07 16 30 000 -1.9117681E+01 -1.7472019E+01 6.6004425E+00
2026 07 25 07 17 00 000 -1.9114893E+01 -1.7469180E+01 6.6077010E+00
2026 07 25 07 17 30 000 -1.9112105E+01 -1.7466339E+01 6.6149511E+00
2026 07 25 07 18 00 000 -1.9109315E+01 -1.7463498E+01 6.6221926E+00
2026 07 25 07 18 30 000 -1.9106524E+01 -1.7460654E+01 6.6294256E+00
2026 07 25 07 19 00 000 -1.9103731E+01 -1.7457810E+01 6.6366501E+00
2026 07 25 07 19 30 000 -1.9100937E+01 -1.7454964E+01 6.6438660E+00
2026 07 25 07 20 00 000 -1.9098141E+01 -1.7452117E+01 6.6510733E+00
2026 07 25 07 20 30 000 -1.9095344E+01 -1.7449269E+01 6.6582721E+00
2026 07 25 07 21 00 000 -1.9092546E+01 -1.7446419E+01 6.6654622E+00
2026 07 25 07 21 30 000 -1.9089746E+01 -1.7443568E+01 6.6726436E+00
2026 07 25 07 22 00 000 -1.9086945E+01 -1.7440716E+01 6.6798164E+00
2026 07 25 07 22 30 000 -1.9084143E+01 -1.7437862E+01 6.6869805E+00
2026 07 25 07 23 00 000 -1.9081339E+01 -1.7435008E+01 6.6941359E+00
2026 07 25 07 23 30 000 -1.9078534E+01 -1.7432152E+01 6.7012825E+00
2026 07 25 07 24 00 000 -1.9075727E+01 -1.7429295E+01 6.7084204E+00
2026 07 25 07 24 30 000 -1.9072919E+01 -1.7426437E+01 6.7155495E+00
2026 07 25 07 25 00 000 -1.9070109E+01 -1.7423578E+01 6.7226699E+00
2026 07 25 07 25 30 000 -1.9067299E+01 -1.7420718E+01 6.7297814E+00
2026 07 25 07 26 00 000 -1.9064486E+01 -1.7417856E+01 6.7368841E+00
2026 07 25 07 26 30 000 -1.9061673E+01 -1.7414994E+01 6.7439779E+00
2026 07 25 07 27 00 000 -1.9058858E+01 -1.7412130E+01 6.7510628E+00
2026 07 25 07 27 30 000 -1.9056041E+01 -1.7409266E+01 6.7581390E+00
2026 07 25 07 28 00 000 -1.9053223E+01 -1.7406400E+01 6.7652061E+00
2026 07 25 07 28 30 000 -1.9050404E+01 -1.7403534E+01 6.7722643E+00
2026 07 25 07 29 00 000 -1.9047584E+01 -1.7400666E+01 6.7793135E+00
2026 07 25 07 29 30 000 -1.9044762E+01 -1.7397798E+01 6.7863538E+00
2026 07 25 07 30 00 000 -1.9041938E+01 -1.7394928E+01 6.7933851E+00
2026 07 25 07 30 30 000 -1.9039113E+01 -1.7392058E+01 6.8004073E+00
2026 07 25 07 31 00 000 -1.9036287E+01 -1.7389187E+01 6.8074205E+00
2026 07 25 07 31 30 000 -1.9033460E+01 -1.7386315E+01 6.8144246E+00
2026 07 25 07 32 00 000 -1.9030631E+01 -1.7383442E+01 6.8214198E+00
2026 07 25 07 32 30 000 -1.9027800E+01 -1.7380568E+01 6.8284058E+00
2026 07 25 07 33 00 000 -1.9024968E+01 -1.7377693E+01 6.8353826E+00
2026 07 25 07 33 30 000 -1.9022135E+01 -1.7374817E+01 6.8423503E+00
2026 07 25 07 34 00 000 -1.9019301E+01 -1.7371941E+01 6.8493089E+00
2026 07 25 07 34 30 000 -1.9016465E+01 -1.7369064E+01 6.8562583E+00
2026 07 25 07 35 00 000 -1.9013627E+01 -1.7366186E+01 6.8631985E+00
2026 07 25 07 35 30 000 -1.9010789E+01 -1.7363308E+01 6.8701294E+00
2026 07 25 07 36 00 000 -1.9007948E+01 -1.7360428E+01 6.8770512E+00
2026 07 25 07 36 30 000 -1.9005107E+01 -1.7357548E+01 6.8839637E+00
2026 07 25 07 37 00 000 -1.9002264E+01 -1.7354668E+01 6.8908669E+00
2026 07 25 07 37 30 000 -1.8999420E+01 -1.7351786E+01 6.8977608E+00
2026 07 25 07 38 00 000 -1.8996574E+01 -1.7348904E+01 6.9046453E+00
2026 07 25 07 38 30 000 -1.8993727E+01 -1.7346021E+01 6.9115206E+00
2026 07 25 07 39 00 000 -1.8990878E+01 -1.7343138E+01 6.9183865E+00
2026 07 25 07 39 30 000 -1.8988028E+01 -1.7340254E+01 6.9252430E+00
2026 07 25 07 40 00 000 -1.8985177E+01 -1.7337370E+01 6.9320902E+00
2026 07 25 07 40 30 000 -1.8982324E+01 -1.7334485E+01 6.9389279E+00
2026 07 25 07 41 00 000 -1.8979470E+01 -1.7331599E+01 6.9457562E+00
2026 07 25 07 41 30 000 -1.8976615E+01 -1.7328713E+01 6.9525751E+00
2026 07 25 07 42 00 000 -1.8973758E+01 -1.7325826E+01 6.9593844E+00
2026 07 25 07 42 30 000 -1.8970900E+01 -1.7322939E+01 6.9661843E+00
2026 07 25 07 43 00 000 -1.8968040E+01 -1.7320052E+01 6.9729747E+00
2026 07 25 07 43 30 000 -1.8965179E+01 -1.7317164E+01 6.9797556E+00
2026 07 25 07 44 00 000 -1.8962316E+01 -1.7314275E+01 6.9865269E+00
2026 07 25 07 44 30 000 -1.8959453E+01 -1.7311386E+01 6.9932886E+00
2026 07 25 07 45 00 000 -1.8956587E+01 -1.7308497E+01 7.0000408E+00
2026 07 25 07 45 30 000 -1.8953721E+01 -1.7305607E+01 7.0067834E+00
2026 07 25 07 46 00 000 -1.8950853E+01 -1.7302717E+01 7.0135163E+00
2026 07 25 07 46 30 000 -1.8947983E+01 -1.7299827E+01 7.0202397E+00
2026 07 25 07 47 00 000 -1.8945112E+01 -1.7296936E+01 7.0269533E+00
2026 07 25 07 47 30 000 -1.8942240E+01 -1.7294045E+01 7.0336573E+00
2026 07 25 07 48 00 000 -1.8939366E+01 -1.7291154E+01 7.0403516E+00
2026 07 25 07 48 30 000 -1.8936491E+01 -1.7288263E+01 7.0470362E+00
2026 07 25 07 49 00 000 -1.8933615E+01 -1.7285371E+01 7.0537110E+00
2026 07 25 07 49 30 000 -1.8930737E+01 -1.7282479E+01 7.0603761E+00
2026 07 25 07 50 00 000 -1.8927858E+01 -1.7279587E+01 7.0670315E+00
2026 07 25 07 50 30 000 -1.8924977E+01 -1.7276694E+01 7.0736770E+00
2026 07 25 07 51 00 000 -1.8922095E+01 -1.7273801E+01 7.0803128E+00
2026 07 25 07 51 30 000 -1.8919211E+01 -1.7270909E+01 7.0869387E+00
2026 07 25 07 52 00 000 -1.8916326E+01 -1.7268016E+01 7.0935548E+00
2026 07 25 07 52 30 000 -1.8913440E+01 -1.7265123E+01 7.1001610E+00
2026 07 25 07 53 00 000 -1.8910552E+01 -1.7262230E+01 7.1067574E+00
2026 07 25 07 53 30 000 -1.8907663E+01 -1.7259336E+01 7.1133439E+00
2026 07 25 07 54 00 000 -1.8904773E+01 -1.7256443E+01 7.1199204E+00
2026 07 25 07 54 30 000 -1.8901881E+01 -1.7253550E+01 7.1264871E+00
2026 07 25 07 55 00 000 -1.8898988E+01 -1.7250656E+01 7.1330437E+00
2026 07 25 07 55 30 000 -1.8896093E+01 -1.7247763E+01 7.1395904E+00
2026 07 25 07 56 00 000 -1.8893197E+01 -1.7244869E+01 7.1461272E+00
2026 07 25 07 56 30 000 -1.8890299E+01 -1.7241976E+01 7.1526539E+00
2026 07 25 07 57 00 000 -1.8887401E+01 -1.7239083E+01 7.1591706E+00
2026 07 25 07 57 30 000 -1.8884500E+01 -1.7236190E+01 7.1656772E+00
2026 07 25 07 58 00 000 -1.8881598E+01 -1.7233296E+01 7.1721739E+00
2026 07 25 07 58 30 000 -1.8878695E+01 -1.7230403E+01 7.1786605E+00
2026 07 25 07 59 00 000 -1.8875791E+01 -1.7227510E+01 7.1851369E+00
2026 07 25 07 59 30 000 -1.8872885E+01 -1.7224617E+01 7.1916033E+00
2026 07 25 08 00 00 000 -1.8869978E+01 -1.7221725E+01 7.1980595E+00
2026 07 25 08 00 30 000 -1.8867069E+01 -1.7218832E+01 7.2045056E+00
2026 07 25 08 01 00 000 -1.8864159E+01 -1.7215940E+01 7.2109415E+00
2026 07 25 08 01 30 000 -1.8861247E+01 -1.7213048E+01 7.2173673E+00
2026 07 25 08 02 00 000 -1.8858334E+01 -1.7210156E+01 7.2237828E+00
2026 07 25 08 02 30 000 -1.8855420E+01 -1.7207264E+01 7.2301882E+00
2026 07 25 08 03 00 000 -1.8852504E+01 -1.7204373E+01 7.2365833E+00
2026 07 25 08 03 30 000 -1.8849587E+01 -1.7201482E+01 7.2429682E+00
2026 07 25 08 04 00 000 -1.8846669E+01 -1.7198591E+01 7.2493428E+00
2026 07 25 08 04 30 000 -1.8843749E+01 -1.7195701E+01 7.2557072E+00
2026 07 25 08 05 00 000 -1.8840827E+01 -1.7192810E+01 7.2620612E+00
2026 07 25 08 05 30 000 -1.8837905E+01 -1.7189921E+01 7.2684050E+00
2026 07 25 08 06 00 000 -1.8834980E+01 -1.7187031E+01 7.2747383E+00
2026 07 25 08 06 30 000 -1.8832055E+01 -1.7184142E+01 7.2810614E+00
2026 07 25 08 07 00 000 -1.8829128E+01 -1.7181254E+01 7.2873741E+00
2026 07 25 08 07 30 000 -1.8826200E+01 -1.7178365E+01 7.2936764E+00
2026 07 25 08 08 00 000 -1.8823270E+01 -1.7175478E+01 7.2999684E+00
2026 07 25 08 08 30 000 -1.8820339E+01 -1.7172590E+01 7.3062499E+00
2026 07 25 08 09 00 000 -1.8817406E+01 -1.7169704E+01 7.3125210E+00
2026 07 25 08 09 30 000 -1.8814472E+01 -1.7166817E+01 7.3187817E+00
2026 07 25 08 10 00 000 -1.8811536E+01 -1.7163932E+01 7.3250319E+00
2026 07 25 08 10 30 000 -1.8808600E+01 -1.7161046E+01 7.3312716E+00
2026 07 25 08 11 00 000 -1.8805662E+01 -1.7158162E+01 7.3375007E+00
2026 07 25 08 11 30 000 -1.8802722E+01 -1.7155278E+01 7.3437194E+00
2026 07 25 08 12 00 000 -1.8799781E+01 -1.7152394E+01 7.3499276E+00
2026 07 25 08 12 30 000 -1.8796838E+01 -1.7149511E+01 7.3561253E+00
2026 07 25 08 13 00 000 -1.8793895E+01 -1.7146629E+01 7.3623124E+00
2026 07 25 08 13 30 000 -1.8790949E+01 -1.7143748E+01 7.3684889E+00
2026 07 25 08 14 00 000 -1.8788003E+01 -1.7140867E+01 7.3746548E+00
2026 07 25 08 14 30 000 -1.8785055E+01 -1.7137986E+01 7.3808101E+00
2026 07 25 08 15 00 000 -1.8782105E+01 -1.7135107E+01 7.3869547E+00
2026 07 25 08 15 30 000 -1.8779154E+01 -1.7132228E+01 7.3930887E+00
2026 07 25 08 16 00 000 -1.8776202E+01 -1.7129350E+01 7.3992121E+00
2026 07 25 08 16 30 000 -1.8773248E+01 -1.7126473E+01 7.4053248E+00
2026 07 25 08 17 00 000 -1.8770293E+01 -1.7123596E+01 7.4114269E+00
2026 07 25 08 17 30 000 -1.8767337E+01 -1.7120721E+01 7.4175182E+00
2026 07 25 08 18 00 000 -1.8764379E+01 -1.7117846E+01 7.4235988E+00
2026 07 25 08 18 30 000 -1.8761420E+01 -1.7114972E+01 7.4296687E+00
2026 07 25 08 19 00 000 -1.8758459E+01 -1.7112098E+01 7.4357278E+00
2026 07 25 08 19 30 000 -1.8755497E+01 -1.7109226E+01 7.4417761E+00
2026 07 25 08 20 00 000 -1.8752533E+01 -1.7106355E+01 7.4478137E+00
2026 07 25 08 20 30 000 -1.8749568E+01 -1.7103484E+01 7.4538405E+00
2026 07 25 08 21 00 000 -1.8746602E+01 -1.7100614E+01 7.4598564E+00
2026 07 25 08 21 30 000 -1.8743634E+01 -1.7097746E+01 7.4658616E+00
2026 07 25 08 22 00 000 -1.8740665E+01 -1.7094878E+01 7.4718559E+00
2026 07 25 08 22 30 000 -1.8737694E+01 -1.7092011E+01 7.4778393E+00
2026 07 25 08 23 00 000 -1.8734722E+01 -1.7089146E+01 7.4838119E+00
2026 07 25 08 23 30 000 -1.8731749E+01 -1.7086281E+01 7.4897736E+00
2026 07 25 08 24 00 000 -1.8728774E+01 -1.7083417E+01 7.4957243E+00
2026 07 25 08 24 30 000 -1.8725798E+01 -1.7080555E+01 7.5016642E+00
2026 07 25 08 25 00 000 -1.8722820E+01 -1.7077693E+01 7.5075931E+00
2026 07 25 08 25 30 000 -1.8719841E+01 -1.7074832E+01 7.5135111E+00
2026 07 25 08 26 00 000 -1.8716861E+01 -1.7071973E+01 7.5194181E+00
2026 07 25 08 26 30 000 -1.8713879E+01 -1.7069115E+01 7.5253141E+00
2026 07 25 08 27 00 000 -1.8710896E+01 -1.7066258E+01 7.5311991E+00
2026 07 25 08 27 30 000 -1.8707911E+01 -1.7063402E+01 7.5370731E+00
2026 07 25 08 28 00 000 -1.8704925E+01 -1.7060547E+01 7.5429361E+00
2026 07 25 08 28 30 000 -1.8701937E+01 -1.7057694E+01 7.5487881E+00
2026 07 25 08 29 00 000 -1.8698948E+01 -1.7054841E+01 7.5546290E+00
2026 07 25 08 29 30 000 -1.8695958E+01 -1.7051990E+01 7.5604588E+00
2026 07 25 08 30 00 000 -1.8692966E+01 -1.7049140E+01 7.5662776E+00
2026 07 25 08 30 30 000 -1.8689973E+01 -1.7046292E+01 7.5720853E+00
2026 07 25 08 31 00 000 -1.8686979E+01 -1.7043445E+01 7.5778818E+00
2026 07 25 08 31 30 000 -1.8683983E+01 -1.7040599E+01 7.5836673E+00
2026 07 25 08 32 00 000 -1.8680985E+01 -1.7037754E+01 7.5894416E+00
2026 07 25 08 32 30 000 -1.8677986E+01 -1.7034911E+01 7.5952047E+00
2026 07 25 08 33 00 000 -1.8674986E+01 -1.7032069E+01 7.6009567E+00
2026 07 25 08 33 30 000 -1.8671984E+01 -1.7029228E+01 7.6066975E+00
2026 07 25 08 34 00 000 -1.8668981E+01 -1.7026389E+01 7.6124271E+00
2026 07 25 08 34 30 000 -1.8665977E+01 -1.7023551E+01 7.6181454E+00
2026 07 25 08 35 00 000 -1.8662971E+01 -1.7020715E+01 7.6238526E+00
2026 07 25 08 35 30 000 -1.8659964E+01 -1.7017880E+01 7.6295485E+00
2026 07 25 08 36 00 000 -1.8656955E+01 -1.7015047E+01 7.6352332E+00
2026 07 25 08 36 30 000 -1.8653945E+01 -1.7012215E+01 7.6409066E+00
2026 07 25 08 37 00 000 -1.8650933E+01 -1.7009385E+01 7.6465687E+00
2026 07 25 08 37 30 000 -1.8647920E+01 -1.7006556E+01 7.6522195E+00
2026 07 25 08 38 00 000 -1.8644906E+01 -1.7003728E+01 7.6578590E+00
2026 07 25 08 38 30 000 -1.8641890E+01 -1.7000903E+01 7.6634872E+00
2026 07 25 08 39 00 000 -1.8638873E+01 -1.6998078E+01 7.6691040E+00
2026 07 25 08 39 30 000 -1.8635854E+01 -1.6995256E+01 7.6747095E+00
2026 07 25 08 40 00 000 -1.8632834E+01 -1.6992435E+01 7.6803036E+00
2026 07 25 08 40 30 000 -1.8629813E+01 -1.6989616E+01 7.6858864E+00
2026 07 25 08 41 00 000 -1.8626790E+01 -1.6986798E+01 7.6914577E+00
2026 07 25 08 41 30 000 -1.8623766E+01 -1.6983982E+01 7.6970177E+00
2026 07 25 08 42 00 000 -1.8620740E+01 -1.6981168E+01 7.7025662E+00
2026 07 25 08 42 30 000 -1.8617713E+01 -1.6978355E+01 7.7081033E+00
2026 07 25 08 43 00 000 -1.8614685E+01 -1.6975544E+01 7.7136290E+00
2026 07 25 08 43 30 000 -1.8611655E+01 -1.6972735E+01 7.7191432E+00
2026 07 25 08 44 00 000 -1.8608623E+01 -1.6969928E+01 7.7246459E+00
2026 07 25 08 44 30 000 -1.8605590E+01 -1.6967122E+01 7.7301371E+00
2026 07 25 08 45 00 000 -1.8602556E+01 -1.6964318E+01 7.7356169E+00
2026 07 25 08 45 30 000 -1.8599521E+01 -1.6961516E+01 7.7410851E+00
2026 07 25 08 46 00 000 -1.8596484E+01 -1.6958716E+01 7.7465418E+00
2026 07 25 08 46 30 000 -1.8593445E+01 -1.6955918E+01 7.7519870E+00
2026 07 25 08 47 00 000 -1.8590405E+01 -1.6953121E+01 7.7574206E+00
2026 07 25 08 47 30 000 -1.8587364E+01 -1.6950327E+01 7.7628427E+00
2026 07 25 08 48 00 000 -1.8584321E+01 -1.6947534E+01 7.7682531E+00
2026 07 25 08 48 30 000 -1.8581277E+01 -1.6944743E+01 7.7736520E+00
2026 07 25 08 49 00 000 -1.8578232E+01 -1.6941954E+01 7.7790393E+00
2026 07 25 08 49 30 000 -1.8575185E+01 -1.6939167E+01 7.7844150E+00
2026 07 25 08 50 00 000 -1.8572136E+01 -1.6936382E+01 7.7897790E+00
2026 07 25 08 50 30 000 -1.8569087E+01 -1.6933599E+01 7.7951314E+00
2026 07 25 08 51 00 000 -1.8566035E+01 -1.6930818E+01 7.8004721E+00
2026 07 25 08 51 30 000 -1.8562983E+01 -1.6928040E+01 7.8058012E+00
2026 07 25 08 52 00 000 -1.8559929E+01 -1.6925263E+01 7.8111186E+00
2026 07 25 08 52 30 000 -1.8556873E+01 -1.6922488E+01 7.8164243E+00
2026 07 25 08 53 00 000 -1.8553816E+01 -1.6919715E+01 7.8217183E+00
2026 07 25 08 53 30 000 -1.8550758E+01 -1.6916944E+01 7.8270006E+00
2026 07 25 08 54 00 000 -1.8547698E+01 -1.6914176E+01 7.8322711E+00
2026 07 25 08 54 30 000 -1.8544637E+01 -1.6911409E+01 7.8375299E+00
2026 07 25 08 55 00 000 -1.8541575E+01 -1.6908645E+01 7.8427770E+00
2026 07 25 08 55 30 000 -1.8538511E+01 -1.6905883E+01 7.8480122E+00
2026 07 25 08 56 00 000 -1.8535445E+01 -1.6903123E+01 7.8532357E+00
2026 07 25 08 56 30 000 -1.8532379E+01 -1.6900365E+01 7.8584474E+00
2026 07 25 08 57 00 000 -1.8529310E+01 -1.6897610E+01 7.8636474E+00
2026 07 25 08 57 30 000 -1.8526241E+01 -1.6894857E+01 7.8688354E+00
2026 07 25 08 58 00 000 -1.8523169E+01 -1.6892106E+01 7.8740117E+00
2026 07 25 08 58 30 000 -1.8520097E+01 -1.6889357E+01 7.8791761E+00
2026 07 25 08 59 00 000 -1.8517023E+01 -1.6886610E+01 7.8843287E+00
2026 07 25 08 59 30 000 -1.8513948E+01 -1.6883866E+01 7.8894694E+00
2026 07 25 09 00 00 000 -1.8510871E+01 -1.6881124E+01 7.8945982E+00
2026 07 25 09 00 30 000 -1.8507793E+01 -1.6878385E+01 7.8997152E+00
2026 07 25 09 01 00 000 -1.8504713E+01 -1.6875648E+01 7.9048202E+00
2026 07 25 09 01 30 000 -1.8501632E+01 -1.6872913E+01 7.9099134E+00
2026 07 25 09 02 00 000 -1.8498550E+01 -1.6870180E+01 7.9149946E+00
2026 07 25 09 02 30 000 -1.8495466E+01 -1.6867450E+01 7.9200638E+00
2026 07 25 09 03 00 000 -1.8492380E+01 -1.6864723E+01 7.9251212E+00
2026 07 25 09 03 30 000 -1.8489294E+01 -1.6861998E+01 7.9301665E+00
2026 07 25 09 04 00 000 -1.8486206E+01 -1.6859275E+01 7.9351999E+00
2026 07 25 09 04 30 000 -1.8483116E+01 -1.6856555E+01 7.9402213E+00
2026 07 25 09 05 00 000 -1.8480025E+01 -1.6853837E+01 7.9452308E+00
2026 07 25 09 05 30 000 -1.8476933E+01 -1.6851122E+01 7.9502282E+00
2026 07 25 09 06 00 000 -1.8473839E+01 -1.6848409E+01 7.9552136E+00
2026 07 25 09 06 30 000 -1.8470743E+01 -1.6845699E+01 7.9601870E+00
2026 07 25 09 07 00 000 -1.8467647E+01 -1.6842991E+01 7.9651483E+00
2026 07 25 09 07 30 000 -1.8464549E+01 -1.6840286E+01 7.9700976E+00
2026 07 25 09 08 00 000 -1.8461449E+01 -1.6837584E+01 7.9750348E+00
2026 07 25 09 08 30 000 -1.8458348E+01 -1.6834884E+01 7.9799600E+00
2026 07 25 09 09 00 000 -1.8455246E+01 -1.6832186E+01 7.9848731E+00
2026 07 25 09 09 30 000 -1.8452142E+01 -1.6829492E+01 7.9897741E+00
2026 07 25 09 10 00 000 -1.8449037E+01 -1.6826800E+01 7.9946629E+00
2026 07 25 09 10 30 000 -1.8445930E+01 -1.6824111E+01 7.9995397E+00
2026 07 25 09 11 00 000 -1.8442822E+01 -1.6821424E+01 8.0044043E+00
2026 07 25 09 11 30 000 -1.8439712E+01 -1.6818740E+01 8.0092568E+00
2026 07 25 09 12 00 000 -1.8436601E+01 -1.6816059E+01 8.0140972E+00
2026 07 25 09 12 30 000 -1.8433489E+01 -1.6813381E+01 8.0189254E+00
2026 07 25 09 13 00 000 -1.8430375E+01 -1.6810705E+01 8.0237414E+00
2026 07 25 09 13 30 000 -1.8427260E+01 -1.6808032E+01 8.0285452E+00
2026 07 25 09 14 00 000 -1.8424143E+01 -1.6805362E+01 8.0333369E+00
2026 07 25 09 14 30 000 -1.8421025E+01 -1.6802695E+01 8.0381163E+00
2026 07 25 09 15 00 000 -1.8417906E+01 -1.6800030E+01 8.0428835E+00
2026 07 25 09 15 30 000 -1.8414785E+01 -1.6797369E+01 8.0476385E+00
2026 07 25 09 16 00 000 -1.8411662E+01 -1.6794710E+01 8.0523813E+00
2026 07 25 09 16 30 000 -1.8408538E+01 -1.6792054E+01 8.0571118E+00
2026 07 25 09 17 00 000 -1.8405413E+01 -1.6789401E+01 8.0618301E+00
2026 07 25 09 17 30 000 -1.8402287E+01 -1.6786751E+01 8.0665361E+00
2026 07 25 09 18 00 000 -1.8399158E+01 -1.6784104E+01 8.0712298E+00
2026 07 25 09 18 30 000 -1.8396029E+01 -1.6781460E+01 8.0759112E+00
2026 07 25 09 19 00 000 -1.8392898E+01 -1.6778819E+01 8.0805804E+00
2026 07 25 09 19 30 000 -1.8389766E+01 -1.6776180E+01 8.0852372E+00
2026 07 25 09 20 00 000 -1.8386632E+01 -1.6773545E+01 8.0898817E+00
2026 07 25 09 20 30 000 -1.8383497E+01 -1.6770913E+01 8.0945139E+00
2026 07 25 09 21 00 000 -1.8380360E+01 -1.6768284E+01 8.0991337E+00
2026 07 25 09 21 30 000 -1.8377222E+01 -1.6765657E+01 8.1037412E+00
2026 07 25 09 22 00 000 -1.8374082E+01 -1.6763034E+01 8.1083364E+00
2026 07 25 09 22 30 000 -1.8370941E+01 -1.6760414E+01 8.1129191E+00
2026 07 25 09 23 00 000 -1.8367799E+01 -1.6757797E+01 8.1174895E+00
2026 07 25 09 23 30 000 -1.8364655E+01 -1.6755183E+01 8.1220475E+00
2026 07 25 09 24 00 000 -1.8361510E+01 -1.6752572E+01 8.1265931E+00
2026 07 25 09 24 30 000 -1.8358363E+01 -1.6749965E+01 8.1311263E+00
2026 07 25 09 25 00 000 -1.8355215E+01 -1.6747360E+01 8.1356471E+00
2026 07 25 09 25 30 000 -1.8352066E+01 -1.6744759E+01 8.1401555E+00
2026 07 25 09 26 00 000 -1.8348915E+01 -1.6742161E+01 8.1446514E+00
2026 07 25 09 26 30 000 -1.8345762E+01 -1.6739566E+01 8.1491349E+00
2026 07 25 09 27 00 000 -1.8342609E+01 -1.6736974E+01 8.1536059E+00
2026 07 25 09 27 30 000 -1.8339453E+01 -1.6734385E+01 8.1580644E+00
2026 07 25 09 28 00 000 -1.8336297E+01 -1.6731800E+01 8.1625105E+00
2026 07 25 09 28 30 000 -1.8333139E+01 -1.6729218E+01 8.1669441E+00
2026 07 25 09 29 00 000 -1.8329979E+01 -1.6726639E+01 8.1713652E+00
2026 07 25 09 29 30 000 -1.8326818E+01 -1.6724064E+01 8.1757738E+00
2026 07 25 09 30 00 000 -1.8323656E+01 -1.6721492E+01 8.1801699E+00
2026 07 25 09 30 30 000 -1.8320492E+01 -1.6718923E+01 8.1845534E+00
2026 07 25 09 31 00 000 -1.8317327E+01 -1.6716357E+01 8.1889245E+00
2026 07 25 09 31 30 000 -1.8314160E+01 -1.6713795E+01 8.1932830E+00
2026 07 25 09 32 00 000 -1.8310992E+01 -1.6711237E+01 8.1976289E+00
2026 07 25 09 32 30 000 -1.8307822E+01 -1.6708681E+01 8.2019623E+00
2026 07 25 09 33 00 000 -1.8304651E+01 -1.6706129E+01 8.2062831E+00
2026 07 25 09 33 30 000 -1.8301479E+01 -1.6703581E+01 8.2105914E+00
2026 07 25 09 34 00 000 -1.8298305E+01 -1.6701035E+01 8.2148870E+00
2026 07 25 09 34 30 000 -1.8295129E+01 -1.6698494E+01 8.2191701E+00
2026 07 25 09 35 00 000 -1.8291953E+01 -1.6695955E+01 8.2234405E+00
2026 07 25 09 35 30 000 -1.8288774E+01 -1.6693421E+01 8.2276984E+00
2026 07 25 09 36 00 000 -1.8285595E+01 -1.6690889E+01 8.2319436E+00
2026 07 25 09 36 30 000 -1.8282414E+01 -1.6688362E+01 8.2361762E+00
2026 07 25 09 37 00 000 -1.8279231E+01 -1.6685837E+01 8.2403962E+00
2026 07 25 09 37 30 000 -1.8276047E+01 -1.6683317E+01 8.2446035E+00
2026 07 25 09 38 00 000 -1.8272862E+01 -1.6680799E+01 8.2487982E+00
2026 07 25 09 38 30 000 -1.8269675E+01 -1.6678286E+01 8.2529802E+00
2026 07 25 09 39 00 000 -1.8266486E+01 -1.6675776E+01 8.2571495E+00
2026 07 25 09 39 30 000 -1.8263297E+01 -1.6673269E+01 8.2613062E+00
2026 07 25 09 40 00 000 -1.8260105E+01 -1.6670767E+01 8.2654501E+00
2026 07 25 09 40 30 000 -1.8256913E+01 -1.6668267E+01 8.2695814E+00
2026 07 25 09 41 00 000 -1.8253719E+01 -1.6665772E+01 8.2736999E+00
2026 07 25 09 41 30 000 -1.8250523E+01 -1.6663280E+01 8.2778058E+00
2026 07 25 09 42 00 000 -1.8247326E+01 -1.6660792E+01 8.2818988E+00
2026 07 25 09 42 30 000 -1.8244128E+01 -1.6658307E+01 8.2859792E+00
2026 07 25 09 43 00 000 -1.8240928E+01 -1.6655826E+01 8.2900468E+00
2026 07 25 09 43 30 000 -1.8237727E+01 -1.6653349E+01 8.2941017E+00
2026 07 25 09 44 00 000 -1.8234525E+01 -1.6650876E+01 8.2981438E+00
2026 07 25 09 44 30 000 -1.8231321E+01 -1.6648406E+01 8.3021731E+00
2026 07 25 09 45 00 000 -1.8228115E+01 -1.6645941E+01 8.3061897E+00
2026 07 25 09 45 30 000 -1.8224908E+01 -1.6643479E+01 8.3101934E+00
2026 07 25 09 46 00 000 -1.8221700E+01 -1.6641021E+01 8.3141844E+00
2026 07 25 09 46 30 000 -1.8218490E+01 -1.6638566E+01 8.3181626E+00
2026 07 25 09 47 00 000 -1.8215279E+01 -1.6636116E+01 8.3221279E+00
2026 07 25 09 47 30 000 -1.8212066E+01 -1.6633669E+01 8.3260805E+00
2026 07 25 09 48 00 000 -1.8208852E+01 -1.6631226E+01 8.3300202E+00
2026 07 25 09 48 30 000 -1.8205637E+01 -1.6628787E+01 8.3339471E+00
2026 07 25 09 49 00 000 -1.8202420E+01 -1.6626352E+01 8.3378612E+00
2026 07 25 09 49 30 000 -1.8199201E+01 -1.6623920E+01 8.3417625E+00
2026 07 25 09 50 00 000 -1.8195982E+01 -1.6621493E+01 8.3456508E+00
2026 07 25 09 50 30 000 -1.8192760E+01 -1.6619070E+01 8.3495263E+00
2026 07 25 09 51 00 000 -1.8189538E+01 -1.6616650E+01 8.3533889E+00
2026 07 25 09 51 30 000 -1.8186313E+01 -1.6614234E+01 8.3572387E+00
2026 07 25 09 52 00 000 -1.8183088E+01 -1.6611823E+01 8.3610756E+00
2026 07 25 09 52 30 000 -1.8179861E+01 -1.6609415E+01 8.3648996E+00
2026 07 25 09 53 00 000 -1.8176632E+01 -1.6607012E+01 8.3687107E+00
2026 07 25 09 53 30 000 -1.8173402E+01 -1.6604612E+01 8.3725088E+00
2026 07 25 09 54 00 000 -1.8170171E+01 -1.6602216E+01 8.3762941E+00
2026 07 25 09 54 30 000 -1.8166938E+01 -1.6599825E+01 8.3800665E+00
2026 07 25 09 55 00 000 -1.8163704E+01 -1.6597437E+01 8.3838259E+00
2026 07 25 09 55 30 000 -1.8160468E+01 -1.6595054E+01 8.3875724E+00
2026 07 25 09 56 00 000 -1.8157231E+01 -1.6592675E+01 8.3913059E+00
2026 07 25 09 56 30 000 -1.8153993E+01 -1.6590299E+01 8.3950265E+00
2026 07 25 09 57 00 000 -1.8150753E+01 -1.6587928E+01 8.3987341E+00
2026 07 25 09 57 30 000 -1.8147511E+01 -1.6585561E+01 8.4024288E+00
2026 07 25 09 58 00 000 -1.8144268E+01 -1.6583198E+01 8.4061105E+00
2026 07 25 09 58 30 000 -1.8141024E+01 -1.6580839E+01 8.4097792E+00
2026 07 25 09 59 00 000 -1.8137778E+01 -1.6578485E+01 8.4134350E+00
2026 07 25 09 59 30 000 -1.8134531E+01 -1.6576134E+01 8.4170777E+00
2026 07 25 10 00 00 000 -1.8131282E+01 -1.6573788E+01 8.4207074E+00
2026 07 25 10 00 30 000 -1.8128032E+01 -1.6571446E+01 8.4243242E+00
2026 07 25 10 01 00 000 -1.8124781E+01 -1.6569108E+01 8.4279279E+00
2026 07 25 10 01 30 000 -1.8121528E+01 -1.6566774E+01 8.4315186E+00
2026 07 25 10 02 00 000 -1.8118273E+01 -1.6564445E+01 8.4350963E+00
2026 07 25 10 02 30 000 -1.8115017E+01 -1.6562120E+01 8.4386609E+00
2026 07 25 10 03 00 000 -1.8111760E+01 -1.6559799E+01 8.4422125E+00
2026 07 25 10 03 30 000 -1.8108501E+01 -1.6557482E+01 8.4457511E+00
2026 07 25 10 04 00 000 -1.8105241E+01 -1.6555170E+01 8.4492766E+00
2026 07 25 10 04 30 000 -1.8101979E+01 -1.6552862E+01 8.4527891E+00
2026 07 25 10 05 00 000 -1.8098716E+01 -1.6550558E+01 8.4562884E+00
2026 07 25 10 05 30 000 -1.8095452E+01 -1.6548259E+01 8.4597748E+00
2026 07 25 10 06 00 000 -1.8092186E+01 -1.6545964E+01 8.4632480E+00
2026 07 25 10 06 30 000 -1.8088918E+01 -1.6543673E+01 8.4667081E+00
2026 07 25 10 07 00 000 -1.8085649E+01 -1.6541387E+01 8.4701552E+00
2026 07 25 10 07 30 000 -1.8082379E+01 -1.6539105E+01 8.4735891E+00
2026 07 25 10 08 00 000 -1.8079107E+01 -1.6536828E+01 8.4770100E+00
2026 07 25 10 08 30 000 -1.8075834E+01 -1.6534555E+01 8.4804177E+00
2026 07 25 10 09 00 000 -1.8072559E+01 -1.6532286E+01 8.4838124E+00
2026 07 25 10 09 30 000 -1.8069283E+01 -1.6530022E+01 8.4871938E+00
2026 07 25 10 10 00 000 -1.8066006E+01 -1.6527762E+01 8.4905622E+00
2026 07 25 10 10 30 000 -1.8062727E+01 -1.6525507E+01 8.4939174E+00
2026 07 25 10 11 00 000 -1.8059446E+01 -1.6523256E+01 8.4972595E+00
2026 07 25 10 11 30 000 -1.8056164E+01 -1.6521009E+01 8.5005885E+00
2026 07 25 10 12 00 000 -1.8052881E+01 -1.6518767E+01 8.5039043E+00
2026 07 25 10 12 30 000 -1.8049596E+01 -1.6516530E+01 8.5072069E+00
2026 07 25 10 13 00 000 -1.8046310E+01 -1.6514297E+01 8.5104964E+00
2026 07 25 10 13 30 000 -1.8043022E+01 -1.6512069E+01 8.5137727E+00
2026 07 25 10 14 00 000 -1.8039733E+01 -1.6509845E+01 8.5170358E+00
2026 07 25 10 14 30 000 -1.8036442E+01 -1.6507626E+01 8.5202857E+00
2026 07 25 10 15 00 000 -1.8033150E+01 -1.6505411E+01 8.5235225E+00
2026 07 25 10 15 30 000 -1.8029857E+01 -1.6503201E+01 8.5267460E+00
2026 07 25 10 16 00 000 -1.8026562E+01 -1.6500996E+01 8.5299564E+00
2026 07 25 10 16 30 000 -1.8023266E+01 -1.6498795E+01 8.5331535E+00
2026 07 25 10 17 00 000 -1.8019968E+01 -1.6496599E+01 8.5363375E+00
2026 07 25 10 17 30 000 -1.8016668E+01 -1.6494407E+01 8.5395082E+00
2026 07 25 10 18 00 000 -1.8013368E+01 -1.6492220E+01 8.5426657E+00
2026 07 25 10 18 30 000 -1.8010065E+01 -1.6490038E+01 8.5458100E+00
2026 07 25 10 19 00 000 -1.8006762E+01 -1.6487860E+01 8.5489410E+00
2026 07 25 10 19 30 000 -1.8003457E+01 -1.6485688E+01 8.5520588E+00
2026 07 25 10 20 00 000 -1.8000150E+01 -1.6483519E+01 8.5551633E+00
2026 07 25 10 20 30 000 -1.7996842E+01 -1.6481356E+01 8.5582547E+00
2026 07 25 10 21 00 000 -1.7993533E+01 -1.6479197E+01 8.5613327E+00
2026 07 25 10 21 30 000 -1.7990222E+01 -1.6477043E+01 8.5643975E+00
2026 07 25 10 22 00 000 -1.7986909E+01 -1.6474893E+01 8.5674490E+00
2026 07 25 10 22 30 000 -1.7983596E+01 -1.6472749E+01 8.5704873E+00
2026 07 25 10 23 00 000 -1.7980280E+01 -1.6470609E+01 8.5735123E+00
2026 07 25 10 23 30 000 -1.7976964E+01 -1.6468474E+01 8.5765240E+00
2026 07 25 10 24 00 000 -1.7973645E+01 -1.6466344E+01 8.5795224E+00
2026 07 25 10 24 30 000 -1.7970326E+01 -1.6464218E+01 8.5825076E+00
2026 07 25 10 25 00 000 -1.7967005E+01 -1.6462098E+01 8.5854794E+00
2026 07 25 10 25 30 000 -1.7963682E+01 -1.6459982E+01 8.5884379E+00
2026 07 25 10 26 00 000 -1.7960358E+01 -1.6457871E+01 8.5913832E+00
2026 07 25 10 26 30 000 -1.7957033E+01 -1.6455764E+01 8.5943151E+00
2026 07 25 10 27 00 000 -1.7953706E+01 -1.6453663E+01 8.5972337E+00
2026 07 25 10 27 30 000 -1.7950378E+01 -1.6451567E+01 8.6001390E+00
2026 07 25 10 28 00 000 -1.7947048E+01 -1.6449475E+01 8.6030310E+00
2026 07 25 10 28 30 000 -1.7943717E+01 -1.6447388E+01 8.6059096E+00
2026 07 25 10 29 00 000 -1.7940384E+01 -1.6445307E+01 8.6087749E+00
2026 07 25 10 29 30 000 -1.7937050E+01 -1.6443230E+01 8.6116269E+00
2026 07 25 10 30 00 000 -1.7933714E+01 -1.6441158E+01 8.6144655E+00
2026 07 25 10 30 30 000 -1.7930377E+01 -1.6439091E+01 8.6172908E+00
2026 07 25 10 31 00 000 -1.7927039E+01 -1.6437029E+01 8.6201028E+00
2026 07 25 10 31 30 000 -1.7923699E+01 -1.6434971E+01 8.6229014E+00
2026 07 25 10 32 00 000 -1.7920357E+01 -1.6432919E+01 8.6256866E+00
2026 07 25 10 32 30 000 -1.7917014E+01 -1.6430872E+01 8.6284584E+00
2026 07 25 10 33 00 000 -1.7913670E+01 -1.6428830E+01 8.6312169E+00
2026 07 25 10 33 30 000 -1.7910324E+01 -1.6426792E+01 8.6339620E+00
2026 07 25 10 34 00 000 -1.7906977E+01 -1.6424760E+01 8.6366938E+00
2026 07 25 10 34 30 000 -1.7903628E+01 -1.6422733E+01 8.6394121E+00
2026 07 25 10 35 00 000 -1.7900278E+01 -1.6420711E+01 8.6421171E+00
2026 07 25 10 35 30 000 -1.7896926E+01 -1.6418694E+01 8.6448087E+00
2026 07 25 10 36 00 000 -1.7893573E+01 -1.6416681E+01 8.6474869E+00
2026 07 25 10 36 30 000 -1.7890219E+01 -1.6414674E+01 8.6501517E+00
2026 07 25 10 37 00 000 -1.7886863E+01 -1.6412672E+01 8.6528031E+00
2026 07 25 10 37 30 000 -1.7883505E+01 -1.6410675E+01 8.6554411E+00
2026 07 25 10 38 00 000 -1.7880146E+01 -1.6408683E+01 8.6580657E+00
2026 07 25 10 38 30 000 -1.7876786E+01 -1.6406697E+01 8.6606769E+00
2026 07 25 10 39 00 000 -1.7873424E+01 -1.6404715E+01 8.6632746E+00
2026 07 25 10 39 30 000 -1.7870061E+01 -1.6402738E+01 8.6658589E+00
2026 07 25 10 40 00 000 -1.7866696E+01 -1.6400767E+01 8.6684299E+00
2026 07 25 10 40 30 000 -1.7863330E+01 -1.6398801E+01 8.6709873E+00
2026 07 25 10 41 00 000 -1.7859962E+01 -1.6396840E+01 8.6735314E+00
2026 07 25 10 41 30 000 -1.7856593E+01 -1.6394884E+01 8.6760620E+00
2026 07 25 10 42 00 000 -1.7853222E+01 -1.6392933E+01 8.6785792E+00
2026 07 25 10 42 30 000 -1.7849850E+01 -1.6390987E+01 8.6810829E+00
2026 07 25 10 43 00 000 -1.7846477E+01 -1.6389047E+01 8.6835732E+00
2026 07 25 10 43 30 000 -1.7843102E+01 -1.6387111E+01 8.6860501E+00
2026 07 25 10 44 00 000 -1.7839725E+01 -1.6385181E+01 8.6885135E+00
2026 07 25 10 44 30 000 -1.7836347E+01 -1.6383256E+01 8.6909634E+00
2026 07 25 10 45 00 000 -1.7832968E+01 -1.6381337E+01 8.6933999E+00
2026 07 25 10 45 30 000 -1.7829587E+01 -1.6379422E+01 8.6958229E+00
2026 07 25 10 46 00 000 -1.7826205E+01 -1.6377513E+01 8.6982324E+00
2026 07 25 10 46 30 000 -1.7822821E+01 -1.6375609E+01 8.7006285E+00
2026 07 25 10 47 00 000 -1.7819436E+01 -1.6373711E+01 8.7030111E+00
2026 07 25 10 47 30 000 -1.7816049E+01 -1.6371817E+01 8.7053802E+00
2026 07 25 10 48 00 000 -1.7812661E+01 -1.6369929E+01 8.7077358E+00
2026 07 25 10 48 30 000 -1.7809272E+01 -1.6368046E+01 8.7100780E+00
2026 07 25 10 49 00 000 -1.7805881E+01 -1.6366169E+01 8.7124067E+00
2026 07 25 10 49 30 000 -1.7802488E+01 -1.6364296E+01 8.7147219E+00
2026 07 25 10 50 00 000 -1.7799094E+01 -1.6362430E+01 8.7170236E+00
2026 07 25 10 50 30 000 -1.7795699E+01 -1.6360568E+01 8.7193118E+00
2026 07 25 10 51 00 000 -1.7792302E+01 -1.6358712E+01 8.7215865E+00
2026 07 25 10 51 30 000 -1.7788903E+01 -1.6356861E+01 8.7238477E+00
2026 07 25 10 52 00 000 -1.7785504E+01 -1.6355015E+01 8.7260954E+00
2026 07 25 10 52 30 000 -1.7782102E+01 -1.6353175E+01 8.7283296E+00
2026 07 25 10 53 00 000 -1.7778700E+01 -1.6351340E+01 8.7305503E+00
2026 07 25 10 53 30 000 -1.7775295E+01 -1.6349511E+01 8.7327574E+00
2026 07 25 10 54 00 000 -1.7771890E+01 -1.6347686E+01 8.7349511E+00
2026 07 25 10 54 30 000 -1.7768483E+01 -1.6345868E+01 8.7371313E+00
2026 07 25 10 55 00 000 -1.7765074E+01 -1.6344054E+01 8.7392979E+00
2026 07 25 10 55 30 000 -1.7761664E+01 -1.6342246E+01 8.7414510E+00
2026 07 25 10 56 00 000 -1.7758252E+01 -1.6340444E+01 8.7435906E+00
2026 07 25 10 56 30 000 -1.7754839E+01 -1.6338647E+01 8.7457166E+00
2026 07 25 10 57 00 000 -1.7751425E+01 -1.6336855E+01 8.7478292E+00
2026 07 25 10 57 30 000 -1.7748009E+01 -1.6335069E+01 8.7499282E+00
2026 07 25 10 58 00 000 -1.7744591E+01 -1.6333288E+01 8.7520136E+00
2026 07 25 10 58 30 000 -1.7741173E+01 -1.6331513E+01 8.7540856E+00
2026 07 25 10 59 00 000 -1.7737752E+01 -1.6329743E+01 8.7561440E+00
2026 07 25 10 59 30 000 -1.7734330E+01 -1.6327978E+01 8.7581888E+00
2026 07 25 11 00 00 000 -1.7730907E+01 -1.6326219E+01 8.7602202E+00
2026 07 25 11 00 30 000 -1.7727482E+01 -1.6324466E+01 8.7622379E+00
2026 07 25 11 01 00 000 -1.7724056E+01 -1.6322718E+01 8.7642422E+00
2026 07 25 11 01 30 000 -1.7720628E+01 -1.6320975E+01 8.7662328E+00
2026 07 25 11 02 00 000 -1.7717199E+01 -1.6319238E+01 8.7682100E+00
2026 07 25 11 02 30 000 -1.7713769E+01 -1.6317507E+01 8.7701735E+00
2026 07 25 11 03 00 000 -1.7710337E+01 -1.6315781E+01 8.7721236E+00
2026 07 25 11 03 30 000 -1.7706903E+01 -1.6314061E+01 8.7740600E+00
2026 07 25 11 04 00 000 -1.7703468E+01 -1.6312346E+01 8.7759829E+00
2026 07 25 11 04 30 000 -1.7700031E+01 -1.6310636E+01 8.7778923E+00
2026 07 25 11 05 00 000 -1.7696593E+01 -1.6308933E+01 8.7797881E+00
2026 07 25 11 05 30 000 -1.7693154E+01 -1.6307234E+01 8.7816703E+00
2026 07 25 11 06 00 000 -1.7689713E+01 -1.6305542E+01 8.7835390E+00
2026 07 25 11 06 30 000 -1.7686271E+01 -1.6303855E+01 8.7853941E+00
2026 07 25 11 07 00 000 -1.7682827E+01 -1.6302173E+01 8.7872356E+00
2026 07 25 11 07 30 000 -1.7679382E+01 -1.6300497E+01 8.7890636E+00
2026 07 25 11 08 00 000 -1.7675935E+01 -1.6298827E+01 8.7908780E+00
2026 07 25 11 08 30 000 -1.7672486E+01 -1.6297162E+01 8.7926788E+00
2026 07 25 11 09 00 000 -1.7669037E+01 -1.6295503E+01 8.7944660E+00
2026 07 25 11 09 30 000 -1.7665585E+01 -1.6293849E+01 8.7962397E+00
2026 07 25 11 10 00 000 -1.7662133E+01 -1.6292201E+01 8.7979998E+00
2026 07 25 11 10 30 000 -1.7658679E+01 -1.6290559E+01 8.7997463E+00
2026 07 25 11 11 00 000 -1.7655223E+01 -1.6288922E+01 8.8014792E+00
2026 07 25 11 11 30 000 -1.7651766E+01 -1.6287291E+01 8.8031986E+00
2026 07 25 11 12 00 000 -1.7648307E+01 -1.6285666E+01 8.8049043E+00
2026 07 25 11 12 30 000 -1.7644847E+01 -1.6284046E+01 8.8065965E+00
2026 07 25 11 13 00 000 -1.7641386E+01 -1.6282432E+01 8.8082751E+00
2026 07 25 11 13 30 000 -1.7637923E+01 -1.6280824E+01 8.8099402E+00
2026 07 25 11 14 00 000 -1.7634458E+01 -1.6279221E+01 8.8115916E+00
2026 07 25 11 14 30 000 -1.7630992E+01 -1.6277624E+01 8.8132294E+00
2026 07 25 11 15 00 000 -1.7627525E+01 -1.6276033E+01 8.8148537E+00
2026 07 25 11 15 30 000 -1.7624056E+01 -1.6274447E+01 8.8164644E+00
2026 07 25 11 16 00 000 -1.7620585E+01 -1.6272867E+01 8.8180614E+00
2026 07 25 11 16 30 000 -1.7617114E+01 -1.6271293E+01 8.8196449E+00
2026 07 25 11 17 00 000 -1.7613640E+01 -1.6269724E+01 8.8212148E+00
2026 07 25 11 17 30 000 -1.7610165E+01 -1.6268161E+01 8.8227712E+00
2026 07 25 11 18 00 000 -1.7606689E+01 -1.6266604E+01 8.8243139E+00
2026 07 25 11 18 30 000 -1.7603211E+01 -1.6265052E+01 8.8258430E+00
2026 07 25 11 19 00 000 -1.7599732E+01 -1.6263506E+01 8.8273585E+00
2026 07 25 11 19 30 000 -1.7596252E+01 -1.6261966E+01 8.8288605E+00
2026 07 25 11 20 00 000 -1.7592769E+01 -1.6260432E+01 8.8303488E+00
2026 07 25 11 20 30 000 -1.7589286E+01 -1.6258904E+01 8.8318235E+00
2026 07 25 11 21 00 000 -1.7585801E+01 -1.6257381E+01 8.8332847E+00
2026 07 25 11 21 30 000 -1.7582314E+01 -1.6255864E+01 8.8347322E+00
2026 07 25 11 22 00 000 -1.7578826E+01 -1.6254352E+01 8.8361662E+00
2026 07 25 11 22 30 000 -1.7575336E+01 -1.6252847E+01 8.8375866E+00
2026 07 25 11 23 00 000 -1.7571845E+01 -1.6251347E+01 8.8389933E+00
2026 07 25 11 23 30 000 -1.7568353E+01 -1.6249853E+01 8.8403865E+00
2026 07 25 11 24 00 000 -1.7564859E+01 -1.6248365E+01 8.8417661E+00
2026 07 25 11 24 30 000 -1.7561364E+01 -1.6246882E+01 8.8431320E+00
2026 07 25 11 25 00 000 -1.7557867E+01 -1.6245406E+01 8.8444844E+00
2026 07 25 11 25 30 000 -1.7554368E+01 -1.6243935E+01 8.8458232E+00
2026 07 25 11 26 00 000 -1.7550868E+01 -1.6242470E+01 8.8471483E+00
2026 07 25 11 26 30 000 -1.7547367E+01 -1.6241011E+01 8.8484599E+00
2026 07 25 11 27 00 000 -1.7543864E+01 -1.6239557E+01 8.8497579E+00
2026 07 25 11 27 30 000 -1.7540360E+01 -1.6238109E+01 8.8510423E+00
2026 07 25 11 28 00 000 -1.7536854E+01 -1.6236668E+01 8.8523131E+00
2026 07 25 11 28 30 000 -1.7533347E+01 -1.6235232E+01 8.8535703E+00
2026 07 25 11 29 00 000 -1.7529838E+01 -1.6233801E+01 8.8548139E+00
2026 07 25 11 29 30 000 -1.7526328E+01 -1.6232377E+01 8.8560439E+00
2026 07 25 11 30 00 000 -1.7522816E+01 -1.6230958E+01 8.8572603E+00
2026 07 25 11 30 30 000 -1.7519303E+01 -1.6229546E+01 8.8584631E+00
2026 07 25 11 31 00 000 -1.7515788E+01 -1.6228139E+01 8.8596523E+00
2026 07 25 11 31 30 000 -1.7512272E+01 -1.6226738E+01 8.8608279E+00
2026 07 25 11 32 00 000 -1.7508754E+01 -1.6225343E+01 8.8619899E+00
2026 07 25 11 32 30 000 -1.7505235E+01 -1.6223953E+01 8.8631383E+00
2026 07 25 11 33 00 000 -1.7501715E+01 -1.6222570E+01 8.8642732E+00
2026 07 25 11 33 30 000 -1.7498192E+01 -1.6221192E+01 8.8653944E+00
2026 07 25 11 34 00 000 -1.7494669E+01 -1.6219820E+01 8.8665021E+00
2026 07 25 11 34 30 000 -1.7491144E+01 -1.6218454E+01 8.8675961E+00
2026 07 25 11 35 00 000 -1.7487617E+01 -1.6217094E+01 8.8686766E+00
2026 07 25 11 35 30 000 -1.7484089E+01 -1.6215740E+01 8.8697435E+00
2026 07 25 11 36 00 000 -1.7480560E+01 -1.6214392E+01 8.8707968E+00
2026 07 25 11 36 30 000 -1.7477029E+01 -1.6213049E+01 8.8718365E+00
2026 07 25 11 37 00 000 -1.7473496E+01 -1.6211713E+01 8.8728626E+00
2026 07 25 11 37 30 000 -1.7469962E+01 -1.6210382E+01 8.8738751E+00
2026 07 25 11 38 00 000 -1.7466427E+01 -1.6209057E+01 8.8748741E+00
2026 07 25 11 38 30 000 -1.7462890E+01 -1.6207738E+01 8.8758594E+00
2026 07 25 11 39 00 000 -1.7459351E+01 -1.6206425E+01 8.8768312E+00
2026 07 25 11 39 30 000 -1.7455812E+01 -1.6205118E+01 8.8777894E+00
2026 07 25 11 40 00 000 -1.7452270E+01 -1.6203817E+01 8.8787340E+00
2026 07 25 11 40 30 000 -1.7448727E+01 -1.6202522E+01 8.8796650E+00
2026 07 25 11 41 00 000 -1.7445183E+01 -1.6201232E+01 8.8805825E+00
2026 07 25 11 41 30 000 -1.7441637E+01 -1.6199949E+01 8.8814864E+00
2026 07 25 11 42 00 000 -1.7438090E+01 -1.6198671E+01 8.8823767E+00
2026 07 25 11 42 30 000 -1.7434541E+01 -1.6197400E+01 8.8832534E+00
2026 07 25 11 43 00 000 -1.7430991E+01 -1.6196134E+01 8.8841166E+00
2026 07 25 11 43 30 000 -1.7427439E+01 -1.6194874E+01 8.8849662E+00
2026 07 25 11 44 00 000 -1.7423886E+01 -1.6193620E+01 8.8858022E+00
2026 07 25 11 44 30 000 -1.7420331E+01 -1.6192372E+01 8.8866247E+00
2026 07 25 11 45 00 000 -1.7416775E+01 -1.6191130E+01 8.8874336E+00
2026 07 25 11 45 30 000 -1.7413217E+01 -1.6189894E+01 8.8882289E+00
2026 07 25 11 46 00 000 -1.7409658E+01 -1.6188663E+01 8.8890106E+00
2026 07 25 11 46 30 000 -1.7406097E+01 -1.6187439E+01 8.8897789E+00
2026 07 25 11 47 00 000 -1.7402535E+01 -1.6186221E+01 8.8905335E+00
2026 07 25 11 47 30 000 -1.7398971E+01 -1.6185008E+01 8.8912746E+00
2026 07 25 11 48 00 000 -1.7395406E+01 -1.6183802E+01 8.8920021E+00
2026 07 25 11 48 30 000 -1.7391840E+01 -1.6182601E+01 8.8927161E+00
2026 07 25 11 49 00 000 -1.7388272E+01 -1.6181407E+01 8.8934165E+00
2026 07 25 11 49 30 000 -1.7384702E+01 -1.6180218E+01 8.8941034E+00
2026 07 25 11 50 00 000 -1.7381131E+01 -1.6179035E+01 8.8947768E+00
2026 07 25 11 50 30 000 -1.7377558E+01 -1.6177858E+01 8.8954366E+00
2026 07 25 11 51 00 000 -1.7373984E+01 -1.6176688E+01 8.8960828E+00
2026 07 25 11 51 30 000 -1.7370409E+01 -1.6175523E+01 8.8967155E+00
2026 07 25 11 52 00 000 -1.7366831E+01 -1.6174364E+01 8.8973347E+00
2026 07 25 11 52 30 000 -1.7363253E+01 -1.6173211E+01 8.8979403E+00
2026 07 25 11 53 00 000 -1.7359673E+01 -1.6172064E+01 8.8985324E+00
2026 07 25 11 53 30 000 -1.7356091E+01 -1.6170922E+01 8.8991110E+00
2026 07 25 11 54 00 000 -1.7352508E+01 -1.6169787E+01 8.8996761E+00
2026 07 25 11 54 30 000 -1.7348924E+01 -1.6168658E+01 8.9002276E+00
2026 07 25 11 55 00 000 -1.7345338E+01 -1.6167535E+01 8.9007656E+00
2026 07 25 11 55 30 000 -1.7341750E+01 -1.6166417E+01 8.9012901E+00
2026 07 25 11 56 00 000 -1.7338161E+01 -1.6165306E+01 8.9018011E+00
2026 07 25 11 56 30 000 -1.7334571E+01 -1.6164201E+01 8.9022985E+00
2026 07 25 11 57 00 000 -1.7330979E+01 -1.6163101E+01 8.9027825E+00
2026 07 25 11 57 30 000 -1.7327385E+01 -1.6162007E+01 8.9032529E+00
2026 07 25 11 58 00 000 -1.7323790E+01 -1.6160920E+01 8.9037099E+00
2026 07 25 11 58 30 000 -1.7320193E+01 -1.6159838E+01 8.9041533E+00
2026 07 25 11 59 00 000 -1.7316595E+01 -1.6158763E+01 8.9045832E+00
2026 07 25 11 59 30 000 -1.7312996E+01 -1.6157693E+01 8.9049997E+00
2026 07 25 12 00 00 000 -1.7309395E+01 -1.6156629E+01 8.9054026E+00
2026 07 25 12 00 30 000 -1.7305793E+01 -1.6155571E+01 8.9057920E+00
2026 07 25 12 01 00 000 -1.7302189E+01 -1.6154520E+01 8.9061680E+00
2026 07 25 12 01 30 000 -1.7298583E+01 -1.6153474E+01 8.9065305E+00
2026 07 25 12 02 00 000 -1.7294976E+01 -1.6152434E+01 8.9068795E+00
2026 07 25 12 02 30 000 -1.7291368E+01 -1.6151400E+01 8.9072150E+00
2026 07 25 12 03 00 000 -1.7287758E+01 -1.6150372E+01 8.9075371E+00
2026 07 25 12 03 30 000 -1.7284146E+01 -1.6149350E+01 8.9078456E+00
2026 07 25 12 04 00 000 -1.7280533E+01 -1.6148334E+01 8.9081408E+00
2026 07 25 12 04 30 000 -1.7276919E+01 -1.6147324E+01 8.9084224E+00
2026 07 25 12 05 00 000 -1.7273303E+01 -1.6146319E+01 8.9086906E+00
2026 07 25 12 05 30 000 -1.7269685E+01 -1.6145321E+01 8.9089453E+00
2026 07 25 12 06 00 000 -1.7266066E+01 -1.6144329E+01 8.9091866E+00
2026 07 25 12 06 30 000 -1.7262446E+01 -1.6143343E+01 8.9094144E+00
2026 07 25 12 07 00 000 -1.7258824E+01 -1.6142362E+01 8.9096288E+00
2026 07 25 12 07 30 000 -1.7255200E+01 -1.6141388E+01 8.9098297E+00
2026 07 25 12 08 00 000 -1.7251575E+01 -1.6140419E+01 8.9100172E+00
2026 07 25 12 08 30 000 -1.7247949E+01 -1.6139457E+01 8.9101913E+00
2026 07 25 12 09 00 000 -1.7244321E+01 -1.6138500E+01 8.9103519E+00
2026 07 25 12 09 30 000 -1.7240692E+01 -1.6137550E+01 8.9104992E+00
2026 07 25 12 10 00 000 -1.7237061E+01 -1.6136605E+01 8.9106329E+00
2026 07 25 12 10 30 000 -1.7233428E+01 -1.6135666E+01 8.9107533E+00
2026 07 25 12 11 00 000 -1.7229794E+01 -1.6134734E+01 8.9108603E+00
2026 07 25 12 11 30 000 -1.7226159E+01 -1.6133807E+01 8.9109538E+00
2026 07 25 12 12 00 000 -1.7222522E+01 -1.6132886E+01 8.9110340E+00
2026 07 25 12 12 30 000 -1.7218883E+01 -1.6131971E+01 8.9111007E+00
2026 07 25 12 13 00 000 -1.7215244E+01 -1.6131062E+01 8.9111541E+00
2026 07 25 12 13 30 000 -1.7211602E+01 -1.6130159E+01 8.9111940E+00
2026 07 25 12 14 00 000 -1.7207959E+01 -1.6129262E+01 8.9112206E+00
2026 07 25 12 14 30 000 -1.7204315E+01 -1.6128370E+01 8.9112338E+00
2026 07 25 12 15 00 000 -1.7200669E+01 -1.6127485E+01 8.9112336E+00
2026 07 25 12 15 30 000 -1.7197022E+01 -1.6126606E+01 8.9112200E+00
2026 07 25 12 16 00 000 -1.7193373E+01 -1.6125732E+01 8.9111931E+00
2026 07 25 12 16 30 000 -1.7189723E+01 -1.6124865E+01 8.9111528E+00
2026 07 25 12 17 00 000 -1.7186071E+01 -1.6124003E+01 8.9110992E+00
2026 07 25 12 17 30 000 -1.7182417E+01 -1.6123148E+01 8.9110322E+00
2026 07 25 12 18 00 000 -1.7178762E+01 -1.6122298E+01 8.9109518E+00
2026 07 25 12 18 30 000 -1.7175106E+01 -1.6121454E+01 8.9108581E+00
2026 07 25 12 19 00 000 -1.7171448E+01 -1.6120616E+01 8.9107511E+00
2026 07 25 12 19 30 000 -1.7167788E+01 -1.6119784E+01 8.9106307E+00
2026 07 25 12 20 00 000 -1.7164127E+01 -1.6118958E+01 8.9104970E+00
2026 07 25 12 20 30 000 -1.7160465E+01 -1.6118138E+01 8.9103500E+00
2026 07 25 12 21 00 000 -1.7156801E+01 -1.6117324E+01 8.9101896E+00
2026 07 25 12 21 30 000 -1.7153136E+01 -1.6116515E+01 8.9100159E+00
2026 07 25 12 22 00 000 -1.7149469E+01 -1.6115713E+01 8.9098290E+00
2026 07 25 12 22 30 000 -1.7145800E+01 -1.6114916E+01 8.9096287E+00
2026 07 25 12 23 00 000 -1.7142130E+01 -1.6114126E+01 8.9094151E+00
2026 07 25 12 23 30 000 -1.7138459E+01 -1.6113341E+01 8.9091883E+00
2026 07 25 12 24 00 000 -1.7134786E+01 -1.6112562E+01 8.9089481E+00
2026 07 25 12 24 30 000 -1.7131111E+01 -1.6111789E+01 8.9086947E+00
2026 07 25 12 25 00 000 -1.7127435E+01 -1.6111022E+01 8.9084280E+00
2026 07 25 12 25 30 000 -1.7123758E+01 -1.6110261E+01 8.9081480E+00
2026 07 25 12 26 00 000 -1.7120079E+01 -1.6109505E+01 8.9078548E+00
2026 07 25 12 26 30 000 -1.7116398E+01 -1.6108756E+01 8.9075483E+00
2026 07 25 12 27 00 000 -1.7112716E+01 -1.6108012E+01 8.9072285E+00
2026 07 25 12 27 30 000 -1.7109033E+01 -1.6107274E+01 8.9068955E+00
2026 07 25 12 28 00 000 -1.7105348E+01 -1.6106542E+01 8.9065493E+00
2026 07 25 12 28 30 000 -1.7101661E+01 -1.6105816E+01 8.9061898E+00
2026 07 25 12 29 00 000 -1.7097973E+01 -1.6105096E+01 8.9058171E+00
2026 07 25 12 29 30 000 -1.7094284E+01 -1.6104382E+01 8.9054312E+00
2026 07 25 12 30 00 000 -1.7090593E+01 -1.6103673E+01 8.9050321E+00
2026 07 25 12 30 30 000 -1.7086900E+01 -1.6102970E+01 8.9046197E+00
2026 07 25 12 31 00 000 -1.7083206E+01 -1.6102274E+01 8.9041942E+00
2026 07 25 12 31 30 000 -1.7079511E+01 -1.6101583E+01 8.9037555E+00
2026 07 25 12 32 00 000 -1.7075814E+01 -1.6100897E+01 8.9033036E+00
2026 07 25 12 32 30 000 -1.7072115E+01 -1.6100218E+01 8.9028385E+00
2026 07 25 12 33 00 000 -1.7068415E+01 -1.6099544E+01 8.9023602E+00
2026 07 25 12 33 30 000 -1.7064713E+01 -1.6098877E+01 8.9018687E+00
2026 07 25 12 34 00 000 -1.7061010E+01 -1.6098215E+01 8.9013641E+00
2026 07 25 12 34 30 000 -1.7057306E+01 -1.6097558E+01 8.9008463E+00
2026 07 25 12 35 00 000 -1.7053599E+01 -1.6096908E+01 8.9003154E+00
2026 07 25 12 35 30 000 -1.7049892E+01 -1.6096263E+01 8.8997714E+00
2026 07 25 12 36 00 000 -1.7046182E+01 -1.6095625E+01 8.8992142E+00
2026 07 25 12 36 30 000 -1.7042472E+01 -1.6094992E+01 8.8986438E+00
2026 07 25 12 37 00 000 -1.7038759E+01 -1.6094364E+01 8.8980604E+00
2026 07 25 12 37 30 000 -1.7035046E+01 -1.6093743E+01 8.8974638E+00
2026 07 25 12 38 00 000 -1.7031330E+01 -1.6093127E+01 8.8968541E+00
2026 07 25 12 38 30 000 -1.7027614E+01 -1.6092517E+01 8.8962313E+00
2026 07 25 12 39 00 000 -1.7023895E+01 -1.6091913E+01 8.8955955E+00
2026 07 25 12 39 30 000 -1.7020176E+01 -1.6091315E+01 8.8949465E+00
2026 07 25 12 40 00 000 -1.7016454E+01 -1.6090722E+01 8.8942844E+00
2026 07 25 12 40 30 000 -1.7012732E+01 -1.6090135E+01 8.8936093E+00
2026 07 25 12 41 00 000 -1.7009007E+01 -1.6089554E+01 8.8929211E+00
2026 07 25 12 41 30 000 -1.7005281E+01 -1.6088979E+01 8.8922198E+00
2026 07 25 12 42 00 000 -1.7001554E+01 -1.6088409E+01 8.8915055E+00
2026 07 25 12 42 30 000 -1.6997825E+01 -1.6087845E+01 8.8907782E+00
2026 07 25 12 43 00 000 -1.6994095E+01 -1.6087287E+01 8.8900378E+00
2026 07 25 12 43 30 000 -1.6990363E+01 -1.6086734E+01 8.8892844E+00
2026 07 25 12 44 00 000 -1.6986629E+01 -1.6086187E+01 8.8885180E+00
2026 07 25 12 44 30 000 -1.6982894E+01 -1.6085646E+01 8.8877386E+00
2026 07 25 12 45 00 000 -1.6979158E+01 -1.6085111E+01 8.8869462E+00
2026 07 25 12 45 30 000 -1.6975420E+01 -1.6084581E+01 8.8861407E+00
2026 07 25 12 46 00 000 -1.6971680E+01 -1.6084057E+01 8.8853223E+00
2026 07 25 12 46 30 000 -1.6967939E+01 -1.6083539E+01 8.8844909E+00
2026 07 25 12 47 00 000 -1.6964197E+01 -1.6083026E+01 8.8836465E+00
2026 07 25 12 47 30 000 -1.6960453E+01 -1.6082519E+01 8.8827892E+00
2026 07 25 12 48 00 000 -1.6956707E+01 -1.6082017E+01 8.8819189E+00
2026 07 25 12 48 30 000 -1.6952960E+01 -1.6081521E+01 8.8810357E+00
2026 07 25 12 49 00 000 -1.6949212E+01 -1.6081031E+01 8.8801395E+00
2026 07 25 12 49 30 000 -1.6945461E+01 -1.6080547E+01 8.8792305E+00
2026 07 25 12 50 00 000 -1.6941710E+01 -1.6080068E+01 8.8783084E+00
2026 07 25 12 50 30 000 -1.6937957E+01 -1.6079595E+01 8.8773735E+00
2026 07 25 12 51 00 000 -1.6934202E+01 -1.6079127E+01 8.8764257E+00
2026 07 25 12 51 30 000 -1.6930446E+01 -1.6078665E+01 8.8754649E+00
2026 07 25 12 52 00 000 -1.6926688E+01 -1.6078209E+01 8.8744913E+00
2026 07 25 12 52 30 000 -1.6922929E+01 -1.6077758E+01 8.8735048E+00
2026 07 25 12 53 00 000 -1.6919168E+01 -1.6077313E+01 8.8725054E+00
2026 07 25 12 53 30 000 -1.6915406E+01 -1.6076873E+01 8.8714932E+00
2026 07 25 12 54 00 000 -1.6911642E+01 -1.6076439E+01 8.8704681E+00
2026 07 25 12 54 30 000 -1.6907877E+01 -1.6076010E+01 8.8694302E+00
2026 07 25 12 55 00 000 -1.6904110E+01 -1.6075587E+01 8.8683794E+00
2026 07 25 12 55 30 000 -1.6900341E+01 -1.6075170E+01 8.8673158E+00
2026 07 25 12 56 00 000 -1.6896572E+01 -1.6074758E+01 8.8662395E+00
2026 07 25 12 56 30 000 -1.6892800E+01 -1.6074352E+01 8.8651503E+00
2026 07 25 12 57 00 000 -1.6889027E+01 -1.6073951E+01 8.8640483E+00
2026 07 25 12 57 30 000 -1.6885253E+01 -1.6073555E+01 8.8629335E+00
2026 07 25 12 58 00 000 -1.6881477E+01 -1.6073166E+01 8.8618059E+00
2026 07 25 12 58 30 000 -1.6877699E+01 -1.6072781E+01 8.8606656E+00
2026 07 25 12 59 00 000 -1.6873920E+01 -1.6072403E+01 8.8595125E+00
2026 07 25 12 59 30 000 -1.6870140E+01 -1.6072029E+01 8.8583467E+00
2026 07 25 13 00 00 000 -1.6866358E+01 -1.6071662E+01 8.8571681E+00
2026 07 25 13 00 30 000 -1.6862574E+01 -1.6071299E+01 8.8559769E+00
2026 07 25 13 01 00 000 -1.6858789E+01 -1.6070942E+01 8.8547729E+00
2026 07 25 13 01 30 000 -1.6855002E+01 -1.6070591E+01 8.8535561E+00
2026 07 25 13 02 00 000 -1.6851214E+01 -1.6070245E+01 8.8523267E+00
2026 07 25 13 02 30 000 -1.6847425E+01 -1.6069904E+01 8.8510846E+00
2026 07 25 13 03 00 000 -1.6843633E+01 -1.6069569E+01 8.8498298E+00
2026 07 25 13 03 30 000 -1.6839841E+01 -1.6069240E+01 8.8485624E+00
2026 07 25 13 04 00 000 -1.6836047E+01 -1.6068915E+01 8.8472823E+00
2026 07 25 13 04 30 000 -1.6832251E+01 -1.6068596E+01 8.8459895E+00
2026 07 25 13 05 00 000 -1.6828453E+01 -1.6068283E+01 8.8446841E+00
2026 07 25 13 05 30 000 -1.6824655E+01 -1.6067975E+01 8.8433661E+00
2026 07 25 13 06 00 000 -1.6820854E+01 -1.6067672E+01 8.8420355E+00
2026 07 25 13 06 30 000 -1.6817052E+01 -1.6067375E+01 8.8406923E+00
2026 07 25 13 07 00 000 -1.6813249E+01 -1.6067083E+01 8.8393364E+00
2026 07 25 13 07 30 000 -1.6809444E+01 -1.6066796E+01 8.8379680E+00
2026 07 25 13 08 00 000 -1.6805638E+01 -1.6066515E+01 8.8365871E+00
2026 07 25 13 08 30 000 -1.6801830E+01 -1.6066239E+01 8.8351935E+00
2026 07 25 13 09 00 000 -1.6798020E+01 -1.6065968E+01 8.8337874E+00
2026 07 25 13 09 30 000 -1.6794209E+01 -1.6065703E+01 8.8323688E+00
2026 07 25 13 10 00 000 -1.6790396E+01 -1.6065443E+01 8.8309376E+00
2026 07 25 13 10 30 000 -1.6786582E+01 -1.6065188E+01 8.8294939E+00
2026 07 25 13 11 00 000 -1.6782767E+01 -1.6064938E+01 8.8280377E+00
2026 07 25 13 11 30 000 -1.6778949E+01 -1.6064694E+01 8.8265691E+00
2026 07 25 13 12 00 000 -1.6775131E+01 -1.6064455E+01 8.8250879E+00
2026 07 25 13 12 30 000 -1.6771311E+01 -1.6064221E+01 8.8235943E+00
2026 07 25 13 13 00 000 -1.6767489E+01 -1.6063993E+01 8.8220882E+00
2026 07 25 13 13 30 000 -1.6763665E+01 -1.6063770E+01 8.8205696E+00
2026 07 25 13 14 00 000 -1.6759841E+01 -1.6063552E+01 8.8190386E+00
2026 07 25 13 14 30 000 -1.6756014E+01 -1.6063339E+01 8.8174952E+00
2026 07 25 13 15 00 000 -1.6752186E+01 -1.6063131E+01 8.8159394E+00
2026 07 25 13 15 30 000 -1.6748357E+01 -1.6062929E+01 8.8143711E+00
2026 07 25 13 16 00 000 -1.6744526E+01 -1.6062732E+01 8.8127905E+00
2026 07 25 13 16 30 000 -1.6740693E+01 -1.6062540E+01 8.8111975E+00
2026 07 25 13 17 00 000 -1.6736859E+01 -1.6062353E+01 8.8095922E+00
2026 07 25 13 17 30 000 -1.6733024E+01 -1.6062171E+01 8.8079745E+00
2026 07 25 13 18 00 000 -1.6729186E+01 -1.6061995E+01 8.8063444E+00
2026 07 25 13 18 30 000 -1.6725348E+01 -1.6061823E+01 8.8047020E+00
2026 07 25 13 19 00 000 -1.6721508E+01 -1.6061657E+01 8.8030473E+00
2026 07 25 13 19 30 000 -1.6717666E+01 -1.6061495E+01 8.8013803E+00
2026 07 25 13 20 00 000 -1.6713823E+01 -1.6061339E+01 8.7997010E+00
2026 07 25 13 20 30 000 -1.6709978E+01 -1.6061188E+01 8.7980094E+00
2026 07 25 13 21 00 000 -1.6706131E+01 -1.6061042E+01 8.7963055E+00
2026 07 25 13 21 30 000 -1.6702284E+01 -1.6060901E+01 8.7945894E+00
2026 07 25 13 22 00 000 -1.6698434E+01 -1.6060765E+01 8.7928611E+00
2026 07 25 13 22 30 000 -1.6694583E+01 -1.6060635E+01 8.7911205E+00
2026 07 25 13 23 00 000 -1.6690731E+01 -1.6060509E+01 8.7893677E+00
2026 07 25 13 23 30 000 -1.6686877E+01 -1.6060388E+01 8.7876027E+00
2026 07 25 13 24 00 000 -1.6683021E+01 -1.6060272E+01 8.7858255E+00
2026 07 25 13 24 30 000 -1.6679164E+01 -1.6060162E+01 8.7840361E+00
2026 07 25 13 25 00 000 -1.6675305E+01 -1.6060056E+01 8.7822345E+00
2026 07 25 13 25 30 000 -1.6671445E+01 -1.6059955E+01 8.7804208E+00
2026 07 25 13 26 00 000 -1.6667583E+01 -1.6059859E+01 8.7785950E+00
2026 07 25 13 26 30 000 -1.6663720E+01 -1.6059768E+01 8.7767571E+00
2026 07 25 13 27 00 000 -1.6659855E+01 -1.6059682E+01 8.7749070E+00
2026 07 25 13 27 30 000 -1.6655989E+01 -1.6059601E+01 8.7730448E+00
2026 07 25 13 28 00 000 -1.6652121E+01 -1.6059525E+01 8.7711706E+00
2026 07 25 13 28 30 000 -1.6648252E+01 -1.6059454E+01 8.7692842E+00
2026 07 25 13 29 00 000 -1.6644381E+01 -1.6059388E+01 8.7673859E+00
2026 07 25 13 29 30 000 -1.6640508E+01 -1.6059326E+01 8.7654754E+00
2026 07 25 13 30 00 000 -1.6636634E+01 -1.6059270E+01 8.7635530E+00
2026 07 25 13 30 30 000 -1.6632759E+01 -1.6059218E+01 8.7616185E+00
2026 07 25 13 31 00 000 -1.6628882E+01 -1.6059171E+01 8.7596720E+00
2026 07 25 13 31 30 000 -1.6625003E+01 -1.6059129E+01 8.7577135E+00
2026 07 25 13 32 00 000 -1.6621123E+01 -1.6059092E+01 8.7557431E+00
2026 07 25 13 32 30 000 -1.6617241E+01 -1.6059060E+01 8.7537607E+00
2026 07 25 13 33 00 000 -1.6613358E+01 -1.6059032E+01 8.7517663E+00
2026 07 25 13 33 30 000 -1.6609473E+01 -1.6059009E+01 8.7497601E+00
2026 07 25 13 34 00 000 -1.6605587E+01 -1.6058991E+01 8.7477419E+00
2026 07 25 13 34 30 000 -1.6601699E+01 -1.6058978E+01 8.7457118E+00
2026 07 25 13 35 00 000 -1.6597810E+01 -1.6058969E+01 8.7436698E+00
2026 07 25 13 35 30 000 -1.6593919E+01 -1.6058965E+01 8.7416159E+00
2026 07 25 13 36 00 000 -1.6590026E+01 -1.6058966E+01 8.7395502E+00
2026 07 25 13 36 30 000 -1.6586132E+01 -1.6058972E+01 8.7374726E+00
2026 07 25 13 37 00 000 -1.6582236E+01 -1.6058982E+01 8.7353832E+00
2026 07 25 13 37 30 000 -1.6578339E+01 -1.6058997E+01 8.7332820E+00
2026 07 25 13 38 00 000 -1.6574441E+01 -1.6059017E+01 8.7311690E+00
2026 07 25 13 38 30 000 -1.6570540E+01 -1.6059041E+01 8.7290442E+00
2026 07 25 13 39 00 000 -1.6566639E+01 -1.6059070E+01 8.7269077E+00
2026 07 25 13 39 30 000 -1.6562735E+01 -1.6059103E+01 8.7247594E+00
2026 07 25 13 40 00 000 -1.6558830E+01 -1.6059142E+01 8.7225993E+00
2026 07 25 13 40 30 000 -1.6554924E+01 -1.6059184E+01 8.7204275E+00
2026 07 25 13 41 00 000 -1.6551016E+01 -1.6059232E+01 8.7182441E+00
2026 07 25 13 41 30 000 -1.6547107E+01 -1.6059284E+01 8.7160489E+00
2026 07 25 13 42 00 000 -1.6543195E+01 -1.6059340E+01 8.7138420E+00
2026 07 25 13 42 30 000 -1.6539283E+01 -1.6059401E+01 8.7116235E+00
2026 07 25 13 43 00 000 -1.6535369E+01 -1.6059466E+01 8.7093934E+00
2026 07 25 13 43 30 000 -1.6531453E+01 -1.6059536E+01 8.7071516E+00
2026 07 25 13 44 00 000 -1.6527536E+01 -1.6059611E+01 8.7048982E+00
2026 07 25 13 44 30 000 -1.6523617E+01 -1.6059690E+01 8.7026332E+00
2026 07 25 13 45 00 000 -1.6519697E+01 -1.6059774E+01 8.7003566E+00
2026 07 25 13 45 30 000 -1.6515775E+01 -1.6059862E+01 8.6980685E+00
2026 07 25 13 46 00 000 -1.6511851E+01 -1.6059954E+01 8.6957688E+00
2026 07 25 13 46 30 000 -1.6507926E+01 -1.6060051E+01 8.6934576E+00
2026 07 25 13 47 00 000 -1.6504000E+01 -1.6060152E+01 8.6911348E+00
2026 07 25 13 47 30 000 -1.6500071E+01 -1.6060258E+01 8.6888006E+00
2026 07 25 13 48 00 000 -1.6496142E+01 -1.6060368E+01 8.6864549E+00
2026 07 25 13 48 30 000 -1.6492211E+01 -1.6060482E+01 8.6840977E+00
2026 07 25 13 49 00 000 -1.6488278E+01 -1.6060601E+01 8.6817290E+00
2026 07 25 13 49 30 000 -1.6484344E+01 -1.6060724E+01 8.6793489E+00
2026 07 25 13 50 00 000 -1.6480408E+01 -1.6060851E+01 8.6769574E+00
2026 07 25 13 50 30 000 -1.6476470E+01 -1.6060983E+01 8.6745546E+00
2026 07 25 13 51 00 000 -1.6472531E+01 -1.6061119E+01 8.6721403E+00
2026 07 25 13 51 30 000 -1.6468591E+01 -1.6061259E+01 8.6697147E+00
2026 07 25 13 52 00 000 -1.6464649E+01 -1.6061404E+01 8.6672777E+00
2026 07 25 13 52 30 000 -1.6460705E+01 -1.6061553E+01 8.6648294E+00
2026 07 25 13 53 00 000 -1.6456760E+01 -1.6061706E+01 8.6623697E+00
2026 07 25 13 53 30 000 -1.6452813E+01 -1.6061863E+01 8.6598988E+00
2026 07 25 13 54 00 000 -1.6448865E+01 -1.6062025E+01 8.6574166E+00
2026 07 25 13 54 30 000 -1.6444915E+01 -1.6062191E+01 8.6549231E+00
2026 07 25 13 55 00 000 -1.6440963E+01 -1.6062361E+01 8.6524184E+00
2026 07 25 13 55 30 000 -1.6437010E+01 -1.6062535E+01 8.6499024E+00
2026 07 25 13 56 00 000 -1.6433056E+01 -1.6062713E+01 8.6473753E+00
2026 07 25 13 56 30 000 -1.6429100E+01 -1.6062895E+01 8.6448369E+00
2026 07 25 13 57 00 000 -1.6425142E+01 -1.6063082E+01 8.6422874E+00
2026 07 25 13 57 30 000 -1.6421183E+01 -1.6063272E+01 8.6397267E+00
2026 07 25 13 58 00 000 -1.6417222E+01 -1.6063467E+01 8.6371549E+00
2026 07 25 13 58 30 000 -1.6413260E+01 -1.6063666E+01 8.6345720E+00
2026 07 25 13 59 00 000 -1.6409296E+01 -1.6063869E+01 8.6319779E+00
2026 07 25 13 59 30 000 -1.6405331E+01 -1.6064075E+01 8.6293728E+00
2026 07 25 14 00 00 000 -1.6401364E+01 -1.6064286E+01 8.6267566E+00
2026 07 25 14 00 30 000 -1.6397395E+01 -1.6064501E+01 8.6241293E+00
2026 07 25 14 01 00 000 -1.6393425E+01 -1.6064720E+01 8.6214911E+00
2026 07 25 14 01 30 000 -1.6389453E+01 -1.6064943E+01 8.6188418E+00
2026 07 25 14 02 00 000 -1.6385480E+01 -1.6065170E+01 8.6161815E+00
2026 07 25 14 02 30 000 -1.6381506E+01 -1.6065401E+01 8.6135103E+00
2026 07 25 14 03 00 000 -1.6377529E+01 -1.6065635E+01 8.6108281E+00
2026 07 25 14 03 30 000 -1.6373551E+01 -1.6065874E+01 8.6081349E+00
2026 07 25 14 04 00 000 -1.6369572E+01 -1.6066117E+01 8.6054309E+00
2026 07 25 14 04 30 000 -1.6365591E+01 -1.6066363E+01 8.6027159E+00
2026 07 25 14 05 00 000 -1.6361608E+01 -1.6066613E+01 8.5999901E+00
2026 07 25 14 05 30 000 -1.6357624E+01 -1.6066867E+01 8.5972534E+00
2026 07 25 14 06 00 000 -1.6353639E+01 -1.6067125E+01 8.5945059E+00
2026 07 25 14 06 30 000 -1.6349651E+01 -1.6067387E+01 8.5917476E+00
2026 07 25 14 07 00 000 -1.6345663E+01 -1.6067653E+01 8.5889784E+00
2026 07 25 14 07 30 000 -1.6341672E+01 -1.6067922E+01 8.5861985E+00
2026 07 25 14 08 00 000 -1.6337680E+01 -1.6068195E+01 8.5834078E+00
2026 07 25 14 08 30 000 -1.6333687E+01 -1.6068472E+01 8.5806064E+00
2026 07 25 14 09 00 000 -1.6329692E+01 -1.6068753E+01 8.5777943E+00
2026 07 25 14 09 30 000 -1.6325695E+01 -1.6069037E+01 8.5749714E+00
2026 07 25 14 10 00 000 -1.6321697E+01 -1.6069325E+01 8.5721379E+00
2026 07 25 14 10 30 000 -1.6317697E+01 -1.6069617E+01 8.5692937E+00
2026 07 25 14 11 00 000 -1.6313696E+01 -1.6069912E+01 8.5664388E+00
2026 07 25 14 11 30 000 -1.6309693E+01 -1.6070211E+01 8.5635734E+00
2026 07 25 14 12 00 000 -1.6305689E+01 -1.6070514E+01 8.5606973E+00
2026 07 25 14 12 30 000 -1.6301683E+01 -1.6070820E+01 8.5578107E+00
2026 07 25 14 13 00 000 -1.6297675E+01 -1.6071130E+01 8.5549135E+00
2026 07 25 14 13 30 000 -1.6293666E+01 -1.6071444E+01 8.5520058E+00
2026 07 25 14 14 00 000 -1.6289655E+01 -1.6071761E+01 8.5490875E+00
2026 07 25 14 14 30 000 -1.6285643E+01 -1.6072081E+01 8.5461587E+00
2026 07 25 14 15 00 000 -1.6281629E+01 -1.6072405E+01 8.5432195E+00
2026 07 25 14 15 30 000 -1.6277614E+01 -1.6072733E+01 8.5402698E+00
2026 07 25 14 16 00 000 -1.6273597E+01 -1.6073064E+01 8.5373097E+00
2026 07 25 14 16 30 000 -1.6269579E+01 -1.6073398E+01 8.5343391E+00
2026 07 25 14 17 00 000 -1.6265558E+01 -1.6073737E+01 8.5313582E+00
2026 07 25 14 17 30 000 -1.6261537E+01 -1.6074078E+01 8.5283669E+00
2026 07 25 14 18 00 000 -1.6257514E+01 -1.6074423E+01 8.5253652E+00
2026 07 25 14 18 30 000 -1.6253489E+01 -1.6074771E+01 8.5223532E+00
2026 07 25 14 19 00 000 -1.6249462E+01 -1.6075123E+01 8.5193309E+00
2026 07 25 14 19 30 000 -1.6245434E+01 -1.6075478E+01 8.5162983E+00
2026 07 25 14 20 00 000 -1.6241405E+01 -1.6075836E+01 8.5132554E+00
2026 07 25 14 20 30 000 -1.6237374E+01 -1.6076198E+01 8.5102023E+00
2026 07 25 14 21 00 000 -1.6233341E+01 -1.6076563E+01 8.5071389E+00
2026 07 25 14 21 30 000 -1.6229307E+01 -1.6076932E+01 8.5040654E+00
2026 07 25 14 22 00 000 -1.6225271E+01 -1.6077303E+01 8.5009817E+00
2026 07 25 14 22 30 000 -1.6221234E+01 -1.6077678E+01 8.4978878E+00
2026 07 25 14 23 00 000 -1.6217195E+01 -1.6078056E+01 8.4947838E+00
2026 07 25 14 23 30 000 -1.6213154E+01 -1.6078438E+01 8.4916697E+00
2026 07 25 14 24 00 000 -1.6209112E+01 -1.6078822E+01 8.4885454E+00
2026 07 25 14 24 30 000 -1.6205069E+01 -1.6079210E+01 8.4854112E+00
2026 07 25 14 25 00 000 -1.6201024E+01 -1.6079601E+01 8.4822668E+00
2026 07 25 14 25 30 000 -1.6196977E+01 -1.6079995E+01 8.4791124E+00
2026 07 25 14 26 00 000 -1.6192928E+01 -1.6080392E+01 8.4759481E+00
2026 07 25 14 26 30 000 -1.6188878E+01 -1.6080793E+01 8.4727738E+00
2026 07 25 14 27 00 000 -1.6184827E+01 -1.6081196E+01 8.4695895E+00
2026 07 25 14 27 30 000 -1.6180774E+01 -1.6081603E+01 8.4663952E+00
2026 07 25 14 28 00 000 -1.6176719E+01 -1.6082012E+01 8.4631911E+00
2026 07 25 14 28 30 000 -1.6172663E+01 -1.6082425E+01 8.4599770E+00
2026 07 25 14 29 00 000 -1.6168605E+01 -1.6082840E+01 8.4567531E+00
2026 07 25 14 29 30 000 -1.6164546E+01 -1.6083259E+01 8.4535194E+00
2026 07 25 14 30 00 000 -1.6160485E+01 -1.6083681E+01 8.4502758E+00
2026 07 25 14 30 30 000 -1.6156422E+01 -1.6084105E+01 8.4470225E+00
2026 07 25 14 31 00 000 -1.6152358E+01 -1.6084533E+01 8.4437593E+00
2026 07 25 14 31 30 000 -1.6148292E+01 -1.6084963E+01 8.4404864E+00
2026 07 25 14 32 00 000 -1.6144225E+01 -1.6085397E+01 8.4372038E+00
2026 07 25 14 32 30 000 -1.6140156E+01 -1.6085833E+01 8.4339115E+00
2026 07 25 14 33 00 000 -1.6136086E+01 -1.6086272E+01 8.4306095E+00
2026 07 25 14 33 30 000 -1.6132014E+01 -1.6086714E+01 8.4272979E+00
2026 07 25 14 34 00 000 -1.6127940E+01 -1.6087159E+01 8.4239766E+00
2026 07 25 14 34 30 000 -1.6123865E+01 -1.6087607E+01 8.4206457E+00
2026 07 25 14 35 00 000 -1.6119788E+01 -1.6088057E+01 8.4173053E+00
2026 07 25 14 35 30 000 -1.6115710E+01 -1.6088511E+01 8.4139552E+00
2026 07 25 14 36 00 000 -1.6111630E+01 -1.6088967E+01 8.4105956E+00
2026 07 25 14 36 30 000 -1.6107548E+01 -1.6089425E+01 8.4072266E+00
2026 07 25 14 37 00 000 -1.6103465E+01 -1.6089887E+01 8.4038480E+00
2026 07 25 14 37 30 000 -1.6099381E+01 -1.6090351E+01 8.4004600E+00
2026 07 25 14 38 00 000 -1.6095294E+01 -1.6090818E+01 8.3970625E+00
2026 07 25 14 38 30 000 -1.6091207E+01 -1.6091287E+01 8.3936556E+00
2026 07 25 14 39 00 000 -1.6087117E+01 -1.6091760E+01 8.3902393E+00
2026 07 25 14 39 30 000 -1.6083026E+01 -1.6092234E+01 8.3868137E+00
2026 07 25 14 40 00 000 -1.6078934E+01 -1.6092712E+01 8.3833787E+00
2026 07 25 14 40 30 000 -1.6074840E+01 -1.6093192E+01 8.3799344E+00
2026 07 25 14 41 00 000 -1.6070744E+01 -1.6093674E+01 8.3764808E+00
2026 07 25 14 41 30 000 -1.6066646E+01 -1.6094159E+01 8.3730180E+00
2026 07 25 14 42 00 000 -1.6062548E+01 -1.6094647E+01 8.3695459E+00
2026 07 25 14 42 30 000 -1.6058447E+01 -1.6095137E+01 8.3660646E+00
2026 07 25 14 43 00 000 -1.6054345E+01 -1.6095630E+01 8.3625741E+00
2026 07 25 14 43 30 000 -1.6050241E+01 -1.6096125E+01 8.3590744E+00
2026 07 25 14 44 00 000 -1.6046136E+01 -1.6096622E+01 8.3555656E+00
2026 07 25 14 44 30 000 -1.6042029E+01 -1.6097122E+01 8.3520477E+00
2026 07 25 14 45 00 000 -1.6037921E+01 -1.6097625E+01 8.3485207E+00
2026 07 25 14 45 30 000 -1.6033811E+01 -1.6098130E+01 8.3449846E+00
2026 07 25 14 46 00 000 -1.6029699E+01 -1.6098637E+01 8.3414395E+00
2026 07 25 14 46 30 000 -1.6025586E+01 -1.6099146E+01 8.3378854E+00
2026 07 25 14 47 00 000 -1.6021472E+01 -1.6099658E+01 8.3343223E+00
2026 07 25 14 47 30 000 -1.6017355E+01 -1.6100172E+01 8.3307502E+00
2026 07 25 14 48 00 000 -1.6013237E+01 -1.6100688E+01 8.3271692E+00
2026 07 25 14 48 30 000 -1.6009118E+01 -1.6101207E+01 8.3235793E+00
2026 07 25 14 49 00 000 -1.6004997E+01 -1.6101728E+01 8.3199805E+00
2026 07 25 14 49 30 000 -1.6000874E+01 -1.6102251E+01 8.3163729E+00
2026 07 25 14 50 00 000 -1.5996750E+01 -1.6102777E+01 8.3127564E+00
2026 07 25 14 50 30 000 -1.5992624E+01 -1.6103304E+01 8.3091311E+00
2026 07 25 14 51 00 000 -1.5988497E+01 -1.6103834E+01 8.3054971E+00
2026 07 25 14 51 30 000 -1.5984368E+01 -1.6104366E+01 8.3018543E+00
2026 07 25 14 52 00 000 -1.5980237E+01 -1.6104900E+01 8.2982028E+00
2026 07 25 14 52 30 000 -1.5976105E+01 -1.6105436E+01 8.2945426E+00
2026 07 25 14 53 00 000 -1.5971971E+01 -1.6105974E+01 8.2908737E+00
2026 07 25 14 53 30 000 -1.5967836E+01 -1.6106514E+01 8.2871962E+00
2026 07 25 14 54 00 000 -1.5963699E+01 -1.6107057E+01 8.2835100E+00
2026 07 25 14 54 30 000 -1.5959560E+01 -1.6107601E+01 8.2798153E+00
2026 07 25 14 55 00 000 -1.5955420E+01 -1.6108147E+01 8.2761120E+00
2026 07 25 14 55 30 000 -1.5951278E+01 -1.6108696E+01 8.2724002E+00
2026 07 25 14 56 00 000 -1.5947135E+01 -1.6109246E+01 8.2686799E+00
2026 07 25 14 56 30 000 -1.5942990E+01 -1.6109798E+01 8.2649511E+00
2026 07 25 14 57 00 000 -1.5938843E+01 -1.6110352E+01 8.2612138E+00
2026 07 25 14 57 30 000 -1.5934695E+01 -1.6110908E+01 8.2574681E+00
2026 07 25 14 58 00 000 -1.5930546E+01 -1.6111466E+01 8.2537141E+00
2026 07 25 14 58 30 000 -1.5926394E+01 -1.6112026E+01 8.2499516E+00
2026 07 25 14 59 00 000 -1.5922241E+01 -1.6112588E+01 8.2461808E+00
2026 07 25 14 59 30 000 -1.5918087E+01 -1.6113151E+01 8.2424017E+00
2026 07 25 15 00 00 000 -1.5913931E+01 -1.6113716E+01 8.2386143E+00
2026 07 25 15 00 30 000 -1.5909773E+01 -1.6114283E+01 8.2348187E+00
2026 07 25 15 01 00 000 -1.5905614E+01 -1.6114852E+01 8.2310148E+00
2026 07 25 15 01 30 000 -1.5901453E+01 -1.6115423E+01 8.2272028E+00
2026 07 25 15 02 00 000 -1.5897290E+01 -1.6115995E+01 8.2233825E+00
2026 07 25 15 02 30 000 -1.5893126E+01 -1.6116569E+01 8.2195541E+00
2026 07 25 15 03 00 000 -1.5888961E+01 -1.6117145E+01 8.2157176E+00
2026 07 25 15 03 30 000 -1.5884793E+01 -1.6117722E+01 8.2118731E+00
2026 07 25 15 04 00 000 -1.5880624E+01 -1.6118301E+01 8.2080204E+00
2026 07 25 15 04 30 000 -1.5876454E+01 -1.6118881E+01 8.2041597E+00
2026 07 25 15 05 00 000 -1.5872282E+01 -1.6119463E+01 8.2002911E+00
2026 07 25 15 05 30 000 -1.5868108E+01 -1.6120047E+01 8.1964144E+00
2026 07 25 15 06 00 000 -1.5863933E+01 -1.6120632E+01 8.1925298E+00
2026 07 25 15 06 30 000 -1.5859756E+01 -1.6121219E+01 8.1886373E+00
2026 07 25 15 07 00 000 -1.5855578E+01 -1.6121807E+01 8.1847369E+00
2026 07 25 15 07 30 000 -1.5851398E+01 -1.6122397E+01 8.1808287E+00
2026 07 25 15 08 00 000 -1.5847216E+01 -1.6122988E+01 8.1769126E+00
2026 07 25 15 08 30 000 -1.5843033E+01 -1.6123581E+01 8.1729887E+00
2026 07 25 15 09 00 000 -1.5838848E+01 -1.6124175E+01 8.1690571E+00
2026 07 25 15 09 30 000 -1.5834661E+01 -1.6124771E+01 8.1651177E+00
2026 07 25 15 10 00 000 -1.5830473E+01 -1.6125367E+01 8.1611706E+00
2026 07 25 15 10 30 000 -1.5826284E+01 -1.6125966E+01 8.1572158E+00
2026 07 25 15 11 00 000 -1.5822093E+01 -1.6126565E+01 8.1532534E+00
2026 07 25 15 11 30 000 -1.5817900E+01 -1.6127166E+01 8.1492834E+00
2026 07 25 15 12 00 000 -1.5813705E+01 -1.6127768E+01 8.1453057E+00
2026 07 25 15 12 30 000 -1.5809509E+01 -1.6128372E+01 8.1413205E+00
2026 07 25 15 13 00 000 -1.5805311E+01 -1.6128976E+01 8.1373278E+00
2026 07 25 15 13 30 000 -1.5801112E+01 -1.6129582E+01 8.1333276E+00
2026 07 25 15 14 00 000 -1.5796911E+01 -1.6130190E+01 8.1293199E+00
2026 07 25 15 14 30 000 -1.5792709E+01 -1.6130798E+01 8.1253048E+00
2026 07 25 15 15 00 000 -1.5788505E+01 -1.6131407E+01 8.1212822E+00
2026 07 25 15 15 30 000 -1.5784299E+01 -1.6132018E+01 8.1172523E+00
2026 07 25 15 16 00 000 -1.5780092E+01 -1.6132630E+01 8.1132150E+00
2026 07 25 15 16 30 000 -1.5775883E+01 -1.6133243E+01 8.1091704E+00
2026 07 25 15 17 00 000 -1.5771672E+01 -1.6133857E+01 8.1051185E+00
2026 07 25 15 17 30 000 -1.5767460E+01 -1.6134472E+01 8.1010594E+00
2026 07 25 15 18 00 000 -1.5763246E+01 -1.6135088E+01 8.0969930E+00
2026 07 25 15 18 30 000 -1.5759031E+01 -1.6135705E+01 8.0929194E+00
2026 07 25 15 19 00 000 -1.5754814E+01 -1.6136323E+01 8.0888387E+00
2026 07 25 15 19 30 000 -1.5750595E+01 -1.6136942E+01 8.0847508E+00
2026 07 25 15 20 00 000 -1.5746375E+01 -1.6137562E+01 8.0806559E+00
2026 07 25 15 20 30 000 -1.5742153E+01 -1.6138183E+01 8.0765538E+00
2026 07 25 15 21 00 000 -1.5737930E+01 -1.6138805E+01 8.0724447E+00
2026 07 25 15 21 30 000 -1.5733705E+01 -1.6139428E+01 8.0683286E+00
2026 07 25 15 22 00 000 -1.5729478E+01 -1.6140051E+01 8.0642056E+00
2026 07 25 15 22 30 000 -1.5725250E+01 -1.6140676E+01 8.0600755E+00
2026 07 25 15 23 00 000 -1.5721020E+01 -1.6141301E+01 8.0559386E+00
2026 07 25 15 23 30 000 -1.5716789E+01 -1.6141927E+01 8.0517947E+00
2026 07 25 15 24 00 000 -1.5712556E+01 -1.6142554E+01 8.0476441E+00
2026 07 25 15 24 30 000 -1.5708321E+01 -1.6143182E+01 8.0434866E+00
2026 07 25 15 25 00 000 -1.5704085E+01 -1.6143810E+01 8.0393223E+00
2026 07 25 15 25 30 000 -1.5699847E+01 -1.6144439E+01 8.0351512E+00
2026 07 25 15 26 00 000 -1.5695608E+01 -1.6145069E+01 8.0309734E+00
2026 07 25 15 26 30 000 -1.5691366E+01 -1.6145700E+01 8.0267890E+00
2026 07 25 15 27 00 000 -1.5687124E+01 -1.6146331E+01 8.0225978E+00
2026 07 25 15 27 30 000 -1.5682879E+01 -1.6146962E+01 8.0184000E+00
2026 07 25 15 28 00 000 -1.5678633E+01 -1.6147595E+01 8.0141957E+00
2026 07 25 15 28 30 000 -1.5674386E+01 -1.6148228E+01 8.0099847E+00
2026 07 25 15 29 00 000 -1.5670137E+01 -1.6148861E+01 8.0057673E+00
2026 07 25 15 29 30 000 -1.5665886E+01 -1.6149496E+01 8.0015433E+00
2026 07 25 15 30 00 000 -1.5661634E+01 -1.6150130E+01 7.9973128E+00
2026 07 25 15 30 30 000 -1.5657380E+01 -1.6150765E+01 7.9930760E+00
2026 07 25 15 31 00 000 -1.5653124E+01 -1.6151401E+01 7.9888327E+00
2026 07 25 15 31 30 000 -1.5648867E+01 -1.6152037E+01 7.9845831E+00
2026 07 25 15 32 00 000 -1.5644608E+01 -1.6152673E+01 7.9803271E+00
2026 07 25 15 32 30 000 -1.5640347E+01 -1.6153310E+01 7.9760648E+00
2026 07 25 15 33 00 000 -1.5636085E+01 -1.6153948E+01 7.9717962E+00
2026 07 25 15 33 30 000 -1.5631821E+01 -1.6154585E+01 7.9675214E+00
2026 07 25 15 34 00 000 -1.5627556E+01 -1.6155223E+01 7.9632404E+00
2026 07 25 15 34 30 000 -1.5623289E+01 -1.6155862E+01 7.9589532E+00
2026 07 25 15 35 00 000 -1.5619021E+01 -1.6156500E+01 7.9546598E+00
2026 07 25 15 35 30 000 -1.5614750E+01 -1.6157139E+01 7.9503604E+00
2026 07 25 15 36 00 000 -1.5610478E+01 -1.6157778E+01 7.9460549E+00
2026 07 25 15 36 30 000 -1.5606205E+01 -1.6158418E+01 7.9417434E+00
2026 07 25 15 37 00 000 -1.5601930E+01 -1.6159058E+01 7.9374258E+00
2026 07 25 15 37 30 000 -1.5597653E+01 -1.6159697E+01 7.9331023E+00
2026 07 25 15 38 00 000 -1.5593375E+01 -1.6160338E+01 7.9287728E+00
2026 07 25 15 38 30 000 -1.5589095E+01 -1.6160978E+01 7.9244374E+00
2026 07 25 15 39 00 000 -1.5584813E+01 -1.6161618E+01 7.9200961E+00
2026 07 25 15 39 30 000 -1.5580530E+01 -1.6162259E+01 7.9157490E+00
2026 07 25 15 40 00 000 -1.5576245E+01 -1.6162899E+01 7.9113961E+00
2026 07 25 15 40 30 000 -1.5571959E+01 -1.6163540E+01 7.9070374E+00
2026 07 25 15 41 00 000 -1.5567671E+01 -1.6164180E+01 7.9026730E+00
2026 07 25 15 41 30 000 -1.5563381E+01 -1.6164821E+01 7.8983028E+00
2026 07 25 15 42 00 000 -1.5559090E+01 -1.6165462E+01 7.8939270E+00
2026 07 25 15 42 30 000 -1.5554797E+01 -1.6166103E+01 7.8895456E+00
2026 07 25 15 43 00 000 -1.5550502E+01 -1.6166743E+01 7.8851585E+00
2026 07 25 15 43 30 000 -1.5546206E+01 -1.6167384E+01 7.8807659E+00
2026 07 25 15 44 00 000 -1.5541909E+01 -1.6168024E+01 7.8763678E+00
2026 07 25 15 44 30 000 -1.5537609E+01 -1.6168665E+01 7.8719641E+00
2026 07 25 15 45 00 000 -1.5533308E+01 -1.6169305E+01 7.8675549E+00
2026 07 25 15 45 30 000 -1.5529006E+01 -1.6169945E+01 7.8631404E+00
2026 07 25 15 46 00 000 -1.5524701E+01 -1.6170585E+01 7.8587204E+00
2026 07 25 15 46 30 000 -1.5520395E+01 -1.6171225E+01 7.8542951E+00
2026 07 25 15 47 00 000 -1.5516088E+01 -1.6171865E+01 7.8498645E+00
2026 07 25 15 47 30 000 -1.5511779E+01 -1.6172504E+01 7.8454285E+00
2026 07 25 15 48 00 000 -1.5507468E+01 -1.6173143E+01 7.8409873E+00
2026 07 25 15 48 30 000 -1.5503155E+01 -1.6173782E+01 7.8365409E+00
2026 07 25 15 49 00 000 -1.5498841E+01 -1.6174421E+01 7.8320893E+00
2026 07 25 15 49 30 000 -1.5494526E+01 -1.6175059E+01 7.8276325E+00
2026 07 25 15 50 00 000 -1.5490209E+01 -1.6175697E+01 7.8231706E+00
2026 07 25 15 50 30 000 -1.5485890E+01 -1.6176334E+01 7.8187036E+00
2026 07 25 15 51 00 000 -1.5481569E+01 -1.6176972E+01 7.8142316E+00
2026 07 25 15 51 30 000 -1.5477247E+01 -1.6177608E+01 7.8097546E+00
2026 07 25 15 52 00 000 -1.5472923E+01 -1.6178245E+01 7.8052725E+00
2026 07 25 15 52 30 000 -1.5468598E+01 -1.6178881E+01 7.8007856E+00
2026 07 25 15 53 00 000 -1.5464270E+01 -1.6179516E+01 7.7962937E+00
2026 07 25 15 53 30 000 -1.5459942E+01 -1.6180151E+01 7.7917970E+00
2026 07 25 15 54 00 000 -1.5455611E+01 -1.6180785E+01 7.7872954E+00
2026 07 25 15 54 30 000 -1.5451279E+01 -1.6181419E+01 7.7827890E+00
2026 07 25 15 55 00 000 -1.5446946E+01 -1.6182053E+01 7.7782779E+00
2026 07 25 15 55 30 000 -1.5442611E+01 -1.6182685E+01 7.7737620E+00
2026 07 25 15 56 00 000 -1.5438274E+01 -1.6183318E+01 7.7692414E+00
2026 07 25 15 56 30 000 -1.5433935E+01 -1.6183949E+01 7.7647162E+00
2026 07 25 15 57 00 000 -1.5429595E+01 -1.6184580E+01 7.7601864E+00
2026 07 25 15 57 30 000 -1.5425253E+01 -1.6185210E+01 7.7556519E+00
2026 07 25 15 58 00 000 -1.5420910E+01 -1.6185840E+01 7.7511129E+00
2026 07 25 15 58 30 000 -1.5416565E+01 -1.6186469E+01 7.7465694E+00
2026 07 25 15 59 00 000 -1.5412218E+01 -1.6187097E+01 7.7420214E+00
2026 07 25 15 59 30 000 -1.5407870E+01 -1.6187724E+01 7.7374690E+00
2026 07 25 16 00 00 000 -1.5403520E+01 -1.6188351E+01 7.7329121E+00
2026 07 25 16 00 30 000 -1.5399168E+01 -1.6188977E+01 7.7283509E+00
2026 07 25 16 01 00 000 -1.5394815E+01 -1.6189602E+01 7.7237854E+00
2026 07 25 16 01 30 000 -1.5390460E+01 -1.6190226E+01 7.7192155E+00
2026 07 25 16 02 00 000 -1.5386104E+01 -1.6190849E+01 7.7146414E+00
2026 07 25 16 02 30 000 -1.5381745E+01 -1.6191472E+01 7.7100630E+00
2026 07 25 16 03 00 000 -1.5377386E+01 -1.6192093E+01 7.7054805E+00
2026 07 25 16 03 30 000 -1.5373024E+01 -1.6192714E+01 7.7008938E+00
2026 07 25 16 04 00 000 -1.5368661E+01 -1.6193334E+01 7.6963030E+00
2026 07 25 16 04 30 000 -1.5364296E+01 -1.6193952E+01 7.6917081E+00
2026 07 25 16 05 00 000 -1.5359930E+01 -1.6194570E+01 7.6871092E+00
2026 07 25 16 05 30 000 -1.5355562E+01 -1.6195187E+01 7.6825063E+00
2026 07 25 16 06 00 000 -1.5351192E+01 -1.6195803E+01 7.6778993E+00
2026 07 25 16 06 30 000 -1.5346821E+01 -1.6196417E+01 7.6732885E+00
2026 07 25 16 07 00 000 -1.5342448E+01 -1.6197031E+01 7.6686738E+00
2026 07 25 16 07 30 000 -1.5338074E+01 -1.6197644E+01 7.6640552E+00
2026 07 25 16 08 00 000 -1.5333698E+01 -1.6198255E+01 7.6594327E+00
2026 07 25 16 08 30 000 -1.5329320E+01 -1.6198866E+01 7.6548065E+00
2026 07 25 16 09 00 000 -1.5324940E+01 -1.6199475E+01 7.6501766E+00
2026 07 25 16 09 30 000 -1.5320559E+01 -1.6200083E+01 7.6455429E+00
2026 07 25 16 10 00 000 -1.5316176E+01 -1.6200690E+01 7.6409055E+00
2026 07 25 16 10 30 000 -1.5311792E+01 -1.6201295E+01 7.6362645E+00
2026 07 25 16 11 00 000 -1.5307406E+01 -1.6201900E+01 7.6316199E+00
2026 07 25 16 11 30 000 -1.5303018E+01 -1.6202503E+01 7.6269718E+00
2026 07 25 16 12 00 000 -1.5298629E+01 -1.6203105E+01 7.6223201E+00
2026 07 25 16 12 30 000 -1.5294238E+01 -1.6203705E+01 7.6176649E+00
2026 07 25 16 13 00 000 -1.5289845E+01 -1.6204305E+01 7.6130063E+00
2026 07 25 16 13 30 000 -1.5285451E+01 -1.6204903E+01 7.6083442E+00
2026 07 25 16 14 00 000 -1.5281055E+01 -1.6205499E+01 7.6036788E+00
2026 07 25 16 14 30 000 -1.5276658E+01 -1.6206094E+01 7.5990101E+00
2026 07 25 16 15 00 000 -1.5272258E+01 -1.6206688E+01 7.5943380E+00
2026 07 25 16 15 30 000 -1.5267857E+01 -1.6207281E+01 7.5896627E+00
2026 07 25 16 16 00 000 -1.5263455E+01 -1.6207872E+01 7.5849841E+00
2026 07 25 16 16 30 000 -1.5259051E+01 -1.6208461E+01 7.5803024E+00
2026 07 25 16 17 00 000 -1.5254645E+01 -1.6209049E+01 7.5756174E+00
2026 07 25 16 17 30 000 -1.5250238E+01 -1.6209636E+01 7.5709294E+00
2026 07 25 16 18 00 000 -1.5245828E+01 -1.6210221E+01 7.5662383E+00
2026 07 25 16 18 30 000 -1.5241418E+01 -1.6210804E+01 7.5615442E+00
2026 07 25 16 19 00 000 -1.5237005E+01 -1.6211386E+01 7.5568471E+00
2026 07 25 16 19 30 000 -1.5232591E+01 -1.6211966E+01 7.5521470E+00
2026 07 25 16 20 00 000 -1.5228176E+01 -1.6212545E+01 7.5474440E+00
2026 07 25 16 20 30 000 -1.5223758E+01 -1.6213122E+01 7.5427381E+00
2026 07 25 16 21 00 000 -1.5219339E+01 -1.6213698E+01 7.5380293E+00
2026 07 25 16 21 30 000 -1.5214918E+01 -1.6214272E+01 7.5333177E+00
2026 07 25 16 22 00 000 -1.5210496E+01 -1.6214844E+01 7.5286034E+00
2026 07 25 16 22 30 000 -1.5206072E+01 -1.6215414E+01 7.5238863E+00
2026 07 25 16 23 00 000 -1.5201647E+01 -1.6215983E+01 7.5191665E+00
2026 07 25 16 23 30 000 -1.5197219E+01 -1.6216550E+01 7.5144441E+00
2026 07 25 16 24 00 000 -1.5192790E+01 -1.6217115E+01 7.5097190E+00
2026 07 25 16 24 30 000 -1.5188360E+01 -1.6217678E+01 7.5049914E+00
2026 07 25 16 25 00 000 -1.5183928E+01 -1.6218240E+01 7.5002612E+00
2026 07 25 16 25 30 000 -1.5179494E+01 -1.6218800E+01 7.4955285E+00
2026 07 25 16 26 00 000 -1.5175058E+01 -1.6219358E+01 7.4907933E+00
2026 07 25 16 26 30 000 -1.5170621E+01 -1.6219914E+01 7.4860557E+00
2026 07 25 16 27 00 000 -1.5166182E+01 -1.6220468E+01 7.4813158E+00
2026 07 25 16 27 30 000 -1.5161741E+01 -1.6221020E+01 7.4765734E+00
2026 07 25 16 28 00 000 -1.5157299E+01 -1.6221570E+01 7.4718288E+00
2026 07 25 16 28 30 000 -1.5152855E+01 -1.6222119E+01 7.4670819E+00
2026 07 25 16 29 00 000 -1.5148410E+01 -1.6222665E+01 7.4623327E+00
2026 07 25 16 29 30 000 -1.5143963E+01 -1.6223210E+01 7.4575813E+00
2026 07 25 16 30 00 000 -1.5139514E+01 -1.6223752E+01 7.4528278E+00
2026 07 25 16 30 30 000 -1.5135064E+01 -1.6224293E+01 7.4480722E+00
2026 07 25 16 31 00 000 -1.5130611E+01 -1.6224831E+01 7.4433144E+00
2026 07 25 16 31 30 000 -1.5126158E+01 -1.6225367E+01 7.4385547E+00
2026 07 25 16 32 00 000 -1.5121702E+01 -1.6225902E+01 7.4337929E+00
2026 07 25 16 32 30 000 -1.5117245E+01 -1.6226434E+01 7.4290291E+00
2026 07 25 16 33 00 000 -1.5112786E+01 -1.6226964E+01 7.4242635E+00
2026 07 25 16 33 30 000 -1.5108326E+01 -1.6227492E+01 7.4194959E+00
2026 07 25 16 34 00 000 -1.5103864E+01 -1.6228017E+01 7.4147265E+00
2026 07 25 16 34 30 000 -1.5099400E+01 -1.6228541E+01 7.4099553E+00
2026 07 25 16 35 00 000 -1.5094935E+01 -1.6229062E+01 7.4051823E+00
2026 07 25 16 35 30 000 -1.5090467E+01 -1.6229581E+01 7.4004075E+00
2026 07 25 16 36 00 000 -1.5085999E+01 -1.6230098E+01 7.3956311E+00
2026 07 25 16 36 30 000 -1.5081528E+01 -1.6230613E+01 7.3908530E+00
2026 07 25 16 37 00 000 -1.5077056E+01 -1.6231125E+01 7.3860733E+00
2026 07 25 16 37 30 000 -1.5072582E+01 -1.6231635E+01 7.3812920E+00
2026 07 25 16 38 00 000 -1.5068107E+01 -1.6232143E+01 7.3765092E+00
2026 07 25 16 38 30 000 -1.5063630E+01 -1.6232648E+01 7.3717249E+00
2026 07 25 16 39 00 000 -1.5059151E+01 -1.6233151E+01 7.3669391E+00
2026 07 25 16 39 30 000 -1.5054671E+01 -1.6233652E+01 7.3621519E+00
2026 07 25 16 40 00 000 -1.5050189E+01 -1.6234150E+01 7.3573633E+00
2026 07 25 16 40 30 000 -1.5045705E+01 -1.6234646E+01 7.3525734E+00
2026 07 25 16 41 00 000 -1.5041220E+01 -1.6235139E+01 7.3477822E+00
2026 07 25 16 41 30 000 -1.5036733E+01 -1.6235630E+01 7.3429897E+00
2026 07 25 16 42 00 000 -1.5032244E+01 -1.6236119E+01 7.3381959E+00
2026 07 25 16 42 30 000 -1.5027753E+01 -1.6236605E+01 7.3334010E+00
2026 07 25 16 43 00 000 -1.5023261E+01 -1.6237088E+01 7.3286050E+00
2026 07 25 16 43 30 000 -1.5018768E+01 -1.6237569E+01 7.3238078E+00
2026 07 25 16 44 00 000 -1.5014272E+01 -1.6238047E+01 7.3190095E+00
2026 07 25 16 44 30 000 -1.5009775E+01 -1.6238523E+01 7.3142103E+00
2026 07 25 16 45 00 000 -1.5005276E+01 -1.6238997E+01 7.3094100E+00
2026 07 25 16 45 30 000 -1.5000776E+01 -1.6239467E+01 7.3046088E+00
2026 07 25 16 46 00 000 -1.4996274E+01 -1.6239935E+01 7.2998067E+00
2026 07 25 16 46 30 000 -1.4991770E+01 -1.6240401E+01 7.2950037E+00
2026 07 25 16 47 00 000 -1.4987264E+01 -1.6240863E+01 7.2901999E+00
2026 07 25 16 47 30 000 -1.4982757E+01 -1.6241323E+01 7.2853952E+00
2026 07 25 16 48 00 000 -1.4978249E+01 -1.6241781E+01 7.2805898E+00
2026 07 25 16 48 30 000 -1.4973738E+01 -1.6242235E+01 7.2757837E+00
2026 07 25 16 49 00 000 -1.4969226E+01 -1.6242687E+01 7.2709770E+00
2026 07 25 16 49 30 000 -1.4964712E+01 -1.6243137E+01 7.2661695E+00
2026 07 25 16 50 00 000 -1.4960197E+01 -1.6243583E+01 7.2613615E+00
2026 07 25 16 50 30 000 -1.4955680E+01 -1.6244027E+01 7.2565530E+00
2026 07 25 16 51 00 000 -1.4951161E+01 -1.6244467E+01 7.2517439E+00
2026 07 25 16 51 30 000 -1.4946640E+01 -1.6244905E+01 7.2469343E+00
2026 07 25 16 52 00 000 -1.4942118E+01 -1.6245341E+01 7.2421243E+00
2026 07 25 16 52 30 000 -1.4937594E+01 -1.6245773E+01 7.2373139E+00
2026 07 25 16 53 00 000 -1.4933069E+01 -1.6246202E+01 7.2325031E+00
2026 07 25 16 53 30 000 -1.4928542E+01 -1.6246629E+01 7.2276920E+00
2026 07 25 16 54 00 000 -1.4924013E+01 -1.6247053E+01 7.2228806E+00
2026 07 25 16 54 30 000 -1.4919482E+01 -1.6247473E+01 7.2180690E+00
2026 07 25 16 55 00 000 -1.4914950E+01 -1.6247891E+01 7.2132572E+00
2026 07 25 16 55 30 000 -1.4910416E+01 -1.6248306E+01 7.2084452E+00
2026 07 25 16 56 00 000 -1.4905880E+01 -1.6248718E+01 7.2036331E+00
2026 07 25 16 56 30 000 -1.4901343E+01 -1.6249126E+01 7.1988209E+00
2026 07 25 16 57 00 000 -1.4896804E+01 -1.6249532E+01 7.1940086E+00
2026 07 25 16 57 30 000 -1.4892264E+01 -1.6249935E+01 7.1891964E+00
2026 07 25 16 58 00 000 -1.4887721E+01 -1.6250334E+01 7.1843842E+00
2026 07 25 16 58 30 000 -1.4883177E+01 -1.6250731E+01 7.1795720E+00
2026 07 25 16 59 00 000 -1.4878632E+01 -1.6251125E+01 7.1747600E+00
2026 07 25 16 59 30 000 -1.4874084E+01 -1.6251515E+01 7.1699482E+00
2026 07 25 17 00 00 000 -1.4869535E+01 -1.6251902E+01 7.1651364E+00
2026 07 25 17 00 30 000 -1.4864985E+01 -1.6252286E+01 7.1603250E+00
2026 07 25 17 01 00 000 -1.4860432E+01 -1.6252667E+01 7.1555138E+00
2026 07 25 17 01 30 000 -1.4855878E+01 -1.6253045E+01 7.1507030E+00
2026 07 25 17 02 00 000 -1.4851322E+01 -1.6253420E+01 7.1458925E+00
2026 07 25 17 02 30 000 -1.4846765E+01 -1.6253791E+01 7.1410824E+00
2026 07 25 17 03 00 000 -1.4842206E+01 -1.6254159E+01 7.1362727E+00
2026 07 25 17 03 30 000 -1.4837645E+01 -1.6254524E+01 7.1314634E+00
2026 07 25 17 04 00 000 -1.4833082E+01 -1.6254886E+01 7.1266547E+00
2026 07 25 17 04 30 000 -1.4828518E+01 -1.6255244E+01 7.1218465E+00
2026 07 25 17 05 00 000 -1.4823952E+01 -1.6255599E+01 7.1170390E+00
2026 07 25 17 05 30 000 -1.4819385E+01 -1.6255951E+01 7.1122320E+00
2026 07 25 17 06 00 000 -1.4814815E+01 -1.6256299E+01 7.1074257E+00
2026 07 25 17 06 30 000 -1.4810245E+01 -1.6256644E+01 7.1026202E+00
2026 07 25 17 07 00 000 -1.4805672E+01 -1.6256986E+01 7.0978153E+00
2026 07 25 17 07 30 000 -1.4801098E+01 -1.6257324E+01 7.0930113E+00
2026 07 25 17 08 00 000 -1.4796521E+01 -1.6257659E+01 7.0882081E+00
2026 07 25 17 08 30 000 -1.4791944E+01 -1.6257991E+01 7.0834057E+00
2026 07 25 17 09 00 000 -1.4787364E+01 -1.6258319E+01 7.0786042E+00
2026 07 25 17 09 30 000 -1.4782783E+01 -1.6258644E+01 7.0738037E+00
2026 07 25 17 10 00 000 -1.4778201E+01 -1.6258965E+01 7.0690042E+00
2026 07 25 17 10 30 000 -1.4773616E+01 -1.6259282E+01 7.0642057E+00
2026 07 25 17 11 00 000 -1.4769030E+01 -1.6259597E+01 7.0594082E+00
2026 07 25 17 11 30 000 -1.4764442E+01 -1.6259907E+01 7.0546119E+00
2026 07 25 17 12 00 000 -1.4759853E+01 -1.6260214E+01 7.0498167E+00
2026 07 25 17 12 30 000 -1.4755262E+01 -1.6260518E+01 7.0450227E+00
2026 07 25 17 13 00 000 -1.4750669E+01 -1.6260818E+01 7.0402299E+00
2026 07 25 17 13 30 000 -1.4746074E+01 -1.6261115E+01 7.0354383E+00
2026 07 25 17 14 00 000 -1.4741478E+01 -1.6261407E+01 7.0306481E+00
2026 07 25 17 14 30 000 -1.4736880E+01 -1.6261697E+01 7.0258592E+00
2026 07 25 17 15 00 000 -1.4732280E+01 -1.6261982E+01 7.0210716E+00
2026 07 25 17 15 30 000 -1.4727679E+01 -1.6262264E+01 7.0162855E+00
2026 07 25 17 16 00 000 -1.4723076E+01 -1.6262542E+01 7.0115009E+00
2026 07 25 17 16 30 000 -1.4718471E+01 -1.6262817E+01 7.0067177E+00
2026 07 25 17 17 00 000 -1.4713864E+01 -1.6263088E+01 7.0019361E+00
2026 07 25 17 17 30 000 -1.4709256E+01 -1.6263355E+01 6.9971560E+00
2026 07 25 17 18 00 000 -1.4704646E+01 -1.6263619E+01 6.9923776E+00
2026 07 25 17 18 30 000 -1.4700035E+01 -1.6263879E+01 6.9876008E+00
2026 07 25 17 19 00 000 -1.4695422E+01 -1.6264135E+01 6.9828257E+00
2026 07 25 17 19 30 000 -1.4690807E+01 -1.6264387E+01 6.9780523E+00
2026 07 25 17 20 00 000 -1.4686190E+01 -1.6264635E+01 6.9732807E+00
2026 07 25 17 20 30 000 -1.4681572E+01 -1.6264880E+01 6.9685109E+00
2026 07 25 17 21 00 000 -1.4676952E+01 -1.6265121E+01 6.9637430E+00
2026 07 25 17 21 30 000 -1.4672330E+01 -1.6265358E+01 6.9589770E+00
2026 07 25 17 22 00 000 -1.4667706E+01 -1.6265591E+01 6.9542128E+00
2026 07 25 17 22 30 000 -1.4663081E+01 -1.6265820E+01 6.9494507E+00
2026 07 25 17 23 00 000 -1.4658454E+01 -1.6266046E+01 6.9446905E+00
2026 07 25 17 23 30 000 -1.4653826E+01 -1.6266267E+01 6.9399324E+00
2026 07 25 17 24 00 000 -1.4649195E+01 -1.6266485E+01 6.9351764E+00
2026 07 25 17 24 30 000 -1.4644564E+01 -1.6266698E+01 6.9304225E+00
2026 07 25 17 25 00 000 -1.4639930E+01 -1.6266908E+01 6.9256708E+00
2026 07 25 17 25 30 000 -1.4635294E+01 -1.6267114E+01 6.9209212E+00
2026 07 25 17 26 00 000 -1.4630657E+01 -1.6267316E+01 6.9161739E+00
2026 07 25 17 26 30 000 -1.4626018E+01 -1.6267514E+01 6.9114289E+00
2026 07 25 17 27 00 000 -1.4621378E+01 -1.6267707E+01 6.9066862E+00
2026 07 25 17 27 30 000 -1.4616736E+01 -1.6267897E+01 6.9019459E+00
2026 07 25 17 28 00 000 -1.4612092E+01 -1.6268083E+01 6.8972080E+00
2026 07 25 17 28 30 000 -1.4607446E+01 -1.6268265E+01 6.8924724E+00
2026 07 25 17 29 00 000 -1.4602799E+01 -1.6268443E+01 6.8877394E+00
2026 07 25 17 29 30 000 -1.4598150E+01 -1.6268616E+01 6.8830089E+00
2026 07 25 17 30 00 000 -1.4593499E+01 -1.6268786E+01 6.8782809E+00
2026 07 25 17 30 30 000 -1.4588847E+01 -1.6268951E+01 6.8735555E+00
2026 07 25 17 31 00 000 -1.4584192E+01 -1.6269113E+01 6.8688328E+00
2026 07 25 17 31 30 000 -1.4579537E+01 -1.6269270E+01 6.8641127E+00
2026 07 25 17 32 00 000 -1.4574879E+01 -1.6269423E+01 6.8593953E+00
2026 07 25 17 32 30 000 -1.4570220E+01 -1.6269572E+01 6.8546807E+00
2026 07 25 17 33 00 000 -1.4565559E+01 -1.6269716E+01 6.8499688E+00
2026 07 25 17 33 30 000 -1.4560896E+01 -1.6269857E+01 6.8452598E+00
2026 07 25 17 34 00 000 -1.4556231E+01 -1.6269993E+01 6.8405536E+00
2026 07 25 17 34 30 000 -1.4551565E+01 -1.6270125E+01 6.8358503E+00
2026 07 25 17 35 00 000 -1.4546897E+01 -1.6270253E+01 6.8311500E+00
2026 07 25 17 35 30 000 -1.4542228E+01 -1.6270377E+01 6.8264527E+00
2026 07 25 17 36 00 000 -1.4537557E+01 -1.6270496E+01 6.8217583E+00
2026 07 25 17 36 30 000 -1.4532883E+01 -1.6270612E+01 6.8170670E+00
2026 07 25 17 37 00 000 -1.4528209E+01 -1.6270722E+01 6.8123788E+00
2026 07 25 17 37 30 000 -1.4523532E+01 -1.6270829E+01 6.8076938E+00
2026 07 25 17 38 00 000 -1.4518854E+01 -1.6270931E+01 6.8030119E+00
2026 07 25 17 38 30 000 -1.4514174E+01 -1.6271029E+01 6.7983332E+00
2026 07 25 17 39 00 000 -1.4509493E+01 -1.6271123E+01 6.7936577E+00
2026 07 25 17 39 30 000 -1.4504810E+01 -1.6271212E+01 6.7889856E+00
2026 07 25 17 40 00 000 -1.4500125E+01 -1.6271297E+01 6.7843167E+00
2026 07 25 17 40 30 000 -1.4495438E+01 -1.6271378E+01 6.7796512E+00
2026 07 25 17 41 00 000 -1.4490749E+01 -1.6271454E+01 6.7749891E+00
2026 07 25 17 41 30 000 -1.4486059E+01 -1.6271525E+01 6.7703305E+00
2026 07 25 17 42 00 000 -1.4481367E+01 -1.6271593E+01 6.7656753E+00
2026 07 25 17 42 30 000 -1.4476674E+01 -1.6271656E+01 6.7610236E+00
2026 07 25 17 43 00 000 -1.4471979E+01 -1.6271714E+01 6.7563755E+00
2026 07 25 17 43 30 000 -1.4467281E+01 -1.6271768E+01 6.7517310E+00
2026 07 25 17 44 00 000 -1.4462583E+01 -1.6271818E+01 6.7470901E+00
2026 07 25 17 44 30 000 -1.4457882E+01 -1.6271863E+01 6.7424529E+00
2026 07 25 17 45 00 000 -1.4453180E+01 -1.6271903E+01 6.7378193E+00
2026 07 25 17 45 30 000 -1.4448476E+01 -1.6271939E+01 6.7331895E+00
2026 07 25 17 46 00 000 -1.4443771E+01 -1.6271971E+01 6.7285635E+00
2026 07 25 17 46 30 000 -1.4439063E+01 -1.6271998E+01 6.7239413E+00
2026 07 25 17 47 00 000 -1.4434354E+01 -1.6272020E+01 6.7193230E+00
2026 07 25 17 47 30 000 -1.4429644E+01 -1.6272038E+01 6.7147085E+00
2026 07 25 17 48 00 000 -1.4424931E+01 -1.6272051E+01 6.7100980E+00
2026 07 25 17 48 30 000 -1.4420217E+01 -1.6272060E+01 6.7054914E+00
2026 07 25 17 49 00 000 -1.4415501E+01 -1.6272064E+01 6.7008888E+00
2026 07 25 17 49 30 000 -1.4410783E+01 -1.6272064E+01 6.6962903E+00
2026 07 25 17 50 00 000 -1.4406064E+01 -1.6272059E+01 6.6916958E+00
2026 07 25 17 50 30 000 -1.4401343E+01 -1.6272049E+01 6.6871055E+00
2026 07 25 17 51 00 000 -1.4396620E+01 -1.6272035E+01 6.6825193E+00
2026 07 25 17 51 30 000 -1.4391895E+01 -1.6272016E+01 6.6779373E+00
2026 07 25 17 52 00 000 -1.4387169E+01 -1.6271992E+01 6.6733595E+00
2026 07 25 17 52 30 000 -1.4382441E+01 -1.6271963E+01 6.6687860E+00
2026 07 25 17 53 00 000 -1.4377711E+01 -1.6271930E+01 6.6642168E+00
2026 07 25 17 53 30 000 -1.4372980E+01 -1.6271893E+01 6.6596519E+00
2026 07 25 17 54 00 000 -1.4368247E+01 -1.6271850E+01 6.6550914E+00
2026 07 25 17 54 30 000 -1.4363512E+01 -1.6271803E+01 6.6505353E+00
2026 07 25 17 55 00 000 -1.4358775E+01 -1.6271751E+01 6.6459837E+00
2026 07 25 17 55 30 000 -1.4354037E+01 -1.6271694E+01 6.6414366E+00
2026 07 25 17 56 00 000 -1.4349297E+01 -1.6271633E+01 6.6368939E+00
2026 07 25 17 56 30 000 -1.4344555E+01 -1.6271567E+01 6.6323558E+00
2026 07 25 17 57 00 000 -1.4339811E+01 -1.6271495E+01 6.6278224E+00
2026 07 25 17 57 30 000 -1.4335066E+01 -1.6271420E+01 6.6232935E+00
2026 07 25 17 58 00 000 -1.4330319E+01 -1.6271339E+01 6.6187693E+00
2026 07 25 17 58 30 000 -1.4325570E+01 -1.6271254E+01 6.6142499E+00
2026 07 25 17 59 00 000 -1.4320820E+01 -1.6271163E+01 6.6097351E+00
2026 07 25 17 59 30 000 -1.4316067E+01 -1.6271068E+01 6.6052252E+00
2026 07 25 18 00 00 000 -1.4311313E+01 -1.6270968E+01 6.6007200E+00
2026 07 25 18 00 30 000 -1.4306558E+01 -1.6270863E+01 6.5962197E+00
2026 07 25 18 01 00 000 -1.4301800E+01 -1.6270753E+01 6.5917243E+00
2026 07 25 18 01 30 000 -1.4297041E+01 -1.6270639E+01 6.5872339E+00
2026 07 25 18 02 00 000 -1.4292280E+01 -1.6270519E+01 6.5827483E+00
2026 07 25 18 02 30 000 -1.4287518E+01 -1.6270395E+01 6.5782678E+00
2026 07 25 18 03 00 000 -1.4282753E+01 -1.6270265E+01 6.5737923E+00
2026 07 25 18 03 30 000 -1.4277987E+01 -1.6270131E+01 6.5693219E+00
2026 07 25 18 04 00 000 -1.4273219E+01 -1.6269992E+01 6.5648566E+00
2026 07 25 18 04 30 000 -1.4268450E+01 -1.6269848E+01 6.5603964E+00
2026 07 25 18 05 00 000 -1.4263678E+01 -1.6269698E+01 6.5559414E+00
2026 07 25 18 05 30 000 -1.4258905E+01 -1.6269544E+01 6.5514916E+00
2026 07 25 18 06 00 000 -1.4254130E+01 -1.6269385E+01 6.5470470E+00
2026 07 25 18 06 30 000 -1.4249354E+01 -1.6269221E+01 6.5426078E+00
2026 07 25 18 07 00 000 -1.4244576E+01 -1.6269052E+01 6.5381738E+00
2026 07 25 18 07 30 000 -1.4239796E+01 -1.6268878E+01 6.5337452E+00
2026 07 25 18 08 00 000 -1.4235014E+01 -1.6268699E+01 6.5293220E+00
2026 07 25 18 08 30 000 -1.4230230E+01 -1.6268514E+01 6.5249043E+00
2026 07 25 18 09 00 000 -1.4225445E+01 -1.6268325E+01 6.5204919E+00
2026 07 25 18 09 30 000 -1.4220658E+01 -1.6268131E+01 6.5160851E+00
2026 07 25 18 10 00 000 -1.4215869E+01 -1.6267931E+01 6.5116838E+00
2026 07 25 18 10 30 000 -1.4211079E+01 -1.6267727E+01 6.5072881E+00
2026 07 25 18 11 00 000 -1.4206287E+01 -1.6267517E+01 6.5028979E+00
2026 07 25 18 11 30 000 -1.4201493E+01 -1.6267302E+01 6.4985135E+00
2026 07 25 18 12 00 000 -1.4196697E+01 -1.6267083E+01 6.4941346E+00
2026 07 25 18 12 30 000 -1.4191899E+01 -1.6266858E+01 6.4897615E+00
2026 07 25 18 13 00 000 -1.4187100E+01 -1.6266628E+01 6.4853941E+00
2026 07 25 18 13 30 000 -1.4182299E+01 -1.6266393E+01 6.4810325E+00
2026 07 25 18 14 00 000 -1.4177497E+01 -1.6266152E+01 6.4766767E+00
2026 07 25 18 14 30 000 -1.4172692E+01 -1.6265907E+01 6.4723268E+00
2026 07 25 18 15 00 000 -1.4167886E+01 -1.6265656E+01 6.4679827E+00
2026 07 25 18 15 30 000 -1.4163078E+01 -1.6265400E+01 6.4636446E+00
2026 07 25 18 16 00 000 -1.4158268E+01 -1.6265139E+01 6.4593123E+00
2026 07 25 18 16 30 000 -1.4153457E+01 -1.6264873E+01 6.4549861E+00
2026 07 25 18 17 00 000 -1.4148644E+01 -1.6264602E+01 6.4506659E+00
2026 07 25 18 17 30 000 -1.4143829E+01 -1.6264325E+01 6.4463517E+00
2026 07 25 18 18 00 000 -1.4139012E+01 -1.6264043E+01 6.4420437E+00
2026 07 25 18 18 30 000 -1.4134194E+01 -1.6263756E+01 6.4377417E+00
2026 07 25 18 19 00 000 -1.4129373E+01 -1.6263464E+01 6.4334459E+00
2026 07 25 18 19 30 000 -1.4124552E+01 -1.6263166E+01 6.4291563E+00
2026 07 25 18 20 00 000 -1.4119728E+01 -1.6262863E+01 6.4248729E+00
2026 07 25 18 20 30 000 -1.4114902E+01 -1.6262555E+01 6.4205958E+00
2026 07 25 18 21 00 000 -1.4110075E+01 -1.6262241E+01 6.4163249E+00
2026 07 25 18 21 30 000 -1.4105246E+01 -1.6261923E+01 6.4120604E+00
2026 07 25 18 22 00 000 -1.4100416E+01 -1.6261599E+01 6.4078023E+00
2026 07 25 18 22 30 000 -1.4095583E+01 -1.6261269E+01 6.4035505E+00
2026 07 25 18 23 00 000 -1.4090749E+01 -1.6260935E+01 6.3993051E+00
2026 07 25 18 23 30 000 -1.4085913E+01 -1.6260595E+01 6.3950662E+00
2026 07 25 18 24 00 000 -1.4081075E+01 -1.6260249E+01 6.3908338E+00
2026 07 25 18 24 30 000 -1.4076236E+01 -1.6259899E+01 6.3866080E+00
2026 07 25 18 25 00 000 -1.4071395E+01 -1.6259543E+01 6.3823886E+00
2026 07 25 18 25 30 000 -1.4066552E+01 -1.6259181E+01 6.3781759E+00
2026 07 25 18 26 00 000 -1.4061707E+01 -1.6258815E+01 6.3739698E+00
2026 07 25 18 26 30 000 -1.4056860E+01 -1.6258443E+01 6.3697703E+00
2026 07 25 18 27 00 000 -1.4052012E+01 -1.6258065E+01 6.3655776E+00
2026 07 25 18 27 30 000 -1.4047162E+01 -1.6257682E+01 6.3613915E+00
2026 07 25 18 28 00 000 -1.4042311E+01 -1.6257294E+01 6.3572122E+00
2026 07 25 18 28 30 000 -1.4037457E+01 -1.6256900E+01 6.3530397E+00
2026 07 25 18 29 00 000 -1.4032602E+01 -1.6256501E+01 6.3488740E+00
2026 07 25 18 29 30 000 -1.4027745E+01 -1.6256097E+01 6.3447152E+00
2026 07 25 18 30 00 000 -1.4022886E+01 -1.6255687E+01 6.3405632E+00
2026 07 25 18 30 30 000 -1.4018025E+01 -1.6255271E+01 6.3364182E+00
2026 07 25 18 31 00 000 -1.4013163E+01 -1.6254850E+01 6.3322801E+00
2026 07 25 18 31 30 000 -1.4008299E+01 -1.6254424E+01 6.3281490E+00
2026 07 25 18 32 00 000 -1.4003433E+01 -1.6253992E+01 6.3240249E+00
2026 07 25 18 32 30 000 -1.3998565E+01 -1.6253555E+01 6.3199079E+00
2026 07 25 18 33 00 000 -1.3993696E+01 -1.6253112E+01 6.3157979E+00
2026 07 25 18 33 30 000 -1.3988825E+01 -1.6252664E+01 6.3116951E+00
2026 07 25 18 34 00 000 -1.3983952E+01 -1.6252210E+01 6.3075994E+00
2026 07 25 18 34 30 000 -1.3979077E+01 -1.6251751E+01 6.3035108E+00
2026 07 25 18 35 00 000 -1.3974201E+01 -1.6251286E+01 6.2994295E+00
2026 07 25 18 35 30 000 -1.3969323E+01 -1.6250815E+01 6.2953554E+00
2026 07 25 18 36 00 000 -1.3964443E+01 -1.6250339E+01 6.2912886E+00
2026 07 25 18 36 30 000 -1.3959561E+01 -1.6249858E+01 6.2872290E+00
2026 07 25 18 37 00 000 -1.3954677E+01 -1.6249371E+01 6.2831768E+00
2026 07 25 18 37 30 000 -1.3949792E+01 -1.6248879E+01 6.2791320E+00
2026 07 25 18 38 00 000 -1.3944905E+01 -1.6248381E+01 6.2750946E+00
2026 07 25 18 38 30 000 -1.3940016E+01 -1.6247877E+01 6.2710645E+00
2026 07 25 18 39 00 000 -1.3935126E+01 -1.6247368E+01 6.2670420E+00
2026 07 25 18 39 30 000 -1.3930233E+01 -1.6246853E+01 6.2630269E+00
2026 07 25 18 40 00 000 -1.3925339E+01 -1.6246332E+01 6.2590193E+00
2026 07 25 18 40 30 000 -1.3920443E+01 -1.6245807E+01 6.2550193E+00
2026 07 25 18 41 00 000 -1.3915546E+01 -1.6245275E+01 6.2510269E+00
2026 07 25 18 41 30 000 -1.3910646E+01 -1.6244738E+01 6.2470421E+00
2026 07 25 18 42 00 000 -1.3905745E+01 -1.6244195E+01 6.2430649E+00
2026 07 25 18 42 30 000 -1.3900842E+01 -1.6243646E+01 6.2390954E+00
2026 07 25 18 43 00 000 -1.3895937E+01 -1.6243092E+01 6.2351335E+00
2026 07 25 18 43 30 000 -1.3891031E+01 -1.6242533E+01 6.2311795E+00
2026 07 25 18 44 00 000 -1.3886122E+01 -1.6241967E+01 6.2272331E+00
2026 07 25 18 44 30 000 -1.3881212E+01 -1.6241396E+01 6.2232946E+00
2026 07 25 18 45 00 000 -1.3876300E+01 -1.6240820E+01 6.2193639E+00
2026 07 25 18 45 30 000 -1.3871387E+01 -1.6240237E+01 6.2154410E+00
2026 07 25 18 46 00 000 -1.3866471E+01 -1.6239649E+01 6.2115261E+00
2026 07 25 18 46 30 000 -1.3861554E+01 -1.6239055E+01 6.2076190E+00
2026 07 25 18 47 00 000 -1.3856635E+01 -1.6238456E+01 6.2037199E+00
2026 07 25 18 47 30 000 -1.3851714E+01 -1.6237851E+01 6.1998287E+00
2026 07 25 18 48 00 000 -1.3846792E+01 -1.6237240E+01 6.1959456E+00
2026 07 25 18 48 30 000 -1.3841868E+01 -1.6236624E+01 6.1920704E+00
2026 07 25 18 49 00 000 -1.3836941E+01 -1.6236001E+01 6.1882034E+00
2026 07 25 18 49 30 000 -1.3832014E+01 -1.6235373E+01 6.1843444E+00
2026 07 25 18 50 00 000 -1.3827084E+01 -1.6234740E+01 6.1804935E+00
2026 07 25 18 50 30 000 -1.3822153E+01 -1.6234100E+01 6.1766508E+00
2026 07 25 18 51 00 000 -1.3817219E+01 -1.6233455E+01 6.1728163E+00
2026 07 25 18 51 30 000 -1.3812284E+01 -1.6232804E+01 6.1689899E+00
2026 07 25 18 52 00 000 -1.3807348E+01 -1.6232148E+01 6.1651718E+00
2026 07 25 18 52 30 000 -1.3802409E+01 -1.6231485E+01 6.1613620E+00
2026 07 25 18 53 00 000 -1.3797469E+01 -1.6230817E+01 6.1575604E+00
2026 07 25 18 53 30 000 -1.3792527E+01 -1.6230143E+01 6.1537672E+00
2026 07 25 18 54 00 000 -1.3787583E+01 -1.6229463E+01 6.1499823E+00
2026 07 25 18 54 30 000 -1.3782637E+01 -1.6228778E+01 6.1462058E+00
2026 07 25 18 55 00 000 -1.3777690E+01 -1.6228087E+01 6.1424377E+00
2026 07 25 18 55 30 000 -1.3772740E+01 -1.6227389E+01 6.1386780E+00
2026 07 25 18 56 00 000 -1.3767789E+01 -1.6226687E+01 6.1349268E+00
2026 07 25 18 56 30 000 -1.3762836E+01 -1.6225978E+01 6.1311841E+00
2026 07 25 18 57 00 000 -1.3757882E+01 -1.6225263E+01 6.1274498E+00
2026 07 25 18 57 30 000 -1.3752925E+01 -1.6224543E+01 6.1237242E+00
2026 07 25 18 58 00 000 -1.3747967E+01 -1.6223817E+01 6.1200071E+00
2026 07 25 18 58 30 000 -1.3743007E+01 -1.6223085E+01 6.1162986E+00
2026 07 25 18 59 00 000 -1.3738045E+01 -1.6222347E+01 6.1125987E+00
2026 07 25 18 59 30 000 -1.3733082E+01 -1.6221603E+01 6.1089075E+00
2026 07 25 19 00 00 000 -1.3728116E+01 -1.6220854E+01 6.1052249E+00
2026 07 25 19 00 30 000 -1.3723149E+01 -1.6220099E+01 6.1015511E+00
2026 07 25 19 01 00 000 -1.3718180E+01 -1.6219337E+01 6.0978860E+00
2026 07 25 19 01 30 000 -1.3713210E+01 -1.6218570E+01 6.0942297E+00
2026 07 25 19 02 00 000 -1.3708237E+01 -1.6217797E+01 6.0905821E+00
2026 07 25 19 02 30 000 -1.3703263E+01 -1.6217019E+01 6.0869434E+00
2026 07 25 19 03 00 000 -1.3698287E+01 -1.6216234E+01 6.0833135E+00
2026 07 25 19 03 30 000 -1.3693309E+01 -1.6215443E+01 6.0796925E+00
2026 07 25 19 04 00 000 -1.3688329E+01 -1.6214647E+01 6.0760804E+00
2026 07 25 19 04 30 000 -1.3683348E+01 -1.6213844E+01 6.0724772E+00
2026 07 25 19 05 00 000 -1.3678364E+01 -1.6213036E+01 6.0688830E+00
2026 07 25 19 05 30 000 -1.3673379E+01 -1.6212222E+01 6.0652977E+00
2026 07 25 19 06 00 000 -1.3668392E+01 -1.6211402E+01 6.0617214E+00
2026 07 25 19 06 30 000 -1.3663404E+01 -1.6210576E+01 6.0581542E+00
2026 07 25 19 07 00 000 -1.3658413E+01 -1.6209744E+01 6.0545960E+00
2026 07 25 19 07 30 000 -1.3653421E+01 -1.6208906E+01 6.0510469E+00
2026 07 25 19 08 00 000 -1.3648427E+01 -1.6208062E+01 6.0475069E+00
2026 07 25 19 08 30 000 -1.3643431E+01 -1.6207213E+01 6.0439760E+00
2026 07 25 19 09 00 000 -1.3638433E+01 -1.6206357E+01 6.0404543E+00
2026 07 25 19 09 30 000 -1.3633434E+01 -1.6205495E+01 6.0369418E+00
2026 07 25 19 10 00 000 -1.3628433E+01 -1.6204628E+01 6.0334385E+00
2026 07 25 19 10 30 000 -1.3623430E+01 -1.6203754E+01 6.0299444E+00
2026 07 25 19 11 00 000 -1.3618425E+01 -1.6202875E+01 6.0264596E+00
2026 07 25 19 11 30 000 -1.3613418E+01 -1.6201989E+01 6.0229841E+00
2026 07 25 19 12 00 000 -1.3608410E+01 -1.6201098E+01 6.0195178E+00
2026 07 25 19 12 30 000 -1.3603399E+01 -1.6200200E+01 6.0160609E+00
2026 07 25 19 13 00 000 -1.3598387E+01 -1.6199297E+01 6.0126134E+00
2026 07 25 19 13 30 000 -1.3593373E+01 -1.6198388E+01 6.0091752E+00
2026 07 25 19 14 00 000 -1.3588358E+01 -1.6197472E+01 6.0057465E+00
2026 07 25 19 14 30 000 -1.3583340E+01 -1.6196551E+01 6.0023272E+00
2026 07 25 19 15 00 000 -1.3578321E+01 -1.6195624E+01 5.9989173E+00
2026 07 25 19 15 30 000 -1.3573300E+01 -1.6194690E+01 5.9955170E+00
2026 07 25 19 16 00 000 -1.3568277E+01 -1.6193751E+01 5.9921261E+00
2026 07 25 19 16 30 000 -1.3563252E+01 -1.6192806E+01 5.9887448E+00
2026 07 25 19 17 00 000 -1.3558226E+01 -1.6191854E+01 5.9853730E+00
2026 07 25 19 17 30 000 -1.3553197E+01 -1.6190897E+01 5.9820108E+00
2026 07 25 19 18 00 000 -1.3548167E+01 -1.6189934E+01 5.9786582E+00
2026 07 25 19 18 30 000 -1.3543135E+01 -1.6188964E+01 5.9753152E+00
2026 07 25 19 19 00 000 -1.3538102E+01 -1.6187989E+01 5.9719819E+00
2026 07 25 19 19 30 000 -1.3533066E+01 -1.6187007E+01 5.9686582E+00
2026 07 25 19 20 00 000 -1.3528029E+01 -1.6186020E+01 5.9653443E+00
2026 07 25 19 20 30 000 -1.3522990E+01 -1.6185026E+01 5.9620401E+00
2026 07 25 19 21 00 000 -1.3517949E+01 -1.6184026E+01 5.9587456E+00
2026 07 25 19 21 30 000 -1.3512906E+01 -1.6183021E+01 5.9554608E+00
2026 07 25 19 22 00 000 -1.3507861E+01 -1.6182009E+01 5.9521859E+00
2026 07 25 19 22 30 000 -1.3502815E+01 -1.6180991E+01 5.9489208E+00
2026 07 25 19 23 00 000 -1.3497767E+01 -1.6179967E+01 5.9456655E+00
2026 07 25 19 23 30 000 -1.3492717E+01 -1.6178937E+01 5.9424201E+00
2026 07 25 19 24 00 000 -1.3487665E+01 -1.6177901E+01 5.9391846E+00
2026 07 25 19 24 30 000 -1.3482611E+01 -1.6176859E+01 5.9359589E+00
2026 07 25 19 25 00 000 -1.3477555E+01 -1.6175811E+01 5.9327432E+00
2026 07 25 19 25 30 000 -1.3472498E+01 -1.6174757E+01 5.9295374E+00
2026 07 25 19 26 00 000 -1.3467439E+01 -1.6173696E+01 5.9263416E+00
2026 07 25 19 26 30 000 -1.3462378E+01 -1.6172630E+01 5.9231558E+00
2026 07 25 19 27 00 000 -1.3457315E+01 -1.6171557E+01 5.9199800E+00
2026 07 25 19 27 30 000 -1.3452251E+01 -1.6170479E+01 5.9168143E+00
2026 07 25 19 28 00 000 -1.3447184E+01 -1.6169394E+01 5.9136586E+00
2026 07 25 19 28 30 000 -1.3442116E+01 -1.6168303E+01 5.9105130E+00
2026 07 25 19 29 00 000 -1.3437046E+01 -1.6167206E+01 5.9073775E+00
2026 07 25 19 29 30 000 -1.3431974E+01 -1.6166103E+01 5.9042521E+00
2026 07 25 19 30 00 000 -1.3426900E+01 -1.6164994E+01 5.9011369E+00
2026 07 25 19 30 30 000 -1.3421825E+01 -1.6163878E+01 5.8980318E+00
2026 07 25 19 31 00 000 -1.3416748E+01 -1.6162757E+01 5.8949369E+00
2026 07 25 19 31 30 000 -1.3411668E+01 -1.6161629E+01 5.8918522E+00
2026 07 25 19 32 00 000 -1.3406587E+01 -1.6160496E+01 5.8887778E+00
2026 07 25 19 32 30 000 -1.3401505E+01 -1.6159356E+01 5.8857136E+00
2026 07 25 19 33 00 000 -1.3396420E+01 -1.6158210E+01 5.8826597E+00
2026 07 25 19 33 30 000 -1.3391333E+01 -1.6157058E+01 5.8796161E+00
2026 07 25 19 34 00 000 -1.3386245E+01 -1.6155899E+01 5.8765828E+00
2026 07 25 19 34 30 000 -1.3381155E+01 -1.6154735E+01 5.8735598E+00
2026 07 25 19 35 00 000 -1.3376063E+01 -1.6153564E+01 5.8705472E+00
2026 07 25 19 35 30 000 -1.3370969E+01 -1.6152387E+01 5.8675449E+00
2026 07 25 19 36 00 000 -1.3365874E+01 -1.6151205E+01 5.8645530E+00
2026 07 25 19 36 30 000 -1.3360776E+01 -1.6150015E+01 5.8615716E+00
2026 07 25 19 37 00 000 -1.3355677E+01 -1.6148820E+01 5.8586006E+00
2026 07 25 19 37 30 000 -1.3350576E+01 -1.6147619E+01 5.8556401E+00
2026 07 25 19 38 00 000 -1.3345473E+01 -1.6146411E+01 5.8526900E+00
2026 07 25 19 38 30 000 -1.3340368E+01 -1.6145197E+01 5.8497504E+00
2026 07 25 19 39 00 000 -1.3335262E+01 -1.6143977E+01 5.8468213E+00
2026 07 25 19 39 30 000 -1.3330153E+01 -1.6142751E+01 5.8439028E+00
2026 07 25 19 40 00 000 -1.3325043E+01 -1.6141519E+01 5.8409948E+00
2026 07 25 19 40 30 000 -1.3319931E+01 -1.6140280E+01 5.8380974E+00
2026 07 25 19 41 00 000 -1.3314817E+01 -1.6139036E+01 5.8352106E+00
2026 07 25 19 41 30 000 -1.3309702E+01 -1.6137785E+01 5.8323344E+00
2026 07 25 19 42 00 000 -1.3304584E+01 -1.6136528E+01 5.8294688E+00
2026 07 25 19 42 30 000 -1.3299465E+01 -1.6135264E+01 5.8266139E+00
2026 07 25 19 43 00 000 -1.3294343E+01 -1.6133995E+01 5.8237697E+00
2026 07 25 19 43 30 000 -1.3289220E+01 -1.6132719E+01 5.8209361E+00
2026 07 25 19 44 00 000 -1.3284095E+01 -1.6131437E+01 5.8181132E+00
2026 07 25 19 44 30 000 -1.3278969E+01 -1.6130149E+01 5.8153011E+00
2026 07 25 19 45 00 000 -1.3273840E+01 -1.6128855E+01 5.8124997E+00
2026 07 25 19 45 30 000 -1.3268710E+01 -1.6127554E+01 5.8097091E+00
2026 07 25 19 46 00 000 -1.3263577E+01 -1.6126247E+01 5.8069292E+00
2026 07 25 19 46 30 000 -1.3258443E+01 -1.6124934E+01 5.8041601E+00
2026 07 25 19 47 00 000 -1.3253307E+01 -1.6123615E+01 5.8014019E+00
2026 07 25 19 47 30 000 -1.3248170E+01 -1.6122290E+01 5.7986545E+00
2026 07 25 19 48 00 000 -1.3243030E+01 -1.6120958E+01 5.7959179E+00
2026 07 25 19 48 30 000 -1.3237889E+01 -1.6119620E+01 5.7931922E+00
2026 07 25 19 49 00 000 -1.3232745E+01 -1.6118276E+01 5.7904774E+00
2026 07 25 19 49 30 000 -1.3227600E+01 -1.6116925E+01 5.7877734E+00
2026 07 25 19 50 00 000 -1.3222453E+01 -1.6115569E+01 5.7850804E+00
2026 07 25 19 50 30 000 -1.3217304E+01 -1.6114206E+01 5.7823984E+00
2026 07 25 19 51 00 000 -1.3212154E+01 -1.6112837E+01 5.7797273E+00
2026 07 25 19 51 30 000 -1.3207001E+01 -1.6111461E+01 5.7770671E+00
2026 07 25 19 52 00 000 -1.3201847E+01 -1.6110079E+01 5.7744180E+00
2026 07 25 19 52 30 000 -1.3196691E+01 -1.6108691E+01 5.7717798E+00
2026 07 25 19 53 00 000 -1.3191533E+01 -1.6107297E+01 5.7691527E+00
2026 07 25 19 53 30 000 -1.3186373E+01 -1.6105897E+01 5.7665366E+00
2026 07 25 19 54 00 000 -1.3181211E+01 -1.6104490E+01 5.7639316E+00
2026 07 25 19 54 30 000 -1.3176048E+01 -1.6103077E+01 5.7613376E+00
2026 07 25 19 55 00 000 -1.3170882E+01 -1.6101658E+01 5.7587548E+00
2026 07 25 19 55 30 000 -1.3165715E+01 -1.6100232E+01 5.7561830E+00
2026 07 25 19 56 00 000 -1.3160546E+01 -1.6098800E+01 5.7536223E+00
2026 07 25 19 56 30 000 -1.3155375E+01 -1.6097362E+01 5.7510728E+00
2026 07 25 19 57 00 000 -1.3150202E+01 -1.6095918E+01 5.7485344E+00
2026 07 25 19 57 30 000 -1.3145027E+01 -1.6094467E+01 5.7460072E+00
2026 07 25 19 58 00 000 -1.3139851E+01 -1.6093010E+01 5.7434912E+00
2026 07 25 19 58 30 000 -1.3134672E+01 -1.6091547E+01 5.7409864E+00
2026 07 25 19 59 00 000 -1.3129492E+01 -1.6090078E+01 5.7384928E+00
2026 07 25 19 59 30 000 -1.3124310E+01 -1.6088602E+01 5.7360104E+00
2026 07 25 20 00 00 000 -1.3119126E+01 -1.6087120E+01 5.7335393E+00
2026 07 25 20 00 30 000 -1.3113940E+01 -1.6085631E+01 5.7310794E+00
2026 07 25 20 01 00 000 -1.3108753E+01 -1.6084136E+01 5.7286308E+00
2026 07 25 20 01 30 000 -1.3103563E+01 -1.6082635E+01 5.7261935E+00
2026 07 25 20 02 00 000 -1.3098372E+01 -1.6081128E+01 5.7237675E+00
2026 07 25 20 02 30 000 -1.3093179E+01 -1.6079615E+01 5.7213528E+00
2026 07 25 20 03 00 000 -1.3087984E+01 -1.6078095E+01 5.7189494E+00
2026 07 25 20 03 30 000 -1.3082787E+01 -1.6076568E+01 5.7165574E+00
2026 07 25 20 04 00 000 -1.3077588E+01 -1.6075036E+01 5.7141767E+00
2026 07 25 20 04 30 000 -1.3072387E+01 -1.6073497E+01 5.7118075E+00
2026 07 25 20 05 00 000 -1.3067185E+01 -1.6071952E+01 5.7094496E+00
2026 07 25 20 05 30 000 -1.3061980E+01 -1.6070400E+01 5.7071031E+00
2026 07 25 20 06 00 000 -1.3056774E+01 -1.6068842E+01 5.7047680E+00
2026 07 25 20 06 30 000 -1.3051566E+01 -1.6067278E+01 5.7024444E+00
2026 07 25 20 07 00 000 -1.3046356E+01 -1.6065708E+01 5.7001322E+00
2026 07 25 20 07 30 000 -1.3041144E+01 -1.6064131E+01 5.6978315E+00
2026 07 25 20 08 00 000 -1.3035931E+01 -1.6062548E+01 5.6955422E+00
2026 07 25 20 08 30 000 -1.3030715E+01 -1.6060958E+01 5.6932645E+00
2026 07 25 20 09 00 000 -1.3025498E+01 -1.6059362E+01 5.6909982E+00
2026 07 25 20 09 30 000 -1.3020279E+01 -1.6057760E+01 5.6887434E+00
2026 07 25 20 10 00 000 -1.3015057E+01 -1.6056152E+01 5.6865002E+00
2026 07 25 20 10 30 000 -1.3009834E+01 -1.6054537E+01 5.6842685E+00
2026 07 25 20 11 00 000 -1.3004610E+01 -1.6052916E+01 5.6820484E+00
2026 07 25 20 11 30 000 -1.2999383E+01 -1.6051288E+01 5.6798398E+00
2026 07 25 20 12 00 000 -1.2994154E+01 -1.6049654E+01 5.6776428E+00
2026 07 25 20 12 30 000 -1.2988924E+01 -1.6048014E+01 5.6754574E+00
2026 07 25 20 13 00 000 -1.2983692E+01 -1.6046367E+01 5.6732836E+00
2026 07 25 20 13 30 000 -1.2978457E+01 -1.6044715E+01 5.6711214E+00
2026 07 25 20 14 00 000 -1.2973221E+01 -1.6043055E+01 5.6689708E+00
2026 07 25 20 14 30 000 -1.2967983E+01 -1.6041390E+01 5.6668319E+00
2026 07 25 20 15 00 000 -1.2962744E+01 -1.6039718E+01 5.6647046E+00
2026 07 25 20 15 30 000 -1.2957502E+01 -1.6038039E+01 5.6625890E+00
2026 07 25 20 16 00 000 -1.2952258E+01 -1.6036354E+01 5.6604851E+00
2026 07 25 20 16 30 000 -1.2947013E+01 -1.6034663E+01 5.6583928E+00
2026 07 25 20 17 00 000 -1.2941766E+01 -1.6032966E+01 5.6563123E+00
2026 07 25 20 17 30 000 -1.2936517E+01 -1.6031262E+01 5.6542434E+00
2026 07 25 20 18 00 000 -1.2931266E+01 -1.6029552E+01 5.6521863E+00
2026 07 25 20 18 30 000 -1.2926013E+01 -1.6027835E+01 5.6501409E+00
2026 07 25 20 19 00 000 -1.2920758E+01 -1.6026112E+01 5.6481073E+00
2026 07 25 20 19 30 000 -1.2915502E+01 -1.6024383E+01 5.6460854E+00
2026 07 25 20 20 00 000 -1.2910243E+01 -1.6022647E+01 5.6440752E+00
2026 07 25 20 20 30 000 -1.2904983E+01 -1.6020905E+01 5.6420769E+00
2026 07 25 20 21 00 000 -1.2899721E+01 -1.6019157E+01 5.6400903E+00
2026 07 25 20 21 30 000 -1.2894456E+01 -1.6017402E+01 5.6381156E+00
2026 07 25 20 22 00 000 -1.2889190E+01 -1.6015641E+01 5.6361526E+00
2026 07 25 20 22 30 000 -1.2883923E+01 -1.6013873E+01 5.6342015E+00
2026 07 25 20 23 00 000 -1.2878653E+01 -1.6012099E+01 5.6322622E+00
2026 07 25 20 23 30 000 -1.2873381E+01 -1.6010319E+01 5.6303347E+00
2026 07 25 20 24 00 000 -1.2868108E+01 -1.6008532E+01 5.6284191E+00
2026 07 25 20 24 30 000 -1.2862832E+01 -1.6006739E+01 5.6265153E+00
2026 07 25 20 25 00 000 -1.2857555E+01 -1.6004939E+01 5.6246235E+00
2026 07 25 20 25 30 000 -1.2852276E+01 -1.6003133E+01 5.6227435E+00
2026 07 25 20 26 00 000 -1.2846995E+01 -1.6001321E+01 5.6208754E+00
2026 07 25 20 26 30 000 -1.2841712E+01 -1.5999502E+01 5.6190191E+00
2026 07 25 20 27 00 000 -1.2836427E+01 -1.5997677E+01 5.6171748E+00
2026 07 25 20 27 30 000 -1.2831140E+01 -1.5995845E+01 5.6153425E+00
2026 07 25 20 28 00 000 -1.2825852E+01 -1.5994007E+01 5.6135220E+00
2026 07 25 20 28 30 000 -1.2820561E+01 -1.5992162E+01 5.6117135E+00
2026 07 25 20 29 00 000 -1.2815269E+01 -1.5990312E+01 5.6099169E+00
2026 07 25 20 29 30 000 -1.2809974E+01 -1.5988454E+01 5.6081323E+00
2026 07 25 20 30 00 000 -1.2804678E+01 -1.5986591E+01 5.6063596E+00
2026 07 25 20 30 30 000 -1.2799380E+01 -1.5984720E+01 5.6045990E+00
2026 07 25 20 31 00 000 -1.2794080E+01 -1.5982844E+01 5.6028503E+00
2026 07 25 20 31 30 000 -1.2788779E+01 -1.5980961E+01 5.6011136E+00
2026 07 25 20 32 00 000 -1.2783475E+01 -1.5979071E+01 5.5993889E+00
2026 07 25 20 32 30 000 -1.2778169E+01 -1.5977176E+01 5.5976762E+00
2026 07 25 20 33 00 000 -1.2772862E+01 -1.5975273E+01 5.5959755E+00
2026 07 25 20 33 30 000 -1.2767552E+01 -1.5973365E+01 5.5942868E+00
2026 07 25 20 34 00 000 -1.2762241E+01 -1.5971450E+01 5.5926102E+00
2026 07 25 20 34 30 000 -1.2756928E+01 -1.5969528E+01 5.5909456E+00
2026 07 25 20 35 00 000 -1.2751613E+01 -1.5967600E+01 5.5892931E+00
2026 07 25 20 35 30 000 -1.2746296E+01 -1.5965666E+01 5.5876526E+00
2026 07 25 20 36 00 000 -1.2740977E+01 -1.5963725E+01 5.5860242E+00
2026 07 25 20 36 30 000 -1.2735656E+01 -1.5961777E+01 5.5844078E+00
2026 07 25 20 37 00 000 -1.2730333E+01 -1.5959824E+01 5.5828036E+00
2026 07 25 20 37 30 000 -1.2725009E+01 -1.5957863E+01 5.5812114E+00
2026 07 25 20 38 00 000 -1.2719683E+01 -1.5955897E+01 5.5796313E+00
2026 07 25 20 38 30 000 -1.2714354E+01 -1.5953924E+01 5.5780633E+00
2026 07 25 20 39 00 000 -1.2709024E+01 -1.5951944E+01 5.5765075E+00
2026 07 25 20 39 30 000 -1.2703692E+01 -1.5949958E+01 5.5749637E+00
2026 07 25 20 40 00 000 -1.2698358E+01 -1.5947966E+01 5.5734321E+00
2026 07 25 20 40 30 000 -1.2693022E+01 -1.5945967E+01 5.5719125E+00
2026 07 25 20 41 00 000 -1.2687684E+01 -1.5943962E+01 5.5704052E+00
2026 07 25 20 41 30 000 -1.2682344E+01 -1.5941950E+01 5.5689099E+00
2026 07 25 20 42 00 000 -1.2677003E+01 -1.5939932E+01 5.5674269E+00
2026 07 25 20 42 30 000 -1.2671659E+01 -1.5937907E+01 5.5659559E+00
2026 07 25 20 43 00 000 -1.2666314E+01 -1.5935876E+01 5.5644972E+00
2026 07 25 20 43 30 000 -1.2660966E+01 -1.5933838E+01 5.5630506E+00
2026 07 25 20 44 00 000 -1.2655617E+01 -1.5931794E+01 5.5616161E+00
2026 07 25 20 44 30 000 -1.2650266E+01 -1.5929744E+01 5.5601939E+00
2026 07 25 20 45 00 000 -1.2644913E+01 -1.5927687E+01 5.5587838E+00
2026 07 25 20 45 30 000 -1.2639558E+01 -1.5925623E+01 5.5573859E+00
2026 07 25 20 46 00 000 -1.2634202E+01 -1.5923553E+01 5.5560002E+00
2026 07 25 20 46 30 000 -1.2628843E+01 -1.5921477E+01 5.5546268E+00
2026 07 25 20 47 00 000 -1.2623482E+01 -1.5919394E+01 5.5532655E+00
2026 07 25 20 47 30 000 -1.2618120E+01 -1.5917304E+01 5.5519165E+00
2026 07 25 20 48 00 000 -1.2612755E+01 -1.5915209E+01 5.5505796E+00
2026 07 25 20 48 30 000 -1.2607389E+01 -1.5913106E+01 5.5492550E+00
2026 07 25 20 49 00 000 -1.2602021E+01 -1.5910998E+01 5.5479426E+00
2026 07 25 20 49 30 000 -1.2596650E+01 -1.5908882E+01 5.5466425E+00
2026 07 25 20 50 00 000 -1.2591278E+01 -1.5906760E+01 5.5453546E+00
2026 07 25 20 50 30 000 -1.2585904E+01 -1.5904632E+01 5.5440789E+00
2026 07 25 20 51 00 000 -1.2580528E+01 -1.5902497E+01 5.5428155E+00
2026 07 25 20 51 30 000 -1.2575150E+01 -1.5900356E+01 5.5415644E+00
2026 07 25 20 52 00 000 -1.2569771E+01 -1.5898208E+01 5.5403255E+00
2026 07 25 20 52 30 000 -1.2564389E+01 -1.5896054E+01 5.5390989E+00
2026 07 25 20 53 00 000 -1.2559005E+01 -1.5893893E+01 5.5378845E+00
2026 07 25 20 53 30 000 -1.2553620E+01 -1.5891726E+01 5.5366824E+00
2026 07 25 20 54 00 000 -1.2548232E+01 -1.5889552E+01 5.5354925E+00
2026 07 25 20 54 30 000 -1.2542843E+01 -1.5887372E+01 5.5343150E+00
2026 07 25 20 55 00 000 -1.2537452E+01 -1.5885185E+01 5.5331497E+00
2026 07 25 20 55 30 000 -1.2532058E+01 -1.5882991E+01 5.5319967E+00
2026 07 25 20 56 00 000 -1.2526663E+01 -1.5880792E+01 5.5308561E+00
2026 07 25 20 56 30 000 -1.2521266E+01 -1.5878585E+01 5.5297277E+00
2026 07 25 20 57 00 000 -1.2515867E+01 -1.5876373E+01 5.5286116E+00
2026 07 25 20 57 30 000 -1.2510466E+01 -1.5874153E+01 5.5275078E+00
2026 07 25 20 58 00 000 -1.2505064E+01 -1.5871927E+01 5.5264163E+00
2026 07 25 20 58 30 000 -1.2499659E+01 -1.5869695E+01 5.5253371E+00
2026 07 25 20 59 00 000 -1.2494252E+01 -1.5867456E+01 5.5242702E+00
2026 07 25 20 59 30 000 -1.2488844E+01 -1.5865211E+01 5.5232157E+00
2026 07 25 21 00 00 000 -1.2483433E+01 -1.5862959E+01 5.5221734E+00
2026 07 25 21 00 30 000 -1.2478021E+01 -1.5860700E+01 5.5211435E+00
2026 07 25 21 01 00 000 -1.2472607E+01 -1.5858435E+01 5.5201259E+00
2026 07 25 21 01 30 000 -1.2467190E+01 -1.5856164E+01 5.5191206E+00
2026 07 25 21 02 00 000 -1.2461772E+01 -1.5853886E+01 5.5181277E+00
2026 07 25 21 02 30 000 -1.2456352E+01 -1.5851601E+01 5.5171470E+00
2026 07 25 21 03 00 000 -1.2450930E+01 -1.5849310E+01 5.5161787E+00
2026 07 25 21 03 30 000 -1.2445506E+01 -1.5847012E+01 5.5152228E+00
2026 07 25 21 04 00 000 -1.2440080E+01 -1.5844708E+01 5.5142792E+00
2026 07 25 21 04 30 000 -1.2434652E+01 -1.5842398E+01 5.5133479E+00
2026 07 25 21 05 00 000 -1.2429223E+01 -1.5840080E+01 5.5124289E+00
2026 07 25 21 05 30 000 -1.2423791E+01 -1.5837757E+01 5.5115223E+00
2026 07 25 21 06 00 000 -1.2418357E+01 -1.5835426E+01 5.5106281E+00
2026 07 25 21 06 30 000 -1.2412922E+01 -1.5833089E+01 5.5097462E+00
2026 07 25 21 07 00 000 -1.2407485E+01 -1.5830746E+01 5.5088766E+00
2026 07 25 21 07 30 000 -1.2402045E+01 -1.5828396E+01 5.5080194E+00
2026 07 25 21 08 00 000 -1.2396604E+01 -1.5826040E+01 5.5071745E+00
2026 07 25 21 08 30 000 -1.2391161E+01 -1.5823677E+01 5.5063420E+00
2026 07 25 21 09 00 000 -1.2385716E+01 -1.5821307E+01 5.5055219E+00
2026 07 25 21 09 30 000 -1.2380268E+01 -1.5818931E+01 5.5047141E+00
2026 07 25 21 10 00 000 -1.2374819E+01 -1.5816548E+01 5.5039186E+00
2026 07 25 21 10 30 000 -1.2369368E+01 -1.5814159E+01 5.5031355E+00
2026 07 25 21 11 00 000 -1.2363916E+01 -1.5811763E+01 5.5023648E+00
2026 07 25 21 11 30 000 -1.2358461E+01 -1.5809360E+01 5.5016064E+00
2026 07 25 21 12 00 000 -1.2353004E+01 -1.5806952E+01 5.5008604E+00
2026 07 25 21 12 30 000 -1.2347545E+01 -1.5804536E+01 5.5001267E+00
2026 07 25 21 13 00 000 -1.2342085E+01 -1.5802114E+01 5.4994054E+00
2026 07 25 21 13 30 000 -1.2336622E+01 -1.5799685E+01 5.4986965E+00
2026 07 25 21 14 00 000 -1.2331157E+01 -1.5797250E+01 5.4979999E+00
2026 07 25 21 14 30 000 -1.2325691E+01 -1.5794808E+01 5.4973157E+00
2026 07 25 21 15 00 000 -1.2320222E+01 -1.5792360E+01 5.4966439E+00
2026 07 25 21 15 30 000 -1.2314752E+01 -1.5789905E+01 5.4959844E+00
2026 07 25 21 16 00 000 -1.2309280E+01 -1.5787443E+01 5.4953372E+00
2026 07 25 21 16 30 000 -1.2303805E+01 -1.5784975E+01 5.4947025E+00
2026 07 25 21 17 00 000 -1.2298329E+01 -1.5782500E+01 5.4940800E+00
2026 07 25 21 17 30 000 -1.2292851E+01 -1.5780019E+01 5.4934700E+00
2026 07 25 21 18 00 000 -1.2287371E+01 -1.5777531E+01 5.4928723E+00
2026 07 25 21 18 30 000 -1.2281888E+01 -1.5775036E+01 5.4922869E+00
2026 07 25 21 19 00 000 -1.2276404E+01 -1.5772535E+01 5.4917140E+00
2026 07 25 21 19 30 000 -1.2270918E+01 -1.5770027E+01 5.4911533E+00
2026 07 25 21 20 00 000 -1.2265430E+01 -1.5767513E+01 5.4906051E+00
2026 07 25 21 20 30 000 -1.2259940E+01 -1.5764992E+01 5.4900691E+00
2026 07 25 21 21 00 000 -1.2254448E+01 -1.5762464E+01 5.4895456E+00
2026 07 25 21 21 30 000 -1.2248955E+01 -1.5759930E+01 5.4890344E+00
2026 07 25 21 22 00 000 -1.2243459E+01 -1.5757389E+01 5.4885355E+00
2026 07 25 21 22 30 000 -1.2237961E+01 -1.5754842E+01 5.4880490E+00
2026 07 25 21 23 00 000 -1.2232461E+01 -1.5752288E+01 5.4875748E+00
2026 07 25 21 23 30 000 -1.2226960E+01 -1.5749727E+01 5.4871130E+00
2026 07 25 21 24 00 000 -1.2221456E+01 -1.5747160E+01 5.4866636E+00
2026 07 25 21 24 30 000 -1.2215951E+01 -1.5744586E+01 5.4862265E+00
2026 07 25 21 25 00 000 -1.2210443E+01 -1.5742006E+01 5.4858017E+00
2026 07 25 21 25 30 000 -1.2204934E+01 -1.5739419E+01 5.4853892E+00
2026 07 25 21 26 00 000 -1.2199422E+01 -1.5736825E+01 5.4849891E+00
2026 07 25 21 26 30 000 -1.2193909E+01 -1.5734225E+01 5.4846014E+00
2026 07 25 21 27 00 000 -1.2188393E+01 -1.5731618E+01 5.4842259E+00
2026 07 25 21 27 30 000 -1.2182876E+01 -1.5729004E+01 5.4838628E+00
2026 07 25 21 28 00 000 -1.2177357E+01 -1.5726384E+01 5.4835121E+00
2026 07 25 21 28 30 000 -1.2171836E+01 -1.5723757E+01 5.4831736E+00
2026 07 25 21 29 00 000 -1.2166313E+01 -1.5721124E+01 5.4828475E+00
2026 07 25 21 29 30 000 -1.2160787E+01 -1.5718484E+01 5.4825337E+00
2026 07 25 21 30 00 000 -1.2155260E+01 -1.5715837E+01 5.4822323E+00
2026 07 25 21 30 30 000 -1.2149731E+01 -1.5713183E+01 5.4819431E+00
2026 07 25 21 31 00 000 -1.2144200E+01 -1.5710523E+01 5.4816663E+00
2026 07 25 21 31 30 000 -1.2138667E+01 -1.5707857E+01 5.4814018E+00
2026 07 25 21 32 00 000 -1.2133132E+01 -1.5705183E+01 5.4811495E+00
2026 07 25 21 32 30 000 -1.2127595E+01 -1.5702503E+01 5.4809096E+00
2026 07 25 21 33 00 000 -1.2122056E+01 -1.5699817E+01 5.4806820E+00
2026 07 25 21 33 30 000 -1.2116516E+01 -1.5697124E+01 5.4804667E+00
2026 07 25 21 34 00 000 -1.2110973E+01 -1.5694424E+01 5.4802637E+00
2026 07 25 21 34 30 000 -1.2105428E+01 -1.5691717E+01 5.4800730E+00
2026 07 25 21 35 00 000 -1.2099881E+01 -1.5689004E+01 5.4798945E+00
2026 07 25 21 35 30 000 -1.2094333E+01 -1.5686284E+01 5.4797284E+00
2026 07 25 21 36 00 000 -1.2088782E+01 -1.5683557E+01 5.4795745E+00
2026 07 25 21 36 30 000 -1.2083229E+01 -1.5680824E+01 5.4794329E+00
2026 07 25 21 37 00 000 -1.2077675E+01 -1.5678084E+01 5.4793036E+00
2026 07 25 21 37 30 000 -1.2072118E+01 -1.5675338E+01 5.4791866E+00
2026 07 25 21 38 00 000 -1.2066559E+01 -1.5672585E+01 5.4790818E+00
2026 07 25 21 38 30 000 -1.2060999E+01 -1.5669825E+01 5.4789893E+00
2026 07 25 21 39 00 000 -1.2055436E+01 -1.5667058E+01 5.4789090E+00
2026 07 25 21 39 30 000 -1.2049872E+01 -1.5664285E+01 5.4788410E+00
2026 07 25 21 40 00 000 -1.2044305E+01 -1.5661505E+01 5.4787853E+00
2026 07 25 21 40 30 000 -1.2038737E+01 -1.5658718E+01 5.4787418E+00
2026 07 25 21 41 00 000 -1.2033167E+01 -1.5655925E+01 5.4787105E+00
2026 07 25 21 41 30 000 -1.2027594E+01 -1.5653125E+01 5.4786915E+00
2026 07 25 21 42 00 000 -1.2022020E+01 -1.5650318E+01 5.4786847E+00
2026 07 25 21 42 30 000 -1.2016443E+01 -1.5647505E+01 5.4786901E+00
2026 07 25 21 43 00 000 -1.2010865E+01 -1.5644685E+01 5.4787077E+00
2026 07 25 21 43 30 000 -1.2005285E+01 -1.5641858E+01 5.4787376E+00
2026 07 25 21 44 00 000 -1.1999703E+01 -1.5639024E+01 5.4787796E+00
2026 07 25 21 44 30 000 -1.1994118E+01 -1.5636184E+01 5.4788339E+00
2026 07 25 21 45 00 000 -1.1988532E+01 -1.5633337E+01 5.4789004E+00
2026 07 25 21 45 30 000 -1.1982944E+01 -1.5630484E+01 5.4789791E+00
2026 07 25 21 46 00 000 -1.1977354E+01 -1.5627623E+01 5.4790699E+00
2026 07 25 21 46 30 000 -1.1971761E+01 -1.5624756E+01 5.4791730E+00
2026 07 25 21 47 00 000 -1.1966167E+01 -1.5621882E+01 5.4792882E+00
2026 07 25 21 47 30 000 -1.1960571E+01 -1.5619002E+01 5.4794156E+00
2026 07 25 21 48 00 000 -1.1954973E+01 -1.5616115E+01 5.4795551E+00
2026 07 25 21 48 30 000 -1.1949373E+01 -1.5613221E+01 5.4797069E+00
2026 07 25 21 49 00 000 -1.1943770E+01 -1.5610320E+01 5.4798707E+00
2026 07 25 21 49 30 000 -1.1938166E+01 -1.5607413E+01 5.4800468E+00
2026 07 25 21 50 00 000 -1.1932560E+01 -1.5604499E+01 5.4802349E+00
2026 07 25 21 50 30 000 -1.1926952E+01 -1.5601578E+01 5.4804352E+00
2026 07 25 21 51 00 000 -1.1921342E+01 -1.5598650E+01 5.4806477E+00
2026 07 25 21 51 30 000 -1.1915730E+01 -1.5595716E+01 5.4808722E+00
2026 07 25 21 52 00 000 -1.1910116E+01 -1.5592775E+01 5.4811089E+00
2026 07 25 21 52 30 000 -1.1904500E+01 -1.5589827E+01 5.4813577E+00
2026 07 25 21 53 00 000 -1.1898882E+01 -1.5586872E+01 5.4816186E+00
2026 07 25 21 53 30 000 -1.1893262E+01 -1.5583911E+01 5.4818916E+00
2026 07 25 21 54 00 000 -1.1887639E+01 -1.5580943E+01 5.4821767E+00
2026 07 25 21 54 30 000 -1.1882015E+01 -1.5577968E+01 5.4824739E+00
2026 07 25 21 55 00 000 -1.1876389E+01 -1.5574987E+01 5.4827831E+00
2026 07 25 21 55 30 000 -1.1870761E+01 -1.5571998E+01 5.4831045E+00
2026 07 25 21 56 00 000 -1.1865131E+01 -1.5569003E+01 5.4834378E+00
2026 07 25 21 56 30 000 -1.1859499E+01 -1.5566001E+01 5.4837833E+00
2026 07 25 21 57 00 000 -1.1853865E+01 -1.5562993E+01 5.4841408E+00
2026 07 25 21 57 30 000 -1.1848229E+01 -1.5559977E+01 5.4845103E+00
2026 07 25 21 58 00 000 -1.1842591E+01 -1.5556955E+01 5.4848919E+00
2026 07 25 21 58 30 000 -1.1836951E+01 -1.5553926E+01 5.4852855E+00
2026 07 25 21 59 00 000 -1.1831309E+01 -1.5550891E+01 5.4856911E+00
2026 07 25 21 59 30 000 -1.1825665E+01 -1.5547848E+01 5.4861087E+00
2026 07 25 22 00 00 000 -1.1820019E+01 -1.5544799E+01 5.4865384E+00
2026 07 25 22 00 30 000 -1.1814371E+01 -1.5541743E+01 5.4869800E+00
2026 07 25 22 01 00 000 -1.1808721E+01 -1.5538680E+01 5.4874336E+00
2026 07 25 22 01 30 000 -1.1803069E+01 -1.5535610E+01 5.4878992E+00
2026 07 25 22 02 00 000 -1.1797415E+01 -1.5532534E+01 5.4883768E+00
2026 07 25 22 02 30 000 -1.1791759E+01 -1.5529451E+01 5.4888663E+00
2026 07 25 22 03 00 000 -1.1786100E+01 -1.5526361E+01 5.4893678E+00
2026 07 25 22 03 30 000 -1.1780440E+01 -1.5523264E+01 5.4898813E+00
2026 07 25 22 04 00 000 -1.1774778E+01 -1.5520160E+01 5.4904066E+00
2026 07 25 22 04 30 000 -1.1769114E+01 -1.5517050E+01 5.4909440E+00
2026 07 25 22 05 00 000 -1.1763448E+01 -1.5513932E+01 5.4914932E+00
2026 07 25 22 05 30 000 -1.1757780E+01 -1.5510808E+01 5.4920544E+00
2026 07 25 22 06 00 000 -1.1752110E+01 -1.5507677E+01 5.4926274E+00
2026 07 25 22 06 30 000 -1.1746438E+01 -1.5504540E+01 5.4932124E+00
2026 07 25 22 07 00 000 -1.1740763E+01 -1.5501395E+01 5.4938092E+00
2026 07 25 22 07 30 000 -1.1735087E+01 -1.5498244E+01 5.4944179E+00
2026 07 25 22 08 00 000 -1.1729409E+01 -1.5495086E+01 5.4950385E+00
2026 07 25 22 08 30 000 -1.1723729E+01 -1.5491921E+01 5.4956710E+00
2026 07 25 22 09 00 000 -1.1718047E+01 -1.5488749E+01 5.4963153E+00
2026 07 25 22 09 30 000 -1.1712362E+01 -1.5485570E+01 5.4969715E+00
2026 07 25 22 10 00 000 -1.1706676E+01 -1.5482385E+01 5.4976395E+00
2026 07 25 22 10 30 000 -1.1700988E+01 -1.5479192E+01 5.4983193E+00
2026 07 25 22 11 00 000 -1.1695298E+01 -1.5475993E+01 5.4990109E+00
2026 07 25 22 11 30 000 -1.1689605E+01 -1.5472787E+01 5.4997143E+00
2026 07 25 22 12 00 000 -1.1683911E+01 -1.5469574E+01 5.5004295E+00
2026 07 25 22 12 30 000 -1.1678215E+01 -1.5466354E+01 5.5011566E+00
2026 07 25 22 13 00 000 -1.1672516E+01 -1.5463128E+01 5.5018954E+00
2026 07 25 22 13 30 000 -1.1666816E+01 -1.5459894E+01 5.5026459E+00
2026 07 25 22 14 00 000 -1.1661114E+01 -1.5456654E+01 5.5034082E+00
2026 07 25 22 14 30 000 -1.1655409E+01 -1.5453407E+01 5.5041823E+00
2026 07 25 22 15 00 000 -1.1649703E+01 -1.5450153E+01 5.5049681E+00
2026 07 25 22 15 30 000 -1.1643994E+01 -1.5446892E+01 5.5057656E+00
2026 07 25 22 16 00 000 -1.1638284E+01 -1.5443624E+01 5.5065749E+00
2026 07 25 22 16 30 000 -1.1632571E+01 -1.5440349E+01 5.5073958E+00
2026 07 25 22 17 00 000 -1.1626857E+01 -1.5437068E+01 5.5082285E+00
2026 07 25 22 17 30 000 -1.1621140E+01 -1.5433779E+01 5.5090728E+00
2026 07 25 22 18 00 000 -1.1615422E+01 -1.5430484E+01 5.5099288E+00
2026 07 25 22 18 30 000 -1.1609701E+01 -1.5427182E+01 5.5107965E+00
2026 07 25 22 19 00 000 -1.1603978E+01 -1.5423873E+01 5.5116758E+00
2026 07 25 22 19 30 000 -1.1598254E+01 -1.5420557E+01 5.5125668E+00
2026 07 25 22 20 00 000 -1.1592527E+01 -1.5417234E+01 5.5134694E+00
2026 07 25 22 20 30 000 -1.1586798E+01 -1.5413904E+01 5.5143836E+00
2026 07 25 22 21 00 000 -1.1581067E+01 -1.5410567E+01 5.5153094E+00
2026 07 25 22 21 30 000 -1.1575335E+01 -1.5407224E+01 5.5162469E+00
2026 07 25 22 22 00 000 -1.1569600E+01 -1.5403873E+01 5.5171959E+00
2026 07 25 22 22 30 000 -1.1563863E+01 -1.5400516E+01 5.5181565E+00
2026 07 25 22 23 00 000 -1.1558124E+01 -1.5397151E+01 5.5191286E+00
2026 07 25 22 23 30 000 -1.1552383E+01 -1.5393780E+01 5.5201124E+00
2026 07 25 22 24 00 000 -1.1546640E+01 -1.5390402E+01 5.5211076E+00
2026 07 25 22 24 30 000 -1.1540895E+01 -1.5387017E+01 5.5221144E+00
2026 07 25 22 25 00 000 -1.1535148E+01 -1.5383625E+01 5.5231327E+00
2026 07 25 22 25 30 000 -1.1529399E+01 -1.5380226E+01 5.5241626E+00
2026 07 25 22 26 00 000 -1.1523648E+01 -1.5376820E+01 5.5252039E+00
2026 07 25 22 26 30 000 -1.1517894E+01 -1.5373407E+01 5.5262567E+00
2026 07 25 22 27 00 000 -1.1512139E+01 -1.5369987E+01 5.5273210E+00
2026 07 25 22 27 30 000 -1.1506382E+01 -1.5366560E+01 5.5283967E+00
2026 07 25 22 28 00 000 -1.1500623E+01 -1.5363127E+01 5.5294839E+00
2026 07 25 22 28 30 000 -1.1494861E+01 -1.5359686E+01 5.5305826E+00
2026 07 25 22 29 00 000 -1.1489098E+01 -1.5356238E+01 5.5316926E+00
2026 07 25 22 29 30 000 -1.1483332E+01 -1.5352784E+01 5.5328141E+00
2026 07 25 22 30 00 000 -1.1477565E+01 -1.5349322E+01 5.5339470E+00
2026 07 25 22 30 30 000 -1.1471795E+01 -1.5345854E+01 5.5350912E+00
2026 07 25 22 31 00 000 -1.1466024E+01 -1.5342378E+01 5.5362469E+00
2026 07 25 22 31 30 000 -1.1460250E+01 -1.5338896E+01 5.5374139E+00
2026 07 25 22 32 00 000 -1.1454475E+01 -1.5335406E+01 5.5385922E+00
2026 07 25 22 32 30 000 -1.1448697E+01 -1.5331910E+01 5.5397819E+00
2026 07 25 22 33 00 000 -1.1442917E+01 -1.5328407E+01 5.5409830E+00
2026 07 25 22 33 30 000 -1.1437135E+01 -1.5324896E+01 5.5421953E+00
2026 07 25 22 34 00 000 -1.1431351E+01 -1.5321379E+01 5.5434190E+00
2026 07 25 22 34 30 000 -1.1425565E+01 -1.5317854E+01 5.5446539E+00
2026 07 25 22 35 00 000 -1.1419777E+01 -1.5314323E+01 5.5459001E+00
2026 07 25 22 35 30 000 -1.1413987E+01 -1.5310785E+01 5.5471576E+00
2026 07 25 22 36 00 000 -1.1408195E+01 -1.5307240E+01 5.5484263E+00
2026 07 25 22 36 30 000 -1.1402401E+01 -1.5303687E+01 5.5497062E+00
2026 07 25 22 37 00 000 -1.1396605E+01 -1.5300128E+01 5.5509974E+00
2026 07 25 22 37 30 000 -1.1390807E+01 -1.5296561E+01 5.5522998E+00
2026 07 25 22 38 00 000 -1.1385007E+01 -1.5292988E+01 5.5536133E+00
2026 07 25 22 38 30 000 -1.1379204E+01 -1.5289408E+01 5.5549381E+00
2026 07 25 22 39 00 000 -1.1373400E+01 -1.5285820E+01 5.5562741E+00
2026 07 25 22 39 30 000 -1.1367593E+01 -1.5282226E+01 5.5576211E+00
2026 07 25 22 40 00 000 -1.1361785E+01 -1.5278624E+01 5.5589794E+00
2026 07 25 22 40 30 000 -1.1355974E+01 -1.5275016E+01 5.5603487E+00
2026 07 25 22 41 00 000 -1.1350161E+01 -1.5271400E+01 5.5617292E+00
2026 07 25 22 41 30 000 -1.1344347E+01 -1.5267778E+01 5.5631208E+00
2026 07 25 22 42 00 000 -1.1338530E+01 -1.5264148E+01 5.5645234E+00
2026 07 25 22 42 30 000 -1.1332711E+01 -1.5260512E+01 5.5659372E+00
2026 07 25 22 43 00 000 -1.1326890E+01 -1.5256868E+01 5.5673620E+00
2026 07 25 22 43 30 000 -1.1321067E+01 -1.5253217E+01 5.5687978E+00
2026 07 25 22 44 00 000 -1.1315242E+01 -1.5249559E+01 5.5702447E+00
2026 07 25 22 44 30 000 -1.1309415E+01 -1.5245894E+01 5.5717025E+00
2026 07 25 22 45 00 000 -1.1303586E+01 -1.5242223E+01 5.5731714E+00
2026 07 25 22 45 30 000 -1.1297755E+01 -1.5238544E+01 5.5746513E+00
2026 07 25 22 46 00 000 -1.1291921E+01 -1.5234857E+01 5.5761422E+00
2026 07 25 22 46 30 000 -1.1286086E+01 -1.5231164E+01 5.5776440E+00
2026 07 25 22 47 00 000 -1.1280248E+01 -1.5227464E+01 5.5791567E+00
2026 07 25 22 47 30 000 -1.1274409E+01 -1.5223757E+01 5.5806804E+00
2026 07 25 22 48 00 000 -1.1268567E+01 -1.5220042E+01 5.5822150E+00
2026 07 25 22 48 30 000 -1.1262724E+01 -1.5216321E+01 5.5837605E+00
2026 07 25 22 49 00 000 -1.1256878E+01 -1.5212592E+01 5.5853169E+00
2026 07 25 22 49 30 000 -1.1251030E+01 -1.5208857E+01 5.5868841E+00
2026 07 25 22 50 00 000 -1.1245180E+01 -1.5205114E+01 5.5884622E+00
2026 07 25 22 50 30 000 -1.1239328E+01 -1.5201364E+01 5.5900512E+00
2026 07 25 22 51 00 000 -1.1233474E+01 -1.5197607E+01 5.5916510E+00
2026 07 25 22 51 30 000 -1.1227618E+01 -1.5193843E+01 5.5932616E+00
2026 07 25 22 52 00 000 -1.1221760E+01 -1.5190072E+01 5.5948830E+00
2026 07 25 22 52 30 000 -1.1215900E+01 -1.5186294E+01 5.5965151E+00
2026 07 25 22 53 00 000 -1.1210037E+01 -1.5182508E+01 5.5981580E+00
2026 07 25 22 53 30 000 -1.1204173E+01 -1.5178716E+01 5.5998117E+00
2026 07 25 22 54 00 000 -1.1198306E+01 -1.5174916E+01 5.6014761E+00
2026 07 25 22 54 30 000 -1.1192438E+01 -1.5171109E+01 5.6031513E+00
2026 07 25 22 55 00 000 -1.1186567E+01 -1.5167295E+01 5.6048371E+00
2026 07 25 22 55 30 000 -1.1180694E+01 -1.5163474E+01 5.6065336E+00
2026 07 25 22 56 00 000 -1.1174819E+01 -1.5159646E+01 5.6082408E+00
2026 07 25 22 56 30 000 -1.1168943E+01 -1.5155810E+01 5.6099587E+00
2026 07 25 22 57 00 000 -1.1163064E+01 -1.5151968E+01 5.6116872E+00
2026 07 25 22 57 30 000 -1.1157182E+01 -1.5148118E+01 5.6134263E+00
2026 07 25 22 58 00 000 -1.1151299E+01 -1.5144261E+01 5.6151760E+00
2026 07 25 22 58 30 000 -1.1145414E+01 -1.5140397E+01 5.6169363E+00
2026 07 25 22 59 00 000 -1.1139526E+01 -1.5136526E+01 5.6187072E+00
2026 07 25 22 59 30 000 -1.1133637E+01 -1.5132648E+01 5.6204887E+00
2026 07 25 23 00 00 000 -1.1127745E+01 -1.5128762E+01 5.6222807E+00
2026 07 25 23 00 30 000 -1.1121852E+01 -1.5124870E+01 5.6240832E+00
2026 07 25 23 01 00 000 -1.1115956E+01 -1.5120970E+01 5.6258962E+00
2026 07 25 23 01 30 000 -1.1110058E+01 -1.5117063E+01 5.6277197E+00
2026 07 25 23 02 00 000 -1.1104158E+01 -1.5113149E+01 5.6295537E+00
2026 07 25 23 02 30 000 -1.1098256E+01 -1.5109227E+01 5.6313982E+00
2026 07 25 23 03 00 000 -1.1092352E+01 -1.5105299E+01 5.6332531E+00
2026 07 25 23 03 30 000 -1.1086446E+01 -1.5101363E+01 5.6351184E+00
2026 07 25 23 04 00 000 -1.1080538E+01 -1.5097420E+01 5.6369942E+00
2026 07 25 23 04 30 000 -1.1074627E+01 -1.5093469E+01 5.6388803E+00
2026 07 25 23 05 00 000 -1.1068715E+01 -1.5089512E+01 5.6407768E+00
2026 07 25 23 05 30 000 -1.1062800E+01 -1.5085547E+01 5.6426837E+00
2026 07 25 23 06 00 000 -1.1056883E+01 -1.5081575E+01 5.6446009E+00
2026 07 25 23 06 30 000 -1.1050965E+01 -1.5077596E+01 5.6465285E+00
2026 07 25 23 07 00 000 -1.1045044E+01 -1.5073610E+01 5.6484663E+00
2026 07 25 23 07 30 000 -1.1039121E+01 -1.5069617E+01 5.6504145E+00
2026 07 25 23 08 00 000 -1.1033196E+01 -1.5065616E+01 5.6523729E+00
2026 07 25 23 08 30 000 -1.1027268E+01 -1.5061608E+01 5.6543416E+00
2026 07 25 23 09 00 000 -1.1021339E+01 -1.5057592E+01 5.6563205E+00
2026 07 25 23 09 30 000 -1.1015408E+01 -1.5053570E+01 5.6583097E+00
2026 07 25 23 10 00 000 -1.1009474E+01 -1.5049540E+01 5.6603090E+00
2026 07 25 23 10 30 000 -1.1003538E+01 -1.5045503E+01 5.6623186E+00
2026 07 25 23 11 00 000 -1.0997601E+01 -1.5041459E+01 5.6643383E+00
2026 07 25 23 11 30 000 -1.0991661E+01 -1.5037407E+01 5.6663681E+00
2026 07 25 23 12 00 000 -1.0985719E+01 -1.5033349E+01 5.6684081E+00
2026 07 25 23 12 30 000 -1.0979775E+01 -1.5029283E+01 5.6704582E+00
2026 07 25 23 13 00 000 -1.0973828E+01 -1.5025209E+01 5.6725184E+00
2026 07 25 23 13 30 000 -1.0967880E+01 -1.5021129E+01 5.6745887E+00
2026 07 25 23 14 00 000 -1.0961930E+01 -1.5017041E+01 5.6766691E+00
2026 07 25 23 14 30 000 -1.0955977E+01 -1.5012946E+01 5.6787595E+00
2026 07 25 23 15 00 000 -1.0950022E+01 -1.5008843E+01 5.6808599E+00
2026 07 25 23 15 30 000 -1.0944066E+01 -1.5004734E+01 5.6829704E+00
2026 07 25 23 16 00 000 -1.0938107E+01 -1.5000617E+01 5.6850908E+00
2026 07 25 23 16 30 000 -1.0932146E+01 -1.4996492E+01 5.6872212E+00
2026 07 25 23 17 00 000 -1.0926183E+01 -1.4992361E+01 5.6893616E+00
2026 07 25 23 17 30 000 -1.0920217E+01 -1.4988222E+01 5.6915119E+00
2026 07 25 23 18 00 000 -1.0914250E+01 -1.4984076E+01 5.6936721E+00
2026 07 25 23 18 30 000 -1.0908281E+01 -1.4979922E+01 5.6958422E+00
2026 07 25 23 19 00 000 -1.0902309E+01 -1.4975761E+01 5.6980222E+00
2026 07 25 23 19 30 000 -1.0896335E+01 -1.4971593E+01 5.7002120E+00
2026 07 25 23 20 00 000 -1.0890360E+01 -1.4967418E+01 5.7024117E+00
2026 07 25 23 20 30 000 -1.0884382E+01 -1.4963235E+01 5.7046212E+00
2026 07 25 23 21 00 000 -1.0878401E+01 -1.4959045E+01 5.7068406E+00
2026 07 25 23 21 30 000 -1.0872419E+01 -1.4954847E+01 5.7090697E+00
2026 07 25 23 22 00 000 -1.0866435E+01 -1.4950642E+01 5.7113086E+00
2026 07 25 23 22 30 000 -1.0860448E+01 -1.4946430E+01 5.7135572E+00
2026 07 25 23 23 00 000 -1.0854460E+01 -1.4942211E+01 5.7158156E+00
2026 07 25 23 23 30 000 -1.0848469E+01 -1.4937984E+01 5.7180836E+00
2026 07 25 23 24 00 000 -1.0842476E+01 -1.4933750E+01 5.7203614E+00
2026 07 25 23 24 30 000 -1.0836481E+01 -1.4929508E+01 5.7226489E+00
2026 07 25 23 25 00 000 -1.0830484E+01 -1.4925259E+01 5.7249460E+00
2026 07 25 23 25 30 000 -1.0824485E+01 -1.4921003E+01 5.7272527E+00
2026 07 25 23 26 00 000 -1.0818484E+01 -1.4916739E+01 5.7295690E+00
2026 07 25 23 26 30 000 -1.0812480E+01 -1.4912468E+01 5.7318950E+00
2026 07 25 23 27 00 000 -1.0806474E+01 -1.4908190E+01 5.7342305E+00
2026 07 25 23 27 30 000 -1.0800467E+01 -1.4903904E+01 5.7365756E+00
2026 07 25 23 28 00 000 -1.0794457E+01 -1.4899611E+01 5.7389302E+00
2026 07 25 23 28 30 000 -1.0788445E+01 -1.4895310E+01 5.7412943E+00
2026 07 25 23 29 00 000 -1.0782431E+01 -1.4891002E+01 5.7436680E+00
2026 07 25 23 29 30 000 -1.0776414E+01 -1.4886687E+01 5.7460511E+00
2026 07 25 23 30 00 000 -1.0770396E+01 -1.4882364E+01 5.7484437E+00
2026 07 25 23 30 30 000 -1.0764375E+01 -1.4878034E+01 5.7508457E+00
2026 07 25 23 31 00 000 -1.0758353E+01 -1.4873697E+01 5.7532571E+00
2026 07 25 23 31 30 000 -1.0752328E+01 -1.4869352E+01 5.7556780E+00
2026 07 25 23 32 00 000 -1.0746301E+01 -1.4864999E+01 5.7581082E+00
2026 07 25 23 32 30 000 -1.0740272E+01 -1.4860640E+01 5.7605478E+00
2026 07 25 23 33 00 000 -1.0734240E+01 -1.4856272E+01 5.7629967E+00
2026 07 25 23 33 30 000 -1.0728207E+01 -1.4851898E+01 5.7654549E+00
2026 07 25 23 34 00 000 -1.0722171E+01 -1.4847516E+01 5.7679225E+00
2026 07 25 23 34 30 000 -1.0716134E+01 -1.4843126E+01 5.7703993E+00
2026 07 25 23 35 00 000 -1.0710094E+01 -1.4838729E+01 5.7728853E+00
2026 07 25 23 35 30 000 -1.0704052E+01 -1.4834325E+01 5.7753807E+00
2026 07 25 23 36 00 000 -1.0698008E+01 -1.4829913E+01 5.7778852E+00
2026 07 25 23 36 30 000 -1.0691961E+01 -1.4825494E+01 5.7803989E+00
2026 07 25 23 37 00 000 -1.0685913E+01 -1.4821067E+01 5.7829218E+00
2026 07 25 23 37 30 000 -1.0679862E+01 -1.4816633E+01 5.7854539E+00
2026 07 25 23 38 00 000 -1.0673810E+01 -1.4812191E+01 5.7879951E+00
2026 07 25 23 38 30 000 -1.0667755E+01 -1.4807742E+01 5.7905454E+00
2026 07 25 23 39 00 000 -1.0661698E+01 -1.4803286E+01 5.7931048E+00
2026 07 25 23 39 30 000 -1.0655638E+01 -1.4798822E+01 5.7956733E+00
2026 07 25 23 40 00 000 -1.0649577E+01 -1.4794350E+01 5.7982508E+00
2026 07 25 23 40 30 000 -1.0643514E+01 -1.4789871E+01 5.8008374E+00
2026 07 25 23 41 00 000 -1.0637448E+01 -1.4785385E+01 5.8034329E+00
2026 07 25 23 41 30 000 -1.0631380E+01 -1.4780891E+01 5.8060375E+00
2026 07 25 23 42 00 000 -1.0625310E+01 -1.4776389E+01 5.8086510E+00
2026 07 25 23 42 30 000 -1.0619238E+01 -1.4771880E+01 5.8112735E+00
2026 07 25 23 43 00 000 -1.0613164E+01 -1.4767364E+01 5.8139049E+00
2026 07 25 23 43 30 000 -1.0607087E+01 -1.4762840E+01 5.8165453E+00
2026 07 25 23 44 00 000 -1.0601009E+01 -1.4758308E+01 5.8191945E+00
2026 07 25 23 44 30 000 -1.0594928E+01 -1.4753769E+01 5.8218525E+00
2026 07 25 23 45 00 000 -1.0588845E+01 -1.4749223E+01 5.8245194E+00
2026 07 25 23 45 30 000 -1.0582760E+01 -1.4744669E+01 5.8271952E+00
2026 07 25 23 46 00 000 -1.0576672E+01 -1.4740107E+01 5.8298797E+00
2026 07 25 23 46 30 000 -1.0570583E+01 -1.4735538E+01 5.8325730E+00
2026 07 25 23 47 00 000 -1.0564491E+01 -1.4730962E+01 5.8352751E+00
2026 07 25 23 47 30 000 -1.0558398E+01 -1.4726378E+01 5.8379859E+00
2026 07 25 23 48 00 000 -1.0552302E+01 -1.4721786E+01 5.8407054E+00
2026 07 25 23 48 30 000 -1.0546203E+01 -1.4717187E+01 5.8434336E+00
2026 07 25 23 49 00 000 -1.0540103E+01 -1.4712580E+01 5.8461704E+00
2026 07 25 23 49 30 000 -1.0534001E+01 -1.4707966E+01 5.8489159E+00
2026 07 25 23 50 00 000 -1.0527896E+01 -1.4703344E+01 5.8516701E+00
2026 07 25 23 50 30 000 -1.0521789E+01 -1.4698714E+01 5.8544328E+00
2026 07 25 23 51 00 000 -1.0515680E+01 -1.4694077E+01 5.8572042E+00
2026 07 25 23 51 30 000 -1.0509569E+01 -1.4689433E+01 5.8599840E+00
2026 07 25 23 52 00 000 -1.0503456E+01 -1.4684781E+01 5.8627725E+00
2026 07 25 23 52 30 000 -1.0497340E+01 -1.4680121E+01 5.8655694E+00
2026 07 25 23 53 00 000 -1.0491222E+01 -1.4675454E+01 5.8683748E+00
2026 07 25 23 53 30 000 -1.0485103E+01 -1.4670779E+01 5.8711887E+00
2026 07 25 23 54 00 000 -1.0478981E+01 -1.4666097E+01 5.8740111E+00
2026 07 25 23 54 30 000 -1.0472856E+01 -1.4661407E+01 5.8768419E+00
2026 07 25 23 55 00 000 -1.0466730E+01 -1.4656709E+01 5.8796810E+00
2026 07 25 23 55 30 000 -1.0460601E+01 -1.4652004E+01 5.8825286E+00
2026 07 25 23 56 00 000 -1.0454471E+01 -1.4647291E+01 5.8853845E+00
2026 07 25 23 56 30 000 -1.0448338E+01 -1.4642571E+01 5.8882488E+00
2026 07 25 23 57 00 000 -1.0442202E+01 -1.4637843E+01 5.8911214E+00
2026 07 25 23 57 30 000 -1.0436065E+01 -1.4633107E+01 5.8940022E+00
2026 07 25 23 58 00 000 -1.0429926E+01 -1.4628364E+01 5.8968914E+00
2026 07 25 23 58 30 000 -1.0423784E+01 -1.4623613E+01 5.8997887E+00
2026 07 25 23 59 00 000 -1.0417640E+01 -1.4618855E+01 5.9026944E+00
2026 07 25 23 59 30 000 -1.0411494E+01 -1.4614089E+01 5.9056082E+00
