Created with swmf_orbit_fetch.py on 2026-10-08 15:5302

#COOR
GSM

#START
2026 07 23 00 00 00 000 1.9419037E+00 -1.9972595E+00 3.5464035E+00
2026 07 23 00 00 30 000 1.9488243E+00 -1.9781247E+00 3.5353656E+00
2026 07 23 00 01 00 000 1.9557153E+00 -1.9589600E+00 3.5242707E+00
2026 07 23 00 01 30 000 1.9625764E+00 -1.9397654E+00 3.5131184E+00
2026 07 23 00 02 00 000 1.9694072E+00 -1.9205408E+00 3.5019082E+00
2026 07 23 00 02 30 000 1.9762072E+00 -1.9012864E+00 3.4906398E+00
2026 07 23 00 03 00 000 1.9829762E+00 -1.8820023E+00 3.4793128E+00
2026 07 23 00 03 30 000 1.9897136E+00 -1.8626885E+00 3.4679268E+00
2026 07 23 00 04 00 000 1.9964191E+00 -1.8433449E+00 3.4564813E+00
2026 07 23 00 04 30 000 2.0030923E+00 -1.8239718E+00 3.4449759E+00
2026 07 23 00 05 00 000 2.0097327E+00 -1.8045691E+00 3.4334103E+00
2026 07 23 00 05 30 000 2.0163398E+00 -1.7851371E+00 3.4217841E+00
2026 07 23 00 06 00 000 2.0229133E+00 -1.7656757E+00 3.4100968E+00
2026 07 23 00 06 30 000 2.0294528E+00 -1.7461850E+00 3.3983481E+00
2026 07 23 00 07 00 000 2.0359577E+00 -1.7266650E+00 3.3865374E+00
2026 07 23 00 07 30 000 2.0424276E+00 -1.7071159E+00 3.3746644E+00
2026 07 23 00 08 00 000 2.0488620E+00 -1.6875379E+00 3.3627288E+00
2026 07 23 00 08 30 000 2.0552606E+00 -1.6679309E+00 3.3507300E+00
2026 07 23 00 09 00 000 2.0616227E+00 -1.6482951E+00 3.3386676E+00
2026 07 23 00 09 30 000 2.0679480E+00 -1.6286305E+00 3.3265412E+00
2026 07 23 00 10 00 000 2.0742360E+00 -1.6089372E+00 3.3143504E+00
2026 07 23 00 10 30 000 2.0804861E+00 -1.5892156E+00 3.3020948E+00
2026 07 23 00 11 00 000 2.0866979E+00 -1.5694656E+00 3.2897740E+00
2026 07 23 00 11 30 000 2.0928708E+00 -1.5496872E+00 3.2773873E+00
2026 07 23 00 12 00 000 2.0990045E+00 -1.5298806E+00 3.2649346E+00
2026 07 23 00 12 30 000 2.1050982E+00 -1.5100461E+00 3.2524153E+00
2026 07 23 00 13 00 000 2.1111516E+00 -1.4901838E+00 3.2398290E+00
2026 07 23 00 13 30 000 2.1171641E+00 -1.4702936E+00 3.2271752E+00
2026 07 23 00 14 00 000 2.1231351E+00 -1.4503758E+00 3.2144535E+00
2026 07 23 00 14 30 000 2.1290641E+00 -1.4304305E+00 3.2016635E+00
2026 07 23 00 15 00 000 2.1349506E+00 -1.4104580E+00 3.1888047E+00
2026 07 23 00 15 30 000 2.1407941E+00 -1.3904583E+00 3.1758767E+00
2026 07 23 00 16 00 000 2.1465938E+00 -1.3704316E+00 3.1628789E+00
2026 07 23 00 16 30 000 2.1523493E+00 -1.3503782E+00 3.1498111E+00
2026 07 23 00 17 00 000 2.1580601E+00 -1.3302981E+00 3.1366727E+00
2026 07 23 00 17 30 000 2.1637254E+00 -1.3101915E+00 3.1234632E+00
2026 07 23 00 18 00 000 2.1693447E+00 -1.2900587E+00 3.1101823E+00
2026 07 23 00 18 30 000 2.1749175E+00 -1.2698998E+00 3.0968294E+00
2026 07 23 00 19 00 000 2.1804431E+00 -1.2497150E+00 3.0834041E+00
2026 07 23 00 19 30 000 2.1859209E+00 -1.2295046E+00 3.0699060E+00
2026 07 23 00 20 00 000 2.1913502E+00 -1.2092687E+00 3.0563345E+00
2026 07 23 00 20 30 000 2.1967305E+00 -1.1890075E+00 3.0426893E+00
2026 07 23 00 21 00 000 2.2020611E+00 -1.1687213E+00 3.0289698E+00
2026 07 23 00 21 30 000 2.2073413E+00 -1.1484105E+00 3.0151756E+00
2026 07 23 00 22 00 000 2.2125705E+00 -1.1280750E+00 3.0013063E+00
2026 07 23 00 22 30 000 2.2177481E+00 -1.1077152E+00 2.9873613E+00
2026 07 23 00 23 00 000 2.2228733E+00 -1.0873315E+00 2.9733402E+00
2026 07 23 00 23 30 000 2.2279455E+00 -1.0669239E+00 2.9592426E+00
2026 07 23 00 24 00 000 2.2329640E+00 -1.0464929E+00 2.9450680E+00
2026 07 23 00 24 30 000 2.2379281E+00 -1.0260386E+00 2.9308159E+00
2026 07 23 00 25 00 000 2.2428371E+00 -1.0055614E+00 2.9164858E+00
2026 07 23 00 25 30 000 2.2476903E+00 -9.8506157E-01 2.9020774E+00
2026 07 23 00 26 00 000 2.2524869E+00 -9.6453947E-01 2.8875901E+00
2026 07 23 00 26 30 000 2.2572262E+00 -9.4399527E-01 2.8730234E+00
2026 07 23 00 27 00 000 2.2619076E+00 -9.2342936E-01 2.8583769E+00
2026 07 23 00 27 30 000 2.2665302E+00 -9.0284211E-01 2.8436501E+00
2026 07 23 00 28 00 000 2.2710932E+00 -8.8223377E-01 2.8288426E+00
2026 07 23 00 28 30 000 2.2755960E+00 -8.6160482E-01 2.8139539E+00
2026 07 23 00 29 00 000 2.2800378E+00 -8.4095546E-01 2.7989835E+00
2026 07 23 00 29 30 000 2.2844176E+00 -8.2028622E-01 2.7839310E+00
2026 07 23 00 30 00 000 2.2887349E+00 -7.9959737E-01 2.7687960E+00
2026 07 23 00 30 30 000 2.2929887E+00 -7.7888942E-01 2.7535779E+00
2026 07 23 00 31 00 000 2.2971783E+00 -7.5816259E-01 2.7382763E+00
2026 07 23 00 31 30 000 2.3013028E+00 -7.3741738E-01 2.7228908E+00
2026 07 23 00 32 00 000 2.3053614E+00 -7.1665425E-01 2.7074209E+00
2026 07 23 00 32 30 000 2.3093532E+00 -6.9587353E-01 2.6918660E+00
2026 07 23 00 33 00 000 2.3132775E+00 -6.7507579E-01 2.6762260E+00
2026 07 23 00 33 30 000 2.3171333E+00 -6.5426134E-01 2.6605001E+00
2026 07 23 00 34 00 000 2.3209199E+00 -6.3343078E-01 2.6446880E+00
2026 07 23 00 34 30 000 2.3246362E+00 -6.1258451E-01 2.6287893E+00
2026 07 23 00 35 00 000 2.3282815E+00 -5.9172314E-01 2.6128036E+00
2026 07 23 00 35 30 000 2.3318548E+00 -5.7084698E-01 2.5967303E+00
2026 07 23 00 36 00 000 2.3353552E+00 -5.4995665E-01 2.5805691E+00
2026 07 23 00 36 30 000 2.3387818E+00 -5.2905267E-01 2.5643195E+00
2026 07 23 00 37 00 000 2.3421338E+00 -5.0813557E-01 2.5479811E+00
2026 07 23 00 37 30 000 2.3454101E+00 -4.8720596E-01 2.5315536E+00
2026 07 23 00 38 00 000 2.3486098E+00 -4.6626432E-01 2.5150363E+00
2026 07 23 00 38 30 000 2.3517320E+00 -4.4531126E-01 2.4984290E+00
2026 07 23 00 39 00 000 2.3547757E+00 -4.2434740E-01 2.4817313E+00
2026 07 23 00 39 30 000 2.3577399E+00 -4.0337338E-01 2.4649427E+00
2026 07 23 00 40 00 000 2.3606237E+00 -3.8238974E-01 2.4480629E+00
2026 07 23 00 40 30 000 2.3634260E+00 -3.6139716E-01 2.4310914E+00
2026 07 23 00 41 00 000 2.3661460E+00 -3.4039628E-01 2.4140280E+00
2026 07 23 00 41 30 000 2.3687825E+00 -3.1938779E-01 2.3968720E+00
2026 07 23 00 42 00 000 2.3713345E+00 -2.9837242E-01 2.3796234E+00
2026 07 23 00 42 30 000 2.3738011E+00 -2.7735076E-01 2.3622816E+00
2026 07 23 00 43 00 000 2.3761812E+00 -2.5632358E-01 2.3448464E+00
2026 07 23 00 43 30 000 2.3784737E+00 -2.3529162E-01 2.3273172E+00
2026 07 23 00 44 00 000 2.3806776E+00 -2.1425568E-01 2.3096940E+00
2026 07 23 00 44 30 000 2.3827919E+00 -1.9321643E-01 2.2919762E+00
2026 07 23 00 45 00 000 2.3848155E+00 -1.7217468E-01 2.2741636E+00
2026 07 23 00 45 30 000 2.3867473E+00 -1.5113125E-01 2.2562559E+00
2026 07 23 00 46 00 000 2.3885861E+00 -1.3008695E-01 2.2382527E+00
2026 07 23 00 46 30 000 2.3903311E+00 -1.0904268E-01 2.2201538E+00
2026 07 23 00 47 00 000 2.3919809E+00 -8.7999156E-02 2.2019589E+00
2026 07 23 00 47 30 000 2.3935346E+00 -6.6957323E-02 2.1836676E+00
2026 07 23 00 48 00 000 2.3949910E+00 -4.5918062E-02 2.1652798E+00
2026 07 23 00 48 30 000 2.3963490E+00 -2.4882363E-02 2.1467953E+00
2026 07 23 00 49 00 000 2.3976075E+00 -3.8510110E-03 2.1282137E+00
2026 07 23 00 49 30 000 2.3987653E+00 1.7174977E-02 2.1095348E+00
2026 07 23 00 50 00 000 2.3998214E+00 3.8194657E-02 2.0907585E+00
2026 07 23 00 50 30 000 2.4007744E+00 5.9207037E-02 2.0718844E+00
2026 07 23 00 51 00 000 2.4016234E+00 8.0211042E-02 2.0529126E+00
2026 07 23 00 51 30 000 2.4023672E+00 1.0120579E-01 2.0338427E+00
2026 07 23 00 52 00 000 2.4030045E+00 1.2219016E-01 2.0146746E+00
2026 07 23 00 52 30 000 2.4035342E+00 1.4316310E-01 1.9954083E+00
2026 07 23 00 53 00 000 2.4039552E+00 1.6412347E-01 1.9760435E+00
2026 07 23 00 53 30 000 2.4042663E+00 1.8507028E-01 1.9565801E+00
2026 07 23 00 54 00 000 2.4044663E+00 2.0600234E-01 1.9370182E+00
2026 07 23 00 54 30 000 2.4045540E+00 2.2691853E-01 1.9173575E+00
2026 07 23 00 55 00 000 2.4045282E+00 2.4781766E-01 1.8975980E+00
2026 07 23 00 55 30 000 2.4043879E+00 2.6869845E-01 1.8777399E+00
2026 07 23 00 56 00 000 2.4041316E+00 2.8955991E-01 1.8577829E+00
2026 07 23 00 56 30 000 2.4037584E+00 3.1040071E-01 1.8377270E+00
2026 07 23 00 57 00 000 2.4032669E+00 3.3121958E-01 1.8175724E+00
2026 07 23 00 57 30 000 2.4026560E+00 3.5201522E-01 1.7973192E+00
2026 07 23 00 58 00 000 2.4019246E+00 3.7278644E-01 1.7769672E+00
2026 07 23 00 58 30 000 2.4010713E+00 3.9353190E-01 1.7565166E+00
2026 07 23 00 59 00 000 2.4000951E+00 4.1425024E-01 1.7359675E+00
2026 07 23 00 59 30 000 2.3989947E+00 4.3494011E-01 1.7153201E+00
2026 07 23 01 00 00 000 2.3977690E+00 4.5560003E-01 1.6945746E+00
2026 07 23 01 00 30 000 2.3964168E+00 4.7622882E-01 1.6737311E+00
2026 07 23 01 01 00 000 2.3949369E+00 4.9682497E-01 1.6527897E+00
2026 07 23 01 01 30 000 2.3933280E+00 5.1738703E-01 1.6317508E+00
2026 07 23 01 02 00 000 2.3915892E+00 5.3791350E-01 1.6106146E+00
2026 07 23 01 02 30 000 2.3897192E+00 5.5840301E-01 1.5893813E+00
2026 07 23 01 03 00 000 2.3877168E+00 5.7885401E-01 1.5680514E+00
2026 07 23 01 03 30 000 2.3855809E+00 5.9926499E-01 1.5466250E+00
2026 07 23 01 04 00 000 2.3833104E+00 6.1963440E-01 1.5251026E+00
2026 07 23 01 04 30 000 2.3809041E+00 6.3996064E-01 1.5034846E+00
2026 07 23 01 05 00 000 2.3783610E+00 6.6024224E-01 1.4817714E+00
2026 07 23 01 05 30 000 2.3756798E+00 6.8047755E-01 1.4599634E+00
2026 07 23 01 06 00 000 2.3728595E+00 7.0066497E-01 1.4380612E+00
2026 07 23 01 06 30 000 2.3698991E+00 7.2080280E-01 1.4160652E+00
2026 07 23 01 07 00 000 2.3667974E+00 7.4088951E-01 1.3939759E+00
2026 07 23 01 07 30 000 2.3635534E+00 7.6092338E-01 1.3717940E+00
2026 07 23 01 08 00 000 2.3601660E+00 7.8090272E-01 1.3495201E+00
2026 07 23 01 08 30 000 2.3566343E+00 8.0082584E-01 1.3271547E+00
2026 07 23 01 09 00 000 2.3529571E+00 8.2069097E-01 1.3046986E+00
2026 07 23 01 09 30 000 2.3491336E+00 8.4049649E-01 1.2821524E+00
2026 07 23 01 10 00 000 2.3451626E+00 8.6024059E-01 1.2595169E+00
2026 07 23 01 10 30 000 2.3410434E+00 8.7992152E-01 1.2367928E+00
2026 07 23 01 11 00 000 2.3367749E+00 8.9953745E-01 1.2139810E+00
2026 07 23 01 11 30 000 2.3323562E+00 9.1908671E-01 1.1910823E+00
2026 07 23 01 12 00 000 2.3277864E+00 9.3856744E-01 1.1680974E+00
2026 07 23 01 12 30 000 2.3230647E+00 9.5797784E-01 1.1450275E+00
2026 07 23 01 13 00 000 2.3181902E+00 9.7731608E-01 1.1218733E+00
2026 07 23 01 13 30 000 2.3131621E+00 9.9658030E-01 1.0986359E+00
2026 07 23 01 14 00 000 2.3079796E+00 1.0157687E+00 1.0753162E+00
2026 07 23 01 14 30 000 2.3026419E+00 1.0348795E+00 1.0519153E+00
2026 07 23 01 15 00 000 2.2971483E+00 1.0539107E+00 1.0284343E+00
2026 07 23 01 15 30 000 2.2914982E+00 1.0728606E+00 1.0048743E+00
2026 07 23 01 16 00 000 2.2856907E+00 1.0917272E+00 9.8123637E-01
2026 07 23 01 16 30 000 2.2797253E+00 1.1105087E+00 9.5752175E-01
2026 07 23 01 17 00 000 2.2736013E+00 1.1292032E+00 9.3373166E-01
2026 07 23 01 17 30 000 2.2673181E+00 1.1478088E+00 9.0986732E-01
2026 07 23 01 18 00 000 2.2608753E+00 1.1663237E+00 8.8593009E-01
2026 07 23 01 18 30 000 2.2542723E+00 1.1847460E+00 8.6192117E-01
2026 07 23 01 19 00 000 2.2475086E+00 1.2030738E+00 8.3784198E-01
2026 07 23 01 19 30 000 2.2405838E+00 1.2213052E+00 8.1369387E-01
2026 07 23 01 20 00 000 2.2334974E+00 1.2394383E+00 7.8947836E-01
2026 07 23 01 20 30 000 2.2262491E+00 1.2574714E+00 7.6519674E-01
2026 07 23 01 21 00 000 2.2188386E+00 1.2754025E+00 7.4085059E-01
2026 07 23 01 21 30 000 2.2112656E+00 1.2932298E+00 7.1644140E-01
2026 07 23 01 22 00 000 2.2035298E+00 1.3109515E+00 6.9197073E-01
2026 07 23 01 22 30 000 2.1956310E+00 1.3285656E+00 6.6744021E-01
2026 07 23 01 23 00 000 2.1875691E+00 1.3460704E+00 6.4285134E-01
2026 07 23 01 23 30 000 2.1793439E+00 1.3634641E+00 6.1820580E-01
2026 07 23 01 24 00 000 2.1709553E+00 1.3807449E+00 5.9350525E-01
2026 07 23 01 24 30 000 2.1624034E+00 1.3979108E+00 5.6875148E-01
2026 07 23 01 25 00 000 2.1536881E+00 1.4149604E+00 5.4394606E-01
2026 07 23 01 25 30 000 2.1448094E+00 1.4318917E+00 5.1909081E-01
2026 07 23 01 26 00 000 2.1357674E+00 1.4487030E+00 4.9418748E-01
2026 07 23 01 26 30 000 2.1265624E+00 1.4653926E+00 4.6923790E-01
2026 07 23 01 27 00 000 2.1171944E+00 1.4819588E+00 4.4424394E-01
2026 07 23 01 27 30 000 2.1076637E+00 1.4983999E+00 4.1920731E-01
2026 07 23 01 28 00 000 2.0979706E+00 1.5147144E+00 3.9412995E-01
2026 07 23 01 28 30 000 2.0881154E+00 1.5309005E+00 3.6901376E-01
2026 07 23 01 29 00 000 2.0780984E+00 1.5469567E+00 3.4386069E-01
2026 07 23 01 29 30 000 2.0679202E+00 1.5628813E+00 3.1867256E-01
2026 07 23 01 30 00 000 2.0575810E+00 1.5786730E+00 2.9345135E-01
2026 07 23 01 30 30 000 2.0470815E+00 1.5943300E+00 2.6819903E-01
2026 07 23 01 31 00 000 2.0364221E+00 1.6098510E+00 2.4291757E-01
2026 07 23 01 31 30 000 2.0256036E+00 1.6252345E+00 2.1760904E-01
2026 07 23 01 32 00 000 2.0146264E+00 1.6404791E+00 1.9227528E-01
2026 07 23 01 32 30 000 2.0034913E+00 1.6555833E+00 1.6691838E-01
2026 07 23 01 33 00 000 1.9921991E+00 1.6705459E+00 1.4154035E-01
2026 07 23 01 33 30 000 1.9807505E+00 1.6853655E+00 1.1614332E-01
2026 07 23 01 34 00 000 1.9691463E+00 1.7000409E+00 9.0729169E-02
2026 07 23 01 34 30 000 1.9573874E+00 1.7145708E+00 6.5300002E-02
2026 07 23 01 35 00 000 1.9454746E+00 1.7289539E+00 3.9857874E-02
2026 07 23 01 35 30 000 1.9334091E+00 1.7431892E+00 1.4404834E-02
2026 07 23 01 36 00 000 1.9211916E+00 1.7572755E+00 -1.1057002E-02
2026 07 23 01 36 30 000 1.9088233E+00 1.7712117E+00 -3.6525721E-02
2026 07 23 01 37 00 000 1.8963053E+00 1.7849967E+00 -6.1999197E-02
2026 07 23 01 37 30 000 1.8836385E+00 1.7986297E+00 -8.7475406E-02
2026 07 23 01 38 00 000 1.8708243E+00 1.8121095E+00 -1.1295219E-01
2026 07 23 01 38 30 000 1.8578637E+00 1.8254354E+00 -1.3842768E-01
2026 07 23 01 39 00 000 1.8447581E+00 1.8386063E+00 -1.6389975E-01
2026 07 23 01 39 30 000 1.8315085E+00 1.8516216E+00 -1.8936639E-01
2026 07 23 01 40 00 000 1.8181165E+00 1.8644803E+00 -2.1482557E-01
2026 07 23 01 40 30 000 1.8045832E+00 1.8771818E+00 -2.4027523E-01
2026 07 23 01 41 00 000 1.7909101E+00 1.8897254E+00 -2.6571351E-01
2026 07 23 01 41 30 000 1.7770984E+00 1.9021103E+00 -2.9113834E-01
2026 07 23 01 42 00 000 1.7631498E+00 1.9143361E+00 -3.1654778E-01
2026 07 23 01 42 30 000 1.7490655E+00 1.9264021E+00 -3.4193978E-01
2026 07 23 01 43 00 000 1.7348472E+00 1.9383078E+00 -3.6731255E-01
2026 07 23 01 43 30 000 1.7204962E+00 1.9500528E+00 -3.9266411E-01
2026 07 23 01 44 00 000 1.7060142E+00 1.9616366E+00 -4.1799253E-01
2026 07 23 01 44 30 000 1.6914026E+00 1.9730588E+00 -4.4329595E-01
2026 07 23 01 45 00 000 1.6766632E+00 1.9843191E+00 -4.6857243E-01
2026 07 23 01 45 30 000 1.6617974E+00 1.9954172E+00 -4.9382028E-01
2026 07 23 01 46 00 000 1.6468069E+00 2.0063529E+00 -5.1903759E-01
2026 07 23 01 46 30 000 1.6316934E+00 2.0171259E+00 -5.4422258E-01
2026 07 23 01 47 00 000 1.6164586E+00 2.0277361E+00 -5.6937340E-01
2026 07 23 01 47 30 000 1.6011040E+00 2.0381833E+00 -5.9448846E-01
2026 07 23 01 48 00 000 1.5856313E+00 2.0484676E+00 -6.1956596E-01
2026 07 23 01 48 30 000 1.5700425E+00 2.0585888E+00 -6.4460420E-01
2026 07 23 01 49 00 000 1.5543390E+00 2.0685469E+00 -6.6960151E-01
2026 07 23 01 49 30 000 1.5385228E+00 2.0783420E+00 -6.9455619E-01
2026 07 23 01 50 00 000 1.5225955E+00 2.0879743E+00 -7.1946677E-01
2026 07 23 01 50 30 000 1.5065588E+00 2.0974437E+00 -7.4433160E-01
2026 07 23 01 51 00 000 1.4904146E+00 2.1067506E+00 -7.6914912E-01
2026 07 23 01 51 30 000 1.4741647E+00 2.1158950E+00 -7.9391774E-01
2026 07 23 01 52 00 000 1.4578108E+00 2.1248773E+00 -8.1863612E-01
2026 07 23 01 52 30 000 1.4413547E+00 2.1336977E+00 -8.4330271E-01
2026 07 23 01 53 00 000 1.4247981E+00 2.1423565E+00 -8.6791610E-01
2026 07 23 01 53 30 000 1.4081430E+00 2.1508541E+00 -8.9247488E-01
2026 07 23 01 54 00 000 1.3913910E+00 2.1591909E+00 -9.1697762E-01
2026 07 23 01 54 30 000 1.3745441E+00 2.1673673E+00 -9.4142313E-01
2026 07 23 01 55 00 000 1.3576038E+00 2.1753838E+00 -9.6581003E-01
2026 07 23 01 55 30 000 1.3405722E+00 2.1832408E+00 -9.9013705E-01
2026 07 23 01 56 00 000 1.3234510E+00 2.1909388E+00 -1.0144029E+00
2026 07 23 01 56 30 000 1.3062418E+00 2.1984785E+00 -1.0386065E+00
2026 07 23 01 57 00 000 1.2889466E+00 2.2058603E+00 -1.0627466E+00
2026 07 23 01 57 30 000 1.2715672E+00 2.2130850E+00 -1.0868221E+00
2026 07 23 01 58 00 000 1.2541052E+00 2.2201530E+00 -1.1108318E+00
2026 07 23 01 58 30 000 1.2365624E+00 2.2270652E+00 -1.1347747E+00
2026 07 23 01 59 00 000 1.2189407E+00 2.2338221E+00 -1.1586498E+00
2026 07 23 01 59 30 000 1.2012417E+00 2.2404245E+00 -1.1824561E+00
2026 07 23 02 00 00 000 1.1834672E+00 2.2468732E+00 -1.2061925E+00
2026 07 23 02 00 30 000 1.1656190E+00 2.2531688E+00 -1.2298581E+00
2026 07 23 02 01 00 000 1.1476986E+00 2.2593122E+00 -1.2534521E+00
2026 07 23 02 01 30 000 1.1297079E+00 2.2653042E+00 -1.2769735E+00
2026 07 23 02 02 00 000 1.1116486E+00 2.2711456E+00 -1.3004215E+00
2026 07 23 02 02 30 000 1.0935222E+00 2.2768372E+00 -1.3237952E+00
2026 07 23 02 03 00 000 1.0753306E+00 2.2823799E+00 -1.3470939E+00
2026 07 23 02 03 30 000 1.0570753E+00 2.2877746E+00 -1.3703169E+00
2026 07 23 02 04 00 000 1.0387580E+00 2.2930222E+00 -1.3934633E+00
2026 07 23 02 04 30 000 1.0203802E+00 2.2981235E+00 -1.4165326E+00
2026 07 23 02 05 00 000 1.0019437E+00 2.3030796E+00 -1.4395240E+00
2026 07 23 02 05 30 000 9.8345001E-01 2.3078914E+00 -1.4624369E+00
2026 07 23 02 06 00 000 9.6490066E-01 2.3125598E+00 -1.4852706E+00
2026 07 23 02 06 30 000 9.4629724E-01 2.3170857E+00 -1.5080248E+00
2026 07 23 02 07 00 000 9.2764130E-01 2.3214703E+00 -1.5306986E+00
2026 07 23 02 07 30 000 9.0893441E-01 2.3257144E+00 -1.5532916E+00
2026 07 23 02 08 00 000 8.9017797E-01 2.3298191E+00 -1.5758035E+00
2026 07 23 02 08 30 000 8.7137352E-01 2.3337853E+00 -1.5982335E+00
2026 07 23 02 09 00 000 8.5252253E-01 2.3376142E+00 -1.6205814E+00
2026 07 23 02 09 30 000 8.3362652E-01 2.3413067E+00 -1.6428467E+00
2026 07 23 02 10 00 000 8.1468679E-01 2.3448639E+00 -1.6650289E+00
2026 07 23 02 10 30 000 7.9570484E-01 2.3482868E+00 -1.6871278E+00
2026 07 23 02 11 00 000 7.7668204E-01 2.3515765E+00 -1.7091430E+00
2026 07 23 02 11 30 000 7.5761978E-01 2.3547340E+00 -1.7310742E+00
2026 07 23 02 12 00 000 7.3851945E-01 2.3577604E+00 -1.7529209E+00
2026 07 23 02 12 30 000 7.1938230E-01 2.3606567E+00 -1.7746830E+00
2026 07 23 02 13 00 000 7.0020968E-01 2.3634241E+00 -1.7963603E+00
2026 07 23 02 13 30 000 6.8100291E-01 2.3660636E+00 -1.8179525E+00
2026 07 23 02 14 00 000 6.6176330E-01 2.3685762E+00 -1.8394593E+00
2026 07 23 02 14 30 000 6.4249203E-01 2.3709632E+00 -1.8608806E+00
2026 07 23 02 15 00 000 6.2319037E-01 2.3732254E+00 -1.8822162E+00
2026 07 23 02 15 30 000 6.0385954E-01 2.3753641E+00 -1.9034660E+00
2026 07 23 02 16 00 000 5.8450076E-01 2.3773802E+00 -1.9246298E+00
2026 07 23 02 16 30 000 5.6511524E-01 2.3792749E+00 -1.9457074E+00
2026 07 23 02 17 00 000 5.4570404E-01 2.3810493E+00 -1.9666989E+00
2026 07 23 02 17 30 000 5.2626836E-01 2.3827044E+00 -1.9876042E+00
2026 07 23 02 18 00 000 5.0680933E-01 2.3842414E+00 -2.0084231E+00
2026 07 23 02 18 30 000 4.8732810E-01 2.3856612E+00 -2.0291555E+00
2026 07 23 02 19 00 000 4.6782564E-01 2.3869650E+00 -2.0498016E+00
2026 07 23 02 19 30 000 4.4830307E-01 2.3881539E+00 -2.0703613E+00
2026 07 23 02 20 00 000 4.2876145E-01 2.3892289E+00 -2.0908345E+00
2026 07 23 02 20 30 000 4.0920179E-01 2.3901910E+00 -2.1112214E+00
2026 07 23 02 21 00 000 3.8962516E-01 2.3910415E+00 -2.1315218E+00
2026 07 23 02 21 30 000 3.7003244E-01 2.3917812E+00 -2.1517359E+00
2026 07 23 02 22 00 000 3.5042465E-01 2.3924113E+00 -2.1718638E+00
2026 07 23 02 22 30 000 3.3080275E-01 2.3929327E+00 -2.1919055E+00
2026 07 23 02 23 00 000 3.1116774E-01 2.3933467E+00 -2.2118609E+00
2026 07 23 02 23 30 000 2.9152041E-01 2.3936542E+00 -2.2317305E+00
2026 07 23 02 24 00 000 2.7186173E-01 2.3938562E+00 -2.2515141E+00
2026 07 23 02 24 30 000 2.5219257E-01 2.3939538E+00 -2.2712119E+00
2026 07 23 02 25 00 000 2.3251380E-01 2.3939480E+00 -2.2908240E+00
2026 07 23 02 25 30 000 2.1282633E-01 2.3938398E+00 -2.3103505E+00
2026 07 23 02 26 00 000 1.9313087E-01 2.3936303E+00 -2.3297918E+00
2026 07 23 02 26 30 000 1.7342830E-01 2.3933204E+00 -2.3491478E+00
2026 07 23 02 27 00 000 1.5371941E-01 2.3929112E+00 -2.3684188E+00
2026 07 23 02 27 30 000 1.3400505E-01 2.3924036E+00 -2.3876048E+00
2026 07 23 02 28 00 000 1.1428586E-01 2.3917987E+00 -2.4067063E+00
2026 07 23 02 28 30 000 9.4562648E-02 2.3910973E+00 -2.4257232E+00
2026 07 23 02 29 00 000 7.4836155E-02 2.3903006E+00 -2.4446559E+00
2026 07 23 02 29 30 000 5.5107096E-02 2.3894095E+00 -2.4635045E+00
2026 07 23 02 30 00 000 3.5376229E-02 2.3884249E+00 -2.4822693E+00
2026 07 23 02 30 30 000 1.5644138E-02 2.3873478E+00 -2.5009505E+00
2026 07 23 02 31 00 000 -4.0884550E-03 2.3861791E+00 -2.5195483E+00
2026 07 23 02 31 30 000 -2.3820887E-02 2.3849198E+00 -2.5380629E+00
2026 07 23 02 32 00 000 -4.3552452E-02 2.3835708E+00 -2.5564947E+00
2026 07 23 02 32 30 000 -6.3282629E-02 2.3821330E+00 -2.5748438E+00
2026 07 23 02 33 00 000 -8.3010767E-02 2.3806074E+00 -2.5931106E+00
2026 07 23 02 33 30 000 -1.0273624E-01 2.3789948E+00 -2.6112953E+00
2026 07 23 02 34 00 000 -1.2245847E-01 2.3772962E+00 -2.6293981E+00
2026 07 23 02 34 30 000 -1.4217681E-01 2.3755125E+00 -2.6474193E+00
2026 07 23 02 35 00 000 -1.6189082E-01 2.3736445E+00 -2.6653593E+00
2026 07 23 02 35 30 000 -1.8159989E-01 2.3716931E+00 -2.6832183E+00
2026 07 23 02 36 00 000 -2.0130349E-01 2.3696593E+00 -2.7009966E+00
2026 07 23 02 36 30 000 -2.2100102E-01 2.3675438E+00 -2.7186945E+00
2026 07 23 02 37 00 000 -2.4069209E-01 2.3653475E+00 -2.7363122E+00
2026 07 23 02 37 30 000 -2.6037614E-01 2.3630712E+00 -2.7538502E+00
2026 07 23 02 38 00 000 -2.8005268E-01 2.3607159E+00 -2.7713086E+00
2026 07 23 02 38 30 000 -2.9972123E-01 2.3582823E+00 -2.7886878E+00
2026 07 23 02 39 00 000 -3.1938126E-01 2.3557712E+00 -2.8059881E+00
2026 07 23 02 39 30 000 -3.3903244E-01 2.3531836E+00 -2.8232099E+00
2026 07 23 02 40 00 000 -3.5867425E-01 2.3505200E+00 -2.8403534E+00
2026 07 23 02 40 30 000 -3.7830627E-01 2.3477815E+00 -2.8574189E+00
2026 07 23 02 41 00 000 -3.9792801E-01 2.3449688E+00 -2.8744068E+00
2026 07 23 02 41 30 000 -4.1753919E-01 2.3420825E+00 -2.8913174E+00
2026 07 23 02 42 00 000 -4.3713931E-01 2.3391237E+00 -2.9081510E+00
2026 07 23 02 42 30 000 -4.5672802E-01 2.3360929E+00 -2.9249080E+00
2026 07 23 02 43 00 000 -4.7630490E-01 2.3329909E+00 -2.9415887E+00
2026 07 23 02 43 30 000 -4.9586955E-01 2.3298186E+00 -2.9581934E+00
2026 07 23 02 44 00 000 -5.1542169E-01 2.3265766E+00 -2.9747224E+00
2026 07 23 02 44 30 000 -5.3496092E-01 2.3232657E+00 -2.9911761E+00
2026 07 23 02 45 00 000 -5.5448689E-01 2.3198866E+00 -3.0075548E+00
2026 07 23 02 45 30 000 -5.7399922E-01 2.3164401E+00 -3.0238588E+00
2026 07 23 02 46 00 000 -5.9349767E-01 2.3129268E+00 -3.0400885E+00
2026 07 23 02 46 30 000 -6.1298187E-01 2.3093474E+00 -3.0562443E+00
2026 07 23 02 47 00 000 -6.3245152E-01 2.3057028E+00 -3.0723264E+00
2026 07 23 02 47 30 000 -6.5190630E-01 2.3019934E+00 -3.0883352E+00
2026 07 23 02 48 00 000 -6.7134587E-01 2.2982201E+00 -3.1042710E+00
2026 07 23 02 48 30 000 -6.9077004E-01 2.2943835E+00 -3.1201342E+00
2026 07 23 02 49 00 000 -7.1017849E-01 2.2904843E+00 -3.1359251E+00
2026 07 23 02 49 30 000 -7.2957094E-01 2.2865231E+00 -3.1516440E+00
2026 07 23 02 50 00 000 -7.4894707E-01 2.2825006E+00 -3.1672913E+00
2026 07 23 02 50 30 000 -7.6830672E-01 2.2784174E+00 -3.1828674E+00
2026 07 23 02 51 00 000 -7.8764960E-01 2.2742742E+00 -3.1983725E+00
2026 07 23 02 51 30 000 -8.0697544E-01 2.2700717E+00 -3.2138071E+00
2026 07 23 02 52 00 000 -8.2628403E-01 2.2658103E+00 -3.2291714E+00
2026 07 23 02 52 30 000 -8.4557507E-01 2.2614908E+00 -3.2444657E+00
2026 07 23 02 53 00 000 -8.6484845E-01 2.2571138E+00 -3.2596905E+00
2026 07 23 02 53 30 000 -8.8410390E-01 2.2526799E+00 -3.2748460E+00
2026 07 23 02 54 00 000 -9.0334120E-01 2.2481896E+00 -3.2899327E+00
2026 07 23 02 54 30 000 -9.2256009E-01 2.2436436E+00 -3.3049507E+00
2026 07 23 02 55 00 000 -9.4176048E-01 2.2390424E+00 -3.3199006E+00
2026 07 23 02 55 30 000 -9.6094213E-01 2.2343867E+00 -3.3347825E+00
2026 07 23 02 56 00 000 -9.8010484E-01 2.2296770E+00 -3.3495969E+00
2026 07 23 02 56 30 000 -9.9924843E-01 2.2249138E+00 -3.3643441E+00
2026 07 23 02 57 00 000 -1.0183727E+00 2.2200978E+00 -3.3790243E+00
2026 07 23 02 57 30 000 -1.0374775E+00 2.2152294E+00 -3.3936380E+00
2026 07 23 02 58 00 000 -1.0565627E+00 2.2103093E+00 -3.4081854E+00
2026 07 23 02 58 30 000 -1.0756281E+00 2.2053379E+00 -3.4226670E+00
2026 07 23 02 59 00 000 -1.0946735E+00 2.2003159E+00 -3.4370829E+00
2026 07 23 02 59 30 000 -1.1136988E+00 2.1952436E+00 -3.4514336E+00
2026 07 23 03 00 00 000 -1.1327039E+00 2.1901218E+00 -3.4657194E+00
2026 07 23 03 00 30 000 -1.1516886E+00 2.1849507E+00 -3.4799406E+00
2026 07 23 03 01 00 000 -1.1706527E+00 2.1797311E+00 -3.4940975E+00
2026 07 23 03 01 30 000 -1.1895961E+00 2.1744634E+00 -3.5081905E+00
2026 07 23 03 02 00 000 -1.2085188E+00 2.1691480E+00 -3.5222198E+00
2026 07 23 03 02 30 000 -1.2274206E+00 2.1637855E+00 -3.5361858E+00
2026 07 23 03 03 00 000 -1.2463014E+00 2.1583764E+00 -3.5500888E+00
2026 07 23 03 03 30 000 -1.2651609E+00 2.1529211E+00 -3.5639292E+00
2026 07 23 03 04 00 000 -1.2839992E+00 2.1474202E+00 -3.5777071E+00
2026 07 23 03 04 30 000 -1.3028162E+00 2.1418740E+00 -3.5914231E+00
2026 07 23 03 05 00 000 -1.3216116E+00 2.1362831E+00 -3.6050773E+00
2026 07 23 03 05 30 000 -1.3403855E+00 2.1306479E+00 -3.6186701E+00
2026 07 23 03 06 00 000 -1.3591377E+00 2.1249690E+00 -3.6322017E+00
2026 07 23 03 06 30 000 -1.3778681E+00 2.1192466E+00 -3.6456726E+00
2026 07 23 03 07 00 000 -1.3965767E+00 2.1134813E+00 -3.6590830E+00
2026 07 23 03 07 30 000 -1.4152634E+00 2.1076735E+00 -3.6724332E+00
2026 07 23 03 08 00 000 -1.4339279E+00 2.1018237E+00 -3.6857234E+00
2026 07 23 03 08 30 000 -1.4525704E+00 2.0959322E+00 -3.6989541E+00
2026 07 23 03 09 00 000 -1.4711907E+00 2.0899996E+00 -3.7121255E+00
2026 07 23 03 09 30 000 -1.4897888E+00 2.0840262E+00 -3.7252379E+00
2026 07 23 03 10 00 000 -1.5083646E+00 2.0780124E+00 -3.7382917E+00
2026 07 23 03 10 30 000 -1.5269178E+00 2.0719587E+00 -3.7512870E+00
2026 07 23 03 11 00 000 -1.5454487E+00 2.0658654E+00 -3.7642242E+00
2026 07 23 03 11 30 000 -1.5639571E+00 2.0597330E+00 -3.7771037E+00
2026 07 23 03 12 00 000 -1.5824429E+00 2.0535618E+00 -3.7899256E+00
2026 07 23 03 12 30 000 -1.6009060E+00 2.0473524E+00 -3.8026902E+00
2026 07 23 03 13 00 000 -1.6193464E+00 2.0411049E+00 -3.8153979E+00
2026 07 23 03 13 30 000 -1.6377642E+00 2.0348199E+00 -3.8280490E+00
2026 07 23 03 14 00 000 -1.6561591E+00 2.0284976E+00 -3.8406437E+00
2026 07 23 03 14 30 000 -1.6745312E+00 2.0221385E+00 -3.8531823E+00
2026 07 23 03 15 00 000 -1.6928804E+00 2.0157430E+00 -3.8656651E+00
2026 07 23 03 15 30 000 -1.7112067E+00 2.0093114E+00 -3.8780923E+00
2026 07 23 03 16 00 000 -1.7295101E+00 2.0028441E+00 -3.8904643E+00
2026 07 23 03 16 30 000 -1.7477904E+00 1.9963414E+00 -3.9027814E+00
2026 07 23 03 17 00 000 -1.7660477E+00 1.9898038E+00 -3.9150437E+00
2026 07 23 03 17 30 000 -1.7842820E+00 1.9832314E+00 -3.9272516E+00
2026 07 23 03 18 00 000 -1.8024932E+00 1.9766248E+00 -3.9394053E+00
2026 07 23 03 18 30 000 -1.8206813E+00 1.9699841E+00 -3.9515051E+00
2026 07 23 03 19 00 000 -1.8388463E+00 1.9633099E+00 -3.9635513E+00
2026 07 23 03 19 30 000 -1.8569880E+00 1.9566024E+00 -3.9755441E+00
2026 07 23 03 20 00 000 -1.8751066E+00 1.9498618E+00 -3.9874838E+00
2026 07 23 03 20 30 000 -1.8932020E+00 1.9430887E+00 -3.9993707E+00
2026 07 23 03 21 00 000 -1.9112742E+00 1.9362833E+00 -4.0112050E+00
2026 07 23 03 21 30 000 -1.9293231E+00 1.9294458E+00 -4.0229870E+00
2026 07 23 03 22 00 000 -1.9473488E+00 1.9225767E+00 -4.0347169E+00
2026 07 23 03 22 30 000 -1.9653512E+00 1.9156763E+00 -4.0463950E+00
2026 07 23 03 23 00 000 -1.9833303E+00 1.9087448E+00 -4.0580216E+00
2026 07 23 03 23 30 000 -2.0012862E+00 1.9017825E+00 -4.0695969E+00
2026 07 23 03 24 00 000 -2.0192187E+00 1.8947899E+00 -4.0811210E+00
2026 07 23 03 24 30 000 -2.0371279E+00 1.8877670E+00 -4.0925944E+00
2026 07 23 03 25 00 000 -2.0550139E+00 1.8807144E+00 -4.1040173E+00
2026 07 23 03 25 30 000 -2.0728765E+00 1.8736322E+00 -4.1153898E+00
2026 07 23 03 26 00 000 -2.0907158E+00 1.8665208E+00 -4.1267122E+00
2026 07 23 03 26 30 000 -2.1085318E+00 1.8593803E+00 -4.1379848E+00
2026 07 23 03 27 00 000 -2.1263245E+00 1.8522112E+00 -4.1492079E+00
2026 07 23 03 27 30 000 -2.1440938E+00 1.8450137E+00 -4.1603815E+00
2026 07 23 03 28 00 000 -2.1618399E+00 1.8377881E+00 -4.1715061E+00
2026 07 23 03 28 30 000 -2.1795626E+00 1.8305347E+00 -4.1825818E+00
2026 07 23 03 29 00 000 -2.1972621E+00 1.8232536E+00 -4.1936088E+00
2026 07 23 03 29 30 000 -2.2149383E+00 1.8159453E+00 -4.2045874E+00
2026 07 23 03 30 00 000 -2.2325912E+00 1.8086099E+00 -4.2155179E+00
2026 07 23 03 30 30 000 -2.2502208E+00 1.8012478E+00 -4.2264004E+00
2026 07 23 03 31 00 000 -2.2678271E+00 1.7938591E+00 -4.2372351E+00
2026 07 23 03 31 30 000 -2.2854103E+00 1.7864442E+00 -4.2480224E+00
2026 07 23 03 32 00 000 -2.3029701E+00 1.7790032E+00 -4.2587624E+00
2026 07 23 03 32 30 000 -2.3205068E+00 1.7715365E+00 -4.2694553E+00
2026 07 23 03 33 00 000 -2.3380201E+00 1.7640444E+00 -4.2801014E+00
2026 07 23 03 33 30 000 -2.3555104E+00 1.7565270E+00 -4.2907009E+00
2026 07 23 03 34 00 000 -2.3729774E+00 1.7489845E+00 -4.3012540E+00
2026 07 23 03 34 30 000 -2.3904213E+00 1.7414174E+00 -4.3117609E+00
2026 07 23 03 35 00 000 -2.4078420E+00 1.7338257E+00 -4.3222218E+00
2026 07 23 03 35 30 000 -2.4252396E+00 1.7262097E+00 -4.3326370E+00
2026 07 23 03 36 00 000 -2.4426142E+00 1.7185696E+00 -4.3430066E+00
2026 07 23 03 36 30 000 -2.4599656E+00 1.7109057E+00 -4.3533310E+00
2026 07 23 03 37 00 000 -2.4772940E+00 1.7032183E+00 -4.3636102E+00
2026 07 23 03 37 30 000 -2.4945992E+00 1.6955075E+00 -4.3738444E+00
2026 07 23 03 38 00 000 -2.5118816E+00 1.6877735E+00 -4.3840340E+00
2026 07 23 03 38 30 000 -2.5291409E+00 1.6800166E+00 -4.3941791E+00
2026 07 23 03 39 00 000 -2.5463772E+00 1.6722371E+00 -4.4042799E+00
2026 07 23 03 39 30 000 -2.5635906E+00 1.6644351E+00 -4.4143366E+00
2026 07 23 03 40 00 000 -2.5807811E+00 1.6566108E+00 -4.4243494E+00
2026 07 23 03 40 30 000 -2.5979486E+00 1.6487644E+00 -4.4343185E+00
2026 07 23 03 41 00 000 -2.6150934E+00 1.6408962E+00 -4.4442441E+00
2026 07 23 03 41 30 000 -2.6322153E+00 1.6330064E+00 -4.4541264E+00
2026 07 23 03 42 00 000 -2.6493143E+00 1.6250952E+00 -4.4639655E+00
2026 07 23 03 42 30 000 -2.6663906E+00 1.6171628E+00 -4.4737618E+00
2026 07 23 03 43 00 000 -2.6834442E+00 1.6092094E+00 -4.4835154E+00
2026 07 23 03 43 30 000 -2.7004750E+00 1.6012351E+00 -4.4932264E+00
2026 07 23 03 44 00 000 -2.7174831E+00 1.5932403E+00 -4.5028950E+00
2026 07 23 03 44 30 000 -2.7344686E+00 1.5852250E+00 -4.5125216E+00
2026 07 23 03 45 00 000 -2.7514315E+00 1.5771896E+00 -4.5221061E+00
2026 07 23 03 45 30 000 -2.7683718E+00 1.5691341E+00 -4.5316489E+00
2026 07 23 03 46 00 000 -2.7852895E+00 1.5610588E+00 -4.5411500E+00
2026 07 23 03 46 30 000 -2.8021846E+00 1.5529638E+00 -4.5506098E+00
2026 07 23 03 47 00 000 -2.8190573E+00 1.5448494E+00 -4.5600283E+00
2026 07 23 03 47 30 000 -2.8359076E+00 1.5367157E+00 -4.5694058E+00
2026 07 23 03 48 00 000 -2.8527354E+00 1.5285630E+00 -4.5787424E+00
2026 07 23 03 48 30 000 -2.8695408E+00 1.5203913E+00 -4.5880382E+00
2026 07 23 03 49 00 000 -2.8863239E+00 1.5122009E+00 -4.5972936E+00
2026 07 23 03 49 30 000 -2.9030846E+00 1.5039920E+00 -4.6065086E+00
2026 07 23 03 50 00 000 -2.9198231E+00 1.4957647E+00 -4.6156835E+00
2026 07 23 03 50 30 000 -2.9365394E+00 1.4875193E+00 -4.6248183E+00
2026 07 23 03 51 00 000 -2.9532334E+00 1.4792558E+00 -4.6339133E+00
2026 07 23 03 51 30 000 -2.9699052E+00 1.4709745E+00 -4.6429687E+00
2026 07 23 03 52 00 000 -2.9865550E+00 1.4626755E+00 -4.6519846E+00
2026 07 23 03 52 30 000 -3.0031826E+00 1.4543590E+00 -4.6609612E+00
2026 07 23 03 53 00 000 -3.0197881E+00 1.4460251E+00 -4.6698985E+00
2026 07 23 03 53 30 000 -3.0363717E+00 1.4376741E+00 -4.6787970E+00
2026 07 23 03 54 00 000 -3.0529333E+00 1.4293061E+00 -4.6876566E+00
2026 07 23 03 54 30 000 -3.0694730E+00 1.4209212E+00 -4.6964775E+00
2026 07 23 03 55 00 000 -3.0859907E+00 1.4125197E+00 -4.7052600E+00
2026 07 23 03 55 30 000 -3.1024865E+00 1.4041016E+00 -4.7140041E+00
2026 07 23 03 56 00 000 -3.1189606E+00 1.3956672E+00 -4.7227100E+00
2026 07 23 03 56 30 000 -3.1354129E+00 1.3872165E+00 -4.7313780E+00
2026 07 23 03 57 00 000 -3.1518435E+00 1.3787498E+00 -4.7400080E+00
2026 07 23 03 57 30 000 -3.1682523E+00 1.3702673E+00 -4.7486004E+00
2026 07 23 03 58 00 000 -3.1846395E+00 1.3617689E+00 -4.7571552E+00
2026 07 23 03 58 30 000 -3.2010050E+00 1.3532549E+00 -4.7656726E+00
2026 07 23 03 59 00 000 -3.2173490E+00 1.3447256E+00 -4.7741528E+00
2026 07 23 03 59 30 000 -3.2336715E+00 1.3361808E+00 -4.7825959E+00
2026 07 23 04 00 00 000 -3.2499724E+00 1.3276210E+00 -4.7910021E+00
2026 07 23 04 00 30 000 -3.2662520E+00 1.3190462E+00 -4.7993715E+00
2026 07 23 04 01 00 000 -3.2825101E+00 1.3104564E+00 -4.8077043E+00
2026 07 23 04 01 30 000 -3.2987468E+00 1.3018520E+00 -4.8160006E+00
2026 07 23 04 02 00 000 -3.3149622E+00 1.2932330E+00 -4.8242605E+00
2026 07 23 04 02 30 000 -3.3311563E+00 1.2845995E+00 -4.8324842E+00
2026 07 23 04 03 00 000 -3.3473292E+00 1.2759517E+00 -4.8406720E+00
2026 07 23 04 03 30 000 -3.3634809E+00 1.2672898E+00 -4.8488238E+00
2026 07 23 04 04 00 000 -3.3796115E+00 1.2586138E+00 -4.8569398E+00
2026 07 23 04 04 30 000 -3.3957209E+00 1.2499240E+00 -4.8650202E+00
2026 07 23 04 05 00 000 -3.4118092E+00 1.2412204E+00 -4.8730652E+00
2026 07 23 04 05 30 000 -3.4278766E+00 1.2325031E+00 -4.8810749E+00
2026 07 23 04 06 00 000 -3.4439229E+00 1.2237724E+00 -4.8890493E+00
2026 07 23 04 06 30 000 -3.4599483E+00 1.2150283E+00 -4.8969887E+00
2026 07 23 04 07 00 000 -3.4759529E+00 1.2062710E+00 -4.9048931E+00
2026 07 23 04 07 30 000 -3.4919365E+00 1.1975005E+00 -4.9127628E+00
2026 07 23 04 08 00 000 -3.5078994E+00 1.1887171E+00 -4.9205979E+00
2026 07 23 04 08 30 000 -3.5238415E+00 1.1799209E+00 -4.9283984E+00
2026 07 23 04 09 00 000 -3.5397629E+00 1.1711119E+00 -4.9361646E+00
2026 07 23 04 09 30 000 -3.5556636E+00 1.1622903E+00 -4.9438965E+00
2026 07 23 04 10 00 000 -3.5715436E+00 1.1534562E+00 -4.9515944E+00
2026 07 23 04 10 30 000 -3.5874031E+00 1.1446098E+00 -4.9592582E+00
2026 07 23 04 11 00 000 -3.6032420E+00 1.1357511E+00 -4.9668882E+00
2026 07 23 04 11 30 000 -3.6190605E+00 1.1268803E+00 -4.9744845E+00
2026 07 23 04 12 00 000 -3.6348585E+00 1.1179975E+00 -4.9820472E+00
2026 07 23 04 12 30 000 -3.6506361E+00 1.1091029E+00 -4.9895764E+00
2026 07 23 04 13 00 000 -3.6663933E+00 1.1001964E+00 -4.9970724E+00
2026 07 23 04 13 30 000 -3.6821301E+00 1.0912784E+00 -5.0045351E+00
2026 07 23 04 14 00 000 -3.6978467E+00 1.0823487E+00 -5.0119647E+00
2026 07 23 04 14 30 000 -3.7135431E+00 1.0734077E+00 -5.0193614E+00
2026 07 23 04 15 00 000 -3.7292193E+00 1.0644553E+00 -5.0267252E+00
2026 07 23 04 15 30 000 -3.7448753E+00 1.0554918E+00 -5.0340563E+00
2026 07 23 04 16 00 000 -3.7605112E+00 1.0465172E+00 -5.0413549E+00
2026 07 23 04 16 30 000 -3.7761271E+00 1.0375316E+00 -5.0486210E+00
2026 07 23 04 17 00 000 -3.7917229E+00 1.0285351E+00 -5.0558548E+00
2026 07 23 04 17 30 000 -3.8072988E+00 1.0195279E+00 -5.0630563E+00
2026 07 23 04 18 00 000 -3.8228548E+00 1.0105100E+00 -5.0702257E+00
2026 07 23 04 18 30 000 -3.8383909E+00 1.0014816E+00 -5.0773632E+00
2026 07 23 04 19 00 000 -3.8539071E+00 9.9244277E-01 -5.0844687E+00
2026 07 23 04 19 30 000 -3.8694036E+00 9.8339358E-01 -5.0915426E+00
2026 07 23 04 20 00 000 -3.8848802E+00 9.7433419E-01 -5.0985848E+00
2026 07 23 04 20 30 000 -3.9003373E+00 9.6526466E-01 -5.1055955E+00
2026 07 23 04 21 00 000 -3.9157746E+00 9.5618510E-01 -5.1125748E+00
2026 07 23 04 21 30 000 -3.9311923E+00 9.4709562E-01 -5.1195228E+00
2026 07 23 04 22 00 000 -3.9465905E+00 9.3799633E-01 -5.1264396E+00
2026 07 23 04 22 30 000 -3.9619691E+00 9.2888733E-01 -5.1333253E+00
2026 07 23 04 23 00 000 -3.9773283E+00 9.1976870E-01 -5.1401802E+00
2026 07 23 04 23 30 000 -3.9926680E+00 9.1064054E-01 -5.1470042E+00
2026 07 23 04 24 00 000 -4.0079883E+00 9.0150296E-01 -5.1537974E+00
2026 07 23 04 24 30 000 -4.0232892E+00 8.9235607E-01 -5.1605600E+00
2026 07 23 04 25 00 000 -4.0385709E+00 8.8319994E-01 -5.1672922E+00
2026 07 23 04 25 30 000 -4.0538333E+00 8.7403466E-01 -5.1739939E+00
2026 07 23 04 26 00 000 -4.0690765E+00 8.6486035E-01 -5.1806653E+00
2026 07 23 04 26 30 000 -4.0843005E+00 8.5567709E-01 -5.1873066E+00
2026 07 23 04 27 00 000 -4.0995054E+00 8.4648500E-01 -5.1939178E+00
2026 07 23 04 27 30 000 -4.1146912E+00 8.3728412E-01 -5.2004990E+00
2026 07 23 04 28 00 000 -4.1298579E+00 8.2807458E-01 -5.2070503E+00
2026 07 23 04 28 30 000 -4.1450057E+00 8.1885645E-01 -5.2135719E+00
2026 07 23 04 29 00 000 -4.1601344E+00 8.0962987E-01 -5.2200639E+00
2026 07 23 04 29 30 000 -4.1752443E+00 8.0039486E-01 -5.2265262E+00
2026 07 23 04 30 00 000 -4.1903353E+00 7.9115155E-01 -5.2329592E+00
2026 07 23 04 30 30 000 -4.2054075E+00 7.8190002E-01 -5.2393628E+00
2026 07 23 04 31 00 000 -4.2204609E+00 7.7264035E-01 -5.2457371E+00
2026 07 23 04 31 30 000 -4.2354956E+00 7.6337267E-01 -5.2520823E+00
2026 07 23 04 32 00 000 -4.2505116E+00 7.5409700E-01 -5.2583984E+00
2026 07 23 04 32 30 000 -4.2655089E+00 7.4481345E-01 -5.2646857E+00
2026 07 23 04 33 00 000 -4.2804876E+00 7.3552212E-01 -5.2709440E+00
2026 07 23 04 33 30 000 -4.2954477E+00 7.2622311E-01 -5.2771736E+00
2026 07 23 04 34 00 000 -4.3103893E+00 7.1691646E-01 -5.2833746E+00
2026 07 23 04 34 30 000 -4.3253125E+00 7.0760228E-01 -5.2895470E+00
2026 07 23 04 35 00 000 -4.3402172E+00 6.9828065E-01 -5.2956910E+00
2026 07 23 04 35 30 000 -4.3551035E+00 6.8895164E-01 -5.3018066E+00
2026 07 23 04 36 00 000 -4.3699714E+00 6.7961536E-01 -5.3078939E+00
2026 07 23 04 36 30 000 -4.3848211E+00 6.7027185E-01 -5.3139531E+00
2026 07 23 04 37 00 000 -4.3996524E+00 6.6092122E-01 -5.3199842E+00
2026 07 23 04 37 30 000 -4.4144656E+00 6.5156354E-01 -5.3259874E+00
2026 07 23 04 38 00 000 -4.4292605E+00 6.4219892E-01 -5.3319626E+00
2026 07 23 04 38 30 000 -4.4440374E+00 6.3282738E-01 -5.3379101E+00
2026 07 23 04 39 00 000 -4.4587961E+00 6.2344904E-01 -5.3438299E+00
2026 07 23 04 39 30 000 -4.4735368E+00 6.1406396E-01 -5.3497220E+00
2026 07 23 04 40 00 000 -4.4882595E+00 6.0467223E-01 -5.3555867E+00
2026 07 23 04 40 30 000 -4.5029641E+00 5.9527394E-01 -5.3614239E+00
2026 07 23 04 41 00 000 -4.5176509E+00 5.8586912E-01 -5.3672338E+00
2026 07 23 04 41 30 000 -4.5323197E+00 5.7645788E-01 -5.3730165E+00
2026 07 23 04 42 00 000 -4.5469708E+00 5.6704028E-01 -5.3787720E+00
2026 07 23 04 42 30 000 -4.5616039E+00 5.5761643E-01 -5.3845004E+00
2026 07 23 04 43 00 000 -4.5762194E+00 5.4818636E-01 -5.3902019E+00
2026 07 23 04 43 30 000 -4.5908171E+00 5.3875015E-01 -5.3958765E+00
2026 07 23 04 44 00 000 -4.6053972E+00 5.2930788E-01 -5.4015243E+00
2026 07 23 04 44 30 000 -4.6199596E+00 5.1985964E-01 -5.4071454E+00
2026 07 23 04 45 00 000 -4.6345043E+00 5.1040550E-01 -5.4127398E+00
2026 07 23 04 45 30 000 -4.6490316E+00 5.0094550E-01 -5.4183077E+00
2026 07 23 04 46 00 000 -4.6635413E+00 4.9147973E-01 -5.4238492E+00
2026 07 23 04 46 30 000 -4.6780336E+00 4.8200826E-01 -5.4293643E+00
2026 07 23 04 47 00 000 -4.6925083E+00 4.7253118E-01 -5.4348531E+00
2026 07 23 04 47 30 000 -4.7069658E+00 4.6304852E-01 -5.4403157E+00
2026 07 23 04 48 00 000 -4.7214058E+00 4.5356036E-01 -5.4457522E+00
2026 07 23 04 48 30 000 -4.7358286E+00 4.4406679E-01 -5.4511627E+00
2026 07 23 04 49 00 000 -4.7502340E+00 4.3456786E-01 -5.4565473E+00
2026 07 23 04 49 30 000 -4.7646222E+00 4.2506367E-01 -5.4619059E+00
2026 07 23 04 50 00 000 -4.7789933E+00 4.1555424E-01 -5.4672388E+00
2026 07 23 04 50 30 000 -4.7933472E+00 4.0603966E-01 -5.4725460E+00
2026 07 23 04 51 00 000 -4.8076839E+00 3.9652000E-01 -5.4778276E+00
2026 07 23 04 51 30 000 -4.8220036E+00 3.8699534E-01 -5.4830836E+00
2026 07 23 04 52 00 000 -4.8363062E+00 3.7746570E-01 -5.4883142E+00
2026 07 23 04 52 30 000 -4.8505919E+00 3.6793118E-01 -5.4935194E+00
2026 07 23 04 53 00 000 -4.8648606E+00 3.5839183E-01 -5.4986993E+00
2026 07 23 04 53 30 000 -4.8791124E+00 3.4884772E-01 -5.5038539E+00
2026 07 23 04 54 00 000 -4.8933473E+00 3.3929895E-01 -5.5089835E+00
2026 07 23 04 54 30 000 -4.9075653E+00 3.2974551E-01 -5.5140879E+00
2026 07 23 04 55 00 000 -4.9217666E+00 3.2018752E-01 -5.5191674E+00
2026 07 23 04 55 30 000 -4.9359511E+00 3.1062502E-01 -5.5242220E+00
2026 07 23 04 56 00 000 -4.9501189E+00 3.0105810E-01 -5.5292518E+00
2026 07 23 04 56 30 000 -4.9642700E+00 2.9148678E-01 -5.5342568E+00
2026 07 23 04 57 00 000 -4.9784044E+00 2.8191114E-01 -5.5392371E+00
2026 07 23 04 57 30 000 -4.9925223E+00 2.7233124E-01 -5.5441929E+00
2026 07 23 04 58 00 000 -5.0066236E+00 2.6274715E-01 -5.5491241E+00
2026 07 23 04 58 30 000 -5.0207083E+00 2.5315895E-01 -5.5540308E+00
2026 07 23 04 59 00 000 -5.0347765E+00 2.4356665E-01 -5.5589132E+00
2026 07 23 04 59 30 000 -5.0488283E+00 2.3397033E-01 -5.5637713E+00
2026 07 23 05 00 00 000 -5.0628637E+00 2.2437005E-01 -5.5686052E+00
2026 07 23 05 00 30 000 -5.0768827E+00 2.1476590E-01 -5.5734149E+00
2026 07 23 05 01 00 000 -5.0908854E+00 2.0515790E-01 -5.5782006E+00
2026 07 23 05 01 30 000 -5.1048718E+00 1.9554611E-01 -5.5829622E+00
2026 07 23 05 02 00 000 -5.1188419E+00 1.8593061E-01 -5.5877000E+00
2026 07 23 05 02 30 000 -5.1327957E+00 1.7631143E-01 -5.5924138E+00
2026 07 23 05 03 00 000 -5.1467334E+00 1.6668868E-01 -5.5971039E+00
2026 07 23 05 03 30 000 -5.1606549E+00 1.5706235E-01 -5.6017702E+00
2026 07 23 05 04 00 000 -5.1745603E+00 1.4743253E-01 -5.6064130E+00
2026 07 23 05 04 30 000 -5.1884497E+00 1.3779926E-01 -5.6110321E+00
2026 07 23 05 05 00 000 -5.2023229E+00 1.2816265E-01 -5.6156277E+00
2026 07 23 05 05 30 000 -5.2161802E+00 1.1852268E-01 -5.6202000E+00
2026 07 23 05 06 00 000 -5.2300215E+00 1.0887945E-01 -5.6247488E+00
2026 07 23 05 06 30 000 -5.2438469E+00 9.9233006E-02 -5.6292744E+00
2026 07 23 05 07 00 000 -5.2576564E+00 8.9583397E-02 -5.6337767E+00
2026 07 23 05 07 30 000 -5.2714500E+00 7.9930705E-02 -5.6382559E+00
2026 07 23 05 08 00 000 -5.2852278E+00 7.0274933E-02 -5.6427120E+00
2026 07 23 05 08 30 000 -5.2989899E+00 6.0616173E-02 -5.6471451E+00
2026 07 23 05 09 00 000 -5.3127361E+00 5.0954466E-02 -5.6515553E+00
2026 07 23 05 09 30 000 -5.3264667E+00 4.1289886E-02 -5.6559426E+00
2026 07 23 05 10 00 000 -5.3401815E+00 3.1622444E-02 -5.6603070E+00
2026 07 23 05 10 30 000 -5.3538808E+00 2.1952230E-02 -5.6646488E+00
2026 07 23 05 11 00 000 -5.3675644E+00 1.2279278E-02 -5.6689678E+00
2026 07 23 05 11 30 000 -5.3812325E+00 2.6036442E-03 -5.6732643E+00
2026 07 23 05 12 00 000 -5.3948849E+00 -7.0745978E-03 -5.6775381E+00
2026 07 23 05 12 30 000 -5.4085220E+00 -1.6755438E-02 -5.6817896E+00
2026 07 23 05 13 00 000 -5.4221435E+00 -2.6438807E-02 -5.6860186E+00
2026 07 23 05 13 30 000 -5.4357496E+00 -3.6124652E-02 -5.6902253E+00
2026 07 23 05 14 00 000 -5.4493403E+00 -4.5812897E-02 -5.6944096E+00
2026 07 23 05 14 30 000 -5.4629157E+00 -5.5503541E-02 -5.6985718E+00
2026 07 23 05 15 00 000 -5.4764757E+00 -6.5196511E-02 -5.7027118E+00
2026 07 23 05 15 30 000 -5.4900205E+00 -7.4891755E-02 -5.7068298E+00
2026 07 23 05 16 00 000 -5.5035499E+00 -8.4589225E-02 -5.7109257E+00
2026 07 23 05 16 30 000 -5.5170642E+00 -9.4288851E-02 -5.7149997E+00
2026 07 23 05 17 00 000 -5.5305632E+00 -1.0399063E-01 -5.7190517E+00
2026 07 23 05 17 30 000 -5.5440471E+00 -1.1369448E-01 -5.7230820E+00
2026 07 23 05 18 00 000 -5.5575159E+00 -1.2340037E-01 -5.7270905E+00
2026 07 23 05 18 30 000 -5.5709696E+00 -1.3310821E-01 -5.7310772E+00
2026 07 23 05 19 00 000 -5.5844083E+00 -1.4281801E-01 -5.7350424E+00
2026 07 23 05 19 30 000 -5.5978319E+00 -1.5252970E-01 -5.7389859E+00
2026 07 23 05 20 00 000 -5.6112405E+00 -1.6224323E-01 -5.7429080E+00
2026 07 23 05 20 30 000 -5.6246342E+00 -1.7195855E-01 -5.7468085E+00
2026 07 23 05 21 00 000 -5.6380130E+00 -1.8167560E-01 -5.7506877E+00
2026 07 23 05 21 30 000 -5.6513769E+00 -1.9139437E-01 -5.7545456E+00
2026 07 23 05 22 00 000 -5.6647259E+00 -2.0111479E-01 -5.7583822E+00
2026 07 23 05 22 30 000 -5.6780601E+00 -2.1083681E-01 -5.7621976E+00
2026 07 23 05 23 00 000 -5.6913795E+00 -2.2056038E-01 -5.7659918E+00
2026 07 23 05 23 30 000 -5.7046842E+00 -2.3028548E-01 -5.7697649E+00
2026 07 23 05 24 00 000 -5.7179742E+00 -2.4001205E-01 -5.7735170E+00
2026 07 23 05 24 30 000 -5.7312494E+00 -2.4974005E-01 -5.7772482E+00
2026 07 23 05 25 00 000 -5.7445101E+00 -2.5946942E-01 -5.7809584E+00
2026 07 23 05 25 30 000 -5.7577560E+00 -2.6920011E-01 -5.7846478E+00
2026 07 23 05 26 00 000 -5.7709874E+00 -2.7893211E-01 -5.7883164E+00
2026 07 23 05 26 30 000 -5.7842043E+00 -2.8866536E-01 -5.7919642E+00
2026 07 23 05 27 00 000 -5.7974066E+00 -2.9839981E-01 -5.7955914E+00
2026 07 23 05 27 30 000 -5.8105944E+00 -3.0813539E-01 -5.7991980E+00
2026 07 23 05 28 00 000 -5.8237678E+00 -3.1787212E-01 -5.8027840E+00
2026 07 23 05 28 30 000 -5.8369267E+00 -3.2760991E-01 -5.8063495E+00
2026 07 23 05 29 00 000 -5.8500712E+00 -3.3734873E-01 -5.8098946E+00
2026 07 23 05 29 30 000 -5.8632014E+00 -3.4708854E-01 -5.8134193E+00
2026 07 23 05 30 00 000 -5.8763172E+00 -3.5682927E-01 -5.8169237E+00
2026 07 23 05 30 30 000 -5.8894188E+00 -3.6657092E-01 -5.8204078E+00
2026 07 23 05 31 00 000 -5.9025060E+00 -3.7631343E-01 -5.8238717E+00
2026 07 23 05 31 30 000 -5.9155791E+00 -3.8605675E-01 -5.8273154E+00
2026 07 23 05 32 00 000 -5.9286378E+00 -3.9580083E-01 -5.8307390E+00
2026 07 23 05 32 30 000 -5.9416825E+00 -4.0554566E-01 -5.8341426E+00
2026 07 23 05 33 00 000 -5.9547130E+00 -4.1529118E-01 -5.8375262E+00
2026 07 23 05 33 30 000 -5.9677294E+00 -4.2503735E-01 -5.8408899E+00
2026 07 23 05 34 00 000 -5.9807317E+00 -4.3478413E-01 -5.8442337E+00
2026 07 23 05 34 30 000 -5.9937199E+00 -4.4453145E-01 -5.8475577E+00
2026 07 23 05 35 00 000 -6.0066941E+00 -4.5427933E-01 -5.8508619E+00
2026 07 23 05 35 30 000 -6.0196543E+00 -4.6402769E-01 -5.8541465E+00
2026 07 23 05 36 00 000 -6.0326006E+00 -4.7377649E-01 -5.8574113E+00
2026 07 23 05 36 30 000 -6.0455329E+00 -4.8352567E-01 -5.8606566E+00
2026 07 23 05 37 00 000 -6.0584513E+00 -4.9327525E-01 -5.8638823E+00
2026 07 23 05 37 30 000 -6.0713559E+00 -5.0302515E-01 -5.8670886E+00
2026 07 23 05 38 00 000 -6.0842466E+00 -5.1277535E-01 -5.8702754E+00
2026 07 23 05 38 30 000 -6.0971235E+00 -5.2252579E-01 -5.8734428E+00
2026 07 23 05 39 00 000 -6.1099866E+00 -5.3227643E-01 -5.8765909E+00
2026 07 23 05 39 30 000 -6.1228359E+00 -5.4202725E-01 -5.8797197E+00
2026 07 23 05 40 00 000 -6.1356716E+00 -5.5177820E-01 -5.8828294E+00
2026 07 23 05 40 30 000 -6.1484935E+00 -5.6152925E-01 -5.8859198E+00
2026 07 23 05 41 00 000 -6.1613018E+00 -5.7128032E-01 -5.8889911E+00
2026 07 23 05 41 30 000 -6.1740964E+00 -5.8103144E-01 -5.8920434E+00
2026 07 23 05 42 00 000 -6.1868775E+00 -5.9078254E-01 -5.8950767E+00
2026 07 23 05 42 30 000 -6.1996449E+00 -6.0053358E-01 -5.8980910E+00
2026 07 23 05 43 00 000 -6.2123988E+00 -6.1028451E-01 -5.9010864E+00
2026 07 23 05 43 30 000 -6.2251392E+00 -6.2003531E-01 -5.9040629E+00
2026 07 23 05 44 00 000 -6.2378661E+00 -6.2978594E-01 -5.9070207E+00
2026 07 23 05 44 30 000 -6.2505796E+00 -6.3953636E-01 -5.9099597E+00
2026 07 23 05 45 00 000 -6.2632796E+00 -6.4928655E-01 -5.9128800E+00
2026 07 23 05 45 30 000 -6.2759662E+00 -6.5903643E-01 -5.9157817E+00
2026 07 23 05 46 00 000 -6.2886394E+00 -6.6878600E-01 -5.9186648E+00
2026 07 23 05 46 30 000 -6.3012993E+00 -6.7853523E-01 -5.9215293E+00
2026 07 23 05 47 00 000 -6.3139459E+00 -6.8828406E-01 -5.9243754E+00
2026 07 23 05 47 30 000 -6.3265792E+00 -6.9803246E-01 -5.9272030E+00
2026 07 23 05 48 00 000 -6.3391992E+00 -7.0778037E-01 -5.9300123E+00
2026 07 23 05 48 30 000 -6.3518060E+00 -7.1752781E-01 -5.9328032E+00
2026 07 23 05 49 00 000 -6.3643996E+00 -7.2727472E-01 -5.9355758E+00
2026 07 23 05 49 30 000 -6.3769800E+00 -7.3702106E-01 -5.9383301E+00
2026 07 23 05 50 00 000 -6.3895472E+00 -7.4676677E-01 -5.9410663E+00
2026 07 23 05 50 30 000 -6.4021013E+00 -7.5651186E-01 -5.9437844E+00
2026 07 23 05 51 00 000 -6.4146424E+00 -7.6625627E-01 -5.9464844E+00
2026 07 23 05 51 30 000 -6.4271704E+00 -7.7599997E-01 -5.9491663E+00
2026 07 23 05 52 00 000 -6.4396853E+00 -7.8574293E-01 -5.9518303E+00
2026 07 23 05 52 30 000 -6.4521872E+00 -7.9548508E-01 -5.9544763E+00
2026 07 23 05 53 00 000 -6.4646761E+00 -8.0522644E-01 -5.9571044E+00
2026 07 23 05 53 30 000 -6.4771521E+00 -8.1496696E-01 -5.9597147E+00
2026 07 23 05 54 00 000 -6.4896152E+00 -8.2470660E-01 -5.9623072E+00
2026 07 23 05 54 30 000 -6.5020653E+00 -8.3444529E-01 -5.9648819E+00
2026 07 23 05 55 00 000 -6.5145025E+00 -8.4418306E-01 -5.9674390E+00
2026 07 23 05 55 30 000 -6.5269270E+00 -8.5391984E-01 -5.9699784E+00
2026 07 23 05 56 00 000 -6.5393386E+00 -8.6365561E-01 -5.9725003E+00
2026 07 23 05 56 30 000 -6.5517373E+00 -8.7339033E-01 -5.9750046E+00
2026 07 23 05 57 00 000 -6.5641233E+00 -8.8312394E-01 -5.9774913E+00
2026 07 23 05 57 30 000 -6.5764966E+00 -8.9285646E-01 -5.9799607E+00
2026 07 23 05 58 00 000 -6.5888572E+00 -9.0258782E-01 -5.9824126E+00
2026 07 23 05 58 30 000 -6.6012051E+00 -9.1231801E-01 -5.9848472E+00
2026 07 23 05 59 00 000 -6.6135402E+00 -9.2204697E-01 -5.9872645E+00
2026 07 23 05 59 30 000 -6.6258628E+00 -9.3177469E-01 -5.9896645E+00
2026 07 23 06 00 00 000 -6.6381728E+00 -9.4150114E-01 -5.9920473E+00
2026 07 23 06 00 30 000 -6.6504701E+00 -9.5122627E-01 -5.9944129E+00
2026 07 23 06 01 00 000 -6.6627549E+00 -9.6095007E-01 -5.9967615E+00
2026 07 23 06 01 30 000 -6.6750272E+00 -9.7067246E-01 -5.9990929E+00
2026 07 23 06 02 00 000 -6.6872870E+00 -9.8039347E-01 -6.0014073E+00
2026 07 23 06 02 30 000 -6.6995342E+00 -9.9011305E-01 -6.0037048E+00
2026 07 23 06 03 00 000 -6.7117691E+00 -9.9983116E-01 -6.0059853E+00
2026 07 23 06 03 30 000 -6.7239914E+00 -1.0095477E+00 -6.0082490E+00
2026 07 23 06 04 00 000 -6.7362014E+00 -1.0192628E+00 -6.0104958E+00
2026 07 23 06 04 30 000 -6.7483990E+00 -1.0289763E+00 -6.0127258E+00
2026 07 23 06 05 00 000 -6.7605842E+00 -1.0386882E+00 -6.0149391E+00
2026 07 23 06 05 30 000 -6.7727571E+00 -1.0483985E+00 -6.0171356E+00
2026 07 23 06 06 00 000 -6.7849177E+00 -1.0581071E+00 -6.0193155E+00
2026 07 23 06 06 30 000 -6.7970660E+00 -1.0678141E+00 -6.0214788E+00
2026 07 23 06 07 00 000 -6.8092021E+00 -1.0775193E+00 -6.0236256E+00
2026 07 23 06 07 30 000 -6.8213259E+00 -1.0872228E+00 -6.0257558E+00
2026 07 23 06 08 00 000 -6.8334375E+00 -1.0969245E+00 -6.0278696E+00
2026 07 23 06 08 30 000 -6.8455369E+00 -1.1066245E+00 -6.0299669E+00
2026 07 23 06 09 00 000 -6.8576242E+00 -1.1163225E+00 -6.0320479E+00
2026 07 23 06 09 30 000 -6.8696994E+00 -1.1260187E+00 -6.0341125E+00
2026 07 23 06 10 00 000 -6.8817624E+00 -1.1357131E+00 -6.0361609E+00
2026 07 23 06 10 30 000 -6.8938133E+00 -1.1454054E+00 -6.0381929E+00
2026 07 23 06 11 00 000 -6.9058522E+00 -1.1550959E+00 -6.0402088E+00
2026 07 23 06 11 30 000 -6.9178791E+00 -1.1647843E+00 -6.0422086E+00
2026 07 23 06 12 00 000 -6.9298939E+00 -1.1744708E+00 -6.0441922E+00
2026 07 23 06 12 30 000 -6.9418967E+00 -1.1841551E+00 -6.0461598E+00
2026 07 23 06 13 00 000 -6.9538876E+00 -1.1938375E+00 -6.0481113E+00
2026 07 23 06 13 30 000 -6.9658665E+00 -1.2035177E+00 -6.0500469E+00
2026 07 23 06 14 00 000 -6.9778336E+00 -1.2131958E+00 -6.0519665E+00
2026 07 23 06 14 30 000 -6.9897887E+00 -1.2228718E+00 -6.0538703E+00
2026 07 23 06 15 00 000 -7.0017319E+00 -1.2325455E+00 -6.0557581E+00
2026 07 23 06 15 30 000 -7.0136633E+00 -1.2422171E+00 -6.0576302E+00
2026 07 23 06 16 00 000 -7.0255829E+00 -1.2518864E+00 -6.0594866E+00
2026 07 23 06 16 30 000 -7.0374907E+00 -1.2615535E+00 -6.0613272E+00
2026 07 23 06 17 00 000 -7.0493867E+00 -1.2712182E+00 -6.0631522E+00
2026 07 23 06 17 30 000 -7.0612710E+00 -1.2808806E+00 -6.0649615E+00
2026 07 23 06 18 00 000 -7.0731435E+00 -1.2905407E+00 -6.0667553E+00
2026 07 23 06 18 30 000 -7.0850044E+00 -1.3001984E+00 -6.0685335E+00
2026 07 23 06 19 00 000 -7.0968535E+00 -1.3098537E+00 -6.0702962E+00
2026 07 23 06 19 30 000 -7.1086910E+00 -1.3195065E+00 -6.0720434E+00
2026 07 23 06 20 00 000 -7.1205168E+00 -1.3291569E+00 -6.0737753E+00
2026 07 23 06 20 30 000 -7.1323310E+00 -1.3388049E+00 -6.0754918E+00
2026 07 23 06 21 00 000 -7.1441337E+00 -1.3484503E+00 -6.0771929E+00
2026 07 23 06 21 30 000 -7.1559247E+00 -1.3580931E+00 -6.0788788E+00
2026 07 23 06 22 00 000 -7.1677042E+00 -1.3677334E+00 -6.0805494E+00
2026 07 23 06 22 30 000 -7.1794722E+00 -1.3773711E+00 -6.0822049E+00
2026 07 23 06 23 00 000 -7.1912287E+00 -1.3870062E+00 -6.0838452E+00
2026 07 23 06 23 30 000 -7.2029738E+00 -1.3966386E+00 -6.0854703E+00
2026 07 23 06 24 00 000 -7.2147073E+00 -1.4062683E+00 -6.0870804E+00
2026 07 23 06 24 30 000 -7.2264294E+00 -1.4158954E+00 -6.0886755E+00
2026 07 23 06 25 00 000 -7.2381401E+00 -1.4255197E+00 -6.0902556E+00
2026 07 23 06 25 30 000 -7.2498395E+00 -1.4351413E+00 -6.0918208E+00
2026 07 23 06 26 00 000 -7.2615274E+00 -1.4447601E+00 -6.0933710E+00
2026 07 23 06 26 30 000 -7.2732040E+00 -1.4543761E+00 -6.0949064E+00
2026 07 23 06 27 00 000 -7.2848693E+00 -1.4639892E+00 -6.0964270E+00
2026 07 23 06 27 30 000 -7.2965232E+00 -1.4735995E+00 -6.0979328E+00
2026 07 23 06 28 00 000 -7.3081659E+00 -1.4832070E+00 -6.0994238E+00
2026 07 23 06 28 30 000 -7.3197974E+00 -1.4928115E+00 -6.1009002E+00
2026 07 23 06 29 00 000 -7.3314176E+00 -1.5024131E+00 -6.1023619E+00
2026 07 23 06 29 30 000 -7.3430265E+00 -1.5120117E+00 -6.1038091E+00
2026 07 23 06 30 00 000 -7.3546243E+00 -1.5216074E+00 -6.1052416E+00
2026 07 23 06 30 30 000 -7.3662109E+00 -1.5312000E+00 -6.1066596E+00
2026 07 23 06 31 00 000 -7.3777864E+00 -1.5407897E+00 -6.1080631E+00
2026 07 23 06 31 30 000 -7.3893507E+00 -1.5503763E+00 -6.1094522E+00
2026 07 23 06 32 00 000 -7.4009039E+00 -1.5599597E+00 -6.1108269E+00
2026 07 23 06 32 30 000 -7.4124461E+00 -1.5695401E+00 -6.1121872E+00
2026 07 23 06 33 00 000 -7.4239771E+00 -1.5791174E+00 -6.1135332E+00
2026 07 23 06 33 30 000 -7.4354971E+00 -1.5886915E+00 -6.1148650E+00
2026 07 23 06 34 00 000 -7.4470061E+00 -1.5982624E+00 -6.1161824E+00
2026 07 23 06 34 30 000 -7.4585041E+00 -1.6078302E+00 -6.1174857E+00
2026 07 23 06 35 00 000 -7.4699911E+00 -1.6173947E+00 -6.1187748E+00
2026 07 23 06 35 30 000 -7.4814671E+00 -1.6269559E+00 -6.1200498E+00
2026 07 23 06 36 00 000 -7.4929322E+00 -1.6365139E+00 -6.1213108E+00
2026 07 23 06 36 30 000 -7.5043864E+00 -1.6460686E+00 -6.1225577E+00
2026 07 23 06 37 00 000 -7.5158297E+00 -1.6556200E+00 -6.1237905E+00
2026 07 23 06 37 30 000 -7.5272621E+00 -1.6651680E+00 -6.1250095E+00
2026 07 23 06 38 00 000 -7.5386836E+00 -1.6747127E+00 -6.1262145E+00
2026 07 23 06 38 30 000 -7.5500943E+00 -1.6842539E+00 -6.1274056E+00
2026 07 23 06 39 00 000 -7.5614942E+00 -1.6937918E+00 -6.1285829E+00
2026 07 23 06 39 30 000 -7.5728832E+00 -1.7033262E+00 -6.1297464E+00
2026 07 23 06 40 00 000 -7.5842615E+00 -1.7128572E+00 -6.1308962E+00
2026 07 23 06 40 30 000 -7.5956291E+00 -1.7223847E+00 -6.1320322E+00
2026 07 23 06 41 00 000 -7.6069859E+00 -1.7319087E+00 -6.1331546E+00
2026 07 23 06 41 30 000 -7.6183320E+00 -1.7414291E+00 -6.1342633E+00
2026 07 23 06 42 00 000 -7.6296673E+00 -1.7509460E+00 -6.1353584E+00
2026 07 23 06 42 30 000 -7.6409920E+00 -1.7604593E+00 -6.1364400E+00
2026 07 23 06 43 00 000 -7.6523061E+00 -1.7699691E+00 -6.1375080E+00
2026 07 23 06 43 30 000 -7.6636095E+00 -1.7794752E+00 -6.1385626E+00
2026 07 23 06 44 00 000 -7.6749022E+00 -1.7889777E+00 -6.1396037E+00
2026 07 23 06 44 30 000 -7.6861844E+00 -1.7984765E+00 -6.1406314E+00
2026 07 23 06 45 00 000 -7.6974560E+00 -1.8079716E+00 -6.1416458E+00
2026 07 23 06 45 30 000 -7.7087171E+00 -1.8174631E+00 -6.1426468E+00
2026 07 23 06 46 00 000 -7.7199676E+00 -1.8269508E+00 -6.1436346E+00
2026 07 23 06 46 30 000 -7.7312075E+00 -1.8364347E+00 -6.1446091E+00
2026 07 23 06 47 00 000 -7.7424370E+00 -1.8459149E+00 -6.1455704E+00
2026 07 23 06 47 30 000 -7.7536560E+00 -1.8553913E+00 -6.1465185E+00
2026 07 23 06 48 00 000 -7.7648645E+00 -1.8648639E+00 -6.1474535E+00
2026 07 23 06 48 30 000 -7.7760626E+00 -1.8743326E+00 -6.1483754E+00
2026 07 23 06 49 00 000 -7.7872503E+00 -1.8837975E+00 -6.1492843E+00
2026 07 23 06 49 30 000 -7.7984275E+00 -1.8932585E+00 -6.1501801E+00
2026 07 23 06 50 00 000 -7.8095944E+00 -1.9027156E+00 -6.1510630E+00
2026 07 23 06 50 30 000 -7.8207509E+00 -1.9121688E+00 -6.1519330E+00
2026 07 23 06 51 00 000 -7.8318970E+00 -1.9216180E+00 -6.1527900E+00
2026 07 23 06 51 30 000 -7.8430328E+00 -1.9310633E+00 -6.1536342E+00
2026 07 23 06 52 00 000 -7.8541583E+00 -1.9405046E+00 -6.1544656E+00
2026 07 23 06 52 30 000 -7.8652735E+00 -1.9499419E+00 -6.1552842E+00
2026 07 23 06 53 00 000 -7.8763784E+00 -1.9593752E+00 -6.1560900E+00
2026 07 23 06 53 30 000 -7.8874731E+00 -1.9688044E+00 -6.1568832E+00
2026 07 23 06 54 00 000 -7.8985575E+00 -1.9782296E+00 -6.1576637E+00
2026 07 23 06 54 30 000 -7.9096317E+00 -1.9876507E+00 -6.1584315E+00
2026 07 23 06 55 00 000 -7.9206957E+00 -1.9970676E+00 -6.1591868E+00
2026 07 23 06 55 30 000 -7.9317495E+00 -2.0064805E+00 -6.1599295E+00
2026 07 23 06 56 00 000 -7.9427932E+00 -2.0158892E+00 -6.1606597E+00
2026 07 23 06 56 30 000 -7.9538267E+00 -2.0252937E+00 -6.1613774E+00
2026 07 23 06 57 00 000 -7.9648501E+00 -2.0346941E+00 -6.1620827E+00
2026 07 23 06 57 30 000 -7.9758633E+00 -2.0440902E+00 -6.1627756E+00
2026 07 23 06 58 00 000 -7.9868665E+00 -2.0534821E+00 -6.1634561E+00
2026 07 23 06 58 30 000 -7.9978596E+00 -2.0628698E+00 -6.1641243E+00
2026 07 23 06 59 00 000 -8.0088427E+00 -2.0722532E+00 -6.1647802E+00
2026 07 23 06 59 30 000 -8.0198157E+00 -2.0816323E+00 -6.1654238E+00
2026 07 23 07 00 00 000 -8.0307787E+00 -2.0910071E+00 -6.1660553E+00
2026 07 23 07 00 30 000 -8.0417317E+00 -2.1003776E+00 -6.1666745E+00
2026 07 23 07 01 00 000 -8.0526747E+00 -2.1097438E+00 -6.1672817E+00
2026 07 23 07 01 30 000 -8.0636077E+00 -2.1191056E+00 -6.1678767E+00
2026 07 23 07 02 00 000 -8.0745308E+00 -2.1284630E+00 -6.1684597E+00
2026 07 23 07 02 30 000 -8.0854439E+00 -2.1378160E+00 -6.1690306E+00
2026 07 23 07 03 00 000 -8.0963472E+00 -2.1471646E+00 -6.1695895E+00
2026 07 23 07 03 30 000 -8.1072405E+00 -2.1565088E+00 -6.1701365E+00
2026 07 23 07 04 00 000 -8.1181240E+00 -2.1658485E+00 -6.1706716E+00
2026 07 23 07 04 30 000 -8.1289976E+00 -2.1751837E+00 -6.1711948E+00
2026 07 23 07 05 00 000 -8.1398613E+00 -2.1845144E+00 -6.1717062E+00
2026 07 23 07 05 30 000 -8.1507153E+00 -2.1938406E+00 -6.1722058E+00
2026 07 23 07 06 00 000 -8.1615594E+00 -2.2031623E+00 -6.1726936E+00
2026 07 23 07 06 30 000 -8.1723937E+00 -2.2124795E+00 -6.1731696E+00
2026 07 23 07 07 00 000 -8.1832182E+00 -2.2217920E+00 -6.1736340E+00
2026 07 23 07 07 30 000 -8.1940330E+00 -2.2311000E+00 -6.1740867E+00
2026 07 23 07 08 00 000 -8.2048381E+00 -2.2404034E+00 -6.1745278E+00
2026 07 23 07 08 30 000 -8.2156334E+00 -2.2497022E+00 -6.1749574E+00
2026 07 23 07 09 00 000 -8.2264190E+00 -2.2589963E+00 -6.1753753E+00
2026 07 23 07 09 30 000 -8.2371949E+00 -2.2682857E+00 -6.1757818E+00
2026 07 23 07 10 00 000 -8.2479612E+00 -2.2775705E+00 -6.1761768E+00
2026 07 23 07 10 30 000 -8.2587178E+00 -2.2868506E+00 -6.1765604E+00
2026 07 23 07 11 00 000 -8.2694647E+00 -2.2961260E+00 -6.1769325E+00
2026 07 23 07 11 30 000 -8.2802020E+00 -2.3053967E+00 -6.1772933E+00
2026 07 23 07 12 00 000 -8.2909298E+00 -2.3146626E+00 -6.1776428E+00
2026 07 23 07 12 30 000 -8.3016479E+00 -2.3239237E+00 -6.1779809E+00
2026 07 23 07 13 00 000 -8.3123564E+00 -2.3331801E+00 -6.1783079E+00
2026 07 23 07 13 30 000 -8.3230554E+00 -2.3424317E+00 -6.1786236E+00
2026 07 23 07 14 00 000 -8.3337449E+00 -2.3516784E+00 -6.1789281E+00
2026 07 23 07 14 30 000 -8.3444248E+00 -2.3609203E+00 -6.1792215E+00
2026 07 23 07 15 00 000 -8.3550952E+00 -2.3701574E+00 -6.1795038E+00
2026 07 23 07 15 30 000 -8.3657561E+00 -2.3793896E+00 -6.1797750E+00
2026 07 23 07 16 00 000 -8.3764076E+00 -2.3886169E+00 -6.1800351E+00
2026 07 23 07 16 30 000 -8.3870496E+00 -2.3978393E+00 -6.1802843E+00
2026 07 23 07 17 00 000 -8.3976821E+00 -2.4070568E+00 -6.1805225E+00
2026 07 23 07 17 30 000 -8.4083052E+00 -2.4162694E+00 -6.1807497E+00
2026 07 23 07 18 00 000 -8.4189189E+00 -2.4254770E+00 -6.1809661E+00
2026 07 23 07 18 30 000 -8.4295232E+00 -2.4346797E+00 -6.1811716E+00
2026 07 23 07 19 00 000 -8.4401182E+00 -2.4438773E+00 -6.1813663E+00
2026 07 23 07 19 30 000 -8.4507037E+00 -2.4530700E+00 -6.1815502E+00
2026 07 23 07 20 00 000 -8.4612799E+00 -2.4622576E+00 -6.1817234E+00
2026 07 23 07 20 30 000 -8.4718468E+00 -2.4714403E+00 -6.1818858E+00
2026 07 23 07 21 00 000 -8.4824044E+00 -2.4806178E+00 -6.1820376E+00
2026 07 23 07 21 30 000 -8.4929527E+00 -2.4897903E+00 -6.1821787E+00
2026 07 23 07 22 00 000 -8.5034916E+00 -2.4989578E+00 -6.1823092E+00
2026 07 23 07 22 30 000 -8.5140213E+00 -2.5081201E+00 -6.1824292E+00
2026 07 23 07 23 00 000 -8.5245418E+00 -2.5172773E+00 -6.1825386E+00
2026 07 23 07 23 30 000 -8.5350530E+00 -2.5264294E+00 -6.1826375E+00
2026 07 23 07 24 00 000 -8.5455550E+00 -2.5355763E+00 -6.1827260E+00
2026 07 23 07 24 30 000 -8.5560478E+00 -2.5447181E+00 -6.1828040E+00
2026 07 23 07 25 00 000 -8.5665314E+00 -2.5538547E+00 -6.1828716E+00
2026 07 23 07 25 30 000 -8.5770058E+00 -2.5629861E+00 -6.1829288E+00
2026 07 23 07 26 00 000 -8.5874711E+00 -2.5721123E+00 -6.1829758E+00
2026 07 23 07 26 30 000 -8.5979272E+00 -2.5812333E+00 -6.1830124E+00
2026 07 23 07 27 00 000 -8.6083741E+00 -2.5903491E+00 -6.1830388E+00
2026 07 23 07 27 30 000 -8.6188120E+00 -2.5994596E+00 -6.1830550E+00
2026 07 23 07 28 00 000 -8.6292408E+00 -2.6085648E+00 -6.1830610E+00
2026 07 23 07 28 30 000 -8.6396605E+00 -2.6176648E+00 -6.1830568E+00
2026 07 23 07 29 00 000 -8.6500711E+00 -2.6267594E+00 -6.1830425E+00
2026 07 23 07 29 30 000 -8.6604726E+00 -2.6358487E+00 -6.1830182E+00
2026 07 23 07 30 00 000 -8.6708651E+00 -2.6449327E+00 -6.1829838E+00
2026 07 23 07 30 30 000 -8.6812486E+00 -2.6540114E+00 -6.1829394E+00
2026 07 23 07 31 00 000 -8.6916231E+00 -2.6630847E+00 -6.1828850E+00
2026 07 23 07 31 30 000 -8.7019886E+00 -2.6721527E+00 -6.1828207E+00
2026 07 23 07 32 00 000 -8.7123451E+00 -2.6812152E+00 -6.1827465E+00
2026 07 23 07 32 30 000 -8.7226926E+00 -2.6902724E+00 -6.1826624E+00
2026 07 23 07 33 00 000 -8.7330312E+00 -2.6993241E+00 -6.1825685E+00
2026 07 23 07 33 30 000 -8.7433608E+00 -2.7083704E+00 -6.1824648E+00
2026 07 23 07 34 00 000 -8.7536815E+00 -2.7174113E+00 -6.1823513E+00
2026 07 23 07 34 30 000 -8.7639934E+00 -2.7264467E+00 -6.1822281E+00
2026 07 23 07 35 00 000 -8.7742963E+00 -2.7354766E+00 -6.1820952E+00
2026 07 23 07 35 30 000 -8.7845903E+00 -2.7445011E+00 -6.1819526E+00
2026 07 23 07 36 00 000 -8.7948755E+00 -2.7535200E+00 -6.1818004E+00
2026 07 23 07 36 30 000 -8.8051518E+00 -2.7625334E+00 -6.1816386E+00
2026 07 23 07 37 00 000 -8.8154193E+00 -2.7715413E+00 -6.1814673E+00
2026 07 23 07 37 30 000 -8.8256780E+00 -2.7805437E+00 -6.1812864E+00
2026 07 23 07 38 00 000 -8.8359278E+00 -2.7895405E+00 -6.1810961E+00
2026 07 23 07 38 30 000 -8.8461689E+00 -2.7985317E+00 -6.1808962E+00
2026 07 23 07 39 00 000 -8.8564012E+00 -2.8075174E+00 -6.1806870E+00
2026 07 23 07 39 30 000 -8.8666248E+00 -2.8164974E+00 -6.1804684E+00
2026 07 23 07 40 00 000 -8.8768395E+00 -2.8254719E+00 -6.1802404E+00
2026 07 23 07 40 30 000 -8.8870456E+00 -2.8344407E+00 -6.1800032E+00
2026 07 23 07 41 00 000 -8.8972429E+00 -2.8434039E+00 -6.1797566E+00
2026 07 23 07 41 30 000 -8.9074315E+00 -2.8523614E+00 -6.1795008E+00
2026 07 23 07 42 00 000 -8.9176114E+00 -2.8613133E+00 -6.1792357E+00
2026 07 23 07 42 30 000 -8.9277827E+00 -2.8702594E+00 -6.1789615E+00
2026 07 23 07 43 00 000 -8.9379452E+00 -2.8791999E+00 -6.1786782E+00
2026 07 23 07 43 30 000 -8.9480992E+00 -2.8881347E+00 -6.1783857E+00
2026 07 23 07 44 00 000 -8.9582445E+00 -2.8970638E+00 -6.1780842E+00
2026 07 23 07 44 30 000 -8.9683811E+00 -2.9059872E+00 -6.1777736E+00
2026 07 23 07 45 00 000 -8.9785092E+00 -2.9149047E+00 -6.1774540E+00
2026 07 23 07 45 30 000 -8.9886286E+00 -2.9238166E+00 -6.1771254E+00
2026 07 23 07 46 00 000 -8.9987395E+00 -2.9327227E+00 -6.1767879E+00
2026 07 23 07 46 30 000 -9.0088418E+00 -2.9416230E+00 -6.1764415E+00
2026 07 23 07 47 00 000 -9.0189355E+00 -2.9505175E+00 -6.1760862E+00
2026 07 23 07 47 30 000 -9.0290207E+00 -2.9594062E+00 -6.1757220E+00
2026 07 23 07 48 00 000 -9.0390974E+00 -2.9682891E+00 -6.1753491E+00
2026 07 23 07 48 30 000 -9.0491656E+00 -2.9771661E+00 -6.1749674E+00
2026 07 23 07 49 00 000 -9.0592253E+00 -2.9860373E+00 -6.1745769E+00
2026 07 23 07 49 30 000 -9.0692764E+00 -2.9949027E+00 -6.1741777E+00
2026 07 23 07 50 00 000 -9.0793191E+00 -3.0037621E+00 -6.1737699E+00
2026 07 23 07 50 30 000 -9.0893533E+00 -3.0126158E+00 -6.1733534E+00
2026 07 23 07 51 00 000 -9.0993791E+00 -3.0214635E+00 -6.1729284E+00
2026 07 23 07 51 30 000 -9.1093965E+00 -3.0303053E+00 -6.1724947E+00
2026 07 23 07 52 00 000 -9.1194054E+00 -3.0391412E+00 -6.1720525E+00
2026 07 23 07 52 30 000 -9.1294059E+00 -3.0479711E+00 -6.1716018E+00
2026 07 23 07 53 00 000 -9.1393980E+00 -3.0567952E+00 -6.1711427E+00
2026 07 23 07 53 30 000 -9.1493818E+00 -3.0656132E+00 -6.1706751E+00
2026 07 23 07 54 00 000 -9.1593571E+00 -3.0744253E+00 -6.1701991E+00
2026 07 23 07 54 30 000 -9.1693242E+00 -3.0832315E+00 -6.1697147E+00
2026 07 23 07 55 00 000 -9.1792828E+00 -3.0920316E+00 -6.1692220E+00
2026 07 23 07 55 30 000 -9.1892332E+00 -3.1008258E+00 -6.1687210E+00
2026 07 23 07 56 00 000 -9.1991752E+00 -3.1096139E+00 -6.1682117E+00
2026 07 23 07 56 30 000 -9.2091089E+00 -3.1183960E+00 -6.1676941E+00
2026 07 23 07 57 00 000 -9.2190344E+00 -3.1271721E+00 -6.1671684E+00
2026 07 23 07 57 30 000 -9.2289515E+00 -3.1359422E+00 -6.1666345E+00
2026 07 23 07 58 00 000 -9.2388604E+00 -3.1447061E+00 -6.1660925E+00
2026 07 23 07 58 30 000 -9.2487610E+00 -3.1534641E+00 -6.1655423E+00
2026 07 23 07 59 00 000 -9.2586534E+00 -3.1622159E+00 -6.1649841E+00
2026 07 23 07 59 30 000 -9.2685376E+00 -3.1709617E+00 -6.1644179E+00
2026 07 23 08 00 00 000 -9.2784135E+00 -3.1797013E+00 -6.1638436E+00
2026 07 23 08 00 30 000 -9.2882813E+00 -3.1884349E+00 -6.1632614E+00
2026 07 23 08 01 00 000 -9.2981408E+00 -3.1971623E+00 -6.1626712E+00
2026 07 23 08 01 30 000 -9.3079922E+00 -3.2058836E+00 -6.1620731E+00
2026 07 23 08 02 00 000 -9.3178354E+00 -3.2145987E+00 -6.1614672E+00
2026 07 23 08 02 30 000 -9.3276705E+00 -3.2233077E+00 -6.1608534E+00
2026 07 23 08 03 00 000 -9.3374974E+00 -3.2320106E+00 -6.1602318E+00
2026 07 23 08 03 30 000 -9.3473162E+00 -3.2407072E+00 -6.1596024E+00
2026 07 23 08 04 00 000 -9.3571269E+00 -3.2493977E+00 -6.1589653E+00
2026 07 23 08 04 30 000 -9.3669295E+00 -3.2580820E+00 -6.1583205E+00
2026 07 23 08 05 00 000 -9.3767239E+00 -3.2667600E+00 -6.1576680E+00
2026 07 23 08 05 30 000 -9.3865103E+00 -3.2754319E+00 -6.1570079E+00
2026 07 23 08 06 00 000 -9.3962887E+00 -3.2840975E+00 -6.1563401E+00
2026 07 23 08 06 30 000 -9.4060590E+00 -3.2927569E+00 -6.1556648E+00
2026 07 23 08 07 00 000 -9.4158212E+00 -3.3014101E+00 -6.1549819E+00
2026 07 23 08 07 30 000 -9.4255754E+00 -3.3100570E+00 -6.1542915E+00
2026 07 23 08 08 00 000 -9.4353217E+00 -3.3186976E+00 -6.1535937E+00
2026 07 23 08 08 30 000 -9.4450599E+00 -3.3273319E+00 -6.1528883E+00
2026 07 23 08 09 00 000 -9.4547901E+00 -3.3359600E+00 -6.1521756E+00
2026 07 23 08 09 30 000 -9.4645123E+00 -3.3445817E+00 -6.1514555E+00
2026 07 23 08 10 00 000 -9.4742265E+00 -3.3531972E+00 -6.1507280E+00
2026 07 23 08 10 30 000 -9.4839328E+00 -3.3618063E+00 -6.1499933E+00
2026 07 23 08 11 00 000 -9.4936312E+00 -3.3704091E+00 -6.1492512E+00
2026 07 23 08 11 30 000 -9.5033216E+00 -3.3790056E+00 -6.1485019E+00
2026 07 23 08 12 00 000 -9.5130041E+00 -3.3875957E+00 -6.1477453E+00
2026 07 23 08 12 30 000 -9.5226787E+00 -3.3961795E+00 -6.1469816E+00
2026 07 23 08 13 00 000 -9.5323454E+00 -3.4047569E+00 -6.1462107E+00
2026 07 23 08 13 30 000 -9.5420042E+00 -3.4133280E+00 -6.1454327E+00
2026 07 23 08 14 00 000 -9.5516551E+00 -3.4218926E+00 -6.1446476E+00
2026 07 23 08 14 30 000 -9.5612982E+00 -3.4304509E+00 -6.1438554E+00
2026 07 23 08 15 00 000 -9.5709334E+00 -3.4390027E+00 -6.1430563E+00
2026 07 23 08 15 30 000 -9.5805608E+00 -3.4475482E+00 -6.1422501E+00
2026 07 23 08 16 00 000 -9.5901804E+00 -3.4560872E+00 -6.1414369E+00
2026 07 23 08 16 30 000 -9.5997921E+00 -3.4646198E+00 -6.1406169E+00
2026 07 23 08 17 00 000 -9.6093961E+00 -3.4731460E+00 -6.1397899E+00
2026 07 23 08 17 30 000 -9.6189922E+00 -3.4816657E+00 -6.1389561E+00
2026 07 23 08 18 00 000 -9.6285806E+00 -3.4901790E+00 -6.1381154E+00
2026 07 23 08 18 30 000 -9.6381612E+00 -3.4986857E+00 -6.1372679E+00
2026 07 23 08 19 00 000 -9.6477340E+00 -3.5071861E+00 -6.1364137E+00
2026 07 23 08 19 30 000 -9.6572991E+00 -3.5156799E+00 -6.1355527E+00
2026 07 23 08 20 00 000 -9.6668565E+00 -3.5241672E+00 -6.1346850E+00
2026 07 23 08 20 30 000 -9.6764061E+00 -3.5326481E+00 -6.1338106E+00
2026 07 23 08 21 00 000 -9.6859480E+00 -3.5411224E+00 -6.1329296E+00
2026 07 23 08 21 30 000 -9.6954822E+00 -3.5495903E+00 -6.1320420E+00
2026 07 23 08 22 00 000 -9.7050087E+00 -3.5580516E+00 -6.1311478E+00
2026 07 23 08 22 30 000 -9.7145276E+00 -3.5665063E+00 -6.1302471E+00
2026 07 23 08 23 00 000 -9.7240388E+00 -3.5749545E+00 -6.1293398E+00
2026 07 23 08 23 30 000 -9.7335423E+00 -3.5833962E+00 -6.1284261E+00
2026 07 23 08 24 00 000 -9.7430382E+00 -3.5918313E+00 -6.1275059E+00
2026 07 23 08 24 30 000 -9.7525264E+00 -3.6002599E+00 -6.1265793E+00
2026 07 23 08 25 00 000 -9.7620071E+00 -3.6086818E+00 -6.1256463E+00
2026 07 23 08 25 30 000 -9.7714800E+00 -3.6170972E+00 -6.1247069E+00
2026 07 23 08 26 00 000 -9.7809455E+00 -3.6255060E+00 -6.1237612E+00
2026 07 23 08 26 30 000 -9.7904033E+00 -3.6339082E+00 -6.1228093E+00
2026 07 23 08 27 00 000 -9.7998535E+00 -3.6423038E+00 -6.1218510E+00
2026 07 23 08 27 30 000 -9.8092962E+00 -3.6506928E+00 -6.1208865E+00
2026 07 23 08 28 00 000 -9.8187313E+00 -3.6590751E+00 -6.1199159E+00
2026 07 23 08 28 30 000 -9.8281589E+00 -3.6674509E+00 -6.1189390E+00
2026 07 23 08 29 00 000 -9.8375789E+00 -3.6758200E+00 -6.1179561E+00
2026 07 23 08 29 30 000 -9.8469915E+00 -3.6841824E+00 -6.1169670E+00
2026 07 23 08 30 00 000 -9.8563964E+00 -3.6925382E+00 -6.1159718E+00
2026 07 23 08 30 30 000 -9.8657939E+00 -3.7008873E+00 -6.1149706E+00
2026 07 23 08 31 00 000 -9.8751839E+00 -3.7092298E+00 -6.1139634E+00
2026 07 23 08 31 30 000 -9.8845665E+00 -3.7175656E+00 -6.1129503E+00
2026 07 23 08 32 00 000 -9.8939415E+00 -3.7258946E+00 -6.1119311E+00
2026 07 23 08 32 30 000 -9.9033091E+00 -3.7342170E+00 -6.1109061E+00
2026 07 23 08 33 00 000 -9.9126693E+00 -3.7425328E+00 -6.1098752E+00
2026 07 23 08 33 30 000 -9.9220220E+00 -3.7508418E+00 -6.1088384E+00
2026 07 23 08 34 00 000 -9.9313672E+00 -3.7591441E+00 -6.1077958E+00
2026 07 23 08 34 30 000 -9.9407051E+00 -3.7674396E+00 -6.1067473E+00
2026 07 23 08 35 00 000 -9.9500355E+00 -3.7757285E+00 -6.1056932E+00
2026 07 23 08 35 30 000 -9.9593586E+00 -3.7840106E+00 -6.1046333E+00
2026 07 23 08 36 00 000 -9.9686743E+00 -3.7922860E+00 -6.1035677E+00
2026 07 23 08 36 30 000 -9.9779826E+00 -3.8005546E+00 -6.1024964E+00
2026 07 23 08 37 00 000 -9.9872835E+00 -3.8088165E+00 -6.1014195E+00
2026 07 23 08 37 30 000 -9.9965771E+00 -3.8170716E+00 -6.1003370E+00
2026 07 23 08 38 00 000 -1.0005863E+01 -3.8253199E+00 -6.0992490E+00
2026 07 23 08 38 30 000 -1.0015142E+01 -3.8335615E+00 -6.0981553E+00
2026 07 23 08 39 00 000 -1.0024414E+01 -3.8417963E+00 -6.0970562E+00
2026 07 23 08 39 30 000 -1.0033678E+01 -3.8500243E+00 -6.0959516E+00
2026 07 23 08 40 00 000 -1.0042935E+01 -3.8582455E+00 -6.0948415E+00
2026 07 23 08 40 30 000 -1.0052185E+01 -3.8664599E+00 -6.0937260E+00
2026 07 23 08 41 00 000 -1.0061427E+01 -3.8746675E+00 -6.0926052E+00
2026 07 23 08 41 30 000 -1.0070662E+01 -3.8828682E+00 -6.0914789E+00
2026 07 23 08 42 00 000 -1.0079890E+01 -3.8910622E+00 -6.0903474E+00
2026 07 23 08 42 30 000 -1.0089111E+01 -3.8992494E+00 -6.0892105E+00
2026 07 23 08 43 00 000 -1.0098324E+01 -3.9074297E+00 -6.0880684E+00
2026 07 23 08 43 30 000 -1.0107530E+01 -3.9156031E+00 -6.0869210E+00
2026 07 23 08 44 00 000 -1.0116729E+01 -3.9237697E+00 -6.0857685E+00
2026 07 23 08 44 30 000 -1.0125921E+01 -3.9319295E+00 -6.0846107E+00
2026 07 23 08 45 00 000 -1.0135105E+01 -3.9400824E+00 -6.0834478E+00
2026 07 23 08 45 30 000 -1.0144282E+01 -3.9482284E+00 -6.0822798E+00
2026 07 23 08 46 00 000 -1.0153453E+01 -3.9563676E+00 -6.0811068E+00
2026 07 23 08 46 30 000 -1.0162615E+01 -3.9644999E+00 -6.0799286E+00
2026 07 23 08 47 00 000 -1.0171771E+01 -3.9726253E+00 -6.0787455E+00
2026 07 23 08 47 30 000 -1.0180920E+01 -3.9807439E+00 -6.0775573E+00
2026 07 23 08 48 00 000 -1.0190061E+01 -3.9888555E+00 -6.0763642E+00
2026 07 23 08 48 30 000 -1.0199196E+01 -3.9969602E+00 -6.0751662E+00
2026 07 23 08 49 00 000 -1.0208323E+01 -4.0050581E+00 -6.0739633E+00
2026 07 23 08 49 30 000 -1.0217443E+01 -4.0131490E+00 -6.0727554E+00
2026 07 23 08 50 00 000 -1.0226556E+01 -4.0212330E+00 -6.0715428E+00
2026 07 23 08 50 30 000 -1.0235662E+01 -4.0293101E+00 -6.0703253E+00
2026 07 23 08 51 00 000 -1.0244761E+01 -4.0373802E+00 -6.0691031E+00
2026 07 23 08 51 30 000 -1.0253853E+01 -4.0454435E+00 -6.0678761E+00
2026 07 23 08 52 00 000 -1.0262937E+01 -4.0534998E+00 -6.0666444E+00
2026 07 23 08 52 30 000 -1.0272015E+01 -4.0615491E+00 -6.0654080E+00
2026 07 23 08 53 00 000 -1.0281086E+01 -4.0695915E+00 -6.0641670E+00
2026 07 23 08 53 30 000 -1.0290149E+01 -4.0776269E+00 -6.0629213E+00
2026 07 23 08 54 00 000 -1.0299206E+01 -4.0856554E+00 -6.0616710E+00
2026 07 23 08 54 30 000 -1.0308255E+01 -4.0936769E+00 -6.0604162E+00
2026 07 23 08 55 00 000 -1.0317298E+01 -4.1016915E+00 -6.0591568E+00
2026 07 23 08 55 30 000 -1.0326333E+01 -4.1096991E+00 -6.0578929E+00
2026 07 23 08 56 00 000 -1.0335362E+01 -4.1176997E+00 -6.0566245E+00
2026 07 23 08 56 30 000 -1.0344383E+01 -4.1256933E+00 -6.0553517E+00
2026 07 23 08 57 00 000 -1.0353398E+01 -4.1336799E+00 -6.0540745E+00
2026 07 23 08 57 30 000 -1.0362406E+01 -4.1416596E+00 -6.0527929E+00
2026 07 23 08 58 00 000 -1.0371406E+01 -4.1496322E+00 -6.0515069E+00
2026 07 23 08 58 30 000 -1.0380400E+01 -4.1575978E+00 -6.0502166E+00
2026 07 23 08 59 00 000 -1.0389387E+01 -4.1655564E+00 -6.0489220E+00
2026 07 23 08 59 30 000 -1.0398367E+01 -4.1735081E+00 -6.0476231E+00
2026 07 23 09 00 00 000 -1.0407340E+01 -4.1814527E+00 -6.0463200E+00
2026 07 23 09 00 30 000 -1.0416306E+01 -4.1893902E+00 -6.0450126E+00
2026 07 23 09 01 00 000 -1.0425265E+01 -4.1973208E+00 -6.0437011E+00
2026 07 23 09 01 30 000 -1.0434217E+01 -4.2052443E+00 -6.0423855E+00
2026 07 23 09 02 00 000 -1.0443163E+01 -4.2131608E+00 -6.0410657E+00
2026 07 23 09 02 30 000 -1.0452101E+01 -4.2210702E+00 -6.0397418E+00
2026 07 23 09 03 00 000 -1.0461033E+01 -4.2289726E+00 -6.0384139E+00
2026 07 23 09 03 30 000 -1.0469958E+01 -4.2368679E+00 -6.0370819E+00
2026 07 23 09 04 00 000 -1.0478876E+01 -4.2447562E+00 -6.0357460E+00
2026 07 23 09 04 30 000 -1.0487787E+01 -4.2526374E+00 -6.0344060E+00
2026 07 23 09 05 00 000 -1.0496691E+01 -4.2605116E+00 -6.0330621E+00
2026 07 23 09 05 30 000 -1.0505589E+01 -4.2683787E+00 -6.0317143E+00
2026 07 23 09 06 00 000 -1.0514480E+01 -4.2762387E+00 -6.0303627E+00
2026 07 23 09 06 30 000 -1.0523364E+01 -4.2840917E+00 -6.0290071E+00
2026 07 23 09 07 00 000 -1.0532241E+01 -4.2919376E+00 -6.0276478E+00
2026 07 23 09 07 30 000 -1.0541111E+01 -4.2997764E+00 -6.0262846E+00
2026 07 23 09 08 00 000 -1.0549975E+01 -4.3076081E+00 -6.0249177E+00
2026 07 23 09 08 30 000 -1.0558832E+01 -4.3154327E+00 -6.0235470E+00
2026 07 23 09 09 00 000 -1.0567682E+01 -4.3232502E+00 -6.0221727E+00
2026 07 23 09 09 30 000 -1.0576525E+01 -4.3310607E+00 -6.0207946E+00
2026 07 23 09 10 00 000 -1.0585362E+01 -4.3388640E+00 -6.0194129E+00
2026 07 23 09 10 30 000 -1.0594192E+01 -4.3466602E+00 -6.0180276E+00
2026 07 23 09 11 00 000 -1.0603015E+01 -4.3544493E+00 -6.0166387E+00
2026 07 23 09 11 30 000 -1.0611831E+01 -4.3622313E+00 -6.0152462E+00
2026 07 23 09 12 00 000 -1.0620641E+01 -4.3700062E+00 -6.0138502E+00
2026 07 23 09 12 30 000 -1.0629444E+01 -4.3777740E+00 -6.0124507E+00
2026 07 23 09 13 00 000 -1.0638241E+01 -4.3855346E+00 -6.0110477E+00
2026 07 23 09 13 30 000 -1.0647031E+01 -4.3932881E+00 -6.0096413E+00
2026 07 23 09 14 00 000 -1.0655814E+01 -4.4010345E+00 -6.0082314E+00
2026 07 23 09 14 30 000 -1.0664590E+01 -4.4087738E+00 -6.0068182E+00
2026 07 23 09 15 00 000 -1.0673360E+01 -4.4165059E+00 -6.0054016E+00
2026 07 23 09 15 30 000 -1.0682123E+01 -4.4242308E+00 -6.0039817E+00
2026 07 23 09 16 00 000 -1.0690880E+01 -4.4319487E+00 -6.0025584E+00
2026 07 23 09 16 30 000 -1.0699630E+01 -4.4396594E+00 -6.0011319E+00
2026 07 23 09 17 00 000 -1.0708373E+01 -4.4473629E+00 -5.9997022E+00
2026 07 23 09 17 30 000 -1.0717110E+01 -4.4550593E+00 -5.9982692E+00
2026 07 23 09 18 00 000 -1.0725840E+01 -4.4627485E+00 -5.9968331E+00
2026 07 23 09 18 30 000 -1.0734564E+01 -4.4704306E+00 -5.9953938E+00
2026 07 23 09 19 00 000 -1.0743281E+01 -4.4781055E+00 -5.9939513E+00
2026 07 23 09 19 30 000 -1.0751991E+01 -4.4857732E+00 -5.9925058E+00
2026 07 23 09 20 00 000 -1.0760695E+01 -4.4934337E+00 -5.9910572E+00
2026 07 23 09 20 30 000 -1.0769392E+01 -4.5010871E+00 -5.9896055E+00
2026 07 23 09 21 00 000 -1.0778083E+01 -4.5087334E+00 -5.9881508E+00
2026 07 23 09 21 30 000 -1.0786767E+01 -4.5163724E+00 -5.9866932E+00
2026 07 23 09 22 00 000 -1.0795445E+01 -4.5240043E+00 -5.9852326E+00
2026 07 23 09 22 30 000 -1.0804116E+01 -4.5316290E+00 -5.9837690E+00
2026 07 23 09 23 00 000 -1.0812781E+01 -4.5392465E+00 -5.9823026E+00
2026 07 23 09 23 30 000 -1.0821439E+01 -4.5468568E+00 -5.9808333E+00
2026 07 23 09 24 00 000 -1.0830091E+01 -4.5544599E+00 -5.9793611E+00
2026 07 23 09 24 30 000 -1.0838736E+01 -4.5620558E+00 -5.9778861E+00
2026 07 23 09 25 00 000 -1.0847375E+01 -4.5696446E+00 -5.9764084E+00
2026 07 23 09 25 30 000 -1.0856007E+01 -4.5772261E+00 -5.9749278E+00
2026 07 23 09 26 00 000 -1.0864633E+01 -4.5848004E+00 -5.9734446E+00
2026 07 23 09 26 30 000 -1.0873252E+01 -4.5923676E+00 -5.9719586E+00
2026 07 23 09 27 00 000 -1.0881865E+01 -4.5999275E+00 -5.9704700E+00
2026 07 23 09 27 30 000 -1.0890472E+01 -4.6074802E+00 -5.9689787E+00
2026 07 23 09 28 00 000 -1.0899072E+01 -4.6150257E+00 -5.9674848E+00
2026 07 23 09 28 30 000 -1.0907665E+01 -4.6225640E+00 -5.9659883E+00
2026 07 23 09 29 00 000 -1.0916253E+01 -4.6300951E+00 -5.9644893E+00
2026 07 23 09 29 30 000 -1.0924833E+01 -4.6376190E+00 -5.9629877E+00
2026 07 23 09 30 00 000 -1.0933408E+01 -4.6451356E+00 -5.9614836E+00
2026 07 23 09 30 30 000 -1.0941976E+01 -4.6526450E+00 -5.9599770E+00
2026 07 23 09 31 00 000 -1.0950538E+01 -4.6601472E+00 -5.9584680E+00
2026 07 23 09 31 30 000 -1.0959093E+01 -4.6676422E+00 -5.9569566E+00
2026 07 23 09 32 00 000 -1.0967642E+01 -4.6751300E+00 -5.9554428E+00
2026 07 23 09 32 30 000 -1.0976185E+01 -4.6826105E+00 -5.9539266E+00
2026 07 23 09 33 00 000 -1.0984721E+01 -4.6900838E+00 -5.9524080E+00
2026 07 23 09 33 30 000 -1.0993251E+01 -4.6975498E+00 -5.9508872E+00
2026 07 23 09 34 00 000 -1.1001774E+01 -4.7050087E+00 -5.9493640E+00
2026 07 23 09 34 30 000 -1.1010292E+01 -4.7124603E+00 -5.9478387E+00
2026 07 23 09 35 00 000 -1.1018803E+01 -4.7199046E+00 -5.9463110E+00
2026 07 23 09 35 30 000 -1.1027307E+01 -4.7273417E+00 -5.9447812E+00
2026 07 23 09 36 00 000 -1.1035806E+01 -4.7347716E+00 -5.9432492E+00
2026 07 23 09 36 30 000 -1.1044298E+01 -4.7421942E+00 -5.9417151E+00
2026 07 23 09 37 00 000 -1.1052784E+01 -4.7496096E+00 -5.9401789E+00
2026 07 23 09 37 30 000 -1.1061263E+01 -4.7570177E+00 -5.9386405E+00
2026 07 23 09 38 00 000 -1.1069736E+01 -4.7644186E+00 -5.9371001E+00
2026 07 23 09 38 30 000 -1.1078203E+01 -4.7718123E+00 -5.9355577E+00
2026 07 23 09 39 00 000 -1.1086664E+01 -4.7791987E+00 -5.9340133E+00
2026 07 23 09 39 30 000 -1.1095119E+01 -4.7865778E+00 -5.9324668E+00
2026 07 23 09 40 00 000 -1.1103567E+01 -4.7939497E+00 -5.9309185E+00
2026 07 23 09 40 30 000 -1.1112009E+01 -4.8013143E+00 -5.9293682E+00
2026 07 23 09 41 00 000 -1.1120445E+01 -4.8086717E+00 -5.9278160E+00
2026 07 23 09 41 30 000 -1.1128874E+01 -4.8160218E+00 -5.9262619E+00
2026 07 23 09 42 00 000 -1.1137298E+01 -4.8233646E+00 -5.9247060E+00
2026 07 23 09 42 30 000 -1.1145715E+01 -4.8307002E+00 -5.9231483E+00
2026 07 23 09 43 00 000 -1.1154126E+01 -4.8380286E+00 -5.9215888E+00
2026 07 23 09 43 30 000 -1.1162531E+01 -4.8453496E+00 -5.9200275E+00
2026 07 23 09 44 00 000 -1.1170930E+01 -4.8526634E+00 -5.9184645E+00
2026 07 23 09 44 30 000 -1.1179322E+01 -4.8599700E+00 -5.9168998E+00
2026 07 23 09 45 00 000 -1.1187708E+01 -4.8672692E+00 -5.9153334E+00
2026 07 23 09 45 30 000 -1.1196089E+01 -4.8745613E+00 -5.9137654E+00
2026 07 23 09 46 00 000 -1.1204463E+01 -4.8818460E+00 -5.9121957E+00
2026 07 23 09 46 30 000 -1.1212831E+01 -4.8891235E+00 -5.9106244E+00
2026 07 23 09 47 00 000 -1.1221192E+01 -4.8963937E+00 -5.9090516E+00
2026 07 23 09 47 30 000 -1.1229548E+01 -4.9036566E+00 -5.9074772E+00
2026 07 23 09 48 00 000 -1.1237898E+01 -4.9109123E+00 -5.9059013E+00
2026 07 23 09 48 30 000 -1.1246241E+01 -4.9181606E+00 -5.9043239E+00
2026 07 23 09 49 00 000 -1.1254578E+01 -4.9254018E+00 -5.9027451E+00
2026 07 23 09 49 30 000 -1.1262910E+01 -4.9326356E+00 -5.9011648E+00
2026 07 23 09 50 00 000 -1.1271235E+01 -4.9398622E+00 -5.8995831E+00
2026 07 23 09 50 30 000 -1.1279554E+01 -4.9470815E+00 -5.8980000E+00
2026 07 23 09 51 00 000 -1.1287867E+01 -4.9542935E+00 -5.8964156E+00
2026 07 23 09 51 30 000 -1.1296174E+01 -4.9614982E+00 -5.8948298E+00
2026 07 23 09 52 00 000 -1.1304475E+01 -4.9686957E+00 -5.8932427E+00
2026 07 23 09 52 30 000 -1.1312770E+01 -4.9758859E+00 -5.8916544E+00
2026 07 23 09 53 00 000 -1.1321058E+01 -4.9830688E+00 -5.8900648E+00
2026 07 23 09 53 30 000 -1.1329341E+01 -4.9902444E+00 -5.8884739E+00
2026 07 23 09 54 00 000 -1.1337618E+01 -4.9974128E+00 -5.8868819E+00
2026 07 23 09 54 30 000 -1.1345889E+01 -5.0045739E+00 -5.8852887E+00
2026 07 23 09 55 00 000 -1.1354153E+01 -5.0117277E+00 -5.8836944E+00
2026 07 23 09 55 30 000 -1.1362412E+01 -5.0188742E+00 -5.8820989E+00
2026 07 23 09 56 00 000 -1.1370665E+01 -5.0260134E+00 -5.8805023E+00
2026 07 23 09 56 30 000 -1.1378911E+01 -5.0331453E+00 -5.8789047E+00
2026 07 23 09 57 00 000 -1.1387152E+01 -5.0402700E+00 -5.8773061E+00
2026 07 23 09 57 30 000 -1.1395387E+01 -5.0473874E+00 -5.8757064E+00
2026 07 23 09 58 00 000 -1.1403616E+01 -5.0544975E+00 -5.8741057E+00
2026 07 23 09 58 30 000 -1.1411839E+01 -5.0616004E+00 -5.8725041E+00
2026 07 23 09 59 00 000 -1.1420056E+01 -5.0686959E+00 -5.8709015E+00
2026 07 23 09 59 30 000 -1.1428266E+01 -5.0757842E+00 -5.8692981E+00
2026 07 23 10 00 00 000 -1.1436471E+01 -5.0828651E+00 -5.8676937E+00
2026 07 23 10 00 30 000 -1.1444671E+01 -5.0899388E+00 -5.8660885E+00
2026 07 23 10 01 00 000 -1.1452864E+01 -5.0970053E+00 -5.8644825E+00
2026 07 23 10 01 30 000 -1.1461051E+01 -5.1040644E+00 -5.8628757E+00
2026 07 23 10 02 00 000 -1.1469232E+01 -5.1111163E+00 -5.8612681E+00
2026 07 23 10 02 30 000 -1.1477408E+01 -5.1181609E+00 -5.8596597E+00
2026 07 23 10 03 00 000 -1.1485577E+01 -5.1251982E+00 -5.8580506E+00
2026 07 23 10 03 30 000 -1.1493741E+01 -5.1322282E+00 -5.8564408E+00
2026 07 23 10 04 00 000 -1.1501898E+01 -5.1392509E+00 -5.8548303E+00
2026 07 23 10 04 30 000 -1.1510050E+01 -5.1462664E+00 -5.8532192E+00
2026 07 23 10 05 00 000 -1.1518196E+01 -5.1532745E+00 -5.8516075E+00
2026 07 23 10 05 30 000 -1.1526336E+01 -5.1602754E+00 -5.8499952E+00
2026 07 23 10 06 00 000 -1.1534471E+01 -5.1672691E+00 -5.8483823E+00
2026 07 23 10 06 30 000 -1.1542599E+01 -5.1742554E+00 -5.8467688E+00
2026 07 23 10 07 00 000 -1.1550722E+01 -5.1812345E+00 -5.8451549E+00
2026 07 23 10 07 30 000 -1.1558838E+01 -5.1882062E+00 -5.8435404E+00
2026 07 23 10 08 00 000 -1.1566949E+01 -5.1951707E+00 -5.8419255E+00
2026 07 23 10 08 30 000 -1.1575054E+01 -5.2021280E+00 -5.8403101E+00
2026 07 23 10 09 00 000 -1.1583154E+01 -5.2090779E+00 -5.8386943E+00
2026 07 23 10 09 30 000 -1.1591247E+01 -5.2160206E+00 -5.8370781E+00
2026 07 23 10 10 00 000 -1.1599335E+01 -5.2229560E+00 -5.8354616E+00
2026 07 23 10 10 30 000 -1.1607416E+01 -5.2298841E+00 -5.8338447E+00
2026 07 23 10 11 00 000 -1.1615493E+01 -5.2368049E+00 -5.8322275E+00
2026 07 23 10 11 30 000 -1.1623563E+01 -5.2437185E+00 -5.8306100E+00
2026 07 23 10 12 00 000 -1.1631627E+01 -5.2506248E+00 -5.8289922E+00
2026 07 23 10 12 30 000 -1.1639686E+01 -5.2575238E+00 -5.8273742E+00
2026 07 23 10 13 00 000 -1.1647739E+01 -5.2644156E+00 -5.8257560E+00
2026 07 23 10 13 30 000 -1.1655786E+01 -5.2713000E+00 -5.8241376E+00
2026 07 23 10 14 00 000 -1.1663828E+01 -5.2781772E+00 -5.8225190E+00
2026 07 23 10 14 30 000 -1.1671863E+01 -5.2850472E+00 -5.8209003E+00
2026 07 23 10 15 00 000 -1.1679893E+01 -5.2919099E+00 -5.8192814E+00
2026 07 23 10 15 30 000 -1.1687918E+01 -5.2987652E+00 -5.8176625E+00
2026 07 23 10 16 00 000 -1.1695936E+01 -5.3056134E+00 -5.8160435E+00
2026 07 23 10 16 30 000 -1.1703949E+01 -5.3124543E+00 -5.8144245E+00
2026 07 23 10 17 00 000 -1.1711956E+01 -5.3192879E+00 -5.8128055E+00
2026 07 23 10 17 30 000 -1.1719958E+01 -5.3261142E+00 -5.8111864E+00
2026 07 23 10 18 00 000 -1.1727953E+01 -5.3329333E+00 -5.8095674E+00
2026 07 23 10 18 30 000 -1.1735943E+01 -5.3397451E+00 -5.8079485E+00
2026 07 23 10 19 00 000 -1.1743928E+01 -5.3465496E+00 -5.8063296E+00
2026 07 23 10 19 30 000 -1.1751906E+01 -5.3533469E+00 -5.8047109E+00
2026 07 23 10 20 00 000 -1.1759879E+01 -5.3601370E+00 -5.8030923E+00
2026 07 23 10 20 30 000 -1.1767847E+01 -5.3669197E+00 -5.8014738E+00
2026 07 23 10 21 00 000 -1.1775808E+01 -5.3736953E+00 -5.7998555E+00
2026 07 23 10 21 30 000 -1.1783764E+01 -5.3804635E+00 -5.7982375E+00
2026 07 23 10 22 00 000 -1.1791715E+01 -5.3872246E+00 -5.7966196E+00
2026 07 23 10 22 30 000 -1.1799659E+01 -5.3939783E+00 -5.7950021E+00
2026 07 23 10 23 00 000 -1.1807598E+01 -5.4007248E+00 -5.7933848E+00
2026 07 23 10 23 30 000 -1.1815532E+01 -5.4074641E+00 -5.7917678E+00
2026 07 23 10 24 00 000 -1.1823460E+01 -5.4141961E+00 -5.7901511E+00
2026 07 23 10 24 30 000 -1.1831382E+01 -5.4209208E+00 -5.7885348E+00
2026 07 23 10 25 00 000 -1.1839299E+01 -5.4276383E+00 -5.7869189E+00
2026 07 23 10 25 30 000 -1.1847210E+01 -5.4343486E+00 -5.7853034E+00
2026 07 23 10 26 00 000 -1.1855115E+01 -5.4410516E+00 -5.7836883E+00
2026 07 23 10 26 30 000 -1.1863015E+01 -5.4477474E+00 -5.7820736E+00
2026 07 23 10 27 00 000 -1.1870909E+01 -5.4544360E+00 -5.7804594E+00
2026 07 23 10 27 30 000 -1.1878798E+01 -5.4611173E+00 -5.7788458E+00
2026 07 23 10 28 00 000 -1.1886681E+01 -5.4677914E+00 -5.7772326E+00
2026 07 23 10 28 30 000 -1.1894559E+01 -5.4744582E+00 -5.7756200E+00
2026 07 23 10 29 00 000 -1.1902431E+01 -5.4811178E+00 -5.7740080E+00
2026 07 23 10 29 30 000 -1.1910297E+01 -5.4877701E+00 -5.7723966E+00
2026 07 23 10 30 00 000 -1.1918158E+01 -5.4944153E+00 -5.7707858E+00
2026 07 23 10 30 30 000 -1.1926013E+01 -5.5010532E+00 -5.7691756E+00
2026 07 23 10 31 00 000 -1.1933863E+01 -5.5076839E+00 -5.7675661E+00
2026 07 23 10 31 30 000 -1.1941708E+01 -5.5143073E+00 -5.7659573E+00
2026 07 23 10 32 00 000 -1.1949546E+01 -5.5209235E+00 -5.7643492E+00
2026 07 23 10 32 30 000 -1.1957380E+01 -5.5275326E+00 -5.7627418E+00
2026 07 23 10 33 00 000 -1.1965207E+01 -5.5341343E+00 -5.7611352E+00
2026 07 23 10 33 30 000 -1.1973030E+01 -5.5407289E+00 -5.7595294E+00
2026 07 23 10 34 00 000 -1.1980846E+01 -5.5473162E+00 -5.7579244E+00
2026 07 23 10 34 30 000 -1.1988658E+01 -5.5538964E+00 -5.7563203E+00
2026 07 23 10 35 00 000 -1.1996464E+01 -5.5604693E+00 -5.7547170E+00
2026 07 23 10 35 30 000 -1.2004264E+01 -5.5670350E+00 -5.7531145E+00
2026 07 23 10 36 00 000 -1.2012059E+01 -5.5735935E+00 -5.7515130E+00
2026 07 23 10 36 30 000 -1.2019848E+01 -5.5801448E+00 -5.7499124E+00
2026 07 23 10 37 00 000 -1.2027632E+01 -5.5866889E+00 -5.7483128E+00
2026 07 23 10 37 30 000 -1.2035411E+01 -5.5932258E+00 -5.7467141E+00
2026 07 23 10 38 00 000 -1.2043184E+01 -5.5997554E+00 -5.7451165E+00
2026 07 23 10 38 30 000 -1.2050951E+01 -5.6062779E+00 -5.7435198E+00
2026 07 23 10 39 00 000 -1.2058713E+01 -5.6127932E+00 -5.7419242E+00
2026 07 23 10 39 30 000 -1.2066470E+01 -5.6193013E+00 -5.7403297E+00
2026 07 23 10 40 00 000 -1.2074221E+01 -5.6258022E+00 -5.7387363E+00
2026 07 23 10 40 30 000 -1.2081967E+01 -5.6322959E+00 -5.7371439E+00
2026 07 23 10 41 00 000 -1.2089708E+01 -5.6387824E+00 -5.7355527E+00
2026 07 23 10 41 30 000 -1.2097443E+01 -5.6452618E+00 -5.7339627E+00
2026 07 23 10 42 00 000 -1.2105173E+01 -5.6517339E+00 -5.7323739E+00
2026 07 23 10 42 30 000 -1.2112897E+01 -5.6581989E+00 -5.7307862E+00
2026 07 23 10 43 00 000 -1.2120616E+01 -5.6646566E+00 -5.7291998E+00
2026 07 23 10 43 30 000 -1.2128329E+01 -5.6711072E+00 -5.7276147E+00
2026 07 23 10 44 00 000 -1.2136037E+01 -5.6775507E+00 -5.7260308E+00
2026 07 23 10 44 30 000 -1.2143740E+01 -5.6839870E+00 -5.7244482E+00
2026 07 23 10 45 00 000 -1.2151438E+01 -5.6904160E+00 -5.7228669E+00
2026 07 23 10 45 30 000 -1.2159130E+01 -5.6968379E+00 -5.7212870E+00
2026 07 23 10 46 00 000 -1.2166816E+01 -5.7032527E+00 -5.7197084E+00
2026 07 23 10 46 30 000 -1.2174498E+01 -5.7096603E+00 -5.7181313E+00
2026 07 23 10 47 00 000 -1.2182174E+01 -5.7160607E+00 -5.7165555E+00
2026 07 23 10 47 30 000 -1.2189844E+01 -5.7224540E+00 -5.7149812E+00
2026 07 23 10 48 00 000 -1.2197510E+01 -5.7288401E+00 -5.7134083E+00
2026 07 23 10 48 30 000 -1.2205170E+01 -5.7352191E+00 -5.7118370E+00
2026 07 23 10 49 00 000 -1.2212825E+01 -5.7415909E+00 -5.7102671E+00
2026 07 23 10 49 30 000 -1.2220474E+01 -5.7479555E+00 -5.7086987E+00
2026 07 23 10 50 00 000 -1.2228118E+01 -5.7543131E+00 -5.7071319E+00
2026 07 23 10 50 30 000 -1.2235757E+01 -5.7606634E+00 -5.7055666E+00
2026 07 23 10 51 00 000 -1.2243390E+01 -5.7670067E+00 -5.7040030E+00
2026 07 23 10 51 30 000 -1.2251019E+01 -5.7733427E+00 -5.7024409E+00
2026 07 23 10 52 00 000 -1.2258641E+01 -5.7796717E+00 -5.7008805E+00
2026 07 23 10 52 30 000 -1.2266259E+01 -5.7859935E+00 -5.6993218E+00
2026 07 23 10 53 00 000 -1.2273872E+01 -5.7923082E+00 -5.6977647E+00
2026 07 23 10 53 30 000 -1.2281479E+01 -5.7986158E+00 -5.6962093E+00
2026 07 23 10 54 00 000 -1.2289080E+01 -5.8049162E+00 -5.6946557E+00
2026 07 23 10 54 30 000 -1.2296677E+01 -5.8112096E+00 -5.6931038E+00
2026 07 23 10 55 00 000 -1.2304268E+01 -5.8174958E+00 -5.6915536E+00
2026 07 23 10 55 30 000 -1.2311854E+01 -5.8237748E+00 -5.6900053E+00
2026 07 23 10 56 00 000 -1.2319435E+01 -5.8300468E+00 -5.6884588E+00
2026 07 23 10 56 30 000 -1.2327011E+01 -5.8363117E+00 -5.6869141E+00
2026 07 23 10 57 00 000 -1.2334581E+01 -5.8425694E+00 -5.6853712E+00
2026 07 23 10 57 30 000 -1.2342147E+01 -5.8488201E+00 -5.6838303E+00
2026 07 23 10 58 00 000 -1.2349707E+01 -5.8550636E+00 -5.6822912E+00
2026 07 23 10 58 30 000 -1.2357261E+01 -5.8613001E+00 -5.6807540E+00
2026 07 23 10 59 00 000 -1.2364811E+01 -5.8675294E+00 -5.6792188E+00
2026 07 23 10 59 30 000 -1.2372355E+01 -5.8737517E+00 -5.6776856E+00
2026 07 23 11 00 00 000 -1.2379894E+01 -5.8799668E+00 -5.6761543E+00
2026 07 23 11 00 30 000 -1.2387428E+01 -5.8861749E+00 -5.6746251E+00
2026 07 23 11 01 00 000 -1.2394957E+01 -5.8923759E+00 -5.6730978E+00
2026 07 23 11 01 30 000 -1.2402481E+01 -5.8985698E+00 -5.6715727E+00
2026 07 23 11 02 00 000 -1.2409999E+01 -5.9047567E+00 -5.6700496E+00
2026 07 23 11 02 30 000 -1.2417512E+01 -5.9109364E+00 -5.6685285E+00
2026 07 23 11 03 00 000 -1.2425020E+01 -5.9171091E+00 -5.6670096E+00
2026 07 23 11 03 30 000 -1.2432523E+01 -5.9232747E+00 -5.6654929E+00
2026 07 23 11 04 00 000 -1.2440021E+01 -5.9294333E+00 -5.6639782E+00
2026 07 23 11 04 30 000 -1.2447514E+01 -5.9355848E+00 -5.6624658E+00
2026 07 23 11 05 00 000 -1.2455001E+01 -5.9417292E+00 -5.6609556E+00
2026 07 23 11 05 30 000 -1.2462484E+01 -5.9478665E+00 -5.6594475E+00
2026 07 23 11 06 00 000 -1.2469961E+01 -5.9539969E+00 -5.6579418E+00
2026 07 23 11 06 30 000 -1.2477433E+01 -5.9601201E+00 -5.6564382E+00
2026 07 23 11 07 00 000 -1.2484900E+01 -5.9662364E+00 -5.6549370E+00
2026 07 23 11 07 30 000 -1.2492362E+01 -5.9723455E+00 -5.6534381E+00
2026 07 23 11 08 00 000 -1.2499819E+01 -5.9784477E+00 -5.6519415E+00
2026 07 23 11 08 30 000 -1.2507270E+01 -5.9845428E+00 -5.6504472E+00
2026 07 23 11 09 00 000 -1.2514717E+01 -5.9906308E+00 -5.6489553E+00
2026 07 23 11 09 30 000 -1.2522158E+01 -5.9967119E+00 -5.6474658E+00
2026 07 23 11 10 00 000 -1.2529595E+01 -6.0027859E+00 -5.6459787E+00
2026 07 23 11 10 30 000 -1.2537026E+01 -6.0088529E+00 -5.6444940E+00
2026 07 23 11 11 00 000 -1.2544452E+01 -6.0149128E+00 -5.6430117E+00
2026 07 23 11 11 30 000 -1.2551873E+01 -6.0209658E+00 -5.6415320E+00
2026 07 23 11 12 00 000 -1.2559290E+01 -6.0270117E+00 -5.6400547E+00
2026 07 23 11 12 30 000 -1.2566701E+01 -6.0330506E+00 -5.6385799E+00
2026 07 23 11 13 00 000 -1.2574107E+01 -6.0390825E+00 -5.6371077E+00
2026 07 23 11 13 30 000 -1.2581508E+01 -6.0451075E+00 -5.6356380E+00
2026 07 23 11 14 00 000 -1.2588903E+01 -6.0511253E+00 -5.6341709E+00
2026 07 23 11 14 30 000 -1.2596294E+01 -6.0571363E+00 -5.6327063E+00
2026 07 23 11 15 00 000 -1.2603680E+01 -6.0631402E+00 -5.6312444E+00
2026 07 23 11 15 30 000 -1.2611061E+01 -6.0691371E+00 -5.6297851E+00
2026 07 23 11 16 00 000 -1.2618437E+01 -6.0751271E+00 -5.6283285E+00
2026 07 23 11 16 30 000 -1.2625807E+01 -6.0811100E+00 -5.6268745E+00
2026 07 23 11 17 00 000 -1.2633173E+01 -6.0870860E+00 -5.6254232E+00
2026 07 23 11 17 30 000 -1.2640534E+01 -6.0930550E+00 -5.6239746E+00
2026 07 23 11 18 00 000 -1.2647889E+01 -6.0990170E+00 -5.6225288E+00
2026 07 23 11 18 30 000 -1.2655240E+01 -6.1049721E+00 -5.6210857E+00
2026 07 23 11 19 00 000 -1.2662586E+01 -6.1109202E+00 -5.6196454E+00
2026 07 23 11 19 30 000 -1.2669927E+01 -6.1168614E+00 -5.6182079E+00
2026 07 23 11 20 00 000 -1.2677262E+01 -6.1227955E+00 -5.6167731E+00
2026 07 23 11 20 30 000 -1.2684593E+01 -6.1287228E+00 -5.6153413E+00
2026 07 23 11 21 00 000 -1.2691919E+01 -6.1346431E+00 -5.6139122E+00
2026 07 23 11 21 30 000 -1.2699240E+01 -6.1405564E+00 -5.6124860E+00
2026 07 23 11 22 00 000 -1.2706556E+01 -6.1464628E+00 -5.6110627E+00
2026 07 23 11 22 30 000 -1.2713867E+01 -6.1523622E+00 -5.6096424E+00
2026 07 23 11 23 00 000 -1.2721172E+01 -6.1582547E+00 -5.6082249E+00
2026 07 23 11 23 30 000 -1.2728473E+01 -6.1641403E+00 -5.6068104E+00
2026 07 23 11 24 00 000 -1.2735770E+01 -6.1700190E+00 -5.6053989E+00
2026 07 23 11 24 30 000 -1.2743061E+01 -6.1758907E+00 -5.6039903E+00
2026 07 23 11 25 00 000 -1.2750347E+01 -6.1817556E+00 -5.6025848E+00
2026 07 23 11 25 30 000 -1.2757628E+01 -6.1876135E+00 -5.6011823E+00
2026 07 23 11 26 00 000 -1.2764904E+01 -6.1934644E+00 -5.5997828E+00
2026 07 23 11 26 30 000 -1.2772176E+01 -6.1993085E+00 -5.5983863E+00
2026 07 23 11 27 00 000 -1.2779442E+01 -6.2051457E+00 -5.5969930E+00
2026 07 23 11 27 30 000 -1.2786704E+01 -6.2109760E+00 -5.5956028E+00
2026 07 23 11 28 00 000 -1.2793961E+01 -6.2167993E+00 -5.5942157E+00
2026 07 23 11 28 30 000 -1.2801212E+01 -6.2226158E+00 -5.5928317E+00
2026 07 23 11 29 00 000 -1.2808459E+01 -6.2284254E+00 -5.5914508E+00
2026 07 23 11 29 30 000 -1.2815701E+01 -6.2342281E+00 -5.5900732E+00
2026 07 23 11 30 00 000 -1.2822938E+01 -6.2400239E+00 -5.5886988E+00
2026 07 23 11 30 30 000 -1.2830171E+01 -6.2458129E+00 -5.5873275E+00
2026 07 23 11 31 00 000 -1.2837398E+01 -6.2515950E+00 -5.5859595E+00
2026 07 23 11 31 30 000 -1.2844621E+01 -6.2573702E+00 -5.5845947E+00
2026 07 23 11 32 00 000 -1.2851838E+01 -6.2631385E+00 -5.5832333E+00
2026 07 23 11 32 30 000 -1.2859051E+01 -6.2689000E+00 -5.5818751E+00
2026 07 23 11 33 00 000 -1.2866259E+01 -6.2746546E+00 -5.5805202E+00
2026 07 23 11 33 30 000 -1.2873462E+01 -6.2804024E+00 -5.5791686E+00
2026 07 23 11 34 00 000 -1.2880660E+01 -6.2861433E+00 -5.5778204E+00
2026 07 23 11 34 30 000 -1.2887853E+01 -6.2918774E+00 -5.5764755E+00
2026 07 23 11 35 00 000 -1.2895042E+01 -6.2976046E+00 -5.5751340E+00
2026 07 23 11 35 30 000 -1.2902226E+01 -6.3033250E+00 -5.5737960E+00
2026 07 23 11 36 00 000 -1.2909405E+01 -6.3090386E+00 -5.5724613E+00
2026 07 23 11 36 30 000 -1.2916579E+01 -6.3147453E+00 -5.5711301E+00
2026 07 23 11 37 00 000 -1.2923748E+01 -6.3204452E+00 -5.5698023E+00
2026 07 23 11 37 30 000 -1.2930912E+01 -6.3261383E+00 -5.5684780E+00
2026 07 23 11 38 00 000 -1.2938072E+01 -6.3318246E+00 -5.5671572E+00
2026 07 23 11 38 30 000 -1.2945227E+01 -6.3375041E+00 -5.5658398E+00
2026 07 23 11 39 00 000 -1.2952377E+01 -6.3431767E+00 -5.5645261E+00
2026 07 23 11 39 30 000 -1.2959522E+01 -6.3488426E+00 -5.5632158E+00
2026 07 23 11 40 00 000 -1.2966663E+01 -6.3545016E+00 -5.5619091E+00
2026 07 23 11 40 30 000 -1.2973798E+01 -6.3601539E+00 -5.5606060E+00
2026 07 23 11 41 00 000 -1.2980929E+01 -6.3657993E+00 -5.5593065E+00
2026 07 23 11 41 30 000 -1.2988055E+01 -6.3714380E+00 -5.5580106E+00
2026 07 23 11 42 00 000 -1.2995176E+01 -6.3770699E+00 -5.5567183E+00
2026 07 23 11 42 30 000 -1.3002293E+01 -6.3826951E+00 -5.5554297E+00
2026 07 23 11 43 00 000 -1.3009405E+01 -6.3883134E+00 -5.5541448E+00
2026 07 23 11 43 30 000 -1.3016512E+01 -6.3939250E+00 -5.5528635E+00
2026 07 23 11 44 00 000 -1.3023614E+01 -6.3995298E+00 -5.5515859E+00
2026 07 23 11 44 30 000 -1.3030712E+01 -6.4051279E+00 -5.5503121E+00
2026 07 23 11 45 00 000 -1.3037805E+01 -6.4107192E+00 -5.5490420E+00
2026 07 23 11 45 30 000 -1.3044893E+01 -6.4163037E+00 -5.5477756E+00
2026 07 23 11 46 00 000 -1.3051976E+01 -6.4218815E+00 -5.5465130E+00
2026 07 23 11 46 30 000 -1.3059055E+01 -6.4274526E+00 -5.5452542E+00
2026 07 23 11 47 00 000 -1.3066129E+01 -6.4330169E+00 -5.5439992E+00
2026 07 23 11 47 30 000 -1.3073198E+01 -6.4385745E+00 -5.5427481E+00
2026 07 23 11 48 00 000 -1.3080262E+01 -6.4441253E+00 -5.5415007E+00
2026 07 23 11 48 30 000 -1.3087322E+01 -6.4496694E+00 -5.5402572E+00
2026 07 23 11 49 00 000 -1.3094377E+01 -6.4552068E+00 -5.5390176E+00
2026 07 23 11 49 30 000 -1.3101427E+01 -6.4607375E+00 -5.5377819E+00
2026 07 23 11 50 00 000 -1.3108473E+01 -6.4662615E+00 -5.5365501E+00
2026 07 23 11 50 30 000 -1.3115514E+01 -6.4717787E+00 -5.5353222E+00
2026 07 23 11 51 00 000 -1.3122550E+01 -6.4772893E+00 -5.5340983E+00
2026 07 23 11 51 30 000 -1.3129582E+01 -6.4827932E+00 -5.5328783E+00
2026 07 23 11 52 00 000 -1.3136609E+01 -6.4882903E+00 -5.5316623E+00
2026 07 23 11 52 30 000 -1.3143631E+01 -6.4937808E+00 -5.5304502E+00
2026 07 23 11 53 00 000 -1.3150648E+01 -6.4992646E+00 -5.5292422E+00
2026 07 23 11 53 30 000 -1.3157661E+01 -6.5047417E+00 -5.5280382E+00
2026 07 23 11 54 00 000 -1.3164670E+01 -6.5102122E+00 -5.5268382E+00
2026 07 23 11 54 30 000 -1.3171673E+01 -6.5156759E+00 -5.5256423E+00
2026 07 23 11 55 00 000 -1.3178672E+01 -6.5211330E+00 -5.5244505E+00
2026 07 23 11 55 30 000 -1.3185666E+01 -6.5265835E+00 -5.5232628E+00
2026 07 23 11 56 00 000 -1.3192656E+01 -6.5320272E+00 -5.5220791E+00
2026 07 23 11 56 30 000 -1.3199641E+01 -6.5374644E+00 -5.5208996E+00
2026 07 23 11 57 00 000 -1.3206621E+01 -6.5428948E+00 -5.5197242E+00
2026 07 23 11 57 30 000 -1.3213597E+01 -6.5483187E+00 -5.5185530E+00
2026 07 23 11 58 00 000 -1.3220568E+01 -6.5537359E+00 -5.5173859E+00
2026 07 23 11 58 30 000 -1.3227535E+01 -6.5591464E+00 -5.5162230E+00
2026 07 23 11 59 00 000 -1.3234496E+01 -6.5645503E+00 -5.5150643E+00
2026 07 23 11 59 30 000 -1.3241454E+01 -6.5699477E+00 -5.5139098E+00
2026 07 23 12 00 00 000 -1.3248406E+01 -6.5753383E+00 -5.5127596E+00
2026 07 23 12 00 30 000 -1.3255354E+01 -6.5807224E+00 -5.5116136E+00
2026 07 23 12 01 00 000 -1.3262298E+01 -6.5860999E+00 -5.5104719E+00
2026 07 23 12 01 30 000 -1.3269237E+01 -6.5914707E+00 -5.5093344E+00
2026 07 23 12 02 00 000 -1.3276171E+01 -6.5968349E+00 -5.5082013E+00
2026 07 23 12 02 30 000 -1.3283101E+01 -6.6021926E+00 -5.5070724E+00
2026 07 23 12 03 00 000 -1.3290026E+01 -6.6075436E+00 -5.5059479E+00
2026 07 23 12 03 30 000 -1.3296946E+01 -6.6128881E+00 -5.5048277E+00
2026 07 23 12 04 00 000 -1.3303862E+01 -6.6182260E+00 -5.5037119E+00
2026 07 23 12 04 30 000 -1.3310774E+01 -6.6235573E+00 -5.5026004E+00
2026 07 23 12 05 00 000 -1.3317680E+01 -6.6288820E+00 -5.5014933E+00
2026 07 23 12 05 30 000 -1.3324583E+01 -6.6342002E+00 -5.5003906E+00
2026 07 23 12 06 00 000 -1.3331480E+01 -6.6395118E+00 -5.4992924E+00
2026 07 23 12 06 30 000 -1.3338373E+01 -6.6448168E+00 -5.4981985E+00
2026 07 23 12 07 00 000 -1.3345262E+01 -6.6501153E+00 -5.4971092E+00
2026 07 23 12 07 30 000 -1.3352146E+01 -6.6554073E+00 -5.4960242E+00
2026 07 23 12 08 00 000 -1.3359026E+01 -6.6606926E+00 -5.4949438E+00
2026 07 23 12 08 30 000 -1.3365901E+01 -6.6659715E+00 -5.4938678E+00
2026 07 23 12 09 00 000 -1.3372771E+01 -6.6712438E+00 -5.4927964E+00
2026 07 23 12 09 30 000 -1.3379637E+01 -6.6765096E+00 -5.4917294E+00
2026 07 23 12 10 00 000 -1.3386498E+01 -6.6817689E+00 -5.4906670E+00
2026 07 23 12 10 30 000 -1.3393355E+01 -6.6870216E+00 -5.4896092E+00
2026 07 23 12 11 00 000 -1.3400208E+01 -6.6922678E+00 -5.4885559E+00
2026 07 23 12 11 30 000 -1.3407055E+01 -6.6975076E+00 -5.4875072E+00
2026 07 23 12 12 00 000 -1.3413899E+01 -6.7027408E+00 -5.4864630E+00
2026 07 23 12 12 30 000 -1.3420738E+01 -6.7079675E+00 -5.4854235E+00
2026 07 23 12 13 00 000 -1.3427572E+01 -6.7131877E+00 -5.4843886E+00
2026 07 23 12 13 30 000 -1.3434402E+01 -6.7184014E+00 -5.4833584E+00
2026 07 23 12 14 00 000 -1.3441227E+01 -6.7236087E+00 -5.4823328E+00
2026 07 23 12 14 30 000 -1.3448048E+01 -6.7288094E+00 -5.4813118E+00
2026 07 23 12 15 00 000 -1.3454865E+01 -6.7340037E+00 -5.4802956E+00
2026 07 23 12 15 30 000 -1.3461676E+01 -6.7391915E+00 -5.4792840E+00
2026 07 23 12 16 00 000 -1.3468484E+01 -6.7443729E+00 -5.4782771E+00
2026 07 23 12 16 30 000 -1.3475287E+01 -6.7495478E+00 -5.4772749E+00
2026 07 23 12 17 00 000 -1.3482085E+01 -6.7547162E+00 -5.4762775E+00
2026 07 23 12 17 30 000 -1.3488879E+01 -6.7598782E+00 -5.4752848E+00
2026 07 23 12 18 00 000 -1.3495669E+01 -6.7650337E+00 -5.4742969E+00
2026 07 23 12 18 30 000 -1.3502454E+01 -6.7701828E+00 -5.4733138E+00
2026 07 23 12 19 00 000 -1.3509235E+01 -6.7753255E+00 -5.4723354E+00
2026 07 23 12 19 30 000 -1.3516011E+01 -6.7804617E+00 -5.4713619E+00
2026 07 23 12 20 00 000 -1.3522783E+01 -6.7855915E+00 -5.4703932E+00
2026 07 23 12 20 30 000 -1.3529550E+01 -6.7907149E+00 -5.4694293E+00
2026 07 23 12 21 00 000 -1.3536313E+01 -6.7958319E+00 -5.4684702E+00
2026 07 23 12 21 30 000 -1.3543072E+01 -6.8009424E+00 -5.4675160E+00
2026 07 23 12 22 00 000 -1.3549826E+01 -6.8060466E+00 -5.4665666E+00
2026 07 23 12 22 30 000 -1.3556576E+01 -6.8111443E+00 -5.4656222E+00
2026 07 23 12 23 00 000 -1.3563321E+01 -6.8162357E+00 -5.4646826E+00
2026 07 23 12 23 30 000 -1.3570062E+01 -6.8213207E+00 -5.4637479E+00
2026 07 23 12 24 00 000 -1.3576798E+01 -6.8263992E+00 -5.4628182E+00
2026 07 23 12 24 30 000 -1.3583530E+01 -6.8314714E+00 -5.4618934E+00
2026 07 23 12 25 00 000 -1.3590258E+01 -6.8365373E+00 -5.4609735E+00
2026 07 23 12 25 30 000 -1.3596981E+01 -6.8415967E+00 -5.4600586E+00
2026 07 23 12 26 00 000 -1.3603700E+01 -6.8466498E+00 -5.4591487E+00
2026 07 23 12 26 30 000 -1.3610415E+01 -6.8516965E+00 -5.4582438E+00
2026 07 23 12 27 00 000 -1.3617125E+01 -6.8567369E+00 -5.4573438E+00
2026 07 23 12 27 30 000 -1.3623830E+01 -6.8617710E+00 -5.4564489E+00
2026 07 23 12 28 00 000 -1.3630532E+01 -6.8667987E+00 -5.4555590E+00
2026 07 23 12 28 30 000 -1.3637229E+01 -6.8718200E+00 -5.4546741E+00
2026 07 23 12 29 00 000 -1.3643921E+01 -6.8768350E+00 -5.4537943E+00
2026 07 23 12 29 30 000 -1.3650610E+01 -6.8818437E+00 -5.4529195E+00
2026 07 23 12 30 00 000 -1.3657293E+01 -6.8868461E+00 -5.4520498E+00
2026 07 23 12 30 30 000 -1.3663973E+01 -6.8918421E+00 -5.4511852E+00
2026 07 23 12 31 00 000 -1.3670648E+01 -6.8968319E+00 -5.4503257E+00
2026 07 23 12 31 30 000 -1.3677319E+01 -6.9018153E+00 -5.4494713E+00
2026 07 23 12 32 00 000 -1.3683985E+01 -6.9067924E+00 -5.4486220E+00
2026 07 23 12 32 30 000 -1.3690648E+01 -6.9117633E+00 -5.4477778E+00
2026 07 23 12 33 00 000 -1.3697305E+01 -6.9167278E+00 -5.4469388E+00
2026 07 23 12 33 30 000 -1.3703959E+01 -6.9216861E+00 -5.4461050E+00
2026 07 23 12 34 00 000 -1.3710608E+01 -6.9266380E+00 -5.4452763E+00
2026 07 23 12 34 30 000 -1.3717253E+01 -6.9315837E+00 -5.4444528E+00
2026 07 23 12 35 00 000 -1.3723893E+01 -6.9365232E+00 -5.4436345E+00
2026 07 23 12 35 30 000 -1.3730529E+01 -6.9414563E+00 -5.4428214E+00
2026 07 23 12 36 00 000 -1.3737161E+01 -6.9463832E+00 -5.4420134E+00
2026 07 23 12 36 30 000 -1.3743789E+01 -6.9513039E+00 -5.4412108E+00
2026 07 23 12 37 00 000 -1.3750412E+01 -6.9562183E+00 -5.4404134E+00
2026 07 23 12 37 30 000 -1.3757031E+01 -6.9611265E+00 -5.4396212E+00
2026 07 23 12 38 00 000 -1.3763646E+01 -6.9660284E+00 -5.4388343E+00
2026 07 23 12 38 30 000 -1.3770256E+01 -6.9709241E+00 -5.4380526E+00
2026 07 23 12 39 00 000 -1.3776862E+01 -6.9758135E+00 -5.4372763E+00
2026 07 23 12 39 30 000 -1.3783464E+01 -6.9806968E+00 -5.4365052E+00
2026 07 23 12 40 00 000 -1.3790061E+01 -6.9855738E+00 -5.4357394E+00
2026 07 23 12 40 30 000 -1.3796655E+01 -6.9904446E+00 -5.4349790E+00
2026 07 23 12 41 00 000 -1.3803243E+01 -6.9953092E+00 -5.4342239E+00
2026 07 23 12 41 30 000 -1.3809828E+01 -7.0001677E+00 -5.4334741E+00
2026 07 23 12 42 00 000 -1.3816409E+01 -7.0050199E+00 -5.4327297E+00
2026 07 23 12 42 30 000 -1.3822985E+01 -7.0098659E+00 -5.4319906E+00
2026 07 23 12 43 00 000 -1.3829557E+01 -7.0147057E+00 -5.4312569E+00
2026 07 23 12 43 30 000 -1.3836124E+01 -7.0195394E+00 -5.4305286E+00
2026 07 23 12 44 00 000 -1.3842688E+01 -7.0243669E+00 -5.4298057E+00
2026 07 23 12 44 30 000 -1.3849247E+01 -7.0291882E+00 -5.4290881E+00
2026 07 23 12 45 00 000 -1.3855802E+01 -7.0340034E+00 -5.4283760E+00
2026 07 23 12 45 30 000 -1.3862352E+01 -7.0388124E+00 -5.4276693E+00
2026 07 23 12 46 00 000 -1.3868899E+01 -7.0436153E+00 -5.4269681E+00
2026 07 23 12 46 30 000 -1.3875441E+01 -7.0484120E+00 -5.4262723E+00
2026 07 23 12 47 00 000 -1.3881979E+01 -7.0532025E+00 -5.4255819E+00
2026 07 23 12 47 30 000 -1.3888512E+01 -7.0579870E+00 -5.4248970E+00
2026 07 23 12 48 00 000 -1.3895042E+01 -7.0627653E+00 -5.4242176E+00
2026 07 23 12 48 30 000 -1.3901567E+01 -7.0675375E+00 -5.4235437E+00
2026 07 23 12 49 00 000 -1.3908088E+01 -7.0723035E+00 -5.4228752E+00
2026 07 23 12 49 30 000 -1.3914605E+01 -7.0770635E+00 -5.4222123E+00
2026 07 23 12 50 00 000 -1.3921117E+01 -7.0818174E+00 -5.4215549E+00
2026 07 23 12 50 30 000 -1.3927626E+01 -7.0865651E+00 -5.4209030E+00
2026 07 23 12 51 00 000 -1.3934130E+01 -7.0913068E+00 -5.4202566E+00
2026 07 23 12 51 30 000 -1.3940630E+01 -7.0960423E+00 -5.4196158E+00
2026 07 23 12 52 00 000 -1.3947126E+01 -7.1007718E+00 -5.4189806E+00
2026 07 23 12 52 30 000 -1.3953618E+01 -7.1054952E+00 -5.4183508E+00
2026 07 23 12 53 00 000 -1.3960105E+01 -7.1102125E+00 -5.4177267E+00
2026 07 23 12 53 30 000 -1.3966588E+01 -7.1149238E+00 -5.4171082E+00
2026 07 23 12 54 00 000 -1.3973067E+01 -7.1196290E+00 -5.4164952E+00
2026 07 23 12 54 30 000 -1.3979542E+01 -7.1243281E+00 -5.4158879E+00
2026 07 23 12 55 00 000 -1.3986013E+01 -7.1290212E+00 -5.4152861E+00
2026 07 23 12 55 30 000 -1.3992480E+01 -7.1337083E+00 -5.4146900E+00
2026 07 23 12 56 00 000 -1.3998942E+01 -7.1383893E+00 -5.4140995E+00
2026 07 23 12 56 30 000 -1.4005400E+01 -7.1430642E+00 -5.4135146E+00
2026 07 23 12 57 00 000 -1.4011854E+01 -7.1477332E+00 -5.4129354E+00
2026 07 23 12 57 30 000 -1.4018304E+01 -7.1523961E+00 -5.4123618E+00
2026 07 23 12 58 00 000 -1.4024750E+01 -7.1570530E+00 -5.4117939E+00
2026 07 23 12 58 30 000 -1.4031192E+01 -7.1617039E+00 -5.4112317E+00
2026 07 23 12 59 00 000 -1.4037629E+01 -7.1663488E+00 -5.4106751E+00
2026 07 23 12 59 30 000 -1.4044062E+01 -7.1709877E+00 -5.4101242E+00
2026 07 23 13 00 00 000 -1.4050492E+01 -7.1756206E+00 -5.4095791E+00
2026 07 23 13 00 30 000 -1.4056917E+01 -7.1802475E+00 -5.4090396E+00
2026 07 23 13 01 00 000 -1.4063338E+01 -7.1848684E+00 -5.4085059E+00
2026 07 23 13 01 30 000 -1.4069754E+01 -7.1894834E+00 -5.4079778E+00
2026 07 23 13 02 00 000 -1.4076167E+01 -7.1940923E+00 -5.4074555E+00
2026 07 23 13 02 30 000 -1.4082576E+01 -7.1986954E+00 -5.4069390E+00
2026 07 23 13 03 00 000 -1.4088980E+01 -7.2032924E+00 -5.4064282E+00
2026 07 23 13 03 30 000 -1.4095380E+01 -7.2078835E+00 -5.4059231E+00
2026 07 23 13 04 00 000 -1.4101777E+01 -7.2124687E+00 -5.4054238E+00
2026 07 23 13 04 30 000 -1.4108169E+01 -7.2170479E+00 -5.4049303E+00
2026 07 23 13 05 00 000 -1.4114557E+01 -7.2216211E+00 -5.4044425E+00
2026 07 23 13 05 30 000 -1.4120941E+01 -7.2261885E+00 -5.4039606E+00
2026 07 23 13 06 00 000 -1.4127321E+01 -7.2307499E+00 -5.4034844E+00
2026 07 23 13 06 30 000 -1.4133696E+01 -7.2353054E+00 -5.4030140E+00
2026 07 23 13 07 00 000 -1.4140068E+01 -7.2398549E+00 -5.4025495E+00
2026 07 23 13 07 30 000 -1.4146435E+01 -7.2443986E+00 -5.4020907E+00
2026 07 23 13 08 00 000 -1.4152799E+01 -7.2489364E+00 -5.4016378E+00
2026 07 23 13 08 30 000 -1.4159158E+01 -7.2534683E+00 -5.4011907E+00
2026 07 23 13 09 00 000 -1.4165514E+01 -7.2579942E+00 -5.4007495E+00
2026 07 23 13 09 30 000 -1.4171865E+01 -7.2625144E+00 -5.4003141E+00
2026 07 23 13 10 00 000 -1.4178212E+01 -7.2670286E+00 -5.3998845E+00
2026 07 23 13 10 30 000 -1.4184555E+01 -7.2715369E+00 -5.3994608E+00
2026 07 23 13 11 00 000 -1.4190894E+01 -7.2760394E+00 -5.3990430E+00
2026 07 23 13 11 30 000 -1.4197229E+01 -7.2805360E+00 -5.3986311E+00
2026 07 23 13 12 00 000 -1.4203560E+01 -7.2850268E+00 -5.3982250E+00
2026 07 23 13 12 30 000 -1.4209887E+01 -7.2895117E+00 -5.3978248E+00
2026 07 23 13 13 00 000 -1.4216210E+01 -7.2939908E+00 -5.3974305E+00
2026 07 23 13 13 30 000 -1.4222529E+01 -7.2984640E+00 -5.3970422E+00
2026 07 23 13 14 00 000 -1.4228844E+01 -7.3029314E+00 -5.3966597E+00
2026 07 23 13 14 30 000 -1.4235154E+01 -7.3073930E+00 -5.3962831E+00
2026 07 23 13 15 00 000 -1.4241461E+01 -7.3118488E+00 -5.3959125E+00
2026 07 23 13 15 30 000 -1.4247764E+01 -7.3162987E+00 -5.3955478E+00
2026 07 23 13 16 00 000 -1.4254062E+01 -7.3207429E+00 -5.3951890E+00
2026 07 23 13 16 30 000 -1.4260357E+01 -7.3251812E+00 -5.3948362E+00
2026 07 23 13 17 00 000 -1.4266648E+01 -7.3296138E+00 -5.3944893E+00
2026 07 23 13 17 30 000 -1.4272934E+01 -7.3340405E+00 -5.3941484E+00
2026 07 23 13 18 00 000 -1.4279217E+01 -7.3384615E+00 -5.3938134E+00
2026 07 23 13 18 30 000 -1.4285495E+01 -7.3428767E+00 -5.3934844E+00
2026 07 23 13 19 00 000 -1.4291770E+01 -7.3472861E+00 -5.3931614E+00
2026 07 23 13 19 30 000 -1.4298041E+01 -7.3516898E+00 -5.3928443E+00
2026 07 23 13 20 00 000 -1.4304307E+01 -7.3560876E+00 -5.3925333E+00
2026 07 23 13 20 30 000 -1.4310570E+01 -7.3604798E+00 -5.3922282E+00
2026 07 23 13 21 00 000 -1.4316828E+01 -7.3648662E+00 -5.3919291E+00
2026 07 23 13 21 30 000 -1.4323083E+01 -7.3692468E+00 -5.3916360E+00
2026 07 23 13 22 00 000 -1.4329333E+01 -7.3736218E+00 -5.3913489E+00
2026 07 23 13 22 30 000 -1.4335580E+01 -7.3779909E+00 -5.3910678E+00
2026 07 23 13 23 00 000 -1.4341823E+01 -7.3823544E+00 -5.3907928E+00
2026 07 23 13 23 30 000 -1.4348061E+01 -7.3867122E+00 -5.3905237E+00
2026 07 23 13 24 00 000 -1.4354296E+01 -7.3910642E+00 -5.3902607E+00
2026 07 23 13 24 30 000 -1.4360527E+01 -7.3954105E+00 -5.3900038E+00
2026 07 23 13 25 00 000 -1.4366753E+01 -7.3997512E+00 -5.3897528E+00
2026 07 23 13 25 30 000 -1.4372976E+01 -7.4040861E+00 -5.3895079E+00
2026 07 23 13 26 00 000 -1.4379195E+01 -7.4084154E+00 -5.3892691E+00
2026 07 23 13 26 30 000 -1.4385410E+01 -7.4127389E+00 -5.3890363E+00
2026 07 23 13 27 00 000 -1.4391621E+01 -7.4170568E+00 -5.3888095E+00
2026 07 23 13 27 30 000 -1.4397828E+01 -7.4213690E+00 -5.3885889E+00
2026 07 23 13 28 00 000 -1.4404031E+01 -7.4256756E+00 -5.3883742E+00
2026 07 23 13 28 30 000 -1.4410230E+01 -7.4299765E+00 -5.3881657E+00
2026 07 23 13 29 00 000 -1.4416425E+01 -7.4342718E+00 -5.3879632E+00
2026 07 23 13 29 30 000 -1.4422616E+01 -7.4385614E+00 -5.3877668E+00
2026 07 23 13 30 00 000 -1.4428803E+01 -7.4428454E+00 -5.3875765E+00
2026 07 23 13 30 30 000 -1.4434986E+01 -7.4471237E+00 -5.3873923E+00
2026 07 23 13 31 00 000 -1.4441166E+01 -7.4513965E+00 -5.3872142E+00
2026 07 23 13 31 30 000 -1.4447341E+01 -7.4556636E+00 -5.3870422E+00
2026 07 23 13 32 00 000 -1.4453513E+01 -7.4599251E+00 -5.3868763E+00
2026 07 23 13 32 30 000 -1.4459680E+01 -7.4641809E+00 -5.3867164E+00
2026 07 23 13 33 00 000 -1.4465844E+01 -7.4684312E+00 -5.3865627E+00
2026 07 23 13 33 30 000 -1.4472004E+01 -7.4726759E+00 -5.3864151E+00
2026 07 23 13 34 00 000 -1.4478160E+01 -7.4769150E+00 -5.3862737E+00
2026 07 23 13 34 30 000 -1.4484312E+01 -7.4811485E+00 -5.3861383E+00
2026 07 23 13 35 00 000 -1.4490460E+01 -7.4853765E+00 -5.3860091E+00
2026 07 23 13 35 30 000 -1.4496604E+01 -7.4895989E+00 -5.3858860E+00
2026 07 23 13 36 00 000 -1.4502744E+01 -7.4938157E+00 -5.3857690E+00
2026 07 23 13 36 30 000 -1.4508881E+01 -7.4980269E+00 -5.3856581E+00
2026 07 23 13 37 00 000 -1.4515013E+01 -7.5022327E+00 -5.3855534E+00
2026 07 23 13 37 30 000 -1.4521142E+01 -7.5064328E+00 -5.3854549E+00
2026 07 23 13 38 00 000 -1.4527266E+01 -7.5106274E+00 -5.3853625E+00
2026 07 23 13 38 30 000 -1.4533387E+01 -7.5148166E+00 -5.3852762E+00
2026 07 23 13 39 00 000 -1.4539504E+01 -7.5190001E+00 -5.3851961E+00
2026 07 23 13 39 30 000 -1.4545617E+01 -7.5231782E+00 -5.3851221E+00
2026 07 23 13 40 00 000 -1.4551726E+01 -7.5273507E+00 -5.3850543E+00
2026 07 23 13 40 30 000 -1.4557832E+01 -7.5315178E+00 -5.3849927E+00
2026 07 23 13 41 00 000 -1.4563933E+01 -7.5356793E+00 -5.3849372E+00
2026 07 23 13 41 30 000 -1.4570031E+01 -7.5398354E+00 -5.3848879E+00
2026 07 23 13 42 00 000 -1.4576125E+01 -7.5439859E+00 -5.3848447E+00
2026 07 23 13 42 30 000 -1.4582214E+01 -7.5481310E+00 -5.3848078E+00
2026 07 23 13 43 00 000 -1.4588300E+01 -7.5522706E+00 -5.3847770E+00
2026 07 23 13 43 30 000 -1.4594383E+01 -7.5564048E+00 -5.3847524E+00
2026 07 23 13 44 00 000 -1.4600461E+01 -7.5605334E+00 -5.3847339E+00
2026 07 23 13 44 30 000 -1.4606535E+01 -7.5646567E+00 -5.3847217E+00
2026 07 23 13 45 00 000 -1.4612606E+01 -7.5687744E+00 -5.3847156E+00
2026 07 23 13 45 30 000 -1.4618673E+01 -7.5728868E+00 -5.3847157E+00
2026 07 23 13 46 00 000 -1.4624736E+01 -7.5769937E+00 -5.3847220E+00
2026 07 23 13 46 30 000 -1.4630795E+01 -7.5810952E+00 -5.3847345E+00
2026 07 23 13 47 00 000 -1.4636850E+01 -7.5851912E+00 -5.3847532E+00
2026 07 23 13 47 30 000 -1.4642902E+01 -7.5892819E+00 -5.3847780E+00
2026 07 23 13 48 00 000 -1.4648949E+01 -7.5933671E+00 -5.3848091E+00
2026 07 23 13 48 30 000 -1.4654993E+01 -7.5974469E+00 -5.3848463E+00
2026 07 23 13 49 00 000 -1.4661033E+01 -7.6015214E+00 -5.3848898E+00
2026 07 23 13 49 30 000 -1.4667069E+01 -7.6055904E+00 -5.3849395E+00
2026 07 23 13 50 00 000 -1.4673102E+01 -7.6096541E+00 -5.3849953E+00
2026 07 23 13 50 30 000 -1.4679130E+01 -7.6137124E+00 -5.3850574E+00
2026 07 23 13 51 00 000 -1.4685155E+01 -7.6177653E+00 -5.3851257E+00
2026 07 23 13 51 30 000 -1.4691176E+01 -7.6218128E+00 -5.3852002E+00
2026 07 23 13 52 00 000 -1.4697193E+01 -7.6258550E+00 -5.3852809E+00
2026 07 23 13 52 30 000 -1.4703207E+01 -7.6298919E+00 -5.3853677E+00
2026 07 23 13 53 00 000 -1.4709216E+01 -7.6339234E+00 -5.3854608E+00
2026 07 23 13 53 30 000 -1.4715222E+01 -7.6379496E+00 -5.3855602E+00
2026 07 23 13 54 00 000 -1.4721224E+01 -7.6419704E+00 -5.3856657E+00
2026 07 23 13 54 30 000 -1.4727222E+01 -7.6459859E+00 -5.3857774E+00
2026 07 23 13 55 00 000 -1.4733217E+01 -7.6499961E+00 -5.3858954E+00
2026 07 23 13 55 30 000 -1.4739207E+01 -7.6540010E+00 -5.3860195E+00
2026 07 23 13 56 00 000 -1.4745194E+01 -7.6580006E+00 -5.3861499E+00
2026 07 23 13 56 30 000 -1.4751177E+01 -7.6619949E+00 -5.3862865E+00
2026 07 23 13 57 00 000 -1.4757157E+01 -7.6659839E+00 -5.3864293E+00
2026 07 23 13 57 30 000 -1.4763132E+01 -7.6699676E+00 -5.3865784E+00
2026 07 23 13 58 00 000 -1.4769104E+01 -7.6739461E+00 -5.3867336E+00
2026 07 23 13 58 30 000 -1.4775072E+01 -7.6779192E+00 -5.3868951E+00
2026 07 23 13 59 00 000 -1.4781037E+01 -7.6818872E+00 -5.3870627E+00
2026 07 23 13 59 30 000 -1.4786997E+01 -7.6858498E+00 -5.3872366E+00
2026 07 23 14 00 00 000 -1.4792954E+01 -7.6898072E+00 -5.3874167E+00
2026 07 23 14 00 30 000 -1.4798907E+01 -7.6937594E+00 -5.3876031E+00
2026 07 23 14 01 00 000 -1.4804856E+01 -7.6977063E+00 -5.3877956E+00
2026 07 23 14 01 30 000 -1.4810802E+01 -7.7016480E+00 -5.3879944E+00
2026 07 23 14 02 00 000 -1.4816744E+01 -7.7055845E+00 -5.3881994E+00
2026 07 23 14 02 30 000 -1.4822682E+01 -7.7095158E+00 -5.3884105E+00
2026 07 23 14 03 00 000 -1.4828616E+01 -7.7134419E+00 -5.3886280E+00
2026 07 23 14 03 30 000 -1.4834547E+01 -7.7173627E+00 -5.3888516E+00
2026 07 23 14 04 00 000 -1.4840473E+01 -7.7212784E+00 -5.3890814E+00
2026 07 23 14 04 30 000 -1.4846397E+01 -7.7251889E+00 -5.3893175E+00
2026 07 23 14 05 00 000 -1.4852316E+01 -7.7290942E+00 -5.3895597E+00
2026 07 23 14 05 30 000 -1.4858232E+01 -7.7329943E+00 -5.3898082E+00
2026 07 23 14 06 00 000 -1.4864144E+01 -7.7368893E+00 -5.3900629E+00
2026 07 23 14 06 30 000 -1.4870052E+01 -7.7407791E+00 -5.3903238E+00
2026 07 23 14 07 00 000 -1.4875957E+01 -7.7446637E+00 -5.3905909E+00
2026 07 23 14 07 30 000 -1.4881857E+01 -7.7485432E+00 -5.3908642E+00
2026 07 23 14 08 00 000 -1.4887755E+01 -7.7524176E+00 -5.3911438E+00
2026 07 23 14 08 30 000 -1.4893648E+01 -7.7562868E+00 -5.3914295E+00
2026 07 23 14 09 00 000 -1.4899538E+01 -7.7601509E+00 -5.3917214E+00
2026 07 23 14 09 30 000 -1.4905424E+01 -7.7640099E+00 -5.3920196E+00
2026 07 23 14 10 00 000 -1.4911306E+01 -7.7678638E+00 -5.3923239E+00
2026 07 23 14 10 30 000 -1.4917185E+01 -7.7717126E+00 -5.3926345E+00
2026 07 23 14 11 00 000 -1.4923060E+01 -7.7755562E+00 -5.3929512E+00
2026 07 23 14 11 30 000 -1.4928931E+01 -7.7793948E+00 -5.3932742E+00
2026 07 23 14 12 00 000 -1.4934799E+01 -7.7832283E+00 -5.3936033E+00
2026 07 23 14 12 30 000 -1.4940663E+01 -7.7870568E+00 -5.3939386E+00
2026 07 23 14 13 00 000 -1.4946523E+01 -7.7908801E+00 -5.3942802E+00
2026 07 23 14 13 30 000 -1.4952379E+01 -7.7946984E+00 -5.3946279E+00
2026 07 23 14 14 00 000 -1.4958232E+01 -7.7985117E+00 -5.3949818E+00
2026 07 23 14 14 30 000 -1.4964081E+01 -7.8023199E+00 -5.3953419E+00
2026 07 23 14 15 00 000 -1.4969927E+01 -7.8061231E+00 -5.3957082E+00
2026 07 23 14 15 30 000 -1.4975769E+01 -7.8099212E+00 -5.3960806E+00
2026 07 23 14 16 00 000 -1.4981607E+01 -7.8137143E+00 -5.3964592E+00
2026 07 23 14 16 30 000 -1.4987442E+01 -7.8175024E+00 -5.3968441E+00
2026 07 23 14 17 00 000 -1.4993273E+01 -7.8212855E+00 -5.3972350E+00
2026 07 23 14 17 30 000 -1.4999100E+01 -7.8250636E+00 -5.3976322E+00
2026 07 23 14 18 00 000 -1.5004923E+01 -7.8288366E+00 -5.3980355E+00
2026 07 23 14 18 30 000 -1.5010743E+01 -7.8326047E+00 -5.3984450E+00
2026 07 23 14 19 00 000 -1.5016560E+01 -7.8363678E+00 -5.3988607E+00
2026 07 23 14 19 30 000 -1.5022372E+01 -7.8401260E+00 -5.3992825E+00
2026 07 23 14 20 00 000 -1.5028181E+01 -7.8438791E+00 -5.3997105E+00
2026 07 23 14 20 30 000 -1.5033987E+01 -7.8476274E+00 -5.4001446E+00
2026 07 23 14 21 00 000 -1.5039789E+01 -7.8513706E+00 -5.4005849E+00
2026 07 23 14 21 30 000 -1.5045587E+01 -7.8551089E+00 -5.4010313E+00
2026 07 23 14 22 00 000 -1.5051381E+01 -7.8588423E+00 -5.4014839E+00
2026 07 23 14 22 30 000 -1.5057172E+01 -7.8625707E+00 -5.4019426E+00
2026 07 23 14 23 00 000 -1.5062959E+01 -7.8662942E+00 -5.4024075E+00
2026 07 23 14 23 30 000 -1.5068743E+01 -7.8700129E+00 -5.4028785E+00
2026 07 23 14 24 00 000 -1.5074523E+01 -7.8737265E+00 -5.4033556E+00
2026 07 23 14 24 30 000 -1.5080299E+01 -7.8774353E+00 -5.4038388E+00
2026 07 23 14 25 00 000 -1.5086072E+01 -7.8811392E+00 -5.4043282E+00
2026 07 23 14 25 30 000 -1.5091841E+01 -7.8848383E+00 -5.4048237E+00
2026 07 23 14 26 00 000 -1.5097607E+01 -7.8885324E+00 -5.4053253E+00
2026 07 23 14 26 30 000 -1.5103369E+01 -7.8922217E+00 -5.4058331E+00
2026 07 23 14 27 00 000 -1.5109127E+01 -7.8959061E+00 -5.4063469E+00
2026 07 23 14 27 30 000 -1.5114882E+01 -7.8995856E+00 -5.4068668E+00
2026 07 23 14 28 00 000 -1.5120633E+01 -7.9032603E+00 -5.4073929E+00
2026 07 23 14 28 30 000 -1.5126381E+01 -7.9069302E+00 -5.4079250E+00
2026 07 23 14 29 00 000 -1.5132125E+01 -7.9105952E+00 -5.4084632E+00
2026 07 23 14 29 30 000 -1.5137865E+01 -7.9142554E+00 -5.4090076E+00
2026 07 23 14 30 00 000 -1.5143602E+01 -7.9179107E+00 -5.4095580E+00
2026 07 23 14 30 30 000 -1.5149335E+01 -7.9215613E+00 -5.4101145E+00
2026 07 23 14 31 00 000 -1.5155065E+01 -7.9252071E+00 -5.4106770E+00
2026 07 23 14 31 30 000 -1.5160791E+01 -7.9288480E+00 -5.4112457E+00
2026 07 23 14 32 00 000 -1.5166513E+01 -7.9324842E+00 -5.4118203E+00
2026 07 23 14 32 30 000 -1.5172232E+01 -7.9361156E+00 -5.4124011E+00
2026 07 23 14 33 00 000 -1.5177948E+01 -7.9397422E+00 -5.4129879E+00
2026 07 23 14 33 30 000 -1.5183660E+01 -7.9433641E+00 -5.4135807E+00
2026 07 23 14 34 00 000 -1.5189368E+01 -7.9469812E+00 -5.4141796E+00
2026 07 23 14 34 30 000 -1.5195072E+01 -7.9505936E+00 -5.4147846E+00
2026 07 23 14 35 00 000 -1.5200773E+01 -7.9542012E+00 -5.4153956E+00
2026 07 23 14 35 30 000 -1.5206471E+01 -7.9578040E+00 -5.4160126E+00
2026 07 23 14 36 00 000 -1.5212165E+01 -7.9614022E+00 -5.4166356E+00
2026 07 23 14 36 30 000 -1.5217855E+01 -7.9649956E+00 -5.4172647E+00
2026 07 23 14 37 00 000 -1.5223542E+01 -7.9685843E+00 -5.4178997E+00
2026 07 23 14 37 30 000 -1.5229226E+01 -7.9721684E+00 -5.4185408E+00
2026 07 23 14 38 00 000 -1.5234905E+01 -7.9757477E+00 -5.4191879E+00
2026 07 23 14 38 30 000 -1.5240582E+01 -7.9793223E+00 -5.4198409E+00
2026 07 23 14 39 00 000 -1.5246254E+01 -7.9828923E+00 -5.4205000E+00
2026 07 23 14 39 30 000 -1.5251924E+01 -7.9864576E+00 -5.4211650E+00
2026 07 23 14 40 00 000 -1.5257589E+01 -7.9900182E+00 -5.4218361E+00
2026 07 23 14 40 30 000 -1.5263251E+01 -7.9935741E+00 -5.4225131E+00
2026 07 23 14 41 00 000 -1.5268910E+01 -7.9971254E+00 -5.4231960E+00
2026 07 23 14 41 30 000 -1.5274565E+01 -8.0006721E+00 -5.4238850E+00
2026 07 23 14 42 00 000 -1.5280217E+01 -8.0042142E+00 -5.4245798E+00
2026 07 23 14 42 30 000 -1.5285865E+01 -8.0077516E+00 -5.4252807E+00
2026 07 23 14 43 00 000 -1.5291509E+01 -8.0112844E+00 -5.4259874E+00
2026 07 23 14 43 30 000 -1.5297150E+01 -8.0148126E+00 -5.4267002E+00
2026 07 23 14 44 00 000 -1.5302788E+01 -8.0183362E+00 -5.4274188E+00
2026 07 23 14 44 30 000 -1.5308422E+01 -8.0218552E+00 -5.4281433E+00
2026 07 23 14 45 00 000 -1.5314052E+01 -8.0253696E+00 -5.4288738E+00
2026 07 23 14 45 30 000 -1.5319679E+01 -8.0288794E+00 -5.4296102E+00
2026 07 23 14 46 00 000 -1.5325302E+01 -8.0323847E+00 -5.4303525E+00
2026 07 23 14 46 30 000 -1.5330922E+01 -8.0358854E+00 -5.4311007E+00
2026 07 23 14 47 00 000 -1.5336539E+01 -8.0393816E+00 -5.4318547E+00
2026 07 23 14 47 30 000 -1.5342152E+01 -8.0428732E+00 -5.4326147E+00
2026 07 23 14 48 00 000 -1.5347761E+01 -8.0463603E+00 -5.4333805E+00
2026 07 23 14 48 30 000 -1.5353367E+01 -8.0498429E+00 -5.4341522E+00
2026 07 23 14 49 00 000 -1.5358970E+01 -8.0533209E+00 -5.4349298E+00
2026 07 23 14 49 30 000 -1.5364569E+01 -8.0567944E+00 -5.4357132E+00
2026 07 23 14 50 00 000 -1.5370164E+01 -8.0602634E+00 -5.4365024E+00
2026 07 23 14 50 30 000 -1.5375756E+01 -8.0637280E+00 -5.4372975E+00
2026 07 23 14 51 00 000 -1.5381345E+01 -8.0671880E+00 -5.4380985E+00
2026 07 23 14 51 30 000 -1.5386930E+01 -8.0706436E+00 -5.4389052E+00
2026 07 23 14 52 00 000 -1.5392511E+01 -8.0740947E+00 -5.4397178E+00
2026 07 23 14 52 30 000 -1.5398090E+01 -8.0775413E+00 -5.4405361E+00
2026 07 23 14 53 00 000 -1.5403664E+01 -8.0809835E+00 -5.4413603E+00
2026 07 23 14 53 30 000 -1.5409235E+01 -8.0844213E+00 -5.4421902E+00
2026 07 23 14 54 00 000 -1.5414803E+01 -8.0878546E+00 -5.4430260E+00
2026 07 23 14 54 30 000 -1.5420367E+01 -8.0912834E+00 -5.4438675E+00
2026 07 23 14 55 00 000 -1.5425928E+01 -8.0947079E+00 -5.4447148E+00
2026 07 23 14 55 30 000 -1.5431486E+01 -8.0981279E+00 -5.4455678E+00
2026 07 23 14 56 00 000 -1.5437040E+01 -8.1015436E+00 -5.4464266E+00
2026 07 23 14 56 30 000 -1.5442590E+01 -8.1049548E+00 -5.4472912E+00
2026 07 23 14 57 00 000 -1.5448137E+01 -8.1083617E+00 -5.4481614E+00
2026 07 23 14 57 30 000 -1.5453681E+01 -8.1117642E+00 -5.4490374E+00
2026 07 23 14 58 00 000 -1.5459221E+01 -8.1151623E+00 -5.4499191E+00
2026 07 23 14 58 30 000 -1.5464757E+01 -8.1185560E+00 -5.4508065E+00
2026 07 23 14 59 00 000 -1.5470291E+01 -8.1219454E+00 -5.4516997E+00
2026 07 23 14 59 30 000 -1.5475820E+01 -8.1253305E+00 -5.4525985E+00
2026 07 23 15 00 00 000 -1.5481347E+01 -8.1287112E+00 -5.4535030E+00
2026 07 23 15 00 30 000 -1.5486870E+01 -8.1320876E+00 -5.4544131E+00
2026 07 23 15 01 00 000 -1.5492389E+01 -8.1354597E+00 -5.4553290E+00
2026 07 23 15 01 30 000 -1.5497905E+01 -8.1388275E+00 -5.4562505E+00
2026 07 23 15 02 00 000 -1.5503418E+01 -8.1421909E+00 -5.4571776E+00
2026 07 23 15 02 30 000 -1.5508927E+01 -8.1455501E+00 -5.4581103E+00
2026 07 23 15 03 00 000 -1.5514433E+01 -8.1489050E+00 -5.4590487E+00
2026 07 23 15 03 30 000 -1.5519936E+01 -8.1522556E+00 -5.4599928E+00
2026 07 23 15 04 00 000 -1.5525435E+01 -8.1556020E+00 -5.4609424E+00
2026 07 23 15 04 30 000 -1.5530930E+01 -8.1589441E+00 -5.4618976E+00
2026 07 23 15 05 00 000 -1.5536422E+01 -8.1622820E+00 -5.4628584E+00
2026 07 23 15 05 30 000 -1.5541911E+01 -8.1656156E+00 -5.4638248E+00
2026 07 23 15 06 00 000 -1.5547396E+01 -8.1689450E+00 -5.4647968E+00
2026 07 23 15 06 30 000 -1.5552878E+01 -8.1722701E+00 -5.4657743E+00
2026 07 23 15 07 00 000 -1.5558357E+01 -8.1755911E+00 -5.4667574E+00
2026 07 23 15 07 30 000 -1.5563832E+01 -8.1789078E+00 -5.4677460E+00
2026 07 23 15 08 00 000 -1.5569304E+01 -8.1822204E+00 -5.4687401E+00
2026 07 23 15 08 30 000 -1.5574772E+01 -8.1855287E+00 -5.4697398E+00
2026 07 23 15 09 00 000 -1.5580237E+01 -8.1888329E+00 -5.4707450E+00
2026 07 23 15 09 30 000 -1.5585699E+01 -8.1921330E+00 -5.4717557E+00
2026 07 23 15 10 00 000 -1.5591157E+01 -8.1954288E+00 -5.4727718E+00
2026 07 23 15 10 30 000 -1.5596612E+01 -8.1987205E+00 -5.4737935E+00
2026 07 23 15 11 00 000 -1.5602063E+01 -8.2020081E+00 -5.4748206E+00
2026 07 23 15 11 30 000 -1.5607511E+01 -8.2052915E+00 -5.4758532E+00
2026 07 23 15 12 00 000 -1.5612956E+01 -8.2085709E+00 -5.4768912E+00
2026 07 23 15 12 30 000 -1.5618397E+01 -8.2118461E+00 -5.4779347E+00
2026 07 23 15 13 00 000 -1.5623835E+01 -8.2151172E+00 -5.4789836E+00
2026 07 23 15 13 30 000 -1.5629270E+01 -8.2183842E+00 -5.4800379E+00
2026 07 23 15 14 00 000 -1.5634701E+01 -8.2216471E+00 -5.4810976E+00
2026 07 23 15 14 30 000 -1.5640129E+01 -8.2249059E+00 -5.4821627E+00
2026 07 23 15 15 00 000 -1.5645553E+01 -8.2281607E+00 -5.4832332E+00
2026 07 23 15 15 30 000 -1.5650975E+01 -8.2314114E+00 -5.4843091E+00
2026 07 23 15 16 00 000 -1.5656392E+01 -8.2346580E+00 -5.4853903E+00
2026 07 23 15 16 30 000 -1.5661807E+01 -8.2379007E+00 -5.4864769E+00
2026 07 23 15 17 00 000 -1.5667218E+01 -8.2411392E+00 -5.4875688E+00
2026 07 23 15 17 30 000 -1.5672626E+01 -8.2443738E+00 -5.4886661E+00
2026 07 23 15 18 00 000 -1.5678030E+01 -8.2476044E+00 -5.4897687E+00
2026 07 23 15 18 30 000 -1.5683431E+01 -8.2508309E+00 -5.4908765E+00
2026 07 23 15 19 00 000 -1.5688829E+01 -8.2540535E+00 -5.4919897E+00
2026 07 23 15 19 30 000 -1.5694223E+01 -8.2572720E+00 -5.4931082E+00
2026 07 23 15 20 00 000 -1.5699614E+01 -8.2604866E+00 -5.4942319E+00
2026 07 23 15 20 30 000 -1.5705002E+01 -8.2636972E+00 -5.4953609E+00
2026 07 23 15 21 00 000 -1.5710386E+01 -8.2669039E+00 -5.4964951E+00
2026 07 23 15 21 30 000 -1.5715767E+01 -8.2701066E+00 -5.4976346E+00
2026 07 23 15 22 00 000 -1.5721144E+01 -8.2733054E+00 -5.4987793E+00
2026 07 23 15 22 30 000 -1.5726519E+01 -8.2765003E+00 -5.4999292E+00
2026 07 23 15 23 00 000 -1.5731890E+01 -8.2796912E+00 -5.5010843E+00
2026 07 23 15 23 30 000 -1.5737257E+01 -8.2828782E+00 -5.5022445E+00
2026 07 23 15 24 00 000 -1.5742622E+01 -8.2860614E+00 -5.5034100E+00
2026 07 23 15 24 30 000 -1.5747983E+01 -8.2892406E+00 -5.5045806E+00
2026 07 23 15 25 00 000 -1.5753341E+01 -8.2924160E+00 -5.5057564E+00
2026 07 23 15 25 30 000 -1.5758695E+01 -8.2955874E+00 -5.5069373E+00
2026 07 23 15 26 00 000 -1.5764046E+01 -8.2987550E+00 -5.5081234E+00
2026 07 23 15 26 30 000 -1.5769394E+01 -8.3019188E+00 -5.5093145E+00
2026 07 23 15 27 00 000 -1.5774738E+01 -8.3050787E+00 -5.5105108E+00
2026 07 23 15 27 30 000 -1.5780080E+01 -8.3082348E+00 -5.5117121E+00
2026 07 23 15 28 00 000 -1.5785417E+01 -8.3113871E+00 -5.5129185E+00
2026 07 23 15 28 30 000 -1.5790752E+01 -8.3145356E+00 -5.5141300E+00
2026 07 23 15 29 00 000 -1.5796083E+01 -8.3176802E+00 -5.5153466E+00
2026 07 23 15 29 30 000 -1.5801411E+01 -8.3208211E+00 -5.5165681E+00
2026 07 23 15 30 00 000 -1.5806736E+01 -8.3239582E+00 -5.5177947E+00
2026 07 23 15 30 30 000 -1.5812057E+01 -8.3270914E+00 -5.5190263E+00
2026 07 23 15 31 00 000 -1.5817375E+01 -8.3302210E+00 -5.5202629E+00
2026 07 23 15 31 30 000 -1.5822690E+01 -8.3333468E+00 -5.5215045E+00
2026 07 23 15 32 00 000 -1.5828002E+01 -8.3364688E+00 -5.5227511E+00
2026 07 23 15 32 30 000 -1.5833310E+01 -8.3395871E+00 -5.5240026E+00
2026 07 23 15 33 00 000 -1.5838615E+01 -8.3427017E+00 -5.5252591E+00
2026 07 23 15 33 30 000 -1.5843917E+01 -8.3458125E+00 -5.5265205E+00
2026 07 23 15 34 00 000 -1.5849215E+01 -8.3489197E+00 -5.5277868E+00
2026 07 23 15 34 30 000 -1.5854510E+01 -8.3520232E+00 -5.5290580E+00
2026 07 23 15 35 00 000 -1.5859802E+01 -8.3551229E+00 -5.5303341E+00
2026 07 23 15 35 30 000 -1.5865091E+01 -8.3582190E+00 -5.5316151E+00
2026 07 23 15 36 00 000 -1.5870376E+01 -8.3613115E+00 -5.5329009E+00
2026 07 23 15 36 30 000 -1.5875658E+01 -8.3644002E+00 -5.5341916E+00
2026 07 23 15 37 00 000 -1.5880937E+01 -8.3674854E+00 -5.5354872E+00
2026 07 23 15 37 30 000 -1.5886212E+01 -8.3705669E+00 -5.5367876E+00
2026 07 23 15 38 00 000 -1.5891484E+01 -8.3736447E+00 -5.5380927E+00
2026 07 23 15 38 30 000 -1.5896753E+01 -8.3767190E+00 -5.5394027E+00
2026 07 23 15 39 00 000 -1.5902019E+01 -8.3797896E+00 -5.5407174E+00
2026 07 23 15 39 30 000 -1.5907282E+01 -8.3828567E+00 -5.5420370E+00
2026 07 23 15 40 00 000 -1.5912541E+01 -8.3859202E+00 -5.5433612E+00
2026 07 23 15 40 30 000 -1.5917797E+01 -8.3889801E+00 -5.5446902E+00
2026 07 23 15 41 00 000 -1.5923050E+01 -8.3920364E+00 -5.5460239E+00
2026 07 23 15 41 30 000 -1.5928299E+01 -8.3950892E+00 -5.5473624E+00
2026 07 23 15 42 00 000 -1.5933546E+01 -8.3981384E+00 -5.5487055E+00
2026 07 23 15 42 30 000 -1.5938789E+01 -8.4011841E+00 -5.5500533E+00
2026 07 23 15 43 00 000 -1.5944028E+01 -8.4042263E+00 -5.5514058E+00
2026 07 23 15 43 30 000 -1.5949265E+01 -8.4072650E+00 -5.5527629E+00
2026 07 23 15 44 00 000 -1.5954498E+01 -8.4103002E+00 -5.5541247E+00
2026 07 23 15 44 30 000 -1.5959728E+01 -8.4133318E+00 -5.5554911E+00
2026 07 23 15 45 00 000 -1.5964955E+01 -8.4163601E+00 -5.5568620E+00
2026 07 23 15 45 30 000 -1.5970179E+01 -8.4193848E+00 -5.5582376E+00
2026 07 23 15 46 00 000 -1.5975399E+01 -8.4224061E+00 -5.5596178E+00
2026 07 23 15 46 30 000 -1.5980617E+01 -8.4254239E+00 -5.5610025E+00
2026 07 23 15 47 00 000 -1.5985831E+01 -8.4284382E+00 -5.5623917E+00
2026 07 23 15 47 30 000 -1.5991041E+01 -8.4314492E+00 -5.5637855E+00
2026 07 23 15 48 00 000 -1.5996249E+01 -8.4344567E+00 -5.5651839E+00
2026 07 23 15 48 30 000 -1.6001453E+01 -8.4374609E+00 -5.5665867E+00
2026 07 23 15 49 00 000 -1.6006654E+01 -8.4404616E+00 -5.5679939E+00
2026 07 23 15 49 30 000 -1.6011852E+01 -8.4434589E+00 -5.5694057E+00
2026 07 23 15 50 00 000 -1.6017047E+01 -8.4464529E+00 -5.5708219E+00
2026 07 23 15 50 30 000 -1.6022238E+01 -8.4494435E+00 -5.5722426E+00
2026 07 23 15 51 00 000 -1.6027427E+01 -8.4524308E+00 -5.5736677E+00
2026 07 23 15 51 30 000 -1.6032612E+01 -8.4554147E+00 -5.5750972E+00
2026 07 23 15 52 00 000 -1.6037794E+01 -8.4583952E+00 -5.5765310E+00
2026 07 23 15 52 30 000 -1.6042972E+01 -8.4613725E+00 -5.5779693E+00
2026 07 23 15 53 00 000 -1.6048148E+01 -8.4643464E+00 -5.5794119E+00
2026 07 23 15 53 30 000 -1.6053320E+01 -8.4673171E+00 -5.5808589E+00
2026 07 23 15 54 00 000 -1.6058489E+01 -8.4702844E+00 -5.5823102E+00
2026 07 23 15 54 30 000 -1.6063655E+01 -8.4732485E+00 -5.5837658E+00
2026 07 23 15 55 00 000 -1.6068818E+01 -8.4762093E+00 -5.5852257E+00
2026 07 23 15 55 30 000 -1.6073978E+01 -8.4791668E+00 -5.5866899E+00
2026 07 23 15 56 00 000 -1.6079134E+01 -8.4821211E+00 -5.5881583E+00
2026 07 23 15 56 30 000 -1.6084287E+01 -8.4850722E+00 -5.5896310E+00
2026 07 23 15 57 00 000 -1.6089437E+01 -8.4880201E+00 -5.5911079E+00
2026 07 23 15 57 30 000 -1.6094584E+01 -8.4909647E+00 -5.5925891E+00
2026 07 23 15 58 00 000 -1.6099728E+01 -8.4939061E+00 -5.5940744E+00
2026 07 23 15 58 30 000 -1.6104868E+01 -8.4968443E+00 -5.5955640E+00
2026 07 23 15 59 00 000 -1.6110005E+01 -8.4997794E+00 -5.5970577E+00
2026 07 23 15 59 30 000 -1.6115140E+01 -8.5027113E+00 -5.5985555E+00
2026 07 23 16 00 00 000 -1.6120271E+01 -8.5056400E+00 -5.6000575E+00
2026 07 23 16 00 30 000 -1.6125398E+01 -8.5085656E+00 -5.6015636E+00
2026 07 23 16 01 00 000 -1.6130523E+01 -8.5114880E+00 -5.6030738E+00
2026 07 23 16 01 30 000 -1.6135645E+01 -8.5144074E+00 -5.6045881E+00
2026 07 23 16 02 00 000 -1.6140763E+01 -8.5173236E+00 -5.6061065E+00
2026 07 23 16 02 30 000 -1.6145878E+01 -8.5202367E+00 -5.6076289E+00
2026 07 23 16 03 00 000 -1.6150990E+01 -8.5231467E+00 -5.6091553E+00
2026 07 23 16 03 30 000 -1.6156099E+01 -8.5260536E+00 -5.6106858E+00
2026 07 23 16 04 00 000 -1.6161205E+01 -8.5289575E+00 -5.6122202E+00
2026 07 23 16 04 30 000 -1.6166307E+01 -8.5318583E+00 -5.6137587E+00
2026 07 23 16 05 00 000 -1.6171407E+01 -8.5347561E+00 -5.6153011E+00
2026 07 23 16 05 30 000 -1.6176503E+01 -8.5376508E+00 -5.6168475E+00
2026 07 23 16 06 00 000 -1.6181596E+01 -8.5405425E+00 -5.6183978E+00
2026 07 23 16 06 30 000 -1.6186686E+01 -8.5434312E+00 -5.6199520E+00
2026 07 23 16 07 00 000 -1.6191773E+01 -8.5463169E+00 -5.6215101E+00
2026 07 23 16 07 30 000 -1.6196857E+01 -8.5491996E+00 -5.6230720E+00
2026 07 23 16 08 00 000 -1.6201937E+01 -8.5520793E+00 -5.6246379E+00
2026 07 23 16 08 30 000 -1.6207015E+01 -8.5549561E+00 -5.6262076E+00
2026 07 23 16 09 00 000 -1.6212089E+01 -8.5578299E+00 -5.6277811E+00
2026 07 23 16 09 30 000 -1.6217161E+01 -8.5607008E+00 -5.6293584E+00
2026 07 23 16 10 00 000 -1.6222229E+01 -8.5635687E+00 -5.6309395E+00
2026 07 23 16 10 30 000 -1.6227294E+01 -8.5664337E+00 -5.6325244E+00
2026 07 23 16 11 00 000 -1.6232355E+01 -8.5692958E+00 -5.6341131E+00
2026 07 23 16 11 30 000 -1.6237414E+01 -8.5721550E+00 -5.6357055E+00
2026 07 23 16 12 00 000 -1.6242470E+01 -8.5750113E+00 -5.6373016E+00
2026 07 23 16 12 30 000 -1.6247522E+01 -8.5778648E+00 -5.6389014E+00
2026 07 23 16 13 00 000 -1.6252572E+01 -8.5807154E+00 -5.6405049E+00
2026 07 23 16 13 30 000 -1.6257618E+01 -8.5835631E+00 -5.6421121E+00
2026 07 23 16 14 00 000 -1.6262661E+01 -8.5864080E+00 -5.6437229E+00
2026 07 23 16 14 30 000 -1.6267701E+01 -8.5892501E+00 -5.6453374E+00
2026 07 23 16 15 00 000 -1.6272738E+01 -8.5920893E+00 -5.6469554E+00
2026 07 23 16 15 30 000 -1.6277772E+01 -8.5949258E+00 -5.6485771E+00
2026 07 23 16 16 00 000 -1.6282803E+01 -8.5977594E+00 -5.6502023E+00
2026 07 23 16 16 30 000 -1.6287830E+01 -8.6005903E+00 -5.6518311E+00
2026 07 23 16 17 00 000 -1.6292855E+01 -8.6034185E+00 -5.6534635E+00
2026 07 23 16 17 30 000 -1.6297876E+01 -8.6062438E+00 -5.6550993E+00
2026 07 23 16 18 00 000 -1.6302895E+01 -8.6090664E+00 -5.6567387E+00
2026 07 23 16 18 30 000 -1.6307910E+01 -8.6118863E+00 -5.6583815E+00
2026 07 23 16 19 00 000 -1.6312922E+01 -8.6147035E+00 -5.6600279E+00
2026 07 23 16 19 30 000 -1.6317931E+01 -8.6175179E+00 -5.6616776E+00
2026 07 23 16 20 00 000 -1.6322937E+01 -8.6203297E+00 -5.6633308E+00
2026 07 23 16 20 30 000 -1.6327940E+01 -8.6231388E+00 -5.6649874E+00
2026 07 23 16 21 00 000 -1.6332940E+01 -8.6259452E+00 -5.6666475E+00
2026 07 23 16 21 30 000 -1.6337937E+01 -8.6287489E+00 -5.6683108E+00
2026 07 23 16 22 00 000 -1.6342930E+01 -8.6315500E+00 -5.6699776E+00
2026 07 23 16 22 30 000 -1.6347921E+01 -8.6343485E+00 -5.6716476E+00
2026 07 23 16 23 00 000 -1.6352909E+01 -8.6371443E+00 -5.6733210E+00
2026 07 23 16 23 30 000 -1.6357893E+01 -8.6399375E+00 -5.6749977E+00
2026 07 23 16 24 00 000 -1.6362874E+01 -8.6427281E+00 -5.6766777E+00
2026 07 23 16 24 30 000 -1.6367853E+01 -8.6455162E+00 -5.6783609E+00
2026 07 23 16 25 00 000 -1.6372828E+01 -8.6483016E+00 -5.6800474E+00
2026 07 23 16 25 30 000 -1.6377800E+01 -8.6510845E+00 -5.6817371E+00
2026 07 23 16 26 00 000 -1.6382769E+01 -8.6538649E+00 -5.6834300E+00
2026 07 23 16 26 30 000 -1.6387735E+01 -8.6566427E+00 -5.6851261E+00
2026 07 23 16 27 00 000 -1.6392698E+01 -8.6594180E+00 -5.6868254E+00
2026 07 23 16 27 30 000 -1.6397658E+01 -8.6621907E+00 -5.6885278E+00
2026 07 23 16 28 00 000 -1.6402615E+01 -8.6649610E+00 -5.6902333E+00
2026 07 23 16 28 30 000 -1.6407569E+01 -8.6677288E+00 -5.6919420E+00
2026 07 23 16 29 00 000 -1.6412520E+01 -8.6704941E+00 -5.6936537E+00
2026 07 23 16 29 30 000 -1.6417467E+01 -8.6732569E+00 -5.6953685E+00
2026 07 23 16 30 00 000 -1.6422412E+01 -8.6760173E+00 -5.6970864E+00
2026 07 23 16 30 30 000 -1.6427354E+01 -8.6787752E+00 -5.6988073E+00
2026 07 23 16 31 00 000 -1.6432292E+01 -8.6815308E+00 -5.7005312E+00
2026 07 23 16 31 30 000 -1.6437228E+01 -8.6842838E+00 -5.7022581E+00
2026 07 23 16 32 00 000 -1.6442160E+01 -8.6870345E+00 -5.7039879E+00
2026 07 23 16 32 30 000 -1.6447090E+01 -8.6897829E+00 -5.7057207E+00
2026 07 23 16 33 00 000 -1.6452016E+01 -8.6925288E+00 -5.7074565E+00
2026 07 23 16 33 30 000 -1.6456940E+01 -8.6952723E+00 -5.7091952E+00
2026 07 23 16 34 00 000 -1.6461860E+01 -8.6980136E+00 -5.7109367E+00
2026 07 23 16 34 30 000 -1.6466777E+01 -8.7007524E+00 -5.7126812E+00
2026 07 23 16 35 00 000 -1.6471692E+01 -8.7034890E+00 -5.7144285E+00
2026 07 23 16 35 30 000 -1.6476603E+01 -8.7062232E+00 -5.7161786E+00
2026 07 23 16 36 00 000 -1.6481511E+01 -8.7089551E+00 -5.7179315E+00
2026 07 23 16 36 30 000 -1.6486417E+01 -8.7116848E+00 -5.7196873E+00
2026 07 23 16 37 00 000 -1.6491319E+01 -8.7144121E+00 -5.7214458E+00
2026 07 23 16 37 30 000 -1.6496218E+01 -8.7171372E+00 -5.7232071E+00
2026 07 23 16 38 00 000 -1.6501114E+01 -8.7198601E+00 -5.7249711E+00
2026 07 23 16 38 30 000 -1.6506007E+01 -8.7225807E+00 -5.7267378E+00
2026 07 23 16 39 00 000 -1.6510897E+01 -8.7252991E+00 -5.7285072E+00
2026 07 23 16 39 30 000 -1.6515785E+01 -8.7280153E+00 -5.7302793E+00
2026 07 23 16 40 00 000 -1.6520669E+01 -8.7307292E+00 -5.7320540E+00
2026 07 23 16 40 30 000 -1.6525550E+01 -8.7334410E+00 -5.7338314E+00
2026 07 23 16 41 00 000 -1.6530428E+01 -8.7361506E+00 -5.7356114E+00
2026 07 23 16 41 30 000 -1.6535303E+01 -8.7388581E+00 -5.7373940E+00
2026 07 23 16 42 00 000 -1.6540175E+01 -8.7415634E+00 -5.7391792E+00
2026 07 23 16 42 30 000 -1.6545044E+01 -8.7442665E+00 -5.7409669E+00
2026 07 23 16 43 00 000 -1.6549910E+01 -8.7469676E+00 -5.7427572E+00
2026 07 23 16 43 30 000 -1.6554773E+01 -8.7496665E+00 -5.7445499E+00
2026 07 23 16 44 00 000 -1.6559633E+01 -8.7523633E+00 -5.7463452E+00
2026 07 23 16 44 30 000 -1.6564490E+01 -8.7550581E+00 -5.7481429E+00
2026 07 23 16 45 00 000 -1.6569345E+01 -8.7577507E+00 -5.7499431E+00
2026 07 23 16 45 30 000 -1.6574196E+01 -8.7604414E+00 -5.7517457E+00
2026 07 23 16 46 00 000 -1.6579044E+01 -8.7631299E+00 -5.7535507E+00
2026 07 23 16 46 30 000 -1.6583889E+01 -8.7658165E+00 -5.7553582E+00
2026 07 23 16 47 00 000 -1.6588731E+01 -8.7685010E+00 -5.7571680E+00
2026 07 23 16 47 30 000 -1.6593570E+01 -8.7711835E+00 -5.7589801E+00
2026 07 23 16 48 00 000 -1.6598407E+01 -8.7738640E+00 -5.7607946E+00
2026 07 23 16 48 30 000 -1.6603240E+01 -8.7765426E+00 -5.7626113E+00
2026 07 23 16 49 00 000 -1.6608070E+01 -8.7792192E+00 -5.7644304E+00
2026 07 23 16 49 30 000 -1.6612897E+01 -8.7818938E+00 -5.7662517E+00
2026 07 23 16 50 00 000 -1.6617722E+01 -8.7845665E+00 -5.7680753E+00
2026 07 23 16 50 30 000 -1.6622543E+01 -8.7872372E+00 -5.7699011E+00
2026 07 23 16 51 00 000 -1.6627361E+01 -8.7899061E+00 -5.7717291E+00
2026 07 23 16 51 30 000 -1.6632177E+01 -8.7925730E+00 -5.7735593E+00
2026 07 23 16 52 00 000 -1.6636989E+01 -8.7952381E+00 -5.7753916E+00
2026 07 23 16 52 30 000 -1.6641798E+01 -8.7979012E+00 -5.7772261E+00
2026 07 23 16 53 00 000 -1.6646605E+01 -8.8005626E+00 -5.7790627E+00
2026 07 23 16 53 30 000 -1.6651408E+01 -8.8032220E+00 -5.7809014E+00
2026 07 23 16 54 00 000 -1.6656209E+01 -8.8058796E+00 -5.7827422E+00
2026 07 23 16 54 30 000 -1.6661007E+01 -8.8085355E+00 -5.7845851E+00
2026 07 23 16 55 00 000 -1.6665801E+01 -8.8111895E+00 -5.7864299E+00
2026 07 23 16 55 30 000 -1.6670593E+01 -8.8138417E+00 -5.7882768E+00
2026 07 23 16 56 00 000 -1.6675382E+01 -8.8164921E+00 -5.7901257E+00
2026 07 23 16 56 30 000 -1.6680167E+01 -8.8191408E+00 -5.7919766E+00
2026 07 23 16 57 00 000 -1.6684950E+01 -8.8217877E+00 -5.7938294E+00
2026 07 23 16 57 30 000 -1.6689730E+01 -8.8244329E+00 -5.7956841E+00
2026 07 23 16 58 00 000 -1.6694507E+01 -8.8270763E+00 -5.7975408E+00
2026 07 23 16 58 30 000 -1.6699281E+01 -8.8297180E+00 -5.7993993E+00
2026 07 23 16 59 00 000 -1.6704052E+01 -8.8323580E+00 -5.8012597E+00
2026 07 23 16 59 30 000 -1.6708820E+01 -8.8349964E+00 -5.8031220E+00
2026 07 23 17 00 00 000 -1.6713585E+01 -8.8376331E+00 -5.8049861E+00
2026 07 23 17 00 30 000 -1.6718348E+01 -8.8402681E+00 -5.8068519E+00
2026 07 23 17 01 00 000 -1.6723107E+01 -8.8429014E+00 -5.8087196E+00
2026 07 23 17 01 30 000 -1.6727863E+01 -8.8455331E+00 -5.8105890E+00
2026 07 23 17 02 00 000 -1.6732617E+01 -8.8481633E+00 -5.8124602E+00
2026 07 23 17 02 30 000 -1.6737367E+01 -8.8507918E+00 -5.8143330E+00
2026 07 23 17 03 00 000 -1.6742115E+01 -8.8534187E+00 -5.8162076E+00
2026 07 23 17 03 30 000 -1.6746859E+01 -8.8560440E+00 -5.8180839E+00
2026 07 23 17 04 00 000 -1.6751601E+01 -8.8586678E+00 -5.8199617E+00
2026 07 23 17 04 30 000 -1.6756340E+01 -8.8612900E+00 -5.8218413E+00
2026 07 23 17 05 00 000 -1.6761076E+01 -8.8639106E+00 -5.8237224E+00
2026 07 23 17 05 30 000 -1.6765809E+01 -8.8665298E+00 -5.8256051E+00
2026 07 23 17 06 00 000 -1.6770539E+01 -8.8691474E+00 -5.8274894E+00
2026 07 23 17 06 30 000 -1.6775266E+01 -8.8717636E+00 -5.8293753E+00
2026 07 23 17 07 00 000 -1.6779990E+01 -8.8743782E+00 -5.8312626E+00
2026 07 23 17 07 30 000 -1.6784711E+01 -8.8769914E+00 -5.8331515E+00
2026 07 23 17 08 00 000 -1.6789430E+01 -8.8796032E+00 -5.8350418E+00
2026 07 23 17 08 30 000 -1.6794145E+01 -8.8822135E+00 -5.8369336E+00
2026 07 23 17 09 00 000 -1.6798858E+01 -8.8848223E+00 -5.8388268E+00
2026 07 23 17 09 30 000 -1.6803567E+01 -8.8874298E+00 -5.8407215E+00
2026 07 23 17 10 00 000 -1.6808274E+01 -8.8900358E+00 -5.8426175E+00
2026 07 23 17 10 30 000 -1.6812978E+01 -8.8926405E+00 -5.8445149E+00
2026 07 23 17 11 00 000 -1.6817679E+01 -8.8952438E+00 -5.8464137E+00
2026 07 23 17 11 30 000 -1.6822377E+01 -8.8978457E+00 -5.8483138E+00
2026 07 23 17 12 00 000 -1.6827072E+01 -8.9004463E+00 -5.8502152E+00
2026 07 23 17 12 30 000 -1.6831765E+01 -8.9030455E+00 -5.8521178E+00
2026 07 23 17 13 00 000 -1.6836454E+01 -8.9056435E+00 -5.8540218E+00
2026 07 23 17 13 30 000 -1.6841140E+01 -8.9082401E+00 -5.8559269E+00
2026 07 23 17 14 00 000 -1.6845824E+01 -8.9108355E+00 -5.8578333E+00
2026 07 23 17 14 30 000 -1.6850505E+01 -8.9134295E+00 -5.8597409E+00
2026 07 23 17 15 00 000 -1.6855182E+01 -8.9160224E+00 -5.8616497E+00
2026 07 23 17 15 30 000 -1.6859857E+01 -8.9186139E+00 -5.8635596E+00
2026 07 23 17 16 00 000 -1.6864529E+01 -8.9212042E+00 -5.8654706E+00
2026 07 23 17 16 30 000 -1.6869199E+01 -8.9237933E+00 -5.8673828E+00
2026 07 23 17 17 00 000 -1.6873865E+01 -8.9263813E+00 -5.8692960E+00
2026 07 23 17 17 30 000 -1.6878528E+01 -8.9289680E+00 -5.8712103E+00
2026 07 23 17 18 00 000 -1.6883189E+01 -8.9315535E+00 -5.8731257E+00
2026 07 23 17 18 30 000 -1.6887846E+01 -8.9341379E+00 -5.8750420E+00
2026 07 23 17 19 00 000 -1.6892501E+01 -8.9367211E+00 -5.8769594E+00
2026 07 23 17 19 30 000 -1.6897153E+01 -8.9393032E+00 -5.8788777E+00
2026 07 23 17 20 00 000 -1.6901802E+01 -8.9418841E+00 -5.8807970E+00
2026 07 23 17 20 30 000 -1.6906448E+01 -8.9444640E+00 -5.8827172E+00
2026 07 23 17 21 00 000 -1.6911091E+01 -8.9470427E+00 -5.8846384E+00
2026 07 23 17 21 30 000 -1.6915732E+01 -8.9496204E+00 -5.8865604E+00
2026 07 23 17 22 00 000 -1.6920369E+01 -8.9521970E+00 -5.8884833E+00
2026 07 23 17 22 30 000 -1.6925004E+01 -8.9547726E+00 -5.8904070E+00
2026 07 23 17 23 00 000 -1.6929636E+01 -8.9573471E+00 -5.8923315E+00
2026 07 23 17 23 30 000 -1.6934265E+01 -8.9599206E+00 -5.8942569E+00
2026 07 23 17 24 00 000 -1.6938891E+01 -8.9624931E+00 -5.8961830E+00
2026 07 23 17 24 30 000 -1.6943514E+01 -8.9650646E+00 -5.8981099E+00
2026 07 23 17 25 00 000 -1.6948135E+01 -8.9676351E+00 -5.9000375E+00
2026 07 23 17 25 30 000 -1.6952752E+01 -8.9702047E+00 -5.9019658E+00
2026 07 23 17 26 00 000 -1.6957367E+01 -8.9727733E+00 -5.9038948E+00
2026 07 23 17 26 30 000 -1.6961979E+01 -8.9753409E+00 -5.9058244E+00
2026 07 23 17 27 00 000 -1.6966588E+01 -8.9779077E+00 -5.9077548E+00
2026 07 23 17 27 30 000 -1.6971194E+01 -8.9804735E+00 -5.9096857E+00
2026 07 23 17 28 00 000 -1.6975797E+01 -8.9830384E+00 -5.9116172E+00
2026 07 23 17 28 30 000 -1.6980398E+01 -8.9856025E+00 -5.9135493E+00
2026 07 23 17 29 00 000 -1.6984995E+01 -8.9881656E+00 -5.9154820E+00
2026 07 23 17 29 30 000 -1.6989590E+01 -8.9907280E+00 -5.9174152E+00
2026 07 23 17 30 00 000 -1.6994182E+01 -8.9932895E+00 -5.9193489E+00
2026 07 23 17 30 30 000 -1.6998771E+01 -8.9958501E+00 -5.9212830E+00
2026 07 23 17 31 00 000 -1.7003357E+01 -8.9984100E+00 -5.9232177E+00
2026 07 23 17 31 30 000 -1.7007941E+01 -9.0009690E+00 -5.9251528E+00
2026 07 23 17 32 00 000 -1.7012522E+01 -9.0035273E+00 -5.9270883E+00
2026 07 23 17 32 30 000 -1.7017099E+01 -9.0060848E+00 -5.9290242E+00
2026 07 23 17 33 00 000 -1.7021674E+01 -9.0086416E+00 -5.9309605E+00
2026 07 23 17 33 30 000 -1.7026246E+01 -9.0111976E+00 -5.9328971E+00
2026 07 23 17 34 00 000 -1.7030816E+01 -9.0137529E+00 -5.9348340E+00
2026 07 23 17 34 30 000 -1.7035382E+01 -9.0163075E+00 -5.9367713E+00
2026 07 23 17 35 00 000 -1.7039946E+01 -9.0188614E+00 -5.9387089E+00
2026 07 23 17 35 30 000 -1.7044507E+01 -9.0214146E+00 -5.9406467E+00
2026 07 23 17 36 00 000 -1.7049065E+01 -9.0239671E+00 -5.9425847E+00
2026 07 23 17 36 30 000 -1.7053620E+01 -9.0265190E+00 -5.9445230E+00
2026 07 23 17 37 00 000 -1.7058172E+01 -9.0290702E+00 -5.9464615E+00
2026 07 23 17 37 30 000 -1.7062722E+01 -9.0316209E+00 -5.9484001E+00
2026 07 23 17 38 00 000 -1.7067269E+01 -9.0341709E+00 -5.9503389E+00
2026 07 23 17 38 30 000 -1.7071813E+01 -9.0367203E+00 -5.9522778E+00
2026 07 23 17 39 00 000 -1.7076354E+01 -9.0392691E+00 -5.9542168E+00
2026 07 23 17 39 30 000 -1.7080892E+01 -9.0418174E+00 -5.9561559E+00
2026 07 23 17 40 00 000 -1.7085428E+01 -9.0443651E+00 -5.9580951E+00
2026 07 23 17 40 30 000 -1.7089960E+01 -9.0469123E+00 -5.9600343E+00
2026 07 23 17 41 00 000 -1.7094490E+01 -9.0494590E+00 -5.9619735E+00
2026 07 23 17 41 30 000 -1.7099017E+01 -9.0520051E+00 -5.9639128E+00
2026 07 23 17 42 00 000 -1.7103542E+01 -9.0545508E+00 -5.9658519E+00
2026 07 23 17 42 30 000 -1.7108063E+01 -9.0570959E+00 -5.9677911E+00
2026 07 23 17 43 00 000 -1.7112582E+01 -9.0596406E+00 -5.9697301E+00
2026 07 23 17 43 30 000 -1.7117098E+01 -9.0621849E+00 -5.9716691E+00
2026 07 23 17 44 00 000 -1.7121611E+01 -9.0647287E+00 -5.9736079E+00
2026 07 23 17 44 30 000 -1.7126121E+01 -9.0672721E+00 -5.9755466E+00
2026 07 23 17 45 00 000 -1.7130629E+01 -9.0698151E+00 -5.9774852E+00
2026 07 23 17 45 30 000 -1.7135134E+01 -9.0723577E+00 -5.9794235E+00
2026 07 23 17 46 00 000 -1.7139636E+01 -9.0748999E+00 -5.9813617E+00
2026 07 23 17 46 30 000 -1.7144135E+01 -9.0774417E+00 -5.9832996E+00
2026 07 23 17 47 00 000 -1.7148631E+01 -9.0799832E+00 -5.9852372E+00
2026 07 23 17 47 30 000 -1.7153125E+01 -9.0825244E+00 -5.9871746E+00
2026 07 23 17 48 00 000 -1.7157616E+01 -9.0850652E+00 -5.9891117E+00
2026 07 23 17 48 30 000 -1.7162104E+01 -9.0876058E+00 -5.9910484E+00
2026 07 23 17 49 00 000 -1.7166589E+01 -9.0901460E+00 -5.9929849E+00
2026 07 23 17 49 30 000 -1.7171071E+01 -9.0926860E+00 -5.9949209E+00
2026 07 23 17 50 00 000 -1.7175551E+01 -9.0952257E+00 -5.9968566E+00
2026 07 23 17 50 30 000 -1.7180028E+01 -9.0977651E+00 -5.9987918E+00
2026 07 23 17 51 00 000 -1.7184502E+01 -9.1003043E+00 -6.0007266E+00
2026 07 23 17 51 30 000 -1.7188974E+01 -9.1028433E+00 -6.0026610E+00
2026 07 23 17 52 00 000 -1.7193442E+01 -9.1053821E+00 -6.0045949E+00
2026 07 23 17 52 30 000 -1.7197908E+01 -9.1079207E+00 -6.0065282E+00
2026 07 23 17 53 00 000 -1.7202371E+01 -9.1104591E+00 -6.0084611E+00
2026 07 23 17 53 30 000 -1.7206832E+01 -9.1129974E+00 -6.0103934E+00
2026 07 23 17 54 00 000 -1.7211289E+01 -9.1155355E+00 -6.0123251E+00
2026 07 23 17 54 30 000 -1.7215744E+01 -9.1180735E+00 -6.0142563E+00
2026 07 23 17 55 00 000 -1.7220196E+01 -9.1206113E+00 -6.0161868E+00
2026 07 23 17 55 30 000 -1.7224646E+01 -9.1231491E+00 -6.0181167E+00
2026 07 23 17 56 00 000 -1.7229092E+01 -9.1256867E+00 -6.0200459E+00
2026 07 23 17 56 30 000 -1.7233536E+01 -9.1282243E+00 -6.0219745E+00
2026 07 23 17 57 00 000 -1.7237977E+01 -9.1307619E+00 -6.0239023E+00
2026 07 23 17 57 30 000 -1.7242415E+01 -9.1332993E+00 -6.0258295E+00
2026 07 23 17 58 00 000 -1.7246851E+01 -9.1358368E+00 -6.0277559E+00
2026 07 23 17 58 30 000 -1.7251284E+01 -9.1383742E+00 -6.0296815E+00
2026 07 23 17 59 00 000 -1.7255714E+01 -9.1409116E+00 -6.0316063E+00
2026 07 23 17 59 30 000 -1.7260141E+01 -9.1434491E+00 -6.0335303E+00
2026 07 23 18 00 00 000 -1.7264565E+01 -9.1459865E+00 -6.0354534E+00
2026 07 23 18 00 30 000 -1.7268987E+01 -9.1485240E+00 -6.0373757E+00
2026 07 23 18 01 00 000 -1.7273406E+01 -9.1510616E+00 -6.0392971E+00
2026 07 23 18 01 30 000 -1.7277823E+01 -9.1535992E+00 -6.0412177E+00
2026 07 23 18 02 00 000 -1.7282236E+01 -9.1561369E+00 -6.0431372E+00
2026 07 23 18 02 30 000 -1.7286647E+01 -9.1586747E+00 -6.0450559E+00
2026 07 23 18 03 00 000 -1.7291055E+01 -9.1612127E+00 -6.0469735E+00
2026 07 23 18 03 30 000 -1.7295461E+01 -9.1637507E+00 -6.0488902E+00
2026 07 23 18 04 00 000 -1.7299863E+01 -9.1662889E+00 -6.0508059E+00
2026 07 23 18 04 30 000 -1.7304263E+01 -9.1688272E+00 -6.0527205E+00
2026 07 23 18 05 00 000 -1.7308660E+01 -9.1713657E+00 -6.0546340E+00
2026 07 23 18 05 30 000 -1.7313055E+01 -9.1739044E+00 -6.0565465E+00
2026 07 23 18 06 00 000 -1.7317447E+01 -9.1764433E+00 -6.0584578E+00
2026 07 23 18 06 30 000 -1.7321836E+01 -9.1789824E+00 -6.0603681E+00
2026 07 23 18 07 00 000 -1.7326222E+01 -9.1815218E+00 -6.0622771E+00
2026 07 23 18 07 30 000 -1.7330605E+01 -9.1840614E+00 -6.0641851E+00
2026 07 23 18 08 00 000 -1.7334986E+01 -9.1866012E+00 -6.0660918E+00
2026 07 23 18 08 30 000 -1.7339364E+01 -9.1891413E+00 -6.0679972E+00
2026 07 23 18 09 00 000 -1.7343740E+01 -9.1916817E+00 -6.0699015E+00
2026 07 23 18 09 30 000 -1.7348113E+01 -9.1942224E+00 -6.0718045E+00
2026 07 23 18 10 00 000 -1.7352483E+01 -9.1967634E+00 -6.0737062E+00
2026 07 23 18 10 30 000 -1.7356850E+01 -9.1993047E+00 -6.0756066E+00
2026 07 23 18 11 00 000 -1.7361214E+01 -9.2018464E+00 -6.0775056E+00
2026 07 23 18 11 30 000 -1.7365576E+01 -9.2043885E+00 -6.0794034E+00
2026 07 23 18 12 00 000 -1.7369935E+01 -9.2069309E+00 -6.0812997E+00
2026 07 23 18 12 30 000 -1.7374292E+01 -9.2094737E+00 -6.0831946E+00
2026 07 23 18 13 00 000 -1.7378645E+01 -9.2120169E+00 -6.0850882E+00
2026 07 23 18 13 30 000 -1.7382996E+01 -9.2145605E+00 -6.0869802E+00
2026 07 23 18 14 00 000 -1.7387345E+01 -9.2171045E+00 -6.0888709E+00
2026 07 23 18 14 30 000 -1.7391690E+01 -9.2196490E+00 -6.0907600E+00
2026 07 23 18 15 00 000 -1.7396033E+01 -9.2221940E+00 -6.0926476E+00
2026 07 23 18 15 30 000 -1.7400374E+01 -9.2247394E+00 -6.0945337E+00
2026 07 23 18 16 00 000 -1.7404711E+01 -9.2272853E+00 -6.0964183E+00
2026 07 23 18 16 30 000 -1.7409046E+01 -9.2298317E+00 -6.0983012E+00
2026 07 23 18 17 00 000 -1.7413378E+01 -9.2323786E+00 -6.1001826E+00
2026 07 23 18 17 30 000 -1.7417707E+01 -9.2349261E+00 -6.1020624E+00
2026 07 23 18 18 00 000 -1.7422034E+01 -9.2374741E+00 -6.1039405E+00
2026 07 23 18 18 30 000 -1.7426358E+01 -9.2400227E+00 -6.1058170E+00
2026 07 23 18 19 00 000 -1.7430680E+01 -9.2425718E+00 -6.1076917E+00
2026 07 23 18 19 30 000 -1.7434998E+01 -9.2451215E+00 -6.1095648E+00
2026 07 23 18 20 00 000 -1.7439314E+01 -9.2476718E+00 -6.1114362E+00
2026 07 23 18 20 30 000 -1.7443628E+01 -9.2502228E+00 -6.1133058E+00
2026 07 23 18 21 00 000 -1.7447938E+01 -9.2527743E+00 -6.1151736E+00
2026 07 23 18 21 30 000 -1.7452246E+01 -9.2553265E+00 -6.1170396E+00
2026 07 23 18 22 00 000 -1.7456551E+01 -9.2578794E+00 -6.1189038E+00
2026 07 23 18 22 30 000 -1.7460854E+01 -9.2604330E+00 -6.1207662E+00
2026 07 23 18 23 00 000 -1.7465154E+01 -9.2629872E+00 -6.1226267E+00
2026 07 23 18 23 30 000 -1.7469451E+01 -9.2655421E+00 -6.1244853E+00
2026 07 23 18 24 00 000 -1.7473746E+01 -9.2680978E+00 -6.1263421E+00
2026 07 23 18 24 30 000 -1.7478037E+01 -9.2706541E+00 -6.1281969E+00
2026 07 23 18 25 00 000 -1.7482327E+01 -9.2732113E+00 -6.1300497E+00
2026 07 23 18 25 30 000 -1.7486613E+01 -9.2757692E+00 -6.1319006E+00
2026 07 23 18 26 00 000 -1.7490897E+01 -9.2783278E+00 -6.1337495E+00
2026 07 23 18 26 30 000 -1.7495178E+01 -9.2808872E+00 -6.1355964E+00
2026 07 23 18 27 00 000 -1.7499457E+01 -9.2834475E+00 -6.1374412E+00
2026 07 23 18 27 30 000 -1.7503733E+01 -9.2860085E+00 -6.1392840E+00
2026 07 23 18 28 00 000 -1.7508006E+01 -9.2885704E+00 -6.1411248E+00
2026 07 23 18 28 30 000 -1.7512276E+01 -9.2911331E+00 -6.1429634E+00
2026 07 23 18 29 00 000 -1.7516544E+01 -9.2936967E+00 -6.1447999E+00
2026 07 23 18 29 30 000 -1.7520810E+01 -9.2962612E+00 -6.1466342E+00
2026 07 23 18 30 00 000 -1.7525072E+01 -9.2988265E+00 -6.1484664E+00
2026 07 23 18 30 30 000 -1.7529332E+01 -9.3013928E+00 -6.1502964E+00
2026 07 23 18 31 00 000 -1.7533589E+01 -9.3039599E+00 -6.1521242E+00
2026 07 23 18 31 30 000 -1.7537844E+01 -9.3065280E+00 -6.1539497E+00
2026 07 23 18 32 00 000 -1.7542096E+01 -9.3090970E+00 -6.1557731E+00
2026 07 23 18 32 30 000 -1.7546345E+01 -9.3116670E+00 -6.1575941E+00
2026 07 23 18 33 00 000 -1.7550592E+01 -9.3142380E+00 -6.1594128E+00
2026 07 23 18 33 30 000 -1.7554836E+01 -9.3168099E+00 -6.1612292E+00
2026 07 23 18 34 00 000 -1.7559077E+01 -9.3193828E+00 -6.1630433E+00
2026 07 23 18 34 30 000 -1.7563316E+01 -9.3219568E+00 -6.1648551E+00
2026 07 23 18 35 00 000 -1.7567552E+01 -9.3245318E+00 -6.1666644E+00
2026 07 23 18 35 30 000 -1.7571785E+01 -9.3271078E+00 -6.1684713E+00
2026 07 23 18 36 00 000 -1.7576016E+01 -9.3296848E+00 -6.1702759E+00
2026 07 23 18 36 30 000 -1.7580244E+01 -9.3322630E+00 -6.1720779E+00
2026 07 23 18 37 00 000 -1.7584470E+01 -9.3348422E+00 -6.1738775E+00
2026 07 23 18 37 30 000 -1.7588693E+01 -9.3374225E+00 -6.1756747E+00
2026 07 23 18 38 00 000 -1.7592913E+01 -9.3400039E+00 -6.1774693E+00
2026 07 23 18 38 30 000 -1.7597131E+01 -9.3425865E+00 -6.1792613E+00
2026 07 23 18 39 00 000 -1.7601346E+01 -9.3451701E+00 -6.1810509E+00
2026 07 23 18 39 30 000 -1.7605558E+01 -9.3477549E+00 -6.1828378E+00
2026 07 23 18 40 00 000 -1.7609768E+01 -9.3503409E+00 -6.1846222E+00
2026 07 23 18 40 30 000 -1.7613975E+01 -9.3529281E+00 -6.1864039E+00
2026 07 23 18 41 00 000 -1.7618179E+01 -9.3555165E+00 -6.1881830E+00
2026 07 23 18 41 30 000 -1.7622381E+01 -9.3581061E+00 -6.1899594E+00
2026 07 23 18 42 00 000 -1.7626580E+01 -9.3606969E+00 -6.1917332E+00
2026 07 23 18 42 30 000 -1.7630777E+01 -9.3632889E+00 -6.1935043E+00
2026 07 23 18 43 00 000 -1.7634971E+01 -9.3658822E+00 -6.1952726E+00
2026 07 23 18 43 30 000 -1.7639162E+01 -9.3684767E+00 -6.1970382E+00
2026 07 23 18 44 00 000 -1.7643351E+01 -9.3710725E+00 -6.1988010E+00
2026 07 23 18 44 30 000 -1.7647537E+01 -9.3736696E+00 -6.2005610E+00
2026 07 23 18 45 00 000 -1.7651720E+01 -9.3762680E+00 -6.2023183E+00
2026 07 23 18 45 30 000 -1.7655901E+01 -9.3788677E+00 -6.2040727E+00
2026 07 23 18 46 00 000 -1.7660080E+01 -9.3814688E+00 -6.2058242E+00
2026 07 23 18 46 30 000 -1.7664255E+01 -9.3840711E+00 -6.2075729E+00
2026 07 23 18 47 00 000 -1.7668428E+01 -9.3866749E+00 -6.2093187E+00
2026 07 23 18 47 30 000 -1.7672599E+01 -9.3892800E+00 -6.2110616E+00
2026 07 23 18 48 00 000 -1.7676766E+01 -9.3918865E+00 -6.2128015E+00
2026 07 23 18 48 30 000 -1.7680932E+01 -9.3944944E+00 -6.2145385E+00
2026 07 23 18 49 00 000 -1.7685094E+01 -9.3971037E+00 -6.2162725E+00
2026 07 23 18 49 30 000 -1.7689254E+01 -9.3997145E+00 -6.2180035E+00
2026 07 23 18 50 00 000 -1.7693412E+01 -9.4023266E+00 -6.2197315E+00
2026 07 23 18 50 30 000 -1.7697567E+01 -9.4049403E+00 -6.2214565E+00
2026 07 23 18 51 00 000 -1.7701719E+01 -9.4075553E+00 -6.2231784E+00
2026 07 23 18 51 30 000 -1.7705868E+01 -9.4101719E+00 -6.2248972E+00
2026 07 23 18 52 00 000 -1.7710015E+01 -9.4127900E+00 -6.2266129E+00
2026 07 23 18 52 30 000 -1.7714160E+01 -9.4154095E+00 -6.2283255E+00
2026 07 23 18 53 00 000 -1.7718302E+01 -9.4180306E+00 -6.2300349E+00
2026 07 23 18 53 30 000 -1.7722441E+01 -9.4206532E+00 -6.2317412E+00
2026 07 23 18 54 00 000 -1.7726577E+01 -9.4232774E+00 -6.2334443E+00
2026 07 23 18 54 30 000 -1.7730711E+01 -9.4259031E+00 -6.2351442E+00
2026 07 23 18 55 00 000 -1.7734843E+01 -9.4285304E+00 -6.2368409E+00
2026 07 23 18 55 30 000 -1.7738972E+01 -9.4311593E+00 -6.2385343E+00
2026 07 23 18 56 00 000 -1.7743098E+01 -9.4337897E+00 -6.2402245E+00
2026 07 23 18 56 30 000 -1.7747222E+01 -9.4364218E+00 -6.2419114E+00
2026 07 23 18 57 00 000 -1.7751343E+01 -9.4390555E+00 -6.2435949E+00
2026 07 23 18 57 30 000 -1.7755461E+01 -9.4416909E+00 -6.2452751E+00
2026 07 23 18 58 00 000 -1.7759577E+01 -9.4443279E+00 -6.2469520E+00
2026 07 23 18 58 30 000 -1.7763691E+01 -9.4469665E+00 -6.2486256E+00
2026 07 23 18 59 00 000 -1.7767801E+01 -9.4496069E+00 -6.2502957E+00
2026 07 23 18 59 30 000 -1.7771910E+01 -9.4522489E+00 -6.2519624E+00
2026 07 23 19 00 00 000 -1.7776015E+01 -9.4548926E+00 -6.2536257E+00
2026 07 23 19 00 30 000 -1.7780118E+01 -9.4575381E+00 -6.2552855E+00
2026 07 23 19 01 00 000 -1.7784219E+01 -9.4601853E+00 -6.2569419E+00
2026 07 23 19 01 30 000 -1.7788317E+01 -9.4628342E+00 -6.2585948E+00
2026 07 23 19 02 00 000 -1.7792412E+01 -9.4654849E+00 -6.2602441E+00
2026 07 23 19 02 30 000 -1.7796505E+01 -9.4681373E+00 -6.2618900E+00
2026 07 23 19 03 00 000 -1.7800595E+01 -9.4707916E+00 -6.2635322E+00
2026 07 23 19 03 30 000 -1.7804682E+01 -9.4734476E+00 -6.2651709E+00
2026 07 23 19 04 00 000 -1.7808767E+01 -9.4761054E+00 -6.2668060E+00
2026 07 23 19 04 30 000 -1.7812850E+01 -9.4787651E+00 -6.2684375E+00
2026 07 23 19 05 00 000 -1.7816930E+01 -9.4814265E+00 -6.2700654E+00
2026 07 23 19 05 30 000 -1.7821007E+01 -9.4840899E+00 -6.2716896E+00
2026 07 23 19 06 00 000 -1.7825082E+01 -9.4867551E+00 -6.2733102E+00
2026 07 23 19 06 30 000 -1.7829154E+01 -9.4894221E+00 -6.2749270E+00
2026 07 23 19 07 00 000 -1.7833224E+01 -9.4920911E+00 -6.2765401E+00
2026 07 23 19 07 30 000 -1.7837291E+01 -9.4947619E+00 -6.2781495E+00
2026 07 23 19 08 00 000 -1.7841356E+01 -9.4974347E+00 -6.2797552E+00
2026 07 23 19 08 30 000 -1.7845418E+01 -9.5001094E+00 -6.2813570E+00
2026 07 23 19 09 00 000 -1.7849477E+01 -9.5027860E+00 -6.2829551E+00
2026 07 23 19 09 30 000 -1.7853534E+01 -9.5054645E+00 -6.2845494E+00
2026 07 23 19 10 00 000 -1.7857588E+01 -9.5081451E+00 -6.2861398E+00
2026 07 23 19 10 30 000 -1.7861640E+01 -9.5108276E+00 -6.2877264E+00
2026 07 23 19 11 00 000 -1.7865690E+01 -9.5135120E+00 -6.2893091E+00
2026 07 23 19 11 30 000 -1.7869736E+01 -9.5161985E+00 -6.2908879E+00
2026 07 23 19 12 00 000 -1.7873780E+01 -9.5188870E+00 -6.2924628E+00
2026 07 23 19 12 30 000 -1.7877822E+01 -9.5215775E+00 -6.2940338E+00
2026 07 23 19 13 00 000 -1.7881861E+01 -9.5242701E+00 -6.2956008E+00
2026 07 23 19 13 30 000 -1.7885898E+01 -9.5269647E+00 -6.2971639E+00
2026 07 23 19 14 00 000 -1.7889932E+01 -9.5296613E+00 -6.2987229E+00
2026 07 23 19 14 30 000 -1.7893963E+01 -9.5323601E+00 -6.3002780E+00
2026 07 23 19 15 00 000 -1.7897992E+01 -9.5350609E+00 -6.3018290E+00
2026 07 23 19 15 30 000 -1.7902018E+01 -9.5377638E+00 -6.3033760E+00
2026 07 23 19 16 00 000 -1.7906042E+01 -9.5404688E+00 -6.3049189E+00
2026 07 23 19 16 30 000 -1.7910064E+01 -9.5431760E+00 -6.3064577E+00
2026 07 23 19 17 00 000 -1.7914082E+01 -9.5458853E+00 -6.3079924E+00
2026 07 23 19 17 30 000 -1.7918099E+01 -9.5485967E+00 -6.3095229E+00
2026 07 23 19 18 00 000 -1.7922112E+01 -9.5513103E+00 -6.3110494E+00
2026 07 23 19 18 30 000 -1.7926124E+01 -9.5540260E+00 -6.3125716E+00
2026 07 23 19 19 00 000 -1.7930132E+01 -9.5567440E+00 -6.3140897E+00
2026 07 23 19 19 30 000 -1.7934138E+01 -9.5594641E+00 -6.3156036E+00
2026 07 23 19 20 00 000 -1.7938142E+01 -9.5621865E+00 -6.3171132E+00
2026 07 23 19 20 30 000 -1.7942143E+01 -9.5649110E+00 -6.3186186E+00
2026 07 23 19 21 00 000 -1.7946142E+01 -9.5676378E+00 -6.3201198E+00
2026 07 23 19 21 30 000 -1.7950138E+01 -9.5703669E+00 -6.3216166E+00
2026 07 23 19 22 00 000 -1.7954131E+01 -9.5730982E+00 -6.3231092E+00
2026 07 23 19 22 30 000 -1.7958122E+01 -9.5758317E+00 -6.3245974E+00
2026 07 23 19 23 00 000 -1.7962111E+01 -9.5785676E+00 -6.3260813E+00
2026 07 23 19 23 30 000 -1.7966097E+01 -9.5813057E+00 -6.3275609E+00
2026 07 23 19 24 00 000 -1.7970080E+01 -9.5840462E+00 -6.3290360E+00
2026 07 23 19 24 30 000 -1.7974061E+01 -9.5867889E+00 -6.3305068E+00
2026 07 23 19 25 00 000 -1.7978039E+01 -9.5895340E+00 -6.3319731E+00
2026 07 23 19 25 30 000 -1.7982015E+01 -9.5922814E+00 -6.3334351E+00
2026 07 23 19 26 00 000 -1.7985989E+01 -9.5950312E+00 -6.3348925E+00
2026 07 23 19 26 30 000 -1.7989960E+01 -9.5977833E+00 -6.3363455E+00
2026 07 23 19 27 00 000 -1.7993928E+01 -9.6005378E+00 -6.3377940E+00
2026 07 23 19 27 30 000 -1.7997894E+01 -9.6032947E+00 -6.3392380E+00
2026 07 23 19 28 00 000 -1.8001857E+01 -9.6060540E+00 -6.3406775E+00
2026 07 23 19 28 30 000 -1.8005818E+01 -9.6088157E+00 -6.3421124E+00
2026 07 23 19 29 00 000 -1.8009777E+01 -9.6115798E+00 -6.3435427E+00
2026 07 23 19 29 30 000 -1.8013732E+01 -9.6143464E+00 -6.3449685E+00
2026 07 23 19 30 00 000 -1.8017686E+01 -9.6171154E+00 -6.3463896E+00
2026 07 23 19 30 30 000 -1.8021637E+01 -9.6198868E+00 -6.3478062E+00
2026 07 23 19 31 00 000 -1.8025585E+01 -9.6226607E+00 -6.3492181E+00
2026 07 23 19 31 30 000 -1.8029531E+01 -9.6254371E+00 -6.3506253E+00
2026 07 23 19 32 00 000 -1.8033474E+01 -9.6282160E+00 -6.3520278E+00
2026 07 23 19 32 30 000 -1.8037415E+01 -9.6309974E+00 -6.3534257E+00
2026 07 23 19 33 00 000 -1.8041353E+01 -9.6337813E+00 -6.3548188E+00
2026 07 23 19 33 30 000 -1.8045289E+01 -9.6365677E+00 -6.3562073E+00
2026 07 23 19 34 00 000 -1.8049223E+01 -9.6393566E+00 -6.3575909E+00
2026 07 23 19 34 30 000 -1.8053154E+01 -9.6421481E+00 -6.3589698E+00
2026 07 23 19 35 00 000 -1.8057082E+01 -9.6449422E+00 -6.3603439E+00
2026 07 23 19 35 30 000 -1.8061008E+01 -9.6477388E+00 -6.3617132E+00
2026 07 23 19 36 00 000 -1.8064931E+01 -9.6505380E+00 -6.3630777E+00
2026 07 23 19 36 30 000 -1.8068852E+01 -9.6533398E+00 -6.3644373E+00
2026 07 23 19 37 00 000 -1.8072771E+01 -9.6561442E+00 -6.3657920E+00
2026 07 23 19 37 30 000 -1.8076687E+01 -9.6589512E+00 -6.3671419E+00
2026 07 23 19 38 00 000 -1.8080600E+01 -9.6617608E+00 -6.3684869E+00
2026 07 23 19 38 30 000 -1.8084511E+01 -9.6645730E+00 -6.3698270E+00
2026 07 23 19 39 00 000 -1.8088420E+01 -9.6673879E+00 -6.3711621E+00
2026 07 23 19 39 30 000 -1.8092326E+01 -9.6702055E+00 -6.3724923E+00
2026 07 23 19 40 00 000 -1.8096230E+01 -9.6730257E+00 -6.3738175E+00
2026 07 23 19 40 30 000 -1.8100131E+01 -9.6758486E+00 -6.3751377E+00
2026 07 23 19 41 00 000 -1.8104029E+01 -9.6786742E+00 -6.3764529E+00
2026 07 23 19 41 30 000 -1.8107926E+01 -9.6815025E+00 -6.3777631E+00
2026 07 23 19 42 00 000 -1.8111819E+01 -9.6843335E+00 -6.3790683E+00
2026 07 23 19 42 30 000 -1.8115710E+01 -9.6871672E+00 -6.3803683E+00
2026 07 23 19 43 00 000 -1.8119599E+01 -9.6900037E+00 -6.3816633E+00
2026 07 23 19 43 30 000 -1.8123486E+01 -9.6928429E+00 -6.3829533E+00
2026 07 23 19 44 00 000 -1.8127369E+01 -9.6956848E+00 -6.3842380E+00
2026 07 23 19 44 30 000 -1.8131251E+01 -9.6985295E+00 -6.3855177E+00
2026 07 23 19 45 00 000 -1.8135130E+01 -9.7013770E+00 -6.3867922E+00
2026 07 23 19 45 30 000 -1.8139006E+01 -9.7042273E+00 -6.3880616E+00
2026 07 23 19 46 00 000 -1.8142880E+01 -9.7070803E+00 -6.3893257E+00
2026 07 23 19 46 30 000 -1.8146751E+01 -9.7099362E+00 -6.3905847E+00
2026 07 23 19 47 00 000 -1.8150621E+01 -9.7127948E+00 -6.3918384E+00
2026 07 23 19 47 30 000 -1.8154487E+01 -9.7156564E+00 -6.3930869E+00
2026 07 23 19 48 00 000 -1.8158351E+01 -9.7185207E+00 -6.3943302E+00
2026 07 23 19 48 30 000 -1.8162213E+01 -9.7213879E+00 -6.3955682E+00
2026 07 23 19 49 00 000 -1.8166072E+01 -9.7242579E+00 -6.3968008E+00
2026 07 23 19 49 30 000 -1.8169929E+01 -9.7271308E+00 -6.3980282E+00
2026 07 23 19 50 00 000 -1.8173783E+01 -9.7300066E+00 -6.3992503E+00
2026 07 23 19 50 30 000 -1.8177635E+01 -9.7328853E+00 -6.4004670E+00
2026 07 23 19 51 00 000 -1.8181484E+01 -9.7357668E+00 -6.4016783E+00
2026 07 23 19 51 30 000 -1.8185331E+01 -9.7386513E+00 -6.4028843E+00
2026 07 23 19 52 00 000 -1.8189176E+01 -9.7415387E+00 -6.4040849E+00
2026 07 23 19 52 30 000 -1.8193018E+01 -9.7444290E+00 -6.4052800E+00
2026 07 23 19 53 00 000 -1.8196858E+01 -9.7473223E+00 -6.4064698E+00
2026 07 23 19 53 30 000 -1.8200695E+01 -9.7502185E+00 -6.4076541E+00
2026 07 23 19 54 00 000 -1.8204529E+01 -9.7531176E+00 -6.4088329E+00
2026 07 23 19 54 30 000 -1.8208362E+01 -9.7560197E+00 -6.4100062E+00
2026 07 23 19 55 00 000 -1.8212192E+01 -9.7589248E+00 -6.4111741E+00
2026 07 23 19 55 30 000 -1.8216019E+01 -9.7618329E+00 -6.4123364E+00
2026 07 23 19 56 00 000 -1.8219844E+01 -9.7647440E+00 -6.4134932E+00
2026 07 23 19 56 30 000 -1.8223666E+01 -9.7676581E+00 -6.4146445E+00
2026 07 23 19 57 00 000 -1.8227486E+01 -9.7705752E+00 -6.4157902E+00
2026 07 23 19 57 30 000 -1.8231304E+01 -9.7734953E+00 -6.4169303E+00
2026 07 23 19 58 00 000 -1.8235119E+01 -9.7764185E+00 -6.4180648E+00
2026 07 23 19 58 30 000 -1.8238932E+01 -9.7793447E+00 -6.4191937E+00
2026 07 23 19 59 00 000 -1.8242742E+01 -9.7822739E+00 -6.4203170E+00
2026 07 23 19 59 30 000 -1.8246550E+01 -9.7852062E+00 -6.4214346E+00
2026 07 23 20 00 00 000 -1.8250356E+01 -9.7881416E+00 -6.4225465E+00
2026 07 23 20 00 30 000 -1.8254159E+01 -9.7910801E+00 -6.4236528E+00
2026 07 23 20 01 00 000 -1.8257960E+01 -9.7940216E+00 -6.4247533E+00
2026 07 23 20 01 30 000 -1.8261758E+01 -9.7969663E+00 -6.4258482E+00
2026 07 23 20 02 00 000 -1.8265553E+01 -9.7999141E+00 -6.4269373E+00
2026 07 23 20 02 30 000 -1.8269347E+01 -9.8028650E+00 -6.4280207E+00
2026 07 23 20 03 00 000 -1.8273138E+01 -9.8058190E+00 -6.4290983E+00
2026 07 23 20 03 30 000 -1.8276926E+01 -9.8087761E+00 -6.4301701E+00
2026 07 23 20 04 00 000 -1.8280712E+01 -9.8117364E+00 -6.4312361E+00
2026 07 23 20 04 30 000 -1.8284496E+01 -9.8146999E+00 -6.4322963E+00
2026 07 23 20 05 00 000 -1.8288277E+01 -9.8176665E+00 -6.4333507E+00
2026 07 23 20 05 30 000 -1.8292056E+01 -9.8206363E+00 -6.4343992E+00
2026 07 23 20 06 00 000 -1.8295832E+01 -9.8236092E+00 -6.4354419E+00
2026 07 23 20 06 30 000 -1.8299606E+01 -9.8265854E+00 -6.4364786E+00
2026 07 23 20 07 00 000 -1.8303378E+01 -9.8295648E+00 -6.4375095E+00
2026 07 23 20 07 30 000 -1.8307147E+01 -9.8325473E+00 -6.4385345E+00
2026 07 23 20 08 00 000 -1.8310914E+01 -9.8355331E+00 -6.4395535E+00
2026 07 23 20 08 30 000 -1.8314678E+01 -9.8385221E+00 -6.4405666E+00
2026 07 23 20 09 00 000 -1.8318440E+01 -9.8415144E+00 -6.4415737E+00
2026 07 23 20 09 30 000 -1.8322200E+01 -9.8445099E+00 -6.4425749E+00
2026 07 23 20 10 00 000 -1.8325957E+01 -9.8475086E+00 -6.4435700E+00
2026 07 23 20 10 30 000 -1.8329712E+01 -9.8505106E+00 -6.4445592E+00
2026 07 23 20 11 00 000 -1.8333464E+01 -9.8535159E+00 -6.4455423E+00
2026 07 23 20 11 30 000 -1.8337214E+01 -9.8565244E+00 -6.4465194E+00
2026 07 23 20 12 00 000 -1.8340961E+01 -9.8595363E+00 -6.4474904E+00
2026 07 23 20 12 30 000 -1.8344706E+01 -9.8625514E+00 -6.4484554E+00
2026 07 23 20 13 00 000 -1.8348449E+01 -9.8655698E+00 -6.4494142E+00
2026 07 23 20 13 30 000 -1.8352189E+01 -9.8685916E+00 -6.4503670E+00
2026 07 23 20 14 00 000 -1.8355927E+01 -9.8716166E+00 -6.4513136E+00
2026 07 23 20 14 30 000 -1.8359663E+01 -9.8746450E+00 -6.4522541E+00
2026 07 23 20 15 00 000 -1.8363396E+01 -9.8776768E+00 -6.4531884E+00
2026 07 23 20 15 30 000 -1.8367126E+01 -9.8807119E+00 -6.4541166E+00
2026 07 23 20 16 00 000 -1.8370855E+01 -9.8837503E+00 -6.4550386E+00
2026 07 23 20 16 30 000 -1.8374581E+01 -9.8867921E+00 -6.4559544E+00
2026 07 23 20 17 00 000 -1.8378304E+01 -9.8898372E+00 -6.4568639E+00
2026 07 23 20 17 30 000 -1.8382025E+01 -9.8928858E+00 -6.4577673E+00
2026 07 23 20 18 00 000 -1.8385744E+01 -9.8959377E+00 -6.4586644E+00
2026 07 23 20 18 30 000 -1.8389460E+01 -9.8989930E+00 -6.4595552E+00
2026 07 23 20 19 00 000 -1.8393174E+01 -9.9020517E+00 -6.4604398E+00
2026 07 23 20 19 30 000 -1.8396886E+01 -9.9051138E+00 -6.4613180E+00
2026 07 23 20 20 00 000 -1.8400595E+01 -9.9081794E+00 -6.4621900E+00
2026 07 23 20 20 30 000 -1.8404302E+01 -9.9112483E+00 -6.4630556E+00
2026 07 23 20 21 00 000 -1.8408006E+01 -9.9143207E+00 -6.4639149E+00
2026 07 23 20 21 30 000 -1.8411708E+01 -9.9173965E+00 -6.4647678E+00
2026 07 23 20 22 00 000 -1.8415408E+01 -9.9204758E+00 -6.4656144E+00
2026 07 23 20 22 30 000 -1.8419105E+01 -9.9235586E+00 -6.4664546E+00
2026 07 23 20 23 00 000 -1.8422800E+01 -9.9266447E+00 -6.4672883E+00
2026 07 23 20 23 30 000 -1.8426493E+01 -9.9297344E+00 -6.4681157E+00
2026 07 23 20 24 00 000 -1.8430183E+01 -9.9328276E+00 -6.4689366E+00
2026 07 23 20 24 30 000 -1.8433871E+01 -9.9359242E+00 -6.4697511E+00
2026 07 23 20 25 00 000 -1.8437556E+01 -9.9390243E+00 -6.4705592E+00
2026 07 23 20 25 30 000 -1.8441239E+01 -9.9421279E+00 -6.4713607E+00
2026 07 23 20 26 00 000 -1.8444920E+01 -9.9452351E+00 -6.4721558E+00
2026 07 23 20 26 30 000 -1.8448598E+01 -9.9483457E+00 -6.4729443E+00
2026 07 23 20 27 00 000 -1.8452274E+01 -9.9514599E+00 -6.4737264E+00
2026 07 23 20 27 30 000 -1.8455947E+01 -9.9545775E+00 -6.4745019E+00
2026 07 23 20 28 00 000 -1.8459618E+01 -9.9576988E+00 -6.4752708E+00
2026 07 23 20 28 30 000 -1.8463287E+01 -9.9608235E+00 -6.4760332E+00
2026 07 23 20 29 00 000 -1.8466954E+01 -9.9639519E+00 -6.4767890E+00
2026 07 23 20 29 30 000 -1.8470618E+01 -9.9670838E+00 -6.4775382E+00
2026 07 23 20 30 00 000 -1.8474279E+01 -9.9702192E+00 -6.4782808E+00
2026 07 23 20 30 30 000 -1.8477939E+01 -9.9733582E+00 -6.4790168E+00
2026 07 23 20 31 00 000 -1.8481596E+01 -9.9765008E+00 -6.4797461E+00
2026 07 23 20 31 30 000 -1.8485250E+01 -9.9796470E+00 -6.4804688E+00
2026 07 23 20 32 00 000 -1.8488903E+01 -9.9827967E+00 -6.4811848E+00
2026 07 23 20 32 30 000 -1.8492552E+01 -9.9859501E+00 -6.4818942E+00
2026 07 23 20 33 00 000 -1.8496200E+01 -9.9891071E+00 -6.4825968E+00
2026 07 23 20 33 30 000 -1.8499845E+01 -9.9922676E+00 -6.4832927E+00
2026 07 23 20 34 00 000 -1.8503488E+01 -9.9954318E+00 -6.4839819E+00
2026 07 23 20 34 30 000 -1.8507128E+01 -9.9985996E+00 -6.4846644E+00
2026 07 23 20 35 00 000 -1.8510767E+01 -1.0001771E+01 -6.4853401E+00
2026 07 23 20 35 30 000 -1.8514402E+01 -1.0004946E+01 -6.4860091E+00
2026 07 23 20 36 00 000 -1.8518036E+01 -1.0008125E+01 -6.4866712E+00
2026 07 23 20 36 30 000 -1.8521667E+01 -1.0011307E+01 -6.4873266E+00
2026 07 23 20 37 00 000 -1.8525296E+01 -1.0014493E+01 -6.4879751E+00
2026 07 23 20 37 30 000 -1.8528922E+01 -1.0017683E+01 -6.4886169E+00
2026 07 23 20 38 00 000 -1.8532546E+01 -1.0020876E+01 -6.4892517E+00
2026 07 23 20 38 30 000 -1.8536168E+01 -1.0024074E+01 -6.4898798E+00
2026 07 23 20 39 00 000 -1.8539787E+01 -1.0027274E+01 -6.4905009E+00
2026 07 23 20 39 30 000 -1.8543404E+01 -1.0030479E+01 -6.4911152E+00
2026 07 23 20 40 00 000 -1.8547019E+01 -1.0033687E+01 -6.4917226E+00
2026 07 23 20 40 30 000 -1.8550631E+01 -1.0036899E+01 -6.4923230E+00
2026 07 23 20 41 00 000 -1.8554241E+01 -1.0040114E+01 -6.4929166E+00
2026 07 23 20 41 30 000 -1.8557848E+01 -1.0043333E+01 -6.4935032E+00
2026 07 23 20 42 00 000 -1.8561454E+01 -1.0046556E+01 -6.4940829E+00
2026 07 23 20 42 30 000 -1.8565057E+01 -1.0049783E+01 -6.4946556E+00
2026 07 23 20 43 00 000 -1.8568657E+01 -1.0053013E+01 -6.4952213E+00
2026 07 23 20 43 30 000 -1.8572255E+01 -1.0056248E+01 -6.4957800E+00
2026 07 23 20 44 00 000 -1.8575851E+01 -1.0059485E+01 -6.4963317E+00
2026 07 23 20 44 30 000 -1.8579445E+01 -1.0062727E+01 -6.4968764E+00
2026 07 23 20 45 00 000 -1.8583036E+01 -1.0065972E+01 -6.4974140E+00
2026 07 23 20 45 30 000 -1.8586625E+01 -1.0069222E+01 -6.4979446E+00
2026 07 23 20 46 00 000 -1.8590212E+01 -1.0072474E+01 -6.4984682E+00
2026 07 23 20 46 30 000 -1.8593796E+01 -1.0075731E+01 -6.4989846E+00
2026 07 23 20 47 00 000 -1.8597378E+01 -1.0078992E+01 -6.4994940E+00
2026 07 23 20 47 30 000 -1.8600958E+01 -1.0082256E+01 -6.4999963E+00
2026 07 23 20 48 00 000 -1.8604535E+01 -1.0085524E+01 -6.5004914E+00
2026 07 23 20 48 30 000 -1.8608110E+01 -1.0088796E+01 -6.5009794E+00
2026 07 23 20 49 00 000 -1.8611682E+01 -1.0092071E+01 -6.5014603E+00
2026 07 23 20 49 30 000 -1.8615253E+01 -1.0095351E+01 -6.5019340E+00
2026 07 23 20 50 00 000 -1.8618821E+01 -1.0098634E+01 -6.5024006E+00
2026 07 23 20 50 30 000 -1.8622386E+01 -1.0101921E+01 -6.5028599E+00
2026 07 23 20 51 00 000 -1.8625950E+01 -1.0105212E+01 -6.5033121E+00
2026 07 23 20 51 30 000 -1.8629511E+01 -1.0108506E+01 -6.5037570E+00
2026 07 23 20 52 00 000 -1.8633069E+01 -1.0111805E+01 -6.5041948E+00
2026 07 23 20 52 30 000 -1.8636626E+01 -1.0115107E+01 -6.5046253E+00
2026 07 23 20 53 00 000 -1.8640180E+01 -1.0118413E+01 -6.5050485E+00
2026 07 23 20 53 30 000 -1.8643732E+01 -1.0121723E+01 -6.5054645E+00
2026 07 23 20 54 00 000 -1.8647281E+01 -1.0125037E+01 -6.5058732E+00
2026 07 23 20 54 30 000 -1.8650828E+01 -1.0128355E+01 -6.5062746E+00
2026 07 23 20 55 00 000 -1.8654373E+01 -1.0131677E+01 -6.5066687E+00
2026 07 23 20 55 30 000 -1.8657916E+01 -1.0135002E+01 -6.5070555E+00
2026 07 23 20 56 00 000 -1.8661456E+01 -1.0138331E+01 -6.5074349E+00
2026 07 23 20 56 30 000 -1.8664994E+01 -1.0141664E+01 -6.5078070E+00
2026 07 23 20 57 00 000 -1.8668529E+01 -1.0145001E+01 -6.5081718E+00
2026 07 23 20 57 30 000 -1.8672062E+01 -1.0148342E+01 -6.5085292E+00
2026 07 23 20 58 00 000 -1.8675593E+01 -1.0151687E+01 -6.5088792E+00
2026 07 23 20 58 30 000 -1.8679122E+01 -1.0155036E+01 -6.5092218E+00
2026 07 23 20 59 00 000 -1.8682648E+01 -1.0158388E+01 -6.5095570E+00
2026 07 23 20 59 30 000 -1.8686172E+01 -1.0161745E+01 -6.5098848E+00
2026 07 23 21 00 00 000 -1.8689694E+01 -1.0165105E+01 -6.5102052E+00
2026 07 23 21 00 30 000 -1.8693214E+01 -1.0168469E+01 -6.5105181E+00
2026 07 23 21 01 00 000 -1.8696731E+01 -1.0171838E+01 -6.5108236E+00
2026 07 23 21 01 30 000 -1.8700246E+01 -1.0175210E+01 -6.5111216E+00
2026 07 23 21 02 00 000 -1.8703758E+01 -1.0178586E+01 -6.5114121E+00
2026 07 23 21 02 30 000 -1.8707268E+01 -1.0181966E+01 -6.5116951E+00
2026 07 23 21 03 00 000 -1.8710776E+01 -1.0185350E+01 -6.5119706E+00
2026 07 23 21 03 30 000 -1.8714282E+01 -1.0188737E+01 -6.5122386E+00
2026 07 23 21 04 00 000 -1.8717785E+01 -1.0192129E+01 -6.5124990E+00
2026 07 23 21 04 30 000 -1.8721287E+01 -1.0195525E+01 -6.5127519E+00
2026 07 23 21 05 00 000 -1.8724785E+01 -1.0198924E+01 -6.5129973E+00
2026 07 23 21 05 30 000 -1.8728282E+01 -1.0202328E+01 -6.5132351E+00
2026 07 23 21 06 00 000 -1.8731776E+01 -1.0205736E+01 -6.5134653E+00
2026 07 23 21 06 30 000 -1.8735268E+01 -1.0209147E+01 -6.5136879E+00
2026 07 23 21 07 00 000 -1.8738757E+01 -1.0212562E+01 -6.5139029E+00
2026 07 23 21 07 30 000 -1.8742245E+01 -1.0215982E+01 -6.5141103E+00
2026 07 23 21 08 00 000 -1.8745730E+01 -1.0219405E+01 -6.5143100E+00
2026 07 23 21 08 30 000 -1.8749213E+01 -1.0222832E+01 -6.5145021E+00
2026 07 23 21 09 00 000 -1.8752693E+01 -1.0226264E+01 -6.5146866E+00
2026 07 23 21 09 30 000 -1.8756171E+01 -1.0229699E+01 -6.5148634E+00
2026 07 23 21 10 00 000 -1.8759647E+01 -1.0233138E+01 -6.5150325E+00
2026 07 23 21 10 30 000 -1.8763121E+01 -1.0236581E+01 -6.5151939E+00
2026 07 23 21 11 00 000 -1.8766592E+01 -1.0240029E+01 -6.5153476E+00
2026 07 23 21 11 30 000 -1.8770061E+01 -1.0243480E+01 -6.5154936E+00
2026 07 23 21 12 00 000 -1.8773528E+01 -1.0246935E+01 -6.5156318E+00
2026 07 23 21 12 30 000 -1.8776992E+01 -1.0250394E+01 -6.5157624E+00
2026 07 23 21 13 00 000 -1.8780455E+01 -1.0253857E+01 -6.5158851E+00
2026 07 23 21 13 30 000 -1.8783915E+01 -1.0257325E+01 -6.5160001E+00
2026 07 23 21 14 00 000 -1.8787372E+01 -1.0260796E+01 -6.5161074E+00
2026 07 23 21 14 30 000 -1.8790828E+01 -1.0264271E+01 -6.5162068E+00
2026 07 23 21 15 00 000 -1.8794281E+01 -1.0267750E+01 -6.5162985E+00
2026 07 23 21 15 30 000 -1.8797732E+01 -1.0271233E+01 -6.5163823E+00
2026 07 23 21 16 00 000 -1.8801180E+01 -1.0274721E+01 -6.5164583E+00
2026 07 23 21 16 30 000 -1.8804627E+01 -1.0278212E+01 -6.5165265E+00
2026 07 23 21 17 00 000 -1.8808071E+01 -1.0281707E+01 -6.5165869E+00
2026 07 23 21 17 30 000 -1.8811513E+01 -1.0285206E+01 -6.5166394E+00
2026 07 23 21 18 00 000 -1.8814952E+01 -1.0288710E+01 -6.5166840E+00
2026 07 23 21 18 30 000 -1.8818389E+01 -1.0292217E+01 -6.5167207E+00
2026 07 23 21 19 00 000 -1.8821824E+01 -1.0295728E+01 -6.5167496E+00
2026 07 23 21 19 30 000 -1.8825257E+01 -1.0299244E+01 -6.5167705E+00
2026 07 23 21 20 00 000 -1.8828687E+01 -1.0302763E+01 -6.5167835E+00
2026 07 23 21 20 30 000 -1.8832116E+01 -1.0306287E+01 -6.5167887E+00
2026 07 23 21 21 00 000 -1.8835542E+01 -1.0309814E+01 -6.5167858E+00
2026 07 23 21 21 30 000 -1.8838965E+01 -1.0313346E+01 -6.5167750E+00
2026 07 23 21 22 00 000 -1.8842387E+01 -1.0316881E+01 -6.5167563E+00
2026 07 23 21 22 30 000 -1.8845806E+01 -1.0320421E+01 -6.5167296E+00
2026 07 23 21 23 00 000 -1.8849223E+01 -1.0323965E+01 -6.5166949E+00
2026 07 23 21 23 30 000 -1.8852637E+01 -1.0327512E+01 -6.5166522E+00
2026 07 23 21 24 00 000 -1.8856050E+01 -1.0331064E+01 -6.5166015E+00
2026 07 23 21 24 30 000 -1.8859460E+01 -1.0334620E+01 -6.5165428E+00
2026 07 23 21 25 00 000 -1.8862868E+01 -1.0338180E+01 -6.5164761E+00
2026 07 23 21 25 30 000 -1.8866273E+01 -1.0341744E+01 -6.5164013E+00
2026 07 23 21 26 00 000 -1.8869677E+01 -1.0345312E+01 -6.5163185E+00
2026 07 23 21 26 30 000 -1.8873078E+01 -1.0348884E+01 -6.5162276E+00
2026 07 23 21 27 00 000 -1.8876477E+01 -1.0352460E+01 -6.5161287E+00
2026 07 23 21 27 30 000 -1.8879873E+01 -1.0356040E+01 -6.5160217E+00
2026 07 23 21 28 00 000 -1.8883268E+01 -1.0359625E+01 -6.5159066E+00
2026 07 23 21 28 30 000 -1.8886660E+01 -1.0363213E+01 -6.5157833E+00
2026 07 23 21 29 00 000 -1.8890050E+01 -1.0366806E+01 -6.5156520E+00
2026 07 23 21 29 30 000 -1.8893437E+01 -1.0370402E+01 -6.5155125E+00
2026 07 23 21 30 00 000 -1.8896823E+01 -1.0374003E+01 -6.5153649E+00
2026 07 23 21 30 30 000 -1.8900206E+01 -1.0377607E+01 -6.5152092E+00
2026 07 23 21 31 00 000 -1.8903587E+01 -1.0381216E+01 -6.5150453E+00
2026 07 23 21 31 30 000 -1.8906965E+01 -1.0384829E+01 -6.5148732E+00
2026 07 23 21 32 00 000 -1.8910342E+01 -1.0388446E+01 -6.5146930E+00
2026 07 23 21 32 30 000 -1.8913716E+01 -1.0392067E+01 -6.5145045E+00
2026 07 23 21 33 00 000 -1.8917088E+01 -1.0395692E+01 -6.5143079E+00
2026 07 23 21 33 30 000 -1.8920458E+01 -1.0399321E+01 -6.5141031E+00
2026 07 23 21 34 00 000 -1.8923825E+01 -1.0402954E+01 -6.5138900E+00
2026 07 23 21 34 30 000 -1.8927190E+01 -1.0406592E+01 -6.5136687E+00
2026 07 23 21 35 00 000 -1.8930553E+01 -1.0410233E+01 -6.5134392E+00
2026 07 23 21 35 30 000 -1.8933914E+01 -1.0413878E+01 -6.5132014E+00
2026 07 23 21 36 00 000 -1.8937273E+01 -1.0417528E+01 -6.5129553E+00
2026 07 23 21 36 30 000 -1.8940629E+01 -1.0421182E+01 -6.5127010E+00
2026 07 23 21 37 00 000 -1.8943983E+01 -1.0424840E+01 -6.5124384E+00
2026 07 23 21 37 30 000 -1.8947335E+01 -1.0428501E+01 -6.5121675E+00
2026 07 23 21 38 00 000 -1.8950685E+01 -1.0432167E+01 -6.5118883E+00
2026 07 23 21 38 30 000 -1.8954032E+01 -1.0435837E+01 -6.5116008E+00
2026 07 23 21 39 00 000 -1.8957377E+01 -1.0439512E+01 -6.5113049E+00
2026 07 23 21 39 30 000 -1.8960720E+01 -1.0443190E+01 -6.5110007E+00
2026 07 23 21 40 00 000 -1.8964061E+01 -1.0446872E+01 -6.5106882E+00
2026 07 23 21 40 30 000 -1.8967399E+01 -1.0450559E+01 -6.5103673E+00
2026 07 23 21 41 00 000 -1.8970735E+01 -1.0454249E+01 -6.5100381E+00
2026 07 23 21 41 30 000 -1.8974069E+01 -1.0457944E+01 -6.5097005E+00
2026 07 23 21 42 00 000 -1.8977401E+01 -1.0461642E+01 -6.5093545E+00
2026 07 23 21 42 30 000 -1.8980731E+01 -1.0465345E+01 -6.5090001E+00
2026 07 23 21 43 00 000 -1.8984058E+01 -1.0469052E+01 -6.5086373E+00
2026 07 23 21 43 30 000 -1.8987383E+01 -1.0472763E+01 -6.5082660E+00
2026 07 23 21 44 00 000 -1.8990706E+01 -1.0476478E+01 -6.5078864E+00
2026 07 23 21 44 30 000 -1.8994027E+01 -1.0480198E+01 -6.5074983E+00
2026 07 23 21 45 00 000 -1.8997345E+01 -1.0483921E+01 -6.5071018E+00
2026 07 23 21 45 30 000 -1.9000662E+01 -1.0487648E+01 -6.5066968E+00
2026 07 23 21 46 00 000 -1.9003976E+01 -1.0491380E+01 -6.5062834E+00
2026 07 23 21 46 30 000 -1.9007288E+01 -1.0495115E+01 -6.5058615E+00
2026 07 23 21 47 00 000 -1.9010597E+01 -1.0498855E+01 -6.5054311E+00
2026 07 23 21 47 30 000 -1.9013905E+01 -1.0502599E+01 -6.5049922E+00
2026 07 23 21 48 00 000 -1.9017210E+01 -1.0506347E+01 -6.5045448E+00
2026 07 23 21 48 30 000 -1.9020513E+01 -1.0510099E+01 -6.5040889E+00
2026 07 23 21 49 00 000 -1.9023814E+01 -1.0513855E+01 -6.5036245E+00
2026 07 23 21 49 30 000 -1.9027112E+01 -1.0517615E+01 -6.5031515E+00
2026 07 23 21 50 00 000 -1.9030409E+01 -1.0521379E+01 -6.5026700E+00
2026 07 23 21 50 30 000 -1.9033703E+01 -1.0525148E+01 -6.5021799E+00
2026 07 23 21 51 00 000 -1.9036995E+01 -1.0528920E+01 -6.5016813E+00
2026 07 23 21 51 30 000 -1.9040285E+01 -1.0532697E+01 -6.5011742E+00
2026 07 23 21 52 00 000 -1.9043572E+01 -1.0536478E+01 -6.5006584E+00
2026 07 23 21 52 30 000 -1.9046857E+01 -1.0540262E+01 -6.5001340E+00
2026 07 23 21 53 00 000 -1.9050141E+01 -1.0544051E+01 -6.4996011E+00
2026 07 23 21 53 30 000 -1.9053422E+01 -1.0547844E+01 -6.4990596E+00
2026 07 23 21 54 00 000 -1.9056700E+01 -1.0551641E+01 -6.4985094E+00
2026 07 23 21 54 30 000 -1.9059977E+01 -1.0555442E+01 -6.4979506E+00
2026 07 23 21 55 00 000 -1.9063251E+01 -1.0559248E+01 -6.4973832E+00
2026 07 23 21 55 30 000 -1.9066523E+01 -1.0563057E+01 -6.4968071E+00
2026 07 23 21 56 00 000 -1.9069793E+01 -1.0566871E+01 -6.4962224E+00
2026 07 23 21 56 30 000 -1.9073061E+01 -1.0570688E+01 -6.4956290E+00
2026 07 23 21 57 00 000 -1.9076327E+01 -1.0574510E+01 -6.4950269E+00
2026 07 23 21 57 30 000 -1.9079590E+01 -1.0578335E+01 -6.4944162E+00
2026 07 23 21 58 00 000 -1.9082851E+01 -1.0582165E+01 -6.4937968E+00
2026 07 23 21 58 30 000 -1.9086110E+01 -1.0585999E+01 -6.4931687E+00
2026 07 23 21 59 00 000 -1.9089367E+01 -1.0589837E+01 -6.4925318E+00
2026 07 23 21 59 30 000 -1.9092622E+01 -1.0593679E+01 -6.4918863E+00
2026 07 23 22 00 00 000 -1.9095874E+01 -1.0597525E+01 -6.4912320E+00
2026 07 23 22 00 30 000 -1.9099124E+01 -1.0601375E+01 -6.4905690E+00
2026 07 23 22 01 00 000 -1.9102372E+01 -1.0605230E+01 -6.4898973E+00
2026 07 23 22 01 30 000 -1.9105618E+01 -1.0609088E+01 -6.4892168E+00
2026 07 23 22 02 00 000 -1.9108862E+01 -1.0612950E+01 -6.4885275E+00
2026 07 23 22 02 30 000 -1.9112103E+01 -1.0616817E+01 -6.4878295E+00
2026 07 23 22 03 00 000 -1.9115342E+01 -1.0620687E+01 -6.4871227E+00
2026 07 23 22 03 30 000 -1.9118580E+01 -1.0624562E+01 -6.4864071E+00
2026 07 23 22 04 00 000 -1.9121815E+01 -1.0628441E+01 -6.4856827E+00
2026 07 23 22 04 30 000 -1.9125047E+01 -1.0632324E+01 -6.4849495E+00
2026 07 23 22 05 00 000 -1.9128278E+01 -1.0636210E+01 -6.4842075E+00
2026 07 23 22 05 30 000 -1.9131506E+01 -1.0640101E+01 -6.4834567E+00
2026 07 23 22 06 00 000 -1.9134732E+01 -1.0643996E+01 -6.4826971E+00
2026 07 23 22 06 30 000 -1.9137956E+01 -1.0647895E+01 -6.4819286E+00
2026 07 23 22 07 00 000 -1.9141178E+01 -1.0651798E+01 -6.4811512E+00
2026 07 23 22 07 30 000 -1.9144398E+01 -1.0655706E+01 -6.4803651E+00
2026 07 23 22 08 00 000 -1.9147615E+01 -1.0659617E+01 -6.4795700E+00
2026 07 23 22 08 30 000 -1.9150831E+01 -1.0663532E+01 -6.4787661E+00
2026 07 23 22 09 00 000 -1.9154044E+01 -1.0667451E+01 -6.4779533E+00
2026 07 23 22 09 30 000 -1.9157255E+01 -1.0671375E+01 -6.4771316E+00
2026 07 23 22 10 00 000 -1.9160464E+01 -1.0675302E+01 -6.4763010E+00
2026 07 23 22 10 30 000 -1.9163670E+01 -1.0679234E+01 -6.4754615E+00
2026 07 23 22 11 00 000 -1.9166875E+01 -1.0683169E+01 -6.4746131E+00
2026 07 23 22 11 30 000 -1.9170077E+01 -1.0687109E+01 -6.4737558E+00
2026 07 23 22 12 00 000 -1.9173277E+01 -1.0691052E+01 -6.4728896E+00
2026 07 23 22 12 30 000 -1.9176475E+01 -1.0695000E+01 -6.4720144E+00
2026 07 23 22 13 00 000 -1.9179671E+01 -1.0698952E+01 -6.4711302E+00
2026 07 23 22 13 30 000 -1.9182865E+01 -1.0702907E+01 -6.4702372E+00
2026 07 23 22 14 00 000 -1.9186056E+01 -1.0706867E+01 -6.4693351E+00
2026 07 23 22 14 30 000 -1.9189245E+01 -1.0710831E+01 -6.4684241E+00
2026 07 23 22 15 00 000 -1.9192432E+01 -1.0714798E+01 -6.4675041E+00
2026 07 23 22 15 30 000 -1.9195617E+01 -1.0718770E+01 -6.4665751E+00
2026 07 23 22 16 00 000 -1.9198800E+01 -1.0722746E+01 -6.4656372E+00
2026 07 23 22 16 30 000 -1.9201981E+01 -1.0726726E+01 -6.4646902E+00
2026 07 23 22 17 00 000 -1.9205159E+01 -1.0730710E+01 -6.4637342E+00
2026 07 23 22 17 30 000 -1.9208336E+01 -1.0734697E+01 -6.4627692E+00
2026 07 23 22 18 00 000 -1.9211510E+01 -1.0738689E+01 -6.4617952E+00
2026 07 23 22 18 30 000 -1.9214682E+01 -1.0742685E+01 -6.4608121E+00
2026 07 23 22 19 00 000 -1.9217852E+01 -1.0746685E+01 -6.4598200E+00
2026 07 23 22 19 30 000 -1.9221019E+01 -1.0750689E+01 -6.4588189E+00
2026 07 23 22 20 00 000 -1.9224185E+01 -1.0754697E+01 -6.4578087E+00
2026 07 23 22 20 30 000 -1.9227348E+01 -1.0758708E+01 -6.4567895E+00
2026 07 23 22 21 00 000 -1.9230509E+01 -1.0762724E+01 -6.4557611E+00
2026 07 23 22 21 30 000 -1.9233669E+01 -1.0766744E+01 -6.4547237E+00
2026 07 23 22 22 00 000 -1.9236825E+01 -1.0770768E+01 -6.4536772E+00
2026 07 23 22 22 30 000 -1.9239980E+01 -1.0774796E+01 -6.4526217E+00
2026 07 23 22 23 00 000 -1.9243133E+01 -1.0778827E+01 -6.4515570E+00
2026 07 23 22 23 30 000 -1.9246283E+01 -1.0782863E+01 -6.4504832E+00
2026 07 23 22 24 00 000 -1.9249432E+01 -1.0786903E+01 -6.4494003E+00
2026 07 23 22 24 30 000 -1.9252578E+01 -1.0790946E+01 -6.4483083E+00
2026 07 23 22 25 00 000 -1.9255722E+01 -1.0794994E+01 -6.4472071E+00
2026 07 23 22 25 30 000 -1.9258864E+01 -1.0799045E+01 -6.4460968E+00
2026 07 23 22 26 00 000 -1.9262003E+01 -1.0803101E+01 -6.4449774E+00
2026 07 23 22 26 30 000 -1.9265141E+01 -1.0807160E+01 -6.4438488E+00
2026 07 23 22 27 00 000 -1.9268276E+01 -1.0811224E+01 -6.4427110E+00
2026 07 23 22 27 30 000 -1.9271410E+01 -1.0815291E+01 -6.4415641E+00
2026 07 23 22 28 00 000 -1.9274541E+01 -1.0819362E+01 -6.4404080E+00
2026 07 23 22 28 30 000 -1.9277670E+01 -1.0823438E+01 -6.4392428E+00
2026 07 23 22 29 00 000 -1.9280797E+01 -1.0827517E+01 -6.4380683E+00
2026 07 23 22 29 30 000 -1.9283922E+01 -1.0831600E+01 -6.4368847E+00
2026 07 23 22 30 00 000 -1.9287044E+01 -1.0835687E+01 -6.4356918E+00
2026 07 23 22 30 30 000 -1.9290165E+01 -1.0839778E+01 -6.4344898E+00
2026 07 23 22 31 00 000 -1.9293283E+01 -1.0843873E+01 -6.4332785E+00
2026 07 23 22 31 30 000 -1.9296399E+01 -1.0847971E+01 -6.4320580E+00
2026 07 23 22 32 00 000 -1.9299513E+01 -1.0852074E+01 -6.4308283E+00
2026 07 23 22 32 30 000 -1.9302625E+01 -1.0856181E+01 -6.4295893E+00
2026 07 23 22 33 00 000 -1.9305735E+01 -1.0860291E+01 -6.4283411E+00
2026 07 23 22 33 30 000 -1.9308843E+01 -1.0864406E+01 -6.4270837E+00
2026 07 23 22 34 00 000 -1.9311948E+01 -1.0868524E+01 -6.4258170E+00
2026 07 23 22 34 30 000 -1.9315052E+01 -1.0872646E+01 -6.4245410E+00
2026 07 23 22 35 00 000 -1.9318153E+01 -1.0876772E+01 -6.4232558E+00
2026 07 23 22 35 30 000 -1.9321252E+01 -1.0880902E+01 -6.4219613E+00
2026 07 23 22 36 00 000 -1.9324349E+01 -1.0885036E+01 -6.4206575E+00
2026 07 23 22 36 30 000 -1.9327444E+01 -1.0889173E+01 -6.4193444E+00
2026 07 23 22 37 00 000 -1.9330537E+01 -1.0893315E+01 -6.4180220E+00
2026 07 23 22 37 30 000 -1.9333627E+01 -1.0897460E+01 -6.4166903E+00
2026 07 23 22 38 00 000 -1.9336716E+01 -1.0901609E+01 -6.4153493E+00
2026 07 23 22 38 30 000 -1.9339802E+01 -1.0905762E+01 -6.4139990E+00
2026 07 23 22 39 00 000 -1.9342886E+01 -1.0909919E+01 -6.4126394E+00
2026 07 23 22 39 30 000 -1.9345968E+01 -1.0914080E+01 -6.4112704E+00
2026 07 23 22 40 00 000 -1.9349049E+01 -1.0918245E+01 -6.4098921E+00
2026 07 23 22 40 30 000 -1.9352126E+01 -1.0922413E+01 -6.4085045E+00
2026 07 23 22 41 00 000 -1.9355202E+01 -1.0926585E+01 -6.4071075E+00
2026 07 23 22 41 30 000 -1.9358276E+01 -1.0930762E+01 -6.4057012E+00
2026 07 23 22 42 00 000 -1.9361347E+01 -1.0934941E+01 -6.4042855E+00
2026 07 23 22 42 30 000 -1.9364417E+01 -1.0939125E+01 -6.4028604E+00
2026 07 23 22 43 00 000 -1.9367484E+01 -1.0943313E+01 -6.4014260E+00
2026 07 23 22 43 30 000 -1.9370549E+01 -1.0947504E+01 -6.3999821E+00
2026 07 23 22 44 00 000 -1.9373612E+01 -1.0951699E+01 -6.3985289E+00
2026 07 23 22 44 30 000 -1.9376673E+01 -1.0955898E+01 -6.3970664E+00
2026 07 23 22 45 00 000 -1.9379732E+01 -1.0960101E+01 -6.3955944E+00
2026 07 23 22 45 30 000 -1.9382789E+01 -1.0964307E+01 -6.3941130E+00
2026 07 23 22 46 00 000 -1.9385843E+01 -1.0968517E+01 -6.3926222E+00
2026 07 23 22 46 30 000 -1.9388896E+01 -1.0972731E+01 -6.3911220E+00
2026 07 23 22 47 00 000 -1.9391946E+01 -1.0976949E+01 -6.3896123E+00
2026 07 23 22 47 30 000 -1.9394995E+01 -1.0981171E+01 -6.3880933E+00
2026 07 23 22 48 00 000 -1.9398041E+01 -1.0985396E+01 -6.3865648E+00
2026 07 23 22 48 30 000 -1.9401085E+01 -1.0989625E+01 -6.3850268E+00
2026 07 23 22 49 00 000 -1.9404127E+01 -1.0993858E+01 -6.3834795E+00
2026 07 23 22 49 30 000 -1.9407167E+01 -1.0998094E+01 -6.3819226E+00
2026 07 23 22 50 00 000 -1.9410204E+01 -1.1002335E+01 -6.3803563E+00
2026 07 23 22 50 30 000 -1.9413240E+01 -1.1006579E+01 -6.3787806E+00
2026 07 23 22 51 00 000 -1.9416274E+01 -1.1010826E+01 -6.3771954E+00
2026 07 23 22 51 30 000 -1.9419305E+01 -1.1015078E+01 -6.3756007E+00
2026 07 23 22 52 00 000 -1.9422334E+01 -1.1019333E+01 -6.3739965E+00
2026 07 23 22 52 30 000 -1.9425361E+01 -1.1023592E+01 -6.3723829E+00
2026 07 23 22 53 00 000 -1.9428387E+01 -1.1027854E+01 -6.3707597E+00
2026 07 23 22 53 30 000 -1.9431410E+01 -1.1032120E+01 -6.3691271E+00
2026 07 23 22 54 00 000 -1.9434431E+01 -1.1036390E+01 -6.3674850E+00
2026 07 23 22 54 30 000 -1.9437449E+01 -1.1040664E+01 -6.3658333E+00
2026 07 23 22 55 00 000 -1.9440466E+01 -1.1044941E+01 -6.3641722E+00
2026 07 23 22 55 30 000 -1.9443481E+01 -1.1049222E+01 -6.3625015E+00
2026 07 23 22 56 00 000 -1.9446493E+01 -1.1053507E+01 -6.3608213E+00
2026 07 23 22 56 30 000 -1.9449504E+01 -1.1057795E+01 -6.3591316E+00
2026 07 23 22 57 00 000 -1.9452512E+01 -1.1062087E+01 -6.3574323E+00
2026 07 23 22 57 30 000 -1.9455518E+01 -1.1066382E+01 -6.3557235E+00
2026 07 23 22 58 00 000 -1.9458522E+01 -1.1070682E+01 -6.3540052E+00
2026 07 23 22 58 30 000 -1.9461524E+01 -1.1074984E+01 -6.3522773E+00
2026 07 23 22 59 00 000 -1.9464524E+01 -1.1079291E+01 -6.3505398E+00
2026 07 23 22 59 30 000 -1.9467522E+01 -1.1083601E+01 -6.3487928E+00
2026 07 23 23 00 00 000 -1.9470518E+01 -1.1087915E+01 -6.3470363E+00
2026 07 23 23 00 30 000 -1.9473512E+01 -1.1092232E+01 -6.3452701E+00
2026 07 23 23 01 00 000 -1.9476503E+01 -1.1096553E+01 -6.3434944E+00
2026 07 23 23 01 30 000 -1.9479493E+01 -1.1100877E+01 -6.3417092E+00
2026 07 23 23 02 00 000 -1.9482480E+01 -1.1105205E+01 -6.3399143E+00
2026 07 23 23 02 30 000 -1.9485466E+01 -1.1109537E+01 -6.3381098E+00
2026 07 23 23 03 00 000 -1.9488449E+01 -1.1113872E+01 -6.3362958E+00
2026 07 23 23 03 30 000 -1.9491430E+01 -1.1118211E+01 -6.3344721E+00
2026 07 23 23 04 00 000 -1.9494409E+01 -1.1122553E+01 -6.3326388E+00
2026 07 23 23 04 30 000 -1.9497386E+01 -1.1126899E+01 -6.3307960E+00
2026 07 23 23 05 00 000 -1.9500361E+01 -1.1131248E+01 -6.3289435E+00
2026 07 23 23 05 30 000 -1.9503334E+01 -1.1135601E+01 -6.3270814E+00
2026 07 23 23 06 00 000 -1.9506305E+01 -1.1139958E+01 -6.3252097E+00
2026 07 23 23 06 30 000 -1.9509273E+01 -1.1144318E+01 -6.3233283E+00
2026 07 23 23 07 00 000 -1.9512240E+01 -1.1148681E+01 -6.3214373E+00
2026 07 23 23 07 30 000 -1.9515205E+01 -1.1153048E+01 -6.3195367E+00
2026 07 23 23 08 00 000 -1.9518167E+01 -1.1157419E+01 -6.3176265E+00
2026 07 23 23 08 30 000 -1.9521127E+01 -1.1161793E+01 -6.3157066E+00
2026 07 23 23 09 00 000 -1.9524086E+01 -1.1166170E+01 -6.3137770E+00
2026 07 23 23 09 30 000 -1.9527042E+01 -1.1170551E+01 -6.3118378E+00
2026 07 23 23 10 00 000 -1.9529996E+01 -1.1174936E+01 -6.3098889E+00
2026 07 23 23 10 30 000 -1.9532948E+01 -1.1179324E+01 -6.3079304E+00
2026 07 23 23 11 00 000 -1.9535898E+01 -1.1183715E+01 -6.3059622E+00
2026 07 23 23 11 30 000 -1.9538846E+01 -1.1188110E+01 -6.3039843E+00
2026 07 23 23 12 00 000 -1.9541792E+01 -1.1192508E+01 -6.3019967E+00
2026 07 23 23 12 30 000 -1.9544736E+01 -1.1196910E+01 -6.2999995E+00
2026 07 23 23 13 00 000 -1.9547677E+01 -1.1201315E+01 -6.2979926E+00
2026 07 23 23 13 30 000 -1.9550617E+01 -1.1205724E+01 -6.2959760E+00
2026 07 23 23 14 00 000 -1.9553555E+01 -1.1210136E+01 -6.2939497E+00
2026 07 23 23 14 30 000 -1.9556490E+01 -1.1214551E+01 -6.2919137E+00
2026 07 23 23 15 00 000 -1.9559424E+01 -1.1218970E+01 -6.2898680E+00
2026 07 23 23 15 30 000 -1.9562355E+01 -1.1223392E+01 -6.2878126E+00
2026 07 23 23 16 00 000 -1.9565284E+01 -1.1227818E+01 -6.2857474E+00
2026 07 23 23 16 30 000 -1.9568212E+01 -1.1232247E+01 -6.2836726E+00
2026 07 23 23 17 00 000 -1.9571137E+01 -1.1236679E+01 -6.2815881E+00
2026 07 23 23 17 30 000 -1.9574060E+01 -1.1241115E+01 -6.2794938E+00
2026 07 23 23 18 00 000 -1.9576981E+01 -1.1245554E+01 -6.2773898E+00
2026 07 23 23 18 30 000 -1.9579900E+01 -1.1249996E+01 -6.2752761E+00
2026 07 23 23 19 00 000 -1.9582817E+01 -1.1254442E+01 -6.2731526E+00
2026 07 23 23 19 30 000 -1.9585732E+01 -1.1258891E+01 -6.2710194E+00
2026 07 23 23 20 00 000 -1.9588645E+01 -1.1263343E+01 -6.2688765E+00
2026 07 23 23 20 30 000 -1.9591555E+01 -1.1267799E+01 -6.2667238E+00
2026 07 23 23 21 00 000 -1.9594464E+01 -1.1272258E+01 -6.2645613E+00
2026 07 23 23 21 30 000 -1.9597371E+01 -1.1276720E+01 -6.2623892E+00
2026 07 23 23 22 00 000 -1.9600275E+01 -1.1281186E+01 -6.2602072E+00
2026 07 23 23 22 30 000 -1.9603178E+01 -1.1285655E+01 -6.2580155E+00
2026 07 23 23 23 00 000 -1.9606078E+01 -1.1290127E+01 -6.2558140E+00
2026 07 23 23 23 30 000 -1.9608977E+01 -1.1294602E+01 -6.2536028E+00
2026 07 23 23 24 00 000 -1.9611873E+01 -1.1299081E+01 -6.2513818E+00
2026 07 23 23 24 30 000 -1.9614767E+01 -1.1303563E+01 -6.2491510E+00
2026 07 23 23 25 00 000 -1.9617660E+01 -1.1308048E+01 -6.2469105E+00
2026 07 23 23 25 30 000 -1.9620550E+01 -1.1312536E+01 -6.2446601E+00
2026 07 23 23 26 00 000 -1.9623438E+01 -1.1317028E+01 -6.2424000E+00
2026 07 23 23 26 30 000 -1.9626324E+01 -1.1321523E+01 -6.2401301E+00
2026 07 23 23 27 00 000 -1.9629208E+01 -1.1326021E+01 -6.2378504E+00
2026 07 23 23 27 30 000 -1.9632090E+01 -1.1330522E+01 -6.2355609E+00
2026 07 23 23 28 00 000 -1.9634970E+01 -1.1335026E+01 -6.2332616E+00
2026 07 23 23 28 30 000 -1.9637848E+01 -1.1339534E+01 -6.2309525E+00
2026 07 23 23 29 00 000 -1.9640724E+01 -1.1344045E+01 -6.2286336E+00
2026 07 23 23 29 30 000 -1.9643598E+01 -1.1348559E+01 -6.2263049E+00
2026 07 23 23 30 00 000 -1.9646469E+01 -1.1353076E+01 -6.2239664E+00
2026 07 23 23 30 30 000 -1.9649339E+01 -1.1357596E+01 -6.2216181E+00
2026 07 23 23 31 00 000 -1.9652207E+01 -1.1362119E+01 -6.2192599E+00
2026 07 23 23 31 30 000 -1.9655073E+01 -1.1366646E+01 -6.2168920E+00
2026 07 23 23 32 00 000 -1.9657936E+01 -1.1371175E+01 -6.2145142E+00
2026 07 23 23 32 30 000 -1.9660798E+01 -1.1375708E+01 -6.2121266E+00
2026 07 23 23 33 00 000 -1.9663657E+01 -1.1380244E+01 -6.2097291E+00
2026 07 23 23 33 30 000 -1.9666515E+01 -1.1384783E+01 -6.2073219E+00
2026 07 23 23 34 00 000 -1.9669370E+01 -1.1389325E+01 -6.2049048E+00
2026 07 23 23 34 30 000 -1.9672224E+01 -1.1393870E+01 -6.2024778E+00
2026 07 23 23 35 00 000 -1.9675075E+01 -1.1398418E+01 -6.2000410E+00
2026 07 23 23 35 30 000 -1.9677924E+01 -1.1402969E+01 -6.1975944E+00
2026 07 23 23 36 00 000 -1.9680772E+01 -1.1407523E+01 -6.1951380E+00
2026 07 23 23 36 30 000 -1.9683617E+01 -1.1412081E+01 -6.1926717E+00
2026 07 23 23 37 00 000 -1.9686460E+01 -1.1416641E+01 -6.1901955E+00
2026 07 23 23 37 30 000 -1.9689301E+01 -1.1421204E+01 -6.1877095E+00
2026 07 23 23 38 00 000 -1.9692140E+01 -1.1425771E+01 -6.1852136E+00
2026 07 23 23 38 30 000 -1.9694978E+01 -1.1430340E+01 -6.1827079E+00
2026 07 23 23 39 00 000 -1.9697813E+01 -1.1434912E+01 -6.1801923E+00
2026 07 23 23 39 30 000 -1.9700646E+01 -1.1439487E+01 -6.1776669E+00
2026 07 23 23 40 00 000 -1.9703477E+01 -1.1444066E+01 -6.1751315E+00
2026 07 23 23 40 30 000 -1.9706306E+01 -1.1448647E+01 -6.1725864E+00
2026 07 23 23 41 00 000 -1.9709133E+01 -1.1453231E+01 -6.1700313E+00
2026 07 23 23 41 30 000 -1.9711958E+01 -1.1457818E+01 -6.1674664E+00
2026 07 23 23 42 00 000 -1.9714781E+01 -1.1462408E+01 -6.1648916E+00
2026 07 23 23 42 30 000 -1.9717602E+01 -1.1467001E+01 -6.1623069E+00
2026 07 23 23 43 00 000 -1.9720420E+01 -1.1471597E+01 -6.1597124E+00
2026 07 23 23 43 30 000 -1.9723237E+01 -1.1476196E+01 -6.1571080E+00
2026 07 23 23 44 00 000 -1.9726052E+01 -1.1480798E+01 -6.1544937E+00
2026 07 23 23 44 30 000 -1.9728865E+01 -1.1485402E+01 -6.1518695E+00
2026 07 23 23 45 00 000 -1.9731676E+01 -1.1490010E+01 -6.1492354E+00
2026 07 23 23 45 30 000 -1.9734484E+01 -1.1494620E+01 -6.1465914E+00
2026 07 23 23 46 00 000 -1.9737291E+01 -1.1499234E+01 -6.1439375E+00
2026 07 23 23 46 30 000 -1.9740096E+01 -1.1503850E+01 -6.1412738E+00
2026 07 23 23 47 00 000 -1.9742899E+01 -1.1508468E+01 -6.1386001E+00
2026 07 23 23 47 30 000 -1.9745699E+01 -1.1513090E+01 -6.1359166E+00
2026 07 23 23 48 00 000 -1.9748498E+01 -1.1517715E+01 -6.1332232E+00
2026 07 23 23 48 30 000 -1.9751295E+01 -1.1522342E+01 -6.1305198E+00
2026 07 23 23 49 00 000 -1.9754089E+01 -1.1526972E+01 -6.1278066E+00
2026 07 23 23 49 30 000 -1.9756882E+01 -1.1531605E+01 -6.1250834E+00
2026 07 23 23 50 00 000 -1.9759672E+01 -1.1536241E+01 -6.1223504E+00
2026 07 23 23 50 30 000 -1.9762461E+01 -1.1540879E+01 -6.1196074E+00
2026 07 23 23 51 00 000 -1.9765248E+01 -1.1545521E+01 -6.1168546E+00
2026 07 23 23 51 30 000 -1.9768032E+01 -1.1550165E+01 -6.1140918E+00
2026 07 23 23 52 00 000 -1.9770815E+01 -1.1554811E+01 -6.1113191E+00
2026 07 23 23 52 30 000 -1.9773595E+01 -1.1559461E+01 -6.1085365E+00
2026 07 23 23 53 00 000 -1.9776374E+01 -1.1564113E+01 -6.1057440E+00
2026 07 23 23 53 30 000 -1.9779150E+01 -1.1568768E+01 -6.1029415E+00
2026 07 23 23 54 00 000 -1.9781925E+01 -1.1573425E+01 -6.1001292E+00
2026 07 23 23 54 30 000 -1.9784697E+01 -1.1578086E+01 -6.0973069E+00
2026 07 23 23 55 00 000 -1.9787468E+01 -1.1582748E+01 -6.0944747E+00
2026 07 23 23 55 30 000 -1.9790236E+01 -1.1587414E+01 -6.0916326E+00
2026 07 23 23 56 00 000 -1.9793003E+01 -1.1592082E+01 -6.0887806E+00
2026 07 23 23 56 30 000 -1.9795767E+01 -1.1596753E+01 -6.0859187E+00
2026 07 23 23 57 00 000 -1.9798529E+01 -1.1601427E+01 -6.0830468E+00
2026 07 23 23 57 30 000 -1.9801290E+01 -1.1606103E+01 -6.0801650E+00
2026 07 23 23 58 00 000 -1.9804048E+01 -1.1610782E+01 -6.0772733E+00
2026 07 23 23 58 30 000 -1.9806805E+01 -1.1615463E+01 -6.0743716E+00
2026 07 23 23 59 00 000 -1.9809559E+01 -1.1620147E+01 -6.0714600E+00
2026 07 23 23 59 30 000 -1.9812312E+01 -1.1624833E+01 -6.0685385E+00
2026 07 24 00 00 00 000 -1.9815062E+01 -1.1629523E+01 -6.0656071E+00
2026 07 24 00 00 30 000 -1.9817810E+01 -1.1634214E+01 -6.0626657E+00
2026 07 24 00 01 00 000 -1.9820557E+01 -1.1638908E+01 -6.0597144E+00
2026 07 24 00 01 30 000 -1.9823301E+01 -1.1643605E+01 -6.0567531E+00
2026 07 24 00 02 00 000 -1.9826044E+01 -1.1648304E+01 -6.0537819E+00
2026 07 24 00 02 30 000 -1.9828784E+01 -1.1653006E+01 -6.0508008E+00
2026 07 24 00 03 00 000 -1.9831523E+01 -1.1657711E+01 -6.0478098E+00
2026 07 24 00 03 30 000 -1.9834259E+01 -1.1662417E+01 -6.0448088E+00
2026 07 24 00 04 00 000 -1.9836993E+01 -1.1667127E+01 -6.0417979E+00
2026 07 24 00 04 30 000 -1.9839726E+01 -1.1671838E+01 -6.0387770E+00
2026 07 24 00 05 00 000 -1.9842456E+01 -1.1676553E+01 -6.0357462E+00
2026 07 24 00 05 30 000 -1.9845185E+01 -1.1681269E+01 -6.0327055E+00
2026 07 24 00 06 00 000 -1.9847911E+01 -1.1685988E+01 -6.0296548E+00
2026 07 24 00 06 30 000 -1.9850636E+01 -1.1690710E+01 -6.0265942E+00
2026 07 24 00 07 00 000 -1.9853358E+01 -1.1695434E+01 -6.0235237E+00
2026 07 24 00 07 30 000 -1.9856079E+01 -1.1700160E+01 -6.0204432E+00
2026 07 24 00 08 00 000 -1.9858797E+01 -1.1704889E+01 -6.0173527E+00
2026 07 24 00 08 30 000 -1.9861514E+01 -1.1709620E+01 -6.0142524E+00
2026 07 24 00 09 00 000 -1.9864228E+01 -1.1714353E+01 -6.0111420E+00
2026 07 24 00 09 30 000 -1.9866941E+01 -1.1719089E+01 -6.0080218E+00
2026 07 24 00 10 00 000 -1.9869651E+01 -1.1723828E+01 -6.0048916E+00
2026 07 24 00 10 30 000 -1.9872360E+01 -1.1728568E+01 -6.0017515E+00
2026 07 24 00 11 00 000 -1.9875066E+01 -1.1733311E+01 -5.9986014E+00
2026 07 24 00 11 30 000 -1.9877771E+01 -1.1738056E+01 -5.9954414E+00
2026 07 24 00 12 00 000 -1.9880474E+01 -1.1742804E+01 -5.9922714E+00
2026 07 24 00 12 30 000 -1.9883174E+01 -1.1747553E+01 -5.9890915E+00
2026 07 24 00 13 00 000 -1.9885873E+01 -1.1752305E+01 -5.9859016E+00
2026 07 24 00 13 30 000 -1.9888569E+01 -1.1757060E+01 -5.9827018E+00
2026 07 24 00 14 00 000 -1.9891264E+01 -1.1761816E+01 -5.9794921E+00
2026 07 24 00 14 30 000 -1.9893957E+01 -1.1766575E+01 -5.9762724E+00
2026 07 24 00 15 00 000 -1.9896647E+01 -1.1771336E+01 -5.9730428E+00
2026 07 24 00 15 30 000 -1.9899336E+01 -1.1776100E+01 -5.9698033E+00
2026 07 24 00 16 00 000 -1.9902023E+01 -1.1780865E+01 -5.9665538E+00
2026 07 24 00 16 30 000 -1.9904708E+01 -1.1785633E+01 -5.9632943E+00
2026 07 24 00 17 00 000 -1.9907390E+01 -1.1790403E+01 -5.9600250E+00
2026 07 24 00 17 30 000 -1.9910071E+01 -1.1795175E+01 -5.9567457E+00
2026 07 24 00 18 00 000 -1.9912750E+01 -1.1799949E+01 -5.9534564E+00
2026 07 24 00 18 30 000 -1.9915427E+01 -1.1804726E+01 -5.9501572E+00
2026 07 24 00 19 00 000 -1.9918102E+01 -1.1809504E+01 -5.9468481E+00
2026 07 24 00 19 30 000 -1.9920775E+01 -1.1814285E+01 -5.9435290E+00
2026 07 24 00 20 00 000 -1.9923446E+01 -1.1819068E+01 -5.9402000E+00
2026 07 24 00 20 30 000 -1.9926115E+01 -1.1823852E+01 -5.9368611E+00
2026 07 24 00 21 00 000 -1.9928781E+01 -1.1828639E+01 -5.9335122E+00
2026 07 24 00 21 30 000 -1.9931446E+01 -1.1833428E+01 -5.9301534E+00
2026 07 24 00 22 00 000 -1.9934110E+01 -1.1838220E+01 -5.9267847E+00
2026 07 24 00 22 30 000 -1.9936771E+01 -1.1843013E+01 -5.9234060E+00
2026 07 24 00 23 00 000 -1.9939430E+01 -1.1847808E+01 -5.9200174E+00
2026 07 24 00 23 30 000 -1.9942087E+01 -1.1852605E+01 -5.9166188E+00
2026 07 24 00 24 00 000 -1.9944742E+01 -1.1857405E+01 -5.9132104E+00
2026 07 24 00 24 30 000 -1.9947395E+01 -1.1862206E+01 -5.9097920E+00
2026 07 24 00 25 00 000 -1.9950046E+01 -1.1867009E+01 -5.9063636E+00
2026 07 24 00 25 30 000 -1.9952696E+01 -1.1871815E+01 -5.9029254E+00
2026 07 24 00 26 00 000 -1.9955343E+01 -1.1876622E+01 -5.8994772E+00
2026 07 24 00 26 30 000 -1.9957988E+01 -1.1881431E+01 -5.8960191E+00
2026 07 24 00 27 00 000 -1.9960632E+01 -1.1886242E+01 -5.8925511E+00
2026 07 24 00 27 30 000 -1.9963273E+01 -1.1891055E+01 -5.8890731E+00
2026 07 24 00 28 00 000 -1.9965912E+01 -1.1895871E+01 -5.8855852E+00
2026 07 24 00 28 30 000 -1.9968550E+01 -1.1900687E+01 -5.8820875E+00
2026 07 24 00 29 00 000 -1.9971185E+01 -1.1905506E+01 -5.8785797E+00
2026 07 24 00 29 30 000 -1.9973819E+01 -1.1910327E+01 -5.8750621E+00
2026 07 24 00 30 00 000 -1.9976450E+01 -1.1915150E+01 -5.8715346E+00
2026 07 24 00 30 30 000 -1.9979080E+01 -1.1919974E+01 -5.8679971E+00
2026 07 24 00 31 00 000 -1.9981708E+01 -1.1924801E+01 -5.8644497E+00
2026 07 24 00 31 30 000 -1.9984333E+01 -1.1929629E+01 -5.8608924E+00
2026 07 24 00 32 00 000 -1.9986957E+01 -1.1934459E+01 -5.8573252E+00
2026 07 24 00 32 30 000 -1.9989579E+01 -1.1939291E+01 -5.8537481E+00
2026 07 24 00 33 00 000 -1.9992199E+01 -1.1944124E+01 -5.8501611E+00
2026 07 24 00 33 30 000 -1.9994817E+01 -1.1948960E+01 -5.8465642E+00
2026 07 24 00 34 00 000 -1.9997432E+01 -1.1953797E+01 -5.8429574E+00
2026 07 24 00 34 30 000 -2.0000046E+01 -1.1958636E+01 -5.8393407E+00
2026 07 24 00 35 00 000 -2.0002658E+01 -1.1963477E+01 -5.8357140E+00
2026 07 24 00 35 30 000 -2.0005268E+01 -1.1968319E+01 -5.8320775E+00
2026 07 24 00 36 00 000 -2.0007877E+01 -1.1973163E+01 -5.8284311E+00
2026 07 24 00 36 30 000 -2.0010483E+01 -1.1978009E+01 -5.8247748E+00
2026 07 24 00 37 00 000 -2.0013087E+01 -1.1982857E+01 -5.8211086E+00
2026 07 24 00 37 30 000 -2.0015689E+01 -1.1987706E+01 -5.8174325E+00
2026 07 24 00 38 00 000 -2.0018289E+01 -1.1992557E+01 -5.8137465E+00
2026 07 24 00 38 30 000 -2.0020888E+01 -1.1997410E+01 -5.8100507E+00
2026 07 24 00 39 00 000 -2.0023484E+01 -1.2002264E+01 -5.8063449E+00
2026 07 24 00 39 30 000 -2.0026079E+01 -1.2007120E+01 -5.8026293E+00
2026 07 24 00 40 00 000 -2.0028671E+01 -1.2011977E+01 -5.7989038E+00
2026 07 24 00 40 30 000 -2.0031262E+01 -1.2016836E+01 -5.7951684E+00
2026 07 24 00 41 00 000 -2.0033850E+01 -1.2021697E+01 -5.7914231E+00
2026 07 24 00 41 30 000 -2.0036437E+01 -1.2026560E+01 -5.7876680E+00
2026 07 24 00 42 00 000 -2.0039022E+01 -1.2031423E+01 -5.7839030E+00
2026 07 24 00 42 30 000 -2.0041604E+01 -1.2036289E+01 -5.7801281E+00
2026 07 24 00 43 00 000 -2.0044185E+01 -1.2041156E+01 -5.7763434E+00
2026 07 24 00 43 30 000 -2.0046764E+01 -1.2046025E+01 -5.7725488E+00
2026 07 24 00 44 00 000 -2.0049341E+01 -1.2050895E+01 -5.7687443E+00
2026 07 24 00 44 30 000 -2.0051916E+01 -1.2055766E+01 -5.7649300E+00
2026 07 24 00 45 00 000 -2.0054489E+01 -1.2060639E+01 -5.7611058E+00
2026 07 24 00 45 30 000 -2.0057060E+01 -1.2065514E+01 -5.7572718E+00
2026 07 24 00 46 00 000 -2.0059629E+01 -1.2070390E+01 -5.7534280E+00
2026 07 24 00 46 30 000 -2.0062196E+01 -1.2075267E+01 -5.7495742E+00
2026 07 24 00 47 00 000 -2.0064762E+01 -1.2080146E+01 -5.7457107E+00
2026 07 24 00 47 30 000 -2.0067325E+01 -1.2085027E+01 -5.7418373E+00
2026 07 24 00 48 00 000 -2.0069886E+01 -1.2089908E+01 -5.7379540E+00
2026 07 24 00 48 30 000 -2.0072446E+01 -1.2094792E+01 -5.7340610E+00
2026 07 24 00 49 00 000 -2.0075003E+01 -1.2099676E+01 -5.7301581E+00
2026 07 24 00 49 30 000 -2.0077559E+01 -1.2104562E+01 -5.7262454E+00
2026 07 24 00 50 00 000 -2.0080113E+01 -1.2109450E+01 -5.7223228E+00
2026 07 24 00 50 30 000 -2.0082664E+01 -1.2114338E+01 -5.7183904E+00
2026 07 24 00 51 00 000 -2.0085214E+01 -1.2119228E+01 -5.7144482E+00
2026 07 24 00 51 30 000 -2.0087762E+01 -1.2124120E+01 -5.7104962E+00
2026 07 24 00 52 00 000 -2.0090308E+01 -1.2129012E+01 -5.7065344E+00
2026 07 24 00 52 30 000 -2.0092852E+01 -1.2133906E+01 -5.7025628E+00
2026 07 24 00 53 00 000 -2.0095394E+01 -1.2138801E+01 -5.6985813E+00
2026 07 24 00 53 30 000 -2.0097934E+01 -1.2143698E+01 -5.6945901E+00
2026 07 24 00 54 00 000 -2.0100472E+01 -1.2148596E+01 -5.6905890E+00
2026 07 24 00 54 30 000 -2.0103009E+01 -1.2153495E+01 -5.6865782E+00
2026 07 24 00 55 00 000 -2.0105543E+01 -1.2158395E+01 -5.6825576E+00
2026 07 24 00 55 30 000 -2.0108075E+01 -1.2163296E+01 -5.6785272E+00
2026 07 24 00 56 00 000 -2.0110606E+01 -1.2168199E+01 -5.6744870E+00
2026 07 24 00 56 30 000 -2.0113134E+01 -1.2173103E+01 -5.6704370E+00
2026 07 24 00 57 00 000 -2.0115661E+01 -1.2178008E+01 -5.6663772E+00
2026 07 24 00 57 30 000 -2.0118186E+01 -1.2182914E+01 -5.6623077E+00
2026 07 24 00 58 00 000 -2.0120709E+01 -1.2187821E+01 -5.6582284E+00
2026 07 24 00 58 30 000 -2.0123229E+01 -1.2192730E+01 -5.6541393E+00
2026 07 24 00 59 00 000 -2.0125748E+01 -1.2197640E+01 -5.6500405E+00
2026 07 24 00 59 30 000 -2.0128265E+01 -1.2202550E+01 -5.6459319E+00
2026 07 24 01 00 00 000 -2.0130780E+01 -1.2207462E+01 -5.6418135E+00
2026 07 24 01 00 30 000 -2.0133294E+01 -1.2212375E+01 -5.6376854E+00
2026 07 24 01 01 00 000 -2.0135805E+01 -1.2217289E+01 -5.6335476E+00
2026 07 24 01 01 30 000 -2.0138314E+01 -1.2222204E+01 -5.6294000E+00
2026 07 24 01 02 00 000 -2.0140822E+01 -1.2227120E+01 -5.6252427E+00
2026 07 24 01 02 30 000 -2.0143327E+01 -1.2232037E+01 -5.6210756E+00
2026 07 24 01 03 00 000 -2.0145831E+01 -1.2236955E+01 -5.6168988E+00
2026 07 24 01 03 30 000 -2.0148332E+01 -1.2241874E+01 -5.6127123E+00
2026 07 24 01 04 00 000 -2.0150832E+01 -1.2246795E+01 -5.6085161E+00
2026 07 24 01 04 30 000 -2.0153330E+01 -1.2251716E+01 -5.6043101E+00
2026 07 24 01 05 00 000 -2.0155826E+01 -1.2256638E+01 -5.6000945E+00
2026 07 24 01 05 30 000 -2.0158320E+01 -1.2261561E+01 -5.5958691E+00
2026 07 24 01 06 00 000 -2.0160812E+01 -1.2266485E+01 -5.5916340E+00
2026 07 24 01 06 30 000 -2.0163302E+01 -1.2271409E+01 -5.5873893E+00
2026 07 24 01 07 00 000 -2.0165790E+01 -1.2276335E+01 -5.5831348E+00
2026 07 24 01 07 30 000 -2.0168276E+01 -1.2281262E+01 -5.5788706E+00
2026 07 24 01 08 00 000 -2.0170761E+01 -1.2286189E+01 -5.5745968E+00
2026 07 24 01 08 30 000 -2.0173243E+01 -1.2291118E+01 -5.5703133E+00
2026 07 24 01 09 00 000 -2.0175724E+01 -1.2296047E+01 -5.5660201E+00
2026 07 24 01 09 30 000 -2.0178203E+01 -1.2300977E+01 -5.5617172E+00
2026 07 24 01 10 00 000 -2.0180679E+01 -1.2305908E+01 -5.5574047E+00
2026 07 24 01 10 30 000 -2.0183154E+01 -1.2310840E+01 -5.5530825E+00
2026 07 24 01 11 00 000 -2.0185627E+01 -1.2315772E+01 -5.5487506E+00
2026 07 24 01 11 30 000 -2.0188098E+01 -1.2320705E+01 -5.5444091E+00
2026 07 24 01 12 00 000 -2.0190567E+01 -1.2325639E+01 -5.5400580E+00
2026 07 24 01 12 30 000 -2.0193034E+01 -1.2330574E+01 -5.5356972E+00
2026 07 24 01 13 00 000 -2.0195500E+01 -1.2335510E+01 -5.5313268E+00
2026 07 24 01 13 30 000 -2.0197963E+01 -1.2340446E+01 -5.5269467E+00
2026 07 24 01 14 00 000 -2.0200425E+01 -1.2345383E+01 -5.5225570E+00
2026 07 24 01 14 30 000 -2.0202884E+01 -1.2350321E+01 -5.5181577E+00
2026 07 24 01 15 00 000 -2.0205342E+01 -1.2355259E+01 -5.5137488E+00
2026 07 24 01 15 30 000 -2.0207798E+01 -1.2360198E+01 -5.5093303E+00
2026 07 24 01 16 00 000 -2.0210252E+01 -1.2365138E+01 -5.5049022E+00
2026 07 24 01 16 30 000 -2.0212704E+01 -1.2370078E+01 -5.5004645E+00
2026 07 24 01 17 00 000 -2.0215154E+01 -1.2375019E+01 -5.4960171E+00
2026 07 24 01 17 30 000 -2.0217602E+01 -1.2379960E+01 -5.4915602E+00
2026 07 24 01 18 00 000 -2.0220048E+01 -1.2384903E+01 -5.4870937E+00
2026 07 24 01 18 30 000 -2.0222493E+01 -1.2389845E+01 -5.4826177E+00
2026 07 24 01 19 00 000 -2.0224935E+01 -1.2394789E+01 -5.4781320E+00
2026 07 24 01 19 30 000 -2.0227376E+01 -1.2399733E+01 -5.4736369E+00
2026 07 24 01 20 00 000 -2.0229814E+01 -1.2404677E+01 -5.4691321E+00
2026 07 24 01 20 30 000 -2.0232251E+01 -1.2409622E+01 -5.4646178E+00
2026 07 24 01 21 00 000 -2.0234686E+01 -1.2414567E+01 -5.4600939E+00
2026 07 24 01 21 30 000 -2.0237119E+01 -1.2419513E+01 -5.4555605E+00
2026 07 24 01 22 00 000 -2.0239550E+01 -1.2424460E+01 -5.4510176E+00
2026 07 24 01 22 30 000 -2.0241979E+01 -1.2429407E+01 -5.4464651E+00
2026 07 24 01 23 00 000 -2.0244406E+01 -1.2434354E+01 -5.4419032E+00
2026 07 24 01 23 30 000 -2.0246832E+01 -1.2439302E+01 -5.4373317E+00
2026 07 24 01 24 00 000 -2.0249255E+01 -1.2444250E+01 -5.4327506E+00
2026 07 24 01 24 30 000 -2.0251677E+01 -1.2449199E+01 -5.4281601E+00
2026 07 24 01 25 00 000 -2.0254097E+01 -1.2454148E+01 -5.4235601E+00
2026 07 24 01 25 30 000 -2.0256515E+01 -1.2459097E+01 -5.4189506E+00
2026 07 24 01 26 00 000 -2.0258931E+01 -1.2464047E+01 -5.4143316E+00
2026 07 24 01 26 30 000 -2.0261345E+01 -1.2468997E+01 -5.4097031E+00
2026 07 24 01 27 00 000 -2.0263757E+01 -1.2473948E+01 -5.4050652E+00
2026 07 24 01 27 30 000 -2.0266167E+01 -1.2478898E+01 -5.4004178E+00
2026 07 24 01 28 00 000 -2.0268575E+01 -1.2483850E+01 -5.3957609E+00
2026 07 24 01 28 30 000 -2.0270982E+01 -1.2488801E+01 -5.3910946E+00
2026 07 24 01 29 00 000 -2.0273386E+01 -1.2493753E+01 -5.3864188E+00
2026 07 24 01 29 30 000 -2.0275789E+01 -1.2498705E+01 -5.3817336E+00
2026 07 24 01 30 00 000 -2.0278190E+01 -1.2503657E+01 -5.3770389E+00
2026 07 24 01 30 30 000 -2.0280589E+01 -1.2508610E+01 -5.3723348E+00
2026 07 24 01 31 00 000 -2.0282986E+01 -1.2513562E+01 -5.3676213E+00
2026 07 24 01 31 30 000 -2.0285381E+01 -1.2518515E+01 -5.3628984E+00
2026 07 24 01 32 00 000 -2.0287775E+01 -1.2523468E+01 -5.3581661E+00
2026 07 24 01 32 30 000 -2.0290166E+01 -1.2528422E+01 -5.3534244E+00
2026 07 24 01 33 00 000 -2.0292555E+01 -1.2533375E+01 -5.3486733E+00
2026 07 24 01 33 30 000 -2.0294943E+01 -1.2538329E+01 -5.3439128E+00
2026 07 24 01 34 00 000 -2.0297329E+01 -1.2543283E+01 -5.3391429E+00
2026 07 24 01 34 30 000 -2.0299713E+01 -1.2548237E+01 -5.3343637E+00
2026 07 24 01 35 00 000 -2.0302095E+01 -1.2553191E+01 -5.3295751E+00
2026 07 24 01 35 30 000 -2.0304475E+01 -1.2558145E+01 -5.3247771E+00
2026 07 24 01 36 00 000 -2.0306853E+01 -1.2563099E+01 -5.3199698E+00
2026 07 24 01 36 30 000 -2.0309229E+01 -1.2568053E+01 -5.3151532E+00
2026 07 24 01 37 00 000 -2.0311604E+01 -1.2573008E+01 -5.3103272E+00
2026 07 24 01 37 30 000 -2.0313977E+01 -1.2577962E+01 -5.3054919E+00
2026 07 24 01 38 00 000 -2.0316347E+01 -1.2582916E+01 -5.3006472E+00
2026 07 24 01 38 30 000 -2.0318716E+01 -1.2587871E+01 -5.2957933E+00
2026 07 24 01 39 00 000 -2.0321083E+01 -1.2592825E+01 -5.2909300E+00
2026 07 24 01 39 30 000 -2.0323448E+01 -1.2597780E+01 -5.2860575E+00
2026 07 24 01 40 00 000 -2.0325811E+01 -1.2602734E+01 -5.2811757E+00
2026 07 24 01 40 30 000 -2.0328173E+01 -1.2607688E+01 -5.2762845E+00
2026 07 24 01 41 00 000 -2.0330532E+01 -1.2612643E+01 -5.2713841E+00
2026 07 24 01 41 30 000 -2.0332890E+01 -1.2617597E+01 -5.2664745E+00
2026 07 24 01 42 00 000 -2.0335246E+01 -1.2622551E+01 -5.2615556E+00
2026 07 24 01 42 30 000 -2.0337599E+01 -1.2627505E+01 -5.2566274E+00
2026 07 24 01 43 00 000 -2.0339951E+01 -1.2632459E+01 -5.2516900E+00
2026 07 24 01 43 30 000 -2.0342302E+01 -1.2637413E+01 -5.2467433E+00
2026 07 24 01 44 00 000 -2.0344650E+01 -1.2642366E+01 -5.2417875E+00
2026 07 24 01 44 30 000 -2.0346996E+01 -1.2647320E+01 -5.2368224E+00
2026 07 24 01 45 00 000 -2.0349341E+01 -1.2652273E+01 -5.2318481E+00
2026 07 24 01 45 30 000 -2.0351683E+01 -1.2657226E+01 -5.2268646E+00
2026 07 24 01 46 00 000 -2.0354024E+01 -1.2662179E+01 -5.2218719E+00
2026 07 24 01 46 30 000 -2.0356363E+01 -1.2667132E+01 -5.2168700E+00
2026 07 24 01 47 00 000 -2.0358700E+01 -1.2672084E+01 -5.2118589E+00
2026 07 24 01 47 30 000 -2.0361035E+01 -1.2677036E+01 -5.2068387E+00
2026 07 24 01 48 00 000 -2.0363369E+01 -1.2681988E+01 -5.2018093E+00
2026 07 24 01 48 30 000 -2.0365700E+01 -1.2686940E+01 -5.1967708E+00
2026 07 24 01 49 00 000 -2.0368030E+01 -1.2691891E+01 -5.1917231E+00
2026 07 24 01 49 30 000 -2.0370357E+01 -1.2696842E+01 -5.1866663E+00
2026 07 24 01 50 00 000 -2.0372683E+01 -1.2701793E+01 -5.1816003E+00
2026 07 24 01 50 30 000 -2.0375007E+01 -1.2706743E+01 -5.1765252E+00
2026 07 24 01 51 00 000 -2.0377329E+01 -1.2711693E+01 -5.1714411E+00
2026 07 24 01 51 30 000 -2.0379649E+01 -1.2716643E+01 -5.1663478E+00
2026 07 24 01 52 00 000 -2.0381968E+01 -1.2721592E+01 -5.1612454E+00
2026 07 24 01 52 30 000 -2.0384284E+01 -1.2726541E+01 -5.1561340E+00
2026 07 24 01 53 00 000 -2.0386599E+01 -1.2731490E+01 -5.1510135E+00
2026 07 24 01 53 30 000 -2.0388912E+01 -1.2736438E+01 -5.1458839E+00
2026 07 24 01 54 00 000 -2.0391223E+01 -1.2741385E+01 -5.1407452E+00
2026 07 24 01 54 30 000 -2.0393532E+01 -1.2746333E+01 -5.1355976E+00
2026 07 24 01 55 00 000 -2.0395839E+01 -1.2751279E+01 -5.1304408E+00
2026 07 24 01 55 30 000 -2.0398145E+01 -1.2756225E+01 -5.1252751E+00
2026 07 24 01 56 00 000 -2.0400448E+01 -1.2761171E+01 -5.1201003E+00
2026 07 24 01 56 30 000 -2.0402750E+01 -1.2766116E+01 -5.1149165E+00
2026 07 24 01 57 00 000 -2.0405050E+01 -1.2771061E+01 -5.1097237E+00
2026 07 24 01 57 30 000 -2.0407348E+01 -1.2776005E+01 -5.1045220E+00
2026 07 24 01 58 00 000 -2.0409644E+01 -1.2780949E+01 -5.0993112E+00
2026 07 24 01 58 30 000 -2.0411938E+01 -1.2785892E+01 -5.0940915E+00
2026 07 24 01 59 00 000 -2.0414230E+01 -1.2790834E+01 -5.0888628E+00
2026 07 24 01 59 30 000 -2.0416521E+01 -1.2795776E+01 -5.0836252E+00
2026 07 24 02 00 00 000 -2.0418810E+01 -1.2800717E+01 -5.0783786E+00
2026 07 24 02 00 30 000 -2.0421096E+01 -1.2805658E+01 -5.0731231E+00
2026 07 24 02 01 00 000 -2.0423381E+01 -1.2810598E+01 -5.0678586E+00
2026 07 24 02 01 30 000 -2.0425665E+01 -1.2815537E+01 -5.0625853E+00
2026 07 24 02 02 00 000 -2.0427946E+01 -1.2820476E+01 -5.0573030E+00
2026 07 24 02 02 30 000 -2.0430225E+01 -1.2825414E+01 -5.0520118E+00
2026 07 24 02 03 00 000 -2.0432503E+01 -1.2830351E+01 -5.0467118E+00
2026 07 24 02 03 30 000 -2.0434779E+01 -1.2835287E+01 -5.0414029E+00
2026 07 24 02 04 00 000 -2.0437053E+01 -1.2840223E+01 -5.0360851E+00
2026 07 24 02 04 30 000 -2.0439325E+01 -1.2845158E+01 -5.0307585E+00
2026 07 24 02 05 00 000 -2.0441595E+01 -1.2850092E+01 -5.0254230E+00
2026 07 24 02 05 30 000 -2.0443863E+01 -1.2855026E+01 -5.0200787E+00
2026 07 24 02 06 00 000 -2.0446130E+01 -1.2859959E+01 -5.0147255E+00
2026 07 24 02 06 30 000 -2.0448394E+01 -1.2864891E+01 -5.0093636E+00
2026 07 24 02 07 00 000 -2.0450657E+01 -1.2869822E+01 -5.0039928E+00
2026 07 24 02 07 30 000 -2.0452918E+01 -1.2874752E+01 -4.9986132E+00
2026 07 24 02 08 00 000 -2.0455177E+01 -1.2879681E+01 -4.9932249E+00
2026 07 24 02 08 30 000 -2.0457435E+01 -1.2884610E+01 -4.9878278E+00
2026 07 24 02 09 00 000 -2.0459690E+01 -1.2889538E+01 -4.9824219E+00
2026 07 24 02 09 30 000 -2.0461944E+01 -1.2894464E+01 -4.9770073E+00
2026 07 24 02 10 00 000 -2.0464195E+01 -1.2899390E+01 -4.9715839E+00
2026 07 24 02 10 30 000 -2.0466445E+01 -1.2904315E+01 -4.9661518E+00
2026 07 24 02 11 00 000 -2.0468693E+01 -1.2909239E+01 -4.9607110E+00
2026 07 24 02 11 30 000 -2.0470940E+01 -1.2914162E+01 -4.9552615E+00
2026 07 24 02 12 00 000 -2.0473184E+01 -1.2919084E+01 -4.9498032E+00
2026 07 24 02 12 30 000 -2.0475427E+01 -1.2924006E+01 -4.9443363E+00
2026 07 24 02 13 00 000 -2.0477667E+01 -1.2928926E+01 -4.9388607E+00
2026 07 24 02 13 30 000 -2.0479906E+01 -1.2933845E+01 -4.9333765E+00
2026 07 24 02 14 00 000 -2.0482143E+01 -1.2938763E+01 -4.9278836E+00
2026 07 24 02 14 30 000 -2.0484378E+01 -1.2943680E+01 -4.9223820E+00
2026 07 24 02 15 00 000 -2.0486612E+01 -1.2948596E+01 -4.9168718E+00
2026 07 24 02 15 30 000 -2.0488843E+01 -1.2953511E+01 -4.9113530E+00
2026 07 24 02 16 00 000 -2.0491073E+01 -1.2958425E+01 -4.9058256E+00
2026 07 24 02 16 30 000 -2.0493301E+01 -1.2963338E+01 -4.9002896E+00
2026 07 24 02 17 00 000 -2.0495527E+01 -1.2968249E+01 -4.8947450E+00
2026 07 24 02 17 30 000 -2.0497751E+01 -1.2973160E+01 -4.8891918E+00
2026 07 24 02 18 00 000 -2.0499974E+01 -1.2978069E+01 -4.8836300E+00
2026 07 24 02 18 30 000 -2.0502194E+01 -1.2982978E+01 -4.8780597E+00
2026 07 24 02 19 00 000 -2.0504413E+01 -1.2987885E+01 -4.8724809E+00
2026 07 24 02 19 30 000 -2.0506630E+01 -1.2992791E+01 -4.8668935E+00
2026 07 24 02 20 00 000 -2.0508845E+01 -1.2997695E+01 -4.8612976E+00
2026 07 24 02 20 30 000 -2.0511058E+01 -1.3002599E+01 -4.8556932E+00
2026 07 24 02 21 00 000 -2.0513269E+01 -1.3007501E+01 -4.8500803E+00
2026 07 24 02 21 30 000 -2.0515479E+01 -1.3012402E+01 -4.8444589E+00
2026 07 24 02 22 00 000 -2.0517687E+01 -1.3017302E+01 -4.8388290E+00
2026 07 24 02 22 30 000 -2.0519893E+01 -1.3022201E+01 -4.8331907E+00
2026 07 24 02 23 00 000 -2.0522097E+01 -1.3027098E+01 -4.8275439E+00
2026 07 24 02 23 30 000 -2.0524299E+01 -1.3031994E+01 -4.8218887E+00
2026 07 24 02 24 00 000 -2.0526499E+01 -1.3036888E+01 -4.8162251E+00
2026 07 24 02 24 30 000 -2.0528698E+01 -1.3041782E+01 -4.8105530E+00
2026 07 24 02 25 00 000 -2.0530895E+01 -1.3046674E+01 -4.8048726E+00
2026 07 24 02 25 30 000 -2.0533090E+01 -1.3051564E+01 -4.7991837E+00
2026 07 24 02 26 00 000 -2.0535283E+01 -1.3056454E+01 -4.7934865E+00
2026 07 24 02 26 30 000 -2.0537474E+01 -1.3061341E+01 -4.7877809E+00
2026 07 24 02 27 00 000 -2.0539664E+01 -1.3066228E+01 -4.7820670E+00
2026 07 24 02 27 30 000 -2.0541851E+01 -1.3071113E+01 -4.7763447E+00
2026 07 24 02 28 00 000 -2.0544037E+01 -1.3075997E+01 -4.7706141E+00
2026 07 24 02 28 30 000 -2.0546221E+01 -1.3080879E+01 -4.7648752E+00
2026 07 24 02 29 00 000 -2.0548403E+01 -1.3085759E+01 -4.7591280E+00
2026 07 24 02 29 30 000 -2.0550584E+01 -1.3090639E+01 -4.7533725E+00
2026 07 24 02 30 00 000 -2.0552762E+01 -1.3095516E+01 -4.7476087E+00
2026 07 24 02 30 30 000 -2.0554939E+01 -1.3100393E+01 -4.7418367E+00
2026 07 24 02 31 00 000 -2.0557114E+01 -1.3105268E+01 -4.7360564E+00
2026 07 24 02 31 30 000 -2.0559287E+01 -1.3110141E+01 -4.7302678E+00
2026 07 24 02 32 00 000 -2.0561458E+01 -1.3115012E+01 -4.7244710E+00
2026 07 24 02 32 30 000 -2.0563628E+01 -1.3119883E+01 -4.7186660E+00
2026 07 24 02 33 00 000 -2.0565796E+01 -1.3124751E+01 -4.7128529E+00
2026 07 24 02 33 30 000 -2.0567961E+01 -1.3129618E+01 -4.7070315E+00
2026 07 24 02 34 00 000 -2.0570125E+01 -1.3134484E+01 -4.7012019E+00
2026 07 24 02 34 30 000 -2.0572288E+01 -1.3139347E+01 -4.6953642E+00
2026 07 24 02 35 00 000 -2.0574448E+01 -1.3144209E+01 -4.6895183E+00
2026 07 24 02 35 30 000 -2.0576607E+01 -1.3149070E+01 -4.6836643E+00
2026 07 24 02 36 00 000 -2.0578763E+01 -1.3153929E+01 -4.6778022E+00
2026 07 24 02 36 30 000 -2.0580918E+01 -1.3158786E+01 -4.6719320E+00
2026 07 24 02 37 00 000 -2.0583071E+01 -1.3163642E+01 -4.6660536E+00
2026 07 24 02 37 30 000 -2.0585223E+01 -1.3168495E+01 -4.6601672E+00
2026 07 24 02 38 00 000 -2.0587372E+01 -1.3173347E+01 -4.6542727E+00
2026 07 24 02 38 30 000 -2.0589520E+01 -1.3178198E+01 -4.6483702E+00
2026 07 24 02 39 00 000 -2.0591666E+01 -1.3183046E+01 -4.6424596E+00
2026 07 24 02 39 30 000 -2.0593810E+01 -1.3187893E+01 -4.6365410E+00
2026 07 24 02 40 00 000 -2.0595952E+01 -1.3192738E+01 -4.6306143E+00
2026 07 24 02 40 30 000 -2.0598093E+01 -1.3197582E+01 -4.6246797E+00
2026 07 24 02 41 00 000 -2.0600231E+01 -1.3202423E+01 -4.6187371E+00
2026 07 24 02 41 30 000 -2.0602368E+01 -1.3207263E+01 -4.6127865E+00
2026 07 24 02 42 00 000 -2.0604503E+01 -1.3212101E+01 -4.6068279E+00
2026 07 24 02 42 30 000 -2.0606636E+01 -1.3216937E+01 -4.6008614E+00
2026 07 24 02 43 00 000 -2.0608768E+01 -1.3221771E+01 -4.5948869E+00
2026 07 24 02 43 30 000 -2.0610897E+01 -1.3226604E+01 -4.5889046E+00
2026 07 24 02 44 00 000 -2.0613025E+01 -1.3231434E+01 -4.5829143E+00
2026 07 24 02 44 30 000 -2.0615151E+01 -1.3236263E+01 -4.5769161E+00
2026 07 24 02 45 00 000 -2.0617275E+01 -1.3241089E+01 -4.5709101E+00
2026 07 24 02 45 30 000 -2.0619398E+01 -1.3245914E+01 -4.5648961E+00
2026 07 24 02 46 00 000 -2.0621518E+01 -1.3250737E+01 -4.5588744E+00
2026 07 24 02 46 30 000 -2.0623637E+01 -1.3255558E+01 -4.5528448E+00
2026 07 24 02 47 00 000 -2.0625754E+01 -1.3260377E+01 -4.5468074E+00
2026 07 24 02 47 30 000 -2.0627869E+01 -1.3265193E+01 -4.5407621E+00
2026 07 24 02 48 00 000 -2.0629983E+01 -1.3270008E+01 -4.5347091E+00
2026 07 24 02 48 30 000 -2.0632094E+01 -1.3274821E+01 -4.5286483E+00
2026 07 24 02 49 00 000 -2.0634204E+01 -1.3279632E+01 -4.5225798E+00
2026 07 24 02 49 30 000 -2.0636312E+01 -1.3284441E+01 -4.5165034E+00
2026 07 24 02 50 00 000 -2.0638418E+01 -1.3289248E+01 -4.5104194E+00
2026 07 24 02 50 30 000 -2.0640523E+01 -1.3294053E+01 -4.5043276E+00
2026 07 24 02 51 00 000 -2.0642625E+01 -1.3298855E+01 -4.4982281E+00
2026 07 24 02 51 30 000 -2.0644726E+01 -1.3303656E+01 -4.4921210E+00
2026 07 24 02 52 00 000 -2.0646825E+01 -1.3308454E+01 -4.4860061E+00
2026 07 24 02 52 30 000 -2.0648922E+01 -1.3313251E+01 -4.4798836E+00
2026 07 24 02 53 00 000 -2.0651018E+01 -1.3318045E+01 -4.4737534E+00
2026 07 24 02 53 30 000 -2.0653111E+01 -1.3322837E+01 -4.4676156E+00
2026 07 24 02 54 00 000 -2.0655203E+01 -1.3327627E+01 -4.4614702E+00
2026 07 24 02 54 30 000 -2.0657293E+01 -1.3332415E+01 -4.4553172E+00
2026 07 24 02 55 00 000 -2.0659381E+01 -1.3337200E+01 -4.4491566E+00
2026 07 24 02 55 30 000 -2.0661468E+01 -1.3341984E+01 -4.4429884E+00
2026 07 24 02 56 00 000 -2.0663553E+01 -1.3346765E+01 -4.4368127E+00
2026 07 24 02 56 30 000 -2.0665635E+01 -1.3351544E+01 -4.4306294E+00
2026 07 24 02 57 00 000 -2.0667716E+01 -1.3356321E+01 -4.4244386E+00
2026 07 24 02 57 30 000 -2.0669796E+01 -1.3361095E+01 -4.4182403E+00
2026 07 24 02 58 00 000 -2.0671873E+01 -1.3365867E+01 -4.4120345E+00
2026 07 24 02 58 30 000 -2.0673949E+01 -1.3370637E+01 -4.4058212E+00
2026 07 24 02 59 00 000 -2.0676023E+01 -1.3375405E+01 -4.3996004E+00
2026 07 24 02 59 30 000 -2.0678095E+01 -1.3380170E+01 -4.3933722E+00
2026 07 24 03 00 00 000 -2.0680165E+01 -1.3384933E+01 -4.3871365E+00
2026 07 24 03 00 30 000 -2.0682234E+01 -1.3389694E+01 -4.3808935E+00
2026 07 24 03 01 00 000 -2.0684300E+01 -1.3394452E+01 -4.3746430E+00
2026 07 24 03 01 30 000 -2.0686365E+01 -1.3399208E+01 -4.3683851E+00
2026 07 24 03 02 00 000 -2.0688429E+01 -1.3403962E+01 -4.3621199E+00
2026 07 24 03 02 30 000 -2.0690490E+01 -1.3408713E+01 -4.3558473E+00
2026 07 24 03 03 00 000 -2.0692550E+01 -1.3413462E+01 -4.3495674E+00
2026 07 24 03 03 30 000 -2.0694607E+01 -1.3418208E+01 -4.3432801E+00
2026 07 24 03 04 00 000 -2.0696663E+01 -1.3422952E+01 -4.3369855E+00
2026 07 24 03 04 30 000 -2.0698718E+01 -1.3427693E+01 -4.3306837E+00
2026 07 24 03 05 00 000 -2.0700770E+01 -1.3432432E+01 -4.3243745E+00
2026 07 24 03 05 30 000 -2.0702821E+01 -1.3437169E+01 -4.3180581E+00
2026 07 24 03 06 00 000 -2.0704870E+01 -1.3441903E+01 -4.3117345E+00
2026 07 24 03 06 30 000 -2.0706917E+01 -1.3446635E+01 -4.3054036E+00
2026 07 24 03 07 00 000 -2.0708962E+01 -1.3451364E+01 -4.2990655E+00
2026 07 24 03 07 30 000 -2.0711006E+01 -1.3456090E+01 -4.2927202E+00
2026 07 24 03 08 00 000 -2.0713047E+01 -1.3460815E+01 -4.2863677E+00
2026 07 24 03 08 30 000 -2.0715087E+01 -1.3465536E+01 -4.2800081E+00
2026 07 24 03 09 00 000 -2.0717125E+01 -1.3470255E+01 -4.2736413E+00
2026 07 24 03 09 30 000 -2.0719162E+01 -1.3474971E+01 -4.2672673E+00
2026 07 24 03 10 00 000 -2.0721197E+01 -1.3479685E+01 -4.2608863E+00
2026 07 24 03 10 30 000 -2.0723229E+01 -1.3484396E+01 -4.2544982E+00
2026 07 24 03 11 00 000 -2.0725260E+01 -1.3489105E+01 -4.2481029E+00
2026 07 24 03 11 30 000 -2.0727290E+01 -1.3493811E+01 -4.2417007E+00
2026 07 24 03 12 00 000 -2.0729317E+01 -1.3498514E+01 -4.2352913E+00
2026 07 24 03 12 30 000 -2.0731343E+01 -1.3503215E+01 -4.2288749E+00
2026 07 24 03 13 00 000 -2.0733367E+01 -1.3507913E+01 -4.2224516E+00
2026 07 24 03 13 30 000 -2.0735389E+01 -1.3512608E+01 -4.2160212E+00
2026 07 24 03 14 00 000 -2.0737410E+01 -1.3517301E+01 -4.2095838E+00
2026 07 24 03 14 30 000 -2.0739428E+01 -1.3521991E+01 -4.2031395E+00
2026 07 24 03 15 00 000 -2.0741445E+01 -1.3526678E+01 -4.1966882E+00
2026 07 24 03 15 30 000 -2.0743460E+01 -1.3531363E+01 -4.1902299E+00
2026 07 24 03 16 00 000 -2.0745474E+01 -1.3536044E+01 -4.1837648E+00
2026 07 24 03 16 30 000 -2.0747485E+01 -1.3540723E+01 -4.1772928E+00
2026 07 24 03 17 00 000 -2.0749495E+01 -1.3545400E+01 -4.1708139E+00
2026 07 24 03 17 30 000 -2.0751503E+01 -1.3550073E+01 -4.1643281E+00
2026 07 24 03 18 00 000 -2.0753509E+01 -1.3554744E+01 -4.1578354E+00
2026 07 24 03 18 30 000 -2.0755514E+01 -1.3559412E+01 -4.1513360E+00
2026 07 24 03 19 00 000 -2.0757516E+01 -1.3564077E+01 -4.1448297E+00
2026 07 24 03 19 30 000 -2.0759517E+01 -1.3568739E+01 -4.1383167E+00
2026 07 24 03 20 00 000 -2.0761516E+01 -1.3573398E+01 -4.1317968E+00
2026 07 24 03 20 30 000 -2.0763514E+01 -1.3578055E+01 -4.1252702E+00
2026 07 24 03 21 00 000 -2.0765509E+01 -1.3582709E+01 -4.1187369E+00
2026 07 24 03 21 30 000 -2.0767503E+01 -1.3587359E+01 -4.1121968E+00
2026 07 24 03 22 00 000 -2.0769495E+01 -1.3592007E+01 -4.1056500E+00
2026 07 24 03 22 30 000 -2.0771486E+01 -1.3596652E+01 -4.0990965E+00
2026 07 24 03 23 00 000 -2.0773474E+01 -1.3601294E+01 -4.0925364E+00
2026 07 24 03 23 30 000 -2.0775461E+01 -1.3605933E+01 -4.0859696E+00
2026 07 24 03 24 00 000 -2.0777446E+01 -1.3610570E+01 -4.0793962E+00
2026 07 24 03 24 30 000 -2.0779429E+01 -1.3615203E+01 -4.0728161E+00
2026 07 24 03 25 00 000 -2.0781411E+01 -1.3619833E+01 -4.0662294E+00
2026 07 24 03 25 30 000 -2.0783390E+01 -1.3624460E+01 -4.0596362E+00
2026 07 24 03 26 00 000 -2.0785368E+01 -1.3629085E+01 -4.0530364E+00
2026 07 24 03 26 30 000 -2.0787345E+01 -1.3633706E+01 -4.0464300E+00
2026 07 24 03 27 00 000 -2.0789319E+01 -1.3638324E+01 -4.0398171E+00
2026 07 24 03 27 30 000 -2.0791292E+01 -1.3642940E+01 -4.0331977E+00
2026 07 24 03 28 00 000 -2.0793263E+01 -1.3647552E+01 -4.0265718E+00
2026 07 24 03 28 30 000 -2.0795232E+01 -1.3652161E+01 -4.0199395E+00
2026 07 24 03 29 00 000 -2.0797199E+01 -1.3656767E+01 -4.0133007E+00
2026 07 24 03 29 30 000 -2.0799165E+01 -1.3661370E+01 -4.0066554E+00
2026 07 24 03 30 00 000 -2.0801129E+01 -1.3665970E+01 -4.0000037E+00
2026 07 24 03 30 30 000 -2.0803091E+01 -1.3670567E+01 -3.9933456E+00
2026 07 24 03 31 00 000 -2.0805051E+01 -1.3675161E+01 -3.9866811E+00
2026 07 24 03 31 30 000 -2.0807010E+01 -1.3679751E+01 -3.9800103E+00
2026 07 24 03 32 00 000 -2.0808966E+01 -1.3684339E+01 -3.9733331E+00
2026 07 24 03 32 30 000 -2.0810922E+01 -1.3688923E+01 -3.9666496E+00
2026 07 24 03 33 00 000 -2.0812875E+01 -1.3693504E+01 -3.9599598E+00
2026 07 24 03 33 30 000 -2.0814826E+01 -1.3698082E+01 -3.9532636E+00
2026 07 24 03 34 00 000 -2.0816776E+01 -1.3702657E+01 -3.9465612E+00
2026 07 24 03 34 30 000 -2.0818724E+01 -1.3707229E+01 -3.9398526E+00
2026 07 24 03 35 00 000 -2.0820671E+01 -1.3711797E+01 -3.9331377E+00
2026 07 24 03 35 30 000 -2.0822615E+01 -1.3716362E+01 -3.9264166E+00
2026 07 24 03 36 00 000 -2.0824558E+01 -1.3720924E+01 -3.9196893E+00
2026 07 24 03 36 30 000 -2.0826499E+01 -1.3725483E+01 -3.9129558E+00
2026 07 24 03 37 00 000 -2.0828438E+01 -1.3730038E+01 -3.9062161E+00
2026 07 24 03 37 30 000 -2.0830376E+01 -1.3734591E+01 -3.8994704E+00
2026 07 24 03 38 00 000 -2.0832311E+01 -1.3739140E+01 -3.8927185E+00
2026 07 24 03 38 30 000 -2.0834245E+01 -1.3743685E+01 -3.8859604E+00
2026 07 24 03 39 00 000 -2.0836178E+01 -1.3748227E+01 -3.8791963E+00
2026 07 24 03 39 30 000 -2.0838108E+01 -1.3752766E+01 -3.8724261E+00
2026 07 24 03 40 00 000 -2.0840037E+01 -1.3757302E+01 -3.8656499E+00
2026 07 24 03 40 30 000 -2.0841964E+01 -1.3761834E+01 -3.8588677E+00
2026 07 24 03 41 00 000 -2.0843889E+01 -1.3766364E+01 -3.8520794E+00
2026 07 24 03 41 30 000 -2.0845813E+01 -1.3770889E+01 -3.8452851E+00
2026 07 24 03 42 00 000 -2.0847735E+01 -1.3775411E+01 -3.8384849E+00
2026 07 24 03 42 30 000 -2.0849655E+01 -1.3779930E+01 -3.8316788E+00
2026 07 24 03 43 00 000 -2.0851573E+01 -1.3784446E+01 -3.8248666E+00
2026 07 24 03 43 30 000 -2.0853489E+01 -1.3788958E+01 -3.8180486E+00
2026 07 24 03 44 00 000 -2.0855404E+01 -1.3793467E+01 -3.8112247E+00
2026 07 24 03 44 30 000 -2.0857317E+01 -1.3797972E+01 -3.8043949E+00
2026 07 24 03 45 00 000 -2.0859228E+01 -1.3802474E+01 -3.7975593E+00
2026 07 24 03 45 30 000 -2.0861138E+01 -1.3806972E+01 -3.7907178E+00
2026 07 24 03 46 00 000 -2.0863046E+01 -1.3811467E+01 -3.7838705E+00
2026 07 24 03 46 30 000 -2.0864952E+01 -1.3815958E+01 -3.7770175E+00
2026 07 24 03 47 00 000 -2.0866856E+01 -1.3820446E+01 -3.7701586E+00
2026 07 24 03 47 30 000 -2.0868759E+01 -1.3824931E+01 -3.7632940E+00
2026 07 24 03 48 00 000 -2.0870660E+01 -1.3829412E+01 -3.7564236E+00
2026 07 24 03 48 30 000 -2.0872559E+01 -1.3833889E+01 -3.7495476E+00
2026 07 24 03 49 00 000 -2.0874456E+01 -1.3838363E+01 -3.7426658E+00
2026 07 24 03 49 30 000 -2.0876352E+01 -1.3842834E+01 -3.7357784E+00
2026 07 24 03 50 00 000 -2.0878245E+01 -1.3847300E+01 -3.7288853E+00
2026 07 24 03 50 30 000 -2.0880138E+01 -1.3851764E+01 -3.7219865E+00
2026 07 24 03 51 00 000 -2.0882028E+01 -1.3856223E+01 -3.7150822E+00
2026 07 24 03 51 30 000 -2.0883917E+01 -1.3860680E+01 -3.7081722E+00
2026 07 24 03 52 00 000 -2.0885803E+01 -1.3865132E+01 -3.7012567E+00
2026 07 24 03 52 30 000 -2.0887689E+01 -1.3869581E+01 -3.6943356E+00
2026 07 24 03 53 00 000 -2.0889572E+01 -1.3874026E+01 -3.6874090E+00
2026 07 24 03 53 30 000 -2.0891454E+01 -1.3878468E+01 -3.6804769E+00
2026 07 24 03 54 00 000 -2.0893334E+01 -1.3882906E+01 -3.6735393E+00
2026 07 24 03 54 30 000 -2.0895212E+01 -1.3887341E+01 -3.6665962E+00
2026 07 24 03 55 00 000 -2.0897088E+01 -1.3891771E+01 -3.6596476E+00
2026 07 24 03 55 30 000 -2.0898963E+01 -1.3896199E+01 -3.6526936E+00
2026 07 24 03 56 00 000 -2.0900836E+01 -1.3900622E+01 -3.6457342E+00
2026 07 24 03 56 30 000 -2.0902707E+01 -1.3905042E+01 -3.6387694E+00
2026 07 24 03 57 00 000 -2.0904577E+01 -1.3909458E+01 -3.6317993E+00
2026 07 24 03 57 30 000 -2.0906444E+01 -1.3913870E+01 -3.6248238E+00
2026 07 24 03 58 00 000 -2.0908311E+01 -1.3918279E+01 -3.6178429E+00
2026 07 24 03 58 30 000 -2.0910175E+01 -1.3922684E+01 -3.6108568E+00
2026 07 24 03 59 00 000 -2.0912037E+01 -1.3927085E+01 -3.6038653E+00
2026 07 24 03 59 30 000 -2.0913898E+01 -1.3931482E+01 -3.5968686E+00
2026 07 24 04 00 00 000 -2.0915757E+01 -1.3935876E+01 -3.5898666E+00
2026 07 24 04 00 30 000 -2.0917615E+01 -1.3940266E+01 -3.5828594E+00
2026 07 24 04 01 00 000 -2.0919470E+01 -1.3944652E+01 -3.5758470E+00
2026 07 24 04 01 30 000 -2.0921324E+01 -1.3949034E+01 -3.5688294E+00
2026 07 24 04 02 00 000 -2.0923177E+01 -1.3953413E+01 -3.5618067E+00
2026 07 24 04 02 30 000 -2.0925027E+01 -1.3957788E+01 -3.5547788E+00
2026 07 24 04 03 00 000 -2.0926876E+01 -1.3962159E+01 -3.5477457E+00
2026 07 24 04 03 30 000 -2.0928723E+01 -1.3966526E+01 -3.5407076E+00
2026 07 24 04 04 00 000 -2.0930568E+01 -1.3970889E+01 -3.5336644E+00
2026 07 24 04 04 30 000 -2.0932412E+01 -1.3975248E+01 -3.5266161E+00
2026 07 24 04 05 00 000 -2.0934253E+01 -1.3979604E+01 -3.5195628E+00
2026 07 24 04 05 30 000 -2.0936093E+01 -1.3983956E+01 -3.5125045E+00
2026 07 24 04 06 00 000 -2.0937932E+01 -1.3988303E+01 -3.5054412E+00
2026 07 24 04 06 30 000 -2.0939768E+01 -1.3992647E+01 -3.4983729E+00
2026 07 24 04 07 00 000 -2.0941603E+01 -1.3996987E+01 -3.4912996E+00
2026 07 24 04 07 30 000 -2.0943437E+01 -1.4001323E+01 -3.4842214E+00
2026 07 24 04 08 00 000 -2.0945268E+01 -1.4005656E+01 -3.4771383E+00
2026 07 24 04 08 30 000 -2.0947098E+01 -1.4009984E+01 -3.4700503E+00
2026 07 24 04 09 00 000 -2.0948926E+01 -1.4014308E+01 -3.4629575E+00
2026 07 24 04 09 30 000 -2.0950752E+01 -1.4018629E+01 -3.4558598E+00
2026 07 24 04 10 00 000 -2.0952577E+01 -1.4022945E+01 -3.4487573E+00
2026 07 24 04 10 30 000 -2.0954399E+01 -1.4027258E+01 -3.4416499E+00
2026 07 24 04 11 00 000 -2.0956221E+01 -1.4031566E+01 -3.4345378E+00
2026 07 24 04 11 30 000 -2.0958040E+01 -1.4035871E+01 -3.4274209E+00
2026 07 24 04 12 00 000 -2.0959858E+01 -1.4040171E+01 -3.4202993E+00
2026 07 24 04 12 30 000 -2.0961674E+01 -1.4044468E+01 -3.4131730E+00
2026 07 24 04 13 00 000 -2.0963488E+01 -1.4048760E+01 -3.4060419E+00
2026 07 24 04 13 30 000 -2.0965300E+01 -1.4053049E+01 -3.3989062E+00
2026 07 24 04 14 00 000 -2.0967111E+01 -1.4057333E+01 -3.3917659E+00
2026 07 24 04 14 30 000 -2.0968920E+01 -1.4061614E+01 -3.3846209E+00
2026 07 24 04 15 00 000 -2.0970728E+01 -1.4065890E+01 -3.3774713E+00
2026 07 24 04 15 30 000 -2.0972533E+01 -1.4070163E+01 -3.3703171E+00
2026 07 24 04 16 00 000 -2.0974337E+01 -1.4074431E+01 -3.3631584E+00
2026 07 24 04 16 30 000 -2.0976139E+01 -1.4078695E+01 -3.3559951E+00
2026 07 24 04 17 00 000 -2.0977940E+01 -1.4082955E+01 -3.3488273E+00
2026 07 24 04 17 30 000 -2.0979739E+01 -1.4087211E+01 -3.3416549E+00
2026 07 24 04 18 00 000 -2.0981536E+01 -1.4091463E+01 -3.3344782E+00
2026 07 24 04 18 30 000 -2.0983331E+01 -1.4095711E+01 -3.3272969E+00
2026 07 24 04 19 00 000 -2.0985125E+01 -1.4099955E+01 -3.3201112E+00
2026 07 24 04 19 30 000 -2.0986916E+01 -1.4104194E+01 -3.3129212E+00
2026 07 24 04 20 00 000 -2.0988707E+01 -1.4108430E+01 -3.3057267E+00
2026 07 24 04 20 30 000 -2.0990495E+01 -1.4112661E+01 -3.2985278E+00
2026 07 24 04 21 00 000 -2.0992282E+01 -1.4116888E+01 -3.2913246E+00
2026 07 24 04 21 30 000 -2.0994067E+01 -1.4121111E+01 -3.2841171E+00
2026 07 24 04 22 00 000 -2.0995850E+01 -1.4125330E+01 -3.2769053E+00
2026 07 24 04 22 30 000 -2.0997632E+01 -1.4129545E+01 -3.2696892E+00
2026 07 24 04 23 00 000 -2.0999412E+01 -1.4133755E+01 -3.2624689E+00
2026 07 24 04 23 30 000 -2.1001190E+01 -1.4137962E+01 -3.2552443E+00
2026 07 24 04 24 00 000 -2.1002966E+01 -1.4142164E+01 -3.2480156E+00
2026 07 24 04 24 30 000 -2.1004741E+01 -1.4146362E+01 -3.2407826E+00
2026 07 24 04 25 00 000 -2.1006514E+01 -1.4150555E+01 -3.2335455E+00
2026 07 24 04 25 30 000 -2.1008286E+01 -1.4154745E+01 -3.2263042E+00
2026 07 24 04 26 00 000 -2.1010055E+01 -1.4158930E+01 -3.2190588E+00
2026 07 24 04 26 30 000 -2.1011823E+01 -1.4163111E+01 -3.2118093E+00
2026 07 24 04 27 00 000 -2.1013589E+01 -1.4167288E+01 -3.2045558E+00
2026 07 24 04 27 30 000 -2.1015354E+01 -1.4171460E+01 -3.1972981E+00
2026 07 24 04 28 00 000 -2.1017117E+01 -1.4175628E+01 -3.1900365E+00
2026 07 24 04 28 30 000 -2.1018878E+01 -1.4179792E+01 -3.1827709E+00
2026 07 24 04 29 00 000 -2.1020637E+01 -1.4183952E+01 -3.1755012E+00
2026 07 24 04 29 30 000 -2.1022395E+01 -1.4188107E+01 -3.1682277E+00
2026 07 24 04 30 00 000 -2.1024151E+01 -1.4192258E+01 -3.1609501E+00
2026 07 24 04 30 30 000 -2.1025905E+01 -1.4196405E+01 -3.1536687E+00
2026 07 24 04 31 00 000 -2.1027658E+01 -1.4200547E+01 -3.1463834E+00
2026 07 24 04 31 30 000 -2.1029409E+01 -1.4204686E+01 -3.1390942E+00
2026 07 24 04 32 00 000 -2.1031158E+01 -1.4208819E+01 -3.1318011E+00
2026 07 24 04 32 30 000 -2.1032905E+01 -1.4212949E+01 -3.1245043E+00
2026 07 24 04 33 00 000 -2.1034651E+01 -1.4217074E+01 -3.1172036E+00
2026 07 24 04 33 30 000 -2.1036395E+01 -1.4221195E+01 -3.1098992E+00
2026 07 24 04 34 00 000 -2.1038137E+01 -1.4225311E+01 -3.1025910E+00
2026 07 24 04 34 30 000 -2.1039878E+01 -1.4229423E+01 -3.0952790E+00
2026 07 24 04 35 00 000 -2.1041617E+01 -1.4233531E+01 -3.0879634E+00
2026 07 24 04 35 30 000 -2.1043354E+01 -1.4237634E+01 -3.0806441E+00
2026 07 24 04 36 00 000 -2.1045090E+01 -1.4241733E+01 -3.0733211E+00
2026 07 24 04 36 30 000 -2.1046824E+01 -1.4245827E+01 -3.0659945E+00
2026 07 24 04 37 00 000 -2.1048556E+01 -1.4249917E+01 -3.0586643E+00
2026 07 24 04 37 30 000 -2.1050286E+01 -1.4254003E+01 -3.0513305E+00
2026 07 24 04 38 00 000 -2.1052015E+01 -1.4258084E+01 -3.0439931E+00
2026 07 24 04 38 30 000 -2.1053742E+01 -1.4262161E+01 -3.0366522E+00
2026 07 24 04 39 00 000 -2.1055467E+01 -1.4266233E+01 -3.0293077E+00
2026 07 24 04 39 30 000 -2.1057191E+01 -1.4270301E+01 -3.0219598E+00
2026 07 24 04 40 00 000 -2.1058913E+01 -1.4274365E+01 -3.0146084E+00
2026 07 24 04 40 30 000 -2.1060633E+01 -1.4278424E+01 -3.0072535E+00
2026 07 24 04 41 00 000 -2.1062352E+01 -1.4282479E+01 -2.9998952E+00
2026 07 24 04 41 30 000 -2.1064069E+01 -1.4286529E+01 -2.9925335E+00
2026 07 24 04 42 00 000 -2.1065784E+01 -1.4290574E+01 -2.9851684E+00
2026 07 24 04 42 30 000 -2.1067497E+01 -1.4294616E+01 -2.9778000E+00
2026 07 24 04 43 00 000 -2.1069209E+01 -1.4298652E+01 -2.9704283E+00
2026 07 24 04 43 30 000 -2.1070919E+01 -1.4302684E+01 -2.9630532E+00
2026 07 24 04 44 00 000 -2.1072627E+01 -1.4306712E+01 -2.9556748E+00
2026 07 24 04 44 30 000 -2.1074334E+01 -1.4310735E+01 -2.9482932E+00
2026 07 24 04 45 00 000 -2.1076039E+01 -1.4314754E+01 -2.9409084E+00
2026 07 24 04 45 30 000 -2.1077742E+01 -1.4318768E+01 -2.9335203E+00
2026 07 24 04 46 00 000 -2.1079444E+01 -1.4322778E+01 -2.9261291E+00
2026 07 24 04 46 30 000 -2.1081144E+01 -1.4326783E+01 -2.9187347E+00
2026 07 24 04 47 00 000 -2.1082842E+01 -1.4330783E+01 -2.9113371E+00
2026 07 24 04 47 30 000 -2.1084539E+01 -1.4334779E+01 -2.9039364E+00
2026 07 24 04 48 00 000 -2.1086234E+01 -1.4338771E+01 -2.8965326E+00
2026 07 24 04 48 30 000 -2.1087927E+01 -1.4342758E+01 -2.8891258E+00
2026 07 24 04 49 00 000 -2.1089618E+01 -1.4346740E+01 -2.8817159E+00
2026 07 24 04 49 30 000 -2.1091308E+01 -1.4350718E+01 -2.8743030E+00
2026 07 24 04 50 00 000 -2.1092996E+01 -1.4354691E+01 -2.8668871E+00
2026 07 24 04 50 30 000 -2.1094682E+01 -1.4358660E+01 -2.8594682E+00
2026 07 24 04 51 00 000 -2.1096367E+01 -1.4362624E+01 -2.8520464E+00
2026 07 24 04 51 30 000 -2.1098050E+01 -1.4366583E+01 -2.8446217E+00
2026 07 24 04 52 00 000 -2.1099731E+01 -1.4370538E+01 -2.8371940E+00
2026 07 24 04 52 30 000 -2.1101411E+01 -1.4374488E+01 -2.8297635E+00
2026 07 24 04 53 00 000 -2.1103089E+01 -1.4378434E+01 -2.8223301E+00
2026 07 24 04 53 30 000 -2.1104765E+01 -1.4382375E+01 -2.8148939E+00
2026 07 24 04 54 00 000 -2.1106440E+01 -1.4386311E+01 -2.8074549E+00
2026 07 24 04 54 30 000 -2.1108113E+01 -1.4390243E+01 -2.8000131E+00
2026 07 24 04 55 00 000 -2.1109784E+01 -1.4394170E+01 -2.7925685E+00
2026 07 24 04 55 30 000 -2.1111454E+01 -1.4398092E+01 -2.7851212E+00
2026 07 24 04 56 00 000 -2.1113121E+01 -1.4402010E+01 -2.7776712E+00
2026 07 24 04 56 30 000 -2.1114788E+01 -1.4405923E+01 -2.7702186E+00
2026 07 24 04 57 00 000 -2.1116452E+01 -1.4409832E+01 -2.7627632E+00
2026 07 24 04 57 30 000 -2.1118115E+01 -1.4413736E+01 -2.7553052E+00
2026 07 24 04 58 00 000 -2.1119776E+01 -1.4417635E+01 -2.7478446E+00
2026 07 24 04 58 30 000 -2.1121435E+01 -1.4421529E+01 -2.7403815E+00
2026 07 24 04 59 00 000 -2.1123093E+01 -1.4425419E+01 -2.7329157E+00
2026 07 24 04 59 30 000 -2.1124749E+01 -1.4429304E+01 -2.7254475E+00
2026 07 24 05 00 00 000 -2.1126403E+01 -1.4433185E+01 -2.7179767E+00
2026 07 24 05 00 30 000 -2.1128056E+01 -1.4437061E+01 -2.7105034E+00
2026 07 24 05 01 00 000 -2.1129707E+01 -1.4440932E+01 -2.7030277E+00
2026 07 24 05 01 30 000 -2.1131357E+01 -1.4444798E+01 -2.6955495E+00
2026 07 24 05 02 00 000 -2.1133004E+01 -1.4448660E+01 -2.6880689E+00
2026 07 24 05 02 30 000 -2.1134650E+01 -1.4452517E+01 -2.6805859E+00
2026 07 24 05 03 00 000 -2.1136294E+01 -1.4456369E+01 -2.6731006E+00
2026 07 24 05 03 30 000 -2.1137937E+01 -1.4460216E+01 -2.6656129E+00
2026 07 24 05 04 00 000 -2.1139578E+01 -1.4464059E+01 -2.6581229E+00
2026 07 24 05 04 30 000 -2.1141217E+01 -1.4467897E+01 -2.6506306E+00
2026 07 24 05 05 00 000 -2.1142855E+01 -1.4471730E+01 -2.6431360E+00
2026 07 24 05 05 30 000 -2.1144491E+01 -1.4475559E+01 -2.6356393E+00
2026 07 24 05 06 00 000 -2.1146125E+01 -1.4479383E+01 -2.6281402E+00
2026 07 24 05 06 30 000 -2.1147758E+01 -1.4483202E+01 -2.6206390E+00
2026 07 24 05 07 00 000 -2.1149388E+01 -1.4487016E+01 -2.6131357E+00
2026 07 24 05 07 30 000 -2.1151018E+01 -1.4490826E+01 -2.6056302E+00
2026 07 24 05 08 00 000 -2.1152645E+01 -1.4494630E+01 -2.5981225E+00
2026 07 24 05 08 30 000 -2.1154271E+01 -1.4498430E+01 -2.5906128E+00
2026 07 24 05 09 00 000 -2.1155895E+01 -1.4502226E+01 -2.5831010E+00
2026 07 24 05 09 30 000 -2.1157518E+01 -1.4506016E+01 -2.5755872E+00
2026 07 24 05 10 00 000 -2.1159139E+01 -1.4509802E+01 -2.5680713E+00
2026 07 24 05 10 30 000 -2.1160758E+01 -1.4513583E+01 -2.5605535E+00
2026 07 24 05 11 00 000 -2.1162375E+01 -1.4517359E+01 -2.5530337E+00
2026 07 24 05 11 30 000 -2.1163991E+01 -1.4521130E+01 -2.5455119E+00
2026 07 24 05 12 00 000 -2.1165605E+01 -1.4524897E+01 -2.5379883E+00
2026 07 24 05 12 30 000 -2.1167218E+01 -1.4528658E+01 -2.5304627E+00
2026 07 24 05 13 00 000 -2.1168828E+01 -1.4532415E+01 -2.5229353E+00
2026 07 24 05 13 30 000 -2.1170438E+01 -1.4536167E+01 -2.5154060E+00
2026 07 24 05 14 00 000 -2.1172045E+01 -1.4539915E+01 -2.5078749E+00
2026 07 24 05 14 30 000 -2.1173651E+01 -1.4543657E+01 -2.5003420E+00
2026 07 24 05 15 00 000 -2.1175255E+01 -1.4547395E+01 -2.4928074E+00
2026 07 24 05 15 30 000 -2.1176857E+01 -1.4551127E+01 -2.4852710E+00
2026 07 24 05 16 00 000 -2.1178458E+01 -1.4554855E+01 -2.4777329E+00
2026 07 24 05 16 30 000 -2.1180057E+01 -1.4558578E+01 -2.4701931E+00
2026 07 24 05 17 00 000 -2.1181655E+01 -1.4562297E+01 -2.4626516E+00
2026 07 24 05 17 30 000 -2.1183251E+01 -1.4566010E+01 -2.4551085E+00
2026 07 24 05 18 00 000 -2.1184845E+01 -1.4569719E+01 -2.4475638E+00
2026 07 24 05 18 30 000 -2.1186437E+01 -1.4573423E+01 -2.4400175E+00
2026 07 24 05 19 00 000 -2.1188028E+01 -1.4577122E+01 -2.4324696E+00
2026 07 24 05 19 30 000 -2.1189617E+01 -1.4580816E+01 -2.4249202E+00
2026 07 24 05 20 00 000 -2.1191204E+01 -1.4584505E+01 -2.4173692E+00
2026 07 24 05 20 30 000 -2.1192790E+01 -1.4588189E+01 -2.4098168E+00
2026 07 24 05 21 00 000 -2.1194374E+01 -1.4591869E+01 -2.4022629E+00
2026 07 24 05 21 30 000 -2.1195957E+01 -1.4595543E+01 -2.3947076E+00
2026 07 24 05 22 00 000 -2.1197538E+01 -1.4599213E+01 -2.3871508E+00
2026 07 24 05 22 30 000 -2.1199117E+01 -1.4602878E+01 -2.3795927E+00
2026 07 24 05 23 00 000 -2.1200694E+01 -1.4606538E+01 -2.3720332E+00
2026 07 24 05 23 30 000 -2.1202270E+01 -1.4610193E+01 -2.3644723E+00
2026 07 24 05 24 00 000 -2.1203844E+01 -1.4613843E+01 -2.3569102E+00
2026 07 24 05 24 30 000 -2.1205417E+01 -1.4617489E+01 -2.3493468E+00
2026 07 24 05 25 00 000 -2.1206987E+01 -1.4621129E+01 -2.3417821E+00
2026 07 24 05 25 30 000 -2.1208557E+01 -1.4624765E+01 -2.3342161E+00
2026 07 24 05 26 00 000 -2.1210124E+01 -1.4628395E+01 -2.3266490E+00
2026 07 24 05 26 30 000 -2.1211690E+01 -1.4632021E+01 -2.3190807E+00
2026 07 24 05 27 00 000 -2.1213254E+01 -1.4635642E+01 -2.3115112E+00
2026 07 24 05 27 30 000 -2.1214817E+01 -1.4639258E+01 -2.3039406E+00
2026 07 24 05 28 00 000 -2.1216377E+01 -1.4642869E+01 -2.2963688E+00
2026 07 24 05 28 30 000 -2.1217937E+01 -1.4646475E+01 -2.2887960E+00
2026 07 24 05 29 00 000 -2.1219494E+01 -1.4650076E+01 -2.2812221E+00
2026 07 24 05 29 30 000 -2.1221050E+01 -1.4653673E+01 -2.2736472E+00
2026 07 24 05 30 00 000 -2.1222604E+01 -1.4657264E+01 -2.2660713E+00
2026 07 24 05 30 30 000 -2.1224157E+01 -1.4660851E+01 -2.2584944E+00
2026 07 24 05 31 00 000 -2.1225708E+01 -1.4664432E+01 -2.2509166E+00
2026 07 24 05 31 30 000 -2.1227257E+01 -1.4668009E+01 -2.2433378E+00
2026 07 24 05 32 00 000 -2.1228805E+01 -1.4671581E+01 -2.2357582E+00
2026 07 24 05 32 30 000 -2.1230351E+01 -1.4675148E+01 -2.2281776E+00
2026 07 24 05 33 00 000 -2.1231895E+01 -1.4678709E+01 -2.2205962E+00
2026 07 24 05 33 30 000 -2.1233438E+01 -1.4682266E+01 -2.2130140E+00
2026 07 24 05 34 00 000 -2.1234978E+01 -1.4685818E+01 -2.2054309E+00
2026 07 24 05 34 30 000 -2.1236518E+01 -1.4689366E+01 -2.1978471E+00
2026 07 24 05 35 00 000 -2.1238055E+01 -1.4692908E+01 -2.1902626E+00
2026 07 24 05 35 30 000 -2.1239591E+01 -1.4696445E+01 -2.1826773E+00
2026 07 24 05 36 00 000 -2.1241126E+01 -1.4699977E+01 -2.1750913E+00
2026 07 24 05 36 30 000 -2.1242659E+01 -1.4703505E+01 -2.1675047E+00
2026 07 24 05 37 00 000 -2.1244190E+01 -1.4707027E+01 -2.1599174E+00
2026 07 24 05 37 30 000 -2.1245719E+01 -1.4710545E+01 -2.1523294E+00
2026 07 24 05 38 00 000 -2.1247247E+01 -1.4714057E+01 -2.1447409E+00
2026 07 24 05 38 30 000 -2.1248773E+01 -1.4717565E+01 -2.1371519E+00
2026 07 24 05 39 00 000 -2.1250297E+01 -1.4721067E+01 -2.1295622E+00
2026 07 24 05 39 30 000 -2.1251820E+01 -1.4724565E+01 -2.1219721E+00
2026 07 24 05 40 00 000 -2.1253341E+01 -1.4728058E+01 -2.1143814E+00
2026 07 24 05 40 30 000 -2.1254861E+01 -1.4731546E+01 -2.1067903E+00
2026 07 24 05 41 00 000 -2.1256379E+01 -1.4735028E+01 -2.0991988E+00
2026 07 24 05 41 30 000 -2.1257895E+01 -1.4738506E+01 -2.0916068E+00
2026 07 24 05 42 00 000 -2.1259409E+01 -1.4741979E+01 -2.0840145E+00
2026 07 24 05 42 30 000 -2.1260922E+01 -1.4745447E+01 -2.0764218E+00
2026 07 24 05 43 00 000 -2.1262434E+01 -1.4748910E+01 -2.0688288E+00
2026 07 24 05 43 30 000 -2.1263943E+01 -1.4752368E+01 -2.0612354E+00
2026 07 24 05 44 00 000 -2.1265451E+01 -1.4755822E+01 -2.0536418E+00
2026 07 24 05 44 30 000 -2.1266957E+01 -1.4759270E+01 -2.0460479E+00
2026 07 24 05 45 00 000 -2.1268462E+01 -1.4762713E+01 -2.0384538E+00
2026 07 24 05 45 30 000 -2.1269965E+01 -1.4766151E+01 -2.0308594E+00
2026 07 24 05 46 00 000 -2.1271466E+01 -1.4769584E+01 -2.0232649E+00
2026 07 24 05 46 30 000 -2.1272966E+01 -1.4773013E+01 -2.0156702E+00
2026 07 24 05 47 00 000 -2.1274464E+01 -1.4776436E+01 -2.0080754E+00
2026 07 24 05 47 30 000 -2.1275961E+01 -1.4779854E+01 -2.0004805E+00
2026 07 24 05 48 00 000 -2.1277456E+01 -1.4783268E+01 -1.9928856E+00
2026 07 24 05 48 30 000 -2.1278949E+01 -1.4786676E+01 -1.9852905E+00
2026 07 24 05 49 00 000 -2.1280440E+01 -1.4790080E+01 -1.9776955E+00
2026 07 24 05 49 30 000 -2.1281930E+01 -1.4793478E+01 -1.9701004E+00
2026 07 24 05 50 00 000 -2.1283418E+01 -1.4796872E+01 -1.9625054E+00
2026 07 24 05 50 30 000 -2.1284905E+01 -1.4800260E+01 -1.9549104E+00
2026 07 24 05 51 00 000 -2.1286390E+01 -1.4803644E+01 -1.9473155E+00
2026 07 24 05 51 30 000 -2.1287873E+01 -1.4807022E+01 -1.9397207E+00
2026 07 24 05 52 00 000 -2.1289355E+01 -1.4810396E+01 -1.9321261E+00
2026 07 24 05 52 30 000 -2.1290835E+01 -1.4813765E+01 -1.9245316E+00
2026 07 24 05 53 00 000 -2.1292313E+01 -1.4817129E+01 -1.9169373E+00
2026 07 24 05 53 30 000 -2.1293790E+01 -1.4820487E+01 -1.9093432E+00
2026 07 24 05 54 00 000 -2.1295265E+01 -1.4823841E+01 -1.9017493E+00
2026 07 24 05 54 30 000 -2.1296738E+01 -1.4827190E+01 -1.8941557E+00
2026 07 24 05 55 00 000 -2.1298210E+01 -1.4830534E+01 -1.8865624E+00
2026 07 24 05 55 30 000 -2.1299680E+01 -1.4833873E+01 -1.8789693E+00
2026 07 24 05 56 00 000 -2.1301149E+01 -1.4837207E+01 -1.8713767E+00
2026 07 24 05 56 30 000 -2.1302616E+01 -1.4840535E+01 -1.8637844E+00
2026 07 24 05 57 00 000 -2.1304081E+01 -1.4843859E+01 -1.8561925E+00
2026 07 24 05 57 30 000 -2.1305545E+01 -1.4847178E+01 -1.8486009E+00
2026 07 24 05 58 00 000 -2.1307007E+01 -1.4850492E+01 -1.8410099E+00
2026 07 24 05 58 30 000 -2.1308467E+01 -1.4853802E+01 -1.8334193E+00
2026 07 24 05 59 00 000 -2.1309926E+01 -1.4857106E+01 -1.8258292E+00
2026 07 24 05 59 30 000 -2.1311383E+01 -1.4860405E+01 -1.8182396E+00
2026 07 24 06 00 00 000 -2.1312838E+01 -1.4863699E+01 -1.8106506E+00
2026 07 24 06 00 30 000 -2.1314292E+01 -1.4866988E+01 -1.8030622E+00
2026 07 24 06 01 00 000 -2.1315744E+01 -1.4870272E+01 -1.7954743E+00
2026 07 24 06 01 30 000 -2.1317195E+01 -1.4873552E+01 -1.7878871E+00
2026 07 24 06 02 00 000 -2.1318644E+01 -1.4876826E+01 -1.7803006E+00
2026 07 24 06 02 30 000 -2.1320091E+01 -1.4880095E+01 -1.7727147E+00
2026 07 24 06 03 00 000 -2.1321537E+01 -1.4883360E+01 -1.7651295E+00
2026 07 24 06 03 30 000 -2.1322981E+01 -1.4886619E+01 -1.7575451E+00
2026 07 24 06 04 00 000 -2.1324423E+01 -1.4889874E+01 -1.7499614E+00
2026 07 24 06 04 30 000 -2.1325864E+01 -1.4893123E+01 -1.7423785E+00
2026 07 24 06 05 00 000 -2.1327303E+01 -1.4896368E+01 -1.7347964E+00
2026 07 24 06 05 30 000 -2.1328740E+01 -1.4899607E+01 -1.7272151E+00
2026 07 24 06 06 00 000 -2.1330176E+01 -1.4902842E+01 -1.7196347E+00
2026 07 24 06 06 30 000 -2.1331611E+01 -1.4906072E+01 -1.7120552E+00
2026 07 24 06 07 00 000 -2.1333043E+01 -1.4909296E+01 -1.7044766E+00
2026 07 24 06 07 30 000 -2.1334474E+01 -1.4912516E+01 -1.6968989E+00
2026 07 24 06 08 00 000 -2.1335903E+01 -1.4915731E+01 -1.6893222E+00
2026 07 24 06 08 30 000 -2.1337331E+01 -1.4918941E+01 -1.6817465E+00
2026 07 24 06 09 00 000 -2.1338757E+01 -1.4922146E+01 -1.6741718E+00
2026 07 24 06 09 30 000 -2.1340182E+01 -1.4925346E+01 -1.6665982E+00
2026 07 24 06 10 00 000 -2.1341604E+01 -1.4928541E+01 -1.6590256E+00
2026 07 24 06 10 30 000 -2.1343026E+01 -1.4931731E+01 -1.6514541E+00
2026 07 24 06 11 00 000 -2.1344445E+01 -1.4934916E+01 -1.6438838E+00
2026 07 24 06 11 30 000 -2.1345863E+01 -1.4938096E+01 -1.6363146E+00
2026 07 24 06 12 00 000 -2.1347279E+01 -1.4941271E+01 -1.6287465E+00
2026 07 24 06 12 30 000 -2.1348694E+01 -1.4944442E+01 -1.6211797E+00
2026 07 24 06 13 00 000 -2.1350107E+01 -1.4947607E+01 -1.6136141E+00
2026 07 24 06 13 30 000 -2.1351519E+01 -1.4950768E+01 -1.6060498E+00
2026 07 24 06 14 00 000 -2.1352928E+01 -1.4953923E+01 -1.5984867E+00
2026 07 24 06 14 30 000 -2.1354337E+01 -1.4957074E+01 -1.5909250E+00
2026 07 24 06 15 00 000 -2.1355743E+01 -1.4960219E+01 -1.5833645E+00
2026 07 24 06 15 30 000 -2.1357148E+01 -1.4963360E+01 -1.5758055E+00
2026 07 24 06 16 00 000 -2.1358551E+01 -1.4966496E+01 -1.5682478E+00
2026 07 24 06 16 30 000 -2.1359953E+01 -1.4969627E+01 -1.5606915E+00
2026 07 24 06 17 00 000 -2.1361353E+01 -1.4972753E+01 -1.5531367E+00
2026 07 24 06 17 30 000 -2.1362752E+01 -1.4975874E+01 -1.5455833E+00
2026 07 24 06 18 00 000 -2.1364148E+01 -1.4978990E+01 -1.5380314E+00
2026 07 24 06 18 30 000 -2.1365544E+01 -1.4982101E+01 -1.5304811E+00
2026 07 24 06 19 00 000 -2.1366937E+01 -1.4985208E+01 -1.5229323E+00
2026 07 24 06 19 30 000 -2.1368329E+01 -1.4988309E+01 -1.5153850E+00
2026 07 24 06 20 00 000 -2.1369719E+01 -1.4991406E+01 -1.5078393E+00
2026 07 24 06 20 30 000 -2.1371108E+01 -1.4994497E+01 -1.5002953E+00
2026 07 24 06 21 00 000 -2.1372495E+01 -1.4997584E+01 -1.4927529E+00
2026 07 24 06 21 30 000 -2.1373881E+01 -1.5000666E+01 -1.4852122E+00
2026 07 24 06 22 00 000 -2.1375264E+01 -1.5003743E+01 -1.4776731E+00
2026 07 24 06 22 30 000 -2.1376647E+01 -1.5006815E+01 -1.4701358E+00
2026 07 24 06 23 00 000 -2.1378027E+01 -1.5009882E+01 -1.4626003E+00
2026 07 24 06 23 30 000 -2.1379406E+01 -1.5012944E+01 -1.4550665E+00
2026 07 24 06 24 00 000 -2.1380784E+01 -1.5016001E+01 -1.4475345E+00
2026 07 24 06 24 30 000 -2.1382159E+01 -1.5019054E+01 -1.4400044E+00
2026 07 24 06 25 00 000 -2.1383534E+01 -1.5022102E+01 -1.4324761E+00
2026 07 24 06 25 30 000 -2.1384906E+01 -1.5025144E+01 -1.4249497E+00
2026 07 24 06 26 00 000 -2.1386277E+01 -1.5028182E+01 -1.4174252E+00
2026 07 24 06 26 30 000 -2.1387646E+01 -1.5031215E+01 -1.4099026E+00
2026 07 24 06 27 00 000 -2.1389014E+01 -1.5034243E+01 -1.4023820E+00
2026 07 24 06 27 30 000 -2.1390380E+01 -1.5037266E+01 -1.3948634E+00
2026 07 24 06 28 00 000 -2.1391744E+01 -1.5040285E+01 -1.3873468E+00
2026 07 24 06 28 30 000 -2.1393107E+01 -1.5043298E+01 -1.3798322E+00
2026 07 24 06 29 00 000 -2.1394468E+01 -1.5046307E+01 -1.3723197E+00
2026 07 24 06 29 30 000 -2.1395828E+01 -1.5049311E+01 -1.3648093E+00
2026 07 24 06 30 00 000 -2.1397186E+01 -1.5052310E+01 -1.3573010E+00
2026 07 24 06 30 30 000 -2.1398542E+01 -1.5055304E+01 -1.3497948E+00
2026 07 24 06 31 00 000 -2.1399897E+01 -1.5058293E+01 -1.3422908E+00
2026 07 24 06 31 30 000 -2.1401250E+01 -1.5061278E+01 -1.3347890E+00
2026 07 24 06 32 00 000 -2.1402602E+01 -1.5064257E+01 -1.3272894E+00
2026 07 24 06 32 30 000 -2.1403952E+01 -1.5067232E+01 -1.3197921E+00
2026 07 24 06 33 00 000 -2.1405300E+01 -1.5070202E+01 -1.3122970E+00
2026 07 24 06 33 30 000 -2.1406647E+01 -1.5073167E+01 -1.3048043E+00
2026 07 24 06 34 00 000 -2.1407992E+01 -1.5076127E+01 -1.2973138E+00
2026 07 24 06 34 30 000 -2.1409335E+01 -1.5079083E+01 -1.2898257E+00
2026 07 24 06 35 00 000 -2.1410677E+01 -1.5082034E+01 -1.2823400E+00
2026 07 24 06 35 30 000 -2.1412017E+01 -1.5084980E+01 -1.2748567E+00
2026 07 24 06 36 00 000 -2.1413356E+01 -1.5087921E+01 -1.2673758E+00
2026 07 24 06 36 30 000 -2.1414693E+01 -1.5090857E+01 -1.2598974E+00
2026 07 24 06 37 00 000 -2.1416028E+01 -1.5093788E+01 -1.2524214E+00
2026 07 24 06 37 30 000 -2.1417362E+01 -1.5096715E+01 -1.2449480E+00
2026 07 24 06 38 00 000 -2.1418694E+01 -1.5099637E+01 -1.2374771E+00
2026 07 24 06 38 30 000 -2.1420025E+01 -1.5102554E+01 -1.2300087E+00
2026 07 24 06 39 00 000 -2.1421354E+01 -1.5105466E+01 -1.2225429E+00
2026 07 24 06 39 30 000 -2.1422681E+01 -1.5108374E+01 -1.2150798E+00
2026 07 24 06 40 00 000 -2.1424007E+01 -1.5111277E+01 -1.2076192E+00
2026 07 24 06 40 30 000 -2.1425331E+01 -1.5114175E+01 -1.2001614E+00
2026 07 24 06 41 00 000 -2.1426654E+01 -1.5117068E+01 -1.1927062E+00
2026 07 24 06 41 30 000 -2.1427975E+01 -1.5119956E+01 -1.1852537E+00
2026 07 24 06 42 00 000 -2.1429294E+01 -1.5122840E+01 -1.1778040E+00
2026 07 24 06 42 30 000 -2.1430612E+01 -1.5125719E+01 -1.1703570E+00
2026 07 24 06 43 00 000 -2.1431928E+01 -1.5128593E+01 -1.1629128E+00
2026 07 24 06 43 30 000 -2.1433242E+01 -1.5131463E+01 -1.1554715E+00
2026 07 24 06 44 00 000 -2.1434555E+01 -1.5134327E+01 -1.1480329E+00
2026 07 24 06 44 30 000 -2.1435867E+01 -1.5137187E+01 -1.1405973E+00
2026 07 24 06 45 00 000 -2.1437176E+01 -1.5140043E+01 -1.1331646E+00
2026 07 24 06 45 30 000 -2.1438485E+01 -1.5142893E+01 -1.1257347E+00
2026 07 24 06 46 00 000 -2.1439791E+01 -1.5145739E+01 -1.1183078E+00
2026 07 24 06 46 30 000 -2.1441096E+01 -1.5148580E+01 -1.1108839E+00
2026 07 24 06 47 00 000 -2.1442399E+01 -1.5151417E+01 -1.1034630E+00
2026 07 24 06 47 30 000 -2.1443701E+01 -1.5154248E+01 -1.0960451E+00
2026 07 24 06 48 00 000 -2.1445001E+01 -1.5157075E+01 -1.0886302E+00
2026 07 24 06 48 30 000 -2.1446299E+01 -1.5159898E+01 -1.0812185E+00
2026 07 24 06 49 00 000 -2.1447596E+01 -1.5162715E+01 -1.0738098E+00
2026 07 24 06 49 30 000 -2.1448892E+01 -1.5165528E+01 -1.0664043E+00
2026 07 24 06 50 00 000 -2.1450185E+01 -1.5168336E+01 -1.0590019E+00
2026 07 24 06 50 30 000 -2.1451477E+01 -1.5171140E+01 -1.0516026E+00
2026 07 24 06 51 00 000 -2.1452768E+01 -1.5173939E+01 -1.0442066E+00
2026 07 24 06 51 30 000 -2.1454057E+01 -1.5176733E+01 -1.0368138E+00
2026 07 24 06 52 00 000 -2.1455344E+01 -1.5179523E+01 -1.0294243E+00
2026 07 24 06 52 30 000 -2.1456630E+01 -1.5182307E+01 -1.0220381E+00
2026 07 24 06 53 00 000 -2.1457914E+01 -1.5185088E+01 -1.0146551E+00
2026 07 24 06 53 30 000 -2.1459196E+01 -1.5187863E+01 -1.0072755E+00
2026 07 24 06 54 00 000 -2.1460477E+01 -1.5190634E+01 -9.9989925E-01
2026 07 24 06 54 30 000 -2.1461757E+01 -1.5193401E+01 -9.9252638E-01
2026 07 24 06 55 00 000 -2.1463034E+01 -1.5196162E+01 -9.8515691E-01
2026 07 24 06 55 30 000 -2.1464310E+01 -1.5198920E+01 -9.7779089E-01
2026 07 24 06 56 00 000 -2.1465585E+01 -1.5201672E+01 -9.7042832E-01
2026 07 24 06 56 30 000 -2.1466858E+01 -1.5204420E+01 -9.6306923E-01
2026 07 24 06 57 00 000 -2.1468129E+01 -1.5207163E+01 -9.5571365E-01
2026 07 24 06 57 30 000 -2.1469399E+01 -1.5209902E+01 -9.4836162E-01
2026 07 24 06 58 00 000 -2.1470667E+01 -1.5212636E+01 -9.4101314E-01
2026 07 24 06 58 30 000 -2.1471934E+01 -1.5215365E+01 -9.3366825E-01
2026 07 24 06 59 00 000 -2.1473198E+01 -1.5218090E+01 -9.2632697E-01
2026 07 24 06 59 30 000 -2.1474462E+01 -1.5220811E+01 -9.1898933E-01
2026 07 24 07 00 00 000 -2.1475724E+01 -1.5223526E+01 -9.1165536E-01
2026 07 24 07 00 30 000 -2.1476984E+01 -1.5226237E+01 -9.0432508E-01
2026 07 24 07 01 00 000 -2.1478242E+01 -1.5228944E+01 -8.9699850E-01
2026 07 24 07 01 30 000 -2.1479499E+01 -1.5231646E+01 -8.8967567E-01
2026 07 24 07 02 00 000 -2.1480755E+01 -1.5234344E+01 -8.8235660E-01
2026 07 24 07 02 30 000 -2.1482008E+01 -1.5237037E+01 -8.7504133E-01
2026 07 24 07 03 00 000 -2.1483261E+01 -1.5239725E+01 -8.6772987E-01
2026 07 24 07 03 30 000 -2.1484511E+01 -1.5242409E+01 -8.6042225E-01
2026 07 24 07 04 00 000 -2.1485760E+01 -1.5245088E+01 -8.5311850E-01
2026 07 24 07 04 30 000 -2.1487008E+01 -1.5247763E+01 -8.4581865E-01
2026 07 24 07 05 00 000 -2.1488253E+01 -1.5250434E+01 -8.3852271E-01
2026 07 24 07 05 30 000 -2.1489498E+01 -1.5253099E+01 -8.3123071E-01
2026 07 24 07 06 00 000 -2.1490740E+01 -1.5255761E+01 -8.2394268E-01
2026 07 24 07 06 30 000 -2.1491981E+01 -1.5258418E+01 -8.1665865E-01
2026 07 24 07 07 00 000 -2.1493221E+01 -1.5261070E+01 -8.0937863E-01
2026 07 24 07 07 30 000 -2.1494459E+01 -1.5263718E+01 -8.0210266E-01
2026 07 24 07 08 00 000 -2.1495695E+01 -1.5266361E+01 -7.9483075E-01
2026 07 24 07 08 30 000 -2.1496930E+01 -1.5269000E+01 -7.8756294E-01
2026 07 24 07 09 00 000 -2.1498163E+01 -1.5271635E+01 -7.8029926E-01
2026 07 24 07 09 30 000 -2.1499394E+01 -1.5274265E+01 -7.7303971E-01
2026 07 24 07 10 00 000 -2.1500624E+01 -1.5276890E+01 -7.6578433E-01
2026 07 24 07 10 30 000 -2.1501853E+01 -1.5279512E+01 -7.5853315E-01
2026 07 24 07 11 00 000 -2.1503079E+01 -1.5282128E+01 -7.5128618E-01
2026 07 24 07 11 30 000 -2.1504304E+01 -1.5284741E+01 -7.4404349E-01
2026 07 24 07 12 00 000 -2.1505528E+01 -1.5287348E+01 -7.3680505E-01
2026 07 24 07 12 30 000 -2.1506750E+01 -1.5289952E+01 -7.2957091E-01
2026 07 24 07 13 00 000 -2.1507970E+01 -1.5292551E+01 -7.2234108E-01
2026 07 24 07 13 30 000 -2.1509189E+01 -1.5295146E+01 -7.1511560E-01
2026 07 24 07 14 00 000 -2.1510407E+01 -1.5297736E+01 -7.0789448E-01
2026 07 24 07 14 30 000 -2.1511622E+01 -1.5300322E+01 -7.0067776E-01
2026 07 24 07 15 00 000 -2.1512836E+01 -1.5302903E+01 -6.9346546E-01
2026 07 24 07 15 30 000 -2.1514049E+01 -1.5305480E+01 -6.8625761E-01
2026 07 24 07 16 00 000 -2.1515260E+01 -1.5308053E+01 -6.7905425E-01
2026 07 24 07 16 30 000 -2.1516469E+01 -1.5310621E+01 -6.7185538E-01
2026 07 24 07 17 00 000 -2.1517677E+01 -1.5313185E+01 -6.6466103E-01
2026 07 24 07 17 30 000 -2.1518883E+01 -1.5315745E+01 -6.5747121E-01
2026 07 24 07 18 00 000 -2.1520088E+01 -1.5318300E+01 -6.5028598E-01
2026 07 24 07 18 30 000 -2.1521291E+01 -1.5320851E+01 -6.4310533E-01
2026 07 24 07 19 00 000 -2.1522492E+01 -1.5323398E+01 -6.3592930E-01
2026 07 24 07 19 30 000 -2.1523692E+01 -1.5325940E+01 -6.2875792E-01
2026 07 24 07 20 00 000 -2.1524890E+01 -1.5328479E+01 -6.2159123E-01
2026 07 24 07 20 30 000 -2.1526087E+01 -1.5331012E+01 -6.1442921E-01
2026 07 24 07 21 00 000 -2.1527282E+01 -1.5333542E+01 -6.0727192E-01
2026 07 24 07 21 30 000 -2.1528475E+01 -1.5336067E+01 -6.0011937E-01
2026 07 24 07 22 00 000 -2.1529667E+01 -1.5338588E+01 -5.9297159E-01
2026 07 24 07 22 30 000 -2.1530858E+01 -1.5341105E+01 -5.8582862E-01
2026 07 24 07 23 00 000 -2.1532046E+01 -1.5343617E+01 -5.7869046E-01
2026 07 24 07 23 30 000 -2.1533234E+01 -1.5346125E+01 -5.7155713E-01
2026 07 24 07 24 00 000 -2.1534419E+01 -1.5348629E+01 -5.6442868E-01
2026 07 24 07 24 30 000 -2.1535603E+01 -1.5351129E+01 -5.5730513E-01
2026 07 24 07 25 00 000 -2.1536786E+01 -1.5353624E+01 -5.5018648E-01
2026 07 24 07 25 30 000 -2.1537966E+01 -1.5356115E+01 -5.4307278E-01
2026 07 24 07 26 00 000 -2.1539146E+01 -1.5358602E+01 -5.3596405E-01
2026 07 24 07 26 30 000 -2.1540324E+01 -1.5361085E+01 -5.2886031E-01
2026 07 24 07 27 00 000 -2.1541500E+01 -1.5363563E+01 -5.2176159E-01
2026 07 24 07 27 30 000 -2.1542674E+01 -1.5366038E+01 -5.1466790E-01
2026 07 24 07 28 00 000 -2.1543847E+01 -1.5368508E+01 -5.0757928E-01
2026 07 24 07 28 30 000 -2.1545019E+01 -1.5370974E+01 -5.0049575E-01
2026 07 24 07 29 00 000 -2.1546188E+01 -1.5373436E+01 -4.9341734E-01
2026 07 24 07 29 30 000 -2.1547357E+01 -1.5375893E+01 -4.8634407E-01
2026 07 24 07 30 00 000 -2.1548523E+01 -1.5378347E+01 -4.7927595E-01
2026 07 24 07 30 30 000 -2.1549689E+01 -1.5380796E+01 -4.7221303E-01
2026 07 24 07 31 00 000 -2.1550852E+01 -1.5383241E+01 -4.6515531E-01
2026 07 24 07 31 30 000 -2.1552014E+01 -1.5385682E+01 -4.5810284E-01
2026 07 24 07 32 00 000 -2.1553174E+01 -1.5388119E+01 -4.5105562E-01
2026 07 24 07 32 30 000 -2.1554333E+01 -1.5390552E+01 -4.4401368E-01
2026 07 24 07 33 00 000 -2.1555491E+01 -1.5392981E+01 -4.3697706E-01
2026 07 24 07 33 30 000 -2.1556646E+01 -1.5395405E+01 -4.2994577E-01
2026 07 24 07 34 00 000 -2.1557800E+01 -1.5397826E+01 -4.2291984E-01
2026 07 24 07 34 30 000 -2.1558953E+01 -1.5400242E+01 -4.1589929E-01
2026 07 24 07 35 00 000 -2.1560104E+01 -1.5402655E+01 -4.0888414E-01
2026 07 24 07 35 30 000 -2.1561253E+01 -1.5405063E+01 -4.0187442E-01
2026 07 24 07 36 00 000 -2.1562401E+01 -1.5407467E+01 -3.9487016E-01
2026 07 24 07 36 30 000 -2.1563547E+01 -1.5409868E+01 -3.8787138E-01
2026 07 24 07 37 00 000 -2.1564692E+01 -1.5412264E+01 -3.8087810E-01
2026 07 24 07 37 30 000 -2.1565835E+01 -1.5414656E+01 -3.7389035E-01
2026 07 24 07 38 00 000 -2.1566977E+01 -1.5417044E+01 -3.6690815E-01
2026 07 24 07 38 30 000 -2.1568117E+01 -1.5419428E+01 -3.5993153E-01
2026 07 24 07 39 00 000 -2.1569255E+01 -1.5421808E+01 -3.5296050E-01
2026 07 24 07 39 30 000 -2.1570392E+01 -1.5424184E+01 -3.4599510E-01
2026 07 24 07 40 00 000 -2.1571527E+01 -1.5426556E+01 -3.3903534E-01
2026 07 24 07 40 30 000 -2.1572661E+01 -1.5428924E+01 -3.3208126E-01
2026 07 24 07 41 00 000 -2.1573793E+01 -1.5431289E+01 -3.2513287E-01
2026 07 24 07 41 30 000 -2.1574923E+01 -1.5433649E+01 -3.1819020E-01
2026 07 24 07 42 00 000 -2.1576052E+01 -1.5436005E+01 -3.1125328E-01
2026 07 24 07 42 30 000 -2.1577180E+01 -1.5438357E+01 -3.0432212E-01
2026 07 24 07 43 00 000 -2.1578306E+01 -1.5440706E+01 -2.9739675E-01
2026 07 24 07 43 30 000 -2.1579430E+01 -1.5443050E+01 -2.9047720E-01
2026 07 24 07 44 00 000 -2.1580553E+01 -1.5445390E+01 -2.8356348E-01
2026 07 24 07 44 30 000 -2.1581674E+01 -1.5447727E+01 -2.7665563E-01
2026 07 24 07 45 00 000 -2.1582793E+01 -1.5450060E+01 -2.6975367E-01
2026 07 24 07 45 30 000 -2.1583911E+01 -1.5452389E+01 -2.6285762E-01
2026 07 24 07 46 00 000 -2.1585028E+01 -1.5454713E+01 -2.5596750E-01
2026 07 24 07 46 30 000 -2.1586143E+01 -1.5457034E+01 -2.4908333E-01
2026 07 24 07 47 00 000 -2.1587256E+01 -1.5459352E+01 -2.4220515E-01
2026 07 24 07 47 30 000 -2.1588368E+01 -1.5461665E+01 -2.3533297E-01
2026 07 24 07 48 00 000 -2.1589478E+01 -1.5463974E+01 -2.2846682E-01
2026 07 24 07 48 30 000 -2.1590587E+01 -1.5466280E+01 -2.2160672E-01
2026 07 24 07 49 00 000 -2.1591694E+01 -1.5468582E+01 -2.1475269E-01
2026 07 24 07 49 30 000 -2.1592799E+01 -1.5470880E+01 -2.0790478E-01
2026 07 24 07 50 00 000 -2.1593903E+01 -1.5473174E+01 -2.0106298E-01
2026 07 24 07 50 30 000 -2.1595006E+01 -1.5475464E+01 -1.9422732E-01
2026 07 24 07 51 00 000 -2.1596106E+01 -1.5477751E+01 -1.8739784E-01
2026 07 24 07 51 30 000 -2.1597206E+01 -1.5480033E+01 -1.8057456E-01
2026 07 24 07 52 00 000 -2.1598303E+01 -1.5482312E+01 -1.7375748E-01
2026 07 24 07 52 30 000 -2.1599400E+01 -1.5484588E+01 -1.6694665E-01
2026 07 24 07 53 00 000 -2.1600494E+01 -1.5486859E+01 -1.6014208E-01
2026 07 24 07 53 30 000 -2.1601587E+01 -1.5489127E+01 -1.5334379E-01
2026 07 24 07 54 00 000 -2.1602679E+01 -1.5491391E+01 -1.4655183E-01
2026 07 24 07 54 30 000 -2.1603768E+01 -1.5493651E+01 -1.3976619E-01
2026 07 24 07 55 00 000 -2.1604857E+01 -1.5495908E+01 -1.3298690E-01
2026 07 24 07 55 30 000 -2.1605944E+01 -1.5498160E+01 -1.2621400E-01
2026 07 24 07 56 00 000 -2.1607029E+01 -1.5500410E+01 -1.1944751E-01
2026 07 24 07 56 30 000 -2.1608112E+01 -1.5502655E+01 -1.1268744E-01
2026 07 24 07 57 00 000 -2.1609195E+01 -1.5504897E+01 -1.0593382E-01
2026 07 24 07 57 30 000 -2.1610275E+01 -1.5507135E+01 -9.9186668E-02
2026 07 24 07 58 00 000 -2.1611354E+01 -1.5509369E+01 -9.2446015E-02
2026 07 24 07 58 30 000 -2.1612431E+01 -1.5511600E+01 -8.5711883E-02
2026 07 24 07 59 00 000 -2.1613507E+01 -1.5513827E+01 -7.8984290E-02
2026 07 24 07 59 30 000 -2.1614582E+01 -1.5516051E+01 -7.2263262E-02
2026 07 24 08 00 00 000 -2.1615654E+01 -1.5518270E+01 -6.5548825E-02
2026 07 24 08 00 30 000 -2.1616726E+01 -1.5520487E+01 -5.8841006E-02
2026 07 24 08 01 00 000 -2.1617795E+01 -1.5522699E+01 -5.2139814E-02
2026 07 24 08 01 30 000 -2.1618863E+01 -1.5524908E+01 -4.5445279E-02
2026 07 24 08 02 00 000 -2.1619930E+01 -1.5527114E+01 -3.8757427E-02
2026 07 24 08 02 30 000 -2.1620995E+01 -1.5529316E+01 -3.2076280E-02
2026 07 24 08 03 00 000 -2.1622058E+01 -1.5531514E+01 -2.5401865E-02
2026 07 24 08 03 30 000 -2.1623120E+01 -1.5533709E+01 -1.8734190E-02
2026 07 24 08 04 00 000 -2.1624180E+01 -1.5535900E+01 -1.2073286E-02
2026 07 24 08 04 30 000 -2.1625239E+01 -1.5538088E+01 -5.4191791E-03
2026 07 24 08 05 00 000 -2.1626296E+01 -1.5540272E+01 1.2281051E-03
2026 07 24 08 05 30 000 -2.1627352E+01 -1.5542452E+01 7.8685557E-03
2026 07 24 08 06 00 000 -2.1628406E+01 -1.5544630E+01 1.4502141E-02
2026 07 24 08 06 30 000 -2.1629459E+01 -1.5546803E+01 2.1128842E-02
2026 07 24 08 07 00 000 -2.1630510E+01 -1.5548973E+01 2.7748631E-02
2026 07 24 08 07 30 000 -2.1631559E+01 -1.5551140E+01 3.4361483E-02
2026 07 24 08 08 00 000 -2.1632607E+01 -1.5553303E+01 4.0967388E-02
2026 07 24 08 08 30 000 -2.1633653E+01 -1.5555463E+01 4.7566319E-02
2026 07 24 08 09 00 000 -2.1634698E+01 -1.5557619E+01 5.4158251E-02
2026 07 24 08 09 30 000 -2.1635741E+01 -1.5559772E+01 6.0743160E-02
2026 07 24 08 10 00 000 -2.1636783E+01 -1.5561921E+01 6.7321028E-02
2026 07 24 08 10 30 000 -2.1637823E+01 -1.5564068E+01 7.3891829E-02
2026 07 24 08 11 00 000 -2.1638862E+01 -1.5566210E+01 8.0455541E-02
2026 07 24 08 11 30 000 -2.1639899E+01 -1.5568349E+01 8.7012143E-02
2026 07 24 08 12 00 000 -2.1640934E+01 -1.5570485E+01 9.3561603E-02
2026 07 24 08 12 30 000 -2.1641968E+01 -1.5572618E+01 1.0010391E-01
2026 07 24 08 13 00 000 -2.1643001E+01 -1.5574747E+01 1.0663905E-01
2026 07 24 08 13 30 000 -2.1644031E+01 -1.5576872E+01 1.1316698E-01
2026 07 24 08 14 00 000 -2.1645061E+01 -1.5578995E+01 1.1968768E-01
2026 07 24 08 14 30 000 -2.1646088E+01 -1.5581114E+01 1.2620115E-01
2026 07 24 08 15 00 000 -2.1647115E+01 -1.5583230E+01 1.3270735E-01
2026 07 24 08 15 30 000 -2.1648139E+01 -1.5585342E+01 1.3920626E-01
2026 07 24 08 16 00 000 -2.1649162E+01 -1.5587451E+01 1.4569785E-01
2026 07 24 08 16 30 000 -2.1650184E+01 -1.5589557E+01 1.5218211E-01
2026 07 24 08 17 00 000 -2.1651204E+01 -1.5591659E+01 1.5865901E-01
2026 07 24 08 17 30 000 -2.1652222E+01 -1.5593759E+01 1.6512854E-01
2026 07 24 08 18 00 000 -2.1653239E+01 -1.5595855E+01 1.7159067E-01
2026 07 24 08 18 30 000 -2.1654255E+01 -1.5597947E+01 1.7804537E-01
2026 07 24 08 19 00 000 -2.1655268E+01 -1.5600037E+01 1.8449263E-01
2026 07 24 08 19 30 000 -2.1656281E+01 -1.5602123E+01 1.9093243E-01
2026 07 24 08 20 00 000 -2.1657291E+01 -1.5604206E+01 1.9736474E-01
2026 07 24 08 20 30 000 -2.1658301E+01 -1.5606286E+01 2.0378954E-01
2026 07 24 08 21 00 000 -2.1659308E+01 -1.5608363E+01 2.1020680E-01
2026 07 24 08 21 30 000 -2.1660314E+01 -1.5610436E+01 2.1661651E-01
2026 07 24 08 22 00 000 -2.1661319E+01 -1.5612506E+01 2.2301865E-01
2026 07 24 08 22 30 000 -2.1662322E+01 -1.5614573E+01 2.2941318E-01
2026 07 24 08 23 00 000 -2.1663323E+01 -1.5616637E+01 2.3580009E-01
2026 07 24 08 23 30 000 -2.1664323E+01 -1.5618698E+01 2.4217937E-01
2026 07 24 08 24 00 000 -2.1665322E+01 -1.5620756E+01 2.4855099E-01
2026 07 24 08 24 30 000 -2.1666318E+01 -1.5622810E+01 2.5491491E-01
2026 07 24 08 25 00 000 -2.1667314E+01 -1.5624862E+01 2.6127114E-01
2026 07 24 08 25 30 000 -2.1668307E+01 -1.5626910E+01 2.6761964E-01
2026 07 24 08 26 00 000 -2.1669300E+01 -1.5628955E+01 2.7396039E-01
2026 07 24 08 26 30 000 -2.1670290E+01 -1.5630997E+01 2.8029338E-01
2026 07 24 08 27 00 000 -2.1671279E+01 -1.5633036E+01 2.8661856E-01
2026 07 24 08 27 30 000 -2.1672267E+01 -1.5635072E+01 2.9293593E-01
2026 07 24 08 28 00 000 -2.1673253E+01 -1.5637105E+01 2.9924547E-01
2026 07 24 08 28 30 000 -2.1674237E+01 -1.5639135E+01 3.0554714E-01
2026 07 24 08 29 00 000 -2.1675220E+01 -1.5641162E+01 3.1184094E-01
2026 07 24 08 29 30 000 -2.1676202E+01 -1.5643186E+01 3.1812685E-01
2026 07 24 08 30 00 000 -2.1677182E+01 -1.5645207E+01 3.2440484E-01
2026 07 24 08 30 30 000 -2.1678160E+01 -1.5647225E+01 3.3067489E-01
2026 07 24 08 31 00 000 -2.1679137E+01 -1.5649240E+01 3.3693698E-01
2026 07 24 08 31 30 000 -2.1680112E+01 -1.5651251E+01 3.4319108E-01
2026 07 24 08 32 00 000 -2.1681086E+01 -1.5653260E+01 3.4943717E-01
2026 07 24 08 32 30 000 -2.1682058E+01 -1.5655266E+01 3.5567523E-01
2026 07 24 08 33 00 000 -2.1683029E+01 -1.5657269E+01 3.6190524E-01
2026 07 24 08 33 30 000 -2.1683998E+01 -1.5659269E+01 3.6812719E-01
2026 07 24 08 34 00 000 -2.1684965E+01 -1.5661267E+01 3.7434104E-01
2026 07 24 08 34 30 000 -2.1685931E+01 -1.5663261E+01 3.8054679E-01
2026 07 24 08 35 00 000 -2.1686896E+01 -1.5665252E+01 3.8674441E-01
2026 07 24 08 35 30 000 -2.1687859E+01 -1.5667241E+01 3.9293388E-01
2026 07 24 08 36 00 000 -2.1688820E+01 -1.5669226E+01 3.9911516E-01
2026 07 24 08 36 30 000 -2.1689780E+01 -1.5671209E+01 4.0528824E-01
2026 07 24 08 37 00 000 -2.1690738E+01 -1.5673189E+01 4.1145310E-01
2026 07 24 08 37 30 000 -2.1691695E+01 -1.5675166E+01 4.1760974E-01
2026 07 24 08 38 00 000 -2.1692651E+01 -1.5677140E+01 4.2375812E-01
2026 07 24 08 38 30 000 -2.1693604E+01 -1.5679111E+01 4.2989822E-01
2026 07 24 08 39 00 000 -2.1694556E+01 -1.5681080E+01 4.3603001E-01
2026 07 24 08 39 30 000 -2.1695507E+01 -1.5683046E+01 4.4215349E-01
2026 07 24 08 40 00 000 -2.1696456E+01 -1.5685009E+01 4.4826863E-01
2026 07 24 08 40 30 000 -2.1697404E+01 -1.5686969E+01 4.5437541E-01
2026 07 24 08 41 00 000 -2.1698350E+01 -1.5688926E+01 4.6047380E-01
2026 07 24 08 41 30 000 -2.1699295E+01 -1.5690881E+01 4.6656378E-01
2026 07 24 08 42 00 000 -2.1700238E+01 -1.5692833E+01 4.7264536E-01
2026 07 24 08 42 30 000 -2.1701179E+01 -1.5694782E+01 4.7871848E-01
2026 07 24 08 43 00 000 -2.1702119E+01 -1.5696729E+01 4.8478314E-01
2026 07 24 08 43 30 000 -2.1703057E+01 -1.5698672E+01 4.9083931E-01
2026 07 24 08 44 00 000 -2.1703994E+01 -1.5700613E+01 4.9688698E-01
2026 07 24 08 44 30 000 -2.1704930E+01 -1.5702552E+01 5.0292612E-01
2026 07 24 08 45 00 000 -2.1705863E+01 -1.5704487E+01 5.0895672E-01
2026 07 24 08 45 30 000 -2.1706796E+01 -1.5706420E+01 5.1497874E-01
2026 07 24 08 46 00 000 -2.1707726E+01 -1.5708351E+01 5.2099218E-01
2026 07 24 08 46 30 000 -2.1708656E+01 -1.5710278E+01 5.2699702E-01
2026 07 24 08 47 00 000 -2.1709583E+01 -1.5712204E+01 5.3299324E-01
2026 07 24 08 47 30 000 -2.1710509E+01 -1.5714126E+01 5.3898079E-01
2026 07 24 08 48 00 000 -2.1711434E+01 -1.5716046E+01 5.4495968E-01
2026 07 24 08 48 30 000 -2.1712357E+01 -1.5717963E+01 5.5092988E-01
2026 07 24 08 49 00 000 -2.1713279E+01 -1.5719878E+01 5.5689137E-01
2026 07 24 08 49 30 000 -2.1714199E+01 -1.5721790E+01 5.6284414E-01
2026 07 24 08 50 00 000 -2.1715117E+01 -1.5723699E+01 5.6878814E-01
2026 07 24 08 50 30 000 -2.1716034E+01 -1.5725606E+01 5.7472339E-01
2026 07 24 08 51 00 000 -2.1716950E+01 -1.5727511E+01 5.8064984E-01
2026 07 24 08 51 30 000 -2.1717864E+01 -1.5729412E+01 5.8656749E-01
2026 07 24 08 52 00 000 -2.1718776E+01 -1.5731312E+01 5.9247631E-01
2026 07 24 08 52 30 000 -2.1719687E+01 -1.5733209E+01 5.9837627E-01
2026 07 24 08 53 00 000 -2.1720596E+01 -1.5735103E+01 6.0426738E-01
2026 07 24 08 53 30 000 -2.1721504E+01 -1.5736995E+01 6.1014959E-01
2026 07 24 08 54 00 000 -2.1722410E+01 -1.5738884E+01 6.1602289E-01
2026 07 24 08 54 30 000 -2.1723315E+01 -1.5740771E+01 6.2188727E-01
2026 07 24 08 55 00 000 -2.1724218E+01 -1.5742656E+01 6.2774270E-01
2026 07 24 08 55 30 000 -2.1725120E+01 -1.5744538E+01 6.3358915E-01
2026 07 24 08 56 00 000 -2.1726020E+01 -1.5746417E+01 6.3942663E-01
2026 07 24 08 56 30 000 -2.1726919E+01 -1.5748294E+01 6.4525509E-01
2026 07 24 08 57 00 000 -2.1727816E+01 -1.5750169E+01 6.5107452E-01
2026 07 24 08 57 30 000 -2.1728712E+01 -1.5752041E+01 6.5688492E-01
2026 07 24 08 58 00 000 -2.1729606E+01 -1.5753911E+01 6.6268624E-01
2026 07 24 08 58 30 000 -2.1730498E+01 -1.5755779E+01 6.6847849E-01
2026 07 24 08 59 00 000 -2.1731389E+01 -1.5757644E+01 6.7426161E-01
2026 07 24 08 59 30 000 -2.1732279E+01 -1.5759507E+01 6.8003563E-01
2026 07 24 09 00 00 000 -2.1733167E+01 -1.5761368E+01 6.8580049E-01
2026 07 24 09 00 30 000 -2.1734053E+01 -1.5763226E+01 6.9155620E-01
2026 07 24 09 01 00 000 -2.1734938E+01 -1.5765082E+01 6.9730272E-01
2026 07 24 09 01 30 000 -2.1735822E+01 -1.5766935E+01 7.0304004E-01
2026 07 24 09 02 00 000 -2.1736704E+01 -1.5768787E+01 7.0876814E-01
2026 07 24 09 02 30 000 -2.1737584E+01 -1.5770636E+01 7.1448699E-01
2026 07 24 09 03 00 000 -2.1738463E+01 -1.5772482E+01 7.2019659E-01
2026 07 24 09 03 30 000 -2.1739340E+01 -1.5774327E+01 7.2589691E-01
2026 07 24 09 04 00 000 -2.1740216E+01 -1.5776169E+01 7.3158793E-01
2026 07 24 09 04 30 000 -2.1741090E+01 -1.5778009E+01 7.3726964E-01
2026 07 24 09 05 00 000 -2.1741963E+01 -1.5779847E+01 7.4294201E-01
2026 07 24 09 05 30 000 -2.1742835E+01 -1.5781682E+01 7.4860502E-01
2026 07 24 09 06 00 000 -2.1743704E+01 -1.5783516E+01 7.5425866E-01
2026 07 24 09 06 30 000 -2.1744572E+01 -1.5785347E+01 7.5990290E-01
2026 07 24 09 07 00 000 -2.1745439E+01 -1.5787176E+01 7.6553774E-01
2026 07 24 09 07 30 000 -2.1746304E+01 -1.5789002E+01 7.7116314E-01
2026 07 24 09 08 00 000 -2.1747168E+01 -1.5790827E+01 7.7677909E-01
2026 07 24 09 08 30 000 -2.1748030E+01 -1.5792650E+01 7.8238558E-01
2026 07 24 09 09 00 000 -2.1748891E+01 -1.5794470E+01 7.8798257E-01
2026 07 24 09 09 30 000 -2.1749750E+01 -1.5796288E+01 7.9357007E-01
2026 07 24 09 10 00 000 -2.1750607E+01 -1.5798104E+01 7.9914803E-01
2026 07 24 09 10 30 000 -2.1751464E+01 -1.5799918E+01 8.0471645E-01
2026 07 24 09 11 00 000 -2.1752318E+01 -1.5801730E+01 8.1027531E-01
2026 07 24 09 11 30 000 -2.1753171E+01 -1.5803540E+01 8.1582459E-01
2026 07 24 09 12 00 000 -2.1754023E+01 -1.5805348E+01 8.2136427E-01
2026 07 24 09 12 30 000 -2.1754873E+01 -1.5807154E+01 8.2689432E-01
2026 07 24 09 13 00 000 -2.1755721E+01 -1.5808957E+01 8.3241474E-01
2026 07 24 09 13 30 000 -2.1756568E+01 -1.5810759E+01 8.3792551E-01
2026 07 24 09 14 00 000 -2.1757414E+01 -1.5812558E+01 8.4342661E-01
2026 07 24 09 14 30 000 -2.1758258E+01 -1.5814356E+01 8.4891801E-01
2026 07 24 09 15 00 000 -2.1759100E+01 -1.5816152E+01 8.5439970E-01
2026 07 24 09 15 30 000 -2.1759941E+01 -1.5817945E+01 8.5987166E-01
2026 07 24 09 16 00 000 -2.1760780E+01 -1.5819737E+01 8.6533388E-01
2026 07 24 09 16 30 000 -2.1761618E+01 -1.5821527E+01 8.7078633E-01
2026 07 24 09 17 00 000 -2.1762454E+01 -1.5823314E+01 8.7622899E-01
2026 07 24 09 17 30 000 -2.1763289E+01 -1.5825100E+01 8.8166185E-01
2026 07 24 09 18 00 000 -2.1764123E+01 -1.5826884E+01 8.8708489E-01
2026 07 24 09 18 30 000 -2.1764954E+01 -1.5828666E+01 8.9249810E-01
2026 07 24 09 19 00 000 -2.1765785E+01 -1.5830446E+01 8.9790145E-01
2026 07 24 09 19 30 000 -2.1766614E+01 -1.5832224E+01 9.0329492E-01
2026 07 24 09 20 00 000 -2.1767441E+01 -1.5834000E+01 9.0867851E-01
2026 07 24 09 20 30 000 -2.1768267E+01 -1.5835775E+01 9.1405218E-01
2026 07 24 09 21 00 000 -2.1769091E+01 -1.5837547E+01 9.1941592E-01
2026 07 24 09 21 30 000 -2.1769914E+01 -1.5839318E+01 9.2476970E-01
2026 07 24 09 22 00 000 -2.1770735E+01 -1.5841087E+01 9.3011353E-01
2026 07 24 09 22 30 000 -2.1771555E+01 -1.5842854E+01 9.3544738E-01
2026 07 24 09 23 00 000 -2.1772373E+01 -1.5844619E+01 9.4077123E-01
2026 07 24 09 23 30 000 -2.1773189E+01 -1.5846382E+01 9.4608506E-01
2026 07 24 09 24 00 000 -2.1774005E+01 -1.5848144E+01 9.5138885E-01
2026 07 24 09 24 30 000 -2.1774818E+01 -1.5849904E+01 9.5668260E-01
2026 07 24 09 25 00 000 -2.1775630E+01 -1.5851662E+01 9.6196627E-01
2026 07 24 09 25 30 000 -2.1776441E+01 -1.5853418E+01 9.6723985E-01
2026 07 24 09 26 00 000 -2.1777250E+01 -1.5855173E+01 9.7250332E-01
2026 07 24 09 26 30 000 -2.1778058E+01 -1.5856925E+01 9.7775667E-01
2026 07 24 09 27 00 000 -2.1778864E+01 -1.5858677E+01 9.8299988E-01
2026 07 24 09 27 30 000 -2.1779669E+01 -1.5860426E+01 9.8823293E-01
2026 07 24 09 28 00 000 -2.1780472E+01 -1.5862174E+01 9.9345581E-01
2026 07 24 09 28 30 000 -2.1781273E+01 -1.5863920E+01 9.9866848E-01
2026 07 24 09 29 00 000 -2.1782073E+01 -1.5865664E+01 1.0038710E+00
2026 07 24 09 29 30 000 -2.1782872E+01 -1.5867406E+01 1.0090632E+00
2026 07 24 09 30 00 000 -2.1783669E+01 -1.5869147E+01 1.0142452E+00
2026 07 24 09 30 30 000 -2.1784465E+01 -1.5870887E+01 1.0194169E+00
2026 07 24 09 31 00 000 -2.1785259E+01 -1.5872624E+01 1.0245784E+00
2026 07 24 09 31 30 000 -2.1786051E+01 -1.5874361E+01 1.0297295E+00
2026 07 24 09 32 00 000 -2.1786842E+01 -1.5876095E+01 1.0348704E+00
2026 07 24 09 32 30 000 -2.1787632E+01 -1.5877828E+01 1.0400009E+00
2026 07 24 09 33 00 000 -2.1788420E+01 -1.5879559E+01 1.0451210E+00
2026 07 24 09 33 30 000 -2.1789206E+01 -1.5881289E+01 1.0502308E+00
2026 07 24 09 34 00 000 -2.1789991E+01 -1.5883017E+01 1.0553302E+00
2026 07 24 09 34 30 000 -2.1790775E+01 -1.5884743E+01 1.0604192E+00
2026 07 24 09 35 00 000 -2.1791557E+01 -1.5886468E+01 1.0654978E+00
2026 07 24 09 35 30 000 -2.1792337E+01 -1.5888192E+01 1.0705660E+00
2026 07 24 09 36 00 000 -2.1793116E+01 -1.5889914E+01 1.0756237E+00
2026 07 24 09 36 30 000 -2.1793894E+01 -1.5891634E+01 1.0806709E+00
2026 07 24 09 37 00 000 -2.1794670E+01 -1.5893353E+01 1.0857077E+00
2026 07 24 09 37 30 000 -2.1795444E+01 -1.5895071E+01 1.0907339E+00
2026 07 24 09 38 00 000 -2.1796217E+01 -1.5896787E+01 1.0957496E+00
2026 07 24 09 38 30 000 -2.1796989E+01 -1.5898501E+01 1.1007548E+00
2026 07 24 09 39 00 000 -2.1797759E+01 -1.5900215E+01 1.1057495E+00
2026 07 24 09 39 30 000 -2.1798527E+01 -1.5901926E+01 1.1107336E+00
2026 07 24 09 40 00 000 -2.1799294E+01 -1.5903636E+01 1.1157071E+00
2026 07 24 09 40 30 000 -2.1800060E+01 -1.5905345E+01 1.1206700E+00
2026 07 24 09 41 00 000 -2.1800824E+01 -1.5907053E+01 1.1256222E+00
2026 07 24 09 41 30 000 -2.1801586E+01 -1.5908759E+01 1.1305639E+00
2026 07 24 09 42 00 000 -2.1802347E+01 -1.5910463E+01 1.1354949E+00
2026 07 24 09 42 30 000 -2.1803107E+01 -1.5912166E+01 1.1404152E+00
2026 07 24 09 43 00 000 -2.1803865E+01 -1.5913868E+01 1.1453248E+00
2026 07 24 09 43 30 000 -2.1804621E+01 -1.5915569E+01 1.1502238E+00
2026 07 24 09 44 00 000 -2.1805376E+01 -1.5917268E+01 1.1551120E+00
2026 07 24 09 44 30 000 -2.1806129E+01 -1.5918966E+01 1.1599895E+00
2026 07 24 09 45 00 000 -2.1806881E+01 -1.5920662E+01 1.1648562E+00
2026 07 24 09 45 30 000 -2.1807632E+01 -1.5922358E+01 1.1697122E+00
2026 07 24 09 46 00 000 -2.1808381E+01 -1.5924051E+01 1.1745574E+00
2026 07 24 09 46 30 000 -2.1809128E+01 -1.5925744E+01 1.1793918E+00
2026 07 24 09 47 00 000 -2.1809874E+01 -1.5927435E+01 1.1842154E+00
2026 07 24 09 47 30 000 -2.1810619E+01 -1.5929126E+01 1.1890281E+00
2026 07 24 09 48 00 000 -2.1811362E+01 -1.5930814E+01 1.1938300E+00
2026 07 24 09 48 30 000 -2.1812103E+01 -1.5932502E+01 1.1986211E+00
2026 07 24 09 49 00 000 -2.1812843E+01 -1.5934188E+01 1.2034013E+00
2026 07 24 09 49 30 000 -2.1813581E+01 -1.5935874E+01 1.2081706E+00
2026 07 24 09 50 00 000 -2.1814318E+01 -1.5937557E+01 1.2129289E+00
2026 07 24 09 50 30 000 -2.1815054E+01 -1.5939240E+01 1.2176764E+00
2026 07 24 09 51 00 000 -2.1815788E+01 -1.5940922E+01 1.2224129E+00
2026 07 24 09 51 30 000 -2.1816520E+01 -1.5942602E+01 1.2271384E+00
2026 07 24 09 52 00 000 -2.1817251E+01 -1.5944281E+01 1.2318530E+00
2026 07 24 09 52 30 000 -2.1817981E+01 -1.5945959E+01 1.2365566E+00
2026 07 24 09 53 00 000 -2.1818709E+01 -1.5947636E+01 1.2412492E+00
2026 07 24 09 53 30 000 -2.1819435E+01 -1.5949312E+01 1.2459308E+00
2026 07 24 09 54 00 000 -2.1820160E+01 -1.5950987E+01 1.2506013E+00
2026 07 24 09 54 30 000 -2.1820884E+01 -1.5952660E+01 1.2552608E+00
2026 07 24 09 55 00 000 -2.1821606E+01 -1.5954333E+01 1.2599092E+00
2026 07 24 09 55 30 000 -2.1822326E+01 -1.5956004E+01 1.2645466E+00
2026 07 24 09 56 00 000 -2.1823045E+01 -1.5957675E+01 1.2691728E+00
2026 07 24 09 56 30 000 -2.1823763E+01 -1.5959344E+01 1.2737880E+00
2026 07 24 09 57 00 000 -2.1824479E+01 -1.5961012E+01 1.2783920E+00
2026 07 24 09 57 30 000 -2.1825193E+01 -1.5962679E+01 1.2829849E+00
2026 07 24 09 58 00 000 -2.1825906E+01 -1.5964345E+01 1.2875666E+00
2026 07 24 09 58 30 000 -2.1826618E+01 -1.5966010E+01 1.2921371E+00
2026 07 24 09 59 00 000 -2.1827328E+01 -1.5967675E+01 1.2966965E+00
2026 07 24 09 59 30 000 -2.1828036E+01 -1.5969338E+01 1.3012446E+00
2026 07 24 10 00 00 000 -2.1828743E+01 -1.5971000E+01 1.3057816E+00
2026 07 24 10 00 30 000 -2.1829449E+01 -1.5972661E+01 1.3103073E+00
2026 07 24 10 01 00 000 -2.1830153E+01 -1.5974321E+01 1.3148217E+00
2026 07 24 10 01 30 000 -2.1830856E+01 -1.5975980E+01 1.3193249E+00
2026 07 24 10 02 00 000 -2.1831557E+01 -1.5977638E+01 1.3238169E+00
2026 07 24 10 02 30 000 -2.1832256E+01 -1.5979296E+01 1.3282975E+00
2026 07 24 10 03 00 000 -2.1832954E+01 -1.5980952E+01 1.3327668E+00
2026 07 24 10 03 30 000 -2.1833651E+01 -1.5982608E+01 1.3372248E+00
2026 07 24 10 04 00 000 -2.1834346E+01 -1.5984262E+01 1.3416715E+00
2026 07 24 10 04 30 000 -2.1835040E+01 -1.5985916E+01 1.3461068E+00
2026 07 24 10 05 00 000 -2.1835732E+01 -1.5987569E+01 1.3505307E+00
2026 07 24 10 05 30 000 -2.1836423E+01 -1.5989220E+01 1.3549433E+00
2026 07 24 10 06 00 000 -2.1837112E+01 -1.5990871E+01 1.3593445E+00
2026 07 24 10 06 30 000 -2.1837799E+01 -1.5992522E+01 1.3637342E+00
2026 07 24 10 07 00 000 -2.1838486E+01 -1.5994171E+01 1.3681126E+00
2026 07 24 10 07 30 000 -2.1839170E+01 -1.5995820E+01 1.3724795E+00
2026 07 24 10 08 00 000 -2.1839853E+01 -1.5997467E+01 1.3768349E+00
2026 07 24 10 08 30 000 -2.1840535E+01 -1.5999114E+01 1.3811789E+00
2026 07 24 10 09 00 000 -2.1841215E+01 -1.6000760E+01 1.3855114E+00
2026 07 24 10 09 30 000 -2.1841894E+01 -1.6002406E+01 1.3898324E+00
2026 07 24 10 10 00 000 -2.1842571E+01 -1.6004050E+01 1.3941419E+00
2026 07 24 10 10 30 000 -2.1843247E+01 -1.6005694E+01 1.3984399E+00
2026 07 24 10 11 00 000 -2.1843921E+01 -1.6007337E+01 1.4027263E+00
2026 07 24 10 11 30 000 -2.1844594E+01 -1.6008979E+01 1.4070012E+00
2026 07 24 10 12 00 000 -2.1845265E+01 -1.6010621E+01 1.4112645E+00
2026 07 24 10 12 30 000 -2.1845935E+01 -1.6012261E+01 1.4155163E+00
2026 07 24 10 13 00 000 -2.1846603E+01 -1.6013902E+01 1.4197564E+00
2026 07 24 10 13 30 000 -2.1847270E+01 -1.6015541E+01 1.4239849E+00
2026 07 24 10 14 00 000 -2.1847936E+01 -1.6017180E+01 1.4282018E+00
2026 07 24 10 14 30 000 -2.1848599E+01 -1.6018818E+01 1.4324071E+00
2026 07 24 10 15 00 000 -2.1849262E+01 -1.6020455E+01 1.4366007E+00
2026 07 24 10 15 30 000 -2.1849923E+01 -1.6022092E+01 1.4407827E+00
2026 07 24 10 16 00 000 -2.1850582E+01 -1.6023728E+01 1.4449530E+00
2026 07 24 10 16 30 000 -2.1851240E+01 -1.6025363E+01 1.4491116E+00
2026 07 24 10 17 00 000 -2.1851896E+01 -1.6026998E+01 1.4532585E+00
2026 07 24 10 17 30 000 -2.1852551E+01 -1.6028632E+01 1.4573936E+00
2026 07 24 10 18 00 000 -2.1853205E+01 -1.6030265E+01 1.4615170E+00
2026 07 24 10 18 30 000 -2.1853857E+01 -1.6031898E+01 1.4656287E+00
2026 07 24 10 19 00 000 -2.1854507E+01 -1.6033531E+01 1.4697287E+00
2026 07 24 10 19 30 000 -2.1855156E+01 -1.6035162E+01 1.4738168E+00
2026 07 24 10 20 00 000 -2.1855804E+01 -1.6036794E+01 1.4778932E+00
2026 07 24 10 20 30 000 -2.1856450E+01 -1.6038424E+01 1.4819578E+00
2026 07 24 10 21 00 000 -2.1857094E+01 -1.6040054E+01 1.4860105E+00
2026 07 24 10 21 30 000 -2.1857737E+01 -1.6041684E+01 1.4900514E+00
2026 07 24 10 22 00 000 -2.1858379E+01 -1.6043313E+01 1.4940805E+00
2026 07 24 10 22 30 000 -2.1859019E+01 -1.6044941E+01 1.4980978E+00
2026 07 24 10 23 00 000 -2.1859658E+01 -1.6046569E+01 1.5021031E+00
2026 07 24 10 23 30 000 -2.1860295E+01 -1.6048196E+01 1.5060966E+00
2026 07 24 10 24 00 000 -2.1860930E+01 -1.6049823E+01 1.5100782E+00
2026 07 24 10 24 30 000 -2.1861565E+01 -1.6051450E+01 1.5140479E+00
2026 07 24 10 25 00 000 -2.1862197E+01 -1.6053076E+01 1.5180057E+00
2026 07 24 10 25 30 000 -2.1862828E+01 -1.6054701E+01 1.5219515E+00
2026 07 24 10 26 00 000 -2.1863458E+01 -1.6056326E+01 1.5258854E+00
2026 07 24 10 26 30 000 -2.1864086E+01 -1.6057951E+01 1.5298074E+00
2026 07 24 10 27 00 000 -2.1864713E+01 -1.6059575E+01 1.5337174E+00
2026 07 24 10 27 30 000 -2.1865338E+01 -1.6061199E+01 1.5376153E+00
2026 07 24 10 28 00 000 -2.1865962E+01 -1.6062822E+01 1.5415013E+00
2026 07 24 10 28 30 000 -2.1866585E+01 -1.6064445E+01 1.5453753E+00
2026 07 24 10 29 00 000 -2.1867205E+01 -1.6066068E+01 1.5492373E+00
2026 07 24 10 29 30 000 -2.1867825E+01 -1.6067690E+01 1.5530872E+00
2026 07 24 10 30 00 000 -2.1868443E+01 -1.6069312E+01 1.5569251E+00
2026 07 24 10 30 30 000 -2.1869059E+01 -1.6070933E+01 1.5607509E+00
2026 07 24 10 31 00 000 -2.1869674E+01 -1.6072554E+01 1.5645647E+00
2026 07 24 10 31 30 000 -2.1870287E+01 -1.6074175E+01 1.5683664E+00
2026 07 24 10 32 00 000 -2.1870899E+01 -1.6075795E+01 1.5721559E+00
2026 07 24 10 32 30 000 -2.1871510E+01 -1.6077416E+01 1.5759334E+00
2026 07 24 10 33 00 000 -2.1872119E+01 -1.6079035E+01 1.5796987E+00
2026 07 24 10 33 30 000 -2.1872726E+01 -1.6080655E+01 1.5834520E+00
2026 07 24 10 34 00 000 -2.1873332E+01 -1.6082274E+01 1.5871930E+00
2026 07 24 10 34 30 000 -2.1873937E+01 -1.6083893E+01 1.5909219E+00
2026 07 24 10 35 00 000 -2.1874540E+01 -1.6085511E+01 1.5946387E+00
2026 07 24 10 35 30 000 -2.1875142E+01 -1.6087130E+01 1.5983433E+00
2026 07 24 10 36 00 000 -2.1875742E+01 -1.6088748E+01 1.6020356E+00
2026 07 24 10 36 30 000 -2.1876340E+01 -1.6090365E+01 1.6057158E+00
2026 07 24 10 37 00 000 -2.1876938E+01 -1.6091983E+01 1.6093837E+00
2026 07 24 10 37 30 000 -2.1877533E+01 -1.6093600E+01 1.6130394E+00
2026 07 24 10 38 00 000 -2.1878128E+01 -1.6095217E+01 1.6166829E+00
2026 07 24 10 38 30 000 -2.1878720E+01 -1.6096834E+01 1.6203141E+00
2026 07 24 10 39 00 000 -2.1879312E+01 -1.6098451E+01 1.6239330E+00
2026 07 24 10 39 30 000 -2.1879902E+01 -1.6100068E+01 1.6275397E+00
2026 07 24 10 40 00 000 -2.1880490E+01 -1.6101684E+01 1.6311341E+00
2026 07 24 10 40 30 000 -2.1881077E+01 -1.6103300E+01 1.6347162E+00
2026 07 24 10 41 00 000 -2.1881662E+01 -1.6104916E+01 1.6382859E+00
2026 07 24 10 41 30 000 -2.1882246E+01 -1.6106532E+01 1.6418433E+00
2026 07 24 10 42 00 000 -2.1882828E+01 -1.6108147E+01 1.6453884E+00
2026 07 24 10 42 30 000 -2.1883409E+01 -1.6109763E+01 1.6489212E+00
2026 07 24 10 43 00 000 -2.1883989E+01 -1.6111378E+01 1.6524416E+00
2026 07 24 10 43 30 000 -2.1884567E+01 -1.6112993E+01 1.6559496E+00
2026 07 24 10 44 00 000 -2.1885143E+01 -1.6114609E+01 1.6594453E+00
2026 07 24 10 44 30 000 -2.1885718E+01 -1.6116224E+01 1.6629285E+00
2026 07 24 10 45 00 000 -2.1886292E+01 -1.6117839E+01 1.6663994E+00
2026 07 24 10 45 30 000 -2.1886864E+01 -1.6119453E+01 1.6698578E+00
2026 07 24 10 46 00 000 -2.1887435E+01 -1.6121068E+01 1.6733038E+00
2026 07 24 10 46 30 000 -2.1888004E+01 -1.6122683E+01 1.6767374E+00
2026 07 24 10 47 00 000 -2.1888572E+01 -1.6124297E+01 1.6801585E+00
2026 07 24 10 47 30 000 -2.1889138E+01 -1.6125912E+01 1.6835671E+00
2026 07 24 10 48 00 000 -2.1889703E+01 -1.6127527E+01 1.6869633E+00
2026 07 24 10 48 30 000 -2.1890266E+01 -1.6129141E+01 1.6903471E+00
2026 07 24 10 49 00 000 -2.1890828E+01 -1.6130756E+01 1.6937183E+00
2026 07 24 10 49 30 000 -2.1891388E+01 -1.6132370E+01 1.6970770E+00
2026 07 24 10 50 00 000 -2.1891947E+01 -1.6133984E+01 1.7004232E+00
2026 07 24 10 50 30 000 -2.1892505E+01 -1.6135599E+01 1.7037569E+00
2026 07 24 10 51 00 000 -2.1893061E+01 -1.6137213E+01 1.7070780E+00
2026 07 24 10 51 30 000 -2.1893615E+01 -1.6138828E+01 1.7103866E+00
2026 07 24 10 52 00 000 -2.1894168E+01 -1.6140442E+01 1.7136826E+00
2026 07 24 10 52 30 000 -2.1894720E+01 -1.6142057E+01 1.7169661E+00
2026 07 24 10 53 00 000 -2.1895270E+01 -1.6143671E+01 1.7202370E+00
2026 07 24 10 53 30 000 -2.1895818E+01 -1.6145286E+01 1.7234953E+00
2026 07 24 10 54 00 000 -2.1896365E+01 -1.6146901E+01 1.7267410E+00
2026 07 24 10 54 30 000 -2.1896911E+01 -1.6148516E+01 1.7299740E+00
2026 07 24 10 55 00 000 -2.1897455E+01 -1.6150130E+01 1.7331945E+00
2026 07 24 10 55 30 000 -2.1897998E+01 -1.6151745E+01 1.7364023E+00
2026 07 24 10 56 00 000 -2.1898539E+01 -1.6153360E+01 1.7395975E+00
2026 07 24 10 56 30 000 -2.1899079E+01 -1.6154975E+01 1.7427801E+00
2026 07 24 10 57 00 000 -2.1899617E+01 -1.6156591E+01 1.7459500E+00
2026 07 24 10 57 30 000 -2.1900154E+01 -1.6158206E+01 1.7491072E+00
2026 07 24 10 58 00 000 -2.1900689E+01 -1.6159821E+01 1.7522517E+00
2026 07 24 10 58 30 000 -2.1901223E+01 -1.6161437E+01 1.7553835E+00
2026 07 24 10 59 00 000 -2.1901756E+01 -1.6163053E+01 1.7585027E+00
2026 07 24 10 59 30 000 -2.1902287E+01 -1.6164669E+01 1.7616091E+00
2026 07 24 11 00 00 000 -2.1902816E+01 -1.6166285E+01 1.7647028E+00
2026 07 24 11 00 30 000 -2.1903344E+01 -1.6167901E+01 1.7677838E+00
2026 07 24 11 01 00 000 -2.1903871E+01 -1.6169517E+01 1.7708520E+00
2026 07 24 11 01 30 000 -2.1904396E+01 -1.6171134E+01 1.7739075E+00
2026 07 24 11 02 00 000 -2.1904920E+01 -1.6172751E+01 1.7769502E+00
2026 07 24 11 02 30 000 -2.1905442E+01 -1.6174367E+01 1.7799801E+00
2026 07 24 11 03 00 000 -2.1905963E+01 -1.6175985E+01 1.7829973E+00
2026 07 24 11 03 30 000 -2.1906482E+01 -1.6177602E+01 1.7860017E+00
2026 07 24 11 04 00 000 -2.1907000E+01 -1.6179220E+01 1.7889933E+00
2026 07 24 11 04 30 000 -2.1907516E+01 -1.6180837E+01 1.7919720E+00
2026 07 24 11 05 00 000 -2.1908031E+01 -1.6182455E+01 1.7949380E+00
2026 07 24 11 05 30 000 -2.1908544E+01 -1.6184074E+01 1.7978911E+00
2026 07 24 11 06 00 000 -2.1909056E+01 -1.6185692E+01 1.8008314E+00
2026 07 24 11 06 30 000 -2.1909567E+01 -1.6187311E+01 1.8037589E+00
2026 07 24 11 07 00 000 -2.1910076E+01 -1.6188930E+01 1.8066735E+00
2026 07 24 11 07 30 000 -2.1910583E+01 -1.6190550E+01 1.8095752E+00
2026 07 24 11 08 00 000 -2.1911089E+01 -1.6192169E+01 1.8124640E+00
2026 07 24 11 08 30 000 -2.1911594E+01 -1.6193789E+01 1.8153400E+00
2026 07 24 11 09 00 000 -2.1912097E+01 -1.6195409E+01 1.8182031E+00
2026 07 24 11 09 30 000 -2.1912599E+01 -1.6197030E+01 1.8210533E+00
2026 07 24 11 10 00 000 -2.1913099E+01 -1.6198651E+01 1.8238905E+00
2026 07 24 11 10 30 000 -2.1913598E+01 -1.6200272E+01 1.8267149E+00
2026 07 24 11 11 00 000 -2.1914095E+01 -1.6201893E+01 1.8295263E+00
2026 07 24 11 11 30 000 -2.1914591E+01 -1.6203515E+01 1.8323248E+00
2026 07 24 11 12 00 000 -2.1915085E+01 -1.6205137E+01 1.8351103E+00
2026 07 24 11 12 30 000 -2.1915578E+01 -1.6206760E+01 1.8378829E+00
2026 07 24 11 13 00 000 -2.1916070E+01 -1.6208383E+01 1.8406426E+00
2026 07 24 11 13 30 000 -2.1916560E+01 -1.6210006E+01 1.8433892E+00
2026 07 24 11 14 00 000 -2.1917048E+01 -1.6211629E+01 1.8461229E+00
2026 07 24 11 14 30 000 -2.1917535E+01 -1.6213253E+01 1.8488436E+00
2026 07 24 11 15 00 000 -2.1918021E+01 -1.6214878E+01 1.8515513E+00
2026 07 24 11 15 30 000 -2.1918505E+01 -1.6216502E+01 1.8542460E+00
2026 07 24 11 16 00 000 -2.1918988E+01 -1.6218128E+01 1.8569277E+00
2026 07 24 11 16 30 000 -2.1919469E+01 -1.6219753E+01 1.8595963E+00
2026 07 24 11 17 00 000 -2.1919949E+01 -1.6221379E+01 1.8622520E+00
2026 07 24 11 17 30 000 -2.1920427E+01 -1.6223005E+01 1.8648946E+00
2026 07 24 11 18 00 000 -2.1920904E+01 -1.6224632E+01 1.8675241E+00
2026 07 24 11 18 30 000 -2.1921380E+01 -1.6226259E+01 1.8701406E+00
2026 07 24 11 19 00 000 -2.1921854E+01 -1.6227887E+01 1.8727440E+00
2026 07 24 11 19 30 000 -2.1922326E+01 -1.6229515E+01 1.8753344E+00
2026 07 24 11 20 00 000 -2.1922797E+01 -1.6231144E+01 1.8779117E+00
2026 07 24 11 20 30 000 -2.1923267E+01 -1.6232773E+01 1.8804759E+00
2026 07 24 11 21 00 000 -2.1923735E+01 -1.6234402E+01 1.8830270E+00
2026 07 24 11 21 30 000 -2.1924201E+01 -1.6236032E+01 1.8855650E+00
2026 07 24 11 22 00 000 -2.1924667E+01 -1.6237663E+01 1.8880899E+00
2026 07 24 11 22 30 000 -2.1925130E+01 -1.6239294E+01 1.8906017E+00
2026 07 24 11 23 00 000 -2.1925593E+01 -1.6240925E+01 1.8931003E+00
2026 07 24 11 23 30 000 -2.1926053E+01 -1.6242557E+01 1.8955859E+00
2026 07 24 11 24 00 000 -2.1926513E+01 -1.6244189E+01 1.8980583E+00
2026 07 24 11 24 30 000 -2.1926971E+01 -1.6245822E+01 1.9005175E+00
2026 07 24 11 25 00 000 -2.1927427E+01 -1.6247456E+01 1.9029636E+00
2026 07 24 11 25 30 000 -2.1927882E+01 -1.6249090E+01 1.9053965E+00
2026 07 24 11 26 00 000 -2.1928336E+01 -1.6250724E+01 1.9078163E+00
2026 07 24 11 26 30 000 -2.1928788E+01 -1.6252359E+01 1.9102229E+00
2026 07 24 11 27 00 000 -2.1929239E+01 -1.6253995E+01 1.9126163E+00
2026 07 24 11 27 30 000 -2.1929688E+01 -1.6255631E+01 1.9149965E+00
2026 07 24 11 28 00 000 -2.1930135E+01 -1.6257268E+01 1.9173635E+00
2026 07 24 11 28 30 000 -2.1930582E+01 -1.6258905E+01 1.9197173E+00
2026 07 24 11 29 00 000 -2.1931027E+01 -1.6260543E+01 1.9220579E+00
2026 07 24 11 29 30 000 -2.1931470E+01 -1.6262181E+01 1.9243853E+00
2026 07 24 11 30 00 000 -2.1931912E+01 -1.6263820E+01 1.9266994E+00
2026 07 24 11 30 30 000 -2.1932352E+01 -1.6265460E+01 1.9290003E+00
2026 07 24 11 31 00 000 -2.1932791E+01 -1.6267100E+01 1.9312880E+00
2026 07 24 11 31 30 000 -2.1933229E+01 -1.6268741E+01 1.9335625E+00
2026 07 24 11 32 00 000 -2.1933665E+01 -1.6270382E+01 1.9358237E+00
2026 07 24 11 32 30 000 -2.1934100E+01 -1.6272024E+01 1.9380716E+00
2026 07 24 11 33 00 000 -2.1934533E+01 -1.6273667E+01 1.9403063E+00
2026 07 24 11 33 30 000 -2.1934965E+01 -1.6275310E+01 1.9425276E+00
2026 07 24 11 34 00 000 -2.1935395E+01 -1.6276954E+01 1.9447358E+00
2026 07 24 11 34 30 000 -2.1935824E+01 -1.6278598E+01 1.9469306E+00
2026 07 24 11 35 00 000 -2.1936251E+01 -1.6280243E+01 1.9491121E+00
2026 07 24 11 35 30 000 -2.1936677E+01 -1.6281889E+01 1.9512804E+00
2026 07 24 11 36 00 000 -2.1937102E+01 -1.6283535E+01 1.9534353E+00
2026 07 24 11 36 30 000 -2.1937525E+01 -1.6285182E+01 1.9555769E+00
2026 07 24 11 37 00 000 -2.1937946E+01 -1.6286830E+01 1.9577053E+00
2026 07 24 11 37 30 000 -2.1938366E+01 -1.6288478E+01 1.9598202E+00
2026 07 24 11 38 00 000 -2.1938785E+01 -1.6290128E+01 1.9619219E+00
2026 07 24 11 38 30 000 -2.1939202E+01 -1.6291777E+01 1.9640102E+00
2026 07 24 11 39 00 000 -2.1939618E+01 -1.6293428E+01 1.9660852E+00
2026 07 24 11 39 30 000 -2.1940032E+01 -1.6295079E+01 1.9681469E+00
2026 07 24 11 40 00 000 -2.1940445E+01 -1.6296730E+01 1.9701952E+00
2026 07 24 11 40 30 000 -2.1940857E+01 -1.6298383E+01 1.9722301E+00
2026 07 24 11 41 00 000 -2.1941267E+01 -1.6300036E+01 1.9742517E+00
2026 07 24 11 41 30 000 -2.1941675E+01 -1.6301690E+01 1.9762599E+00
2026 07 24 11 42 00 000 -2.1942082E+01 -1.6303345E+01 1.9782547E+00
2026 07 24 11 42 30 000 -2.1942488E+01 -1.6305000E+01 1.9802362E+00
2026 07 24 11 43 00 000 -2.1942892E+01 -1.6306656E+01 1.9822043E+00
2026 07 24 11 43 30 000 -2.1943295E+01 -1.6308313E+01 1.9841589E+00
2026 07 24 11 44 00 000 -2.1943696E+01 -1.6309970E+01 1.9861002E+00
2026 07 24 11 44 30 000 -2.1944096E+01 -1.6311628E+01 1.9880281E+00
2026 07 24 11 45 00 000 -2.1944494E+01 -1.6313287E+01 1.9899426E+00
2026 07 24 11 45 30 000 -2.1944891E+01 -1.6314947E+01 1.9918437E+00
2026 07 24 11 46 00 000 -2.1945287E+01 -1.6316607E+01 1.9937313E+00
2026 07 24 11 46 30 000 -2.1945681E+01 -1.6318269E+01 1.9956055E+00
2026 07 24 11 47 00 000 -2.1946073E+01 -1.6319931E+01 1.9974663E+00
2026 07 24 11 47 30 000 -2.1946465E+01 -1.6321593E+01 1.9993137E+00
2026 07 24 11 48 00 000 -2.1946854E+01 -1.6323257E+01 2.0011477E+00
2026 07 24 11 48 30 000 -2.1947243E+01 -1.6324921E+01 2.0029682E+00
2026 07 24 11 49 00 000 -2.1947629E+01 -1.6326586E+01 2.0047752E+00
2026 07 24 11 49 30 000 -2.1948015E+01 -1.6328252E+01 2.0065688E+00
2026 07 24 11 50 00 000 -2.1948399E+01 -1.6329919E+01 2.0083489E+00
2026 07 24 11 50 30 000 -2.1948781E+01 -1.6331586E+01 2.0101156E+00
2026 07 24 11 51 00 000 -2.1949162E+01 -1.6333254E+01 2.0118689E+00
2026 07 24 11 51 30 000 -2.1949542E+01 -1.6334923E+01 2.0136086E+00
2026 07 24 11 52 00 000 -2.1949920E+01 -1.6336593E+01 2.0153349E+00
2026 07 24 11 52 30 000 -2.1950297E+01 -1.6338264E+01 2.0170477E+00
2026 07 24 11 53 00 000 -2.1950672E+01 -1.6339935E+01 2.0187470E+00
2026 07 24 11 53 30 000 -2.1951046E+01 -1.6341608E+01 2.0204329E+00
2026 07 24 11 54 00 000 -2.1951418E+01 -1.6343281E+01 2.0221052E+00
2026 07 24 11 54 30 000 -2.1951789E+01 -1.6344955E+01 2.0237641E+00
2026 07 24 11 55 00 000 -2.1952158E+01 -1.6346629E+01 2.0254094E+00
2026 07 24 11 55 30 000 -2.1952526E+01 -1.6348305E+01 2.0270413E+00
2026 07 24 11 56 00 000 -2.1952893E+01 -1.6349981E+01 2.0286596E+00
2026 07 24 11 56 30 000 -2.1953258E+01 -1.6351659E+01 2.0302645E+00
2026 07 24 11 57 00 000 -2.1953622E+01 -1.6353337E+01 2.0318558E+00
2026 07 24 11 57 30 000 -2.1953984E+01 -1.6355016E+01 2.0334336E+00
2026 07 24 11 58 00 000 -2.1954345E+01 -1.6356696E+01 2.0349979E+00
2026 07 24 11 58 30 000 -2.1954704E+01 -1.6358376E+01 2.0365487E+00
2026 07 24 11 59 00 000 -2.1955062E+01 -1.6360058E+01 2.0380859E+00
2026 07 24 11 59 30 000 -2.1955419E+01 -1.6361740E+01 2.0396096E+00
2026 07 24 12 00 00 000 -2.1955774E+01 -1.6363423E+01 2.0411198E+00
2026 07 24 12 00 30 000 -2.1956127E+01 -1.6365108E+01 2.0426164E+00
2026 07 24 12 01 00 000 -2.1956479E+01 -1.6366793E+01 2.0440995E+00
2026 07 24 12 01 30 000 -2.1956830E+01 -1.6368478E+01 2.0455690E+00
2026 07 24 12 02 00 000 -2.1957179E+01 -1.6370165E+01 2.0470250E+00
2026 07 24 12 02 30 000 -2.1957527E+01 -1.6371853E+01 2.0484675E+00
2026 07 24 12 03 00 000 -2.1957874E+01 -1.6373541E+01 2.0498964E+00
2026 07 24 12 03 30 000 -2.1958218E+01 -1.6375231E+01 2.0513117E+00
2026 07 24 12 04 00 000 -2.1958562E+01 -1.6376921E+01 2.0527135E+00
2026 07 24 12 04 30 000 -2.1958904E+01 -1.6378612E+01 2.0541017E+00
2026 07 24 12 05 00 000 -2.1959245E+01 -1.6380305E+01 2.0554763E+00
2026 07 24 12 05 30 000 -2.1959584E+01 -1.6381998E+01 2.0568374E+00
2026 07 24 12 06 00 000 -2.1959922E+01 -1.6383691E+01 2.0581849E+00
2026 07 24 12 06 30 000 -2.1960258E+01 -1.6385386E+01 2.0595189E+00
2026 07 24 12 07 00 000 -2.1960593E+01 -1.6387082E+01 2.0608392E+00
2026 07 24 12 07 30 000 -2.1960926E+01 -1.6388779E+01 2.0621460E+00
2026 07 24 12 08 00 000 -2.1961258E+01 -1.6390476E+01 2.0634392E+00
2026 07 24 12 08 30 000 -2.1961589E+01 -1.6392175E+01 2.0647188E+00
2026 07 24 12 09 00 000 -2.1961918E+01 -1.6393874E+01 2.0659848E+00
2026 07 24 12 09 30 000 -2.1962245E+01 -1.6395575E+01 2.0672373E+00
2026 07 24 12 10 00 000 -2.1962572E+01 -1.6397276E+01 2.0684762E+00
2026 07 24 12 10 30 000 -2.1962896E+01 -1.6398978E+01 2.0697014E+00
2026 07 24 12 11 00 000 -2.1963220E+01 -1.6400682E+01 2.0709131E+00
2026 07 24 12 11 30 000 -2.1963542E+01 -1.6402386E+01 2.0721111E+00
2026 07 24 12 12 00 000 -2.1963862E+01 -1.6404091E+01 2.0732956E+00
2026 07 24 12 12 30 000 -2.1964181E+01 -1.6405797E+01 2.0744665E+00
2026 07 24 12 13 00 000 -2.1964499E+01 -1.6407504E+01 2.0756237E+00
2026 07 24 12 13 30 000 -2.1964815E+01 -1.6409212E+01 2.0767674E+00
2026 07 24 12 14 00 000 -2.1965130E+01 -1.6410921E+01 2.0778974E+00
2026 07 24 12 14 30 000 -2.1965443E+01 -1.6412630E+01 2.0790138E+00
2026 07 24 12 15 00 000 -2.1965755E+01 -1.6414341E+01 2.0801167E+00
2026 07 24 12 15 30 000 -2.1966065E+01 -1.6416053E+01 2.0812059E+00
2026 07 24 12 16 00 000 -2.1966374E+01 -1.6417766E+01 2.0822815E+00
2026 07 24 12 16 30 000 -2.1966682E+01 -1.6419479E+01 2.0833435E+00
2026 07 24 12 17 00 000 -2.1966988E+01 -1.6421194E+01 2.0843919E+00
2026 07 24 12 17 30 000 -2.1967292E+01 -1.6422909E+01 2.0854267E+00
2026 07 24 12 18 00 000 -2.1967596E+01 -1.6424626E+01 2.0864478E+00
2026 07 24 12 18 30 000 -2.1967898E+01 -1.6426344E+01 2.0874553E+00
2026 07 24 12 19 00 000 -2.1968198E+01 -1.6428062E+01 2.0884492E+00
2026 07 24 12 19 30 000 -2.1968497E+01 -1.6429782E+01 2.0894295E+00
2026 07 24 12 20 00 000 -2.1968794E+01 -1.6431502E+01 2.0903962E+00
2026 07 24 12 20 30 000 -2.1969090E+01 -1.6433224E+01 2.0913492E+00
2026 07 24 12 21 00 000 -2.1969385E+01 -1.6434946E+01 2.0922887E+00
2026 07 24 12 21 30 000 -2.1969678E+01 -1.6436669E+01 2.0932145E+00
2026 07 24 12 22 00 000 -2.1969970E+01 -1.6438394E+01 2.0941266E+00
2026 07 24 12 22 30 000 -2.1970260E+01 -1.6440119E+01 2.0950252E+00
2026 07 24 12 23 00 000 -2.1970549E+01 -1.6441846E+01 2.0959101E+00
2026 07 24 12 23 30 000 -2.1970837E+01 -1.6443573E+01 2.0967814E+00
2026 07 24 12 24 00 000 -2.1971123E+01 -1.6445301E+01 2.0976391E+00
2026 07 24 12 24 30 000 -2.1971407E+01 -1.6447031E+01 2.0984831E+00
2026 07 24 12 25 00 000 -2.1971690E+01 -1.6448761E+01 2.0993135E+00
2026 07 24 12 25 30 000 -2.1971972E+01 -1.6450493E+01 2.1001303E+00
2026 07 24 12 26 00 000 -2.1972252E+01 -1.6452225E+01 2.1009335E+00
2026 07 24 12 26 30 000 -2.1972531E+01 -1.6453958E+01 2.1017230E+00
2026 07 24 12 27 00 000 -2.1972809E+01 -1.6455693E+01 2.1024990E+00
2026 07 24 12 27 30 000 -2.1973085E+01 -1.6457428E+01 2.1032613E+00
2026 07 24 12 28 00 000 -2.1973359E+01 -1.6459164E+01 2.1040099E+00
2026 07 24 12 28 30 000 -2.1973632E+01 -1.6460902E+01 2.1047449E+00
2026 07 24 12 29 00 000 -2.1973904E+01 -1.6462640E+01 2.1054664E+00
2026 07 24 12 29 30 000 -2.1974174E+01 -1.6464379E+01 2.1061741E+00
2026 07 24 12 30 00 000 -2.1974443E+01 -1.6466120E+01 2.1068683E+00
2026 07 24 12 30 30 000 -2.1974711E+01 -1.6467861E+01 2.1075488E+00
2026 07 24 12 31 00 000 -2.1974977E+01 -1.6469604E+01 2.1082158E+00
2026 07 24 12 31 30 000 -2.1975241E+01 -1.6471347E+01 2.1088691E+00
2026 07 24 12 32 00 000 -2.1975504E+01 -1.6473092E+01 2.1095087E+00
2026 07 24 12 32 30 000 -2.1975766E+01 -1.6474837E+01 2.1101348E+00
2026 07 24 12 33 00 000 -2.1976026E+01 -1.6476583E+01 2.1107472E+00
2026 07 24 12 33 30 000 -2.1976285E+01 -1.6478331E+01 2.1113460E+00
2026 07 24 12 34 00 000 -2.1976542E+01 -1.6480079E+01 2.1119312E+00
2026 07 24 12 34 30 000 -2.1976798E+01 -1.6481829E+01 2.1125028E+00
2026 07 24 12 35 00 000 -2.1977053E+01 -1.6483579E+01 2.1130608E+00
2026 07 24 12 35 30 000 -2.1977306E+01 -1.6485331E+01 2.1136051E+00
2026 07 24 12 36 00 000 -2.1977558E+01 -1.6487084E+01 2.1141359E+00
2026 07 24 12 36 30 000 -2.1977808E+01 -1.6488837E+01 2.1146530E+00
2026 07 24 12 37 00 000 -2.1978057E+01 -1.6490592E+01 2.1151565E+00
2026 07 24 12 37 30 000 -2.1978304E+01 -1.6492347E+01 2.1156464E+00
2026 07 24 12 38 00 000 -2.1978550E+01 -1.6494104E+01 2.1161227E+00
2026 07 24 12 38 30 000 -2.1978795E+01 -1.6495862E+01 2.1165854E+00
2026 07 24 12 39 00 000 -2.1979038E+01 -1.6497620E+01 2.1170345E+00
2026 07 24 12 39 30 000 -2.1979279E+01 -1.6499380E+01 2.1174700E+00
2026 07 24 12 40 00 000 -2.1979520E+01 -1.6501141E+01 2.1178919E+00
2026 07 24 12 40 30 000 -2.1979758E+01 -1.6502902E+01 2.1183002E+00
2026 07 24 12 41 00 000 -2.1979996E+01 -1.6504665E+01 2.1186949E+00
2026 07 24 12 41 30 000 -2.1980232E+01 -1.6506429E+01 2.1190760E+00
2026 07 24 12 42 00 000 -2.1980466E+01 -1.6508194E+01 2.1194435E+00
2026 07 24 12 42 30 000 -2.1980700E+01 -1.6509960E+01 2.1197975E+00
2026 07 24 12 43 00 000 -2.1980931E+01 -1.6511726E+01 2.1201378E+00
2026 07 24 12 43 30 000 -2.1981161E+01 -1.6513494E+01 2.1204646E+00
2026 07 24 12 44 00 000 -2.1981390E+01 -1.6515263E+01 2.1207777E+00
2026 07 24 12 44 30 000 -2.1981618E+01 -1.6517033E+01 2.1210773E+00
2026 07 24 12 45 00 000 -2.1981844E+01 -1.6518804E+01 2.1213634E+00
2026 07 24 12 45 30 000 -2.1982068E+01 -1.6520576E+01 2.1216358E+00
2026 07 24 12 46 00 000 -2.1982291E+01 -1.6522349E+01 2.1218947E+00
2026 07 24 12 46 30 000 -2.1982513E+01 -1.6524123E+01 2.1221400E+00
2026 07 24 12 47 00 000 -2.1982733E+01 -1.6525898E+01 2.1223718E+00
2026 07 24 12 47 30 000 -2.1982952E+01 -1.6527674E+01 2.1225900E+00
2026 07 24 12 48 00 000 -2.1983170E+01 -1.6529451E+01 2.1227946E+00
2026 07 24 12 48 30 000 -2.1983386E+01 -1.6531229E+01 2.1229857E+00
2026 07 24 12 49 00 000 -2.1983600E+01 -1.6533008E+01 2.1231632E+00
2026 07 24 12 49 30 000 -2.1983813E+01 -1.6534788E+01 2.1233272E+00
2026 07 24 12 50 00 000 -2.1984025E+01 -1.6536569E+01 2.1234776E+00
2026 07 24 12 50 30 000 -2.1984235E+01 -1.6538351E+01 2.1236145E+00
2026 07 24 12 51 00 000 -2.1984444E+01 -1.6540134E+01 2.1237378E+00
2026 07 24 12 51 30 000 -2.1984652E+01 -1.6541919E+01 2.1238476E+00
2026 07 24 12 52 00 000 -2.1984858E+01 -1.6543704E+01 2.1239439E+00
2026 07 24 12 52 30 000 -2.1985062E+01 -1.6545490E+01 2.1240267E+00
2026 07 24 12 53 00 000 -2.1985266E+01 -1.6547277E+01 2.1240959E+00
2026 07 24 12 53 30 000 -2.1985467E+01 -1.6549065E+01 2.1241516E+00
2026 07 24 12 54 00 000 -2.1985668E+01 -1.6550854E+01 2.1241939E+00
2026 07 24 12 54 30 000 -2.1985867E+01 -1.6552645E+01 2.1242226E+00
2026 07 24 12 55 00 000 -2.1986064E+01 -1.6554436E+01 2.1242377E+00
2026 07 24 12 55 30 000 -2.1986260E+01 -1.6556228E+01 2.1242394E+00
2026 07 24 12 56 00 000 -2.1986455E+01 -1.6558021E+01 2.1242276E+00
2026 07 24 12 56 30 000 -2.1986648E+01 -1.6559815E+01 2.1242023E+00
2026 07 24 12 57 00 000 -2.1986840E+01 -1.6561611E+01 2.1241635E+00
2026 07 24 12 57 30 000 -2.1987030E+01 -1.6563407E+01 2.1241112E+00
2026 07 24 12 58 00 000 -2.1987219E+01 -1.6565204E+01 2.1240455E+00
2026 07 24 12 58 30 000 -2.1987407E+01 -1.6567002E+01 2.1239662E+00
2026 07 24 12 59 00 000 -2.1987593E+01 -1.6568801E+01 2.1238735E+00
2026 07 24 12 59 30 000 -2.1987778E+01 -1.6570602E+01 2.1237674E+00
2026 07 24 13 00 00 000 -2.1987961E+01 -1.6572403E+01 2.1236477E+00
2026 07 24 13 00 30 000 -2.1988143E+01 -1.6574205E+01 2.1235146E+00
2026 07 24 13 01 00 000 -2.1988323E+01 -1.6576008E+01 2.1233681E+00
2026 07 24 13 01 30 000 -2.1988502E+01 -1.6577812E+01 2.1232081E+00
2026 07 24 13 02 00 000 -2.1988680E+01 -1.6579617E+01 2.1230347E+00
2026 07 24 13 02 30 000 -2.1988856E+01 -1.6581423E+01 2.1228479E+00
2026 07 24 13 03 00 000 -2.1989031E+01 -1.6583231E+01 2.1226476E+00
2026 07 24 13 03 30 000 -2.1989204E+01 -1.6585039E+01 2.1224339E+00
2026 07 24 13 04 00 000 -2.1989376E+01 -1.6586848E+01 2.1222068E+00
2026 07 24 13 04 30 000 -2.1989546E+01 -1.6588658E+01 2.1219662E+00
2026 07 24 13 05 00 000 -2.1989715E+01 -1.6590469E+01 2.1217123E+00
2026 07 24 13 05 30 000 -2.1989883E+01 -1.6592281E+01 2.1214449E+00
2026 07 24 13 06 00 000 -2.1990049E+01 -1.6594094E+01 2.1211642E+00
2026 07 24 13 06 30 000 -2.1990214E+01 -1.6595908E+01 2.1208701E+00
2026 07 24 13 07 00 000 -2.1990378E+01 -1.6597723E+01 2.1205626E+00
2026 07 24 13 07 30 000 -2.1990540E+01 -1.6599538E+01 2.1202417E+00
2026 07 24 13 08 00 000 -2.1990700E+01 -1.6601355E+01 2.1199075E+00
2026 07 24 13 08 30 000 -2.1990859E+01 -1.6603173E+01 2.1195599E+00
2026 07 24 13 09 00 000 -2.1991017E+01 -1.6604992E+01 2.1191989E+00
2026 07 24 13 09 30 000 -2.1991173E+01 -1.6606811E+01 2.1188246E+00
2026 07 24 13 10 00 000 -2.1991328E+01 -1.6608632E+01 2.1184370E+00
2026 07 24 13 10 30 000 -2.1991482E+01 -1.6610454E+01 2.1180360E+00
2026 07 24 13 11 00 000 -2.1991634E+01 -1.6612276E+01 2.1176216E+00
2026 07 24 13 11 30 000 -2.1991784E+01 -1.6614100E+01 2.1171940E+00
2026 07 24 13 12 00 000 -2.1991934E+01 -1.6615924E+01 2.1167530E+00
2026 07 24 13 12 30 000 -2.1992081E+01 -1.6617749E+01 2.1162988E+00
2026 07 24 13 13 00 000 -2.1992228E+01 -1.6619576E+01 2.1158312E+00
2026 07 24 13 13 30 000 -2.1992373E+01 -1.6621403E+01 2.1153503E+00
2026 07 24 13 14 00 000 -2.1992516E+01 -1.6623231E+01 2.1148562E+00
2026 07 24 13 14 30 000 -2.1992658E+01 -1.6625060E+01 2.1143488E+00
2026 07 24 13 15 00 000 -2.1992799E+01 -1.6626890E+01 2.1138281E+00
2026 07 24 13 15 30 000 -2.1992938E+01 -1.6628721E+01 2.1132941E+00
2026 07 24 13 16 00 000 -2.1993076E+01 -1.6630553E+01 2.1127469E+00
2026 07 24 13 16 30 000 -2.1993213E+01 -1.6632386E+01 2.1121864E+00
2026 07 24 13 17 00 000 -2.1993348E+01 -1.6634220E+01 2.1116127E+00
2026 07 24 13 17 30 000 -2.1993482E+01 -1.6636054E+01 2.1110257E+00
2026 07 24 13 18 00 000 -2.1993614E+01 -1.6637890E+01 2.1104255E+00
2026 07 24 13 18 30 000 -2.1993745E+01 -1.6639726E+01 2.1098121E+00
2026 07 24 13 19 00 000 -2.1993874E+01 -1.6641564E+01 2.1091855E+00
2026 07 24 13 19 30 000 -2.1994002E+01 -1.6643402E+01 2.1085457E+00
2026 07 24 13 20 00 000 -2.1994129E+01 -1.6645241E+01 2.1078927E+00
2026 07 24 13 20 30 000 -2.1994254E+01 -1.6647081E+01 2.1072265E+00
2026 07 24 13 21 00 000 -2.1994377E+01 -1.6648922E+01 2.1065472E+00
2026 07 24 13 21 30 000 -2.1994500E+01 -1.6650764E+01 2.1058547E+00
2026 07 24 13 22 00 000 -2.1994621E+01 -1.6652607E+01 2.1051490E+00
2026 07 24 13 22 30 000 -2.1994740E+01 -1.6654450E+01 2.1044301E+00
2026 07 24 13 23 00 000 -2.1994858E+01 -1.6656295E+01 2.1036982E+00
2026 07 24 13 23 30 000 -2.1994975E+01 -1.6658140E+01 2.1029531E+00
2026 07 24 13 24 00 000 -2.1995090E+01 -1.6659986E+01 2.1021948E+00
2026 07 24 13 24 30 000 -2.1995204E+01 -1.6661833E+01 2.1014235E+00
2026 07 24 13 25 00 000 -2.1995317E+01 -1.6663681E+01 2.1006390E+00
2026 07 24 13 25 30 000 -2.1995428E+01 -1.6665530E+01 2.0998415E+00
2026 07 24 13 26 00 000 -2.1995537E+01 -1.6667380E+01 2.0990308E+00
2026 07 24 13 26 30 000 -2.1995645E+01 -1.6669230E+01 2.0982071E+00
2026 07 24 13 27 00 000 -2.1995752E+01 -1.6671081E+01 2.0973703E+00
2026 07 24 13 27 30 000 -2.1995858E+01 -1.6672934E+01 2.0965205E+00
2026 07 24 13 28 00 000 -2.1995961E+01 -1.6674787E+01 2.0956576E+00
2026 07 24 13 28 30 000 -2.1996064E+01 -1.6676640E+01 2.0947817E+00
2026 07 24 13 29 00 000 -2.1996165E+01 -1.6678495E+01 2.0938927E+00
2026 07 24 13 29 30 000 -2.1996265E+01 -1.6680351E+01 2.0929907E+00
2026 07 24 13 30 00 000 -2.1996363E+01 -1.6682207E+01 2.0920757E+00
2026 07 24 13 30 30 000 -2.1996460E+01 -1.6684064E+01 2.0911478E+00
2026 07 24 13 31 00 000 -2.1996556E+01 -1.6685922E+01 2.0902068E+00
2026 07 24 13 31 30 000 -2.1996650E+01 -1.6687781E+01 2.0892528E+00
2026 07 24 13 32 00 000 -2.1996742E+01 -1.6689641E+01 2.0882859E+00
2026 07 24 13 32 30 000 -2.1996834E+01 -1.6691501E+01 2.0873061E+00
2026 07 24 13 33 00 000 -2.1996924E+01 -1.6693362E+01 2.0863132E+00
2026 07 24 13 33 30 000 -2.1997012E+01 -1.6695224E+01 2.0853075E+00
2026 07 24 13 34 00 000 -2.1997099E+01 -1.6697087E+01 2.0842888E+00
2026 07 24 13 34 30 000 -2.1997185E+01 -1.6698951E+01 2.0832572E+00
2026 07 24 13 35 00 000 -2.1997269E+01 -1.6700815E+01 2.0822127E+00
2026 07 24 13 35 30 000 -2.1997352E+01 -1.6702680E+01 2.0811553E+00
2026 07 24 13 36 00 000 -2.1997433E+01 -1.6704546E+01 2.0800850E+00
2026 07 24 13 36 30 000 -2.1997513E+01 -1.6706413E+01 2.0790019E+00
2026 07 24 13 37 00 000 -2.1997592E+01 -1.6708280E+01 2.0779059E+00
2026 07 24 13 37 30 000 -2.1997669E+01 -1.6710149E+01 2.0767970E+00
2026 07 24 13 38 00 000 -2.1997745E+01 -1.6712018E+01 2.0756754E+00
2026 07 24 13 38 30 000 -2.1997819E+01 -1.6713887E+01 2.0745408E+00
2026 07 24 13 39 00 000 -2.1997892E+01 -1.6715758E+01 2.0733935E+00
2026 07 24 13 39 30 000 -2.1997963E+01 -1.6717629E+01 2.0722334E+00
2026 07 24 13 40 00 000 -2.1998033E+01 -1.6719501E+01 2.0710605E+00
2026 07 24 13 40 30 000 -2.1998102E+01 -1.6721374E+01 2.0698748E+00
2026 07 24 13 41 00 000 -2.1998170E+01 -1.6723247E+01 2.0686764E+00
2026 07 24 13 41 30 000 -2.1998235E+01 -1.6725121E+01 2.0674651E+00
2026 07 24 13 42 00 000 -2.1998300E+01 -1.6726996E+01 2.0662412E+00
2026 07 24 13 42 30 000 -2.1998363E+01 -1.6728872E+01 2.0650045E+00
2026 07 24 13 43 00 000 -2.1998425E+01 -1.6730748E+01 2.0637551E+00
2026 07 24 13 43 30 000 -2.1998485E+01 -1.6732625E+01 2.0624930E+00
2026 07 24 13 44 00 000 -2.1998544E+01 -1.6734503E+01 2.0612183E+00
2026 07 24 13 44 30 000 -2.1998601E+01 -1.6736381E+01 2.0599308E+00
2026 07 24 13 45 00 000 -2.1998657E+01 -1.6738260E+01 2.0586307E+00
2026 07 24 13 45 30 000 -2.1998712E+01 -1.6740140E+01 2.0573179E+00
2026 07 24 13 46 00 000 -2.1998765E+01 -1.6742021E+01 2.0559925E+00
2026 07 24 13 46 30 000 -2.1998817E+01 -1.6743902E+01 2.0546544E+00
2026 07 24 13 47 00 000 -2.1998867E+01 -1.6745784E+01 2.0533037E+00
2026 07 24 13 47 30 000 -2.1998917E+01 -1.6747666E+01 2.0519405E+00
2026 07 24 13 48 00 000 -2.1998964E+01 -1.6749549E+01 2.0505646E+00
2026 07 24 13 48 30 000 -2.1999010E+01 -1.6751433E+01 2.0491762E+00
2026 07 24 13 49 00 000 -2.1999055E+01 -1.6753317E+01 2.0477752E+00
2026 07 24 13 49 30 000 -2.1999099E+01 -1.6755202E+01 2.0463617E+00
2026 07 24 13 50 00 000 -2.1999141E+01 -1.6757088E+01 2.0449357E+00
2026 07 24 13 50 30 000 -2.1999181E+01 -1.6758975E+01 2.0434971E+00
2026 07 24 13 51 00 000 -2.1999220E+01 -1.6760861E+01 2.0420460E+00
2026 07 24 13 51 30 000 -2.1999258E+01 -1.6762749E+01 2.0405824E+00
2026 07 24 13 52 00 000 -2.1999294E+01 -1.6764637E+01 2.0391064E+00
2026 07 24 13 52 30 000 -2.1999329E+01 -1.6766526E+01 2.0376179E+00
2026 07 24 13 53 00 000 -2.1999363E+01 -1.6768415E+01 2.0361169E+00
2026 07 24 13 53 30 000 -2.1999395E+01 -1.6770306E+01 2.0346035E+00
2026 07 24 13 54 00 000 -2.1999426E+01 -1.6772196E+01 2.0330777E+00
2026 07 24 13 54 30 000 -2.1999455E+01 -1.6774087E+01 2.0315395E+00
2026 07 24 13 55 00 000 -2.1999483E+01 -1.6775979E+01 2.0299888E+00
2026 07 24 13 55 30 000 -2.1999510E+01 -1.6777871E+01 2.0284259E+00
2026 07 24 13 56 00 000 -2.1999535E+01 -1.6779764E+01 2.0268505E+00
2026 07 24 13 56 30 000 -2.1999559E+01 -1.6781658E+01 2.0252628E+00
2026 07 24 13 57 00 000 -2.1999581E+01 -1.6783552E+01 2.0236628E+00
2026 07 24 13 57 30 000 -2.1999602E+01 -1.6785447E+01 2.0220504E+00
2026 07 24 13 58 00 000 -2.1999621E+01 -1.6787342E+01 2.0204258E+00
2026 07 24 13 58 30 000 -2.1999640E+01 -1.6789237E+01 2.0187888E+00
2026 07 24 13 59 00 000 -2.1999656E+01 -1.6791134E+01 2.0171397E+00
2026 07 24 13 59 30 000 -2.1999672E+01 -1.6793030E+01 2.0154782E+00
2026 07 24 14 00 00 000 -2.1999686E+01 -1.6794928E+01 2.0138045E+00
2026 07 24 14 00 30 000 -2.1999698E+01 -1.6796825E+01 2.0121186E+00
2026 07 24 14 01 00 000 -2.1999709E+01 -1.6798724E+01 2.0104204E+00
2026 07 24 14 01 30 000 -2.1999719E+01 -1.6800623E+01 2.0087101E+00
2026 07 24 14 02 00 000 -2.1999727E+01 -1.6802522E+01 2.0069876E+00
2026 07 24 14 02 30 000 -2.1999734E+01 -1.6804422E+01 2.0052530E+00
2026 07 24 14 03 00 000 -2.1999740E+01 -1.6806322E+01 2.0035062E+00
2026 07 24 14 03 30 000 -2.1999744E+01 -1.6808223E+01 2.0017472E+00
2026 07 24 14 04 00 000 -2.1999747E+01 -1.6810124E+01 1.9999762E+00
2026 07 24 14 04 30 000 -2.1999748E+01 -1.6812026E+01 1.9981931E+00
2026 07 24 14 05 00 000 -2.1999748E+01 -1.6813928E+01 1.9963979E+00
2026 07 24 14 05 30 000 -2.1999746E+01 -1.6815831E+01 1.9945906E+00
2026 07 24 14 06 00 000 -2.1999743E+01 -1.6817734E+01 1.9927713E+00
2026 07 24 14 06 30 000 -2.1999739E+01 -1.6819637E+01 1.9909399E+00
2026 07 24 14 07 00 000 -2.1999733E+01 -1.6821541E+01 1.9890966E+00
2026 07 24 14 07 30 000 -2.1999726E+01 -1.6823446E+01 1.9872412E+00
2026 07 24 14 08 00 000 -2.1999718E+01 -1.6825350E+01 1.9853739E+00
2026 07 24 14 08 30 000 -2.1999708E+01 -1.6827256E+01 1.9834946E+00
2026 07 24 14 09 00 000 -2.1999697E+01 -1.6829161E+01 1.9816034E+00
2026 07 24 14 09 30 000 -2.1999684E+01 -1.6831067E+01 1.9797002E+00
2026 07 24 14 10 00 000 -2.1999670E+01 -1.6832974E+01 1.9777852E+00
2026 07 24 14 10 30 000 -2.1999654E+01 -1.6834881E+01 1.9758582E+00
2026 07 24 14 11 00 000 -2.1999637E+01 -1.6836788E+01 1.9739194E+00
2026 07 24 14 11 30 000 -2.1999619E+01 -1.6838695E+01 1.9719687E+00
2026 07 24 14 12 00 000 -2.1999599E+01 -1.6840603E+01 1.9700062E+00
2026 07 24 14 12 30 000 -2.1999578E+01 -1.6842512E+01 1.9680319E+00
2026 07 24 14 13 00 000 -2.1999556E+01 -1.6844421E+01 1.9660458E+00
2026 07 24 14 13 30 000 -2.1999532E+01 -1.6846330E+01 1.9640478E+00
2026 07 24 14 14 00 000 -2.1999507E+01 -1.6848239E+01 1.9620382E+00
2026 07 24 14 14 30 000 -2.1999480E+01 -1.6850149E+01 1.9600167E+00
2026 07 24 14 15 00 000 -2.1999452E+01 -1.6852059E+01 1.9579836E+00
2026 07 24 14 15 30 000 -2.1999423E+01 -1.6853969E+01 1.9559387E+00
2026 07 24 14 16 00 000 -2.1999392E+01 -1.6855880E+01 1.9538822E+00
2026 07 24 14 16 30 000 -2.1999359E+01 -1.6857791E+01 1.9518140E+00
2026 07 24 14 17 00 000 -2.1999326E+01 -1.6859702E+01 1.9497341E+00
2026 07 24 14 17 30 000 -2.1999291E+01 -1.6861614E+01 1.9476426E+00
2026 07 24 14 18 00 000 -2.1999254E+01 -1.6863526E+01 1.9455395E+00
2026 07 24 14 18 30 000 -2.1999216E+01 -1.6865438E+01 1.9434248E+00
2026 07 24 14 19 00 000 -2.1999177E+01 -1.6867350E+01 1.9412985E+00
2026 07 24 14 19 30 000 -2.1999136E+01 -1.6869263E+01 1.9391606E+00
2026 07 24 14 20 00 000 -2.1999094E+01 -1.6871176E+01 1.9370112E+00
2026 07 24 14 20 30 000 -2.1999051E+01 -1.6873089E+01 1.9348503E+00
2026 07 24 14 21 00 000 -2.1999006E+01 -1.6875003E+01 1.9326779E+00
2026 07 24 14 21 30 000 -2.1998960E+01 -1.6876917E+01 1.9304940E+00
2026 07 24 14 22 00 000 -2.1998912E+01 -1.6878831E+01 1.9282987E+00
2026 07 24 14 22 30 000 -2.1998863E+01 -1.6880745E+01 1.9260919E+00
2026 07 24 14 23 00 000 -2.1998813E+01 -1.6882659E+01 1.9238737E+00
2026 07 24 14 23 30 000 -2.1998761E+01 -1.6884574E+01 1.9216441E+00
2026 07 24 14 24 00 000 -2.1998708E+01 -1.6886489E+01 1.9194031E+00
2026 07 24 14 24 30 000 -2.1998653E+01 -1.6888404E+01 1.9171507E+00
2026 07 24 14 25 00 000 -2.1998597E+01 -1.6890319E+01 1.9148871E+00
2026 07 24 14 25 30 000 -2.1998540E+01 -1.6892235E+01 1.9126121E+00
2026 07 24 14 26 00 000 -2.1998481E+01 -1.6894150E+01 1.9103258E+00
2026 07 24 14 26 30 000 -2.1998421E+01 -1.6896066E+01 1.9080282E+00
2026 07 24 14 27 00 000 -2.1998359E+01 -1.6897982E+01 1.9057194E+00
2026 07 24 14 27 30 000 -2.1998296E+01 -1.6899898E+01 1.9033993E+00
2026 07 24 14 28 00 000 -2.1998232E+01 -1.6901814E+01 1.9010681E+00
2026 07 24 14 28 30 000 -2.1998166E+01 -1.6903730E+01 1.8987256E+00
2026 07 24 14 29 00 000 -2.1998099E+01 -1.6905647E+01 1.8963720E+00
2026 07 24 14 29 30 000 -2.1998030E+01 -1.6907564E+01 1.8940072E+00
2026 07 24 14 30 00 000 -2.1997960E+01 -1.6909480E+01 1.8916313E+00
2026 07 24 14 30 30 000 -2.1997889E+01 -1.6911397E+01 1.8892443E+00
2026 07 24 14 31 00 000 -2.1997816E+01 -1.6913314E+01 1.8868462E+00
2026 07 24 14 31 30 000 -2.1997742E+01 -1.6915231E+01 1.8844370E+00
2026 07 24 14 32 00 000 -2.1997667E+01 -1.6917148E+01 1.8820168E+00
2026 07 24 14 32 30 000 -2.1997590E+01 -1.6919066E+01 1.8795855E+00
2026 07 24 14 33 00 000 -2.1997512E+01 -1.6920983E+01 1.8771433E+00
2026 07 24 14 33 30 000 -2.1997432E+01 -1.6922900E+01 1.8746901E+00
2026 07 24 14 34 00 000 -2.1997351E+01 -1.6924818E+01 1.8722260E+00
2026 07 24 14 34 30 000 -2.1997268E+01 -1.6926735E+01 1.8697509E+00
2026 07 24 14 35 00 000 -2.1997184E+01 -1.6928653E+01 1.8672649E+00
2026 07 24 14 35 30 000 -2.1997099E+01 -1.6930570E+01 1.8647680E+00
2026 07 24 14 36 00 000 -2.1997013E+01 -1.6932488E+01 1.8622602E+00
2026 07 24 14 36 30 000 -2.1996925E+01 -1.6934405E+01 1.8597416E+00
2026 07 24 14 37 00 000 -2.1996835E+01 -1.6936323E+01 1.8572122E+00
2026 07 24 14 37 30 000 -2.1996744E+01 -1.6938241E+01 1.8546720E+00
2026 07 24 14 38 00 000 -2.1996652E+01 -1.6940158E+01 1.8521210E+00
2026 07 24 14 38 30 000 -2.1996558E+01 -1.6942076E+01 1.8495593E+00
2026 07 24 14 39 00 000 -2.1996463E+01 -1.6943993E+01 1.8469868E+00
2026 07 24 14 39 30 000 -2.1996367E+01 -1.6945911E+01 1.8444037E+00
2026 07 24 14 40 00 000 -2.1996269E+01 -1.6947828E+01 1.8418098E+00
2026 07 24 14 40 30 000 -2.1996170E+01 -1.6949746E+01 1.8392053E+00
2026 07 24 14 41 00 000 -2.1996070E+01 -1.6951663E+01 1.8365902E+00
2026 07 24 14 41 30 000 -2.1995968E+01 -1.6953581E+01 1.8339644E+00
2026 07 24 14 42 00 000 -2.1995864E+01 -1.6955498E+01 1.8313281E+00
2026 07 24 14 42 30 000 -2.1995759E+01 -1.6957415E+01 1.8286812E+00
2026 07 24 14 43 00 000 -2.1995653E+01 -1.6959332E+01 1.8260238E+00
2026 07 24 14 43 30 000 -2.1995546E+01 -1.6961249E+01 1.8233558E+00
2026 07 24 14 44 00 000 -2.1995437E+01 -1.6963166E+01 1.8206774E+00
2026 07 24 14 44 30 000 -2.1995327E+01 -1.6965083E+01 1.8179885E+00
2026 07 24 14 45 00 000 -2.1995215E+01 -1.6967000E+01 1.8152891E+00
2026 07 24 14 45 30 000 -2.1995102E+01 -1.6968917E+01 1.8125794E+00
2026 07 24 14 46 00 000 -2.1994987E+01 -1.6970833E+01 1.8098592E+00
2026 07 24 14 46 30 000 -2.1994872E+01 -1.6972749E+01 1.8071287E+00
2026 07 24 14 47 00 000 -2.1994754E+01 -1.6974666E+01 1.8043878E+00
2026 07 24 14 47 30 000 -2.1994636E+01 -1.6976582E+01 1.8016367E+00
2026 07 24 14 48 00 000 -2.1994516E+01 -1.6978498E+01 1.7988752E+00
2026 07 24 14 48 30 000 -2.1994394E+01 -1.6980413E+01 1.7961035E+00
2026 07 24 14 49 00 000 -2.1994271E+01 -1.6982329E+01 1.7933215E+00
2026 07 24 14 49 30 000 -2.1994147E+01 -1.6984244E+01 1.7905293E+00
2026 07 24 14 50 00 000 -2.1994022E+01 -1.6986160E+01 1.7877268E+00
2026 07 24 14 50 30 000 -2.1993895E+01 -1.6988075E+01 1.7849143E+00
2026 07 24 14 51 00 000 -2.1993766E+01 -1.6989989E+01 1.7820915E+00
2026 07 24 14 51 30 000 -2.1993637E+01 -1.6991904E+01 1.7792587E+00
2026 07 24 14 52 00 000 -2.1993505E+01 -1.6993818E+01 1.7764158E+00
2026 07 24 14 52 30 000 -2.1993373E+01 -1.6995732E+01 1.7735628E+00
2026 07 24 14 53 00 000 -2.1993239E+01 -1.6997646E+01 1.7706998E+00
2026 07 24 14 53 30 000 -2.1993104E+01 -1.6999560E+01 1.7678267E+00
2026 07 24 14 54 00 000 -2.1992967E+01 -1.7001473E+01 1.7649437E+00
2026 07 24 14 54 30 000 -2.1992829E+01 -1.7003386E+01 1.7620507E+00
2026 07 24 14 55 00 000 -2.1992690E+01 -1.7005299E+01 1.7591478E+00
2026 07 24 14 55 30 000 -2.1992549E+01 -1.7007212E+01 1.7562349E+00
2026 07 24 14 56 00 000 -2.1992406E+01 -1.7009124E+01 1.7533122E+00
2026 07 24 14 56 30 000 -2.1992263E+01 -1.7011036E+01 1.7503796E+00
2026 07 24 14 57 00 000 -2.1992118E+01 -1.7012948E+01 1.7474372E+00
2026 07 24 14 57 30 000 -2.1991971E+01 -1.7014859E+01 1.7444850E+00
2026 07 24 14 58 00 000 -2.1991824E+01 -1.7016770E+01 1.7415230E+00
2026 07 24 14 58 30 000 -2.1991674E+01 -1.7018681E+01 1.7385513E+00
2026 07 24 14 59 00 000 -2.1991524E+01 -1.7020591E+01 1.7355698E+00
2026 07 24 14 59 30 000 -2.1991372E+01 -1.7022501E+01 1.7325786E+00
2026 07 24 15 00 00 000 -2.1991219E+01 -1.7024411E+01 1.7295778E+00
2026 07 24 15 00 30 000 -2.1991064E+01 -1.7026321E+01 1.7265673E+00
2026 07 24 15 01 00 000 -2.1990908E+01 -1.7028230E+01 1.7235472E+00
2026 07 24 15 01 30 000 -2.1990750E+01 -1.7030138E+01 1.7205176E+00
2026 07 24 15 02 00 000 -2.1990591E+01 -1.7032046E+01 1.7174783E+00
2026 07 24 15 02 30 000 -2.1990431E+01 -1.7033954E+01 1.7144296E+00
2026 07 24 15 03 00 000 -2.1990270E+01 -1.7035862E+01 1.7113713E+00
2026 07 24 15 03 30 000 -2.1990107E+01 -1.7037769E+01 1.7083035E+00
2026 07 24 15 04 00 000 -2.1989942E+01 -1.7039675E+01 1.7052263E+00
2026 07 24 15 04 30 000 -2.1989776E+01 -1.7041581E+01 1.7021397E+00
2026 07 24 15 05 00 000 -2.1989609E+01 -1.7043487E+01 1.6990437E+00
2026 07 24 15 05 30 000 -2.1989441E+01 -1.7045393E+01 1.6959384E+00
2026 07 24 15 06 00 000 -2.1989271E+01 -1.7047297E+01 1.6928236E+00
2026 07 24 15 06 30 000 -2.1989099E+01 -1.7049202E+01 1.6896996E+00
2026 07 24 15 07 00 000 -2.1988927E+01 -1.7051106E+01 1.6865663E+00
2026 07 24 15 07 30 000 -2.1988753E+01 -1.7053009E+01 1.6834238E+00
2026 07 24 15 08 00 000 -2.1988577E+01 -1.7054912E+01 1.6802720E+00
2026 07 24 15 08 30 000 -2.1988400E+01 -1.7056815E+01 1.6771111E+00
2026 07 24 15 09 00 000 -2.1988222E+01 -1.7058717E+01 1.6739409E+00
2026 07 24 15 09 30 000 -2.1988042E+01 -1.7060618E+01 1.6707617E+00
2026 07 24 15 10 00 000 -2.1987861E+01 -1.7062519E+01 1.6675733E+00
2026 07 24 15 10 30 000 -2.1987679E+01 -1.7064420E+01 1.6643758E+00
2026 07 24 15 11 00 000 -2.1987495E+01 -1.7066320E+01 1.6611694E+00
2026 07 24 15 11 30 000 -2.1987310E+01 -1.7068219E+01 1.6579538E+00
2026 07 24 15 12 00 000 -2.1987124E+01 -1.7070118E+01 1.6547293E+00
2026 07 24 15 12 30 000 -2.1986936E+01 -1.7072016E+01 1.6514959E+00
2026 07 24 15 13 00 000 -2.1986746E+01 -1.7073914E+01 1.6482535E+00
2026 07 24 15 13 30 000 -2.1986556E+01 -1.7075811E+01 1.6450022E+00
2026 07 24 15 14 00 000 -2.1986364E+01 -1.7077708E+01 1.6417420E+00
2026 07 24 15 14 30 000 -2.1986170E+01 -1.7079604E+01 1.6384730E+00
2026 07 24 15 15 00 000 -2.1985975E+01 -1.7081499E+01 1.6351952E+00
2026 07 24 15 15 30 000 -2.1985779E+01 -1.7083394E+01 1.6319086E+00
2026 07 24 15 16 00 000 -2.1985582E+01 -1.7085289E+01 1.6286133E+00
2026 07 24 15 16 30 000 -2.1985383E+01 -1.7087182E+01 1.6253092E+00
2026 07 24 15 17 00 000 -2.1985182E+01 -1.7089075E+01 1.6219964E+00
2026 07 24 15 17 30 000 -2.1984981E+01 -1.7090967E+01 1.6186750E+00
2026 07 24 15 18 00 000 -2.1984777E+01 -1.7092859E+01 1.6153449E+00
2026 07 24 15 18 30 000 -2.1984573E+01 -1.7094750E+01 1.6120063E+00
2026 07 24 15 19 00 000 -2.1984367E+01 -1.7096641E+01 1.6086591E+00
2026 07 24 15 19 30 000 -2.1984160E+01 -1.7098530E+01 1.6053033E+00
2026 07 24 15 20 00 000 -2.1983951E+01 -1.7100420E+01 1.6019390E+00
2026 07 24 15 20 30 000 -2.1983741E+01 -1.7102308E+01 1.5985663E+00
2026 07 24 15 21 00 000 -2.1983530E+01 -1.7104196E+01 1.5951851E+00
2026 07 24 15 21 30 000 -2.1983317E+01 -1.7106083E+01 1.5917955E+00
2026 07 24 15 22 00 000 -2.1983103E+01 -1.7107969E+01 1.5883975E+00
2026 07 24 15 22 30 000 -2.1982887E+01 -1.7109855E+01 1.5849912E+00
2026 07 24 15 23 00 000 -2.1982670E+01 -1.7111739E+01 1.5815765E+00
2026 07 24 15 23 30 000 -2.1982452E+01 -1.7113624E+01 1.5781535E+00
2026 07 24 15 24 00 000 -2.1982232E+01 -1.7115507E+01 1.5747223E+00
2026 07 24 15 24 30 000 -2.1982011E+01 -1.7117390E+01 1.5712829E+00
2026 07 24 15 25 00 000 -2.1981789E+01 -1.7119272E+01 1.5678353E+00
2026 07 24 15 25 30 000 -2.1981565E+01 -1.7121153E+01 1.5643795E+00
2026 07 24 15 26 00 000 -2.1981340E+01 -1.7123033E+01 1.5609155E+00
2026 07 24 15 26 30 000 -2.1981113E+01 -1.7124913E+01 1.5574435E+00
2026 07 24 15 27 00 000 -2.1980885E+01 -1.7126792E+01 1.5539634E+00
2026 07 24 15 27 30 000 -2.1980656E+01 -1.7128670E+01 1.5504753E+00
2026 07 24 15 28 00 000 -2.1980425E+01 -1.7130547E+01 1.5469792E+00
2026 07 24 15 28 30 000 -2.1980193E+01 -1.7132423E+01 1.5434750E+00
2026 07 24 15 29 00 000 -2.1979960E+01 -1.7134299E+01 1.5399630E+00
2026 07 24 15 29 30 000 -2.1979725E+01 -1.7136174E+01 1.5364430E+00
2026 07 24 15 30 00 000 -2.1979489E+01 -1.7138048E+01 1.5329152E+00
2026 07 24 15 30 30 000 -2.1979251E+01 -1.7139921E+01 1.5293795E+00
2026 07 24 15 31 00 000 -2.1979012E+01 -1.7141793E+01 1.5258361E+00
2026 07 24 15 31 30 000 -2.1978772E+01 -1.7143664E+01 1.5222848E+00
2026 07 24 15 32 00 000 -2.1978530E+01 -1.7145535E+01 1.5187258E+00
2026 07 24 15 32 30 000 -2.1978287E+01 -1.7147405E+01 1.5151591E+00
2026 07 24 15 33 00 000 -2.1978042E+01 -1.7149274E+01 1.5115847E+00
2026 07 24 15 33 30 000 -2.1977797E+01 -1.7151141E+01 1.5080027E+00
2026 07 24 15 34 00 000 -2.1977549E+01 -1.7153008E+01 1.5044131E+00
2026 07 24 15 34 30 000 -2.1977301E+01 -1.7154875E+01 1.5008158E+00
2026 07 24 15 35 00 000 -2.1977051E+01 -1.7156740E+01 1.4972111E+00
2026 07 24 15 35 30 000 -2.1976799E+01 -1.7158604E+01 1.4935988E+00
2026 07 24 15 36 00 000 -2.1976547E+01 -1.7160468E+01 1.4899791E+00
2026 07 24 15 36 30 000 -2.1976292E+01 -1.7162330E+01 1.4863519E+00
2026 07 24 15 37 00 000 -2.1976037E+01 -1.7164192E+01 1.4827173E+00
2026 07 24 15 37 30 000 -2.1975780E+01 -1.7166052E+01 1.4790753E+00
2026 07 24 15 38 00 000 -2.1975522E+01 -1.7167912E+01 1.4754259E+00
2026 07 24 15 38 30 000 -2.1975262E+01 -1.7169770E+01 1.4717693E+00
2026 07 24 15 39 00 000 -2.1975001E+01 -1.7171628E+01 1.4681054E+00
2026 07 24 15 39 30 000 -2.1974739E+01 -1.7173485E+01 1.4644342E+00
2026 07 24 15 40 00 000 -2.1974475E+01 -1.7175341E+01 1.4607559E+00
2026 07 24 15 40 30 000 -2.1974210E+01 -1.7177195E+01 1.4570704E+00
2026 07 24 15 41 00 000 -2.1973943E+01 -1.7179049E+01 1.4533777E+00
2026 07 24 15 41 30 000 -2.1973675E+01 -1.7180902E+01 1.4496779E+00
2026 07 24 15 42 00 000 -2.1973406E+01 -1.7182754E+01 1.4459711E+00
2026 07 24 15 42 30 000 -2.1973135E+01 -1.7184604E+01 1.4422572E+00
2026 07 24 15 43 00 000 -2.1972863E+01 -1.7186454E+01 1.4385363E+00
2026 07 24 15 43 30 000 -2.1972590E+01 -1.7188303E+01 1.4348085E+00
2026 07 24 15 44 00 000 -2.1972315E+01 -1.7190150E+01 1.4310737E+00
2026 07 24 15 44 30 000 -2.1972039E+01 -1.7191997E+01 1.4273320E+00
2026 07 24 15 45 00 000 -2.1971762E+01 -1.7193842E+01 1.4235835E+00
2026 07 24 15 45 30 000 -2.1971483E+01 -1.7195687E+01 1.4198281E+00
2026 07 24 15 46 00 000 -2.1971203E+01 -1.7197530E+01 1.4160660E+00
2026 07 24 15 46 30 000 -2.1970921E+01 -1.7199372E+01 1.4122971E+00
2026 07 24 15 47 00 000 -2.1970638E+01 -1.7201214E+01 1.4085214E+00
2026 07 24 15 47 30 000 -2.1970353E+01 -1.7203054E+01 1.4047391E+00
2026 07 24 15 48 00 000 -2.1970068E+01 -1.7204893E+01 1.4009502E+00
2026 07 24 15 48 30 000 -2.1969781E+01 -1.7206731E+01 1.3971546E+00
2026 07 24 15 49 00 000 -2.1969492E+01 -1.7208567E+01 1.3933524E+00
2026 07 24 15 49 30 000 -2.1969202E+01 -1.7210403E+01 1.3895437E+00
2026 07 24 15 50 00 000 -2.1968911E+01 -1.7212237E+01 1.3857285E+00
2026 07 24 15 50 30 000 -2.1968618E+01 -1.7214071E+01 1.3819068E+00
2026 07 24 15 51 00 000 -2.1968324E+01 -1.7215903E+01 1.3780787E+00
2026 07 24 15 51 30 000 -2.1968029E+01 -1.7217734E+01 1.3742441E+00
2026 07 24 15 52 00 000 -2.1967732E+01 -1.7219564E+01 1.3704032E+00
2026 07 24 15 52 30 000 -2.1967434E+01 -1.7221393E+01 1.3665560E+00
2026 07 24 15 53 00 000 -2.1967135E+01 -1.7223220E+01 1.3627025E+00
2026 07 24 15 53 30 000 -2.1966834E+01 -1.7225047E+01 1.3588427E+00
2026 07 24 15 54 00 000 -2.1966531E+01 -1.7226872E+01 1.3549767E+00
2026 07 24 15 54 30 000 -2.1966228E+01 -1.7228696E+01 1.3511046E+00
2026 07 24 15 55 00 000 -2.1965923E+01 -1.7230519E+01 1.3472262E+00
2026 07 24 15 55 30 000 -2.1965616E+01 -1.7232341E+01 1.3433418E+00
2026 07 24 15 56 00 000 -2.1965309E+01 -1.7234161E+01 1.3394513E+00
2026 07 24 15 56 30 000 -2.1965000E+01 -1.7235980E+01 1.3355547E+00
2026 07 24 15 57 00 000 -2.1964689E+01 -1.7237798E+01 1.3316521E+00
2026 07 24 15 57 30 000 -2.1964377E+01 -1.7239615E+01 1.3277436E+00
2026 07 24 15 58 00 000 -2.1964064E+01 -1.7241430E+01 1.3238292E+00
2026 07 24 15 58 30 000 -2.1963749E+01 -1.7243245E+01 1.3199088E+00
2026 07 24 15 59 00 000 -2.1963433E+01 -1.7245058E+01 1.3159826E+00
2026 07 24 15 59 30 000 -2.1963116E+01 -1.7246869E+01 1.3120506E+00
2026 07 24 16 00 00 000 -2.1962797E+01 -1.7248680E+01 1.3081128E+00
2026 07 24 16 00 30 000 -2.1962477E+01 -1.7250489E+01 1.3041692E+00
2026 07 24 16 01 00 000 -2.1962156E+01 -1.7252297E+01 1.3002200E+00
2026 07 24 16 01 30 000 -2.1961833E+01 -1.7254103E+01 1.2962650E+00
2026 07 24 16 02 00 000 -2.1961509E+01 -1.7255909E+01 1.2923044E+00
2026 07 24 16 02 30 000 -2.1961183E+01 -1.7257713E+01 1.2883383E+00
2026 07 24 16 03 00 000 -2.1960856E+01 -1.7259516E+01 1.2843666E+00
2026 07 24 16 03 30 000 -2.1960528E+01 -1.7261317E+01 1.2803893E+00
2026 07 24 16 04 00 000 -2.1960198E+01 -1.7263117E+01 1.2764066E+00
2026 07 24 16 04 30 000 -2.1959867E+01 -1.7264916E+01 1.2724185E+00
2026 07 24 16 05 00 000 -2.1959535E+01 -1.7266713E+01 1.2684249E+00
2026 07 24 16 05 30 000 -2.1959201E+01 -1.7268509E+01 1.2644259E+00
2026 07 24 16 06 00 000 -2.1958866E+01 -1.7270304E+01 1.2604216E+00
2026 07 24 16 06 30 000 -2.1958529E+01 -1.7272097E+01 1.2564121E+00
2026 07 24 16 07 00 000 -2.1958192E+01 -1.7273889E+01 1.2523972E+00
2026 07 24 16 07 30 000 -2.1957852E+01 -1.7275680E+01 1.2483772E+00
2026 07 24 16 08 00 000 -2.1957512E+01 -1.7277469E+01 1.2443519E+00
2026 07 24 16 08 30 000 -2.1957170E+01 -1.7279257E+01 1.2403215E+00
2026 07 24 16 09 00 000 -2.1956826E+01 -1.7281044E+01 1.2362861E+00
2026 07 24 16 09 30 000 -2.1956482E+01 -1.7282829E+01 1.2322455E+00
2026 07 24 16 10 00 000 -2.1956135E+01 -1.7284613E+01 1.2281999E+00
2026 07 24 16 10 30 000 -2.1955788E+01 -1.7286395E+01 1.2241493E+00
2026 07 24 16 11 00 000 -2.1955439E+01 -1.7288176E+01 1.2200938E+00
2026 07 24 16 11 30 000 -2.1955089E+01 -1.7289955E+01 1.2160333E+00
2026 07 24 16 12 00 000 -2.1954737E+01 -1.7291733E+01 1.2119680E+00
2026 07 24 16 12 30 000 -2.1954384E+01 -1.7293510E+01 1.2078979E+00
2026 07 24 16 13 00 000 -2.1954030E+01 -1.7295285E+01 1.2038229E+00
2026 07 24 16 13 30 000 -2.1953674E+01 -1.7297059E+01 1.1997432E+00
2026 07 24 16 14 00 000 -2.1953317E+01 -1.7298831E+01 1.1956587E+00
2026 07 24 16 14 30 000 -2.1952959E+01 -1.7300602E+01 1.1915696E+00
2026 07 24 16 15 00 000 -2.1952599E+01 -1.7302372E+01 1.1874758E+00
2026 07 24 16 15 30 000 -2.1952238E+01 -1.7304140E+01 1.1833775E+00
2026 07 24 16 16 00 000 -2.1951875E+01 -1.7305906E+01 1.1792745E+00
2026 07 24 16 16 30 000 -2.1951511E+01 -1.7307671E+01 1.1751671E+00
2026 07 24 16 17 00 000 -2.1951146E+01 -1.7309435E+01 1.1710551E+00
2026 07 24 16 17 30 000 -2.1950780E+01 -1.7311197E+01 1.1669387E+00
2026 07 24 16 18 00 000 -2.1950412E+01 -1.7312958E+01 1.1628179E+00
2026 07 24 16 18 30 000 -2.1950042E+01 -1.7314717E+01 1.1586927E+00
2026 07 24 16 19 00 000 -2.1949671E+01 -1.7316474E+01 1.1545632E+00
2026 07 24 16 19 30 000 -2.1949299E+01 -1.7318230E+01 1.1504294E+00
2026 07 24 16 20 00 000 -2.1948926E+01 -1.7319985E+01 1.1462913E+00
2026 07 24 16 20 30 000 -2.1948551E+01 -1.7321738E+01 1.1421491E+00
2026 07 24 16 21 00 000 -2.1948175E+01 -1.7323490E+01 1.1380026E+00
2026 07 24 16 21 30 000 -2.1947797E+01 -1.7325240E+01 1.1338520E+00
2026 07 24 16 22 00 000 -2.1947418E+01 -1.7326988E+01 1.1296974E+00
2026 07 24 16 22 30 000 -2.1947038E+01 -1.7328735E+01 1.1255386E+00
2026 07 24 16 23 00 000 -2.1946656E+01 -1.7330480E+01 1.1213759E+00
2026 07 24 16 23 30 000 -2.1946273E+01 -1.7332224E+01 1.1172092E+00
2026 07 24 16 24 00 000 -2.1945889E+01 -1.7333966E+01 1.1130385E+00
2026 07 24 16 24 30 000 -2.1945503E+01 -1.7335707E+01 1.1088639E+00
2026 07 24 16 25 00 000 -2.1945116E+01 -1.7337446E+01 1.1046855E+00
2026 07 24 16 25 30 000 -2.1944727E+01 -1.7339184E+01 1.1005033E+00
2026 07 24 16 26 00 000 -2.1944337E+01 -1.7340920E+01 1.0963172E+00
2026 07 24 16 26 30 000 -2.1943946E+01 -1.7342654E+01 1.0921275E+00
2026 07 24 16 27 00 000 -2.1943554E+01 -1.7344387E+01 1.0879340E+00
2026 07 24 16 27 30 000 -2.1943160E+01 -1.7346119E+01 1.0837369E+00
2026 07 24 16 28 00 000 -2.1942764E+01 -1.7347848E+01 1.0795362E+00
2026 07 24 16 28 30 000 -2.1942368E+01 -1.7349576E+01 1.0753319E+00
2026 07 24 16 29 00 000 -2.1941970E+01 -1.7351303E+01 1.0711240E+00
2026 07 24 16 29 30 000 -2.1941570E+01 -1.7353028E+01 1.0669127E+00
2026 07 24 16 30 00 000 -2.1941169E+01 -1.7354751E+01 1.0626978E+00
2026 07 24 16 30 30 000 -2.1940767E+01 -1.7356472E+01 1.0584796E+00
2026 07 24 16 31 00 000 -2.1940364E+01 -1.7358192E+01 1.0542580E+00
2026 07 24 16 31 30 000 -2.1939959E+01 -1.7359911E+01 1.0500330E+00
2026 07 24 16 32 00 000 -2.1939553E+01 -1.7361628E+01 1.0458048E+00
2026 07 24 16 32 30 000 -2.1939145E+01 -1.7363343E+01 1.0415733E+00
2026 07 24 16 33 00 000 -2.1938736E+01 -1.7365056E+01 1.0373386E+00
2026 07 24 16 33 30 000 -2.1938326E+01 -1.7366768E+01 1.0331007E+00
2026 07 24 16 34 00 000 -2.1937914E+01 -1.7368478E+01 1.0288597E+00
2026 07 24 16 34 30 000 -2.1937501E+01 -1.7370187E+01 1.0246156E+00
2026 07 24 16 35 00 000 -2.1937086E+01 -1.7371893E+01 1.0203684E+00
2026 07 24 16 35 30 000 -2.1936671E+01 -1.7373599E+01 1.0161182E+00
2026 07 24 16 36 00 000 -2.1936253E+01 -1.7375302E+01 1.0118651E+00
2026 07 24 16 36 30 000 -2.1935835E+01 -1.7377004E+01 1.0076090E+00
2026 07 24 16 37 00 000 -2.1935415E+01 -1.7378704E+01 1.0033500E+00
2026 07 24 16 37 30 000 -2.1934994E+01 -1.7380402E+01 9.9908821E-01
2026 07 24 16 38 00 000 -2.1934571E+01 -1.7382099E+01 9.9482357E-01
2026 07 24 16 38 30 000 -2.1934147E+01 -1.7383794E+01 9.9055618E-01
2026 07 24 16 39 00 000 -2.1933722E+01 -1.7385488E+01 9.8628605E-01
2026 07 24 16 39 30 000 -2.1933295E+01 -1.7387179E+01 9.8201325E-01
2026 07 24 16 40 00 000 -2.1932867E+01 -1.7388869E+01 9.7773779E-01
2026 07 24 16 40 30 000 -2.1932438E+01 -1.7390558E+01 9.7345972E-01
2026 07 24 16 41 00 000 -2.1932007E+01 -1.7392244E+01 9.6917909E-01
2026 07 24 16 41 30 000 -2.1931575E+01 -1.7393929E+01 9.6489595E-01
2026 07 24 16 42 00 000 -2.1931141E+01 -1.7395612E+01 9.6061032E-01
2026 07 24 16 42 30 000 -2.1930706E+01 -1.7397294E+01 9.5632224E-01
2026 07 24 16 43 00 000 -2.1930270E+01 -1.7398973E+01 9.5203177E-01
2026 07 24 16 43 30 000 -2.1929832E+01 -1.7400651E+01 9.4773895E-01
2026 07 24 16 44 00 000 -2.1929393E+01 -1.7402328E+01 9.4344381E-01
2026 07 24 16 44 30 000 -2.1928953E+01 -1.7404002E+01 9.3914638E-01
2026 07 24 16 45 00 000 -2.1928511E+01 -1.7405675E+01 9.3484672E-01
2026 07 24 16 45 30 000 -2.1928068E+01 -1.7407346E+01 9.3054488E-01
2026 07 24 16 46 00 000 -2.1927624E+01 -1.7409015E+01 9.2624088E-01
2026 07 24 16 46 30 000 -2.1927178E+01 -1.7410682E+01 9.2193477E-01
2026 07 24 16 47 00 000 -2.1926731E+01 -1.7412348E+01 9.1762657E-01
2026 07 24 16 47 30 000 -2.1926282E+01 -1.7414012E+01 9.1331636E-01
2026 07 24 16 48 00 000 -2.1925832E+01 -1.7415674E+01 9.0900417E-01
2026 07 24 16 48 30 000 -2.1925381E+01 -1.7417335E+01 9.0469003E-01
2026 07 24 16 49 00 000 -2.1924929E+01 -1.7418994E+01 9.0037399E-01
2026 07 24 16 49 30 000 -2.1924475E+01 -1.7420650E+01 8.9605608E-01
2026 07 24 16 50 00 000 -2.1924019E+01 -1.7422306E+01 8.9173635E-01
2026 07 24 16 50 30 000 -2.1923563E+01 -1.7423959E+01 8.8741485E-01
2026 07 24 16 51 00 000 -2.1923105E+01 -1.7425610E+01 8.8309160E-01
2026 07 24 16 51 30 000 -2.1922645E+01 -1.7427260E+01 8.7876665E-01
2026 07 24 16 52 00 000 -2.1922184E+01 -1.7428908E+01 8.7444006E-01
2026 07 24 16 52 30 000 -2.1921722E+01 -1.7430554E+01 8.7011186E-01
2026 07 24 16 53 00 000 -2.1921259E+01 -1.7432199E+01 8.6578208E-01
2026 07 24 16 53 30 000 -2.1920794E+01 -1.7433841E+01 8.6145077E-01
2026 07 24 16 54 00 000 -2.1920328E+01 -1.7435482E+01 8.5711796E-01
2026 07 24 16 54 30 000 -2.1919860E+01 -1.7437121E+01 8.5278372E-01
2026 07 24 16 55 00 000 -2.1919391E+01 -1.7438758E+01 8.4844809E-01
2026 07 24 16 55 30 000 -2.1918921E+01 -1.7440394E+01 8.4411110E-01
2026 07 24 16 56 00 000 -2.1918449E+01 -1.7442027E+01 8.3977275E-01
2026 07 24 16 56 30 000 -2.1917976E+01 -1.7443659E+01 8.3543313E-01
2026 07 24 16 57 00 000 -2.1917502E+01 -1.7445289E+01 8.3109228E-01
2026 07 24 16 57 30 000 -2.1917026E+01 -1.7446917E+01 8.2675024E-01
2026 07 24 16 58 00 000 -2.1916549E+01 -1.7448543E+01 8.2240704E-01
2026 07 24 16 58 30 000 -2.1916071E+01 -1.7450168E+01 8.1806271E-01
2026 07 24 16 59 00 000 -2.1915591E+01 -1.7451791E+01 8.1371734E-01
2026 07 24 16 59 30 000 -2.1915110E+01 -1.7453411E+01 8.0937094E-01
2026 07 24 17 00 00 000 -2.1914627E+01 -1.7455030E+01 8.0502356E-01
2026 07 24 17 00 30 000 -2.1914143E+01 -1.7456647E+01 8.0067522E-01
2026 07 24 17 01 00 000 -2.1913658E+01 -1.7458263E+01 7.9632595E-01
2026 07 24 17 01 30 000 -2.1913172E+01 -1.7459876E+01 7.9197584E-01
2026 07 24 17 02 00 000 -2.1912684E+01 -1.7461488E+01 7.8762492E-01
2026 07 24 17 02 30 000 -2.1912194E+01 -1.7463098E+01 7.8327322E-01
2026 07 24 17 03 00 000 -2.1911704E+01 -1.7464706E+01 7.7892077E-01
2026 07 24 17 03 30 000 -2.1911212E+01 -1.7466312E+01 7.7456765E-01
2026 07 24 17 04 00 000 -2.1910718E+01 -1.7467916E+01 7.7021388E-01
2026 07 24 17 04 30 000 -2.1910223E+01 -1.7469518E+01 7.6585949E-01
2026 07 24 17 05 00 000 -2.1909727E+01 -1.7471119E+01 7.6150452E-01
2026 07 24 17 05 30 000 -2.1909230E+01 -1.7472717E+01 7.5714903E-01
2026 07 24 17 06 00 000 -2.1908731E+01 -1.7474314E+01 7.5279307E-01
2026 07 24 17 06 30 000 -2.1908231E+01 -1.7475909E+01 7.4843665E-01
2026 07 24 17 07 00 000 -2.1907729E+01 -1.7477502E+01 7.4407984E-01
2026 07 24 17 07 30 000 -2.1907226E+01 -1.7479093E+01 7.3972266E-01
2026 07 24 17 08 00 000 -2.1906722E+01 -1.7480683E+01 7.3536518E-01
2026 07 24 17 08 30 000 -2.1906216E+01 -1.7482270E+01 7.3100744E-01
2026 07 24 17 09 00 000 -2.1905709E+01 -1.7483856E+01 7.2664946E-01
2026 07 24 17 09 30 000 -2.1905201E+01 -1.7485439E+01 7.2229126E-01
2026 07 24 17 10 00 000 -2.1904691E+01 -1.7487021E+01 7.1793292E-01
2026 07 24 17 10 30 000 -2.1904180E+01 -1.7488601E+01 7.1357449E-01
2026 07 24 17 11 00 000 -2.1903668E+01 -1.7490179E+01 7.0921598E-01
2026 07 24 17 11 30 000 -2.1903154E+01 -1.7491755E+01 7.0485747E-01
2026 07 24 17 12 00 000 -2.1902639E+01 -1.7493330E+01 7.0049897E-01
2026 07 24 17 12 30 000 -2.1902123E+01 -1.7494902E+01 6.9614054E-01
2026 07 24 17 13 00 000 -2.1901605E+01 -1.7496473E+01 6.9178220E-01
2026 07 24 17 13 30 000 -2.1901086E+01 -1.7498041E+01 6.8742402E-01
2026 07 24 17 14 00 000 -2.1900565E+01 -1.7499608E+01 6.8306601E-01
2026 07 24 17 14 30 000 -2.1900043E+01 -1.7501173E+01 6.7870823E-01
2026 07 24 17 15 00 000 -2.1899520E+01 -1.7502736E+01 6.7435073E-01
2026 07 24 17 15 30 000 -2.1898995E+01 -1.7504297E+01 6.6999356E-01
2026 07 24 17 16 00 000 -2.1898469E+01 -1.7505857E+01 6.6563674E-01
2026 07 24 17 16 30 000 -2.1897942E+01 -1.7507414E+01 6.6128031E-01
2026 07 24 17 17 00 000 -2.1897413E+01 -1.7508969E+01 6.5692433E-01
2026 07 24 17 17 30 000 -2.1896883E+01 -1.7510523E+01 6.5256884E-01
2026 07 24 17 18 00 000 -2.1896352E+01 -1.7512075E+01 6.4821386E-01
2026 07 24 17 18 30 000 -2.1895819E+01 -1.7513624E+01 6.4385944E-01
2026 07 24 17 19 00 000 -2.1895285E+01 -1.7515172E+01 6.3950564E-01
2026 07 24 17 19 30 000 -2.1894750E+01 -1.7516718E+01 6.3515249E-01
2026 07 24 17 20 00 000 -2.1894213E+01 -1.7518262E+01 6.3080004E-01
2026 07 24 17 20 30 000 -2.1893675E+01 -1.7519805E+01 6.2644831E-01
2026 07 24 17 21 00 000 -2.1893135E+01 -1.7521345E+01 6.2209735E-01
2026 07 24 17 21 30 000 -2.1892594E+01 -1.7522883E+01 6.1774723E-01
2026 07 24 17 22 00 000 -2.1892052E+01 -1.7524420E+01 6.1339796E-01
2026 07 24 17 22 30 000 -2.1891508E+01 -1.7525954E+01 6.0904960E-01
2026 07 24 17 23 00 000 -2.1890963E+01 -1.7527487E+01 6.0470218E-01
2026 07 24 17 23 30 000 -2.1890417E+01 -1.7529018E+01 6.0035575E-01
2026 07 24 17 24 00 000 -2.1889869E+01 -1.7530547E+01 5.9601034E-01
2026 07 24 17 24 30 000 -2.1889320E+01 -1.7532074E+01 5.9166601E-01
2026 07 24 17 25 00 000 -2.1888770E+01 -1.7533599E+01 5.8732280E-01
2026 07 24 17 25 30 000 -2.1888218E+01 -1.7535122E+01 5.8298073E-01
2026 07 24 17 26 00 000 -2.1887665E+01 -1.7536643E+01 5.7863985E-01
2026 07 24 17 26 30 000 -2.1887111E+01 -1.7538162E+01 5.7430023E-01
2026 07 24 17 27 00 000 -2.1886555E+01 -1.7539680E+01 5.6996188E-01
2026 07 24 17 27 30 000 -2.1885998E+01 -1.7541195E+01 5.6562484E-01
2026 07 24 17 28 00 000 -2.1885439E+01 -1.7542709E+01 5.6128918E-01
2026 07 24 17 28 30 000 -2.1884880E+01 -1.7544221E+01 5.5695492E-01
2026 07 24 17 29 00 000 -2.1884318E+01 -1.7545730E+01 5.5262210E-01
2026 07 24 17 29 30 000 -2.1883756E+01 -1.7547238E+01 5.4829078E-01
2026 07 24 17 30 00 000 -2.1883192E+01 -1.7548744E+01 5.4396098E-01
2026 07 24 17 30 30 000 -2.1882627E+01 -1.7550248E+01 5.3963276E-01
2026 07 24 17 31 00 000 -2.1882060E+01 -1.7551751E+01 5.3530615E-01
2026 07 24 17 31 30 000 -2.1881492E+01 -1.7553251E+01 5.3098120E-01
2026 07 24 17 32 00 000 -2.1880923E+01 -1.7554749E+01 5.2665794E-01
2026 07 24 17 32 30 000 -2.1880352E+01 -1.7556246E+01 5.2233643E-01
2026 07 24 17 33 00 000 -2.1879780E+01 -1.7557740E+01 5.1801669E-01
2026 07 24 17 33 30 000 -2.1879207E+01 -1.7559233E+01 5.1369878E-01
2026 07 24 17 34 00 000 -2.1878632E+01 -1.7560724E+01 5.0938274E-01
2026 07 24 17 34 30 000 -2.1878056E+01 -1.7562213E+01 5.0506859E-01
2026 07 24 17 35 00 000 -2.1877478E+01 -1.7563700E+01 5.0075640E-01
2026 07 24 17 35 30 000 -2.1876900E+01 -1.7565185E+01 4.9644620E-01
2026 07 24 17 36 00 000 -2.1876319E+01 -1.7566668E+01 4.9213803E-01
2026 07 24 17 36 30 000 -2.1875738E+01 -1.7568149E+01 4.8783193E-01
2026 07 24 17 37 00 000 -2.1875155E+01 -1.7569629E+01 4.8352795E-01
2026 07 24 17 37 30 000 -2.1874571E+01 -1.7571106E+01 4.7922612E-01
2026 07 24 17 38 00 000 -2.1873985E+01 -1.7572582E+01 4.7492649E-01
2026 07 24 17 38 30 000 -2.1873398E+01 -1.7574055E+01 4.7062910E-01
2026 07 24 17 39 00 000 -2.1872810E+01 -1.7575527E+01 4.6633398E-01
2026 07 24 17 39 30 000 -2.1872220E+01 -1.7576997E+01 4.6204118E-01
2026 07 24 17 40 00 000 -2.1871629E+01 -1.7578465E+01 4.5775076E-01
2026 07 24 17 40 30 000 -2.1871037E+01 -1.7579931E+01 4.5346273E-01
2026 07 24 17 41 00 000 -2.1870443E+01 -1.7581395E+01 4.4917714E-01
2026 07 24 17 41 30 000 -2.1869848E+01 -1.7582857E+01 4.4489405E-01
2026 07 24 17 42 00 000 -2.1869252E+01 -1.7584318E+01 4.4061349E-01
2026 07 24 17 42 30 000 -2.1868654E+01 -1.7585776E+01 4.3633549E-01
2026 07 24 17 43 00 000 -2.1868055E+01 -1.7587233E+01 4.3206011E-01
2026 07 24 17 43 30 000 -2.1867455E+01 -1.7588687E+01 4.2778736E-01
2026 07 24 17 44 00 000 -2.1866853E+01 -1.7590140E+01 4.2351731E-01
2026 07 24 17 44 30 000 -2.1866250E+01 -1.7591591E+01 4.1925000E-01
2026 07 24 17 45 00 000 -2.1865645E+01 -1.7593040E+01 4.1498547E-01
2026 07 24 17 45 30 000 -2.1865039E+01 -1.7594487E+01 4.1072375E-01
2026 07 24 17 46 00 000 -2.1864432E+01 -1.7595933E+01 4.0646488E-01
2026 07 24 17 46 30 000 -2.1863824E+01 -1.7597376E+01 4.0220892E-01
2026 07 24 17 47 00 000 -2.1863214E+01 -1.7598818E+01 3.9795590E-01
2026 07 24 17 47 30 000 -2.1862602E+01 -1.7600257E+01 3.9370585E-01
2026 07 24 17 48 00 000 -2.1861990E+01 -1.7601695E+01 3.8945882E-01
2026 07 24 17 48 30 000 -2.1861376E+01 -1.7603131E+01 3.8521486E-01
2026 07 24 17 49 00 000 -2.1860761E+01 -1.7604565E+01 3.8097400E-01
2026 07 24 17 49 30 000 -2.1860144E+01 -1.7605997E+01 3.7673628E-01
2026 07 24 17 50 00 000 -2.1859526E+01 -1.7607427E+01 3.7250175E-01
2026 07 24 17 50 30 000 -2.1858907E+01 -1.7608856E+01 3.6827044E-01
2026 07 24 17 51 00 000 -2.1858286E+01 -1.7610282E+01 3.6404240E-01
2026 07 24 17 51 30 000 -2.1857664E+01 -1.7611707E+01 3.5981766E-01
2026 07 24 17 52 00 000 -2.1857040E+01 -1.7613130E+01 3.5559628E-01
2026 07 24 17 52 30 000 -2.1856416E+01 -1.7614551E+01 3.5137827E-01
2026 07 24 17 53 00 000 -2.1855790E+01 -1.7615970E+01 3.4716370E-01
2026 07 24 17 53 30 000 -2.1855162E+01 -1.7617387E+01 3.4295259E-01
2026 07 24 17 54 00 000 -2.1854533E+01 -1.7618802E+01 3.3874500E-01
2026 07 24 17 54 30 000 -2.1853903E+01 -1.7620216E+01 3.3454094E-01
2026 07 24 17 55 00 000 -2.1853272E+01 -1.7621627E+01 3.3034049E-01
2026 07 24 17 55 30 000 -2.1852639E+01 -1.7623037E+01 3.2614366E-01
2026 07 24 17 56 00 000 -2.1852005E+01 -1.7624445E+01 3.2195051E-01
2026 07 24 17 56 30 000 -2.1851369E+01 -1.7625851E+01 3.1776107E-01
2026 07 24 17 57 00 000 -2.1850732E+01 -1.7627255E+01 3.1357538E-01
2026 07 24 17 57 30 000 -2.1850094E+01 -1.7628658E+01 3.0939348E-01
2026 07 24 17 58 00 000 -2.1849454E+01 -1.7630058E+01 3.0521541E-01
2026 07 24 17 58 30 000 -2.1848813E+01 -1.7631457E+01 3.0104122E-01
2026 07 24 17 59 00 000 -2.1848171E+01 -1.7632854E+01 2.9687093E-01
2026 07 24 17 59 30 000 -2.1847527E+01 -1.7634249E+01 2.9270460E-01
2026 07 24 18 00 00 000 -2.1846882E+01 -1.7635642E+01 2.8854226E-01
2026 07 24 18 00 30 000 -2.1846236E+01 -1.7637033E+01 2.8438396E-01
2026 07 24 18 01 00 000 -2.1845588E+01 -1.7638423E+01 2.8022973E-01
2026 07 24 18 01 30 000 -2.1844939E+01 -1.7639811E+01 2.7607960E-01
2026 07 24 18 02 00 000 -2.1844289E+01 -1.7641197E+01 2.7193363E-01
2026 07 24 18 02 30 000 -2.1843637E+01 -1.7642581E+01 2.6779186E-01
2026 07 24 18 03 00 000 -2.1842984E+01 -1.7643963E+01 2.6365431E-01
2026 07 24 18 03 30 000 -2.1842330E+01 -1.7645343E+01 2.5952103E-01
2026 07 24 18 04 00 000 -2.1841674E+01 -1.7646722E+01 2.5539207E-01
2026 07 24 18 04 30 000 -2.1841017E+01 -1.7648099E+01 2.5126746E-01
2026 07 24 18 05 00 000 -2.1840358E+01 -1.7649474E+01 2.4714724E-01
2026 07 24 18 05 30 000 -2.1839698E+01 -1.7650847E+01 2.4303145E-01
2026 07 24 18 06 00 000 -2.1839037E+01 -1.7652218E+01 2.3892011E-01
2026 07 24 18 06 30 000 -2.1838375E+01 -1.7653588E+01 2.3481330E-01
2026 07 24 18 07 00 000 -2.1837711E+01 -1.7654956E+01 2.3071103E-01
2026 07 24 18 07 30 000 -2.1837045E+01 -1.7656322E+01 2.2661336E-01
2026 07 24 18 08 00 000 -2.1836379E+01 -1.7657686E+01 2.2252030E-01
2026 07 24 18 08 30 000 -2.1835711E+01 -1.7659048E+01 2.1843192E-01
2026 07 24 18 09 00 000 -2.1835042E+01 -1.7660409E+01 2.1434824E-01
2026 07 24 18 09 30 000 -2.1834371E+01 -1.7661768E+01 2.1026930E-01
2026 07 24 18 10 00 000 -2.1833699E+01 -1.7663125E+01 2.0619515E-01
2026 07 24 18 10 30 000 -2.1833026E+01 -1.7664480E+01 2.0212582E-01
2026 07 24 18 11 00 000 -2.1832351E+01 -1.7665834E+01 1.9806135E-01
2026 07 24 18 11 30 000 -2.1831675E+01 -1.7667186E+01 1.9400178E-01
2026 07 24 18 12 00 000 -2.1830998E+01 -1.7668536E+01 1.8994716E-01
2026 07 24 18 12 30 000 -2.1830319E+01 -1.7669884E+01 1.8589750E-01
2026 07 24 18 13 00 000 -2.1829639E+01 -1.7671230E+01 1.8185287E-01
2026 07 24 18 13 30 000 -2.1828958E+01 -1.7672575E+01 1.7781330E-01
2026 07 24 18 14 00 000 -2.1828275E+01 -1.7673918E+01 1.7377882E-01
2026 07 24 18 14 30 000 -2.1827591E+01 -1.7675259E+01 1.6974947E-01
2026 07 24 18 15 00 000 -2.1826905E+01 -1.7676599E+01 1.6572529E-01
2026 07 24 18 15 30 000 -2.1826219E+01 -1.7677936E+01 1.6170632E-01
2026 07 24 18 16 00 000 -2.1825530E+01 -1.7679272E+01 1.5769261E-01
2026 07 24 18 16 30 000 -2.1824841E+01 -1.7680607E+01 1.5368418E-01
2026 07 24 18 17 00 000 -2.1824150E+01 -1.7681939E+01 1.4968106E-01
2026 07 24 18 17 30 000 -2.1823458E+01 -1.7683270E+01 1.4568331E-01
2026 07 24 18 18 00 000 -2.1822764E+01 -1.7684599E+01 1.4169097E-01
2026 07 24 18 18 30 000 -2.1822070E+01 -1.7685926E+01 1.3770408E-01
2026 07 24 18 19 00 000 -2.1821373E+01 -1.7687252E+01 1.3372266E-01
2026 07 24 18 19 30 000 -2.1820676E+01 -1.7688576E+01 1.2974675E-01
2026 07 24 18 20 00 000 -2.1819977E+01 -1.7689898E+01 1.2577640E-01
2026 07 24 18 20 30 000 -2.1819277E+01 -1.7691218E+01 1.2181165E-01
2026 07 24 18 21 00 000 -2.1818575E+01 -1.7692537E+01 1.1785252E-01
2026 07 24 18 21 30 000 -2.1817872E+01 -1.7693854E+01 1.1389906E-01
2026 07 24 18 22 00 000 -2.1817168E+01 -1.7695169E+01 1.0995130E-01
2026 07 24 18 22 30 000 -2.1816462E+01 -1.7696483E+01 1.0600930E-01
2026 07 24 18 23 00 000 -2.1815755E+01 -1.7697795E+01 1.0207308E-01
2026 07 24 18 23 30 000 -2.1815047E+01 -1.7699105E+01 9.8142668E-02
2026 07 24 18 24 00 000 -2.1814337E+01 -1.7700414E+01 9.4218107E-02
2026 07 24 18 24 30 000 -2.1813626E+01 -1.7701721E+01 9.0299456E-02
2026 07 24 18 25 00 000 -2.1812914E+01 -1.7703026E+01 8.6386734E-02
2026 07 24 18 25 30 000 -2.1812200E+01 -1.7704329E+01 8.2479984E-02
2026 07 24 18 26 00 000 -2.1811485E+01 -1.7705631E+01 7.8579234E-02
2026 07 24 18 26 30 000 -2.1810769E+01 -1.7706932E+01 7.4684534E-02
2026 07 24 18 27 00 000 -2.1810051E+01 -1.7708230E+01 7.0795911E-02
2026 07 24 18 27 30 000 -2.1809332E+01 -1.7709527E+01 6.6913420E-02
2026 07 24 18 28 00 000 -2.1808611E+01 -1.7710822E+01 6.3037071E-02
2026 07 24 18 28 30 000 -2.1807890E+01 -1.7712116E+01 5.9166882E-02
2026 07 24 18 29 00 000 -2.1807166E+01 -1.7713408E+01 5.5302961E-02
2026 07 24 18 29 30 000 -2.1806442E+01 -1.7714698E+01 5.1445300E-02
2026 07 24 18 30 00 000 -2.1805716E+01 -1.7715987E+01 4.7593943E-02
2026 07 24 18 30 30 000 -2.1804989E+01 -1.7717274E+01 4.3748924E-02
2026 07 24 18 31 00 000 -2.1804261E+01 -1.7718559E+01 3.9910289E-02
2026 07 24 18 31 30 000 -2.1803531E+01 -1.7719843E+01 3.6078058E-02
2026 07 24 18 32 00 000 -2.1802799E+01 -1.7721125E+01 3.2252288E-02
2026 07 24 18 32 30 000 -2.1802067E+01 -1.7722406E+01 2.8432999E-02
2026 07 24 18 33 00 000 -2.1801333E+01 -1.7723685E+01 2.4620213E-02
2026 07 24 18 33 30 000 -2.1800598E+01 -1.7724962E+01 2.0814003E-02
2026 07 24 18 34 00 000 -2.1799861E+01 -1.7726238E+01 1.7014387E-02
2026 07 24 18 34 30 000 -2.1799123E+01 -1.7727512E+01 1.3221401E-02
2026 07 24 18 35 00 000 -2.1798384E+01 -1.7728784E+01 9.4350808E-03
2026 07 24 18 35 30 000 -2.1797643E+01 -1.7730055E+01 5.6554627E-03
2026 07 24 18 36 00 000 -2.1796902E+01 -1.7731325E+01 1.8825934E-03
2026 07 24 18 36 30 000 -2.1796158E+01 -1.7732592E+01 -1.8835001E-03
2026 07 24 18 37 00 000 -2.1795414E+01 -1.7733859E+01 -5.6427865E-03
2026 07 24 18 37 30 000 -2.1794668E+01 -1.7735123E+01 -9.3952302E-03
2026 07 24 18 38 00 000 -2.1793920E+01 -1.7736386E+01 -1.3140785E-02
2026 07 24 18 38 30 000 -2.1793172E+01 -1.7737648E+01 -1.6879419E-02
2026 07 24 18 39 00 000 -2.1792422E+01 -1.7738908E+01 -2.0611099E-02
2026 07 24 18 39 30 000 -2.1791670E+01 -1.7740166E+01 -2.4335802E-02
2026 07 24 18 40 00 000 -2.1790918E+01 -1.7741423E+01 -2.8053473E-02
2026 07 24 18 40 30 000 -2.1790164E+01 -1.7742678E+01 -3.1764075E-02
2026 07 24 18 41 00 000 -2.1789408E+01 -1.7743932E+01 -3.5467582E-02
2026 07 24 18 41 30 000 -2.1788651E+01 -1.7745184E+01 -3.9163958E-02
2026 07 24 18 42 00 000 -2.1787893E+01 -1.7746435E+01 -4.2853173E-02
2026 07 24 18 42 30 000 -2.1787134E+01 -1.7747684E+01 -4.6535175E-02
2026 07 24 18 43 00 000 -2.1786373E+01 -1.7748931E+01 -5.0209945E-02
2026 07 24 18 43 30 000 -2.1785611E+01 -1.7750177E+01 -5.3877442E-02
2026 07 24 18 44 00 000 -2.1784848E+01 -1.7751422E+01 -5.7537638E-02
2026 07 24 18 44 30 000 -2.1784083E+01 -1.7752665E+01 -6.1190487E-02
2026 07 24 18 45 00 000 -2.1783317E+01 -1.7753907E+01 -6.4835960E-02
2026 07 24 18 45 30 000 -2.1782549E+01 -1.7755147E+01 -6.8474019E-02
2026 07 24 18 46 00 000 -2.1781780E+01 -1.7756385E+01 -7.2104631E-02
2026 07 24 18 46 30 000 -2.1781010E+01 -1.7757622E+01 -7.5727769E-02
2026 07 24 18 47 00 000 -2.1780239E+01 -1.7758858E+01 -7.9343385E-02
2026 07 24 18 47 30 000 -2.1779466E+01 -1.7760092E+01 -8.2951452E-02
2026 07 24 18 48 00 000 -2.1778692E+01 -1.7761325E+01 -8.6551934E-02
2026 07 24 18 48 30 000 -2.1777916E+01 -1.7762556E+01 -9.0144809E-02
2026 07 24 18 49 00 000 -2.1777139E+01 -1.7763786E+01 -9.3730021E-02
2026 07 24 18 49 30 000 -2.1776361E+01 -1.7765014E+01 -9.7307548E-02
2026 07 24 18 50 00 000 -2.1775581E+01 -1.7766241E+01 -1.0087735E-01
2026 07 24 18 50 30 000 -2.1774801E+01 -1.7767466E+01 -1.0443940E-01
2026 07 24 18 51 00 000 -2.1774018E+01 -1.7768690E+01 -1.0799368E-01
2026 07 24 18 51 30 000 -2.1773235E+01 -1.7769912E+01 -1.1154012E-01
2026 07 24 18 52 00 000 -2.1772450E+01 -1.7771133E+01 -1.1507870E-01
2026 07 24 18 52 30 000 -2.1771664E+01 -1.7772353E+01 -1.1860940E-01
2026 07 24 18 53 00 000 -2.1770876E+01 -1.7773571E+01 -1.2213219E-01
2026 07 24 18 53 30 000 -2.1770087E+01 -1.7774788E+01 -1.2564700E-01
2026 07 24 18 54 00 000 -2.1769297E+01 -1.7776003E+01 -1.2915383E-01
2026 07 24 18 54 30 000 -2.1768505E+01 -1.7777217E+01 -1.3265263E-01
2026 07 24 18 55 00 000 -2.1767712E+01 -1.7778429E+01 -1.3614337E-01
2026 07 24 18 55 30 000 -2.1766918E+01 -1.7779640E+01 -1.3962604E-01
2026 07 24 18 56 00 000 -2.1766122E+01 -1.7780850E+01 -1.4310058E-01
2026 07 24 18 56 30 000 -2.1765325E+01 -1.7782058E+01 -1.4656696E-01
2026 07 24 18 57 00 000 -2.1764527E+01 -1.7783265E+01 -1.5002515E-01
2026 07 24 18 57 30 000 -2.1763727E+01 -1.7784471E+01 -1.5347513E-01
2026 07 24 18 58 00 000 -2.1762926E+01 -1.7785675E+01 -1.5691684E-01
2026 07 24 18 58 30 000 -2.1762124E+01 -1.7786878E+01 -1.6035028E-01
2026 07 24 18 59 00 000 -2.1761320E+01 -1.7788079E+01 -1.6377538E-01
2026 07 24 18 59 30 000 -2.1760515E+01 -1.7789279E+01 -1.6719213E-01
2026 07 24 19 00 00 000 -2.1759708E+01 -1.7790478E+01 -1.7060052E-01
2026 07 24 19 00 30 000 -2.1758901E+01 -1.7791675E+01 -1.7400047E-01
2026 07 24 19 01 00 000 -2.1758092E+01 -1.7792871E+01 -1.7739198E-01
2026 07 24 19 01 30 000 -2.1757281E+01 -1.7794066E+01 -1.8077500E-01
2026 07 24 19 02 00 000 -2.1756470E+01 -1.7795259E+01 -1.8414952E-01
2026 07 24 19 02 30 000 -2.1755656E+01 -1.7796451E+01 -1.8751548E-01
2026 07 24 19 03 00 000 -2.1754842E+01 -1.7797642E+01 -1.9087287E-01
2026 07 24 19 03 30 000 -2.1754026E+01 -1.7798831E+01 -1.9422164E-01
2026 07 24 19 04 00 000 -2.1753209E+01 -1.7800019E+01 -1.9756178E-01
2026 07 24 19 04 30 000 -2.1752391E+01 -1.7801206E+01 -2.0089324E-01
2026 07 24 19 05 00 000 -2.1751571E+01 -1.7802391E+01 -2.0421599E-01
2026 07 24 19 05 30 000 -2.1750750E+01 -1.7803575E+01 -2.0753001E-01
2026 07 24 19 06 00 000 -2.1749927E+01 -1.7804758E+01 -2.1083526E-01
2026 07 24 19 06 30 000 -2.1749103E+01 -1.7805940E+01 -2.1413171E-01
2026 07 24 19 07 00 000 -2.1748278E+01 -1.7807120E+01 -2.1741932E-01
2026 07 24 19 07 30 000 -2.1747452E+01 -1.7808299E+01 -2.2069807E-01
2026 07 24 19 08 00 000 -2.1746624E+01 -1.7809477E+01 -2.2396793E-01
2026 07 24 19 08 30 000 -2.1745795E+01 -1.7810653E+01 -2.2722887E-01
2026 07 24 19 09 00 000 -2.1744964E+01 -1.7811828E+01 -2.3048085E-01
2026 07 24 19 09 30 000 -2.1744132E+01 -1.7813002E+01 -2.3372384E-01
2026 07 24 19 10 00 000 -2.1743299E+01 -1.7814175E+01 -2.3695781E-01
2026 07 24 19 10 30 000 -2.1742465E+01 -1.7815346E+01 -2.4018274E-01
2026 07 24 19 11 00 000 -2.1741629E+01 -1.7816516E+01 -2.4339859E-01
2026 07 24 19 11 30 000 -2.1740792E+01 -1.7817685E+01 -2.4660532E-01
2026 07 24 19 12 00 000 -2.1739953E+01 -1.7818853E+01 -2.4980291E-01
2026 07 24 19 12 30 000 -2.1739113E+01 -1.7820019E+01 -2.5299133E-01
2026 07 24 19 13 00 000 -2.1738272E+01 -1.7821185E+01 -2.5617055E-01
2026 07 24 19 13 30 000 -2.1737429E+01 -1.7822349E+01 -2.5934056E-01
2026 07 24 19 14 00 000 -2.1736585E+01 -1.7823511E+01 -2.6250128E-01
2026 07 24 19 14 30 000 -2.1735740E+01 -1.7824673E+01 -2.6565271E-01
2026 07 24 19 15 00 000 -2.1734894E+01 -1.7825833E+01 -2.6879483E-01
2026 07 24 19 15 30 000 -2.1734046E+01 -1.7826993E+01 -2.7192759E-01
2026 07 24 19 16 00 000 -2.1733196E+01 -1.7828151E+01 -2.7505097E-01
2026 07 24 19 16 30 000 -2.1732346E+01 -1.7829308E+01 -2.7816494E-01
2026 07 24 19 17 00 000 -2.1731494E+01 -1.7830463E+01 -2.8126946E-01
2026 07 24 19 17 30 000 -2.1730641E+01 -1.7831618E+01 -2.8436451E-01
2026 07 24 19 18 00 000 -2.1729786E+01 -1.7832771E+01 -2.8745007E-01
2026 07 24 19 18 30 000 -2.1728930E+01 -1.7833923E+01 -2.9052610E-01
2026 07 24 19 19 00 000 -2.1728073E+01 -1.7835074E+01 -2.9359256E-01
2026 07 24 19 19 30 000 -2.1727214E+01 -1.7836224E+01 -2.9664943E-01
2026 07 24 19 20 00 000 -2.1726354E+01 -1.7837373E+01 -2.9969670E-01
2026 07 24 19 20 30 000 -2.1725493E+01 -1.7838520E+01 -3.0273430E-01
2026 07 24 19 21 00 000 -2.1724630E+01 -1.7839667E+01 -3.0576224E-01
2026 07 24 19 21 30 000 -2.1723766E+01 -1.7840812E+01 -3.0878046E-01
2026 07 24 19 22 00 000 -2.1722901E+01 -1.7841956E+01 -3.1178896E-01
2026 07 24 19 22 30 000 -2.1722034E+01 -1.7843100E+01 -3.1478770E-01
2026 07 24 19 23 00 000 -2.1721166E+01 -1.7844242E+01 -3.1777664E-01
2026 07 24 19 23 30 000 -2.1720297E+01 -1.7845382E+01 -3.2075576E-01
2026 07 24 19 24 00 000 -2.1719426E+01 -1.7846522E+01 -3.2372503E-01
2026 07 24 19 24 30 000 -2.1718554E+01 -1.7847661E+01 -3.2668444E-01
2026 07 24 19 25 00 000 -2.1717681E+01 -1.7848798E+01 -3.2963393E-01
2026 07 24 19 25 30 000 -2.1716806E+01 -1.7849935E+01 -3.3257348E-01
2026 07 24 19 26 00 000 -2.1715930E+01 -1.7851070E+01 -3.3550308E-01
2026 07 24 19 26 30 000 -2.1715053E+01 -1.7852205E+01 -3.3842268E-01
2026 07 24 19 27 00 000 -2.1714174E+01 -1.7853338E+01 -3.4133228E-01
2026 07 24 19 27 30 000 -2.1713294E+01 -1.7854470E+01 -3.4423182E-01
2026 07 24 19 28 00 000 -2.1712412E+01 -1.7855601E+01 -3.4712129E-01
2026 07 24 19 28 30 000 -2.1711530E+01 -1.7856731E+01 -3.5000065E-01
2026 07 24 19 29 00 000 -2.1710646E+01 -1.7857860E+01 -3.5286990E-01
2026 07 24 19 29 30 000 -2.1709760E+01 -1.7858988E+01 -3.5572898E-01
2026 07 24 19 30 00 000 -2.1708874E+01 -1.7860115E+01 -3.5857788E-01
2026 07 24 19 30 30 000 -2.1707985E+01 -1.7861241E+01 -3.6141657E-01
2026 07 24 19 31 00 000 -2.1707096E+01 -1.7862366E+01 -3.6424502E-01
2026 07 24 19 31 30 000 -2.1706205E+01 -1.7863490E+01 -3.6706321E-01
2026 07 24 19 32 00 000 -2.1705313E+01 -1.7864613E+01 -3.6987110E-01
2026 07 24 19 32 30 000 -2.1704420E+01 -1.7865735E+01 -3.7266867E-01
2026 07 24 19 33 00 000 -2.1703525E+01 -1.7866855E+01 -3.7545589E-01
2026 07 24 19 33 30 000 -2.1702629E+01 -1.7867975E+01 -3.7823275E-01
2026 07 24 19 34 00 000 -2.1701732E+01 -1.7869094E+01 -3.8099920E-01
2026 07 24 19 34 30 000 -2.1700833E+01 -1.7870212E+01 -3.8375523E-01
2026 07 24 19 35 00 000 -2.1699933E+01 -1.7871329E+01 -3.8650080E-01
2026 07 24 19 35 30 000 -2.1699031E+01 -1.7872445E+01 -3.8923589E-01
2026 07 24 19 36 00 000 -2.1698128E+01 -1.7873560E+01 -3.9196049E-01
2026 07 24 19 36 30 000 -2.1697224E+01 -1.7874674E+01 -3.9467454E-01
2026 07 24 19 37 00 000 -2.1696319E+01 -1.7875787E+01 -3.9737803E-01
2026 07 24 19 37 30 000 -2.1695412E+01 -1.7876899E+01 -4.0007094E-01
2026 07 24 19 38 00 000 -2.1694504E+01 -1.7878010E+01 -4.0275324E-01
2026 07 24 19 38 30 000 -2.1693594E+01 -1.7879120E+01 -4.0542490E-01
2026 07 24 19 39 00 000 -2.1692684E+01 -1.7880229E+01 -4.0808590E-01
2026 07 24 19 39 30 000 -2.1691772E+01 -1.7881337E+01 -4.1073621E-01
2026 07 24 19 40 00 000 -2.1690858E+01 -1.7882445E+01 -4.1337580E-01
2026 07 24 19 40 30 000 -2.1689943E+01 -1.7883551E+01 -4.1600466E-01
2026 07 24 19 41 00 000 -2.1689027E+01 -1.7884657E+01 -4.1862275E-01
2026 07 24 19 41 30 000 -2.1688110E+01 -1.7885761E+01 -4.2123005E-01
2026 07 24 19 42 00 000 -2.1687191E+01 -1.7886865E+01 -4.2382653E-01
2026 07 24 19 42 30 000 -2.1686271E+01 -1.7887967E+01 -4.2641218E-01
2026 07 24 19 43 00 000 -2.1685349E+01 -1.7889069E+01 -4.2898695E-01
2026 07 24 19 43 30 000 -2.1684426E+01 -1.7890170E+01 -4.3155084E-01
2026 07 24 19 44 00 000 -2.1683502E+01 -1.7891270E+01 -4.3410380E-01
2026 07 24 19 44 30 000 -2.1682577E+01 -1.7892369E+01 -4.3664582E-01
2026 07 24 19 45 00 000 -2.1681650E+01 -1.7893468E+01 -4.3917689E-01
2026 07 24 19 45 30 000 -2.1680722E+01 -1.7894565E+01 -4.4169696E-01
2026 07 24 19 46 00 000 -2.1679792E+01 -1.7895662E+01 -4.4420601E-01
2026 07 24 19 46 30 000 -2.1678861E+01 -1.7896757E+01 -4.4670402E-01
2026 07 24 19 47 00 000 -2.1677929E+01 -1.7897852E+01 -4.4919098E-01
2026 07 24 19 47 30 000 -2.1676996E+01 -1.7898946E+01 -4.5166684E-01
2026 07 24 19 48 00 000 -2.1676061E+01 -1.7900039E+01 -4.5413158E-01
2026 07 24 19 48 30 000 -2.1675124E+01 -1.7901132E+01 -4.5658519E-01
2026 07 24 19 49 00 000 -2.1674187E+01 -1.7902223E+01 -4.5902763E-01
2026 07 24 19 49 30 000 -2.1673248E+01 -1.7903314E+01 -4.6145890E-01
2026 07 24 19 50 00 000 -2.1672308E+01 -1.7904403E+01 -4.6387895E-01
2026 07 24 19 50 30 000 -2.1671366E+01 -1.7905492E+01 -4.6628777E-01
2026 07 24 19 51 00 000 -2.1670423E+01 -1.7906581E+01 -4.6868533E-01
2026 07 24 19 51 30 000 -2.1669479E+01 -1.7907668E+01 -4.7107162E-01
2026 07 24 19 52 00 000 -2.1668534E+01 -1.7908754E+01 -4.7344659E-01
2026 07 24 19 52 30 000 -2.1667587E+01 -1.7909840E+01 -4.7581024E-01
2026 07 24 19 53 00 000 -2.1666639E+01 -1.7910925E+01 -4.7816254E-01
2026 07 24 19 53 30 000 -2.1665689E+01 -1.7912009E+01 -4.8050347E-01
2026 07 24 19 54 00 000 -2.1664738E+01 -1.7913092E+01 -4.8283300E-01
2026 07 24 19 54 30 000 -2.1663786E+01 -1.7914175E+01 -4.8515111E-01
2026 07 24 19 55 00 000 -2.1662832E+01 -1.7915257E+01 -4.8745777E-01
2026 07 24 19 55 30 000 -2.1661878E+01 -1.7916338E+01 -4.8975297E-01
2026 07 24 19 56 00 000 -2.1660921E+01 -1.7917418E+01 -4.9203668E-01
2026 07 24 19 56 30 000 -2.1659964E+01 -1.7918497E+01 -4.9430888E-01
2026 07 24 19 57 00 000 -2.1659005E+01 -1.7919576E+01 -4.9656954E-01
2026 07 24 19 57 30 000 -2.1658045E+01 -1.7920654E+01 -4.9881865E-01
2026 07 24 19 58 00 000 -2.1657083E+01 -1.7921731E+01 -5.0105617E-01
2026 07 24 19 58 30 000 -2.1656120E+01 -1.7922808E+01 -5.0328211E-01
2026 07 24 19 59 00 000 -2.1655156E+01 -1.7923884E+01 -5.0549641E-01
2026 07 24 19 59 30 000 -2.1654190E+01 -1.7924959E+01 -5.0769907E-01
2026 07 24 20 00 00 000 -2.1653224E+01 -1.7926033E+01 -5.0989005E-01
2026 07 24 20 00 30 000 -2.1652255E+01 -1.7927106E+01 -5.1206935E-01
2026 07 24 20 01 00 000 -2.1651286E+01 -1.7928179E+01 -5.1423694E-01
2026 07 24 20 01 30 000 -2.1650315E+01 -1.7929251E+01 -5.1639279E-01
2026 07 24 20 02 00 000 -2.1649343E+01 -1.7930323E+01 -5.1853688E-01
2026 07 24 20 02 30 000 -2.1648369E+01 -1.7931393E+01 -5.2066920E-01
2026 07 24 20 03 00 000 -2.1647394E+01 -1.7932463E+01 -5.2278972E-01
2026 07 24 20 03 30 000 -2.1646418E+01 -1.7933533E+01 -5.2489842E-01
2026 07 24 20 04 00 000 -2.1645440E+01 -1.7934601E+01 -5.2699527E-01
2026 07 24 20 04 30 000 -2.1644461E+01 -1.7935669E+01 -5.2908027E-01
2026 07 24 20 05 00 000 -2.1643481E+01 -1.7936736E+01 -5.3115338E-01
2026 07 24 20 05 30 000 -2.1642500E+01 -1.7937803E+01 -5.3321458E-01
2026 07 24 20 06 00 000 -2.1641517E+01 -1.7938869E+01 -5.3526386E-01
2026 07 24 20 06 30 000 -2.1640532E+01 -1.7939934E+01 -5.3730119E-01
2026 07 24 20 07 00 000 -2.1639547E+01 -1.7940998E+01 -5.3932655E-01
2026 07 24 20 07 30 000 -2.1638560E+01 -1.7942062E+01 -5.4133993E-01
2026 07 24 20 08 00 000 -2.1637572E+01 -1.7943125E+01 -5.4334129E-01
2026 07 24 20 08 30 000 -2.1636582E+01 -1.7944188E+01 -5.4533062E-01
2026 07 24 20 09 00 000 -2.1635591E+01 -1.7945250E+01 -5.4730790E-01
2026 07 24 20 09 30 000 -2.1634599E+01 -1.7946311E+01 -5.4927313E-01
2026 07 24 20 10 00 000 -2.1633605E+01 -1.7947372E+01 -5.5122625E-01
2026 07 24 20 10 30 000 -2.1632610E+01 -1.7948432E+01 -5.5316726E-01
2026 07 24 20 11 00 000 -2.1631614E+01 -1.7949491E+01 -5.5509613E-01
2026 07 24 20 11 30 000 -2.1630617E+01 -1.7950550E+01 -5.5701286E-01
2026 07 24 20 12 00 000 -2.1629618E+01 -1.7951608E+01 -5.5891742E-01
2026 07 24 20 12 30 000 -2.1628617E+01 -1.7952666E+01 -5.6080978E-01
2026 07 24 20 13 00 000 -2.1627616E+01 -1.7953723E+01 -5.6268993E-01
2026 07 24 20 13 30 000 -2.1626613E+01 -1.7954779E+01 -5.6455787E-01
2026 07 24 20 14 00 000 -2.1625609E+01 -1.7955835E+01 -5.6641355E-01
2026 07 24 20 14 30 000 -2.1624603E+01 -1.7956890E+01 -5.6825695E-01
2026 07 24 20 15 00 000 -2.1623596E+01 -1.7957944E+01 -5.7008806E-01
2026 07 24 20 15 30 000 -2.1622588E+01 -1.7958998E+01 -5.7190686E-01
2026 07 24 20 16 00 000 -2.1621578E+01 -1.7960051E+01 -5.7371334E-01
2026 07 24 20 16 30 000 -2.1620567E+01 -1.7961104E+01 -5.7550748E-01
2026 07 24 20 17 00 000 -2.1619555E+01 -1.7962156E+01 -5.7728924E-01
2026 07 24 20 17 30 000 -2.1618542E+01 -1.7963208E+01 -5.7905862E-01
2026 07 24 20 18 00 000 -2.1617527E+01 -1.7964259E+01 -5.8081562E-01
2026 07 24 20 18 30 000 -2.1616510E+01 -1.7965309E+01 -5.8256018E-01
2026 07 24 20 19 00 000 -2.1615493E+01 -1.7966359E+01 -5.8429229E-01
2026 07 24 20 19 30 000 -2.1614474E+01 -1.7967409E+01 -5.8601194E-01
2026 07 24 20 20 00 000 -2.1613454E+01 -1.7968457E+01 -5.8771912E-01
2026 07 24 20 20 30 000 -2.1612432E+01 -1.7969506E+01 -5.8941380E-01
2026 07 24 20 21 00 000 -2.1611409E+01 -1.7970553E+01 -5.9109597E-01
2026 07 24 20 21 30 000 -2.1610385E+01 -1.7971600E+01 -5.9276560E-01
2026 07 24 20 22 00 000 -2.1609359E+01 -1.7972647E+01 -5.9442268E-01
2026 07 24 20 22 30 000 -2.1608332E+01 -1.7973693E+01 -5.9606719E-01
2026 07 24 20 23 00 000 -2.1607304E+01 -1.7974739E+01 -5.9769912E-01
2026 07 24 20 23 30 000 -2.1606275E+01 -1.7975784E+01 -5.9931843E-01
2026 07 24 20 24 00 000 -2.1605244E+01 -1.7976828E+01 -6.0092512E-01
2026 07 24 20 24 30 000 -2.1604211E+01 -1.7977872E+01 -6.0251918E-01
2026 07 24 20 25 00 000 -2.1603178E+01 -1.7978916E+01 -6.0410057E-01
2026 07 24 20 25 30 000 -2.1602143E+01 -1.7979959E+01 -6.0566930E-01
2026 07 24 20 26 00 000 -2.1601107E+01 -1.7981001E+01 -6.0722532E-01
2026 07 24 20 26 30 000 -2.1600069E+01 -1.7982043E+01 -6.0876864E-01
2026 07 24 20 27 00 000 -2.1599030E+01 -1.7983084E+01 -6.1029922E-01
2026 07 24 20 27 30 000 -2.1597990E+01 -1.7984125E+01 -6.1181707E-01
2026 07 24 20 28 00 000 -2.1596948E+01 -1.7985166E+01 -6.1332215E-01
2026 07 24 20 28 30 000 -2.1595905E+01 -1.7986206E+01 -6.1481444E-01
2026 07 24 20 29 00 000 -2.1594861E+01 -1.7987245E+01 -6.1629395E-01
2026 07 24 20 29 30 000 -2.1593816E+01 -1.7988284E+01 -6.1776064E-01
2026 07 24 20 30 00 000 -2.1592769E+01 -1.7989323E+01 -6.1921450E-01
2026 07 24 20 30 30 000 -2.1591720E+01 -1.7990361E+01 -6.2065552E-01
2026 07 24 20 31 00 000 -2.1590671E+01 -1.7991398E+01 -6.2208367E-01
2026 07 24 20 31 30 000 -2.1589620E+01 -1.7992436E+01 -6.2349894E-01
2026 07 24 20 32 00 000 -2.1588568E+01 -1.7993472E+01 -6.2490133E-01
2026 07 24 20 32 30 000 -2.1587514E+01 -1.7994508E+01 -6.2629080E-01
2026 07 24 20 33 00 000 -2.1586459E+01 -1.7995544E+01 -6.2766733E-01
2026 07 24 20 33 30 000 -2.1585403E+01 -1.7996579E+01 -6.2903092E-01
2026 07 24 20 34 00 000 -2.1584346E+01 -1.7997614E+01 -6.3038156E-01
2026 07 24 20 34 30 000 -2.1583287E+01 -1.7998649E+01 -6.3171922E-01
2026 07 24 20 35 00 000 -2.1582226E+01 -1.7999682E+01 -6.3304388E-01
2026 07 24 20 35 30 000 -2.1581165E+01 -1.8000716E+01 -6.3435554E-01
2026 07 24 20 36 00 000 -2.1580102E+01 -1.8001749E+01 -6.3565417E-01
2026 07 24 20 36 30 000 -2.1579038E+01 -1.8002782E+01 -6.3693977E-01
2026 07 24 20 37 00 000 -2.1577972E+01 -1.8003814E+01 -6.3821231E-01
2026 07 24 20 37 30 000 -2.1576905E+01 -1.8004846E+01 -6.3947178E-01
2026 07 24 20 38 00 000 -2.1575837E+01 -1.8005877E+01 -6.4071816E-01
2026 07 24 20 38 30 000 -2.1574768E+01 -1.8006908E+01 -6.4195145E-01
2026 07 24 20 39 00 000 -2.1573697E+01 -1.8007938E+01 -6.4317162E-01
2026 07 24 20 39 30 000 -2.1572624E+01 -1.8008968E+01 -6.4437866E-01
2026 07 24 20 40 00 000 -2.1571551E+01 -1.8009998E+01 -6.4557255E-01
2026 07 24 20 40 30 000 -2.1570476E+01 -1.8011027E+01 -6.4675328E-01
2026 07 24 20 41 00 000 -2.1569400E+01 -1.8012056E+01 -6.4792084E-01
2026 07 24 20 41 30 000 -2.1568322E+01 -1.8013085E+01 -6.4907521E-01
2026 07 24 20 42 00 000 -2.1567243E+01 -1.8014113E+01 -6.5021637E-01
2026 07 24 20 42 30 000 -2.1566163E+01 -1.8015140E+01 -6.5134431E-01
2026 07 24 20 43 00 000 -2.1565082E+01 -1.8016168E+01 -6.5245901E-01
2026 07 24 20 43 30 000 -2.1563999E+01 -1.8017194E+01 -6.5356048E-01
2026 07 24 20 44 00 000 -2.1562915E+01 -1.8018221E+01 -6.5464868E-01
2026 07 24 20 44 30 000 -2.1561829E+01 -1.8019247E+01 -6.5572360E-01
2026 07 24 20 45 00 000 -2.1560742E+01 -1.8020273E+01 -6.5678523E-01
2026 07 24 20 45 30 000 -2.1559654E+01 -1.8021298E+01 -6.5783356E-01
2026 07 24 20 46 00 000 -2.1558565E+01 -1.8022323E+01 -6.5886856E-01
2026 07 24 20 46 30 000 -2.1557474E+01 -1.8023347E+01 -6.5989023E-01
2026 07 24 20 47 00 000 -2.1556382E+01 -1.8024372E+01 -6.6089856E-01
2026 07 24 20 47 30 000 -2.1555288E+01 -1.8025395E+01 -6.6189352E-01
2026 07 24 20 48 00 000 -2.1554193E+01 -1.8026419E+01 -6.6287512E-01
2026 07 24 20 48 30 000 -2.1553097E+01 -1.8027442E+01 -6.6384333E-01
2026 07 24 20 49 00 000 -2.1552000E+01 -1.8028465E+01 -6.6479813E-01
2026 07 24 20 49 30 000 -2.1550901E+01 -1.8029487E+01 -6.6573952E-01
2026 07 24 20 50 00 000 -2.1549801E+01 -1.8030509E+01 -6.6666749E-01
2026 07 24 20 50 30 000 -2.1548699E+01 -1.8031530E+01 -6.6758201E-01
2026 07 24 20 51 00 000 -2.1547596E+01 -1.8032552E+01 -6.6848308E-01
2026 07 24 20 51 30 000 -2.1546492E+01 -1.8033573E+01 -6.6937068E-01
2026 07 24 20 52 00 000 -2.1545387E+01 -1.8034593E+01 -6.7024480E-01
2026 07 24 20 52 30 000 -2.1544280E+01 -1.8035613E+01 -6.7110543E-01
2026 07 24 20 53 00 000 -2.1543172E+01 -1.8036633E+01 -6.7195256E-01
2026 07 24 20 53 30 000 -2.1542062E+01 -1.8037653E+01 -6.7278616E-01
2026 07 24 20 54 00 000 -2.1540951E+01 -1.8038672E+01 -6.7360624E-01
2026 07 24 20 54 30 000 -2.1539839E+01 -1.8039691E+01 -6.7441278E-01
2026 07 24 20 55 00 000 -2.1538726E+01 -1.8040709E+01 -6.7520576E-01
2026 07 24 20 55 30 000 -2.1537611E+01 -1.8041727E+01 -6.7598517E-01
2026 07 24 20 56 00 000 -2.1536495E+01 -1.8042745E+01 -6.7675100E-01
2026 07 24 20 56 30 000 -2.1535377E+01 -1.8043763E+01 -6.7750324E-01
2026 07 24 20 57 00 000 -2.1534259E+01 -1.8044780E+01 -6.7824188E-01
2026 07 24 20 57 30 000 -2.1533138E+01 -1.8045797E+01 -6.7896689E-01
2026 07 24 20 58 00 000 -2.1532017E+01 -1.8046813E+01 -6.7967828E-01
2026 07 24 20 58 30 000 -2.1530894E+01 -1.8047830E+01 -6.8037603E-01
2026 07 24 20 59 00 000 -2.1529770E+01 -1.8048845E+01 -6.8106013E-01
2026 07 24 20 59 30 000 -2.1528645E+01 -1.8049861E+01 -6.8173056E-01
2026 07 24 21 00 00 000 -2.1527518E+01 -1.8050876E+01 -6.8238732E-01
2026 07 24 21 00 30 000 -2.1526390E+01 -1.8051891E+01 -6.8303039E-01
2026 07 24 21 01 00 000 -2.1525260E+01 -1.8052906E+01 -6.8365976E-01
2026 07 24 21 01 30 000 -2.1524130E+01 -1.8053920E+01 -6.8427543E-01
2026 07 24 21 02 00 000 -2.1522997E+01 -1.8054934E+01 -6.8487738E-01
2026 07 24 21 02 30 000 -2.1521864E+01 -1.8055948E+01 -6.8546559E-01
2026 07 24 21 03 00 000 -2.1520729E+01 -1.8056961E+01 -6.8604006E-01
2026 07 24 21 03 30 000 -2.1519593E+01 -1.8057974E+01 -6.8660078E-01
2026 07 24 21 04 00 000 -2.1518456E+01 -1.8058987E+01 -6.8714773E-01
2026 07 24 21 04 30 000 -2.1517317E+01 -1.8059999E+01 -6.8768090E-01
2026 07 24 21 05 00 000 -2.1516177E+01 -1.8061011E+01 -6.8820029E-01
2026 07 24 21 05 30 000 -2.1515036E+01 -1.8062023E+01 -6.8870588E-01
2026 07 24 21 06 00 000 -2.1513893E+01 -1.8063035E+01 -6.8919767E-01
2026 07 24 21 06 30 000 -2.1512749E+01 -1.8064046E+01 -6.8967563E-01
2026 07 24 21 07 00 000 -2.1511603E+01 -1.8065057E+01 -6.9013977E-01
2026 07 24 21 07 30 000 -2.1510457E+01 -1.8066068E+01 -6.9059006E-01
2026 07 24 21 08 00 000 -2.1509309E+01 -1.8067078E+01 -6.9102652E-01
2026 07 24 21 08 30 000 -2.1508159E+01 -1.8068088E+01 -6.9144910E-01
2026 07 24 21 09 00 000 -2.1507008E+01 -1.8069098E+01 -6.9185782E-01
2026 07 24 21 09 30 000 -2.1505856E+01 -1.8070107E+01 -6.9225266E-01
2026 07 24 21 10 00 000 -2.1504703E+01 -1.8071116E+01 -6.9263360E-01
2026 07 24 21 10 30 000 -2.1503548E+01 -1.8072125E+01 -6.9300066E-01
2026 07 24 21 11 00 000 -2.1502392E+01 -1.8073134E+01 -6.9335380E-01
2026 07 24 21 11 30 000 -2.1501235E+01 -1.8074142E+01 -6.9369302E-01
2026 07 24 21 12 00 000 -2.1500076E+01 -1.8075150E+01 -6.9401831E-01
2026 07 24 21 12 30 000 -2.1498916E+01 -1.8076158E+01 -6.9432966E-01
2026 07 24 21 13 00 000 -2.1497755E+01 -1.8077165E+01 -6.9462707E-01
2026 07 24 21 13 30 000 -2.1496592E+01 -1.8078173E+01 -6.9491052E-01
2026 07 24 21 14 00 000 -2.1495428E+01 -1.8079180E+01 -6.9518000E-01
2026 07 24 21 14 30 000 -2.1494263E+01 -1.8080186E+01 -6.9543550E-01
2026 07 24 21 15 00 000 -2.1493096E+01 -1.8081192E+01 -6.9567703E-01
2026 07 24 21 15 30 000 -2.1491928E+01 -1.8082199E+01 -6.9590455E-01
2026 07 24 21 16 00 000 -2.1490759E+01 -1.8083204E+01 -6.9611808E-01
2026 07 24 21 16 30 000 -2.1489588E+01 -1.8084210E+01 -6.9631759E-01
2026 07 24 21 17 00 000 -2.1488416E+01 -1.8085215E+01 -6.9650309E-01
2026 07 24 21 17 30 000 -2.1487243E+01 -1.8086220E+01 -6.9667455E-01
2026 07 24 21 18 00 000 -2.1486068E+01 -1.8087225E+01 -6.9683197E-01
2026 07 24 21 18 30 000 -2.1484892E+01 -1.8088229E+01 -6.9697534E-01
2026 07 24 21 19 00 000 -2.1483715E+01 -1.8089233E+01 -6.9710466E-01
2026 07 24 21 19 30 000 -2.1482536E+01 -1.8090237E+01 -6.9721993E-01
2026 07 24 21 20 00 000 -2.1481356E+01 -1.8091240E+01 -6.9732111E-01
2026 07 24 21 20 30 000 -2.1480175E+01 -1.8092244E+01 -6.9740822E-01
2026 07 24 21 21 00 000 -2.1478993E+01 -1.8093247E+01 -6.9748123E-01
2026 07 24 21 21 30 000 -2.1477809E+01 -1.8094249E+01 -6.9754016E-01
2026 07 24 21 22 00 000 -2.1476623E+01 -1.8095252E+01 -6.9758497E-01
2026 07 24 21 22 30 000 -2.1475437E+01 -1.8096254E+01 -6.9761567E-01
2026 07 24 21 23 00 000 -2.1474249E+01 -1.8097256E+01 -6.9763225E-01
2026 07 24 21 23 30 000 -2.1473059E+01 -1.8098257E+01 -6.9763470E-01
2026 07 24 21 24 00 000 -2.1471869E+01 -1.8099259E+01 -6.9762302E-01
2026 07 24 21 24 30 000 -2.1470677E+01 -1.8100260E+01 -6.9759719E-01
2026 07 24 21 25 00 000 -2.1469484E+01 -1.8101261E+01 -6.9755721E-01
2026 07 24 21 25 30 000 -2.1468289E+01 -1.8102261E+01 -6.9750307E-01
2026 07 24 21 26 00 000 -2.1467093E+01 -1.8103261E+01 -6.9743477E-01
2026 07 24 21 26 30 000 -2.1465896E+01 -1.8104261E+01 -6.9735229E-01
2026 07 24 21 27 00 000 -2.1464697E+01 -1.8105261E+01 -6.9725563E-01
2026 07 24 21 27 30 000 -2.1463498E+01 -1.8106260E+01 -6.9714478E-01
2026 07 24 21 28 00 000 -2.1462296E+01 -1.8107260E+01 -6.9701974E-01
2026 07 24 21 28 30 000 -2.1461094E+01 -1.8108258E+01 -6.9688051E-01
2026 07 24 21 29 00 000 -2.1459890E+01 -1.8109257E+01 -6.9672706E-01
2026 07 24 21 29 30 000 -2.1458685E+01 -1.8110255E+01 -6.9655940E-01
2026 07 24 21 30 00 000 -2.1457478E+01 -1.8111253E+01 -6.9637751E-01
2026 07 24 21 30 30 000 -2.1456270E+01 -1.8112251E+01 -6.9618140E-01
2026 07 24 21 31 00 000 -2.1455061E+01 -1.8113249E+01 -6.9597103E-01
2026 07 24 21 31 30 000 -2.1453851E+01 -1.8114246E+01 -6.9574643E-01
2026 07 24 21 32 00 000 -2.1452639E+01 -1.8115243E+01 -6.9550758E-01
2026 07 24 21 32 30 000 -2.1451426E+01 -1.8116239E+01 -6.9525447E-01
2026 07 24 21 33 00 000 -2.1450211E+01 -1.8117236E+01 -6.9498712E-01
2026 07 24 21 33 30 000 -2.1448995E+01 -1.8118232E+01 -6.9470549E-01
2026 07 24 21 34 00 000 -2.1447778E+01 -1.8119228E+01 -6.9440959E-01
2026 07 24 21 34 30 000 -2.1446560E+01 -1.8120223E+01 -6.9409940E-01
2026 07 24 21 35 00 000 -2.1445340E+01 -1.8121218E+01 -6.9377492E-01
2026 07 24 21 35 30 000 -2.1444119E+01 -1.8122213E+01 -6.9343614E-01
2026 07 24 21 36 00 000 -2.1442896E+01 -1.8123208E+01 -6.9308307E-01
2026 07 24 21 36 30 000 -2.1441672E+01 -1.8124202E+01 -6.9271569E-01
2026 07 24 21 37 00 000 -2.1440447E+01 -1.8125197E+01 -6.9233400E-01
2026 07 24 21 37 30 000 -2.1439221E+01 -1.8126190E+01 -6.9193800E-01
2026 07 24 21 38 00 000 -2.1437993E+01 -1.8127184E+01 -6.9152768E-01
2026 07 24 21 38 30 000 -2.1436764E+01 -1.8128177E+01 -6.9110302E-01
2026 07 24 21 39 00 000 -2.1435533E+01 -1.8129170E+01 -6.9066403E-01
2026 07 24 21 39 30 000 -2.1434302E+01 -1.8130163E+01 -6.9021070E-01
2026 07 24 21 40 00 000 -2.1433068E+01 -1.8131155E+01 -6.8974302E-01
2026 07 24 21 40 30 000 -2.1431834E+01 -1.8132147E+01 -6.8926100E-01
2026 07 24 21 41 00 000 -2.1430598E+01 -1.8133139E+01 -6.8876462E-01
2026 07 24 21 41 30 000 -2.1429361E+01 -1.8134130E+01 -6.8825389E-01
2026 07 24 21 42 00 000 -2.1428123E+01 -1.8135122E+01 -6.8772879E-01
2026 07 24 21 42 30 000 -2.1426883E+01 -1.8136113E+01 -6.8718932E-01
2026 07 24 21 43 00 000 -2.1425642E+01 -1.8137103E+01 -6.8663548E-01
2026 07 24 21 43 30 000 -2.1424400E+01 -1.8138093E+01 -6.8606724E-01
2026 07 24 21 44 00 000 -2.1423156E+01 -1.8139083E+01 -6.8548464E-01
2026 07 24 21 44 30 000 -2.1421911E+01 -1.8140073E+01 -6.8488765E-01
2026 07 24 21 45 00 000 -2.1420664E+01 -1.8141063E+01 -6.8427626E-01
2026 07 24 21 45 30 000 -2.1419417E+01 -1.8142052E+01 -6.8365048E-01
2026 07 24 21 46 00 000 -2.1418168E+01 -1.8143040E+01 -6.8301029E-01
2026 07 24 21 46 30 000 -2.1416917E+01 -1.8144029E+01 -6.8235570E-01
2026 07 24 21 47 00 000 -2.1415666E+01 -1.8145017E+01 -6.8168670E-01
2026 07 24 21 47 30 000 -2.1414413E+01 -1.8146005E+01 -6.8100328E-01
2026 07 24 21 48 00 000 -2.1413158E+01 -1.8146992E+01 -6.8030543E-01
2026 07 24 21 48 30 000 -2.1411902E+01 -1.8147980E+01 -6.7959317E-01
2026 07 24 21 49 00 000 -2.1410645E+01 -1.8148967E+01 -6.7886648E-01
2026 07 24 21 49 30 000 -2.1409387E+01 -1.8149953E+01 -6.7812536E-01
2026 07 24 21 50 00 000 -2.1408127E+01 -1.8150939E+01 -6.7736981E-01
2026 07 24 21 50 30 000 -2.1406866E+01 -1.8151925E+01 -6.7659981E-01
2026 07 24 21 51 00 000 -2.1405604E+01 -1.8152911E+01 -6.7581539E-01
2026 07 24 21 51 30 000 -2.1404340E+01 -1.8153896E+01 -6.7501650E-01
2026 07 24 21 52 00 000 -2.1403075E+01 -1.8154881E+01 -6.7420317E-01
2026 07 24 21 52 30 000 -2.1401809E+01 -1.8155866E+01 -6.7337539E-01
2026 07 24 21 53 00 000 -2.1400542E+01 -1.8156850E+01 -6.7253315E-01
2026 07 24 21 53 30 000 -2.1399273E+01 -1.8157834E+01 -6.7167645E-01
2026 07 24 21 54 00 000 -2.1398002E+01 -1.8158818E+01 -6.7080529E-01
2026 07 24 21 54 30 000 -2.1396731E+01 -1.8159801E+01 -6.6991966E-01
2026 07 24 21 55 00 000 -2.1395458E+01 -1.8160784E+01 -6.6901956E-01
2026 07 24 21 55 30 000 -2.1394183E+01 -1.8161766E+01 -6.6810500E-01
2026 07 24 21 56 00 000 -2.1392908E+01 -1.8162749E+01 -6.6717595E-01
2026 07 24 21 56 30 000 -2.1391631E+01 -1.8163731E+01 -6.6623242E-01
2026 07 24 21 57 00 000 -2.1390353E+01 -1.8164712E+01 -6.6527441E-01
2026 07 24 21 57 30 000 -2.1389073E+01 -1.8165693E+01 -6.6430193E-01
2026 07 24 21 58 00 000 -2.1387792E+01 -1.8166674E+01 -6.6331495E-01
2026 07 24 21 58 30 000 -2.1386510E+01 -1.8167655E+01 -6.6231348E-01
2026 07 24 21 59 00 000 -2.1385226E+01 -1.8168635E+01 -6.6129752E-01
2026 07 24 21 59 30 000 -2.1383941E+01 -1.8169615E+01 -6.6026707E-01
2026 07 24 22 00 00 000 -2.1382655E+01 -1.8170594E+01 -6.5922212E-01
2026 07 24 22 00 30 000 -2.1381368E+01 -1.8171573E+01 -6.5816267E-01
2026 07 24 22 01 00 000 -2.1380079E+01 -1.8172552E+01 -6.5708872E-01
2026 07 24 22 01 30 000 -2.1378789E+01 -1.8173530E+01 -6.5600026E-01
2026 07 24 22 02 00 000 -2.1377497E+01 -1.8174508E+01 -6.5489730E-01
2026 07 24 22 02 30 000 -2.1376204E+01 -1.8175485E+01 -6.5377983E-01
2026 07 24 22 03 00 000 -2.1374910E+01 -1.8176462E+01 -6.5264785E-01
2026 07 24 22 03 30 000 -2.1373614E+01 -1.8177439E+01 -6.5150135E-01
2026 07 24 22 04 00 000 -2.1372318E+01 -1.8178416E+01 -6.5034034E-01
2026 07 24 22 04 30 000 -2.1371019E+01 -1.8179392E+01 -6.4916483E-01
2026 07 24 22 05 00 000 -2.1369720E+01 -1.8180367E+01 -6.4797478E-01
2026 07 24 22 05 30 000 -2.1368419E+01 -1.8181342E+01 -6.4677022E-01
2026 07 24 22 06 00 000 -2.1367117E+01 -1.8182317E+01 -6.4555114E-01
2026 07 24 22 06 30 000 -2.1365814E+01 -1.8183292E+01 -6.4431754E-01
2026 07 24 22 07 00 000 -2.1364509E+01 -1.8184266E+01 -6.4306941E-01
2026 07 24 22 07 30 000 -2.1363203E+01 -1.8185239E+01 -6.4180675E-01
2026 07 24 22 08 00 000 -2.1361895E+01 -1.8186212E+01 -6.4052957E-01
2026 07 24 22 08 30 000 -2.1360586E+01 -1.8187185E+01 -6.3923786E-01
2026 07 24 22 09 00 000 -2.1359276E+01 -1.8188157E+01 -6.3793162E-01
2026 07 24 22 09 30 000 -2.1357965E+01 -1.8189129E+01 -6.3661085E-01
2026 07 24 22 10 00 000 -2.1356652E+01 -1.8190101E+01 -6.3527555E-01
2026 07 24 22 10 30 000 -2.1355338E+01 -1.8191072E+01 -6.3392571E-01
2026 07 24 22 11 00 000 -2.1354022E+01 -1.8192042E+01 -6.3256135E-01
2026 07 24 22 11 30 000 -2.1352706E+01 -1.8193013E+01 -6.3118244E-01
2026 07 24 22 12 00 000 -2.1351388E+01 -1.8193982E+01 -6.2978900E-01
2026 07 24 22 12 30 000 -2.1350068E+01 -1.8194952E+01 -6.2838103E-01
2026 07 24 22 13 00 000 -2.1348747E+01 -1.8195921E+01 -6.2695852E-01
2026 07 24 22 13 30 000 -2.1347425E+01 -1.8196889E+01 -6.2552147E-01
2026 07 24 22 14 00 000 -2.1346102E+01 -1.8197857E+01 -6.2406989E-01
2026 07 24 22 14 30 000 -2.1344777E+01 -1.8198824E+01 -6.2260376E-01
2026 07 24 22 15 00 000 -2.1343451E+01 -1.8199792E+01 -6.2112310E-01
2026 07 24 22 15 30 000 -2.1342124E+01 -1.8200758E+01 -6.1962790E-01
2026 07 24 22 16 00 000 -2.1340795E+01 -1.8201724E+01 -6.1811816E-01
2026 07 24 22 16 30 000 -2.1339465E+01 -1.8202690E+01 -6.1659387E-01
2026 07 24 22 17 00 000 -2.1338134E+01 -1.8203655E+01 -6.1505505E-01
2026 07 24 22 17 30 000 -2.1336801E+01 -1.8204620E+01 -6.1350169E-01
2026 07 24 22 18 00 000 -2.1335467E+01 -1.8205584E+01 -6.1193379E-01
2026 07 24 22 18 30 000 -2.1334132E+01 -1.8206548E+01 -6.1035135E-01
2026 07 24 22 19 00 000 -2.1332795E+01 -1.8207511E+01 -6.0875437E-01
2026 07 24 22 19 30 000 -2.1331457E+01 -1.8208474E+01 -6.0714284E-01
2026 07 24 22 20 00 000 -2.1330118E+01 -1.8209436E+01 -6.0551679E-01
2026 07 24 22 20 30 000 -2.1328777E+01 -1.8210398E+01 -6.0387619E-01
2026 07 24 22 21 00 000 -2.1327435E+01 -1.8211359E+01 -6.0222106E-01
2026 07 24 22 21 30 000 -2.1326092E+01 -1.8212319E+01 -6.0055138E-01
2026 07 24 22 22 00 000 -2.1324747E+01 -1.8213280E+01 -5.9886716E-01
2026 07 24 22 22 30 000 -2.1323401E+01 -1.8214239E+01 -5.9716842E-01
2026 07 24 22 23 00 000 -2.1322054E+01 -1.8215199E+01 -5.9545513E-01
2026 07 24 22 23 30 000 -2.1320705E+01 -1.8216157E+01 -5.9372730E-01
2026 07 24 22 24 00 000 -2.1319356E+01 -1.8217115E+01 -5.9198495E-01
2026 07 24 22 24 30 000 -2.1318004E+01 -1.8218073E+01 -5.9022806E-01
2026 07 24 22 25 00 000 -2.1316652E+01 -1.8219030E+01 -5.8845664E-01
2026 07 24 22 25 30 000 -2.1315298E+01 -1.8219986E+01 -5.8667069E-01
2026 07 24 22 26 00 000 -2.1313943E+01 -1.8220942E+01 -5.8487020E-01
2026 07 24 22 26 30 000 -2.1312586E+01 -1.8221898E+01 -5.8305518E-01
2026 07 24 22 27 00 000 -2.1311228E+01 -1.8222852E+01 -5.8122564E-01
2026 07 24 22 27 30 000 -2.1309869E+01 -1.8223807E+01 -5.7938156E-01
2026 07 24 22 28 00 000 -2.1308508E+01 -1.8224760E+01 -5.7752295E-01
2026 07 24 22 28 30 000 -2.1307146E+01 -1.8225713E+01 -5.7564983E-01
2026 07 24 22 29 00 000 -2.1305783E+01 -1.8226666E+01 -5.7376218E-01
2026 07 24 22 29 30 000 -2.1304419E+01 -1.8227618E+01 -5.7186001E-01
2026 07 24 22 30 00 000 -2.1303053E+01 -1.8228569E+01 -5.6994332E-01
2026 07 24 22 30 30 000 -2.1301686E+01 -1.8229520E+01 -5.6801210E-01
2026 07 24 22 31 00 000 -2.1300317E+01 -1.8230470E+01 -5.6606637E-01
2026 07 24 22 31 30 000 -2.1298947E+01 -1.8231420E+01 -5.6410613E-01
2026 07 24 22 32 00 000 -2.1297576E+01 -1.8232369E+01 -5.6213137E-01
2026 07 24 22 32 30 000 -2.1296204E+01 -1.8233317E+01 -5.6014209E-01
2026 07 24 22 33 00 000 -2.1294830E+01 -1.8234265E+01 -5.5813831E-01
2026 07 24 22 33 30 000 -2.1293455E+01 -1.8235212E+01 -5.5612003E-01
2026 07 24 22 34 00 000 -2.1292078E+01 -1.8236158E+01 -5.5408723E-01
2026 07 24 22 34 30 000 -2.1290700E+01 -1.8237104E+01 -5.5203991E-01
2026 07 24 22 35 00 000 -2.1289321E+01 -1.8238049E+01 -5.4997810E-01
2026 07 24 22 35 30 000 -2.1287941E+01 -1.8238994E+01 -5.4790180E-01
2026 07 24 22 36 00 000 -2.1286559E+01 -1.8239938E+01 -5.4581099E-01
2026 07 24 22 36 30 000 -2.1285176E+01 -1.8240881E+01 -5.4370570E-01
2026 07 24 22 37 00 000 -2.1283792E+01 -1.8241823E+01 -5.4158591E-01
2026 07 24 22 37 30 000 -2.1282406E+01 -1.8242765E+01 -5.3945163E-01
2026 07 24 22 38 00 000 -2.1281019E+01 -1.8243707E+01 -5.3730289E-01
2026 07 24 22 38 30 000 -2.1279630E+01 -1.8244647E+01 -5.3513964E-01
2026 07 24 22 39 00 000 -2.1278241E+01 -1.8245587E+01 -5.3296190E-01
2026 07 24 22 39 30 000 -2.1276849E+01 -1.8246526E+01 -5.3076968E-01
2026 07 24 22 40 00 000 -2.1275457E+01 -1.8247465E+01 -5.2856300E-01
2026 07 24 22 40 30 000 -2.1274063E+01 -1.8248403E+01 -5.2634184E-01
2026 07 24 22 41 00 000 -2.1272668E+01 -1.8249340E+01 -5.2410622E-01
2026 07 24 22 41 30 000 -2.1271272E+01 -1.8250276E+01 -5.2185613E-01
2026 07 24 22 42 00 000 -2.1269874E+01 -1.8251212E+01 -5.1959157E-01
2026 07 24 22 42 30 000 -2.1268475E+01 -1.8252147E+01 -5.1731258E-01
2026 07 24 22 43 00 000 -2.1267075E+01 -1.8253081E+01 -5.1501910E-01
2026 07 24 22 43 30 000 -2.1265673E+01 -1.8254015E+01 -5.1271118E-01
2026 07 24 22 44 00 000 -2.1264270E+01 -1.8254948E+01 -5.1038879E-01
2026 07 24 22 44 30 000 -2.1262866E+01 -1.8255880E+01 -5.0805195E-01
2026 07 24 22 45 00 000 -2.1261460E+01 -1.8256811E+01 -5.0570068E-01
2026 07 24 22 45 30 000 -2.1260053E+01 -1.8257742E+01 -5.0333497E-01
2026 07 24 22 46 00 000 -2.1258645E+01 -1.8258672E+01 -5.0095480E-01
2026 07 24 22 46 30 000 -2.1257235E+01 -1.8259601E+01 -4.9856021E-01
2026 07 24 22 47 00 000 -2.1255824E+01 -1.8260529E+01 -4.9615119E-01
2026 07 24 22 47 30 000 -2.1254412E+01 -1.8261457E+01 -4.9372773E-01
2026 07 24 22 48 00 000 -2.1252998E+01 -1.8262383E+01 -4.9128984E-01
2026 07 24 22 48 30 000 -2.1251584E+01 -1.8263309E+01 -4.8883754E-01
2026 07 24 22 49 00 000 -2.1250167E+01 -1.8264234E+01 -4.8637083E-01
2026 07 24 22 49 30 000 -2.1248750E+01 -1.8265159E+01 -4.8388971E-01
2026 07 24 22 50 00 000 -2.1247331E+01 -1.8266082E+01 -4.8139417E-01
2026 07 24 22 50 30 000 -2.1245910E+01 -1.8267005E+01 -4.7888422E-01
2026 07 24 22 51 00 000 -2.1244489E+01 -1.8267927E+01 -4.7635987E-01
2026 07 24 22 51 30 000 -2.1243066E+01 -1.8268848E+01 -4.7382113E-01
2026 07 24 22 52 00 000 -2.1241642E+01 -1.8269768E+01 -4.7126799E-01
2026 07 24 22 52 30 000 -2.1240216E+01 -1.8270688E+01 -4.6870048E-01
2026 07 24 22 53 00 000 -2.1238789E+01 -1.8271606E+01 -4.6611858E-01
2026 07 24 22 53 30 000 -2.1237361E+01 -1.8272524E+01 -4.6352231E-01
2026 07 24 22 54 00 000 -2.1235932E+01 -1.8273441E+01 -4.6091167E-01
2026 07 24 22 54 30 000 -2.1234501E+01 -1.8274357E+01 -4.5828666E-01
2026 07 24 22 55 00 000 -2.1233069E+01 -1.8275272E+01 -4.5564728E-01
2026 07 24 22 55 30 000 -2.1231635E+01 -1.8276186E+01 -4.5299354E-01
2026 07 24 22 56 00 000 -2.1230200E+01 -1.8277099E+01 -4.5032546E-01
2026 07 24 22 56 30 000 -2.1228764E+01 -1.8278012E+01 -4.4764302E-01
2026 07 24 22 57 00 000 -2.1227327E+01 -1.8278924E+01 -4.4494625E-01
2026 07 24 22 57 30 000 -2.1225888E+01 -1.8279834E+01 -4.4223511E-01
2026 07 24 22 58 00 000 -2.1224448E+01 -1.8280744E+01 -4.3950964E-01
2026 07 24 22 58 30 000 -2.1223006E+01 -1.8281653E+01 -4.3676985E-01
2026 07 24 22 59 00 000 -2.1221563E+01 -1.8282561E+01 -4.3401572E-01
2026 07 24 22 59 30 000 -2.1220119E+01 -1.8283468E+01 -4.3124728E-01
2026 07 24 23 00 00 000 -2.1218674E+01 -1.8284374E+01 -4.2846452E-01
2026 07 24 23 00 30 000 -2.1217227E+01 -1.8285279E+01 -4.2566747E-01
2026 07 24 23 01 00 000 -2.1215779E+01 -1.8286183E+01 -4.2285610E-01
2026 07 24 23 01 30 000 -2.1214330E+01 -1.8287087E+01 -4.2003044E-01
2026 07 24 23 02 00 000 -2.1212879E+01 -1.8287989E+01 -4.1719044E-01
2026 07 24 23 02 30 000 -2.1211427E+01 -1.8288890E+01 -4.1433620E-01
2026 07 24 23 03 00 000 -2.1209973E+01 -1.8289790E+01 -4.1146765E-01
2026 07 24 23 03 30 000 -2.1208519E+01 -1.8290690E+01 -4.0858484E-01
2026 07 24 23 04 00 000 -2.1207063E+01 -1.8291588E+01 -4.0568775E-01
2026 07 24 23 04 30 000 -2.1205605E+01 -1.8292485E+01 -4.0277640E-01
2026 07 24 23 05 00 000 -2.1204146E+01 -1.8293382E+01 -3.9985079E-01
2026 07 24 23 05 30 000 -2.1202686E+01 -1.8294277E+01 -3.9691092E-01
2026 07 24 23 06 00 000 -2.1201225E+01 -1.8295171E+01 -3.9395680E-01
2026 07 24 23 06 30 000 -2.1199762E+01 -1.8296065E+01 -3.9098841E-01
2026 07 24 23 07 00 000 -2.1198298E+01 -1.8296957E+01 -3.8800583E-01
2026 07 24 23 07 30 000 -2.1196833E+01 -1.8297848E+01 -3.8500900E-01
2026 07 24 23 08 00 000 -2.1195366E+01 -1.8298738E+01 -3.8199798E-01
2026 07 24 23 08 30 000 -2.1193898E+01 -1.8299627E+01 -3.7897270E-01
2026 07 24 23 09 00 000 -2.1192429E+01 -1.8300516E+01 -3.7593324E-01
2026 07 24 23 09 30 000 -2.1190958E+01 -1.8301402E+01 -3.7287956E-01
2026 07 24 23 10 00 000 -2.1189486E+01 -1.8302288E+01 -3.6981166E-01
2026 07 24 23 10 30 000 -2.1188013E+01 -1.8303173E+01 -3.6672959E-01
2026 07 24 23 11 00 000 -2.1186538E+01 -1.8304057E+01 -3.6363333E-01
2026 07 24 23 11 30 000 -2.1185062E+01 -1.8304940E+01 -3.6052288E-01
2026 07 24 23 12 00 000 -2.1183585E+01 -1.8305821E+01 -3.5739827E-01
2026 07 24 23 12 30 000 -2.1182106E+01 -1.8306702E+01 -3.5425949E-01
2026 07 24 23 13 00 000 -2.1180626E+01 -1.8307581E+01 -3.5110654E-01
2026 07 24 23 13 30 000 -2.1179145E+01 -1.8308459E+01 -3.4793945E-01
2026 07 24 23 14 00 000 -2.1177663E+01 -1.8309336E+01 -3.4475822E-01
2026 07 24 23 14 30 000 -2.1176179E+01 -1.8310212E+01 -3.4156283E-01
2026 07 24 23 15 00 000 -2.1174693E+01 -1.8311087E+01 -3.3835333E-01
2026 07 24 23 15 30 000 -2.1173207E+01 -1.8311960E+01 -3.3512969E-01
2026 07 24 23 16 00 000 -2.1171719E+01 -1.8312833E+01 -3.3189193E-01
2026 07 24 23 16 30 000 -2.1170230E+01 -1.8313704E+01 -3.2864007E-01
2026 07 24 23 17 00 000 -2.1168739E+01 -1.8314574E+01 -3.2537408E-01
2026 07 24 23 17 30 000 -2.1167247E+01 -1.8315443E+01 -3.2209401E-01
2026 07 24 23 18 00 000 -2.1165754E+01 -1.8316310E+01 -3.1879985E-01
2026 07 24 23 18 30 000 -2.1164259E+01 -1.8317177E+01 -3.1549161E-01
2026 07 24 23 19 00 000 -2.1162764E+01 -1.8318042E+01 -3.1216929E-01
2026 07 24 23 19 30 000 -2.1161266E+01 -1.8318906E+01 -3.0883290E-01
2026 07 24 23 20 00 000 -2.1159768E+01 -1.8319769E+01 -3.0548245E-01
2026 07 24 23 20 30 000 -2.1158268E+01 -1.8320630E+01 -3.0211795E-01
2026 07 24 23 21 00 000 -2.1156767E+01 -1.8321491E+01 -2.9873942E-01
2026 07 24 23 21 30 000 -2.1155264E+01 -1.8322350E+01 -2.9534685E-01
2026 07 24 23 22 00 000 -2.1153760E+01 -1.8323207E+01 -2.9194024E-01
2026 07 24 23 22 30 000 -2.1152255E+01 -1.8324064E+01 -2.8851961E-01
2026 07 24 23 23 00 000 -2.1150749E+01 -1.8324919E+01 -2.8508497E-01
2026 07 24 23 23 30 000 -2.1149241E+01 -1.8325773E+01 -2.8163632E-01
2026 07 24 23 24 00 000 -2.1147732E+01 -1.8326626E+01 -2.7817368E-01
2026 07 24 23 24 30 000 -2.1146221E+01 -1.8327477E+01 -2.7469704E-01
2026 07 24 23 25 00 000 -2.1144710E+01 -1.8328327E+01 -2.7120643E-01
2026 07 24 23 25 30 000 -2.1143196E+01 -1.8329176E+01 -2.6770184E-01
2026 07 24 23 26 00 000 -2.1141682E+01 -1.8330023E+01 -2.6418329E-01
2026 07 24 23 26 30 000 -2.1140166E+01 -1.8330869E+01 -2.6065078E-01
2026 07 24 23 27 00 000 -2.1138649E+01 -1.8331714E+01 -2.5710431E-01
2026 07 24 23 27 30 000 -2.1137131E+01 -1.8332557E+01 -2.5354392E-01
2026 07 24 23 28 00 000 -2.1135611E+01 -1.8333400E+01 -2.4996959E-01
2026 07 24 23 28 30 000 -2.1134090E+01 -1.8334240E+01 -2.4638133E-01
2026 07 24 23 29 00 000 -2.1132567E+01 -1.8335079E+01 -2.4277916E-01
2026 07 24 23 29 30 000 -2.1131044E+01 -1.8335917E+01 -2.3916308E-01
2026 07 24 23 30 00 000 -2.1129519E+01 -1.8336754E+01 -2.3553311E-01
2026 07 24 23 30 30 000 -2.1127992E+01 -1.8337589E+01 -2.3188925E-01
2026 07 24 23 31 00 000 -2.1126464E+01 -1.8338423E+01 -2.2823150E-01
2026 07 24 23 31 30 000 -2.1124935E+01 -1.8339255E+01 -2.2455989E-01
2026 07 24 23 32 00 000 -2.1123405E+01 -1.8340086E+01 -2.2087441E-01
2026 07 24 23 32 30 000 -2.1121873E+01 -1.8340915E+01 -2.1717508E-01
2026 07 24 23 33 00 000 -2.1120340E+01 -1.8341743E+01 -2.1346190E-01
2026 07 24 23 33 30 000 -2.1118806E+01 -1.8342570E+01 -2.0973489E-01
2026 07 24 23 34 00 000 -2.1117270E+01 -1.8343395E+01 -2.0599405E-01
2026 07 24 23 34 30 000 -2.1115733E+01 -1.8344218E+01 -2.0223940E-01
2026 07 24 23 35 00 000 -2.1114195E+01 -1.8345040E+01 -1.9847093E-01
2026 07 24 23 35 30 000 -2.1112655E+01 -1.8345861E+01 -1.9468867E-01
2026 07 24 23 36 00 000 -2.1111114E+01 -1.8346680E+01 -1.9089261E-01
2026 07 24 23 36 30 000 -2.1109572E+01 -1.8347498E+01 -1.8708278E-01
2026 07 24 23 37 00 000 -2.1108028E+01 -1.8348314E+01 -1.8325917E-01
2026 07 24 23 37 30 000 -2.1106483E+01 -1.8349128E+01 -1.7942180E-01
2026 07 24 23 38 00 000 -2.1104937E+01 -1.8349941E+01 -1.7557068E-01
2026 07 24 23 38 30 000 -2.1103389E+01 -1.8350753E+01 -1.7170582E-01
2026 07 24 23 39 00 000 -2.1101840E+01 -1.8351563E+01 -1.6782723E-01
2026 07 24 23 39 30 000 -2.1100290E+01 -1.8352371E+01 -1.6393491E-01
2026 07 24 23 40 00 000 -2.1098738E+01 -1.8353178E+01 -1.6002887E-01
2026 07 24 23 40 30 000 -2.1097185E+01 -1.8353983E+01 -1.5610913E-01
2026 07 24 23 41 00 000 -2.1095631E+01 -1.8354787E+01 -1.5217571E-01
2026 07 24 23 41 30 000 -2.1094076E+01 -1.8355589E+01 -1.4822859E-01
2026 07 24 23 42 00 000 -2.1092519E+01 -1.8356389E+01 -1.4426780E-01
2026 07 24 23 42 30 000 -2.1090960E+01 -1.8357188E+01 -1.4029334E-01
2026 07 24 23 43 00 000 -2.1089401E+01 -1.8357986E+01 -1.3630523E-01
2026 07 24 23 43 30 000 -2.1087840E+01 -1.8358781E+01 -1.3230348E-01
2026 07 24 23 44 00 000 -2.1086278E+01 -1.8359575E+01 -1.2828809E-01
2026 07 24 23 44 30 000 -2.1084714E+01 -1.8360367E+01 -1.2425908E-01
2026 07 24 23 45 00 000 -2.1083149E+01 -1.8361158E+01 -1.2021646E-01
2026 07 24 23 45 30 000 -2.1081583E+01 -1.8361947E+01 -1.1616023E-01
2026 07 24 23 46 00 000 -2.1080016E+01 -1.8362734E+01 -1.1209041E-01
2026 07 24 23 46 30 000 -2.1078447E+01 -1.8363520E+01 -1.0800701E-01
2026 07 24 23 47 00 000 -2.1076876E+01 -1.8364304E+01 -1.0391003E-01
2026 07 24 23 47 30 000 -2.1075305E+01 -1.8365086E+01 -9.9799491E-02
2026 07 24 23 48 00 000 -2.1073732E+01 -1.8365867E+01 -9.5675409E-02
2026 07 24 23 48 30 000 -2.1072158E+01 -1.8366646E+01 -9.1537779E-02
2026 07 24 23 49 00 000 -2.1070582E+01 -1.8367423E+01 -8.7386620E-02
2026 07 24 23 49 30 000 -2.1069006E+01 -1.8368198E+01 -8.3221942E-02
2026 07 24 23 50 00 000 -2.1067427E+01 -1.8368972E+01 -7.9043763E-02
2026 07 24 23 50 30 000 -2.1065848E+01 -1.8369744E+01 -7.4852080E-02
2026 07 24 23 51 00 000 -2.1064267E+01 -1.8370514E+01 -7.0646910E-02
2026 07 24 23 51 30 000 -2.1062685E+01 -1.8371282E+01 -6.6428266E-02
2026 07 24 23 52 00 000 -2.1061102E+01 -1.8372049E+01 -6.2196159E-02
2026 07 24 23 52 30 000 -2.1059517E+01 -1.8372813E+01 -5.7950599E-02
2026 07 24 23 53 00 000 -2.1057931E+01 -1.8373576E+01 -5.3691597E-02
2026 07 24 23 53 30 000 -2.1056343E+01 -1.8374337E+01 -4.9419158E-02
2026 07 24 23 54 00 000 -2.1054754E+01 -1.8375097E+01 -4.5133304E-02
2026 07 24 23 54 30 000 -2.1053164E+01 -1.8375854E+01 -4.0834044E-02
2026 07 24 23 55 00 000 -2.1051573E+01 -1.8376610E+01 -3.6521382E-02
2026 07 24 23 55 30 000 -2.1049980E+01 -1.8377364E+01 -3.2195336E-02
2026 07 24 23 56 00 000 -2.1048386E+01 -1.8378115E+01 -2.7855913E-02
2026 07 24 23 56 30 000 -2.1046791E+01 -1.8378865E+01 -2.3503132E-02
2026 07 24 23 57 00 000 -2.1045194E+01 -1.8379614E+01 -1.9137000E-02
2026 07 24 23 57 30 000 -2.1043596E+01 -1.8380360E+01 -1.4757529E-02
2026 07 24 23 58 00 000 -2.1041996E+01 -1.8381104E+01 -1.0364722E-02
2026 07 24 23 58 30 000 -2.1040396E+01 -1.8381847E+01 -5.9586051E-03
2026 07 24 23 59 00 000 -2.1038794E+01 -1.8382587E+01 -1.5391852E-03
2026 07 24 23 59 30 000 -2.1037190E+01 -1.8383326E+01 2.8935325E-03
2026 07 25 00 00 00 000 -2.1035585E+01 -1.8384063E+01 7.3395287E-03
2026 07 25 00 00 30 000 -2.1033979E+01 -1.8384797E+01 1.1798798E-02
2026 07 25 00 01 00 000 -2.1032372E+01 -1.8385530E+01 1.6271323E-02
2026 07 25 00 01 30 000 -2.1030763E+01 -1.8386261E+01 2.0757083E-02
2026 07 25 00 02 00 000 -2.1029153E+01 -1.8386990E+01 2.5256084E-02
2026 07 25 00 02 30 000 -2.1027542E+01 -1.8387717E+01 2.9768307E-02
2026 07 25 00 03 00 000 -2.1025929E+01 -1.8388441E+01 3.4293738E-02
2026 07 25 00 03 30 000 -2.1024315E+01 -1.8389164E+01 3.8832362E-02
2026 07 25 00 04 00 000 -2.1022700E+01 -1.8389885E+01 4.3384175E-02
2026 07 25 00 04 30 000 -2.1021083E+01 -1.8390604E+01 4.7949159E-02
2026 07 25 00 05 00 000 -2.1019465E+01 -1.8391321E+01 5.2527302E-02
2026 07 25 00 05 30 000 -2.1017846E+01 -1.8392035E+01 5.7118595E-02
2026 07 25 00 06 00 000 -2.1016225E+01 -1.8392748E+01 6.1723016E-02
2026 07 25 00 06 30 000 -2.1014603E+01 -1.8393459E+01 6.6340564E-02
2026 07 25 00 07 00 000 -2.1012980E+01 -1.8394167E+01 7.0971222E-02
2026 07 25 00 07 30 000 -2.1011355E+01 -1.8394874E+01 7.5614976E-02
2026 07 25 00 08 00 000 -2.1009730E+01 -1.8395578E+01 8.0271807E-02
2026 07 25 00 08 30 000 -2.1008102E+01 -1.8396280E+01 8.4941717E-02
2026 07 25 00 09 00 000 -2.1006474E+01 -1.8396980E+01 8.9624685E-02
2026 07 25 00 09 30 000 -2.1004844E+01 -1.8397678E+01 9.4320700E-02
2026 07 25 00 10 00 000 -2.1003212E+01 -1.8398374E+01 9.9029746E-02
2026 07 25 00 10 30 000 -2.1001580E+01 -1.8399068E+01 1.0375181E-01
2026 07 25 00 11 00 000 -2.0999946E+01 -1.8399760E+01 1.0848688E-01
2026 07 25 00 11 30 000 -2.0998311E+01 -1.8400449E+01 1.1323495E-01
2026 07 25 00 12 00 000 -2.0996674E+01 -1.8401136E+01 1.1799600E-01
2026 07 25 00 12 30 000 -2.0995036E+01 -1.8401821E+01 1.2277000E-01
2026 07 25 00 13 00 000 -2.0993397E+01 -1.8402504E+01 1.2755697E-01
2026 07 25 00 13 30 000 -2.0991756E+01 -1.8403185E+01 1.3235689E-01
2026 07 25 00 14 00 000 -2.0990115E+01 -1.8403863E+01 1.3716972E-01
2026 07 25 00 14 30 000 -2.0988471E+01 -1.8404540E+01 1.4199548E-01
2026 07 25 00 15 00 000 -2.0986827E+01 -1.8405214E+01 1.4683412E-01
2026 07 25 00 15 30 000 -2.0985181E+01 -1.8405885E+01 1.5168567E-01
2026 07 25 00 16 00 000 -2.0983534E+01 -1.8406555E+01 1.5655008E-01
2026 07 25 00 16 30 000 -2.0981885E+01 -1.8407222E+01 1.6142736E-01
2026 07 25 00 17 00 000 -2.0980235E+01 -1.8407887E+01 1.6631748E-01
2026 07 25 00 17 30 000 -2.0978584E+01 -1.8408550E+01 1.7122043E-01
2026 07 25 00 18 00 000 -2.0976932E+01 -1.8409210E+01 1.7613621E-01
2026 07 25 00 18 30 000 -2.0975278E+01 -1.8409868E+01 1.8106479E-01
2026 07 25 00 19 00 000 -2.0973623E+01 -1.8410524E+01 1.8600616E-01
2026 07 25 00 19 30 000 -2.0971966E+01 -1.8411177E+01 1.9096030E-01
2026 07 25 00 20 00 000 -2.0970308E+01 -1.8411828E+01 1.9592722E-01
2026 07 25 00 20 30 000 -2.0968649E+01 -1.8412477E+01 2.0090688E-01
2026 07 25 00 21 00 000 -2.0966989E+01 -1.8413124E+01 2.0589928E-01
2026 07 25 00 21 30 000 -2.0965327E+01 -1.8413768E+01 2.1090439E-01
2026 07 25 00 22 00 000 -2.0963664E+01 -1.8414409E+01 2.1592222E-01
2026 07 25 00 22 30 000 -2.0961999E+01 -1.8415049E+01 2.2095275E-01
2026 07 25 00 23 00 000 -2.0960333E+01 -1.8415685E+01 2.2599595E-01
2026 07 25 00 23 30 000 -2.0958666E+01 -1.8416320E+01 2.3105181E-01
2026 07 25 00 24 00 000 -2.0956998E+01 -1.8416952E+01 2.3612032E-01
2026 07 25 00 24 30 000 -2.0955328E+01 -1.8417582E+01 2.4120148E-01
2026 07 25 00 25 00 000 -2.0953657E+01 -1.8418209E+01 2.4629525E-01
2026 07 25 00 25 30 000 -2.0951984E+01 -1.8418834E+01 2.5140163E-01
2026 07 25 00 26 00 000 -2.0950311E+01 -1.8419456E+01 2.5652060E-01
2026 07 25 00 26 30 000 -2.0948636E+01 -1.8420076E+01 2.6165215E-01
2026 07 25 00 27 00 000 -2.0946959E+01 -1.8420693E+01 2.6679627E-01
2026 07 25 00 27 30 000 -2.0945281E+01 -1.8421308E+01 2.7195293E-01
2026 07 25 00 28 00 000 -2.0943602E+01 -1.8421920E+01 2.7712213E-01
2026 07 25 00 28 30 000 -2.0941922E+01 -1.8422530E+01 2.8230384E-01
2026 07 25 00 29 00 000 -2.0940240E+01 -1.8423137E+01 2.8749806E-01
2026 07 25 00 29 30 000 -2.0938557E+01 -1.8423742E+01 2.9270477E-01
2026 07 25 00 30 00 000 -2.0936873E+01 -1.8424344E+01 2.9792395E-01
2026 07 25 00 30 30 000 -2.0935187E+01 -1.8424944E+01 3.0315559E-01
2026 07 25 00 31 00 000 -2.0933500E+01 -1.8425541E+01 3.0839968E-01
2026 07 25 00 31 30 000 -2.0931812E+01 -1.8426136E+01 3.1365619E-01
2026 07 25 00 32 00 000 -2.0930122E+01 -1.8426728E+01 3.1892512E-01
2026 07 25 00 32 30 000 -2.0928431E+01 -1.8427317E+01 3.2420645E-01
2026 07 25 00 33 00 000 -2.0926738E+01 -1.8427904E+01 3.2950016E-01
2026 07 25 00 33 30 000 -2.0925045E+01 -1.8428488E+01 3.3480624E-01
2026 07 25 00 34 00 000 -2.0923350E+01 -1.8429070E+01 3.4012467E-01
2026 07 25 00 34 30 000 -2.0921653E+01 -1.8429649E+01 3.4545544E-01
2026 07 25 00 35 00 000 -2.0919956E+01 -1.8430225E+01 3.5079853E-01
2026 07 25 00 35 30 000 -2.0918257E+01 -1.8430799E+01 3.5615393E-01
2026 07 25 00 36 00 000 -2.0916556E+01 -1.8431370E+01 3.6152162E-01
2026 07 25 00 36 30 000 -2.0914855E+01 -1.8431938E+01 3.6690158E-01
2026 07 25 00 37 00 000 -2.0913152E+01 -1.8432504E+01 3.7229381E-01
2026 07 25 00 37 30 000 -2.0911447E+01 -1.8433066E+01 3.7769828E-01
2026 07 25 00 38 00 000 -2.0909742E+01 -1.8433627E+01 3.8311498E-01
2026 07 25 00 38 30 000 -2.0908035E+01 -1.8434184E+01 3.8854389E-01
2026 07 25 00 39 00 000 -2.0906326E+01 -1.8434739E+01 3.9398500E-01
2026 07 25 00 39 30 000 -2.0904617E+01 -1.8435291E+01 3.9943829E-01
2026 07 25 00 40 00 000 -2.0902906E+01 -1.8435840E+01 4.0490374E-01
2026 07 25 00 40 30 000 -2.0901193E+01 -1.8436387E+01 4.1038135E-01
2026 07 25 00 41 00 000 -2.0899480E+01 -1.8436930E+01 4.1587108E-01
2026 07 25 00 41 30 000 -2.0897765E+01 -1.8437471E+01 4.2137294E-01
2026 07 25 00 42 00 000 -2.0896049E+01 -1.8438010E+01 4.2688688E-01
2026 07 25 00 42 30 000 -2.0894331E+01 -1.8438545E+01 4.3241292E-01
2026 07 25 00 43 00 000 -2.0892612E+01 -1.8439077E+01 4.3795103E-01
2026 07 25 00 43 30 000 -2.0890892E+01 -1.8439607E+01 4.4350119E-01
2026 07 25 00 44 00 000 -2.0889170E+01 -1.8440134E+01 4.4906337E-01
2026 07 25 00 44 30 000 -2.0887447E+01 -1.8440658E+01 4.5463758E-01
2026 07 25 00 45 00 000 -2.0885723E+01 -1.8441179E+01 4.6022380E-01
2026 07 25 00 45 30 000 -2.0883997E+01 -1.8441698E+01 4.6582200E-01
2026 07 25 00 46 00 000 -2.0882270E+01 -1.8442213E+01 4.7143217E-01
2026 07 25 00 46 30 000 -2.0880542E+01 -1.8442726E+01 4.7705428E-01
2026 07 25 00 47 00 000 -2.0878812E+01 -1.8443235E+01 4.8268834E-01
2026 07 25 00 47 30 000 -2.0877081E+01 -1.8443742E+01 4.8833432E-01
2026 07 25 00 48 00 000 -2.0875349E+01 -1.8444246E+01 4.9399220E-01
2026 07 25 00 48 30 000 -2.0873616E+01 -1.8444747E+01 4.9966196E-01
2026 07 25 00 49 00 000 -2.0871881E+01 -1.8445245E+01 5.0534359E-01
2026 07 25 00 49 30 000 -2.0870144E+01 -1.8445740E+01 5.1103708E-01
2026 07 25 00 50 00 000 -2.0868407E+01 -1.8446232E+01 5.1674240E-01
2026 07 25 00 50 30 000 -2.0866668E+01 -1.8446721E+01 5.2245954E-01
2026 07 25 00 51 00 000 -2.0864928E+01 -1.8447207E+01 5.2818848E-01
2026 07 25 00 51 30 000 -2.0863186E+01 -1.8447690E+01 5.3392920E-01
2026 07 25 00 52 00 000 -2.0861443E+01 -1.8448171E+01 5.3968169E-01
2026 07 25 00 52 30 000 -2.0859699E+01 -1.8448648E+01 5.4544594E-01
2026 07 25 00 53 00 000 -2.0857954E+01 -1.8449122E+01 5.5122190E-01
2026 07 25 00 53 30 000 -2.0856207E+01 -1.8449593E+01 5.5700959E-01
2026 07 25 00 54 00 000 -2.0854458E+01 -1.8450061E+01 5.6280898E-01
2026 07 25 00 54 30 000 -2.0852709E+01 -1.8450526E+01 5.6862004E-01
2026 07 25 00 55 00 000 -2.0850958E+01 -1.8450988E+01 5.7444277E-01
2026 07 25 00 55 30 000 -2.0849206E+01 -1.8451447E+01 5.8027714E-01
2026 07 25 00 56 00 000 -2.0847452E+01 -1.8451902E+01 5.8612314E-01
2026 07 25 00 56 30 000 -2.0845697E+01 -1.8452355E+01 5.9198075E-01
2026 07 25 00 57 00 000 -2.0843941E+01 -1.8452805E+01 5.9784996E-01
2026 07 25 00 57 30 000 -2.0842184E+01 -1.8453251E+01 6.0373073E-01
2026 07 25 00 58 00 000 -2.0840425E+01 -1.8453694E+01 6.0962307E-01
2026 07 25 00 58 30 000 -2.0838665E+01 -1.8454135E+01 6.1552694E-01
2026 07 25 00 59 00 000 -2.0836903E+01 -1.8454572E+01 6.2144234E-01
2026 07 25 00 59 30 000 -2.0835140E+01 -1.8455005E+01 6.2736924E-01
2026 07 25 01 00 00 000 -2.0833376E+01 -1.8455436E+01 6.3330762E-01
2026 07 25 01 00 30 000 -2.0831611E+01 -1.8455864E+01 6.3925747E-01
2026 07 25 01 01 00 000 -2.0829844E+01 -1.8456288E+01 6.4521878E-01
2026 07 25 01 01 30 000 -2.0828076E+01 -1.8456709E+01 6.5119151E-01
2026 07 25 01 02 00 000 -2.0826306E+01 -1.8457127E+01 6.5717566E-01
2026 07 25 01 02 30 000 -2.0824535E+01 -1.8457542E+01 6.6317121E-01
2026 07 25 01 03 00 000 -2.0822763E+01 -1.8457953E+01 6.6917813E-01
2026 07 25 01 03 30 000 -2.0820990E+01 -1.8458361E+01 6.7519641E-01
2026 07 25 01 04 00 000 -2.0819215E+01 -1.8458766E+01 6.8122603E-01
2026 07 25 01 04 30 000 -2.0817439E+01 -1.8459168E+01 6.8726696E-01
2026 07 25 01 05 00 000 -2.0815661E+01 -1.8459567E+01 6.9331921E-01
2026 07 25 01 05 30 000 -2.0813882E+01 -1.8459962E+01 6.9938274E-01
2026 07 25 01 06 00 000 -2.0812102E+01 -1.8460354E+01 7.0545754E-01
2026 07 25 01 06 30 000 -2.0810321E+01 -1.8460742E+01 7.1154358E-01
2026 07 25 01 07 00 000 -2.0808538E+01 -1.8461127E+01 7.1764086E-01
2026 07 25 01 07 30 000 -2.0806754E+01 -1.8461509E+01 7.2374934E-01
2026 07 25 01 08 00 000 -2.0804968E+01 -1.8461888E+01 7.2986902E-01
2026 07 25 01 08 30 000 -2.0803182E+01 -1.8462263E+01 7.3599988E-01
2026 07 25 01 09 00 000 -2.0801394E+01 -1.8462635E+01 7.4214188E-01
2026 07 25 01 09 30 000 -2.0799604E+01 -1.8463003E+01 7.4829502E-01
2026 07 25 01 10 00 000 -2.0797813E+01 -1.8463368E+01 7.5445928E-01
2026 07 25 01 10 30 000 -2.0796021E+01 -1.8463730E+01 7.6063464E-01
2026 07 25 01 11 00 000 -2.0794228E+01 -1.8464088E+01 7.6682107E-01
2026 07 25 01 11 30 000 -2.0792433E+01 -1.8464443E+01 7.7301857E-01
2026 07 25 01 12 00 000 -2.0790637E+01 -1.8464795E+01 7.7922711E-01
2026 07 25 01 12 30 000 -2.0788839E+01 -1.8465143E+01 7.8544667E-01
2026 07 25 01 13 00 000 -2.0787041E+01 -1.8465488E+01 7.9167723E-01
2026 07 25 01 13 30 000 -2.0785241E+01 -1.8465829E+01 7.9791877E-01
2026 07 25 01 14 00 000 -2.0783439E+01 -1.8466166E+01 8.0417128E-01
2026 07 25 01 14 30 000 -2.0781636E+01 -1.8466501E+01 8.1043474E-01
2026 07 25 01 15 00 000 -2.0779832E+01 -1.8466831E+01 8.1670912E-01
2026 07 25 01 15 30 000 -2.0778027E+01 -1.8467159E+01 8.2299440E-01
2026 07 25 01 16 00 000 -2.0776220E+01 -1.8467482E+01 8.2929057E-01
2026 07 25 01 16 30 000 -2.0774412E+01 -1.8467803E+01 8.3559761E-01
2026 07 25 01 17 00 000 -2.0772602E+01 -1.8468119E+01 8.4191549E-01
2026 07 25 01 17 30 000 -2.0770792E+01 -1.8468433E+01 8.4824421E-01
2026 07 25 01 18 00 000 -2.0768980E+01 -1.8468742E+01 8.5458373E-01
2026 07 25 01 18 30 000 -2.0767166E+01 -1.8469048E+01 8.6093404E-01
2026 07 25 01 19 00 000 -2.0765351E+01 -1.8469351E+01 8.6729512E-01
2026 07 25 01 19 30 000 -2.0763535E+01 -1.8469650E+01 8.7366695E-01
2026 07 25 01 20 00 000 -2.0761718E+01 -1.8469945E+01 8.8004950E-01
2026 07 25 01 20 30 000 -2.0759899E+01 -1.8470237E+01 8.8644277E-01
2026 07 25 01 21 00 000 -2.0758079E+01 -1.8470525E+01 8.9284672E-01
2026 07 25 01 21 30 000 -2.0756258E+01 -1.8470810E+01 8.9926135E-01
2026 07 25 01 22 00 000 -2.0754435E+01 -1.8471090E+01 9.0568662E-01
2026 07 25 01 22 30 000 -2.0752611E+01 -1.8471368E+01 9.1212252E-01
2026 07 25 01 23 00 000 -2.0750786E+01 -1.8471641E+01 9.1856904E-01
2026 07 25 01 23 30 000 -2.0748959E+01 -1.8471911E+01 9.2502614E-01
2026 07 25 01 24 00 000 -2.0747131E+01 -1.8472178E+01 9.3149381E-01
2026 07 25 01 24 30 000 -2.0745301E+01 -1.8472440E+01 9.3797203E-01
2026 07 25 01 25 00 000 -2.0743471E+01 -1.8472699E+01 9.4446078E-01
2026 07 25 01 25 30 000 -2.0741639E+01 -1.8472954E+01 9.5096003E-01
2026 07 25 01 26 00 000 -2.0739805E+01 -1.8473206E+01 9.5746978E-01
2026 07 25 01 26 30 000 -2.0737970E+01 -1.8473454E+01 9.6398999E-01
2026 07 25 01 27 00 000 -2.0736134E+01 -1.8473698E+01 9.7052064E-01
2026 07 25 01 27 30 000 -2.0734297E+01 -1.8473938E+01 9.7706172E-01
2026 07 25 01 28 00 000 -2.0732458E+01 -1.8474175E+01 9.8361321E-01
2026 07 25 01 28 30 000 -2.0730618E+01 -1.8474408E+01 9.9017508E-01
2026 07 25 01 29 00 000 -2.0728777E+01 -1.8474637E+01 9.9674731E-01
2026 07 25 01 29 30 000 -2.0726934E+01 -1.8474862E+01 1.0033299E+00
2026 07 25 01 30 00 000 -2.0725090E+01 -1.8475084E+01 1.0099228E+00
2026 07 25 01 30 30 000 -2.0723245E+01 -1.8475301E+01 1.0165260E+00
2026 07 25 01 31 00 000 -2.0721398E+01 -1.8475515E+01 1.0231395E+00
2026 07 25 01 31 30 000 -2.0719550E+01 -1.8475725E+01 1.0297632E+00
2026 07 25 01 32 00 000 -2.0717700E+01 -1.8475932E+01 1.0363972E+00
2026 07 25 01 32 30 000 -2.0715850E+01 -1.8476134E+01 1.0430414E+00
2026 07 25 01 33 00 000 -2.0713998E+01 -1.8476333E+01 1.0496958E+00
2026 07 25 01 33 30 000 -2.0712144E+01 -1.8476527E+01 1.0563604E+00
2026 07 25 01 34 00 000 -2.0710290E+01 -1.8476718E+01 1.0630351E+00
2026 07 25 01 34 30 000 -2.0708434E+01 -1.8476905E+01 1.0697200E+00
2026 07 25 01 35 00 000 -2.0706576E+01 -1.8477088E+01 1.0764150E+00
2026 07 25 01 35 30 000 -2.0704717E+01 -1.8477267E+01 1.0831200E+00
2026 07 25 01 36 00 000 -2.0702857E+01 -1.8477443E+01 1.0898352E+00
2026 07 25 01 36 30 000 -2.0700996E+01 -1.8477614E+01 1.0965604E+00
2026 07 25 01 37 00 000 -2.0699133E+01 -1.8477781E+01 1.1032956E+00
2026 07 25 01 37 30 000 -2.0697269E+01 -1.8477945E+01 1.1100408E+00
2026 07 25 01 38 00 000 -2.0695404E+01 -1.8478104E+01 1.1167960E+00
2026 07 25 01 38 30 000 -2.0693537E+01 -1.8478260E+01 1.1235612E+00
2026 07 25 01 39 00 000 -2.0691669E+01 -1.8478412E+01 1.1303363E+00
2026 07 25 01 39 30 000 -2.0689800E+01 -1.8478559E+01 1.1371213E+00
2026 07 25 01 40 00 000 -2.0687929E+01 -1.8478703E+01 1.1439162E+00
2026 07 25 01 40 30 000 -2.0686057E+01 -1.8478842E+01 1.1507210E+00
2026 07 25 01 41 00 000 -2.0684184E+01 -1.8478978E+01 1.1575357E+00
2026 07 25 01 41 30 000 -2.0682309E+01 -1.8479110E+01 1.1643602E+00
2026 07 25 01 42 00 000 -2.0680433E+01 -1.8479237E+01 1.1711944E+00
2026 07 25 01 42 30 000 -2.0678556E+01 -1.8479361E+01 1.1780385E+00
2026 07 25 01 43 00 000 -2.0676677E+01 -1.8479480E+01 1.1848924E+00
2026 07 25 01 43 30 000 -2.0674797E+01 -1.8479596E+01 1.1917560E+00
2026 07 25 01 44 00 000 -2.0672915E+01 -1.8479707E+01 1.1986293E+00
2026 07 25 01 44 30 000 -2.0671033E+01 -1.8479815E+01 1.2055123E+00
2026 07 25 01 45 00 000 -2.0669149E+01 -1.8479918E+01 1.2124050E+00
2026 07 25 01 45 30 000 -2.0667263E+01 -1.8480017E+01 1.2193074E+00
2026 07 25 01 46 00 000 -2.0665377E+01 -1.8480112E+01 1.2262193E+00
2026 07 25 01 46 30 000 -2.0663489E+01 -1.8480203E+01 1.2331409E+00
2026 07 25 01 47 00 000 -2.0661599E+01 -1.8480290E+01 1.2400721E+00
2026 07 25 01 47 30 000 -2.0659708E+01 -1.8480373E+01 1.2470129E+00
2026 07 25 01 48 00 000 -2.0657816E+01 -1.8480451E+01 1.2539632E+00
2026 07 25 01 48 30 000 -2.0655923E+01 -1.8480526E+01 1.2609230E+00
2026 07 25 01 49 00 000 -2.0654028E+01 -1.8480596E+01 1.2678923E+00
2026 07 25 01 49 30 000 -2.0652132E+01 -1.8480662E+01 1.2748711E+00
2026 07 25 01 50 00 000 -2.0650235E+01 -1.8480724E+01 1.2818594E+00
2026 07 25 01 50 30 000 -2.0648336E+01 -1.8480782E+01 1.2888571E+00
2026 07 25 01 51 00 000 -2.0646436E+01 -1.8480835E+01 1.2958642E+00
2026 07 25 01 51 30 000 -2.0644535E+01 -1.8480884E+01 1.3028806E+00
2026 07 25 01 52 00 000 -2.0642632E+01 -1.8480929E+01 1.3099065E+00
2026 07 25 01 52 30 000 -2.0640728E+01 -1.8480970E+01 1.3169417E+00
2026 07 25 01 53 00 000 -2.0638823E+01 -1.8481007E+01 1.3239862E+00
2026 07 25 01 53 30 000 -2.0636916E+01 -1.8481039E+01 1.3310400E+00
2026 07 25 01 54 00 000 -2.0635008E+01 -1.8481068E+01 1.3381031E+00
2026 07 25 01 54 30 000 -2.0633099E+01 -1.8481091E+01 1.3451754E+00
2026 07 25 01 55 00 000 -2.0631188E+01 -1.8481111E+01 1.3522570E+00
2026 07 25 01 55 30 000 -2.0629276E+01 -1.8481126E+01 1.3593478E+00
2026 07 25 01 56 00 000 -2.0627362E+01 -1.8481137E+01 1.3664477E+00
2026 07 25 01 56 30 000 -2.0625448E+01 -1.8481144E+01 1.3735568E+00
2026 07 25 01 57 00 000 -2.0623532E+01 -1.8481147E+01 1.3806751E+00
2026 07 25 01 57 30 000 -2.0621614E+01 -1.8481145E+01 1.3878024E+00
2026 07 25 01 58 00 000 -2.0619695E+01 -1.8481138E+01 1.3949389E+00
2026 07 25 01 58 30 000 -2.0617775E+01 -1.8481128E+01 1.4020844E+00
2026 07 25 01 59 00 000 -2.0615854E+01 -1.8481113E+01 1.4092389E+00
2026 07 25 01 59 30 000 -2.0613931E+01 -1.8481094E+01 1.4164025E+00
2026 07 25 02 00 00 000 -2.0612007E+01 -1.8481070E+01 1.4235751E+00
2026 07 25 02 00 30 000 -2.0610082E+01 -1.8481042E+01 1.4307566E+00
2026 07 25 02 01 00 000 -2.0608155E+01 -1.8481010E+01 1.4379471E+00
2026 07 25 02 01 30 000 -2.0606227E+01 -1.8480973E+01 1.4451465E+00
2026 07 25 02 02 00 000 -2.0604298E+01 -1.8480932E+01 1.4523549E+00
2026 07 25 02 02 30 000 -2.0602367E+01 -1.8480886E+01 1.4595721E+00
2026 07 25 02 03 00 000 -2.0600435E+01 -1.8480836E+01 1.4667981E+00
2026 07 25 02 03 30 000 -2.0598501E+01 -1.8480782E+01 1.4740330E+00
2026 07 25 02 04 00 000 -2.0596567E+01 -1.8480723E+01 1.4812767E+00
2026 07 25 02 04 30 000 -2.0594630E+01 -1.8480660E+01 1.4885292E+00
2026 07 25 02 05 00 000 -2.0592693E+01 -1.8480592E+01 1.4957904E+00
2026 07 25 02 05 30 000 -2.0590754E+01 -1.8480520E+01 1.5030604E+00
2026 07 25 02 06 00 000 -2.0588814E+01 -1.8480444E+01 1.5103391E+00
2026 07 25 02 06 30 000 -2.0586873E+01 -1.8480362E+01 1.5176264E+00
2026 07 25 02 07 00 000 -2.0584930E+01 -1.8480277E+01 1.5249224E+00
2026 07 25 02 07 30 000 -2.0582986E+01 -1.8480187E+01 1.5322271E+00
2026 07 25 02 08 00 000 -2.0581040E+01 -1.8480092E+01 1.5395404E+00
2026 07 25 02 08 30 000 -2.0579094E+01 -1.8479993E+01 1.5468623E+00
2026 07 25 02 09 00 000 -2.0577146E+01 -1.8479889E+01 1.5541927E+00
2026 07 25 02 09 30 000 -2.0575196E+01 -1.8479781E+01 1.5615317E+00
2026 07 25 02 10 00 000 -2.0573245E+01 -1.8479669E+01 1.5688792E+00
2026 07 25 02 10 30 000 -2.0571293E+01 -1.8479551E+01 1.5762352E+00
2026 07 25 02 11 00 000 -2.0569340E+01 -1.8479430E+01 1.5835997E+00
2026 07 25 02 11 30 000 -2.0567385E+01 -1.8479303E+01 1.5909726E+00
2026 07 25 02 12 00 000 -2.0565429E+01 -1.8479172E+01 1.5983540E+00
2026 07 25 02 12 30 000 -2.0563471E+01 -1.8479037E+01 1.6057437E+00
2026 07 25 02 13 00 000 -2.0561513E+01 -1.8478897E+01 1.6131418E+00
2026 07 25 02 13 30 000 -2.0559552E+01 -1.8478752E+01 1.6205483E+00
2026 07 25 02 14 00 000 -2.0557591E+01 -1.8478603E+01 1.6279630E+00
2026 07 25 02 14 30 000 -2.0555628E+01 -1.8478449E+01 1.6353861E+00
2026 07 25 02 15 00 000 -2.0553664E+01 -1.8478291E+01 1.6428175E+00
2026 07 25 02 15 30 000 -2.0551699E+01 -1.8478128E+01 1.6502571E+00
2026 07 25 02 16 00 000 -2.0549732E+01 -1.8477960E+01 1.6577049E+00
2026 07 25 02 16 30 000 -2.0547764E+01 -1.8477787E+01 1.6651609E+00
2026 07 25 02 17 00 000 -2.0545794E+01 -1.8477610E+01 1.6726251E+00
2026 07 25 02 17 30 000 -2.0543823E+01 -1.8477429E+01 1.6800975E+00
2026 07 25 02 18 00 000 -2.0541851E+01 -1.8477242E+01 1.6875780E+00
2026 07 25 02 18 30 000 -2.0539878E+01 -1.8477051E+01 1.6950666E+00
2026 07 25 02 19 00 000 -2.0537903E+01 -1.8476856E+01 1.7025632E+00
2026 07 25 02 19 30 000 -2.0535927E+01 -1.8476655E+01 1.7100679E+00
2026 07 25 02 20 00 000 -2.0533949E+01 -1.8476450E+01 1.7175807E+00
2026 07 25 02 20 30 000 -2.0531970E+01 -1.8476240E+01 1.7251014E+00
2026 07 25 02 21 00 000 -2.0529990E+01 -1.8476026E+01 1.7326301E+00
2026 07 25 02 21 30 000 -2.0528009E+01 -1.8475806E+01 1.7401668E+00
2026 07 25 02 22 00 000 -2.0526026E+01 -1.8475582E+01 1.7477114E+00
2026 07 25 02 22 30 000 -2.0524042E+01 -1.8475354E+01 1.7552639E+00
2026 07 25 02 23 00 000 -2.0522056E+01 -1.8475120E+01 1.7628243E+00
2026 07 25 02 23 30 000 -2.0520069E+01 -1.8474882E+01 1.7703925E+00
2026 07 25 02 24 00 000 -2.0518081E+01 -1.8474639E+01 1.7779685E+00
2026 07 25 02 24 30 000 -2.0516091E+01 -1.8474391E+01 1.7855524E+00
2026 07 25 02 25 00 000 -2.0514101E+01 -1.8474139E+01 1.7931440E+00
2026 07 25 02 25 30 000 -2.0512108E+01 -1.8473881E+01 1.8007433E+00
2026 07 25 02 26 00 000 -2.0510115E+01 -1.8473619E+01 1.8083504E+00
2026 07 25 02 26 30 000 -2.0508120E+01 -1.8473352E+01 1.8159652E+00
2026 07 25 02 27 00 000 -2.0506124E+01 -1.8473081E+01 1.8235877E+00
2026 07 25 02 27 30 000 -2.0504126E+01 -1.8472804E+01 1.8312178E+00
2026 07 25 02 28 00 000 -2.0502127E+01 -1.8472523E+01 1.8388555E+00
2026 07 25 02 28 30 000 -2.0500127E+01 -1.8472237E+01 1.8465009E+00
2026 07 25 02 29 00 000 -2.0498125E+01 -1.8471946E+01 1.8541538E+00
2026 07 25 02 29 30 000 -2.0496122E+01 -1.8471650E+01 1.8618142E+00
2026 07 25 02 30 00 000 -2.0494118E+01 -1.8471349E+01 1.8694822E+00
2026 07 25 02 30 30 000 -2.0492113E+01 -1.8471043E+01 1.8771576E+00
2026 07 25 02 31 00 000 -2.0490106E+01 -1.8470733E+01 1.8848406E+00
2026 07 25 02 31 30 000 -2.0488097E+01 -1.8470418E+01 1.8925309E+00
2026 07 25 02 32 00 000 -2.0486088E+01 -1.8470098E+01 1.9002287E+00
2026 07 25 02 32 30 000 -2.0484077E+01 -1.8469773E+01 1.9079339E+00
2026 07 25 02 33 00 000 -2.0482065E+01 -1.8469443E+01 1.9156464E+00
2026 07 25 02 33 30 000 -2.0480051E+01 -1.8469108E+01 1.9233663E+00
2026 07 25 02 34 00 000 -2.0478036E+01 -1.8468768E+01 1.9310934E+00
2026 07 25 02 34 30 000 -2.0476020E+01 -1.8468423E+01 1.9388279E+00
2026 07 25 02 35 00 000 -2.0474002E+01 -1.8468074E+01 1.9465696E+00
2026 07 25 02 35 30 000 -2.0471983E+01 -1.8467719E+01 1.9543186E+00
2026 07 25 02 36 00 000 -2.0469963E+01 -1.8467360E+01 1.9620748E+00
2026 07 25 02 36 30 000 -2.0467941E+01 -1.8466995E+01 1.9698381E+00
2026 07 25 02 37 00 000 -2.0465918E+01 -1.8466626E+01 1.9776086E+00
2026 07 25 02 37 30 000 -2.0463894E+01 -1.8466252E+01 1.9853862E+00
2026 07 25 02 38 00 000 -2.0461868E+01 -1.8465872E+01 1.9931710E+00
2026 07 25 02 38 30 000 -2.0459841E+01 -1.8465488E+01 2.0009628E+00
2026 07 25 02 39 00 000 -2.0457813E+01 -1.8465099E+01 2.0087616E+00
2026 07 25 02 39 30 000 -2.0455783E+01 -1.8464705E+01 2.0165675E+00
2026 07 25 02 40 00 000 -2.0453752E+01 -1.8464305E+01 2.0243804E+00
2026 07 25 02 40 30 000 -2.0451720E+01 -1.8463901E+01 2.0322002E+00
2026 07 25 02 41 00 000 -2.0449686E+01 -1.8463492E+01 2.0400270E+00
2026 07 25 02 41 30 000 -2.0447651E+01 -1.8463078E+01 2.0478607E+00
2026 07 25 02 42 00 000 -2.0445615E+01 -1.8462659E+01 2.0557013E+00
2026 07 25 02 42 30 000 -2.0443577E+01 -1.8462234E+01 2.0635488E+00
2026 07 25 02 43 00 000 -2.0441538E+01 -1.8461805E+01 2.0714031E+00
2026 07 25 02 43 30 000 -2.0439498E+01 -1.8461371E+01 2.0792642E+00
2026 07 25 02 44 00 000 -2.0437456E+01 -1.8460932E+01 2.0871321E+00
2026 07 25 02 44 30 000 -2.0435413E+01 -1.8460487E+01 2.0950067E+00
2026 07 25 02 45 00 000 -2.0433368E+01 -1.8460038E+01 2.1028881E+00
2026 07 25 02 45 30 000 -2.0431323E+01 -1.8459583E+01 2.1107761E+00
2026 07 25 02 46 00 000 -2.0429275E+01 -1.8459124E+01 2.1186709E+00
2026 07 25 02 46 30 000 -2.0427227E+01 -1.8458659E+01 2.1265723E+00
2026 07 25 02 47 00 000 -2.0425177E+01 -1.8458189E+01 2.1344803E+00
2026 07 25 02 47 30 000 -2.0423126E+01 -1.8457715E+01 2.1423950E+00
2026 07 25 02 48 00 000 -2.0421074E+01 -1.8457235E+01 2.1503161E+00
2026 07 25 02 48 30 000 -2.0419020E+01 -1.8456750E+01 2.1582439E+00
2026 07 25 02 49 00 000 -2.0416965E+01 -1.8456260E+01 2.1661781E+00
2026 07 25 02 49 30 000 -2.0414908E+01 -1.8455764E+01 2.1741189E+00
2026 07 25 02 50 00 000 -2.0412851E+01 -1.8455264E+01 2.1820660E+00
2026 07 25 02 50 30 000 -2.0410791E+01 -1.8454759E+01 2.1900197E+00
2026 07 25 02 51 00 000 -2.0408731E+01 -1.8454248E+01 2.1979797E+00
2026 07 25 02 51 30 000 -2.0406669E+01 -1.8453733E+01 2.2059461E+00
2026 07 25 02 52 00 000 -2.0404606E+01 -1.8453212E+01 2.2139189E+00
2026 07 25 02 52 30 000 -2.0402541E+01 -1.8452686E+01 2.2218980E+00
2026 07 25 02 53 00 000 -2.0400476E+01 -1.8452155E+01 2.2298833E+00
2026 07 25 02 53 30 000 -2.0398408E+01 -1.8451619E+01 2.2378750E+00
2026 07 25 02 54 00 000 -2.0396340E+01 -1.8451077E+01 2.2458729E+00
2026 07 25 02 54 30 000 -2.0394270E+01 -1.8450531E+01 2.2538770E+00
2026 07 25 02 55 00 000 -2.0392199E+01 -1.8449979E+01 2.2618872E+00
2026 07 25 02 55 30 000 -2.0390126E+01 -1.8449422E+01 2.2699037E+00
2026 07 25 02 56 00 000 -2.0388052E+01 -1.8448860E+01 2.2779263E+00
2026 07 25 02 56 30 000 -2.0385977E+01 -1.8448293E+01 2.2859550E+00
2026 07 25 02 57 00 000 -2.0383901E+01 -1.8447720E+01 2.2939897E+00
2026 07 25 02 57 30 000 -2.0381823E+01 -1.8447142E+01 2.3020306E+00
2026 07 25 02 58 00 000 -2.0379744E+01 -1.8446560E+01 2.3100774E+00
2026 07 25 02 58 30 000 -2.0377663E+01 -1.8445972E+01 2.3181302E+00
2026 07 25 02 59 00 000 -2.0375581E+01 -1.8445378E+01 2.3261890E+00
2026 07 25 02 59 30 000 -2.0373498E+01 -1.8444780E+01 2.3342537E+00
2026 07 25 03 00 00 000 -2.0371413E+01 -1.8444176E+01 2.3423244E+00
2026 07 25 03 00 30 000 -2.0369327E+01 -1.8443567E+01 2.3504009E+00
2026 07 25 03 01 00 000 -2.0367240E+01 -1.8442953E+01 2.3584833E+00
2026 07 25 03 01 30 000 -2.0365151E+01 -1.8442334E+01 2.3665715E+00
2026 07 25 03 02 00 000 -2.0363061E+01 -1.8441709E+01 2.3746656E+00
2026 07 25 03 02 30 000 -2.0360970E+01 -1.8441079E+01 2.3827654E+00
2026 07 25 03 03 00 000 -2.0358877E+01 -1.8440444E+01 2.3908709E+00
2026 07 25 03 03 30 000 -2.0356783E+01 -1.8439804E+01 2.3989821E+00
2026 07 25 03 04 00 000 -2.0354688E+01 -1.8439158E+01 2.4070991E+00
2026 07 25 03 04 30 000 -2.0352591E+01 -1.8438507E+01 2.4152217E+00
2026 07 25 03 05 00 000 -2.0350493E+01 -1.8437851E+01 2.4233499E+00
2026 07 25 03 05 30 000 -2.0348394E+01 -1.8437189E+01 2.4314837E+00
2026 07 25 03 06 00 000 -2.0346293E+01 -1.8436523E+01 2.4396232E+00
2026 07 25 03 06 30 000 -2.0344191E+01 -1.8435851E+01 2.4477682E+00
2026 07 25 03 07 00 000 -2.0342088E+01 -1.8435173E+01 2.4559186E+00
2026 07 25 03 07 30 000 -2.0339983E+01 -1.8434491E+01 2.4640746E+00
2026 07 25 03 08 00 000 -2.0337877E+01 -1.8433803E+01 2.4722360E+00
2026 07 25 03 08 30 000 -2.0335770E+01 -1.8433110E+01 2.4804029E+00
2026 07 25 03 09 00 000 -2.0333661E+01 -1.8432411E+01 2.4885752E+00
2026 07 25 03 09 30 000 -2.0331551E+01 -1.8431707E+01 2.4967529E+00
2026 07 25 03 10 00 000 -2.0329440E+01 -1.8430998E+01 2.5049359E+00
2026 07 25 03 10 30 000 -2.0327327E+01 -1.8430284E+01 2.5131242E+00
2026 07 25 03 11 00 000 -2.0325213E+01 -1.8429564E+01 2.5213179E+00
2026 07 25 03 11 30 000 -2.0323097E+01 -1.8428839E+01 2.5295168E+00
2026 07 25 03 12 00 000 -2.0320980E+01 -1.8428108E+01 2.5377209E+00
2026 07 25 03 12 30 000 -2.0318862E+01 -1.8427373E+01 2.5459303E+00
2026 07 25 03 13 00 000 -2.0316743E+01 -1.8426632E+01 2.5541448E+00
2026 07 25 03 13 30 000 -2.0314622E+01 -1.8425885E+01 2.5623645E+00
2026 07 25 03 14 00 000 -2.0312500E+01 -1.8425133E+01 2.5705893E+00
2026 07 25 03 14 30 000 -2.0310376E+01 -1.8424376E+01 2.5788192E+00
2026 07 25 03 15 00 000 -2.0308251E+01 -1.8423614E+01 2.5870542E+00
2026 07 25 03 15 30 000 -2.0306125E+01 -1.8422846E+01 2.5952943E+00
2026 07 25 03 16 00 000 -2.0303998E+01 -1.8422073E+01 2.6035393E+00
2026 07 25 03 16 30 000 -2.0301869E+01 -1.8421294E+01 2.6117893E+00
2026 07 25 03 17 00 000 -2.0299738E+01 -1.8420510E+01 2.6200443E+00
2026 07 25 03 17 30 000 -2.0297607E+01 -1.8419721E+01 2.6283042E+00
2026 07 25 03 18 00 000 -2.0295474E+01 -1.8418926E+01 2.6365690E+00
2026 07 25 03 18 30 000 -2.0293340E+01 -1.8418126E+01 2.6448387E+00
2026 07 25 03 19 00 000 -2.0291204E+01 -1.8417321E+01 2.6531132E+00
2026 07 25 03 19 30 000 -2.0289067E+01 -1.8416510E+01 2.6613925E+00
2026 07 25 03 20 00 000 -2.0286929E+01 -1.8415694E+01 2.6696766E+00
2026 07 25 03 20 30 000 -2.0284789E+01 -1.8414872E+01 2.6779655E+00
2026 07 25 03 21 00 000 -2.0282648E+01 -1.8414045E+01 2.6862591E+00
2026 07 25 03 21 30 000 -2.0280506E+01 -1.8413212E+01 2.6945573E+00
2026 07 25 03 22 00 000 -2.0278362E+01 -1.8412375E+01 2.7028603E+00
2026 07 25 03 22 30 000 -2.0276217E+01 -1.8411531E+01 2.7111678E+00
2026 07 25 03 23 00 000 -2.0274071E+01 -1.8410683E+01 2.7194800E+00
2026 07 25 03 23 30 000 -2.0271923E+01 -1.8409829E+01 2.7277968E+00
2026 07 25 03 24 00 000 -2.0269774E+01 -1.8408969E+01 2.7361181E+00
2026 07 25 03 24 30 000 -2.0267623E+01 -1.8408105E+01 2.7444439E+00
2026 07 25 03 25 00 000 -2.0265472E+01 -1.8407234E+01 2.7527743E+00
2026 07 25 03 25 30 000 -2.0263318E+01 -1.8406359E+01 2.7611091E+00
2026 07 25 03 26 00 000 -2.0261164E+01 -1.8405477E+01 2.7694483E+00
2026 07 25 03 26 30 000 -2.0259008E+01 -1.8404591E+01 2.7777919E+00
2026 07 25 03 27 00 000 -2.0256851E+01 -1.8403699E+01 2.7861399E+00
2026 07 25 03 27 30 000 -2.0254693E+01 -1.8402802E+01 2.7944923E+00
2026 07 25 03 28 00 000 -2.0252533E+01 -1.8401899E+01 2.8028489E+00
2026 07 25 03 28 30 000 -2.0250372E+01 -1.8400990E+01 2.8112099E+00
2026 07 25 03 29 00 000 -2.0248209E+01 -1.8400077E+01 2.8195751E+00
2026 07 25 03 29 30 000 -2.0246045E+01 -1.8399158E+01 2.8279446E+00
2026 07 25 03 30 00 000 -2.0243880E+01 -1.8398233E+01 2.8363182E+00
2026 07 25 03 30 30 000 -2.0241713E+01 -1.8397303E+01 2.8446960E+00
2026 07 25 03 31 00 000 -2.0239545E+01 -1.8396367E+01 2.8530780E+00
2026 07 25 03 31 30 000 -2.0237376E+01 -1.8395426E+01 2.8614641E+00
2026 07 25 03 32 00 000 -2.0235206E+01 -1.8394480E+01 2.8698542E+00
2026 07 25 03 32 30 000 -2.0233034E+01 -1.8393528E+01 2.8782484E+00
2026 07 25 03 33 00 000 -2.0230860E+01 -1.8392571E+01 2.8866467E+00
2026 07 25 03 33 30 000 -2.0228686E+01 -1.8391608E+01 2.8950489E+00
2026 07 25 03 34 00 000 -2.0226510E+01 -1.8390640E+01 2.9034551E+00
2026 07 25 03 34 30 000 -2.0224332E+01 -1.8389666E+01 2.9118653E+00
2026 07 25 03 35 00 000 -2.0222154E+01 -1.8388687E+01 2.9202793E+00
2026 07 25 03 35 30 000 -2.0219974E+01 -1.8387702E+01 2.9286973E+00
2026 07 25 03 36 00 000 -2.0217792E+01 -1.8386712E+01 2.9371190E+00
2026 07 25 03 36 30 000 -2.0215610E+01 -1.8385717E+01 2.9455446E+00
2026 07 25 03 37 00 000 -2.0213426E+01 -1.8384716E+01 2.9539740E+00
2026 07 25 03 37 30 000 -2.0211240E+01 -1.8383709E+01 2.9624072E+00
2026 07 25 03 38 00 000 -2.0209054E+01 -1.8382697E+01 2.9708441E+00
2026 07 25 03 38 30 000 -2.0206865E+01 -1.8381680E+01 2.9792846E+00
2026 07 25 03 39 00 000 -2.0204676E+01 -1.8380657E+01 2.9877289E+00
2026 07 25 03 39 30 000 -2.0202485E+01 -1.8379628E+01 2.9961768E+00
2026 07 25 03 40 00 000 -2.0200293E+01 -1.8378594E+01 3.0046283E+00
2026 07 25 03 40 30 000 -2.0198100E+01 -1.8377555E+01 3.0130834E+00
2026 07 25 03 41 00 000 -2.0195905E+01 -1.8376510E+01 3.0215421E+00
2026 07 25 03 41 30 000 -2.0193709E+01 -1.8375460E+01 3.0300042E+00
2026 07 25 03 42 00 000 -2.0191511E+01 -1.8374404E+01 3.0384699E+00
2026 07 25 03 42 30 000 -2.0189312E+01 -1.8373343E+01 3.0469390E+00
2026 07 25 03 43 00 000 -2.0187112E+01 -1.8372276E+01 3.0554116E+00
2026 07 25 03 43 30 000 -2.0184910E+01 -1.8371204E+01 3.0638876E+00
2026 07 25 03 44 00 000 -2.0182708E+01 -1.8370126E+01 3.0723669E+00
2026 07 25 03 44 30 000 -2.0180503E+01 -1.8369043E+01 3.0808496E+00
2026 07 25 03 45 00 000 -2.0178298E+01 -1.8367954E+01 3.0893356E+00
2026 07 25 03 45 30 000 -2.0176091E+01 -1.8366860E+01 3.0978250E+00
2026 07 25 03 46 00 000 -2.0173882E+01 -1.8365760E+01 3.1063175E+00
2026 07 25 03 46 30 000 -2.0171673E+01 -1.8364655E+01 3.1148133E+00
2026 07 25 03 47 00 000 -2.0169462E+01 -1.8363544E+01 3.1233123E+00
2026 07 25 03 47 30 000 -2.0167249E+01 -1.8362428E+01 3.1318144E+00
2026 07 25 03 48 00 000 -2.0165036E+01 -1.8361306E+01 3.1403197E+00
2026 07 25 03 48 30 000 -2.0162821E+01 -1.8360179E+01 3.1488281E+00
2026 07 25 03 49 00 000 -2.0160604E+01 -1.8359046E+01 3.1573396E+00
2026 07 25 03 49 30 000 -2.0158387E+01 -1.8357908E+01 3.1658541E+00
2026 07 25 03 50 00 000 -2.0156168E+01 -1.8356764E+01 3.1743717E+00
2026 07 25 03 50 30 000 -2.0153947E+01 -1.8355615E+01 3.1828922E+00
2026 07 25 03 51 00 000 -2.0151725E+01 -1.8354460E+01 3.1914157E+00
2026 07 25 03 51 30 000 -2.0149502E+01 -1.8353300E+01 3.1999421E+00
2026 07 25 03 52 00 000 -2.0147278E+01 -1.8352134E+01 3.2084714E+00
2026 07 25 03 52 30 000 -2.0145052E+01 -1.8350963E+01 3.2170036E+00
2026 07 25 03 53 00 000 -2.0142825E+01 -1.8349786E+01 3.2255386E+00
2026 07 25 03 53 30 000 -2.0140596E+01 -1.8348604E+01 3.2340765E+00
2026 07 25 03 54 00 000 -2.0138366E+01 -1.8347416E+01 3.2426171E+00
2026 07 25 03 54 30 000 -2.0136135E+01 -1.8346223E+01 3.2511605E+00
2026 07 25 03 55 00 000 -2.0133903E+01 -1.8345024E+01 3.2597065E+00
2026 07 25 03 55 30 000 -2.0131669E+01 -1.8343820E+01 3.2682553E+00
2026 07 25 03 56 00 000 -2.0129434E+01 -1.8342610E+01 3.2768067E+00
2026 07 25 03 56 30 000 -2.0127197E+01 -1.8341395E+01 3.2853608E+00
2026 07 25 03 57 00 000 -2.0124959E+01 -1.8340174E+01 3.2939175E+00
2026 07 25 03 57 30 000 -2.0122720E+01 -1.8338948E+01 3.3024767E+00
2026 07 25 03 58 00 000 -2.0120479E+01 -1.8337716E+01 3.3110384E+00
2026 07 25 03 58 30 000 -2.0118237E+01 -1.8336479E+01 3.3196027E+00
2026 07 25 03 59 00 000 -2.0115994E+01 -1.8335237E+01 3.3281695E+00
2026 07 25 03 59 30 000 -2.0113749E+01 -1.8333988E+01 3.3367387E+00
2026 07 25 04 00 00 000 -2.0111503E+01 -1.8332735E+01 3.3453103E+00
2026 07 25 04 00 30 000 -2.0109256E+01 -1.8331475E+01 3.3538843E+00
2026 07 25 04 01 00 000 -2.0107007E+01 -1.8330211E+01 3.3624607E+00
2026 07 25 04 01 30 000 -2.0104757E+01 -1.8328941E+01 3.3710394E+00
2026 07 25 04 02 00 000 -2.0102505E+01 -1.8327665E+01 3.3796204E+00
2026 07 25 04 02 30 000 -2.0100252E+01 -1.8326384E+01 3.3882036E+00
2026 07 25 04 03 00 000 -2.0097998E+01 -1.8325097E+01 3.3967891E+00
2026 07 25 04 03 30 000 -2.0095743E+01 -1.8323805E+01 3.4053768E+00
2026 07 25 04 04 00 000 -2.0093486E+01 -1.8322508E+01 3.4139667E+00
2026 07 25 04 04 30 000 -2.0091228E+01 -1.8321204E+01 3.4225587E+00
2026 07 25 04 05 00 000 -2.0088968E+01 -1.8319896E+01 3.4311529E+00
2026 07 25 04 05 30 000 -2.0086707E+01 -1.8318582E+01 3.4397491E+00
2026 07 25 04 06 00 000 -2.0084445E+01 -1.8317262E+01 3.4483474E+00
2026 07 25 04 06 30 000 -2.0082181E+01 -1.8315937E+01 3.4569477E+00
2026 07 25 04 07 00 000 -2.0079916E+01 -1.8314607E+01 3.4655500E+00
2026 07 25 04 07 30 000 -2.0077650E+01 -1.8313271E+01 3.4741543E+00
2026 07 25 04 08 00 000 -2.0075383E+01 -1.8311929E+01 3.4827605E+00
2026 07 25 04 08 30 000 -2.0073114E+01 -1.8310582E+01 3.4913686E+00
2026 07 25 04 09 00 000 -2.0070843E+01 -1.8309230E+01 3.4999786E+00
2026 07 25 04 09 30 000 -2.0068571E+01 -1.8307872E+01 3.5085904E+00
2026 07 25 04 10 00 000 -2.0066298E+01 -1.8306509E+01 3.5172041E+00
2026 07 25 04 10 30 000 -2.0064024E+01 -1.8305140E+01 3.5258195E+00
2026 07 25 04 11 00 000 -2.0061748E+01 -1.8303766E+01 3.5344367E+00
2026 07 25 04 11 30 000 -2.0059471E+01 -1.8302386E+01 3.5430556E+00
2026 07 25 04 12 00 000 -2.0057193E+01 -1.8301001E+01 3.5516762E+00
2026 07 25 04 12 30 000 -2.0054913E+01 -1.8299610E+01 3.5602985E+00
2026 07 25 04 13 00 000 -2.0052632E+01 -1.8298214E+01 3.5689224E+00
2026 07 25 04 13 30 000 -2.0050349E+01 -1.8296812E+01 3.5775479E+00
2026 07 25 04 14 00 000 -2.0048065E+01 -1.8295405E+01 3.5861750E+00
2026 07 25 04 14 30 000 -2.0045780E+01 -1.8293993E+01 3.5948036E+00
2026 07 25 04 15 00 000 -2.0043494E+01 -1.8292575E+01 3.6034337E+00
2026 07 25 04 15 30 000 -2.0041206E+01 -1.8291152E+01 3.6120653E+00
2026 07 25 04 16 00 000 -2.0038916E+01 -1.8289723E+01 3.6206984E+00
2026 07 25 04 16 30 000 -2.0036626E+01 -1.8288288E+01 3.6293329E+00
2026 07 25 04 17 00 000 -2.0034334E+01 -1.8286849E+01 3.6379687E+00
2026 07 25 04 17 30 000 -2.0032040E+01 -1.8285404E+01 3.6466060E+00
2026 07 25 04 18 00 000 -2.0029746E+01 -1.8283953E+01 3.6552445E+00
2026 07 25 04 18 30 000 -2.0027450E+01 -1.8282497E+01 3.6638844E+00
2026 07 25 04 19 00 000 -2.0025152E+01 -1.8281036E+01 3.6725255E+00
2026 07 25 04 19 30 000 -2.0022854E+01 -1.8279569E+01 3.6811678E+00
2026 07 25 04 20 00 000 -2.0020553E+01 -1.8278096E+01 3.6898114E+00
2026 07 25 04 20 30 000 -2.0018252E+01 -1.8276619E+01 3.6984562E+00
2026 07 25 04 21 00 000 -2.0015949E+01 -1.8275136E+01 3.7071020E+00
2026 07 25 04 21 30 000 -2.0013645E+01 -1.8273647E+01 3.7157491E+00
2026 07 25 04 22 00 000 -2.0011340E+01 -1.8272153E+01 3.7243972E+00
2026 07 25 04 22 30 000 -2.0009033E+01 -1.8270654E+01 3.7330463E+00
2026 07 25 04 23 00 000 -2.0006724E+01 -1.8269149E+01 3.7416965E+00
2026 07 25 04 23 30 000 -2.0004415E+01 -1.8267639E+01 3.7503476E+00
2026 07 25 04 24 00 000 -2.0002104E+01 -1.8266123E+01 3.7589998E+00
2026 07 25 04 24 30 000 -1.9999792E+01 -1.8264602E+01 3.7676529E+00
2026 07 25 04 25 00 000 -1.9997478E+01 -1.8263076E+01 3.7763068E+00
2026 07 25 04 25 30 000 -1.9995163E+01 -1.8261544E+01 3.7849617E+00
2026 07 25 04 26 00 000 -1.9992847E+01 -1.8260007E+01 3.7936174E+00
2026 07 25 04 26 30 000 -1.9990529E+01 -1.8258464E+01 3.8022739E+00
2026 07 25 04 27 00 000 -1.9988210E+01 -1.8256917E+01 3.8109311E+00
2026 07 25 04 27 30 000 -1.9985890E+01 -1.8255363E+01 3.8195892E+00
2026 07 25 04 28 00 000 -1.9983568E+01 -1.8253805E+01 3.8282479E+00
2026 07 25 04 28 30 000 -1.9981245E+01 -1.8252241E+01 3.8369074E+00
2026 07 25 04 29 00 000 -1.9978920E+01 -1.8250671E+01 3.8455675E+00
2026 07 25 04 29 30 000 -1.9976595E+01 -1.8249097E+01 3.8542282E+00
2026 07 25 04 30 00 000 -1.9974267E+01 -1.8247516E+01 3.8628896E+00
2026 07 25 04 30 30 000 -1.9971939E+01 -1.8245931E+01 3.8715515E+00
2026 07 25 04 31 00 000 -1.9969609E+01 -1.8244340E+01 3.8802139E+00
2026 07 25 04 31 30 000 -1.9967278E+01 -1.8242744E+01 3.8888769E+00
2026 07 25 04 32 00 000 -1.9964945E+01 -1.8241143E+01 3.8975403E+00
2026 07 25 04 32 30 000 -1.9962611E+01 -1.8239536E+01 3.9062042E+00
2026 07 25 04 33 00 000 -1.9960276E+01 -1.8237924E+01 3.9148685E+00
2026 07 25 04 33 30 000 -1.9957939E+01 -1.8236306E+01 3.9235332E+00
2026 07 25 04 34 00 000 -1.9955601E+01 -1.8234683E+01 3.9321982E+00
2026 07 25 04 34 30 000 -1.9953262E+01 -1.8233055E+01 3.9408636E+00
2026 07 25 04 35 00 000 -1.9950921E+01 -1.8231422E+01 3.9495292E+00
2026 07 25 04 35 30 000 -1.9948579E+01 -1.8229783E+01 3.9581952E+00
2026 07 25 04 36 00 000 -1.9946236E+01 -1.8228139E+01 3.9668613E+00
2026 07 25 04 36 30 000 -1.9943891E+01 -1.8226490E+01 3.9755277E+00
2026 07 25 04 37 00 000 -1.9941545E+01 -1.8224835E+01 3.9841942E+00
2026 07 25 04 37 30 000 -1.9939197E+01 -1.8223175E+01 3.9928609E+00
2026 07 25 04 38 00 000 -1.9936849E+01 -1.8221510E+01 4.0015277E+00
2026 07 25 04 38 30 000 -1.9934498E+01 -1.8219839E+01 4.0101946E+00
2026 07 25 04 39 00 000 -1.9932147E+01 -1.8218164E+01 4.0188616E+00
2026 07 25 04 39 30 000 -1.9929794E+01 -1.8216482E+01 4.0275285E+00
2026 07 25 04 40 00 000 -1.9927440E+01 -1.8214796E+01 4.0361955E+00
2026 07 25 04 40 30 000 -1.9925084E+01 -1.8213105E+01 4.0448624E+00
2026 07 25 04 41 00 000 -1.9922727E+01 -1.8211408E+01 4.0535292E+00
2026 07 25 04 41 30 000 -1.9920369E+01 -1.8209706E+01 4.0621960E+00
2026 07 25 04 42 00 000 -1.9918009E+01 -1.8207998E+01 4.0708626E+00
2026 07 25 04 42 30 000 -1.9915648E+01 -1.8206286E+01 4.0795290E+00
2026 07 25 04 43 00 000 -1.9913286E+01 -1.8204568E+01 4.0881953E+00
2026 07 25 04 43 30 000 -1.9910922E+01 -1.8202845E+01 4.0968614E+00
2026 07 25 04 44 00 000 -1.9908557E+01 -1.8201116E+01 4.1055272E+00
2026 07 25 04 44 30 000 -1.9906190E+01 -1.8199383E+01 4.1141927E+00
2026 07 25 04 45 00 000 -1.9903822E+01 -1.8197644E+01 4.1228579E+00
2026 07 25 04 45 30 000 -1.9901453E+01 -1.8195900E+01 4.1315227E+00
2026 07 25 04 46 00 000 -1.9899083E+01 -1.8194151E+01 4.1401872E+00
2026 07 25 04 46 30 000 -1.9896711E+01 -1.8192397E+01 4.1488513E+00
2026 07 25 04 47 00 000 -1.9894337E+01 -1.8190637E+01 4.1575150E+00
2026 07 25 04 47 30 000 -1.9891963E+01 -1.8188873E+01 4.1661782E+00
2026 07 25 04 48 00 000 -1.9889587E+01 -1.8187103E+01 4.1748409E+00
2026 07 25 04 48 30 000 -1.9887210E+01 -1.8185328E+01 4.1835031E+00
2026 07 25 04 49 00 000 -1.9884831E+01 -1.8183547E+01 4.1921647E+00
2026 07 25 04 49 30 000 -1.9882451E+01 -1.8181762E+01 4.2008258E+00
2026 07 25 04 50 00 000 -1.9880069E+01 -1.8179971E+01 4.2094862E+00
2026 07 25 04 50 30 000 -1.9877687E+01 -1.8178176E+01 4.2181460E+00
2026 07 25 04 51 00 000 -1.9875302E+01 -1.8176375E+01 4.2268051E+00
2026 07 25 04 51 30 000 -1.9872917E+01 -1.8174569E+01 4.2354635E+00
2026 07 25 04 52 00 000 -1.9870530E+01 -1.8172758E+01 4.2441212E+00
2026 07 25 04 52 30 000 -1.9868142E+01 -1.8170942E+01 4.2527781E+00
2026 07 25 04 53 00 000 -1.9865752E+01 -1.8169120E+01 4.2614342E+00
2026 07 25 04 53 30 000 -1.9863362E+01 -1.8167294E+01 4.2700895E+00
2026 07 25 04 54 00 000 -1.9860969E+01 -1.8165462E+01 4.2787440E+00
2026 07 25 04 54 30 000 -1.9858576E+01 -1.8163625E+01 4.2873975E+00
2026 07 25 04 55 00 000 -1.9856181E+01 -1.8161784E+01 4.2960502E+00
2026 07 25 04 55 30 000 -1.9853784E+01 -1.8159937E+01 4.3047019E+00
2026 07 25 04 56 00 000 -1.9851387E+01 -1.8158085E+01 4.3133526E+00
2026 07 25 04 56 30 000 -1.9848987E+01 -1.8156228E+01 4.3220023E+00
2026 07 25 04 57 00 000 -1.9846587E+01 -1.8154366E+01 4.3306510E+00
2026 07 25 04 57 30 000 -1.9844185E+01 -1.8152499E+01 4.3392986E+00
2026 07 25 04 58 00 000 -1.9841782E+01 -1.8150626E+01 4.3479451E+00
2026 07 25 04 58 30 000 -1.9839378E+01 -1.8148749E+01 4.3565905E+00
2026 07 25 04 59 00 000 -1.9836972E+01 -1.8146867E+01 4.3652348E+00
2026 07 25 04 59 30 000 -1.9834565E+01 -1.8144980E+01 4.3738778E+00
2026 07 25 05 00 00 000 -1.9832156E+01 -1.8143087E+01 4.3825196E+00
2026 07 25 05 00 30 000 -1.9829746E+01 -1.8141190E+01 4.3911602E+00
2026 07 25 05 01 00 000 -1.9827335E+01 -1.8139287E+01 4.3997995E+00
2026 07 25 05 01 30 000 -1.9824922E+01 -1.8137380E+01 4.4084375E+00
2026 07 25 05 02 00 000 -1.9822508E+01 -1.8135468E+01 4.4170742E+00
2026 07 25 05 02 30 000 -1.9820093E+01 -1.8133550E+01 4.4257095E+00
2026 07 25 05 03 00 000 -1.9817676E+01 -1.8131628E+01 4.4343434E+00
2026 07 25 05 03 30 000 -1.9815258E+01 -1.8129701E+01 4.4429759E+00
2026 07 25 05 04 00 000 -1.9812839E+01 -1.8127768E+01 4.4516069E+00
2026 07 25 05 04 30 000 -1.9810418E+01 -1.8125831E+01 4.4602365E+00
2026 07 25 05 05 00 000 -1.9807996E+01 -1.8123889E+01 4.4688645E+00
2026 07 25 05 05 30 000 -1.9805572E+01 -1.8121942E+01 4.4774910E+00
2026 07 25 05 06 00 000 -1.9803147E+01 -1.8119990E+01 4.4861159E+00
2026 07 25 05 06 30 000 -1.9800721E+01 -1.8118033E+01 4.4947392E+00
2026 07 25 05 07 00 000 -1.9798293E+01 -1.8116071E+01 4.5033608E+00
2026 07 25 05 07 30 000 -1.9795864E+01 -1.8114104E+01 4.5119808E+00
2026 07 25 05 08 00 000 -1.9793434E+01 -1.8112132E+01 4.5205992E+00
2026 07 25 05 08 30 000 -1.9791002E+01 -1.8110156E+01 4.5292157E+00
2026 07 25 05 09 00 000 -1.9788569E+01 -1.8108174E+01 4.5378306E+00
2026 07 25 05 09 30 000 -1.9786135E+01 -1.8106188E+01 4.5464436E+00
2026 07 25 05 10 00 000 -1.9783699E+01 -1.8104196E+01 4.5550549E+00
2026 07 25 05 10 30 000 -1.9781262E+01 -1.8102200E+01 4.5636643E+00
2026 07 25 05 11 00 000 -1.9778823E+01 -1.8100199E+01 4.5722718E+00
2026 07 25 05 11 30 000 -1.9776383E+01 -1.8098194E+01 4.5808774E+00
2026 07 25 05 12 00 000 -1.9773942E+01 -1.8096183E+01 4.5894811E+00
2026 07 25 05 12 30 000 -1.9771500E+01 -1.8094167E+01 4.5980828E+00
2026 07 25 05 13 00 000 -1.9769056E+01 -1.8092147E+01 4.6066826E+00
2026 07 25 05 13 30 000 -1.9766610E+01 -1.8090122E+01 4.6152803E+00
2026 07 25 05 14 00 000 -1.9764164E+01 -1.8088092E+01 4.6238759E+00
2026 07 25 05 14 30 000 -1.9761715E+01 -1.8086057E+01 4.6324695E+00
2026 07 25 05 15 00 000 -1.9759266E+01 -1.8084018E+01 4.6410610E+00
2026 07 25 05 15 30 000 -1.9756815E+01 -1.8081973E+01 4.6496503E+00
2026 07 25 05 16 00 000 -1.9754363E+01 -1.8079924E+01 4.6582375E+00
2026 07 25 05 16 30 000 -1.9751910E+01 -1.8077870E+01 4.6668225E+00
2026 07 25 05 17 00 000 -1.9749455E+01 -1.8075812E+01 4.6754052E+00
2026 07 25 05 17 30 000 -1.9746999E+01 -1.8073748E+01 4.6839857E+00
2026 07 25 05 18 00 000 -1.9744541E+01 -1.8071680E+01 4.6925639E+00
2026 07 25 05 18 30 000 -1.9742082E+01 -1.8069608E+01 4.7011398E+00
2026 07 25 05 19 00 000 -1.9739622E+01 -1.8067530E+01 4.7097133E+00
2026 07 25 05 19 30 000 -1.9737160E+01 -1.8065448E+01 4.7182845E+00
2026 07 25 05 20 00 000 -1.9734697E+01 -1.8063361E+01 4.7268532E+00
2026 07 25 05 20 30 000 -1.9732233E+01 -1.8061269E+01 4.7354195E+00
2026 07 25 05 21 00 000 -1.9729767E+01 -1.8059173E+01 4.7439834E+00
2026 07 25 05 21 30 000 -1.9727300E+01 -1.8057072E+01 4.7525448E+00
2026 07 25 05 22 00 000 -1.9724831E+01 -1.8054966E+01 4.7611036E+00
2026 07 25 05 22 30 000 -1.9722361E+01 -1.8052856E+01 4.7696599E+00
2026 07 25 05 23 00 000 -1.9719890E+01 -1.8050741E+01 4.7782136E+00
2026 07 25 05 23 30 000 -1.9717417E+01 -1.8048622E+01 4.7867647E+00
2026 07 25 05 24 00 000 -1.9714944E+01 -1.8046497E+01 4.7953132E+00
2026 07 25 05 24 30 000 -1.9712468E+01 -1.8044369E+01 4.8038590E+00
2026 07 25 05 25 00 000 -1.9709992E+01 -1.8042235E+01 4.8124021E+00
2026 07 25 05 25 30 000 -1.9707513E+01 -1.8040097E+01 4.8209424E+00
2026 07 25 05 26 00 000 -1.9705034E+01 -1.8037955E+01 4.8294800E+00
2026 07 25 05 26 30 000 -1.9702553E+01 -1.8035808E+01 4.8380149E+00
2026 07 25 05 27 00 000 -1.9700071E+01 -1.8033656E+01 4.8465469E+00
2026 07 25 05 27 30 000 -1.9697588E+01 -1.8031500E+01 4.8550761E+00
2026 07 25 05 28 00 000 -1.9695103E+01 -1.8029339E+01 4.8636024E+00
2026 07 25 05 28 30 000 -1.9692617E+01 -1.8027173E+01 4.8721258E+00
2026 07 25 05 29 00 000 -1.9690129E+01 -1.8025004E+01 4.8806462E+00
2026 07 25 05 29 30 000 -1.9687640E+01 -1.8022829E+01 4.8891637E+00
2026 07 25 05 30 00 000 -1.9685150E+01 -1.8020650E+01 4.8976782E+00
2026 07 25 05 30 30 000 -1.9682658E+01 -1.8018467E+01 4.9061897E+00
2026 07 25 05 31 00 000 -1.9680165E+01 -1.8016279E+01 4.9146982E+00
2026 07 25 05 31 30 000 -1.9677670E+01 -1.8014087E+01 4.9232036E+00
2026 07 25 05 32 00 000 -1.9675175E+01 -1.8011890E+01 4.9317059E+00
2026 07 25 05 32 30 000 -1.9672677E+01 -1.8009689E+01 4.9402050E+00
2026 07 25 05 33 00 000 -1.9670179E+01 -1.8007483E+01 4.9487010E+00
2026 07 25 05 33 30 000 -1.9667679E+01 -1.8005273E+01 4.9571938E+00
2026 07 25 05 34 00 000 -1.9665178E+01 -1.8003058E+01 4.9656833E+00
2026 07 25 05 34 30 000 -1.9662675E+01 -1.8000839E+01 4.9741697E+00
2026 07 25 05 35 00 000 -1.9660171E+01 -1.7998616E+01 4.9826527E+00
2026 07 25 05 35 30 000 -1.9657666E+01 -1.7996388E+01 4.9911324E+00
2026 07 25 05 36 00 000 -1.9655159E+01 -1.7994156E+01 4.9996088E+00
2026 07 25 05 36 30 000 -1.9652651E+01 -1.7991920E+01 5.0080819E+00
2026 07 25 05 37 00 000 -1.9650141E+01 -1.7989679E+01 5.0165515E+00
2026 07 25 05 37 30 000 -1.9647631E+01 -1.7987434E+01 5.0250178E+00
2026 07 25 05 38 00 000 -1.9645118E+01 -1.7985184E+01 5.0334805E+00
2026 07 25 05 38 30 000 -1.9642605E+01 -1.7982930E+01 5.0419398E+00
2026 07 25 05 39 00 000 -1.9640090E+01 -1.7980672E+01 5.0503956E+00
2026 07 25 05 39 30 000 -1.9637574E+01 -1.7978410E+01 5.0588479E+00
2026 07 25 05 40 00 000 -1.9635056E+01 -1.7976143E+01 5.0672966E+00
2026 07 25 05 40 30 000 -1.9632537E+01 -1.7973872E+01 5.0757417E+00
2026 07 25 05 41 00 000 -1.9630017E+01 -1.7971596E+01 5.0841832E+00
2026 07 25 05 41 30 000 -1.9627495E+01 -1.7969317E+01 5.0926210E+00
2026 07 25 05 42 00 000 -1.9624972E+01 -1.7967033E+01 5.1010552E+00
2026 07 25 05 42 30 000 -1.9622447E+01 -1.7964745E+01 5.1094856E+00
2026 07 25 05 43 00 000 -1.9619921E+01 -1.7962453E+01 5.1179123E+00
2026 07 25 05 43 30 000 -1.9617394E+01 -1.7960156E+01 5.1263353E+00
2026 07 25 05 44 00 000 -1.9614865E+01 -1.7957856E+01 5.1347545E+00
2026 07 25 05 44 30 000 -1.9612335E+01 -1.7955551E+01 5.1431698E+00
2026 07 25 05 45 00 000 -1.9609804E+01 -1.7953242E+01 5.1515813E+00
2026 07 25 05 45 30 000 -1.9607271E+01 -1.7950928E+01 5.1599889E+00
2026 07 25 05 46 00 000 -1.9604737E+01 -1.7948611E+01 5.1683926E+00
2026 07 25 05 46 30 000 -1.9602202E+01 -1.7946290E+01 5.1767924E+00
2026 07 25 05 47 00 000 -1.9599665E+01 -1.7943964E+01 5.1851883E+00
2026 07 25 05 47 30 000 -1.9597127E+01 -1.7941634E+01 5.1935801E+00
2026 07 25 05 48 00 000 -1.9594587E+01 -1.7939300E+01 5.2019679E+00
2026 07 25 05 48 30 000 -1.9592046E+01 -1.7936962E+01 5.2103517E+00
2026 07 25 05 49 00 000 -1.9589504E+01 -1.7934620E+01 5.2187314E+00
2026 07 25 05 49 30 000 -1.9586960E+01 -1.7932274E+01 5.2271070E+00
2026 07 25 05 50 00 000 -1.9584415E+01 -1.7929924E+01 5.2354785E+00
2026 07 25 05 50 30 000 -1.9581869E+01 -1.7927570E+01 5.2438458E+00
2026 07 25 05 51 00 000 -1.9579321E+01 -1.7925212E+01 5.2522090E+00
2026 07 25 05 51 30 000 -1.9576772E+01 -1.7922849E+01 5.2605679E+00
2026 07 25 05 52 00 000 -1.9574221E+01 -1.7920483E+01 5.2689226E+00
2026 07 25 05 52 30 000 -1.9571670E+01 -1.7918113E+01 5.2772730E+00
2026 07 25 05 53 00 000 -1.9569116E+01 -1.7915738E+01 5.2856191E+00
2026 07 25 05 53 30 000 -1.9566562E+01 -1.7913360E+01 5.2939609E+00
2026 07 25 05 54 00 000 -1.9564006E+01 -1.7910978E+01 5.3022984E+00
2026 07 25 05 54 30 000 -1.9561448E+01 -1.7908592E+01 5.3106314E+00
2026 07 25 05 55 00 000 -1.9558890E+01 -1.7906202E+01 5.3189601E+00
2026 07 25 05 55 30 000 -1.9556329E+01 -1.7903808E+01 5.3272843E+00
2026 07 25 05 56 00 000 -1.9553768E+01 -1.7901410E+01 5.3356041E+00
2026 07 25 05 56 30 000 -1.9551205E+01 -1.7899008E+01 5.3439194E+00
2026 07 25 05 57 00 000 -1.9548641E+01 -1.7896602E+01 5.3522301E+00
2026 07 25 05 57 30 000 -1.9546075E+01 -1.7894193E+01 5.3605364E+00
2026 07 25 05 58 00 000 -1.9543508E+01 -1.7891779E+01 5.3688380E+00
2026 07 25 05 58 30 000 -1.9540940E+01 -1.7889362E+01 5.3771350E+00
2026 07 25 05 59 00 000 -1.9538370E+01 -1.7886941E+01 5.3854275E+00
2026 07 25 05 59 30 000 -1.9535799E+01 -1.7884516E+01 5.3937152E+00
2026 07 25 06 00 00 000 -1.9533227E+01 -1.7882087E+01 5.4019983E+00
2026 07 25 06 00 30 000 -1.9530653E+01 -1.7879655E+01 5.4102767E+00
2026 07 25 06 01 00 000 -1.9528078E+01 -1.7877218E+01 5.4185503E+00
2026 07 25 06 01 30 000 -1.9525501E+01 -1.7874778E+01 5.4268192E+00
2026 07 25 06 02 00 000 -1.9522923E+01 -1.7872334E+01 5.4350833E+00
2026 07 25 06 02 30 000 -1.9520344E+01 -1.7869887E+01 5.4433425E+00
2026 07 25 06 03 00 000 -1.9517763E+01 -1.7867435E+01 5.4515970E+00
2026 07 25 06 03 30 000 -1.9515181E+01 -1.7864980E+01 5.4598465E+00
2026 07 25 06 04 00 000 -1.9512598E+01 -1.7862522E+01 5.4680911E+00
2026 07 25 06 04 30 000 -1.9510013E+01 -1.7860059E+01 5.4763309E+00
2026 07 25 06 05 00 000 -1.9507427E+01 -1.7857593E+01 5.4845656E+00
2026 07 25 06 05 30 000 -1.9504839E+01 -1.7855123E+01 5.4927954E+00
2026 07 25 06 06 00 000 -1.9502250E+01 -1.7852650E+01 5.5010202E+00
2026 07 25 06 06 30 000 -1.9499660E+01 -1.7850173E+01 5.5092399E+00
2026 07 25 06 07 00 000 -1.9497068E+01 -1.7847692E+01 5.5174546E+00
2026 07 25 06 07 30 000 -1.9494475E+01 -1.7845208E+01 5.5256642E+00
2026 07 25 06 08 00 000 -1.9491881E+01 -1.7842720E+01 5.5338687E+00
2026 07 25 06 08 30 000 -1.9489285E+01 -1.7840228E+01 5.5420680E+00
2026 07 25 06 09 00 000 -1.9486688E+01 -1.7837733E+01 5.5502622E+00
2026 07 25 06 09 30 000 -1.9484089E+01 -1.7835235E+01 5.5584511E+00
2026 07 25 06 10 00 000 -1.9481489E+01 -1.7832733E+01 5.5666349E+00
2026 07 25 06 10 30 000 -1.9478888E+01 -1.7830227E+01 5.5748134E+00
2026 07 25 06 11 00 000 -1.9476285E+01 -1.7827718E+01 5.5829866E+00
2026 07 25 06 11 30 000 -1.9473681E+01 -1.7825205E+01 5.5911545E+00
2026 07 25 06 12 00 000 -1.9471076E+01 -1.7822689E+01 5.5993171E+00
2026 07 25 06 12 30 000 -1.9468469E+01 -1.7820169E+01 5.6074743E+00
2026 07 25 06 13 00 000 -1.9465861E+01 -1.7817646E+01 5.6156261E+00
2026 07 25 06 13 30 000 -1.9463252E+01 -1.7815120E+01 5.6237726E+00
2026 07 25 06 14 00 000 -1.9460641E+01 -1.7812590E+01 5.6319136E+00
2026 07 25 06 14 30 000 -1.9458028E+01 -1.7810056E+01 5.6400491E+00
2026 07 25 06 15 00 000 -1.9455415E+01 -1.7807519E+01 5.6481792E+00
2026 07 25 06 15 30 000 -1.9452800E+01 -1.7804979E+01 5.6563037E+00
2026 07 25 06 16 00 000 -1.9450183E+01 -1.7802436E+01 5.6644226E+00
2026 07 25 06 16 30 000 -1.9447566E+01 -1.7799889E+01 5.6725361E+00
2026 07 25 06 17 00 000 -1.9444947E+01 -1.7797339E+01 5.6806439E+00
2026 07 25 06 17 30 000 -1.9442326E+01 -1.7794785E+01 5.6887461E+00
2026 07 25 06 18 00 000 -1.9439704E+01 -1.7792228E+01 5.6968427E+00
2026 07 25 06 18 30 000 -1.9437081E+01 -1.7789668E+01 5.7049336E+00
2026 07 25 06 19 00 000 -1.9434456E+01 -1.7787104E+01 5.7130188E+00
2026 07 25 06 19 30 000 -1.9431830E+01 -1.7784538E+01 5.7210983E+00
2026 07 25 06 20 00 000 -1.9429203E+01 -1.7781968E+01 5.7291720E+00
2026 07 25 06 20 30 000 -1.9426574E+01 -1.7779394E+01 5.7372399E+00
2026 07 25 06 21 00 000 -1.9423944E+01 -1.7776818E+01 5.7453021E+00
2026 07 25 06 21 30 000 -1.9421312E+01 -1.7774238E+01 5.7533584E+00
2026 07 25 06 22 00 000 -1.9418679E+01 -1.7771655E+01 5.7614088E+00
2026 07 25 06 22 30 000 -1.9416045E+01 -1.7769069E+01 5.7694534E+00
2026 07 25 06 23 00 000 -1.9413409E+01 -1.7766480E+01 5.7774921E+00
2026 07 25 06 23 30 000 -1.9410772E+01 -1.7763887E+01 5.7855248E+00
2026 07 25 06 24 00 000 -1.9408134E+01 -1.7761292E+01 5.7935516E+00
2026 07 25 06 24 30 000 -1.9405494E+01 -1.7758693E+01 5.8015724E+00
2026 07 25 06 25 00 000 -1.9402853E+01 -1.7756091E+01 5.8095872E+00
2026 07 25 06 25 30 000 -1.9400210E+01 -1.7753486E+01 5.8175960E+00
2026 07 25 06 26 00 000 -1.9397566E+01 -1.7750878E+01 5.8255987E+00
2026 07 25 06 26 30 000 -1.9394921E+01 -1.7748267E+01 5.8335953E+00
2026 07 25 06 27 00 000 -1.9392274E+01 -1.7745653E+01 5.8415858E+00
2026 07 25 06 27 30 000 -1.9389626E+01 -1.7743036E+01 5.8495701E+00
2026 07 25 06 28 00 000 -1.9386977E+01 -1.7740416E+01 5.8575483E+00
2026 07 25 06 28 30 000 -1.9384326E+01 -1.7737793E+01 5.8655204E+00
2026 07 25 06 29 00 000 -1.9381674E+01 -1.7735166E+01 5.8734862E+00
2026 07 25 06 29 30 000 -1.9379020E+01 -1.7732537E+01 5.8814458E+00
2026 07 25 06 30 00 000 -1.9376365E+01 -1.7729905E+01 5.8893991E+00
2026 07 25 06 30 30 000 -1.9373709E+01 -1.7727270E+01 5.8973461E+00
2026 07 25 06 31 00 000 -1.9371051E+01 -1.7724632E+01 5.9052868E+00
2026 07 25 06 31 30 000 -1.9368392E+01 -1.7721991E+01 5.9132211E+00
2026 07 25 06 32 00 000 -1.9365732E+01 -1.7719347E+01 5.9211491E+00
2026 07 25 06 32 30 000 -1.9363070E+01 -1.7716701E+01 5.9290707E+00
2026 07 25 06 33 00 000 -1.9360407E+01 -1.7714051E+01 5.9369859E+00
2026 07 25 06 33 30 000 -1.9357742E+01 -1.7711399E+01 5.9448947E+00
2026 07 25 06 34 00 000 -1.9355076E+01 -1.7708743E+01 5.9527970E+00
2026 07 25 06 34 30 000 -1.9352408E+01 -1.7706085E+01 5.9606928E+00
2026 07 25 06 35 00 000 -1.9349739E+01 -1.7703424E+01 5.9685821E+00
2026 07 25 06 35 30 000 -1.9347069E+01 -1.7700761E+01 5.9764649E+00
2026 07 25 06 36 00 000 -1.9344398E+01 -1.7698094E+01 5.9843410E+00
2026 07 25 06 36 30 000 -1.9341725E+01 -1.7695425E+01 5.9922106E+00
2026 07 25 06 37 00 000 -1.9339051E+01 -1.7692753E+01 6.0000736E+00
2026 07 25 06 37 30 000 -1.9336375E+01 -1.7690078E+01 6.0079300E+00
2026 07 25 06 38 00 000 -1.9333698E+01 -1.7687401E+01 6.0157796E+00
2026 07 25 06 38 30 000 -1.9331019E+01 -1.7684721E+01 6.0236226E+00
2026 07 25 06 39 00 000 -1.9328340E+01 -1.7682038E+01 6.0314589E+00
2026 07 25 06 39 30 000 -1.9325658E+01 -1.7679353E+01 6.0392885E+00
2026 07 25 06 40 00 000 -1.9322976E+01 -1.7676665E+01 6.0471113E+00
2026 07 25 06 40 30 000 -1.9320292E+01 -1.7673974E+01 6.0549273E+00
2026 07 25 06 41 00 000 -1.9317606E+01 -1.7671280E+01 6.0627365E+00
2026 07 25 06 41 30 000 -1.9314920E+01 -1.7668585E+01 6.0705388E+00
2026 07 25 06 42 00 000 -1.9312232E+01 -1.7665886E+01 6.0783343E+00
2026 07 25 06 42 30 000 -1.9309542E+01 -1.7663185E+01 6.0861229E+00
2026 07 25 06 43 00 000 -1.9306851E+01 -1.7660481E+01 6.0939046E+00
2026 07 25 06 43 30 000 -1.9304159E+01 -1.7657775E+01 6.1016794E+00
2026 07 25 06 44 00 000 -1.9301465E+01 -1.7655066E+01 6.1094472E+00
2026 07 25 06 44 30 000 -1.9298770E+01 -1.7652355E+01 6.1172080E+00
2026 07 25 06 45 00 000 -1.9296074E+01 -1.7649641E+01 6.1249619E+00
2026 07 25 06 45 30 000 -1.9293376E+01 -1.7646925E+01 6.1327087E+00
2026 07 25 06 46 00 000 -1.9290677E+01 -1.7644206E+01 6.1404484E+00
2026 07 25 06 46 30 000 -1.9287977E+01 -1.7641485E+01 6.1481811E+00
2026 07 25 06 47 00 000 -1.9285275E+01 -1.7638762E+01 6.1559067E+00
2026 07 25 06 47 30 000 -1.9282571E+01 -1.7636036E+01 6.1636251E+00
2026 07 25 06 48 00 000 -1.9279867E+01 -1.7633307E+01 6.1713364E+00
2026 07 25 06 48 30 000 -1.9277161E+01 -1.7630577E+01 6.1790405E+00
2026 07 25 06 49 00 000 -1.9274453E+01 -1.7627844E+01 6.1867375E+00
2026 07 25 06 49 30 000 -1.9271744E+01 -1.7625108E+01 6.1944272E+00
2026 07 25 06 50 00 000 -1.9269034E+01 -1.7622370E+01 6.2021097E+00
2026 07 25 06 50 30 000 -1.9266322E+01 -1.7619630E+01 6.2097849E+00
2026 07 25 06 51 00 000 -1.9263610E+01 -1.7616888E+01 6.2174528E+00
2026 07 25 06 51 30 000 -1.9260895E+01 -1.7614143E+01 6.2251134E+00
2026 07 25 06 52 00 000 -1.9258179E+01 -1.7611396E+01 6.2327667E+00
2026 07 25 06 52 30 000 -1.9255462E+01 -1.7608647E+01 6.2404126E+00
2026 07 25 06 53 00 000 -1.9252744E+01 -1.7605896E+01 6.2480511E+00
2026 07 25 06 53 30 000 -1.9250024E+01 -1.7603142E+01 6.2556822E+00
2026 07 25 06 54 00 000 -1.9247302E+01 -1.7600386E+01 6.2633059E+00
2026 07 25 06 54 30 000 -1.9244580E+01 -1.7597629E+01 6.2709221E+00
2026 07 25 06 55 00 000 -1.9241856E+01 -1.7594868E+01 6.2785309E+00
2026 07 25 06 55 30 000 -1.9239130E+01 -1.7592106E+01 6.2861321E+00
2026 07 25 06 56 00 000 -1.9236403E+01 -1.7589342E+01 6.2937259E+00
2026 07 25 06 56 30 000 -1.9233675E+01 -1.7586575E+01 6.3013121E+00
2026 07 25 06 57 00 000 -1.9230945E+01 -1.7583807E+01 6.3088907E+00
2026 07 25 06 57 30 000 -1.9228214E+01 -1.7581036E+01 6.3164617E+00
2026 07 25 06 58 00 000 -1.9225482E+01 -1.7578263E+01 6.3240251E+00
2026 07 25 06 58 30 000 -1.9222748E+01 -1.7575488E+01 6.3315808E+00
2026 07 25 06 59 00 000 -1.9220013E+01 -1.7572712E+01 6.3391289E+00
2026 07 25 06 59 30 000 -1.9217277E+01 -1.7569933E+01 6.3466693E+00
2026 07 25 07 00 00 000 -1.9214539E+01 -1.7567152E+01 6.3542020E+00
2026 07 25 07 00 30 000 -1.9211799E+01 -1.7564369E+01 6.3617270E+00
2026 07 25 07 01 00 000 -1.9209058E+01 -1.7561584E+01 6.3692443E+00
2026 07 25 07 01 30 000 -1.9206316E+01 -1.7558798E+01 6.3767537E+00
2026 07 25 07 02 00 000 -1.9203573E+01 -1.7556009E+01 6.3842553E+00
2026 07 25 07 02 30 000 -1.9200828E+01 -1.7553218E+01 6.3917491E+00
2026 07 25 07 03 00 000 -1.9198082E+01 -1.7550426E+01 6.3992351E+00
2026 07 25 07 03 30 000 -1.9195334E+01 -1.7547632E+01 6.4067132E+00
2026 07 25 07 04 00 000 -1.9192585E+01 -1.7544835E+01 6.4141834E+00
2026 07 25 07 04 30 000 -1.9189835E+01 -1.7542037E+01 6.4216457E+00
2026 07 25 07 05 00 000 -1.9187083E+01 -1.7539238E+01 6.4291001E+00
2026 07 25 07 05 30 000 -1.9184330E+01 -1.7536436E+01 6.4365465E+00
2026 07 25 07 06 00 000 -1.9181575E+01 -1.7533633E+01 6.4439850E+00
2026 07 25 07 06 30 000 -1.9178819E+01 -1.7530827E+01 6.4514154E+00
2026 07 25 07 07 00 000 -1.9176062E+01 -1.7528020E+01 6.4588378E+00
2026 07 25 07 07 30 000 -1.9173303E+01 -1.7525212E+01 6.4662522E+00
2026 07 25 07 08 00 000 -1.9170543E+01 -1.7522401E+01 6.4736585E+00
2026 07 25 07 08 30 000 -1.9167781E+01 -1.7519589E+01 6.4810567E+00
2026 07 25 07 09 00 000 -1.9165019E+01 -1.7516775E+01 6.4884468E+00
2026 07 25 07 09 30 000 -1.9162254E+01 -1.7513960E+01 6.4958287E+00
2026 07 25 07 10 00 000 -1.9159489E+01 -1.7511143E+01 6.5032025E+00
2026 07 25 07 10 30 000 -1.9156722E+01 -1.7508324E+01 6.5105681E+00
2026 07 25 07 11 00 000 -1.9153953E+01 -1.7505504E+01 6.5179256E+00
2026 07 25 07 11 30 000 -1.9151183E+01 -1.7502682E+01 6.5252748E+00
2026 07 25 07 12 00 000 -1.9148412E+01 -1.7499858E+01 6.5326157E+00
2026 07 25 07 12 30 000 -1.9145639E+01 -1.7497033E+01 6.5399484E+00
2026 07 25 07 13 00 000 -1.9142865E+01 -1.7494206E+01 6.5472728E+00
2026 07 25 07 13 30 000 -1.9140090E+01 -1.7491378E+01 6.5545890E+00
2026 07 25 07 14 00 000 -1.9137313E+01 -1.7488548E+01 6.5618967E+00
2026 07 25 07 14 30 000 -1.9134535E+01 -1.7485717E+01 6.5691961E+00
2026 07 25 07 15 00 000 -1.9131756E+01 -1.7482885E+01 6.5764872E+00
2026 07 25 07 15 30 000 -1.9128975E+01 -1.7480050E+01 6.5837698E+00
2026 07 25 07 16 00 000 -1.9126192E+01 -1.7477215E+01 6.5910441E+00
2026 07 25 07 16 30 000 -1.9123408E+01 -1.7474378E+01 6.5983099E+00
2026 07 25 07 17 00 000 -1.9120623E+01 -1.7471539E+01 6.6055672E+00
2026 07 25 07 17 30 000 -1.9117837E+01 -1.7468700E+01 6.6128161E+00
2026 07 25 07 18 00 000 -1.9115049E+01 -1.7465858E+01 6.6200564E+00
2026 07 25 07 18 30 000 -1.9112260E+01 -1.7463016E+01 6.6272883E+00
2026 07 25 07 19 00 000 -1.9109469E+01 -1.7460172E+01 6.6345115E+00
2026 07 25 07 19 30 000 -1.9106677E+01 -1.7457327E+01 6.6417263E+00
2026 07 25 07 20 00 000 -1.9103883E+01 -1.7454480E+01 6.6489324E+00
2026 07 25 07 20 30 000 -1.9101089E+01 -1.7451633E+01 6.6561299E+00
2026 07 25 07 21 00 000 -1.9098292E+01 -1.7448784E+01 6.6633188E+00
2026 07 25 07 21 30 000 -1.9095495E+01 -1.7445933E+01 6.6704991E+00
2026 07 25 07 22 00 000 -1.9092696E+01 -1.7443082E+01 6.6776707E+00
2026 07 25 07 22 30 000 -1.9089895E+01 -1.7440229E+01 6.6848336E+00
2026 07 25 07 23 00 000 -1.9087093E+01 -1.7437375E+01 6.6919878E+00
2026 07 25 07 23 30 000 -1.9084290E+01 -1.7434520E+01 6.6991332E+00
2026 07 25 07 24 00 000 -1.9081486E+01 -1.7431664E+01 6.7062699E+00
2026 07 25 07 24 30 000 -1.9078680E+01 -1.7428807E+01 6.7133978E+00
2026 07 25 07 25 00 000 -1.9075872E+01 -1.7425948E+01 6.7205169E+00
2026 07 25 07 25 30 000 -1.9073063E+01 -1.7423089E+01 6.7276273E+00
2026 07 25 07 26 00 000 -1.9070253E+01 -1.7420228E+01 6.7347287E+00
2026 07 25 07 26 30 000 -1.9067442E+01 -1.7417366E+01 6.7418214E+00
2026 07 25 07 27 00 000 -1.9064629E+01 -1.7414503E+01 6.7489051E+00
2026 07 25 07 27 30 000 -1.9061814E+01 -1.7411639E+01 6.7559800E+00
2026 07 25 07 28 00 000 -1.9058999E+01 -1.7408775E+01 6.7630459E+00
2026 07 25 07 28 30 000 -1.9056181E+01 -1.7405909E+01 6.7701029E+00
2026 07 25 07 29 00 000 -1.9053363E+01 -1.7403042E+01 6.7771509E+00
2026 07 25 07 29 30 000 -1.9050543E+01 -1.7400174E+01 6.7841900E+00
2026 07 25 07 30 00 000 -1.9047721E+01 -1.7397305E+01 6.7912201E+00
2026 07 25 07 30 30 000 -1.9044899E+01 -1.7394436E+01 6.7982411E+00
2026 07 25 07 31 00 000 -1.9042075E+01 -1.7391565E+01 6.8052532E+00
2026 07 25 07 31 30 000 -1.9039249E+01 -1.7388694E+01 6.8122561E+00
2026 07 25 07 32 00 000 -1.9036422E+01 -1.7385821E+01 6.8192500E+00
2026 07 25 07 32 30 000 -1.9033594E+01 -1.7382948E+01 6.8262347E+00
2026 07 25 07 33 00 000 -1.9030764E+01 -1.7380074E+01 6.8332104E+00
2026 07 25 07 33 30 000 -1.9027933E+01 -1.7377199E+01 6.8401769E+00
2026 07 25 07 34 00 000 -1.9025101E+01 -1.7374324E+01 6.8471343E+00
2026 07 25 07 34 30 000 -1.9022267E+01 -1.7371447E+01 6.8540825E+00
2026 07 25 07 35 00 000 -1.9019431E+01 -1.7368570E+01 6.8610215E+00
2026 07 25 07 35 30 000 -1.9016595E+01 -1.7365692E+01 6.8679512E+00
2026 07 25 07 36 00 000 -1.9013756E+01 -1.7362813E+01 6.8748718E+00
2026 07 25 07 36 30 000 -1.9010917E+01 -1.7359934E+01 6.8817830E+00
2026 07 25 07 37 00 000 -1.9008076E+01 -1.7357054E+01 6.8886850E+00
2026 07 25 07 37 30 000 -1.9005234E+01 -1.7354173E+01 6.8955777E+00
2026 07 25 07 38 00 000 -1.9002390E+01 -1.7351292E+01 6.9024611E+00
2026 07 25 07 38 30 000 -1.8999545E+01 -1.7348410E+01 6.9093352E+00
2026 07 25 07 39 00 000 -1.8996699E+01 -1.7345527E+01 6.9161999E+00
2026 07 25 07 39 30 000 -1.8993851E+01 -1.7342644E+01 6.9230552E+00
2026 07 25 07 40 00 000 -1.8991002E+01 -1.7339760E+01 6.9299011E+00
2026 07 25 07 40 30 000 -1.8988151E+01 -1.7336876E+01 6.9367376E+00
2026 07 25 07 41 00 000 -1.8985299E+01 -1.7333991E+01 6.9435647E+00
2026 07 25 07 41 30 000 -1.8982446E+01 -1.7331106E+01 6.9503824E+00
2026 07 25 07 42 00 000 -1.8979591E+01 -1.7328220E+01 6.9571905E+00
2026 07 25 07 42 30 000 -1.8976734E+01 -1.7325333E+01 6.9639892E+00
2026 07 25 07 43 00 000 -1.8973877E+01 -1.7322446E+01 6.9707784E+00
2026 07 25 07 43 30 000 -1.8971018E+01 -1.7319559E+01 6.9775581E+00
2026 07 25 07 44 00 000 -1.8968157E+01 -1.7316671E+01 6.9843282E+00
2026 07 25 07 44 30 000 -1.8965296E+01 -1.7313783E+01 6.9910887E+00
2026 07 25 07 45 00 000 -1.8962432E+01 -1.7310894E+01 6.9978397E+00
2026 07 25 07 45 30 000 -1.8959568E+01 -1.7308006E+01 7.0045810E+00
2026 07 25 07 46 00 000 -1.8956702E+01 -1.7305116E+01 7.0113128E+00
2026 07 25 07 46 30 000 -1.8953834E+01 -1.7302227E+01 7.0180349E+00
2026 07 25 07 47 00 000 -1.8950965E+01 -1.7299336E+01 7.0247474E+00
2026 07 25 07 47 30 000 -1.8948095E+01 -1.7296446E+01 7.0314501E+00
2026 07 25 07 48 00 000 -1.8945224E+01 -1.7293556E+01 7.0381432E+00
2026 07 25 07 48 30 000 -1.8942351E+01 -1.7290665E+01 7.0448266E+00
2026 07 25 07 49 00 000 -1.8939476E+01 -1.7287774E+01 7.0515002E+00
2026 07 25 07 49 30 000 -1.8936600E+01 -1.7284882E+01 7.0581641E+00
2026 07 25 07 50 00 000 -1.8933723E+01 -1.7281991E+01 7.0648182E+00
2026 07 25 07 50 30 000 -1.8930845E+01 -1.7279099E+01 7.0714626E+00
2026 07 25 07 51 00 000 -1.8927965E+01 -1.7276207E+01 7.0780971E+00
2026 07 25 07 51 30 000 -1.8925083E+01 -1.7273315E+01 7.0847218E+00
2026 07 25 07 52 00 000 -1.8922200E+01 -1.7270423E+01 7.0913367E+00
2026 07 25 07 52 30 000 -1.8919316E+01 -1.7267530E+01 7.0979417E+00
2026 07 25 07 53 00 000 -1.8916431E+01 -1.7264638E+01 7.1045368E+00
2026 07 25 07 53 30 000 -1.8913544E+01 -1.7261745E+01 7.1111221E+00
2026 07 25 07 54 00 000 -1.8910655E+01 -1.7258853E+01 7.1176974E+00
2026 07 25 07 54 30 000 -1.8907765E+01 -1.7255960E+01 7.1242628E+00
2026 07 25 07 55 00 000 -1.8904874E+01 -1.7253067E+01 7.1308183E+00
2026 07 25 07 55 30 000 -1.8901982E+01 -1.7250175E+01 7.1373637E+00
2026 07 25 07 56 00 000 -1.8899088E+01 -1.7247282E+01 7.1438992E+00
2026 07 25 07 56 30 000 -1.8896192E+01 -1.7244389E+01 7.1504247E+00
2026 07 25 07 57 00 000 -1.8893295E+01 -1.7241497E+01 7.1569402E+00
2026 07 25 07 57 30 000 -1.8890397E+01 -1.7238604E+01 7.1634457E+00
2026 07 25 07 58 00 000 -1.8887497E+01 -1.7235712E+01 7.1699411E+00
2026 07 25 07 58 30 000 -1.8884596E+01 -1.7232819E+01 7.1764264E+00
2026 07 25 07 59 00 000 -1.8881694E+01 -1.7229927E+01 7.1829016E+00
2026 07 25 07 59 30 000 -1.8878790E+01 -1.7227035E+01 7.1893667E+00
2026 07 25 08 00 00 000 -1.8875885E+01 -1.7224143E+01 7.1958217E+00
2026 07 25 08 00 30 000 -1.8872978E+01 -1.7221251E+01 7.2022666E+00
2026 07 25 08 01 00 000 -1.8870070E+01 -1.7218359E+01 7.2087013E+00
2026 07 25 08 01 30 000 -1.8867161E+01 -1.7215468E+01 7.2151258E+00
2026 07 25 08 02 00 000 -1.8864250E+01 -1.7212577E+01 7.2215402E+00
2026 07 25 08 02 30 000 -1.8861338E+01 -1.7209686E+01 7.2279443E+00
2026 07 25 08 03 00 000 -1.8858424E+01 -1.7206795E+01 7.2343382E+00
2026 07 25 08 03 30 000 -1.8855509E+01 -1.7203905E+01 7.2407219E+00
2026 07 25 08 04 00 000 -1.8852592E+01 -1.7201015E+01 7.2470953E+00
2026 07 25 08 04 30 000 -1.8849674E+01 -1.7198125E+01 7.2534584E+00
2026 07 25 08 05 00 000 -1.8846755E+01 -1.7195235E+01 7.2598113E+00
2026 07 25 08 05 30 000 -1.8843834E+01 -1.7192346E+01 7.2661538E+00
2026 07 25 08 06 00 000 -1.8840912E+01 -1.7189457E+01 7.2724859E+00
2026 07 25 08 06 30 000 -1.8837989E+01 -1.7186569E+01 7.2788078E+00
2026 07 25 08 07 00 000 -1.8835064E+01 -1.7183681E+01 7.2851193E+00
2026 07 25 08 07 30 000 -1.8832138E+01 -1.7180794E+01 7.2914204E+00
2026 07 25 08 08 00 000 -1.8829210E+01 -1.7177907E+01 7.2977111E+00
2026 07 25 08 08 30 000 -1.8826281E+01 -1.7175020E+01 7.3039914E+00
2026 07 25 08 09 00 000 -1.8823350E+01 -1.7172134E+01 7.3102613E+00
2026 07 25 08 09 30 000 -1.8820418E+01 -1.7169248E+01 7.3165207E+00
2026 07 25 08 10 00 000 -1.8817485E+01 -1.7166363E+01 7.3227696E+00
2026 07 25 08 10 30 000 -1.8814550E+01 -1.7163479E+01 7.3290081E+00
2026 07 25 08 11 00 000 -1.8811614E+01 -1.7160595E+01 7.3352361E+00
2026 07 25 08 11 30 000 -1.8808676E+01 -1.7157711E+01 7.3414536E+00
2026 07 25 08 12 00 000 -1.8805737E+01 -1.7154829E+01 7.3476605E+00
2026 07 25 08 12 30 000 -1.8802797E+01 -1.7151946E+01 7.3538569E+00
2026 07 25 08 13 00 000 -1.8799855E+01 -1.7149065E+01 7.3600427E+00
2026 07 25 08 13 30 000 -1.8796912E+01 -1.7146184E+01 7.3662180E+00
2026 07 25 08 14 00 000 -1.8793968E+01 -1.7143304E+01 7.3723827E+00
2026 07 25 08 14 30 000 -1.8791022E+01 -1.7140424E+01 7.3785367E+00
2026 07 25 08 15 00 000 -1.8788074E+01 -1.7137545E+01 7.3846802E+00
2026 07 25 08 15 30 000 -1.8785125E+01 -1.7134667E+01 7.3908130E+00
2026 07 25 08 16 00 000 -1.8782175E+01 -1.7131790E+01 7.3969351E+00
2026 07 25 08 16 30 000 -1.8779224E+01 -1.7128913E+01 7.4030466E+00
2026 07 25 08 17 00 000 -1.8776271E+01 -1.7126038E+01 7.4091474E+00
2026 07 25 08 17 30 000 -1.8773316E+01 -1.7123163E+01 7.4152374E+00
2026 07 25 08 18 00 000 -1.8770360E+01 -1.7120288E+01 7.4213168E+00
2026 07 25 08 18 30 000 -1.8767403E+01 -1.7117415E+01 7.4273854E+00
2026 07 25 08 19 00 000 -1.8764444E+01 -1.7114542E+01 7.4334433E+00
2026 07 25 08 19 30 000 -1.8761484E+01 -1.7111671E+01 7.4394904E+00
2026 07 25 08 20 00 000 -1.8758523E+01 -1.7108800E+01 7.4455268E+00
2026 07 25 08 20 30 000 -1.8755560E+01 -1.7105930E+01 7.4515523E+00
2026 07 25 08 21 00 000 -1.8752596E+01 -1.7103061E+01 7.4575670E+00
2026 07 25 08 21 30 000 -1.8749630E+01 -1.7100193E+01 7.4635709E+00
2026 07 25 08 22 00 000 -1.8746663E+01 -1.7097326E+01 7.4695639E+00
2026 07 25 08 22 30 000 -1.8743695E+01 -1.7094460E+01 7.4755461E+00
2026 07 25 08 23 00 000 -1.8740725E+01 -1.7091595E+01 7.4815174E+00
2026 07 25 08 23 30 000 -1.8737753E+01 -1.7088731E+01 7.4874778E+00
2026 07 25 08 24 00 000 -1.8734781E+01 -1.7085868E+01 7.4934274E+00
2026 07 25 08 24 30 000 -1.8731806E+01 -1.7083006E+01 7.4993660E+00
2026 07 25 08 25 00 000 -1.8728831E+01 -1.7080145E+01 7.5052937E+00
2026 07 25 08 25 30 000 -1.8725854E+01 -1.7077286E+01 7.5112104E+00
2026 07 25 08 26 00 000 -1.8722876E+01 -1.7074427E+01 7.5171161E+00
2026 07 25 08 26 30 000 -1.8719896E+01 -1.7071569E+01 7.5230109E+00
2026 07 25 08 27 00 000 -1.8716915E+01 -1.7068713E+01 7.5288947E+00
2026 07 25 08 27 30 000 -1.8713932E+01 -1.7065858E+01 7.5347674E+00
2026 07 25 08 28 00 000 -1.8710948E+01 -1.7063004E+01 7.5406292E+00
2026 07 25 08 28 30 000 -1.8707962E+01 -1.7060151E+01 7.5464799E+00
2026 07 25 08 29 00 000 -1.8704976E+01 -1.7057299E+01 7.5523195E+00
2026 07 25 08 29 30 000 -1.8701987E+01 -1.7054449E+01 7.5581481E+00
2026 07 25 08 30 00 000 -1.8698998E+01 -1.7051600E+01 7.5639656E+00
2026 07 25 08 30 30 000 -1.8696007E+01 -1.7048752E+01 7.5697720E+00
2026 07 25 08 31 00 000 -1.8693014E+01 -1.7045905E+01 7.5755673E+00
2026 07 25 08 31 30 000 -1.8690020E+01 -1.7043060E+01 7.5813515E+00
2026 07 25 08 32 00 000 -1.8687025E+01 -1.7040216E+01 7.5871245E+00
2026 07 25 08 32 30 000 -1.8684028E+01 -1.7037373E+01 7.5928864E+00
2026 07 25 08 33 00 000 -1.8681030E+01 -1.7034532E+01 7.5986371E+00
2026 07 25 08 33 30 000 -1.8678031E+01 -1.7031692E+01 7.6043767E+00
2026 07 25 08 34 00 000 -1.8675030E+01 -1.7028854E+01 7.6101050E+00
2026 07 25 08 34 30 000 -1.8672027E+01 -1.7026017E+01 7.6158221E+00
2026 07 25 08 35 00 000 -1.8669023E+01 -1.7023181E+01 7.6215280E+00
2026 07 25 08 35 30 000 -1.8666018E+01 -1.7020347E+01 7.6272226E+00
2026 07 25 08 36 00 000 -1.8663012E+01 -1.7017514E+01 7.6329060E+00
2026 07 25 08 36 30 000 -1.8660004E+01 -1.7014683E+01 7.6385781E+00
2026 07 25 08 37 00 000 -1.8656994E+01 -1.7011854E+01 7.6442390E+00
2026 07 25 08 37 30 000 -1.8653983E+01 -1.7009025E+01 7.6498885E+00
2026 07 25 08 38 00 000 -1.8650971E+01 -1.7006199E+01 7.6555267E+00
2026 07 25 08 38 30 000 -1.8647957E+01 -1.7003374E+01 7.6611536E+00
2026 07 25 08 39 00 000 -1.8644942E+01 -1.7000550E+01 7.6667692E+00
2026 07 25 08 39 30 000 -1.8641926E+01 -1.6997728E+01 7.6723734E+00
2026 07 25 08 40 00 000 -1.8638908E+01 -1.6994908E+01 7.6779663E+00
2026 07 25 08 40 30 000 -1.8635888E+01 -1.6992089E+01 7.6835478E+00
2026 07 25 08 41 00 000 -1.8632868E+01 -1.6989273E+01 7.6891179E+00
2026 07 25 08 41 30 000 -1.8629846E+01 -1.6986457E+01 7.6946765E+00
2026 07 25 08 42 00 000 -1.8626822E+01 -1.6983644E+01 7.7002238E+00
2026 07 25 08 42 30 000 -1.8623797E+01 -1.6980832E+01 7.7057596E+00
2026 07 25 08 43 00 000 -1.8620770E+01 -1.6978021E+01 7.7112840E+00
2026 07 25 08 43 30 000 -1.8617743E+01 -1.6975213E+01 7.7167969E+00
2026 07 25 08 44 00 000 -1.8614713E+01 -1.6972406E+01 7.7222984E+00
2026 07 25 08 44 30 000 -1.8611683E+01 -1.6969601E+01 7.7277883E+00
2026 07 25 08 45 00 000 -1.8608651E+01 -1.6966798E+01 7.7332668E+00
2026 07 25 08 45 30 000 -1.8605617E+01 -1.6963997E+01 7.7387337E+00
2026 07 25 08 46 00 000 -1.8602582E+01 -1.6961197E+01 7.7441892E+00
2026 07 25 08 46 30 000 -1.8599546E+01 -1.6958400E+01 7.7496331E+00
2026 07 25 08 47 00 000 -1.8596508E+01 -1.6955604E+01 7.7550654E+00
2026 07 25 08 47 30 000 -1.8593469E+01 -1.6952810E+01 7.7604861E+00
2026 07 25 08 48 00 000 -1.8590428E+01 -1.6950018E+01 7.7658953E+00
2026 07 25 08 48 30 000 -1.8587386E+01 -1.6947228E+01 7.7712929E+00
2026 07 25 08 49 00 000 -1.8584343E+01 -1.6944440E+01 7.7766789E+00
2026 07 25 08 49 30 000 -1.8581298E+01 -1.6941653E+01 7.7820533E+00
2026 07 25 08 50 00 000 -1.8578252E+01 -1.6938869E+01 7.7874160E+00
2026 07 25 08 50 30 000 -1.8575204E+01 -1.6936087E+01 7.7927671E+00
2026 07 25 08 51 00 000 -1.8572155E+01 -1.6933307E+01 7.7981066E+00
2026 07 25 08 51 30 000 -1.8569104E+01 -1.6930528E+01 7.8034344E+00
2026 07 25 08 52 00 000 -1.8566053E+01 -1.6927752E+01 7.8087505E+00
2026 07 25 08 52 30 000 -1.8562999E+01 -1.6924978E+01 7.8140549E+00
2026 07 25 08 53 00 000 -1.8559944E+01 -1.6922206E+01 7.8193476E+00
2026 07 25 08 53 30 000 -1.8556888E+01 -1.6919436E+01 7.8246285E+00
2026 07 25 08 54 00 000 -1.8553831E+01 -1.6916668E+01 7.8298978E+00
2026 07 25 08 54 30 000 -1.8550772E+01 -1.6913903E+01 7.8351553E+00
2026 07 25 08 55 00 000 -1.8547711E+01 -1.6911139E+01 7.8404010E+00
2026 07 25 08 55 30 000 -1.8544649E+01 -1.6908378E+01 7.8456350E+00
2026 07 25 08 56 00 000 -1.8541586E+01 -1.6905618E+01 7.8508572E+00
2026 07 25 08 56 30 000 -1.8538521E+01 -1.6902861E+01 7.8560676E+00
2026 07 25 08 57 00 000 -1.8535455E+01 -1.6900106E+01 7.8612662E+00
2026 07 25 08 57 30 000 -1.8532388E+01 -1.6897354E+01 7.8664530E+00
2026 07 25 08 58 00 000 -1.8529319E+01 -1.6894603E+01 7.8716280E+00
2026 07 25 08 58 30 000 -1.8526248E+01 -1.6891855E+01 7.8767911E+00
2026 07 25 08 59 00 000 -1.8523176E+01 -1.6889110E+01 7.8819424E+00
2026 07 25 08 59 30 000 -1.8520103E+01 -1.6886366E+01 7.8870818E+00
2026 07 25 09 00 00 000 -1.8517028E+01 -1.6883625E+01 7.8922093E+00
2026 07 25 09 00 30 000 -1.8513952E+01 -1.6880886E+01 7.8973249E+00
2026 07 25 09 01 00 000 -1.8510875E+01 -1.6878150E+01 7.9024287E+00
2026 07 25 09 01 30 000 -1.8507796E+01 -1.6875415E+01 7.9075205E+00
2026 07 25 09 02 00 000 -1.8504716E+01 -1.6872684E+01 7.9126004E+00
2026 07 25 09 02 30 000 -1.8501634E+01 -1.6869954E+01 7.9176683E+00
2026 07 25 09 03 00 000 -1.8498551E+01 -1.6867227E+01 7.9227244E+00
2026 07 25 09 03 30 000 -1.8495466E+01 -1.6864503E+01 7.9277684E+00
2026 07 25 09 04 00 000 -1.8492380E+01 -1.6861781E+01 7.9328005E+00
2026 07 25 09 04 30 000 -1.8489292E+01 -1.6859061E+01 7.9378206E+00
2026 07 25 09 05 00 000 -1.8486204E+01 -1.6856344E+01 7.9428287E+00
2026 07 25 09 05 30 000 -1.8483113E+01 -1.6853630E+01 7.9478248E+00
2026 07 25 09 06 00 000 -1.8480022E+01 -1.6850918E+01 7.9528089E+00
2026 07 25 09 06 30 000 -1.8476928E+01 -1.6848208E+01 7.9577809E+00
2026 07 25 09 07 00 000 -1.8473834E+01 -1.6845501E+01 7.9627410E+00
2026 07 25 09 07 30 000 -1.8470738E+01 -1.6842797E+01 7.9676889E+00
2026 07 25 09 08 00 000 -1.8467640E+01 -1.6840095E+01 7.9726248E+00
2026 07 25 09 08 30 000 -1.8464542E+01 -1.6837396E+01 7.9775487E+00
2026 07 25 09 09 00 000 -1.8461441E+01 -1.6834699E+01 7.9824604E+00
2026 07 25 09 09 30 000 -1.8458340E+01 -1.6832006E+01 7.9873601E+00
2026 07 25 09 10 00 000 -1.8455236E+01 -1.6829314E+01 7.9922476E+00
2026 07 25 09 10 30 000 -1.8452132E+01 -1.6826626E+01 7.9971231E+00
2026 07 25 09 11 00 000 -1.8449026E+01 -1.6823940E+01 8.0019864E+00
2026 07 25 09 11 30 000 -1.8445919E+01 -1.6821257E+01 8.0068375E+00
2026 07 25 09 12 00 000 -1.8442810E+01 -1.6818576E+01 8.0116765E+00
2026 07 25 09 12 30 000 -1.8439699E+01 -1.6815898E+01 8.0165034E+00
2026 07 25 09 13 00 000 -1.8436588E+01 -1.6813224E+01 8.0213181E+00
2026 07 25 09 13 30 000 -1.8433475E+01 -1.6810551E+01 8.0261206E+00
2026 07 25 09 14 00 000 -1.8430360E+01 -1.6807882E+01 8.0309109E+00
2026 07 25 09 14 30 000 -1.8427244E+01 -1.6805215E+01 8.0356890E+00
2026 07 25 09 15 00 000 -1.8424127E+01 -1.6802552E+01 8.0404549E+00
2026 07 25 09 15 30 000 -1.8421008E+01 -1.6799891E+01 8.0452085E+00
2026 07 25 09 16 00 000 -1.8417888E+01 -1.6797233E+01 8.0499500E+00
2026 07 25 09 16 30 000 -1.8414766E+01 -1.6794577E+01 8.0546791E+00
2026 07 25 09 17 00 000 -1.8411643E+01 -1.6791925E+01 8.0593961E+00
2026 07 25 09 17 30 000 -1.8408518E+01 -1.6789276E+01 8.0641007E+00
2026 07 25 09 18 00 000 -1.8405392E+01 -1.6786629E+01 8.0687931E+00
2026 07 25 09 18 30 000 -1.8402265E+01 -1.6783986E+01 8.0734732E+00
2026 07 25 09 19 00 000 -1.8399136E+01 -1.6781345E+01 8.0781410E+00
2026 07 25 09 19 30 000 -1.8396006E+01 -1.6778708E+01 8.0827965E+00
2026 07 25 09 20 00 000 -1.8392874E+01 -1.6776073E+01 8.0874396E+00
2026 07 25 09 20 30 000 -1.8389741E+01 -1.6773441E+01 8.0920705E+00
2026 07 25 09 21 00 000 -1.8386607E+01 -1.6770813E+01 8.0966890E+00
2026 07 25 09 21 30 000 -1.8383471E+01 -1.6768187E+01 8.1012951E+00
2026 07 25 09 22 00 000 -1.8380333E+01 -1.6765565E+01 8.1058889E+00
2026 07 25 09 22 30 000 -1.8377195E+01 -1.6762945E+01 8.1104703E+00
2026 07 25 09 23 00 000 -1.8374054E+01 -1.6760329E+01 8.1150394E+00
2026 07 25 09 23 30 000 -1.8370913E+01 -1.6757716E+01 8.1195960E+00
2026 07 25 09 24 00 000 -1.8367770E+01 -1.6755105E+01 8.1241403E+00
2026 07 25 09 24 30 000 -1.8364625E+01 -1.6752498E+01 8.1286722E+00
2026 07 25 09 25 00 000 -1.8361479E+01 -1.6749895E+01 8.1331916E+00
2026 07 25 09 25 30 000 -1.8358332E+01 -1.6747294E+01 8.1376986E+00
2026 07 25 09 26 00 000 -1.8355183E+01 -1.6744696E+01 8.1421931E+00
2026 07 25 09 26 30 000 -1.8352033E+01 -1.6742102E+01 8.1466753E+00
2026 07 25 09 27 00 000 -1.8348881E+01 -1.6739511E+01 8.1511449E+00
2026 07 25 09 27 30 000 -1.8345728E+01 -1.6736923E+01 8.1556021E+00
2026 07 25 09 28 00 000 -1.8342573E+01 -1.6734339E+01 8.1600468E+00
2026 07 25 09 28 30 000 -1.8339417E+01 -1.6731757E+01 8.1644791E+00
2026 07 25 09 29 00 000 -1.8336260E+01 -1.6729179E+01 8.1688988E+00
2026 07 25 09 29 30 000 -1.8333101E+01 -1.6726604E+01 8.1733060E+00
2026 07 25 09 30 00 000 -1.8329941E+01 -1.6724033E+01 8.1777008E+00
2026 07 25 09 30 30 000 -1.8326779E+01 -1.6721465E+01 8.1820830E+00
2026 07 25 09 31 00 000 -1.8323616E+01 -1.6718900E+01 8.1864526E+00
2026 07 25 09 31 30 000 -1.8320451E+01 -1.6716338E+01 8.1908097E+00
2026 07 25 09 32 00 000 -1.8317285E+01 -1.6713780E+01 8.1951543E+00
2026 07 25 09 32 30 000 -1.8314118E+01 -1.6711226E+01 8.1994863E+00
2026 07 25 09 33 00 000 -1.8310949E+01 -1.6708674E+01 8.2038058E+00
2026 07 25 09 33 30 000 -1.8307779E+01 -1.6706126E+01 8.2081126E+00
2026 07 25 09 34 00 000 -1.8304607E+01 -1.6703582E+01 8.2124069E+00
2026 07 25 09 34 30 000 -1.8301434E+01 -1.6701041E+01 8.2166886E+00
2026 07 25 09 35 00 000 -1.8298259E+01 -1.6698503E+01 8.2209576E+00
2026 07 25 09 35 30 000 -1.8295083E+01 -1.6695969E+01 8.2252141E+00
2026 07 25 09 36 00 000 -1.8291906E+01 -1.6693439E+01 8.2294579E+00
2026 07 25 09 36 30 000 -1.8288727E+01 -1.6690911E+01 8.2336892E+00
2026 07 25 09 37 00 000 -1.8285547E+01 -1.6688388E+01 8.2379077E+00
2026 07 25 09 37 30 000 -1.8282365E+01 -1.6685868E+01 8.2421136E+00
2026 07 25 09 38 00 000 -1.8279182E+01 -1.6683351E+01 8.2463069E+00
2026 07 25 09 38 30 000 -1.8275997E+01 -1.6680838E+01 8.2504875E+00
2026 07 25 09 39 00 000 -1.8272811E+01 -1.6678329E+01 8.2546554E+00
2026 07 25 09 39 30 000 -1.8269624E+01 -1.6675823E+01 8.2588106E+00
2026 07 25 09 40 00 000 -1.8266435E+01 -1.6673321E+01 8.2629532E+00
2026 07 25 09 40 30 000 -1.8263244E+01 -1.6670823E+01 8.2670830E+00
2026 07 25 09 41 00 000 -1.8260052E+01 -1.6668328E+01 8.2712001E+00
2026 07 25 09 41 30 000 -1.8256859E+01 -1.6665837E+01 8.2753046E+00
2026 07 25 09 42 00 000 -1.8253665E+01 -1.6663349E+01 8.2793962E+00
2026 07 25 09 42 30 000 -1.8250468E+01 -1.6660865E+01 8.2834752E+00
2026 07 25 09 43 00 000 -1.8247271E+01 -1.6658385E+01 8.2875414E+00
2026 07 25 09 43 30 000 -1.8244072E+01 -1.6655909E+01 8.2915949E+00
2026 07 25 09 44 00 000 -1.8240871E+01 -1.6653436E+01 8.2956356E+00
2026 07 25 09 44 30 000 -1.8237670E+01 -1.6650967E+01 8.2996635E+00
2026 07 25 09 45 00 000 -1.8234466E+01 -1.6648502E+01 8.3036786E+00
2026 07 25 09 45 30 000 -1.8231261E+01 -1.6646041E+01 8.3076810E+00
2026 07 25 09 46 00 000 -1.8228055E+01 -1.6643583E+01 8.3116706E+00
2026 07 25 09 46 30 000 -1.8224848E+01 -1.6641129E+01 8.3156474E+00
2026 07 25 09 47 00 000 -1.8221639E+01 -1.6638680E+01 8.3196113E+00
2026 07 25 09 47 30 000 -1.8218428E+01 -1.6636233E+01 8.3235625E+00
2026 07 25 09 48 00 000 -1.8215216E+01 -1.6633791E+01 8.3275008E+00
2026 07 25 09 48 30 000 -1.8212003E+01 -1.6631353E+01 8.3314263E+00
2026 07 25 09 49 00 000 -1.8208788E+01 -1.6628918E+01 8.3353390E+00
2026 07 25 09 49 30 000 -1.8205572E+01 -1.6626487E+01 8.3392388E+00
2026 07 25 09 50 00 000 -1.8202354E+01 -1.6624061E+01 8.3431258E+00
2026 07 25 09 50 30 000 -1.8199135E+01 -1.6621638E+01 8.3469999E+00
2026 07 25 09 51 00 000 -1.8195914E+01 -1.6619219E+01 8.3508611E+00
2026 07 25 09 51 30 000 -1.8192692E+01 -1.6616804E+01 8.3547095E+00
2026 07 25 09 52 00 000 -1.8189469E+01 -1.6614393E+01 8.3585449E+00
2026 07 25 09 52 30 000 -1.8186244E+01 -1.6611986E+01 8.3623675E+00
2026 07 25 09 53 00 000 -1.8183018E+01 -1.6609583E+01 8.3661772E+00
2026 07 25 09 53 30 000 -1.8179790E+01 -1.6607184E+01 8.3699740E+00
2026 07 25 09 54 00 000 -1.8176561E+01 -1.6604789E+01 8.3737578E+00
2026 07 25 09 54 30 000 -1.8173330E+01 -1.6602398E+01 8.3775288E+00
2026 07 25 09 55 00 000 -1.8170098E+01 -1.6600011E+01 8.3812868E+00
2026 07 25 09 55 30 000 -1.8166865E+01 -1.6597628E+01 8.3850318E+00
2026 07 25 09 56 00 000 -1.8163630E+01 -1.6595250E+01 8.3887640E+00
2026 07 25 09 56 30 000 -1.8160393E+01 -1.6592875E+01 8.3924831E+00
2026 07 25 09 57 00 000 -1.8157155E+01 -1.6590504E+01 8.3961893E+00
2026 07 25 09 57 30 000 -1.8153916E+01 -1.6588138E+01 8.3998826E+00
2026 07 25 09 58 00 000 -1.8150675E+01 -1.6585776E+01 8.4035629E+00
2026 07 25 09 58 30 000 -1.8147433E+01 -1.6583418E+01 8.4072302E+00
2026 07 25 09 59 00 000 -1.8144189E+01 -1.6581063E+01 8.4108845E+00
2026 07 25 09 59 30 000 -1.8140944E+01 -1.6578714E+01 8.4145258E+00
2026 07 25 10 00 00 000 -1.8137698E+01 -1.6576368E+01 8.4181541E+00
2026 07 25 10 00 30 000 -1.8134450E+01 -1.6574026E+01 8.4217694E+00
2026 07 25 10 01 00 000 -1.8131200E+01 -1.6571689E+01 8.4253717E+00
2026 07 25 10 01 30 000 -1.8127950E+01 -1.6569356E+01 8.4289610E+00
2026 07 25 10 02 00 000 -1.8124697E+01 -1.6567027E+01 8.4325372E+00
2026 07 25 10 02 30 000 -1.8121444E+01 -1.6564703E+01 8.4361004E+00
2026 07 25 10 03 00 000 -1.8118188E+01 -1.6562383E+01 8.4396506E+00
2026 07 25 10 03 30 000 -1.8114932E+01 -1.6560067E+01 8.4431877E+00
2026 07 25 10 04 00 000 -1.8111674E+01 -1.6557755E+01 8.4467118E+00
2026 07 25 10 04 30 000 -1.8108414E+01 -1.6555447E+01 8.4502228E+00
2026 07 25 10 05 00 000 -1.8105153E+01 -1.6553144E+01 8.4537207E+00
2026 07 25 10 05 30 000 -1.8101891E+01 -1.6550846E+01 8.4572056E+00
2026 07 25 10 06 00 000 -1.8098627E+01 -1.6548551E+01 8.4606774E+00
2026 07 25 10 06 30 000 -1.8095362E+01 -1.6546261E+01 8.4641361E+00
2026 07 25 10 07 00 000 -1.8092095E+01 -1.6543975E+01 8.4675817E+00
2026 07 25 10 07 30 000 -1.8088827E+01 -1.6541694E+01 8.4710142E+00
2026 07 25 10 08 00 000 -1.8085557E+01 -1.6539417E+01 8.4744336E+00
2026 07 25 10 08 30 000 -1.8082286E+01 -1.6537145E+01 8.4778399E+00
2026 07 25 10 09 00 000 -1.8079014E+01 -1.6534877E+01 8.4812331E+00
2026 07 25 10 09 30 000 -1.8075740E+01 -1.6532613E+01 8.4846131E+00
2026 07 25 10 10 00 000 -1.8072464E+01 -1.6530354E+01 8.4879800E+00
2026 07 25 10 10 30 000 -1.8069188E+01 -1.6528099E+01 8.4913338E+00
2026 07 25 10 11 00 000 -1.8065909E+01 -1.6525849E+01 8.4946744E+00
2026 07 25 10 11 30 000 -1.8062629E+01 -1.6523603E+01 8.4980019E+00
2026 07 25 10 12 00 000 -1.8059348E+01 -1.6521362E+01 8.5013163E+00
2026 07 25 10 12 30 000 -1.8056066E+01 -1.6519125E+01 8.5046174E+00
2026 07 25 10 13 00 000 -1.8052782E+01 -1.6516893E+01 8.5079055E+00
2026 07 25 10 13 30 000 -1.8049496E+01 -1.6514665E+01 8.5111803E+00
2026 07 25 10 14 00 000 -1.8046209E+01 -1.6512442E+01 8.5144419E+00
2026 07 25 10 14 30 000 -1.8042921E+01 -1.6510223E+01 8.5176904E+00
2026 07 25 10 15 00 000 -1.8039631E+01 -1.6508009E+01 8.5209257E+00
2026 07 25 10 15 30 000 -1.8036339E+01 -1.6505800E+01 8.5241478E+00
2026 07 25 10 16 00 000 -1.8033047E+01 -1.6503595E+01 8.5273567E+00
2026 07 25 10 16 30 000 -1.8029752E+01 -1.6501395E+01 8.5305524E+00
2026 07 25 10 17 00 000 -1.8026457E+01 -1.6499199E+01 8.5337348E+00
2026 07 25 10 17 30 000 -1.8023160E+01 -1.6497008E+01 8.5369041E+00
2026 07 25 10 18 00 000 -1.8019861E+01 -1.6494822E+01 8.5400601E+00
2026 07 25 10 18 30 000 -1.8016561E+01 -1.6492640E+01 8.5432029E+00
2026 07 25 10 19 00 000 -1.8013259E+01 -1.6490463E+01 8.5463325E+00
2026 07 25 10 19 30 000 -1.8009957E+01 -1.6488290E+01 8.5494488E+00
2026 07 25 10 20 00 000 -1.8006652E+01 -1.6486123E+01 8.5525519E+00
2026 07 25 10 20 30 000 -1.8003346E+01 -1.6483960E+01 8.5556417E+00
2026 07 25 10 21 00 000 -1.8000039E+01 -1.6481802E+01 8.5587183E+00
2026 07 25 10 21 30 000 -1.7996730E+01 -1.6479648E+01 8.5617816E+00
2026 07 25 10 22 00 000 -1.7993420E+01 -1.6477499E+01 8.5648317E+00
2026 07 25 10 22 30 000 -1.7990109E+01 -1.6475355E+01 8.5678684E+00
2026 07 25 10 23 00 000 -1.7986795E+01 -1.6473216E+01 8.5708919E+00
2026 07 25 10 23 30 000 -1.7983481E+01 -1.6471081E+01 8.5739022E+00
2026 07 25 10 24 00 000 -1.7980165E+01 -1.6468952E+01 8.5768991E+00
2026 07 25 10 24 30 000 -1.7976847E+01 -1.6466827E+01 8.5798828E+00
2026 07 25 10 25 00 000 -1.7973529E+01 -1.6464707E+01 8.5828531E+00
2026 07 25 10 25 30 000 -1.7970208E+01 -1.6462591E+01 8.5858102E+00
2026 07 25 10 26 00 000 -1.7966886E+01 -1.6460481E+01 8.5887539E+00
2026 07 25 10 26 30 000 -1.7963563E+01 -1.6458375E+01 8.5916843E+00
2026 07 25 10 27 00 000 -1.7960238E+01 -1.6456275E+01 8.5946014E+00
2026 07 25 10 27 30 000 -1.7956912E+01 -1.6454179E+01 8.5975052E+00
2026 07 25 10 28 00 000 -1.7953585E+01 -1.6452088E+01 8.6003957E+00
2026 07 25 10 28 30 000 -1.7950256E+01 -1.6450001E+01 8.6032729E+00
2026 07 25 10 29 00 000 -1.7946925E+01 -1.6447920E+01 8.6061367E+00
2026 07 25 10 29 30 000 -1.7943593E+01 -1.6445844E+01 8.6089872E+00
2026 07 25 10 30 00 000 -1.7940260E+01 -1.6443772E+01 8.6118243E+00
2026 07 25 10 30 30 000 -1.7936925E+01 -1.6441706E+01 8.6146481E+00
2026 07 25 10 31 00 000 -1.7933588E+01 -1.6439644E+01 8.6174585E+00
2026 07 25 10 31 30 000 -1.7930251E+01 -1.6437588E+01 8.6202556E+00
2026 07 25 10 32 00 000 -1.7926911E+01 -1.6435536E+01 8.6230393E+00
2026 07 25 10 32 30 000 -1.7923571E+01 -1.6433489E+01 8.6258097E+00
2026 07 25 10 33 00 000 -1.7920228E+01 -1.6431448E+01 8.6285666E+00
2026 07 25 10 33 30 000 -1.7916885E+01 -1.6429411E+01 8.6313102E+00
2026 07 25 10 34 00 000 -1.7913540E+01 -1.6427379E+01 8.6340405E+00
2026 07 25 10 34 30 000 -1.7910193E+01 -1.6425352E+01 8.6367573E+00
2026 07 25 10 35 00 000 -1.7906845E+01 -1.6423331E+01 8.6394608E+00
2026 07 25 10 35 30 000 -1.7903496E+01 -1.6421314E+01 8.6421509E+00
2026 07 25 10 36 00 000 -1.7900145E+01 -1.6419302E+01 8.6448275E+00
2026 07 25 10 36 30 000 -1.7896793E+01 -1.6417296E+01 8.6474908E+00
2026 07 25 10 37 00 000 -1.7893439E+01 -1.6415294E+01 8.6501407E+00
2026 07 25 10 37 30 000 -1.7890083E+01 -1.6413298E+01 8.6527772E+00
2026 07 25 10 38 00 000 -1.7886727E+01 -1.6411307E+01 8.6554002E+00
2026 07 25 10 38 30 000 -1.7883368E+01 -1.6409320E+01 8.6580099E+00
2026 07 25 10 39 00 000 -1.7880009E+01 -1.6407339E+01 8.6606061E+00
2026 07 25 10 39 30 000 -1.7876648E+01 -1.6405363E+01 8.6631889E+00
2026 07 25 10 40 00 000 -1.7873285E+01 -1.6403392E+01 8.6657583E+00
2026 07 25 10 40 30 000 -1.7869921E+01 -1.6401427E+01 8.6683143E+00
2026 07 25 10 41 00 000 -1.7866556E+01 -1.6399466E+01 8.6708568E+00
2026 07 25 10 41 30 000 -1.7863189E+01 -1.6397510E+01 8.6733859E+00
2026 07 25 10 42 00 000 -1.7859820E+01 -1.6395560E+01 8.6759015E+00
2026 07 25 10 42 30 000 -1.7856450E+01 -1.6393615E+01 8.6784037E+00
2026 07 25 10 43 00 000 -1.7853079E+01 -1.6391675E+01 8.6808925E+00
2026 07 25 10 43 30 000 -1.7849706E+01 -1.6389740E+01 8.6833678E+00
2026 07 25 10 44 00 000 -1.7846332E+01 -1.6387811E+01 8.6858297E+00
2026 07 25 10 44 30 000 -1.7842956E+01 -1.6385886E+01 8.6882781E+00
2026 07 25 10 45 00 000 -1.7839579E+01 -1.6383967E+01 8.6907130E+00
2026 07 25 10 45 30 000 -1.7836200E+01 -1.6382053E+01 8.6931344E+00
2026 07 25 10 46 00 000 -1.7832820E+01 -1.6380145E+01 8.6955424E+00
2026 07 25 10 46 30 000 -1.7829439E+01 -1.6378241E+01 8.6979370E+00
2026 07 25 10 47 00 000 -1.7826056E+01 -1.6376343E+01 8.7003180E+00
2026 07 25 10 47 30 000 -1.7822671E+01 -1.6374450E+01 8.7026856E+00
2026 07 25 10 48 00 000 -1.7819285E+01 -1.6372562E+01 8.7050397E+00
2026 07 25 10 48 30 000 -1.7815898E+01 -1.6370680E+01 8.7073803E+00
2026 07 25 10 49 00 000 -1.7812509E+01 -1.6368803E+01 8.7097074E+00
2026 07 25 10 49 30 000 -1.7809119E+01 -1.6366931E+01 8.7120211E+00
2026 07 25 10 50 00 000 -1.7805727E+01 -1.6365065E+01 8.7143212E+00
2026 07 25 10 50 30 000 -1.7802334E+01 -1.6363204E+01 8.7166079E+00
2026 07 25 10 51 00 000 -1.7798939E+01 -1.6361348E+01 8.7188810E+00
2026 07 25 10 51 30 000 -1.7795543E+01 -1.6359497E+01 8.7211407E+00
2026 07 25 10 52 00 000 -1.7792145E+01 -1.6357652E+01 8.7233868E+00
2026 07 25 10 52 30 000 -1.7788746E+01 -1.6355813E+01 8.7256194E+00
2026 07 25 10 53 00 000 -1.7785346E+01 -1.6353978E+01 8.7278386E+00
2026 07 25 10 53 30 000 -1.7781944E+01 -1.6352149E+01 8.7300442E+00
2026 07 25 10 54 00 000 -1.7778540E+01 -1.6350326E+01 8.7322363E+00
2026 07 25 10 54 30 000 -1.7775135E+01 -1.6348507E+01 8.7344149E+00
2026 07 25 10 55 00 000 -1.7771729E+01 -1.6346694E+01 8.7365799E+00
2026 07 25 10 55 30 000 -1.7768321E+01 -1.6344887E+01 8.7387315E+00
2026 07 25 10 56 00 000 -1.7764911E+01 -1.6343085E+01 8.7408695E+00
2026 07 25 10 56 30 000 -1.7761501E+01 -1.6341288E+01 8.7429940E+00
2026 07 25 10 57 00 000 -1.7758088E+01 -1.6339497E+01 8.7451050E+00
2026 07 25 10 57 30 000 -1.7754675E+01 -1.6337711E+01 8.7472024E+00
2026 07 25 10 58 00 000 -1.7751259E+01 -1.6335931E+01 8.7492863E+00
2026 07 25 10 58 30 000 -1.7747843E+01 -1.6334156E+01 8.7513566E+00
2026 07 25 10 59 00 000 -1.7744425E+01 -1.6332387E+01 8.7534135E+00
2026 07 25 10 59 30 000 -1.7741005E+01 -1.6330623E+01 8.7554567E+00
2026 07 25 11 00 00 000 -1.7737584E+01 -1.6328864E+01 8.7574865E+00
2026 07 25 11 00 30 000 -1.7734161E+01 -1.6327111E+01 8.7595027E+00
2026 07 25 11 01 00 000 -1.7730737E+01 -1.6325364E+01 8.7615053E+00
2026 07 25 11 01 30 000 -1.7727312E+01 -1.6323622E+01 8.7634944E+00
2026 07 25 11 02 00 000 -1.7723885E+01 -1.6321885E+01 8.7654700E+00
2026 07 25 11 02 30 000 -1.7720457E+01 -1.6320154E+01 8.7674319E+00
2026 07 25 11 03 00 000 -1.7717027E+01 -1.6318429E+01 8.7693803E+00
2026 07 25 11 03 30 000 -1.7713595E+01 -1.6316709E+01 8.7713152E+00
2026 07 25 11 04 00 000 -1.7710162E+01 -1.6314994E+01 8.7732365E+00
2026 07 25 11 04 30 000 -1.7706728E+01 -1.6313285E+01 8.7751443E+00
2026 07 25 11 05 00 000 -1.7703292E+01 -1.6311582E+01 8.7770385E+00
2026 07 25 11 05 30 000 -1.7699855E+01 -1.6309884E+01 8.7789191E+00
2026 07 25 11 06 00 000 -1.7696416E+01 -1.6308192E+01 8.7807862E+00
2026 07 25 11 06 30 000 -1.7692976E+01 -1.6306505E+01 8.7826397E+00
2026 07 25 11 07 00 000 -1.7689534E+01 -1.6304824E+01 8.7844796E+00
2026 07 25 11 07 30 000 -1.7686091E+01 -1.6303149E+01 8.7863060E+00
2026 07 25 11 08 00 000 -1.7682647E+01 -1.6301479E+01 8.7881188E+00
2026 07 25 11 08 30 000 -1.7679201E+01 -1.6299815E+01 8.7899180E+00
2026 07 25 11 09 00 000 -1.7675753E+01 -1.6298156E+01 8.7917036E+00
2026 07 25 11 09 30 000 -1.7672304E+01 -1.6296503E+01 8.7934757E+00
2026 07 25 11 10 00 000 -1.7668854E+01 -1.6294855E+01 8.7952342E+00
2026 07 25 11 10 30 000 -1.7665402E+01 -1.6293213E+01 8.7969791E+00
2026 07 25 11 11 00 000 -1.7661948E+01 -1.6291577E+01 8.7987104E+00
2026 07 25 11 11 30 000 -1.7658493E+01 -1.6289946E+01 8.8004281E+00
2026 07 25 11 12 00 000 -1.7655037E+01 -1.6288322E+01 8.8021323E+00
2026 07 25 11 12 30 000 -1.7651579E+01 -1.6286702E+01 8.8038228E+00
2026 07 25 11 13 00 000 -1.7648120E+01 -1.6285089E+01 8.8054998E+00
2026 07 25 11 13 30 000 -1.7644659E+01 -1.6283481E+01 8.8071632E+00
2026 07 25 11 14 00 000 -1.7641197E+01 -1.6281878E+01 8.8088130E+00
2026 07 25 11 14 30 000 -1.7637733E+01 -1.6280282E+01 8.8104493E+00
2026 07 25 11 15 00 000 -1.7634268E+01 -1.6278691E+01 8.8120719E+00
2026 07 25 11 15 30 000 -1.7630801E+01 -1.6277105E+01 8.8136810E+00
2026 07 25 11 16 00 000 -1.7627333E+01 -1.6275526E+01 8.8152764E+00
2026 07 25 11 16 30 000 -1.7623864E+01 -1.6273952E+01 8.8168583E+00
2026 07 25 11 17 00 000 -1.7620392E+01 -1.6272384E+01 8.8184265E+00
2026 07 25 11 17 30 000 -1.7616920E+01 -1.6270821E+01 8.8199812E+00
2026 07 25 11 18 00 000 -1.7613446E+01 -1.6269264E+01 8.8215223E+00
2026 07 25 11 18 30 000 -1.7609970E+01 -1.6267713E+01 8.8230498E+00
2026 07 25 11 19 00 000 -1.7606493E+01 -1.6266168E+01 8.8245637E+00
2026 07 25 11 19 30 000 -1.7603015E+01 -1.6264628E+01 8.8260640E+00
2026 07 25 11 20 00 000 -1.7599535E+01 -1.6263094E+01 8.8275507E+00
2026 07 25 11 20 30 000 -1.7596053E+01 -1.6261566E+01 8.8290238E+00
2026 07 25 11 21 00 000 -1.7592571E+01 -1.6260044E+01 8.8304833E+00
2026 07 25 11 21 30 000 -1.7589086E+01 -1.6258527E+01 8.8319292E+00
2026 07 25 11 22 00 000 -1.7585600E+01 -1.6257016E+01 8.8333615E+00
2026 07 25 11 22 30 000 -1.7582113E+01 -1.6255511E+01 8.8347803E+00
2026 07 25 11 23 00 000 -1.7578624E+01 -1.6254012E+01 8.8361854E+00
2026 07 25 11 23 30 000 -1.7575134E+01 -1.6252518E+01 8.8375769E+00
2026 07 25 11 24 00 000 -1.7571642E+01 -1.6251030E+01 8.8389548E+00
2026 07 25 11 24 30 000 -1.7568148E+01 -1.6249548E+01 8.8403192E+00
2026 07 25 11 25 00 000 -1.7564654E+01 -1.6248072E+01 8.8416699E+00
2026 07 25 11 25 30 000 -1.7561157E+01 -1.6246601E+01 8.8430070E+00
2026 07 25 11 26 00 000 -1.7557660E+01 -1.6245137E+01 8.8443305E+00
2026 07 25 11 26 30 000 -1.7554161E+01 -1.6243678E+01 8.8456405E+00
2026 07 25 11 27 00 000 -1.7550660E+01 -1.6242225E+01 8.8469368E+00
2026 07 25 11 27 30 000 -1.7547158E+01 -1.6240777E+01 8.8482195E+00
2026 07 25 11 28 00 000 -1.7543654E+01 -1.6239336E+01 8.8494886E+00
2026 07 25 11 28 30 000 -1.7540149E+01 -1.6237900E+01 8.8507442E+00
2026 07 25 11 29 00 000 -1.7536642E+01 -1.6236470E+01 8.8519861E+00
2026 07 25 11 29 30 000 -1.7533134E+01 -1.6235046E+01 8.8532145E+00
2026 07 25 11 30 00 000 -1.7529625E+01 -1.6233628E+01 8.8544292E+00
2026 07 25 11 30 30 000 -1.7526114E+01 -1.6232215E+01 8.8556304E+00
2026 07 25 11 31 00 000 -1.7522601E+01 -1.6230809E+01 8.8568179E+00
2026 07 25 11 31 30 000 -1.7519087E+01 -1.6229408E+01 8.8579919E+00
2026 07 25 11 32 00 000 -1.7515572E+01 -1.6228013E+01 8.8591522E+00
2026 07 25 11 32 30 000 -1.7512055E+01 -1.6226625E+01 8.8602989E+00
2026 07 25 11 33 00 000 -1.7508537E+01 -1.6225241E+01 8.8614321E+00
2026 07 25 11 33 30 000 -1.7505017E+01 -1.6223864E+01 8.8625517E+00
2026 07 25 11 34 00 000 -1.7501495E+01 -1.6222493E+01 8.8636577E+00
2026 07 25 11 34 30 000 -1.7497972E+01 -1.6221127E+01 8.8647500E+00
2026 07 25 11 35 00 000 -1.7494448E+01 -1.6219767E+01 8.8658288E+00
2026 07 25 11 35 30 000 -1.7490922E+01 -1.6218413E+01 8.8668940E+00
2026 07 25 11 36 00 000 -1.7487395E+01 -1.6217065E+01 8.8679456E+00
2026 07 25 11 36 30 000 -1.7483866E+01 -1.6215723E+01 8.8689836E+00
2026 07 25 11 37 00 000 -1.7480336E+01 -1.6214387E+01 8.8700081E+00
2026 07 25 11 37 30 000 -1.7476805E+01 -1.6213057E+01 8.8710189E+00
2026 07 25 11 38 00 000 -1.7473271E+01 -1.6211732E+01 8.8720162E+00
2026 07 25 11 38 30 000 -1.7469737E+01 -1.6210414E+01 8.8729998E+00
2026 07 25 11 39 00 000 -1.7466200E+01 -1.6209101E+01 8.8739699E+00
2026 07 25 11 39 30 000 -1.7462663E+01 -1.6207794E+01 8.8749264E+00
2026 07 25 11 40 00 000 -1.7459124E+01 -1.6206493E+01 8.8758693E+00
2026 07 25 11 40 30 000 -1.7455583E+01 -1.6205199E+01 8.8767987E+00
2026 07 25 11 41 00 000 -1.7452041E+01 -1.6203909E+01 8.8777144E+00
2026 07 25 11 41 30 000 -1.7448497E+01 -1.6202626E+01 8.8786166E+00
2026 07 25 11 42 00 000 -1.7444953E+01 -1.6201349E+01 8.8795052E+00
2026 07 25 11 42 30 000 -1.7441406E+01 -1.6200078E+01 8.8803803E+00
2026 07 25 11 43 00 000 -1.7437858E+01 -1.6198812E+01 8.8812417E+00
2026 07 25 11 43 30 000 -1.7434308E+01 -1.6197553E+01 8.8820896E+00
2026 07 25 11 44 00 000 -1.7430757E+01 -1.6196299E+01 8.8829239E+00
2026 07 25 11 44 30 000 -1.7427205E+01 -1.6195051E+01 8.8837447E+00
2026 07 25 11 45 00 000 -1.7423651E+01 -1.6193810E+01 8.8845519E+00
2026 07 25 11 45 30 000 -1.7420095E+01 -1.6192574E+01 8.8853455E+00
2026 07 25 11 46 00 000 -1.7416539E+01 -1.6191344E+01 8.8861255E+00
2026 07 25 11 46 30 000 -1.7412980E+01 -1.6190120E+01 8.8868920E+00
2026 07 25 11 47 00 000 -1.7409420E+01 -1.6188902E+01 8.8876449E+00
2026 07 25 11 47 30 000 -1.7405859E+01 -1.6187690E+01 8.8883843E+00
2026 07 25 11 48 00 000 -1.7402296E+01 -1.6186483E+01 8.8891101E+00
2026 07 25 11 48 30 000 -1.7398731E+01 -1.6185283E+01 8.8898224E+00
2026 07 25 11 49 00 000 -1.7395165E+01 -1.6184089E+01 8.8905211E+00
2026 07 25 11 49 30 000 -1.7391598E+01 -1.6182900E+01 8.8912063E+00
2026 07 25 11 50 00 000 -1.7388029E+01 -1.6181718E+01 8.8918779E+00
2026 07 25 11 50 30 000 -1.7384459E+01 -1.6180541E+01 8.8925360E+00
2026 07 25 11 51 00 000 -1.7380887E+01 -1.6179371E+01 8.8931805E+00
2026 07 25 11 51 30 000 -1.7377314E+01 -1.6178206E+01 8.8938115E+00
2026 07 25 11 52 00 000 -1.7373739E+01 -1.6177048E+01 8.8944289E+00
2026 07 25 11 52 30 000 -1.7370162E+01 -1.6175895E+01 8.8950328E+00
2026 07 25 11 53 00 000 -1.7366585E+01 -1.6174748E+01 8.8956232E+00
2026 07 25 11 53 30 000 -1.7363005E+01 -1.6173607E+01 8.8962001E+00
2026 07 25 11 54 00 000 -1.7359425E+01 -1.6172472E+01 8.8967634E+00
2026 07 25 11 54 30 000 -1.7355842E+01 -1.6171343E+01 8.8973132E+00
2026 07 25 11 55 00 000 -1.7352259E+01 -1.6170220E+01 8.8978494E+00
2026 07 25 11 55 30 000 -1.7348673E+01 -1.6169103E+01 8.8983722E+00
2026 07 25 11 56 00 000 -1.7345087E+01 -1.6167992E+01 8.8988814E+00
2026 07 25 11 56 30 000 -1.7341498E+01 -1.6166887E+01 8.8993771E+00
2026 07 25 11 57 00 000 -1.7337908E+01 -1.6165788E+01 8.8998593E+00
2026 07 25 11 57 30 000 -1.7334317E+01 -1.6164695E+01 8.9003280E+00
2026 07 25 11 58 00 000 -1.7330725E+01 -1.6163607E+01 8.9007832E+00
2026 07 25 11 58 30 000 -1.7327130E+01 -1.6162526E+01 8.9012248E+00
2026 07 25 11 59 00 000 -1.7323535E+01 -1.6161451E+01 8.9016530E+00
2026 07 25 11 59 30 000 -1.7319938E+01 -1.6160381E+01 8.9020677E+00
2026 07 25 12 00 00 000 -1.7316339E+01 -1.6159318E+01 8.9024689E+00
2026 07 25 12 00 30 000 -1.7312739E+01 -1.6158260E+01 8.9028565E+00
2026 07 25 12 01 00 000 -1.7309137E+01 -1.6157209E+01 8.9032307E+00
2026 07 25 12 01 30 000 -1.7305534E+01 -1.6156163E+01 8.9035915E+00
2026 07 25 12 02 00 000 -1.7301929E+01 -1.6155124E+01 8.9039387E+00
2026 07 25 12 02 30 000 -1.7298323E+01 -1.6154090E+01 8.9042724E+00
2026 07 25 12 03 00 000 -1.7294715E+01 -1.6153062E+01 8.9045927E+00
2026 07 25 12 03 30 000 -1.7291106E+01 -1.6152040E+01 8.9048995E+00
2026 07 25 12 04 00 000 -1.7287495E+01 -1.6151024E+01 8.9051929E+00
2026 07 25 12 04 30 000 -1.7283883E+01 -1.6150015E+01 8.9054728E+00
2026 07 25 12 05 00 000 -1.7280270E+01 -1.6149011E+01 8.9057391E+00
2026 07 25 12 05 30 000 -1.7276655E+01 -1.6148013E+01 8.9059921E+00
2026 07 25 12 06 00 000 -1.7273038E+01 -1.6147021E+01 8.9062316E+00
2026 07 25 12 06 30 000 -1.7269420E+01 -1.6146035E+01 8.9064576E+00
2026 07 25 12 07 00 000 -1.7265800E+01 -1.6145055E+01 8.9066703E+00
2026 07 25 12 07 30 000 -1.7262179E+01 -1.6144080E+01 8.9068694E+00
2026 07 25 12 08 00 000 -1.7258556E+01 -1.6143112E+01 8.9070551E+00
2026 07 25 12 08 30 000 -1.7254932E+01 -1.6142150E+01 8.9072274E+00
2026 07 25 12 09 00 000 -1.7251306E+01 -1.6141193E+01 8.9073863E+00
2026 07 25 12 09 30 000 -1.7247679E+01 -1.6140243E+01 8.9075317E+00
2026 07 25 12 10 00 000 -1.7244050E+01 -1.6139299E+01 8.9076637E+00
2026 07 25 12 10 30 000 -1.7240420E+01 -1.6138360E+01 8.9077823E+00
2026 07 25 12 11 00 000 -1.7236788E+01 -1.6137428E+01 8.9078875E+00
2026 07 25 12 11 30 000 -1.7233155E+01 -1.6136501E+01 8.9079793E+00
2026 07 25 12 12 00 000 -1.7229521E+01 -1.6135580E+01 8.9080576E+00
2026 07 25 12 12 30 000 -1.7225884E+01 -1.6134665E+01 8.9081226E+00
2026 07 25 12 13 00 000 -1.7222247E+01 -1.6133757E+01 8.9081741E+00
2026 07 25 12 13 30 000 -1.7218608E+01 -1.6132854E+01 8.9082123E+00
2026 07 25 12 14 00 000 -1.7214967E+01 -1.6131957E+01 8.9082371E+00
2026 07 25 12 14 30 000 -1.7211325E+01 -1.6131066E+01 8.9082485E+00
2026 07 25 12 15 00 000 -1.7207681E+01 -1.6130181E+01 8.9082465E+00
2026 07 25 12 15 30 000 -1.7204036E+01 -1.6129302E+01 8.9082311E+00
2026 07 25 12 16 00 000 -1.7200389E+01 -1.6128428E+01 8.9082024E+00
2026 07 25 12 16 30 000 -1.7196741E+01 -1.6127561E+01 8.9081603E+00
2026 07 25 12 17 00 000 -1.7193091E+01 -1.6126700E+01 8.9081049E+00
2026 07 25 12 17 30 000 -1.7189440E+01 -1.6125844E+01 8.9080360E+00
2026 07 25 12 18 00 000 -1.7185787E+01 -1.6124995E+01 8.9079539E+00
2026 07 25 12 18 30 000 -1.7182133E+01 -1.6124151E+01 8.9078584E+00
2026 07 25 12 19 00 000 -1.7178478E+01 -1.6123313E+01 8.9077495E+00
2026 07 25 12 19 30 000 -1.7174820E+01 -1.6122481E+01 8.9076273E+00
2026 07 25 12 20 00 000 -1.7171162E+01 -1.6121656E+01 8.9074918E+00
2026 07 25 12 20 30 000 -1.7167502E+01 -1.6120836E+01 8.9073430E+00
2026 07 25 12 21 00 000 -1.7163840E+01 -1.6120021E+01 8.9071808E+00
2026 07 25 12 21 30 000 -1.7160177E+01 -1.6119213E+01 8.9070053E+00
2026 07 25 12 22 00 000 -1.7156512E+01 -1.6118411E+01 8.9068165E+00
2026 07 25 12 22 30 000 -1.7152846E+01 -1.6117615E+01 8.9066145E+00
2026 07 25 12 23 00 000 -1.7149178E+01 -1.6116824E+01 8.9063991E+00
2026 07 25 12 23 30 000 -1.7145509E+01 -1.6116039E+01 8.9061704E+00
2026 07 25 12 24 00 000 -1.7141838E+01 -1.6115261E+01 8.9059284E+00
2026 07 25 12 24 30 000 -1.7138166E+01 -1.6114488E+01 8.9056732E+00
2026 07 25 12 25 00 000 -1.7134492E+01 -1.6113721E+01 8.9054046E+00
2026 07 25 12 25 30 000 -1.7130817E+01 -1.6112960E+01 8.9051228E+00
2026 07 25 12 26 00 000 -1.7127140E+01 -1.6112204E+01 8.9048278E+00
2026 07 25 12 26 30 000 -1.7123462E+01 -1.6111455E+01 8.9045194E+00
2026 07 25 12 27 00 000 -1.7119782E+01 -1.6110711E+01 8.9041978E+00
2026 07 25 12 27 30 000 -1.7116101E+01 -1.6109974E+01 8.9038630E+00
2026 07 25 12 28 00 000 -1.7112418E+01 -1.6109242E+01 8.9035149E+00
2026 07 25 12 28 30 000 -1.7108734E+01 -1.6108516E+01 8.9031536E+00
2026 07 25 12 29 00 000 -1.7105048E+01 -1.6107796E+01 8.9027791E+00
2026 07 25 12 29 30 000 -1.7101361E+01 -1.6107082E+01 8.9023913E+00
2026 07 25 12 30 00 000 -1.7097672E+01 -1.6106373E+01 8.9019904E+00
2026 07 25 12 30 30 000 -1.7093982E+01 -1.6105671E+01 8.9015762E+00
2026 07 25 12 31 00 000 -1.7090290E+01 -1.6104974E+01 8.9011488E+00
2026 07 25 12 31 30 000 -1.7086597E+01 -1.6104283E+01 8.9007082E+00
2026 07 25 12 32 00 000 -1.7082902E+01 -1.6103598E+01 8.9002544E+00
2026 07 25 12 32 30 000 -1.7079206E+01 -1.6102919E+01 8.8997874E+00
2026 07 25 12 33 00 000 -1.7075508E+01 -1.6102246E+01 8.8993073E+00
2026 07 25 12 33 30 000 -1.7071809E+01 -1.6101578E+01 8.8988139E+00
2026 07 25 12 34 00 000 -1.7068108E+01 -1.6100916E+01 8.8983075E+00
2026 07 25 12 34 30 000 -1.7064406E+01 -1.6100260E+01 8.8977878E+00
2026 07 25 12 35 00 000 -1.7060702E+01 -1.6099610E+01 8.8972550E+00
2026 07 25 12 35 30 000 -1.7056997E+01 -1.6098965E+01 8.8967091E+00
2026 07 25 12 36 00 000 -1.7053290E+01 -1.6098327E+01 8.8961500E+00
2026 07 25 12 36 30 000 -1.7049581E+01 -1.6097694E+01 8.8955778E+00
2026 07 25 12 37 00 000 -1.7045871E+01 -1.6097067E+01 8.8949925E+00
2026 07 25 12 37 30 000 -1.7042160E+01 -1.6096446E+01 8.8943940E+00
2026 07 25 12 38 00 000 -1.7038447E+01 -1.6095830E+01 8.8937824E+00
2026 07 25 12 38 30 000 -1.7034732E+01 -1.6095220E+01 8.8931578E+00
2026 07 25 12 39 00 000 -1.7031016E+01 -1.6094616E+01 8.8925200E+00
2026 07 25 12 39 30 000 -1.7027299E+01 -1.6094018E+01 8.8918691E+00
2026 07 25 12 40 00 000 -1.7023580E+01 -1.6093425E+01 8.8912052E+00
2026 07 25 12 40 30 000 -1.7019859E+01 -1.6092839E+01 8.8905282E+00
2026 07 25 12 41 00 000 -1.7016137E+01 -1.6092258E+01 8.8898381E+00
2026 07 25 12 41 30 000 -1.7012414E+01 -1.6091682E+01 8.8891350E+00
2026 07 25 12 42 00 000 -1.7008689E+01 -1.6091113E+01 8.8884188E+00
2026 07 25 12 42 30 000 -1.7004962E+01 -1.6090549E+01 8.8876896E+00
2026 07 25 12 43 00 000 -1.7001234E+01 -1.6089991E+01 8.8869473E+00
2026 07 25 12 43 30 000 -1.6997504E+01 -1.6089438E+01 8.8861921E+00
2026 07 25 12 44 00 000 -1.6993773E+01 -1.6088891E+01 8.8854237E+00
2026 07 25 12 44 30 000 -1.6990041E+01 -1.6088350E+01 8.8846424E+00
2026 07 25 12 45 00 000 -1.6986306E+01 -1.6087815E+01 8.8838480E+00
2026 07 25 12 45 30 000 -1.6982571E+01 -1.6087285E+01 8.8830407E+00
2026 07 25 12 46 00 000 -1.6978834E+01 -1.6086761E+01 8.8822204E+00
2026 07 25 12 46 30 000 -1.6975095E+01 -1.6086243E+01 8.8813871E+00
2026 07 25 12 47 00 000 -1.6971355E+01 -1.6085730E+01 8.8805408E+00
2026 07 25 12 47 30 000 -1.6967613E+01 -1.6085223E+01 8.8796816E+00
2026 07 25 12 48 00 000 -1.6963870E+01 -1.6084722E+01 8.8788094E+00
2026 07 25 12 48 30 000 -1.6960125E+01 -1.6084226E+01 8.8779243E+00
2026 07 25 12 49 00 000 -1.6956378E+01 -1.6083736E+01 8.8770262E+00
2026 07 25 12 49 30 000 -1.6952631E+01 -1.6083252E+01 8.8761152E+00
2026 07 25 12 50 00 000 -1.6948881E+01 -1.6082773E+01 8.8751913E+00
2026 07 25 12 50 30 000 -1.6945130E+01 -1.6082300E+01 8.8742544E+00
2026 07 25 12 51 00 000 -1.6941378E+01 -1.6081832E+01 8.8733047E+00
2026 07 25 12 51 30 000 -1.6937624E+01 -1.6081370E+01 8.8723420E+00
2026 07 25 12 52 00 000 -1.6933869E+01 -1.6080914E+01 8.8713665E+00
2026 07 25 12 52 30 000 -1.6930112E+01 -1.6080463E+01 8.8703781E+00
2026 07 25 12 53 00 000 -1.6926353E+01 -1.6080018E+01 8.8693768E+00
2026 07 25 12 53 30 000 -1.6922593E+01 -1.6079578E+01 8.8683627E+00
2026 07 25 12 54 00 000 -1.6918832E+01 -1.6079144E+01 8.8673357E+00
2026 07 25 12 54 30 000 -1.6915069E+01 -1.6078716E+01 8.8662958E+00
2026 07 25 12 55 00 000 -1.6911304E+01 -1.6078293E+01 8.8652432E+00
2026 07 25 12 55 30 000 -1.6907538E+01 -1.6077875E+01 8.8641777E+00
2026 07 25 12 56 00 000 -1.6903771E+01 -1.6077463E+01 8.8630994E+00
2026 07 25 12 56 30 000 -1.6900002E+01 -1.6077057E+01 8.8620083E+00
2026 07 25 12 57 00 000 -1.6896231E+01 -1.6076656E+01 8.8609043E+00
2026 07 25 12 57 30 000 -1.6892459E+01 -1.6076261E+01 8.8597876E+00
2026 07 25 12 58 00 000 -1.6888685E+01 -1.6075871E+01 8.8586582E+00
2026 07 25 12 58 30 000 -1.6884910E+01 -1.6075487E+01 8.8575159E+00
2026 07 25 12 59 00 000 -1.6881133E+01 -1.6075108E+01 8.8563609E+00
2026 07 25 12 59 30 000 -1.6877355E+01 -1.6074735E+01 8.8551932E+00
2026 07 25 13 00 00 000 -1.6873575E+01 -1.6074367E+01 8.8540127E+00
2026 07 25 13 00 30 000 -1.6869794E+01 -1.6074005E+01 8.8528195E+00
2026 07 25 13 01 00 000 -1.6866011E+01 -1.6073648E+01 8.8516135E+00
2026 07 25 13 01 30 000 -1.6862227E+01 -1.6073296E+01 8.8503949E+00
2026 07 25 13 02 00 000 -1.6858441E+01 -1.6072950E+01 8.8491635E+00
2026 07 25 13 02 30 000 -1.6854654E+01 -1.6072610E+01 8.8479195E+00
2026 07 25 13 03 00 000 -1.6850865E+01 -1.6072275E+01 8.8466628E+00
2026 07 25 13 03 30 000 -1.6847074E+01 -1.6071945E+01 8.8453934E+00
2026 07 25 13 04 00 000 -1.6843282E+01 -1.6071621E+01 8.8441113E+00
2026 07 25 13 04 30 000 -1.6839489E+01 -1.6071302E+01 8.8428166E+00
2026 07 25 13 05 00 000 -1.6835694E+01 -1.6070988E+01 8.8415093E+00
2026 07 25 13 05 30 000 -1.6831897E+01 -1.6070680E+01 8.8401894E+00
2026 07 25 13 06 00 000 -1.6828099E+01 -1.6070377E+01 8.8388568E+00
2026 07 25 13 06 30 000 -1.6824300E+01 -1.6070080E+01 8.8375116E+00
2026 07 25 13 07 00 000 -1.6820499E+01 -1.6069788E+01 8.8361538E+00
2026 07 25 13 07 30 000 -1.6816696E+01 -1.6069501E+01 8.8347835E+00
2026 07 25 13 08 00 000 -1.6812892E+01 -1.6069220E+01 8.8334005E+00
2026 07 25 13 08 30 000 -1.6809086E+01 -1.6068944E+01 8.8320051E+00
2026 07 25 13 09 00 000 -1.6805279E+01 -1.6068673E+01 8.8305970E+00
2026 07 25 13 09 30 000 -1.6801470E+01 -1.6068408E+01 8.8291764E+00
2026 07 25 13 10 00 000 -1.6797660E+01 -1.6068147E+01 8.8277433E+00
2026 07 25 13 10 30 000 -1.6793848E+01 -1.6067893E+01 8.8262977E+00
2026 07 25 13 11 00 000 -1.6790035E+01 -1.6067643E+01 8.8248395E+00
2026 07 25 13 11 30 000 -1.6786220E+01 -1.6067399E+01 8.8233689E+00
2026 07 25 13 12 00 000 -1.6782403E+01 -1.6067160E+01 8.8218857E+00
2026 07 25 13 12 30 000 -1.6778585E+01 -1.6066926E+01 8.8203901E+00
2026 07 25 13 13 00 000 -1.6774766E+01 -1.6066698E+01 8.8188821E+00
2026 07 25 13 13 30 000 -1.6770945E+01 -1.6066474E+01 8.8173616E+00
2026 07 25 13 14 00 000 -1.6767123E+01 -1.6066256E+01 8.8158286E+00
2026 07 25 13 14 30 000 -1.6763298E+01 -1.6066043E+01 8.8142832E+00
2026 07 25 13 15 00 000 -1.6759473E+01 -1.6065836E+01 8.8127254E+00
2026 07 25 13 15 30 000 -1.6755646E+01 -1.6065633E+01 8.8111552E+00
2026 07 25 13 16 00 000 -1.6751817E+01 -1.6065436E+01 8.8095726E+00
2026 07 25 13 16 30 000 -1.6747987E+01 -1.6065244E+01 8.8079777E+00
2026 07 25 13 17 00 000 -1.6744155E+01 -1.6065057E+01 8.8063703E+00
2026 07 25 13 17 30 000 -1.6740322E+01 -1.6064875E+01 8.8047506E+00
2026 07 25 13 18 00 000 -1.6736487E+01 -1.6064699E+01 8.8031186E+00
2026 07 25 13 18 30 000 -1.6732651E+01 -1.6064527E+01 8.8014742E+00
2026 07 25 13 19 00 000 -1.6728813E+01 -1.6064361E+01 8.7998175E+00
2026 07 25 13 19 30 000 -1.6724974E+01 -1.6064199E+01 8.7981485E+00
2026 07 25 13 20 00 000 -1.6721133E+01 -1.6064043E+01 8.7964672E+00
2026 07 25 13 20 30 000 -1.6717290E+01 -1.6063892E+01 8.7947737E+00
2026 07 25 13 21 00 000 -1.6713446E+01 -1.6063746E+01 8.7930678E+00
2026 07 25 13 21 30 000 -1.6709600E+01 -1.6063605E+01 8.7913497E+00
2026 07 25 13 22 00 000 -1.6705753E+01 -1.6063469E+01 8.7896194E+00
2026 07 25 13 22 30 000 -1.6701905E+01 -1.6063338E+01 8.7878768E+00
2026 07 25 13 23 00 000 -1.6698055E+01 -1.6063212E+01 8.7861220E+00
2026 07 25 13 23 30 000 -1.6694203E+01 -1.6063091E+01 8.7843550E+00
2026 07 25 13 24 00 000 -1.6690350E+01 -1.6062975E+01 8.7825758E+00
2026 07 25 13 24 30 000 -1.6686495E+01 -1.6062864E+01 8.7807844E+00
2026 07 25 13 25 00 000 -1.6682639E+01 -1.6062758E+01 8.7789809E+00
2026 07 25 13 25 30 000 -1.6678781E+01 -1.6062658E+01 8.7771652E+00
2026 07 25 13 26 00 000 -1.6674921E+01 -1.6062562E+01 8.7753374E+00
2026 07 25 13 26 30 000 -1.6671060E+01 -1.6062471E+01 8.7734975E+00
2026 07 25 13 27 00 000 -1.6667198E+01 -1.6062384E+01 8.7716454E+00
2026 07 25 13 27 30 000 -1.6663334E+01 -1.6062303E+01 8.7697812E+00
2026 07 25 13 28 00 000 -1.6659468E+01 -1.6062227E+01 8.7679050E+00
2026 07 25 13 28 30 000 -1.6655601E+01 -1.6062156E+01 8.7660166E+00
2026 07 25 13 29 00 000 -1.6651732E+01 -1.6062089E+01 8.7641163E+00
2026 07 25 13 29 30 000 -1.6647862E+01 -1.6062028E+01 8.7622038E+00
2026 07 25 13 30 00 000 -1.6643990E+01 -1.6061971E+01 8.7602794E+00
2026 07 25 13 30 30 000 -1.6640117E+01 -1.6061919E+01 8.7583429E+00
2026 07 25 13 31 00 000 -1.6636242E+01 -1.6061872E+01 8.7563944E+00
2026 07 25 13 31 30 000 -1.6632366E+01 -1.6061830E+01 8.7544340E+00
2026 07 25 13 32 00 000 -1.6628488E+01 -1.6061792E+01 8.7524615E+00
2026 07 25 13 32 30 000 -1.6624609E+01 -1.6061760E+01 8.7504771E+00
2026 07 25 13 33 00 000 -1.6620728E+01 -1.6061732E+01 8.7484808E+00
2026 07 25 13 33 30 000 -1.6616845E+01 -1.6061709E+01 8.7464725E+00
2026 07 25 13 34 00 000 -1.6612961E+01 -1.6061691E+01 8.7444523E+00
2026 07 25 13 34 30 000 -1.6609075E+01 -1.6061677E+01 8.7424202E+00
2026 07 25 13 35 00 000 -1.6605188E+01 -1.6061668E+01 8.7403762E+00
2026 07 25 13 35 30 000 -1.6601300E+01 -1.6061664E+01 8.7383203E+00
2026 07 25 13 36 00 000 -1.6597409E+01 -1.6061665E+01 8.7362525E+00
2026 07 25 13 36 30 000 -1.6593518E+01 -1.6061670E+01 8.7341730E+00
2026 07 25 13 37 00 000 -1.6589624E+01 -1.6061681E+01 8.7320816E+00
2026 07 25 13 37 30 000 -1.6585730E+01 -1.6061695E+01 8.7299783E+00
2026 07 25 13 38 00 000 -1.6581833E+01 -1.6061715E+01 8.7278633E+00
2026 07 25 13 38 30 000 -1.6577935E+01 -1.6061739E+01 8.7257365E+00
2026 07 25 13 39 00 000 -1.6574036E+01 -1.6061768E+01 8.7235979E+00
2026 07 25 13 39 30 000 -1.6570135E+01 -1.6061801E+01 8.7214475E+00
2026 07 25 13 40 00 000 -1.6566232E+01 -1.6061839E+01 8.7192855E+00
2026 07 25 13 40 30 000 -1.6562328E+01 -1.6061881E+01 8.7171117E+00
2026 07 25 13 41 00 000 -1.6558423E+01 -1.6061929E+01 8.7149262E+00
2026 07 25 13 41 30 000 -1.6554515E+01 -1.6061980E+01 8.7127290E+00
2026 07 25 13 42 00 000 -1.6550607E+01 -1.6062036E+01 8.7105201E+00
2026 07 25 13 42 30 000 -1.6546696E+01 -1.6062097E+01 8.7082995E+00
2026 07 25 13 43 00 000 -1.6542784E+01 -1.6062163E+01 8.7060673E+00
2026 07 25 13 43 30 000 -1.6538871E+01 -1.6062232E+01 8.7038235E+00
2026 07 25 13 44 00 000 -1.6534956E+01 -1.6062307E+01 8.7015681E+00
2026 07 25 13 44 30 000 -1.6531040E+01 -1.6062385E+01 8.6993010E+00
2026 07 25 13 45 00 000 -1.6527122E+01 -1.6062469E+01 8.6970224E+00
2026 07 25 13 45 30 000 -1.6523202E+01 -1.6062556E+01 8.6947322E+00
2026 07 25 13 46 00 000 -1.6519281E+01 -1.6062649E+01 8.6924305E+00
2026 07 25 13 46 30 000 -1.6515358E+01 -1.6062745E+01 8.6901172E+00
2026 07 25 13 47 00 000 -1.6511434E+01 -1.6062846E+01 8.6877924E+00
2026 07 25 13 47 30 000 -1.6507508E+01 -1.6062952E+01 8.6854562E+00
2026 07 25 13 48 00 000 -1.6503581E+01 -1.6063061E+01 8.6831084E+00
2026 07 25 13 48 30 000 -1.6499652E+01 -1.6063176E+01 8.6807492E+00
2026 07 25 13 49 00 000 -1.6495721E+01 -1.6063294E+01 8.6783785E+00
2026 07 25 13 49 30 000 -1.6491789E+01 -1.6063417E+01 8.6759964E+00
2026 07 25 13 50 00 000 -1.6487856E+01 -1.6063544E+01 8.6736028E+00
2026 07 25 13 50 30 000 -1.6483921E+01 -1.6063676E+01 8.6711979E+00
2026 07 25 13 51 00 000 -1.6479984E+01 -1.6063811E+01 8.6687816E+00
2026 07 25 13 51 30 000 -1.6476046E+01 -1.6063952E+01 8.6663538E+00
2026 07 25 13 52 00 000 -1.6472106E+01 -1.6064096E+01 8.6639148E+00
2026 07 25 13 52 30 000 -1.6468165E+01 -1.6064245E+01 8.6614644E+00
2026 07 25 13 53 00 000 -1.6464222E+01 -1.6064397E+01 8.6590027E+00
2026 07 25 13 53 30 000 -1.6460277E+01 -1.6064554E+01 8.6565297E+00
2026 07 25 13 54 00 000 -1.6456331E+01 -1.6064716E+01 8.6540454E+00
2026 07 25 13 54 30 000 -1.6452384E+01 -1.6064881E+01 8.6515499E+00
2026 07 25 13 55 00 000 -1.6448435E+01 -1.6065051E+01 8.6490431E+00
2026 07 25 13 55 30 000 -1.6444484E+01 -1.6065225E+01 8.6465251E+00
2026 07 25 13 56 00 000 -1.6440532E+01 -1.6065403E+01 8.6439959E+00
2026 07 25 13 56 30 000 -1.6436578E+01 -1.6065585E+01 8.6414554E+00
2026 07 25 13 57 00 000 -1.6432623E+01 -1.6065771E+01 8.6389038E+00
2026 07 25 13 57 30 000 -1.6428666E+01 -1.6065962E+01 8.6363411E+00
2026 07 25 13 58 00 000 -1.6424708E+01 -1.6066156E+01 8.6337672E+00
2026 07 25 13 58 30 000 -1.6420748E+01 -1.6066354E+01 8.6311822E+00
2026 07 25 13 59 00 000 -1.6416786E+01 -1.6066557E+01 8.6285860E+00
2026 07 25 13 59 30 000 -1.6412823E+01 -1.6066764E+01 8.6259788E+00
2026 07 25 14 00 00 000 -1.6408859E+01 -1.6066974E+01 8.6233606E+00
2026 07 25 14 00 30 000 -1.6404893E+01 -1.6067189E+01 8.6207313E+00
2026 07 25 14 01 00 000 -1.6400925E+01 -1.6067407E+01 8.6180909E+00
2026 07 25 14 01 30 000 -1.6396956E+01 -1.6067630E+01 8.6154395E+00
2026 07 25 14 02 00 000 -1.6392985E+01 -1.6067857E+01 8.6127772E+00
2026 07 25 14 02 30 000 -1.6389012E+01 -1.6068087E+01 8.6101039E+00
2026 07 25 14 03 00 000 -1.6385038E+01 -1.6068321E+01 8.6074196E+00
2026 07 25 14 03 30 000 -1.6381063E+01 -1.6068560E+01 8.6047244E+00
2026 07 25 14 04 00 000 -1.6377086E+01 -1.6068802E+01 8.6020183E+00
2026 07 25 14 04 30 000 -1.6373107E+01 -1.6069048E+01 8.5993012E+00
2026 07 25 14 05 00 000 -1.6369127E+01 -1.6069298E+01 8.5965733E+00
2026 07 25 14 05 30 000 -1.6365145E+01 -1.6069552E+01 8.5938346E+00
2026 07 25 14 06 00 000 -1.6361162E+01 -1.6069810E+01 8.5910849E+00
2026 07 25 14 06 30 000 -1.6357177E+01 -1.6070071E+01 8.5883245E+00
2026 07 25 14 07 00 000 -1.6353190E+01 -1.6070336E+01 8.5855533E+00
2026 07 25 14 07 30 000 -1.6349202E+01 -1.6070605E+01 8.5827713E+00
2026 07 25 14 08 00 000 -1.6345213E+01 -1.6070878E+01 8.5799785E+00
2026 07 25 14 08 30 000 -1.6341222E+01 -1.6071155E+01 8.5771750E+00
2026 07 25 14 09 00 000 -1.6337229E+01 -1.6071435E+01 8.5743608E+00
2026 07 25 14 09 30 000 -1.6333235E+01 -1.6071719E+01 8.5715358E+00
2026 07 25 14 10 00 000 -1.6329239E+01 -1.6072007E+01 8.5687002E+00
2026 07 25 14 10 30 000 -1.6325242E+01 -1.6072298E+01 8.5658539E+00
2026 07 25 14 11 00 000 -1.6321243E+01 -1.6072593E+01 8.5629969E+00
2026 07 25 14 11 30 000 -1.6317242E+01 -1.6072892E+01 8.5601294E+00
2026 07 25 14 12 00 000 -1.6313240E+01 -1.6073194E+01 8.5572512E+00
2026 07 25 14 12 30 000 -1.6309236E+01 -1.6073500E+01 8.5543625E+00
2026 07 25 14 13 00 000 -1.6305231E+01 -1.6073810E+01 8.5514632E+00
2026 07 25 14 13 30 000 -1.6301224E+01 -1.6074123E+01 8.5485534E+00
2026 07 25 14 14 00 000 -1.6297216E+01 -1.6074439E+01 8.5456330E+00
2026 07 25 14 14 30 000 -1.6293206E+01 -1.6074760E+01 8.5427022E+00
2026 07 25 14 15 00 000 -1.6289195E+01 -1.6075083E+01 8.5397608E+00
2026 07 25 14 15 30 000 -1.6285182E+01 -1.6075410E+01 8.5368090E+00
2026 07 25 14 16 00 000 -1.6281167E+01 -1.6075741E+01 8.5338468E+00
2026 07 25 14 16 30 000 -1.6277151E+01 -1.6076075E+01 8.5308742E+00
2026 07 25 14 17 00 000 -1.6273133E+01 -1.6076413E+01 8.5278911E+00
2026 07 25 14 17 30 000 -1.6269114E+01 -1.6076754E+01 8.5248977E+00
2026 07 25 14 18 00 000 -1.6265093E+01 -1.6077099E+01 8.5218939E+00
2026 07 25 14 18 30 000 -1.6261070E+01 -1.6077447E+01 8.5188798E+00
2026 07 25 14 19 00 000 -1.6257047E+01 -1.6077798E+01 8.5158553E+00
2026 07 25 14 19 30 000 -1.6253021E+01 -1.6078153E+01 8.5128206E+00
2026 07 25 14 20 00 000 -1.6248994E+01 -1.6078511E+01 8.5097757E+00
2026 07 25 14 20 30 000 -1.6244965E+01 -1.6078872E+01 8.5067205E+00
2026 07 25 14 21 00 000 -1.6240935E+01 -1.6079237E+01 8.5036550E+00
2026 07 25 14 21 30 000 -1.6236903E+01 -1.6079604E+01 8.5005794E+00
2026 07 25 14 22 00 000 -1.6232869E+01 -1.6079976E+01 8.4974935E+00
2026 07 25 14 22 30 000 -1.6228834E+01 -1.6080350E+01 8.4943975E+00
2026 07 25 14 23 00 000 -1.6224798E+01 -1.6080728E+01 8.4912914E+00
2026 07 25 14 23 30 000 -1.6220760E+01 -1.6081109E+01 8.4881751E+00
2026 07 25 14 24 00 000 -1.6216720E+01 -1.6081493E+01 8.4850488E+00
2026 07 25 14 24 30 000 -1.6212679E+01 -1.6081881E+01 8.4819124E+00
2026 07 25 14 25 00 000 -1.6208636E+01 -1.6082271E+01 8.4787660E+00
2026 07 25 14 25 30 000 -1.6204591E+01 -1.6082665E+01 8.4756095E+00
2026 07 25 14 26 00 000 -1.6200545E+01 -1.6083062E+01 8.4724430E+00
2026 07 25 14 26 30 000 -1.6196498E+01 -1.6083462E+01 8.4692666E+00
2026 07 25 14 27 00 000 -1.6192448E+01 -1.6083865E+01 8.4660801E+00
2026 07 25 14 27 30 000 -1.6188398E+01 -1.6084271E+01 8.4628838E+00
2026 07 25 14 28 00 000 -1.6184345E+01 -1.6084680E+01 8.4596775E+00
2026 07 25 14 28 30 000 -1.6180292E+01 -1.6085092E+01 8.4564613E+00
2026 07 25 14 29 00 000 -1.6176236E+01 -1.6085507E+01 8.4532353E+00
2026 07 25 14 29 30 000 -1.6172179E+01 -1.6085926E+01 8.4499994E+00
2026 07 25 14 30 00 000 -1.6168120E+01 -1.6086347E+01 8.4467537E+00
2026 07 25 14 30 30 000 -1.6164060E+01 -1.6086771E+01 8.4434983E+00
2026 07 25 14 31 00 000 -1.6159998E+01 -1.6087198E+01 8.4402330E+00
2026 07 25 14 31 30 000 -1.6155935E+01 -1.6087628E+01 8.4369580E+00
2026 07 25 14 32 00 000 -1.6151870E+01 -1.6088061E+01 8.4336732E+00
2026 07 25 14 32 30 000 -1.6147804E+01 -1.6088497E+01 8.4303788E+00
2026 07 25 14 33 00 000 -1.6143736E+01 -1.6088936E+01 8.4270747E+00
2026 07 25 14 33 30 000 -1.6139666E+01 -1.6089377E+01 8.4237609E+00
2026 07 25 14 34 00 000 -1.6135595E+01 -1.6089822E+01 8.4204375E+00
2026 07 25 14 34 30 000 -1.6131522E+01 -1.6090269E+01 8.4171044E+00
2026 07 25 14 35 00 000 -1.6127448E+01 -1.6090719E+01 8.4137618E+00
2026 07 25 14 35 30 000 -1.6123372E+01 -1.6091172E+01 8.4104097E+00
2026 07 25 14 36 00 000 -1.6119294E+01 -1.6091627E+01 8.4070480E+00
2026 07 25 14 36 30 000 -1.6115215E+01 -1.6092086E+01 8.4036767E+00
2026 07 25 14 37 00 000 -1.6111134E+01 -1.6092547E+01 8.4002960E+00
2026 07 25 14 37 30 000 -1.6107052E+01 -1.6093010E+01 8.3969059E+00
2026 07 25 14 38 00 000 -1.6102968E+01 -1.6093477E+01 8.3935063E+00
2026 07 25 14 38 30 000 -1.6098883E+01 -1.6093946E+01 8.3900972E+00
2026 07 25 14 39 00 000 -1.6094796E+01 -1.6094418E+01 8.3866788E+00
2026 07 25 14 39 30 000 -1.6090707E+01 -1.6094892E+01 8.3832510E+00
2026 07 25 14 40 00 000 -1.6086617E+01 -1.6095369E+01 8.3798139E+00
2026 07 25 14 40 30 000 -1.6082525E+01 -1.6095848E+01 8.3763675E+00
2026 07 25 14 41 00 000 -1.6078432E+01 -1.6096330E+01 8.3729117E+00
2026 07 25 14 41 30 000 -1.6074337E+01 -1.6096815E+01 8.3694467E+00
2026 07 25 14 42 00 000 -1.6070240E+01 -1.6097302E+01 8.3659725E+00
2026 07 25 14 42 30 000 -1.6066142E+01 -1.6097792E+01 8.3624890E+00
2026 07 25 14 43 00 000 -1.6062043E+01 -1.6098284E+01 8.3589964E+00
2026 07 25 14 43 30 000 -1.6057941E+01 -1.6098779E+01 8.3554946E+00
2026 07 25 14 44 00 000 -1.6053839E+01 -1.6099276E+01 8.3519836E+00
2026 07 25 14 44 30 000 -1.6049734E+01 -1.6099775E+01 8.3484636E+00
2026 07 25 14 45 00 000 -1.6045628E+01 -1.6100277E+01 8.3449344E+00
2026 07 25 14 45 30 000 -1.6041521E+01 -1.6100781E+01 8.3413962E+00
2026 07 25 14 46 00 000 -1.6037411E+01 -1.6101288E+01 8.3378489E+00
2026 07 25 14 46 30 000 -1.6033301E+01 -1.6101797E+01 8.3342926E+00
2026 07 25 14 47 00 000 -1.6029188E+01 -1.6102308E+01 8.3307274E+00
2026 07 25 14 47 30 000 -1.6025075E+01 -1.6102822E+01 8.3271531E+00
2026 07 25 14 48 00 000 -1.6020959E+01 -1.6103338E+01 8.3235700E+00
2026 07 25 14 48 30 000 -1.6016842E+01 -1.6103856E+01 8.3199779E+00
2026 07 25 14 49 00 000 -1.6012723E+01 -1.6104376E+01 8.3163770E+00
2026 07 25 14 49 30 000 -1.6008603E+01 -1.6104899E+01 8.3127672E+00
2026 07 25 14 50 00 000 -1.6004481E+01 -1.6105424E+01 8.3091486E+00
2026 07 25 14 50 30 000 -1.6000357E+01 -1.6105951E+01 8.3055212E+00
2026 07 25 14 51 00 000 -1.5996232E+01 -1.6106480E+01 8.3018850E+00
2026 07 25 14 51 30 000 -1.5992106E+01 -1.6107012E+01 8.2982400E+00
2026 07 25 14 52 00 000 -1.5987977E+01 -1.6107545E+01 8.2945864E+00
2026 07 25 14 52 30 000 -1.5983848E+01 -1.6108081E+01 8.2909240E+00
2026 07 25 14 53 00 000 -1.5979716E+01 -1.6108618E+01 8.2872530E+00
2026 07 25 14 53 30 000 -1.5975583E+01 -1.6109158E+01 8.2835733E+00
2026 07 25 14 54 00 000 -1.5971448E+01 -1.6109700E+01 8.2798850E+00
2026 07 25 14 54 30 000 -1.5967312E+01 -1.6110244E+01 8.2761881E+00
2026 07 25 14 55 00 000 -1.5963174E+01 -1.6110789E+01 8.2724827E+00
2026 07 25 14 55 30 000 -1.5959035E+01 -1.6111337E+01 8.2687687E+00
2026 07 25 14 56 00 000 -1.5954894E+01 -1.6111887E+01 8.2650462E+00
2026 07 25 14 56 30 000 -1.5950752E+01 -1.6112439E+01 8.2613152E+00
2026 07 25 14 57 00 000 -1.5946607E+01 -1.6112992E+01 8.2575758E+00
2026 07 25 14 57 30 000 -1.5942462E+01 -1.6113548E+01 8.2538280E+00
2026 07 25 14 58 00 000 -1.5938314E+01 -1.6114105E+01 8.2500718E+00
2026 07 25 14 58 30 000 -1.5934165E+01 -1.6114664E+01 8.2463071E+00
2026 07 25 14 59 00 000 -1.5930015E+01 -1.6115225E+01 8.2425342E+00
2026 07 25 14 59 30 000 -1.5925863E+01 -1.6115788E+01 8.2387529E+00
2026 07 25 15 00 00 000 -1.5921709E+01 -1.6116353E+01 8.2349634E+00
2026 07 25 15 00 30 000 -1.5917554E+01 -1.6116919E+01 8.2311656E+00
2026 07 25 15 01 00 000 -1.5913397E+01 -1.6117488E+01 8.2273595E+00
2026 07 25 15 01 30 000 -1.5909238E+01 -1.6118058E+01 8.2235453E+00
2026 07 25 15 02 00 000 -1.5905078E+01 -1.6118629E+01 8.2197229E+00
2026 07 25 15 02 30 000 -1.5900916E+01 -1.6119203E+01 8.2158923E+00
2026 07 25 15 03 00 000 -1.5896753E+01 -1.6119778E+01 8.2120537E+00
2026 07 25 15 03 30 000 -1.5892588E+01 -1.6120354E+01 8.2082069E+00
2026 07 25 15 04 00 000 -1.5888422E+01 -1.6120933E+01 8.2043521E+00
2026 07 25 15 04 30 000 -1.5884254E+01 -1.6121513E+01 8.2004893E+00
2026 07 25 15 05 00 000 -1.5880084E+01 -1.6122094E+01 8.1966184E+00
2026 07 25 15 05 30 000 -1.5875913E+01 -1.6122677E+01 8.1927396E+00
2026 07 25 15 06 00 000 -1.5871740E+01 -1.6123262E+01 8.1888528E+00
2026 07 25 15 06 30 000 -1.5867566E+01 -1.6123848E+01 8.1849581E+00
2026 07 25 15 07 00 000 -1.5863389E+01 -1.6124436E+01 8.1810556E+00
2026 07 25 15 07 30 000 -1.5859212E+01 -1.6125025E+01 8.1771452E+00
2026 07 25 15 08 00 000 -1.5855033E+01 -1.6125616E+01 8.1732269E+00
2026 07 25 15 08 30 000 -1.5850852E+01 -1.6126208E+01 8.1693009E+00
2026 07 25 15 09 00 000 -1.5846669E+01 -1.6126801E+01 8.1653671E+00
2026 07 25 15 09 30 000 -1.5842485E+01 -1.6127396E+01 8.1614255E+00
2026 07 25 15 10 00 000 -1.5838299E+01 -1.6127992E+01 8.1574763E+00
2026 07 25 15 10 30 000 -1.5834112E+01 -1.6128590E+01 8.1535193E+00
2026 07 25 15 11 00 000 -1.5829923E+01 -1.6129189E+01 8.1495547E+00
2026 07 25 15 11 30 000 -1.5825733E+01 -1.6129789E+01 8.1455826E+00
2026 07 25 15 12 00 000 -1.5821541E+01 -1.6130391E+01 8.1416027E+00
2026 07 25 15 12 30 000 -1.5817347E+01 -1.6130994E+01 8.1376154E+00
2026 07 25 15 13 00 000 -1.5813152E+01 -1.6131598E+01 8.1336205E+00
2026 07 25 15 13 30 000 -1.5808955E+01 -1.6132203E+01 8.1296181E+00
2026 07 25 15 14 00 000 -1.5804757E+01 -1.6132810E+01 8.1256082E+00
2026 07 25 15 14 30 000 -1.5800556E+01 -1.6133418E+01 8.1215909E+00
2026 07 25 15 15 00 000 -1.5796355E+01 -1.6134026E+01 8.1175662E+00
2026 07 25 15 15 30 000 -1.5792151E+01 -1.6134636E+01 8.1135341E+00
2026 07 25 15 16 00 000 -1.5787946E+01 -1.6135248E+01 8.1094946E+00
2026 07 25 15 16 30 000 -1.5783740E+01 -1.6135860E+01 8.1054479E+00
2026 07 25 15 17 00 000 -1.5779532E+01 -1.6136473E+01 8.1013938E+00
2026 07 25 15 17 30 000 -1.5775322E+01 -1.6137088E+01 8.0973325E+00
2026 07 25 15 18 00 000 -1.5771111E+01 -1.6137703E+01 8.0932639E+00
2026 07 25 15 18 30 000 -1.5766898E+01 -1.6138320E+01 8.0891882E+00
2026 07 25 15 19 00 000 -1.5762683E+01 -1.6138937E+01 8.0851053E+00
2026 07 25 15 19 30 000 -1.5758467E+01 -1.6139555E+01 8.0810152E+00
2026 07 25 15 20 00 000 -1.5754249E+01 -1.6140175E+01 8.0769181E+00
2026 07 25 15 20 30 000 -1.5750030E+01 -1.6140795E+01 8.0728139E+00
2026 07 25 15 21 00 000 -1.5745809E+01 -1.6141416E+01 8.0687026E+00
2026 07 25 15 21 30 000 -1.5741586E+01 -1.6142039E+01 8.0645843E+00
2026 07 25 15 22 00 000 -1.5737362E+01 -1.6142661E+01 8.0604591E+00
2026 07 25 15 22 30 000 -1.5733136E+01 -1.6143285E+01 8.0563269E+00
2026 07 25 15 23 00 000 -1.5728909E+01 -1.6143910E+01 8.0521878E+00
2026 07 25 15 23 30 000 -1.5724680E+01 -1.6144535E+01 8.0480418E+00
2026 07 25 15 24 00 000 -1.5720449E+01 -1.6145162E+01 8.0438889E+00
2026 07 25 15 24 30 000 -1.5716217E+01 -1.6145789E+01 8.0397292E+00
2026 07 25 15 25 00 000 -1.5711983E+01 -1.6146416E+01 8.0355628E+00
2026 07 25 15 25 30 000 -1.5707748E+01 -1.6147045E+01 8.0313896E+00
2026 07 25 15 26 00 000 -1.5703510E+01 -1.6147674E+01 8.0272096E+00
2026 07 25 15 26 30 000 -1.5699272E+01 -1.6148304E+01 8.0230229E+00
2026 07 25 15 27 00 000 -1.5695031E+01 -1.6148934E+01 8.0188296E+00
2026 07 25 15 27 30 000 -1.5690789E+01 -1.6149565E+01 8.0146297E+00
2026 07 25 15 28 00 000 -1.5686546E+01 -1.6150197E+01 8.0104231E+00
2026 07 25 15 28 30 000 -1.5682301E+01 -1.6150829E+01 8.0062100E+00
2026 07 25 15 29 00 000 -1.5678054E+01 -1.6151462E+01 8.0019904E+00
2026 07 25 15 29 30 000 -1.5673806E+01 -1.6152096E+01 7.9977642E+00
2026 07 25 15 30 00 000 -1.5669556E+01 -1.6152730E+01 7.9935316E+00
2026 07 25 15 30 30 000 -1.5665304E+01 -1.6153364E+01 7.9892926E+00
2026 07 25 15 31 00 000 -1.5661051E+01 -1.6153999E+01 7.9850471E+00
2026 07 25 15 31 30 000 -1.5656796E+01 -1.6154634E+01 7.9807953E+00
2026 07 25 15 32 00 000 -1.5652539E+01 -1.6155270E+01 7.9765371E+00
2026 07 25 15 32 30 000 -1.5648281E+01 -1.6155906E+01 7.9722727E+00
2026 07 25 15 33 00 000 -1.5644022E+01 -1.6156543E+01 7.9680019E+00
2026 07 25 15 33 30 000 -1.5639760E+01 -1.6157180E+01 7.9637249E+00
2026 07 25 15 34 00 000 -1.5635497E+01 -1.6157817E+01 7.9594417E+00
2026 07 25 15 34 30 000 -1.5631233E+01 -1.6158455E+01 7.9551523E+00
2026 07 25 15 35 00 000 -1.5626966E+01 -1.6159093E+01 7.9508569E+00
2026 07 25 15 35 30 000 -1.5622699E+01 -1.6159731E+01 7.9465553E+00
2026 07 25 15 36 00 000 -1.5618429E+01 -1.6160370E+01 7.9422476E+00
2026 07 25 15 36 30 000 -1.5614158E+01 -1.6161008E+01 7.9379338E+00
2026 07 25 15 37 00 000 -1.5609886E+01 -1.6161647E+01 7.9336141E+00
2026 07 25 15 37 30 000 -1.5605611E+01 -1.6162287E+01 7.9292884E+00
2026 07 25 15 38 00 000 -1.5601335E+01 -1.6162926E+01 7.9249567E+00
2026 07 25 15 38 30 000 -1.5597058E+01 -1.6163565E+01 7.9206191E+00
2026 07 25 15 39 00 000 -1.5592779E+01 -1.6164205E+01 7.9162757E+00
2026 07 25 15 39 30 000 -1.5588498E+01 -1.6164845E+01 7.9119264E+00
2026 07 25 15 40 00 000 -1.5584215E+01 -1.6165485E+01 7.9075713E+00
2026 07 25 15 40 30 000 -1.5579931E+01 -1.6166125E+01 7.9032105E+00
2026 07 25 15 41 00 000 -1.5575646E+01 -1.6166765E+01 7.8988438E+00
2026 07 25 15 41 30 000 -1.5571359E+01 -1.6167405E+01 7.8944715E+00
2026 07 25 15 42 00 000 -1.5567070E+01 -1.6168045E+01 7.8900935E+00
2026 07 25 15 42 30 000 -1.5562779E+01 -1.6168685E+01 7.8857099E+00
2026 07 25 15 43 00 000 -1.5558487E+01 -1.6169324E+01 7.8813207E+00
2026 07 25 15 43 30 000 -1.5554193E+01 -1.6169964E+01 7.8769259E+00
2026 07 25 15 44 00 000 -1.5549898E+01 -1.6170604E+01 7.8725256E+00
2026 07 25 15 44 30 000 -1.5545601E+01 -1.6171244E+01 7.8681197E+00
2026 07 25 15 45 00 000 -1.5541302E+01 -1.6171884E+01 7.8637084E+00
2026 07 25 15 45 30 000 -1.5537002E+01 -1.6172523E+01 7.8592917E+00
2026 07 25 15 46 00 000 -1.5532700E+01 -1.6173162E+01 7.8548696E+00
2026 07 25 15 46 30 000 -1.5528397E+01 -1.6173801E+01 7.8504421E+00
2026 07 25 15 47 00 000 -1.5524092E+01 -1.6174440E+01 7.8460093E+00
2026 07 25 15 47 30 000 -1.5519785E+01 -1.6175079E+01 7.8415712E+00
2026 07 25 15 48 00 000 -1.5515476E+01 -1.6175717E+01 7.8371278E+00
2026 07 25 15 48 30 000 -1.5511166E+01 -1.6176355E+01 7.8326792E+00
2026 07 25 15 49 00 000 -1.5506855E+01 -1.6176993E+01 7.8282254E+00
2026 07 25 15 49 30 000 -1.5502541E+01 -1.6177631E+01 7.8237665E+00
2026 07 25 15 50 00 000 -1.5498227E+01 -1.6178268E+01 7.8193024E+00
2026 07 25 15 50 30 000 -1.5493910E+01 -1.6178905E+01 7.8148333E+00
2026 07 25 15 51 00 000 -1.5489592E+01 -1.6179541E+01 7.8103591E+00
2026 07 25 15 51 30 000 -1.5485272E+01 -1.6180177E+01 7.8058799E+00
2026 07 25 15 52 00 000 -1.5480951E+01 -1.6180813E+01 7.8013957E+00
2026 07 25 15 52 30 000 -1.5476628E+01 -1.6181448E+01 7.7969066E+00
2026 07 25 15 53 00 000 -1.5472303E+01 -1.6182082E+01 7.7924125E+00
2026 07 25 15 53 30 000 -1.5467977E+01 -1.6182717E+01 7.7879136E+00
2026 07 25 15 54 00 000 -1.5463649E+01 -1.6183350E+01 7.7834099E+00
2026 07 25 15 54 30 000 -1.5459319E+01 -1.6183983E+01 7.7789013E+00
2026 07 25 15 55 00 000 -1.5454988E+01 -1.6184616E+01 7.7743880E+00
2026 07 25 15 55 30 000 -1.5450655E+01 -1.6185248E+01 7.7698700E+00
2026 07 25 15 56 00 000 -1.5446321E+01 -1.6185879E+01 7.7653472E+00
2026 07 25 15 56 30 000 -1.5441985E+01 -1.6186510E+01 7.7608198E+00
2026 07 25 15 57 00 000 -1.5437647E+01 -1.6187140E+01 7.7562878E+00
2026 07 25 15 57 30 000 -1.5433308E+01 -1.6187770E+01 7.7517512E+00
2026 07 25 15 58 00 000 -1.5428967E+01 -1.6188398E+01 7.7472100E+00
2026 07 25 15 58 30 000 -1.5424624E+01 -1.6189027E+01 7.7426644E+00
2026 07 25 15 59 00 000 -1.5420280E+01 -1.6189654E+01 7.7381142E+00
2026 07 25 15 59 30 000 -1.5415934E+01 -1.6190281E+01 7.7335596E+00
2026 07 25 16 00 00 000 -1.5411586E+01 -1.6190906E+01 7.7290006E+00
2026 07 25 16 00 30 000 -1.5407237E+01 -1.6191531E+01 7.7244372E+00
2026 07 25 16 01 00 000 -1.5402886E+01 -1.6192156E+01 7.7198695E+00
2026 07 25 16 01 30 000 -1.5398534E+01 -1.6192779E+01 7.7152975E+00
2026 07 25 16 02 00 000 -1.5394180E+01 -1.6193402E+01 7.7107212E+00
2026 07 25 16 02 30 000 -1.5389824E+01 -1.6194023E+01 7.7061407E+00
2026 07 25 16 03 00 000 -1.5385467E+01 -1.6194644E+01 7.7015560E+00
2026 07 25 16 03 30 000 -1.5381108E+01 -1.6195264E+01 7.6969671E+00
2026 07 25 16 04 00 000 -1.5376747E+01 -1.6195883E+01 7.6923742E+00
2026 07 25 16 04 30 000 -1.5372385E+01 -1.6196501E+01 7.6877771E+00
2026 07 25 16 05 00 000 -1.5368021E+01 -1.6197118E+01 7.6831760E+00
2026 07 25 16 05 30 000 -1.5363655E+01 -1.6197734E+01 7.6785709E+00
2026 07 25 16 06 00 000 -1.5359288E+01 -1.6198349E+01 7.6739618E+00
2026 07 25 16 06 30 000 -1.5354919E+01 -1.6198963E+01 7.6693488E+00
2026 07 25 16 07 00 000 -1.5350549E+01 -1.6199576E+01 7.6647319E+00
2026 07 25 16 07 30 000 -1.5346177E+01 -1.6200188E+01 7.6601112E+00
2026 07 25 16 08 00 000 -1.5341803E+01 -1.6200798E+01 7.6554866E+00
2026 07 25 16 08 30 000 -1.5337427E+01 -1.6201408E+01 7.6508582E+00
2026 07 25 16 09 00 000 -1.5333050E+01 -1.6202016E+01 7.6462261E+00
2026 07 25 16 09 30 000 -1.5328672E+01 -1.6202624E+01 7.6415903E+00
2026 07 25 16 10 00 000 -1.5324291E+01 -1.6203230E+01 7.6369508E+00
2026 07 25 16 10 30 000 -1.5319909E+01 -1.6203834E+01 7.6323076E+00
2026 07 25 16 11 00 000 -1.5315526E+01 -1.6204438E+01 7.6276609E+00
2026 07 25 16 11 30 000 -1.5311141E+01 -1.6205040E+01 7.6230106E+00
2026 07 25 16 12 00 000 -1.5306754E+01 -1.6205641E+01 7.6183567E+00
2026 07 25 16 12 30 000 -1.5302365E+01 -1.6206241E+01 7.6136994E+00
2026 07 25 16 13 00 000 -1.5297975E+01 -1.6206840E+01 7.6090386E+00
2026 07 25 16 13 30 000 -1.5293583E+01 -1.6207437E+01 7.6043744E+00
2026 07 25 16 14 00 000 -1.5289189E+01 -1.6208033E+01 7.5997068E+00
2026 07 25 16 14 30 000 -1.5284794E+01 -1.6208627E+01 7.5950359E+00
2026 07 25 16 15 00 000 -1.5280398E+01 -1.6209220E+01 7.5903617E+00
2026 07 25 16 15 30 000 -1.5275999E+01 -1.6209812E+01 7.5856842E+00
2026 07 25 16 16 00 000 -1.5271599E+01 -1.6210402E+01 7.5810035E+00
2026 07 25 16 16 30 000 -1.5267197E+01 -1.6210991E+01 7.5763196E+00
2026 07 25 16 17 00 000 -1.5262794E+01 -1.6211578E+01 7.5716326E+00
2026 07 25 16 17 30 000 -1.5258389E+01 -1.6212163E+01 7.5669424E+00
2026 07 25 16 18 00 000 -1.5253982E+01 -1.6212748E+01 7.5622492E+00
2026 07 25 16 18 30 000 -1.5249574E+01 -1.6213330E+01 7.5575529E+00
2026 07 25 16 19 00 000 -1.5245164E+01 -1.6213911E+01 7.5528536E+00
2026 07 25 16 19 30 000 -1.5240752E+01 -1.6214491E+01 7.5481514E+00
2026 07 25 16 20 00 000 -1.5236339E+01 -1.6215069E+01 7.5434462E+00
2026 07 25 16 20 30 000 -1.5231924E+01 -1.6215645E+01 7.5387382E+00
2026 07 25 16 21 00 000 -1.5227507E+01 -1.6216220E+01 7.5340273E+00
2026 07 25 16 21 30 000 -1.5223089E+01 -1.6216793E+01 7.5293135E+00
2026 07 25 16 22 00 000 -1.5218669E+01 -1.6217364E+01 7.5245971E+00
2026 07 25 16 22 30 000 -1.5214248E+01 -1.6217934E+01 7.5198778E+00
2026 07 25 16 23 00 000 -1.5209824E+01 -1.6218501E+01 7.5151559E+00
2026 07 25 16 23 30 000 -1.5205400E+01 -1.6219067E+01 7.5104313E+00
2026 07 25 16 24 00 000 -1.5200973E+01 -1.6219632E+01 7.5057041E+00
2026 07 25 16 24 30 000 -1.5196545E+01 -1.6220194E+01 7.5009743E+00
2026 07 25 16 25 00 000 -1.5192115E+01 -1.6220755E+01 7.4962420E+00
2026 07 25 16 25 30 000 -1.5187684E+01 -1.6221314E+01 7.4915072E+00
2026 07 25 16 26 00 000 -1.5183251E+01 -1.6221871E+01 7.4867699E+00
2026 07 25 16 26 30 000 -1.5178816E+01 -1.6222426E+01 7.4820302E+00
2026 07 25 16 27 00 000 -1.5174379E+01 -1.6222980E+01 7.4772881E+00
2026 07 25 16 27 30 000 -1.5169941E+01 -1.6223531E+01 7.4725436E+00
2026 07 25 16 28 00 000 -1.5165502E+01 -1.6224081E+01 7.4677968E+00
2026 07 25 16 28 30 000 -1.5161060E+01 -1.6224628E+01 7.4630478E+00
2026 07 25 16 29 00 000 -1.5156617E+01 -1.6225174E+01 7.4582965E+00
2026 07 25 16 29 30 000 -1.5152172E+01 -1.6225717E+01 7.4535430E+00
2026 07 25 16 30 00 000 -1.5147726E+01 -1.6226259E+01 7.4487873E+00
2026 07 25 16 30 30 000 -1.5143278E+01 -1.6226799E+01 7.4440295E+00
2026 07 25 16 31 00 000 -1.5138828E+01 -1.6227336E+01 7.4392697E+00
2026 07 25 16 31 30 000 -1.5134377E+01 -1.6227872E+01 7.4345078E+00
2026 07 25 16 32 00 000 -1.5129924E+01 -1.6228405E+01 7.4297439E+00
2026 07 25 16 32 30 000 -1.5125469E+01 -1.6228936E+01 7.4249780E+00
2026 07 25 16 33 00 000 -1.5121013E+01 -1.6229465E+01 7.4202102E+00
2026 07 25 16 33 30 000 -1.5116555E+01 -1.6229993E+01 7.4154405E+00
2026 07 25 16 34 00 000 -1.5112095E+01 -1.6230517E+01 7.4106690E+00
2026 07 25 16 34 30 000 -1.5107634E+01 -1.6231040E+01 7.4058956E+00
2026 07 25 16 35 00 000 -1.5103171E+01 -1.6231561E+01 7.4011205E+00
2026 07 25 16 35 30 000 -1.5098706E+01 -1.6232079E+01 7.3963436E+00
2026 07 25 16 36 00 000 -1.5094240E+01 -1.6232595E+01 7.3915651E+00
2026 07 25 16 36 30 000 -1.5089772E+01 -1.6233109E+01 7.3867849E+00
2026 07 25 16 37 00 000 -1.5085302E+01 -1.6233620E+01 7.3820031E+00
2026 07 25 16 37 30 000 -1.5080831E+01 -1.6234129E+01 7.3772197E+00
2026 07 25 16 38 00 000 -1.5076358E+01 -1.6234636E+01 7.3724347E+00
2026 07 25 16 38 30 000 -1.5071884E+01 -1.6235141E+01 7.3676483E+00
2026 07 25 16 39 00 000 -1.5067407E+01 -1.6235643E+01 7.3628604E+00
2026 07 25 16 39 30 000 -1.5062929E+01 -1.6236142E+01 7.3580711E+00
2026 07 25 16 40 00 000 -1.5058450E+01 -1.6236640E+01 7.3532804E+00
2026 07 25 16 40 30 000 -1.5053968E+01 -1.6237135E+01 7.3484883E+00
2026 07 25 16 41 00 000 -1.5049485E+01 -1.6237627E+01 7.3436950E+00
2026 07 25 16 41 30 000 -1.5045001E+01 -1.6238117E+01 7.3389004E+00
2026 07 25 16 42 00 000 -1.5040514E+01 -1.6238605E+01 7.3341046E+00
2026 07 25 16 42 30 000 -1.5036027E+01 -1.6239090E+01 7.3293075E+00
2026 07 25 16 43 00 000 -1.5031537E+01 -1.6239573E+01 7.3245093E+00
2026 07 25 16 43 30 000 -1.5027046E+01 -1.6240053E+01 7.3197101E+00
2026 07 25 16 44 00 000 -1.5022553E+01 -1.6240530E+01 7.3149097E+00
2026 07 25 16 44 30 000 -1.5018058E+01 -1.6241005E+01 7.3101083E+00
2026 07 25 16 45 00 000 -1.5013562E+01 -1.6241478E+01 7.3053060E+00
2026 07 25 16 45 30 000 -1.5009064E+01 -1.6241948E+01 7.3005027E+00
2026 07 25 16 46 00 000 -1.5004564E+01 -1.6242415E+01 7.2956984E+00
2026 07 25 16 46 30 000 -1.5000063E+01 -1.6242879E+01 7.2908933E+00
2026 07 25 16 47 00 000 -1.4995560E+01 -1.6243341E+01 7.2860874E+00
2026 07 25 16 47 30 000 -1.4991055E+01 -1.6243801E+01 7.2812806E+00
2026 07 25 16 48 00 000 -1.4986549E+01 -1.6244257E+01 7.2764732E+00
2026 07 25 16 48 30 000 -1.4982041E+01 -1.6244711E+01 7.2716650E+00
2026 07 25 16 49 00 000 -1.4977531E+01 -1.6245162E+01 7.2668561E+00
2026 07 25 16 49 30 000 -1.4973020E+01 -1.6245610E+01 7.2620466E+00
2026 07 25 16 50 00 000 -1.4968507E+01 -1.6246056E+01 7.2572365E+00
2026 07 25 16 50 30 000 -1.4963992E+01 -1.6246499E+01 7.2524258E+00
2026 07 25 16 51 00 000 -1.4959476E+01 -1.6246938E+01 7.2476146E+00
2026 07 25 16 51 30 000 -1.4954958E+01 -1.6247376E+01 7.2428030E+00
2026 07 25 16 52 00 000 -1.4950438E+01 -1.6247810E+01 7.2379908E+00
2026 07 25 16 52 30 000 -1.4945916E+01 -1.6248241E+01 7.2331784E+00
2026 07 25 16 53 00 000 -1.4941393E+01 -1.6248670E+01 7.2283655E+00
2026 07 25 16 53 30 000 -1.4936868E+01 -1.6249095E+01 7.2235523E+00
2026 07 25 16 54 00 000 -1.4932342E+01 -1.6249518E+01 7.2187389E+00
2026 07 25 16 54 30 000 -1.4927814E+01 -1.6249938E+01 7.2139252E+00
2026 07 25 16 55 00 000 -1.4923284E+01 -1.6250355E+01 7.2091113E+00
2026 07 25 16 55 30 000 -1.4918753E+01 -1.6250769E+01 7.2042972E+00
2026 07 25 16 56 00 000 -1.4914219E+01 -1.6251180E+01 7.1994830E+00
2026 07 25 16 56 30 000 -1.4909685E+01 -1.6251588E+01 7.1946687E+00
2026 07 25 16 57 00 000 -1.4905148E+01 -1.6251993E+01 7.1898544E+00
2026 07 25 16 57 30 000 -1.4900610E+01 -1.6252394E+01 7.1850401E+00
2026 07 25 16 58 00 000 -1.4896070E+01 -1.6252793E+01 7.1802258E+00
2026 07 25 16 58 30 000 -1.4891529E+01 -1.6253189E+01 7.1754116E+00
2026 07 25 16 59 00 000 -1.4886985E+01 -1.6253581E+01 7.1705975E+00
2026 07 25 16 59 30 000 -1.4882440E+01 -1.6253971E+01 7.1657835E+00
2026 07 25 17 00 00 000 -1.4877894E+01 -1.6254357E+01 7.1609698E+00
2026 07 25 17 00 30 000 -1.4873345E+01 -1.6254741E+01 7.1561563E+00
2026 07 25 17 01 00 000 -1.4868795E+01 -1.6255121E+01 7.1513430E+00
2026 07 25 17 01 30 000 -1.4864244E+01 -1.6255498E+01 7.1465300E+00
2026 07 25 17 02 00 000 -1.4859691E+01 -1.6255871E+01 7.1417174E+00
2026 07 25 17 02 30 000 -1.4855135E+01 -1.6256242E+01 7.1369052E+00
2026 07 25 17 03 00 000 -1.4850579E+01 -1.6256609E+01 7.1320935E+00
2026 07 25 17 03 30 000 -1.4846020E+01 -1.6256973E+01 7.1272822E+00
2026 07 25 17 04 00 000 -1.4841460E+01 -1.6257334E+01 7.1224714E+00
2026 07 25 17 04 30 000 -1.4836899E+01 -1.6257691E+01 7.1176612E+00
2026 07 25 17 05 00 000 -1.4832335E+01 -1.6258046E+01 7.1128515E+00
2026 07 25 17 05 30 000 -1.4827770E+01 -1.6258396E+01 7.1080425E+00
2026 07 25 17 06 00 000 -1.4823203E+01 -1.6258744E+01 7.1032342E+00
2026 07 25 17 06 30 000 -1.4818635E+01 -1.6259088E+01 7.0984265E+00
2026 07 25 17 07 00 000 -1.4814064E+01 -1.6259429E+01 7.0936196E+00
2026 07 25 17 07 30 000 -1.4809493E+01 -1.6259766E+01 7.0888135E+00
2026 07 25 17 08 00 000 -1.4804919E+01 -1.6260100E+01 7.0840082E+00
2026 07 25 17 08 30 000 -1.4800344E+01 -1.6260431E+01 7.0792038E+00
2026 07 25 17 09 00 000 -1.4795767E+01 -1.6260758E+01 7.0744003E+00
2026 07 25 17 09 30 000 -1.4791188E+01 -1.6261082E+01 7.0695977E+00
2026 07 25 17 10 00 000 -1.4786608E+01 -1.6261402E+01 7.0647962E+00
2026 07 25 17 10 30 000 -1.4782026E+01 -1.6261719E+01 7.0599956E+00
2026 07 25 17 11 00 000 -1.4777442E+01 -1.6262032E+01 7.0551961E+00
2026 07 25 17 11 30 000 -1.4772857E+01 -1.6262342E+01 7.0503977E+00
2026 07 25 17 12 00 000 -1.4768270E+01 -1.6262649E+01 7.0456005E+00
2026 07 25 17 12 30 000 -1.4763681E+01 -1.6262951E+01 7.0408044E+00
2026 07 25 17 13 00 000 -1.4759091E+01 -1.6263250E+01 7.0360096E+00
2026 07 25 17 13 30 000 -1.4754499E+01 -1.6263546E+01 7.0312160E+00
2026 07 25 17 14 00 000 -1.4749905E+01 -1.6263838E+01 7.0264237E+00
2026 07 25 17 14 30 000 -1.4745309E+01 -1.6264126E+01 7.0216327E+00
2026 07 25 17 15 00 000 -1.4740712E+01 -1.6264411E+01 7.0168432E+00
2026 07 25 17 15 30 000 -1.4736113E+01 -1.6264692E+01 7.0120550E+00
2026 07 25 17 16 00 000 -1.4731513E+01 -1.6264970E+01 7.0072683E+00
2026 07 25 17 16 30 000 -1.4726910E+01 -1.6265243E+01 7.0024831E+00
2026 07 25 17 17 00 000 -1.4722306E+01 -1.6265514E+01 6.9976995E+00
2026 07 25 17 17 30 000 -1.4717701E+01 -1.6265780E+01 6.9929174E+00
2026 07 25 17 18 00 000 -1.4713093E+01 -1.6266043E+01 6.9881369E+00
2026 07 25 17 18 30 000 -1.4708484E+01 -1.6266301E+01 6.9833581E+00
2026 07 25 17 19 00 000 -1.4703873E+01 -1.6266557E+01 6.9785810E+00
2026 07 25 17 19 30 000 -1.4699261E+01 -1.6266808E+01 6.9738056E+00
2026 07 25 17 20 00 000 -1.4694647E+01 -1.6267056E+01 6.9690320E+00
2026 07 25 17 20 30 000 -1.4690031E+01 -1.6267299E+01 6.9642602E+00
2026 07 25 17 21 00 000 -1.4685413E+01 -1.6267539E+01 6.9594902E+00
2026 07 25 17 21 30 000 -1.4680794E+01 -1.6267776E+01 6.9547221E+00
2026 07 25 17 22 00 000 -1.4676173E+01 -1.6268008E+01 6.9499560E+00
2026 07 25 17 22 30 000 -1.4671550E+01 -1.6268236E+01 6.9451918E+00
2026 07 25 17 23 00 000 -1.4666926E+01 -1.6268461E+01 6.9404297E+00
2026 07 25 17 23 30 000 -1.4662300E+01 -1.6268681E+01 6.9356695E+00
2026 07 25 17 24 00 000 -1.4657672E+01 -1.6268898E+01 6.9309115E+00
2026 07 25 17 24 30 000 -1.4653043E+01 -1.6269111E+01 6.9261556E+00
2026 07 25 17 25 00 000 -1.4648411E+01 -1.6269320E+01 6.9214019E+00
2026 07 25 17 25 30 000 -1.4643779E+01 -1.6269525E+01 6.9166503E+00
2026 07 25 17 26 00 000 -1.4639144E+01 -1.6269726E+01 6.9119010E+00
2026 07 25 17 26 30 000 -1.4634508E+01 -1.6269923E+01 6.9071540E+00
2026 07 25 17 27 00 000 -1.4629870E+01 -1.6270116E+01 6.9024093E+00
2026 07 25 17 27 30 000 -1.4625230E+01 -1.6270305E+01 6.8976670E+00
2026 07 25 17 28 00 000 -1.4620588E+01 -1.6270490E+01 6.8929270E+00
2026 07 25 17 28 30 000 -1.4615945E+01 -1.6270671E+01 6.8881895E+00
2026 07 25 17 29 00 000 -1.4611300E+01 -1.6270848E+01 6.8834545E+00
2026 07 25 17 29 30 000 -1.4606654E+01 -1.6271020E+01 6.8787220E+00
2026 07 25 17 30 00 000 -1.4602006E+01 -1.6271189E+01 6.8739920E+00
2026 07 25 17 30 30 000 -1.4597356E+01 -1.6271354E+01 6.8692646E+00
2026 07 25 17 31 00 000 -1.4592704E+01 -1.6271514E+01 6.8645399E+00
2026 07 25 17 31 30 000 -1.4588050E+01 -1.6271671E+01 6.8598178E+00
2026 07 25 17 32 00 000 -1.4583395E+01 -1.6271823E+01 6.8550984E+00
2026 07 25 17 32 30 000 -1.4578738E+01 -1.6271971E+01 6.8503818E+00
2026 07 25 17 33 00 000 -1.4574080E+01 -1.6272115E+01 6.8456679E+00
2026 07 25 17 33 30 000 -1.4569420E+01 -1.6272254E+01 6.8409569E+00
2026 07 25 17 34 00 000 -1.4564758E+01 -1.6272390E+01 6.8362488E+00
2026 07 25 17 34 30 000 -1.4560094E+01 -1.6272521E+01 6.8315435E+00
2026 07 25 17 35 00 000 -1.4555429E+01 -1.6272648E+01 6.8268412E+00
2026 07 25 17 35 30 000 -1.4550762E+01 -1.6272771E+01 6.8221419E+00
2026 07 25 17 36 00 000 -1.4546093E+01 -1.6272890E+01 6.8174456E+00
2026 07 25 17 36 30 000 -1.4541422E+01 -1.6273004E+01 6.8127523E+00
2026 07 25 17 37 00 000 -1.4536750E+01 -1.6273114E+01 6.8080622E+00
2026 07 25 17 37 30 000 -1.4532076E+01 -1.6273220E+01 6.8033751E+00
2026 07 25 17 38 00 000 -1.4527400E+01 -1.6273321E+01 6.7986913E+00
2026 07 25 17 38 30 000 -1.4522723E+01 -1.6273418E+01 6.7940106E+00
2026 07 25 17 39 00 000 -1.4518044E+01 -1.6273511E+01 6.7893332E+00
2026 07 25 17 39 30 000 -1.4513363E+01 -1.6273599E+01 6.7846591E+00
2026 07 25 17 40 00 000 -1.4508681E+01 -1.6273683E+01 6.7799883E+00
2026 07 25 17 40 30 000 -1.4503996E+01 -1.6273763E+01 6.7753208E+00
2026 07 25 17 41 00 000 -1.4499310E+01 -1.6273838E+01 6.7706568E+00
2026 07 25 17 41 30 000 -1.4494623E+01 -1.6273909E+01 6.7659962E+00
2026 07 25 17 42 00 000 -1.4489933E+01 -1.6273976E+01 6.7613391E+00
2026 07 25 17 42 30 000 -1.4485242E+01 -1.6274038E+01 6.7566854E+00
2026 07 25 17 43 00 000 -1.4480549E+01 -1.6274095E+01 6.7520354E+00
2026 07 25 17 43 30 000 -1.4475855E+01 -1.6274148E+01 6.7473889E+00
2026 07 25 17 44 00 000 -1.4471159E+01 -1.6274197E+01 6.7427460E+00
2026 07 25 17 44 30 000 -1.4466461E+01 -1.6274241E+01 6.7381069E+00
2026 07 25 17 45 00 000 -1.4461761E+01 -1.6274281E+01 6.7334714E+00
2026 07 25 17 45 30 000 -1.4457060E+01 -1.6274316E+01 6.7288396E+00
2026 07 25 17 46 00 000 -1.4452357E+01 -1.6274347E+01 6.7242116E+00
2026 07 25 17 46 30 000 -1.4447652E+01 -1.6274373E+01 6.7195875E+00
2026 07 25 17 47 00 000 -1.4442945E+01 -1.6274395E+01 6.7149672E+00
2026 07 25 17 47 30 000 -1.4438237E+01 -1.6274412E+01 6.7103507E+00
2026 07 25 17 48 00 000 -1.4433527E+01 -1.6274424E+01 6.7057383E+00
2026 07 25 17 48 30 000 -1.4428815E+01 -1.6274432E+01 6.7011298E+00
2026 07 25 17 49 00 000 -1.4424102E+01 -1.6274436E+01 6.6965253E+00
2026 07 25 17 49 30 000 -1.4419387E+01 -1.6274434E+01 6.6919248E+00
2026 07 25 17 50 00 000 -1.4414670E+01 -1.6274429E+01 6.6873284E+00
2026 07 25 17 50 30 000 -1.4409951E+01 -1.6274418E+01 6.6827361E+00
2026 07 25 17 51 00 000 -1.4405231E+01 -1.6274403E+01 6.6781480E+00
2026 07 25 17 51 30 000 -1.4400509E+01 -1.6274383E+01 6.6735641E+00
2026 07 25 17 52 00 000 -1.4395785E+01 -1.6274358E+01 6.6689844E+00
2026 07 25 17 52 30 000 -1.4391059E+01 -1.6274329E+01 6.6644090E+00
2026 07 25 17 53 00 000 -1.4386332E+01 -1.6274295E+01 6.6598378E+00
2026 07 25 17 53 30 000 -1.4381603E+01 -1.6274257E+01 6.6552710E+00
2026 07 25 17 54 00 000 -1.4376872E+01 -1.6274213E+01 6.6507086E+00
2026 07 25 17 54 30 000 -1.4372140E+01 -1.6274165E+01 6.6461506E+00
2026 07 25 17 55 00 000 -1.4367406E+01 -1.6274113E+01 6.6415970E+00
2026 07 25 17 55 30 000 -1.4362670E+01 -1.6274055E+01 6.6370480E+00
2026 07 25 17 56 00 000 -1.4357932E+01 -1.6273993E+01 6.6325034E+00
2026 07 25 17 56 30 000 -1.4353193E+01 -1.6273926E+01 6.6279635E+00
2026 07 25 17 57 00 000 -1.4348452E+01 -1.6273854E+01 6.6234281E+00
2026 07 25 17 57 30 000 -1.4343709E+01 -1.6273777E+01 6.6188973E+00
2026 07 25 17 58 00 000 -1.4338964E+01 -1.6273696E+01 6.6143713E+00
2026 07 25 17 58 30 000 -1.4334218E+01 -1.6273609E+01 6.6098499E+00
2026 07 25 17 59 00 000 -1.4329470E+01 -1.6273518E+01 6.6053332E+00
2026 07 25 17 59 30 000 -1.4324720E+01 -1.6273422E+01 6.6008214E+00
2026 07 25 18 00 00 000 -1.4319969E+01 -1.6273322E+01 6.5963144E+00
2026 07 25 18 00 30 000 -1.4315216E+01 -1.6273216E+01 6.5918122E+00
2026 07 25 18 01 00 000 -1.4310461E+01 -1.6273105E+01 6.5873149E+00
2026 07 25 18 01 30 000 -1.4305704E+01 -1.6272990E+01 6.5828225E+00
2026 07 25 18 02 00 000 -1.4300946E+01 -1.6272870E+01 6.5783351E+00
2026 07 25 18 02 30 000 -1.4296185E+01 -1.6272744E+01 6.5738527E+00
2026 07 25 18 03 00 000 -1.4291424E+01 -1.6272614E+01 6.5693753E+00
2026 07 25 18 03 30 000 -1.4286660E+01 -1.6272479E+01 6.5649030E+00
2026 07 25 18 04 00 000 -1.4281895E+01 -1.6272339E+01 6.5604358E+00
2026 07 25 18 04 30 000 -1.4277128E+01 -1.6272194E+01 6.5559737E+00
2026 07 25 18 05 00 000 -1.4272359E+01 -1.6272044E+01 6.5515169E+00
2026 07 25 18 05 30 000 -1.4267588E+01 -1.6271889E+01 6.5470652E+00
2026 07 25 18 06 00 000 -1.4262816E+01 -1.6271729E+01 6.5426187E+00
2026 07 25 18 06 30 000 -1.4258042E+01 -1.6271564E+01 6.5381776E+00
2026 07 25 18 07 00 000 -1.4253266E+01 -1.6271394E+01 6.5337418E+00
2026 07 25 18 07 30 000 -1.4248488E+01 -1.6271219E+01 6.5293113E+00
2026 07 25 18 08 00 000 -1.4243709E+01 -1.6271039E+01 6.5248863E+00
2026 07 25 18 08 30 000 -1.4238928E+01 -1.6270854E+01 6.5204666E+00
2026 07 25 18 09 00 000 -1.4234145E+01 -1.6270664E+01 6.5160524E+00
2026 07 25 18 09 30 000 -1.4229361E+01 -1.6270469E+01 6.5116437E+00
2026 07 25 18 10 00 000 -1.4224575E+01 -1.6270269E+01 6.5072406E+00
2026 07 25 18 10 30 000 -1.4219787E+01 -1.6270064E+01 6.5028430E+00
2026 07 25 18 11 00 000 -1.4214997E+01 -1.6269854E+01 6.4984510E+00
2026 07 25 18 11 30 000 -1.4210205E+01 -1.6269638E+01 6.4940647E+00
2026 07 25 18 12 00 000 -1.4205412E+01 -1.6269418E+01 6.4896840E+00
2026 07 25 18 12 30 000 -1.4200617E+01 -1.6269192E+01 6.4853090E+00
2026 07 25 18 13 00 000 -1.4195821E+01 -1.6268961E+01 6.4809398E+00
2026 07 25 18 13 30 000 -1.4191022E+01 -1.6268725E+01 6.4765763E+00
2026 07 25 18 14 00 000 -1.4186222E+01 -1.6268484E+01 6.4722187E+00
2026 07 25 18 14 30 000 -1.4181420E+01 -1.6268238E+01 6.4678669E+00
2026 07 25 18 15 00 000 -1.4176616E+01 -1.6267986E+01 6.4635210E+00
2026 07 25 18 15 30 000 -1.4171811E+01 -1.6267730E+01 6.4591810E+00
2026 07 25 18 16 00 000 -1.4167004E+01 -1.6267468E+01 6.4548469E+00
2026 07 25 18 16 30 000 -1.4162195E+01 -1.6267201E+01 6.4505189E+00
2026 07 25 18 17 00 000 -1.4157384E+01 -1.6266929E+01 6.4461968E+00
2026 07 25 18 17 30 000 -1.4152572E+01 -1.6266651E+01 6.4418808E+00
2026 07 25 18 18 00 000 -1.4147757E+01 -1.6266369E+01 6.4375709E+00
2026 07 25 18 18 30 000 -1.4142941E+01 -1.6266081E+01 6.4332671E+00
2026 07 25 18 19 00 000 -1.4138124E+01 -1.6265788E+01 6.4289695E+00
2026 07 25 18 19 30 000 -1.4133304E+01 -1.6265489E+01 6.4246781E+00
2026 07 25 18 20 00 000 -1.4128483E+01 -1.6265186E+01 6.4203929E+00
2026 07 25 18 20 30 000 -1.4123660E+01 -1.6264877E+01 6.4161139E+00
2026 07 25 18 21 00 000 -1.4118835E+01 -1.6264563E+01 6.4118412E+00
2026 07 25 18 21 30 000 -1.4114009E+01 -1.6264243E+01 6.4075749E+00
2026 07 25 18 22 00 000 -1.4109181E+01 -1.6263919E+01 6.4033149E+00
2026 07 25 18 22 30 000 -1.4104351E+01 -1.6263589E+01 6.3990613E+00
2026 07 25 18 23 00 000 -1.4099519E+01 -1.6263253E+01 6.3948142E+00
2026 07 25 18 23 30 000 -1.4094686E+01 -1.6262913E+01 6.3905735E+00
2026 07 25 18 24 00 000 -1.4089851E+01 -1.6262566E+01 6.3863393E+00
2026 07 25 18 24 30 000 -1.4085014E+01 -1.6262215E+01 6.3821116E+00
2026 07 25 18 25 00 000 -1.4080175E+01 -1.6261858E+01 6.3778905E+00
2026 07 25 18 25 30 000 -1.4075334E+01 -1.6261496E+01 6.3736759E+00
2026 07 25 18 26 00 000 -1.4070492E+01 -1.6261129E+01 6.3694680E+00
2026 07 25 18 26 30 000 -1.4065648E+01 -1.6260756E+01 6.3652668E+00
2026 07 25 18 27 00 000 -1.4060802E+01 -1.6260378E+01 6.3610722E+00
2026 07 25 18 27 30 000 -1.4055955E+01 -1.6259994E+01 6.3568844E+00
2026 07 25 18 28 00 000 -1.4051106E+01 -1.6259605E+01 6.3527033E+00
2026 07 25 18 28 30 000 -1.4046255E+01 -1.6259211E+01 6.3485290E+00
2026 07 25 18 29 00 000 -1.4041402E+01 -1.6258811E+01 6.3443615E+00
2026 07 25 18 29 30 000 -1.4036547E+01 -1.6258406E+01 6.3402009E+00
2026 07 25 18 30 00 000 -1.4031691E+01 -1.6257995E+01 6.3360472E+00
2026 07 25 18 30 30 000 -1.4026833E+01 -1.6257579E+01 6.3319003E+00
2026 07 25 18 31 00 000 -1.4021973E+01 -1.6257157E+01 6.3277605E+00
2026 07 25 18 31 30 000 -1.4017112E+01 -1.6256730E+01 6.3236276E+00
2026 07 25 18 32 00 000 -1.4012248E+01 -1.6256298E+01 6.3195018E+00
2026 07 25 18 32 30 000 -1.4007383E+01 -1.6255860E+01 6.3153830E+00
2026 07 25 18 33 00 000 -1.4002516E+01 -1.6255416E+01 6.3112712E+00
2026 07 25 18 33 30 000 -1.3997648E+01 -1.6254967E+01 6.3071666E+00
2026 07 25 18 34 00 000 -1.3992777E+01 -1.6254513E+01 6.3030691E+00
2026 07 25 18 34 30 000 -1.3987905E+01 -1.6254053E+01 6.2989788E+00
2026 07 25 18 35 00 000 -1.3983031E+01 -1.6253587E+01 6.2948957E+00
2026 07 25 18 35 30 000 -1.3978156E+01 -1.6253116E+01 6.2908199E+00
2026 07 25 18 36 00 000 -1.3973278E+01 -1.6252640E+01 6.2867513E+00
2026 07 25 18 36 30 000 -1.3968399E+01 -1.6252158E+01 6.2826900E+00
2026 07 25 18 37 00 000 -1.3963518E+01 -1.6251670E+01 6.2786360E+00
2026 07 25 18 37 30 000 -1.3958635E+01 -1.6251177E+01 6.2745895E+00
2026 07 25 18 38 00 000 -1.3953750E+01 -1.6250678E+01 6.2705503E+00
2026 07 25 18 38 30 000 -1.3948864E+01 -1.6250174E+01 6.2665185E+00
2026 07 25 18 39 00 000 -1.3943976E+01 -1.6249664E+01 6.2624942E+00
2026 07 25 18 39 30 000 -1.3939086E+01 -1.6249149E+01 6.2584774E+00
2026 07 25 18 40 00 000 -1.3934195E+01 -1.6248628E+01 6.2544681E+00
2026 07 25 18 40 30 000 -1.3929301E+01 -1.6248101E+01 6.2504663E+00
2026 07 25 18 41 00 000 -1.3924406E+01 -1.6247569E+01 6.2464721E+00
2026 07 25 18 41 30 000 -1.3919509E+01 -1.6247031E+01 6.2424856E+00
2026 07 25 18 42 00 000 -1.3914610E+01 -1.6246487E+01 6.2385067E+00
2026 07 25 18 42 30 000 -1.3909710E+01 -1.6245938E+01 6.2345354E+00
2026 07 25 18 43 00 000 -1.3904808E+01 -1.6245384E+01 6.2305719E+00
2026 07 25 18 43 30 000 -1.3899904E+01 -1.6244823E+01 6.2266161E+00
2026 07 25 18 44 00 000 -1.3894998E+01 -1.6244257E+01 6.2226680E+00
2026 07 25 18 44 30 000 -1.3890090E+01 -1.6243685E+01 6.2187278E+00
2026 07 25 18 45 00 000 -1.3885181E+01 -1.6243108E+01 6.2147954E+00
2026 07 25 18 45 30 000 -1.3880270E+01 -1.6242525E+01 6.2108708E+00
2026 07 25 18 46 00 000 -1.3875357E+01 -1.6241937E+01 6.2069541E+00
2026 07 25 18 46 30 000 -1.3870442E+01 -1.6241342E+01 6.2030453E+00
2026 07 25 18 47 00 000 -1.3865526E+01 -1.6240742E+01 6.1991445E+00
2026 07 25 18 47 30 000 -1.3860607E+01 -1.6240136E+01 6.1952516E+00
2026 07 25 18 48 00 000 -1.3855687E+01 -1.6239525E+01 6.1913668E+00
2026 07 25 18 48 30 000 -1.3850766E+01 -1.6238908E+01 6.1874899E+00
2026 07 25 18 49 00 000 -1.3845842E+01 -1.6238285E+01 6.1836212E+00
2026 07 25 18 49 30 000 -1.3840917E+01 -1.6237657E+01 6.1797605E+00
2026 07 25 18 50 00 000 -1.3835990E+01 -1.6237022E+01 6.1759079E+00
2026 07 25 18 50 30 000 -1.3831061E+01 -1.6236382E+01 6.1720635E+00
2026 07 25 18 51 00 000 -1.3826130E+01 -1.6235737E+01 6.1682273E+00
2026 07 25 18 51 30 000 -1.3821197E+01 -1.6235085E+01 6.1643992E+00
2026 07 25 18 52 00 000 -1.3816263E+01 -1.6234428E+01 6.1605794E+00
2026 07 25 18 52 30 000 -1.3811327E+01 -1.6233765E+01 6.1567679E+00
2026 07 25 18 53 00 000 -1.3806389E+01 -1.6233096E+01 6.1529647E+00
2026 07 25 18 53 30 000 -1.3801450E+01 -1.6232422E+01 6.1491698E+00
2026 07 25 18 54 00 000 -1.3796508E+01 -1.6231741E+01 6.1453832E+00
2026 07 25 18 54 30 000 -1.3791565E+01 -1.6231055E+01 6.1416050E+00
2026 07 25 18 55 00 000 -1.3786620E+01 -1.6230363E+01 6.1378352E+00
2026 07 25 18 55 30 000 -1.3781674E+01 -1.6229666E+01 6.1340739E+00
2026 07 25 18 56 00 000 -1.3776725E+01 -1.6228962E+01 6.1303210E+00
2026 07 25 18 56 30 000 -1.3771775E+01 -1.6228253E+01 6.1265766E+00
2026 07 25 18 57 00 000 -1.3766823E+01 -1.6227538E+01 6.1228407E+00
2026 07 25 18 57 30 000 -1.3761869E+01 -1.6226817E+01 6.1191134E+00
2026 07 25 18 58 00 000 -1.3756913E+01 -1.6226090E+01 6.1153946E+00
2026 07 25 18 58 30 000 -1.3751956E+01 -1.6225358E+01 6.1116844E+00
2026 07 25 18 59 00 000 -1.3746996E+01 -1.6224619E+01 6.1079829E+00
2026 07 25 18 59 30 000 -1.3742035E+01 -1.6223875E+01 6.1042900E+00
2026 07 25 19 00 00 000 -1.3737072E+01 -1.6223125E+01 6.1006058E+00
2026 07 25 19 00 30 000 -1.3732108E+01 -1.6222369E+01 6.0969304E+00
2026 07 25 19 01 00 000 -1.3727141E+01 -1.6221607E+01 6.0932636E+00
2026 07 25 19 01 30 000 -1.3722173E+01 -1.6220840E+01 6.0896056E+00
2026 07 25 19 02 00 000 -1.3717203E+01 -1.6220066E+01 6.0859564E+00
2026 07 25 19 02 30 000 -1.3712231E+01 -1.6219287E+01 6.0823161E+00
2026 07 25 19 03 00 000 -1.3707258E+01 -1.6218502E+01 6.0786846E+00
2026 07 25 19 03 30 000 -1.3702282E+01 -1.6217711E+01 6.0750619E+00
2026 07 25 19 04 00 000 -1.3697305E+01 -1.6216914E+01 6.0714482E+00
2026 07 25 19 04 30 000 -1.3692326E+01 -1.6216111E+01 6.0678433E+00
2026 07 25 19 05 00 000 -1.3687346E+01 -1.6215302E+01 6.0642475E+00
2026 07 25 19 05 30 000 -1.3682363E+01 -1.6214487E+01 6.0606606E+00
2026 07 25 19 06 00 000 -1.3677379E+01 -1.6213667E+01 6.0570827E+00
2026 07 25 19 06 30 000 -1.3672393E+01 -1.6212840E+01 6.0535138E+00
2026 07 25 19 07 00 000 -1.3667405E+01 -1.6212008E+01 6.0499540E+00
2026 07 25 19 07 30 000 -1.3662415E+01 -1.6211169E+01 6.0464033E+00
2026 07 25 19 08 00 000 -1.3657423E+01 -1.6210325E+01 6.0428617E+00
2026 07 25 19 08 30 000 -1.3652430E+01 -1.6209475E+01 6.0393292E+00
2026 07 25 19 09 00 000 -1.3647435E+01 -1.6208619E+01 6.0358059E+00
2026 07 25 19 09 30 000 -1.3642438E+01 -1.6207757E+01 6.0322918E+00
2026 07 25 19 10 00 000 -1.3637439E+01 -1.6206889E+01 6.0287868E+00
2026 07 25 19 10 30 000 -1.3632439E+01 -1.6206015E+01 6.0252911E+00
2026 07 25 19 11 00 000 -1.3627436E+01 -1.6205135E+01 6.0218047E+00
2026 07 25 19 11 30 000 -1.3622432E+01 -1.6204249E+01 6.0183276E+00
2026 07 25 19 12 00 000 -1.3617426E+01 -1.6203357E+01 6.0148598E+00
2026 07 25 19 12 30 000 -1.3612418E+01 -1.6202459E+01 6.0114013E+00
2026 07 25 19 13 00 000 -1.3607409E+01 -1.6201555E+01 6.0079521E+00
2026 07 25 19 13 30 000 -1.3602398E+01 -1.6200645E+01 6.0045124E+00
2026 07 25 19 14 00 000 -1.3597384E+01 -1.6199730E+01 6.0010821E+00
2026 07 25 19 14 30 000 -1.3592369E+01 -1.6198808E+01 5.9976612E+00
2026 07 25 19 15 00 000 -1.3587353E+01 -1.6197880E+01 5.9942497E+00
2026 07 25 19 15 30 000 -1.3582334E+01 -1.6196946E+01 5.9908478E+00
2026 07 25 19 16 00 000 -1.3577314E+01 -1.6196006E+01 5.9874553E+00
2026 07 25 19 16 30 000 -1.3572292E+01 -1.6195061E+01 5.9840724E+00
2026 07 25 19 17 00 000 -1.3567268E+01 -1.6194109E+01 5.9806991E+00
2026 07 25 19 17 30 000 -1.3562242E+01 -1.6193151E+01 5.9773353E+00
2026 07 25 19 18 00 000 -1.3557214E+01 -1.6192187E+01 5.9739811E+00
2026 07 25 19 18 30 000 -1.3552185E+01 -1.6191217E+01 5.9706366E+00
2026 07 25 19 19 00 000 -1.3547154E+01 -1.6190241E+01 5.9673017E+00
2026 07 25 19 19 30 000 -1.3542121E+01 -1.6189260E+01 5.9639765E+00
2026 07 25 19 20 00 000 -1.3537086E+01 -1.6188272E+01 5.9606610E+00
2026 07 25 19 20 30 000 -1.3532049E+01 -1.6187278E+01 5.9573552E+00
2026 07 25 19 21 00 000 -1.3527011E+01 -1.6186278E+01 5.9540591E+00
2026 07 25 19 21 30 000 -1.3521971E+01 -1.6185271E+01 5.9507729E+00
2026 07 25 19 22 00 000 -1.3516928E+01 -1.6184259E+01 5.9474964E+00
2026 07 25 19 22 30 000 -1.3511885E+01 -1.6183241E+01 5.9442297E+00
2026 07 25 19 23 00 000 -1.3506839E+01 -1.6182217E+01 5.9409729E+00
2026 07 25 19 23 30 000 -1.3501791E+01 -1.6181186E+01 5.9377259E+00
2026 07 25 19 24 00 000 -1.3496742E+01 -1.6180150E+01 5.9344888E+00
2026 07 25 19 24 30 000 -1.3491691E+01 -1.6179108E+01 5.9312617E+00
2026 07 25 19 25 00 000 -1.3486638E+01 -1.6178059E+01 5.9280444E+00
2026 07 25 19 25 30 000 -1.3481583E+01 -1.6177004E+01 5.9248371E+00
2026 07 25 19 26 00 000 -1.3476527E+01 -1.6175944E+01 5.9216398E+00
2026 07 25 19 26 30 000 -1.3471468E+01 -1.6174877E+01 5.9184525E+00
2026 07 25 19 27 00 000 -1.3466408E+01 -1.6173804E+01 5.9152751E+00
2026 07 25 19 27 30 000 -1.3461346E+01 -1.6172725E+01 5.9121079E+00
2026 07 25 19 28 00 000 -1.3456282E+01 -1.6171640E+01 5.9089507E+00
2026 07 25 19 28 30 000 -1.3451216E+01 -1.6170548E+01 5.9058035E+00
2026 07 25 19 29 00 000 -1.3446149E+01 -1.6169451E+01 5.9026665E+00
2026 07 25 19 29 30 000 -1.3441079E+01 -1.6168348E+01 5.8995396E+00
2026 07 25 19 30 00 000 -1.3436008E+01 -1.6167238E+01 5.8964229E+00
2026 07 25 19 30 30 000 -1.3430935E+01 -1.6166122E+01 5.8933163E+00
2026 07 25 19 31 00 000 -1.3425860E+01 -1.6165001E+01 5.8902199E+00
2026 07 25 19 31 30 000 -1.3420784E+01 -1.6163873E+01 5.8871337E+00
2026 07 25 19 32 00 000 -1.3415705E+01 -1.6162739E+01 5.8840578E+00
2026 07 25 19 32 30 000 -1.3410625E+01 -1.6161598E+01 5.8809921E+00
2026 07 25 19 33 00 000 -1.3405543E+01 -1.6160452E+01 5.8779367E+00
2026 07 25 19 33 30 000 -1.3400459E+01 -1.6159300E+01 5.8748916E+00
2026 07 25 19 34 00 000 -1.3395373E+01 -1.6158141E+01 5.8718568E+00
2026 07 25 19 34 30 000 -1.3390286E+01 -1.6156976E+01 5.8688323E+00
2026 07 25 19 35 00 000 -1.3385196E+01 -1.6155805E+01 5.8658182E+00
2026 07 25 19 35 30 000 -1.3380105E+01 -1.6154628E+01 5.8628145E+00
2026 07 25 19 36 00 000 -1.3375012E+01 -1.6153445E+01 5.8598211E+00
2026 07 25 19 36 30 000 -1.3369917E+01 -1.6152256E+01 5.8568382E+00
2026 07 25 19 37 00 000 -1.3364821E+01 -1.6151060E+01 5.8538657E+00
2026 07 25 19 37 30 000 -1.3359722E+01 -1.6149858E+01 5.8509037E+00
2026 07 25 19 38 00 000 -1.3354622E+01 -1.6148650E+01 5.8479521E+00
2026 07 25 19 38 30 000 -1.3349520E+01 -1.6147436E+01 5.8450111E+00
2026 07 25 19 39 00 000 -1.3344415E+01 -1.6146216E+01 5.8420806E+00
2026 07 25 19 39 30 000 -1.3339310E+01 -1.6144990E+01 5.8391606E+00
2026 07 25 19 40 00 000 -1.3334202E+01 -1.6143757E+01 5.8362511E+00
2026 07 25 19 40 30 000 -1.3329092E+01 -1.6142518E+01 5.8333523E+00
2026 07 25 19 41 00 000 -1.3323981E+01 -1.6141273E+01 5.8304640E+00
2026 07 25 19 41 30 000 -1.3318868E+01 -1.6140022E+01 5.8275863E+00
2026 07 25 19 42 00 000 -1.3313753E+01 -1.6138765E+01 5.8247193E+00
2026 07 25 19 42 30 000 -1.3308636E+01 -1.6137501E+01 5.8218629E+00
2026 07 25 19 43 00 000 -1.3303517E+01 -1.6136232E+01 5.8190172E+00
2026 07 25 19 43 30 000 -1.3298397E+01 -1.6134956E+01 5.8161822E+00
2026 07 25 19 44 00 000 -1.3293275E+01 -1.6133673E+01 5.8133579E+00
2026 07 25 19 44 30 000 -1.3288150E+01 -1.6132385E+01 5.8105443E+00
2026 07 25 19 45 00 000 -1.3283024E+01 -1.6131090E+01 5.8077415E+00
2026 07 25 19 45 30 000 -1.3277896E+01 -1.6129790E+01 5.8049494E+00
2026 07 25 19 46 00 000 -1.3272767E+01 -1.6128483E+01 5.8021681E+00
2026 07 25 19 46 30 000 -1.3267635E+01 -1.6127169E+01 5.7993976E+00
2026 07 25 19 47 00 000 -1.3262502E+01 -1.6125850E+01 5.7966379E+00
2026 07 25 19 47 30 000 -1.3257367E+01 -1.6124524E+01 5.7938891E+00
2026 07 25 19 48 00 000 -1.3252230E+01 -1.6123192E+01 5.7911511E+00
2026 07 25 19 48 30 000 -1.3247091E+01 -1.6121854E+01 5.7884240E+00
2026 07 25 19 49 00 000 -1.3241950E+01 -1.6120510E+01 5.7857077E+00
2026 07 25 19 49 30 000 -1.3236807E+01 -1.6119159E+01 5.7830024E+00
2026 07 25 19 50 00 000 -1.3231663E+01 -1.6117802E+01 5.7803080E+00
2026 07 25 19 50 30 000 -1.3226517E+01 -1.6116439E+01 5.7776245E+00
2026 07 25 19 51 00 000 -1.3221369E+01 -1.6115070E+01 5.7749520E+00
2026 07 25 19 51 30 000 -1.3216219E+01 -1.6113694E+01 5.7722905E+00
2026 07 25 19 52 00 000 -1.3211067E+01 -1.6112312E+01 5.7696399E+00
2026 07 25 19 52 30 000 -1.3205913E+01 -1.6110924E+01 5.7670004E+00
2026 07 25 19 53 00 000 -1.3200758E+01 -1.6109530E+01 5.7643719E+00
2026 07 25 19 53 30 000 -1.3195600E+01 -1.6108129E+01 5.7617544E+00
2026 07 25 19 54 00 000 -1.3190441E+01 -1.6106722E+01 5.7591479E+00
2026 07 25 19 54 30 000 -1.3185280E+01 -1.6105309E+01 5.7565526E+00
2026 07 25 19 55 00 000 -1.3180117E+01 -1.6103890E+01 5.7539683E+00
2026 07 25 19 55 30 000 -1.3174953E+01 -1.6102464E+01 5.7513952E+00
2026 07 25 19 56 00 000 -1.3169786E+01 -1.6101032E+01 5.7488331E+00
2026 07 25 19 56 30 000 -1.3164618E+01 -1.6099594E+01 5.7462822E+00
2026 07 25 19 57 00 000 -1.3159447E+01 -1.6098149E+01 5.7437425E+00
2026 07 25 19 57 30 000 -1.3154275E+01 -1.6096698E+01 5.7412139E+00
2026 07 25 19 58 00 000 -1.3149101E+01 -1.6095241E+01 5.7386965E+00
2026 07 25 19 58 30 000 -1.3143925E+01 -1.6093778E+01 5.7361903E+00
2026 07 25 19 59 00 000 -1.3138748E+01 -1.6092308E+01 5.7336954E+00
2026 07 25 19 59 30 000 -1.3133568E+01 -1.6090832E+01 5.7312116E+00
2026 07 25 20 00 00 000 -1.3128387E+01 -1.6089350E+01 5.7287391E+00
2026 07 25 20 00 30 000 -1.3123204E+01 -1.6087862E+01 5.7262779E+00
2026 07 25 20 01 00 000 -1.3118019E+01 -1.6086367E+01 5.7238279E+00
2026 07 25 20 01 30 000 -1.3112832E+01 -1.6084866E+01 5.7213893E+00
2026 07 25 20 02 00 000 -1.3107643E+01 -1.6083358E+01 5.7189619E+00
2026 07 25 20 02 30 000 -1.3102452E+01 -1.6081845E+01 5.7165459E+00
2026 07 25 20 03 00 000 -1.3097260E+01 -1.6080325E+01 5.7141412E+00
2026 07 25 20 03 30 000 -1.3092065E+01 -1.6078798E+01 5.7117478E+00
2026 07 25 20 04 00 000 -1.3086869E+01 -1.6077266E+01 5.7093658E+00
2026 07 25 20 04 30 000 -1.3081671E+01 -1.6075727E+01 5.7069952E+00
2026 07 25 20 05 00 000 -1.3076471E+01 -1.6074181E+01 5.7046360E+00
2026 07 25 20 05 30 000 -1.3071269E+01 -1.6072630E+01 5.7022882E+00
2026 07 25 20 06 00 000 -1.3066066E+01 -1.6071072E+01 5.6999518E+00
2026 07 25 20 06 30 000 -1.3060860E+01 -1.6069508E+01 5.6976268E+00
2026 07 25 20 07 00 000 -1.3055653E+01 -1.6067937E+01 5.6953133E+00
2026 07 25 20 07 30 000 -1.3050444E+01 -1.6066360E+01 5.6930112E+00
2026 07 25 20 08 00 000 -1.3045232E+01 -1.6064777E+01 5.6907207E+00
2026 07 25 20 08 30 000 -1.3040019E+01 -1.6063188E+01 5.6884416E+00
2026 07 25 20 09 00 000 -1.3034805E+01 -1.6061592E+01 5.6861740E+00
2026 07 25 20 09 30 000 -1.3029588E+01 -1.6059989E+01 5.6839179E+00
2026 07 25 20 10 00 000 -1.3024369E+01 -1.6058381E+01 5.6816734E+00
2026 07 25 20 10 30 000 -1.3019149E+01 -1.6056766E+01 5.6794404E+00
2026 07 25 20 11 00 000 -1.3013927E+01 -1.6055145E+01 5.6772189E+00
2026 07 25 20 11 30 000 -1.3008702E+01 -1.6053517E+01 5.6750091E+00
2026 07 25 20 12 00 000 -1.3003476E+01 -1.6051883E+01 5.6728108E+00
2026 07 25 20 12 30 000 -1.2998249E+01 -1.6050243E+01 5.6706241E+00
2026 07 25 20 13 00 000 -1.2993019E+01 -1.6048597E+01 5.6684490E+00
2026 07 25 20 13 30 000 -1.2987787E+01 -1.6046944E+01 5.6662855E+00
2026 07 25 20 14 00 000 -1.2982554E+01 -1.6045284E+01 5.6641336E+00
2026 07 25 20 14 30 000 -1.2977318E+01 -1.6043619E+01 5.6619934E+00
2026 07 25 20 15 00 000 -1.2972081E+01 -1.6041947E+01 5.6598649E+00
2026 07 25 20 15 30 000 -1.2966842E+01 -1.6040268E+01 5.6577480E+00
2026 07 25 20 16 00 000 -1.2961601E+01 -1.6038584E+01 5.6556427E+00
2026 07 25 20 16 30 000 -1.2956358E+01 -1.6036893E+01 5.6535492E+00
2026 07 25 20 17 00 000 -1.2951114E+01 -1.6035195E+01 5.6514674E+00
2026 07 25 20 17 30 000 -1.2945867E+01 -1.6033491E+01 5.6493973E+00
2026 07 25 20 18 00 000 -1.2940619E+01 -1.6031781E+01 5.6473389E+00
2026 07 25 20 18 30 000 -1.2935368E+01 -1.6030065E+01 5.6452923E+00
2026 07 25 20 19 00 000 -1.2930116E+01 -1.6028342E+01 5.6432573E+00
2026 07 25 20 19 30 000 -1.2924862E+01 -1.6026613E+01 5.6412342E+00
2026 07 25 20 20 00 000 -1.2919606E+01 -1.6024877E+01 5.6392228E+00
2026 07 25 20 20 30 000 -1.2914348E+01 -1.6023135E+01 5.6372232E+00
2026 07 25 20 21 00 000 -1.2909088E+01 -1.6021386E+01 5.6352354E+00
2026 07 25 20 21 30 000 -1.2903827E+01 -1.6019632E+01 5.6332594E+00
2026 07 25 20 22 00 000 -1.2898564E+01 -1.6017871E+01 5.6312952E+00
2026 07 25 20 22 30 000 -1.2893298E+01 -1.6016103E+01 5.6293428E+00
2026 07 25 20 23 00 000 -1.2888031E+01 -1.6014329E+01 5.6274023E+00
2026 07 25 20 23 30 000 -1.2882762E+01 -1.6012549E+01 5.6254736E+00
2026 07 25 20 24 00 000 -1.2877491E+01 -1.6010762E+01 5.6235568E+00
2026 07 25 20 24 30 000 -1.2872218E+01 -1.6008969E+01 5.6216518E+00
2026 07 25 20 25 00 000 -1.2866943E+01 -1.6007169E+01 5.6197587E+00
2026 07 25 20 25 30 000 -1.2861667E+01 -1.6005364E+01 5.6178774E+00
2026 07 25 20 26 00 000 -1.2856388E+01 -1.6003551E+01 5.6160081E+00
2026 07 25 20 26 30 000 -1.2851108E+01 -1.6001732E+01 5.6141507E+00
2026 07 25 20 27 00 000 -1.2845826E+01 -1.5999907E+01 5.6123052E+00
2026 07 25 20 27 30 000 -1.2840542E+01 -1.5998076E+01 5.6104716E+00
2026 07 25 20 28 00 000 -1.2835255E+01 -1.5996238E+01 5.6086499E+00
2026 07 25 20 28 30 000 -1.2829968E+01 -1.5994394E+01 5.6068402E+00
2026 07 25 20 29 00 000 -1.2824678E+01 -1.5992543E+01 5.6050424E+00
2026 07 25 20 29 30 000 -1.2819386E+01 -1.5990686E+01 5.6032566E+00
2026 07 25 20 30 00 000 -1.2814092E+01 -1.5988822E+01 5.6014827E+00
2026 07 25 20 30 30 000 -1.2808797E+01 -1.5986952E+01 5.5997209E+00
2026 07 25 20 31 00 000 -1.2803500E+01 -1.5985076E+01 5.5979710E+00
2026 07 25 20 31 30 000 -1.2798200E+01 -1.5983193E+01 5.5962331E+00
2026 07 25 20 32 00 000 -1.2792899E+01 -1.5981304E+01 5.5945072E+00
2026 07 25 20 32 30 000 -1.2787596E+01 -1.5979408E+01 5.5927933E+00
2026 07 25 20 33 00 000 -1.2782291E+01 -1.5977506E+01 5.5910914E+00
2026 07 25 20 33 30 000 -1.2776984E+01 -1.5975598E+01 5.5894016E+00
2026 07 25 20 34 00 000 -1.2771676E+01 -1.5973683E+01 5.5877238E+00
2026 07 25 20 34 30 000 -1.2766365E+01 -1.5971761E+01 5.5860580E+00
2026 07 25 20 35 00 000 -1.2761053E+01 -1.5969833E+01 5.5844043E+00
2026 07 25 20 35 30 000 -1.2755738E+01 -1.5967899E+01 5.5827627E+00
2026 07 25 20 36 00 000 -1.2750422E+01 -1.5965959E+01 5.5811331E+00
2026 07 25 20 36 30 000 -1.2745104E+01 -1.5964012E+01 5.5795156E+00
2026 07 25 20 37 00 000 -1.2739784E+01 -1.5962058E+01 5.5779102E+00
2026 07 25 20 37 30 000 -1.2734462E+01 -1.5960098E+01 5.5763168E+00
2026 07 25 20 38 00 000 -1.2729138E+01 -1.5958132E+01 5.5747356E+00
2026 07 25 20 38 30 000 -1.2723812E+01 -1.5956159E+01 5.5731665E+00
2026 07 25 20 39 00 000 -1.2718484E+01 -1.5954179E+01 5.5716095E+00
2026 07 25 20 39 30 000 -1.2713155E+01 -1.5952194E+01 5.5700646E+00
2026 07 25 20 40 00 000 -1.2707823E+01 -1.5950202E+01 5.5685318E+00
2026 07 25 20 40 30 000 -1.2702490E+01 -1.5948203E+01 5.5670111E+00
2026 07 25 20 41 00 000 -1.2697155E+01 -1.5946198E+01 5.5655026E+00
2026 07 25 20 41 30 000 -1.2691818E+01 -1.5944186E+01 5.5640062E+00
2026 07 25 20 42 00 000 -1.2686478E+01 -1.5942168E+01 5.5625220E+00
2026 07 25 20 42 30 000 -1.2681138E+01 -1.5940144E+01 5.5610499E+00
2026 07 25 20 43 00 000 -1.2675795E+01 -1.5938113E+01 5.5595900E+00
2026 07 25 20 43 30 000 -1.2670450E+01 -1.5936076E+01 5.5581423E+00
2026 07 25 20 44 00 000 -1.2665103E+01 -1.5934032E+01 5.5567068E+00
2026 07 25 20 44 30 000 -1.2659755E+01 -1.5931982E+01 5.5552834E+00
2026 07 25 20 45 00 000 -1.2654404E+01 -1.5929925E+01 5.5538722E+00
2026 07 25 20 45 30 000 -1.2649052E+01 -1.5927862E+01 5.5524732E+00
2026 07 25 20 46 00 000 -1.2643698E+01 -1.5925792E+01 5.5510864E+00
2026 07 25 20 46 30 000 -1.2638342E+01 -1.5923716E+01 5.5497118E+00
2026 07 25 20 47 00 000 -1.2632984E+01 -1.5921634E+01 5.5483494E+00
2026 07 25 20 47 30 000 -1.2627624E+01 -1.5919545E+01 5.5469993E+00
2026 07 25 20 48 00 000 -1.2622262E+01 -1.5917449E+01 5.5456613E+00
2026 07 25 20 48 30 000 -1.2616898E+01 -1.5915347E+01 5.5443357E+00
2026 07 25 20 49 00 000 -1.2611533E+01 -1.5913239E+01 5.5430222E+00
2026 07 25 20 49 30 000 -1.2606165E+01 -1.5911124E+01 5.5417209E+00
2026 07 25 20 50 00 000 -1.2600796E+01 -1.5909003E+01 5.5404319E+00
2026 07 25 20 50 30 000 -1.2595424E+01 -1.5906875E+01 5.5391552E+00
2026 07 25 20 51 00 000 -1.2590051E+01 -1.5904740E+01 5.5378907E+00
2026 07 25 20 51 30 000 -1.2584676E+01 -1.5902600E+01 5.5366384E+00
2026 07 25 20 52 00 000 -1.2579299E+01 -1.5900452E+01 5.5353985E+00
2026 07 25 20 52 30 000 -1.2573920E+01 -1.5898299E+01 5.5341707E+00
2026 07 25 20 53 00 000 -1.2568539E+01 -1.5896138E+01 5.5329553E+00
2026 07 25 20 53 30 000 -1.2563156E+01 -1.5893971E+01 5.5317521E+00
2026 07 25 20 54 00 000 -1.2557771E+01 -1.5891798E+01 5.5305612E+00
2026 07 25 20 54 30 000 -1.2552385E+01 -1.5889618E+01 5.5293826E+00
2026 07 25 20 55 00 000 -1.2546996E+01 -1.5887432E+01 5.5282162E+00
2026 07 25 20 55 30 000 -1.2541605E+01 -1.5885239E+01 5.5270622E+00
2026 07 25 20 56 00 000 -1.2536213E+01 -1.5883040E+01 5.5259204E+00
2026 07 25 20 56 30 000 -1.2530819E+01 -1.5880834E+01 5.5247910E+00
2026 07 25 20 57 00 000 -1.2525422E+01 -1.5878622E+01 5.5236738E+00
2026 07 25 20 57 30 000 -1.2520024E+01 -1.5876403E+01 5.5225690E+00
2026 07 25 20 58 00 000 -1.2514624E+01 -1.5874177E+01 5.5214765E+00
2026 07 25 20 58 30 000 -1.2509222E+01 -1.5871945E+01 5.5203963E+00
2026 07 25 20 59 00 000 -1.2503818E+01 -1.5869707E+01 5.5193283E+00
2026 07 25 20 59 30 000 -1.2498412E+01 -1.5867462E+01 5.5182727E+00
2026 07 25 21 00 00 000 -1.2493004E+01 -1.5865211E+01 5.5172295E+00
2026 07 25 21 00 30 000 -1.2487594E+01 -1.5862953E+01 5.5161985E+00
2026 07 25 21 01 00 000 -1.2482183E+01 -1.5860688E+01 5.5151799E+00
2026 07 25 21 01 30 000 -1.2476769E+01 -1.5858417E+01 5.5141736E+00
2026 07 25 21 02 00 000 -1.2471353E+01 -1.5856140E+01 5.5131796E+00
2026 07 25 21 02 30 000 -1.2465936E+01 -1.5853856E+01 5.5121980E+00
2026 07 25 21 03 00 000 -1.2460516E+01 -1.5851565E+01 5.5112287E+00
2026 07 25 21 03 30 000 -1.2455095E+01 -1.5849268E+01 5.5102717E+00
2026 07 25 21 04 00 000 -1.2449672E+01 -1.5846964E+01 5.5093271E+00
2026 07 25 21 04 30 000 -1.2444246E+01 -1.5844654E+01 5.5083948E+00
2026 07 25 21 05 00 000 -1.2438819E+01 -1.5842337E+01 5.5074749E+00
2026 07 25 21 05 30 000 -1.2433390E+01 -1.5840014E+01 5.5065673E+00
2026 07 25 21 06 00 000 -1.2427959E+01 -1.5837684E+01 5.5056721E+00
2026 07 25 21 06 30 000 -1.2422526E+01 -1.5835348E+01 5.5047892E+00
2026 07 25 21 07 00 000 -1.2417091E+01 -1.5833005E+01 5.5039186E+00
2026 07 25 21 07 30 000 -1.2411655E+01 -1.5830655E+01 5.5030604E+00
2026 07 25 21 08 00 000 -1.2406216E+01 -1.5828299E+01 5.5022146E+00
2026 07 25 21 08 30 000 -1.2400775E+01 -1.5825937E+01 5.5013811E+00
2026 07 25 21 09 00 000 -1.2395333E+01 -1.5823568E+01 5.5005600E+00
2026 07 25 21 09 30 000 -1.2389888E+01 -1.5821192E+01 5.4997512E+00
2026 07 25 21 10 00 000 -1.2384442E+01 -1.5818810E+01 5.4989548E+00
2026 07 25 21 10 30 000 -1.2378993E+01 -1.5816421E+01 5.4981707E+00
2026 07 25 21 11 00 000 -1.2373543E+01 -1.5814026E+01 5.4973990E+00
2026 07 25 21 11 30 000 -1.2368090E+01 -1.5811624E+01 5.4966397E+00
2026 07 25 21 12 00 000 -1.2362636E+01 -1.5809216E+01 5.4958927E+00
2026 07 25 21 12 30 000 -1.2357180E+01 -1.5806801E+01 5.4951580E+00
2026 07 25 21 13 00 000 -1.2351722E+01 -1.5804379E+01 5.4944358E+00
2026 07 25 21 13 30 000 -1.2346262E+01 -1.5801951E+01 5.4937259E+00
2026 07 25 21 14 00 000 -1.2340800E+01 -1.5799517E+01 5.4930283E+00
2026 07 25 21 14 30 000 -1.2335336E+01 -1.5797075E+01 5.4923432E+00
2026 07 25 21 15 00 000 -1.2329870E+01 -1.5794628E+01 5.4916704E+00
2026 07 25 21 15 30 000 -1.2324402E+01 -1.5792173E+01 5.4910100E+00
2026 07 25 21 16 00 000 -1.2318933E+01 -1.5789712E+01 5.4903619E+00
2026 07 25 21 16 30 000 -1.2313461E+01 -1.5787245E+01 5.4897262E+00
2026 07 25 21 17 00 000 -1.2307987E+01 -1.5784771E+01 5.4891028E+00
2026 07 25 21 17 30 000 -1.2302512E+01 -1.5782290E+01 5.4884918E+00
2026 07 25 21 18 00 000 -1.2297034E+01 -1.5779803E+01 5.4878932E+00
2026 07 25 21 18 30 000 -1.2291555E+01 -1.5777309E+01 5.4873069E+00
2026 07 25 21 19 00 000 -1.2286073E+01 -1.5774808E+01 5.4867330E+00
2026 07 25 21 19 30 000 -1.2280590E+01 -1.5772301E+01 5.4861715E+00
2026 07 25 21 20 00 000 -1.2275104E+01 -1.5769788E+01 5.4856223E+00
2026 07 25 21 20 30 000 -1.2269617E+01 -1.5767267E+01 5.4850855E+00
2026 07 25 21 21 00 000 -1.2264128E+01 -1.5764740E+01 5.4845610E+00
2026 07 25 21 21 30 000 -1.2258637E+01 -1.5762207E+01 5.4840489E+00
2026 07 25 21 22 00 000 -1.2253143E+01 -1.5759667E+01 5.4835491E+00
2026 07 25 21 22 30 000 -1.2247648E+01 -1.5757120E+01 5.4830617E+00
2026 07 25 21 23 00 000 -1.2242151E+01 -1.5754567E+01 5.4825867E+00
2026 07 25 21 23 30 000 -1.2236652E+01 -1.5752007E+01 5.4821240E+00
2026 07 25 21 24 00 000 -1.2231151E+01 -1.5749441E+01 5.4816736E+00
2026 07 25 21 24 30 000 -1.2225648E+01 -1.5746867E+01 5.4812356E+00
2026 07 25 21 25 00 000 -1.2220143E+01 -1.5744288E+01 5.4808100E+00
2026 07 25 21 25 30 000 -1.2214636E+01 -1.5741701E+01 5.4803966E+00
2026 07 25 21 26 00 000 -1.2209127E+01 -1.5739108E+01 5.4799957E+00
2026 07 25 21 26 30 000 -1.2203617E+01 -1.5736509E+01 5.4796070E+00
2026 07 25 21 27 00 000 -1.2198104E+01 -1.5733903E+01 5.4792307E+00
2026 07 25 21 27 30 000 -1.2192589E+01 -1.5731290E+01 5.4788668E+00
2026 07 25 21 28 00 000 -1.2187073E+01 -1.5728671E+01 5.4785152E+00
2026 07 25 21 28 30 000 -1.2181554E+01 -1.5726044E+01 5.4781759E+00
2026 07 25 21 29 00 000 -1.2176033E+01 -1.5723412E+01 5.4778489E+00
2026 07 25 21 29 30 000 -1.2170511E+01 -1.5720772E+01 5.4775343E+00
2026 07 25 21 30 00 000 -1.2164986E+01 -1.5718127E+01 5.4772319E+00
2026 07 25 21 30 30 000 -1.2159460E+01 -1.5715474E+01 5.4769419E+00
2026 07 25 21 31 00 000 -1.2153932E+01 -1.5712815E+01 5.4766642E+00
2026 07 25 21 31 30 000 -1.2148401E+01 -1.5710149E+01 5.4763989E+00
2026 07 25 21 32 00 000 -1.2142869E+01 -1.5707476E+01 5.4761458E+00
2026 07 25 21 32 30 000 -1.2137334E+01 -1.5704797E+01 5.4759051E+00
2026 07 25 21 33 00 000 -1.2131798E+01 -1.5702112E+01 5.4756767E+00
2026 07 25 21 33 30 000 -1.2126260E+01 -1.5699419E+01 5.4754605E+00
2026 07 25 21 34 00 000 -1.2120720E+01 -1.5696720E+01 5.4752567E+00
2026 07 25 21 34 30 000 -1.2115178E+01 -1.5694014E+01 5.4750652E+00
2026 07 25 21 35 00 000 -1.2109633E+01 -1.5691302E+01 5.4748859E+00
2026 07 25 21 35 30 000 -1.2104087E+01 -1.5688583E+01 5.4747189E+00
2026 07 25 21 36 00 000 -1.2098539E+01 -1.5685857E+01 5.4745643E+00
2026 07 25 21 36 30 000 -1.2092989E+01 -1.5683125E+01 5.4744219E+00
2026 07 25 21 37 00 000 -1.2087437E+01 -1.5680386E+01 5.4742918E+00
2026 07 25 21 37 30 000 -1.2081883E+01 -1.5677640E+01 5.4741739E+00
2026 07 25 21 38 00 000 -1.2076327E+01 -1.5674888E+01 5.4740683E+00
2026 07 25 21 38 30 000 -1.2070769E+01 -1.5672129E+01 5.4739750E+00
2026 07 25 21 39 00 000 -1.2065209E+01 -1.5669363E+01 5.4738940E+00
2026 07 25 21 39 30 000 -1.2059647E+01 -1.5666591E+01 5.4738252E+00
2026 07 25 21 40 00 000 -1.2054083E+01 -1.5663812E+01 5.4737686E+00
2026 07 25 21 40 30 000 -1.2048518E+01 -1.5661026E+01 5.4737244E+00
2026 07 25 21 41 00 000 -1.2042950E+01 -1.5658234E+01 5.4736923E+00
2026 07 25 21 41 30 000 -1.2037380E+01 -1.5655434E+01 5.4736725E+00
2026 07 25 21 42 00 000 -1.2031808E+01 -1.5652629E+01 5.4736649E+00
2026 07 25 21 42 30 000 -1.2026235E+01 -1.5649816E+01 5.4736696E+00
2026 07 25 21 43 00 000 -1.2020659E+01 -1.5646997E+01 5.4736865E+00
2026 07 25 21 43 30 000 -1.2015081E+01 -1.5644171E+01 5.4737156E+00
2026 07 25 21 44 00 000 -1.2009501E+01 -1.5641339E+01 5.4737569E+00
2026 07 25 21 44 30 000 -1.2003920E+01 -1.5638499E+01 5.4738104E+00
2026 07 25 21 45 00 000 -1.1998336E+01 -1.5635653E+01 5.4738761E+00
2026 07 25 21 45 30 000 -1.1992750E+01 -1.5632801E+01 5.4739540E+00
2026 07 25 21 46 00 000 -1.1987163E+01 -1.5629941E+01 5.4740441E+00
2026 07 25 21 46 30 000 -1.1981573E+01 -1.5627075E+01 5.4741464E+00
2026 07 25 21 47 00 000 -1.1975981E+01 -1.5624202E+01 5.4742609E+00
2026 07 25 21 47 30 000 -1.1970388E+01 -1.5621323E+01 5.4743876E+00
2026 07 25 21 48 00 000 -1.1964792E+01 -1.5618437E+01 5.4745264E+00
2026 07 25 21 48 30 000 -1.1959195E+01 -1.5615544E+01 5.4746774E+00
2026 07 25 21 49 00 000 -1.1953595E+01 -1.5612644E+01 5.4748406E+00
2026 07 25 21 49 30 000 -1.1947994E+01 -1.5609738E+01 5.4750159E+00
2026 07 25 21 50 00 000 -1.1942390E+01 -1.5606825E+01 5.4752033E+00
2026 07 25 21 50 30 000 -1.1936785E+01 -1.5603905E+01 5.4754029E+00
2026 07 25 21 51 00 000 -1.1931177E+01 -1.5600978E+01 5.4756146E+00
2026 07 25 21 51 30 000 -1.1925568E+01 -1.5598045E+01 5.4758385E+00
2026 07 25 21 52 00 000 -1.1919956E+01 -1.5595105E+01 5.4760745E+00
2026 07 25 21 52 30 000 -1.1914343E+01 -1.5592158E+01 5.4763226E+00
2026 07 25 21 53 00 000 -1.1908727E+01 -1.5589205E+01 5.4765827E+00
2026 07 25 21 53 30 000 -1.1903110E+01 -1.5586244E+01 5.4768550E+00
2026 07 25 21 54 00 000 -1.1897490E+01 -1.5583277E+01 5.4771394E+00
2026 07 25 21 54 30 000 -1.1891869E+01 -1.5580304E+01 5.4774359E+00
2026 07 25 21 55 00 000 -1.1886245E+01 -1.5577323E+01 5.4777445E+00
2026 07 25 21 55 30 000 -1.1880620E+01 -1.5574336E+01 5.4780651E+00
2026 07 25 21 56 00 000 -1.1874992E+01 -1.5571342E+01 5.4783978E+00
2026 07 25 21 56 30 000 -1.1869363E+01 -1.5568341E+01 5.4787426E+00
2026 07 25 21 57 00 000 -1.1863732E+01 -1.5565334E+01 5.4790994E+00
2026 07 25 21 57 30 000 -1.1858098E+01 -1.5562319E+01 5.4794683E+00
2026 07 25 21 58 00 000 -1.1852463E+01 -1.5559298E+01 5.4798492E+00
2026 07 25 21 58 30 000 -1.1846825E+01 -1.5556271E+01 5.4802421E+00
2026 07 25 21 59 00 000 -1.1841186E+01 -1.5553236E+01 5.4806471E+00
2026 07 25 21 59 30 000 -1.1835544E+01 -1.5550195E+01 5.4810641E+00
2026 07 25 22 00 00 000 -1.1829901E+01 -1.5547146E+01 5.4814930E+00
2026 07 25 22 00 30 000 -1.1824256E+01 -1.5544092E+01 5.4819340E+00
2026 07 25 22 01 00 000 -1.1818608E+01 -1.5541030E+01 5.4823870E+00
2026 07 25 22 01 30 000 -1.1812959E+01 -1.5537961E+01 5.4828520E+00
2026 07 25 22 02 00 000 -1.1807307E+01 -1.5534886E+01 5.4833289E+00
2026 07 25 22 02 30 000 -1.1801654E+01 -1.5531804E+01 5.4838178E+00
2026 07 25 22 03 00 000 -1.1795998E+01 -1.5528715E+01 5.4843187E+00
2026 07 25 22 03 30 000 -1.1790341E+01 -1.5525620E+01 5.4848315E+00
2026 07 25 22 04 00 000 -1.1784681E+01 -1.5522517E+01 5.4853562E+00
2026 07 25 22 04 30 000 -1.1779020E+01 -1.5519408E+01 5.4858929E+00
2026 07 25 22 05 00 000 -1.1773356E+01 -1.5516292E+01 5.4864416E+00
2026 07 25 22 05 30 000 -1.1767691E+01 -1.5513169E+01 5.4870021E+00
2026 07 25 22 06 00 000 -1.1762023E+01 -1.5510039E+01 5.4875745E+00
2026 07 25 22 06 30 000 -1.1756354E+01 -1.5506903E+01 5.4881589E+00
2026 07 25 22 07 00 000 -1.1750682E+01 -1.5503759E+01 5.4887551E+00
2026 07 25 22 07 30 000 -1.1745009E+01 -1.5500609E+01 5.4893633E+00
2026 07 25 22 08 00 000 -1.1739333E+01 -1.5497452E+01 5.4899833E+00
2026 07 25 22 08 30 000 -1.1733655E+01 -1.5494289E+01 5.4906151E+00
2026 07 25 22 09 00 000 -1.1727976E+01 -1.5491118E+01 5.4912588E+00
2026 07 25 22 09 30 000 -1.1722294E+01 -1.5487941E+01 5.4919144E+00
2026 07 25 22 10 00 000 -1.1716611E+01 -1.5484756E+01 5.4925818E+00
2026 07 25 22 10 30 000 -1.1710925E+01 -1.5481565E+01 5.4932610E+00
2026 07 25 22 11 00 000 -1.1705237E+01 -1.5478367E+01 5.4939521E+00
2026 07 25 22 11 30 000 -1.1699548E+01 -1.5475163E+01 5.4946549E+00
2026 07 25 22 12 00 000 -1.1693856E+01 -1.5471951E+01 5.4953696E+00
2026 07 25 22 12 30 000 -1.1688162E+01 -1.5468732E+01 5.4960960E+00
2026 07 25 22 13 00 000 -1.1682466E+01 -1.5465507E+01 5.4968343E+00
2026 07 25 22 13 30 000 -1.1676769E+01 -1.5462275E+01 5.4975843E+00
2026 07 25 22 14 00 000 -1.1671069E+01 -1.5459036E+01 5.4983460E+00
2026 07 25 22 14 30 000 -1.1665367E+01 -1.5455790E+01 5.4991195E+00
2026 07 25 22 15 00 000 -1.1659663E+01 -1.5452537E+01 5.4999048E+00
2026 07 25 22 15 30 000 -1.1653957E+01 -1.5449278E+01 5.5007018E+00
2026 07 25 22 16 00 000 -1.1648249E+01 -1.5446011E+01 5.5015105E+00
2026 07 25 22 16 30 000 -1.1642540E+01 -1.5442738E+01 5.5023309E+00
2026 07 25 22 17 00 000 -1.1636828E+01 -1.5439458E+01 5.5031630E+00
2026 07 25 22 17 30 000 -1.1631114E+01 -1.5436171E+01 5.5040068E+00
2026 07 25 22 18 00 000 -1.1625398E+01 -1.5432877E+01 5.5048623E+00
2026 07 25 22 18 30 000 -1.1619680E+01 -1.5429576E+01 5.5057294E+00
2026 07 25 22 19 00 000 -1.1613960E+01 -1.5426268E+01 5.5066082E+00
2026 07 25 22 19 30 000 -1.1608238E+01 -1.5422953E+01 5.5074987E+00
2026 07 25 22 20 00 000 -1.1602513E+01 -1.5419632E+01 5.5084007E+00
2026 07 25 22 20 30 000 -1.1596787E+01 -1.5416303E+01 5.5093145E+00
2026 07 25 22 21 00 000 -1.1591059E+01 -1.5412968E+01 5.5102398E+00
2026 07 25 22 21 30 000 -1.1585329E+01 -1.5409626E+01 5.5111767E+00
2026 07 25 22 22 00 000 -1.1579597E+01 -1.5406277E+01 5.5121252E+00
2026 07 25 22 22 30 000 -1.1573862E+01 -1.5402921E+01 5.5130853E+00
2026 07 25 22 23 00 000 -1.1568126E+01 -1.5399558E+01 5.5140570E+00
2026 07 25 22 23 30 000 -1.1562388E+01 -1.5396188E+01 5.5150402E+00
2026 07 25 22 24 00 000 -1.1556647E+01 -1.5392811E+01 5.5160350E+00
2026 07 25 22 24 30 000 -1.1550905E+01 -1.5389427E+01 5.5170413E+00
2026 07 25 22 25 00 000 -1.1545161E+01 -1.5386037E+01 5.5180592E+00
2026 07 25 22 25 30 000 -1.1539414E+01 -1.5382639E+01 5.5190885E+00
2026 07 25 22 26 00 000 -1.1533666E+01 -1.5379235E+01 5.5201294E+00
2026 07 25 22 26 30 000 -1.1527915E+01 -1.5375823E+01 5.5211817E+00
2026 07 25 22 27 00 000 -1.1522162E+01 -1.5372405E+01 5.5222455E+00
2026 07 25 22 27 30 000 -1.1516408E+01 -1.5368980E+01 5.5233208E+00
2026 07 25 22 28 00 000 -1.1510651E+01 -1.5365548E+01 5.5244076E+00
2026 07 25 22 28 30 000 -1.1504892E+01 -1.5362108E+01 5.5255058E+00
2026 07 25 22 29 00 000 -1.1499132E+01 -1.5358662E+01 5.5266154E+00
2026 07 25 22 29 30 000 -1.1493369E+01 -1.5355209E+01 5.5277364E+00
2026 07 25 22 30 00 000 -1.1487604E+01 -1.5351749E+01 5.5288688E+00
2026 07 25 22 30 30 000 -1.1481837E+01 -1.5348282E+01 5.5300127E+00
2026 07 25 22 31 00 000 -1.1476068E+01 -1.5344808E+01 5.5311679E+00
2026 07 25 22 31 30 000 -1.1470297E+01 -1.5341327E+01 5.5323344E+00
2026 07 25 22 32 00 000 -1.1464524E+01 -1.5337839E+01 5.5335124E+00
2026 07 25 22 32 30 000 -1.1458749E+01 -1.5334344E+01 5.5347016E+00
2026 07 25 22 33 00 000 -1.1452972E+01 -1.5330843E+01 5.5359022E+00
2026 07 25 22 33 30 000 -1.1447192E+01 -1.5327334E+01 5.5371142E+00
2026 07 25 22 34 00 000 -1.1441411E+01 -1.5323818E+01 5.5383374E+00
2026 07 25 22 34 30 000 -1.1435628E+01 -1.5320295E+01 5.5395719E+00
2026 07 25 22 35 00 000 -1.1429843E+01 -1.5316765E+01 5.5408177E+00
2026 07 25 22 35 30 000 -1.1424055E+01 -1.5313229E+01 5.5420748E+00
2026 07 25 22 36 00 000 -1.1418266E+01 -1.5309685E+01 5.5433431E+00
2026 07 25 22 36 30 000 -1.1412474E+01 -1.5306134E+01 5.5446227E+00
2026 07 25 22 37 00 000 -1.1406681E+01 -1.5302576E+01 5.5459134E+00
2026 07 25 22 37 30 000 -1.1400885E+01 -1.5299012E+01 5.5472154E+00
2026 07 25 22 38 00 000 -1.1395087E+01 -1.5295440E+01 5.5485286E+00
2026 07 25 22 38 30 000 -1.1389288E+01 -1.5291861E+01 5.5498530E+00
2026 07 25 22 39 00 000 -1.1383486E+01 -1.5288275E+01 5.5511886E+00
2026 07 25 22 39 30 000 -1.1377682E+01 -1.5284683E+01 5.5525353E+00
2026 07 25 22 40 00 000 -1.1371876E+01 -1.5281083E+01 5.5538932E+00
2026 07 25 22 40 30 000 -1.1366068E+01 -1.5277476E+01 5.5552621E+00
2026 07 25 22 41 00 000 -1.1360258E+01 -1.5273862E+01 5.5566423E+00
2026 07 25 22 41 30 000 -1.1354446E+01 -1.5270241E+01 5.5580335E+00
2026 07 25 22 42 00 000 -1.1348632E+01 -1.5266613E+01 5.5594358E+00
2026 07 25 22 42 30 000 -1.1342815E+01 -1.5262978E+01 5.5608492E+00
2026 07 25 22 43 00 000 -1.1336997E+01 -1.5259336E+01 5.5622736E+00
2026 07 25 22 43 30 000 -1.1331177E+01 -1.5255687E+01 5.5637091E+00
2026 07 25 22 44 00 000 -1.1325354E+01 -1.5252031E+01 5.5651557E+00
2026 07 25 22 44 30 000 -1.1319530E+01 -1.5248367E+01 5.5666132E+00
2026 07 25 22 45 00 000 -1.1313703E+01 -1.5244697E+01 5.5680818E+00
2026 07 25 22 45 30 000 -1.1307875E+01 -1.5241020E+01 5.5695613E+00
2026 07 25 22 46 00 000 -1.1302044E+01 -1.5237336E+01 5.5710519E+00
2026 07 25 22 46 30 000 -1.1296211E+01 -1.5233644E+01 5.5725533E+00
2026 07 25 22 47 00 000 -1.1290376E+01 -1.5229946E+01 5.5740658E+00
2026 07 25 22 47 30 000 -1.1284540E+01 -1.5226240E+01 5.5755892E+00
2026 07 25 22 48 00 000 -1.1278701E+01 -1.5222527E+01 5.5771234E+00
2026 07 25 22 48 30 000 -1.1272860E+01 -1.5218808E+01 5.5786687E+00
2026 07 25 22 49 00 000 -1.1267017E+01 -1.5215081E+01 5.5802247E+00
2026 07 25 22 49 30 000 -1.1261171E+01 -1.5211347E+01 5.5817917E+00
2026 07 25 22 50 00 000 -1.1255324E+01 -1.5207606E+01 5.5833695E+00
2026 07 25 22 50 30 000 -1.1249475E+01 -1.5203858E+01 5.5849582E+00
2026 07 25 22 51 00 000 -1.1243623E+01 -1.5200103E+01 5.5865576E+00
2026 07 25 22 51 30 000 -1.1237770E+01 -1.5196340E+01 5.5881680E+00
2026 07 25 22 52 00 000 -1.1231914E+01 -1.5192571E+01 5.5897891E+00
2026 07 25 22 52 30 000 -1.1226057E+01 -1.5188794E+01 5.5914210E+00
2026 07 25 22 53 00 000 -1.1220197E+01 -1.5185011E+01 5.5930636E+00
2026 07 25 22 53 30 000 -1.1214335E+01 -1.5181220E+01 5.5947170E+00
2026 07 25 22 54 00 000 -1.1208472E+01 -1.5177423E+01 5.5963811E+00
2026 07 25 22 54 30 000 -1.1202606E+01 -1.5173618E+01 5.5980560E+00
2026 07 25 22 55 00 000 -1.1196738E+01 -1.5169805E+01 5.5997416E+00
2026 07 25 22 55 30 000 -1.1190867E+01 -1.5165986E+01 5.6014379E+00
2026 07 25 22 56 00 000 -1.1184995E+01 -1.5162160E+01 5.6031448E+00
2026 07 25 22 56 30 000 -1.1179121E+01 -1.5158326E+01 5.6048624E+00
2026 07 25 22 57 00 000 -1.1173245E+01 -1.5154486E+01 5.6065907E+00
2026 07 25 22 57 30 000 -1.1167366E+01 -1.5150638E+01 5.6083295E+00
2026 07 25 22 58 00 000 -1.1161486E+01 -1.5146783E+01 5.6100790E+00
2026 07 25 22 58 30 000 -1.1155603E+01 -1.5142921E+01 5.6118391E+00
2026 07 25 22 59 00 000 -1.1149719E+01 -1.5139052E+01 5.6136097E+00
2026 07 25 22 59 30 000 -1.1143832E+01 -1.5135175E+01 5.6153910E+00
2026 07 25 23 00 00 000 -1.1137943E+01 -1.5131292E+01 5.6171827E+00
2026 07 25 23 00 30 000 -1.1132052E+01 -1.5127401E+01 5.6189850E+00
2026 07 25 23 01 00 000 -1.1126159E+01 -1.5123503E+01 5.6207979E+00
2026 07 25 23 01 30 000 -1.1120264E+01 -1.5119598E+01 5.6226212E+00
2026 07 25 23 02 00 000 -1.1114366E+01 -1.5115685E+01 5.6244550E+00
2026 07 25 23 02 30 000 -1.1108467E+01 -1.5111766E+01 5.6262992E+00
2026 07 25 23 03 00 000 -1.1102565E+01 -1.5107839E+01 5.6281540E+00
2026 07 25 23 03 30 000 -1.1096662E+01 -1.5103905E+01 5.6300191E+00
2026 07 25 23 04 00 000 -1.1090756E+01 -1.5099964E+01 5.6318947E+00
2026 07 25 23 04 30 000 -1.1084848E+01 -1.5096016E+01 5.6337806E+00
2026 07 25 23 05 00 000 -1.1078939E+01 -1.5092061E+01 5.6356770E+00
2026 07 25 23 05 30 000 -1.1073027E+01 -1.5088098E+01 5.6375837E+00
2026 07 25 23 06 00 000 -1.1067113E+01 -1.5084128E+01 5.6395007E+00
2026 07 25 23 06 30 000 -1.1061196E+01 -1.5080151E+01 5.6414281E+00
2026 07 25 23 07 00 000 -1.1055278E+01 -1.5076166E+01 5.6433658E+00
2026 07 25 23 07 30 000 -1.1049358E+01 -1.5072175E+01 5.6453138E+00
2026 07 25 23 08 00 000 -1.1043435E+01 -1.5068176E+01 5.6472721E+00
2026 07 25 23 08 30 000 -1.1037511E+01 -1.5064170E+01 5.6492406E+00
2026 07 25 23 09 00 000 -1.1031584E+01 -1.5060157E+01 5.6512194E+00
2026 07 25 23 09 30 000 -1.1025655E+01 -1.5056136E+01 5.6532084E+00
2026 07 25 23 10 00 000 -1.1019724E+01 -1.5052108E+01 5.6552076E+00
2026 07 25 23 10 30 000 -1.1013791E+01 -1.5048073E+01 5.6572170E+00
2026 07 25 23 11 00 000 -1.1007856E+01 -1.5044031E+01 5.6592366E+00
2026 07 25 23 11 30 000 -1.1001919E+01 -1.5039982E+01 5.6612663E+00
2026 07 25 23 12 00 000 -1.0995980E+01 -1.5035925E+01 5.6633062E+00
2026 07 25 23 12 30 000 -1.0990038E+01 -1.5031861E+01 5.6653562E+00
2026 07 25 23 13 00 000 -1.0984095E+01 -1.5027790E+01 5.6674163E+00
2026 07 25 23 13 30 000 -1.0978149E+01 -1.5023711E+01 5.6694865E+00
2026 07 25 23 14 00 000 -1.0972201E+01 -1.5019625E+01 5.6715668E+00
2026 07 25 23 14 30 000 -1.0966251E+01 -1.5015532E+01 5.6736571E+00
2026 07 25 23 15 00 000 -1.0960299E+01 -1.5011432E+01 5.6757574E+00
2026 07 25 23 15 30 000 -1.0954345E+01 -1.5007324E+01 5.6778678E+00
2026 07 25 23 16 00 000 -1.0948389E+01 -1.5003209E+01 5.6799881E+00
2026 07 25 23 16 30 000 -1.0942430E+01 -1.4999087E+01 5.6821185E+00
2026 07 25 23 17 00 000 -1.0936470E+01 -1.4994957E+01 5.6842588E+00
2026 07 25 23 17 30 000 -1.0930507E+01 -1.4990821E+01 5.6864090E+00
2026 07 25 23 18 00 000 -1.0924542E+01 -1.4986676E+01 5.6885691E+00
2026 07 25 23 18 30 000 -1.0918576E+01 -1.4982525E+01 5.6907392E+00
2026 07 25 23 19 00 000 -1.0912607E+01 -1.4978366E+01 5.6929191E+00
2026 07 25 23 19 30 000 -1.0906636E+01 -1.4974200E+01 5.6951089E+00
2026 07 25 23 20 00 000 -1.0900662E+01 -1.4970027E+01 5.6973086E+00
2026 07 25 23 20 30 000 -1.0894687E+01 -1.4965846E+01 5.6995180E+00
2026 07 25 23 21 00 000 -1.0888710E+01 -1.4961658E+01 5.7017373E+00
2026 07 25 23 21 30 000 -1.0882730E+01 -1.4957463E+01 5.7039664E+00
2026 07 25 23 22 00 000 -1.0876748E+01 -1.4953260E+01 5.7062053E+00
2026 07 25 23 22 30 000 -1.0870764E+01 -1.4949050E+01 5.7084539E+00
2026 07 25 23 23 00 000 -1.0864778E+01 -1.4944833E+01 5.7107122E+00
2026 07 25 23 23 30 000 -1.0858790E+01 -1.4940608E+01 5.7129803E+00
2026 07 25 23 24 00 000 -1.0852800E+01 -1.4936376E+01 5.7152580E+00
2026 07 25 23 24 30 000 -1.0846808E+01 -1.4932137E+01 5.7175455E+00
2026 07 25 23 25 00 000 -1.0840813E+01 -1.4927890E+01 5.7198426E+00
2026 07 25 23 25 30 000 -1.0834817E+01 -1.4923636E+01 5.7221493E+00
2026 07 25 23 26 00 000 -1.0828818E+01 -1.4919374E+01 5.7244656E+00
2026 07 25 23 26 30 000 -1.0822817E+01 -1.4915106E+01 5.7267916E+00
2026 07 25 23 27 00 000 -1.0816814E+01 -1.4910829E+01 5.7291271E+00
2026 07 25 23 27 30 000 -1.0810809E+01 -1.4906546E+01 5.7314722E+00
2026 07 25 23 28 00 000 -1.0804802E+01 -1.4902255E+01 5.7338268E+00
2026 07 25 23 28 30 000 -1.0798792E+01 -1.4897957E+01 5.7361910E+00
2026 07 25 23 29 00 000 -1.0792781E+01 -1.4893651E+01 5.7385647E+00
2026 07 25 23 29 30 000 -1.0786767E+01 -1.4889338E+01 5.7409478E+00
2026 07 25 23 30 00 000 -1.0780751E+01 -1.4885017E+01 5.7433404E+00
2026 07 25 23 30 30 000 -1.0774733E+01 -1.4880689E+01 5.7457425E+00
2026 07 25 23 31 00 000 -1.0768713E+01 -1.4876354E+01 5.7481540E+00
2026 07 25 23 31 30 000 -1.0762691E+01 -1.4872011E+01 5.7505748E+00
2026 07 25 23 32 00 000 -1.0756667E+01 -1.4867661E+01 5.7530051E+00
2026 07 25 23 32 30 000 -1.0750640E+01 -1.4863304E+01 5.7554447E+00
2026 07 25 23 33 00 000 -1.0744612E+01 -1.4858939E+01 5.7578937E+00
2026 07 25 23 33 30 000 -1.0738581E+01 -1.4854567E+01 5.7603520E+00
2026 07 25 23 34 00 000 -1.0732548E+01 -1.4850187E+01 5.7628196E+00
2026 07 25 23 34 30 000 -1.0726513E+01 -1.4845800E+01 5.7652965E+00
2026 07 25 23 35 00 000 -1.0720476E+01 -1.4841405E+01 5.7677827E+00
2026 07 25 23 35 30 000 -1.0714436E+01 -1.4837003E+01 5.7702781E+00
2026 07 25 23 36 00 000 -1.0708395E+01 -1.4832593E+01 5.7727827E+00
2026 07 25 23 36 30 000 -1.0702351E+01 -1.4828176E+01 5.7752965E+00
2026 07 25 23 37 00 000 -1.0696305E+01 -1.4823752E+01 5.7778195E+00
2026 07 25 23 37 30 000 -1.0690257E+01 -1.4819320E+01 5.7803517E+00
2026 07 25 23 38 00 000 -1.0684207E+01 -1.4814881E+01 5.7828930E+00
2026 07 25 23 38 30 000 -1.0678155E+01 -1.4810434E+01 5.7854435E+00
2026 07 25 23 39 00 000 -1.0672101E+01 -1.4805980E+01 5.7880030E+00
2026 07 25 23 39 30 000 -1.0666044E+01 -1.4801518E+01 5.7905716E+00
2026 07 25 23 40 00 000 -1.0659985E+01 -1.4797049E+01 5.7931493E+00
2026 07 25 23 40 30 000 -1.0653924E+01 -1.4792573E+01 5.7957360E+00
2026 07 25 23 41 00 000 -1.0647861E+01 -1.4788089E+01 5.7983317E+00
2026 07 25 23 41 30 000 -1.0641796E+01 -1.4783597E+01 5.8009364E+00
2026 07 25 23 42 00 000 -1.0635729E+01 -1.4779098E+01 5.8035501E+00
2026 07 25 23 42 30 000 -1.0629660E+01 -1.4774591E+01 5.8061728E+00
2026 07 25 23 43 00 000 -1.0623588E+01 -1.4770077E+01 5.8088043E+00
2026 07 25 23 43 30 000 -1.0617514E+01 -1.4765556E+01 5.8114448E+00
2026 07 25 23 44 00 000 -1.0611438E+01 -1.4761027E+01 5.8140942E+00
2026 07 25 23 44 30 000 -1.0605360E+01 -1.4756490E+01 5.8167524E+00
2026 07 25 23 45 00 000 -1.0599279E+01 -1.4751946E+01 5.8194195E+00
2026 07 25 23 45 30 000 -1.0593197E+01 -1.4747395E+01 5.8220954E+00
2026 07 25 23 46 00 000 -1.0587112E+01 -1.4742835E+01 5.8247801E+00
2026 07 25 23 46 30 000 -1.0581026E+01 -1.4738269E+01 5.8274736E+00
2026 07 25 23 47 00 000 -1.0574937E+01 -1.4733695E+01 5.8301758E+00
2026 07 25 23 47 30 000 -1.0568845E+01 -1.4729113E+01 5.8328868E+00
2026 07 25 23 48 00 000 -1.0562752E+01 -1.4724524E+01 5.8356065E+00
2026 07 25 23 48 30 000 -1.0556657E+01 -1.4719927E+01 5.8383349E+00
2026 07 25 23 49 00 000 -1.0550559E+01 -1.4715323E+01 5.8410720E+00
2026 07 25 23 49 30 000 -1.0544459E+01 -1.4710711E+01 5.8438177E+00
2026 07 25 23 50 00 000 -1.0538357E+01 -1.4706091E+01 5.8465720E+00
2026 07 25 23 50 30 000 -1.0532253E+01 -1.4701465E+01 5.8493350E+00
2026 07 25 23 51 00 000 -1.0526146E+01 -1.4696830E+01 5.8521066E+00
2026 07 25 23 51 30 000 -1.0520038E+01 -1.4692188E+01 5.8548867E+00
2026 07 25 23 52 00 000 -1.0513927E+01 -1.4687538E+01 5.8576753E+00
2026 07 25 23 52 30 000 -1.0507814E+01 -1.4682881E+01 5.8604725E+00
2026 07 25 23 53 00 000 -1.0501699E+01 -1.4678217E+01 5.8632782E+00
2026 07 25 23 53 30 000 -1.0495582E+01 -1.4673544E+01 5.8660924E+00
2026 07 25 23 54 00 000 -1.0489463E+01 -1.4668864E+01 5.8689150E+00
2026 07 25 23 54 30 000 -1.0483341E+01 -1.4664177E+01 5.8717460E+00
2026 07 25 23 55 00 000 -1.0477217E+01 -1.4659482E+01 5.8745854E+00
2026 07 25 23 55 30 000 -1.0471091E+01 -1.4654779E+01 5.8774333E+00
2026 07 25 23 56 00 000 -1.0464963E+01 -1.4650069E+01 5.8802895E+00
2026 07 25 23 56 30 000 -1.0458833E+01 -1.4645351E+01 5.8831540E+00
2026 07 25 23 57 00 000 -1.0452700E+01 -1.4640626E+01 5.8860269E+00
2026 07 25 23 57 30 000 -1.0446566E+01 -1.4635893E+01 5.8889080E+00
2026 07 25 23 58 00 000 -1.0440429E+01 -1.4631152E+01 5.8917975E+00
2026 07 25 23 58 30 000 -1.0434290E+01 -1.4626404E+01 5.8946952E+00
2026 07 25 23 59 00 000 -1.0428148E+01 -1.4621648E+01 5.8976011E+00
2026 07 25 23 59 30 000 -1.0422005E+01 -1.4616885E+01 5.9005152E+00
