Created with swmf_orbit_fetch.py on 2026-10-08 15:5305

#COOR
GSM

#START
2026 07 23 00 00 00 000 1.9411733E+00 -2.0072224E+00 3.5546761E+00
2026 07 23 00 00 30 000 1.9480996E+00 -1.9881084E+00 3.5436713E+00
2026 07 23 00 01 00 000 1.9549967E+00 -1.9689644E+00 3.5326098E+00
2026 07 23 00 01 30 000 1.9618641E+00 -1.9497905E+00 3.5214910E+00
2026 07 23 00 02 00 000 1.9687015E+00 -1.9305867E+00 3.5103147E+00
2026 07 23 00 02 30 000 1.9755083E+00 -1.9113533E+00 3.4990805E+00
2026 07 23 00 03 00 000 1.9822842E+00 -1.8920900E+00 3.4877878E+00
2026 07 23 00 03 30 000 1.9890289E+00 -1.8727971E+00 3.4764365E+00
2026 07 23 00 04 00 000 1.9957419E+00 -1.8534746E+00 3.4650260E+00
2026 07 23 00 04 30 000 2.0024228E+00 -1.8341226E+00 3.4535560E+00
2026 07 23 00 05 00 000 2.0090711E+00 -1.8147411E+00 3.4420259E+00
2026 07 23 00 05 30 000 2.0156865E+00 -1.7953301E+00 3.4304356E+00
2026 07 23 00 06 00 000 2.0222685E+00 -1.7758898E+00 3.4187844E+00
2026 07 23 00 06 30 000 2.0288167E+00 -1.7564202E+00 3.4070720E+00
2026 07 23 00 07 00 000 2.0353306E+00 -1.7369216E+00 3.3952981E+00
2026 07 23 00 07 30 000 2.0418098E+00 -1.7173938E+00 3.3834622E+00
2026 07 23 00 08 00 000 2.0482538E+00 -1.6978370E+00 3.3715639E+00
2026 07 23 00 08 30 000 2.0546622E+00 -1.6782513E+00 3.3596027E+00
2026 07 23 00 09 00 000 2.0610345E+00 -1.6586369E+00 3.3475784E+00
2026 07 23 00 09 30 000 2.0673702E+00 -1.6389937E+00 3.3354902E+00
2026 07 23 00 10 00 000 2.0736689E+00 -1.6193220E+00 3.3233380E+00
2026 07 23 00 10 30 000 2.0799300E+00 -1.5996217E+00 3.3111213E+00
2026 07 23 00 11 00 000 2.0861531E+00 -1.5798931E+00 3.2988396E+00
2026 07 23 00 11 30 000 2.0923377E+00 -1.5601362E+00 3.2864925E+00
2026 07 23 00 12 00 000 2.0984833E+00 -1.5403512E+00 3.2740796E+00
2026 07 23 00 12 30 000 2.1045893E+00 -1.5205381E+00 3.2616004E+00
2026 07 23 00 13 00 000 2.1106553E+00 -1.5006972E+00 3.2490546E+00
2026 07 23 00 13 30 000 2.1166806E+00 -1.4808286E+00 3.2364416E+00
2026 07 23 00 14 00 000 2.1226649E+00 -1.4609322E+00 3.2237610E+00
2026 07 23 00 14 30 000 2.1286075E+00 -1.4410085E+00 3.2110125E+00
2026 07 23 00 15 00 000 2.1345079E+00 -1.4210574E+00 3.1981954E+00
2026 07 23 00 15 30 000 2.1403656E+00 -1.4010792E+00 3.1853095E+00
2026 07 23 00 16 00 000 2.1461800E+00 -1.3810741E+00 3.1723542E+00
2026 07 23 00 16 30 000 2.1519505E+00 -1.3610420E+00 3.1593291E+00
2026 07 23 00 17 00 000 2.1576766E+00 -1.3409833E+00 3.1462338E+00
2026 07 23 00 17 30 000 2.1633577E+00 -1.3208982E+00 3.1330678E+00
2026 07 23 00 18 00 000 2.1689931E+00 -1.3007868E+00 3.1198307E+00
2026 07 23 00 18 30 000 2.1745823E+00 -1.2806492E+00 3.1065219E+00
2026 07 23 00 19 00 000 2.1801248E+00 -1.2604858E+00 3.0931411E+00
2026 07 23 00 19 30 000 2.1856198E+00 -1.2402966E+00 3.0796878E+00
2026 07 23 00 20 00 000 2.1910668E+00 -1.2200820E+00 3.0661615E+00
2026 07 23 00 20 30 000 2.1964652E+00 -1.1998421E+00 3.0525618E+00
2026 07 23 00 21 00 000 2.2018142E+00 -1.1795771E+00 3.0388882E+00
2026 07 23 00 21 30 000 2.2071134E+00 -1.1592873E+00 3.0251403E+00
2026 07 23 00 22 00 000 2.2123619E+00 -1.1389729E+00 3.0113175E+00
2026 07 23 00 22 30 000 2.2175592E+00 -1.1186342E+00 2.9974195E+00
2026 07 23 00 23 00 000 2.2227046E+00 -1.0982714E+00 2.9834458E+00
2026 07 23 00 23 30 000 2.2277975E+00 -1.0778848E+00 2.9693959E+00
2026 07 23 00 24 00 000 2.2328371E+00 -1.0574746E+00 2.9552693E+00
2026 07 23 00 24 30 000 2.2378227E+00 -1.0370410E+00 2.9410656E+00
2026 07 23 00 25 00 000 2.2427537E+00 -1.0165846E+00 2.9267844E+00
2026 07 23 00 25 30 000 2.2476294E+00 -9.9610534E-01 2.9124251E+00
2026 07 23 00 26 00 000 2.2524490E+00 -9.7560368E-01 2.8979873E+00
2026 07 23 00 26 30 000 2.2572118E+00 -9.5507989E-01 2.8834706E+00
2026 07 23 00 27 00 000 2.2619171E+00 -9.3453439E-01 2.8688744E+00
2026 07 23 00 27 30 000 2.2665642E+00 -9.1396733E-01 2.8541983E+00
2026 07 23 00 28 00 000 2.2711522E+00 -8.9337915E-01 2.8394419E+00
2026 07 23 00 28 30 000 2.2756805E+00 -8.7277015E-01 2.8246046E+00
2026 07 23 00 29 00 000 2.2801482E+00 -8.5214075E-01 2.8096861E+00
2026 07 23 00 29 30 000 2.2845546E+00 -8.3149126E-01 2.7946858E+00
2026 07 23 00 30 00 000 2.2888989E+00 -8.1082203E-01 2.7796034E+00
2026 07 23 00 30 30 000 2.2931804E+00 -7.9013346E-01 2.7644382E+00
2026 07 23 00 31 00 000 2.2973981E+00 -7.6942596E-01 2.7491900E+00
2026 07 23 00 31 30 000 2.3015513E+00 -7.4870003E-01 2.7338583E+00
2026 07 23 00 32 00 000 2.3056393E+00 -7.2795587E-01 2.7184424E+00
2026 07 23 00 32 30 000 2.3096610E+00 -7.0719404E-01 2.7029422E+00
2026 07 23 00 33 00 000 2.3136158E+00 -6.8641492E-01 2.6873569E+00
2026 07 23 00 33 30 000 2.3175027E+00 -6.6561905E-01 2.6716864E+00
2026 07 23 00 34 00 000 2.3213208E+00 -6.4480679E-01 2.6559300E+00
2026 07 23 00 34 30 000 2.3250695E+00 -6.2397864E-01 2.6400874E+00
2026 07 23 00 35 00 000 2.3287476E+00 -6.0313505E-01 2.6241580E+00
2026 07 23 00 35 30 000 2.3323545E+00 -5.8227658E-01 2.6081415E+00
2026 07 23 00 36 00 000 2.3358891E+00 -5.6140378E-01 2.5920376E+00
2026 07 23 00 36 30 000 2.3393505E+00 -5.4051703E-01 2.5758456E+00
2026 07 23 00 37 00 000 2.3427379E+00 -5.1961693E-01 2.5595652E+00
2026 07 23 00 37 30 000 2.3460504E+00 -4.9870401E-01 2.5431959E+00
2026 07 23 00 38 00 000 2.3492869E+00 -4.7777886E-01 2.5267374E+00
2026 07 23 00 38 30 000 2.3524465E+00 -4.5684209E-01 2.5101893E+00
2026 07 23 00 39 00 000 2.3555284E+00 -4.3589416E-01 2.4935510E+00
2026 07 23 00 39 30 000 2.3585315E+00 -4.1493575E-01 2.4768223E+00
2026 07 23 00 40 00 000 2.3614548E+00 -3.9396745E-01 2.4600027E+00
2026 07 23 00 40 30 000 2.3642975E+00 -3.7298998E-01 2.4430919E+00
2026 07 23 00 41 00 000 2.3670584E+00 -3.5200388E-01 2.4260894E+00
2026 07 23 00 41 30 000 2.3697366E+00 -3.3100980E-01 2.4089949E+00
2026 07 23 00 42 00 000 2.3723311E+00 -3.1000846E-01 2.3918079E+00
2026 07 23 00 42 30 000 2.3748409E+00 -2.8900054E-01 2.3745282E+00
2026 07 23 00 43 00 000 2.3772650E+00 -2.6798680E-01 2.3571555E+00
2026 07 23 00 43 30 000 2.3796023E+00 -2.4696783E-01 2.3396891E+00
2026 07 23 00 44 00 000 2.3818517E+00 -2.2594447E-01 2.3221290E+00
2026 07 23 00 44 30 000 2.3840123E+00 -2.0491744E-01 2.3044747E+00
2026 07 23 00 45 00 000 2.3860830E+00 -1.8388758E-01 2.2867260E+00
2026 07 23 00 45 30 000 2.3880626E+00 -1.6285559E-01 2.2688825E+00
2026 07 23 00 46 00 000 2.3899502E+00 -1.4182227E-01 2.2509438E+00
2026 07 23 00 46 30 000 2.3917447E+00 -1.2078849E-01 2.2329098E+00
2026 07 23 00 47 00 000 2.3934449E+00 -9.9755052E-02 2.2147800E+00
2026 07 23 00 47 30 000 2.3950497E+00 -7.8722886E-02 2.1965543E+00
2026 07 23 00 48 00 000 2.3965582E+00 -5.7692771E-02 2.1782324E+00
2026 07 23 00 48 30 000 2.3979691E+00 -3.6665643E-02 2.1598139E+00
2026 07 23 00 49 00 000 2.3992813E+00 -1.5642426E-02 2.1412988E+00
2026 07 23 00 49 30 000 2.4004937E+00 5.3759027E-03 2.1226867E+00
2026 07 23 00 50 00 000 2.4016052E+00 2.6388496E-02 2.1039774E+00
2026 07 23 00 50 30 000 2.4026146E+00 4.7394345E-02 2.0851707E+00
2026 07 23 00 51 00 000 2.4035209E+00 6.8392442E-02 2.0662664E+00
2026 07 23 00 51 30 000 2.4043228E+00 8.9381788E-02 2.0472644E+00
2026 07 23 00 52 00 000 2.4050191E+00 1.1036135E-01 2.0281645E+00
2026 07 23 00 52 30 000 2.4056088E+00 1.3133011E-01 2.0089665E+00
2026 07 23 00 53 00 000 2.4060907E+00 1.5228698E-01 1.9896702E+00
2026 07 23 00 53 30 000 2.4064636E+00 1.7323087E-01 1.9702757E+00
2026 07 23 00 54 00 000 2.4067263E+00 1.9416061E-01 1.9507829E+00
2026 07 23 00 54 30 000 2.4068777E+00 2.1507519E-01 1.9311915E+00
2026 07 23 00 55 00 000 2.4069166E+00 2.3597343E-01 1.9115015E+00
2026 07 23 00 55 30 000 2.4068418E+00 2.5685414E-01 1.8917130E+00
2026 07 23 00 56 00 000 2.4066521E+00 2.7771609E-01 1.8718258E+00
2026 07 23 00 56 30 000 2.4063463E+00 2.9855811E-01 1.8518400E+00
2026 07 23 00 57 00 000 2.4059233E+00 3.1937902E-01 1.8317556E+00
2026 07 23 00 57 30 000 2.4053818E+00 3.4017751E-01 1.8115725E+00
2026 07 23 00 58 00 000 2.4047208E+00 3.6095230E-01 1.7912910E+00
2026 07 23 00 58 30 000 2.4039389E+00 3.8170206E-01 1.7709110E+00
2026 07 23 00 59 00 000 2.4030351E+00 4.0242558E-01 1.7504326E+00
2026 07 23 00 59 30 000 2.4020080E+00 4.2312149E-01 1.7298559E+00
2026 07 23 01 00 00 000 2.4008566E+00 4.4378842E-01 1.7091812E+00
2026 07 23 01 00 30 000 2.3995797E+00 4.6442498E-01 1.6884084E+00
2026 07 23 01 01 00 000 2.3981761E+00 4.8502973E-01 1.6675380E+00
2026 07 23 01 01 30 000 2.3966446E+00 5.0560137E-01 1.6465700E+00
2026 07 23 01 02 00 000 2.3949841E+00 5.2613839E-01 1.6255047E+00
2026 07 23 01 02 30 000 2.3931934E+00 5.4663934E-01 1.6043423E+00
2026 07 23 01 03 00 000 2.3912713E+00 5.6710268E-01 1.5830833E+00
2026 07 23 01 03 30 000 2.3892167E+00 5.8752704E-01 1.5617278E+00
2026 07 23 01 04 00 000 2.3870285E+00 6.0791082E-01 1.5402761E+00
2026 07 23 01 04 30 000 2.3847055E+00 6.2825250E-01 1.5187288E+00
2026 07 23 01 05 00 000 2.3822466E+00 6.4855052E-01 1.4970861E+00
2026 07 23 01 05 30 000 2.3796507E+00 6.6880324E-01 1.4753487E+00
2026 07 23 01 06 00 000 2.3769167E+00 6.8900918E-01 1.4535167E+00
2026 07 23 01 06 30 000 2.3740435E+00 7.0916667E-01 1.4315908E+00
2026 07 23 01 07 00 000 2.3710300E+00 7.2927408E-01 1.4095715E+00
2026 07 23 01 07 30 000 2.3678752E+00 7.4932971E-01 1.3874594E+00
2026 07 23 01 08 00 000 2.3645780E+00 7.6933200E-01 1.3652549E+00
2026 07 23 01 08 30 000 2.3611373E+00 7.8927921E-01 1.3429588E+00
2026 07 23 01 09 00 000 2.3575522E+00 8.0916964E-01 1.3205716E+00
2026 07 23 01 09 30 000 2.3538217E+00 8.2900159E-01 1.2980941E+00
2026 07 23 01 10 00 000 2.3499447E+00 8.4877326E-01 1.2755269E+00
2026 07 23 01 10 30 000 2.3459204E+00 8.6848303E-01 1.2528709E+00
2026 07 23 01 11 00 000 2.3417477E+00 8.8812907E-01 1.2301267E+00
2026 07 23 01 11 30 000 2.3374257E+00 9.0770962E-01 1.2072951E+00
2026 07 23 01 12 00 000 2.3329535E+00 9.2722284E-01 1.1843772E+00
2026 07 23 01 12 30 000 2.3283303E+00 9.4666704E-01 1.1613735E+00
2026 07 23 01 13 00 000 2.3235552E+00 9.6604037E-01 1.1382852E+00
2026 07 23 01 13 30 000 2.3186273E+00 9.8534100E-01 1.1151131E+00
2026 07 23 01 14 00 000 2.3135458E+00 1.0045671E+00 1.0918583E+00
2026 07 23 01 14 30 000 2.3083101E+00 1.0237168E+00 1.0685217E+00
2026 07 23 01 15 00 000 2.3029192E+00 1.0427884E+00 1.0451044E+00
2026 07 23 01 15 30 000 2.2973725E+00 1.0617799E+00 1.0216074E+00
2026 07 23 01 16 00 000 2.2916693E+00 1.0806895E+00 9.9803197E-01
2026 07 23 01 16 30 000 2.2858090E+00 1.0995153E+00 9.7437922E-01
2026 07 23 01 17 00 000 2.2797908E+00 1.1182555E+00 9.5065021E-01
2026 07 23 01 17 30 000 2.2736142E+00 1.1369082E+00 9.2684626E-01
2026 07 23 01 18 00 000 2.2672785E+00 1.1554715E+00 9.0296862E-01
2026 07 23 01 18 30 000 2.2607834E+00 1.1739436E+00 8.7901862E-01
2026 07 23 01 19 00 000 2.2541283E+00 1.1923226E+00 8.5499751E-01
2026 07 23 01 19 30 000 2.2473126E+00 1.2106066E+00 8.3090666E-01
2026 07 23 01 20 00 000 2.2403361E+00 1.2287938E+00 8.0674747E-01
2026 07 23 01 20 30 000 2.2331982E+00 1.2468823E+00 7.8252138E-01
2026 07 23 01 21 00 000 2.2258986E+00 1.2648702E+00 7.5822989E-01
2026 07 23 01 21 30 000 2.2184371E+00 1.2827557E+00 7.3387437E-01
2026 07 23 01 22 00 000 2.2108133E+00 1.3005370E+00 7.0945640E-01
2026 07 23 01 22 30 000 2.2030270E+00 1.3182121E+00 6.8497755E-01
2026 07 23 01 23 00 000 2.1950780E+00 1.3357794E+00 6.6043938E-01
2026 07 23 01 23 30 000 2.1869661E+00 1.3532368E+00 6.3584358E-01
2026 07 23 01 24 00 000 2.1786913E+00 1.3705828E+00 6.1119164E-01
2026 07 23 01 24 30 000 2.1702535E+00 1.3878154E+00 5.8648531E-01
2026 07 23 01 25 00 000 2.1616526E+00 1.4049329E+00 5.6172629E-01
2026 07 23 01 25 30 000 2.1528887E+00 1.4219336E+00 5.3691636E-01
2026 07 23 01 26 00 000 2.1439618E+00 1.4388156E+00 5.1205714E-01
2026 07 23 01 26 30 000 2.1348720E+00 1.4555774E+00 4.8715047E-01
2026 07 23 01 27 00 000 2.1256195E+00 1.4722171E+00 4.6219815E-01
2026 07 23 01 27 30 000 2.1162045E+00 1.4887331E+00 4.3720202E-01
2026 07 23 01 28 00 000 2.1066273E+00 1.5051237E+00 4.1216396E-01
2026 07 23 01 28 30 000 2.0968880E+00 1.5213873E+00 3.8708573E-01
2026 07 23 01 29 00 000 2.0869870E+00 1.5375222E+00 3.6196928E-01
2026 07 23 01 29 30 000 2.0769248E+00 1.5535270E+00 3.3681649E-01
2026 07 23 01 30 00 000 2.0667017E+00 1.5694000E+00 3.1162939E-01
2026 07 23 01 30 30 000 2.0563182E+00 1.5851397E+00 2.8640975E-01
2026 07 23 01 31 00 000 2.0457749E+00 1.6007446E+00 2.6115961E-01
2026 07 23 01 31 30 000 2.0350722E+00 1.6162133E+00 2.3588094E-01
2026 07 23 01 32 00 000 2.0242108E+00 1.6315443E+00 2.1057573E-01
2026 07 23 01 32 30 000 2.0131914E+00 1.6467361E+00 1.8524603E-01
2026 07 23 01 33 00 000 2.0020146E+00 1.6617874E+00 1.5989373E-01
2026 07 23 01 33 30 000 1.9906812E+00 1.6766969E+00 1.3452090E-01
2026 07 23 01 34 00 000 1.9791919E+00 1.6914633E+00 1.0912957E-01
2026 07 23 01 34 30 000 1.9675476E+00 1.7060853E+00 8.3721848E-02
2026 07 23 01 35 00 000 1.9557492E+00 1.7205617E+00 5.8299615E-02
2026 07 23 01 35 30 000 1.9437975E+00 1.7348913E+00 3.2864992E-02
2026 07 23 01 36 00 000 1.9316936E+00 1.7490730E+00 7.4200130E-03
2026 07 23 01 36 30 000 1.9194384E+00 1.7631055E+00 -1.8033228E-02
2026 07 23 01 37 00 000 1.9070330E+00 1.7769879E+00 -4.3492728E-02
2026 07 23 01 37 30 000 1.8944784E+00 1.7907192E+00 -6.8956474E-02
2026 07 23 01 38 00 000 1.8817757E+00 1.8042983E+00 -9.4422401E-02
2026 07 23 01 38 30 000 1.8689262E+00 1.8177243E+00 -1.1988845E-01
2026 07 23 01 39 00 000 1.8559309E+00 1.8309962E+00 -1.4535254E-01
2026 07 23 01 39 30 000 1.8427912E+00 1.8441133E+00 -1.7081278E-01
2026 07 23 01 40 00 000 1.8295083E+00 1.8570748E+00 -1.9626708E-01
2026 07 23 01 40 30 000 1.8160835E+00 1.8698798E+00 -2.2171343E-01
2026 07 23 01 41 00 000 1.8025181E+00 1.8825276E+00 -2.4714980E-01
2026 07 23 01 41 30 000 1.7888135E+00 1.8950175E+00 -2.7257422E-01
2026 07 23 01 42 00 000 1.7749710E+00 1.9073489E+00 -2.9798479E-01
2026 07 23 01 42 30 000 1.7609922E+00 1.9195213E+00 -3.2337949E-01
2026 07 23 01 43 00 000 1.7468785E+00 1.9315340E+00 -3.4875638E-01
2026 07 23 01 43 30 000 1.7326313E+00 1.9433865E+00 -3.7411345E-01
2026 07 23 01 44 00 000 1.7182521E+00 1.9550784E+00 -3.9944896E-01
2026 07 23 01 44 30 000 1.7037426E+00 1.9666093E+00 -4.2476093E-01
2026 07 23 01 45 00 000 1.6891042E+00 1.9779788E+00 -4.5004747E-01
2026 07 23 01 45 30 000 1.6743385E+00 1.9891865E+00 -4.7530676E-01
2026 07 23 01 46 00 000 1.6594472E+00 2.0002322E+00 -5.0053687E-01
2026 07 23 01 46 30 000 1.6444319E+00 2.0111157E+00 -5.2573617E-01
2026 07 23 01 47 00 000 1.6292941E+00 2.0218368E+00 -5.5090278E-01
2026 07 23 01 47 30 000 1.6140356E+00 2.0323953E+00 -5.7603495E-01
2026 07 23 01 48 00 000 1.5986582E+00 2.0427910E+00 -6.0113085E-01
2026 07 23 01 48 30 000 1.5831633E+00 2.0530240E+00 -6.2618895E-01
2026 07 23 01 49 00 000 1.5675528E+00 2.0630942E+00 -6.5120747E-01
2026 07 23 01 49 30 000 1.5518284E+00 2.0730016E+00 -6.7618477E-01
2026 07 23 01 50 00 000 1.5359918E+00 2.0827463E+00 -7.0111921E-01
2026 07 23 01 50 30 000 1.5200448E+00 2.0923283E+00 -7.2600912E-01
2026 07 23 01 51 00 000 1.5039891E+00 2.1017479E+00 -7.5085309E-01
2026 07 23 01 51 30 000 1.4878265E+00 2.1110052E+00 -7.7564948E-01
2026 07 23 01 52 00 000 1.4715588E+00 2.1201004E+00 -8.0039681E-01
2026 07 23 01 52 30 000 1.4551877E+00 2.1290337E+00 -8.2509351E-01
2026 07 23 01 53 00 000 1.4387150E+00 2.1378055E+00 -8.4973827E-01
2026 07 23 01 53 30 000 1.4221425E+00 2.1464160E+00 -8.7432962E-01
2026 07 23 01 54 00 000 1.4054720E+00 2.1548657E+00 -8.9886616E-01
2026 07 23 01 54 30 000 1.3887053E+00 2.1631549E+00 -9.2334654E-01
2026 07 23 01 55 00 000 1.3718442E+00 2.1712840E+00 -9.4776935E-01
2026 07 23 01 55 30 000 1.3548904E+00 2.1792536E+00 -9.7213347E-01
2026 07 23 01 56 00 000 1.3378458E+00 2.1870640E+00 -9.9643754E-01
2026 07 23 01 56 30 000 1.3207121E+00 2.1947159E+00 -1.0206804E+00
2026 07 23 01 57 00 000 1.3034912E+00 2.2022097E+00 -1.0448606E+00
2026 07 23 01 57 30 000 1.2861847E+00 2.2095462E+00 -1.0689774E+00
2026 07 23 01 58 00 000 1.2687944E+00 2.2167258E+00 -1.0930294E+00
2026 07 23 01 58 30 000 1.2513222E+00 2.2237492E+00 -1.1170156E+00
2026 07 23 01 59 00 000 1.2337698E+00 2.2306171E+00 -1.1409348E+00
2026 07 23 01 59 30 000 1.2161389E+00 2.2373301E+00 -1.1647861E+00
2026 07 23 02 00 00 000 1.1984313E+00 2.2438890E+00 -1.1885685E+00
2026 07 23 02 00 30 000 1.1806487E+00 2.2502946E+00 -1.2122810E+00
2026 07 23 02 01 00 000 1.1627928E+00 2.2565475E+00 -1.2359227E+00
2026 07 23 02 01 30 000 1.1448654E+00 2.2626486E+00 -1.2594925E+00
2026 07 23 02 02 00 000 1.1268681E+00 2.2685987E+00 -1.2829899E+00
2026 07 23 02 02 30 000 1.1088025E+00 2.2743986E+00 -1.3064137E+00
2026 07 23 02 03 00 000 1.0906705E+00 2.2800491E+00 -1.3297634E+00
2026 07 23 02 03 30 000 1.0724737E+00 2.2855512E+00 -1.3530379E+00
2026 07 23 02 04 00 000 1.0542136E+00 2.2909056E+00 -1.3762367E+00
2026 07 23 02 04 30 000 1.0358919E+00 2.2961133E+00 -1.3993590E+00
2026 07 23 02 05 00 000 1.0175103E+00 2.3011752E+00 -1.4224041E+00
2026 07 23 02 05 30 000 9.9907028E-01 2.3060923E+00 -1.4453713E+00
2026 07 23 02 06 00 000 9.8057355E-01 2.3108654E+00 -1.4682600E+00
2026 07 23 02 06 30 000 9.6202156E-01 2.3154955E+00 -1.4910697E+00
2026 07 23 02 07 00 000 9.4341591E-01 2.3199837E+00 -1.5137997E+00
2026 07 23 02 07 30 000 9.2475813E-01 2.3243308E+00 -1.5364495E+00
2026 07 23 02 08 00 000 9.0604973E-01 2.3285379E+00 -1.5590186E+00
2026 07 23 02 08 30 000 8.8729226E-01 2.3326060E+00 -1.5815064E+00
2026 07 23 02 09 00 000 8.6848710E-01 2.3365360E+00 -1.6039126E+00
2026 07 23 02 09 30 000 8.4963576E-01 2.3403291E+00 -1.6262366E+00
2026 07 23 02 10 00 000 8.3073970E-01 2.3439862E+00 -1.6484781E+00
2026 07 23 02 10 30 000 8.1180038E-01 2.3475083E+00 -1.6706366E+00
2026 07 23 02 11 00 000 7.9281910E-01 2.3508966E+00 -1.6927119E+00
2026 07 23 02 11 30 000 7.7379730E-01 2.3541521E+00 -1.7147035E+00
2026 07 23 02 12 00 000 7.5473636E-01 2.3572757E+00 -1.7366112E+00
2026 07 23 02 12 30 000 7.3563761E-01 2.3602687E+00 -1.7584346E+00
2026 07 23 02 13 00 000 7.1650245E-01 2.3631319E+00 -1.7801734E+00
2026 07 23 02 13 30 000 6.9733208E-01 2.3658666E+00 -1.8018275E+00
2026 07 23 02 14 00 000 6.7812783E-01 2.3684738E+00 -1.8233966E+00
2026 07 23 02 14 30 000 6.5889099E-01 2.3709545E+00 -1.8448804E+00
2026 07 23 02 15 00 000 6.3962285E-01 2.3733099E+00 -1.8662788E+00
2026 07 23 02 15 30 000 6.2032454E-01 2.3755409E+00 -1.8875917E+00
2026 07 23 02 16 00 000 6.0099732E-01 2.3776487E+00 -1.9088188E+00
2026 07 23 02 16 30 000 5.8164240E-01 2.3796344E+00 -1.9299601E+00
2026 07 23 02 17 00 000 5.6226094E-01 2.3814991E+00 -1.9510154E+00
2026 07 23 02 17 30 000 5.4285415E-01 2.3832437E+00 -1.9719845E+00
2026 07 23 02 18 00 000 5.2342306E-01 2.3848695E+00 -1.9928676E+00
2026 07 23 02 18 30 000 5.0396884E-01 2.3863774E+00 -2.0136645E+00
2026 07 23 02 19 00 000 4.8449258E-01 2.3877685E+00 -2.0343751E+00
2026 07 23 02 19 30 000 4.6499542E-01 2.3890440E+00 -2.0549994E+00
2026 07 23 02 20 00 000 4.4547830E-01 2.3902049E+00 -2.0755374E+00
2026 07 23 02 20 30 000 4.2594232E-01 2.3912522E+00 -2.0959892E+00
2026 07 23 02 21 00 000 4.0638850E-01 2.3921870E+00 -2.1163547E+00
2026 07 23 02 21 30 000 3.8681787E-01 2.3930104E+00 -2.1366339E+00
2026 07 23 02 22 00 000 3.6723139E-01 2.3937235E+00 -2.1568269E+00
2026 07 23 02 22 30 000 3.4763000E-01 2.3943272E+00 -2.1769339E+00
2026 07 23 02 23 00 000 3.2801467E-01 2.3948227E+00 -2.1969547E+00
2026 07 23 02 23 30 000 3.0838633E-01 2.3952110E+00 -2.2168896E+00
2026 07 23 02 24 00 000 2.8874594E-01 2.3954930E+00 -2.2367386E+00
2026 07 23 02 24 30 000 2.6909431E-01 2.3956700E+00 -2.2565018E+00
2026 07 23 02 25 00 000 2.4943234E-01 2.3957428E+00 -2.2761794E+00
2026 07 23 02 25 30 000 2.2976091E-01 2.3957125E+00 -2.2957715E+00
2026 07 23 02 26 00 000 2.1008089E-01 2.3955801E+00 -2.3152782E+00
2026 07 23 02 26 30 000 1.9039306E-01 2.3953467E+00 -2.3346996E+00
2026 07 23 02 27 00 000 1.7069823E-01 2.3950132E+00 -2.3540361E+00
2026 07 23 02 27 30 000 1.5099721E-01 2.3945806E+00 -2.3732876E+00
2026 07 23 02 28 00 000 1.3129078E-01 2.3940500E+00 -2.3924544E+00
2026 07 23 02 28 30 000 1.1157974E-01 2.3934223E+00 -2.4115366E+00
2026 07 23 02 29 00 000 9.1864743E-02 2.3926985E+00 -2.4305346E+00
2026 07 23 02 29 30 000 7.2146562E-02 2.3918796E+00 -2.4494484E+00
2026 07 23 02 30 00 000 5.2425926E-02 2.3909665E+00 -2.4682784E+00
2026 07 23 02 30 30 000 3.2703525E-02 2.3899602E+00 -2.4870246E+00
2026 07 23 02 31 00 000 1.2980104E-02 2.3888616E+00 -2.5056873E+00
2026 07 23 02 31 30 000 -6.7437855E-03 2.3876718E+00 -2.5242669E+00
2026 07 23 02 32 00 000 -2.6467413E-02 2.3863916E+00 -2.5427635E+00
2026 07 23 02 32 30 000 -4.6190166E-02 2.3850219E+00 -2.5611773E+00
2026 07 23 02 33 00 000 -6.5911340E-02 2.3835637E+00 -2.5795086E+00
2026 07 23 02 33 30 000 -8.5630442E-02 2.3820179E+00 -2.5977578E+00
2026 07 23 02 34 00 000 -1.0534681E-01 2.3803854E+00 -2.6159250E+00
2026 07 23 02 34 30 000 -1.2505987E-01 2.3786671E+00 -2.6340104E+00
2026 07 23 02 35 00 000 -1.4476903E-01 2.3768639E+00 -2.6520145E+00
2026 07 23 02 35 30 000 -1.6447369E-01 2.3749766E+00 -2.6699374E+00
2026 07 23 02 36 00 000 -1.8417340E-01 2.3730062E+00 -2.6877795E+00
2026 07 23 02 36 30 000 -2.0386758E-01 2.3709535E+00 -2.7055411E+00
2026 07 23 02 37 00 000 -2.2355569E-01 2.3688195E+00 -2.7232223E+00
2026 07 23 02 37 30 000 -2.4323719E-01 2.3666048E+00 -2.7408236E+00
2026 07 23 02 38 00 000 -2.6291166E-01 2.3643104E+00 -2.7583452E+00
2026 07 23 02 38 30 000 -2.8257857E-01 2.3619371E+00 -2.7757875E+00
2026 07 23 02 39 00 000 -3.0223746E-01 2.3594857E+00 -2.7931507E+00
2026 07 23 02 39 30 000 -3.2188784E-01 2.3569571E+00 -2.8104351E+00
2026 07 23 02 40 00 000 -3.4152923E-01 2.3543521E+00 -2.8276411E+00
2026 07 23 02 40 30 000 -3.6116127E-01 2.3516714E+00 -2.8447690E+00
2026 07 23 02 41 00 000 -3.8078349E-01 2.3489159E+00 -2.8618190E+00
2026 07 23 02 41 30 000 -4.0039545E-01 2.3460864E+00 -2.8787916E+00
2026 07 23 02 42 00 000 -4.1999670E-01 2.3431836E+00 -2.8956870E+00
2026 07 23 02 42 30 000 -4.3958694E-01 2.3402083E+00 -2.9125056E+00
2026 07 23 02 43 00 000 -4.5916573E-01 2.3371613E+00 -2.9292477E+00
2026 07 23 02 43 30 000 -4.7873267E-01 2.3340433E+00 -2.9459136E+00
2026 07 23 02 44 00 000 -4.9828738E-01 2.3308551E+00 -2.9625036E+00
2026 07 23 02 44 30 000 -5.1782952E-01 2.3275975E+00 -2.9790180E+00
2026 07 23 02 45 00 000 -5.3735876E-01 2.3242711E+00 -2.9954574E+00
2026 07 23 02 45 30 000 -5.5687472E-01 2.3208766E+00 -3.0118218E+00
2026 07 23 02 46 00 000 -5.7637708E-01 2.3174149E+00 -3.0281117E+00
2026 07 23 02 46 30 000 -5.9586545E-01 2.3138866E+00 -3.0443274E+00
2026 07 23 02 47 00 000 -6.1533962E-01 2.3102924E+00 -3.0604693E+00
2026 07 23 02 47 30 000 -6.3479922E-01 2.3066330E+00 -3.0765376E+00
2026 07 23 02 48 00 000 -6.5424395E-01 2.3029091E+00 -3.0925328E+00
2026 07 23 02 48 30 000 -6.7367348E-01 2.2991214E+00 -3.1084551E+00
2026 07 23 02 49 00 000 -6.9308758E-01 2.2952705E+00 -3.1243049E+00
2026 07 23 02 49 30 000 -7.1248597E-01 2.2913572E+00 -3.1400825E+00
2026 07 23 02 50 00 000 -7.3186835E-01 2.2873820E+00 -3.1557884E+00
2026 07 23 02 50 30 000 -7.5123446E-01 2.2833457E+00 -3.1714227E+00
2026 07 23 02 51 00 000 -7.7058399E-01 2.2792489E+00 -3.1869858E+00
2026 07 23 02 51 30 000 -7.8991681E-01 2.2750922E+00 -3.2024782E+00
2026 07 23 02 52 00 000 -8.0923261E-01 2.2708762E+00 -3.2179000E+00
2026 07 23 02 52 30 000 -8.2853116E-01 2.2666016E+00 -3.2332518E+00
2026 07 23 02 53 00 000 -8.4781222E-01 2.2622690E+00 -3.2485337E+00
2026 07 23 02 53 30 000 -8.6707552E-01 2.2578790E+00 -3.2637461E+00
2026 07 23 02 54 00 000 -8.8632094E-01 2.2534322E+00 -3.2788894E+00
2026 07 23 02 54 30 000 -9.0554823E-01 2.2489291E+00 -3.2939640E+00
2026 07 23 02 55 00 000 -9.2475717E-01 2.2443705E+00 -3.3089700E+00
2026 07 23 02 55 30 000 -9.4394752E-01 2.2397569E+00 -3.3239079E+00
2026 07 23 02 56 00 000 -9.6311918E-01 2.2350887E+00 -3.3387781E+00
2026 07 23 02 56 30 000 -9.8227193E-01 2.2303667E+00 -3.3535808E+00
2026 07 23 02 57 00 000 -1.0014056E+00 2.2255914E+00 -3.3683164E+00
2026 07 23 02 57 30 000 -1.0205199E+00 2.2207634E+00 -3.3829852E+00
2026 07 23 02 58 00 000 -1.0396148E+00 2.2158831E+00 -3.3975874E+00
2026 07 23 02 58 30 000 -1.0586901E+00 2.2109512E+00 -3.4121236E+00
2026 07 23 02 59 00 000 -1.0777456E+00 2.2059681E+00 -3.4265940E+00
2026 07 23 02 59 30 000 -1.0967812E+00 2.2009344E+00 -3.4409989E+00
2026 07 23 03 00 00 000 -1.1157966E+00 2.1958507E+00 -3.4553386E+00
2026 07 23 03 00 30 000 -1.1347919E+00 2.1907175E+00 -3.4696135E+00
2026 07 23 03 01 00 000 -1.1537667E+00 2.1855352E+00 -3.4838239E+00
2026 07 23 03 01 30 000 -1.1727211E+00 2.1803044E+00 -3.4979701E+00
2026 07 23 03 02 00 000 -1.1916548E+00 2.1750255E+00 -3.5120525E+00
2026 07 23 03 02 30 000 -1.2105677E+00 2.1696992E+00 -3.5260713E+00
2026 07 23 03 03 00 000 -1.2294598E+00 2.1643258E+00 -3.5400269E+00
2026 07 23 03 03 30 000 -1.2483309E+00 2.1589059E+00 -3.5539196E+00
2026 07 23 03 04 00 000 -1.2671808E+00 2.1534399E+00 -3.5677497E+00
2026 07 23 03 04 30 000 -1.2860094E+00 2.1479284E+00 -3.5815176E+00
2026 07 23 03 05 00 000 -1.3048167E+00 2.1423717E+00 -3.5952234E+00
2026 07 23 03 05 30 000 -1.3236026E+00 2.1367704E+00 -3.6088677E+00
2026 07 23 03 06 00 000 -1.3423669E+00 2.1311249E+00 -3.6224506E+00
2026 07 23 03 06 30 000 -1.3611096E+00 2.1254356E+00 -3.6359724E+00
2026 07 23 03 07 00 000 -1.3798305E+00 2.1197031E+00 -3.6494336E+00
2026 07 23 03 07 30 000 -1.3985296E+00 2.1139277E+00 -3.6628343E+00
2026 07 23 03 08 00 000 -1.4172067E+00 2.1081100E+00 -3.6761749E+00
2026 07 23 03 08 30 000 -1.4358619E+00 2.1022502E+00 -3.6894557E+00
2026 07 23 03 09 00 000 -1.4544950E+00 2.0963489E+00 -3.7026770E+00
2026 07 23 03 09 30 000 -1.4731059E+00 2.0904065E+00 -3.7158391E+00
2026 07 23 03 10 00 000 -1.4916946E+00 2.0844234E+00 -3.7289423E+00
2026 07 23 03 10 30 000 -1.5102610E+00 2.0784000E+00 -3.7419868E+00
2026 07 23 03 11 00 000 -1.5288051E+00 2.0723368E+00 -3.7549731E+00
2026 07 23 03 11 30 000 -1.5473267E+00 2.0662341E+00 -3.7679013E+00
2026 07 23 03 12 00 000 -1.5658258E+00 2.0600923E+00 -3.7807717E+00
2026 07 23 03 12 30 000 -1.5843024E+00 2.0539118E+00 -3.7935848E+00
2026 07 23 03 13 00 000 -1.6027564E+00 2.0476930E+00 -3.8063407E+00
2026 07 23 03 13 30 000 -1.6211876E+00 2.0414364E+00 -3.8190396E+00
2026 07 23 03 14 00 000 -1.6395962E+00 2.0351423E+00 -3.8316820E+00
2026 07 23 03 14 30 000 -1.6579821E+00 2.0288110E+00 -3.8442682E+00
2026 07 23 03 15 00 000 -1.6763452E+00 2.0224430E+00 -3.8567982E+00
2026 07 23 03 15 30 000 -1.6946854E+00 2.0160385E+00 -3.8692726E+00
2026 07 23 03 16 00 000 -1.7130026E+00 2.0095981E+00 -3.8816914E+00
2026 07 23 03 16 30 000 -1.7312970E+00 2.0031220E+00 -3.8940551E+00
2026 07 23 03 17 00 000 -1.7495685E+00 1.9966106E+00 -3.9063639E+00
2026 07 23 03 17 30 000 -1.7678169E+00 1.9900643E+00 -3.9186180E+00
2026 07 23 03 18 00 000 -1.7860423E+00 1.9834833E+00 -3.9308177E+00
2026 07 23 03 18 30 000 -1.8042447E+00 1.9768682E+00 -3.9429634E+00
2026 07 23 03 19 00 000 -1.8224240E+00 1.9702191E+00 -3.9550552E+00
2026 07 23 03 19 30 000 -1.8405801E+00 1.9635364E+00 -3.9670935E+00
2026 07 23 03 20 00 000 -1.8587132E+00 1.9568205E+00 -3.9790784E+00
2026 07 23 03 20 30 000 -1.8768230E+00 1.9500717E+00 -3.9910103E+00
2026 07 23 03 21 00 000 -1.8949098E+00 1.9432903E+00 -4.0028894E+00
2026 07 23 03 21 30 000 -1.9129733E+00 1.9364767E+00 -4.0147160E+00
2026 07 23 03 22 00 000 -1.9310136E+00 1.9296311E+00 -4.0264903E+00
2026 07 23 03 22 30 000 -1.9490307E+00 1.9227539E+00 -4.0382126E+00
2026 07 23 03 23 00 000 -1.9670245E+00 1.9158455E+00 -4.0498832E+00
2026 07 23 03 23 30 000 -1.9849952E+00 1.9089060E+00 -4.0615023E+00
2026 07 23 03 24 00 000 -2.0029425E+00 1.9019358E+00 -4.0730701E+00
2026 07 23 03 24 30 000 -2.0208666E+00 1.8949352E+00 -4.0845870E+00
2026 07 23 03 25 00 000 -2.0387674E+00 1.8879046E+00 -4.0960530E+00
2026 07 23 03 25 30 000 -2.0566450E+00 1.8808442E+00 -4.1074686E+00
2026 07 23 03 26 00 000 -2.0744992E+00 1.8737543E+00 -4.1188339E+00
2026 07 23 03 26 30 000 -2.0923302E+00 1.8666352E+00 -4.1301491E+00
2026 07 23 03 27 00 000 -2.1101379E+00 1.8594871E+00 -4.1414146E+00
2026 07 23 03 27 30 000 -2.1279223E+00 1.8523104E+00 -4.1526306E+00
2026 07 23 03 28 00 000 -2.1456835E+00 1.8451054E+00 -4.1637972E+00
2026 07 23 03 28 30 000 -2.1634213E+00 1.8378723E+00 -4.1749148E+00
2026 07 23 03 29 00 000 -2.1811359E+00 1.8306114E+00 -4.1859836E+00
2026 07 23 03 29 30 000 -2.1988272E+00 1.8233229E+00 -4.1970037E+00
2026 07 23 03 30 00 000 -2.2164953E+00 1.8160072E+00 -4.2079755E+00
2026 07 23 03 30 30 000 -2.2341402E+00 1.8086645E+00 -4.2188992E+00
2026 07 23 03 31 00 000 -2.2517617E+00 1.8012951E+00 -4.2297750E+00
2026 07 23 03 31 30 000 -2.2693600E+00 1.7938992E+00 -4.2406030E+00
2026 07 23 03 32 00 000 -2.2869352E+00 1.7864771E+00 -4.2513836E+00
2026 07 23 03 32 30 000 -2.3044871E+00 1.7790290E+00 -4.2621170E+00
2026 07 23 03 33 00 000 -2.3220158E+00 1.7715552E+00 -4.2728034E+00
2026 07 23 03 33 30 000 -2.3395214E+00 1.7640560E+00 -4.2834429E+00
2026 07 23 03 34 00 000 -2.3570037E+00 1.7565315E+00 -4.2940359E+00
2026 07 23 03 34 30 000 -2.3744630E+00 1.7489821E+00 -4.3045826E+00
2026 07 23 03 35 00 000 -2.3918991E+00 1.7414079E+00 -4.3150831E+00
2026 07 23 03 35 30 000 -2.4093121E+00 1.7338093E+00 -4.3255377E+00
2026 07 23 03 36 00 000 -2.4267019E+00 1.7261865E+00 -4.3359465E+00
2026 07 23 03 36 30 000 -2.4440687E+00 1.7185396E+00 -4.3463099E+00
2026 07 23 03 37 00 000 -2.4614125E+00 1.7108689E+00 -4.3566280E+00
2026 07 23 03 37 30 000 -2.4787333E+00 1.7031746E+00 -4.3669010E+00
2026 07 23 03 38 00 000 -2.4960310E+00 1.6954571E+00 -4.3771291E+00
2026 07 23 03 38 30 000 -2.5133057E+00 1.6877164E+00 -4.3873125E+00
2026 07 23 03 39 00 000 -2.5305575E+00 1.6799529E+00 -4.3974515E+00
2026 07 23 03 39 30 000 -2.5477863E+00 1.6721667E+00 -4.4075462E+00
2026 07 23 03 40 00 000 -2.5649922E+00 1.6643581E+00 -4.4175969E+00
2026 07 23 03 40 30 000 -2.5821752E+00 1.6565272E+00 -4.4276037E+00
2026 07 23 03 41 00 000 -2.5993354E+00 1.6486743E+00 -4.4375668E+00
2026 07 23 03 41 30 000 -2.6164727E+00 1.6407997E+00 -4.4474865E+00
2026 07 23 03 42 00 000 -2.6335873E+00 1.6329034E+00 -4.4573629E+00
2026 07 23 03 42 30 000 -2.6506790E+00 1.6249857E+00 -4.4671962E+00
2026 07 23 03 43 00 000 -2.6677480E+00 1.6170469E+00 -4.4769867E+00
2026 07 23 03 43 30 000 -2.6847943E+00 1.6090871E+00 -4.4867344E+00
2026 07 23 03 44 00 000 -2.7018179E+00 1.6011065E+00 -4.4964397E+00
2026 07 23 03 44 30 000 -2.7188188E+00 1.5931054E+00 -4.5061026E+00
2026 07 23 03 45 00 000 -2.7357971E+00 1.5850838E+00 -4.5157234E+00
2026 07 23 03 45 30 000 -2.7527528E+00 1.5770421E+00 -4.5253023E+00
2026 07 23 03 46 00 000 -2.7696860E+00 1.5689804E+00 -4.5348394E+00
2026 07 23 03 46 30 000 -2.7865966E+00 1.5608989E+00 -4.5443350E+00
2026 07 23 03 47 00 000 -2.8034847E+00 1.5527978E+00 -4.5537892E+00
2026 07 23 03 47 30 000 -2.8203504E+00 1.5446772E+00 -4.5632021E+00
2026 07 23 03 48 00 000 -2.8371936E+00 1.5365374E+00 -4.5725741E+00
2026 07 23 03 48 30 000 -2.8540144E+00 1.5283786E+00 -4.5819052E+00
2026 07 23 03 49 00 000 -2.8708129E+00 1.5202009E+00 -4.5911956E+00
2026 07 23 03 49 30 000 -2.8875890E+00 1.5120045E+00 -4.6004455E+00
2026 07 23 03 50 00 000 -2.9043429E+00 1.5037896E+00 -4.6096552E+00
2026 07 23 03 50 30 000 -2.9210745E+00 1.4955563E+00 -4.6188246E+00
2026 07 23 03 51 00 000 -2.9377839E+00 1.4873049E+00 -4.6279541E+00
2026 07 23 03 51 30 000 -2.9544711E+00 1.4790355E+00 -4.6370438E+00
2026 07 23 03 52 00 000 -2.9711362E+00 1.4707483E+00 -4.6460939E+00
2026 07 23 03 52 30 000 -2.9877792E+00 1.4624434E+00 -4.6551045E+00
2026 07 23 03 53 00 000 -3.0044001E+00 1.4541211E+00 -4.6640758E+00
2026 07 23 03 53 30 000 -3.0209989E+00 1.4457814E+00 -4.6730080E+00
2026 07 23 03 54 00 000 -3.0375758E+00 1.4374246E+00 -4.6819012E+00
2026 07 23 03 54 30 000 -3.0541307E+00 1.4290509E+00 -4.6907556E+00
2026 07 23 03 55 00 000 -3.0706637E+00 1.4206603E+00 -4.6995714E+00
2026 07 23 03 55 30 000 -3.0871749E+00 1.4122530E+00 -4.7083488E+00
2026 07 23 03 56 00 000 -3.1036642E+00 1.4038293E+00 -4.7170878E+00
2026 07 23 03 56 30 000 -3.1201317E+00 1.3953892E+00 -4.7257886E+00
2026 07 23 03 57 00 000 -3.1365774E+00 1.3869329E+00 -4.7344515E+00
2026 07 23 03 57 30 000 -3.1530015E+00 1.3784606E+00 -4.7430765E+00
2026 07 23 03 58 00 000 -3.1694039E+00 1.3699724E+00 -4.7516639E+00
2026 07 23 03 58 30 000 -3.1857846E+00 1.3614685E+00 -4.7602137E+00
2026 07 23 03 59 00 000 -3.2021437E+00 1.3529490E+00 -4.7687261E+00
2026 07 23 03 59 30 000 -3.2184814E+00 1.3444140E+00 -4.7772014E+00
2026 07 23 04 00 00 000 -3.2347975E+00 1.3358638E+00 -4.7856396E+00
2026 07 23 04 00 30 000 -3.2510921E+00 1.3272985E+00 -4.7940408E+00
2026 07 23 04 01 00 000 -3.2673653E+00 1.3187182E+00 -4.8024053E+00
2026 07 23 04 01 30 000 -3.2836171E+00 1.3101230E+00 -4.8107332E+00
2026 07 23 04 02 00 000 -3.2998476E+00 1.3015132E+00 -4.8190246E+00
2026 07 23 04 02 30 000 -3.3160567E+00 1.2928888E+00 -4.8272798E+00
2026 07 23 04 03 00 000 -3.3322446E+00 1.2842499E+00 -4.8354987E+00
2026 07 23 04 03 30 000 -3.3484113E+00 1.2755968E+00 -4.8436816E+00
2026 07 23 04 04 00 000 -3.3645569E+00 1.2669296E+00 -4.8518286E+00
2026 07 23 04 04 30 000 -3.3806813E+00 1.2582483E+00 -4.8599399E+00
2026 07 23 04 05 00 000 -3.3967846E+00 1.2495532E+00 -4.8680156E+00
2026 07 23 04 05 30 000 -3.4128668E+00 1.2408443E+00 -4.8760559E+00
2026 07 23 04 06 00 000 -3.4289281E+00 1.2321218E+00 -4.8840608E+00
2026 07 23 04 06 30 000 -3.4449684E+00 1.2233859E+00 -4.8920305E+00
2026 07 23 04 07 00 000 -3.4609878E+00 1.2146366E+00 -4.8999653E+00
2026 07 23 04 07 30 000 -3.4769863E+00 1.2058741E+00 -4.9078651E+00
2026 07 23 04 08 00 000 -3.4929640E+00 1.1970985E+00 -4.9157301E+00
2026 07 23 04 08 30 000 -3.5089209E+00 1.1883099E+00 -4.9235606E+00
2026 07 23 04 09 00 000 -3.5248571E+00 1.1795086E+00 -4.9313565E+00
2026 07 23 04 09 30 000 -3.5407726E+00 1.1706945E+00 -4.9391181E+00
2026 07 23 04 10 00 000 -3.5566673E+00 1.1618678E+00 -4.9468454E+00
2026 07 23 04 10 30 000 -3.5725416E+00 1.1530287E+00 -4.9545387E+00
2026 07 23 04 11 00 000 -3.5883952E+00 1.1441772E+00 -4.9621980E+00
2026 07 23 04 11 30 000 -3.6042283E+00 1.1353135E+00 -4.9698235E+00
2026 07 23 04 12 00 000 -3.6200409E+00 1.1264377E+00 -4.9774153E+00
2026 07 23 04 12 30 000 -3.6358332E+00 1.1175500E+00 -4.9849735E+00
2026 07 23 04 13 00 000 -3.6516050E+00 1.1086503E+00 -4.9924982E+00
2026 07 23 04 13 30 000 -3.6673565E+00 1.0997389E+00 -4.9999897E+00
2026 07 23 04 14 00 000 -3.6830876E+00 1.0908159E+00 -5.0074479E+00
2026 07 23 04 14 30 000 -3.6987985E+00 1.0818814E+00 -5.0148731E+00
2026 07 23 04 15 00 000 -3.7144892E+00 1.0729355E+00 -5.0222654E+00
2026 07 23 04 15 30 000 -3.7301598E+00 1.0639783E+00 -5.0296248E+00
2026 07 23 04 16 00 000 -3.7458102E+00 1.0550099E+00 -5.0369516E+00
2026 07 23 04 16 30 000 -3.7614405E+00 1.0460304E+00 -5.0442457E+00
2026 07 23 04 17 00 000 -3.7770508E+00 1.0370400E+00 -5.0515075E+00
2026 07 23 04 17 30 000 -3.7926411E+00 1.0280388E+00 -5.0587369E+00
2026 07 23 04 18 00 000 -3.8082114E+00 1.0190268E+00 -5.0659340E+00
2026 07 23 04 18 30 000 -3.8237619E+00 1.0100041E+00 -5.0730991E+00
2026 07 23 04 19 00 000 -3.8392924E+00 1.0009710E+00 -5.0802323E+00
2026 07 23 04 19 30 000 -3.8548032E+00 9.9192741E-01 -5.0873335E+00
2026 07 23 04 20 00 000 -3.8702942E+00 9.8287353E-01 -5.0944031E+00
2026 07 23 04 20 30 000 -3.8857655E+00 9.7380943E-01 -5.1014410E+00
2026 07 23 04 21 00 000 -3.9012171E+00 9.6473524E-01 -5.1084474E+00
2026 07 23 04 21 30 000 -3.9166490E+00 9.5565103E-01 -5.1154224E+00
2026 07 23 04 22 00 000 -3.9320614E+00 9.4655692E-01 -5.1223662E+00
2026 07 23 04 22 30 000 -3.9474542E+00 9.3745300E-01 -5.1292788E+00
2026 07 23 04 23 00 000 -3.9628275E+00 9.2833938E-01 -5.1361603E+00
2026 07 23 04 23 30 000 -3.9781813E+00 9.1921618E-01 -5.1430109E+00
2026 07 23 04 24 00 000 -3.9935157E+00 9.1008346E-01 -5.1498307E+00
2026 07 23 04 24 30 000 -4.0088308E+00 9.0094132E-01 -5.1566198E+00
2026 07 23 04 25 00 000 -4.0241265E+00 8.9178988E-01 -5.1633782E+00
2026 07 23 04 25 30 000 -4.0394029E+00 8.8262924E-01 -5.1701062E+00
2026 07 23 04 26 00 000 -4.0546601E+00 8.7345946E-01 -5.1768038E+00
2026 07 23 04 26 30 000 -4.0698981E+00 8.6428066E-01 -5.1834710E+00
2026 07 23 04 27 00 000 -4.0851169E+00 8.5509292E-01 -5.1901082E+00
2026 07 23 04 27 30 000 -4.1003166E+00 8.4589635E-01 -5.1967152E+00
2026 07 23 04 28 00 000 -4.1154972E+00 8.3669106E-01 -5.2032923E+00
2026 07 23 04 28 30 000 -4.1306589E+00 8.2747710E-01 -5.2098395E+00
2026 07 23 04 29 00 000 -4.1458015E+00 8.1825457E-01 -5.2163570E+00
2026 07 23 04 29 30 000 -4.1609252E+00 8.0902358E-01 -5.2228449E+00
2026 07 23 04 30 00 000 -4.1760300E+00 7.9978422E-01 -5.2293032E+00
2026 07 23 04 30 30 000 -4.1911160E+00 7.9053655E-01 -5.2357320E+00
2026 07 23 04 31 00 000 -4.2061831E+00 7.8128067E-01 -5.2421316E+00
2026 07 23 04 31 30 000 -4.2212315E+00 7.7201668E-01 -5.2485019E+00
2026 07 23 04 32 00 000 -4.2362612E+00 7.6274466E-01 -5.2548430E+00
2026 07 23 04 32 30 000 -4.2512722E+00 7.5346472E-01 -5.2611551E+00
2026 07 23 04 33 00 000 -4.2662645E+00 7.4417690E-01 -5.2674383E+00
2026 07 23 04 33 30 000 -4.2812383E+00 7.3488131E-01 -5.2736926E+00
2026 07 23 04 34 00 000 -4.2961935E+00 7.2557803E-01 -5.2799183E+00
2026 07 23 04 34 30 000 -4.3111302E+00 7.1626717E-01 -5.2861152E+00
2026 07 23 04 35 00 000 -4.3260484E+00 7.0694877E-01 -5.2922836E+00
2026 07 23 04 35 30 000 -4.3409483E+00 6.9762294E-01 -5.2984236E+00
2026 07 23 04 36 00 000 -4.3558297E+00 6.8828975E-01 -5.3045353E+00
2026 07 23 04 36 30 000 -4.3706928E+00 6.7894930E-01 -5.3106187E+00
2026 07 23 04 37 00 000 -4.3855376E+00 6.6960165E-01 -5.3166739E+00
2026 07 23 04 37 30 000 -4.4003642E+00 6.6024688E-01 -5.3227011E+00
2026 07 23 04 38 00 000 -4.4151725E+00 6.5088508E-01 -5.3287003E+00
2026 07 23 04 38 30 000 -4.4299627E+00 6.4151633E-01 -5.3346716E+00
2026 07 23 04 39 00 000 -4.4447348E+00 6.3214073E-01 -5.3406151E+00
2026 07 23 04 39 30 000 -4.4594888E+00 6.2275831E-01 -5.3465310E+00
2026 07 23 04 40 00 000 -4.4742247E+00 6.1336917E-01 -5.3524192E+00
2026 07 23 04 40 30 000 -4.4889427E+00 6.0397340E-01 -5.3582800E+00
2026 07 23 04 41 00 000 -4.5036426E+00 5.9457107E-01 -5.3641133E+00
2026 07 23 04 41 30 000 -4.5183247E+00 5.8516225E-01 -5.3699193E+00
2026 07 23 04 42 00 000 -4.5329889E+00 5.7574701E-01 -5.3756981E+00
2026 07 23 04 42 30 000 -4.5476353E+00 5.6632543E-01 -5.3814497E+00
2026 07 23 04 43 00 000 -4.5622639E+00 5.5689759E-01 -5.3871743E+00
2026 07 23 04 43 30 000 -4.5768747E+00 5.4746358E-01 -5.3928719E+00
2026 07 23 04 44 00 000 -4.5914678E+00 5.3802343E-01 -5.3985426E+00
2026 07 23 04 44 30 000 -4.6060433E+00 5.2857724E-01 -5.4041866E+00
2026 07 23 04 45 00 000 -4.6206011E+00 5.1912508E-01 -5.4098038E+00
2026 07 23 04 45 30 000 -4.6351414E+00 5.0966703E-01 -5.4153945E+00
2026 07 23 04 46 00 000 -4.6496640E+00 5.0020317E-01 -5.4209585E+00
2026 07 23 04 46 30 000 -4.6641692E+00 4.9073353E-01 -5.4264962E+00
2026 07 23 04 47 00 000 -4.6786570E+00 4.8125821E-01 -5.4320075E+00
2026 07 23 04 47 30 000 -4.6931273E+00 4.7177727E-01 -5.4374925E+00
2026 07 23 04 48 00 000 -4.7075802E+00 4.6229081E-01 -5.4429513E+00
2026 07 23 04 48 30 000 -4.7220158E+00 4.5279885E-01 -5.4483840E+00
2026 07 23 04 49 00 000 -4.7364341E+00 4.4330149E-01 -5.4537907E+00
2026 07 23 04 49 30 000 -4.7508351E+00 4.3379879E-01 -5.4591715E+00
2026 07 23 04 50 00 000 -4.7652189E+00 4.2429082E-01 -5.4645264E+00
2026 07 23 04 50 30 000 -4.7795855E+00 4.1477767E-01 -5.4698555E+00
2026 07 23 04 51 00 000 -4.7939350E+00 4.0525935E-01 -5.4751589E+00
2026 07 23 04 51 30 000 -4.8082674E+00 3.9573597E-01 -5.4804367E+00
2026 07 23 04 52 00 000 -4.8225827E+00 3.8620758E-01 -5.4856890E+00
2026 07 23 04 52 30 000 -4.8368810E+00 3.7667428E-01 -5.4909158E+00
2026 07 23 04 53 00 000 -4.8511623E+00 3.6713608E-01 -5.4961173E+00
2026 07 23 04 53 30 000 -4.8654267E+00 3.5759307E-01 -5.5012934E+00
2026 07 23 04 54 00 000 -4.8796742E+00 3.4804533E-01 -5.5064444E+00
2026 07 23 04 54 30 000 -4.8939048E+00 3.3849290E-01 -5.5115702E+00
2026 07 23 04 55 00 000 -4.9081186E+00 3.2893588E-01 -5.5166710E+00
2026 07 23 04 55 30 000 -4.9223156E+00 3.1937429E-01 -5.5217468E+00
2026 07 23 04 56 00 000 -4.9364958E+00 3.0980819E-01 -5.5267977E+00
2026 07 23 04 56 30 000 -4.9506594E+00 3.0023767E-01 -5.5318237E+00
2026 07 23 04 57 00 000 -4.9648062E+00 2.9066281E-01 -5.5368250E+00
2026 07 23 04 57 30 000 -4.9789364E+00 2.8108363E-01 -5.5418017E+00
2026 07 23 04 58 00 000 -4.9930501E+00 2.7150020E-01 -5.5467537E+00
2026 07 23 04 58 30 000 -5.0071472E+00 2.6191259E-01 -5.5516813E+00
2026 07 23 04 59 00 000 -5.0212277E+00 2.5232087E-01 -5.5565844E+00
2026 07 23 04 59 30 000 -5.0352918E+00 2.4272509E-01 -5.5614631E+00
2026 07 23 05 00 00 000 -5.0493395E+00 2.3312530E-01 -5.5663176E+00
2026 07 23 05 00 30 000 -5.0633707E+00 2.2352156E-01 -5.5711478E+00
2026 07 23 05 01 00 000 -5.0773856E+00 2.1391394E-01 -5.5759538E+00
2026 07 23 05 01 30 000 -5.0913842E+00 2.0430252E-01 -5.5807358E+00
2026 07 23 05 02 00 000 -5.1053664E+00 1.9468732E-01 -5.5854938E+00
2026 07 23 05 02 30 000 -5.1193325E+00 1.8506841E-01 -5.5902279E+00
2026 07 23 05 03 00 000 -5.1332823E+00 1.7544585E-01 -5.5949382E+00
2026 07 23 05 03 30 000 -5.1472159E+00 1.6581970E-01 -5.5996246E+00
2026 07 23 05 04 00 000 -5.1611333E+00 1.5619002E-01 -5.6042873E+00
2026 07 23 05 04 30 000 -5.1750347E+00 1.4655684E-01 -5.6089265E+00
2026 07 23 05 05 00 000 -5.1889200E+00 1.3692025E-01 -5.6135420E+00
2026 07 23 05 05 30 000 -5.2027893E+00 1.2728029E-01 -5.6181340E+00
2026 07 23 05 06 00 000 -5.2166426E+00 1.1763704E-01 -5.6227026E+00
2026 07 23 05 06 30 000 -5.2304799E+00 1.0799053E-01 -5.6272479E+00
2026 07 23 05 07 00 000 -5.2443013E+00 9.8340807E-02 -5.6317699E+00
2026 07 23 05 07 30 000 -5.2581069E+00 8.8687935E-02 -5.6362687E+00
2026 07 23 05 08 00 000 -5.2718965E+00 7.9031973E-02 -5.6407443E+00
2026 07 23 05 08 30 000 -5.2856704E+00 6.9372998E-02 -5.6451968E+00
2026 07 23 05 09 00 000 -5.2994285E+00 5.9711016E-02 -5.6496264E+00
2026 07 23 05 09 30 000 -5.3131708E+00 5.0046104E-02 -5.6540330E+00
2026 07 23 05 10 00 000 -5.3268975E+00 4.0378312E-02 -5.6584167E+00
2026 07 23 05 10 30 000 -5.3406084E+00 3.0707718E-02 -5.6627776E+00
2026 07 23 05 11 00 000 -5.3543038E+00 2.1034332E-02 -5.6671158E+00
2026 07 23 05 11 30 000 -5.3679835E+00 1.1358228E-02 -5.6714313E+00
2026 07 23 05 12 00 000 -5.3816477E+00 1.6794553E-03 -5.6757242E+00
2026 07 23 05 12 30 000 -5.3952964E+00 -8.0019303E-03 -5.6799946E+00
2026 07 23 05 13 00 000 -5.4089295E+00 -1.7685858E-02 -5.6842424E+00
2026 07 23 05 13 30 000 -5.4225473E+00 -2.7372322E-02 -5.6884679E+00
2026 07 23 05 14 00 000 -5.4361496E+00 -3.7061246E-02 -5.6926711E+00
2026 07 23 05 14 30 000 -5.4497365E+00 -4.6752583E-02 -5.6968520E+00
2026 07 23 05 15 00 000 -5.4633080E+00 -5.6446264E-02 -5.7010106E+00
2026 07 23 05 15 30 000 -5.4768643E+00 -6.6142275E-02 -5.7051471E+00
2026 07 23 05 16 00 000 -5.4904052E+00 -7.5840547E-02 -5.7092616E+00
2026 07 23 05 16 30 000 -5.5039310E+00 -8.5541030E-02 -5.7133540E+00
2026 07 23 05 17 00 000 -5.5174415E+00 -9.5243677E-02 -5.7174245E+00
2026 07 23 05 17 30 000 -5.5309368E+00 -1.0494842E-01 -5.7214731E+00
2026 07 23 05 18 00 000 -5.5444169E+00 -1.1465524E-01 -5.7254998E+00
2026 07 23 05 18 30 000 -5.5578820E+00 -1.2436408E-01 -5.7295048E+00
2026 07 23 05 19 00 000 -5.5713320E+00 -1.3407490E-01 -5.7334882E+00
2026 07 23 05 19 30 000 -5.5847669E+00 -1.4378761E-01 -5.7374498E+00
2026 07 23 05 20 00 000 -5.5981869E+00 -1.5350221E-01 -5.7413899E+00
2026 07 23 05 20 30 000 -5.6115918E+00 -1.6321865E-01 -5.7453085E+00
2026 07 23 05 21 00 000 -5.6249819E+00 -1.7293686E-01 -5.7492056E+00
2026 07 23 05 21 30 000 -5.6383570E+00 -1.8265679E-01 -5.7530813E+00
2026 07 23 05 22 00 000 -5.6517172E+00 -1.9237841E-01 -5.7569358E+00
2026 07 23 05 22 30 000 -5.6650626E+00 -2.0210168E-01 -5.7607689E+00
2026 07 23 05 23 00 000 -5.6783932E+00 -2.1182654E-01 -5.7645809E+00
2026 07 23 05 23 30 000 -5.6917090E+00 -2.2155295E-01 -5.7683717E+00
2026 07 23 05 24 00 000 -5.7050100E+00 -2.3128083E-01 -5.7721414E+00
2026 07 23 05 24 30 000 -5.7182964E+00 -2.4101020E-01 -5.7758901E+00
2026 07 23 05 25 00 000 -5.7315681E+00 -2.5074097E-01 -5.7796178E+00
2026 07 23 05 25 30 000 -5.7448251E+00 -2.6047312E-01 -5.7833246E+00
2026 07 23 05 26 00 000 -5.7580675E+00 -2.7020657E-01 -5.7870106E+00
2026 07 23 05 26 30 000 -5.7712954E+00 -2.7994130E-01 -5.7906758E+00
2026 07 23 05 27 00 000 -5.7845087E+00 -2.8967727E-01 -5.7943202E+00
2026 07 23 05 27 30 000 -5.7977074E+00 -2.9941443E-01 -5.7979440E+00
2026 07 23 05 28 00 000 -5.8108917E+00 -3.0915274E-01 -5.8015472E+00
2026 07 23 05 28 30 000 -5.8240615E+00 -3.1889212E-01 -5.8051298E+00
2026 07 23 05 29 00 000 -5.8372170E+00 -3.2863258E-01 -5.8086920E+00
2026 07 23 05 29 30 000 -5.8503580E+00 -3.3837406E-01 -5.8122337E+00
2026 07 23 05 30 00 000 -5.8634847E+00 -3.4811652E-01 -5.8157550E+00
2026 07 23 05 30 30 000 -5.8765971E+00 -3.5785990E-01 -5.8192560E+00
2026 07 23 05 31 00 000 -5.8896951E+00 -3.6760414E-01 -5.8227368E+00
2026 07 23 05 31 30 000 -5.9027789E+00 -3.7734925E-01 -5.8261973E+00
2026 07 23 05 32 00 000 -5.9158485E+00 -3.8709517E-01 -5.8296377E+00
2026 07 23 05 32 30 000 -5.9289038E+00 -3.9684184E-01 -5.8330580E+00
2026 07 23 05 33 00 000 -5.9419450E+00 -4.0658922E-01 -5.8364582E+00
2026 07 23 05 33 30 000 -5.9549721E+00 -4.1633729E-01 -5.8398385E+00
2026 07 23 05 34 00 000 -5.9679850E+00 -4.2608599E-01 -5.8431989E+00
2026 07 23 05 34 30 000 -5.9809839E+00 -4.3583530E-01 -5.8465393E+00
2026 07 23 05 35 00 000 -5.9939687E+00 -4.4558515E-01 -5.8498600E+00
2026 07 23 05 35 30 000 -6.0069395E+00 -4.5533550E-01 -5.8531609E+00
2026 07 23 05 36 00 000 -6.0198964E+00 -4.6508634E-01 -5.8564421E+00
2026 07 23 05 36 30 000 -6.0328392E+00 -4.7483762E-01 -5.8597037E+00
2026 07 23 05 37 00 000 -6.0457682E+00 -4.8458928E-01 -5.8629457E+00
2026 07 23 05 37 30 000 -6.0586832E+00 -4.9434129E-01 -5.8661681E+00
2026 07 23 05 38 00 000 -6.0715844E+00 -5.0409362E-01 -5.8693710E+00
2026 07 23 05 38 30 000 -6.0844718E+00 -5.1384623E-01 -5.8725546E+00
2026 07 23 05 39 00 000 -6.0973454E+00 -5.2359907E-01 -5.8757187E+00
2026 07 23 05 39 30 000 -6.1102052E+00 -5.3335211E-01 -5.8788635E+00
2026 07 23 05 40 00 000 -6.1230512E+00 -5.4310528E-01 -5.8819891E+00
2026 07 23 05 40 30 000 -6.1358835E+00 -5.5285860E-01 -5.8850954E+00
2026 07 23 05 41 00 000 -6.1487021E+00 -5.6261199E-01 -5.8881826E+00
2026 07 23 05 41 30 000 -6.1615071E+00 -5.7236542E-01 -5.8912507E+00
2026 07 23 05 42 00 000 -6.1742985E+00 -5.8211883E-01 -5.8942997E+00
2026 07 23 05 42 30 000 -6.1870762E+00 -5.9187224E-01 -5.8973297E+00
2026 07 23 05 43 00 000 -6.1998404E+00 -6.0162556E-01 -5.9003407E+00
2026 07 23 05 43 30 000 -6.2125911E+00 -6.1137878E-01 -5.9033329E+00
2026 07 23 05 44 00 000 -6.2253282E+00 -6.2113185E-01 -5.9063062E+00
2026 07 23 05 44 30 000 -6.2380519E+00 -6.3088473E-01 -5.9092608E+00
2026 07 23 05 45 00 000 -6.2507621E+00 -6.4063739E-01 -5.9121965E+00
2026 07 23 05 45 30 000 -6.2634589E+00 -6.5038979E-01 -5.9151136E+00
2026 07 23 05 46 00 000 -6.2761423E+00 -6.6014189E-01 -5.9180121E+00
2026 07 23 05 46 30 000 -6.2888123E+00 -6.6989364E-01 -5.9208920E+00
2026 07 23 05 47 00 000 -6.3014690E+00 -6.7964505E-01 -5.9237533E+00
2026 07 23 05 47 30 000 -6.3141123E+00 -6.8939605E-01 -5.9265962E+00
2026 07 23 05 48 00 000 -6.3267424E+00 -6.9914661E-01 -5.9294206E+00
2026 07 23 05 48 30 000 -6.3393593E+00 -7.0889668E-01 -5.9322266E+00
2026 07 23 05 49 00 000 -6.3519629E+00 -7.1864624E-01 -5.9350144E+00
2026 07 23 05 49 30 000 -6.3645533E+00 -7.2839526E-01 -5.9377838E+00
2026 07 23 05 50 00 000 -6.3771305E+00 -7.3814369E-01 -5.9405350E+00
2026 07 23 05 50 30 000 -6.3896946E+00 -7.4789151E-01 -5.9432680E+00
2026 07 23 05 51 00 000 -6.4022456E+00 -7.5763864E-01 -5.9459829E+00
2026 07 23 05 51 30 000 -6.4147835E+00 -7.6738512E-01 -5.9486797E+00
2026 07 23 05 52 00 000 -6.4273083E+00 -7.7713088E-01 -5.9513585E+00
2026 07 23 05 52 30 000 -6.4398202E+00 -7.8687587E-01 -5.9540193E+00
2026 07 23 05 53 00 000 -6.4523190E+00 -7.9662007E-01 -5.9566622E+00
2026 07 23 05 53 30 000 -6.4648048E+00 -8.0636342E-01 -5.9592872E+00
2026 07 23 05 54 00 000 -6.4772776E+00 -8.1610593E-01 -5.9618943E+00
2026 07 23 05 54 30 000 -6.4897376E+00 -8.2584754E-01 -5.9644837E+00
2026 07 23 05 55 00 000 -6.5021846E+00 -8.3558824E-01 -5.9670553E+00
2026 07 23 05 55 30 000 -6.5146188E+00 -8.4532794E-01 -5.9696093E+00
2026 07 23 05 56 00 000 -6.5270401E+00 -8.5506667E-01 -5.9721456E+00
2026 07 23 05 56 30 000 -6.5394487E+00 -8.6480437E-01 -5.9746643E+00
2026 07 23 05 57 00 000 -6.5518444E+00 -8.7454100E-01 -5.9771655E+00
2026 07 23 05 57 30 000 -6.5642274E+00 -8.8427654E-01 -5.9796492E+00
2026 07 23 05 58 00 000 -6.5765976E+00 -8.9401092E-01 -5.9821154E+00
2026 07 23 05 58 30 000 -6.5889551E+00 -9.0374417E-01 -5.9845643E+00
2026 07 23 05 59 00 000 -6.6013000E+00 -9.1347621E-01 -5.9869958E+00
2026 07 23 05 59 30 000 -6.6136321E+00 -9.2320704E-01 -5.9894100E+00
2026 07 23 06 00 00 000 -6.6259516E+00 -9.3293658E-01 -5.9918069E+00
2026 07 23 06 00 30 000 -6.6382586E+00 -9.4266485E-01 -5.9941866E+00
2026 07 23 06 01 00 000 -6.6505530E+00 -9.5239180E-01 -5.9965492E+00
2026 07 23 06 01 30 000 -6.6628348E+00 -9.6211740E-01 -5.9988947E+00
2026 07 23 06 02 00 000 -6.6751040E+00 -9.7184160E-01 -6.0012231E+00
2026 07 23 06 02 30 000 -6.6873608E+00 -9.8156435E-01 -6.0035345E+00
2026 07 23 06 03 00 000 -6.6996051E+00 -9.9128569E-01 -6.0058289E+00
2026 07 23 06 03 30 000 -6.7118369E+00 -1.0010056E+00 -6.0081064E+00
2026 07 23 06 04 00 000 -6.7240564E+00 -1.0107239E+00 -6.0103670E+00
2026 07 23 06 04 30 000 -6.7362633E+00 -1.0204407E+00 -6.0126108E+00
2026 07 23 06 05 00 000 -6.7484580E+00 -1.0301559E+00 -6.0148378E+00
2026 07 23 06 05 30 000 -6.7606403E+00 -1.0398695E+00 -6.0170481E+00
2026 07 23 06 06 00 000 -6.7728102E+00 -1.0495815E+00 -6.0192416E+00
2026 07 23 06 06 30 000 -6.7849679E+00 -1.0592918E+00 -6.0214185E+00
2026 07 23 06 07 00 000 -6.7971133E+00 -1.0690004E+00 -6.0235789E+00
2026 07 23 06 07 30 000 -6.8092464E+00 -1.0787072E+00 -6.0257226E+00
2026 07 23 06 08 00 000 -6.8213673E+00 -1.0884124E+00 -6.0278499E+00
2026 07 23 06 08 30 000 -6.8334760E+00 -1.0981157E+00 -6.0299607E+00
2026 07 23 06 09 00 000 -6.8455725E+00 -1.1078172E+00 -6.0320550E+00
2026 07 23 06 09 30 000 -6.8576569E+00 -1.1175169E+00 -6.0341330E+00
2026 07 23 06 10 00 000 -6.8697292E+00 -1.1272147E+00 -6.0361947E+00
2026 07 23 06 10 30 000 -6.8817893E+00 -1.1369105E+00 -6.0382401E+00
2026 07 23 06 11 00 000 -6.8938374E+00 -1.1466045E+00 -6.0402692E+00
2026 07 23 06 11 30 000 -6.9058734E+00 -1.1562964E+00 -6.0422822E+00
2026 07 23 06 12 00 000 -6.9178973E+00 -1.1659864E+00 -6.0442790E+00
2026 07 23 06 12 30 000 -6.9299093E+00 -1.1756744E+00 -6.0462597E+00
2026 07 23 06 13 00 000 -6.9419093E+00 -1.1853603E+00 -6.0482243E+00
2026 07 23 06 13 30 000 -6.9538973E+00 -1.1950441E+00 -6.0501729E+00
2026 07 23 06 14 00 000 -6.9658734E+00 -1.2047258E+00 -6.0521056E+00
2026 07 23 06 14 30 000 -6.9778376E+00 -1.2144054E+00 -6.0540223E+00
2026 07 23 06 15 00 000 -6.9897899E+00 -1.2240828E+00 -6.0559232E+00
2026 07 23 06 15 30 000 -7.0017303E+00 -1.2337580E+00 -6.0578082E+00
2026 07 23 06 16 00 000 -7.0136589E+00 -1.2434309E+00 -6.0596774E+00
2026 07 23 06 16 30 000 -7.0255757E+00 -1.2531016E+00 -6.0615309E+00
2026 07 23 06 17 00 000 -7.0374807E+00 -1.2627701E+00 -6.0633686E+00
2026 07 23 06 17 30 000 -7.0493739E+00 -1.2724362E+00 -6.0651907E+00
2026 07 23 06 18 00 000 -7.0612553E+00 -1.2821000E+00 -6.0669972E+00
2026 07 23 06 18 30 000 -7.0731250E+00 -1.2917615E+00 -6.0687881E+00
2026 07 23 06 19 00 000 -7.0849831E+00 -1.3014205E+00 -6.0705635E+00
2026 07 23 06 19 30 000 -7.0968294E+00 -1.3110771E+00 -6.0723233E+00
2026 07 23 06 20 00 000 -7.1086642E+00 -1.3207313E+00 -6.0740678E+00
2026 07 23 06 20 30 000 -7.1204872E+00 -1.3303830E+00 -6.0757968E+00
2026 07 23 06 21 00 000 -7.1322987E+00 -1.3400322E+00 -6.0775105E+00
2026 07 23 06 21 30 000 -7.1440985E+00 -1.3496789E+00 -6.0792088E+00
2026 07 23 06 22 00 000 -7.1558869E+00 -1.3593230E+00 -6.0808919E+00
2026 07 23 06 22 30 000 -7.1676636E+00 -1.3689645E+00 -6.0825597E+00
2026 07 23 06 23 00 000 -7.1794289E+00 -1.3786035E+00 -6.0842124E+00
2026 07 23 06 23 30 000 -7.1911826E+00 -1.3882398E+00 -6.0858499E+00
2026 07 23 06 24 00 000 -7.2029249E+00 -1.3978734E+00 -6.0874723E+00
2026 07 23 06 24 30 000 -7.2146557E+00 -1.4075044E+00 -6.0890796E+00
2026 07 23 06 25 00 000 -7.2263751E+00 -1.4171326E+00 -6.0906719E+00
2026 07 23 06 25 30 000 -7.2380831E+00 -1.4267581E+00 -6.0922492E+00
2026 07 23 06 26 00 000 -7.2497797E+00 -1.4363809E+00 -6.0938116E+00
2026 07 23 06 26 30 000 -7.2614649E+00 -1.4460009E+00 -6.0953591E+00
2026 07 23 06 27 00 000 -7.2731388E+00 -1.4556180E+00 -6.0968918E+00
2026 07 23 06 27 30 000 -7.2848014E+00 -1.4652323E+00 -6.0984096E+00
2026 07 23 06 28 00 000 -7.2964527E+00 -1.4748437E+00 -6.0999127E+00
2026 07 23 06 28 30 000 -7.3080927E+00 -1.4844522E+00 -6.1014011E+00
2026 07 23 06 29 00 000 -7.3197214E+00 -1.4940579E+00 -6.1028747E+00
2026 07 23 06 29 30 000 -7.3313389E+00 -1.5036605E+00 -6.1043337E+00
2026 07 23 06 30 00 000 -7.3429452E+00 -1.5132602E+00 -6.1057782E+00
2026 07 23 06 30 30 000 -7.3545404E+00 -1.5228570E+00 -6.1072080E+00
2026 07 23 06 31 00 000 -7.3661243E+00 -1.5324507E+00 -6.1086233E+00
2026 07 23 06 31 30 000 -7.3776971E+00 -1.5420413E+00 -6.1100242E+00
2026 07 23 06 32 00 000 -7.3892588E+00 -1.5516289E+00 -6.1114106E+00
2026 07 23 06 32 30 000 -7.4008093E+00 -1.5612134E+00 -6.1127826E+00
2026 07 23 06 33 00 000 -7.4123488E+00 -1.5707948E+00 -6.1141403E+00
2026 07 23 06 33 30 000 -7.4238772E+00 -1.5803730E+00 -6.1154837E+00
2026 07 23 06 34 00 000 -7.4353946E+00 -1.5899481E+00 -6.1168128E+00
2026 07 23 06 34 30 000 -7.4469010E+00 -1.5995200E+00 -6.1181276E+00
2026 07 23 06 35 00 000 -7.4583964E+00 -1.6090886E+00 -6.1194283E+00
2026 07 23 06 35 30 000 -7.4698807E+00 -1.6186541E+00 -6.1207148E+00
2026 07 23 06 36 00 000 -7.4813541E+00 -1.6282162E+00 -6.1219872E+00
2026 07 23 06 36 30 000 -7.4928166E+00 -1.6377751E+00 -6.1232455E+00
2026 07 23 06 37 00 000 -7.5042682E+00 -1.6473307E+00 -6.1244898E+00
2026 07 23 06 37 30 000 -7.5157089E+00 -1.6568830E+00 -6.1257201E+00
2026 07 23 06 38 00 000 -7.5271387E+00 -1.6664319E+00 -6.1269365E+00
2026 07 23 06 38 30 000 -7.5385576E+00 -1.6759774E+00 -6.1281389E+00
2026 07 23 06 39 00 000 -7.5499657E+00 -1.6855195E+00 -6.1293275E+00
2026 07 23 06 39 30 000 -7.5613630E+00 -1.6950582E+00 -6.1305022E+00
2026 07 23 06 40 00 000 -7.5727495E+00 -1.7045934E+00 -6.1316632E+00
2026 07 23 06 40 30 000 -7.5841252E+00 -1.7141252E+00 -6.1328104E+00
2026 07 23 06 41 00 000 -7.5954902E+00 -1.7236534E+00 -6.1339439E+00
2026 07 23 06 41 30 000 -7.6068444E+00 -1.7331782E+00 -6.1350637E+00
2026 07 23 06 42 00 000 -7.6181879E+00 -1.7426994E+00 -6.1361699E+00
2026 07 23 06 42 30 000 -7.6295208E+00 -1.7522171E+00 -6.1372625E+00
2026 07 23 06 43 00 000 -7.6408429E+00 -1.7617312E+00 -6.1383416E+00
2026 07 23 06 43 30 000 -7.6521544E+00 -1.7712416E+00 -6.1394071E+00
2026 07 23 06 44 00 000 -7.6634553E+00 -1.7807485E+00 -6.1404592E+00
2026 07 23 06 44 30 000 -7.6747455E+00 -1.7902517E+00 -6.1414978E+00
2026 07 23 06 45 00 000 -7.6860251E+00 -1.7997512E+00 -6.1425231E+00
2026 07 23 06 45 30 000 -7.6972942E+00 -1.8092470E+00 -6.1435350E+00
2026 07 23 06 46 00 000 -7.7085527E+00 -1.8187391E+00 -6.1445336E+00
2026 07 23 06 46 30 000 -7.7198007E+00 -1.8282275E+00 -6.1455189E+00
2026 07 23 06 47 00 000 -7.7310382E+00 -1.8377121E+00 -6.1464909E+00
2026 07 23 06 47 30 000 -7.7422651E+00 -1.8471929E+00 -6.1474498E+00
2026 07 23 06 48 00 000 -7.7534816E+00 -1.8566699E+00 -6.1483955E+00
2026 07 23 06 48 30 000 -7.7646876E+00 -1.8661431E+00 -6.1493281E+00
2026 07 23 06 49 00 000 -7.7758832E+00 -1.8756124E+00 -6.1502476E+00
2026 07 23 06 49 30 000 -7.7870683E+00 -1.8850779E+00 -6.1511541E+00
2026 07 23 06 50 00 000 -7.7982431E+00 -1.8945395E+00 -6.1520475E+00
2026 07 23 06 50 30 000 -7.8094075E+00 -1.9039971E+00 -6.1529280E+00
2026 07 23 06 51 00 000 -7.8205615E+00 -1.9134509E+00 -6.1537956E+00
2026 07 23 06 51 30 000 -7.8317051E+00 -1.9229006E+00 -6.1546503E+00
2026 07 23 06 52 00 000 -7.8428384E+00 -1.9323464E+00 -6.1554921E+00
2026 07 23 06 52 30 000 -7.8539615E+00 -1.9417883E+00 -6.1563211E+00
2026 07 23 06 53 00 000 -7.8650742E+00 -1.9512261E+00 -6.1571374E+00
2026 07 23 06 53 30 000 -7.8761767E+00 -1.9606598E+00 -6.1579409E+00
2026 07 23 06 54 00 000 -7.8872689E+00 -1.9700895E+00 -6.1587317E+00
2026 07 23 06 54 30 000 -7.8983508E+00 -1.9795152E+00 -6.1595099E+00
2026 07 23 06 55 00 000 -7.9094226E+00 -1.9889367E+00 -6.1602754E+00
2026 07 23 06 55 30 000 -7.9204842E+00 -1.9983541E+00 -6.1610284E+00
2026 07 23 06 56 00 000 -7.9315355E+00 -2.0077674E+00 -6.1617688E+00
2026 07 23 06 56 30 000 -7.9425767E+00 -2.0171765E+00 -6.1624967E+00
2026 07 23 06 57 00 000 -7.9536078E+00 -2.0265815E+00 -6.1632122E+00
2026 07 23 06 57 30 000 -7.9646288E+00 -2.0359822E+00 -6.1639152E+00
2026 07 23 06 58 00 000 -7.9756396E+00 -2.0453788E+00 -6.1646058E+00
2026 07 23 06 58 30 000 -7.9866404E+00 -2.0547710E+00 -6.1652841E+00
2026 07 23 06 59 00 000 -7.9976310E+00 -2.0641591E+00 -6.1659500E+00
2026 07 23 06 59 30 000 -8.0086117E+00 -2.0735428E+00 -6.1666037E+00
2026 07 23 07 00 00 000 -8.0195823E+00 -2.0829223E+00 -6.1672451E+00
2026 07 23 07 00 30 000 -8.0305429E+00 -2.0922975E+00 -6.1678743E+00
2026 07 23 07 01 00 000 -8.0414934E+00 -2.1016683E+00 -6.1684914E+00
2026 07 23 07 01 30 000 -8.0524340E+00 -2.1110347E+00 -6.1690963E+00
2026 07 23 07 02 00 000 -8.0633647E+00 -2.1203968E+00 -6.1696892E+00
2026 07 23 07 02 30 000 -8.0742854E+00 -2.1297545E+00 -6.1702700E+00
2026 07 23 07 03 00 000 -8.0851961E+00 -2.1391078E+00 -6.1708387E+00
2026 07 23 07 03 30 000 -8.0960970E+00 -2.1484566E+00 -6.1713955E+00
2026 07 23 07 04 00 000 -8.1069879E+00 -2.1578010E+00 -6.1719404E+00
2026 07 23 07 04 30 000 -8.1178690E+00 -2.1671410E+00 -6.1724733E+00
2026 07 23 07 05 00 000 -8.1287402E+00 -2.1764764E+00 -6.1729944E+00
2026 07 23 07 05 30 000 -8.1396016E+00 -2.1858074E+00 -6.1735036E+00
2026 07 23 07 06 00 000 -8.1504532E+00 -2.1951338E+00 -6.1740011E+00
2026 07 23 07 06 30 000 -8.1612949E+00 -2.2044557E+00 -6.1744867E+00
2026 07 23 07 07 00 000 -8.1721269E+00 -2.2137730E+00 -6.1749607E+00
2026 07 23 07 07 30 000 -8.1829490E+00 -2.2230857E+00 -6.1754230E+00
2026 07 23 07 08 00 000 -8.1937615E+00 -2.2323938E+00 -6.1758736E+00
2026 07 23 07 08 30 000 -8.2045642E+00 -2.2416974E+00 -6.1763127E+00
2026 07 23 07 09 00 000 -8.2153572E+00 -2.2509963E+00 -6.1767401E+00
2026 07 23 07 09 30 000 -8.2261404E+00 -2.2602905E+00 -6.1771561E+00
2026 07 23 07 10 00 000 -8.2369140E+00 -2.2695801E+00 -6.1775605E+00
2026 07 23 07 10 30 000 -8.2476779E+00 -2.2788650E+00 -6.1779534E+00
2026 07 23 07 11 00 000 -8.2584322E+00 -2.2881451E+00 -6.1783350E+00
2026 07 23 07 11 30 000 -8.2691768E+00 -2.2974206E+00 -6.1787051E+00
2026 07 23 07 12 00 000 -8.2799118E+00 -2.3066913E+00 -6.1790639E+00
2026 07 23 07 12 30 000 -8.2906372E+00 -2.3159573E+00 -6.1794114E+00
2026 07 23 07 13 00 000 -8.3013530E+00 -2.3252185E+00 -6.1797476E+00
2026 07 23 07 13 30 000 -8.3120592E+00 -2.3344749E+00 -6.1800725E+00
2026 07 23 07 14 00 000 -8.3227559E+00 -2.3437264E+00 -6.1803863E+00
2026 07 23 07 14 30 000 -8.3334430E+00 -2.3529732E+00 -6.1806888E+00
2026 07 23 07 15 00 000 -8.3441206E+00 -2.3622151E+00 -6.1809803E+00
2026 07 23 07 15 30 000 -8.3547887E+00 -2.3714522E+00 -6.1812606E+00
2026 07 23 07 16 00 000 -8.3654474E+00 -2.3806844E+00 -6.1815299E+00
2026 07 23 07 16 30 000 -8.3760965E+00 -2.3899116E+00 -6.1817881E+00
2026 07 23 07 17 00 000 -8.3867362E+00 -2.3991340E+00 -6.1820354E+00
2026 07 23 07 17 30 000 -8.3973664E+00 -2.4083515E+00 -6.1822717E+00
2026 07 23 07 18 00 000 -8.4079873E+00 -2.4175640E+00 -6.1824970E+00
2026 07 23 07 18 30 000 -8.4185987E+00 -2.4267715E+00 -6.1827115E+00
2026 07 23 07 19 00 000 -8.4292007E+00 -2.4359741E+00 -6.1829152E+00
2026 07 23 07 19 30 000 -8.4397934E+00 -2.4451716E+00 -6.1831080E+00
2026 07 23 07 20 00 000 -8.4503766E+00 -2.4543642E+00 -6.1832901E+00
2026 07 23 07 20 30 000 -8.4609506E+00 -2.4635517E+00 -6.1834614E+00
2026 07 23 07 21 00 000 -8.4715152E+00 -2.4727342E+00 -6.1836220E+00
2026 07 23 07 21 30 000 -8.4820705E+00 -2.4819116E+00 -6.1837719E+00
2026 07 23 07 22 00 000 -8.4926165E+00 -2.4910840E+00 -6.1839113E+00
2026 07 23 07 22 30 000 -8.5031532E+00 -2.5002512E+00 -6.1840400E+00
2026 07 23 07 23 00 000 -8.5136807E+00 -2.5094134E+00 -6.1841581E+00
2026 07 23 07 23 30 000 -8.5241988E+00 -2.5185704E+00 -6.1842658E+00
2026 07 23 07 24 00 000 -8.5347078E+00 -2.5277223E+00 -6.1843629E+00
2026 07 23 07 24 30 000 -8.5452076E+00 -2.5368690E+00 -6.1844496E+00
2026 07 23 07 25 00 000 -8.5556981E+00 -2.5460106E+00 -6.1845258E+00
2026 07 23 07 25 30 000 -8.5661794E+00 -2.5551470E+00 -6.1845917E+00
2026 07 23 07 26 00 000 -8.5766516E+00 -2.5642781E+00 -6.1846472E+00
2026 07 23 07 26 30 000 -8.5871146E+00 -2.5734041E+00 -6.1846925E+00
2026 07 23 07 27 00 000 -8.5975685E+00 -2.5825248E+00 -6.1847274E+00
2026 07 23 07 27 30 000 -8.6080133E+00 -2.5916403E+00 -6.1847521E+00
2026 07 23 07 28 00 000 -8.6184489E+00 -2.6007505E+00 -6.1847666E+00
2026 07 23 07 28 30 000 -8.6288754E+00 -2.6098555E+00 -6.1847709E+00
2026 07 23 07 29 00 000 -8.6392929E+00 -2.6189551E+00 -6.1847651E+00
2026 07 23 07 29 30 000 -8.6497013E+00 -2.6280494E+00 -6.1847491E+00
2026 07 23 07 30 00 000 -8.6601006E+00 -2.6371384E+00 -6.1847231E+00
2026 07 23 07 30 30 000 -8.6704909E+00 -2.6462221E+00 -6.1846871E+00
2026 07 23 07 31 00 000 -8.6808722E+00 -2.6553004E+00 -6.1846411E+00
2026 07 23 07 31 30 000 -8.6912445E+00 -2.6643734E+00 -6.1845851E+00
2026 07 23 07 32 00 000 -8.7016077E+00 -2.6734410E+00 -6.1845192E+00
2026 07 23 07 32 30 000 -8.7119620E+00 -2.6825031E+00 -6.1844433E+00
2026 07 23 07 33 00 000 -8.7223073E+00 -2.6915599E+00 -6.1843577E+00
2026 07 23 07 33 30 000 -8.7326437E+00 -2.7006113E+00 -6.1842622E+00
2026 07 23 07 34 00 000 -8.7429712E+00 -2.7096572E+00 -6.1841569E+00
2026 07 23 07 34 30 000 -8.7532897E+00 -2.7186976E+00 -6.1840419E+00
2026 07 23 07 35 00 000 -8.7635993E+00 -2.7277326E+00 -6.1839171E+00
2026 07 23 07 35 30 000 -8.7739001E+00 -2.7367621E+00 -6.1837827E+00
2026 07 23 07 36 00 000 -8.7841919E+00 -2.7457861E+00 -6.1836386E+00
2026 07 23 07 36 30 000 -8.7944749E+00 -2.7548046E+00 -6.1834849E+00
2026 07 23 07 37 00 000 -8.8047490E+00 -2.7638175E+00 -6.1833216E+00
2026 07 23 07 37 30 000 -8.8150144E+00 -2.7728249E+00 -6.1831487E+00
2026 07 23 07 38 00 000 -8.8252709E+00 -2.7818268E+00 -6.1829664E+00
2026 07 23 07 38 30 000 -8.8355186E+00 -2.7908231E+00 -6.1827745E+00
2026 07 23 07 39 00 000 -8.8457575E+00 -2.7998138E+00 -6.1825733E+00
2026 07 23 07 39 30 000 -8.8559876E+00 -2.8087990E+00 -6.1823626E+00
2026 07 23 07 40 00 000 -8.8662090E+00 -2.8177785E+00 -6.1821425E+00
2026 07 23 07 40 30 000 -8.8764216E+00 -2.8267524E+00 -6.1819131E+00
2026 07 23 07 41 00 000 -8.8866255E+00 -2.8357207E+00 -6.1816745E+00
2026 07 23 07 41 30 000 -8.8968206E+00 -2.8446833E+00 -6.1814265E+00
2026 07 23 07 42 00 000 -8.9070071E+00 -2.8536402E+00 -6.1811693E+00
2026 07 23 07 42 30 000 -8.9171849E+00 -2.8625915E+00 -6.1809029E+00
2026 07 23 07 43 00 000 -8.9273540E+00 -2.8715371E+00 -6.1806273E+00
2026 07 23 07 43 30 000 -8.9375144E+00 -2.8804770E+00 -6.1803426E+00
2026 07 23 07 44 00 000 -8.9476662E+00 -2.8894112E+00 -6.1800487E+00
2026 07 23 07 44 30 000 -8.9578093E+00 -2.8983397E+00 -6.1797459E+00
2026 07 23 07 45 00 000 -8.9679439E+00 -2.9072624E+00 -6.1794339E+00
2026 07 23 07 45 30 000 -8.9780698E+00 -2.9161794E+00 -6.1791130E+00
2026 07 23 07 46 00 000 -8.9881871E+00 -2.9250905E+00 -6.1787832E+00
2026 07 23 07 46 30 000 -8.9982958E+00 -2.9339960E+00 -6.1784443E+00
2026 07 23 07 47 00 000 -9.0083960E+00 -2.9428956E+00 -6.1780966E+00
2026 07 23 07 47 30 000 -9.0184876E+00 -2.9517894E+00 -6.1777401E+00
2026 07 23 07 48 00 000 -9.0285707E+00 -2.9606774E+00 -6.1773747E+00
2026 07 23 07 48 30 000 -9.0386453E+00 -2.9695596E+00 -6.1770005E+00
2026 07 23 07 49 00 000 -9.0487113E+00 -2.9784360E+00 -6.1766175E+00
2026 07 23 07 49 30 000 -9.0587689E+00 -2.9873065E+00 -6.1762258E+00
2026 07 23 07 50 00 000 -9.0688179E+00 -2.9961711E+00 -6.1758254E+00
2026 07 23 07 50 30 000 -9.0788585E+00 -3.0050298E+00 -6.1754164E+00
2026 07 23 07 51 00 000 -9.0888906E+00 -3.0138827E+00 -6.1749987E+00
2026 07 23 07 51 30 000 -9.0989143E+00 -3.0227297E+00 -6.1745725E+00
2026 07 23 07 52 00 000 -9.1089296E+00 -3.0315707E+00 -6.1741377E+00
2026 07 23 07 52 30 000 -9.1189364E+00 -3.0404058E+00 -6.1736943E+00
2026 07 23 07 53 00 000 -9.1289348E+00 -3.0492350E+00 -6.1732425E+00
2026 07 23 07 53 30 000 -9.1389248E+00 -3.0580583E+00 -6.1727822E+00
2026 07 23 07 54 00 000 -9.1489065E+00 -3.0668755E+00 -6.1723134E+00
2026 07 23 07 54 30 000 -9.1588798E+00 -3.0756868E+00 -6.1718363E+00
2026 07 23 07 55 00 000 -9.1688447E+00 -3.0844921E+00 -6.1713508E+00
2026 07 23 07 55 30 000 -9.1788013E+00 -3.0932915E+00 -6.1708570E+00
2026 07 23 07 56 00 000 -9.1887495E+00 -3.1020848E+00 -6.1703549E+00
2026 07 23 07 56 30 000 -9.1986895E+00 -3.1108721E+00 -6.1698446E+00
2026 07 23 07 57 00 000 -9.2086211E+00 -3.1196533E+00 -6.1693260E+00
2026 07 23 07 57 30 000 -9.2185444E+00 -3.1284286E+00 -6.1687992E+00
2026 07 23 07 58 00 000 -9.2284595E+00 -3.1371977E+00 -6.1682643E+00
2026 07 23 07 58 30 000 -9.2383663E+00 -3.1459608E+00 -6.1677213E+00
2026 07 23 07 59 00 000 -9.2482649E+00 -3.1547179E+00 -6.1671701E+00
2026 07 23 07 59 30 000 -9.2581552E+00 -3.1634688E+00 -6.1666109E+00
2026 07 23 08 00 00 000 -9.2680373E+00 -3.1722137E+00 -6.1660437E+00
2026 07 23 08 00 30 000 -9.2779112E+00 -3.1809524E+00 -6.1654684E+00
2026 07 23 08 01 00 000 -9.2877769E+00 -3.1896850E+00 -6.1648852E+00
2026 07 23 08 01 30 000 -9.2976344E+00 -3.1984115E+00 -6.1642941E+00
2026 07 23 08 02 00 000 -9.3074837E+00 -3.2071319E+00 -6.1636951E+00
2026 07 23 08 02 30 000 -9.3173248E+00 -3.2158461E+00 -6.1630882E+00
2026 07 23 08 03 00 000 -9.3271579E+00 -3.2245541E+00 -6.1624735E+00
2026 07 23 08 03 30 000 -9.3369827E+00 -3.2332559E+00 -6.1618510E+00
2026 07 23 08 04 00 000 -9.3467995E+00 -3.2419516E+00 -6.1612208E+00
2026 07 23 08 04 30 000 -9.3566081E+00 -3.2506411E+00 -6.1605828E+00
2026 07 23 08 05 00 000 -9.3664086E+00 -3.2593244E+00 -6.1599371E+00
2026 07 23 08 05 30 000 -9.3762011E+00 -3.2680015E+00 -6.1592837E+00
2026 07 23 08 06 00 000 -9.3859854E+00 -3.2766723E+00 -6.1586227E+00
2026 07 23 08 06 30 000 -9.3957617E+00 -3.2853369E+00 -6.1579541E+00
2026 07 23 08 07 00 000 -9.4055300E+00 -3.2939953E+00 -6.1572780E+00
2026 07 23 08 07 30 000 -9.4152902E+00 -3.3026474E+00 -6.1565943E+00
2026 07 23 08 08 00 000 -9.4250424E+00 -3.3112932E+00 -6.1559031E+00
2026 07 23 08 08 30 000 -9.4347866E+00 -3.3199328E+00 -6.1552045E+00
2026 07 23 08 09 00 000 -9.4445227E+00 -3.3285660E+00 -6.1544984E+00
2026 07 23 08 09 30 000 -9.4542509E+00 -3.3371930E+00 -6.1537849E+00
2026 07 23 08 10 00 000 -9.4639711E+00 -3.3458137E+00 -6.1530640E+00
2026 07 23 08 10 30 000 -9.4736833E+00 -3.3544281E+00 -6.1523358E+00
2026 07 23 08 11 00 000 -9.4833876E+00 -3.3630361E+00 -6.1516003E+00
2026 07 23 08 11 30 000 -9.4930840E+00 -3.3716378E+00 -6.1508575E+00
2026 07 23 08 12 00 000 -9.5027724E+00 -3.3802332E+00 -6.1501075E+00
2026 07 23 08 12 30 000 -9.5124529E+00 -3.3888222E+00 -6.1493503E+00
2026 07 23 08 13 00 000 -9.5221254E+00 -3.3974048E+00 -6.1485859E+00
2026 07 23 08 13 30 000 -9.5317901E+00 -3.4059811E+00 -6.1478143E+00
2026 07 23 08 14 00 000 -9.5414469E+00 -3.4145509E+00 -6.1470357E+00
2026 07 23 08 14 30 000 -9.5510959E+00 -3.4231144E+00 -6.1462499E+00
2026 07 23 08 15 00 000 -9.5607369E+00 -3.4316715E+00 -6.1454571E+00
2026 07 23 08 15 30 000 -9.5703701E+00 -3.4402222E+00 -6.1446573E+00
2026 07 23 08 16 00 000 -9.5799955E+00 -3.4487665E+00 -6.1438505E+00
2026 07 23 08 16 30 000 -9.5896131E+00 -3.4573043E+00 -6.1430368E+00
2026 07 23 08 17 00 000 -9.5992228E+00 -3.4658357E+00 -6.1422162E+00
2026 07 23 08 17 30 000 -9.6088248E+00 -3.4743606E+00 -6.1413886E+00
2026 07 23 08 18 00 000 -9.6184189E+00 -3.4828791E+00 -6.1405542E+00
2026 07 23 08 18 30 000 -9.6280053E+00 -3.4913912E+00 -6.1397130E+00
2026 07 23 08 19 00 000 -9.6375839E+00 -3.4998967E+00 -6.1388650E+00
2026 07 23 08 19 30 000 -9.6471547E+00 -3.5083958E+00 -6.1380103E+00
2026 07 23 08 20 00 000 -9.6567178E+00 -3.5168884E+00 -6.1371488E+00
2026 07 23 08 20 30 000 -9.6662732E+00 -3.5253745E+00 -6.1362806E+00
2026 07 23 08 21 00 000 -9.6758209E+00 -3.5338541E+00 -6.1354057E+00
2026 07 23 08 21 30 000 -9.6853608E+00 -3.5423271E+00 -6.1345243E+00
2026 07 23 08 22 00 000 -9.6948930E+00 -3.5507936E+00 -6.1336362E+00
2026 07 23 08 22 30 000 -9.7044176E+00 -3.5592537E+00 -6.1327416E+00
2026 07 23 08 23 00 000 -9.7139345E+00 -3.5677071E+00 -6.1318404E+00
2026 07 23 08 23 30 000 -9.7234437E+00 -3.5761540E+00 -6.1309327E+00
2026 07 23 08 24 00 000 -9.7329452E+00 -3.5845944E+00 -6.1300186E+00
2026 07 23 08 24 30 000 -9.7424391E+00 -3.5930282E+00 -6.1290980E+00
2026 07 23 08 25 00 000 -9.7519254E+00 -3.6014554E+00 -6.1281710E+00
2026 07 23 08 25 30 000 -9.7614041E+00 -3.6098760E+00 -6.1272376E+00
2026 07 23 08 26 00 000 -9.7708751E+00 -3.6182901E+00 -6.1262979E+00
2026 07 23 08 26 30 000 -9.7803386E+00 -3.6266975E+00 -6.1253519E+00
2026 07 23 08 27 00 000 -9.7897944E+00 -3.6350983E+00 -6.1243996E+00
2026 07 23 08 27 30 000 -9.7992427E+00 -3.6434926E+00 -6.1234410E+00
2026 07 23 08 28 00 000 -9.8086835E+00 -3.6518802E+00 -6.1224763E+00
2026 07 23 08 28 30 000 -9.8181166E+00 -3.6602611E+00 -6.1215053E+00
2026 07 23 08 29 00 000 -9.8275422E+00 -3.6686355E+00 -6.1205282E+00
2026 07 23 08 29 30 000 -9.8369603E+00 -3.6770031E+00 -6.1195449E+00
2026 07 23 08 30 00 000 -9.8463709E+00 -3.6853642E+00 -6.1185556E+00
2026 07 23 08 30 30 000 -9.8557739E+00 -3.6937186E+00 -6.1175602E+00
2026 07 23 08 31 00 000 -9.8651695E+00 -3.7020662E+00 -6.1165588E+00
2026 07 23 08 31 30 000 -9.8745575E+00 -3.7104073E+00 -6.1155514E+00
2026 07 23 08 32 00 000 -9.8839381E+00 -3.7187416E+00 -6.1145380E+00
2026 07 23 08 32 30 000 -9.8933112E+00 -3.7270693E+00 -6.1135187E+00
2026 07 23 08 33 00 000 -9.9026769E+00 -3.7353902E+00 -6.1124934E+00
2026 07 23 08 33 30 000 -9.9120351E+00 -3.7437045E+00 -6.1114623E+00
2026 07 23 08 34 00 000 -9.9213858E+00 -3.7520120E+00 -6.1104254E+00
2026 07 23 08 34 30 000 -9.9307292E+00 -3.7603128E+00 -6.1093826E+00
2026 07 23 08 35 00 000 -9.9400651E+00 -3.7686069E+00 -6.1083341E+00
2026 07 23 08 35 30 000 -9.9493936E+00 -3.7768943E+00 -6.1072798E+00
2026 07 23 08 36 00 000 -9.9587148E+00 -3.7851749E+00 -6.1062198E+00
2026 07 23 08 36 30 000 -9.9680285E+00 -3.7934488E+00 -6.1051541E+00
2026 07 23 08 37 00 000 -9.9773349E+00 -3.8017159E+00 -6.1040828E+00
2026 07 23 08 37 30 000 -9.9866339E+00 -3.8099762E+00 -6.1030058E+00
2026 07 23 08 38 00 000 -9.9959255E+00 -3.8182298E+00 -6.1019233E+00
2026 07 23 08 38 30 000 -1.0005210E+01 -3.8264766E+00 -6.1008352E+00
2026 07 23 08 39 00 000 -1.0014487E+01 -3.8347167E+00 -6.0997415E+00
2026 07 23 08 39 30 000 -1.0023756E+01 -3.8429499E+00 -6.0986424E+00
2026 07 23 08 40 00 000 -1.0033019E+01 -3.8511763E+00 -6.0975378E+00
2026 07 23 08 40 30 000 -1.0042274E+01 -3.8593960E+00 -6.0964277E+00
2026 07 23 08 41 00 000 -1.0051522E+01 -3.8676088E+00 -6.0953123E+00
2026 07 23 08 41 30 000 -1.0060762E+01 -3.8758148E+00 -6.0941914E+00
2026 07 23 08 42 00 000 -1.0069995E+01 -3.8840140E+00 -6.0930653E+00
2026 07 23 08 42 30 000 -1.0079221E+01 -3.8922064E+00 -6.0919338E+00
2026 07 23 08 43 00 000 -1.0088440E+01 -3.9003919E+00 -6.0907970E+00
2026 07 23 08 43 30 000 -1.0097651E+01 -3.9085706E+00 -6.0896549E+00
2026 07 23 08 44 00 000 -1.0106856E+01 -3.9167425E+00 -6.0885077E+00
2026 07 23 08 44 30 000 -1.0116053E+01 -3.9249075E+00 -6.0873552E+00
2026 07 23 08 45 00 000 -1.0125242E+01 -3.9330656E+00 -6.0861976E+00
2026 07 23 08 45 30 000 -1.0134425E+01 -3.9412169E+00 -6.0850349E+00
2026 07 23 08 46 00 000 -1.0143600E+01 -3.9493613E+00 -6.0838671E+00
2026 07 23 08 46 30 000 -1.0152769E+01 -3.9574988E+00 -6.0826941E+00
2026 07 23 08 47 00 000 -1.0161930E+01 -3.9656295E+00 -6.0815162E+00
2026 07 23 08 47 30 000 -1.0171083E+01 -3.9737532E+00 -6.0803332E+00
2026 07 23 08 48 00 000 -1.0180230E+01 -3.9818701E+00 -6.0791453E+00
2026 07 23 08 48 30 000 -1.0189370E+01 -3.9899800E+00 -6.0779524E+00
2026 07 23 08 49 00 000 -1.0198502E+01 -3.9980831E+00 -6.0767546E+00
2026 07 23 08 49 30 000 -1.0207628E+01 -4.0061793E+00 -6.0755519E+00
2026 07 23 08 50 00 000 -1.0216746E+01 -4.0142685E+00 -6.0743444E+00
2026 07 23 08 50 30 000 -1.0225857E+01 -4.0223508E+00 -6.0731320E+00
2026 07 23 08 51 00 000 -1.0234961E+01 -4.0304262E+00 -6.0719148E+00
2026 07 23 08 51 30 000 -1.0244058E+01 -4.0384946E+00 -6.0706929E+00
2026 07 23 08 52 00 000 -1.0253148E+01 -4.0465561E+00 -6.0694662E+00
2026 07 23 08 52 30 000 -1.0262231E+01 -4.0546107E+00 -6.0682349E+00
2026 07 23 08 53 00 000 -1.0271306E+01 -4.0626583E+00 -6.0669988E+00
2026 07 23 08 53 30 000 -1.0280375E+01 -4.0706990E+00 -6.0657581E+00
2026 07 23 08 54 00 000 -1.0289437E+01 -4.0787327E+00 -6.0645128E+00
2026 07 23 08 54 30 000 -1.0298492E+01 -4.0867594E+00 -6.0632629E+00
2026 07 23 08 55 00 000 -1.0307539E+01 -4.0947792E+00 -6.0620085E+00
2026 07 23 08 55 30 000 -1.0316580E+01 -4.1027919E+00 -6.0607495E+00
2026 07 23 08 56 00 000 -1.0325613E+01 -4.1107978E+00 -6.0594860E+00
2026 07 23 08 56 30 000 -1.0334640E+01 -4.1187966E+00 -6.0582181E+00
2026 07 23 08 57 00 000 -1.0343660E+01 -4.1267884E+00 -6.0569457E+00
2026 07 23 08 57 30 000 -1.0352673E+01 -4.1347733E+00 -6.0556689E+00
2026 07 23 08 58 00 000 -1.0361678E+01 -4.1427511E+00 -6.0543878E+00
2026 07 23 08 58 30 000 -1.0370677E+01 -4.1507219E+00 -6.0531023E+00
2026 07 23 08 59 00 000 -1.0379669E+01 -4.1586858E+00 -6.0518125E+00
2026 07 23 08 59 30 000 -1.0388654E+01 -4.1666426E+00 -6.0505184E+00
2026 07 23 09 00 00 000 -1.0397632E+01 -4.1745923E+00 -6.0492200E+00
2026 07 23 09 00 30 000 -1.0406603E+01 -4.1825351E+00 -6.0479174E+00
2026 07 23 09 01 00 000 -1.0415567E+01 -4.1904709E+00 -6.0466106E+00
2026 07 23 09 01 30 000 -1.0424525E+01 -4.1983996E+00 -6.0452997E+00
2026 07 23 09 02 00 000 -1.0433475E+01 -4.2063212E+00 -6.0439846E+00
2026 07 23 09 02 30 000 -1.0442419E+01 -4.2142358E+00 -6.0426654E+00
2026 07 23 09 03 00 000 -1.0451355E+01 -4.2221434E+00 -6.0413422E+00
2026 07 23 09 03 30 000 -1.0460285E+01 -4.2300440E+00 -6.0400149E+00
2026 07 23 09 04 00 000 -1.0469208E+01 -4.2379374E+00 -6.0386835E+00
2026 07 23 09 04 30 000 -1.0478124E+01 -4.2458238E+00 -6.0373482E+00
2026 07 23 09 05 00 000 -1.0487034E+01 -4.2537032E+00 -6.0360089E+00
2026 07 23 09 05 30 000 -1.0495936E+01 -4.2615755E+00 -6.0346657E+00
2026 07 23 09 06 00 000 -1.0504832E+01 -4.2694407E+00 -6.0333186E+00
2026 07 23 09 06 30 000 -1.0513721E+01 -4.2772988E+00 -6.0319676E+00
2026 07 23 09 07 00 000 -1.0522603E+01 -4.2851498E+00 -6.0306128E+00
2026 07 23 09 07 30 000 -1.0531478E+01 -4.2929938E+00 -6.0292542E+00
2026 07 23 09 08 00 000 -1.0540347E+01 -4.3008307E+00 -6.0278918E+00
2026 07 23 09 08 30 000 -1.0549209E+01 -4.3086605E+00 -6.0265256E+00
2026 07 23 09 09 00 000 -1.0558064E+01 -4.3164832E+00 -6.0251557E+00
2026 07 23 09 09 30 000 -1.0566912E+01 -4.3242988E+00 -6.0237821E+00
2026 07 23 09 10 00 000 -1.0575754E+01 -4.3321072E+00 -6.0224048E+00
2026 07 23 09 10 30 000 -1.0584588E+01 -4.3399086E+00 -6.0210239E+00
2026 07 23 09 11 00 000 -1.0593417E+01 -4.3477029E+00 -6.0196394E+00
2026 07 23 09 11 30 000 -1.0602238E+01 -4.3554901E+00 -6.0182514E+00
2026 07 23 09 12 00 000 -1.0611053E+01 -4.3632701E+00 -6.0168597E+00
2026 07 23 09 12 30 000 -1.0619861E+01 -4.3710430E+00 -6.0154646E+00
2026 07 23 09 13 00 000 -1.0628662E+01 -4.3788088E+00 -6.0140659E+00
2026 07 23 09 13 30 000 -1.0637457E+01 -4.3865674E+00 -6.0126638E+00
2026 07 23 09 14 00 000 -1.0646244E+01 -4.3943190E+00 -6.0112583E+00
2026 07 23 09 14 30 000 -1.0655026E+01 -4.4020634E+00 -6.0098494E+00
2026 07 23 09 15 00 000 -1.0663800E+01 -4.4098006E+00 -6.0084370E+00
2026 07 23 09 15 30 000 -1.0672568E+01 -4.4175308E+00 -6.0070214E+00
2026 07 23 09 16 00 000 -1.0681330E+01 -4.4252537E+00 -6.0056024E+00
2026 07 23 09 16 30 000 -1.0690085E+01 -4.4329695E+00 -6.0041801E+00
2026 07 23 09 17 00 000 -1.0698833E+01 -4.4406782E+00 -6.0027546E+00
2026 07 23 09 17 30 000 -1.0707574E+01 -4.4483797E+00 -6.0013258E+00
2026 07 23 09 18 00 000 -1.0716309E+01 -4.4560741E+00 -5.9998939E+00
2026 07 23 09 18 30 000 -1.0725038E+01 -4.4637613E+00 -5.9984588E+00
2026 07 23 09 19 00 000 -1.0733759E+01 -4.4714413E+00 -5.9970205E+00
2026 07 23 09 19 30 000 -1.0742474E+01 -4.4791141E+00 -5.9955791E+00
2026 07 23 09 20 00 000 -1.0751183E+01 -4.4867798E+00 -5.9941346E+00
2026 07 23 09 20 30 000 -1.0759885E+01 -4.4944383E+00 -5.9926871E+00
2026 07 23 09 21 00 000 -1.0768581E+01 -4.5020897E+00 -5.9912365E+00
2026 07 23 09 21 30 000 -1.0777270E+01 -4.5097338E+00 -5.9897829E+00
2026 07 23 09 22 00 000 -1.0785952E+01 -4.5173708E+00 -5.9883264E+00
2026 07 23 09 22 30 000 -1.0794628E+01 -4.5250006E+00 -5.9868669E+00
2026 07 23 09 23 00 000 -1.0803297E+01 -4.5326232E+00 -5.9854045E+00
2026 07 23 09 23 30 000 -1.0811960E+01 -4.5402386E+00 -5.9839392E+00
2026 07 23 09 24 00 000 -1.0820617E+01 -4.5478468E+00 -5.9824710E+00
2026 07 23 09 24 30 000 -1.0829267E+01 -4.5554479E+00 -5.9810000E+00
2026 07 23 09 25 00 000 -1.0837910E+01 -4.5630417E+00 -5.9795263E+00
2026 07 23 09 25 30 000 -1.0846547E+01 -4.5706283E+00 -5.9780497E+00
2026 07 23 09 26 00 000 -1.0855178E+01 -4.5782077E+00 -5.9765704E+00
2026 07 23 09 26 30 000 -1.0863802E+01 -4.5857800E+00 -5.9750884E+00
2026 07 23 09 27 00 000 -1.0872419E+01 -4.5933450E+00 -5.9736037E+00
2026 07 23 09 27 30 000 -1.0881030E+01 -4.6009028E+00 -5.9721163E+00
2026 07 23 09 28 00 000 -1.0889635E+01 -4.6084534E+00 -5.9706263E+00
2026 07 23 09 28 30 000 -1.0898233E+01 -4.6159967E+00 -5.9691337E+00
2026 07 23 09 29 00 000 -1.0906825E+01 -4.6235329E+00 -5.9676385E+00
2026 07 23 09 29 30 000 -1.0915411E+01 -4.6310618E+00 -5.9661407E+00
2026 07 23 09 30 00 000 -1.0923990E+01 -4.6385836E+00 -5.9646405E+00
2026 07 23 09 30 30 000 -1.0932562E+01 -4.6460981E+00 -5.9631377E+00
2026 07 23 09 31 00 000 -1.0941129E+01 -4.6536053E+00 -5.9616325E+00
2026 07 23 09 31 30 000 -1.0949689E+01 -4.6611053E+00 -5.9601249E+00
2026 07 23 09 32 00 000 -1.0958242E+01 -4.6685982E+00 -5.9586148E+00
2026 07 23 09 32 30 000 -1.0966789E+01 -4.6760838E+00 -5.9571024E+00
2026 07 23 09 33 00 000 -1.0975330E+01 -4.6835621E+00 -5.9555876E+00
2026 07 23 09 33 30 000 -1.0983865E+01 -4.6910332E+00 -5.9540704E+00
2026 07 23 09 34 00 000 -1.0992393E+01 -4.6984971E+00 -5.9525510E+00
2026 07 23 09 34 30 000 -1.1000915E+01 -4.7059537E+00 -5.9510293E+00
2026 07 23 09 35 00 000 -1.1009430E+01 -4.7134031E+00 -5.9495054E+00
2026 07 23 09 35 30 000 -1.1017939E+01 -4.7208453E+00 -5.9479793E+00
2026 07 23 09 36 00 000 -1.1026442E+01 -4.7282802E+00 -5.9464510E+00
2026 07 23 09 36 30 000 -1.1034939E+01 -4.7357078E+00 -5.9449205E+00
2026 07 23 09 37 00 000 -1.1043429E+01 -4.7431283E+00 -5.9433878E+00
2026 07 23 09 37 30 000 -1.1051913E+01 -4.7505414E+00 -5.9418531E+00
2026 07 23 09 38 00 000 -1.1060391E+01 -4.7579473E+00 -5.9403163E+00
2026 07 23 09 38 30 000 -1.1068862E+01 -4.7653460E+00 -5.9387775E+00
2026 07 23 09 39 00 000 -1.1077328E+01 -4.7727374E+00 -5.9372366E+00
2026 07 23 09 39 30 000 -1.1085787E+01 -4.7801216E+00 -5.9356938E+00
2026 07 23 09 40 00 000 -1.1094239E+01 -4.7874985E+00 -5.9341489E+00
2026 07 23 09 40 30 000 -1.1102686E+01 -4.7948681E+00 -5.9326022E+00
2026 07 23 09 41 00 000 -1.1111126E+01 -4.8022305E+00 -5.9310535E+00
2026 07 23 09 41 30 000 -1.1119560E+01 -4.8095856E+00 -5.9295029E+00
2026 07 23 09 42 00 000 -1.1127988E+01 -4.8169334E+00 -5.9279505E+00
2026 07 23 09 42 30 000 -1.1136410E+01 -4.8242740E+00 -5.9263963E+00
2026 07 23 09 43 00 000 -1.1144825E+01 -4.8316074E+00 -5.9248402E+00
2026 07 23 09 43 30 000 -1.1153234E+01 -4.8389334E+00 -5.9232824E+00
2026 07 23 09 44 00 000 -1.1161638E+01 -4.8462522E+00 -5.9217228E+00
2026 07 23 09 44 30 000 -1.1170034E+01 -4.8535638E+00 -5.9201616E+00
2026 07 23 09 45 00 000 -1.1178425E+01 -4.8608680E+00 -5.9185986E+00
2026 07 23 09 45 30 000 -1.1186810E+01 -4.8681650E+00 -5.9170339E+00
2026 07 23 09 46 00 000 -1.1195188E+01 -4.8754547E+00 -5.9154676E+00
2026 07 23 09 46 30 000 -1.1203561E+01 -4.8827372E+00 -5.9138997E+00
2026 07 23 09 47 00 000 -1.1211927E+01 -4.8900123E+00 -5.9123303E+00
2026 07 23 09 47 30 000 -1.1220287E+01 -4.8972802E+00 -5.9107592E+00
2026 07 23 09 48 00 000 -1.1228641E+01 -4.9045409E+00 -5.9091866E+00
2026 07 23 09 48 30 000 -1.1236988E+01 -4.9117942E+00 -5.9076126E+00
2026 07 23 09 49 00 000 -1.1245330E+01 -4.9190403E+00 -5.9060370E+00
2026 07 23 09 49 30 000 -1.1253666E+01 -4.9262791E+00 -5.9044600E+00
2026 07 23 09 50 00 000 -1.1261995E+01 -4.9335106E+00 -5.9028816E+00
2026 07 23 09 50 30 000 -1.1270319E+01 -4.9407348E+00 -5.9013017E+00
2026 07 23 09 51 00 000 -1.1278636E+01 -4.9479518E+00 -5.8997205E+00
2026 07 23 09 51 30 000 -1.1286947E+01 -4.9551615E+00 -5.8981380E+00
2026 07 23 09 52 00 000 -1.1295252E+01 -4.9623639E+00 -5.8965541E+00
2026 07 23 09 52 30 000 -1.1303552E+01 -4.9695590E+00 -5.8949690E+00
2026 07 23 09 53 00 000 -1.1311845E+01 -4.9767469E+00 -5.8933825E+00
2026 07 23 09 53 30 000 -1.1320132E+01 -4.9839274E+00 -5.8917949E+00
2026 07 23 09 54 00 000 -1.1328413E+01 -4.9911007E+00 -5.8902060E+00
2026 07 23 09 54 30 000 -1.1336688E+01 -4.9982667E+00 -5.8886160E+00
2026 07 23 09 55 00 000 -1.1344957E+01 -5.0054254E+00 -5.8870247E+00
2026 07 23 09 55 30 000 -1.1353220E+01 -5.0125769E+00 -5.8854324E+00
2026 07 23 09 56 00 000 -1.1361477E+01 -5.0197210E+00 -5.8838390E+00
2026 07 23 09 56 30 000 -1.1369728E+01 -5.0268579E+00 -5.8822444E+00
2026 07 23 09 57 00 000 -1.1377973E+01 -5.0339874E+00 -5.8806489E+00
2026 07 23 09 57 30 000 -1.1386212E+01 -5.0411098E+00 -5.8790523E+00
2026 07 23 09 58 00 000 -1.1394445E+01 -5.0482248E+00 -5.8774547E+00
2026 07 23 09 58 30 000 -1.1402672E+01 -5.0553325E+00 -5.8758561E+00
2026 07 23 09 59 00 000 -1.1410893E+01 -5.0624329E+00 -5.8742565E+00
2026 07 23 09 59 30 000 -1.1419108E+01 -5.0695261E+00 -5.8726561E+00
2026 07 23 10 00 00 000 -1.1427317E+01 -5.0766120E+00 -5.8710547E+00
2026 07 23 10 00 30 000 -1.1435521E+01 -5.0836906E+00 -5.8694525E+00
2026 07 23 10 01 00 000 -1.1443718E+01 -5.0907618E+00 -5.8678495E+00
2026 07 23 10 01 30 000 -1.1451909E+01 -5.0978259E+00 -5.8662456E+00
2026 07 23 10 02 00 000 -1.1460095E+01 -5.1048826E+00 -5.8646410E+00
2026 07 23 10 02 30 000 -1.1468275E+01 -5.1119321E+00 -5.8630355E+00
2026 07 23 10 03 00 000 -1.1476448E+01 -5.1189742E+00 -5.8614294E+00
2026 07 23 10 03 30 000 -1.1484616E+01 -5.1260091E+00 -5.8598225E+00
2026 07 23 10 04 00 000 -1.1492778E+01 -5.1330367E+00 -5.8582149E+00
2026 07 23 10 04 30 000 -1.1500934E+01 -5.1400570E+00 -5.8566067E+00
2026 07 23 10 05 00 000 -1.1509084E+01 -5.1470700E+00 -5.8549979E+00
2026 07 23 10 05 30 000 -1.1517228E+01 -5.1540757E+00 -5.8533884E+00
2026 07 23 10 06 00 000 -1.1525367E+01 -5.1610742E+00 -5.8517783E+00
2026 07 23 10 06 30 000 -1.1533499E+01 -5.1680654E+00 -5.8501677E+00
2026 07 23 10 07 00 000 -1.1541626E+01 -5.1750493E+00 -5.8485566E+00
2026 07 23 10 07 30 000 -1.1549747E+01 -5.1820259E+00 -5.8469450E+00
2026 07 23 10 08 00 000 -1.1557862E+01 -5.1889952E+00 -5.8453328E+00
2026 07 23 10 08 30 000 -1.1565971E+01 -5.1959573E+00 -5.8437202E+00
2026 07 23 10 09 00 000 -1.1574074E+01 -5.2029120E+00 -5.8421072E+00
2026 07 23 10 09 30 000 -1.1582172E+01 -5.2098595E+00 -5.8404938E+00
2026 07 23 10 10 00 000 -1.1590264E+01 -5.2167997E+00 -5.8388800E+00
2026 07 23 10 10 30 000 -1.1598350E+01 -5.2237326E+00 -5.8372658E+00
2026 07 23 10 11 00 000 -1.1606430E+01 -5.2306583E+00 -5.8356514E+00
2026 07 23 10 11 30 000 -1.1614504E+01 -5.2375767E+00 -5.8340366E+00
2026 07 23 10 12 00 000 -1.1622573E+01 -5.2444877E+00 -5.8324215E+00
2026 07 23 10 12 30 000 -1.1630635E+01 -5.2513916E+00 -5.8308062E+00
2026 07 23 10 13 00 000 -1.1638692E+01 -5.2582881E+00 -5.8291906E+00
2026 07 23 10 13 30 000 -1.1646744E+01 -5.2651774E+00 -5.8275749E+00
2026 07 23 10 14 00 000 -1.1654789E+01 -5.2720594E+00 -5.8259590E+00
2026 07 23 10 14 30 000 -1.1662829E+01 -5.2789341E+00 -5.8243429E+00
2026 07 23 10 15 00 000 -1.1670863E+01 -5.2858015E+00 -5.8227267E+00
2026 07 23 10 15 30 000 -1.1678891E+01 -5.2926617E+00 -5.8211104E+00
2026 07 23 10 16 00 000 -1.1686914E+01 -5.2995146E+00 -5.8194940E+00
2026 07 23 10 16 30 000 -1.1694931E+01 -5.3063602E+00 -5.8178776E+00
2026 07 23 10 17 00 000 -1.1702942E+01 -5.3131986E+00 -5.8162611E+00
2026 07 23 10 17 30 000 -1.1710947E+01 -5.3200297E+00 -5.8146446E+00
2026 07 23 10 18 00 000 -1.1718947E+01 -5.3268535E+00 -5.8130282E+00
2026 07 23 10 18 30 000 -1.1726941E+01 -5.3336701E+00 -5.8114118E+00
2026 07 23 10 19 00 000 -1.1734929E+01 -5.3404794E+00 -5.8097955E+00
2026 07 23 10 19 30 000 -1.1742912E+01 -5.3472814E+00 -5.8081792E+00
2026 07 23 10 20 00 000 -1.1750889E+01 -5.3540762E+00 -5.8065631E+00
2026 07 23 10 20 30 000 -1.1758860E+01 -5.3608637E+00 -5.8049472E+00
2026 07 23 10 21 00 000 -1.1766826E+01 -5.3676439E+00 -5.8033314E+00
2026 07 23 10 21 30 000 -1.1774786E+01 -5.3744169E+00 -5.8017158E+00
2026 07 23 10 22 00 000 -1.1782740E+01 -5.3811827E+00 -5.8001004E+00
2026 07 23 10 22 30 000 -1.1790689E+01 -5.3879411E+00 -5.7984853E+00
2026 07 23 10 23 00 000 -1.1798632E+01 -5.3946924E+00 -5.7968704E+00
2026 07 23 10 23 30 000 -1.1806569E+01 -5.4014363E+00 -5.7952559E+00
2026 07 23 10 24 00 000 -1.1814501E+01 -5.4081730E+00 -5.7936416E+00
2026 07 23 10 24 30 000 -1.1822427E+01 -5.4149025E+00 -5.7920277E+00
2026 07 23 10 25 00 000 -1.1830348E+01 -5.4216247E+00 -5.7904142E+00
2026 07 23 10 25 30 000 -1.1838263E+01 -5.4283397E+00 -5.7888010E+00
2026 07 23 10 26 00 000 -1.1846172E+01 -5.4350474E+00 -5.7871883E+00
2026 07 23 10 26 30 000 -1.1854076E+01 -5.4417478E+00 -5.7855760E+00
2026 07 23 10 27 00 000 -1.1861974E+01 -5.4484411E+00 -5.7839642E+00
2026 07 23 10 27 30 000 -1.1869867E+01 -5.4551271E+00 -5.7823529E+00
2026 07 23 10 28 00 000 -1.1877754E+01 -5.4618058E+00 -5.7807420E+00
2026 07 23 10 28 30 000 -1.1885635E+01 -5.4684773E+00 -5.7791317E+00
2026 07 23 10 29 00 000 -1.1893511E+01 -5.4751415E+00 -5.7775220E+00
2026 07 23 10 29 30 000 -1.1901381E+01 -5.4817986E+00 -5.7759129E+00
2026 07 23 10 30 00 000 -1.1909246E+01 -5.4884484E+00 -5.7743043E+00
2026 07 23 10 30 30 000 -1.1917105E+01 -5.4950909E+00 -5.7726964E+00
2026 07 23 10 31 00 000 -1.1924959E+01 -5.5017262E+00 -5.7710892E+00
2026 07 23 10 31 30 000 -1.1932807E+01 -5.5083543E+00 -5.7694826E+00
2026 07 23 10 32 00 000 -1.1940650E+01 -5.5149752E+00 -5.7678767E+00
2026 07 23 10 32 30 000 -1.1948487E+01 -5.5215888E+00 -5.7662716E+00
2026 07 23 10 33 00 000 -1.1956318E+01 -5.5281953E+00 -5.7646672E+00
2026 07 23 10 33 30 000 -1.1964145E+01 -5.5347945E+00 -5.7630636E+00
2026 07 23 10 34 00 000 -1.1971965E+01 -5.5413864E+00 -5.7614608E+00
2026 07 23 10 34 30 000 -1.1979780E+01 -5.5479712E+00 -5.7598588E+00
2026 07 23 10 35 00 000 -1.1987590E+01 -5.5545487E+00 -5.7582577E+00
2026 07 23 10 35 30 000 -1.1995394E+01 -5.5611190E+00 -5.7566574E+00
2026 07 23 10 36 00 000 -1.2003193E+01 -5.5676821E+00 -5.7550580E+00
2026 07 23 10 36 30 000 -1.2010986E+01 -5.5742380E+00 -5.7534596E+00
2026 07 23 10 37 00 000 -1.2018774E+01 -5.5807867E+00 -5.7518620E+00
2026 07 23 10 37 30 000 -1.2026556E+01 -5.5873282E+00 -5.7502655E+00
2026 07 23 10 38 00 000 -1.2034333E+01 -5.5938625E+00 -5.7486699E+00
2026 07 23 10 38 30 000 -1.2042104E+01 -5.6003895E+00 -5.7470753E+00
2026 07 23 10 39 00 000 -1.2049870E+01 -5.6069094E+00 -5.7454818E+00
2026 07 23 10 39 30 000 -1.2057631E+01 -5.6134220E+00 -5.7438894E+00
2026 07 23 10 40 00 000 -1.2065386E+01 -5.6199275E+00 -5.7422980E+00
2026 07 23 10 40 30 000 -1.2073135E+01 -5.6264258E+00 -5.7407077E+00
2026 07 23 10 41 00 000 -1.2080880E+01 -5.6329169E+00 -5.7391185E+00
2026 07 23 10 41 30 000 -1.2088618E+01 -5.6394007E+00 -5.7375305E+00
2026 07 23 10 42 00 000 -1.2096352E+01 -5.6458774E+00 -5.7359437E+00
2026 07 23 10 42 30 000 -1.2104080E+01 -5.6523470E+00 -5.7343580E+00
2026 07 23 10 43 00 000 -1.2111802E+01 -5.6588093E+00 -5.7327736E+00
2026 07 23 10 43 30 000 -1.2119520E+01 -5.6652644E+00 -5.7311904E+00
2026 07 23 10 44 00 000 -1.2127232E+01 -5.6717124E+00 -5.7296085E+00
2026 07 23 10 44 30 000 -1.2134938E+01 -5.6781532E+00 -5.7280279E+00
2026 07 23 10 45 00 000 -1.2142639E+01 -5.6845868E+00 -5.7264486E+00
2026 07 23 10 45 30 000 -1.2150335E+01 -5.6910133E+00 -5.7248706E+00
2026 07 23 10 46 00 000 -1.2158025E+01 -5.6974325E+00 -5.7232939E+00
2026 07 23 10 46 30 000 -1.2165710E+01 -5.7038446E+00 -5.7217187E+00
2026 07 23 10 47 00 000 -1.2173390E+01 -5.7102496E+00 -5.7201448E+00
2026 07 23 10 47 30 000 -1.2181064E+01 -5.7166474E+00 -5.7185724E+00
2026 07 23 10 48 00 000 -1.2188733E+01 -5.7230380E+00 -5.7170014E+00
2026 07 23 10 48 30 000 -1.2196397E+01 -5.7294214E+00 -5.7154319E+00
2026 07 23 10 49 00 000 -1.2204055E+01 -5.7357977E+00 -5.7138638E+00
2026 07 23 10 49 30 000 -1.2211709E+01 -5.7421669E+00 -5.7122973E+00
2026 07 23 10 50 00 000 -1.2219356E+01 -5.7485289E+00 -5.7107323E+00
2026 07 23 10 50 30 000 -1.2226999E+01 -5.7548837E+00 -5.7091689E+00
2026 07 23 10 51 00 000 -1.2234636E+01 -5.7612315E+00 -5.7076071E+00
2026 07 23 10 51 30 000 -1.2242268E+01 -5.7675720E+00 -5.7060468E+00
2026 07 23 10 52 00 000 -1.2249894E+01 -5.7739055E+00 -5.7044882E+00
2026 07 23 10 52 30 000 -1.2257516E+01 -5.7802317E+00 -5.7029312E+00
2026 07 23 10 53 00 000 -1.2265132E+01 -5.7865509E+00 -5.7013759E+00
2026 07 23 10 53 30 000 -1.2272742E+01 -5.7928629E+00 -5.6998223E+00
2026 07 23 10 54 00 000 -1.2280348E+01 -5.7991678E+00 -5.6982704E+00
2026 07 23 10 54 30 000 -1.2287948E+01 -5.8054656E+00 -5.6967203E+00
2026 07 23 10 55 00 000 -1.2295543E+01 -5.8117562E+00 -5.6951719E+00
2026 07 23 10 55 30 000 -1.2303133E+01 -5.8180397E+00 -5.6936253E+00
2026 07 23 10 56 00 000 -1.2310717E+01 -5.8243161E+00 -5.6920804E+00
2026 07 23 10 56 30 000 -1.2318296E+01 -5.8305854E+00 -5.6905374E+00
2026 07 23 10 57 00 000 -1.2325870E+01 -5.8368476E+00 -5.6889963E+00
2026 07 23 10 57 30 000 -1.2333439E+01 -5.8431027E+00 -5.6874570E+00
2026 07 23 10 58 00 000 -1.2341002E+01 -5.8493506E+00 -5.6859196E+00
2026 07 23 10 58 30 000 -1.2348561E+01 -5.8555915E+00 -5.6843841E+00
2026 07 23 10 59 00 000 -1.2356114E+01 -5.8618252E+00 -5.6828505E+00
2026 07 23 10 59 30 000 -1.2363662E+01 -5.8680519E+00 -5.6813189E+00
2026 07 23 11 00 00 000 -1.2371205E+01 -5.8742715E+00 -5.6797893E+00
2026 07 23 11 00 30 000 -1.2378742E+01 -5.8804839E+00 -5.6782617E+00
2026 07 23 11 01 00 000 -1.2386274E+01 -5.8866893E+00 -5.6767360E+00
2026 07 23 11 01 30 000 -1.2393801E+01 -5.8928876E+00 -5.6752124E+00
2026 07 23 11 02 00 000 -1.2401323E+01 -5.8990788E+00 -5.6736909E+00
2026 07 23 11 02 30 000 -1.2408840E+01 -5.9052629E+00 -5.6721715E+00
2026 07 23 11 03 00 000 -1.2416352E+01 -5.9114400E+00 -5.6706541E+00
2026 07 23 11 03 30 000 -1.2423858E+01 -5.9176100E+00 -5.6691389E+00
2026 07 23 11 04 00 000 -1.2431360E+01 -5.9237729E+00 -5.6676259E+00
2026 07 23 11 04 30 000 -1.2438856E+01 -5.9299287E+00 -5.6661149E+00
2026 07 23 11 05 00 000 -1.2446347E+01 -5.9360775E+00 -5.6646062E+00
2026 07 23 11 05 30 000 -1.2453833E+01 -5.9422192E+00 -5.6630997E+00
2026 07 23 11 06 00 000 -1.2461313E+01 -5.9483539E+00 -5.6615954E+00
2026 07 23 11 06 30 000 -1.2468789E+01 -5.9544815E+00 -5.6600934E+00
2026 07 23 11 07 00 000 -1.2476259E+01 -5.9606020E+00 -5.6585936E+00
2026 07 23 11 07 30 000 -1.2483725E+01 -5.9667156E+00 -5.6570962E+00
2026 07 23 11 08 00 000 -1.2491185E+01 -5.9728220E+00 -5.6556010E+00
2026 07 23 11 08 30 000 -1.2498640E+01 -5.9789214E+00 -5.6541082E+00
2026 07 23 11 09 00 000 -1.2506090E+01 -5.9850138E+00 -5.6526178E+00
2026 07 23 11 09 30 000 -1.2513535E+01 -5.9910992E+00 -5.6511297E+00
2026 07 23 11 10 00 000 -1.2520975E+01 -5.9971775E+00 -5.6496440E+00
2026 07 23 11 10 30 000 -1.2528410E+01 -6.0032487E+00 -5.6481607E+00
2026 07 23 11 11 00 000 -1.2535839E+01 -6.0093130E+00 -5.6466799E+00
2026 07 23 11 11 30 000 -1.2543264E+01 -6.0153702E+00 -5.6452015E+00
2026 07 23 11 12 00 000 -1.2550684E+01 -6.0214205E+00 -5.6437256E+00
2026 07 23 11 12 30 000 -1.2558098E+01 -6.0274637E+00 -5.6422522E+00
2026 07 23 11 13 00 000 -1.2565508E+01 -6.0334999E+00 -5.6407813E+00
2026 07 23 11 13 30 000 -1.2572912E+01 -6.0395290E+00 -5.6393130E+00
2026 07 23 11 14 00 000 -1.2580311E+01 -6.0455512E+00 -5.6378472E+00
2026 07 23 11 14 30 000 -1.2587705E+01 -6.0515664E+00 -5.6363840E+00
2026 07 23 11 15 00 000 -1.2595095E+01 -6.0575746E+00 -5.6349234E+00
2026 07 23 11 15 30 000 -1.2602479E+01 -6.0635758E+00 -5.6334655E+00
2026 07 23 11 16 00 000 -1.2609858E+01 -6.0695700E+00 -5.6320101E+00
2026 07 23 11 16 30 000 -1.2617232E+01 -6.0755572E+00 -5.6305575E+00
2026 07 23 11 17 00 000 -1.2624601E+01 -6.0815374E+00 -5.6291075E+00
2026 07 23 11 17 30 000 -1.2631965E+01 -6.0875106E+00 -5.6276602E+00
2026 07 23 11 18 00 000 -1.2639324E+01 -6.0934769E+00 -5.6262156E+00
2026 07 23 11 18 30 000 -1.2646679E+01 -6.0994362E+00 -5.6247738E+00
2026 07 23 11 19 00 000 -1.2654028E+01 -6.1053885E+00 -5.6233347E+00
2026 07 23 11 19 30 000 -1.2661372E+01 -6.1113339E+00 -5.6218984E+00
2026 07 23 11 20 00 000 -1.2668711E+01 -6.1172723E+00 -5.6204649E+00
2026 07 23 11 20 30 000 -1.2676045E+01 -6.1232037E+00 -5.6190343E+00
2026 07 23 11 21 00 000 -1.2683374E+01 -6.1291282E+00 -5.6176065E+00
2026 07 23 11 21 30 000 -1.2690698E+01 -6.1350457E+00 -5.6161815E+00
2026 07 23 11 22 00 000 -1.2698017E+01 -6.1409563E+00 -5.6147594E+00
2026 07 23 11 22 30 000 -1.2705332E+01 -6.1468599E+00 -5.6133402E+00
2026 07 23 11 23 00 000 -1.2712641E+01 -6.1527566E+00 -5.6119239E+00
2026 07 23 11 23 30 000 -1.2719945E+01 -6.1586464E+00 -5.6105106E+00
2026 07 23 11 24 00 000 -1.2727245E+01 -6.1645292E+00 -5.6091002E+00
2026 07 23 11 24 30 000 -1.2734539E+01 -6.1704051E+00 -5.6076928E+00
2026 07 23 11 25 00 000 -1.2741829E+01 -6.1762741E+00 -5.6062884E+00
2026 07 23 11 25 30 000 -1.2749113E+01 -6.1821362E+00 -5.6048870E+00
2026 07 23 11 26 00 000 -1.2756393E+01 -6.1879913E+00 -5.6034887E+00
2026 07 23 11 26 30 000 -1.2763668E+01 -6.1938396E+00 -5.6020934E+00
2026 07 23 11 27 00 000 -1.2770937E+01 -6.1996809E+00 -5.6007011E+00
2026 07 23 11 27 30 000 -1.2778202E+01 -6.2055153E+00 -5.5993120E+00
2026 07 23 11 28 00 000 -1.2785462E+01 -6.2113428E+00 -5.5979260E+00
2026 07 23 11 28 30 000 -1.2792717E+01 -6.2171634E+00 -5.5965431E+00
2026 07 23 11 29 00 000 -1.2799968E+01 -6.2229771E+00 -5.5951633E+00
2026 07 23 11 29 30 000 -1.2807213E+01 -6.2287840E+00 -5.5937868E+00
2026 07 23 11 30 00 000 -1.2814453E+01 -6.2345839E+00 -5.5924134E+00
2026 07 23 11 30 30 000 -1.2821689E+01 -6.2403770E+00 -5.5910432E+00
2026 07 23 11 31 00 000 -1.2828919E+01 -6.2461631E+00 -5.5896762E+00
2026 07 23 11 31 30 000 -1.2836145E+01 -6.2519425E+00 -5.5883125E+00
2026 07 23 11 32 00 000 -1.2843366E+01 -6.2577149E+00 -5.5869520E+00
2026 07 23 11 32 30 000 -1.2850582E+01 -6.2634805E+00 -5.5855948E+00
2026 07 23 11 33 00 000 -1.2857793E+01 -6.2692392E+00 -5.5842409E+00
2026 07 23 11 33 30 000 -1.2864999E+01 -6.2749910E+00 -5.5828904E+00
2026 07 23 11 34 00 000 -1.2872201E+01 -6.2807360E+00 -5.5815431E+00
2026 07 23 11 34 30 000 -1.2879398E+01 -6.2864742E+00 -5.5801992E+00
2026 07 23 11 35 00 000 -1.2886589E+01 -6.2922055E+00 -5.5788587E+00
2026 07 23 11 35 30 000 -1.2893776E+01 -6.2979299E+00 -5.5775216E+00
2026 07 23 11 36 00 000 -1.2900958E+01 -6.3036476E+00 -5.5761879E+00
2026 07 23 11 36 30 000 -1.2908136E+01 -6.3093584E+00 -5.5748576E+00
2026 07 23 11 37 00 000 -1.2915308E+01 -6.3150623E+00 -5.5735307E+00
2026 07 23 11 37 30 000 -1.2922476E+01 -6.3207595E+00 -5.5722074E+00
2026 07 23 11 38 00 000 -1.2929639E+01 -6.3264498E+00 -5.5708875E+00
2026 07 23 11 38 30 000 -1.2936797E+01 -6.3321333E+00 -5.5695710E+00
2026 07 23 11 39 00 000 -1.2943950E+01 -6.3378100E+00 -5.5682582E+00
2026 07 23 11 39 30 000 -1.2951098E+01 -6.3434799E+00 -5.5669488E+00
2026 07 23 11 40 00 000 -1.2958242E+01 -6.3491429E+00 -5.5656430E+00
2026 07 23 11 40 30 000 -1.2965381E+01 -6.3547992E+00 -5.5643408E+00
2026 07 23 11 41 00 000 -1.2972515E+01 -6.3604487E+00 -5.5630421E+00
2026 07 23 11 41 30 000 -1.2979644E+01 -6.3660914E+00 -5.5617471E+00
2026 07 23 11 42 00 000 -1.2986769E+01 -6.3717273E+00 -5.5604556E+00
2026 07 23 11 42 30 000 -1.2993888E+01 -6.3773564E+00 -5.5591679E+00
2026 07 23 11 43 00 000 -1.3001003E+01 -6.3829787E+00 -5.5578837E+00
2026 07 23 11 43 30 000 -1.3008113E+01 -6.3885943E+00 -5.5566033E+00
2026 07 23 11 44 00 000 -1.3015219E+01 -6.3942031E+00 -5.5553265E+00
2026 07 23 11 44 30 000 -1.3022320E+01 -6.3998051E+00 -5.5540535E+00
2026 07 23 11 45 00 000 -1.3029416E+01 -6.4054004E+00 -5.5527842E+00
2026 07 23 11 45 30 000 -1.3036507E+01 -6.4109889E+00 -5.5515186E+00
2026 07 23 11 46 00 000 -1.3043593E+01 -6.4165707E+00 -5.5502568E+00
2026 07 23 11 46 30 000 -1.3050675E+01 -6.4221457E+00 -5.5489988E+00
2026 07 23 11 47 00 000 -1.3057752E+01 -6.4277140E+00 -5.5477445E+00
2026 07 23 11 47 30 000 -1.3064824E+01 -6.4332755E+00 -5.5464941E+00
2026 07 23 11 48 00 000 -1.3071892E+01 -6.4388303E+00 -5.5452475E+00
2026 07 23 11 48 30 000 -1.3078955E+01 -6.4443783E+00 -5.5440048E+00
2026 07 23 11 49 00 000 -1.3086013E+01 -6.4499197E+00 -5.5427659E+00
2026 07 23 11 49 30 000 -1.3093066E+01 -6.4554543E+00 -5.5415309E+00
2026 07 23 11 50 00 000 -1.3100115E+01 -6.4609822E+00 -5.5402998E+00
2026 07 23 11 50 30 000 -1.3107159E+01 -6.4665034E+00 -5.5390726E+00
2026 07 23 11 51 00 000 -1.3114199E+01 -6.4720178E+00 -5.5378494E+00
2026 07 23 11 51 30 000 -1.3121233E+01 -6.4775256E+00 -5.5366301E+00
2026 07 23 11 52 00 000 -1.3128263E+01 -6.4830267E+00 -5.5354147E+00
2026 07 23 11 52 30 000 -1.3135289E+01 -6.4885211E+00 -5.5342034E+00
2026 07 23 11 53 00 000 -1.3142309E+01 -6.4940088E+00 -5.5329960E+00
2026 07 23 11 53 30 000 -1.3149325E+01 -6.4994898E+00 -5.5317927E+00
2026 07 23 11 54 00 000 -1.3156336E+01 -6.5049641E+00 -5.5305934E+00
2026 07 23 11 54 30 000 -1.3163343E+01 -6.5104318E+00 -5.5293981E+00
2026 07 23 11 55 00 000 -1.3170345E+01 -6.5158927E+00 -5.5282069E+00
2026 07 23 11 55 30 000 -1.3177342E+01 -6.5213470E+00 -5.5270198E+00
2026 07 23 11 56 00 000 -1.3184335E+01 -6.5267947E+00 -5.5258368E+00
2026 07 23 11 56 30 000 -1.3191323E+01 -6.5322357E+00 -5.5246578E+00
2026 07 23 11 57 00 000 -1.3198307E+01 -6.5376700E+00 -5.5234830E+00
2026 07 23 11 57 30 000 -1.3205285E+01 -6.5430977E+00 -5.5223124E+00
2026 07 23 11 58 00 000 -1.3212259E+01 -6.5485187E+00 -5.5211459E+00
2026 07 23 11 58 30 000 -1.3219229E+01 -6.5539331E+00 -5.5199836E+00
2026 07 23 11 59 00 000 -1.3226194E+01 -6.5593409E+00 -5.5188255E+00
2026 07 23 11 59 30 000 -1.3233154E+01 -6.5647421E+00 -5.5176716E+00
2026 07 23 12 00 00 000 -1.3240110E+01 -6.5701366E+00 -5.5165219E+00
2026 07 23 12 00 30 000 -1.3247061E+01 -6.5755245E+00 -5.5153764E+00
2026 07 23 12 01 00 000 -1.3254007E+01 -6.5809057E+00 -5.5142353E+00
2026 07 23 12 01 30 000 -1.3260949E+01 -6.5862804E+00 -5.5130983E+00
2026 07 23 12 02 00 000 -1.3267887E+01 -6.5916485E+00 -5.5119657E+00
2026 07 23 12 02 30 000 -1.3274819E+01 -6.5970099E+00 -5.5108374E+00
2026 07 23 12 03 00 000 -1.3281747E+01 -6.6023648E+00 -5.5097133E+00
2026 07 23 12 03 30 000 -1.3288671E+01 -6.6077130E+00 -5.5085937E+00
2026 07 23 12 04 00 000 -1.3295590E+01 -6.6130547E+00 -5.5074783E+00
2026 07 23 12 04 30 000 -1.3302504E+01 -6.6183898E+00 -5.5063673E+00
2026 07 23 12 05 00 000 -1.3309414E+01 -6.6237183E+00 -5.5052607E+00
2026 07 23 12 05 30 000 -1.3316319E+01 -6.6290403E+00 -5.5041585E+00
2026 07 23 12 06 00 000 -1.3323220E+01 -6.6343557E+00 -5.5030607E+00
2026 07 23 12 06 30 000 -1.3330116E+01 -6.6396645E+00 -5.5019674E+00
2026 07 23 12 07 00 000 -1.3337007E+01 -6.6449667E+00 -5.5008784E+00
2026 07 23 12 07 30 000 -1.3343894E+01 -6.6502624E+00 -5.4997939E+00
2026 07 23 12 08 00 000 -1.3350777E+01 -6.6555515E+00 -5.4987139E+00
2026 07 23 12 08 30 000 -1.3357655E+01 -6.6608342E+00 -5.4976384E+00
2026 07 23 12 09 00 000 -1.3364528E+01 -6.6661102E+00 -5.4965673E+00
2026 07 23 12 09 30 000 -1.3371397E+01 -6.6713797E+00 -5.4955008E+00
2026 07 23 12 10 00 000 -1.3378262E+01 -6.6766427E+00 -5.4944388E+00
2026 07 23 12 10 30 000 -1.3385121E+01 -6.6818992E+00 -5.4933814E+00
2026 07 23 12 11 00 000 -1.3391977E+01 -6.6871492E+00 -5.4923284E+00
2026 07 23 12 11 30 000 -1.3398827E+01 -6.6923926E+00 -5.4912801E+00
2026 07 23 12 12 00 000 -1.3405674E+01 -6.6976295E+00 -5.4902364E+00
2026 07 23 12 12 30 000 -1.3412515E+01 -6.7028600E+00 -5.4891972E+00
2026 07 23 12 13 00 000 -1.3419353E+01 -6.7080839E+00 -5.4881627E+00
2026 07 23 12 13 30 000 -1.3426186E+01 -6.7133013E+00 -5.4871328E+00
2026 07 23 12 14 00 000 -1.3433014E+01 -6.7185122E+00 -5.4861075E+00
2026 07 23 12 14 30 000 -1.3439838E+01 -6.7237167E+00 -5.4850869E+00
2026 07 23 12 15 00 000 -1.3446657E+01 -6.7289147E+00 -5.4840710E+00
2026 07 23 12 15 30 000 -1.3453472E+01 -6.7341062E+00 -5.4830597E+00
2026 07 23 12 16 00 000 -1.3460282E+01 -6.7392912E+00 -5.4820531E+00
2026 07 23 12 16 30 000 -1.3467088E+01 -6.7444697E+00 -5.4810513E+00
2026 07 23 12 17 00 000 -1.3473889E+01 -6.7496418E+00 -5.4800542E+00
2026 07 23 12 17 30 000 -1.3480686E+01 -6.7548075E+00 -5.4790618E+00
2026 07 23 12 18 00 000 -1.3487479E+01 -6.7599667E+00 -5.4780742E+00
2026 07 23 12 18 30 000 -1.3494267E+01 -6.7651194E+00 -5.4770913E+00
2026 07 23 12 19 00 000 -1.3501050E+01 -6.7702657E+00 -5.4761132E+00
2026 07 23 12 19 30 000 -1.3507830E+01 -6.7754056E+00 -5.4751399E+00
2026 07 23 12 20 00 000 -1.3514604E+01 -6.7805391E+00 -5.4741715E+00
2026 07 23 12 20 30 000 -1.3521375E+01 -6.7856661E+00 -5.4732078E+00
2026 07 23 12 21 00 000 -1.3528140E+01 -6.7907867E+00 -5.4722490E+00
2026 07 23 12 21 30 000 -1.3534902E+01 -6.7959008E+00 -5.4712950E+00
2026 07 23 12 22 00 000 -1.3541659E+01 -6.8010086E+00 -5.4703459E+00
2026 07 23 12 22 30 000 -1.3548411E+01 -6.8061100E+00 -5.4694016E+00
2026 07 23 12 23 00 000 -1.3555159E+01 -6.8112050E+00 -5.4684623E+00
2026 07 23 12 23 30 000 -1.3561903E+01 -6.8162935E+00 -5.4675278E+00
2026 07 23 12 24 00 000 -1.3568642E+01 -6.8213757E+00 -5.4665983E+00
2026 07 23 12 24 30 000 -1.3575377E+01 -6.8264515E+00 -5.4656737E+00
2026 07 23 12 25 00 000 -1.3582108E+01 -6.8315209E+00 -5.4647540E+00
2026 07 23 12 25 30 000 -1.3588834E+01 -6.8365840E+00 -5.4638393E+00
2026 07 23 12 26 00 000 -1.3595556E+01 -6.8416407E+00 -5.4629296E+00
2026 07 23 12 26 30 000 -1.3602273E+01 -6.8466910E+00 -5.4620248E+00
2026 07 23 12 27 00 000 -1.3608986E+01 -6.8517349E+00 -5.4611250E+00
2026 07 23 12 27 30 000 -1.3615694E+01 -6.8567725E+00 -5.4602302E+00
2026 07 23 12 28 00 000 -1.3622398E+01 -6.8618038E+00 -5.4593404E+00
2026 07 23 12 28 30 000 -1.3629098E+01 -6.8668287E+00 -5.4584557E+00
2026 07 23 12 29 00 000 -1.3635794E+01 -6.8718473E+00 -5.4575760E+00
2026 07 23 12 29 30 000 -1.3642485E+01 -6.8768595E+00 -5.4567014E+00
2026 07 23 12 30 00 000 -1.3649171E+01 -6.8818654E+00 -5.4558318E+00
2026 07 23 12 30 30 000 -1.3655854E+01 -6.8868650E+00 -5.4549673E+00
2026 07 23 12 31 00 000 -1.3662532E+01 -6.8918583E+00 -5.4541079E+00
2026 07 23 12 31 30 000 -1.3669205E+01 -6.8968452E+00 -5.4532536E+00
2026 07 23 12 32 00 000 -1.3675874E+01 -6.9018259E+00 -5.4524044E+00
2026 07 23 12 32 30 000 -1.3682539E+01 -6.9068003E+00 -5.4515603E+00
2026 07 23 12 33 00 000 -1.3689200E+01 -6.9117683E+00 -5.4507214E+00
2026 07 23 12 33 30 000 -1.3695856E+01 -6.9167301E+00 -5.4498876E+00
2026 07 23 12 34 00 000 -1.3702508E+01 -6.9216856E+00 -5.4490590E+00
2026 07 23 12 34 30 000 -1.3709156E+01 -6.9266348E+00 -5.4482355E+00
2026 07 23 12 35 00 000 -1.3715799E+01 -6.9315777E+00 -5.4474173E+00
2026 07 23 12 35 30 000 -1.3722438E+01 -6.9365144E+00 -5.4466042E+00
2026 07 23 12 36 00 000 -1.3729072E+01 -6.9414448E+00 -5.4457964E+00
2026 07 23 12 36 30 000 -1.3735703E+01 -6.9463689E+00 -5.4449937E+00
2026 07 23 12 37 00 000 -1.3742329E+01 -6.9512868E+00 -5.4441963E+00
2026 07 23 12 37 30 000 -1.3748950E+01 -6.9561984E+00 -5.4434042E+00
2026 07 23 12 38 00 000 -1.3755568E+01 -6.9611038E+00 -5.4426173E+00
2026 07 23 12 38 30 000 -1.3762181E+01 -6.9660030E+00 -5.4418356E+00
2026 07 23 12 39 00 000 -1.3768790E+01 -6.9708959E+00 -5.4410593E+00
2026 07 23 12 39 30 000 -1.3775394E+01 -6.9757826E+00 -5.4402882E+00
2026 07 23 12 40 00 000 -1.3781994E+01 -6.9806631E+00 -5.4395224E+00
2026 07 23 12 40 30 000 -1.3788590E+01 -6.9855374E+00 -5.4387620E+00
2026 07 23 12 41 00 000 -1.3795182E+01 -6.9904054E+00 -5.4380068E+00
2026 07 23 12 41 30 000 -1.3801769E+01 -6.9952673E+00 -5.4372570E+00
2026 07 23 12 42 00 000 -1.3808352E+01 -7.0001229E+00 -5.4365125E+00
2026 07 23 12 42 30 000 -1.3814931E+01 -7.0049724E+00 -5.4357734E+00
2026 07 23 12 43 00 000 -1.3821506E+01 -7.0098157E+00 -5.4350397E+00
2026 07 23 12 43 30 000 -1.3828076E+01 -7.0146527E+00 -5.4343113E+00
2026 07 23 12 44 00 000 -1.3834642E+01 -7.0194837E+00 -5.4335883E+00
2026 07 23 12 44 30 000 -1.3841204E+01 -7.0243084E+00 -5.4328707E+00
2026 07 23 12 45 00 000 -1.3847762E+01 -7.0291270E+00 -5.4321585E+00
2026 07 23 12 45 30 000 -1.3854315E+01 -7.0339394E+00 -5.4314517E+00
2026 07 23 12 46 00 000 -1.3860864E+01 -7.0387456E+00 -5.4307504E+00
2026 07 23 12 46 30 000 -1.3867409E+01 -7.0435457E+00 -5.4300545E+00
2026 07 23 12 47 00 000 -1.3873949E+01 -7.0483397E+00 -5.4293640E+00
2026 07 23 12 47 30 000 -1.3880486E+01 -7.0531275E+00 -5.4286790E+00
2026 07 23 12 48 00 000 -1.3887018E+01 -7.0579092E+00 -5.4279995E+00
2026 07 23 12 48 30 000 -1.3893546E+01 -7.0626848E+00 -5.4273255E+00
2026 07 23 12 49 00 000 -1.3900070E+01 -7.0674542E+00 -5.4266569E+00
2026 07 23 12 49 30 000 -1.3906589E+01 -7.0722175E+00 -5.4259938E+00
2026 07 23 12 50 00 000 -1.3913104E+01 -7.0769747E+00 -5.4253363E+00
2026 07 23 12 50 30 000 -1.3919615E+01 -7.0817258E+00 -5.4246842E+00
2026 07 23 12 51 00 000 -1.3926122E+01 -7.0864709E+00 -5.4240377E+00
2026 07 23 12 51 30 000 -1.3932625E+01 -7.0912098E+00 -5.4233968E+00
2026 07 23 12 52 00 000 -1.3939123E+01 -7.0959426E+00 -5.4227613E+00
2026 07 23 12 52 30 000 -1.3945618E+01 -7.1006693E+00 -5.4221315E+00
2026 07 23 12 53 00 000 -1.3952108E+01 -7.1053900E+00 -5.4215072E+00
2026 07 23 12 53 30 000 -1.3958594E+01 -7.1101046E+00 -5.4208884E+00
2026 07 23 12 54 00 000 -1.3965075E+01 -7.1148131E+00 -5.4202753E+00
2026 07 23 12 54 30 000 -1.3971553E+01 -7.1195155E+00 -5.4196677E+00
2026 07 23 12 55 00 000 -1.3978026E+01 -7.1242120E+00 -5.4190658E+00
2026 07 23 12 55 30 000 -1.3984495E+01 -7.1289023E+00 -5.4184695E+00
2026 07 23 12 56 00 000 -1.3990960E+01 -7.1335866E+00 -5.4178787E+00
2026 07 23 12 56 30 000 -1.3997421E+01 -7.1382649E+00 -5.4172936E+00
2026 07 23 12 57 00 000 -1.4003878E+01 -7.1429371E+00 -5.4167142E+00
2026 07 23 12 57 30 000 -1.4010330E+01 -7.1476034E+00 -5.4161404E+00
2026 07 23 12 58 00 000 -1.4016779E+01 -7.1522635E+00 -5.4155722E+00
2026 07 23 12 58 30 000 -1.4023223E+01 -7.1569177E+00 -5.4150098E+00
2026 07 23 12 59 00 000 -1.4029663E+01 -7.1615659E+00 -5.4144530E+00
2026 07 23 12 59 30 000 -1.4036099E+01 -7.1662081E+00 -5.4139019E+00
2026 07 23 13 00 00 000 -1.4042531E+01 -7.1708442E+00 -5.4133564E+00
2026 07 23 13 00 30 000 -1.4048958E+01 -7.1754744E+00 -5.4128167E+00
2026 07 23 13 01 00 000 -1.4055382E+01 -7.1800986E+00 -5.4122827E+00
2026 07 23 13 01 30 000 -1.4061801E+01 -7.1847168E+00 -5.4117544E+00
2026 07 23 13 02 00 000 -1.4068217E+01 -7.1893290E+00 -5.4112318E+00
2026 07 23 13 02 30 000 -1.4074628E+01 -7.1939353E+00 -5.4107149E+00
2026 07 23 13 03 00 000 -1.4081035E+01 -7.1985355E+00 -5.4102038E+00
2026 07 23 13 03 30 000 -1.4087438E+01 -7.2031299E+00 -5.4096985E+00
2026 07 23 13 04 00 000 -1.4093836E+01 -7.2077183E+00 -5.4091989E+00
2026 07 23 13 04 30 000 -1.4100231E+01 -7.2123007E+00 -5.4087050E+00
2026 07 23 13 05 00 000 -1.4106622E+01 -7.2168772E+00 -5.4082170E+00
2026 07 23 13 05 30 000 -1.4113008E+01 -7.2214477E+00 -5.4077347E+00
2026 07 23 13 06 00 000 -1.4119391E+01 -7.2260124E+00 -5.4072582E+00
2026 07 23 13 06 30 000 -1.4125769E+01 -7.2305711E+00 -5.4067875E+00
2026 07 23 13 07 00 000 -1.4132143E+01 -7.2351239E+00 -5.4063226E+00
2026 07 23 13 07 30 000 -1.4138513E+01 -7.2396707E+00 -5.4058635E+00
2026 07 23 13 08 00 000 -1.4144879E+01 -7.2442117E+00 -5.4054103E+00
2026 07 23 13 08 30 000 -1.4151241E+01 -7.2487468E+00 -5.4049628E+00
2026 07 23 13 09 00 000 -1.4157599E+01 -7.2532760E+00 -5.4045212E+00
2026 07 23 13 09 30 000 -1.4163953E+01 -7.2577992E+00 -5.4040855E+00
2026 07 23 13 10 00 000 -1.4170302E+01 -7.2623166E+00 -5.4036556E+00
2026 07 23 13 10 30 000 -1.4176648E+01 -7.2668282E+00 -5.4032315E+00
2026 07 23 13 11 00 000 -1.4182990E+01 -7.2713338E+00 -5.4028133E+00
2026 07 23 13 11 30 000 -1.4189327E+01 -7.2758336E+00 -5.4024010E+00
2026 07 23 13 12 00 000 -1.4195661E+01 -7.2803275E+00 -5.4019945E+00
2026 07 23 13 12 30 000 -1.4201990E+01 -7.2848156E+00 -5.4015939E+00
2026 07 23 13 13 00 000 -1.4208315E+01 -7.2892979E+00 -5.4011993E+00
2026 07 23 13 13 30 000 -1.4214637E+01 -7.2937742E+00 -5.4008105E+00
2026 07 23 13 14 00 000 -1.4220954E+01 -7.2982448E+00 -5.4004276E+00
2026 07 23 13 14 30 000 -1.4227267E+01 -7.3027095E+00 -5.4000506E+00
2026 07 23 13 15 00 000 -1.4233577E+01 -7.3071684E+00 -5.3996796E+00
2026 07 23 13 15 30 000 -1.4239882E+01 -7.3116215E+00 -5.3993144E+00
2026 07 23 13 16 00 000 -1.4246183E+01 -7.3160688E+00 -5.3989552E+00
2026 07 23 13 16 30 000 -1.4252480E+01 -7.3205102E+00 -5.3986020E+00
2026 07 23 13 17 00 000 -1.4258773E+01 -7.3249459E+00 -5.3982547E+00
2026 07 23 13 17 30 000 -1.4265062E+01 -7.3293758E+00 -5.3979133E+00
2026 07 23 13 18 00 000 -1.4271347E+01 -7.3337999E+00 -5.3975779E+00
2026 07 23 13 18 30 000 -1.4277628E+01 -7.3382181E+00 -5.3972484E+00
2026 07 23 13 19 00 000 -1.4283905E+01 -7.3426307E+00 -5.3969249E+00
2026 07 23 13 19 30 000 -1.4290178E+01 -7.3470374E+00 -5.3966074E+00
2026 07 23 13 20 00 000 -1.4296447E+01 -7.3514384E+00 -5.3962958E+00
2026 07 23 13 20 30 000 -1.4302712E+01 -7.3558337E+00 -5.3959903E+00
2026 07 23 13 21 00 000 -1.4308973E+01 -7.3602231E+00 -5.3956907E+00
2026 07 23 13 21 30 000 -1.4315230E+01 -7.3646069E+00 -5.3953971E+00
2026 07 23 13 22 00 000 -1.4321483E+01 -7.3689849E+00 -5.3951095E+00
2026 07 23 13 22 30 000 -1.4327732E+01 -7.3733571E+00 -5.3948280E+00
2026 07 23 13 23 00 000 -1.4333977E+01 -7.3777237E+00 -5.3945524E+00
2026 07 23 13 23 30 000 -1.4340219E+01 -7.3820845E+00 -5.3942828E+00
2026 07 23 13 24 00 000 -1.4346456E+01 -7.3864396E+00 -5.3940193E+00
2026 07 23 13 24 30 000 -1.4352689E+01 -7.3907890E+00 -5.3937618E+00
2026 07 23 13 25 00 000 -1.4358918E+01 -7.3951326E+00 -5.3935103E+00
2026 07 23 13 25 30 000 -1.4365143E+01 -7.3994706E+00 -5.3932649E+00
2026 07 23 13 26 00 000 -1.4371364E+01 -7.4038029E+00 -5.3930255E+00
2026 07 23 13 26 30 000 -1.4377582E+01 -7.4081295E+00 -5.3927922E+00
2026 07 23 13 27 00 000 -1.4383795E+01 -7.4124505E+00 -5.3925649E+00
2026 07 23 13 27 30 000 -1.4390004E+01 -7.4167657E+00 -5.3923437E+00
2026 07 23 13 28 00 000 -1.4396210E+01 -7.4210753E+00 -5.3921285E+00
2026 07 23 13 28 30 000 -1.4402411E+01 -7.4253793E+00 -5.3919194E+00
2026 07 23 13 29 00 000 -1.4408609E+01 -7.4296775E+00 -5.3917164E+00
2026 07 23 13 29 30 000 -1.4414802E+01 -7.4339702E+00 -5.3915194E+00
2026 07 23 13 30 00 000 -1.4420992E+01 -7.4382572E+00 -5.3913285E+00
2026 07 23 13 30 30 000 -1.4427178E+01 -7.4425385E+00 -5.3911437E+00
2026 07 23 13 31 00 000 -1.4433359E+01 -7.4468142E+00 -5.3909650E+00
2026 07 23 13 31 30 000 -1.4439537E+01 -7.4510843E+00 -5.3907924E+00
2026 07 23 13 32 00 000 -1.4445711E+01 -7.4553488E+00 -5.3906259E+00
2026 07 23 13 32 30 000 -1.4451881E+01 -7.4596077E+00 -5.3904655E+00
2026 07 23 13 33 00 000 -1.4458047E+01 -7.4638610E+00 -5.3903112E+00
2026 07 23 13 33 30 000 -1.4464209E+01 -7.4681087E+00 -5.3901630E+00
2026 07 23 13 34 00 000 -1.4470368E+01 -7.4723507E+00 -5.3900209E+00
2026 07 23 13 34 30 000 -1.4476522E+01 -7.4765872E+00 -5.3898849E+00
2026 07 23 13 35 00 000 -1.4482672E+01 -7.4808181E+00 -5.3897550E+00
2026 07 23 13 35 30 000 -1.4488819E+01 -7.4850435E+00 -5.3896313E+00
2026 07 23 13 36 00 000 -1.4494962E+01 -7.4892633E+00 -5.3895137E+00
2026 07 23 13 36 30 000 -1.4501100E+01 -7.4934775E+00 -5.3894022E+00
2026 07 23 13 37 00 000 -1.4507235E+01 -7.4976861E+00 -5.3892969E+00
2026 07 23 13 37 30 000 -1.4513366E+01 -7.5018893E+00 -5.3891977E+00
2026 07 23 13 38 00 000 -1.4519493E+01 -7.5060868E+00 -5.3891046E+00
2026 07 23 13 38 30 000 -1.4525616E+01 -7.5102789E+00 -5.3890177E+00
2026 07 23 13 39 00 000 -1.4531736E+01 -7.5144654E+00 -5.3889369E+00
2026 07 23 13 39 30 000 -1.4537851E+01 -7.5186464E+00 -5.3888623E+00
2026 07 23 13 40 00 000 -1.4543963E+01 -7.5228218E+00 -5.3887938E+00
2026 07 23 13 40 30 000 -1.4550070E+01 -7.5269918E+00 -5.3887315E+00
2026 07 23 13 41 00 000 -1.4556174E+01 -7.5311563E+00 -5.3886754E+00
2026 07 23 13 41 30 000 -1.4562274E+01 -7.5353152E+00 -5.3886254E+00
2026 07 23 13 42 00 000 -1.4568370E+01 -7.5394687E+00 -5.3885816E+00
2026 07 23 13 42 30 000 -1.4574462E+01 -7.5436167E+00 -5.3885439E+00
2026 07 23 13 43 00 000 -1.4580551E+01 -7.5477592E+00 -5.3885124E+00
2026 07 23 13 43 30 000 -1.4586635E+01 -7.5518962E+00 -5.3884871E+00
2026 07 23 13 44 00 000 -1.4592716E+01 -7.5560278E+00 -5.3884679E+00
2026 07 23 13 44 30 000 -1.4598793E+01 -7.5601539E+00 -5.3884550E+00
2026 07 23 13 45 00 000 -1.4604865E+01 -7.5642746E+00 -5.3884482E+00
2026 07 23 13 45 30 000 -1.4610935E+01 -7.5683899E+00 -5.3884476E+00
2026 07 23 13 46 00 000 -1.4617000E+01 -7.5724996E+00 -5.3884532E+00
2026 07 23 13 46 30 000 -1.4623061E+01 -7.5766040E+00 -5.3884649E+00
2026 07 23 13 47 00 000 -1.4629119E+01 -7.5807029E+00 -5.3884829E+00
2026 07 23 13 47 30 000 -1.4635173E+01 -7.5847964E+00 -5.3885070E+00
2026 07 23 13 48 00 000 -1.4641223E+01 -7.5888845E+00 -5.3885373E+00
2026 07 23 13 48 30 000 -1.4647269E+01 -7.5929672E+00 -5.3885739E+00
2026 07 23 13 49 00 000 -1.4653311E+01 -7.5970445E+00 -5.3886166E+00
2026 07 23 13 49 30 000 -1.4659350E+01 -7.6011164E+00 -5.3886655E+00
2026 07 23 13 50 00 000 -1.4665384E+01 -7.6051829E+00 -5.3887206E+00
2026 07 23 13 50 30 000 -1.4671415E+01 -7.6092440E+00 -5.3887819E+00
2026 07 23 13 51 00 000 -1.4677442E+01 -7.6132998E+00 -5.3888494E+00
2026 07 23 13 51 30 000 -1.4683465E+01 -7.6173502E+00 -5.3889231E+00
2026 07 23 13 52 00 000 -1.4689485E+01 -7.6213952E+00 -5.3890030E+00
2026 07 23 13 52 30 000 -1.4695501E+01 -7.6254349E+00 -5.3890892E+00
2026 07 23 13 53 00 000 -1.4701512E+01 -7.6294692E+00 -5.3891815E+00
2026 07 23 13 53 30 000 -1.4707520E+01 -7.6334982E+00 -5.3892800E+00
2026 07 23 13 54 00 000 -1.4713525E+01 -7.6375219E+00 -5.3893847E+00
2026 07 23 13 54 30 000 -1.4719525E+01 -7.6415402E+00 -5.3894957E+00
2026 07 23 13 55 00 000 -1.4725522E+01 -7.6455532E+00 -5.3896128E+00
2026 07 23 13 55 30 000 -1.4731515E+01 -7.6495609E+00 -5.3897362E+00
2026 07 23 13 56 00 000 -1.4737504E+01 -7.6535633E+00 -5.3898658E+00
2026 07 23 13 56 30 000 -1.4743489E+01 -7.6575604E+00 -5.3900016E+00
2026 07 23 13 57 00 000 -1.4749471E+01 -7.6615522E+00 -5.3901436E+00
2026 07 23 13 57 30 000 -1.4755449E+01 -7.6655387E+00 -5.3902918E+00
2026 07 23 13 58 00 000 -1.4761423E+01 -7.6695200E+00 -5.3904462E+00
2026 07 23 13 58 30 000 -1.4767393E+01 -7.6734959E+00 -5.3906068E+00
2026 07 23 13 59 00 000 -1.4773360E+01 -7.6774666E+00 -5.3907737E+00
2026 07 23 13 59 30 000 -1.4779322E+01 -7.6814321E+00 -5.3909467E+00
2026 07 23 14 00 00 000 -1.4785281E+01 -7.6853922E+00 -5.3911260E+00
2026 07 23 14 00 30 000 -1.4791237E+01 -7.6893472E+00 -5.3913115E+00
2026 07 23 14 01 00 000 -1.4797188E+01 -7.6932969E+00 -5.3915032E+00
2026 07 23 14 01 30 000 -1.4803136E+01 -7.6972413E+00 -5.3917011E+00
2026 07 23 14 02 00 000 -1.4809080E+01 -7.7011806E+00 -5.3919052E+00
2026 07 23 14 02 30 000 -1.4815020E+01 -7.7051146E+00 -5.3921156E+00
2026 07 23 14 03 00 000 -1.4820957E+01 -7.7090434E+00 -5.3923321E+00
2026 07 23 14 03 30 000 -1.4826890E+01 -7.7129671E+00 -5.3925549E+00
2026 07 23 14 04 00 000 -1.4832819E+01 -7.7168855E+00 -5.3927838E+00
2026 07 23 14 04 30 000 -1.4838744E+01 -7.7207987E+00 -5.3930190E+00
2026 07 23 14 05 00 000 -1.4844666E+01 -7.7247067E+00 -5.3932604E+00
2026 07 23 14 05 30 000 -1.4850584E+01 -7.7286096E+00 -5.3935080E+00
2026 07 23 14 06 00 000 -1.4856498E+01 -7.7325073E+00 -5.3937618E+00
2026 07 23 14 06 30 000 -1.4862408E+01 -7.7363998E+00 -5.3940218E+00
2026 07 23 14 07 00 000 -1.4868315E+01 -7.7402872E+00 -5.3942881E+00
2026 07 23 14 07 30 000 -1.4874218E+01 -7.7441694E+00 -5.3945605E+00
2026 07 23 14 08 00 000 -1.4880117E+01 -7.7480465E+00 -5.3948391E+00
2026 07 23 14 08 30 000 -1.4886013E+01 -7.7519184E+00 -5.3951239E+00
2026 07 23 14 09 00 000 -1.4891905E+01 -7.7557853E+00 -5.3954150E+00
2026 07 23 14 09 30 000 -1.4897793E+01 -7.7596470E+00 -5.3957122E+00
2026 07 23 14 10 00 000 -1.4903678E+01 -7.7635035E+00 -5.3960156E+00
2026 07 23 14 10 30 000 -1.4909559E+01 -7.7673550E+00 -5.3963253E+00
2026 07 23 14 11 00 000 -1.4915436E+01 -7.7712014E+00 -5.3966411E+00
2026 07 23 14 11 30 000 -1.4921309E+01 -7.7750427E+00 -5.3969631E+00
2026 07 23 14 12 00 000 -1.4927179E+01 -7.7788789E+00 -5.3972913E+00
2026 07 23 14 12 30 000 -1.4933045E+01 -7.7827100E+00 -5.3976257E+00
2026 07 23 14 13 00 000 -1.4938907E+01 -7.7865360E+00 -5.3979663E+00
2026 07 23 14 13 30 000 -1.4944766E+01 -7.7903570E+00 -5.3983131E+00
2026 07 23 14 14 00 000 -1.4950621E+01 -7.7941730E+00 -5.3986661E+00
2026 07 23 14 14 30 000 -1.4956473E+01 -7.7979838E+00 -5.3990252E+00
2026 07 23 14 15 00 000 -1.4962320E+01 -7.8017897E+00 -5.3993905E+00
2026 07 23 14 15 30 000 -1.4968164E+01 -7.8055905E+00 -5.3997621E+00
2026 07 23 14 16 00 000 -1.4974005E+01 -7.8093862E+00 -5.4001397E+00
2026 07 23 14 16 30 000 -1.4979841E+01 -7.8131770E+00 -5.4005236E+00
2026 07 23 14 17 00 000 -1.4985674E+01 -7.8169627E+00 -5.4009136E+00
2026 07 23 14 17 30 000 -1.4991504E+01 -7.8207434E+00 -5.4013098E+00
2026 07 23 14 18 00 000 -1.4997330E+01 -7.8245192E+00 -5.4017122E+00
2026 07 23 14 18 30 000 -1.5003152E+01 -7.8282899E+00 -5.4021207E+00
2026 07 23 14 19 00 000 -1.5008970E+01 -7.8320557E+00 -5.4025354E+00
2026 07 23 14 19 30 000 -1.5014785E+01 -7.8358164E+00 -5.4029562E+00
2026 07 23 14 20 00 000 -1.5020596E+01 -7.8395722E+00 -5.4033832E+00
2026 07 23 14 20 30 000 -1.5026404E+01 -7.8433231E+00 -5.4038163E+00
2026 07 23 14 21 00 000 -1.5032207E+01 -7.8470689E+00 -5.4042556E+00
2026 07 23 14 21 30 000 -1.5038008E+01 -7.8508099E+00 -5.4047011E+00
2026 07 23 14 22 00 000 -1.5043804E+01 -7.8545459E+00 -5.4051526E+00
2026 07 23 14 22 30 000 -1.5049597E+01 -7.8582769E+00 -5.4056104E+00
2026 07 23 14 23 00 000 -1.5055387E+01 -7.8620031E+00 -5.4060742E+00
2026 07 23 14 23 30 000 -1.5061172E+01 -7.8657243E+00 -5.4065442E+00
2026 07 23 14 24 00 000 -1.5066954E+01 -7.8694406E+00 -5.4070203E+00
2026 07 23 14 24 30 000 -1.5072733E+01 -7.8731520E+00 -5.4075025E+00
2026 07 23 14 25 00 000 -1.5078508E+01 -7.8768585E+00 -5.4079909E+00
2026 07 23 14 25 30 000 -1.5084279E+01 -7.8805601E+00 -5.4084854E+00
2026 07 23 14 26 00 000 -1.5090047E+01 -7.8842568E+00 -5.4089859E+00
2026 07 23 14 26 30 000 -1.5095811E+01 -7.8879486E+00 -5.4094926E+00
2026 07 23 14 27 00 000 -1.5101571E+01 -7.8916356E+00 -5.4100054E+00
2026 07 23 14 27 30 000 -1.5107328E+01 -7.8953178E+00 -5.4105243E+00
2026 07 23 14 28 00 000 -1.5113081E+01 -7.8989950E+00 -5.4110493E+00
2026 07 23 14 28 30 000 -1.5118831E+01 -7.9026675E+00 -5.4115804E+00
2026 07 23 14 29 00 000 -1.5124577E+01 -7.9063351E+00 -5.4121176E+00
2026 07 23 14 29 30 000 -1.5130320E+01 -7.9099978E+00 -5.4126609E+00
2026 07 23 14 30 00 000 -1.5136059E+01 -7.9136558E+00 -5.4132102E+00
2026 07 23 14 30 30 000 -1.5141794E+01 -7.9173089E+00 -5.4137657E+00
2026 07 23 14 31 00 000 -1.5147526E+01 -7.9209572E+00 -5.4143272E+00
2026 07 23 14 31 30 000 -1.5153254E+01 -7.9246007E+00 -5.4148947E+00
2026 07 23 14 32 00 000 -1.5158978E+01 -7.9282395E+00 -5.4154684E+00
2026 07 23 14 32 30 000 -1.5164699E+01 -7.9318734E+00 -5.4160480E+00
2026 07 23 14 33 00 000 -1.5170417E+01 -7.9355026E+00 -5.4166338E+00
2026 07 23 14 33 30 000 -1.5176130E+01 -7.9391270E+00 -5.4172256E+00
2026 07 23 14 34 00 000 -1.5181841E+01 -7.9427466E+00 -5.4178234E+00
2026 07 23 14 34 30 000 -1.5187547E+01 -7.9463615E+00 -5.4184272E+00
2026 07 23 14 35 00 000 -1.5193251E+01 -7.9499717E+00 -5.4190371E+00
2026 07 23 14 35 30 000 -1.5198950E+01 -7.9535771E+00 -5.4196531E+00
2026 07 23 14 36 00 000 -1.5204646E+01 -7.9571778E+00 -5.4202750E+00
2026 07 23 14 36 30 000 -1.5210339E+01 -7.9607737E+00 -5.4209030E+00
2026 07 23 14 37 00 000 -1.5216028E+01 -7.9643650E+00 -5.4215369E+00
2026 07 23 14 37 30 000 -1.5221713E+01 -7.9679515E+00 -5.4221769E+00
2026 07 23 14 38 00 000 -1.5227395E+01 -7.9715333E+00 -5.4228229E+00
2026 07 23 14 38 30 000 -1.5233073E+01 -7.9751105E+00 -5.4234748E+00
2026 07 23 14 39 00 000 -1.5238748E+01 -7.9786830E+00 -5.4241328E+00
2026 07 23 14 39 30 000 -1.5244419E+01 -7.9822507E+00 -5.4247967E+00
2026 07 23 14 40 00 000 -1.5250087E+01 -7.9858139E+00 -5.4254666E+00
2026 07 23 14 40 30 000 -1.5255751E+01 -7.9893723E+00 -5.4261425E+00
2026 07 23 14 41 00 000 -1.5261411E+01 -7.9929261E+00 -5.4268244E+00
2026 07 23 14 41 30 000 -1.5267069E+01 -7.9964753E+00 -5.4275122E+00
2026 07 23 14 42 00 000 -1.5272722E+01 -8.0000198E+00 -5.4282059E+00
2026 07 23 14 42 30 000 -1.5278372E+01 -8.0035598E+00 -5.4289056E+00
2026 07 23 14 43 00 000 -1.5284019E+01 -8.0070950E+00 -5.4296113E+00
2026 07 23 14 43 30 000 -1.5289662E+01 -8.0106257E+00 -5.4303229E+00
2026 07 23 14 44 00 000 -1.5295301E+01 -8.0141518E+00 -5.4310404E+00
2026 07 23 14 44 30 000 -1.5300937E+01 -8.0176733E+00 -5.4317638E+00
2026 07 23 14 45 00 000 -1.5306570E+01 -8.0211902E+00 -5.4324931E+00
2026 07 23 14 45 30 000 -1.5312198E+01 -8.0247025E+00 -5.4332284E+00
2026 07 23 14 46 00 000 -1.5317824E+01 -8.0282102E+00 -5.4339695E+00
2026 07 23 14 46 30 000 -1.5323446E+01 -8.0317134E+00 -5.4347166E+00
2026 07 23 14 47 00 000 -1.5329064E+01 -8.0352120E+00 -5.4354695E+00
2026 07 23 14 47 30 000 -1.5334679E+01 -8.0387061E+00 -5.4362283E+00
2026 07 23 14 48 00 000 -1.5340291E+01 -8.0421957E+00 -5.4369930E+00
2026 07 23 14 48 30 000 -1.5345899E+01 -8.0456807E+00 -5.4377635E+00
2026 07 23 14 49 00 000 -1.5351503E+01 -8.0491612E+00 -5.4385399E+00
2026 07 23 14 49 30 000 -1.5357104E+01 -8.0526371E+00 -5.4393221E+00
2026 07 23 14 50 00 000 -1.5362702E+01 -8.0561086E+00 -5.4401102E+00
2026 07 23 14 50 30 000 -1.5368296E+01 -8.0595756E+00 -5.4409041E+00
2026 07 23 14 51 00 000 -1.5373886E+01 -8.0630381E+00 -5.4417039E+00
2026 07 23 14 51 30 000 -1.5379473E+01 -8.0664961E+00 -5.4425095E+00
2026 07 23 14 52 00 000 -1.5385057E+01 -8.0699496E+00 -5.4433208E+00
2026 07 23 14 52 30 000 -1.5390637E+01 -8.0733987E+00 -5.4441380E+00
2026 07 23 14 53 00 000 -1.5396213E+01 -8.0768433E+00 -5.4449610E+00
2026 07 23 14 53 30 000 -1.5401787E+01 -8.0802834E+00 -5.4457898E+00
2026 07 23 14 54 00 000 -1.5407356E+01 -8.0837192E+00 -5.4466243E+00
2026 07 23 14 54 30 000 -1.5412923E+01 -8.0871505E+00 -5.4474647E+00
2026 07 23 14 55 00 000 -1.5418485E+01 -8.0905773E+00 -5.4483108E+00
2026 07 23 14 55 30 000 -1.5424045E+01 -8.0939998E+00 -5.4491626E+00
2026 07 23 14 56 00 000 -1.5429600E+01 -8.0974179E+00 -5.4500202E+00
2026 07 23 14 56 30 000 -1.5435153E+01 -8.1008315E+00 -5.4508835E+00
2026 07 23 14 57 00 000 -1.5440702E+01 -8.1042408E+00 -5.4517526E+00
2026 07 23 14 57 30 000 -1.5446247E+01 -8.1076457E+00 -5.4526274E+00
2026 07 23 14 58 00 000 -1.5451789E+01 -8.1110462E+00 -5.4535079E+00
2026 07 23 14 58 30 000 -1.5457328E+01 -8.1144423E+00 -5.4543941E+00
2026 07 23 14 59 00 000 -1.5462863E+01 -8.1178341E+00 -5.4552861E+00
2026 07 23 14 59 30 000 -1.5468395E+01 -8.1212216E+00 -5.4561837E+00
2026 07 23 15 00 00 000 -1.5473923E+01 -8.1246047E+00 -5.4570870E+00
2026 07 23 15 00 30 000 -1.5479448E+01 -8.1279835E+00 -5.4579959E+00
2026 07 23 15 01 00 000 -1.5484970E+01 -8.1313580E+00 -5.4589105E+00
2026 07 23 15 01 30 000 -1.5490488E+01 -8.1347281E+00 -5.4598308E+00
2026 07 23 15 02 00 000 -1.5496002E+01 -8.1380940E+00 -5.4607567E+00
2026 07 23 15 02 30 000 -1.5501513E+01 -8.1414555E+00 -5.4616882E+00
2026 07 23 15 03 00 000 -1.5507021E+01 -8.1448128E+00 -5.4626254E+00
2026 07 23 15 03 30 000 -1.5512525E+01 -8.1481658E+00 -5.4635682E+00
2026 07 23 15 04 00 000 -1.5518026E+01 -8.1515145E+00 -5.4645166E+00
2026 07 23 15 04 30 000 -1.5523524E+01 -8.1548590E+00 -5.4654706E+00
2026 07 23 15 05 00 000 -1.5529018E+01 -8.1581992E+00 -5.4664302E+00
2026 07 23 15 05 30 000 -1.5534509E+01 -8.1615352E+00 -5.4673953E+00
2026 07 23 15 06 00 000 -1.5539996E+01 -8.1648669E+00 -5.4683661E+00
2026 07 23 15 06 30 000 -1.5545480E+01 -8.1681945E+00 -5.4693423E+00
2026 07 23 15 07 00 000 -1.5550960E+01 -8.1715178E+00 -5.4703242E+00
2026 07 23 15 07 30 000 -1.5556437E+01 -8.1748369E+00 -5.4713116E+00
2026 07 23 15 08 00 000 -1.5561911E+01 -8.1781518E+00 -5.4723045E+00
2026 07 23 15 08 30 000 -1.5567381E+01 -8.1814625E+00 -5.4733029E+00
2026 07 23 15 09 00 000 -1.5572848E+01 -8.1847690E+00 -5.4743068E+00
2026 07 23 15 09 30 000 -1.5578311E+01 -8.1880714E+00 -5.4753162E+00
2026 07 23 15 10 00 000 -1.5583772E+01 -8.1913696E+00 -5.4763312E+00
2026 07 23 15 10 30 000 -1.5589228E+01 -8.1946636E+00 -5.4773516E+00
2026 07 23 15 11 00 000 -1.5594682E+01 -8.1979535E+00 -5.4783774E+00
2026 07 23 15 11 30 000 -1.5600132E+01 -8.2012393E+00 -5.4794088E+00
2026 07 23 15 12 00 000 -1.5605578E+01 -8.2045210E+00 -5.4804455E+00
2026 07 23 15 12 30 000 -1.5611021E+01 -8.2077985E+00 -5.4814877E+00
2026 07 23 15 13 00 000 -1.5616461E+01 -8.2110719E+00 -5.4825354E+00
2026 07 23 15 13 30 000 -1.5621898E+01 -8.2143412E+00 -5.4835884E+00
2026 07 23 15 14 00 000 -1.5627331E+01 -8.2176065E+00 -5.4846469E+00
2026 07 23 15 14 30 000 -1.5632760E+01 -8.2208676E+00 -5.4857107E+00
2026 07 23 15 15 00 000 -1.5638187E+01 -8.2241247E+00 -5.4867799E+00
2026 07 23 15 15 30 000 -1.5643610E+01 -8.2273777E+00 -5.4878545E+00
2026 07 23 15 16 00 000 -1.5649029E+01 -8.2306267E+00 -5.4889345E+00
2026 07 23 15 16 30 000 -1.5654446E+01 -8.2338716E+00 -5.4900198E+00
2026 07 23 15 17 00 000 -1.5659858E+01 -8.2371125E+00 -5.4911104E+00
2026 07 23 15 17 30 000 -1.5665268E+01 -8.2403494E+00 -5.4922064E+00
2026 07 23 15 18 00 000 -1.5670674E+01 -8.2435822E+00 -5.4933077E+00
2026 07 23 15 18 30 000 -1.5676077E+01 -8.2468111E+00 -5.4944143E+00
2026 07 23 15 19 00 000 -1.5681477E+01 -8.2500359E+00 -5.4955261E+00
2026 07 23 15 19 30 000 -1.5686873E+01 -8.2532568E+00 -5.4966433E+00
2026 07 23 15 20 00 000 -1.5692266E+01 -8.2564737E+00 -5.4977657E+00
2026 07 23 15 20 30 000 -1.5697655E+01 -8.2596866E+00 -5.4988934E+00
2026 07 23 15 21 00 000 -1.5703041E+01 -8.2628955E+00 -5.5000264E+00
2026 07 23 15 21 30 000 -1.5708424E+01 -8.2661005E+00 -5.5011645E+00
2026 07 23 15 22 00 000 -1.5713804E+01 -8.2693016E+00 -5.5023079E+00
2026 07 23 15 22 30 000 -1.5719180E+01 -8.2724987E+00 -5.5034565E+00
2026 07 23 15 23 00 000 -1.5724552E+01 -8.2756919E+00 -5.5046103E+00
2026 07 23 15 23 30 000 -1.5729922E+01 -8.2788812E+00 -5.5057693E+00
2026 07 23 15 24 00 000 -1.5735288E+01 -8.2820666E+00 -5.5069334E+00
2026 07 23 15 24 30 000 -1.5740651E+01 -8.2852482E+00 -5.5081028E+00
2026 07 23 15 25 00 000 -1.5746011E+01 -8.2884258E+00 -5.5092772E+00
2026 07 23 15 25 30 000 -1.5751367E+01 -8.2915995E+00 -5.5104568E+00
2026 07 23 15 26 00 000 -1.5756720E+01 -8.2947694E+00 -5.5116416E+00
2026 07 23 15 26 30 000 -1.5762069E+01 -8.2979354E+00 -5.5128314E+00
2026 07 23 15 27 00 000 -1.5767416E+01 -8.3010976E+00 -5.5140264E+00
2026 07 23 15 27 30 000 -1.5772759E+01 -8.3042560E+00 -5.5152264E+00
2026 07 23 15 28 00 000 -1.5778098E+01 -8.3074105E+00 -5.5164315E+00
2026 07 23 15 28 30 000 -1.5783435E+01 -8.3105612E+00 -5.5176416E+00
2026 07 23 15 29 00 000 -1.5788768E+01 -8.3137081E+00 -5.5188568E+00
2026 07 23 15 29 30 000 -1.5794097E+01 -8.3168512E+00 -5.5200771E+00
2026 07 23 15 30 00 000 -1.5799424E+01 -8.3199905E+00 -5.5213024E+00
2026 07 23 15 30 30 000 -1.5804747E+01 -8.3231261E+00 -5.5225326E+00
2026 07 23 15 31 00 000 -1.5810067E+01 -8.3262579E+00 -5.5237679E+00
2026 07 23 15 31 30 000 -1.5815384E+01 -8.3293859E+00 -5.5250082E+00
2026 07 23 15 32 00 000 -1.5820697E+01 -8.3325102E+00 -5.5262534E+00
2026 07 23 15 32 30 000 -1.5826007E+01 -8.3356307E+00 -5.5275036E+00
2026 07 23 15 33 00 000 -1.5831314E+01 -8.3387475E+00 -5.5287587E+00
2026 07 23 15 33 30 000 -1.5836617E+01 -8.3418606E+00 -5.5300188E+00
2026 07 23 15 34 00 000 -1.5841917E+01 -8.3449700E+00 -5.5312837E+00
2026 07 23 15 34 30 000 -1.5847214E+01 -8.3480757E+00 -5.5325536E+00
2026 07 23 15 35 00 000 -1.5852508E+01 -8.3511777E+00 -5.5338284E+00
2026 07 23 15 35 30 000 -1.5857798E+01 -8.3542760E+00 -5.5351080E+00
2026 07 23 15 36 00 000 -1.5863085E+01 -8.3573707E+00 -5.5363925E+00
2026 07 23 15 36 30 000 -1.5868369E+01 -8.3604617E+00 -5.5376819E+00
2026 07 23 15 37 00 000 -1.5873650E+01 -8.3635491E+00 -5.5389761E+00
2026 07 23 15 37 30 000 -1.5878927E+01 -8.3666328E+00 -5.5402751E+00
2026 07 23 15 38 00 000 -1.5884201E+01 -8.3697129E+00 -5.5415789E+00
2026 07 23 15 38 30 000 -1.5889472E+01 -8.3727893E+00 -5.5428875E+00
2026 07 23 15 39 00 000 -1.5894739E+01 -8.3758622E+00 -5.5442009E+00
2026 07 23 15 39 30 000 -1.5900003E+01 -8.3789315E+00 -5.5455190E+00
2026 07 23 15 40 00 000 -1.5905264E+01 -8.3819972E+00 -5.5468419E+00
2026 07 23 15 40 30 000 -1.5910522E+01 -8.3850593E+00 -5.5481696E+00
2026 07 23 15 41 00 000 -1.5915777E+01 -8.3881178E+00 -5.5495019E+00
2026 07 23 15 41 30 000 -1.5921028E+01 -8.3911728E+00 -5.5508390E+00
2026 07 23 15 42 00 000 -1.5926276E+01 -8.3942243E+00 -5.5521808E+00
2026 07 23 15 42 30 000 -1.5931521E+01 -8.3972722E+00 -5.5535272E+00
2026 07 23 15 43 00 000 -1.5936762E+01 -8.4003166E+00 -5.5548783E+00
2026 07 23 15 43 30 000 -1.5942001E+01 -8.4033575E+00 -5.5562340E+00
2026 07 23 15 44 00 000 -1.5947236E+01 -8.4063948E+00 -5.5575944E+00
2026 07 23 15 44 30 000 -1.5952467E+01 -8.4094287E+00 -5.5589594E+00
2026 07 23 15 45 00 000 -1.5957696E+01 -8.4124591E+00 -5.5603291E+00
2026 07 23 15 45 30 000 -1.5962921E+01 -8.4154860E+00 -5.5617033E+00
2026 07 23 15 46 00 000 -1.5968144E+01 -8.4185095E+00 -5.5630820E+00
2026 07 23 15 46 30 000 -1.5973363E+01 -8.4215295E+00 -5.5644654E+00
2026 07 23 15 47 00 000 -1.5978578E+01 -8.4245461E+00 -5.5658533E+00
2026 07 23 15 47 30 000 -1.5983791E+01 -8.4275592E+00 -5.5672457E+00
2026 07 23 15 48 00 000 -1.5989000E+01 -8.4305689E+00 -5.5686426E+00
2026 07 23 15 48 30 000 -1.5994206E+01 -8.4335752E+00 -5.5700440E+00
2026 07 23 15 49 00 000 -1.5999409E+01 -8.4365781E+00 -5.5714499E+00
2026 07 23 15 49 30 000 -1.6004608E+01 -8.4395776E+00 -5.5728603E+00
2026 07 23 15 50 00 000 -1.6009805E+01 -8.4425738E+00 -5.5742752E+00
2026 07 23 15 50 30 000 -1.6014998E+01 -8.4455666E+00 -5.5756945E+00
2026 07 23 15 51 00 000 -1.6020188E+01 -8.4485560E+00 -5.5771182E+00
2026 07 23 15 51 30 000 -1.6025375E+01 -8.4515421E+00 -5.5785463E+00
2026 07 23 15 52 00 000 -1.6030558E+01 -8.4545248E+00 -5.5799788E+00
2026 07 23 15 52 30 000 -1.6035739E+01 -8.4575042E+00 -5.5814156E+00
2026 07 23 15 53 00 000 -1.6040916E+01 -8.4604803E+00 -5.5828569E+00
2026 07 23 15 53 30 000 -1.6046090E+01 -8.4634531E+00 -5.5843025E+00
2026 07 23 15 54 00 000 -1.6051261E+01 -8.4664226E+00 -5.5857524E+00
2026 07 23 15 54 30 000 -1.6056429E+01 -8.4693889E+00 -5.5872066E+00
2026 07 23 15 55 00 000 -1.6061593E+01 -8.4723518E+00 -5.5886651E+00
2026 07 23 15 55 30 000 -1.6066754E+01 -8.4753115E+00 -5.5901279E+00
2026 07 23 15 56 00 000 -1.6071912E+01 -8.4782680E+00 -5.5915949E+00
2026 07 23 15 56 30 000 -1.6077067E+01 -8.4812212E+00 -5.5930663E+00
2026 07 23 15 57 00 000 -1.6082219E+01 -8.4841712E+00 -5.5945418E+00
2026 07 23 15 57 30 000 -1.6087367E+01 -8.4871180E+00 -5.5960216E+00
2026 07 23 15 58 00 000 -1.6092513E+01 -8.4900616E+00 -5.5975055E+00
2026 07 23 15 58 30 000 -1.6097655E+01 -8.4930019E+00 -5.5989937E+00
2026 07 23 15 59 00 000 -1.6102794E+01 -8.4959392E+00 -5.6004860E+00
2026 07 23 15 59 30 000 -1.6107930E+01 -8.4988732E+00 -5.6019825E+00
2026 07 23 16 00 00 000 -1.6113062E+01 -8.5018041E+00 -5.6034830E+00
2026 07 23 16 00 30 000 -1.6118192E+01 -8.5047318E+00 -5.6049877E+00
2026 07 23 16 01 00 000 -1.6123318E+01 -8.5076564E+00 -5.6064966E+00
2026 07 23 16 01 30 000 -1.6128441E+01 -8.5105778E+00 -5.6080095E+00
2026 07 23 16 02 00 000 -1.6133561E+01 -8.5134962E+00 -5.6095264E+00
2026 07 23 16 02 30 000 -1.6138678E+01 -8.5164114E+00 -5.6110474E+00
2026 07 23 16 03 00 000 -1.6143792E+01 -8.5193236E+00 -5.6125725E+00
2026 07 23 16 03 30 000 -1.6148902E+01 -8.5222326E+00 -5.6141015E+00
2026 07 23 16 04 00 000 -1.6154010E+01 -8.5251386E+00 -5.6156346E+00
2026 07 23 16 04 30 000 -1.6159114E+01 -8.5280416E+00 -5.6171716E+00
2026 07 23 16 05 00 000 -1.6164215E+01 -8.5309415E+00 -5.6187126E+00
2026 07 23 16 05 30 000 -1.6169313E+01 -8.5338383E+00 -5.6202576E+00
2026 07 23 16 06 00 000 -1.6174408E+01 -8.5367321E+00 -5.6218065E+00
2026 07 23 16 06 30 000 -1.6179500E+01 -8.5396230E+00 -5.6233593E+00
2026 07 23 16 07 00 000 -1.6184588E+01 -8.5425108E+00 -5.6249160E+00
2026 07 23 16 07 30 000 -1.6189674E+01 -8.5453956E+00 -5.6264765E+00
2026 07 23 16 08 00 000 -1.6194756E+01 -8.5482775E+00 -5.6280410E+00
2026 07 23 16 08 30 000 -1.6199835E+01 -8.5511563E+00 -5.6296093E+00
2026 07 23 16 09 00 000 -1.6204911E+01 -8.5540323E+00 -5.6311814E+00
2026 07 23 16 09 30 000 -1.6209984E+01 -8.5569053E+00 -5.6327573E+00
2026 07 23 16 10 00 000 -1.6215054E+01 -8.5597753E+00 -5.6343370E+00
2026 07 23 16 10 30 000 -1.6220120E+01 -8.5626424E+00 -5.6359205E+00
2026 07 23 16 11 00 000 -1.6225184E+01 -8.5655066E+00 -5.6375077E+00
2026 07 23 16 11 30 000 -1.6230244E+01 -8.5683680E+00 -5.6390987E+00
2026 07 23 16 12 00 000 -1.6235301E+01 -8.5712264E+00 -5.6406934E+00
2026 07 23 16 12 30 000 -1.6240355E+01 -8.5740819E+00 -5.6422918E+00
2026 07 23 16 13 00 000 -1.6245406E+01 -8.5769346E+00 -5.6438939E+00
2026 07 23 16 13 30 000 -1.6250454E+01 -8.5797845E+00 -5.6454996E+00
2026 07 23 16 14 00 000 -1.6255499E+01 -8.5826315E+00 -5.6471090E+00
2026 07 23 16 14 30 000 -1.6260541E+01 -8.5854757E+00 -5.6487221E+00
2026 07 23 16 15 00 000 -1.6265579E+01 -8.5883170E+00 -5.6503387E+00
2026 07 23 16 15 30 000 -1.6270615E+01 -8.5911556E+00 -5.6519590E+00
2026 07 23 16 16 00 000 -1.6275647E+01 -8.5939914E+00 -5.6535828E+00
2026 07 23 16 16 30 000 -1.6280676E+01 -8.5968243E+00 -5.6552102E+00
2026 07 23 16 17 00 000 -1.6285702E+01 -8.5996546E+00 -5.6568411E+00
2026 07 23 16 17 30 000 -1.6290726E+01 -8.6024820E+00 -5.6584755E+00
2026 07 23 16 18 00 000 -1.6295745E+01 -8.6053067E+00 -5.6601135E+00
2026 07 23 16 18 30 000 -1.6300762E+01 -8.6081287E+00 -5.6617549E+00
2026 07 23 16 19 00 000 -1.6305776E+01 -8.6109480E+00 -5.6633998E+00
2026 07 23 16 19 30 000 -1.6310787E+01 -8.6137645E+00 -5.6650482E+00
2026 07 23 16 20 00 000 -1.6315794E+01 -8.6165784E+00 -5.6667000E+00
2026 07 23 16 20 30 000 -1.6320799E+01 -8.6193895E+00 -5.6683552E+00
2026 07 23 16 21 00 000 -1.6325800E+01 -8.6221980E+00 -5.6700138E+00
2026 07 23 16 21 30 000 -1.6330799E+01 -8.6250039E+00 -5.6716757E+00
2026 07 23 16 22 00 000 -1.6335794E+01 -8.6278070E+00 -5.6733410E+00
2026 07 23 16 22 30 000 -1.6340786E+01 -8.6306076E+00 -5.6750097E+00
2026 07 23 16 23 00 000 -1.6345775E+01 -8.6334055E+00 -5.6766817E+00
2026 07 23 16 23 30 000 -1.6350761E+01 -8.6362008E+00 -5.6783569E+00
2026 07 23 16 24 00 000 -1.6355744E+01 -8.6389935E+00 -5.6800355E+00
2026 07 23 16 24 30 000 -1.6360724E+01 -8.6417836E+00 -5.6817173E+00
2026 07 23 16 25 00 000 -1.6365701E+01 -8.6445712E+00 -5.6834024E+00
2026 07 23 16 25 30 000 -1.6370675E+01 -8.6473562E+00 -5.6850906E+00
2026 07 23 16 26 00 000 -1.6375645E+01 -8.6501386E+00 -5.6867821E+00
2026 07 23 16 26 30 000 -1.6380613E+01 -8.6529185E+00 -5.6884768E+00
2026 07 23 16 27 00 000 -1.6385578E+01 -8.6556958E+00 -5.6901746E+00
2026 07 23 16 27 30 000 -1.6390539E+01 -8.6584707E+00 -5.6918756E+00
2026 07 23 16 28 00 000 -1.6395498E+01 -8.6612430E+00 -5.6935797E+00
2026 07 23 16 28 30 000 -1.6400453E+01 -8.6640129E+00 -5.6952870E+00
2026 07 23 16 29 00 000 -1.6405405E+01 -8.6667803E+00 -5.6969973E+00
2026 07 23 16 29 30 000 -1.6410355E+01 -8.6695452E+00 -5.6987107E+00
2026 07 23 16 30 00 000 -1.6415301E+01 -8.6723076E+00 -5.7004271E+00
2026 07 23 16 30 30 000 -1.6420244E+01 -8.6750676E+00 -5.7021466E+00
2026 07 23 16 31 00 000 -1.6425184E+01 -8.6778252E+00 -5.7038690E+00
2026 07 23 16 31 30 000 -1.6430121E+01 -8.6805804E+00 -5.7055945E+00
2026 07 23 16 32 00 000 -1.6435055E+01 -8.6833332E+00 -5.7073230E+00
2026 07 23 16 32 30 000 -1.6439986E+01 -8.6860835E+00 -5.7090544E+00
2026 07 23 16 33 00 000 -1.6444914E+01 -8.6888315E+00 -5.7107887E+00
2026 07 23 16 33 30 000 -1.6449839E+01 -8.6915772E+00 -5.7125259E+00
2026 07 23 16 34 00 000 -1.6454761E+01 -8.6943205E+00 -5.7142661E+00
2026 07 23 16 34 30 000 -1.6459680E+01 -8.6970614E+00 -5.7160091E+00
2026 07 23 16 35 00 000 -1.6464596E+01 -8.6998000E+00 -5.7177550E+00
2026 07 23 16 35 30 000 -1.6469509E+01 -8.7025363E+00 -5.7195037E+00
2026 07 23 16 36 00 000 -1.6474419E+01 -8.7052703E+00 -5.7212552E+00
2026 07 23 16 36 30 000 -1.6479325E+01 -8.7080020E+00 -5.7230095E+00
2026 07 23 16 37 00 000 -1.6484229E+01 -8.7107314E+00 -5.7247666E+00
2026 07 23 16 37 30 000 -1.6489130E+01 -8.7134586E+00 -5.7265264E+00
2026 07 23 16 38 00 000 -1.6494027E+01 -8.7161835E+00 -5.7282890E+00
2026 07 23 16 38 30 000 -1.6498922E+01 -8.7189062E+00 -5.7300543E+00
2026 07 23 16 39 00 000 -1.6503814E+01 -8.7216266E+00 -5.7318223E+00
2026 07 23 16 39 30 000 -1.6508702E+01 -8.7243448E+00 -5.7335930E+00
2026 07 23 16 40 00 000 -1.6513588E+01 -8.7270608E+00 -5.7353663E+00
2026 07 23 16 40 30 000 -1.6518471E+01 -8.7297747E+00 -5.7371423E+00
2026 07 23 16 41 00 000 -1.6523350E+01 -8.7324864E+00 -5.7389208E+00
2026 07 23 16 41 30 000 -1.6528227E+01 -8.7351959E+00 -5.7407020E+00
2026 07 23 16 42 00 000 -1.6533101E+01 -8.7379032E+00 -5.7424858E+00
2026 07 23 16 42 30 000 -1.6537971E+01 -8.7406084E+00 -5.7442721E+00
2026 07 23 16 43 00 000 -1.6542839E+01 -8.7433115E+00 -5.7460609E+00
2026 07 23 16 43 30 000 -1.6547703E+01 -8.7460125E+00 -5.7478522E+00
2026 07 23 16 44 00 000 -1.6552565E+01 -8.7487114E+00 -5.7496461E+00
2026 07 23 16 44 30 000 -1.6557424E+01 -8.7514082E+00 -5.7514424E+00
2026 07 23 16 45 00 000 -1.6562279E+01 -8.7541029E+00 -5.7532412E+00
2026 07 23 16 45 30 000 -1.6567132E+01 -8.7567956E+00 -5.7550424E+00
2026 07 23 16 46 00 000 -1.6571981E+01 -8.7594862E+00 -5.7568460E+00
2026 07 23 16 46 30 000 -1.6576828E+01 -8.7621748E+00 -5.7586520E+00
2026 07 23 16 47 00 000 -1.6581672E+01 -8.7648614E+00 -5.7604603E+00
2026 07 23 16 47 30 000 -1.6586512E+01 -8.7675459E+00 -5.7622711E+00
2026 07 23 16 48 00 000 -1.6591350E+01 -8.7702285E+00 -5.7640841E+00
2026 07 23 16 48 30 000 -1.6596185E+01 -8.7729091E+00 -5.7658995E+00
2026 07 23 16 49 00 000 -1.6601016E+01 -8.7755877E+00 -5.7677171E+00
2026 07 23 16 49 30 000 -1.6605845E+01 -8.7782644E+00 -5.7695370E+00
2026 07 23 16 50 00 000 -1.6610671E+01 -8.7809391E+00 -5.7713592E+00
2026 07 23 16 50 30 000 -1.6615494E+01 -8.7836119E+00 -5.7731835E+00
2026 07 23 16 51 00 000 -1.6620314E+01 -8.7862828E+00 -5.7750101E+00
2026 07 23 16 51 30 000 -1.6625130E+01 -8.7889518E+00 -5.7768389E+00
2026 07 23 16 52 00 000 -1.6629944E+01 -8.7916189E+00 -5.7786698E+00
2026 07 23 16 52 30 000 -1.6634755E+01 -8.7942841E+00 -5.7805029E+00
2026 07 23 16 53 00 000 -1.6639563E+01 -8.7969475E+00 -5.7823381E+00
2026 07 23 16 53 30 000 -1.6644368E+01 -8.7996090E+00 -5.7841754E+00
2026 07 23 16 54 00 000 -1.6649170E+01 -8.8022686E+00 -5.7860147E+00
2026 07 23 16 54 30 000 -1.6653969E+01 -8.8049265E+00 -5.7878562E+00
2026 07 23 16 55 00 000 -1.6658765E+01 -8.8075825E+00 -5.7896996E+00
2026 07 23 16 55 30 000 -1.6663559E+01 -8.8102368E+00 -5.7915451E+00
2026 07 23 16 56 00 000 -1.6668349E+01 -8.8128893E+00 -5.7933926E+00
2026 07 23 16 56 30 000 -1.6673136E+01 -8.8155400E+00 -5.7952420E+00
2026 07 23 16 57 00 000 -1.6677920E+01 -8.8181889E+00 -5.7970934E+00
2026 07 23 16 57 30 000 -1.6682702E+01 -8.8208361E+00 -5.7989468E+00
2026 07 23 16 58 00 000 -1.6687480E+01 -8.8234816E+00 -5.8008020E+00
2026 07 23 16 58 30 000 -1.6692255E+01 -8.8261254E+00 -5.8026591E+00
2026 07 23 16 59 00 000 -1.6697028E+01 -8.8287674E+00 -5.8045181E+00
2026 07 23 16 59 30 000 -1.6701798E+01 -8.8314078E+00 -5.8063790E+00
2026 07 23 17 00 00 000 -1.6706564E+01 -8.8340465E+00 -5.8082416E+00
2026 07 23 17 00 30 000 -1.6711328E+01 -8.8366835E+00 -5.8101061E+00
2026 07 23 17 01 00 000 -1.6716089E+01 -8.8393189E+00 -5.8119724E+00
2026 07 23 17 01 30 000 -1.6720846E+01 -8.8419527E+00 -5.8138404E+00
2026 07 23 17 02 00 000 -1.6725601E+01 -8.8445848E+00 -5.8157101E+00
2026 07 23 17 02 30 000 -1.6730353E+01 -8.8472154E+00 -5.8175816E+00
2026 07 23 17 03 00 000 -1.6735102E+01 -8.8498443E+00 -5.8194548E+00
2026 07 23 17 03 30 000 -1.6739848E+01 -8.8524717E+00 -5.8213296E+00
2026 07 23 17 04 00 000 -1.6744592E+01 -8.8550975E+00 -5.8232061E+00
2026 07 23 17 04 30 000 -1.6749332E+01 -8.8577217E+00 -5.8250842E+00
2026 07 23 17 05 00 000 -1.6754069E+01 -8.8603444E+00 -5.8269639E+00
2026 07 23 17 05 30 000 -1.6758803E+01 -8.8629656E+00 -5.8288452E+00
2026 07 23 17 06 00 000 -1.6763535E+01 -8.8655853E+00 -5.8307281E+00
2026 07 23 17 06 30 000 -1.6768263E+01 -8.8682035E+00 -5.8326126E+00
2026 07 23 17 07 00 000 -1.6772989E+01 -8.8708201E+00 -5.8344985E+00
2026 07 23 17 07 30 000 -1.6777712E+01 -8.8734354E+00 -5.8363860E+00
2026 07 23 17 08 00 000 -1.6782432E+01 -8.8760492E+00 -5.8382749E+00
2026 07 23 17 08 30 000 -1.6787149E+01 -8.8786615E+00 -5.8401653E+00
2026 07 23 17 09 00 000 -1.6791863E+01 -8.8812724E+00 -5.8420571E+00
2026 07 23 17 09 30 000 -1.6796574E+01 -8.8838819E+00 -5.8439504E+00
2026 07 23 17 10 00 000 -1.6801282E+01 -8.8864899E+00 -5.8458450E+00
2026 07 23 17 10 30 000 -1.6805987E+01 -8.8890966E+00 -5.8477410E+00
2026 07 23 17 11 00 000 -1.6810689E+01 -8.8917019E+00 -5.8496384E+00
2026 07 23 17 11 30 000 -1.6815389E+01 -8.8943059E+00 -5.8515371E+00
2026 07 23 17 12 00 000 -1.6820085E+01 -8.8969085E+00 -5.8534371E+00
2026 07 23 17 12 30 000 -1.6824779E+01 -8.8995098E+00 -5.8553383E+00
2026 07 23 17 13 00 000 -1.6829470E+01 -8.9021098E+00 -5.8572409E+00
2026 07 23 17 13 30 000 -1.6834158E+01 -8.9047085E+00 -5.8591447E+00
2026 07 23 17 14 00 000 -1.6838843E+01 -8.9073058E+00 -5.8610497E+00
2026 07 23 17 14 30 000 -1.6843525E+01 -8.9099019E+00 -5.8629559E+00
2026 07 23 17 15 00 000 -1.6848204E+01 -8.9124968E+00 -5.8648632E+00
2026 07 23 17 15 30 000 -1.6852880E+01 -8.9150904E+00 -5.8667718E+00
2026 07 23 17 16 00 000 -1.6857554E+01 -8.9176827E+00 -5.8686814E+00
2026 07 23 17 16 30 000 -1.6862224E+01 -8.9202739E+00 -5.8705922E+00
2026 07 23 17 17 00 000 -1.6866892E+01 -8.9228638E+00 -5.8725040E+00
2026 07 23 17 17 30 000 -1.6871557E+01 -8.9254525E+00 -5.8744169E+00
2026 07 23 17 18 00 000 -1.6876219E+01 -8.9280401E+00 -5.8763309E+00
2026 07 23 17 18 30 000 -1.6880878E+01 -8.9306265E+00 -5.8782459E+00
2026 07 23 17 19 00 000 -1.6885534E+01 -8.9332117E+00 -5.8801619E+00
2026 07 23 17 19 30 000 -1.6890187E+01 -8.9357958E+00 -5.8820788E+00
2026 07 23 17 20 00 000 -1.6894838E+01 -8.9383788E+00 -5.8839967E+00
2026 07 23 17 20 30 000 -1.6899485E+01 -8.9409607E+00 -5.8859156E+00
2026 07 23 17 21 00 000 -1.6904130E+01 -8.9435415E+00 -5.8878353E+00
2026 07 23 17 21 30 000 -1.6908772E+01 -8.9461212E+00 -5.8897560E+00
2026 07 23 17 22 00 000 -1.6913411E+01 -8.9486998E+00 -5.8916775E+00
2026 07 23 17 22 30 000 -1.6918047E+01 -8.9512774E+00 -5.8935998E+00
2026 07 23 17 23 00 000 -1.6922680E+01 -8.9538540E+00 -5.8955230E+00
2026 07 23 17 23 30 000 -1.6927310E+01 -8.9564295E+00 -5.8974469E+00
2026 07 23 17 24 00 000 -1.6931938E+01 -8.9590040E+00 -5.8993717E+00
2026 07 23 17 24 30 000 -1.6936562E+01 -8.9615776E+00 -5.9012972E+00
2026 07 23 17 25 00 000 -1.6941184E+01 -8.9641501E+00 -5.9032234E+00
2026 07 23 17 25 30 000 -1.6945803E+01 -8.9667217E+00 -5.9051504E+00
2026 07 23 17 26 00 000 -1.6950419E+01 -8.9692923E+00 -5.9070780E+00
2026 07 23 17 26 30 000 -1.6955032E+01 -8.9718620E+00 -5.9090063E+00
2026 07 23 17 27 00 000 -1.6959643E+01 -8.9744308E+00 -5.9109352E+00
2026 07 23 17 27 30 000 -1.6964250E+01 -8.9769986E+00 -5.9128648E+00
2026 07 23 17 28 00 000 -1.6968855E+01 -8.9795656E+00 -5.9147950E+00
2026 07 23 17 28 30 000 -1.6973457E+01 -8.9821316E+00 -5.9167257E+00
2026 07 23 17 29 00 000 -1.6978056E+01 -8.9846969E+00 -5.9186570E+00
2026 07 23 17 29 30 000 -1.6982652E+01 -8.9872612E+00 -5.9205888E+00
2026 07 23 17 30 00 000 -1.6987245E+01 -8.9898247E+00 -5.9225211E+00
2026 07 23 17 30 30 000 -1.6991836E+01 -8.9923874E+00 -5.9244540E+00
2026 07 23 17 31 00 000 -1.6996423E+01 -8.9949493E+00 -5.9263873E+00
2026 07 23 17 31 30 000 -1.7001008E+01 -8.9975104E+00 -5.9283210E+00
2026 07 23 17 32 00 000 -1.7005590E+01 -9.0000707E+00 -5.9302551E+00
2026 07 23 17 32 30 000 -1.7010169E+01 -9.0026303E+00 -5.9321897E+00
2026 07 23 17 33 00 000 -1.7014745E+01 -9.0051890E+00 -5.9341246E+00
2026 07 23 17 33 30 000 -1.7019319E+01 -9.0077471E+00 -5.9360599E+00
2026 07 23 17 34 00 000 -1.7023889E+01 -9.0103044E+00 -5.9379955E+00
2026 07 23 17 34 30 000 -1.7028457E+01 -9.0128610E+00 -5.9399314E+00
2026 07 23 17 35 00 000 -1.7033022E+01 -9.0154170E+00 -5.9418676E+00
2026 07 23 17 35 30 000 -1.7037584E+01 -9.0179722E+00 -5.9438041E+00
2026 07 23 17 36 00 000 -1.7042144E+01 -9.0205268E+00 -5.9457408E+00
2026 07 23 17 36 30 000 -1.7046700E+01 -9.0230807E+00 -5.9476777E+00
2026 07 23 17 37 00 000 -1.7051254E+01 -9.0256340E+00 -5.9496148E+00
2026 07 23 17 37 30 000 -1.7055805E+01 -9.0281866E+00 -5.9515521E+00
2026 07 23 17 38 00 000 -1.7060353E+01 -9.0307386E+00 -5.9534895E+00
2026 07 23 17 38 30 000 -1.7064898E+01 -9.0332901E+00 -5.9554271E+00
2026 07 23 17 39 00 000 -1.7069441E+01 -9.0358410E+00 -5.9573648E+00
2026 07 23 17 39 30 000 -1.7073980E+01 -9.0383913E+00 -5.9593026E+00
2026 07 23 17 40 00 000 -1.7078517E+01 -9.0409410E+00 -5.9612404E+00
2026 07 23 17 40 30 000 -1.7083051E+01 -9.0434902E+00 -5.9631783E+00
2026 07 23 17 41 00 000 -1.7087583E+01 -9.0460389E+00 -5.9651161E+00
2026 07 23 17 41 30 000 -1.7092111E+01 -9.0485871E+00 -5.9670540E+00
2026 07 23 17 42 00 000 -1.7096637E+01 -9.0511348E+00 -5.9689919E+00
2026 07 23 17 42 30 000 -1.7101159E+01 -9.0536820E+00 -5.9709297E+00
2026 07 23 17 43 00 000 -1.7105679E+01 -9.0562287E+00 -5.9728674E+00
2026 07 23 17 43 30 000 -1.7110197E+01 -9.0587750E+00 -5.9748050E+00
2026 07 23 17 44 00 000 -1.7114711E+01 -9.0613209E+00 -5.9767426E+00
2026 07 23 17 44 30 000 -1.7119223E+01 -9.0638663E+00 -5.9786799E+00
2026 07 23 17 45 00 000 -1.7123732E+01 -9.0664113E+00 -5.9806171E+00
2026 07 23 17 45 30 000 -1.7128238E+01 -9.0689560E+00 -5.9825542E+00
2026 07 23 17 46 00 000 -1.7132741E+01 -9.0715002E+00 -5.9844910E+00
2026 07 23 17 46 30 000 -1.7137241E+01 -9.0740441E+00 -5.9864276E+00
2026 07 23 17 47 00 000 -1.7141739E+01 -9.0765876E+00 -5.9883639E+00
2026 07 23 17 47 30 000 -1.7146234E+01 -9.0791308E+00 -5.9902999E+00
2026 07 23 17 48 00 000 -1.7150726E+01 -9.0816737E+00 -5.9922357E+00
2026 07 23 17 48 30 000 -1.7155216E+01 -9.0842163E+00 -5.9941712E+00
2026 07 23 17 49 00 000 -1.7159702E+01 -9.0867586E+00 -5.9961062E+00
2026 07 23 17 49 30 000 -1.7164186E+01 -9.0893006E+00 -5.9980410E+00
2026 07 23 17 50 00 000 -1.7168667E+01 -9.0918423E+00 -5.9999753E+00
2026 07 23 17 50 30 000 -1.7173145E+01 -9.0943838E+00 -6.0019093E+00
2026 07 23 17 51 00 000 -1.7177621E+01 -9.0969250E+00 -6.0038428E+00
2026 07 23 17 51 30 000 -1.7182093E+01 -9.0994661E+00 -6.0057758E+00
2026 07 23 17 52 00 000 -1.7186563E+01 -9.1020069E+00 -6.0077084E+00
2026 07 23 17 52 30 000 -1.7191031E+01 -9.1045475E+00 -6.0096404E+00
2026 07 23 17 53 00 000 -1.7195495E+01 -9.1070880E+00 -6.0115720E+00
2026 07 23 17 53 30 000 -1.7199957E+01 -9.1096283E+00 -6.0135030E+00
2026 07 23 17 54 00 000 -1.7204415E+01 -9.1121685E+00 -6.0154334E+00
2026 07 23 17 54 30 000 -1.7208872E+01 -9.1147085E+00 -6.0173633E+00
2026 07 23 17 55 00 000 -1.7213325E+01 -9.1172484E+00 -6.0192925E+00
2026 07 23 17 55 30 000 -1.7217775E+01 -9.1197882E+00 -6.0212211E+00
2026 07 23 17 56 00 000 -1.7222223E+01 -9.1223279E+00 -6.0231491E+00
2026 07 23 17 56 30 000 -1.7226668E+01 -9.1248675E+00 -6.0250763E+00
2026 07 23 17 57 00 000 -1.7231111E+01 -9.1274071E+00 -6.0270029E+00
2026 07 23 17 57 30 000 -1.7235550E+01 -9.1299466E+00 -6.0289287E+00
2026 07 23 17 58 00 000 -1.7239987E+01 -9.1324861E+00 -6.0308538E+00
2026 07 23 17 58 30 000 -1.7244421E+01 -9.1350256E+00 -6.0327781E+00
2026 07 23 17 59 00 000 -1.7248852E+01 -9.1375650E+00 -6.0347016E+00
2026 07 23 17 59 30 000 -1.7253281E+01 -9.1401045E+00 -6.0366243E+00
2026 07 23 18 00 00 000 -1.7257707E+01 -9.1426440E+00 -6.0385462E+00
2026 07 23 18 00 30 000 -1.7262130E+01 -9.1451836E+00 -6.0404672E+00
2026 07 23 18 01 00 000 -1.7266550E+01 -9.1477232E+00 -6.0423874E+00
2026 07 23 18 01 30 000 -1.7270968E+01 -9.1502629E+00 -6.0443066E+00
2026 07 23 18 02 00 000 -1.7275383E+01 -9.1528026E+00 -6.0462249E+00
2026 07 23 18 02 30 000 -1.7279795E+01 -9.1553425E+00 -6.0481423E+00
2026 07 23 18 03 00 000 -1.7284204E+01 -9.1578825E+00 -6.0500587E+00
2026 07 23 18 03 30 000 -1.7288611E+01 -9.1604226E+00 -6.0519740E+00
2026 07 23 18 04 00 000 -1.7293015E+01 -9.1629628E+00 -6.0538884E+00
2026 07 23 18 04 30 000 -1.7297416E+01 -9.1655032E+00 -6.0558018E+00
2026 07 23 18 05 00 000 -1.7301814E+01 -9.1680438E+00 -6.0577140E+00
2026 07 23 18 05 30 000 -1.7306210E+01 -9.1705845E+00 -6.0596252E+00
2026 07 23 18 06 00 000 -1.7310603E+01 -9.1731255E+00 -6.0615353E+00
2026 07 23 18 06 30 000 -1.7314993E+01 -9.1756666E+00 -6.0634443E+00
2026 07 23 18 07 00 000 -1.7319381E+01 -9.1782080E+00 -6.0653521E+00
2026 07 23 18 07 30 000 -1.7323766E+01 -9.1807497E+00 -6.0672587E+00
2026 07 23 18 08 00 000 -1.7328148E+01 -9.1832916E+00 -6.0691642E+00
2026 07 23 18 08 30 000 -1.7332527E+01 -9.1858337E+00 -6.0710684E+00
2026 07 23 18 09 00 000 -1.7336904E+01 -9.1883762E+00 -6.0729714E+00
2026 07 23 18 09 30 000 -1.7341278E+01 -9.1909189E+00 -6.0748731E+00
2026 07 23 18 10 00 000 -1.7345649E+01 -9.1934620E+00 -6.0767736E+00
2026 07 23 18 10 30 000 -1.7350017E+01 -9.1960054E+00 -6.0786727E+00
2026 07 23 18 11 00 000 -1.7354383E+01 -9.1985491E+00 -6.0805705E+00
2026 07 23 18 11 30 000 -1.7358746E+01 -9.2010932E+00 -6.0824670E+00
2026 07 23 18 12 00 000 -1.7363107E+01 -9.2036377E+00 -6.0843621E+00
2026 07 23 18 12 30 000 -1.7367464E+01 -9.2061826E+00 -6.0862558E+00
2026 07 23 18 13 00 000 -1.7371819E+01 -9.2087278E+00 -6.0881481E+00
2026 07 23 18 13 30 000 -1.7376171E+01 -9.2112735E+00 -6.0900389E+00
2026 07 23 18 14 00 000 -1.7380521E+01 -9.2138196E+00 -6.0919283E+00
2026 07 23 18 14 30 000 -1.7384868E+01 -9.2163662E+00 -6.0938162E+00
2026 07 23 18 15 00 000 -1.7389212E+01 -9.2189132E+00 -6.0957026E+00
2026 07 23 18 15 30 000 -1.7393553E+01 -9.2214607E+00 -6.0975874E+00
2026 07 23 18 16 00 000 -1.7397892E+01 -9.2240087E+00 -6.0994708E+00
2026 07 23 18 16 30 000 -1.7402228E+01 -9.2265571E+00 -6.1013525E+00
2026 07 23 18 17 00 000 -1.7406561E+01 -9.2291061E+00 -6.1032327E+00
2026 07 23 18 17 30 000 -1.7410892E+01 -9.2316557E+00 -6.1051112E+00
2026 07 23 18 18 00 000 -1.7415220E+01 -9.2342057E+00 -6.1069881E+00
2026 07 23 18 18 30 000 -1.7419545E+01 -9.2367564E+00 -6.1088633E+00
2026 07 23 18 19 00 000 -1.7423868E+01 -9.2393076E+00 -6.1107369E+00
2026 07 23 18 19 30 000 -1.7428188E+01 -9.2418594E+00 -6.1126087E+00
2026 07 23 18 20 00 000 -1.7432505E+01 -9.2444118E+00 -6.1144789E+00
2026 07 23 18 20 30 000 -1.7436819E+01 -9.2469648E+00 -6.1163472E+00
2026 07 23 18 21 00 000 -1.7441131E+01 -9.2495184E+00 -6.1182138E+00
2026 07 23 18 21 30 000 -1.7445440E+01 -9.2520727E+00 -6.1200786E+00
2026 07 23 18 22 00 000 -1.7449747E+01 -9.2546276E+00 -6.1219416E+00
2026 07 23 18 22 30 000 -1.7454051E+01 -9.2571833E+00 -6.1238028E+00
2026 07 23 18 23 00 000 -1.7458352E+01 -9.2597396E+00 -6.1256621E+00
2026 07 23 18 23 30 000 -1.7462650E+01 -9.2622966E+00 -6.1275195E+00
2026 07 23 18 24 00 000 -1.7466946E+01 -9.2648543E+00 -6.1293751E+00
2026 07 23 18 24 30 000 -1.7471239E+01 -9.2674128E+00 -6.1312287E+00
2026 07 23 18 25 00 000 -1.7475529E+01 -9.2699720E+00 -6.1330803E+00
2026 07 23 18 25 30 000 -1.7479817E+01 -9.2725319E+00 -6.1349300E+00
2026 07 23 18 26 00 000 -1.7484102E+01 -9.2750927E+00 -6.1367777E+00
2026 07 23 18 26 30 000 -1.7488384E+01 -9.2776542E+00 -6.1386234E+00
2026 07 23 18 27 00 000 -1.7492664E+01 -9.2802165E+00 -6.1404671E+00
2026 07 23 18 27 30 000 -1.7496941E+01 -9.2827797E+00 -6.1423087E+00
2026 07 23 18 28 00 000 -1.7501216E+01 -9.2853436E+00 -6.1441482E+00
2026 07 23 18 28 30 000 -1.7505487E+01 -9.2879085E+00 -6.1459856E+00
2026 07 23 18 29 00 000 -1.7509756E+01 -9.2904741E+00 -6.1478209E+00
2026 07 23 18 29 30 000 -1.7514023E+01 -9.2930407E+00 -6.1496541E+00
2026 07 23 18 30 00 000 -1.7518287E+01 -9.2956081E+00 -6.1514851E+00
2026 07 23 18 30 30 000 -1.7522548E+01 -9.2981764E+00 -6.1533139E+00
2026 07 23 18 31 00 000 -1.7526806E+01 -9.3007457E+00 -6.1551405E+00
2026 07 23 18 31 30 000 -1.7531062E+01 -9.3033159E+00 -6.1569649E+00
2026 07 23 18 32 00 000 -1.7535315E+01 -9.3058870E+00 -6.1587870E+00
2026 07 23 18 32 30 000 -1.7539566E+01 -9.3084591E+00 -6.1606069E+00
2026 07 23 18 33 00 000 -1.7543813E+01 -9.3110321E+00 -6.1624244E+00
2026 07 23 18 33 30 000 -1.7548058E+01 -9.3136061E+00 -6.1642397E+00
2026 07 23 18 34 00 000 -1.7552301E+01 -9.3161812E+00 -6.1660526E+00
2026 07 23 18 34 30 000 -1.7556541E+01 -9.3187572E+00 -6.1678632E+00
2026 07 23 18 35 00 000 -1.7560778E+01 -9.3213343E+00 -6.1696713E+00
2026 07 23 18 35 30 000 -1.7565013E+01 -9.3239124E+00 -6.1714771E+00
2026 07 23 18 36 00 000 -1.7569245E+01 -9.3264915E+00 -6.1732805E+00
2026 07 23 18 36 30 000 -1.7573474E+01 -9.3290718E+00 -6.1750814E+00
2026 07 23 18 37 00 000 -1.7577701E+01 -9.3316531E+00 -6.1768798E+00
2026 07 23 18 37 30 000 -1.7581925E+01 -9.3342355E+00 -6.1786758E+00
2026 07 23 18 38 00 000 -1.7586146E+01 -9.3368190E+00 -6.1804692E+00
2026 07 23 18 38 30 000 -1.7590365E+01 -9.3394037E+00 -6.1822602E+00
2026 07 23 18 39 00 000 -1.7594581E+01 -9.3419895E+00 -6.1840485E+00
2026 07 23 18 39 30 000 -1.7598794E+01 -9.3445764E+00 -6.1858343E+00
2026 07 23 18 40 00 000 -1.7603005E+01 -9.3471645E+00 -6.1876175E+00
2026 07 23 18 40 30 000 -1.7607214E+01 -9.3497538E+00 -6.1893981E+00
2026 07 23 18 41 00 000 -1.7611419E+01 -9.3523443E+00 -6.1911761E+00
2026 07 23 18 41 30 000 -1.7615622E+01 -9.3549360E+00 -6.1929514E+00
2026 07 23 18 42 00 000 -1.7619822E+01 -9.3575289E+00 -6.1947240E+00
2026 07 23 18 42 30 000 -1.7624020E+01 -9.3601230E+00 -6.1964939E+00
2026 07 23 18 43 00 000 -1.7628215E+01 -9.3627184E+00 -6.1982611E+00
2026 07 23 18 43 30 000 -1.7632408E+01 -9.3653150E+00 -6.2000256E+00
2026 07 23 18 44 00 000 -1.7636598E+01 -9.3679130E+00 -6.2017873E+00
2026 07 23 18 44 30 000 -1.7640785E+01 -9.3705122E+00 -6.2035462E+00
2026 07 23 18 45 00 000 -1.7644970E+01 -9.3731127E+00 -6.2053023E+00
2026 07 23 18 45 30 000 -1.7649152E+01 -9.3757145E+00 -6.2070555E+00
2026 07 23 18 46 00 000 -1.7653331E+01 -9.3783177E+00 -6.2088060E+00
2026 07 23 18 46 30 000 -1.7657508E+01 -9.3809222E+00 -6.2105535E+00
2026 07 23 18 47 00 000 -1.7661682E+01 -9.3835281E+00 -6.2122982E+00
2026 07 23 18 47 30 000 -1.7665853E+01 -9.3861353E+00 -6.2140399E+00
2026 07 23 18 48 00 000 -1.7670022E+01 -9.3887439E+00 -6.2157788E+00
2026 07 23 18 48 30 000 -1.7674189E+01 -9.3913540E+00 -6.2175146E+00
2026 07 23 18 49 00 000 -1.7678352E+01 -9.3939654E+00 -6.2192475E+00
2026 07 23 18 49 30 000 -1.7682514E+01 -9.3965782E+00 -6.2209774E+00
2026 07 23 18 50 00 000 -1.7686672E+01 -9.3991926E+00 -6.2227043E+00
2026 07 23 18 50 30 000 -1.7690828E+01 -9.4018083E+00 -6.2244282E+00
2026 07 23 18 51 00 000 -1.7694981E+01 -9.4044255E+00 -6.2261490E+00
2026 07 23 18 51 30 000 -1.7699132E+01 -9.4070442E+00 -6.2278667E+00
2026 07 23 18 52 00 000 -1.7703280E+01 -9.4096644E+00 -6.2295813E+00
2026 07 23 18 52 30 000 -1.7707426E+01 -9.4122861E+00 -6.2312928E+00
2026 07 23 18 53 00 000 -1.7711569E+01 -9.4149093E+00 -6.2330011E+00
2026 07 23 18 53 30 000 -1.7715709E+01 -9.4175341E+00 -6.2347063E+00
2026 07 23 18 54 00 000 -1.7719847E+01 -9.4201604E+00 -6.2364084E+00
2026 07 23 18 54 30 000 -1.7723982E+01 -9.4227882E+00 -6.2381072E+00
2026 07 23 18 55 00 000 -1.7728114E+01 -9.4254176E+00 -6.2398027E+00
2026 07 23 18 55 30 000 -1.7732244E+01 -9.4280487E+00 -6.2414951E+00
2026 07 23 18 56 00 000 -1.7736372E+01 -9.4306813E+00 -6.2431842E+00
2026 07 23 18 56 30 000 -1.7740497E+01 -9.4333155E+00 -6.2448700E+00
2026 07 23 18 57 00 000 -1.7744619E+01 -9.4359514E+00 -6.2465524E+00
2026 07 23 18 57 30 000 -1.7748738E+01 -9.4385888E+00 -6.2482316E+00
2026 07 23 18 58 00 000 -1.7752855E+01 -9.4412280E+00 -6.2499074E+00
2026 07 23 18 58 30 000 -1.7756970E+01 -9.4438688E+00 -6.2515799E+00
2026 07 23 18 59 00 000 -1.7761082E+01 -9.4465113E+00 -6.2532489E+00
2026 07 23 18 59 30 000 -1.7765191E+01 -9.4491555E+00 -6.2549146E+00
2026 07 23 19 00 00 000 -1.7769298E+01 -9.4518013E+00 -6.2565768E+00
2026 07 23 19 00 30 000 -1.7773402E+01 -9.4544490E+00 -6.2582355E+00
2026 07 23 19 01 00 000 -1.7777503E+01 -9.4570983E+00 -6.2598909E+00
2026 07 23 19 01 30 000 -1.7781602E+01 -9.4597494E+00 -6.2615427E+00
2026 07 23 19 02 00 000 -1.7785699E+01 -9.4624022E+00 -6.2631910E+00
2026 07 23 19 02 30 000 -1.7789793E+01 -9.4650568E+00 -6.2648357E+00
2026 07 23 19 03 00 000 -1.7793884E+01 -9.4677132E+00 -6.2664770E+00
2026 07 23 19 03 30 000 -1.7797973E+01 -9.4703714E+00 -6.2681146E+00
2026 07 23 19 04 00 000 -1.7802059E+01 -9.4730313E+00 -6.2697487E+00
2026 07 23 19 04 30 000 -1.7806142E+01 -9.4756932E+00 -6.2713791E+00
2026 07 23 19 05 00 000 -1.7810223E+01 -9.4783568E+00 -6.2730060E+00
2026 07 23 19 05 30 000 -1.7814302E+01 -9.4810223E+00 -6.2746291E+00
2026 07 23 19 06 00 000 -1.7818378E+01 -9.4836897E+00 -6.2762486E+00
2026 07 23 19 06 30 000 -1.7822451E+01 -9.4863589E+00 -6.2778644E+00
2026 07 23 19 07 00 000 -1.7826522E+01 -9.4890300E+00 -6.2794765E+00
2026 07 23 19 07 30 000 -1.7830590E+01 -9.4917030E+00 -6.2810849E+00
2026 07 23 19 08 00 000 -1.7834656E+01 -9.4943779E+00 -6.2826895E+00
2026 07 23 19 08 30 000 -1.7838719E+01 -9.4970548E+00 -6.2842903E+00
2026 07 23 19 09 00 000 -1.7842779E+01 -9.4997336E+00 -6.2858874E+00
2026 07 23 19 09 30 000 -1.7846837E+01 -9.5024143E+00 -6.2874806E+00
2026 07 23 19 10 00 000 -1.7850893E+01 -9.5050970E+00 -6.2890700E+00
2026 07 23 19 10 30 000 -1.7854946E+01 -9.5077817E+00 -6.2906556E+00
2026 07 23 19 11 00 000 -1.7858996E+01 -9.5104683E+00 -6.2922373E+00
2026 07 23 19 11 30 000 -1.7863044E+01 -9.5131570E+00 -6.2938151E+00
2026 07 23 19 12 00 000 -1.7867089E+01 -9.5158476E+00 -6.2953890E+00
2026 07 23 19 12 30 000 -1.7871132E+01 -9.5185403E+00 -6.2969589E+00
2026 07 23 19 13 00 000 -1.7875172E+01 -9.5212351E+00 -6.2985249E+00
2026 07 23 19 13 30 000 -1.7879209E+01 -9.5239318E+00 -6.3000870E+00
2026 07 23 19 14 00 000 -1.7883244E+01 -9.5266307E+00 -6.3016450E+00
2026 07 23 19 14 30 000 -1.7887277E+01 -9.5293316E+00 -6.3031991E+00
2026 07 23 19 15 00 000 -1.7891307E+01 -9.5320346E+00 -6.3047491E+00
2026 07 23 19 15 30 000 -1.7895334E+01 -9.5347397E+00 -6.3062951E+00
2026 07 23 19 16 00 000 -1.7899359E+01 -9.5374469E+00 -6.3078369E+00
2026 07 23 19 16 30 000 -1.7903382E+01 -9.5401562E+00 -6.3093748E+00
2026 07 23 19 17 00 000 -1.7907402E+01 -9.5428677E+00 -6.3109085E+00
2026 07 23 19 17 30 000 -1.7911419E+01 -9.5455813E+00 -6.3124381E+00
2026 07 23 19 18 00 000 -1.7915434E+01 -9.5482971E+00 -6.3139635E+00
2026 07 23 19 18 30 000 -1.7919446E+01 -9.5510151E+00 -6.3154848E+00
2026 07 23 19 19 00 000 -1.7923456E+01 -9.5537352E+00 -6.3170019E+00
2026 07 23 19 19 30 000 -1.7927463E+01 -9.5564575E+00 -6.3185147E+00
2026 07 23 19 20 00 000 -1.7931467E+01 -9.5591821E+00 -6.3200234E+00
2026 07 23 19 20 30 000 -1.7935470E+01 -9.5619089E+00 -6.3215278E+00
2026 07 23 19 21 00 000 -1.7939469E+01 -9.5646378E+00 -6.3230280E+00
2026 07 23 19 21 30 000 -1.7943466E+01 -9.5673691E+00 -6.3245239E+00
2026 07 23 19 22 00 000 -1.7947461E+01 -9.5701026E+00 -6.3260155E+00
2026 07 23 19 22 30 000 -1.7951453E+01 -9.5728384E+00 -6.3275027E+00
2026 07 23 19 23 00 000 -1.7955442E+01 -9.5755764E+00 -6.3289857E+00
2026 07 23 19 23 30 000 -1.7959429E+01 -9.5783167E+00 -6.3304642E+00
2026 07 23 19 24 00 000 -1.7963414E+01 -9.5810594E+00 -6.3319384E+00
2026 07 23 19 24 30 000 -1.7967396E+01 -9.5838044E+00 -6.3334082E+00
2026 07 23 19 25 00 000 -1.7971375E+01 -9.5865516E+00 -6.3348736E+00
2026 07 23 19 25 30 000 -1.7975352E+01 -9.5893013E+00 -6.3363346E+00
2026 07 23 19 26 00 000 -1.7979327E+01 -9.5920532E+00 -6.3377911E+00
2026 07 23 19 26 30 000 -1.7983299E+01 -9.5948076E+00 -6.3392431E+00
2026 07 23 19 27 00 000 -1.7987268E+01 -9.5975643E+00 -6.3406907E+00
2026 07 23 19 27 30 000 -1.7991235E+01 -9.6003234E+00 -6.3421337E+00
2026 07 23 19 28 00 000 -1.7995199E+01 -9.6030849E+00 -6.3435722E+00
2026 07 23 19 28 30 000 -1.7999161E+01 -9.6058488E+00 -6.3450062E+00
2026 07 23 19 29 00 000 -1.8003121E+01 -9.6086152E+00 -6.3464356E+00
2026 07 23 19 29 30 000 -1.8007077E+01 -9.6113840E+00 -6.3478604E+00
2026 07 23 19 30 00 000 -1.8011032E+01 -9.6141552E+00 -6.3492806E+00
2026 07 23 19 30 30 000 -1.8014984E+01 -9.6169288E+00 -6.3506962E+00
2026 07 23 19 31 00 000 -1.8018933E+01 -9.6197050E+00 -6.3521072E+00
2026 07 23 19 31 30 000 -1.8022880E+01 -9.6224836E+00 -6.3535135E+00
2026 07 23 19 32 00 000 -1.8026824E+01 -9.6252647E+00 -6.3549151E+00
2026 07 23 19 32 30 000 -1.8030766E+01 -9.6280483E+00 -6.3563120E+00
2026 07 23 19 33 00 000 -1.8034706E+01 -9.6308344E+00 -6.3577043E+00
2026 07 23 19 33 30 000 -1.8038643E+01 -9.6336231E+00 -6.3590917E+00
2026 07 23 19 34 00 000 -1.8042577E+01 -9.6364143E+00 -6.3604745E+00
2026 07 23 19 34 30 000 -1.8046509E+01 -9.6392080E+00 -6.3618525E+00
2026 07 23 19 35 00 000 -1.8050438E+01 -9.6420043E+00 -6.3632256E+00
2026 07 23 19 35 30 000 -1.8054365E+01 -9.6448031E+00 -6.3645940E+00
2026 07 23 19 36 00 000 -1.8058290E+01 -9.6476046E+00 -6.3659576E+00
2026 07 23 19 36 30 000 -1.8062212E+01 -9.6504086E+00 -6.3673163E+00
2026 07 23 19 37 00 000 -1.8066131E+01 -9.6532152E+00 -6.3686701E+00
2026 07 23 19 37 30 000 -1.8070048E+01 -9.6560245E+00 -6.3700191E+00
2026 07 23 19 38 00 000 -1.8073963E+01 -9.6588363E+00 -6.3713632E+00
2026 07 23 19 38 30 000 -1.8077875E+01 -9.6616508E+00 -6.3727024E+00
2026 07 23 19 39 00 000 -1.8081784E+01 -9.6644680E+00 -6.3740366E+00
2026 07 23 19 39 30 000 -1.8085691E+01 -9.6672878E+00 -6.3753659E+00
2026 07 23 19 40 00 000 -1.8089596E+01 -9.6701103E+00 -6.3766902E+00
2026 07 23 19 40 30 000 -1.8093498E+01 -9.6729354E+00 -6.3780095E+00
2026 07 23 19 41 00 000 -1.8097398E+01 -9.6757633E+00 -6.3793238E+00
2026 07 23 19 41 30 000 -1.8101295E+01 -9.6785938E+00 -6.3806331E+00
2026 07 23 19 42 00 000 -1.8105190E+01 -9.6814270E+00 -6.3819374E+00
2026 07 23 19 42 30 000 -1.8109082E+01 -9.6842630E+00 -6.3832366E+00
2026 07 23 19 43 00 000 -1.8112972E+01 -9.6871017E+00 -6.3845307E+00
2026 07 23 19 43 30 000 -1.8116859E+01 -9.6899432E+00 -6.3858197E+00
2026 07 23 19 44 00 000 -1.8120744E+01 -9.6927874E+00 -6.3871037E+00
2026 07 23 19 44 30 000 -1.8124626E+01 -9.6956343E+00 -6.3883824E+00
2026 07 23 19 45 00 000 -1.8128506E+01 -9.6984841E+00 -6.3896561E+00
2026 07 23 19 45 30 000 -1.8132383E+01 -9.7013366E+00 -6.3909246E+00
2026 07 23 19 46 00 000 -1.8136258E+01 -9.7041919E+00 -6.3921878E+00
2026 07 23 19 46 30 000 -1.8140131E+01 -9.7070501E+00 -6.3934459E+00
2026 07 23 19 47 00 000 -1.8144001E+01 -9.7099110E+00 -6.3946988E+00
2026 07 23 19 47 30 000 -1.8147868E+01 -9.7127748E+00 -6.3959465E+00
2026 07 23 19 48 00 000 -1.8151733E+01 -9.7156414E+00 -6.3971888E+00
2026 07 23 19 48 30 000 -1.8155596E+01 -9.7185108E+00 -6.3984260E+00
2026 07 23 19 49 00 000 -1.8159456E+01 -9.7213832E+00 -6.3996578E+00
2026 07 23 19 49 30 000 -1.8163314E+01 -9.7242583E+00 -6.4008843E+00
2026 07 23 19 50 00 000 -1.8167169E+01 -9.7271364E+00 -6.4021055E+00
2026 07 23 19 50 30 000 -1.8171022E+01 -9.7300173E+00 -6.4033214E+00
2026 07 23 19 51 00 000 -1.8174872E+01 -9.7329012E+00 -6.4045319E+00
2026 07 23 19 51 30 000 -1.8178720E+01 -9.7357879E+00 -6.4057370E+00
2026 07 23 19 52 00 000 -1.8182566E+01 -9.7386776E+00 -6.4069367E+00
2026 07 23 19 52 30 000 -1.8186409E+01 -9.7415702E+00 -6.4081311E+00
2026 07 23 19 53 00 000 -1.8190249E+01 -9.7444657E+00 -6.4093200E+00
2026 07 23 19 53 30 000 -1.8194088E+01 -9.7473642E+00 -6.4105034E+00
2026 07 23 19 54 00 000 -1.8197923E+01 -9.7502657E+00 -6.4116814E+00
2026 07 23 19 54 30 000 -1.8201757E+01 -9.7531701E+00 -6.4128539E+00
2026 07 23 19 55 00 000 -1.8205587E+01 -9.7560775E+00 -6.4140209E+00
2026 07 23 19 55 30 000 -1.8209416E+01 -9.7589878E+00 -6.4151824E+00
2026 07 23 19 56 00 000 -1.8213242E+01 -9.7619012E+00 -6.4163384E+00
2026 07 23 19 56 30 000 -1.8217065E+01 -9.7648176E+00 -6.4174889E+00
2026 07 23 19 57 00 000 -1.8220886E+01 -9.7677370E+00 -6.4186337E+00
2026 07 23 19 57 30 000 -1.8224705E+01 -9.7706594E+00 -6.4197730E+00
2026 07 23 19 58 00 000 -1.8228521E+01 -9.7735849E+00 -6.4209067E+00
2026 07 23 19 58 30 000 -1.8232335E+01 -9.7765134E+00 -6.4220348E+00
2026 07 23 19 59 00 000 -1.8236146E+01 -9.7794449E+00 -6.4231572E+00
2026 07 23 19 59 30 000 -1.8239955E+01 -9.7823795E+00 -6.4242740E+00
2026 07 23 20 00 00 000 -1.8243761E+01 -9.7853172E+00 -6.4253852E+00
2026 07 23 20 00 30 000 -1.8247565E+01 -9.7882580E+00 -6.4264906E+00
2026 07 23 20 01 00 000 -1.8251367E+01 -9.7912019E+00 -6.4275904E+00
2026 07 23 20 01 30 000 -1.8255166E+01 -9.7941488E+00 -6.4286845E+00
2026 07 23 20 02 00 000 -1.8258963E+01 -9.7970989E+00 -6.4297728E+00
2026 07 23 20 02 30 000 -1.8262757E+01 -9.8000521E+00 -6.4308553E+00
2026 07 23 20 03 00 000 -1.8266549E+01 -9.8030084E+00 -6.4319321E+00
2026 07 23 20 03 30 000 -1.8270338E+01 -9.8059679E+00 -6.4330032E+00
2026 07 23 20 04 00 000 -1.8274125E+01 -9.8089305E+00 -6.4340684E+00
2026 07 23 20 04 30 000 -1.8277910E+01 -9.8118963E+00 -6.4351278E+00
2026 07 23 20 05 00 000 -1.8281692E+01 -9.8148652E+00 -6.4361814E+00
2026 07 23 20 05 30 000 -1.8285472E+01 -9.8178373E+00 -6.4372291E+00
2026 07 23 20 06 00 000 -1.8289249E+01 -9.8208126E+00 -6.4382710E+00
2026 07 23 20 06 30 000 -1.8293024E+01 -9.8237911E+00 -6.4393070E+00
2026 07 23 20 07 00 000 -1.8296797E+01 -9.8267728E+00 -6.4403371E+00
2026 07 23 20 07 30 000 -1.8300567E+01 -9.8297577E+00 -6.4413613E+00
2026 07 23 20 08 00 000 -1.8304334E+01 -9.8327458E+00 -6.4423796E+00
2026 07 23 20 08 30 000 -1.8308100E+01 -9.8357371E+00 -6.4433919E+00
2026 07 23 20 09 00 000 -1.8311863E+01 -9.8387317E+00 -6.4443982E+00
2026 07 23 20 09 30 000 -1.8315623E+01 -9.8417295E+00 -6.4453986E+00
2026 07 23 20 10 00 000 -1.8319381E+01 -9.8447306E+00 -6.4463930E+00
2026 07 23 20 10 30 000 -1.8323137E+01 -9.8477350E+00 -6.4473814E+00
2026 07 23 20 11 00 000 -1.8326890E+01 -9.8507426E+00 -6.4483638E+00
2026 07 23 20 11 30 000 -1.8330641E+01 -9.8537535E+00 -6.4493401E+00
2026 07 23 20 12 00 000 -1.8334389E+01 -9.8567676E+00 -6.4503103E+00
2026 07 23 20 12 30 000 -1.8338135E+01 -9.8597851E+00 -6.4512745E+00
2026 07 23 20 13 00 000 -1.8341879E+01 -9.8628059E+00 -6.4522326E+00
2026 07 23 20 13 30 000 -1.8345620E+01 -9.8658300E+00 -6.4531846E+00
2026 07 23 20 14 00 000 -1.8349359E+01 -9.8688574E+00 -6.4541305E+00
2026 07 23 20 14 30 000 -1.8353095E+01 -9.8718881E+00 -6.4550703E+00
2026 07 23 20 15 00 000 -1.8356829E+01 -9.8749222E+00 -6.4560039E+00
2026 07 23 20 15 30 000 -1.8360561E+01 -9.8779596E+00 -6.4569313E+00
2026 07 23 20 16 00 000 -1.8364290E+01 -9.8810004E+00 -6.4578525E+00
2026 07 23 20 16 30 000 -1.8368017E+01 -9.8840446E+00 -6.4587676E+00
2026 07 23 20 17 00 000 -1.8371741E+01 -9.8870921E+00 -6.4596764E+00
2026 07 23 20 17 30 000 -1.8375463E+01 -9.8901429E+00 -6.4605790E+00
2026 07 23 20 18 00 000 -1.8379183E+01 -9.8931972E+00 -6.4614754E+00
2026 07 23 20 18 30 000 -1.8382900E+01 -9.8962549E+00 -6.4623655E+00
2026 07 23 20 19 00 000 -1.8386615E+01 -9.8993160E+00 -6.4632493E+00
2026 07 23 20 19 30 000 -1.8390328E+01 -9.9023804E+00 -6.4641269E+00
2026 07 23 20 20 00 000 -1.8394038E+01 -9.9054483E+00 -6.4649981E+00
2026 07 23 20 20 30 000 -1.8397745E+01 -9.9085197E+00 -6.4658630E+00
2026 07 23 20 21 00 000 -1.8401451E+01 -9.9115944E+00 -6.4667216E+00
2026 07 23 20 21 30 000 -1.8405154E+01 -9.9146726E+00 -6.4675738E+00
2026 07 23 20 22 00 000 -1.8408854E+01 -9.9177543E+00 -6.4684196E+00
2026 07 23 20 22 30 000 -1.8412552E+01 -9.9208394E+00 -6.4692591E+00
2026 07 23 20 23 00 000 -1.8416248E+01 -9.9239280E+00 -6.4700922E+00
2026 07 23 20 23 30 000 -1.8419942E+01 -9.9270200E+00 -6.4709188E+00
2026 07 23 20 24 00 000 -1.8423633E+01 -9.9301155E+00 -6.4717391E+00
2026 07 23 20 24 30 000 -1.8427321E+01 -9.9332145E+00 -6.4725528E+00
2026 07 23 20 25 00 000 -1.8431008E+01 -9.9363170E+00 -6.4733602E+00
2026 07 23 20 25 30 000 -1.8434692E+01 -9.9394230E+00 -6.4741610E+00
2026 07 23 20 26 00 000 -1.8438373E+01 -9.9425325E+00 -6.4749554E+00
2026 07 23 20 26 30 000 -1.8442052E+01 -9.9456456E+00 -6.4757432E+00
2026 07 23 20 27 00 000 -1.8445729E+01 -9.9487621E+00 -6.4765246E+00
2026 07 23 20 27 30 000 -1.8449403E+01 -9.9518822E+00 -6.4772994E+00
2026 07 23 20 28 00 000 -1.8453075E+01 -9.9550058E+00 -6.4780677E+00
2026 07 23 20 28 30 000 -1.8456745E+01 -9.9581329E+00 -6.4788294E+00
2026 07 23 20 29 00 000 -1.8460412E+01 -9.9612637E+00 -6.4795845E+00
2026 07 23 20 29 30 000 -1.8464077E+01 -9.9643979E+00 -6.4803330E+00
2026 07 23 20 30 00 000 -1.8467740E+01 -9.9675358E+00 -6.4810749E+00
2026 07 23 20 30 30 000 -1.8471400E+01 -9.9706772E+00 -6.4818102E+00
2026 07 23 20 31 00 000 -1.8475058E+01 -9.9738222E+00 -6.4825389E+00
2026 07 23 20 31 30 000 -1.8478714E+01 -9.9769707E+00 -6.4832609E+00
2026 07 23 20 32 00 000 -1.8482367E+01 -9.9801229E+00 -6.4839762E+00
2026 07 23 20 32 30 000 -1.8486017E+01 -9.9832787E+00 -6.4846849E+00
2026 07 23 20 33 00 000 -1.8489666E+01 -9.9864380E+00 -6.4853869E+00
2026 07 23 20 33 30 000 -1.8493312E+01 -9.9896010E+00 -6.4860821E+00
2026 07 23 20 34 00 000 -1.8496956E+01 -9.9927676E+00 -6.4867707E+00
2026 07 23 20 34 30 000 -1.8500597E+01 -9.9959378E+00 -6.4874525E+00
2026 07 23 20 35 00 000 -1.8504236E+01 -9.9991117E+00 -6.4881275E+00
2026 07 23 20 35 30 000 -1.8507873E+01 -1.0002289E+01 -6.4887958E+00
2026 07 23 20 36 00 000 -1.8511507E+01 -1.0005470E+01 -6.4894573E+00
2026 07 23 20 36 30 000 -1.8515139E+01 -1.0008655E+01 -6.4901120E+00
2026 07 23 20 37 00 000 -1.8518768E+01 -1.0011844E+01 -6.4907599E+00
2026 07 23 20 37 30 000 -1.8522396E+01 -1.0015036E+01 -6.4914010E+00
2026 07 23 20 38 00 000 -1.8526021E+01 -1.0018232E+01 -6.4920352E+00
2026 07 23 20 38 30 000 -1.8529643E+01 -1.0021431E+01 -6.4926626E+00
2026 07 23 20 39 00 000 -1.8533263E+01 -1.0024634E+01 -6.4932831E+00
2026 07 23 20 39 30 000 -1.8536881E+01 -1.0027841E+01 -6.4938968E+00
2026 07 23 20 40 00 000 -1.8540497E+01 -1.0031052E+01 -6.4945035E+00
2026 07 23 20 40 30 000 -1.8544110E+01 -1.0034266E+01 -6.4951033E+00
2026 07 23 20 41 00 000 -1.8547721E+01 -1.0037484E+01 -6.4956963E+00
2026 07 23 20 41 30 000 -1.8551329E+01 -1.0040705E+01 -6.4962822E+00
2026 07 23 20 42 00 000 -1.8554935E+01 -1.0043931E+01 -6.4968613E+00
2026 07 23 20 42 30 000 -1.8558539E+01 -1.0047160E+01 -6.4974334E+00
2026 07 23 20 43 00 000 -1.8562140E+01 -1.0050393E+01 -6.4979984E+00
2026 07 23 20 43 30 000 -1.8565740E+01 -1.0053629E+01 -6.4985566E+00
2026 07 23 20 44 00 000 -1.8569336E+01 -1.0056870E+01 -6.4991076E+00
2026 07 23 20 44 30 000 -1.8572931E+01 -1.0060114E+01 -6.4996517E+00
2026 07 23 20 45 00 000 -1.8576523E+01 -1.0063362E+01 -6.5001887E+00
2026 07 23 20 45 30 000 -1.8580113E+01 -1.0066613E+01 -6.5007187E+00
2026 07 23 20 46 00 000 -1.8583700E+01 -1.0069868E+01 -6.5012416E+00
2026 07 23 20 46 30 000 -1.8587285E+01 -1.0073128E+01 -6.5017575E+00
2026 07 23 20 47 00 000 -1.8590868E+01 -1.0076390E+01 -6.5022663E+00
2026 07 23 20 47 30 000 -1.8594449E+01 -1.0079657E+01 -6.5027679E+00
2026 07 23 20 48 00 000 -1.8598027E+01 -1.0082928E+01 -6.5032625E+00
2026 07 23 20 48 30 000 -1.8601602E+01 -1.0086202E+01 -6.5037499E+00
2026 07 23 20 49 00 000 -1.8605176E+01 -1.0089480E+01 -6.5042301E+00
2026 07 23 20 49 30 000 -1.8608747E+01 -1.0092762E+01 -6.5047033E+00
2026 07 23 20 50 00 000 -1.8612316E+01 -1.0096047E+01 -6.5051692E+00
2026 07 23 20 50 30 000 -1.8615882E+01 -1.0099337E+01 -6.5056280E+00
2026 07 23 20 51 00 000 -1.8619447E+01 -1.0102630E+01 -6.5060795E+00
2026 07 23 20 51 30 000 -1.8623009E+01 -1.0105927E+01 -6.5065239E+00
2026 07 23 20 52 00 000 -1.8626568E+01 -1.0109228E+01 -6.5069610E+00
2026 07 23 20 52 30 000 -1.8630125E+01 -1.0112533E+01 -6.5073909E+00
2026 07 23 20 53 00 000 -1.8633680E+01 -1.0115842E+01 -6.5078136E+00
2026 07 23 20 53 30 000 -1.8637233E+01 -1.0119154E+01 -6.5082290E+00
2026 07 23 20 54 00 000 -1.8640783E+01 -1.0122471E+01 -6.5086371E+00
2026 07 23 20 54 30 000 -1.8644331E+01 -1.0125791E+01 -6.5090379E+00
2026 07 23 20 55 00 000 -1.8647877E+01 -1.0129115E+01 -6.5094315E+00
2026 07 23 20 55 30 000 -1.8651420E+01 -1.0132443E+01 -6.5098177E+00
2026 07 23 20 56 00 000 -1.8654961E+01 -1.0135774E+01 -6.5101965E+00
2026 07 23 20 56 30 000 -1.8658500E+01 -1.0139110E+01 -6.5105681E+00
2026 07 23 20 57 00 000 -1.8662036E+01 -1.0142450E+01 -6.5109323E+00
2026 07 23 20 57 30 000 -1.8665570E+01 -1.0145793E+01 -6.5112891E+00
2026 07 23 20 58 00 000 -1.8669102E+01 -1.0149140E+01 -6.5116385E+00
2026 07 23 20 58 30 000 -1.8672632E+01 -1.0152491E+01 -6.5119806E+00
2026 07 23 20 59 00 000 -1.8676159E+01 -1.0155846E+01 -6.5123152E+00
2026 07 23 20 59 30 000 -1.8679684E+01 -1.0159205E+01 -6.5126425E+00
2026 07 23 21 00 00 000 -1.8683206E+01 -1.0162568E+01 -6.5129623E+00
2026 07 23 21 00 30 000 -1.8686726E+01 -1.0165935E+01 -6.5132746E+00
2026 07 23 21 01 00 000 -1.8690244E+01 -1.0169306E+01 -6.5135795E+00
2026 07 23 21 01 30 000 -1.8693760E+01 -1.0172680E+01 -6.5138770E+00
2026 07 23 21 02 00 000 -1.8697273E+01 -1.0176059E+01 -6.5141669E+00
2026 07 23 21 02 30 000 -1.8700785E+01 -1.0179441E+01 -6.5144494E+00
2026 07 23 21 03 00 000 -1.8704293E+01 -1.0182828E+01 -6.5147243E+00
2026 07 23 21 03 30 000 -1.8707800E+01 -1.0186218E+01 -6.5149918E+00
2026 07 23 21 04 00 000 -1.8711304E+01 -1.0189612E+01 -6.5152517E+00
2026 07 23 21 04 30 000 -1.8714806E+01 -1.0193010E+01 -6.5155041E+00
2026 07 23 21 05 00 000 -1.8718305E+01 -1.0196412E+01 -6.5157489E+00
2026 07 23 21 05 30 000 -1.8721803E+01 -1.0199819E+01 -6.5159861E+00
2026 07 23 21 06 00 000 -1.8725298E+01 -1.0203229E+01 -6.5162158E+00
2026 07 23 21 06 30 000 -1.8728791E+01 -1.0206642E+01 -6.5164378E+00
2026 07 23 21 07 00 000 -1.8732281E+01 -1.0210060E+01 -6.5166523E+00
2026 07 23 21 07 30 000 -1.8735769E+01 -1.0213482E+01 -6.5168591E+00
2026 07 23 21 08 00 000 -1.8739255E+01 -1.0216908E+01 -6.5170584E+00
2026 07 23 21 08 30 000 -1.8742738E+01 -1.0220338E+01 -6.5172499E+00
2026 07 23 21 09 00 000 -1.8746220E+01 -1.0223772E+01 -6.5174339E+00
2026 07 23 21 09 30 000 -1.8749699E+01 -1.0227210E+01 -6.5176101E+00
2026 07 23 21 10 00 000 -1.8753175E+01 -1.0230651E+01 -6.5177787E+00
2026 07 23 21 10 30 000 -1.8756650E+01 -1.0234097E+01 -6.5179396E+00
2026 07 23 21 11 00 000 -1.8760122E+01 -1.0237547E+01 -6.5180928E+00
2026 07 23 21 11 30 000 -1.8763592E+01 -1.0241000E+01 -6.5182382E+00
2026 07 23 21 12 00 000 -1.8767060E+01 -1.0244458E+01 -6.5183760E+00
2026 07 23 21 12 30 000 -1.8770525E+01 -1.0247920E+01 -6.5185060E+00
2026 07 23 21 13 00 000 -1.8773988E+01 -1.0251386E+01 -6.5186282E+00
2026 07 23 21 13 30 000 -1.8777449E+01 -1.0254855E+01 -6.5187427E+00
2026 07 23 21 14 00 000 -1.8780907E+01 -1.0258329E+01 -6.5188495E+00
2026 07 23 21 14 30 000 -1.8784363E+01 -1.0261807E+01 -6.5189484E+00
2026 07 23 21 15 00 000 -1.8787817E+01 -1.0265288E+01 -6.5190396E+00
2026 07 23 21 15 30 000 -1.8791269E+01 -1.0268774E+01 -6.5191229E+00
2026 07 23 21 16 00 000 -1.8794718E+01 -1.0272264E+01 -6.5191984E+00
2026 07 23 21 16 30 000 -1.8798165E+01 -1.0275758E+01 -6.5192661E+00
2026 07 23 21 17 00 000 -1.8801610E+01 -1.0279256E+01 -6.5193259E+00
2026 07 23 21 17 30 000 -1.8805053E+01 -1.0282757E+01 -6.5193779E+00
2026 07 23 21 18 00 000 -1.8808493E+01 -1.0286263E+01 -6.5194221E+00
2026 07 23 21 18 30 000 -1.8811931E+01 -1.0289773E+01 -6.5194583E+00
2026 07 23 21 19 00 000 -1.8815367E+01 -1.0293287E+01 -6.5194866E+00
2026 07 23 21 19 30 000 -1.8818800E+01 -1.0296805E+01 -6.5195071E+00
2026 07 23 21 20 00 000 -1.8822232E+01 -1.0300327E+01 -6.5195196E+00
2026 07 23 21 20 30 000 -1.8825661E+01 -1.0303853E+01 -6.5195243E+00
2026 07 23 21 21 00 000 -1.8829087E+01 -1.0307383E+01 -6.5195209E+00
2026 07 23 21 21 30 000 -1.8832512E+01 -1.0310917E+01 -6.5195097E+00
2026 07 23 21 22 00 000 -1.8835934E+01 -1.0314455E+01 -6.5194905E+00
2026 07 23 21 22 30 000 -1.8839354E+01 -1.0317997E+01 -6.5194633E+00
2026 07 23 21 23 00 000 -1.8842772E+01 -1.0321544E+01 -6.5194281E+00
2026 07 23 21 23 30 000 -1.8846187E+01 -1.0325094E+01 -6.5193849E+00
2026 07 23 21 24 00 000 -1.8849600E+01 -1.0328648E+01 -6.5193338E+00
2026 07 23 21 24 30 000 -1.8853011E+01 -1.0332207E+01 -6.5192746E+00
2026 07 23 21 25 00 000 -1.8856420E+01 -1.0335769E+01 -6.5192074E+00
2026 07 23 21 25 30 000 -1.8859826E+01 -1.0339336E+01 -6.5191321E+00
2026 07 23 21 26 00 000 -1.8863230E+01 -1.0342906E+01 -6.5190489E+00
2026 07 23 21 26 30 000 -1.8866632E+01 -1.0346481E+01 -6.5189575E+00
2026 07 23 21 27 00 000 -1.8870032E+01 -1.0350060E+01 -6.5188581E+00
2026 07 23 21 27 30 000 -1.8873429E+01 -1.0353643E+01 -6.5187506E+00
2026 07 23 21 28 00 000 -1.8876824E+01 -1.0357229E+01 -6.5186350E+00
2026 07 23 21 28 30 000 -1.8880217E+01 -1.0360820E+01 -6.5185113E+00
2026 07 23 21 29 00 000 -1.8883608E+01 -1.0364415E+01 -6.5183796E+00
2026 07 23 21 29 30 000 -1.8886996E+01 -1.0368015E+01 -6.5182396E+00
2026 07 23 21 30 00 000 -1.8890383E+01 -1.0371618E+01 -6.5180916E+00
2026 07 23 21 30 30 000 -1.8893766E+01 -1.0375225E+01 -6.5179354E+00
2026 07 23 21 31 00 000 -1.8897148E+01 -1.0378836E+01 -6.5177710E+00
2026 07 23 21 31 30 000 -1.8900528E+01 -1.0382452E+01 -6.5175985E+00
2026 07 23 21 32 00 000 -1.8903905E+01 -1.0386071E+01 -6.5174178E+00
2026 07 23 21 32 30 000 -1.8907280E+01 -1.0389695E+01 -6.5172289E+00
2026 07 23 21 33 00 000 -1.8910652E+01 -1.0393322E+01 -6.5170319E+00
2026 07 23 21 33 30 000 -1.8914023E+01 -1.0396954E+01 -6.5168266E+00
2026 07 23 21 34 00 000 -1.8917391E+01 -1.0400590E+01 -6.5166131E+00
2026 07 23 21 34 30 000 -1.8920757E+01 -1.0404230E+01 -6.5163913E+00
2026 07 23 21 35 00 000 -1.8924121E+01 -1.0407874E+01 -6.5161613E+00
2026 07 23 21 35 30 000 -1.8927482E+01 -1.0411522E+01 -6.5159231E+00
2026 07 23 21 36 00 000 -1.8930842E+01 -1.0415174E+01 -6.5156766E+00
2026 07 23 21 36 30 000 -1.8934199E+01 -1.0418831E+01 -6.5154218E+00
2026 07 23 21 37 00 000 -1.8937554E+01 -1.0422491E+01 -6.5151588E+00
2026 07 23 21 37 30 000 -1.8940906E+01 -1.0426155E+01 -6.5148875E+00
2026 07 23 21 38 00 000 -1.8944256E+01 -1.0429824E+01 -6.5146078E+00
2026 07 23 21 38 30 000 -1.8947605E+01 -1.0433497E+01 -6.5143199E+00
2026 07 23 21 39 00 000 -1.8950951E+01 -1.0437173E+01 -6.5140236E+00
2026 07 23 21 39 30 000 -1.8954294E+01 -1.0440854E+01 -6.5137190E+00
2026 07 23 21 40 00 000 -1.8957636E+01 -1.0444539E+01 -6.5134060E+00
2026 07 23 21 40 30 000 -1.8960975E+01 -1.0448228E+01 -6.5130847E+00
2026 07 23 21 41 00 000 -1.8964312E+01 -1.0451921E+01 -6.5127551E+00
2026 07 23 21 41 30 000 -1.8967647E+01 -1.0455619E+01 -6.5124170E+00
2026 07 23 21 42 00 000 -1.8970979E+01 -1.0459320E+01 -6.5120706E+00
2026 07 23 21 42 30 000 -1.8974310E+01 -1.0463025E+01 -6.5117158E+00
2026 07 23 21 43 00 000 -1.8977638E+01 -1.0466735E+01 -6.5113526E+00
2026 07 23 21 43 30 000 -1.8980964E+01 -1.0470449E+01 -6.5109809E+00
2026 07 23 21 44 00 000 -1.8984287E+01 -1.0474166E+01 -6.5106009E+00
2026 07 23 21 44 30 000 -1.8987609E+01 -1.0477888E+01 -6.5102124E+00
2026 07 23 21 45 00 000 -1.8990928E+01 -1.0481614E+01 -6.5098154E+00
2026 07 23 21 45 30 000 -1.8994245E+01 -1.0485344E+01 -6.5094101E+00
2026 07 23 21 46 00 000 -1.8997560E+01 -1.0489078E+01 -6.5089962E+00
2026 07 23 21 46 30 000 -1.9000872E+01 -1.0492817E+01 -6.5085739E+00
2026 07 23 21 47 00 000 -1.9004183E+01 -1.0496559E+01 -6.5081431E+00
2026 07 23 21 47 30 000 -1.9007491E+01 -1.0500305E+01 -6.5077038E+00
2026 07 23 21 48 00 000 -1.9010797E+01 -1.0504056E+01 -6.5072560E+00
2026 07 23 21 48 30 000 -1.9014101E+01 -1.0507811E+01 -6.5067997E+00
2026 07 23 21 49 00 000 -1.9017402E+01 -1.0511569E+01 -6.5063349E+00
2026 07 23 21 49 30 000 -1.9020701E+01 -1.0515332E+01 -6.5058615E+00
2026 07 23 21 50 00 000 -1.9023998E+01 -1.0519099E+01 -6.5053796E+00
2026 07 23 21 50 30 000 -1.9027293E+01 -1.0522870E+01 -6.5048892E+00
2026 07 23 21 51 00 000 -1.9030586E+01 -1.0526645E+01 -6.5043901E+00
2026 07 23 21 51 30 000 -1.9033877E+01 -1.0530424E+01 -6.5038826E+00
2026 07 23 21 52 00 000 -1.9037165E+01 -1.0534208E+01 -6.5033664E+00
2026 07 23 21 52 30 000 -1.9040451E+01 -1.0537995E+01 -6.5028417E+00
2026 07 23 21 53 00 000 -1.9043735E+01 -1.0541787E+01 -6.5023084E+00
2026 07 23 21 53 30 000 -1.9047016E+01 -1.0545582E+01 -6.5017664E+00
2026 07 23 21 54 00 000 -1.9050296E+01 -1.0549382E+01 -6.5012159E+00
2026 07 23 21 54 30 000 -1.9053573E+01 -1.0553186E+01 -6.5006567E+00
2026 07 23 21 55 00 000 -1.9056848E+01 -1.0556994E+01 -6.5000889E+00
2026 07 23 21 55 30 000 -1.9060121E+01 -1.0560806E+01 -6.4995124E+00
2026 07 23 21 56 00 000 -1.9063392E+01 -1.0564622E+01 -6.4989273E+00
2026 07 23 21 56 30 000 -1.9066660E+01 -1.0568442E+01 -6.4983336E+00
2026 07 23 21 57 00 000 -1.9069927E+01 -1.0572266E+01 -6.4977311E+00
2026 07 23 21 57 30 000 -1.9073191E+01 -1.0576095E+01 -6.4971200E+00
2026 07 23 21 58 00 000 -1.9076453E+01 -1.0579927E+01 -6.4965002E+00
2026 07 23 21 58 30 000 -1.9079712E+01 -1.0583764E+01 -6.4958717E+00
2026 07 23 21 59 00 000 -1.9082970E+01 -1.0587604E+01 -6.4952345E+00
2026 07 23 21 59 30 000 -1.9086225E+01 -1.0591449E+01 -6.4945886E+00
2026 07 23 22 00 00 000 -1.9089478E+01 -1.0595298E+01 -6.4939340E+00
2026 07 23 22 00 30 000 -1.9092729E+01 -1.0599151E+01 -6.4932706E+00
2026 07 23 22 01 00 000 -1.9095978E+01 -1.0603008E+01 -6.4925985E+00
2026 07 23 22 01 30 000 -1.9099224E+01 -1.0606869E+01 -6.4919176E+00
2026 07 23 22 02 00 000 -1.9102469E+01 -1.0610734E+01 -6.4912280E+00
2026 07 23 22 02 30 000 -1.9105711E+01 -1.0614603E+01 -6.4905296E+00
2026 07 23 22 03 00 000 -1.9108951E+01 -1.0618476E+01 -6.4898225E+00
2026 07 23 22 03 30 000 -1.9112189E+01 -1.0622354E+01 -6.4891065E+00
2026 07 23 22 04 00 000 -1.9115424E+01 -1.0626235E+01 -6.4883818E+00
2026 07 23 22 04 30 000 -1.9118658E+01 -1.0630121E+01 -6.4876482E+00
2026 07 23 22 05 00 000 -1.9121889E+01 -1.0634010E+01 -6.4869059E+00
2026 07 23 22 05 30 000 -1.9125118E+01 -1.0637904E+01 -6.4861547E+00
2026 07 23 22 06 00 000 -1.9128345E+01 -1.0641801E+01 -6.4853947E+00
2026 07 23 22 06 30 000 -1.9131570E+01 -1.0645703E+01 -6.4846258E+00
2026 07 23 22 07 00 000 -1.9134792E+01 -1.0649609E+01 -6.4838482E+00
2026 07 23 22 07 30 000 -1.9138013E+01 -1.0653519E+01 -6.4830616E+00
2026 07 23 22 08 00 000 -1.9141231E+01 -1.0657433E+01 -6.4822662E+00
2026 07 23 22 08 30 000 -1.9144447E+01 -1.0661351E+01 -6.4814619E+00
2026 07 23 22 09 00 000 -1.9147661E+01 -1.0665273E+01 -6.4806488E+00
2026 07 23 22 09 30 000 -1.9150873E+01 -1.0669199E+01 -6.4798268E+00
2026 07 23 22 10 00 000 -1.9154082E+01 -1.0673129E+01 -6.4789958E+00
2026 07 23 22 10 30 000 -1.9157289E+01 -1.0677063E+01 -6.4781560E+00
2026 07 23 22 11 00 000 -1.9160495E+01 -1.0681001E+01 -6.4773073E+00
2026 07 23 22 11 30 000 -1.9163698E+01 -1.0684943E+01 -6.4764496E+00
2026 07 23 22 12 00 000 -1.9166898E+01 -1.0688890E+01 -6.4755830E+00
2026 07 23 22 12 30 000 -1.9170097E+01 -1.0692840E+01 -6.4747075E+00
2026 07 23 22 13 00 000 -1.9173293E+01 -1.0696794E+01 -6.4738230E+00
2026 07 23 22 13 30 000 -1.9176488E+01 -1.0700753E+01 -6.4729296E+00
2026 07 23 22 14 00 000 -1.9179680E+01 -1.0704715E+01 -6.4720272E+00
2026 07 23 22 14 30 000 -1.9182870E+01 -1.0708682E+01 -6.4711158E+00
2026 07 23 22 15 00 000 -1.9186058E+01 -1.0712652E+01 -6.4701955E+00
2026 07 23 22 15 30 000 -1.9189243E+01 -1.0716627E+01 -6.4692662E+00
2026 07 23 22 16 00 000 -1.9192427E+01 -1.0720605E+01 -6.4683279E+00
2026 07 23 22 16 30 000 -1.9195608E+01 -1.0724588E+01 -6.4673806E+00
2026 07 23 22 17 00 000 -1.9198787E+01 -1.0728574E+01 -6.4664243E+00
2026 07 23 22 17 30 000 -1.9201964E+01 -1.0732565E+01 -6.4654590E+00
2026 07 23 22 18 00 000 -1.9205139E+01 -1.0736559E+01 -6.4644846E+00
2026 07 23 22 18 30 000 -1.9208312E+01 -1.0740558E+01 -6.4635012E+00
2026 07 23 22 19 00 000 -1.9211482E+01 -1.0744561E+01 -6.4625088E+00
2026 07 23 22 19 30 000 -1.9214651E+01 -1.0748567E+01 -6.4615074E+00
2026 07 23 22 20 00 000 -1.9217817E+01 -1.0752578E+01 -6.4604968E+00
2026 07 23 22 20 30 000 -1.9220981E+01 -1.0756592E+01 -6.4594773E+00
2026 07 23 22 21 00 000 -1.9224143E+01 -1.0760611E+01 -6.4584486E+00
2026 07 23 22 21 30 000 -1.9227303E+01 -1.0764633E+01 -6.4574109E+00
2026 07 23 22 22 00 000 -1.9230460E+01 -1.0768660E+01 -6.4563641E+00
2026 07 23 22 22 30 000 -1.9233616E+01 -1.0772690E+01 -6.4553082E+00
2026 07 23 22 23 00 000 -1.9236769E+01 -1.0776725E+01 -6.4542432E+00
2026 07 23 22 23 30 000 -1.9239920E+01 -1.0780763E+01 -6.4531691E+00
2026 07 23 22 24 00 000 -1.9243069E+01 -1.0784806E+01 -6.4520859E+00
2026 07 23 22 24 30 000 -1.9246216E+01 -1.0788852E+01 -6.4509935E+00
2026 07 23 22 25 00 000 -1.9249361E+01 -1.0792902E+01 -6.4498921E+00
2026 07 23 22 25 30 000 -1.9252503E+01 -1.0796957E+01 -6.4487815E+00
2026 07 23 22 26 00 000 -1.9255644E+01 -1.0801015E+01 -6.4476617E+00
2026 07 23 22 26 30 000 -1.9258782E+01 -1.0805077E+01 -6.4465328E+00
2026 07 23 22 27 00 000 -1.9261918E+01 -1.0809143E+01 -6.4453948E+00
2026 07 23 22 27 30 000 -1.9265052E+01 -1.0813213E+01 -6.4442475E+00
2026 07 23 22 28 00 000 -1.9268184E+01 -1.0817287E+01 -6.4430911E+00
2026 07 23 22 28 30 000 -1.9271314E+01 -1.0821365E+01 -6.4419256E+00
2026 07 23 22 29 00 000 -1.9274441E+01 -1.0825447E+01 -6.4407508E+00
2026 07 23 22 29 30 000 -1.9277566E+01 -1.0829533E+01 -6.4395669E+00
2026 07 23 22 30 00 000 -1.9280690E+01 -1.0833623E+01 -6.4383737E+00
2026 07 23 22 30 30 000 -1.9283811E+01 -1.0837717E+01 -6.4371714E+00
2026 07 23 22 31 00 000 -1.9286930E+01 -1.0841814E+01 -6.4359598E+00
2026 07 23 22 31 30 000 -1.9290047E+01 -1.0845916E+01 -6.4347390E+00
2026 07 23 22 32 00 000 -1.9293161E+01 -1.0850021E+01 -6.4335090E+00
2026 07 23 22 32 30 000 -1.9296274E+01 -1.0854131E+01 -6.4322697E+00
2026 07 23 22 33 00 000 -1.9299384E+01 -1.0858244E+01 -6.4310212E+00
2026 07 23 22 33 30 000 -1.9302493E+01 -1.0862361E+01 -6.4297635E+00
2026 07 23 22 34 00 000 -1.9305599E+01 -1.0866482E+01 -6.4284965E+00
2026 07 23 22 34 30 000 -1.9308703E+01 -1.0870607E+01 -6.4272202E+00
2026 07 23 22 35 00 000 -1.9311805E+01 -1.0874736E+01 -6.4259347E+00
2026 07 23 22 35 30 000 -1.9314905E+01 -1.0878868E+01 -6.4246399E+00
2026 07 23 22 36 00 000 -1.9318002E+01 -1.0883005E+01 -6.4233358E+00
2026 07 23 22 36 30 000 -1.9321098E+01 -1.0887145E+01 -6.4220224E+00
2026 07 23 22 37 00 000 -1.9324191E+01 -1.0891290E+01 -6.4206997E+00
2026 07 23 22 37 30 000 -1.9327283E+01 -1.0895438E+01 -6.4193677E+00
2026 07 23 22 38 00 000 -1.9330372E+01 -1.0899590E+01 -6.4180265E+00
2026 07 23 22 38 30 000 -1.9333459E+01 -1.0903746E+01 -6.4166759E+00
2026 07 23 22 39 00 000 -1.9336544E+01 -1.0907906E+01 -6.4153159E+00
2026 07 23 22 39 30 000 -1.9339626E+01 -1.0912069E+01 -6.4139467E+00
2026 07 23 22 40 00 000 -1.9342707E+01 -1.0916236E+01 -6.4125681E+00
2026 07 23 22 40 30 000 -1.9345786E+01 -1.0920408E+01 -6.4111802E+00
2026 07 23 22 41 00 000 -1.9348862E+01 -1.0924583E+01 -6.4097829E+00
2026 07 23 22 41 30 000 -1.9351936E+01 -1.0928762E+01 -6.4083763E+00
2026 07 23 22 42 00 000 -1.9355009E+01 -1.0932944E+01 -6.4069603E+00
2026 07 23 22 42 30 000 -1.9358079E+01 -1.0937131E+01 -6.4055350E+00
2026 07 23 22 43 00 000 -1.9361147E+01 -1.0941321E+01 -6.4041002E+00
2026 07 23 22 43 30 000 -1.9364212E+01 -1.0945515E+01 -6.4026562E+00
2026 07 23 22 44 00 000 -1.9367276E+01 -1.0949713E+01 -6.4012027E+00
2026 07 23 22 44 30 000 -1.9370338E+01 -1.0953915E+01 -6.3997398E+00
2026 07 23 22 45 00 000 -1.9373397E+01 -1.0958120E+01 -6.3982675E+00
2026 07 23 22 45 30 000 -1.9376454E+01 -1.0962330E+01 -6.3967859E+00
2026 07 23 22 46 00 000 -1.9379510E+01 -1.0966543E+01 -6.3952948E+00
2026 07 23 22 46 30 000 -1.9382563E+01 -1.0970760E+01 -6.3937943E+00
2026 07 23 22 47 00 000 -1.9385614E+01 -1.0974980E+01 -6.3922844E+00
2026 07 23 22 47 30 000 -1.9388663E+01 -1.0979205E+01 -6.3907650E+00
2026 07 23 22 48 00 000 -1.9391710E+01 -1.0983433E+01 -6.3892363E+00
2026 07 23 22 48 30 000 -1.9394754E+01 -1.0987665E+01 -6.3876981E+00
2026 07 23 22 49 00 000 -1.9397797E+01 -1.0991900E+01 -6.3861504E+00
2026 07 23 22 49 30 000 -1.9400837E+01 -1.0996140E+01 -6.3845933E+00
2026 07 23 22 50 00 000 -1.9403876E+01 -1.1000383E+01 -6.3830267E+00
2026 07 23 22 50 30 000 -1.9406912E+01 -1.1004629E+01 -6.3814507E+00
2026 07 23 22 51 00 000 -1.9409946E+01 -1.1008880E+01 -6.3798652E+00
2026 07 23 22 51 30 000 -1.9412978E+01 -1.1013134E+01 -6.3782703E+00
2026 07 23 22 52 00 000 -1.9416008E+01 -1.1017392E+01 -6.3766659E+00
2026 07 23 22 52 30 000 -1.9419036E+01 -1.1021654E+01 -6.3750519E+00
2026 07 23 22 53 00 000 -1.9422062E+01 -1.1025919E+01 -6.3734285E+00
2026 07 23 22 53 30 000 -1.9425085E+01 -1.1030188E+01 -6.3717956E+00
2026 07 23 22 54 00 000 -1.9428107E+01 -1.1034461E+01 -6.3701532E+00
2026 07 23 22 54 30 000 -1.9431126E+01 -1.1038737E+01 -6.3685013E+00
2026 07 23 22 55 00 000 -1.9434144E+01 -1.1043018E+01 -6.3668399E+00
2026 07 23 22 55 30 000 -1.9437159E+01 -1.1047301E+01 -6.3651690E+00
2026 07 23 22 56 00 000 -1.9440172E+01 -1.1051589E+01 -6.3634885E+00
2026 07 23 22 56 30 000 -1.9443183E+01 -1.1055880E+01 -6.3617985E+00
2026 07 23 22 57 00 000 -1.9446192E+01 -1.1060175E+01 -6.3600990E+00
2026 07 23 22 57 30 000 -1.9449199E+01 -1.1064473E+01 -6.3583899E+00
2026 07 23 22 58 00 000 -1.9452204E+01 -1.1068775E+01 -6.3566713E+00
2026 07 23 22 58 30 000 -1.9455206E+01 -1.1073081E+01 -6.3549432E+00
2026 07 23 22 59 00 000 -1.9458207E+01 -1.1077390E+01 -6.3532055E+00
2026 07 23 22 59 30 000 -1.9461206E+01 -1.1081703E+01 -6.3514583E+00
2026 07 23 23 00 00 000 -1.9464202E+01 -1.1086019E+01 -6.3497014E+00
2026 07 23 23 00 30 000 -1.9467196E+01 -1.1090339E+01 -6.3479350E+00
2026 07 23 23 01 00 000 -1.9470188E+01 -1.1094663E+01 -6.3461591E+00
2026 07 23 23 01 30 000 -1.9473179E+01 -1.1098990E+01 -6.3443735E+00
2026 07 23 23 02 00 000 -1.9476167E+01 -1.1103321E+01 -6.3425784E+00
2026 07 23 23 02 30 000 -1.9479153E+01 -1.1107656E+01 -6.3407737E+00
2026 07 23 23 03 00 000 -1.9482136E+01 -1.1111994E+01 -6.3389594E+00
2026 07 23 23 03 30 000 -1.9485118E+01 -1.1116336E+01 -6.3371355E+00
2026 07 23 23 04 00 000 -1.9488098E+01 -1.1120681E+01 -6.3353020E+00
2026 07 23 23 04 30 000 -1.9491076E+01 -1.1125029E+01 -6.3334588E+00
2026 07 23 23 05 00 000 -1.9494051E+01 -1.1129382E+01 -6.3316061E+00
2026 07 23 23 05 30 000 -1.9497025E+01 -1.1133738E+01 -6.3297438E+00
2026 07 23 23 06 00 000 -1.9499996E+01 -1.1138097E+01 -6.3278718E+00
2026 07 23 23 06 30 000 -1.9502965E+01 -1.1142460E+01 -6.3259902E+00
2026 07 23 23 07 00 000 -1.9505932E+01 -1.1146826E+01 -6.3240989E+00
2026 07 23 23 07 30 000 -1.9508898E+01 -1.1151196E+01 -6.3221981E+00
2026 07 23 23 08 00 000 -1.9511861E+01 -1.1155569E+01 -6.3202876E+00
2026 07 23 23 08 30 000 -1.9514822E+01 -1.1159946E+01 -6.3183674E+00
2026 07 23 23 09 00 000 -1.9517780E+01 -1.1164327E+01 -6.3164376E+00
2026 07 23 23 09 30 000 -1.9520737E+01 -1.1168711E+01 -6.3144981E+00
2026 07 23 23 10 00 000 -1.9523692E+01 -1.1173098E+01 -6.3125490E+00
2026 07 23 23 10 30 000 -1.9526645E+01 -1.1177489E+01 -6.3105902E+00
2026 07 23 23 11 00 000 -1.9529595E+01 -1.1181883E+01 -6.3086218E+00
2026 07 23 23 11 30 000 -1.9532544E+01 -1.1186281E+01 -6.3066437E+00
2026 07 23 23 12 00 000 -1.9535490E+01 -1.1190682E+01 -6.3046558E+00
2026 07 23 23 12 30 000 -1.9538435E+01 -1.1195087E+01 -6.3026584E+00
2026 07 23 23 13 00 000 -1.9541377E+01 -1.1199495E+01 -6.3006512E+00
2026 07 23 23 13 30 000 -1.9544317E+01 -1.1203906E+01 -6.2986343E+00
2026 07 23 23 14 00 000 -1.9547255E+01 -1.1208321E+01 -6.2966078E+00
2026 07 23 23 14 30 000 -1.9550191E+01 -1.1212739E+01 -6.2945715E+00
2026 07 23 23 15 00 000 -1.9553126E+01 -1.1217161E+01 -6.2925256E+00
2026 07 23 23 15 30 000 -1.9556057E+01 -1.1221586E+01 -6.2904699E+00
2026 07 23 23 16 00 000 -1.9558987E+01 -1.1226014E+01 -6.2884046E+00
2026 07 23 23 16 30 000 -1.9561915E+01 -1.1230446E+01 -6.2863295E+00
2026 07 23 23 17 00 000 -1.9564841E+01 -1.1234882E+01 -6.2842447E+00
2026 07 23 23 17 30 000 -1.9567765E+01 -1.1239320E+01 -6.2821502E+00
2026 07 23 23 18 00 000 -1.9570686E+01 -1.1243762E+01 -6.2800459E+00
2026 07 23 23 18 30 000 -1.9573606E+01 -1.1248207E+01 -6.2779320E+00
2026 07 23 23 19 00 000 -1.9576523E+01 -1.1252656E+01 -6.2758083E+00
2026 07 23 23 19 30 000 -1.9579439E+01 -1.1257108E+01 -6.2736748E+00
2026 07 23 23 20 00 000 -1.9582352E+01 -1.1261563E+01 -6.2715316E+00
2026 07 23 23 20 30 000 -1.9585264E+01 -1.1266022E+01 -6.2693787E+00
2026 07 23 23 21 00 000 -1.9588173E+01 -1.1270484E+01 -6.2672160E+00
2026 07 23 23 21 30 000 -1.9591080E+01 -1.1274949E+01 -6.2650436E+00
2026 07 23 23 22 00 000 -1.9593985E+01 -1.1279417E+01 -6.2628614E+00
2026 07 23 23 22 30 000 -1.9596888E+01 -1.1283889E+01 -6.2606695E+00
2026 07 23 23 23 00 000 -1.9599789E+01 -1.1288364E+01 -6.2584678E+00
2026 07 23 23 23 30 000 -1.9602688E+01 -1.1292843E+01 -6.2562563E+00
2026 07 23 23 24 00 000 -1.9605585E+01 -1.1297324E+01 -6.2540350E+00
2026 07 23 23 24 30 000 -1.9608480E+01 -1.1301809E+01 -6.2518040E+00
2026 07 23 23 25 00 000 -1.9611373E+01 -1.1306297E+01 -6.2495633E+00
2026 07 23 23 25 30 000 -1.9614264E+01 -1.1310788E+01 -6.2473127E+00
2026 07 23 23 26 00 000 -1.9617153E+01 -1.1315283E+01 -6.2450523E+00
2026 07 23 23 26 30 000 -1.9620039E+01 -1.1319781E+01 -6.2427822E+00
2026 07 23 23 27 00 000 -1.9622924E+01 -1.1324282E+01 -6.2405022E+00
2026 07 23 23 27 30 000 -1.9625807E+01 -1.1328786E+01 -6.2382125E+00
2026 07 23 23 28 00 000 -1.9628687E+01 -1.1333293E+01 -6.2359129E+00
2026 07 23 23 28 30 000 -1.9631566E+01 -1.1337803E+01 -6.2336036E+00
2026 07 23 23 29 00 000 -1.9634442E+01 -1.1342317E+01 -6.2312845E+00
2026 07 23 23 29 30 000 -1.9637316E+01 -1.1346834E+01 -6.2289555E+00
2026 07 23 23 30 00 000 -1.9640189E+01 -1.1351354E+01 -6.2266168E+00
2026 07 23 23 30 30 000 -1.9643059E+01 -1.1355877E+01 -6.2242682E+00
2026 07 23 23 31 00 000 -1.9645927E+01 -1.1360403E+01 -6.2219098E+00
2026 07 23 23 31 30 000 -1.9648794E+01 -1.1364933E+01 -6.2195416E+00
2026 07 23 23 32 00 000 -1.9651658E+01 -1.1369465E+01 -6.2171636E+00
2026 07 23 23 32 30 000 -1.9654520E+01 -1.1374001E+01 -6.2147758E+00
2026 07 23 23 33 00 000 -1.9657380E+01 -1.1378540E+01 -6.2123781E+00
2026 07 23 23 33 30 000 -1.9660238E+01 -1.1383082E+01 -6.2099706E+00
2026 07 23 23 34 00 000 -1.9663094E+01 -1.1387627E+01 -6.2075532E+00
2026 07 23 23 34 30 000 -1.9665948E+01 -1.1392175E+01 -6.2051261E+00
2026 07 23 23 35 00 000 -1.9668800E+01 -1.1396726E+01 -6.2026891E+00
2026 07 23 23 35 30 000 -1.9671650E+01 -1.1401280E+01 -6.2002422E+00
2026 07 23 23 36 00 000 -1.9674498E+01 -1.1405837E+01 -6.1977855E+00
2026 07 23 23 36 30 000 -1.9677344E+01 -1.1410397E+01 -6.1953190E+00
2026 07 23 23 37 00 000 -1.9680187E+01 -1.1414961E+01 -6.1928426E+00
2026 07 23 23 37 30 000 -1.9683029E+01 -1.1419527E+01 -6.1903563E+00
2026 07 23 23 38 00 000 -1.9685869E+01 -1.1424096E+01 -6.1878602E+00
2026 07 23 23 38 30 000 -1.9688707E+01 -1.1428668E+01 -6.1853542E+00
2026 07 23 23 39 00 000 -1.9691542E+01 -1.1433244E+01 -6.1828384E+00
2026 07 23 23 39 30 000 -1.9694376E+01 -1.1437822E+01 -6.1803127E+00
2026 07 23 23 40 00 000 -1.9697207E+01 -1.1442403E+01 -6.1777772E+00
2026 07 23 23 40 30 000 -1.9700037E+01 -1.1446987E+01 -6.1752318E+00
2026 07 23 23 41 00 000 -1.9702865E+01 -1.1451575E+01 -6.1726765E+00
2026 07 23 23 41 30 000 -1.9705690E+01 -1.1456165E+01 -6.1701113E+00
2026 07 23 23 42 00 000 -1.9708514E+01 -1.1460758E+01 -6.1675363E+00
2026 07 23 23 42 30 000 -1.9711335E+01 -1.1465354E+01 -6.1649514E+00
2026 07 23 23 43 00 000 -1.9714154E+01 -1.1469953E+01 -6.1623566E+00
2026 07 23 23 43 30 000 -1.9716972E+01 -1.1474554E+01 -6.1597519E+00
2026 07 23 23 44 00 000 -1.9719787E+01 -1.1479159E+01 -6.1571374E+00
2026 07 23 23 44 30 000 -1.9722601E+01 -1.1483767E+01 -6.1545129E+00
2026 07 23 23 45 00 000 -1.9725412E+01 -1.1488377E+01 -6.1518786E+00
2026 07 23 23 45 30 000 -1.9728221E+01 -1.1492990E+01 -6.1492344E+00
2026 07 23 23 46 00 000 -1.9731028E+01 -1.1497607E+01 -6.1465803E+00
2026 07 23 23 46 30 000 -1.9733834E+01 -1.1502226E+01 -6.1439163E+00
2026 07 23 23 47 00 000 -1.9736637E+01 -1.1506847E+01 -6.1412424E+00
2026 07 23 23 47 30 000 -1.9739438E+01 -1.1511472E+01 -6.1385587E+00
2026 07 23 23 48 00 000 -1.9742237E+01 -1.1516100E+01 -6.1358650E+00
2026 07 23 23 48 30 000 -1.9745035E+01 -1.1520730E+01 -6.1331614E+00
2026 07 23 23 49 00 000 -1.9747830E+01 -1.1525363E+01 -6.1304479E+00
2026 07 23 23 49 30 000 -1.9750623E+01 -1.1529999E+01 -6.1277245E+00
2026 07 23 23 50 00 000 -1.9753414E+01 -1.1534638E+01 -6.1249912E+00
2026 07 23 23 50 30 000 -1.9756203E+01 -1.1539279E+01 -6.1222480E+00
2026 07 23 23 51 00 000 -1.9758990E+01 -1.1543923E+01 -6.1194949E+00
2026 07 23 23 51 30 000 -1.9761775E+01 -1.1548570E+01 -6.1167319E+00
2026 07 23 23 52 00 000 -1.9764558E+01 -1.1553220E+01 -6.1139590E+00
2026 07 23 23 52 30 000 -1.9767339E+01 -1.1557872E+01 -6.1111762E+00
2026 07 23 23 53 00 000 -1.9770118E+01 -1.1562528E+01 -6.1083834E+00
2026 07 23 23 53 30 000 -1.9772896E+01 -1.1567186E+01 -6.1055807E+00
2026 07 23 23 54 00 000 -1.9775671E+01 -1.1571846E+01 -6.1027681E+00
2026 07 23 23 54 30 000 -1.9778444E+01 -1.1576509E+01 -6.0999456E+00
2026 07 23 23 55 00 000 -1.9781215E+01 -1.1581175E+01 -6.0971132E+00
2026 07 23 23 55 30 000 -1.9783984E+01 -1.1585844E+01 -6.0942709E+00
2026 07 23 23 56 00 000 -1.9786751E+01 -1.1590515E+01 -6.0914186E+00
2026 07 23 23 56 30 000 -1.9789516E+01 -1.1595189E+01 -6.0885564E+00
2026 07 23 23 57 00 000 -1.9792279E+01 -1.1599865E+01 -6.0856843E+00
2026 07 23 23 57 30 000 -1.9795039E+01 -1.1604545E+01 -6.0828022E+00
2026 07 23 23 58 00 000 -1.9797798E+01 -1.1609226E+01 -6.0799103E+00
2026 07 23 23 58 30 000 -1.9800555E+01 -1.1613911E+01 -6.0770084E+00
2026 07 23 23 59 00 000 -1.9803310E+01 -1.1618598E+01 -6.0740966E+00
2026 07 23 23 59 30 000 -1.9806063E+01 -1.1623287E+01 -6.0711748E+00
2026 07 24 00 00 00 000 -1.9808814E+01 -1.1627979E+01 -6.0682431E+00
2026 07 24 00 00 30 000 -1.9811563E+01 -1.1632674E+01 -6.0653015E+00
2026 07 24 00 01 00 000 -1.9814310E+01 -1.1637371E+01 -6.0623499E+00
2026 07 24 00 01 30 000 -1.9817055E+01 -1.1642071E+01 -6.0593884E+00
2026 07 24 00 02 00 000 -1.9819798E+01 -1.1646773E+01 -6.0564170E+00
2026 07 24 00 02 30 000 -1.9822539E+01 -1.1651478E+01 -6.0534357E+00
2026 07 24 00 03 00 000 -1.9825278E+01 -1.1656185E+01 -6.0504444E+00
2026 07 24 00 03 30 000 -1.9828015E+01 -1.1660895E+01 -6.0474432E+00
2026 07 24 00 04 00 000 -1.9830750E+01 -1.1665607E+01 -6.0444320E+00
2026 07 24 00 04 30 000 -1.9833483E+01 -1.1670322E+01 -6.0414109E+00
2026 07 24 00 05 00 000 -1.9836214E+01 -1.1675039E+01 -6.0383798E+00
2026 07 24 00 05 30 000 -1.9838943E+01 -1.1679759E+01 -6.0353389E+00
2026 07 24 00 06 00 000 -1.9841670E+01 -1.1684481E+01 -6.0322879E+00
2026 07 24 00 06 30 000 -1.9844395E+01 -1.1689206E+01 -6.0292271E+00
2026 07 24 00 07 00 000 -1.9847118E+01 -1.1693933E+01 -6.0261563E+00
2026 07 24 00 07 30 000 -1.9849839E+01 -1.1698662E+01 -6.0230756E+00
2026 07 24 00 08 00 000 -1.9852558E+01 -1.1703394E+01 -6.0199849E+00
2026 07 24 00 08 30 000 -1.9855275E+01 -1.1708128E+01 -6.0168842E+00
2026 07 24 00 09 00 000 -1.9857990E+01 -1.1712865E+01 -6.0137737E+00
2026 07 24 00 09 30 000 -1.9860703E+01 -1.1717603E+01 -6.0106532E+00
2026 07 24 00 10 00 000 -1.9863414E+01 -1.1722345E+01 -6.0075227E+00
2026 07 24 00 10 30 000 -1.9866123E+01 -1.1727088E+01 -6.0043823E+00
2026 07 24 00 11 00 000 -1.9868830E+01 -1.1731834E+01 -6.0012320E+00
2026 07 24 00 11 30 000 -1.9871535E+01 -1.1736582E+01 -5.9980717E+00
2026 07 24 00 12 00 000 -1.9874238E+01 -1.1741333E+01 -5.9949015E+00
2026 07 24 00 12 30 000 -1.9876939E+01 -1.1746086E+01 -5.9917214E+00
2026 07 24 00 13 00 000 -1.9879638E+01 -1.1750841E+01 -5.9885313E+00
2026 07 24 00 13 30 000 -1.9882336E+01 -1.1755598E+01 -5.9853312E+00
2026 07 24 00 14 00 000 -1.9885031E+01 -1.1760358E+01 -5.9821213E+00
2026 07 24 00 14 30 000 -1.9887724E+01 -1.1765120E+01 -5.9789013E+00
2026 07 24 00 15 00 000 -1.9890415E+01 -1.1769884E+01 -5.9756715E+00
2026 07 24 00 15 30 000 -1.9893104E+01 -1.1774650E+01 -5.9724317E+00
2026 07 24 00 16 00 000 -1.9895792E+01 -1.1779419E+01 -5.9691819E+00
2026 07 24 00 16 30 000 -1.9898477E+01 -1.1784190E+01 -5.9659222E+00
2026 07 24 00 17 00 000 -1.9901160E+01 -1.1788962E+01 -5.9626526E+00
2026 07 24 00 17 30 000 -1.9903841E+01 -1.1793738E+01 -5.9593730E+00
2026 07 24 00 18 00 000 -1.9906521E+01 -1.1798515E+01 -5.9560835E+00
2026 07 24 00 18 30 000 -1.9909198E+01 -1.1803294E+01 -5.9527841E+00
2026 07 24 00 19 00 000 -1.9911874E+01 -1.1808076E+01 -5.9494747E+00
2026 07 24 00 19 30 000 -1.9914547E+01 -1.1812860E+01 -5.9461554E+00
2026 07 24 00 20 00 000 -1.9917218E+01 -1.1817645E+01 -5.9428261E+00
2026 07 24 00 20 30 000 -1.9919888E+01 -1.1822433E+01 -5.9394869E+00
2026 07 24 00 21 00 000 -1.9922555E+01 -1.1827223E+01 -5.9361378E+00
2026 07 24 00 21 30 000 -1.9925221E+01 -1.1832016E+01 -5.9327787E+00
2026 07 24 00 22 00 000 -1.9927884E+01 -1.1836810E+01 -5.9294097E+00
2026 07 24 00 22 30 000 -1.9930546E+01 -1.1841606E+01 -5.9260308E+00
2026 07 24 00 23 00 000 -1.9933205E+01 -1.1846404E+01 -5.9226419E+00
2026 07 24 00 23 30 000 -1.9935863E+01 -1.1851205E+01 -5.9192431E+00
2026 07 24 00 24 00 000 -1.9938519E+01 -1.1856007E+01 -5.9158344E+00
2026 07 24 00 24 30 000 -1.9941172E+01 -1.1860811E+01 -5.9124157E+00
2026 07 24 00 25 00 000 -1.9943824E+01 -1.1865618E+01 -5.9089871E+00
2026 07 24 00 25 30 000 -1.9946474E+01 -1.1870426E+01 -5.9055486E+00
2026 07 24 00 26 00 000 -1.9949122E+01 -1.1875237E+01 -5.9021001E+00
2026 07 24 00 26 30 000 -1.9951767E+01 -1.1880049E+01 -5.8986418E+00
2026 07 24 00 27 00 000 -1.9954411E+01 -1.1884863E+01 -5.8951735E+00
2026 07 24 00 27 30 000 -1.9957053E+01 -1.1889679E+01 -5.8916953E+00
2026 07 24 00 28 00 000 -1.9959693E+01 -1.1894497E+01 -5.8882071E+00
2026 07 24 00 28 30 000 -1.9962331E+01 -1.1899317E+01 -5.8847091E+00
2026 07 24 00 29 00 000 -1.9964967E+01 -1.1904139E+01 -5.8812011E+00
2026 07 24 00 29 30 000 -1.9967601E+01 -1.1908963E+01 -5.8776832E+00
2026 07 24 00 30 00 000 -1.9970233E+01 -1.1913789E+01 -5.8741554E+00
2026 07 24 00 30 30 000 -1.9972863E+01 -1.1918617E+01 -5.8706176E+00
2026 07 24 00 31 00 000 -1.9975491E+01 -1.1923446E+01 -5.8670700E+00
2026 07 24 00 31 30 000 -1.9978117E+01 -1.1928277E+01 -5.8635124E+00
2026 07 24 00 32 00 000 -1.9980742E+01 -1.1933110E+01 -5.8599449E+00
2026 07 24 00 32 30 000 -1.9983364E+01 -1.1937945E+01 -5.8563676E+00
2026 07 24 00 33 00 000 -1.9985984E+01 -1.1942782E+01 -5.8527803E+00
2026 07 24 00 33 30 000 -1.9988603E+01 -1.1947620E+01 -5.8491831E+00
2026 07 24 00 34 00 000 -1.9991219E+01 -1.1952461E+01 -5.8455760E+00
2026 07 24 00 34 30 000 -1.9993833E+01 -1.1957303E+01 -5.8419590E+00
2026 07 24 00 35 00 000 -1.9996446E+01 -1.1962147E+01 -5.8383321E+00
2026 07 24 00 35 30 000 -1.9999056E+01 -1.1966992E+01 -5.8346953E+00
2026 07 24 00 36 00 000 -2.0001665E+01 -1.1971839E+01 -5.8310486E+00
2026 07 24 00 36 30 000 -2.0004272E+01 -1.1976688E+01 -5.8273920E+00
2026 07 24 00 37 00 000 -2.0006876E+01 -1.1981539E+01 -5.8237255E+00
2026 07 24 00 37 30 000 -2.0009479E+01 -1.1986391E+01 -5.8200492E+00
2026 07 24 00 38 00 000 -2.0012080E+01 -1.1991245E+01 -5.8163629E+00
2026 07 24 00 38 30 000 -2.0014679E+01 -1.1996101E+01 -5.8126668E+00
2026 07 24 00 39 00 000 -2.0017275E+01 -1.2000959E+01 -5.8089607E+00
2026 07 24 00 39 30 000 -2.0019870E+01 -1.2005818E+01 -5.8052448E+00
2026 07 24 00 40 00 000 -2.0022463E+01 -1.2010678E+01 -5.8015190E+00
2026 07 24 00 40 30 000 -2.0025054E+01 -1.2015540E+01 -5.7977834E+00
2026 07 24 00 41 00 000 -2.0027643E+01 -1.2020404E+01 -5.7940378E+00
2026 07 24 00 41 30 000 -2.0030230E+01 -1.2025270E+01 -5.7902824E+00
2026 07 24 00 42 00 000 -2.0032816E+01 -1.2030137E+01 -5.7865171E+00
2026 07 24 00 42 30 000 -2.0035399E+01 -1.2035005E+01 -5.7827419E+00
2026 07 24 00 43 00 000 -2.0037980E+01 -1.2039875E+01 -5.7789569E+00
2026 07 24 00 43 30 000 -2.0040559E+01 -1.2044747E+01 -5.7751620E+00
2026 07 24 00 44 00 000 -2.0043137E+01 -1.2049620E+01 -5.7713573E+00
2026 07 24 00 44 30 000 -2.0045712E+01 -1.2054495E+01 -5.7675427E+00
2026 07 24 00 45 00 000 -2.0048286E+01 -1.2059371E+01 -5.7637182E+00
2026 07 24 00 45 30 000 -2.0050857E+01 -1.2064249E+01 -5.7598839E+00
2026 07 24 00 46 00 000 -2.0053427E+01 -1.2069128E+01 -5.7560397E+00
2026 07 24 00 46 30 000 -2.0055995E+01 -1.2074008E+01 -5.7521857E+00
2026 07 24 00 47 00 000 -2.0058560E+01 -1.2078891E+01 -5.7483219E+00
2026 07 24 00 47 30 000 -2.0061124E+01 -1.2083774E+01 -5.7444482E+00
2026 07 24 00 48 00 000 -2.0063686E+01 -1.2088659E+01 -5.7405647E+00
2026 07 24 00 48 30 000 -2.0066246E+01 -1.2093545E+01 -5.7366713E+00
2026 07 24 00 49 00 000 -2.0068804E+01 -1.2098433E+01 -5.7327681E+00
2026 07 24 00 49 30 000 -2.0071360E+01 -1.2103322E+01 -5.7288551E+00
2026 07 24 00 50 00 000 -2.0073914E+01 -1.2108212E+01 -5.7249322E+00
2026 07 24 00 50 30 000 -2.0076466E+01 -1.2113104E+01 -5.7209995E+00
2026 07 24 00 51 00 000 -2.0079017E+01 -1.2117997E+01 -5.7170570E+00
2026 07 24 00 51 30 000 -2.0081565E+01 -1.2122892E+01 -5.7131047E+00
2026 07 24 00 52 00 000 -2.0084111E+01 -1.2127787E+01 -5.7091426E+00
2026 07 24 00 52 30 000 -2.0086656E+01 -1.2132685E+01 -5.7051707E+00
2026 07 24 00 53 00 000 -2.0089198E+01 -1.2137583E+01 -5.7011889E+00
2026 07 24 00 53 30 000 -2.0091739E+01 -1.2142483E+01 -5.6971974E+00
2026 07 24 00 54 00 000 -2.0094278E+01 -1.2147383E+01 -5.6931960E+00
2026 07 24 00 54 30 000 -2.0096814E+01 -1.2152286E+01 -5.6891849E+00
2026 07 24 00 55 00 000 -2.0099349E+01 -1.2157189E+01 -5.6851639E+00
2026 07 24 00 55 30 000 -2.0101882E+01 -1.2162093E+01 -5.6811332E+00
2026 07 24 00 56 00 000 -2.0104413E+01 -1.2166999E+01 -5.6770927E+00
2026 07 24 00 56 30 000 -2.0106942E+01 -1.2171906E+01 -5.6730424E+00
2026 07 24 00 57 00 000 -2.0109469E+01 -1.2176814E+01 -5.6689823E+00
2026 07 24 00 57 30 000 -2.0111994E+01 -1.2181724E+01 -5.6649125E+00
2026 07 24 00 58 00 000 -2.0114517E+01 -1.2186634E+01 -5.6608329E+00
2026 07 24 00 58 30 000 -2.0117039E+01 -1.2191546E+01 -5.6567435E+00
2026 07 24 00 59 00 000 -2.0119558E+01 -1.2196459E+01 -5.6526443E+00
2026 07 24 00 59 30 000 -2.0122076E+01 -1.2201372E+01 -5.6485354E+00
2026 07 24 01 00 00 000 -2.0124591E+01 -1.2206287E+01 -5.6444167E+00
2026 07 24 01 00 30 000 -2.0127105E+01 -1.2211203E+01 -5.6402883E+00
2026 07 24 01 01 00 000 -2.0129616E+01 -1.2216120E+01 -5.6361501E+00
2026 07 24 01 01 30 000 -2.0132126E+01 -1.2221039E+01 -5.6320022E+00
2026 07 24 01 02 00 000 -2.0134634E+01 -1.2225958E+01 -5.6278446E+00
2026 07 24 01 02 30 000 -2.0137140E+01 -1.2230878E+01 -5.6236772E+00
2026 07 24 01 03 00 000 -2.0139644E+01 -1.2235799E+01 -5.6195001E+00
2026 07 24 01 03 30 000 -2.0142146E+01 -1.2240722E+01 -5.6153132E+00
2026 07 24 01 04 00 000 -2.0144646E+01 -1.2245645E+01 -5.6111167E+00
2026 07 24 01 04 30 000 -2.0147144E+01 -1.2250569E+01 -5.6069104E+00
2026 07 24 01 05 00 000 -2.0149641E+01 -1.2255494E+01 -5.6026944E+00
2026 07 24 01 05 30 000 -2.0152135E+01 -1.2260420E+01 -5.5984687E+00
2026 07 24 01 06 00 000 -2.0154628E+01 -1.2265347E+01 -5.5942333E+00
2026 07 24 01 06 30 000 -2.0157118E+01 -1.2270275E+01 -5.5899882E+00
2026 07 24 01 07 00 000 -2.0159607E+01 -1.2275204E+01 -5.5857334E+00
2026 07 24 01 07 30 000 -2.0162094E+01 -1.2280134E+01 -5.5814689E+00
2026 07 24 01 08 00 000 -2.0164579E+01 -1.2285065E+01 -5.5771947E+00
2026 07 24 01 08 30 000 -2.0167062E+01 -1.2289996E+01 -5.5729109E+00
2026 07 24 01 09 00 000 -2.0169543E+01 -1.2294929E+01 -5.5686173E+00
2026 07 24 01 09 30 000 -2.0172022E+01 -1.2299862E+01 -5.5643141E+00
2026 07 24 01 10 00 000 -2.0174499E+01 -1.2304796E+01 -5.5600012E+00
2026 07 24 01 10 30 000 -2.0176974E+01 -1.2309731E+01 -5.5556787E+00
2026 07 24 01 11 00 000 -2.0179448E+01 -1.2314666E+01 -5.5513465E+00
2026 07 24 01 11 30 000 -2.0181919E+01 -1.2319603E+01 -5.5470047E+00
2026 07 24 01 12 00 000 -2.0184389E+01 -1.2324540E+01 -5.5426532E+00
2026 07 24 01 12 30 000 -2.0186856E+01 -1.2329478E+01 -5.5382920E+00
2026 07 24 01 13 00 000 -2.0189322E+01 -1.2334416E+01 -5.5339213E+00
2026 07 24 01 13 30 000 -2.0191786E+01 -1.2339356E+01 -5.5295409E+00
2026 07 24 01 14 00 000 -2.0194248E+01 -1.2344296E+01 -5.5251508E+00
2026 07 24 01 14 30 000 -2.0196708E+01 -1.2349237E+01 -5.5207512E+00
2026 07 24 01 15 00 000 -2.0199166E+01 -1.2354178E+01 -5.5163419E+00
2026 07 24 01 15 30 000 -2.0201622E+01 -1.2359120E+01 -5.5119230E+00
2026 07 24 01 16 00 000 -2.0204076E+01 -1.2364063E+01 -5.5074946E+00
2026 07 24 01 16 30 000 -2.0206529E+01 -1.2369007E+01 -5.5030565E+00
2026 07 24 01 17 00 000 -2.0208979E+01 -1.2373951E+01 -5.4986088E+00
2026 07 24 01 17 30 000 -2.0211428E+01 -1.2378895E+01 -5.4941515E+00
2026 07 24 01 18 00 000 -2.0213875E+01 -1.2383841E+01 -5.4896847E+00
2026 07 24 01 18 30 000 -2.0216319E+01 -1.2388787E+01 -5.4852083E+00
2026 07 24 01 19 00 000 -2.0218762E+01 -1.2393733E+01 -5.4807223E+00
2026 07 24 01 19 30 000 -2.0221203E+01 -1.2398680E+01 -5.4762267E+00
2026 07 24 01 20 00 000 -2.0223642E+01 -1.2403628E+01 -5.4717216E+00
2026 07 24 01 20 30 000 -2.0226080E+01 -1.2408576E+01 -5.4672069E+00
2026 07 24 01 21 00 000 -2.0228515E+01 -1.2413524E+01 -5.4626827E+00
2026 07 24 01 21 30 000 -2.0230948E+01 -1.2418473E+01 -5.4581489E+00
2026 07 24 01 22 00 000 -2.0233380E+01 -1.2423423E+01 -5.4536056E+00
2026 07 24 01 22 30 000 -2.0235809E+01 -1.2428373E+01 -5.4490528E+00
2026 07 24 01 23 00 000 -2.0238237E+01 -1.2433324E+01 -5.4444904E+00
2026 07 24 01 23 30 000 -2.0240663E+01 -1.2438275E+01 -5.4399186E+00
2026 07 24 01 24 00 000 -2.0243087E+01 -1.2443226E+01 -5.4353372E+00
2026 07 24 01 24 30 000 -2.0245509E+01 -1.2448178E+01 -5.4307463E+00
2026 07 24 01 25 00 000 -2.0247929E+01 -1.2453130E+01 -5.4261459E+00
2026 07 24 01 25 30 000 -2.0250347E+01 -1.2458083E+01 -5.4215360E+00
2026 07 24 01 26 00 000 -2.0252764E+01 -1.2463036E+01 -5.4169166E+00
2026 07 24 01 26 30 000 -2.0255178E+01 -1.2467989E+01 -5.4122878E+00
2026 07 24 01 27 00 000 -2.0257591E+01 -1.2472943E+01 -5.4076494E+00
2026 07 24 01 27 30 000 -2.0260001E+01 -1.2477897E+01 -5.4030016E+00
2026 07 24 01 28 00 000 -2.0262410E+01 -1.2482851E+01 -5.3983444E+00
2026 07 24 01 28 30 000 -2.0264817E+01 -1.2487805E+01 -5.3936777E+00
2026 07 24 01 29 00 000 -2.0267222E+01 -1.2492760E+01 -5.3890015E+00
2026 07 24 01 29 30 000 -2.0269625E+01 -1.2497715E+01 -5.3843159E+00
2026 07 24 01 30 00 000 -2.0272027E+01 -1.2502671E+01 -5.3796209E+00
2026 07 24 01 30 30 000 -2.0274426E+01 -1.2507627E+01 -5.3749164E+00
2026 07 24 01 31 00 000 -2.0276823E+01 -1.2512582E+01 -5.3702025E+00
2026 07 24 01 31 30 000 -2.0279219E+01 -1.2517539E+01 -5.3654792E+00
2026 07 24 01 32 00 000 -2.0281613E+01 -1.2522495E+01 -5.3607465E+00
2026 07 24 01 32 30 000 -2.0284004E+01 -1.2527451E+01 -5.3560044E+00
2026 07 24 01 33 00 000 -2.0286394E+01 -1.2532408E+01 -5.3512529E+00
2026 07 24 01 33 30 000 -2.0288782E+01 -1.2537365E+01 -5.3464920E+00
2026 07 24 01 34 00 000 -2.0291169E+01 -1.2542322E+01 -5.3417217E+00
2026 07 24 01 34 30 000 -2.0293553E+01 -1.2547279E+01 -5.3369421E+00
2026 07 24 01 35 00 000 -2.0295935E+01 -1.2552236E+01 -5.3321531E+00
2026 07 24 01 35 30 000 -2.0298316E+01 -1.2557194E+01 -5.3273547E+00
2026 07 24 01 36 00 000 -2.0300695E+01 -1.2562151E+01 -5.3225470E+00
2026 07 24 01 36 30 000 -2.0303071E+01 -1.2567108E+01 -5.3177299E+00
2026 07 24 01 37 00 000 -2.0305446E+01 -1.2572066E+01 -5.3129035E+00
2026 07 24 01 37 30 000 -2.0307819E+01 -1.2577023E+01 -5.3080678E+00
2026 07 24 01 38 00 000 -2.0310190E+01 -1.2581981E+01 -5.3032227E+00
2026 07 24 01 38 30 000 -2.0312560E+01 -1.2586939E+01 -5.2983684E+00
2026 07 24 01 39 00 000 -2.0314927E+01 -1.2591896E+01 -5.2935047E+00
2026 07 24 01 39 30 000 -2.0317292E+01 -1.2596854E+01 -5.2886317E+00
2026 07 24 01 40 00 000 -2.0319656E+01 -1.2601811E+01 -5.2837495E+00
2026 07 24 01 40 30 000 -2.0322018E+01 -1.2606769E+01 -5.2788579E+00
2026 07 24 01 41 00 000 -2.0324378E+01 -1.2611726E+01 -5.2739571E+00
2026 07 24 01 41 30 000 -2.0326736E+01 -1.2616684E+01 -5.2690470E+00
2026 07 24 01 42 00 000 -2.0329092E+01 -1.2621641E+01 -5.2641277E+00
2026 07 24 01 42 30 000 -2.0331446E+01 -1.2626598E+01 -5.2591991E+00
2026 07 24 01 43 00 000 -2.0333799E+01 -1.2631555E+01 -5.2542613E+00
2026 07 24 01 43 30 000 -2.0336149E+01 -1.2636512E+01 -5.2493142E+00
2026 07 24 01 44 00 000 -2.0338498E+01 -1.2641469E+01 -5.2443579E+00
2026 07 24 01 44 30 000 -2.0340844E+01 -1.2646426E+01 -5.2393924E+00
2026 07 24 01 45 00 000 -2.0343189E+01 -1.2651382E+01 -5.2344176E+00
2026 07 24 01 45 30 000 -2.0345532E+01 -1.2656338E+01 -5.2294337E+00
2026 07 24 01 46 00 000 -2.0347874E+01 -1.2661294E+01 -5.2244406E+00
2026 07 24 01 46 30 000 -2.0350213E+01 -1.2666250E+01 -5.2194382E+00
2026 07 24 01 47 00 000 -2.0352550E+01 -1.2671206E+01 -5.2144267E+00
2026 07 24 01 47 30 000 -2.0354886E+01 -1.2676161E+01 -5.2094061E+00
2026 07 24 01 48 00 000 -2.0357220E+01 -1.2681116E+01 -5.2043762E+00
2026 07 24 01 48 30 000 -2.0359551E+01 -1.2686071E+01 -5.1993373E+00
2026 07 24 01 49 00 000 -2.0361881E+01 -1.2691026E+01 -5.1942891E+00
2026 07 24 01 49 30 000 -2.0364209E+01 -1.2695980E+01 -5.1892319E+00
2026 07 24 01 50 00 000 -2.0366536E+01 -1.2700934E+01 -5.1841655E+00
2026 07 24 01 50 30 000 -2.0368860E+01 -1.2705887E+01 -5.1790900E+00
2026 07 24 01 51 00 000 -2.0371183E+01 -1.2710841E+01 -5.1740053E+00
2026 07 24 01 51 30 000 -2.0373503E+01 -1.2715793E+01 -5.1689116E+00
2026 07 24 01 52 00 000 -2.0375822E+01 -1.2720746E+01 -5.1638088E+00
2026 07 24 01 52 30 000 -2.0378139E+01 -1.2725698E+01 -5.1586969E+00
2026 07 24 01 53 00 000 -2.0380454E+01 -1.2730650E+01 -5.1535759E+00
2026 07 24 01 53 30 000 -2.0382767E+01 -1.2735601E+01 -5.1484459E+00
2026 07 24 01 54 00 000 -2.0385079E+01 -1.2740552E+01 -5.1433068E+00
2026 07 24 01 54 30 000 -2.0387388E+01 -1.2745502E+01 -5.1381586E+00
2026 07 24 01 55 00 000 -2.0389696E+01 -1.2750452E+01 -5.1330014E+00
2026 07 24 01 55 30 000 -2.0392001E+01 -1.2755401E+01 -5.1278352E+00
2026 07 24 01 56 00 000 -2.0394305E+01 -1.2760350E+01 -5.1226600E+00
2026 07 24 01 56 30 000 -2.0396607E+01 -1.2765299E+01 -5.1174757E+00
2026 07 24 01 57 00 000 -2.0398908E+01 -1.2770247E+01 -5.1122825E+00
2026 07 24 01 57 30 000 -2.0401206E+01 -1.2775194E+01 -5.1070802E+00
2026 07 24 01 58 00 000 -2.0403502E+01 -1.2780141E+01 -5.1018690E+00
2026 07 24 01 58 30 000 -2.0405797E+01 -1.2785087E+01 -5.0966488E+00
2026 07 24 01 59 00 000 -2.0408090E+01 -1.2790032E+01 -5.0914196E+00
2026 07 24 01 59 30 000 -2.0410381E+01 -1.2794977E+01 -5.0861815E+00
2026 07 24 02 00 00 000 -2.0412670E+01 -1.2799922E+01 -5.0809344E+00
2026 07 24 02 00 30 000 -2.0414957E+01 -1.2804866E+01 -5.0756784E+00
2026 07 24 02 01 00 000 -2.0417242E+01 -1.2809809E+01 -5.0704135E+00
2026 07 24 02 01 30 000 -2.0419526E+01 -1.2814751E+01 -5.0651397E+00
2026 07 24 02 02 00 000 -2.0421808E+01 -1.2819693E+01 -5.0598569E+00
2026 07 24 02 02 30 000 -2.0424087E+01 -1.2824634E+01 -5.0545653E+00
2026 07 24 02 03 00 000 -2.0426365E+01 -1.2829575E+01 -5.0492647E+00
2026 07 24 02 03 30 000 -2.0428642E+01 -1.2834514E+01 -5.0439553E+00
2026 07 24 02 04 00 000 -2.0430916E+01 -1.2839453E+01 -5.0386371E+00
2026 07 24 02 04 30 000 -2.0433188E+01 -1.2844392E+01 -5.0333099E+00
2026 07 24 02 05 00 000 -2.0435459E+01 -1.2849329E+01 -5.0279739E+00
2026 07 24 02 05 30 000 -2.0437728E+01 -1.2854266E+01 -5.0226291E+00
2026 07 24 02 06 00 000 -2.0439994E+01 -1.2859202E+01 -5.0172755E+00
2026 07 24 02 06 30 000 -2.0442259E+01 -1.2864137E+01 -5.0119130E+00
2026 07 24 02 07 00 000 -2.0444523E+01 -1.2869071E+01 -5.0065417E+00
2026 07 24 02 07 30 000 -2.0446784E+01 -1.2874004E+01 -5.0011617E+00
2026 07 24 02 08 00 000 -2.0449043E+01 -1.2878937E+01 -4.9957728E+00
2026 07 24 02 08 30 000 -2.0451301E+01 -1.2883869E+01 -4.9903752E+00
2026 07 24 02 09 00 000 -2.0453557E+01 -1.2888800E+01 -4.9849688E+00
2026 07 24 02 09 30 000 -2.0455811E+01 -1.2893730E+01 -4.9795537E+00
2026 07 24 02 10 00 000 -2.0458063E+01 -1.2898659E+01 -4.9741298E+00
2026 07 24 02 10 30 000 -2.0460313E+01 -1.2903587E+01 -4.9686972E+00
2026 07 24 02 11 00 000 -2.0462562E+01 -1.2908514E+01 -4.9632559E+00
2026 07 24 02 11 30 000 -2.0464808E+01 -1.2913440E+01 -4.9578058E+00
2026 07 24 02 12 00 000 -2.0467053E+01 -1.2918366E+01 -4.9523471E+00
2026 07 24 02 12 30 000 -2.0469296E+01 -1.2923290E+01 -4.9468796E+00
2026 07 24 02 13 00 000 -2.0471537E+01 -1.2928213E+01 -4.9414035E+00
2026 07 24 02 13 30 000 -2.0473776E+01 -1.2933136E+01 -4.9359187E+00
2026 07 24 02 14 00 000 -2.0476014E+01 -1.2938057E+01 -4.9304253E+00
2026 07 24 02 14 30 000 -2.0478249E+01 -1.2942977E+01 -4.9249232E+00
2026 07 24 02 15 00 000 -2.0480483E+01 -1.2947896E+01 -4.9194125E+00
2026 07 24 02 15 30 000 -2.0482715E+01 -1.2952815E+01 -4.9138931E+00
2026 07 24 02 16 00 000 -2.0484945E+01 -1.2957732E+01 -4.9083652E+00
2026 07 24 02 16 30 000 -2.0487173E+01 -1.2962648E+01 -4.9028286E+00
2026 07 24 02 17 00 000 -2.0489400E+01 -1.2967563E+01 -4.8972835E+00
2026 07 24 02 17 30 000 -2.0491624E+01 -1.2972476E+01 -4.8917297E+00
2026 07 24 02 18 00 000 -2.0493847E+01 -1.2977389E+01 -4.8861674E+00
2026 07 24 02 18 30 000 -2.0496068E+01 -1.2982300E+01 -4.8805966E+00
2026 07 24 02 19 00 000 -2.0498287E+01 -1.2987211E+01 -4.8750172E+00
2026 07 24 02 19 30 000 -2.0500504E+01 -1.2992120E+01 -4.8694293E+00
2026 07 24 02 20 00 000 -2.0502720E+01 -1.2997028E+01 -4.8638328E+00
2026 07 24 02 20 30 000 -2.0504933E+01 -1.3001934E+01 -4.8582279E+00
2026 07 24 02 21 00 000 -2.0507145E+01 -1.3006840E+01 -4.8526144E+00
2026 07 24 02 21 30 000 -2.0509355E+01 -1.3011744E+01 -4.8469925E+00
2026 07 24 02 22 00 000 -2.0511563E+01 -1.3016647E+01 -4.8413620E+00
2026 07 24 02 22 30 000 -2.0513769E+01 -1.3021549E+01 -4.8357232E+00
2026 07 24 02 23 00 000 -2.0515974E+01 -1.3026449E+01 -4.8300758E+00
2026 07 24 02 23 30 000 -2.0518176E+01 -1.3031348E+01 -4.8244201E+00
2026 07 24 02 24 00 000 -2.0520377E+01 -1.3036246E+01 -4.8187559E+00
2026 07 24 02 24 30 000 -2.0522576E+01 -1.3041143E+01 -4.8130832E+00
2026 07 24 02 25 00 000 -2.0524773E+01 -1.3046038E+01 -4.8074022E+00
2026 07 24 02 25 30 000 -2.0526969E+01 -1.3050932E+01 -4.8017128E+00
2026 07 24 02 26 00 000 -2.0529162E+01 -1.3055824E+01 -4.7960150E+00
2026 07 24 02 26 30 000 -2.0531354E+01 -1.3060715E+01 -4.7903089E+00
2026 07 24 02 27 00 000 -2.0533544E+01 -1.3065605E+01 -4.7845944E+00
2026 07 24 02 27 30 000 -2.0535732E+01 -1.3070493E+01 -4.7788715E+00
2026 07 24 02 28 00 000 -2.0537918E+01 -1.3075380E+01 -4.7731403E+00
2026 07 24 02 28 30 000 -2.0540102E+01 -1.3080265E+01 -4.7674008E+00
2026 07 24 02 29 00 000 -2.0542285E+01 -1.3085149E+01 -4.7616530E+00
2026 07 24 02 29 30 000 -2.0544465E+01 -1.3090032E+01 -4.7558970E+00
2026 07 24 02 30 00 000 -2.0546644E+01 -1.3094913E+01 -4.7501326E+00
2026 07 24 02 30 30 000 -2.0548821E+01 -1.3099792E+01 -4.7443599E+00
2026 07 24 02 31 00 000 -2.0550997E+01 -1.3104670E+01 -4.7385790E+00
2026 07 24 02 31 30 000 -2.0553170E+01 -1.3109547E+01 -4.7327899E+00
2026 07 24 02 32 00 000 -2.0555342E+01 -1.3114422E+01 -4.7269925E+00
2026 07 24 02 32 30 000 -2.0557512E+01 -1.3119295E+01 -4.7211869E+00
2026 07 24 02 33 00 000 -2.0559680E+01 -1.3124167E+01 -4.7153732E+00
2026 07 24 02 33 30 000 -2.0561846E+01 -1.3129037E+01 -4.7095512E+00
2026 07 24 02 34 00 000 -2.0564010E+01 -1.3133905E+01 -4.7037210E+00
2026 07 24 02 34 30 000 -2.0566173E+01 -1.3138772E+01 -4.6978827E+00
2026 07 24 02 35 00 000 -2.0568333E+01 -1.3143638E+01 -4.6920362E+00
2026 07 24 02 35 30 000 -2.0570492E+01 -1.3148501E+01 -4.6861816E+00
2026 07 24 02 36 00 000 -2.0572649E+01 -1.3153364E+01 -4.6803189E+00
2026 07 24 02 36 30 000 -2.0574805E+01 -1.3158224E+01 -4.6744480E+00
2026 07 24 02 37 00 000 -2.0576958E+01 -1.3163083E+01 -4.6685691E+00
2026 07 24 02 37 30 000 -2.0579110E+01 -1.3167940E+01 -4.6626821E+00
2026 07 24 02 38 00 000 -2.0581260E+01 -1.3172795E+01 -4.6567869E+00
2026 07 24 02 38 30 000 -2.0583408E+01 -1.3177648E+01 -4.6508838E+00
2026 07 24 02 39 00 000 -2.0585554E+01 -1.3182500E+01 -4.6449726E+00
2026 07 24 02 39 30 000 -2.0587698E+01 -1.3187350E+01 -4.6390533E+00
2026 07 24 02 40 00 000 -2.0589841E+01 -1.3192199E+01 -4.6331261E+00
2026 07 24 02 40 30 000 -2.0591982E+01 -1.3197045E+01 -4.6271908E+00
2026 07 24 02 41 00 000 -2.0594121E+01 -1.3201890E+01 -4.6212475E+00
2026 07 24 02 41 30 000 -2.0596258E+01 -1.3206733E+01 -4.6152963E+00
2026 07 24 02 42 00 000 -2.0598393E+01 -1.3211574E+01 -4.6093371E+00
2026 07 24 02 42 30 000 -2.0600527E+01 -1.3216413E+01 -4.6033700E+00
2026 07 24 02 43 00 000 -2.0602659E+01 -1.3221251E+01 -4.5973949E+00
2026 07 24 02 43 30 000 -2.0604789E+01 -1.3226086E+01 -4.5914119E+00
2026 07 24 02 44 00 000 -2.0606917E+01 -1.3230920E+01 -4.5854209E+00
2026 07 24 02 44 30 000 -2.0609043E+01 -1.3235752E+01 -4.5794221E+00
2026 07 24 02 45 00 000 -2.0611168E+01 -1.3240581E+01 -4.5734154E+00
2026 07 24 02 45 30 000 -2.0613290E+01 -1.3245409E+01 -4.5674009E+00
2026 07 24 02 46 00 000 -2.0615411E+01 -1.3250235E+01 -4.5613785E+00
2026 07 24 02 46 30 000 -2.0617530E+01 -1.3255059E+01 -4.5553482E+00
2026 07 24 02 47 00 000 -2.0619648E+01 -1.3259881E+01 -4.5493101E+00
2026 07 24 02 47 30 000 -2.0621763E+01 -1.3264702E+01 -4.5432642E+00
2026 07 24 02 48 00 000 -2.0623877E+01 -1.3269520E+01 -4.5372106E+00
2026 07 24 02 48 30 000 -2.0625989E+01 -1.3274336E+01 -4.5311491E+00
2026 07 24 02 49 00 000 -2.0628099E+01 -1.3279150E+01 -4.5250799E+00
2026 07 24 02 49 30 000 -2.0630207E+01 -1.3283962E+01 -4.5190029E+00
2026 07 24 02 50 00 000 -2.0632314E+01 -1.3288772E+01 -4.5129182E+00
2026 07 24 02 50 30 000 -2.0634419E+01 -1.3293580E+01 -4.5068257E+00
2026 07 24 02 51 00 000 -2.0636521E+01 -1.3298386E+01 -4.5007256E+00
2026 07 24 02 51 30 000 -2.0638623E+01 -1.3303190E+01 -4.4946177E+00
2026 07 24 02 52 00 000 -2.0640722E+01 -1.3307991E+01 -4.4885022E+00
2026 07 24 02 52 30 000 -2.0642819E+01 -1.3312791E+01 -4.4823790E+00
2026 07 24 02 53 00 000 -2.0644915E+01 -1.3317588E+01 -4.4762482E+00
2026 07 24 02 53 30 000 -2.0647009E+01 -1.3322384E+01 -4.4701097E+00
2026 07 24 02 54 00 000 -2.0649101E+01 -1.3327177E+01 -4.4639636E+00
2026 07 24 02 54 30 000 -2.0651192E+01 -1.3331968E+01 -4.4578099E+00
2026 07 24 02 55 00 000 -2.0653280E+01 -1.3336756E+01 -4.4516486E+00
2026 07 24 02 55 30 000 -2.0655367E+01 -1.3341543E+01 -4.4454798E+00
2026 07 24 02 56 00 000 -2.0657452E+01 -1.3346327E+01 -4.4393033E+00
2026 07 24 02 56 30 000 -2.0659535E+01 -1.3351109E+01 -4.4331194E+00
2026 07 24 02 57 00 000 -2.0661616E+01 -1.3355889E+01 -4.4269279E+00
2026 07 24 02 57 30 000 -2.0663696E+01 -1.3360667E+01 -4.4207289E+00
2026 07 24 02 58 00 000 -2.0665774E+01 -1.3365442E+01 -4.4145224E+00
2026 07 24 02 58 30 000 -2.0667850E+01 -1.3370216E+01 -4.4083084E+00
2026 07 24 02 59 00 000 -2.0669924E+01 -1.3374986E+01 -4.4020869E+00
2026 07 24 02 59 30 000 -2.0671996E+01 -1.3379755E+01 -4.3958580E+00
2026 07 24 03 00 00 000 -2.0674067E+01 -1.3384521E+01 -4.3896216E+00
2026 07 24 03 00 30 000 -2.0676136E+01 -1.3389285E+01 -4.3833778E+00
2026 07 24 03 01 00 000 -2.0678203E+01 -1.3394046E+01 -4.3771267E+00
2026 07 24 03 01 30 000 -2.0680268E+01 -1.3398806E+01 -4.3708681E+00
2026 07 24 03 02 00 000 -2.0682332E+01 -1.3403562E+01 -4.3646021E+00
2026 07 24 03 02 30 000 -2.0684393E+01 -1.3408317E+01 -4.3583288E+00
2026 07 24 03 03 00 000 -2.0686453E+01 -1.3413069E+01 -4.3520482E+00
2026 07 24 03 03 30 000 -2.0688511E+01 -1.3417818E+01 -4.3457602E+00
2026 07 24 03 04 00 000 -2.0690568E+01 -1.3422565E+01 -4.3394649E+00
2026 07 24 03 04 30 000 -2.0692622E+01 -1.3427310E+01 -4.3331623E+00
2026 07 24 03 05 00 000 -2.0694675E+01 -1.3432052E+01 -4.3268524E+00
2026 07 24 03 05 30 000 -2.0696726E+01 -1.3436792E+01 -4.3205353E+00
2026 07 24 03 06 00 000 -2.0698775E+01 -1.3441529E+01 -4.3142109E+00
2026 07 24 03 06 30 000 -2.0700823E+01 -1.3446264E+01 -4.3078793E+00
2026 07 24 03 07 00 000 -2.0702868E+01 -1.3450996E+01 -4.3015405E+00
2026 07 24 03 07 30 000 -2.0704912E+01 -1.3455726E+01 -4.2951944E+00
2026 07 24 03 08 00 000 -2.0706954E+01 -1.3460453E+01 -4.2888412E+00
2026 07 24 03 08 30 000 -2.0708994E+01 -1.3465178E+01 -4.2824808E+00
2026 07 24 03 09 00 000 -2.0711033E+01 -1.3469900E+01 -4.2761133E+00
2026 07 24 03 09 30 000 -2.0713070E+01 -1.3474620E+01 -4.2697386E+00
2026 07 24 03 10 00 000 -2.0715105E+01 -1.3479337E+01 -4.2633569E+00
2026 07 24 03 10 30 000 -2.0717138E+01 -1.3484051E+01 -4.2569680E+00
2026 07 24 03 11 00 000 -2.0719169E+01 -1.3488763E+01 -4.2505720E+00
2026 07 24 03 11 30 000 -2.0721199E+01 -1.3493472E+01 -4.2441690E+00
2026 07 24 03 12 00 000 -2.0723227E+01 -1.3498179E+01 -4.2377589E+00
2026 07 24 03 12 30 000 -2.0725253E+01 -1.3502883E+01 -4.2313417E+00
2026 07 24 03 13 00 000 -2.0727277E+01 -1.3507584E+01 -4.2249176E+00
2026 07 24 03 13 30 000 -2.0729299E+01 -1.3512282E+01 -4.2184864E+00
2026 07 24 03 14 00 000 -2.0731320E+01 -1.3516978E+01 -4.2120483E+00
2026 07 24 03 14 30 000 -2.0733339E+01 -1.3521671E+01 -4.2056032E+00
2026 07 24 03 15 00 000 -2.0735356E+01 -1.3526362E+01 -4.1991511E+00
2026 07 24 03 15 30 000 -2.0737372E+01 -1.3531049E+01 -4.1926921E+00
2026 07 24 03 16 00 000 -2.0739385E+01 -1.3535734E+01 -4.1862262E+00
2026 07 24 03 16 30 000 -2.0741397E+01 -1.3540416E+01 -4.1797534E+00
2026 07 24 03 17 00 000 -2.0743407E+01 -1.3545096E+01 -4.1732737E+00
2026 07 24 03 17 30 000 -2.0745415E+01 -1.3549772E+01 -4.1667872E+00
2026 07 24 03 18 00 000 -2.0747422E+01 -1.3554446E+01 -4.1602938E+00
2026 07 24 03 18 30 000 -2.0749427E+01 -1.3559117E+01 -4.1537935E+00
2026 07 24 03 19 00 000 -2.0751430E+01 -1.3563786E+01 -4.1472865E+00
2026 07 24 03 19 30 000 -2.0753431E+01 -1.3568451E+01 -4.1407726E+00
2026 07 24 03 20 00 000 -2.0755430E+01 -1.3573114E+01 -4.1342520E+00
2026 07 24 03 20 30 000 -2.0757428E+01 -1.3577773E+01 -4.1277246E+00
2026 07 24 03 21 00 000 -2.0759424E+01 -1.3582430E+01 -4.1211905E+00
2026 07 24 03 21 30 000 -2.0761418E+01 -1.3587084E+01 -4.1146496E+00
2026 07 24 03 22 00 000 -2.0763411E+01 -1.3591735E+01 -4.1081020E+00
2026 07 24 03 22 30 000 -2.0765401E+01 -1.3596383E+01 -4.1015478E+00
2026 07 24 03 23 00 000 -2.0767390E+01 -1.3601029E+01 -4.0949868E+00
2026 07 24 03 23 30 000 -2.0769377E+01 -1.3605671E+01 -4.0884192E+00
2026 07 24 03 24 00 000 -2.0771362E+01 -1.3610310E+01 -4.0818450E+00
2026 07 24 03 24 30 000 -2.0773346E+01 -1.3614947E+01 -4.0752641E+00
2026 07 24 03 25 00 000 -2.0775328E+01 -1.3619580E+01 -4.0686767E+00
2026 07 24 03 25 30 000 -2.0777308E+01 -1.3624211E+01 -4.0620826E+00
2026 07 24 03 26 00 000 -2.0779286E+01 -1.3628838E+01 -4.0554820E+00
2026 07 24 03 26 30 000 -2.0781262E+01 -1.3633462E+01 -4.0488748E+00
2026 07 24 03 27 00 000 -2.0783237E+01 -1.3638084E+01 -4.0422611E+00
2026 07 24 03 27 30 000 -2.0785210E+01 -1.3642702E+01 -4.0356409E+00
2026 07 24 03 28 00 000 -2.0787181E+01 -1.3647318E+01 -4.0290142E+00
2026 07 24 03 28 30 000 -2.0789151E+01 -1.3651930E+01 -4.0223810E+00
2026 07 24 03 29 00 000 -2.0791118E+01 -1.3656539E+01 -4.0157414E+00
2026 07 24 03 29 30 000 -2.0793084E+01 -1.3661146E+01 -4.0090953E+00
2026 07 24 03 30 00 000 -2.0795049E+01 -1.3665749E+01 -4.0024428E+00
2026 07 24 03 30 30 000 -2.0797011E+01 -1.3670349E+01 -3.9957838E+00
2026 07 24 03 31 00 000 -2.0798972E+01 -1.3674946E+01 -3.9891185E+00
2026 07 24 03 31 30 000 -2.0800930E+01 -1.3679539E+01 -3.9824468E+00
2026 07 24 03 32 00 000 -2.0802888E+01 -1.3684130E+01 -3.9757688E+00
2026 07 24 03 32 30 000 -2.0804843E+01 -1.3688717E+01 -3.9690844E+00
2026 07 24 03 33 00 000 -2.0806797E+01 -1.3693302E+01 -3.9623938E+00
2026 07 24 03 33 30 000 -2.0808748E+01 -1.3697883E+01 -3.9556968E+00
2026 07 24 03 34 00 000 -2.0810698E+01 -1.3702461E+01 -3.9489936E+00
2026 07 24 03 34 30 000 -2.0812647E+01 -1.3707036E+01 -3.9422840E+00
2026 07 24 03 35 00 000 -2.0814593E+01 -1.3711607E+01 -3.9355683E+00
2026 07 24 03 35 30 000 -2.0816538E+01 -1.3716176E+01 -3.9288463E+00
2026 07 24 03 36 00 000 -2.0818481E+01 -1.3720741E+01 -3.9221182E+00
2026 07 24 03 36 30 000 -2.0820423E+01 -1.3725303E+01 -3.9153838E+00
2026 07 24 03 37 00 000 -2.0822362E+01 -1.3729861E+01 -3.9086433E+00
2026 07 24 03 37 30 000 -2.0824300E+01 -1.3734417E+01 -3.9018967E+00
2026 07 24 03 38 00 000 -2.0826236E+01 -1.3738969E+01 -3.8951439E+00
2026 07 24 03 38 30 000 -2.0828170E+01 -1.3743517E+01 -3.8883850E+00
2026 07 24 03 39 00 000 -2.0830103E+01 -1.3748063E+01 -3.8816200E+00
2026 07 24 03 39 30 000 -2.0832034E+01 -1.3752605E+01 -3.8748490E+00
2026 07 24 03 40 00 000 -2.0833963E+01 -1.3757144E+01 -3.8680719E+00
2026 07 24 03 40 30 000 -2.0835890E+01 -1.3761679E+01 -3.8612887E+00
2026 07 24 03 41 00 000 -2.0837815E+01 -1.3766211E+01 -3.8544996E+00
2026 07 24 03 41 30 000 -2.0839739E+01 -1.3770740E+01 -3.8477045E+00
2026 07 24 03 42 00 000 -2.0841661E+01 -1.3775266E+01 -3.8409034E+00
2026 07 24 03 42 30 000 -2.0843582E+01 -1.3779788E+01 -3.8340963E+00
2026 07 24 03 43 00 000 -2.0845500E+01 -1.3784306E+01 -3.8272833E+00
2026 07 24 03 43 30 000 -2.0847417E+01 -1.3788822E+01 -3.8204644E+00
2026 07 24 03 44 00 000 -2.0849332E+01 -1.3793333E+01 -3.8136396E+00
2026 07 24 03 44 30 000 -2.0851245E+01 -1.3797842E+01 -3.8068089E+00
2026 07 24 03 45 00 000 -2.0853157E+01 -1.3802347E+01 -3.7999724E+00
2026 07 24 03 45 30 000 -2.0855067E+01 -1.3806848E+01 -3.7931300E+00
2026 07 24 03 46 00 000 -2.0856975E+01 -1.3811346E+01 -3.7862818E+00
2026 07 24 03 46 30 000 -2.0858881E+01 -1.3815841E+01 -3.7794278E+00
2026 07 24 03 47 00 000 -2.0860786E+01 -1.3820332E+01 -3.7725680E+00
2026 07 24 03 47 30 000 -2.0862688E+01 -1.3824820E+01 -3.7657025E+00
2026 07 24 03 48 00 000 -2.0864590E+01 -1.3829304E+01 -3.7588313E+00
2026 07 24 03 48 30 000 -2.0866489E+01 -1.3833784E+01 -3.7519543E+00
2026 07 24 03 49 00 000 -2.0868387E+01 -1.3838261E+01 -3.7450716E+00
2026 07 24 03 49 30 000 -2.0870282E+01 -1.3842735E+01 -3.7381833E+00
2026 07 24 03 50 00 000 -2.0872177E+01 -1.3847205E+01 -3.7312892E+00
2026 07 24 03 50 30 000 -2.0874069E+01 -1.3851671E+01 -3.7243896E+00
2026 07 24 03 51 00 000 -2.0875960E+01 -1.3856134E+01 -3.7174843E+00
2026 07 24 03 51 30 000 -2.0877848E+01 -1.3860593E+01 -3.7105734E+00
2026 07 24 03 52 00 000 -2.0879736E+01 -1.3865049E+01 -3.7036570E+00
2026 07 24 03 52 30 000 -2.0881621E+01 -1.3869501E+01 -3.6967350E+00
2026 07 24 03 53 00 000 -2.0883505E+01 -1.3873950E+01 -3.6898074E+00
2026 07 24 03 53 30 000 -2.0885387E+01 -1.3878395E+01 -3.6828744E+00
2026 07 24 03 54 00 000 -2.0887267E+01 -1.3882836E+01 -3.6759358E+00
2026 07 24 03 54 30 000 -2.0889145E+01 -1.3887273E+01 -3.6689918E+00
2026 07 24 03 55 00 000 -2.0891022E+01 -1.3891707E+01 -3.6620423E+00
2026 07 24 03 55 30 000 -2.0892897E+01 -1.3896137E+01 -3.6550873E+00
2026 07 24 03 56 00 000 -2.0894770E+01 -1.3900564E+01 -3.6481270E+00
2026 07 24 03 56 30 000 -2.0896642E+01 -1.3904987E+01 -3.6411613E+00
2026 07 24 03 57 00 000 -2.0898512E+01 -1.3909406E+01 -3.6341901E+00
2026 07 24 03 57 30 000 -2.0900380E+01 -1.3913822E+01 -3.6272137E+00
2026 07 24 03 58 00 000 -2.0902246E+01 -1.3918233E+01 -3.6202319E+00
2026 07 24 03 58 30 000 -2.0904110E+01 -1.3922641E+01 -3.6132448E+00
2026 07 24 03 59 00 000 -2.0905973E+01 -1.3927046E+01 -3.6062523E+00
2026 07 24 03 59 30 000 -2.0907834E+01 -1.3931446E+01 -3.5992547E+00
2026 07 24 04 00 00 000 -2.0909694E+01 -1.3935843E+01 -3.5922517E+00
2026 07 24 04 00 30 000 -2.0911551E+01 -1.3940236E+01 -3.5852436E+00
2026 07 24 04 01 00 000 -2.0913407E+01 -1.3944625E+01 -3.5782302E+00
2026 07 24 04 01 30 000 -2.0915262E+01 -1.3949011E+01 -3.5712116E+00
2026 07 24 04 02 00 000 -2.0917114E+01 -1.3953392E+01 -3.5641879E+00
2026 07 24 04 02 30 000 -2.0918965E+01 -1.3957770E+01 -3.5571590E+00
2026 07 24 04 03 00 000 -2.0920814E+01 -1.3962144E+01 -3.5501250E+00
2026 07 24 04 03 30 000 -2.0922661E+01 -1.3966514E+01 -3.5430859E+00
2026 07 24 04 04 00 000 -2.0924506E+01 -1.3970881E+01 -3.5360417E+00
2026 07 24 04 04 30 000 -2.0926350E+01 -1.3975243E+01 -3.5289925E+00
2026 07 24 04 05 00 000 -2.0928192E+01 -1.3979602E+01 -3.5219382E+00
2026 07 24 04 05 30 000 -2.0930033E+01 -1.3983957E+01 -3.5148789E+00
2026 07 24 04 06 00 000 -2.0931871E+01 -1.3988308E+01 -3.5078145E+00
2026 07 24 04 06 30 000 -2.0933708E+01 -1.3992655E+01 -3.5007453E+00
2026 07 24 04 07 00 000 -2.0935543E+01 -1.3996998E+01 -3.4936710E+00
2026 07 24 04 07 30 000 -2.0937377E+01 -1.4001337E+01 -3.4865918E+00
2026 07 24 04 08 00 000 -2.0939209E+01 -1.4005672E+01 -3.4795077E+00
2026 07 24 04 08 30 000 -2.0941039E+01 -1.4010004E+01 -3.4724187E+00
2026 07 24 04 09 00 000 -2.0942867E+01 -1.4014331E+01 -3.4653249E+00
2026 07 24 04 09 30 000 -2.0944693E+01 -1.4018655E+01 -3.4582262E+00
2026 07 24 04 10 00 000 -2.0946518E+01 -1.4022974E+01 -3.4511226E+00
2026 07 24 04 10 30 000 -2.0948341E+01 -1.4027290E+01 -3.4440143E+00
2026 07 24 04 11 00 000 -2.0950163E+01 -1.4031601E+01 -3.4369012E+00
2026 07 24 04 11 30 000 -2.0951982E+01 -1.4035909E+01 -3.4297833E+00
2026 07 24 04 12 00 000 -2.0953800E+01 -1.4040213E+01 -3.4226606E+00
2026 07 24 04 12 30 000 -2.0955616E+01 -1.4044512E+01 -3.4155333E+00
2026 07 24 04 13 00 000 -2.0957431E+01 -1.4048808E+01 -3.4084012E+00
2026 07 24 04 13 30 000 -2.0959244E+01 -1.4053100E+01 -3.4012645E+00
2026 07 24 04 14 00 000 -2.0961055E+01 -1.4057387E+01 -3.3941231E+00
2026 07 24 04 14 30 000 -2.0962864E+01 -1.4061671E+01 -3.3869771E+00
2026 07 24 04 15 00 000 -2.0964672E+01 -1.4065950E+01 -3.3798265E+00
2026 07 24 04 15 30 000 -2.0966477E+01 -1.4070226E+01 -3.3726712E+00
2026 07 24 04 16 00 000 -2.0968282E+01 -1.4074497E+01 -3.3655114E+00
2026 07 24 04 16 30 000 -2.0970084E+01 -1.4078764E+01 -3.3583471E+00
2026 07 24 04 17 00 000 -2.0971885E+01 -1.4083028E+01 -3.3511783E+00
2026 07 24 04 17 30 000 -2.0973684E+01 -1.4087287E+01 -3.3440049E+00
2026 07 24 04 18 00 000 -2.0975481E+01 -1.4091542E+01 -3.3368271E+00
2026 07 24 04 18 30 000 -2.0977277E+01 -1.4095793E+01 -3.3296448E+00
2026 07 24 04 19 00 000 -2.0979071E+01 -1.4100039E+01 -3.3224581E+00
2026 07 24 04 19 30 000 -2.0980863E+01 -1.4104282E+01 -3.3152669E+00
2026 07 24 04 20 00 000 -2.0982653E+01 -1.4108521E+01 -3.3080714E+00
2026 07 24 04 20 30 000 -2.0984442E+01 -1.4112755E+01 -3.3008715E+00
2026 07 24 04 21 00 000 -2.0986229E+01 -1.4116985E+01 -3.2936673E+00
2026 07 24 04 21 30 000 -2.0988014E+01 -1.4121211E+01 -3.2864587E+00
2026 07 24 04 22 00 000 -2.0989798E+01 -1.4125433E+01 -3.2792458E+00
2026 07 24 04 22 30 000 -2.0991580E+01 -1.4129651E+01 -3.2720287E+00
2026 07 24 04 23 00 000 -2.0993360E+01 -1.4133865E+01 -3.2648073E+00
2026 07 24 04 23 30 000 -2.0995138E+01 -1.4138074E+01 -3.2575817E+00
2026 07 24 04 24 00 000 -2.0996915E+01 -1.4142279E+01 -3.2503518E+00
2026 07 24 04 24 30 000 -2.0998690E+01 -1.4146480E+01 -3.2431178E+00
2026 07 24 04 25 00 000 -2.1000463E+01 -1.4150677E+01 -3.2358796E+00
2026 07 24 04 25 30 000 -2.1002235E+01 -1.4154869E+01 -3.2286372E+00
2026 07 24 04 26 00 000 -2.1004005E+01 -1.4159058E+01 -3.2213907E+00
2026 07 24 04 26 30 000 -2.1005773E+01 -1.4163242E+01 -3.2141402E+00
2026 07 24 04 27 00 000 -2.1007539E+01 -1.4167421E+01 -3.2068855E+00
2026 07 24 04 27 30 000 -2.1009304E+01 -1.4171597E+01 -3.1996268E+00
2026 07 24 04 28 00 000 -2.1011067E+01 -1.4175768E+01 -3.1923641E+00
2026 07 24 04 28 30 000 -2.1012828E+01 -1.4179935E+01 -3.1850974E+00
2026 07 24 04 29 00 000 -2.1014588E+01 -1.4184098E+01 -3.1778267E+00
2026 07 24 04 29 30 000 -2.1016346E+01 -1.4188256E+01 -3.1705520E+00
2026 07 24 04 30 00 000 -2.1018102E+01 -1.4192410E+01 -3.1632734E+00
2026 07 24 04 30 30 000 -2.1019857E+01 -1.4196560E+01 -3.1559908E+00
2026 07 24 04 31 00 000 -2.1021610E+01 -1.4200706E+01 -3.1487044E+00
2026 07 24 04 31 30 000 -2.1023361E+01 -1.4204847E+01 -3.1414141E+00
2026 07 24 04 32 00 000 -2.1025110E+01 -1.4208984E+01 -3.1341199E+00
2026 07 24 04 32 30 000 -2.1026858E+01 -1.4213116E+01 -3.1268220E+00
2026 07 24 04 33 00 000 -2.1028604E+01 -1.4217244E+01 -3.1195202E+00
2026 07 24 04 33 30 000 -2.1030348E+01 -1.4221368E+01 -3.1122146E+00
2026 07 24 04 34 00 000 -2.1032091E+01 -1.4225487E+01 -3.1049053E+00
2026 07 24 04 34 30 000 -2.1033831E+01 -1.4229602E+01 -3.0975923E+00
2026 07 24 04 35 00 000 -2.1035571E+01 -1.4233713E+01 -3.0902755E+00
2026 07 24 04 35 30 000 -2.1037308E+01 -1.4237819E+01 -3.0829551E+00
2026 07 24 04 36 00 000 -2.1039044E+01 -1.4241921E+01 -3.0756310E+00
2026 07 24 04 36 30 000 -2.1040778E+01 -1.4246019E+01 -3.0683033E+00
2026 07 24 04 37 00 000 -2.1042510E+01 -1.4250112E+01 -3.0609719E+00
2026 07 24 04 37 30 000 -2.1044241E+01 -1.4254201E+01 -3.0536370E+00
2026 07 24 04 38 00 000 -2.1045970E+01 -1.4258285E+01 -3.0462985E+00
2026 07 24 04 38 30 000 -2.1047697E+01 -1.4262365E+01 -3.0389564E+00
2026 07 24 04 39 00 000 -2.1049423E+01 -1.4266440E+01 -3.0316108E+00
2026 07 24 04 39 30 000 -2.1051147E+01 -1.4270511E+01 -3.0242617E+00
2026 07 24 04 40 00 000 -2.1052869E+01 -1.4274578E+01 -3.0169092E+00
2026 07 24 04 40 30 000 -2.1054589E+01 -1.4278640E+01 -3.0095532E+00
2026 07 24 04 41 00 000 -2.1056308E+01 -1.4282697E+01 -3.0021937E+00
2026 07 24 04 41 30 000 -2.1058025E+01 -1.4286751E+01 -2.9948309E+00
2026 07 24 04 42 00 000 -2.1059741E+01 -1.4290799E+01 -2.9874647E+00
2026 07 24 04 42 30 000 -2.1061454E+01 -1.4294843E+01 -2.9800951E+00
2026 07 24 04 43 00 000 -2.1063166E+01 -1.4298883E+01 -2.9727222E+00
2026 07 24 04 43 30 000 -2.1064877E+01 -1.4302918E+01 -2.9653460E+00
2026 07 24 04 44 00 000 -2.1066585E+01 -1.4306949E+01 -2.9579665E+00
2026 07 24 04 44 30 000 -2.1068292E+01 -1.4310975E+01 -2.9505837E+00
2026 07 24 04 45 00 000 -2.1069997E+01 -1.4314997E+01 -2.9431977E+00
2026 07 24 04 45 30 000 -2.1071701E+01 -1.4319014E+01 -2.9358085E+00
2026 07 24 04 46 00 000 -2.1073403E+01 -1.4323027E+01 -2.9284160E+00
2026 07 24 04 46 30 000 -2.1075103E+01 -1.4327035E+01 -2.9210205E+00
2026 07 24 04 47 00 000 -2.1076801E+01 -1.4331038E+01 -2.9136217E+00
2026 07 24 04 47 30 000 -2.1078498E+01 -1.4335037E+01 -2.9062199E+00
2026 07 24 04 48 00 000 -2.1080193E+01 -1.4339032E+01 -2.8988150E+00
2026 07 24 04 48 30 000 -2.1081886E+01 -1.4343022E+01 -2.8914070E+00
2026 07 24 04 49 00 000 -2.1083578E+01 -1.4347007E+01 -2.8839959E+00
2026 07 24 04 49 30 000 -2.1085268E+01 -1.4350988E+01 -2.8765818E+00
2026 07 24 04 50 00 000 -2.1086956E+01 -1.4354964E+01 -2.8691647E+00
2026 07 24 04 50 30 000 -2.1088643E+01 -1.4358936E+01 -2.8617446E+00
2026 07 24 04 51 00 000 -2.1090328E+01 -1.4362903E+01 -2.8543216E+00
2026 07 24 04 51 30 000 -2.1092011E+01 -1.4366865E+01 -2.8468957E+00
2026 07 24 04 52 00 000 -2.1093693E+01 -1.4370823E+01 -2.8394668E+00
2026 07 24 04 52 30 000 -2.1095373E+01 -1.4374776E+01 -2.8320351E+00
2026 07 24 04 53 00 000 -2.1097051E+01 -1.4378725E+01 -2.8246005E+00
2026 07 24 04 53 30 000 -2.1098727E+01 -1.4382669E+01 -2.8171631E+00
2026 07 24 04 54 00 000 -2.1100402E+01 -1.4386608E+01 -2.8097229E+00
2026 07 24 04 54 30 000 -2.1102075E+01 -1.4390543E+01 -2.8022799E+00
2026 07 24 04 55 00 000 -2.1103747E+01 -1.4394473E+01 -2.7948341E+00
2026 07 24 04 55 30 000 -2.1105416E+01 -1.4398398E+01 -2.7873857E+00
2026 07 24 04 56 00 000 -2.1107084E+01 -1.4402319E+01 -2.7799344E+00
2026 07 24 04 56 30 000 -2.1108751E+01 -1.4406235E+01 -2.7724805E+00
2026 07 24 04 57 00 000 -2.1110415E+01 -1.4410147E+01 -2.7650240E+00
2026 07 24 04 57 30 000 -2.1112078E+01 -1.4414054E+01 -2.7575648E+00
2026 07 24 04 58 00 000 -2.1113740E+01 -1.4417956E+01 -2.7501030E+00
2026 07 24 04 58 30 000 -2.1115399E+01 -1.4421853E+01 -2.7426386E+00
2026 07 24 04 59 00 000 -2.1117057E+01 -1.4425746E+01 -2.7351716E+00
2026 07 24 04 59 30 000 -2.1118714E+01 -1.4429634E+01 -2.7277022E+00
2026 07 24 05 00 00 000 -2.1120368E+01 -1.4433518E+01 -2.7202302E+00
2026 07 24 05 00 30 000 -2.1122021E+01 -1.4437396E+01 -2.7127557E+00
2026 07 24 05 01 00 000 -2.1123672E+01 -1.4441270E+01 -2.7052787E+00
2026 07 24 05 01 30 000 -2.1125322E+01 -1.4445140E+01 -2.6977993E+00
2026 07 24 05 02 00 000 -2.1126970E+01 -1.4449004E+01 -2.6903175E+00
2026 07 24 05 02 30 000 -2.1128616E+01 -1.4452864E+01 -2.6828333E+00
2026 07 24 05 03 00 000 -2.1130261E+01 -1.4456719E+01 -2.6753467E+00
2026 07 24 05 03 30 000 -2.1131903E+01 -1.4460570E+01 -2.6678578E+00
2026 07 24 05 04 00 000 -2.1133545E+01 -1.4464415E+01 -2.6603665E+00
2026 07 24 05 04 30 000 -2.1135184E+01 -1.4468256E+01 -2.6528730E+00
2026 07 24 05 05 00 000 -2.1136822E+01 -1.4472093E+01 -2.6453772E+00
2026 07 24 05 05 30 000 -2.1138458E+01 -1.4475924E+01 -2.6378792E+00
2026 07 24 05 06 00 000 -2.1140092E+01 -1.4479751E+01 -2.6303789E+00
2026 07 24 05 06 30 000 -2.1141725E+01 -1.4483573E+01 -2.6228765E+00
2026 07 24 05 07 00 000 -2.1143356E+01 -1.4487390E+01 -2.6153719E+00
2026 07 24 05 07 30 000 -2.1144986E+01 -1.4491203E+01 -2.6078651E+00
2026 07 24 05 08 00 000 -2.1146613E+01 -1.4495010E+01 -2.6003562E+00
2026 07 24 05 08 30 000 -2.1148239E+01 -1.4498813E+01 -2.5928452E+00
2026 07 24 05 09 00 000 -2.1149864E+01 -1.4502612E+01 -2.5853321E+00
2026 07 24 05 09 30 000 -2.1151487E+01 -1.4506405E+01 -2.5778170E+00
2026 07 24 05 10 00 000 -2.1153108E+01 -1.4510194E+01 -2.5702999E+00
2026 07 24 05 10 30 000 -2.1154727E+01 -1.4513977E+01 -2.5627808E+00
2026 07 24 05 11 00 000 -2.1156345E+01 -1.4517756E+01 -2.5552597E+00
2026 07 24 05 11 30 000 -2.1157961E+01 -1.4521531E+01 -2.5477367E+00
2026 07 24 05 12 00 000 -2.1159575E+01 -1.4525300E+01 -2.5402118E+00
2026 07 24 05 12 30 000 -2.1161188E+01 -1.4529065E+01 -2.5326849E+00
2026 07 24 05 13 00 000 -2.1162799E+01 -1.4532825E+01 -2.5251562E+00
2026 07 24 05 13 30 000 -2.1164408E+01 -1.4536580E+01 -2.5176257E+00
2026 07 24 05 14 00 000 -2.1166016E+01 -1.4540330E+01 -2.5100933E+00
2026 07 24 05 14 30 000 -2.1167622E+01 -1.4544075E+01 -2.5025591E+00
2026 07 24 05 15 00 000 -2.1169226E+01 -1.4547816E+01 -2.4950232E+00
2026 07 24 05 15 30 000 -2.1170829E+01 -1.4551551E+01 -2.4874855E+00
2026 07 24 05 16 00 000 -2.1172430E+01 -1.4555282E+01 -2.4799461E+00
2026 07 24 05 16 30 000 -2.1174029E+01 -1.4559008E+01 -2.4724050E+00
2026 07 24 05 17 00 000 -2.1175627E+01 -1.4562730E+01 -2.4648623E+00
2026 07 24 05 17 30 000 -2.1177223E+01 -1.4566446E+01 -2.4573179E+00
2026 07 24 05 18 00 000 -2.1178817E+01 -1.4570157E+01 -2.4497718E+00
2026 07 24 05 18 30 000 -2.1180410E+01 -1.4573864E+01 -2.4422242E+00
2026 07 24 05 19 00 000 -2.1182001E+01 -1.4577566E+01 -2.4346750E+00
2026 07 24 05 19 30 000 -2.1183590E+01 -1.4581263E+01 -2.4271243E+00
2026 07 24 05 20 00 000 -2.1185177E+01 -1.4584955E+01 -2.4195721E+00
2026 07 24 05 20 30 000 -2.1186763E+01 -1.4588642E+01 -2.4120183E+00
2026 07 24 05 21 00 000 -2.1188348E+01 -1.4592325E+01 -2.4044631E+00
2026 07 24 05 21 30 000 -2.1189930E+01 -1.4596002E+01 -2.3969065E+00
2026 07 24 05 22 00 000 -2.1191511E+01 -1.4599675E+01 -2.3893484E+00
2026 07 24 05 22 30 000 -2.1193091E+01 -1.4603343E+01 -2.3817889E+00
2026 07 24 05 23 00 000 -2.1194668E+01 -1.4607005E+01 -2.3742281E+00
2026 07 24 05 23 30 000 -2.1196244E+01 -1.4610663E+01 -2.3666660E+00
2026 07 24 05 24 00 000 -2.1197819E+01 -1.4614317E+01 -2.3591025E+00
2026 07 24 05 24 30 000 -2.1199391E+01 -1.4617965E+01 -2.3515377E+00
2026 07 24 05 25 00 000 -2.1200962E+01 -1.4621608E+01 -2.3439717E+00
2026 07 24 05 25 30 000 -2.1202532E+01 -1.4625247E+01 -2.3364044E+00
2026 07 24 05 26 00 000 -2.1204099E+01 -1.4628880E+01 -2.3288360E+00
2026 07 24 05 26 30 000 -2.1205665E+01 -1.4632509E+01 -2.3212663E+00
2026 07 24 05 27 00 000 -2.1207230E+01 -1.4636133E+01 -2.3136955E+00
2026 07 24 05 27 30 000 -2.1208793E+01 -1.4639751E+01 -2.3061235E+00
2026 07 24 05 28 00 000 -2.1210354E+01 -1.4643365E+01 -2.2985504E+00
2026 07 24 05 28 30 000 -2.1211913E+01 -1.4646974E+01 -2.2909763E+00
2026 07 24 05 29 00 000 -2.1213471E+01 -1.4650579E+01 -2.2834011E+00
2026 07 24 05 29 30 000 -2.1215027E+01 -1.4654178E+01 -2.2758248E+00
2026 07 24 05 30 00 000 -2.1216581E+01 -1.4657772E+01 -2.2682476E+00
2026 07 24 05 30 30 000 -2.1218134E+01 -1.4661362E+01 -2.2606693E+00
2026 07 24 05 31 00 000 -2.1219685E+01 -1.4664946E+01 -2.2530901E+00
2026 07 24 05 31 30 000 -2.1221235E+01 -1.4668526E+01 -2.2455100E+00
2026 07 24 05 32 00 000 -2.1222782E+01 -1.4672100E+01 -2.2379290E+00
2026 07 24 05 32 30 000 -2.1224328E+01 -1.4675670E+01 -2.2303471E+00
2026 07 24 05 33 00 000 -2.1225873E+01 -1.4679235E+01 -2.2227643E+00
2026 07 24 05 33 30 000 -2.1227416E+01 -1.4682794E+01 -2.2151807E+00
2026 07 24 05 34 00 000 -2.1228957E+01 -1.4686349E+01 -2.2075963E+00
2026 07 24 05 34 30 000 -2.1230496E+01 -1.4689899E+01 -2.2000111E+00
2026 07 24 05 35 00 000 -2.1232034E+01 -1.4693444E+01 -2.1924252E+00
2026 07 24 05 35 30 000 -2.1233570E+01 -1.4696985E+01 -2.1848385E+00
2026 07 24 05 36 00 000 -2.1235105E+01 -1.4700520E+01 -2.1772512E+00
2026 07 24 05 36 30 000 -2.1236638E+01 -1.4704050E+01 -2.1696632E+00
2026 07 24 05 37 00 000 -2.1238169E+01 -1.4707575E+01 -2.1620745E+00
2026 07 24 05 37 30 000 -2.1239699E+01 -1.4711096E+01 -2.1544852E+00
2026 07 24 05 38 00 000 -2.1241227E+01 -1.4714611E+01 -2.1468953E+00
2026 07 24 05 38 30 000 -2.1242753E+01 -1.4718121E+01 -2.1393048E+00
2026 07 24 05 39 00 000 -2.1244278E+01 -1.4721627E+01 -2.1317138E+00
2026 07 24 05 39 30 000 -2.1245801E+01 -1.4725127E+01 -2.1241223E+00
2026 07 24 05 40 00 000 -2.1247322E+01 -1.4728623E+01 -2.1165303E+00
2026 07 24 05 40 30 000 -2.1248842E+01 -1.4732114E+01 -2.1089378E+00
2026 07 24 05 41 00 000 -2.1250360E+01 -1.4735599E+01 -2.1013449E+00
2026 07 24 05 41 30 000 -2.1251876E+01 -1.4739080E+01 -2.0937515E+00
2026 07 24 05 42 00 000 -2.1253391E+01 -1.4742556E+01 -2.0861578E+00
2026 07 24 05 42 30 000 -2.1254904E+01 -1.4746027E+01 -2.0785637E+00
2026 07 24 05 43 00 000 -2.1256415E+01 -1.4749492E+01 -2.0709692E+00
2026 07 24 05 43 30 000 -2.1257925E+01 -1.4752953E+01 -2.0633745E+00
2026 07 24 05 44 00 000 -2.1259433E+01 -1.4756409E+01 -2.0557795E+00
2026 07 24 05 44 30 000 -2.1260940E+01 -1.4759860E+01 -2.0481842E+00
2026 07 24 05 45 00 000 -2.1262444E+01 -1.4763306E+01 -2.0405886E+00
2026 07 24 05 45 30 000 -2.1263948E+01 -1.4766747E+01 -2.0329929E+00
2026 07 24 05 46 00 000 -2.1265449E+01 -1.4770183E+01 -2.0253970E+00
2026 07 24 05 46 30 000 -2.1266949E+01 -1.4773614E+01 -2.0178009E+00
2026 07 24 05 47 00 000 -2.1268447E+01 -1.4777041E+01 -2.0102047E+00
2026 07 24 05 47 30 000 -2.1269944E+01 -1.4780462E+01 -2.0026084E+00
2026 07 24 05 48 00 000 -2.1271439E+01 -1.4783878E+01 -1.9950120E+00
2026 07 24 05 48 30 000 -2.1272932E+01 -1.4787289E+01 -1.9874155E+00
2026 07 24 05 49 00 000 -2.1274424E+01 -1.4790696E+01 -1.9798191E+00
2026 07 24 05 49 30 000 -2.1275914E+01 -1.4794097E+01 -1.9722226E+00
2026 07 24 05 50 00 000 -2.1277402E+01 -1.4797493E+01 -1.9646261E+00
2026 07 24 05 50 30 000 -2.1278889E+01 -1.4800885E+01 -1.9570297E+00
2026 07 24 05 51 00 000 -2.1280374E+01 -1.4804271E+01 -1.9494334E+00
2026 07 24 05 51 30 000 -2.1281858E+01 -1.4807652E+01 -1.9418372E+00
2026 07 24 05 52 00 000 -2.1283340E+01 -1.4811029E+01 -1.9342411E+00
2026 07 24 05 52 30 000 -2.1284820E+01 -1.4814400E+01 -1.9266452E+00
2026 07 24 05 53 00 000 -2.1286298E+01 -1.4817767E+01 -1.9190494E+00
2026 07 24 05 53 30 000 -2.1287775E+01 -1.4821128E+01 -1.9114539E+00
2026 07 24 05 54 00 000 -2.1289250E+01 -1.4824485E+01 -1.9038585E+00
2026 07 24 05 54 30 000 -2.1290724E+01 -1.4827837E+01 -1.8962635E+00
2026 07 24 05 55 00 000 -2.1292196E+01 -1.4831183E+01 -1.8886687E+00
2026 07 24 05 55 30 000 -2.1293666E+01 -1.4834525E+01 -1.8810743E+00
2026 07 24 05 56 00 000 -2.1295135E+01 -1.4837861E+01 -1.8734802E+00
2026 07 24 05 56 30 000 -2.1296602E+01 -1.4841193E+01 -1.8658864E+00
2026 07 24 05 57 00 000 -2.1298068E+01 -1.4844520E+01 -1.8582930E+00
2026 07 24 05 57 30 000 -2.1299531E+01 -1.4847842E+01 -1.8507001E+00
2026 07 24 05 58 00 000 -2.1300994E+01 -1.4851159E+01 -1.8431076E+00
2026 07 24 05 58 30 000 -2.1302454E+01 -1.4854470E+01 -1.8355155E+00
2026 07 24 05 59 00 000 -2.1303913E+01 -1.4857777E+01 -1.8279240E+00
2026 07 24 05 59 30 000 -2.1305370E+01 -1.4861079E+01 -1.8203330E+00
2026 07 24 06 00 00 000 -2.1306826E+01 -1.4864376E+01 -1.8127425E+00
2026 07 24 06 00 30 000 -2.1308280E+01 -1.4867668E+01 -1.8051526E+00
2026 07 24 06 01 00 000 -2.1309732E+01 -1.4870955E+01 -1.7975633E+00
2026 07 24 06 01 30 000 -2.1311183E+01 -1.4874237E+01 -1.7899746E+00
2026 07 24 06 02 00 000 -2.1312632E+01 -1.4877514E+01 -1.7823865E+00
2026 07 24 06 02 30 000 -2.1314079E+01 -1.4880786E+01 -1.7747992E+00
2026 07 24 06 03 00 000 -2.1315525E+01 -1.4884053E+01 -1.7672126E+00
2026 07 24 06 03 30 000 -2.1316969E+01 -1.4887316E+01 -1.7596266E+00
2026 07 24 06 04 00 000 -2.1318412E+01 -1.4890573E+01 -1.7520415E+00
2026 07 24 06 04 30 000 -2.1319853E+01 -1.4893825E+01 -1.7444571E+00
2026 07 24 06 05 00 000 -2.1321292E+01 -1.4897072E+01 -1.7368735E+00
2026 07 24 06 05 30 000 -2.1322730E+01 -1.4900315E+01 -1.7292908E+00
2026 07 24 06 06 00 000 -2.1324166E+01 -1.4903552E+01 -1.7217089E+00
2026 07 24 06 06 30 000 -2.1325600E+01 -1.4906784E+01 -1.7141279E+00
2026 07 24 06 07 00 000 -2.1327033E+01 -1.4910012E+01 -1.7065478E+00
2026 07 24 06 07 30 000 -2.1328464E+01 -1.4913234E+01 -1.6989686E+00
2026 07 24 06 08 00 000 -2.1329894E+01 -1.4916452E+01 -1.6913904E+00
2026 07 24 06 08 30 000 -2.1331321E+01 -1.4919665E+01 -1.6838132E+00
2026 07 24 06 09 00 000 -2.1332748E+01 -1.4922872E+01 -1.6762371E+00
2026 07 24 06 09 30 000 -2.1334172E+01 -1.4926075E+01 -1.6686619E+00
2026 07 24 06 10 00 000 -2.1335595E+01 -1.4929273E+01 -1.6610879E+00
2026 07 24 06 10 30 000 -2.1337017E+01 -1.4932465E+01 -1.6535149E+00
2026 07 24 06 11 00 000 -2.1338436E+01 -1.4935653E+01 -1.6459431E+00
2026 07 24 06 11 30 000 -2.1339854E+01 -1.4938836E+01 -1.6383724E+00
2026 07 24 06 12 00 000 -2.1341271E+01 -1.4942014E+01 -1.6308028E+00
2026 07 24 06 12 30 000 -2.1342686E+01 -1.4945187E+01 -1.6232345E+00
2026 07 24 06 13 00 000 -2.1344099E+01 -1.4948355E+01 -1.6156674E+00
2026 07 24 06 13 30 000 -2.1345511E+01 -1.4951519E+01 -1.6081015E+00
2026 07 24 06 14 00 000 -2.1346921E+01 -1.4954677E+01 -1.6005370E+00
2026 07 24 06 14 30 000 -2.1348329E+01 -1.4957830E+01 -1.5929737E+00
2026 07 24 06 15 00 000 -2.1349736E+01 -1.4960979E+01 -1.5854118E+00
2026 07 24 06 15 30 000 -2.1351141E+01 -1.4964122E+01 -1.5778512E+00
2026 07 24 06 16 00 000 -2.1352544E+01 -1.4967260E+01 -1.5702920E+00
2026 07 24 06 16 30 000 -2.1353946E+01 -1.4970394E+01 -1.5627342E+00
2026 07 24 06 17 00 000 -2.1355346E+01 -1.4973523E+01 -1.5551778E+00
2026 07 24 06 17 30 000 -2.1356745E+01 -1.4976647E+01 -1.5476230E+00
2026 07 24 06 18 00 000 -2.1358142E+01 -1.4979765E+01 -1.5400696E+00
2026 07 24 06 18 30 000 -2.1359537E+01 -1.4982879E+01 -1.5325177E+00
2026 07 24 06 19 00 000 -2.1360931E+01 -1.4985988E+01 -1.5249673E+00
2026 07 24 06 19 30 000 -2.1362323E+01 -1.4989092E+01 -1.5174185E+00
2026 07 24 06 20 00 000 -2.1363713E+01 -1.4992192E+01 -1.5098713E+00
2026 07 24 06 20 30 000 -2.1365102E+01 -1.4995286E+01 -1.5023258E+00
2026 07 24 06 21 00 000 -2.1366489E+01 -1.4998375E+01 -1.4947818E+00
2026 07 24 06 21 30 000 -2.1367875E+01 -1.5001460E+01 -1.4872396E+00
2026 07 24 06 22 00 000 -2.1369259E+01 -1.5004539E+01 -1.4796990E+00
2026 07 24 06 22 30 000 -2.1370641E+01 -1.5007614E+01 -1.4721602E+00
2026 07 24 06 23 00 000 -2.1372022E+01 -1.5010684E+01 -1.4646231E+00
2026 07 24 06 23 30 000 -2.1373401E+01 -1.5013749E+01 -1.4570878E+00
2026 07 24 06 24 00 000 -2.1374779E+01 -1.5016809E+01 -1.4495543E+00
2026 07 24 06 24 30 000 -2.1376155E+01 -1.5019864E+01 -1.4420226E+00
2026 07 24 06 25 00 000 -2.1377529E+01 -1.5022914E+01 -1.4344928E+00
2026 07 24 06 25 30 000 -2.1378902E+01 -1.5025960E+01 -1.4269648E+00
2026 07 24 06 26 00 000 -2.1380273E+01 -1.5029000E+01 -1.4194388E+00
2026 07 24 06 26 30 000 -2.1381642E+01 -1.5032036E+01 -1.4119147E+00
2026 07 24 06 27 00 000 -2.1383010E+01 -1.5035066E+01 -1.4043925E+00
2026 07 24 06 27 30 000 -2.1384376E+01 -1.5038092E+01 -1.3968723E+00
2026 07 24 06 28 00 000 -2.1385741E+01 -1.5041113E+01 -1.3893542E+00
2026 07 24 06 28 30 000 -2.1387104E+01 -1.5044130E+01 -1.3818380E+00
2026 07 24 06 29 00 000 -2.1388465E+01 -1.5047141E+01 -1.3743240E+00
2026 07 24 06 29 30 000 -2.1389825E+01 -1.5050147E+01 -1.3668120E+00
2026 07 24 06 30 00 000 -2.1391183E+01 -1.5053149E+01 -1.3593021E+00
2026 07 24 06 30 30 000 -2.1392540E+01 -1.5056146E+01 -1.3517944E+00
2026 07 24 06 31 00 000 -2.1393894E+01 -1.5059138E+01 -1.3442888E+00
2026 07 24 06 31 30 000 -2.1395248E+01 -1.5062125E+01 -1.3367855E+00
2026 07 24 06 32 00 000 -2.1396599E+01 -1.5065107E+01 -1.3292843E+00
2026 07 24 06 32 30 000 -2.1397949E+01 -1.5068084E+01 -1.3217854E+00
2026 07 24 06 33 00 000 -2.1399298E+01 -1.5071057E+01 -1.3142888E+00
2026 07 24 06 33 30 000 -2.1400645E+01 -1.5074025E+01 -1.3067945E+00
2026 07 24 06 34 00 000 -2.1401990E+01 -1.5076988E+01 -1.2993025E+00
2026 07 24 06 34 30 000 -2.1403334E+01 -1.5079946E+01 -1.2918128E+00
2026 07 24 06 35 00 000 -2.1404676E+01 -1.5082899E+01 -1.2843255E+00
2026 07 24 06 35 30 000 -2.1406016E+01 -1.5085848E+01 -1.2768406E+00
2026 07 24 06 36 00 000 -2.1407355E+01 -1.5088791E+01 -1.2693581E+00
2026 07 24 06 36 30 000 -2.1408692E+01 -1.5091730E+01 -1.2618781E+00
2026 07 24 06 37 00 000 -2.1410027E+01 -1.5094664E+01 -1.2544006E+00
2026 07 24 06 37 30 000 -2.1411361E+01 -1.5097593E+01 -1.2469256E+00
2026 07 24 06 38 00 000 -2.1412694E+01 -1.5100518E+01 -1.2394531E+00
2026 07 24 06 38 30 000 -2.1414024E+01 -1.5103438E+01 -1.2319831E+00
2026 07 24 06 39 00 000 -2.1415354E+01 -1.5106353E+01 -1.2245158E+00
2026 07 24 06 39 30 000 -2.1416681E+01 -1.5109263E+01 -1.2170510E+00
2026 07 24 06 40 00 000 -2.1418007E+01 -1.5112168E+01 -1.2095889E+00
2026 07 24 06 40 30 000 -2.1419331E+01 -1.5115069E+01 -1.2021294E+00
2026 07 24 06 41 00 000 -2.1420654E+01 -1.5117964E+01 -1.1946727E+00
2026 07 24 06 41 30 000 -2.1421975E+01 -1.5120856E+01 -1.1872186E+00
2026 07 24 06 42 00 000 -2.1423294E+01 -1.5123742E+01 -1.1797673E+00
2026 07 24 06 42 30 000 -2.1424612E+01 -1.5126623E+01 -1.1723187E+00
2026 07 24 06 43 00 000 -2.1425929E+01 -1.5129500E+01 -1.1648729E+00
2026 07 24 06 43 30 000 -2.1427243E+01 -1.5132372E+01 -1.1574300E+00
2026 07 24 06 44 00 000 -2.1428556E+01 -1.5135240E+01 -1.1499899E+00
2026 07 24 06 44 30 000 -2.1429868E+01 -1.5138102E+01 -1.1425526E+00
2026 07 24 06 45 00 000 -2.1431178E+01 -1.5140960E+01 -1.1351183E+00
2026 07 24 06 45 30 000 -2.1432486E+01 -1.5143813E+01 -1.1276868E+00
2026 07 24 06 46 00 000 -2.1433793E+01 -1.5146662E+01 -1.1202583E+00
2026 07 24 06 46 30 000 -2.1435098E+01 -1.5149505E+01 -1.1128328E+00
2026 07 24 06 47 00 000 -2.1436401E+01 -1.5152344E+01 -1.1054103E+00
2026 07 24 06 47 30 000 -2.1437703E+01 -1.5155178E+01 -1.0979908E+00
2026 07 24 06 48 00 000 -2.1439003E+01 -1.5158008E+01 -1.0905743E+00
2026 07 24 06 48 30 000 -2.1440302E+01 -1.5160833E+01 -1.0831610E+00
2026 07 24 06 49 00 000 -2.1441599E+01 -1.5163653E+01 -1.0757507E+00
2026 07 24 06 49 30 000 -2.1442894E+01 -1.5166469E+01 -1.0683435E+00
2026 07 24 06 50 00 000 -2.1444188E+01 -1.5169279E+01 -1.0609395E+00
2026 07 24 06 50 30 000 -2.1445480E+01 -1.5172085E+01 -1.0535387E+00
2026 07 24 06 51 00 000 -2.1446771E+01 -1.5174887E+01 -1.0461411E+00
2026 07 24 06 51 30 000 -2.1448060E+01 -1.5177684E+01 -1.0387466E+00
2026 07 24 06 52 00 000 -2.1449347E+01 -1.5180476E+01 -1.0313555E+00
2026 07 24 06 52 30 000 -2.1450633E+01 -1.5183263E+01 -1.0239676E+00
2026 07 24 06 53 00 000 -2.1451917E+01 -1.5186046E+01 -1.0165831E+00
2026 07 24 06 53 30 000 -2.1453200E+01 -1.5188824E+01 -1.0092018E+00
2026 07 24 06 54 00 000 -2.1454481E+01 -1.5191598E+01 -1.0018239E+00
2026 07 24 06 54 30 000 -2.1455760E+01 -1.5194367E+01 -9.9444945E-01
2026 07 24 06 55 00 000 -2.1457038E+01 -1.5197131E+01 -9.8707836E-01
2026 07 24 06 55 30 000 -2.1458314E+01 -1.5199890E+01 -9.7971070E-01
2026 07 24 06 56 00 000 -2.1459589E+01 -1.5202646E+01 -9.7234650E-01
2026 07 24 06 56 30 000 -2.1460862E+01 -1.5205396E+01 -9.6498578E-01
2026 07 24 06 57 00 000 -2.1462134E+01 -1.5208142E+01 -9.5762857E-01
2026 07 24 06 57 30 000 -2.1463403E+01 -1.5210883E+01 -9.5027490E-01
2026 07 24 06 58 00 000 -2.1464672E+01 -1.5213619E+01 -9.4292478E-01
2026 07 24 06 58 30 000 -2.1465938E+01 -1.5216351E+01 -9.3557826E-01
2026 07 24 06 59 00 000 -2.1467203E+01 -1.5219079E+01 -9.2823535E-01
2026 07 24 06 59 30 000 -2.1468467E+01 -1.5221802E+01 -9.2089606E-01
2026 07 24 07 00 00 000 -2.1469729E+01 -1.5224520E+01 -9.1356045E-01
2026 07 24 07 00 30 000 -2.1470989E+01 -1.5227234E+01 -9.0622852E-01
2026 07 24 07 01 00 000 -2.1472248E+01 -1.5229943E+01 -8.9890031E-01
2026 07 24 07 01 30 000 -2.1473505E+01 -1.5232647E+01 -8.9157583E-01
2026 07 24 07 02 00 000 -2.1474760E+01 -1.5235347E+01 -8.8425511E-01
2026 07 24 07 02 30 000 -2.1476014E+01 -1.5238043E+01 -8.7693819E-01
2026 07 24 07 03 00 000 -2.1477267E+01 -1.5240734E+01 -8.6962510E-01
2026 07 24 07 03 30 000 -2.1478517E+01 -1.5243420E+01 -8.6231582E-01
2026 07 24 07 04 00 000 -2.1479766E+01 -1.5246102E+01 -8.5501043E-01
2026 07 24 07 04 30 000 -2.1481014E+01 -1.5248779E+01 -8.4770892E-01
2026 07 24 07 05 00 000 -2.1482260E+01 -1.5251452E+01 -8.4041133E-01
2026 07 24 07 05 30 000 -2.1483504E+01 -1.5254121E+01 -8.3311768E-01
2026 07 24 07 06 00 000 -2.1484747E+01 -1.5256784E+01 -8.2582800E-01
2026 07 24 07 06 30 000 -2.1485988E+01 -1.5259444E+01 -8.1854230E-01
2026 07 24 07 07 00 000 -2.1487228E+01 -1.5262099E+01 -8.1126063E-01
2026 07 24 07 07 30 000 -2.1488466E+01 -1.5264749E+01 -8.0398301E-01
2026 07 24 07 08 00 000 -2.1489702E+01 -1.5267395E+01 -7.9670946E-01
2026 07 24 07 08 30 000 -2.1490937E+01 -1.5270036E+01 -7.8943999E-01
2026 07 24 07 09 00 000 -2.1492170E+01 -1.5272673E+01 -7.8217463E-01
2026 07 24 07 09 30 000 -2.1493402E+01 -1.5275306E+01 -7.7491342E-01
2026 07 24 07 10 00 000 -2.1494632E+01 -1.5277934E+01 -7.6765639E-01
2026 07 24 07 10 30 000 -2.1495860E+01 -1.5280557E+01 -7.6040353E-01
2026 07 24 07 11 00 000 -2.1497087E+01 -1.5283177E+01 -7.5315491E-01
2026 07 24 07 11 30 000 -2.1498313E+01 -1.5285791E+01 -7.4591053E-01
2026 07 24 07 12 00 000 -2.1499536E+01 -1.5288402E+01 -7.3867043E-01
2026 07 24 07 12 30 000 -2.1500758E+01 -1.5291007E+01 -7.3143463E-01
2026 07 24 07 13 00 000 -2.1501979E+01 -1.5293609E+01 -7.2420313E-01
2026 07 24 07 13 30 000 -2.1503198E+01 -1.5296206E+01 -7.1697595E-01
2026 07 24 07 14 00 000 -2.1504415E+01 -1.5298799E+01 -7.0975317E-01
2026 07 24 07 14 30 000 -2.1505631E+01 -1.5301387E+01 -7.0253479E-01
2026 07 24 07 15 00 000 -2.1506845E+01 -1.5303971E+01 -6.9532080E-01
2026 07 24 07 15 30 000 -2.1508058E+01 -1.5306551E+01 -6.8811129E-01
2026 07 24 07 16 00 000 -2.1509269E+01 -1.5309126E+01 -6.8090623E-01
2026 07 24 07 16 30 000 -2.1510478E+01 -1.5311697E+01 -6.7370569E-01
2026 07 24 07 17 00 000 -2.1511686E+01 -1.5314263E+01 -6.6650965E-01
2026 07 24 07 17 30 000 -2.1512892E+01 -1.5316825E+01 -6.5931816E-01
2026 07 24 07 18 00 000 -2.1514097E+01 -1.5319383E+01 -6.5213121E-01
2026 07 24 07 18 30 000 -2.1515300E+01 -1.5321936E+01 -6.4494889E-01
2026 07 24 07 19 00 000 -2.1516502E+01 -1.5324485E+01 -6.3777118E-01
2026 07 24 07 19 30 000 -2.1517702E+01 -1.5327030E+01 -6.3059811E-01
2026 07 24 07 20 00 000 -2.1518900E+01 -1.5329571E+01 -6.2342971E-01
2026 07 24 07 20 30 000 -2.1520097E+01 -1.5332107E+01 -6.1626602E-01
2026 07 24 07 21 00 000 -2.1521292E+01 -1.5334639E+01 -6.0910705E-01
2026 07 24 07 21 30 000 -2.1522486E+01 -1.5337166E+01 -6.0195281E-01
2026 07 24 07 22 00 000 -2.1523678E+01 -1.5339690E+01 -5.9480334E-01
2026 07 24 07 22 30 000 -2.1524868E+01 -1.5342209E+01 -5.8765866E-01
2026 07 24 07 23 00 000 -2.1526057E+01 -1.5344724E+01 -5.8051880E-01
2026 07 24 07 23 30 000 -2.1527244E+01 -1.5347234E+01 -5.7338378E-01
2026 07 24 07 24 00 000 -2.1528430E+01 -1.5349740E+01 -5.6625364E-01
2026 07 24 07 24 30 000 -2.1529614E+01 -1.5352242E+01 -5.5912838E-01
2026 07 24 07 25 00 000 -2.1530797E+01 -1.5354740E+01 -5.5200804E-01
2026 07 24 07 25 30 000 -2.1531978E+01 -1.5357234E+01 -5.4489265E-01
2026 07 24 07 26 00 000 -2.1533157E+01 -1.5359723E+01 -5.3778222E-01
2026 07 24 07 26 30 000 -2.1534335E+01 -1.5362208E+01 -5.3067678E-01
2026 07 24 07 27 00 000 -2.1535511E+01 -1.5364689E+01 -5.2357635E-01
2026 07 24 07 27 30 000 -2.1536686E+01 -1.5367166E+01 -5.1648097E-01
2026 07 24 07 28 00 000 -2.1537859E+01 -1.5369638E+01 -5.0939066E-01
2026 07 24 07 28 30 000 -2.1539031E+01 -1.5372107E+01 -5.0230543E-01
2026 07 24 07 29 00 000 -2.1540200E+01 -1.5374571E+01 -4.9522532E-01
2026 07 24 07 29 30 000 -2.1541369E+01 -1.5377031E+01 -4.8815034E-01
2026 07 24 07 30 00 000 -2.1542536E+01 -1.5379487E+01 -4.8108053E-01
2026 07 24 07 30 30 000 -2.1543701E+01 -1.5381939E+01 -4.7401589E-01
2026 07 24 07 31 00 000 -2.1544865E+01 -1.5384386E+01 -4.6695647E-01
2026 07 24 07 31 30 000 -2.1546027E+01 -1.5386830E+01 -4.5990229E-01
2026 07 24 07 32 00 000 -2.1547187E+01 -1.5389269E+01 -4.5285336E-01
2026 07 24 07 32 30 000 -2.1548346E+01 -1.5391704E+01 -4.4580973E-01
2026 07 24 07 33 00 000 -2.1549503E+01 -1.5394135E+01 -4.3877139E-01
2026 07 24 07 33 30 000 -2.1550659E+01 -1.5396562E+01 -4.3173840E-01
2026 07 24 07 34 00 000 -2.1551813E+01 -1.5398985E+01 -4.2471075E-01
2026 07 24 07 34 30 000 -2.1552966E+01 -1.5401404E+01 -4.1768850E-01
2026 07 24 07 35 00 000 -2.1554117E+01 -1.5403819E+01 -4.1067164E-01
2026 07 24 07 35 30 000 -2.1555267E+01 -1.5406229E+01 -4.0366021E-01
2026 07 24 07 36 00 000 -2.1556415E+01 -1.5408636E+01 -3.9665423E-01
2026 07 24 07 36 30 000 -2.1557561E+01 -1.5411038E+01 -3.8965374E-01
2026 07 24 07 37 00 000 -2.1558706E+01 -1.5413437E+01 -3.8265875E-01
2026 07 24 07 37 30 000 -2.1559849E+01 -1.5415831E+01 -3.7566928E-01
2026 07 24 07 38 00 000 -2.1560991E+01 -1.5418222E+01 -3.6868536E-01
2026 07 24 07 38 30 000 -2.1562131E+01 -1.5420608E+01 -3.6170702E-01
2026 07 24 07 39 00 000 -2.1563269E+01 -1.5422991E+01 -3.5473428E-01
2026 07 24 07 39 30 000 -2.1564406E+01 -1.5425369E+01 -3.4776716E-01
2026 07 24 07 40 00 000 -2.1565541E+01 -1.5427743E+01 -3.4080569E-01
2026 07 24 07 40 30 000 -2.1566675E+01 -1.5430114E+01 -3.3384988E-01
2026 07 24 07 41 00 000 -2.1567807E+01 -1.5432480E+01 -3.2689978E-01
2026 07 24 07 41 30 000 -2.1568938E+01 -1.5434843E+01 -3.1995539E-01
2026 07 24 07 42 00 000 -2.1570067E+01 -1.5437201E+01 -3.1301674E-01
2026 07 24 07 42 30 000 -2.1571195E+01 -1.5439556E+01 -3.0608386E-01
2026 07 24 07 43 00 000 -2.1572321E+01 -1.5441907E+01 -2.9915677E-01
2026 07 24 07 43 30 000 -2.1573445E+01 -1.5444253E+01 -2.9223550E-01
2026 07 24 07 44 00 000 -2.1574568E+01 -1.5446596E+01 -2.8532006E-01
2026 07 24 07 44 30 000 -2.1575689E+01 -1.5448935E+01 -2.7841048E-01
2026 07 24 07 45 00 000 -2.1576809E+01 -1.5451270E+01 -2.7150679E-01
2026 07 24 07 45 30 000 -2.1577927E+01 -1.5453601E+01 -2.6460901E-01
2026 07 24 07 46 00 000 -2.1579043E+01 -1.5455928E+01 -2.5771717E-01
2026 07 24 07 46 30 000 -2.1580158E+01 -1.5458252E+01 -2.5083127E-01
2026 07 24 07 47 00 000 -2.1581272E+01 -1.5460571E+01 -2.4395136E-01
2026 07 24 07 47 30 000 -2.1582384E+01 -1.5462887E+01 -2.3707745E-01
2026 07 24 07 48 00 000 -2.1583494E+01 -1.5465198E+01 -2.3020957E-01
2026 07 24 07 48 30 000 -2.1584603E+01 -1.5467506E+01 -2.2334775E-01
2026 07 24 07 49 00 000 -2.1585710E+01 -1.5469810E+01 -2.1649199E-01
2026 07 24 07 49 30 000 -2.1586816E+01 -1.5472111E+01 -2.0964234E-01
2026 07 24 07 50 00 000 -2.1587920E+01 -1.5474407E+01 -2.0279880E-01
2026 07 24 07 50 30 000 -2.1589022E+01 -1.5476700E+01 -1.9596142E-01
2026 07 24 07 51 00 000 -2.1590123E+01 -1.5478988E+01 -1.8913021E-01
2026 07 24 07 51 30 000 -2.1591222E+01 -1.5481274E+01 -1.8230518E-01
2026 07 24 07 52 00 000 -2.1592320E+01 -1.5483555E+01 -1.7548637E-01
2026 07 24 07 52 30 000 -2.1593416E+01 -1.5485832E+01 -1.6867381E-01
2026 07 24 07 53 00 000 -2.1594511E+01 -1.5488106E+01 -1.6186750E-01
2026 07 24 07 53 30 000 -2.1595604E+01 -1.5490376E+01 -1.5506748E-01
2026 07 24 07 54 00 000 -2.1596696E+01 -1.5492642E+01 -1.4827377E-01
2026 07 24 07 54 30 000 -2.1597786E+01 -1.5494905E+01 -1.4148639E-01
2026 07 24 07 55 00 000 -2.1598874E+01 -1.5497164E+01 -1.3470538E-01
2026 07 24 07 55 30 000 -2.1599961E+01 -1.5499419E+01 -1.2793074E-01
2026 07 24 07 56 00 000 -2.1601046E+01 -1.5501670E+01 -1.2116250E-01
2026 07 24 07 56 30 000 -2.1602130E+01 -1.5503918E+01 -1.1440068E-01
2026 07 24 07 57 00 000 -2.1603212E+01 -1.5506162E+01 -1.0764533E-01
2026 07 24 07 57 30 000 -2.1604293E+01 -1.5508402E+01 -1.0089644E-01
2026 07 24 07 58 00 000 -2.1605372E+01 -1.5510639E+01 -9.4154039E-02
2026 07 24 07 58 30 000 -2.1606449E+01 -1.5512872E+01 -8.7418160E-02
2026 07 24 07 59 00 000 -2.1607525E+01 -1.5515101E+01 -8.0688833E-02
2026 07 24 07 59 30 000 -2.1608600E+01 -1.5517327E+01 -7.3966065E-02
2026 07 24 08 00 00 000 -2.1609673E+01 -1.5519549E+01 -6.7249885E-02
2026 07 24 08 00 30 000 -2.1610744E+01 -1.5521767E+01 -6.0540309E-02
2026 07 24 08 01 00 000 -2.1611814E+01 -1.5523982E+01 -5.3837371E-02
2026 07 24 08 01 30 000 -2.1612882E+01 -1.5526193E+01 -4.7141093E-02
2026 07 24 08 02 00 000 -2.1613948E+01 -1.5528401E+01 -4.0451496E-02
2026 07 24 08 02 30 000 -2.1615014E+01 -1.5530605E+01 -3.3768597E-02
2026 07 24 08 03 00 000 -2.1616077E+01 -1.5532806E+01 -2.7092425E-02
2026 07 24 08 03 30 000 -2.1617139E+01 -1.5535003E+01 -2.0423011E-02
2026 07 24 08 04 00 000 -2.1618199E+01 -1.5537196E+01 -1.3760359E-02
2026 07 24 08 04 30 000 -2.1619258E+01 -1.5539386E+01 -7.1045059E-03
2026 07 24 08 05 00 000 -2.1620316E+01 -1.5541572E+01 -4.5546214E-04
2026 07 24 08 05 30 000 -2.1621371E+01 -1.5543755E+01 6.1867363E-03
2026 07 24 08 06 00 000 -2.1622425E+01 -1.5545935E+01 1.2822073E-02
2026 07 24 08 06 30 000 -2.1623478E+01 -1.5548110E+01 1.9450522E-02
2026 07 24 08 07 00 000 -2.1624529E+01 -1.5550283E+01 2.6072066E-02
2026 07 24 08 07 30 000 -2.1625579E+01 -1.5552452E+01 3.2686681E-02
2026 07 24 08 08 00 000 -2.1626627E+01 -1.5554617E+01 3.9294341E-02
2026 07 24 08 08 30 000 -2.1627673E+01 -1.5556779E+01 4.5895024E-02
2026 07 24 08 09 00 000 -2.1628718E+01 -1.5558937E+01 5.2488683E-02
2026 07 24 08 09 30 000 -2.1629761E+01 -1.5561093E+01 5.9075352E-02
2026 07 24 08 10 00 000 -2.1630803E+01 -1.5563244E+01 6.5654974E-02
2026 07 24 08 10 30 000 -2.1631843E+01 -1.5565392E+01 7.2227504E-02
2026 07 24 08 11 00 000 -2.1632882E+01 -1.5567537E+01 7.8792977E-02
2026 07 24 08 11 30 000 -2.1633919E+01 -1.5569679E+01 8.5351333E-02
2026 07 24 08 12 00 000 -2.1634955E+01 -1.5571817E+01 9.1902556E-02
2026 07 24 08 12 30 000 -2.1635989E+01 -1.5573951E+01 9.8446614E-02
2026 07 24 08 13 00 000 -2.1637021E+01 -1.5576082E+01 1.0498350E-01
2026 07 24 08 13 30 000 -2.1638052E+01 -1.5578210E+01 1.1151316E-01
2026 07 24 08 14 00 000 -2.1639081E+01 -1.5580335E+01 1.1803561E-01
2026 07 24 08 14 30 000 -2.1640109E+01 -1.5582456E+01 1.2455083E-01
2026 07 24 08 15 00 000 -2.1641135E+01 -1.5584574E+01 1.3105876E-01
2026 07 24 08 15 30 000 -2.1642160E+01 -1.5586689E+01 1.3755943E-01
2026 07 24 08 16 00 000 -2.1643183E+01 -1.5588800E+01 1.4405278E-01
2026 07 24 08 16 30 000 -2.1644205E+01 -1.5590908E+01 1.5053879E-01
2026 07 24 08 17 00 000 -2.1645225E+01 -1.5593013E+01 1.5701745E-01
2026 07 24 08 17 30 000 -2.1646244E+01 -1.5595114E+01 1.6348873E-01
2026 07 24 08 18 00 000 -2.1647261E+01 -1.5597212E+01 1.6995264E-01
2026 07 24 08 18 30 000 -2.1648276E+01 -1.5599307E+01 1.7640908E-01
2026 07 24 08 19 00 000 -2.1649290E+01 -1.5601399E+01 1.8285810E-01
2026 07 24 08 19 30 000 -2.1650302E+01 -1.5603487E+01 1.8929965E-01
2026 07 24 08 20 00 000 -2.1651313E+01 -1.5605572E+01 1.9573372E-01
2026 07 24 08 20 30 000 -2.1652322E+01 -1.5607654E+01 2.0216027E-01
2026 07 24 08 21 00 000 -2.1653330E+01 -1.5609733E+01 2.0857931E-01
2026 07 24 08 21 30 000 -2.1654336E+01 -1.5611809E+01 2.1499078E-01
2026 07 24 08 22 00 000 -2.1655341E+01 -1.5613881E+01 2.2139468E-01
2026 07 24 08 22 30 000 -2.1656344E+01 -1.5615950E+01 2.2779100E-01
2026 07 24 08 23 00 000 -2.1657345E+01 -1.5618016E+01 2.3417968E-01
2026 07 24 08 23 30 000 -2.1658345E+01 -1.5620079E+01 2.4056072E-01
2026 07 24 08 24 00 000 -2.1659344E+01 -1.5622139E+01 2.4693410E-01
2026 07 24 08 24 30 000 -2.1660341E+01 -1.5624196E+01 2.5329979E-01
2026 07 24 08 25 00 000 -2.1661336E+01 -1.5626249E+01 2.5965779E-01
2026 07 24 08 25 30 000 -2.1662330E+01 -1.5628300E+01 2.6600806E-01
2026 07 24 08 26 00 000 -2.1663322E+01 -1.5630347E+01 2.7235059E-01
2026 07 24 08 26 30 000 -2.1664313E+01 -1.5632391E+01 2.7868533E-01
2026 07 24 08 27 00 000 -2.1665302E+01 -1.5634432E+01 2.8501230E-01
2026 07 24 08 27 30 000 -2.1666290E+01 -1.5636470E+01 2.9133143E-01
2026 07 24 08 28 00 000 -2.1667276E+01 -1.5638506E+01 2.9764273E-01
2026 07 24 08 28 30 000 -2.1668260E+01 -1.5640538E+01 3.0394618E-01
2026 07 24 08 29 00 000 -2.1669244E+01 -1.5642567E+01 3.1024174E-01
2026 07 24 08 29 30 000 -2.1670225E+01 -1.5644592E+01 3.1652942E-01
2026 07 24 08 30 00 000 -2.1671205E+01 -1.5646615E+01 3.2280917E-01
2026 07 24 08 30 30 000 -2.1672183E+01 -1.5648635E+01 3.2908099E-01
2026 07 24 08 31 00 000 -2.1673160E+01 -1.5650652E+01 3.3534483E-01
2026 07 24 08 31 30 000 -2.1674136E+01 -1.5652666E+01 3.4160069E-01
2026 07 24 08 32 00 000 -2.1675109E+01 -1.5654677E+01 3.4784856E-01
2026 07 24 08 32 30 000 -2.1676082E+01 -1.5656685E+01 3.5408839E-01
2026 07 24 08 33 00 000 -2.1677052E+01 -1.5658690E+01 3.6032016E-01
2026 07 24 08 33 30 000 -2.1678022E+01 -1.5660693E+01 3.6654387E-01
2026 07 24 08 34 00 000 -2.1678989E+01 -1.5662692E+01 3.7275949E-01
2026 07 24 08 34 30 000 -2.1679955E+01 -1.5664688E+01 3.7896700E-01
2026 07 24 08 35 00 000 -2.1680920E+01 -1.5666682E+01 3.8516639E-01
2026 07 24 08 35 30 000 -2.1681883E+01 -1.5668672E+01 3.9135761E-01
2026 07 24 08 36 00 000 -2.1682844E+01 -1.5670660E+01 3.9754066E-01
2026 07 24 08 36 30 000 -2.1683804E+01 -1.5672645E+01 4.0371552E-01
2026 07 24 08 37 00 000 -2.1684763E+01 -1.5674627E+01 4.0988217E-01
2026 07 24 08 37 30 000 -2.1685720E+01 -1.5676606E+01 4.1604056E-01
2026 07 24 08 38 00 000 -2.1686675E+01 -1.5678582E+01 4.2219070E-01
2026 07 24 08 38 30 000 -2.1687629E+01 -1.5680555E+01 4.2833257E-01
2026 07 24 08 39 00 000 -2.1688581E+01 -1.5682526E+01 4.3446615E-01
2026 07 24 08 39 30 000 -2.1689532E+01 -1.5684494E+01 4.4059139E-01
2026 07 24 08 40 00 000 -2.1690481E+01 -1.5686459E+01 4.4670830E-01
2026 07 24 08 40 30 000 -2.1691429E+01 -1.5688421E+01 4.5281685E-01
2026 07 24 08 41 00 000 -2.1692375E+01 -1.5690381E+01 4.5891702E-01
2026 07 24 08 41 30 000 -2.1693319E+01 -1.5692337E+01 4.6500878E-01
2026 07 24 08 42 00 000 -2.1694262E+01 -1.5694291E+01 4.7109212E-01
2026 07 24 08 42 30 000 -2.1695204E+01 -1.5696242E+01 4.7716700E-01
2026 07 24 08 43 00 000 -2.1696144E+01 -1.5698191E+01 4.8323343E-01
2026 07 24 08 43 30 000 -2.1697083E+01 -1.5700137E+01 4.8929138E-01
2026 07 24 08 44 00 000 -2.1698019E+01 -1.5702080E+01 4.9534081E-01
2026 07 24 08 44 30 000 -2.1698955E+01 -1.5704020E+01 5.0138172E-01
2026 07 24 08 45 00 000 -2.1699889E+01 -1.5705958E+01 5.0741408E-01
2026 07 24 08 45 30 000 -2.1700821E+01 -1.5707893E+01 5.1343788E-01
2026 07 24 08 46 00 000 -2.1701752E+01 -1.5709825E+01 5.1945309E-01
2026 07 24 08 46 30 000 -2.1702681E+01 -1.5711755E+01 5.2545969E-01
2026 07 24 08 47 00 000 -2.1703609E+01 -1.5713682E+01 5.3145767E-01
2026 07 24 08 47 30 000 -2.1704535E+01 -1.5715607E+01 5.3744699E-01
2026 07 24 08 48 00 000 -2.1705460E+01 -1.5717529E+01 5.4342765E-01
2026 07 24 08 48 30 000 -2.1706383E+01 -1.5719448E+01 5.4939961E-01
2026 07 24 08 49 00 000 -2.1707305E+01 -1.5721364E+01 5.5536286E-01
2026 07 24 08 49 30 000 -2.1708225E+01 -1.5723279E+01 5.6131739E-01
2026 07 24 08 50 00 000 -2.1709143E+01 -1.5725190E+01 5.6726317E-01
2026 07 24 08 50 30 000 -2.1710060E+01 -1.5727099E+01 5.7320018E-01
2026 07 24 08 51 00 000 -2.1710976E+01 -1.5729005E+01 5.7912840E-01
2026 07 24 08 51 30 000 -2.1711890E+01 -1.5730909E+01 5.8504782E-01
2026 07 24 08 52 00 000 -2.1712802E+01 -1.5732811E+01 5.9095840E-01
2026 07 24 08 52 30 000 -2.1713713E+01 -1.5734709E+01 5.9686015E-01
2026 07 24 08 53 00 000 -2.1714623E+01 -1.5736606E+01 6.0275301E-01
2026 07 24 08 53 30 000 -2.1715531E+01 -1.5738500E+01 6.0863699E-01
2026 07 24 08 54 00 000 -2.1716437E+01 -1.5740391E+01 6.1451206E-01
2026 07 24 08 54 30 000 -2.1717342E+01 -1.5742280E+01 6.2037820E-01
2026 07 24 08 55 00 000 -2.1718245E+01 -1.5744166E+01 6.2623540E-01
2026 07 24 08 55 30 000 -2.1719147E+01 -1.5746050E+01 6.3208362E-01
2026 07 24 08 56 00 000 -2.1720047E+01 -1.5747932E+01 6.3792286E-01
2026 07 24 08 56 30 000 -2.1720946E+01 -1.5749811E+01 6.4375309E-01
2026 07 24 08 57 00 000 -2.1721843E+01 -1.5751688E+01 6.4957430E-01
2026 07 24 08 57 30 000 -2.1722739E+01 -1.5753562E+01 6.5538645E-01
2026 07 24 08 58 00 000 -2.1723633E+01 -1.5755434E+01 6.6118954E-01
2026 07 24 08 58 30 000 -2.1724526E+01 -1.5757304E+01 6.6698355E-01
2026 07 24 08 59 00 000 -2.1725417E+01 -1.5759171E+01 6.7276845E-01
2026 07 24 08 59 30 000 -2.1726306E+01 -1.5761036E+01 6.7854423E-01
2026 07 24 09 00 00 000 -2.1727194E+01 -1.5762898E+01 6.8431085E-01
2026 07 24 09 00 30 000 -2.1728081E+01 -1.5764758E+01 6.9006832E-01
2026 07 24 09 01 00 000 -2.1728966E+01 -1.5766616E+01 6.9581661E-01
2026 07 24 09 01 30 000 -2.1729849E+01 -1.5768472E+01 7.0155569E-01
2026 07 24 09 02 00 000 -2.1730731E+01 -1.5770325E+01 7.0728556E-01
2026 07 24 09 02 30 000 -2.1731612E+01 -1.5772176E+01 7.1300618E-01
2026 07 24 09 03 00 000 -2.1732491E+01 -1.5774025E+01 7.1871754E-01
2026 07 24 09 03 30 000 -2.1733368E+01 -1.5775871E+01 7.2441963E-01
2026 07 24 09 04 00 000 -2.1734244E+01 -1.5777715E+01 7.3011241E-01
2026 07 24 09 04 30 000 -2.1735118E+01 -1.5779557E+01 7.3579587E-01
2026 07 24 09 05 00 000 -2.1735991E+01 -1.5781397E+01 7.4147001E-01
2026 07 24 09 05 30 000 -2.1736863E+01 -1.5783234E+01 7.4713479E-01
2026 07 24 09 06 00 000 -2.1737732E+01 -1.5785070E+01 7.5279019E-01
2026 07 24 09 06 30 000 -2.1738601E+01 -1.5786903E+01 7.5843620E-01
2026 07 24 09 07 00 000 -2.1739467E+01 -1.5788734E+01 7.6407279E-01
2026 07 24 09 07 30 000 -2.1740333E+01 -1.5790562E+01 7.6969996E-01
2026 07 24 09 08 00 000 -2.1741196E+01 -1.5792389E+01 7.7531768E-01
2026 07 24 09 08 30 000 -2.1742059E+01 -1.5794213E+01 7.8092593E-01
2026 07 24 09 09 00 000 -2.1742919E+01 -1.5796036E+01 7.8652468E-01
2026 07 24 09 09 30 000 -2.1743778E+01 -1.5797856E+01 7.9211393E-01
2026 07 24 09 10 00 000 -2.1744636E+01 -1.5799674E+01 7.9769366E-01
2026 07 24 09 10 30 000 -2.1745492E+01 -1.5801490E+01 8.0326384E-01
2026 07 24 09 11 00 000 -2.1746347E+01 -1.5803304E+01 8.0882446E-01
2026 07 24 09 11 30 000 -2.1747200E+01 -1.5805115E+01 8.1437549E-01
2026 07 24 09 12 00 000 -2.1748051E+01 -1.5806925E+01 8.1991693E-01
2026 07 24 09 12 30 000 -2.1748902E+01 -1.5808733E+01 8.2544875E-01
2026 07 24 09 13 00 000 -2.1749750E+01 -1.5810538E+01 8.3097094E-01
2026 07 24 09 13 30 000 -2.1750597E+01 -1.5812342E+01 8.3648345E-01
2026 07 24 09 14 00 000 -2.1751443E+01 -1.5814143E+01 8.4198631E-01
2026 07 24 09 14 30 000 -2.1752287E+01 -1.5815943E+01 8.4747946E-01
2026 07 24 09 15 00 000 -2.1753129E+01 -1.5817740E+01 8.5296292E-01
2026 07 24 09 15 30 000 -2.1753970E+01 -1.5819536E+01 8.5843664E-01
2026 07 24 09 16 00 000 -2.1754809E+01 -1.5821329E+01 8.6390061E-01
2026 07 24 09 16 30 000 -2.1755647E+01 -1.5823121E+01 8.6935482E-01
2026 07 24 09 17 00 000 -2.1756484E+01 -1.5824911E+01 8.7479925E-01
2026 07 24 09 17 30 000 -2.1757319E+01 -1.5826698E+01 8.8023387E-01
2026 07 24 09 18 00 000 -2.1758152E+01 -1.5828484E+01 8.8565866E-01
2026 07 24 09 18 30 000 -2.1758984E+01 -1.5830268E+01 8.9107362E-01
2026 07 24 09 19 00 000 -2.1759814E+01 -1.5832050E+01 8.9647872E-01
2026 07 24 09 19 30 000 -2.1760643E+01 -1.5833830E+01 9.0187395E-01
2026 07 24 09 20 00 000 -2.1761471E+01 -1.5835608E+01 9.0725929E-01
2026 07 24 09 20 30 000 -2.1762296E+01 -1.5837384E+01 9.1263471E-01
2026 07 24 09 21 00 000 -2.1763121E+01 -1.5839159E+01 9.1800021E-01
2026 07 24 09 21 30 000 -2.1763943E+01 -1.5840931E+01 9.2335576E-01
2026 07 24 09 22 00 000 -2.1764765E+01 -1.5842702E+01 9.2870134E-01
2026 07 24 09 22 30 000 -2.1765585E+01 -1.5844471E+01 9.3403693E-01
2026 07 24 09 23 00 000 -2.1766403E+01 -1.5846238E+01 9.3936253E-01
2026 07 24 09 23 30 000 -2.1767220E+01 -1.5848003E+01 9.4467811E-01
2026 07 24 09 24 00 000 -2.1768035E+01 -1.5849767E+01 9.4998366E-01
2026 07 24 09 24 30 000 -2.1768848E+01 -1.5851528E+01 9.5527915E-01
2026 07 24 09 25 00 000 -2.1769661E+01 -1.5853288E+01 9.6056456E-01
2026 07 24 09 25 30 000 -2.1770471E+01 -1.5855046E+01 9.6583989E-01
2026 07 24 09 26 00 000 -2.1771281E+01 -1.5856803E+01 9.7110511E-01
2026 07 24 09 26 30 000 -2.1772088E+01 -1.5858557E+01 9.7636021E-01
2026 07 24 09 27 00 000 -2.1772894E+01 -1.5860310E+01 9.8160517E-01
2026 07 24 09 27 30 000 -2.1773699E+01 -1.5862062E+01 9.8683996E-01
2026 07 24 09 28 00 000 -2.1774502E+01 -1.5863811E+01 9.9206459E-01
2026 07 24 09 28 30 000 -2.1775304E+01 -1.5865559E+01 9.9727902E-01
2026 07 24 09 29 00 000 -2.1776104E+01 -1.5867305E+01 1.0024832E+00
2026 07 24 09 29 30 000 -2.1776903E+01 -1.5869049E+01 1.0076772E+00
2026 07 24 09 30 00 000 -2.1777700E+01 -1.5870792E+01 1.0128610E+00
2026 07 24 09 30 30 000 -2.1778495E+01 -1.5872533E+01 1.0180344E+00
2026 07 24 09 31 00 000 -2.1779290E+01 -1.5874273E+01 1.0231976E+00
2026 07 24 09 31 30 000 -2.1780082E+01 -1.5876011E+01 1.0283505E+00
2026 07 24 09 32 00 000 -2.1780873E+01 -1.5877747E+01 1.0334931E+00
2026 07 24 09 32 30 000 -2.1781663E+01 -1.5879482E+01 1.0386253E+00
2026 07 24 09 33 00 000 -2.1782451E+01 -1.5881215E+01 1.0437472E+00
2026 07 24 09 33 30 000 -2.1783237E+01 -1.5882946E+01 1.0488588E+00
2026 07 24 09 34 00 000 -2.1784023E+01 -1.5884676E+01 1.0539599E+00
2026 07 24 09 34 30 000 -2.1784806E+01 -1.5886405E+01 1.0590507E+00
2026 07 24 09 35 00 000 -2.1785588E+01 -1.5888132E+01 1.0641310E+00
2026 07 24 09 35 30 000 -2.1786369E+01 -1.5889857E+01 1.0692009E+00
2026 07 24 09 36 00 000 -2.1787148E+01 -1.5891581E+01 1.0742603E+00
2026 07 24 09 36 30 000 -2.1787925E+01 -1.5893303E+01 1.0793093E+00
2026 07 24 09 37 00 000 -2.1788701E+01 -1.5895024E+01 1.0843478E+00
2026 07 24 09 37 30 000 -2.1789476E+01 -1.5896743E+01 1.0893758E+00
2026 07 24 09 38 00 000 -2.1790249E+01 -1.5898461E+01 1.0943933E+00
2026 07 24 09 38 30 000 -2.1791020E+01 -1.5900177E+01 1.0994002E+00
2026 07 24 09 39 00 000 -2.1791790E+01 -1.5901892E+01 1.1043966E+00
2026 07 24 09 39 30 000 -2.1792559E+01 -1.5903606E+01 1.1093824E+00
2026 07 24 09 40 00 000 -2.1793326E+01 -1.5905318E+01 1.1143576E+00
2026 07 24 09 40 30 000 -2.1794091E+01 -1.5907028E+01 1.1193222E+00
2026 07 24 09 41 00 000 -2.1794855E+01 -1.5908737E+01 1.1242762E+00
2026 07 24 09 41 30 000 -2.1795618E+01 -1.5910445E+01 1.1292196E+00
2026 07 24 09 42 00 000 -2.1796379E+01 -1.5912152E+01 1.1341523E+00
2026 07 24 09 42 30 000 -2.1797138E+01 -1.5913857E+01 1.1390744E+00
2026 07 24 09 43 00 000 -2.1797896E+01 -1.5915560E+01 1.1439857E+00
2026 07 24 09 43 30 000 -2.1798653E+01 -1.5917263E+01 1.1488864E+00
2026 07 24 09 44 00 000 -2.1799408E+01 -1.5918964E+01 1.1537764E+00
2026 07 24 09 44 30 000 -2.1800161E+01 -1.5920663E+01 1.1586556E+00
2026 07 24 09 45 00 000 -2.1800913E+01 -1.5922362E+01 1.1635241E+00
2026 07 24 09 45 30 000 -2.1801664E+01 -1.5924059E+01 1.1683818E+00
2026 07 24 09 46 00 000 -2.1802413E+01 -1.5925754E+01 1.1732287E+00
2026 07 24 09 46 30 000 -2.1803160E+01 -1.5927449E+01 1.1780648E+00
2026 07 24 09 47 00 000 -2.1803906E+01 -1.5929142E+01 1.1828901E+00
2026 07 24 09 47 30 000 -2.1804651E+01 -1.5930834E+01 1.1877046E+00
2026 07 24 09 48 00 000 -2.1805394E+01 -1.5932524E+01 1.1925082E+00
2026 07 24 09 48 30 000 -2.1806135E+01 -1.5934214E+01 1.1973010E+00
2026 07 24 09 49 00 000 -2.1806875E+01 -1.5935902E+01 1.2020829E+00
2026 07 24 09 49 30 000 -2.1807614E+01 -1.5937589E+01 1.2068539E+00
2026 07 24 09 50 00 000 -2.1808351E+01 -1.5939274E+01 1.2116140E+00
2026 07 24 09 50 30 000 -2.1809086E+01 -1.5940959E+01 1.2163632E+00
2026 07 24 09 51 00 000 -2.1809820E+01 -1.5942642E+01 1.2211014E+00
2026 07 24 09 51 30 000 -2.1810553E+01 -1.5944324E+01 1.2258287E+00
2026 07 24 09 52 00 000 -2.1811284E+01 -1.5946005E+01 1.2305450E+00
2026 07 24 09 52 30 000 -2.1812013E+01 -1.5947685E+01 1.2352503E+00
2026 07 24 09 53 00 000 -2.1812741E+01 -1.5949364E+01 1.2399446E+00
2026 07 24 09 53 30 000 -2.1813468E+01 -1.5951041E+01 1.2446279E+00
2026 07 24 09 54 00 000 -2.1814193E+01 -1.5952718E+01 1.2493002E+00
2026 07 24 09 54 30 000 -2.1814916E+01 -1.5954393E+01 1.2539614E+00
2026 07 24 09 55 00 000 -2.1815639E+01 -1.5956067E+01 1.2586115E+00
2026 07 24 09 55 30 000 -2.1816359E+01 -1.5957741E+01 1.2632506E+00
2026 07 24 09 56 00 000 -2.1817078E+01 -1.5959413E+01 1.2678785E+00
2026 07 24 09 56 30 000 -2.1817796E+01 -1.5961084E+01 1.2724954E+00
2026 07 24 09 57 00 000 -2.1818512E+01 -1.5962753E+01 1.2771011E+00
2026 07 24 09 57 30 000 -2.1819226E+01 -1.5964422E+01 1.2816957E+00
2026 07 24 09 58 00 000 -2.1819939E+01 -1.5966090E+01 1.2862791E+00
2026 07 24 09 58 30 000 -2.1820651E+01 -1.5967757E+01 1.2908513E+00
2026 07 24 09 59 00 000 -2.1821361E+01 -1.5969423E+01 1.2954124E+00
2026 07 24 09 59 30 000 -2.1822070E+01 -1.5971088E+01 1.2999623E+00
2026 07 24 10 00 00 000 -2.1822777E+01 -1.5972751E+01 1.3045009E+00
2026 07 24 10 00 30 000 -2.1823482E+01 -1.5974414E+01 1.3090283E+00
2026 07 24 10 01 00 000 -2.1824186E+01 -1.5976076E+01 1.3135445E+00
2026 07 24 10 01 30 000 -2.1824889E+01 -1.5977737E+01 1.3180494E+00
2026 07 24 10 02 00 000 -2.1825590E+01 -1.5979397E+01 1.3225430E+00
2026 07 24 10 02 30 000 -2.1826290E+01 -1.5981056E+01 1.3270253E+00
2026 07 24 10 03 00 000 -2.1826988E+01 -1.5982714E+01 1.3314963E+00
2026 07 24 10 03 30 000 -2.1827684E+01 -1.5984371E+01 1.3359560E+00
2026 07 24 10 04 00 000 -2.1828380E+01 -1.5986028E+01 1.3404044E+00
2026 07 24 10 04 30 000 -2.1829073E+01 -1.5987683E+01 1.3448414E+00
2026 07 24 10 05 00 000 -2.1829765E+01 -1.5989337E+01 1.3492671E+00
2026 07 24 10 05 30 000 -2.1830456E+01 -1.5990991E+01 1.3536813E+00
2026 07 24 10 06 00 000 -2.1831145E+01 -1.5992644E+01 1.3580842E+00
2026 07 24 10 06 30 000 -2.1831833E+01 -1.5994296E+01 1.3624756E+00
2026 07 24 10 07 00 000 -2.1832519E+01 -1.5995947E+01 1.3668557E+00
2026 07 24 10 07 30 000 -2.1833204E+01 -1.5997597E+01 1.3712243E+00
2026 07 24 10 08 00 000 -2.1833887E+01 -1.5999246E+01 1.3755814E+00
2026 07 24 10 08 30 000 -2.1834569E+01 -1.6000895E+01 1.3799271E+00
2026 07 24 10 09 00 000 -2.1835249E+01 -1.6002543E+01 1.3842613E+00
2026 07 24 10 09 30 000 -2.1835928E+01 -1.6004190E+01 1.3885840E+00
2026 07 24 10 10 00 000 -2.1836605E+01 -1.6005836E+01 1.3928951E+00
2026 07 24 10 10 30 000 -2.1837281E+01 -1.6007481E+01 1.3971948E+00
2026 07 24 10 11 00 000 -2.1837955E+01 -1.6009126E+01 1.4014829E+00
2026 07 24 10 11 30 000 -2.1838628E+01 -1.6010770E+01 1.4057595E+00
2026 07 24 10 12 00 000 -2.1839299E+01 -1.6012413E+01 1.4100245E+00
2026 07 24 10 12 30 000 -2.1839969E+01 -1.6014056E+01 1.4142779E+00
2026 07 24 10 13 00 000 -2.1840637E+01 -1.6015698E+01 1.4185197E+00
2026 07 24 10 13 30 000 -2.1841304E+01 -1.6017339E+01 1.4227499E+00
2026 07 24 10 14 00 000 -2.1841970E+01 -1.6018979E+01 1.4269685E+00
2026 07 24 10 14 30 000 -2.1842634E+01 -1.6020619E+01 1.4311755E+00
2026 07 24 10 15 00 000 -2.1843296E+01 -1.6022258E+01 1.4353708E+00
2026 07 24 10 15 30 000 -2.1843957E+01 -1.6023896E+01 1.4395544E+00
2026 07 24 10 16 00 000 -2.1844616E+01 -1.6025534E+01 1.4437264E+00
2026 07 24 10 16 30 000 -2.1845274E+01 -1.6027171E+01 1.4478866E+00
2026 07 24 10 17 00 000 -2.1845931E+01 -1.6028807E+01 1.4520352E+00
2026 07 24 10 17 30 000 -2.1846586E+01 -1.6030443E+01 1.4561720E+00
2026 07 24 10 18 00 000 -2.1847239E+01 -1.6032078E+01 1.4602971E+00
2026 07 24 10 18 30 000 -2.1847891E+01 -1.6033713E+01 1.4644105E+00
2026 07 24 10 19 00 000 -2.1848542E+01 -1.6035347E+01 1.4685121E+00
2026 07 24 10 19 30 000 -2.1849191E+01 -1.6036980E+01 1.4726019E+00
2026 07 24 10 20 00 000 -2.1849838E+01 -1.6038613E+01 1.4766799E+00
2026 07 24 10 20 30 000 -2.1850484E+01 -1.6040245E+01 1.4807462E+00
2026 07 24 10 21 00 000 -2.1851129E+01 -1.6041877E+01 1.4848006E+00
2026 07 24 10 21 30 000 -2.1851772E+01 -1.6043508E+01 1.4888432E+00
2026 07 24 10 22 00 000 -2.1852413E+01 -1.6045138E+01 1.4928739E+00
2026 07 24 10 22 30 000 -2.1853054E+01 -1.6046769E+01 1.4968928E+00
2026 07 24 10 23 00 000 -2.1853692E+01 -1.6048398E+01 1.5008998E+00
2026 07 24 10 23 30 000 -2.1854329E+01 -1.6050027E+01 1.5048950E+00
2026 07 24 10 24 00 000 -2.1854965E+01 -1.6051656E+01 1.5088782E+00
2026 07 24 10 24 30 000 -2.1855599E+01 -1.6053284E+01 1.5128496E+00
2026 07 24 10 25 00 000 -2.1856232E+01 -1.6054912E+01 1.5168090E+00
2026 07 24 10 25 30 000 -2.1856863E+01 -1.6056539E+01 1.5207565E+00
2026 07 24 10 26 00 000 -2.1857493E+01 -1.6058165E+01 1.5246921E+00
2026 07 24 10 26 30 000 -2.1858121E+01 -1.6059792E+01 1.5286157E+00
2026 07 24 10 27 00 000 -2.1858748E+01 -1.6061417E+01 1.5325273E+00
2026 07 24 10 27 30 000 -2.1859373E+01 -1.6063043E+01 1.5364269E+00
2026 07 24 10 28 00 000 -2.1859997E+01 -1.6064668E+01 1.5403146E+00
2026 07 24 10 28 30 000 -2.1860619E+01 -1.6066292E+01 1.5441902E+00
2026 07 24 10 29 00 000 -2.1861240E+01 -1.6067917E+01 1.5480538E+00
2026 07 24 10 29 30 000 -2.1861860E+01 -1.6069540E+01 1.5519054E+00
2026 07 24 10 30 00 000 -2.1862478E+01 -1.6071164E+01 1.5557449E+00
2026 07 24 10 30 30 000 -2.1863094E+01 -1.6072787E+01 1.5595724E+00
2026 07 24 10 31 00 000 -2.1863709E+01 -1.6074410E+01 1.5633878E+00
2026 07 24 10 31 30 000 -2.1864322E+01 -1.6076032E+01 1.5671911E+00
2026 07 24 10 32 00 000 -2.1864934E+01 -1.6077654E+01 1.5709823E+00
2026 07 24 10 32 30 000 -2.1865545E+01 -1.6079276E+01 1.5747614E+00
2026 07 24 10 33 00 000 -2.1866154E+01 -1.6080897E+01 1.5785283E+00
2026 07 24 10 33 30 000 -2.1866762E+01 -1.6082518E+01 1.5822832E+00
2026 07 24 10 34 00 000 -2.1867368E+01 -1.6084139E+01 1.5860259E+00
2026 07 24 10 34 30 000 -2.1867972E+01 -1.6085759E+01 1.5897565E+00
2026 07 24 10 35 00 000 -2.1868575E+01 -1.6087379E+01 1.5934748E+00
2026 07 24 10 35 30 000 -2.1869177E+01 -1.6088999E+01 1.5971810E+00
2026 07 24 10 36 00 000 -2.1869777E+01 -1.6090619E+01 1.6008750E+00
2026 07 24 10 36 30 000 -2.1870376E+01 -1.6092238E+01 1.6045568E+00
2026 07 24 10 37 00 000 -2.1870973E+01 -1.6093858E+01 1.6082264E+00
2026 07 24 10 37 30 000 -2.1871569E+01 -1.6095476E+01 1.6118837E+00
2026 07 24 10 38 00 000 -2.1872163E+01 -1.6097095E+01 1.6155288E+00
2026 07 24 10 38 30 000 -2.1872756E+01 -1.6098714E+01 1.6191616E+00
2026 07 24 10 39 00 000 -2.1873347E+01 -1.6100332E+01 1.6227822E+00
2026 07 24 10 39 30 000 -2.1873937E+01 -1.6101950E+01 1.6263904E+00
2026 07 24 10 40 00 000 -2.1874525E+01 -1.6103568E+01 1.6299865E+00
2026 07 24 10 40 30 000 -2.1875112E+01 -1.6105186E+01 1.6335701E+00
2026 07 24 10 41 00 000 -2.1875698E+01 -1.6106803E+01 1.6371415E+00
2026 07 24 10 41 30 000 -2.1876281E+01 -1.6108420E+01 1.6407006E+00
2026 07 24 10 42 00 000 -2.1876864E+01 -1.6110038E+01 1.6442473E+00
2026 07 24 10 42 30 000 -2.1877445E+01 -1.6111655E+01 1.6477816E+00
2026 07 24 10 43 00 000 -2.1878024E+01 -1.6113272E+01 1.6513037E+00
2026 07 24 10 43 30 000 -2.1878602E+01 -1.6114889E+01 1.6548133E+00
2026 07 24 10 44 00 000 -2.1879179E+01 -1.6116505E+01 1.6583105E+00
2026 07 24 10 44 30 000 -2.1879754E+01 -1.6118122E+01 1.6617954E+00
2026 07 24 10 45 00 000 -2.1880328E+01 -1.6119738E+01 1.6652678E+00
2026 07 24 10 45 30 000 -2.1880900E+01 -1.6121355E+01 1.6687279E+00
2026 07 24 10 46 00 000 -2.1881471E+01 -1.6122971E+01 1.6721755E+00
2026 07 24 10 46 30 000 -2.1882040E+01 -1.6124587E+01 1.6756107E+00
2026 07 24 10 47 00 000 -2.1882608E+01 -1.6126204E+01 1.6790334E+00
2026 07 24 10 47 30 000 -2.1883174E+01 -1.6127820E+01 1.6824436E+00
2026 07 24 10 48 00 000 -2.1883739E+01 -1.6129436E+01 1.6858414E+00
2026 07 24 10 48 30 000 -2.1884302E+01 -1.6131052E+01 1.6892267E+00
2026 07 24 10 49 00 000 -2.1884864E+01 -1.6132668E+01 1.6925995E+00
2026 07 24 10 49 30 000 -2.1885424E+01 -1.6134284E+01 1.6959598E+00
2026 07 24 10 50 00 000 -2.1885983E+01 -1.6135900E+01 1.6993076E+00
2026 07 24 10 50 30 000 -2.1886540E+01 -1.6137516E+01 1.7026429E+00
2026 07 24 10 51 00 000 -2.1887096E+01 -1.6139132E+01 1.7059656E+00
2026 07 24 10 51 30 000 -2.1887651E+01 -1.6140748E+01 1.7092758E+00
2026 07 24 10 52 00 000 -2.1888204E+01 -1.6142364E+01 1.7125734E+00
2026 07 24 10 52 30 000 -2.1888755E+01 -1.6143980E+01 1.7158585E+00
2026 07 24 10 53 00 000 -2.1889306E+01 -1.6145596E+01 1.7191309E+00
2026 07 24 10 53 30 000 -2.1889854E+01 -1.6147212E+01 1.7223908E+00
2026 07 24 10 54 00 000 -2.1890401E+01 -1.6148829E+01 1.7256381E+00
2026 07 24 10 54 30 000 -2.1890947E+01 -1.6150445E+01 1.7288727E+00
2026 07 24 10 55 00 000 -2.1891491E+01 -1.6152061E+01 1.7320948E+00
2026 07 24 10 55 30 000 -2.1892034E+01 -1.6153678E+01 1.7353042E+00
2026 07 24 10 56 00 000 -2.1892575E+01 -1.6155294E+01 1.7385010E+00
2026 07 24 10 56 30 000 -2.1893115E+01 -1.6156911E+01 1.7416851E+00
2026 07 24 10 57 00 000 -2.1893653E+01 -1.6158528E+01 1.7448566E+00
2026 07 24 10 57 30 000 -2.1894190E+01 -1.6160144E+01 1.7480154E+00
2026 07 24 10 58 00 000 -2.1894726E+01 -1.6161761E+01 1.7511614E+00
2026 07 24 10 58 30 000 -2.1895259E+01 -1.6163379E+01 1.7542948E+00
2026 07 24 10 59 00 000 -2.1895792E+01 -1.6164996E+01 1.7574155E+00
2026 07 24 10 59 30 000 -2.1896323E+01 -1.6166613E+01 1.7605235E+00
2026 07 24 11 00 00 000 -2.1896852E+01 -1.6168231E+01 1.7636188E+00
2026 07 24 11 00 30 000 -2.1897381E+01 -1.6169848E+01 1.7667013E+00
2026 07 24 11 01 00 000 -2.1897907E+01 -1.6171466E+01 1.7697711E+00
2026 07 24 11 01 30 000 -2.1898432E+01 -1.6173084E+01 1.7728282E+00
2026 07 24 11 02 00 000 -2.1898956E+01 -1.6174703E+01 1.7758724E+00
2026 07 24 11 02 30 000 -2.1899478E+01 -1.6176321E+01 1.7789039E+00
2026 07 24 11 03 00 000 -2.1899999E+01 -1.6177940E+01 1.7819227E+00
2026 07 24 11 03 30 000 -2.1900518E+01 -1.6179559E+01 1.7849286E+00
2026 07 24 11 04 00 000 -2.1901036E+01 -1.6181178E+01 1.7879217E+00
2026 07 24 11 04 30 000 -2.1901552E+01 -1.6182797E+01 1.7909021E+00
2026 07 24 11 05 00 000 -2.1902067E+01 -1.6184417E+01 1.7938696E+00
2026 07 24 11 05 30 000 -2.1902581E+01 -1.6186037E+01 1.7968242E+00
2026 07 24 11 06 00 000 -2.1903093E+01 -1.6187657E+01 1.7997661E+00
2026 07 24 11 06 30 000 -2.1903603E+01 -1.6189277E+01 1.8026951E+00
2026 07 24 11 07 00 000 -2.1904112E+01 -1.6190897E+01 1.8056112E+00
2026 07 24 11 07 30 000 -2.1904620E+01 -1.6192518E+01 1.8085145E+00
2026 07 24 11 08 00 000 -2.1905126E+01 -1.6194139E+01 1.8114049E+00
2026 07 24 11 08 30 000 -2.1905630E+01 -1.6195761E+01 1.8142824E+00
2026 07 24 11 09 00 000 -2.1906134E+01 -1.6197383E+01 1.8171470E+00
2026 07 24 11 09 30 000 -2.1906635E+01 -1.6199005E+01 1.8199987E+00
2026 07 24 11 10 00 000 -2.1907135E+01 -1.6200627E+01 1.8228375E+00
2026 07 24 11 10 30 000 -2.1907634E+01 -1.6202250E+01 1.8256634E+00
2026 07 24 11 11 00 000 -2.1908132E+01 -1.6203873E+01 1.8284764E+00
2026 07 24 11 11 30 000 -2.1908627E+01 -1.6205496E+01 1.8312764E+00
2026 07 24 11 12 00 000 -2.1909122E+01 -1.6207119E+01 1.8340635E+00
2026 07 24 11 12 30 000 -2.1909615E+01 -1.6208743E+01 1.8368376E+00
2026 07 24 11 13 00 000 -2.1910106E+01 -1.6210368E+01 1.8395987E+00
2026 07 24 11 13 30 000 -2.1910596E+01 -1.6211993E+01 1.8423469E+00
2026 07 24 11 14 00 000 -2.1911085E+01 -1.6213618E+01 1.8450821E+00
2026 07 24 11 14 30 000 -2.1911572E+01 -1.6215243E+01 1.8478043E+00
2026 07 24 11 15 00 000 -2.1912058E+01 -1.6216869E+01 1.8505136E+00
2026 07 24 11 15 30 000 -2.1912542E+01 -1.6218495E+01 1.8532098E+00
2026 07 24 11 16 00 000 -2.1913024E+01 -1.6220122E+01 1.8558930E+00
2026 07 24 11 16 30 000 -2.1913506E+01 -1.6221749E+01 1.8585631E+00
2026 07 24 11 17 00 000 -2.1913985E+01 -1.6223376E+01 1.8612203E+00
2026 07 24 11 17 30 000 -2.1914464E+01 -1.6225004E+01 1.8638644E+00
2026 07 24 11 18 00 000 -2.1914941E+01 -1.6226632E+01 1.8664954E+00
2026 07 24 11 18 30 000 -2.1915416E+01 -1.6228261E+01 1.8691135E+00
2026 07 24 11 19 00 000 -2.1915890E+01 -1.6229890E+01 1.8717184E+00
2026 07 24 11 19 30 000 -2.1916363E+01 -1.6231520E+01 1.8743103E+00
2026 07 24 11 20 00 000 -2.1916834E+01 -1.6233150E+01 1.8768891E+00
2026 07 24 11 20 30 000 -2.1917303E+01 -1.6234780E+01 1.8794548E+00
2026 07 24 11 21 00 000 -2.1917771E+01 -1.6236411E+01 1.8820074E+00
2026 07 24 11 21 30 000 -2.1918238E+01 -1.6238043E+01 1.8845469E+00
2026 07 24 11 22 00 000 -2.1918703E+01 -1.6239675E+01 1.8870733E+00
2026 07 24 11 22 30 000 -2.1919167E+01 -1.6241307E+01 1.8895865E+00
2026 07 24 11 23 00 000 -2.1919629E+01 -1.6242940E+01 1.8920867E+00
2026 07 24 11 23 30 000 -2.1920090E+01 -1.6244573E+01 1.8945737E+00
2026 07 24 11 24 00 000 -2.1920549E+01 -1.6246207E+01 1.8970476E+00
2026 07 24 11 24 30 000 -2.1921007E+01 -1.6247841E+01 1.8995083E+00
2026 07 24 11 25 00 000 -2.1921464E+01 -1.6249476E+01 1.9019559E+00
2026 07 24 11 25 30 000 -2.1921919E+01 -1.6251112E+01 1.9043903E+00
2026 07 24 11 26 00 000 -2.1922372E+01 -1.6252748E+01 1.9068116E+00
2026 07 24 11 26 30 000 -2.1922825E+01 -1.6254384E+01 1.9092196E+00
2026 07 24 11 27 00 000 -2.1923275E+01 -1.6256021E+01 1.9116145E+00
2026 07 24 11 27 30 000 -2.1923724E+01 -1.6257659E+01 1.9139962E+00
2026 07 24 11 28 00 000 -2.1924172E+01 -1.6259297E+01 1.9163647E+00
2026 07 24 11 28 30 000 -2.1924618E+01 -1.6260936E+01 1.9187200E+00
2026 07 24 11 29 00 000 -2.1925063E+01 -1.6262575E+01 1.9210620E+00
2026 07 24 11 29 30 000 -2.1925507E+01 -1.6264215E+01 1.9233909E+00
2026 07 24 11 30 00 000 -2.1925948E+01 -1.6265855E+01 1.9257065E+00
2026 07 24 11 30 30 000 -2.1926389E+01 -1.6267496E+01 1.9280089E+00
2026 07 24 11 31 00 000 -2.1926828E+01 -1.6269138E+01 1.9302981E+00
2026 07 24 11 31 30 000 -2.1927266E+01 -1.6270780E+01 1.9325740E+00
2026 07 24 11 32 00 000 -2.1927702E+01 -1.6272423E+01 1.9348366E+00
2026 07 24 11 32 30 000 -2.1928136E+01 -1.6274066E+01 1.9370860E+00
2026 07 24 11 33 00 000 -2.1928569E+01 -1.6275710E+01 1.9393221E+00
2026 07 24 11 33 30 000 -2.1929001E+01 -1.6277355E+01 1.9415450E+00
2026 07 24 11 34 00 000 -2.1929432E+01 -1.6279000E+01 1.9437546E+00
2026 07 24 11 34 30 000 -2.1929860E+01 -1.6280646E+01 1.9459509E+00
2026 07 24 11 35 00 000 -2.1930288E+01 -1.6282293E+01 1.9481339E+00
2026 07 24 11 35 30 000 -2.1930714E+01 -1.6283940E+01 1.9503035E+00
2026 07 24 11 36 00 000 -2.1931138E+01 -1.6285587E+01 1.9524599E+00
2026 07 24 11 36 30 000 -2.1931561E+01 -1.6287236E+01 1.9546030E+00
2026 07 24 11 37 00 000 -2.1931983E+01 -1.6288885E+01 1.9567328E+00
2026 07 24 11 37 30 000 -2.1932403E+01 -1.6290535E+01 1.9588492E+00
2026 07 24 11 38 00 000 -2.1932822E+01 -1.6292185E+01 1.9609523E+00
2026 07 24 11 38 30 000 -2.1933239E+01 -1.6293836E+01 1.9630421E+00
2026 07 24 11 39 00 000 -2.1933655E+01 -1.6295488E+01 1.9651185E+00
2026 07 24 11 39 30 000 -2.1934069E+01 -1.6297141E+01 1.9671816E+00
2026 07 24 11 40 00 000 -2.1934482E+01 -1.6298794E+01 1.9692313E+00
2026 07 24 11 40 30 000 -2.1934893E+01 -1.6300448E+01 1.9712677E+00
2026 07 24 11 41 00 000 -2.1935303E+01 -1.6302102E+01 1.9732907E+00
2026 07 24 11 41 30 000 -2.1935712E+01 -1.6303758E+01 1.9753004E+00
2026 07 24 11 42 00 000 -2.1936119E+01 -1.6305414E+01 1.9772966E+00
2026 07 24 11 42 30 000 -2.1936524E+01 -1.6307070E+01 1.9792795E+00
2026 07 24 11 43 00 000 -2.1936929E+01 -1.6308728E+01 1.9812490E+00
2026 07 24 11 43 30 000 -2.1937331E+01 -1.6310386E+01 1.9832051E+00
2026 07 24 11 44 00 000 -2.1937733E+01 -1.6312045E+01 1.9851478E+00
2026 07 24 11 44 30 000 -2.1938133E+01 -1.6313704E+01 1.9870771E+00
2026 07 24 11 45 00 000 -2.1938531E+01 -1.6315365E+01 1.9889930E+00
2026 07 24 11 45 30 000 -2.1938928E+01 -1.6317026E+01 1.9908955E+00
2026 07 24 11 46 00 000 -2.1939323E+01 -1.6318688E+01 1.9927846E+00
2026 07 24 11 46 30 000 -2.1939717E+01 -1.6320350E+01 1.9946602E+00
2026 07 24 11 47 00 000 -2.1940110E+01 -1.6322014E+01 1.9965224E+00
2026 07 24 11 47 30 000 -2.1940501E+01 -1.6323678E+01 1.9983712E+00
2026 07 24 11 48 00 000 -2.1940891E+01 -1.6325343E+01 2.0002065E+00
2026 07 24 11 48 30 000 -2.1941279E+01 -1.6327009E+01 2.0020284E+00
2026 07 24 11 49 00 000 -2.1941666E+01 -1.6328675E+01 2.0038369E+00
2026 07 24 11 49 30 000 -2.1942051E+01 -1.6330342E+01 2.0056319E+00
2026 07 24 11 50 00 000 -2.1942435E+01 -1.6332010E+01 2.0074135E+00
2026 07 24 11 50 30 000 -2.1942818E+01 -1.6333679E+01 2.0091815E+00
2026 07 24 11 51 00 000 -2.1943199E+01 -1.6335349E+01 2.0109362E+00
2026 07 24 11 51 30 000 -2.1943578E+01 -1.6337019E+01 2.0126773E+00
2026 07 24 11 52 00 000 -2.1943956E+01 -1.6338690E+01 2.0144050E+00
2026 07 24 11 52 30 000 -2.1944333E+01 -1.6340362E+01 2.0161192E+00
2026 07 24 11 53 00 000 -2.1944708E+01 -1.6342035E+01 2.0178199E+00
2026 07 24 11 53 30 000 -2.1945082E+01 -1.6343709E+01 2.0195071E+00
2026 07 24 11 54 00 000 -2.1945454E+01 -1.6345383E+01 2.0211808E+00
2026 07 24 11 54 30 000 -2.1945825E+01 -1.6347059E+01 2.0228411E+00
2026 07 24 11 55 00 000 -2.1946195E+01 -1.6348735E+01 2.0244878E+00
2026 07 24 11 55 30 000 -2.1946563E+01 -1.6350412E+01 2.0261211E+00
2026 07 24 11 56 00 000 -2.1946929E+01 -1.6352089E+01 2.0277408E+00
2026 07 24 11 56 30 000 -2.1947295E+01 -1.6353768E+01 2.0293470E+00
2026 07 24 11 57 00 000 -2.1947658E+01 -1.6355448E+01 2.0309397E+00
2026 07 24 11 57 30 000 -2.1948020E+01 -1.6357128E+01 2.0325189E+00
2026 07 24 11 58 00 000 -2.1948381E+01 -1.6358809E+01 2.0340845E+00
2026 07 24 11 58 30 000 -2.1948741E+01 -1.6360491E+01 2.0356367E+00
2026 07 24 11 59 00 000 -2.1949099E+01 -1.6362174E+01 2.0371753E+00
2026 07 24 11 59 30 000 -2.1949455E+01 -1.6363858E+01 2.0387003E+00
2026 07 24 12 00 00 000 -2.1949810E+01 -1.6365542E+01 2.0402119E+00
2026 07 24 12 00 30 000 -2.1950164E+01 -1.6367228E+01 2.0417099E+00
2026 07 24 12 01 00 000 -2.1950516E+01 -1.6368914E+01 2.0431943E+00
2026 07 24 12 01 30 000 -2.1950866E+01 -1.6370602E+01 2.0446652E+00
2026 07 24 12 02 00 000 -2.1951216E+01 -1.6372290E+01 2.0461225E+00
2026 07 24 12 02 30 000 -2.1951564E+01 -1.6373979E+01 2.0475663E+00
2026 07 24 12 03 00 000 -2.1951910E+01 -1.6375669E+01 2.0489966E+00
2026 07 24 12 03 30 000 -2.1952255E+01 -1.6377360E+01 2.0504132E+00
2026 07 24 12 04 00 000 -2.1952598E+01 -1.6379051E+01 2.0518164E+00
2026 07 24 12 04 30 000 -2.1952940E+01 -1.6380744E+01 2.0532059E+00
2026 07 24 12 05 00 000 -2.1953281E+01 -1.6382437E+01 2.0545819E+00
2026 07 24 12 05 30 000 -2.1953620E+01 -1.6384132E+01 2.0559443E+00
2026 07 24 12 06 00 000 -2.1953958E+01 -1.6385827E+01 2.0572932E+00
2026 07 24 12 06 30 000 -2.1954294E+01 -1.6387523E+01 2.0586284E+00
2026 07 24 12 07 00 000 -2.1954629E+01 -1.6389220E+01 2.0599501E+00
2026 07 24 12 07 30 000 -2.1954963E+01 -1.6390918E+01 2.0612582E+00
2026 07 24 12 08 00 000 -2.1955294E+01 -1.6392617E+01 2.0625527E+00
2026 07 24 12 08 30 000 -2.1955625E+01 -1.6394317E+01 2.0638337E+00
2026 07 24 12 09 00 000 -2.1955954E+01 -1.6396018E+01 2.0651010E+00
2026 07 24 12 09 30 000 -2.1956282E+01 -1.6397720E+01 2.0663548E+00
2026 07 24 12 10 00 000 -2.1956608E+01 -1.6399422E+01 2.0675949E+00
2026 07 24 12 10 30 000 -2.1956933E+01 -1.6401126E+01 2.0688215E+00
2026 07 24 12 11 00 000 -2.1957256E+01 -1.6402831E+01 2.0700345E+00
2026 07 24 12 11 30 000 -2.1957578E+01 -1.6404536E+01 2.0712339E+00
2026 07 24 12 12 00 000 -2.1957898E+01 -1.6406243E+01 2.0724196E+00
2026 07 24 12 12 30 000 -2.1958218E+01 -1.6407950E+01 2.0735918E+00
2026 07 24 12 13 00 000 -2.1958535E+01 -1.6409658E+01 2.0747504E+00
2026 07 24 12 13 30 000 -2.1958851E+01 -1.6411367E+01 2.0758954E+00
2026 07 24 12 14 00 000 -2.1959166E+01 -1.6413078E+01 2.0770267E+00
2026 07 24 12 14 30 000 -2.1959479E+01 -1.6414789E+01 2.0781445E+00
2026 07 24 12 15 00 000 -2.1959791E+01 -1.6416501E+01 2.0792486E+00
2026 07 24 12 15 30 000 -2.1960101E+01 -1.6418214E+01 2.0803391E+00
2026 07 24 12 16 00 000 -2.1960410E+01 -1.6419928E+01 2.0814160E+00
2026 07 24 12 16 30 000 -2.1960718E+01 -1.6421643E+01 2.0824793E+00
2026 07 24 12 17 00 000 -2.1961024E+01 -1.6423359E+01 2.0835289E+00
2026 07 24 12 17 30 000 -2.1961329E+01 -1.6425076E+01 2.0845650E+00
2026 07 24 12 18 00 000 -2.1961632E+01 -1.6426794E+01 2.0855875E+00
2026 07 24 12 18 30 000 -2.1961934E+01 -1.6428513E+01 2.0865963E+00
2026 07 24 12 19 00 000 -2.1962234E+01 -1.6430233E+01 2.0875915E+00
2026 07 24 12 19 30 000 -2.1962533E+01 -1.6431953E+01 2.0885731E+00
2026 07 24 12 20 00 000 -2.1962831E+01 -1.6433675E+01 2.0895410E+00
2026 07 24 12 20 30 000 -2.1963127E+01 -1.6435398E+01 2.0904953E+00
2026 07 24 12 21 00 000 -2.1963421E+01 -1.6437122E+01 2.0914360E+00
2026 07 24 12 21 30 000 -2.1963714E+01 -1.6438847E+01 2.0923631E+00
2026 07 24 12 22 00 000 -2.1964006E+01 -1.6440572E+01 2.0932765E+00
2026 07 24 12 22 30 000 -2.1964296E+01 -1.6442299E+01 2.0941763E+00
2026 07 24 12 23 00 000 -2.1964585E+01 -1.6444027E+01 2.0950625E+00
2026 07 24 12 23 30 000 -2.1964873E+01 -1.6445755E+01 2.0959351E+00
2026 07 24 12 24 00 000 -2.1965159E+01 -1.6447485E+01 2.0967941E+00
2026 07 24 12 24 30 000 -2.1965443E+01 -1.6449216E+01 2.0976394E+00
2026 07 24 12 25 00 000 -2.1965726E+01 -1.6450948E+01 2.0984710E+00
2026 07 24 12 25 30 000 -2.1966008E+01 -1.6452680E+01 2.0992891E+00
2026 07 24 12 26 00 000 -2.1966288E+01 -1.6454414E+01 2.1000935E+00
2026 07 24 12 26 30 000 -2.1966567E+01 -1.6456149E+01 2.1008843E+00
2026 07 24 12 27 00 000 -2.1966845E+01 -1.6457884E+01 2.1016615E+00
2026 07 24 12 27 30 000 -2.1967121E+01 -1.6459621E+01 2.1024250E+00
2026 07 24 12 28 00 000 -2.1967395E+01 -1.6461359E+01 2.1031749E+00
2026 07 24 12 28 30 000 -2.1967668E+01 -1.6463097E+01 2.1039112E+00
2026 07 24 12 29 00 000 -2.1967940E+01 -1.6464837E+01 2.1046339E+00
2026 07 24 12 29 30 000 -2.1968210E+01 -1.6466578E+01 2.1053429E+00
2026 07 24 12 30 00 000 -2.1968479E+01 -1.6468319E+01 2.1060383E+00
2026 07 24 12 30 30 000 -2.1968747E+01 -1.6470062E+01 2.1067201E+00
2026 07 24 12 31 00 000 -2.1969012E+01 -1.6471806E+01 2.1073882E+00
2026 07 24 12 31 30 000 -2.1969277E+01 -1.6473551E+01 2.1080428E+00
2026 07 24 12 32 00 000 -2.1969540E+01 -1.6475296E+01 2.1086837E+00
2026 07 24 12 32 30 000 -2.1969802E+01 -1.6477043E+01 2.1093110E+00
2026 07 24 12 33 00 000 -2.1970062E+01 -1.6478791E+01 2.1099246E+00
2026 07 24 12 33 30 000 -2.1970321E+01 -1.6480540E+01 2.1105247E+00
2026 07 24 12 34 00 000 -2.1970578E+01 -1.6482289E+01 2.1111111E+00
2026 07 24 12 34 30 000 -2.1970834E+01 -1.6484040E+01 2.1116839E+00
2026 07 24 12 35 00 000 -2.1971089E+01 -1.6485792E+01 2.1122431E+00
2026 07 24 12 35 30 000 -2.1971342E+01 -1.6487545E+01 2.1127887E+00
2026 07 24 12 36 00 000 -2.1971593E+01 -1.6489299E+01 2.1133206E+00
2026 07 24 12 36 30 000 -2.1971844E+01 -1.6491054E+01 2.1138390E+00
2026 07 24 12 37 00 000 -2.1972092E+01 -1.6492810E+01 2.1143437E+00
2026 07 24 12 37 30 000 -2.1972340E+01 -1.6494566E+01 2.1148348E+00
2026 07 24 12 38 00 000 -2.1972586E+01 -1.6496324E+01 2.1153123E+00
2026 07 24 12 38 30 000 -2.1972830E+01 -1.6498083E+01 2.1157762E+00
2026 07 24 12 39 00 000 -2.1973073E+01 -1.6499843E+01 2.1162265E+00
2026 07 24 12 39 30 000 -2.1973315E+01 -1.6501604E+01 2.1166632E+00
2026 07 24 12 40 00 000 -2.1973555E+01 -1.6503366E+01 2.1170863E+00
2026 07 24 12 40 30 000 -2.1973794E+01 -1.6505129E+01 2.1174958E+00
2026 07 24 12 41 00 000 -2.1974031E+01 -1.6506893E+01 2.1178917E+00
2026 07 24 12 41 30 000 -2.1974267E+01 -1.6508658E+01 2.1182740E+00
2026 07 24 12 42 00 000 -2.1974502E+01 -1.6510425E+01 2.1186427E+00
2026 07 24 12 42 30 000 -2.1974735E+01 -1.6512192E+01 2.1189978E+00
2026 07 24 12 43 00 000 -2.1974967E+01 -1.6513960E+01 2.1193394E+00
2026 07 24 12 43 30 000 -2.1975197E+01 -1.6515729E+01 2.1196673E+00
2026 07 24 12 44 00 000 -2.1975426E+01 -1.6517499E+01 2.1199817E+00
2026 07 24 12 44 30 000 -2.1975653E+01 -1.6519270E+01 2.1202824E+00
2026 07 24 12 45 00 000 -2.1975879E+01 -1.6521042E+01 2.1205697E+00
2026 07 24 12 45 30 000 -2.1976104E+01 -1.6522816E+01 2.1208433E+00
2026 07 24 12 46 00 000 -2.1976327E+01 -1.6524590E+01 2.1211033E+00
2026 07 24 12 46 30 000 -2.1976548E+01 -1.6526365E+01 2.1213498E+00
2026 07 24 12 47 00 000 -2.1976769E+01 -1.6528141E+01 2.1215828E+00
2026 07 24 12 47 30 000 -2.1976987E+01 -1.6529919E+01 2.1218021E+00
2026 07 24 12 48 00 000 -2.1977205E+01 -1.6531697E+01 2.1220079E+00
2026 07 24 12 48 30 000 -2.1977421E+01 -1.6533476E+01 2.1222001E+00
2026 07 24 12 49 00 000 -2.1977635E+01 -1.6535257E+01 2.1223788E+00
2026 07 24 12 49 30 000 -2.1977848E+01 -1.6537038E+01 2.1225440E+00
2026 07 24 12 50 00 000 -2.1978060E+01 -1.6538820E+01 2.1226956E+00
2026 07 24 12 50 30 000 -2.1978270E+01 -1.6540604E+01 2.1228336E+00
2026 07 24 12 51 00 000 -2.1978479E+01 -1.6542388E+01 2.1229581E+00
2026 07 24 12 51 30 000 -2.1978687E+01 -1.6544174E+01 2.1230691E+00
2026 07 24 12 52 00 000 -2.1978893E+01 -1.6545960E+01 2.1231665E+00
2026 07 24 12 52 30 000 -2.1979097E+01 -1.6547747E+01 2.1232504E+00
2026 07 24 12 53 00 000 -2.1979301E+01 -1.6549536E+01 2.1233208E+00
2026 07 24 12 53 30 000 -2.1979502E+01 -1.6551325E+01 2.1233777E+00
2026 07 24 12 54 00 000 -2.1979703E+01 -1.6553116E+01 2.1234210E+00
2026 07 24 12 54 30 000 -2.1979901E+01 -1.6554907E+01 2.1234508E+00
2026 07 24 12 55 00 000 -2.1980099E+01 -1.6556700E+01 2.1234671E+00
2026 07 24 12 55 30 000 -2.1980295E+01 -1.6558493E+01 2.1234700E+00
2026 07 24 12 56 00 000 -2.1980490E+01 -1.6560288E+01 2.1234593E+00
2026 07 24 12 56 30 000 -2.1980683E+01 -1.6562083E+01 2.1234351E+00
2026 07 24 12 57 00 000 -2.1980875E+01 -1.6563880E+01 2.1233974E+00
2026 07 24 12 57 30 000 -2.1981065E+01 -1.6565677E+01 2.1233463E+00
2026 07 24 12 58 00 000 -2.1981254E+01 -1.6567476E+01 2.1232816E+00
2026 07 24 12 58 30 000 -2.1981441E+01 -1.6569275E+01 2.1232035E+00
2026 07 24 12 59 00 000 -2.1981628E+01 -1.6571076E+01 2.1231119E+00
2026 07 24 12 59 30 000 -2.1981812E+01 -1.6572877E+01 2.1230069E+00
2026 07 24 13 00 00 000 -2.1981995E+01 -1.6574679E+01 2.1228884E+00
2026 07 24 13 00 30 000 -2.1982177E+01 -1.6576483E+01 2.1227564E+00
2026 07 24 13 01 00 000 -2.1982358E+01 -1.6578287E+01 2.1226110E+00
2026 07 24 13 01 30 000 -2.1982537E+01 -1.6580093E+01 2.1224521E+00
2026 07 24 13 02 00 000 -2.1982714E+01 -1.6581899E+01 2.1222798E+00
2026 07 24 13 02 30 000 -2.1982890E+01 -1.6583706E+01 2.1220940E+00
2026 07 24 13 03 00 000 -2.1983065E+01 -1.6585515E+01 2.1218949E+00
2026 07 24 13 03 30 000 -2.1983238E+01 -1.6587324E+01 2.1216823E+00
2026 07 24 13 04 00 000 -2.1983410E+01 -1.6589134E+01 2.1214562E+00
2026 07 24 13 04 30 000 -2.1983581E+01 -1.6590946E+01 2.1212168E+00
2026 07 24 13 05 00 000 -2.1983750E+01 -1.6592758E+01 2.1209640E+00
2026 07 24 13 05 30 000 -2.1983917E+01 -1.6594571E+01 2.1206977E+00
2026 07 24 13 06 00 000 -2.1984084E+01 -1.6596386E+01 2.1204180E+00
2026 07 24 13 06 30 000 -2.1984249E+01 -1.6598201E+01 2.1201250E+00
2026 07 24 13 07 00 000 -2.1984412E+01 -1.6600017E+01 2.1198186E+00
2026 07 24 13 07 30 000 -2.1984574E+01 -1.6601834E+01 2.1194988E+00
2026 07 24 13 08 00 000 -2.1984734E+01 -1.6603652E+01 2.1191656E+00
2026 07 24 13 08 30 000 -2.1984893E+01 -1.6605471E+01 2.1188191E+00
2026 07 24 13 09 00 000 -2.1985051E+01 -1.6607291E+01 2.1184592E+00
2026 07 24 13 09 30 000 -2.1985207E+01 -1.6609112E+01 2.1180860E+00
2026 07 24 13 10 00 000 -2.1985362E+01 -1.6610934E+01 2.1176994E+00
2026 07 24 13 10 30 000 -2.1985516E+01 -1.6612757E+01 2.1172995E+00
2026 07 24 13 11 00 000 -2.1985668E+01 -1.6614581E+01 2.1168862E+00
2026 07 24 13 11 30 000 -2.1985818E+01 -1.6616405E+01 2.1164596E+00
2026 07 24 13 12 00 000 -2.1985968E+01 -1.6618231E+01 2.1160197E+00
2026 07 24 13 12 30 000 -2.1986115E+01 -1.6620058E+01 2.1155665E+00
2026 07 24 13 13 00 000 -2.1986262E+01 -1.6621885E+01 2.1151000E+00
2026 07 24 13 13 30 000 -2.1986407E+01 -1.6623714E+01 2.1146202E+00
2026 07 24 13 14 00 000 -2.1986550E+01 -1.6625543E+01 2.1141271E+00
2026 07 24 13 14 30 000 -2.1986692E+01 -1.6627373E+01 2.1136207E+00
2026 07 24 13 15 00 000 -2.1986833E+01 -1.6629205E+01 2.1131010E+00
2026 07 24 13 15 30 000 -2.1986972E+01 -1.6631037E+01 2.1125681E+00
2026 07 24 13 16 00 000 -2.1987110E+01 -1.6632870E+01 2.1120219E+00
2026 07 24 13 16 30 000 -2.1987247E+01 -1.6634704E+01 2.1114625E+00
2026 07 24 13 17 00 000 -2.1987382E+01 -1.6636539E+01 2.1108898E+00
2026 07 24 13 17 30 000 -2.1987515E+01 -1.6638375E+01 2.1103039E+00
2026 07 24 13 18 00 000 -2.1987647E+01 -1.6640212E+01 2.1097048E+00
2026 07 24 13 18 30 000 -2.1987778E+01 -1.6642049E+01 2.1090924E+00
2026 07 24 13 19 00 000 -2.1987908E+01 -1.6643888E+01 2.1084668E+00
2026 07 24 13 19 30 000 -2.1988036E+01 -1.6645727E+01 2.1078280E+00
2026 07 24 13 20 00 000 -2.1988162E+01 -1.6647568E+01 2.1071761E+00
2026 07 24 13 20 30 000 -2.1988287E+01 -1.6649409E+01 2.1065109E+00
2026 07 24 13 21 00 000 -2.1988411E+01 -1.6651251E+01 2.1058325E+00
2026 07 24 13 21 30 000 -2.1988533E+01 -1.6653094E+01 2.1051410E+00
2026 07 24 13 22 00 000 -2.1988654E+01 -1.6654938E+01 2.1044364E+00
2026 07 24 13 22 30 000 -2.1988774E+01 -1.6656783E+01 2.1037185E+00
2026 07 24 13 23 00 000 -2.1988892E+01 -1.6658629E+01 2.1029876E+00
2026 07 24 13 23 30 000 -2.1989008E+01 -1.6660475E+01 2.1022435E+00
2026 07 24 13 24 00 000 -2.1989124E+01 -1.6662323E+01 2.1014862E+00
2026 07 24 13 24 30 000 -2.1989237E+01 -1.6664171E+01 2.1007159E+00
2026 07 24 13 25 00 000 -2.1989350E+01 -1.6666020E+01 2.0999324E+00
2026 07 24 13 25 30 000 -2.1989461E+01 -1.6667870E+01 2.0991359E+00
2026 07 24 13 26 00 000 -2.1989570E+01 -1.6669721E+01 2.0983262E+00
2026 07 24 13 26 30 000 -2.1989679E+01 -1.6671573E+01 2.0975035E+00
2026 07 24 13 27 00 000 -2.1989785E+01 -1.6673425E+01 2.0966677E+00
2026 07 24 13 27 30 000 -2.1989891E+01 -1.6675279E+01 2.0958189E+00
2026 07 24 13 28 00 000 -2.1989995E+01 -1.6677133E+01 2.0949570E+00
2026 07 24 13 28 30 000 -2.1990097E+01 -1.6678988E+01 2.0940820E+00
2026 07 24 13 29 00 000 -2.1990198E+01 -1.6680844E+01 2.0931941E+00
2026 07 24 13 29 30 000 -2.1990298E+01 -1.6682701E+01 2.0922931E+00
2026 07 24 13 30 00 000 -2.1990396E+01 -1.6684558E+01 2.0913791E+00
2026 07 24 13 30 30 000 -2.1990493E+01 -1.6686417E+01 2.0904520E+00
2026 07 24 13 31 00 000 -2.1990589E+01 -1.6688276E+01 2.0895120E+00
2026 07 24 13 31 30 000 -2.1990683E+01 -1.6690136E+01 2.0885591E+00
2026 07 24 13 32 00 000 -2.1990775E+01 -1.6691997E+01 2.0875931E+00
2026 07 24 13 32 30 000 -2.1990867E+01 -1.6693859E+01 2.0866142E+00
2026 07 24 13 33 00 000 -2.1990956E+01 -1.6695721E+01 2.0856224E+00
2026 07 24 13 33 30 000 -2.1991045E+01 -1.6697584E+01 2.0846176E+00
2026 07 24 13 34 00 000 -2.1991132E+01 -1.6699448E+01 2.0835998E+00
2026 07 24 13 34 30 000 -2.1991217E+01 -1.6701313E+01 2.0825692E+00
2026 07 24 13 35 00 000 -2.1991302E+01 -1.6703179E+01 2.0815257E+00
2026 07 24 13 35 30 000 -2.1991384E+01 -1.6705045E+01 2.0804692E+00
2026 07 24 13 36 00 000 -2.1991466E+01 -1.6706912E+01 2.0793999E+00
2026 07 24 13 36 30 000 -2.1991546E+01 -1.6708780E+01 2.0783177E+00
2026 07 24 13 37 00 000 -2.1991624E+01 -1.6710649E+01 2.0772226E+00
2026 07 24 13 37 30 000 -2.1991701E+01 -1.6712518E+01 2.0761147E+00
2026 07 24 13 38 00 000 -2.1991777E+01 -1.6714389E+01 2.0749940E+00
2026 07 24 13 38 30 000 -2.1991851E+01 -1.6716260E+01 2.0738604E+00
2026 07 24 13 39 00 000 -2.1991924E+01 -1.6718131E+01 2.0727140E+00
2026 07 24 13 39 30 000 -2.1991996E+01 -1.6720004E+01 2.0715549E+00
2026 07 24 13 40 00 000 -2.1992066E+01 -1.6721877E+01 2.0703829E+00
2026 07 24 13 40 30 000 -2.1992135E+01 -1.6723751E+01 2.0691981E+00
2026 07 24 13 41 00 000 -2.1992202E+01 -1.6725626E+01 2.0680006E+00
2026 07 24 13 41 30 000 -2.1992268E+01 -1.6727501E+01 2.0667903E+00
2026 07 24 13 42 00 000 -2.1992332E+01 -1.6729377E+01 2.0655673E+00
2026 07 24 13 42 30 000 -2.1992395E+01 -1.6731254E+01 2.0643315E+00
2026 07 24 13 43 00 000 -2.1992457E+01 -1.6733131E+01 2.0630831E+00
2026 07 24 13 43 30 000 -2.1992517E+01 -1.6735010E+01 2.0618219E+00
2026 07 24 13 44 00 000 -2.1992576E+01 -1.6736888E+01 2.0605480E+00
2026 07 24 13 44 30 000 -2.1992633E+01 -1.6738768E+01 2.0592615E+00
2026 07 24 13 45 00 000 -2.1992689E+01 -1.6740648E+01 2.0579622E+00
2026 07 24 13 45 30 000 -2.1992744E+01 -1.6742529E+01 2.0566504E+00
2026 07 24 13 46 00 000 -2.1992797E+01 -1.6744411E+01 2.0553258E+00
2026 07 24 13 46 30 000 -2.1992849E+01 -1.6746293E+01 2.0539887E+00
2026 07 24 13 47 00 000 -2.1992899E+01 -1.6748176E+01 2.0526389E+00
2026 07 24 13 47 30 000 -2.1992948E+01 -1.6750060E+01 2.0512766E+00
2026 07 24 13 48 00 000 -2.1992996E+01 -1.6751944E+01 2.0499016E+00
2026 07 24 13 48 30 000 -2.1993042E+01 -1.6753829E+01 2.0485141E+00
2026 07 24 13 49 00 000 -2.1993087E+01 -1.6755715E+01 2.0471140E+00
2026 07 24 13 49 30 000 -2.1993130E+01 -1.6757601E+01 2.0457014E+00
2026 07 24 13 50 00 000 -2.1993172E+01 -1.6759488E+01 2.0442762E+00
2026 07 24 13 50 30 000 -2.1993213E+01 -1.6761376E+01 2.0428385E+00
2026 07 24 13 51 00 000 -2.1993252E+01 -1.6763264E+01 2.0413883E+00
2026 07 24 13 51 30 000 -2.1993290E+01 -1.6765153E+01 2.0399256E+00
2026 07 24 13 52 00 000 -2.1993326E+01 -1.6767042E+01 2.0384504E+00
2026 07 24 13 52 30 000 -2.1993361E+01 -1.6768932E+01 2.0369628E+00
2026 07 24 13 53 00 000 -2.1993394E+01 -1.6770823E+01 2.0354627E+00
2026 07 24 13 53 30 000 -2.1993427E+01 -1.6772714E+01 2.0339502E+00
2026 07 24 13 54 00 000 -2.1993457E+01 -1.6774606E+01 2.0324253E+00
2026 07 24 13 54 30 000 -2.1993487E+01 -1.6776498E+01 2.0308879E+00
2026 07 24 13 55 00 000 -2.1993515E+01 -1.6778391E+01 2.0293381E+00
2026 07 24 13 55 30 000 -2.1993541E+01 -1.6780285E+01 2.0277760E+00
2026 07 24 13 56 00 000 -2.1993566E+01 -1.6782179E+01 2.0262015E+00
2026 07 24 13 56 30 000 -2.1993590E+01 -1.6784074E+01 2.0246147E+00
2026 07 24 13 57 00 000 -2.1993612E+01 -1.6785969E+01 2.0230155E+00
2026 07 24 13 57 30 000 -2.1993633E+01 -1.6787865E+01 2.0214040E+00
2026 07 24 13 58 00 000 -2.1993653E+01 -1.6789761E+01 2.0197802E+00
2026 07 24 13 58 30 000 -2.1993671E+01 -1.6791658E+01 2.0181441E+00
2026 07 24 13 59 00 000 -2.1993687E+01 -1.6793555E+01 2.0164958E+00
2026 07 24 13 59 30 000 -2.1993703E+01 -1.6795453E+01 2.0148352E+00
2026 07 24 14 00 00 000 -2.1993716E+01 -1.6797352E+01 2.0131623E+00
2026 07 24 14 00 30 000 -2.1993729E+01 -1.6799251E+01 2.0114772E+00
2026 07 24 14 01 00 000 -2.1993740E+01 -1.6801150E+01 2.0097799E+00
2026 07 24 14 01 30 000 -2.1993750E+01 -1.6803050E+01 2.0080705E+00
2026 07 24 14 02 00 000 -2.1993758E+01 -1.6804951E+01 2.0063488E+00
2026 07 24 14 02 30 000 -2.1993765E+01 -1.6806852E+01 2.0046150E+00
2026 07 24 14 03 00 000 -2.1993770E+01 -1.6808753E+01 2.0028690E+00
2026 07 24 14 03 30 000 -2.1993774E+01 -1.6810655E+01 2.0011109E+00
2026 07 24 14 04 00 000 -2.1993777E+01 -1.6812558E+01 1.9993407E+00
2026 07 24 14 04 30 000 -2.1993778E+01 -1.6814461E+01 1.9975584E+00
2026 07 24 14 05 00 000 -2.1993778E+01 -1.6816364E+01 1.9957640E+00
2026 07 24 14 05 30 000 -2.1993777E+01 -1.6818268E+01 1.9939575E+00
2026 07 24 14 06 00 000 -2.1993774E+01 -1.6820172E+01 1.9921390E+00
2026 07 24 14 06 30 000 -2.1993769E+01 -1.6822077E+01 1.9903085E+00
2026 07 24 14 07 00 000 -2.1993764E+01 -1.6823982E+01 1.9884659E+00
2026 07 24 14 07 30 000 -2.1993757E+01 -1.6825888E+01 1.9866114E+00
2026 07 24 14 08 00 000 -2.1993748E+01 -1.6827794E+01 1.9847449E+00
2026 07 24 14 08 30 000 -2.1993738E+01 -1.6829700E+01 1.9828664E+00
2026 07 24 14 09 00 000 -2.1993727E+01 -1.6831607E+01 1.9809760E+00
2026 07 24 14 09 30 000 -2.1993714E+01 -1.6833514E+01 1.9790736E+00
2026 07 24 14 10 00 000 -2.1993700E+01 -1.6835422E+01 1.9771593E+00
2026 07 24 14 10 30 000 -2.1993684E+01 -1.6837330E+01 1.9752332E+00
2026 07 24 14 11 00 000 -2.1993667E+01 -1.6839238E+01 1.9732951E+00
2026 07 24 14 11 30 000 -2.1993649E+01 -1.6841147E+01 1.9713452E+00
2026 07 24 14 12 00 000 -2.1993629E+01 -1.6843056E+01 1.9693835E+00
2026 07 24 14 12 30 000 -2.1993608E+01 -1.6844966E+01 1.9674100E+00
2026 07 24 14 13 00 000 -2.1993586E+01 -1.6846876E+01 1.9654246E+00
2026 07 24 14 13 30 000 -2.1993562E+01 -1.6848786E+01 1.9634275E+00
2026 07 24 14 14 00 000 -2.1993537E+01 -1.6850697E+01 1.9614186E+00
2026 07 24 14 14 30 000 -2.1993510E+01 -1.6852607E+01 1.9593979E+00
2026 07 24 14 15 00 000 -2.1993482E+01 -1.6854519E+01 1.9573655E+00
2026 07 24 14 15 30 000 -2.1993452E+01 -1.6856430E+01 1.9553214E+00
2026 07 24 14 16 00 000 -2.1993421E+01 -1.6858342E+01 1.9532656E+00
2026 07 24 14 16 30 000 -2.1993389E+01 -1.6860254E+01 1.9511982E+00
2026 07 24 14 17 00 000 -2.1993355E+01 -1.6862167E+01 1.9491191E+00
2026 07 24 14 17 30 000 -2.1993320E+01 -1.6864080E+01 1.9470283E+00
2026 07 24 14 18 00 000 -2.1993284E+01 -1.6865993E+01 1.9449259E+00
2026 07 24 14 18 30 000 -2.1993246E+01 -1.6867906E+01 1.9428120E+00
2026 07 24 14 19 00 000 -2.1993207E+01 -1.6869820E+01 1.9406864E+00
2026 07 24 14 19 30 000 -2.1993166E+01 -1.6871734E+01 1.9385493E+00
2026 07 24 14 20 00 000 -2.1993124E+01 -1.6873648E+01 1.9364007E+00
2026 07 24 14 20 30 000 -2.1993080E+01 -1.6875562E+01 1.9342405E+00
2026 07 24 14 21 00 000 -2.1993035E+01 -1.6877477E+01 1.9320688E+00
2026 07 24 14 21 30 000 -2.1992989E+01 -1.6879392E+01 1.9298857E+00
2026 07 24 14 22 00 000 -2.1992941E+01 -1.6881307E+01 1.9276911E+00
2026 07 24 14 22 30 000 -2.1992892E+01 -1.6883223E+01 1.9254850E+00
2026 07 24 14 23 00 000 -2.1992842E+01 -1.6885138E+01 1.9232676E+00
2026 07 24 14 23 30 000 -2.1992790E+01 -1.6887054E+01 1.9210387E+00
2026 07 24 14 24 00 000 -2.1992737E+01 -1.6888970E+01 1.9187984E+00
2026 07 24 14 24 30 000 -2.1992682E+01 -1.6890886E+01 1.9165468E+00
2026 07 24 14 25 00 000 -2.1992626E+01 -1.6892803E+01 1.9142839E+00
2026 07 24 14 25 30 000 -2.1992569E+01 -1.6894719E+01 1.9120096E+00
2026 07 24 14 26 00 000 -2.1992510E+01 -1.6896636E+01 1.9097240E+00
2026 07 24 14 26 30 000 -2.1992450E+01 -1.6898553E+01 1.9074272E+00
2026 07 24 14 27 00 000 -2.1992388E+01 -1.6900470E+01 1.9051191E+00
2026 07 24 14 27 30 000 -2.1992325E+01 -1.6902388E+01 1.9027997E+00
2026 07 24 14 28 00 000 -2.1992261E+01 -1.6904305E+01 1.9004692E+00
2026 07 24 14 28 30 000 -2.1992195E+01 -1.6906222E+01 1.8981274E+00
2026 07 24 14 29 00 000 -2.1992128E+01 -1.6908140E+01 1.8957745E+00
2026 07 24 14 29 30 000 -2.1992059E+01 -1.6910058E+01 1.8934104E+00
2026 07 24 14 30 00 000 -2.1991989E+01 -1.6911976E+01 1.8910352E+00
2026 07 24 14 30 30 000 -2.1991918E+01 -1.6913894E+01 1.8886489E+00
2026 07 24 14 31 00 000 -2.1991845E+01 -1.6915812E+01 1.8862515E+00
2026 07 24 14 31 30 000 -2.1991771E+01 -1.6917730E+01 1.8838430E+00
2026 07 24 14 32 00 000 -2.1991695E+01 -1.6919649E+01 1.8814235E+00
2026 07 24 14 32 30 000 -2.1991618E+01 -1.6921567E+01 1.8789930E+00
2026 07 24 14 33 00 000 -2.1991540E+01 -1.6923486E+01 1.8765514E+00
2026 07 24 14 33 30 000 -2.1991460E+01 -1.6925404E+01 1.8740989E+00
2026 07 24 14 34 00 000 -2.1991379E+01 -1.6927323E+01 1.8716354E+00
2026 07 24 14 34 30 000 -2.1991296E+01 -1.6929241E+01 1.8691610E+00
2026 07 24 14 35 00 000 -2.1991213E+01 -1.6931160E+01 1.8666757E+00
2026 07 24 14 35 30 000 -2.1991127E+01 -1.6933079E+01 1.8641795E+00
2026 07 24 14 36 00 000 -2.1991041E+01 -1.6934997E+01 1.8616724E+00
2026 07 24 14 36 30 000 -2.1990952E+01 -1.6936916E+01 1.8591545E+00
2026 07 24 14 37 00 000 -2.1990863E+01 -1.6938835E+01 1.8566258E+00
2026 07 24 14 37 30 000 -2.1990772E+01 -1.6940754E+01 1.8540862E+00
2026 07 24 14 38 00 000 -2.1990680E+01 -1.6942673E+01 1.8515359E+00
2026 07 24 14 38 30 000 -2.1990586E+01 -1.6944591E+01 1.8489749E+00
2026 07 24 14 39 00 000 -2.1990491E+01 -1.6946510E+01 1.8464031E+00
2026 07 24 14 39 30 000 -2.1990395E+01 -1.6948429E+01 1.8438206E+00
2026 07 24 14 40 00 000 -2.1990297E+01 -1.6950347E+01 1.8412274E+00
2026 07 24 14 40 30 000 -2.1990198E+01 -1.6952266E+01 1.8386235E+00
2026 07 24 14 41 00 000 -2.1990097E+01 -1.6954185E+01 1.8360091E+00
2026 07 24 14 41 30 000 -2.1989995E+01 -1.6956103E+01 1.8333840E+00
2026 07 24 14 42 00 000 -2.1989892E+01 -1.6958022E+01 1.8307483E+00
2026 07 24 14 42 30 000 -2.1989787E+01 -1.6959940E+01 1.8281021E+00
2026 07 24 14 43 00 000 -2.1989681E+01 -1.6961858E+01 1.8254453E+00
2026 07 24 14 43 30 000 -2.1989573E+01 -1.6963777E+01 1.8227780E+00
2026 07 24 14 44 00 000 -2.1989464E+01 -1.6965695E+01 1.8201002E+00
2026 07 24 14 44 30 000 -2.1989354E+01 -1.6967613E+01 1.8174119E+00
2026 07 24 14 45 00 000 -2.1989242E+01 -1.6969531E+01 1.8147132E+00
2026 07 24 14 45 30 000 -2.1989129E+01 -1.6971449E+01 1.8120041E+00
2026 07 24 14 46 00 000 -2.1989014E+01 -1.6973366E+01 1.8092846E+00
2026 07 24 14 46 30 000 -2.1988899E+01 -1.6975284E+01 1.8065547E+00
2026 07 24 14 47 00 000 -2.1988781E+01 -1.6977201E+01 1.8038144E+00
2026 07 24 14 47 30 000 -2.1988663E+01 -1.6979118E+01 1.8010639E+00
2026 07 24 14 48 00 000 -2.1988542E+01 -1.6981036E+01 1.7983030E+00
2026 07 24 14 48 30 000 -2.1988421E+01 -1.6982952E+01 1.7955319E+00
2026 07 24 14 49 00 000 -2.1988298E+01 -1.6984869E+01 1.7927505E+00
2026 07 24 14 49 30 000 -2.1988174E+01 -1.6986786E+01 1.7899589E+00
2026 07 24 14 50 00 000 -2.1988048E+01 -1.6988702E+01 1.7871571E+00
2026 07 24 14 50 30 000 -2.1987921E+01 -1.6990618E+01 1.7843452E+00
2026 07 24 14 51 00 000 -2.1987793E+01 -1.6992534E+01 1.7815231E+00
2026 07 24 14 51 30 000 -2.1987663E+01 -1.6994450E+01 1.7786908E+00
2026 07 24 14 52 00 000 -2.1987532E+01 -1.6996366E+01 1.7758485E+00
2026 07 24 14 52 30 000 -2.1987399E+01 -1.6998281E+01 1.7729961E+00
2026 07 24 14 53 00 000 -2.1987265E+01 -1.7000196E+01 1.7701337E+00
2026 07 24 14 53 30 000 -2.1987130E+01 -1.7002111E+01 1.7672612E+00
2026 07 24 14 54 00 000 -2.1986993E+01 -1.7004025E+01 1.7643788E+00
2026 07 24 14 54 30 000 -2.1986855E+01 -1.7005940E+01 1.7614864E+00
2026 07 24 14 55 00 000 -2.1986716E+01 -1.7007854E+01 1.7585840E+00
2026 07 24 14 55 30 000 -2.1986575E+01 -1.7009767E+01 1.7556718E+00
2026 07 24 14 56 00 000 -2.1986433E+01 -1.7011681E+01 1.7527497E+00
2026 07 24 14 56 30 000 -2.1986289E+01 -1.7013594E+01 1.7498177E+00
2026 07 24 14 57 00 000 -2.1986144E+01 -1.7015507E+01 1.7468758E+00
2026 07 24 14 57 30 000 -2.1985997E+01 -1.7017419E+01 1.7439242E+00
2026 07 24 14 58 00 000 -2.1985850E+01 -1.7019332E+01 1.7409628E+00
2026 07 24 14 58 30 000 -2.1985700E+01 -1.7021244E+01 1.7379916E+00
2026 07 24 14 59 00 000 -2.1985550E+01 -1.7023155E+01 1.7350107E+00
2026 07 24 14 59 30 000 -2.1985398E+01 -1.7025066E+01 1.7320201E+00
2026 07 24 15 00 00 000 -2.1985244E+01 -1.7026977E+01 1.7290199E+00
2026 07 24 15 00 30 000 -2.1985090E+01 -1.7028888E+01 1.7260100E+00
2026 07 24 15 01 00 000 -2.1984934E+01 -1.7030798E+01 1.7229905E+00
2026 07 24 15 01 30 000 -2.1984776E+01 -1.7032708E+01 1.7199614E+00
2026 07 24 15 02 00 000 -2.1984617E+01 -1.7034617E+01 1.7169227E+00
2026 07 24 15 02 30 000 -2.1984457E+01 -1.7036526E+01 1.7138745E+00
2026 07 24 15 03 00 000 -2.1984295E+01 -1.7038435E+01 1.7108168E+00
2026 07 24 15 03 30 000 -2.1984132E+01 -1.7040343E+01 1.7077496E+00
2026 07 24 15 04 00 000 -2.1983968E+01 -1.7042251E+01 1.7046730E+00
2026 07 24 15 04 30 000 -2.1983802E+01 -1.7044158E+01 1.7015869E+00
2026 07 24 15 05 00 000 -2.1983634E+01 -1.7046065E+01 1.6984915E+00
2026 07 24 15 05 30 000 -2.1983466E+01 -1.7047971E+01 1.6953866E+00
2026 07 24 15 06 00 000 -2.1983296E+01 -1.7049877E+01 1.6922725E+00
2026 07 24 15 06 30 000 -2.1983124E+01 -1.7051783E+01 1.6891490E+00
2026 07 24 15 07 00 000 -2.1982952E+01 -1.7053688E+01 1.6860163E+00
2026 07 24 15 07 30 000 -2.1982778E+01 -1.7055593E+01 1.6828743E+00
2026 07 24 15 08 00 000 -2.1982602E+01 -1.7057497E+01 1.6797230E+00
2026 07 24 15 08 30 000 -2.1982425E+01 -1.7059401E+01 1.6765626E+00
2026 07 24 15 09 00 000 -2.1982247E+01 -1.7061304E+01 1.6733930E+00
2026 07 24 15 09 30 000 -2.1982067E+01 -1.7063207E+01 1.6702143E+00
2026 07 24 15 10 00 000 -2.1981886E+01 -1.7065109E+01 1.6670264E+00
2026 07 24 15 10 30 000 -2.1981704E+01 -1.7067010E+01 1.6638295E+00
2026 07 24 15 11 00 000 -2.1981520E+01 -1.7068912E+01 1.6606235E+00
2026 07 24 15 11 30 000 -2.1981335E+01 -1.7070812E+01 1.6574086E+00
2026 07 24 15 12 00 000 -2.1981148E+01 -1.7072712E+01 1.6541846E+00
2026 07 24 15 12 30 000 -2.1980960E+01 -1.7074612E+01 1.6509516E+00
2026 07 24 15 13 00 000 -2.1980771E+01 -1.7076511E+01 1.6477098E+00
2026 07 24 15 13 30 000 -2.1980580E+01 -1.7078409E+01 1.6444590E+00
2026 07 24 15 14 00 000 -2.1980388E+01 -1.7080307E+01 1.6411993E+00
2026 07 24 15 14 30 000 -2.1980195E+01 -1.7082204E+01 1.6379308E+00
2026 07 24 15 15 00 000 -2.1980000E+01 -1.7084100E+01 1.6346535E+00
2026 07 24 15 15 30 000 -2.1979803E+01 -1.7085997E+01 1.6313674E+00
2026 07 24 15 16 00 000 -2.1979606E+01 -1.7087892E+01 1.6280726E+00
2026 07 24 15 16 30 000 -2.1979407E+01 -1.7089787E+01 1.6247690E+00
2026 07 24 15 17 00 000 -2.1979206E+01 -1.7091681E+01 1.6214568E+00
2026 07 24 15 17 30 000 -2.1979005E+01 -1.7093574E+01 1.6181358E+00
2026 07 24 15 18 00 000 -2.1978801E+01 -1.7095467E+01 1.6148063E+00
2026 07 24 15 18 30 000 -2.1978597E+01 -1.7097359E+01 1.6114681E+00
2026 07 24 15 19 00 000 -2.1978391E+01 -1.7099251E+01 1.6081214E+00
2026 07 24 15 19 30 000 -2.1978184E+01 -1.7101142E+01 1.6047661E+00
2026 07 24 15 20 00 000 -2.1977975E+01 -1.7103032E+01 1.6014024E+00
2026 07 24 15 20 30 000 -2.1977765E+01 -1.7104922E+01 1.5980301E+00
2026 07 24 15 21 00 000 -2.1977553E+01 -1.7106811E+01 1.5946494E+00
2026 07 24 15 21 30 000 -2.1977341E+01 -1.7108699E+01 1.5912603E+00
2026 07 24 15 22 00 000 -2.1977126E+01 -1.7110586E+01 1.5878628E+00
2026 07 24 15 22 30 000 -2.1976911E+01 -1.7112473E+01 1.5844569E+00
2026 07 24 15 23 00 000 -2.1976694E+01 -1.7114359E+01 1.5810427E+00
2026 07 24 15 23 30 000 -2.1976475E+01 -1.7116244E+01 1.5776202E+00
2026 07 24 15 24 00 000 -2.1976256E+01 -1.7118129E+01 1.5741895E+00
2026 07 24 15 24 30 000 -2.1976035E+01 -1.7120013E+01 1.5707505E+00
2026 07 24 15 25 00 000 -2.1975812E+01 -1.7121896E+01 1.5673034E+00
2026 07 24 15 25 30 000 -2.1975588E+01 -1.7123778E+01 1.5638481E+00
2026 07 24 15 26 00 000 -2.1975363E+01 -1.7125660E+01 1.5603846E+00
2026 07 24 15 26 30 000 -2.1975136E+01 -1.7127540E+01 1.5569131E+00
2026 07 24 15 27 00 000 -2.1974908E+01 -1.7129420E+01 1.5534334E+00
2026 07 24 15 27 30 000 -2.1974679E+01 -1.7131300E+01 1.5499458E+00
2026 07 24 15 28 00 000 -2.1974448E+01 -1.7133178E+01 1.5464501E+00
2026 07 24 15 28 30 000 -2.1974216E+01 -1.7135056E+01 1.5429464E+00
2026 07 24 15 29 00 000 -2.1973983E+01 -1.7136932E+01 1.5394348E+00
2026 07 24 15 29 30 000 -2.1973748E+01 -1.7138808E+01 1.5359154E+00
2026 07 24 15 30 00 000 -2.1973511E+01 -1.7140683E+01 1.5323880E+00
2026 07 24 15 30 30 000 -2.1973274E+01 -1.7142558E+01 1.5288528E+00
2026 07 24 15 31 00 000 -2.1973035E+01 -1.7144431E+01 1.5253098E+00
2026 07 24 15 31 30 000 -2.1972794E+01 -1.7146304E+01 1.5217589E+00
2026 07 24 15 32 00 000 -2.1972552E+01 -1.7148176E+01 1.5182004E+00
2026 07 24 15 32 30 000 -2.1972309E+01 -1.7150046E+01 1.5146341E+00
2026 07 24 15 33 00 000 -2.1972065E+01 -1.7151916E+01 1.5110602E+00
2026 07 24 15 33 30 000 -2.1971819E+01 -1.7153785E+01 1.5074786E+00
2026 07 24 15 34 00 000 -2.1971571E+01 -1.7155654E+01 1.5038894E+00
2026 07 24 15 34 30 000 -2.1971323E+01 -1.7157521E+01 1.5002926E+00
2026 07 24 15 35 00 000 -2.1971073E+01 -1.7159387E+01 1.4966883E+00
2026 07 24 15 35 30 000 -2.1970821E+01 -1.7161253E+01 1.4930765E+00
2026 07 24 15 36 00 000 -2.1970569E+01 -1.7163117E+01 1.4894571E+00
2026 07 24 15 36 30 000 -2.1970314E+01 -1.7164981E+01 1.4858304E+00
2026 07 24 15 37 00 000 -2.1970059E+01 -1.7166844E+01 1.4821962E+00
2026 07 24 15 37 30 000 -2.1969802E+01 -1.7168705E+01 1.4785546E+00
2026 07 24 15 38 00 000 -2.1969544E+01 -1.7170566E+01 1.4749057E+00
2026 07 24 15 38 30 000 -2.1969284E+01 -1.7172426E+01 1.4712495E+00
2026 07 24 15 39 00 000 -2.1969023E+01 -1.7174285E+01 1.4675860E+00
2026 07 24 15 39 30 000 -2.1968760E+01 -1.7176143E+01 1.4639153E+00
2026 07 24 15 40 00 000 -2.1968496E+01 -1.7178000E+01 1.4602374E+00
2026 07 24 15 40 30 000 -2.1968231E+01 -1.7179856E+01 1.4565522E+00
2026 07 24 15 41 00 000 -2.1967965E+01 -1.7181711E+01 1.4528600E+00
2026 07 24 15 41 30 000 -2.1967697E+01 -1.7183564E+01 1.4491606E+00
2026 07 24 15 42 00 000 -2.1967427E+01 -1.7185417E+01 1.4454542E+00
2026 07 24 15 42 30 000 -2.1967157E+01 -1.7187269E+01 1.4417407E+00
2026 07 24 15 43 00 000 -2.1966885E+01 -1.7189120E+01 1.4380202E+00
2026 07 24 15 43 30 000 -2.1966611E+01 -1.7190970E+01 1.4342928E+00
2026 07 24 15 44 00 000 -2.1966336E+01 -1.7192819E+01 1.4305584E+00
2026 07 24 15 44 30 000 -2.1966060E+01 -1.7194666E+01 1.4268172E+00
2026 07 24 15 45 00 000 -2.1965783E+01 -1.7196513E+01 1.4230690E+00
2026 07 24 15 45 30 000 -2.1965504E+01 -1.7198359E+01 1.4193140E+00
2026 07 24 15 46 00 000 -2.1965223E+01 -1.7200203E+01 1.4155523E+00
2026 07 24 15 46 30 000 -2.1964942E+01 -1.7202047E+01 1.4117838E+00
2026 07 24 15 47 00 000 -2.1964659E+01 -1.7203889E+01 1.4080085E+00
2026 07 24 15 47 30 000 -2.1964374E+01 -1.7205730E+01 1.4042266E+00
2026 07 24 15 48 00 000 -2.1964088E+01 -1.7207570E+01 1.4004380E+00
2026 07 24 15 48 30 000 -2.1963801E+01 -1.7209409E+01 1.3966428E+00
2026 07 24 15 49 00 000 -2.1963513E+01 -1.7211247E+01 1.3928410E+00
2026 07 24 15 49 30 000 -2.1963223E+01 -1.7213084E+01 1.3890327E+00
2026 07 24 15 50 00 000 -2.1962931E+01 -1.7214920E+01 1.3852179E+00
2026 07 24 15 50 30 000 -2.1962639E+01 -1.7216754E+01 1.3813966E+00
2026 07 24 15 51 00 000 -2.1962345E+01 -1.7218588E+01 1.3775688E+00
2026 07 24 15 51 30 000 -2.1962049E+01 -1.7220420E+01 1.3737347E+00
2026 07 24 15 52 00 000 -2.1961752E+01 -1.7222251E+01 1.3698941E+00
2026 07 24 15 52 30 000 -2.1961454E+01 -1.7224081E+01 1.3660473E+00
2026 07 24 15 53 00 000 -2.1961155E+01 -1.7225910E+01 1.3621941E+00
2026 07 24 15 53 30 000 -2.1960854E+01 -1.7227737E+01 1.3583347E+00
2026 07 24 15 54 00 000 -2.1960551E+01 -1.7229564E+01 1.3544691E+00
2026 07 24 15 54 30 000 -2.1960248E+01 -1.7231389E+01 1.3505973E+00
2026 07 24 15 55 00 000 -2.1959943E+01 -1.7233213E+01 1.3467193E+00
2026 07 24 15 55 30 000 -2.1959636E+01 -1.7235036E+01 1.3428352E+00
2026 07 24 15 56 00 000 -2.1959328E+01 -1.7236857E+01 1.3389451E+00
2026 07 24 15 56 30 000 -2.1959019E+01 -1.7238678E+01 1.3350489E+00
2026 07 24 15 57 00 000 -2.1958709E+01 -1.7240497E+01 1.3311467E+00
2026 07 24 15 57 30 000 -2.1958397E+01 -1.7242315E+01 1.3272386E+00
2026 07 24 15 58 00 000 -2.1958083E+01 -1.7244131E+01 1.3233245E+00
2026 07 24 15 58 30 000 -2.1957769E+01 -1.7245947E+01 1.3194045E+00
2026 07 24 15 59 00 000 -2.1957453E+01 -1.7247761E+01 1.3154786E+00
2026 07 24 15 59 30 000 -2.1957135E+01 -1.7249574E+01 1.3115470E+00
2026 07 24 16 00 00 000 -2.1956817E+01 -1.7251385E+01 1.3076095E+00
2026 07 24 16 00 30 000 -2.1956496E+01 -1.7253196E+01 1.3036663E+00
2026 07 24 16 01 00 000 -2.1956175E+01 -1.7255005E+01 1.2997174E+00
2026 07 24 16 01 30 000 -2.1955852E+01 -1.7256812E+01 1.2957628E+00
2026 07 24 16 02 00 000 -2.1955528E+01 -1.7258619E+01 1.2918026E+00
2026 07 24 16 02 30 000 -2.1955202E+01 -1.7260424E+01 1.2878368E+00
2026 07 24 16 03 00 000 -2.1954875E+01 -1.7262228E+01 1.2838654E+00
2026 07 24 16 03 30 000 -2.1954547E+01 -1.7264030E+01 1.2798885E+00
2026 07 24 16 04 00 000 -2.1954217E+01 -1.7265832E+01 1.2759061E+00
2026 07 24 16 04 30 000 -2.1953886E+01 -1.7267632E+01 1.2719183E+00
2026 07 24 16 05 00 000 -2.1953553E+01 -1.7269430E+01 1.2679250E+00
2026 07 24 16 05 30 000 -2.1953220E+01 -1.7271227E+01 1.2639264E+00
2026 07 24 16 06 00 000 -2.1952884E+01 -1.7273023E+01 1.2599225E+00
2026 07 24 16 06 30 000 -2.1952548E+01 -1.7274818E+01 1.2559132E+00
2026 07 24 16 07 00 000 -2.1952210E+01 -1.7276611E+01 1.2518987E+00
2026 07 24 16 07 30 000 -2.1951871E+01 -1.7278403E+01 1.2478789E+00
2026 07 24 16 08 00 000 -2.1951530E+01 -1.7280193E+01 1.2438540E+00
2026 07 24 16 08 30 000 -2.1951188E+01 -1.7281982E+01 1.2398239E+00
2026 07 24 16 09 00 000 -2.1950844E+01 -1.7283770E+01 1.2357888E+00
2026 07 24 16 09 30 000 -2.1950500E+01 -1.7285556E+01 1.2317485E+00
2026 07 24 16 10 00 000 -2.1950153E+01 -1.7287341E+01 1.2277032E+00
2026 07 24 16 10 30 000 -2.1949806E+01 -1.7289125E+01 1.2236530E+00
2026 07 24 16 11 00 000 -2.1949457E+01 -1.7290907E+01 1.2195977E+00
2026 07 24 16 11 30 000 -2.1949107E+01 -1.7292687E+01 1.2155376E+00
2026 07 24 16 12 00 000 -2.1948755E+01 -1.7294467E+01 1.2114726E+00
2026 07 24 16 12 30 000 -2.1948402E+01 -1.7296244E+01 1.2074027E+00
2026 07 24 16 13 00 000 -2.1948048E+01 -1.7298021E+01 1.2033281E+00
2026 07 24 16 13 30 000 -2.1947692E+01 -1.7299796E+01 1.1992486E+00
2026 07 24 16 14 00 000 -2.1947335E+01 -1.7301569E+01 1.1951645E+00
2026 07 24 16 14 30 000 -2.1946976E+01 -1.7303341E+01 1.1910757E+00
2026 07 24 16 15 00 000 -2.1946616E+01 -1.7305112E+01 1.1869822E+00
2026 07 24 16 15 30 000 -2.1946255E+01 -1.7306881E+01 1.1828842E+00
2026 07 24 16 16 00 000 -2.1945893E+01 -1.7308649E+01 1.1787815E+00
2026 07 24 16 16 30 000 -2.1945529E+01 -1.7310415E+01 1.1746743E+00
2026 07 24 16 17 00 000 -2.1945163E+01 -1.7312180E+01 1.1705627E+00
2026 07 24 16 17 30 000 -2.1944797E+01 -1.7313943E+01 1.1664466E+00
2026 07 24 16 18 00 000 -2.1944429E+01 -1.7315705E+01 1.1623261E+00
2026 07 24 16 18 30 000 -2.1944059E+01 -1.7317465E+01 1.1582012E+00
2026 07 24 16 19 00 000 -2.1943688E+01 -1.7319224E+01 1.1540719E+00
2026 07 24 16 19 30 000 -2.1943316E+01 -1.7320981E+01 1.1499384E+00
2026 07 24 16 20 00 000 -2.1942943E+01 -1.7322737E+01 1.1458007E+00
2026 07 24 16 20 30 000 -2.1942568E+01 -1.7324491E+01 1.1416587E+00
2026 07 24 16 21 00 000 -2.1942191E+01 -1.7326244E+01 1.1375125E+00
2026 07 24 16 21 30 000 -2.1941814E+01 -1.7327995E+01 1.1333622E+00
2026 07 24 16 22 00 000 -2.1941435E+01 -1.7329744E+01 1.1292078E+00
2026 07 24 16 22 30 000 -2.1941054E+01 -1.7331492E+01 1.1250493E+00
2026 07 24 16 23 00 000 -2.1940673E+01 -1.7333239E+01 1.1208869E+00
2026 07 24 16 23 30 000 -2.1940290E+01 -1.7334984E+01 1.1167204E+00
2026 07 24 16 24 00 000 -2.1939905E+01 -1.7336727E+01 1.1125500E+00
2026 07 24 16 24 30 000 -2.1939519E+01 -1.7338469E+01 1.1083757E+00
2026 07 24 16 25 00 000 -2.1939132E+01 -1.7340210E+01 1.1041976E+00
2026 07 24 16 25 30 000 -2.1938744E+01 -1.7341948E+01 1.1000156E+00
2026 07 24 16 26 00 000 -2.1938354E+01 -1.7343686E+01 1.0958298E+00
2026 07 24 16 26 30 000 -2.1937962E+01 -1.7345421E+01 1.0916403E+00
2026 07 24 16 27 00 000 -2.1937570E+01 -1.7347155E+01 1.0874471E+00
2026 07 24 16 27 30 000 -2.1937176E+01 -1.7348888E+01 1.0832503E+00
2026 07 24 16 28 00 000 -2.1936780E+01 -1.7350618E+01 1.0790498E+00
2026 07 24 16 28 30 000 -2.1936383E+01 -1.7352348E+01 1.0748457E+00
2026 07 24 16 29 00 000 -2.1935985E+01 -1.7354075E+01 1.0706381E+00
2026 07 24 16 29 30 000 -2.1935586E+01 -1.7355801E+01 1.0664270E+00
2026 07 24 16 30 00 000 -2.1935185E+01 -1.7357526E+01 1.0622125E+00
2026 07 24 16 30 30 000 -2.1934783E+01 -1.7359248E+01 1.0579945E+00
2026 07 24 16 31 00 000 -2.1934379E+01 -1.7360970E+01 1.0537731E+00
2026 07 24 16 31 30 000 -2.1933974E+01 -1.7362689E+01 1.0495484E+00
2026 07 24 16 32 00 000 -2.1933568E+01 -1.7364407E+01 1.0453204E+00
2026 07 24 16 32 30 000 -2.1933160E+01 -1.7366123E+01 1.0410892E+00
2026 07 24 16 33 00 000 -2.1932751E+01 -1.7367838E+01 1.0368547E+00
2026 07 24 16 33 30 000 -2.1932341E+01 -1.7369551E+01 1.0326171E+00
2026 07 24 16 34 00 000 -2.1931929E+01 -1.7371262E+01 1.0283763E+00
2026 07 24 16 34 30 000 -2.1931516E+01 -1.7372972E+01 1.0241324E+00
2026 07 24 16 35 00 000 -2.1931102E+01 -1.7374680E+01 1.0198855E+00
2026 07 24 16 35 30 000 -2.1930686E+01 -1.7376386E+01 1.0156356E+00
2026 07 24 16 36 00 000 -2.1930268E+01 -1.7378091E+01 1.0113826E+00
2026 07 24 16 36 30 000 -2.1929850E+01 -1.7379794E+01 1.0071268E+00
2026 07 24 16 37 00 000 -2.1929430E+01 -1.7381495E+01 1.0028681E+00
2026 07 24 16 37 30 000 -2.1929009E+01 -1.7383195E+01 9.9860649E-01
2026 07 24 16 38 00 000 -2.1928586E+01 -1.7384893E+01 9.9434210E-01
2026 07 24 16 38 30 000 -2.1928162E+01 -1.7386589E+01 9.9007493E-01
2026 07 24 16 39 00 000 -2.1927736E+01 -1.7388283E+01 9.8580504E-01
2026 07 24 16 39 30 000 -2.1927310E+01 -1.7389976E+01 9.8153246E-01
2026 07 24 16 40 00 000 -2.1926881E+01 -1.7391667E+01 9.7725723E-01
2026 07 24 16 40 30 000 -2.1926452E+01 -1.7393357E+01 9.7297940E-01
2026 07 24 16 41 00 000 -2.1926021E+01 -1.7395045E+01 9.6869900E-01
2026 07 24 16 41 30 000 -2.1925589E+01 -1.7396731E+01 9.6441606E-01
2026 07 24 16 42 00 000 -2.1925155E+01 -1.7398415E+01 9.6013066E-01
2026 07 24 16 42 30 000 -2.1924720E+01 -1.7400098E+01 9.5584281E-01
2026 07 24 16 43 00 000 -2.1924284E+01 -1.7401778E+01 9.5155257E-01
2026 07 24 16 43 30 000 -2.1923846E+01 -1.7403458E+01 9.4725995E-01
2026 07 24 16 44 00 000 -2.1923407E+01 -1.7405135E+01 9.4296503E-01
2026 07 24 16 44 30 000 -2.1922967E+01 -1.7406811E+01 9.3866782E-01
2026 07 24 16 45 00 000 -2.1922525E+01 -1.7408484E+01 9.3436838E-01
2026 07 24 16 45 30 000 -2.1922082E+01 -1.7410157E+01 9.3006675E-01
2026 07 24 16 46 00 000 -2.1921638E+01 -1.7411827E+01 9.2576295E-01
2026 07 24 16 46 30 000 -2.1921192E+01 -1.7413496E+01 9.2145705E-01
2026 07 24 16 47 00 000 -2.1920744E+01 -1.7415163E+01 9.1714907E-01
2026 07 24 16 47 30 000 -2.1920296E+01 -1.7416828E+01 9.1283908E-01
2026 07 24 16 48 00 000 -2.1919846E+01 -1.7418491E+01 9.0852709E-01
2026 07 24 16 48 30 000 -2.1919395E+01 -1.7420153E+01 9.0421315E-01
2026 07 24 16 49 00 000 -2.1918942E+01 -1.7421813E+01 8.9989732E-01
2026 07 24 16 49 30 000 -2.1918488E+01 -1.7423471E+01 8.9557962E-01
2026 07 24 16 50 00 000 -2.1918033E+01 -1.7425127E+01 8.9126009E-01
2026 07 24 16 50 30 000 -2.1917576E+01 -1.7426781E+01 8.8693877E-01
2026 07 24 16 51 00 000 -2.1917118E+01 -1.7428434E+01 8.8261573E-01
2026 07 24 16 51 30 000 -2.1916658E+01 -1.7430085E+01 8.7829101E-01
2026 07 24 16 52 00 000 -2.1916197E+01 -1.7431734E+01 8.7396462E-01
2026 07 24 16 52 30 000 -2.1915735E+01 -1.7433382E+01 8.6963662E-01
2026 07 24 16 53 00 000 -2.1915272E+01 -1.7435027E+01 8.6530703E-01
2026 07 24 16 53 30 000 -2.1914807E+01 -1.7436671E+01 8.6097594E-01
2026 07 24 16 54 00 000 -2.1914341E+01 -1.7438313E+01 8.5664333E-01
2026 07 24 16 54 30 000 -2.1913873E+01 -1.7439953E+01 8.5230928E-01
2026 07 24 16 55 00 000 -2.1913404E+01 -1.7441591E+01 8.4797381E-01
2026 07 24 16 55 30 000 -2.1912934E+01 -1.7443228E+01 8.4363699E-01
2026 07 24 16 56 00 000 -2.1912462E+01 -1.7444863E+01 8.3929888E-01
2026 07 24 16 56 30 000 -2.1911989E+01 -1.7446496E+01 8.3495947E-01
2026 07 24 16 57 00 000 -2.1911514E+01 -1.7448127E+01 8.3061883E-01
2026 07 24 16 57 30 000 -2.1911039E+01 -1.7449756E+01 8.2627696E-01
2026 07 24 16 58 00 000 -2.1910561E+01 -1.7451383E+01 8.2193396E-01
2026 07 24 16 58 30 000 -2.1910083E+01 -1.7453009E+01 8.1758982E-01
2026 07 24 16 59 00 000 -2.1909603E+01 -1.7454633E+01 8.1324463E-01
2026 07 24 16 59 30 000 -2.1909122E+01 -1.7456255E+01 8.0889840E-01
2026 07 24 17 00 00 000 -2.1908639E+01 -1.7457875E+01 8.0455121E-01
2026 07 24 17 00 30 000 -2.1908155E+01 -1.7459493E+01 8.0020306E-01
2026 07 24 17 01 00 000 -2.1907670E+01 -1.7461110E+01 7.9585401E-01
2026 07 24 17 01 30 000 -2.1907183E+01 -1.7462724E+01 7.9150408E-01
2026 07 24 17 02 00 000 -2.1906695E+01 -1.7464337E+01 7.8715333E-01
2026 07 24 17 02 30 000 -2.1906206E+01 -1.7465948E+01 7.8280181E-01
2026 07 24 17 03 00 000 -2.1905715E+01 -1.7467557E+01 7.7844956E-01
2026 07 24 17 03 30 000 -2.1905223E+01 -1.7469164E+01 7.7409661E-01
2026 07 24 17 04 00 000 -2.1904730E+01 -1.7470770E+01 7.6974301E-01
2026 07 24 17 04 30 000 -2.1904235E+01 -1.7472373E+01 7.6538880E-01
2026 07 24 17 05 00 000 -2.1903739E+01 -1.7473975E+01 7.6103401E-01
2026 07 24 17 05 30 000 -2.1903241E+01 -1.7475575E+01 7.5667870E-01
2026 07 24 17 06 00 000 -2.1902742E+01 -1.7477173E+01 7.5232290E-01
2026 07 24 17 06 30 000 -2.1902242E+01 -1.7478769E+01 7.4796666E-01
2026 07 24 17 07 00 000 -2.1901740E+01 -1.7480363E+01 7.4361003E-01
2026 07 24 17 07 30 000 -2.1901237E+01 -1.7481955E+01 7.3925304E-01
2026 07 24 17 08 00 000 -2.1900733E+01 -1.7483546E+01 7.3489573E-01
2026 07 24 17 08 30 000 -2.1900227E+01 -1.7485134E+01 7.3053815E-01
2026 07 24 17 09 00 000 -2.1899720E+01 -1.7486721E+01 7.2618031E-01
2026 07 24 17 09 30 000 -2.1899212E+01 -1.7488306E+01 7.2182229E-01
2026 07 24 17 10 00 000 -2.1898702E+01 -1.7489889E+01 7.1746414E-01
2026 07 24 17 10 30 000 -2.1898191E+01 -1.7491470E+01 7.1310586E-01
2026 07 24 17 11 00 000 -2.1897679E+01 -1.7493050E+01 7.0874753E-01
2026 07 24 17 11 30 000 -2.1897165E+01 -1.7494627E+01 7.0438918E-01
2026 07 24 17 12 00 000 -2.1896650E+01 -1.7496202E+01 7.0003086E-01
2026 07 24 17 12 30 000 -2.1896133E+01 -1.7497776E+01 6.9567258E-01
2026 07 24 17 13 00 000 -2.1895615E+01 -1.7499348E+01 6.9131441E-01
2026 07 24 17 13 30 000 -2.1895096E+01 -1.7500918E+01 6.8695639E-01
2026 07 24 17 14 00 000 -2.1894575E+01 -1.7502486E+01 6.8259856E-01
2026 07 24 17 14 30 000 -2.1894053E+01 -1.7504052E+01 6.7824096E-01
2026 07 24 17 15 00 000 -2.1893530E+01 -1.7505616E+01 6.7388361E-01
2026 07 24 17 15 30 000 -2.1893005E+01 -1.7507178E+01 6.6952660E-01
2026 07 24 17 16 00 000 -2.1892479E+01 -1.7508739E+01 6.6516994E-01
2026 07 24 17 16 30 000 -2.1891952E+01 -1.7510297E+01 6.6081368E-01
2026 07 24 17 17 00 000 -2.1891423E+01 -1.7511854E+01 6.5645786E-01
2026 07 24 17 17 30 000 -2.1890893E+01 -1.7513408E+01 6.5210251E-01
2026 07 24 17 18 00 000 -2.1890362E+01 -1.7514961E+01 6.4774769E-01
2026 07 24 17 18 30 000 -2.1889829E+01 -1.7516512E+01 6.4339344E-01
2026 07 24 17 19 00 000 -2.1889295E+01 -1.7518061E+01 6.3903980E-01
2026 07 24 17 19 30 000 -2.1888759E+01 -1.7519608E+01 6.3468680E-01
2026 07 24 17 20 00 000 -2.1888222E+01 -1.7521154E+01 6.3033450E-01
2026 07 24 17 20 30 000 -2.1887684E+01 -1.7522697E+01 6.2598294E-01
2026 07 24 17 21 00 000 -2.1887144E+01 -1.7524238E+01 6.2163215E-01
2026 07 24 17 21 30 000 -2.1886603E+01 -1.7525778E+01 6.1728217E-01
2026 07 24 17 22 00 000 -2.1886061E+01 -1.7527316E+01 6.1293306E-01
2026 07 24 17 22 30 000 -2.1885517E+01 -1.7528851E+01 6.0858485E-01
2026 07 24 17 23 00 000 -2.1884972E+01 -1.7530385E+01 6.0423759E-01
2026 07 24 17 23 30 000 -2.1884426E+01 -1.7531917E+01 5.9989131E-01
2026 07 24 17 24 00 000 -2.1883878E+01 -1.7533447E+01 5.9554605E-01
2026 07 24 17 24 30 000 -2.1883329E+01 -1.7534975E+01 5.9120187E-01
2026 07 24 17 25 00 000 -2.1882779E+01 -1.7536501E+01 5.8685880E-01
2026 07 24 17 25 30 000 -2.1882227E+01 -1.7538026E+01 5.8251689E-01
2026 07 24 17 26 00 000 -2.1881674E+01 -1.7539548E+01 5.7817616E-01
2026 07 24 17 26 30 000 -2.1881119E+01 -1.7541069E+01 5.7383668E-01
2026 07 24 17 27 00 000 -2.1880563E+01 -1.7542587E+01 5.6949848E-01
2026 07 24 17 27 30 000 -2.1880006E+01 -1.7544104E+01 5.6516160E-01
2026 07 24 17 28 00 000 -2.1879448E+01 -1.7545619E+01 5.6082608E-01
2026 07 24 17 28 30 000 -2.1878888E+01 -1.7547132E+01 5.5649196E-01
2026 07 24 17 29 00 000 -2.1878326E+01 -1.7548643E+01 5.5215929E-01
2026 07 24 17 29 30 000 -2.1877764E+01 -1.7550152E+01 5.4782811E-01
2026 07 24 17 30 00 000 -2.1877200E+01 -1.7551659E+01 5.4349847E-01
2026 07 24 17 30 30 000 -2.1876635E+01 -1.7553164E+01 5.3917039E-01
2026 07 24 17 31 00 000 -2.1876068E+01 -1.7554668E+01 5.3484392E-01
2026 07 24 17 31 30 000 -2.1875500E+01 -1.7556169E+01 5.3051912E-01
2026 07 24 17 32 00 000 -2.1874930E+01 -1.7557669E+01 5.2619600E-01
2026 07 24 17 32 30 000 -2.1874360E+01 -1.7559166E+01 5.2187464E-01
2026 07 24 17 33 00 000 -2.1873788E+01 -1.7560662E+01 5.1755504E-01
2026 07 24 17 33 30 000 -2.1873214E+01 -1.7562156E+01 5.1323727E-01
2026 07 24 17 34 00 000 -2.1872639E+01 -1.7563648E+01 5.0892137E-01
2026 07 24 17 34 30 000 -2.1872063E+01 -1.7565138E+01 5.0460738E-01
2026 07 24 17 35 00 000 -2.1871486E+01 -1.7566626E+01 5.0029533E-01
2026 07 24 17 35 30 000 -2.1870907E+01 -1.7568112E+01 4.9598526E-01
2026 07 24 17 36 00 000 -2.1870327E+01 -1.7569596E+01 4.9167723E-01
2026 07 24 17 36 30 000 -2.1869745E+01 -1.7571079E+01 4.8737127E-01
2026 07 24 17 37 00 000 -2.1869162E+01 -1.7572559E+01 4.8306743E-01
2026 07 24 17 37 30 000 -2.1868578E+01 -1.7574038E+01 4.7876573E-01
2026 07 24 17 38 00 000 -2.1867992E+01 -1.7575515E+01 4.7446624E-01
2026 07 24 17 38 30 000 -2.1867405E+01 -1.7576990E+01 4.7016898E-01
2026 07 24 17 39 00 000 -2.1866817E+01 -1.7578462E+01 4.6587400E-01
2026 07 24 17 39 30 000 -2.1866227E+01 -1.7579934E+01 4.6158135E-01
2026 07 24 17 40 00 000 -2.1865636E+01 -1.7581403E+01 4.5729105E-01
2026 07 24 17 40 30 000 -2.1865044E+01 -1.7582870E+01 4.5300315E-01
2026 07 24 17 41 00 000 -2.1864450E+01 -1.7584335E+01 4.4871771E-01
2026 07 24 17 41 30 000 -2.1863855E+01 -1.7585799E+01 4.4443475E-01
2026 07 24 17 42 00 000 -2.1863258E+01 -1.7587260E+01 4.4015431E-01
2026 07 24 17 42 30 000 -2.1862661E+01 -1.7588720E+01 4.3587645E-01
2026 07 24 17 43 00 000 -2.1862061E+01 -1.7590178E+01 4.3160120E-01
2026 07 24 17 43 30 000 -2.1861461E+01 -1.7591634E+01 4.2732859E-01
2026 07 24 17 44 00 000 -2.1860859E+01 -1.7593088E+01 4.2305868E-01
2026 07 24 17 44 30 000 -2.1860256E+01 -1.7594540E+01 4.1879150E-01
2026 07 24 17 45 00 000 -2.1859651E+01 -1.7595990E+01 4.1452709E-01
2026 07 24 17 45 30 000 -2.1859045E+01 -1.7597438E+01 4.1026551E-01
2026 07 24 17 46 00 000 -2.1858438E+01 -1.7598885E+01 4.0600678E-01
2026 07 24 17 46 30 000 -2.1857830E+01 -1.7600329E+01 4.0175094E-01
2026 07 24 17 47 00 000 -2.1857220E+01 -1.7601772E+01 3.9749805E-01
2026 07 24 17 47 30 000 -2.1856608E+01 -1.7603213E+01 3.9324814E-01
2026 07 24 17 48 00 000 -2.1855996E+01 -1.7604652E+01 3.8900124E-01
2026 07 24 17 48 30 000 -2.1855382E+01 -1.7606089E+01 3.8475741E-01
2026 07 24 17 49 00 000 -2.1854766E+01 -1.7607524E+01 3.8051668E-01
2026 07 24 17 49 30 000 -2.1854150E+01 -1.7608957E+01 3.7627909E-01
2026 07 24 17 50 00 000 -2.1853531E+01 -1.7610389E+01 3.7204469E-01
2026 07 24 17 50 30 000 -2.1852912E+01 -1.7611818E+01 3.6781352E-01
2026 07 24 17 51 00 000 -2.1852291E+01 -1.7613246E+01 3.6358560E-01
2026 07 24 17 51 30 000 -2.1851669E+01 -1.7614672E+01 3.5936099E-01
2026 07 24 17 52 00 000 -2.1851046E+01 -1.7616096E+01 3.5513973E-01
2026 07 24 17 52 30 000 -2.1850421E+01 -1.7617518E+01 3.5092186E-01
2026 07 24 17 53 00 000 -2.1849795E+01 -1.7618938E+01 3.4670742E-01
2026 07 24 17 53 30 000 -2.1849167E+01 -1.7620356E+01 3.4249644E-01
2026 07 24 17 54 00 000 -2.1848538E+01 -1.7621773E+01 3.3828898E-01
2026 07 24 17 54 30 000 -2.1847908E+01 -1.7623187E+01 3.3408505E-01
2026 07 24 17 55 00 000 -2.1847277E+01 -1.7624600E+01 3.2988473E-01
2026 07 24 17 55 30 000 -2.1846644E+01 -1.7626011E+01 3.2568803E-01
2026 07 24 17 56 00 000 -2.1846009E+01 -1.7627420E+01 3.2149500E-01
2026 07 24 17 56 30 000 -2.1845374E+01 -1.7628828E+01 3.1730569E-01
2026 07 24 17 57 00 000 -2.1844737E+01 -1.7630233E+01 3.1312013E-01
2026 07 24 17 57 30 000 -2.1844098E+01 -1.7631637E+01 3.0893836E-01
2026 07 24 17 58 00 000 -2.1843459E+01 -1.7633038E+01 3.0476041E-01
2026 07 24 17 58 30 000 -2.1842818E+01 -1.7634438E+01 3.0058635E-01
2026 07 24 17 59 00 000 -2.1842175E+01 -1.7635836E+01 2.9641619E-01
2026 07 24 17 59 30 000 -2.1841532E+01 -1.7637232E+01 2.9224999E-01
2026 07 24 18 00 00 000 -2.1840887E+01 -1.7638627E+01 2.8808778E-01
2026 07 24 18 00 30 000 -2.1840240E+01 -1.7640019E+01 2.8392960E-01
2026 07 24 18 01 00 000 -2.1839592E+01 -1.7641410E+01 2.7977550E-01
2026 07 24 18 01 30 000 -2.1838943E+01 -1.7642799E+01 2.7562550E-01
2026 07 24 18 02 00 000 -2.1838293E+01 -1.7644186E+01 2.7147966E-01
2026 07 24 18 02 30 000 -2.1837641E+01 -1.7645571E+01 2.6733801E-01
2026 07 24 18 03 00 000 -2.1836988E+01 -1.7646955E+01 2.6320059E-01
2026 07 24 18 03 30 000 -2.1836333E+01 -1.7648336E+01 2.5906744E-01
2026 07 24 18 04 00 000 -2.1835677E+01 -1.7649716E+01 2.5493861E-01
2026 07 24 18 04 30 000 -2.1835020E+01 -1.7651094E+01 2.5081412E-01
2026 07 24 18 05 00 000 -2.1834362E+01 -1.7652470E+01 2.4669403E-01
2026 07 24 18 05 30 000 -2.1833702E+01 -1.7653845E+01 2.4257836E-01
2026 07 24 18 06 00 000 -2.1833041E+01 -1.7655217E+01 2.3846716E-01
2026 07 24 18 06 30 000 -2.1832378E+01 -1.7656588E+01 2.3436047E-01
2026 07 24 18 07 00 000 -2.1831714E+01 -1.7657957E+01 2.3025833E-01
2026 07 24 18 07 30 000 -2.1831049E+01 -1.7659324E+01 2.2616078E-01
2026 07 24 18 08 00 000 -2.1830382E+01 -1.7660690E+01 2.2206786E-01
2026 07 24 18 08 30 000 -2.1829714E+01 -1.7662053E+01 2.1797960E-01
2026 07 24 18 09 00 000 -2.1829045E+01 -1.7663415E+01 2.1389604E-01
2026 07 24 18 09 30 000 -2.1828374E+01 -1.7664775E+01 2.0981724E-01
2026 07 24 18 10 00 000 -2.1827702E+01 -1.7666133E+01 2.0574321E-01
2026 07 24 18 10 30 000 -2.1827029E+01 -1.7667490E+01 2.0167401E-01
2026 07 24 18 11 00 000 -2.1826354E+01 -1.7668844E+01 1.9760967E-01
2026 07 24 18 11 30 000 -2.1825678E+01 -1.7670197E+01 1.9355023E-01
2026 07 24 18 12 00 000 -2.1825000E+01 -1.7671549E+01 1.8949573E-01
2026 07 24 18 12 30 000 -2.1824322E+01 -1.7672898E+01 1.8544621E-01
2026 07 24 18 13 00 000 -2.1823642E+01 -1.7674246E+01 1.8140172E-01
2026 07 24 18 13 30 000 -2.1822960E+01 -1.7675591E+01 1.7736226E-01
2026 07 24 18 14 00 000 -2.1822277E+01 -1.7676936E+01 1.7332791E-01
2026 07 24 18 14 30 000 -2.1821593E+01 -1.7678278E+01 1.6929869E-01
2026 07 24 18 15 00 000 -2.1820908E+01 -1.7679619E+01 1.6527464E-01
2026 07 24 18 15 30 000 -2.1820221E+01 -1.7680958E+01 1.6125581E-01
2026 07 24 18 16 00 000 -2.1819533E+01 -1.7682295E+01 1.5724221E-01
2026 07 24 18 16 30 000 -2.1818843E+01 -1.7683630E+01 1.5323391E-01
2026 07 24 18 17 00 000 -2.1818152E+01 -1.7684964E+01 1.4923093E-01
2026 07 24 18 17 30 000 -2.1817460E+01 -1.7686296E+01 1.4523333E-01
2026 07 24 18 18 00 000 -2.1816766E+01 -1.7687626E+01 1.4124111E-01
2026 07 24 18 18 30 000 -2.1816071E+01 -1.7688954E+01 1.3725435E-01
2026 07 24 18 19 00 000 -2.1815375E+01 -1.7690281E+01 1.3327306E-01
2026 07 24 18 19 30 000 -2.1814677E+01 -1.7691606E+01 1.2929729E-01
2026 07 24 18 20 00 000 -2.1813978E+01 -1.7692930E+01 1.2532708E-01
2026 07 24 18 20 30 000 -2.1813278E+01 -1.7694251E+01 1.2136244E-01
2026 07 24 18 21 00 000 -2.1812576E+01 -1.7695571E+01 1.1740345E-01
2026 07 24 18 21 30 000 -2.1811873E+01 -1.7696889E+01 1.1345013E-01
2026 07 24 18 22 00 000 -2.1811169E+01 -1.7698206E+01 1.0950252E-01
2026 07 24 18 22 30 000 -2.1810463E+01 -1.7699521E+01 1.0556064E-01
2026 07 24 18 23 00 000 -2.1809756E+01 -1.7700834E+01 1.0162455E-01
2026 07 24 18 23 30 000 -2.1809048E+01 -1.7702145E+01 9.7694277E-02
2026 07 24 18 24 00 000 -2.1808338E+01 -1.7703455E+01 9.3769863E-02
2026 07 24 18 24 30 000 -2.1807627E+01 -1.7704763E+01 8.9851360E-02
2026 07 24 18 25 00 000 -2.1806915E+01 -1.7706069E+01 8.5938753E-02
2026 07 24 18 25 30 000 -2.1806201E+01 -1.7707374E+01 8.2032135E-02
2026 07 24 18 26 00 000 -2.1805486E+01 -1.7708677E+01 7.8131523E-02
2026 07 24 18 26 30 000 -2.1804769E+01 -1.7709979E+01 7.4236971E-02
2026 07 24 18 27 00 000 -2.1804051E+01 -1.7711278E+01 7.0348486E-02
2026 07 24 18 27 30 000 -2.1803332E+01 -1.7712576E+01 6.6466112E-02
2026 07 24 18 28 00 000 -2.1802612E+01 -1.7713873E+01 6.2589904E-02
2026 07 24 18 28 30 000 -2.1801890E+01 -1.7715168E+01 5.8719875E-02
2026 07 24 18 29 00 000 -2.1801167E+01 -1.7716461E+01 5.4856085E-02
2026 07 24 18 29 30 000 -2.1800442E+01 -1.7717752E+01 5.0998554E-02
2026 07 24 18 30 00 000 -2.1799716E+01 -1.7719042E+01 4.7147333E-02
2026 07 24 18 30 30 000 -2.1798989E+01 -1.7720330E+01 4.3302451E-02
2026 07 24 18 31 00 000 -2.1798261E+01 -1.7721617E+01 3.9463956E-02
2026 07 24 18 31 30 000 -2.1797531E+01 -1.7722902E+01 3.5631864E-02
2026 07 24 18 32 00 000 -2.1796799E+01 -1.7724185E+01 3.1806219E-02
2026 07 24 18 32 30 000 -2.1796067E+01 -1.7725467E+01 2.7987066E-02
2026 07 24 18 33 00 000 -2.1795333E+01 -1.7726747E+01 2.4174433E-02
2026 07 24 18 33 30 000 -2.1794598E+01 -1.7728026E+01 2.0368354E-02
2026 07 24 18 34 00 000 -2.1793861E+01 -1.7729302E+01 1.6568877E-02
2026 07 24 18 34 30 000 -2.1793123E+01 -1.7730578E+01 1.2776036E-02
2026 07 24 18 35 00 000 -2.1792384E+01 -1.7731851E+01 8.9898676E-03
2026 07 24 18 35 30 000 -2.1791643E+01 -1.7733124E+01 5.2103982E-03
2026 07 24 18 36 00 000 -2.1790901E+01 -1.7734394E+01 1.4376667E-03
2026 07 24 18 36 30 000 -2.1790158E+01 -1.7735663E+01 -2.3282976E-03
2026 07 24 18 37 00 000 -2.1789413E+01 -1.7736930E+01 -6.0874389E-03
2026 07 24 18 37 30 000 -2.1788667E+01 -1.7738196E+01 -9.8397341E-03
2026 07 24 18 38 00 000 -2.1787919E+01 -1.7739460E+01 -1.3585147E-02
2026 07 24 18 38 30 000 -2.1787171E+01 -1.7740723E+01 -1.7323643E-02
2026 07 24 18 39 00 000 -2.1786421E+01 -1.7741984E+01 -2.1055178E-02
2026 07 24 18 39 30 000 -2.1785669E+01 -1.7743244E+01 -2.4779728E-02
2026 07 24 18 40 00 000 -2.1784916E+01 -1.7744502E+01 -2.8497245E-02
2026 07 24 18 40 30 000 -2.1784162E+01 -1.7745758E+01 -3.2207702E-02
2026 07 24 18 41 00 000 -2.1783407E+01 -1.7747013E+01 -3.5911067E-02
2026 07 24 18 41 30 000 -2.1782650E+01 -1.7748267E+01 -3.9607291E-02
2026 07 24 18 42 00 000 -2.1781892E+01 -1.7749518E+01 -4.3296354E-02
2026 07 24 18 42 30 000 -2.1781132E+01 -1.7750769E+01 -4.6978208E-02
2026 07 24 18 43 00 000 -2.1780372E+01 -1.7752017E+01 -5.0652836E-02
2026 07 24 18 43 30 000 -2.1779609E+01 -1.7753265E+01 -5.4320188E-02
2026 07 24 18 44 00 000 -2.1778846E+01 -1.7754511E+01 -5.7980231E-02
2026 07 24 18 44 30 000 -2.1778081E+01 -1.7755755E+01 -6.1632924E-02
2026 07 24 18 45 00 000 -2.1777315E+01 -1.7756998E+01 -6.5278250E-02
2026 07 24 18 45 30 000 -2.1776547E+01 -1.7758239E+01 -6.8916155E-02
2026 07 24 18 46 00 000 -2.1775778E+01 -1.7759479E+01 -7.2546614E-02
2026 07 24 18 46 30 000 -2.1775008E+01 -1.7760717E+01 -7.6169597E-02
2026 07 24 18 47 00 000 -2.1774237E+01 -1.7761954E+01 -7.9785064E-02
2026 07 24 18 47 30 000 -2.1773464E+01 -1.7763189E+01 -8.3392985E-02
2026 07 24 18 48 00 000 -2.1772690E+01 -1.7764423E+01 -8.6993315E-02
2026 07 24 18 48 30 000 -2.1771914E+01 -1.7765655E+01 -9.0586028E-02
2026 07 24 18 49 00 000 -2.1771137E+01 -1.7766886E+01 -9.4171082E-02
2026 07 24 18 49 30 000 -2.1770359E+01 -1.7768115E+01 -9.7748462E-02
2026 07 24 18 50 00 000 -2.1769579E+01 -1.7769343E+01 -1.0131811E-01
2026 07 24 18 50 30 000 -2.1768798E+01 -1.7770570E+01 -1.0488001E-01
2026 07 24 18 51 00 000 -2.1768016E+01 -1.7771795E+01 -1.0843412E-01
2026 07 24 18 51 30 000 -2.1767232E+01 -1.7773019E+01 -1.1198041E-01
2026 07 24 18 52 00 000 -2.1766447E+01 -1.7774241E+01 -1.1551885E-01
2026 07 24 18 52 30 000 -2.1765661E+01 -1.7775461E+01 -1.1904938E-01
2026 07 24 18 53 00 000 -2.1764873E+01 -1.7776681E+01 -1.2257199E-01
2026 07 24 18 53 30 000 -2.1764084E+01 -1.7777899E+01 -1.2608665E-01
2026 07 24 18 54 00 000 -2.1763294E+01 -1.7779115E+01 -1.2959332E-01
2026 07 24 18 54 30 000 -2.1762502E+01 -1.7780330E+01 -1.3309197E-01
2026 07 24 18 55 00 000 -2.1761709E+01 -1.7781544E+01 -1.3658255E-01
2026 07 24 18 55 30 000 -2.1760915E+01 -1.7782756E+01 -1.4006505E-01
2026 07 24 18 56 00 000 -2.1760119E+01 -1.7783967E+01 -1.4353942E-01
2026 07 24 18 56 30 000 -2.1759322E+01 -1.7785177E+01 -1.4700564E-01
2026 07 24 18 57 00 000 -2.1758523E+01 -1.7786385E+01 -1.5046367E-01
2026 07 24 18 57 30 000 -2.1757724E+01 -1.7787591E+01 -1.5391347E-01
2026 07 24 18 58 00 000 -2.1756923E+01 -1.7788797E+01 -1.5735502E-01
2026 07 24 18 58 30 000 -2.1756120E+01 -1.7790001E+01 -1.6078828E-01
2026 07 24 18 59 00 000 -2.1755316E+01 -1.7791203E+01 -1.6421322E-01
2026 07 24 18 59 30 000 -2.1754511E+01 -1.7792404E+01 -1.6762980E-01
2026 07 24 19 00 00 000 -2.1753705E+01 -1.7793604E+01 -1.7103800E-01
2026 07 24 19 00 30 000 -2.1752897E+01 -1.7794803E+01 -1.7443779E-01
2026 07 24 19 01 00 000 -2.1752088E+01 -1.7796000E+01 -1.7782913E-01
2026 07 24 19 01 30 000 -2.1751277E+01 -1.7797196E+01 -1.8121197E-01
2026 07 24 19 02 00 000 -2.1750466E+01 -1.7798390E+01 -1.8458632E-01
2026 07 24 19 02 30 000 -2.1749652E+01 -1.7799584E+01 -1.8795210E-01
2026 07 24 19 03 00 000 -2.1748838E+01 -1.7800775E+01 -1.9130931E-01
2026 07 24 19 03 30 000 -2.1748022E+01 -1.7801966E+01 -1.9465791E-01
2026 07 24 19 04 00 000 -2.1747205E+01 -1.7803155E+01 -1.9799786E-01
2026 07 24 19 04 30 000 -2.1746386E+01 -1.7804343E+01 -2.0132914E-01
2026 07 24 19 05 00 000 -2.1745567E+01 -1.7805530E+01 -2.0465172E-01
2026 07 24 19 05 30 000 -2.1744745E+01 -1.7806715E+01 -2.0796556E-01
2026 07 24 19 06 00 000 -2.1743923E+01 -1.7807899E+01 -2.1127062E-01
2026 07 24 19 06 30 000 -2.1743099E+01 -1.7809082E+01 -2.1456689E-01
2026 07 24 19 07 00 000 -2.1742274E+01 -1.7810263E+01 -2.1785432E-01
2026 07 24 19 07 30 000 -2.1741447E+01 -1.7811443E+01 -2.2113289E-01
2026 07 24 19 08 00 000 -2.1740619E+01 -1.7812622E+01 -2.2440257E-01
2026 07 24 19 08 30 000 -2.1739790E+01 -1.7813800E+01 -2.2766331E-01
2026 07 24 19 09 00 000 -2.1738960E+01 -1.7814976E+01 -2.3091510E-01
2026 07 24 19 09 30 000 -2.1738128E+01 -1.7816151E+01 -2.3415790E-01
2026 07 24 19 10 00 000 -2.1737294E+01 -1.7817325E+01 -2.3739169E-01
2026 07 24 19 10 30 000 -2.1736460E+01 -1.7818498E+01 -2.4061642E-01
2026 07 24 19 11 00 000 -2.1735624E+01 -1.7819669E+01 -2.4383207E-01
2026 07 24 19 11 30 000 -2.1734787E+01 -1.7820839E+01 -2.4703861E-01
2026 07 24 19 12 00 000 -2.1733948E+01 -1.7822008E+01 -2.5023602E-01
2026 07 24 19 12 30 000 -2.1733108E+01 -1.7823176E+01 -2.5342425E-01
2026 07 24 19 13 00 000 -2.1732267E+01 -1.7824342E+01 -2.5660327E-01
2026 07 24 19 13 30 000 -2.1731424E+01 -1.7825507E+01 -2.5977307E-01
2026 07 24 19 14 00 000 -2.1730580E+01 -1.7826671E+01 -2.6293360E-01
2026 07 24 19 14 30 000 -2.1729735E+01 -1.7827834E+01 -2.6608484E-01
2026 07 24 19 15 00 000 -2.1728888E+01 -1.7828996E+01 -2.6922675E-01
2026 07 24 19 15 30 000 -2.1728040E+01 -1.7830156E+01 -2.7235931E-01
2026 07 24 19 16 00 000 -2.1727191E+01 -1.7831315E+01 -2.7548248E-01
2026 07 24 19 16 30 000 -2.1726340E+01 -1.7832473E+01 -2.7859625E-01
2026 07 24 19 17 00 000 -2.1725488E+01 -1.7833630E+01 -2.8170057E-01
2026 07 24 19 17 30 000 -2.1724635E+01 -1.7834786E+01 -2.8479541E-01
2026 07 24 19 18 00 000 -2.1723780E+01 -1.7835941E+01 -2.8788076E-01
2026 07 24 19 18 30 000 -2.1722924E+01 -1.7837094E+01 -2.9095658E-01
2026 07 24 19 19 00 000 -2.1722067E+01 -1.7838246E+01 -2.9402283E-01
2026 07 24 19 19 30 000 -2.1721208E+01 -1.7839397E+01 -2.9707950E-01
2026 07 24 19 20 00 000 -2.1720348E+01 -1.7840547E+01 -3.0012654E-01
2026 07 24 19 20 30 000 -2.1719487E+01 -1.7841696E+01 -3.0316394E-01
2026 07 24 19 21 00 000 -2.1718624E+01 -1.7842844E+01 -3.0619166E-01
2026 07 24 19 21 30 000 -2.1717760E+01 -1.7843990E+01 -3.0920967E-01
2026 07 24 19 22 00 000 -2.1716894E+01 -1.7845136E+01 -3.1221795E-01
2026 07 24 19 22 30 000 -2.1716028E+01 -1.7846280E+01 -3.1521646E-01
2026 07 24 19 23 00 000 -2.1715160E+01 -1.7847423E+01 -3.1820519E-01
2026 07 24 19 23 30 000 -2.1714290E+01 -1.7848565E+01 -3.2118409E-01
2026 07 24 19 24 00 000 -2.1713419E+01 -1.7849706E+01 -3.2415314E-01
2026 07 24 19 24 30 000 -2.1712547E+01 -1.7850846E+01 -3.2711232E-01
2026 07 24 19 25 00 000 -2.1711674E+01 -1.7851985E+01 -3.3006159E-01
2026 07 24 19 25 30 000 -2.1710799E+01 -1.7853122E+01 -3.3300093E-01
2026 07 24 19 26 00 000 -2.1709923E+01 -1.7854259E+01 -3.3593030E-01
2026 07 24 19 26 30 000 -2.1709046E+01 -1.7855394E+01 -3.3884967E-01
2026 07 24 19 27 00 000 -2.1708167E+01 -1.7856529E+01 -3.4175903E-01
2026 07 24 19 27 30 000 -2.1707287E+01 -1.7857662E+01 -3.4465834E-01
2026 07 24 19 28 00 000 -2.1706405E+01 -1.7858795E+01 -3.4754759E-01
2026 07 24 19 28 30 000 -2.1705523E+01 -1.7859926E+01 -3.5042672E-01
2026 07 24 19 29 00 000 -2.1704638E+01 -1.7861056E+01 -3.5329573E-01
2026 07 24 19 29 30 000 -2.1703753E+01 -1.7862185E+01 -3.5615458E-01
2026 07 24 19 30 00 000 -2.1702866E+01 -1.7863314E+01 -3.5900325E-01
2026 07 24 19 30 30 000 -2.1701978E+01 -1.7864441E+01 -3.6184170E-01
2026 07 24 19 31 00 000 -2.1701088E+01 -1.7865567E+01 -3.6466991E-01
2026 07 24 19 31 30 000 -2.1700198E+01 -1.7866692E+01 -3.6748785E-01
2026 07 24 19 32 00 000 -2.1699306E+01 -1.7867816E+01 -3.7029550E-01
2026 07 24 19 32 30 000 -2.1698412E+01 -1.7868939E+01 -3.7309284E-01
2026 07 24 19 33 00 000 -2.1697517E+01 -1.7870061E+01 -3.7587982E-01
2026 07 24 19 33 30 000 -2.1696621E+01 -1.7871182E+01 -3.7865643E-01
2026 07 24 19 34 00 000 -2.1695724E+01 -1.7872302E+01 -3.8142263E-01
2026 07 24 19 34 30 000 -2.1694825E+01 -1.7873421E+01 -3.8417841E-01
2026 07 24 19 35 00 000 -2.1693925E+01 -1.7874539E+01 -3.8692374E-01
2026 07 24 19 35 30 000 -2.1693023E+01 -1.7875656E+01 -3.8965858E-01
2026 07 24 19 36 00 000 -2.1692120E+01 -1.7876772E+01 -3.9238292E-01
2026 07 24 19 36 30 000 -2.1691216E+01 -1.7877888E+01 -3.9509672E-01
2026 07 24 19 37 00 000 -2.1690310E+01 -1.7879002E+01 -3.9779996E-01
2026 07 24 19 37 30 000 -2.1689404E+01 -1.7880115E+01 -4.0049262E-01
2026 07 24 19 38 00 000 -2.1688495E+01 -1.7881227E+01 -4.0317466E-01
2026 07 24 19 38 30 000 -2.1687586E+01 -1.7882339E+01 -4.0584606E-01
2026 07 24 19 39 00 000 -2.1686675E+01 -1.7883449E+01 -4.0850680E-01
2026 07 24 19 39 30 000 -2.1685763E+01 -1.7884558E+01 -4.1115685E-01
2026 07 24 19 40 00 000 -2.1684849E+01 -1.7885667E+01 -4.1379618E-01
2026 07 24 19 40 30 000 -2.1683934E+01 -1.7886775E+01 -4.1642477E-01
2026 07 24 19 41 00 000 -2.1683018E+01 -1.7887881E+01 -4.1904260E-01
2026 07 24 19 41 30 000 -2.1682101E+01 -1.7888987E+01 -4.2164964E-01
2026 07 24 19 42 00 000 -2.1681182E+01 -1.7890092E+01 -4.2424585E-01
2026 07 24 19 42 30 000 -2.1680261E+01 -1.7891196E+01 -4.2683122E-01
2026 07 24 19 43 00 000 -2.1679340E+01 -1.7892299E+01 -4.2940572E-01
2026 07 24 19 43 30 000 -2.1678417E+01 -1.7893401E+01 -4.3196934E-01
2026 07 24 19 44 00 000 -2.1677493E+01 -1.7894502E+01 -4.3452203E-01
2026 07 24 19 44 30 000 -2.1676567E+01 -1.7895603E+01 -4.3706378E-01
2026 07 24 19 45 00 000 -2.1675640E+01 -1.7896702E+01 -4.3959457E-01
2026 07 24 19 45 30 000 -2.1674712E+01 -1.7897801E+01 -4.4211435E-01
2026 07 24 19 46 00 000 -2.1673782E+01 -1.7898899E+01 -4.4462313E-01
2026 07 24 19 46 30 000 -2.1672852E+01 -1.7899995E+01 -4.4712086E-01
2026 07 24 19 47 00 000 -2.1671919E+01 -1.7901091E+01 -4.4960754E-01
2026 07 24 19 47 30 000 -2.1670986E+01 -1.7902187E+01 -4.5208311E-01
2026 07 24 19 48 00 000 -2.1670051E+01 -1.7903281E+01 -4.5454758E-01
2026 07 24 19 48 30 000 -2.1669115E+01 -1.7904374E+01 -4.5700090E-01
2026 07 24 19 49 00 000 -2.1668177E+01 -1.7905467E+01 -4.5944305E-01
2026 07 24 19 49 30 000 -2.1667238E+01 -1.7906559E+01 -4.6187403E-01
2026 07 24 19 50 00 000 -2.1666298E+01 -1.7907650E+01 -4.6429379E-01
2026 07 24 19 50 30 000 -2.1665356E+01 -1.7908740E+01 -4.6670232E-01
2026 07 24 19 51 00 000 -2.1664413E+01 -1.7909829E+01 -4.6909959E-01
2026 07 24 19 51 30 000 -2.1663469E+01 -1.7910918E+01 -4.7148557E-01
2026 07 24 19 52 00 000 -2.1662523E+01 -1.7912006E+01 -4.7386025E-01
2026 07 24 19 52 30 000 -2.1661576E+01 -1.7913093E+01 -4.7622361E-01
2026 07 24 19 53 00 000 -2.1660628E+01 -1.7914179E+01 -4.7857561E-01
2026 07 24 19 53 30 000 -2.1659679E+01 -1.7915264E+01 -4.8091623E-01
2026 07 24 19 54 00 000 -2.1658728E+01 -1.7916349E+01 -4.8324545E-01
2026 07 24 19 54 30 000 -2.1657775E+01 -1.7917432E+01 -4.8556326E-01
2026 07 24 19 55 00 000 -2.1656822E+01 -1.7918515E+01 -4.8786962E-01
2026 07 24 19 55 30 000 -2.1655867E+01 -1.7919598E+01 -4.9016451E-01
2026 07 24 19 56 00 000 -2.1654910E+01 -1.7920679E+01 -4.9244791E-01
2026 07 24 19 56 30 000 -2.1653953E+01 -1.7921760E+01 -4.9471980E-01
2026 07 24 19 57 00 000 -2.1652994E+01 -1.7922840E+01 -4.9698015E-01
2026 07 24 19 57 30 000 -2.1652034E+01 -1.7923919E+01 -4.9922894E-01
2026 07 24 19 58 00 000 -2.1651072E+01 -1.7924997E+01 -5.0146615E-01
2026 07 24 19 58 30 000 -2.1650109E+01 -1.7926075E+01 -5.0369177E-01
2026 07 24 19 59 00 000 -2.1649145E+01 -1.7927152E+01 -5.0590575E-01
2026 07 24 19 59 30 000 -2.1648179E+01 -1.7928228E+01 -5.0810809E-01
2026 07 24 20 00 00 000 -2.1647212E+01 -1.7929303E+01 -5.1029875E-01
2026 07 24 20 00 30 000 -2.1646244E+01 -1.7930378E+01 -5.1247773E-01
2026 07 24 20 01 00 000 -2.1645274E+01 -1.7931452E+01 -5.1464498E-01
2026 07 24 20 01 30 000 -2.1644303E+01 -1.7932525E+01 -5.1680051E-01
2026 07 24 20 02 00 000 -2.1643331E+01 -1.7933598E+01 -5.1894428E-01
2026 07 24 20 02 30 000 -2.1642357E+01 -1.7934670E+01 -5.2107626E-01
2026 07 24 20 03 00 000 -2.1641382E+01 -1.7935741E+01 -5.2319645E-01
2026 07 24 20 03 30 000 -2.1640406E+01 -1.7936812E+01 -5.2530482E-01
2026 07 24 20 04 00 000 -2.1639428E+01 -1.7937881E+01 -5.2740134E-01
2026 07 24 20 04 30 000 -2.1638449E+01 -1.7938951E+01 -5.2948599E-01
2026 07 24 20 05 00 000 -2.1637469E+01 -1.7940019E+01 -5.3155876E-01
2026 07 24 20 05 30 000 -2.1636487E+01 -1.7941087E+01 -5.3361963E-01
2026 07 24 20 06 00 000 -2.1635504E+01 -1.7942154E+01 -5.3566857E-01
2026 07 24 20 06 30 000 -2.1634520E+01 -1.7943220E+01 -5.3770555E-01
2026 07 24 20 07 00 000 -2.1633534E+01 -1.7944286E+01 -5.3973057E-01
2026 07 24 20 07 30 000 -2.1632547E+01 -1.7945351E+01 -5.4174359E-01
2026 07 24 20 08 00 000 -2.1631559E+01 -1.7946415E+01 -5.4374460E-01
2026 07 24 20 08 30 000 -2.1630570E+01 -1.7947479E+01 -5.4573359E-01
2026 07 24 20 09 00 000 -2.1629579E+01 -1.7948542E+01 -5.4771052E-01
2026 07 24 20 09 30 000 -2.1628586E+01 -1.7949605E+01 -5.4967539E-01
2026 07 24 20 10 00 000 -2.1627593E+01 -1.7950667E+01 -5.5162815E-01
2026 07 24 20 10 30 000 -2.1626598E+01 -1.7951728E+01 -5.5356881E-01
2026 07 24 20 11 00 000 -2.1625601E+01 -1.7952788E+01 -5.5549732E-01
2026 07 24 20 11 30 000 -2.1624604E+01 -1.7953848E+01 -5.5741369E-01
2026 07 24 20 12 00 000 -2.1623605E+01 -1.7954908E+01 -5.5931788E-01
2026 07 24 20 12 30 000 -2.1622604E+01 -1.7955967E+01 -5.6120988E-01
2026 07 24 20 13 00 000 -2.1621603E+01 -1.7957025E+01 -5.6308967E-01
2026 07 24 20 13 30 000 -2.1620600E+01 -1.7958082E+01 -5.6495722E-01
2026 07 24 20 14 00 000 -2.1619595E+01 -1.7959139E+01 -5.6681254E-01
2026 07 24 20 14 30 000 -2.1618590E+01 -1.7960195E+01 -5.6865557E-01
2026 07 24 20 15 00 000 -2.1617583E+01 -1.7961251E+01 -5.7048630E-01
2026 07 24 20 15 30 000 -2.1616574E+01 -1.7962306E+01 -5.7230473E-01
2026 07 24 20 16 00 000 -2.1615565E+01 -1.7963361E+01 -5.7411083E-01
2026 07 24 20 16 30 000 -2.1614554E+01 -1.7964415E+01 -5.7590457E-01
2026 07 24 20 17 00 000 -2.1613541E+01 -1.7965468E+01 -5.7768596E-01
2026 07 24 20 17 30 000 -2.1612528E+01 -1.7966521E+01 -5.7945496E-01
2026 07 24 20 18 00 000 -2.1611513E+01 -1.7967573E+01 -5.8121156E-01
2026 07 24 20 18 30 000 -2.1610497E+01 -1.7968625E+01 -5.8295574E-01
2026 07 24 20 19 00 000 -2.1609479E+01 -1.7969676E+01 -5.8468747E-01
2026 07 24 20 19 30 000 -2.1608460E+01 -1.7970726E+01 -5.8640671E-01
2026 07 24 20 20 00 000 -2.1607440E+01 -1.7971776E+01 -5.8811350E-01
2026 07 24 20 20 30 000 -2.1606418E+01 -1.7972826E+01 -5.8980778E-01
2026 07 24 20 21 00 000 -2.1605395E+01 -1.7973875E+01 -5.9148955E-01
2026 07 24 20 21 30 000 -2.1604371E+01 -1.7974923E+01 -5.9315879E-01
2026 07 24 20 22 00 000 -2.1603345E+01 -1.7975971E+01 -5.9481546E-01
2026 07 24 20 22 30 000 -2.1602318E+01 -1.7977018E+01 -5.9645958E-01
2026 07 24 20 23 00 000 -2.1601290E+01 -1.7978065E+01 -5.9809109E-01
2026 07 24 20 23 30 000 -2.1600260E+01 -1.7979111E+01 -5.9971001E-01
2026 07 24 20 24 00 000 -2.1599229E+01 -1.7980157E+01 -6.0131630E-01
2026 07 24 20 24 30 000 -2.1598197E+01 -1.7981202E+01 -6.0290994E-01
2026 07 24 20 25 00 000 -2.1597163E+01 -1.7982247E+01 -6.0449092E-01
2026 07 24 20 25 30 000 -2.1596128E+01 -1.7983291E+01 -6.0605923E-01
2026 07 24 20 26 00 000 -2.1595092E+01 -1.7984335E+01 -6.0761483E-01
2026 07 24 20 26 30 000 -2.1594054E+01 -1.7985378E+01 -6.0915773E-01
2026 07 24 20 27 00 000 -2.1593015E+01 -1.7986421E+01 -6.1068790E-01
2026 07 24 20 27 30 000 -2.1591975E+01 -1.7987463E+01 -6.1220532E-01
2026 07 24 20 28 00 000 -2.1590933E+01 -1.7988504E+01 -6.1370998E-01
2026 07 24 20 28 30 000 -2.1589890E+01 -1.7989546E+01 -6.1520186E-01
2026 07 24 20 29 00 000 -2.1588846E+01 -1.7990586E+01 -6.1668093E-01
2026 07 24 20 29 30 000 -2.1587800E+01 -1.7991626E+01 -6.1814719E-01
2026 07 24 20 30 00 000 -2.1586753E+01 -1.7992666E+01 -6.1960062E-01
2026 07 24 20 30 30 000 -2.1585705E+01 -1.7993705E+01 -6.2104121E-01
2026 07 24 20 31 00 000 -2.1584655E+01 -1.7994744E+01 -6.2246893E-01
2026 07 24 20 31 30 000 -2.1583605E+01 -1.7995783E+01 -6.2388377E-01
2026 07 24 20 32 00 000 -2.1582552E+01 -1.7996820E+01 -6.2528571E-01
2026 07 24 20 32 30 000 -2.1581499E+01 -1.7997858E+01 -6.2667473E-01
2026 07 24 20 33 00 000 -2.1580444E+01 -1.7998895E+01 -6.2805083E-01
2026 07 24 20 33 30 000 -2.1579387E+01 -1.7999931E+01 -6.2941398E-01
2026 07 24 20 34 00 000 -2.1578330E+01 -1.8000967E+01 -6.3076417E-01
2026 07 24 20 34 30 000 -2.1577271E+01 -1.8002003E+01 -6.3210138E-01
2026 07 24 20 35 00 000 -2.1576210E+01 -1.8003038E+01 -6.3342559E-01
2026 07 24 20 35 30 000 -2.1575149E+01 -1.8004073E+01 -6.3473680E-01
2026 07 24 20 36 00 000 -2.1574086E+01 -1.8005107E+01 -6.3603498E-01
2026 07 24 20 36 30 000 -2.1573022E+01 -1.8006141E+01 -6.3732012E-01
2026 07 24 20 37 00 000 -2.1571956E+01 -1.8007174E+01 -6.3859220E-01
2026 07 24 20 37 30 000 -2.1570889E+01 -1.8008207E+01 -6.3985121E-01
2026 07 24 20 38 00 000 -2.1569821E+01 -1.8009240E+01 -6.4109713E-01
2026 07 24 20 38 30 000 -2.1568751E+01 -1.8010272E+01 -6.4232995E-01
2026 07 24 20 39 00 000 -2.1567680E+01 -1.8011304E+01 -6.4354965E-01
2026 07 24 20 39 30 000 -2.1566608E+01 -1.8012335E+01 -6.4475622E-01
2026 07 24 20 40 00 000 -2.1565534E+01 -1.8013366E+01 -6.4594965E-01
2026 07 24 20 40 30 000 -2.1564459E+01 -1.8014396E+01 -6.4712990E-01
2026 07 24 20 41 00 000 -2.1563383E+01 -1.8015426E+01 -6.4829698E-01
2026 07 24 20 41 30 000 -2.1562306E+01 -1.8016456E+01 -6.4945087E-01
2026 07 24 20 42 00 000 -2.1561227E+01 -1.8017485E+01 -6.5059156E-01
2026 07 24 20 42 30 000 -2.1560146E+01 -1.8018514E+01 -6.5171902E-01
2026 07 24 20 43 00 000 -2.1559065E+01 -1.8019543E+01 -6.5283324E-01
2026 07 24 20 43 30 000 -2.1557982E+01 -1.8020571E+01 -6.5393422E-01
2026 07 24 20 44 00 000 -2.1556898E+01 -1.8021598E+01 -6.5502193E-01
2026 07 24 20 44 30 000 -2.1555812E+01 -1.8022626E+01 -6.5609636E-01
2026 07 24 20 45 00 000 -2.1554725E+01 -1.8023653E+01 -6.5715750E-01
2026 07 24 20 45 30 000 -2.1553637E+01 -1.8024679E+01 -6.5820533E-01
2026 07 24 20 46 00 000 -2.1552547E+01 -1.8025705E+01 -6.5923984E-01
2026 07 24 20 46 30 000 -2.1551456E+01 -1.8026731E+01 -6.6026102E-01
2026 07 24 20 47 00 000 -2.1550364E+01 -1.8027756E+01 -6.6126884E-01
2026 07 24 20 47 30 000 -2.1549271E+01 -1.8028781E+01 -6.6226331E-01
2026 07 24 20 48 00 000 -2.1548176E+01 -1.8029806E+01 -6.6324439E-01
2026 07 24 20 48 30 000 -2.1547079E+01 -1.8030830E+01 -6.6421209E-01
2026 07 24 20 49 00 000 -2.1545982E+01 -1.8031854E+01 -6.6516639E-01
2026 07 24 20 49 30 000 -2.1544883E+01 -1.8032878E+01 -6.6610727E-01
2026 07 24 20 50 00 000 -2.1543783E+01 -1.8033901E+01 -6.6703472E-01
2026 07 24 20 50 30 000 -2.1542681E+01 -1.8034924E+01 -6.6794872E-01
2026 07 24 20 51 00 000 -2.1541578E+01 -1.8035946E+01 -6.6884928E-01
2026 07 24 20 51 30 000 -2.1540474E+01 -1.8036968E+01 -6.6973636E-01
2026 07 24 20 52 00 000 -2.1539369E+01 -1.8037990E+01 -6.7060996E-01
2026 07 24 20 52 30 000 -2.1538262E+01 -1.8039012E+01 -6.7147007E-01
2026 07 24 20 53 00 000 -2.1537153E+01 -1.8040033E+01 -6.7231666E-01
2026 07 24 20 53 30 000 -2.1536044E+01 -1.8041054E+01 -6.7314975E-01
2026 07 24 20 54 00 000 -2.1534933E+01 -1.8042074E+01 -6.7396929E-01
2026 07 24 20 54 30 000 -2.1533821E+01 -1.8043094E+01 -6.7477529E-01
2026 07 24 20 55 00 000 -2.1532707E+01 -1.8044114E+01 -6.7556774E-01
2026 07 24 20 55 30 000 -2.1531592E+01 -1.8045133E+01 -6.7634661E-01
2026 07 24 20 56 00 000 -2.1530476E+01 -1.8046152E+01 -6.7711190E-01
2026 07 24 20 56 30 000 -2.1529359E+01 -1.8047171E+01 -6.7786360E-01
2026 07 24 20 57 00 000 -2.1528240E+01 -1.8048189E+01 -6.7860169E-01
2026 07 24 20 57 30 000 -2.1527120E+01 -1.8049207E+01 -6.7932616E-01
2026 07 24 20 58 00 000 -2.1525998E+01 -1.8050225E+01 -6.8003700E-01
2026 07 24 20 58 30 000 -2.1524875E+01 -1.8051243E+01 -6.8073420E-01
2026 07 24 20 59 00 000 -2.1523751E+01 -1.8052260E+01 -6.8141774E-01
2026 07 24 20 59 30 000 -2.1522626E+01 -1.8053276E+01 -6.8208762E-01
2026 07 24 21 00 00 000 -2.1521499E+01 -1.8054293E+01 -6.8274383E-01
2026 07 24 21 00 30 000 -2.1520371E+01 -1.8055309E+01 -6.8338634E-01
2026 07 24 21 01 00 000 -2.1519241E+01 -1.8056325E+01 -6.8401515E-01
2026 07 24 21 01 30 000 -2.1518110E+01 -1.8057340E+01 -6.8463025E-01
2026 07 24 21 02 00 000 -2.1516978E+01 -1.8058356E+01 -6.8523162E-01
2026 07 24 21 02 30 000 -2.1515845E+01 -1.8059370E+01 -6.8581927E-01
2026 07 24 21 03 00 000 -2.1514710E+01 -1.8060385E+01 -6.8639317E-01
2026 07 24 21 03 30 000 -2.1513574E+01 -1.8061399E+01 -6.8695331E-01
2026 07 24 21 04 00 000 -2.1512436E+01 -1.8062413E+01 -6.8749968E-01
2026 07 24 21 04 30 000 -2.1511297E+01 -1.8063427E+01 -6.8803228E-01
2026 07 24 21 05 00 000 -2.1510157E+01 -1.8064440E+01 -6.8855109E-01
2026 07 24 21 05 30 000 -2.1509016E+01 -1.8065453E+01 -6.8905609E-01
2026 07 24 21 06 00 000 -2.1507873E+01 -1.8066466E+01 -6.8954730E-01
2026 07 24 21 06 30 000 -2.1506729E+01 -1.8067479E+01 -6.9002467E-01
2026 07 24 21 07 00 000 -2.1505583E+01 -1.8068491E+01 -6.9048822E-01
2026 07 24 21 07 30 000 -2.1504437E+01 -1.8069503E+01 -6.9093793E-01
2026 07 24 21 08 00 000 -2.1503289E+01 -1.8070514E+01 -6.9137378E-01
2026 07 24 21 08 30 000 -2.1502139E+01 -1.8071525E+01 -6.9179577E-01
2026 07 24 21 09 00 000 -2.1500988E+01 -1.8072536E+01 -6.9220389E-01
2026 07 24 21 09 30 000 -2.1499836E+01 -1.8073547E+01 -6.9259813E-01
2026 07 24 21 10 00 000 -2.1498683E+01 -1.8074558E+01 -6.9297847E-01
2026 07 24 21 10 30 000 -2.1497528E+01 -1.8075568E+01 -6.9334491E-01
2026 07 24 21 11 00 000 -2.1496372E+01 -1.8076577E+01 -6.9369744E-01
2026 07 24 21 11 30 000 -2.1495215E+01 -1.8077587E+01 -6.9403606E-01
2026 07 24 21 12 00 000 -2.1494056E+01 -1.8078596E+01 -6.9436073E-01
2026 07 24 21 12 30 000 -2.1492896E+01 -1.8079605E+01 -6.9467147E-01
2026 07 24 21 13 00 000 -2.1491734E+01 -1.8080614E+01 -6.9496825E-01
2026 07 24 21 13 30 000 -2.1490572E+01 -1.8081622E+01 -6.9525109E-01
2026 07 24 21 14 00 000 -2.1489407E+01 -1.8082630E+01 -6.9551994E-01
2026 07 24 21 14 30 000 -2.1488242E+01 -1.8083638E+01 -6.9577482E-01
2026 07 24 21 15 00 000 -2.1487075E+01 -1.8084646E+01 -6.9601571E-01
2026 07 24 21 15 30 000 -2.1485907E+01 -1.8085653E+01 -6.9624261E-01
2026 07 24 21 16 00 000 -2.1484738E+01 -1.8086660E+01 -6.9645551E-01
2026 07 24 21 16 30 000 -2.1483567E+01 -1.8087667E+01 -6.9665438E-01
2026 07 24 21 17 00 000 -2.1482395E+01 -1.8088673E+01 -6.9683924E-01
2026 07 24 21 17 30 000 -2.1481222E+01 -1.8089679E+01 -6.9701006E-01
2026 07 24 21 18 00 000 -2.1480047E+01 -1.8090685E+01 -6.9716684E-01
2026 07 24 21 18 30 000 -2.1478871E+01 -1.8091691E+01 -6.9730958E-01
2026 07 24 21 19 00 000 -2.1477694E+01 -1.8092696E+01 -6.9743825E-01
2026 07 24 21 19 30 000 -2.1476515E+01 -1.8093701E+01 -6.9755285E-01
2026 07 24 21 20 00 000 -2.1475335E+01 -1.8094706E+01 -6.9765339E-01
2026 07 24 21 20 30 000 -2.1474154E+01 -1.8095710E+01 -6.9773984E-01
2026 07 24 21 21 00 000 -2.1472971E+01 -1.8096715E+01 -6.9781220E-01
2026 07 24 21 21 30 000 -2.1471787E+01 -1.8097719E+01 -6.9787046E-01
2026 07 24 21 22 00 000 -2.1470602E+01 -1.8098722E+01 -6.9791461E-01
2026 07 24 21 22 30 000 -2.1469415E+01 -1.8099726E+01 -6.9794465E-01
2026 07 24 21 23 00 000 -2.1468227E+01 -1.8100729E+01 -6.9796057E-01
2026 07 24 21 23 30 000 -2.1467038E+01 -1.8101731E+01 -6.9796235E-01
2026 07 24 21 24 00 000 -2.1465847E+01 -1.8102734E+01 -6.9794999E-01
2026 07 24 21 24 30 000 -2.1464655E+01 -1.8103736E+01 -6.9792349E-01
2026 07 24 21 25 00 000 -2.1463462E+01 -1.8104738E+01 -6.9788284E-01
2026 07 24 21 25 30 000 -2.1462267E+01 -1.8105740E+01 -6.9782802E-01
2026 07 24 21 26 00 000 -2.1461071E+01 -1.8106742E+01 -6.9775903E-01
2026 07 24 21 26 30 000 -2.1459874E+01 -1.8107743E+01 -6.9767587E-01
2026 07 24 21 27 00 000 -2.1458675E+01 -1.8108744E+01 -6.9757852E-01
2026 07 24 21 27 30 000 -2.1457475E+01 -1.8109744E+01 -6.9746699E-01
2026 07 24 21 28 00 000 -2.1456274E+01 -1.8110745E+01 -6.9734125E-01
2026 07 24 21 28 30 000 -2.1455071E+01 -1.8111745E+01 -6.9720132E-01
2026 07 24 21 29 00 000 -2.1453867E+01 -1.8112745E+01 -6.9704718E-01
2026 07 24 21 29 30 000 -2.1452662E+01 -1.8113744E+01 -6.9687881E-01
2026 07 24 21 30 00 000 -2.1451456E+01 -1.8114743E+01 -6.9669621E-01
2026 07 24 21 30 30 000 -2.1450248E+01 -1.8115742E+01 -6.9649939E-01
2026 07 24 21 31 00 000 -2.1449038E+01 -1.8116741E+01 -6.9628832E-01
2026 07 24 21 31 30 000 -2.1447828E+01 -1.8117739E+01 -6.9606301E-01
2026 07 24 21 32 00 000 -2.1446616E+01 -1.8118738E+01 -6.9582344E-01
2026 07 24 21 32 30 000 -2.1445403E+01 -1.8119735E+01 -6.9556961E-01
2026 07 24 21 33 00 000 -2.1444188E+01 -1.8120733E+01 -6.9530153E-01
2026 07 24 21 33 30 000 -2.1442972E+01 -1.8121730E+01 -6.9501917E-01
2026 07 24 21 34 00 000 -2.1441755E+01 -1.8122727E+01 -6.9472254E-01
2026 07 24 21 34 30 000 -2.1440536E+01 -1.8123724E+01 -6.9441162E-01
2026 07 24 21 35 00 000 -2.1439317E+01 -1.8124721E+01 -6.9408641E-01
2026 07 24 21 35 30 000 -2.1438095E+01 -1.8125717E+01 -6.9374691E-01
2026 07 24 21 36 00 000 -2.1436873E+01 -1.8126713E+01 -6.9339310E-01
2026 07 24 21 36 30 000 -2.1435649E+01 -1.8127708E+01 -6.9302498E-01
2026 07 24 21 37 00 000 -2.1434424E+01 -1.8128704E+01 -6.9264254E-01
2026 07 24 21 37 30 000 -2.1433197E+01 -1.8129699E+01 -6.9224578E-01
2026 07 24 21 38 00 000 -2.1431969E+01 -1.8130693E+01 -6.9183471E-01
2026 07 24 21 38 30 000 -2.1430740E+01 -1.8131688E+01 -6.9140930E-01
2026 07 24 21 39 00 000 -2.1429510E+01 -1.8132682E+01 -6.9096957E-01
2026 07 24 21 39 30 000 -2.1428278E+01 -1.8133676E+01 -6.9051550E-01
2026 07 24 21 40 00 000 -2.1427045E+01 -1.8134669E+01 -6.9004707E-01
2026 07 24 21 40 30 000 -2.1425810E+01 -1.8135663E+01 -6.8956430E-01
2026 07 24 21 41 00 000 -2.1424574E+01 -1.8136656E+01 -6.8906716E-01
2026 07 24 21 41 30 000 -2.1423337E+01 -1.8137649E+01 -6.8855566E-01
2026 07 24 21 42 00 000 -2.1422099E+01 -1.8138641E+01 -6.8802979E-01
2026 07 24 21 42 30 000 -2.1420859E+01 -1.8139633E+01 -6.8748955E-01
2026 07 24 21 43 00 000 -2.1419618E+01 -1.8140625E+01 -6.8693494E-01
2026 07 24 21 43 30 000 -2.1418375E+01 -1.8141616E+01 -6.8636595E-01
2026 07 24 21 44 00 000 -2.1417132E+01 -1.8142608E+01 -6.8578257E-01
2026 07 24 21 44 30 000 -2.1415886E+01 -1.8143599E+01 -6.8518480E-01
2026 07 24 21 45 00 000 -2.1414640E+01 -1.8144589E+01 -6.8457263E-01
2026 07 24 21 45 30 000 -2.1413392E+01 -1.8145579E+01 -6.8394606E-01
2026 07 24 21 46 00 000 -2.1412143E+01 -1.8146569E+01 -6.8330509E-01
2026 07 24 21 46 30 000 -2.1410893E+01 -1.8147559E+01 -6.8264971E-01
2026 07 24 21 47 00 000 -2.1409641E+01 -1.8148548E+01 -6.8197991E-01
2026 07 24 21 47 30 000 -2.1408388E+01 -1.8149538E+01 -6.8129571E-01
2026 07 24 21 48 00 000 -2.1407133E+01 -1.8150526E+01 -6.8059707E-01
2026 07 24 21 48 30 000 -2.1405878E+01 -1.8151515E+01 -6.7988401E-01
2026 07 24 21 49 00 000 -2.1404621E+01 -1.8152503E+01 -6.7915652E-01
2026 07 24 21 49 30 000 -2.1403362E+01 -1.8153491E+01 -6.7841461E-01
2026 07 24 21 50 00 000 -2.1402102E+01 -1.8154478E+01 -6.7765824E-01
2026 07 24 21 50 30 000 -2.1400841E+01 -1.8155465E+01 -6.7688744E-01
2026 07 24 21 51 00 000 -2.1399579E+01 -1.8156452E+01 -6.7610220E-01
2026 07 24 21 51 30 000 -2.1398315E+01 -1.8157439E+01 -6.7530251E-01
2026 07 24 21 52 00 000 -2.1397050E+01 -1.8158425E+01 -6.7448836E-01
2026 07 24 21 52 30 000 -2.1395784E+01 -1.8159411E+01 -6.7365976E-01
2026 07 24 21 53 00 000 -2.1394516E+01 -1.8160396E+01 -6.7281670E-01
2026 07 24 21 53 30 000 -2.1393247E+01 -1.8161381E+01 -6.7195917E-01
2026 07 24 21 54 00 000 -2.1391977E+01 -1.8162366E+01 -6.7108719E-01
2026 07 24 21 54 30 000 -2.1390705E+01 -1.8163351E+01 -6.7020073E-01
2026 07 24 21 55 00 000 -2.1389432E+01 -1.8164335E+01 -6.6929980E-01
2026 07 24 21 55 30 000 -2.1388158E+01 -1.8165319E+01 -6.6838439E-01
2026 07 24 21 56 00 000 -2.1386882E+01 -1.8166302E+01 -6.6745451E-01
2026 07 24 21 56 30 000 -2.1385605E+01 -1.8167285E+01 -6.6651014E-01
2026 07 24 21 57 00 000 -2.1384327E+01 -1.8168268E+01 -6.6555129E-01
2026 07 24 21 57 30 000 -2.1383047E+01 -1.8169250E+01 -6.6457796E-01
2026 07 24 21 58 00 000 -2.1381766E+01 -1.8170232E+01 -6.6359013E-01
2026 07 24 21 58 30 000 -2.1380484E+01 -1.8171214E+01 -6.6258782E-01
2026 07 24 21 59 00 000 -2.1379200E+01 -1.8172196E+01 -6.6157100E-01
2026 07 24 21 59 30 000 -2.1377915E+01 -1.8173176E+01 -6.6053969E-01
2026 07 24 22 00 00 000 -2.1376629E+01 -1.8174157E+01 -6.5949388E-01
2026 07 24 22 00 30 000 -2.1375342E+01 -1.8175137E+01 -6.5843356E-01
2026 07 24 22 01 00 000 -2.1374053E+01 -1.8176117E+01 -6.5735875E-01
2026 07 24 22 01 30 000 -2.1372762E+01 -1.8177097E+01 -6.5626943E-01
2026 07 24 22 02 00 000 -2.1371471E+01 -1.8178076E+01 -6.5516559E-01
2026 07 24 22 02 30 000 -2.1370178E+01 -1.8179055E+01 -6.5404725E-01
2026 07 24 22 03 00 000 -2.1368884E+01 -1.8180033E+01 -6.5291440E-01
2026 07 24 22 03 30 000 -2.1367588E+01 -1.8181011E+01 -6.5176702E-01
2026 07 24 22 04 00 000 -2.1366291E+01 -1.8181989E+01 -6.5060513E-01
2026 07 24 22 04 30 000 -2.1364993E+01 -1.8182966E+01 -6.4942873E-01
2026 07 24 22 05 00 000 -2.1363693E+01 -1.8183943E+01 -6.4823780E-01
2026 07 24 22 05 30 000 -2.1362393E+01 -1.8184919E+01 -6.4703235E-01
2026 07 24 22 06 00 000 -2.1361090E+01 -1.8185895E+01 -6.4581237E-01
2026 07 24 22 06 30 000 -2.1359787E+01 -1.8186871E+01 -6.4457787E-01
2026 07 24 22 07 00 000 -2.1358482E+01 -1.8187846E+01 -6.4332884E-01
2026 07 24 22 07 30 000 -2.1357176E+01 -1.8188821E+01 -6.4206529E-01
2026 07 24 22 08 00 000 -2.1355868E+01 -1.8189795E+01 -6.4078721E-01
2026 07 24 22 08 30 000 -2.1354559E+01 -1.8190769E+01 -6.3949459E-01
2026 07 24 22 09 00 000 -2.1353249E+01 -1.8191742E+01 -6.3818744E-01
2026 07 24 22 09 30 000 -2.1351938E+01 -1.8192716E+01 -6.3686576E-01
2026 07 24 22 10 00 000 -2.1350625E+01 -1.8193688E+01 -6.3552955E-01
2026 07 24 22 10 30 000 -2.1349311E+01 -1.8194661E+01 -6.3417879E-01
2026 07 24 22 11 00 000 -2.1347995E+01 -1.8195632E+01 -6.3281350E-01
2026 07 24 22 11 30 000 -2.1346678E+01 -1.8196604E+01 -6.3143368E-01
2026 07 24 22 12 00 000 -2.1345360E+01 -1.8197575E+01 -6.3003932E-01
2026 07 24 22 12 30 000 -2.1344041E+01 -1.8198545E+01 -6.2863042E-01
2026 07 24 22 13 00 000 -2.1342720E+01 -1.8199515E+01 -6.2720697E-01
2026 07 24 22 13 30 000 -2.1341398E+01 -1.8200485E+01 -6.2576899E-01
2026 07 24 22 14 00 000 -2.1340074E+01 -1.8201454E+01 -6.2431647E-01
2026 07 24 22 14 30 000 -2.1338750E+01 -1.8202423E+01 -6.2284941E-01
2026 07 24 22 15 00 000 -2.1337424E+01 -1.8203391E+01 -6.2136780E-01
2026 07 24 22 15 30 000 -2.1336096E+01 -1.8204359E+01 -6.1987165E-01
2026 07 24 22 16 00 000 -2.1334767E+01 -1.8205326E+01 -6.1836096E-01
2026 07 24 22 16 30 000 -2.1333437E+01 -1.8206293E+01 -6.1683573E-01
2026 07 24 22 17 00 000 -2.1332106E+01 -1.8207259E+01 -6.1529596E-01
2026 07 24 22 17 30 000 -2.1330773E+01 -1.8208225E+01 -6.1374164E-01
2026 07 24 22 18 00 000 -2.1329439E+01 -1.8209191E+01 -6.1217278E-01
2026 07 24 22 18 30 000 -2.1328104E+01 -1.8210156E+01 -6.1058937E-01
2026 07 24 22 19 00 000 -2.1326767E+01 -1.8211120E+01 -6.0899143E-01
2026 07 24 22 19 30 000 -2.1325429E+01 -1.8212084E+01 -6.0737894E-01
2026 07 24 22 20 00 000 -2.1324090E+01 -1.8213048E+01 -6.0575191E-01
2026 07 24 22 20 30 000 -2.1322749E+01 -1.8214010E+01 -6.0411034E-01
2026 07 24 22 21 00 000 -2.1321407E+01 -1.8214973E+01 -6.0245422E-01
2026 07 24 22 21 30 000 -2.1320064E+01 -1.8215935E+01 -6.0078357E-01
2026 07 24 22 22 00 000 -2.1318719E+01 -1.8216896E+01 -5.9909837E-01
2026 07 24 22 22 30 000 -2.1317373E+01 -1.8217857E+01 -5.9739863E-01
2026 07 24 22 23 00 000 -2.1316026E+01 -1.8218817E+01 -5.9568436E-01
2026 07 24 22 23 30 000 -2.1314677E+01 -1.8219777E+01 -5.9395555E-01
2026 07 24 22 24 00 000 -2.1313327E+01 -1.8220737E+01 -5.9221220E-01
2026 07 24 22 24 30 000 -2.1311976E+01 -1.8221695E+01 -5.9045432E-01
2026 07 24 22 25 00 000 -2.1310623E+01 -1.8222654E+01 -5.8868189E-01
2026 07 24 22 25 30 000 -2.1309269E+01 -1.8223611E+01 -5.8689494E-01
2026 07 24 22 26 00 000 -2.1307914E+01 -1.8224568E+01 -5.8509344E-01
2026 07 24 22 26 30 000 -2.1306557E+01 -1.8225525E+01 -5.8327740E-01
2026 07 24 22 27 00 000 -2.1305199E+01 -1.8226481E+01 -5.8144685E-01
2026 07 24 22 27 30 000 -2.1303840E+01 -1.8227436E+01 -5.7960176E-01
2026 07 24 22 28 00 000 -2.1302479E+01 -1.8228391E+01 -5.7774215E-01
2026 07 24 22 28 30 000 -2.1301117E+01 -1.8229346E+01 -5.7586801E-01
2026 07 24 22 29 00 000 -2.1299754E+01 -1.8230299E+01 -5.7397934E-01
2026 07 24 22 29 30 000 -2.1298390E+01 -1.8231252E+01 -5.7207614E-01
2026 07 24 22 30 00 000 -2.1297024E+01 -1.8232205E+01 -5.7015842E-01
2026 07 24 22 30 30 000 -2.1295656E+01 -1.8233157E+01 -5.6822618E-01
2026 07 24 22 31 00 000 -2.1294288E+01 -1.8234108E+01 -5.6627941E-01
2026 07 24 22 31 30 000 -2.1292918E+01 -1.8235059E+01 -5.6431813E-01
2026 07 24 22 32 00 000 -2.1291547E+01 -1.8236009E+01 -5.6234233E-01
2026 07 24 22 32 30 000 -2.1290174E+01 -1.8236959E+01 -5.6035202E-01
2026 07 24 22 33 00 000 -2.1288800E+01 -1.8237908E+01 -5.5834719E-01
2026 07 24 22 33 30 000 -2.1287425E+01 -1.8238856E+01 -5.5632785E-01
2026 07 24 22 34 00 000 -2.1286049E+01 -1.8239804E+01 -5.5429402E-01
2026 07 24 22 34 30 000 -2.1284671E+01 -1.8240751E+01 -5.5224567E-01
2026 07 24 22 35 00 000 -2.1283292E+01 -1.8241697E+01 -5.5018282E-01
2026 07 24 22 35 30 000 -2.1281911E+01 -1.8242643E+01 -5.4810545E-01
2026 07 24 22 36 00 000 -2.1280529E+01 -1.8243588E+01 -5.4601359E-01
2026 07 24 22 36 30 000 -2.1279146E+01 -1.8244532E+01 -5.4390725E-01
2026 07 24 22 37 00 000 -2.1277762E+01 -1.8245476E+01 -5.4178641E-01
2026 07 24 22 37 30 000 -2.1276376E+01 -1.8246419E+01 -5.3965106E-01
2026 07 24 22 38 00 000 -2.1274989E+01 -1.8247362E+01 -5.3750122E-01
2026 07 24 22 38 30 000 -2.1273600E+01 -1.8248304E+01 -5.3533691E-01
2026 07 24 22 39 00 000 -2.1272210E+01 -1.8249245E+01 -5.3315810E-01
2026 07 24 22 39 30 000 -2.1270819E+01 -1.8250185E+01 -5.3096483E-01
2026 07 24 22 40 00 000 -2.1269427E+01 -1.8251125E+01 -5.2875704E-01
2026 07 24 22 40 30 000 -2.1268033E+01 -1.8252064E+01 -5.2653482E-01
2026 07 24 22 41 00 000 -2.1266638E+01 -1.8253002E+01 -5.2429810E-01
2026 07 24 22 41 30 000 -2.1265242E+01 -1.8253940E+01 -5.2204693E-01
2026 07 24 22 42 00 000 -2.1263844E+01 -1.8254877E+01 -5.1978126E-01
2026 07 24 22 42 30 000 -2.1262445E+01 -1.8255813E+01 -5.1750113E-01
2026 07 24 22 43 00 000 -2.1261044E+01 -1.8256749E+01 -5.1520654E-01
2026 07 24 22 43 30 000 -2.1259643E+01 -1.8257683E+01 -5.1289751E-01
2026 07 24 22 44 00 000 -2.1258240E+01 -1.8258617E+01 -5.1057403E-01
2026 07 24 22 44 30 000 -2.1256835E+01 -1.8259551E+01 -5.0823609E-01
2026 07 24 22 45 00 000 -2.1255430E+01 -1.8260483E+01 -5.0588370E-01
2026 07 24 22 45 30 000 -2.1254023E+01 -1.8261415E+01 -5.0351685E-01
2026 07 24 22 46 00 000 -2.1252614E+01 -1.8262346E+01 -5.0113557E-01
2026 07 24 22 46 30 000 -2.1251205E+01 -1.8263276E+01 -4.9873982E-01
2026 07 24 22 47 00 000 -2.1249794E+01 -1.8264206E+01 -4.9632966E-01
2026 07 24 22 47 30 000 -2.1248381E+01 -1.8265134E+01 -4.9390508E-01
2026 07 24 22 48 00 000 -2.1246968E+01 -1.8266062E+01 -4.9146608E-01
2026 07 24 22 48 30 000 -2.1245553E+01 -1.8266989E+01 -4.8901265E-01
2026 07 24 22 49 00 000 -2.1244136E+01 -1.8267916E+01 -4.8654480E-01
2026 07 24 22 49 30 000 -2.1242719E+01 -1.8268841E+01 -4.8406251E-01
2026 07 24 22 50 00 000 -2.1241300E+01 -1.8269766E+01 -4.8156583E-01
2026 07 24 22 50 30 000 -2.1239879E+01 -1.8270690E+01 -4.7905474E-01
2026 07 24 22 51 00 000 -2.1238458E+01 -1.8271613E+01 -4.7652923E-01
2026 07 24 22 51 30 000 -2.1237035E+01 -1.8272535E+01 -4.7398933E-01
2026 07 24 22 52 00 000 -2.1235610E+01 -1.8273457E+01 -4.7143504E-01
2026 07 24 22 52 30 000 -2.1234185E+01 -1.8274377E+01 -4.6886638E-01
2026 07 24 22 53 00 000 -2.1232758E+01 -1.8275297E+01 -4.6628333E-01
2026 07 24 22 53 30 000 -2.1231330E+01 -1.8276216E+01 -4.6368588E-01
2026 07 24 22 54 00 000 -2.1229900E+01 -1.8277134E+01 -4.6107404E-01
2026 07 24 22 54 30 000 -2.1228469E+01 -1.8278051E+01 -4.5844785E-01
2026 07 24 22 55 00 000 -2.1227037E+01 -1.8278968E+01 -4.5580727E-01
2026 07 24 22 55 30 000 -2.1225603E+01 -1.8279883E+01 -4.5315234E-01
2026 07 24 22 56 00 000 -2.1224168E+01 -1.8280798E+01 -4.5048306E-01
2026 07 24 22 56 30 000 -2.1222732E+01 -1.8281711E+01 -4.4779942E-01
2026 07 24 22 57 00 000 -2.1221295E+01 -1.8282624E+01 -4.4510144E-01
2026 07 24 22 57 30 000 -2.1219856E+01 -1.8283536E+01 -4.4238911E-01
2026 07 24 22 58 00 000 -2.1218416E+01 -1.8284447E+01 -4.3966245E-01
2026 07 24 22 58 30 000 -2.1216974E+01 -1.8285357E+01 -4.3692145E-01
2026 07 24 22 59 00 000 -2.1215531E+01 -1.8286266E+01 -4.3416612E-01
2026 07 24 22 59 30 000 -2.1214087E+01 -1.8287174E+01 -4.3139646E-01
2026 07 24 23 00 00 000 -2.1212641E+01 -1.8288081E+01 -4.2861249E-01
2026 07 24 23 00 30 000 -2.1211195E+01 -1.8288988E+01 -4.2581421E-01
2026 07 24 23 01 00 000 -2.1209746E+01 -1.8289893E+01 -4.2300161E-01
2026 07 24 23 01 30 000 -2.1208297E+01 -1.8290797E+01 -4.2017474E-01
2026 07 24 23 02 00 000 -2.1206846E+01 -1.8291701E+01 -4.1733353E-01
2026 07 24 23 02 30 000 -2.1205394E+01 -1.8292603E+01 -4.1447805E-01
2026 07 24 23 03 00 000 -2.1203941E+01 -1.8293505E+01 -4.1160829E-01
2026 07 24 23 03 30 000 -2.1202486E+01 -1.8294405E+01 -4.0872426E-01
2026 07 24 23 04 00 000 -2.1201030E+01 -1.8295305E+01 -4.0582594E-01
2026 07 24 23 04 30 000 -2.1199572E+01 -1.8296203E+01 -4.0291336E-01
2026 07 24 23 05 00 000 -2.1198113E+01 -1.8297101E+01 -3.9998650E-01
2026 07 24 23 05 30 000 -2.1196653E+01 -1.8297998E+01 -3.9704538E-01
2026 07 24 23 06 00 000 -2.1195192E+01 -1.8298893E+01 -3.9409005E-01
2026 07 24 23 06 30 000 -2.1193729E+01 -1.8299787E+01 -3.9112046E-01
2026 07 24 23 07 00 000 -2.1192265E+01 -1.8300681E+01 -3.8813660E-01
2026 07 24 23 07 30 000 -2.1190800E+01 -1.8301573E+01 -3.8513853E-01
2026 07 24 23 08 00 000 -2.1189333E+01 -1.8302465E+01 -3.8212624E-01
2026 07 24 23 08 30 000 -2.1187865E+01 -1.8303355E+01 -3.7909973E-01
2026 07 24 23 09 00 000 -2.1186396E+01 -1.8304244E+01 -3.7605900E-01
2026 07 24 23 09 30 000 -2.1184925E+01 -1.8305132E+01 -3.7300405E-01
2026 07 24 23 10 00 000 -2.1183453E+01 -1.8306019E+01 -3.6993488E-01
2026 07 24 23 10 30 000 -2.1181980E+01 -1.8306905E+01 -3.6685155E-01
2026 07 24 23 11 00 000 -2.1180505E+01 -1.8307790E+01 -3.6375401E-01
2026 07 24 23 11 30 000 -2.1179029E+01 -1.8308674E+01 -3.6064228E-01
2026 07 24 23 12 00 000 -2.1177551E+01 -1.8309557E+01 -3.5751639E-01
2026 07 24 23 12 30 000 -2.1176073E+01 -1.8310438E+01 -3.5437634E-01
2026 07 24 23 13 00 000 -2.1174593E+01 -1.8311319E+01 -3.5122213E-01
2026 07 24 23 13 30 000 -2.1173112E+01 -1.8312198E+01 -3.4805374E-01
2026 07 24 23 14 00 000 -2.1171629E+01 -1.8313076E+01 -3.4487122E-01
2026 07 24 23 14 30 000 -2.1170145E+01 -1.8313953E+01 -3.4167454E-01
2026 07 24 23 15 00 000 -2.1168660E+01 -1.8314829E+01 -3.3846374E-01
2026 07 24 23 15 30 000 -2.1167173E+01 -1.8315704E+01 -3.3523878E-01
2026 07 24 23 16 00 000 -2.1165685E+01 -1.8316578E+01 -3.3199972E-01
2026 07 24 23 16 30 000 -2.1164196E+01 -1.8317450E+01 -3.2874654E-01
2026 07 24 23 17 00 000 -2.1162705E+01 -1.8318321E+01 -3.2547926E-01
2026 07 24 23 17 30 000 -2.1161213E+01 -1.8319191E+01 -3.2219788E-01
2026 07 24 23 18 00 000 -2.1159720E+01 -1.8320060E+01 -3.1890241E-01
2026 07 24 23 18 30 000 -2.1158225E+01 -1.8320928E+01 -3.1559285E-01
2026 07 24 23 19 00 000 -2.1156729E+01 -1.8321794E+01 -3.1226922E-01
2026 07 24 23 19 30 000 -2.1155232E+01 -1.8322659E+01 -3.0893152E-01
2026 07 24 23 20 00 000 -2.1153733E+01 -1.8323523E+01 -3.0557975E-01
2026 07 24 23 20 30 000 -2.1152234E+01 -1.8324386E+01 -3.0221393E-01
2026 07 24 23 21 00 000 -2.1150732E+01 -1.8325247E+01 -2.9883405E-01
2026 07 24 23 21 30 000 -2.1149230E+01 -1.8326107E+01 -2.9544015E-01
2026 07 24 23 22 00 000 -2.1147726E+01 -1.8326966E+01 -2.9203221E-01
2026 07 24 23 22 30 000 -2.1146221E+01 -1.8327824E+01 -2.8861024E-01
2026 07 24 23 23 00 000 -2.1144714E+01 -1.8328680E+01 -2.8517426E-01
2026 07 24 23 23 30 000 -2.1143206E+01 -1.8329536E+01 -2.8172427E-01
2026 07 24 23 24 00 000 -2.1141697E+01 -1.8330389E+01 -2.7826028E-01
2026 07 24 23 24 30 000 -2.1140187E+01 -1.8331242E+01 -2.7478230E-01
2026 07 24 23 25 00 000 -2.1138675E+01 -1.8332093E+01 -2.7129033E-01
2026 07 24 23 25 30 000 -2.1137162E+01 -1.8332943E+01 -2.6778438E-01
2026 07 24 23 26 00 000 -2.1135647E+01 -1.8333792E+01 -2.6426447E-01
2026 07 24 23 26 30 000 -2.1134131E+01 -1.8334639E+01 -2.6073060E-01
2026 07 24 23 27 00 000 -2.1132614E+01 -1.8335485E+01 -2.5718278E-01
2026 07 24 23 27 30 000 -2.1131096E+01 -1.8336329E+01 -2.5362101E-01
2026 07 24 23 28 00 000 -2.1129576E+01 -1.8337172E+01 -2.5004531E-01
2026 07 24 23 28 30 000 -2.1128055E+01 -1.8338014E+01 -2.4645568E-01
2026 07 24 23 29 00 000 -2.1126532E+01 -1.8338855E+01 -2.4285214E-01
2026 07 24 23 29 30 000 -2.1125008E+01 -1.8339694E+01 -2.3923468E-01
2026 07 24 23 30 00 000 -2.1123483E+01 -1.8340531E+01 -2.3560332E-01
2026 07 24 23 30 30 000 -2.1121957E+01 -1.8341367E+01 -2.3195807E-01
2026 07 24 23 31 00 000 -2.1120429E+01 -1.8342202E+01 -2.2829895E-01
2026 07 24 23 31 30 000 -2.1118900E+01 -1.8343036E+01 -2.2462594E-01
2026 07 24 23 32 00 000 -2.1117370E+01 -1.8343868E+01 -2.2093906E-01
2026 07 24 23 32 30 000 -2.1115838E+01 -1.8344698E+01 -2.1723833E-01
2026 07 24 23 33 00 000 -2.1114305E+01 -1.8345527E+01 -2.1352376E-01
2026 07 24 23 33 30 000 -2.1112770E+01 -1.8346355E+01 -2.0979535E-01
2026 07 24 23 34 00 000 -2.1111235E+01 -1.8347181E+01 -2.0605310E-01
2026 07 24 23 34 30 000 -2.1109698E+01 -1.8348006E+01 -2.0229703E-01
2026 07 24 23 35 00 000 -2.1108159E+01 -1.8348829E+01 -1.9852715E-01
2026 07 24 23 35 30 000 -2.1106620E+01 -1.8349651E+01 -1.9474348E-01
2026 07 24 23 36 00 000 -2.1105079E+01 -1.8350471E+01 -1.9094601E-01
2026 07 24 23 36 30 000 -2.1103536E+01 -1.8351290E+01 -1.8713475E-01
2026 07 24 23 37 00 000 -2.1101992E+01 -1.8352107E+01 -1.8330972E-01
2026 07 24 23 37 30 000 -2.1100447E+01 -1.8352923E+01 -1.7947093E-01
2026 07 24 23 38 00 000 -2.1098901E+01 -1.8353737E+01 -1.7561838E-01
2026 07 24 23 38 30 000 -2.1097353E+01 -1.8354550E+01 -1.7175208E-01
2026 07 24 23 39 00 000 -2.1095804E+01 -1.8355361E+01 -1.6787204E-01
2026 07 24 23 39 30 000 -2.1094254E+01 -1.8356170E+01 -1.6397828E-01
2026 07 24 23 40 00 000 -2.1092702E+01 -1.8356978E+01 -1.6007081E-01
2026 07 24 23 40 30 000 -2.1091149E+01 -1.8357785E+01 -1.5614963E-01
2026 07 24 23 41 00 000 -2.1089595E+01 -1.8358589E+01 -1.5221475E-01
2026 07 24 23 41 30 000 -2.1088040E+01 -1.8359393E+01 -1.4826618E-01
2026 07 24 23 42 00 000 -2.1086483E+01 -1.8360194E+01 -1.4430394E-01
2026 07 24 23 42 30 000 -2.1084924E+01 -1.8360994E+01 -1.4032803E-01
2026 07 24 23 43 00 000 -2.1083365E+01 -1.8361793E+01 -1.3633846E-01
2026 07 24 23 43 30 000 -2.1081804E+01 -1.8362589E+01 -1.3233524E-01
2026 07 24 23 44 00 000 -2.1080241E+01 -1.8363385E+01 -1.2831838E-01
2026 07 24 23 44 30 000 -2.1078678E+01 -1.8364178E+01 -1.2428791E-01
2026 07 24 23 45 00 000 -2.1077113E+01 -1.8364970E+01 -1.2024381E-01
2026 07 24 23 45 30 000 -2.1075547E+01 -1.8365760E+01 -1.1618610E-01
2026 07 24 23 46 00 000 -2.1073979E+01 -1.8366548E+01 -1.1211480E-01
2026 07 24 23 46 30 000 -2.1072410E+01 -1.8367335E+01 -1.0802992E-01
2026 07 24 23 47 00 000 -2.1070840E+01 -1.8368120E+01 -1.0393146E-01
2026 07 24 23 47 30 000 -2.1069268E+01 -1.8368904E+01 -9.9819436E-02
2026 07 24 23 48 00 000 -2.1067696E+01 -1.8369685E+01 -9.5693856E-02
2026 07 24 23 48 30 000 -2.1066121E+01 -1.8370465E+01 -9.1554737E-02
2026 07 24 23 49 00 000 -2.1064546E+01 -1.8371244E+01 -8.7402084E-02
2026 07 24 23 49 30 000 -2.1062969E+01 -1.8372020E+01 -8.3235907E-02
2026 07 24 23 50 00 000 -2.1061391E+01 -1.8372795E+01 -7.9056218E-02
2026 07 24 23 50 30 000 -2.1059811E+01 -1.8373568E+01 -7.4863029E-02
2026 07 24 23 51 00 000 -2.1058230E+01 -1.8374339E+01 -7.0656358E-02
2026 07 24 23 51 30 000 -2.1056648E+01 -1.8375108E+01 -6.6436201E-02
2026 07 24 23 52 00 000 -2.1055065E+01 -1.8375876E+01 -6.2202580E-02
2026 07 24 23 52 30 000 -2.1053480E+01 -1.8376642E+01 -5.7955498E-02
2026 07 24 23 53 00 000 -2.1051894E+01 -1.8377406E+01 -5.3694971E-02
2026 07 24 23 53 30 000 -2.1050306E+01 -1.8378168E+01 -4.9421020E-02
2026 07 24 23 54 00 000 -2.1048717E+01 -1.8378929E+01 -4.5133640E-02
2026 07 24 23 54 30 000 -2.1047127E+01 -1.8379687E+01 -4.0832844E-02
2026 07 24 23 55 00 000 -2.1045536E+01 -1.8380444E+01 -3.6518649E-02
2026 07 24 23 55 30 000 -2.1043943E+01 -1.8381199E+01 -3.2191072E-02
2026 07 24 23 56 00 000 -2.1042349E+01 -1.8381952E+01 -2.7850111E-02
2026 07 24 23 56 30 000 -2.1040753E+01 -1.8382703E+01 -2.3495788E-02
2026 07 24 23 57 00 000 -2.1039157E+01 -1.8383452E+01 -1.9128105E-02
2026 07 24 23 57 30 000 -2.1037559E+01 -1.8384200E+01 -1.4747078E-02
2026 07 24 23 58 00 000 -2.1035959E+01 -1.8384945E+01 -1.0352734E-02
2026 07 24 23 58 30 000 -2.1034358E+01 -1.8385689E+01 -5.9450627E-03
2026 07 24 23 59 00 000 -2.1032756E+01 -1.8386430E+01 -1.5240818E-03
2026 07 24 23 59 30 000 -2.1031153E+01 -1.8387170E+01 2.9101969E-03
2026 07 25 00 00 00 000 -2.1029548E+01 -1.8387908E+01 7.3577515E-03
2026 07 25 00 00 30 000 -2.1027942E+01 -1.8388644E+01 1.1818586E-02
2026 07 25 00 01 00 000 -2.1026335E+01 -1.8389377E+01 1.6292679E-02
2026 07 25 00 01 30 000 -2.1024726E+01 -1.8390109E+01 2.0780021E-02
2026 07 25 00 02 00 000 -2.1023116E+01 -1.8390839E+01 2.5280601E-02
2026 07 25 00 02 30 000 -2.1021504E+01 -1.8391567E+01 2.9794394E-02
2026 07 25 00 03 00 000 -2.1019892E+01 -1.8392293E+01 3.4321407E-02
2026 07 25 00 03 30 000 -2.1018278E+01 -1.8393017E+01 3.8861619E-02
2026 07 25 00 04 00 000 -2.1016662E+01 -1.8393739E+01 4.3415019E-02
2026 07 25 00 04 30 000 -2.1015046E+01 -1.8394459E+01 4.7981586E-02
2026 07 25 00 05 00 000 -2.1013428E+01 -1.8395177E+01 5.2561323E-02
2026 07 25 00 05 30 000 -2.1011808E+01 -1.8395893E+01 5.7154210E-02
2026 07 25 00 06 00 000 -2.1010188E+01 -1.8396606E+01 6.1760238E-02
2026 07 25 00 06 30 000 -2.1008566E+01 -1.8397318E+01 6.6379385E-02
2026 07 25 00 07 00 000 -2.1006942E+01 -1.8398028E+01 7.1011643E-02
2026 07 25 00 07 30 000 -2.1005318E+01 -1.8398735E+01 7.5657005E-02
2026 07 25 00 08 00 000 -2.1003692E+01 -1.8399441E+01 8.0315454E-02
2026 07 25 00 08 30 000 -2.1002064E+01 -1.8400144E+01 8.4986977E-02
2026 07 25 00 09 00 000 -2.1000436E+01 -1.8400845E+01 8.9671555E-02
2026 07 25 00 09 30 000 -2.0998806E+01 -1.8401544E+01 9.4369189E-02
2026 07 25 00 10 00 000 -2.0997174E+01 -1.8402241E+01 9.9079858E-02
2026 07 25 00 10 30 000 -2.0995542E+01 -1.8402936E+01 1.0380355E-01
2026 07 25 00 11 00 000 -2.0993908E+01 -1.8403629E+01 1.0854025E-01
2026 07 25 00 11 30 000 -2.0992273E+01 -1.8404319E+01 1.1328994E-01
2026 07 25 00 12 00 000 -2.0990636E+01 -1.8405008E+01 1.1805263E-01
2026 07 25 00 12 30 000 -2.0988998E+01 -1.8405694E+01 1.2282828E-01
2026 07 25 00 13 00 000 -2.0987359E+01 -1.8406378E+01 1.2761689E-01
2026 07 25 00 13 30 000 -2.0985718E+01 -1.8407060E+01 1.3241844E-01
2026 07 25 00 14 00 000 -2.0984076E+01 -1.8407739E+01 1.3723292E-01
2026 07 25 00 14 30 000 -2.0982433E+01 -1.8408416E+01 1.4206032E-01
2026 07 25 00 15 00 000 -2.0980788E+01 -1.8409092E+01 1.4690063E-01
2026 07 25 00 15 30 000 -2.0979143E+01 -1.8409764E+01 1.5175383E-01
2026 07 25 00 16 00 000 -2.0977495E+01 -1.8410435E+01 1.5661989E-01
2026 07 25 00 16 30 000 -2.0975847E+01 -1.8411103E+01 1.6149883E-01
2026 07 25 00 17 00 000 -2.0974197E+01 -1.8411769E+01 1.6639062E-01
2026 07 25 00 17 30 000 -2.0972546E+01 -1.8412433E+01 1.7129524E-01
2026 07 25 00 18 00 000 -2.0970893E+01 -1.8413095E+01 1.7621268E-01
2026 07 25 00 18 30 000 -2.0969239E+01 -1.8413754E+01 1.8114294E-01
2026 07 25 00 19 00 000 -2.0967584E+01 -1.8414411E+01 1.8608598E-01
2026 07 25 00 19 30 000 -2.0965927E+01 -1.8415065E+01 1.9104181E-01
2026 07 25 00 20 00 000 -2.0964270E+01 -1.8415717E+01 1.9601041E-01
2026 07 25 00 20 30 000 -2.0962610E+01 -1.8416367E+01 2.0099175E-01
2026 07 25 00 21 00 000 -2.0960950E+01 -1.8417015E+01 2.0598584E-01
2026 07 25 00 21 30 000 -2.0959288E+01 -1.8417660E+01 2.1099265E-01
2026 07 25 00 22 00 000 -2.0957625E+01 -1.8418302E+01 2.1601217E-01
2026 07 25 00 22 30 000 -2.0955960E+01 -1.8418943E+01 2.2104438E-01
2026 07 25 00 23 00 000 -2.0954295E+01 -1.8419581E+01 2.2608929E-01
2026 07 25 00 23 30 000 -2.0952627E+01 -1.8420216E+01 2.3114686E-01
2026 07 25 00 24 00 000 -2.0950959E+01 -1.8420849E+01 2.3621708E-01
2026 07 25 00 24 30 000 -2.0949289E+01 -1.8421480E+01 2.4129994E-01
2026 07 25 00 25 00 000 -2.0947618E+01 -1.8422108E+01 2.4639542E-01
2026 07 25 00 25 30 000 -2.0945946E+01 -1.8422734E+01 2.5150351E-01
2026 07 25 00 26 00 000 -2.0944272E+01 -1.8423357E+01 2.5662420E-01
2026 07 25 00 26 30 000 -2.0942597E+01 -1.8423978E+01 2.6175748E-01
2026 07 25 00 27 00 000 -2.0940920E+01 -1.8424597E+01 2.6690331E-01
2026 07 25 00 27 30 000 -2.0939242E+01 -1.8425213E+01 2.7206168E-01
2026 07 25 00 28 00 000 -2.0937563E+01 -1.8425826E+01 2.7723260E-01
2026 07 25 00 28 30 000 -2.0935883E+01 -1.8426437E+01 2.8241605E-01
2026 07 25 00 29 00 000 -2.0934201E+01 -1.8427045E+01 2.8761201E-01
2026 07 25 00 29 30 000 -2.0932518E+01 -1.8427651E+01 2.9282045E-01
2026 07 25 00 30 00 000 -2.0930834E+01 -1.8428255E+01 2.9804139E-01
2026 07 25 00 30 30 000 -2.0929148E+01 -1.8428855E+01 3.0327476E-01
2026 07 25 00 31 00 000 -2.0927461E+01 -1.8429453E+01 3.0852061E-01
2026 07 25 00 31 30 000 -2.0925772E+01 -1.8430049E+01 3.1377886E-01
2026 07 25 00 32 00 000 -2.0924083E+01 -1.8430642E+01 3.1904952E-01
2026 07 25 00 32 30 000 -2.0922392E+01 -1.8431233E+01 3.2433260E-01
2026 07 25 00 33 00 000 -2.0920699E+01 -1.8431820E+01 3.2962807E-01
2026 07 25 00 33 30 000 -2.0919005E+01 -1.8432406E+01 3.3493591E-01
2026 07 25 00 34 00 000 -2.0917310E+01 -1.8432988E+01 3.4025611E-01
2026 07 25 00 34 30 000 -2.0915614E+01 -1.8433568E+01 3.4558866E-01
2026 07 25 00 35 00 000 -2.0913916E+01 -1.8434146E+01 3.5093352E-01
2026 07 25 00 35 30 000 -2.0912217E+01 -1.8434720E+01 3.5629070E-01
2026 07 25 00 36 00 000 -2.0910517E+01 -1.8435292E+01 3.6166015E-01
2026 07 25 00 36 30 000 -2.0908815E+01 -1.8435862E+01 3.6704190E-01
2026 07 25 00 37 00 000 -2.0907112E+01 -1.8436428E+01 3.7243591E-01
2026 07 25 00 37 30 000 -2.0905408E+01 -1.8436992E+01 3.7784216E-01
2026 07 25 00 38 00 000 -2.0903702E+01 -1.8437553E+01 3.8326065E-01
2026 07 25 00 38 30 000 -2.0901995E+01 -1.8438112E+01 3.8869135E-01
2026 07 25 00 39 00 000 -2.0900287E+01 -1.8438668E+01 3.9413425E-01
2026 07 25 00 39 30 000 -2.0898577E+01 -1.8439221E+01 3.9958935E-01
2026 07 25 00 40 00 000 -2.0896866E+01 -1.8439771E+01 4.0505660E-01
2026 07 25 00 40 30 000 -2.0895154E+01 -1.8440319E+01 4.1053600E-01
2026 07 25 00 41 00 000 -2.0893440E+01 -1.8440863E+01 4.1602754E-01
2026 07 25 00 41 30 000 -2.0891725E+01 -1.8441405E+01 4.2153120E-01
2026 07 25 00 42 00 000 -2.0890009E+01 -1.8441945E+01 4.2704696E-01
2026 07 25 00 42 30 000 -2.0888291E+01 -1.8442481E+01 4.3257481E-01
2026 07 25 00 43 00 000 -2.0886572E+01 -1.8443014E+01 4.3811473E-01
2026 07 25 00 43 30 000 -2.0884852E+01 -1.8443545E+01 4.4366671E-01
2026 07 25 00 44 00 000 -2.0883130E+01 -1.8444073E+01 4.4923072E-01
2026 07 25 00 44 30 000 -2.0881407E+01 -1.8444598E+01 4.5480676E-01
2026 07 25 00 45 00 000 -2.0879683E+01 -1.8445120E+01 4.6039479E-01
2026 07 25 00 45 30 000 -2.0877957E+01 -1.8445640E+01 4.6599482E-01
2026 07 25 00 46 00 000 -2.0876230E+01 -1.8446156E+01 4.7160683E-01
2026 07 25 00 46 30 000 -2.0874502E+01 -1.8446670E+01 4.7723079E-01
2026 07 25 00 47 00 000 -2.0872772E+01 -1.8447181E+01 4.8286668E-01
2026 07 25 00 47 30 000 -2.0871041E+01 -1.8447688E+01 4.8851450E-01
2026 07 25 00 48 00 000 -2.0869309E+01 -1.8448193E+01 4.9417422E-01
2026 07 25 00 48 30 000 -2.0867576E+01 -1.8448695E+01 4.9984584E-01
2026 07 25 00 49 00 000 -2.0865841E+01 -1.8449194E+01 5.0552932E-01
2026 07 25 00 49 30 000 -2.0864104E+01 -1.8449690E+01 5.1122465E-01
2026 07 25 00 50 00 000 -2.0862367E+01 -1.8450183E+01 5.1693183E-01
2026 07 25 00 50 30 000 -2.0860628E+01 -1.8450673E+01 5.2265083E-01
2026 07 25 00 51 00 000 -2.0858888E+01 -1.8451161E+01 5.2838164E-01
2026 07 25 00 51 30 000 -2.0857146E+01 -1.8451645E+01 5.3412423E-01
2026 07 25 00 52 00 000 -2.0855403E+01 -1.8452126E+01 5.3987858E-01
2026 07 25 00 52 30 000 -2.0853659E+01 -1.8452604E+01 5.4564469E-01
2026 07 25 00 53 00 000 -2.0851913E+01 -1.8453079E+01 5.5142254E-01
2026 07 25 00 53 30 000 -2.0850166E+01 -1.8453551E+01 5.5721211E-01
2026 07 25 00 54 00 000 -2.0848418E+01 -1.8454020E+01 5.6301336E-01
2026 07 25 00 54 30 000 -2.0846669E+01 -1.8454486E+01 5.6882631E-01
2026 07 25 00 55 00 000 -2.0844918E+01 -1.8454949E+01 5.7465093E-01
2026 07 25 00 55 30 000 -2.0843166E+01 -1.8455409E+01 5.8048719E-01
2026 07 25 00 56 00 000 -2.0841412E+01 -1.8455866E+01 5.8633508E-01
2026 07 25 00 56 30 000 -2.0839657E+01 -1.8456319E+01 5.9219458E-01
2026 07 25 00 57 00 000 -2.0837901E+01 -1.8456770E+01 5.9806568E-01
2026 07 25 00 57 30 000 -2.0836143E+01 -1.8457217E+01 6.0394836E-01
2026 07 25 00 58 00 000 -2.0834384E+01 -1.8457662E+01 6.0984260E-01
2026 07 25 00 58 30 000 -2.0832624E+01 -1.8458103E+01 6.1574837E-01
2026 07 25 00 59 00 000 -2.0830863E+01 -1.8458541E+01 6.2166568E-01
2026 07 25 00 59 30 000 -2.0829100E+01 -1.8458976E+01 6.2759449E-01
2026 07 25 01 00 00 000 -2.0827336E+01 -1.8459407E+01 6.3353479E-01
2026 07 25 01 00 30 000 -2.0825570E+01 -1.8459836E+01 6.3948656E-01
2026 07 25 01 01 00 000 -2.0823803E+01 -1.8460261E+01 6.4544977E-01
2026 07 25 01 01 30 000 -2.0822035E+01 -1.8460683E+01 6.5142443E-01
2026 07 25 01 02 00 000 -2.0820266E+01 -1.8461102E+01 6.5741051E-01
2026 07 25 01 02 30 000 -2.0818495E+01 -1.8461518E+01 6.6340798E-01
2026 07 25 01 03 00 000 -2.0816723E+01 -1.8461930E+01 6.6941683E-01
2026 07 25 01 03 30 000 -2.0814949E+01 -1.8462339E+01 6.7543704E-01
2026 07 25 01 04 00 000 -2.0813174E+01 -1.8462745E+01 6.8146860E-01
2026 07 25 01 04 30 000 -2.0811398E+01 -1.8463148E+01 6.8751148E-01
2026 07 25 01 05 00 000 -2.0809621E+01 -1.8463547E+01 6.9356567E-01
2026 07 25 01 05 30 000 -2.0807842E+01 -1.8463944E+01 6.9963113E-01
2026 07 25 01 06 00 000 -2.0806062E+01 -1.8464336E+01 7.0570788E-01
2026 07 25 01 06 30 000 -2.0804280E+01 -1.8464726E+01 7.1179588E-01
2026 07 25 01 07 00 000 -2.0802497E+01 -1.8465112E+01 7.1789510E-01
2026 07 25 01 07 30 000 -2.0800713E+01 -1.8465495E+01 7.2400554E-01
2026 07 25 01 08 00 000 -2.0798928E+01 -1.8465874E+01 7.3012718E-01
2026 07 25 01 08 30 000 -2.0797141E+01 -1.8466251E+01 7.3625999E-01
2026 07 25 01 09 00 000 -2.0795353E+01 -1.8466623E+01 7.4240396E-01
2026 07 25 01 09 30 000 -2.0793563E+01 -1.8466993E+01 7.4855907E-01
2026 07 25 01 10 00 000 -2.0791772E+01 -1.8467359E+01 7.5472529E-01
2026 07 25 01 10 30 000 -2.0789980E+01 -1.8467722E+01 7.6090262E-01
2026 07 25 01 11 00 000 -2.0788187E+01 -1.8468081E+01 7.6709104E-01
2026 07 25 01 11 30 000 -2.0786392E+01 -1.8468437E+01 7.7329051E-01
2026 07 25 01 12 00 000 -2.0784596E+01 -1.8468789E+01 7.7950102E-01
2026 07 25 01 12 30 000 -2.0782798E+01 -1.8469138E+01 7.8572256E-01
2026 07 25 01 13 00 000 -2.0781000E+01 -1.8469484E+01 7.9195511E-01
2026 07 25 01 13 30 000 -2.0779200E+01 -1.8469826E+01 7.9819865E-01
2026 07 25 01 14 00 000 -2.0777398E+01 -1.8470165E+01 8.0445315E-01
2026 07 25 01 14 30 000 -2.0775595E+01 -1.8470500E+01 8.1071859E-01
2026 07 25 01 15 00 000 -2.0773791E+01 -1.8470831E+01 8.1699497E-01
2026 07 25 01 15 30 000 -2.0771986E+01 -1.8471160E+01 8.2328225E-01
2026 07 25 01 16 00 000 -2.0770179E+01 -1.8471484E+01 8.2958043E-01
2026 07 25 01 16 30 000 -2.0768371E+01 -1.8471806E+01 8.3588947E-01
2026 07 25 01 17 00 000 -2.0766561E+01 -1.8472123E+01 8.4220936E-01
2026 07 25 01 17 30 000 -2.0764751E+01 -1.8472437E+01 8.4854009E-01
2026 07 25 01 18 00 000 -2.0762939E+01 -1.8472748E+01 8.5488162E-01
2026 07 25 01 18 30 000 -2.0761125E+01 -1.8473055E+01 8.6123394E-01
2026 07 25 01 19 00 000 -2.0759310E+01 -1.8473358E+01 8.6759704E-01
2026 07 25 01 19 30 000 -2.0757494E+01 -1.8473658E+01 8.7397089E-01
2026 07 25 01 20 00 000 -2.0755677E+01 -1.8473955E+01 8.8035547E-01
2026 07 25 01 20 30 000 -2.0753858E+01 -1.8474247E+01 8.8675076E-01
2026 07 25 01 21 00 000 -2.0752038E+01 -1.8474536E+01 8.9315674E-01
2026 07 25 01 21 30 000 -2.0750217E+01 -1.8474822E+01 8.9957340E-01
2026 07 25 01 22 00 000 -2.0748394E+01 -1.8475104E+01 9.0600071E-01
2026 07 25 01 22 30 000 -2.0746570E+01 -1.8475382E+01 9.1243865E-01
2026 07 25 01 23 00 000 -2.0744744E+01 -1.8475656E+01 9.1888721E-01
2026 07 25 01 23 30 000 -2.0742918E+01 -1.8475927E+01 9.2534634E-01
2026 07 25 01 24 00 000 -2.0741089E+01 -1.8476195E+01 9.3181606E-01
2026 07 25 01 24 30 000 -2.0739260E+01 -1.8476458E+01 9.3829633E-01
2026 07 25 01 25 00 000 -2.0737429E+01 -1.8476718E+01 9.4478713E-01
2026 07 25 01 25 30 000 -2.0735597E+01 -1.8476974E+01 9.5128844E-01
2026 07 25 01 26 00 000 -2.0733764E+01 -1.8477227E+01 9.5780023E-01
2026 07 25 01 26 30 000 -2.0731929E+01 -1.8477475E+01 9.6432250E-01
2026 07 25 01 27 00 000 -2.0730093E+01 -1.8477720E+01 9.7085522E-01
2026 07 25 01 27 30 000 -2.0728256E+01 -1.8477962E+01 9.7739837E-01
2026 07 25 01 28 00 000 -2.0726417E+01 -1.8478199E+01 9.8395192E-01
2026 07 25 01 28 30 000 -2.0724577E+01 -1.8478433E+01 9.9051586E-01
2026 07 25 01 29 00 000 -2.0722735E+01 -1.8478663E+01 9.9709017E-01
2026 07 25 01 29 30 000 -2.0720893E+01 -1.8478889E+01 1.0036748E+00
2026 07 25 01 30 00 000 -2.0719049E+01 -1.8479111E+01 1.0102698E+00
2026 07 25 01 30 30 000 -2.0717203E+01 -1.8479330E+01 1.0168751E+00
2026 07 25 01 31 00 000 -2.0715356E+01 -1.8479545E+01 1.0234906E+00
2026 07 25 01 31 30 000 -2.0713508E+01 -1.8479756E+01 1.0301165E+00
2026 07 25 01 32 00 000 -2.0711659E+01 -1.8479963E+01 1.0367526E+00
2026 07 25 01 32 30 000 -2.0709808E+01 -1.8480166E+01 1.0433988E+00
2026 07 25 01 33 00 000 -2.0707956E+01 -1.8480366E+01 1.0500553E+00
2026 07 25 01 33 30 000 -2.0706103E+01 -1.8480561E+01 1.0567220E+00
2026 07 25 01 34 00 000 -2.0704248E+01 -1.8480753E+01 1.0633988E+00
2026 07 25 01 34 30 000 -2.0702392E+01 -1.8480941E+01 1.0700858E+00
2026 07 25 01 35 00 000 -2.0700535E+01 -1.8481125E+01 1.0767829E+00
2026 07 25 01 35 30 000 -2.0698676E+01 -1.8481305E+01 1.0834900E+00
2026 07 25 01 36 00 000 -2.0696816E+01 -1.8481481E+01 1.0902073E+00
2026 07 25 01 36 30 000 -2.0694954E+01 -1.8481653E+01 1.0969346E+00
2026 07 25 01 37 00 000 -2.0693092E+01 -1.8481822E+01 1.1036719E+00
2026 07 25 01 37 30 000 -2.0691228E+01 -1.8481986E+01 1.1104193E+00
2026 07 25 01 38 00 000 -2.0689362E+01 -1.8482146E+01 1.1171766E+00
2026 07 25 01 38 30 000 -2.0687496E+01 -1.8482303E+01 1.1239439E+00
2026 07 25 01 39 00 000 -2.0685628E+01 -1.8482455E+01 1.1307211E+00
2026 07 25 01 39 30 000 -2.0683758E+01 -1.8482604E+01 1.1375082E+00
2026 07 25 01 40 00 000 -2.0681887E+01 -1.8482748E+01 1.1443053E+00
2026 07 25 01 40 30 000 -2.0680015E+01 -1.8482889E+01 1.1511122E+00
2026 07 25 01 41 00 000 -2.0678142E+01 -1.8483025E+01 1.1579290E+00
2026 07 25 01 41 30 000 -2.0676267E+01 -1.8483158E+01 1.1647556E+00
2026 07 25 01 42 00 000 -2.0674391E+01 -1.8483286E+01 1.1715921E+00
2026 07 25 01 42 30 000 -2.0672514E+01 -1.8483411E+01 1.1784383E+00
2026 07 25 01 43 00 000 -2.0670635E+01 -1.8483531E+01 1.1852943E+00
2026 07 25 01 43 30 000 -2.0668755E+01 -1.8483648E+01 1.1921600E+00
2026 07 25 01 44 00 000 -2.0666874E+01 -1.8483760E+01 1.1990355E+00
2026 07 25 01 44 30 000 -2.0664991E+01 -1.8483868E+01 1.2059207E+00
2026 07 25 01 45 00 000 -2.0663107E+01 -1.8483972E+01 1.2128155E+00
2026 07 25 01 45 30 000 -2.0661222E+01 -1.8484072E+01 1.2197201E+00
2026 07 25 01 46 00 000 -2.0659335E+01 -1.8484168E+01 1.2266342E+00
2026 07 25 01 46 30 000 -2.0657447E+01 -1.8484260E+01 1.2335580E+00
2026 07 25 01 47 00 000 -2.0655557E+01 -1.8484348E+01 1.2404913E+00
2026 07 25 01 47 30 000 -2.0653667E+01 -1.8484431E+01 1.2474342E+00
2026 07 25 01 48 00 000 -2.0651775E+01 -1.8484511E+01 1.2543867E+00
2026 07 25 01 48 30 000 -2.0649881E+01 -1.8484586E+01 1.2613487E+00
2026 07 25 01 49 00 000 -2.0647987E+01 -1.8484657E+01 1.2683202E+00
2026 07 25 01 49 30 000 -2.0646090E+01 -1.8484724E+01 1.2753012E+00
2026 07 25 01 50 00 000 -2.0644193E+01 -1.8484787E+01 1.2822917E+00
2026 07 25 01 50 30 000 -2.0642294E+01 -1.8484845E+01 1.2892915E+00
2026 07 25 01 51 00 000 -2.0640394E+01 -1.8484899E+01 1.2963008E+00
2026 07 25 01 51 30 000 -2.0638493E+01 -1.8484950E+01 1.3033195E+00
2026 07 25 01 52 00 000 -2.0636590E+01 -1.8484996E+01 1.3103476E+00
2026 07 25 01 52 30 000 -2.0634686E+01 -1.8485037E+01 1.3173849E+00
2026 07 25 01 53 00 000 -2.0632781E+01 -1.8485075E+01 1.3244317E+00
2026 07 25 01 53 30 000 -2.0630874E+01 -1.8485108E+01 1.3314877E+00
2026 07 25 01 54 00 000 -2.0628966E+01 -1.8485137E+01 1.3385529E+00
2026 07 25 01 54 30 000 -2.0627057E+01 -1.8485162E+01 1.3456275E+00
2026 07 25 01 55 00 000 -2.0625146E+01 -1.8485182E+01 1.3527113E+00
2026 07 25 01 55 30 000 -2.0623234E+01 -1.8485198E+01 1.3598043E+00
2026 07 25 01 56 00 000 -2.0621320E+01 -1.8485210E+01 1.3669064E+00
2026 07 25 01 56 30 000 -2.0619406E+01 -1.8485218E+01 1.3740178E+00
2026 07 25 01 57 00 000 -2.0617490E+01 -1.8485221E+01 1.3811382E+00
2026 07 25 01 57 30 000 -2.0615572E+01 -1.8485220E+01 1.3882678E+00
2026 07 25 01 58 00 000 -2.0613653E+01 -1.8485214E+01 1.3954064E+00
2026 07 25 01 58 30 000 -2.0611733E+01 -1.8485205E+01 1.4025542E+00
2026 07 25 01 59 00 000 -2.0609812E+01 -1.8485191E+01 1.4097110E+00
2026 07 25 01 59 30 000 -2.0607889E+01 -1.8485172E+01 1.4168768E+00
2026 07 25 02 00 00 000 -2.0605965E+01 -1.8485149E+01 1.4240516E+00
2026 07 25 02 00 30 000 -2.0604040E+01 -1.8485122E+01 1.4312354E+00
2026 07 25 02 01 00 000 -2.0602113E+01 -1.8485091E+01 1.4384281E+00
2026 07 25 02 01 30 000 -2.0600185E+01 -1.8485055E+01 1.4456297E+00
2026 07 25 02 02 00 000 -2.0598255E+01 -1.8485014E+01 1.4528403E+00
2026 07 25 02 02 30 000 -2.0596325E+01 -1.8484970E+01 1.4600597E+00
2026 07 25 02 03 00 000 -2.0594393E+01 -1.8484921E+01 1.4672880E+00
2026 07 25 02 03 30 000 -2.0592459E+01 -1.8484867E+01 1.4745252E+00
2026 07 25 02 04 00 000 -2.0590524E+01 -1.8484809E+01 1.4817711E+00
2026 07 25 02 04 30 000 -2.0588588E+01 -1.8484746E+01 1.4890258E+00
2026 07 25 02 05 00 000 -2.0586651E+01 -1.8484680E+01 1.4962893E+00
2026 07 25 02 05 30 000 -2.0584712E+01 -1.8484608E+01 1.5035615E+00
2026 07 25 02 06 00 000 -2.0582772E+01 -1.8484532E+01 1.5108425E+00
2026 07 25 02 06 30 000 -2.0580831E+01 -1.8484452E+01 1.5181321E+00
2026 07 25 02 07 00 000 -2.0578888E+01 -1.8484367E+01 1.5254304E+00
2026 07 25 02 07 30 000 -2.0576944E+01 -1.8484278E+01 1.5327373E+00
2026 07 25 02 08 00 000 -2.0574998E+01 -1.8484184E+01 1.5400528E+00
2026 07 25 02 08 30 000 -2.0573052E+01 -1.8484086E+01 1.5473770E+00
2026 07 25 02 09 00 000 -2.0571103E+01 -1.8483983E+01 1.5547097E+00
2026 07 25 02 09 30 000 -2.0569154E+01 -1.8483876E+01 1.5620510E+00
2026 07 25 02 10 00 000 -2.0567203E+01 -1.8483764E+01 1.5694007E+00
2026 07 25 02 10 30 000 -2.0565251E+01 -1.8483647E+01 1.5767590E+00
2026 07 25 02 11 00 000 -2.0563298E+01 -1.8483526E+01 1.5841258E+00
2026 07 25 02 11 30 000 -2.0561343E+01 -1.8483401E+01 1.5915010E+00
2026 07 25 02 12 00 000 -2.0559387E+01 -1.8483271E+01 1.5988846E+00
2026 07 25 02 12 30 000 -2.0557429E+01 -1.8483136E+01 1.6062766E+00
2026 07 25 02 13 00 000 -2.0555470E+01 -1.8482997E+01 1.6136770E+00
2026 07 25 02 13 30 000 -2.0553510E+01 -1.8482853E+01 1.6210858E+00
2026 07 25 02 14 00 000 -2.0551549E+01 -1.8482704E+01 1.6285028E+00
2026 07 25 02 14 30 000 -2.0549586E+01 -1.8482551E+01 1.6359282E+00
2026 07 25 02 15 00 000 -2.0547622E+01 -1.8482393E+01 1.6433619E+00
2026 07 25 02 15 30 000 -2.0545656E+01 -1.8482231E+01 1.6508038E+00
2026 07 25 02 16 00 000 -2.0543690E+01 -1.8482064E+01 1.6582539E+00
2026 07 25 02 16 30 000 -2.0541722E+01 -1.8481893E+01 1.6657122E+00
2026 07 25 02 17 00 000 -2.0539752E+01 -1.8481716E+01 1.6731788E+00
2026 07 25 02 17 30 000 -2.0537781E+01 -1.8481535E+01 1.6806534E+00
2026 07 25 02 18 00 000 -2.0535809E+01 -1.8481350E+01 1.6881362E+00
2026 07 25 02 18 30 000 -2.0533836E+01 -1.8481159E+01 1.6956271E+00
2026 07 25 02 19 00 000 -2.0531861E+01 -1.8480964E+01 1.7031261E+00
2026 07 25 02 19 30 000 -2.0529885E+01 -1.8480765E+01 1.7106331E+00
2026 07 25 02 20 00 000 -2.0527907E+01 -1.8480560E+01 1.7181482E+00
2026 07 25 02 20 30 000 -2.0525928E+01 -1.8480351E+01 1.7256712E+00
2026 07 25 02 21 00 000 -2.0523948E+01 -1.8480137E+01 1.7332023E+00
2026 07 25 02 21 30 000 -2.0521967E+01 -1.8479919E+01 1.7407413E+00
2026 07 25 02 22 00 000 -2.0519984E+01 -1.8479696E+01 1.7482882E+00
2026 07 25 02 22 30 000 -2.0518000E+01 -1.8479468E+01 1.7558430E+00
2026 07 25 02 23 00 000 -2.0516014E+01 -1.8479235E+01 1.7634057E+00
2026 07 25 02 23 30 000 -2.0514027E+01 -1.8478997E+01 1.7709763E+00
2026 07 25 02 24 00 000 -2.0512039E+01 -1.8478755E+01 1.7785547E+00
2026 07 25 02 24 30 000 -2.0510049E+01 -1.8478508E+01 1.7861409E+00
2026 07 25 02 25 00 000 -2.0508059E+01 -1.8478256E+01 1.7937348E+00
2026 07 25 02 25 30 000 -2.0506066E+01 -1.8478000E+01 1.8013366E+00
2026 07 25 02 26 00 000 -2.0504073E+01 -1.8477738E+01 1.8089460E+00
2026 07 25 02 26 30 000 -2.0502078E+01 -1.8477472E+01 1.8165631E+00
2026 07 25 02 27 00 000 -2.0500082E+01 -1.8477201E+01 1.8241879E+00
2026 07 25 02 27 30 000 -2.0498084E+01 -1.8476925E+01 1.8318204E+00
2026 07 25 02 28 00 000 -2.0496085E+01 -1.8476645E+01 1.8394605E+00
2026 07 25 02 28 30 000 -2.0494085E+01 -1.8476359E+01 1.8471082E+00
2026 07 25 02 29 00 000 -2.0492083E+01 -1.8476069E+01 1.8547634E+00
2026 07 25 02 29 30 000 -2.0490080E+01 -1.8475774E+01 1.8624262E+00
2026 07 25 02 30 00 000 -2.0488076E+01 -1.8475474E+01 1.8700966E+00
2026 07 25 02 30 30 000 -2.0486071E+01 -1.8475169E+01 1.8777744E+00
2026 07 25 02 31 00 000 -2.0484064E+01 -1.8474859E+01 1.8854597E+00
2026 07 25 02 31 30 000 -2.0482055E+01 -1.8474545E+01 1.8931524E+00
2026 07 25 02 32 00 000 -2.0480046E+01 -1.8474225E+01 1.9008526E+00
2026 07 25 02 32 30 000 -2.0478035E+01 -1.8473901E+01 1.9085601E+00
2026 07 25 02 33 00 000 -2.0476023E+01 -1.8473572E+01 1.9162750E+00
2026 07 25 02 33 30 000 -2.0474009E+01 -1.8473238E+01 1.9239973E+00
2026 07 25 02 34 00 000 -2.0471994E+01 -1.8472898E+01 1.9317268E+00
2026 07 25 02 34 30 000 -2.0469978E+01 -1.8472554E+01 1.9394637E+00
2026 07 25 02 35 00 000 -2.0467960E+01 -1.8472206E+01 1.9472078E+00
2026 07 25 02 35 30 000 -2.0465941E+01 -1.8471852E+01 1.9549591E+00
2026 07 25 02 36 00 000 -2.0463921E+01 -1.8471493E+01 1.9627177E+00
2026 07 25 02 36 30 000 -2.0461899E+01 -1.8471129E+01 1.9704834E+00
2026 07 25 02 37 00 000 -2.0459876E+01 -1.8470761E+01 1.9782563E+00
2026 07 25 02 37 30 000 -2.0457852E+01 -1.8470387E+01 1.9860363E+00
2026 07 25 02 38 00 000 -2.0455826E+01 -1.8470008E+01 1.9938234E+00
2026 07 25 02 38 30 000 -2.0453799E+01 -1.8469625E+01 2.0016176E+00
2026 07 25 02 39 00 000 -2.0451771E+01 -1.8469236E+01 2.0094189E+00
2026 07 25 02 39 30 000 -2.0449741E+01 -1.8468843E+01 2.0172272E+00
2026 07 25 02 40 00 000 -2.0447710E+01 -1.8468444E+01 2.0250425E+00
2026 07 25 02 40 30 000 -2.0445678E+01 -1.8468041E+01 2.0328647E+00
2026 07 25 02 41 00 000 -2.0443644E+01 -1.8467632E+01 2.0406939E+00
2026 07 25 02 41 30 000 -2.0441609E+01 -1.8467219E+01 2.0485300E+00
2026 07 25 02 42 00 000 -2.0439573E+01 -1.8466800E+01 2.0563730E+00
2026 07 25 02 42 30 000 -2.0437535E+01 -1.8466377E+01 2.0642229E+00
2026 07 25 02 43 00 000 -2.0435496E+01 -1.8465948E+01 2.0720796E+00
2026 07 25 02 43 30 000 -2.0433456E+01 -1.8465514E+01 2.0799431E+00
2026 07 25 02 44 00 000 -2.0431414E+01 -1.8465076E+01 2.0878134E+00
2026 07 25 02 44 30 000 -2.0429371E+01 -1.8464632E+01 2.0956905E+00
2026 07 25 02 45 00 000 -2.0427327E+01 -1.8464183E+01 2.1035743E+00
2026 07 25 02 45 30 000 -2.0425281E+01 -1.8463729E+01 2.1114648E+00
2026 07 25 02 46 00 000 -2.0423234E+01 -1.8463270E+01 2.1193620E+00
2026 07 25 02 46 30 000 -2.0421185E+01 -1.8462806E+01 2.1272658E+00
2026 07 25 02 47 00 000 -2.0419136E+01 -1.8462337E+01 2.1351763E+00
2026 07 25 02 47 30 000 -2.0417084E+01 -1.8461863E+01 2.1430933E+00
2026 07 25 02 48 00 000 -2.0415032E+01 -1.8461384E+01 2.1510170E+00
2026 07 25 02 48 30 000 -2.0412978E+01 -1.8460900E+01 2.1589471E+00
2026 07 25 02 49 00 000 -2.0410923E+01 -1.8460410E+01 2.1668838E+00
2026 07 25 02 49 30 000 -2.0408867E+01 -1.8459916E+01 2.1748270E+00
2026 07 25 02 50 00 000 -2.0406809E+01 -1.8459416E+01 2.1827766E+00
2026 07 25 02 50 30 000 -2.0404750E+01 -1.8458911E+01 2.1907327E+00
2026 07 25 02 51 00 000 -2.0402689E+01 -1.8458401E+01 2.1986952E+00
2026 07 25 02 51 30 000 -2.0400628E+01 -1.8457886E+01 2.2066640E+00
2026 07 25 02 52 00 000 -2.0398564E+01 -1.8457366E+01 2.2146393E+00
2026 07 25 02 52 30 000 -2.0396500E+01 -1.8456841E+01 2.2226208E+00
2026 07 25 02 53 00 000 -2.0394434E+01 -1.8456310E+01 2.2306086E+00
2026 07 25 02 53 30 000 -2.0392367E+01 -1.8455775E+01 2.2386027E+00
2026 07 25 02 54 00 000 -2.0390298E+01 -1.8455234E+01 2.2466031E+00
2026 07 25 02 54 30 000 -2.0388229E+01 -1.8454688E+01 2.2546096E+00
2026 07 25 02 55 00 000 -2.0386157E+01 -1.8454137E+01 2.2626224E+00
2026 07 25 02 55 30 000 -2.0384085E+01 -1.8453581E+01 2.2706413E+00
2026 07 25 02 56 00 000 -2.0382011E+01 -1.8453019E+01 2.2786664E+00
2026 07 25 02 56 30 000 -2.0379936E+01 -1.8452453E+01 2.2866975E+00
2026 07 25 02 57 00 000 -2.0377859E+01 -1.8451881E+01 2.2947348E+00
2026 07 25 02 57 30 000 -2.0375781E+01 -1.8451304E+01 2.3027781E+00
2026 07 25 02 58 00 000 -2.0373702E+01 -1.8450721E+01 2.3108274E+00
2026 07 25 02 58 30 000 -2.0371622E+01 -1.8450134E+01 2.3188827E+00
2026 07 25 02 59 00 000 -2.0369540E+01 -1.8449541E+01 2.3269439E+00
2026 07 25 02 59 30 000 -2.0367456E+01 -1.8448943E+01 2.3350112E+00
2026 07 25 03 00 00 000 -2.0365372E+01 -1.8448340E+01 2.3430843E+00
2026 07 25 03 00 30 000 -2.0363286E+01 -1.8447732E+01 2.3511633E+00
2026 07 25 03 01 00 000 -2.0361199E+01 -1.8447118E+01 2.3592482E+00
2026 07 25 03 01 30 000 -2.0359110E+01 -1.8446500E+01 2.3673389E+00
2026 07 25 03 02 00 000 -2.0357020E+01 -1.8445875E+01 2.3754354E+00
2026 07 25 03 02 30 000 -2.0354929E+01 -1.8445246E+01 2.3835377E+00
2026 07 25 03 03 00 000 -2.0352836E+01 -1.8444612E+01 2.3916458E+00
2026 07 25 03 03 30 000 -2.0350742E+01 -1.8443972E+01 2.3997595E+00
2026 07 25 03 04 00 000 -2.0348647E+01 -1.8443327E+01 2.4078790E+00
2026 07 25 03 04 30 000 -2.0346550E+01 -1.8442676E+01 2.4160041E+00
2026 07 25 03 05 00 000 -2.0344452E+01 -1.8442021E+01 2.4241348E+00
2026 07 25 03 05 30 000 -2.0342353E+01 -1.8441360E+01 2.4322711E+00
2026 07 25 03 06 00 000 -2.0340252E+01 -1.8440694E+01 2.4404131E+00
2026 07 25 03 06 30 000 -2.0338150E+01 -1.8440022E+01 2.4485606E+00
2026 07 25 03 07 00 000 -2.0336047E+01 -1.8439346E+01 2.4567136E+00
2026 07 25 03 07 30 000 -2.0333942E+01 -1.8438663E+01 2.4648721E+00
2026 07 25 03 08 00 000 -2.0331836E+01 -1.8437976E+01 2.4730361E+00
2026 07 25 03 08 30 000 -2.0329728E+01 -1.8437283E+01 2.4812055E+00
2026 07 25 03 09 00 000 -2.0327620E+01 -1.8436586E+01 2.4893803E+00
2026 07 25 03 09 30 000 -2.0325510E+01 -1.8435882E+01 2.4975604E+00
2026 07 25 03 10 00 000 -2.0323398E+01 -1.8435174E+01 2.5057460E+00
2026 07 25 03 10 30 000 -2.0321285E+01 -1.8434460E+01 2.5139368E+00
2026 07 25 03 11 00 000 -2.0319171E+01 -1.8433741E+01 2.5221330E+00
2026 07 25 03 11 30 000 -2.0317056E+01 -1.8433016E+01 2.5303344E+00
2026 07 25 03 12 00 000 -2.0314939E+01 -1.8432286E+01 2.5385411E+00
2026 07 25 03 12 30 000 -2.0312821E+01 -1.8431551E+01 2.5467530E+00
2026 07 25 03 13 00 000 -2.0310701E+01 -1.8430810E+01 2.5549701E+00
2026 07 25 03 13 30 000 -2.0308581E+01 -1.8430065E+01 2.5631923E+00
2026 07 25 03 14 00 000 -2.0306458E+01 -1.8429313E+01 2.5714196E+00
2026 07 25 03 14 30 000 -2.0304335E+01 -1.8428557E+01 2.5796521E+00
2026 07 25 03 15 00 000 -2.0302210E+01 -1.8427795E+01 2.5878896E+00
2026 07 25 03 15 30 000 -2.0300084E+01 -1.8427027E+01 2.5961322E+00
2026 07 25 03 16 00 000 -2.0297956E+01 -1.8426255E+01 2.6043798E+00
2026 07 25 03 16 30 000 -2.0295827E+01 -1.8425477E+01 2.6126323E+00
2026 07 25 03 17 00 000 -2.0293697E+01 -1.8424693E+01 2.6208899E+00
2026 07 25 03 17 30 000 -2.0291566E+01 -1.8423905E+01 2.6291523E+00
2026 07 25 03 18 00 000 -2.0289433E+01 -1.8423110E+01 2.6374197E+00
2026 07 25 03 18 30 000 -2.0287298E+01 -1.8422311E+01 2.6456919E+00
2026 07 25 03 19 00 000 -2.0285163E+01 -1.8421506E+01 2.6539689E+00
2026 07 25 03 19 30 000 -2.0283026E+01 -1.8420696E+01 2.6622508E+00
2026 07 25 03 20 00 000 -2.0280888E+01 -1.8419880E+01 2.6705374E+00
2026 07 25 03 20 30 000 -2.0278748E+01 -1.8419059E+01 2.6788288E+00
2026 07 25 03 21 00 000 -2.0276607E+01 -1.8418232E+01 2.6871250E+00
2026 07 25 03 21 30 000 -2.0274465E+01 -1.8417400E+01 2.6954258E+00
2026 07 25 03 22 00 000 -2.0272321E+01 -1.8416563E+01 2.7037313E+00
2026 07 25 03 22 30 000 -2.0270176E+01 -1.8415720E+01 2.7120414E+00
2026 07 25 03 23 00 000 -2.0268030E+01 -1.8414872E+01 2.7203561E+00
2026 07 25 03 23 30 000 -2.0265882E+01 -1.8414019E+01 2.7286754E+00
2026 07 25 03 24 00 000 -2.0263733E+01 -1.8413160E+01 2.7369993E+00
2026 07 25 03 24 30 000 -2.0261582E+01 -1.8412296E+01 2.7453277E+00
2026 07 25 03 25 00 000 -2.0259431E+01 -1.8411426E+01 2.7536606E+00
2026 07 25 03 25 30 000 -2.0257278E+01 -1.8410551E+01 2.7619979E+00
2026 07 25 03 26 00 000 -2.0255123E+01 -1.8409670E+01 2.7703397E+00
2026 07 25 03 26 30 000 -2.0252967E+01 -1.8408784E+01 2.7786859E+00
2026 07 25 03 27 00 000 -2.0250810E+01 -1.8407892E+01 2.7870365E+00
2026 07 25 03 27 30 000 -2.0248652E+01 -1.8406996E+01 2.7953914E+00
2026 07 25 03 28 00 000 -2.0246492E+01 -1.8406093E+01 2.8037506E+00
2026 07 25 03 28 30 000 -2.0244331E+01 -1.8405185E+01 2.8121142E+00
2026 07 25 03 29 00 000 -2.0242168E+01 -1.8404272E+01 2.8204820E+00
2026 07 25 03 29 30 000 -2.0240005E+01 -1.8403354E+01 2.8288540E+00
2026 07 25 03 30 00 000 -2.0237839E+01 -1.8402429E+01 2.8372302E+00
2026 07 25 03 30 30 000 -2.0235673E+01 -1.8401500E+01 2.8456106E+00
2026 07 25 03 31 00 000 -2.0233505E+01 -1.8400565E+01 2.8539952E+00
2026 07 25 03 31 30 000 -2.0231336E+01 -1.8399624E+01 2.8623838E+00
2026 07 25 03 32 00 000 -2.0229165E+01 -1.8398678E+01 2.8707766E+00
2026 07 25 03 32 30 000 -2.0226993E+01 -1.8397727E+01 2.8791734E+00
2026 07 25 03 33 00 000 -2.0224820E+01 -1.8396770E+01 2.8875742E+00
2026 07 25 03 33 30 000 -2.0222645E+01 -1.8395808E+01 2.8959790E+00
2026 07 25 03 34 00 000 -2.0220469E+01 -1.8394840E+01 2.9043878E+00
2026 07 25 03 34 30 000 -2.0218292E+01 -1.8393867E+01 2.9128005E+00
2026 07 25 03 35 00 000 -2.0216113E+01 -1.8392888E+01 2.9212172E+00
2026 07 25 03 35 30 000 -2.0213933E+01 -1.8391904E+01 2.9296377E+00
2026 07 25 03 36 00 000 -2.0211752E+01 -1.8390914E+01 2.9380620E+00
2026 07 25 03 36 30 000 -2.0209569E+01 -1.8389919E+01 2.9464902E+00
2026 07 25 03 37 00 000 -2.0207385E+01 -1.8388919E+01 2.9549222E+00
2026 07 25 03 37 30 000 -2.0205200E+01 -1.8387913E+01 2.9633580E+00
2026 07 25 03 38 00 000 -2.0203013E+01 -1.8386901E+01 2.9717975E+00
2026 07 25 03 38 30 000 -2.0200825E+01 -1.8385884E+01 2.9802406E+00
2026 07 25 03 39 00 000 -2.0198636E+01 -1.8384862E+01 2.9886875E+00
2026 07 25 03 39 30 000 -2.0196445E+01 -1.8383834E+01 2.9971380E+00
2026 07 25 03 40 00 000 -2.0194253E+01 -1.8382800E+01 3.0055921E+00
2026 07 25 03 40 30 000 -2.0192060E+01 -1.8381761E+01 3.0140498E+00
2026 07 25 03 41 00 000 -2.0189865E+01 -1.8380717E+01 3.0225111E+00
2026 07 25 03 41 30 000 -2.0187669E+01 -1.8379667E+01 3.0309758E+00
2026 07 25 03 42 00 000 -2.0185471E+01 -1.8378612E+01 3.0394441E+00
2026 07 25 03 42 30 000 -2.0183272E+01 -1.8377551E+01 3.0479159E+00
2026 07 25 03 43 00 000 -2.0181072E+01 -1.8376484E+01 3.0563910E+00
2026 07 25 03 43 30 000 -2.0178871E+01 -1.8375412E+01 3.0648696E+00
2026 07 25 03 44 00 000 -2.0176668E+01 -1.8374335E+01 3.0733516E+00
2026 07 25 03 44 30 000 -2.0174464E+01 -1.8373252E+01 3.0818369E+00
2026 07 25 03 45 00 000 -2.0172258E+01 -1.8372164E+01 3.0903255E+00
2026 07 25 03 45 30 000 -2.0170051E+01 -1.8371070E+01 3.0988174E+00
2026 07 25 03 46 00 000 -2.0167843E+01 -1.8369971E+01 3.1073126E+00
2026 07 25 03 46 30 000 -2.0165633E+01 -1.8368866E+01 3.1158110E+00
2026 07 25 03 47 00 000 -2.0163422E+01 -1.8367756E+01 3.1243126E+00
2026 07 25 03 47 30 000 -2.0161210E+01 -1.8366640E+01 3.1328174E+00
2026 07 25 03 48 00 000 -2.0158996E+01 -1.8365518E+01 3.1413253E+00
2026 07 25 03 48 30 000 -2.0156781E+01 -1.8364392E+01 3.1498363E+00
2026 07 25 03 49 00 000 -2.0154565E+01 -1.8363259E+01 3.1583504E+00
2026 07 25 03 49 30 000 -2.0152347E+01 -1.8362121E+01 3.1668676E+00
2026 07 25 03 50 00 000 -2.0150128E+01 -1.8360978E+01 3.1753877E+00
2026 07 25 03 50 30 000 -2.0147908E+01 -1.8359829E+01 3.1839109E+00
2026 07 25 03 51 00 000 -2.0145686E+01 -1.8358675E+01 3.1924370E+00
2026 07 25 03 51 30 000 -2.0143463E+01 -1.8357515E+01 3.2009661E+00
2026 07 25 03 52 00 000 -2.0141239E+01 -1.8356350E+01 3.2094980E+00
2026 07 25 03 52 30 000 -2.0139013E+01 -1.8355179E+01 3.2180328E+00
2026 07 25 03 53 00 000 -2.0136786E+01 -1.8354003E+01 3.2265705E+00
2026 07 25 03 53 30 000 -2.0134557E+01 -1.8352821E+01 3.2351110E+00
2026 07 25 03 54 00 000 -2.0132327E+01 -1.8351634E+01 3.2436542E+00
2026 07 25 03 54 30 000 -2.0130096E+01 -1.8350441E+01 3.2522002E+00
2026 07 25 03 55 00 000 -2.0127864E+01 -1.8349242E+01 3.2607489E+00
2026 07 25 03 55 30 000 -2.0125630E+01 -1.8348039E+01 3.2693003E+00
2026 07 25 03 56 00 000 -2.0123395E+01 -1.8346829E+01 3.2778544E+00
2026 07 25 03 56 30 000 -2.0121158E+01 -1.8345614E+01 3.2864111E+00
2026 07 25 03 57 00 000 -2.0118920E+01 -1.8344394E+01 3.2949704E+00
2026 07 25 03 57 30 000 -2.0116681E+01 -1.8343168E+01 3.3035323E+00
2026 07 25 03 58 00 000 -2.0114440E+01 -1.8341937E+01 3.3120967E+00
2026 07 25 03 58 30 000 -2.0112198E+01 -1.8340700E+01 3.3206636E+00
2026 07 25 03 59 00 000 -2.0109955E+01 -1.8339458E+01 3.3292330E+00
2026 07 25 03 59 30 000 -2.0107710E+01 -1.8338210E+01 3.3378048E+00
2026 07 25 04 00 00 000 -2.0105464E+01 -1.8336957E+01 3.3463791E+00
2026 07 25 04 00 30 000 -2.0103217E+01 -1.8335698E+01 3.3549558E+00
2026 07 25 04 01 00 000 -2.0100968E+01 -1.8334434E+01 3.3635348E+00
2026 07 25 04 01 30 000 -2.0098718E+01 -1.8333164E+01 3.3721161E+00
2026 07 25 04 02 00 000 -2.0096467E+01 -1.8331888E+01 3.3806998E+00
2026 07 25 04 02 30 000 -2.0094214E+01 -1.8330608E+01 3.3892857E+00
2026 07 25 04 03 00 000 -2.0091960E+01 -1.8329321E+01 3.3978738E+00
2026 07 25 04 03 30 000 -2.0089704E+01 -1.8328030E+01 3.4064642E+00
2026 07 25 04 04 00 000 -2.0087448E+01 -1.8326732E+01 3.4150567E+00
2026 07 25 04 04 30 000 -2.0085189E+01 -1.8325430E+01 3.4236514E+00
2026 07 25 04 05 00 000 -2.0082930E+01 -1.8324121E+01 3.4322482E+00
2026 07 25 04 05 30 000 -2.0080669E+01 -1.8322808E+01 3.4408471E+00
2026 07 25 04 06 00 000 -2.0078407E+01 -1.8321489E+01 3.4494480E+00
2026 07 25 04 06 30 000 -2.0076143E+01 -1.8320164E+01 3.4580510E+00
2026 07 25 04 07 00 000 -2.0073878E+01 -1.8318834E+01 3.4666560E+00
2026 07 25 04 07 30 000 -2.0071612E+01 -1.8317498E+01 3.4752629E+00
2026 07 25 04 08 00 000 -2.0069345E+01 -1.8316157E+01 3.4838718E+00
2026 07 25 04 08 30 000 -2.0067076E+01 -1.8314810E+01 3.4924826E+00
2026 07 25 04 09 00 000 -2.0064805E+01 -1.8313458E+01 3.5010952E+00
2026 07 25 04 09 30 000 -2.0062534E+01 -1.8312101E+01 3.5097097E+00
2026 07 25 04 10 00 000 -2.0060261E+01 -1.8310738E+01 3.5183260E+00
2026 07 25 04 10 30 000 -2.0057986E+01 -1.8309369E+01 3.5269441E+00
2026 07 25 04 11 00 000 -2.0055711E+01 -1.8307995E+01 3.5355640E+00
2026 07 25 04 11 30 000 -2.0053434E+01 -1.8306616E+01 3.5441855E+00
2026 07 25 04 12 00 000 -2.0051155E+01 -1.8305231E+01 3.5528088E+00
2026 07 25 04 12 30 000 -2.0048875E+01 -1.8303841E+01 3.5614337E+00
2026 07 25 04 13 00 000 -2.0046594E+01 -1.8302445E+01 3.5700603E+00
2026 07 25 04 13 30 000 -2.0044312E+01 -1.8301044E+01 3.5786885E+00
2026 07 25 04 14 00 000 -2.0042028E+01 -1.8299637E+01 3.5873182E+00
2026 07 25 04 14 30 000 -2.0039743E+01 -1.8298225E+01 3.5959495E+00
2026 07 25 04 15 00 000 -2.0037456E+01 -1.8296807E+01 3.6045823E+00
2026 07 25 04 15 30 000 -2.0035168E+01 -1.8295384E+01 3.6132166E+00
2026 07 25 04 16 00 000 -2.0032879E+01 -1.8293955E+01 3.6218523E+00
2026 07 25 04 16 30 000 -2.0030589E+01 -1.8292521E+01 3.6304895E+00
2026 07 25 04 17 00 000 -2.0028297E+01 -1.8291082E+01 3.6391280E+00
2026 07 25 04 17 30 000 -2.0026003E+01 -1.8289637E+01 3.6477679E+00
2026 07 25 04 18 00 000 -2.0023709E+01 -1.8288187E+01 3.6564092E+00
2026 07 25 04 18 30 000 -2.0021413E+01 -1.8286731E+01 3.6650517E+00
2026 07 25 04 19 00 000 -2.0019115E+01 -1.8285270E+01 3.6736955E+00
2026 07 25 04 19 30 000 -2.0016817E+01 -1.8283803E+01 3.6823405E+00
2026 07 25 04 20 00 000 -2.0014517E+01 -1.8282331E+01 3.6909868E+00
2026 07 25 04 20 30 000 -2.0012215E+01 -1.8280854E+01 3.6996342E+00
2026 07 25 04 21 00 000 -2.0009912E+01 -1.8279371E+01 3.7082828E+00
2026 07 25 04 21 30 000 -2.0007608E+01 -1.8277883E+01 3.7169325E+00
2026 07 25 04 22 00 000 -2.0005303E+01 -1.8276389E+01 3.7255833E+00
2026 07 25 04 22 30 000 -2.0002996E+01 -1.8274890E+01 3.7342351E+00
2026 07 25 04 23 00 000 -2.0000688E+01 -1.8273386E+01 3.7428879E+00
2026 07 25 04 23 30 000 -1.9998378E+01 -1.8271876E+01 3.7515418E+00
2026 07 25 04 24 00 000 -1.9996068E+01 -1.8270361E+01 3.7601966E+00
2026 07 25 04 24 30 000 -1.9993755E+01 -1.8268840E+01 3.7688524E+00
2026 07 25 04 25 00 000 -1.9991442E+01 -1.8267314E+01 3.7775090E+00
2026 07 25 04 25 30 000 -1.9989127E+01 -1.8265782E+01 3.7861666E+00
2026 07 25 04 26 00 000 -1.9986811E+01 -1.8264245E+01 3.7948249E+00
2026 07 25 04 26 30 000 -1.9984493E+01 -1.8262703E+01 3.8034841E+00
2026 07 25 04 27 00 000 -1.9982174E+01 -1.8261155E+01 3.8121441E+00
2026 07 25 04 27 30 000 -1.9979854E+01 -1.8259602E+01 3.8208048E+00
2026 07 25 04 28 00 000 -1.9977532E+01 -1.8258044E+01 3.8294663E+00
2026 07 25 04 28 30 000 -1.9975209E+01 -1.8256480E+01 3.8381284E+00
2026 07 25 04 29 00 000 -1.9972884E+01 -1.8254911E+01 3.8467912E+00
2026 07 25 04 29 30 000 -1.9970559E+01 -1.8253337E+01 3.8554546E+00
2026 07 25 04 30 00 000 -1.9968232E+01 -1.8251757E+01 3.8641187E+00
2026 07 25 04 30 30 000 -1.9965903E+01 -1.8250172E+01 3.8727833E+00
2026 07 25 04 31 00 000 -1.9963573E+01 -1.8248581E+01 3.8814484E+00
2026 07 25 04 31 30 000 -1.9961242E+01 -1.8246985E+01 3.8901140E+00
2026 07 25 04 32 00 000 -1.9958910E+01 -1.8245384E+01 3.8987802E+00
2026 07 25 04 32 30 000 -1.9956576E+01 -1.8243777E+01 3.9074467E+00
2026 07 25 04 33 00 000 -1.9954240E+01 -1.8242165E+01 3.9161137E+00
2026 07 25 04 33 30 000 -1.9951904E+01 -1.8240548E+01 3.9247811E+00
2026 07 25 04 34 00 000 -1.9949566E+01 -1.8238926E+01 3.9334489E+00
2026 07 25 04 34 30 000 -1.9947227E+01 -1.8237298E+01 3.9421169E+00
2026 07 25 04 35 00 000 -1.9944886E+01 -1.8235665E+01 3.9507853E+00
2026 07 25 04 35 30 000 -1.9942544E+01 -1.8234026E+01 3.9594539E+00
2026 07 25 04 36 00 000 -1.9940201E+01 -1.8232382E+01 3.9681228E+00
2026 07 25 04 36 30 000 -1.9937856E+01 -1.8230733E+01 3.9767918E+00
2026 07 25 04 37 00 000 -1.9935510E+01 -1.8229079E+01 3.9854611E+00
2026 07 25 04 37 30 000 -1.9933162E+01 -1.8227419E+01 3.9941305E+00
2026 07 25 04 38 00 000 -1.9930814E+01 -1.8225754E+01 4.0028000E+00
2026 07 25 04 38 30 000 -1.9928463E+01 -1.8224084E+01 4.0114696E+00
2026 07 25 04 39 00 000 -1.9926112E+01 -1.8222408E+01 4.0201392E+00
2026 07 25 04 39 30 000 -1.9923759E+01 -1.8220727E+01 4.0288089E+00
2026 07 25 04 40 00 000 -1.9921405E+01 -1.8219041E+01 4.0374785E+00
2026 07 25 04 40 30 000 -1.9919049E+01 -1.8217350E+01 4.0461481E+00
2026 07 25 04 41 00 000 -1.9916692E+01 -1.8215653E+01 4.0548177E+00
2026 07 25 04 41 30 000 -1.9914334E+01 -1.8213951E+01 4.0634871E+00
2026 07 25 04 42 00 000 -1.9911974E+01 -1.8212244E+01 4.0721564E+00
2026 07 25 04 42 30 000 -1.9909613E+01 -1.8210532E+01 4.0808256E+00
2026 07 25 04 43 00 000 -1.9907251E+01 -1.8208814E+01 4.0894946E+00
2026 07 25 04 43 30 000 -1.9904887E+01 -1.8207091E+01 4.0981633E+00
2026 07 25 04 44 00 000 -1.9902522E+01 -1.8205363E+01 4.1068318E+00
2026 07 25 04 44 30 000 -1.9900156E+01 -1.8203630E+01 4.1155000E+00
2026 07 25 04 45 00 000 -1.9897788E+01 -1.8201891E+01 4.1241680E+00
2026 07 25 04 45 30 000 -1.9895419E+01 -1.8200147E+01 4.1328355E+00
2026 07 25 04 46 00 000 -1.9893048E+01 -1.8198399E+01 4.1415027E+00
2026 07 25 04 46 30 000 -1.9890677E+01 -1.8196644E+01 4.1501695E+00
2026 07 25 04 47 00 000 -1.9888303E+01 -1.8194885E+01 4.1588359E+00
2026 07 25 04 47 30 000 -1.9885929E+01 -1.8193120E+01 4.1675018E+00
2026 07 25 04 48 00 000 -1.9883553E+01 -1.8191351E+01 4.1761672E+00
2026 07 25 04 48 30 000 -1.9881176E+01 -1.8189576E+01 4.1848321E+00
2026 07 25 04 49 00 000 -1.9878797E+01 -1.8187796E+01 4.1934964E+00
2026 07 25 04 49 30 000 -1.9876417E+01 -1.8186011E+01 4.2021602E+00
2026 07 25 04 50 00 000 -1.9874036E+01 -1.8184220E+01 4.2108233E+00
2026 07 25 04 50 30 000 -1.9871653E+01 -1.8182425E+01 4.2194858E+00
2026 07 25 04 51 00 000 -1.9869269E+01 -1.8180624E+01 4.2281477E+00
2026 07 25 04 51 30 000 -1.9866884E+01 -1.8178818E+01 4.2368088E+00
2026 07 25 04 52 00 000 -1.9864497E+01 -1.8177007E+01 4.2454692E+00
2026 07 25 04 52 30 000 -1.9862109E+01 -1.8175191E+01 4.2541288E+00
2026 07 25 04 53 00 000 -1.9859719E+01 -1.8173370E+01 4.2627876E+00
2026 07 25 04 53 30 000 -1.9857328E+01 -1.8171544E+01 4.2714456E+00
2026 07 25 04 54 00 000 -1.9854936E+01 -1.8169712E+01 4.2801028E+00
2026 07 25 04 54 30 000 -1.9852542E+01 -1.8167876E+01 4.2887591E+00
2026 07 25 04 55 00 000 -1.9850148E+01 -1.8166034E+01 4.2974144E+00
2026 07 25 04 55 30 000 -1.9847751E+01 -1.8164187E+01 4.3060688E+00
2026 07 25 04 56 00 000 -1.9845354E+01 -1.8162336E+01 4.3147222E+00
2026 07 25 04 56 30 000 -1.9842955E+01 -1.8160479E+01 4.3233747E+00
2026 07 25 04 57 00 000 -1.9840554E+01 -1.8158617E+01 4.3320260E+00
2026 07 25 04 57 30 000 -1.9838153E+01 -1.8156750E+01 4.3406764E+00
2026 07 25 04 58 00 000 -1.9835749E+01 -1.8154878E+01 4.3493256E+00
2026 07 25 04 58 30 000 -1.9833345E+01 -1.8153001E+01 4.3579737E+00
2026 07 25 04 59 00 000 -1.9830939E+01 -1.8151118E+01 4.3666207E+00
2026 07 25 04 59 30 000 -1.9828532E+01 -1.8149231E+01 4.3752664E+00
2026 07 25 05 00 00 000 -1.9826124E+01 -1.8147339E+01 4.3839110E+00
2026 07 25 05 00 30 000 -1.9823714E+01 -1.8145442E+01 4.3925543E+00
2026 07 25 05 01 00 000 -1.9821302E+01 -1.8143540E+01 4.4011963E+00
2026 07 25 05 01 30 000 -1.9818890E+01 -1.8141632E+01 4.4098370E+00
2026 07 25 05 02 00 000 -1.9816476E+01 -1.8139720E+01 4.4184764E+00
2026 07 25 05 02 30 000 -1.9814061E+01 -1.8137803E+01 4.4271144E+00
2026 07 25 05 03 00 000 -1.9811644E+01 -1.8135881E+01 4.4357511E+00
2026 07 25 05 03 30 000 -1.9809226E+01 -1.8133953E+01 4.4443863E+00
2026 07 25 05 04 00 000 -1.9806806E+01 -1.8132021E+01 4.4530200E+00
2026 07 25 05 04 30 000 -1.9804386E+01 -1.8130084E+01 4.4616522E+00
2026 07 25 05 05 00 000 -1.9801964E+01 -1.8128142E+01 4.4702830E+00
2026 07 25 05 05 30 000 -1.9799540E+01 -1.8126195E+01 4.4789122E+00
2026 07 25 05 06 00 000 -1.9797115E+01 -1.8124243E+01 4.4875398E+00
2026 07 25 05 06 30 000 -1.9794689E+01 -1.8122286E+01 4.4961658E+00
2026 07 25 05 07 00 000 -1.9792262E+01 -1.8120324E+01 4.5047902E+00
2026 07 25 05 07 30 000 -1.9789833E+01 -1.8118358E+01 4.5134130E+00
2026 07 25 05 08 00 000 -1.9787402E+01 -1.8116386E+01 4.5220340E+00
2026 07 25 05 08 30 000 -1.9784971E+01 -1.8114409E+01 4.5306533E+00
2026 07 25 05 09 00 000 -1.9782538E+01 -1.8112428E+01 4.5392708E+00
2026 07 25 05 09 30 000 -1.9780103E+01 -1.8110442E+01 4.5478866E+00
2026 07 25 05 10 00 000 -1.9777668E+01 -1.8108451E+01 4.5565005E+00
2026 07 25 05 10 30 000 -1.9775231E+01 -1.8106454E+01 4.5651126E+00
2026 07 25 05 11 00 000 -1.9772792E+01 -1.8104454E+01 4.5737229E+00
2026 07 25 05 11 30 000 -1.9770352E+01 -1.8102448E+01 4.5823312E+00
2026 07 25 05 12 00 000 -1.9767911E+01 -1.8100437E+01 4.5909376E+00
2026 07 25 05 12 30 000 -1.9765469E+01 -1.8098422E+01 4.5995420E+00
2026 07 25 05 13 00 000 -1.9763025E+01 -1.8096402E+01 4.6081445E+00
2026 07 25 05 13 30 000 -1.9760579E+01 -1.8094377E+01 4.6167449E+00
2026 07 25 05 14 00 000 -1.9758133E+01 -1.8092347E+01 4.6253433E+00
2026 07 25 05 14 30 000 -1.9755685E+01 -1.8090312E+01 4.6339396E+00
2026 07 25 05 15 00 000 -1.9753236E+01 -1.8088273E+01 4.6425338E+00
2026 07 25 05 15 30 000 -1.9750785E+01 -1.8086228E+01 4.6511258E+00
2026 07 25 05 16 00 000 -1.9748333E+01 -1.8084179E+01 4.6597157E+00
2026 07 25 05 16 30 000 -1.9745879E+01 -1.8082126E+01 4.6683034E+00
2026 07 25 05 17 00 000 -1.9743425E+01 -1.8080067E+01 4.6768888E+00
2026 07 25 05 17 30 000 -1.9740968E+01 -1.8078004E+01 4.6854720E+00
2026 07 25 05 18 00 000 -1.9738511E+01 -1.8075936E+01 4.6940529E+00
2026 07 25 05 18 30 000 -1.9736052E+01 -1.8073863E+01 4.7026315E+00
2026 07 25 05 19 00 000 -1.9733592E+01 -1.8071786E+01 4.7112077E+00
2026 07 25 05 19 30 000 -1.9731130E+01 -1.8069703E+01 4.7197816E+00
2026 07 25 05 20 00 000 -1.9728667E+01 -1.8067617E+01 4.7283531E+00
2026 07 25 05 20 30 000 -1.9726203E+01 -1.8065525E+01 4.7369221E+00
2026 07 25 05 21 00 000 -1.9723737E+01 -1.8063429E+01 4.7454887E+00
2026 07 25 05 21 30 000 -1.9721270E+01 -1.8061328E+01 4.7540527E+00
2026 07 25 05 22 00 000 -1.9718802E+01 -1.8059222E+01 4.7626143E+00
2026 07 25 05 22 30 000 -1.9716332E+01 -1.8057112E+01 4.7711733E+00
2026 07 25 05 23 00 000 -1.9713861E+01 -1.8054997E+01 4.7797297E+00
2026 07 25 05 23 30 000 -1.9711388E+01 -1.8052878E+01 4.7882835E+00
2026 07 25 05 24 00 000 -1.9708914E+01 -1.8050754E+01 4.7968347E+00
2026 07 25 05 24 30 000 -1.9706439E+01 -1.8048625E+01 4.8053832E+00
2026 07 25 05 25 00 000 -1.9703962E+01 -1.8046491E+01 4.8139290E+00
2026 07 25 05 25 30 000 -1.9701484E+01 -1.8044354E+01 4.8224721E+00
2026 07 25 05 26 00 000 -1.9699005E+01 -1.8042211E+01 4.8310124E+00
2026 07 25 05 26 30 000 -1.9696524E+01 -1.8040064E+01 4.8395499E+00
2026 07 25 05 27 00 000 -1.9694042E+01 -1.8037912E+01 4.8480846E+00
2026 07 25 05 27 30 000 -1.9691559E+01 -1.8035756E+01 4.8566165E+00
2026 07 25 05 28 00 000 -1.9689074E+01 -1.8033595E+01 4.8651455E+00
2026 07 25 05 28 30 000 -1.9686588E+01 -1.8031430E+01 4.8736716E+00
2026 07 25 05 29 00 000 -1.9684100E+01 -1.8029260E+01 4.8821948E+00
2026 07 25 05 29 30 000 -1.9681612E+01 -1.8027086E+01 4.8907150E+00
2026 07 25 05 30 00 000 -1.9679121E+01 -1.8024907E+01 4.8992322E+00
2026 07 25 05 30 30 000 -1.9676630E+01 -1.8022723E+01 4.9077464E+00
2026 07 25 05 31 00 000 -1.9674137E+01 -1.8020536E+01 4.9162576E+00
2026 07 25 05 31 30 000 -1.9671642E+01 -1.8018343E+01 4.9247656E+00
2026 07 25 05 32 00 000 -1.9669147E+01 -1.8016147E+01 4.9332706E+00
2026 07 25 05 32 30 000 -1.9666650E+01 -1.8013945E+01 4.9417725E+00
2026 07 25 05 33 00 000 -1.9664151E+01 -1.8011740E+01 4.9502711E+00
2026 07 25 05 33 30 000 -1.9661651E+01 -1.8009530E+01 4.9587666E+00
2026 07 25 05 34 00 000 -1.9659150E+01 -1.8007315E+01 4.9672589E+00
2026 07 25 05 34 30 000 -1.9656648E+01 -1.8005096E+01 4.9757479E+00
2026 07 25 05 35 00 000 -1.9654144E+01 -1.8002873E+01 4.9842337E+00
2026 07 25 05 35 30 000 -1.9651638E+01 -1.8000645E+01 4.9927161E+00
2026 07 25 05 36 00 000 -1.9649132E+01 -1.7998413E+01 5.0011952E+00
2026 07 25 05 36 30 000 -1.9646624E+01 -1.7996176E+01 5.0096709E+00
2026 07 25 05 37 00 000 -1.9644114E+01 -1.7993936E+01 5.0181433E+00
2026 07 25 05 37 30 000 -1.9641604E+01 -1.7991690E+01 5.0266122E+00
2026 07 25 05 38 00 000 -1.9639091E+01 -1.7989441E+01 5.0350777E+00
2026 07 25 05 38 30 000 -1.9636578E+01 -1.7987187E+01 5.0435397E+00
2026 07 25 05 39 00 000 -1.9634063E+01 -1.7984929E+01 5.0519982E+00
2026 07 25 05 39 30 000 -1.9631547E+01 -1.7982666E+01 5.0604531E+00
2026 07 25 05 40 00 000 -1.9629029E+01 -1.7980400E+01 5.0689045E+00
2026 07 25 05 40 30 000 -1.9626510E+01 -1.7978128E+01 5.0773523E+00
2026 07 25 05 41 00 000 -1.9623990E+01 -1.7975853E+01 5.0857965E+00
2026 07 25 05 41 30 000 -1.9621468E+01 -1.7973574E+01 5.0942370E+00
2026 07 25 05 42 00 000 -1.9618945E+01 -1.7971290E+01 5.1026739E+00
2026 07 25 05 42 30 000 -1.9616421E+01 -1.7969002E+01 5.1111070E+00
2026 07 25 05 43 00 000 -1.9613895E+01 -1.7966709E+01 5.1195364E+00
2026 07 25 05 43 30 000 -1.9611368E+01 -1.7964413E+01 5.1279621E+00
2026 07 25 05 44 00 000 -1.9608839E+01 -1.7962112E+01 5.1363839E+00
2026 07 25 05 44 30 000 -1.9606309E+01 -1.7959807E+01 5.1448020E+00
2026 07 25 05 45 00 000 -1.9603778E+01 -1.7957498E+01 5.1532162E+00
2026 07 25 05 45 30 000 -1.9601246E+01 -1.7955185E+01 5.1616265E+00
2026 07 25 05 46 00 000 -1.9598712E+01 -1.7952868E+01 5.1700329E+00
2026 07 25 05 46 30 000 -1.9596176E+01 -1.7950546E+01 5.1784353E+00
2026 07 25 05 47 00 000 -1.9593639E+01 -1.7948220E+01 5.1868339E+00
2026 07 25 05 47 30 000 -1.9591101E+01 -1.7945891E+01 5.1952284E+00
2026 07 25 05 48 00 000 -1.9588562E+01 -1.7943557E+01 5.2036189E+00
2026 07 25 05 48 30 000 -1.9586021E+01 -1.7941219E+01 5.2120054E+00
2026 07 25 05 49 00 000 -1.9583479E+01 -1.7938877E+01 5.2203877E+00
2026 07 25 05 49 30 000 -1.9580935E+01 -1.7936531E+01 5.2287660E+00
2026 07 25 05 50 00 000 -1.9578390E+01 -1.7934180E+01 5.2371402E+00
2026 07 25 05 50 30 000 -1.9575844E+01 -1.7931826E+01 5.2455102E+00
2026 07 25 05 51 00 000 -1.9573296E+01 -1.7929468E+01 5.2538760E+00
2026 07 25 05 51 30 000 -1.9570747E+01 -1.7927105E+01 5.2622376E+00
2026 07 25 05 52 00 000 -1.9568197E+01 -1.7924739E+01 5.2705950E+00
2026 07 25 05 52 30 000 -1.9565645E+01 -1.7922369E+01 5.2789481E+00
2026 07 25 05 53 00 000 -1.9563092E+01 -1.7919994E+01 5.2872969E+00
2026 07 25 05 53 30 000 -1.9560537E+01 -1.7917616E+01 5.2956414E+00
2026 07 25 05 54 00 000 -1.9557981E+01 -1.7915234E+01 5.3039815E+00
2026 07 25 05 54 30 000 -1.9555424E+01 -1.7912848E+01 5.3123173E+00
2026 07 25 05 55 00 000 -1.9552865E+01 -1.7910458E+01 5.3206486E+00
2026 07 25 05 55 30 000 -1.9550305E+01 -1.7908064E+01 5.3289755E+00
2026 07 25 05 56 00 000 -1.9547744E+01 -1.7905666E+01 5.3372979E+00
2026 07 25 05 56 30 000 -1.9545181E+01 -1.7903264E+01 5.3456159E+00
2026 07 25 05 57 00 000 -1.9542617E+01 -1.7900858E+01 5.3539293E+00
2026 07 25 05 57 30 000 -1.9540052E+01 -1.7898448E+01 5.3622382E+00
2026 07 25 05 58 00 000 -1.9537485E+01 -1.7896035E+01 5.3705425E+00
2026 07 25 05 58 30 000 -1.9534917E+01 -1.7893617E+01 5.3788423E+00
2026 07 25 05 59 00 000 -1.9532347E+01 -1.7891196E+01 5.3871373E+00
2026 07 25 05 59 30 000 -1.9529776E+01 -1.7888771E+01 5.3954278E+00
2026 07 25 06 00 00 000 -1.9527204E+01 -1.7886342E+01 5.4037135E+00
2026 07 25 06 00 30 000 -1.9524630E+01 -1.7883910E+01 5.4119946E+00
2026 07 25 06 01 00 000 -1.9522055E+01 -1.7881473E+01 5.4202709E+00
2026 07 25 06 01 30 000 -1.9519478E+01 -1.7879033E+01 5.4285424E+00
2026 07 25 06 02 00 000 -1.9516900E+01 -1.7876589E+01 5.4368091E+00
2026 07 25 06 02 30 000 -1.9514321E+01 -1.7874142E+01 5.4450711E+00
2026 07 25 06 03 00 000 -1.9511741E+01 -1.7871690E+01 5.4533282E+00
2026 07 25 06 03 30 000 -1.9509159E+01 -1.7869235E+01 5.4615804E+00
2026 07 25 06 04 00 000 -1.9506575E+01 -1.7866776E+01 5.4698277E+00
2026 07 25 06 04 30 000 -1.9503991E+01 -1.7864314E+01 5.4780700E+00
2026 07 25 06 05 00 000 -1.9501404E+01 -1.7861848E+01 5.4863075E+00
2026 07 25 06 05 30 000 -1.9498817E+01 -1.7859378E+01 5.4945399E+00
2026 07 25 06 06 00 000 -1.9496228E+01 -1.7856904E+01 5.5027674E+00
2026 07 25 06 06 30 000 -1.9493638E+01 -1.7854427E+01 5.5109898E+00
2026 07 25 06 07 00 000 -1.9491046E+01 -1.7851946E+01 5.5192071E+00
2026 07 25 06 07 30 000 -1.9488453E+01 -1.7849462E+01 5.5274193E+00
2026 07 25 06 08 00 000 -1.9485859E+01 -1.7846974E+01 5.5356265E+00
2026 07 25 06 08 30 000 -1.9483263E+01 -1.7844482E+01 5.5438284E+00
2026 07 25 06 09 00 000 -1.9480666E+01 -1.7841987E+01 5.5520253E+00
2026 07 25 06 09 30 000 -1.9478068E+01 -1.7839488E+01 5.5602168E+00
2026 07 25 06 10 00 000 -1.9475468E+01 -1.7836986E+01 5.5684032E+00
2026 07 25 06 10 30 000 -1.9472867E+01 -1.7834480E+01 5.5765844E+00
2026 07 25 06 11 00 000 -1.9470264E+01 -1.7831971E+01 5.5847603E+00
2026 07 25 06 11 30 000 -1.9467660E+01 -1.7829458E+01 5.5929309E+00
2026 07 25 06 12 00 000 -1.9465055E+01 -1.7826942E+01 5.6010962E+00
2026 07 25 06 12 30 000 -1.9462448E+01 -1.7824422E+01 5.6092561E+00
2026 07 25 06 13 00 000 -1.9459840E+01 -1.7821899E+01 5.6174106E+00
2026 07 25 06 13 30 000 -1.9457231E+01 -1.7819372E+01 5.6255596E+00
2026 07 25 06 14 00 000 -1.9454620E+01 -1.7816842E+01 5.6337032E+00
2026 07 25 06 14 30 000 -1.9452008E+01 -1.7814309E+01 5.6418414E+00
2026 07 25 06 15 00 000 -1.9449394E+01 -1.7811772E+01 5.6499741E+00
2026 07 25 06 15 30 000 -1.9446779E+01 -1.7809232E+01 5.6581013E+00
2026 07 25 06 16 00 000 -1.9444163E+01 -1.7806688E+01 5.6662230E+00
2026 07 25 06 16 30 000 -1.9441545E+01 -1.7804141E+01 5.6743391E+00
2026 07 25 06 17 00 000 -1.9438926E+01 -1.7801590E+01 5.6824496E+00
2026 07 25 06 17 30 000 -1.9436305E+01 -1.7799037E+01 5.6905545E+00
2026 07 25 06 18 00 000 -1.9433684E+01 -1.7796480E+01 5.6986536E+00
2026 07 25 06 18 30 000 -1.9431060E+01 -1.7793919E+01 5.7067472E+00
2026 07 25 06 19 00 000 -1.9428436E+01 -1.7791356E+01 5.7148350E+00
2026 07 25 06 19 30 000 -1.9425810E+01 -1.7788789E+01 5.7229171E+00
2026 07 25 06 20 00 000 -1.9423183E+01 -1.7786219E+01 5.7309934E+00
2026 07 25 06 20 30 000 -1.9420554E+01 -1.7783645E+01 5.7390640E+00
2026 07 25 06 21 00 000 -1.9417924E+01 -1.7781069E+01 5.7471288E+00
2026 07 25 06 21 30 000 -1.9415292E+01 -1.7778489E+01 5.7551878E+00
2026 07 25 06 22 00 000 -1.9412660E+01 -1.7775906E+01 5.7632409E+00
2026 07 25 06 22 30 000 -1.9410025E+01 -1.7773319E+01 5.7712881E+00
2026 07 25 06 23 00 000 -1.9407390E+01 -1.7770730E+01 5.7793294E+00
2026 07 25 06 23 30 000 -1.9404753E+01 -1.7768137E+01 5.7873647E+00
2026 07 25 06 24 00 000 -1.9402115E+01 -1.7765542E+01 5.7953941E+00
2026 07 25 06 24 30 000 -1.9399475E+01 -1.7762943E+01 5.8034176E+00
2026 07 25 06 25 00 000 -1.9396834E+01 -1.7760341E+01 5.8114350E+00
2026 07 25 06 25 30 000 -1.9394191E+01 -1.7757736E+01 5.8194464E+00
2026 07 25 06 26 00 000 -1.9391547E+01 -1.7755128E+01 5.8274517E+00
2026 07 25 06 26 30 000 -1.9388902E+01 -1.7752517E+01 5.8354509E+00
2026 07 25 06 27 00 000 -1.9386256E+01 -1.7749902E+01 5.8434440E+00
2026 07 25 06 27 30 000 -1.9383608E+01 -1.7747285E+01 5.8514310E+00
2026 07 25 06 28 00 000 -1.9380958E+01 -1.7744665E+01 5.8594118E+00
2026 07 25 06 28 30 000 -1.9378308E+01 -1.7742041E+01 5.8673865E+00
2026 07 25 06 29 00 000 -1.9375655E+01 -1.7739415E+01 5.8753549E+00
2026 07 25 06 29 30 000 -1.9373002E+01 -1.7736786E+01 5.8833171E+00
2026 07 25 06 30 00 000 -1.9370347E+01 -1.7734153E+01 5.8912730E+00
2026 07 25 06 30 30 000 -1.9367691E+01 -1.7731518E+01 5.8992226E+00
2026 07 25 06 31 00 000 -1.9365033E+01 -1.7728880E+01 5.9071659E+00
2026 07 25 06 31 30 000 -1.9362374E+01 -1.7726239E+01 5.9151029E+00
2026 07 25 06 32 00 000 -1.9359714E+01 -1.7723595E+01 5.9230335E+00
2026 07 25 06 32 30 000 -1.9357052E+01 -1.7720948E+01 5.9309577E+00
2026 07 25 06 33 00 000 -1.9354389E+01 -1.7718298E+01 5.9388755E+00
2026 07 25 06 33 30 000 -1.9351725E+01 -1.7715646E+01 5.9467868E+00
2026 07 25 06 34 00 000 -1.9349059E+01 -1.7712990E+01 5.9546917E+00
2026 07 25 06 34 30 000 -1.9346391E+01 -1.7710332E+01 5.9625901E+00
2026 07 25 06 35 00 000 -1.9343723E+01 -1.7707671E+01 5.9704820E+00
2026 07 25 06 35 30 000 -1.9341053E+01 -1.7705007E+01 5.9783673E+00
2026 07 25 06 36 00 000 -1.9338381E+01 -1.7702341E+01 5.9862461E+00
2026 07 25 06 36 30 000 -1.9335708E+01 -1.7699671E+01 5.9941183E+00
2026 07 25 06 37 00 000 -1.9333034E+01 -1.7696999E+01 6.0019839E+00
2026 07 25 06 37 30 000 -1.9330359E+01 -1.7694324E+01 6.0098428E+00
2026 07 25 06 38 00 000 -1.9327682E+01 -1.7691647E+01 6.0176951E+00
2026 07 25 06 38 30 000 -1.9325004E+01 -1.7688967E+01 6.0255406E+00
2026 07 25 06 39 00 000 -1.9322324E+01 -1.7686284E+01 6.0333795E+00
2026 07 25 06 39 30 000 -1.9319643E+01 -1.7683598E+01 6.0412116E+00
2026 07 25 06 40 00 000 -1.9316960E+01 -1.7680910E+01 6.0490370E+00
2026 07 25 06 40 30 000 -1.9314276E+01 -1.7678219E+01 6.0568556E+00
2026 07 25 06 41 00 000 -1.9311591E+01 -1.7675525E+01 6.0646674E+00
2026 07 25 06 41 30 000 -1.9308905E+01 -1.7672829E+01 6.0724723E+00
2026 07 25 06 42 00 000 -1.9306217E+01 -1.7670130E+01 6.0802704E+00
2026 07 25 06 42 30 000 -1.9303527E+01 -1.7667429E+01 6.0880615E+00
2026 07 25 06 43 00 000 -1.9300837E+01 -1.7664725E+01 6.0958458E+00
2026 07 25 06 43 30 000 -1.9298144E+01 -1.7662019E+01 6.1036232E+00
2026 07 25 06 44 00 000 -1.9295451E+01 -1.7659310E+01 6.1113936E+00
2026 07 25 06 44 30 000 -1.9292756E+01 -1.7656598E+01 6.1191570E+00
2026 07 25 06 45 00 000 -1.9290060E+01 -1.7653885E+01 6.1269133E+00
2026 07 25 06 45 30 000 -1.9287362E+01 -1.7651168E+01 6.1346627E+00
2026 07 25 06 46 00 000 -1.9284663E+01 -1.7648449E+01 6.1424050E+00
2026 07 25 06 46 30 000 -1.9281963E+01 -1.7645728E+01 6.1501403E+00
2026 07 25 06 47 00 000 -1.9279261E+01 -1.7643004E+01 6.1578684E+00
2026 07 25 06 47 30 000 -1.9276558E+01 -1.7640278E+01 6.1655894E+00
2026 07 25 06 48 00 000 -1.9273853E+01 -1.7637550E+01 6.1733033E+00
2026 07 25 06 48 30 000 -1.9271147E+01 -1.7634819E+01 6.1810100E+00
2026 07 25 06 49 00 000 -1.9268440E+01 -1.7632085E+01 6.1887095E+00
2026 07 25 06 49 30 000 -1.9265731E+01 -1.7629350E+01 6.1964018E+00
2026 07 25 06 50 00 000 -1.9263021E+01 -1.7626612E+01 6.2040868E+00
2026 07 25 06 50 30 000 -1.9260309E+01 -1.7623872E+01 6.2117646E+00
2026 07 25 06 51 00 000 -1.9257596E+01 -1.7621129E+01 6.2194351E+00
2026 07 25 06 51 30 000 -1.9254882E+01 -1.7618384E+01 6.2270982E+00
2026 07 25 06 52 00 000 -1.9252166E+01 -1.7615637E+01 6.2347540E+00
2026 07 25 06 52 30 000 -1.9249449E+01 -1.7612888E+01 6.2424025E+00
2026 07 25 06 53 00 000 -1.9246731E+01 -1.7610136E+01 6.2500435E+00
2026 07 25 06 53 30 000 -1.9244011E+01 -1.7607382E+01 6.2576772E+00
2026 07 25 06 54 00 000 -1.9241290E+01 -1.7604626E+01 6.2653034E+00
2026 07 25 06 54 30 000 -1.9238567E+01 -1.7601868E+01 6.2729222E+00
2026 07 25 06 55 00 000 -1.9235844E+01 -1.7599108E+01 6.2805334E+00
2026 07 25 06 55 30 000 -1.9233118E+01 -1.7596345E+01 6.2881372E+00
2026 07 25 06 56 00 000 -1.9230392E+01 -1.7593581E+01 6.2957335E+00
2026 07 25 06 56 30 000 -1.9227664E+01 -1.7590814E+01 6.3033222E+00
2026 07 25 06 57 00 000 -1.9224934E+01 -1.7588045E+01 6.3109033E+00
2026 07 25 06 57 30 000 -1.9222203E+01 -1.7585274E+01 6.3184768E+00
2026 07 25 06 58 00 000 -1.9219471E+01 -1.7582501E+01 6.3260428E+00
2026 07 25 06 58 30 000 -1.9216737E+01 -1.7579726E+01 6.3336010E+00
2026 07 25 06 59 00 000 -1.9214002E+01 -1.7576949E+01 6.3411517E+00
2026 07 25 06 59 30 000 -1.9211266E+01 -1.7574170E+01 6.3486945E+00
2026 07 25 07 00 00 000 -1.9208528E+01 -1.7571389E+01 6.3562298E+00
2026 07 25 07 00 30 000 -1.9205789E+01 -1.7568606E+01 6.3637572E+00
2026 07 25 07 01 00 000 -1.9203049E+01 -1.7565821E+01 6.3712770E+00
2026 07 25 07 01 30 000 -1.9200307E+01 -1.7563034E+01 6.3787889E+00
2026 07 25 07 02 00 000 -1.9197563E+01 -1.7560246E+01 6.3862931E+00
2026 07 25 07 02 30 000 -1.9194818E+01 -1.7557455E+01 6.3937895E+00
2026 07 25 07 03 00 000 -1.9192072E+01 -1.7554662E+01 6.4012779E+00
2026 07 25 07 03 30 000 -1.9189325E+01 -1.7551868E+01 6.4087586E+00
2026 07 25 07 04 00 000 -1.9186576E+01 -1.7549071E+01 6.4162313E+00
2026 07 25 07 04 30 000 -1.9183826E+01 -1.7546273E+01 6.4236961E+00
2026 07 25 07 05 00 000 -1.9181074E+01 -1.7543473E+01 6.4311530E+00
2026 07 25 07 05 30 000 -1.9178321E+01 -1.7540671E+01 6.4386019E+00
2026 07 25 07 06 00 000 -1.9175566E+01 -1.7537867E+01 6.4460429E+00
2026 07 25 07 06 30 000 -1.9172811E+01 -1.7535062E+01 6.4534758E+00
2026 07 25 07 07 00 000 -1.9170053E+01 -1.7532255E+01 6.4609007E+00
2026 07 25 07 07 30 000 -1.9167295E+01 -1.7529446E+01 6.4683175E+00
2026 07 25 07 08 00 000 -1.9164535E+01 -1.7526635E+01 6.4757263E+00
2026 07 25 07 08 30 000 -1.9161774E+01 -1.7523823E+01 6.4831270E+00
2026 07 25 07 09 00 000 -1.9159011E+01 -1.7521009E+01 6.4905196E+00
2026 07 25 07 09 30 000 -1.9156247E+01 -1.7518193E+01 6.4979040E+00
2026 07 25 07 10 00 000 -1.9153481E+01 -1.7515376E+01 6.5052803E+00
2026 07 25 07 10 30 000 -1.9150714E+01 -1.7512557E+01 6.5126485E+00
2026 07 25 07 11 00 000 -1.9147946E+01 -1.7509736E+01 6.5200084E+00
2026 07 25 07 11 30 000 -1.9145176E+01 -1.7506914E+01 6.5273600E+00
2026 07 25 07 12 00 000 -1.9142405E+01 -1.7504090E+01 6.5347035E+00
2026 07 25 07 12 30 000 -1.9139633E+01 -1.7501265E+01 6.5420386E+00
2026 07 25 07 13 00 000 -1.9136859E+01 -1.7498438E+01 6.5493655E+00
2026 07 25 07 13 30 000 -1.9134083E+01 -1.7495610E+01 6.5566841E+00
2026 07 25 07 14 00 000 -1.9131307E+01 -1.7492780E+01 6.5639943E+00
2026 07 25 07 14 30 000 -1.9128529E+01 -1.7489948E+01 6.5712962E+00
2026 07 25 07 15 00 000 -1.9125749E+01 -1.7487115E+01 6.5785898E+00
2026 07 25 07 15 30 000 -1.9122968E+01 -1.7484281E+01 6.5858749E+00
2026 07 25 07 16 00 000 -1.9120186E+01 -1.7481445E+01 6.5931516E+00
2026 07 25 07 16 30 000 -1.9117403E+01 -1.7478608E+01 6.6004198E+00
2026 07 25 07 17 00 000 -1.9114618E+01 -1.7475769E+01 6.6076796E+00
2026 07 25 07 17 30 000 -1.9111831E+01 -1.7472929E+01 6.6149310E+00
2026 07 25 07 18 00 000 -1.9109044E+01 -1.7470088E+01 6.6221738E+00
2026 07 25 07 18 30 000 -1.9106254E+01 -1.7467245E+01 6.6294081E+00
2026 07 25 07 19 00 000 -1.9103464E+01 -1.7464401E+01 6.6366338E+00
2026 07 25 07 19 30 000 -1.9100672E+01 -1.7461556E+01 6.6438510E+00
2026 07 25 07 20 00 000 -1.9097879E+01 -1.7458709E+01 6.6510596E+00
2026 07 25 07 20 30 000 -1.9095084E+01 -1.7455861E+01 6.6582595E+00
2026 07 25 07 21 00 000 -1.9092288E+01 -1.7453012E+01 6.6654509E+00
2026 07 25 07 21 30 000 -1.9089490E+01 -1.7450161E+01 6.6726336E+00
2026 07 25 07 22 00 000 -1.9086691E+01 -1.7447309E+01 6.6798076E+00
2026 07 25 07 22 30 000 -1.9083891E+01 -1.7444456E+01 6.6869730E+00
2026 07 25 07 23 00 000 -1.9081089E+01 -1.7441602E+01 6.6941296E+00
2026 07 25 07 23 30 000 -1.9078286E+01 -1.7438747E+01 6.7012775E+00
2026 07 25 07 24 00 000 -1.9075482E+01 -1.7435891E+01 6.7084165E+00
2026 07 25 07 24 30 000 -1.9072676E+01 -1.7433033E+01 6.7155469E+00
2026 07 25 07 25 00 000 -1.9069869E+01 -1.7430174E+01 6.7226685E+00
2026 07 25 07 25 30 000 -1.9067060E+01 -1.7427314E+01 6.7297812E+00
2026 07 25 07 26 00 000 -1.9064250E+01 -1.7424453E+01 6.7368851E+00
2026 07 25 07 26 30 000 -1.9061439E+01 -1.7421591E+01 6.7439802E+00
2026 07 25 07 27 00 000 -1.9058626E+01 -1.7418728E+01 6.7510664E+00
2026 07 25 07 27 30 000 -1.9055812E+01 -1.7415864E+01 6.7581436E+00
2026 07 25 07 28 00 000 -1.9052996E+01 -1.7412999E+01 6.7652120E+00
2026 07 25 07 28 30 000 -1.9050179E+01 -1.7410133E+01 6.7722713E+00
2026 07 25 07 29 00 000 -1.9047361E+01 -1.7407266E+01 6.7793218E+00
2026 07 25 07 29 30 000 -1.9044541E+01 -1.7404398E+01 6.7863633E+00
2026 07 25 07 30 00 000 -1.9041720E+01 -1.7401529E+01 6.7933957E+00
2026 07 25 07 30 30 000 -1.9038897E+01 -1.7398659E+01 6.8004192E+00
2026 07 25 07 31 00 000 -1.9036073E+01 -1.7395788E+01 6.8074336E+00
2026 07 25 07 31 30 000 -1.9033248E+01 -1.7392916E+01 6.8144390E+00
2026 07 25 07 32 00 000 -1.9030421E+01 -1.7390044E+01 6.8214353E+00
2026 07 25 07 32 30 000 -1.9027593E+01 -1.7387170E+01 6.8284224E+00
2026 07 25 07 33 00 000 -1.9024763E+01 -1.7384296E+01 6.8354005E+00
2026 07 25 07 33 30 000 -1.9021932E+01 -1.7381421E+01 6.8423694E+00
2026 07 25 07 34 00 000 -1.9019100E+01 -1.7378545E+01 6.8493291E+00
2026 07 25 07 34 30 000 -1.9016266E+01 -1.7375668E+01 6.8562797E+00
2026 07 25 07 35 00 000 -1.9013431E+01 -1.7372791E+01 6.8632211E+00
2026 07 25 07 35 30 000 -1.9010594E+01 -1.7369913E+01 6.8701532E+00
2026 07 25 07 36 00 000 -1.9007757E+01 -1.7367034E+01 6.8770762E+00
2026 07 25 07 36 30 000 -1.9004917E+01 -1.7364154E+01 6.8839898E+00
2026 07 25 07 37 00 000 -1.9002076E+01 -1.7361274E+01 6.8908942E+00
2026 07 25 07 37 30 000 -1.8999234E+01 -1.7358393E+01 6.8977893E+00
2026 07 25 07 38 00 000 -1.8996391E+01 -1.7355511E+01 6.9046750E+00
2026 07 25 07 38 30 000 -1.8993546E+01 -1.7352629E+01 6.9115515E+00
2026 07 25 07 39 00 000 -1.8990700E+01 -1.7349746E+01 6.9184185E+00
2026 07 25 07 39 30 000 -1.8987852E+01 -1.7346863E+01 6.9252762E+00
2026 07 25 07 40 00 000 -1.8985003E+01 -1.7343979E+01 6.9321245E+00
2026 07 25 07 40 30 000 -1.8982152E+01 -1.7341094E+01 6.9389634E+00
2026 07 25 07 41 00 000 -1.8979300E+01 -1.7338209E+01 6.9457929E+00
2026 07 25 07 41 30 000 -1.8976447E+01 -1.7335323E+01 6.9526129E+00
2026 07 25 07 42 00 000 -1.8973592E+01 -1.7332437E+01 6.9594234E+00
2026 07 25 07 42 30 000 -1.8970736E+01 -1.7329550E+01 6.9662245E+00
2026 07 25 07 43 00 000 -1.8967879E+01 -1.7326663E+01 6.9730160E+00
2026 07 25 07 43 30 000 -1.8965020E+01 -1.7323776E+01 6.9797980E+00
2026 07 25 07 44 00 000 -1.8962160E+01 -1.7320888E+01 6.9865705E+00
2026 07 25 07 44 30 000 -1.8959298E+01 -1.7317999E+01 6.9933334E+00
2026 07 25 07 45 00 000 -1.8956435E+01 -1.7315110E+01 7.0000867E+00
2026 07 25 07 45 30 000 -1.8953571E+01 -1.7312221E+01 7.0068304E+00
2026 07 25 07 46 00 000 -1.8950705E+01 -1.7309332E+01 7.0135645E+00
2026 07 25 07 46 30 000 -1.8947837E+01 -1.7306442E+01 7.0202890E+00
2026 07 25 07 47 00 000 -1.8944969E+01 -1.7303551E+01 7.0270038E+00
2026 07 25 07 47 30 000 -1.8942099E+01 -1.7300661E+01 7.0337089E+00
2026 07 25 07 48 00 000 -1.8939227E+01 -1.7297770E+01 7.0404043E+00
2026 07 25 07 48 30 000 -1.8936354E+01 -1.7294879E+01 7.0470900E+00
2026 07 25 07 49 00 000 -1.8933480E+01 -1.7291987E+01 7.0537660E+00
2026 07 25 07 49 30 000 -1.8930604E+01 -1.7289096E+01 7.0604322E+00
2026 07 25 07 50 00 000 -1.8927727E+01 -1.7286204E+01 7.0670886E+00
2026 07 25 07 50 30 000 -1.8924849E+01 -1.7283312E+01 7.0737353E+00
2026 07 25 07 51 00 000 -1.8921969E+01 -1.7280420E+01 7.0803721E+00
2026 07 25 07 51 30 000 -1.8919088E+01 -1.7277527E+01 7.0869992E+00
2026 07 25 07 52 00 000 -1.8916205E+01 -1.7274635E+01 7.0936164E+00
2026 07 25 07 52 30 000 -1.8913321E+01 -1.7271742E+01 7.1002237E+00
2026 07 25 07 53 00 000 -1.8910436E+01 -1.7268849E+01 7.1068212E+00
2026 07 25 07 53 30 000 -1.8907549E+01 -1.7265957E+01 7.1134087E+00
2026 07 25 07 54 00 000 -1.8904661E+01 -1.7263064E+01 7.1199864E+00
2026 07 25 07 54 30 000 -1.8901771E+01 -1.7260171E+01 7.1265541E+00
2026 07 25 07 55 00 000 -1.8898880E+01 -1.7257278E+01 7.1331118E+00
2026 07 25 07 55 30 000 -1.8895987E+01 -1.7254385E+01 7.1396596E+00
2026 07 25 07 56 00 000 -1.8893094E+01 -1.7251492E+01 7.1461974E+00
2026 07 25 07 56 30 000 -1.8890198E+01 -1.7248599E+01 7.1527252E+00
2026 07 25 07 57 00 000 -1.8887302E+01 -1.7245706E+01 7.1592430E+00
2026 07 25 07 57 30 000 -1.8884404E+01 -1.7242813E+01 7.1657507E+00
2026 07 25 07 58 00 000 -1.8881504E+01 -1.7239920E+01 7.1722484E+00
2026 07 25 07 58 30 000 -1.8878603E+01 -1.7237028E+01 7.1787361E+00
2026 07 25 07 59 00 000 -1.8875701E+01 -1.7234135E+01 7.1852136E+00
2026 07 25 07 59 30 000 -1.8872797E+01 -1.7231243E+01 7.1916810E+00
2026 07 25 08 00 00 000 -1.8869892E+01 -1.7228350E+01 7.1981383E+00
2026 07 25 08 00 30 000 -1.8866986E+01 -1.7225458E+01 7.2045854E+00
2026 07 25 08 01 00 000 -1.8864078E+01 -1.7222567E+01 7.2110224E+00
2026 07 25 08 01 30 000 -1.8861169E+01 -1.7219675E+01 7.2174492E+00
2026 07 25 08 02 00 000 -1.8858258E+01 -1.7216783E+01 7.2238658E+00
2026 07 25 08 02 30 000 -1.8855346E+01 -1.7213892E+01 7.2302722E+00
2026 07 25 08 03 00 000 -1.8852432E+01 -1.7211001E+01 7.2366684E+00
2026 07 25 08 03 30 000 -1.8849517E+01 -1.7208110E+01 7.2430543E+00
2026 07 25 08 04 00 000 -1.8846601E+01 -1.7205220E+01 7.2494300E+00
2026 07 25 08 04 30 000 -1.8843683E+01 -1.7202330E+01 7.2557953E+00
2026 07 25 08 05 00 000 -1.8840764E+01 -1.7199440E+01 7.2621504E+00
2026 07 25 08 05 30 000 -1.8837844E+01 -1.7196551E+01 7.2684951E+00
2026 07 25 08 06 00 000 -1.8834922E+01 -1.7193662E+01 7.2748296E+00
2026 07 25 08 06 30 000 -1.8831999E+01 -1.7190773E+01 7.2811537E+00
2026 07 25 08 07 00 000 -1.8829074E+01 -1.7187885E+01 7.2874674E+00
2026 07 25 08 07 30 000 -1.8826148E+01 -1.7184997E+01 7.2937708E+00
2026 07 25 08 08 00 000 -1.8823220E+01 -1.7182110E+01 7.3000637E+00
2026 07 25 08 08 30 000 -1.8820291E+01 -1.7179223E+01 7.3063462E+00
2026 07 25 08 09 00 000 -1.8817361E+01 -1.7176337E+01 7.3126183E+00
2026 07 25 08 09 30 000 -1.8814429E+01 -1.7173451E+01 7.3188800E+00
2026 07 25 08 10 00 000 -1.8811496E+01 -1.7170566E+01 7.3251311E+00
2026 07 25 08 10 30 000 -1.8808561E+01 -1.7167681E+01 7.3313718E+00
2026 07 25 08 11 00 000 -1.8805625E+01 -1.7164797E+01 7.3376021E+00
2026 07 25 08 11 30 000 -1.8802688E+01 -1.7161913E+01 7.3438218E+00
2026 07 25 08 12 00 000 -1.8799749E+01 -1.7159030E+01 7.3500310E+00
2026 07 25 08 12 30 000 -1.8796809E+01 -1.7156148E+01 7.3562295E+00
2026 07 25 08 13 00 000 -1.8793868E+01 -1.7153266E+01 7.3624176E+00
2026 07 25 08 13 30 000 -1.8790925E+01 -1.7150385E+01 7.3685951E+00
2026 07 25 08 14 00 000 -1.8787980E+01 -1.7147504E+01 7.3747620E+00
2026 07 25 08 14 30 000 -1.8785034E+01 -1.7144624E+01 7.3809182E+00
2026 07 25 08 15 00 000 -1.8782087E+01 -1.7141745E+01 7.3870639E+00
2026 07 25 08 15 30 000 -1.8779139E+01 -1.7138867E+01 7.3931989E+00
2026 07 25 08 16 00 000 -1.8776189E+01 -1.7135989E+01 7.3993232E+00
2026 07 25 08 16 30 000 -1.8773237E+01 -1.7133112E+01 7.4054369E+00
2026 07 25 08 17 00 000 -1.8770284E+01 -1.7130236E+01 7.4115398E+00
2026 07 25 08 17 30 000 -1.8767330E+01 -1.7127361E+01 7.4176321E+00
2026 07 25 08 18 00 000 -1.8764374E+01 -1.7124487E+01 7.4237136E+00
2026 07 25 08 18 30 000 -1.8761417E+01 -1.7121613E+01 7.4297845E+00
2026 07 25 08 19 00 000 -1.8758459E+01 -1.7118740E+01 7.4358445E+00
2026 07 25 08 19 30 000 -1.8755499E+01 -1.7115868E+01 7.4418939E+00
2026 07 25 08 20 00 000 -1.8752538E+01 -1.7112997E+01 7.4479324E+00
2026 07 25 08 20 30 000 -1.8749575E+01 -1.7110127E+01 7.4539601E+00
2026 07 25 08 21 00 000 -1.8746611E+01 -1.7107258E+01 7.4599770E+00
2026 07 25 08 21 30 000 -1.8743645E+01 -1.7104389E+01 7.4659831E+00
2026 07 25 08 22 00 000 -1.8740678E+01 -1.7101522E+01 7.4719783E+00
2026 07 25 08 22 30 000 -1.8737710E+01 -1.7098656E+01 7.4779626E+00
2026 07 25 08 23 00 000 -1.8734740E+01 -1.7095791E+01 7.4839361E+00
2026 07 25 08 23 30 000 -1.8731769E+01 -1.7092926E+01 7.4898987E+00
2026 07 25 08 24 00 000 -1.8728797E+01 -1.7090063E+01 7.4958504E+00
2026 07 25 08 24 30 000 -1.8725823E+01 -1.7087201E+01 7.5017912E+00
2026 07 25 08 25 00 000 -1.8722847E+01 -1.7084340E+01 7.5077210E+00
2026 07 25 08 25 30 000 -1.8719870E+01 -1.7081480E+01 7.5136399E+00
2026 07 25 08 26 00 000 -1.8716892E+01 -1.7078621E+01 7.5195478E+00
2026 07 25 08 26 30 000 -1.8713913E+01 -1.7075763E+01 7.5254447E+00
2026 07 25 08 27 00 000 -1.8710932E+01 -1.7072906E+01 7.5313307E+00
2026 07 25 08 27 30 000 -1.8707949E+01 -1.7070051E+01 7.5372056E+00
2026 07 25 08 28 00 000 -1.8704965E+01 -1.7067196E+01 7.5430695E+00
2026 07 25 08 28 30 000 -1.8701980E+01 -1.7064343E+01 7.5489223E+00
2026 07 25 08 29 00 000 -1.8698993E+01 -1.7061491E+01 7.5547641E+00
2026 07 25 08 29 30 000 -1.8696005E+01 -1.7058641E+01 7.5605949E+00
2026 07 25 08 30 00 000 -1.8693016E+01 -1.7055791E+01 7.5664145E+00
2026 07 25 08 30 30 000 -1.8690025E+01 -1.7052943E+01 7.5722231E+00
2026 07 25 08 31 00 000 -1.8687033E+01 -1.7050096E+01 7.5780205E+00
2026 07 25 08 31 30 000 -1.8684039E+01 -1.7047251E+01 7.5838068E+00
2026 07 25 08 32 00 000 -1.8681044E+01 -1.7044406E+01 7.5895819E+00
2026 07 25 08 32 30 000 -1.8678047E+01 -1.7041564E+01 7.5953459E+00
2026 07 25 08 33 00 000 -1.8675049E+01 -1.7038722E+01 7.6010988E+00
2026 07 25 08 33 30 000 -1.8672050E+01 -1.7035882E+01 7.6068404E+00
2026 07 25 08 34 00 000 -1.8669049E+01 -1.7033043E+01 7.6125708E+00
2026 07 25 08 34 30 000 -1.8666047E+01 -1.7030206E+01 7.6182901E+00
2026 07 25 08 35 00 000 -1.8663043E+01 -1.7027370E+01 7.6239981E+00
2026 07 25 08 35 30 000 -1.8660038E+01 -1.7024536E+01 7.6296948E+00
2026 07 25 08 36 00 000 -1.8657032E+01 -1.7021703E+01 7.6353803E+00
2026 07 25 08 36 30 000 -1.8654024E+01 -1.7018871E+01 7.6410545E+00
2026 07 25 08 37 00 000 -1.8651015E+01 -1.7016041E+01 7.6467175E+00
2026 07 25 08 37 30 000 -1.8648004E+01 -1.7013213E+01 7.6523691E+00
2026 07 25 08 38 00 000 -1.8644992E+01 -1.7010386E+01 7.6580094E+00
2026 07 25 08 38 30 000 -1.8641979E+01 -1.7007561E+01 7.6636384E+00
2026 07 25 08 39 00 000 -1.8638964E+01 -1.7004737E+01 7.6692561E+00
2026 07 25 08 39 30 000 -1.8635947E+01 -1.7001915E+01 7.6748624E+00
2026 07 25 08 40 00 000 -1.8632930E+01 -1.6999094E+01 7.6804573E+00
2026 07 25 08 40 30 000 -1.8629910E+01 -1.6996275E+01 7.6860409E+00
2026 07 25 08 41 00 000 -1.8626890E+01 -1.6993458E+01 7.6916130E+00
2026 07 25 08 41 30 000 -1.8623868E+01 -1.6990642E+01 7.6971738E+00
2026 07 25 08 42 00 000 -1.8620844E+01 -1.6987828E+01 7.7027231E+00
2026 07 25 08 42 30 000 -1.8617820E+01 -1.6985016E+01 7.7082610E+00
2026 07 25 08 43 00 000 -1.8614793E+01 -1.6982206E+01 7.7137875E+00
2026 07 25 08 43 30 000 -1.8611766E+01 -1.6979397E+01 7.7193025E+00
2026 07 25 08 44 00 000 -1.8608737E+01 -1.6976590E+01 7.7248060E+00
2026 07 25 08 44 30 000 -1.8605706E+01 -1.6973785E+01 7.7302980E+00
2026 07 25 08 45 00 000 -1.8602674E+01 -1.6970981E+01 7.7357785E+00
2026 07 25 08 45 30 000 -1.8599641E+01 -1.6968180E+01 7.7412475E+00
2026 07 25 08 46 00 000 -1.8596606E+01 -1.6965380E+01 7.7467050E+00
2026 07 25 08 46 30 000 -1.8593570E+01 -1.6962582E+01 7.7521509E+00
2026 07 25 08 47 00 000 -1.8590533E+01 -1.6959786E+01 7.7575853E+00
2026 07 25 08 47 30 000 -1.8587494E+01 -1.6956992E+01 7.7630081E+00
2026 07 25 08 48 00 000 -1.8584453E+01 -1.6954200E+01 7.7684193E+00
2026 07 25 08 48 30 000 -1.8581411E+01 -1.6951409E+01 7.7738190E+00
2026 07 25 08 49 00 000 -1.8578368E+01 -1.6948621E+01 7.7792070E+00
2026 07 25 08 49 30 000 -1.8575323E+01 -1.6945834E+01 7.7845834E+00
2026 07 25 08 50 00 000 -1.8572277E+01 -1.6943050E+01 7.7899482E+00
2026 07 25 08 50 30 000 -1.8569230E+01 -1.6940267E+01 7.7953013E+00
2026 07 25 08 51 00 000 -1.8566181E+01 -1.6937487E+01 7.8006428E+00
2026 07 25 08 51 30 000 -1.8563131E+01 -1.6934708E+01 7.8059726E+00
2026 07 25 08 52 00 000 -1.8560079E+01 -1.6931932E+01 7.8112907E+00
2026 07 25 08 52 30 000 -1.8557026E+01 -1.6929157E+01 7.8165971E+00
2026 07 25 08 53 00 000 -1.8553971E+01 -1.6926385E+01 7.8218918E+00
2026 07 25 08 53 30 000 -1.8550915E+01 -1.6923615E+01 7.8271748E+00
2026 07 25 08 54 00 000 -1.8547858E+01 -1.6920847E+01 7.8324461E+00
2026 07 25 08 54 30 000 -1.8544799E+01 -1.6918081E+01 7.8377056E+00
2026 07 25 08 55 00 000 -1.8541739E+01 -1.6915317E+01 7.8429533E+00
2026 07 25 08 55 30 000 -1.8538677E+01 -1.6912555E+01 7.8481893E+00
2026 07 25 08 56 00 000 -1.8535614E+01 -1.6909796E+01 7.8534135E+00
2026 07 25 08 56 30 000 -1.8532549E+01 -1.6907038E+01 7.8586259E+00
2026 07 25 08 57 00 000 -1.8529483E+01 -1.6904283E+01 7.8638265E+00
2026 07 25 08 57 30 000 -1.8526416E+01 -1.6901530E+01 7.8690153E+00
2026 07 25 08 58 00 000 -1.8523347E+01 -1.6898780E+01 7.8741922E+00
2026 07 25 08 58 30 000 -1.8520277E+01 -1.6896032E+01 7.8793573E+00
2026 07 25 08 59 00 000 -1.8517205E+01 -1.6893285E+01 7.8845106E+00
2026 07 25 08 59 30 000 -1.8514132E+01 -1.6890542E+01 7.8896519E+00
2026 07 25 09 00 00 000 -1.8511058E+01 -1.6887800E+01 7.8947814E+00
2026 07 25 09 00 30 000 -1.8507982E+01 -1.6885061E+01 7.8998990E+00
2026 07 25 09 01 00 000 -1.8504905E+01 -1.6882324E+01 7.9050047E+00
2026 07 25 09 01 30 000 -1.8501826E+01 -1.6879590E+01 7.9100985E+00
2026 07 25 09 02 00 000 -1.8498746E+01 -1.6876858E+01 7.9151804E+00
2026 07 25 09 02 30 000 -1.8495664E+01 -1.6874128E+01 7.9202503E+00
2026 07 25 09 03 00 000 -1.8492581E+01 -1.6871401E+01 7.9253083E+00
2026 07 25 09 03 30 000 -1.8489497E+01 -1.6868677E+01 7.9303543E+00
2026 07 25 09 04 00 000 -1.8486411E+01 -1.6865954E+01 7.9353883E+00
2026 07 25 09 04 30 000 -1.8483324E+01 -1.6863234E+01 7.9404103E+00
2026 07 25 09 05 00 000 -1.8480235E+01 -1.6860517E+01 7.9454204E+00
2026 07 25 09 05 30 000 -1.8477145E+01 -1.6857802E+01 7.9504184E+00
2026 07 25 09 06 00 000 -1.8474053E+01 -1.6855090E+01 7.9554045E+00
2026 07 25 09 06 30 000 -1.8470961E+01 -1.6852380E+01 7.9603785E+00
2026 07 25 09 07 00 000 -1.8467866E+01 -1.6849673E+01 7.9653404E+00
2026 07 25 09 07 30 000 -1.8464770E+01 -1.6846969E+01 7.9702903E+00
2026 07 25 09 08 00 000 -1.8461673E+01 -1.6844266E+01 7.9752282E+00
2026 07 25 09 08 30 000 -1.8458574E+01 -1.6841567E+01 7.9801539E+00
2026 07 25 09 09 00 000 -1.8455474E+01 -1.6838870E+01 7.9850676E+00
2026 07 25 09 09 30 000 -1.8452373E+01 -1.6836176E+01 7.9899692E+00
2026 07 25 09 10 00 000 -1.8449270E+01 -1.6833485E+01 7.9948586E+00
2026 07 25 09 10 30 000 -1.8446166E+01 -1.6830796E+01 7.9997360E+00
2026 07 25 09 11 00 000 -1.8443060E+01 -1.6828110E+01 8.0046012E+00
2026 07 25 09 11 30 000 -1.8439953E+01 -1.6825426E+01 8.0094543E+00
2026 07 25 09 12 00 000 -1.8436844E+01 -1.6822746E+01 8.0142952E+00
2026 07 25 09 12 30 000 -1.8433734E+01 -1.6820068E+01 8.0191239E+00
2026 07 25 09 13 00 000 -1.8430622E+01 -1.6817392E+01 8.0239405E+00
2026 07 25 09 13 30 000 -1.8427510E+01 -1.6814720E+01 8.0287449E+00
2026 07 25 09 14 00 000 -1.8424395E+01 -1.6812050E+01 8.0335371E+00
2026 07 25 09 14 30 000 -1.8421279E+01 -1.6809384E+01 8.0383171E+00
2026 07 25 09 15 00 000 -1.8418162E+01 -1.6806720E+01 8.0430849E+00
2026 07 25 09 15 30 000 -1.8415044E+01 -1.6804058E+01 8.0478404E+00
2026 07 25 09 16 00 000 -1.8411924E+01 -1.6801400E+01 8.0525837E+00
2026 07 25 09 16 30 000 -1.8408802E+01 -1.6798745E+01 8.0573148E+00
2026 07 25 09 17 00 000 -1.8405679E+01 -1.6796092E+01 8.0620336E+00
2026 07 25 09 17 30 000 -1.8402555E+01 -1.6793443E+01 8.0667401E+00
2026 07 25 09 18 00 000 -1.8399429E+01 -1.6790796E+01 8.0714344E+00
2026 07 25 09 18 30 000 -1.8396302E+01 -1.6788152E+01 8.0761163E+00
2026 07 25 09 19 00 000 -1.8393173E+01 -1.6785511E+01 8.0807860E+00
2026 07 25 09 19 30 000 -1.8390043E+01 -1.6782873E+01 8.0854433E+00
2026 07 25 09 20 00 000 -1.8386912E+01 -1.6780239E+01 8.0900883E+00
2026 07 25 09 20 30 000 -1.8383779E+01 -1.6777607E+01 8.0947210E+00
2026 07 25 09 21 00 000 -1.8380645E+01 -1.6774978E+01 8.0993414E+00
2026 07 25 09 21 30 000 -1.8377509E+01 -1.6772352E+01 8.1039494E+00
2026 07 25 09 22 00 000 -1.8374372E+01 -1.6769729E+01 8.1085450E+00
2026 07 25 09 22 30 000 -1.8371233E+01 -1.6767110E+01 8.1131283E+00
2026 07 25 09 23 00 000 -1.8368093E+01 -1.6764493E+01 8.1176991E+00
2026 07 25 09 23 30 000 -1.8364952E+01 -1.6761880E+01 8.1222576E+00
2026 07 25 09 24 00 000 -1.8361809E+01 -1.6759269E+01 8.1268037E+00
2026 07 25 09 24 30 000 -1.8358665E+01 -1.6756662E+01 8.1313374E+00
2026 07 25 09 25 00 000 -1.8355519E+01 -1.6754058E+01 8.1358586E+00
2026 07 25 09 25 30 000 -1.8352372E+01 -1.6751457E+01 8.1403675E+00
2026 07 25 09 26 00 000 -1.8349223E+01 -1.6748860E+01 8.1448638E+00
2026 07 25 09 26 30 000 -1.8346073E+01 -1.6746265E+01 8.1493478E+00
2026 07 25 09 27 00 000 -1.8342922E+01 -1.6743674E+01 8.1538192E+00
2026 07 25 09 27 30 000 -1.8339769E+01 -1.6741086E+01 8.1582782E+00
2026 07 25 09 28 00 000 -1.8336614E+01 -1.6738501E+01 8.1627248E+00
2026 07 25 09 28 30 000 -1.8333459E+01 -1.6735919E+01 8.1671588E+00
2026 07 25 09 29 00 000 -1.8330302E+01 -1.6733341E+01 8.1715803E+00
2026 07 25 09 29 30 000 -1.8327143E+01 -1.6730766E+01 8.1759894E+00
2026 07 25 09 30 00 000 -1.8323983E+01 -1.6728194E+01 8.1803859E+00
2026 07 25 09 30 30 000 -1.8320821E+01 -1.6725626E+01 8.1847699E+00
2026 07 25 09 31 00 000 -1.8317658E+01 -1.6723061E+01 8.1891413E+00
2026 07 25 09 31 30 000 -1.8314494E+01 -1.6720499E+01 8.1935002E+00
2026 07 25 09 32 00 000 -1.8311328E+01 -1.6717941E+01 8.1978466E+00
2026 07 25 09 32 30 000 -1.8308161E+01 -1.6715386E+01 8.2021804E+00
2026 07 25 09 33 00 000 -1.8304993E+01 -1.6712834E+01 8.2065016E+00
2026 07 25 09 33 30 000 -1.8301822E+01 -1.6710286E+01 8.2108102E+00
2026 07 25 09 34 00 000 -1.8298651E+01 -1.6707742E+01 8.2151062E+00
2026 07 25 09 34 30 000 -1.8295478E+01 -1.6705200E+01 8.2193897E+00
2026 07 25 09 35 00 000 -1.8292304E+01 -1.6702663E+01 8.2236605E+00
2026 07 25 09 35 30 000 -1.8289128E+01 -1.6700128E+01 8.2279188E+00
2026 07 25 09 36 00 000 -1.8285951E+01 -1.6697598E+01 8.2321643E+00
2026 07 25 09 36 30 000 -1.8282772E+01 -1.6695070E+01 8.2363973E+00
2026 07 25 09 37 00 000 -1.8279592E+01 -1.6692546E+01 8.2406176E+00
2026 07 25 09 37 30 000 -1.8276410E+01 -1.6690026E+01 8.2448253E+00
2026 07 25 09 38 00 000 -1.8273227E+01 -1.6687510E+01 8.2490203E+00
2026 07 25 09 38 30 000 -1.8270043E+01 -1.6684996E+01 8.2532026E+00
2026 07 25 09 39 00 000 -1.8266857E+01 -1.6682487E+01 8.2573723E+00
2026 07 25 09 39 30 000 -1.8263670E+01 -1.6679981E+01 8.2615292E+00
2026 07 25 09 40 00 000 -1.8260481E+01 -1.6677479E+01 8.2656735E+00
2026 07 25 09 40 30 000 -1.8257291E+01 -1.6674980E+01 8.2698050E+00
2026 07 25 09 41 00 000 -1.8254099E+01 -1.6672485E+01 8.2739239E+00
2026 07 25 09 41 30 000 -1.8250906E+01 -1.6669994E+01 8.2780301E+00
2026 07 25 09 42 00 000 -1.8247712E+01 -1.6667506E+01 8.2821235E+00
2026 07 25 09 42 30 000 -1.8244516E+01 -1.6665022E+01 8.2862042E+00
2026 07 25 09 43 00 000 -1.8241319E+01 -1.6662542E+01 8.2902721E+00
2026 07 25 09 43 30 000 -1.8238120E+01 -1.6660065E+01 8.2943272E+00
2026 07 25 09 44 00 000 -1.8234920E+01 -1.6657592E+01 8.2983696E+00
2026 07 25 09 44 30 000 -1.8231718E+01 -1.6655123E+01 8.3023992E+00
2026 07 25 09 45 00 000 -1.8228515E+01 -1.6652658E+01 8.3064161E+00
2026 07 25 09 45 30 000 -1.8225310E+01 -1.6650196E+01 8.3104202E+00
2026 07 25 09 46 00 000 -1.8222104E+01 -1.6647738E+01 8.3144115E+00
2026 07 25 09 46 30 000 -1.8218897E+01 -1.6645284E+01 8.3183900E+00
2026 07 25 09 47 00 000 -1.8215688E+01 -1.6642834E+01 8.3223557E+00
2026 07 25 09 47 30 000 -1.8212478E+01 -1.6640388E+01 8.3263085E+00
2026 07 25 09 48 00 000 -1.8209266E+01 -1.6637945E+01 8.3302486E+00
2026 07 25 09 48 30 000 -1.8206053E+01 -1.6635507E+01 8.3341757E+00
2026 07 25 09 49 00 000 -1.8202838E+01 -1.6633072E+01 8.3380901E+00
2026 07 25 09 49 30 000 -1.8199622E+01 -1.6630641E+01 8.3419916E+00
2026 07 25 09 50 00 000 -1.8196405E+01 -1.6628214E+01 8.3458803E+00
2026 07 25 09 50 30 000 -1.8193186E+01 -1.6625791E+01 8.3497560E+00
2026 07 25 09 51 00 000 -1.8189966E+01 -1.6623372E+01 8.3536189E+00
2026 07 25 09 51 30 000 -1.8186744E+01 -1.6620957E+01 8.3574689E+00
2026 07 25 09 52 00 000 -1.8183521E+01 -1.6618546E+01 8.3613061E+00
2026 07 25 09 52 30 000 -1.8180296E+01 -1.6616139E+01 8.3651303E+00
2026 07 25 09 53 00 000 -1.8177070E+01 -1.6613736E+01 8.3689416E+00
2026 07 25 09 53 30 000 -1.8173842E+01 -1.6611337E+01 8.3727401E+00
2026 07 25 09 54 00 000 -1.8170613E+01 -1.6608941E+01 8.3765256E+00
2026 07 25 09 54 30 000 -1.8167383E+01 -1.6606550E+01 8.3802981E+00
2026 07 25 09 55 00 000 -1.8164151E+01 -1.6604163E+01 8.3840578E+00
2026 07 25 09 55 30 000 -1.8160918E+01 -1.6601780E+01 8.3878045E+00
2026 07 25 09 56 00 000 -1.8157683E+01 -1.6599401E+01 8.3915382E+00
2026 07 25 09 56 30 000 -1.8154447E+01 -1.6597027E+01 8.3952590E+00
2026 07 25 09 57 00 000 -1.8151209E+01 -1.6594656E+01 8.3989669E+00
2026 07 25 09 57 30 000 -1.8147970E+01 -1.6592289E+01 8.4026617E+00
2026 07 25 09 58 00 000 -1.8144730E+01 -1.6589927E+01 8.4063436E+00
2026 07 25 09 58 30 000 -1.8141488E+01 -1.6587568E+01 8.4100125E+00
2026 07 25 09 59 00 000 -1.8138244E+01 -1.6585214E+01 8.4136684E+00
2026 07 25 09 59 30 000 -1.8135000E+01 -1.6582864E+01 8.4173114E+00
2026 07 25 10 00 00 000 -1.8131753E+01 -1.6580518E+01 8.4209413E+00
2026 07 25 10 00 30 000 -1.8128506E+01 -1.6578177E+01 8.4245582E+00
2026 07 25 10 01 00 000 -1.8125256E+01 -1.6575839E+01 8.4281621E+00
2026 07 25 10 01 30 000 -1.8122006E+01 -1.6573506E+01 8.4317530E+00
2026 07 25 10 02 00 000 -1.8118754E+01 -1.6571177E+01 8.4353308E+00
2026 07 25 10 02 30 000 -1.8115500E+01 -1.6568853E+01 8.4388956E+00
2026 07 25 10 03 00 000 -1.8112245E+01 -1.6566532E+01 8.4424473E+00
2026 07 25 10 03 30 000 -1.8108989E+01 -1.6564216E+01 8.4459861E+00
2026 07 25 10 04 00 000 -1.8105731E+01 -1.6561904E+01 8.4495117E+00
2026 07 25 10 04 30 000 -1.8102472E+01 -1.6559597E+01 8.4530243E+00
2026 07 25 10 05 00 000 -1.8099211E+01 -1.6557294E+01 8.4565238E+00
2026 07 25 10 05 30 000 -1.8095949E+01 -1.6554995E+01 8.4600102E+00
2026 07 25 10 06 00 000 -1.8092686E+01 -1.6552700E+01 8.4634836E+00
2026 07 25 10 06 30 000 -1.8089420E+01 -1.6550410E+01 8.4669438E+00
2026 07 25 10 07 00 000 -1.8086154E+01 -1.6548124E+01 8.4703910E+00
2026 07 25 10 07 30 000 -1.8082886E+01 -1.6545843E+01 8.4738251E+00
2026 07 25 10 08 00 000 -1.8079617E+01 -1.6543566E+01 8.4772460E+00
2026 07 25 10 08 30 000 -1.8076346E+01 -1.6541293E+01 8.4806538E+00
2026 07 25 10 09 00 000 -1.8073074E+01 -1.6539025E+01 8.4840486E+00
2026 07 25 10 09 30 000 -1.8069800E+01 -1.6536761E+01 8.4874302E+00
2026 07 25 10 10 00 000 -1.8066525E+01 -1.6534502E+01 8.4907986E+00
2026 07 25 10 10 30 000 -1.8063248E+01 -1.6532247E+01 8.4941539E+00
2026 07 25 10 11 00 000 -1.8059970E+01 -1.6529997E+01 8.4974961E+00
2026 07 25 10 11 30 000 -1.8056691E+01 -1.6527751E+01 8.5008251E+00
2026 07 25 10 12 00 000 -1.8053410E+01 -1.6525509E+01 8.5041410E+00
2026 07 25 10 12 30 000 -1.8050127E+01 -1.6523272E+01 8.5074437E+00
2026 07 25 10 13 00 000 -1.8046843E+01 -1.6521040E+01 8.5107332E+00
2026 07 25 10 13 30 000 -1.8043558E+01 -1.6518812E+01 8.5140095E+00
2026 07 25 10 14 00 000 -1.8040271E+01 -1.6516589E+01 8.5172727E+00
2026 07 25 10 14 30 000 -1.8036983E+01 -1.6514370E+01 8.5205227E+00
2026 07 25 10 15 00 000 -1.8033694E+01 -1.6512156E+01 8.5237595E+00
2026 07 25 10 15 30 000 -1.8030403E+01 -1.6509947E+01 8.5269831E+00
2026 07 25 10 16 00 000 -1.8027110E+01 -1.6507742E+01 8.5301934E+00
2026 07 25 10 16 30 000 -1.8023816E+01 -1.6505541E+01 8.5333906E+00
2026 07 25 10 17 00 000 -1.8020521E+01 -1.6503345E+01 8.5365746E+00
2026 07 25 10 17 30 000 -1.8017224E+01 -1.6501154E+01 8.5397453E+00
2026 07 25 10 18 00 000 -1.8013925E+01 -1.6498968E+01 8.5429028E+00
2026 07 25 10 18 30 000 -1.8010626E+01 -1.6496786E+01 8.5460471E+00
2026 07 25 10 19 00 000 -1.8007324E+01 -1.6494609E+01 8.5491782E+00
2026 07 25 10 19 30 000 -1.8004022E+01 -1.6492437E+01 8.5522960E+00
2026 07 25 10 20 00 000 -1.8000718E+01 -1.6490269E+01 8.5554005E+00
2026 07 25 10 20 30 000 -1.7997412E+01 -1.6488106E+01 8.5584918E+00
2026 07 25 10 21 00 000 -1.7994105E+01 -1.6485947E+01 8.5615699E+00
2026 07 25 10 21 30 000 -1.7990797E+01 -1.6483794E+01 8.5646346E+00
2026 07 25 10 22 00 000 -1.7987487E+01 -1.6481645E+01 8.5676862E+00
2026 07 25 10 22 30 000 -1.7984175E+01 -1.6479501E+01 8.5707244E+00
2026 07 25 10 23 00 000 -1.7980862E+01 -1.6477361E+01 8.5737493E+00
2026 07 25 10 23 30 000 -1.7977548E+01 -1.6475227E+01 8.5767610E+00
2026 07 25 10 24 00 000 -1.7974232E+01 -1.6473097E+01 8.5797594E+00
2026 07 25 10 24 30 000 -1.7970915E+01 -1.6470972E+01 8.5827445E+00
2026 07 25 10 25 00 000 -1.7967597E+01 -1.6468852E+01 8.5857163E+00
2026 07 25 10 25 30 000 -1.7964276E+01 -1.6466737E+01 8.5886748E+00
2026 07 25 10 26 00 000 -1.7960955E+01 -1.6464626E+01 8.5916199E+00
2026 07 25 10 26 30 000 -1.7957632E+01 -1.6462520E+01 8.5945518E+00
2026 07 25 10 27 00 000 -1.7954307E+01 -1.6460419E+01 8.5974704E+00
2026 07 25 10 27 30 000 -1.7950982E+01 -1.6458323E+01 8.6003756E+00
2026 07 25 10 28 00 000 -1.7947654E+01 -1.6456232E+01 8.6032675E+00
2026 07 25 10 28 30 000 -1.7944325E+01 -1.6454146E+01 8.6061460E+00
2026 07 25 10 29 00 000 -1.7940995E+01 -1.6452065E+01 8.6090113E+00
2026 07 25 10 29 30 000 -1.7937663E+01 -1.6449988E+01 8.6118631E+00
2026 07 25 10 30 00 000 -1.7934330E+01 -1.6447917E+01 8.6147017E+00
2026 07 25 10 30 30 000 -1.7930996E+01 -1.6445850E+01 8.6175269E+00
2026 07 25 10 31 00 000 -1.7927660E+01 -1.6443789E+01 8.6203387E+00
2026 07 25 10 31 30 000 -1.7924322E+01 -1.6441732E+01 8.6231372E+00
2026 07 25 10 32 00 000 -1.7920983E+01 -1.6439680E+01 8.6259223E+00
2026 07 25 10 32 30 000 -1.7917643E+01 -1.6437634E+01 8.6286940E+00
2026 07 25 10 33 00 000 -1.7914301E+01 -1.6435592E+01 8.6314524E+00
2026 07 25 10 33 30 000 -1.7910957E+01 -1.6433555E+01 8.6341974E+00
2026 07 25 10 34 00 000 -1.7907613E+01 -1.6431523E+01 8.6369290E+00
2026 07 25 10 34 30 000 -1.7904266E+01 -1.6429497E+01 8.6396472E+00
2026 07 25 10 35 00 000 -1.7900919E+01 -1.6427475E+01 8.6423520E+00
2026 07 25 10 35 30 000 -1.7897569E+01 -1.6425458E+01 8.6450435E+00
2026 07 25 10 36 00 000 -1.7894219E+01 -1.6423446E+01 8.6477215E+00
2026 07 25 10 36 30 000 -1.7890867E+01 -1.6421440E+01 8.6503862E+00
2026 07 25 10 37 00 000 -1.7887513E+01 -1.6419438E+01 8.6530374E+00
2026 07 25 10 37 30 000 -1.7884158E+01 -1.6417442E+01 8.6556752E+00
2026 07 25 10 38 00 000 -1.7880802E+01 -1.6415451E+01 8.6582996E+00
2026 07 25 10 38 30 000 -1.7877444E+01 -1.6413464E+01 8.6609106E+00
2026 07 25 10 39 00 000 -1.7874084E+01 -1.6411483E+01 8.6635082E+00
2026 07 25 10 39 30 000 -1.7870724E+01 -1.6409507E+01 8.6660923E+00
2026 07 25 10 40 00 000 -1.7867361E+01 -1.6407536E+01 8.6686631E+00
2026 07 25 10 40 30 000 -1.7863998E+01 -1.6405570E+01 8.6712203E+00
2026 07 25 10 41 00 000 -1.7860632E+01 -1.6403610E+01 8.6737642E+00
2026 07 25 10 41 30 000 -1.7857266E+01 -1.6401654E+01 8.6762946E+00
2026 07 25 10 42 00 000 -1.7853897E+01 -1.6399704E+01 8.6788116E+00
2026 07 25 10 42 30 000 -1.7850528E+01 -1.6397759E+01 8.6813151E+00
2026 07 25 10 43 00 000 -1.7847157E+01 -1.6395819E+01 8.6838052E+00
2026 07 25 10 43 30 000 -1.7843784E+01 -1.6393884E+01 8.6862818E+00
2026 07 25 10 44 00 000 -1.7840410E+01 -1.6391954E+01 8.6887449E+00
2026 07 25 10 44 30 000 -1.7837035E+01 -1.6390030E+01 8.6911946E+00
2026 07 25 10 45 00 000 -1.7833658E+01 -1.6388111E+01 8.6936308E+00
2026 07 25 10 45 30 000 -1.7830280E+01 -1.6386197E+01 8.6960536E+00
2026 07 25 10 46 00 000 -1.7826900E+01 -1.6384288E+01 8.6984629E+00
2026 07 25 10 46 30 000 -1.7823519E+01 -1.6382385E+01 8.7008587E+00
2026 07 25 10 47 00 000 -1.7820136E+01 -1.6380487E+01 8.7032411E+00
2026 07 25 10 47 30 000 -1.7816752E+01 -1.6378594E+01 8.7056099E+00
2026 07 25 10 48 00 000 -1.7813366E+01 -1.6376706E+01 8.7079653E+00
2026 07 25 10 48 30 000 -1.7809979E+01 -1.6374824E+01 8.7103072E+00
2026 07 25 10 49 00 000 -1.7806590E+01 -1.6372947E+01 8.7126356E+00
2026 07 25 10 49 30 000 -1.7803200E+01 -1.6371075E+01 8.7149505E+00
2026 07 25 10 50 00 000 -1.7799809E+01 -1.6369209E+01 8.7172519E+00
2026 07 25 10 50 30 000 -1.7796416E+01 -1.6367348E+01 8.7195398E+00
2026 07 25 10 51 00 000 -1.7793021E+01 -1.6365492E+01 8.7218142E+00
2026 07 25 10 51 30 000 -1.7789625E+01 -1.6363641E+01 8.7240751E+00
2026 07 25 10 52 00 000 -1.7786228E+01 -1.6361796E+01 8.7263225E+00
2026 07 25 10 52 30 000 -1.7782829E+01 -1.6359957E+01 8.7285564E+00
2026 07 25 10 53 00 000 -1.7779429E+01 -1.6358122E+01 8.7307768E+00
2026 07 25 10 53 30 000 -1.7776027E+01 -1.6356293E+01 8.7329837E+00
2026 07 25 10 54 00 000 -1.7772624E+01 -1.6354470E+01 8.7351770E+00
2026 07 25 10 54 30 000 -1.7769219E+01 -1.6352651E+01 8.7373568E+00
2026 07 25 10 55 00 000 -1.7765813E+01 -1.6350838E+01 8.7395231E+00
2026 07 25 10 55 30 000 -1.7762406E+01 -1.6349031E+01 8.7416759E+00
2026 07 25 10 56 00 000 -1.7758997E+01 -1.6347229E+01 8.7438151E+00
2026 07 25 10 56 30 000 -1.7755586E+01 -1.6345432E+01 8.7459408E+00
2026 07 25 10 57 00 000 -1.7752174E+01 -1.6343641E+01 8.7480530E+00
2026 07 25 10 57 30 000 -1.7748761E+01 -1.6341855E+01 8.7501516E+00
2026 07 25 10 58 00 000 -1.7745346E+01 -1.6340075E+01 8.7522368E+00
2026 07 25 10 58 30 000 -1.7741929E+01 -1.6338300E+01 8.7543083E+00
2026 07 25 10 59 00 000 -1.7738511E+01 -1.6336531E+01 8.7563663E+00
2026 07 25 10 59 30 000 -1.7735092E+01 -1.6334767E+01 8.7584108E+00
2026 07 25 11 00 00 000 -1.7731671E+01 -1.6333009E+01 8.7604418E+00
2026 07 25 11 00 30 000 -1.7728249E+01 -1.6331256E+01 8.7624591E+00
2026 07 25 11 01 00 000 -1.7724825E+01 -1.6329508E+01 8.7644630E+00
2026 07 25 11 01 30 000 -1.7721400E+01 -1.6327766E+01 8.7664532E+00
2026 07 25 11 02 00 000 -1.7717974E+01 -1.6326030E+01 8.7684300E+00
2026 07 25 11 02 30 000 -1.7714545E+01 -1.6324299E+01 8.7703931E+00
2026 07 25 11 03 00 000 -1.7711116E+01 -1.6322573E+01 8.7723427E+00
2026 07 25 11 03 30 000 -1.7707685E+01 -1.6320854E+01 8.7742788E+00
2026 07 25 11 04 00 000 -1.7704252E+01 -1.6319139E+01 8.7762013E+00
2026 07 25 11 04 30 000 -1.7700818E+01 -1.6317430E+01 8.7781102E+00
2026 07 25 11 05 00 000 -1.7697383E+01 -1.6315727E+01 8.7800056E+00
2026 07 25 11 05 30 000 -1.7693946E+01 -1.6314029E+01 8.7818873E+00
2026 07 25 11 06 00 000 -1.7690507E+01 -1.6312337E+01 8.7837556E+00
2026 07 25 11 06 30 000 -1.7687067E+01 -1.6310651E+01 8.7856102E+00
2026 07 25 11 07 00 000 -1.7683626E+01 -1.6308970E+01 8.7874513E+00
2026 07 25 11 07 30 000 -1.7680183E+01 -1.6307294E+01 8.7892788E+00
2026 07 25 11 08 00 000 -1.7676739E+01 -1.6305624E+01 8.7910927E+00
2026 07 25 11 08 30 000 -1.7673293E+01 -1.6303960E+01 8.7928931E+00
2026 07 25 11 09 00 000 -1.7669846E+01 -1.6302302E+01 8.7946798E+00
2026 07 25 11 09 30 000 -1.7666397E+01 -1.6300649E+01 8.7964530E+00
2026 07 25 11 10 00 000 -1.7662947E+01 -1.6299001E+01 8.7982126E+00
2026 07 25 11 10 30 000 -1.7659495E+01 -1.6297359E+01 8.7999586E+00
2026 07 25 11 11 00 000 -1.7656042E+01 -1.6295723E+01 8.8016911E+00
2026 07 25 11 11 30 000 -1.7652588E+01 -1.6294093E+01 8.8034099E+00
2026 07 25 11 12 00 000 -1.7649132E+01 -1.6292468E+01 8.8051152E+00
2026 07 25 11 12 30 000 -1.7645674E+01 -1.6290849E+01 8.8068069E+00
2026 07 25 11 13 00 000 -1.7642215E+01 -1.6289235E+01 8.8084850E+00
2026 07 25 11 13 30 000 -1.7638755E+01 -1.6287627E+01 8.8101495E+00
2026 07 25 11 14 00 000 -1.7635293E+01 -1.6286025E+01 8.8118004E+00
2026 07 25 11 14 30 000 -1.7631829E+01 -1.6284428E+01 8.8134377E+00
2026 07 25 11 15 00 000 -1.7628364E+01 -1.6282837E+01 8.8150614E+00
2026 07 25 11 15 30 000 -1.7624898E+01 -1.6281252E+01 8.8166716E+00
2026 07 25 11 16 00 000 -1.7621430E+01 -1.6279673E+01 8.8182681E+00
2026 07 25 11 16 30 000 -1.7617961E+01 -1.6278099E+01 8.8198511E+00
2026 07 25 11 17 00 000 -1.7614490E+01 -1.6276531E+01 8.8214204E+00
2026 07 25 11 17 30 000 -1.7611018E+01 -1.6274968E+01 8.8229762E+00
2026 07 25 11 18 00 000 -1.7607544E+01 -1.6273412E+01 8.8245183E+00
2026 07 25 11 18 30 000 -1.7604069E+01 -1.6271861E+01 8.8260469E+00
2026 07 25 11 19 00 000 -1.7600592E+01 -1.6270316E+01 8.8275618E+00
2026 07 25 11 19 30 000 -1.7597114E+01 -1.6268776E+01 8.8290632E+00
2026 07 25 11 20 00 000 -1.7593634E+01 -1.6267242E+01 8.8305509E+00
2026 07 25 11 20 30 000 -1.7590153E+01 -1.6265714E+01 8.8320251E+00
2026 07 25 11 21 00 000 -1.7586671E+01 -1.6264192E+01 8.8334857E+00
2026 07 25 11 21 30 000 -1.7583186E+01 -1.6262675E+01 8.8349326E+00
2026 07 25 11 22 00 000 -1.7579701E+01 -1.6261165E+01 8.8363660E+00
2026 07 25 11 22 30 000 -1.7576214E+01 -1.6259660E+01 8.8377857E+00
2026 07 25 11 23 00 000 -1.7572725E+01 -1.6258160E+01 8.8391919E+00
2026 07 25 11 23 30 000 -1.7569235E+01 -1.6256667E+01 8.8405844E+00
2026 07 25 11 24 00 000 -1.7565744E+01 -1.6255179E+01 8.8419634E+00
2026 07 25 11 24 30 000 -1.7562251E+01 -1.6253697E+01 8.8433287E+00
2026 07 25 11 25 00 000 -1.7558756E+01 -1.6252221E+01 8.8446805E+00
2026 07 25 11 25 30 000 -1.7555261E+01 -1.6250751E+01 8.8460186E+00
2026 07 25 11 26 00 000 -1.7551763E+01 -1.6249286E+01 8.8473432E+00
2026 07 25 11 26 30 000 -1.7548264E+01 -1.6247827E+01 8.8486541E+00
2026 07 25 11 27 00 000 -1.7544764E+01 -1.6246375E+01 8.8499514E+00
2026 07 25 11 27 30 000 -1.7541262E+01 -1.6244927E+01 8.8512352E+00
2026 07 25 11 28 00 000 -1.7537759E+01 -1.6243486E+01 8.8525053E+00
2026 07 25 11 28 30 000 -1.7534254E+01 -1.6242051E+01 8.8537618E+00
2026 07 25 11 29 00 000 -1.7530748E+01 -1.6240621E+01 8.8550047E+00
2026 07 25 11 29 30 000 -1.7527240E+01 -1.6239197E+01 8.8562341E+00
2026 07 25 11 30 00 000 -1.7523731E+01 -1.6237779E+01 8.8574498E+00
2026 07 25 11 30 30 000 -1.7520221E+01 -1.6236367E+01 8.8586519E+00
2026 07 25 11 31 00 000 -1.7516708E+01 -1.6234961E+01 8.8598404E+00
2026 07 25 11 31 30 000 -1.7513195E+01 -1.6233560E+01 8.8610153E+00
2026 07 25 11 32 00 000 -1.7509680E+01 -1.6232165E+01 8.8621766E+00
2026 07 25 11 32 30 000 -1.7506163E+01 -1.6230776E+01 8.8633244E+00
2026 07 25 11 33 00 000 -1.7502645E+01 -1.6229394E+01 8.8644585E+00
2026 07 25 11 33 30 000 -1.7499125E+01 -1.6228016E+01 8.8655790E+00
2026 07 25 11 34 00 000 -1.7495604E+01 -1.6226645E+01 8.8666859E+00
2026 07 25 11 34 30 000 -1.7492082E+01 -1.6225280E+01 8.8677793E+00
2026 07 25 11 35 00 000 -1.7488558E+01 -1.6223920E+01 8.8688590E+00
2026 07 25 11 35 30 000 -1.7485033E+01 -1.6222567E+01 8.8699251E+00
2026 07 25 11 36 00 000 -1.7481505E+01 -1.6221219E+01 8.8709777E+00
2026 07 25 11 36 30 000 -1.7477977E+01 -1.6219877E+01 8.8720166E+00
2026 07 25 11 37 00 000 -1.7474447E+01 -1.6218541E+01 8.8730420E+00
2026 07 25 11 37 30 000 -1.7470916E+01 -1.6217211E+01 8.8740537E+00
2026 07 25 11 38 00 000 -1.7467383E+01 -1.6215887E+01 8.8750519E+00
2026 07 25 11 38 30 000 -1.7463849E+01 -1.6214568E+01 8.8760365E+00
2026 07 25 11 39 00 000 -1.7460313E+01 -1.6213256E+01 8.8770075E+00
2026 07 25 11 39 30 000 -1.7456775E+01 -1.6211949E+01 8.8779649E+00
2026 07 25 11 40 00 000 -1.7453236E+01 -1.6210648E+01 8.8789088E+00
2026 07 25 11 40 30 000 -1.7449696E+01 -1.6209354E+01 8.8798390E+00
2026 07 25 11 41 00 000 -1.7446154E+01 -1.6208065E+01 8.8807557E+00
2026 07 25 11 41 30 000 -1.7442611E+01 -1.6206782E+01 8.8816588E+00
2026 07 25 11 42 00 000 -1.7439066E+01 -1.6205505E+01 8.8825483E+00
2026 07 25 11 42 30 000 -1.7435520E+01 -1.6204234E+01 8.8834242E+00
2026 07 25 11 43 00 000 -1.7431972E+01 -1.6202968E+01 8.8842865E+00
2026 07 25 11 43 30 000 -1.7428423E+01 -1.6201709E+01 8.8851353E+00
2026 07 25 11 44 00 000 -1.7424872E+01 -1.6200456E+01 8.8859705E+00
2026 07 25 11 44 30 000 -1.7421320E+01 -1.6199208E+01 8.8867921E+00
2026 07 25 11 45 00 000 -1.7417767E+01 -1.6197967E+01 8.8876002E+00
2026 07 25 11 45 30 000 -1.7414212E+01 -1.6196731E+01 8.8883947E+00
2026 07 25 11 46 00 000 -1.7410655E+01 -1.6195501E+01 8.8891756E+00
2026 07 25 11 46 30 000 -1.7407097E+01 -1.6194278E+01 8.8899430E+00
2026 07 25 11 47 00 000 -1.7403537E+01 -1.6193060E+01 8.8906967E+00
2026 07 25 11 47 30 000 -1.7399976E+01 -1.6191848E+01 8.8914370E+00
2026 07 25 11 48 00 000 -1.7396413E+01 -1.6190642E+01 8.8921636E+00
2026 07 25 11 48 30 000 -1.7392849E+01 -1.6189442E+01 8.8928768E+00
2026 07 25 11 49 00 000 -1.7389284E+01 -1.6188248E+01 8.8935763E+00
2026 07 25 11 49 30 000 -1.7385717E+01 -1.6187060E+01 8.8942623E+00
2026 07 25 11 50 00 000 -1.7382148E+01 -1.6185877E+01 8.8949348E+00
2026 07 25 11 50 30 000 -1.7378578E+01 -1.6184701E+01 8.8955937E+00
2026 07 25 11 51 00 000 -1.7375006E+01 -1.6183531E+01 8.8962390E+00
2026 07 25 11 51 30 000 -1.7371433E+01 -1.6182366E+01 8.8968709E+00
2026 07 25 11 52 00 000 -1.7367859E+01 -1.6181208E+01 8.8974891E+00
2026 07 25 11 52 30 000 -1.7364283E+01 -1.6180055E+01 8.8980938E+00
2026 07 25 11 53 00 000 -1.7360705E+01 -1.6178909E+01 8.8986851E+00
2026 07 25 11 53 30 000 -1.7357126E+01 -1.6177768E+01 8.8992627E+00
2026 07 25 11 54 00 000 -1.7353546E+01 -1.6176634E+01 8.8998269E+00
2026 07 25 11 54 30 000 -1.7349964E+01 -1.6175505E+01 8.9003774E+00
2026 07 25 11 55 00 000 -1.7346380E+01 -1.6174382E+01 8.9009146E+00
2026 07 25 11 55 30 000 -1.7342795E+01 -1.6173265E+01 8.9014381E+00
2026 07 25 11 56 00 000 -1.7339209E+01 -1.6172154E+01 8.9019481E+00
2026 07 25 11 56 30 000 -1.7335621E+01 -1.6171049E+01 8.9024446E+00
2026 07 25 11 57 00 000 -1.7332032E+01 -1.6169951E+01 8.9029276E+00
2026 07 25 11 57 30 000 -1.7328441E+01 -1.6168858E+01 8.9033971E+00
2026 07 25 11 58 00 000 -1.7324848E+01 -1.6167771E+01 8.9038531E+00
2026 07 25 11 58 30 000 -1.7321254E+01 -1.6166689E+01 8.9042955E+00
2026 07 25 11 59 00 000 -1.7317659E+01 -1.6165614E+01 8.9047245E+00
2026 07 25 11 59 30 000 -1.7314062E+01 -1.6164545E+01 8.9051399E+00
2026 07 25 12 00 00 000 -1.7310463E+01 -1.6163482E+01 8.9055419E+00
2026 07 25 12 00 30 000 -1.7306863E+01 -1.6162425E+01 8.9059303E+00
2026 07 25 12 01 00 000 -1.7303262E+01 -1.6161373E+01 8.9063053E+00
2026 07 25 12 01 30 000 -1.7299659E+01 -1.6160328E+01 8.9066668E+00
2026 07 25 12 02 00 000 -1.7296055E+01 -1.6159289E+01 8.9070148E+00
2026 07 25 12 02 30 000 -1.7292449E+01 -1.6158255E+01 8.9073493E+00
2026 07 25 12 03 00 000 -1.7288842E+01 -1.6157228E+01 8.9076703E+00
2026 07 25 12 03 30 000 -1.7285233E+01 -1.6156206E+01 8.9079778E+00
2026 07 25 12 04 00 000 -1.7281622E+01 -1.6155191E+01 8.9082719E+00
2026 07 25 12 04 30 000 -1.7278010E+01 -1.6154181E+01 8.9085525E+00
2026 07 25 12 05 00 000 -1.7274397E+01 -1.6153178E+01 8.9088197E+00
2026 07 25 12 05 30 000 -1.7270782E+01 -1.6152180E+01 8.9090733E+00
2026 07 25 12 06 00 000 -1.7267166E+01 -1.6151188E+01 8.9093136E+00
2026 07 25 12 06 30 000 -1.7263548E+01 -1.6150203E+01 8.9095403E+00
2026 07 25 12 07 00 000 -1.7259929E+01 -1.6149223E+01 8.9097537E+00
2026 07 25 12 07 30 000 -1.7256308E+01 -1.6148249E+01 8.9099535E+00
2026 07 25 12 08 00 000 -1.7252686E+01 -1.6147281E+01 8.9101400E+00
2026 07 25 12 08 30 000 -1.7249062E+01 -1.6146319E+01 8.9103129E+00
2026 07 25 12 09 00 000 -1.7245436E+01 -1.6145363E+01 8.9104725E+00
2026 07 25 12 09 30 000 -1.7241809E+01 -1.6144413E+01 8.9106186E+00
2026 07 25 12 10 00 000 -1.7238181E+01 -1.6143469E+01 8.9107513E+00
2026 07 25 12 10 30 000 -1.7234551E+01 -1.6142531E+01 8.9108706E+00
2026 07 25 12 11 00 000 -1.7230920E+01 -1.6141598E+01 8.9109764E+00
2026 07 25 12 11 30 000 -1.7227287E+01 -1.6140672E+01 8.9110689E+00
2026 07 25 12 12 00 000 -1.7223653E+01 -1.6139752E+01 8.9111479E+00
2026 07 25 12 12 30 000 -1.7220017E+01 -1.6138838E+01 8.9112135E+00
2026 07 25 12 13 00 000 -1.7216380E+01 -1.6137929E+01 8.9112658E+00
2026 07 25 12 13 30 000 -1.7212741E+01 -1.6137027E+01 8.9113046E+00
2026 07 25 12 14 00 000 -1.7209101E+01 -1.6136130E+01 8.9113300E+00
2026 07 25 12 14 30 000 -1.7205459E+01 -1.6135239E+01 8.9113421E+00
2026 07 25 12 15 00 000 -1.7201816E+01 -1.6134355E+01 8.9113408E+00
2026 07 25 12 15 30 000 -1.7198171E+01 -1.6133476E+01 8.9113260E+00
2026 07 25 12 16 00 000 -1.7194525E+01 -1.6132603E+01 8.9112980E+00
2026 07 25 12 16 30 000 -1.7190877E+01 -1.6131736E+01 8.9112565E+00
2026 07 25 12 17 00 000 -1.7187228E+01 -1.6130875E+01 8.9112017E+00
2026 07 25 12 17 30 000 -1.7183577E+01 -1.6130020E+01 8.9111335E+00
2026 07 25 12 18 00 000 -1.7179925E+01 -1.6129171E+01 8.9110520E+00
2026 07 25 12 18 30 000 -1.7176271E+01 -1.6128328E+01 8.9109571E+00
2026 07 25 12 19 00 000 -1.7172615E+01 -1.6127490E+01 8.9108489E+00
2026 07 25 12 19 30 000 -1.7168958E+01 -1.6126659E+01 8.9107273E+00
2026 07 25 12 20 00 000 -1.7165300E+01 -1.6125833E+01 8.9105924E+00
2026 07 25 12 20 30 000 -1.7161640E+01 -1.6125014E+01 8.9104442E+00
2026 07 25 12 21 00 000 -1.7157979E+01 -1.6124200E+01 8.9102826E+00
2026 07 25 12 21 30 000 -1.7154316E+01 -1.6123392E+01 8.9101077E+00
2026 07 25 12 22 00 000 -1.7150652E+01 -1.6122590E+01 8.9099196E+00
2026 07 25 12 22 30 000 -1.7146986E+01 -1.6121794E+01 8.9097181E+00
2026 07 25 12 23 00 000 -1.7143319E+01 -1.6121004E+01 8.9095033E+00
2026 07 25 12 23 30 000 -1.7139650E+01 -1.6120220E+01 8.9092752E+00
2026 07 25 12 24 00 000 -1.7135979E+01 -1.6119441E+01 8.9090338E+00
2026 07 25 12 24 30 000 -1.7132308E+01 -1.6118669E+01 8.9087791E+00
2026 07 25 12 25 00 000 -1.7128634E+01 -1.6117902E+01 8.9085112E+00
2026 07 25 12 25 30 000 -1.7124959E+01 -1.6117142E+01 8.9082299E+00
2026 07 25 12 26 00 000 -1.7121283E+01 -1.6116387E+01 8.9079355E+00
2026 07 25 12 26 30 000 -1.7117605E+01 -1.6115638E+01 8.9076277E+00
2026 07 25 12 27 00 000 -1.7113926E+01 -1.6114895E+01 8.9073067E+00
2026 07 25 12 27 30 000 -1.7110245E+01 -1.6114158E+01 8.9069724E+00
2026 07 25 12 28 00 000 -1.7106562E+01 -1.6113426E+01 8.9066249E+00
2026 07 25 12 28 30 000 -1.7102879E+01 -1.6112701E+01 8.9062641E+00
2026 07 25 12 29 00 000 -1.7099193E+01 -1.6111981E+01 8.9058902E+00
2026 07 25 12 29 30 000 -1.7095506E+01 -1.6111267E+01 8.9055030E+00
2026 07 25 12 30 00 000 -1.7091818E+01 -1.6110559E+01 8.9051025E+00
2026 07 25 12 30 30 000 -1.7088128E+01 -1.6109857E+01 8.9046889E+00
2026 07 25 12 31 00 000 -1.7084436E+01 -1.6109161E+01 8.9042620E+00
2026 07 25 12 31 30 000 -1.7080743E+01 -1.6108470E+01 8.9038220E+00
2026 07 25 12 32 00 000 -1.7077049E+01 -1.6107786E+01 8.9033687E+00
2026 07 25 12 32 30 000 -1.7073353E+01 -1.6107107E+01 8.9029023E+00
2026 07 25 12 33 00 000 -1.7069655E+01 -1.6106434E+01 8.9024227E+00
2026 07 25 12 33 30 000 -1.7065956E+01 -1.6105766E+01 8.9019299E+00
2026 07 25 12 34 00 000 -1.7062256E+01 -1.6105105E+01 8.9014239E+00
2026 07 25 12 34 30 000 -1.7058554E+01 -1.6104449E+01 8.9009048E+00
2026 07 25 12 35 00 000 -1.7054850E+01 -1.6103800E+01 8.9003725E+00
2026 07 25 12 35 30 000 -1.7051145E+01 -1.6103156E+01 8.8998271E+00
2026 07 25 12 36 00 000 -1.7047438E+01 -1.6102517E+01 8.8992685E+00
2026 07 25 12 36 30 000 -1.7043730E+01 -1.6101885E+01 8.8986968E+00
2026 07 25 12 37 00 000 -1.7040021E+01 -1.6101258E+01 8.8981119E+00
2026 07 25 12 37 30 000 -1.7036310E+01 -1.6100637E+01 8.8975140E+00
2026 07 25 12 38 00 000 -1.7032597E+01 -1.6100022E+01 8.8969030E+00
2026 07 25 12 38 30 000 -1.7028883E+01 -1.6099413E+01 8.8962788E+00
2026 07 25 12 39 00 000 -1.7025167E+01 -1.6098809E+01 8.8956415E+00
2026 07 25 12 39 30 000 -1.7021450E+01 -1.6098211E+01 8.8949911E+00
2026 07 25 12 40 00 000 -1.7017731E+01 -1.6097619E+01 8.8943276E+00
2026 07 25 12 40 30 000 -1.7014011E+01 -1.6097033E+01 8.8936511E+00
2026 07 25 12 41 00 000 -1.7010289E+01 -1.6096452E+01 8.8929615E+00
2026 07 25 12 41 30 000 -1.7006566E+01 -1.6095878E+01 8.8922588E+00
2026 07 25 12 42 00 000 -1.7002842E+01 -1.6095308E+01 8.8915431E+00
2026 07 25 12 42 30 000 -1.6999115E+01 -1.6094745E+01 8.8908143E+00
2026 07 25 12 43 00 000 -1.6995388E+01 -1.6094187E+01 8.8900725E+00
2026 07 25 12 43 30 000 -1.6991658E+01 -1.6093635E+01 8.8893177E+00
2026 07 25 12 44 00 000 -1.6987928E+01 -1.6093089E+01 8.8885498E+00
2026 07 25 12 44 30 000 -1.6984195E+01 -1.6092549E+01 8.8877689E+00
2026 07 25 12 45 00 000 -1.6980461E+01 -1.6092014E+01 8.8869750E+00
2026 07 25 12 45 30 000 -1.6976726E+01 -1.6091485E+01 8.8861681E+00
2026 07 25 12 46 00 000 -1.6972990E+01 -1.6090961E+01 8.8853482E+00
2026 07 25 12 46 30 000 -1.6969251E+01 -1.6090443E+01 8.8845154E+00
2026 07 25 12 47 00 000 -1.6965511E+01 -1.6089931E+01 8.8836695E+00
2026 07 25 12 47 30 000 -1.6961770E+01 -1.6089425E+01 8.8828107E+00
2026 07 25 12 48 00 000 -1.6958027E+01 -1.6088924E+01 8.8819389E+00
2026 07 25 12 48 30 000 -1.6954283E+01 -1.6088428E+01 8.8810542E+00
2026 07 25 12 49 00 000 -1.6950537E+01 -1.6087939E+01 8.8801565E+00
2026 07 25 12 49 30 000 -1.6946789E+01 -1.6087455E+01 8.8792459E+00
2026 07 25 12 50 00 000 -1.6943040E+01 -1.6086977E+01 8.8783224E+00
2026 07 25 12 50 30 000 -1.6939290E+01 -1.6086504E+01 8.8773859E+00
2026 07 25 12 51 00 000 -1.6935538E+01 -1.6086037E+01 8.8764366E+00
2026 07 25 12 51 30 000 -1.6931784E+01 -1.6085575E+01 8.8754744E+00
2026 07 25 12 52 00 000 -1.6928029E+01 -1.6085120E+01 8.8744992E+00
2026 07 25 12 52 30 000 -1.6924273E+01 -1.6084669E+01 8.8735112E+00
2026 07 25 12 53 00 000 -1.6920515E+01 -1.6084225E+01 8.8725103E+00
2026 07 25 12 53 30 000 -1.6916755E+01 -1.6083786E+01 8.8714965E+00
2026 07 25 12 54 00 000 -1.6912994E+01 -1.6083352E+01 8.8704699E+00
2026 07 25 12 54 30 000 -1.6909231E+01 -1.6082924E+01 8.8694304E+00
2026 07 25 12 55 00 000 -1.6905467E+01 -1.6082502E+01 8.8683781E+00
2026 07 25 12 55 30 000 -1.6901702E+01 -1.6082085E+01 8.8673130E+00
2026 07 25 12 56 00 000 -1.6897934E+01 -1.6081674E+01 8.8662350E+00
2026 07 25 12 56 30 000 -1.6894166E+01 -1.6081268E+01 8.8651443E+00
2026 07 25 12 57 00 000 -1.6890396E+01 -1.6080868E+01 8.8640407E+00
2026 07 25 12 57 30 000 -1.6886624E+01 -1.6080473E+01 8.8629243E+00
2026 07 25 12 58 00 000 -1.6882851E+01 -1.6080084E+01 8.8617952E+00
2026 07 25 12 58 30 000 -1.6879076E+01 -1.6079700E+01 8.8606533E+00
2026 07 25 12 59 00 000 -1.6875299E+01 -1.6079322E+01 8.8594986E+00
2026 07 25 12 59 30 000 -1.6871522E+01 -1.6078949E+01 8.8583312E+00
2026 07 25 13 00 00 000 -1.6867742E+01 -1.6078582E+01 8.8571510E+00
2026 07 25 13 00 30 000 -1.6863961E+01 -1.6078220E+01 8.8559581E+00
2026 07 25 13 01 00 000 -1.6860179E+01 -1.6077864E+01 8.8547525E+00
2026 07 25 13 01 30 000 -1.6856395E+01 -1.6077513E+01 8.8535342E+00
2026 07 25 13 02 00 000 -1.6852610E+01 -1.6077167E+01 8.8523031E+00
2026 07 25 13 02 30 000 -1.6848823E+01 -1.6076827E+01 8.8510594E+00
2026 07 25 13 03 00 000 -1.6845034E+01 -1.6076493E+01 8.8498030E+00
2026 07 25 13 03 30 000 -1.6841244E+01 -1.6076164E+01 8.8485339E+00
2026 07 25 13 04 00 000 -1.6837453E+01 -1.6075840E+01 8.8472521E+00
2026 07 25 13 04 30 000 -1.6833660E+01 -1.6075522E+01 8.8459577E+00
2026 07 25 13 05 00 000 -1.6829865E+01 -1.6075209E+01 8.8446507E+00
2026 07 25 13 05 30 000 -1.6826069E+01 -1.6074901E+01 8.8433310E+00
2026 07 25 13 06 00 000 -1.6822271E+01 -1.6074599E+01 8.8419987E+00
2026 07 25 13 06 30 000 -1.6818472E+01 -1.6074302E+01 8.8406538E+00
2026 07 25 13 07 00 000 -1.6814671E+01 -1.6074011E+01 8.8392963E+00
2026 07 25 13 07 30 000 -1.6810869E+01 -1.6073725E+01 8.8379262E+00
2026 07 25 13 08 00 000 -1.6807065E+01 -1.6073444E+01 8.8365436E+00
2026 07 25 13 08 30 000 -1.6803260E+01 -1.6073168E+01 8.8351483E+00
2026 07 25 13 09 00 000 -1.6799453E+01 -1.6072898E+01 8.8337406E+00
2026 07 25 13 09 30 000 -1.6795645E+01 -1.6072633E+01 8.8323202E+00
2026 07 25 13 10 00 000 -1.6791835E+01 -1.6072374E+01 8.8308874E+00
2026 07 25 13 10 30 000 -1.6788024E+01 -1.6072120E+01 8.8294420E+00
2026 07 25 13 11 00 000 -1.6784211E+01 -1.6071871E+01 8.8279841E+00
2026 07 25 13 11 30 000 -1.6780396E+01 -1.6071627E+01 8.8265137E+00
2026 07 25 13 12 00 000 -1.6776580E+01 -1.6071389E+01 8.8250308E+00
2026 07 25 13 12 30 000 -1.6772763E+01 -1.6071156E+01 8.8235354E+00
2026 07 25 13 13 00 000 -1.6768944E+01 -1.6070928E+01 8.8220276E+00
2026 07 25 13 13 30 000 -1.6765123E+01 -1.6070705E+01 8.8205073E+00
2026 07 25 13 14 00 000 -1.6761301E+01 -1.6070488E+01 8.8189746E+00
2026 07 25 13 14 30 000 -1.6757477E+01 -1.6070276E+01 8.8174294E+00
2026 07 25 13 15 00 000 -1.6753652E+01 -1.6070068E+01 8.8158718E+00
2026 07 25 13 15 30 000 -1.6749825E+01 -1.6069867E+01 8.8143018E+00
2026 07 25 13 16 00 000 -1.6745997E+01 -1.6069670E+01 8.8127194E+00
2026 07 25 13 16 30 000 -1.6742167E+01 -1.6069479E+01 8.8111247E+00
2026 07 25 13 17 00 000 -1.6738336E+01 -1.6069292E+01 8.8095175E+00
2026 07 25 13 17 30 000 -1.6734503E+01 -1.6069111E+01 8.8078980E+00
2026 07 25 13 18 00 000 -1.6730669E+01 -1.6068935E+01 8.8062662E+00
2026 07 25 13 18 30 000 -1.6726833E+01 -1.6068764E+01 8.8046220E+00
2026 07 25 13 19 00 000 -1.6722995E+01 -1.6068598E+01 8.8029655E+00
2026 07 25 13 19 30 000 -1.6719156E+01 -1.6068438E+01 8.8012967E+00
2026 07 25 13 20 00 000 -1.6715316E+01 -1.6068282E+01 8.7996156E+00
2026 07 25 13 20 30 000 -1.6711474E+01 -1.6068132E+01 8.7979222E+00
2026 07 25 13 21 00 000 -1.6707630E+01 -1.6067986E+01 8.7962165E+00
2026 07 25 13 21 30 000 -1.6703785E+01 -1.6067846E+01 8.7944986E+00
2026 07 25 13 22 00 000 -1.6699938E+01 -1.6067711E+01 8.7927684E+00
2026 07 25 13 22 30 000 -1.6696090E+01 -1.6067580E+01 8.7910260E+00
2026 07 25 13 23 00 000 -1.6692240E+01 -1.6067455E+01 8.7892714E+00
2026 07 25 13 23 30 000 -1.6688389E+01 -1.6067335E+01 8.7875045E+00
2026 07 25 13 24 00 000 -1.6684536E+01 -1.6067220E+01 8.7857255E+00
2026 07 25 13 24 30 000 -1.6680682E+01 -1.6067109E+01 8.7839343E+00
2026 07 25 13 25 00 000 -1.6676826E+01 -1.6067004E+01 8.7821309E+00
2026 07 25 13 25 30 000 -1.6672969E+01 -1.6066904E+01 8.7803153E+00
2026 07 25 13 26 00 000 -1.6669110E+01 -1.6066809E+01 8.7784876E+00
2026 07 25 13 26 30 000 -1.6665249E+01 -1.6066718E+01 8.7766478E+00
2026 07 25 13 27 00 000 -1.6661387E+01 -1.6066633E+01 8.7747959E+00
2026 07 25 13 27 30 000 -1.6657523E+01 -1.6066552E+01 8.7729319E+00
2026 07 25 13 28 00 000 -1.6653658E+01 -1.6066477E+01 8.7710557E+00
2026 07 25 13 28 30 000 -1.6649792E+01 -1.6066406E+01 8.7691675E+00
2026 07 25 13 29 00 000 -1.6645923E+01 -1.6066340E+01 8.7672672E+00
2026 07 25 13 29 30 000 -1.6642053E+01 -1.6066280E+01 8.7653549E+00
2026 07 25 13 30 00 000 -1.6638182E+01 -1.6066224E+01 8.7634306E+00
2026 07 25 13 30 30 000 -1.6634309E+01 -1.6066172E+01 8.7614942E+00
2026 07 25 13 31 00 000 -1.6630435E+01 -1.6066126E+01 8.7595458E+00
2026 07 25 13 31 30 000 -1.6626559E+01 -1.6066085E+01 8.7575854E+00
2026 07 25 13 32 00 000 -1.6622682E+01 -1.6066048E+01 8.7556131E+00
2026 07 25 13 32 30 000 -1.6618803E+01 -1.6066016E+01 8.7536288E+00
2026 07 25 13 33 00 000 -1.6614922E+01 -1.6065989E+01 8.7516325E+00
2026 07 25 13 33 30 000 -1.6611040E+01 -1.6065967E+01 8.7496243E+00
2026 07 25 13 34 00 000 -1.6607157E+01 -1.6065949E+01 8.7476042E+00
2026 07 25 13 34 30 000 -1.6603271E+01 -1.6065936E+01 8.7455721E+00
2026 07 25 13 35 00 000 -1.6599385E+01 -1.6065928E+01 8.7435282E+00
2026 07 25 13 35 30 000 -1.6595497E+01 -1.6065925E+01 8.7414724E+00
2026 07 25 13 36 00 000 -1.6591607E+01 -1.6065927E+01 8.7394047E+00
2026 07 25 13 36 30 000 -1.6587715E+01 -1.6065933E+01 8.7373252E+00
2026 07 25 13 37 00 000 -1.6583823E+01 -1.6065944E+01 8.7352338E+00
2026 07 25 13 37 30 000 -1.6579928E+01 -1.6065959E+01 8.7331306E+00
2026 07 25 13 38 00 000 -1.6576032E+01 -1.6065979E+01 8.7310157E+00
2026 07 25 13 38 30 000 -1.6572135E+01 -1.6066004E+01 8.7288889E+00
2026 07 25 13 39 00 000 -1.6568236E+01 -1.6066034E+01 8.7267504E+00
2026 07 25 13 39 30 000 -1.6564335E+01 -1.6066068E+01 8.7246001E+00
2026 07 25 13 40 00 000 -1.6560433E+01 -1.6066106E+01 8.7224380E+00
2026 07 25 13 40 30 000 -1.6556530E+01 -1.6066150E+01 8.7202643E+00
2026 07 25 13 41 00 000 -1.6552624E+01 -1.6066197E+01 8.7180788E+00
2026 07 25 13 41 30 000 -1.6548718E+01 -1.6066250E+01 8.7158816E+00
2026 07 25 13 42 00 000 -1.6544809E+01 -1.6066307E+01 8.7136727E+00
2026 07 25 13 42 30 000 -1.6540899E+01 -1.6066368E+01 8.7114522E+00
2026 07 25 13 43 00 000 -1.6536988E+01 -1.6066435E+01 8.7092200E+00
2026 07 25 13 43 30 000 -1.6533075E+01 -1.6066505E+01 8.7069762E+00
2026 07 25 13 44 00 000 -1.6529161E+01 -1.6066580E+01 8.7047208E+00
2026 07 25 13 44 30 000 -1.6525245E+01 -1.6066660E+01 8.7024537E+00
2026 07 25 13 45 00 000 -1.6521327E+01 -1.6066744E+01 8.7001751E+00
2026 07 25 13 45 30 000 -1.6517408E+01 -1.6066832E+01 8.6978849E+00
2026 07 25 13 46 00 000 -1.6513487E+01 -1.6066925E+01 8.6955832E+00
2026 07 25 13 46 30 000 -1.6509565E+01 -1.6067023E+01 8.6932699E+00
2026 07 25 13 47 00 000 -1.6505641E+01 -1.6067125E+01 8.6909451E+00
2026 07 25 13 47 30 000 -1.6501716E+01 -1.6067231E+01 8.6886088E+00
2026 07 25 13 48 00 000 -1.6497789E+01 -1.6067341E+01 8.6862610E+00
2026 07 25 13 48 30 000 -1.6493861E+01 -1.6067456E+01 8.6839017E+00
2026 07 25 13 49 00 000 -1.6489931E+01 -1.6067576E+01 8.6815310E+00
2026 07 25 13 49 30 000 -1.6485999E+01 -1.6067699E+01 8.6791489E+00
2026 07 25 13 50 00 000 -1.6482066E+01 -1.6067827E+01 8.6767553E+00
2026 07 25 13 50 30 000 -1.6478131E+01 -1.6067959E+01 8.6743503E+00
2026 07 25 13 51 00 000 -1.6474195E+01 -1.6068096E+01 8.6719340E+00
2026 07 25 13 51 30 000 -1.6470257E+01 -1.6068237E+01 8.6695062E+00
2026 07 25 13 52 00 000 -1.6466318E+01 -1.6068382E+01 8.6670671E+00
2026 07 25 13 52 30 000 -1.6462377E+01 -1.6068531E+01 8.6646167E+00
2026 07 25 13 53 00 000 -1.6458435E+01 -1.6068685E+01 8.6621550E+00
2026 07 25 13 53 30 000 -1.6454491E+01 -1.6068843E+01 8.6596819E+00
2026 07 25 13 54 00 000 -1.6450545E+01 -1.6069005E+01 8.6571976E+00
2026 07 25 13 54 30 000 -1.6446598E+01 -1.6069171E+01 8.6547020E+00
2026 07 25 13 55 00 000 -1.6442650E+01 -1.6069342E+01 8.6521951E+00
2026 07 25 13 55 30 000 -1.6438699E+01 -1.6069516E+01 8.6496770E+00
2026 07 25 13 56 00 000 -1.6434748E+01 -1.6069695E+01 8.6471477E+00
2026 07 25 13 56 30 000 -1.6430794E+01 -1.6069878E+01 8.6446073E+00
2026 07 25 13 57 00 000 -1.6426839E+01 -1.6070065E+01 8.6420556E+00
2026 07 25 13 57 30 000 -1.6422883E+01 -1.6070256E+01 8.6394928E+00
2026 07 25 13 58 00 000 -1.6418925E+01 -1.6070451E+01 8.6369188E+00
2026 07 25 13 58 30 000 -1.6414966E+01 -1.6070651E+01 8.6343337E+00
2026 07 25 13 59 00 000 -1.6411005E+01 -1.6070854E+01 8.6317375E+00
2026 07 25 13 59 30 000 -1.6407042E+01 -1.6071062E+01 8.6291301E+00
2026 07 25 14 00 00 000 -1.6403078E+01 -1.6071273E+01 8.6265118E+00
2026 07 25 14 00 30 000 -1.6399112E+01 -1.6071489E+01 8.6238823E+00
2026 07 25 14 01 00 000 -1.6395145E+01 -1.6071708E+01 8.6212419E+00
2026 07 25 14 01 30 000 -1.6391176E+01 -1.6071932E+01 8.6185904E+00
2026 07 25 14 02 00 000 -1.6387206E+01 -1.6072159E+01 8.6159279E+00
2026 07 25 14 02 30 000 -1.6383234E+01 -1.6072390E+01 8.6132545E+00
2026 07 25 14 03 00 000 -1.6379261E+01 -1.6072625E+01 8.6105701E+00
2026 07 25 14 03 30 000 -1.6375285E+01 -1.6072865E+01 8.6078748E+00
2026 07 25 14 04 00 000 -1.6371309E+01 -1.6073108E+01 8.6051685E+00
2026 07 25 14 04 30 000 -1.6367331E+01 -1.6073355E+01 8.6024514E+00
2026 07 25 14 05 00 000 -1.6363351E+01 -1.6073605E+01 8.5997233E+00
2026 07 25 14 05 30 000 -1.6359370E+01 -1.6073860E+01 8.5969844E+00
2026 07 25 14 06 00 000 -1.6355387E+01 -1.6074119E+01 8.5942347E+00
2026 07 25 14 06 30 000 -1.6351402E+01 -1.6074381E+01 8.5914741E+00
2026 07 25 14 07 00 000 -1.6347416E+01 -1.6074647E+01 8.5887027E+00
2026 07 25 14 07 30 000 -1.6343429E+01 -1.6074917E+01 8.5859206E+00
2026 07 25 14 08 00 000 -1.6339440E+01 -1.6075191E+01 8.5831277E+00
2026 07 25 14 08 30 000 -1.6335449E+01 -1.6075468E+01 8.5803240E+00
2026 07 25 14 09 00 000 -1.6331457E+01 -1.6075749E+01 8.5775096E+00
2026 07 25 14 09 30 000 -1.6327463E+01 -1.6076034E+01 8.5746845E+00
2026 07 25 14 10 00 000 -1.6323468E+01 -1.6076323E+01 8.5718487E+00
2026 07 25 14 10 30 000 -1.6319471E+01 -1.6076615E+01 8.5690022E+00
2026 07 25 14 11 00 000 -1.6315472E+01 -1.6076911E+01 8.5661451E+00
2026 07 25 14 11 30 000 -1.6311472E+01 -1.6077210E+01 8.5632774E+00
2026 07 25 14 12 00 000 -1.6307471E+01 -1.6077513E+01 8.5603991E+00
2026 07 25 14 12 30 000 -1.6303467E+01 -1.6077820E+01 8.5575101E+00
2026 07 25 14 13 00 000 -1.6299463E+01 -1.6078131E+01 8.5546107E+00
2026 07 25 14 13 30 000 -1.6295456E+01 -1.6078445E+01 8.5517006E+00
2026 07 25 14 14 00 000 -1.6291449E+01 -1.6078762E+01 8.5487801E+00
2026 07 25 14 14 30 000 -1.6287439E+01 -1.6079083E+01 8.5458490E+00
2026 07 25 14 15 00 000 -1.6283428E+01 -1.6079408E+01 8.5429075E+00
2026 07 25 14 15 30 000 -1.6279416E+01 -1.6079736E+01 8.5399555E+00
2026 07 25 14 16 00 000 -1.6275401E+01 -1.6080067E+01 8.5369930E+00
2026 07 25 14 16 30 000 -1.6271386E+01 -1.6080403E+01 8.5340202E+00
2026 07 25 14 17 00 000 -1.6267368E+01 -1.6080741E+01 8.5310369E+00
2026 07 25 14 17 30 000 -1.6263350E+01 -1.6081083E+01 8.5280433E+00
2026 07 25 14 18 00 000 -1.6259329E+01 -1.6081428E+01 8.5250393E+00
2026 07 25 14 18 30 000 -1.6255307E+01 -1.6081777E+01 8.5220250E+00
2026 07 25 14 19 00 000 -1.6251284E+01 -1.6082129E+01 8.5190003E+00
2026 07 25 14 19 30 000 -1.6247259E+01 -1.6082485E+01 8.5159654E+00
2026 07 25 14 20 00 000 -1.6243232E+01 -1.6082844E+01 8.5129202E+00
2026 07 25 14 20 30 000 -1.6239204E+01 -1.6083206E+01 8.5098647E+00
2026 07 25 14 21 00 000 -1.6235174E+01 -1.6083572E+01 8.5067991E+00
2026 07 25 14 21 30 000 -1.6231142E+01 -1.6083941E+01 8.5037232E+00
2026 07 25 14 22 00 000 -1.6227110E+01 -1.6084313E+01 8.5006371E+00
2026 07 25 14 22 30 000 -1.6223075E+01 -1.6084688E+01 8.4975409E+00
2026 07 25 14 23 00 000 -1.6219039E+01 -1.6085067E+01 8.4944345E+00
2026 07 25 14 23 30 000 -1.6215001E+01 -1.6085449E+01 8.4913180E+00
2026 07 25 14 24 00 000 -1.6210962E+01 -1.6085834E+01 8.4881914E+00
2026 07 25 14 24 30 000 -1.6206921E+01 -1.6086222E+01 8.4850548E+00
2026 07 25 14 25 00 000 -1.6202879E+01 -1.6086613E+01 8.4819081E+00
2026 07 25 14 25 30 000 -1.6198835E+01 -1.6087008E+01 8.4787513E+00
2026 07 25 14 26 00 000 -1.6194789E+01 -1.6087406E+01 8.4755846E+00
2026 07 25 14 26 30 000 -1.6190742E+01 -1.6087807E+01 8.4724079E+00
2026 07 25 14 27 00 000 -1.6186694E+01 -1.6088210E+01 8.4692212E+00
2026 07 25 14 27 30 000 -1.6182643E+01 -1.6088617E+01 8.4660246E+00
2026 07 25 14 28 00 000 -1.6178591E+01 -1.6089028E+01 8.4628180E+00
2026 07 25 14 28 30 000 -1.6174538E+01 -1.6089441E+01 8.4596016E+00
2026 07 25 14 29 00 000 -1.6170483E+01 -1.6089857E+01 8.4563752E+00
2026 07 25 14 29 30 000 -1.6166427E+01 -1.6090276E+01 8.4531391E+00
2026 07 25 14 30 00 000 -1.6162368E+01 -1.6090698E+01 8.4498931E+00
2026 07 25 14 30 30 000 -1.6158309E+01 -1.6091123E+01 8.4466373E+00
2026 07 25 14 31 00 000 -1.6154247E+01 -1.6091551E+01 8.4433717E+00
2026 07 25 14 31 30 000 -1.6150185E+01 -1.6091982E+01 8.4400964E+00
2026 07 25 14 32 00 000 -1.6146120E+01 -1.6092416E+01 8.4368114E+00
2026 07 25 14 32 30 000 -1.6142054E+01 -1.6092853E+01 8.4335166E+00
2026 07 25 14 33 00 000 -1.6137987E+01 -1.6093293E+01 8.4302122E+00
2026 07 25 14 33 30 000 -1.6133917E+01 -1.6093735E+01 8.4268981E+00
2026 07 25 14 34 00 000 -1.6129847E+01 -1.6094181E+01 8.4235744E+00
2026 07 25 14 34 30 000 -1.6125774E+01 -1.6094629E+01 8.4202410E+00
2026 07 25 14 35 00 000 -1.6121701E+01 -1.6095080E+01 8.4168981E+00
2026 07 25 14 35 30 000 -1.6117625E+01 -1.6095533E+01 8.4135456E+00
2026 07 25 14 36 00 000 -1.6113548E+01 -1.6095990E+01 8.4101835E+00
2026 07 25 14 36 30 000 -1.6109469E+01 -1.6096449E+01 8.4068120E+00
2026 07 25 14 37 00 000 -1.6105389E+01 -1.6096911E+01 8.4034309E+00
2026 07 25 14 37 30 000 -1.6101307E+01 -1.6097376E+01 8.4000404E+00
2026 07 25 14 38 00 000 -1.6097224E+01 -1.6097843E+01 8.3966405E+00
2026 07 25 14 38 30 000 -1.6093139E+01 -1.6098313E+01 8.3932311E+00
2026 07 25 14 39 00 000 -1.6089053E+01 -1.6098786E+01 8.3898123E+00
2026 07 25 14 39 30 000 -1.6084965E+01 -1.6099261E+01 8.3863842E+00
2026 07 25 14 40 00 000 -1.6080875E+01 -1.6099739E+01 8.3829467E+00
2026 07 25 14 40 30 000 -1.6076784E+01 -1.6100220E+01 8.3794999E+00
2026 07 25 14 41 00 000 -1.6072691E+01 -1.6100703E+01 8.3760438E+00
2026 07 25 14 41 30 000 -1.6068596E+01 -1.6101188E+01 8.3725785E+00
2026 07 25 14 42 00 000 -1.6064500E+01 -1.6101676E+01 8.3691039E+00
2026 07 25 14 42 30 000 -1.6060403E+01 -1.6102167E+01 8.3656200E+00
2026 07 25 14 43 00 000 -1.6056304E+01 -1.6102660E+01 8.3621270E+00
2026 07 25 14 43 30 000 -1.6052203E+01 -1.6103156E+01 8.3586248E+00
2026 07 25 14 44 00 000 -1.6048101E+01 -1.6103654E+01 8.3551135E+00
2026 07 25 14 44 30 000 -1.6043997E+01 -1.6104154E+01 8.3515930E+00
2026 07 25 14 45 00 000 -1.6039891E+01 -1.6104657E+01 8.3480635E+00
2026 07 25 14 45 30 000 -1.6035784E+01 -1.6105162E+01 8.3445249E+00
2026 07 25 14 46 00 000 -1.6031675E+01 -1.6105670E+01 8.3409773E+00
2026 07 25 14 46 30 000 -1.6027565E+01 -1.6106180E+01 8.3374206E+00
2026 07 25 14 47 00 000 -1.6023453E+01 -1.6106692E+01 8.3338550E+00
2026 07 25 14 47 30 000 -1.6019340E+01 -1.6107207E+01 8.3302803E+00
2026 07 25 14 48 00 000 -1.6015225E+01 -1.6107724E+01 8.3266968E+00
2026 07 25 14 48 30 000 -1.6011108E+01 -1.6108243E+01 8.3231044E+00
2026 07 25 14 49 00 000 -1.6006990E+01 -1.6108764E+01 8.3195030E+00
2026 07 25 14 49 30 000 -1.6002870E+01 -1.6109288E+01 8.3158928E+00
2026 07 25 14 50 00 000 -1.5998749E+01 -1.6109813E+01 8.3122738E+00
2026 07 25 14 50 30 000 -1.5994626E+01 -1.6110341E+01 8.3086459E+00
2026 07 25 14 51 00 000 -1.5990501E+01 -1.6110872E+01 8.3050093E+00
2026 07 25 14 51 30 000 -1.5986375E+01 -1.6111404E+01 8.3013639E+00
2026 07 25 14 52 00 000 -1.5982247E+01 -1.6111938E+01 8.2977098E+00
2026 07 25 14 52 30 000 -1.5978118E+01 -1.6112475E+01 8.2940471E+00
2026 07 25 14 53 00 000 -1.5973987E+01 -1.6113014E+01 8.2903756E+00
2026 07 25 14 53 30 000 -1.5969855E+01 -1.6113554E+01 8.2866955E+00
2026 07 25 14 54 00 000 -1.5965721E+01 -1.6114097E+01 8.2830067E+00
2026 07 25 14 54 30 000 -1.5961585E+01 -1.6114642E+01 8.2793094E+00
2026 07 25 14 55 00 000 -1.5957448E+01 -1.6115189E+01 8.2756035E+00
2026 07 25 14 55 30 000 -1.5953309E+01 -1.6115737E+01 8.2718891E+00
2026 07 25 14 56 00 000 -1.5949168E+01 -1.6116288E+01 8.2681662E+00
2026 07 25 14 56 30 000 -1.5945026E+01 -1.6116841E+01 8.2644348E+00
2026 07 25 14 57 00 000 -1.5940882E+01 -1.6117395E+01 8.2606949E+00
2026 07 25 14 57 30 000 -1.5936737E+01 -1.6117952E+01 8.2569466E+00
2026 07 25 14 58 00 000 -1.5932590E+01 -1.6118510E+01 8.2531899E+00
2026 07 25 14 58 30 000 -1.5928442E+01 -1.6119071E+01 8.2494248E+00
2026 07 25 14 59 00 000 -1.5924292E+01 -1.6119633E+01 8.2456514E+00
2026 07 25 14 59 30 000 -1.5920140E+01 -1.6120197E+01 8.2418697E+00
2026 07 25 15 00 00 000 -1.5915987E+01 -1.6120762E+01 8.2380797E+00
2026 07 25 15 00 30 000 -1.5911832E+01 -1.6121330E+01 8.2342814E+00
2026 07 25 15 01 00 000 -1.5907676E+01 -1.6121899E+01 8.2304749E+00
2026 07 25 15 01 30 000 -1.5903518E+01 -1.6122470E+01 8.2266602E+00
2026 07 25 15 02 00 000 -1.5899359E+01 -1.6123043E+01 8.2228373E+00
2026 07 25 15 02 30 000 -1.5895197E+01 -1.6123617E+01 8.2190063E+00
2026 07 25 15 03 00 000 -1.5891035E+01 -1.6124193E+01 8.2151671E+00
2026 07 25 15 03 30 000 -1.5886870E+01 -1.6124771E+01 8.2113199E+00
2026 07 25 15 04 00 000 -1.5882704E+01 -1.6125350E+01 8.2074646E+00
2026 07 25 15 04 30 000 -1.5878537E+01 -1.6125931E+01 8.2036012E+00
2026 07 25 15 05 00 000 -1.5874368E+01 -1.6126514E+01 8.1997299E+00
2026 07 25 15 05 30 000 -1.5870197E+01 -1.6127098E+01 8.1958505E+00
2026 07 25 15 06 00 000 -1.5866024E+01 -1.6127684E+01 8.1919633E+00
2026 07 25 15 06 30 000 -1.5861851E+01 -1.6128271E+01 8.1880681E+00
2026 07 25 15 07 00 000 -1.5857675E+01 -1.6128860E+01 8.1841650E+00
2026 07 25 15 07 30 000 -1.5853498E+01 -1.6129450E+01 8.1802541E+00
2026 07 25 15 08 00 000 -1.5849319E+01 -1.6130041E+01 8.1763353E+00
2026 07 25 15 08 30 000 -1.5845139E+01 -1.6130634E+01 8.1724088E+00
2026 07 25 15 09 00 000 -1.5840957E+01 -1.6131229E+01 8.1684745E+00
2026 07 25 15 09 30 000 -1.5836773E+01 -1.6131825E+01 8.1645324E+00
2026 07 25 15 10 00 000 -1.5832588E+01 -1.6132422E+01 8.1605826E+00
2026 07 25 15 10 30 000 -1.5828401E+01 -1.6133021E+01 8.1566251E+00
2026 07 25 15 11 00 000 -1.5824213E+01 -1.6133621E+01 8.1526600E+00
2026 07 25 15 11 30 000 -1.5820023E+01 -1.6134222E+01 8.1486873E+00
2026 07 25 15 12 00 000 -1.5815831E+01 -1.6134825E+01 8.1447069E+00
2026 07 25 15 12 30 000 -1.5811638E+01 -1.6135429E+01 8.1407190E+00
2026 07 25 15 13 00 000 -1.5807443E+01 -1.6136034E+01 8.1367236E+00
2026 07 25 15 13 30 000 -1.5803247E+01 -1.6136640E+01 8.1327206E+00
2026 07 25 15 14 00 000 -1.5799049E+01 -1.6137248E+01 8.1287102E+00
2026 07 25 15 14 30 000 -1.5794849E+01 -1.6137856E+01 8.1246924E+00
2026 07 25 15 15 00 000 -1.5790648E+01 -1.6138466E+01 8.1206671E+00
2026 07 25 15 15 30 000 -1.5786445E+01 -1.6139077E+01 8.1166344E+00
2026 07 25 15 16 00 000 -1.5782241E+01 -1.6139690E+01 8.1125944E+00
2026 07 25 15 16 30 000 -1.5778035E+01 -1.6140303E+01 8.1085471E+00
2026 07 25 15 17 00 000 -1.5773827E+01 -1.6140917E+01 8.1044925E+00
2026 07 25 15 17 30 000 -1.5769618E+01 -1.6141533E+01 8.1004306E+00
2026 07 25 15 18 00 000 -1.5765407E+01 -1.6142149E+01 8.0963615E+00
2026 07 25 15 18 30 000 -1.5761195E+01 -1.6142767E+01 8.0922852E+00
2026 07 25 15 19 00 000 -1.5756981E+01 -1.6143385E+01 8.0882017E+00
2026 07 25 15 19 30 000 -1.5752765E+01 -1.6144005E+01 8.0841111E+00
2026 07 25 15 20 00 000 -1.5748548E+01 -1.6144625E+01 8.0800133E+00
2026 07 25 15 20 30 000 -1.5744329E+01 -1.6145247E+01 8.0759085E+00
2026 07 25 15 21 00 000 -1.5740109E+01 -1.6145869E+01 8.0717967E+00
2026 07 25 15 21 30 000 -1.5735887E+01 -1.6146492E+01 8.0676779E+00
2026 07 25 15 22 00 000 -1.5731663E+01 -1.6147116E+01 8.0635520E+00
2026 07 25 15 22 30 000 -1.5727438E+01 -1.6147741E+01 8.0594192E+00
2026 07 25 15 23 00 000 -1.5723211E+01 -1.6148367E+01 8.0552795E+00
2026 07 25 15 23 30 000 -1.5718982E+01 -1.6148993E+01 8.0511329E+00
2026 07 25 15 24 00 000 -1.5714752E+01 -1.6149621E+01 8.0469795E+00
2026 07 25 15 24 30 000 -1.5710521E+01 -1.6150249E+01 8.0428192E+00
2026 07 25 15 25 00 000 -1.5706287E+01 -1.6150877E+01 8.0386521E+00
2026 07 25 15 25 30 000 -1.5702052E+01 -1.6151507E+01 8.0344783E+00
2026 07 25 15 26 00 000 -1.5697816E+01 -1.6152137E+01 8.0302977E+00
2026 07 25 15 26 30 000 -1.5693578E+01 -1.6152768E+01 8.0261105E+00
2026 07 25 15 27 00 000 -1.5689338E+01 -1.6153400E+01 8.0219165E+00
2026 07 25 15 27 30 000 -1.5685096E+01 -1.6154032E+01 8.0177160E+00
2026 07 25 15 28 00 000 -1.5680853E+01 -1.6154664E+01 8.0135088E+00
2026 07 25 15 28 30 000 -1.5676609E+01 -1.6155298E+01 8.0092951E+00
2026 07 25 15 29 00 000 -1.5672363E+01 -1.6155932E+01 8.0050748E+00
2026 07 25 15 29 30 000 -1.5668115E+01 -1.6156566E+01 8.0008481E+00
2026 07 25 15 30 00 000 -1.5663865E+01 -1.6157201E+01 7.9966148E+00
2026 07 25 15 30 30 000 -1.5659614E+01 -1.6157837E+01 7.9923752E+00
2026 07 25 15 31 00 000 -1.5655362E+01 -1.6158473E+01 7.9881291E+00
2026 07 25 15 31 30 000 -1.5651107E+01 -1.6159109E+01 7.9838766E+00
2026 07 25 15 32 00 000 -1.5646851E+01 -1.6159746E+01 7.9796178E+00
2026 07 25 15 32 30 000 -1.5642594E+01 -1.6160383E+01 7.9753527E+00
2026 07 25 15 33 00 000 -1.5638335E+01 -1.6161021E+01 7.9710813E+00
2026 07 25 15 33 30 000 -1.5634074E+01 -1.6161659E+01 7.9668037E+00
2026 07 25 15 34 00 000 -1.5629811E+01 -1.6162298E+01 7.9625198E+00
2026 07 25 15 34 30 000 -1.5625548E+01 -1.6162936E+01 7.9582298E+00
2026 07 25 15 35 00 000 -1.5621282E+01 -1.6163575E+01 7.9539337E+00
2026 07 25 15 35 30 000 -1.5617015E+01 -1.6164215E+01 7.9496314E+00
2026 07 25 15 36 00 000 -1.5612746E+01 -1.6164855E+01 7.9453230E+00
2026 07 25 15 36 30 000 -1.5608475E+01 -1.6165494E+01 7.9410086E+00
2026 07 25 15 37 00 000 -1.5604203E+01 -1.6166134E+01 7.9366882E+00
2026 07 25 15 37 30 000 -1.5599930E+01 -1.6166775E+01 7.9323618E+00
2026 07 25 15 38 00 000 -1.5595654E+01 -1.6167415E+01 7.9280295E+00
2026 07 25 15 38 30 000 -1.5591377E+01 -1.6168056E+01 7.9236912E+00
2026 07 25 15 39 00 000 -1.5587099E+01 -1.6168697E+01 7.9193471E+00
2026 07 25 15 39 30 000 -1.5582819E+01 -1.6169338E+01 7.9149971E+00
2026 07 25 15 40 00 000 -1.5578537E+01 -1.6169979E+01 7.9106414E+00
2026 07 25 15 40 30 000 -1.5574253E+01 -1.6170620E+01 7.9062798E+00
2026 07 25 15 41 00 000 -1.5569968E+01 -1.6171261E+01 7.9019125E+00
2026 07 25 15 41 30 000 -1.5565682E+01 -1.6171902E+01 7.8975395E+00
2026 07 25 15 42 00 000 -1.5561393E+01 -1.6172543E+01 7.8931609E+00
2026 07 25 15 42 30 000 -1.5557103E+01 -1.6173184E+01 7.8887766E+00
2026 07 25 15 43 00 000 -1.5552812E+01 -1.6173825E+01 7.8843867E+00
2026 07 25 15 43 30 000 -1.5548519E+01 -1.6174466E+01 7.8799912E+00
2026 07 25 15 44 00 000 -1.5544224E+01 -1.6175107E+01 7.8755901E+00
2026 07 25 15 44 30 000 -1.5539927E+01 -1.6175748E+01 7.8711836E+00
2026 07 25 15 45 00 000 -1.5535629E+01 -1.6176388E+01 7.8667716E+00
2026 07 25 15 45 30 000 -1.5531330E+01 -1.6177029E+01 7.8623542E+00
2026 07 25 15 46 00 000 -1.5527028E+01 -1.6177669E+01 7.8579314E+00
2026 07 25 15 46 30 000 -1.5522725E+01 -1.6178309E+01 7.8535032E+00
2026 07 25 15 47 00 000 -1.5518421E+01 -1.6178949E+01 7.8490697E+00
2026 07 25 15 47 30 000 -1.5514115E+01 -1.6179589E+01 7.8446309E+00
2026 07 25 15 48 00 000 -1.5509807E+01 -1.6180229E+01 7.8401868E+00
2026 07 25 15 48 30 000 -1.5505498E+01 -1.6180868E+01 7.8357374E+00
2026 07 25 15 49 00 000 -1.5501187E+01 -1.6181507E+01 7.8312829E+00
2026 07 25 15 49 30 000 -1.5496874E+01 -1.6182145E+01 7.8268233E+00
2026 07 25 15 50 00 000 -1.5492560E+01 -1.6182784E+01 7.8223585E+00
2026 07 25 15 50 30 000 -1.5488244E+01 -1.6183422E+01 7.8178887E+00
2026 07 25 15 51 00 000 -1.5483926E+01 -1.6184059E+01 7.8134137E+00
2026 07 25 15 51 30 000 -1.5479607E+01 -1.6184696E+01 7.8089338E+00
2026 07 25 15 52 00 000 -1.5475286E+01 -1.6185333E+01 7.8044489E+00
2026 07 25 15 52 30 000 -1.5470964E+01 -1.6185969E+01 7.7999590E+00
2026 07 25 15 53 00 000 -1.5466640E+01 -1.6186605E+01 7.7954642E+00
2026 07 25 15 53 30 000 -1.5462314E+01 -1.6187240E+01 7.7909646E+00
2026 07 25 15 54 00 000 -1.5457987E+01 -1.6187875E+01 7.7864601E+00
2026 07 25 15 54 30 000 -1.5453658E+01 -1.6188509E+01 7.7819508E+00
2026 07 25 15 55 00 000 -1.5449327E+01 -1.6189143E+01 7.7774368E+00
2026 07 25 15 55 30 000 -1.5444995E+01 -1.6189776E+01 7.7729180E+00
2026 07 25 15 56 00 000 -1.5440661E+01 -1.6190409E+01 7.7683945E+00
2026 07 25 15 56 30 000 -1.5436326E+01 -1.6191041E+01 7.7638664E+00
2026 07 25 15 57 00 000 -1.5431988E+01 -1.6191672E+01 7.7593336E+00
2026 07 25 15 57 30 000 -1.5427650E+01 -1.6192302E+01 7.7547963E+00
2026 07 25 15 58 00 000 -1.5423309E+01 -1.6192932E+01 7.7502544E+00
2026 07 25 15 58 30 000 -1.5418967E+01 -1.6193562E+01 7.7457079E+00
2026 07 25 15 59 00 000 -1.5414624E+01 -1.6194190E+01 7.7411570E+00
2026 07 25 15 59 30 000 -1.5410278E+01 -1.6194818E+01 7.7366017E+00
2026 07 25 16 00 00 000 -1.5405931E+01 -1.6195445E+01 7.7320419E+00
2026 07 25 16 00 30 000 -1.5401583E+01 -1.6196071E+01 7.7274778E+00
2026 07 25 16 01 00 000 -1.5397233E+01 -1.6196696E+01 7.7229093E+00
2026 07 25 16 01 30 000 -1.5392881E+01 -1.6197321E+01 7.7183365E+00
2026 07 25 16 02 00 000 -1.5388527E+01 -1.6197945E+01 7.7137594E+00
2026 07 25 16 02 30 000 -1.5384172E+01 -1.6198568E+01 7.7091782E+00
2026 07 25 16 03 00 000 -1.5379816E+01 -1.6199189E+01 7.7045927E+00
2026 07 25 16 03 30 000 -1.5375457E+01 -1.6199810E+01 7.7000031E+00
2026 07 25 16 04 00 000 -1.5371097E+01 -1.6200431E+01 7.6954093E+00
2026 07 25 16 04 30 000 -1.5366735E+01 -1.6201050E+01 7.6908115E+00
2026 07 25 16 05 00 000 -1.5362372E+01 -1.6201668E+01 7.6862096E+00
2026 07 25 16 05 30 000 -1.5358007E+01 -1.6202285E+01 7.6816038E+00
2026 07 25 16 06 00 000 -1.5353641E+01 -1.6202901E+01 7.6769939E+00
2026 07 25 16 06 30 000 -1.5349272E+01 -1.6203516E+01 7.6723801E+00
2026 07 25 16 07 00 000 -1.5344903E+01 -1.6204130E+01 7.6677625E+00
2026 07 25 16 07 30 000 -1.5340531E+01 -1.6204743E+01 7.6631409E+00
2026 07 25 16 08 00 000 -1.5336158E+01 -1.6205355E+01 7.6585155E+00
2026 07 25 16 08 30 000 -1.5331783E+01 -1.6205966E+01 7.6538864E+00
2026 07 25 16 09 00 000 -1.5327407E+01 -1.6206575E+01 7.6492535E+00
2026 07 25 16 09 30 000 -1.5323029E+01 -1.6207183E+01 7.6446168E+00
2026 07 25 16 10 00 000 -1.5318649E+01 -1.6207791E+01 7.6399765E+00
2026 07 25 16 10 30 000 -1.5314268E+01 -1.6208397E+01 7.6353326E+00
2026 07 25 16 11 00 000 -1.5309885E+01 -1.6209001E+01 7.6306851E+00
2026 07 25 16 11 30 000 -1.5305500E+01 -1.6209605E+01 7.6260339E+00
2026 07 25 16 12 00 000 -1.5301114E+01 -1.6210207E+01 7.6213793E+00
2026 07 25 16 12 30 000 -1.5296726E+01 -1.6210808E+01 7.6167212E+00
2026 07 25 16 13 00 000 -1.5292336E+01 -1.6211408E+01 7.6120596E+00
2026 07 25 16 13 30 000 -1.5287945E+01 -1.6212006E+01 7.6073946E+00
2026 07 25 16 14 00 000 -1.5283552E+01 -1.6212603E+01 7.6027262E+00
2026 07 25 16 14 30 000 -1.5279158E+01 -1.6213198E+01 7.5980545E+00
2026 07 25 16 15 00 000 -1.5274761E+01 -1.6213792E+01 7.5933795E+00
2026 07 25 16 15 30 000 -1.5270364E+01 -1.6214385E+01 7.5887012E+00
2026 07 25 16 16 00 000 -1.5265964E+01 -1.6214977E+01 7.5840197E+00
2026 07 25 16 16 30 000 -1.5261563E+01 -1.6215566E+01 7.5793349E+00
2026 07 25 16 17 00 000 -1.5257160E+01 -1.6216155E+01 7.5746471E+00
2026 07 25 16 17 30 000 -1.5252756E+01 -1.6216742E+01 7.5699561E+00
2026 07 25 16 18 00 000 -1.5248350E+01 -1.6217327E+01 7.5652620E+00
2026 07 25 16 18 30 000 -1.5243942E+01 -1.6217911E+01 7.5605649E+00
2026 07 25 16 19 00 000 -1.5239533E+01 -1.6218493E+01 7.5558648E+00
2026 07 25 16 19 30 000 -1.5235122E+01 -1.6219074E+01 7.5511618E+00
2026 07 25 16 20 00 000 -1.5230709E+01 -1.6219653E+01 7.5464558E+00
2026 07 25 16 20 30 000 -1.5226295E+01 -1.6220230E+01 7.5417469E+00
2026 07 25 16 21 00 000 -1.5221879E+01 -1.6220806E+01 7.5370352E+00
2026 07 25 16 21 30 000 -1.5217461E+01 -1.6221380E+01 7.5323206E+00
2026 07 25 16 22 00 000 -1.5213042E+01 -1.6221952E+01 7.5276033E+00
2026 07 25 16 22 30 000 -1.5208621E+01 -1.6222523E+01 7.5228833E+00
2026 07 25 16 23 00 000 -1.5204198E+01 -1.6223092E+01 7.5181605E+00
2026 07 25 16 23 30 000 -1.5199774E+01 -1.6223659E+01 7.5134351E+00
2026 07 25 16 24 00 000 -1.5195348E+01 -1.6224225E+01 7.5087071E+00
2026 07 25 16 24 30 000 -1.5190921E+01 -1.6224788E+01 7.5039764E+00
2026 07 25 16 25 00 000 -1.5186492E+01 -1.6225350E+01 7.4992433E+00
2026 07 25 16 25 30 000 -1.5182061E+01 -1.6225910E+01 7.4945076E+00
2026 07 25 16 26 00 000 -1.5177628E+01 -1.6226469E+01 7.4897695E+00
2026 07 25 16 26 30 000 -1.5173194E+01 -1.6227025E+01 7.4850289E+00
2026 07 25 16 27 00 000 -1.5168758E+01 -1.6227579E+01 7.4802859E+00
2026 07 25 16 27 30 000 -1.5164321E+01 -1.6228132E+01 7.4755406E+00
2026 07 25 16 28 00 000 -1.5159882E+01 -1.6228683E+01 7.4707930E+00
2026 07 25 16 28 30 000 -1.5155441E+01 -1.6229231E+01 7.4660431E+00
2026 07 25 16 29 00 000 -1.5150999E+01 -1.6229778E+01 7.4612909E+00
2026 07 25 16 29 30 000 -1.5146555E+01 -1.6230323E+01 7.4565366E+00
2026 07 25 16 30 00 000 -1.5142109E+01 -1.6230866E+01 7.4517801E+00
2026 07 25 16 30 30 000 -1.5137662E+01 -1.6231406E+01 7.4470215E+00
2026 07 25 16 31 00 000 -1.5133213E+01 -1.6231945E+01 7.4422607E+00
2026 07 25 16 31 30 000 -1.5128762E+01 -1.6232482E+01 7.4374980E+00
2026 07 25 16 32 00 000 -1.5124309E+01 -1.6233016E+01 7.4327332E+00
2026 07 25 16 32 30 000 -1.5119855E+01 -1.6233549E+01 7.4279665E+00
2026 07 25 16 33 00 000 -1.5115400E+01 -1.6234079E+01 7.4231978E+00
2026 07 25 16 33 30 000 -1.5110942E+01 -1.6234607E+01 7.4184273E+00
2026 07 25 16 34 00 000 -1.5106483E+01 -1.6235133E+01 7.4136549E+00
2026 07 25 16 34 30 000 -1.5102023E+01 -1.6235657E+01 7.4088807E+00
2026 07 25 16 35 00 000 -1.5097560E+01 -1.6236178E+01 7.4041047E+00
2026 07 25 16 35 30 000 -1.5093096E+01 -1.6236698E+01 7.3993270E+00
2026 07 25 16 36 00 000 -1.5088631E+01 -1.6237215E+01 7.3945475E+00
2026 07 25 16 36 30 000 -1.5084163E+01 -1.6237730E+01 7.3897665E+00
2026 07 25 16 37 00 000 -1.5079694E+01 -1.6238242E+01 7.3849838E+00
2026 07 25 16 37 30 000 -1.5075224E+01 -1.6238753E+01 7.3801995E+00
2026 07 25 16 38 00 000 -1.5070751E+01 -1.6239261E+01 7.3754137E+00
2026 07 25 16 38 30 000 -1.5066277E+01 -1.6239766E+01 7.3706264E+00
2026 07 25 16 39 00 000 -1.5061802E+01 -1.6240270E+01 7.3658376E+00
2026 07 25 16 39 30 000 -1.5057325E+01 -1.6240771E+01 7.3610475E+00
2026 07 25 16 40 00 000 -1.5052846E+01 -1.6241269E+01 7.3562559E+00
2026 07 25 16 40 30 000 -1.5048365E+01 -1.6241765E+01 7.3514630E+00
2026 07 25 16 41 00 000 -1.5043883E+01 -1.6242259E+01 7.3466687E+00
2026 07 25 16 41 30 000 -1.5039399E+01 -1.6242750E+01 7.3418733E+00
2026 07 25 16 42 00 000 -1.5034913E+01 -1.6243239E+01 7.3370765E+00
2026 07 25 16 42 30 000 -1.5030426E+01 -1.6243725E+01 7.3322786E+00
2026 07 25 16 43 00 000 -1.5025937E+01 -1.6244209E+01 7.3274796E+00
2026 07 25 16 43 30 000 -1.5021446E+01 -1.6244690E+01 7.3226794E+00
2026 07 25 16 44 00 000 -1.5016954E+01 -1.6245169E+01 7.3178782E+00
2026 07 25 16 44 30 000 -1.5012460E+01 -1.6245645E+01 7.3130760E+00
2026 07 25 16 45 00 000 -1.5007964E+01 -1.6246119E+01 7.3082727E+00
2026 07 25 16 45 30 000 -1.5003467E+01 -1.6246589E+01 7.3034685E+00
2026 07 25 16 46 00 000 -1.4998968E+01 -1.6247058E+01 7.2986634E+00
2026 07 25 16 46 30 000 -1.4994467E+01 -1.6247523E+01 7.2938574E+00
2026 07 25 16 47 00 000 -1.4989965E+01 -1.6247986E+01 7.2890506E+00
2026 07 25 16 47 30 000 -1.4985461E+01 -1.6248447E+01 7.2842430E+00
2026 07 25 16 48 00 000 -1.4980955E+01 -1.6248904E+01 7.2794346E+00
2026 07 25 16 48 30 000 -1.4976448E+01 -1.6249359E+01 7.2746255E+00
2026 07 25 16 49 00 000 -1.4971939E+01 -1.6249811E+01 7.2698157E+00
2026 07 25 16 49 30 000 -1.4967428E+01 -1.6250261E+01 7.2650053E+00
2026 07 25 16 50 00 000 -1.4962916E+01 -1.6250708E+01 7.2601943E+00
2026 07 25 16 50 30 000 -1.4958402E+01 -1.6251151E+01 7.2553828E+00
2026 07 25 16 51 00 000 -1.4953886E+01 -1.6251593E+01 7.2505707E+00
2026 07 25 16 51 30 000 -1.4949369E+01 -1.6252031E+01 7.2457581E+00
2026 07 25 16 52 00 000 -1.4944850E+01 -1.6252466E+01 7.2409451E+00
2026 07 25 16 52 30 000 -1.4940329E+01 -1.6252899E+01 7.2361317E+00
2026 07 25 16 53 00 000 -1.4935807E+01 -1.6253329E+01 7.2313180E+00
2026 07 25 16 53 30 000 -1.4931283E+01 -1.6253755E+01 7.2265039E+00
2026 07 25 16 54 00 000 -1.4926757E+01 -1.6254179E+01 7.2216895E+00
2026 07 25 16 54 30 000 -1.4922229E+01 -1.6254600E+01 7.2168749E+00
2026 07 25 16 55 00 000 -1.4917700E+01 -1.6255018E+01 7.2120601E+00
2026 07 25 16 55 30 000 -1.4913169E+01 -1.6255433E+01 7.2072451E+00
2026 07 25 16 56 00 000 -1.4908637E+01 -1.6255845E+01 7.2024300E+00
2026 07 25 16 56 30 000 -1.4904103E+01 -1.6256254E+01 7.1976148E+00
2026 07 25 16 57 00 000 -1.4899567E+01 -1.6256660E+01 7.1927996E+00
2026 07 25 16 57 30 000 -1.4895030E+01 -1.6257063E+01 7.1879844E+00
2026 07 25 16 58 00 000 -1.4890490E+01 -1.6257463E+01 7.1831692E+00
2026 07 25 16 58 30 000 -1.4885950E+01 -1.6257860E+01 7.1783540E+00
2026 07 25 16 59 00 000 -1.4881407E+01 -1.6258254E+01 7.1735390E+00
2026 07 25 16 59 30 000 -1.4876863E+01 -1.6258645E+01 7.1687241E+00
2026 07 25 17 00 00 000 -1.4872317E+01 -1.6259032E+01 7.1639095E+00
2026 07 25 17 00 30 000 -1.4867770E+01 -1.6259417E+01 7.1590950E+00
2026 07 25 17 01 00 000 -1.4863220E+01 -1.6259798E+01 7.1542809E+00
2026 07 25 17 01 30 000 -1.4858669E+01 -1.6260176E+01 7.1494670E+00
2026 07 25 17 02 00 000 -1.4854117E+01 -1.6260551E+01 7.1446535E+00
2026 07 25 17 02 30 000 -1.4849563E+01 -1.6260922E+01 7.1398404E+00
2026 07 25 17 03 00 000 -1.4845007E+01 -1.6261291E+01 7.1350277E+00
2026 07 25 17 03 30 000 -1.4840449E+01 -1.6261656E+01 7.1302155E+00
2026 07 25 17 04 00 000 -1.4835890E+01 -1.6262018E+01 7.1254038E+00
2026 07 25 17 04 30 000 -1.4831329E+01 -1.6262377E+01 7.1205926E+00
2026 07 25 17 05 00 000 -1.4826766E+01 -1.6262732E+01 7.1157821E+00
2026 07 25 17 05 30 000 -1.4822202E+01 -1.6263084E+01 7.1109721E+00
2026 07 25 17 06 00 000 -1.4817635E+01 -1.6263433E+01 7.1061629E+00
2026 07 25 17 06 30 000 -1.4813068E+01 -1.6263778E+01 7.1013543E+00
2026 07 25 17 07 00 000 -1.4808498E+01 -1.6264120E+01 7.0965465E+00
2026 07 25 17 07 30 000 -1.4803927E+01 -1.6264458E+01 7.0917395E+00
2026 07 25 17 08 00 000 -1.4799354E+01 -1.6264794E+01 7.0869333E+00
2026 07 25 17 08 30 000 -1.4794780E+01 -1.6265125E+01 7.0821279E+00
2026 07 25 17 09 00 000 -1.4790203E+01 -1.6265454E+01 7.0773235E+00
2026 07 25 17 09 30 000 -1.4785625E+01 -1.6265779E+01 7.0725200E+00
2026 07 25 17 10 00 000 -1.4781046E+01 -1.6266100E+01 7.0677175E+00
2026 07 25 17 10 30 000 -1.4776464E+01 -1.6266418E+01 7.0629161E+00
2026 07 25 17 11 00 000 -1.4771881E+01 -1.6266732E+01 7.0581157E+00
2026 07 25 17 11 30 000 -1.4767297E+01 -1.6267043E+01 7.0533163E+00
2026 07 25 17 12 00 000 -1.4762710E+01 -1.6267350E+01 7.0485181E+00
2026 07 25 17 12 30 000 -1.4758122E+01 -1.6267654E+01 7.0437212E+00
2026 07 25 17 13 00 000 -1.4753532E+01 -1.6267954E+01 7.0389254E+00
2026 07 25 17 13 30 000 -1.4748941E+01 -1.6268251E+01 7.0341309E+00
2026 07 25 17 14 00 000 -1.4744348E+01 -1.6268544E+01 7.0293377E+00
2026 07 25 17 14 30 000 -1.4739753E+01 -1.6268833E+01 7.0245458E+00
2026 07 25 17 15 00 000 -1.4735156E+01 -1.6269119E+01 7.0197553E+00
2026 07 25 17 15 30 000 -1.4730558E+01 -1.6269401E+01 7.0149662E+00
2026 07 25 17 16 00 000 -1.4725958E+01 -1.6269680E+01 7.0101786E+00
2026 07 25 17 16 30 000 -1.4721356E+01 -1.6269955E+01 7.0053925E+00
2026 07 25 17 17 00 000 -1.4716753E+01 -1.6270226E+01 7.0006079E+00
2026 07 25 17 17 30 000 -1.4712148E+01 -1.6270493E+01 6.9958249E+00
2026 07 25 17 18 00 000 -1.4707541E+01 -1.6270757E+01 6.9910435E+00
2026 07 25 17 18 30 000 -1.4702933E+01 -1.6271017E+01 6.9862638E+00
2026 07 25 17 19 00 000 -1.4698323E+01 -1.6271273E+01 6.9814857E+00
2026 07 25 17 19 30 000 -1.4693711E+01 -1.6271526E+01 6.9767094E+00
2026 07 25 17 20 00 000 -1.4689097E+01 -1.6271774E+01 6.9719348E+00
2026 07 25 17 20 30 000 -1.4684482E+01 -1.6272019E+01 6.9671621E+00
2026 07 25 17 21 00 000 -1.4679865E+01 -1.6272260E+01 6.9623912E+00
2026 07 25 17 21 30 000 -1.4675247E+01 -1.6272498E+01 6.9576222E+00
2026 07 25 17 22 00 000 -1.4670626E+01 -1.6272731E+01 6.9528552E+00
2026 07 25 17 22 30 000 -1.4666004E+01 -1.6272960E+01 6.9480901E+00
2026 07 25 17 23 00 000 -1.4661381E+01 -1.6273186E+01 6.9433270E+00
2026 07 25 17 23 30 000 -1.4656755E+01 -1.6273408E+01 6.9385659E+00
2026 07 25 17 24 00 000 -1.4652128E+01 -1.6273626E+01 6.9338070E+00
2026 07 25 17 24 30 000 -1.4647499E+01 -1.6273840E+01 6.9290501E+00
2026 07 25 17 25 00 000 -1.4642869E+01 -1.6274050E+01 6.9242955E+00
2026 07 25 17 25 30 000 -1.4638237E+01 -1.6274256E+01 6.9195430E+00
2026 07 25 17 26 00 000 -1.4633603E+01 -1.6274458E+01 6.9147928E+00
2026 07 25 17 26 30 000 -1.4628967E+01 -1.6274656E+01 6.9100448E+00
2026 07 25 17 27 00 000 -1.4624330E+01 -1.6274850E+01 6.9052992E+00
2026 07 25 17 27 30 000 -1.4619691E+01 -1.6275040E+01 6.9005559E+00
2026 07 25 17 28 00 000 -1.4615050E+01 -1.6275226E+01 6.8958150E+00
2026 07 25 17 28 30 000 -1.4610408E+01 -1.6275408E+01 6.8910766E+00
2026 07 25 17 29 00 000 -1.4605764E+01 -1.6275586E+01 6.8863406E+00
2026 07 25 17 29 30 000 -1.4601118E+01 -1.6275760E+01 6.8816072E+00
2026 07 25 17 30 00 000 -1.4596470E+01 -1.6275930E+01 6.8768763E+00
2026 07 25 17 30 30 000 -1.4591821E+01 -1.6276095E+01 6.8721480E+00
2026 07 25 17 31 00 000 -1.4587170E+01 -1.6276257E+01 6.8674223E+00
2026 07 25 17 31 30 000 -1.4582518E+01 -1.6276414E+01 6.8626993E+00
2026 07 25 17 32 00 000 -1.4577863E+01 -1.6276568E+01 6.8579790E+00
2026 07 25 17 32 30 000 -1.4573207E+01 -1.6276717E+01 6.8532614E+00
2026 07 25 17 33 00 000 -1.4568549E+01 -1.6276862E+01 6.8485467E+00
2026 07 25 17 33 30 000 -1.4563890E+01 -1.6277003E+01 6.8438347E+00
2026 07 25 17 34 00 000 -1.4559229E+01 -1.6277139E+01 6.8391257E+00
2026 07 25 17 34 30 000 -1.4554566E+01 -1.6277272E+01 6.8344195E+00
2026 07 25 17 35 00 000 -1.4549901E+01 -1.6277400E+01 6.8297162E+00
2026 07 25 17 35 30 000 -1.4545235E+01 -1.6277524E+01 6.8250160E+00
2026 07 25 17 36 00 000 -1.4540567E+01 -1.6277643E+01 6.8203187E+00
2026 07 25 17 36 30 000 -1.4535897E+01 -1.6277759E+01 6.8156245E+00
2026 07 25 17 37 00 000 -1.4531226E+01 -1.6277870E+01 6.8109334E+00
2026 07 25 17 37 30 000 -1.4526553E+01 -1.6277977E+01 6.8062455E+00
2026 07 25 17 38 00 000 -1.4521878E+01 -1.6278079E+01 6.8015607E+00
2026 07 25 17 38 30 000 -1.4517201E+01 -1.6278177E+01 6.7968791E+00
2026 07 25 17 39 00 000 -1.4512523E+01 -1.6278271E+01 6.7922008E+00
2026 07 25 17 39 30 000 -1.4507843E+01 -1.6278361E+01 6.7875257E+00
2026 07 25 17 40 00 000 -1.4503161E+01 -1.6278446E+01 6.7828540E+00
2026 07 25 17 40 30 000 -1.4498478E+01 -1.6278527E+01 6.7781856E+00
2026 07 25 17 41 00 000 -1.4493793E+01 -1.6278603E+01 6.7735207E+00
2026 07 25 17 41 30 000 -1.4489106E+01 -1.6278675E+01 6.7688591E+00
2026 07 25 17 42 00 000 -1.4484417E+01 -1.6278743E+01 6.7642011E+00
2026 07 25 17 42 30 000 -1.4479727E+01 -1.6278806E+01 6.7595465E+00
2026 07 25 17 43 00 000 -1.4475035E+01 -1.6278865E+01 6.7548955E+00
2026 07 25 17 43 30 000 -1.4470341E+01 -1.6278919E+01 6.7502481E+00
2026 07 25 17 44 00 000 -1.4465646E+01 -1.6278969E+01 6.7456044E+00
2026 07 25 17 44 30 000 -1.4460949E+01 -1.6279014E+01 6.7409642E+00
2026 07 25 17 45 00 000 -1.4456250E+01 -1.6279055E+01 6.7363278E+00
2026 07 25 17 45 30 000 -1.4451549E+01 -1.6279091E+01 6.7316952E+00
2026 07 25 17 46 00 000 -1.4446847E+01 -1.6279123E+01 6.7270663E+00
2026 07 25 17 46 30 000 -1.4442143E+01 -1.6279150E+01 6.7224412E+00
2026 07 25 17 47 00 000 -1.4437437E+01 -1.6279172E+01 6.7178200E+00
2026 07 25 17 47 30 000 -1.4432729E+01 -1.6279191E+01 6.7132027E+00
2026 07 25 17 48 00 000 -1.4428020E+01 -1.6279204E+01 6.7085893E+00
2026 07 25 17 48 30 000 -1.4423309E+01 -1.6279213E+01 6.7039799E+00
2026 07 25 17 49 00 000 -1.4418597E+01 -1.6279218E+01 6.6993744E+00
2026 07 25 17 49 30 000 -1.4413882E+01 -1.6279217E+01 6.6947730E+00
2026 07 25 17 50 00 000 -1.4409166E+01 -1.6279213E+01 6.6901757E+00
2026 07 25 17 50 30 000 -1.4404448E+01 -1.6279203E+01 6.6855825E+00
2026 07 25 17 51 00 000 -1.4399729E+01 -1.6279189E+01 6.6809935E+00
2026 07 25 17 51 30 000 -1.4395007E+01 -1.6279170E+01 6.6764087E+00
2026 07 25 17 52 00 000 -1.4390284E+01 -1.6279147E+01 6.6718281E+00
2026 07 25 17 52 30 000 -1.4385560E+01 -1.6279118E+01 6.6672517E+00
2026 07 25 17 53 00 000 -1.4380833E+01 -1.6279086E+01 6.6626797E+00
2026 07 25 17 53 30 000 -1.4376105E+01 -1.6279048E+01 6.6581120E+00
2026 07 25 17 54 00 000 -1.4371375E+01 -1.6279006E+01 6.6535486E+00
2026 07 25 17 54 30 000 -1.4366643E+01 -1.6278959E+01 6.6489897E+00
2026 07 25 17 55 00 000 -1.4361910E+01 -1.6278907E+01 6.6444352E+00
2026 07 25 17 55 30 000 -1.4357175E+01 -1.6278851E+01 6.6398853E+00
2026 07 25 17 56 00 000 -1.4352438E+01 -1.6278789E+01 6.6353398E+00
2026 07 25 17 56 30 000 -1.4347700E+01 -1.6278723E+01 6.6307989E+00
2026 07 25 17 57 00 000 -1.4342959E+01 -1.6278653E+01 6.6262626E+00
2026 07 25 17 57 30 000 -1.4338217E+01 -1.6278577E+01 6.6217309E+00
2026 07 25 17 58 00 000 -1.4333473E+01 -1.6278497E+01 6.6172040E+00
2026 07 25 17 58 30 000 -1.4328728E+01 -1.6278411E+01 6.6126817E+00
2026 07 25 17 59 00 000 -1.4323981E+01 -1.6278321E+01 6.6081641E+00
2026 07 25 17 59 30 000 -1.4319232E+01 -1.6278226E+01 6.6036514E+00
2026 07 25 18 00 00 000 -1.4314481E+01 -1.6278127E+01 6.5991434E+00
2026 07 25 18 00 30 000 -1.4309729E+01 -1.6278022E+01 6.5946403E+00
2026 07 25 18 01 00 000 -1.4304975E+01 -1.6277912E+01 6.5901421E+00
2026 07 25 18 01 30 000 -1.4300219E+01 -1.6277798E+01 6.5856489E+00
2026 07 25 18 02 00 000 -1.4295461E+01 -1.6277679E+01 6.5811606E+00
2026 07 25 18 02 30 000 -1.4290702E+01 -1.6277554E+01 6.5766772E+00
2026 07 25 18 03 00 000 -1.4285941E+01 -1.6277425E+01 6.5721990E+00
2026 07 25 18 03 30 000 -1.4281178E+01 -1.6277291E+01 6.5677258E+00
2026 07 25 18 04 00 000 -1.4276413E+01 -1.6277152E+01 6.5632577E+00
2026 07 25 18 04 30 000 -1.4271647E+01 -1.6277008E+01 6.5587947E+00
2026 07 25 18 05 00 000 -1.4266879E+01 -1.6276859E+01 6.5543369E+00
2026 07 25 18 05 30 000 -1.4262109E+01 -1.6276705E+01 6.5498844E+00
2026 07 25 18 06 00 000 -1.4257338E+01 -1.6276546E+01 6.5454370E+00
2026 07 25 18 06 30 000 -1.4252564E+01 -1.6276383E+01 6.5409950E+00
2026 07 25 18 07 00 000 -1.4247789E+01 -1.6276214E+01 6.5365583E+00
2026 07 25 18 07 30 000 -1.4243013E+01 -1.6276040E+01 6.5321269E+00
2026 07 25 18 08 00 000 -1.4238234E+01 -1.6275861E+01 6.5277010E+00
2026 07 25 18 08 30 000 -1.4233454E+01 -1.6275677E+01 6.5232804E+00
2026 07 25 18 09 00 000 -1.4228672E+01 -1.6275488E+01 6.5188653E+00
2026 07 25 18 09 30 000 -1.4223888E+01 -1.6275294E+01 6.5144558E+00
2026 07 25 18 10 00 000 -1.4219103E+01 -1.6275094E+01 6.5100517E+00
2026 07 25 18 10 30 000 -1.4214316E+01 -1.6274890E+01 6.5056532E+00
2026 07 25 18 11 00 000 -1.4209527E+01 -1.6274681E+01 6.5012604E+00
2026 07 25 18 11 30 000 -1.4204736E+01 -1.6274466E+01 6.4968731E+00
2026 07 25 18 12 00 000 -1.4199944E+01 -1.6274247E+01 6.4924916E+00
2026 07 25 18 12 30 000 -1.4195149E+01 -1.6274022E+01 6.4881157E+00
2026 07 25 18 13 00 000 -1.4190354E+01 -1.6273792E+01 6.4837456E+00
2026 07 25 18 13 30 000 -1.4185556E+01 -1.6273557E+01 6.4793813E+00
2026 07 25 18 14 00 000 -1.4180757E+01 -1.6273317E+01 6.4750228E+00
2026 07 25 18 14 30 000 -1.4175955E+01 -1.6273072E+01 6.4706701E+00
2026 07 25 18 15 00 000 -1.4171153E+01 -1.6272822E+01 6.4663233E+00
2026 07 25 18 15 30 000 -1.4166348E+01 -1.6272566E+01 6.4619824E+00
2026 07 25 18 16 00 000 -1.4161542E+01 -1.6272305E+01 6.4576475E+00
2026 07 25 18 16 30 000 -1.4156734E+01 -1.6272039E+01 6.4533186E+00
2026 07 25 18 17 00 000 -1.4151924E+01 -1.6271768E+01 6.4489956E+00
2026 07 25 18 17 30 000 -1.4147112E+01 -1.6271492E+01 6.4446788E+00
2026 07 25 18 18 00 000 -1.4142299E+01 -1.6271210E+01 6.4403680E+00
2026 07 25 18 18 30 000 -1.4137484E+01 -1.6270923E+01 6.4360634E+00
2026 07 25 18 19 00 000 -1.4132667E+01 -1.6270631E+01 6.4317649E+00
2026 07 25 18 19 30 000 -1.4127848E+01 -1.6270334E+01 6.4274726E+00
2026 07 25 18 20 00 000 -1.4123028E+01 -1.6270031E+01 6.4231865E+00
2026 07 25 18 20 30 000 -1.4118206E+01 -1.6269723E+01 6.4189067E+00
2026 07 25 18 21 00 000 -1.4113382E+01 -1.6269410E+01 6.4146331E+00
2026 07 25 18 21 30 000 -1.4108556E+01 -1.6269092E+01 6.4103659E+00
2026 07 25 18 22 00 000 -1.4103729E+01 -1.6268768E+01 6.4061051E+00
2026 07 25 18 22 30 000 -1.4098900E+01 -1.6268439E+01 6.4018506E+00
2026 07 25 18 23 00 000 -1.4094069E+01 -1.6268104E+01 6.3976026E+00
2026 07 25 18 23 30 000 -1.4089236E+01 -1.6267765E+01 6.3933611E+00
2026 07 25 18 24 00 000 -1.4084402E+01 -1.6267419E+01 6.3891260E+00
2026 07 25 18 24 30 000 -1.4079566E+01 -1.6267069E+01 6.3848975E+00
2026 07 25 18 25 00 000 -1.4074728E+01 -1.6266713E+01 6.3806755E+00
2026 07 25 18 25 30 000 -1.4069888E+01 -1.6266352E+01 6.3764601E+00
2026 07 25 18 26 00 000 -1.4065047E+01 -1.6265986E+01 6.3722513E+00
2026 07 25 18 26 30 000 -1.4060204E+01 -1.6265614E+01 6.3680492E+00
2026 07 25 18 27 00 000 -1.4055359E+01 -1.6265237E+01 6.3638538E+00
2026 07 25 18 27 30 000 -1.4050512E+01 -1.6264854E+01 6.3596651E+00
2026 07 25 18 28 00 000 -1.4045664E+01 -1.6264466E+01 6.3554832E+00
2026 07 25 18 28 30 000 -1.4040814E+01 -1.6264072E+01 6.3513081E+00
2026 07 25 18 29 00 000 -1.4035962E+01 -1.6263674E+01 6.3471397E+00
2026 07 25 18 29 30 000 -1.4031108E+01 -1.6263269E+01 6.3429783E+00
2026 07 25 18 30 00 000 -1.4026252E+01 -1.6262859E+01 6.3388237E+00
2026 07 25 18 30 30 000 -1.4021395E+01 -1.6262444E+01 6.3346761E+00
2026 07 25 18 31 00 000 -1.4016536E+01 -1.6262024E+01 6.3305354E+00
2026 07 25 18 31 30 000 -1.4011675E+01 -1.6261598E+01 6.3264016E+00
2026 07 25 18 32 00 000 -1.4006813E+01 -1.6261166E+01 6.3222749E+00
2026 07 25 18 32 30 000 -1.4001949E+01 -1.6260729E+01 6.3181553E+00
2026 07 25 18 33 00 000 -1.3997083E+01 -1.6260286E+01 6.3140427E+00
2026 07 25 18 33 30 000 -1.3992215E+01 -1.6259838E+01 6.3099373E+00
2026 07 25 18 34 00 000 -1.3987345E+01 -1.6259385E+01 6.3058390E+00
2026 07 25 18 34 30 000 -1.3982474E+01 -1.6258926E+01 6.3017478E+00
2026 07 25 18 35 00 000 -1.3977601E+01 -1.6258461E+01 6.2976639E+00
2026 07 25 18 35 30 000 -1.3972726E+01 -1.6257991E+01 6.2935872E+00
2026 07 25 18 36 00 000 -1.3967849E+01 -1.6257516E+01 6.2895178E+00
2026 07 25 18 36 30 000 -1.3962971E+01 -1.6257034E+01 6.2854557E+00
2026 07 25 18 37 00 000 -1.3958091E+01 -1.6256548E+01 6.2814009E+00
2026 07 25 18 37 30 000 -1.3953209E+01 -1.6256056E+01 6.2773535E+00
2026 07 25 18 38 00 000 -1.3948325E+01 -1.6255558E+01 6.2733135E+00
2026 07 25 18 38 30 000 -1.3943440E+01 -1.6255054E+01 6.2692809E+00
2026 07 25 18 39 00 000 -1.3938553E+01 -1.6254545E+01 6.2652558E+00
2026 07 25 18 39 30 000 -1.3933664E+01 -1.6254031E+01 6.2612382E+00
2026 07 25 18 40 00 000 -1.3928773E+01 -1.6253511E+01 6.2572281E+00
2026 07 25 18 40 30 000 -1.3923880E+01 -1.6252985E+01 6.2532255E+00
2026 07 25 18 41 00 000 -1.3918986E+01 -1.6252454E+01 6.2492305E+00
2026 07 25 18 41 30 000 -1.3914090E+01 -1.6251917E+01 6.2452432E+00
2026 07 25 18 42 00 000 -1.3909192E+01 -1.6251374E+01 6.2412635E+00
2026 07 25 18 42 30 000 -1.3904293E+01 -1.6250826E+01 6.2372914E+00
2026 07 25 18 43 00 000 -1.3899391E+01 -1.6250272E+01 6.2333271E+00
2026 07 25 18 43 30 000 -1.3894488E+01 -1.6249713E+01 6.2293705E+00
2026 07 25 18 44 00 000 -1.3889583E+01 -1.6249148E+01 6.2254216E+00
2026 07 25 18 44 30 000 -1.3884676E+01 -1.6248577E+01 6.2214806E+00
2026 07 25 18 45 00 000 -1.3879768E+01 -1.6248001E+01 6.2175473E+00
2026 07 25 18 45 30 000 -1.3874858E+01 -1.6247418E+01 6.2136220E+00
2026 07 25 18 46 00 000 -1.3869946E+01 -1.6246831E+01 6.2097045E+00
2026 07 25 18 46 30 000 -1.3865032E+01 -1.6246237E+01 6.2057949E+00
2026 07 25 18 47 00 000 -1.3860116E+01 -1.6245638E+01 6.2018933E+00
2026 07 25 18 47 30 000 -1.3855199E+01 -1.6245033E+01 6.1979997E+00
2026 07 25 18 48 00 000 -1.3850280E+01 -1.6244423E+01 6.1941140E+00
2026 07 25 18 48 30 000 -1.3845359E+01 -1.6243807E+01 6.1902364E+00
2026 07 25 18 49 00 000 -1.3840436E+01 -1.6243185E+01 6.1863669E+00
2026 07 25 18 49 30 000 -1.3835512E+01 -1.6242557E+01 6.1825054E+00
2026 07 25 18 50 00 000 -1.3830585E+01 -1.6241924E+01 6.1786521E+00
2026 07 25 18 50 30 000 -1.3825657E+01 -1.6241284E+01 6.1748069E+00
2026 07 25 18 51 00 000 -1.3820728E+01 -1.6240640E+01 6.1709699E+00
2026 07 25 18 51 30 000 -1.3815796E+01 -1.6239989E+01 6.1671411E+00
2026 07 25 18 52 00 000 -1.3810863E+01 -1.6239333E+01 6.1633205E+00
2026 07 25 18 52 30 000 -1.3805927E+01 -1.6238671E+01 6.1595082E+00
2026 07 25 18 53 00 000 -1.3800990E+01 -1.6238003E+01 6.1557042E+00
2026 07 25 18 53 30 000 -1.3796052E+01 -1.6237329E+01 6.1519086E+00
2026 07 25 18 54 00 000 -1.3791111E+01 -1.6236650E+01 6.1481212E+00
2026 07 25 18 54 30 000 -1.3786169E+01 -1.6235964E+01 6.1443423E+00
2026 07 25 18 55 00 000 -1.3781225E+01 -1.6235273E+01 6.1405717E+00
2026 07 25 18 55 30 000 -1.3776279E+01 -1.6234577E+01 6.1368096E+00
2026 07 25 18 56 00 000 -1.3771331E+01 -1.6233874E+01 6.1330560E+00
2026 07 25 18 56 30 000 -1.3766382E+01 -1.6233166E+01 6.1293108E+00
2026 07 25 18 57 00 000 -1.3761431E+01 -1.6232451E+01 6.1255742E+00
2026 07 25 18 57 30 000 -1.3756478E+01 -1.6231731E+01 6.1218461E+00
2026 07 25 18 58 00 000 -1.3751523E+01 -1.6231005E+01 6.1181266E+00
2026 07 25 18 58 30 000 -1.3746566E+01 -1.6230274E+01 6.1144157E+00
2026 07 25 18 59 00 000 -1.3741608E+01 -1.6229536E+01 6.1107135E+00
2026 07 25 18 59 30 000 -1.3736648E+01 -1.6228793E+01 6.1070198E+00
2026 07 25 19 00 00 000 -1.3731686E+01 -1.6228044E+01 6.1033349E+00
2026 07 25 19 00 30 000 -1.3726722E+01 -1.6227289E+01 6.0996587E+00
2026 07 25 19 01 00 000 -1.3721757E+01 -1.6226528E+01 6.0959912E+00
2026 07 25 19 01 30 000 -1.3716789E+01 -1.6225761E+01 6.0923325E+00
2026 07 25 19 02 00 000 -1.3711820E+01 -1.6224988E+01 6.0886826E+00
2026 07 25 19 02 30 000 -1.3706849E+01 -1.6224210E+01 6.0850415E+00
2026 07 25 19 03 00 000 -1.3701877E+01 -1.6223426E+01 6.0814092E+00
2026 07 25 19 03 30 000 -1.3696902E+01 -1.6222635E+01 6.0777859E+00
2026 07 25 19 04 00 000 -1.3691926E+01 -1.6221839E+01 6.0741714E+00
2026 07 25 19 04 30 000 -1.3686948E+01 -1.6221037E+01 6.0705658E+00
2026 07 25 19 05 00 000 -1.3681968E+01 -1.6220229E+01 6.0669693E+00
2026 07 25 19 05 30 000 -1.3676987E+01 -1.6219415E+01 6.0633816E+00
2026 07 25 19 06 00 000 -1.3672003E+01 -1.6218595E+01 6.0598030E+00
2026 07 25 19 06 30 000 -1.3667018E+01 -1.6217770E+01 6.0562335E+00
2026 07 25 19 07 00 000 -1.3662031E+01 -1.6216938E+01 6.0526730E+00
2026 07 25 19 07 30 000 -1.3657042E+01 -1.6216101E+01 6.0491215E+00
2026 07 25 19 08 00 000 -1.3652051E+01 -1.6215257E+01 6.0455792E+00
2026 07 25 19 08 30 000 -1.3647059E+01 -1.6214408E+01 6.0420460E+00
2026 07 25 19 09 00 000 -1.3642065E+01 -1.6213552E+01 6.0385220E+00
2026 07 25 19 09 30 000 -1.3637069E+01 -1.6212691E+01 6.0350072E+00
2026 07 25 19 10 00 000 -1.3632071E+01 -1.6211824E+01 6.0315016E+00
2026 07 25 19 10 30 000 -1.3627071E+01 -1.6210951E+01 6.0280052E+00
2026 07 25 19 11 00 000 -1.3622070E+01 -1.6210072E+01 6.0245181E+00
2026 07 25 19 11 30 000 -1.3617067E+01 -1.6209187E+01 6.0210403E+00
2026 07 25 19 12 00 000 -1.3612062E+01 -1.6208296E+01 6.0175717E+00
2026 07 25 19 12 30 000 -1.3607055E+01 -1.6207399E+01 6.0141126E+00
2026 07 25 19 13 00 000 -1.3602046E+01 -1.6206496E+01 6.0106628E+00
2026 07 25 19 13 30 000 -1.3597036E+01 -1.6205587E+01 6.0072223E+00
2026 07 25 19 14 00 000 -1.3592024E+01 -1.6204672E+01 6.0037913E+00
2026 07 25 19 14 30 000 -1.3587010E+01 -1.6203751E+01 6.0003697E+00
2026 07 25 19 15 00 000 -1.3581994E+01 -1.6202824E+01 5.9969576E+00
2026 07 25 19 15 30 000 -1.3576976E+01 -1.6201891E+01 5.9935550E+00
2026 07 25 19 16 00 000 -1.3571957E+01 -1.6200952E+01 5.9901619E+00
2026 07 25 19 16 30 000 -1.3566936E+01 -1.6200007E+01 5.9867783E+00
2026 07 25 19 17 00 000 -1.3561913E+01 -1.6199056E+01 5.9834043E+00
2026 07 25 19 17 30 000 -1.3556888E+01 -1.6198099E+01 5.9800399E+00
2026 07 25 19 18 00 000 -1.3551861E+01 -1.6197136E+01 5.9766850E+00
2026 07 25 19 18 30 000 -1.3546833E+01 -1.6196167E+01 5.9733398E+00
2026 07 25 19 19 00 000 -1.3541802E+01 -1.6195192E+01 5.9700043E+00
2026 07 25 19 19 30 000 -1.3536770E+01 -1.6194210E+01 5.9666784E+00
2026 07 25 19 20 00 000 -1.3531736E+01 -1.6193223E+01 5.9633623E+00
2026 07 25 19 20 30 000 -1.3526701E+01 -1.6192230E+01 5.9600558E+00
2026 07 25 19 21 00 000 -1.3521663E+01 -1.6191231E+01 5.9567592E+00
2026 07 25 19 21 30 000 -1.3516624E+01 -1.6190225E+01 5.9534722E+00
2026 07 25 19 22 00 000 -1.3511583E+01 -1.6189214E+01 5.9501951E+00
2026 07 25 19 22 30 000 -1.3506540E+01 -1.6188196E+01 5.9469278E+00
2026 07 25 19 23 00 000 -1.3501495E+01 -1.6187173E+01 5.9436703E+00
2026 07 25 19 23 30 000 -1.3496448E+01 -1.6186143E+01 5.9404227E+00
2026 07 25 19 24 00 000 -1.3491400E+01 -1.6185108E+01 5.9371850E+00
2026 07 25 19 24 30 000 -1.3486350E+01 -1.6184066E+01 5.9339572E+00
2026 07 25 19 25 00 000 -1.3481298E+01 -1.6183018E+01 5.9307393E+00
2026 07 25 19 25 30 000 -1.3476244E+01 -1.6181964E+01 5.9275314E+00
2026 07 25 19 26 00 000 -1.3471188E+01 -1.6180904E+01 5.9243335E+00
2026 07 25 19 26 30 000 -1.3466131E+01 -1.6179838E+01 5.9211455E+00
2026 07 25 19 27 00 000 -1.3461072E+01 -1.6178766E+01 5.9179676E+00
2026 07 25 19 27 30 000 -1.3456010E+01 -1.6177688E+01 5.9147997E+00
2026 07 25 19 28 00 000 -1.3450948E+01 -1.6176603E+01 5.9116419E+00
2026 07 25 19 28 30 000 -1.3445883E+01 -1.6175513E+01 5.9084942E+00
2026 07 25 19 29 00 000 -1.3440816E+01 -1.6174416E+01 5.9053565E+00
2026 07 25 19 29 30 000 -1.3435748E+01 -1.6173314E+01 5.9022290E+00
2026 07 25 19 30 00 000 -1.3430678E+01 -1.6172205E+01 5.8991117E+00
2026 07 25 19 30 30 000 -1.3425606E+01 -1.6171090E+01 5.8960045E+00
2026 07 25 19 31 00 000 -1.3420532E+01 -1.6169969E+01 5.8929075E+00
2026 07 25 19 31 30 000 -1.3415456E+01 -1.6168842E+01 5.8898208E+00
2026 07 25 19 32 00 000 -1.3410379E+01 -1.6167708E+01 5.8867442E+00
2026 07 25 19 32 30 000 -1.3405299E+01 -1.6166569E+01 5.8836779E+00
2026 07 25 19 33 00 000 -1.3400218E+01 -1.6165423E+01 5.8806220E+00
2026 07 25 19 33 30 000 -1.3395135E+01 -1.6164272E+01 5.8775763E+00
2026 07 25 19 34 00 000 -1.3390050E+01 -1.6163114E+01 5.8745409E+00
2026 07 25 19 34 30 000 -1.3384964E+01 -1.6161950E+01 5.8715158E+00
2026 07 25 19 35 00 000 -1.3379875E+01 -1.6160779E+01 5.8685011E+00
2026 07 25 19 35 30 000 -1.3374785E+01 -1.6159603E+01 5.8654968E+00
2026 07 25 19 36 00 000 -1.3369693E+01 -1.6158421E+01 5.8625029E+00
2026 07 25 19 36 30 000 -1.3364599E+01 -1.6157232E+01 5.8595194E+00
2026 07 25 19 37 00 000 -1.3359504E+01 -1.6156037E+01 5.8565464E+00
2026 07 25 19 37 30 000 -1.3354406E+01 -1.6154836E+01 5.8535838E+00
2026 07 25 19 38 00 000 -1.3349307E+01 -1.6153629E+01 5.8506317E+00
2026 07 25 19 38 30 000 -1.3344205E+01 -1.6152416E+01 5.8476901E+00
2026 07 25 19 39 00 000 -1.3339102E+01 -1.6151196E+01 5.8447590E+00
2026 07 25 19 39 30 000 -1.3333997E+01 -1.6149970E+01 5.8418385E+00
2026 07 25 19 40 00 000 -1.3328891E+01 -1.6148738E+01 5.8389285E+00
2026 07 25 19 40 30 000 -1.3323782E+01 -1.6147500E+01 5.8360291E+00
2026 07 25 19 41 00 000 -1.3318672E+01 -1.6146256E+01 5.8331403E+00
2026 07 25 19 41 30 000 -1.3313560E+01 -1.6145006E+01 5.8302621E+00
2026 07 25 19 42 00 000 -1.3308446E+01 -1.6143749E+01 5.8273945E+00
2026 07 25 19 42 30 000 -1.3303330E+01 -1.6142486E+01 5.8245376E+00
2026 07 25 19 43 00 000 -1.3298212E+01 -1.6141217E+01 5.8216914E+00
2026 07 25 19 43 30 000 -1.3293093E+01 -1.6139942E+01 5.8188558E+00
2026 07 25 19 44 00 000 -1.3287971E+01 -1.6138660E+01 5.8160310E+00
2026 07 25 19 44 30 000 -1.3282848E+01 -1.6137373E+01 5.8132169E+00
2026 07 25 19 45 00 000 -1.3277723E+01 -1.6136079E+01 5.8104135E+00
2026 07 25 19 45 30 000 -1.3272596E+01 -1.6134779E+01 5.8076210E+00
2026 07 25 19 46 00 000 -1.3267467E+01 -1.6133472E+01 5.8048391E+00
2026 07 25 19 46 30 000 -1.3262337E+01 -1.6132160E+01 5.8020681E+00
2026 07 25 19 47 00 000 -1.3257204E+01 -1.6130841E+01 5.7993079E+00
2026 07 25 19 47 30 000 -1.3252070E+01 -1.6129516E+01 5.7965586E+00
2026 07 25 19 48 00 000 -1.3246934E+01 -1.6128185E+01 5.7938201E+00
2026 07 25 19 48 30 000 -1.3241796E+01 -1.6126847E+01 5.7910925E+00
2026 07 25 19 49 00 000 -1.3236656E+01 -1.6125503E+01 5.7883757E+00
2026 07 25 19 49 30 000 -1.3231515E+01 -1.6124153E+01 5.7856699E+00
2026 07 25 19 50 00 000 -1.3226371E+01 -1.6122797E+01 5.7829750E+00
2026 07 25 19 50 30 000 -1.3221226E+01 -1.6121435E+01 5.7802910E+00
2026 07 25 19 51 00 000 -1.3216079E+01 -1.6120066E+01 5.7776180E+00
2026 07 25 19 51 30 000 -1.3210930E+01 -1.6118691E+01 5.7749560E+00
2026 07 25 19 52 00 000 -1.3205779E+01 -1.6117310E+01 5.7723050E+00
2026 07 25 19 52 30 000 -1.3200627E+01 -1.6115922E+01 5.7696650E+00
2026 07 25 19 53 00 000 -1.3195472E+01 -1.6114529E+01 5.7670360E+00
2026 07 25 19 53 30 000 -1.3190316E+01 -1.6113129E+01 5.7644180E+00
2026 07 25 19 54 00 000 -1.3185158E+01 -1.6111723E+01 5.7618111E+00
2026 07 25 19 54 30 000 -1.3179998E+01 -1.6110310E+01 5.7592153E+00
2026 07 25 19 55 00 000 -1.3174836E+01 -1.6108891E+01 5.7566306E+00
2026 07 25 19 55 30 000 -1.3169672E+01 -1.6107466E+01 5.7540570E+00
2026 07 25 19 56 00 000 -1.3164507E+01 -1.6106035E+01 5.7514945E+00
2026 07 25 19 56 30 000 -1.3159339E+01 -1.6104597E+01 5.7489431E+00
2026 07 25 19 57 00 000 -1.3154170E+01 -1.6103153E+01 5.7464029E+00
2026 07 25 19 57 30 000 -1.3148999E+01 -1.6101703E+01 5.7438739E+00
2026 07 25 19 58 00 000 -1.3143826E+01 -1.6100247E+01 5.7413561E+00
2026 07 25 19 58 30 000 -1.3138651E+01 -1.6098784E+01 5.7388495E+00
2026 07 25 19 59 00 000 -1.3133474E+01 -1.6097315E+01 5.7363540E+00
2026 07 25 19 59 30 000 -1.3128296E+01 -1.6095840E+01 5.7338699E+00
2026 07 25 20 00 00 000 -1.3123115E+01 -1.6094358E+01 5.7313969E+00
2026 07 25 20 00 30 000 -1.3117933E+01 -1.6092870E+01 5.7289353E+00
2026 07 25 20 01 00 000 -1.3112749E+01 -1.6091376E+01 5.7264849E+00
2026 07 25 20 01 30 000 -1.3107563E+01 -1.6089876E+01 5.7240458E+00
2026 07 25 20 02 00 000 -1.3102376E+01 -1.6088369E+01 5.7216180E+00
2026 07 25 20 02 30 000 -1.3097186E+01 -1.6086856E+01 5.7192016E+00
2026 07 25 20 03 00 000 -1.3091994E+01 -1.6085336E+01 5.7167964E+00
2026 07 25 20 03 30 000 -1.3086801E+01 -1.6083811E+01 5.7144027E+00
2026 07 25 20 04 00 000 -1.3081606E+01 -1.6082279E+01 5.7120203E+00
2026 07 25 20 04 30 000 -1.3076409E+01 -1.6080740E+01 5.7096492E+00
2026 07 25 20 05 00 000 -1.3071210E+01 -1.6079196E+01 5.7072896E+00
2026 07 25 20 05 30 000 -1.3066009E+01 -1.6077645E+01 5.7049414E+00
2026 07 25 20 06 00 000 -1.3060807E+01 -1.6076087E+01 5.7026046E+00
2026 07 25 20 06 30 000 -1.3055602E+01 -1.6074524E+01 5.7002793E+00
2026 07 25 20 07 00 000 -1.3050396E+01 -1.6072954E+01 5.6979654E+00
2026 07 25 20 07 30 000 -1.3045187E+01 -1.6071377E+01 5.6956629E+00
2026 07 25 20 08 00 000 -1.3039977E+01 -1.6069795E+01 5.6933720E+00
2026 07 25 20 08 30 000 -1.3034765E+01 -1.6068206E+01 5.6910925E+00
2026 07 25 20 09 00 000 -1.3029552E+01 -1.6066611E+01 5.6888246E+00
2026 07 25 20 09 30 000 -1.3024336E+01 -1.6065009E+01 5.6865681E+00
2026 07 25 20 10 00 000 -1.3019119E+01 -1.6063401E+01 5.6843232E+00
2026 07 25 20 10 30 000 -1.3013899E+01 -1.6061787E+01 5.6820898E+00
2026 07 25 20 11 00 000 -1.3008678E+01 -1.6060166E+01 5.6798680E+00
2026 07 25 20 11 30 000 -1.3003455E+01 -1.6058539E+01 5.6776578E+00
2026 07 25 20 12 00 000 -1.2998230E+01 -1.6056906E+01 5.6754591E+00
2026 07 25 20 12 30 000 -1.2993003E+01 -1.6055266E+01 5.6732721E+00
2026 07 25 20 13 00 000 -1.2987774E+01 -1.6053620E+01 5.6710966E+00
2026 07 25 20 13 30 000 -1.2982544E+01 -1.6051968E+01 5.6689328E+00
2026 07 25 20 14 00 000 -1.2977311E+01 -1.6050309E+01 5.6667806E+00
2026 07 25 20 14 30 000 -1.2972077E+01 -1.6048644E+01 5.6646400E+00
2026 07 25 20 15 00 000 -1.2966841E+01 -1.6046973E+01 5.6625112E+00
2026 07 25 20 15 30 000 -1.2961603E+01 -1.6045295E+01 5.6603939E+00
2026 07 25 20 16 00 000 -1.2956363E+01 -1.6043611E+01 5.6582884E+00
2026 07 25 20 16 30 000 -1.2951121E+01 -1.6041920E+01 5.6561945E+00
2026 07 25 20 17 00 000 -1.2945877E+01 -1.6040223E+01 5.6541124E+00
2026 07 25 20 17 30 000 -1.2940632E+01 -1.6038520E+01 5.6520419E+00
2026 07 25 20 18 00 000 -1.2935384E+01 -1.6036810E+01 5.6499832E+00
2026 07 25 20 18 30 000 -1.2930135E+01 -1.6035094E+01 5.6479363E+00
2026 07 25 20 19 00 000 -1.2924884E+01 -1.6033372E+01 5.6459011E+00
2026 07 25 20 19 30 000 -1.2919631E+01 -1.6031643E+01 5.6438776E+00
2026 07 25 20 20 00 000 -1.2914376E+01 -1.6029908E+01 5.6418659E+00
2026 07 25 20 20 30 000 -1.2909119E+01 -1.6028167E+01 5.6398660E+00
2026 07 25 20 21 00 000 -1.2903861E+01 -1.6026419E+01 5.6378779E+00
2026 07 25 20 21 30 000 -1.2898600E+01 -1.6024665E+01 5.6359016E+00
2026 07 25 20 22 00 000 -1.2893338E+01 -1.6022904E+01 5.6339371E+00
2026 07 25 20 22 30 000 -1.2888073E+01 -1.6021137E+01 5.6319844E+00
2026 07 25 20 23 00 000 -1.2882807E+01 -1.6019363E+01 5.6300436E+00
2026 07 25 20 23 30 000 -1.2877539E+01 -1.6017584E+01 5.6281146E+00
2026 07 25 20 24 00 000 -1.2872269E+01 -1.6015797E+01 5.6261975E+00
2026 07 25 20 24 30 000 -1.2866997E+01 -1.6014005E+01 5.6242923E+00
2026 07 25 20 25 00 000 -1.2861724E+01 -1.6012206E+01 5.6223989E+00
2026 07 25 20 25 30 000 -1.2856448E+01 -1.6010400E+01 5.6205174E+00
2026 07 25 20 26 00 000 -1.2851171E+01 -1.6008589E+01 5.6186478E+00
2026 07 25 20 26 30 000 -1.2845892E+01 -1.6006771E+01 5.6167901E+00
2026 07 25 20 27 00 000 -1.2840610E+01 -1.6004946E+01 5.6149443E+00
2026 07 25 20 27 30 000 -1.2835327E+01 -1.6003115E+01 5.6131105E+00
2026 07 25 20 28 00 000 -1.2830042E+01 -1.6001277E+01 5.6112886E+00
2026 07 25 20 28 30 000 -1.2824755E+01 -1.5999434E+01 5.6094786E+00
2026 07 25 20 29 00 000 -1.2819467E+01 -1.5997583E+01 5.6076806E+00
2026 07 25 20 29 30 000 -1.2814176E+01 -1.5995727E+01 5.6058945E+00
2026 07 25 20 30 00 000 -1.2808883E+01 -1.5993864E+01 5.6041204E+00
2026 07 25 20 30 30 000 -1.2803589E+01 -1.5991994E+01 5.6023583E+00
2026 07 25 20 31 00 000 -1.2798293E+01 -1.5990118E+01 5.6006082E+00
2026 07 25 20 31 30 000 -1.2792995E+01 -1.5988236E+01 5.5988701E+00
2026 07 25 20 32 00 000 -1.2787694E+01 -1.5986347E+01 5.5971439E+00
2026 07 25 20 32 30 000 -1.2782393E+01 -1.5984452E+01 5.5954298E+00
2026 07 25 20 33 00 000 -1.2777089E+01 -1.5982550E+01 5.5937277E+00
2026 07 25 20 33 30 000 -1.2771783E+01 -1.5980642E+01 5.5920377E+00
2026 07 25 20 34 00 000 -1.2766475E+01 -1.5978728E+01 5.5903597E+00
2026 07 25 20 34 30 000 -1.2761166E+01 -1.5976807E+01 5.5886937E+00
2026 07 25 20 35 00 000 -1.2755854E+01 -1.5974880E+01 5.5870398E+00
2026 07 25 20 35 30 000 -1.2750541E+01 -1.5972946E+01 5.5853979E+00
2026 07 25 20 36 00 000 -1.2745226E+01 -1.5971006E+01 5.5837682E+00
2026 07 25 20 36 30 000 -1.2739909E+01 -1.5969059E+01 5.5821505E+00
2026 07 25 20 37 00 000 -1.2734590E+01 -1.5967106E+01 5.5805449E+00
2026 07 25 20 37 30 000 -1.2729269E+01 -1.5965147E+01 5.5789513E+00
2026 07 25 20 38 00 000 -1.2723946E+01 -1.5963181E+01 5.5773699E+00
2026 07 25 20 38 30 000 -1.2718622E+01 -1.5961209E+01 5.5758006E+00
2026 07 25 20 39 00 000 -1.2713295E+01 -1.5959230E+01 5.5742434E+00
2026 07 25 20 39 30 000 -1.2707966E+01 -1.5957244E+01 5.5726983E+00
2026 07 25 20 40 00 000 -1.2702636E+01 -1.5955253E+01 5.5711653E+00
2026 07 25 20 40 30 000 -1.2697304E+01 -1.5953254E+01 5.5696445E+00
2026 07 25 20 41 00 000 -1.2691970E+01 -1.5951250E+01 5.5681359E+00
2026 07 25 20 41 30 000 -1.2686634E+01 -1.5949239E+01 5.5666393E+00
2026 07 25 20 42 00 000 -1.2681296E+01 -1.5947221E+01 5.5651549E+00
2026 07 25 20 42 30 000 -1.2675956E+01 -1.5945197E+01 5.5636827E+00
2026 07 25 20 43 00 000 -1.2670614E+01 -1.5943167E+01 5.5622227E+00
2026 07 25 20 43 30 000 -1.2665270E+01 -1.5941130E+01 5.5607748E+00
2026 07 25 20 44 00 000 -1.2659925E+01 -1.5939087E+01 5.5593391E+00
2026 07 25 20 44 30 000 -1.2654577E+01 -1.5937037E+01 5.5579156E+00
2026 07 25 20 45 00 000 -1.2649228E+01 -1.5934980E+01 5.5565043E+00
2026 07 25 20 45 30 000 -1.2643877E+01 -1.5932917E+01 5.5551052E+00
2026 07 25 20 46 00 000 -1.2638523E+01 -1.5930848E+01 5.5537183E+00
2026 07 25 20 46 30 000 -1.2633168E+01 -1.5928773E+01 5.5523436E+00
2026 07 25 20 47 00 000 -1.2627812E+01 -1.5926690E+01 5.5509811E+00
2026 07 25 20 47 30 000 -1.2622453E+01 -1.5924602E+01 5.5496308E+00
2026 07 25 20 48 00 000 -1.2617092E+01 -1.5922507E+01 5.5482928E+00
2026 07 25 20 48 30 000 -1.2611729E+01 -1.5920405E+01 5.5469670E+00
2026 07 25 20 49 00 000 -1.2606365E+01 -1.5918297E+01 5.5456534E+00
2026 07 25 20 49 30 000 -1.2600998E+01 -1.5916182E+01 5.5443520E+00
2026 07 25 20 50 00 000 -1.2595629E+01 -1.5914061E+01 5.5430630E+00
2026 07 25 20 50 30 000 -1.2590259E+01 -1.5911934E+01 5.5417861E+00
2026 07 25 20 51 00 000 -1.2584887E+01 -1.5909800E+01 5.5405215E+00
2026 07 25 20 51 30 000 -1.2579513E+01 -1.5907659E+01 5.5392691E+00
2026 07 25 20 52 00 000 -1.2574137E+01 -1.5905513E+01 5.5380290E+00
2026 07 25 20 52 30 000 -1.2568759E+01 -1.5903359E+01 5.5368012E+00
2026 07 25 20 53 00 000 -1.2563379E+01 -1.5901199E+01 5.5355857E+00
2026 07 25 20 53 30 000 -1.2557997E+01 -1.5899033E+01 5.5343825E+00
2026 07 25 20 54 00 000 -1.2552614E+01 -1.5896860E+01 5.5331915E+00
2026 07 25 20 54 30 000 -1.2547228E+01 -1.5894680E+01 5.5320128E+00
2026 07 25 20 55 00 000 -1.2541841E+01 -1.5892494E+01 5.5308464E+00
2026 07 25 20 55 30 000 -1.2536451E+01 -1.5890302E+01 5.5296923E+00
2026 07 25 20 56 00 000 -1.2531060E+01 -1.5888103E+01 5.5285505E+00
2026 07 25 20 56 30 000 -1.2525667E+01 -1.5885898E+01 5.5274210E+00
2026 07 25 20 57 00 000 -1.2520272E+01 -1.5883686E+01 5.5263038E+00
2026 07 25 20 57 30 000 -1.2514874E+01 -1.5881467E+01 5.5251989E+00
2026 07 25 20 58 00 000 -1.2509475E+01 -1.5879242E+01 5.5241063E+00
2026 07 25 20 58 30 000 -1.2504074E+01 -1.5877011E+01 5.5230260E+00
2026 07 25 20 59 00 000 -1.2498672E+01 -1.5874773E+01 5.5219580E+00
2026 07 25 20 59 30 000 -1.2493267E+01 -1.5872528E+01 5.5209024E+00
2026 07 25 21 00 00 000 -1.2487860E+01 -1.5870277E+01 5.5198591E+00
2026 07 25 21 00 30 000 -1.2482451E+01 -1.5868019E+01 5.5188281E+00
2026 07 25 21 01 00 000 -1.2477041E+01 -1.5865755E+01 5.5178095E+00
2026 07 25 21 01 30 000 -1.2471628E+01 -1.5863485E+01 5.5168032E+00
2026 07 25 21 02 00 000 -1.2466214E+01 -1.5861207E+01 5.5158092E+00
2026 07 25 21 02 30 000 -1.2460797E+01 -1.5858924E+01 5.5148275E+00
2026 07 25 21 03 00 000 -1.2455379E+01 -1.5856633E+01 5.5138582E+00
2026 07 25 21 03 30 000 -1.2449959E+01 -1.5854337E+01 5.5129012E+00
2026 07 25 21 04 00 000 -1.2444537E+01 -1.5852033E+01 5.5119566E+00
2026 07 25 21 04 30 000 -1.2439113E+01 -1.5849724E+01 5.5110243E+00
2026 07 25 21 05 00 000 -1.2433687E+01 -1.5847407E+01 5.5101044E+00
2026 07 25 21 05 30 000 -1.2428259E+01 -1.5845084E+01 5.5091968E+00
2026 07 25 21 06 00 000 -1.2422829E+01 -1.5842755E+01 5.5083015E+00
2026 07 25 21 06 30 000 -1.2417397E+01 -1.5840419E+01 5.5074187E+00
2026 07 25 21 07 00 000 -1.2411963E+01 -1.5838076E+01 5.5065481E+00
2026 07 25 21 07 30 000 -1.2406528E+01 -1.5835727E+01 5.5056900E+00
2026 07 25 21 08 00 000 -1.2401090E+01 -1.5833371E+01 5.5048441E+00
2026 07 25 21 08 30 000 -1.2395651E+01 -1.5831009E+01 5.5040107E+00
2026 07 25 21 09 00 000 -1.2390209E+01 -1.5828641E+01 5.5031896E+00
2026 07 25 21 09 30 000 -1.2384766E+01 -1.5826265E+01 5.5023809E+00
2026 07 25 21 10 00 000 -1.2379320E+01 -1.5823883E+01 5.5015845E+00
2026 07 25 21 10 30 000 -1.2373873E+01 -1.5821495E+01 5.5008005E+00
2026 07 25 21 11 00 000 -1.2368424E+01 -1.5819100E+01 5.5000288E+00
2026 07 25 21 11 30 000 -1.2362973E+01 -1.5816699E+01 5.4992695E+00
2026 07 25 21 12 00 000 -1.2357520E+01 -1.5814290E+01 5.4985226E+00
2026 07 25 21 12 30 000 -1.2352065E+01 -1.5811876E+01 5.4977881E+00
2026 07 25 21 13 00 000 -1.2346608E+01 -1.5809455E+01 5.4970659E+00
2026 07 25 21 13 30 000 -1.2341149E+01 -1.5807027E+01 5.4963560E+00
2026 07 25 21 14 00 000 -1.2335688E+01 -1.5804592E+01 5.4956586E+00
2026 07 25 21 14 30 000 -1.2330226E+01 -1.5802152E+01 5.4949735E+00
2026 07 25 21 15 00 000 -1.2324761E+01 -1.5799704E+01 5.4943008E+00
2026 07 25 21 15 30 000 -1.2319294E+01 -1.5797250E+01 5.4936405E+00
2026 07 25 21 16 00 000 -1.2313826E+01 -1.5794789E+01 5.4929925E+00
2026 07 25 21 16 30 000 -1.2308355E+01 -1.5792322E+01 5.4923569E+00
2026 07 25 21 17 00 000 -1.2302883E+01 -1.5789848E+01 5.4917336E+00
2026 07 25 21 17 30 000 -1.2297409E+01 -1.5787368E+01 5.4911227E+00
2026 07 25 21 18 00 000 -1.2291932E+01 -1.5784881E+01 5.4905242E+00
2026 07 25 21 18 30 000 -1.2286454E+01 -1.5782387E+01 5.4899381E+00
2026 07 25 21 19 00 000 -1.2280973E+01 -1.5779887E+01 5.4893643E+00
2026 07 25 21 19 30 000 -1.2275491E+01 -1.5777380E+01 5.4888029E+00
2026 07 25 21 20 00 000 -1.2270007E+01 -1.5774867E+01 5.4882538E+00
2026 07 25 21 20 30 000 -1.2264521E+01 -1.5772347E+01 5.4877171E+00
2026 07 25 21 21 00 000 -1.2259033E+01 -1.5769820E+01 5.4871928E+00
2026 07 25 21 21 30 000 -1.2253543E+01 -1.5767287E+01 5.4866808E+00
2026 07 25 21 22 00 000 -1.2248051E+01 -1.5764747E+01 5.4861812E+00
2026 07 25 21 22 30 000 -1.2242557E+01 -1.5762201E+01 5.4856939E+00
2026 07 25 21 23 00 000 -1.2237061E+01 -1.5759648E+01 5.4852190E+00
2026 07 25 21 23 30 000 -1.2231563E+01 -1.5757088E+01 5.4847564E+00
2026 07 25 21 24 00 000 -1.2226063E+01 -1.5754522E+01 5.4843063E+00
2026 07 25 21 24 30 000 -1.2220562E+01 -1.5751949E+01 5.4838684E+00
2026 07 25 21 25 00 000 -1.2215058E+01 -1.5749370E+01 5.4834429E+00
2026 07 25 21 25 30 000 -1.2209552E+01 -1.5746784E+01 5.4830297E+00
2026 07 25 21 26 00 000 -1.2204045E+01 -1.5744191E+01 5.4826289E+00
2026 07 25 21 26 30 000 -1.2198535E+01 -1.5741592E+01 5.4822405E+00
2026 07 25 21 27 00 000 -1.2193024E+01 -1.5738986E+01 5.4818644E+00
2026 07 25 21 27 30 000 -1.2187510E+01 -1.5736373E+01 5.4815006E+00
2026 07 25 21 28 00 000 -1.2181995E+01 -1.5733754E+01 5.4811491E+00
2026 07 25 21 28 30 000 -1.2176477E+01 -1.5731128E+01 5.4808100E+00
2026 07 25 21 29 00 000 -1.2170958E+01 -1.5728496E+01 5.4804832E+00
2026 07 25 21 29 30 000 -1.2165437E+01 -1.5725857E+01 5.4801688E+00
2026 07 25 21 30 00 000 -1.2159913E+01 -1.5723211E+01 5.4798667E+00
2026 07 25 21 30 30 000 -1.2154388E+01 -1.5720559E+01 5.4795769E+00
2026 07 25 21 31 00 000 -1.2148861E+01 -1.5717900E+01 5.4792994E+00
2026 07 25 21 31 30 000 -1.2143332E+01 -1.5715234E+01 5.4790342E+00
2026 07 25 21 32 00 000 -1.2137801E+01 -1.5712562E+01 5.4787814E+00
2026 07 25 21 32 30 000 -1.2132267E+01 -1.5709883E+01 5.4785409E+00
2026 07 25 21 33 00 000 -1.2126732E+01 -1.5707197E+01 5.4783126E+00
2026 07 25 21 33 30 000 -1.2121195E+01 -1.5704505E+01 5.4780967E+00
2026 07 25 21 34 00 000 -1.2115656E+01 -1.5701806E+01 5.4778931E+00
2026 07 25 21 34 30 000 -1.2110115E+01 -1.5699101E+01 5.4777018E+00
2026 07 25 21 35 00 000 -1.2104573E+01 -1.5696389E+01 5.4775228E+00
2026 07 25 21 35 30 000 -1.2099028E+01 -1.5693670E+01 5.4773561E+00
2026 07 25 21 36 00 000 -1.2093481E+01 -1.5690944E+01 5.4772016E+00
2026 07 25 21 36 30 000 -1.2087932E+01 -1.5688212E+01 5.4770595E+00
2026 07 25 21 37 00 000 -1.2082381E+01 -1.5685473E+01 5.4769296E+00
2026 07 25 21 37 30 000 -1.2076828E+01 -1.5682728E+01 5.4768120E+00
2026 07 25 21 38 00 000 -1.2071274E+01 -1.5679976E+01 5.4767067E+00
2026 07 25 21 38 30 000 -1.2065717E+01 -1.5677217E+01 5.4766137E+00
2026 07 25 21 39 00 000 -1.2060158E+01 -1.5674452E+01 5.4765329E+00
2026 07 25 21 39 30 000 -1.2054598E+01 -1.5671679E+01 5.4764644E+00
2026 07 25 21 40 00 000 -1.2049035E+01 -1.5668900E+01 5.4764081E+00
2026 07 25 21 40 30 000 -1.2043470E+01 -1.5666115E+01 5.4763641E+00
2026 07 25 21 41 00 000 -1.2037904E+01 -1.5663323E+01 5.4763323E+00
2026 07 25 21 41 30 000 -1.2032335E+01 -1.5660524E+01 5.4763128E+00
2026 07 25 21 42 00 000 -1.2026765E+01 -1.5657718E+01 5.4763055E+00
2026 07 25 21 42 30 000 -1.2021192E+01 -1.5654906E+01 5.4763104E+00
2026 07 25 21 43 00 000 -1.2015618E+01 -1.5652087E+01 5.4763276E+00
2026 07 25 21 43 30 000 -1.2010041E+01 -1.5649261E+01 5.4763570E+00
2026 07 25 21 44 00 000 -1.2004463E+01 -1.5646429E+01 5.4763986E+00
2026 07 25 21 44 30 000 -1.1998882E+01 -1.5643590E+01 5.4764525E+00
2026 07 25 21 45 00 000 -1.1993300E+01 -1.5640744E+01 5.4765185E+00
2026 07 25 21 45 30 000 -1.1987716E+01 -1.5637891E+01 5.4765967E+00
2026 07 25 21 46 00 000 -1.1982129E+01 -1.5635032E+01 5.4766872E+00
2026 07 25 21 46 30 000 -1.1976541E+01 -1.5632166E+01 5.4767898E+00
2026 07 25 21 47 00 000 -1.1970950E+01 -1.5629294E+01 5.4769046E+00
2026 07 25 21 47 30 000 -1.1965358E+01 -1.5626414E+01 5.4770316E+00
2026 07 25 21 48 00 000 -1.1959764E+01 -1.5623528E+01 5.4771707E+00
2026 07 25 21 48 30 000 -1.1954168E+01 -1.5620636E+01 5.4773221E+00
2026 07 25 21 49 00 000 -1.1948569E+01 -1.5617736E+01 5.4774856E+00
2026 07 25 21 49 30 000 -1.1942969E+01 -1.5614830E+01 5.4776612E+00
2026 07 25 21 50 00 000 -1.1937367E+01 -1.5611917E+01 5.4778490E+00
2026 07 25 21 50 30 000 -1.1931763E+01 -1.5608997E+01 5.4780490E+00
2026 07 25 21 51 00 000 -1.1926156E+01 -1.5606071E+01 5.4782610E+00
2026 07 25 21 51 30 000 -1.1920548E+01 -1.5603138E+01 5.4784853E+00
2026 07 25 21 52 00 000 -1.1914938E+01 -1.5600198E+01 5.4787216E+00
2026 07 25 21 52 30 000 -1.1909326E+01 -1.5597251E+01 5.4789701E+00
2026 07 25 21 53 00 000 -1.1903711E+01 -1.5594298E+01 5.4792306E+00
2026 07 25 21 53 30 000 -1.1898095E+01 -1.5591338E+01 5.4795033E+00
2026 07 25 21 54 00 000 -1.1892477E+01 -1.5588371E+01 5.4797881E+00
2026 07 25 21 54 30 000 -1.1886857E+01 -1.5585397E+01 5.4800849E+00
2026 07 25 21 55 00 000 -1.1881235E+01 -1.5582417E+01 5.4803939E+00
2026 07 25 21 55 30 000 -1.1875611E+01 -1.5579430E+01 5.4807149E+00
2026 07 25 21 56 00 000 -1.1869984E+01 -1.5576436E+01 5.4810480E+00
2026 07 25 21 56 30 000 -1.1864356E+01 -1.5573435E+01 5.4813932E+00
2026 07 25 21 57 00 000 -1.1858726E+01 -1.5570428E+01 5.4817504E+00
2026 07 25 21 57 30 000 -1.1853094E+01 -1.5567414E+01 5.4821197E+00
2026 07 25 21 58 00 000 -1.1847460E+01 -1.5564393E+01 5.4825010E+00
2026 07 25 21 58 30 000 -1.1841824E+01 -1.5561365E+01 5.4828944E+00
2026 07 25 21 59 00 000 -1.1836186E+01 -1.5558330E+01 5.4832997E+00
2026 07 25 21 59 30 000 -1.1830545E+01 -1.5555289E+01 5.4837171E+00
2026 07 25 22 00 00 000 -1.1824903E+01 -1.5552241E+01 5.4841465E+00
2026 07 25 22 00 30 000 -1.1819259E+01 -1.5549186E+01 5.4845880E+00
2026 07 25 22 01 00 000 -1.1813613E+01 -1.5546125E+01 5.4850414E+00
2026 07 25 22 01 30 000 -1.1807965E+01 -1.5543056E+01 5.4855068E+00
2026 07 25 22 02 00 000 -1.1802315E+01 -1.5539981E+01 5.4859841E+00
2026 07 25 22 02 30 000 -1.1796662E+01 -1.5536899E+01 5.4864735E+00
2026 07 25 22 03 00 000 -1.1791008E+01 -1.5533810E+01 5.4869748E+00
2026 07 25 22 03 30 000 -1.1785352E+01 -1.5530715E+01 5.4874881E+00
2026 07 25 22 04 00 000 -1.1779694E+01 -1.5527613E+01 5.4880133E+00
2026 07 25 22 04 30 000 -1.1774034E+01 -1.5524503E+01 5.4885504E+00
2026 07 25 22 05 00 000 -1.1768372E+01 -1.5521387E+01 5.4890995E+00
2026 07 25 22 05 30 000 -1.1762707E+01 -1.5518265E+01 5.4896605E+00
2026 07 25 22 06 00 000 -1.1757041E+01 -1.5515135E+01 5.4902335E+00
2026 07 25 22 06 30 000 -1.1751373E+01 -1.5511999E+01 5.4908183E+00
2026 07 25 22 07 00 000 -1.1745703E+01 -1.5508855E+01 5.4914150E+00
2026 07 25 22 07 30 000 -1.1740030E+01 -1.5505705E+01 5.4920236E+00
2026 07 25 22 08 00 000 -1.1734356E+01 -1.5502548E+01 5.4926441E+00
2026 07 25 22 08 30 000 -1.1728680E+01 -1.5499385E+01 5.4932764E+00
2026 07 25 22 09 00 000 -1.1723002E+01 -1.5496214E+01 5.4939207E+00
2026 07 25 22 09 30 000 -1.1717321E+01 -1.5493037E+01 5.4945767E+00
2026 07 25 22 10 00 000 -1.1711639E+01 -1.5489853E+01 5.4952446E+00
2026 07 25 22 10 30 000 -1.1705955E+01 -1.5486662E+01 5.4959244E+00
2026 07 25 22 11 00 000 -1.1700268E+01 -1.5483464E+01 5.4966159E+00
2026 07 25 22 11 30 000 -1.1694580E+01 -1.5480259E+01 5.4973193E+00
2026 07 25 22 12 00 000 -1.1688890E+01 -1.5477047E+01 5.4980345E+00
2026 07 25 22 12 30 000 -1.1683197E+01 -1.5473829E+01 5.4987615E+00
2026 07 25 22 13 00 000 -1.1677503E+01 -1.5470604E+01 5.4995002E+00
2026 07 25 22 13 30 000 -1.1671806E+01 -1.5467372E+01 5.5002507E+00
2026 07 25 22 14 00 000 -1.1666108E+01 -1.5464133E+01 5.5010130E+00
2026 07 25 22 14 30 000 -1.1660407E+01 -1.5460887E+01 5.5017871E+00
2026 07 25 22 15 00 000 -1.1654705E+01 -1.5457634E+01 5.5025729E+00
2026 07 25 22 15 30 000 -1.1649000E+01 -1.5454375E+01 5.5033704E+00
2026 07 25 22 16 00 000 -1.1643294E+01 -1.5451108E+01 5.5041797E+00
2026 07 25 22 16 30 000 -1.1637585E+01 -1.5447835E+01 5.5050006E+00
2026 07 25 22 17 00 000 -1.1631875E+01 -1.5444555E+01 5.5058333E+00
2026 07 25 22 17 30 000 -1.1626162E+01 -1.5441268E+01 5.5066776E+00
2026 07 25 22 18 00 000 -1.1620447E+01 -1.5437974E+01 5.5075337E+00
2026 07 25 22 18 30 000 -1.1614731E+01 -1.5434673E+01 5.5084014E+00
2026 07 25 22 19 00 000 -1.1609012E+01 -1.5431365E+01 5.5092808E+00
2026 07 25 22 19 30 000 -1.1603291E+01 -1.5428050E+01 5.5101718E+00
2026 07 25 22 20 00 000 -1.1597569E+01 -1.5424729E+01 5.5110745E+00
2026 07 25 22 20 30 000 -1.1591844E+01 -1.5421400E+01 5.5119888E+00
2026 07 25 22 21 00 000 -1.1586117E+01 -1.5418065E+01 5.5129147E+00
2026 07 25 22 21 30 000 -1.1580388E+01 -1.5414723E+01 5.5138522E+00
2026 07 25 22 22 00 000 -1.1574657E+01 -1.5411374E+01 5.5148013E+00
2026 07 25 22 22 30 000 -1.1568924E+01 -1.5408018E+01 5.5157620E+00
2026 07 25 22 23 00 000 -1.1563189E+01 -1.5404655E+01 5.5167343E+00
2026 07 25 22 23 30 000 -1.1557452E+01 -1.5401285E+01 5.5177182E+00
2026 07 25 22 24 00 000 -1.1551713E+01 -1.5397908E+01 5.5187136E+00
2026 07 25 22 24 30 000 -1.1545972E+01 -1.5394524E+01 5.5197205E+00
2026 07 25 22 25 00 000 -1.1540229E+01 -1.5391134E+01 5.5207389E+00
2026 07 25 22 25 30 000 -1.1534484E+01 -1.5387736E+01 5.5217689E+00
2026 07 25 22 26 00 000 -1.1528737E+01 -1.5384332E+01 5.5228104E+00
2026 07 25 22 26 30 000 -1.1522988E+01 -1.5380920E+01 5.5238634E+00
2026 07 25 22 27 00 000 -1.1517236E+01 -1.5377502E+01 5.5249278E+00
2026 07 25 22 27 30 000 -1.1511483E+01 -1.5374077E+01 5.5260038E+00
2026 07 25 22 28 00 000 -1.1505728E+01 -1.5370644E+01 5.5270911E+00
2026 07 25 22 28 30 000 -1.1499970E+01 -1.5367205E+01 5.5281900E+00
2026 07 25 22 29 00 000 -1.1494211E+01 -1.5363759E+01 5.5293002E+00
2026 07 25 22 29 30 000 -1.1488449E+01 -1.5360306E+01 5.5304219E+00
2026 07 25 22 30 00 000 -1.1482686E+01 -1.5356846E+01 5.5315550E+00
2026 07 25 22 30 30 000 -1.1476920E+01 -1.5353379E+01 5.5326995E+00
2026 07 25 22 31 00 000 -1.1471153E+01 -1.5349905E+01 5.5338554E+00
2026 07 25 22 31 30 000 -1.1465383E+01 -1.5346424E+01 5.5350226E+00
2026 07 25 22 32 00 000 -1.1459612E+01 -1.5342936E+01 5.5362012E+00
2026 07 25 22 32 30 000 -1.1453838E+01 -1.5339441E+01 5.5373912E+00
2026 07 25 22 33 00 000 -1.1448062E+01 -1.5335939E+01 5.5385925E+00
2026 07 25 22 33 30 000 -1.1442284E+01 -1.5332430E+01 5.5398051E+00
2026 07 25 22 34 00 000 -1.1436504E+01 -1.5328914E+01 5.5410290E+00
2026 07 25 22 34 30 000 -1.1430722E+01 -1.5325391E+01 5.5422642E+00
2026 07 25 22 35 00 000 -1.1424939E+01 -1.5321862E+01 5.5435107E+00
2026 07 25 22 35 30 000 -1.1419152E+01 -1.5318325E+01 5.5447685E+00
2026 07 25 22 36 00 000 -1.1413364E+01 -1.5314781E+01 5.5460375E+00
2026 07 25 22 36 30 000 -1.1407574E+01 -1.5311230E+01 5.5473177E+00
2026 07 25 22 37 00 000 -1.1401782E+01 -1.5307672E+01 5.5486092E+00
2026 07 25 22 37 30 000 -1.1395988E+01 -1.5304107E+01 5.5499120E+00
2026 07 25 22 38 00 000 -1.1390192E+01 -1.5300536E+01 5.5512259E+00
2026 07 25 22 38 30 000 -1.1384393E+01 -1.5296957E+01 5.5525510E+00
2026 07 25 22 39 00 000 -1.1378593E+01 -1.5293371E+01 5.5538873E+00
2026 07 25 22 39 30 000 -1.1372790E+01 -1.5289778E+01 5.5552347E+00
2026 07 25 22 40 00 000 -1.1366986E+01 -1.5286178E+01 5.5565933E+00
2026 07 25 22 40 30 000 -1.1361179E+01 -1.5282571E+01 5.5579631E+00
2026 07 25 22 41 00 000 -1.1355371E+01 -1.5278957E+01 5.5593439E+00
2026 07 25 22 41 30 000 -1.1349560E+01 -1.5275336E+01 5.5607359E+00
2026 07 25 22 42 00 000 -1.1343747E+01 -1.5271708E+01 5.5621389E+00
2026 07 25 22 42 30 000 -1.1337932E+01 -1.5268073E+01 5.5635531E+00
2026 07 25 22 43 00 000 -1.1332115E+01 -1.5264431E+01 5.5649783E+00
2026 07 25 22 43 30 000 -1.1326297E+01 -1.5260782E+01 5.5664146E+00
2026 07 25 22 44 00 000 -1.1320475E+01 -1.5257125E+01 5.5678619E+00
2026 07 25 22 44 30 000 -1.1314652E+01 -1.5253462E+01 5.5693202E+00
2026 07 25 22 45 00 000 -1.1308827E+01 -1.5249792E+01 5.5707895E+00
2026 07 25 22 45 30 000 -1.1303000E+01 -1.5246114E+01 5.5722698E+00
2026 07 25 22 46 00 000 -1.1297171E+01 -1.5242430E+01 5.5737611E+00
2026 07 25 22 46 30 000 -1.1291339E+01 -1.5238738E+01 5.5752634E+00
2026 07 25 22 47 00 000 -1.1285506E+01 -1.5235040E+01 5.5767767E+00
2026 07 25 22 47 30 000 -1.1279671E+01 -1.5231334E+01 5.5783008E+00
2026 07 25 22 48 00 000 -1.1273833E+01 -1.5227621E+01 5.5798359E+00
2026 07 25 22 48 30 000 -1.1267993E+01 -1.5223901E+01 5.5813819E+00
2026 07 25 22 49 00 000 -1.1262152E+01 -1.5220174E+01 5.5829388E+00
2026 07 25 22 49 30 000 -1.1256308E+01 -1.5216440E+01 5.5845066E+00
2026 07 25 22 50 00 000 -1.1250462E+01 -1.5212699E+01 5.5860852E+00
2026 07 25 22 50 30 000 -1.1244614E+01 -1.5208951E+01 5.5876747E+00
2026 07 25 22 51 00 000 -1.1238764E+01 -1.5205196E+01 5.5892750E+00
2026 07 25 22 51 30 000 -1.1232912E+01 -1.5201433E+01 5.5908861E+00
2026 07 25 22 52 00 000 -1.1227058E+01 -1.5197664E+01 5.5925081E+00
2026 07 25 22 52 30 000 -1.1221202E+01 -1.5193887E+01 5.5941408E+00
2026 07 25 22 53 00 000 -1.1215344E+01 -1.5190103E+01 5.5957843E+00
2026 07 25 22 53 30 000 -1.1209484E+01 -1.5186312E+01 5.5974386E+00
2026 07 25 22 54 00 000 -1.1203621E+01 -1.5182514E+01 5.5991035E+00
2026 07 25 22 54 30 000 -1.1197757E+01 -1.5178709E+01 5.6007792E+00
2026 07 25 22 55 00 000 -1.1191890E+01 -1.5174897E+01 5.6024657E+00
2026 07 25 22 55 30 000 -1.1186021E+01 -1.5171078E+01 5.6041628E+00
2026 07 25 22 56 00 000 -1.1180151E+01 -1.5167251E+01 5.6058706E+00
2026 07 25 22 56 30 000 -1.1174278E+01 -1.5163417E+01 5.6075891E+00
2026 07 25 22 57 00 000 -1.1168403E+01 -1.5159577E+01 5.6093182E+00
2026 07 25 22 57 30 000 -1.1162526E+01 -1.5155728E+01 5.6110579E+00
2026 07 25 22 58 00 000 -1.1156647E+01 -1.5151873E+01 5.6128083E+00
2026 07 25 22 58 30 000 -1.1150766E+01 -1.5148011E+01 5.6145693E+00
2026 07 25 22 59 00 000 -1.1144882E+01 -1.5144142E+01 5.6163408E+00
2026 07 25 22 59 30 000 -1.1138997E+01 -1.5140265E+01 5.6181229E+00
2026 07 25 23 00 00 000 -1.1133110E+01 -1.5136381E+01 5.6199155E+00
2026 07 25 23 00 30 000 -1.1127220E+01 -1.5132490E+01 5.6217187E+00
2026 07 25 23 01 00 000 -1.1121328E+01 -1.5128592E+01 5.6235325E+00
2026 07 25 23 01 30 000 -1.1115435E+01 -1.5124687E+01 5.6253567E+00
2026 07 25 23 02 00 000 -1.1109539E+01 -1.5120774E+01 5.6271914E+00
2026 07 25 23 02 30 000 -1.1103641E+01 -1.5116854E+01 5.6290366E+00
2026 07 25 23 03 00 000 -1.1097741E+01 -1.5112928E+01 5.6308922E+00
2026 07 25 23 03 30 000 -1.1091839E+01 -1.5108994E+01 5.6327582E+00
2026 07 25 23 04 00 000 -1.1085935E+01 -1.5105052E+01 5.6346347E+00
2026 07 25 23 04 30 000 -1.1080028E+01 -1.5101104E+01 5.6365216E+00
2026 07 25 23 05 00 000 -1.1074120E+01 -1.5097148E+01 5.6384189E+00
2026 07 25 23 05 30 000 -1.1068209E+01 -1.5093185E+01 5.6403265E+00
2026 07 25 23 06 00 000 -1.1062297E+01 -1.5089215E+01 5.6422445E+00
2026 07 25 23 06 30 000 -1.1056382E+01 -1.5085238E+01 5.6441728E+00
2026 07 25 23 07 00 000 -1.1050465E+01 -1.5081253E+01 5.6461114E+00
2026 07 25 23 07 30 000 -1.1044546E+01 -1.5077261E+01 5.6480604E+00
2026 07 25 23 08 00 000 -1.1038626E+01 -1.5073262E+01 5.6500196E+00
2026 07 25 23 08 30 000 -1.1032702E+01 -1.5069256E+01 5.6519891E+00
2026 07 25 23 09 00 000 -1.1026777E+01 -1.5065243E+01 5.6539688E+00
2026 07 25 23 09 30 000 -1.1020850E+01 -1.5061222E+01 5.6559588E+00
2026 07 25 23 10 00 000 -1.1014921E+01 -1.5057194E+01 5.6579589E+00
2026 07 25 23 10 30 000 -1.1008989E+01 -1.5053159E+01 5.6599693E+00
2026 07 25 23 11 00 000 -1.1003055E+01 -1.5049116E+01 5.6619899E+00
2026 07 25 23 11 30 000 -1.0997120E+01 -1.5045067E+01 5.6640206E+00
2026 07 25 23 12 00 000 -1.0991182E+01 -1.5041010E+01 5.6660614E+00
2026 07 25 23 12 30 000 -1.0985242E+01 -1.5036946E+01 5.6681124E+00
2026 07 25 23 13 00 000 -1.0979300E+01 -1.5032874E+01 5.6701735E+00
2026 07 25 23 13 30 000 -1.0973356E+01 -1.5028795E+01 5.6722447E+00
2026 07 25 23 14 00 000 -1.0967409E+01 -1.5024709E+01 5.6743259E+00
2026 07 25 23 14 30 000 -1.0961461E+01 -1.5020616E+01 5.6764172E+00
2026 07 25 23 15 00 000 -1.0955511E+01 -1.5016515E+01 5.6785186E+00
2026 07 25 23 15 30 000 -1.0949558E+01 -1.5012407E+01 5.6806299E+00
2026 07 25 23 16 00 000 -1.0943603E+01 -1.5008292E+01 5.6827513E+00
2026 07 25 23 16 30 000 -1.0937646E+01 -1.5004170E+01 5.6848826E+00
2026 07 25 23 17 00 000 -1.0931687E+01 -1.5000040E+01 5.6870239E+00
2026 07 25 23 17 30 000 -1.0925726E+01 -1.4995903E+01 5.6891751E+00
2026 07 25 23 18 00 000 -1.0919763E+01 -1.4991759E+01 5.6913363E+00
2026 07 25 23 18 30 000 -1.0913798E+01 -1.4987607E+01 5.6935074E+00
2026 07 25 23 19 00 000 -1.0907830E+01 -1.4983448E+01 5.6956884E+00
2026 07 25 23 19 30 000 -1.0901861E+01 -1.4979282E+01 5.6978792E+00
2026 07 25 23 20 00 000 -1.0895889E+01 -1.4975108E+01 5.7000799E+00
2026 07 25 23 20 30 000 -1.0889915E+01 -1.4970927E+01 5.7022904E+00
2026 07 25 23 21 00 000 -1.0883939E+01 -1.4966739E+01 5.7045107E+00
2026 07 25 23 21 30 000 -1.0877961E+01 -1.4962543E+01 5.7067409E+00
2026 07 25 23 22 00 000 -1.0871981E+01 -1.4958340E+01 5.7089808E+00
2026 07 25 23 22 30 000 -1.0865999E+01 -1.4954130E+01 5.7112304E+00
2026 07 25 23 23 00 000 -1.0860014E+01 -1.4949912E+01 5.7134898E+00
2026 07 25 23 23 30 000 -1.0854028E+01 -1.4945687E+01 5.7157590E+00
2026 07 25 23 24 00 000 -1.0848039E+01 -1.4941455E+01 5.7180378E+00
2026 07 25 23 24 30 000 -1.0842048E+01 -1.4937215E+01 5.7203263E+00
2026 07 25 23 25 00 000 -1.0836055E+01 -1.4932968E+01 5.7226244E+00
2026 07 25 23 25 30 000 -1.0830060E+01 -1.4928714E+01 5.7249322E+00
2026 07 25 23 26 00 000 -1.0824063E+01 -1.4924452E+01 5.7272497E+00
2026 07 25 23 26 30 000 -1.0818064E+01 -1.4920183E+01 5.7295767E+00
2026 07 25 23 27 00 000 -1.0812062E+01 -1.4915907E+01 5.7319133E+00
2026 07 25 23 27 30 000 -1.0806059E+01 -1.4911623E+01 5.7342595E+00
2026 07 25 23 28 00 000 -1.0800053E+01 -1.4907332E+01 5.7366153E+00
2026 07 25 23 28 30 000 -1.0794045E+01 -1.4903033E+01 5.7389805E+00
2026 07 25 23 29 00 000 -1.0788035E+01 -1.4898727E+01 5.7413553E+00
2026 07 25 23 29 30 000 -1.0782023E+01 -1.4894414E+01 5.7437395E+00
2026 07 25 23 30 00 000 -1.0776009E+01 -1.4890093E+01 5.7461332E+00
2026 07 25 23 30 30 000 -1.0769993E+01 -1.4885765E+01 5.7485364E+00
2026 07 25 23 31 00 000 -1.0763974E+01 -1.4881429E+01 5.7509490E+00
2026 07 25 23 31 30 000 -1.0757953E+01 -1.4877086E+01 5.7533710E+00
2026 07 25 23 32 00 000 -1.0751931E+01 -1.4872735E+01 5.7558024E+00
2026 07 25 23 32 30 000 -1.0745905E+01 -1.4868377E+01 5.7582432E+00
2026 07 25 23 33 00 000 -1.0739878E+01 -1.4864012E+01 5.7606933E+00
2026 07 25 23 33 30 000 -1.0733849E+01 -1.4859639E+01 5.7631527E+00
2026 07 25 23 34 00 000 -1.0727818E+01 -1.4855259E+01 5.7656214E+00
2026 07 25 23 34 30 000 -1.0721784E+01 -1.4850872E+01 5.7680994E+00
2026 07 25 23 35 00 000 -1.0715748E+01 -1.4846477E+01 5.7705867E+00
2026 07 25 23 35 30 000 -1.0709711E+01 -1.4842075E+01 5.7730833E+00
2026 07 25 23 36 00 000 -1.0703671E+01 -1.4837665E+01 5.7755890E+00
2026 07 25 23 36 30 000 -1.0697629E+01 -1.4833248E+01 5.7781040E+00
2026 07 25 23 37 00 000 -1.0691584E+01 -1.4828823E+01 5.7806281E+00
2026 07 25 23 37 30 000 -1.0685538E+01 -1.4824390E+01 5.7831615E+00
2026 07 25 23 38 00 000 -1.0679489E+01 -1.4819951E+01 5.7857039E+00
2026 07 25 23 38 30 000 -1.0673439E+01 -1.4815504E+01 5.7882555E+00
2026 07 25 23 39 00 000 -1.0667386E+01 -1.4811049E+01 5.7908162E+00
2026 07 25 23 39 30 000 -1.0661331E+01 -1.4806587E+01 5.7933859E+00
2026 07 25 23 40 00 000 -1.0655274E+01 -1.4802118E+01 5.7959648E+00
2026 07 25 23 40 30 000 -1.0649214E+01 -1.4797641E+01 5.7985526E+00
2026 07 25 23 41 00 000 -1.0643153E+01 -1.4793156E+01 5.8011496E+00
2026 07 25 23 41 30 000 -1.0637089E+01 -1.4788664E+01 5.8037554E+00
2026 07 25 23 42 00 000 -1.0631024E+01 -1.4784165E+01 5.8063703E+00
2026 07 25 23 42 30 000 -1.0624956E+01 -1.4779658E+01 5.8089941E+00
2026 07 25 23 43 00 000 -1.0618886E+01 -1.4775144E+01 5.8116269E+00
2026 07 25 23 43 30 000 -1.0612813E+01 -1.4770622E+01 5.8142685E+00
2026 07 25 23 44 00 000 -1.0606739E+01 -1.4766092E+01 5.8169191E+00
2026 07 25 23 44 30 000 -1.0600662E+01 -1.4761555E+01 5.8195785E+00
2026 07 25 23 45 00 000 -1.0594584E+01 -1.4757011E+01 5.8222468E+00
2026 07 25 23 45 30 000 -1.0588503E+01 -1.4752459E+01 5.8249239E+00
2026 07 25 23 46 00 000 -1.0582420E+01 -1.4747899E+01 5.8276098E+00
2026 07 25 23 46 30 000 -1.0576334E+01 -1.4743332E+01 5.8303045E+00
2026 07 25 23 47 00 000 -1.0570247E+01 -1.4738758E+01 5.8330080E+00
2026 07 25 23 47 30 000 -1.0564157E+01 -1.4734176E+01 5.8357202E+00
2026 07 25 23 48 00 000 -1.0558066E+01 -1.4729586E+01 5.8384411E+00
2026 07 25 23 48 30 000 -1.0551972E+01 -1.4724989E+01 5.8411708E+00
2026 07 25 23 49 00 000 -1.0545876E+01 -1.4720384E+01 5.8439091E+00
2026 07 25 23 49 30 000 -1.0539778E+01 -1.4715772E+01 5.8466560E+00
2026 07 25 23 50 00 000 -1.0533677E+01 -1.4711152E+01 5.8494117E+00
2026 07 25 23 50 30 000 -1.0527575E+01 -1.4706525E+01 5.8521759E+00
2026 07 25 23 51 00 000 -1.0521470E+01 -1.4701890E+01 5.8549487E+00
2026 07 25 23 51 30 000 -1.0515363E+01 -1.4697248E+01 5.8577301E+00
2026 07 25 23 52 00 000 -1.0509254E+01 -1.4692598E+01 5.8605200E+00
2026 07 25 23 52 30 000 -1.0503143E+01 -1.4687940E+01 5.8633184E+00
2026 07 25 23 53 00 000 -1.0497029E+01 -1.4683275E+01 5.8661254E+00
2026 07 25 23 53 30 000 -1.0490914E+01 -1.4678602E+01 5.8689408E+00
2026 07 25 23 54 00 000 -1.0484796E+01 -1.4673922E+01 5.8717647E+00
2026 07 25 23 54 30 000 -1.0478676E+01 -1.4669234E+01 5.8745970E+00
2026 07 25 23 55 00 000 -1.0472554E+01 -1.4664539E+01 5.8774377E+00
2026 07 25 23 55 30 000 -1.0466430E+01 -1.4659836E+01 5.8802869E+00
2026 07 25 23 56 00 000 -1.0460303E+01 -1.4655125E+01 5.8831443E+00
2026 07 25 23 56 30 000 -1.0454174E+01 -1.4650407E+01 5.8860102E+00
2026 07 25 23 57 00 000 -1.0448043E+01 -1.4645681E+01 5.8888843E+00
2026 07 25 23 57 30 000 -1.0441910E+01 -1.4640948E+01 5.8917668E+00
2026 07 25 23 58 00 000 -1.0435775E+01 -1.4636207E+01 5.8946575E+00
2026 07 25 23 58 30 000 -1.0429638E+01 -1.4631458E+01 5.8975565E+00
2026 07 25 23 59 00 000 -1.0423498E+01 -1.4626702E+01 5.9004637E+00
2026 07 25 23 59 30 000 -1.0417356E+01 -1.4621938E+01 5.9033792E+00
