Created with swmf_orbit_fetch.py on 2026-10-08 15:5256

#COOR
GSM

#START
2026 07 23 00 00 00 000 8.7785091E+00 5.9921613E+00 -1.1158855E+00
2026 07 23 00 01 00 000 8.7629280E+00 5.9923654E+00 -1.1121724E+00
2026 07 23 00 02 00 000 8.7473106E+00 5.9925394E+00 -1.1084725E+00
2026 07 23 00 03 00 000 8.7316523E+00 5.9926891E+00 -1.1047843E+00
2026 07 23 00 04 00 000 8.7159538E+00 5.9928069E+00 -1.1011083E+00
2026 07 23 00 05 00 000 8.7002163E+00 5.9928961E+00 -1.0974448E+00
2026 07 23 00 06 00 000 8.6844368E+00 5.9929605E+00 -1.0937928E+00
2026 07 23 00 07 00 000 8.6686153E+00 5.9929976E+00 -1.0901527E+00
2026 07 23 00 08 00 000 8.6527567E+00 5.9930005E+00 -1.0865252E+00
2026 07 23 00 09 00 000 8.6368570E+00 5.9929786E+00 -1.0829095E+00
2026 07 23 00 10 00 000 8.6209145E+00 5.9929299E+00 -1.0793055E+00
2026 07 23 00 11 00 000 8.6049347E+00 5.9928460E+00 -1.0757138E+00
2026 07 23 00 12 00 000 8.5889111E+00 5.9927402E+00 -1.0721333E+00
2026 07 23 00 13 00 000 8.5728493E+00 5.9926014E+00 -1.0685649E+00
2026 07 23 00 14 00 000 8.5567436E+00 5.9924369E+00 -1.0650079E+00
2026 07 23 00 15 00 000 8.5405998E+00 5.9922395E+00 -1.0614630E+00
2026 07 23 00 16 00 000 8.5244122E+00 5.9920163E+00 -1.0579293E+00
2026 07 23 00 17 00 000 8.5081844E+00 5.9917655E+00 -1.0544068E+00
2026 07 23 00 18 00 000 8.4919176E+00 5.9914799E+00 -1.0508964E+00
2026 07 23 00 19 00 000 8.4756069E+00 5.9911699E+00 -1.0473974E+00
2026 07 23 00 20 00 000 8.4592552E+00 5.9908299E+00 -1.0439088E+00
2026 07 23 00 21 00 000 8.4428606E+00 5.9904609E+00 -1.0404321E+00
2026 07 23 00 22 00 000 8.4264269E+00 5.9900613E+00 -1.0369667E+00
2026 07 23 00 23 00 000 8.4099503E+00 5.9896312E+00 -1.0335124E+00
2026 07 23 00 24 00 000 8.3934326E+00 5.9891720E+00 -1.0300691E+00
2026 07 23 00 25 00 000 8.3768721E+00 5.9886866E+00 -1.0266365E+00
2026 07 23 00 26 00 000 8.3602724E+00 5.9881649E+00 -1.0232159E+00
2026 07 23 00 27 00 000 8.3436270E+00 5.9876184E+00 -1.0198052E+00
2026 07 23 00 28 00 000 8.3269396E+00 5.9870410E+00 -1.0164055E+00
2026 07 23 00 29 00 000 8.3102112E+00 5.9864340E+00 -1.0130163E+00
2026 07 23 00 30 00 000 8.2934399E+00 5.9857955E+00 -1.0096389E+00
2026 07 23 00 31 00 000 8.2766266E+00 5.9851284E+00 -1.0062711E+00
2026 07 23 00 32 00 000 8.2597723E+00 5.9844303E+00 -1.0029143E+00
2026 07 23 00 33 00 000 8.2428751E+00 5.9836998E+00 -9.9956805E-01
2026 07 23 00 34 00 000 8.2259350E+00 5.9829416E+00 -9.9623209E-01
2026 07 23 00 35 00 000 8.2089500E+00 5.9821525E+00 -9.9290669E-01
2026 07 23 00 36 00 000 8.1919231E+00 5.9813333E+00 -9.8959118E-01
2026 07 23 00 37 00 000 8.1748533E+00 5.9804835E+00 -9.8628592E-01
2026 07 23 00 38 00 000 8.1577415E+00 5.9796000E+00 -9.8299080E-01
2026 07 23 00 39 00 000 8.1405840E+00 5.9786906E+00 -9.7970539E-01
2026 07 23 00 40 00 000 8.1233883E+00 5.9777436E+00 -9.7643143E-01
2026 07 23 00 41 00 000 8.1061440E+00 5.9767714E+00 -9.7316629E-01
2026 07 23 00 42 00 000 8.0888577E+00 5.9757662E+00 -9.6991098E-01
2026 07 23 00 43 00 000 8.0715294E+00 5.9747281E+00 -9.6666574E-01
2026 07 23 00 44 00 000 8.0541563E+00 5.9736605E+00 -9.6343017E-01
2026 07 23 00 45 00 000 8.0367384E+00 5.9725614E+00 -9.6020383E-01
2026 07 23 00 46 00 000 8.0192804E+00 5.9714270E+00 -9.5698762E-01
2026 07 23 00 47 00 000 8.0017738E+00 5.9702668E+00 -9.5378059E-01
2026 07 23 00 48 00 000 7.9842262E+00 5.9690714E+00 -9.5058280E-01
2026 07 23 00 49 00 000 7.9666324E+00 5.9678454E+00 -9.4739437E-01
2026 07 23 00 50 00 000 7.9489951E+00 5.9665880E+00 -9.4421506E-01
2026 07 23 00 51 00 000 7.9313140E+00 5.9652963E+00 -9.4104511E-01
2026 07 23 00 52 00 000 7.9135890E+00 5.9639726E+00 -9.3788451E-01
2026 07 23 00 53 00 000 7.8958187E+00 5.9626179E+00 -9.3473232E-01
2026 07 23 00 54 00 000 7.8780036E+00 5.9612293E+00 -9.3158960E-01
2026 07 23 00 55 00 000 7.8601451E+00 5.9598093E+00 -9.2845559E-01
2026 07 23 00 56 00 000 7.8422394E+00 5.9583573E+00 -9.2532998E-01
2026 07 23 00 57 00 000 7.8242903E+00 5.9568706E+00 -9.2221314E-01
2026 07 23 00 58 00 000 7.8062944E+00 5.9553523E+00 -9.1910487E-01
2026 07 23 00 59 00 000 7.7882557E+00 5.9538002E+00 -9.1600490E-01
2026 07 23 01 00 00 000 7.7701702E+00 5.9522176E+00 -9.1291302E-01
2026 07 23 01 01 00 000 7.7520413E+00 5.9505982E+00 -9.0983021E-01
2026 07 23 01 02 00 000 7.7338624E+00 5.9489503E+00 -9.0675473E-01
2026 07 23 01 03 00 000 7.7156425E+00 5.9472628E+00 -9.0368813E-01
2026 07 23 01 04 00 000 7.6973734E+00 5.9455457E+00 -9.0062910E-01
2026 07 23 01 05 00 000 7.6790590E+00 5.9437952E+00 -8.9757818E-01
2026 07 23 01 06 00 000 7.6607003E+00 5.9420090E+00 -8.9453447E-01
2026 07 23 01 07 00 000 7.6422925E+00 5.9401917E+00 -8.9149892E-01
2026 07 23 01 08 00 000 7.6238441E+00 5.9383345E+00 -8.8847154E-01
2026 07 23 01 09 00 000 7.6053443E+00 5.9364486E+00 -8.8545126E-01
2026 07 23 01 10 00 000 7.5867996E+00 5.9345269E+00 -8.8243866E-01
2026 07 23 01 11 00 000 7.5682087E+00 5.9325690E+00 -8.7943298E-01
2026 07 23 01 12 00 000 7.5495715E+00 5.9305773E+00 -8.7643486E-01
2026 07 23 01 13 00 000 7.5308867E+00 5.9285522E+00 -8.7344354E-01
2026 07 23 01 14 00 000 7.5121546E+00 5.9264898E+00 -8.7045938E-01
2026 07 23 01 15 00 000 7.4933777E+00 5.9243927E+00 -8.6748302E-01
2026 07 23 01 16 00 000 7.4745512E+00 5.9222608E+00 -8.6451244E-01
2026 07 23 01 17 00 000 7.4556785E+00 5.9200950E+00 -8.6154914E-01
2026 07 23 01 18 00 000 7.4367580E+00 5.9178934E+00 -8.5859221E-01
2026 07 23 01 19 00 000 7.4177899E+00 5.9156561E+00 -8.5564196E-01
2026 07 23 01 20 00 000 7.3987741E+00 5.9133811E+00 -8.5269785E-01
2026 07 23 01 21 00 000 7.3797102E+00 5.9110737E+00 -8.4976053E-01
2026 07 23 01 22 00 000 7.3605990E+00 5.9087276E+00 -8.4682947E-01
2026 07 23 01 23 00 000 7.3414412E+00 5.9063449E+00 -8.4390426E-01
2026 07 23 01 24 00 000 7.3222322E+00 5.9039264E+00 -8.4098512E-01
2026 07 23 01 25 00 000 7.3029752E+00 5.9014735E+00 -8.3807182E-01
2026 07 23 01 26 00 000 7.2836723E+00 5.8989820E+00 -8.3516479E-01
2026 07 23 01 27 00 000 7.2643194E+00 5.8964529E+00 -8.3226299E-01
2026 07 23 01 28 00 000 7.2449169E+00 5.8938880E+00 -8.2936645E-01
2026 07 23 01 29 00 000 7.2254667E+00 5.8912854E+00 -8.2647604E-01
2026 07 23 01 30 00 000 7.2059665E+00 5.8886476E+00 -8.2359052E-01
2026 07 23 01 31 00 000 7.1864195E+00 5.8859682E+00 -8.2071090E-01
2026 07 23 01 32 00 000 7.1668210E+00 5.8832550E+00 -8.1783599E-01
2026 07 23 01 33 00 000 7.1471739E+00 5.8805027E+00 -8.1496608E-01
2026 07 23 01 34 00 000 7.1274781E+00 5.8777108E+00 -8.1210130E-01
2026 07 23 01 35 00 000 7.1077318E+00 5.8748827E+00 -8.0924076E-01
2026 07 23 01 36 00 000 7.0879345E+00 5.8720164E+00 -8.0638540E-01
2026 07 23 01 37 00 000 7.0680881E+00 5.8691111E+00 -8.0353421E-01
2026 07 23 01 38 00 000 7.0481925E+00 5.8661666E+00 -8.0068821E-01
2026 07 23 01 39 00 000 7.0282454E+00 5.8631840E+00 -7.9784542E-01
2026 07 23 01 40 00 000 7.0082502E+00 5.8601618E+00 -7.9500794E-01
2026 07 23 01 41 00 000 6.9882021E+00 5.8571005E+00 -7.9217380E-01
2026 07 23 01 42 00 000 6.9681029E+00 5.8540001E+00 -7.8934348E-01
2026 07 23 01 43 00 000 6.9479547E+00 5.8508587E+00 -7.8651762E-01
2026 07 23 01 44 00 000 6.9277568E+00 5.8476777E+00 -7.8369570E-01
2026 07 23 01 45 00 000 6.9075069E+00 5.8444571E+00 -7.8087699E-01
2026 07 23 01 46 00 000 6.8872042E+00 5.8411975E+00 -7.7806151E-01
2026 07 23 01 47 00 000 6.8668489E+00 5.8378983E+00 -7.7524954E-01
2026 07 23 01 48 00 000 6.8464446E+00 5.8345566E+00 -7.7244061E-01
2026 07 23 01 49 00 000 6.8259878E+00 5.8311749E+00 -7.6963472E-01
2026 07 23 01 50 00 000 6.8054790E+00 5.8277516E+00 -7.6683247E-01
2026 07 23 01 51 00 000 6.7849207E+00 5.8242846E+00 -7.6403260E-01
2026 07 23 01 52 00 000 6.7643075E+00 5.8207803E+00 -7.6123565E-01
2026 07 23 01 53 00 000 6.7436419E+00 5.8172326E+00 -7.5844079E-01
2026 07 23 01 54 00 000 6.7229238E+00 5.8136449E+00 -7.5564867E-01
2026 07 23 01 55 00 000 6.7021551E+00 5.8100100E+00 -7.5285918E-01
2026 07 23 01 56 00 000 6.6813302E+00 5.8063397E+00 -7.5007123E-01
2026 07 23 01 57 00 000 6.6604548E+00 5.8026233E+00 -7.4728584E-01
2026 07 23 01 58 00 000 6.6395273E+00 5.7988620E+00 -7.4450225E-01
2026 07 23 01 59 00 000 6.6185446E+00 5.7950616E+00 -7.4172050E-01
2026 07 23 02 00 00 000 6.5975080E+00 5.7912183E+00 -7.3894000E-01
2026 07 23 02 01 00 000 6.5764179E+00 5.7873292E+00 -7.3616183E-01
2026 07 23 02 02 00 000 6.5552754E+00 5.7833967E+00 -7.3338413E-01
2026 07 23 02 03 00 000 6.5340776E+00 5.7794218E+00 -7.3060793E-01
2026 07 23 02 04 00 000 6.5128255E+00 5.7754025E+00 -7.2783267E-01
2026 07 23 02 05 00 000 6.4915204E+00 5.7713361E+00 -7.2505850E-01
2026 07 23 02 06 00 000 6.4701610E+00 5.7672276E+00 -7.2228593E-01
2026 07 23 02 07 00 000 6.4487453E+00 5.7630749E+00 -7.1951318E-01
2026 07 23 02 08 00 000 6.4272761E+00 5.7588749E+00 -7.1674114E-01
2026 07 23 02 09 00 000 6.4057508E+00 5.7546329E+00 -7.1396941E-01
2026 07 23 02 10 00 000 6.3841701E+00 5.7503438E+00 -7.1119750E-01
2026 07 23 02 11 00 000 6.3625369E+00 5.7460055E+00 -7.0842659E-01
2026 07 23 02 12 00 000 6.3408451E+00 5.7416253E+00 -7.0565534E-01
2026 07 23 02 13 00 000 6.3190970E+00 5.7371974E+00 -7.0288390E-01
2026 07 23 02 14 00 000 6.2972951E+00 5.7327232E+00 -7.0011163E-01
2026 07 23 02 15 00 000 6.2754374E+00 5.7281995E+00 -6.9733936E-01
2026 07 23 02 16 00 000 6.2535219E+00 5.7236309E+00 -6.9456601E-01
2026 07 23 02 17 00 000 6.2315497E+00 5.7190156E+00 -6.9179177E-01
2026 07 23 02 18 00 000 6.2095213E+00 5.7143521E+00 -6.8901759E-01
2026 07 23 02 19 00 000 6.1874361E+00 5.7096395E+00 -6.8624157E-01
2026 07 23 02 20 00 000 6.1652951E+00 5.7048783E+00 -6.8346453E-01
2026 07 23 02 21 00 000 6.1430941E+00 5.7000704E+00 -6.8068570E-01
2026 07 23 02 22 00 000 6.1208377E+00 5.6952138E+00 -6.7790562E-01
2026 07 23 02 23 00 000 6.0985227E+00 5.6903057E+00 -6.7512387E-01
2026 07 23 02 24 00 000 6.0761514E+00 5.6853499E+00 -6.7234051E-01
2026 07 23 02 25 00 000 6.0537181E+00 5.6803441E+00 -6.6955435E-01
2026 07 23 02 26 00 000 6.0312314E+00 5.6752877E+00 -6.6676641E-01
2026 07 23 02 27 00 000 6.0086837E+00 5.6701803E+00 -6.6397625E-01
2026 07 23 02 28 00 000 5.9860768E+00 5.6650229E+00 -6.6118294E-01
2026 07 23 02 29 00 000 5.9634128E+00 5.6598148E+00 -6.5838832E-01
2026 07 23 02 30 00 000 5.9406896E+00 5.6545529E+00 -6.5558964E-01
2026 07 23 02 31 00 000 5.9179029E+00 5.6492434E+00 -6.5278822E-01
2026 07 23 02 32 00 000 5.8950629E+00 5.6438794E+00 -6.4998406E-01
2026 07 23 02 33 00 000 5.8721614E+00 5.6384621E+00 -6.4717585E-01
2026 07 23 02 34 00 000 5.8491964E+00 5.6329951E+00 -6.4436477E-01
2026 07 23 02 35 00 000 5.8261743E+00 5.6274738E+00 -6.4155000E-01
2026 07 23 02 36 00 000 5.8030920E+00 5.6218958E+00 -6.3873148E-01
2026 07 23 02 37 00 000 5.7799478E+00 5.6162677E+00 -6.3590837E-01
2026 07 23 02 38 00 000 5.7567415E+00 5.6105847E+00 -6.3308156E-01
2026 07 23 02 39 00 000 5.7334757E+00 5.6048489E+00 -6.3025010E-01
2026 07 23 02 40 00 000 5.7101517E+00 5.5990534E+00 -6.2741441E-01
2026 07 23 02 41 00 000 5.6867614E+00 5.5932059E+00 -6.2457424E-01
2026 07 23 02 42 00 000 5.6633110E+00 5.5873041E+00 -6.2172872E-01
2026 07 23 02 43 00 000 5.6398010E+00 5.5813432E+00 -6.1887902E-01
2026 07 23 02 44 00 000 5.6162238E+00 5.5753293E+00 -6.1602294E-01
2026 07 23 02 45 00 000 5.5925865E+00 5.5692573E+00 -6.1316228E-01
2026 07 23 02 46 00 000 5.5688868E+00 5.5631270E+00 -6.1029589E-01
2026 07 23 02 47 00 000 5.5451250E+00 5.5569401E+00 -6.0742396E-01
2026 07 23 02 48 00 000 5.5212984E+00 5.5506968E+00 -6.0454589E-01
2026 07 23 02 49 00 000 5.4974089E+00 5.5443931E+00 -6.0166150E-01
2026 07 23 02 50 00 000 5.4734564E+00 5.5380292E+00 -5.9877092E-01
2026 07 23 02 51 00 000 5.4494400E+00 5.5316086E+00 -5.9587419E-01
2026 07 23 02 52 00 000 5.4253592E+00 5.5251265E+00 -5.9297103E-01
2026 07 23 02 53 00 000 5.4012136E+00 5.5185876E+00 -5.9006059E-01
2026 07 23 02 54 00 000 5.3770027E+00 5.5119863E+00 -5.8714294E-01
2026 07 23 02 55 00 000 5.3527293E+00 5.5053220E+00 -5.8421880E-01
2026 07 23 02 56 00 000 5.3283887E+00 5.4985991E+00 -5.8128655E-01
2026 07 23 02 57 00 000 5.3039818E+00 5.4918141E+00 -5.7834750E-01
2026 07 23 02 58 00 000 5.2795100E+00 5.4849672E+00 -5.7540011E-01
2026 07 23 02 59 00 000 5.2549710E+00 5.4780569E+00 -5.7244498E-01
2026 07 23 03 00 00 000 5.2303672E+00 5.4710832E+00 -5.6948137E-01
2026 07 23 03 01 00 000 5.2056990E+00 5.4640431E+00 -5.6650954E-01
2026 07 23 03 02 00 000 5.1809616E+00 5.4569426E+00 -5.6352949E-01
2026 07 23 03 03 00 000 5.1561556E+00 5.4497766E+00 -5.6054074E-01
2026 07 23 03 04 00 000 5.1312852E+00 5.4425440E+00 -5.5754316E-01
2026 07 23 03 05 00 000 5.1063447E+00 5.4352474E+00 -5.5453610E-01
2026 07 23 03 06 00 000 5.0813384E+00 5.4278827E+00 -5.5151987E-01
2026 07 23 03 07 00 000 5.0562630E+00 5.4204531E+00 -5.4849410E-01
2026 07 23 03 08 00 000 5.0311189E+00 5.4129548E+00 -5.4545850E-01
2026 07 23 03 09 00 000 5.0059066E+00 5.4053884E+00 -5.4241377E-01
2026 07 23 03 10 00 000 4.9806247E+00 5.3977556E+00 -5.3935784E-01
2026 07 23 03 11 00 000 4.9552736E+00 5.3900518E+00 -5.3629243E-01
2026 07 23 03 12 00 000 4.9298511E+00 5.3822803E+00 -5.3321576E-01
2026 07 23 03 13 00 000 4.9043627E+00 5.3744364E+00 -5.3012913E-01
2026 07 23 03 14 00 000 4.8788004E+00 5.3665233E+00 -5.2703118E-01
2026 07 23 03 15 00 000 4.8531685E+00 5.3585405E+00 -5.2392197E-01
2026 07 23 03 16 00 000 4.8274660E+00 5.3504839E+00 -5.2080178E-01
2026 07 23 03 17 00 000 4.8016925E+00 5.3423553E+00 -5.1766950E-01
2026 07 23 03 18 00 000 4.7758460E+00 5.3341541E+00 -5.1452607E-01
2026 07 23 03 19 00 000 4.7499280E+00 5.3258786E+00 -5.1136994E-01
2026 07 23 03 20 00 000 4.7239404E+00 5.3175278E+00 -5.0820261E-01
2026 07 23 03 21 00 000 4.6978779E+00 5.3091040E+00 -5.0502247E-01
2026 07 23 03 22 00 000 4.6717424E+00 5.3006039E+00 -5.0182909E-01
2026 07 23 03 23 00 000 4.6455336E+00 5.2920289E+00 -4.9862337E-01
2026 07 23 03 24 00 000 4.6192517E+00 5.2833757E+00 -4.9540436E-01
2026 07 23 03 25 00 000 4.5928965E+00 5.2746449E+00 -4.9217248E-01
2026 07 23 03 26 00 000 4.5664678E+00 5.2658348E+00 -4.8892725E-01
2026 07 23 03 27 00 000 4.5399637E+00 5.2569466E+00 -4.8566821E-01
2026 07 23 03 28 00 000 4.5133839E+00 5.2479801E+00 -4.8239458E-01
2026 07 23 03 29 00 000 4.4867315E+00 5.2389312E+00 -4.7910729E-01
2026 07 23 03 30 00 000 4.4600015E+00 5.2298012E+00 -4.7580558E-01
2026 07 23 03 31 00 000 4.4331965E+00 5.2205911E+00 -4.7248921E-01
2026 07 23 03 32 00 000 4.4063129E+00 5.2112975E+00 -4.6915841E-01
2026 07 23 03 33 00 000 4.3793569E+00 5.2019181E+00 -4.6581209E-01
2026 07 23 03 34 00 000 4.3523207E+00 5.1924577E+00 -4.6245074E-01
2026 07 23 03 35 00 000 4.3252063E+00 5.1829114E+00 -4.5907331E-01
2026 07 23 03 36 00 000 4.2980185E+00 5.1732779E+00 -4.5568049E-01
2026 07 23 03 37 00 000 4.2707491E+00 5.1635604E+00 -4.5227247E-01
2026 07 23 03 38 00 000 4.2434011E+00 5.1537533E+00 -4.4884703E-01
2026 07 23 03 39 00 000 4.2159743E+00 5.1438599E+00 -4.4540584E-01
2026 07 23 03 40 00 000 4.1884694E+00 5.1338754E+00 -4.4194737E-01
2026 07 23 03 41 00 000 4.1608853E+00 5.1238017E+00 -4.3847269E-01
2026 07 23 03 42 00 000 4.1332202E+00 5.1136374E+00 -4.3498042E-01
2026 07 23 03 43 00 000 4.1054754E+00 5.1033802E+00 -4.3147090E-01
2026 07 23 03 44 00 000 4.0776510E+00 5.0930295E+00 -4.2794392E-01
2026 07 23 03 45 00 000 4.0497422E+00 5.0825872E+00 -4.2439845E-01
2026 07 23 03 46 00 000 4.0217528E+00 5.0720496E+00 -4.2083538E-01
2026 07 23 03 47 00 000 3.9936826E+00 5.0614152E+00 -4.1725364E-01
2026 07 23 03 48 00 000 3.9655290E+00 5.0506864E+00 -4.1365394E-01
2026 07 23 03 49 00 000 3.9372916E+00 5.0398588E+00 -4.1003454E-01
2026 07 23 03 50 00 000 3.9089742E+00 5.0289316E+00 -4.0639624E-01
2026 07 23 03 51 00 000 3.8805707E+00 5.0179057E+00 -4.0273884E-01
2026 07 23 03 52 00 000 3.8520827E+00 5.0067787E+00 -3.9906132E-01
2026 07 23 03 53 00 000 3.8235097E+00 4.9955516E+00 -3.9536434E-01
2026 07 23 03 54 00 000 3.7948546E+00 4.9842176E+00 -3.9164743E-01
2026 07 23 03 55 00 000 3.7661119E+00 4.9727826E+00 -3.8790998E-01
2026 07 23 03 56 00 000 3.7372835E+00 4.9612422E+00 -3.8415170E-01
2026 07 23 03 57 00 000 3.7083702E+00 4.9495940E+00 -3.8037267E-01
2026 07 23 03 58 00 000 3.6793680E+00 4.9378414E+00 -3.7657252E-01
2026 07 23 03 59 00 000 3.6502783E+00 4.9259791E+00 -3.7275094E-01
2026 07 23 04 00 00 000 3.6211026E+00 4.9140048E+00 -3.6890790E-01
2026 07 23 04 01 00 000 3.5918388E+00 4.9019194E+00 -3.6504269E-01
2026 07 23 04 02 00 000 3.5624857E+00 4.8897233E+00 -3.6115518E-01
2026 07 23 04 03 00 000 3.5330424E+00 4.8774142E+00 -3.5724533E-01
2026 07 23 04 04 00 000 3.5035114E+00 4.8649874E+00 -3.5331288E-01
2026 07 23 04 05 00 000 3.4738898E+00 4.8524456E+00 -3.4935749E-01
2026 07 23 04 06 00 000 3.4441769E+00 4.8397856E+00 -3.4537882E-01
2026 07 23 04 07 00 000 3.4143744E+00 4.8270073E+00 -3.4137660E-01
2026 07 23 04 08 00 000 3.3844786E+00 4.8141079E+00 -3.3735055E-01
2026 07 23 04 09 00 000 3.3544910E+00 4.8010869E+00 -3.3330035E-01
2026 07 23 04 10 00 000 3.3244112E+00 4.7879424E+00 -3.2922602E-01
2026 07 23 04 11 00 000 3.2942405E+00 4.7746716E+00 -3.2512709E-01
2026 07 23 04 12 00 000 3.2639740E+00 4.7612753E+00 -3.2100326E-01
2026 07 23 04 13 00 000 3.2336133E+00 4.7477512E+00 -3.1685427E-01
2026 07 23 04 14 00 000 3.2031596E+00 4.7340961E+00 -3.1267980E-01
2026 07 23 04 15 00 000 3.1726084E+00 4.7203116E+00 -3.0847964E-01
2026 07 23 04 16 00 000 3.1419637E+00 4.7063928E+00 -3.0425367E-01
2026 07 23 04 17 00 000 3.1112211E+00 4.6923399E+00 -3.0000132E-01
2026 07 23 04 18 00 000 3.0803835E+00 4.6781497E+00 -2.9572231E-01
2026 07 23 04 19 00 000 3.0494490E+00 4.6638217E+00 -2.9141679E-01
2026 07 23 04 20 00 000 3.0184147E+00 4.6493535E+00 -2.8708404E-01
2026 07 23 04 21 00 000 2.9872828E+00 4.6347446E+00 -2.8272372E-01
2026 07 23 04 22 00 000 2.9560521E+00 4.6199903E+00 -2.7833602E-01
2026 07 23 04 23 00 000 2.9247215E+00 4.6050916E+00 -2.7392042E-01
2026 07 23 04 24 00 000 2.8932934E+00 4.5900440E+00 -2.6947659E-01
2026 07 23 04 25 00 000 2.8617623E+00 4.5748467E+00 -2.6500398E-01
2026 07 23 04 26 00 000 2.8301306E+00 4.5594993E+00 -2.6050296E-01
2026 07 23 04 27 00 000 2.7983990E+00 4.5439954E+00 -2.5597280E-01
2026 07 23 04 28 00 000 2.7665634E+00 4.5283365E+00 -2.5141323E-01
2026 07 23 04 29 00 000 2.7346246E+00 4.5125203E+00 -2.4682364E-01
2026 07 23 04 30 00 000 2.7025840E+00 4.4965425E+00 -2.4220482E-01
2026 07 23 04 31 00 000 2.6704381E+00 4.4804029E+00 -2.3755541E-01
2026 07 23 04 32 00 000 2.6381888E+00 4.4640975E+00 -2.3287570E-01
2026 07 23 04 33 00 000 2.6058331E+00 4.4476256E+00 -2.2816491E-01
2026 07 23 04 34 00 000 2.5733728E+00 4.4309807E+00 -2.2342335E-01
2026 07 23 04 35 00 000 2.5408058E+00 4.4141660E+00 -2.1865030E-01
2026 07 23 04 36 00 000 2.5081325E+00 4.3971744E+00 -2.1384573E-01
2026 07 23 04 37 00 000 2.4753509E+00 4.3800054E+00 -2.0900920E-01
2026 07 23 04 38 00 000 2.4424613E+00 4.3626566E+00 -2.0414057E-01
2026 07 23 04 39 00 000 2.4094629E+00 4.3451242E+00 -1.9923945E-01
2026 07 23 04 40 00 000 2.3763576E+00 4.3274035E+00 -1.9430551E-01
2026 07 23 04 41 00 000 2.3431401E+00 4.3094954E+00 -1.8933885E-01
2026 07 23 04 42 00 000 2.3098125E+00 4.2913957E+00 -1.8433870E-01
2026 07 23 04 43 00 000 2.2763741E+00 4.2730989E+00 -1.7930467E-01
2026 07 23 04 44 00 000 2.2428260E+00 4.2546043E+00 -1.7423724E-01
2026 07 23 04 45 00 000 2.2091637E+00 4.2359085E+00 -1.6913538E-01
2026 07 23 04 46 00 000 2.1753891E+00 4.2170076E+00 -1.6399935E-01
2026 07 23 04 47 00 000 2.1415026E+00 4.1978970E+00 -1.5882875E-01
2026 07 23 04 48 00 000 2.1075010E+00 4.1785760E+00 -1.5362312E-01
2026 07 23 04 49 00 000 2.0733843E+00 4.1590385E+00 -1.4838240E-01
2026 07 23 04 50 00 000 2.0391533E+00 4.1392822E+00 -1.4310627E-01
2026 07 23 04 51 00 000 2.0048075E+00 4.1193023E+00 -1.3779441E-01
2026 07 23 04 52 00 000 1.9703444E+00 4.0990963E+00 -1.3244654E-01
2026 07 23 04 53 00 000 1.9357662E+00 4.0786586E+00 -1.2706280E-01
2026 07 23 04 54 00 000 1.9010706E+00 4.0579848E+00 -1.2164250E-01
2026 07 23 04 55 00 000 1.8662553E+00 4.0370731E+00 -1.1618526E-01
2026 07 23 04 56 00 000 1.8313239E+00 4.0159173E+00 -1.1069177E-01
2026 07 23 04 57 00 000 1.7962743E+00 3.9945126E+00 -1.0516096E-01
2026 07 23 04 58 00 000 1.7611040E+00 3.9728560E+00 -9.9592820E-02
2026 07 23 04 59 00 000 1.7258149E+00 3.9509406E+00 -9.3987435E-02
2026 07 23 05 00 00 000 1.6904068E+00 3.9287629E+00 -8.8344112E-02
2026 07 23 05 01 00 000 1.6548775E+00 3.9063175E+00 -8.2663156E-02
2026 07 23 05 02 00 000 1.6192269E+00 3.8835988E+00 -7.6943956E-02
2026 07 23 05 03 00 000 1.5834554E+00 3.8606024E+00 -7.1186595E-02
2026 07 23 05 04 00 000 1.5475620E+00 3.8373222E+00 -6.5390907E-02
2026 07 23 05 05 00 000 1.5115482E+00 3.8137529E+00 -5.9557054E-02
2026 07 23 05 06 00 000 1.4754121E+00 3.7898872E+00 -5.3684648E-02
2026 07 23 05 07 00 000 1.4391538E+00 3.7657208E+00 -4.7773313E-02
2026 07 23 05 08 00 000 1.4027721E+00 3.7412467E+00 -4.1823115E-02
2026 07 23 05 09 00 000 1.3662684E+00 3.7164569E+00 -3.5834141E-02
2026 07 23 05 10 00 000 1.3296417E+00 3.6913481E+00 -2.9806616E-02
2026 07 23 05 11 00 000 1.2928919E+00 3.6659102E+00 -2.3739696E-02
2026 07 23 05 12 00 000 1.2560196E+00 3.6401381E+00 -1.7633997E-02
2026 07 23 05 13 00 000 1.2190259E+00 3.6140225E+00 -1.1489516E-02
2026 07 23 05 14 00 000 1.1819081E+00 3.5875578E+00 -5.3059487E-03
2026 07 23 05 15 00 000 1.1446681E+00 3.5607345E+00 9.1639912E-04
2026 07 23 05 16 00 000 1.1073073E+00 3.5335450E+00 7.1772207E-03
2026 07 23 05 17 00 000 1.0698236E+00 3.5059798E+00 1.3476900E-02
2026 07 23 05 18 00 000 1.0322183E+00 3.4780333E+00 1.9814823E-02
2026 07 23 05 19 00 000 9.9449277E-01 3.4496927E+00 2.6191143E-02
2026 07 23 05 20 00 000 9.5664698E-01 3.4209511E+00 3.2605093E-02
2026 07 23 05 21 00 000 9.1868299E-01 3.3917964E+00 3.9056983E-02
2026 07 23 05 22 00 000 8.8060015E-01 3.3622198E+00 4.5545813E-02
2026 07 23 05 23 00 000 8.4240073E-01 3.3322115E+00 5.2071735E-02
2026 07 23 05 24 00 000 8.0408502E-01 3.3017585E+00 5.8633987E-02
2026 07 23 05 25 00 000 7.6565552E-01 3.2708507E+00 6.5232180E-02
2026 07 23 05 26 00 000 7.2711325E-01 3.2394769E+00 7.1865790E-02
2026 07 23 05 27 00 000 6.8845940E-01 3.2076240E+00 7.8533575E-02
2026 07 23 05 28 00 000 6.4969730E-01 3.1752789E+00 8.5235618E-02
2026 07 23 05 29 00 000 6.1082876E-01 3.1424277E+00 9.1970466E-02
2026 07 23 05 30 00 000 5.7185519E-01 3.1090579E+00 9.8737888E-02
2026 07 23 05 31 00 000 5.3278095E-01 3.0751550E+00 1.0553581E-01
2026 07 23 05 32 00 000 4.9360847E-01 3.0407035E+00 1.1236401E-01
2026 07 23 05 33 00 000 4.5434183E-01 3.0056877E+00 1.1922064E-01
2026 07 23 05 34 00 000 4.1498607E-01 2.9700916E+00 1.2610455E-01
2026 07 23 05 35 00 000 3.7554324E-01 2.9338965E+00 1.3301399E-01
2026 07 23 05 36 00 000 3.3601889E-01 2.8970878E+00 1.3994764E-01
2026 07 23 05 37 00 000 2.9641980E-01 2.8596442E+00 1.4690292E-01
2026 07 23 05 38 00 000 2.5674990E-01 2.8215473E+00 1.5387833E-01
2026 07 23 05 39 00 000 2.1701694E-01 2.7827766E+00 1.6087162E-01
2026 07 23 05 40 00 000 1.7722869E-01 2.7433116E+00 1.6787969E-01
2026 07 23 05 41 00 000 1.3739215E-01 2.7031295E+00 1.7490007E-01
2026 07 23 05 42 00 000 9.7515777E-02 2.6622078E+00 1.8192999E-01
2026 07 23 05 43 00 000 5.7611451E-02 2.6205211E+00 1.8896545E-01
2026 07 23 05 44 00 000 1.7687550E-02 2.5780449E+00 1.9600338E-01
2026 07 23 05 45 00 000 -2.2243017E-02 2.5347526E+00 2.0303912E-01
2026 07 23 05 46 00 000 -6.2165778E-02 2.4906170E+00 2.1006873E-01
2026 07 23 05 47 00 000 -1.0206863E-01 2.4456081E+00 2.1708712E-01
2026 07 23 05 48 00 000 -1.4193407E-01 2.3996961E+00 2.2408867E-01
2026 07 23 05 49 00 000 -1.8174474E-01 2.3528495E+00 2.3106755E-01
2026 07 23 05 50 00 000 -2.2147934E-01 2.3050344E+00 2.3801707E-01
2026 07 23 05 51 00 000 -2.6111907E-01 2.2562158E+00 2.4493049E-01
2026 07 23 05 52 00 000 -3.0063757E-01 2.2063587E+00 2.5179917E-01
2026 07 23 05 53 00 000 -3.4000888E-01 2.1554244E+00 2.5861475E-01
2026 07 23 05 54 00 000 -3.7920269E-01 2.1033733E+00 2.6536754E-01
2026 07 23 05 55 00 000 -4.1818705E-01 2.0501642E+00 2.7204663E-01
2026 07 23 05 56 00 000 -4.5692557E-01 1.9957542E+00 2.7864069E-01
2026 07 23 05 57 00 000 -4.9537733E-01 1.9400992E+00 2.8513649E-01
2026 07 23 05 58 00 000 -5.3349799E-01 1.8831528E+00 2.9151970E-01
2026 07 23 05 59 00 000 -5.7123697E-01 1.8248672E+00 2.9777431E-01
2026 07 23 06 00 00 000 -6.0853875E-01 1.7651943E+00 3.0388293E-01
2026 07 23 06 01 00 000 -6.4534312E-01 1.7040830E+00 3.0982640E-01
2026 07 23 06 02 00 000 -6.8158102E-01 1.6414831E+00 3.1558350E-01
2026 07 23 06 03 00 000 -7.1717620E-01 1.5773427E+00 3.2113045E-01
2026 07 23 06 04 00 000 -7.5204408E-01 1.5116115E+00 3.2644120E-01
2026 07 23 06 05 00 000 -7.8609222E-01 1.4442379E+00 3.3148760E-01
2026 07 23 06 06 00 000 -8.1921613E-01 1.3751736E+00 3.3623797E-01
2026 07 23 06 07 00 000 -8.5130113E-01 1.3043722E+00 3.4065792E-01
2026 07 23 06 08 00 000 -8.8222075E-01 1.2317908E+00 3.4470963E-01
2026 07 23 06 09 00 000 -9.1183478E-01 1.1573935E+00 3.4835145E-01
2026 07 23 06 10 00 000 -9.3999082E-01 1.0811505E+00 3.5153934E-01
2026 07 23 06 11 00 000 -9.6652132E-01 1.0030432E+00 3.5422441E-01
2026 07 23 06 12 00 000 -9.9124455E-01 9.2306525E-01 3.5635456E-01
2026 07 23 06 13 00 000 -1.0139650E+00 8.4122574E-01 3.5787460E-01
2026 07 23 06 14 00 000 -1.0344732E+00 7.5755453E-01 3.5872599E-01
2026 07 23 06 15 00 000 -1.0525484E+00 6.7210382E-01 3.5884827E-01
2026 07 23 06 16 00 000 -1.0679597E+00 5.8495468E-01 3.5817894E-01
2026 07 23 06 17 00 000 -1.0804721E+00 4.9621758E-01 3.5665616E-01
2026 07 23 06 18 00 000 -1.0898490E+00 4.0604040E-01 3.5421884E-01
2026 07 23 06 19 00 000 -1.0958599E+00 3.1460729E-01 3.5080984E-01
2026 07 23 06 20 00 000 -1.0982881E+00 2.2214231E-01 3.4637764E-01
2026 07 23 06 21 00 000 -1.0969388E+00 1.2890889E-01 3.4087873E-01
2026 07 23 06 22 00 000 -1.0916488E+00 3.5205901E-02 3.3428055E-01
2026 07 23 06 23 00 000 -1.0822945E+00 -5.8636479E-02 3.2656366E-01
2026 07 23 06 24 00 000 -1.0688016E+00 -1.5226492E-01 3.1772333E-01
2026 07 23 06 25 00 000 -1.0511488E+00 -2.4531288E-01 3.0777121E-01
2026 07 23 06 26 00 000 -1.0293720E+00 -3.3741280E-01 2.9673526E-01
2026 07 23 06 27 00 000 -1.0035651E+00 -4.2820799E-01 2.8465939E-01
2026 07 23 06 28 00 000 -9.7387493E-01 -5.1736408E-01 2.7160168E-01
2026 07 23 06 29 00 000 -9.4049627E-01 -6.0458058E-01 2.5763229E-01
2026 07 23 06 30 00 000 -9.0366203E-01 -6.8959773E-01 2.4283050E-01
2026 07 23 06 31 00 000 -8.6363417E-01 -7.7220064E-01 2.2728123E-01
2026 07 23 06 32 00 000 -8.2069290E-01 -8.5222363E-01 2.1107244E-01
2026 07 23 06 33 00 000 -7.7512699E-01 -9.2954546E-01 1.9429184E-01
2026 07 23 06 34 00 000 -7.2722340E-01 -1.0040925E+00 1.7702509E-01
2026 07 23 06 35 00 000 -6.7726409E-01 -1.0758266E+00 1.5935329E-01
2026 07 23 06 36 00 000 -6.2551570E-01 -1.1447474E+00 1.4135206E-01
2026 07 23 06 37 00 000 -5.7222921E-01 -1.2108814E+00 1.2309083E-01
2026 07 23 06 38 00 000 -5.1763517E-01 -1.2742784E+00 1.0463213E-01
2026 07 23 06 39 00 000 -4.6194613E-01 -1.3350059E+00 8.6031809E-02
2026 07 23 06 40 00 000 -4.0535069E-01 -1.3931454E+00 6.7339107E-02
2026 07 23 06 41 00 000 -3.4802011E-01 -1.4487869E+00 4.8596784E-02
2026 07 23 06 42 00 000 -2.9010585E-01 -1.5020267E+00 2.9842177E-02
2026 07 23 06 43 00 000 -2.3174202E-01 -1.5529644E+00 1.1107383E-02
2026 07 23 06 44 00 000 -1.7304543E-01 -1.6017009E+00 -7.5806221E-03
2026 07 23 06 45 00 000 -1.1411815E-01 -1.6483363E+00 -2.6198845E-02
2026 07 23 06 46 00 000 -5.5050220E-02 -1.6929693E+00 -4.4727895E-02
2026 07 23 06 47 00 000 4.0805801E-03 -1.7356957E+00 -6.3151680E-02
2026 07 23 06 48 00 000 6.3207157E-02 -1.7766080E+00 -8.1456751E-02
2026 07 23 06 49 00 000 1.2227138E-01 -1.8157951E+00 -9.9632405E-02
2026 07 23 06 50 00 000 1.8122318E-01 -1.8533423E+00 -1.1766942E-01
2026 07 23 06 51 00 000 2.4001995E-01 -1.8893298E+00 -1.3556139E-01
2026 07 23 06 52 00 000 2.9862541E-01 -1.9238346E+00 -1.5330257E-01
2026 07 23 06 53 00 000 3.5700795E-01 -1.9569294E+00 -1.7088866E-01
2026 07 23 06 54 00 000 4.1514185E-01 -1.9886827E+00 -1.8831711E-01
2026 07 23 06 55 00 000 4.7300380E-01 -2.0191603E+00 -2.0558549E-01
2026 07 23 06 56 00 000 5.3057462E-01 -2.0484219E+00 -2.2269216E-01
2026 07 23 06 57 00 000 5.8784026E-01 -2.0765264E+00 -2.3963718E-01
2026 07 23 06 58 00 000 6.4478606E-01 -2.1035278E+00 -2.5641984E-01
2026 07 23 06 59 00 000 7.0140350E-01 -2.1294768E+00 -2.7304161E-01
2026 07 23 07 00 00 000 7.5768191E-01 -2.1544220E+00 -2.8950250E-01
2026 07 23 07 01 00 000 8.1361556E-01 -2.1784089E+00 -3.0580378E-01
2026 07 23 07 02 00 000 8.6919934E-01 -2.2014802E+00 -3.2194734E-01
2026 07 23 07 03 00 000 9.2442816E-01 -2.2236764E+00 -3.3793408E-01
2026 07 23 07 04 00 000 9.7929990E-01 -2.2450356E+00 -3.5376674E-01
2026 07 23 07 05 00 000 1.0338128E+00 -2.2655931E+00 -3.6944661E-01
2026 07 23 07 06 00 000 1.0879663E+00 -2.2853832E+00 -3.8497648E-01
2026 07 23 07 07 00 000 1.1417596E+00 -2.3044376E+00 -4.0035841E-01
2026 07 23 07 08 00 000 1.1951928E+00 -2.3227870E+00 -4.1559422E-01
2026 07 23 07 09 00 000 1.2482679E+00 -2.3404596E+00 -4.3068656E-01
2026 07 23 07 10 00 000 1.3009857E+00 -2.3574822E+00 -4.4563806E-01
2026 07 23 07 11 00 000 1.3533471E+00 -2.3738811E+00 -4.6045074E-01
2026 07 23 07 12 00 000 1.4053562E+00 -2.3896792E+00 -4.7512731E-01
2026 07 23 07 13 00 000 1.4570148E+00 -2.4049003E+00 -4.8966992E-01
2026 07 23 07 14 00 000 1.5083256E+00 -2.4195662E+00 -5.0408125E-01
2026 07 23 07 15 00 000 1.5592905E+00 -2.4336972E+00 -5.1836330E-01
2026 07 23 07 16 00 000 1.6099139E+00 -2.4473131E+00 -5.3251880E-01
2026 07 23 07 17 00 000 1.6601986E+00 -2.4604316E+00 -5.4655004E-01
2026 07 23 07 18 00 000 1.7101476E+00 -2.4730725E+00 -5.6045902E-01
2026 07 23 07 19 00 000 1.7597649E+00 -2.4852502E+00 -5.7424855E-01
2026 07 23 07 20 00 000 1.8090544E+00 -2.4969821E+00 -5.8792043E-01
2026 07 23 07 21 00 000 1.8580184E+00 -2.5082831E+00 -6.0147703E-01
2026 07 23 07 22 00 000 1.9066619E+00 -2.5191669E+00 -6.1492068E-01
2026 07 23 07 23 00 000 1.9549879E+00 -2.5296488E+00 -6.2825316E-01
2026 07 23 07 24 00 000 2.0029998E+00 -2.5397410E+00 -6.4147693E-01
2026 07 23 07 25 00 000 2.0507009E+00 -2.5494571E+00 -6.5459353E-01
2026 07 23 07 26 00 000 2.0980964E+00 -2.5588074E+00 -6.6760564E-01
2026 07 23 07 27 00 000 2.1451893E+00 -2.5678048E+00 -6.8051463E-01
2026 07 23 07 28 00 000 2.1919823E+00 -2.5764604E+00 -6.9332272E-01
2026 07 23 07 29 00 000 2.2384794E+00 -2.5847838E+00 -7.0603168E-01
2026 07 23 07 30 00 000 2.2846861E+00 -2.5927856E+00 -7.1864384E-01
2026 07 23 07 31 00 000 2.3306038E+00 -2.6004741E+00 -7.3116064E-01
2026 07 23 07 32 00 000 2.3762360E+00 -2.6078613E+00 -7.4358338E-01
2026 07 23 07 33 00 000 2.4215872E+00 -2.6149538E+00 -7.5591439E-01
2026 07 23 07 34 00 000 2.4666610E+00 -2.6217606E+00 -7.6815492E-01
2026 07 23 07 35 00 000 2.5114598E+00 -2.6282895E+00 -7.8030759E-01
2026 07 23 07 36 00 000 2.5559869E+00 -2.6345501E+00 -7.9237276E-01
2026 07 23 07 37 00 000 2.6002476E+00 -2.6405470E+00 -8.0435288E-01
2026 07 23 07 38 00 000 2.6442428E+00 -2.6462898E+00 -8.1624883E-01
2026 07 23 07 39 00 000 2.6879752E+00 -2.6517851E+00 -8.2806224E-01
2026 07 23 07 40 00 000 2.7314510E+00 -2.6570392E+00 -8.3979523E-01
2026 07 23 07 41 00 000 2.7746708E+00 -2.6620576E+00 -8.5144848E-01
2026 07 23 07 42 00 000 2.8176389E+00 -2.6668487E+00 -8.6302388E-01
2026 07 23 07 43 00 000 2.8603582E+00 -2.6714151E+00 -8.7452269E-01
2026 07 23 07 44 00 000 2.9028306E+00 -2.6757660E+00 -8.8594574E-01
2026 07 23 07 45 00 000 2.9450612E+00 -2.6799045E+00 -8.9729548E-01
2026 07 23 07 46 00 000 2.9870503E+00 -2.6838374E+00 -9.0857178E-01
2026 07 23 07 47 00 000 3.0288022E+00 -2.6875684E+00 -9.1977733E-01
2026 07 23 07 48 00 000 3.0703199E+00 -2.6911035E+00 -9.3091202E-01
2026 07 23 07 49 00 000 3.1116052E+00 -2.6944468E+00 -9.4197845E-01
2026 07 23 07 50 00 000 3.1526599E+00 -2.6976054E+00 -9.5297611E-01
2026 07 23 07 51 00 000 3.1934893E+00 -2.7005796E+00 -9.6390742E-01
2026 07 23 07 52 00 000 3.2340949E+00 -2.7033761E+00 -9.7477329E-01
2026 07 23 07 53 00 000 3.2744782E+00 -2.7059987E+00 -9.8557448E-01
2026 07 23 07 54 00 000 3.3146427E+00 -2.7084522E+00 -9.9631220E-01
2026 07 23 07 55 00 000 3.3545902E+00 -2.7107391E+00 -1.0069872E+00
2026 07 23 07 56 00 000 3.3943233E+00 -2.7128642E+00 -1.0176014E+00
2026 07 23 07 57 00 000 3.4338448E+00 -2.7148306E+00 -1.0281550E+00
2026 07 23 07 58 00 000 3.4731569E+00 -2.7166417E+00 -1.0386488E+00
2026 07 23 07 59 00 000 3.5122616E+00 -2.7183013E+00 -1.0490848E+00
2026 07 23 08 00 00 000 3.5511613E+00 -2.7198129E+00 -1.0594624E+00
2026 07 23 08 01 00 000 3.5898578E+00 -2.7211792E+00 -1.0697839E+00
2026 07 23 08 02 00 000 3.6283550E+00 -2.7224023E+00 -1.0800502E+00
2026 07 23 08 03 00 000 3.6666520E+00 -2.7234886E+00 -1.0902606E+00
2026 07 23 08 04 00 000 3.7047534E+00 -2.7244375E+00 -1.1004180E+00
2026 07 23 08 05 00 000 3.7426605E+00 -2.7252522E+00 -1.1105223E+00
2026 07 23 08 06 00 000 3.7803750E+00 -2.7259369E+00 -1.1205740E+00
2026 07 23 08 07 00 000 3.8178992E+00 -2.7264938E+00 -1.1305740E+00
2026 07 23 08 08 00 000 3.8552346E+00 -2.7269263E+00 -1.1405232E+00
2026 07 23 08 09 00 000 3.8923841E+00 -2.7272351E+00 -1.1504232E+00
2026 07 23 08 10 00 000 3.9293494E+00 -2.7274234E+00 -1.1602736E+00
2026 07 23 08 11 00 000 3.9661300E+00 -2.7274942E+00 -1.1700753E+00
2026 07 23 08 12 00 000 4.0027313E+00 -2.7274477E+00 -1.1798298E+00
2026 07 23 08 13 00 000 4.0391526E+00 -2.7272890E+00 -1.1895369E+00
2026 07 23 08 14 00 000 4.0753975E+00 -2.7270186E+00 -1.1991985E+00
2026 07 23 08 15 00 000 4.1114659E+00 -2.7266388E+00 -1.2088139E+00
2026 07 23 08 16 00 000 4.1473613E+00 -2.7261515E+00 -1.2183846E+00
2026 07 23 08 17 00 000 4.1830816E+00 -2.7255609E+00 -1.2279103E+00
2026 07 23 08 18 00 000 4.2186341E+00 -2.7248642E+00 -1.2373934E+00
2026 07 23 08 19 00 000 4.2540159E+00 -2.7240677E+00 -1.2468326E+00
2026 07 23 08 20 00 000 4.2892308E+00 -2.7231719E+00 -1.2562295E+00
2026 07 23 08 21 00 000 4.3242803E+00 -2.7221787E+00 -1.2655849E+00
2026 07 23 08 22 00 000 4.3591642E+00 -2.7210879E+00 -1.2748995E+00
2026 07 23 08 23 00 000 4.3938866E+00 -2.7199032E+00 -1.2841735E+00
2026 07 23 08 24 00 000 4.4284463E+00 -2.7186263E+00 -1.2934068E+00
2026 07 23 08 25 00 000 4.4628472E+00 -2.7172585E+00 -1.3026005E+00
2026 07 23 08 26 00 000 4.4970894E+00 -2.7157996E+00 -1.3117563E+00
2026 07 23 08 27 00 000 4.5311737E+00 -2.7142546E+00 -1.3208729E+00
2026 07 23 08 28 00 000 4.5651035E+00 -2.7126207E+00 -1.3299526E+00
2026 07 23 08 29 00 000 4.5988779E+00 -2.7109053E+00 -1.3389938E+00
2026 07 23 08 30 00 000 4.6325006E+00 -2.7091024E+00 -1.3479996E+00
2026 07 23 08 31 00 000 4.6659713E+00 -2.7072179E+00 -1.3569682E+00
2026 07 23 08 32 00 000 4.6992912E+00 -2.7052538E+00 -1.3659006E+00
2026 07 23 08 33 00 000 4.7324619E+00 -2.7032106E+00 -1.3747979E+00
2026 07 23 08 34 00 000 4.7654853E+00 -2.7010875E+00 -1.3836606E+00
2026 07 23 08 35 00 000 4.7983618E+00 -2.6988888E+00 -1.3924885E+00
2026 07 23 08 36 00 000 4.8310933E+00 -2.6966126E+00 -1.4012830E+00
2026 07 23 08 37 00 000 4.8636808E+00 -2.6942616E+00 -1.4100441E+00
2026 07 23 08 38 00 000 4.8961263E+00 -2.6918373E+00 -1.4187715E+00
2026 07 23 08 39 00 000 4.9284286E+00 -2.6893427E+00 -1.4274658E+00
2026 07 23 08 40 00 000 4.9605913E+00 -2.6867759E+00 -1.4361278E+00
2026 07 23 08 41 00 000 4.9926147E+00 -2.6841366E+00 -1.4447596E+00
2026 07 23 08 42 00 000 5.0244989E+00 -2.6814301E+00 -1.4533589E+00
2026 07 23 08 43 00 000 5.0562463E+00 -2.6786556E+00 -1.4619269E+00
2026 07 23 08 44 00 000 5.0878582E+00 -2.6758125E+00 -1.4704652E+00
2026 07 23 08 45 00 000 5.1193347E+00 -2.6729033E+00 -1.4789733E+00
2026 07 23 08 46 00 000 5.1506767E+00 -2.6699305E+00 -1.4874507E+00
2026 07 23 08 47 00 000 5.1818867E+00 -2.6668930E+00 -1.4958981E+00
2026 07 23 08 48 00 000 5.2129645E+00 -2.6637909E+00 -1.5043176E+00
2026 07 23 08 49 00 000 5.2439108E+00 -2.6606278E+00 -1.5127078E+00
2026 07 23 08 50 00 000 5.2747283E+00 -2.6574018E+00 -1.5210699E+00
2026 07 23 08 51 00 000 5.3054171E+00 -2.6541147E+00 -1.5294040E+00
2026 07 23 08 52 00 000 5.3359776E+00 -2.6507692E+00 -1.5377100E+00
2026 07 23 08 53 00 000 5.3664112E+00 -2.6473620E+00 -1.5459893E+00
2026 07 23 08 54 00 000 5.3967175E+00 -2.6439016E+00 -1.5542396E+00
2026 07 23 08 55 00 000 5.4269009E+00 -2.6403785E+00 -1.5624653E+00
2026 07 23 08 56 00 000 5.4569597E+00 -2.6368005E+00 -1.5706642E+00
2026 07 23 08 57 00 000 5.4868941E+00 -2.6331675E+00 -1.5788361E+00
2026 07 23 08 58 00 000 5.5167079E+00 -2.6294780E+00 -1.5869828E+00
2026 07 23 08 59 00 000 5.5463986E+00 -2.6257350E+00 -1.5951031E+00
2026 07 23 09 00 00 000 5.5759697E+00 -2.6219368E+00 -1.6031992E+00
2026 07 23 09 01 00 000 5.6054196E+00 -2.6180885E+00 -1.6112688E+00
2026 07 23 09 02 00 000 5.6347523E+00 -2.6141851E+00 -1.6193156E+00
2026 07 23 09 03 00 000 5.6639667E+00 -2.6102297E+00 -1.6273366E+00
2026 07 23 09 04 00 000 5.6930637E+00 -2.6062236E+00 -1.6353341E+00
2026 07 23 09 05 00 000 5.7220435E+00 -2.6021667E+00 -1.6433084E+00
2026 07 23 09 06 00 000 5.7509089E+00 -2.5980585E+00 -1.6512591E+00
2026 07 23 09 07 00 000 5.7796597E+00 -2.5939035E+00 -1.6591852E+00
2026 07 23 09 08 00 000 5.8082952E+00 -2.5896990E+00 -1.6670886E+00
2026 07 23 09 09 00 000 5.8368177E+00 -2.5854459E+00 -1.6749697E+00
2026 07 23 09 10 00 000 5.8652291E+00 -2.5811465E+00 -1.6828274E+00
2026 07 23 09 11 00 000 5.8935275E+00 -2.5767992E+00 -1.6906631E+00
2026 07 23 09 12 00 000 5.9217143E+00 -2.5724063E+00 -1.6984764E+00
2026 07 23 09 13 00 000 5.9497933E+00 -2.5679646E+00 -1.7062691E+00
2026 07 23 09 14 00 000 5.9777598E+00 -2.5634820E+00 -1.7140379E+00
2026 07 23 09 15 00 000 6.0056181E+00 -2.5589507E+00 -1.7217873E+00
2026 07 23 09 16 00 000 6.0333700E+00 -2.5543761E+00 -1.7295148E+00
2026 07 23 09 17 00 000 6.0610137E+00 -2.5497577E+00 -1.7372217E+00
2026 07 23 09 18 00 000 6.0885501E+00 -2.5450969E+00 -1.7449069E+00
2026 07 23 09 19 00 000 6.1159806E+00 -2.5403931E+00 -1.7525711E+00
2026 07 23 09 20 00 000 6.1433067E+00 -2.5356457E+00 -1.7602161E+00
2026 07 23 09 21 00 000 6.1705265E+00 -2.5308576E+00 -1.7678405E+00
2026 07 23 09 22 00 000 6.1976438E+00 -2.5260279E+00 -1.7754439E+00
2026 07 23 09 23 00 000 6.2246571E+00 -2.5211558E+00 -1.7830296E+00
2026 07 23 09 24 00 000 6.2515659E+00 -2.5162442E+00 -1.7905940E+00
2026 07 23 09 25 00 000 6.2783751E+00 -2.5112910E+00 -1.7981399E+00
2026 07 23 09 26 00 000 6.3050814E+00 -2.5062990E+00 -1.8056655E+00
2026 07 23 09 27 00 000 6.3316865E+00 -2.5012660E+00 -1.8131732E+00
2026 07 23 09 28 00 000 6.3581929E+00 -2.4961948E+00 -1.8206620E+00
2026 07 23 09 29 00 000 6.3845997E+00 -2.4910848E+00 -1.8281319E+00
2026 07 23 09 30 00 000 6.4109049E+00 -2.4859378E+00 -1.8355825E+00
2026 07 23 09 31 00 000 6.4371138E+00 -2.4807510E+00 -1.8430159E+00
2026 07 23 09 32 00 000 6.4632239E+00 -2.4755290E+00 -1.8504299E+00
2026 07 23 09 33 00 000 6.4892373E+00 -2.4702680E+00 -1.8578266E+00
2026 07 23 09 34 00 000 6.5151534E+00 -2.4649694E+00 -1.8652049E+00
2026 07 23 09 35 00 000 6.5409737E+00 -2.4596374E+00 -1.8725656E+00
2026 07 23 09 36 00 000 6.5666976E+00 -2.4542685E+00 -1.8799081E+00
2026 07 23 09 37 00 000 6.5923276E+00 -2.4488616E+00 -1.8872342E+00
2026 07 23 09 38 00 000 6.6178613E+00 -2.4434197E+00 -1.8945429E+00
2026 07 23 09 39 00 000 6.6433015E+00 -2.4379461E+00 -1.9018337E+00
2026 07 23 09 40 00 000 6.6686492E+00 -2.4324343E+00 -1.9091077E+00
2026 07 23 09 41 00 000 6.6939039E+00 -2.4268868E+00 -1.9163657E+00
2026 07 23 09 42 00 000 6.7190652E+00 -2.4213095E+00 -1.9236054E+00
2026 07 23 09 43 00 000 6.7441349E+00 -2.4156942E+00 -1.9308298E+00
2026 07 23 09 44 00 000 6.7691126E+00 -2.4100471E+00 -1.9380378E+00
2026 07 23 09 45 00 000 6.7940006E+00 -2.4043670E+00 -1.9452277E+00
2026 07 23 09 46 00 000 6.8187976E+00 -2.3986530E+00 -1.9524031E+00
2026 07 23 09 47 00 000 6.8435040E+00 -2.3929079E+00 -1.9595615E+00
2026 07 23 09 48 00 000 6.8681226E+00 -2.3871267E+00 -1.9667050E+00
2026 07 23 09 49 00 000 6.8926506E+00 -2.3813174E+00 -1.9738311E+00
2026 07 23 09 50 00 000 6.9170909E+00 -2.3754745E+00 -1.9809422E+00
2026 07 23 09 51 00 000 6.9414430E+00 -2.3695986E+00 -1.9880378E+00
2026 07 23 09 52 00 000 6.9657078E+00 -2.3636918E+00 -1.9951175E+00
2026 07 23 09 53 00 000 6.9898844E+00 -2.3577573E+00 -2.0021806E+00
2026 07 23 09 54 00 000 7.0139756E+00 -2.3517880E+00 -2.0092304E+00
2026 07 23 09 55 00 000 7.0379796E+00 -2.3457882E+00 -2.0162647E+00
2026 07 23 09 56 00 000 7.0618987E+00 -2.3397603E+00 -2.0232823E+00
2026 07 23 09 57 00 000 7.0857320E+00 -2.3336995E+00 -2.0302866E+00
2026 07 23 09 58 00 000 7.1094804E+00 -2.3276105E+00 -2.0372748E+00
2026 07 23 09 59 00 000 7.1331453E+00 -2.3214903E+00 -2.0442491E+00
2026 07 23 10 00 00 000 7.1567254E+00 -2.3153427E+00 -2.0512078E+00
2026 07 23 10 01 00 000 7.1802216E+00 -2.3091645E+00 -2.0581517E+00
2026 07 23 10 02 00 000 7.2036352E+00 -2.3029561E+00 -2.0650816E+00
2026 07 23 10 03 00 000 7.2269654E+00 -2.2967196E+00 -2.0719972E+00
2026 07 23 10 04 00 000 7.2502146E+00 -2.2904537E+00 -2.0788980E+00
2026 07 23 10 05 00 000 7.2733812E+00 -2.2841587E+00 -2.0857854E+00
2026 07 23 10 06 00 000 7.2964659E+00 -2.2778375E+00 -2.0926571E+00
2026 07 23 10 07 00 000 7.3194690E+00 -2.2714889E+00 -2.0995142E+00
2026 07 23 10 08 00 000 7.3423920E+00 -2.2651093E+00 -2.1063590E+00
2026 07 23 10 09 00 000 7.3652339E+00 -2.2587049E+00 -2.1131890E+00
2026 07 23 10 10 00 000 7.3879972E+00 -2.2522705E+00 -2.1200051E+00
2026 07 23 10 11 00 000 7.4106798E+00 -2.2458107E+00 -2.1268070E+00
2026 07 23 10 12 00 000 7.4332843E+00 -2.2393219E+00 -2.1335955E+00
2026 07 23 10 13 00 000 7.4558091E+00 -2.2328062E+00 -2.1403699E+00
2026 07 23 10 14 00 000 7.4782553E+00 -2.2262640E+00 -2.1471314E+00
2026 07 23 10 15 00 000 7.5006242E+00 -2.2196963E+00 -2.1538785E+00
2026 07 23 10 16 00 000 7.5229149E+00 -2.2131004E+00 -2.1606128E+00
2026 07 23 10 17 00 000 7.5451288E+00 -2.2064817E+00 -2.1673310E+00
2026 07 23 10 18 00 000 7.5672641E+00 -2.1998332E+00 -2.1740391E+00
2026 07 23 10 19 00 000 7.5893240E+00 -2.1931593E+00 -2.1807325E+00
2026 07 23 10 20 00 000 7.6113076E+00 -2.1864600E+00 -2.1874123E+00
2026 07 23 10 21 00 000 7.6332159E+00 -2.1797347E+00 -2.1940794E+00
2026 07 23 10 22 00 000 7.6550469E+00 -2.1729844E+00 -2.2007322E+00
2026 07 23 10 23 00 000 7.6768041E+00 -2.1662092E+00 -2.2073717E+00
2026 07 23 10 24 00 000 7.6984859E+00 -2.1594045E+00 -2.2140009E+00
2026 07 23 10 25 00 000 7.7200928E+00 -2.1525788E+00 -2.2206147E+00
2026 07 23 10 26 00 000 7.7416263E+00 -2.1457269E+00 -2.2272160E+00
2026 07 23 10 27 00 000 7.7630854E+00 -2.1388485E+00 -2.2338042E+00
2026 07 23 10 28 00 000 7.7844696E+00 -2.1319480E+00 -2.2403796E+00
2026 07 23 10 29 00 000 7.8057814E+00 -2.1250236E+00 -2.2469418E+00
2026 07 23 10 30 00 000 7.8270216E+00 -2.1180723E+00 -2.2534914E+00
2026 07 23 10 31 00 000 7.8481874E+00 -2.1110983E+00 -2.2600274E+00
2026 07 23 10 32 00 000 7.8692813E+00 -2.1040983E+00 -2.2665515E+00
2026 07 23 10 33 00 000 7.8903036E+00 -2.0970745E+00 -2.2730632E+00
2026 07 23 10 34 00 000 7.9112530E+00 -2.0900280E+00 -2.2795615E+00
2026 07 23 10 35 00 000 7.9321332E+00 -2.0829563E+00 -2.2860472E+00
2026 07 23 10 36 00 000 7.9529400E+00 -2.0758643E+00 -2.2925191E+00
2026 07 23 10 37 00 000 7.9736776E+00 -2.0687435E+00 -2.2989807E+00
2026 07 23 10 38 00 000 7.9943438E+00 -2.0616028E+00 -2.3054283E+00
2026 07 23 10 39 00 000 8.0149403E+00 -2.0544362E+00 -2.3118637E+00
2026 07 23 10 40 00 000 8.0354662E+00 -2.0472496E+00 -2.3182862E+00
2026 07 23 10 41 00 000 8.0559235E+00 -2.0400362E+00 -2.3246968E+00
2026 07 23 10 42 00 000 8.0763111E+00 -2.0328026E+00 -2.3310935E+00
2026 07 23 10 43 00 000 8.0966282E+00 -2.0255461E+00 -2.3374786E+00
2026 07 23 10 44 00 000 8.1168795E+00 -2.0182648E+00 -2.3438518E+00
2026 07 23 10 45 00 000 8.1370592E+00 -2.0109584E+00 -2.3502131E+00
2026 07 23 10 46 00 000 8.1571732E+00 -2.0036335E+00 -2.3565605E+00
2026 07 23 10 47 00 000 8.1772165E+00 -1.9962858E+00 -2.3628955E+00
2026 07 23 10 48 00 000 8.1971941E+00 -1.9889134E+00 -2.3692193E+00
2026 07 23 10 49 00 000 8.2171040E+00 -1.9815184E+00 -2.3755307E+00
2026 07 23 10 50 00 000 8.2369461E+00 -1.9741044E+00 -2.3818285E+00
2026 07 23 10 51 00 000 8.2567215E+00 -1.9666665E+00 -2.3881149E+00
2026 07 23 10 52 00 000 8.2764320E+00 -1.9592063E+00 -2.3943884E+00
2026 07 23 10 53 00 000 8.2960739E+00 -1.9517262E+00 -2.4006491E+00
2026 07 23 10 54 00 000 8.3156509E+00 -1.9442210E+00 -2.4068987E+00
2026 07 23 10 55 00 000 8.3351622E+00 -1.9366924E+00 -2.4131367E+00
2026 07 23 10 56 00 000 8.3546066E+00 -1.9291458E+00 -2.4193606E+00
2026 07 23 10 57 00 000 8.3739862E+00 -1.9215772E+00 -2.4255724E+00
2026 07 23 10 58 00 000 8.3933010E+00 -1.9139880E+00 -2.4317718E+00
2026 07 23 10 59 00 000 8.4125509E+00 -1.9063745E+00 -2.4379597E+00
2026 07 23 11 00 00 000 8.4317369E+00 -1.8987416E+00 -2.4441350E+00
2026 07 23 11 01 00 000 8.4508581E+00 -1.8910855E+00 -2.4502983E+00
2026 07 23 11 02 00 000 8.4699144E+00 -1.8834084E+00 -2.4564495E+00
2026 07 23 11 03 00 000 8.4889069E+00 -1.8757125E+00 -2.4625876E+00
2026 07 23 11 04 00 000 8.5078373E+00 -1.8679940E+00 -2.4687133E+00
2026 07 23 11 05 00 000 8.5267029E+00 -1.8602536E+00 -2.4748278E+00
2026 07 23 11 06 00 000 8.5455055E+00 -1.8524917E+00 -2.4809291E+00
2026 07 23 11 07 00 000 8.5642452E+00 -1.8447094E+00 -2.4870191E+00
2026 07 23 11 08 00 000 8.5829229E+00 -1.8369077E+00 -2.4930956E+00
2026 07 23 11 09 00 000 8.6015377E+00 -1.8290837E+00 -2.4991605E+00
2026 07 23 11 10 00 000 8.6200905E+00 -1.8212402E+00 -2.5052128E+00
2026 07 23 11 11 00 000 8.6385813E+00 -1.8133775E+00 -2.5112519E+00
2026 07 23 11 12 00 000 8.6570091E+00 -1.8054919E+00 -2.5172801E+00
2026 07 23 11 13 00 000 8.6753759E+00 -1.7975854E+00 -2.5232966E+00
2026 07 23 11 14 00 000 8.6936808E+00 -1.7896597E+00 -2.5292988E+00
2026 07 23 11 15 00 000 8.7119265E+00 -1.7817127E+00 -2.5352895E+00
2026 07 23 11 16 00 000 8.7301102E+00 -1.7737449E+00 -2.5412681E+00
2026 07 23 11 17 00 000 8.7482338E+00 -1.7657599E+00 -2.5472326E+00
2026 07 23 11 18 00 000 8.7662954E+00 -1.7577534E+00 -2.5531864E+00
2026 07 23 11 19 00 000 8.7842970E+00 -1.7497247E+00 -2.5591276E+00
2026 07 23 11 20 00 000 8.8022394E+00 -1.7416769E+00 -2.5650566E+00
2026 07 23 11 21 00 000 8.8201227E+00 -1.7336107E+00 -2.5709713E+00
2026 07 23 11 22 00 000 8.8379440E+00 -1.7255247E+00 -2.5768752E+00
2026 07 23 11 23 00 000 8.8557072E+00 -1.7174158E+00 -2.5827663E+00
2026 07 23 11 24 00 000 8.8734112E+00 -1.7092900E+00 -2.5886438E+00
2026 07 23 11 25 00 000 8.8910570E+00 -1.7011402E+00 -2.5945115E+00
2026 07 23 11 26 00 000 8.9086418E+00 -1.6929728E+00 -2.6003654E+00
2026 07 23 11 27 00 000 8.9261694E+00 -1.6847903E+00 -2.6062045E+00
2026 07 23 11 28 00 000 8.9436378E+00 -1.6765829E+00 -2.6120329E+00
2026 07 23 11 29 00 000 8.9610481E+00 -1.6683563E+00 -2.6178491E+00
2026 07 23 11 30 00 000 8.9784012E+00 -1.6601121E+00 -2.6236515E+00
2026 07 23 11 31 00 000 8.9956942E+00 -1.6518471E+00 -2.6294417E+00
2026 07 23 11 32 00 000 9.0129337E+00 -1.6435639E+00 -2.6352191E+00
2026 07 23 11 33 00 000 9.0301123E+00 -1.6352607E+00 -2.6409833E+00
2026 07 23 11 34 00 000 9.0472345E+00 -1.6269387E+00 -2.6467354E+00
2026 07 23 11 35 00 000 9.0642986E+00 -1.6185942E+00 -2.6524756E+00
2026 07 23 11 36 00 000 9.0813074E+00 -1.6102358E+00 -2.6582000E+00
2026 07 23 11 37 00 000 9.0982580E+00 -1.6018549E+00 -2.6639135E+00
2026 07 23 11 38 00 000 9.1151524E+00 -1.5934541E+00 -2.6696150E+00
2026 07 23 11 39 00 000 9.1319904E+00 -1.5850366E+00 -2.6753011E+00
2026 07 23 11 40 00 000 9.1487732E+00 -1.5765988E+00 -2.6809764E+00
2026 07 23 11 41 00 000 9.1654987E+00 -1.5681436E+00 -2.6866376E+00
2026 07 23 11 42 00 000 9.1821699E+00 -1.5596668E+00 -2.6922858E+00
2026 07 23 11 43 00 000 9.1987829E+00 -1.5511731E+00 -2.6979210E+00
2026 07 23 11 44 00 000 9.2153425E+00 -1.5426587E+00 -2.7035437E+00
2026 07 23 11 45 00 000 9.2318468E+00 -1.5341283E+00 -2.7091517E+00
2026 07 23 11 46 00 000 9.2482939E+00 -1.5255772E+00 -2.7147484E+00
2026 07 23 11 47 00 000 9.2646885E+00 -1.5170081E+00 -2.7203307E+00
2026 07 23 11 48 00 000 9.2810259E+00 -1.5084164E+00 -2.7259016E+00
2026 07 23 11 49 00 000 9.2973099E+00 -1.4998107E+00 -2.7314568E+00
2026 07 23 11 50 00 000 9.3135395E+00 -1.4911863E+00 -2.7369988E+00
2026 07 23 11 51 00 000 9.3297138E+00 -1.4825413E+00 -2.7425289E+00
2026 07 23 11 52 00 000 9.3458357E+00 -1.4738795E+00 -2.7480445E+00
2026 07 23 11 53 00 000 9.3619022E+00 -1.4651984E+00 -2.7535467E+00
2026 07 23 11 54 00 000 9.3779163E+00 -1.4564977E+00 -2.7590361E+00
2026 07 23 11 55 00 000 9.3938751E+00 -1.4477799E+00 -2.7645113E+00
2026 07 23 11 56 00 000 9.4097795E+00 -1.4390427E+00 -2.7699740E+00
2026 07 23 11 57 00 000 9.4256334E+00 -1.4302915E+00 -2.7754204E+00
2026 07 23 11 58 00 000 9.4414330E+00 -1.4215152E+00 -2.7808564E+00
2026 07 23 11 59 00 000 9.4571800E+00 -1.4127252E+00 -2.7862763E+00
2026 07 23 12 00 00 000 9.4728737E+00 -1.4039150E+00 -2.7916834E+00
2026 07 23 12 01 00 000 9.4885139E+00 -1.3950858E+00 -2.7970769E+00
2026 07 23 12 02 00 000 9.5041018E+00 -1.3862411E+00 -2.8024554E+00
2026 07 23 12 03 00 000 9.5196371E+00 -1.3773780E+00 -2.8078206E+00
2026 07 23 12 04 00 000 9.5351210E+00 -1.3684980E+00 -2.8131707E+00
2026 07 23 12 05 00 000 9.5505524E+00 -1.3595970E+00 -2.8185086E+00
2026 07 23 12 06 00 000 9.5659313E+00 -1.3506776E+00 -2.8238323E+00
2026 07 23 12 07 00 000 9.5812578E+00 -1.3417429E+00 -2.8291416E+00
2026 07 23 12 08 00 000 9.5965338E+00 -1.3327870E+00 -2.8344362E+00
2026 07 23 12 09 00 000 9.6117582E+00 -1.3238128E+00 -2.8397183E+00
2026 07 23 12 10 00 000 9.6269312E+00 -1.3148237E+00 -2.8449843E+00
2026 07 23 12 11 00 000 9.6420536E+00 -1.3058174E+00 -2.8502364E+00
2026 07 23 12 12 00 000 9.6571236E+00 -1.2967913E+00 -2.8554740E+00
2026 07 23 12 13 00 000 9.6721420E+00 -1.2877495E+00 -2.8606968E+00
2026 07 23 12 14 00 000 9.6871109E+00 -1.2786871E+00 -2.8659065E+00
2026 07 23 12 15 00 000 9.7020283E+00 -1.2696128E+00 -2.8710983E+00
2026 07 23 12 16 00 000 9.7168961E+00 -1.2605137E+00 -2.8762796E+00
2026 07 23 12 17 00 000 9.7317142E+00 -1.2513993E+00 -2.8814447E+00
2026 07 23 12 18 00 000 9.7464809E+00 -1.2422683E+00 -2.8865941E+00
2026 07 23 12 19 00 000 9.7611980E+00 -1.2331183E+00 -2.8917305E+00
2026 07 23 12 20 00 000 9.7758636E+00 -1.2239536E+00 -2.8968508E+00
2026 07 23 12 21 00 000 9.7904797E+00 -1.2147708E+00 -2.9019558E+00
2026 07 23 12 22 00 000 9.8050480E+00 -1.2055689E+00 -2.9070468E+00
2026 07 23 12 23 00 000 9.8195648E+00 -1.1963487E+00 -2.9121232E+00
2026 07 23 12 24 00 000 9.8340321E+00 -1.1871138E+00 -2.9171834E+00
2026 07 23 12 25 00 000 9.8484526E+00 -1.1778618E+00 -2.9222286E+00
2026 07 23 12 26 00 000 9.8628206E+00 -1.1685907E+00 -2.9272594E+00
2026 07 23 12 27 00 000 9.8771420E+00 -1.1593013E+00 -2.9322746E+00
2026 07 23 12 28 00 000 9.8914137E+00 -1.1499950E+00 -2.9372747E+00
2026 07 23 12 29 00 000 9.9056358E+00 -1.1406764E+00 -2.9422581E+00
2026 07 23 12 30 00 000 9.9198103E+00 -1.1313335E+00 -2.9472289E+00
2026 07 23 12 31 00 000 9.9339342E+00 -1.1219788E+00 -2.9521818E+00
2026 07 23 12 32 00 000 9.9480114E+00 -1.1126056E+00 -2.9571192E+00
2026 07 23 12 33 00 000 9.9620409E+00 -1.1032135E+00 -2.9620426E+00
2026 07 23 12 34 00 000 9.9760208E+00 -1.0938075E+00 -2.9669483E+00
2026 07 23 12 35 00 000 9.9899530E+00 -1.0843817E+00 -2.9718401E+00
2026 07 23 12 36 00 000 1.0003838E+01 -1.0749387E+00 -2.9767158E+00
2026 07 23 12 37 00 000 1.0017674E+01 -1.0654794E+00 -2.9815757E+00
2026 07 23 12 38 00 000 1.0031464E+01 -1.0560050E+00 -2.9864190E+00
2026 07 23 12 39 00 000 1.0045204E+01 -1.0465133E+00 -2.9912465E+00
2026 07 23 12 40 00 000 1.0058898E+01 -1.0370041E+00 -2.9960573E+00
2026 07 23 12 41 00 000 1.0072544E+01 -1.0274763E+00 -3.0008531E+00
2026 07 23 12 42 00 000 1.0086143E+01 -1.0179331E+00 -3.0056329E+00
2026 07 23 12 43 00 000 1.0099696E+01 -1.0083727E+00 -3.0103960E+00
2026 07 23 12 44 00 000 1.0113201E+01 -9.9879473E-01 -3.0151434E+00
2026 07 23 12 45 00 000 1.0126658E+01 -9.8920661E-01 -3.0198722E+00
2026 07 23 12 46 00 000 1.0140071E+01 -9.7959673E-01 -3.0245852E+00
2026 07 23 12 47 00 000 1.0153435E+01 -9.6996891E-01 -3.0292838E+00
2026 07 23 12 48 00 000 1.0166753E+01 -9.6032822E-01 -3.0339637E+00
2026 07 23 12 49 00 000 1.0180026E+01 -9.5066863E-01 -3.0386279E+00
2026 07 23 12 50 00 000 1.0193251E+01 -9.4099331E-01 -3.0432751E+00
2026 07 23 12 51 00 000 1.0206429E+01 -9.3130380E-01 -3.0479047E+00
2026 07 23 12 52 00 000 1.0219563E+01 -9.2159450E-01 -3.0525191E+00
2026 07 23 12 53 00 000 1.0232650E+01 -9.1187078E-01 -3.0571151E+00
2026 07 23 12 54 00 000 1.0245692E+01 -9.0212798E-01 -3.0616963E+00
2026 07 23 12 55 00 000 1.0258686E+01 -8.9237493E-01 -3.0662575E+00
2026 07 23 12 56 00 000 1.0271637E+01 -8.8260013E-01 -3.0708029E+00
2026 07 23 12 57 00 000 1.0284541E+01 -8.7280953E-01 -3.0753317E+00
2026 07 23 12 58 00 000 1.0297399E+01 -8.6300582E-01 -3.0798423E+00
2026 07 23 12 59 00 000 1.0310213E+01 -8.5318249E-01 -3.0843363E+00
2026 07 23 13 00 00 000 1.0322981E+01 -8.4334642E-01 -3.0888124E+00
2026 07 23 13 01 00 000 1.0335705E+01 -8.3349228E-01 -3.0932715E+00
2026 07 23 13 02 00 000 1.0348383E+01 -8.2362366E-01 -3.0977120E+00
2026 07 23 13 03 00 000 1.0361015E+01 -8.1373656E-01 -3.1021366E+00
2026 07 23 13 04 00 000 1.0373603E+01 -8.0383450E-01 -3.1065423E+00
2026 07 23 13 05 00 000 1.0386147E+01 -7.9391509E-01 -3.1109312E+00
2026 07 23 13 06 00 000 1.0398646E+01 -7.8398371E-01 -3.1153002E+00
2026 07 23 13 07 00 000 1.0411099E+01 -7.7403337E-01 -3.1196532E+00
2026 07 23 13 08 00 000 1.0423510E+01 -7.6406962E-01 -3.1239874E+00
2026 07 23 13 09 00 000 1.0435875E+01 -7.5408858E-01 -3.1283038E+00
2026 07 23 13 10 00 000 1.0448196E+01 -7.4409366E-01 -3.1326022E+00
2026 07 23 13 11 00 000 1.0460474E+01 -7.3408079E-01 -3.1368825E+00
2026 07 23 13 12 00 000 1.0472707E+01 -7.2405434E-01 -3.1411433E+00
2026 07 23 13 13 00 000 1.0484896E+01 -7.1401119E-01 -3.1453869E+00
2026 07 23 13 14 00 000 1.0497041E+01 -7.0395643E-01 -3.1496105E+00
2026 07 23 13 15 00 000 1.0509144E+01 -6.9388235E-01 -3.1538172E+00
2026 07 23 13 16 00 000 1.0521202E+01 -6.8378896E-01 -3.1580067E+00
2026 07 23 13 17 00 000 1.0533216E+01 -6.7368555E-01 -3.1621752E+00
2026 07 23 13 18 00 000 1.0545188E+01 -6.6356772E-01 -3.1663246E+00
2026 07 23 13 19 00 000 1.0557115E+01 -6.5343142E-01 -3.1704569E+00
2026 07 23 13 20 00 000 1.0568999E+01 -6.4328259E-01 -3.1745691E+00
2026 07 23 13 21 00 000 1.0580839E+01 -6.3311660E-01 -3.1786640E+00
2026 07 23 13 22 00 000 1.0592636E+01 -6.2293380E-01 -3.1827397E+00
2026 07 23 13 23 00 000 1.0604393E+01 -6.1273766E-01 -3.1867955E+00
2026 07 23 13 24 00 000 1.0616103E+01 -6.0252571E-01 -3.1908324E+00
2026 07 23 13 25 00 000 1.0627774E+01 -5.9230417E-01 -3.1948488E+00
2026 07 23 13 26 00 000 1.0639400E+01 -5.8206230E-01 -3.1988466E+00
2026 07 23 13 27 00 000 1.0650985E+01 -5.7180434E-01 -3.2028265E+00
2026 07 23 13 28 00 000 1.0662525E+01 -5.6153619E-01 -3.2067854E+00
2026 07 23 13 29 00 000 1.0674024E+01 -5.5124992E-01 -3.2107248E+00
2026 07 23 13 30 00 000 1.0685480E+01 -5.4094851E-01 -3.2146463E+00
2026 07 23 13 31 00 000 1.0696895E+01 -5.3063709E-01 -3.2185454E+00
2026 07 23 13 32 00 000 1.0708266E+01 -5.2030838E-01 -3.2224259E+00
2026 07 23 13 33 00 000 1.0719598E+01 -5.0996560E-01 -3.2262866E+00
2026 07 23 13 34 00 000 1.0730886E+01 -4.9960601E-01 -3.2301285E+00
2026 07 23 13 35 00 000 1.0742128E+01 -4.8923236E-01 -3.2339499E+00
2026 07 23 13 36 00 000 1.0753334E+01 -4.7884393E-01 -3.2377512E+00
2026 07 23 13 37 00 000 1.0764496E+01 -4.6844417E-01 -3.2415311E+00
2026 07 23 13 38 00 000 1.0775616E+01 -4.5803005E-01 -3.2452912E+00
2026 07 23 13 39 00 000 1.0786695E+01 -4.4759816E-01 -3.2490318E+00
2026 07 23 13 40 00 000 1.0797732E+01 -4.3715191E-01 -3.2527530E+00
2026 07 23 13 41 00 000 1.0808727E+01 -4.2669314E-01 -3.2564528E+00
2026 07 23 13 42 00 000 1.0819682E+01 -4.1621780E-01 -3.2601328E+00
2026 07 23 13 43 00 000 1.0830596E+01 -4.0573305E-01 -3.2637899E+00
2026 07 23 13 44 00 000 1.0841467E+01 -3.9523128E-01 -3.2674289E+00
2026 07 23 13 45 00 000 1.0852297E+01 -3.8471773E-01 -3.2710459E+00
2026 07 23 13 46 00 000 1.0863088E+01 -3.7419066E-01 -3.2746420E+00
2026 07 23 13 47 00 000 1.0873835E+01 -3.6364660E-01 -3.2782187E+00
2026 07 23 13 48 00 000 1.0884542E+01 -3.5309035E-01 -3.2817731E+00
2026 07 23 13 49 00 000 1.0895210E+01 -3.4252113E-01 -3.2853062E+00
2026 07 23 13 50 00 000 1.0905835E+01 -3.3193615E-01 -3.2888193E+00
2026 07 23 13 51 00 000 1.0916422E+01 -3.2133773E-01 -3.2923114E+00
2026 07 23 13 52 00 000 1.0926968E+01 -3.1073037E-01 -3.2957807E+00
2026 07 23 13 53 00 000 1.0937471E+01 -3.0010572E-01 -3.2992296E+00
2026 07 23 13 54 00 000 1.0947937E+01 -2.8946671E-01 -3.3026583E+00
2026 07 23 13 55 00 000 1.0958360E+01 -2.7881694E-01 -3.3060639E+00
2026 07 23 13 56 00 000 1.0968741E+01 -2.6815155E-01 -3.3094494E+00
2026 07 23 13 57 00 000 1.0979085E+01 -2.5747505E-01 -3.3128119E+00
2026 07 23 13 58 00 000 1.0989388E+01 -2.4678345E-01 -3.3161535E+00
2026 07 23 13 59 00 000 1.0999652E+01 -2.3608081E-01 -3.3194726E+00
2026 07 23 14 00 00 000 1.1009875E+01 -2.2536598E-01 -3.3227706E+00
2026 07 23 14 01 00 000 1.1020057E+01 -2.1463138E-01 -3.3260481E+00
2026 07 23 14 02 00 000 1.1030200E+01 -2.0388727E-01 -3.3293025E+00
2026 07 23 14 03 00 000 1.1040302E+01 -1.9313321E-01 -3.3325341E+00
2026 07 23 14 04 00 000 1.1050367E+01 -1.8236405E-01 -3.3357444E+00
2026 07 23 14 05 00 000 1.1060390E+01 -1.7158368E-01 -3.3389328E+00
2026 07 23 14 06 00 000 1.1070375E+01 -1.6078946E-01 -3.3420982E+00
2026 07 23 14 07 00 000 1.1080321E+01 -1.4998397E-01 -3.3452415E+00
2026 07 23 14 08 00 000 1.1090226E+01 -1.3916154E-01 -3.3483634E+00
2026 07 23 14 09 00 000 1.1100092E+01 -1.2833151E-01 -3.3514619E+00
2026 07 23 14 10 00 000 1.1109920E+01 -1.1748709E-01 -3.3545380E+00
2026 07 23 14 11 00 000 1.1119706E+01 -1.0663240E-01 -3.3575914E+00
2026 07 23 14 12 00 000 1.1129454E+01 -9.5764972E-02 -3.3606222E+00
2026 07 23 14 13 00 000 1.1139166E+01 -8.4885828E-02 -3.3636305E+00
2026 07 23 14 14 00 000 1.1148835E+01 -7.3992349E-02 -3.3666160E+00
2026 07 23 14 15 00 000 1.1158465E+01 -6.3086227E-02 -3.3695791E+00
2026 07 23 14 16 00 000 1.1168060E+01 -5.2171905E-02 -3.3725181E+00
2026 07 23 14 17 00 000 1.1177615E+01 -4.1242406E-02 -3.3754354E+00
2026 07 23 14 18 00 000 1.1187130E+01 -3.0303635E-02 -3.3783288E+00
2026 07 23 14 19 00 000 1.1196605E+01 -1.9350147E-02 -3.3812003E+00
2026 07 23 14 20 00 000 1.1206042E+01 -8.3859293E-03 -3.3840473E+00
2026 07 23 14 21 00 000 1.1215443E+01 2.5881743E-03 -3.3868718E+00
2026 07 23 14 22 00 000 1.1224804E+01 1.3575997E-02 -3.3896732E+00
2026 07 23 14 23 00 000 1.1234126E+01 2.4576772E-02 -3.3924513E+00
2026 07 23 14 24 00 000 1.1243410E+01 3.5583217E-02 -3.3952050E+00
2026 07 23 14 25 00 000 1.1252655E+01 4.6602771E-02 -3.3979354E+00
2026 07 23 14 26 00 000 1.1261863E+01 5.7637036E-02 -3.4006433E+00
2026 07 23 14 27 00 000 1.1271032E+01 6.8681188E-02 -3.4033270E+00
2026 07 23 14 28 00 000 1.1280164E+01 7.9736151E-02 -3.4059865E+00
2026 07 23 14 29 00 000 1.1289256E+01 9.0802990E-02 -3.4086235E+00
2026 07 23 14 30 00 000 1.1298312E+01 1.0187712E-01 -3.4112360E+00
2026 07 23 14 31 00 000 1.1307327E+01 1.1296311E-01 -3.4138241E+00
2026 07 23 14 32 00 000 1.1316307E+01 1.2405900E-01 -3.4163880E+00
2026 07 23 14 33 00 000 1.1325251E+01 1.3516745E-01 -3.4189289E+00
2026 07 23 14 34 00 000 1.1334153E+01 1.4628510E-01 -3.4214447E+00
2026 07 23 14 35 00 000 1.1343019E+01 1.5741579E-01 -3.4239373E+00
2026 07 23 14 36 00 000 1.1351850E+01 1.6855651E-01 -3.4264061E+00
2026 07 23 14 37 00 000 1.1360641E+01 1.7970812E-01 -3.4288509E+00
2026 07 23 14 38 00 000 1.1369394E+01 1.9086616E-01 -3.4312694E+00
2026 07 23 14 39 00 000 1.1378110E+01 2.0203523E-01 -3.4336646E+00
2026 07 23 14 40 00 000 1.1386789E+01 2.1321765E-01 -3.4360361E+00
2026 07 23 14 41 00 000 1.1395430E+01 2.2440881E-01 -3.4383829E+00
2026 07 23 14 42 00 000 1.1404035E+01 2.3560755E-01 -3.4407048E+00
2026 07 23 14 43 00 000 1.1412602E+01 2.4682139E-01 -3.4430029E+00
2026 07 23 14 44 00 000 1.1421132E+01 2.5803959E-01 -3.4452758E+00
2026 07 23 14 45 00 000 1.1429625E+01 2.6926684E-01 -3.4475229E+00
2026 07 23 14 46 00 000 1.1438081E+01 2.8050810E-01 -3.4497466E+00
2026 07 23 14 47 00 000 1.1446498E+01 2.9175660E-01 -3.4519455E+00
2026 07 23 14 48 00 000 1.1454881E+01 3.0301306E-01 -3.4541190E+00
2026 07 23 14 49 00 000 1.1463225E+01 3.1427839E-01 -3.4562674E+00
2026 07 23 14 50 00 000 1.1471535E+01 3.2555583E-01 -3.4583917E+00
2026 07 23 14 51 00 000 1.1479805E+01 3.3684310E-01 -3.4604909E+00
2026 07 23 14 52 00 000 1.1488042E+01 3.4813175E-01 -3.4625635E+00
2026 07 23 14 53 00 000 1.1496239E+01 3.5943609E-01 -3.4646122E+00
2026 07 23 14 54 00 000 1.1504400E+01 3.7075025E-01 -3.4666367E+00
2026 07 23 14 55 00 000 1.1512525E+01 3.8207078E-01 -3.4686353E+00
2026 07 23 14 56 00 000 1.1520615E+01 3.9339873E-01 -3.4706073E+00
2026 07 23 14 57 00 000 1.1528667E+01 4.0473902E-01 -3.4725564E+00
2026 07 23 14 58 00 000 1.1536682E+01 4.1608277E-01 -3.4744782E+00
2026 07 23 14 59 00 000 1.1544662E+01 4.2743817E-01 -3.4763756E+00
2026 07 23 15 00 00 000 1.1552604E+01 4.3880007E-01 -3.4782465E+00
2026 07 23 15 01 00 000 1.1560513E+01 4.5017517E-01 -3.4800937E+00
2026 07 23 15 02 00 000 1.1568381E+01 4.6155170E-01 -3.4819148E+00
2026 07 23 15 03 00 000 1.1576216E+01 4.7294083E-01 -3.4837091E+00
2026 07 23 15 04 00 000 1.1584016E+01 4.8433575E-01 -3.4854789E+00
2026 07 23 15 05 00 000 1.1591778E+01 4.9573499E-01 -3.4872217E+00
2026 07 23 15 06 00 000 1.1599506E+01 5.0714535E-01 -3.4889400E+00
2026 07 23 15 07 00 000 1.1607196E+01 5.1856136E-01 -3.4906321E+00
2026 07 23 15 08 00 000 1.1614852E+01 5.2998835E-01 -3.4922984E+00
2026 07 23 15 09 00 000 1.1622469E+01 5.4142195E-01 -3.4939401E+00
2026 07 23 15 10 00 000 1.1630053E+01 5.5286336E-01 -3.4955552E+00
2026 07 23 15 11 00 000 1.1637601E+01 5.6431156E-01 -3.4971440E+00
2026 07 23 15 12 00 000 1.1645113E+01 5.7576072E-01 -3.4987056E+00
2026 07 23 15 13 00 000 1.1652590E+01 5.8722186E-01 -3.5002427E+00
2026 07 23 15 14 00 000 1.1660030E+01 5.9868890E-01 -3.5017536E+00
2026 07 23 15 15 00 000 1.1667435E+01 6.1016387E-01 -3.5032384E+00
2026 07 23 15 16 00 000 1.1674806E+01 6.2164927E-01 -3.5046978E+00
2026 07 23 15 17 00 000 1.1682140E+01 6.3313234E-01 -3.5061293E+00
2026 07 23 15 18 00 000 1.1689439E+01 6.4462775E-01 -3.5075359E+00
2026 07 23 15 19 00 000 1.1696702E+01 6.5612978E-01 -3.5089169E+00
2026 07 23 15 20 00 000 1.1703931E+01 6.6763419E-01 -3.5102699E+00
2026 07 23 15 21 00 000 1.1711125E+01 6.7914808E-01 -3.5115986E+00
2026 07 23 15 22 00 000 1.1718282E+01 6.9066733E-01 -3.5129004E+00
2026 07 23 15 23 00 000 1.1725405E+01 7.0219028E-01 -3.5141747E+00
2026 07 23 15 24 00 000 1.1732494E+01 7.1371847E-01 -3.5154223E+00
2026 07 23 15 25 00 000 1.1739546E+01 7.2525299E-01 -3.5166442E+00
2026 07 23 15 26 00 000 1.1746565E+01 7.3679608E-01 -3.5178409E+00
2026 07 23 15 27 00 000 1.1753548E+01 7.4834675E-01 -3.5190103E+00
2026 07 23 15 28 00 000 1.1760495E+01 7.5989807E-01 -3.5201540E+00
2026 07 23 15 29 00 000 1.1767408E+01 7.7145594E-01 -3.5212700E+00
2026 07 23 15 30 00 000 1.1774287E+01 7.8301734E-01 -3.5223596E+00
2026 07 23 15 31 00 000 1.1781130E+01 7.9458284E-01 -3.5234227E+00
2026 07 23 15 32 00 000 1.1787939E+01 8.0615419E-01 -3.5244586E+00
2026 07 23 15 33 00 000 1.1794713E+01 8.1773245E-01 -3.5254698E+00
2026 07 23 15 34 00 000 1.1801454E+01 8.2931310E-01 -3.5264525E+00
2026 07 23 15 35 00 000 1.1808158E+01 8.4090120E-01 -3.5274103E+00
2026 07 23 15 36 00 000 1.1814827E+01 8.5249352E-01 -3.5283408E+00
2026 07 23 15 37 00 000 1.1821463E+01 8.6408943E-01 -3.5292442E+00
2026 07 23 15 38 00 000 1.1828066E+01 8.7568688E-01 -3.5301206E+00
2026 07 23 15 39 00 000 1.1834632E+01 8.8729328E-01 -3.5309711E+00
2026 07 23 15 40 00 000 1.1841165E+01 8.9890146E-01 -3.5317950E+00
2026 07 23 15 41 00 000 1.1847663E+01 9.1051155E-01 -3.5325916E+00
2026 07 23 15 42 00 000 1.1854125E+01 9.2212808E-01 -3.5333617E+00
2026 07 23 15 43 00 000 1.1860556E+01 9.3374819E-01 -3.5341048E+00
2026 07 23 15 44 00 000 1.1866951E+01 9.4537151E-01 -3.5348215E+00
2026 07 23 15 45 00 000 1.1873313E+01 9.5699608E-01 -3.5355103E+00
2026 07 23 15 46 00 000 1.1879641E+01 9.6862322E-01 -3.5361731E+00
2026 07 23 15 47 00 000 1.1885933E+01 9.8025692E-01 -3.5368090E+00
2026 07 23 15 48 00 000 1.1892194E+01 9.9189091E-01 -3.5374174E+00
2026 07 23 15 49 00 000 1.1898417E+01 1.0035309E+00 -3.5379996E+00
2026 07 23 15 50 00 000 1.1904610E+01 1.0151691E+00 -3.5385544E+00
2026 07 23 15 51 00 000 1.1910765E+01 1.0268154E+00 -3.5390832E+00
2026 07 23 15 52 00 000 1.1916890E+01 1.0384575E+00 -3.5395842E+00
2026 07 23 15 53 00 000 1.1922978E+01 1.0501111E+00 -3.5400596E+00
2026 07 23 15 54 00 000 1.1929032E+01 1.0617633E+00 -3.5405073E+00
2026 07 23 15 55 00 000 1.1935056E+01 1.0734154E+00 -3.5409276E+00
2026 07 23 15 56 00 000 1.1941044E+01 1.0850729E+00 -3.5413220E+00
2026 07 23 15 57 00 000 1.1946998E+01 1.0967314E+00 -3.5416899E+00
2026 07 23 15 58 00 000 1.1952919E+01 1.1083859E+00 -3.5420289E+00
2026 07 23 15 59 00 000 1.1958806E+01 1.1200476E+00 -3.5423415E+00
2026 07 23 16 00 00 000 1.1964659E+01 1.1317126E+00 -3.5426288E+00
2026 07 23 16 01 00 000 1.1970478E+01 1.1433798E+00 -3.5428886E+00
2026 07 23 16 02 00 000 1.1976266E+01 1.1550472E+00 -3.5431213E+00
2026 07 23 16 03 00 000 1.1982018E+01 1.1667128E+00 -3.5433266E+00
2026 07 23 16 04 00 000 1.1987739E+01 1.1783816E+00 -3.5435061E+00
2026 07 23 16 05 00 000 1.1993424E+01 1.1900486E+00 -3.5436575E+00
2026 07 23 16 06 00 000 1.1999078E+01 1.2017195E+00 -3.5437825E+00
2026 07 23 16 07 00 000 1.2004697E+01 1.2133930E+00 -3.5438812E+00
2026 07 23 16 08 00 000 1.2010283E+01 1.2250658E+00 -3.5439522E+00
2026 07 23 16 09 00 000 1.2015835E+01 1.2367369E+00 -3.5439970E+00
2026 07 23 16 10 00 000 1.2021356E+01 1.2484074E+00 -3.5440142E+00
2026 07 23 16 11 00 000 1.2026840E+01 1.2600814E+00 -3.5440049E+00
2026 07 23 16 12 00 000 1.2032296E+01 1.2717532E+00 -3.5439684E+00
2026 07 23 16 13 00 000 1.2037715E+01 1.2834252E+00 -3.5439055E+00
2026 07 23 16 14 00 000 1.2043104E+01 1.2950988E+00 -3.5438161E+00
2026 07 23 16 15 00 000 1.2048455E+01 1.3067772E+00 -3.5437002E+00
2026 07 23 16 16 00 000 1.2053779E+01 1.3184443E+00 -3.5435567E+00
2026 07 23 16 17 00 000 1.2059065E+01 1.3301194E+00 -3.5433867E+00
2026 07 23 16 18 00 000 1.2064321E+01 1.3417914E+00 -3.5431905E+00
2026 07 23 16 19 00 000 1.2069545E+01 1.3534609E+00 -3.5429668E+00
2026 07 23 16 20 00 000 1.2074733E+01 1.3651320E+00 -3.5427165E+00
2026 07 23 16 21 00 000 1.2079889E+01 1.3767993E+00 -3.5424397E+00
2026 07 23 16 22 00 000 1.2085014E+01 1.3884717E+00 -3.5421364E+00
2026 07 23 16 23 00 000 1.2090106E+01 1.4001349E+00 -3.5418060E+00
2026 07 23 16 24 00 000 1.2095162E+01 1.4118034E+00 -3.5414498E+00
2026 07 23 16 25 00 000 1.2100189E+01 1.4234663E+00 -3.5410659E+00
2026 07 23 16 26 00 000 1.2105181E+01 1.4351302E+00 -3.5406563E+00
2026 07 23 16 27 00 000 1.2110142E+01 1.4467908E+00 -3.5402207E+00
2026 07 23 16 28 00 000 1.2115069E+01 1.4584479E+00 -3.5397565E+00
2026 07 23 16 29 00 000 1.2119964E+01 1.4701059E+00 -3.5392673E+00
2026 07 23 16 30 00 000 1.2124829E+01 1.4817594E+00 -3.5387518E+00
2026 07 23 16 31 00 000 1.2129658E+01 1.4934103E+00 -3.5382097E+00
2026 07 23 16 32 00 000 1.2134456E+01 1.5050658E+00 -3.5376413E+00
2026 07 23 16 33 00 000 1.2139222E+01 1.5167124E+00 -3.5370460E+00
2026 07 23 16 34 00 000 1.2143953E+01 1.5283597E+00 -3.5364251E+00
2026 07 23 16 35 00 000 1.2148653E+01 1.5400010E+00 -3.5357769E+00
2026 07 23 16 36 00 000 1.2153321E+01 1.5516424E+00 -3.5351036E+00
2026 07 23 16 37 00 000 1.2157958E+01 1.5632845E+00 -3.5344036E+00
2026 07 23 16 38 00 000 1.2162561E+01 1.5749134E+00 -3.5336773E+00
2026 07 23 16 39 00 000 1.2167131E+01 1.5865461E+00 -3.5329251E+00
2026 07 23 16 40 00 000 1.2171672E+01 1.5981747E+00 -3.5321465E+00
2026 07 23 16 41 00 000 1.2176178E+01 1.6097950E+00 -3.5313413E+00
2026 07 23 16 42 00 000 1.2180654E+01 1.6214193E+00 -3.5305109E+00
2026 07 23 16 43 00 000 1.2185095E+01 1.6330378E+00 -3.5296550E+00
2026 07 23 16 44 00 000 1.2189505E+01 1.6446496E+00 -3.5287716E+00
2026 07 23 16 45 00 000 1.2193885E+01 1.6562580E+00 -3.5278630E+00
2026 07 23 16 46 00 000 1.2198231E+01 1.6678632E+00 -3.5269294E+00
2026 07 23 16 47 00 000 1.2202544E+01 1.6794659E+00 -3.5259690E+00
2026 07 23 16 48 00 000 1.2206826E+01 1.6910641E+00 -3.5249832E+00
2026 07 23 16 49 00 000 1.2211076E+01 1.7026547E+00 -3.5239716E+00
2026 07 23 16 50 00 000 1.2215296E+01 1.7142432E+00 -3.5229337E+00
2026 07 23 16 51 00 000 1.2219483E+01 1.7258221E+00 -3.5218706E+00
2026 07 23 16 52 00 000 1.2223637E+01 1.7374024E+00 -3.5207822E+00
2026 07 23 16 53 00 000 1.2227759E+01 1.7489736E+00 -3.5196679E+00
2026 07 23 16 54 00 000 1.2231850E+01 1.7605431E+00 -3.5185287E+00
2026 07 23 16 55 00 000 1.2235910E+01 1.7721108E+00 -3.5173638E+00
2026 07 23 16 56 00 000 1.2239938E+01 1.7836640E+00 -3.5161734E+00
2026 07 23 16 57 00 000 1.2243933E+01 1.7952204E+00 -3.5149579E+00
2026 07 23 16 58 00 000 1.2247898E+01 1.8067660E+00 -3.5137172E+00
2026 07 23 16 59 00 000 1.2251828E+01 1.8183048E+00 -3.5124509E+00
2026 07 23 17 00 00 000 1.2255728E+01 1.8298426E+00 -3.5111599E+00
2026 07 23 17 01 00 000 1.2259597E+01 1.8413765E+00 -3.5098441E+00
2026 07 23 17 02 00 000 1.2263436E+01 1.8528941E+00 -3.5085020E+00
2026 07 23 17 03 00 000 1.2267240E+01 1.8644128E+00 -3.5071356E+00
2026 07 23 17 04 00 000 1.2271014E+01 1.8759246E+00 -3.5057445E+00
2026 07 23 17 05 00 000 1.2274758E+01 1.8874273E+00 -3.5043280E+00
2026 07 23 17 06 00 000 1.2278469E+01 1.8989283E+00 -3.5028877E+00
2026 07 23 17 07 00 000 1.2282149E+01 1.9104174E+00 -3.5014219E+00
2026 07 23 17 08 00 000 1.2285797E+01 1.9219030E+00 -3.4999323E+00
2026 07 23 17 09 00 000 1.2289413E+01 1.9333833E+00 -3.4984171E+00
2026 07 23 17 10 00 000 1.2293000E+01 1.9448476E+00 -3.4968770E+00
2026 07 23 17 11 00 000 1.2296554E+01 1.9563165E+00 -3.4953136E+00
2026 07 23 17 12 00 000 1.2300076E+01 1.9677714E+00 -3.4937253E+00
2026 07 23 17 13 00 000 1.2303568E+01 1.9792224E+00 -3.4921134E+00
2026 07 23 17 14 00 000 1.2307027E+01 1.9906614E+00 -3.4904764E+00
2026 07 23 17 15 00 000 1.2310454E+01 2.0020969E+00 -3.4888153E+00
2026 07 23 17 16 00 000 1.2313855E+01 2.0135210E+00 -3.4871302E+00
2026 07 23 17 17 00 000 1.2317220E+01 2.0249410E+00 -3.4854214E+00
2026 07 23 17 18 00 000 1.2320556E+01 2.0363498E+00 -3.4836884E+00
2026 07 23 17 19 00 000 1.2323859E+01 2.0477569E+00 -3.4819319E+00
2026 07 23 17 20 00 000 1.2327131E+01 2.0591497E+00 -3.4801512E+00
2026 07 23 17 21 00 000 1.2330374E+01 2.0705328E+00 -3.4783463E+00
2026 07 23 17 22 00 000 1.2333584E+01 2.0819113E+00 -3.4765182E+00
2026 07 23 17 23 00 000 1.2336762E+01 2.0932822E+00 -3.4746664E+00
2026 07 23 17 24 00 000 1.2339913E+01 2.1046407E+00 -3.4727912E+00
2026 07 23 17 25 00 000 1.2343030E+01 2.1159961E+00 -3.4708929E+00
2026 07 23 17 26 00 000 1.2346117E+01 2.1273336E+00 -3.4689705E+00
2026 07 23 17 27 00 000 1.2349172E+01 2.1386693E+00 -3.4670255E+00
2026 07 23 17 28 00 000 1.2352197E+01 2.1499946E+00 -3.4650564E+00
2026 07 23 17 29 00 000 1.2355189E+01 2.1613073E+00 -3.4630651E+00
2026 07 23 17 30 00 000 1.2358151E+01 2.1726141E+00 -3.4610510E+00
2026 07 23 17 31 00 000 1.2361084E+01 2.1839087E+00 -3.4590135E+00
2026 07 23 17 32 00 000 1.2363984E+01 2.1951938E+00 -3.4569530E+00
2026 07 23 17 33 00 000 1.2366854E+01 2.2064753E+00 -3.4548702E+00
2026 07 23 17 34 00 000 1.2369696E+01 2.2177365E+00 -3.4527643E+00
2026 07 23 17 35 00 000 1.2372502E+01 2.2289991E+00 -3.4506364E+00
2026 07 23 17 36 00 000 1.2375278E+01 2.2402480E+00 -3.4484854E+00
2026 07 23 17 37 00 000 1.2378026E+01 2.2514827E+00 -3.4463122E+00
2026 07 23 17 38 00 000 1.2380741E+01 2.2627072E+00 -3.4441168E+00
2026 07 23 17 39 00 000 1.2383428E+01 2.2739255E+00 -3.4418983E+00
2026 07 23 17 40 00 000 1.2386082E+01 2.2851298E+00 -3.4396589E+00
2026 07 23 17 41 00 000 1.2388706E+01 2.2963262E+00 -3.4373968E+00
2026 07 23 17 42 00 000 1.2391299E+01 2.3075116E+00 -3.4351132E+00
2026 07 23 17 43 00 000 1.2393860E+01 2.3186877E+00 -3.4328074E+00
2026 07 23 17 44 00 000 1.2396394E+01 2.3298452E+00 -3.4304798E+00
2026 07 23 17 45 00 000 1.2398896E+01 2.3409979E+00 -3.4281304E+00
2026 07 23 17 46 00 000 1.2401366E+01 2.3521409E+00 -3.4257598E+00
2026 07 23 17 47 00 000 1.2403805E+01 2.3632712E+00 -3.4233677E+00
2026 07 23 17 48 00 000 1.2406215E+01 2.3743911E+00 -3.4209538E+00
2026 07 23 17 49 00 000 1.2408596E+01 2.3854916E+00 -3.4185188E+00
2026 07 23 17 50 00 000 1.2410943E+01 2.3965900E+00 -3.4160635E+00
2026 07 23 17 51 00 000 1.2413260E+01 2.4076731E+00 -3.4135859E+00
2026 07 23 17 52 00 000 1.2415551E+01 2.4187429E+00 -3.4110870E+00
2026 07 23 17 53 00 000 1.2417807E+01 2.4298062E+00 -3.4085689E+00
2026 07 23 17 54 00 000 1.2420032E+01 2.4408545E+00 -3.4060287E+00
2026 07 23 17 55 00 000 1.2422230E+01 2.4518890E+00 -3.4034686E+00
2026 07 23 17 56 00 000 1.2424397E+01 2.4629123E+00 -3.4008870E+00
2026 07 23 17 57 00 000 1.2426530E+01 2.4739256E+00 -3.3982859E+00
2026 07 23 17 58 00 000 1.2428637E+01 2.4849215E+00 -3.3956637E+00
2026 07 23 17 59 00 000 1.2430712E+01 2.4959106E+00 -3.3930218E+00
2026 07 23 18 00 00 000 1.2432755E+01 2.5068855E+00 -3.3903599E+00
2026 07 23 18 01 00 000 1.2434771E+01 2.5178452E+00 -3.3876767E+00
2026 07 23 18 02 00 000 1.2436753E+01 2.5287907E+00 -3.3849745E+00
2026 07 23 18 03 00 000 1.2438708E+01 2.5397255E+00 -3.3822527E+00
2026 07 23 18 04 00 000 1.2440633E+01 2.5506496E+00 -3.3795104E+00
2026 07 23 18 05 00 000 1.2442524E+01 2.5615628E+00 -3.3767490E+00
2026 07 23 18 06 00 000 1.2444387E+01 2.5724573E+00 -3.3739679E+00
2026 07 23 18 07 00 000 1.2446221E+01 2.5833411E+00 -3.3711674E+00
2026 07 23 18 08 00 000 1.2448023E+01 2.5942090E+00 -3.3683479E+00
2026 07 23 18 09 00 000 1.2449796E+01 2.6050632E+00 -3.3655088E+00
2026 07 23 18 10 00 000 1.2451538E+01 2.6159046E+00 -3.3626506E+00
2026 07 23 18 11 00 000 1.2453250E+01 2.6267366E+00 -3.3597736E+00
2026 07 23 18 12 00 000 1.2454932E+01 2.6375535E+00 -3.3568780E+00
2026 07 23 18 13 00 000 1.2456584E+01 2.6483531E+00 -3.3539636E+00
2026 07 23 18 14 00 000 1.2458205E+01 2.6591425E+00 -3.3510306E+00
2026 07 23 18 15 00 000 1.2459800E+01 2.6699142E+00 -3.3480785E+00
2026 07 23 18 16 00 000 1.2461361E+01 2.6806741E+00 -3.3451080E+00
2026 07 23 18 17 00 000 1.2462893E+01 2.6914167E+00 -3.3421204E+00
2026 07 23 18 18 00 000 1.2464395E+01 2.7021520E+00 -3.3391135E+00
2026 07 23 18 19 00 000 1.2465866E+01 2.7128639E+00 -3.3360891E+00
2026 07 23 18 20 00 000 1.2467309E+01 2.7235672E+00 -3.3330467E+00
2026 07 23 18 21 00 000 1.2468720E+01 2.7342551E+00 -3.3299861E+00
2026 07 23 18 22 00 000 1.2470102E+01 2.7449298E+00 -3.3269083E+00
2026 07 23 18 23 00 000 1.2471454E+01 2.7555850E+00 -3.3238125E+00
2026 07 23 18 24 00 000 1.2472777E+01 2.7662268E+00 -3.3206995E+00
2026 07 23 18 25 00 000 1.2474069E+01 2.7768567E+00 -3.3175690E+00
2026 07 23 18 26 00 000 1.2475331E+01 2.7874706E+00 -3.3144217E+00
2026 07 23 18 27 00 000 1.2476563E+01 2.7980700E+00 -3.3112559E+00
2026 07 23 18 28 00 000 1.2477765E+01 2.8086510E+00 -3.3080745E+00
2026 07 23 18 29 00 000 1.2478939E+01 2.8192198E+00 -3.3048761E+00
2026 07 23 18 30 00 000 1.2480082E+01 2.8297663E+00 -3.3016598E+00
2026 07 23 18 31 00 000 1.2481194E+01 2.8403053E+00 -3.2984288E+00
2026 07 23 18 32 00 000 1.2482280E+01 2.8508289E+00 -3.2951806E+00
2026 07 23 18 33 00 000 1.2483333E+01 2.8613317E+00 -3.2919147E+00
2026 07 23 18 34 00 000 1.2484355E+01 2.8718264E+00 -3.2886343E+00
2026 07 23 18 35 00 000 1.2485350E+01 2.8822999E+00 -3.2853367E+00
2026 07 23 18 36 00 000 1.2486314E+01 2.8927598E+00 -3.2820232E+00
2026 07 23 18 37 00 000 1.2487249E+01 2.9031999E+00 -3.2786939E+00
2026 07 23 18 38 00 000 1.2488154E+01 2.9136238E+00 -3.2753489E+00
2026 07 23 18 39 00 000 1.2489029E+01 2.9240372E+00 -3.2719886E+00
2026 07 23 18 40 00 000 1.2489874E+01 2.9344332E+00 -3.2686124E+00
2026 07 23 18 41 00 000 1.2490689E+01 2.9448130E+00 -3.2652206E+00
2026 07 23 18 42 00 000 1.2491475E+01 2.9551759E+00 -3.2618141E+00
2026 07 23 18 43 00 000 1.2492231E+01 2.9655204E+00 -3.2583926E+00
2026 07 23 18 44 00 000 1.2492960E+01 2.9758484E+00 -3.2549553E+00
2026 07 23 18 45 00 000 1.2493655E+01 2.9861622E+00 -3.2515035E+00
2026 07 23 18 46 00 000 1.2494323E+01 2.9964595E+00 -3.2480373E+00
2026 07 23 18 47 00 000 1.2494962E+01 3.0067408E+00 -3.2445557E+00
2026 07 23 18 48 00 000 1.2495569E+01 3.0170019E+00 -3.2410600E+00
2026 07 23 18 49 00 000 1.2496150E+01 3.0272453E+00 -3.2375498E+00
2026 07 23 18 50 00 000 1.2496697E+01 3.0374761E+00 -3.2340255E+00
2026 07 23 18 51 00 000 1.2497217E+01 3.0476868E+00 -3.2304869E+00
2026 07 23 18 52 00 000 1.2497708E+01 3.0578840E+00 -3.2269344E+00
2026 07 23 18 53 00 000 1.2498168E+01 3.0680633E+00 -3.2233675E+00
2026 07 23 18 54 00 000 1.2498601E+01 3.0782218E+00 -3.2197881E+00
2026 07 23 18 55 00 000 1.2499001E+01 3.0883648E+00 -3.2161934E+00
2026 07 23 18 56 00 000 1.2499373E+01 3.0984929E+00 -3.2125864E+00
2026 07 23 18 57 00 000 1.2499716E+01 3.1086040E+00 -3.2089663E+00
2026 07 23 18 58 00 000 1.2500029E+01 3.1186984E+00 -3.2053323E+00
2026 07 23 18 59 00 000 1.2500312E+01 3.1287704E+00 -3.2016850E+00
2026 07 23 19 00 00 000 1.2500566E+01 3.1388288E+00 -3.1980257E+00
2026 07 23 19 01 00 000 1.2500790E+01 3.1488690E+00 -3.1943524E+00
2026 07 23 19 02 00 000 1.2500986E+01 3.1588924E+00 -3.1906669E+00
2026 07 23 19 03 00 000 1.2501153E+01 3.1688945E+00 -3.1869690E+00
2026 07 23 19 04 00 000 1.2501288E+01 3.1788840E+00 -3.1832588E+00
2026 07 23 19 05 00 000 1.2501395E+01 3.1888492E+00 -3.1795363E+00
2026 07 23 19 06 00 000 1.2501474E+01 3.1987982E+00 -3.1758006E+00
2026 07 23 19 07 00 000 1.2501522E+01 3.2087336E+00 -3.1720541E+00
2026 07 23 19 08 00 000 1.2501541E+01 3.2186460E+00 -3.1682947E+00
2026 07 23 19 09 00 000 1.2501531E+01 3.2285447E+00 -3.1645241E+00
2026 07 23 19 10 00 000 1.2501493E+01 3.2384241E+00 -3.1607416E+00
2026 07 23 19 11 00 000 1.2501421E+01 3.2482862E+00 -3.1569479E+00
2026 07 23 19 12 00 000 1.2501323E+01 3.2581258E+00 -3.1531420E+00
2026 07 23 19 13 00 000 1.2501197E+01 3.2679501E+00 -3.1493256E+00
2026 07 23 19 14 00 000 1.2501039E+01 3.2777567E+00 -3.1454976E+00
2026 07 23 19 15 00 000 1.2500853E+01 3.2875457E+00 -3.1416590E+00
2026 07 23 19 16 00 000 1.2500638E+01 3.2973149E+00 -3.1378093E+00
2026 07 23 19 17 00 000 1.2500391E+01 3.3070645E+00 -3.1339483E+00
2026 07 23 19 18 00 000 1.2500117E+01 3.3167977E+00 -3.1300774E+00
2026 07 23 19 19 00 000 1.2499815E+01 3.3265100E+00 -3.1261966E+00
2026 07 23 19 20 00 000 1.2499480E+01 3.3362076E+00 -3.1223044E+00
2026 07 23 19 21 00 000 1.2499120E+01 3.3458846E+00 -3.1184025E+00
2026 07 23 19 22 00 000 1.2498729E+01 3.3555403E+00 -3.1144903E+00
2026 07 23 19 23 00 000 1.2498308E+01 3.3651764E+00 -3.1105678E+00
2026 07 23 19 24 00 000 1.2497858E+01 3.3747981E+00 -3.1066358E+00
2026 07 23 19 25 00 000 1.2497379E+01 3.3843999E+00 -3.1026938E+00
2026 07 23 19 26 00 000 1.2496871E+01 3.3939831E+00 -3.0987427E+00
2026 07 23 19 27 00 000 1.2496333E+01 3.4035451E+00 -3.0947821E+00
2026 07 23 19 28 00 000 1.2495767E+01 3.4130905E+00 -3.0908120E+00
2026 07 23 19 29 00 000 1.2495173E+01 3.4226139E+00 -3.0868330E+00
2026 07 23 19 30 00 000 1.2494547E+01 3.4321172E+00 -3.0828450E+00
2026 07 23 19 31 00 000 1.2493895E+01 3.4416025E+00 -3.0788479E+00
2026 07 23 19 32 00 000 1.2493212E+01 3.4510746E+00 -3.0748415E+00
2026 07 23 19 33 00 000 1.2492497E+01 3.4605253E+00 -3.0708275E+00
2026 07 23 19 34 00 000 1.2491755E+01 3.4699531E+00 -3.0668049E+00
2026 07 23 19 35 00 000 1.2490986E+01 3.4793620E+00 -3.0627728E+00
2026 07 23 19 36 00 000 1.2490185E+01 3.4887562E+00 -3.0587330E+00
2026 07 23 19 37 00 000 1.2489357E+01 3.4981217E+00 -3.0546856E+00
2026 07 23 19 38 00 000 1.2488498E+01 3.5074792E+00 -3.0506296E+00
2026 07 23 19 39 00 000 1.2487610E+01 3.5168123E+00 -3.0465660E+00
2026 07 23 19 40 00 000 1.2486696E+01 3.5261250E+00 -3.0424948E+00
2026 07 23 19 41 00 000 1.2485749E+01 3.5354161E+00 -3.0384159E+00
2026 07 23 19 42 00 000 1.2484775E+01 3.5446956E+00 -3.0343292E+00
2026 07 23 19 43 00 000 1.2483773E+01 3.5539453E+00 -3.0302355E+00
2026 07 23 19 44 00 000 1.2482739E+01 3.5631807E+00 -3.0261343E+00
2026 07 23 19 45 00 000 1.2481677E+01 3.5723968E+00 -3.0220263E+00
2026 07 23 19 46 00 000 1.2480587E+01 3.5815933E+00 -3.0179114E+00
2026 07 23 19 47 00 000 1.2479467E+01 3.5907674E+00 -3.0137897E+00
2026 07 23 19 48 00 000 1.2478320E+01 3.5999212E+00 -3.0096612E+00
2026 07 23 19 49 00 000 1.2477141E+01 3.6090596E+00 -3.0055258E+00
2026 07 23 19 50 00 000 1.2475933E+01 3.6181772E+00 -3.0013850E+00
2026 07 23 19 51 00 000 1.2474697E+01 3.6272750E+00 -2.9972367E+00
2026 07 23 19 52 00 000 1.2473433E+01 3.6363473E+00 -2.9930832E+00
2026 07 23 19 53 00 000 1.2472139E+01 3.6454051E+00 -2.9889235E+00
2026 07 23 19 54 00 000 1.2470815E+01 3.6544435E+00 -2.9847572E+00
2026 07 23 19 55 00 000 1.2469463E+01 3.6634588E+00 -2.9805856E+00
2026 07 23 19 56 00 000 1.2468083E+01 3.6724563E+00 -2.9764078E+00
2026 07 23 19 57 00 000 1.2466670E+01 3.6814382E+00 -2.9722250E+00
2026 07 23 19 58 00 000 1.2465233E+01 3.6903934E+00 -2.9680371E+00
2026 07 23 19 59 00 000 1.2463765E+01 3.6993291E+00 -2.9638438E+00
2026 07 23 20 00 00 000 1.2462268E+01 3.7082455E+00 -2.9596450E+00
2026 07 23 20 01 00 000 1.2460740E+01 3.7171400E+00 -2.9554462E+00
2026 07 23 20 02 00 000 1.2459186E+01 3.7260172E+00 -2.9512374E+00
2026 07 23 20 03 00 000 1.2457603E+01 3.7348723E+00 -2.9470243E+00
2026 07 23 20 04 00 000 1.2455988E+01 3.7437105E+00 -2.9428067E+00
2026 07 23 20 05 00 000 1.2454345E+01 3.7525280E+00 -2.9385841E+00
2026 07 23 20 06 00 000 1.2452676E+01 3.7613194E+00 -2.9343574E+00
2026 07 23 20 07 00 000 1.2450975E+01 3.7700987E+00 -2.9301260E+00
2026 07 23 20 08 00 000 1.2449246E+01 3.7788517E+00 -2.9258904E+00
2026 07 23 20 09 00 000 1.2447488E+01 3.7875876E+00 -2.9216516E+00
2026 07 23 20 10 00 000 1.2445702E+01 3.7963014E+00 -2.9174085E+00
2026 07 23 20 11 00 000 1.2443885E+01 3.8049972E+00 -2.9131613E+00
2026 07 23 20 12 00 000 1.2442040E+01 3.8136687E+00 -2.9089103E+00
2026 07 23 20 13 00 000 1.2440166E+01 3.8223276E+00 -2.9046569E+00
2026 07 23 20 14 00 000 1.2438263E+01 3.8309619E+00 -2.9003990E+00
2026 07 23 20 15 00 000 1.2436332E+01 3.8395731E+00 -2.8961389E+00
2026 07 23 20 16 00 000 1.2434371E+01 3.8481634E+00 -2.8918746E+00
2026 07 23 20 17 00 000 1.2432383E+01 3.8567336E+00 -2.8876078E+00
2026 07 23 20 18 00 000 1.2430363E+01 3.8652856E+00 -2.8833382E+00
2026 07 23 20 19 00 000 1.2428315E+01 3.8738220E+00 -2.8790650E+00
2026 07 23 20 20 00 000 1.2426239E+01 3.8823316E+00 -2.8747902E+00
2026 07 23 20 21 00 000 1.2424132E+01 3.8908219E+00 -2.8705122E+00
2026 07 23 20 22 00 000 1.2422000E+01 3.8992910E+00 -2.8662319E+00
2026 07 23 20 23 00 000 1.2419836E+01 3.9077377E+00 -2.8619499E+00
2026 07 23 20 24 00 000 1.2417644E+01 3.9161689E+00 -2.8576651E+00
2026 07 23 20 25 00 000 1.2415422E+01 3.9245777E+00 -2.8533783E+00
2026 07 23 20 26 00 000 1.2413172E+01 3.9329667E+00 -2.8490894E+00
2026 07 23 20 27 00 000 1.2410895E+01 3.9413283E+00 -2.8447998E+00
2026 07 23 20 28 00 000 1.2408587E+01 3.9496758E+00 -2.8405075E+00
2026 07 23 20 29 00 000 1.2406249E+01 3.9580038E+00 -2.8362138E+00
2026 07 23 20 30 00 000 1.2403883E+01 3.9663067E+00 -2.8319182E+00
2026 07 23 20 31 00 000 1.2401488E+01 3.9745967E+00 -2.8276217E+00
2026 07 23 20 32 00 000 1.2399065E+01 3.9828582E+00 -2.8233240E+00
2026 07 23 20 33 00 000 1.2396613E+01 3.9911041E+00 -2.8190250E+00
2026 07 23 20 34 00 000 1.2394135E+01 3.9993246E+00 -2.8147256E+00
2026 07 23 20 35 00 000 1.2391621E+01 4.0075278E+00 -2.8104243E+00
2026 07 23 20 36 00 000 1.2389082E+01 4.0157065E+00 -2.8061233E+00
2026 07 23 20 37 00 000 1.2386515E+01 4.0238705E+00 -2.8018205E+00
2026 07 23 20 38 00 000 1.2383920E+01 4.0320082E+00 -2.7975185E+00
2026 07 23 20 39 00 000 1.2381290E+01 4.0401330E+00 -2.7932153E+00
2026 07 23 20 40 00 000 1.2378635E+01 4.0482302E+00 -2.7889121E+00
2026 07 23 20 41 00 000 1.2375954E+01 4.0563073E+00 -2.7846088E+00
2026 07 23 20 42 00 000 1.2373240E+01 4.0643654E+00 -2.7803047E+00
2026 07 23 20 43 00 000 1.2370499E+01 4.0724034E+00 -2.7760010E+00
2026 07 23 20 44 00 000 1.2367729E+01 4.0804181E+00 -2.7716975E+00
2026 07 23 20 45 00 000 1.2364927E+01 4.0884151E+00 -2.7673945E+00
2026 07 23 20 46 00 000 1.2362103E+01 4.0963907E+00 -2.7630918E+00
2026 07 23 20 47 00 000 1.2359243E+01 4.1043439E+00 -2.7587895E+00
2026 07 23 20 48 00 000 1.2356358E+01 4.1122746E+00 -2.7544878E+00
2026 07 23 20 49 00 000 1.2353443E+01 4.1201897E+00 -2.7501864E+00
2026 07 23 20 50 00 000 1.2350499E+01 4.1280837E+00 -2.7458861E+00
2026 07 23 20 51 00 000 1.2347526E+01 4.1359544E+00 -2.7415869E+00
2026 07 23 20 52 00 000 1.2344525E+01 4.1438012E+00 -2.7372894E+00
2026 07 23 20 53 00 000 1.2341495E+01 4.1516328E+00 -2.7329917E+00
2026 07 23 20 54 00 000 1.2338434E+01 4.1594434E+00 -2.7286961E+00
2026 07 23 20 55 00 000 1.2335345E+01 4.1672325E+00 -2.7244012E+00
2026 07 23 20 56 00 000 1.2332228E+01 4.1750016E+00 -2.7201080E+00
2026 07 23 20 57 00 000 1.2329081E+01 4.1827488E+00 -2.7158167E+00
2026 07 23 20 58 00 000 1.2325906E+01 4.1904726E+00 -2.7115273E+00
2026 07 23 20 59 00 000 1.2322701E+01 4.1981831E+00 -2.7072394E+00
2026 07 23 21 00 00 000 1.2319468E+01 4.2058649E+00 -2.7029526E+00
2026 07 23 21 01 00 000 1.2316206E+01 4.2135315E+00 -2.6986687E+00
2026 07 23 21 02 00 000 1.2312915E+01 4.2211738E+00 -2.6943867E+00
2026 07 23 21 03 00 000 1.2309596E+01 4.2287984E+00 -2.6901071E+00
2026 07 23 21 04 00 000 1.2306248E+01 4.2363992E+00 -2.6858299E+00
2026 07 23 21 05 00 000 1.2302869E+01 4.2439814E+00 -2.6815546E+00
2026 07 23 21 06 00 000 1.2299465E+01 4.2515378E+00 -2.6772819E+00
2026 07 23 21 07 00 000 1.2296026E+01 4.2590828E+00 -2.6730118E+00
2026 07 23 21 08 00 000 1.2292561E+01 4.2666044E+00 -2.6687443E+00
2026 07 23 21 09 00 000 1.2289067E+01 4.2741022E+00 -2.6644800E+00
2026 07 23 21 10 00 000 1.2285547E+01 4.2815809E+00 -2.6602185E+00
2026 07 23 21 11 00 000 1.2281993E+01 4.2890406E+00 -2.6559596E+00
2026 07 23 21 12 00 000 1.2278411E+01 4.2964778E+00 -2.6517043E+00
2026 07 23 21 13 00 000 1.2274805E+01 4.3038907E+00 -2.6474521E+00
2026 07 23 21 14 00 000 1.2271164E+01 4.3112907E+00 -2.6432030E+00
2026 07 23 21 15 00 000 1.2267497E+01 4.3186641E+00 -2.6389580E+00
2026 07 23 21 16 00 000 1.2263803E+01 4.3260179E+00 -2.6347160E+00
2026 07 23 21 17 00 000 1.2260075E+01 4.3333521E+00 -2.6304772E+00
2026 07 23 21 18 00 000 1.2256320E+01 4.3406682E+00 -2.6262422E+00
2026 07 23 21 19 00 000 1.2252537E+01 4.3479576E+00 -2.6220117E+00
2026 07 23 21 20 00 000 1.2248726E+01 4.3552322E+00 -2.6177845E+00
2026 07 23 21 21 00 000 1.2244884E+01 4.3624840E+00 -2.6135609E+00
2026 07 23 21 22 00 000 1.2241013E+01 4.3697138E+00 -2.6093419E+00
2026 07 23 21 23 00 000 1.2237116E+01 4.3769250E+00 -2.6051269E+00
2026 07 23 21 24 00 000 1.2233184E+01 4.3841166E+00 -2.6009161E+00
2026 07 23 21 25 00 000 1.2229230E+01 4.3912807E+00 -2.5967104E+00
2026 07 23 21 26 00 000 1.2225243E+01 4.3984284E+00 -2.5925090E+00
2026 07 23 21 27 00 000 1.2221227E+01 4.4055610E+00 -2.5883112E+00
2026 07 23 21 28 00 000 1.2217183E+01 4.4126706E+00 -2.5841181E+00
2026 07 23 21 29 00 000 1.2213108E+01 4.4197540E+00 -2.5799303E+00
2026 07 23 21 30 00 000 1.2209007E+01 4.4268227E+00 -2.5757470E+00
2026 07 23 21 31 00 000 1.2204874E+01 4.4338713E+00 -2.5715685E+00
2026 07 23 21 32 00 000 1.2200715E+01 4.4408951E+00 -2.5673952E+00
2026 07 23 21 33 00 000 1.2196524E+01 4.4479003E+00 -2.5632272E+00
2026 07 23 21 34 00 000 1.2192307E+01 4.4548836E+00 -2.5590639E+00
2026 07 23 21 35 00 000 1.2188059E+01 4.4618497E+00 -2.5549061E+00
2026 07 23 21 36 00 000 1.2183780E+01 4.4687953E+00 -2.5507534E+00
2026 07 23 21 37 00 000 1.2179476E+01 4.4757171E+00 -2.5466065E+00
2026 07 23 21 38 00 000 1.2175140E+01 4.4826183E+00 -2.5424650E+00
2026 07 23 21 39 00 000 1.2170777E+01 4.4895010E+00 -2.5383291E+00
2026 07 23 21 40 00 000 1.2166384E+01 4.4963655E+00 -2.5341985E+00
2026 07 23 21 41 00 000 1.2161961E+01 4.5032077E+00 -2.5300734E+00
2026 07 23 21 42 00 000 1.2157508E+01 4.5100312E+00 -2.5259547E+00
2026 07 23 21 43 00 000 1.2153028E+01 4.5168300E+00 -2.5218422E+00
2026 07 23 21 44 00 000 1.2148516E+01 4.5236154E+00 -2.5177341E+00
2026 07 23 21 45 00 000 1.2143980E+01 4.5303702E+00 -2.5136340E+00
2026 07 23 21 46 00 000 1.2139412E+01 4.5371118E+00 -2.5095391E+00
2026 07 23 21 47 00 000 1.2134813E+01 4.5438304E+00 -2.5054510E+00
2026 07 23 21 48 00 000 1.2130190E+01 4.5505304E+00 -2.5013678E+00
2026 07 23 21 49 00 000 1.2125533E+01 4.5572124E+00 -2.4972925E+00
2026 07 23 21 50 00 000 1.2120848E+01 4.5638695E+00 -2.4932232E+00
2026 07 23 21 51 00 000 1.2116134E+01 4.5705080E+00 -2.4891605E+00
2026 07 23 21 52 00 000 1.2111392E+01 4.5771255E+00 -2.4851046E+00
2026 07 23 21 53 00 000 1.2106621E+01 4.5837240E+00 -2.4810550E+00
2026 07 23 21 54 00 000 1.2101817E+01 4.5903039E+00 -2.4770122E+00
2026 07 23 21 55 00 000 1.2096989E+01 4.5968590E+00 -2.4729764E+00
2026 07 23 21 56 00 000 1.2092128E+01 4.6033983E+00 -2.4689474E+00
2026 07 23 21 57 00 000 1.2087240E+01 4.6099153E+00 -2.4649258E+00
2026 07 23 21 58 00 000 1.2082322E+01 4.6164103E+00 -2.4609110E+00
2026 07 23 21 59 00 000 1.2077373E+01 4.6228909E+00 -2.4569030E+00
2026 07 23 22 00 00 000 1.2072396E+01 4.6293483E+00 -2.4529023E+00
2026 07 23 22 01 00 000 1.2067391E+01 4.6357851E+00 -2.4489095E+00
2026 07 23 22 02 00 000 1.2062358E+01 4.6421995E+00 -2.4449234E+00
2026 07 23 22 03 00 000 1.2057292E+01 4.6485977E+00 -2.4409454E+00
2026 07 23 22 04 00 000 1.2052198E+01 4.6549745E+00 -2.4369740E+00
2026 07 23 22 05 00 000 1.2047076E+01 4.6613293E+00 -2.4330108E+00
2026 07 23 22 06 00 000 1.2041923E+01 4.6676674E+00 -2.4290555E+00
2026 07 23 22 07 00 000 1.2036741E+01 4.6739831E+00 -2.4251068E+00
2026 07 23 22 08 00 000 1.2031530E+01 4.6802778E+00 -2.4211667E+00
2026 07 23 22 09 00 000 1.2026291E+01 4.6865530E+00 -2.4172349E+00
2026 07 23 22 10 00 000 1.2021021E+01 4.6928110E+00 -2.4133103E+00
2026 07 23 22 11 00 000 1.2015720E+01 4.6990485E+00 -2.4093938E+00
2026 07 23 22 12 00 000 1.2010391E+01 4.7052650E+00 -2.4054852E+00
2026 07 23 22 13 00 000 1.2005035E+01 4.7114596E+00 -2.4015849E+00
2026 07 23 22 14 00 000 1.1999648E+01 4.7176385E+00 -2.3976924E+00
2026 07 23 22 15 00 000 1.1994231E+01 4.7237926E+00 -2.3938088E+00
2026 07 23 22 16 00 000 1.1988787E+01 4.7299309E+00 -2.3899331E+00
2026 07 23 22 17 00 000 1.1983311E+01 4.7360482E+00 -2.3860657E+00
2026 07 23 22 18 00 000 1.1977805E+01 4.7421465E+00 -2.3822062E+00
2026 07 23 22 19 00 000 1.1972272E+01 4.7482214E+00 -2.3783562E+00
2026 07 23 22 20 00 000 1.1966709E+01 4.7542772E+00 -2.3745146E+00
2026 07 23 22 21 00 000 1.1961115E+01 4.7603159E+00 -2.3706813E+00
2026 07 23 22 22 00 000 1.1955493E+01 4.7663355E+00 -2.3668563E+00
2026 07 23 22 23 00 000 1.1949841E+01 4.7723341E+00 -2.3630397E+00
2026 07 23 22 24 00 000 1.1944159E+01 4.7783113E+00 -2.3592329E+00
2026 07 23 22 25 00 000 1.1938451E+01 4.7842655E+00 -2.3554349E+00
2026 07 23 22 26 00 000 1.1932709E+01 4.7902050E+00 -2.3516455E+00
2026 07 23 22 27 00 000 1.1926941E+01 4.7961226E+00 -2.3478651E+00
2026 07 23 22 28 00 000 1.1921141E+01 4.8020229E+00 -2.3440933E+00
2026 07 23 22 29 00 000 1.1915310E+01 4.8079057E+00 -2.3403304E+00
2026 07 23 22 30 00 000 1.1909454E+01 4.8137603E+00 -2.3365772E+00
2026 07 23 22 31 00 000 1.1903565E+01 4.8196020E+00 -2.3328333E+00
2026 07 23 22 32 00 000 1.1897647E+01 4.8254223E+00 -2.3290980E+00
2026 07 23 22 33 00 000 1.1891702E+01 4.8312216E+00 -2.3253725E+00
2026 07 23 22 34 00 000 1.1885722E+01 4.8370066E+00 -2.3216553E+00
2026 07 23 22 35 00 000 1.1879718E+01 4.8427668E+00 -2.3179491E+00
2026 07 23 22 36 00 000 1.1873682E+01 4.8485060E+00 -2.3142514E+00
2026 07 23 22 37 00 000 1.1867616E+01 4.8542295E+00 -2.3105631E+00
2026 07 23 22 38 00 000 1.1861519E+01 4.8599324E+00 -2.3068843E+00
2026 07 23 22 39 00 000 1.1855395E+01 4.8656139E+00 -2.3032157E+00
2026 07 23 22 40 00 000 1.1849240E+01 4.8712778E+00 -2.2995555E+00
2026 07 23 22 41 00 000 1.1843058E+01 4.8769207E+00 -2.2959063E+00
2026 07 23 22 42 00 000 1.1836842E+01 4.8825459E+00 -2.2922661E+00
2026 07 23 22 43 00 000 1.1830599E+01 4.8881531E+00 -2.2886355E+00
2026 07 23 22 44 00 000 1.1824327E+01 4.8937349E+00 -2.2850149E+00
2026 07 23 22 45 00 000 1.1818022E+01 4.8993015E+00 -2.2814038E+00
2026 07 23 22 46 00 000 1.1811690E+01 4.9048467E+00 -2.2778034E+00
2026 07 23 22 47 00 000 1.1805327E+01 4.9103756E+00 -2.2742128E+00
2026 07 23 22 48 00 000 1.1798934E+01 4.9158831E+00 -2.2706320E+00
2026 07 23 22 49 00 000 1.1792513E+01 4.9213681E+00 -2.2670612E+00
2026 07 23 22 50 00 000 1.1786059E+01 4.9268413E+00 -2.2634995E+00
2026 07 23 22 51 00 000 1.1779580E+01 4.9322877E+00 -2.2599497E+00
2026 07 23 22 52 00 000 1.1773066E+01 4.9377193E+00 -2.2564087E+00
2026 07 23 22 53 00 000 1.1766524E+01 4.9431295E+00 -2.2528780E+00
2026 07 23 22 54 00 000 1.1759953E+01 4.9485226E+00 -2.2493584E+00
2026 07 23 22 55 00 000 1.1753354E+01 4.9538898E+00 -2.2458487E+00
2026 07 23 22 56 00 000 1.1746719E+01 4.9592457E+00 -2.2423487E+00
2026 07 23 22 57 00 000 1.1740059E+01 4.9645782E+00 -2.2388597E+00
2026 07 23 22 58 00 000 1.1733368E+01 4.9698939E+00 -2.2353799E+00
2026 07 23 22 59 00 000 1.1726645E+01 4.9751902E+00 -2.2319119E+00
2026 07 23 23 00 00 000 1.1719896E+01 4.9804635E+00 -2.2284541E+00
2026 07 23 23 01 00 000 1.1713116E+01 4.9857183E+00 -2.2250068E+00
2026 07 23 23 02 00 000 1.1706305E+01 4.9909558E+00 -2.2215695E+00
2026 07 23 23 03 00 000 1.1699462E+01 4.9961758E+00 -2.2181432E+00
2026 07 23 23 04 00 000 1.1692593E+01 5.0013704E+00 -2.2147272E+00
2026 07 23 23 05 00 000 1.1685693E+01 5.0065517E+00 -2.2113221E+00
2026 07 23 23 06 00 000 1.1678761E+01 5.0117116E+00 -2.2079277E+00
2026 07 23 23 07 00 000 1.1671798E+01 5.0168524E+00 -2.2045434E+00
2026 07 23 23 08 00 000 1.1664805E+01 5.0219750E+00 -2.2011707E+00
2026 07 23 23 09 00 000 1.1657787E+01 5.0270762E+00 -2.1978085E+00
2026 07 23 23 10 00 000 1.1650734E+01 5.0321598E+00 -2.1944563E+00
2026 07 23 23 11 00 000 1.1643653E+01 5.0372267E+00 -2.1911154E+00
2026 07 23 23 12 00 000 1.1636540E+01 5.0422707E+00 -2.1877859E+00
2026 07 23 23 13 00 000 1.1629400E+01 5.0472970E+00 -2.1844661E+00
2026 07 23 23 14 00 000 1.1622226E+01 5.0523057E+00 -2.1811578E+00
2026 07 23 23 15 00 000 1.1615025E+01 5.0572920E+00 -2.1778607E+00
2026 07 23 23 16 00 000 1.1607791E+01 5.0622625E+00 -2.1745744E+00
2026 07 23 23 17 00 000 1.1600528E+01 5.0672135E+00 -2.1712987E+00
2026 07 23 23 18 00 000 1.1593238E+01 5.0721416E+00 -2.1680346E+00
2026 07 23 23 19 00 000 1.1585912E+01 5.0770545E+00 -2.1647811E+00
2026 07 23 23 20 00 000 1.1578555E+01 5.0819492E+00 -2.1615384E+00
2026 07 23 23 21 00 000 1.1571174E+01 5.0868239E+00 -2.1583073E+00
2026 07 23 23 22 00 000 1.1563758E+01 5.0916781E+00 -2.1550872E+00
2026 07 23 23 23 00 000 1.1556314E+01 5.0965118E+00 -2.1518781E+00
2026 07 23 23 24 00 000 1.1548841E+01 5.1013255E+00 -2.1486797E+00
2026 07 23 23 25 00 000 1.1541333E+01 5.1061249E+00 -2.1454933E+00
2026 07 23 23 26 00 000 1.1533798E+01 5.1109061E+00 -2.1423173E+00
2026 07 23 23 27 00 000 1.1526231E+01 5.1156664E+00 -2.1391528E+00
2026 07 23 23 28 00 000 1.1518634E+01 5.1204062E+00 -2.1359999E+00
2026 07 23 23 29 00 000 1.1511009E+01 5.1251268E+00 -2.1328580E+00
2026 07 23 23 30 00 000 1.1503350E+01 5.1298313E+00 -2.1297274E+00
2026 07 23 23 31 00 000 1.1495659E+01 5.1345191E+00 -2.1266074E+00
2026 07 23 23 32 00 000 1.1487944E+01 5.1391816E+00 -2.1234996E+00
2026 07 23 23 33 00 000 1.1480192E+01 5.1438298E+00 -2.1204023E+00
2026 07 23 23 34 00 000 1.1472414E+01 5.1484571E+00 -2.1173170E+00
2026 07 23 23 35 00 000 1.1464602E+01 5.1530671E+00 -2.1142426E+00
2026 07 23 23 36 00 000 1.1456763E+01 5.1576557E+00 -2.1111796E+00
2026 07 23 23 37 00 000 1.1448891E+01 5.1622267E+00 -2.1081283E+00
2026 07 23 23 38 00 000 1.1440988E+01 5.1667824E+00 -2.1050880E+00
2026 07 23 23 39 00 000 1.1433055E+01 5.1713166E+00 -2.1020584E+00
2026 07 23 23 40 00 000 1.1425090E+01 5.1758285E+00 -2.0990412E+00
2026 07 23 23 41 00 000 1.1417096E+01 5.1803226E+00 -2.0960355E+00
2026 07 23 23 42 00 000 1.1409070E+01 5.1848006E+00 -2.0930405E+00
2026 07 23 23 43 00 000 1.1401016E+01 5.1892571E+00 -2.0900581E+00
2026 07 23 23 44 00 000 1.1392928E+01 5.1936994E+00 -2.0870860E+00
2026 07 23 23 45 00 000 1.1384810E+01 5.1981201E+00 -2.0841250E+00
2026 07 23 23 46 00 000 1.1376661E+01 5.2025228E+00 -2.0811763E+00
2026 07 23 23 47 00 000 1.1368484E+01 5.2069030E+00 -2.0782397E+00
2026 07 23 23 48 00 000 1.1360272E+01 5.2112684E+00 -2.0753140E+00
2026 07 23 23 49 00 000 1.1352032E+01 5.2156143E+00 -2.0723994E+00
2026 07 23 23 50 00 000 1.1343759E+01 5.2199430E+00 -2.0694959E+00
2026 07 23 23 51 00 000 1.1335457E+01 5.2242522E+00 -2.0666044E+00
2026 07 23 23 52 00 000 1.1327122E+01 5.2285409E+00 -2.0637240E+00
2026 07 23 23 53 00 000 1.1318759E+01 5.2328134E+00 -2.0608561E+00
2026 07 23 23 54 00 000 1.1310364E+01 5.2370625E+00 -2.0579991E+00
2026 07 23 23 55 00 000 1.1301938E+01 5.2412930E+00 -2.0551538E+00
2026 07 23 23 56 00 000 1.1293478E+01 5.2455125E+00 -2.0523198E+00
2026 07 23 23 57 00 000 1.1284987E+01 5.2497082E+00 -2.0494967E+00
2026 07 23 23 58 00 000 1.1276469E+01 5.2538843E+00 -2.0466859E+00
2026 07 23 23 59 00 000 1.1267916E+01 5.2580438E+00 -2.0438864E+00
2026 07 24 00 00 00 000 1.1259335E+01 5.2621784E+00 -2.0411077E+00
2026 07 24 00 01 00 000 1.1250724E+01 5.2662978E+00 -2.0383320E+00
2026 07 24 00 02 00 000 1.1242076E+01 5.2704029E+00 -2.0355666E+00
2026 07 24 00 03 00 000 1.1233400E+01 5.2744894E+00 -2.0328128E+00
2026 07 24 00 04 00 000 1.1224693E+01 5.2785535E+00 -2.0300710E+00
2026 07 24 00 05 00 000 1.1215957E+01 5.2825971E+00 -2.0273409E+00
2026 07 24 00 06 00 000 1.1207188E+01 5.2866235E+00 -2.0246217E+00
2026 07 24 00 07 00 000 1.1198385E+01 5.2906342E+00 -2.0219138E+00
2026 07 24 00 08 00 000 1.1189555E+01 5.2946219E+00 -2.0192184E+00
2026 07 24 00 09 00 000 1.1180688E+01 5.2985973E+00 -2.0165329E+00
2026 07 24 00 10 00 000 1.1171793E+01 5.3025508E+00 -2.0138600E+00
2026 07 24 00 11 00 000 1.1162867E+01 5.3064837E+00 -2.0111983E+00
2026 07 24 00 12 00 000 1.1153911E+01 5.3103981E+00 -2.0085485E+00
2026 07 24 00 13 00 000 1.1144919E+01 5.3142962E+00 -2.0059102E+00
2026 07 24 00 14 00 000 1.1135899E+01 5.3181725E+00 -2.0032823E+00
2026 07 24 00 15 00 000 1.1126846E+01 5.3220367E+00 -2.0006664E+00
2026 07 24 00 16 00 000 1.1117763E+01 5.3258767E+00 -1.9980619E+00
2026 07 24 00 17 00 000 1.1108645E+01 5.3296990E+00 -1.9954690E+00
2026 07 24 00 18 00 000 1.1099499E+01 5.3335032E+00 -1.9928877E+00
2026 07 24 00 19 00 000 1.1090322E+01 5.3372874E+00 -1.9903177E+00
2026 07 24 00 20 00 000 1.1081111E+01 5.3410540E+00 -1.9877583E+00
2026 07 24 00 21 00 000 1.1071867E+01 5.3448052E+00 -1.9852101E+00
2026 07 24 00 22 00 000 1.1062593E+01 5.3485341E+00 -1.9826745E+00
2026 07 24 00 23 00 000 1.1053288E+01 5.3522425E+00 -1.9801499E+00
2026 07 24 00 24 00 000 1.1043952E+01 5.3559346E+00 -1.9776366E+00
2026 07 24 00 25 00 000 1.1034582E+01 5.3596053E+00 -1.9751344E+00
2026 07 24 00 26 00 000 1.1025181E+01 5.3632636E+00 -1.9726434E+00
2026 07 24 00 27 00 000 1.1015749E+01 5.3668995E+00 -1.9701632E+00
2026 07 24 00 28 00 000 1.1006285E+01 5.3705149E+00 -1.9676952E+00
2026 07 24 00 29 00 000 1.0996786E+01 5.3741164E+00 -1.9652385E+00
2026 07 24 00 30 00 000 1.0987259E+01 5.3776927E+00 -1.9627925E+00
2026 07 24 00 31 00 000 1.0977696E+01 5.3812566E+00 -1.9603577E+00
2026 07 24 00 32 00 000 1.0968105E+01 5.3848014E+00 -1.9579337E+00
2026 07 24 00 33 00 000 1.0958479E+01 5.3883252E+00 -1.9555215E+00
2026 07 24 00 34 00 000 1.0948825E+01 5.3918304E+00 -1.9531204E+00
2026 07 24 00 35 00 000 1.0939136E+01 5.3953171E+00 -1.9507300E+00
2026 07 24 00 36 00 000 1.0929414E+01 5.3987837E+00 -1.9483515E+00
2026 07 24 00 37 00 000 1.0919662E+01 5.4022341E+00 -1.9459839E+00
2026 07 24 00 38 00 000 1.0909876E+01 5.4056659E+00 -1.9436265E+00
2026 07 24 00 39 00 000 1.0900058E+01 5.4090796E+00 -1.9412804E+00
2026 07 24 00 40 00 000 1.0890208E+01 5.4124708E+00 -1.9389459E+00
2026 07 24 00 41 00 000 1.0880328E+01 5.4158459E+00 -1.9366223E+00
2026 07 24 00 42 00 000 1.0870414E+01 5.4192057E+00 -1.9343095E+00
2026 07 24 00 43 00 000 1.0860466E+01 5.4225397E+00 -1.9320073E+00
2026 07 24 00 44 00 000 1.0850487E+01 5.4258604E+00 -1.9297161E+00
2026 07 24 00 45 00 000 1.0840477E+01 5.4291592E+00 -1.9274361E+00
2026 07 24 00 46 00 000 1.0830434E+01 5.4324389E+00 -1.9251672E+00
2026 07 24 00 47 00 000 1.0820358E+01 5.4357023E+00 -1.9229089E+00
2026 07 24 00 48 00 000 1.0810247E+01 5.4389458E+00 -1.9206613E+00
2026 07 24 00 49 00 000 1.0800105E+01 5.4421721E+00 -1.9184237E+00
2026 07 24 00 50 00 000 1.0789932E+01 5.4453797E+00 -1.9161979E+00
2026 07 24 00 51 00 000 1.0779726E+01 5.4485669E+00 -1.9139822E+00
2026 07 24 00 52 00 000 1.0769487E+01 5.4517336E+00 -1.9117781E+00
2026 07 24 00 53 00 000 1.0759216E+01 5.4548860E+00 -1.9095840E+00
2026 07 24 00 54 00 000 1.0748912E+01 5.4580145E+00 -1.9074008E+00
2026 07 24 00 55 00 000 1.0738572E+01 5.4611311E+00 -1.9052277E+00
2026 07 24 00 56 00 000 1.0728203E+01 5.4642253E+00 -1.9030650E+00
2026 07 24 00 57 00 000 1.0717801E+01 5.4672999E+00 -1.9009136E+00
2026 07 24 00 58 00 000 1.0707367E+01 5.4703541E+00 -1.8987721E+00
2026 07 24 00 59 00 000 1.0696898E+01 5.4733934E+00 -1.8966415E+00
2026 07 24 01 00 00 000 1.0686398E+01 5.4764099E+00 -1.8945210E+00
2026 07 24 01 01 00 000 1.0675861E+01 5.4794126E+00 -1.8924108E+00
2026 07 24 01 02 00 000 1.0665295E+01 5.4823923E+00 -1.8903108E+00
2026 07 24 01 03 00 000 1.0654696E+01 5.4853525E+00 -1.8882217E+00
2026 07 24 01 04 00 000 1.0644065E+01 5.4882936E+00 -1.8861428E+00
2026 07 24 01 05 00 000 1.0633397E+01 5.4912195E+00 -1.8840737E+00
2026 07 24 01 06 00 000 1.0622696E+01 5.4941273E+00 -1.8820149E+00
2026 07 24 01 07 00 000 1.0611965E+01 5.4970136E+00 -1.8799660E+00
2026 07 24 01 08 00 000 1.0601198E+01 5.4998827E+00 -1.8779279E+00
2026 07 24 01 09 00 000 1.0590401E+01 5.5027285E+00 -1.8758994E+00
2026 07 24 01 10 00 000 1.0579570E+01 5.5055575E+00 -1.8738813E+00
2026 07 24 01 11 00 000 1.0568703E+01 5.5083704E+00 -1.8718725E+00
2026 07 24 01 12 00 000 1.0557807E+01 5.5111589E+00 -1.8698742E+00
2026 07 24 01 13 00 000 1.0546872E+01 5.5139332E+00 -1.8678858E+00
2026 07 24 01 14 00 000 1.0535908E+01 5.5166926E+00 -1.8659071E+00
2026 07 24 01 15 00 000 1.0524908E+01 5.5194244E+00 -1.8639381E+00
2026 07 24 01 16 00 000 1.0513876E+01 5.5221391E+00 -1.8619790E+00
2026 07 24 01 17 00 000 1.0502810E+01 5.5248380E+00 -1.8600295E+00
2026 07 24 01 18 00 000 1.0491711E+01 5.5275159E+00 -1.8580900E+00
2026 07 24 01 19 00 000 1.0480577E+01 5.5301771E+00 -1.8561598E+00
2026 07 24 01 20 00 000 1.0469410E+01 5.5328159E+00 -1.8542395E+00
2026 07 24 01 21 00 000 1.0458210E+01 5.5354352E+00 -1.8523284E+00
2026 07 24 01 22 00 000 1.0446978E+01 5.5380363E+00 -1.8504273E+00
2026 07 24 01 23 00 000 1.0435711E+01 5.5406170E+00 -1.8485353E+00
2026 07 24 01 24 00 000 1.0424409E+01 5.5431805E+00 -1.8466522E+00
2026 07 24 01 25 00 000 1.0413074E+01 5.5457268E+00 -1.8447795E+00
2026 07 24 01 26 00 000 1.0401704E+01 5.5482507E+00 -1.8429152E+00
2026 07 24 01 27 00 000 1.0390302E+01 5.5507569E+00 -1.8410605E+00
2026 07 24 01 28 00 000 1.0378864E+01 5.5532436E+00 -1.8392147E+00
2026 07 24 01 29 00 000 1.0367393E+01 5.5557094E+00 -1.8373785E+00
2026 07 24 01 30 00 000 1.0355887E+01 5.5581603E+00 -1.8355509E+00
2026 07 24 01 31 00 000 1.0344347E+01 5.5605893E+00 -1.8337325E+00
2026 07 24 01 32 00 000 1.0332774E+01 5.5630012E+00 -1.8319236E+00
2026 07 24 01 33 00 000 1.0321167E+01 5.5653901E+00 -1.8301228E+00
2026 07 24 01 34 00 000 1.0309525E+01 5.5677614E+00 -1.8283314E+00
2026 07 24 01 35 00 000 1.0297849E+01 5.5701146E+00 -1.8265483E+00
2026 07 24 01 36 00 000 1.0286140E+01 5.5724463E+00 -1.8247747E+00
2026 07 24 01 37 00 000 1.0274396E+01 5.5747595E+00 -1.8230095E+00
2026 07 24 01 38 00 000 1.0262616E+01 5.5770545E+00 -1.8212529E+00
2026 07 24 01 39 00 000 1.0250803E+01 5.5793276E+00 -1.8195047E+00
2026 07 24 01 40 00 000 1.0238956E+01 5.5815811E+00 -1.8177651E+00
2026 07 24 01 41 00 000 1.0227073E+01 5.5838199E+00 -1.8160342E+00
2026 07 24 01 42 00 000 1.0215157E+01 5.5860324E+00 -1.8143111E+00
2026 07 24 01 43 00 000 1.0203207E+01 5.5882287E+00 -1.8125975E+00
2026 07 24 01 44 00 000 1.0191221E+01 5.5904050E+00 -1.8108913E+00
2026 07 24 01 45 00 000 1.0179199E+01 5.5925632E+00 -1.8091933E+00
2026 07 24 01 46 00 000 1.0167143E+01 5.5947042E+00 -1.8075039E+00
2026 07 24 01 47 00 000 1.0155054E+01 5.5968213E+00 -1.8058223E+00
2026 07 24 01 48 00 000 1.0142928E+01 5.5989213E+00 -1.8041489E+00
2026 07 24 01 49 00 000 1.0130769E+01 5.6009989E+00 -1.8024834E+00
2026 07 24 01 50 00 000 1.0118577E+01 5.6030569E+00 -1.8008260E+00
2026 07 24 01 51 00 000 1.0106345E+01 5.6050992E+00 -1.7991762E+00
2026 07 24 01 52 00 000 1.0094080E+01 5.6071200E+00 -1.7975338E+00
2026 07 24 01 53 00 000 1.0081779E+01 5.6091213E+00 -1.7958999E+00
2026 07 24 01 54 00 000 1.0069446E+01 5.6111026E+00 -1.7942731E+00
2026 07 24 01 55 00 000 1.0057076E+01 5.6130624E+00 -1.7926545E+00
2026 07 24 01 56 00 000 1.0044672E+01 5.6150017E+00 -1.7910430E+00
2026 07 24 01 57 00 000 1.0032231E+01 5.6169252E+00 -1.7894390E+00
2026 07 24 01 58 00 000 1.0019755E+01 5.6188269E+00 -1.7878423E+00
2026 07 24 01 59 00 000 1.0007243E+01 5.6207094E+00 -1.7862524E+00
2026 07 24 02 00 00 000 9.9946966E+00 5.6225715E+00 -1.7846708E+00
2026 07 24 02 01 00 000 9.9821167E+00 5.6244121E+00 -1.7830958E+00
2026 07 24 02 02 00 000 9.9694996E+00 5.6262331E+00 -1.7815284E+00
2026 07 24 02 03 00 000 9.9568481E+00 5.6280327E+00 -1.7799673E+00
2026 07 24 02 04 00 000 9.9441576E+00 5.6298180E+00 -1.7784135E+00
2026 07 24 02 05 00 000 9.9314346E+00 5.6315789E+00 -1.7768669E+00
2026 07 24 02 06 00 000 9.9186754E+00 5.6333213E+00 -1.7753263E+00
2026 07 24 02 07 00 000 9.9058809E+00 5.6350412E+00 -1.7737935E+00
2026 07 24 02 08 00 000 9.8930502E+00 5.6367407E+00 -1.7722664E+00
2026 07 24 02 09 00 000 9.8801823E+00 5.6384249E+00 -1.7707461E+00
2026 07 24 02 10 00 000 9.8672791E+00 5.6400890E+00 -1.7692327E+00
2026 07 24 02 11 00 000 9.8543406E+00 5.6417274E+00 -1.7677259E+00
2026 07 24 02 12 00 000 9.8413658E+00 5.6433492E+00 -1.7662250E+00
2026 07 24 02 13 00 000 9.8283548E+00 5.6449509E+00 -1.7647303E+00
2026 07 24 02 14 00 000 9.8153086E+00 5.6465278E+00 -1.7632422E+00
2026 07 24 02 15 00 000 9.8022261E+00 5.6480899E+00 -1.7617599E+00
2026 07 24 02 16 00 000 9.7891064E+00 5.6496282E+00 -1.7602841E+00
2026 07 24 02 17 00 000 9.7759523E+00 5.6511474E+00 -1.7588143E+00
2026 07 24 02 18 00 000 9.7627592E+00 5.6526484E+00 -1.7573497E+00
2026 07 24 02 19 00 000 9.7495317E+00 5.6541238E+00 -1.7558912E+00
2026 07 24 02 20 00 000 9.7362671E+00 5.6555824E+00 -1.7544384E+00
2026 07 24 02 21 00 000 9.7229652E+00 5.6570196E+00 -1.7529913E+00
2026 07 24 02 22 00 000 9.7096281E+00 5.6584353E+00 -1.7515500E+00
2026 07 24 02 23 00 000 9.6962557E+00 5.6598287E+00 -1.7501143E+00
2026 07 24 02 24 00 000 9.6828442E+00 5.6612039E+00 -1.7486836E+00
2026 07 24 02 25 00 000 9.6693983E+00 5.6625590E+00 -1.7472590E+00
2026 07 24 02 26 00 000 9.6559124E+00 5.6638947E+00 -1.7458386E+00
2026 07 24 02 27 00 000 9.6423931E+00 5.6652064E+00 -1.7444234E+00
2026 07 24 02 28 00 000 9.6288338E+00 5.6665001E+00 -1.7430143E+00
2026 07 24 02 29 00 000 9.6152411E+00 5.6677685E+00 -1.7416093E+00
2026 07 24 02 30 00 000 9.6016083E+00 5.6690202E+00 -1.7402097E+00
2026 07 24 02 31 00 000 9.5879402E+00 5.6702504E+00 -1.7388145E+00
2026 07 24 02 32 00 000 9.5742331E+00 5.6714611E+00 -1.7374244E+00
2026 07 24 02 33 00 000 9.5604916E+00 5.6726465E+00 -1.7360384E+00
2026 07 24 02 34 00 000 9.5467110E+00 5.6738129E+00 -1.7346576E+00
2026 07 24 02 35 00 000 9.5328951E+00 5.6749558E+00 -1.7332811E+00
2026 07 24 02 36 00 000 9.5190372E+00 5.6760840E+00 -1.7319087E+00
2026 07 24 02 37 00 000 9.5051470E+00 5.6771860E+00 -1.7305406E+00
2026 07 24 02 38 00 000 9.4912167E+00 5.6782694E+00 -1.7291769E+00
2026 07 24 02 39 00 000 9.4772511E+00 5.6793284E+00 -1.7278175E+00
2026 07 24 02 40 00 000 9.4632473E+00 5.6803660E+00 -1.7264616E+00
2026 07 24 02 41 00 000 9.4492044E+00 5.6813860E+00 -1.7251101E+00
2026 07 24 02 42 00 000 9.4351244E+00 5.6823835E+00 -1.7237624E+00
2026 07 24 02 43 00 000 9.4210091E+00 5.6833549E+00 -1.7224177E+00
2026 07 24 02 44 00 000 9.4068499E+00 5.6843119E+00 -1.7210774E+00
2026 07 24 02 45 00 000 9.3926582E+00 5.6852427E+00 -1.7197405E+00
2026 07 24 02 46 00 000 9.3784266E+00 5.6861529E+00 -1.7184072E+00
2026 07 24 02 47 00 000 9.3641586E+00 5.6870446E+00 -1.7170769E+00
2026 07 24 02 48 00 000 9.3498487E+00 5.6879125E+00 -1.7157496E+00
2026 07 24 02 49 00 000 9.3355055E+00 5.6887569E+00 -1.7144262E+00
2026 07 24 02 50 00 000 9.3211203E+00 5.6895814E+00 -1.7131051E+00
2026 07 24 02 51 00 000 9.3066988E+00 5.6903825E+00 -1.7117882E+00
2026 07 24 02 52 00 000 9.2922382E+00 5.6911640E+00 -1.7104732E+00
2026 07 24 02 53 00 000 9.2777395E+00 5.6919231E+00 -1.7091609E+00
2026 07 24 02 54 00 000 9.2632055E+00 5.6926560E+00 -1.7078516E+00
2026 07 24 02 55 00 000 9.2486277E+00 5.6933737E+00 -1.7065446E+00
2026 07 24 02 56 00 000 9.2340117E+00 5.6940680E+00 -1.7052410E+00
2026 07 24 02 57 00 000 9.2193604E+00 5.6947374E+00 -1.7039386E+00
2026 07 24 02 58 00 000 9.2046680E+00 5.6953859E+00 -1.7026392E+00
2026 07 24 02 59 00 000 9.1899376E+00 5.6960120E+00 -1.7013415E+00
2026 07 24 03 00 00 000 9.1751680E+00 5.6966162E+00 -1.7000464E+00
2026 07 24 03 01 00 000 9.1603594E+00 5.6971984E+00 -1.6987525E+00
2026 07 24 03 02 00 000 9.1455126E+00 5.6977563E+00 -1.6974612E+00
2026 07 24 03 03 00 000 9.1306267E+00 5.6982946E+00 -1.6961718E+00
2026 07 24 03 04 00 000 9.1156998E+00 5.6988111E+00 -1.6948833E+00
2026 07 24 03 05 00 000 9.1007376E+00 5.6992989E+00 -1.6935970E+00
2026 07 24 03 06 00 000 9.0857315E+00 5.6997724E+00 -1.6923115E+00
2026 07 24 03 07 00 000 9.0706892E+00 5.7002168E+00 -1.6910282E+00
2026 07 24 03 08 00 000 9.0556059E+00 5.7006431E+00 -1.6897458E+00
2026 07 24 03 09 00 000 9.0404835E+00 5.7010446E+00 -1.6884640E+00
2026 07 24 03 10 00 000 9.0253210E+00 5.7014236E+00 -1.6871836E+00
2026 07 24 03 11 00 000 9.0101223E+00 5.7017765E+00 -1.6859040E+00
2026 07 24 03 12 00 000 8.9948807E+00 5.7021098E+00 -1.6846250E+00
2026 07 24 03 13 00 000 8.9795980E+00 5.7024221E+00 -1.6833471E+00
2026 07 24 03 14 00 000 8.9642763E+00 5.7027097E+00 -1.6820704E+00
2026 07 24 03 15 00 000 8.9489155E+00 5.7029743E+00 -1.6807933E+00
2026 07 24 03 16 00 000 8.9335136E+00 5.7032166E+00 -1.6795168E+00
2026 07 24 03 17 00 000 8.9180737E+00 5.7034335E+00 -1.6782405E+00
2026 07 24 03 18 00 000 8.9025936E+00 5.7036262E+00 -1.6769639E+00
2026 07 24 03 19 00 000 8.8870707E+00 5.7037978E+00 -1.6756884E+00
2026 07 24 03 20 00 000 8.8715086E+00 5.7039461E+00 -1.6744121E+00
2026 07 24 03 21 00 000 8.8559074E+00 5.7040725E+00 -1.6731362E+00
2026 07 24 03 22 00 000 8.8402653E+00 5.7041712E+00 -1.6718590E+00
2026 07 24 03 23 00 000 8.8245831E+00 5.7042475E+00 -1.6705822E+00
2026 07 24 03 24 00 000 8.8088570E+00 5.7043023E+00 -1.6693041E+00
2026 07 24 03 25 00 000 8.7930937E+00 5.7043309E+00 -1.6680262E+00
2026 07 24 03 26 00 000 8.7772865E+00 5.7043405E+00 -1.6667475E+00
2026 07 24 03 27 00 000 8.7614393E+00 5.7043233E+00 -1.6654675E+00
2026 07 24 03 28 00 000 8.7455530E+00 5.7042794E+00 -1.6641865E+00
2026 07 24 03 29 00 000 8.7296247E+00 5.7042150E+00 -1.6629043E+00
2026 07 24 03 30 00 000 8.7136555E+00 5.7041254E+00 -1.6616217E+00
2026 07 24 03 31 00 000 8.6976452E+00 5.7040124E+00 -1.6603369E+00
2026 07 24 03 32 00 000 8.6815910E+00 5.7038760E+00 -1.6590508E+00
2026 07 24 03 33 00 000 8.6655006E+00 5.7037110E+00 -1.6577632E+00
2026 07 24 03 34 00 000 8.6493635E+00 5.7035275E+00 -1.6564738E+00
2026 07 24 03 35 00 000 8.6331873E+00 5.7033176E+00 -1.6551826E+00
2026 07 24 03 36 00 000 8.6169701E+00 5.7030816E+00 -1.6538898E+00
2026 07 24 03 37 00 000 8.6007099E+00 5.7028222E+00 -1.6525946E+00
2026 07 24 03 38 00 000 8.5844069E+00 5.7025380E+00 -1.6512971E+00
2026 07 24 03 39 00 000 8.5680647E+00 5.7022285E+00 -1.6499970E+00
2026 07 24 03 40 00 000 8.5516787E+00 5.7018957E+00 -1.6486953E+00
2026 07 24 03 41 00 000 8.5352497E+00 5.7015400E+00 -1.6473906E+00
2026 07 24 03 42 00 000 8.5187817E+00 5.7011523E+00 -1.6460836E+00
2026 07 24 03 43 00 000 8.5022707E+00 5.7007437E+00 -1.6447731E+00
2026 07 24 03 44 00 000 8.4857168E+00 5.7003112E+00 -1.6434604E+00
2026 07 24 03 45 00 000 8.4691191E+00 5.6998529E+00 -1.6421441E+00
2026 07 24 03 46 00 000 8.4524803E+00 5.6993675E+00 -1.6408243E+00
2026 07 24 03 47 00 000 8.4357996E+00 5.6988587E+00 -1.6395025E+00
2026 07 24 03 48 00 000 8.4190731E+00 5.6983256E+00 -1.6381758E+00
2026 07 24 03 49 00 000 8.4023085E+00 5.6977625E+00 -1.6368463E+00
2026 07 24 03 50 00 000 8.3854961E+00 5.6971784E+00 -1.6355127E+00
2026 07 24 03 51 00 000 8.3686447E+00 5.6965666E+00 -1.6341761E+00
2026 07 24 03 52 00 000 8.3517475E+00 5.6959305E+00 -1.6328346E+00
2026 07 24 03 53 00 000 8.3348083E+00 5.6952677E+00 -1.6314899E+00
2026 07 24 03 54 00 000 8.3178253E+00 5.6945810E+00 -1.6301407E+00
2026 07 24 03 55 00 000 8.3007994E+00 5.6938643E+00 -1.6287867E+00
2026 07 24 03 56 00 000 8.2837286E+00 5.6931248E+00 -1.6274289E+00
2026 07 24 03 57 00 000 8.2666168E+00 5.6923566E+00 -1.6260660E+00
2026 07 24 03 58 00 000 8.2494602E+00 5.6915646E+00 -1.6246982E+00
2026 07 24 03 59 00 000 8.2322588E+00 5.6907454E+00 -1.6233259E+00
2026 07 24 04 00 00 000 8.2150145E+00 5.6899009E+00 -1.6219487E+00
2026 07 24 04 01 00 000 8.1977262E+00 5.6890268E+00 -1.6205661E+00
2026 07 24 04 02 00 000 8.1803942E+00 5.6881266E+00 -1.6191783E+00
2026 07 24 04 03 00 000 8.1630192E+00 5.6872020E+00 -1.6177855E+00
2026 07 24 04 04 00 000 8.1455975E+00 5.6862488E+00 -1.6163867E+00
2026 07 24 04 05 00 000 8.1281328E+00 5.6852689E+00 -1.6149824E+00
2026 07 24 04 06 00 000 8.1106224E+00 5.6842632E+00 -1.6135725E+00
2026 07 24 04 07 00 000 8.0930691E+00 5.6832290E+00 -1.6121560E+00
2026 07 24 04 08 00 000 8.0754700E+00 5.6821680E+00 -1.6107340E+00
2026 07 24 04 09 00 000 8.0578241E+00 5.6810822E+00 -1.6093056E+00
2026 07 24 04 10 00 000 8.0401373E+00 5.6799645E+00 -1.6078709E+00
2026 07 24 04 11 00 000 8.0224047E+00 5.6788211E+00 -1.6064298E+00
2026 07 24 04 12 00 000 8.0046253E+00 5.6776524E+00 -1.6049823E+00
2026 07 24 04 13 00 000 7.9868007E+00 5.6764565E+00 -1.6035275E+00
2026 07 24 04 14 00 000 7.9689326E+00 5.6752281E+00 -1.6020659E+00
2026 07 24 04 15 00 000 7.9510188E+00 5.6739736E+00 -1.6005974E+00
2026 07 24 04 16 00 000 7.9330578E+00 5.6726918E+00 -1.5991218E+00
2026 07 24 04 17 00 000 7.9150534E+00 5.6713800E+00 -1.5976386E+00
2026 07 24 04 18 00 000 7.8970017E+00 5.6700425E+00 -1.5961479E+00
2026 07 24 04 19 00 000 7.8789048E+00 5.6686730E+00 -1.5946498E+00
2026 07 24 04 20 00 000 7.8607602E+00 5.6672821E+00 -1.5931441E+00
2026 07 24 04 21 00 000 7.8425722E+00 5.6658554E+00 -1.5916300E+00
2026 07 24 04 22 00 000 7.8243375E+00 5.6644030E+00 -1.5901085E+00
2026 07 24 04 23 00 000 7.8060555E+00 5.6629210E+00 -1.5885781E+00
2026 07 24 04 24 00 000 7.7877269E+00 5.6614094E+00 -1.5870396E+00
2026 07 24 04 25 00 000 7.7693529E+00 5.6598711E+00 -1.5854927E+00
2026 07 24 04 26 00 000 7.7509313E+00 5.6583014E+00 -1.5839372E+00
2026 07 24 04 27 00 000 7.7324629E+00 5.6567049E+00 -1.5823733E+00
2026 07 24 04 28 00 000 7.7139478E+00 5.6550765E+00 -1.5807998E+00
2026 07 24 04 29 00 000 7.6953869E+00 5.6534171E+00 -1.5792176E+00
2026 07 24 04 30 00 000 7.6767774E+00 5.6517310E+00 -1.5776261E+00
2026 07 24 04 31 00 000 7.6581187E+00 5.6500168E+00 -1.5760251E+00
2026 07 24 04 32 00 000 7.6394157E+00 5.6482701E+00 -1.5744150E+00
2026 07 24 04 33 00 000 7.6206651E+00 5.6464944E+00 -1.5727953E+00
2026 07 24 04 34 00 000 7.6018648E+00 5.6446872E+00 -1.5711651E+00
2026 07 24 04 35 00 000 7.5830202E+00 5.6428494E+00 -1.5695252E+00
2026 07 24 04 36 00 000 7.5641241E+00 5.6409831E+00 -1.5678756E+00
2026 07 24 04 37 00 000 7.5451818E+00 5.6390862E+00 -1.5662153E+00
2026 07 24 04 38 00 000 7.5261917E+00 5.6371555E+00 -1.5645447E+00
2026 07 24 04 39 00 000 7.5071540E+00 5.6351953E+00 -1.5628635E+00
2026 07 24 04 40 00 000 7.4880662E+00 5.6332030E+00 -1.5611713E+00
2026 07 24 04 41 00 000 7.4689283E+00 5.6311841E+00 -1.5594689E+00
2026 07 24 04 42 00 000 7.4497447E+00 5.6291308E+00 -1.5577551E+00
2026 07 24 04 43 00 000 7.4305115E+00 5.6270466E+00 -1.5560299E+00
2026 07 24 04 44 00 000 7.4112291E+00 5.6249294E+00 -1.5542935E+00
2026 07 24 04 45 00 000 7.3918986E+00 5.6227813E+00 -1.5525457E+00
2026 07 24 04 46 00 000 7.3725181E+00 5.6206026E+00 -1.5507863E+00
2026 07 24 04 47 00 000 7.3530893E+00 5.6183891E+00 -1.5490148E+00
2026 07 24 04 48 00 000 7.3336086E+00 5.6161451E+00 -1.5472314E+00
2026 07 24 04 49 00 000 7.3140793E+00 5.6138697E+00 -1.5454361E+00
2026 07 24 04 50 00 000 7.2945004E+00 5.6115637E+00 -1.5436289E+00
2026 07 24 04 51 00 000 7.2748742E+00 5.6092191E+00 -1.5418082E+00
2026 07 24 04 52 00 000 7.2551947E+00 5.6068482E+00 -1.5399759E+00
2026 07 24 04 53 00 000 7.2354670E+00 5.6044407E+00 -1.5381300E+00
2026 07 24 04 54 00 000 7.2156863E+00 5.6020002E+00 -1.5362716E+00
2026 07 24 04 55 00 000 7.1958575E+00 5.5995274E+00 -1.5344002E+00
2026 07 24 04 56 00 000 7.1759772E+00 5.5970216E+00 -1.5325153E+00
2026 07 24 04 57 00 000 7.1560478E+00 5.5944800E+00 -1.5306172E+00
2026 07 24 04 58 00 000 7.1360650E+00 5.5919070E+00 -1.5287057E+00
2026 07 24 04 59 00 000 7.1160331E+00 5.5892987E+00 -1.5267800E+00
2026 07 24 05 00 00 000 7.0959501E+00 5.5866556E+00 -1.5248405E+00
2026 07 24 05 01 00 000 7.0758152E+00 5.5839810E+00 -1.5228875E+00
2026 07 24 05 02 00 000 7.0556273E+00 5.5812712E+00 -1.5209193E+00
2026 07 24 05 03 00 000 7.0353899E+00 5.5785236E+00 -1.5189375E+00
2026 07 24 05 04 00 000 7.0151010E+00 5.5757432E+00 -1.5169408E+00
2026 07 24 05 05 00 000 6.9947591E+00 5.5729275E+00 -1.5149293E+00
2026 07 24 05 06 00 000 6.9743643E+00 5.5700788E+00 -1.5129033E+00
2026 07 24 05 07 00 000 6.9539185E+00 5.5671930E+00 -1.5108619E+00
2026 07 24 05 08 00 000 6.9334202E+00 5.5642705E+00 -1.5088050E+00
2026 07 24 05 09 00 000 6.9128695E+00 5.5613141E+00 -1.5067332E+00
2026 07 24 05 10 00 000 6.8922663E+00 5.5583210E+00 -1.5046458E+00
2026 07 24 05 11 00 000 6.8716092E+00 5.5552917E+00 -1.5025424E+00
2026 07 24 05 12 00 000 6.8508997E+00 5.5522275E+00 -1.5004233E+00
2026 07 24 05 13 00 000 6.8301363E+00 5.5491247E+00 -1.4982880E+00
2026 07 24 05 14 00 000 6.8093204E+00 5.5459862E+00 -1.4961365E+00
2026 07 24 05 15 00 000 6.7884517E+00 5.5428104E+00 -1.4939688E+00
2026 07 24 05 16 00 000 6.7675281E+00 5.5395970E+00 -1.4917841E+00
2026 07 24 05 17 00 000 6.7465506E+00 5.5363474E+00 -1.4895827E+00
2026 07 24 05 18 00 000 6.7255182E+00 5.5330610E+00 -1.4873646E+00
2026 07 24 05 19 00 000 6.7044330E+00 5.5297360E+00 -1.4851291E+00
2026 07 24 05 20 00 000 6.6832919E+00 5.5263724E+00 -1.4828763E+00
2026 07 24 05 21 00 000 6.6621003E+00 5.5229692E+00 -1.4806061E+00
2026 07 24 05 22 00 000 6.6408510E+00 5.5195289E+00 -1.4783182E+00
2026 07 24 05 23 00 000 6.6195469E+00 5.5160513E+00 -1.4760128E+00
2026 07 24 05 24 00 000 6.5981884E+00 5.5125322E+00 -1.4736890E+00
2026 07 24 05 25 00 000 6.5767722E+00 5.5089779E+00 -1.4713472E+00
2026 07 24 05 26 00 000 6.5553050E+00 5.5053797E+00 -1.4689871E+00
2026 07 24 05 27 00 000 6.5337777E+00 5.5017467E+00 -1.4666086E+00
2026 07 24 05 28 00 000 6.5121975E+00 5.4980698E+00 -1.4642110E+00
2026 07 24 05 29 00 000 6.4905596E+00 5.4943562E+00 -1.4617949E+00
2026 07 24 05 30 00 000 6.4688663E+00 5.4905996E+00 -1.4593593E+00
2026 07 24 05 31 00 000 6.4471164E+00 5.4868054E+00 -1.4569049E+00
2026 07 24 05 32 00 000 6.4253111E+00 5.4829674E+00 -1.4544305E+00
2026 07 24 05 33 00 000 6.4034491E+00 5.4790888E+00 -1.4519367E+00
2026 07 24 05 34 00 000 6.3815284E+00 5.4751682E+00 -1.4494230E+00
2026 07 24 05 35 00 000 6.3595510E+00 5.4712081E+00 -1.4468895E+00
2026 07 24 05 36 00 000 6.3375177E+00 5.4672070E+00 -1.4443363E+00
2026 07 24 05 37 00 000 6.3154240E+00 5.4631624E+00 -1.4417617E+00
2026 07 24 05 38 00 000 6.2932763E+00 5.4590740E+00 -1.4391671E+00
2026 07 24 05 39 00 000 6.2710690E+00 5.4549441E+00 -1.4365515E+00
2026 07 24 05 40 00 000 6.2488031E+00 5.4507718E+00 -1.4339155E+00
2026 07 24 05 41 00 000 6.2264795E+00 5.4465566E+00 -1.4312577E+00
2026 07 24 05 42 00 000 6.2040982E+00 5.4422951E+00 -1.4285789E+00
2026 07 24 05 43 00 000 6.1816583E+00 5.4379916E+00 -1.4258785E+00
2026 07 24 05 44 00 000 6.1591582E+00 5.4336452E+00 -1.4231565E+00
2026 07 24 05 45 00 000 6.1365986E+00 5.4292545E+00 -1.4204130E+00
2026 07 24 05 46 00 000 6.1139798E+00 5.4248195E+00 -1.4176466E+00
2026 07 24 05 47 00 000 6.0913019E+00 5.4203391E+00 -1.4148587E+00
2026 07 24 05 48 00 000 6.0685649E+00 5.4158111E+00 -1.4120475E+00
2026 07 24 05 49 00 000 6.0457683E+00 5.4112396E+00 -1.4092144E+00
2026 07 24 05 50 00 000 6.0229096E+00 5.4066219E+00 -1.4063584E+00
2026 07 24 05 51 00 000 5.9999909E+00 5.4019594E+00 -1.4034791E+00
2026 07 24 05 52 00 000 5.9770126E+00 5.3972492E+00 -1.4005766E+00
2026 07 24 05 53 00 000 5.9539723E+00 5.3924928E+00 -1.3976506E+00
2026 07 24 05 54 00 000 5.9308729E+00 5.3876886E+00 -1.3947011E+00
2026 07 24 05 55 00 000 5.9077091E+00 5.3828378E+00 -1.3917277E+00
2026 07 24 05 56 00 000 5.8844862E+00 5.3779373E+00 -1.3887302E+00
2026 07 24 05 57 00 000 5.8612008E+00 5.3729901E+00 -1.3857086E+00
2026 07 24 05 58 00 000 5.8378539E+00 5.3679957E+00 -1.3826625E+00
2026 07 24 05 59 00 000 5.8144441E+00 5.3629494E+00 -1.3795915E+00
2026 07 24 06 00 00 000 5.7909732E+00 5.3578558E+00 -1.3764957E+00
2026 07 24 06 01 00 000 5.7674379E+00 5.3527131E+00 -1.3733755E+00
2026 07 24 06 02 00 000 5.7438412E+00 5.3475184E+00 -1.3702294E+00
2026 07 24 06 03 00 000 5.7201800E+00 5.3422756E+00 -1.3670579E+00
2026 07 24 06 04 00 000 5.6964560E+00 5.3369808E+00 -1.3638610E+00
2026 07 24 06 05 00 000 5.6726680E+00 5.3316350E+00 -1.3606378E+00
2026 07 24 06 06 00 000 5.6488156E+00 5.3262391E+00 -1.3573892E+00
2026 07 24 06 07 00 000 5.6249008E+00 5.3207889E+00 -1.3541139E+00
2026 07 24 06 08 00 000 5.6009192E+00 5.3152900E+00 -1.3508118E+00
2026 07 24 06 09 00 000 5.5768747E+00 5.3097358E+00 -1.3474836E+00
2026 07 24 06 10 00 000 5.5527654E+00 5.3041296E+00 -1.3441283E+00
2026 07 24 06 11 00 000 5.5285897E+00 5.2984691E+00 -1.3407456E+00
2026 07 24 06 12 00 000 5.5043488E+00 5.2927561E+00 -1.3373356E+00
2026 07 24 06 13 00 000 5.4800434E+00 5.2869868E+00 -1.3338981E+00
2026 07 24 06 14 00 000 5.4556708E+00 5.2811656E+00 -1.3304330E+00
2026 07 24 06 15 00 000 5.4312334E+00 5.2752872E+00 -1.3269397E+00
2026 07 24 06 16 00 000 5.4067264E+00 5.2693558E+00 -1.3234183E+00
2026 07 24 06 17 00 000 5.3821540E+00 5.2633667E+00 -1.3198688E+00
2026 07 24 06 18 00 000 5.3575158E+00 5.2573195E+00 -1.3162900E+00
2026 07 24 06 19 00 000 5.3328104E+00 5.2512178E+00 -1.3126827E+00
2026 07 24 06 20 00 000 5.3080363E+00 5.2450571E+00 -1.3090463E+00
2026 07 24 06 21 00 000 5.2831941E+00 5.2388391E+00 -1.3053803E+00
2026 07 24 06 22 00 000 5.2582850E+00 5.2325625E+00 -1.3016855E+00
2026 07 24 06 23 00 000 5.2333064E+00 5.2262263E+00 -1.2979603E+00
2026 07 24 06 24 00 000 5.2082582E+00 5.2198348E+00 -1.2942053E+00
2026 07 24 06 25 00 000 5.1831441E+00 5.2133765E+00 -1.2904197E+00
2026 07 24 06 26 00 000 5.1579576E+00 5.2068634E+00 -1.2866040E+00
2026 07 24 06 27 00 000 5.1327024E+00 5.2002897E+00 -1.2827585E+00
2026 07 24 06 28 00 000 5.1073775E+00 5.1936502E+00 -1.2788806E+00
2026 07 24 06 29 00 000 5.0819817E+00 5.1869531E+00 -1.2749724E+00
2026 07 24 06 30 00 000 5.0565147E+00 5.1801934E+00 -1.2710329E+00
2026 07 24 06 31 00 000 5.0309796E+00 5.1733661E+00 -1.2670614E+00
2026 07 24 06 32 00 000 5.0053716E+00 5.1664796E+00 -1.2630588E+00
2026 07 24 06 33 00 000 4.9796920E+00 5.1595283E+00 -1.2590235E+00
2026 07 24 06 34 00 000 4.9539413E+00 5.1525106E+00 -1.2549558E+00
2026 07 24 06 35 00 000 4.9281158E+00 5.1454296E+00 -1.2508558E+00
2026 07 24 06 36 00 000 4.9022222E+00 5.1382799E+00 -1.2467232E+00
2026 07 24 06 37 00 000 4.8762522E+00 5.1310673E+00 -1.2425574E+00
2026 07 24 06 38 00 000 4.8502116E+00 5.1237864E+00 -1.2383586E+00
2026 07 24 06 39 00 000 4.8240972E+00 5.1164365E+00 -1.2341261E+00
2026 07 24 06 40 00 000 4.7979083E+00 5.1090188E+00 -1.2298595E+00
2026 07 24 06 41 00 000 4.7716436E+00 5.1015339E+00 -1.2255595E+00
2026 07 24 06 42 00 000 4.7453084E+00 5.0939765E+00 -1.2212250E+00
2026 07 24 06 43 00 000 4.7188959E+00 5.0863504E+00 -1.2168562E+00
2026 07 24 06 44 00 000 4.6924095E+00 5.0786538E+00 -1.2124524E+00
2026 07 24 06 45 00 000 4.6658449E+00 5.0708861E+00 -1.2080138E+00
2026 07 24 06 46 00 000 4.6392088E+00 5.0630436E+00 -1.2035400E+00
2026 07 24 06 47 00 000 4.6124926E+00 5.0551319E+00 -1.1990310E+00
2026 07 24 06 48 00 000 4.5857019E+00 5.0471435E+00 -1.1944855E+00
2026 07 24 06 49 00 000 4.5588336E+00 5.0390816E+00 -1.1899048E+00
2026 07 24 06 50 00 000 4.5318890E+00 5.0309448E+00 -1.1852875E+00
2026 07 24 06 51 00 000 4.5048637E+00 5.0227318E+00 -1.1806335E+00
2026 07 24 06 52 00 000 4.4777637E+00 5.0144415E+00 -1.1759428E+00
2026 07 24 06 53 00 000 4.4505844E+00 5.0060759E+00 -1.1712158E+00
2026 07 24 06 54 00 000 4.4233265E+00 4.9976311E+00 -1.1664507E+00
2026 07 24 06 55 00 000 4.3959889E+00 4.9891062E+00 -1.1616480E+00
2026 07 24 06 56 00 000 4.3685718E+00 4.9805017E+00 -1.1568078E+00
2026 07 24 06 57 00 000 4.3410754E+00 4.9718175E+00 -1.1519296E+00
2026 07 24 06 58 00 000 4.3134980E+00 4.9630523E+00 -1.1470127E+00
2026 07 24 06 59 00 000 4.2858396E+00 4.9542041E+00 -1.1420574E+00
2026 07 24 07 00 00 000 4.2581015E+00 4.9452715E+00 -1.1370630E+00
2026 07 24 07 01 00 000 4.2302804E+00 4.9362564E+00 -1.1320295E+00
2026 07 24 07 02 00 000 4.2023787E+00 4.9271560E+00 -1.1269567E+00
2026 07 24 07 03 00 000 4.1743932E+00 4.9179697E+00 -1.1218437E+00
2026 07 24 07 04 00 000 4.1463265E+00 4.9086957E+00 -1.1166910E+00
2026 07 24 07 05 00 000 4.1181750E+00 4.8993349E+00 -1.1114979E+00
2026 07 24 07 06 00 000 4.0899405E+00 4.8898869E+00 -1.1062647E+00
2026 07 24 07 07 00 000 4.0616221E+00 4.8803487E+00 -1.1009903E+00
2026 07 24 07 08 00 000 4.0332198E+00 4.8707175E+00 -1.0956743E+00
2026 07 24 07 09 00 000 4.0047312E+00 4.8609962E+00 -1.0903172E+00
2026 07 24 07 10 00 000 3.9761589E+00 4.8511825E+00 -1.0849181E+00
2026 07 24 07 11 00 000 3.9474995E+00 4.8412747E+00 -1.0794774E+00
2026 07 24 07 12 00 000 3.9187536E+00 4.8312726E+00 -1.0739939E+00
2026 07 24 07 13 00 000 3.8899212E+00 4.8211746E+00 -1.0684680E+00
2026 07 24 07 14 00 000 3.8610029E+00 4.8109789E+00 -1.0628994E+00
2026 07 24 07 15 00 000 3.8319962E+00 4.8006849E+00 -1.0572870E+00
2026 07 24 07 16 00 000 3.8029015E+00 4.7902923E+00 -1.0516315E+00
2026 07 24 07 17 00 000 3.7737176E+00 4.7797995E+00 -1.0459321E+00
2026 07 24 07 18 00 000 3.7444451E+00 4.7692056E+00 -1.0401882E+00
2026 07 24 07 19 00 000 3.7150822E+00 4.7585077E+00 -1.0344001E+00
2026 07 24 07 20 00 000 3.6856298E+00 4.7477074E+00 -1.0285668E+00
2026 07 24 07 21 00 000 3.6560876E+00 4.7367997E+00 -1.0226887E+00
2026 07 24 07 22 00 000 3.6264551E+00 4.7257857E+00 -1.0167652E+00
2026 07 24 07 23 00 000 3.5967302E+00 4.7146649E+00 -1.0107961E+00
2026 07 24 07 24 00 000 3.5669127E+00 4.7034345E+00 -1.0047805E+00
2026 07 24 07 25 00 000 3.5370030E+00 4.6920934E+00 -9.9871904E-01
2026 07 24 07 26 00 000 3.5070002E+00 4.6806412E+00 -9.9261039E-01
2026 07 24 07 27 00 000 3.4769046E+00 4.6690745E+00 -9.8645467E-01
2026 07 24 07 28 00 000 3.4467156E+00 4.6573925E+00 -9.8025137E-01
2026 07 24 07 29 00 000 3.4164310E+00 4.6455956E+00 -9.7400087E-01
2026 07 24 07 30 00 000 3.3860497E+00 4.6336799E+00 -9.6770167E-01
2026 07 24 07 31 00 000 3.3555746E+00 4.6216469E+00 -9.6135479E-01
2026 07 24 07 32 00 000 3.3250039E+00 4.6094904E+00 -9.5495874E-01
2026 07 24 07 33 00 000 3.2943342E+00 4.5972133E+00 -9.4851363E-01
2026 07 24 07 34 00 000 3.2635691E+00 4.5848117E+00 -9.4201893E-01
2026 07 24 07 35 00 000 3.2327063E+00 4.5722837E+00 -9.3547451E-01
2026 07 24 07 36 00 000 3.2017446E+00 4.5596285E+00 -9.2887992E-01
2026 07 24 07 37 00 000 3.1706834E+00 4.5468450E+00 -9.2223489E-01
2026 07 24 07 38 00 000 3.1395245E+00 4.5339298E+00 -9.1553867E-01
2026 07 24 07 39 00 000 3.1082625E+00 4.5208821E+00 -9.0879124E-01
2026 07 24 07 40 00 000 3.0769024E+00 4.5076995E+00 -9.0199214E-01
2026 07 24 07 41 00 000 3.0454409E+00 4.4943810E+00 -8.9514130E-01
2026 07 24 07 42 00 000 3.0138779E+00 4.4809232E+00 -8.8823777E-01
2026 07 24 07 43 00 000 2.9822099E+00 4.4673266E+00 -8.8128150E-01
2026 07 24 07 44 00 000 2.9504406E+00 4.4535875E+00 -8.7427270E-01
2026 07 24 07 45 00 000 2.9185686E+00 4.4397020E+00 -8.6720973E-01
2026 07 24 07 46 00 000 2.8865921E+00 4.4256716E+00 -8.6009282E-01
2026 07 24 07 47 00 000 2.8545098E+00 4.4114923E+00 -8.5292196E-01
2026 07 24 07 48 00 000 2.8223226E+00 4.3971629E+00 -8.4569609E-01
2026 07 24 07 49 00 000 2.7900288E+00 4.3826795E+00 -8.3841485E-01
2026 07 24 07 50 00 000 2.7576299E+00 4.3680406E+00 -8.3107847E-01
2026 07 24 07 51 00 000 2.7251222E+00 4.3532448E+00 -8.2368642E-01
2026 07 24 07 52 00 000 2.6925080E+00 4.3382883E+00 -8.1623769E-01
2026 07 24 07 53 00 000 2.6597848E+00 4.3231692E+00 -8.0873233E-01
2026 07 24 07 54 00 000 2.6269517E+00 4.3078861E+00 -8.0116969E-01
2026 07 24 07 55 00 000 2.5940094E+00 4.2924342E+00 -7.9354930E-01
2026 07 24 07 56 00 000 2.5609574E+00 4.2768116E+00 -7.8587139E-01
2026 07 24 07 57 00 000 2.5277936E+00 4.2610168E+00 -7.7813470E-01
2026 07 24 07 58 00 000 2.4945185E+00 4.2450457E+00 -7.7033889E-01
2026 07 24 07 59 00 000 2.4611316E+00 4.2288952E+00 -7.6248401E-01
2026 07 24 08 00 00 000 2.4276307E+00 4.2125640E+00 -7.5456935E-01
2026 07 24 08 01 00 000 2.3940177E+00 4.1960473E+00 -7.4659455E-01
2026 07 24 08 02 00 000 2.3602891E+00 4.1793447E+00 -7.3855913E-01
2026 07 24 08 03 00 000 2.3264463E+00 4.1624498E+00 -7.3046285E-01
2026 07 24 08 04 00 000 2.2924886E+00 4.1453609E+00 -7.2230452E-01
2026 07 24 08 05 00 000 2.2584140E+00 4.1280746E+00 -7.1408439E-01
2026 07 24 08 06 00 000 2.2242234E+00 4.1105876E+00 -7.0580161E-01
2026 07 24 08 07 00 000 2.1899140E+00 4.0928969E+00 -6.9745594E-01
2026 07 24 08 08 00 000 2.1554873E+00 4.0749979E+00 -6.8904686E-01
2026 07 24 08 09 00 000 2.1209428E+00 4.0568867E+00 -6.8057406E-01
2026 07 24 08 10 00 000 2.0862796E+00 4.0385599E+00 -6.7203671E-01
2026 07 24 08 11 00 000 2.0514963E+00 4.0200148E+00 -6.6343457E-01
2026 07 24 08 12 00 000 2.0165904E+00 4.0012469E+00 -6.5476716E-01
2026 07 24 08 13 00 000 1.9815648E+00 3.9822505E+00 -6.4603347E-01
2026 07 24 08 14 00 000 1.9464184E+00 3.9630227E+00 -6.3723391E-01
2026 07 24 08 15 00 000 1.9111493E+00 3.9435596E+00 -6.2836730E-01
2026 07 24 08 16 00 000 1.8757577E+00 3.9238548E+00 -6.1943322E-01
2026 07 24 08 17 00 000 1.8402426E+00 3.9039056E+00 -6.1043167E-01
2026 07 24 08 18 00 000 1.8046033E+00 3.8837061E+00 -6.0136133E-01
2026 07 24 08 19 00 000 1.7688391E+00 3.8632526E+00 -5.9222239E-01
2026 07 24 08 20 00 000 1.7329519E+00 3.8425384E+00 -5.8301431E-01
2026 07 24 08 21 00 000 1.6969389E+00 3.8215599E+00 -5.7373613E-01
2026 07 24 08 22 00 000 1.6607983E+00 3.8003113E+00 -5.6438750E-01
2026 07 24 08 23 00 000 1.6245334E+00 3.7787862E+00 -5.5496800E-01
2026 07 24 08 24 00 000 1.5881417E+00 3.7569792E+00 -5.4547709E-01
2026 07 24 08 25 00 000 1.5516222E+00 3.7348859E+00 -5.3591406E-01
2026 07 24 08 26 00 000 1.5149746E+00 3.7124991E+00 -5.2627873E-01
2026 07 24 08 27 00 000 1.4782017E+00 3.6898122E+00 -5.1657063E-01
2026 07 24 08 28 00 000 1.4412988E+00 3.6668191E+00 -5.0678891E-01
2026 07 24 08 29 00 000 1.4042689E+00 3.6435125E+00 -4.9693289E-01
2026 07 24 08 30 00 000 1.3671097E+00 3.6198862E+00 -4.8700258E-01
2026 07 24 08 31 00 000 1.3298209E+00 3.5959339E+00 -4.7699705E-01
2026 07 24 08 32 00 000 1.2924061E+00 3.5716467E+00 -4.6691629E-01
2026 07 24 08 33 00 000 1.2548610E+00 3.5470173E+00 -4.5675910E-01
2026 07 24 08 34 00 000 1.2171885E+00 3.5220387E+00 -4.4652572E-01
2026 07 24 08 35 00 000 1.1793865E+00 3.4967015E+00 -4.3621457E-01
2026 07 24 08 36 00 000 1.1414564E+00 3.4709983E+00 -4.2582661E-01
2026 07 24 08 37 00 000 1.1033988E+00 3.4449196E+00 -4.1536033E-01
2026 07 24 08 38 00 000 1.0652139E+00 3.4184556E+00 -4.0481550E-01
2026 07 24 08 39 00 000 1.0269026E+00 3.3915987E+00 -3.9419219E-01
2026 07 24 08 40 00 000 9.8846364E-01 3.3643377E+00 -3.8348925E-01
2026 07 24 08 41 00 000 9.4989920E-01 3.3366640E+00 -3.7270635E-01
2026 07 24 08 42 00 000 9.1121054E-01 3.3085656E+00 -3.6184376E-01
2026 07 24 08 43 00 000 8.7239742E-01 3.2800312E+00 -3.5090032E-01
2026 07 24 08 44 00 000 8.3346128E-01 3.2510509E+00 -3.3987594E-01
2026 07 24 08 45 00 000 7.9440522E-01 3.2216113E+00 -3.2877025E-01
2026 07 24 08 46 00 000 7.5522941E-01 3.1917019E+00 -3.1758338E-01
2026 07 24 08 47 00 000 7.1593511E-01 3.1613081E+00 -3.0631453E-01
2026 07 24 08 48 00 000 6.7652541E-01 3.1304183E+00 -2.9496372E-01
2026 07 24 08 49 00 000 6.3700151E-01 3.0990171E+00 -2.8353116E-01
2026 07 24 08 50 00 000 5.9736663E-01 3.0670912E+00 -2.7201587E-01
2026 07 24 08 51 00 000 5.5762333E-01 3.0346251E+00 -2.6041844E-01
2026 07 24 08 52 00 000 5.1777601E-01 3.0016024E+00 -2.4873887E-01
2026 07 24 08 53 00 000 4.7782633E-01 2.9680080E+00 -2.3697689E-01
2026 07 24 08 54 00 000 4.3777895E-01 2.9338243E+00 -2.2513284E-01
2026 07 24 08 55 00 000 3.9763880E-01 2.8990335E+00 -2.1320708E-01
2026 07 24 08 56 00 000 3.5741076E-01 2.8636167E+00 -2.0119970E-01
2026 07 24 08 57 00 000 3.1710035E-01 2.8275545E+00 -1.8911177E-01
2026 07 24 08 58 00 000 2.7671206E-01 2.7908266E+00 -1.7694321E-01
2026 07 24 08 59 00 000 2.3625356E-01 2.7534120E+00 -1.6469464E-01
2026 07 24 09 00 00 000 1.9573332E-01 2.7152879E+00 -1.5236774E-01
2026 07 24 09 01 00 000 1.5515876E-01 2.6764319E+00 -1.3996297E-01
2026 07 24 09 02 00 000 1.1453862E-01 2.6368194E+00 -1.2748210E-01
2026 07 24 09 03 00 000 7.3882200E-02 2.5964239E+00 -1.1492574E-01
2026 07 24 09 04 00 000 3.3202358E-02 2.5552197E+00 -1.0229657E-01
2026 07 24 09 05 00 000 -7.4898694E-03 2.5131781E+00 -8.9596279E-02
2026 07 24 09 06 00 000 -4.8179608E-02 2.4702709E+00 -7.6827161E-02
2026 07 24 09 07 00 000 -8.8853404E-02 2.4264665E+00 -6.3991748E-02
2026 07 24 09 08 00 000 -1.2949312E-01 2.3817327E+00 -5.1093716E-02
2026 07 24 09 09 00 000 -1.7008187E-01 2.3360360E+00 -3.8135830E-02
2026 07 24 09 10 00 000 -2.1059725E-01 2.2893417E+00 -2.5122687E-02
2026 07 24 09 11 00 000 -2.5101763E-01 2.2416112E+00 -1.2059037E-02
2026 07 24 09 12 00 000 -2.9131791E-01 2.1928079E+00 1.0505213E-03
2026 07 24 09 13 00 000 -3.3146933E-01 2.1428897E+00 1.4199627E-02
2026 07 24 09 14 00 000 -3.7144095E-01 2.0918155E+00 2.7381381E-02
2026 07 24 09 15 00 000 -4.1119918E-01 2.0395405E+00 4.0588502E-02
2026 07 24 09 16 00 000 -4.5070443E-01 1.9860191E+00 5.3811643E-02
2026 07 24 09 17 00 000 -4.8991543E-01 1.9312040E+00 6.7041531E-02
2026 07 24 09 18 00 000 -5.2878332E-01 1.8750451E+00 8.0266818E-02
2026 07 24 09 19 00 000 -5.6725633E-01 1.8174917E+00 9.3474589E-02
2026 07 24 09 20 00 000 -6.0527545E-01 1.7584914E+00 1.0665075E-01
2026 07 24 09 21 00 000 -6.4277571E-01 1.6979901E+00 1.1977920E-01
2026 07 24 09 22 00 000 -6.7968482E-01 1.6359330E+00 1.3284189E-01
2026 07 24 09 23 00 000 -7.1592087E-01 1.5722649E+00 1.4581737E-01
2026 07 24 09 24 00 000 -7.5139546E-01 1.5069309E+00 1.5868329E-01
2026 07 24 09 25 00 000 -7.8600782E-01 1.4398768E+00 1.7141259E-01
2026 07 24 09 26 00 000 -8.1964886E-01 1.3710493E+00 1.8397672E-01
2026 07 24 09 27 00 000 -8.5219592E-01 1.3003989E+00 1.9634229E-01
2026 07 24 09 28 00 000 -8.8351339E-01 1.2278813E+00 2.0847203E-01
2026 07 24 09 29 00 000 -9.1345388E-01 1.1534570E+00 2.2032510E-01
2026 07 24 09 30 00 000 -9.4185448E-01 1.0770956E+00 2.3185530E-01
2026 07 24 09 31 00 000 -9.6853787E-01 9.9877888E-01 2.4301204E-01
2026 07 24 09 32 00 000 -9.9331290E-01 9.1850042E-01 2.5374004E-01
2026 07 24 09 33 00 000 -1.0159734E+00 8.3627439E-01 2.6397824E-01
2026 07 24 09 34 00 000 -1.0363007E+00 7.5213510E-01 2.7366081E-01
2026 07 24 09 35 00 000 -1.0540653E+00 6.6614246E-01 2.8271821E-01
2026 07 24 09 36 00 000 -1.0690304E+00 5.7838672E-01 2.9107666E-01
2026 07 24 09 37 00 000 -1.0809559E+00 4.8899347E-01 2.9865924E-01
2026 07 24 09 38 00 000 -1.0896052E+00 3.9812320E-01 3.0538914E-01
2026 07 24 09 39 00 000 -1.0947512E+00 3.0597833E-01 3.1118965E-01
2026 07 24 09 40 00 000 -1.0961863E+00 2.1280007E-01 3.1598786E-01
2026 07 24 09 41 00 000 -1.0937295E+00 1.1887033E-01 3.1971654E-01
2026 07 24 09 42 00 000 -1.0872376E+00 2.4504470E-02 3.2231781E-01
2026 07 24 09 43 00 000 -1.0766126E+00 -6.9952756E-02 3.2374537E-01
2026 07 24 09 44 00 000 -1.0618088E+00 -1.6413783E-01 3.2396722E-01
2026 07 24 09 45 00 000 -1.0428371E+00 -2.5767982E-01 3.2296759E-01
2026 07 24 09 46 00 000 -1.0197663E+00 -3.5021052E-01 3.2074746E-01
2026 07 24 09 47 00 000 -9.9272174E-01 -4.4137949E-01 3.1732506E-01
2026 07 24 09 48 00 000 -9.6187806E-01 -5.3086412E-01 3.1273469E-01
2026 07 24 09 49 00 000 -9.2745370E-01 -6.1837679E-01 3.0702445E-01
2026 07 24 09 50 00 000 -8.8969874E-01 -7.0367634E-01 3.0025494E-01
2026 07 24 09 51 00 000 -8.4888721E-01 -7.8656560E-01 2.9249486E-01
2026 07 24 09 52 00 000 -8.0530477E-01 -8.6689496E-01 2.8381911E-01
2026 07 24 09 53 00 000 -7.5924009E-01 -9.4456124E-01 2.7430576E-01
2026 07 24 09 54 00 000 -7.1097714E-01 -1.0195024E+00 2.6403344E-01
2026 07 24 09 55 00 000 -6.6078991E-01 -1.0916923E+00 2.5307947E-01
2026 07 24 09 56 00 000 -6.0893512E-01 -1.1611381E+00 2.4151823E-01
2026 07 24 09 57 00 000 -5.5565232E-01 -1.2278717E+00 2.2941986E-01
2026 07 24 09 58 00 000 -5.0116163E-01 -1.2919450E+00 2.1685018E-01
2026 07 24 09 59 00 000 -4.4566151E-01 -1.3534269E+00 2.0386924E-01
2026 07 24 10 00 00 000 -3.8933110E-01 -1.4123970E+00 1.9053239E-01
2026 07 24 10 01 00 000 -3.3233005E-01 -1.4689435E+00 1.7688963E-01
2026 07 24 10 02 00 000 -2.7479902E-01 -1.5231587E+00 1.6298538E-01
2026 07 24 10 03 00 000 -2.1686244E-01 -1.5751380E+00 1.4885998E-01
2026 07 24 10 04 00 000 -1.5863068E-01 -1.6249778E+00 1.3454911E-01
2026 07 24 10 05 00 000 -1.0019768E-01 -1.6727728E+00 1.2008454E-01
2026 07 24 10 06 00 000 -4.1647431E-02 -1.7186170E+00 1.0549431E-01
2026 07 24 10 07 00 000 1.6947344E-02 -1.7626009E+00 9.0803452E-02
2026 07 24 10 08 00 000 7.5526059E-02 -1.8048128E+00 7.6033235E-02
2026 07 24 10 09 00 000 1.3403352E-01 -1.8453358E+00 6.1203040E-02
2026 07 24 10 10 00 000 1.9242309E-01 -1.8842514E+00 4.6330195E-02
2026 07 24 10 11 00 000 2.5065583E-01 -1.9216357E+00 3.1428803E-02
2026 07 24 10 12 00 000 3.0869773E-01 -1.9575610E+00 1.6512046E-02
2026 07 24 10 13 00 000 3.6651835E-01 -1.9920974E+00 1.5916084E-03
2026 07 24 10 14 00 000 4.2409396E-01 -2.0253093E+00 -1.3322851E-02
2026 07 24 10 15 00 000 4.8140439E-01 -2.0572586E+00 -2.8223054E-02
2026 07 24 10 16 00 000 5.3843015E-01 -2.0880041E+00 -4.3100651E-02
2026 07 24 10 17 00 000 5.9515899E-01 -2.1175997E+00 -5.7949964E-02
2026 07 24 10 18 00 000 6.5157628E-01 -2.1460989E+00 -7.2764941E-02
2026 07 24 10 19 00 000 7.0767403E-01 -2.1735489E+00 -8.7540984E-02
2026 07 24 10 20 00 000 7.6344335E-01 -2.1999965E+00 -1.0227334E-01
2026 07 24 10 21 00 000 8.1887698E-01 -2.2254858E+00 -1.1695819E-01
2026 07 24 10 22 00 000 8.7397164E-01 -2.2500575E+00 -1.3159314E-01
2026 07 24 10 23 00 000 9.2872173E-01 -2.2737505E+00 -1.4617474E-01
2026 07 24 10 24 00 000 9.8312610E-01 -2.2966008E+00 -1.6070156E-01
2026 07 24 10 25 00 000 1.0371825E+00 -2.3186438E+00 -1.7517111E-01
2026 07 24 10 26 00 000 1.0908893E+00 -2.3399122E+00 -1.8958150E-01
2026 07 24 10 27 00 000 1.1442472E+00 -2.3604357E+00 -2.0393234E-01
2026 07 24 10 28 00 000 1.1972557E+00 -2.3802452E+00 -2.1822163E-01
2026 07 24 10 29 00 000 1.2499171E+00 -2.3993669E+00 -2.3244947E-01
2026 07 24 10 30 00 000 1.3022308E+00 -2.4178281E+00 -2.4661392E-01
2026 07 24 10 31 00 000 1.3541999E+00 -2.4356527E+00 -2.6071575E-01
2026 07 24 10 32 00 000 1.4058259E+00 -2.4528656E+00 -2.7475357E-01
2026 07 24 10 33 00 000 1.4571112E+00 -2.4694872E+00 -2.8872797E-01
2026 07 24 10 34 00 000 1.5080583E+00 -2.4855404E+00 -3.0263802E-01
2026 07 24 10 35 00 000 1.5586704E+00 -2.5010440E+00 -3.1648457E-01
2026 07 24 10 36 00 000 1.6089498E+00 -2.5160182E+00 -3.3026719E-01
2026 07 24 10 37 00 000 1.6589003E+00 -2.5304811E+00 -3.4398627E-01
2026 07 24 10 38 00 000 1.7085243E+00 -2.5444489E+00 -3.5764205E-01
2026 07 24 10 39 00 000 1.7578247E+00 -2.5579402E+00 -3.7123385E-01
2026 07 24 10 40 00 000 1.8068068E+00 -2.5709679E+00 -3.8476425E-01
2026 07 24 10 41 00 000 1.8554726E+00 -2.5835490E+00 -3.9823166E-01
2026 07 24 10 42 00 000 1.9038246E+00 -2.5956974E+00 -4.1163656E-01
2026 07 24 10 43 00 000 1.9518679E+00 -2.6074269E+00 -4.2498034E-01
2026 07 24 10 44 00 000 1.9996052E+00 -2.6187499E+00 -4.3826303E-01
2026 07 24 10 45 00 000 2.0470405E+00 -2.6296785E+00 -4.5148525E-01
2026 07 24 10 46 00 000 2.0941765E+00 -2.6402264E+00 -4.6464732E-01
2026 07 24 10 47 00 000 2.1410174E+00 -2.6504028E+00 -4.7775027E-01
2026 07 24 10 48 00 000 2.1875672E+00 -2.6602204E+00 -4.9079415E-01
2026 07 24 10 49 00 000 2.2338278E+00 -2.6696880E+00 -5.0377995E-01
2026 07 24 10 50 00 000 2.2798033E+00 -2.6788173E+00 -5.1670754E-01
2026 07 24 10 51 00 000 2.3254983E+00 -2.6876152E+00 -5.2957863E-01
2026 07 24 10 52 00 000 2.3709140E+00 -2.6960943E+00 -5.4239285E-01
2026 07 24 10 53 00 000 2.4160545E+00 -2.7042623E+00 -5.5515081E-01
2026 07 24 10 54 00 000 2.4609239E+00 -2.7121258E+00 -5.6785393E-01
2026 07 24 10 55 00 000 2.5055251E+00 -2.7196946E+00 -5.8050251E-01
2026 07 24 10 56 00 000 2.5498614E+00 -2.7269757E+00 -5.9309655E-01
2026 07 24 10 57 00 000 2.5939353E+00 -2.7339768E+00 -6.0563737E-01
2026 07 24 10 58 00 000 2.6377497E+00 -2.7407067E+00 -6.1812496E-01
2026 07 24 10 59 00 000 2.6813085E+00 -2.7471707E+00 -6.3056040E-01
2026 07 24 11 00 00 000 2.7246156E+00 -2.7533743E+00 -6.4294422E-01
2026 07 24 11 01 00 000 2.7676723E+00 -2.7593262E+00 -6.5527737E-01
2026 07 24 11 02 00 000 2.8104813E+00 -2.7650328E+00 -6.6755849E-01
2026 07 24 11 03 00 000 2.8530476E+00 -2.7704978E+00 -6.7979103E-01
2026 07 24 11 04 00 000 2.8953729E+00 -2.7757273E+00 -6.9197422E-01
2026 07 24 11 05 00 000 2.9374590E+00 -2.7807291E+00 -7.0410794E-01
2026 07 24 11 06 00 000 2.9793091E+00 -2.7855077E+00 -7.1619338E-01
2026 07 24 11 07 00 000 3.0209274E+00 -2.7900665E+00 -7.2823143E-01
2026 07 24 11 08 00 000 3.0623157E+00 -2.7944121E+00 -7.4022257E-01
2026 07 24 11 09 00 000 3.1034756E+00 -2.7985489E+00 -7.5216639E-01
2026 07 24 11 10 00 000 3.1444111E+00 -2.8024817E+00 -7.6406473E-01
2026 07 24 11 11 00 000 3.1851242E+00 -2.8062141E+00 -7.7591735E-01
2026 07 24 11 12 00 000 3.2256167E+00 -2.8097520E+00 -7.8772426E-01
2026 07 24 11 13 00 000 3.2658923E+00 -2.8130984E+00 -7.9948777E-01
2026 07 24 11 14 00 000 3.3059533E+00 -2.8162580E+00 -8.1120670E-01
2026 07 24 11 15 00 000 3.3458009E+00 -2.8192344E+00 -8.2288235E-01
2026 07 24 11 16 00 000 3.3854382E+00 -2.8220315E+00 -8.3451420E-01
2026 07 24 11 17 00 000 3.4248664E+00 -2.8246539E+00 -8.4610349E-01
2026 07 24 11 18 00 000 3.4640906E+00 -2.8271029E+00 -8.5765141E-01
2026 07 24 11 19 00 000 3.5031106E+00 -2.8293829E+00 -8.6915797E-01
2026 07 24 11 20 00 000 3.5419288E+00 -2.8314991E+00 -8.8062251E-01
2026 07 24 11 21 00 000 3.5805478E+00 -2.8334532E+00 -8.9204586E-01
2026 07 24 11 22 00 000 3.6189692E+00 -2.8352478E+00 -9.0342981E-01
2026 07 24 11 23 00 000 3.6571958E+00 -2.8368866E+00 -9.1477358E-01
2026 07 24 11 24 00 000 3.6952286E+00 -2.8383734E+00 -9.2607719E-01
2026 07 24 11 25 00 000 3.7330706E+00 -2.8397095E+00 -9.3734294E-01
2026 07 24 11 26 00 000 3.7707241E+00 -2.8408978E+00 -9.4857019E-01
2026 07 24 11 27 00 000 3.8081882E+00 -2.8419452E+00 -9.5975721E-01
2026 07 24 11 28 00 000 3.8454695E+00 -2.8428469E+00 -9.7090781E-01
2026 07 24 11 29 00 000 3.8825655E+00 -2.8436105E+00 -9.8202121E-01
2026 07 24 11 30 00 000 3.9194803E+00 -2.8442388E+00 -9.9309671E-01
2026 07 24 11 31 00 000 3.9562151E+00 -2.8447301E+00 -1.0041370E+00
2026 07 24 11 32 00 000 3.9927721E+00 -2.8450909E+00 -1.0151397E+00
2026 07 24 11 33 00 000 4.0291519E+00 -2.8453226E+00 -1.0261061E+00
2026 07 24 11 34 00 000 4.0653572E+00 -2.8454268E+00 -1.0370369E+00
2026 07 24 11 35 00 000 4.1013889E+00 -2.8454061E+00 -1.0479323E+00
2026 07 24 11 36 00 000 4.1372504E+00 -2.8452601E+00 -1.0587937E+00
2026 07 24 11 37 00 000 4.1729422E+00 -2.8449943E+00 -1.0696201E+00
2026 07 24 11 38 00 000 4.2084637E+00 -2.8446105E+00 -1.0804118E+00
2026 07 24 11 39 00 000 4.2438202E+00 -2.8441079E+00 -1.0911700E+00
2026 07 24 11 40 00 000 4.2790117E+00 -2.8434904E+00 -1.1018941E+00
2026 07 24 11 41 00 000 4.3140388E+00 -2.8427598E+00 -1.1125847E+00
2026 07 24 11 42 00 000 4.3489041E+00 -2.8419180E+00 -1.1232418E+00
2026 07 24 11 43 00 000 4.3836088E+00 -2.8409655E+00 -1.1338671E+00
2026 07 24 11 44 00 000 4.4181557E+00 -2.8399036E+00 -1.1444600E+00
2026 07 24 11 45 00 000 4.4525423E+00 -2.8387377E+00 -1.1550192E+00
2026 07 24 11 46 00 000 4.4867744E+00 -2.8374660E+00 -1.1655478E+00
2026 07 24 11 47 00 000 4.5208521E+00 -2.8360889E+00 -1.1760449E+00
2026 07 24 11 48 00 000 4.5547733E+00 -2.8346136E+00 -1.1865091E+00
2026 07 24 11 49 00 000 4.5885448E+00 -2.8330340E+00 -1.1969438E+00
2026 07 24 11 50 00 000 4.6221647E+00 -2.8313577E+00 -1.2073470E+00
2026 07 24 11 51 00 000 4.6556344E+00 -2.8295851E+00 -1.2177182E+00
2026 07 24 11 52 00 000 4.6889572E+00 -2.8277142E+00 -1.2280612E+00
2026 07 24 11 53 00 000 4.7221317E+00 -2.8257501E+00 -1.2383727E+00
2026 07 24 11 54 00 000 4.7551603E+00 -2.8236923E+00 -1.2486547E+00
2026 07 24 11 55 00 000 4.7880454E+00 -2.8215413E+00 -1.2589076E+00
2026 07 24 11 56 00 000 4.8207850E+00 -2.8193026E+00 -1.2691293E+00
2026 07 24 11 57 00 000 4.8533831E+00 -2.8169718E+00 -1.2793229E+00
2026 07 24 11 58 00 000 4.8858409E+00 -2.8145537E+00 -1.2894872E+00
2026 07 24 11 59 00 000 4.9181581E+00 -2.8120472E+00 -1.2996230E+00
2026 07 24 12 00 00 000 4.9503365E+00 -2.8094568E+00 -1.3097292E+00
2026 07 24 12 01 00 000 4.9823780E+00 -2.8067787E+00 -1.3198085E+00
2026 07 24 12 02 00 000 5.0142813E+00 -2.8040197E+00 -1.3298583E+00
2026 07 24 12 03 00 000 5.0460496E+00 -2.8011780E+00 -1.3398798E+00
2026 07 24 12 04 00 000 5.0776830E+00 -2.7982540E+00 -1.3498737E+00
2026 07 24 12 05 00 000 5.1091847E+00 -2.7952483E+00 -1.3598410E+00
2026 07 24 12 06 00 000 5.1405525E+00 -2.7921641E+00 -1.3697795E+00
2026 07 24 12 07 00 000 5.1717892E+00 -2.7890005E+00 -1.3796914E+00
2026 07 24 12 08 00 000 5.2028961E+00 -2.7857590E+00 -1.3895772E+00
2026 07 24 12 09 00 000 5.2338729E+00 -2.7824440E+00 -1.3994334E+00
2026 07 24 12 10 00 000 5.2647214E+00 -2.7790511E+00 -1.4092638E+00
2026 07 24 12 11 00 000 5.2954426E+00 -2.7755828E+00 -1.4190681E+00
2026 07 24 12 12 00 000 5.3260374E+00 -2.7720420E+00 -1.4288455E+00
2026 07 24 12 13 00 000 5.3565068E+00 -2.7684257E+00 -1.4385976E+00
2026 07 24 12 14 00 000 5.3868513E+00 -2.7647402E+00 -1.4483215E+00
2026 07 24 12 15 00 000 5.4170718E+00 -2.7609818E+00 -1.4580207E+00
2026 07 24 12 16 00 000 5.4471698E+00 -2.7571537E+00 -1.4676934E+00
2026 07 24 12 17 00 000 5.4771452E+00 -2.7532551E+00 -1.4773406E+00
2026 07 24 12 18 00 000 5.5069995E+00 -2.7492876E+00 -1.4869621E+00
2026 07 24 12 19 00 000 5.5367351E+00 -2.7452514E+00 -1.4965583E+00
2026 07 24 12 20 00 000 5.5663505E+00 -2.7411485E+00 -1.5061285E+00
2026 07 24 12 21 00 000 5.5958471E+00 -2.7369802E+00 -1.5156734E+00
2026 07 24 12 22 00 000 5.6252255E+00 -2.7327440E+00 -1.5251933E+00
2026 07 24 12 23 00 000 5.6544886E+00 -2.7284429E+00 -1.5346887E+00
2026 07 24 12 24 00 000 5.6836343E+00 -2.7240787E+00 -1.5441588E+00
2026 07 24 12 25 00 000 5.7126660E+00 -2.7196486E+00 -1.5536044E+00
2026 07 24 12 26 00 000 5.7415824E+00 -2.7151561E+00 -1.5630251E+00
2026 07 24 12 27 00 000 5.7703853E+00 -2.7106018E+00 -1.5724205E+00
2026 07 24 12 28 00 000 5.7990742E+00 -2.7059841E+00 -1.5817921E+00
2026 07 24 12 29 00 000 5.8276529E+00 -2.7013052E+00 -1.5911394E+00
2026 07 24 12 30 00 000 5.8561192E+00 -2.6965663E+00 -1.6004628E+00
2026 07 24 12 31 00 000 5.8844748E+00 -2.6917667E+00 -1.6097616E+00
2026 07 24 12 32 00 000 5.9127202E+00 -2.6869092E+00 -1.6190355E+00
2026 07 24 12 33 00 000 5.9408569E+00 -2.6819913E+00 -1.6282864E+00
2026 07 24 12 34 00 000 5.9688845E+00 -2.6770167E+00 -1.6375120E+00
2026 07 24 12 35 00 000 5.9968042E+00 -2.6719832E+00 -1.6467155E+00
2026 07 24 12 36 00 000 6.0246177E+00 -2.6668923E+00 -1.6558946E+00
2026 07 24 12 37 00 000 6.0523233E+00 -2.6617446E+00 -1.6650503E+00
2026 07 24 12 38 00 000 6.0799246E+00 -2.6565421E+00 -1.6741810E+00
2026 07 24 12 39 00 000 6.1074204E+00 -2.6512823E+00 -1.6832898E+00
2026 07 24 12 40 00 000 6.1348114E+00 -2.6459687E+00 -1.6923743E+00
2026 07 24 12 41 00 000 6.1620984E+00 -2.6406014E+00 -1.7014352E+00
2026 07 24 12 42 00 000 6.1892829E+00 -2.6351783E+00 -1.7104737E+00
2026 07 24 12 43 00 000 6.2163639E+00 -2.6297023E+00 -1.7194883E+00
2026 07 24 12 44 00 000 6.2433438E+00 -2.6241744E+00 -1.7284791E+00
2026 07 24 12 45 00 000 6.2702222E+00 -2.6185923E+00 -1.7374479E+00
2026 07 24 12 46 00 000 6.2969999E+00 -2.6129587E+00 -1.7463926E+00
2026 07 24 12 47 00 000 6.3236766E+00 -2.6072729E+00 -1.7553151E+00
2026 07 24 12 48 00 000 6.3502555E+00 -2.6015360E+00 -1.7642142E+00
2026 07 24 12 49 00 000 6.3767347E+00 -2.5957494E+00 -1.7730901E+00
2026 07 24 12 50 00 000 6.4031153E+00 -2.5899112E+00 -1.7819438E+00
2026 07 24 12 51 00 000 6.4293995E+00 -2.5840216E+00 -1.7907754E+00
2026 07 24 12 52 00 000 6.4555850E+00 -2.5780866E+00 -1.7995818E+00
2026 07 24 12 53 00 000 6.4816747E+00 -2.5720983E+00 -1.8083675E+00
2026 07 24 12 54 00 000 6.5076680E+00 -2.5660644E+00 -1.8171301E+00
2026 07 24 12 55 00 000 6.5335660E+00 -2.5599802E+00 -1.8258698E+00
2026 07 24 12 56 00 000 6.5593700E+00 -2.5538490E+00 -1.8345871E+00
2026 07 24 12 57 00 000 6.5850787E+00 -2.5476699E+00 -1.8432822E+00
2026 07 24 12 58 00 000 6.6106935E+00 -2.5414448E+00 -1.8519530E+00
2026 07 24 12 59 00 000 6.6362147E+00 -2.5351739E+00 -1.8606019E+00
2026 07 24 13 00 00 000 6.6616435E+00 -2.5288520E+00 -1.8692298E+00
2026 07 24 13 01 00 000 6.6869807E+00 -2.5224869E+00 -1.8778348E+00
2026 07 24 13 02 00 000 6.7122240E+00 -2.5160797E+00 -1.8864158E+00
2026 07 24 13 03 00 000 6.7373781E+00 -2.5096233E+00 -1.8949749E+00
2026 07 24 13 04 00 000 6.7624402E+00 -2.5031226E+00 -1.9035124E+00
2026 07 24 13 05 00 000 6.7874146E+00 -2.4965754E+00 -1.9120278E+00
2026 07 24 13 06 00 000 6.8122964E+00 -2.4899874E+00 -1.9205199E+00
2026 07 24 13 07 00 000 6.8370900E+00 -2.4833531E+00 -1.9289902E+00
2026 07 24 13 08 00 000 6.8617949E+00 -2.4766755E+00 -1.9374381E+00
2026 07 24 13 09 00 000 6.8864102E+00 -2.4699543E+00 -1.9458640E+00
2026 07 24 13 10 00 000 6.9109378E+00 -2.4631925E+00 -1.9542671E+00
2026 07 24 13 11 00 000 6.9353800E+00 -2.4563859E+00 -1.9626478E+00
2026 07 24 13 12 00 000 6.9597340E+00 -2.4495385E+00 -1.9710060E+00
2026 07 24 13 13 00 000 6.9840012E+00 -2.4426479E+00 -1.9793431E+00
2026 07 24 13 14 00 000 7.0081830E+00 -2.4357154E+00 -1.9876572E+00
2026 07 24 13 15 00 000 7.0322781E+00 -2.4287417E+00 -1.9959490E+00
2026 07 24 13 16 00 000 7.0562897E+00 -2.4217265E+00 -2.0042195E+00
2026 07 24 13 17 00 000 7.0802140E+00 -2.4146714E+00 -2.0124667E+00
2026 07 24 13 18 00 000 7.1040554E+00 -2.4075749E+00 -2.0206919E+00
2026 07 24 13 19 00 000 7.1278129E+00 -2.4004405E+00 -2.0288944E+00
2026 07 24 13 20 00 000 7.1514878E+00 -2.3932633E+00 -2.0370758E+00
2026 07 24 13 21 00 000 7.1750784E+00 -2.3860466E+00 -2.0452347E+00
2026 07 24 13 22 00 000 7.1985865E+00 -2.3787930E+00 -2.0533702E+00
2026 07 24 13 23 00 000 7.2220130E+00 -2.3714979E+00 -2.0614851E+00
2026 07 24 13 24 00 000 7.2453566E+00 -2.3641658E+00 -2.0695758E+00
2026 07 24 13 25 00 000 7.2686210E+00 -2.3567932E+00 -2.0776455E+00
2026 07 24 13 26 00 000 7.2918034E+00 -2.3493822E+00 -2.0856931E+00
2026 07 24 13 27 00 000 7.3149033E+00 -2.3419325E+00 -2.0937188E+00
2026 07 24 13 28 00 000 7.3379245E+00 -2.3344476E+00 -2.1017203E+00
2026 07 24 13 29 00 000 7.3608665E+00 -2.3269212E+00 -2.1097028E+00
2026 07 24 13 30 00 000 7.3837271E+00 -2.3193610E+00 -2.1176603E+00
2026 07 24 13 31 00 000 7.4065099E+00 -2.3117633E+00 -2.1255953E+00
2026 07 24 13 32 00 000 7.4292150E+00 -2.3041277E+00 -2.1335084E+00
2026 07 24 13 33 00 000 7.4518394E+00 -2.2964549E+00 -2.1414006E+00
2026 07 24 13 34 00 000 7.4743872E+00 -2.2887459E+00 -2.1492696E+00
2026 07 24 13 35 00 000 7.4968567E+00 -2.2810025E+00 -2.1571157E+00
2026 07 24 13 36 00 000 7.5192494E+00 -2.2732217E+00 -2.1649396E+00
2026 07 24 13 37 00 000 7.5415654E+00 -2.2654045E+00 -2.1727419E+00
2026 07 24 13 38 00 000 7.5638041E+00 -2.2575517E+00 -2.1805212E+00
2026 07 24 13 39 00 000 7.5859671E+00 -2.2496650E+00 -2.1882780E+00
2026 07 24 13 40 00 000 7.6080542E+00 -2.2417433E+00 -2.1960118E+00
2026 07 24 13 41 00 000 7.6300650E+00 -2.2337880E+00 -2.2037232E+00
2026 07 24 13 42 00 000 7.6520004E+00 -2.2257974E+00 -2.2114112E+00
2026 07 24 13 43 00 000 7.6738629E+00 -2.2177687E+00 -2.2190790E+00
2026 07 24 13 44 00 000 7.6956491E+00 -2.2097092E+00 -2.2267227E+00
2026 07 24 13 45 00 000 7.7173619E+00 -2.2016141E+00 -2.2343450E+00
2026 07 24 13 46 00 000 7.7390018E+00 -2.1934857E+00 -2.2419429E+00
2026 07 24 13 47 00 000 7.7605662E+00 -2.1853261E+00 -2.2495186E+00
2026 07 24 13 48 00 000 7.7820582E+00 -2.1771302E+00 -2.2570722E+00
2026 07 24 13 49 00 000 7.8034778E+00 -2.1689038E+00 -2.2646022E+00
2026 07 24 13 50 00 000 7.8248243E+00 -2.1606414E+00 -2.2721102E+00
2026 07 24 13 51 00 000 7.8460984E+00 -2.1523452E+00 -2.2795966E+00
2026 07 24 13 52 00 000 7.8673005E+00 -2.1440203E+00 -2.2870584E+00
2026 07 24 13 53 00 000 7.8884311E+00 -2.1356602E+00 -2.2944977E+00
2026 07 24 13 54 00 000 7.9094911E+00 -2.1272686E+00 -2.3019147E+00
2026 07 24 13 55 00 000 7.9304786E+00 -2.1188476E+00 -2.3093081E+00
2026 07 24 13 56 00 000 7.9513960E+00 -2.1103928E+00 -2.3166783E+00
2026 07 24 13 57 00 000 7.9722438E+00 -2.1019027E+00 -2.3240271E+00
2026 07 24 13 58 00 000 7.9930196E+00 -2.0933886E+00 -2.3313503E+00
2026 07 24 13 59 00 000 8.0137272E+00 -2.0848396E+00 -2.3386514E+00
2026 07 24 14 00 00 000 8.0343647E+00 -2.0762587E+00 -2.3459306E+00
2026 07 24 14 01 00 000 8.0549326E+00 -2.0676484E+00 -2.3531852E+00
2026 07 24 14 02 00 000 8.0754309E+00 -2.0590060E+00 -2.3604171E+00
2026 07 24 14 03 00 000 8.0958614E+00 -2.0503342E+00 -2.3676262E+00
2026 07 24 14 04 00 000 8.1162233E+00 -2.0416305E+00 -2.3748119E+00
2026 07 24 14 05 00 000 8.1365156E+00 -2.0329013E+00 -2.3819726E+00
2026 07 24 14 06 00 000 8.1567421E+00 -2.0241363E+00 -2.3891120E+00
2026 07 24 14 07 00 000 8.1769009E+00 -2.0153432E+00 -2.3962276E+00
2026 07 24 14 08 00 000 8.1969910E+00 -2.0065229E+00 -2.4033191E+00
2026 07 24 14 09 00 000 8.2170153E+00 -1.9976704E+00 -2.4103875E+00
2026 07 24 14 10 00 000 8.2369719E+00 -1.9887908E+00 -2.4174318E+00
2026 07 24 14 11 00 000 8.2568607E+00 -1.9798808E+00 -2.4244540E+00
2026 07 24 14 12 00 000 8.2766848E+00 -1.9709413E+00 -2.4314513E+00
2026 07 24 14 13 00 000 8.2964420E+00 -1.9619753E+00 -2.4384248E+00
2026 07 24 14 14 00 000 8.3161345E+00 -1.9529760E+00 -2.4453754E+00
2026 07 24 14 15 00 000 8.3357611E+00 -1.9439503E+00 -2.4523022E+00
2026 07 24 14 16 00 000 8.3553209E+00 -1.9349018E+00 -2.4592040E+00
2026 07 24 14 17 00 000 8.3748169E+00 -1.9258199E+00 -2.4660828E+00
2026 07 24 14 18 00 000 8.3942490E+00 -1.9167101E+00 -2.4729378E+00
2026 07 24 14 19 00 000 8.4136152E+00 -1.9075735E+00 -2.4797692E+00
2026 07 24 14 20 00 000 8.4329166E+00 -1.8984087E+00 -2.4865766E+00
2026 07 24 14 21 00 000 8.4521561E+00 -1.8892163E+00 -2.4933596E+00
2026 07 24 14 22 00 000 8.4713297E+00 -1.8799959E+00 -2.5001183E+00
2026 07 24 14 23 00 000 8.4904394E+00 -1.8707536E+00 -2.5068517E+00
2026 07 24 14 24 00 000 8.5094872E+00 -1.8614789E+00 -2.5135627E+00
2026 07 24 14 25 00 000 8.5284710E+00 -1.8521788E+00 -2.5202491E+00
2026 07 24 14 26 00 000 8.5473928E+00 -1.8428513E+00 -2.5269115E+00
2026 07 24 14 27 00 000 8.5662508E+00 -1.8334978E+00 -2.5335493E+00
2026 07 24 14 28 00 000 8.5850468E+00 -1.8241175E+00 -2.5401626E+00
2026 07 24 14 29 00 000 8.6037807E+00 -1.8147154E+00 -2.5467494E+00
2026 07 24 14 30 00 000 8.6224527E+00 -1.8052834E+00 -2.5533142E+00
2026 07 24 14 31 00 000 8.6410618E+00 -1.7958250E+00 -2.5598538E+00
2026 07 24 14 32 00 000 8.6596107E+00 -1.7863414E+00 -2.5663695E+00
2026 07 24 14 33 00 000 8.6780987E+00 -1.7768309E+00 -2.5728600E+00
2026 07 24 14 34 00 000 8.6965237E+00 -1.7672987E+00 -2.5793254E+00
2026 07 24 14 35 00 000 8.7148886E+00 -1.7577391E+00 -2.5857661E+00
2026 07 24 14 36 00 000 8.7331924E+00 -1.7481537E+00 -2.5921829E+00
2026 07 24 14 37 00 000 8.7514372E+00 -1.7385452E+00 -2.5985730E+00
2026 07 24 14 38 00 000 8.7696199E+00 -1.7289104E+00 -2.6049397E+00
2026 07 24 14 39 00 000 8.7877436E+00 -1.7192485E+00 -2.6112821E+00
2026 07 24 14 40 00 000 8.8058081E+00 -1.7095662E+00 -2.6175983E+00
2026 07 24 14 41 00 000 8.8238106E+00 -1.6998597E+00 -2.6238890E+00
2026 07 24 14 42 00 000 8.8417559E+00 -1.6901294E+00 -2.6301544E+00
2026 07 24 14 43 00 000 8.8596401E+00 -1.6803707E+00 -2.6363962E+00
2026 07 24 14 44 00 000 8.8774662E+00 -1.6705916E+00 -2.6426115E+00
2026 07 24 14 45 00 000 8.8952332E+00 -1.6607893E+00 -2.6488013E+00
2026 07 24 14 46 00 000 8.9129419E+00 -1.6509610E+00 -2.6549668E+00
2026 07 24 14 47 00 000 8.9305935E+00 -1.6411097E+00 -2.6611068E+00
2026 07 24 14 48 00 000 8.9481840E+00 -1.6312346E+00 -2.6672213E+00
2026 07 24 14 49 00 000 8.9657173E+00 -1.6213384E+00 -2.6733093E+00
2026 07 24 14 50 00 000 8.9831924E+00 -1.6114175E+00 -2.6793730E+00
2026 07 24 14 51 00 000 9.0006113E+00 -1.6014712E+00 -2.6854110E+00
2026 07 24 14 52 00 000 9.0179710E+00 -1.5915064E+00 -2.6914227E+00
2026 07 24 14 53 00 000 9.0352755E+00 -1.5815191E+00 -2.6974084E+00
2026 07 24 14 54 00 000 9.0525217E+00 -1.5715072E+00 -2.7033696E+00
2026 07 24 14 55 00 000 9.0697098E+00 -1.5614735E+00 -2.7093039E+00
2026 07 24 14 56 00 000 9.0868425E+00 -1.5514179E+00 -2.7152135E+00
2026 07 24 14 57 00 000 9.1039190E+00 -1.5413375E+00 -2.7210977E+00
2026 07 24 14 58 00 000 9.1209364E+00 -1.5312436E+00 -2.7269526E+00
2026 07 24 14 59 00 000 9.1379023E+00 -1.5211194E+00 -2.7327833E+00
2026 07 24 15 00 00 000 9.1548080E+00 -1.5109762E+00 -2.7385888E+00
2026 07 24 15 01 00 000 9.1716595E+00 -1.5008136E+00 -2.7443669E+00
2026 07 24 15 02 00 000 9.1884556E+00 -1.4906251E+00 -2.7501204E+00
2026 07 24 15 03 00 000 9.2051935E+00 -1.4804227E+00 -2.7558455E+00
2026 07 24 15 04 00 000 9.2218790E+00 -1.4701947E+00 -2.7615452E+00
2026 07 24 15 05 00 000 9.2385082E+00 -1.4599481E+00 -2.7672179E+00
2026 07 24 15 06 00 000 9.2550821E+00 -1.4496779E+00 -2.7728658E+00
2026 07 24 15 07 00 000 9.2716026E+00 -1.4393848E+00 -2.7784874E+00
2026 07 24 15 08 00 000 9.2880659E+00 -1.4290761E+00 -2.7840815E+00
2026 07 24 15 09 00 000 9.3044767E+00 -1.4187478E+00 -2.7896490E+00
2026 07 24 15 10 00 000 9.3208323E+00 -1.4083962E+00 -2.7951901E+00
2026 07 24 15 11 00 000 9.3371344E+00 -1.3980256E+00 -2.8007042E+00
2026 07 24 15 12 00 000 9.3533821E+00 -1.3876346E+00 -2.8061924E+00
2026 07 24 15 13 00 000 9.3695755E+00 -1.3772255E+00 -2.8116534E+00
2026 07 24 15 14 00 000 9.3857164E+00 -1.3667961E+00 -2.8170874E+00
2026 07 24 15 15 00 000 9.4018030E+00 -1.3563461E+00 -2.8224952E+00
2026 07 24 15 16 00 000 9.4178371E+00 -1.3458767E+00 -2.8278754E+00
2026 07 24 15 17 00 000 9.4338160E+00 -1.3353912E+00 -2.8332283E+00
2026 07 24 15 18 00 000 9.4497433E+00 -1.3248838E+00 -2.8385558E+00
2026 07 24 15 19 00 000 9.4656162E+00 -1.3143578E+00 -2.8438554E+00
2026 07 24 15 20 00 000 9.4814377E+00 -1.3038130E+00 -2.8491280E+00
2026 07 24 15 21 00 000 9.4972076E+00 -1.2932521E+00 -2.8543725E+00
2026 07 24 15 22 00 000 9.5129232E+00 -1.2826687E+00 -2.8595917E+00
2026 07 24 15 23 00 000 9.5285864E+00 -1.2720736E+00 -2.8647814E+00
2026 07 24 15 24 00 000 9.5441980E+00 -1.2614553E+00 -2.8699450E+00
2026 07 24 15 25 00 000 9.5597572E+00 -1.2508193E+00 -2.8750815E+00
2026 07 24 15 26 00 000 9.5752640E+00 -1.2401680E+00 -2.8801894E+00
2026 07 24 15 27 00 000 9.5907211E+00 -1.2294968E+00 -2.8852708E+00
2026 07 24 15 28 00 000 9.6061268E+00 -1.2188069E+00 -2.8903258E+00
2026 07 24 15 29 00 000 9.6214790E+00 -1.2081038E+00 -2.8953516E+00
2026 07 24 15 30 00 000 9.6367798E+00 -1.1973791E+00 -2.9003508E+00
2026 07 24 15 31 00 000 9.6520300E+00 -1.1866382E+00 -2.9053221E+00
2026 07 24 15 32 00 000 9.6672316E+00 -1.1758808E+00 -2.9102659E+00
2026 07 24 15 33 00 000 9.6823788E+00 -1.1651081E+00 -2.9151819E+00
2026 07 24 15 34 00 000 9.6974773E+00 -1.1543150E+00 -2.9200706E+00
2026 07 24 15 35 00 000 9.7125244E+00 -1.1435093E+00 -2.9249310E+00
2026 07 24 15 36 00 000 9.7275219E+00 -1.1326842E+00 -2.9297636E+00
2026 07 24 15 37 00 000 9.7424679E+00 -1.1218463E+00 -2.9345677E+00
2026 07 24 15 38 00 000 9.7573652E+00 -1.1109895E+00 -2.9393446E+00
2026 07 24 15 39 00 000 9.7722111E+00 -1.1001168E+00 -2.9440942E+00
2026 07 24 15 40 00 000 9.7870073E+00 -1.0892313E+00 -2.9488144E+00
2026 07 24 15 41 00 000 9.8017540E+00 -1.0783268E+00 -2.9535079E+00
2026 07 24 15 42 00 000 9.8164520E+00 -1.0674043E+00 -2.9581733E+00
2026 07 24 15 43 00 000 9.8310986E+00 -1.0564710E+00 -2.9628103E+00
2026 07 24 15 44 00 000 9.8456984E+00 -1.0455232E+00 -2.9674182E+00
2026 07 24 15 45 00 000 9.8602467E+00 -1.0345608E+00 -2.9719989E+00
2026 07 24 15 46 00 000 9.8747454E+00 -1.0235772E+00 -2.9765518E+00
2026 07 24 15 47 00 000 9.8891964E+00 -1.0125846E+00 -2.9810750E+00
2026 07 24 15 48 00 000 9.9035988E+00 -1.0015745E+00 -2.9855716E+00
2026 07 24 15 49 00 000 9.9179525E+00 -9.9055046E-01 -2.9900393E+00
2026 07 24 15 50 00 000 9.9322567E+00 -9.7951400E-01 -2.9944785E+00
2026 07 24 15 51 00 000 9.9465132E+00 -9.6846104E-01 -2.9988887E+00
2026 07 24 15 52 00 000 9.9607201E+00 -9.5739293E-01 -3.0032711E+00
2026 07 24 15 53 00 000 9.9748793E+00 -9.4631177E-01 -3.0076261E+00
2026 07 24 15 54 00 000 9.9889908E+00 -9.3521684E-01 -3.0119517E+00
2026 07 24 15 55 00 000 1.0003055E+01 -9.2411077E-01 -3.0162480E+00
2026 07 24 15 56 00 000 1.0017069E+01 -9.1298914E-01 -3.0205169E+00
2026 07 24 15 57 00 000 1.0031036E+01 -9.0185553E-01 -3.0247557E+00
2026 07 24 15 58 00 000 1.0044957E+01 -8.9070678E-01 -3.0289679E+00
2026 07 24 15 59 00 000 1.0058829E+01 -8.7954450E-01 -3.0331507E+00
2026 07 24 16 00 00 000 1.0072656E+01 -8.6837006E-01 -3.0373054E+00
2026 07 24 16 01 00 000 1.0086432E+01 -8.5718322E-01 -3.0414300E+00
2026 07 24 16 02 00 000 1.0100163E+01 -8.4598714E-01 -3.0455256E+00
2026 07 24 16 03 00 000 1.0113848E+01 -8.3477199E-01 -3.0495942E+00
2026 07 24 16 04 00 000 1.0127483E+01 -8.2355022E-01 -3.0536332E+00
2026 07 24 16 05 00 000 1.0141074E+01 -8.1231493E-01 -3.0576432E+00
2026 07 24 16 06 00 000 1.0154616E+01 -8.0106288E-01 -3.0616257E+00
2026 07 24 16 07 00 000 1.0168114E+01 -7.8980422E-01 -3.0655775E+00
2026 07 24 16 08 00 000 1.0181563E+01 -7.7853131E-01 -3.0695014E+00
2026 07 24 16 09 00 000 1.0194966E+01 -7.6724935E-01 -3.0733962E+00
2026 07 24 16 10 00 000 1.0208324E+01 -7.5595075E-01 -3.0772634E+00
2026 07 24 16 11 00 000 1.0221636E+01 -7.4464667E-01 -3.0810993E+00
2026 07 24 16 12 00 000 1.0234900E+01 -7.3332703E-01 -3.0849080E+00
2026 07 24 16 13 00 000 1.0248119E+01 -7.2200006E-01 -3.0886872E+00
2026 07 24 16 14 00 000 1.0261292E+01 -7.1065736E-01 -3.0924380E+00
2026 07 24 16 15 00 000 1.0274421E+01 -6.9930840E-01 -3.0961590E+00
2026 07 24 16 16 00 000 1.0287502E+01 -6.8794894E-01 -3.0998509E+00
2026 07 24 16 17 00 000 1.0300539E+01 -6.7657691E-01 -3.1035137E+00
2026 07 24 16 18 00 000 1.0313531E+01 -6.6519397E-01 -3.1071486E+00
2026 07 24 16 19 00 000 1.0326477E+01 -6.5380144E-01 -3.1107540E+00
2026 07 24 16 20 00 000 1.0339375E+01 -6.4239907E-01 -3.1143301E+00
2026 07 24 16 21 00 000 1.0352232E+01 -6.3098681E-01 -3.1178772E+00
2026 07 24 16 22 00 000 1.0365043E+01 -6.1957008E-01 -3.1213937E+00
2026 07 24 16 23 00 000 1.0377809E+01 -6.0813779E-01 -3.1248829E+00
2026 07 24 16 24 00 000 1.0390528E+01 -5.9669906E-01 -3.1283419E+00
2026 07 24 16 25 00 000 1.0403205E+01 -5.8524579E-01 -3.1317735E+00
2026 07 24 16 26 00 000 1.0415835E+01 -5.7378614E-01 -3.1351750E+00
2026 07 24 16 27 00 000 1.0428423E+01 -5.6232095E-01 -3.1385472E+00
2026 07 24 16 28 00 000 1.0440966E+01 -5.5084324E-01 -3.1418896E+00
2026 07 24 16 29 00 000 1.0453464E+01 -5.3936034E-01 -3.1452038E+00
2026 07 24 16 30 00 000 1.0465919E+01 -5.2786571E-01 -3.1484883E+00
2026 07 24 16 31 00 000 1.0478327E+01 -5.1636159E-01 -3.1517446E+00
2026 07 24 16 32 00 000 1.0490694E+01 -5.0485098E-01 -3.1549711E+00
2026 07 24 16 33 00 000 1.0503016E+01 -4.9333161E-01 -3.1581688E+00
2026 07 24 16 34 00 000 1.0515294E+01 -4.8181021E-01 -3.1613352E+00
2026 07 24 16 35 00 000 1.0527527E+01 -4.7027186E-01 -3.1644745E+00
2026 07 24 16 36 00 000 1.0539719E+01 -4.5873246E-01 -3.1675844E+00
2026 07 24 16 37 00 000 1.0551867E+01 -4.4718212E-01 -3.1706648E+00
2026 07 24 16 38 00 000 1.0563972E+01 -4.3562439E-01 -3.1737163E+00
2026 07 24 16 39 00 000 1.0576032E+01 -4.2405936E-01 -3.1767383E+00
2026 07 24 16 40 00 000 1.0588048E+01 -4.1248810E-01 -3.1797316E+00
2026 07 24 16 41 00 000 1.0600023E+01 -4.0090951E-01 -3.1826952E+00
2026 07 24 16 42 00 000 1.0611954E+01 -3.8932705E-01 -3.1856296E+00
2026 07 24 16 43 00 000 1.0623841E+01 -3.7773433E-01 -3.1885352E+00
2026 07 24 16 44 00 000 1.0635686E+01 -3.6613908E-01 -3.1914113E+00
2026 07 24 16 45 00 000 1.0647489E+01 -3.5453457E-01 -3.1942585E+00
2026 07 24 16 46 00 000 1.0659248E+01 -3.4292358E-01 -3.1970766E+00
2026 07 24 16 47 00 000 1.0670965E+01 -3.3130902E-01 -3.1998646E+00
2026 07 24 16 48 00 000 1.0682640E+01 -3.1968898E-01 -3.2026238E+00
2026 07 24 16 49 00 000 1.0694271E+01 -3.0805823E-01 -3.2053552E+00
2026 07 24 16 50 00 000 1.0705861E+01 -2.9642314E-01 -3.2080567E+00
2026 07 24 16 51 00 000 1.0717407E+01 -2.8478664E-01 -3.2107286E+00
2026 07 24 16 52 00 000 1.0728913E+01 -2.7314138E-01 -3.2133722E+00
2026 07 24 16 53 00 000 1.0740377E+01 -2.6149181E-01 -3.2159863E+00
2026 07 24 16 54 00 000 1.0751797E+01 -2.4983966E-01 -3.2185709E+00
2026 07 24 16 55 00 000 1.0763177E+01 -2.3817660E-01 -3.2211275E+00
2026 07 24 16 56 00 000 1.0774514E+01 -2.2651495E-01 -3.2236545E+00
2026 07 24 16 57 00 000 1.0785810E+01 -2.1484639E-01 -3.2261527E+00
2026 07 24 16 58 00 000 1.0797061E+01 -2.0317501E-01 -3.2286210E+00
2026 07 24 16 59 00 000 1.0808274E+01 -1.9149807E-01 -3.2310610E+00
2026 07 24 17 00 00 000 1.0819445E+01 -1.7981634E-01 -3.2334726E+00
2026 07 24 17 01 00 000 1.0830574E+01 -1.6813031E-01 -3.2358549E+00
2026 07 24 17 02 00 000 1.0841660E+01 -1.5644284E-01 -3.2382081E+00
2026 07 24 17 03 00 000 1.0852708E+01 -1.4474750E-01 -3.2405329E+00
2026 07 24 17 04 00 000 1.0863712E+01 -1.3305347E-01 -3.2428277E+00
2026 07 24 17 05 00 000 1.0874678E+01 -1.2135575E-01 -3.2450943E+00
2026 07 24 17 06 00 000 1.0885600E+01 -1.0965562E-01 -3.2473323E+00
2026 07 24 17 07 00 000 1.0896482E+01 -9.7945228E-02 -3.2495410E+00
2026 07 24 17 08 00 000 1.0907322E+01 -8.6237088E-02 -3.2517216E+00
2026 07 24 17 09 00 000 1.0918122E+01 -7.4526653E-02 -3.2538731E+00
2026 07 24 17 10 00 000 1.0928882E+01 -6.2811889E-02 -3.2559967E+00
2026 07 24 17 11 00 000 1.0939599E+01 -5.1097129E-02 -3.2580895E+00
2026 07 24 17 12 00 000 1.0950279E+01 -3.9378069E-02 -3.2601557E+00
2026 07 24 17 13 00 000 1.0960917E+01 -2.7655143E-02 -3.2621930E+00
2026 07 24 17 14 00 000 1.0971513E+01 -1.5931105E-02 -3.2642014E+00
2026 07 24 17 15 00 000 1.0982070E+01 -4.2056874E-03 -3.2661810E+00
2026 07 24 17 16 00 000 1.0992587E+01 7.5200372E-03 -3.2681324E+00
2026 07 24 17 17 00 000 1.1003063E+01 1.9249363E-02 -3.2700551E+00
2026 07 24 17 18 00 000 1.1013500E+01 3.0978613E-02 -3.2719498E+00
2026 07 24 17 19 00 000 1.1023895E+01 4.2712308E-02 -3.2738154E+00
2026 07 24 17 20 00 000 1.1034253E+01 5.4443706E-02 -3.2756531E+00
2026 07 24 17 21 00 000 1.1044568E+01 6.6179313E-02 -3.2774627E+00
2026 07 24 17 22 00 000 1.1054845E+01 7.7914543E-02 -3.2792439E+00
2026 07 24 17 23 00 000 1.1065082E+01 8.9645632E-02 -3.2809961E+00
2026 07 24 17 24 00 000 1.1075277E+01 1.0138477E-01 -3.2827206E+00
2026 07 24 17 25 00 000 1.1085436E+01 1.1312038E-01 -3.2844176E+00
2026 07 24 17 26 00 000 1.1095551E+01 1.2485836E-01 -3.2860858E+00
2026 07 24 17 27 00 000 1.1105630E+01 1.3659605E-01 -3.2877259E+00
2026 07 24 17 28 00 000 1.1115669E+01 1.4833154E-01 -3.2893381E+00
2026 07 24 17 29 00 000 1.1125669E+01 1.6007067E-01 -3.2909222E+00
2026 07 24 17 30 00 000 1.1135628E+01 1.7180637E-01 -3.2924776E+00
2026 07 24 17 31 00 000 1.1145550E+01 1.8354669E-01 -3.2940073E+00
2026 07 24 17 32 00 000 1.1155431E+01 1.9528395E-01 -3.2955077E+00
2026 07 24 17 33 00 000 1.1165273E+01 2.0701745E-01 -3.2969804E+00
2026 07 24 17 34 00 000 1.1175076E+01 2.1875376E-01 -3.2984257E+00
2026 07 24 17 35 00 000 1.1184841E+01 2.3048925E-01 -3.2998428E+00
2026 07 24 17 36 00 000 1.1194567E+01 2.4222118E-01 -3.3012321E+00
2026 07 24 17 37 00 000 1.1204253E+01 2.5395611E-01 -3.3025947E+00
2026 07 24 17 38 00 000 1.1213902E+01 2.6568913E-01 -3.3039300E+00
2026 07 24 17 39 00 000 1.1223512E+01 2.7741566E-01 -3.3052363E+00
2026 07 24 17 40 00 000 1.1233081E+01 2.8914148E-01 -3.3065159E+00
2026 07 24 17 41 00 000 1.1242613E+01 3.0086601E-01 -3.3077679E+00
2026 07 24 17 42 00 000 1.1252107E+01 3.1259385E-01 -3.3089938E+00
2026 07 24 17 43 00 000 1.1261561E+01 3.2431698E-01 -3.3101919E+00
2026 07 24 17 44 00 000 1.1270980E+01 3.3603546E-01 -3.3113618E+00
2026 07 24 17 45 00 000 1.1280357E+01 3.4775734E-01 -3.3125057E+00
2026 07 24 17 46 00 000 1.1289698E+01 3.5946828E-01 -3.3136215E+00
2026 07 24 17 47 00 000 1.1299000E+01 3.7118223E-01 -3.3147109E+00
2026 07 24 17 48 00 000 1.1308265E+01 3.8288972E-01 -3.3157735E+00
2026 07 24 17 49 00 000 1.1317491E+01 3.9460203E-01 -3.3168094E+00
2026 07 24 17 50 00 000 1.1326676E+01 4.0630737E-01 -3.3178184E+00
2026 07 24 17 51 00 000 1.1335829E+01 4.1800779E-01 -3.3188002E+00
2026 07 24 17 52 00 000 1.1344941E+01 4.2970410E-01 -3.3197551E+00
2026 07 24 17 53 00 000 1.1354013E+01 4.4140333E-01 -3.3206847E+00
2026 07 24 17 54 00 000 1.1363050E+01 4.5309269E-01 -3.3215859E+00
2026 07 24 17 55 00 000 1.1372049E+01 4.6478221E-01 -3.3224618E+00
2026 07 24 17 56 00 000 1.1381010E+01 4.7646919E-01 -3.3233123E+00
2026 07 24 17 57 00 000 1.1389934E+01 4.8815069E-01 -3.3241348E+00
2026 07 24 17 58 00 000 1.1398820E+01 4.9982554E-01 -3.3249316E+00
2026 07 24 17 59 00 000 1.1407667E+01 5.1149672E-01 -3.3257017E+00
2026 07 24 18 00 00 000 1.1416478E+01 5.2316612E-01 -3.3264461E+00
2026 07 24 18 01 00 000 1.1425252E+01 5.3483480E-01 -3.3271646E+00
2026 07 24 18 02 00 000 1.1433990E+01 5.4649162E-01 -3.3278568E+00
2026 07 24 18 03 00 000 1.1442690E+01 5.5814821E-01 -3.3285229E+00
2026 07 24 18 04 00 000 1.1451352E+01 5.6979376E-01 -3.3291633E+00
2026 07 24 18 05 00 000 1.1459976E+01 5.8144426E-01 -3.3297782E+00
2026 07 24 18 06 00 000 1.1468565E+01 5.9308261E-01 -3.3303673E+00
2026 07 24 18 07 00 000 1.1477115E+01 6.0471803E-01 -3.3309309E+00
2026 07 24 18 08 00 000 1.1485629E+01 6.1635315E-01 -3.3314695E+00
2026 07 24 18 09 00 000 1.1494105E+01 6.2797630E-01 -3.3319817E+00
2026 07 24 18 10 00 000 1.1502545E+01 6.3959432E-01 -3.3324685E+00
2026 07 24 18 11 00 000 1.1510949E+01 6.5121222E-01 -3.3329308E+00
2026 07 24 18 12 00 000 1.1519316E+01 6.6281831E-01 -3.3333676E+00
2026 07 24 18 13 00 000 1.1527646E+01 6.7442131E-01 -3.3337793E+00
2026 07 24 18 14 00 000 1.1535938E+01 6.8601990E-01 -3.3341658E+00
2026 07 24 18 15 00 000 1.1544194E+01 6.9760805E-01 -3.3345270E+00
2026 07 24 18 16 00 000 1.1552417E+01 7.0919377E-01 -3.3348639E+00
2026 07 24 18 17 00 000 1.1560599E+01 7.2077364E-01 -3.3351760E+00
2026 07 24 18 18 00 000 1.1568748E+01 7.3234528E-01 -3.3354635E+00
2026 07 24 18 19 00 000 1.1576859E+01 7.4391210E-01 -3.3357263E+00
2026 07 24 18 20 00 000 1.1584932E+01 7.5546914E-01 -3.3359642E+00
2026 07 24 18 21 00 000 1.1592972E+01 7.6701826E-01 -3.3361776E+00
2026 07 24 18 22 00 000 1.1600975E+01 7.7856404E-01 -3.3363669E+00
2026 07 24 18 23 00 000 1.1608941E+01 7.9010224E-01 -3.3365324E+00
2026 07 24 18 24 00 000 1.1616870E+01 8.0163413E-01 -3.3366725E+00
2026 07 24 18 25 00 000 1.1624764E+01 8.1315511E-01 -3.3367898E+00
2026 07 24 18 26 00 000 1.1632623E+01 8.2466954E-01 -3.3368824E+00
2026 07 24 18 27 00 000 1.1640442E+01 8.3617997E-01 -3.3369517E+00
2026 07 24 18 28 00 000 1.1648229E+01 8.4768111E-01 -3.3369963E+00
2026 07 24 18 29 00 000 1.1655979E+01 8.5917711E-01 -3.3370185E+00
2026 07 24 18 30 00 000 1.1663694E+01 8.7066197E-01 -3.3370156E+00
2026 07 24 18 31 00 000 1.1671373E+01 8.8214159E-01 -3.3369906E+00
2026 07 24 18 32 00 000 1.1679015E+01 8.9361209E-01 -3.3369410E+00
2026 07 24 18 33 00 000 1.1686624E+01 9.0506834E-01 -3.3368688E+00
2026 07 24 18 34 00 000 1.1694194E+01 9.1652328E-01 -3.3367727E+00
2026 07 24 18 35 00 000 1.1701731E+01 9.2797214E-01 -3.3366539E+00
2026 07 24 18 36 00 000 1.1709233E+01 9.3940562E-01 -3.3365116E+00
2026 07 24 18 37 00 000 1.1716696E+01 9.5083559E-01 -3.3363476E+00
2026 07 24 18 38 00 000 1.1724125E+01 9.6225864E-01 -3.3361602E+00
2026 07 24 18 39 00 000 1.1731522E+01 9.7366399E-01 -3.3359492E+00
2026 07 24 18 40 00 000 1.1738879E+01 9.8506689E-01 -3.3357158E+00
2026 07 24 18 41 00 000 1.1746203E+01 9.9645793E-01 -3.3354599E+00
2026 07 24 18 42 00 000 1.1753492E+01 1.0078452E+00 -3.3351824E+00
2026 07 24 18 43 00 000 1.1760744E+01 1.0192202E+00 -3.3348820E+00
2026 07 24 18 44 00 000 1.1767964E+01 1.0305833E+00 -3.3345594E+00
2026 07 24 18 45 00 000 1.1775146E+01 1.0419403E+00 -3.3342147E+00
2026 07 24 18 46 00 000 1.1782295E+01 1.0532842E+00 -3.3338478E+00
2026 07 24 18 47 00 000 1.1789407E+01 1.0646224E+00 -3.3334591E+00
2026 07 24 18 48 00 000 1.1796485E+01 1.0759470E+00 -3.3330483E+00
2026 07 24 18 49 00 000 1.1803529E+01 1.0872680E+00 -3.3326159E+00
2026 07 24 18 50 00 000 1.1810538E+01 1.0985725E+00 -3.3321614E+00
2026 07 24 18 51 00 000 1.1817511E+01 1.1098684E+00 -3.3316867E+00
2026 07 24 18 52 00 000 1.1824449E+01 1.1211556E+00 -3.3311896E+00
2026 07 24 18 53 00 000 1.1831352E+01 1.1324364E+00 -3.3306723E+00
2026 07 24 18 54 00 000 1.1838222E+01 1.1437014E+00 -3.3301320E+00
2026 07 24 18 55 00 000 1.1845056E+01 1.1549593E+00 -3.3295722E+00
2026 07 24 18 56 00 000 1.1851857E+01 1.1662022E+00 -3.3289905E+00
2026 07 24 18 57 00 000 1.1858623E+01 1.1774380E+00 -3.3283877E+00
2026 07 24 18 58 00 000 1.1865353E+01 1.1886638E+00 -3.3277655E+00
2026 07 24 18 59 00 000 1.1872049E+01 1.1998786E+00 -3.3271210E+00
2026 07 24 19 00 00 000 1.1878711E+01 1.2110820E+00 -3.3264563E+00
2026 07 24 19 01 00 000 1.1885339E+01 1.2222750E+00 -3.3257720E+00
2026 07 24 19 02 00 000 1.1891932E+01 1.2334527E+00 -3.3250670E+00
2026 07 24 19 03 00 000 1.1898492E+01 1.2446213E+00 -3.3243420E+00
2026 07 24 19 04 00 000 1.1905014E+01 1.2557803E+00 -3.3235970E+00
2026 07 24 19 05 00 000 1.1911506E+01 1.2669283E+00 -3.3228309E+00
2026 07 24 19 06 00 000 1.1917961E+01 1.2780648E+00 -3.3220458E+00
2026 07 24 19 07 00 000 1.1924383E+01 1.2891910E+00 -3.3212414E+00
2026 07 24 19 08 00 000 1.1930772E+01 1.3003018E+00 -3.3204165E+00
2026 07 24 19 09 00 000 1.1937126E+01 1.3114001E+00 -3.3195715E+00
2026 07 24 19 10 00 000 1.1943445E+01 1.3224899E+00 -3.3187087E+00
2026 07 24 19 11 00 000 1.1949731E+01 1.3335711E+00 -3.3178253E+00
2026 07 24 19 12 00 000 1.1955983E+01 1.3446354E+00 -3.3169236E+00
2026 07 24 19 13 00 000 1.1962199E+01 1.3556881E+00 -3.3160019E+00
2026 07 24 19 14 00 000 1.1968386E+01 1.3667313E+00 -3.3150623E+00
2026 07 24 19 15 00 000 1.1974536E+01 1.3777585E+00 -3.3141031E+00
2026 07 24 19 16 00 000 1.1980651E+01 1.3887761E+00 -3.3131254E+00
2026 07 24 19 17 00 000 1.1986733E+01 1.3997813E+00 -3.3121290E+00
2026 07 24 19 18 00 000 1.1992783E+01 1.4107758E+00 -3.3111141E+00
2026 07 24 19 19 00 000 1.1998798E+01 1.4217527E+00 -3.3100810E+00
2026 07 24 19 20 00 000 1.2004779E+01 1.4327207E+00 -3.3090293E+00
2026 07 24 19 21 00 000 1.2010726E+01 1.4436761E+00 -3.3079596E+00
2026 07 24 19 22 00 000 1.2016642E+01 1.4546187E+00 -3.3068721E+00
2026 07 24 19 23 00 000 1.2022521E+01 1.4655466E+00 -3.3057661E+00
2026 07 24 19 24 00 000 1.2028368E+01 1.4764632E+00 -3.3046434E+00
2026 07 24 19 25 00 000 1.2034184E+01 1.4873646E+00 -3.3035016E+00
2026 07 24 19 26 00 000 1.2039965E+01 1.4982545E+00 -3.3023431E+00
2026 07 24 19 27 00 000 1.2045712E+01 1.5091301E+00 -3.3011670E+00
2026 07 24 19 28 00 000 1.2051423E+01 1.5199945E+00 -3.2999735E+00
2026 07 24 19 29 00 000 1.2057103E+01 1.5308498E+00 -3.2987635E+00
2026 07 24 19 30 00 000 1.2062753E+01 1.5416849E+00 -3.2975354E+00
2026 07 24 19 31 00 000 1.2068365E+01 1.5525092E+00 -3.2962906E+00
2026 07 24 19 32 00 000 1.2073945E+01 1.5633168E+00 -3.2950294E+00
2026 07 24 19 33 00 000 1.2079494E+01 1.5741146E+00 -3.2937515E+00
2026 07 24 19 34 00 000 1.2085007E+01 1.5848994E+00 -3.2924562E+00
2026 07 24 19 35 00 000 1.2090488E+01 1.5956702E+00 -3.2911446E+00
2026 07 24 19 36 00 000 1.2095935E+01 1.6064261E+00 -3.2898178E+00
2026 07 24 19 37 00 000 1.2101353E+01 1.6171660E+00 -3.2884727E+00
2026 07 24 19 38 00 000 1.2106732E+01 1.6278957E+00 -3.2871130E+00
2026 07 24 19 39 00 000 1.2112082E+01 1.6386085E+00 -3.2857375E+00
2026 07 24 19 40 00 000 1.2117399E+01 1.6493094E+00 -3.2843451E+00
2026 07 24 19 41 00 000 1.2122682E+01 1.6599954E+00 -3.2829380E+00
2026 07 24 19 42 00 000 1.2127931E+01 1.6706694E+00 -3.2815146E+00
2026 07 24 19 43 00 000 1.2133148E+01 1.6813264E+00 -3.2800758E+00
2026 07 24 19 44 00 000 1.2138334E+01 1.6919678E+00 -3.2786219E+00
2026 07 24 19 45 00 000 1.2143485E+01 1.7025986E+00 -3.2771525E+00
2026 07 24 19 46 00 000 1.2148605E+01 1.7132113E+00 -3.2756670E+00
2026 07 24 19 47 00 000 1.2153690E+01 1.7238132E+00 -3.2741678E+00
2026 07 24 19 48 00 000 1.2158744E+01 1.7343987E+00 -3.2726533E+00
2026 07 24 19 49 00 000 1.2163765E+01 1.7449720E+00 -3.2711241E+00
2026 07 24 19 50 00 000 1.2168755E+01 1.7555285E+00 -3.2695806E+00
2026 07 24 19 51 00 000 1.2173711E+01 1.7660660E+00 -3.2680213E+00
2026 07 24 19 52 00 000 1.2178632E+01 1.7765973E+00 -3.2664490E+00
2026 07 24 19 53 00 000 1.2183523E+01 1.7871104E+00 -3.2648616E+00
2026 07 24 19 54 00 000 1.2188382E+01 1.7976087E+00 -3.2632608E+00
2026 07 24 19 55 00 000 1.2193207E+01 1.8080902E+00 -3.2616456E+00
2026 07 24 19 56 00 000 1.2198001E+01 1.8185591E+00 -3.2600157E+00
2026 07 24 19 57 00 000 1.2202761E+01 1.8290124E+00 -3.2583725E+00
2026 07 24 19 58 00 000 1.2207489E+01 1.8394507E+00 -3.2567160E+00
2026 07 24 19 59 00 000 1.2212186E+01 1.8498743E+00 -3.2550461E+00
2026 07 24 20 00 00 000 1.2216849E+01 1.8602797E+00 -3.2533624E+00
2026 07 24 20 01 00 000 1.2221481E+01 1.8706715E+00 -3.2516649E+00
2026 07 24 20 02 00 000 1.2226082E+01 1.8810467E+00 -3.2499549E+00
2026 07 24 20 03 00 000 1.2230647E+01 1.8914092E+00 -3.2482321E+00
2026 07 24 20 04 00 000 1.2235183E+01 1.9017569E+00 -3.2464957E+00
2026 07 24 20 05 00 000 1.2239686E+01 1.9120891E+00 -3.2447474E+00
2026 07 24 20 06 00 000 1.2244157E+01 1.9224011E+00 -3.2429855E+00
2026 07 24 20 07 00 000 1.2248594E+01 1.9327044E+00 -3.2412112E+00
2026 07 24 20 08 00 000 1.2253002E+01 1.9429845E+00 -3.2394245E+00
2026 07 24 20 09 00 000 1.2257376E+01 1.9532530E+00 -3.2376261E+00
2026 07 24 20 10 00 000 1.2261717E+01 1.9635078E+00 -3.2358153E+00
2026 07 24 20 11 00 000 1.2266028E+01 1.9737424E+00 -3.2339919E+00
2026 07 24 20 12 00 000 1.2270307E+01 1.9839681E+00 -3.2321568E+00
2026 07 24 20 13 00 000 1.2274553E+01 1.9941713E+00 -3.2303102E+00
2026 07 24 20 14 00 000 1.2278768E+01 2.0043621E+00 -3.2284520E+00
2026 07 24 20 15 00 000 1.2282952E+01 2.0145335E+00 -3.2265811E+00
2026 07 24 20 16 00 000 1.2287103E+01 2.0246935E+00 -3.2246997E+00
2026 07 24 20 17 00 000 1.2291221E+01 2.0348375E+00 -3.2228062E+00
2026 07 24 20 18 00 000 1.2295308E+01 2.0449629E+00 -3.2209027E+00
2026 07 24 20 19 00 000 1.2299363E+01 2.0550749E+00 -3.2189877E+00
2026 07 24 20 20 00 000 1.2303388E+01 2.0651693E+00 -3.2170618E+00
2026 07 24 20 21 00 000 1.2307378E+01 2.0752447E+00 -3.2151246E+00
2026 07 24 20 22 00 000 1.2311338E+01 2.0853102E+00 -3.2131777E+00
2026 07 24 20 23 00 000 1.2315268E+01 2.0953543E+00 -3.2112188E+00
2026 07 24 20 24 00 000 1.2319163E+01 2.1053839E+00 -3.2092505E+00
2026 07 24 20 25 00 000 1.2323029E+01 2.1153963E+00 -3.2072716E+00
2026 07 24 20 26 00 000 1.2326863E+01 2.1253932E+00 -3.2052820E+00
2026 07 24 20 27 00 000 1.2330666E+01 2.1353760E+00 -3.2032831E+00
2026 07 24 20 28 00 000 1.2334436E+01 2.1453369E+00 -3.2012739E+00
2026 07 24 20 29 00 000 1.2338176E+01 2.1552815E+00 -3.1992550E+00
2026 07 24 20 30 00 000 1.2341883E+01 2.1652179E+00 -3.1972260E+00
2026 07 24 20 31 00 000 1.2345557E+01 2.1751301E+00 -3.1951873E+00
2026 07 24 20 32 00 000 1.2349202E+01 2.1850302E+00 -3.1931396E+00
2026 07 24 20 33 00 000 1.2352816E+01 2.1949117E+00 -3.1910825E+00
2026 07 24 20 34 00 000 1.2356398E+01 2.2047787E+00 -3.1890159E+00
2026 07 24 20 35 00 000 1.2359949E+01 2.2146251E+00 -3.1869404E+00
2026 07 24 20 36 00 000 1.2363468E+01 2.2244577E+00 -3.1848555E+00
2026 07 24 20 37 00 000 1.2366957E+01 2.2342718E+00 -3.1827621E+00
2026 07 24 20 38 00 000 1.2370411E+01 2.2440751E+00 -3.1806600E+00
2026 07 24 20 39 00 000 1.2373838E+01 2.2538533E+00 -3.1785493E+00
2026 07 24 20 40 00 000 1.2377233E+01 2.2636197E+00 -3.1764300E+00
2026 07 24 20 41 00 000 1.2380595E+01 2.2733698E+00 -3.1743019E+00
2026 07 24 20 42 00 000 1.2383926E+01 2.2831020E+00 -3.1721656E+00
2026 07 24 20 43 00 000 1.2387227E+01 2.2928147E+00 -3.1700215E+00
2026 07 24 20 44 00 000 1.2390496E+01 2.3025107E+00 -3.1678698E+00
2026 07 24 20 45 00 000 1.2393734E+01 2.3121955E+00 -3.1657090E+00
2026 07 24 20 46 00 000 1.2396940E+01 2.3218570E+00 -3.1635411E+00
2026 07 24 20 47 00 000 1.2400119E+01 2.3315032E+00 -3.1613653E+00
2026 07 24 20 48 00 000 1.2403261E+01 2.3411376E+00 -3.1591821E+00
2026 07 24 20 49 00 000 1.2406376E+01 2.3507485E+00 -3.1569912E+00
2026 07 24 20 50 00 000 1.2409456E+01 2.3603466E+00 -3.1547937E+00
2026 07 24 20 51 00 000 1.2412510E+01 2.3699234E+00 -3.1525884E+00
2026 07 24 20 52 00 000 1.2415530E+01 2.3794899E+00 -3.1503758E+00
2026 07 24 20 53 00 000 1.2418520E+01 2.3890333E+00 -3.1481574E+00
2026 07 24 20 54 00 000 1.2421480E+01 2.3985627E+00 -3.1459305E+00
2026 07 24 20 55 00 000 1.2424406E+01 2.4080751E+00 -3.1436980E+00
2026 07 24 20 56 00 000 1.2427303E+01 2.4175708E+00 -3.1414585E+00
2026 07 24 20 57 00 000 1.2430171E+01 2.4270451E+00 -3.1392126E+00
2026 07 24 20 58 00 000 1.2433005E+01 2.4365065E+00 -3.1369598E+00
2026 07 24 20 59 00 000 1.2435810E+01 2.4459503E+00 -3.1347015E+00
2026 07 24 21 00 00 000 1.2438584E+01 2.4553738E+00 -3.1324372E+00
2026 07 24 21 01 00 000 1.2441326E+01 2.4647832E+00 -3.1301672E+00
2026 07 24 21 02 00 000 1.2444038E+01 2.4741755E+00 -3.1278903E+00
2026 07 24 21 03 00 000 1.2446721E+01 2.4835498E+00 -3.1256077E+00
2026 07 24 21 04 00 000 1.2449371E+01 2.4929049E+00 -3.1233196E+00
2026 07 24 21 05 00 000 1.2451991E+01 2.5022490E+00 -3.1210253E+00
2026 07 24 21 06 00 000 1.2454580E+01 2.5115681E+00 -3.1187265E+00
2026 07 24 21 07 00 000 1.2457139E+01 2.5208712E+00 -3.1164215E+00
2026 07 24 21 08 00 000 1.2459667E+01 2.5301604E+00 -3.1141121E+00
2026 07 24 21 09 00 000 1.2462164E+01 2.5394325E+00 -3.1117966E+00
2026 07 24 21 10 00 000 1.2464631E+01 2.5486851E+00 -3.1094761E+00
2026 07 24 21 11 00 000 1.2467067E+01 2.5579181E+00 -3.1071515E+00
2026 07 24 21 12 00 000 1.2469472E+01 2.5671356E+00 -3.1048217E+00
2026 07 24 21 13 00 000 1.2471848E+01 2.5763407E+00 -3.1024873E+00
2026 07 24 21 14 00 000 1.2474192E+01 2.5855248E+00 -3.1001489E+00
2026 07 24 21 15 00 000 1.2476506E+01 2.5946884E+00 -3.0978053E+00
2026 07 24 21 16 00 000 1.2478788E+01 2.6038377E+00 -3.0954568E+00
2026 07 24 21 17 00 000 1.2481041E+01 2.6129704E+00 -3.0931056E+00
2026 07 24 21 18 00 000 1.2483265E+01 2.6220825E+00 -3.0907493E+00
2026 07 24 21 19 00 000 1.2485456E+01 2.6311810E+00 -3.0883892E+00
2026 07 24 21 20 00 000 1.2487616E+01 2.6402633E+00 -3.0860248E+00
2026 07 24 21 21 00 000 1.2489750E+01 2.6493227E+00 -3.0836565E+00
2026 07 24 21 22 00 000 1.2491850E+01 2.6583652E+00 -3.0812855E+00
2026 07 24 21 23 00 000 1.2493920E+01 2.6673937E+00 -3.0789104E+00
2026 07 24 21 24 00 000 1.2495959E+01 2.6764030E+00 -3.0765314E+00
2026 07 24 21 25 00 000 1.2497970E+01 2.6853964E+00 -3.0741501E+00
2026 07 24 21 26 00 000 1.2499949E+01 2.6943722E+00 -3.0717640E+00
2026 07 24 21 27 00 000 1.2501897E+01 2.7033269E+00 -3.0693758E+00
2026 07 24 21 28 00 000 1.2503816E+01 2.7122672E+00 -3.0669844E+00
2026 07 24 21 29 00 000 1.2505706E+01 2.7211876E+00 -3.0645905E+00
2026 07 24 21 30 00 000 1.2507564E+01 2.7300925E+00 -3.0621934E+00
2026 07 24 21 31 00 000 1.2509392E+01 2.7389803E+00 -3.0597930E+00
2026 07 24 21 32 00 000 1.2511190E+01 2.7478478E+00 -3.0573900E+00
2026 07 24 21 33 00 000 1.2512958E+01 2.7567022E+00 -3.0549853E+00
2026 07 24 21 34 00 000 1.2514694E+01 2.7655401E+00 -3.0525775E+00
2026 07 24 21 35 00 000 1.2516402E+01 2.7743545E+00 -3.0501676E+00
2026 07 24 21 36 00 000 1.2518080E+01 2.7831523E+00 -3.0477560E+00
2026 07 24 21 37 00 000 1.2519726E+01 2.7919350E+00 -3.0453415E+00
2026 07 24 21 38 00 000 1.2521343E+01 2.8007004E+00 -3.0429258E+00
2026 07 24 21 39 00 000 1.2522930E+01 2.8094478E+00 -3.0405073E+00
2026 07 24 21 40 00 000 1.2524486E+01 2.8181798E+00 -3.0380876E+00
2026 07 24 21 41 00 000 1.2526012E+01 2.8268924E+00 -3.0356665E+00
2026 07 24 21 42 00 000 1.2527508E+01 2.8355856E+00 -3.0332429E+00
2026 07 24 21 43 00 000 1.2528976E+01 2.8442616E+00 -3.0308180E+00
2026 07 24 21 44 00 000 1.2530411E+01 2.8529229E+00 -3.0283918E+00
2026 07 24 21 45 00 000 1.2531819E+01 2.8615663E+00 -3.0259655E+00
2026 07 24 21 46 00 000 1.2533195E+01 2.8701894E+00 -3.0235362E+00
2026 07 24 21 47 00 000 1.2534541E+01 2.8787947E+00 -3.0211067E+00
2026 07 24 21 48 00 000 1.2535857E+01 2.8873870E+00 -3.0186768E+00
2026 07 24 21 49 00 000 1.2537145E+01 2.8959568E+00 -3.0162451E+00
2026 07 24 21 50 00 000 1.2538401E+01 2.9045084E+00 -3.0138128E+00
2026 07 24 21 51 00 000 1.2539626E+01 2.9130468E+00 -3.0113797E+00
2026 07 24 21 52 00 000 1.2540825E+01 2.9215696E+00 -3.0089455E+00
2026 07 24 21 53 00 000 1.2541989E+01 2.9300702E+00 -3.0065122E+00
2026 07 24 21 54 00 000 1.2543126E+01 2.9385562E+00 -3.0040779E+00
2026 07 24 21 55 00 000 1.2544233E+01 2.9470243E+00 -3.0016425E+00
2026 07 24 21 56 00 000 1.2545310E+01 2.9554710E+00 -2.9992075E+00
2026 07 24 21 57 00 000 1.2546359E+01 2.9639044E+00 -2.9967725E+00
2026 07 24 21 58 00 000 1.2547376E+01 2.9723186E+00 -2.9943376E+00
2026 07 24 21 59 00 000 1.2548363E+01 2.9807179E+00 -2.9919024E+00
2026 07 24 22 00 00 000 1.2549320E+01 2.9890962E+00 -2.9894674E+00
2026 07 24 22 01 00 000 1.2550248E+01 2.9974585E+00 -2.9870319E+00
2026 07 24 22 02 00 000 1.2551147E+01 3.0058043E+00 -2.9845977E+00
2026 07 24 22 03 00 000 1.2552015E+01 3.0141330E+00 -2.9821634E+00
2026 07 24 22 04 00 000 1.2552852E+01 3.0224433E+00 -2.9797306E+00
2026 07 24 22 05 00 000 1.2553661E+01 3.0307331E+00 -2.9772975E+00
2026 07 24 22 06 00 000 1.2554441E+01 3.0390096E+00 -2.9748650E+00
2026 07 24 22 07 00 000 1.2555190E+01 3.0472655E+00 -2.9724336E+00
2026 07 24 22 08 00 000 1.2555910E+01 3.0555038E+00 -2.9700038E+00
2026 07 24 22 09 00 000 1.2556600E+01 3.0637295E+00 -2.9675736E+00
2026 07 24 22 10 00 000 1.2557261E+01 3.0719328E+00 -2.9651458E+00
2026 07 24 22 11 00 000 1.2557891E+01 3.0801251E+00 -2.9627182E+00
2026 07 24 22 12 00 000 1.2558492E+01 3.0882928E+00 -2.9602926E+00
2026 07 24 22 13 00 000 1.2559064E+01 3.0964477E+00 -2.9578679E+00
2026 07 24 22 14 00 000 1.2559604E+01 3.1045804E+00 -2.9554451E+00
2026 07 24 22 15 00 000 1.2560116E+01 3.1127033E+00 -2.9530230E+00
2026 07 24 22 16 00 000 1.2560598E+01 3.1208034E+00 -2.9506023E+00
2026 07 24 22 17 00 000 1.2561050E+01 3.1288872E+00 -2.9481838E+00
2026 07 24 22 18 00 000 1.2561472E+01 3.1369545E+00 -2.9457672E+00
2026 07 24 22 19 00 000 1.2561869E+01 3.1450024E+00 -2.9433520E+00
2026 07 24 22 20 00 000 1.2562231E+01 3.1530354E+00 -2.9409389E+00
2026 07 24 22 21 00 000 1.2562566E+01 3.1610508E+00 -2.9385278E+00
2026 07 24 22 22 00 000 1.2562872E+01 3.1690481E+00 -2.9361188E+00
2026 07 24 22 23 00 000 1.2563147E+01 3.1770296E+00 -2.9337120E+00
2026 07 24 22 24 00 000 1.2563392E+01 3.1849902E+00 -2.9313080E+00
2026 07 24 22 25 00 000 1.2563608E+01 3.1929364E+00 -2.9289057E+00
2026 07 24 22 26 00 000 1.2563794E+01 3.2008665E+00 -2.9265063E+00
2026 07 24 22 27 00 000 1.2563951E+01 3.2087767E+00 -2.9241083E+00
2026 07 24 22 28 00 000 1.2564079E+01 3.2166681E+00 -2.9217143E+00
2026 07 24 22 29 00 000 1.2564177E+01 3.2245469E+00 -2.9193225E+00
2026 07 24 22 30 00 000 1.2564246E+01 3.2324045E+00 -2.9169335E+00
2026 07 24 22 31 00 000 1.2564285E+01 3.2402470E+00 -2.9145470E+00
2026 07 24 22 32 00 000 1.2564297E+01 3.2480733E+00 -2.9121633E+00
2026 07 24 22 33 00 000 1.2564276E+01 3.2558815E+00 -2.9097829E+00
2026 07 24 22 34 00 000 1.2564228E+01 3.2636695E+00 -2.9074054E+00
2026 07 24 22 35 00 000 1.2564147E+01 3.2714479E+00 -2.9050312E+00
2026 07 24 22 36 00 000 1.2564040E+01 3.2792022E+00 -2.9026601E+00
2026 07 24 22 37 00 000 1.2563903E+01 3.2869396E+00 -2.9002919E+00
2026 07 24 22 38 00 000 1.2563736E+01 3.2946622E+00 -2.8979273E+00
2026 07 24 22 39 00 000 1.2563539E+01 3.3023679E+00 -2.8955669E+00
2026 07 24 22 40 00 000 1.2563313E+01 3.3100579E+00 -2.8932095E+00
2026 07 24 22 41 00 000 1.2563057E+01 3.3177295E+00 -2.8908553E+00
2026 07 24 22 42 00 000 1.2562774E+01 3.3253834E+00 -2.8885052E+00
2026 07 24 22 43 00 000 1.2562461E+01 3.3330188E+00 -2.8861580E+00
2026 07 24 22 44 00 000 1.2562117E+01 3.3406386E+00 -2.8838155E+00
2026 07 24 22 45 00 000 1.2561745E+01 3.3482397E+00 -2.8814771E+00
2026 07 24 22 46 00 000 1.2561342E+01 3.3558295E+00 -2.8791413E+00
2026 07 24 22 47 00 000 1.2560911E+01 3.3633971E+00 -2.8768106E+00
2026 07 24 22 48 00 000 1.2560451E+01 3.3709466E+00 -2.8744843E+00
2026 07 24 22 49 00 000 1.2559961E+01 3.3784857E+00 -2.8721616E+00
2026 07 24 22 50 00 000 1.2559443E+01 3.3860002E+00 -2.8698430E+00
2026 07 24 22 51 00 000 1.2558893E+01 3.3935006E+00 -2.8675294E+00
2026 07 24 22 52 00 000 1.2558316E+01 3.4009876E+00 -2.8652184E+00
2026 07 24 22 53 00 000 1.2557709E+01 3.4084530E+00 -2.8629143E+00
2026 07 24 22 54 00 000 1.2557072E+01 3.4159040E+00 -2.8606131E+00
2026 07 24 22 55 00 000 1.2556407E+01 3.4233398E+00 -2.8583167E+00
2026 07 24 22 56 00 000 1.2555712E+01 3.4307575E+00 -2.8560252E+00
2026 07 24 22 57 00 000 1.2554988E+01 3.4381535E+00 -2.8537378E+00
2026 07 24 22 58 00 000 1.2554235E+01 3.4455380E+00 -2.8514562E+00
2026 07 24 22 59 00 000 1.2553452E+01 3.4529021E+00 -2.8491790E+00
2026 07 24 23 00 00 000 1.2552640E+01 3.4602556E+00 -2.8469064E+00
2026 07 24 23 01 00 000 1.2551799E+01 3.4675865E+00 -2.8446391E+00
2026 07 24 23 02 00 000 1.2550929E+01 3.4749031E+00 -2.8423765E+00
2026 07 24 23 03 00 000 1.2550028E+01 3.4822032E+00 -2.8401191E+00
2026 07 24 23 04 00 000 1.2549099E+01 3.4894879E+00 -2.8378668E+00
2026 07 24 23 05 00 000 1.2548141E+01 3.4967499E+00 -2.8356202E+00
2026 07 24 23 06 00 000 1.2547153E+01 3.5040028E+00 -2.8333783E+00
2026 07 24 23 07 00 000 1.2546137E+01 3.5112331E+00 -2.8311419E+00
2026 07 24 23 08 00 000 1.2545094E+01 3.5184467E+00 -2.8289108E+00
2026 07 24 23 09 00 000 1.2544017E+01 3.5256503E+00 -2.8266857E+00
2026 07 24 23 10 00 000 1.2542912E+01 3.5328302E+00 -2.8244653E+00
2026 07 24 23 11 00 000 1.2541779E+01 3.5399950E+00 -2.8222506E+00
2026 07 24 23 12 00 000 1.2540617E+01 3.5471482E+00 -2.8200421E+00
2026 07 24 23 13 00 000 1.2539424E+01 3.5542817E+00 -2.8178391E+00
2026 07 24 23 14 00 000 1.2538204E+01 3.5613954E+00 -2.8156419E+00
2026 07 24 23 15 00 000 1.2536955E+01 3.5684924E+00 -2.8134501E+00
2026 07 24 23 16 00 000 1.2535676E+01 3.5755758E+00 -2.8112643E+00
2026 07 24 23 17 00 000 1.2534368E+01 3.5826433E+00 -2.8090847E+00
2026 07 24 23 18 00 000 1.2533030E+01 3.5896943E+00 -2.8069108E+00
2026 07 24 23 19 00 000 1.2531661E+01 3.5967262E+00 -2.8047431E+00
2026 07 24 23 20 00 000 1.2530265E+01 3.6037474E+00 -2.8025808E+00
2026 07 24 23 21 00 000 1.2528842E+01 3.6107459E+00 -2.8004253E+00
2026 07 24 23 22 00 000 1.2527390E+01 3.6177282E+00 -2.7982757E+00
2026 07 24 23 23 00 000 1.2525905E+01 3.6246965E+00 -2.7961328E+00
2026 07 24 23 24 00 000 1.2524391E+01 3.6316519E+00 -2.7939959E+00
2026 07 24 23 25 00 000 1.2522850E+01 3.6385841E+00 -2.7918651E+00
2026 07 24 23 26 00 000 1.2521280E+01 3.6455042E+00 -2.7897410E+00
2026 07 24 23 27 00 000 1.2519680E+01 3.6524072E+00 -2.7876234E+00
2026 07 24 23 28 00 000 1.2518052E+01 3.6592915E+00 -2.7855122E+00
2026 07 24 23 29 00 000 1.2516395E+01 3.6661582E+00 -2.7834072E+00
2026 07 24 23 30 00 000 1.2514707E+01 3.6730130E+00 -2.7813089E+00
2026 07 24 23 31 00 000 1.2512988E+01 3.6798542E+00 -2.7792182E+00
2026 07 24 23 32 00 000 1.2511244E+01 3.6866727E+00 -2.7771327E+00
2026 07 24 23 33 00 000 1.2509470E+01 3.6934781E+00 -2.7750547E+00
2026 07 24 23 34 00 000 1.2507668E+01 3.7002673E+00 -2.7729836E+00
2026 07 24 23 35 00 000 1.2505834E+01 3.7070408E+00 -2.7709191E+00
2026 07 24 23 36 00 000 1.2503972E+01 3.7137961E+00 -2.7688613E+00
2026 07 24 23 37 00 000 1.2502080E+01 3.7205379E+00 -2.7668111E+00
2026 07 24 23 38 00 000 1.2500162E+01 3.7272589E+00 -2.7647669E+00
2026 07 24 23 39 00 000 1.2498212E+01 3.7339644E+00 -2.7627304E+00
2026 07 24 23 40 00 000 1.2496236E+01 3.7406573E+00 -2.7607009E+00
2026 07 24 23 41 00 000 1.2494226E+01 3.7473335E+00 -2.7586784E+00
2026 07 24 23 42 00 000 1.2492190E+01 3.7539930E+00 -2.7566624E+00
2026 07 24 23 43 00 000 1.2490127E+01 3.7606375E+00 -2.7546546E+00
2026 07 24 23 44 00 000 1.2488030E+01 3.7672651E+00 -2.7526536E+00
2026 07 24 23 45 00 000 1.2485908E+01 3.7738743E+00 -2.7506597E+00
2026 07 24 23 46 00 000 1.2483756E+01 3.7804677E+00 -2.7486730E+00
2026 07 24 23 47 00 000 1.2481570E+01 3.7870495E+00 -2.7466943E+00
2026 07 24 23 48 00 000 1.2479361E+01 3.7936146E+00 -2.7447224E+00
2026 07 24 23 49 00 000 1.2477124E+01 3.8001556E+00 -2.7427585E+00
2026 07 24 23 50 00 000 1.2474854E+01 3.8066907E+00 -2.7408011E+00
2026 07 24 23 51 00 000 1.2472556E+01 3.8132036E+00 -2.7388520E+00
2026 07 24 23 52 00 000 1.2470229E+01 3.8197048E+00 -2.7369099E+00
2026 07 24 23 53 00 000 1.2467872E+01 3.8261881E+00 -2.7349756E+00
2026 07 24 23 54 00 000 1.2465488E+01 3.8326566E+00 -2.7330494E+00
2026 07 24 23 55 00 000 1.2463074E+01 3.8391056E+00 -2.7311304E+00
2026 07 24 23 56 00 000 1.2460631E+01 3.8455431E+00 -2.7292192E+00
2026 07 24 23 57 00 000 1.2458157E+01 3.8519635E+00 -2.7273154E+00
2026 07 24 23 58 00 000 1.2455655E+01 3.8583694E+00 -2.7254195E+00
2026 07 24 23 59 00 000 1.2453125E+01 3.8647578E+00 -2.7235315E+00
2026 07 25 00 00 00 000 1.2450564E+01 3.8711267E+00 -2.7216589E+00
2026 07 25 00 01 00 000 1.2447975E+01 3.8774800E+00 -2.7197859E+00
2026 07 25 00 02 00 000 1.2445358E+01 3.8838220E+00 -2.7179217E+00
2026 07 25 00 03 00 000 1.2442710E+01 3.8901455E+00 -2.7160645E+00
2026 07 25 00 04 00 000 1.2440036E+01 3.8964562E+00 -2.7142165E+00
2026 07 25 00 05 00 000 1.2437329E+01 3.9027512E+00 -2.7123756E+00
2026 07 25 00 06 00 000 1.2434596E+01 3.9090300E+00 -2.7105427E+00
2026 07 25 00 07 00 000 1.2431832E+01 3.9152949E+00 -2.7087181E+00
2026 07 25 00 08 00 000 1.2429040E+01 3.9215395E+00 -2.7069016E+00
2026 07 25 00 09 00 000 1.2426220E+01 3.9277673E+00 -2.7050931E+00
2026 07 25 00 10 00 000 1.2423368E+01 3.9339843E+00 -2.7032931E+00
2026 07 25 00 11 00 000 1.2420489E+01 3.9401853E+00 -2.7015009E+00
2026 07 25 00 12 00 000 1.2417581E+01 3.9463682E+00 -2.6997163E+00
2026 07 25 00 13 00 000 1.2414642E+01 3.9525418E+00 -2.6979403E+00
2026 07 25 00 14 00 000 1.2411676E+01 3.9586926E+00 -2.6961730E+00
2026 07 25 00 15 00 000 1.2408681E+01 3.9648309E+00 -2.6944134E+00
2026 07 25 00 16 00 000 1.2405654E+01 3.9709580E+00 -2.6926620E+00
2026 07 25 00 17 00 000 1.2402600E+01 3.9770622E+00 -2.6909194E+00
2026 07 25 00 18 00 000 1.2399519E+01 3.9831522E+00 -2.6891849E+00
2026 07 25 00 19 00 000 1.2396407E+01 3.9892292E+00 -2.6874580E+00
2026 07 25 00 20 00 000 1.2393265E+01 3.9952903E+00 -2.6857409E+00
2026 07 25 00 21 00 000 1.2390093E+01 4.0013371E+00 -2.6840310E+00
2026 07 25 00 22 00 000 1.2386896E+01 4.0073667E+00 -2.6823301E+00
2026 07 25 00 23 00 000 1.2383665E+01 4.0133820E+00 -2.6806376E+00
2026 07 25 00 24 00 000 1.2380407E+01 4.0193796E+00 -2.6789539E+00
2026 07 25 00 25 00 000 1.2377120E+01 4.0253658E+00 -2.6772778E+00
2026 07 25 00 26 00 000 1.2373806E+01 4.0313301E+00 -2.6756108E+00
2026 07 25 00 27 00 000 1.2370460E+01 4.0372858E+00 -2.6739519E+00
2026 07 25 00 28 00 000 1.2367085E+01 4.0432210E+00 -2.6723020E+00
2026 07 25 00 29 00 000 1.2363681E+01 4.0491457E+00 -2.6706610E+00
2026 07 25 00 30 00 000 1.2360249E+01 4.0550537E+00 -2.6690273E+00
2026 07 25 00 31 00 000 1.2356788E+01 4.0609426E+00 -2.6674032E+00
2026 07 25 00 32 00 000 1.2353297E+01 4.0668187E+00 -2.6657872E+00
2026 07 25 00 33 00 000 1.2349777E+01 4.0726800E+00 -2.6641805E+00
2026 07 25 00 34 00 000 1.2346227E+01 4.0785298E+00 -2.6625817E+00
2026 07 25 00 35 00 000 1.2342649E+01 4.0843592E+00 -2.6609917E+00
2026 07 25 00 36 00 000 1.2339043E+01 4.0901752E+00 -2.6594107E+00
2026 07 25 00 37 00 000 1.2335405E+01 4.0959764E+00 -2.6578381E+00
2026 07 25 00 38 00 000 1.2331738E+01 4.1017628E+00 -2.6562736E+00
2026 07 25 00 39 00 000 1.2328045E+01 4.1075335E+00 -2.6547191E+00
2026 07 25 00 40 00 000 1.2324321E+01 4.1132836E+00 -2.6531727E+00
2026 07 25 00 41 00 000 1.2320566E+01 4.1190281E+00 -2.6516347E+00
2026 07 25 00 42 00 000 1.2316786E+01 4.1247506E+00 -2.6501055E+00
2026 07 25 00 43 00 000 1.2312972E+01 4.1304607E+00 -2.6485853E+00
2026 07 25 00 44 00 000 1.2309132E+01 4.1361561E+00 -2.6470735E+00
2026 07 25 00 45 00 000 1.2305262E+01 4.1418376E+00 -2.6455715E+00
2026 07 25 00 46 00 000 1.2301362E+01 4.1475029E+00 -2.6440775E+00
2026 07 25 00 47 00 000 1.2297436E+01 4.1531496E+00 -2.6425920E+00
2026 07 25 00 48 00 000 1.2293476E+01 4.1587901E+00 -2.6411154E+00
2026 07 25 00 49 00 000 1.2289491E+01 4.1644039E+00 -2.6396480E+00
2026 07 25 00 50 00 000 1.2285475E+01 4.1700106E+00 -2.6381893E+00
2026 07 25 00 51 00 000 1.2281429E+01 4.1756020E+00 -2.6367400E+00
2026 07 25 00 52 00 000 1.2277353E+01 4.1811771E+00 -2.6352985E+00
2026 07 25 00 53 00 000 1.2273252E+01 4.1867366E+00 -2.6338658E+00
2026 07 25 00 54 00 000 1.2269117E+01 4.1922798E+00 -2.6324425E+00
2026 07 25 00 55 00 000 1.2264956E+01 4.1978145E+00 -2.6310277E+00
2026 07 25 00 56 00 000 1.2260763E+01 4.2033248E+00 -2.6296227E+00
2026 07 25 00 57 00 000 1.2256543E+01 4.2088289E+00 -2.6282251E+00
2026 07 25 00 58 00 000 1.2252293E+01 4.2143121E+00 -2.6268373E+00
2026 07 25 00 59 00 000 1.2248013E+01 4.2197824E+00 -2.6254578E+00
2026 07 25 01 00 00 000 1.2243705E+01 4.2252398E+00 -2.6240873E+00
2026 07 25 01 01 00 000 1.2239368E+01 4.2306786E+00 -2.6227260E+00
2026 07 25 01 02 00 000 1.2235001E+01 4.2361064E+00 -2.6213734E+00
2026 07 25 01 03 00 000 1.2230602E+01 4.2415199E+00 -2.6200290E+00
2026 07 25 01 04 00 000 1.2226179E+01 4.2469158E+00 -2.6186945E+00
2026 07 25 01 05 00 000 1.2221724E+01 4.2522988E+00 -2.6173680E+00
2026 07 25 01 06 00 000 1.2217239E+01 4.2576642E+00 -2.6160507E+00
2026 07 25 01 07 00 000 1.2212724E+01 4.2630181E+00 -2.6147430E+00
2026 07 25 01 08 00 000 1.2208182E+01 4.2683568E+00 -2.6134429E+00
2026 07 25 01 09 00 000 1.2203607E+01 4.2736821E+00 -2.6121519E+00
2026 07 25 01 10 00 000 1.2199007E+01 4.2789888E+00 -2.6108699E+00
2026 07 25 01 11 00 000 1.2194376E+01 4.2842803E+00 -2.6095970E+00
2026 07 25 01 12 00 000 1.2189717E+01 4.2895575E+00 -2.6083326E+00
2026 07 25 01 13 00 000 1.2185025E+01 4.2948260E+00 -2.6070776E+00
2026 07 25 01 14 00 000 1.2180306E+01 4.3000727E+00 -2.6058311E+00
2026 07 25 01 15 00 000 1.2175557E+01 4.3053079E+00 -2.6045926E+00
2026 07 25 01 16 00 000 1.2170778E+01 4.3105297E+00 -2.6033640E+00
2026 07 25 01 17 00 000 1.2165972E+01 4.3157363E+00 -2.6021438E+00
2026 07 25 01 18 00 000 1.2161136E+01 4.3209286E+00 -2.6009326E+00
2026 07 25 01 19 00 000 1.2156267E+01 4.3261065E+00 -2.5997298E+00
2026 07 25 01 20 00 000 1.2151373E+01 4.3312659E+00 -2.5985360E+00
2026 07 25 01 21 00 000 1.2146448E+01 4.3364143E+00 -2.5973508E+00
2026 07 25 01 22 00 000 1.2141493E+01 4.3415484E+00 -2.5961750E+00
2026 07 25 01 23 00 000 1.2136508E+01 4.3466678E+00 -2.5950069E+00
2026 07 25 01 24 00 000 1.2131495E+01 4.3517699E+00 -2.5938480E+00
2026 07 25 01 25 00 000 1.2126454E+01 4.3568583E+00 -2.5926988E+00
2026 07 25 01 26 00 000 1.2121380E+01 4.3619347E+00 -2.5915570E+00
2026 07 25 01 27 00 000 1.2116279E+01 4.3669949E+00 -2.5904243E+00
2026 07 25 01 28 00 000 1.2111147E+01 4.3720417E+00 -2.5893006E+00
2026 07 25 01 29 00 000 1.2105983E+01 4.3770738E+00 -2.5881853E+00
2026 07 25 01 30 00 000 1.2100794E+01 4.3820934E+00 -2.5870790E+00
2026 07 25 01 31 00 000 1.2095574E+01 4.3870931E+00 -2.5859811E+00
2026 07 25 01 32 00 000 1.2090323E+01 4.3920813E+00 -2.5848918E+00
2026 07 25 01 33 00 000 1.2085044E+01 4.3970556E+00 -2.5838113E+00
2026 07 25 01 34 00 000 1.2079738E+01 4.4020138E+00 -2.5827391E+00
2026 07 25 01 35 00 000 1.2074398E+01 4.4069576E+00 -2.5816755E+00
2026 07 25 01 36 00 000 1.2069030E+01 4.4118919E+00 -2.5806208E+00
2026 07 25 01 37 00 000 1.2063632E+01 4.4168096E+00 -2.5795748E+00
2026 07 25 01 38 00 000 1.2058206E+01 4.4217081E+00 -2.5785365E+00
2026 07 25 01 39 00 000 1.2052748E+01 4.4265971E+00 -2.5775073E+00
2026 07 25 01 40 00 000 1.2047260E+01 4.4314728E+00 -2.5764871E+00
2026 07 25 01 41 00 000 1.2041744E+01 4.4363327E+00 -2.5754740E+00
2026 07 25 01 42 00 000 1.2036198E+01 4.4411778E+00 -2.5744708E+00
2026 07 25 01 43 00 000 1.2030623E+01 4.4460068E+00 -2.5734758E+00
2026 07 25 01 44 00 000 1.2025016E+01 4.4508257E+00 -2.5724885E+00
2026 07 25 01 45 00 000 1.2019384E+01 4.4556236E+00 -2.5715103E+00
2026 07 25 01 46 00 000 1.2013717E+01 4.4604149E+00 -2.5705402E+00
2026 07 25 01 47 00 000 1.2008024E+01 4.4651847E+00 -2.5695786E+00
2026 07 25 01 48 00 000 1.2002299E+01 4.4699459E+00 -2.5686252E+00
2026 07 25 01 49 00 000 1.1996546E+01 4.4746914E+00 -2.5676804E+00
2026 07 25 01 50 00 000 1.1990763E+01 4.4794202E+00 -2.5667431E+00
2026 07 25 01 51 00 000 1.1984949E+01 4.4841399E+00 -2.5658145E+00
2026 07 25 01 52 00 000 1.1979106E+01 4.4888406E+00 -2.5648942E+00
2026 07 25 01 53 00 000 1.1973233E+01 4.4935284E+00 -2.5639827E+00
2026 07 25 01 54 00 000 1.1967330E+01 4.4982018E+00 -2.5630784E+00
2026 07 25 01 55 00 000 1.1961396E+01 4.5028639E+00 -2.5621827E+00
2026 07 25 01 56 00 000 1.1955435E+01 4.5075083E+00 -2.5612957E+00
2026 07 25 01 57 00 000 1.1949444E+01 4.5121417E+00 -2.5604157E+00
2026 07 25 01 58 00 000 1.1943420E+01 4.5167594E+00 -2.5595453E+00
2026 07 25 01 59 00 000 1.1937368E+01 4.5213614E+00 -2.5586820E+00
2026 07 25 02 00 00 000 1.1931288E+01 4.5259504E+00 -2.5578265E+00
2026 07 25 02 01 00 000 1.1925176E+01 4.5305243E+00 -2.5569792E+00
2026 07 25 02 02 00 000 1.1919032E+01 4.5350876E+00 -2.5561395E+00
2026 07 25 02 03 00 000 1.1912862E+01 4.5396323E+00 -2.5553086E+00
2026 07 25 02 04 00 000 1.1906659E+01 4.5441661E+00 -2.5544851E+00
2026 07 25 02 05 00 000 1.1900429E+01 4.5486856E+00 -2.5536699E+00
2026 07 25 02 06 00 000 1.1894165E+01 4.5531912E+00 -2.5528624E+00
2026 07 25 02 07 00 000 1.1887875E+01 4.5576816E+00 -2.5520625E+00
2026 07 25 02 08 00 000 1.1881553E+01 4.5621576E+00 -2.5512707E+00
2026 07 25 02 09 00 000 1.1875201E+01 4.5666223E+00 -2.5504861E+00
2026 07 25 02 10 00 000 1.1868821E+01 4.5710726E+00 -2.5497103E+00
2026 07 25 02 11 00 000 1.1862410E+01 4.5755024E+00 -2.5489411E+00
2026 07 25 02 12 00 000 1.1855968E+01 4.5799232E+00 -2.5481796E+00
2026 07 25 02 13 00 000 1.1849495E+01 4.5843301E+00 -2.5474260E+00
2026 07 25 02 14 00 000 1.1842995E+01 4.5887237E+00 -2.5466807E+00
2026 07 25 02 15 00 000 1.1836464E+01 4.5931005E+00 -2.5459421E+00
2026 07 25 02 16 00 000 1.1829898E+01 4.5974679E+00 -2.5452111E+00
2026 07 25 02 17 00 000 1.1823308E+01 4.6018167E+00 -2.5444877E+00
2026 07 25 02 18 00 000 1.1816687E+01 4.6061540E+00 -2.5437715E+00
2026 07 25 02 19 00 000 1.1810034E+01 4.6104727E+00 -2.5430629E+00
2026 07 25 02 20 00 000 1.1803350E+01 4.6147833E+00 -2.5423620E+00
2026 07 25 02 21 00 000 1.1796638E+01 4.6190782E+00 -2.5416684E+00
2026 07 25 02 22 00 000 1.1789894E+01 4.6233582E+00 -2.5409815E+00
2026 07 25 02 23 00 000 1.1783120E+01 4.6276278E+00 -2.5403025E+00
2026 07 25 02 24 00 000 1.1776317E+01 4.6318808E+00 -2.5396302E+00
2026 07 25 02 25 00 000 1.1769484E+01 4.6361189E+00 -2.5389652E+00
2026 07 25 02 26 00 000 1.1762619E+01 4.6403465E+00 -2.5383077E+00
2026 07 25 02 27 00 000 1.1755726E+01 4.6445556E+00 -2.5376568E+00
2026 07 25 02 28 00 000 1.1748802E+01 4.6487503E+00 -2.5370131E+00
2026 07 25 02 29 00 000 1.1741845E+01 4.6529350E+00 -2.5363760E+00
2026 07 25 02 30 00 000 1.1734859E+01 4.6571064E+00 -2.5357468E+00
2026 07 25 02 31 00 000 1.1727844E+01 4.6612611E+00 -2.5351238E+00
2026 07 25 02 32 00 000 1.1720799E+01 4.6654015E+00 -2.5345078E+00
2026 07 25 02 33 00 000 1.1713722E+01 4.6695290E+00 -2.5338988E+00
2026 07 25 02 34 00 000 1.1706614E+01 4.6736455E+00 -2.5332966E+00
2026 07 25 02 35 00 000 1.1699478E+01 4.6777434E+00 -2.5327013E+00
2026 07 25 02 36 00 000 1.1692309E+01 4.6818309E+00 -2.5321119E+00
2026 07 25 02 37 00 000 1.1685111E+01 4.6859045E+00 -2.5315297E+00
2026 07 25 02 38 00 000 1.1677881E+01 4.6899629E+00 -2.5309544E+00
2026 07 25 02 39 00 000 1.1670623E+01 4.6940079E+00 -2.5303853E+00
2026 07 25 02 40 00 000 1.1663333E+01 4.6980410E+00 -2.5298233E+00
2026 07 25 02 41 00 000 1.1656013E+01 4.7020564E+00 -2.5292666E+00
2026 07 25 02 42 00 000 1.1648662E+01 4.7060595E+00 -2.5287170E+00
2026 07 25 02 43 00 000 1.1641278E+01 4.7100515E+00 -2.5281737E+00
2026 07 25 02 44 00 000 1.1633866E+01 4.7140279E+00 -2.5276372E+00
2026 07 25 02 45 00 000 1.1626425E+01 4.7179909E+00 -2.5271065E+00
2026 07 25 02 46 00 000 1.1618951E+01 4.7219381E+00 -2.5265815E+00
2026 07 25 02 47 00 000 1.1611444E+01 4.7258720E+00 -2.5260627E+00
2026 07 25 02 48 00 000 1.1603909E+01 4.7297926E+00 -2.5255506E+00
2026 07 25 02 49 00 000 1.1596345E+01 4.7337022E+00 -2.5250452E+00
2026 07 25 02 50 00 000 1.1588749E+01 4.7375932E+00 -2.5245445E+00
2026 07 25 02 51 00 000 1.1581122E+01 4.7414756E+00 -2.5240502E+00
2026 07 25 02 52 00 000 1.1573465E+01 4.7453375E+00 -2.5235620E+00
2026 07 25 02 53 00 000 1.1565777E+01 4.7491903E+00 -2.5230794E+00
2026 07 25 02 54 00 000 1.1558056E+01 4.7530284E+00 -2.5226023E+00
2026 07 25 02 55 00 000 1.1550306E+01 4.7568536E+00 -2.5221322E+00
2026 07 25 02 56 00 000 1.1542525E+01 4.7606630E+00 -2.5216665E+00
2026 07 25 02 57 00 000 1.1534714E+01 4.7644649E+00 -2.5212073E+00
2026 07 25 02 58 00 000 1.1526869E+01 4.7682486E+00 -2.5207529E+00
2026 07 25 02 59 00 000 1.1518996E+01 4.7720160E+00 -2.5203047E+00
2026 07 25 03 00 00 000 1.1511091E+01 4.7757692E+00 -2.5198610E+00
2026 07 25 03 01 00 000 1.1503157E+01 4.7795129E+00 -2.5194237E+00
2026 07 25 03 02 00 000 1.1495188E+01 4.7832460E+00 -2.5189919E+00
2026 07 25 03 03 00 000 1.1487192E+01 4.7869577E+00 -2.5185652E+00
2026 07 25 03 04 00 000 1.1479162E+01 4.7906609E+00 -2.5181432E+00
2026 07 25 03 05 00 000 1.1471101E+01 4.7943497E+00 -2.5177264E+00
2026 07 25 03 06 00 000 1.1463013E+01 4.7980208E+00 -2.5173151E+00
2026 07 25 03 07 00 000 1.1454889E+01 4.8016839E+00 -2.5169089E+00
2026 07 25 03 08 00 000 1.1446735E+01 4.8053336E+00 -2.5165079E+00
2026 07 25 03 09 00 000 1.1438551E+01 4.8089628E+00 -2.5161111E+00
2026 07 25 03 10 00 000 1.1430336E+01 4.8125811E+00 -2.5157197E+00
2026 07 25 03 11 00 000 1.1422091E+01 4.8161864E+00 -2.5153325E+00
2026 07 25 03 12 00 000 1.1413811E+01 4.8197813E+00 -2.5149505E+00
2026 07 25 03 13 00 000 1.1405502E+01 4.8233557E+00 -2.5145736E+00
2026 07 25 03 14 00 000 1.1397163E+01 4.8269215E+00 -2.5142004E+00
2026 07 25 03 15 00 000 1.1388792E+01 4.8304729E+00 -2.5138326E+00
2026 07 25 03 16 00 000 1.1380389E+01 4.8340082E+00 -2.5134687E+00
2026 07 25 03 17 00 000 1.1371954E+01 4.8375330E+00 -2.5131099E+00
2026 07 25 03 18 00 000 1.1363490E+01 4.8410449E+00 -2.5127556E+00
2026 07 25 03 19 00 000 1.1354991E+01 4.8445411E+00 -2.5124044E+00
2026 07 25 03 20 00 000 1.1346462E+01 4.8480244E+00 -2.5120587E+00
2026 07 25 03 21 00 000 1.1337903E+01 4.8514943E+00 -2.5117166E+00
2026 07 25 03 22 00 000 1.1329312E+01 4.8549504E+00 -2.5113788E+00
2026 07 25 03 23 00 000 1.1320687E+01 4.8583937E+00 -2.5110450E+00
2026 07 25 03 24 00 000 1.1312036E+01 4.8618188E+00 -2.5107152E+00
2026 07 25 03 25 00 000 1.1303350E+01 4.8652329E+00 -2.5103889E+00
2026 07 25 03 26 00 000 1.1294632E+01 4.8686352E+00 -2.5100672E+00
2026 07 25 03 27 00 000 1.1285883E+01 4.8720222E+00 -2.5097487E+00
2026 07 25 03 28 00 000 1.1277102E+01 4.8753972E+00 -2.5094340E+00
2026 07 25 03 29 00 000 1.1268290E+01 4.8787560E+00 -2.5091233E+00
2026 07 25 03 30 00 000 1.1259446E+01 4.8821049E+00 -2.5088160E+00
2026 07 25 03 31 00 000 1.1250571E+01 4.8854389E+00 -2.5085125E+00
2026 07 25 03 32 00 000 1.1241663E+01 4.8887591E+00 -2.5082116E+00
2026 07 25 03 33 00 000 1.1232726E+01 4.8920636E+00 -2.5079145E+00
2026 07 25 03 34 00 000 1.1223756E+01 4.8953552E+00 -2.5076203E+00
2026 07 25 03 35 00 000 1.1214751E+01 4.8986325E+00 -2.5073299E+00
2026 07 25 03 36 00 000 1.1205717E+01 4.9018993E+00 -2.5070426E+00
2026 07 25 03 37 00 000 1.1196651E+01 4.9051523E+00 -2.5067589E+00
2026 07 25 03 38 00 000 1.1187552E+01 4.9083891E+00 -2.5064771E+00
2026 07 25 03 39 00 000 1.1178427E+01 4.9116101E+00 -2.5061982E+00
2026 07 25 03 40 00 000 1.1169262E+01 4.9148245E+00 -2.5059230E+00
2026 07 25 03 41 00 000 1.1160069E+01 4.9180207E+00 -2.5056505E+00
2026 07 25 03 42 00 000 1.1150845E+01 4.9212031E+00 -2.5053806E+00
2026 07 25 03 43 00 000 1.1141585E+01 4.9243727E+00 -2.5051129E+00
2026 07 25 03 44 00 000 1.1132294E+01 4.9275312E+00 -2.5048482E+00
2026 07 25 03 45 00 000 1.1122972E+01 4.9306741E+00 -2.5045862E+00
2026 07 25 03 46 00 000 1.1113619E+01 4.9338026E+00 -2.5043268E+00
2026 07 25 03 47 00 000 1.1104232E+01 4.9369211E+00 -2.5040691E+00
2026 07 25 03 48 00 000 1.1094813E+01 4.9400229E+00 -2.5038140E+00
2026 07 25 03 49 00 000 1.1085363E+01 4.9431081E+00 -2.5035605E+00
2026 07 25 03 50 00 000 1.1075882E+01 4.9461837E+00 -2.5033097E+00
2026 07 25 03 51 00 000 1.1066366E+01 4.9492440E+00 -2.5030608E+00
2026 07 25 03 52 00 000 1.1056817E+01 4.9522953E+00 -2.5028141E+00
2026 07 25 03 53 00 000 1.1047239E+01 4.9553266E+00 -2.5025685E+00
2026 07 25 03 54 00 000 1.1037626E+01 4.9583464E+00 -2.5023251E+00
2026 07 25 03 55 00 000 1.1027984E+01 4.9613562E+00 -2.5020843E+00
2026 07 25 03 56 00 000 1.1018307E+01 4.9643478E+00 -2.5018437E+00
2026 07 25 03 57 00 000 1.1008597E+01 4.9673262E+00 -2.5016048E+00
2026 07 25 03 58 00 000 1.0998855E+01 4.9702940E+00 -2.5013690E+00
2026 07 25 03 59 00 000 1.0989080E+01 4.9732475E+00 -2.5011334E+00
2026 07 25 04 00 00 000 1.0979275E+01 4.9761844E+00 -2.5008991E+00
2026 07 25 04 01 00 000 1.0969436E+01 4.9791126E+00 -2.5006664E+00
2026 07 25 04 02 00 000 1.0959564E+01 4.9820213E+00 -2.5004342E+00
2026 07 25 04 03 00 000 1.0949659E+01 4.9849200E+00 -2.5002034E+00
2026 07 25 04 04 00 000 1.0939722E+01 4.9878058E+00 -2.4999740E+00
2026 07 25 04 05 00 000 1.0929751E+01 4.9906769E+00 -2.4997451E+00
2026 07 25 04 06 00 000 1.0919750E+01 4.9935350E+00 -2.4995177E+00
2026 07 25 04 07 00 000 1.0909714E+01 4.9963765E+00 -2.4992900E+00
2026 07 25 04 08 00 000 1.0899648E+01 4.9992070E+00 -2.4990635E+00
2026 07 25 04 09 00 000 1.0889547E+01 5.0020223E+00 -2.4988377E+00
2026 07 25 04 10 00 000 1.0879412E+01 5.0048275E+00 -2.4986129E+00
2026 07 25 04 11 00 000 1.0869246E+01 5.0076156E+00 -2.4983876E+00
2026 07 25 04 12 00 000 1.0859046E+01 5.0103912E+00 -2.4981627E+00
2026 07 25 04 13 00 000 1.0848814E+01 5.0131540E+00 -2.4979384E+00
2026 07 25 04 14 00 000 1.0838550E+01 5.0159001E+00 -2.4977138E+00
2026 07 25 04 15 00 000 1.0828250E+01 5.0186353E+00 -2.4974899E+00
2026 07 25 04 16 00 000 1.0817920E+01 5.0213552E+00 -2.4972651E+00
2026 07 25 04 17 00 000 1.0807554E+01 5.0240617E+00 -2.4970407E+00
2026 07 25 04 18 00 000 1.0797157E+01 5.0267568E+00 -2.4968164E+00
2026 07 25 04 19 00 000 1.0786727E+01 5.0294371E+00 -2.4965916E+00
2026 07 25 04 20 00 000 1.0776263E+01 5.0321045E+00 -2.4963665E+00
2026 07 25 04 21 00 000 1.0765766E+01 5.0347557E+00 -2.4961407E+00
2026 07 25 04 22 00 000 1.0755234E+01 5.0373969E+00 -2.4959145E+00
2026 07 25 04 23 00 000 1.0744670E+01 5.0400229E+00 -2.4956880E+00
2026 07 25 04 24 00 000 1.0734075E+01 5.0426307E+00 -2.4954596E+00
2026 07 25 04 25 00 000 1.0723444E+01 5.0452285E+00 -2.4952314E+00
2026 07 25 04 26 00 000 1.0712779E+01 5.0478168E+00 -2.4950025E+00
2026 07 25 04 27 00 000 1.0702082E+01 5.0503860E+00 -2.4947720E+00
2026 07 25 04 28 00 000 1.0691350E+01 5.0529442E+00 -2.4945414E+00
2026 07 25 04 29 00 000 1.0680585E+01 5.0554900E+00 -2.4943089E+00
2026 07 25 04 30 00 000 1.0669789E+01 5.0580153E+00 -2.4940743E+00
2026 07 25 04 31 00 000 1.0658957E+01 5.0605302E+00 -2.4938395E+00
2026 07 25 04 32 00 000 1.0648090E+01 5.0630336E+00 -2.4936028E+00
2026 07 25 04 33 00 000 1.0637192E+01 5.0655231E+00 -2.4933650E+00
2026 07 25 04 34 00 000 1.0626257E+01 5.0680008E+00 -2.4931252E+00
2026 07 25 04 35 00 000 1.0615294E+01 5.0704579E+00 -2.4928837E+00
2026 07 25 04 36 00 000 1.0604294E+01 5.0729046E+00 -2.4926403E+00
2026 07 25 04 37 00 000 1.0593260E+01 5.0753393E+00 -2.4923954E+00
2026 07 25 04 38 00 000 1.0582191E+01 5.0777602E+00 -2.4921482E+00
2026 07 25 04 39 00 000 1.0571089E+01 5.0801625E+00 -2.4918983E+00
2026 07 25 04 40 00 000 1.0559953E+01 5.0825591E+00 -2.4916477E+00
2026 07 25 04 41 00 000 1.0548783E+01 5.0849347E+00 -2.4913936E+00
2026 07 25 04 42 00 000 1.0537580E+01 5.0872984E+00 -2.4911373E+00
2026 07 25 04 43 00 000 1.0526343E+01 5.0896502E+00 -2.4908788E+00
2026 07 25 04 44 00 000 1.0515071E+01 5.0919871E+00 -2.4906175E+00
2026 07 25 04 45 00 000 1.0503764E+01 5.0943117E+00 -2.4903541E+00
2026 07 25 04 46 00 000 1.0492424E+01 5.0966206E+00 -2.4900870E+00
2026 07 25 04 47 00 000 1.0481050E+01 5.0989175E+00 -2.4898181E+00
2026 07 25 04 48 00 000 1.0469642E+01 5.1011982E+00 -2.4895458E+00
2026 07 25 04 49 00 000 1.0458197E+01 5.1034665E+00 -2.4892702E+00
2026 07 25 04 50 00 000 1.0446719E+01 5.1057205E+00 -2.4889915E+00
2026 07 25 04 51 00 000 1.0435208E+01 5.1079617E+00 -2.4887099E+00
2026 07 25 04 52 00 000 1.0423660E+01 5.1101899E+00 -2.4884253E+00
2026 07 25 04 53 00 000 1.0412081E+01 5.1123986E+00 -2.4881361E+00
2026 07 25 04 54 00 000 1.0400464E+01 5.1145988E+00 -2.4878440E+00
2026 07 25 04 55 00 000 1.0388816E+01 5.1167812E+00 -2.4875481E+00
2026 07 25 04 56 00 000 1.0377130E+01 5.1189551E+00 -2.4872489E+00
2026 07 25 04 57 00 000 1.0365413E+01 5.1211104E+00 -2.4869454E+00
2026 07 25 04 58 00 000 1.0353660E+01 5.1232514E+00 -2.4866378E+00
2026 07 25 04 59 00 000 1.0341867E+01 5.1253824E+00 -2.4863269E+00
2026 07 25 05 00 00 000 1.0330047E+01 5.1274972E+00 -2.4860110E+00
2026 07 25 05 01 00 000 1.0318186E+01 5.1295977E+00 -2.4856913E+00
2026 07 25 05 02 00 000 1.0306293E+01 5.1316895E+00 -2.4853683E+00
2026 07 25 05 03 00 000 1.0294366E+01 5.1337609E+00 -2.4850395E+00
2026 07 25 05 04 00 000 1.0282404E+01 5.1358175E+00 -2.4847062E+00
2026 07 25 05 05 00 000 1.0270403E+01 5.1378646E+00 -2.4843688E+00
2026 07 25 05 06 00 000 1.0258371E+01 5.1398931E+00 -2.4840257E+00
2026 07 25 05 07 00 000 1.0246302E+01 5.1419139E+00 -2.4836793E+00
2026 07 25 05 08 00 000 1.0234198E+01 5.1439176E+00 -2.4833276E+00
2026 07 25 05 09 00 000 1.0222059E+01 5.1459041E+00 -2.4829698E+00
2026 07 25 05 10 00 000 1.0209887E+01 5.1478777E+00 -2.4826074E+00
2026 07 25 05 11 00 000 1.0197678E+01 5.1498389E+00 -2.4822402E+00
2026 07 25 05 12 00 000 1.0185432E+01 5.1517859E+00 -2.4818671E+00
2026 07 25 05 13 00 000 1.0173153E+01 5.1537180E+00 -2.4814880E+00
2026 07 25 05 14 00 000 1.0160837E+01 5.1556373E+00 -2.4811049E+00
2026 07 25 05 15 00 000 1.0148485E+01 5.1575432E+00 -2.4807155E+00
2026 07 25 05 16 00 000 1.0136102E+01 5.1594291E+00 -2.4803193E+00
2026 07 25 05 17 00 000 1.0123679E+01 5.1613045E+00 -2.4799182E+00
2026 07 25 05 18 00 000 1.0111220E+01 5.1631680E+00 -2.4795110E+00
2026 07 25 05 19 00 000 1.0098727E+01 5.1650143E+00 -2.4790974E+00
2026 07 25 05 20 00 000 1.0086198E+01 5.1668487E+00 -2.4786780E+00
2026 07 25 05 21 00 000 1.0073633E+01 5.1686640E+00 -2.4782522E+00
2026 07 25 05 22 00 000 1.0061032E+01 5.1704717E+00 -2.4778199E+00
2026 07 25 05 23 00 000 1.0048394E+01 5.1722631E+00 -2.4773817E+00
2026 07 25 05 24 00 000 1.0035723E+01 5.1740389E+00 -2.4769366E+00
2026 07 25 05 25 00 000 1.0023012E+01 5.1758032E+00 -2.4764845E+00
2026 07 25 05 26 00 000 1.0010269E+01 5.1775508E+00 -2.4760258E+00
2026 07 25 05 27 00 000 9.9974890E+00 5.1792793E+00 -2.4755595E+00
2026 07 25 05 28 00 000 9.9846716E+00 5.1809983E+00 -2.4750867E+00
2026 07 25 05 29 00 000 9.9718180E+00 5.1827035E+00 -2.4746065E+00
2026 07 25 05 30 00 000 9.9589281E+00 5.1843939E+00 -2.4741199E+00
2026 07 25 05 31 00 000 9.9460030E+00 5.1860709E+00 -2.4736257E+00
2026 07 25 05 32 00 000 9.9330435E+00 5.1877260E+00 -2.4731224E+00
2026 07 25 05 33 00 000 9.9200430E+00 5.1893749E+00 -2.4726131E+00
2026 07 25 05 34 00 000 9.9070082E+00 5.1910081E+00 -2.4720962E+00
2026 07 25 05 35 00 000 9.8939362E+00 5.1926250E+00 -2.4715710E+00
2026 07 25 05 36 00 000 9.8808270E+00 5.1942291E+00 -2.4710381E+00
2026 07 25 05 37 00 000 9.8676844E+00 5.1958151E+00 -2.4704969E+00
2026 07 25 05 38 00 000 9.8545027E+00 5.1973891E+00 -2.4699478E+00
2026 07 25 05 39 00 000 9.8412848E+00 5.1989479E+00 -2.4693904E+00
2026 07 25 05 40 00 000 9.8280296E+00 5.2004914E+00 -2.4688244E+00
2026 07 25 05 41 00 000 9.8147383E+00 5.2020226E+00 -2.4682505E+00
2026 07 25 05 42 00 000 9.8014088E+00 5.2035370E+00 -2.4676678E+00
2026 07 25 05 43 00 000 9.7880421E+00 5.2050385E+00 -2.4670765E+00
2026 07 25 05 44 00 000 9.7746420E+00 5.2065234E+00 -2.4664764E+00
2026 07 25 05 45 00 000 9.7612009E+00 5.2079940E+00 -2.4658668E+00
2026 07 25 05 46 00 000 9.7477245E+00 5.2094507E+00 -2.4652491E+00
2026 07 25 05 47 00 000 9.7342110E+00 5.2108927E+00 -2.4646220E+00
2026 07 25 05 48 00 000 9.7206583E+00 5.2123189E+00 -2.4639854E+00
2026 07 25 05 49 00 000 9.7070704E+00 5.2137289E+00 -2.4633398E+00
2026 07 25 05 50 00 000 9.6934423E+00 5.2151299E+00 -2.4626851E+00
2026 07 25 05 51 00 000 9.6797800E+00 5.2165103E+00 -2.4620202E+00
2026 07 25 05 52 00 000 9.6660795E+00 5.2178769E+00 -2.4613454E+00
2026 07 25 05 53 00 000 9.6523390E+00 5.2192287E+00 -2.4606612E+00
2026 07 25 05 54 00 000 9.6385641E+00 5.2205663E+00 -2.4599676E+00
2026 07 25 05 55 00 000 9.6247511E+00 5.2218857E+00 -2.4592631E+00
2026 07 25 05 56 00 000 9.6109009E+00 5.2231917E+00 -2.4585485E+00
2026 07 25 05 57 00 000 9.5970097E+00 5.2244864E+00 -2.4578245E+00
2026 07 25 05 58 00 000 9.5830832E+00 5.2257609E+00 -2.4570894E+00
2026 07 25 05 59 00 000 9.5691166E+00 5.2270255E+00 -2.4563446E+00
2026 07 25 06 00 00 000 9.5551157E+00 5.2282672E+00 -2.4555879E+00
2026 07 25 06 01 00 000 9.5410738E+00 5.2294989E+00 -2.4548216E+00
2026 07 25 06 02 00 000 9.5269947E+00 5.2307138E+00 -2.4540441E+00
2026 07 25 06 03 00 000 9.5128756E+00 5.2319160E+00 -2.4532559E+00
2026 07 25 06 04 00 000 9.4987202E+00 5.2331009E+00 -2.4524565E+00
2026 07 25 06 05 00 000 9.4845247E+00 5.2342734E+00 -2.4516466E+00
2026 07 25 06 06 00 000 9.4702930E+00 5.2354259E+00 -2.4508245E+00
2026 07 25 06 07 00 000 9.4560232E+00 5.2365632E+00 -2.4499912E+00
2026 07 25 06 08 00 000 9.4417124E+00 5.2376885E+00 -2.4491470E+00
2026 07 25 06 09 00 000 9.4273653E+00 5.2387958E+00 -2.4482906E+00
2026 07 25 06 10 00 000 9.4129782E+00 5.2398882E+00 -2.4474225E+00
2026 07 25 06 11 00 000 9.3985519E+00 5.2409687E+00 -2.4465437E+00
2026 07 25 06 12 00 000 9.3840895E+00 5.2420282E+00 -2.4456513E+00
2026 07 25 06 13 00 000 9.3695869E+00 5.2430730E+00 -2.4447474E+00
2026 07 25 06 14 00 000 9.3550453E+00 5.2441034E+00 -2.4438312E+00
2026 07 25 06 15 00 000 9.3404636E+00 5.2451181E+00 -2.4429033E+00
2026 07 25 06 16 00 000 9.3258438E+00 5.2461166E+00 -2.4419622E+00
2026 07 25 06 17 00 000 9.3111839E+00 5.2470994E+00 -2.4410090E+00
2026 07 25 06 18 00 000 9.2964869E+00 5.2480650E+00 -2.4400430E+00
2026 07 25 06 19 00 000 9.2817516E+00 5.2490139E+00 -2.4390640E+00
2026 07 25 06 20 00 000 9.2669735E+00 5.2499499E+00 -2.4380720E+00
2026 07 25 06 21 00 000 9.2521582E+00 5.2508693E+00 -2.4370677E+00
2026 07 25 06 22 00 000 9.2373018E+00 5.2517724E+00 -2.4360499E+00
2026 07 25 06 23 00 000 9.2224064E+00 5.2526603E+00 -2.4350193E+00
2026 07 25 06 24 00 000 9.2074728E+00 5.2535291E+00 -2.4339745E+00
2026 07 25 06 25 00 000 9.1924982E+00 5.2543859E+00 -2.4329169E+00
2026 07 25 06 26 00 000 9.1774817E+00 5.2552261E+00 -2.4318461E+00
2026 07 25 06 27 00 000 9.1624298E+00 5.2560472E+00 -2.4307604E+00
2026 07 25 06 28 00 000 9.1473351E+00 5.2568555E+00 -2.4296620E+00
2026 07 25 06 29 00 000 9.1322031E+00 5.2576413E+00 -2.4285481E+00
2026 07 25 06 30 00 000 9.1170292E+00 5.2584167E+00 -2.4274213E+00
2026 07 25 06 31 00 000 9.1018143E+00 5.2591724E+00 -2.4262800E+00
2026 07 25 06 32 00 000 9.0865602E+00 5.2599149E+00 -2.4251249E+00
2026 07 25 06 33 00 000 9.0712643E+00 5.2606382E+00 -2.4239547E+00
2026 07 25 06 34 00 000 9.0559320E+00 5.2613440E+00 -2.4227698E+00
2026 07 25 06 35 00 000 9.0405540E+00 5.2620378E+00 -2.4215713E+00
2026 07 25 06 36 00 000 9.0251398E+00 5.2627120E+00 -2.4203575E+00
2026 07 25 06 37 00 000 9.0096836E+00 5.2633681E+00 -2.4191284E+00
2026 07 25 06 38 00 000 8.9941864E+00 5.2640080E+00 -2.4178843E+00
2026 07 25 06 39 00 000 8.9786491E+00 5.2646303E+00 -2.4166250E+00
2026 07 25 06 40 00 000 8.9630718E+00 5.2652383E+00 -2.4153509E+00
2026 07 25 06 41 00 000 8.9474506E+00 5.2658286E+00 -2.4140613E+00
2026 07 25 06 42 00 000 8.9317904E+00 5.2663989E+00 -2.4127555E+00
2026 07 25 06 43 00 000 8.9160881E+00 5.2669578E+00 -2.4114351E+00
2026 07 25 06 44 00 000 8.9003458E+00 5.2674975E+00 -2.4100990E+00
2026 07 25 06 45 00 000 8.8845634E+00 5.2680173E+00 -2.4087458E+00
2026 07 25 06 46 00 000 8.8687391E+00 5.2685184E+00 -2.4073770E+00
2026 07 25 06 47 00 000 8.8528709E+00 5.2690086E+00 -2.4059927E+00
2026 07 25 06 48 00 000 8.8369637E+00 5.2694774E+00 -2.4045920E+00
2026 07 25 06 49 00 000 8.8210125E+00 5.2699304E+00 -2.4031749E+00
2026 07 25 06 50 00 000 8.8050213E+00 5.2703657E+00 -2.4017413E+00
2026 07 25 06 51 00 000 8.7889881E+00 5.2707834E+00 -2.4002912E+00
2026 07 25 06 52 00 000 8.7729149E+00 5.2711806E+00 -2.3988237E+00
2026 07 25 06 53 00 000 8.7567987E+00 5.2715607E+00 -2.3973393E+00
2026 07 25 06 54 00 000 8.7406387E+00 5.2719274E+00 -2.3958392E+00
2026 07 25 06 55 00 000 8.7244377E+00 5.2722740E+00 -2.3943212E+00
2026 07 25 06 56 00 000 8.7081947E+00 5.2726026E+00 -2.3927860E+00
2026 07 25 06 57 00 000 8.6919088E+00 5.2729125E+00 -2.3912337E+00
2026 07 25 06 58 00 000 8.6755819E+00 5.2732043E+00 -2.3896637E+00
2026 07 25 06 59 00 000 8.6592121E+00 5.2734799E+00 -2.3880765E+00
2026 07 25 07 00 00 000 8.6428003E+00 5.2737341E+00 -2.3864708E+00
2026 07 25 07 01 00 000 8.6263466E+00 5.2739720E+00 -2.3848479E+00
2026 07 25 07 02 00 000 8.6098471E+00 5.2741947E+00 -2.3832073E+00
2026 07 25 07 03 00 000 8.5933075E+00 5.2743917E+00 -2.3815475E+00
2026 07 25 07 04 00 000 8.5767221E+00 5.2745781E+00 -2.3798707E+00
2026 07 25 07 05 00 000 8.5600967E+00 5.2747416E+00 -2.3781750E+00
2026 07 25 07 06 00 000 8.5434294E+00 5.2748852E+00 -2.3764608E+00
2026 07 25 07 07 00 000 8.5267162E+00 5.2750125E+00 -2.3747280E+00
2026 07 25 07 08 00 000 8.5099592E+00 5.2751217E+00 -2.3729768E+00
2026 07 25 07 09 00 000 8.4931602E+00 5.2752118E+00 -2.3712072E+00
2026 07 25 07 10 00 000 8.4763174E+00 5.2752819E+00 -2.3694177E+00
2026 07 25 07 11 00 000 8.4594307E+00 5.2753339E+00 -2.3676097E+00
2026 07 25 07 12 00 000 8.4425030E+00 5.2753639E+00 -2.3657818E+00
2026 07 25 07 13 00 000 8.4255266E+00 5.2753792E+00 -2.3639357E+00
2026 07 25 07 14 00 000 8.4085112E+00 5.2753701E+00 -2.3620689E+00
2026 07 25 07 15 00 000 8.3914499E+00 5.2753468E+00 -2.3601840E+00
2026 07 25 07 16 00 000 8.3743448E+00 5.2753000E+00 -2.3582778E+00
2026 07 25 07 17 00 000 8.3571949E+00 5.2752352E+00 -2.3563523E+00
2026 07 25 07 18 00 000 8.3400011E+00 5.2751532E+00 -2.3544078E+00
2026 07 25 07 19 00 000 8.3227625E+00 5.2750492E+00 -2.3524423E+00
2026 07 25 07 20 00 000 8.3054819E+00 5.2749233E+00 -2.3504567E+00
2026 07 25 07 21 00 000 8.2881536E+00 5.2747803E+00 -2.3484511E+00
2026 07 25 07 22 00 000 8.2707844E+00 5.2746153E+00 -2.3464246E+00
2026 07 25 07 23 00 000 8.2533655E+00 5.2744346E+00 -2.3443780E+00
2026 07 25 07 24 00 000 8.2359056E+00 5.2742286E+00 -2.3423102E+00
2026 07 25 07 25 00 000 8.2183981E+00 5.2740059E+00 -2.3402224E+00
2026 07 25 07 26 00 000 8.2008495E+00 5.2737608E+00 -2.3381131E+00
2026 07 25 07 27 00 000 8.1832523E+00 5.2734957E+00 -2.3359828E+00
2026 07 25 07 28 00 000 8.1656103E+00 5.2732105E+00 -2.3338311E+00
2026 07 25 07 29 00 000 8.1479235E+00 5.2729049E+00 -2.3316584E+00
2026 07 25 07 30 00 000 8.1301918E+00 5.2725768E+00 -2.3294637E+00
2026 07 25 07 31 00 000 8.1124134E+00 5.2722282E+00 -2.3272479E+00
2026 07 25 07 32 00 000 8.0945892E+00 5.2718606E+00 -2.3250103E+00
2026 07 25 07 33 00 000 8.0767193E+00 5.2714705E+00 -2.3227508E+00
2026 07 25 07 34 00 000 8.0588045E+00 5.2710600E+00 -2.3204694E+00
2026 07 25 07 35 00 000 8.0408440E+00 5.2706261E+00 -2.3181658E+00
2026 07 25 07 36 00 000 8.0228357E+00 5.2701721E+00 -2.3158398E+00
2026 07 25 07 37 00 000 8.0047817E+00 5.2696972E+00 -2.3134923E+00
2026 07 25 07 38 00 000 7.9866815E+00 5.2691994E+00 -2.3111215E+00
2026 07 25 07 39 00 000 7.9685335E+00 5.2686815E+00 -2.3087282E+00
2026 07 25 07 40 00 000 7.9503422E+00 5.2681389E+00 -2.3063121E+00
2026 07 25 07 41 00 000 7.9321012E+00 5.2675757E+00 -2.3038726E+00
2026 07 25 07 42 00 000 7.9138155E+00 5.2669907E+00 -2.3014114E+00
2026 07 25 07 43 00 000 7.8954816E+00 5.2663822E+00 -2.2989266E+00
2026 07 25 07 44 00 000 7.8771005E+00 5.2657537E+00 -2.2964184E+00
2026 07 25 07 45 00 000 7.8586731E+00 5.2650995E+00 -2.2938862E+00
2026 07 25 07 46 00 000 7.8401961E+00 5.2644262E+00 -2.2913318E+00
2026 07 25 07 47 00 000 7.8216748E+00 5.2637281E+00 -2.2887528E+00
2026 07 25 07 48 00 000 7.8031025E+00 5.2630100E+00 -2.2861507E+00
2026 07 25 07 49 00 000 7.7844849E+00 5.2622638E+00 -2.2835240E+00
2026 07 25 07 50 00 000 7.7658195E+00 5.2614975E+00 -2.2808738E+00
2026 07 25 07 51 00 000 7.7471061E+00 5.2607069E+00 -2.2781990E+00
2026 07 25 07 52 00 000 7.7283435E+00 5.2598953E+00 -2.2755008E+00
2026 07 25 07 53 00 000 7.7095342E+00 5.2590561E+00 -2.2727768E+00
2026 07 25 07 54 00 000 7.6906743E+00 5.2581983E+00 -2.2700298E+00
2026 07 25 07 55 00 000 7.6717677E+00 5.2573113E+00 -2.2672567E+00
2026 07 25 07 56 00 000 7.6528120E+00 5.2564034E+00 -2.2644598E+00
2026 07 25 07 57 00 000 7.6338077E+00 5.2554717E+00 -2.2616382E+00
2026 07 25 07 58 00 000 7.6147547E+00 5.2545133E+00 -2.2587903E+00
2026 07 25 07 59 00 000 7.5956545E+00 5.2535315E+00 -2.2559183E+00
2026 07 25 08 00 00 000 7.5765038E+00 5.2525244E+00 -2.2530200E+00
2026 07 25 08 01 00 000 7.5573020E+00 5.2514954E+00 -2.2500973E+00
2026 07 25 08 02 00 000 7.5380540E+00 5.2504382E+00 -2.2471483E+00
2026 07 25 08 03 00 000 7.5187550E+00 5.2493582E+00 -2.2441740E+00
2026 07 25 08 04 00 000 7.4994044E+00 5.2482524E+00 -2.2411737E+00
2026 07 25 08 05 00 000 7.4800076E+00 5.2471199E+00 -2.2381470E+00
2026 07 25 08 06 00 000 7.4605584E+00 5.2459664E+00 -2.2350955E+00
2026 07 25 08 07 00 000 7.4410605E+00 5.2447824E+00 -2.2320163E+00
2026 07 25 08 08 00 000 7.4215107E+00 5.2435751E+00 -2.2289112E+00
2026 07 25 08 09 00 000 7.4019132E+00 5.2423396E+00 -2.2257798E+00
2026 07 25 08 10 00 000 7.3822641E+00 5.2410779E+00 -2.2226217E+00
2026 07 25 08 11 00 000 7.3625641E+00 5.2397919E+00 -2.2194371E+00
2026 07 25 08 12 00 000 7.3428121E+00 5.2384810E+00 -2.2162256E+00
2026 07 25 08 13 00 000 7.3230114E+00 5.2371392E+00 -2.2129862E+00
2026 07 25 08 14 00 000 7.3031583E+00 5.2357731E+00 -2.2097204E+00
2026 07 25 08 15 00 000 7.2832541E+00 5.2343788E+00 -2.2064273E+00
2026 07 25 08 16 00 000 7.2632999E+00 5.2329555E+00 -2.2031057E+00
2026 07 25 08 17 00 000 7.2432923E+00 5.2315097E+00 -2.1997581E+00
2026 07 25 08 18 00 000 7.2232332E+00 5.2300339E+00 -2.1963820E+00
2026 07 25 08 19 00 000 7.2031236E+00 5.2285295E+00 -2.1929789E+00
2026 07 25 08 20 00 000 7.1829634E+00 5.2269950E+00 -2.1895463E+00
2026 07 25 08 21 00 000 7.1627483E+00 5.2254362E+00 -2.1860871E+00
2026 07 25 08 22 00 000 7.1424813E+00 5.2238469E+00 -2.1825986E+00
2026 07 25 08 23 00 000 7.1221628E+00 5.2222309E+00 -2.1790829E+00
2026 07 25 08 24 00 000 7.1017914E+00 5.2205858E+00 -2.1755381E+00
2026 07 25 08 25 00 000 7.0813665E+00 5.2189102E+00 -2.1719642E+00
2026 07 25 08 26 00 000 7.0608897E+00 5.2172070E+00 -2.1683621E+00
2026 07 25 08 27 00 000 7.0403600E+00 5.2154717E+00 -2.1647305E+00
2026 07 25 08 28 00 000 7.0197783E+00 5.2137084E+00 -2.1610703E+00
2026 07 25 08 29 00 000 6.9991403E+00 5.2119174E+00 -2.1573813E+00
2026 07 25 08 30 00 000 6.9784498E+00 5.2100945E+00 -2.1536627E+00
2026 07 25 08 31 00 000 6.9577069E+00 5.2082410E+00 -2.1499147E+00
2026 07 25 08 32 00 000 6.9369087E+00 5.2063556E+00 -2.1461365E+00
2026 07 25 08 33 00 000 6.9160566E+00 5.2044435E+00 -2.1423297E+00
2026 07 25 08 34 00 000 6.8951516E+00 5.2024970E+00 -2.1384926E+00
2026 07 25 08 35 00 000 6.8741899E+00 5.2005234E+00 -2.1346259E+00
2026 07 25 08 36 00 000 6.8531742E+00 5.1985159E+00 -2.1307287E+00
2026 07 25 08 37 00 000 6.8321047E+00 5.1964769E+00 -2.1268010E+00
2026 07 25 08 38 00 000 6.8109818E+00 5.1944027E+00 -2.1228423E+00
2026 07 25 08 39 00 000 6.7898011E+00 5.1923027E+00 -2.1188550E+00
2026 07 25 08 40 00 000 6.7685676E+00 5.1901650E+00 -2.1148353E+00
2026 07 25 08 41 00 000 6.7472773E+00 5.1879973E+00 -2.1107852E+00
2026 07 25 08 42 00 000 6.7259312E+00 5.1857967E+00 -2.1067047E+00
2026 07 25 08 43 00 000 6.7045293E+00 5.1835637E+00 -2.1025934E+00
2026 07 25 08 44 00 000 6.6830726E+00 5.1812949E+00 -2.0984499E+00
2026 07 25 08 45 00 000 6.6615577E+00 5.1789961E+00 -2.0942760E+00
2026 07 25 08 46 00 000 6.6399865E+00 5.1766629E+00 -2.0900707E+00
2026 07 25 08 47 00 000 6.6183610E+00 5.1742930E+00 -2.0858331E+00
2026 07 25 08 48 00 000 6.5966773E+00 5.1718917E+00 -2.0815644E+00
2026 07 25 08 49 00 000 6.5749388E+00 5.1694517E+00 -2.0772631E+00
2026 07 25 08 50 00 000 6.5531406E+00 5.1669779E+00 -2.0729296E+00
2026 07 25 08 51 00 000 6.5312862E+00 5.1644721E+00 -2.0685647E+00
2026 07 25 08 52 00 000 6.5093737E+00 5.1619287E+00 -2.0641675E+00
2026 07 25 08 53 00 000 6.4874034E+00 5.1593504E+00 -2.0597374E+00
2026 07 25 08 54 00 000 6.4653759E+00 5.1567364E+00 -2.0552752E+00
2026 07 25 08 55 00 000 6.4432921E+00 5.1540818E+00 -2.0507793E+00
2026 07 25 08 56 00 000 6.4211459E+00 5.1513963E+00 -2.0462515E+00
2026 07 25 08 57 00 000 6.3989429E+00 5.1486731E+00 -2.0416911E+00
2026 07 25 08 58 00 000 6.3766823E+00 5.1459103E+00 -2.0370967E+00
2026 07 25 08 59 00 000 6.3543620E+00 5.1431098E+00 -2.0324693E+00
2026 07 25 09 00 00 000 6.3319840E+00 5.1402717E+00 -2.0278084E+00
2026 07 25 09 01 00 000 6.3095455E+00 5.1373973E+00 -2.0231140E+00
2026 07 25 09 02 00 000 6.2870488E+00 5.1344819E+00 -2.0183859E+00
2026 07 25 09 03 00 000 6.2644901E+00 5.1315303E+00 -2.0136242E+00
2026 07 25 09 04 00 000 6.2418714E+00 5.1285400E+00 -2.0088286E+00
2026 07 25 09 05 00 000 6.2191944E+00 5.1255074E+00 -2.0039983E+00
2026 07 25 09 06 00 000 6.1964579E+00 5.1224351E+00 -1.9991341E+00
2026 07 25 09 07 00 000 6.1736574E+00 5.1193252E+00 -1.9942356E+00
2026 07 25 09 08 00 000 6.1507988E+00 5.1161723E+00 -1.9893023E+00
2026 07 25 09 09 00 000 6.1278772E+00 5.1129827E+00 -1.9843349E+00
2026 07 25 09 10 00 000 6.1048961E+00 5.1097479E+00 -1.9793323E+00
2026 07 25 09 11 00 000 6.0818529E+00 5.1064730E+00 -1.9742947E+00
2026 07 25 09 12 00 000 6.0587482E+00 5.1031566E+00 -1.9692221E+00
2026 07 25 09 13 00 000 6.0355825E+00 5.0997958E+00 -1.9641140E+00
2026 07 25 09 14 00 000 6.0123515E+00 5.0963945E+00 -1.9589705E+00
2026 07 25 09 15 00 000 5.9890599E+00 5.0929513E+00 -1.9537922E+00
2026 07 25 09 16 00 000 5.9657068E+00 5.0894618E+00 -1.9485774E+00
2026 07 25 09 17 00 000 5.9422908E+00 5.0859294E+00 -1.9433271E+00
2026 07 25 09 18 00 000 5.9188089E+00 5.0823545E+00 -1.9380407E+00
2026 07 25 09 19 00 000 5.8952670E+00 5.0787334E+00 -1.9327185E+00
2026 07 25 09 20 00 000 5.8716593E+00 5.0750675E+00 -1.9273595E+00
2026 07 25 09 21 00 000 5.8479872E+00 5.0713582E+00 -1.9219650E+00
2026 07 25 09 22 00 000 5.8242550E+00 5.0675993E+00 -1.9165325E+00
2026 07 25 09 23 00 000 5.8004570E+00 5.0637951E+00 -1.9110641E+00
2026 07 25 09 24 00 000 5.7765913E+00 5.0599480E+00 -1.9055597E+00
2026 07 25 09 25 00 000 5.7526622E+00 5.0560517E+00 -1.9000175E+00
2026 07 25 09 26 00 000 5.7286682E+00 5.0521069E+00 -1.8944380E+00
2026 07 25 09 27 00 000 5.7046094E+00 5.0481167E+00 -1.8888216E+00
2026 07 25 09 28 00 000 5.6804857E+00 5.0440760E+00 -1.8831679E+00
2026 07 25 09 29 00 000 5.6562943E+00 5.0399880E+00 -1.8774767E+00
2026 07 25 09 30 00 000 5.6320367E+00 5.0358510E+00 -1.8717474E+00
2026 07 25 09 31 00 000 5.6077151E+00 5.0316615E+00 -1.8659803E+00
2026 07 25 09 32 00 000 5.5833230E+00 5.0274262E+00 -1.8601755E+00
2026 07 25 09 33 00 000 5.5588660E+00 5.0231366E+00 -1.8543319E+00
2026 07 25 09 34 00 000 5.5343418E+00 5.0187969E+00 -1.8484499E+00
2026 07 25 09 35 00 000 5.5097513E+00 5.0144053E+00 -1.8425304E+00
2026 07 25 09 36 00 000 5.4850922E+00 5.0099626E+00 -1.8365719E+00
2026 07 25 09 37 00 000 5.4603653E+00 5.0054655E+00 -1.8305740E+00
2026 07 25 09 38 00 000 5.4355679E+00 5.0009189E+00 -1.8245382E+00
2026 07 25 09 39 00 000 5.4107046E+00 4.9963155E+00 -1.8184628E+00
2026 07 25 09 40 00 000 5.3857703E+00 4.9916611E+00 -1.8123486E+00
2026 07 25 09 41 00 000 5.3607678E+00 4.9869494E+00 -1.8061943E+00
2026 07 25 09 42 00 000 5.3356967E+00 4.9821806E+00 -1.8000008E+00
2026 07 25 09 43 00 000 5.3105536E+00 4.9773598E+00 -1.7937678E+00
2026 07 25 09 44 00 000 5.2853427E+00 4.9724813E+00 -1.7874949E+00
2026 07 25 09 45 00 000 5.2600603E+00 4.9675450E+00 -1.7811819E+00
2026 07 25 09 46 00 000 5.2347078E+00 4.9625521E+00 -1.7748290E+00
2026 07 25 09 47 00 000 5.2092829E+00 4.9575014E+00 -1.7684355E+00
2026 07 25 09 48 00 000 5.1837869E+00 4.9523931E+00 -1.7620021E+00
2026 07 25 09 49 00 000 5.1582198E+00 4.9472241E+00 -1.7555276E+00
2026 07 25 09 50 00 000 5.1325803E+00 4.9419966E+00 -1.7490127E+00
2026 07 25 09 51 00 000 5.1068687E+00 4.9367070E+00 -1.7424566E+00
2026 07 25 09 52 00 000 5.0810847E+00 4.9313579E+00 -1.7358595E+00
2026 07 25 09 53 00 000 5.0552273E+00 4.9259477E+00 -1.7292213E+00
2026 07 25 09 54 00 000 5.0292959E+00 4.9204750E+00 -1.7225417E+00
2026 07 25 09 55 00 000 5.0032930E+00 4.9149380E+00 -1.7158204E+00
2026 07 25 09 56 00 000 4.9772158E+00 4.9093375E+00 -1.7090575E+00
2026 07 25 09 57 00 000 4.9510622E+00 4.9036751E+00 -1.7022531E+00
2026 07 25 09 58 00 000 4.9248366E+00 4.8979445E+00 -1.6954063E+00
2026 07 25 09 59 00 000 4.8985343E+00 4.8921509E+00 -1.6885177E+00
2026 07 25 10 00 00 000 4.8721561E+00 4.8862920E+00 -1.6815869E+00
2026 07 25 10 01 00 000 4.8457046E+00 4.8803630E+00 -1.6746129E+00
2026 07 25 10 02 00 000 4.8191752E+00 4.8743687E+00 -1.6675967E+00
2026 07 25 10 03 00 000 4.7925711E+00 4.8683033E+00 -1.6605376E+00
2026 07 25 10 04 00 000 4.7658892E+00 4.8621707E+00 -1.6534352E+00
2026 07 25 10 05 00 000 4.7391310E+00 4.8559690E+00 -1.6462904E+00
2026 07 25 10 06 00 000 4.7122931E+00 4.8496957E+00 -1.6391016E+00
2026 07 25 10 07 00 000 4.6853795E+00 4.8433495E+00 -1.6318697E+00
2026 07 25 10 08 00 000 4.6583872E+00 4.8369336E+00 -1.6245941E+00
2026 07 25 10 09 00 000 4.6313162E+00 4.8304434E+00 -1.6172745E+00
2026 07 25 10 10 00 000 4.6041660E+00 4.8238807E+00 -1.6099113E+00
2026 07 25 10 11 00 000 4.5769362E+00 4.8172431E+00 -1.6025041E+00
2026 07 25 10 12 00 000 4.5496287E+00 4.8105283E+00 -1.5950522E+00
2026 07 25 10 13 00 000 4.5222383E+00 4.8037400E+00 -1.5875565E+00
2026 07 25 10 14 00 000 4.4947677E+00 4.7968726E+00 -1.5800153E+00
2026 07 25 10 15 00 000 4.4672174E+00 4.7899275E+00 -1.5724297E+00
2026 07 25 10 16 00 000 4.4395866E+00 4.7829022E+00 -1.5647991E+00
2026 07 25 10 17 00 000 4.4118719E+00 4.7758007E+00 -1.5571234E+00
2026 07 25 10 18 00 000 4.3840766E+00 4.7686148E+00 -1.5494021E+00
2026 07 25 10 19 00 000 4.3561974E+00 4.7613502E+00 -1.5416358E+00
2026 07 25 10 20 00 000 4.3282361E+00 4.7540016E+00 -1.5338236E+00
2026 07 25 10 21 00 000 4.3001914E+00 4.7465696E+00 -1.5259660E+00
2026 07 25 10 22 00 000 4.2720628E+00 4.7390532E+00 -1.5180620E+00
2026 07 25 10 23 00 000 4.2438502E+00 4.7314510E+00 -1.5101117E+00
2026 07 25 10 24 00 000 4.2155538E+00 4.7237616E+00 -1.5021150E+00
2026 07 25 10 25 00 000 4.1871696E+00 4.7159872E+00 -1.4940723E+00
2026 07 25 10 26 00 000 4.1587005E+00 4.7081227E+00 -1.4859824E+00
2026 07 25 10 27 00 000 4.1301475E+00 4.7001686E+00 -1.4778461E+00
2026 07 25 10 28 00 000 4.1015062E+00 4.6921239E+00 -1.4696623E+00
2026 07 25 10 29 00 000 4.0727782E+00 4.6839881E+00 -1.4614317E+00
2026 07 25 10 30 00 000 4.0439630E+00 4.6757593E+00 -1.4531533E+00
2026 07 25 10 31 00 000 4.0150595E+00 4.6674361E+00 -1.4448272E+00
2026 07 25 10 32 00 000 3.9860678E+00 4.6590176E+00 -1.4364536E+00
2026 07 25 10 33 00 000 3.9569871E+00 4.6505027E+00 -1.4280318E+00
2026 07 25 10 34 00 000 3.9278183E+00 4.6418900E+00 -1.4195621E+00
2026 07 25 10 35 00 000 3.8985574E+00 4.6331797E+00 -1.4110436E+00
2026 07 25 10 36 00 000 3.8692095E+00 4.6243663E+00 -1.4024771E+00
2026 07 25 10 37 00 000 3.8397672E+00 4.6154561E+00 -1.3938620E+00
2026 07 25 10 38 00 000 3.8102369E+00 4.6064396E+00 -1.3851974E+00
2026 07 25 10 39 00 000 3.7806127E+00 4.5973215E+00 -1.3764840E+00
2026 07 25 10 40 00 000 3.7508974E+00 4.5880980E+00 -1.3677217E+00
2026 07 25 10 41 00 000 3.7210896E+00 4.5787668E+00 -1.3589096E+00
2026 07 25 10 42 00 000 3.6911864E+00 4.5693293E+00 -1.3500477E+00
2026 07 25 10 43 00 000 3.6611905E+00 4.5597820E+00 -1.3411362E+00
2026 07 25 10 44 00 000 3.6311026E+00 4.5501223E+00 -1.3321748E+00
2026 07 25 10 45 00 000 3.6009161E+00 4.5403519E+00 -1.3231627E+00
2026 07 25 10 46 00 000 3.5706367E+00 4.5304685E+00 -1.3141004E+00
2026 07 25 10 47 00 000 3.5402596E+00 4.5204692E+00 -1.3049877E+00
2026 07 25 10 48 00 000 3.5097868E+00 4.5103540E+00 -1.2958238E+00
2026 07 25 10 49 00 000 3.4792163E+00 4.5001192E+00 -1.2866091E+00
2026 07 25 10 50 00 000 3.4485483E+00 4.4897652E+00 -1.2773429E+00
2026 07 25 10 51 00 000 3.4177835E+00 4.4792895E+00 -1.2680258E+00
2026 07 25 10 52 00 000 3.3869185E+00 4.4686913E+00 -1.2586563E+00
2026 07 25 10 53 00 000 3.3559532E+00 4.4579682E+00 -1.2492353E+00
2026 07 25 10 54 00 000 3.3248901E+00 4.4471173E+00 -1.2397627E+00
2026 07 25 10 55 00 000 3.2937248E+00 4.4361401E+00 -1.2302371E+00
2026 07 25 10 56 00 000 3.2624600E+00 4.4250307E+00 -1.2206596E+00
2026 07 25 10 57 00 000 3.2310929E+00 4.4137893E+00 -1.2110293E+00
2026 07 25 10 58 00 000 3.1996233E+00 4.4024148E+00 -1.2013458E+00
2026 07 25 10 59 00 000 3.1680510E+00 4.3909044E+00 -1.1916096E+00
2026 07 25 11 00 00 000 3.1363747E+00 4.3792567E+00 -1.1818204E+00
2026 07 25 11 01 00 000 3.1045935E+00 4.3674698E+00 -1.1719773E+00
2026 07 25 11 02 00 000 3.0727108E+00 4.3555384E+00 -1.1620805E+00
2026 07 25 11 03 00 000 3.0407188E+00 4.3434658E+00 -1.1521294E+00
2026 07 25 11 04 00 000 3.0086231E+00 4.3312464E+00 -1.1421248E+00
2026 07 25 11 05 00 000 2.9764206E+00 4.3188782E+00 -1.1320649E+00
2026 07 25 11 06 00 000 2.9441116E+00 4.3063602E+00 -1.1219515E+00
2026 07 25 11 07 00 000 2.9116921E+00 4.2936897E+00 -1.1117823E+00
2026 07 25 11 08 00 000 2.8791661E+00 4.2808638E+00 -1.1015588E+00
2026 07 25 11 09 00 000 2.8465304E+00 4.2678809E+00 -1.0912801E+00
2026 07 25 11 10 00 000 2.8137848E+00 4.2547379E+00 -1.0809454E+00
2026 07 25 11 11 00 000 2.7809286E+00 4.2414331E+00 -1.0705553E+00
2026 07 25 11 12 00 000 2.7479613E+00 4.2279634E+00 -1.0601094E+00
2026 07 25 11 13 00 000 2.7148826E+00 4.2143245E+00 -1.0496067E+00
2026 07 25 11 14 00 000 2.6816909E+00 4.2005181E+00 -1.0390486E+00
2026 07 25 11 15 00 000 2.6483860E+00 4.1865382E+00 -1.0284330E+00
2026 07 25 11 16 00 000 2.6149673E+00 4.1723828E+00 -1.0177609E+00
2026 07 25 11 17 00 000 2.5814342E+00 4.1580472E+00 -1.0070316E+00
2026 07 25 11 18 00 000 2.5477848E+00 4.1435323E+00 -9.9624461E-01
2026 07 25 11 19 00 000 2.5140214E+00 4.1288319E+00 -9.8540080E-01
2026 07 25 11 20 00 000 2.4801402E+00 4.1139450E+00 -9.7449911E-01
2026 07 25 11 21 00 000 2.4461415E+00 4.0988665E+00 -9.6353889E-01
2026 07 25 11 22 00 000 2.4120250E+00 4.0835953E+00 -9.5252091E-01
2026 07 25 11 23 00 000 2.3777900E+00 4.0681267E+00 -9.4144440E-01
2026 07 25 11 24 00 000 2.3434355E+00 4.0524569E+00 -9.3030882E-01
2026 07 25 11 25 00 000 2.3089609E+00 4.0365829E+00 -9.1911429E-01
2026 07 25 11 26 00 000 2.2743666E+00 4.0205026E+00 -9.0786082E-01
2026 07 25 11 27 00 000 2.2396510E+00 4.0042100E+00 -8.9654809E-01
2026 07 25 11 28 00 000 2.2048109E+00 3.9877033E+00 -8.8517511E-01
2026 07 25 11 29 00 000 2.1698496E+00 3.9709778E+00 -8.7374240E-01
2026 07 25 11 30 00 000 2.1347663E+00 3.9540279E+00 -8.6224979E-01
2026 07 25 11 31 00 000 2.0995557E+00 3.9368532E+00 -8.5069692E-01
2026 07 25 11 32 00 000 2.0642219E+00 3.9194465E+00 -8.3908260E-01
2026 07 25 11 33 00 000 2.0287633E+00 3.9018044E+00 -8.2740819E-01
2026 07 25 11 34 00 000 1.9931768E+00 3.8839228E+00 -8.1567228E-01
2026 07 25 11 35 00 000 1.9574641E+00 3.8657966E+00 -8.0387509E-01
2026 07 25 11 36 00 000 1.9216263E+00 3.8474207E+00 -7.9201686E-01
2026 07 25 11 37 00 000 1.8856578E+00 3.8287930E+00 -7.8009629E-01
2026 07 25 11 38 00 000 1.8495617E+00 3.8099048E+00 -7.6811379E-01
2026 07 25 11 39 00 000 1.8133360E+00 3.7907531E+00 -7.5606906E-01
2026 07 25 11 40 00 000 1.7769798E+00 3.7713332E+00 -7.4396151E-01
2026 07 25 11 41 00 000 1.7404946E+00 3.7516375E+00 -7.3179150E-01
2026 07 25 11 42 00 000 1.7038779E+00 3.7316625E+00 -7.1955854E-01
2026 07 25 11 43 00 000 1.6671296E+00 3.7114017E+00 -7.0726269E-01
2026 07 25 11 44 00 000 1.6302503E+00 3.6908481E+00 -6.9490349E-01
2026 07 25 11 45 00 000 1.5932369E+00 3.6699977E+00 -6.8248051E-01
2026 07 25 11 46 00 000 1.5560925E+00 3.6488421E+00 -6.6999418E-01
2026 07 25 11 47 00 000 1.5188148E+00 3.6273761E+00 -6.5744376E-01
2026 07 25 11 48 00 000 1.4814029E+00 3.6055925E+00 -6.4482915E-01
2026 07 25 11 49 00 000 1.4438570E+00 3.5834846E+00 -6.3215011E-01
2026 07 25 11 50 00 000 1.4061761E+00 3.5610456E+00 -6.1940658E-01
2026 07 25 11 51 00 000 1.3683627E+00 3.5382676E+00 -6.0659897E-01
2026 07 25 11 52 00 000 1.3304138E+00 3.5151422E+00 -5.9372616E-01
2026 07 25 11 53 00 000 1.2923299E+00 3.4916623E+00 -5.8078873E-01
2026 07 25 11 54 00 000 1.2541124E+00 3.4678204E+00 -5.6778657E-01
2026 07 25 11 55 00 000 1.2157595E+00 3.4436064E+00 -5.5471885E-01
2026 07 25 11 56 00 000 1.1772715E+00 3.4190133E+00 -5.4158628E-01
2026 07 25 11 57 00 000 1.1386508E+00 3.3940291E+00 -5.2838862E-01
2026 07 25 11 58 00 000 1.0998958E+00 3.3686471E+00 -5.1512563E-01
2026 07 25 11 59 00 000 1.0610065E+00 3.3428569E+00 -5.0179744E-01
2026 07 25 12 00 00 000 1.0219843E+00 3.3166478E+00 -4.8840380E-01
2026 07 25 12 01 00 000 9.8282945E-01 3.2900095E+00 -4.7494507E-01
2026 07 25 12 02 00 000 9.4354326E-01 3.2629306E+00 -4.6142158E-01
2026 07 25 12 03 00 000 9.0412617E-01 3.2354012E+00 -4.4783247E-01
2026 07 25 12 04 00 000 8.6457968E-01 3.2074068E+00 -4.3417883E-01
2026 07 25 12 05 00 000 8.2490510E-01 3.1789382E+00 -4.2046097E-01
2026 07 25 12 06 00 000 7.8510338E-01 3.1499801E+00 -4.0667820E-01
2026 07 25 12 07 00 000 7.4517643E-01 3.1205208E+00 -3.9283127E-01
2026 07 25 12 08 00 000 7.0512688E-01 3.0905454E+00 -3.7892082E-01
2026 07 25 12 09 00 000 6.6495508E-01 3.0600407E+00 -3.6494690E-01
2026 07 25 12 10 00 000 6.2466532E-01 3.0289905E+00 -3.5090998E-01
2026 07 25 12 11 00 000 5.8426040E-01 2.9973795E+00 -3.3681113E-01
2026 07 25 12 12 00 000 5.4374230E-01 2.9651921E+00 -3.2265037E-01
2026 07 25 12 13 00 000 5.0311542E-01 2.9324107E+00 -3.0842897E-01
2026 07 25 12 14 00 000 4.6238375E-01 2.8990169E+00 -2.9414725E-01
2026 07 25 12 15 00 000 4.2155001E-01 2.8649929E+00 -2.7980632E-01
2026 07 25 12 16 00 000 3.8062155E-01 2.8303194E+00 -2.6540780E-01
2026 07 25 12 17 00 000 3.3960205E-01 2.7949758E+00 -2.5095195E-01
2026 07 25 12 18 00 000 2.9849887E-01 2.7589417E+00 -2.3644117E-01
2026 07 25 12 19 00 000 2.5731787E-01 2.7221937E+00 -2.2187643E-01
2026 07 25 12 20 00 000 2.1606706E-01 2.6847091E+00 -2.0725979E-01
2026 07 25 12 21 00 000 1.7475422E-01 2.6464641E+00 -1.9259311E-01
2026 07 25 12 22 00 000 1.3338949E-01 2.6074333E+00 -1.7787854E-01
2026 07 25 12 23 00 000 9.1981895E-02 2.5675895E+00 -1.6311881E-01
2026 07 25 12 24 00 000 5.0543662E-02 2.5269048E+00 -1.4831641E-01
2026 07 25 12 25 00 000 9.0878289E-03 2.4853506E+00 -1.3347483E-01
2026 07 25 12 26 00 000 -3.2373369E-02 2.4428961E+00 -1.1859701E-01
2026 07 25 12 27 00 000 -7.3821545E-02 2.3995097E+00 -1.0368791E-01
2026 07 25 12 28 00 000 -1.1524218E-01 2.3551569E+00 -8.8750772E-02
2026 07 25 12 29 00 000 -1.5661573E-01 2.3098028E+00 -7.3790558E-02
2026 07 25 12 30 00 000 -1.9791915E-01 2.2634110E+00 -5.8813635E-02
2026 07 25 12 31 00 000 -2.3913039E-01 2.2159426E+00 -4.3825600E-02
2026 07 25 12 32 00 000 -2.8022286E-01 2.1673577E+00 -2.8833043E-02
2026 07 25 12 33 00 000 -3.2116711E-01 2.1176131E+00 -1.3844394E-02
2026 07 25 12 34 00 000 -3.6193094E-01 2.0666656E+00 1.1323742E-03
2026 07 25 12 35 00 000 -4.0247813E-01 2.0144691E+00 1.6087223E-02
2026 07 25 12 36 00 000 -4.4276828E-01 1.9609755E+00 3.1009577E-02
2026 07 25 12 37 00 000 -4.8275721E-01 1.9061354E+00 4.5887478E-02
2026 07 25 12 38 00 000 -5.2239490E-01 1.8498969E+00 6.0706940E-02
2026 07 25 12 39 00 000 -5.6162596E-01 1.7922076E+00 7.5453207E-02
2026 07 25 12 40 00 000 -6.0038787E-01 1.7330124E+00 9.0108357E-02
2026 07 25 12 41 00 000 -6.3861209E-01 1.6722558E+00 1.0465371E-01
2026 07 25 12 42 00 000 -6.7622268E-01 1.6098810E+00 1.1906843E-01
2026 07 25 12 43 00 000 -7.1313339E-01 1.5458314E+00 1.3332731E-01
2026 07 25 12 44 00 000 -7.4924976E-01 1.4800504E+00 1.4740407E-01
2026 07 25 12 45 00 000 -7.8446615E-01 1.4124830E+00 1.6126828E-01
2026 07 25 12 46 00 000 -8.1866586E-01 1.3430759E+00 1.7488608E-01
2026 07 25 12 47 00 000 -8.5171908E-01 1.2717797E+00 1.8822031E-01
2026 07 25 12 48 00 000 -8.8348341E-01 1.1985514E+00 2.0122847E-01
2026 07 25 12 49 00 000 -9.1380197E-01 1.1233536E+00 2.1386482E-01
2026 07 25 12 50 00 000 -9.4250345E-01 1.0461605E+00 2.2607793E-01
2026 07 25 12 51 00 000 -9.6940058E-01 9.6695811E-01 2.3781158E-01
2026 07 25 12 52 00 000 -9.9429268E-01 8.8574892E-01 2.4900469E-01
2026 07 25 12 53 00 000 -1.0169644E+00 8.0255598E-01 2.5959116E-01
2026 07 25 12 54 00 000 -1.0371883E+00 7.1742564E-01 2.6949993E-01
2026 07 25 12 55 00 000 -1.0547274E+00 6.3043356E-01 2.7865651E-01
2026 07 25 12 56 00 000 -1.0693393E+00 5.4168749E-01 2.8698319E-01
2026 07 25 12 57 00 000 -1.0807817E+00 4.5133197E-01 2.9440060E-01
2026 07 25 12 58 00 000 -1.0888182E+00 3.5955170E-01 3.0082974E-01
2026 07 25 12 59 00 000 -1.0932277E+00 2.6657021E-01 3.0619538E-01
2026 07 25 13 00 00 000 -1.0938122E+00 1.7265436E-01 3.1042612E-01
2026 07 25 13 01 00 000 -1.0904068E+00 7.8107156E-02 3.1345990E-01
2026 07 25 13 02 00 000 -1.0828886E+00 -1.6735714E-02 3.1524572E-01
2026 07 25 13 03 00 000 -1.0711843E+00 -1.1151432E-01 3.1574649E-01
2026 07 25 13 04 00 000 -1.0552765E+00 -2.0585558E-01 3.1494126E-01
2026 07 25 13 05 00 000 -1.0352060E+00 -2.9938483E-01 3.1282645E-01
2026 07 25 13 06 00 000 -1.0110707E+00 -3.9173788E-01 3.0941612E-01
2026 07 25 13 07 00 000 -9.8302275E-01 -4.8257414E-01 3.0474144E-01
2026 07 25 13 08 00 000 -9.5126098E-01 -5.7158607E-01 2.9884902E-01
2026 07 25 13 09 00 000 -9.1602224E-01 -6.5850663E-01 2.9179835E-01
2026 07 25 13 10 00 000 -8.7757003E-01 -7.4311531E-01 2.8365925E-01
2026 07 25 13 11 00 000 -8.3618587E-01 -8.2523847E-01 2.7450854E-01
2026 07 25 13 12 00 000 -7.9215741E-01 -9.0474975E-01 2.6442721E-01
2026 07 25 13 13 00 000 -7.4577302E-01 -9.8156512E-01 2.5349778E-01
2026 07 25 13 14 00 000 -6.9731021E-01 -1.0556419E+00 2.4180214E-01
2026 07 25 13 15 00 000 -6.4703512E-01 -1.1269698E+00 2.2941931E-01
2026 07 25 13 16 00 000 -5.9519559E-01 -1.1955674E+00 2.1642448E-01
2026 07 25 13 17 00 000 -5.4202080E-01 -1.2614775E+00 2.0288855E-01
2026 07 25 13 18 00 000 -4.8771942E-01 -1.3247586E+00 1.8887651E-01
2026 07 25 13 19 00 000 -4.3248013E-01 -1.3854853E+00 1.7444855E-01
2026 07 25 13 20 00 000 -3.7647173E-01 -1.4437398E+00 1.5965900E-01
2026 07 25 13 21 00 000 -3.1984407E-01 -1.4996114E+00 1.4455681E-01
2026 07 25 13 22 00 000 -2.6272982E-01 -1.5531936E+00 1.2918633E-01
2026 07 25 13 23 00 000 -2.0524566E-01 -1.6045806E+00 1.1358636E-01
2026 07 25 13 24 00 000 -1.4749368E-01 -1.6538668E+00 9.7792402E-02
2026 07 25 13 25 00 000 -8.9564756E-02 -1.7011461E+00 8.1836313E-02
2026 07 25 13 26 00 000 -3.1534925E-02 -1.7465096E+00 6.5744646E-02
2026 07 25 13 27 00 000 2.6527818E-02 -1.7900454E+00 4.9542230E-02
2026 07 25 13 28 00 000 8.4564701E-02 -1.8318388E+00 3.3250798E-02
2026 07 25 13 29 00 000 1.4252515E-01 -1.8719711E+00 1.6889427E-02
2026 07 25 13 30 00 000 2.0036674E-01 -1.9105204E+00 4.7452416E-04
2026 07 25 13 31 00 000 2.5805023E-01 -1.9475602E+00 -1.5978392E-02
2026 07 25 13 32 00 000 3.1554461E-01 -1.9831616E+00 -3.2456793E-02
2026 07 25 13 33 00 000 3.7282339E-01 -2.0173900E+00 -4.8949447E-02
2026 07 25 13 34 00 000 4.2986155E-01 -2.0503097E+00 -6.5445632E-02
2026 07 25 13 35 00 000 4.8664114E-01 -2.0819795E+00 -8.1936903E-02
2026 07 25 13 36 00 000 5.4314429E-01 -2.1124561E+00 -9.8415308E-02
2026 07 25 13 37 00 000 5.9935707E-01 -2.1417916E+00 -1.1487363E-01
2026 07 25 13 38 00 000 6.5526867E-01 -2.1700370E+00 -1.3130650E-01
2026 07 25 13 39 00 000 7.1086937E-01 -2.1972401E+00 -1.4770842E-01
2026 07 25 13 40 00 000 7.6615119E-01 -2.2234445E+00 -1.6407453E-01
2026 07 25 13 41 00 000 8.2110810E-01 -2.2486925E+00 -1.8040095E-01
2026 07 25 13 42 00 000 8.7573504E-01 -2.2730248E+00 -1.9668391E-01
2026 07 25 13 43 00 000 9.3002915E-01 -2.2964778E+00 -2.1292081E-01
2026 07 25 13 44 00 000 9.8398709E-01 -2.3190875E+00 -2.2910921E-01
2026 07 25 13 45 00 000 1.0376076E+00 -2.3408880E+00 -2.4524578E-01
2026 07 25 13 46 00 000 1.0908891E+00 -2.3619096E+00 -2.6132950E-01
2026 07 25 13 47 00 000 1.1438313E+00 -2.3821845E+00 -2.7735785E-01
2026 07 25 13 48 00 000 1.1964356E+00 -2.4017389E+00 -2.9332989E-01
2026 07 25 13 49 00 000 1.2487016E+00 -2.4206011E+00 -3.0924404E-01
2026 07 25 13 50 00 000 1.3006307E+00 -2.4387960E+00 -3.2509968E-01
2026 07 25 13 51 00 000 1.3522252E+00 -2.4563482E+00 -3.4089589E-01
2026 07 25 13 52 00 000 1.4034864E+00 -2.4732804E+00 -3.5663131E-01
2026 07 25 13 53 00 000 1.4544162E+00 -2.4896145E+00 -3.7230599E-01
2026 07 25 13 54 00 000 1.5050167E+00 -2.5053718E+00 -3.8791880E-01
2026 07 25 13 55 00 000 1.5552914E+00 -2.5205712E+00 -4.0346992E-01
2026 07 25 13 56 00 000 1.6052433E+00 -2.5352314E+00 -4.1895881E-01
2026 07 25 13 57 00 000 1.6548749E+00 -2.5493701E+00 -4.3438607E-01
2026 07 25 13 58 00 000 1.7041878E+00 -2.5630054E+00 -4.4975010E-01
2026 07 25 13 59 00 000 1.7531871E+00 -2.5761518E+00 -4.6505207E-01
2026 07 25 14 00 00 000 1.8018749E+00 -2.5888267E+00 -4.8029178E-01
2026 07 25 14 01 00 000 1.8502539E+00 -2.6010435E+00 -4.9546835E-01
2026 07 25 14 02 00 000 1.8983299E+00 -2.6128161E+00 -5.1058346E-01
2026 07 25 14 03 00 000 1.9461035E+00 -2.6241589E+00 -5.2563596E-01
2026 07 25 14 04 00 000 1.9935788E+00 -2.6350834E+00 -5.4062635E-01
2026 07 25 14 05 00 000 2.0407584E+00 -2.6456039E+00 -5.5555511E-01
2026 07 25 14 06 00 000 2.0876474E+00 -2.6557298E+00 -5.7042223E-01
2026 07 25 14 07 00 000 2.1342478E+00 -2.6654739E+00 -5.8522826E-01
2026 07 25 14 08 00 000 2.1805637E+00 -2.6748462E+00 -5.9997320E-01
2026 07 25 14 09 00 000 2.2265971E+00 -2.6838584E+00 -6.1465716E-01
2026 07 25 14 10 00 000 2.2723529E+00 -2.6925182E+00 -6.2928140E-01
2026 07 25 14 11 00 000 2.3178320E+00 -2.7008381E+00 -6.4384478E-01
2026 07 25 14 12 00 000 2.3630412E+00 -2.7088232E+00 -6.5834904E-01
2026 07 25 14 13 00 000 2.4079802E+00 -2.7164850E+00 -6.7279321E-01
2026 07 25 14 14 00 000 2.4526539E+00 -2.7238317E+00 -6.8717909E-01
2026 07 25 14 15 00 000 2.4970655E+00 -2.7308702E+00 -7.0150590E-01
2026 07 25 14 16 00 000 2.5412176E+00 -2.7376096E+00 -7.1577466E-01
2026 07 25 14 17 00 000 2.5851128E+00 -2.7440572E+00 -7.2998476E-01
2026 07 25 14 18 00 000 2.6287553E+00 -2.7502186E+00 -7.4413830E-01
2026 07 25 14 19 00 000 2.6721466E+00 -2.7561030E+00 -7.5823385E-01
2026 07 25 14 20 00 000 2.7152908E+00 -2.7617157E+00 -7.7227294E-01
2026 07 25 14 21 00 000 2.7581909E+00 -2.7670631E+00 -7.8625554E-01
2026 07 25 14 22 00 000 2.8008480E+00 -2.7721524E+00 -8.0018175E-01
2026 07 25 14 23 00 000 2.8432660E+00 -2.7769885E+00 -8.1405258E-01
2026 07 25 14 24 00 000 2.8854485E+00 -2.7815771E+00 -8.2786763E-01
2026 07 25 14 25 00 000 2.9273973E+00 -2.7859249E+00 -8.4162796E-01
2026 07 25 14 26 00 000 2.9691143E+00 -2.7900372E+00 -8.5533261E-01
2026 07 25 14 27 00 000 3.0106032E+00 -2.7939177E+00 -8.6898404E-01
2026 07 25 14 28 00 000 3.0518677E+00 -2.7975712E+00 -8.8258153E-01
2026 07 25 14 29 00 000 3.0929070E+00 -2.8010061E+00 -8.9612460E-01
2026 07 25 14 30 00 000 3.1337261E+00 -2.8042243E+00 -9.0961444E-01
2026 07 25 14 31 00 000 3.1743269E+00 -2.8072298E+00 -9.2305160E-01
2026 07 25 14 32 00 000 3.2147119E+00 -2.8100281E+00 -9.3643624E-01
2026 07 25 14 33 00 000 3.2548835E+00 -2.8126233E+00 -9.4976848E-01
2026 07 25 14 34 00 000 3.2948432E+00 -2.8150206E+00 -9.6304852E-01
2026 07 25 14 35 00 000 3.3345945E+00 -2.8172214E+00 -9.7627717E-01
2026 07 25 14 36 00 000 3.3741395E+00 -2.8192310E+00 -9.8945493E-01
2026 07 25 14 37 00 000 3.4134786E+00 -2.8210547E+00 -1.0025809E+00
2026 07 25 14 38 00 000 3.4526174E+00 -2.8226929E+00 -1.0156572E+00
2026 07 25 14 39 00 000 3.4915540E+00 -2.8241525E+00 -1.0286814E+00
2026 07 25 14 40 00 000 3.5302930E+00 -2.8254359E+00 -1.0416560E+00
2026 07 25 14 41 00 000 3.5688374E+00 -2.8265431E+00 -1.0545820E+00
2026 07 25 14 42 00 000 3.6071858E+00 -2.8274829E+00 -1.0674570E+00
2026 07 25 14 43 00 000 3.6453428E+00 -2.8282545E+00 -1.0802833E+00
2026 07 25 14 44 00 000 3.6833103E+00 -2.8288615E+00 -1.0930603E+00
2026 07 25 14 45 00 000 3.7210891E+00 -2.8293078E+00 -1.1057888E+00
2026 07 25 14 46 00 000 3.7586825E+00 -2.8295946E+00 -1.1184691E+00
2026 07 25 14 47 00 000 3.7960899E+00 -2.8297296E+00 -1.1310999E+00
2026 07 25 14 48 00 000 3.8333158E+00 -2.8297093E+00 -1.1436838E+00
2026 07 25 14 49 00 000 3.8703616E+00 -2.8295386E+00 -1.1562202E+00
2026 07 25 14 50 00 000 3.9072273E+00 -2.8292224E+00 -1.1687083E+00
2026 07 25 14 51 00 000 3.9439158E+00 -2.8287601E+00 -1.1811495E+00
2026 07 25 14 52 00 000 3.9804292E+00 -2.8281558E+00 -1.1935434E+00
2026 07 25 14 53 00 000 4.0167685E+00 -2.8274114E+00 -1.2058902E+00
2026 07 25 14 54 00 000 4.0529356E+00 -2.8265290E+00 -1.2181911E+00
2026 07 25 14 55 00 000 4.0889320E+00 -2.8255110E+00 -1.2304455E+00
2026 07 25 14 56 00 000 4.1247602E+00 -2.8243592E+00 -1.2426538E+00
2026 07 25 14 57 00 000 4.1604204E+00 -2.8230767E+00 -1.2548163E+00
2026 07 25 14 58 00 000 4.1959147E+00 -2.8216658E+00 -1.2669322E+00
2026 07 25 14 59 00 000 4.2312460E+00 -2.8201256E+00 -1.2790037E+00
2026 07 25 15 00 00 000 4.2664127E+00 -2.8184631E+00 -1.2910291E+00
2026 07 25 15 01 00 000 4.3014188E+00 -2.8166757E+00 -1.3030096E+00
2026 07 25 15 02 00 000 4.3362651E+00 -2.8147688E+00 -1.3149444E+00
2026 07 25 15 03 00 000 4.3709526E+00 -2.8127403E+00 -1.3268353E+00
2026 07 25 15 04 00 000 4.4054832E+00 -2.8105955E+00 -1.3386816E+00
2026 07 25 15 05 00 000 4.4398589E+00 -2.8083344E+00 -1.3504831E+00
2026 07 25 15 06 00 000 4.4740796E+00 -2.8059592E+00 -1.3622404E+00
2026 07 25 15 07 00 000 4.5081477E+00 -2.8034713E+00 -1.3739536E+00
2026 07 25 15 08 00 000 4.5420642E+00 -2.8008733E+00 -1.3856230E+00
2026 07 25 15 09 00 000 4.5758300E+00 -2.7981672E+00 -1.3972479E+00
2026 07 25 15 10 00 000 4.6094480E+00 -2.7953508E+00 -1.4088306E+00
2026 07 25 15 11 00 000 4.6429167E+00 -2.7924311E+00 -1.4203682E+00
2026 07 25 15 12 00 000 4.6762395E+00 -2.7894056E+00 -1.4318635E+00
2026 07 25 15 13 00 000 4.7094169E+00 -2.7862768E+00 -1.4433157E+00
2026 07 25 15 14 00 000 4.7424498E+00 -2.7830474E+00 -1.4547235E+00
2026 07 25 15 15 00 000 4.7753406E+00 -2.7797170E+00 -1.4660901E+00
2026 07 25 15 16 00 000 4.8080893E+00 -2.7762880E+00 -1.4774134E+00
2026 07 25 15 17 00 000 4.8406978E+00 -2.7727609E+00 -1.4886938E+00
2026 07 25 15 18 00 000 4.8731656E+00 -2.7691386E+00 -1.4999323E+00
2026 07 25 15 19 00 000 4.9054966E+00 -2.7654202E+00 -1.5111277E+00
2026 07 25 15 20 00 000 4.9376893E+00 -2.7616084E+00 -1.5222808E+00
2026 07 25 15 21 00 000 4.9697461E+00 -2.7577064E+00 -1.5333917E+00
2026 07 25 15 22 00 000 5.0016694E+00 -2.7537107E+00 -1.5444614E+00
2026 07 25 15 23 00 000 5.0334568E+00 -2.7496271E+00 -1.5554882E+00
2026 07 25 15 24 00 000 5.0651121E+00 -2.7454531E+00 -1.5664740E+00
2026 07 25 15 25 00 000 5.0966344E+00 -2.7411931E+00 -1.5774173E+00
2026 07 25 15 26 00 000 5.1280265E+00 -2.7368455E+00 -1.5883195E+00
2026 07 25 15 27 00 000 5.1592889E+00 -2.7324131E+00 -1.5991802E+00
2026 07 25 15 28 00 000 5.1904235E+00 -2.7278943E+00 -1.6100001E+00
2026 07 25 15 29 00 000 5.2214274E+00 -2.7232947E+00 -1.6207775E+00
2026 07 25 15 30 00 000 5.2523074E+00 -2.7186112E+00 -1.6315151E+00
2026 07 25 15 31 00 000 5.2830586E+00 -2.7138486E+00 -1.6422099E+00
2026 07 25 15 32 00 000 5.3136864E+00 -2.7090061E+00 -1.6528641E+00
2026 07 25 15 33 00 000 5.3441892E+00 -2.7040815E+00 -1.6634790E+00
2026 07 25 15 34 00 000 5.3745675E+00 -2.6990807E+00 -1.6740513E+00
2026 07 25 15 35 00 000 5.4048271E+00 -2.6940017E+00 -1.6845841E+00
2026 07 25 15 36 00 000 5.4349618E+00 -2.6888483E+00 -1.6950753E+00
2026 07 25 15 37 00 000 5.4649754E+00 -2.6836185E+00 -1.7055250E+00
2026 07 25 15 38 00 000 5.4948707E+00 -2.6783128E+00 -1.7159362E+00
2026 07 25 15 39 00 000 5.5246468E+00 -2.6729364E+00 -1.7263056E+00
2026 07 25 15 40 00 000 5.5543051E+00 -2.6674838E+00 -1.7366364E+00
2026 07 25 15 41 00 000 5.5838456E+00 -2.6619625E+00 -1.7469254E+00
2026 07 25 15 42 00 000 5.6132698E+00 -2.6563687E+00 -1.7571741E+00
2026 07 25 15 43 00 000 5.6425786E+00 -2.6507049E+00 -1.7673831E+00
2026 07 25 15 44 00 000 5.6717706E+00 -2.6449730E+00 -1.7775513E+00
2026 07 25 15 45 00 000 5.7008510E+00 -2.6391714E+00 -1.7876801E+00
2026 07 25 15 46 00 000 5.7298164E+00 -2.6332998E+00 -1.7977694E+00
2026 07 25 15 47 00 000 5.7586699E+00 -2.6273646E+00 -1.8078179E+00
2026 07 25 15 48 00 000 5.7874107E+00 -2.6213636E+00 -1.8178265E+00
2026 07 25 15 49 00 000 5.8160415E+00 -2.6152935E+00 -1.8277968E+00
2026 07 25 15 50 00 000 5.8445606E+00 -2.6091623E+00 -1.8377256E+00
2026 07 25 15 51 00 000 5.8729711E+00 -2.6029639E+00 -1.8476166E+00
2026 07 25 15 52 00 000 5.9012728E+00 -2.5967047E+00 -1.8574659E+00
2026 07 25 15 53 00 000 5.9294643E+00 -2.5903821E+00 -1.8672770E+00
2026 07 25 15 54 00 000 5.9575510E+00 -2.5839975E+00 -1.8770481E+00
2026 07 25 15 55 00 000 5.9855294E+00 -2.5775530E+00 -1.8867793E+00
2026 07 25 15 56 00 000 6.0134020E+00 -2.5710473E+00 -1.8964719E+00
2026 07 25 15 57 00 000 6.0411692E+00 -2.5644817E+00 -1.9061249E+00
2026 07 25 15 58 00 000 6.0688295E+00 -2.5578580E+00 -1.9157383E+00
2026 07 25 15 59 00 000 6.0963879E+00 -2.5511725E+00 -1.9253135E+00
2026 07 25 16 00 00 000 6.1238432E+00 -2.5444319E+00 -1.9348487E+00
2026 07 25 16 01 00 000 6.1511936E+00 -2.5376329E+00 -1.9443449E+00
2026 07 25 16 02 00 000 6.1784420E+00 -2.5307798E+00 -1.9538009E+00
2026 07 25 16 03 00 000 6.2055893E+00 -2.5238683E+00 -1.9632194E+00
2026 07 25 16 04 00 000 6.2326355E+00 -2.5169010E+00 -1.9725978E+00
2026 07 25 16 05 00 000 6.2595820E+00 -2.5098808E+00 -1.9819376E+00
2026 07 25 16 06 00 000 6.2864280E+00 -2.5028050E+00 -1.9912385E+00
2026 07 25 16 07 00 000 6.3131752E+00 -2.4956768E+00 -2.0005002E+00
2026 07 25 16 08 00 000 6.3398228E+00 -2.4884961E+00 -2.0097225E+00
2026 07 25 16 09 00 000 6.3663726E+00 -2.4812617E+00 -2.0189071E+00
2026 07 25 16 10 00 000 6.3928256E+00 -2.4739757E+00 -2.0280523E+00
2026 07 25 16 11 00 000 6.4191809E+00 -2.4666367E+00 -2.0371594E+00
2026 07 25 16 12 00 000 6.4454408E+00 -2.4592495E+00 -2.0462267E+00
2026 07 25 16 13 00 000 6.4716034E+00 -2.4518108E+00 -2.0552557E+00
2026 07 25 16 14 00 000 6.4976721E+00 -2.4443250E+00 -2.0642455E+00
2026 07 25 16 15 00 000 6.5236440E+00 -2.4367874E+00 -2.0731974E+00
2026 07 25 16 16 00 000 6.5495229E+00 -2.4292030E+00 -2.0821097E+00
2026 07 25 16 17 00 000 6.5753102E+00 -2.4215674E+00 -2.0909846E+00
2026 07 25 16 18 00 000 6.6010013E+00 -2.4138868E+00 -2.0998197E+00
2026 07 25 16 19 00 000 6.6266022E+00 -2.4061577E+00 -2.1086178E+00
2026 07 25 16 20 00 000 6.6521096E+00 -2.3983836E+00 -2.1173759E+00
2026 07 25 16 21 00 000 6.6775260E+00 -2.3905604E+00 -2.1260970E+00
2026 07 25 16 22 00 000 6.7028503E+00 -2.3826954E+00 -2.1347785E+00
2026 07 25 16 23 00 000 6.7280841E+00 -2.3747833E+00 -2.1434219E+00
2026 07 25 16 24 00 000 6.7532282E+00 -2.3668282E+00 -2.1520259E+00
2026 07 25 16 25 00 000 6.7782836E+00 -2.3588276E+00 -2.1605926E+00
2026 07 25 16 26 00 000 6.8032498E+00 -2.3507829E+00 -2.1691213E+00
2026 07 25 16 27 00 000 6.8281264E+00 -2.3426933E+00 -2.1776118E+00
2026 07 25 16 28 00 000 6.8529143E+00 -2.3345649E+00 -2.1860628E+00
2026 07 25 16 29 00 000 6.8776164E+00 -2.3263898E+00 -2.1944773E+00
2026 07 25 16 30 00 000 6.9022284E+00 -2.3181784E+00 -2.2028511E+00
2026 07 25 16 31 00 000 6.9267550E+00 -2.3099220E+00 -2.2111883E+00
2026 07 25 16 32 00 000 6.9511967E+00 -2.3016236E+00 -2.2194881E+00
2026 07 25 16 33 00 000 6.9755507E+00 -2.2932875E+00 -2.2277477E+00
2026 07 25 16 34 00 000 6.9998193E+00 -2.2849073E+00 -2.2359715E+00
2026 07 25 16 35 00 000 7.0240045E+00 -2.2764897E+00 -2.2441556E+00
2026 07 25 16 36 00 000 7.0481019E+00 -2.2680364E+00 -2.2523007E+00
2026 07 25 16 37 00 000 7.0721183E+00 -2.2595408E+00 -2.2604094E+00
2026 07 25 16 38 00 000 7.0960493E+00 -2.2510073E+00 -2.2684796E+00
2026 07 25 16 39 00 000 7.1198974E+00 -2.2424345E+00 -2.2765117E+00
2026 07 25 16 40 00 000 7.1436620E+00 -2.2338250E+00 -2.2845061E+00
2026 07 25 16 41 00 000 7.1673446E+00 -2.2251797E+00 -2.2924616E+00
2026 07 25 16 42 00 000 7.1909456E+00 -2.2164946E+00 -2.3003802E+00
2026 07 25 16 43 00 000 7.2144637E+00 -2.2077763E+00 -2.3082607E+00
2026 07 25 16 44 00 000 7.2379017E+00 -2.1990175E+00 -2.3161035E+00
2026 07 25 16 45 00 000 7.2612576E+00 -2.1902256E+00 -2.3239076E+00
2026 07 25 16 46 00 000 7.2845335E+00 -2.1814008E+00 -2.3316743E+00
2026 07 25 16 47 00 000 7.3077307E+00 -2.1725388E+00 -2.3394032E+00
2026 07 25 16 48 00 000 7.3308458E+00 -2.1636417E+00 -2.3470943E+00
2026 07 25 16 49 00 000 7.3538833E+00 -2.1547134E+00 -2.3547473E+00
2026 07 25 16 50 00 000 7.3768406E+00 -2.1457465E+00 -2.3623641E+00
2026 07 25 16 51 00 000 7.3997188E+00 -2.1367509E+00 -2.3699415E+00
2026 07 25 16 52 00 000 7.4225192E+00 -2.1277182E+00 -2.3774822E+00
2026 07 25 16 53 00 000 7.4452434E+00 -2.1186566E+00 -2.3849840E+00
2026 07 25 16 54 00 000 7.4678879E+00 -2.1095610E+00 -2.3924491E+00
2026 07 25 16 55 00 000 7.4904556E+00 -2.1004331E+00 -2.3998766E+00
2026 07 25 16 56 00 000 7.5129480E+00 -2.0912735E+00 -2.4072659E+00
2026 07 25 16 57 00 000 7.5353622E+00 -2.0820830E+00 -2.4146185E+00
2026 07 25 16 58 00 000 7.5576997E+00 -2.0728664E+00 -2.4219313E+00
2026 07 25 16 59 00 000 7.5799627E+00 -2.0636146E+00 -2.4292088E+00
2026 07 25 17 00 00 000 7.6021509E+00 -2.0543306E+00 -2.4364491E+00
2026 07 25 17 01 00 000 7.6242628E+00 -2.0450203E+00 -2.4436510E+00
2026 07 25 17 02 00 000 7.6463003E+00 -2.0356793E+00 -2.4508150E+00
2026 07 25 17 03 00 000 7.6682634E+00 -2.0263083E+00 -2.4579427E+00
2026 07 25 17 04 00 000 7.6901517E+00 -2.0169103E+00 -2.4650321E+00
2026 07 25 17 05 00 000 7.7119675E+00 -2.0074818E+00 -2.4720855E+00
2026 07 25 17 06 00 000 7.7337093E+00 -1.9980249E+00 -2.4791009E+00
2026 07 25 17 07 00 000 7.7553773E+00 -1.9885412E+00 -2.4860790E+00
2026 07 25 17 08 00 000 7.7769732E+00 -1.9790320E+00 -2.4930189E+00
2026 07 25 17 09 00 000 7.7984982E+00 -1.9694918E+00 -2.4999230E+00
2026 07 25 17 10 00 000 7.8199472E+00 -1.9599302E+00 -2.5067875E+00
2026 07 25 17 11 00 000 7.8413258E+00 -1.9503362E+00 -2.5136180E+00
2026 07 25 17 12 00 000 7.8626332E+00 -1.9407198E+00 -2.5204093E+00
2026 07 25 17 13 00 000 7.8838701E+00 -1.9310739E+00 -2.5271645E+00
2026 07 25 17 14 00 000 7.9050345E+00 -1.9214061E+00 -2.5338814E+00
2026 07 25 17 15 00 000 7.9261303E+00 -1.9117090E+00 -2.5405629E+00
2026 07 25 17 16 00 000 7.9471531E+00 -1.9019909E+00 -2.5472062E+00
2026 07 25 17 17 00 000 7.9681067E+00 -1.8922462E+00 -2.5538130E+00
2026 07 25 17 18 00 000 7.9889908E+00 -1.8824772E+00 -2.5603826E+00
2026 07 25 17 19 00 000 8.0098057E+00 -1.8726858E+00 -2.5669153E+00
2026 07 25 17 20 00 000 8.0305510E+00 -1.8628665E+00 -2.5734112E+00
2026 07 25 17 21 00 000 8.0512266E+00 -1.8530282E+00 -2.5798697E+00
2026 07 25 17 22 00 000 8.0718346E+00 -1.8431664E+00 -2.5862918E+00
2026 07 25 17 23 00 000 8.0923738E+00 -1.8332781E+00 -2.5926778E+00
2026 07 25 17 24 00 000 8.1128445E+00 -1.8233703E+00 -2.5990262E+00
2026 07 25 17 25 00 000 8.1332474E+00 -1.8134387E+00 -2.6053388E+00
2026 07 25 17 26 00 000 8.1535826E+00 -1.8034842E+00 -2.6116142E+00
2026 07 25 17 27 00 000 8.1738520E+00 -1.7935098E+00 -2.6178527E+00
2026 07 25 17 28 00 000 8.1940527E+00 -1.7835129E+00 -2.6240542E+00
2026 07 25 17 29 00 000 8.2141867E+00 -1.7734939E+00 -2.6302204E+00
2026 07 25 17 30 00 000 8.2342539E+00 -1.7634554E+00 -2.6363497E+00
2026 07 25 17 31 00 000 8.2542553E+00 -1.7533963E+00 -2.6424422E+00
2026 07 25 17 32 00 000 8.2741909E+00 -1.7433163E+00 -2.6484985E+00
2026 07 25 17 33 00 000 8.2940598E+00 -1.7332177E+00 -2.6545177E+00
2026 07 25 17 34 00 000 8.3138638E+00 -1.7230983E+00 -2.6605012E+00
2026 07 25 17 35 00 000 8.3336029E+00 -1.7129592E+00 -2.6664479E+00
2026 07 25 17 36 00 000 8.3532772E+00 -1.7028005E+00 -2.6723599E+00
2026 07 25 17 37 00 000 8.3728857E+00 -1.6926246E+00 -2.6782334E+00
2026 07 25 17 38 00 000 8.3924303E+00 -1.6824285E+00 -2.6840723E+00
2026 07 25 17 39 00 000 8.4119101E+00 -1.6722139E+00 -2.6898744E+00
2026 07 25 17 40 00 000 8.4313259E+00 -1.6619800E+00 -2.6956406E+00
2026 07 25 17 41 00 000 8.4506788E+00 -1.6517293E+00 -2.7013710E+00
2026 07 25 17 42 00 000 8.4699669E+00 -1.6414607E+00 -2.7070649E+00
2026 07 25 17 43 00 000 8.4891920E+00 -1.6311746E+00 -2.7127242E+00
2026 07 25 17 44 00 000 8.5083542E+00 -1.6208711E+00 -2.7183459E+00
2026 07 25 17 45 00 000 8.5274544E+00 -1.6105511E+00 -2.7239327E+00
2026 07 25 17 46 00 000 8.5464907E+00 -1.6002164E+00 -2.7294829E+00
2026 07 25 17 47 00 000 8.5654640E+00 -1.5898659E+00 -2.7349973E+00
2026 07 25 17 48 00 000 8.5843754E+00 -1.5794941E+00 -2.7404771E+00
2026 07 25 17 49 00 000 8.6032257E+00 -1.5691090E+00 -2.7459211E+00
2026 07 25 17 50 00 000 8.6220131E+00 -1.5587097E+00 -2.7513287E+00
2026 07 25 17 51 00 000 8.6407404E+00 -1.5482941E+00 -2.7567012E+00
2026 07 25 17 52 00 000 8.6594048E+00 -1.5378627E+00 -2.7620382E+00
2026 07 25 17 53 00 000 8.6780090E+00 -1.5274161E+00 -2.7673397E+00
2026 07 25 17 54 00 000 8.6965532E+00 -1.5169548E+00 -2.7726059E+00
2026 07 25 17 55 00 000 8.7150345E+00 -1.5064800E+00 -2.7778368E+00
2026 07 25 17 56 00 000 8.7334557E+00 -1.4959898E+00 -2.7830324E+00
2026 07 25 17 57 00 000 8.7518177E+00 -1.4854884E+00 -2.7881923E+00
2026 07 25 17 58 00 000 8.7701197E+00 -1.4749709E+00 -2.7933171E+00
2026 07 25 17 59 00 000 8.7883625E+00 -1.4644390E+00 -2.7984076E+00
2026 07 25 18 00 00 000 8.8065443E+00 -1.4538969E+00 -2.8034623E+00
2026 07 25 18 01 00 000 8.8246660E+00 -1.4433423E+00 -2.8084815E+00
2026 07 25 18 02 00 000 8.8427286E+00 -1.4327725E+00 -2.8134675E+00
2026 07 25 18 03 00 000 8.8607330E+00 -1.4221907E+00 -2.8184173E+00
2026 07 25 18 04 00 000 8.8786783E+00 -1.4115962E+00 -2.8233328E+00
2026 07 25 18 05 00 000 8.8965645E+00 -1.4009900E+00 -2.8282132E+00
2026 07 25 18 06 00 000 8.9143934E+00 -1.3903713E+00 -2.8330595E+00
2026 07 25 18 07 00 000 8.9321623E+00 -1.3797433E+00 -2.8378701E+00
2026 07 25 18 08 00 000 8.9498758E+00 -1.3691024E+00 -2.8426476E+00
2026 07 25 18 09 00 000 8.9675293E+00 -1.3584490E+00 -2.8473890E+00
2026 07 25 18 10 00 000 8.9851246E+00 -1.3477834E+00 -2.8520977E+00
2026 07 25 18 11 00 000 9.0026636E+00 -1.3371119E+00 -2.8567708E+00
2026 07 25 18 12 00 000 9.0201454E+00 -1.3264244E+00 -2.8614106E+00
2026 07 25 18 13 00 000 9.0375700E+00 -1.3157322E+00 -2.8660150E+00
2026 07 25 18 14 00 000 9.0549374E+00 -1.3050293E+00 -2.8705854E+00
2026 07 25 18 15 00 000 9.0722475E+00 -1.2943114E+00 -2.8751225E+00
2026 07 25 18 16 00 000 9.0895023E+00 -1.2835876E+00 -2.8796256E+00
2026 07 25 18 17 00 000 9.1066990E+00 -1.2728553E+00 -2.8840935E+00
2026 07 25 18 18 00 000 9.1238394E+00 -1.2621120E+00 -2.8885288E+00
2026 07 25 18 19 00 000 9.1409245E+00 -1.2513622E+00 -2.8929291E+00
2026 07 25 18 20 00 000 9.1579542E+00 -1.2405995E+00 -2.8972974E+00
2026 07 25 18 21 00 000 9.1749277E+00 -1.2298319E+00 -2.9016304E+00
2026 07 25 18 22 00 000 9.1918449E+00 -1.2190520E+00 -2.9059308E+00
2026 07 25 18 23 00 000 9.2087078E+00 -1.2082657E+00 -2.9101973E+00
2026 07 25 18 24 00 000 9.2255154E+00 -1.1974763E+00 -2.9144294E+00
2026 07 25 18 25 00 000 9.2422676E+00 -1.1866721E+00 -2.9186294E+00
2026 07 25 18 26 00 000 9.2589655E+00 -1.1758658E+00 -2.9227951E+00
2026 07 25 18 27 00 000 9.2756081E+00 -1.1650456E+00 -2.9269288E+00
2026 07 25 18 28 00 000 9.2921963E+00 -1.1542222E+00 -2.9310296E+00
2026 07 25 18 29 00 000 9.3087301E+00 -1.1433935E+00 -2.9350963E+00
2026 07 25 18 30 00 000 9.3252087E+00 -1.1325562E+00 -2.9391301E+00
2026 07 25 18 31 00 000 9.3416367E+00 -1.1217127E+00 -2.9431307E+00
2026 07 25 18 32 00 000 9.3580074E+00 -1.1108621E+00 -2.9470990E+00
2026 07 25 18 33 00 000 9.3743248E+00 -1.1000061E+00 -2.9510348E+00
2026 07 25 18 34 00 000 9.3905897E+00 -1.0891427E+00 -2.9549372E+00
2026 07 25 18 35 00 000 9.4067993E+00 -1.0782751E+00 -2.9588077E+00
2026 07 25 18 36 00 000 9.4229584E+00 -1.0674032E+00 -2.9626451E+00
2026 07 25 18 37 00 000 9.4390631E+00 -1.0565213E+00 -2.9664507E+00
2026 07 25 18 38 00 000 9.4551144E+00 -1.0456393E+00 -2.9702227E+00
2026 07 25 18 39 00 000 9.4711132E+00 -1.0347472E+00 -2.9739645E+00
2026 07 25 18 40 00 000 9.4870596E+00 -1.0238585E+00 -2.9776723E+00
2026 07 25 18 41 00 000 9.5029545E+00 -1.0129594E+00 -2.9813483E+00
2026 07 25 18 42 00 000 9.5187960E+00 -1.0020555E+00 -2.9849930E+00
2026 07 25 18 43 00 000 9.5345840E+00 -9.9114811E-01 -2.9886055E+00
2026 07 25 18 44 00 000 9.5503216E+00 -9.8023653E-01 -2.9921861E+00
2026 07 25 18 45 00 000 9.5660067E+00 -9.6932054E-01 -2.9957354E+00
2026 07 25 18 46 00 000 9.5816393E+00 -9.5840448E-01 -2.9992516E+00
2026 07 25 18 47 00 000 9.5972223E+00 -9.4748223E-01 -3.0027375E+00
2026 07 25 18 48 00 000 9.6127520E+00 -9.3655515E-01 -3.0061922E+00
2026 07 25 18 49 00 000 9.6282310E+00 -9.2562383E-01 -3.0096154E+00
2026 07 25 18 50 00 000 9.6436596E+00 -9.1469342E-01 -3.0130069E+00
2026 07 25 18 51 00 000 9.6590357E+00 -9.0376067E-01 -3.0163670E+00
2026 07 25 18 52 00 000 9.6743622E+00 -8.9281982E-01 -3.0196967E+00
2026 07 25 18 53 00 000 9.6896372E+00 -8.8188261E-01 -3.0229948E+00
2026 07 25 18 54 00 000 9.7048635E+00 -8.7093818E-01 -3.0262625E+00
2026 07 25 18 55 00 000 9.7200365E+00 -8.5999244E-01 -3.0294995E+00
2026 07 25 18 56 00 000 9.7351599E+00 -8.4904838E-01 -3.0327046E+00
2026 07 25 18 57 00 000 9.7502337E+00 -8.3810008E-01 -3.0358801E+00
2026 07 25 18 58 00 000 9.7652588E+00 -8.2714987E-01 -3.0390248E+00
2026 07 25 18 59 00 000 9.7802305E+00 -8.1619567E-01 -3.0421395E+00
2026 07 25 19 00 00 000 9.7951555E+00 -8.0524528E-01 -3.0452230E+00
2026 07 25 19 01 00 000 9.8100138E+00 -7.9429954E-01 -3.0483196E+00
2026 07 25 19 02 00 000 9.8248386E+00 -7.8334212E-01 -3.0513437E+00
2026 07 25 19 03 00 000 9.8396130E+00 -7.7238613E-01 -3.0543370E+00
2026 07 25 19 04 00 000 9.8543396E+00 -7.6143259E-01 -3.0573006E+00
2026 07 25 19 05 00 000 9.8690157E+00 -7.5047511E-01 -3.0602336E+00
2026 07 25 19 06 00 000 9.8836441E+00 -7.3951900E-01 -3.0631380E+00
2026 07 25 19 07 00 000 9.8982220E+00 -7.2856140E-01 -3.0660124E+00
2026 07 25 19 08 00 000 9.9127522E+00 -7.1760327E-01 -3.0688579E+00
2026 07 25 19 09 00 000 9.9272327E+00 -7.0664316E-01 -3.0716734E+00
2026 07 25 19 10 00 000 9.9416666E+00 -6.9568878E-01 -3.0744591E+00
2026 07 25 19 11 00 000 9.9560509E+00 -6.8473512E-01 -3.0772157E+00
2026 07 25 19 12 00 000 9.9703875E+00 -6.7377985E-01 -3.0799432E+00
2026 07 25 19 13 00 000 9.9846745E+00 -6.6282445E-01 -3.0826416E+00
2026 07 25 19 14 00 000 9.9989138E+00 -6.5186787E-01 -3.0853121E+00
2026 07 25 19 15 00 000 1.0013106E+01 -6.4091760E-01 -3.0879529E+00
2026 07 25 19 16 00 000 1.0027250E+01 -6.2996304E-01 -3.0905657E+00
2026 07 25 19 17 00 000 1.0041347E+01 -6.1901480E-01 -3.0931482E+00
2026 07 25 19 18 00 000 1.0055396E+01 -6.0806894E-01 -3.0957031E+00
2026 07 25 19 19 00 000 1.0069396E+01 -5.9711826E-01 -3.0982308E+00
2026 07 25 19 20 00 000 1.0083351E+01 -5.8617359E-01 -3.1007290E+00
2026 07 25 19 21 00 000 1.0097259E+01 -5.7523280E-01 -3.1031990E+00
2026 07 25 19 22 00 000 1.0111117E+01 -5.6429064E-01 -3.1056411E+00
2026 07 25 19 23 00 000 1.0124930E+01 -5.5335462E-01 -3.1080549E+00
2026 07 25 19 24 00 000 1.0138697E+01 -5.4241478E-01 -3.1104414E+00
2026 07 25 19 25 00 000 1.0152416E+01 -5.3148109E-01 -3.1128006E+00
2026 07 25 19 26 00 000 1.0166088E+01 -5.2055103E-01 -3.1151307E+00
2026 07 25 19 27 00 000 1.0179714E+01 -5.0962019E-01 -3.1174340E+00
2026 07 25 19 28 00 000 1.0193294E+01 -4.9869928E-01 -3.1197104E+00
2026 07 25 19 29 00 000 1.0206826E+01 -4.8777455E-01 -3.1219590E+00
2026 07 25 19 30 00 000 1.0220313E+01 -4.7685465E-01 -3.1241808E+00
2026 07 25 19 31 00 000 1.0233754E+01 -4.6594098E-01 -3.1263750E+00
2026 07 25 19 32 00 000 1.0247149E+01 -4.5502502E-01 -3.1285427E+00
2026 07 25 19 33 00 000 1.0260499E+01 -4.4411930E-01 -3.1306822E+00
2026 07 25 19 34 00 000 1.0273801E+01 -4.3321350E-01 -3.1327972E+00
2026 07 25 19 35 00 000 1.0287059E+01 -4.2231205E-01 -3.1348839E+00
2026 07 25 19 36 00 000 1.0300270E+01 -4.1141418E-01 -3.1369450E+00
2026 07 25 19 37 00 000 1.0313437E+01 -4.0052104E-01 -3.1389794E+00
2026 07 25 19 38 00 000 1.0326558E+01 -3.8963199E-01 -3.1409874E+00
2026 07 25 19 39 00 000 1.0339633E+01 -3.7874967E-01 -3.1429687E+00
2026 07 25 19 40 00 000 1.0352664E+01 -3.6786899E-01 -3.1449249E+00
2026 07 25 19 41 00 000 1.0365650E+01 -3.5699081E-01 -3.1468546E+00
2026 07 25 19 42 00 000 1.0378591E+01 -3.4612325E-01 -3.1487589E+00
2026 07 25 19 43 00 000 1.0391486E+01 -3.3525988E-01 -3.1506369E+00
2026 07 25 19 44 00 000 1.0404338E+01 -3.2439554E-01 -3.1524899E+00
2026 07 25 19 45 00 000 1.0417144E+01 -3.1354284E-01 -3.1543171E+00
2026 07 25 19 46 00 000 1.0429906E+01 -3.0269191E-01 -3.1561191E+00
2026 07 25 19 47 00 000 1.0442623E+01 -2.9184693E-01 -3.1578960E+00
2026 07 25 19 48 00 000 1.0455297E+01 -2.8100437E-01 -3.1596477E+00
2026 07 25 19 49 00 000 1.0467925E+01 -2.7017319E-01 -3.1613743E+00
2026 07 25 19 50 00 000 1.0480510E+01 -2.5934666E-01 -3.1630754E+00
2026 07 25 19 51 00 000 1.0493051E+01 -2.4852191E-01 -3.1647525E+00
2026 07 25 19 52 00 000 1.0505547E+01 -2.3770775E-01 -3.1664052E+00
2026 07 25 19 53 00 000 1.0517999E+01 -2.2689444E-01 -3.1680329E+00
2026 07 25 19 54 00 000 1.0530408E+01 -2.1609181E-01 -3.1696362E+00
2026 07 25 19 55 00 000 1.0542774E+01 -2.0529222E-01 -3.1712155E+00
2026 07 25 19 56 00 000 1.0555095E+01 -1.9450258E-01 -3.1727703E+00
2026 07 25 19 57 00 000 1.0567373E+01 -1.8372026E-01 -3.1743009E+00
2026 07 25 19 58 00 000 1.0579608E+01 -1.7293818E-01 -3.1758082E+00
2026 07 25 19 59 00 000 1.0591799E+01 -1.6216664E-01 -3.1772914E+00
2026 07 25 20 00 00 000 1.0603947E+01 -1.5140441E-01 -3.1787512E+00
2026 07 25 20 01 00 000 1.0616051E+01 -1.4064537E-01 -3.1801865E+00
2026 07 25 20 02 00 000 1.0628115E+01 -1.2989181E-01 -3.1815999E+00
2026 07 25 20 03 00 000 1.0640133E+01 -1.1915061E-01 -3.1829882E+00
2026 07 25 20 04 00 000 1.0652109E+01 -1.0841620E-01 -3.1843545E+00
2026 07 25 20 05 00 000 1.0664042E+01 -9.7684301E-02 -3.1856978E+00
2026 07 25 20 06 00 000 1.0675934E+01 -8.6964838E-02 -3.1870172E+00
2026 07 25 20 07 00 000 1.0687780E+01 -7.6247923E-02 -3.1883149E+00
2026 07 25 20 08 00 000 1.0699587E+01 -6.5543175E-02 -3.1895893E+00
2026 07 25 20 09 00 000 1.0711349E+01 -5.4842487E-02 -3.1908412E+00
2026 07 25 20 10 00 000 1.0723070E+01 -4.4156421E-02 -3.1920705E+00
2026 07 25 20 11 00 000 1.0734749E+01 -3.3472214E-02 -3.1932776E+00
2026 07 25 20 12 00 000 1.0746385E+01 -2.2797162E-02 -3.1944623E+00
2026 07 25 20 13 00 000 1.0757979E+01 -1.2126558E-02 -3.1956258E+00
2026 07 25 20 14 00 000 1.0769530E+01 -1.4705152E-03 -3.1967661E+00
2026 07 25 20 15 00 000 1.0781043E+01 9.1800289E-03 -3.1978848E+00
2026 07 25 20 16 00 000 1.0792509E+01 1.9822735E-02 -3.1989827E+00
2026 07 25 20 17 00 000 1.0803937E+01 3.0456284E-02 -3.2000585E+00
2026 07 25 20 18 00 000 1.0815322E+01 4.1081518E-02 -3.2011127E+00
2026 07 25 20 19 00 000 1.0826665E+01 5.1697996E-02 -3.2021458E+00
2026 07 25 20 20 00 000 1.0837967E+01 6.2305234E-02 -3.2031579E+00
2026 07 25 20 21 00 000 1.0849227E+01 7.2900906E-02 -3.2041481E+00
2026 07 25 20 22 00 000 1.0860447E+01 8.3491705E-02 -3.2051182E+00
2026 07 25 20 23 00 000 1.0871623E+01 9.4072312E-02 -3.2060668E+00
2026 07 25 20 24 00 000 1.0882761E+01 1.0464747E-01 -3.2069955E+00
2026 07 25 20 25 00 000 1.0893855E+01 1.1520483E-01 -3.2079022E+00
2026 07 25 20 26 00 000 1.0904910E+01 1.2575822E-01 -3.2087898E+00
2026 07 25 20 27 00 000 1.0915921E+01 1.3630190E-01 -3.2096560E+00
2026 07 25 20 28 00 000 1.0926895E+01 1.4683600E-01 -3.2105029E+00
2026 07 25 20 29 00 000 1.0937827E+01 1.5736109E-01 -3.2113302E+00
2026 07 25 20 30 00 000 1.0948718E+01 1.6787723E-01 -3.2121365E+00
2026 07 25 20 31 00 000 1.0959568E+01 1.7838274E-01 -3.2129238E+00
2026 07 25 20 32 00 000 1.0970377E+01 1.8887343E-01 -3.2136900E+00
2026 07 25 20 33 00 000 1.0981145E+01 1.9936192E-01 -3.2144375E+00
2026 07 25 20 34 00 000 1.0991875E+01 2.0984086E-01 -3.2151659E+00
2026 07 25 20 35 00 000 1.1002563E+01 2.2030433E-01 -3.2158744E+00
2026 07 25 20 36 00 000 1.1013211E+01 2.3076351E-01 -3.2165639E+00
2026 07 25 20 37 00 000 1.1023818E+01 2.4120760E-01 -3.2172344E+00
2026 07 25 20 38 00 000 1.1034387E+01 2.5163993E-01 -3.2178857E+00
2026 07 25 20 39 00 000 1.1044913E+01 2.6206812E-01 -3.2185192E+00
2026 07 25 20 40 00 000 1.1055401E+01 2.7248102E-01 -3.2191327E+00
2026 07 25 20 41 00 000 1.1065849E+01 2.8288841E-01 -3.2197280E+00
2026 07 25 20 42 00 000 1.1076256E+01 2.9328337E-01 -3.2203054E+00
2026 07 25 20 43 00 000 1.1086625E+01 3.0366090E-01 -3.2208641E+00
2026 07 25 20 44 00 000 1.1096953E+01 3.1403601E-01 -3.2214043E+00
2026 07 25 20 45 00 000 1.1107242E+01 3.2439530E-01 -3.2219269E+00
2026 07 25 20 46 00 000 1.1117491E+01 3.3475026E-01 -3.2224312E+00
2026 07 25 20 47 00 000 1.1127699E+01 3.4508732E-01 -3.2229183E+00
2026 07 25 20 48 00 000 1.1137870E+01 3.5541484E-01 -3.2233865E+00
2026 07 25 20 49 00 000 1.1148001E+01 3.6573663E-01 -3.2238383E+00
2026 07 25 20 50 00 000 1.1158092E+01 3.7604225E-01 -3.2242723E+00
2026 07 25 20 51 00 000 1.1168145E+01 3.8633811E-01 -3.2246885E+00
2026 07 25 20 52 00 000 1.1178157E+01 3.9662725E-01 -3.2250888E+00
2026 07 25 20 53 00 000 1.1188131E+01 4.0689799E-01 -3.2254708E+00
2026 07 25 20 54 00 000 1.1198066E+01 4.1716126E-01 -3.2258365E+00
2026 07 25 20 55 00 000 1.1207961E+01 4.2741194E-01 -3.2261853E+00
2026 07 25 20 56 00 000 1.1217816E+01 4.3765232E-01 -3.2265177E+00
2026 07 25 20 57 00 000 1.1227636E+01 4.4788137E-01 -3.2268329E+00
2026 07 25 20 58 00 000 1.1237416E+01 4.5810202E-01 -3.2271323E+00
2026 07 25 20 59 00 000 1.1247156E+01 4.6830487E-01 -3.2274151E+00
2026 07 25 21 00 00 000 1.1256859E+01 4.7849923E-01 -3.2276821E+00
2026 07 25 21 01 00 000 1.1266522E+01 4.8867774E-01 -3.2279320E+00
2026 07 25 21 02 00 000 1.1276145E+01 4.9885181E-01 -3.2281671E+00
2026 07 25 21 03 00 000 1.1285733E+01 5.0901097E-01 -3.2283859E+00
2026 07 25 21 04 00 000 1.1295280E+01 5.1915395E-01 -3.2285888E+00
2026 07 25 21 05 00 000 1.1304790E+01 5.2929235E-01 -3.2287772E+00
2026 07 25 21 06 00 000 1.1314262E+01 5.3940892E-01 -3.2289486E+00
2026 07 25 21 07 00 000 1.1323694E+01 5.4951984E-01 -3.2291052E+00
2026 07 25 21 08 00 000 1.1333092E+01 5.5961859E-01 -3.2292473E+00
2026 07 25 21 09 00 000 1.1342446E+01 5.6970620E-01 -3.2293749E+00
2026 07 25 21 10 00 000 1.1351766E+01 5.7978058E-01 -3.2294862E+00
2026 07 25 21 11 00 000 1.1361048E+01 5.8984077E-01 -3.2295828E+00
2026 07 25 21 12 00 000 1.1370289E+01 5.9989262E-01 -3.2296658E+00
2026 07 25 21 13 00 000 1.1379496E+01 6.0993010E-01 -3.2297330E+00
2026 07 25 21 14 00 000 1.1388663E+01 6.1995333E-01 -3.2297864E+00
2026 07 25 21 15 00 000 1.1397793E+01 6.2996590E-01 -3.2298253E+00
2026 07 25 21 16 00 000 1.1406885E+01 6.3996732E-01 -3.2298508E+00
2026 07 25 21 17 00 000 1.1415938E+01 6.4995438E-01 -3.2298608E+00
2026 07 25 21 18 00 000 1.1424956E+01 6.5992922E-01 -3.2298577E+00
2026 07 25 21 19 00 000 1.1433936E+01 6.6989595E-01 -3.2298412E+00
2026 07 25 21 20 00 000 1.1442876E+01 6.7984295E-01 -3.2298110E+00
2026 07 25 21 21 00 000 1.1451782E+01 6.8977821E-01 -3.2297661E+00
2026 07 25 21 22 00 000 1.1460649E+01 6.9970238E-01 -3.2297084E+00
2026 07 25 21 23 00 000 1.1469480E+01 7.0961541E-01 -3.2296374E+00
2026 07 25 21 24 00 000 1.1478271E+01 7.1951467E-01 -3.2295537E+00
2026 07 25 21 25 00 000 1.1487029E+01 7.2940040E-01 -3.2294559E+00
2026 07 25 21 26 00 000 1.1495746E+01 7.3927450E-01 -3.2293460E+00
2026 07 25 21 27 00 000 1.1504427E+01 7.4913532E-01 -3.2292233E+00
2026 07 25 21 28 00 000 1.1513073E+01 7.5897992E-01 -3.2290871E+00
2026 07 25 21 29 00 000 1.1521682E+01 7.6881182E-01 -3.2289391E+00
2026 07 25 21 30 00 000 1.1530251E+01 7.7863574E-01 -3.2287781E+00
2026 07 25 21 31 00 000 1.1538785E+01 7.8844470E-01 -3.2286046E+00
2026 07 25 21 32 00 000 1.1547282E+01 7.9824042E-01 -3.2284198E+00
2026 07 25 21 33 00 000 1.1555742E+01 8.0802321E-01 -3.2282219E+00
2026 07 25 21 34 00 000 1.1564166E+01 8.1779170E-01 -3.2280123E+00
2026 07 25 21 35 00 000 1.1572554E+01 8.2754475E-01 -3.2277908E+00
2026 07 25 21 36 00 000 1.1580905E+01 8.3728790E-01 -3.2275574E+00
2026 07 25 21 37 00 000 1.1589219E+01 8.4701753E-01 -3.2273133E+00
2026 07 25 21 38 00 000 1.1597496E+01 8.5673350E-01 -3.2270567E+00
2026 07 25 21 39 00 000 1.1605738E+01 8.6643571E-01 -3.2267895E+00
2026 07 25 21 40 00 000 1.1613943E+01 8.7612569E-01 -3.2265103E+00
2026 07 25 21 41 00 000 1.1622111E+01 8.8580054E-01 -3.2262201E+00
2026 07 25 21 42 00 000 1.1630243E+01 8.9546174E-01 -3.2259190E+00
2026 07 25 21 43 00 000 1.1638339E+01 9.0511358E-01 -3.2256072E+00
2026 07 25 21 44 00 000 1.1646399E+01 9.1474903E-01 -3.2252841E+00
2026 07 25 21 45 00 000 1.1654423E+01 9.2437112E-01 -3.2249503E+00
2026 07 25 21 46 00 000 1.1662411E+01 9.3397605E-01 -3.2246058E+00
2026 07 25 21 47 00 000 1.1670364E+01 9.4357169E-01 -3.2242520E+00
2026 07 25 21 48 00 000 1.1678281E+01 9.5315361E-01 -3.2238867E+00
2026 07 25 21 49 00 000 1.1686161E+01 9.6271789E-01 -3.2235112E+00
2026 07 25 21 50 00 000 1.1694003E+01 9.7227204E-01 -3.2231269E+00
2026 07 25 21 51 00 000 1.1701812E+01 9.8181236E-01 -3.2227306E+00
2026 07 25 21 52 00 000 1.1709586E+01 9.9133587E-01 -3.2223260E+00
2026 07 25 21 53 00 000 1.1717321E+01 1.0008523E+00 -3.2219112E+00
2026 07 25 21 54 00 000 1.1725023E+01 1.0103514E+00 -3.2214863E+00
2026 07 25 21 55 00 000 1.1732690E+01 1.0198362E+00 -3.2210526E+00
2026 07 25 21 56 00 000 1.1740320E+01 1.0293095E+00 -3.2206089E+00
2026 07 25 21 57 00 000 1.1747915E+01 1.0387601E+00 -3.2201562E+00
2026 07 25 21 58 00 000 1.1755474E+01 1.0482067E+00 -3.2196941E+00
2026 07 25 21 59 00 000 1.1762997E+01 1.0576398E+00 -3.2192233E+00
2026 07 25 22 00 00 000 1.1770486E+01 1.0670537E+00 -3.2187436E+00
2026 07 25 22 01 00 000 1.1777939E+01 1.0764557E+00 -3.2182543E+00
2026 07 25 22 02 00 000 1.1785357E+01 1.0858417E+00 -3.2177567E+00
2026 07 25 22 03 00 000 1.1792739E+01 1.0952158E+00 -3.2172506E+00
2026 07 25 22 04 00 000 1.1800088E+01 1.1045762E+00 -3.2167358E+00
2026 07 25 22 05 00 000 1.1807399E+01 1.1139258E+00 -3.2162125E+00
2026 07 25 22 06 00 000 1.1814675E+01 1.1232566E+00 -3.2156813E+00
2026 07 25 22 07 00 000 1.1821918E+01 1.1325771E+00 -3.2151418E+00
2026 07 25 22 08 00 000 1.1829125E+01 1.1418761E+00 -3.2145939E+00
2026 07 25 22 09 00 000 1.1836298E+01 1.1511698E+00 -3.2140384E+00
2026 07 25 22 10 00 000 1.1843436E+01 1.1604424E+00 -3.2134750E+00
2026 07 25 22 11 00 000 1.1850537E+01 1.1697078E+00 -3.2129035E+00
2026 07 25 22 12 00 000 1.1857606E+01 1.1789572E+00 -3.2123251E+00
2026 07 25 22 13 00 000 1.1864638E+01 1.1881895E+00 -3.2117386E+00
2026 07 25 22 14 00 000 1.1871635E+01 1.1974063E+00 -3.2111442E+00
2026 07 25 22 15 00 000 1.1878599E+01 1.2066095E+00 -3.2105429E+00
2026 07 25 22 16 00 000 1.1885529E+01 1.2158027E+00 -3.2099347E+00
2026 07 25 22 17 00 000 1.1892422E+01 1.2249826E+00 -3.2093194E+00
2026 07 25 22 18 00 000 1.1899280E+01 1.2341437E+00 -3.2086973E+00
2026 07 25 22 19 00 000 1.1906105E+01 1.2432956E+00 -3.2080681E+00
2026 07 25 22 20 00 000 1.1912896E+01 1.2524271E+00 -3.2074316E+00
2026 07 25 22 21 00 000 1.1919652E+01 1.2615484E+00 -3.2067888E+00
2026 07 25 22 22 00 000 1.1926373E+01 1.2706537E+00 -3.2061398E+00
2026 07 25 22 23 00 000 1.1933063E+01 1.2797492E+00 -3.2054837E+00
2026 07 25 22 24 00 000 1.1939714E+01 1.2888248E+00 -3.2048216E+00
2026 07 25 22 25 00 000 1.1946333E+01 1.2978847E+00 -3.2041535E+00
2026 07 25 22 26 00 000 1.1952916E+01 1.3069381E+00 -3.2034788E+00
2026 07 25 22 27 00 000 1.1959466E+01 1.3159703E+00 -3.2027981E+00
2026 07 25 22 28 00 000 1.1965982E+01 1.3249947E+00 -3.2021117E+00
2026 07 25 22 29 00 000 1.1972465E+01 1.3339977E+00 -3.2014189E+00
2026 07 25 22 30 00 000 1.1978910E+01 1.3429873E+00 -3.2007213E+00
2026 07 25 22 31 00 000 1.1985326E+01 1.3519661E+00 -3.2000175E+00
2026 07 25 22 32 00 000 1.1991704E+01 1.3609291E+00 -3.1993086E+00
2026 07 25 22 33 00 000 1.1998051E+01 1.3698814E+00 -3.1985936E+00
2026 07 25 22 34 00 000 1.2004362E+01 1.3788136E+00 -3.1978738E+00
2026 07 25 22 35 00 000 1.2010640E+01 1.3877349E+00 -3.1971486E+00
2026 07 25 22 36 00 000 1.2016883E+01 1.3966409E+00 -3.1964180E+00
2026 07 25 22 37 00 000 1.2023094E+01 1.4055334E+00 -3.1956823E+00
2026 07 25 22 38 00 000 1.2029269E+01 1.4144107E+00 -3.1949425E+00
2026 07 25 22 39 00 000 1.2035413E+01 1.4232713E+00 -3.1941974E+00
2026 07 25 22 40 00 000 1.2041521E+01 1.4321232E+00 -3.1934471E+00
2026 07 25 22 41 00 000 1.2047596E+01 1.4409553E+00 -3.1926925E+00
2026 07 25 22 42 00 000 1.2053637E+01 1.4497777E+00 -3.1919341E+00
2026 07 25 22 43 00 000 1.2059646E+01 1.4585814E+00 -3.1911705E+00
2026 07 25 22 44 00 000 1.2065619E+01 1.4673697E+00 -3.1904025E+00
2026 07 25 22 45 00 000 1.2071560E+01 1.4761505E+00 -3.1896303E+00
2026 07 25 22 46 00 000 1.2077468E+01 1.4849093E+00 -3.1888545E+00
2026 07 25 22 47 00 000 1.2083342E+01 1.4936613E+00 -3.1880739E+00
2026 07 25 22 48 00 000 1.2089182E+01 1.5023962E+00 -3.1872897E+00
2026 07 25 22 49 00 000 1.2094990E+01 1.5111147E+00 -3.1865017E+00
2026 07 25 22 50 00 000 1.2100763E+01 1.5198168E+00 -3.1857097E+00
2026 07 25 22 51 00 000 1.2106503E+01 1.5285074E+00 -3.1849148E+00
2026 07 25 22 52 00 000 1.2112211E+01 1.5371846E+00 -3.1841152E+00
2026 07 25 22 53 00 000 1.2117883E+01 1.5458432E+00 -3.1833131E+00
2026 07 25 22 54 00 000 1.2123524E+01 1.5544938E+00 -3.1825070E+00
2026 07 25 22 55 00 000 1.2129132E+01 1.5631243E+00 -3.1816976E+00
2026 07 25 22 56 00 000 1.2134706E+01 1.5717438E+00 -3.1808848E+00
2026 07 25 22 57 00 000 1.2140246E+01 1.5803475E+00 -3.1800694E+00
2026 07 25 22 58 00 000 1.2145755E+01 1.5889411E+00 -3.1792507E+00
2026 07 25 22 59 00 000 1.2151230E+01 1.5975136E+00 -3.1784291E+00
2026 07 25 23 00 00 000 1.2156673E+01 1.6060731E+00 -3.1776049E+00
2026 07 25 23 01 00 000 1.2162082E+01 1.6146225E+00 -3.1767776E+00
2026 07 25 23 02 00 000 1.2167457E+01 1.6231530E+00 -3.1759479E+00
2026 07 25 23 03 00 000 1.2172801E+01 1.6316739E+00 -3.1751153E+00
2026 07 25 23 04 00 000 1.2178109E+01 1.6401752E+00 -3.1742809E+00
2026 07 25 23 05 00 000 1.2183389E+01 1.6486642E+00 -3.1734438E+00
2026 07 25 23 06 00 000 1.2188633E+01 1.6571404E+00 -3.1726036E+00
2026 07 25 23 07 00 000 1.2193845E+01 1.6656002E+00 -3.1717622E+00
2026 07 25 23 08 00 000 1.2199023E+01 1.6740474E+00 -3.1709182E+00
2026 07 25 23 09 00 000 1.2204168E+01 1.6824797E+00 -3.1700723E+00
2026 07 25 23 10 00 000 1.2209282E+01 1.6908983E+00 -3.1692238E+00
2026 07 25 23 11 00 000 1.2214365E+01 1.6992989E+00 -3.1683745E+00
2026 07 25 23 12 00 000 1.2219412E+01 1.7076867E+00 -3.1675236E+00
2026 07 25 23 13 00 000 1.2224427E+01 1.7160622E+00 -3.1666698E+00
2026 07 25 23 14 00 000 1.2229411E+01 1.7244195E+00 -3.1658151E+00
2026 07 25 23 15 00 000 1.2234362E+01 1.7327684E+00 -3.1649580E+00
2026 07 25 23 16 00 000 1.2239280E+01 1.7410977E+00 -3.1641002E+00
2026 07 25 23 17 00 000 1.2244166E+01 1.7494148E+00 -3.1632409E+00
2026 07 25 23 18 00 000 1.2249021E+01 1.7577187E+00 -3.1623800E+00
2026 07 25 23 19 00 000 1.2253839E+01 1.7660079E+00 -3.1615186E+00
2026 07 25 23 20 00 000 1.2258628E+01 1.7742813E+00 -3.1606553E+00
2026 07 25 23 21 00 000 1.2263385E+01 1.7825398E+00 -3.1597917E+00
2026 07 25 23 22 00 000 1.2268107E+01 1.7907882E+00 -3.1589262E+00
2026 07 25 23 23 00 000 1.2272799E+01 1.7990196E+00 -3.1580606E+00
2026 07 25 23 24 00 000 1.2277457E+01 1.8072370E+00 -3.1571941E+00
2026 07 25 23 25 00 000 1.2282085E+01 1.8154379E+00 -3.1563265E+00
2026 07 25 23 26 00 000 1.2286680E+01 1.8236297E+00 -3.1554587E+00
2026 07 25 23 27 00 000 1.2291243E+01 1.8318015E+00 -3.1545894E+00
2026 07 25 23 28 00 000 1.2295773E+01 1.8399651E+00 -3.1537209E+00
2026 07 25 23 29 00 000 1.2300272E+01 1.8481100E+00 -3.1528513E+00
2026 07 25 23 30 00 000 1.2304736E+01 1.8562415E+00 -3.1519816E+00
2026 07 25 23 31 00 000 1.2309172E+01 1.8643565E+00 -3.1511116E+00
2026 07 25 23 32 00 000 1.2313574E+01 1.8724600E+00 -3.1502411E+00
2026 07 25 23 33 00 000 1.2317942E+01 1.8805499E+00 -3.1493709E+00
2026 07 25 23 34 00 000 1.2322282E+01 1.8886261E+00 -3.1485007E+00
2026 07 25 23 35 00 000 1.2326589E+01 1.8966864E+00 -3.1476300E+00
2026 07 25 23 36 00 000 1.2330862E+01 1.9047338E+00 -3.1467597E+00
2026 07 25 23 37 00 000 1.2335104E+01 1.9127636E+00 -3.1458895E+00
2026 07 25 23 38 00 000 1.2339314E+01 1.9207854E+00 -3.1450195E+00
2026 07 25 23 39 00 000 1.2343493E+01 1.9287868E+00 -3.1441505E+00
2026 07 25 23 40 00 000 1.2347637E+01 1.9367797E+00 -3.1432815E+00
2026 07 25 23 41 00 000 1.2351752E+01 1.9447533E+00 -3.1424129E+00
2026 07 25 23 42 00 000 1.2355835E+01 1.9527131E+00 -3.1415451E+00
2026 07 25 23 43 00 000 1.2359887E+01 1.9606650E+00 -3.1406772E+00
2026 07 25 23 44 00 000 1.2363907E+01 1.9686019E+00 -3.1398108E+00
2026 07 25 23 45 00 000 1.2367895E+01 1.9765158E+00 -3.1389451E+00
2026 07 25 23 46 00 000 1.2371851E+01 1.9844221E+00 -3.1380796E+00
2026 07 25 23 47 00 000 1.2375775E+01 1.9923174E+00 -3.1372156E+00
2026 07 25 23 48 00 000 1.2379668E+01 2.0001922E+00 -3.1363523E+00
2026 07 25 23 49 00 000 1.2383529E+01 2.0080597E+00 -3.1354907E+00
2026 07 25 23 50 00 000 1.2387357E+01 2.0159073E+00 -3.1346297E+00
2026 07 25 23 51 00 000 1.2391156E+01 2.0237412E+00 -3.1337695E+00
2026 07 25 23 52 00 000 1.2394924E+01 2.0315642E+00 -3.1329103E+00
2026 07 25 23 53 00 000 1.2398658E+01 2.0393727E+00 -3.1320534E+00
2026 07 25 23 54 00 000 1.2402362E+01 2.0471671E+00 -3.1311979E+00
2026 07 25 23 55 00 000 1.2406035E+01 2.0549438E+00 -3.1303427E+00
2026 07 25 23 56 00 000 1.2409674E+01 2.0627136E+00 -3.1294901E+00
2026 07 25 23 57 00 000 1.2413284E+01 2.0704622E+00 -3.1286390E+00
2026 07 25 23 58 00 000 1.2416863E+01 2.0781980E+00 -3.1277888E+00
2026 07 25 23 59 00 000 1.2420408E+01 2.0859261E+00 -3.1269410E+00
