Created with swmf_orbit_fetch.py on 2026-10-08 15:5254

#COOR
GSM

#START
2026 07 23 00 00 00 000 7.6264844E+00 -1.8772879E+00 -2.5602469E+00
2026 07 23 00 01 00 000 7.6487398E+00 -1.8699124E+00 -2.5635900E+00
2026 07 23 00 02 00 000 7.6709208E+00 -1.8625299E+00 -2.5669069E+00
2026 07 23 00 03 00 000 7.6930280E+00 -1.8551368E+00 -2.5701966E+00
2026 07 23 00 04 00 000 7.7150602E+00 -1.8477379E+00 -2.5734606E+00
2026 07 23 00 05 00 000 7.7370186E+00 -1.8403312E+00 -2.5766983E+00
2026 07 23 00 06 00 000 7.7589049E+00 -1.8329145E+00 -2.5799105E+00
2026 07 23 00 07 00 000 7.7807188E+00 -1.8254876E+00 -2.5830960E+00
2026 07 23 00 08 00 000 7.8024583E+00 -1.8180586E+00 -2.5862563E+00
2026 07 23 00 09 00 000 7.8241258E+00 -1.8106189E+00 -2.5893915E+00
2026 07 23 00 10 00 000 7.8457217E+00 -1.8031726E+00 -2.5925024E+00
2026 07 23 00 11 00 000 7.8672457E+00 -1.7957221E+00 -2.5955880E+00
2026 07 23 00 12 00 000 7.8886981E+00 -1.7882613E+00 -2.5986493E+00
2026 07 23 00 13 00 000 7.9100790E+00 -1.7807962E+00 -2.6016855E+00
2026 07 23 00 14 00 000 7.9313908E+00 -1.7733210E+00 -2.6046987E+00
2026 07 23 00 15 00 000 7.9526296E+00 -1.7658454E+00 -2.6076870E+00
2026 07 23 00 16 00 000 7.9737992E+00 -1.7583586E+00 -2.6106515E+00
2026 07 23 00 17 00 000 7.9948988E+00 -1.7508667E+00 -2.6135936E+00
2026 07 23 00 18 00 000 8.0159273E+00 -1.7433721E+00 -2.6165111E+00
2026 07 23 00 19 00 000 8.0368881E+00 -1.7358692E+00 -2.6194065E+00
2026 07 23 00 20 00 000 8.0577793E+00 -1.7283599E+00 -2.6222782E+00
2026 07 23 00 21 00 000 8.0786018E+00 -1.7208463E+00 -2.6251280E+00
2026 07 23 00 22 00 000 8.0993538E+00 -1.7133281E+00 -2.6279550E+00
2026 07 23 00 23 00 000 8.1200399E+00 -1.7058058E+00 -2.6307597E+00
2026 07 23 00 24 00 000 8.1406565E+00 -1.6982769E+00 -2.6335425E+00
2026 07 23 00 25 00 000 8.1612062E+00 -1.6907421E+00 -2.6363034E+00
2026 07 23 00 26 00 000 8.1816874E+00 -1.6832081E+00 -2.6390419E+00
2026 07 23 00 27 00 000 8.2021008E+00 -1.6756648E+00 -2.6417596E+00
2026 07 23 00 28 00 000 8.2224483E+00 -1.6681178E+00 -2.6444561E+00
2026 07 23 00 29 00 000 8.2427292E+00 -1.6605664E+00 -2.6471312E+00
2026 07 23 00 30 00 000 8.2629414E+00 -1.6530132E+00 -2.6497855E+00
2026 07 23 00 31 00 000 8.2830887E+00 -1.6454542E+00 -2.6524198E+00
2026 07 23 00 32 00 000 8.3031702E+00 -1.6378926E+00 -2.6550319E+00
2026 07 23 00 33 00 000 8.3231850E+00 -1.6303279E+00 -2.6576247E+00
2026 07 23 00 34 00 000 8.3431349E+00 -1.6227601E+00 -2.6601977E+00
2026 07 23 00 35 00 000 8.3630199E+00 -1.6151866E+00 -2.6627500E+00
2026 07 23 00 36 00 000 8.3828402E+00 -1.6076105E+00 -2.6652822E+00
2026 07 23 00 37 00 000 8.4025936E+00 -1.6000304E+00 -2.6677961E+00
2026 07 23 00 38 00 000 8.4222832E+00 -1.5924497E+00 -2.6702905E+00
2026 07 23 00 39 00 000 8.4419107E+00 -1.5848622E+00 -2.6727643E+00
2026 07 23 00 40 00 000 8.4614697E+00 -1.5772798E+00 -2.6752200E+00
2026 07 23 00 41 00 000 8.4809675E+00 -1.5696867E+00 -2.6776564E+00
2026 07 23 00 42 00 000 8.5004025E+00 -1.5620931E+00 -2.6800745E+00
2026 07 23 00 43 00 000 8.5197716E+00 -1.5545011E+00 -2.6824737E+00
2026 07 23 00 44 00 000 8.5390787E+00 -1.5469030E+00 -2.6848552E+00
2026 07 23 00 45 00 000 8.5583229E+00 -1.5393033E+00 -2.6872180E+00
2026 07 23 00 46 00 000 8.5775023E+00 -1.5317053E+00 -2.6895626E+00
2026 07 23 00 47 00 000 8.5966234E+00 -1.5240983E+00 -2.6918898E+00
2026 07 23 00 48 00 000 8.6156788E+00 -1.5164944E+00 -2.6941993E+00
2026 07 23 00 49 00 000 8.6346741E+00 -1.5088868E+00 -2.6964912E+00
2026 07 23 00 50 00 000 8.6536064E+00 -1.5012767E+00 -2.6987658E+00
2026 07 23 00 51 00 000 8.6724758E+00 -1.4936680E+00 -2.7010231E+00
2026 07 23 00 52 00 000 8.6912851E+00 -1.4860584E+00 -2.7032633E+00
2026 07 23 00 53 00 000 8.7100334E+00 -1.4784434E+00 -2.7054875E+00
2026 07 23 00 54 00 000 8.7287188E+00 -1.4708309E+00 -2.7076943E+00
2026 07 23 00 55 00 000 8.7473450E+00 -1.4632167E+00 -2.7098846E+00
2026 07 23 00 56 00 000 8.7659111E+00 -1.4555995E+00 -2.7120593E+00
2026 07 23 00 57 00 000 8.7844152E+00 -1.4479835E+00 -2.7142174E+00
2026 07 23 00 58 00 000 8.8028612E+00 -1.4403642E+00 -2.7163591E+00
2026 07 23 00 59 00 000 8.8212442E+00 -1.4327464E+00 -2.7184854E+00
2026 07 23 01 00 00 000 8.8395691E+00 -1.4251252E+00 -2.7205966E+00
2026 07 23 01 01 00 000 8.8578339E+00 -1.4175066E+00 -2.7226915E+00
2026 07 23 01 02 00 000 8.8760395E+00 -1.4098825E+00 -2.7247715E+00
2026 07 23 01 03 00 000 8.8941860E+00 -1.4022640E+00 -2.7268357E+00
2026 07 23 01 04 00 000 8.9122734E+00 -1.3946418E+00 -2.7288857E+00
2026 07 23 01 05 00 000 8.9303017E+00 -1.3870187E+00 -2.7309203E+00
2026 07 23 01 06 00 000 8.9482718E+00 -1.3793962E+00 -2.7329400E+00
2026 07 23 01 07 00 000 8.9661837E+00 -1.3717718E+00 -2.7349455E+00
2026 07 23 01 08 00 000 8.9840345E+00 -1.3641536E+00 -2.7369361E+00
2026 07 23 01 09 00 000 9.0018291E+00 -1.3565301E+00 -2.7389128E+00
2026 07 23 01 10 00 000 9.0195675E+00 -1.3489076E+00 -2.7408755E+00
2026 07 23 01 11 00 000 9.0372467E+00 -1.3412865E+00 -2.7428243E+00
2026 07 23 01 12 00 000 9.0548668E+00 -1.3336654E+00 -2.7447586E+00
2026 07 23 01 13 00 000 9.0724306E+00 -1.3260436E+00 -2.7466795E+00
2026 07 23 01 14 00 000 9.0899391E+00 -1.3184215E+00 -2.7485867E+00
2026 07 23 01 15 00 000 9.1073875E+00 -1.3108045E+00 -2.7504807E+00
2026 07 23 01 16 00 000 9.1247807E+00 -1.3031834E+00 -2.7523615E+00
2026 07 23 01 17 00 000 9.1421175E+00 -1.2955654E+00 -2.7542298E+00
2026 07 23 01 18 00 000 9.1593971E+00 -1.2879456E+00 -2.7560842E+00
2026 07 23 01 19 00 000 9.1766205E+00 -1.2803267E+00 -2.7579262E+00
2026 07 23 01 20 00 000 9.1937885E+00 -1.2727106E+00 -2.7597556E+00
2026 07 23 01 21 00 000 9.2108994E+00 -1.2650934E+00 -2.7615726E+00
2026 07 23 01 22 00 000 9.2279549E+00 -1.2574791E+00 -2.7633767E+00
2026 07 23 01 23 00 000 9.2449551E+00 -1.2498660E+00 -2.7651684E+00
2026 07 23 01 24 00 000 9.2618990E+00 -1.2422525E+00 -2.7669485E+00
2026 07 23 01 25 00 000 9.2787886E+00 -1.2346386E+00 -2.7687163E+00
2026 07 23 01 26 00 000 9.2956228E+00 -1.2270294E+00 -2.7704728E+00
2026 07 23 01 27 00 000 9.3124008E+00 -1.2194204E+00 -2.7722166E+00
2026 07 23 01 28 00 000 9.3291264E+00 -1.2118107E+00 -2.7739499E+00
2026 07 23 01 29 00 000 9.3457966E+00 -1.2042036E+00 -2.7756712E+00
2026 07 23 01 30 00 000 9.3624115E+00 -1.1965965E+00 -2.7773814E+00
2026 07 23 01 31 00 000 9.3789711E+00 -1.1889952E+00 -2.7790802E+00
2026 07 23 01 32 00 000 9.3954782E+00 -1.1813916E+00 -2.7807677E+00
2026 07 23 01 33 00 000 9.4119310E+00 -1.1737901E+00 -2.7824450E+00
2026 07 23 01 34 00 000 9.4283276E+00 -1.1661925E+00 -2.7841108E+00
2026 07 23 01 35 00 000 9.4446735E+00 -1.1585943E+00 -2.7857664E+00
2026 07 23 01 36 00 000 9.4609652E+00 -1.1509970E+00 -2.7874117E+00
2026 07 23 01 37 00 000 9.4772034E+00 -1.1434022E+00 -2.7890463E+00
2026 07 23 01 38 00 000 9.4933882E+00 -1.1358105E+00 -2.7906704E+00
2026 07 23 01 39 00 000 9.5095196E+00 -1.1282185E+00 -2.7922847E+00
2026 07 23 01 40 00 000 9.5255985E+00 -1.1206305E+00 -2.7938888E+00
2026 07 23 01 41 00 000 9.5416241E+00 -1.1130430E+00 -2.7954831E+00
2026 07 23 01 42 00 000 9.5575972E+00 -1.1054562E+00 -2.7970674E+00
2026 07 23 01 43 00 000 9.5735178E+00 -1.0978742E+00 -2.7986422E+00
2026 07 23 01 44 00 000 9.5893860E+00 -1.0902957E+00 -2.8002074E+00
2026 07 23 01 45 00 000 9.6052017E+00 -1.0827181E+00 -2.8017628E+00
2026 07 23 01 46 00 000 9.6209660E+00 -1.0751407E+00 -2.8033102E+00
2026 07 23 01 47 00 000 9.6366787E+00 -1.0675640E+00 -2.8048472E+00
2026 07 23 01 48 00 000 9.6523380E+00 -1.0599933E+00 -2.8063750E+00
2026 07 23 01 49 00 000 9.6679468E+00 -1.0524226E+00 -2.8078947E+00
2026 07 23 01 50 00 000 9.6835041E+00 -1.0448544E+00 -2.8094058E+00
2026 07 23 01 51 00 000 9.6990099E+00 -1.0372928E+00 -2.8109069E+00
2026 07 23 01 52 00 000 9.7144651E+00 -1.0297289E+00 -2.8124003E+00
2026 07 23 01 53 00 000 9.7298689E+00 -1.0221676E+00 -2.8138850E+00
2026 07 23 01 54 00 000 9.7452211E+00 -1.0146086E+00 -2.8153617E+00
2026 07 23 01 55 00 000 9.7605219E+00 -1.0070567E+00 -2.8168292E+00
2026 07 23 01 56 00 000 9.7757721E+00 -9.9950022E-01 -2.8182898E+00
2026 07 23 01 57 00 000 9.7909746E+00 -9.9195182E-01 -2.8197415E+00
2026 07 23 01 58 00 000 9.8061228E+00 -9.8440778E-01 -2.8211854E+00
2026 07 23 01 59 00 000 9.8212223E+00 -9.7686112E-01 -2.8226218E+00
2026 07 23 02 00 00 000 9.8362722E+00 -9.6931595E-01 -2.8240504E+00
2026 07 23 02 01 00 000 9.8512716E+00 -9.6177816E-01 -2.8254716E+00
2026 07 23 02 02 00 000 9.8662214E+00 -9.5424211E-01 -2.8268852E+00
2026 07 23 02 03 00 000 9.8811216E+00 -9.4670683E-01 -2.8282909E+00
2026 07 23 02 04 00 000 9.8959713E+00 -9.3917483E-01 -2.8296907E+00
2026 07 23 02 05 00 000 9.9107714E+00 -9.3164676E-01 -2.8310819E+00
2026 07 23 02 06 00 000 9.9255228E+00 -9.2412353E-01 -2.8324666E+00
2026 07 23 02 07 00 000 9.9402237E+00 -9.1659945E-01 -2.8338439E+00
2026 07 23 02 08 00 000 9.9548769E+00 -9.0908080E-01 -2.8352149E+00
2026 07 23 02 09 00 000 9.9694805E+00 -9.0156269E-01 -2.8365798E+00
2026 07 23 02 10 00 000 9.9840364E+00 -8.9404756E-01 -2.8379369E+00
2026 07 23 02 11 00 000 9.9985418E+00 -8.8654077E-01 -2.8392873E+00
2026 07 23 02 12 00 000 1.0012999E+01 -8.7903172E-01 -2.8406324E+00
2026 07 23 02 13 00 000 1.0027408E+01 -8.7152600E-01 -2.8419707E+00
2026 07 23 02 14 00 000 1.0041769E+01 -8.6402392E-01 -2.8433027E+00
2026 07 23 02 15 00 000 1.0056081E+01 -8.5652846E-01 -2.8446283E+00
2026 07 23 02 16 00 000 1.0070344E+01 -8.4903181E-01 -2.8459480E+00
2026 07 23 02 17 00 000 1.0084560E+01 -8.4153813E-01 -2.8472624E+00
2026 07 23 02 18 00 000 1.0098728E+01 -8.3404785E-01 -2.8485708E+00
2026 07 23 02 19 00 000 1.0112849E+01 -8.2656306E-01 -2.8498728E+00
2026 07 23 02 20 00 000 1.0126921E+01 -8.1908178E-01 -2.8511691E+00
2026 07 23 02 21 00 000 1.0140945E+01 -8.1160039E-01 -2.8524606E+00
2026 07 23 02 22 00 000 1.0154922E+01 -8.0412358E-01 -2.8537462E+00
2026 07 23 02 23 00 000 1.0168853E+01 -7.9665190E-01 -2.8550265E+00
2026 07 23 02 24 00 000 1.0182734E+01 -7.8918314E-01 -2.8563013E+00
2026 07 23 02 25 00 000 1.0196570E+01 -7.8171360E-01 -2.8575718E+00
2026 07 23 02 26 00 000 1.0210360E+01 -7.7425265E-01 -2.8588364E+00
2026 07 23 02 27 00 000 1.0224101E+01 -7.6679248E-01 -2.8600965E+00
2026 07 23 02 28 00 000 1.0237795E+01 -7.5933504E-01 -2.8613508E+00
2026 07 23 02 29 00 000 1.0251444E+01 -7.5188339E-01 -2.8626006E+00
2026 07 23 02 30 00 000 1.0265044E+01 -7.4443537E-01 -2.8638458E+00
2026 07 23 02 31 00 000 1.0278599E+01 -7.3698479E-01 -2.8650875E+00
2026 07 23 02 32 00 000 1.0292108E+01 -7.2954494E-01 -2.8663230E+00
2026 07 23 02 33 00 000 1.0305570E+01 -7.2210687E-01 -2.8675544E+00
2026 07 23 02 34 00 000 1.0318986E+01 -7.1466756E-01 -2.8687823E+00
2026 07 23 02 35 00 000 1.0332356E+01 -7.0723432E-01 -2.8700054E+00
2026 07 23 02 36 00 000 1.0345679E+01 -6.9980901E-01 -2.8712237E+00
2026 07 23 02 37 00 000 1.0358958E+01 -6.9238192E-01 -2.8724384E+00
2026 07 23 02 38 00 000 1.0372190E+01 -6.8495858E-01 -2.8736494E+00
2026 07 23 02 39 00 000 1.0385377E+01 -6.7753911E-01 -2.8748569E+00
2026 07 23 02 40 00 000 1.0398518E+01 -6.7012787E-01 -2.8760586E+00
2026 07 23 02 41 00 000 1.0411613E+01 -6.6271544E-01 -2.8772581E+00
2026 07 23 02 42 00 000 1.0424663E+01 -6.5530652E-01 -2.8784537E+00
2026 07 23 02 43 00 000 1.0437668E+01 -6.4790666E-01 -2.8796449E+00
2026 07 23 02 44 00 000 1.0450628E+01 -6.4050186E-01 -2.8808329E+00
2026 07 23 02 45 00 000 1.0463542E+01 -6.3310313E-01 -2.8820181E+00
2026 07 23 02 46 00 000 1.0476412E+01 -6.2571090E-01 -2.8831995E+00
2026 07 23 02 47 00 000 1.0489237E+01 -6.1832285E-01 -2.8843772E+00
2026 07 23 02 48 00 000 1.0502016E+01 -6.1093420E-01 -2.8855522E+00
2026 07 23 02 49 00 000 1.0514753E+01 -6.0355085E-01 -2.8867240E+00
2026 07 23 02 50 00 000 1.0527443E+01 -5.9617347E-01 -2.8878930E+00
2026 07 23 02 51 00 000 1.0540089E+01 -5.8879811E-01 -2.8890579E+00
2026 07 23 02 52 00 000 1.0552691E+01 -5.8142847E-01 -2.8902199E+00
2026 07 23 02 53 00 000 1.0565249E+01 -5.7405984E-01 -2.8913801E+00
2026 07 23 02 54 00 000 1.0577762E+01 -5.6669343E-01 -2.8925374E+00
2026 07 23 02 55 00 000 1.0590231E+01 -5.5933672E-01 -2.8936911E+00
2026 07 23 02 56 00 000 1.0602656E+01 -5.5197746E-01 -2.8948426E+00
2026 07 23 02 57 00 000 1.0615038E+01 -5.4462403E-01 -2.8959923E+00
2026 07 23 02 58 00 000 1.0627374E+01 -5.3727257E-01 -2.8971388E+00
2026 07 23 02 59 00 000 1.0639668E+01 -5.2992582E-01 -2.8982832E+00
2026 07 23 03 00 00 000 1.0651920E+01 -5.2258170E-01 -2.8994255E+00
2026 07 23 03 01 00 000 1.0664125E+01 -5.1524675E-01 -2.9005637E+00
2026 07 23 03 02 00 000 1.0676289E+01 -5.0791121E-01 -2.9017012E+00
2026 07 23 03 03 00 000 1.0688408E+01 -5.0057817E-01 -2.9028370E+00
2026 07 23 03 04 00 000 1.0700483E+01 -4.9325269E-01 -2.9039705E+00
2026 07 23 03 05 00 000 1.0712518E+01 -4.8592699E-01 -2.9051013E+00
2026 07 23 03 06 00 000 1.0724507E+01 -4.7860837E-01 -2.9062307E+00
2026 07 23 03 07 00 000 1.0736455E+01 -4.7129142E-01 -2.9073577E+00
2026 07 23 03 08 00 000 1.0748360E+01 -4.6398026E-01 -2.9084830E+00
2026 07 23 03 09 00 000 1.0760220E+01 -4.5667303E-01 -2.9096069E+00
2026 07 23 03 10 00 000 1.0772038E+01 -4.4936606E-01 -2.9107289E+00
2026 07 23 03 11 00 000 1.0783814E+01 -4.4206613E-01 -2.9118490E+00
2026 07 23 03 12 00 000 1.0795547E+01 -4.3476540E-01 -2.9129689E+00
2026 07 23 03 13 00 000 1.0807237E+01 -4.2747417E-01 -2.9140859E+00
2026 07 23 03 14 00 000 1.0818885E+01 -4.2018381E-01 -2.9152017E+00
2026 07 23 03 15 00 000 1.0830492E+01 -4.1289517E-01 -2.9163163E+00
2026 07 23 03 16 00 000 1.0842054E+01 -4.0561500E-01 -2.9174292E+00
2026 07 23 03 17 00 000 1.0853575E+01 -3.9833680E-01 -2.9185419E+00
2026 07 23 03 18 00 000 1.0865054E+01 -3.9105928E-01 -2.9196529E+00
2026 07 23 03 19 00 000 1.0876492E+01 -3.8378787E-01 -2.9207630E+00
2026 07 23 03 20 00 000 1.0887887E+01 -3.7652361E-01 -2.9218707E+00
2026 07 23 03 21 00 000 1.0899240E+01 -3.6925849E-01 -2.9229789E+00
2026 07 23 03 22 00 000 1.0910550E+01 -3.6199722E-01 -2.9240859E+00
2026 07 23 03 23 00 000 1.0921820E+01 -3.5473943E-01 -2.9251916E+00
2026 07 23 03 24 00 000 1.0933048E+01 -3.4748530E-01 -2.9262969E+00
2026 07 23 03 25 00 000 1.0944235E+01 -3.4023708E-01 -2.9274015E+00
2026 07 23 03 26 00 000 1.0955380E+01 -3.3299389E-01 -2.9285052E+00
2026 07 23 03 27 00 000 1.0966483E+01 -3.2575119E-01 -2.9296072E+00
2026 07 23 03 28 00 000 1.0977545E+01 -3.1851137E-01 -2.9307103E+00
2026 07 23 03 29 00 000 1.0988566E+01 -3.1128126E-01 -2.9318113E+00
2026 07 23 03 30 00 000 1.0999545E+01 -3.0404976E-01 -2.9329123E+00
2026 07 23 03 31 00 000 1.1010485E+01 -2.9682404E-01 -2.9340134E+00
2026 07 23 03 32 00 000 1.1021383E+01 -2.8959829E-01 -2.9351134E+00
2026 07 23 03 33 00 000 1.1032238E+01 -2.8238323E-01 -2.9362130E+00
2026 07 23 03 34 00 000 1.1043054E+01 -2.7516615E-01 -2.9373131E+00
2026 07 23 03 35 00 000 1.1053829E+01 -2.6795256E-01 -2.9384124E+00
2026 07 23 03 36 00 000 1.1064563E+01 -2.6074851E-01 -2.9395113E+00
2026 07 23 03 37 00 000 1.1075256E+01 -2.5354260E-01 -2.9406106E+00
2026 07 23 03 38 00 000 1.1085909E+01 -2.4634026E-01 -2.9417095E+00
2026 07 23 03 39 00 000 1.1096521E+01 -2.3914118E-01 -2.9428089E+00
2026 07 23 03 40 00 000 1.1107093E+01 -2.3194686E-01 -2.9439075E+00
2026 07 23 03 41 00 000 1.1117624E+01 -2.2475867E-01 -2.9450059E+00
2026 07 23 03 42 00 000 1.1128116E+01 -2.1757218E-01 -2.9461052E+00
2026 07 23 03 43 00 000 1.1138567E+01 -2.1039075E-01 -2.9472044E+00
2026 07 23 03 44 00 000 1.1148977E+01 -2.0321570E-01 -2.9483027E+00
2026 07 23 03 45 00 000 1.1159348E+01 -1.9603667E-01 -2.9494026E+00
2026 07 23 03 46 00 000 1.1169678E+01 -1.8886390E-01 -2.9505026E+00
2026 07 23 03 47 00 000 1.1179971E+01 -1.8169732E-01 -2.9516027E+00
2026 07 23 03 48 00 000 1.1190220E+01 -1.7453247E-01 -2.9527032E+00
2026 07 23 03 49 00 000 1.1200431E+01 -1.6737007E-01 -2.9538040E+00
2026 07 23 03 50 00 000 1.1210603E+01 -1.6021726E-01 -2.9549046E+00
2026 07 23 03 51 00 000 1.1220736E+01 -1.5306208E-01 -2.9560063E+00
2026 07 23 03 52 00 000 1.1230826E+01 -1.4591187E-01 -2.9571087E+00
2026 07 23 03 53 00 000 1.1240878E+01 -1.3876262E-01 -2.9582119E+00
2026 07 23 03 54 00 000 1.1250891E+01 -1.3162532E-01 -2.9593146E+00
2026 07 23 03 55 00 000 1.1260863E+01 -1.2448447E-01 -2.9604185E+00
2026 07 23 03 56 00 000 1.1270798E+01 -1.1734802E-01 -2.9615233E+00
2026 07 23 03 57 00 000 1.1280692E+01 -1.1021970E-01 -2.9626279E+00
2026 07 23 03 58 00 000 1.1290548E+01 -1.0308812E-01 -2.9637351E+00
2026 07 23 03 59 00 000 1.1300363E+01 -9.5961370E-02 -2.9648418E+00
2026 07 23 04 00 00 000 1.1310142E+01 -8.8841170E-02 -2.9659488E+00
2026 07 23 04 01 00 000 1.1319880E+01 -8.1725106E-02 -2.9670572E+00
2026 07 23 04 02 00 000 1.1329579E+01 -7.4609123E-02 -2.9681668E+00
2026 07 23 04 03 00 000 1.1339238E+01 -6.7495935E-02 -2.9692776E+00
2026 07 23 04 04 00 000 1.1348861E+01 -6.0390640E-02 -2.9703887E+00
2026 07 23 04 05 00 000 1.1358443E+01 -5.3288568E-02 -2.9715011E+00
2026 07 23 04 06 00 000 1.1367987E+01 -4.6186380E-02 -2.9726143E+00
2026 07 23 04 07 00 000 1.1377493E+01 -3.9090782E-02 -2.9737287E+00
2026 07 23 04 08 00 000 1.1386960E+01 -3.1996027E-02 -2.9748440E+00
2026 07 23 04 09 00 000 1.1396386E+01 -2.4904758E-02 -2.9759610E+00
2026 07 23 04 10 00 000 1.1405777E+01 -1.7816786E-02 -2.9770784E+00
2026 07 23 04 11 00 000 1.1415128E+01 -1.0738049E-02 -2.9781969E+00
2026 07 23 04 12 00 000 1.1424440E+01 -3.6560930E-03 -2.9793169E+00
2026 07 23 04 13 00 000 1.1433715E+01 3.4213793E-03 -2.9804389E+00
2026 07 23 04 14 00 000 1.1442952E+01 1.0491072E-02 -2.9815609E+00
2026 07 23 04 15 00 000 1.1452148E+01 1.7563907E-02 -2.9826858E+00
2026 07 23 04 16 00 000 1.1461310E+01 2.4629347E-02 -2.9838104E+00
2026 07 23 04 17 00 000 1.1470431E+01 3.1694479E-02 -2.9849374E+00
2026 07 23 04 18 00 000 1.1479514E+01 3.8752332E-02 -2.9860656E+00
2026 07 23 04 19 00 000 1.1488561E+01 4.5807198E-02 -2.9871948E+00
2026 07 23 04 20 00 000 1.1497568E+01 5.2861370E-02 -2.9883256E+00
2026 07 23 04 21 00 000 1.1506538E+01 5.9913855E-02 -2.9894588E+00
2026 07 23 04 22 00 000 1.1515471E+01 6.6960976E-02 -2.9905922E+00
2026 07 23 04 23 00 000 1.1524367E+01 7.4005112E-02 -2.9917276E+00
2026 07 23 04 24 00 000 1.1533224E+01 8.1041813E-02 -2.9928639E+00
2026 07 23 04 25 00 000 1.1542043E+01 8.8079661E-02 -2.9940026E+00
2026 07 23 04 26 00 000 1.1550825E+01 9.5115289E-02 -2.9951434E+00
2026 07 23 04 27 00 000 1.1559569E+01 1.0214179E-01 -2.9962845E+00
2026 07 23 04 28 00 000 1.1568275E+01 1.0917006E-01 -2.9974277E+00
2026 07 23 04 29 00 000 1.1576944E+01 1.1619488E-01 -2.9985726E+00
2026 07 23 04 30 00 000 1.1585580E+01 1.2321518E-01 -2.9997194E+00
2026 07 23 04 31 00 000 1.1594172E+01 1.3023426E-01 -3.0008676E+00
2026 07 23 04 32 00 000 1.1602729E+01 1.3724796E-01 -3.0020173E+00
2026 07 23 04 33 00 000 1.1611250E+01 1.4426082E-01 -3.0031703E+00
2026 07 23 04 34 00 000 1.1619735E+01 1.5126766E-01 -3.0043225E+00
2026 07 23 04 35 00 000 1.1628180E+01 1.5827356E-01 -3.0054789E+00
2026 07 23 04 36 00 000 1.1636589E+01 1.6527523E-01 -3.0066352E+00
2026 07 23 04 37 00 000 1.1644961E+01 1.7227548E-01 -3.0077946E+00
2026 07 23 04 38 00 000 1.1653296E+01 1.7927334E-01 -3.0089555E+00
2026 07 23 04 39 00 000 1.1661595E+01 1.8626723E-01 -3.0101182E+00
2026 07 23 04 40 00 000 1.1669857E+01 1.9325273E-01 -3.0112820E+00
2026 07 23 04 41 00 000 1.1678082E+01 2.0024161E-01 -3.0124483E+00
2026 07 23 04 42 00 000 1.1686272E+01 2.0722726E-01 -3.0136170E+00
2026 07 23 04 43 00 000 1.1694421E+01 2.1420959E-01 -3.0147872E+00
2026 07 23 04 44 00 000 1.1702537E+01 2.2118405E-01 -3.0159585E+00
2026 07 23 04 45 00 000 1.1710615E+01 2.2816154E-01 -3.0171330E+00
2026 07 23 04 46 00 000 1.1718657E+01 2.3513436E-01 -3.0183089E+00
2026 07 23 04 47 00 000 1.1726662E+01 2.4210051E-01 -3.0194864E+00
2026 07 23 04 48 00 000 1.1734630E+01 2.4906842E-01 -3.0206664E+00
2026 07 23 04 49 00 000 1.1742564E+01 2.5603324E-01 -3.0218480E+00
2026 07 23 04 50 00 000 1.1750460E+01 2.6299563E-01 -3.0230322E+00
2026 07 23 04 51 00 000 1.1758320E+01 2.6995289E-01 -3.0242181E+00
2026 07 23 04 52 00 000 1.1766143E+01 2.7690974E-01 -3.0254064E+00
2026 07 23 04 53 00 000 1.1773931E+01 2.8386021E-01 -3.0265951E+00
2026 07 23 04 54 00 000 1.1781683E+01 2.9080850E-01 -3.0277874E+00
2026 07 23 04 55 00 000 1.1789397E+01 2.9775947E-01 -3.0289824E+00
2026 07 23 04 56 00 000 1.1797077E+01 3.0470291E-01 -3.0301778E+00
2026 07 23 04 57 00 000 1.1804721E+01 3.1164294E-01 -3.0313756E+00
2026 07 23 04 58 00 000 1.1812328E+01 3.1858408E-01 -3.0325766E+00
2026 07 23 04 59 00 000 1.1819900E+01 3.2551992E-01 -3.0337784E+00
2026 07 23 05 00 00 000 1.1827435E+01 3.3245072E-01 -3.0349824E+00
2026 07 23 05 01 00 000 1.1834937E+01 3.3938202E-01 -3.0361888E+00
2026 07 23 05 02 00 000 1.1842399E+01 3.4631142E-01 -3.0373976E+00
2026 07 23 05 03 00 000 1.1849828E+01 3.5323852E-01 -3.0386086E+00
2026 07 23 05 04 00 000 1.1857220E+01 3.6016271E-01 -3.0398219E+00
2026 07 23 05 05 00 000 1.1864578E+01 3.6708221E-01 -3.0410361E+00
2026 07 23 05 06 00 000 1.1871900E+01 3.7399787E-01 -3.0422530E+00
2026 07 23 05 07 00 000 1.1879187E+01 3.8091311E-01 -3.0434721E+00
2026 07 23 05 08 00 000 1.1886437E+01 3.8782680E-01 -3.0446932E+00
2026 07 23 05 09 00 000 1.1893653E+01 3.9473611E-01 -3.0459163E+00
2026 07 23 05 10 00 000 1.1900831E+01 4.0164486E-01 -3.0471423E+00
2026 07 23 05 11 00 000 1.1907976E+01 4.0855139E-01 -3.0483701E+00
2026 07 23 05 12 00 000 1.1915085E+01 4.1545483E-01 -3.0495996E+00
2026 07 23 05 13 00 000 1.1922158E+01 4.2235255E-01 -3.0508316E+00
2026 07 23 05 14 00 000 1.1929197E+01 4.2925164E-01 -3.0520661E+00
2026 07 23 05 15 00 000 1.1936203E+01 4.3614873E-01 -3.0533020E+00
2026 07 23 05 16 00 000 1.1943171E+01 4.4303772E-01 -3.0545392E+00
2026 07 23 05 17 00 000 1.1950104E+01 4.4992983E-01 -3.0557802E+00
2026 07 23 05 18 00 000 1.1957000E+01 4.5682049E-01 -3.0570233E+00
2026 07 23 05 19 00 000 1.1963866E+01 4.6370807E-01 -3.0582681E+00
2026 07 23 05 20 00 000 1.1970693E+01 4.7059429E-01 -3.0595152E+00
2026 07 23 05 21 00 000 1.1977486E+01 4.7747499E-01 -3.0607643E+00
2026 07 23 05 22 00 000 1.1984243E+01 4.8435524E-01 -3.0620155E+00
2026 07 23 05 23 00 000 1.1990968E+01 4.9123195E-01 -3.0632687E+00
2026 07 23 05 24 00 000 1.1997657E+01 4.9810797E-01 -3.0645239E+00
2026 07 23 05 25 00 000 1.2004311E+01 5.0497901E-01 -3.0657809E+00
2026 07 23 05 26 00 000 1.2010930E+01 5.1184928E-01 -3.0670402E+00
2026 07 23 05 27 00 000 1.2017514E+01 5.1871961E-01 -3.0683024E+00
2026 07 23 05 28 00 000 1.2024064E+01 5.2558482E-01 -3.0695662E+00
2026 07 23 05 29 00 000 1.2030581E+01 5.3244781E-01 -3.0708313E+00
2026 07 23 05 30 00 000 1.2037060E+01 5.3931206E-01 -3.0720997E+00
2026 07 23 05 31 00 000 1.2043507E+01 5.4617310E-01 -3.0733702E+00
2026 07 23 05 32 00 000 1.2049918E+01 5.5303311E-01 -3.0746424E+00
2026 07 23 05 33 00 000 1.2056296E+01 5.5989176E-01 -3.0759170E+00
2026 07 23 05 34 00 000 1.2062638E+01 5.6674200E-01 -3.0771925E+00
2026 07 23 05 35 00 000 1.2068948E+01 5.7359535E-01 -3.0784707E+00
2026 07 23 05 36 00 000 1.2075221E+01 5.8044702E-01 -3.0797517E+00
2026 07 23 05 37 00 000 1.2081460E+01 5.8729374E-01 -3.0810335E+00
2026 07 23 05 38 00 000 1.2087667E+01 5.9414315E-01 -3.0823183E+00
2026 07 23 05 39 00 000 1.2093839E+01 6.0098851E-01 -3.0836046E+00
2026 07 23 05 40 00 000 1.2099976E+01 6.0783023E-01 -3.0848927E+00
2026 07 23 05 41 00 000 1.2106079E+01 6.1467046E-01 -3.0861831E+00
2026 07 23 05 42 00 000 1.2112147E+01 6.2151331E-01 -3.0874767E+00
2026 07 23 05 43 00 000 1.2118182E+01 6.2834686E-01 -3.0887694E+00
2026 07 23 05 44 00 000 1.2124181E+01 6.3518471E-01 -3.0900660E+00
2026 07 23 05 45 00 000 1.2130149E+01 6.4201939E-01 -3.0913644E+00
2026 07 23 05 46 00 000 1.2136082E+01 6.4884776E-01 -3.0926638E+00
2026 07 23 05 47 00 000 1.2141980E+01 6.5568078E-01 -3.0939665E+00
2026 07 23 05 48 00 000 1.2147845E+01 6.6251022E-01 -3.0952709E+00
2026 07 23 05 49 00 000 1.2153677E+01 6.6933930E-01 -3.0965769E+00
2026 07 23 05 50 00 000 1.2159473E+01 6.7616010E-01 -3.0978835E+00
2026 07 23 05 51 00 000 1.2165237E+01 6.8298864E-01 -3.0991940E+00
2026 07 23 05 52 00 000 1.2170967E+01 6.8981034E-01 -3.1005049E+00
2026 07 23 05 53 00 000 1.2176664E+01 6.9663262E-01 -3.1018181E+00
2026 07 23 05 54 00 000 1.2182326E+01 7.0344996E-01 -3.1031330E+00
2026 07 23 05 55 00 000 1.2187955E+01 7.1026790E-01 -3.1044490E+00
2026 07 23 05 56 00 000 1.2193550E+01 7.1708494E-01 -3.1057689E+00
2026 07 23 05 57 00 000 1.2199109E+01 7.2390199E-01 -3.1070890E+00
2026 07 23 05 58 00 000 1.2204637E+01 7.3071647E-01 -3.1084111E+00
2026 07 23 05 59 00 000 1.2210132E+01 7.3752970E-01 -3.1097353E+00
2026 07 23 06 00 00 000 1.2215592E+01 7.4433565E-01 -3.1110599E+00
2026 07 23 06 01 00 000 1.2221021E+01 7.5114727E-01 -3.1123877E+00
2026 07 23 06 02 00 000 1.2226414E+01 7.5795758E-01 -3.1137171E+00
2026 07 23 06 03 00 000 1.2231774E+01 7.6476508E-01 -3.1150475E+00
2026 07 23 06 04 00 000 1.2237103E+01 7.7156645E-01 -3.1163785E+00
2026 07 23 06 05 00 000 1.2242396E+01 7.7837265E-01 -3.1177127E+00
2026 07 23 06 06 00 000 1.2247657E+01 7.8517556E-01 -3.1190476E+00
2026 07 23 06 07 00 000 1.2252884E+01 7.9197693E-01 -3.1203847E+00
2026 07 23 06 08 00 000 1.2258078E+01 7.9877979E-01 -3.1217237E+00
2026 07 23 06 09 00 000 1.2263241E+01 8.0557394E-01 -3.1230619E+00
2026 07 23 06 10 00 000 1.2268368E+01 8.1237352E-01 -3.1244037E+00
2026 07 23 06 11 00 000 1.2273460E+01 8.1917322E-01 -3.1257474E+00
2026 07 23 06 12 00 000 1.2278522E+01 8.2596666E-01 -3.1270907E+00
2026 07 23 06 13 00 000 1.2283551E+01 8.3276373E-01 -3.1284373E+00
2026 07 23 06 14 00 000 1.2288548E+01 8.3955848E-01 -3.1297843E+00
2026 07 23 06 15 00 000 1.2293509E+01 8.4635258E-01 -3.1311331E+00
2026 07 23 06 16 00 000 1.2298437E+01 8.5314053E-01 -3.1324821E+00
2026 07 23 06 17 00 000 1.2303333E+01 8.5993594E-01 -3.1338346E+00
2026 07 23 06 18 00 000 1.2308198E+01 8.6672497E-01 -3.1351864E+00
2026 07 23 06 19 00 000 1.2313029E+01 8.7351453E-01 -3.1365404E+00
2026 07 23 06 20 00 000 1.2317825E+01 8.8030457E-01 -3.1378961E+00
2026 07 23 06 21 00 000 1.2322592E+01 8.8709015E-01 -3.1392515E+00
2026 07 23 06 22 00 000 1.2327323E+01 8.9387530E-01 -3.1406085E+00
2026 07 23 06 23 00 000 1.2332022E+01 9.0065986E-01 -3.1419668E+00
2026 07 23 06 24 00 000 1.2336690E+01 9.0744507E-01 -3.1433265E+00
2026 07 23 06 25 00 000 1.2341323E+01 9.1422790E-01 -3.1446872E+00
2026 07 23 06 26 00 000 1.2345924E+01 9.2101246E-01 -3.1460493E+00
2026 07 23 06 27 00 000 1.2350492E+01 9.2779678E-01 -3.1474125E+00
2026 07 23 06 28 00 000 1.2355028E+01 9.3457812E-01 -3.1487763E+00
2026 07 23 06 29 00 000 1.2359532E+01 9.4135821E-01 -3.1501408E+00
2026 07 23 06 30 00 000 1.2364001E+01 9.4814008E-01 -3.1515071E+00
2026 07 23 06 31 00 000 1.2368441E+01 9.5492101E-01 -3.1528738E+00
2026 07 23 06 32 00 000 1.2372846E+01 9.6170253E-01 -3.1542425E+00
2026 07 23 06 33 00 000 1.2377218E+01 9.6847671E-01 -3.1556094E+00
2026 07 23 06 34 00 000 1.2381558E+01 9.7525978E-01 -3.1569803E+00
2026 07 23 06 35 00 000 1.2385868E+01 9.8203468E-01 -3.1583498E+00
2026 07 23 06 36 00 000 1.2390143E+01 9.8881406E-01 -3.1597207E+00
2026 07 23 06 37 00 000 1.2394387E+01 9.9558955E-01 -3.1610925E+00
2026 07 23 06 38 00 000 1.2398596E+01 1.0023701E+00 -3.1624656E+00
2026 07 23 06 39 00 000 1.2402776E+01 1.0091424E+00 -3.1638377E+00
2026 07 23 06 40 00 000 1.2406922E+01 1.0159193E+00 -3.1652122E+00
2026 07 23 06 41 00 000 1.2411036E+01 1.0226964E+00 -3.1665866E+00
2026 07 23 06 42 00 000 1.2415119E+01 1.0294720E+00 -3.1679616E+00
2026 07 23 06 43 00 000 1.2419168E+01 1.0362430E+00 -3.1693366E+00
2026 07 23 06 44 00 000 1.2423186E+01 1.0430133E+00 -3.1707113E+00
2026 07 23 06 45 00 000 1.2427171E+01 1.0497885E+00 -3.1720877E+00
2026 07 23 06 46 00 000 1.2431124E+01 1.0565637E+00 -3.1734653E+00
2026 07 23 06 47 00 000 1.2435045E+01 1.0633389E+00 -3.1748428E+00
2026 07 23 06 48 00 000 1.2438933E+01 1.0701139E+00 -3.1762207E+00
2026 07 23 06 49 00 000 1.2442789E+01 1.0768884E+00 -3.1775992E+00
2026 07 23 06 50 00 000 1.2446615E+01 1.0836608E+00 -3.1789768E+00
2026 07 23 06 51 00 000 1.2450406E+01 1.0904324E+00 -3.1803548E+00
2026 07 23 06 52 00 000 1.2454166E+01 1.0972061E+00 -3.1817336E+00
2026 07 23 06 53 00 000 1.2457896E+01 1.1039785E+00 -3.1831121E+00
2026 07 23 06 54 00 000 1.2461593E+01 1.1107554E+00 -3.1844923E+00
2026 07 23 06 55 00 000 1.2465257E+01 1.1175303E+00 -3.1858721E+00
2026 07 23 06 56 00 000 1.2468890E+01 1.1242992E+00 -3.1872499E+00
2026 07 23 06 57 00 000 1.2472490E+01 1.1310740E+00 -3.1886294E+00
2026 07 23 06 58 00 000 1.2476061E+01 1.1378425E+00 -3.1900074E+00
2026 07 23 06 59 00 000 1.2479597E+01 1.1446209E+00 -3.1913872E+00
2026 07 23 07 00 00 000 1.2483102E+01 1.1513931E+00 -3.1927664E+00
2026 07 23 07 01 00 000 1.2486576E+01 1.1581670E+00 -3.1941457E+00
2026 07 23 07 02 00 000 1.2490017E+01 1.1649432E+00 -3.1955245E+00
2026 07 23 07 03 00 000 1.2493428E+01 1.1717153E+00 -3.1969023E+00
2026 07 23 07 04 00 000 1.2496807E+01 1.1784893E+00 -3.1982806E+00
2026 07 23 07 05 00 000 1.2500154E+01 1.1852633E+00 -3.1996574E+00
2026 07 23 07 06 00 000 1.2503469E+01 1.1920382E+00 -3.2010348E+00
2026 07 23 07 07 00 000 1.2506752E+01 1.1988155E+00 -3.2024131E+00
2026 07 23 07 08 00 000 1.2510002E+01 1.2055897E+00 -3.2037890E+00
2026 07 23 07 09 00 000 1.2513224E+01 1.2123678E+00 -3.2051661E+00
2026 07 23 07 10 00 000 1.2516411E+01 1.2191451E+00 -3.2065420E+00
2026 07 23 07 11 00 000 1.2519567E+01 1.2259178E+00 -3.2079160E+00
2026 07 23 07 12 00 000 1.2522694E+01 1.2326969E+00 -3.2092903E+00
2026 07 23 07 13 00 000 1.2525785E+01 1.2394764E+00 -3.2106650E+00
2026 07 23 07 14 00 000 1.2528849E+01 1.2462559E+00 -3.2120383E+00
2026 07 23 07 15 00 000 1.2531879E+01 1.2530338E+00 -3.2134101E+00
2026 07 23 07 16 00 000 1.2534880E+01 1.2598149E+00 -3.2147827E+00
2026 07 23 07 17 00 000 1.2537848E+01 1.2665961E+00 -3.2161534E+00
2026 07 23 07 18 00 000 1.2540783E+01 1.2733754E+00 -3.2175229E+00
2026 07 23 07 19 00 000 1.2543688E+01 1.2801566E+00 -3.2188916E+00
2026 07 23 07 20 00 000 1.2546562E+01 1.2869399E+00 -3.2202594E+00
2026 07 23 07 21 00 000 1.2549405E+01 1.2937217E+00 -3.2216268E+00
2026 07 23 07 22 00 000 1.2552216E+01 1.3005062E+00 -3.2229922E+00
2026 07 23 07 23 00 000 1.2554996E+01 1.3072929E+00 -3.2243574E+00
2026 07 23 07 24 00 000 1.2557743E+01 1.3140785E+00 -3.2257216E+00
2026 07 23 07 25 00 000 1.2560461E+01 1.3208612E+00 -3.2270827E+00
2026 07 23 07 26 00 000 1.2563145E+01 1.3276491E+00 -3.2284441E+00
2026 07 23 07 27 00 000 1.2565801E+01 1.3344387E+00 -3.2298045E+00
2026 07 23 07 28 00 000 1.2568424E+01 1.3412257E+00 -3.2311625E+00
2026 07 23 07 29 00 000 1.2571015E+01 1.3480138E+00 -3.2325191E+00
2026 07 23 07 30 00 000 1.2573577E+01 1.3548059E+00 -3.2338755E+00
2026 07 23 07 31 00 000 1.2576105E+01 1.3616006E+00 -3.2352302E+00
2026 07 23 07 32 00 000 1.2578605E+01 1.3683895E+00 -3.2365813E+00
2026 07 23 07 33 00 000 1.2581073E+01 1.3751827E+00 -3.2379324E+00
2026 07 23 07 34 00 000 1.2583508E+01 1.3819786E+00 -3.2392817E+00
2026 07 23 07 35 00 000 1.2585912E+01 1.3887759E+00 -3.2406299E+00
2026 07 23 07 36 00 000 1.2588287E+01 1.3955721E+00 -3.2419753E+00
2026 07 23 07 37 00 000 1.2590631E+01 1.4023739E+00 -3.2433205E+00
2026 07 23 07 38 00 000 1.2592942E+01 1.4091750E+00 -3.2446630E+00
2026 07 23 07 39 00 000 1.2595222E+01 1.4159712E+00 -3.2460022E+00
2026 07 23 07 40 00 000 1.2597473E+01 1.4227747E+00 -3.2473409E+00
2026 07 23 07 41 00 000 1.2599692E+01 1.4295758E+00 -3.2486763E+00
2026 07 23 07 42 00 000 1.2601880E+01 1.4363785E+00 -3.2500100E+00
2026 07 23 07 43 00 000 1.2604037E+01 1.4431857E+00 -3.2513425E+00
2026 07 23 07 44 00 000 1.2606165E+01 1.4499910E+00 -3.2526717E+00
2026 07 23 07 45 00 000 1.2608256E+01 1.4568017E+00 -3.2540004E+00
2026 07 23 07 46 00 000 1.2610324E+01 1.4636098E+00 -3.2553251E+00
2026 07 23 07 47 00 000 1.2612355E+01 1.4704220E+00 -3.2566488E+00
2026 07 23 07 48 00 000 1.2614359E+01 1.4772346E+00 -3.2579691E+00
2026 07 23 07 49 00 000 1.2616330E+01 1.4840512E+00 -3.2592876E+00
2026 07 23 07 50 00 000 1.2618270E+01 1.4908634E+00 -3.2606025E+00
2026 07 23 07 51 00 000 1.2620181E+01 1.4976810E+00 -3.2619157E+00
2026 07 23 07 52 00 000 1.2622058E+01 1.5045013E+00 -3.2632265E+00
2026 07 23 07 53 00 000 1.2623909E+01 1.5113226E+00 -3.2645350E+00
2026 07 23 07 54 00 000 1.2625725E+01 1.5181432E+00 -3.2658396E+00
2026 07 23 07 55 00 000 1.2627514E+01 1.5249676E+00 -3.2671423E+00
2026 07 23 07 56 00 000 1.2629269E+01 1.5317917E+00 -3.2684412E+00
2026 07 23 07 57 00 000 1.2630992E+01 1.5386201E+00 -3.2697384E+00
2026 07 23 07 58 00 000 1.2632688E+01 1.5454468E+00 -3.2710314E+00
2026 07 23 07 59 00 000 1.2634350E+01 1.5522782E+00 -3.2723219E+00
2026 07 23 08 00 00 000 1.2635984E+01 1.5591090E+00 -3.2736092E+00
2026 07 23 08 01 00 000 1.2637588E+01 1.5659413E+00 -3.2748928E+00
2026 07 23 08 02 00 000 1.2639159E+01 1.5727814E+00 -3.2761757E+00
2026 07 23 08 03 00 000 1.2640701E+01 1.5796146E+00 -3.2774522E+00
2026 07 23 08 04 00 000 1.2642212E+01 1.5864551E+00 -3.2787271E+00
2026 07 23 08 05 00 000 1.2643692E+01 1.5932977E+00 -3.2799990E+00
2026 07 23 08 06 00 000 1.2645140E+01 1.6001425E+00 -3.2812674E+00
2026 07 23 08 07 00 000 1.2646560E+01 1.6069863E+00 -3.2825310E+00
2026 07 23 08 08 00 000 1.2647948E+01 1.6138316E+00 -3.2837911E+00
2026 07 23 08 09 00 000 1.2649304E+01 1.6206824E+00 -3.2850492E+00
2026 07 23 08 10 00 000 1.2650634E+01 1.6275338E+00 -3.2863030E+00
2026 07 23 08 11 00 000 1.2651930E+01 1.6343865E+00 -3.2875531E+00
2026 07 23 08 12 00 000 1.2653195E+01 1.6412421E+00 -3.2887986E+00
2026 07 23 08 13 00 000 1.2654430E+01 1.6480982E+00 -3.2900407E+00
2026 07 23 08 14 00 000 1.2655637E+01 1.6549596E+00 -3.2912796E+00
2026 07 23 08 15 00 000 1.2656812E+01 1.6618221E+00 -3.2925141E+00
2026 07 23 08 16 00 000 1.2657954E+01 1.6686873E+00 -3.2937446E+00
2026 07 23 08 17 00 000 1.2659069E+01 1.6755489E+00 -3.2949700E+00
2026 07 23 08 18 00 000 1.2660151E+01 1.6824220E+00 -3.2961931E+00
2026 07 23 08 19 00 000 1.2661205E+01 1.6892908E+00 -3.2974110E+00
2026 07 23 08 20 00 000 1.2662228E+01 1.6961615E+00 -3.2986233E+00
2026 07 23 08 21 00 000 1.2663220E+01 1.7030355E+00 -3.2998328E+00
2026 07 23 08 22 00 000 1.2664180E+01 1.7099141E+00 -3.3010375E+00
2026 07 23 08 23 00 000 1.2665112E+01 1.7167957E+00 -3.3022385E+00
2026 07 23 08 24 00 000 1.2666014E+01 1.7236757E+00 -3.3034337E+00
2026 07 23 08 25 00 000 1.2666884E+01 1.7305589E+00 -3.3046250E+00
2026 07 23 08 26 00 000 1.2667724E+01 1.7374471E+00 -3.3058114E+00
2026 07 23 08 27 00 000 1.2668536E+01 1.7443353E+00 -3.3069932E+00
2026 07 23 08 28 00 000 1.2669314E+01 1.7512314E+00 -3.3081710E+00
2026 07 23 08 29 00 000 1.2670063E+01 1.7581204E+00 -3.3093417E+00
2026 07 23 08 30 00 000 1.2670782E+01 1.7650229E+00 -3.3105111E+00
2026 07 23 08 31 00 000 1.2671471E+01 1.7719238E+00 -3.3116734E+00
2026 07 23 08 32 00 000 1.2672130E+01 1.7788240E+00 -3.3128300E+00
2026 07 23 08 33 00 000 1.2672757E+01 1.7857267E+00 -3.3139815E+00
2026 07 23 08 34 00 000 1.2673355E+01 1.7926358E+00 -3.3151295E+00
2026 07 23 08 35 00 000 1.2673924E+01 1.7995424E+00 -3.3162701E+00
2026 07 23 08 36 00 000 1.2674461E+01 1.8064579E+00 -3.3174078E+00
2026 07 23 08 37 00 000 1.2674967E+01 1.8133743E+00 -3.3185394E+00
2026 07 23 08 38 00 000 1.2675444E+01 1.8202943E+00 -3.3196650E+00
2026 07 23 08 39 00 000 1.2675892E+01 1.8272111E+00 -3.3207843E+00
2026 07 23 08 40 00 000 1.2676310E+01 1.8341318E+00 -3.3218975E+00
2026 07 23 08 41 00 000 1.2676696E+01 1.8410615E+00 -3.3230078E+00
2026 07 23 08 42 00 000 1.2677051E+01 1.8479898E+00 -3.3241105E+00
2026 07 23 08 43 00 000 1.2677379E+01 1.8549197E+00 -3.3252077E+00
2026 07 23 08 44 00 000 1.2677674E+01 1.8618560E+00 -3.3262994E+00
2026 07 23 08 45 00 000 1.2677938E+01 1.8687954E+00 -3.3273857E+00
2026 07 23 08 46 00 000 1.2678176E+01 1.8757336E+00 -3.3284647E+00
2026 07 23 08 47 00 000 1.2678380E+01 1.8826754E+00 -3.3295374E+00
2026 07 23 08 48 00 000 1.2678555E+01 1.8896222E+00 -3.3306050E+00
2026 07 23 08 49 00 000 1.2678701E+01 1.8965718E+00 -3.3316665E+00
2026 07 23 08 50 00 000 1.2678817E+01 1.9035240E+00 -3.3327217E+00
2026 07 23 08 51 00 000 1.2678902E+01 1.9104812E+00 -3.3337708E+00
2026 07 23 08 52 00 000 1.2678958E+01 1.9174390E+00 -3.3348131E+00
2026 07 23 08 53 00 000 1.2678981E+01 1.9244032E+00 -3.3358495E+00
2026 07 23 08 54 00 000 1.2678979E+01 1.9313600E+00 -3.3368764E+00
2026 07 23 08 55 00 000 1.2678944E+01 1.9383324E+00 -3.3379006E+00
2026 07 23 08 56 00 000 1.2678878E+01 1.9453045E+00 -3.3389173E+00
2026 07 23 08 57 00 000 1.2678783E+01 1.9522767E+00 -3.3399260E+00
2026 07 23 08 58 00 000 1.2678658E+01 1.9592553E+00 -3.3409290E+00
2026 07 23 08 59 00 000 1.2678502E+01 1.9662337E+00 -3.3419242E+00
2026 07 23 09 00 00 000 1.2678318E+01 1.9732183E+00 -3.3429132E+00
2026 07 23 09 01 00 000 1.2678103E+01 1.9802002E+00 -3.3438928E+00
2026 07 23 09 02 00 000 1.2677858E+01 1.9871926E+00 -3.3448684E+00
2026 07 23 09 03 00 000 1.2677584E+01 1.9941853E+00 -3.3458354E+00
2026 07 23 09 04 00 000 1.2677278E+01 2.0011818E+00 -3.3467953E+00
2026 07 23 09 05 00 000 1.2676941E+01 2.0081823E+00 -3.3477485E+00
2026 07 23 09 06 00 000 1.2676577E+01 2.0151899E+00 -3.3486953E+00
2026 07 23 09 07 00 000 1.2676183E+01 2.0221937E+00 -3.3496323E+00
2026 07 23 09 08 00 000 1.2675758E+01 2.0292027E+00 -3.3505621E+00
2026 07 23 09 09 00 000 1.2675303E+01 2.0362167E+00 -3.3514853E+00
2026 07 23 09 10 00 000 1.2674819E+01 2.0432315E+00 -3.3524001E+00
2026 07 23 09 11 00 000 1.2674304E+01 2.0502520E+00 -3.3533075E+00
2026 07 23 09 12 00 000 1.2673759E+01 2.0572736E+00 -3.3542063E+00
2026 07 23 09 13 00 000 1.2673184E+01 2.0643055E+00 -3.3550990E+00
2026 07 23 09 14 00 000 1.2672582E+01 2.0713303E+00 -3.3559813E+00
2026 07 23 09 15 00 000 1.2671947E+01 2.0783656E+00 -3.3568573E+00
2026 07 23 09 16 00 000 1.2671282E+01 2.0854046E+00 -3.3577254E+00
2026 07 23 09 17 00 000 1.2670588E+01 2.0924466E+00 -3.3585849E+00
2026 07 23 09 18 00 000 1.2669864E+01 2.0994885E+00 -3.3594358E+00
2026 07 23 09 19 00 000 1.2669112E+01 2.1065352E+00 -3.3602774E+00
2026 07 23 09 20 00 000 1.2668327E+01 2.1135879E+00 -3.3611116E+00
2026 07 23 09 21 00 000 1.2667513E+01 2.1206415E+00 -3.3619373E+00
2026 07 23 09 22 00 000 1.2666672E+01 2.1276979E+00 -3.3627534E+00
2026 07 23 09 23 00 000 1.2665797E+01 2.1347623E+00 -3.3635626E+00
2026 07 23 09 24 00 000 1.2664895E+01 2.1418259E+00 -3.3643620E+00
2026 07 23 09 25 00 000 1.2663960E+01 2.1488974E+00 -3.3651531E+00
2026 07 23 09 26 00 000 1.2662999E+01 2.1559684E+00 -3.3659348E+00
2026 07 23 09 27 00 000 1.2662006E+01 2.1630476E+00 -3.3667083E+00
2026 07 23 09 28 00 000 1.2660982E+01 2.1701291E+00 -3.3674729E+00
2026 07 23 09 29 00 000 1.2659931E+01 2.1772144E+00 -3.3682280E+00
2026 07 23 09 30 00 000 1.2658850E+01 2.1843007E+00 -3.3689735E+00
2026 07 23 09 31 00 000 1.2657738E+01 2.1913948E+00 -3.3697104E+00
2026 07 23 09 32 00 000 1.2656594E+01 2.1984880E+00 -3.3704371E+00
2026 07 23 09 33 00 000 1.2655423E+01 2.2055883E+00 -3.3711550E+00
2026 07 23 09 34 00 000 1.2654223E+01 2.2126932E+00 -3.3718641E+00
2026 07 23 09 35 00 000 1.2652992E+01 2.2197988E+00 -3.3725629E+00
2026 07 23 09 36 00 000 1.2651731E+01 2.2269077E+00 -3.3732510E+00
2026 07 23 09 37 00 000 1.2650441E+01 2.2340240E+00 -3.3739314E+00
2026 07 23 09 38 00 000 1.2649119E+01 2.2411437E+00 -3.3746014E+00
2026 07 23 09 39 00 000 1.2647771E+01 2.2482622E+00 -3.3752594E+00
2026 07 23 09 40 00 000 1.2646390E+01 2.2553899E+00 -3.3759098E+00
2026 07 23 09 41 00 000 1.2644979E+01 2.2625244E+00 -3.3765516E+00
2026 07 23 09 42 00 000 1.2643541E+01 2.2696533E+00 -3.3771794E+00
2026 07 23 09 43 00 000 1.2642072E+01 2.2767928E+00 -3.3777990E+00
2026 07 23 09 44 00 000 1.2640571E+01 2.2839360E+00 -3.3784096E+00
2026 07 23 09 45 00 000 1.2639045E+01 2.2910793E+00 -3.3790073E+00
2026 07 23 09 46 00 000 1.2637486E+01 2.2982306E+00 -3.3795967E+00
2026 07 23 09 47 00 000 1.2635898E+01 2.3053832E+00 -3.3801742E+00
2026 07 23 09 48 00 000 1.2634278E+01 2.3125443E+00 -3.3807425E+00
2026 07 23 09 49 00 000 1.2632632E+01 2.3197036E+00 -3.3812993E+00
2026 07 23 09 50 00 000 1.2630952E+01 2.3268697E+00 -3.3818452E+00
2026 07 23 09 51 00 000 1.2629247E+01 2.3340411E+00 -3.3823812E+00
2026 07 23 09 52 00 000 1.2627509E+01 2.3412156E+00 -3.3829057E+00
2026 07 23 09 53 00 000 1.2625743E+01 2.3483884E+00 -3.3834176E+00
2026 07 23 09 54 00 000 1.2623946E+01 2.3555717E+00 -3.3839211E+00
2026 07 23 09 55 00 000 1.2622118E+01 2.3627591E+00 -3.3844128E+00
2026 07 23 09 56 00 000 1.2620264E+01 2.3699470E+00 -3.3848920E+00
2026 07 23 09 57 00 000 1.2618379E+01 2.3771431E+00 -3.3853619E+00
2026 07 23 09 58 00 000 1.2616463E+01 2.3843396E+00 -3.3858187E+00
2026 07 23 09 59 00 000 1.2614516E+01 2.3915431E+00 -3.3862650E+00
2026 07 23 10 00 00 000 1.2612542E+01 2.3987470E+00 -3.3866987E+00
2026 07 23 10 01 00 000 1.2610538E+01 2.4059565E+00 -3.3871217E+00
2026 07 23 10 02 00 000 1.2608504E+01 2.4131725E+00 -3.3875329E+00
2026 07 23 10 03 00 000 1.2606440E+01 2.4203920E+00 -3.3879333E+00
2026 07 23 10 04 00 000 1.2604346E+01 2.4276152E+00 -3.3883209E+00
2026 07 23 10 05 00 000 1.2602222E+01 2.4348445E+00 -3.3886974E+00
2026 07 23 10 06 00 000 1.2600068E+01 2.4420736E+00 -3.3890605E+00
2026 07 23 10 07 00 000 1.2597885E+01 2.4493074E+00 -3.3894119E+00
2026 07 23 10 08 00 000 1.2595674E+01 2.4565477E+00 -3.3897521E+00
2026 07 23 10 09 00 000 1.2593431E+01 2.4637895E+00 -3.3900788E+00
2026 07 23 10 10 00 000 1.2591159E+01 2.4710388E+00 -3.3903942E+00
2026 07 23 10 11 00 000 1.2588859E+01 2.4782884E+00 -3.3906960E+00
2026 07 23 10 12 00 000 1.2586526E+01 2.4855464E+00 -3.3909867E+00
2026 07 23 10 13 00 000 1.2584163E+01 2.4928060E+00 -3.3912640E+00
2026 07 23 10 14 00 000 1.2581772E+01 2.5000725E+00 -3.3915300E+00
2026 07 23 10 15 00 000 1.2579353E+01 2.5073397E+00 -3.3917816E+00
2026 07 23 10 16 00 000 1.2576901E+01 2.5146136E+00 -3.3920212E+00
2026 07 23 10 17 00 000 1.2574424E+01 2.5218854E+00 -3.3922460E+00
2026 07 23 10 18 00 000 1.2571912E+01 2.5291688E+00 -3.3924603E+00
2026 07 23 10 19 00 000 1.2569372E+01 2.5364537E+00 -3.3926611E+00
2026 07 23 10 20 00 000 1.2566804E+01 2.5437417E+00 -3.3928480E+00
2026 07 23 10 21 00 000 1.2564204E+01 2.5510368E+00 -3.3930223E+00
2026 07 23 10 22 00 000 1.2561575E+01 2.5583329E+00 -3.3931823E+00
2026 07 23 10 23 00 000 1.2558919E+01 2.5656328E+00 -3.3933289E+00
2026 07 23 10 24 00 000 1.2556229E+01 2.5729444E+00 -3.3934650E+00
2026 07 23 10 25 00 000 1.2553512E+01 2.5802529E+00 -3.3935845E+00
2026 07 23 10 26 00 000 1.2550763E+01 2.5875678E+00 -3.3936918E+00
2026 07 23 10 27 00 000 1.2547986E+01 2.5948882E+00 -3.3937850E+00
2026 07 23 10 28 00 000 1.2545177E+01 2.6022103E+00 -3.3938642E+00
2026 07 23 10 29 00 000 1.2542343E+01 2.6095350E+00 -3.3939292E+00
2026 07 23 10 30 00 000 1.2539475E+01 2.6168675E+00 -3.3939807E+00
2026 07 23 10 31 00 000 1.2536579E+01 2.6242018E+00 -3.3940175E+00
2026 07 23 10 32 00 000 1.2533653E+01 2.6315427E+00 -3.3940413E+00
2026 07 23 10 33 00 000 1.2530698E+01 2.6388881E+00 -3.3940511E+00
2026 07 23 10 34 00 000 1.2527712E+01 2.6462352E+00 -3.3940456E+00
2026 07 23 10 35 00 000 1.2524697E+01 2.6535876E+00 -3.3940260E+00
2026 07 23 10 36 00 000 1.2521653E+01 2.6609399E+00 -3.3939910E+00
2026 07 23 10 37 00 000 1.2518578E+01 2.6683037E+00 -3.3939438E+00
2026 07 23 10 38 00 000 1.2515471E+01 2.6756678E+00 -3.3938799E+00
2026 07 23 10 39 00 000 1.2512339E+01 2.6830382E+00 -3.3938029E+00
2026 07 23 10 40 00 000 1.2509175E+01 2.6904092E+00 -3.3937097E+00
2026 07 23 10 41 00 000 1.2505980E+01 2.6977878E+00 -3.3936024E+00
2026 07 23 10 42 00 000 1.2502758E+01 2.7051671E+00 -3.3934793E+00
2026 07 23 10 43 00 000 1.2499506E+01 2.7125514E+00 -3.3933418E+00
2026 07 23 10 44 00 000 1.2496222E+01 2.7199428E+00 -3.3931904E+00
2026 07 23 10 45 00 000 1.2492908E+01 2.7273400E+00 -3.3930235E+00
2026 07 23 10 46 00 000 1.2489567E+01 2.7347362E+00 -3.3928399E+00
2026 07 23 10 47 00 000 1.2486194E+01 2.7421367E+00 -3.3926413E+00
2026 07 23 10 48 00 000 1.2482791E+01 2.7495444E+00 -3.3924277E+00
2026 07 23 10 49 00 000 1.2479357E+01 2.7569568E+00 -3.3921993E+00
2026 07 23 10 50 00 000 1.2475898E+01 2.7643683E+00 -3.3919537E+00
2026 07 23 10 51 00 000 1.2472405E+01 2.7717881E+00 -3.3916943E+00
2026 07 23 10 52 00 000 1.2468884E+01 2.7792096E+00 -3.3914168E+00
2026 07 23 10 53 00 000 1.2465335E+01 2.7866340E+00 -3.3911240E+00
2026 07 23 10 54 00 000 1.2461753E+01 2.7940657E+00 -3.3908167E+00
2026 07 23 10 55 00 000 1.2458141E+01 2.8015041E+00 -3.3904939E+00
2026 07 23 10 56 00 000 1.2454502E+01 2.8089421E+00 -3.3901534E+00
2026 07 23 10 57 00 000 1.2450830E+01 2.8163824E+00 -3.3897960E+00
2026 07 23 10 58 00 000 1.2447132E+01 2.8238275E+00 -3.3894234E+00
2026 07 23 10 59 00 000 1.2443400E+01 2.8312795E+00 -3.3890347E+00
2026 07 23 11 00 00 000 1.2439641E+01 2.8387334E+00 -3.3886292E+00
2026 07 23 11 01 00 000 1.2435851E+01 2.8461931E+00 -3.3882082E+00
2026 07 23 11 02 00 000 1.2432031E+01 2.8536570E+00 -3.3877697E+00
2026 07 23 11 03 00 000 1.2428183E+01 2.8611214E+00 -3.3873148E+00
2026 07 23 11 04 00 000 1.2424303E+01 2.8685906E+00 -3.3868420E+00
2026 07 23 11 05 00 000 1.2420392E+01 2.8760662E+00 -3.3863540E+00
2026 07 23 11 06 00 000 1.2416455E+01 2.8835442E+00 -3.3858480E+00
2026 07 23 11 07 00 000 1.2412485E+01 2.8910286E+00 -3.3853269E+00
2026 07 23 11 08 00 000 1.2408488E+01 2.8985136E+00 -3.3847861E+00
2026 07 23 11 09 00 000 1.2404458E+01 2.9060044E+00 -3.3842301E+00
2026 07 23 11 10 00 000 1.2400399E+01 2.9134972E+00 -3.3836555E+00
2026 07 23 11 11 00 000 1.2396314E+01 2.9209905E+00 -3.3830631E+00
2026 07 23 11 12 00 000 1.2392195E+01 2.9284937E+00 -3.3824556E+00
2026 07 23 11 13 00 000 1.2388045E+01 2.9359999E+00 -3.3818297E+00
2026 07 23 11 14 00 000 1.2383867E+01 2.9435074E+00 -3.3811853E+00
2026 07 23 11 15 00 000 1.2379659E+01 2.9510219E+00 -3.3805244E+00
2026 07 23 11 16 00 000 1.2375421E+01 2.9585383E+00 -3.3798449E+00
2026 07 23 11 17 00 000 1.2371155E+01 2.9660561E+00 -3.3791478E+00
2026 07 23 11 18 00 000 1.2366856E+01 2.9735787E+00 -3.3784330E+00
2026 07 23 11 19 00 000 1.2362527E+01 2.9811070E+00 -3.3777003E+00
2026 07 23 11 20 00 000 1.2358170E+01 2.9886391E+00 -3.3769498E+00
2026 07 23 11 21 00 000 1.2353782E+01 2.9961717E+00 -3.3761797E+00
2026 07 23 11 22 00 000 1.2349365E+01 3.0037076E+00 -3.3753929E+00
2026 07 23 11 23 00 000 1.2344917E+01 3.0112507E+00 -3.3745873E+00
2026 07 23 11 24 00 000 1.2340441E+01 3.0187945E+00 -3.3737626E+00
2026 07 23 11 25 00 000 1.2335932E+01 3.0263462E+00 -3.3729215E+00
2026 07 23 11 26 00 000 1.2331391E+01 3.0339005E+00 -3.3720613E+00
2026 07 23 11 27 00 000 1.2326826E+01 3.0414507E+00 -3.3711805E+00
2026 07 23 11 28 00 000 1.2322227E+01 3.0490112E+00 -3.3702826E+00
2026 07 23 11 29 00 000 1.2317600E+01 3.0565741E+00 -3.3693657E+00
2026 07 23 11 30 00 000 1.2312943E+01 3.0641391E+00 -3.3684297E+00
2026 07 23 11 31 00 000 1.2308253E+01 3.0717080E+00 -3.3674750E+00
2026 07 23 11 32 00 000 1.2303537E+01 3.0792799E+00 -3.3665011E+00
2026 07 23 11 33 00 000 1.2298789E+01 3.0868559E+00 -3.3655088E+00
2026 07 23 11 34 00 000 1.2294012E+01 3.0944340E+00 -3.3644962E+00
2026 07 23 11 35 00 000 1.2289203E+01 3.1020186E+00 -3.3634655E+00
2026 07 23 11 36 00 000 1.2284365E+01 3.1096003E+00 -3.3624139E+00
2026 07 23 11 37 00 000 1.2279496E+01 3.1171889E+00 -3.3613439E+00
2026 07 23 11 38 00 000 1.2274597E+01 3.1247826E+00 -3.3602552E+00
2026 07 23 11 39 00 000 1.2269670E+01 3.1323760E+00 -3.3591456E+00
2026 07 23 11 40 00 000 1.2264711E+01 3.1399739E+00 -3.3580170E+00
2026 07 23 11 41 00 000 1.2259722E+01 3.1475737E+00 -3.3568683E+00
2026 07 23 11 42 00 000 1.2254704E+01 3.1551788E+00 -3.3557005E+00
2026 07 23 11 43 00 000 1.2249653E+01 3.1627841E+00 -3.3545113E+00
2026 07 23 11 44 00 000 1.2244576E+01 3.1703956E+00 -3.3533037E+00
2026 07 23 11 45 00 000 1.2239468E+01 3.1780050E+00 -3.3520749E+00
2026 07 23 11 46 00 000 1.2234326E+01 3.1856213E+00 -3.3508267E+00
2026 07 23 11 47 00 000 1.2229156E+01 3.1932392E+00 -3.3495581E+00
2026 07 23 11 48 00 000 1.2223955E+01 3.2008641E+00 -3.3482699E+00
2026 07 23 11 49 00 000 1.2218725E+01 3.2084863E+00 -3.3469603E+00
2026 07 23 11 50 00 000 1.2213466E+01 3.2161117E+00 -3.3456311E+00
2026 07 23 11 51 00 000 1.2208175E+01 3.2237418E+00 -3.3442810E+00
2026 07 23 11 52 00 000 1.2202854E+01 3.2313728E+00 -3.3429105E+00
2026 07 23 11 53 00 000 1.2197502E+01 3.2390065E+00 -3.3415189E+00
2026 07 23 11 54 00 000 1.2192121E+01 3.2466447E+00 -3.3401072E+00
2026 07 23 11 55 00 000 1.2186709E+01 3.2542839E+00 -3.3386745E+00
2026 07 23 11 56 00 000 1.2181266E+01 3.2619276E+00 -3.3372214E+00
2026 07 23 11 57 00 000 1.2175797E+01 3.2695665E+00 -3.3357451E+00
2026 07 23 11 58 00 000 1.2170292E+01 3.2772179E+00 -3.3342505E+00
2026 07 23 11 59 00 000 1.2164761E+01 3.2848654E+00 -3.3327334E+00
2026 07 23 12 00 00 000 1.2159196E+01 3.2925181E+00 -3.3311961E+00
2026 07 23 12 01 00 000 1.2153603E+01 3.3001735E+00 -3.3296371E+00
2026 07 23 12 02 00 000 1.2147979E+01 3.3078272E+00 -3.3280563E+00
2026 07 23 12 03 00 000 1.2142323E+01 3.3154850E+00 -3.3264537E+00
2026 07 23 12 04 00 000 1.2136641E+01 3.3231428E+00 -3.3248298E+00
2026 07 23 12 05 00 000 1.2130925E+01 3.3308055E+00 -3.3231850E+00
2026 07 23 12 06 00 000 1.2125177E+01 3.3384724E+00 -3.3215194E+00
2026 07 23 12 07 00 000 1.2119402E+01 3.3461368E+00 -3.3198307E+00
2026 07 23 12 08 00 000 1.2113596E+01 3.3538065E+00 -3.3181210E+00
2026 07 23 12 09 00 000 1.2107758E+01 3.3614798E+00 -3.3163898E+00
2026 07 23 12 10 00 000 1.2101892E+01 3.3691506E+00 -3.3146355E+00
2026 07 23 12 11 00 000 1.2095993E+01 3.3768237E+00 -3.3128600E+00
2026 07 23 12 12 00 000 1.2090065E+01 3.3844998E+00 -3.3110621E+00
2026 07 23 12 13 00 000 1.2084105E+01 3.3921757E+00 -3.3092422E+00
2026 07 23 12 14 00 000 1.2078116E+01 3.3998568E+00 -3.3074002E+00
2026 07 23 12 15 00 000 1.2072098E+01 3.4075320E+00 -3.3055346E+00
2026 07 23 12 16 00 000 1.2066047E+01 3.4152169E+00 -3.3036485E+00
2026 07 23 12 17 00 000 1.2059965E+01 3.4229016E+00 -3.3017402E+00
2026 07 23 12 18 00 000 1.2053854E+01 3.4305851E+00 -3.2998075E+00
2026 07 23 12 19 00 000 1.2047710E+01 3.4382737E+00 -3.2978549E+00
2026 07 23 12 20 00 000 1.2041538E+01 3.4459593E+00 -3.2958775E+00
2026 07 23 12 21 00 000 1.2035336E+01 3.4536471E+00 -3.2938774E+00
2026 07 23 12 22 00 000 1.2029101E+01 3.4613376E+00 -3.2918551E+00
2026 07 23 12 23 00 000 1.2022837E+01 3.4690309E+00 -3.2898111E+00
2026 07 23 12 24 00 000 1.2016542E+01 3.4767215E+00 -3.2877429E+00
2026 07 23 12 25 00 000 1.2010218E+01 3.4844127E+00 -3.2856510E+00
2026 07 23 12 26 00 000 1.2003859E+01 3.4921083E+00 -3.2835381E+00
2026 07 23 12 27 00 000 1.1997472E+01 3.4998040E+00 -3.2814014E+00
2026 07 23 12 28 00 000 1.1991054E+01 3.5075018E+00 -3.2792413E+00
2026 07 23 12 29 00 000 1.1984606E+01 3.5151947E+00 -3.2770574E+00
2026 07 23 12 30 00 000 1.1978125E+01 3.5228951E+00 -3.2748513E+00
2026 07 23 12 31 00 000 1.1971615E+01 3.5305922E+00 -3.2726209E+00
2026 07 23 12 32 00 000 1.1965074E+01 3.5382900E+00 -3.2703676E+00
2026 07 23 12 33 00 000 1.1958502E+01 3.5459909E+00 -3.2680912E+00
2026 07 23 12 34 00 000 1.1951900E+01 3.5536888E+00 -3.2657905E+00
2026 07 23 12 35 00 000 1.1945266E+01 3.5613909E+00 -3.2634671E+00
2026 07 23 12 36 00 000 1.1938600E+01 3.5690918E+00 -3.2611196E+00
2026 07 23 12 37 00 000 1.1931905E+01 3.5767941E+00 -3.2587488E+00
2026 07 23 12 38 00 000 1.1925179E+01 3.5844941E+00 -3.2563531E+00
2026 07 23 12 39 00 000 1.1918422E+01 3.5921938E+00 -3.2539344E+00
2026 07 23 12 40 00 000 1.1911634E+01 3.5998950E+00 -3.2514918E+00
2026 07 23 12 41 00 000 1.1904814E+01 3.6075988E+00 -3.2490251E+00
2026 07 23 12 42 00 000 1.1897964E+01 3.6153002E+00 -3.2465346E+00
2026 07 23 12 43 00 000 1.1891081E+01 3.6230028E+00 -3.2440195E+00
2026 07 23 12 44 00 000 1.1884171E+01 3.6307061E+00 -3.2414811E+00
2026 07 23 12 45 00 000 1.1877230E+01 3.6384013E+00 -3.2389164E+00
2026 07 23 12 46 00 000 1.1870255E+01 3.6461017E+00 -3.2363293E+00
2026 07 23 12 47 00 000 1.1863250E+01 3.6538036E+00 -3.2337179E+00
2026 07 23 12 48 00 000 1.1856213E+01 3.6615014E+00 -3.2310815E+00
2026 07 23 12 49 00 000 1.1849146E+01 3.6692011E+00 -3.2284210E+00
2026 07 23 12 50 00 000 1.1842050E+01 3.6768980E+00 -3.2257357E+00
2026 07 23 12 51 00 000 1.1834920E+01 3.6845942E+00 -3.2230256E+00
2026 07 23 12 52 00 000 1.1827760E+01 3.6922922E+00 -3.2202914E+00
2026 07 23 12 53 00 000 1.1820569E+01 3.6999867E+00 -3.2175317E+00
2026 07 23 12 54 00 000 1.1813344E+01 3.7076848E+00 -3.2147493E+00
2026 07 23 12 55 00 000 1.1806091E+01 3.7153738E+00 -3.2119393E+00
2026 07 23 12 56 00 000 1.1798806E+01 3.7230682E+00 -3.2091060E+00
2026 07 23 12 57 00 000 1.1791491E+01 3.7307613E+00 -3.2062490E+00
2026 07 23 12 58 00 000 1.1784144E+01 3.7384498E+00 -3.2033653E+00
2026 07 23 12 59 00 000 1.1776763E+01 3.7461400E+00 -3.2004576E+00
2026 07 23 13 00 00 000 1.1769354E+01 3.7538261E+00 -3.1975238E+00
2026 07 23 13 01 00 000 1.1761912E+01 3.7615128E+00 -3.1945658E+00
2026 07 23 13 02 00 000 1.1754440E+01 3.7691963E+00 -3.1915822E+00
2026 07 23 13 03 00 000 1.1746936E+01 3.7768807E+00 -3.1885743E+00
2026 07 23 13 04 00 000 1.1739400E+01 3.7845621E+00 -3.1855404E+00
2026 07 23 13 05 00 000 1.1731832E+01 3.7922428E+00 -3.1824815E+00
2026 07 23 13 06 00 000 1.1724234E+01 3.7999179E+00 -3.1793966E+00
2026 07 23 13 07 00 000 1.1716605E+01 3.8075950E+00 -3.1762874E+00
2026 07 23 13 08 00 000 1.1708943E+01 3.8152676E+00 -3.1731522E+00
2026 07 23 13 09 00 000 1.1701251E+01 3.8229392E+00 -3.1699915E+00
2026 07 23 13 10 00 000 1.1693527E+01 3.8306069E+00 -3.1668050E+00
2026 07 23 13 11 00 000 1.1685771E+01 3.8382742E+00 -3.1635935E+00
2026 07 23 13 12 00 000 1.1677984E+01 3.8459368E+00 -3.1603556E+00
2026 07 23 13 13 00 000 1.1670166E+01 3.8535986E+00 -3.1570923E+00
2026 07 23 13 14 00 000 1.1662317E+01 3.8612537E+00 -3.1538033E+00
2026 07 23 13 15 00 000 1.1654436E+01 3.8689101E+00 -3.1504886E+00
2026 07 23 13 16 00 000 1.1646521E+01 3.8765683E+00 -3.1471496E+00
2026 07 23 13 17 00 000 1.1638576E+01 3.8842168E+00 -3.1437836E+00
2026 07 23 13 18 00 000 1.1630600E+01 3.8918617E+00 -3.1403909E+00
2026 07 23 13 19 00 000 1.1622590E+01 3.8995087E+00 -3.1369731E+00
2026 07 23 13 20 00 000 1.1614552E+01 3.9071474E+00 -3.1335292E+00
2026 07 23 13 21 00 000 1.1606481E+01 3.9147863E+00 -3.1300595E+00
2026 07 23 13 22 00 000 1.1598375E+01 3.9224234E+00 -3.1265645E+00
2026 07 23 13 23 00 000 1.1590240E+01 3.9300551E+00 -3.1230423E+00
2026 07 23 13 24 00 000 1.1582073E+01 3.9376824E+00 -3.1194942E+00
2026 07 23 13 25 00 000 1.1573874E+01 3.9453027E+00 -3.1159194E+00
2026 07 23 13 26 00 000 1.1565644E+01 3.9529233E+00 -3.1123192E+00
2026 07 23 13 27 00 000 1.1557381E+01 3.9605424E+00 -3.1086931E+00
2026 07 23 13 28 00 000 1.1549086E+01 3.9681528E+00 -3.1050406E+00
2026 07 23 13 29 00 000 1.1540761E+01 3.9757609E+00 -3.1013608E+00
2026 07 23 13 30 00 000 1.1532400E+01 3.9833677E+00 -3.0976565E+00
2026 07 23 13 31 00 000 1.1524012E+01 3.9909647E+00 -3.0939245E+00
2026 07 23 13 32 00 000 1.1515591E+01 3.9985592E+00 -3.0901659E+00
2026 07 23 13 33 00 000 1.1507137E+01 4.0061493E+00 -3.0863807E+00
2026 07 23 13 34 00 000 1.1498650E+01 4.0137367E+00 -3.0825708E+00
2026 07 23 13 35 00 000 1.1490129E+01 4.0213189E+00 -3.0787334E+00
2026 07 23 13 36 00 000 1.1481581E+01 4.0288978E+00 -3.0748699E+00
2026 07 23 13 37 00 000 1.1472998E+01 4.0364671E+00 -3.0709789E+00
2026 07 23 13 38 00 000 1.1464382E+01 4.0440321E+00 -3.0670617E+00
2026 07 23 13 39 00 000 1.1455737E+01 4.0515966E+00 -3.0631187E+00
2026 07 23 13 40 00 000 1.1447056E+01 4.0591559E+00 -3.0591486E+00
2026 07 23 13 41 00 000 1.1438345E+01 4.0667071E+00 -3.0551522E+00
2026 07 23 13 42 00 000 1.1429601E+01 4.0742559E+00 -3.0511296E+00
2026 07 23 13 43 00 000 1.1420827E+01 4.0817947E+00 -3.0470786E+00
2026 07 23 13 44 00 000 1.1412017E+01 4.0893316E+00 -3.0430024E+00
2026 07 23 13 45 00 000 1.1403177E+01 4.0968580E+00 -3.0388985E+00
2026 07 23 13 46 00 000 1.1394306E+01 4.1043801E+00 -3.0347679E+00
2026 07 23 13 47 00 000 1.1385400E+01 4.1118989E+00 -3.0306118E+00
2026 07 23 13 48 00 000 1.1376462E+01 4.1194115E+00 -3.0264277E+00
2026 07 23 13 49 00 000 1.1367492E+01 4.1269159E+00 -3.0222168E+00
2026 07 23 13 50 00 000 1.1358490E+01 4.1344156E+00 -3.0179794E+00
2026 07 23 13 51 00 000 1.1349455E+01 4.1419096E+00 -3.0137157E+00
2026 07 23 13 52 00 000 1.1340387E+01 4.1493921E+00 -3.0094244E+00
2026 07 23 13 53 00 000 1.1331287E+01 4.1568718E+00 -3.0051062E+00
2026 07 23 13 54 00 000 1.1322156E+01 4.1643462E+00 -3.0007617E+00
2026 07 23 13 55 00 000 1.1312992E+01 4.1718111E+00 -2.9963901E+00
2026 07 23 13 56 00 000 1.1303792E+01 4.1792707E+00 -2.9919913E+00
2026 07 23 13 57 00 000 1.1294562E+01 4.1867208E+00 -2.9875650E+00
2026 07 23 13 58 00 000 1.1285299E+01 4.1941662E+00 -2.9831133E+00
2026 07 23 13 59 00 000 1.1276006E+01 4.2016020E+00 -2.9786336E+00
2026 07 23 14 00 00 000 1.1266677E+01 4.2090297E+00 -2.9741266E+00
2026 07 23 14 01 00 000 1.1257314E+01 4.2164569E+00 -2.9695942E+00
2026 07 23 14 02 00 000 1.1247918E+01 4.2238722E+00 -2.9650338E+00
2026 07 23 14 03 00 000 1.1238493E+01 4.2312760E+00 -2.9604464E+00
2026 07 23 14 04 00 000 1.1229033E+01 4.2386765E+00 -2.9558325E+00
2026 07 23 14 05 00 000 1.1219541E+01 4.2460670E+00 -2.9511912E+00
2026 07 23 14 06 00 000 1.1210015E+01 4.2534494E+00 -2.9465225E+00
2026 07 23 14 07 00 000 1.1200457E+01 4.2608223E+00 -2.9418271E+00
2026 07 23 14 08 00 000 1.1190865E+01 4.2681923E+00 -2.9371054E+00
2026 07 23 14 09 00 000 1.1181241E+01 4.2755475E+00 -2.9323559E+00
2026 07 23 14 10 00 000 1.1171582E+01 4.2828960E+00 -2.9275796E+00
2026 07 23 14 11 00 000 1.1161892E+01 4.2902355E+00 -2.9227762E+00
2026 07 23 14 12 00 000 1.1152169E+01 4.2975650E+00 -2.9179454E+00
2026 07 23 14 13 00 000 1.1142413E+01 4.3048854E+00 -2.9130886E+00
2026 07 23 14 14 00 000 1.1132624E+01 4.3121986E+00 -2.9082041E+00
2026 07 23 14 15 00 000 1.1122800E+01 4.3195033E+00 -2.9032929E+00
2026 07 23 14 16 00 000 1.1112946E+01 4.3267946E+00 -2.8983541E+00
2026 07 23 14 17 00 000 1.1103055E+01 4.3340802E+00 -2.8933890E+00
2026 07 23 14 18 00 000 1.1093133E+01 4.3413529E+00 -2.8883963E+00
2026 07 23 14 19 00 000 1.1083176E+01 4.3486195E+00 -2.8833778E+00
2026 07 23 14 20 00 000 1.1073187E+01 4.3558741E+00 -2.8783312E+00
2026 07 23 14 21 00 000 1.1063165E+01 4.3631177E+00 -2.8732579E+00
2026 07 23 14 22 00 000 1.1053108E+01 4.3703532E+00 -2.8681581E+00
2026 07 23 14 23 00 000 1.1043017E+01 4.3775797E+00 -2.8630311E+00
2026 07 23 14 24 00 000 1.1032894E+01 4.3847904E+00 -2.8578765E+00
2026 07 23 14 25 00 000 1.1022738E+01 4.3919921E+00 -2.8526955E+00
2026 07 23 14 26 00 000 1.1012547E+01 4.3991857E+00 -2.8474879E+00
2026 07 23 14 27 00 000 1.1002322E+01 4.4063687E+00 -2.8422539E+00
2026 07 23 14 28 00 000 1.0992064E+01 4.4135394E+00 -2.8369920E+00
2026 07 23 14 29 00 000 1.0981774E+01 4.4207006E+00 -2.8317039E+00
2026 07 23 14 30 00 000 1.0971450E+01 4.4278469E+00 -2.8263881E+00
2026 07 23 14 31 00 000 1.0961091E+01 4.4349823E+00 -2.8210459E+00
2026 07 23 14 32 00 000 1.0950700E+01 4.4421062E+00 -2.8156769E+00
2026 07 23 14 33 00 000 1.0940272E+01 4.4492202E+00 -2.8102813E+00
2026 07 23 14 34 00 000 1.0929813E+01 4.4563193E+00 -2.8048582E+00
2026 07 23 14 35 00 000 1.0919319E+01 4.4634099E+00 -2.7994094E+00
2026 07 23 14 36 00 000 1.0908792E+01 4.4704881E+00 -2.7939334E+00
2026 07 23 14 37 00 000 1.0898229E+01 4.4775553E+00 -2.7884312E+00
2026 07 23 14 38 00 000 1.0887634E+01 4.4846048E+00 -2.7829010E+00
2026 07 23 14 39 00 000 1.0877005E+01 4.4916449E+00 -2.7773457E+00
2026 07 23 14 40 00 000 1.0866342E+01 4.4986730E+00 -2.7717631E+00
2026 07 23 14 41 00 000 1.0855643E+01 4.5056896E+00 -2.7661545E+00
2026 07 23 14 42 00 000 1.0844912E+01 4.5126901E+00 -2.7605188E+00
2026 07 23 14 43 00 000 1.0834145E+01 4.5196815E+00 -2.7548566E+00
2026 07 23 14 44 00 000 1.0823345E+01 4.5266557E+00 -2.7491679E+00
2026 07 23 14 45 00 000 1.0812511E+01 4.5336161E+00 -2.7434528E+00
2026 07 23 14 46 00 000 1.0801642E+01 4.5405660E+00 -2.7377114E+00
2026 07 23 14 47 00 000 1.0790739E+01 4.5475011E+00 -2.7319434E+00
2026 07 23 14 48 00 000 1.0779801E+01 4.5544219E+00 -2.7261488E+00
2026 07 23 14 49 00 000 1.0768830E+01 4.5613265E+00 -2.7203276E+00
2026 07 23 14 50 00 000 1.0757825E+01 4.5682216E+00 -2.7144814E+00
2026 07 23 14 51 00 000 1.0746782E+01 4.5751019E+00 -2.7086082E+00
2026 07 23 14 52 00 000 1.0735709E+01 4.5819616E+00 -2.7027087E+00
2026 07 23 14 53 00 000 1.0724601E+01 4.5888124E+00 -2.6967833E+00
2026 07 23 14 54 00 000 1.0713455E+01 4.5956497E+00 -2.6908321E+00
2026 07 23 14 55 00 000 1.0702275E+01 4.6024704E+00 -2.6848543E+00
2026 07 23 14 56 00 000 1.0691064E+01 4.6092749E+00 -2.6788507E+00
2026 07 23 14 57 00 000 1.0679813E+01 4.6160669E+00 -2.6728213E+00
2026 07 23 14 58 00 000 1.0668531E+01 4.6228404E+00 -2.6667652E+00
2026 07 23 14 59 00 000 1.0657214E+01 4.6296005E+00 -2.6606839E+00
2026 07 23 15 00 00 000 1.0645861E+01 4.6363449E+00 -2.6545761E+00
2026 07 23 15 01 00 000 1.0634472E+01 4.6430759E+00 -2.6484437E+00
2026 07 23 15 02 00 000 1.0623049E+01 4.6497884E+00 -2.6422846E+00
2026 07 23 15 03 00 000 1.0611592E+01 4.6564856E+00 -2.6360998E+00
2026 07 23 15 04 00 000 1.0600100E+01 4.6631665E+00 -2.6298897E+00
2026 07 23 15 05 00 000 1.0588574E+01 4.6698270E+00 -2.6236532E+00
2026 07 23 15 06 00 000 1.0577011E+01 4.6764755E+00 -2.6173923E+00
2026 07 23 15 07 00 000 1.0565414E+01 4.6831045E+00 -2.6111052E+00
2026 07 23 15 08 00 000 1.0553782E+01 4.6897206E+00 -2.6047928E+00
2026 07 23 15 09 00 000 1.0542112E+01 4.6963201E+00 -2.5984557E+00
2026 07 23 15 10 00 000 1.0530409E+01 4.7029023E+00 -2.5920930E+00
2026 07 23 15 11 00 000 1.0518670E+01 4.7094665E+00 -2.5857041E+00
2026 07 23 15 12 00 000 1.0506898E+01 4.7160077E+00 -2.5792911E+00
2026 07 23 15 13 00 000 1.0495089E+01 4.7225375E+00 -2.5728524E+00
2026 07 23 15 14 00 000 1.0483244E+01 4.7290483E+00 -2.5663891E+00
2026 07 23 15 15 00 000 1.0471363E+01 4.7355418E+00 -2.5599005E+00
2026 07 23 15 16 00 000 1.0459448E+01 4.7420197E+00 -2.5533872E+00
2026 07 23 15 17 00 000 1.0447496E+01 4.7484717E+00 -2.5468483E+00
2026 07 23 15 18 00 000 1.0435511E+01 4.7549129E+00 -2.5402853E+00
2026 07 23 15 19 00 000 1.0423488E+01 4.7613339E+00 -2.5336974E+00
2026 07 23 15 20 00 000 1.0411429E+01 4.7677345E+00 -2.5270846E+00
2026 07 23 15 21 00 000 1.0399335E+01 4.7741179E+00 -2.5204480E+00
2026 07 23 15 22 00 000 1.0387205E+01 4.7804832E+00 -2.5137863E+00
2026 07 23 15 23 00 000 1.0375040E+01 4.7868266E+00 -2.5070999E+00
2026 07 23 15 24 00 000 1.0362841E+01 4.7931514E+00 -2.5003896E+00
2026 07 23 15 25 00 000 1.0350603E+01 4.7994566E+00 -2.4936545E+00
2026 07 23 15 26 00 000 1.0338330E+01 4.8057442E+00 -2.4868951E+00
2026 07 23 15 27 00 000 1.0326018E+01 4.8120146E+00 -2.4801123E+00
2026 07 23 15 28 00 000 1.0313674E+01 4.8182631E+00 -2.4733050E+00
2026 07 23 15 29 00 000 1.0301292E+01 4.8244905E+00 -2.4664738E+00
2026 07 23 15 30 00 000 1.0288875E+01 4.8306956E+00 -2.4596190E+00
2026 07 23 15 31 00 000 1.0276421E+01 4.8368816E+00 -2.4527395E+00
2026 07 23 15 32 00 000 1.0263932E+01 4.8430471E+00 -2.4458368E+00
2026 07 23 15 33 00 000 1.0251404E+01 4.8491950E+00 -2.4389107E+00
2026 07 23 15 34 00 000 1.0238843E+01 4.8553190E+00 -2.4319603E+00
2026 07 23 15 35 00 000 1.0226242E+01 4.8614249E+00 -2.4249873E+00
2026 07 23 15 36 00 000 1.0213606E+01 4.8675089E+00 -2.4179902E+00
2026 07 23 15 37 00 000 1.0200933E+01 4.8735728E+00 -2.4109700E+00
2026 07 23 15 38 00 000 1.0188226E+01 4.8796110E+00 -2.4039261E+00
2026 07 23 15 39 00 000 1.0175478E+01 4.8856325E+00 -2.3968596E+00
2026 07 23 15 40 00 000 1.0162697E+01 4.8916311E+00 -2.3897703E+00
2026 07 23 15 41 00 000 1.0149879E+01 4.8976049E+00 -2.3826578E+00
2026 07 23 15 42 00 000 1.0137023E+01 4.9035606E+00 -2.3755221E+00
2026 07 23 15 43 00 000 1.0124130E+01 4.9094930E+00 -2.3683643E+00
2026 07 23 15 44 00 000 1.0111199E+01 4.9154034E+00 -2.3611832E+00
2026 07 23 15 45 00 000 1.0098234E+01 4.9212890E+00 -2.3539793E+00
2026 07 23 15 46 00 000 1.0085231E+01 4.9271522E+00 -2.3467534E+00
2026 07 23 15 47 00 000 1.0072191E+01 4.9329939E+00 -2.3395050E+00
2026 07 23 15 48 00 000 1.0059114E+01 4.9388103E+00 -2.3322337E+00
2026 07 23 15 49 00 000 1.0045999E+01 4.9446073E+00 -2.3249409E+00
2026 07 23 15 50 00 000 1.0032847E+01 4.9503775E+00 -2.3176260E+00
2026 07 23 15 51 00 000 1.0019658E+01 4.9561267E+00 -2.3102887E+00
2026 07 23 15 52 00 000 1.0006434E+01 4.9618497E+00 -2.3029301E+00
2026 07 23 15 53 00 000 9.9931679E+00 4.9675531E+00 -2.2955489E+00
2026 07 23 15 54 00 000 9.9798660E+00 4.9732323E+00 -2.2881467E+00
2026 07 23 15 55 00 000 9.9665289E+00 4.9788833E+00 -2.2807226E+00
2026 07 23 15 56 00 000 9.9531517E+00 4.9845147E+00 -2.2732770E+00
2026 07 23 15 57 00 000 9.9397364E+00 4.9901185E+00 -2.2658103E+00
2026 07 23 15 58 00 000 9.9262886E+00 4.9956942E+00 -2.2583220E+00
2026 07 23 15 59 00 000 9.9127989E+00 5.0012517E+00 -2.2508128E+00
2026 07 23 16 00 00 000 9.8992710E+00 5.0067844E+00 -2.2432828E+00
2026 07 23 16 01 00 000 9.8857050E+00 5.0122919E+00 -2.2357316E+00
2026 07 23 16 02 00 000 9.8721027E+00 5.0177722E+00 -2.2281594E+00
2026 07 23 16 03 00 000 9.8584614E+00 5.0232253E+00 -2.2205665E+00
2026 07 23 16 04 00 000 9.8447828E+00 5.0286565E+00 -2.2129536E+00
2026 07 23 16 05 00 000 9.8310680E+00 5.0340576E+00 -2.2053196E+00
2026 07 23 16 06 00 000 9.8173122E+00 5.0394368E+00 -2.1976655E+00
2026 07 23 16 07 00 000 9.8035183E+00 5.0447888E+00 -2.1899908E+00
2026 07 23 16 08 00 000 9.7896862E+00 5.0501165E+00 -2.1822963E+00
2026 07 23 16 09 00 000 9.7758179E+00 5.0554142E+00 -2.1745818E+00
2026 07 23 16 10 00 000 9.7619114E+00 5.0606866E+00 -2.1668472E+00
2026 07 23 16 11 00 000 9.7479639E+00 5.0659332E+00 -2.1590934E+00
2026 07 23 16 12 00 000 9.7339802E+00 5.0711517E+00 -2.1513197E+00
2026 07 23 16 13 00 000 9.7199564E+00 5.0763431E+00 -2.1435261E+00
2026 07 23 16 14 00 000 9.7058954E+00 5.0815101E+00 -2.1357136E+00
2026 07 23 16 15 00 000 9.6917925E+00 5.0866508E+00 -2.1278813E+00
2026 07 23 16 16 00 000 9.6776552E+00 5.0917592E+00 -2.1200302E+00
2026 07 23 16 17 00 000 9.6634760E+00 5.0968437E+00 -2.1121597E+00
2026 07 23 16 18 00 000 9.6492596E+00 5.1018996E+00 -2.1042714E+00
2026 07 23 16 19 00 000 9.6350040E+00 5.1069260E+00 -2.0963631E+00
2026 07 23 16 20 00 000 9.6207094E+00 5.1119266E+00 -2.0884368E+00
2026 07 23 16 21 00 000 9.6063747E+00 5.1168962E+00 -2.0804920E+00
2026 07 23 16 22 00 000 9.5920000E+00 5.1218419E+00 -2.0725281E+00
2026 07 23 16 23 00 000 9.5775900E+00 5.1267543E+00 -2.0645473E+00
2026 07 23 16 24 00 000 9.5631361E+00 5.1316419E+00 -2.0565469E+00
2026 07 23 16 25 00 000 9.5486469E+00 5.1364975E+00 -2.0485296E+00
2026 07 23 16 26 00 000 9.5341167E+00 5.1413260E+00 -2.0404942E+00
2026 07 23 16 27 00 000 9.5195465E+00 5.1461244E+00 -2.0324409E+00
2026 07 23 16 28 00 000 9.5049372E+00 5.1508923E+00 -2.0243702E+00
2026 07 23 16 29 00 000 9.4902897E+00 5.1556315E+00 -2.0162816E+00
2026 07 23 16 30 00 000 9.4756021E+00 5.1603413E+00 -2.0081768E+00
2026 07 23 16 31 00 000 9.4608727E+00 5.1650209E+00 -2.0000539E+00
2026 07 23 16 32 00 000 9.4461050E+00 5.1696734E+00 -1.9919140E+00
2026 07 23 16 33 00 000 9.4312973E+00 5.1742921E+00 -1.9837577E+00
2026 07 23 16 34 00 000 9.4164486E+00 5.1788831E+00 -1.9755839E+00
2026 07 23 16 35 00 000 9.4015617E+00 5.1834412E+00 -1.9673941E+00
2026 07 23 16 36 00 000 9.3866339E+00 5.1879716E+00 -1.9591877E+00
2026 07 23 16 37 00 000 9.3716640E+00 5.1924720E+00 -1.9509647E+00
2026 07 23 16 38 00 000 9.3566580E+00 5.1969366E+00 -1.9427261E+00
2026 07 23 16 39 00 000 9.3416080E+00 5.2013726E+00 -1.9344711E+00
2026 07 23 16 40 00 000 9.3265190E+00 5.2057772E+00 -1.9262005E+00
2026 07 23 16 41 00 000 9.3113918E+00 5.2101483E+00 -1.9179145E+00
2026 07 23 16 42 00 000 9.2962198E+00 5.2144923E+00 -1.9096118E+00
2026 07 23 16 43 00 000 9.2810087E+00 5.2188039E+00 -1.9012946E+00
2026 07 23 16 44 00 000 9.2657585E+00 5.2230811E+00 -1.8929616E+00
2026 07 23 16 45 00 000 9.2504673E+00 5.2273259E+00 -1.8846134E+00
2026 07 23 16 46 00 000 9.2351341E+00 5.2315397E+00 -1.8762506E+00
2026 07 23 16 47 00 000 9.2197599E+00 5.2357221E+00 -1.8678730E+00
2026 07 23 16 48 00 000 9.2043447E+00 5.2398725E+00 -1.8594801E+00
2026 07 23 16 49 00 000 9.1888895E+00 5.2439871E+00 -1.8510733E+00
2026 07 23 16 50 00 000 9.1733923E+00 5.2480712E+00 -1.8426516E+00
2026 07 23 16 51 00 000 9.1578579E+00 5.2521191E+00 -1.8342161E+00
2026 07 23 16 52 00 000 9.1422768E+00 5.2561364E+00 -1.8257663E+00
2026 07 23 16 53 00 000 9.1266575E+00 5.2601185E+00 -1.8173027E+00
2026 07 23 16 54 00 000 9.1109953E+00 5.2640705E+00 -1.8088253E+00
2026 07 23 16 55 00 000 9.0952911E+00 5.2679896E+00 -1.8003339E+00
2026 07 23 16 56 00 000 9.0795469E+00 5.2718697E+00 -1.7918293E+00
2026 07 23 16 57 00 000 9.0637598E+00 5.2757206E+00 -1.7833114E+00
2026 07 23 16 58 00 000 9.0479317E+00 5.2795353E+00 -1.7747805E+00
2026 07 23 16 59 00 000 9.0320616E+00 5.2833152E+00 -1.7662364E+00
2026 07 23 17 00 00 000 9.0161486E+00 5.2870617E+00 -1.7576795E+00
2026 07 23 17 01 00 000 9.0001926E+00 5.2907772E+00 -1.7491100E+00
2026 07 23 17 02 00 000 8.9841995E+00 5.2944503E+00 -1.7405281E+00
2026 07 23 17 03 00 000 8.9681606E+00 5.2980919E+00 -1.7319334E+00
2026 07 23 17 04 00 000 8.9520788E+00 5.3017011E+00 -1.7233268E+00
2026 07 23 17 05 00 000 8.9359570E+00 5.3052707E+00 -1.7147080E+00
2026 07 23 17 06 00 000 8.9197912E+00 5.3088083E+00 -1.7060777E+00
2026 07 23 17 07 00 000 8.9035845E+00 5.3123074E+00 -1.6974353E+00
2026 07 23 17 08 00 000 8.8873339E+00 5.3157730E+00 -1.6887815E+00
2026 07 23 17 09 00 000 8.8710403E+00 5.3192053E+00 -1.6801164E+00
2026 07 23 17 10 00 000 8.8547068E+00 5.3225927E+00 -1.6714401E+00
2026 07 23 17 11 00 000 8.8383255E+00 5.3259540E+00 -1.6627525E+00
2026 07 23 17 12 00 000 8.8219051E+00 5.3292723E+00 -1.6540540E+00
2026 07 23 17 13 00 000 8.8054399E+00 5.3325591E+00 -1.6453450E+00
2026 07 23 17 14 00 000 8.7889328E+00 5.3358045E+00 -1.6366255E+00
2026 07 23 17 15 00 000 8.7723808E+00 5.3390160E+00 -1.6278957E+00
2026 07 23 17 16 00 000 8.7557878E+00 5.3421888E+00 -1.6191552E+00
2026 07 23 17 17 00 000 8.7391500E+00 5.3453264E+00 -1.6104051E+00
2026 07 23 17 18 00 000 8.7224693E+00 5.3484240E+00 -1.6016446E+00
2026 07 23 17 19 00 000 8.7057428E+00 5.3514910E+00 -1.5928743E+00
2026 07 23 17 20 00 000 8.6889753E+00 5.3545141E+00 -1.5840952E+00
2026 07 23 17 21 00 000 8.6721649E+00 5.3574977E+00 -1.5753062E+00
2026 07 23 17 22 00 000 8.6553078E+00 5.3604474E+00 -1.5665081E+00
2026 07 23 17 23 00 000 8.6384087E+00 5.3633599E+00 -1.5577009E+00
2026 07 23 17 24 00 000 8.6214657E+00 5.3662324E+00 -1.5488851E+00
2026 07 23 17 25 00 000 8.6044750E+00 5.3690686E+00 -1.5400598E+00
2026 07 23 17 26 00 000 8.5874462E+00 5.3718600E+00 -1.5312265E+00
2026 07 23 17 27 00 000 8.5703697E+00 5.3746195E+00 -1.5223848E+00
2026 07 23 17 28 00 000 8.5532475E+00 5.3773375E+00 -1.5135345E+00
2026 07 23 17 29 00 000 8.5360832E+00 5.3800149E+00 -1.5046773E+00
2026 07 23 17 30 00 000 8.5188732E+00 5.3826556E+00 -1.4958111E+00
2026 07 23 17 31 00 000 8.5016193E+00 5.3852544E+00 -1.4869378E+00
2026 07 23 17 32 00 000 8.4843197E+00 5.3878150E+00 -1.4780569E+00
2026 07 23 17 33 00 000 8.4669733E+00 5.3903394E+00 -1.4691682E+00
2026 07 23 17 34 00 000 8.4495869E+00 5.3928170E+00 -1.4602731E+00
2026 07 23 17 35 00 000 8.4321508E+00 5.3952613E+00 -1.4513702E+00
2026 07 23 17 36 00 000 8.4146709E+00 5.3976636E+00 -1.4424607E+00
2026 07 23 17 37 00 000 8.3971462E+00 5.4000244E+00 -1.4335450E+00
2026 07 23 17 38 00 000 8.3795767E+00 5.4023442E+00 -1.4246228E+00
2026 07 23 17 39 00 000 8.3619614E+00 5.4046245E+00 -1.4156939E+00
2026 07 23 17 40 00 000 8.3442993E+00 5.4068627E+00 -1.4067593E+00
2026 07 23 17 41 00 000 8.3265924E+00 5.4090629E+00 -1.3978180E+00
2026 07 23 17 42 00 000 8.3088398E+00 5.4112201E+00 -1.3888714E+00
2026 07 23 17 43 00 000 8.2910395E+00 5.4133377E+00 -1.3799193E+00
2026 07 23 17 44 00 000 8.2731962E+00 5.4154096E+00 -1.3709619E+00
2026 07 23 17 45 00 000 8.2553053E+00 5.4174428E+00 -1.3619992E+00
2026 07 23 17 46 00 000 8.2373676E+00 5.4194355E+00 -1.3530309E+00
2026 07 23 17 47 00 000 8.2193832E+00 5.4213858E+00 -1.3440578E+00
2026 07 23 17 48 00 000 8.2013521E+00 5.4232936E+00 -1.3350800E+00
2026 07 23 17 49 00 000 8.1832781E+00 5.4251547E+00 -1.3260983E+00
2026 07 23 17 50 00 000 8.1651535E+00 5.4269795E+00 -1.3171116E+00
2026 07 23 17 51 00 000 8.1469831E+00 5.4287605E+00 -1.3081212E+00
2026 07 23 17 52 00 000 8.1287670E+00 5.4304967E+00 -1.2991267E+00
2026 07 23 17 53 00 000 8.1105022E+00 5.4321933E+00 -1.2901278E+00
2026 07 23 17 54 00 000 8.0921898E+00 5.4338455E+00 -1.2811257E+00
2026 07 23 17 55 00 000 8.0738316E+00 5.4354534E+00 -1.2721202E+00
2026 07 23 17 56 00 000 8.0554266E+00 5.4370179E+00 -1.2631109E+00
2026 07 23 17 57 00 000 8.0369720E+00 5.4385419E+00 -1.2540988E+00
2026 07 23 17 58 00 000 8.0184717E+00 5.4400167E+00 -1.2450838E+00
2026 07 23 17 59 00 000 7.9999223E+00 5.4414535E+00 -1.2360660E+00
2026 07 23 18 00 00 000 7.9813247E+00 5.4428439E+00 -1.2270452E+00
2026 07 23 18 01 00 000 7.9626813E+00 5.4441881E+00 -1.2180223E+00
2026 07 23 18 02 00 000 7.9439893E+00 5.4454885E+00 -1.2089975E+00
2026 07 23 18 03 00 000 7.9252486E+00 5.4467449E+00 -1.1999705E+00
2026 07 23 18 04 00 000 7.9064589E+00 5.4479580E+00 -1.1909416E+00
2026 07 23 18 05 00 000 7.8876195E+00 5.4491282E+00 -1.1819100E+00
2026 07 23 18 06 00 000 7.8687339E+00 5.4502492E+00 -1.1728779E+00
2026 07 23 18 07 00 000 7.8497992E+00 5.4513254E+00 -1.1638436E+00
2026 07 23 18 08 00 000 7.8308153E+00 5.4523578E+00 -1.1548092E+00
2026 07 23 18 09 00 000 7.8117838E+00 5.4533424E+00 -1.1457734E+00
2026 07 23 18 10 00 000 7.7927022E+00 5.4542828E+00 -1.1367369E+00
2026 07 23 18 11 00 000 7.7735705E+00 5.4551778E+00 -1.1276993E+00
2026 07 23 18 12 00 000 7.7543888E+00 5.4560280E+00 -1.1186613E+00
2026 07 23 18 13 00 000 7.7351599E+00 5.4568291E+00 -1.1096231E+00
2026 07 23 18 14 00 000 7.7158794E+00 5.4575868E+00 -1.1005850E+00
2026 07 23 18 15 00 000 7.6965518E+00 5.4582953E+00 -1.0915470E+00
2026 07 23 18 16 00 000 7.6771727E+00 5.4589581E+00 -1.0825084E+00
2026 07 23 18 17 00 000 7.6577435E+00 5.4595718E+00 -1.0734712E+00
2026 07 23 18 18 00 000 7.6382632E+00 5.4601431E+00 -1.0644339E+00
2026 07 23 18 19 00 000 7.6187348E+00 5.4606628E+00 -1.0553985E+00
2026 07 23 18 20 00 000 7.5991540E+00 5.4611368E+00 -1.0463628E+00
2026 07 23 18 21 00 000 7.5795240E+00 5.4615631E+00 -1.0373286E+00
2026 07 23 18 22 00 000 7.5598426E+00 5.4619422E+00 -1.0282955E+00
2026 07 23 18 23 00 000 7.5401111E+00 5.4622712E+00 -1.0192641E+00
2026 07 23 18 24 00 000 7.5203295E+00 5.4625525E+00 -1.0102346E+00
2026 07 23 18 25 00 000 7.5004950E+00 5.4627867E+00 -1.0012068E+00
2026 07 23 18 26 00 000 7.4806089E+00 5.4629726E+00 -9.9218082E-01
2026 07 23 18 27 00 000 7.4606729E+00 5.4631090E+00 -9.8315662E-01
2026 07 23 18 28 00 000 7.4406848E+00 5.4631948E+00 -9.7413552E-01
2026 07 23 18 29 00 000 7.4206457E+00 5.4632344E+00 -9.6511662E-01
2026 07 23 18 30 00 000 7.4005561E+00 5.4632196E+00 -9.5610106E-01
2026 07 23 18 31 00 000 7.3804121E+00 5.4631615E+00 -9.4708759E-01
2026 07 23 18 32 00 000 7.3602161E+00 5.4630508E+00 -9.3807739E-01
2026 07 23 18 33 00 000 7.3399696E+00 5.4628892E+00 -9.2907053E-01
2026 07 23 18 34 00 000 7.3196673E+00 5.4626813E+00 -9.2006624E-01
2026 07 23 18 35 00 000 7.2993155E+00 5.4624200E+00 -9.1106635E-01
2026 07 23 18 36 00 000 7.2789092E+00 5.4621105E+00 -9.0207016E-01
2026 07 23 18 37 00 000 7.2584519E+00 5.4617476E+00 -8.9307803E-01
2026 07 23 18 38 00 000 7.2379417E+00 5.4613338E+00 -8.8409001E-01
2026 07 23 18 39 00 000 7.2173758E+00 5.4608712E+00 -8.7510598E-01
2026 07 23 18 40 00 000 7.1967578E+00 5.4603567E+00 -8.6612612E-01
2026 07 23 18 41 00 000 7.1760864E+00 5.4597917E+00 -8.5715085E-01
2026 07 23 18 42 00 000 7.1553617E+00 5.4591742E+00 -8.4818065E-01
2026 07 23 18 43 00 000 7.1345825E+00 5.4585042E+00 -8.3921599E-01
2026 07 23 18 44 00 000 7.1137514E+00 5.4577804E+00 -8.3025599E-01
2026 07 23 18 45 00 000 7.0928640E+00 5.4570069E+00 -8.2130110E-01
2026 07 23 18 46 00 000 7.0719218E+00 5.4561815E+00 -8.1235224E-01
2026 07 23 18 47 00 000 7.0509272E+00 5.4553027E+00 -8.0340821E-01
2026 07 23 18 48 00 000 7.0298786E+00 5.4543705E+00 -7.9447097E-01
2026 07 23 18 49 00 000 7.0087733E+00 5.4533839E+00 -7.8553951E-01
2026 07 23 18 50 00 000 6.9876137E+00 5.4523444E+00 -7.7661359E-01
2026 07 23 18 51 00 000 6.9663992E+00 5.4512520E+00 -7.6769471E-01
2026 07 23 18 52 00 000 6.9451294E+00 5.4501071E+00 -7.5878161E-01
2026 07 23 18 53 00 000 6.9238029E+00 5.4489074E+00 -7.4987566E-01
2026 07 23 18 54 00 000 6.9024229E+00 5.4476523E+00 -7.4097693E-01
2026 07 23 18 55 00 000 6.8809853E+00 5.4463420E+00 -7.3208463E-01
2026 07 23 18 56 00 000 6.8594923E+00 5.4449797E+00 -7.2319973E-01
2026 07 23 18 57 00 000 6.8379426E+00 5.4435620E+00 -7.1432185E-01
2026 07 23 18 58 00 000 6.8163362E+00 5.4420900E+00 -7.0545143E-01
2026 07 23 18 59 00 000 6.7946763E+00 5.4405608E+00 -6.9658941E-01
2026 07 23 19 00 00 000 6.7729568E+00 5.4389763E+00 -6.8773508E-01
2026 07 23 19 01 00 000 6.7511802E+00 5.4373364E+00 -6.7888826E-01
2026 07 23 19 02 00 000 6.7293487E+00 5.4356408E+00 -6.7004985E-01
2026 07 23 19 03 00 000 6.7074594E+00 5.4338875E+00 -6.6122049E-01
2026 07 23 19 04 00 000 6.6855102E+00 5.4320798E+00 -6.5239877E-01
2026 07 23 19 05 00 000 6.6635070E+00 5.4302130E+00 -6.4358634E-01
2026 07 23 19 06 00 000 6.6414452E+00 5.4282889E+00 -6.3478297E-01
2026 07 23 19 07 00 000 6.6193233E+00 5.4263091E+00 -6.2598813E-01
2026 07 23 19 08 00 000 6.5971456E+00 5.4242711E+00 -6.1720282E-01
2026 07 23 19 09 00 000 6.5749087E+00 5.4221759E+00 -6.0842675E-01
2026 07 23 19 10 00 000 6.5526118E+00 5.4200220E+00 -5.9965986E-01
2026 07 23 19 11 00 000 6.5302572E+00 5.4178138E+00 -5.9090298E-01
2026 07 23 19 12 00 000 6.5078440E+00 5.4155407E+00 -5.8215600E-01
2026 07 23 19 13 00 000 6.4853721E+00 5.4132123E+00 -5.7341975E-01
2026 07 23 19 14 00 000 6.4628401E+00 5.4108238E+00 -5.6469250E-01
2026 07 23 19 15 00 000 6.4402480E+00 5.4083776E+00 -5.5597603E-01
2026 07 23 19 16 00 000 6.4175968E+00 5.4058700E+00 -5.4727000E-01
2026 07 23 19 17 00 000 6.3948851E+00 5.4033012E+00 -5.3857476E-01
2026 07 23 19 18 00 000 6.3721132E+00 5.4006763E+00 -5.2989072E-01
2026 07 23 19 19 00 000 6.3492823E+00 5.3979869E+00 -5.2121741E-01
2026 07 23 19 20 00 000 6.3263893E+00 5.3952398E+00 -5.1255488E-01
2026 07 23 19 21 00 000 6.3034363E+00 5.3924313E+00 -5.0390446E-01
2026 07 23 19 22 00 000 6.2804217E+00 5.3895593E+00 -4.9526504E-01
2026 07 23 19 23 00 000 6.2573471E+00 5.3866258E+00 -4.8663810E-01
2026 07 23 19 24 00 000 6.2342091E+00 5.3836322E+00 -4.7802198E-01
2026 07 23 19 25 00 000 6.2110109E+00 5.3805757E+00 -4.6941823E-01
2026 07 23 19 26 00 000 6.1877494E+00 5.3774576E+00 -4.6082649E-01
2026 07 23 19 27 00 000 6.1644273E+00 5.3742747E+00 -4.5224753E-01
2026 07 23 19 28 00 000 6.1410418E+00 5.3710308E+00 -4.4368047E-01
2026 07 23 19 29 00 000 6.1175952E+00 5.3677220E+00 -4.3512708E-01
2026 07 23 19 30 00 000 6.0940852E+00 5.3643479E+00 -4.2658597E-01
2026 07 23 19 31 00 000 6.0705128E+00 5.3609114E+00 -4.1805801E-01
2026 07 23 19 32 00 000 6.0468745E+00 5.3574123E+00 -4.0954196E-01
2026 07 23 19 33 00 000 6.0231738E+00 5.3538485E+00 -4.0103993E-01
2026 07 23 19 34 00 000 5.9994097E+00 5.3502173E+00 -3.9255169E-01
2026 07 23 19 35 00 000 5.9755826E+00 5.3465209E+00 -3.8407692E-01
2026 07 23 19 36 00 000 5.9516892E+00 5.3427596E+00 -3.7561539E-01
2026 07 23 19 37 00 000 5.9277353E+00 5.3389297E+00 -3.6716896E-01
2026 07 23 19 38 00 000 5.9037118E+00 5.3350382E+00 -3.5873532E-01
2026 07 23 19 39 00 000 5.8796244E+00 5.3310781E+00 -3.5031623E-01
2026 07 23 19 40 00 000 5.8554745E+00 5.3270497E+00 -3.4191194E-01
2026 07 23 19 41 00 000 5.8312583E+00 5.3229532E+00 -3.3352277E-01
2026 07 23 19 42 00 000 5.8069739E+00 5.3187923E+00 -3.2514682E-01
2026 07 23 19 43 00 000 5.7826271E+00 5.3145576E+00 -3.1678736E-01
2026 07 23 19 44 00 000 5.7582121E+00 5.3102579E+00 -3.0844197E-01
2026 07 23 19 45 00 000 5.7337308E+00 5.3058891E+00 -3.0011180E-01
2026 07 23 19 46 00 000 5.7091827E+00 5.3014507E+00 -2.9179728E-01
2026 07 23 19 47 00 000 5.6845684E+00 5.2969432E+00 -2.8349844E-01
2026 07 23 19 48 00 000 5.6598873E+00 5.2923622E+00 -2.7521485E-01
2026 07 23 19 49 00 000 5.6351361E+00 5.2877150E+00 -2.6694727E-01
2026 07 23 19 50 00 000 5.6103191E+00 5.2829947E+00 -2.5869590E-01
2026 07 23 19 51 00 000 5.5854335E+00 5.2782040E+00 -2.5046030E-01
2026 07 23 19 52 00 000 5.5604815E+00 5.2733388E+00 -2.4224165E-01
2026 07 23 19 53 00 000 5.5354590E+00 5.2684031E+00 -2.3403908E-01
2026 07 23 19 54 00 000 5.5103679E+00 5.2633958E+00 -2.2585294E-01
2026 07 23 19 55 00 000 5.4852076E+00 5.2583137E+00 -2.1768394E-01
2026 07 23 19 56 00 000 5.4599781E+00 5.2531590E+00 -2.0953138E-01
2026 07 23 19 57 00 000 5.4346766E+00 5.2479324E+00 -2.0139572E-01
2026 07 23 19 58 00 000 5.4093084E+00 5.2426295E+00 -1.9327848E-01
2026 07 23 19 59 00 000 5.3838687E+00 5.2372508E+00 -1.8517812E-01
2026 07 23 20 00 00 000 5.3583589E+00 5.2317967E+00 -1.7709525E-01
2026 07 23 20 01 00 000 5.3327827E+00 5.2262640E+00 -1.6901924E-01
2026 07 23 20 02 00 000 5.3071303E+00 5.2206588E+00 -1.6097178E-01
2026 07 23 20 03 00 000 5.2814069E+00 5.2149754E+00 -1.5294282E-01
2026 07 23 20 04 00 000 5.2556114E+00 5.2092166E+00 -1.4493220E-01
2026 07 23 20 05 00 000 5.2297430E+00 5.2033806E+00 -1.3693929E-01
2026 07 23 20 06 00 000 5.2038050E+00 5.1974635E+00 -1.2896641E-01
2026 07 23 20 07 00 000 5.1777906E+00 5.1914687E+00 -1.2101056E-01
2026 07 23 20 08 00 000 5.1517062E+00 5.1853952E+00 -1.1307474E-01
2026 07 23 20 09 00 000 5.1255465E+00 5.1792417E+00 -1.0515747E-01
2026 07 23 20 10 00 000 5.0993147E+00 5.1730070E+00 -9.7259745E-02
2026 07 23 20 11 00 000 5.0730071E+00 5.1666923E+00 -8.9381106E-02
2026 07 23 20 12 00 000 5.0466266E+00 5.1602950E+00 -8.1522197E-02
2026 07 23 20 13 00 000 5.0201697E+00 5.1538181E+00 -7.3682226E-02
2026 07 23 20 14 00 000 4.9936385E+00 5.1472564E+00 -6.5862522E-02
2026 07 23 20 15 00 000 4.9670334E+00 5.1406131E+00 -5.8063276E-02
2026 07 23 20 16 00 000 4.9403529E+00 5.1338830E+00 -5.0284233E-02
2026 07 23 20 17 00 000 4.9135957E+00 5.1270700E+00 -4.2525649E-02
2026 07 23 20 18 00 000 4.8867621E+00 5.1201715E+00 -3.4787569E-02
2026 07 23 20 19 00 000 4.8598504E+00 5.1131897E+00 -2.7069220E-02
2026 07 23 20 20 00 000 4.8328633E+00 5.1061206E+00 -1.9372335E-02
2026 07 23 20 21 00 000 4.8057981E+00 5.0989642E+00 -1.1696678E-02
2026 07 23 20 22 00 000 4.7786565E+00 5.0917201E+00 -4.0421733E-03
2026 07 23 20 23 00 000 4.7514367E+00 5.0843863E+00 3.5906797E-03
2026 07 23 20 24 00 000 4.7241368E+00 5.0769668E+00 1.1202495E-02
2026 07 23 20 25 00 000 4.6967592E+00 5.0694571E+00 1.8792583E-02
2026 07 23 20 26 00 000 4.6693015E+00 5.0618558E+00 2.6360596E-02
2026 07 23 20 27 00 000 4.6417670E+00 5.0541635E+00 3.3905655E-02
2026 07 23 20 28 00 000 4.6141505E+00 5.0463805E+00 4.1429602E-02
2026 07 23 20 29 00 000 4.5864539E+00 5.0385056E+00 4.8930902E-02
2026 07 23 20 30 00 000 4.5586772E+00 5.0305347E+00 5.6409512E-02
2026 07 23 20 31 00 000 4.5308170E+00 5.0224748E+00 6.3865900E-02
2026 07 23 20 32 00 000 4.5028787E+00 5.0143180E+00 7.1298376E-02
2026 07 23 20 33 00 000 4.4748569E+00 5.0060658E+00 7.8708313E-02
2026 07 23 20 34 00 000 4.4467545E+00 4.9977174E+00 8.6094156E-02
2026 07 23 20 35 00 000 4.4185672E+00 4.9892716E+00 9.3457349E-02
2026 07 23 20 36 00 000 4.3902984E+00 4.9807272E+00 1.0079620E-01
2026 07 23 20 37 00 000 4.3619452E+00 4.9720860E+00 1.0811134E-01
2026 07 23 20 38 00 000 4.3335094E+00 4.9633451E+00 1.1540203E-01
2026 07 23 20 39 00 000 4.3049874E+00 4.9545050E+00 1.2266957E-01
2026 07 23 20 40 00 000 4.2763820E+00 4.9455619E+00 1.2991190E-01
2026 07 23 20 41 00 000 4.2476921E+00 4.9365168E+00 1.3712901E-01
2026 07 23 20 42 00 000 4.2189159E+00 4.9273701E+00 1.4432202E-01
2026 07 23 20 43 00 000 4.1900535E+00 4.9181190E+00 1.5148988E-01
2026 07 23 20 44 00 000 4.1611061E+00 4.9087615E+00 1.5863216E-01
2026 07 23 20 45 00 000 4.1320705E+00 4.8993011E+00 1.6574907E-01
2026 07 23 20 46 00 000 4.1029487E+00 4.8897333E+00 1.7284010E-01
2026 07 23 20 47 00 000 4.0737386E+00 4.8800564E+00 1.7990528E-01
2026 07 23 20 48 00 000 4.0444412E+00 4.8702712E+00 1.8694447E-01
2026 07 23 20 49 00 000 4.0150537E+00 4.8603773E+00 1.9395740E-01
2026 07 23 20 50 00 000 3.9855776E+00 4.8503728E+00 2.0094383E-01
2026 07 23 20 51 00 000 3.9560122E+00 4.8402562E+00 2.0790350E-01
2026 07 23 20 52 00 000 3.9263585E+00 4.8300257E+00 2.1483524E-01
2026 07 23 20 53 00 000 3.8966124E+00 4.8196826E+00 2.2174084E-01
2026 07 23 20 54 00 000 3.8667755E+00 4.8092246E+00 2.2861874E-01
2026 07 23 20 55 00 000 3.8368473E+00 4.7986507E+00 2.3546898E-01
2026 07 23 20 56 00 000 3.8068271E+00 4.7879591E+00 2.4229139E-01
2026 07 23 20 57 00 000 3.7767153E+00 4.7771487E+00 2.4908525E-01
2026 07 23 20 58 00 000 3.7465110E+00 4.7662177E+00 2.5585052E-01
2026 07 23 20 59 00 000 3.7162116E+00 4.7551689E+00 2.6258808E-01
2026 07 23 21 00 00 000 3.6858203E+00 4.7439942E+00 2.6929575E-01
2026 07 23 21 01 00 000 3.6553333E+00 4.7326994E+00 2.7597490E-01
2026 07 23 21 02 00 000 3.6247530E+00 4.7212768E+00 2.8262410E-01
2026 07 23 21 03 00 000 3.5940757E+00 4.7097301E+00 2.8924397E-01
2026 07 23 21 04 00 000 3.5633042E+00 4.6980557E+00 2.9583365E-01
2026 07 23 21 05 00 000 3.5324349E+00 4.6862521E+00 3.0239338E-01
2026 07 23 21 06 00 000 3.5014713E+00 4.6743164E+00 3.0892164E-01
2026 07 23 21 07 00 000 3.4704063E+00 4.6622534E+00 3.1542039E-01
2026 07 23 21 08 00 000 3.4392450E+00 4.6500554E+00 3.2188773E-01
2026 07 23 21 09 00 000 3.4079862E+00 4.6377230E+00 3.2832304E-01
2026 07 23 21 10 00 000 3.3766272E+00 4.6252542E+00 3.3472744E-01
2026 07 23 21 11 00 000 3.3451688E+00 4.6126471E+00 3.4109944E-01
2026 07 23 21 12 00 000 3.3136101E+00 4.5999022E+00 3.4743914E-01
2026 07 23 21 13 00 000 3.2819533E+00 4.5870152E+00 3.5374555E-01
2026 07 23 21 14 00 000 3.2501919E+00 4.5739875E+00 3.6002031E-01
2026 07 23 21 15 00 000 3.2183306E+00 4.5608139E+00 3.6626059E-01
2026 07 23 21 16 00 000 3.1863670E+00 4.5474954E+00 3.7246761E-01
2026 07 23 21 17 00 000 3.1542993E+00 4.5340290E+00 3.7864092E-01
2026 07 23 21 18 00 000 3.1221287E+00 4.5204134E+00 3.8477993E-01
2026 07 23 21 19 00 000 3.0898542E+00 4.5066466E+00 3.9088336E-01
2026 07 23 21 20 00 000 3.0574749E+00 4.4927263E+00 3.9695266E-01
2026 07 23 21 21 00 000 3.0249906E+00 4.4786510E+00 4.0298617E-01
2026 07 23 21 22 00 000 2.9924002E+00 4.4644189E+00 4.0898380E-01
2026 07 23 21 23 00 000 2.9597037E+00 4.4500284E+00 4.1494504E-01
2026 07 23 21 24 00 000 2.9268997E+00 4.4354763E+00 4.2086989E-01
2026 07 23 21 25 00 000 2.8939903E+00 4.4207606E+00 4.2675674E-01
2026 07 23 21 26 00 000 2.8609712E+00 4.4058800E+00 4.3260631E-01
2026 07 23 21 27 00 000 2.8278418E+00 4.3908334E+00 4.3841904E-01
2026 07 23 21 28 00 000 2.7946043E+00 4.3756161E+00 4.4419277E-01
2026 07 23 21 29 00 000 2.7612572E+00 4.3602252E+00 4.4992715E-01
2026 07 23 21 30 00 000 2.7277992E+00 4.3446622E+00 4.5562258E-01
2026 07 23 21 31 00 000 2.6942294E+00 4.3289218E+00 4.6127826E-01
2026 07 23 21 32 00 000 2.6605492E+00 4.3130026E+00 4.6689284E-01
2026 07 23 21 33 00 000 2.6267555E+00 4.2969007E+00 4.7246712E-01
2026 07 23 21 34 00 000 2.5928502E+00 4.2806153E+00 4.7799951E-01
2026 07 23 21 35 00 000 2.5588298E+00 4.2641435E+00 4.8349017E-01
2026 07 23 21 36 00 000 2.5246949E+00 4.2474818E+00 4.8893851E-01
2026 07 23 21 37 00 000 2.4904466E+00 4.2306271E+00 4.9434325E-01
2026 07 23 21 38 00 000 2.4560828E+00 4.2135777E+00 4.9970433E-01
2026 07 23 21 39 00 000 2.4216022E+00 4.1963301E+00 5.0502121E-01
2026 07 23 21 40 00 000 2.3870046E+00 4.1788826E+00 5.1029325E-01
2026 07 23 21 41 00 000 2.3522897E+00 4.1612291E+00 5.1551956E-01
2026 07 23 21 42 00 000 2.3174570E+00 4.1433697E+00 5.2069950E-01
2026 07 23 21 43 00 000 2.2825067E+00 4.1252990E+00 5.2583224E-01
2026 07 23 21 44 00 000 2.2474356E+00 4.1070151E+00 5.3091776E-01
2026 07 23 21 45 00 000 2.2122474E+00 4.0885134E+00 5.3595370E-01
2026 07 23 21 46 00 000 2.1769373E+00 4.0697918E+00 5.4094112E-01
2026 07 23 21 47 00 000 2.1415069E+00 4.0508456E+00 5.4587829E-01
2026 07 23 21 48 00 000 2.1059551E+00 4.0316710E+00 5.5076480E-01
2026 07 23 21 49 00 000 2.0702806E+00 4.0122666E+00 5.5559963E-01
2026 07 23 21 50 00 000 2.0344846E+00 3.9926250E+00 5.6038177E-01
2026 07 23 21 51 00 000 1.9985645E+00 3.9727449E+00 5.6511033E-01
2026 07 23 21 52 00 000 1.9625221E+00 3.9526210E+00 5.6978434E-01
2026 07 23 21 53 00 000 1.9263546E+00 3.9322486E+00 5.7440305E-01
2026 07 23 21 54 00 000 1.8900623E+00 3.9116249E+00 5.7896566E-01
2026 07 23 21 55 00 000 1.8536463E+00 3.8907444E+00 5.8347028E-01
2026 07 23 21 56 00 000 1.8171034E+00 3.8696039E+00 5.8791679E-01
2026 07 23 21 57 00 000 1.7804358E+00 3.8481970E+00 5.9230340E-01
2026 07 23 21 58 00 000 1.7436414E+00 3.8265190E+00 5.9662920E-01
2026 07 23 21 59 00 000 1.7067188E+00 3.8045659E+00 6.0089344E-01
2026 07 23 22 00 00 000 1.6696696E+00 3.7823322E+00 6.0509425E-01
2026 07 23 22 01 00 000 1.6324935E+00 3.7598121E+00 6.0923028E-01
2026 07 23 22 02 00 000 1.5951898E+00 3.7370007E+00 6.1330038E-01
2026 07 23 22 03 00 000 1.5577576E+00 3.7138925E+00 6.1730343E-01
2026 07 23 22 04 00 000 1.5201964E+00 3.6904807E+00 6.2123758E-01
2026 07 23 22 05 00 000 1.4825077E+00 3.6667609E+00 6.2510157E-01
2026 07 23 22 06 00 000 1.4446895E+00 3.6427262E+00 6.2889391E-01
2026 07 23 22 07 00 000 1.4067428E+00 3.6183696E+00 6.3261265E-01
2026 07 23 22 08 00 000 1.3686680E+00 3.5936859E+00 6.3625592E-01
2026 07 23 22 09 00 000 1.3304638E+00 3.5686669E+00 6.3982242E-01
2026 07 23 22 10 00 000 1.2921306E+00 3.5433073E+00 6.4331037E-01
2026 07 23 22 11 00 000 1.2536683E+00 3.5175977E+00 6.4671773E-01
2026 07 23 22 12 00 000 1.2150778E+00 3.4915318E+00 6.5004206E-01
2026 07 23 22 13 00 000 1.1763602E+00 3.4651024E+00 6.5328151E-01
2026 07 23 22 14 00 000 1.1375139E+00 3.4383011E+00 6.5643442E-01
2026 07 23 22 15 00 000 1.0985410E+00 3.4111192E+00 6.5949744E-01
2026 07 23 22 16 00 000 1.0594409E+00 3.3835492E+00 6.6246915E-01
2026 07 23 22 17 00 000 1.0202149E+00 3.3555806E+00 6.6534668E-01
2026 07 23 22 18 00 000 9.8086363E-01 3.3272061E+00 6.6812742E-01
2026 07 23 22 19 00 000 9.4138908E-01 3.2984149E+00 6.7080837E-01
2026 07 23 22 20 00 000 9.0179157E-01 3.2691970E+00 6.7338675E-01
2026 07 23 22 21 00 000 8.6207110E-01 3.2395434E+00 6.7586017E-01
2026 07 23 22 22 00 000 8.2223082E-01 3.2094436E+00 6.7822498E-01
2026 07 23 22 23 00 000 7.8227180E-01 3.1788852E+00 6.8047798E-01
2026 07 23 22 24 00 000 7.4219590E-01 3.1478579E+00 6.8261564E-01
2026 07 23 22 25 00 000 7.0200676E-01 3.1163499E+00 6.8463379E-01
2026 07 23 22 26 00 000 6.6170341E-01 3.0843487E+00 6.8652970E-01
2026 07 23 22 27 00 000 6.2129104E-01 3.0518417E+00 6.8829870E-01
2026 07 23 22 28 00 000 5.8077103E-01 3.0188158E+00 6.8993664E-01
2026 07 23 22 29 00 000 5.4014677E-01 2.9852569E+00 6.9143969E-01
2026 07 23 22 30 00 000 4.9942413E-01 2.9511514E+00 6.9280183E-01
2026 07 23 22 31 00 000 4.5860347E-01 2.9164834E+00 6.9401932E-01
2026 07 23 22 32 00 000 4.1769114E-01 2.8812389E+00 6.9508654E-01
2026 07 23 22 33 00 000 3.7669200E-01 2.8454008E+00 6.9599783E-01
2026 07 23 22 34 00 000 3.3560973E-01 2.8089530E+00 6.9674802E-01
2026 07 23 22 35 00 000 2.9445261E-01 2.7718780E+00 6.9733030E-01
2026 07 23 22 36 00 000 2.5322568E-01 2.7341571E+00 6.9773841E-01
2026 07 23 22 37 00 000 2.1193559E-01 2.6957724E+00 6.9796574E-01
2026 07 23 22 38 00 000 1.7059074E-01 2.6567037E+00 6.9800508E-01
2026 07 23 22 39 00 000 1.2920018E-01 2.6169305E+00 6.9784856E-01
2026 07 23 22 40 00 000 8.7772079E-02 2.5764325E+00 6.9748825E-01
2026 07 23 22 41 00 000 4.6318155E-02 2.5351865E+00 6.9691539E-01
2026 07 23 22 42 00 000 4.8487168E-03 2.4931698E+00 6.9612128E-01
2026 07 23 22 43 00 000 -3.6623318E-02 2.4503586E+00 6.9509602E-01
2026 07 23 22 44 00 000 -7.8083239E-02 2.4067276E+00 6.9382894E-01
2026 07 23 22 45 00 000 -1.1951725E-01 2.3622508E+00 6.9230986E-01
2026 07 23 22 46 00 000 -1.6090719E-01 2.3169007E+00 6.9052684E-01
2026 07 23 22 47 00 000 -2.0223571E-01 2.2706506E+00 6.8846816E-01
2026 07 23 22 48 00 000 -2.4348216E-01 2.2234690E+00 6.8611991E-01
2026 07 23 22 49 00 000 -2.8462315E-01 2.1753278E+00 6.8346834E-01
2026 07 23 22 50 00 000 -3.2563588E-01 2.1261935E+00 6.8049937E-01
2026 07 23 22 51 00 000 -3.6649153E-01 2.0760348E+00 6.7719626E-01
2026 07 23 22 52 00 000 -4.0716103E-01 2.0248172E+00 6.7354286E-01
2026 07 23 22 53 00 000 -4.4761112E-01 1.9725059E+00 6.6952103E-01
2026 07 23 22 54 00 000 -4.8780516E-01 1.9190654E+00 6.6511178E-01
2026 07 23 22 55 00 000 -5.2770227E-01 1.8644589E+00 6.6029465E-01
2026 07 23 22 56 00 000 -5.6725991E-01 1.8086481E+00 6.5504879E-01
2026 07 23 22 57 00 000 -6.0642743E-01 1.7515956E+00 6.4935046E-01
2026 07 23 22 58 00 000 -6.4515191E-01 1.6932614E+00 6.4317584E-01
2026 07 23 22 59 00 000 -6.8337333E-01 1.6336077E+00 6.3649893E-01
2026 07 23 23 00 00 000 -7.2102576E-01 1.5725954E+00 6.2929231E-01
2026 07 23 23 01 00 000 -7.5803745E-01 1.5101854E+00 6.2152684E-01
2026 07 23 23 02 00 000 -7.9432946E-01 1.4463406E+00 6.1317259E-01
2026 07 23 23 03 00 000 -8.2981354E-01 1.3810260E+00 6.0419726E-01
2026 07 23 23 04 00 000 -8.6439395E-01 1.3142085E+00 5.9456706E-01
2026 07 23 23 05 00 000 -8.9796633E-01 1.2458580E+00 5.8424753E-01
2026 07 23 23 06 00 000 -9.3041497E-01 1.1759501E+00 5.7320201E-01
2026 07 23 23 07 00 000 -9.6161616E-01 1.1044648E+00 5.6139362E-01
2026 07 23 23 08 00 000 -9.9143380E-01 1.0313915E+00 5.4878473E-01
2026 07 23 23 09 00 000 -1.0197220E+00 9.5672768E-01 5.3533673E-01
2026 07 23 23 10 00 000 -1.0463239E+00 8.8048202E-01 5.2101278E-01
2026 07 23 23 11 00 000 -1.0710727E+00 8.0267698E-01 5.0577605E-01
2026 07 23 23 12 00 000 -1.0937920E+00 7.2335148E-01 4.8959187E-01
2026 07 23 23 13 00 000 -1.1142979E+00 6.4256155E-01 4.7242904E-01
2026 07 23 23 14 00 000 -1.1324002E+00 5.6038523E-01 4.5426059E-01
2026 07 23 23 15 00 000 -1.1479056E+00 4.7692356E-01 4.3506485E-01
2026 07 23 23 16 00 000 -1.1606221E+00 3.9230168E-01 4.1482747E-01
2026 07 23 23 17 00 000 -1.1703622E+00 3.0667242E-01 3.9354292E-01
2026 07 23 23 18 00 000 -1.1769490E+00 2.2021529E-01 3.7121552E-01
2026 07 23 23 19 00 000 -1.1802207E+00 1.3313505E-01 3.4786147E-01
2026 07 23 23 20 00 000 -1.1800381E+00 4.5662094E-02 3.2350889E-01
2026 07 23 23 21 00 000 -1.1762892E+00 -4.1952375E-02 2.9819918E-01
2026 07 23 23 22 00 000 -1.1688952E+00 -1.2944119E-01 2.7198693E-01
2026 07 23 23 23 00 000 -1.1578144E+00 -2.1652685E-01 2.4493900E-01
2026 07 23 23 24 00 000 -1.1430452E+00 -3.0292854E-01 2.1713375E-01
2026 07 23 23 25 00 000 -1.1246274E+00 -3.8837034E-01 1.8865891E-01
2026 07 23 23 26 00 000 -1.1026409E+00 -4.7258729E-01 1.5960936E-01
2026 07 23 23 27 00 000 -1.0772034E+00 -5.5533326E-01 1.3008457E-01
2026 07 23 23 28 00 000 -1.0484655E+00 -6.3638651E-01 1.0018587E-01
2026 07 23 23 29 00 000 -1.0166059E+00 -7.1555454E-01 7.0013627E-02
2026 07 23 23 30 00 000 -9.8182368E-01 -7.9267621E-01 3.9664969E-02
2026 07 23 23 31 00 000 -9.4433361E-01 -8.6762261E-01 9.2317136E-03
2026 07 23 23 32 00 000 -9.0435898E-01 -9.4029635E-01 -2.1200793E-02
2026 07 23 23 33 00 000 -8.6212367E-01 -1.0106323E+00 -5.1555831E-02
2026 07 23 23 34 00 000 -8.1785184E-01 -1.0785919E+00 -8.1764318E-02
2026 07 23 23 35 00 000 -7.7175874E-01 -1.1441624E+00 -1.1176640E-01
2026 07 23 23 36 00 000 -7.2405183E-01 -1.2073519E+00 -1.4151047E-01
2026 07 23 23 37 00 000 -6.7492539E-01 -1.2681872E+00 -1.7095323E-01
2026 07 23 23 38 00 000 -6.2456095E-01 -1.3267096E+00 -2.0005889E-01
2026 07 23 23 39 00 000 -5.7312661E-01 -1.3829714E+00 -2.2879837E-01
2026 07 23 23 40 00 000 -5.2077651E-01 -1.4370346E+00 -2.5714871E-01
2026 07 23 23 41 00 000 -4.6764958E-01 -1.4889677E+00 -2.8509280E-01
2026 07 23 23 42 00 000 -4.1387221E-01 -1.5388426E+00 -3.1261769E-01
2026 07 23 23 43 00 000 -3.5955843E-01 -1.5867349E+00 -3.3971488E-01
2026 07 23 23 44 00 000 -3.0480972E-01 -1.6327206E+00 -3.6637929E-01
2026 07 23 23 45 00 000 -2.4971703E-01 -1.6768763E+00 -3.9260840E-01
2026 07 23 23 46 00 000 -1.9436139E-01 -1.7192777E+00 -4.1840246E-01
2026 07 23 23 47 00 000 -1.3881546E-01 -1.7599999E+00 -4.4376320E-01
2026 07 23 23 48 00 000 -8.3141185E-02 -1.7991143E+00 -4.6869475E-01
2026 07 23 23 49 00 000 -2.7395492E-02 -1.8366915E+00 -4.9320191E-01
2026 07 23 23 50 00 000 2.8371911E-02 -1.8727992E+00 -5.1729071E-01
2026 07 23 23 51 00 000 8.4117584E-02 -1.9075023E+00 -5.4096812E-01
2026 07 23 23 52 00 000 1.3980331E-01 -1.9408630E+00 -5.6424135E-01
2026 07 23 23 53 00 000 1.9539487E-01 -1.9729414E+00 -5.8711821E-01
2026 07 23 23 54 00 000 2.5086337E-01 -2.0037932E+00 -6.0960704E-01
2026 07 23 23 55 00 000 3.0618322E-01 -2.0334725E+00 -6.3171625E-01
2026 07 23 23 56 00 000 3.6133277E-01 -2.0620306E+00 -6.5345472E-01
2026 07 23 23 57 00 000 4.1629145E-01 -2.0895159E+00 -6.7483079E-01
2026 07 23 23 58 00 000 4.7104228E-01 -2.1159756E+00 -6.9585270E-01
2026 07 23 23 59 00 000 5.2557158E-01 -2.1414523E+00 -7.1652961E-01
2026 07 24 00 00 00 000 5.7986599E-01 -2.1659892E+00 -7.3686516E-01
2026 07 24 00 01 00 000 6.3391519E-01 -2.1896238E+00 -7.5687593E-01
2026 07 24 00 02 00 000 6.8771106E-01 -2.2123935E+00 -7.7656662E-01
2026 07 24 00 03 00 000 7.4124455E-01 -2.2343345E+00 -7.9594457E-01
2026 07 24 00 04 00 000 7.9450899E-01 -2.2554805E+00 -8.1501764E-01
2026 07 24 00 05 00 000 8.4749949E-01 -2.2758629E+00 -8.3379340E-01
2026 07 24 00 06 00 000 9.0021205E-01 -2.2955122E+00 -8.5227925E-01
2026 07 24 00 07 00 000 9.5264322E-01 -2.3144562E+00 -8.7048262E-01
2026 07 24 00 08 00 000 1.0047896E+00 -2.3327236E+00 -8.8840997E-01
2026 07 24 00 09 00 000 1.0566500E+00 -2.3503382E+00 -9.0606898E-01
2026 07 24 00 10 00 000 1.1082221E+00 -2.3673260E+00 -9.2346525E-01
2026 07 24 00 11 00 000 1.1595047E+00 -2.3837106E+00 -9.4060528E-01
2026 07 24 00 12 00 000 1.2104975E+00 -2.3995140E+00 -9.5749515E-01
2026 07 24 00 13 00 000 1.2612016E+00 -2.4147563E+00 -9.7414178E-01
2026 07 24 00 14 00 000 1.3116156E+00 -2.4294579E+00 -9.9054980E-01
2026 07 24 00 15 00 000 1.3617420E+00 -2.4436381E+00 -1.0067257E+00
2026 07 24 00 16 00 000 1.4115795E+00 -2.4573154E+00 -1.0226742E+00
2026 07 24 00 17 00 000 1.4611311E+00 -2.4705071E+00 -1.0384009E+00
2026 07 24 00 18 00 000 1.5103964E+00 -2.4832299E+00 -1.0539105E+00
2026 07 24 00 19 00 000 1.5593779E+00 -2.4954991E+00 -1.0692080E+00
2026 07 24 00 20 00 000 1.6080774E+00 -2.5073295E+00 -1.0842990E+00
2026 07 24 00 21 00 000 1.6564976E+00 -2.5187356E+00 -1.0991871E+00
2026 07 24 00 22 00 000 1.7046378E+00 -2.5297332E+00 -1.1138771E+00
2026 07 24 00 23 00 000 1.7525014E+00 -2.5403328E+00 -1.1283730E+00
2026 07 24 00 24 00 000 1.8000917E+00 -2.5505483E+00 -1.1426798E+00
2026 07 24 00 25 00 000 1.8474091E+00 -2.5603914E+00 -1.1568002E+00
2026 07 24 00 26 00 000 1.8944576E+00 -2.5698740E+00 -1.1707395E+00
2026 07 24 00 27 00 000 1.9412380E+00 -2.5790060E+00 -1.1845008E+00
2026 07 24 00 28 00 000 1.9877530E+00 -2.5877998E+00 -1.1980879E+00
2026 07 24 00 29 00 000 2.0340054E+00 -2.5962644E+00 -1.2115046E+00
2026 07 24 00 30 00 000 2.0799971E+00 -2.6044095E+00 -1.2247535E+00
2026 07 24 00 31 00 000 2.1257312E+00 -2.6122451E+00 -1.2378390E+00
2026 07 24 00 32 00 000 2.1712103E+00 -2.6197796E+00 -1.2507639E+00
2026 07 24 00 33 00 000 2.2164357E+00 -2.6270211E+00 -1.2635316E+00
2026 07 24 00 34 00 000 2.2614102E+00 -2.6339805E+00 -1.2761441E+00
2026 07 24 00 35 00 000 2.3061373E+00 -2.6406624E+00 -1.2886057E+00
2026 07 24 00 36 00 000 2.3506179E+00 -2.6470773E+00 -1.3009191E+00
2026 07 24 00 37 00 000 2.3948555E+00 -2.6532300E+00 -1.3130863E+00
2026 07 24 00 38 00 000 2.4388530E+00 -2.6591296E+00 -1.3251107E+00
2026 07 24 00 39 00 000 2.4826119E+00 -2.6647818E+00 -1.3369949E+00
2026 07 24 00 40 00 000 2.5261335E+00 -2.6701941E+00 -1.3487409E+00
2026 07 24 00 41 00 000 2.5694220E+00 -2.6753728E+00 -1.3603522E+00
2026 07 24 00 42 00 000 2.6124799E+00 -2.6803224E+00 -1.3718305E+00
2026 07 24 00 43 00 000 2.6553090E+00 -2.6850505E+00 -1.3831782E+00
2026 07 24 00 44 00 000 2.6979110E+00 -2.6895626E+00 -1.3943982E+00
2026 07 24 00 45 00 000 2.7402880E+00 -2.6938639E+00 -1.4054917E+00
2026 07 24 00 46 00 000 2.7824435E+00 -2.6979609E+00 -1.4164613E+00
2026 07 24 00 47 00 000 2.8243794E+00 -2.7018559E+00 -1.4273098E+00
2026 07 24 00 48 00 000 2.8660967E+00 -2.7055573E+00 -1.4380389E+00
2026 07 24 00 49 00 000 2.9076004E+00 -2.7090652E+00 -1.4486505E+00
2026 07 24 00 50 00 000 2.9488897E+00 -2.7123890E+00 -1.4591463E+00
2026 07 24 00 51 00 000 2.9899676E+00 -2.7155323E+00 -1.4695287E+00
2026 07 24 00 52 00 000 3.0308368E+00 -2.7184980E+00 -1.4797986E+00
2026 07 24 00 53 00 000 3.0714996E+00 -2.7212906E+00 -1.4899596E+00
2026 07 24 00 54 00 000 3.1119564E+00 -2.7239151E+00 -1.5000117E+00
2026 07 24 00 55 00 000 3.1522117E+00 -2.7263727E+00 -1.5099578E+00
2026 07 24 00 56 00 000 3.1922657E+00 -2.7286701E+00 -1.5197994E+00
2026 07 24 00 57 00 000 3.2321203E+00 -2.7308116E+00 -1.5295371E+00
2026 07 24 00 58 00 000 3.2717781E+00 -2.7327991E+00 -1.5391741E+00
2026 07 24 00 59 00 000 3.3112409E+00 -2.7346354E+00 -1.5487108E+00
2026 07 24 01 00 00 000 3.3505104E+00 -2.7363253E+00 -1.5581493E+00
2026 07 24 01 01 00 000 3.3895898E+00 -2.7378705E+00 -1.5674915E+00
2026 07 24 01 02 00 000 3.4284785E+00 -2.7392766E+00 -1.5767376E+00
2026 07 24 01 03 00 000 3.4671788E+00 -2.7405462E+00 -1.5858897E+00
2026 07 24 01 04 00 000 3.5056942E+00 -2.7416801E+00 -1.5949495E+00
2026 07 24 01 05 00 000 3.5440259E+00 -2.7426829E+00 -1.6039183E+00
2026 07 24 01 06 00 000 3.5821753E+00 -2.7435553E+00 -1.6127976E+00
2026 07 24 01 07 00 000 3.6201434E+00 -2.7443039E+00 -1.6215883E+00
2026 07 24 01 08 00 000 3.6579330E+00 -2.7449279E+00 -1.6302915E+00
2026 07 24 01 09 00 000 3.6955445E+00 -2.7454329E+00 -1.6389085E+00
2026 07 24 01 10 00 000 3.7329805E+00 -2.7458200E+00 -1.6474415E+00
2026 07 24 01 11 00 000 3.7702436E+00 -2.7460892E+00 -1.6558908E+00
2026 07 24 01 12 00 000 3.8073325E+00 -2.7462468E+00 -1.6642573E+00
2026 07 24 01 13 00 000 3.8442509E+00 -2.7462924E+00 -1.6725434E+00
2026 07 24 01 14 00 000 3.8810012E+00 -2.7462289E+00 -1.6807494E+00
2026 07 24 01 15 00 000 3.9175825E+00 -2.7460606E+00 -1.6888763E+00
2026 07 24 01 16 00 000 3.9539967E+00 -2.7457874E+00 -1.6969255E+00
2026 07 24 01 17 00 000 3.9902472E+00 -2.7454114E+00 -1.7048981E+00
2026 07 24 01 18 00 000 4.0263338E+00 -2.7449346E+00 -1.7127945E+00
2026 07 24 01 19 00 000 4.0622582E+00 -2.7443602E+00 -1.7206169E+00
2026 07 24 01 20 00 000 4.0980220E+00 -2.7436891E+00 -1.7283651E+00
2026 07 24 01 21 00 000 4.1336260E+00 -2.7429240E+00 -1.7360407E+00
2026 07 24 01 22 00 000 4.1690717E+00 -2.7420666E+00 -1.7436451E+00
2026 07 24 01 23 00 000 4.2043610E+00 -2.7411184E+00 -1.7511781E+00
2026 07 24 01 24 00 000 4.2394962E+00 -2.7400801E+00 -1.7586420E+00
2026 07 24 01 25 00 000 4.2744770E+00 -2.7389548E+00 -1.7660364E+00
2026 07 24 01 26 00 000 4.3093042E+00 -2.7377439E+00 -1.7733635E+00
2026 07 24 01 27 00 000 4.3439813E+00 -2.7364480E+00 -1.7806231E+00
2026 07 24 01 28 00 000 4.3785081E+00 -2.7350698E+00 -1.7878165E+00
2026 07 24 01 29 00 000 4.4128847E+00 -2.7336111E+00 -1.7949443E+00
2026 07 24 01 30 00 000 4.4471149E+00 -2.7320719E+00 -1.8020079E+00
2026 07 24 01 31 00 000 4.4811978E+00 -2.7304544E+00 -1.8090079E+00
2026 07 24 01 32 00 000 4.5151362E+00 -2.7287610E+00 -1.8159449E+00
2026 07 24 01 33 00 000 4.5489292E+00 -2.7269924E+00 -1.8228197E+00
2026 07 24 01 34 00 000 4.5825801E+00 -2.7251496E+00 -1.8296331E+00
2026 07 24 01 35 00 000 4.6160893E+00 -2.7232337E+00 -1.8363864E+00
2026 07 24 01 36 00 000 4.6494570E+00 -2.7212477E+00 -1.8430794E+00
2026 07 24 01 37 00 000 4.6826854E+00 -2.7191911E+00 -1.8497136E+00
2026 07 24 01 38 00 000 4.7157750E+00 -2.7170651E+00 -1.8562897E+00
2026 07 24 01 39 00 000 4.7487268E+00 -2.7148731E+00 -1.8628078E+00
2026 07 24 01 40 00 000 4.7815423E+00 -2.7126143E+00 -1.8692691E+00
2026 07 24 01 41 00 000 4.8142228E+00 -2.7102885E+00 -1.8756742E+00
2026 07 24 01 42 00 000 4.8467684E+00 -2.7079003E+00 -1.8820240E+00
2026 07 24 01 43 00 000 4.8791795E+00 -2.7054496E+00 -1.8883184E+00
2026 07 24 01 44 00 000 4.9114594E+00 -2.7029374E+00 -1.8945588E+00
2026 07 24 01 45 00 000 4.9436083E+00 -2.7003620E+00 -1.9007467E+00
2026 07 24 01 46 00 000 4.9756265E+00 -2.6977277E+00 -1.9068807E+00
2026 07 24 01 47 00 000 5.0075150E+00 -2.6950345E+00 -1.9129630E+00
2026 07 24 01 48 00 000 5.0392756E+00 -2.6922834E+00 -1.9189930E+00
2026 07 24 01 49 00 000 5.0709076E+00 -2.6894765E+00 -1.9249724E+00
2026 07 24 01 50 00 000 5.1024132E+00 -2.6866150E+00 -1.9309012E+00
2026 07 24 01 51 00 000 5.1337929E+00 -2.6836958E+00 -1.9367809E+00
2026 07 24 01 52 00 000 5.1650476E+00 -2.6807232E+00 -1.9426112E+00
2026 07 24 01 53 00 000 5.1961789E+00 -2.6776972E+00 -1.9483924E+00
2026 07 24 01 54 00 000 5.2271867E+00 -2.6746190E+00 -1.9541258E+00
2026 07 24 01 55 00 000 5.2580719E+00 -2.6714919E+00 -1.9598114E+00
2026 07 24 01 56 00 000 5.2888355E+00 -2.6683137E+00 -1.9654504E+00
2026 07 24 01 57 00 000 5.3194799E+00 -2.6650839E+00 -1.9710430E+00
2026 07 24 01 58 00 000 5.3500037E+00 -2.6618052E+00 -1.9765898E+00
2026 07 24 01 59 00 000 5.3804083E+00 -2.6584787E+00 -1.9820914E+00
2026 07 24 02 00 00 000 5.4106951E+00 -2.6551054E+00 -1.9875478E+00
2026 07 24 02 01 00 000 5.4408636E+00 -2.6516862E+00 -1.9929599E+00
2026 07 24 02 02 00 000 5.4709158E+00 -2.6482217E+00 -1.9983283E+00
2026 07 24 02 03 00 000 5.5008531E+00 -2.6447117E+00 -2.0036533E+00
2026 07 24 02 04 00 000 5.5306749E+00 -2.6411545E+00 -2.0089362E+00
2026 07 24 02 05 00 000 5.5603828E+00 -2.6375568E+00 -2.0141761E+00
2026 07 24 02 06 00 000 5.5899768E+00 -2.6339147E+00 -2.0193744E+00
2026 07 24 02 07 00 000 5.6194587E+00 -2.6302316E+00 -2.0245316E+00
2026 07 24 02 08 00 000 5.6488266E+00 -2.6265066E+00 -2.0296481E+00
2026 07 24 02 09 00 000 5.6780853E+00 -2.6227379E+00 -2.0347238E+00
2026 07 24 02 10 00 000 5.7072330E+00 -2.6189303E+00 -2.0397599E+00
2026 07 24 02 11 00 000 5.7362695E+00 -2.6150839E+00 -2.0447559E+00
2026 07 24 02 12 00 000 5.7651982E+00 -2.6111979E+00 -2.0497131E+00
2026 07 24 02 13 00 000 5.7940183E+00 -2.6072729E+00 -2.0546322E+00
2026 07 24 02 14 00 000 5.8227286E+00 -2.6033127E+00 -2.0595124E+00
2026 07 24 02 15 00 000 5.8513346E+00 -2.5993114E+00 -2.0643556E+00
2026 07 24 02 16 00 000 5.8798327E+00 -2.5952754E+00 -2.0691607E+00
2026 07 24 02 17 00 000 5.9082255E+00 -2.5912027E+00 -2.0739295E+00
2026 07 24 02 18 00 000 5.9365129E+00 -2.5870919E+00 -2.0786617E+00
2026 07 24 02 19 00 000 5.9646940E+00 -2.5829506E+00 -2.0833580E+00
2026 07 24 02 20 00 000 5.9927731E+00 -2.5787716E+00 -2.0880187E+00
2026 07 24 02 21 00 000 6.0207491E+00 -2.5745587E+00 -2.0926435E+00
2026 07 24 02 22 00 000 6.0486207E+00 -2.5703139E+00 -2.0972335E+00
2026 07 24 02 23 00 000 6.0763903E+00 -2.5660362E+00 -2.1017895E+00
2026 07 24 02 24 00 000 6.1040597E+00 -2.5617237E+00 -2.1063111E+00
2026 07 24 02 25 00 000 6.1316271E+00 -2.5573814E+00 -2.1107991E+00
2026 07 24 02 26 00 000 6.1590962E+00 -2.5530040E+00 -2.1152539E+00
2026 07 24 02 27 00 000 6.1864638E+00 -2.5485978E+00 -2.1196756E+00
2026 07 24 02 28 00 000 6.2137327E+00 -2.5441606E+00 -2.1240647E+00
2026 07 24 02 29 00 000 6.2409024E+00 -2.5396934E+00 -2.1284213E+00
2026 07 24 02 30 00 000 6.2679758E+00 -2.5351961E+00 -2.1327465E+00
2026 07 24 02 31 00 000 6.2949500E+00 -2.5306683E+00 -2.1370397E+00
2026 07 24 02 32 00 000 6.3218288E+00 -2.5261116E+00 -2.1413026E+00
2026 07 24 02 33 00 000 6.3486094E+00 -2.5215285E+00 -2.1455333E+00
2026 07 24 02 34 00 000 6.3752956E+00 -2.5169151E+00 -2.1497345E+00
2026 07 24 02 35 00 000 6.4018865E+00 -2.5122764E+00 -2.1539047E+00
2026 07 24 02 36 00 000 6.4283819E+00 -2.5076065E+00 -2.1580465E+00
2026 07 24 02 37 00 000 6.4547834E+00 -2.5029132E+00 -2.1621578E+00
2026 07 24 02 38 00 000 6.4810910E+00 -2.4981911E+00 -2.1662400E+00
2026 07 24 02 39 00 000 6.5073061E+00 -2.4934444E+00 -2.1702933E+00
2026 07 24 02 40 00 000 6.5334272E+00 -2.4886725E+00 -2.1743181E+00
2026 07 24 02 41 00 000 6.5594563E+00 -2.4838727E+00 -2.1783149E+00
2026 07 24 02 42 00 000 6.5853953E+00 -2.4790487E+00 -2.1822841E+00
2026 07 24 02 43 00 000 6.6112409E+00 -2.4742029E+00 -2.1862252E+00
2026 07 24 02 44 00 000 6.6369963E+00 -2.4693272E+00 -2.1901393E+00
2026 07 24 02 45 00 000 6.6626620E+00 -2.4644315E+00 -2.1940267E+00
2026 07 24 02 46 00 000 6.6882386E+00 -2.4595103E+00 -2.1978865E+00
2026 07 24 02 47 00 000 6.7137256E+00 -2.4545650E+00 -2.2017202E+00
2026 07 24 02 48 00 000 6.7391229E+00 -2.4495966E+00 -2.2055295E+00
2026 07 24 02 49 00 000 6.7644320E+00 -2.4446084E+00 -2.2093108E+00
2026 07 24 02 50 00 000 6.7896528E+00 -2.4395945E+00 -2.2130678E+00
2026 07 24 02 51 00 000 6.8147864E+00 -2.4345615E+00 -2.2167988E+00
2026 07 24 02 52 00 000 6.8398333E+00 -2.4295032E+00 -2.2205055E+00
2026 07 24 02 53 00 000 6.8647938E+00 -2.4244254E+00 -2.2241874E+00
2026 07 24 02 54 00 000 6.8896675E+00 -2.4193287E+00 -2.2278442E+00
2026 07 24 02 55 00 000 6.9144549E+00 -2.4142056E+00 -2.2314782E+00
2026 07 24 02 56 00 000 6.9391580E+00 -2.4090641E+00 -2.2350881E+00
2026 07 24 02 57 00 000 6.9637761E+00 -2.4039030E+00 -2.2386742E+00
2026 07 24 02 58 00 000 6.9883094E+00 -2.3987210E+00 -2.2422366E+00
2026 07 24 02 59 00 000 7.0127592E+00 -2.3935189E+00 -2.2457759E+00
2026 07 24 03 00 00 000 7.0371237E+00 -2.3882990E+00 -2.2492931E+00
2026 07 24 03 01 00 000 7.0614080E+00 -2.3830574E+00 -2.2527876E+00
2026 07 24 03 02 00 000 7.0856056E+00 -2.3777986E+00 -2.2562592E+00
2026 07 24 03 03 00 000 7.1097240E+00 -2.3725197E+00 -2.2597096E+00
2026 07 24 03 04 00 000 7.1337585E+00 -2.3672221E+00 -2.2631385E+00
2026 07 24 03 05 00 000 7.1577115E+00 -2.3619094E+00 -2.2665443E+00
2026 07 24 03 06 00 000 7.1815844E+00 -2.3565731E+00 -2.2699306E+00
2026 07 24 03 07 00 000 7.2053752E+00 -2.3512228E+00 -2.2732947E+00
2026 07 24 03 08 00 000 7.2290854E+00 -2.3458533E+00 -2.2766387E+00
2026 07 24 03 09 00 000 7.2527161E+00 -2.3404665E+00 -2.2799616E+00
2026 07 24 03 10 00 000 7.2762675E+00 -2.3350620E+00 -2.2832646E+00
2026 07 24 03 11 00 000 7.2997379E+00 -2.3296437E+00 -2.2865469E+00
2026 07 24 03 12 00 000 7.3231306E+00 -2.3242061E+00 -2.2898097E+00
2026 07 24 03 13 00 000 7.3464441E+00 -2.3187516E+00 -2.2930536E+00
2026 07 24 03 14 00 000 7.3696795E+00 -2.3132808E+00 -2.2962775E+00
2026 07 24 03 15 00 000 7.3928366E+00 -2.3077936E+00 -2.2994826E+00
2026 07 24 03 16 00 000 7.4159164E+00 -2.3022909E+00 -2.3026681E+00
2026 07 24 03 17 00 000 7.4389195E+00 -2.2967744E+00 -2.3058355E+00
2026 07 24 03 18 00 000 7.4618430E+00 -2.2912416E+00 -2.3089838E+00
2026 07 24 03 19 00 000 7.4846926E+00 -2.2856925E+00 -2.3121133E+00
2026 07 24 03 20 00 000 7.5074663E+00 -2.2801278E+00 -2.3152256E+00
2026 07 24 03 21 00 000 7.5301628E+00 -2.2745485E+00 -2.3183203E+00
2026 07 24 03 22 00 000 7.5527830E+00 -2.2689562E+00 -2.3213966E+00
2026 07 24 03 23 00 000 7.5753293E+00 -2.2633498E+00 -2.3244557E+00
2026 07 24 03 24 00 000 7.5978003E+00 -2.2577257E+00 -2.3274977E+00
2026 07 24 03 25 00 000 7.6201954E+00 -2.2520907E+00 -2.3305223E+00
2026 07 24 03 26 00 000 7.6425190E+00 -2.2464378E+00 -2.3335309E+00
2026 07 24 03 27 00 000 7.6647668E+00 -2.2407725E+00 -2.3365223E+00
2026 07 24 03 28 00 000 7.6869407E+00 -2.2350955E+00 -2.3394971E+00
2026 07 24 03 29 00 000 7.7090416E+00 -2.2294028E+00 -2.3424556E+00
2026 07 24 03 30 00 000 7.7310691E+00 -2.2236989E+00 -2.3453979E+00
2026 07 24 03 31 00 000 7.7530251E+00 -2.2179799E+00 -2.3483248E+00
2026 07 24 03 32 00 000 7.7749076E+00 -2.2122483E+00 -2.3512363E+00
2026 07 24 03 33 00 000 7.7967186E+00 -2.2065074E+00 -2.3541317E+00
2026 07 24 03 34 00 000 7.8184571E+00 -2.2007475E+00 -2.3570123E+00
2026 07 24 03 35 00 000 7.8401251E+00 -2.1949780E+00 -2.3598778E+00
2026 07 24 03 36 00 000 7.8617201E+00 -2.1891975E+00 -2.3627276E+00
2026 07 24 03 37 00 000 7.8832464E+00 -2.1834030E+00 -2.3655629E+00
2026 07 24 03 38 00 000 7.9046998E+00 -2.1775959E+00 -2.3683846E+00
2026 07 24 03 39 00 000 7.9260855E+00 -2.1717784E+00 -2.3711913E+00
2026 07 24 03 40 00 000 7.9473991E+00 -2.1659484E+00 -2.3739841E+00
2026 07 24 03 41 00 000 7.9686432E+00 -2.1601038E+00 -2.3767626E+00
2026 07 24 03 42 00 000 7.9898171E+00 -2.1542544E+00 -2.3795261E+00
2026 07 24 03 43 00 000 8.0109224E+00 -2.1483908E+00 -2.3822770E+00
2026 07 24 03 44 00 000 8.0319595E+00 -2.1425147E+00 -2.3850145E+00
2026 07 24 03 45 00 000 8.0529280E+00 -2.1366274E+00 -2.3877392E+00
2026 07 24 03 46 00 000 8.0738268E+00 -2.1307299E+00 -2.3904498E+00
2026 07 24 03 47 00 000 8.0946579E+00 -2.1248212E+00 -2.3931475E+00
2026 07 24 03 48 00 000 8.1154213E+00 -2.1189001E+00 -2.3958330E+00
2026 07 24 03 49 00 000 8.1361151E+00 -2.1129735E+00 -2.3985047E+00
2026 07 24 03 50 00 000 8.1567440E+00 -2.1070297E+00 -2.4011648E+00
2026 07 24 03 51 00 000 8.1773052E+00 -2.1010807E+00 -2.4038117E+00
2026 07 24 03 52 00 000 8.1977997E+00 -2.0951176E+00 -2.4064472E+00
2026 07 24 03 53 00 000 8.2182274E+00 -2.0891459E+00 -2.4090705E+00
2026 07 24 03 54 00 000 8.2385883E+00 -2.0831633E+00 -2.4116824E+00
2026 07 24 03 55 00 000 8.2588825E+00 -2.0771730E+00 -2.4142814E+00
2026 07 24 03 56 00 000 8.2791119E+00 -2.0711708E+00 -2.4168701E+00
2026 07 24 03 57 00 000 8.2992754E+00 -2.0651612E+00 -2.4194467E+00
2026 07 24 03 58 00 000 8.3193731E+00 -2.0591390E+00 -2.4220116E+00
2026 07 24 03 59 00 000 8.3394070E+00 -2.0531080E+00 -2.4245667E+00
2026 07 24 04 00 00 000 8.3593750E+00 -2.0470681E+00 -2.4271100E+00
2026 07 24 04 01 00 000 8.3792763E+00 -2.0410206E+00 -2.4296424E+00
2026 07 24 04 02 00 000 8.3991146E+00 -2.0349638E+00 -2.4321637E+00
2026 07 24 04 03 00 000 8.4188910E+00 -2.0288956E+00 -2.4346750E+00
2026 07 24 04 04 00 000 8.4386015E+00 -2.0228193E+00 -2.4371760E+00
2026 07 24 04 05 00 000 8.4582481E+00 -2.0167353E+00 -2.4396663E+00
2026 07 24 04 06 00 000 8.4778309E+00 -2.0106401E+00 -2.4421477E+00
2026 07 24 04 07 00 000 8.4973516E+00 -2.0045388E+00 -2.4446177E+00
2026 07 24 04 08 00 000 8.5168085E+00 -1.9984273E+00 -2.4470792E+00
2026 07 24 04 09 00 000 8.5362024E+00 -1.9923049E+00 -2.4495306E+00
2026 07 24 04 10 00 000 8.5555344E+00 -1.9861776E+00 -2.4519711E+00
2026 07 24 04 11 00 000 8.5748024E+00 -1.9800429E+00 -2.4544032E+00
2026 07 24 04 12 00 000 8.5940104E+00 -1.9738966E+00 -2.4568264E+00
2026 07 24 04 13 00 000 8.6131554E+00 -1.9677414E+00 -2.4592407E+00
2026 07 24 04 14 00 000 8.6322384E+00 -1.9615812E+00 -2.4616451E+00
2026 07 24 04 15 00 000 8.6512594E+00 -1.9554137E+00 -2.4640408E+00
2026 07 24 04 16 00 000 8.6702194E+00 -1.9492359E+00 -2.4664276E+00
2026 07 24 04 17 00 000 8.6891193E+00 -1.9430522E+00 -2.4688056E+00
2026 07 24 04 18 00 000 8.7079573E+00 -1.9368590E+00 -2.4711759E+00
2026 07 24 04 19 00 000 8.7267332E+00 -1.9306599E+00 -2.4735367E+00
2026 07 24 04 20 00 000 8.7454519E+00 -1.9244493E+00 -2.4758909E+00
2026 07 24 04 21 00 000 8.7641077E+00 -1.9182348E+00 -2.4782352E+00
2026 07 24 04 22 00 000 8.7827044E+00 -1.9120135E+00 -2.4805715E+00
2026 07 24 04 23 00 000 8.8012409E+00 -1.9057828E+00 -2.4829011E+00
2026 07 24 04 24 00 000 8.8197174E+00 -1.8995466E+00 -2.4852226E+00
2026 07 24 04 25 00 000 8.8381357E+00 -1.8933007E+00 -2.4875362E+00
2026 07 24 04 26 00 000 8.8564930E+00 -1.8870479E+00 -2.4898417E+00
2026 07 24 04 27 00 000 8.8747931E+00 -1.8807880E+00 -2.4921412E+00
2026 07 24 04 28 00 000 8.8930321E+00 -1.8745230E+00 -2.4944315E+00
2026 07 24 04 29 00 000 8.9112129E+00 -1.8682517E+00 -2.4967155E+00
2026 07 24 04 30 00 000 8.9293356E+00 -1.8619707E+00 -2.4989929E+00
2026 07 24 04 31 00 000 8.9474001E+00 -1.8556811E+00 -2.5012631E+00
2026 07 24 04 32 00 000 8.9654064E+00 -1.8493879E+00 -2.5035262E+00
2026 07 24 04 33 00 000 8.9833555E+00 -1.8430876E+00 -2.5057821E+00
2026 07 24 04 34 00 000 9.0012445E+00 -1.8367801E+00 -2.5080326E+00
2026 07 24 04 35 00 000 9.0190773E+00 -1.8304678E+00 -2.5102749E+00
2026 07 24 04 36 00 000 9.0368519E+00 -1.8241459E+00 -2.5125117E+00
2026 07 24 04 37 00 000 9.0545712E+00 -1.8178186E+00 -2.5147424E+00
2026 07 24 04 38 00 000 9.0722303E+00 -1.8114874E+00 -2.5169661E+00
2026 07 24 04 39 00 000 9.0898352E+00 -1.8051494E+00 -2.5191834E+00
2026 07 24 04 40 00 000 9.1073828E+00 -1.7988055E+00 -2.5213962E+00
2026 07 24 04 41 00 000 9.1248732E+00 -1.7924495E+00 -2.5236025E+00
2026 07 24 04 42 00 000 9.1423063E+00 -1.7860931E+00 -2.5258026E+00
2026 07 24 04 43 00 000 9.1596851E+00 -1.7797279E+00 -2.5279970E+00
2026 07 24 04 44 00 000 9.1770077E+00 -1.7733576E+00 -2.5301857E+00
2026 07 24 04 45 00 000 9.1942720E+00 -1.7669820E+00 -2.5323684E+00
2026 07 24 04 46 00 000 9.2114840E+00 -1.7605991E+00 -2.5345471E+00
2026 07 24 04 47 00 000 9.2286377E+00 -1.7542118E+00 -2.5367193E+00
2026 07 24 04 48 00 000 9.2457361E+00 -1.7478172E+00 -2.5388863E+00
2026 07 24 04 49 00 000 9.2627811E+00 -1.7414162E+00 -2.5410485E+00
2026 07 24 04 50 00 000 9.2797699E+00 -1.7350094E+00 -2.5432065E+00
2026 07 24 04 51 00 000 9.2967043E+00 -1.7286007E+00 -2.5453570E+00
2026 07 24 04 52 00 000 9.3135843E+00 -1.7221811E+00 -2.5475051E+00
2026 07 24 04 53 00 000 9.3304090E+00 -1.7157596E+00 -2.5496473E+00
2026 07 24 04 54 00 000 9.3471794E+00 -1.7093302E+00 -2.5517852E+00
2026 07 24 04 55 00 000 9.3638964E+00 -1.7028949E+00 -2.5539184E+00
2026 07 24 04 56 00 000 9.3805590E+00 -1.6964548E+00 -2.5560472E+00
2026 07 24 04 57 00 000 9.3971663E+00 -1.6900114E+00 -2.5581710E+00
2026 07 24 04 58 00 000 9.4137211E+00 -1.6835593E+00 -2.5602913E+00
2026 07 24 04 59 00 000 9.4302206E+00 -1.6771046E+00 -2.5624061E+00
2026 07 24 05 00 00 000 9.4466686E+00 -1.6706425E+00 -2.5645173E+00
2026 07 24 05 01 00 000 9.4630632E+00 -1.6641755E+00 -2.5666246E+00
2026 07 24 05 02 00 000 9.4794035E+00 -1.6577018E+00 -2.5687282E+00
2026 07 24 05 03 00 000 9.4956923E+00 -1.6512269E+00 -2.5708270E+00
2026 07 24 05 04 00 000 9.5119257E+00 -1.6447456E+00 -2.5729220E+00
2026 07 24 05 05 00 000 9.5281086E+00 -1.6382577E+00 -2.5750136E+00
2026 07 24 05 06 00 000 9.5442381E+00 -1.6317629E+00 -2.5771027E+00
2026 07 24 05 07 00 000 9.5603161E+00 -1.6252649E+00 -2.5791867E+00
2026 07 24 05 08 00 000 9.5763397E+00 -1.6187631E+00 -2.5812674E+00
2026 07 24 05 09 00 000 9.5923138E+00 -1.6122555E+00 -2.5833442E+00
2026 07 24 05 10 00 000 9.6082335E+00 -1.6057433E+00 -2.5854182E+00
2026 07 24 05 11 00 000 9.6241026E+00 -1.5992237E+00 -2.5874882E+00
2026 07 24 05 12 00 000 9.6399193E+00 -1.5927006E+00 -2.5895562E+00
2026 07 24 05 13 00 000 9.6556854E+00 -1.5861720E+00 -2.5916202E+00
2026 07 24 05 14 00 000 9.6713982E+00 -1.5796409E+00 -2.5936811E+00
2026 07 24 05 15 00 000 9.6870623E+00 -1.5731044E+00 -2.5957386E+00
2026 07 24 05 16 00 000 9.7026730E+00 -1.5665613E+00 -2.5977936E+00
2026 07 24 05 17 00 000 9.7182350E+00 -1.5600137E+00 -2.5998461E+00
2026 07 24 05 18 00 000 9.7337437E+00 -1.5534600E+00 -2.6018953E+00
2026 07 24 05 19 00 000 9.7492027E+00 -1.5469033E+00 -2.6039424E+00
2026 07 24 05 20 00 000 9.7646112E+00 -1.5403408E+00 -2.6059866E+00
2026 07 24 05 21 00 000 9.7799683E+00 -1.5337785E+00 -2.6080265E+00
2026 07 24 05 22 00 000 9.7952757E+00 -1.5272071E+00 -2.6100647E+00
2026 07 24 05 23 00 000 9.8105335E+00 -1.5206316E+00 -2.6121011E+00
2026 07 24 05 24 00 000 9.8257408E+00 -1.5140531E+00 -2.6141348E+00
2026 07 24 05 25 00 000 9.8408976E+00 -1.5074650E+00 -2.6161666E+00
2026 07 24 05 26 00 000 9.8560047E+00 -1.5008799E+00 -2.6181946E+00
2026 07 24 05 27 00 000 9.8710623E+00 -1.4942832E+00 -2.6202221E+00
2026 07 24 05 28 00 000 9.8860703E+00 -1.4876859E+00 -2.6222460E+00
2026 07 24 05 29 00 000 9.9010277E+00 -1.4810832E+00 -2.6242692E+00
2026 07 24 05 30 00 000 9.9159374E+00 -1.4744754E+00 -2.6262894E+00
2026 07 24 05 31 00 000 9.9307966E+00 -1.4678618E+00 -2.6283085E+00
2026 07 24 05 32 00 000 9.9456072E+00 -1.4612478E+00 -2.6303244E+00
2026 07 24 05 33 00 000 9.9603691E+00 -1.4546293E+00 -2.6323385E+00
2026 07 24 05 34 00 000 9.9750814E+00 -1.4480035E+00 -2.6343508E+00
2026 07 24 05 35 00 000 9.9897451E+00 -1.4413733E+00 -2.6363626E+00
2026 07 24 05 36 00 000 1.0004362E+01 -1.4347397E+00 -2.6383717E+00
2026 07 24 05 37 00 000 1.0018928E+01 -1.4281005E+00 -2.6403797E+00
2026 07 24 05 38 00 000 1.0033447E+01 -1.4214598E+00 -2.6423852E+00
2026 07 24 05 39 00 000 1.0047916E+01 -1.4148148E+00 -2.6443894E+00
2026 07 24 05 40 00 000 1.0062340E+01 -1.4081630E+00 -2.6463919E+00
2026 07 24 05 41 00 000 1.0076714E+01 -1.4015068E+00 -2.6483934E+00
2026 07 24 05 42 00 000 1.0091040E+01 -1.3948501E+00 -2.6503928E+00
2026 07 24 05 43 00 000 1.0105317E+01 -1.3881875E+00 -2.6523912E+00
2026 07 24 05 44 00 000 1.0119550E+01 -1.3815194E+00 -2.6543884E+00
2026 07 24 05 45 00 000 1.0133732E+01 -1.3748465E+00 -2.6563845E+00
2026 07 24 05 46 00 000 1.0147868E+01 -1.3681693E+00 -2.6583798E+00
2026 07 24 05 47 00 000 1.0161957E+01 -1.3614891E+00 -2.6603732E+00
2026 07 24 05 48 00 000 1.0175998E+01 -1.3548058E+00 -2.6623657E+00
2026 07 24 05 49 00 000 1.0189991E+01 -1.3481191E+00 -2.6643565E+00
2026 07 24 05 50 00 000 1.0203938E+01 -1.3414253E+00 -2.6663468E+00
2026 07 24 05 51 00 000 1.0217838E+01 -1.3347278E+00 -2.6683366E+00
2026 07 24 05 52 00 000 1.0231692E+01 -1.3280253E+00 -2.6703250E+00
2026 07 24 05 53 00 000 1.0245498E+01 -1.3213203E+00 -2.6723125E+00
2026 07 24 05 54 00 000 1.0259257E+01 -1.3146123E+00 -2.6742988E+00
2026 07 24 05 55 00 000 1.0272971E+01 -1.3078978E+00 -2.6762850E+00
2026 07 24 05 56 00 000 1.0286639E+01 -1.3011808E+00 -2.6782696E+00
2026 07 24 05 57 00 000 1.0300260E+01 -1.2944602E+00 -2.6802535E+00
2026 07 24 05 58 00 000 1.0313834E+01 -1.2877342E+00 -2.6822376E+00
2026 07 24 05 59 00 000 1.0327362E+01 -1.2810050E+00 -2.6842201E+00
2026 07 24 06 00 00 000 1.0340845E+01 -1.2742726E+00 -2.6862023E+00
2026 07 24 06 01 00 000 1.0354282E+01 -1.2675338E+00 -2.6881840E+00
2026 07 24 06 02 00 000 1.0367673E+01 -1.2607946E+00 -2.6901650E+00
2026 07 24 06 03 00 000 1.0381020E+01 -1.2540478E+00 -2.6921453E+00
2026 07 24 06 04 00 000 1.0394319E+01 -1.2472998E+00 -2.6941249E+00
2026 07 24 06 05 00 000 1.0407573E+01 -1.2405456E+00 -2.6961052E+00
2026 07 24 06 06 00 000 1.0420782E+01 -1.2337877E+00 -2.6980848E+00
2026 07 24 06 07 00 000 1.0433947E+01 -1.2270284E+00 -2.7000625E+00
2026 07 24 06 08 00 000 1.0447064E+01 -1.2202611E+00 -2.7020416E+00
2026 07 24 06 09 00 000 1.0460139E+01 -1.2134917E+00 -2.7040195E+00
2026 07 24 06 10 00 000 1.0473167E+01 -1.2067186E+00 -2.7059977E+00
2026 07 24 06 11 00 000 1.0486152E+01 -1.1999410E+00 -2.7079754E+00
2026 07 24 06 12 00 000 1.0499091E+01 -1.1931590E+00 -2.7099528E+00
2026 07 24 06 13 00 000 1.0511986E+01 -1.1863754E+00 -2.7119298E+00
2026 07 24 06 14 00 000 1.0524835E+01 -1.1795857E+00 -2.7139070E+00
2026 07 24 06 15 00 000 1.0537639E+01 -1.1727946E+00 -2.7158833E+00
2026 07 24 06 16 00 000 1.0550402E+01 -1.1659935E+00 -2.7178612E+00
2026 07 24 06 17 00 000 1.0563118E+01 -1.1591911E+00 -2.7198386E+00
2026 07 24 06 18 00 000 1.0575790E+01 -1.1523881E+00 -2.7218142E+00
2026 07 24 06 19 00 000 1.0588418E+01 -1.1455811E+00 -2.7237909E+00
2026 07 24 06 20 00 000 1.0601002E+01 -1.1387677E+00 -2.7257674E+00
2026 07 24 06 21 00 000 1.0613544E+01 -1.1319503E+00 -2.7277441E+00
2026 07 24 06 22 00 000 1.0626041E+01 -1.1251310E+00 -2.7297204E+00
2026 07 24 06 23 00 000 1.0638494E+01 -1.1183060E+00 -2.7316976E+00
2026 07 24 06 24 00 000 1.0650903E+01 -1.1114743E+00 -2.7336757E+00
2026 07 24 06 25 00 000 1.0663266E+01 -1.1046484E+00 -2.7356503E+00
2026 07 24 06 26 00 000 1.0675590E+01 -1.0978084E+00 -2.7376285E+00
2026 07 24 06 27 00 000 1.0687868E+01 -1.0909671E+00 -2.7396066E+00
2026 07 24 06 28 00 000 1.0700105E+01 -1.0841250E+00 -2.7415829E+00
2026 07 24 06 29 00 000 1.0712295E+01 -1.0772761E+00 -2.7435615E+00
2026 07 24 06 30 00 000 1.0724444E+01 -1.0704212E+00 -2.7455404E+00
2026 07 24 06 31 00 000 1.0736551E+01 -1.0635685E+00 -2.7475169E+00
2026 07 24 06 32 00 000 1.0748615E+01 -1.0567079E+00 -2.7494955E+00
2026 07 24 06 33 00 000 1.0760635E+01 -1.0498434E+00 -2.7514746E+00
2026 07 24 06 34 00 000 1.0772613E+01 -1.0429779E+00 -2.7534523E+00
2026 07 24 06 35 00 000 1.0784546E+01 -1.0361031E+00 -2.7554328E+00
2026 07 24 06 36 00 000 1.0796440E+01 -1.0292318E+00 -2.7574110E+00
2026 07 24 06 37 00 000 1.0808289E+01 -1.0223483E+00 -2.7593920E+00
2026 07 24 06 38 00 000 1.0820095E+01 -1.0154667E+00 -2.7613723E+00
2026 07 24 06 39 00 000 1.0831861E+01 -1.0085813E+00 -2.7633522E+00
2026 07 24 06 40 00 000 1.0843583E+01 -1.0016888E+00 -2.7653334E+00
2026 07 24 06 41 00 000 1.0855264E+01 -9.9478984E-01 -2.7673156E+00
2026 07 24 06 42 00 000 1.0866903E+01 -9.8789477E-01 -2.7692966E+00
2026 07 24 06 43 00 000 1.0878498E+01 -9.8099059E-01 -2.7712786E+00
2026 07 24 06 44 00 000 1.0890053E+01 -9.7408497E-01 -2.7732613E+00
2026 07 24 06 45 00 000 1.0901564E+01 -9.6717113E-01 -2.7752454E+00
2026 07 24 06 46 00 000 1.0913034E+01 -9.6025962E-01 -2.7772272E+00
2026 07 24 06 47 00 000 1.0924463E+01 -9.5333701E-01 -2.7792122E+00
2026 07 24 06 48 00 000 1.0935851E+01 -9.4641614E-01 -2.7811964E+00
2026 07 24 06 49 00 000 1.0947197E+01 -9.3948805E-01 -2.7831814E+00
2026 07 24 06 50 00 000 1.0958500E+01 -9.3255925E-01 -2.7851663E+00
2026 07 24 06 51 00 000 1.0969763E+01 -9.2562109E-01 -2.7871530E+00
2026 07 24 06 52 00 000 1.0980983E+01 -9.1868299E-01 -2.7891397E+00
2026 07 24 06 53 00 000 1.0992165E+01 -9.1173929E-01 -2.7911265E+00
2026 07 24 06 54 00 000 1.1003303E+01 -9.0479326E-01 -2.7931139E+00
2026 07 24 06 55 00 000 1.1014400E+01 -8.9784175E-01 -2.7951019E+00
2026 07 24 06 56 00 000 1.1025455E+01 -8.9088619E-01 -2.7970898E+00
2026 07 24 06 57 00 000 1.1036471E+01 -8.8392860E-01 -2.7990789E+00
2026 07 24 06 58 00 000 1.1047446E+01 -8.7696409E-01 -2.8010688E+00
2026 07 24 06 59 00 000 1.1058380E+01 -8.6999619E-01 -2.8030591E+00
2026 07 24 07 00 00 000 1.1069273E+01 -8.6302650E-01 -2.8050489E+00
2026 07 24 07 01 00 000 1.1080125E+01 -8.5605001E-01 -2.8070405E+00
2026 07 24 07 02 00 000 1.1090937E+01 -8.4907317E-01 -2.8090315E+00
2026 07 24 07 03 00 000 1.1101708E+01 -8.4208709E-01 -2.8110244E+00
2026 07 24 07 04 00 000 1.1112439E+01 -8.3510232E-01 -2.8130162E+00
2026 07 24 07 05 00 000 1.1123129E+01 -8.2810962E-01 -2.8150101E+00
2026 07 24 07 06 00 000 1.1133780E+01 -8.2111245E-01 -2.8170044E+00
2026 07 24 07 07 00 000 1.1144388E+01 -8.1411147E-01 -2.8189995E+00
2026 07 24 07 08 00 000 1.1154959E+01 -8.0710912E-01 -2.8209934E+00
2026 07 24 07 09 00 000 1.1165487E+01 -8.0010009E-01 -2.8229887E+00
2026 07 24 07 10 00 000 1.1175976E+01 -7.9308933E-01 -2.8249853E+00
2026 07 24 07 11 00 000 1.1186426E+01 -7.8607243E-01 -2.8269813E+00
2026 07 24 07 12 00 000 1.1196836E+01 -7.7905023E-01 -2.8289790E+00
2026 07 24 07 13 00 000 1.1207205E+01 -7.7202421E-01 -2.8309770E+00
2026 07 24 07 14 00 000 1.1217536E+01 -7.6499677E-01 -2.8329740E+00
2026 07 24 07 15 00 000 1.1227824E+01 -7.5796473E-01 -2.8349731E+00
2026 07 24 07 16 00 000 1.1238076E+01 -7.5092697E-01 -2.8369715E+00
2026 07 24 07 17 00 000 1.1248287E+01 -7.4388480E-01 -2.8389719E+00
2026 07 24 07 18 00 000 1.1258459E+01 -7.3683685E-01 -2.8409729E+00
2026 07 24 07 19 00 000 1.1268589E+01 -7.2978556E-01 -2.8429728E+00
2026 07 24 07 20 00 000 1.1278684E+01 -7.2273016E-01 -2.8449748E+00
2026 07 24 07 21 00 000 1.1288735E+01 -7.1567309E-01 -2.8469760E+00
2026 07 24 07 22 00 000 1.1298750E+01 -7.0861185E-01 -2.8489776E+00
2026 07 24 07 23 00 000 1.1308724E+01 -7.0154452E-01 -2.8509800E+00
2026 07 24 07 24 00 000 1.1318661E+01 -6.9447118E-01 -2.8529835E+00
2026 07 24 07 25 00 000 1.1328558E+01 -6.8739426E-01 -2.8549869E+00
2026 07 24 07 26 00 000 1.1338414E+01 -6.8031353E-01 -2.8569911E+00
2026 07 24 07 27 00 000 1.1348232E+01 -6.7322981E-01 -2.8589950E+00
2026 07 24 07 28 00 000 1.1358012E+01 -6.6614372E-01 -2.8609991E+00
2026 07 24 07 29 00 000 1.1367754E+01 -6.5905070E-01 -2.8630037E+00
2026 07 24 07 30 00 000 1.1377454E+01 -6.5194923E-01 -2.8650100E+00
2026 07 24 07 31 00 000 1.1387119E+01 -6.4484656E-01 -2.8670166E+00
2026 07 24 07 32 00 000 1.1396744E+01 -6.3774133E-01 -2.8690217E+00
2026 07 24 07 33 00 000 1.1406331E+01 -6.3062787E-01 -2.8710294E+00
2026 07 24 07 34 00 000 1.1415877E+01 -6.2351304E-01 -2.8730364E+00
2026 07 24 07 35 00 000 1.1425385E+01 -6.1639506E-01 -2.8750422E+00
2026 07 24 07 36 00 000 1.1434858E+01 -6.0926914E-01 -2.8770504E+00
2026 07 24 07 37 00 000 1.1444291E+01 -6.0213947E-01 -2.8790586E+00
2026 07 24 07 38 00 000 1.1453684E+01 -5.9500873E-01 -2.8810654E+00
2026 07 24 07 39 00 000 1.1463040E+01 -5.8786774E-01 -2.8830745E+00
2026 07 24 07 40 00 000 1.1472359E+01 -5.8072668E-01 -2.8850830E+00
2026 07 24 07 41 00 000 1.1481639E+01 -5.7358080E-01 -2.8870916E+00
2026 07 24 07 42 00 000 1.1490879E+01 -5.6643111E-01 -2.8890998E+00
2026 07 24 07 43 00 000 1.1500082E+01 -5.5927116E-01 -2.8911099E+00
2026 07 24 07 44 00 000 1.1509250E+01 -5.5210930E-01 -2.8931196E+00
2026 07 24 07 45 00 000 1.1518378E+01 -5.4494661E-01 -2.8951285E+00
2026 07 24 07 46 00 000 1.1527467E+01 -5.3777826E-01 -2.8971376E+00
2026 07 24 07 47 00 000 1.1536519E+01 -5.3060383E-01 -2.8991473E+00
2026 07 24 07 48 00 000 1.1545536E+01 -5.2342272E-01 -2.9011574E+00
2026 07 24 07 49 00 000 1.1554511E+01 -5.1623791E-01 -2.9031677E+00
2026 07 24 07 50 00 000 1.1563449E+01 -5.0905204E-01 -2.9051771E+00
2026 07 24 07 51 00 000 1.1572351E+01 -5.0185728E-01 -2.9071872E+00
2026 07 24 07 52 00 000 1.1581217E+01 -4.9466079E-01 -2.9091966E+00
2026 07 24 07 53 00 000 1.1590044E+01 -4.8745748E-01 -2.9112060E+00
2026 07 24 07 54 00 000 1.1598833E+01 -4.8024878E-01 -2.9132171E+00
2026 07 24 07 55 00 000 1.1607585E+01 -4.7303569E-01 -2.9152269E+00
2026 07 24 07 56 00 000 1.1616300E+01 -4.6582061E-01 -2.9172359E+00
2026 07 24 07 57 00 000 1.1624977E+01 -4.5859796E-01 -2.9192460E+00
2026 07 24 07 58 00 000 1.1633618E+01 -4.5137110E-01 -2.9212554E+00
2026 07 24 07 59 00 000 1.1642221E+01 -4.4414216E-01 -2.9232638E+00
2026 07 24 08 00 00 000 1.1650787E+01 -4.3690446E-01 -2.9252737E+00
2026 07 24 08 01 00 000 1.1659317E+01 -4.2966479E-01 -2.9272814E+00
2026 07 24 08 02 00 000 1.1667809E+01 -4.2241865E-01 -2.9292903E+00
2026 07 24 08 03 00 000 1.1676265E+01 -4.1516685E-01 -2.9312992E+00
2026 07 24 08 04 00 000 1.1684685E+01 -4.0791288E-01 -2.9333062E+00
2026 07 24 08 05 00 000 1.1693066E+01 -4.0065205E-01 -2.9353135E+00
2026 07 24 08 06 00 000 1.1701409E+01 -3.9338651E-01 -2.9373209E+00
2026 07 24 08 07 00 000 1.1709719E+01 -3.8611370E-01 -2.9393294E+00
2026 07 24 08 08 00 000 1.1717991E+01 -3.7883705E-01 -2.9413354E+00
2026 07 24 08 09 00 000 1.1726225E+01 -3.7155771E-01 -2.9433410E+00
2026 07 24 08 10 00 000 1.1734426E+01 -3.6427462E-01 -2.9453454E+00
2026 07 24 08 11 00 000 1.1742587E+01 -3.5698578E-01 -2.9473503E+00
2026 07 24 08 12 00 000 1.1750711E+01 -3.4968641E-01 -2.9493561E+00
2026 07 24 08 13 00 000 1.1758801E+01 -3.4238407E-01 -2.9513607E+00
2026 07 24 08 14 00 000 1.1766853E+01 -3.3508056E-01 -2.9533627E+00
2026 07 24 08 15 00 000 1.1774870E+01 -3.2776985E-01 -2.9553659E+00
2026 07 24 08 16 00 000 1.1782849E+01 -3.2045484E-01 -2.9573677E+00
2026 07 24 08 17 00 000 1.1790795E+01 -3.1313351E-01 -2.9593692E+00
2026 07 24 08 18 00 000 1.1798702E+01 -3.0580655E-01 -2.9613698E+00
2026 07 24 08 19 00 000 1.1806574E+01 -2.9847336E-01 -2.9633703E+00
2026 07 24 08 20 00 000 1.1814409E+01 -2.9113910E-01 -2.9653685E+00
2026 07 24 08 21 00 000 1.1822208E+01 -2.8379893E-01 -2.9673657E+00
2026 07 24 08 22 00 000 1.1829973E+01 -2.7644867E-01 -2.9693649E+00
2026 07 24 08 23 00 000 1.1837701E+01 -2.6909745E-01 -2.9713607E+00
2026 07 24 08 24 00 000 1.1845393E+01 -2.6174167E-01 -2.9733555E+00
2026 07 24 08 25 00 000 1.1853047E+01 -2.5437751E-01 -2.9753504E+00
2026 07 24 08 26 00 000 1.1860669E+01 -2.4700639E-01 -2.9773452E+00
2026 07 24 08 27 00 000 1.1868252E+01 -2.3963727E-01 -2.9793363E+00
2026 07 24 08 28 00 000 1.1875799E+01 -2.3225717E-01 -2.9813280E+00
2026 07 24 08 29 00 000 1.1883314E+01 -2.2487532E-01 -2.9833176E+00
2026 07 24 08 30 00 000 1.1890792E+01 -2.1748397E-01 -2.9853070E+00
2026 07 24 08 31 00 000 1.1898232E+01 -2.1008533E-01 -2.9872966E+00
2026 07 24 08 32 00 000 1.1905640E+01 -2.0268731E-01 -2.9892826E+00
2026 07 24 08 33 00 000 1.1913009E+01 -1.9528031E-01 -2.9912679E+00
2026 07 24 08 34 00 000 1.1920346E+01 -1.8787049E-01 -2.9932523E+00
2026 07 24 08 35 00 000 1.1927645E+01 -1.8045291E-01 -2.9952350E+00
2026 07 24 08 36 00 000 1.1934910E+01 -1.7302868E-01 -2.9972165E+00
2026 07 24 08 37 00 000 1.1942139E+01 -1.6560100E-01 -2.9991965E+00
2026 07 24 08 38 00 000 1.1949332E+01 -1.5816902E-01 -3.0011747E+00
2026 07 24 08 39 00 000 1.1956492E+01 -1.5073244E-01 -3.0031509E+00
2026 07 24 08 40 00 000 1.1963614E+01 -1.4328736E-01 -3.0051265E+00
2026 07 24 08 41 00 000 1.1970703E+01 -1.3583662E-01 -3.0071006E+00
2026 07 24 08 42 00 000 1.1977757E+01 -1.2838142E-01 -3.0090725E+00
2026 07 24 08 43 00 000 1.1984775E+01 -1.2091985E-01 -3.0110433E+00
2026 07 24 08 44 00 000 1.1991758E+01 -1.1344933E-01 -3.0130136E+00
2026 07 24 08 45 00 000 1.1998708E+01 -1.0597865E-01 -3.0149794E+00
2026 07 24 08 46 00 000 1.2005620E+01 -9.8502219E-02 -3.0169439E+00
2026 07 24 08 47 00 000 1.2012499E+01 -9.1017283E-02 -3.0189073E+00
2026 07 24 08 48 00 000 1.2019341E+01 -8.3529279E-02 -3.0208685E+00
2026 07 24 08 49 00 000 1.2026150E+01 -7.6032080E-02 -3.0228283E+00
2026 07 24 08 50 00 000 1.2032924E+01 -6.8530358E-02 -3.0247860E+00
2026 07 24 08 51 00 000 1.2039662E+01 -6.1022509E-02 -3.0267422E+00
2026 07 24 08 52 00 000 1.2046368E+01 -5.3511672E-02 -3.0286944E+00
2026 07 24 08 53 00 000 1.2053036E+01 -4.5992091E-02 -3.0306458E+00
2026 07 24 08 54 00 000 1.2059671E+01 -3.8465846E-02 -3.0325959E+00
2026 07 24 08 55 00 000 1.2066272E+01 -3.0934699E-02 -3.0345435E+00
2026 07 24 08 56 00 000 1.2072838E+01 -2.3399945E-02 -3.0364866E+00
2026 07 24 08 57 00 000 1.2079370E+01 -1.5860826E-02 -3.0384278E+00
2026 07 24 08 58 00 000 1.2085866E+01 -8.3106682E-03 -3.0403688E+00
2026 07 24 08 59 00 000 1.2092329E+01 -7.5300003E-04 -3.0423069E+00
2026 07 24 09 00 00 000 1.2098757E+01 6.8056644E-03 -3.0442419E+00
2026 07 24 09 01 00 000 1.2105150E+01 1.4369464E-02 -3.0461733E+00
2026 07 24 09 02 00 000 1.2111511E+01 2.1939777E-02 -3.0481029E+00
2026 07 24 09 03 00 000 1.2117835E+01 2.9521050E-02 -3.0500312E+00
2026 07 24 09 04 00 000 1.2124126E+01 3.7103780E-02 -3.0519547E+00
2026 07 24 09 05 00 000 1.2130383E+01 4.4694558E-02 -3.0538776E+00
2026 07 24 09 06 00 000 1.2136605E+01 5.2288018E-02 -3.0557957E+00
2026 07 24 09 07 00 000 1.2142793E+01 5.9892282E-02 -3.0577128E+00
2026 07 24 09 08 00 000 1.2148948E+01 6.7498773E-02 -3.0596254E+00
2026 07 24 09 09 00 000 1.2155067E+01 7.5117059E-02 -3.0615375E+00
2026 07 24 09 10 00 000 1.2161153E+01 8.2737036E-02 -3.0634449E+00
2026 07 24 09 11 00 000 1.2167207E+01 9.0364449E-02 -3.0653491E+00
2026 07 24 09 12 00 000 1.2173223E+01 9.7998373E-02 -3.0672512E+00
2026 07 24 09 13 00 000 1.2179208E+01 1.0563905E-01 -3.0691502E+00
2026 07 24 09 14 00 000 1.2185158E+01 1.1328263E-01 -3.0710449E+00
2026 07 24 09 15 00 000 1.2191074E+01 1.2093556E-01 -3.0729370E+00
2026 07 24 09 16 00 000 1.2196957E+01 1.2859118E-01 -3.0748246E+00
2026 07 24 09 17 00 000 1.2202806E+01 1.3625959E-01 -3.0767114E+00
2026 07 24 09 18 00 000 1.2208621E+01 1.4392869E-01 -3.0785928E+00
2026 07 24 09 19 00 000 1.2214401E+01 1.5160601E-01 -3.0804715E+00
2026 07 24 09 20 00 000 1.2220150E+01 1.5928814E-01 -3.0823462E+00
2026 07 24 09 21 00 000 1.2225864E+01 1.6697617E-01 -3.0842164E+00
2026 07 24 09 22 00 000 1.2231544E+01 1.7467654E-01 -3.0860858E+00
2026 07 24 09 23 00 000 1.2237190E+01 1.8237661E-01 -3.0879488E+00
2026 07 24 09 24 00 000 1.2242805E+01 1.9008695E-01 -3.0898101E+00
2026 07 24 09 25 00 000 1.2248384E+01 1.9779782E-01 -3.0916650E+00
2026 07 24 09 26 00 000 1.2253930E+01 2.0552088E-01 -3.0935185E+00
2026 07 24 09 27 00 000 1.2259442E+01 2.1325344E-01 -3.0953684E+00
2026 07 24 09 28 00 000 1.2264922E+01 2.2098547E-01 -3.0972123E+00
2026 07 24 09 29 00 000 1.2270369E+01 2.2872877E-01 -3.0990541E+00
2026 07 24 09 30 00 000 1.2275781E+01 2.3647757E-01 -3.1008909E+00
2026 07 24 09 31 00 000 1.2281160E+01 2.4422762E-01 -3.1027226E+00
2026 07 24 09 32 00 000 1.2286506E+01 2.5199184E-01 -3.1045518E+00
2026 07 24 09 33 00 000 1.2291818E+01 2.5976142E-01 -3.1063769E+00
2026 07 24 09 34 00 000 1.2297097E+01 2.6753291E-01 -3.1081953E+00
2026 07 24 09 35 00 000 1.2302344E+01 2.7531591E-01 -3.1100123E+00
2026 07 24 09 36 00 000 1.2307554E+01 2.8310716E-01 -3.1118245E+00
2026 07 24 09 37 00 000 1.2312736E+01 2.9089713E-01 -3.1136291E+00
2026 07 24 09 38 00 000 1.2317882E+01 2.9869875E-01 -3.1154308E+00
2026 07 24 09 39 00 000 1.2322997E+01 3.0650505E-01 -3.1172285E+00
2026 07 24 09 40 00 000 1.2328077E+01 3.1432191E-01 -3.1190217E+00
2026 07 24 09 41 00 000 1.2333124E+01 3.2214147E-01 -3.1208093E+00
2026 07 24 09 42 00 000 1.2338139E+01 3.2997090E-01 -3.1225932E+00
2026 07 24 09 43 00 000 1.2343120E+01 3.3780456E-01 -3.1243713E+00
2026 07 24 09 44 00 000 1.2348067E+01 3.4564388E-01 -3.1261437E+00
2026 07 24 09 45 00 000 1.2352985E+01 3.5349587E-01 -3.1279130E+00
2026 07 24 09 46 00 000 1.2357865E+01 3.6135036E-01 -3.1296771E+00
2026 07 24 09 47 00 000 1.2362717E+01 3.6921182E-01 -3.1314347E+00
2026 07 24 09 48 00 000 1.2367535E+01 3.7708420E-01 -3.1331897E+00
2026 07 24 09 49 00 000 1.2372318E+01 3.8495287E-01 -3.1349349E+00
2026 07 24 09 50 00 000 1.2377071E+01 3.9283907E-01 -3.1366782E+00
2026 07 24 09 51 00 000 1.2381788E+01 4.0073007E-01 -3.1384163E+00
2026 07 24 09 52 00 000 1.2386476E+01 4.0862548E-01 -3.1401470E+00
2026 07 24 09 53 00 000 1.2391128E+01 4.1652814E-01 -3.1418736E+00
2026 07 24 09 54 00 000 1.2395748E+01 4.2444265E-01 -3.1435959E+00
2026 07 24 09 55 00 000 1.2400337E+01 4.3235645E-01 -3.1453092E+00
2026 07 24 09 56 00 000 1.2404893E+01 4.4028085E-01 -3.1470189E+00
2026 07 24 09 57 00 000 1.2409416E+01 4.4821644E-01 -3.1487241E+00
2026 07 24 09 58 00 000 1.2413905E+01 4.5615286E-01 -3.1504214E+00
2026 07 24 09 59 00 000 1.2418363E+01 4.6409863E-01 -3.1521132E+00
2026 07 24 10 00 00 000 1.2422789E+01 4.7205064E-01 -3.1537988E+00
2026 07 24 10 01 00 000 1.2427182E+01 4.8000777E-01 -3.1554778E+00
2026 07 24 10 02 00 000 1.2431541E+01 4.8797384E-01 -3.1571519E+00
2026 07 24 10 03 00 000 1.2435870E+01 4.9594998E-01 -3.1588202E+00
2026 07 24 10 04 00 000 1.2440166E+01 5.0392854E-01 -3.1604810E+00
2026 07 24 10 05 00 000 1.2444428E+01 5.1191825E-01 -3.1621363E+00
2026 07 24 10 06 00 000 1.2448660E+01 5.1991451E-01 -3.1637855E+00
2026 07 24 10 07 00 000 1.2452859E+01 5.2791274E-01 -3.1654265E+00
2026 07 24 10 08 00 000 1.2457026E+01 5.3592575E-01 -3.1670637E+00
2026 07 24 10 09 00 000 1.2461160E+01 5.4394341E-01 -3.1686931E+00
2026 07 24 10 10 00 000 1.2465261E+01 5.5196559E-01 -3.1703153E+00
2026 07 24 10 11 00 000 1.2469330E+01 5.5999768E-01 -3.1719322E+00
2026 07 24 10 12 00 000 1.2473368E+01 5.6803966E-01 -3.1735418E+00
2026 07 24 10 13 00 000 1.2477372E+01 5.7608336E-01 -3.1751435E+00
2026 07 24 10 14 00 000 1.2481346E+01 5.8413506E-01 -3.1767383E+00
2026 07 24 10 15 00 000 1.2485286E+01 5.9219873E-01 -3.1783276E+00
2026 07 24 10 16 00 000 1.2489196E+01 6.0026151E-01 -3.1799080E+00
2026 07 24 10 17 00 000 1.2493073E+01 6.0834026E-01 -3.1814833E+00
2026 07 24 10 18 00 000 1.2496917E+01 6.1642039E-01 -3.1830499E+00
2026 07 24 10 19 00 000 1.2500730E+01 6.2451136E-01 -3.1846101E+00
2026 07 24 10 20 00 000 1.2504510E+01 6.3260984E-01 -3.1861627E+00
2026 07 24 10 21 00 000 1.2508259E+01 6.4071190E-01 -3.1877069E+00
2026 07 24 10 22 00 000 1.2511975E+01 6.4882398E-01 -3.1892447E+00
2026 07 24 10 23 00 000 1.2515662E+01 6.5694094E-01 -3.1907742E+00
2026 07 24 10 24 00 000 1.2519315E+01 6.6506797E-01 -3.1922967E+00
2026 07 24 10 25 00 000 1.2522935E+01 6.7320246E-01 -3.1938121E+00
2026 07 24 10 26 00 000 1.2526525E+01 6.8134165E-01 -3.1953177E+00
2026 07 24 10 27 00 000 1.2530082E+01 6.8949151E-01 -3.1968169E+00
2026 07 24 10 28 00 000 1.2533607E+01 6.9764608E-01 -3.1983078E+00
2026 07 24 10 29 00 000 1.2537101E+01 7.0581317E-01 -3.1997919E+00
2026 07 24 10 30 00 000 1.2540563E+01 7.1398246E-01 -3.2012661E+00
2026 07 24 10 31 00 000 1.2543992E+01 7.2216147E-01 -3.2027333E+00
2026 07 24 10 32 00 000 1.2547391E+01 7.3034644E-01 -3.2041919E+00
2026 07 24 10 33 00 000 1.2550757E+01 7.3853981E-01 -3.2056420E+00
2026 07 24 10 34 00 000 1.2554094E+01 7.4673867E-01 -3.2070835E+00
2026 07 24 10 35 00 000 1.2557398E+01 7.5494820E-01 -3.2085168E+00
2026 07 24 10 36 00 000 1.2560668E+01 7.6316404E-01 -3.2099421E+00
2026 07 24 10 37 00 000 1.2563909E+01 7.7138901E-01 -3.2113588E+00
2026 07 24 10 38 00 000 1.2567117E+01 7.7962101E-01 -3.2127671E+00
2026 07 24 10 39 00 000 1.2570296E+01 7.8785485E-01 -3.2141647E+00
2026 07 24 10 40 00 000 1.2573440E+01 7.9610527E-01 -3.2155561E+00
2026 07 24 10 41 00 000 1.2576554E+01 8.0436009E-01 -3.2169378E+00
2026 07 24 10 42 00 000 1.2579636E+01 8.1261903E-01 -3.2183092E+00
2026 07 24 10 43 00 000 1.2582688E+01 8.2088798E-01 -3.2196727E+00
2026 07 24 10 44 00 000 1.2585707E+01 8.2916379E-01 -3.2210269E+00
2026 07 24 10 45 00 000 1.2588695E+01 8.3744824E-01 -3.2223718E+00
2026 07 24 10 46 00 000 1.2591652E+01 8.4573835E-01 -3.2237072E+00
2026 07 24 10 47 00 000 1.2594577E+01 8.5403752E-01 -3.2250333E+00
2026 07 24 10 48 00 000 1.2597469E+01 8.6234576E-01 -3.2263515E+00
2026 07 24 10 49 00 000 1.2600332E+01 8.7066132E-01 -3.2276587E+00
2026 07 24 10 50 00 000 1.2603164E+01 8.7898123E-01 -3.2289557E+00
2026 07 24 10 51 00 000 1.2605964E+01 8.8731426E-01 -3.2302449E+00
2026 07 24 10 52 00 000 1.2608731E+01 8.9565074E-01 -3.2315230E+00
2026 07 24 10 53 00 000 1.2611469E+01 9.0399253E-01 -3.2327907E+00
2026 07 24 10 54 00 000 1.2614173E+01 9.1234714E-01 -3.2340500E+00
2026 07 24 10 55 00 000 1.2616848E+01 9.2070788E-01 -3.2352984E+00
2026 07 24 10 56 00 000 1.2619492E+01 9.2907715E-01 -3.2365382E+00
2026 07 24 10 57 00 000 1.2622104E+01 9.3745410E-01 -3.2377667E+00
2026 07 24 10 58 00 000 1.2624685E+01 9.4583410E-01 -3.2389846E+00
2026 07 24 10 59 00 000 1.2627234E+01 9.5422375E-01 -3.2401915E+00
2026 07 24 11 00 00 000 1.2629752E+01 9.6262616E-01 -3.2413909E+00
2026 07 24 11 01 00 000 1.2632238E+01 9.7103316E-01 -3.2425790E+00
2026 07 24 11 02 00 000 1.2634697E+01 9.7944295E-01 -3.2437537E+00
2026 07 24 11 03 00 000 1.2637120E+01 9.8786616E-01 -3.2449203E+00
2026 07 24 11 04 00 000 1.2639514E+01 9.9629855E-01 -3.2460773E+00
2026 07 24 11 05 00 000 1.2641877E+01 1.0047342E+00 -3.2472210E+00
2026 07 24 11 06 00 000 1.2644208E+01 1.0131766E+00 -3.2483544E+00
2026 07 24 11 07 00 000 1.2646510E+01 1.0216296E+00 -3.2494774E+00
2026 07 24 11 08 00 000 1.2648780E+01 1.0300913E+00 -3.2505898E+00
2026 07 24 11 09 00 000 1.2651019E+01 1.0385567E+00 -3.2516897E+00
2026 07 24 11 10 00 000 1.2653225E+01 1.0470327E+00 -3.2527800E+00
2026 07 24 11 11 00 000 1.2655401E+01 1.0555170E+00 -3.2538588E+00
2026 07 24 11 12 00 000 1.2657547E+01 1.0640063E+00 -3.2549248E+00
2026 07 24 11 13 00 000 1.2659661E+01 1.0725065E+00 -3.2559814E+00
2026 07 24 11 14 00 000 1.2661746E+01 1.0810127E+00 -3.2570255E+00
2026 07 24 11 15 00 000 1.2663799E+01 1.0895277E+00 -3.2580590E+00
2026 07 24 11 16 00 000 1.2665821E+01 1.0980479E+00 -3.2590795E+00
2026 07 24 11 17 00 000 1.2667811E+01 1.1065749E+00 -3.2600875E+00
2026 07 24 11 18 00 000 1.2669771E+01 1.1151130E+00 -3.2610857E+00
2026 07 24 11 19 00 000 1.2671700E+01 1.1236620E+00 -3.2620728E+00
2026 07 24 11 20 00 000 1.2673598E+01 1.1322125E+00 -3.2630458E+00
2026 07 24 11 21 00 000 1.2675467E+01 1.1407708E+00 -3.2640066E+00
2026 07 24 11 22 00 000 1.2677302E+01 1.1493386E+00 -3.2649565E+00
2026 07 24 11 23 00 000 1.2679109E+01 1.1579150E+00 -3.2658935E+00
2026 07 24 11 24 00 000 1.2680884E+01 1.1664964E+00 -3.2668180E+00
2026 07 24 11 25 00 000 1.2682628E+01 1.1750888E+00 -3.2677312E+00
2026 07 24 11 26 00 000 1.2684341E+01 1.1836903E+00 -3.2686331E+00
2026 07 24 11 27 00 000 1.2686025E+01 1.1922896E+00 -3.2695184E+00
2026 07 24 11 28 00 000 1.2687677E+01 1.2009063E+00 -3.2703938E+00
2026 07 24 11 29 00 000 1.2689299E+01 1.2095289E+00 -3.2712569E+00
2026 07 24 11 30 00 000 1.2690890E+01 1.2181554E+00 -3.2721052E+00
2026 07 24 11 31 00 000 1.2692448E+01 1.2267964E+00 -3.2729440E+00
2026 07 24 11 32 00 000 1.2693977E+01 1.2354413E+00 -3.2737679E+00
2026 07 24 11 33 00 000 1.2695477E+01 1.2440912E+00 -3.2745779E+00
2026 07 24 11 34 00 000 1.2696944E+01 1.2527493E+00 -3.2753749E+00
2026 07 24 11 35 00 000 1.2698383E+01 1.2614142E+00 -3.2761586E+00
2026 07 24 11 36 00 000 1.2699788E+01 1.2700921E+00 -3.2769306E+00
2026 07 24 11 37 00 000 1.2701165E+01 1.2787757E+00 -3.2776887E+00
2026 07 24 11 38 00 000 1.2702511E+01 1.2874632E+00 -3.2784326E+00
2026 07 24 11 39 00 000 1.2703826E+01 1.2961618E+00 -3.2791638E+00
2026 07 24 11 40 00 000 1.2705109E+01 1.3048671E+00 -3.2798808E+00
2026 07 24 11 41 00 000 1.2706365E+01 1.3135794E+00 -3.2805848E+00
2026 07 24 11 42 00 000 1.2707588E+01 1.3222953E+00 -3.2812734E+00
2026 07 24 11 43 00 000 1.2708779E+01 1.3310250E+00 -3.2819495E+00
2026 07 24 11 44 00 000 1.2709943E+01 1.3397636E+00 -3.2826126E+00
2026 07 24 11 45 00 000 1.2711076E+01 1.3485008E+00 -3.2832587E+00
2026 07 24 11 46 00 000 1.2712176E+01 1.3572515E+00 -3.2838929E+00
2026 07 24 11 47 00 000 1.2713247E+01 1.3660142E+00 -3.2845142E+00
2026 07 24 11 48 00 000 1.2714287E+01 1.3747743E+00 -3.2851179E+00
2026 07 24 11 49 00 000 1.2715298E+01 1.3835498E+00 -3.2857101E+00
2026 07 24 11 50 00 000 1.2716275E+01 1.3923308E+00 -3.2862868E+00
2026 07 24 11 51 00 000 1.2717224E+01 1.4011129E+00 -3.2868474E+00
2026 07 24 11 52 00 000 1.2718143E+01 1.4099110E+00 -3.2873960E+00
2026 07 24 11 53 00 000 1.2719032E+01 1.4187120E+00 -3.2879281E+00
2026 07 24 11 54 00 000 1.2719890E+01 1.4275224E+00 -3.2884469E+00
2026 07 24 11 55 00 000 1.2720716E+01 1.4363424E+00 -3.2889516E+00
2026 07 24 11 56 00 000 1.2721514E+01 1.4451619E+00 -3.2894382E+00
2026 07 24 11 57 00 000 1.2722281E+01 1.4539944E+00 -3.2899122E+00
2026 07 24 11 58 00 000 1.2723016E+01 1.4628342E+00 -3.2903709E+00
2026 07 24 11 59 00 000 1.2723722E+01 1.4716814E+00 -3.2908142E+00
2026 07 24 12 00 00 000 1.2724397E+01 1.4805319E+00 -3.2912409E+00
2026 07 24 12 01 00 000 1.2725043E+01 1.4893968E+00 -3.2916546E+00
2026 07 24 12 02 00 000 1.2725657E+01 1.4982623E+00 -3.2920508E+00
2026 07 24 12 03 00 000 1.2726242E+01 1.5071353E+00 -3.2924323E+00
2026 07 24 12 04 00 000 1.2726797E+01 1.5160158E+00 -3.2927978E+00
2026 07 24 12 05 00 000 1.2727322E+01 1.5249081E+00 -3.2931492E+00
2026 07 24 12 06 00 000 1.2727815E+01 1.5338027E+00 -3.2934825E+00
2026 07 24 12 07 00 000 1.2728278E+01 1.5427085E+00 -3.2938020E+00
2026 07 24 12 08 00 000 1.2728709E+01 1.5516218E+00 -3.2941058E+00
2026 07 24 12 09 00 000 1.2729115E+01 1.5605356E+00 -3.2943916E+00
2026 07 24 12 10 00 000 1.2729487E+01 1.5694597E+00 -3.2946622E+00
2026 07 24 12 11 00 000 1.2729829E+01 1.5783942E+00 -3.2949176E+00
2026 07 24 12 12 00 000 1.2730142E+01 1.5873312E+00 -3.2951555E+00
2026 07 24 12 13 00 000 1.2730424E+01 1.5962807E+00 -3.2953780E+00
2026 07 24 12 14 00 000 1.2730676E+01 1.6052306E+00 -3.2955832E+00
2026 07 24 12 15 00 000 1.2730896E+01 1.6141914E+00 -3.2957726E+00
2026 07 24 12 16 00 000 1.2731088E+01 1.6231567E+00 -3.2959447E+00
2026 07 24 12 17 00 000 1.2731249E+01 1.6321313E+00 -3.2961013E+00
2026 07 24 12 18 00 000 1.2731380E+01 1.6411115E+00 -3.2962403E+00
2026 07 24 12 19 00 000 1.2731481E+01 1.6501009E+00 -3.2963636E+00
2026 07 24 12 20 00 000 1.2731552E+01 1.6590933E+00 -3.2964685E+00
2026 07 24 12 21 00 000 1.2731592E+01 1.6680920E+00 -3.2965558E+00
2026 07 24 12 22 00 000 1.2731604E+01 1.6771001E+00 -3.2966280E+00
2026 07 24 12 23 00 000 1.2731584E+01 1.6861144E+00 -3.2966826E+00
2026 07 24 12 24 00 000 1.2731534E+01 1.6951350E+00 -3.2967198E+00
2026 07 24 12 25 00 000 1.2731454E+01 1.7041637E+00 -3.2967401E+00
2026 07 24 12 26 00 000 1.2731343E+01 1.7131981E+00 -3.2967427E+00
2026 07 24 12 27 00 000 1.2731205E+01 1.7222365E+00 -3.2967267E+00
2026 07 24 12 28 00 000 1.2731033E+01 1.7312849E+00 -3.2966948E+00
2026 07 24 12 29 00 000 1.2730835E+01 1.7403399E+00 -3.2966447E+00
2026 07 24 12 30 00 000 1.2730603E+01 1.7494017E+00 -3.2965779E+00
2026 07 24 12 31 00 000 1.2730343E+01 1.7584707E+00 -3.2964931E+00
2026 07 24 12 32 00 000 1.2730054E+01 1.7675413E+00 -3.2963889E+00
2026 07 24 12 33 00 000 1.2729732E+01 1.7766225E+00 -3.2962680E+00
2026 07 24 12 34 00 000 1.2729383E+01 1.7857059E+00 -3.2961276E+00
2026 07 24 12 35 00 000 1.2729002E+01 1.7947996E+00 -3.2959712E+00
2026 07 24 12 36 00 000 1.2728589E+01 1.8038990E+00 -3.2957962E+00
2026 07 24 12 37 00 000 1.2728149E+01 1.8130056E+00 -3.2956026E+00
2026 07 24 12 38 00 000 1.2727678E+01 1.8221148E+00 -3.2953899E+00
2026 07 24 12 39 00 000 1.2727178E+01 1.8312336E+00 -3.2951601E+00
2026 07 24 12 40 00 000 1.2726645E+01 1.8403575E+00 -3.2949114E+00
2026 07 24 12 41 00 000 1.2726086E+01 1.8494861E+00 -3.2946432E+00
2026 07 24 12 42 00 000 1.2725495E+01 1.8586235E+00 -3.2943578E+00
2026 07 24 12 43 00 000 1.2724874E+01 1.8677636E+00 -3.2940524E+00
2026 07 24 12 44 00 000 1.2724225E+01 1.8769099E+00 -3.2937288E+00
2026 07 24 12 45 00 000 1.2723545E+01 1.8860657E+00 -3.2933869E+00
2026 07 24 12 46 00 000 1.2722833E+01 1.8952231E+00 -3.2930253E+00
2026 07 24 12 47 00 000 1.2722092E+01 1.9043897E+00 -3.2926450E+00
2026 07 24 12 48 00 000 1.2721321E+01 1.9135618E+00 -3.2922456E+00
2026 07 24 12 49 00 000 1.2720522E+01 1.9227374E+00 -3.2918272E+00
2026 07 24 12 50 00 000 1.2719690E+01 1.9319211E+00 -3.2913892E+00
2026 07 24 12 51 00 000 1.2718830E+01 1.9411135E+00 -3.2909338E+00
2026 07 24 12 52 00 000 1.2717939E+01 1.9503025E+00 -3.2904553E+00
2026 07 24 12 53 00 000 1.2717018E+01 1.9595052E+00 -3.2899601E+00
2026 07 24 12 54 00 000 1.2716068E+01 1.9687104E+00 -3.2894452E+00
2026 07 24 12 55 00 000 1.2715087E+01 1.9779214E+00 -3.2889099E+00
2026 07 24 12 56 00 000 1.2714078E+01 1.9871390E+00 -3.2883556E+00
2026 07 24 12 57 00 000 1.2713036E+01 1.9963615E+00 -3.2877817E+00
2026 07 24 12 58 00 000 1.2711967E+01 2.0055869E+00 -3.2871866E+00
2026 07 24 12 59 00 000 1.2710869E+01 2.0148172E+00 -3.2865717E+00
2026 07 24 13 00 00 000 1.2709737E+01 2.0240593E+00 -3.2859390E+00
2026 07 24 13 01 00 000 1.2708577E+01 2.0333035E+00 -3.2852850E+00
2026 07 24 13 02 00 000 1.2707388E+01 2.0425463E+00 -3.2846093E+00
2026 07 24 13 03 00 000 1.2706168E+01 2.0518007E+00 -3.2839150E+00
2026 07 24 13 04 00 000 1.2704918E+01 2.0610580E+00 -3.2832000E+00
2026 07 24 13 05 00 000 1.2703639E+01 2.0703244E+00 -3.2824655E+00
2026 07 24 13 06 00 000 1.2702329E+01 2.0795910E+00 -3.2817099E+00
2026 07 24 13 07 00 000 1.2700990E+01 2.0888653E+00 -3.2809343E+00
2026 07 24 13 08 00 000 1.2699620E+01 2.0981443E+00 -3.2801378E+00
2026 07 24 13 09 00 000 1.2698221E+01 2.1074283E+00 -3.2793212E+00
2026 07 24 13 10 00 000 1.2696793E+01 2.1167133E+00 -3.2784824E+00
2026 07 24 13 11 00 000 1.2695333E+01 2.1260061E+00 -3.2776239E+00
2026 07 24 13 12 00 000 1.2693846E+01 2.1353023E+00 -3.2767446E+00
2026 07 24 13 13 00 000 1.2692326E+01 2.1446049E+00 -3.2758451E+00
2026 07 24 13 14 00 000 1.2690779E+01 2.1539123E+00 -3.2749238E+00
2026 07 24 13 15 00 000 1.2689199E+01 2.1632233E+00 -3.2739823E+00
2026 07 24 13 16 00 000 1.2687591E+01 2.1725397E+00 -3.2730188E+00
2026 07 24 13 17 00 000 1.2685954E+01 2.1818576E+00 -3.2720339E+00
2026 07 24 13 18 00 000 1.2684285E+01 2.1911814E+00 -3.2710285E+00
2026 07 24 13 19 00 000 1.2682588E+01 2.2005069E+00 -3.2700012E+00
2026 07 24 13 20 00 000 1.2680859E+01 2.2098410E+00 -3.2689538E+00
2026 07 24 13 21 00 000 1.2679101E+01 2.2191794E+00 -3.2678845E+00
2026 07 24 13 22 00 000 1.2677315E+01 2.2285166E+00 -3.2667928E+00
2026 07 24 13 23 00 000 1.2675496E+01 2.2378619E+00 -3.2656801E+00
2026 07 24 13 24 00 000 1.2673651E+01 2.2472084E+00 -3.2645452E+00
2026 07 24 13 25 00 000 1.2671773E+01 2.2565606E+00 -3.2633891E+00
2026 07 24 13 26 00 000 1.2669867E+01 2.2659175E+00 -3.2622123E+00
2026 07 24 13 27 00 000 1.2667929E+01 2.2752800E+00 -3.2610130E+00
2026 07 24 13 28 00 000 1.2665963E+01 2.2846401E+00 -3.2597904E+00
2026 07 24 13 29 00 000 1.2663965E+01 2.2940121E+00 -3.2585492E+00
2026 07 24 13 30 00 000 1.2661939E+01 2.3033793E+00 -3.2572834E+00
2026 07 24 13 31 00 000 1.2659884E+01 2.3127522E+00 -3.2559953E+00
2026 07 24 13 32 00 000 1.2657799E+01 2.3221300E+00 -3.2546861E+00
2026 07 24 13 33 00 000 1.2655683E+01 2.3315125E+00 -3.2533557E+00
2026 07 24 13 34 00 000 1.2653536E+01 2.3408973E+00 -3.2520015E+00
2026 07 24 13 35 00 000 1.2651360E+01 2.3502827E+00 -3.2506251E+00
2026 07 24 13 36 00 000 1.2649155E+01 2.3596740E+00 -3.2492270E+00
2026 07 24 13 37 00 000 1.2646920E+01 2.3690686E+00 -3.2478068E+00
2026 07 24 13 38 00 000 1.2644653E+01 2.3784666E+00 -3.2463641E+00
2026 07 24 13 39 00 000 1.2642360E+01 2.3878655E+00 -3.2448986E+00
2026 07 24 13 40 00 000 1.2640034E+01 2.3972671E+00 -3.2434101E+00
2026 07 24 13 41 00 000 1.2637681E+01 2.4066703E+00 -3.2418993E+00
2026 07 24 13 42 00 000 1.2635296E+01 2.4160755E+00 -3.2403646E+00
2026 07 24 13 43 00 000 1.2632880E+01 2.4254899E+00 -3.2388093E+00
2026 07 24 13 44 00 000 1.2630436E+01 2.4349020E+00 -3.2372303E+00
2026 07 24 13 45 00 000 1.2627961E+01 2.4443185E+00 -3.2356288E+00
2026 07 24 13 46 00 000 1.2625459E+01 2.4537368E+00 -3.2340040E+00
2026 07 24 13 47 00 000 1.2622925E+01 2.4631548E+00 -3.2323561E+00
2026 07 24 13 48 00 000 1.2620359E+01 2.4725785E+00 -3.2306852E+00
2026 07 24 13 49 00 000 1.2617768E+01 2.4820006E+00 -3.2289915E+00
2026 07 24 13 50 00 000 1.2615145E+01 2.4914289E+00 -3.2272749E+00
2026 07 24 13 51 00 000 1.2612489E+01 2.5008616E+00 -3.2255361E+00
2026 07 24 13 52 00 000 1.2609807E+01 2.5102911E+00 -3.2237725E+00
2026 07 24 13 53 00 000 1.2607094E+01 2.5197253E+00 -3.2219870E+00
2026 07 24 13 54 00 000 1.2604351E+01 2.5291605E+00 -3.2201772E+00
2026 07 24 13 55 00 000 1.2601577E+01 2.5385940E+00 -3.2183442E+00
2026 07 24 13 56 00 000 1.2598775E+01 2.5480328E+00 -3.2164879E+00
2026 07 24 13 57 00 000 1.2595940E+01 2.5574760E+00 -3.2146089E+00
2026 07 24 13 58 00 000 1.2593080E+01 2.5669124E+00 -3.2127047E+00
2026 07 24 13 59 00 000 1.2590186E+01 2.5763543E+00 -3.2107778E+00
2026 07 24 14 00 00 000 1.2587264E+01 2.5858009E+00 -3.2088284E+00
2026 07 24 14 01 00 000 1.2584312E+01 2.5952430E+00 -3.2068541E+00
2026 07 24 14 02 00 000 1.2581330E+01 2.6046898E+00 -3.2048562E+00
2026 07 24 14 03 00 000 1.2578318E+01 2.6141379E+00 -3.2028356E+00
2026 07 24 14 04 00 000 1.2575276E+01 2.6235871E+00 -3.2007911E+00
2026 07 24 14 05 00 000 1.2572206E+01 2.6330314E+00 -3.1987214E+00
2026 07 24 14 06 00 000 1.2569102E+01 2.6424849E+00 -3.1966300E+00
2026 07 24 14 07 00 000 1.2565970E+01 2.6519365E+00 -3.1945133E+00
2026 07 24 14 08 00 000 1.2562809E+01 2.6613851E+00 -3.1923726E+00
2026 07 24 14 09 00 000 1.2559620E+01 2.6708376E+00 -3.1902084E+00
2026 07 24 14 10 00 000 1.2556396E+01 2.6802881E+00 -3.1880202E+00
2026 07 24 14 11 00 000 1.2553146E+01 2.6897414E+00 -3.1858087E+00
2026 07 24 14 12 00 000 1.2549862E+01 2.6991954E+00 -3.1835723E+00
2026 07 24 14 13 00 000 1.2546553E+01 2.7086453E+00 -3.1813114E+00
2026 07 24 14 14 00 000 1.2543211E+01 2.7181022E+00 -3.1790276E+00
2026 07 24 14 15 00 000 1.2539840E+01 2.7275569E+00 -3.1767194E+00
2026 07 24 14 16 00 000 1.2536441E+01 2.7370040E+00 -3.1743863E+00
2026 07 24 14 17 00 000 1.2533010E+01 2.7464581E+00 -3.1720293E+00
2026 07 24 14 18 00 000 1.2529548E+01 2.7559111E+00 -3.1696482E+00
2026 07 24 14 19 00 000 1.2526057E+01 2.7653642E+00 -3.1672428E+00
2026 07 24 14 20 00 000 1.2522535E+01 2.7748158E+00 -3.1648130E+00
2026 07 24 14 21 00 000 1.2518985E+01 2.7842693E+00 -3.1623592E+00
2026 07 24 14 22 00 000 1.2515405E+01 2.7937205E+00 -3.1598809E+00
2026 07 24 14 23 00 000 1.2511794E+01 2.8031647E+00 -3.1573772E+00
2026 07 24 14 24 00 000 1.2508153E+01 2.8126149E+00 -3.1548495E+00
2026 07 24 14 25 00 000 1.2504483E+01 2.8220632E+00 -3.1522987E+00
2026 07 24 14 26 00 000 1.2500781E+01 2.8315113E+00 -3.1497226E+00
2026 07 24 14 27 00 000 1.2497051E+01 2.8409581E+00 -3.1471217E+00
2026 07 24 14 28 00 000 1.2493289E+01 2.8504028E+00 -3.1444960E+00
2026 07 24 14 29 00 000 1.2489499E+01 2.8598416E+00 -3.1418457E+00
2026 07 24 14 30 00 000 1.2485679E+01 2.8692844E+00 -3.1391716E+00
2026 07 24 14 31 00 000 1.2481828E+01 2.8787253E+00 -3.1364725E+00
2026 07 24 14 32 00 000 1.2477944E+01 2.8881645E+00 -3.1337490E+00
2026 07 24 14 33 00 000 1.2474035E+01 2.8976038E+00 -3.1310010E+00
2026 07 24 14 34 00 000 1.2470094E+01 2.9070358E+00 -3.1282275E+00
2026 07 24 14 35 00 000 1.2466124E+01 2.9164696E+00 -3.1254301E+00
2026 07 24 14 36 00 000 1.2462121E+01 2.9259017E+00 -3.1226082E+00
2026 07 24 14 37 00 000 1.2458092E+01 2.9353290E+00 -3.1197608E+00
2026 07 24 14 38 00 000 1.2454030E+01 2.9447567E+00 -3.1168890E+00
2026 07 24 14 39 00 000 1.2449937E+01 2.9541850E+00 -3.1139932E+00
2026 07 24 14 40 00 000 1.2445815E+01 2.9636052E+00 -3.1110716E+00
2026 07 24 14 41 00 000 1.2441665E+01 2.9730229E+00 -3.1081247E+00
2026 07 24 14 42 00 000 1.2437484E+01 2.9824369E+00 -3.1051536E+00
2026 07 24 14 43 00 000 1.2433270E+01 2.9918554E+00 -3.1021590E+00
2026 07 24 14 44 00 000 1.2429030E+01 3.0012646E+00 -3.0991375E+00
2026 07 24 14 45 00 000 1.2424759E+01 3.0106719E+00 -3.0960922E+00
2026 07 24 14 46 00 000 1.2420456E+01 3.0200782E+00 -3.0930221E+00
2026 07 24 14 47 00 000 1.2416125E+01 3.0294802E+00 -3.0899274E+00
2026 07 24 14 48 00 000 1.2411761E+01 3.0388803E+00 -3.0868075E+00
2026 07 24 14 49 00 000 1.2407370E+01 3.0482736E+00 -3.0836623E+00
2026 07 24 14 50 00 000 1.2402946E+01 3.0576670E+00 -3.0804930E+00
2026 07 24 14 51 00 000 1.2398492E+01 3.0670595E+00 -3.0772991E+00
2026 07 24 14 52 00 000 1.2394009E+01 3.0764425E+00 -3.0740795E+00
2026 07 24 14 53 00 000 1.2389498E+01 3.0858204E+00 -3.0708346E+00
2026 07 24 14 54 00 000 1.2384953E+01 3.0951993E+00 -3.0675659E+00
2026 07 24 14 55 00 000 1.2380379E+01 3.1045721E+00 -3.0642717E+00
2026 07 24 14 56 00 000 1.2375775E+01 3.1139419E+00 -3.0609527E+00
2026 07 24 14 57 00 000 1.2371140E+01 3.1233108E+00 -3.0576100E+00
2026 07 24 14 58 00 000 1.2366478E+01 3.1326630E+00 -3.0542402E+00
2026 07 24 14 59 00 000 1.2361782E+01 3.1420233E+00 -3.0508463E+00
2026 07 24 15 00 00 000 1.2357058E+01 3.1513751E+00 -3.0474284E+00
2026 07 24 15 01 00 000 1.2352304E+01 3.1607192E+00 -3.0439847E+00
2026 07 24 15 02 00 000 1.2347516E+01 3.1700649E+00 -3.0405169E+00
2026 07 24 15 03 00 000 1.2342702E+01 3.1793969E+00 -3.0370233E+00
2026 07 24 15 04 00 000 1.2337856E+01 3.1887293E+00 -3.0335052E+00
2026 07 24 15 05 00 000 1.2332980E+01 3.1980536E+00 -3.0299616E+00
2026 07 24 15 06 00 000 1.2328073E+01 3.2073765E+00 -3.0263941E+00
2026 07 24 15 07 00 000 1.2323135E+01 3.2166960E+00 -3.0228016E+00
2026 07 24 15 08 00 000 1.2318169E+01 3.2260051E+00 -3.0191839E+00
2026 07 24 15 09 00 000 1.2313172E+01 3.2353082E+00 -3.0155420E+00
2026 07 24 15 10 00 000 1.2308142E+01 3.2446086E+00 -3.0118744E+00
2026 07 24 15 11 00 000 1.2303083E+01 3.2539027E+00 -3.0081828E+00
2026 07 24 15 12 00 000 1.2297996E+01 3.2631915E+00 -3.0044665E+00
2026 07 24 15 13 00 000 1.2292876E+01 3.2724721E+00 -3.0007248E+00
2026 07 24 15 14 00 000 1.2287727E+01 3.2817469E+00 -2.9969583E+00
2026 07 24 15 15 00 000 1.2282547E+01 3.2910171E+00 -2.9931674E+00
2026 07 24 15 16 00 000 1.2277337E+01 3.3002813E+00 -2.9893515E+00
2026 07 24 15 17 00 000 1.2272098E+01 3.3095353E+00 -2.9855108E+00
2026 07 24 15 18 00 000 1.2266825E+01 3.3187866E+00 -2.9816463E+00
2026 07 24 15 19 00 000 1.2261523E+01 3.3280296E+00 -2.9777563E+00
2026 07 24 15 20 00 000 1.2256189E+01 3.3372672E+00 -2.9738421E+00
2026 07 24 15 21 00 000 1.2250829E+01 3.3464944E+00 -2.9699028E+00
2026 07 24 15 22 00 000 1.2245435E+01 3.3557200E+00 -2.9659395E+00
2026 07 24 15 23 00 000 1.2240012E+01 3.3649294E+00 -2.9619501E+00
2026 07 24 15 24 00 000 1.2234559E+01 3.3741384E+00 -2.9579375E+00
2026 07 24 15 25 00 000 1.2229072E+01 3.3833385E+00 -2.9539003E+00
2026 07 24 15 26 00 000 1.2223557E+01 3.3925295E+00 -2.9498379E+00
2026 07 24 15 27 00 000 1.2218011E+01 3.4017146E+00 -2.9457514E+00
2026 07 24 15 28 00 000 1.2212436E+01 3.4108934E+00 -2.9416411E+00
2026 07 24 15 29 00 000 1.2206829E+01 3.4200602E+00 -2.9375055E+00
2026 07 24 15 30 00 000 1.2201191E+01 3.4292221E+00 -2.9333460E+00
2026 07 24 15 31 00 000 1.2195522E+01 3.4383759E+00 -2.9291620E+00
2026 07 24 15 32 00 000 1.2189825E+01 3.4475219E+00 -2.9249542E+00
2026 07 24 15 33 00 000 1.2184094E+01 3.4566562E+00 -2.9207211E+00
2026 07 24 15 34 00 000 1.2178335E+01 3.4657862E+00 -2.9164641E+00
2026 07 24 15 35 00 000 1.2172544E+01 3.4749053E+00 -2.9121833E+00
2026 07 24 15 36 00 000 1.2166723E+01 3.4840164E+00 -2.9078779E+00
2026 07 24 15 37 00 000 1.2160872E+01 3.4931157E+00 -2.9035480E+00
2026 07 24 15 38 00 000 1.2154989E+01 3.5022092E+00 -2.8991945E+00
2026 07 24 15 39 00 000 1.2149074E+01 3.5112936E+00 -2.8948174E+00
2026 07 24 15 40 00 000 1.2143130E+01 3.5203660E+00 -2.8904152E+00
2026 07 24 15 41 00 000 1.2137156E+01 3.5294313E+00 -2.8859894E+00
2026 07 24 15 42 00 000 1.2131148E+01 3.5384905E+00 -2.8815401E+00
2026 07 24 15 43 00 000 1.2125113E+01 3.5475347E+00 -2.8770666E+00
2026 07 24 15 44 00 000 1.2119048E+01 3.5565686E+00 -2.8725686E+00
2026 07 24 15 45 00 000 1.2112950E+01 3.5655935E+00 -2.8680475E+00
2026 07 24 15 46 00 000 1.2106819E+01 3.5746131E+00 -2.8635025E+00
2026 07 24 15 47 00 000 1.2100660E+01 3.5836174E+00 -2.8589332E+00
2026 07 24 15 48 00 000 1.2094470E+01 3.5926144E+00 -2.8543408E+00
2026 07 24 15 49 00 000 1.2088247E+01 3.6016004E+00 -2.8497255E+00
2026 07 24 15 50 00 000 1.2081998E+01 3.6105742E+00 -2.8450854E+00
2026 07 24 15 51 00 000 1.2075714E+01 3.6195397E+00 -2.8404222E+00
2026 07 24 15 52 00 000 1.2069400E+01 3.6284957E+00 -2.8357356E+00
2026 07 24 15 53 00 000 1.2063054E+01 3.6374395E+00 -2.8310256E+00
2026 07 24 15 54 00 000 1.2056678E+01 3.6463735E+00 -2.8262923E+00
2026 07 24 15 55 00 000 1.2050272E+01 3.6552920E+00 -2.8215353E+00
2026 07 24 15 56 00 000 1.2043834E+01 3.6642027E+00 -2.8167551E+00
2026 07 24 15 57 00 000 1.2037364E+01 3.6731000E+00 -2.8119519E+00
2026 07 24 15 58 00 000 1.2030865E+01 3.6819892E+00 -2.8071256E+00
2026 07 24 15 59 00 000 1.2024334E+01 3.6908667E+00 -2.8022764E+00
2026 07 24 16 00 00 000 1.2017771E+01 3.6997318E+00 -2.7974041E+00
2026 07 24 16 01 00 000 1.2011179E+01 3.7085845E+00 -2.7925086E+00
2026 07 24 16 02 00 000 1.2004557E+01 3.7174208E+00 -2.7875898E+00
2026 07 24 16 03 00 000 1.1997899E+01 3.7262533E+00 -2.7826486E+00
2026 07 24 16 04 00 000 1.1991214E+01 3.7350686E+00 -2.7776847E+00
2026 07 24 16 05 00 000 1.1984498E+01 3.7438705E+00 -2.7726982E+00
2026 07 24 16 06 00 000 1.1977748E+01 3.7526660E+00 -2.7676885E+00
2026 07 24 16 07 00 000 1.1970969E+01 3.7614439E+00 -2.7626569E+00
2026 07 24 16 08 00 000 1.1964159E+01 3.7702115E+00 -2.7576022E+00
2026 07 24 16 09 00 000 1.1957316E+01 3.7789643E+00 -2.7525256E+00
2026 07 24 16 10 00 000 1.1950443E+01 3.7877090E+00 -2.7474260E+00
2026 07 24 16 11 00 000 1.1943540E+01 3.7964349E+00 -2.7423046E+00
2026 07 24 16 12 00 000 1.1936604E+01 3.8051510E+00 -2.7371604E+00
2026 07 24 16 13 00 000 1.1929636E+01 3.8138518E+00 -2.7319946E+00
2026 07 24 16 14 00 000 1.1922638E+01 3.8225427E+00 -2.7268066E+00
2026 07 24 16 15 00 000 1.1915607E+01 3.8312180E+00 -2.7215967E+00
2026 07 24 16 16 00 000 1.1908546E+01 3.8398771E+00 -2.7163644E+00
2026 07 24 16 17 00 000 1.1901455E+01 3.8485260E+00 -2.7111106E+00
2026 07 24 16 18 00 000 1.1894331E+01 3.8571613E+00 -2.7058346E+00
2026 07 24 16 19 00 000 1.1887177E+01 3.8657825E+00 -2.7005372E+00
2026 07 24 16 20 00 000 1.1879990E+01 3.8743889E+00 -2.6952183E+00
2026 07 24 16 21 00 000 1.1872772E+01 3.8829820E+00 -2.6898777E+00
2026 07 24 16 22 00 000 1.1865524E+01 3.8915539E+00 -2.6845152E+00
2026 07 24 16 23 00 000 1.1858244E+01 3.9001193E+00 -2.6791317E+00
2026 07 24 16 24 00 000 1.1850931E+01 3.9086664E+00 -2.6737270E+00
2026 07 24 16 25 00 000 1.1843586E+01 3.9172044E+00 -2.6683011E+00
2026 07 24 16 26 00 000 1.1836212E+01 3.9257252E+00 -2.6628540E+00
2026 07 24 16 27 00 000 1.1828804E+01 3.9342268E+00 -2.6573858E+00
2026 07 24 16 28 00 000 1.1821366E+01 3.9427171E+00 -2.6518967E+00
2026 07 24 16 29 00 000 1.1813898E+01 3.9511902E+00 -2.6463869E+00
2026 07 24 16 30 00 000 1.1806395E+01 3.9596493E+00 -2.6408556E+00
2026 07 24 16 31 00 000 1.1798862E+01 3.9680958E+00 -2.6353042E+00
2026 07 24 16 32 00 000 1.1791297E+01 3.9765239E+00 -2.6297319E+00
2026 07 24 16 33 00 000 1.1783700E+01 3.9849384E+00 -2.6241388E+00
2026 07 24 16 34 00 000 1.1776074E+01 3.9933300E+00 -2.6185257E+00
2026 07 24 16 35 00 000 1.1768413E+01 4.0017147E+00 -2.6128922E+00
2026 07 24 16 36 00 000 1.1760722E+01 4.0100784E+00 -2.6072385E+00
2026 07 24 16 37 00 000 1.1752997E+01 4.0184283E+00 -2.6015644E+00
2026 07 24 16 38 00 000 1.1745242E+01 4.0267630E+00 -2.5958703E+00
2026 07 24 16 39 00 000 1.1737455E+01 4.0350809E+00 -2.5901566E+00
2026 07 24 16 40 00 000 1.1729635E+01 4.0433812E+00 -2.5844223E+00
2026 07 24 16 41 00 000 1.1721786E+01 4.0516667E+00 -2.5786688E+00
2026 07 24 16 42 00 000 1.1713902E+01 4.0599308E+00 -2.5728953E+00
2026 07 24 16 43 00 000 1.1705988E+01 4.0681829E+00 -2.5671024E+00
2026 07 24 16 44 00 000 1.1698042E+01 4.0764151E+00 -2.5612898E+00
2026 07 24 16 45 00 000 1.1690064E+01 4.0846329E+00 -2.5554583E+00
2026 07 24 16 46 00 000 1.1682055E+01 4.0928326E+00 -2.5496070E+00
2026 07 24 16 47 00 000 1.1674013E+01 4.1010137E+00 -2.5437367E+00
2026 07 24 16 48 00 000 1.1665940E+01 4.1091771E+00 -2.5378473E+00
2026 07 24 16 49 00 000 1.1657832E+01 4.1173272E+00 -2.5319393E+00
2026 07 24 16 50 00 000 1.1649693E+01 4.1254592E+00 -2.5260119E+00
2026 07 24 16 51 00 000 1.1641522E+01 4.1335697E+00 -2.5200655E+00
2026 07 24 16 52 00 000 1.1633322E+01 4.1416655E+00 -2.5141010E+00
2026 07 24 16 53 00 000 1.1625086E+01 4.1497416E+00 -2.5081174E+00
2026 07 24 16 54 00 000 1.1616819E+01 4.1577992E+00 -2.5021160E+00
2026 07 24 16 55 00 000 1.1608521E+01 4.1658435E+00 -2.4960961E+00
2026 07 24 16 56 00 000 1.1600189E+01 4.1738639E+00 -2.4900575E+00
2026 07 24 16 57 00 000 1.1591825E+01 4.1818695E+00 -2.4840014E+00
2026 07 24 16 58 00 000 1.1583429E+01 4.1898537E+00 -2.4779267E+00
2026 07 24 16 59 00 000 1.1575003E+01 4.1978216E+00 -2.4718344E+00
2026 07 24 17 00 00 000 1.1566543E+01 4.2057705E+00 -2.4657242E+00
2026 07 24 17 01 00 000 1.1558050E+01 4.2137017E+00 -2.4595966E+00
2026 07 24 17 02 00 000 1.1549525E+01 4.2216120E+00 -2.4534514E+00
2026 07 24 17 03 00 000 1.1540968E+01 4.2295065E+00 -2.4472890E+00
2026 07 24 17 04 00 000 1.1532378E+01 4.2373776E+00 -2.4411082E+00
2026 07 24 17 05 00 000 1.1523758E+01 4.2452292E+00 -2.4349110E+00
2026 07 24 17 06 00 000 1.1515104E+01 4.2530618E+00 -2.4286966E+00
2026 07 24 17 07 00 000 1.1506414E+01 4.2608814E+00 -2.4224651E+00
2026 07 24 17 08 00 000 1.1497695E+01 4.2686768E+00 -2.4162166E+00
2026 07 24 17 09 00 000 1.1488943E+01 4.2764521E+00 -2.4099514E+00
2026 07 24 17 10 00 000 1.1480158E+01 4.2842088E+00 -2.4036703E+00
2026 07 24 17 11 00 000 1.1471341E+01 4.2919436E+00 -2.3973715E+00
2026 07 24 17 12 00 000 1.1462491E+01 4.2996607E+00 -2.3910570E+00
2026 07 24 17 13 00 000 1.1453609E+01 4.3073578E+00 -2.3847256E+00
2026 07 24 17 14 00 000 1.1444694E+01 4.3150353E+00 -2.3783789E+00
2026 07 24 17 15 00 000 1.1435744E+01 4.3226929E+00 -2.3720160E+00
2026 07 24 17 16 00 000 1.1426766E+01 4.3303266E+00 -2.3656366E+00
2026 07 24 17 17 00 000 1.1417752E+01 4.3379426E+00 -2.3592424E+00
2026 07 24 17 18 00 000 1.1408707E+01 4.3455362E+00 -2.3528316E+00
2026 07 24 17 19 00 000 1.1399626E+01 4.3531127E+00 -2.3464053E+00
2026 07 24 17 20 00 000 1.1390516E+01 4.3606644E+00 -2.3399639E+00
2026 07 24 17 21 00 000 1.1381370E+01 4.3681989E+00 -2.3335071E+00
2026 07 24 17 22 00 000 1.1372190E+01 4.3757114E+00 -2.3270347E+00
2026 07 24 17 23 00 000 1.1362983E+01 4.3831973E+00 -2.3205481E+00
2026 07 24 17 24 00 000 1.1353738E+01 4.3906708E+00 -2.3140459E+00
2026 07 24 17 25 00 000 1.1344462E+01 4.3981175E+00 -2.3075299E+00
2026 07 24 17 26 00 000 1.1335150E+01 4.4055452E+00 -2.3009980E+00
2026 07 24 17 27 00 000 1.1325809E+01 4.4129515E+00 -2.2944524E+00
2026 07 24 17 28 00 000 1.1316435E+01 4.4203339E+00 -2.2878921E+00
2026 07 24 17 29 00 000 1.1307025E+01 4.4276967E+00 -2.2813172E+00
2026 07 24 17 30 00 000 1.1297583E+01 4.4350357E+00 -2.2747288E+00
2026 07 24 17 31 00 000 1.1288106E+01 4.4423580E+00 -2.2681262E+00
2026 07 24 17 32 00 000 1.1278598E+01 4.4496555E+00 -2.2615094E+00
2026 07 24 17 33 00 000 1.1269057E+01 4.4569292E+00 -2.2548788E+00
2026 07 24 17 34 00 000 1.1259481E+01 4.4641819E+00 -2.2482347E+00
2026 07 24 17 35 00 000 1.1249874E+01 4.4714146E+00 -2.2415774E+00
2026 07 24 17 36 00 000 1.1240232E+01 4.4786210E+00 -2.2349062E+00
2026 07 24 17 37 00 000 1.1230556E+01 4.4858098E+00 -2.2282226E+00
2026 07 24 17 38 00 000 1.1220845E+01 4.4929748E+00 -2.2215247E+00
2026 07 24 17 39 00 000 1.1211106E+01 4.5001140E+00 -2.2148147E+00
2026 07 24 17 40 00 000 1.1201332E+01 4.5072308E+00 -2.2080922E+00
2026 07 24 17 41 00 000 1.1191525E+01 4.5143247E+00 -2.2013564E+00
2026 07 24 17 42 00 000 1.1181680E+01 4.5214005E+00 -2.1946082E+00
2026 07 24 17 43 00 000 1.1171805E+01 4.5284510E+00 -2.1878474E+00
2026 07 24 17 44 00 000 1.1161896E+01 4.5354757E+00 -2.1810744E+00
2026 07 24 17 45 00 000 1.1151951E+01 4.5424829E+00 -2.1742895E+00
2026 07 24 17 46 00 000 1.1141975E+01 4.5494595E+00 -2.1674924E+00
2026 07 24 17 47 00 000 1.1131967E+01 4.5564170E+00 -2.1606836E+00
2026 07 24 17 48 00 000 1.1121921E+01 4.5633497E+00 -2.1538632E+00
2026 07 24 17 49 00 000 1.1111843E+01 4.5702634E+00 -2.1470306E+00
2026 07 24 17 50 00 000 1.1101730E+01 4.5771503E+00 -2.1401865E+00
2026 07 24 17 51 00 000 1.1091586E+01 4.5840125E+00 -2.1333318E+00
2026 07 24 17 52 00 000 1.1081408E+01 4.5908504E+00 -2.1264656E+00
2026 07 24 17 53 00 000 1.1071192E+01 4.5976691E+00 -2.1195884E+00
2026 07 24 17 54 00 000 1.1060946E+01 4.6044588E+00 -2.1127000E+00
2026 07 24 17 55 00 000 1.1050664E+01 4.6112275E+00 -2.1058011E+00
2026 07 24 17 56 00 000 1.1040349E+01 4.6179743E+00 -2.0988915E+00
2026 07 24 17 57 00 000 1.1029999E+01 4.6246943E+00 -2.0919712E+00
2026 07 24 17 58 00 000 1.1019616E+01 4.6313882E+00 -2.0850413E+00
2026 07 24 17 59 00 000 1.1009199E+01 4.6380577E+00 -2.0781009E+00
2026 07 24 18 00 00 000 1.0998747E+01 4.6447053E+00 -2.0711501E+00
2026 07 24 18 01 00 000 1.0988258E+01 4.6513309E+00 -2.0641890E+00
2026 07 24 18 02 00 000 1.0977739E+01 4.6579266E+00 -2.0572188E+00
2026 07 24 18 03 00 000 1.0967187E+01 4.6645012E+00 -2.0502386E+00
2026 07 24 18 04 00 000 1.0956599E+01 4.6710448E+00 -2.0432494E+00
2026 07 24 18 05 00 000 1.0945973E+01 4.6775737E+00 -2.0362504E+00
2026 07 24 18 06 00 000 1.0935319E+01 4.6840692E+00 -2.0292420E+00
2026 07 24 18 07 00 000 1.0924625E+01 4.6905437E+00 -2.0222249E+00
2026 07 24 18 08 00 000 1.0913898E+01 4.6969972E+00 -2.0151985E+00
2026 07 24 18 09 00 000 1.0903136E+01 4.7034197E+00 -2.0081639E+00
2026 07 24 18 10 00 000 1.0892343E+01 4.7098160E+00 -2.0011206E+00
2026 07 24 18 11 00 000 1.0881513E+01 4.7161927E+00 -1.9940683E+00
2026 07 24 18 12 00 000 1.0870648E+01 4.7225409E+00 -1.9870077E+00
2026 07 24 18 13 00 000 1.0859749E+01 4.7288632E+00 -1.9799390E+00
2026 07 24 18 14 00 000 1.0848814E+01 4.7351613E+00 -1.9728626E+00
2026 07 24 18 15 00 000 1.0837846E+01 4.7414322E+00 -1.9657779E+00
2026 07 24 18 16 00 000 1.0826843E+01 4.7476792E+00 -1.9586855E+00
2026 07 24 18 17 00 000 1.0815803E+01 4.7539015E+00 -1.9515854E+00
2026 07 24 18 18 00 000 1.0804730E+01 4.7600961E+00 -1.9444777E+00
2026 07 24 18 19 00 000 1.0793622E+01 4.7662678E+00 -1.9373629E+00
2026 07 24 18 20 00 000 1.0782478E+01 4.7724085E+00 -1.9302408E+00
2026 07 24 18 21 00 000 1.0771302E+01 4.7785230E+00 -1.9231117E+00
2026 07 24 18 22 00 000 1.0760090E+01 4.7846160E+00 -1.9159756E+00
2026 07 24 18 23 00 000 1.0748841E+01 4.7906818E+00 -1.9088328E+00
2026 07 24 18 24 00 000 1.0737557E+01 4.7967205E+00 -1.9016829E+00
2026 07 24 18 25 00 000 1.0726241E+01 4.8027320E+00 -1.8945270E+00
2026 07 24 18 26 00 000 1.0714888E+01 4.8087163E+00 -1.8873645E+00
2026 07 24 18 27 00 000 1.0703498E+01 4.8146787E+00 -1.8801960E+00
2026 07 24 18 28 00 000 1.0692075E+01 4.8206120E+00 -1.8730215E+00
2026 07 24 18 29 00 000 1.0680614E+01 4.8265209E+00 -1.8658409E+00
2026 07 24 18 30 00 000 1.0669118E+01 4.8324008E+00 -1.8586546E+00
2026 07 24 18 31 00 000 1.0657589E+01 4.8382568E+00 -1.8514626E+00
2026 07 24 18 32 00 000 1.0646024E+01 4.8440852E+00 -1.8442650E+00
2026 07 24 18 33 00 000 1.0634424E+01 4.8498812E+00 -1.8370626E+00
2026 07 24 18 34 00 000 1.0622787E+01 4.8556547E+00 -1.8298544E+00
2026 07 24 18 35 00 000 1.0611114E+01 4.8614039E+00 -1.8226411E+00
2026 07 24 18 36 00 000 1.0599408E+01 4.8671227E+00 -1.8154233E+00
2026 07 24 18 37 00 000 1.0587663E+01 4.8728170E+00 -1.8082008E+00
2026 07 24 18 38 00 000 1.0575884E+01 4.8784852E+00 -1.8009731E+00
2026 07 24 18 39 00 000 1.0564070E+01 4.8841200E+00 -1.7937416E+00
2026 07 24 18 40 00 000 1.0552219E+01 4.8897324E+00 -1.7865051E+00
2026 07 24 18 41 00 000 1.0540333E+01 4.8953147E+00 -1.7792648E+00
2026 07 24 18 42 00 000 1.0528409E+01 4.9008746E+00 -1.7720206E+00
2026 07 24 18 43 00 000 1.0516450E+01 4.9064045E+00 -1.7647718E+00
2026 07 24 18 44 00 000 1.0504457E+01 4.9119048E+00 -1.7575203E+00
2026 07 24 18 45 00 000 1.0492425E+01 4.9173794E+00 -1.7502643E+00
2026 07 24 18 46 00 000 1.0480360E+01 4.9228253E+00 -1.7430054E+00
2026 07 24 18 47 00 000 1.0468257E+01 4.9282455E+00 -1.7357429E+00
2026 07 24 18 48 00 000 1.0456120E+01 4.9336352E+00 -1.7284771E+00
2026 07 24 18 49 00 000 1.0443943E+01 4.9390016E+00 -1.7212082E+00
2026 07 24 18 50 00 000 1.0431733E+01 4.9443355E+00 -1.7139368E+00
2026 07 24 18 51 00 000 1.0419486E+01 4.9496422E+00 -1.7066624E+00
2026 07 24 18 52 00 000 1.0407201E+01 4.9549232E+00 -1.6993855E+00
2026 07 24 18 53 00 000 1.0394879E+01 4.9601784E+00 -1.6921055E+00
2026 07 24 18 54 00 000 1.0382524E+01 4.9654002E+00 -1.6848235E+00
2026 07 24 18 55 00 000 1.0370128E+01 4.9705992E+00 -1.6775397E+00
2026 07 24 18 56 00 000 1.0357698E+01 4.9757643E+00 -1.6702539E+00
2026 07 24 18 57 00 000 1.0345233E+01 4.9809051E+00 -1.6629654E+00
2026 07 24 18 58 00 000 1.0332729E+01 4.9860177E+00 -1.6556756E+00
2026 07 24 18 59 00 000 1.0320189E+01 4.9911008E+00 -1.6483839E+00
2026 07 24 19 00 00 000 1.0307612E+01 4.9961557E+00 -1.6410904E+00
2026 07 24 19 01 00 000 1.0294997E+01 5.0011835E+00 -1.6337962E+00
2026 07 24 19 02 00 000 1.0282349E+01 5.0061784E+00 -1.6265012E+00
2026 07 24 19 03 00 000 1.0269661E+01 5.0111480E+00 -1.6192044E+00
2026 07 24 19 04 00 000 1.0256936E+01 5.0160890E+00 -1.6119072E+00
2026 07 24 19 05 00 000 1.0244174E+01 5.0210009E+00 -1.6046082E+00
2026 07 24 19 06 00 000 1.0231375E+01 5.0258846E+00 -1.5973091E+00
2026 07 24 19 07 00 000 1.0218539E+01 5.0307412E+00 -1.5900090E+00
2026 07 24 19 08 00 000 1.0205667E+01 5.0355654E+00 -1.5827093E+00
2026 07 24 19 09 00 000 1.0192759E+01 5.0403600E+00 -1.5754094E+00
2026 07 24 19 10 00 000 1.0179811E+01 5.0451303E+00 -1.5681093E+00
2026 07 24 19 11 00 000 1.0166823E+01 5.0498714E+00 -1.5608081E+00
2026 07 24 19 12 00 000 1.0153802E+01 5.0545807E+00 -1.5535084E+00
2026 07 24 19 13 00 000 1.0140741E+01 5.0592613E+00 -1.5462083E+00
2026 07 24 19 14 00 000 1.0127644E+01 5.0639153E+00 -1.5389082E+00
2026 07 24 19 15 00 000 1.0114510E+01 5.0685349E+00 -1.5316097E+00
2026 07 24 19 16 00 000 1.0101337E+01 5.0731306E+00 -1.5243115E+00
2026 07 24 19 17 00 000 1.0088126E+01 5.0776949E+00 -1.5170138E+00
2026 07 24 19 18 00 000 1.0074879E+01 5.0822315E+00 -1.5097172E+00
2026 07 24 19 19 00 000 1.0061592E+01 5.0867357E+00 -1.5024215E+00
2026 07 24 19 20 00 000 1.0048268E+01 5.0912137E+00 -1.4951276E+00
2026 07 24 19 21 00 000 1.0034906E+01 5.0956607E+00 -1.4878346E+00
2026 07 24 19 22 00 000 1.0021507E+01 5.1000781E+00 -1.4805433E+00
2026 07 24 19 23 00 000 1.0008071E+01 5.1044655E+00 -1.4732537E+00
2026 07 24 19 24 00 000 9.9945936E+00 5.1088243E+00 -1.4659655E+00
2026 07 24 19 25 00 000 9.9810810E+00 5.1131530E+00 -1.4586799E+00
2026 07 24 19 26 00 000 9.9675283E+00 5.1174507E+00 -1.4513960E+00
2026 07 24 19 27 00 000 9.9539394E+00 5.1217194E+00 -1.4441141E+00
2026 07 24 19 28 00 000 9.9403095E+00 5.1259589E+00 -1.4368345E+00
2026 07 24 19 29 00 000 9.9266405E+00 5.1301723E+00 -1.4295567E+00
2026 07 24 19 30 00 000 9.9129353E+00 5.1343513E+00 -1.4222820E+00
2026 07 24 19 31 00 000 9.8991899E+00 5.1385007E+00 -1.4150101E+00
2026 07 24 19 32 00 000 9.8854094E+00 5.1426206E+00 -1.4077412E+00
2026 07 24 19 33 00 000 9.8715878E+00 5.1467109E+00 -1.4004750E+00
2026 07 24 19 34 00 000 9.8577271E+00 5.1507711E+00 -1.3932111E+00
2026 07 24 19 35 00 000 9.8438272E+00 5.1548004E+00 -1.3859508E+00
2026 07 24 19 36 00 000 9.8298893E+00 5.1588020E+00 -1.3786943E+00
2026 07 24 19 37 00 000 9.8159142E+00 5.1627684E+00 -1.3714408E+00
2026 07 24 19 38 00 000 9.8018970E+00 5.1667089E+00 -1.3641909E+00
2026 07 24 19 39 00 000 9.7878437E+00 5.1706176E+00 -1.3569449E+00
2026 07 24 19 40 00 000 9.7737494E+00 5.1744967E+00 -1.3497026E+00
2026 07 24 19 41 00 000 9.7596159E+00 5.1783447E+00 -1.3424640E+00
2026 07 24 19 42 00 000 9.7454443E+00 5.1821637E+00 -1.3352296E+00
2026 07 24 19 43 00 000 9.7312326E+00 5.1859498E+00 -1.3279994E+00
2026 07 24 19 44 00 000 9.7169819E+00 5.1897054E+00 -1.3207737E+00
2026 07 24 19 45 00 000 9.7026911E+00 5.1934328E+00 -1.3135520E+00
2026 07 24 19 46 00 000 9.6883640E+00 5.1971269E+00 -1.3063353E+00
2026 07 24 19 47 00 000 9.6739931E+00 5.2007928E+00 -1.2991225E+00
2026 07 24 19 48 00 000 9.6595850E+00 5.2044268E+00 -1.2919151E+00
2026 07 24 19 49 00 000 9.6451359E+00 5.2080317E+00 -1.2847118E+00
2026 07 24 19 50 00 000 9.6306477E+00 5.2116041E+00 -1.2775143E+00
2026 07 24 19 51 00 000 9.6161203E+00 5.2151427E+00 -1.2703224E+00
2026 07 24 19 52 00 000 9.6015501E+00 5.2186556E+00 -1.2631347E+00
2026 07 24 19 53 00 000 9.5869427E+00 5.2221375E+00 -1.2559522E+00
2026 07 24 19 54 00 000 9.5722952E+00 5.2255864E+00 -1.2487761E+00
2026 07 24 19 55 00 000 9.5576067E+00 5.2290030E+00 -1.2416052E+00
2026 07 24 19 56 00 000 9.5428772E+00 5.2323904E+00 -1.2344401E+00
2026 07 24 19 57 00 000 9.5281096E+00 5.2357464E+00 -1.2272805E+00
2026 07 24 19 58 00 000 9.5133009E+00 5.2390709E+00 -1.2201267E+00
2026 07 24 19 59 00 000 9.4984512E+00 5.2423658E+00 -1.2129796E+00
2026 07 24 20 00 00 000 9.4835615E+00 5.2456264E+00 -1.2058388E+00
2026 07 24 20 01 00 000 9.4686317E+00 5.2488565E+00 -1.1987036E+00
2026 07 24 20 02 00 000 9.4536619E+00 5.2520547E+00 -1.1915749E+00
2026 07 24 20 03 00 000 9.4386492E+00 5.2552233E+00 -1.1844534E+00
2026 07 24 20 04 00 000 9.4235973E+00 5.2583609E+00 -1.1773379E+00
2026 07 24 20 05 00 000 9.4085035E+00 5.2614670E+00 -1.1702288E+00
2026 07 24 20 06 00 000 9.3933706E+00 5.2645373E+00 -1.1631272E+00
2026 07 24 20 07 00 000 9.3781948E+00 5.2675819E+00 -1.1560317E+00
2026 07 24 20 08 00 000 9.3629799E+00 5.2705884E+00 -1.1489444E+00
2026 07 24 20 09 00 000 9.3477230E+00 5.2735667E+00 -1.1418636E+00
2026 07 24 20 10 00 000 9.3324232E+00 5.2765155E+00 -1.1347899E+00
2026 07 24 20 11 00 000 9.3170843E+00 5.2794280E+00 -1.1277243E+00
2026 07 24 20 12 00 000 9.3017025E+00 5.2823138E+00 -1.1206647E+00
2026 07 24 20 13 00 000 9.2862806E+00 5.2851644E+00 -1.1136142E+00
2026 07 24 20 14 00 000 9.2708168E+00 5.2879834E+00 -1.1065708E+00
2026 07 24 20 15 00 000 9.2553120E+00 5.2907686E+00 -1.0995355E+00
2026 07 24 20 16 00 000 9.2397642E+00 5.2935243E+00 -1.0925078E+00
2026 07 24 20 17 00 000 9.2241755E+00 5.2962489E+00 -1.0854876E+00
2026 07 24 20 18 00 000 9.2085438E+00 5.2989392E+00 -1.0784758E+00
2026 07 24 20 19 00 000 9.1928711E+00 5.3016000E+00 -1.0714724E+00
2026 07 24 20 20 00 000 9.1771555E+00 5.3042264E+00 -1.0644773E+00
2026 07 24 20 21 00 000 9.1613989E+00 5.3068190E+00 -1.0574905E+00
2026 07 24 20 22 00 000 9.1455984E+00 5.3093829E+00 -1.0505120E+00
2026 07 24 20 23 00 000 9.1297588E+00 5.3119102E+00 -1.0435427E+00
2026 07 24 20 24 00 000 9.1138754E+00 5.3144073E+00 -1.0365816E+00
2026 07 24 20 25 00 000 9.0979490E+00 5.3168712E+00 -1.0296296E+00
2026 07 24 20 26 00 000 9.0819807E+00 5.3193035E+00 -1.0226861E+00
2026 07 24 20 27 00 000 9.0659695E+00 5.3217039E+00 -1.0157515E+00
2026 07 24 20 28 00 000 9.0499163E+00 5.3240681E+00 -1.0088269E+00
2026 07 24 20 29 00 000 9.0338211E+00 5.3263988E+00 -1.0019110E+00
2026 07 24 20 30 00 000 9.0176802E+00 5.3287039E+00 -9.9500358E-01
2026 07 24 20 31 00 000 9.0014982E+00 5.3309698E+00 -9.8810637E-01
2026 07 24 20 32 00 000 8.9852724E+00 5.3332071E+00 -9.8121810E-01
2026 07 24 20 33 00 000 8.9690046E+00 5.3354092E+00 -9.7433937E-01
2026 07 24 20 34 00 000 8.9526920E+00 5.3375788E+00 -9.6747053E-01
2026 07 24 20 35 00 000 8.9363384E+00 5.3397136E+00 -9.6061146E-01
2026 07 24 20 36 00 000 8.9199400E+00 5.3418164E+00 -9.5376235E-01
2026 07 24 20 37 00 000 8.9034986E+00 5.3438849E+00 -9.4692302E-01
2026 07 24 20 38 00 000 8.8870125E+00 5.3459244E+00 -9.4009280E-01
2026 07 24 20 39 00 000 8.8704853E+00 5.3479252E+00 -9.3327385E-01
2026 07 24 20 40 00 000 8.8539124E+00 5.3498955E+00 -9.2646426E-01
2026 07 24 20 41 00 000 8.8372946E+00 5.3518329E+00 -9.1966498E-01
2026 07 24 20 42 00 000 8.8206348E+00 5.3537359E+00 -9.1287619E-01
2026 07 24 20 43 00 000 8.8039312E+00 5.3556032E+00 -9.0609843E-01
2026 07 24 20 44 00 000 8.7871838E+00 5.3574381E+00 -8.9933091E-01
2026 07 24 20 45 00 000 8.7703896E+00 5.3592424E+00 -8.9257324E-01
2026 07 24 20 46 00 000 8.7535534E+00 5.3610077E+00 -8.8582683E-01
2026 07 24 20 47 00 000 8.7366734E+00 5.3627429E+00 -8.7909150E-01
2026 07 24 20 48 00 000 8.7197456E+00 5.3644447E+00 -8.7236601E-01
2026 07 24 20 49 00 000 8.7027769E+00 5.3661098E+00 -8.6565191E-01
2026 07 24 20 50 00 000 8.6857595E+00 5.3677435E+00 -8.5894865E-01
2026 07 24 20 51 00 000 8.6687021E+00 5.3693404E+00 -8.5225731E-01
2026 07 24 20 52 00 000 8.6515961E+00 5.3709068E+00 -8.4557557E-01
2026 07 24 20 53 00 000 8.6344461E+00 5.3724360E+00 -8.3890605E-01
2026 07 24 20 54 00 000 8.6172523E+00 5.3739324E+00 -8.3224785E-01
2026 07 24 20 55 00 000 8.6000109E+00 5.3753939E+00 -8.2560027E-01
2026 07 24 20 56 00 000 8.5827255E+00 5.3768215E+00 -8.1896466E-01
2026 07 24 20 57 00 000 8.5653963E+00 5.3782129E+00 -8.1234103E-01
2026 07 24 20 58 00 000 8.5480204E+00 5.3795714E+00 -8.0572808E-01
2026 07 24 20 59 00 000 8.5305986E+00 5.3808961E+00 -7.9912740E-01
2026 07 24 21 00 00 000 8.5131311E+00 5.3821821E+00 -7.9253817E-01
2026 07 24 21 01 00 000 8.4956160E+00 5.3834343E+00 -7.8597736E-01
2026 07 24 21 02 00 000 8.4780560E+00 5.3846536E+00 -7.7941167E-01
2026 07 24 21 03 00 000 8.4604511E+00 5.3858385E+00 -7.7285832E-01
2026 07 24 21 04 00 000 8.4428015E+00 5.3869863E+00 -7.6631677E-01
2026 07 24 21 05 00 000 8.4251013E+00 5.3881025E+00 -7.5978690E-01
2026 07 24 21 06 00 000 8.4073601E+00 5.3891778E+00 -7.5327015E-01
2026 07 24 21 07 00 000 8.3895702E+00 5.3902197E+00 -7.4676496E-01
2026 07 24 21 08 00 000 8.3717327E+00 5.3912296E+00 -7.4027228E-01
2026 07 24 21 09 00 000 8.3538485E+00 5.3922038E+00 -7.3379171E-01
2026 07 24 21 10 00 000 8.3359194E+00 5.3931398E+00 -7.2732353E-01
2026 07 24 21 11 00 000 8.3179417E+00 5.3940387E+00 -7.2086805E-01
2026 07 24 21 12 00 000 8.2999191E+00 5.3949041E+00 -7.1442544E-01
2026 07 24 21 13 00 000 8.2818470E+00 5.3957372E+00 -7.0799470E-01
2026 07 24 21 14 00 000 8.2637281E+00 5.3965311E+00 -7.0157677E-01
2026 07 24 21 15 00 000 8.2455645E+00 5.3972874E+00 -6.9517195E-01
2026 07 24 21 16 00 000 8.2273502E+00 5.3980093E+00 -6.8877947E-01
2026 07 24 21 17 00 000 8.2090893E+00 5.3986964E+00 -6.8239999E-01
2026 07 24 21 18 00 000 8.1907825E+00 5.3993444E+00 -6.7603385E-01
2026 07 24 21 19 00 000 8.1724253E+00 5.3999591E+00 -6.6968018E-01
2026 07 24 21 20 00 000 8.1540203E+00 5.4005375E+00 -6.6333932E-01
2026 07 24 21 21 00 000 8.1355696E+00 5.4010768E+00 -6.5701181E-01
2026 07 24 21 22 00 000 8.1170702E+00 5.4015794E+00 -6.5069765E-01
2026 07 24 21 23 00 000 8.0985203E+00 5.4020472E+00 -6.4439636E-01
2026 07 24 21 24 00 000 8.0799236E+00 5.4024773E+00 -6.3810843E-01
2026 07 24 21 25 00 000 8.0612774E+00 5.4028711E+00 -6.3183373E-01
2026 07 24 21 26 00 000 8.0425835E+00 5.4032278E+00 -6.2557214E-01
2026 07 24 21 27 00 000 8.0238419E+00 5.4035468E+00 -6.1932451E-01
2026 07 24 21 28 00 000 8.0050507E+00 5.4038286E+00 -6.1309004E-01
2026 07 24 21 29 00 000 7.9862108E+00 5.4040723E+00 -6.0686958E-01
2026 07 24 21 30 00 000 7.9673209E+00 5.4042807E+00 -6.0066199E-01
2026 07 24 21 31 00 000 7.9483814E+00 5.4044504E+00 -5.9446800E-01
2026 07 24 21 32 00 000 7.9293938E+00 5.4045806E+00 -5.8828759E-01
2026 07 24 21 33 00 000 7.9103541E+00 5.4046760E+00 -5.8212107E-01
2026 07 24 21 34 00 000 7.8912659E+00 5.4047341E+00 -5.7596785E-01
2026 07 24 21 35 00 000 7.8721294E+00 5.4047508E+00 -5.6982893E-01
2026 07 24 21 36 00 000 7.8529425E+00 5.4047313E+00 -5.6370431E-01
2026 07 24 21 37 00 000 7.8337049E+00 5.4046736E+00 -5.5759281E-01
2026 07 24 21 38 00 000 7.8144174E+00 5.4045787E+00 -5.5149525E-01
2026 07 24 21 39 00 000 7.7950797E+00 5.4044433E+00 -5.4541171E-01
2026 07 24 21 40 00 000 7.7756906E+00 5.4042716E+00 -5.3934211E-01
2026 07 24 21 41 00 000 7.7562513E+00 5.4040594E+00 -5.3328657E-01
2026 07 24 21 42 00 000 7.7367625E+00 5.4038081E+00 -5.2724558E-01
2026 07 24 21 43 00 000 7.7172227E+00 5.4035187E+00 -5.2121812E-01
2026 07 24 21 44 00 000 7.6976309E+00 5.4031911E+00 -5.1520491E-01
2026 07 24 21 45 00 000 7.6779871E+00 5.4028244E+00 -5.0920588E-01
2026 07 24 21 46 00 000 7.6582942E+00 5.4024153E+00 -5.0322145E-01
2026 07 24 21 47 00 000 7.6385493E+00 5.4019680E+00 -4.9725127E-01
2026 07 24 21 48 00 000 7.6187510E+00 5.4014835E+00 -4.9129483E-01
2026 07 24 21 49 00 000 7.5989041E+00 5.4009566E+00 -4.8535326E-01
2026 07 24 21 50 00 000 7.5790048E+00 5.4003897E+00 -4.7942644E-01
2026 07 24 21 51 00 000 7.5590520E+00 5.3997831E+00 -4.7351331E-01
2026 07 24 21 52 00 000 7.5390468E+00 5.3991394E+00 -4.6761426E-01
2026 07 24 21 53 00 000 7.5189900E+00 5.3984518E+00 -4.6173036E-01
2026 07 24 21 54 00 000 7.4988799E+00 5.3977275E+00 -4.5586073E-01
2026 07 24 21 55 00 000 7.4787178E+00 5.3969603E+00 -4.5000556E-01
2026 07 24 21 56 00 000 7.4585047E+00 5.3961506E+00 -4.4416535E-01
2026 07 24 21 57 00 000 7.4382362E+00 5.3953028E+00 -4.3833950E-01
2026 07 24 21 58 00 000 7.4179158E+00 5.3944139E+00 -4.3252793E-01
2026 07 24 21 59 00 000 7.3975415E+00 5.3934836E+00 -4.2673132E-01
2026 07 24 22 00 00 000 7.3771152E+00 5.3925099E+00 -4.2094952E-01
2026 07 24 22 01 00 000 7.3566341E+00 5.3914967E+00 -4.1518229E-01
2026 07 24 22 02 00 000 7.3361001E+00 5.3904405E+00 -4.0942955E-01
2026 07 24 22 03 00 000 7.3155112E+00 5.3893442E+00 -4.0369186E-01
2026 07 24 22 04 00 000 7.2948689E+00 5.3882055E+00 -3.9796889E-01
2026 07 24 22 05 00 000 7.2741733E+00 5.3870230E+00 -3.9226070E-01
2026 07 24 22 06 00 000 7.2534232E+00 5.3858004E+00 -3.8656729E-01
2026 07 24 22 07 00 000 7.2326183E+00 5.3845329E+00 -3.8088909E-01
2026 07 24 22 08 00 000 7.2117596E+00 5.3832240E+00 -3.7522572E-01
2026 07 24 22 09 00 000 7.1908441E+00 5.3818736E+00 -3.6957639E-01
2026 07 24 22 10 00 000 7.1698761E+00 5.3804779E+00 -3.6394301E-01
2026 07 24 22 11 00 000 7.1488490E+00 5.3790417E+00 -3.5832348E-01
2026 07 24 22 12 00 000 7.1277699E+00 5.3775587E+00 -3.5271981E-01
2026 07 24 22 13 00 000 7.1066356E+00 5.3760347E+00 -3.4713057E-01
2026 07 24 22 14 00 000 7.0854445E+00 5.3744645E+00 -3.4155694E-01
2026 07 24 22 15 00 000 7.0641971E+00 5.3728557E+00 -3.3599761E-01
2026 07 24 22 16 00 000 7.0428939E+00 5.3711982E+00 -3.3045352E-01
2026 07 24 22 17 00 000 7.0215354E+00 5.3694978E+00 -3.2492420E-01
2026 07 24 22 18 00 000 7.0001202E+00 5.3677521E+00 -3.1941038E-01
2026 07 24 22 19 00 000 6.9786491E+00 5.3659620E+00 -3.1391162E-01
2026 07 24 22 20 00 000 6.9571199E+00 5.3641267E+00 -3.0842754E-01
2026 07 24 22 21 00 000 6.9355345E+00 5.3622479E+00 -3.0295873E-01
2026 07 24 22 22 00 000 6.9138913E+00 5.3603225E+00 -2.9750475E-01
2026 07 24 22 23 00 000 6.8921909E+00 5.3583522E+00 -2.9206622E-01
2026 07 24 22 24 00 000 6.8704348E+00 5.3563337E+00 -2.8664288E-01
2026 07 24 22 25 00 000 6.8486199E+00 5.3542719E+00 -2.8123447E-01
2026 07 24 22 26 00 000 6.8267465E+00 5.3521652E+00 -2.7584094E-01
2026 07 24 22 27 00 000 6.8048158E+00 5.3500090E+00 -2.7046248E-01
2026 07 24 22 28 00 000 6.7828283E+00 5.3478060E+00 -2.6509985E-01
2026 07 24 22 29 00 000 6.7607799E+00 5.3455586E+00 -2.5975195E-01
2026 07 24 22 30 00 000 6.7386756E+00 5.3432627E+00 -2.5441942E-01
2026 07 24 22 31 00 000 6.7165108E+00 5.3409190E+00 -2.4910173E-01
2026 07 24 22 32 00 000 6.6942873E+00 5.3385296E+00 -2.4379927E-01
2026 07 24 22 33 00 000 6.6720042E+00 5.3360906E+00 -2.3851185E-01
2026 07 24 22 34 00 000 6.6496630E+00 5.3336034E+00 -2.3324001E-01
2026 07 24 22 35 00 000 6.6272602E+00 5.3310719E+00 -2.2798266E-01
2026 07 24 22 36 00 000 6.6047997E+00 5.3284879E+00 -2.2274125E-01
2026 07 24 22 37 00 000 6.5822783E+00 5.3258538E+00 -2.1751454E-01
2026 07 24 22 38 00 000 6.5596962E+00 5.3231735E+00 -2.1230307E-01
2026 07 24 22 39 00 000 6.5370550E+00 5.3204441E+00 -2.0710680E-01
2026 07 24 22 40 00 000 6.5143523E+00 5.3176656E+00 -2.0192559E-01
2026 07 24 22 41 00 000 6.4915876E+00 5.3148360E+00 -1.9675964E-01
2026 07 24 22 42 00 000 6.4687634E+00 5.3119574E+00 -1.9160882E-01
2026 07 24 22 43 00 000 6.4458795E+00 5.3090253E+00 -1.8647335E-01
2026 07 24 22 44 00 000 6.4229312E+00 5.3060455E+00 -1.8135272E-01
2026 07 24 22 45 00 000 6.3999238E+00 5.3030138E+00 -1.7624788E-01
2026 07 24 22 46 00 000 6.3768516E+00 5.2999325E+00 -1.7115718E-01
2026 07 24 22 47 00 000 6.3537202E+00 5.2967978E+00 -1.6608223E-01
2026 07 24 22 48 00 000 6.3305254E+00 5.2936106E+00 -1.6102256E-01
2026 07 24 22 49 00 000 6.3072662E+00 5.2903738E+00 -1.5597743E-01
2026 07 24 22 50 00 000 6.2839470E+00 5.2870827E+00 -1.5094821E-01
2026 07 24 22 51 00 000 6.2605643E+00 5.2837400E+00 -1.4593382E-01
2026 07 24 22 52 00 000 6.2371163E+00 5.2803445E+00 -1.4093396E-01
2026 07 24 22 53 00 000 6.2136068E+00 5.2768950E+00 -1.3594994E-01
2026 07 24 22 54 00 000 6.1900330E+00 5.2733922E+00 -1.3098046E-01
2026 07 24 22 55 00 000 6.1663947E+00 5.2698364E+00 -1.2602615E-01
2026 07 24 22 56 00 000 6.1426926E+00 5.2662258E+00 -1.2108701E-01
2026 07 24 22 57 00 000 6.1189280E+00 5.2625575E+00 -1.1616328E-01
2026 07 24 22 58 00 000 6.0950956E+00 5.2588377E+00 -1.1125388E-01
2026 07 24 22 59 00 000 6.0712008E+00 5.2550611E+00 -1.0636018E-01
2026 07 24 23 00 00 000 6.0472383E+00 5.2512326E+00 -1.0148078E-01
2026 07 24 23 01 00 000 6.0232124E+00 5.2473445E+00 -9.6617110E-02
2026 07 24 23 02 00 000 5.9991202E+00 5.2434011E+00 -9.1767825E-02
2026 07 24 23 03 00 000 5.9749618E+00 5.2394009E+00 -8.6933680E-02
2026 07 24 23 04 00 000 5.9507375E+00 5.2353444E+00 -8.2114406E-02
2026 07 24 23 05 00 000 5.9264479E+00 5.2312284E+00 -7.7310726E-02
2026 07 24 23 06 00 000 5.9020882E+00 5.2270565E+00 -7.2520785E-02
2026 07 24 23 07 00 000 5.8776650E+00 5.2228251E+00 -6.7746684E-02
2026 07 24 23 08 00 000 5.8531756E+00 5.2185359E+00 -6.2987633E-02
2026 07 24 23 09 00 000 5.8286142E+00 5.2141891E+00 -5.8242485E-02
2026 07 24 23 10 00 000 5.8039885E+00 5.2097812E+00 -5.3512648E-02
2026 07 24 23 11 00 000 5.7792945E+00 5.2053127E+00 -4.8797946E-02
2026 07 24 23 12 00 000 5.7545309E+00 5.2007875E+00 -4.4097465E-02
2026 07 24 23 13 00 000 5.7296991E+00 5.1962008E+00 -3.9412003E-02
2026 07 24 23 14 00 000 5.7048001E+00 5.1915503E+00 -3.4741677E-02
2026 07 24 23 15 00 000 5.6798315E+00 5.1868396E+00 -3.0086068E-02
2026 07 24 23 16 00 000 5.6547933E+00 5.1820688E+00 -2.5444888E-02
2026 07 24 23 17 00 000 5.6296844E+00 5.1772351E+00 -2.0818286E-02
2026 07 24 23 18 00 000 5.6045055E+00 5.1723390E+00 -1.6206495E-02
2026 07 24 23 19 00 000 5.5792575E+00 5.1673784E+00 -1.1609421E-02
2026 07 24 23 20 00 000 5.5539370E+00 5.1623569E+00 -7.0263525E-03
2026 07 24 23 21 00 000 5.5285487E+00 5.1572676E+00 -2.4588422E-03
2026 07 24 23 22 00 000 5.5030885E+00 5.1521163E+00 2.0944513E-03
2026 07 24 23 23 00 000 5.4775553E+00 5.1468987E+00 6.6334512E-03
2026 07 24 23 24 00 000 5.4519501E+00 5.1416187E+00 1.1157794E-02
2026 07 24 23 25 00 000 5.4262748E+00 5.1362696E+00 1.5667325E-02
2026 07 24 23 26 00 000 5.4005265E+00 5.1308551E+00 2.0162601E-02
2026 07 24 23 27 00 000 5.3747053E+00 5.1253748E+00 2.4643525E-02
2026 07 24 23 28 00 000 5.3488111E+00 5.1198244E+00 2.9109716E-02
2026 07 24 23 29 00 000 5.3228459E+00 5.1142058E+00 3.3561498E-02
2026 07 24 23 30 00 000 5.2968044E+00 5.1085210E+00 3.7999351E-02
2026 07 24 23 31 00 000 5.2706881E+00 5.1027684E+00 4.2423047E-02
2026 07 24 23 32 00 000 5.2445002E+00 5.0969434E+00 4.6831965E-02
2026 07 24 23 33 00 000 5.2182360E+00 5.0910497E+00 5.1226575E-02
2026 07 24 23 34 00 000 5.1918979E+00 5.0850854E+00 5.5607043E-02
2026 07 24 23 35 00 000 5.1654844E+00 5.0790496E+00 5.9973311E-02
2026 07 24 23 36 00 000 5.1389947E+00 5.0729408E+00 6.4325422E-02
2026 07 24 23 37 00 000 5.1124291E+00 5.0667620E+00 6.8663433E-02
2026 07 24 23 38 00 000 5.0857892E+00 5.0605078E+00 7.2986893E-02
2026 07 24 23 39 00 000 5.0590725E+00 5.0541806E+00 7.7296391E-02
2026 07 24 23 40 00 000 5.0322771E+00 5.0477800E+00 8.1591904E-02
2026 07 24 23 41 00 000 5.0054049E+00 5.0413046E+00 8.5873470E-02
2026 07 24 23 42 00 000 4.9784555E+00 5.0347524E+00 9.0141155E-02
2026 07 24 23 43 00 000 4.9514275E+00 5.0281253E+00 9.4394572E-02
2026 07 24 23 44 00 000 4.9243217E+00 5.0214219E+00 9.8634079E-02
2026 07 24 23 45 00 000 4.8971381E+00 5.0146399E+00 1.0285948E-01
2026 07 24 23 46 00 000 4.8698750E+00 5.0077791E+00 1.0707115E-01
2026 07 24 23 47 00 000 4.8425312E+00 5.0008421E+00 1.1126909E-01
2026 07 24 23 48 00 000 4.8151078E+00 4.9938259E+00 1.1545311E-01
2026 07 24 23 49 00 000 4.7876067E+00 4.9867249E+00 1.1962293E-01
2026 07 24 23 50 00 000 4.7600226E+00 4.9795470E+00 1.2377945E-01
2026 07 24 23 51 00 000 4.7323580E+00 4.9722867E+00 1.2792219E-01
2026 07 24 23 52 00 000 4.7046123E+00 4.9649439E+00 1.3205120E-01
2026 07 24 23 53 00 000 4.6767850E+00 4.9575186E+00 1.3616644E-01
2026 07 24 23 54 00 000 4.6488748E+00 4.9500098E+00 1.4026800E-01
2026 07 24 23 55 00 000 4.6208830E+00 4.9424143E+00 1.4435582E-01
2026 07 24 23 56 00 000 4.5928078E+00 4.9347353E+00 1.4843041E-01
2026 07 24 23 57 00 000 4.5646491E+00 4.9269691E+00 1.5249135E-01
2026 07 24 23 58 00 000 4.5364065E+00 4.9191165E+00 1.5653865E-01
2026 07 24 23 59 00 000 4.5080810E+00 4.9111757E+00 1.6057234E-01
2026 07 25 00 00 00 000 4.4796696E+00 4.9031487E+00 1.6458341E-01
2026 07 25 00 01 00 000 4.4511747E+00 4.8950281E+00 1.6859011E-01
2026 07 25 00 02 00 000 4.4225931E+00 4.8868198E+00 1.7258371E-01
2026 07 25 00 03 00 000 4.3939271E+00 4.8785176E+00 1.7656359E-01
2026 07 25 00 04 00 000 4.3651738E+00 4.8701258E+00 1.8053018E-01
2026 07 25 00 05 00 000 4.3363333E+00 4.8616405E+00 1.8448363E-01
2026 07 25 00 06 00 000 4.3074064E+00 4.8530612E+00 1.8842365E-01
2026 07 25 00 07 00 000 4.2783909E+00 4.8443866E+00 1.9235048E-01
2026 07 25 00 08 00 000 4.2492890E+00 4.8356152E+00 1.9626370E-01
2026 07 25 00 09 00 000 4.2200990E+00 4.8267465E+00 2.0016362E-01
2026 07 25 00 10 00 000 4.1908188E+00 4.8177819E+00 2.0405087E-01
2026 07 25 00 11 00 000 4.1614490E+00 4.8087173E+00 2.0792457E-01
2026 07 25 00 12 00 000 4.1319904E+00 4.7995524E+00 2.1178515E-01
2026 07 25 00 13 00 000 4.1024394E+00 4.7902889E+00 2.1563262E-01
2026 07 25 00 14 00 000 4.0727992E+00 4.7809210E+00 2.1946694E-01
2026 07 25 00 15 00 000 4.0430675E+00 4.7714500E+00 2.2328793E-01
2026 07 25 00 16 00 000 4.0132422E+00 4.7618761E+00 2.2709619E-01
2026 07 25 00 17 00 000 3.9833272E+00 4.7521949E+00 2.3089112E-01
2026 07 25 00 18 00 000 3.9533195E+00 4.7424088E+00 2.3467271E-01
2026 07 25 00 19 00 000 3.9232175E+00 4.7325134E+00 2.3844178E-01
2026 07 25 00 20 00 000 3.8930213E+00 4.7225108E+00 2.4219754E-01
2026 07 25 00 21 00 000 3.8627312E+00 4.7123976E+00 2.4594043E-01
2026 07 25 00 22 00 000 3.8323467E+00 4.7021732E+00 2.4966986E-01
2026 07 25 00 23 00 000 3.8018663E+00 4.6918359E+00 2.5338686E-01
2026 07 25 00 24 00 000 3.7712915E+00 4.6813846E+00 2.5709024E-01
2026 07 25 00 25 00 000 3.7406185E+00 4.6708188E+00 2.6078111E-01
2026 07 25 00 26 00 000 3.7098508E+00 4.6601343E+00 2.6445845E-01
2026 07 25 00 27 00 000 3.6789837E+00 4.6493344E+00 2.6812327E-01
2026 07 25 00 28 00 000 3.6480205E+00 4.6384134E+00 2.7177450E-01
2026 07 25 00 29 00 000 3.6169569E+00 4.6273732E+00 2.7541304E-01
2026 07 25 00 30 00 000 3.5857952E+00 4.6162100E+00 2.7903879E-01
2026 07 25 00 31 00 000 3.5545344E+00 4.6049232E+00 2.8265116E-01
2026 07 25 00 32 00 000 3.5231736E+00 4.5935111E+00 2.8625053E-01
2026 07 25 00 33 00 000 3.4917116E+00 4.5819726E+00 2.8983697E-01
2026 07 25 00 34 00 000 3.4601471E+00 4.5703068E+00 2.9341036E-01
2026 07 25 00 35 00 000 3.4284830E+00 4.5585103E+00 2.9697034E-01
2026 07 25 00 36 00 000 3.3967156E+00 4.5465827E+00 3.0051753E-01
2026 07 25 00 37 00 000 3.3648443E+00 4.5345221E+00 3.0405158E-01
2026 07 25 00 38 00 000 3.3328700E+00 4.5223260E+00 3.0757239E-01
2026 07 25 00 39 00 000 3.3007917E+00 4.5099950E+00 3.1107980E-01
2026 07 25 00 40 00 000 3.2686107E+00 4.4975238E+00 3.1457368E-01
2026 07 25 00 41 00 000 3.2363210E+00 4.4849143E+00 3.1805480E-01
2026 07 25 00 42 00 000 3.2039282E+00 4.4721622E+00 3.2152224E-01
2026 07 25 00 43 00 000 3.1714263E+00 4.4592657E+00 3.2497686E-01
2026 07 25 00 44 00 000 3.1388185E+00 4.4462242E+00 3.2841778E-01
2026 07 25 00 45 00 000 3.1061027E+00 4.4330363E+00 3.3184502E-01
2026 07 25 00 46 00 000 3.0732780E+00 4.4196973E+00 3.3525872E-01
2026 07 25 00 47 00 000 3.0403464E+00 4.4062061E+00 3.3865875E-01
2026 07 25 00 48 00 000 3.0073016E+00 4.3925629E+00 3.4204558E-01
2026 07 25 00 49 00 000 2.9741504E+00 4.3787618E+00 3.4541783E-01
2026 07 25 00 50 00 000 2.9408863E+00 4.3648038E+00 3.4877658E-01
2026 07 25 00 51 00 000 2.9075110E+00 4.3506861E+00 3.5212144E-01
2026 07 25 00 52 00 000 2.8740227E+00 4.3364048E+00 3.5545248E-01
2026 07 25 00 53 00 000 2.8404219E+00 4.3219585E+00 3.5876903E-01
2026 07 25 00 54 00 000 2.8067086E+00 4.3073444E+00 3.6207145E-01
2026 07 25 00 55 00 000 2.7728794E+00 4.2925620E+00 3.6535975E-01
2026 07 25 00 56 00 000 2.7389383E+00 4.2776060E+00 3.6863294E-01
2026 07 25 00 57 00 000 2.7048788E+00 4.2624760E+00 3.7189183E-01
2026 07 25 00 58 00 000 2.6707048E+00 4.2471676E+00 3.7513605E-01
2026 07 25 00 59 00 000 2.6364138E+00 4.2316790E+00 3.7836528E-01
2026 07 25 01 00 00 000 2.6020045E+00 4.2160077E+00 3.8157937E-01
2026 07 25 01 01 00 000 2.5674791E+00 4.2001514E+00 3.8477814E-01
2026 07 25 01 02 00 000 2.5328331E+00 4.1841059E+00 3.8796154E-01
2026 07 25 01 03 00 000 2.4980674E+00 4.1678696E+00 3.9112934E-01
2026 07 25 01 04 00 000 2.4631832E+00 4.1514373E+00 3.9428121E-01
2026 07 25 01 05 00 000 2.4281776E+00 4.1348071E+00 3.9741752E-01
2026 07 25 01 06 00 000 2.3930514E+00 4.1179771E+00 4.0053704E-01
2026 07 25 01 07 00 000 2.3578022E+00 4.1009421E+00 4.0363991E-01
2026 07 25 01 08 00 000 2.3224301E+00 4.0836997E+00 4.0672648E-01
2026 07 25 01 09 00 000 2.2869341E+00 4.0662460E+00 4.0979612E-01
2026 07 25 01 10 00 000 2.2513161E+00 4.0485778E+00 4.1284811E-01
2026 07 25 01 11 00 000 2.2155733E+00 4.0306907E+00 4.1588253E-01
2026 07 25 01 12 00 000 2.1797049E+00 4.0125818E+00 4.1889915E-01
2026 07 25 01 13 00 000 2.1437094E+00 3.9942482E+00 4.2189765E-01
2026 07 25 01 14 00 000 2.1075888E+00 3.9756842E+00 4.2487726E-01
2026 07 25 01 15 00 000 2.0713403E+00 3.9568853E+00 4.2783830E-01
2026 07 25 01 16 00 000 2.0349641E+00 3.9378498E+00 4.3077999E-01
2026 07 25 01 17 00 000 1.9984593E+00 3.9185715E+00 4.3370205E-01
2026 07 25 01 18 00 000 1.9618261E+00 3.8990459E+00 4.3660370E-01
2026 07 25 01 19 00 000 1.9250631E+00 3.8792706E+00 4.3948498E-01
2026 07 25 01 20 00 000 1.8881708E+00 3.8592370E+00 4.4234505E-01
2026 07 25 01 21 00 000 1.8511478E+00 3.8389449E+00 4.4518343E-01
2026 07 25 01 22 00 000 1.8139931E+00 3.8183866E+00 4.4800007E-01
2026 07 25 01 23 00 000 1.7767071E+00 3.7975571E+00 4.5079392E-01
2026 07 25 01 24 00 000 1.7392900E+00 3.7764523E+00 4.5356444E-01
2026 07 25 01 25 00 000 1.7017405E+00 3.7550659E+00 4.5631093E-01
2026 07 25 01 26 00 000 1.6640565E+00 3.7333925E+00 4.5903343E-01
2026 07 25 01 27 00 000 1.6262406E+00 3.7114270E+00 4.6173096E-01
2026 07 25 01 28 00 000 1.5882907E+00 3.6891625E+00 4.6440208E-01
2026 07 25 01 29 00 000 1.5502065E+00 3.6665938E+00 4.6704692E-01
2026 07 25 01 30 00 000 1.5119885E+00 3.6437140E+00 4.6966422E-01
2026 07 25 01 31 00 000 1.4736370E+00 3.6205168E+00 4.7225294E-01
2026 07 25 01 32 00 000 1.4351500E+00 3.5969949E+00 4.7481275E-01
2026 07 25 01 33 00 000 1.3965285E+00 3.5731432E+00 4.7734287E-01
2026 07 25 01 34 00 000 1.3577729E+00 3.5489533E+00 4.7984144E-01
2026 07 25 01 35 00 000 1.3188827E+00 3.5244174E+00 4.8230788E-01
2026 07 25 01 36 00 000 1.2798561E+00 3.4995282E+00 4.8474154E-01
2026 07 25 01 37 00 000 1.2406961E+00 3.4742787E+00 4.8714072E-01
2026 07 25 01 38 00 000 1.2014027E+00 3.4486589E+00 4.8950434E-01
2026 07 25 01 39 00 000 1.1619743E+00 3.4226630E+00 4.9183100E-01
2026 07 25 01 40 00 000 1.1224126E+00 3.3962805E+00 4.9411982E-01
2026 07 25 01 41 00 000 1.0827180E+00 3.3695021E+00 4.9636886E-01
2026 07 25 01 42 00 000 1.0428911E+00 3.3423190E+00 4.9857628E-01
2026 07 25 01 43 00 000 1.0029336E+00 3.3147213E+00 5.0074136E-01
2026 07 25 01 44 00 000 9.6284401E-01 3.2866993E+00 5.0286204E-01
2026 07 25 01 45 00 000 9.2262715E-01 3.2582424E+00 5.0493640E-01
2026 07 25 01 46 00 000 8.8227975E-01 3.2293401E+00 5.0696260E-01
2026 07 25 01 47 00 000 8.4180725E-01 3.1999805E+00 5.0893843E-01
2026 07 25 01 48 00 000 8.0120838E-01 3.1701522E+00 5.1086265E-01
2026 07 25 01 49 00 000 7.6048642E-01 3.1398435E+00 5.1273197E-01
2026 07 25 01 50 00 000 7.1964377E-01 3.1090407E+00 5.1454467E-01
2026 07 25 01 51 00 000 6.7868108E-01 3.0777323E+00 5.1629770E-01
2026 07 25 01 52 00 000 6.3760287E-01 3.0459042E+00 5.1798898E-01
2026 07 25 01 53 00 000 5.9641135E-01 3.0135422E+00 5.1961499E-01
2026 07 25 01 54 00 000 5.5510932E-01 2.9806309E+00 5.2117342E-01
2026 07 25 01 55 00 000 5.1369983E-01 2.9471564E+00 5.2266097E-01
2026 07 25 01 56 00 000 4.7218904E-01 2.9131017E+00 5.2407342E-01
2026 07 25 01 57 00 000 4.3057969E-01 2.8784516E+00 5.2540809E-01
2026 07 25 01 58 00 000 3.8887736E-01 2.8431871E+00 5.2666068E-01
2026 07 25 01 59 00 000 3.4708750E-01 2.8072920E+00 5.2782714E-01
2026 07 25 02 00 00 000 3.0521554E-01 2.7707458E+00 5.2890348E-01
2026 07 25 02 01 00 000 2.6326919E-01 2.7335317E+00 5.2988464E-01
2026 07 25 02 02 00 000 2.2125420E-01 2.6956258E+00 5.3076607E-01
2026 07 25 02 03 00 000 1.7918074E-01 2.6570106E+00 5.3154194E-01
2026 07 25 02 04 00 000 1.3705616E-01 2.6176615E+00 5.3220701E-01
2026 07 25 02 05 00 000 9.4891071E-02 2.5775573E+00 5.3275532E-01
2026 07 25 02 06 00 000 5.2696265E-02 2.5366726E+00 5.3318053E-01
2026 07 25 02 07 00 000 1.0483887E-02 2.4949827E+00 5.3347534E-01
2026 07 25 02 08 00 000 -3.1732496E-02 2.4524624E+00 5.3363281E-01
2026 07 25 02 09 00 000 -7.3939450E-02 2.4090838E+00 5.3364509E-01
2026 07 25 02 10 00 000 -1.1611968E-01 2.3648195E+00 5.3350347E-01
2026 07 25 02 11 00 000 -1.5825482E-01 2.3196390E+00 5.3319919E-01
2026 07 25 02 12 00 000 -2.0032702E-01 2.2735119E+00 5.3272271E-01
2026 07 25 02 13 00 000 -2.4231386E-01 2.2264066E+00 5.3206390E-01
2026 07 25 02 14 00 000 -2.8419119E-01 2.1782899E+00 5.3121114E-01
2026 07 25 02 15 00 000 -3.2593241E-01 2.1291270E+00 5.3015298E-01
2026 07 25 02 16 00 000 -3.6750957E-01 2.0788827E+00 5.2887648E-01
2026 07 25 02 17 00 000 -4.0888894E-01 2.0275195E+00 5.2736783E-01
2026 07 25 02 18 00 000 -4.5003641E-01 1.9750003E+00 5.2561295E-01
2026 07 25 02 19 00 000 -4.9091142E-01 1.9212849E+00 5.2359545E-01
2026 07 25 02 20 00 000 -5.3147233E-01 1.8663331E+00 5.2129912E-01
2026 07 25 02 21 00 000 -5.7167000E-01 1.8101039E+00 5.1870501E-01
2026 07 25 02 22 00 000 -6.1145198E-01 1.7525555E+00 5.1579469E-01
2026 07 25 02 23 00 000 -6.5076083E-01 1.6936446E+00 5.1254696E-01
2026 07 25 02 24 00 000 -6.8953097E-01 1.6333296E+00 5.0893933E-01
2026 07 25 02 25 00 000 -7.2769171E-01 1.5715678E+00 5.0494844E-01
2026 07 25 02 26 00 000 -7.6516563E-01 1.5083171E+00 5.0054896E-01
2026 07 25 02 27 00 000 -8.0186558E-01 1.4435378E+00 4.9571392E-01
2026 07 25 02 28 00 000 -8.3769763E-01 1.3771912E+00 4.9041501E-01
2026 07 25 02 29 00 000 -8.7255841E-01 1.3092417E+00 4.8462227E-01
2026 07 25 02 30 00 000 -9.0633422E-01 1.2396588E+00 4.7830424E-01
2026 07 25 02 31 00 000 -9.3890107E-01 1.1684161E+00 4.7142750E-01
2026 07 25 02 32 00 000 -9.7012472E-01 1.0954959E+00 4.6395832E-01
2026 07 25 02 33 00 000 -9.9986035E-01 1.0208875E+00 4.5586163E-01
2026 07 25 02 34 00 000 -1.0279511E+00 9.4459176E-01 4.4710183E-01
2026 07 25 02 35 00 000 -1.0542305E+00 8.6662364E-01 4.3764329E-01
2026 07 25 02 36 00 000 -1.0785224E+00 7.8701150E-01 4.2745107E-01
2026 07 25 02 37 00 000 -1.1006414E+00 7.0580381E-01 4.1649175E-01
2026 07 25 02 38 00 000 -1.1203963E+00 6.2306893E-01 4.0473381E-01
2026 07 25 02 39 00 000 -1.1375917E+00 5.3889871E-01 3.9214993E-01
2026 07 25 02 40 00 000 -1.1520324E+00 4.5341033E-01 3.7871706E-01
2026 07 25 02 41 00 000 -1.1635271E+00 3.6674854E-01 3.6441830E-01
2026 07 25 02 42 00 000 -1.1718940E+00 2.7908507E-01 3.4924412E-01
2026 07 25 02 43 00 000 -1.1769652E+00 1.9062008E-01 3.3319399E-01
2026 07 25 02 44 00 000 -1.1785948E+00 1.0157967E-01 3.1627670E-01
2026 07 25 02 45 00 000 -1.1766634E+00 1.2212988E-02 2.9851222E-01
2026 07 25 02 46 00 000 -1.1710833E+00 -7.7212133E-02 2.7993110E-01
2026 07 25 02 47 00 000 -1.1618048E+00 -1.6641556E-01 2.6057532E-01
2026 07 25 02 48 00 000 -1.1488175E+00 -2.5511131E-01 2.4049714E-01
2026 07 25 02 49 00 000 -1.1321526E+00 -3.4301534E-01 2.1975815E-01
2026 07 25 02 50 00 000 -1.1118822E+00 -4.2985272E-01 1.9842747E-01
2026 07 25 02 51 00 000 -1.0881165E+00 -5.1536673E-01 1.7658028E-01
2026 07 25 02 52 00 000 -1.0610009E+00 -5.9932142E-01 1.5429513E-01
2026 07 25 02 53 00 000 -1.0307082E+00 -6.8151134E-01 1.3165200E-01
2026 07 25 02 54 00 000 -9.9743474E-01 -7.6176023E-01 1.0873015E-01
2026 07 25 02 55 00 000 -9.6139228E-01 -8.3992499E-01 8.5606255E-02
2026 07 25 02 56 00 000 -9.2280251E-01 -9.1589516E-01 6.2352888E-02
2026 07 25 02 57 00 000 -8.8188958E-01 -9.8959190E-01 3.9037429E-02
2026 07 25 02 58 00 000 -8.3887744E-01 -1.0609645E+00 1.5721301E-02
2026 07 25 02 59 00 000 -7.9398364E-01 -1.1299883E+00 -7.5405003E-03
2026 07 25 03 00 00 000 -7.4741638E-01 -1.1966619E+00 -3.0699601E-02
2026 07 25 03 01 00 000 -6.9937205E-01 -1.2610037E+00 -5.3713810E-02
2026 07 25 03 02 00 000 -6.5003479E-01 -1.3230464E+00 -7.6547571E-02
2026 07 25 03 03 00 000 -5.9957594E-01 -1.3828361E+00 -9.9170066E-02
2026 07 25 03 04 00 000 -5.4815072E-01 -1.4404286E+00 -1.2155680E-01
2026 07 25 03 05 00 000 -4.9590161E-01 -1.4958869E+00 -1.4368737E-01
2026 07 25 03 06 00 000 -4.4295821E-01 -1.5492798E+00 -1.6554515E-01
2026 07 25 03 07 00 000 -3.8943544E-01 -1.6006788E+00 -1.8711802E-01
2026 07 25 03 08 00 000 -3.3543858E-01 -1.6501573E+00 -2.0839642E-01
2026 07 25 03 09 00 000 -2.8106099E-01 -1.6977892E+00 -2.2937381E-01
2026 07 25 03 10 00 000 -2.2638527E-01 -1.7436488E+00 -2.5004554E-01
2026 07 25 03 11 00 000 -1.7148517E-01 -1.7878087E+00 -2.7040964E-01
2026 07 25 03 12 00 000 -1.1642631E-01 -1.8303403E+00 -2.9046530E-01
2026 07 25 03 13 00 000 -6.1267175E-02 -1.8713124E+00 -3.1021252E-01
2026 07 25 03 14 00 000 -6.0583642E-03 -1.9107922E+00 -3.2965395E-01
2026 07 25 03 15 00 000 4.9155071E-02 -1.9488444E+00 -3.4879178E-01
2026 07 25 03 16 00 000 1.0433231E-01 -1.9855309E+00 -3.6762953E-01
2026 07 25 03 17 00 000 1.5943973E-01 -2.0209100E+00 -3.8617122E-01
2026 07 25 03 18 00 000 2.1444605E-01 -2.0550396E+00 -4.0442133E-01
2026 07 25 03 19 00 000 2.6932451E-01 -2.0879724E+00 -4.2238510E-01
2026 07 25 03 20 00 000 3.2405153E-01 -2.1197603E+00 -4.4006705E-01
2026 07 25 03 21 00 000 3.7860650E-01 -2.1504519E+00 -4.5747313E-01
2026 07 25 03 22 00 000 4.3297189E-01 -2.1800935E+00 -4.7460848E-01
2026 07 25 03 23 00 000 4.8713219E-01 -2.2087288E+00 -4.9147883E-01
2026 07 25 03 24 00 000 5.4107356E-01 -2.2364004E+00 -5.0808942E-01
2026 07 25 03 25 00 000 5.9478509E-01 -2.2631476E+00 -5.2444637E-01
2026 07 25 03 26 00 000 6.4825702E-01 -2.2890074E+00 -5.4055548E-01
2026 07 25 03 27 00 000 7.0148122E-01 -2.3140163E+00 -5.5642176E-01
2026 07 25 03 28 00 000 7.5444984E-01 -2.3382075E+00 -5.7205075E-01
2026 07 25 03 29 00 000 8.0715662E-01 -2.3616140E+00 -5.8744794E-01
2026 07 25 03 30 00 000 8.5959846E-01 -2.3842654E+00 -6.0261917E-01
2026 07 25 03 31 00 000 9.1176957E-01 -2.4061909E+00 -6.1756885E-01
2026 07 25 03 32 00 000 9.6366715E-01 -2.4274182E+00 -6.3230258E-01
2026 07 25 03 33 00 000 1.0152881E+00 -2.4479742E+00 -6.4682525E-01
2026 07 25 03 34 00 000 1.0666316E+00 -2.4678822E+00 -6.6114157E-01
2026 07 25 03 35 00 000 1.1176957E+00 -2.4871669E+00 -6.7525655E-01
2026 07 25 03 36 00 000 1.1684803E+00 -2.5058503E+00 -6.8917477E-01
2026 07 25 03 37 00 000 1.2189839E+00 -2.5239542E+00 -7.0290089E-01
2026 07 25 03 38 00 000 1.2692066E+00 -2.5414984E+00 -7.1643895E-01
2026 07 25 03 39 00 000 1.3191483E+00 -2.5585034E+00 -7.2979307E-01
2026 07 25 03 40 00 000 1.3688115E+00 -2.5749860E+00 -7.4296862E-01
2026 07 25 03 41 00 000 1.4181950E+00 -2.5909648E+00 -7.5596797E-01
2026 07 25 03 42 00 000 1.4673004E+00 -2.6064575E+00 -7.6879627E-01
2026 07 25 03 43 00 000 1.5161293E+00 -2.6214786E+00 -7.8145653E-01
2026 07 25 03 44 00 000 1.5646828E+00 -2.6360438E+00 -7.9395330E-01
2026 07 25 03 45 00 000 1.6129627E+00 -2.6501679E+00 -8.0628943E-01
2026 07 25 03 46 00 000 1.6609707E+00 -2.6638653E+00 -8.1846881E-01
2026 07 25 03 47 00 000 1.7087083E+00 -2.6771495E+00 -8.3049518E-01
2026 07 25 03 48 00 000 1.7561780E+00 -2.6900327E+00 -8.4237093E-01
2026 07 25 03 49 00 000 1.8033805E+00 -2.7025280E+00 -8.5409963E-01
2026 07 25 03 50 00 000 1.8503189E+00 -2.7146461E+00 -8.6568457E-01
2026 07 25 03 51 00 000 1.8969958E+00 -2.7263985E+00 -8.7712908E-01
2026 07 25 03 52 00 000 1.9434136E+00 -2.7377956E+00 -8.8843614E-01
2026 07 25 03 53 00 000 1.9895725E+00 -2.7488492E+00 -8.9960718E-01
2026 07 25 03 54 00 000 2.0354762E+00 -2.7595680E+00 -9.1064650E-01
2026 07 25 03 55 00 000 2.0811274E+00 -2.7699621E+00 -9.2155647E-01
2026 07 25 03 56 00 000 2.1265266E+00 -2.7800405E+00 -9.3233961E-01
2026 07 25 03 57 00 000 2.1716781E+00 -2.7898118E+00 -9.4299811E-01
2026 07 25 03 58 00 000 2.2165837E+00 -2.7992847E+00 -9.5353544E-01
2026 07 25 03 59 00 000 2.2612453E+00 -2.8084671E+00 -9.6395302E-01
2026 07 25 04 00 00 000 2.3056648E+00 -2.8173676E+00 -9.7425312E-01
2026 07 25 04 01 00 000 2.3498459E+00 -2.8259919E+00 -9.8443913E-01
2026 07 25 04 02 00 000 2.3937893E+00 -2.8343494E+00 -9.9451190E-01
2026 07 25 04 03 00 000 2.4374988E+00 -2.8424459E+00 -1.0044749E+00
2026 07 25 04 04 00 000 2.4809759E+00 -2.8502886E+00 -1.0143296E+00
2026 07 25 04 05 00 000 2.5242233E+00 -2.8578835E+00 -1.0240782E+00
2026 07 25 04 06 00 000 2.5672426E+00 -2.8652368E+00 -1.0337226E+00
2026 07 25 04 07 00 000 2.6100364E+00 -2.8723559E+00 -1.0432640E+00
2026 07 25 04 08 00 000 2.6526072E+00 -2.8792448E+00 -1.0527055E+00
2026 07 25 04 09 00 000 2.6949561E+00 -2.8859107E+00 -1.0620488E+00
2026 07 25 04 10 00 000 2.7370877E+00 -2.8923564E+00 -1.0712956E+00
2026 07 25 04 11 00 000 2.7790010E+00 -2.8985901E+00 -1.0804470E+00
2026 07 25 04 12 00 000 2.8207006E+00 -2.9046154E+00 -1.0895054E+00
2026 07 25 04 13 00 000 2.8621876E+00 -2.9104381E+00 -1.0984721E+00
2026 07 25 04 14 00 000 2.9034638E+00 -2.9160626E+00 -1.1073488E+00
2026 07 25 04 15 00 000 2.9445326E+00 -2.9214923E+00 -1.1161375E+00
2026 07 25 04 16 00 000 2.9853947E+00 -2.9267337E+00 -1.1248393E+00
2026 07 25 04 17 00 000 3.0260525E+00 -2.9317887E+00 -1.1334559E+00
2026 07 25 04 18 00 000 3.0665083E+00 -2.9366627E+00 -1.1419886E+00
2026 07 25 04 19 00 000 3.1067643E+00 -2.9413605E+00 -1.1504396E+00
2026 07 25 04 20 00 000 3.1468220E+00 -2.9458845E+00 -1.1588095E+00
2026 07 25 04 21 00 000 3.1866817E+00 -2.9502401E+00 -1.1670996E+00
2026 07 25 04 22 00 000 3.2263491E+00 -2.9544284E+00 -1.1753119E+00
2026 07 25 04 23 00 000 3.2658226E+00 -2.9584563E+00 -1.1834475E+00
2026 07 25 04 24 00 000 3.3051045E+00 -2.9623263E+00 -1.1915069E+00
2026 07 25 04 25 00 000 3.3441985E+00 -2.9660397E+00 -1.1994928E+00
2026 07 25 04 26 00 000 3.3831060E+00 -2.9696004E+00 -1.2074054E+00
2026 07 25 04 27 00 000 3.4218264E+00 -2.9730136E+00 -1.2152463E+00
2026 07 25 04 28 00 000 3.4603639E+00 -2.9762797E+00 -1.2230165E+00
2026 07 25 04 29 00 000 3.4987204E+00 -2.9794037E+00 -1.2307177E+00
2026 07 25 04 30 00 000 3.5368941E+00 -2.9823885E+00 -1.2383494E+00
2026 07 25 04 31 00 000 3.5748909E+00 -2.9852350E+00 -1.2459145E+00
2026 07 25 04 32 00 000 3.6127102E+00 -2.9879470E+00 -1.2534138E+00
2026 07 25 04 33 00 000 3.6503544E+00 -2.9905272E+00 -1.2608478E+00
2026 07 25 04 34 00 000 3.6878250E+00 -2.9929776E+00 -1.2682180E+00
2026 07 25 04 35 00 000 3.7251217E+00 -2.9953032E+00 -1.2755243E+00
2026 07 25 04 36 00 000 3.7622490E+00 -2.9975028E+00 -1.2827694E+00
2026 07 25 04 37 00 000 3.7992070E+00 -2.9995813E+00 -1.2899536E+00
2026 07 25 04 38 00 000 3.8359976E+00 -3.0015390E+00 -1.2970772E+00
2026 07 25 04 39 00 000 3.8726208E+00 -3.0033808E+00 -1.3041420E+00
2026 07 25 04 40 00 000 3.9090812E+00 -3.0051062E+00 -1.3111486E+00
2026 07 25 04 41 00 000 3.9453769E+00 -3.0067189E+00 -1.3180972E+00
2026 07 25 04 42 00 000 3.9815111E+00 -3.0082219E+00 -1.3249898E+00
2026 07 25 04 43 00 000 4.0174842E+00 -3.0096142E+00 -1.3318269E+00
2026 07 25 04 44 00 000 4.0532990E+00 -3.0109000E+00 -1.3386097E+00
2026 07 25 04 45 00 000 4.0889559E+00 -3.0120802E+00 -1.3453383E+00
2026 07 25 04 46 00 000 4.1244564E+00 -3.0131574E+00 -1.3520139E+00
2026 07 25 04 47 00 000 4.1598020E+00 -3.0141330E+00 -1.3586371E+00
2026 07 25 04 48 00 000 4.1949930E+00 -3.0150104E+00 -1.3652090E+00
2026 07 25 04 49 00 000 4.2300315E+00 -3.0157881E+00 -1.3717300E+00
2026 07 25 04 50 00 000 4.2649198E+00 -3.0164700E+00 -1.3782015E+00
2026 07 25 04 51 00 000 4.2996569E+00 -3.0170569E+00 -1.3846236E+00
2026 07 25 04 52 00 000 4.3342457E+00 -3.0175517E+00 -1.3909978E+00
2026 07 25 04 53 00 000 4.3686862E+00 -3.0179555E+00 -1.3973228E+00
2026 07 25 04 54 00 000 4.4029813E+00 -3.0182688E+00 -1.4036020E+00
2026 07 25 04 55 00 000 4.4371305E+00 -3.0184948E+00 -1.4098344E+00
2026 07 25 04 56 00 000 4.4711366E+00 -3.0186312E+00 -1.4160217E+00
2026 07 25 04 57 00 000 4.5049987E+00 -3.0186849E+00 -1.4221635E+00
2026 07 25 04 58 00 000 4.5387187E+00 -3.0186539E+00 -1.4282610E+00
2026 07 25 04 59 00 000 4.5722995E+00 -3.0185378E+00 -1.4343154E+00
2026 07 25 05 00 00 000 4.6057396E+00 -3.0183430E+00 -1.4403266E+00
2026 07 25 05 01 00 000 4.6390405E+00 -3.0180671E+00 -1.4462954E+00
2026 07 25 05 02 00 000 4.6722064E+00 -3.0177112E+00 -1.4522228E+00
2026 07 25 05 03 00 000 4.7052341E+00 -3.0172801E+00 -1.4581082E+00
2026 07 25 05 04 00 000 4.7381263E+00 -3.0167725E+00 -1.4639530E+00
2026 07 25 05 05 00 000 4.7708845E+00 -3.0161870E+00 -1.4697589E+00
2026 07 25 05 06 00 000 4.8035092E+00 -3.0155296E+00 -1.4755243E+00
2026 07 25 05 07 00 000 4.8360023E+00 -3.0147979E+00 -1.4812517E+00
2026 07 25 05 08 00 000 4.8683634E+00 -3.0139949E+00 -1.4869406E+00
2026 07 25 05 09 00 000 4.9005938E+00 -3.0131228E+00 -1.4925914E+00
2026 07 25 05 10 00 000 4.9326944E+00 -3.0121810E+00 -1.4982049E+00
2026 07 25 05 11 00 000 4.9646678E+00 -3.0111697E+00 -1.5037823E+00
2026 07 25 05 12 00 000 4.9965129E+00 -3.0100904E+00 -1.5093232E+00
2026 07 25 05 13 00 000 5.0282316E+00 -3.0089443E+00 -1.5148288E+00
2026 07 25 05 14 00 000 5.0598245E+00 -3.0077329E+00 -1.5202992E+00
2026 07 25 05 15 00 000 5.0912924E+00 -3.0064569E+00 -1.5257348E+00
2026 07 25 05 16 00 000 5.1226354E+00 -3.0051196E+00 -1.5311357E+00
2026 07 25 05 17 00 000 5.1538563E+00 -3.0037174E+00 -1.5365038E+00
2026 07 25 05 18 00 000 5.1849551E+00 -3.0022531E+00 -1.5418388E+00
2026 07 25 05 19 00 000 5.2159319E+00 -3.0007272E+00 -1.5471405E+00
2026 07 25 05 20 00 000 5.2467890E+00 -2.9991417E+00 -1.5524104E+00
2026 07 25 05 21 00 000 5.2775245E+00 -2.9974980E+00 -1.5576478E+00
2026 07 25 05 22 00 000 5.3081436E+00 -2.9957948E+00 -1.5628550E+00
2026 07 25 05 23 00 000 5.3386440E+00 -2.9940326E+00 -1.5680313E+00
2026 07 25 05 24 00 000 5.3690257E+00 -2.9922161E+00 -1.5731763E+00
2026 07 25 05 25 00 000 5.3992920E+00 -2.9903407E+00 -1.5782918E+00
2026 07 25 05 26 00 000 5.4294429E+00 -2.9884114E+00 -1.5833775E+00
2026 07 25 05 27 00 000 5.4594765E+00 -2.9864302E+00 -1.5884335E+00
2026 07 25 05 28 00 000 5.4893966E+00 -2.9843924E+00 -1.5934613E+00
2026 07 25 05 29 00 000 5.5192051E+00 -2.9823008E+00 -1.5984607E+00
2026 07 25 05 30 00 000 5.5488997E+00 -2.9801579E+00 -1.6034318E+00
2026 07 25 05 31 00 000 5.5784817E+00 -2.9779630E+00 -1.6083759E+00
2026 07 25 05 32 00 000 5.6079526E+00 -2.9757195E+00 -1.6132916E+00
2026 07 25 05 33 00 000 5.6373129E+00 -2.9734213E+00 -1.6181819E+00
2026 07 25 05 34 00 000 5.6665645E+00 -2.9710751E+00 -1.6230448E+00
2026 07 25 05 35 00 000 5.6957049E+00 -2.9686799E+00 -1.6278824E+00
2026 07 25 05 36 00 000 5.7247391E+00 -2.9662356E+00 -1.6326939E+00
2026 07 25 05 37 00 000 5.7536640E+00 -2.9637456E+00 -1.6374797E+00
2026 07 25 05 38 00 000 5.7824826E+00 -2.9612067E+00 -1.6422409E+00
2026 07 25 05 39 00 000 5.8111935E+00 -2.9586227E+00 -1.6469772E+00
2026 07 25 05 40 00 000 5.8397980E+00 -2.9559908E+00 -1.6516893E+00
2026 07 25 05 41 00 000 5.8682990E+00 -2.9533141E+00 -1.6563776E+00
2026 07 25 05 42 00 000 5.8966942E+00 -2.9505916E+00 -1.6610420E+00
2026 07 25 05 43 00 000 5.9249868E+00 -2.9478252E+00 -1.6656836E+00
2026 07 25 05 44 00 000 5.9531746E+00 -2.9450152E+00 -1.6703012E+00
2026 07 25 05 45 00 000 5.9812608E+00 -2.9421623E+00 -1.6748970E+00
2026 07 25 05 46 00 000 6.0092449E+00 -2.9392657E+00 -1.6794707E+00
2026 07 25 05 47 00 000 6.0371275E+00 -2.9363265E+00 -1.6840218E+00
2026 07 25 05 48 00 000 6.0649085E+00 -2.9333460E+00 -1.6885513E+00
2026 07 25 05 49 00 000 6.0925889E+00 -2.9303260E+00 -1.6930591E+00
2026 07 25 05 50 00 000 6.1201706E+00 -2.9272616E+00 -1.6975471E+00
2026 07 25 05 51 00 000 6.1476521E+00 -2.9241598E+00 -1.7020127E+00
2026 07 25 05 52 00 000 6.1750355E+00 -2.9210176E+00 -1.7064586E+00
2026 07 25 05 53 00 000 6.2023211E+00 -2.9178355E+00 -1.7108843E+00
2026 07 25 05 54 00 000 6.2295094E+00 -2.9146140E+00 -1.7152898E+00
2026 07 25 05 55 00 000 6.2565999E+00 -2.9113562E+00 -1.7196754E+00
2026 07 25 05 56 00 000 6.2835932E+00 -2.9080603E+00 -1.7240413E+00
2026 07 25 05 57 00 000 6.3104939E+00 -2.9047236E+00 -1.7283896E+00
2026 07 25 05 58 00 000 6.3372970E+00 -2.9013524E+00 -1.7327175E+00
2026 07 25 05 59 00 000 6.3640060E+00 -2.8979416E+00 -1.7370284E+00
2026 07 25 06 00 00 000 6.3906193E+00 -2.8944991E+00 -1.7413187E+00
2026 07 25 06 01 00 000 6.4171405E+00 -2.8910174E+00 -1.7455927E+00
2026 07 25 06 02 00 000 6.4435678E+00 -2.8875005E+00 -1.7498488E+00
2026 07 25 06 03 00 000 6.4699025E+00 -2.8839476E+00 -1.7540871E+00
2026 07 25 06 04 00 000 6.4961448E+00 -2.8803606E+00 -1.7583081E+00
2026 07 25 06 05 00 000 6.5222964E+00 -2.8767378E+00 -1.7625130E+00
2026 07 25 06 06 00 000 6.5483556E+00 -2.8730834E+00 -1.7666997E+00
2026 07 25 06 07 00 000 6.5743241E+00 -2.8693955E+00 -1.7708697E+00
2026 07 25 06 08 00 000 6.6002030E+00 -2.8656716E+00 -1.7750243E+00
2026 07 25 06 09 00 000 6.6259913E+00 -2.8619177E+00 -1.7791628E+00
2026 07 25 06 10 00 000 6.6516900E+00 -2.8581290E+00 -1.7832853E+00
2026 07 25 06 11 00 000 6.6773019E+00 -2.8543069E+00 -1.7873924E+00
2026 07 25 06 12 00 000 6.7028232E+00 -2.8504558E+00 -1.7914838E+00
2026 07 25 06 13 00 000 6.7282567E+00 -2.8465731E+00 -1.7955592E+00
2026 07 25 06 14 00 000 6.7536035E+00 -2.8426573E+00 -1.7996209E+00
2026 07 25 06 15 00 000 6.7788625E+00 -2.8387108E+00 -1.8036675E+00
2026 07 25 06 16 00 000 6.8040357E+00 -2.8347337E+00 -1.8076993E+00
2026 07 25 06 17 00 000 6.8291211E+00 -2.8307266E+00 -1.8117170E+00
2026 07 25 06 18 00 000 6.8541217E+00 -2.8266897E+00 -1.8157204E+00
2026 07 25 06 19 00 000 6.8790369E+00 -2.8226235E+00 -1.8197095E+00
2026 07 25 06 20 00 000 6.9038672E+00 -2.8185265E+00 -1.8236856E+00
2026 07 25 06 21 00 000 6.9286132E+00 -2.8144004E+00 -1.8276483E+00
2026 07 25 06 22 00 000 6.9532752E+00 -2.8102455E+00 -1.8315976E+00
2026 07 25 06 23 00 000 6.9778538E+00 -2.8060622E+00 -1.8355335E+00
2026 07 25 06 24 00 000 7.0023484E+00 -2.8018513E+00 -1.8394566E+00
2026 07 25 06 25 00 000 7.0267596E+00 -2.7976115E+00 -1.8433675E+00
2026 07 25 06 26 00 000 7.0510902E+00 -2.7933416E+00 -1.8472660E+00
2026 07 25 06 27 00 000 7.0753369E+00 -2.7890475E+00 -1.8511513E+00
2026 07 25 06 28 00 000 7.0995035E+00 -2.7847238E+00 -1.8550251E+00
2026 07 25 06 29 00 000 7.1235862E+00 -2.7803762E+00 -1.8588855E+00
2026 07 25 06 30 00 000 7.1475897E+00 -2.7759991E+00 -1.8627357E+00
2026 07 25 06 31 00 000 7.1715126E+00 -2.7715962E+00 -1.8665738E+00
2026 07 25 06 32 00 000 7.1953554E+00 -2.7671666E+00 -1.8704010E+00
2026 07 25 06 33 00 000 7.2191176E+00 -2.7627101E+00 -1.8742163E+00
2026 07 25 06 34 00 000 7.2428007E+00 -2.7582312E+00 -1.8780202E+00
2026 07 25 06 35 00 000 7.2664056E+00 -2.7537220E+00 -1.8818144E+00
2026 07 25 06 36 00 000 7.2899318E+00 -2.7491894E+00 -1.8855968E+00
2026 07 25 06 37 00 000 7.3133774E+00 -2.7446337E+00 -1.8893689E+00
2026 07 25 06 38 00 000 7.3367467E+00 -2.7400506E+00 -1.8931303E+00
2026 07 25 06 39 00 000 7.3600378E+00 -2.7354455E+00 -1.8968813E+00
2026 07 25 06 40 00 000 7.3832526E+00 -2.7308137E+00 -1.9006224E+00
2026 07 25 06 41 00 000 7.4063897E+00 -2.7261569E+00 -1.9043539E+00
2026 07 25 06 42 00 000 7.4294496E+00 -2.7214785E+00 -1.9080750E+00
2026 07 25 06 43 00 000 7.4524345E+00 -2.7167726E+00 -1.9117875E+00
2026 07 25 06 44 00 000 7.4753423E+00 -2.7120447E+00 -1.9154900E+00
2026 07 25 06 45 00 000 7.4981751E+00 -2.7072959E+00 -1.9191824E+00
2026 07 25 06 46 00 000 7.5209317E+00 -2.7025230E+00 -1.9228655E+00
2026 07 25 06 47 00 000 7.5436149E+00 -2.6977234E+00 -1.9265412E+00
2026 07 25 06 48 00 000 7.5662222E+00 -2.6929049E+00 -1.9302064E+00
2026 07 25 06 49 00 000 7.5887556E+00 -2.6880612E+00 -1.9338639E+00
2026 07 25 06 50 00 000 7.6112151E+00 -2.6831958E+00 -1.9375122E+00
2026 07 25 06 51 00 000 7.6336002E+00 -2.6783073E+00 -1.9411521E+00
2026 07 25 06 52 00 000 7.6559129E+00 -2.6733990E+00 -1.9447831E+00
2026 07 25 06 53 00 000 7.6781516E+00 -2.6684687E+00 -1.9484063E+00
2026 07 25 06 54 00 000 7.7003179E+00 -2.6635132E+00 -1.9520220E+00
2026 07 25 06 55 00 000 7.7224131E+00 -2.6585369E+00 -1.9556293E+00
2026 07 25 06 56 00 000 7.7444334E+00 -2.6535397E+00 -1.9592289E+00
2026 07 25 06 57 00 000 7.7663836E+00 -2.6485214E+00 -1.9628205E+00
2026 07 25 06 58 00 000 7.7882624E+00 -2.6434836E+00 -1.9664043E+00
2026 07 25 06 59 00 000 7.8100696E+00 -2.6384220E+00 -1.9699808E+00
2026 07 25 07 00 00 000 7.8318052E+00 -2.6333432E+00 -1.9735497E+00
2026 07 25 07 01 00 000 7.8534703E+00 -2.6282411E+00 -1.9771118E+00
2026 07 25 07 02 00 000 7.8750658E+00 -2.6231167E+00 -1.9806677E+00
2026 07 25 07 03 00 000 7.8965902E+00 -2.6179755E+00 -1.9842143E+00
2026 07 25 07 04 00 000 7.9180446E+00 -2.6128104E+00 -1.9877570E+00
2026 07 25 07 05 00 000 7.9394302E+00 -2.6076288E+00 -1.9912908E+00
2026 07 25 07 06 00 000 7.9607468E+00 -2.6024270E+00 -1.9948179E+00
2026 07 25 07 07 00 000 7.9819932E+00 -2.5972037E+00 -1.9983392E+00
2026 07 25 07 08 00 000 8.0031710E+00 -2.5919614E+00 -2.0018537E+00
2026 07 25 07 09 00 000 8.0242815E+00 -2.5866992E+00 -2.0053625E+00
2026 07 25 07 10 00 000 8.0453224E+00 -2.5814180E+00 -2.0088654E+00
2026 07 25 07 11 00 000 8.0662975E+00 -2.5761163E+00 -2.0123610E+00
2026 07 25 07 12 00 000 8.0872021E+00 -2.5707986E+00 -2.0158503E+00
2026 07 25 07 13 00 000 8.1080408E+00 -2.5654576E+00 -2.0193353E+00
2026 07 25 07 14 00 000 8.1288109E+00 -2.5601032E+00 -2.0228133E+00
2026 07 25 07 15 00 000 8.1495171E+00 -2.5547252E+00 -2.0262864E+00
2026 07 25 07 16 00 000 8.1701527E+00 -2.5493314E+00 -2.0297530E+00
2026 07 25 07 17 00 000 8.1907234E+00 -2.5439184E+00 -2.0332146E+00
2026 07 25 07 18 00 000 8.2112284E+00 -2.5384862E+00 -2.0366714E+00
2026 07 25 07 19 00 000 8.2316685E+00 -2.5330365E+00 -2.0401225E+00
2026 07 25 07 20 00 000 8.2520409E+00 -2.5275702E+00 -2.0435674E+00
2026 07 25 07 21 00 000 8.2723484E+00 -2.5220838E+00 -2.0470083E+00
2026 07 25 07 22 00 000 8.2925911E+00 -2.5165815E+00 -2.0504425E+00
2026 07 25 07 23 00 000 8.3127689E+00 -2.5110574E+00 -2.0538745E+00
2026 07 25 07 24 00 000 8.3328819E+00 -2.5055203E+00 -2.0572999E+00
2026 07 25 07 25 00 000 8.3529310E+00 -2.4999614E+00 -2.0607214E+00
2026 07 25 07 26 00 000 8.3729153E+00 -2.4943891E+00 -2.0641367E+00
2026 07 25 07 27 00 000 8.3928356E+00 -2.4887974E+00 -2.0675488E+00
2026 07 25 07 28 00 000 8.4126911E+00 -2.4831882E+00 -2.0709558E+00
2026 07 25 07 29 00 000 8.4324837E+00 -2.4775620E+00 -2.0743587E+00
2026 07 25 07 30 00 000 8.4522133E+00 -2.4719205E+00 -2.0777564E+00
2026 07 25 07 31 00 000 8.4718790E+00 -2.4662602E+00 -2.0811505E+00
2026 07 25 07 32 00 000 8.4914837E+00 -2.4605832E+00 -2.0845406E+00
2026 07 25 07 33 00 000 8.5110235E+00 -2.4548893E+00 -2.0879261E+00
2026 07 25 07 34 00 000 8.5305023E+00 -2.4491789E+00 -2.0913081E+00
2026 07 25 07 35 00 000 8.5499182E+00 -2.4434543E+00 -2.0946851E+00
2026 07 25 07 36 00 000 8.5692711E+00 -2.4377110E+00 -2.0980587E+00
2026 07 25 07 37 00 000 8.5885639E+00 -2.4319510E+00 -2.1014285E+00
2026 07 25 07 38 00 000 8.6077948E+00 -2.4261751E+00 -2.1047950E+00
2026 07 25 07 39 00 000 8.6269636E+00 -2.4203827E+00 -2.1081579E+00
2026 07 25 07 40 00 000 8.6460714E+00 -2.4145772E+00 -2.1115158E+00
2026 07 25 07 41 00 000 8.6651182E+00 -2.4087532E+00 -2.1148708E+00
2026 07 25 07 42 00 000 8.6841040E+00 -2.4029143E+00 -2.1182227E+00
2026 07 25 07 43 00 000 8.7030287E+00 -2.3970587E+00 -2.1215706E+00
2026 07 25 07 44 00 000 8.7218952E+00 -2.3911862E+00 -2.1249154E+00
2026 07 25 07 45 00 000 8.7406988E+00 -2.3853023E+00 -2.1282566E+00
2026 07 25 07 46 00 000 8.7594452E+00 -2.3793962E+00 -2.1315956E+00
2026 07 25 07 47 00 000 8.7781296E+00 -2.3734801E+00 -2.1349301E+00
2026 07 25 07 48 00 000 8.7967558E+00 -2.3675444E+00 -2.1382630E+00
2026 07 25 07 49 00 000 8.8153219E+00 -2.3615966E+00 -2.1415913E+00
2026 07 25 07 50 00 000 8.8338299E+00 -2.3556325E+00 -2.1449172E+00
2026 07 25 07 51 00 000 8.8522768E+00 -2.3496547E+00 -2.1482399E+00
2026 07 25 07 52 00 000 8.8706675E+00 -2.3436575E+00 -2.1515603E+00
2026 07 25 07 53 00 000 8.8889971E+00 -2.3376501E+00 -2.1548769E+00
2026 07 25 07 54 00 000 8.9072704E+00 -2.3316226E+00 -2.1581919E+00
2026 07 25 07 55 00 000 8.9254837E+00 -2.3255851E+00 -2.1615036E+00
2026 07 25 07 56 00 000 8.9436398E+00 -2.3195300E+00 -2.1648128E+00
2026 07 25 07 57 00 000 8.9617367E+00 -2.3134604E+00 -2.1681192E+00
2026 07 25 07 58 00 000 8.9797783E+00 -2.3073764E+00 -2.1714222E+00
2026 07 25 07 59 00 000 8.9977608E+00 -2.3012793E+00 -2.1747234E+00
2026 07 25 08 00 00 000 9.0156870E+00 -2.2951684E+00 -2.1780210E+00
2026 07 25 08 01 00 000 9.0335550E+00 -2.2890382E+00 -2.1813180E+00
2026 07 25 08 02 00 000 9.0513668E+00 -2.2828972E+00 -2.1846108E+00
2026 07 25 08 03 00 000 9.0691214E+00 -2.2767406E+00 -2.1879025E+00
2026 07 25 08 04 00 000 9.0868177E+00 -2.2705686E+00 -2.1911919E+00
2026 07 25 08 05 00 000 9.1044598E+00 -2.2643855E+00 -2.1944783E+00
2026 07 25 08 06 00 000 9.1220455E+00 -2.2581835E+00 -2.1977637E+00
2026 07 25 08 07 00 000 9.1395750E+00 -2.2519717E+00 -2.2010450E+00
2026 07 25 08 08 00 000 9.1570482E+00 -2.2457421E+00 -2.2043266E+00
2026 07 25 08 09 00 000 9.1744652E+00 -2.2395020E+00 -2.2076037E+00
2026 07 25 08 10 00 000 9.1918259E+00 -2.2332478E+00 -2.2108793E+00
2026 07 25 08 11 00 000 9.2091341E+00 -2.2269778E+00 -2.2141538E+00
2026 07 25 08 12 00 000 9.2263851E+00 -2.2206917E+00 -2.2174263E+00
2026 07 25 08 13 00 000 9.2435808E+00 -2.2143958E+00 -2.2206957E+00
2026 07 25 08 14 00 000 9.2607222E+00 -2.2080846E+00 -2.2239642E+00
2026 07 25 08 15 00 000 9.2778082E+00 -2.2017589E+00 -2.2272301E+00
2026 07 25 08 16 00 000 9.2948399E+00 -2.1954219E+00 -2.2304935E+00
2026 07 25 08 17 00 000 9.3118162E+00 -2.1890669E+00 -2.2337575E+00
2026 07 25 08 18 00 000 9.3287401E+00 -2.1827004E+00 -2.2370179E+00
2026 07 25 08 19 00 000 9.3456078E+00 -2.1763229E+00 -2.2402763E+00
2026 07 25 08 20 00 000 9.3624229E+00 -2.1699317E+00 -2.2435322E+00
2026 07 25 08 21 00 000 9.3791838E+00 -2.1635249E+00 -2.2467878E+00
2026 07 25 08 22 00 000 9.3958902E+00 -2.1571040E+00 -2.2500417E+00
2026 07 25 08 23 00 000 9.4125443E+00 -2.1506715E+00 -2.2532935E+00
2026 07 25 08 24 00 000 9.4291439E+00 -2.1442246E+00 -2.2565441E+00
2026 07 25 08 25 00 000 9.4456911E+00 -2.1377645E+00 -2.2597923E+00
2026 07 25 08 26 00 000 9.4621859E+00 -2.1312907E+00 -2.2630394E+00
2026 07 25 08 27 00 000 9.4786253E+00 -2.1248062E+00 -2.2662842E+00
2026 07 25 08 28 00 000 9.4950142E+00 -2.1183090E+00 -2.2695272E+00
2026 07 25 08 29 00 000 9.5113497E+00 -2.1117942E+00 -2.2727704E+00
2026 07 25 08 30 00 000 9.5276327E+00 -2.1052680E+00 -2.2760115E+00
2026 07 25 08 31 00 000 9.5438623E+00 -2.0987308E+00 -2.2792504E+00
2026 07 25 08 32 00 000 9.5600414E+00 -2.0921800E+00 -2.2824879E+00
2026 07 25 08 33 00 000 9.5761681E+00 -2.0856144E+00 -2.2857249E+00
2026 07 25 08 34 00 000 9.5922422E+00 -2.0790386E+00 -2.2889593E+00
2026 07 25 08 35 00 000 9.6082640E+00 -2.0724449E+00 -2.2921934E+00
2026 07 25 08 36 00 000 9.6242371E+00 -2.0658422E+00 -2.2954261E+00
2026 07 25 08 37 00 000 9.6401558E+00 -2.0592258E+00 -2.2986567E+00
2026 07 25 08 38 00 000 9.6560221E+00 -2.0526004E+00 -2.3018847E+00
2026 07 25 08 39 00 000 9.6718397E+00 -2.0459559E+00 -2.3051138E+00
2026 07 25 08 40 00 000 9.6876059E+00 -2.0393035E+00 -2.3083389E+00
2026 07 25 08 41 00 000 9.7033195E+00 -2.0326366E+00 -2.3115644E+00
2026 07 25 08 42 00 000 9.7189846E+00 -2.0259571E+00 -2.3147886E+00
2026 07 25 08 43 00 000 9.7345982E+00 -2.0192640E+00 -2.3180110E+00
2026 07 25 08 44 00 000 9.7501593E+00 -2.0125604E+00 -2.3212314E+00
2026 07 25 08 45 00 000 9.7656717E+00 -2.0058429E+00 -2.3244524E+00
2026 07 25 08 46 00 000 9.7811337E+00 -1.9991097E+00 -2.3276715E+00
2026 07 25 08 47 00 000 9.7965460E+00 -1.9923693E+00 -2.3308880E+00
2026 07 25 08 48 00 000 9.8119078E+00 -1.9856144E+00 -2.3341045E+00
2026 07 25 08 49 00 000 9.8272190E+00 -1.9788488E+00 -2.3373184E+00
2026 07 25 08 50 00 000 9.8424807E+00 -1.9720687E+00 -2.3405323E+00
2026 07 25 08 51 00 000 9.8576927E+00 -1.9652756E+00 -2.3437443E+00
2026 07 25 08 52 00 000 9.8728561E+00 -1.9584702E+00 -2.3469560E+00
2026 07 25 08 53 00 000 9.8879690E+00 -1.9516536E+00 -2.3501656E+00
2026 07 25 08 54 00 000 9.9030333E+00 -1.9448239E+00 -2.3533740E+00
2026 07 25 08 55 00 000 9.9180470E+00 -1.9379866E+00 -2.3565798E+00
2026 07 25 08 56 00 000 9.9330130E+00 -1.9311292E+00 -2.3597872E+00
2026 07 25 08 57 00 000 9.9479303E+00 -1.9242616E+00 -2.3629925E+00
2026 07 25 08 58 00 000 9.9627981E+00 -1.9173844E+00 -2.3661947E+00
2026 07 25 08 59 00 000 9.9776182E+00 -1.9104934E+00 -2.3693976E+00
2026 07 25 09 00 00 000 9.9923887E+00 -1.9035929E+00 -2.3725975E+00
2026 07 25 09 01 00 000 1.0007112E+01 -1.8966775E+00 -2.3757977E+00
2026 07 25 09 02 00 000 1.0021785E+01 -1.8897523E+00 -2.3789949E+00
2026 07 25 09 03 00 000 1.0036410E+01 -1.8828125E+00 -2.3821929E+00
2026 07 25 09 04 00 000 1.0050988E+01 -1.8758584E+00 -2.3853893E+00
2026 07 25 09 05 00 000 1.0065517E+01 -1.8688972E+00 -2.3885832E+00
2026 07 25 09 06 00 000 1.0079999E+01 -1.8619244E+00 -2.3917756E+00
2026 07 25 09 07 00 000 1.0094433E+01 -1.8549337E+00 -2.3949690E+00
2026 07 25 09 08 00 000 1.0108820E+01 -1.8479364E+00 -2.3981581E+00
2026 07 25 09 09 00 000 1.0123158E+01 -1.8409222E+00 -2.4013495E+00
2026 07 25 09 10 00 000 1.0137450E+01 -1.8339001E+00 -2.4045370E+00
2026 07 25 09 11 00 000 1.0151694E+01 -1.8268647E+00 -2.4077234E+00
2026 07 25 09 12 00 000 1.0165892E+01 -1.8198169E+00 -2.4109089E+00
2026 07 25 09 13 00 000 1.0180041E+01 -1.8127600E+00 -2.4140923E+00
2026 07 25 09 14 00 000 1.0194144E+01 -1.8056859E+00 -2.4172757E+00
2026 07 25 09 15 00 000 1.0208200E+01 -1.7986022E+00 -2.4204583E+00
2026 07 25 09 16 00 000 1.0222209E+01 -1.7915088E+00 -2.4236369E+00
2026 07 25 09 17 00 000 1.0236171E+01 -1.7844037E+00 -2.4268150E+00
2026 07 25 09 18 00 000 1.0250088E+01 -1.7772820E+00 -2.4299932E+00
2026 07 25 09 19 00 000 1.0263957E+01 -1.7701539E+00 -2.4331682E+00
2026 07 25 09 20 00 000 1.0277779E+01 -1.7630103E+00 -2.4363430E+00
2026 07 25 09 21 00 000 1.0291558E+01 -1.7558535E+00 -2.4395168E+00
2026 07 25 09 22 00 000 1.0305288E+01 -1.7486919E+00 -2.4426868E+00
2026 07 25 09 23 00 000 1.0318973E+01 -1.7415161E+00 -2.4458556E+00
2026 07 25 09 24 00 000 1.0332612E+01 -1.7343235E+00 -2.4490254E+00
2026 07 25 09 25 00 000 1.0346205E+01 -1.7271214E+00 -2.4521928E+00
2026 07 25 09 26 00 000 1.0359753E+01 -1.7199084E+00 -2.4553578E+00
2026 07 25 09 27 00 000 1.0373255E+01 -1.7126827E+00 -2.4585221E+00
2026 07 25 09 28 00 000 1.0386712E+01 -1.7054478E+00 -2.4616838E+00
2026 07 25 09 29 00 000 1.0400123E+01 -1.6981992E+00 -2.4648445E+00
2026 07 25 09 30 00 000 1.0413487E+01 -1.6909380E+00 -2.4680042E+00
2026 07 25 09 31 00 000 1.0426808E+01 -1.6836681E+00 -2.4711607E+00
2026 07 25 09 32 00 000 1.0440084E+01 -1.6763818E+00 -2.4743176E+00
2026 07 25 09 33 00 000 1.0453313E+01 -1.6690862E+00 -2.4774716E+00
2026 07 25 09 34 00 000 1.0466498E+01 -1.6617792E+00 -2.4806244E+00
2026 07 25 09 35 00 000 1.0479639E+01 -1.6544615E+00 -2.4837742E+00
2026 07 25 09 36 00 000 1.0492734E+01 -1.6471316E+00 -2.4869235E+00
2026 07 25 09 37 00 000 1.0505786E+01 -1.6397909E+00 -2.4900701E+00
2026 07 25 09 38 00 000 1.0518791E+01 -1.6324348E+00 -2.4932168E+00
2026 07 25 09 39 00 000 1.0531754E+01 -1.6250728E+00 -2.4963596E+00
2026 07 25 09 40 00 000 1.0544673E+01 -1.6176921E+00 -2.4995027E+00
2026 07 25 09 41 00 000 1.0557545E+01 -1.6103054E+00 -2.5026422E+00
2026 07 25 09 42 00 000 1.0570374E+01 -1.6029077E+00 -2.5057788E+00
2026 07 25 09 43 00 000 1.0583158E+01 -1.5954927E+00 -2.5089161E+00
2026 07 25 09 44 00 000 1.0595900E+01 -1.5880713E+00 -2.5120494E+00
2026 07 25 09 45 00 000 1.0608597E+01 -1.5806381E+00 -2.5151808E+00
2026 07 25 09 46 00 000 1.0621251E+01 -1.5731918E+00 -2.5183105E+00
2026 07 25 09 47 00 000 1.0633861E+01 -1.5657337E+00 -2.5214391E+00
2026 07 25 09 48 00 000 1.0646425E+01 -1.5582627E+00 -2.5245655E+00
2026 07 25 09 49 00 000 1.0658949E+01 -1.5507816E+00 -2.5276890E+00
2026 07 25 09 50 00 000 1.0671428E+01 -1.5432882E+00 -2.5308113E+00
2026 07 25 09 51 00 000 1.0683862E+01 -1.5357854E+00 -2.5339305E+00
2026 07 25 09 52 00 000 1.0696256E+01 -1.5282700E+00 -2.5370481E+00
2026 07 25 09 53 00 000 1.0708604E+01 -1.5207415E+00 -2.5401638E+00
2026 07 25 09 54 00 000 1.0720911E+01 -1.5131992E+00 -2.5432775E+00
2026 07 25 09 55 00 000 1.0733174E+01 -1.5056512E+00 -2.5463872E+00
2026 07 25 09 56 00 000 1.0745393E+01 -1.4980898E+00 -2.5494950E+00
2026 07 25 09 57 00 000 1.0757571E+01 -1.4905138E+00 -2.5526018E+00
2026 07 25 09 58 00 000 1.0769705E+01 -1.4829302E+00 -2.5557044E+00
2026 07 25 09 59 00 000 1.0781796E+01 -1.4753332E+00 -2.5588055E+00
2026 07 25 10 00 00 000 1.0793846E+01 -1.4677215E+00 -2.5619056E+00
2026 07 25 10 01 00 000 1.0805853E+01 -1.4601045E+00 -2.5650005E+00
2026 07 25 10 02 00 000 1.0817817E+01 -1.4524722E+00 -2.5680943E+00
2026 07 25 10 03 00 000 1.0829739E+01 -1.4448320E+00 -2.5711842E+00
2026 07 25 10 04 00 000 1.0841618E+01 -1.4371768E+00 -2.5742724E+00
2026 07 25 10 05 00 000 1.0853454E+01 -1.4295125E+00 -2.5773582E+00
2026 07 25 10 06 00 000 1.0865249E+01 -1.4218320E+00 -2.5804417E+00
2026 07 25 10 07 00 000 1.0877003E+01 -1.4141455E+00 -2.5835209E+00
2026 07 25 10 08 00 000 1.0888715E+01 -1.4064440E+00 -2.5865989E+00
2026 07 25 10 09 00 000 1.0900384E+01 -1.3987318E+00 -2.5896730E+00
2026 07 25 10 10 00 000 1.0912010E+01 -1.3910080E+00 -2.5927451E+00
2026 07 25 10 11 00 000 1.0923595E+01 -1.3832725E+00 -2.5958140E+00
2026 07 25 10 12 00 000 1.0935141E+01 -1.3755286E+00 -2.5988781E+00
2026 07 25 10 13 00 000 1.0946642E+01 -1.3677672E+00 -2.6019425E+00
2026 07 25 10 14 00 000 1.0958103E+01 -1.3599966E+00 -2.6050029E+00
2026 07 25 10 15 00 000 1.0969522E+01 -1.3522170E+00 -2.6080589E+00
2026 07 25 10 16 00 000 1.0980901E+01 -1.3444278E+00 -2.6111112E+00
2026 07 25 10 17 00 000 1.0992238E+01 -1.3366193E+00 -2.6141622E+00
2026 07 25 10 18 00 000 1.1003532E+01 -1.3288065E+00 -2.6172087E+00
2026 07 25 10 19 00 000 1.1014788E+01 -1.3209769E+00 -2.6202538E+00
2026 07 25 10 20 00 000 1.1026002E+01 -1.3131393E+00 -2.6232936E+00
2026 07 25 10 21 00 000 1.1037174E+01 -1.3052887E+00 -2.6263304E+00
2026 07 25 10 22 00 000 1.1048305E+01 -1.2974275E+00 -2.6293643E+00
2026 07 25 10 23 00 000 1.1059395E+01 -1.2895552E+00 -2.6323943E+00
2026 07 25 10 24 00 000 1.1070446E+01 -1.2816732E+00 -2.6354201E+00
2026 07 25 10 25 00 000 1.1081455E+01 -1.2737745E+00 -2.6384442E+00
2026 07 25 10 26 00 000 1.1092422E+01 -1.2658659E+00 -2.6414645E+00
2026 07 25 10 27 00 000 1.1103352E+01 -1.2579483E+00 -2.6444798E+00
2026 07 25 10 28 00 000 1.1114239E+01 -1.2500174E+00 -2.6474922E+00
2026 07 25 10 29 00 000 1.1125086E+01 -1.2420745E+00 -2.6505010E+00
2026 07 25 10 30 00 000 1.1135893E+01 -1.2341197E+00 -2.6535060E+00
2026 07 25 10 31 00 000 1.1146661E+01 -1.2261550E+00 -2.6565065E+00
2026 07 25 10 32 00 000 1.1157384E+01 -1.2181782E+00 -2.6595039E+00
2026 07 25 10 33 00 000 1.1168073E+01 -1.2101887E+00 -2.6624975E+00
2026 07 25 10 34 00 000 1.1178720E+01 -1.2021912E+00 -2.6654854E+00
2026 07 25 10 35 00 000 1.1189324E+01 -1.1941768E+00 -2.6684718E+00
2026 07 25 10 36 00 000 1.1199890E+01 -1.1861579E+00 -2.6714506E+00
2026 07 25 10 37 00 000 1.1210418E+01 -1.1781193E+00 -2.6744297E+00
2026 07 25 10 38 00 000 1.1220904E+01 -1.1700778E+00 -2.6774001E+00
2026 07 25 10 39 00 000 1.1231351E+01 -1.1620181E+00 -2.6803689E+00
2026 07 25 10 40 00 000 1.1241757E+01 -1.1539503E+00 -2.6833322E+00
2026 07 25 10 41 00 000 1.1252125E+01 -1.1458720E+00 -2.6862910E+00
2026 07 25 10 42 00 000 1.1262453E+01 -1.1377780E+00 -2.6892469E+00
2026 07 25 10 43 00 000 1.1272741E+01 -1.1296736E+00 -2.6921978E+00
2026 07 25 10 44 00 000 1.1282992E+01 -1.1215628E+00 -2.6951418E+00
2026 07 25 10 45 00 000 1.1293202E+01 -1.1134341E+00 -2.6980841E+00
2026 07 25 10 46 00 000 1.1303371E+01 -1.1052980E+00 -2.7010202E+00
2026 07 25 10 47 00 000 1.1313502E+01 -1.0971477E+00 -2.7039523E+00
2026 07 25 10 48 00 000 1.1323595E+01 -1.0889869E+00 -2.7068799E+00
2026 07 25 10 49 00 000 1.1333648E+01 -1.0808129E+00 -2.7098026E+00
2026 07 25 10 50 00 000 1.1343663E+01 -1.0726281E+00 -2.7127199E+00
2026 07 25 10 51 00 000 1.1353638E+01 -1.0644356E+00 -2.7156312E+00
2026 07 25 10 52 00 000 1.1363574E+01 -1.0562279E+00 -2.7185390E+00
2026 07 25 10 53 00 000 1.1373472E+01 -1.0480063E+00 -2.7214429E+00
2026 07 25 10 54 00 000 1.1383330E+01 -1.0397772E+00 -2.7243392E+00
2026 07 25 10 55 00 000 1.1393150E+01 -1.0315330E+00 -2.7272325E+00
2026 07 25 10 56 00 000 1.1402930E+01 -1.0232809E+00 -2.7301188E+00
2026 07 25 10 57 00 000 1.1412673E+01 -1.0150189E+00 -2.7329991E+00
2026 07 25 10 58 00 000 1.1422377E+01 -1.0067414E+00 -2.7358758E+00
2026 07 25 10 59 00 000 1.1432043E+01 -9.9845386E-01 -2.7387459E+00
2026 07 25 11 00 00 000 1.1441669E+01 -9.9015278E-01 -2.7416117E+00
2026 07 25 11 01 00 000 1.1451259E+01 -9.8183942E-01 -2.7444720E+00
2026 07 25 11 02 00 000 1.1460810E+01 -9.7352242E-01 -2.7473240E+00
2026 07 25 11 03 00 000 1.1470322E+01 -9.6518379E-01 -2.7501738E+00
2026 07 25 11 04 00 000 1.1479795E+01 -9.5683825E-01 -2.7530160E+00
2026 07 25 11 05 00 000 1.1489231E+01 -9.4848251E-01 -2.7558529E+00
2026 07 25 11 06 00 000 1.1498631E+01 -9.4011670E-01 -2.7586823E+00
2026 07 25 11 07 00 000 1.1507989E+01 -9.3173373E-01 -2.7615085E+00
2026 07 25 11 08 00 000 1.1517312E+01 -9.2334342E-01 -2.7643270E+00
2026 07 25 11 09 00 000 1.1526595E+01 -9.1493976E-01 -2.7671392E+00
2026 07 25 11 10 00 000 1.1535841E+01 -9.0652484E-01 -2.7699463E+00
2026 07 25 11 11 00 000 1.1545051E+01 -8.9809781E-01 -2.7727466E+00
2026 07 25 11 12 00 000 1.1554220E+01 -8.8965964E-01 -2.7755406E+00
2026 07 25 11 13 00 000 1.1563354E+01 -8.8121247E-01 -2.7783275E+00
2026 07 25 11 14 00 000 1.1572450E+01 -8.7275106E-01 -2.7811093E+00
2026 07 25 11 15 00 000 1.1581507E+01 -8.6427742E-01 -2.7838845E+00
2026 07 25 11 16 00 000 1.1590528E+01 -8.5579294E-01 -2.7866528E+00
2026 07 25 11 17 00 000 1.1599511E+01 -8.4729934E-01 -2.7894135E+00
2026 07 25 11 18 00 000 1.1608456E+01 -8.3878845E-01 -2.7921698E+00
2026 07 25 11 19 00 000 1.1617364E+01 -8.3027202E-01 -2.7949176E+00
2026 07 25 11 20 00 000 1.1626235E+01 -8.2174146E-01 -2.7976589E+00
2026 07 25 11 21 00 000 1.1635068E+01 -8.1319940E-01 -2.8003938E+00
2026 07 25 11 22 00 000 1.1643864E+01 -8.0464548E-01 -2.8031216E+00
2026 07 25 11 23 00 000 1.1652624E+01 -7.9608023E-01 -2.8058424E+00
2026 07 25 11 24 00 000 1.1661346E+01 -7.8750330E-01 -2.8085561E+00
2026 07 25 11 25 00 000 1.1670030E+01 -7.7891457E-01 -2.8112614E+00
2026 07 25 11 26 00 000 1.1678679E+01 -7.7031726E-01 -2.8139606E+00
2026 07 25 11 27 00 000 1.1687290E+01 -7.6170874E-01 -2.8166509E+00
2026 07 25 11 28 00 000 1.1695865E+01 -7.5308311E-01 -2.8193371E+00
2026 07 25 11 29 00 000 1.1704402E+01 -7.4444872E-01 -2.8220139E+00
2026 07 25 11 30 00 000 1.1712901E+01 -7.3580790E-01 -2.8246810E+00
2026 07 25 11 31 00 000 1.1721366E+01 -7.2714740E-01 -2.8273444E+00
2026 07 25 11 32 00 000 1.1729794E+01 -7.1847928E-01 -2.8299980E+00
2026 07 25 11 33 00 000 1.1738182E+01 -7.0980090E-01 -2.8326437E+00
2026 07 25 11 34 00 000 1.1746537E+01 -7.0110583E-01 -2.8352833E+00
2026 07 25 11 35 00 000 1.1754853E+01 -6.9240218E-01 -2.8379142E+00
2026 07 25 11 36 00 000 1.1763134E+01 -6.8369305E-01 -2.8405347E+00
2026 07 25 11 37 00 000 1.1771379E+01 -6.7496341E-01 -2.8431506E+00
2026 07 25 11 38 00 000 1.1779587E+01 -6.6622698E-01 -2.8457565E+00
2026 07 25 11 39 00 000 1.1787758E+01 -6.5747786E-01 -2.8483548E+00
2026 07 25 11 40 00 000 1.1795894E+01 -6.4871454E-01 -2.8509459E+00
2026 07 25 11 41 00 000 1.1803993E+01 -6.3994449E-01 -2.8535271E+00
2026 07 25 11 42 00 000 1.1812057E+01 -6.3116097E-01 -2.8561006E+00
2026 07 25 11 43 00 000 1.1820082E+01 -6.2236512E-01 -2.8586657E+00
2026 07 25 11 44 00 000 1.1828073E+01 -6.1356109E-01 -2.8612211E+00
2026 07 25 11 45 00 000 1.1836028E+01 -6.0473931E-01 -2.8637702E+00
2026 07 25 11 46 00 000 1.1843946E+01 -5.9591317E-01 -2.8663073E+00
2026 07 25 11 47 00 000 1.1851829E+01 -5.8707464E-01 -2.8688364E+00
2026 07 25 11 48 00 000 1.1859675E+01 -5.7822126E-01 -2.8713584E+00
2026 07 25 11 49 00 000 1.1867485E+01 -5.6935745E-01 -2.8738708E+00
2026 07 25 11 50 00 000 1.1875260E+01 -5.6047952E-01 -2.8763750E+00
2026 07 25 11 51 00 000 1.1882998E+01 -5.5159461E-01 -2.8788683E+00
2026 07 25 11 52 00 000 1.1890702E+01 -5.4269743E-01 -2.8813531E+00
2026 07 25 11 53 00 000 1.1898369E+01 -5.3378612E-01 -2.8838294E+00
2026 07 25 11 54 00 000 1.1906002E+01 -5.2486783E-01 -2.8862951E+00
2026 07 25 11 55 00 000 1.1913598E+01 -5.1593477E-01 -2.8887522E+00
2026 07 25 11 56 00 000 1.1921159E+01 -5.0698835E-01 -2.8912013E+00
2026 07 25 11 57 00 000 1.1928684E+01 -4.9803653E-01 -2.8936379E+00
2026 07 25 11 58 00 000 1.1936174E+01 -4.8907164E-01 -2.8960657E+00
2026 07 25 11 59 00 000 1.1943627E+01 -4.8009372E-01 -2.8984847E+00
2026 07 25 12 00 00 000 1.1951045E+01 -4.7110400E-01 -2.9008934E+00
2026 07 25 12 01 00 000 1.1958428E+01 -4.6210298E-01 -2.9032931E+00
2026 07 25 12 02 00 000 1.1965777E+01 -4.5309126E-01 -2.9056811E+00
2026 07 25 12 03 00 000 1.1973088E+01 -4.4406778E-01 -2.9080606E+00
2026 07 25 12 04 00 000 1.1980369E+01 -4.3503407E-01 -2.9104295E+00
2026 07 25 12 05 00 000 1.1987611E+01 -4.2598933E-01 -2.9127872E+00
2026 07 25 12 06 00 000 1.1994818E+01 -4.1693255E-01 -2.9151359E+00
2026 07 25 12 07 00 000 1.2001990E+01 -4.0786368E-01 -2.9174740E+00
2026 07 25 12 08 00 000 1.2009127E+01 -3.9878684E-01 -2.9198008E+00
2026 07 25 12 09 00 000 1.2016229E+01 -3.8969252E-01 -2.9221187E+00
2026 07 25 12 10 00 000 1.2023296E+01 -3.8059014E-01 -2.9244256E+00
2026 07 25 12 11 00 000 1.2030328E+01 -3.7147903E-01 -2.9267201E+00
2026 07 25 12 12 00 000 1.2037325E+01 -3.6235398E-01 -2.9290051E+00
2026 07 25 12 13 00 000 1.2044288E+01 -3.5321850E-01 -2.9312799E+00
2026 07 25 12 14 00 000 1.2051216E+01 -3.4407374E-01 -2.9335425E+00
2026 07 25 12 15 00 000 1.2058107E+01 -3.3491310E-01 -2.9357953E+00
2026 07 25 12 16 00 000 1.2064965E+01 -3.2574528E-01 -2.9380360E+00
2026 07 25 12 17 00 000 1.2071788E+01 -3.1656167E-01 -2.9402671E+00
2026 07 25 12 18 00 000 1.2078576E+01 -3.0737224E-01 -2.9424851E+00
2026 07 25 12 19 00 000 1.2085331E+01 -2.9816955E-01 -2.9446924E+00
2026 07 25 12 20 00 000 1.2092051E+01 -2.8895620E-01 -2.9468882E+00
2026 07 25 12 21 00 000 1.2098734E+01 -2.7973020E-01 -2.9490731E+00
2026 07 25 12 22 00 000 1.2105384E+01 -2.7049571E-01 -2.9512455E+00
2026 07 25 12 23 00 000 1.2112000E+01 -2.6124901E-01 -2.9534070E+00
2026 07 25 12 24 00 000 1.2118581E+01 -2.5199044E-01 -2.9555564E+00
2026 07 25 12 25 00 000 1.2125129E+01 -2.4272376E-01 -2.9576931E+00
2026 07 25 12 26 00 000 1.2131640E+01 -2.3343982E-01 -2.9598207E+00
2026 07 25 12 27 00 000 1.2138119E+01 -2.2415467E-01 -2.9619324E+00
2026 07 25 12 28 00 000 1.2144562E+01 -2.1485195E-01 -2.9640343E+00
2026 07 25 12 29 00 000 1.2150972E+01 -2.0553583E-01 -2.9661257E+00
2026 07 25 12 30 00 000 1.2157347E+01 -1.9621387E-01 -2.9682016E+00
2026 07 25 12 31 00 000 1.2163689E+01 -1.8687905E-01 -2.9702668E+00
2026 07 25 12 32 00 000 1.2169994E+01 -1.7753235E-01 -2.9723203E+00
2026 07 25 12 33 00 000 1.2176265E+01 -1.6817544E-01 -2.9743598E+00
2026 07 25 12 34 00 000 1.2182506E+01 -1.5880783E-01 -2.9763877E+00
2026 07 25 12 35 00 000 1.2188709E+01 -1.4942893E-01 -2.9784031E+00
2026 07 25 12 36 00 000 1.2194880E+01 -1.4004168E-01 -2.9804044E+00
2026 07 25 12 37 00 000 1.2201015E+01 -1.3064118E-01 -2.9823947E+00
2026 07 25 12 38 00 000 1.2207119E+01 -1.2122971E-01 -2.9843707E+00
2026 07 25 12 39 00 000 1.2213186E+01 -1.1180606E-01 -2.9863355E+00
2026 07 25 12 40 00 000 1.2219222E+01 -1.0237543E-01 -2.9882853E+00
2026 07 25 12 41 00 000 1.2225224E+01 -9.2935301E-02 -2.9902213E+00
2026 07 25 12 42 00 000 1.2231191E+01 -8.3478540E-02 -2.9921467E+00
2026 07 25 12 43 00 000 1.2237124E+01 -7.4016035E-02 -2.9940567E+00
2026 07 25 12 44 00 000 1.2243024E+01 -6.4540498E-02 -2.9959550E+00
2026 07 25 12 45 00 000 1.2248889E+01 -5.5055071E-02 -2.9978387E+00
2026 07 25 12 46 00 000 1.2254721E+01 -4.5558382E-02 -2.9997091E+00
2026 07 25 12 47 00 000 1.2260518E+01 -3.6051419E-02 -3.0015652E+00
2026 07 25 12 48 00 000 1.2266283E+01 -2.6536947E-02 -3.0034077E+00
2026 07 25 12 49 00 000 1.2272017E+01 -1.7008450E-02 -3.0052371E+00
2026 07 25 12 50 00 000 1.2277714E+01 -7.4697603E-03 -3.0070524E+00
2026 07 25 12 51 00 000 1.2283379E+01 2.0766708E-03 -3.0088527E+00
2026 07 25 12 52 00 000 1.2289008E+01 1.1636667E-02 -3.0106409E+00
2026 07 25 12 53 00 000 1.2294605E+01 2.1206781E-02 -3.0124140E+00
2026 07 25 12 54 00 000 1.2300170E+01 3.0786781E-02 -3.0141735E+00
2026 07 25 12 55 00 000 1.2305699E+01 4.0377356E-02 -3.0159175E+00
2026 07 25 12 56 00 000 1.2311195E+01 4.9978741E-02 -3.0176480E+00
2026 07 25 12 57 00 000 1.2316660E+01 5.9590008E-02 -3.0193639E+00
2026 07 25 12 58 00 000 1.2322090E+01 6.9205649E-02 -3.0210626E+00
2026 07 25 12 59 00 000 1.2327489E+01 7.8840673E-02 -3.0227509E+00
2026 07 25 13 00 00 000 1.2332852E+01 8.8482141E-02 -3.0244222E+00
2026 07 25 13 01 00 000 1.2338182E+01 9.8134264E-02 -3.0260794E+00
2026 07 25 13 02 00 000 1.2343479E+01 1.0779673E-01 -3.0277214E+00
2026 07 25 13 03 00 000 1.2348744E+01 1.1746740E-01 -3.0293481E+00
2026 07 25 13 04 00 000 1.2353976E+01 1.2714894E-01 -3.0309603E+00
2026 07 25 13 05 00 000 1.2359174E+01 1.3684237E-01 -3.0325572E+00
2026 07 25 13 06 00 000 1.2364339E+01 1.4654385E-01 -3.0341384E+00
2026 07 25 13 07 00 000 1.2369471E+01 1.5625598E-01 -3.0357053E+00
2026 07 25 13 08 00 000 1.2374570E+01 1.6597915E-01 -3.0372565E+00
2026 07 25 13 09 00 000 1.2379635E+01 1.7570844E-01 -3.0387909E+00
2026 07 25 13 10 00 000 1.2384669E+01 1.8545115E-01 -3.0403111E+00
2026 07 25 13 11 00 000 1.2389669E+01 1.9520000E-01 -3.0418146E+00
2026 07 25 13 12 00 000 1.2394636E+01 2.0496538E-01 -3.0433052E+00
2026 07 25 13 13 00 000 1.2399571E+01 2.1473376E-01 -3.0447767E+00
2026 07 25 13 14 00 000 1.2404472E+01 2.2451457E-01 -3.0462337E+00
2026 07 25 13 15 00 000 1.2409340E+01 2.3430541E-01 -3.0476742E+00
2026 07 25 13 16 00 000 1.2414178E+01 2.4410629E-01 -3.0490992E+00
2026 07 25 13 17 00 000 1.2418980E+01 2.5391659E-01 -3.0505087E+00
2026 07 25 13 18 00 000 1.2423751E+01 2.6373619E-01 -3.0519013E+00
2026 07 25 13 19 00 000 1.2428487E+01 2.7356580E-01 -3.0532775E+00
2026 07 25 13 20 00 000 1.2433193E+01 2.8340194E-01 -3.0546370E+00
2026 07 25 13 21 00 000 1.2437865E+01 2.9324979E-01 -3.0559802E+00
2026 07 25 13 22 00 000 1.2442507E+01 3.0310631E-01 -3.0573075E+00
2026 07 25 13 23 00 000 1.2447113E+01 3.1297448E-01 -3.0586183E+00
2026 07 25 13 24 00 000 1.2451687E+01 3.2285383E-01 -3.0599132E+00
2026 07 25 13 25 00 000 1.2456228E+01 3.3273321E-01 -3.0611880E+00
2026 07 25 13 26 00 000 1.2460739E+01 3.4262753E-01 -3.0624483E+00
2026 07 25 13 27 00 000 1.2465216E+01 3.5253146E-01 -3.0636909E+00
2026 07 25 13 28 00 000 1.2469660E+01 3.6244541E-01 -3.0649178E+00
2026 07 25 13 29 00 000 1.2474072E+01 3.7236446E-01 -3.0661256E+00
2026 07 25 13 30 00 000 1.2478454E+01 3.8229847E-01 -3.0673187E+00
2026 07 25 13 31 00 000 1.2482800E+01 3.9223608E-01 -3.0684927E+00
2026 07 25 13 32 00 000 1.2487115E+01 4.0218234E-01 -3.0696490E+00
2026 07 25 13 33 00 000 1.2491398E+01 4.1214332E-01 -3.0707896E+00
2026 07 25 13 34 00 000 1.2495646E+01 4.2210668E-01 -3.0719116E+00
2026 07 25 13 35 00 000 1.2499864E+01 4.3208584E-01 -3.0730176E+00
2026 07 25 13 36 00 000 1.2504051E+01 4.4207150E-01 -3.0741053E+00
2026 07 25 13 37 00 000 1.2508206E+01 4.5206091E-01 -3.0751734E+00
2026 07 25 13 38 00 000 1.2512326E+01 4.6206251E-01 -3.0762248E+00
2026 07 25 13 39 00 000 1.2516416E+01 4.7207361E-01 -3.0772598E+00
2026 07 25 13 40 00 000 1.2520473E+01 4.8209271E-01 -3.0782759E+00
2026 07 25 13 41 00 000 1.2524498E+01 4.9212036E-01 -3.0792735E+00
2026 07 25 13 42 00 000 1.2528491E+01 5.0215298E-01 -3.0802526E+00
2026 07 25 13 43 00 000 1.2532452E+01 5.1219797E-01 -3.0812142E+00
2026 07 25 13 44 00 000 1.2536380E+01 5.2225053E-01 -3.0821579E+00
2026 07 25 13 45 00 000 1.2540277E+01 5.3231257E-01 -3.0830834E+00
2026 07 25 13 46 00 000 1.2544141E+01 5.4238063E-01 -3.0839899E+00
2026 07 25 13 47 00 000 1.2547974E+01 5.5245602E-01 -3.0848780E+00
2026 07 25 13 48 00 000 1.2551774E+01 5.6254148E-01 -3.0857472E+00
2026 07 25 13 49 00 000 1.2555542E+01 5.7263571E-01 -3.0865989E+00
2026 07 25 13 50 00 000 1.2559278E+01 5.8273506E-01 -3.0874305E+00
2026 07 25 13 51 00 000 1.2562982E+01 5.9284824E-01 -3.0882454E+00
2026 07 25 13 52 00 000 1.2566657E+01 6.0296470E-01 -3.0890396E+00
2026 07 25 13 53 00 000 1.2570298E+01 6.1309028E-01 -3.0898159E+00
2026 07 25 13 54 00 000 1.2573907E+01 6.2322152E-01 -3.0905721E+00
2026 07 25 13 55 00 000 1.2577482E+01 6.3336039E-01 -3.0913098E+00
2026 07 25 13 56 00 000 1.2581028E+01 6.4350957E-01 -3.0920286E+00
2026 07 25 13 57 00 000 1.2584542E+01 6.5366775E-01 -3.0927291E+00
2026 07 25 13 58 00 000 1.2588023E+01 6.6382957E-01 -3.0934088E+00
2026 07 25 13 59 00 000 1.2591475E+01 6.7400134E-01 -3.0940695E+00
2026 07 25 14 00 00 000 1.2594892E+01 6.8418080E-01 -3.0947120E+00
2026 07 25 14 01 00 000 1.2598279E+01 6.9436282E-01 -3.0953331E+00
2026 07 25 14 02 00 000 1.2601634E+01 7.0456034E-01 -3.0959370E+00
2026 07 25 14 03 00 000 1.2604957E+01 7.1476060E-01 -3.0965204E+00
2026 07 25 14 04 00 000 1.2608251E+01 7.2496861E-01 -3.0970831E+00
2026 07 25 14 05 00 000 1.2611508E+01 7.3518103E-01 -3.0976262E+00
2026 07 25 14 06 00 000 1.2614738E+01 7.4540412E-01 -3.0981500E+00
2026 07 25 14 07 00 000 1.2617934E+01 7.5563300E-01 -3.0986540E+00
2026 07 25 14 08 00 000 1.2621100E+01 7.6586980E-01 -3.0991383E+00
2026 07 25 14 09 00 000 1.2624235E+01 7.7611029E-01 -3.0996017E+00
2026 07 25 14 10 00 000 1.2627336E+01 7.8636235E-01 -3.1000462E+00
2026 07 25 14 11 00 000 1.2630406E+01 7.9661304E-01 -3.1004689E+00
2026 07 25 14 12 00 000 1.2633445E+01 8.0687976E-01 -3.1008737E+00
2026 07 25 14 13 00 000 1.2636454E+01 8.1714714E-01 -3.1012559E+00
2026 07 25 14 14 00 000 1.2639431E+01 8.2742399E-01 -3.1016192E+00
2026 07 25 14 15 00 000 1.2642376E+01 8.3770686E-01 -3.1019623E+00
2026 07 25 14 16 00 000 1.2645289E+01 8.4799498E-01 -3.1022835E+00
2026 07 25 14 17 00 000 1.2648170E+01 8.5828793E-01 -3.1025848E+00
2026 07 25 14 18 00 000 1.2651023E+01 8.6859292E-01 -3.1028669E+00
2026 07 25 14 19 00 000 1.2653842E+01 8.7889838E-01 -3.1031263E+00
2026 07 25 14 20 00 000 1.2656631E+01 8.8921189E-01 -3.1033661E+00
2026 07 25 14 21 00 000 1.2659388E+01 8.9953238E-01 -3.1035852E+00
2026 07 25 14 22 00 000 1.2662113E+01 9.0985882E-01 -3.1037836E+00
2026 07 25 14 23 00 000 1.2664806E+01 9.2019051E-01 -3.1039610E+00
2026 07 25 14 24 00 000 1.2667469E+01 9.3052781E-01 -3.1041172E+00
2026 07 25 14 25 00 000 1.2670100E+01 9.4087213E-01 -3.1042523E+00
2026 07 25 14 26 00 000 1.2672700E+01 9.5121711E-01 -3.1043663E+00
2026 07 25 14 27 00 000 1.2675269E+01 9.6157295E-01 -3.1044593E+00
2026 07 25 14 28 00 000 1.2677808E+01 9.7193646E-01 -3.1045322E+00
2026 07 25 14 29 00 000 1.2680315E+01 9.8229855E-01 -3.1045821E+00
2026 07 25 14 30 00 000 1.2682793E+01 9.9266744E-01 -3.1046114E+00
2026 07 25 14 31 00 000 1.2685236E+01 1.0030437E+00 -3.1046193E+00
2026 07 25 14 32 00 000 1.2687650E+01 1.0134251E+00 -3.1046057E+00
2026 07 25 14 33 00 000 1.2690031E+01 1.0238112E+00 -3.1045711E+00
2026 07 25 14 34 00 000 1.2692383E+01 1.0342008E+00 -3.1045144E+00
2026 07 25 14 35 00 000 1.2694703E+01 1.0445973E+00 -3.1044369E+00
2026 07 25 14 36 00 000 1.2696993E+01 1.0550015E+00 -3.1043382E+00
2026 07 25 14 37 00 000 1.2699250E+01 1.0654055E+00 -3.1042168E+00
2026 07 25 14 38 00 000 1.2701477E+01 1.0758200E+00 -3.1040752E+00
2026 07 25 14 39 00 000 1.2703673E+01 1.0862321E+00 -3.1039095E+00
2026 07 25 14 40 00 000 1.2705839E+01 1.0966495E+00 -3.1037226E+00
2026 07 25 14 41 00 000 1.2707973E+01 1.1070788E+00 -3.1035156E+00
2026 07 25 14 42 00 000 1.2710075E+01 1.1175044E+00 -3.1032851E+00
2026 07 25 14 43 00 000 1.2712147E+01 1.1279384E+00 -3.1030331E+00
2026 07 25 14 44 00 000 1.2714189E+01 1.1383758E+00 -3.1027591E+00
2026 07 25 14 45 00 000 1.2716198E+01 1.1488177E+00 -3.1024632E+00
2026 07 25 14 46 00 000 1.2718179E+01 1.1592671E+00 -3.1021459E+00
2026 07 25 14 47 00 000 1.2720128E+01 1.1697114E+00 -3.1018047E+00
2026 07 25 14 48 00 000 1.2722044E+01 1.1801649E+00 -3.1014416E+00
2026 07 25 14 49 00 000 1.2723931E+01 1.1906254E+00 -3.1010580E+00
2026 07 25 14 50 00 000 1.2725787E+01 1.2010833E+00 -3.1006501E+00
2026 07 25 14 51 00 000 1.2727610E+01 1.2115489E+00 -3.1002216E+00
2026 07 25 14 52 00 000 1.2729405E+01 1.2220170E+00 -3.0997703E+00
2026 07 25 14 53 00 000 1.2731170E+01 1.2324859E+00 -3.0992954E+00
2026 07 25 14 54 00 000 1.2732903E+01 1.2429613E+00 -3.0987988E+00
2026 07 25 14 55 00 000 1.2734603E+01 1.2534400E+00 -3.0982807E+00
2026 07 25 14 56 00 000 1.2736273E+01 1.2639227E+00 -3.0977392E+00
2026 07 25 14 57 00 000 1.2737914E+01 1.2744067E+00 -3.0971756E+00
2026 07 25 14 58 00 000 1.2739524E+01 1.2848918E+00 -3.0965884E+00
2026 07 25 14 59 00 000 1.2741102E+01 1.2953869E+00 -3.0959806E+00
2026 07 25 15 00 00 000 1.2742651E+01 1.3058766E+00 -3.0953484E+00
2026 07 25 15 01 00 000 1.2744168E+01 1.3163730E+00 -3.0946937E+00
2026 07 25 15 02 00 000 1.2745655E+01 1.3268687E+00 -3.0940158E+00
2026 07 25 15 03 00 000 1.2747111E+01 1.3373710E+00 -3.0933163E+00
2026 07 25 15 04 00 000 1.2748536E+01 1.3478756E+00 -3.0925937E+00
2026 07 25 15 05 00 000 1.2749930E+01 1.3583812E+00 -3.0918481E+00
2026 07 25 15 06 00 000 1.2751295E+01 1.3688898E+00 -3.0910802E+00
2026 07 25 15 07 00 000 1.2752629E+01 1.3794005E+00 -3.0902886E+00
2026 07 25 15 08 00 000 1.2753931E+01 1.3899132E+00 -3.0894747E+00
2026 07 25 15 09 00 000 1.2755203E+01 1.4004250E+00 -3.0886369E+00
2026 07 25 15 10 00 000 1.2756445E+01 1.4109451E+00 -3.0877771E+00
2026 07 25 15 11 00 000 1.2757657E+01 1.4214609E+00 -3.0868936E+00
2026 07 25 15 12 00 000 1.2758837E+01 1.4319812E+00 -3.0859878E+00
2026 07 25 15 13 00 000 1.2759987E+01 1.4425038E+00 -3.0850589E+00
2026 07 25 15 14 00 000 1.2761106E+01 1.4530232E+00 -3.0841057E+00
2026 07 25 15 15 00 000 1.2762194E+01 1.4635494E+00 -3.0831313E+00
2026 07 25 15 16 00 000 1.2763252E+01 1.4740747E+00 -3.0821328E+00
2026 07 25 15 17 00 000 1.2764279E+01 1.4846022E+00 -3.0811107E+00
2026 07 25 15 18 00 000 1.2765277E+01 1.4951304E+00 -3.0800660E+00
2026 07 25 15 19 00 000 1.2766243E+01 1.5056603E+00 -3.0789983E+00
2026 07 25 15 20 00 000 1.2767179E+01 1.5161901E+00 -3.0779066E+00
2026 07 25 15 21 00 000 1.2768086E+01 1.5267178E+00 -3.0767920E+00
2026 07 25 15 22 00 000 1.2768960E+01 1.5372529E+00 -3.0756547E+00
2026 07 25 15 23 00 000 1.2769807E+01 1.5477822E+00 -3.0744932E+00
2026 07 25 15 24 00 000 1.2770620E+01 1.5583160E+00 -3.0733094E+00
2026 07 25 15 25 00 000 1.2771404E+01 1.5688474E+00 -3.0721016E+00
2026 07 25 15 26 00 000 1.2772159E+01 1.5793803E+00 -3.0708706E+00
2026 07 25 15 27 00 000 1.2772882E+01 1.5899136E+00 -3.0696163E+00
2026 07 25 15 28 00 000 1.2773574E+01 1.6004509E+00 -3.0683393E+00
2026 07 25 15 29 00 000 1.2774237E+01 1.6109821E+00 -3.0670378E+00
2026 07 25 15 30 00 000 1.2774869E+01 1.6215199E+00 -3.0657144E+00
2026 07 25 15 31 00 000 1.2775472E+01 1.6320504E+00 -3.0643661E+00
2026 07 25 15 32 00 000 1.2776043E+01 1.6425802E+00 -3.0629942E+00
2026 07 25 15 33 00 000 1.2776582E+01 1.6531172E+00 -3.0616004E+00
2026 07 25 15 34 00 000 1.2777092E+01 1.6636462E+00 -3.0601819E+00
2026 07 25 15 35 00 000 1.2777574E+01 1.6741815E+00 -3.0587411E+00
2026 07 25 15 36 00 000 1.2778024E+01 1.6847093E+00 -3.0572762E+00
2026 07 25 15 37 00 000 1.2778443E+01 1.6952374E+00 -3.0557871E+00
2026 07 25 15 38 00 000 1.2778831E+01 1.7057688E+00 -3.0542755E+00
2026 07 25 15 39 00 000 1.2779191E+01 1.7162948E+00 -3.0527401E+00
2026 07 25 15 40 00 000 1.2779518E+01 1.7268255E+00 -3.0511825E+00
2026 07 25 15 41 00 000 1.2779818E+01 1.7373490E+00 -3.0496001E+00
2026 07 25 15 42 00 000 1.2780087E+01 1.7478735E+00 -3.0479944E+00
2026 07 25 15 43 00 000 1.2780324E+01 1.7583966E+00 -3.0463655E+00
2026 07 25 15 44 00 000 1.2780532E+01 1.7689154E+00 -3.0447128E+00
2026 07 25 15 45 00 000 1.2780709E+01 1.7794365E+00 -3.0430372E+00
2026 07 25 15 46 00 000 1.2780856E+01 1.7899568E+00 -3.0413375E+00
2026 07 25 15 47 00 000 1.2780974E+01 1.8004704E+00 -3.0396142E+00
2026 07 25 15 48 00 000 1.2781061E+01 1.8109825E+00 -3.0378680E+00
2026 07 25 15 49 00 000 1.2781116E+01 1.8214989E+00 -3.0360990E+00
2026 07 25 15 50 00 000 1.2781143E+01 1.8320061E+00 -3.0343060E+00
2026 07 25 15 51 00 000 1.2781137E+01 1.8425170E+00 -3.0324895E+00
2026 07 25 15 52 00 000 1.2781105E+01 1.8530196E+00 -3.0306485E+00
2026 07 25 15 53 00 000 1.2781040E+01 1.8635222E+00 -3.0287855E+00
2026 07 25 15 54 00 000 1.2780945E+01 1.8740227E+00 -3.0268984E+00
2026 07 25 15 55 00 000 1.2780821E+01 1.8845183E+00 -3.0249882E+00
2026 07 25 15 56 00 000 1.2780663E+01 1.8950130E+00 -3.0230546E+00
2026 07 25 15 57 00 000 1.2780482E+01 1.9055047E+00 -3.0210979E+00
2026 07 25 15 58 00 000 1.2780265E+01 1.9159915E+00 -3.0191174E+00
2026 07 25 15 59 00 000 1.2780020E+01 1.9264801E+00 -3.0171134E+00
2026 07 25 16 00 00 000 1.2779743E+01 1.9369611E+00 -3.0150864E+00
2026 07 25 16 01 00 000 1.2779436E+01 1.9474409E+00 -3.0130360E+00
2026 07 25 16 02 00 000 1.2779103E+01 1.9579133E+00 -3.0109622E+00
2026 07 25 16 03 00 000 1.2778736E+01 1.9683864E+00 -3.0088656E+00
2026 07 25 16 04 00 000 1.2778338E+01 1.9788547E+00 -3.0067451E+00
2026 07 25 16 05 00 000 1.2777915E+01 1.9893180E+00 -3.0046015E+00
2026 07 25 16 06 00 000 1.2777458E+01 1.9997786E+00 -3.0024345E+00
2026 07 25 16 07 00 000 1.2776972E+01 2.0102351E+00 -3.0002446E+00
2026 07 25 16 08 00 000 1.2776454E+01 2.0206850E+00 -2.9980309E+00
2026 07 25 16 09 00 000 1.2775908E+01 2.0311334E+00 -2.9957948E+00
2026 07 25 16 10 00 000 1.2775331E+01 2.0415778E+00 -2.9935358E+00
2026 07 25 16 11 00 000 1.2774724E+01 2.0520198E+00 -2.9912541E+00
2026 07 25 16 12 00 000 1.2774087E+01 2.0624514E+00 -2.9889472E+00
2026 07 25 16 13 00 000 1.2773420E+01 2.0728817E+00 -2.9866188E+00
2026 07 25 16 14 00 000 1.2772722E+01 2.0833042E+00 -2.9842665E+00
2026 07 25 16 15 00 000 1.2771996E+01 2.0937240E+00 -2.9818916E+00
2026 07 25 16 16 00 000 1.2771239E+01 2.1041372E+00 -2.9794934E+00
2026 07 25 16 17 00 000 1.2770452E+01 2.1145504E+00 -2.9770727E+00
2026 07 25 16 18 00 000 1.2769635E+01 2.1249523E+00 -2.9746287E+00
2026 07 25 16 19 00 000 1.2768786E+01 2.1353540E+00 -2.9721627E+00
2026 07 25 16 20 00 000 1.2767908E+01 2.1457455E+00 -2.9696727E+00
2026 07 25 16 21 00 000 1.2767001E+01 2.1561370E+00 -2.9671607E+00
2026 07 25 16 22 00 000 1.2766064E+01 2.1665175E+00 -2.9646261E+00
2026 07 25 16 23 00 000 1.2765096E+01 2.1768944E+00 -2.9620676E+00
2026 07 25 16 24 00 000 1.2764099E+01 2.1872625E+00 -2.9594867E+00
2026 07 25 16 25 00 000 1.2763072E+01 2.1976266E+00 -2.9568834E+00
2026 07 25 16 26 00 000 1.2762013E+01 2.2079866E+00 -2.9542575E+00
2026 07 25 16 27 00 000 1.2760924E+01 2.2183423E+00 -2.9516096E+00
2026 07 25 16 28 00 000 1.2759808E+01 2.2286856E+00 -2.9489379E+00
2026 07 25 16 29 00 000 1.2758658E+01 2.2390301E+00 -2.9462450E+00
2026 07 25 16 30 00 000 1.2757483E+01 2.2493565E+00 -2.9435277E+00
2026 07 25 16 31 00 000 1.2756275E+01 2.2596850E+00 -2.9407897E+00
2026 07 25 16 32 00 000 1.2755036E+01 2.2700076E+00 -2.9380291E+00
2026 07 25 16 33 00 000 1.2753770E+01 2.2803180E+00 -2.9352455E+00
2026 07 25 16 34 00 000 1.2752470E+01 2.2906282E+00 -2.9324405E+00
2026 07 25 16 35 00 000 1.2751142E+01 2.3009274E+00 -2.9296124E+00
2026 07 25 16 36 00 000 1.2749784E+01 2.3112125E+00 -2.9267614E+00
2026 07 25 16 37 00 000 1.2748397E+01 2.3214974E+00 -2.9238894E+00
2026 07 25 16 38 00 000 1.2746980E+01 2.3317750E+00 -2.9209955E+00
2026 07 25 16 39 00 000 1.2745531E+01 2.3420451E+00 -2.9180791E+00
2026 07 25 16 40 00 000 1.2744054E+01 2.3523071E+00 -2.9151406E+00
2026 07 25 16 41 00 000 1.2742545E+01 2.3625586E+00 -2.9121799E+00
2026 07 25 16 42 00 000 1.2741008E+01 2.3728068E+00 -2.9091976E+00
2026 07 25 16 43 00 000 1.2739441E+01 2.3830433E+00 -2.9061935E+00
2026 07 25 16 44 00 000 1.2737843E+01 2.3932762E+00 -2.9031675E+00
2026 07 25 16 45 00 000 1.2736213E+01 2.4034979E+00 -2.9001195E+00
2026 07 25 16 46 00 000 1.2734556E+01 2.4137089E+00 -2.8970504E+00
2026 07 25 16 47 00 000 1.2732869E+01 2.4239140E+00 -2.8939588E+00
2026 07 25 16 48 00 000 1.2731152E+01 2.4341121E+00 -2.8908460E+00
2026 07 25 16 49 00 000 1.2729403E+01 2.4442971E+00 -2.8877118E+00
2026 07 25 16 50 00 000 1.2727626E+01 2.4544809E+00 -2.8845568E+00
2026 07 25 16 51 00 000 1.2725819E+01 2.4646485E+00 -2.8813796E+00
2026 07 25 16 52 00 000 1.2723980E+01 2.4748135E+00 -2.8781815E+00
2026 07 25 16 53 00 000 1.2722113E+01 2.4849625E+00 -2.8749614E+00
2026 07 25 16 54 00 000 1.2720213E+01 2.4951069E+00 -2.8717210E+00
2026 07 25 16 55 00 000 1.2718287E+01 2.5052419E+00 -2.8684585E+00
2026 07 25 16 56 00 000 1.2716328E+01 2.5153663E+00 -2.8651755E+00
2026 07 25 16 57 00 000 1.2714340E+01 2.5254836E+00 -2.8618717E+00
2026 07 25 16 58 00 000 1.2712326E+01 2.5355811E+00 -2.8585458E+00
2026 07 25 16 59 00 000 1.2710277E+01 2.5456789E+00 -2.8551998E+00
2026 07 25 17 00 00 000 1.2708200E+01 2.5557690E+00 -2.8518338E+00
2026 07 25 17 01 00 000 1.2706091E+01 2.5658429E+00 -2.8484459E+00
2026 07 25 17 02 00 000 1.2703956E+01 2.5759103E+00 -2.8450379E+00
2026 07 25 17 03 00 000 1.2701786E+01 2.5859666E+00 -2.8416092E+00
2026 07 25 17 04 00 000 1.2699589E+01 2.5960112E+00 -2.8381596E+00
2026 07 25 17 05 00 000 1.2697362E+01 2.6060500E+00 -2.8346901E+00
2026 07 25 17 06 00 000 1.2695103E+01 2.6160772E+00 -2.8312004E+00
2026 07 25 17 07 00 000 1.2692817E+01 2.6260915E+00 -2.8276894E+00
2026 07 25 17 08 00 000 1.2690499E+01 2.6360943E+00 -2.8241587E+00
2026 07 25 17 09 00 000 1.2688151E+01 2.6460905E+00 -2.8206077E+00
2026 07 25 17 10 00 000 1.2685776E+01 2.6560678E+00 -2.8170359E+00
2026 07 25 17 11 00 000 1.2683366E+01 2.6660442E+00 -2.8134460E+00
2026 07 25 17 12 00 000 1.2680928E+01 2.6760020E+00 -2.8098347E+00
2026 07 25 17 13 00 000 1.2678461E+01 2.6859546E+00 -2.8062041E+00
2026 07 25 17 14 00 000 1.2675966E+01 2.6958909E+00 -2.8025534E+00
2026 07 25 17 15 00 000 1.2673437E+01 2.7058227E+00 -2.7988839E+00
2026 07 25 17 16 00 000 1.2670879E+01 2.7157354E+00 -2.7951939E+00
2026 07 25 17 17 00 000 1.2668292E+01 2.7256403E+00 -2.7914844E+00
2026 07 25 17 18 00 000 1.2665674E+01 2.7355347E+00 -2.7877553E+00
2026 07 25 17 19 00 000 1.2663026E+01 2.7454128E+00 -2.7840068E+00
2026 07 25 17 20 00 000 1.2660350E+01 2.7552862E+00 -2.7802398E+00
2026 07 25 17 21 00 000 1.2657643E+01 2.7651405E+00 -2.7764525E+00
2026 07 25 17 22 00 000 1.2654906E+01 2.7749839E+00 -2.7726471E+00
2026 07 25 17 23 00 000 1.2652139E+01 2.7848215E+00 -2.7688227E+00
2026 07 25 17 24 00 000 1.2649340E+01 2.7946391E+00 -2.7649784E+00
2026 07 25 17 25 00 000 1.2646512E+01 2.8044503E+00 -2.7611160E+00
2026 07 25 17 26 00 000 1.2643654E+01 2.8142471E+00 -2.7572343E+00
2026 07 25 17 27 00 000 1.2640767E+01 2.8240306E+00 -2.7533345E+00
2026 07 25 17 28 00 000 1.2637850E+01 2.8338027E+00 -2.7494156E+00
2026 07 25 17 29 00 000 1.2634902E+01 2.8435624E+00 -2.7454789E+00
2026 07 25 17 30 00 000 1.2631924E+01 2.8533087E+00 -2.7415235E+00
2026 07 25 17 31 00 000 1.2628914E+01 2.8630428E+00 -2.7375495E+00
2026 07 25 17 32 00 000 1.2625876E+01 2.8727634E+00 -2.7335570E+00
2026 07 25 17 33 00 000 1.2622808E+01 2.8824685E+00 -2.7295473E+00
2026 07 25 17 34 00 000 1.2619711E+01 2.8921638E+00 -2.7255189E+00
2026 07 25 17 35 00 000 1.2616584E+01 2.9018438E+00 -2.7214730E+00
2026 07 25 17 36 00 000 1.2613423E+01 2.9115131E+00 -2.7174091E+00
2026 07 25 17 37 00 000 1.2610238E+01 2.9211638E+00 -2.7133269E+00
2026 07 25 17 38 00 000 1.2607019E+01 2.9308050E+00 -2.7092278E+00
2026 07 25 17 39 00 000 1.2603771E+01 2.9404325E+00 -2.7051110E+00
2026 07 25 17 40 00 000 1.2600492E+01 2.9500470E+00 -2.7009759E+00
2026 07 25 17 41 00 000 1.2597183E+01 2.9596469E+00 -2.6968246E+00
2026 07 25 17 42 00 000 1.2593844E+01 2.9692335E+00 -2.6926558E+00
2026 07 25 17 43 00 000 1.2590476E+01 2.9788070E+00 -2.6884699E+00
2026 07 25 17 44 00 000 1.2587077E+01 2.9883640E+00 -2.6842670E+00
2026 07 25 17 45 00 000 1.2583647E+01 2.9979098E+00 -2.6800466E+00
2026 07 25 17 46 00 000 1.2580190E+01 3.0074360E+00 -2.6758089E+00
2026 07 25 17 47 00 000 1.2576700E+01 3.0169482E+00 -2.6715553E+00
2026 07 25 17 48 00 000 1.2573179E+01 3.0264535E+00 -2.6672854E+00
2026 07 25 17 49 00 000 1.2569630E+01 3.0359399E+00 -2.6629984E+00
2026 07 25 17 50 00 000 1.2566050E+01 3.0454090E+00 -2.6586945E+00
2026 07 25 17 51 00 000 1.2562441E+01 3.0548675E+00 -2.6543751E+00
2026 07 25 17 52 00 000 1.2558801E+01 3.0643106E+00 -2.6500390E+00
2026 07 25 17 53 00 000 1.2555130E+01 3.0737393E+00 -2.6456871E+00
2026 07 25 17 54 00 000 1.2551431E+01 3.0831528E+00 -2.6413188E+00
2026 07 25 17 55 00 000 1.2547699E+01 3.0925500E+00 -2.6369345E+00
2026 07 25 17 56 00 000 1.2543940E+01 3.1019349E+00 -2.6325357E+00
2026 07 25 17 57 00 000 1.2540148E+01 3.1113000E+00 -2.6281197E+00
2026 07 25 17 58 00 000 1.2536326E+01 3.1206529E+00 -2.6236882E+00
2026 07 25 17 59 00 000 1.2532475E+01 3.1299930E+00 -2.6192412E+00
2026 07 25 18 00 00 000 1.2528595E+01 3.1393123E+00 -2.6147792E+00
2026 07 25 18 01 00 000 1.2524685E+01 3.1486166E+00 -2.6103020E+00
2026 07 25 18 02 00 000 1.2520741E+01 3.1579084E+00 -2.6058099E+00
2026 07 25 18 03 00 000 1.2516769E+01 3.1671839E+00 -2.6013021E+00
2026 07 25 18 04 00 000 1.2512767E+01 3.1764438E+00 -2.5967801E+00
2026 07 25 18 05 00 000 1.2508734E+01 3.1856883E+00 -2.5922422E+00
2026 07 25 18 06 00 000 1.2504671E+01 3.1949174E+00 -2.5876908E+00
2026 07 25 18 07 00 000 1.2500579E+01 3.2041278E+00 -2.5831242E+00
2026 07 25 18 08 00 000 1.2496455E+01 3.2133236E+00 -2.5785432E+00
2026 07 25 18 09 00 000 1.2492302E+01 3.2225046E+00 -2.5739474E+00
2026 07 25 18 10 00 000 1.2488115E+01 3.2316725E+00 -2.5693378E+00
2026 07 25 18 11 00 000 1.2483903E+01 3.2408171E+00 -2.5647140E+00
2026 07 25 18 12 00 000 1.2479659E+01 3.2499528E+00 -2.5600762E+00
2026 07 25 18 13 00 000 1.2475383E+01 3.2590649E+00 -2.5554245E+00
2026 07 25 18 14 00 000 1.2471079E+01 3.2681615E+00 -2.5507586E+00
2026 07 25 18 15 00 000 1.2466742E+01 3.2772481E+00 -2.5460799E+00
2026 07 25 18 16 00 000 1.2462376E+01 3.2863133E+00 -2.5413868E+00
2026 07 25 18 17 00 000 1.2457982E+01 3.2953603E+00 -2.5366802E+00
2026 07 25 18 18 00 000 1.2453554E+01 3.3043928E+00 -2.5319610E+00
2026 07 25 18 19 00 000 1.2449100E+01 3.3134062E+00 -2.5272281E+00
2026 07 25 18 20 00 000 1.2444610E+01 3.3224087E+00 -2.5224822E+00
2026 07 25 18 21 00 000 1.2440094E+01 3.3313880E+00 -2.5177228E+00
2026 07 25 18 22 00 000 1.2435545E+01 3.3403556E+00 -2.5129509E+00
2026 07 25 18 23 00 000 1.2430965E+01 3.3493047E+00 -2.5081666E+00
2026 07 25 18 24 00 000 1.2426358E+01 3.3582304E+00 -2.5033696E+00
2026 07 25 18 25 00 000 1.2421718E+01 3.3671467E+00 -2.4985595E+00
2026 07 25 18 26 00 000 1.2417049E+01 3.3760412E+00 -2.4937372E+00
2026 07 25 18 27 00 000 1.2412350E+01 3.3849235E+00 -2.4889030E+00
2026 07 25 18 28 00 000 1.2407618E+01 3.3937857E+00 -2.4840567E+00
2026 07 25 18 29 00 000 1.2402857E+01 3.4026277E+00 -2.4791977E+00
2026 07 25 18 30 00 000 1.2398065E+01 3.4114544E+00 -2.4743273E+00
2026 07 25 18 31 00 000 1.2393243E+01 3.4202640E+00 -2.4694448E+00
2026 07 25 18 32 00 000 1.2388391E+01 3.4290559E+00 -2.4645512E+00
2026 07 25 18 33 00 000 1.2383507E+01 3.4378304E+00 -2.4596453E+00
2026 07 25 18 34 00 000 1.2378594E+01 3.4465866E+00 -2.4547284E+00
2026 07 25 18 35 00 000 1.2373650E+01 3.4553246E+00 -2.4498003E+00
2026 07 25 18 36 00 000 1.2368676E+01 3.4640439E+00 -2.4448607E+00
2026 07 25 18 37 00 000 1.2363668E+01 3.4727497E+00 -2.4399102E+00
2026 07 25 18 38 00 000 1.2358636E+01 3.4814317E+00 -2.4349487E+00
2026 07 25 18 39 00 000 1.2353567E+01 3.4901016E+00 -2.4299762E+00
2026 07 25 18 40 00 000 1.2348473E+01 3.4987442E+00 -2.4249933E+00
2026 07 25 18 41 00 000 1.2343346E+01 3.5073750E+00 -2.4199996E+00
2026 07 25 18 42 00 000 1.2338186E+01 3.5159876E+00 -2.4149954E+00
2026 07 25 18 43 00 000 1.2332998E+01 3.5245817E+00 -2.4099813E+00
2026 07 25 18 44 00 000 1.2327779E+01 3.5331583E+00 -2.4049566E+00
2026 07 25 18 45 00 000 1.2322530E+01 3.5417159E+00 -2.3999221E+00
2026 07 25 18 46 00 000 1.2317249E+01 3.5502512E+00 -2.3948774E+00
2026 07 25 18 47 00 000 1.2311937E+01 3.5587709E+00 -2.3898227E+00
2026 07 25 18 48 00 000 1.2306596E+01 3.5672739E+00 -2.3847585E+00
2026 07 25 18 49 00 000 1.2301222E+01 3.5757596E+00 -2.3796847E+00
2026 07 25 18 50 00 000 1.2295819E+01 3.5842223E+00 -2.3746016E+00
2026 07 25 18 51 00 000 1.2290384E+01 3.5926654E+00 -2.3695092E+00
2026 07 25 18 52 00 000 1.2284920E+01 3.6010966E+00 -2.3644073E+00
2026 07 25 18 53 00 000 1.2279424E+01 3.6095026E+00 -2.3592966E+00
2026 07 25 18 54 00 000 1.2273900E+01 3.6178944E+00 -2.3541765E+00
2026 07 25 18 55 00 000 1.2268341E+01 3.6262667E+00 -2.3490479E+00
2026 07 25 18 56 00 000 1.2262753E+01 3.6346154E+00 -2.3439102E+00
2026 07 25 18 57 00 000 1.2257135E+01 3.6429479E+00 -2.3387644E+00
2026 07 25 18 58 00 000 1.2251485E+01 3.6512618E+00 -2.3336098E+00
2026 07 25 18 59 00 000 1.2245804E+01 3.6595600E+00 -2.3284473E+00
2026 07 25 19 00 00 000 1.2240094E+01 3.6678324E+00 -2.3232763E+00
2026 07 25 19 01 00 000 1.2234354E+01 3.6760848E+00 -2.3180952E+00
2026 07 25 19 02 00 000 1.2228580E+01 3.6843250E+00 -2.3129079E+00
2026 07 25 19 03 00 000 1.2222775E+01 3.6925442E+00 -2.3077135E+00
2026 07 25 19 04 00 000 1.2216941E+01 3.7007387E+00 -2.3025103E+00
2026 07 25 19 05 00 000 1.2211078E+01 3.7089186E+00 -2.2973001E+00
2026 07 25 19 06 00 000 1.2205180E+01 3.7170787E+00 -2.2920825E+00
2026 07 25 19 07 00 000 1.2199254E+01 3.7252185E+00 -2.2868576E+00
2026 07 25 19 08 00 000 1.2193293E+01 3.7333412E+00 -2.2816253E+00
2026 07 25 19 09 00 000 1.2187303E+01 3.7414455E+00 -2.2763855E+00
2026 07 25 19 10 00 000 1.2181283E+01 3.7495255E+00 -2.2711394E+00
2026 07 25 19 11 00 000 1.2175234E+01 3.7575843E+00 -2.2658861E+00
2026 07 25 19 12 00 000 1.2169152E+01 3.7656271E+00 -2.2606261E+00
2026 07 25 19 13 00 000 1.2163038E+01 3.7736502E+00 -2.2553596E+00
2026 07 25 19 14 00 000 1.2156891E+01 3.7816565E+00 -2.2500870E+00
2026 07 25 19 15 00 000 1.2150716E+01 3.7896383E+00 -2.2448077E+00
2026 07 25 19 16 00 000 1.2144509E+01 3.7976053E+00 -2.2395225E+00
2026 07 25 19 17 00 000 1.2138273E+01 3.8055465E+00 -2.2342300E+00
2026 07 25 19 18 00 000 1.2132006E+01 3.8134675E+00 -2.2289326E+00
2026 07 25 19 19 00 000 1.2125704E+01 3.8213756E+00 -2.2236292E+00
2026 07 25 19 20 00 000 1.2119374E+01 3.8292596E+00 -2.2183204E+00
2026 07 25 19 21 00 000 1.2113012E+01 3.8371215E+00 -2.2130055E+00
2026 07 25 19 22 00 000 1.2106620E+01 3.8449662E+00 -2.2076848E+00
2026 07 25 19 23 00 000 1.2100194E+01 3.8527877E+00 -2.2023594E+00
2026 07 25 19 24 00 000 1.2093738E+01 3.8605952E+00 -2.1970286E+00
2026 07 25 19 25 00 000 1.2087251E+01 3.8683794E+00 -2.1916928E+00
2026 07 25 19 26 00 000 1.2080732E+01 3.8761425E+00 -2.1863523E+00
2026 07 25 19 27 00 000 1.2074183E+01 3.8838880E+00 -2.1810064E+00
2026 07 25 19 28 00 000 1.2067604E+01 3.8916075E+00 -2.1756561E+00
2026 07 25 19 29 00 000 1.2060989E+01 3.8993125E+00 -2.1703012E+00
2026 07 25 19 30 00 000 1.2054347E+01 3.9069974E+00 -2.1649415E+00
2026 07 25 19 31 00 000 1.2047671E+01 3.9146569E+00 -2.1595774E+00
2026 07 25 19 32 00 000 1.2040964E+01 3.9223039E+00 -2.1542091E+00
2026 07 25 19 33 00 000 1.2034228E+01 3.9299226E+00 -2.1488369E+00
2026 07 25 19 34 00 000 1.2027458E+01 3.9375250E+00 -2.1434612E+00
2026 07 25 19 35 00 000 1.2020658E+01 3.9451070E+00 -2.1380811E+00
2026 07 25 19 36 00 000 1.2013826E+01 3.9526699E+00 -2.1326971E+00
2026 07 25 19 37 00 000 1.2006963E+01 3.9602103E+00 -2.1273096E+00
2026 07 25 19 38 00 000 1.2000069E+01 3.9677308E+00 -2.1219189E+00
2026 07 25 19 39 00 000 1.1993144E+01 3.9752274E+00 -2.1165240E+00
2026 07 25 19 40 00 000 1.1986185E+01 3.9827073E+00 -2.1111264E+00
2026 07 25 19 41 00 000 1.1979194E+01 3.9901686E+00 -2.1057258E+00
2026 07 25 19 42 00 000 1.1972175E+01 3.9976048E+00 -2.1003225E+00
2026 07 25 19 43 00 000 1.1965124E+01 4.0050192E+00 -2.0949156E+00
2026 07 25 19 44 00 000 1.1958037E+01 4.0124207E+00 -2.0895061E+00
2026 07 25 19 45 00 000 1.1950923E+01 4.0197935E+00 -2.0840940E+00
2026 07 25 19 46 00 000 1.1943776E+01 4.0271492E+00 -2.0786798E+00
2026 07 25 19 47 00 000 1.1936598E+01 4.0344849E+00 -2.0732627E+00
2026 07 25 19 48 00 000 1.1929386E+01 4.0418024E+00 -2.0678432E+00
2026 07 25 19 49 00 000 1.1922145E+01 4.0490932E+00 -2.0624216E+00
2026 07 25 19 50 00 000 1.1914870E+01 4.0563636E+00 -2.0569985E+00
2026 07 25 19 51 00 000 1.1907563E+01 4.0636191E+00 -2.0515726E+00
2026 07 25 19 52 00 000 1.1900228E+01 4.0708480E+00 -2.0461454E+00
2026 07 25 19 53 00 000 1.1892857E+01 4.0780606E+00 -2.0407164E+00
2026 07 25 19 54 00 000 1.1885456E+01 4.0852480E+00 -2.0352857E+00
2026 07 25 19 55 00 000 1.1878023E+01 4.0924196E+00 -2.0298538E+00
2026 07 25 19 56 00 000 1.1870559E+01 4.0995641E+00 -2.0244200E+00
2026 07 25 19 57 00 000 1.1863061E+01 4.1066890E+00 -2.0189857E+00
2026 07 25 19 58 00 000 1.1855534E+01 4.1137996E+00 -2.0135498E+00
2026 07 25 19 59 00 000 1.1847972E+01 4.1208844E+00 -2.0081131E+00
2026 07 25 20 00 00 000 1.1840382E+01 4.1279459E+00 -2.0026753E+00
2026 07 25 20 01 00 000 1.1832757E+01 4.1349902E+00 -1.9972372E+00
2026 07 25 20 02 00 000 1.1825100E+01 4.1420155E+00 -1.9917980E+00
2026 07 25 20 03 00 000 1.1817413E+01 4.1490130E+00 -1.9863583E+00
2026 07 25 20 04 00 000 1.1809694E+01 4.1559920E+00 -1.9809185E+00
2026 07 25 20 05 00 000 1.1801939E+01 4.1629539E+00 -1.9754778E+00
2026 07 25 20 06 00 000 1.1794156E+01 4.1698895E+00 -1.9700375E+00
2026 07 25 20 07 00 000 1.1786340E+01 4.1768103E+00 -1.9645970E+00
2026 07 25 20 08 00 000 1.1778492E+01 4.1837049E+00 -1.9591560E+00
2026 07 25 20 09 00 000 1.1770610E+01 4.1905808E+00 -1.9537158E+00
2026 07 25 20 10 00 000 1.1762698E+01 4.1974301E+00 -1.9482760E+00
2026 07 25 20 11 00 000 1.1754754E+01 4.2042646E+00 -1.9428362E+00
2026 07 25 20 12 00 000 1.1746777E+01 4.2110753E+00 -1.9373969E+00
2026 07 25 20 13 00 000 1.1738765E+01 4.2178702E+00 -1.9319582E+00
2026 07 25 20 14 00 000 1.1730724E+01 4.2246366E+00 -1.9265199E+00
2026 07 25 20 15 00 000 1.1722651E+01 4.2313843E+00 -1.9210825E+00
2026 07 25 20 16 00 000 1.1714544E+01 4.2381134E+00 -1.9156463E+00
2026 07 25 20 17 00 000 1.1706406E+01 4.2448187E+00 -1.9102110E+00
2026 07 25 20 18 00 000 1.1698235E+01 4.2515049E+00 -1.9047771E+00
2026 07 25 20 19 00 000 1.1690031E+01 4.2581677E+00 -1.8993438E+00
2026 07 25 20 20 00 000 1.1681794E+01 4.2648110E+00 -1.8939128E+00
2026 07 25 20 21 00 000 1.1673528E+01 4.2714286E+00 -1.8884826E+00
2026 07 25 20 22 00 000 1.1665226E+01 4.2780304E+00 -1.8830544E+00
2026 07 25 20 23 00 000 1.1656894E+01 4.2846093E+00 -1.8776276E+00
2026 07 25 20 24 00 000 1.1648526E+01 4.2911696E+00 -1.8722023E+00
2026 07 25 20 25 00 000 1.1640130E+01 4.2977004E+00 -1.8667798E+00
2026 07 25 20 26 00 000 1.1631699E+01 4.3042169E+00 -1.8613588E+00
2026 07 25 20 27 00 000 1.1623237E+01 4.3107104E+00 -1.8559395E+00
2026 07 25 20 28 00 000 1.1614739E+01 4.3171830E+00 -1.8505225E+00
2026 07 25 20 29 00 000 1.1606213E+01 4.3236346E+00 -1.8451083E+00
2026 07 25 20 30 00 000 1.1597649E+01 4.3300657E+00 -1.8396966E+00
2026 07 25 20 31 00 000 1.1589056E+01 4.3364735E+00 -1.8342872E+00
2026 07 25 20 32 00 000 1.1580429E+01 4.3428555E+00 -1.8288805E+00
2026 07 25 20 33 00 000 1.1571770E+01 4.3492246E+00 -1.8234764E+00
2026 07 25 20 34 00 000 1.1563076E+01 4.3555722E+00 -1.8180747E+00
2026 07 25 20 35 00 000 1.1554353E+01 4.3618932E+00 -1.8126765E+00
2026 07 25 20 36 00 000 1.1545595E+01 4.3681984E+00 -1.8072809E+00
2026 07 25 20 37 00 000 1.1536802E+01 4.3744769E+00 -1.8018892E+00
2026 07 25 20 38 00 000 1.1527980E+01 4.3807325E+00 -1.7965007E+00
2026 07 25 20 39 00 000 1.1519122E+01 4.3869739E+00 -1.7911148E+00
2026 07 25 20 40 00 000 1.1510232E+01 4.3931880E+00 -1.7857326E+00
2026 07 25 20 41 00 000 1.1501309E+01 4.3993864E+00 -1.7803540E+00
2026 07 25 20 42 00 000 1.1492353E+01 4.4055610E+00 -1.7749788E+00
2026 07 25 20 43 00 000 1.1483367E+01 4.4117074E+00 -1.7696081E+00
2026 07 25 20 44 00 000 1.1474344E+01 4.4178414E+00 -1.7642404E+00
2026 07 25 20 45 00 000 1.1465292E+01 4.4239483E+00 -1.7588775E+00
2026 07 25 20 46 00 000 1.1456202E+01 4.4300399E+00 -1.7535180E+00
2026 07 25 20 47 00 000 1.1447082E+01 4.4361038E+00 -1.7481632E+00
2026 07 25 20 48 00 000 1.1437929E+01 4.4421473E+00 -1.7428119E+00
2026 07 25 20 49 00 000 1.1428740E+01 4.4481745E+00 -1.7374651E+00
2026 07 25 20 50 00 000 1.1419520E+01 4.4541736E+00 -1.7321230E+00
2026 07 25 20 51 00 000 1.1410265E+01 4.4601560E+00 -1.7267852E+00
2026 07 25 20 52 00 000 1.1400977E+01 4.4661193E+00 -1.7214519E+00
2026 07 25 20 53 00 000 1.1391658E+01 4.4720545E+00 -1.7161235E+00
2026 07 25 20 54 00 000 1.1382303E+01 4.4779716E+00 -1.7108002E+00
2026 07 25 20 55 00 000 1.1372916E+01 4.4838672E+00 -1.7054813E+00
2026 07 25 20 56 00 000 1.1363494E+01 4.4897413E+00 -1.7001675E+00
2026 07 25 20 57 00 000 1.1354041E+01 4.4955945E+00 -1.6948584E+00
2026 07 25 20 58 00 000 1.1344551E+01 4.5014300E+00 -1.6895543E+00
2026 07 25 20 59 00 000 1.1335032E+01 4.5072370E+00 -1.6842567E+00
2026 07 25 21 00 00 000 1.1325477E+01 4.5130248E+00 -1.6789634E+00
2026 07 25 21 01 00 000 1.1315888E+01 4.5187893E+00 -1.6736763E+00
2026 07 25 21 02 00 000 1.1306265E+01 4.5245380E+00 -1.6683940E+00
2026 07 25 21 03 00 000 1.1296609E+01 4.5302620E+00 -1.6631171E+00
2026 07 25 21 04 00 000 1.1286921E+01 4.5359612E+00 -1.6578466E+00
2026 07 25 21 05 00 000 1.1277195E+01 4.5416460E+00 -1.6525815E+00
2026 07 25 21 06 00 000 1.1267441E+01 4.5472994E+00 -1.6473227E+00
2026 07 25 21 07 00 000 1.1257648E+01 4.5529380E+00 -1.6420693E+00
2026 07 25 21 08 00 000 1.1247825E+01 4.5585542E+00 -1.6368222E+00
2026 07 25 21 09 00 000 1.1237966E+01 4.5641508E+00 -1.6315817E+00
2026 07 25 21 10 00 000 1.1228073E+01 4.5697241E+00 -1.6263461E+00
2026 07 25 21 11 00 000 1.1218149E+01 4.5752745E+00 -1.6211181E+00
2026 07 25 21 12 00 000 1.1208186E+01 4.5808082E+00 -1.6158956E+00
2026 07 25 21 13 00 000 1.1198192E+01 4.5863166E+00 -1.6106797E+00
2026 07 25 21 14 00 000 1.1188165E+01 4.5918026E+00 -1.6054704E+00
2026 07 25 21 15 00 000 1.1178102E+01 4.5972686E+00 -1.6002678E+00
2026 07 25 21 16 00 000 1.1168006E+01 4.6027150E+00 -1.5950723E+00
2026 07 25 21 17 00 000 1.1157873E+01 4.6081376E+00 -1.5898827E+00
2026 07 25 21 18 00 000 1.1147711E+01 4.6135383E+00 -1.5847005E+00
2026 07 25 21 19 00 000 1.1137509E+01 4.6189218E+00 -1.5795248E+00
2026 07 25 21 20 00 000 1.1127275E+01 4.6242785E+00 -1.5743569E+00
2026 07 25 21 21 00 000 1.1117010E+01 4.6296129E+00 -1.5691956E+00
2026 07 25 21 22 00 000 1.1106707E+01 4.6349292E+00 -1.5640417E+00
2026 07 25 21 23 00 000 1.1096371E+01 4.6402230E+00 -1.5588946E+00
2026 07 25 21 24 00 000 1.1085999E+01 4.6454964E+00 -1.5537554E+00
2026 07 25 21 25 00 000 1.1075595E+01 4.6507473E+00 -1.5486231E+00
2026 07 25 21 26 00 000 1.1065156E+01 4.6559782E+00 -1.5434985E+00
2026 07 25 21 27 00 000 1.1054680E+01 4.6611867E+00 -1.5383812E+00
2026 07 25 21 28 00 000 1.1044173E+01 4.6663704E+00 -1.5332719E+00
2026 07 25 21 29 00 000 1.1033630E+01 4.6715336E+00 -1.5281703E+00
2026 07 25 21 30 00 000 1.1023052E+01 4.6766791E+00 -1.5230762E+00
2026 07 25 21 31 00 000 1.1012438E+01 4.6818018E+00 -1.5179900E+00
2026 07 25 21 32 00 000 1.1001790E+01 4.6869030E+00 -1.5129113E+00
2026 07 25 21 33 00 000 1.0991110E+01 4.6919818E+00 -1.5078411E+00
2026 07 25 21 34 00 000 1.0980392E+01 4.6970387E+00 -1.5027790E+00
2026 07 25 21 35 00 000 1.0969641E+01 4.7020721E+00 -1.4977252E+00
2026 07 25 21 36 00 000 1.0958854E+01 4.7070870E+00 -1.4926789E+00
2026 07 25 21 37 00 000 1.0948031E+01 4.7120805E+00 -1.4876411E+00
2026 07 25 21 38 00 000 1.0937175E+01 4.7170515E+00 -1.4826117E+00
2026 07 25 21 39 00 000 1.0926284E+01 4.7220006E+00 -1.4775907E+00
2026 07 25 21 40 00 000 1.0915357E+01 4.7269301E+00 -1.4725780E+00
2026 07 25 21 41 00 000 1.0904395E+01 4.7318358E+00 -1.4675741E+00
2026 07 25 21 42 00 000 1.0893400E+01 4.7367191E+00 -1.4625791E+00
2026 07 25 21 43 00 000 1.0882366E+01 4.7415857E+00 -1.4575922E+00
2026 07 25 21 44 00 000 1.0871299E+01 4.7464271E+00 -1.4526139E+00
2026 07 25 21 45 00 000 1.0860198E+01 4.7512474E+00 -1.4476447E+00
2026 07 25 21 46 00 000 1.0849060E+01 4.7560420E+00 -1.4426847E+00
2026 07 25 21 47 00 000 1.0837887E+01 4.7608209E+00 -1.4377329E+00
2026 07 25 21 48 00 000 1.0826679E+01 4.7655783E+00 -1.4327904E+00
2026 07 25 21 49 00 000 1.0815435E+01 4.7703080E+00 -1.4278572E+00
2026 07 25 21 50 00 000 1.0804155E+01 4.7750211E+00 -1.4229330E+00
2026 07 25 21 51 00 000 1.0792842E+01 4.7797108E+00 -1.4180175E+00
2026 07 25 21 52 00 000 1.0781493E+01 4.7843771E+00 -1.4131116E+00
2026 07 25 21 53 00 000 1.0770105E+01 4.7890272E+00 -1.4082149E+00
2026 07 25 21 54 00 000 1.0758684E+01 4.7936535E+00 -1.4033269E+00
2026 07 25 21 55 00 000 1.0747228E+01 4.7982578E+00 -1.3984493E+00
2026 07 25 21 56 00 000 1.0735734E+01 4.8028412E+00 -1.3935804E+00
2026 07 25 21 57 00 000 1.0724208E+01 4.8073964E+00 -1.3887218E+00
2026 07 25 21 58 00 000 1.0712644E+01 4.8119369E+00 -1.3838723E+00
2026 07 25 21 59 00 000 1.0701040E+01 4.8164573E+00 -1.3790318E+00
2026 07 25 22 00 00 000 1.0689405E+01 4.8209519E+00 -1.3742021E+00
2026 07 25 22 01 00 000 1.0677732E+01 4.8254256E+00 -1.3693815E+00
2026 07 25 22 02 00 000 1.0666026E+01 4.8298755E+00 -1.3645706E+00
2026 07 25 22 03 00 000 1.0654282E+01 4.8343067E+00 -1.3597702E+00
2026 07 25 22 04 00 000 1.0642501E+01 4.8387151E+00 -1.3549790E+00
2026 07 25 22 05 00 000 1.0630685E+01 4.8431067E+00 -1.3501976E+00
2026 07 25 22 06 00 000 1.0618832E+01 4.8474698E+00 -1.3454266E+00
2026 07 25 22 07 00 000 1.0606943E+01 4.8518162E+00 -1.3406649E+00
2026 07 25 22 08 00 000 1.0595020E+01 4.8561339E+00 -1.3359146E+00
2026 07 25 22 09 00 000 1.0583058E+01 4.8604369E+00 -1.3311735E+00
2026 07 25 22 10 00 000 1.0571062E+01 4.8647127E+00 -1.3264431E+00
2026 07 25 22 11 00 000 1.0559026E+01 4.8689718E+00 -1.3217223E+00
2026 07 25 22 12 00 000 1.0546955E+01 4.8732080E+00 -1.3170122E+00
2026 07 25 22 13 00 000 1.0534849E+01 4.8774199E+00 -1.3123122E+00
2026 07 25 22 14 00 000 1.0522705E+01 4.8816099E+00 -1.3076229E+00
2026 07 25 22 15 00 000 1.0510527E+01 4.8857775E+00 -1.3029441E+00
2026 07 25 22 16 00 000 1.0498309E+01 4.8899260E+00 -1.2982754E+00
2026 07 25 22 17 00 000 1.0486053E+01 4.8940544E+00 -1.2936170E+00
2026 07 25 22 18 00 000 1.0473764E+01 4.8981571E+00 -1.2889695E+00
2026 07 25 22 19 00 000 1.0461436E+01 4.9022422E+00 -1.2843322E+00
2026 07 25 22 20 00 000 1.0449074E+01 4.9062996E+00 -1.2797061E+00
2026 07 25 22 21 00 000 1.0436671E+01 4.9103384E+00 -1.2750902E+00
2026 07 25 22 22 00 000 1.0424234E+01 4.9143548E+00 -1.2704853E+00
2026 07 25 22 23 00 000 1.0411757E+01 4.9183526E+00 -1.2658908E+00
2026 07 25 22 24 00 000 1.0399245E+01 4.9223232E+00 -1.2613072E+00
2026 07 25 22 25 00 000 1.0386699E+01 4.9262714E+00 -1.2567350E+00
2026 07 25 22 26 00 000 1.0374111E+01 4.9302030E+00 -1.2521729E+00
2026 07 25 22 27 00 000 1.0361486E+01 4.9341078E+00 -1.2476223E+00
2026 07 25 22 28 00 000 1.0348825E+01 4.9379959E+00 -1.2430820E+00
2026 07 25 22 29 00 000 1.0336129E+01 4.9418569E+00 -1.2385533E+00
2026 07 25 22 30 00 000 1.0323393E+01 4.9456949E+00 -1.2340355E+00
2026 07 25 22 31 00 000 1.0310621E+01 4.9495144E+00 -1.2295287E+00
2026 07 25 22 32 00 000 1.0297811E+01 4.9533119E+00 -1.2250329E+00
2026 07 25 22 33 00 000 1.0284961E+01 4.9570894E+00 -1.2205480E+00
2026 07 25 22 34 00 000 1.0272076E+01 4.9608397E+00 -1.2160745E+00
2026 07 25 22 35 00 000 1.0259152E+01 4.9645710E+00 -1.2116122E+00
2026 07 25 22 36 00 000 1.0246191E+01 4.9682798E+00 -1.2071609E+00
2026 07 25 22 37 00 000 1.0233192E+01 4.9719663E+00 -1.2027208E+00
2026 07 25 22 38 00 000 1.0220154E+01 4.9756308E+00 -1.1982921E+00
2026 07 25 22 39 00 000 1.0207082E+01 4.9792709E+00 -1.1938754E+00
2026 07 25 22 40 00 000 1.0193967E+01 4.9828935E+00 -1.1894690E+00
2026 07 25 22 41 00 000 1.0180818E+01 4.9864893E+00 -1.1850746E+00
2026 07 25 22 42 00 000 1.0167627E+01 4.9900675E+00 -1.1806910E+00
2026 07 25 22 43 00 000 1.0154402E+01 4.9936190E+00 -1.1763195E+00
2026 07 25 22 44 00 000 1.0141137E+01 4.9971466E+00 -1.1719593E+00
2026 07 25 22 45 00 000 1.0127833E+01 5.0006590E+00 -1.1676100E+00
2026 07 25 22 46 00 000 1.0114492E+01 5.0041423E+00 -1.1632726E+00
2026 07 25 22 47 00 000 1.0101112E+01 5.0076098E+00 -1.1589468E+00
2026 07 25 22 48 00 000 1.0087693E+01 5.0110512E+00 -1.1546320E+00
2026 07 25 22 49 00 000 1.0074237E+01 5.0144706E+00 -1.1503295E+00
2026 07 25 22 50 00 000 1.0060742E+01 5.0178661E+00 -1.1460388E+00
2026 07 25 22 51 00 000 1.0047208E+01 5.0212402E+00 -1.1417588E+00
2026 07 25 22 52 00 000 1.0033635E+01 5.0245929E+00 -1.1374909E+00
2026 07 25 22 53 00 000 1.0020024E+01 5.0279202E+00 -1.1332350E+00
2026 07 25 22 54 00 000 1.0006372E+01 5.0312290E+00 -1.1289901E+00
2026 07 25 22 55 00 000 9.9926853E+00 5.0345116E+00 -1.1247575E+00
2026 07 25 22 56 00 000 9.9789572E+00 5.0377746E+00 -1.1205361E+00
2026 07 25 22 57 00 000 9.9651899E+00 5.0410142E+00 -1.1163267E+00
2026 07 25 22 58 00 000 9.9513826E+00 5.0442333E+00 -1.1121286E+00
2026 07 25 22 59 00 000 9.9375381E+00 5.0474243E+00 -1.1079428E+00
2026 07 25 23 00 00 000 9.9236565E+00 5.0505962E+00 -1.1037692E+00
2026 07 25 23 01 00 000 9.9097309E+00 5.0537462E+00 -1.0996065E+00
2026 07 25 23 02 00 000 9.8957682E+00 5.0568709E+00 -1.0954558E+00
2026 07 25 23 03 00 000 9.8817654E+00 5.0599747E+00 -1.0913167E+00
2026 07 25 23 04 00 000 9.8677254E+00 5.0630550E+00 -1.0871903E+00
2026 07 25 23 05 00 000 9.8536434E+00 5.0661125E+00 -1.0830753E+00
2026 07 25 23 06 00 000 9.8395233E+00 5.0691476E+00 -1.0789721E+00
2026 07 25 23 07 00 000 9.8253632E+00 5.0721593E+00 -1.0748806E+00
2026 07 25 23 08 00 000 9.8111629E+00 5.0751500E+00 -1.0708016E+00
2026 07 25 23 09 00 000 9.7969227E+00 5.0781155E+00 -1.0667338E+00
2026 07 25 23 10 00 000 9.7826433E+00 5.0810590E+00 -1.0626781E+00
2026 07 25 23 11 00 000 9.7683239E+00 5.0839777E+00 -1.0586350E+00
2026 07 25 23 12 00 000 9.7539644E+00 5.0868745E+00 -1.0546030E+00
2026 07 25 23 13 00 000 9.7395649E+00 5.0897479E+00 -1.0505835E+00
2026 07 25 23 14 00 000 9.7251263E+00 5.0925975E+00 -1.0465757E+00
2026 07 25 23 15 00 000 9.7106457E+00 5.0954270E+00 -1.0425794E+00
2026 07 25 23 16 00 000 9.6961269E+00 5.0982299E+00 -1.0385959E+00
2026 07 25 23 17 00 000 9.6815662E+00 5.1010108E+00 -1.0346236E+00
2026 07 25 23 18 00 000 9.6669664E+00 5.1037693E+00 -1.0306637E+00
2026 07 25 23 19 00 000 9.6523237E+00 5.1065049E+00 -1.0267154E+00
2026 07 25 23 20 00 000 9.6376419E+00 5.1092157E+00 -1.0227796E+00
2026 07 25 23 21 00 000 9.6229219E+00 5.1119032E+00 -1.0188559E+00
2026 07 25 23 22 00 000 9.6081572E+00 5.1145687E+00 -1.0149434E+00
2026 07 25 23 23 00 000 9.5933533E+00 5.1172104E+00 -1.0110432E+00
2026 07 25 23 24 00 000 9.5785084E+00 5.1198277E+00 -1.0071552E+00
2026 07 25 23 25 00 000 9.5636234E+00 5.1224208E+00 -1.0032791E+00
2026 07 25 23 26 00 000 9.5486975E+00 5.1249924E+00 -9.9941444E-01
2026 07 25 23 27 00 000 9.5337305E+00 5.1275368E+00 -9.9556279E-01
2026 07 25 23 28 00 000 9.5187197E+00 5.1300631E+00 -9.9172193E-01
2026 07 25 23 29 00 000 9.5036716E+00 5.1325622E+00 -9.8789406E-01
2026 07 25 23 30 00 000 9.4885798E+00 5.1350374E+00 -9.8407781E-01
2026 07 25 23 31 00 000 9.4734478E+00 5.1374865E+00 -9.8027349E-01
2026 07 25 23 32 00 000 9.4582758E+00 5.1399136E+00 -9.7648108E-01
2026 07 25 23 33 00 000 9.4430590E+00 5.1423182E+00 -9.7270072E-01
2026 07 25 23 34 00 000 9.4278011E+00 5.1446991E+00 -9.6893227E-01
2026 07 25 23 35 00 000 9.4125042E+00 5.1470547E+00 -9.6517551E-01
2026 07 25 23 36 00 000 9.3971643E+00 5.1493864E+00 -9.6143132E-01
2026 07 25 23 37 00 000 9.3817825E+00 5.1516919E+00 -9.5769864E-01
2026 07 25 23 38 00 000 9.3663568E+00 5.1539783E+00 -9.5397758E-01
2026 07 25 23 39 00 000 9.3508921E+00 5.1562357E+00 -9.5026886E-01
2026 07 25 23 40 00 000 9.3353825E+00 5.1584725E+00 -9.4657147E-01
2026 07 25 23 41 00 000 9.3198328E+00 5.1606812E+00 -9.4288695E-01
2026 07 25 23 42 00 000 9.3042412E+00 5.1628652E+00 -9.3921399E-01
2026 07 25 23 43 00 000 9.2886057E+00 5.1650300E+00 -9.3555224E-01
2026 07 25 23 44 00 000 9.2729282E+00 5.1671705E+00 -9.3190241E-01
2026 07 25 23 45 00 000 9.2572098E+00 5.1692786E+00 -9.2826533E-01
2026 07 25 23 46 00 000 9.2414474E+00 5.1713681E+00 -9.2463928E-01
2026 07 25 23 47 00 000 9.2256413E+00 5.1734328E+00 -9.2102534E-01
2026 07 25 23 48 00 000 9.2097950E+00 5.1754704E+00 -9.1742319E-01
2026 07 25 23 49 00 000 9.1939039E+00 5.1774869E+00 -9.1383272E-01
2026 07 25 23 50 00 000 9.1779709E+00 5.1794753E+00 -9.1025406E-01
2026 07 25 23 51 00 000 9.1619949E+00 5.1814380E+00 -9.0668732E-01
2026 07 25 23 52 00 000 9.1459761E+00 5.1833773E+00 -9.0313172E-01
2026 07 25 23 53 00 000 9.1299133E+00 5.1852922E+00 -8.9958858E-01
2026 07 25 23 54 00 000 9.1138067E+00 5.1871824E+00 -8.9605671E-01
2026 07 25 23 55 00 000 9.0976591E+00 5.1890445E+00 -8.9253658E-01
2026 07 25 23 56 00 000 9.0814648E+00 5.1908855E+00 -8.8902789E-01
2026 07 25 23 57 00 000 9.0652304E+00 5.1926970E+00 -8.8553137E-01
2026 07 25 23 58 00 000 9.0489521E+00 5.1944828E+00 -8.8204610E-01
2026 07 25 23 59 00 000 9.0326271E+00 5.1962485E+00 -8.7857223E-01
