Created with swmf_orbit_fetch.py on 2026-10-08 15:5246

#COOR
GSM

#START
2026 07 23 00 00 00 000 1.2409153E+01 1.7649379E+00 -3.5372744E+00
2026 07 23 00 01 00 000 1.2412333E+01 1.7724090E+00 -3.5359514E+00
2026 07 23 00 02 00 000 1.2415485E+01 1.7798630E+00 -3.5346293E+00
2026 07 23 00 03 00 000 1.2418606E+01 1.7873050E+00 -3.5333064E+00
2026 07 23 00 04 00 000 1.2421695E+01 1.7947301E+00 -3.5319839E+00
2026 07 23 00 05 00 000 1.2424753E+01 1.8021421E+00 -3.5306613E+00
2026 07 23 00 06 00 000 1.2427781E+01 1.8095430E+00 -3.5293391E+00
2026 07 23 00 07 00 000 1.2430777E+01 1.8169328E+00 -3.5280173E+00
2026 07 23 00 08 00 000 1.2433743E+01 1.8242999E+00 -3.5266953E+00
2026 07 23 00 09 00 000 1.2436677E+01 1.8316591E+00 -3.5253737E+00
2026 07 23 00 10 00 000 1.2439581E+01 1.8390049E+00 -3.5240533E+00
2026 07 23 00 11 00 000 1.2442454E+01 1.8463315E+00 -3.5227327E+00
2026 07 23 00 12 00 000 1.2445296E+01 1.8536497E+00 -3.5214128E+00
2026 07 23 00 13 00 000 1.2448109E+01 1.8609512E+00 -3.5200937E+00
2026 07 23 00 14 00 000 1.2450889E+01 1.8682449E+00 -3.5187755E+00
2026 07 23 00 15 00 000 1.2453640E+01 1.8755150E+00 -3.5174577E+00
2026 07 23 00 16 00 000 1.2456359E+01 1.8827794E+00 -3.5161402E+00
2026 07 23 00 17 00 000 1.2459048E+01 1.8900292E+00 -3.5148249E+00
2026 07 23 00 18 00 000 1.2461706E+01 1.8972605E+00 -3.5135095E+00
2026 07 23 00 19 00 000 1.2464333E+01 1.9044830E+00 -3.5121953E+00
2026 07 23 00 20 00 000 1.2466930E+01 1.9116918E+00 -3.5108819E+00
2026 07 23 00 21 00 000 1.2469497E+01 1.9188875E+00 -3.5095694E+00
2026 07 23 00 22 00 000 1.2472032E+01 1.9260666E+00 -3.5082586E+00
2026 07 23 00 23 00 000 1.2474536E+01 1.9332323E+00 -3.5069489E+00
2026 07 23 00 24 00 000 1.2477012E+01 1.9403868E+00 -3.5056403E+00
2026 07 23 00 25 00 000 1.2479454E+01 1.9475299E+00 -3.5043328E+00
2026 07 23 00 26 00 000 1.2481867E+01 1.9546511E+00 -3.5030267E+00
2026 07 23 00 27 00 000 1.2484250E+01 1.9617671E+00 -3.5017219E+00
2026 07 23 00 28 00 000 1.2486602E+01 1.9688679E+00 -3.5004191E+00
2026 07 23 00 29 00 000 1.2488923E+01 1.9759567E+00 -3.4991171E+00
2026 07 23 00 30 00 000 1.2491214E+01 1.9830284E+00 -3.4978170E+00
2026 07 23 00 31 00 000 1.2493474E+01 1.9900897E+00 -3.4965189E+00
2026 07 23 00 32 00 000 1.2495707E+01 1.9971358E+00 -3.4952219E+00
2026 07 23 00 33 00 000 1.2497906E+01 2.0041676E+00 -3.4939260E+00
2026 07 23 00 34 00 000 1.2500074E+01 2.0111876E+00 -3.4926336E+00
2026 07 23 00 35 00 000 1.2502213E+01 2.0181954E+00 -3.4913421E+00
2026 07 23 00 36 00 000 1.2504321E+01 2.0251908E+00 -3.4900517E+00
2026 07 23 00 37 00 000 1.2506398E+01 2.0321729E+00 -3.4887636E+00
2026 07 23 00 38 00 000 1.2508447E+01 2.0391397E+00 -3.4874778E+00
2026 07 23 00 39 00 000 1.2510464E+01 2.0460982E+00 -3.4861937E+00
2026 07 23 00 40 00 000 1.2512450E+01 2.0530326E+00 -3.4849122E+00
2026 07 23 00 41 00 000 1.2514407E+01 2.0599658E+00 -3.4836318E+00
2026 07 23 00 42 00 000 1.2516333E+01 2.0668831E+00 -3.4823544E+00
2026 07 23 00 43 00 000 1.2518229E+01 2.0737810E+00 -3.4810781E+00
2026 07 23 00 44 00 000 1.2520095E+01 2.0806732E+00 -3.4798052E+00
2026 07 23 00 45 00 000 1.2521929E+01 2.0875504E+00 -3.4785337E+00
2026 07 23 00 46 00 000 1.2523734E+01 2.0944088E+00 -3.4772649E+00
2026 07 23 00 47 00 000 1.2525510E+01 2.1012647E+00 -3.4759984E+00
2026 07 23 00 48 00 000 1.2527255E+01 2.1081009E+00 -3.4747338E+00
2026 07 23 00 49 00 000 1.2528968E+01 2.1149273E+00 -3.4734721E+00
2026 07 23 00 50 00 000 1.2530653E+01 2.1217418E+00 -3.4722130E+00
2026 07 23 00 51 00 000 1.2532305E+01 2.1285384E+00 -3.4709563E+00
2026 07 23 00 52 00 000 1.2533931E+01 2.1353230E+00 -3.4697018E+00
2026 07 23 00 53 00 000 1.2535522E+01 2.1420999E+00 -3.4684501E+00
2026 07 23 00 54 00 000 1.2537085E+01 2.1488581E+00 -3.4672010E+00
2026 07 23 00 55 00 000 1.2538619E+01 2.1556056E+00 -3.4659545E+00
2026 07 23 00 56 00 000 1.2540121E+01 2.1623423E+00 -3.4647114E+00
2026 07 23 00 57 00 000 1.2541594E+01 2.1690650E+00 -3.4634700E+00
2026 07 23 00 58 00 000 1.2543036E+01 2.1757760E+00 -3.4622319E+00
2026 07 23 00 59 00 000 1.2544448E+01 2.1824725E+00 -3.4609964E+00
2026 07 23 01 00 00 000 1.2545832E+01 2.1891601E+00 -3.4597640E+00
2026 07 23 01 01 00 000 1.2547184E+01 2.1958299E+00 -3.4585347E+00
2026 07 23 01 02 00 000 1.2548505E+01 2.2024951E+00 -3.4573078E+00
2026 07 23 01 03 00 000 1.2549797E+01 2.2091384E+00 -3.4560838E+00
2026 07 23 01 04 00 000 1.2551061E+01 2.2157748E+00 -3.4548633E+00
2026 07 23 01 05 00 000 1.2552290E+01 2.2223997E+00 -3.4536459E+00
2026 07 23 01 06 00 000 1.2553494E+01 2.2290120E+00 -3.4524307E+00
2026 07 23 01 07 00 000 1.2554665E+01 2.2356114E+00 -3.4512198E+00
2026 07 23 01 08 00 000 1.2555807E+01 2.2421925E+00 -3.4500110E+00
2026 07 23 01 09 00 000 1.2556918E+01 2.2487667E+00 -3.4488058E+00
2026 07 23 01 10 00 000 1.2558000E+01 2.2553291E+00 -3.4476037E+00
2026 07 23 01 11 00 000 1.2559052E+01 2.2618766E+00 -3.4464047E+00
2026 07 23 01 12 00 000 1.2560075E+01 2.2684124E+00 -3.4452097E+00
2026 07 23 01 13 00 000 1.2561064E+01 2.2749369E+00 -3.4440169E+00
2026 07 23 01 14 00 000 1.2562027E+01 2.2814498E+00 -3.4428282E+00
2026 07 23 01 15 00 000 1.2562959E+01 2.2879460E+00 -3.4416423E+00
2026 07 23 01 16 00 000 1.2563861E+01 2.2944348E+00 -3.4404602E+00
2026 07 23 01 17 00 000 1.2564732E+01 2.3009090E+00 -3.4392815E+00
2026 07 23 01 18 00 000 1.2565575E+01 2.3073730E+00 -3.4381061E+00
2026 07 23 01 19 00 000 1.2566386E+01 2.3138261E+00 -3.4369338E+00
2026 07 23 01 20 00 000 1.2567168E+01 2.3202653E+00 -3.4357653E+00
2026 07 23 01 21 00 000 1.2567919E+01 2.3266928E+00 -3.4346011E+00
2026 07 23 01 22 00 000 1.2568641E+01 2.3331077E+00 -3.4334393E+00
2026 07 23 01 23 00 000 1.2569336E+01 2.3395085E+00 -3.4322820E+00
2026 07 23 01 24 00 000 1.2569999E+01 2.3459008E+00 -3.4311278E+00
2026 07 23 01 25 00 000 1.2570630E+01 2.3522818E+00 -3.4299772E+00
2026 07 23 01 26 00 000 1.2571234E+01 2.3586476E+00 -3.4288301E+00
2026 07 23 01 27 00 000 1.2571806E+01 2.3650022E+00 -3.4276869E+00
2026 07 23 01 28 00 000 1.2572350E+01 2.3713479E+00 -3.4265473E+00
2026 07 23 01 29 00 000 1.2572862E+01 2.3776801E+00 -3.4254115E+00
2026 07 23 01 30 00 000 1.2573345E+01 2.3840027E+00 -3.4242795E+00
2026 07 23 01 31 00 000 1.2573799E+01 2.3903067E+00 -3.4231515E+00
2026 07 23 01 32 00 000 1.2574224E+01 2.3966048E+00 -3.4220273E+00
2026 07 23 01 33 00 000 1.2574616E+01 2.4028897E+00 -3.4209063E+00
2026 07 23 01 34 00 000 1.2574982E+01 2.4091597E+00 -3.4197898E+00
2026 07 23 01 35 00 000 1.2575315E+01 2.4154234E+00 -3.4186766E+00
2026 07 23 01 36 00 000 1.2575620E+01 2.4216743E+00 -3.4175675E+00
2026 07 23 01 37 00 000 1.2575894E+01 2.4279137E+00 -3.4164627E+00
2026 07 23 01 38 00 000 1.2576139E+01 2.4341395E+00 -3.4153614E+00
2026 07 23 01 39 00 000 1.2576354E+01 2.4403560E+00 -3.4142644E+00
2026 07 23 01 40 00 000 1.2576541E+01 2.4465590E+00 -3.4131711E+00
2026 07 23 01 41 00 000 1.2576695E+01 2.4527516E+00 -3.4120822E+00
2026 07 23 01 42 00 000 1.2576821E+01 2.4589343E+00 -3.4109962E+00
2026 07 23 01 43 00 000 1.2576917E+01 2.4651041E+00 -3.4099147E+00
2026 07 23 01 44 00 000 1.2576984E+01 2.4712589E+00 -3.4088378E+00
2026 07 23 01 45 00 000 1.2577022E+01 2.4774046E+00 -3.4077644E+00
2026 07 23 01 46 00 000 1.2577027E+01 2.4835403E+00 -3.4066958E+00
2026 07 23 01 47 00 000 1.2577004E+01 2.4896672E+00 -3.4056308E+00
2026 07 23 01 48 00 000 1.2576953E+01 2.4957781E+00 -3.4045694E+00
2026 07 23 01 49 00 000 1.2576869E+01 2.5018806E+00 -3.4035130E+00
2026 07 23 01 50 00 000 1.2576757E+01 2.5079725E+00 -3.4024603E+00
2026 07 23 01 51 00 000 1.2576616E+01 2.5140464E+00 -3.4014113E+00
2026 07 23 01 52 00 000 1.2576447E+01 2.5201163E+00 -3.4003670E+00
2026 07 23 01 53 00 000 1.2576245E+01 2.5261743E+00 -3.3993266E+00
2026 07 23 01 54 00 000 1.2576014E+01 2.5322211E+00 -3.3982913E+00
2026 07 23 01 55 00 000 1.2575753E+01 2.5382512E+00 -3.3972588E+00
2026 07 23 01 56 00 000 1.2575462E+01 2.5442791E+00 -3.3962312E+00
2026 07 23 01 57 00 000 1.2575144E+01 2.5502894E+00 -3.3952076E+00
2026 07 23 01 58 00 000 1.2574795E+01 2.5562859E+00 -3.3941884E+00
2026 07 23 01 59 00 000 1.2574414E+01 2.5622790E+00 -3.3931737E+00
2026 07 23 02 00 00 000 1.2574006E+01 2.5682619E+00 -3.3921628E+00
2026 07 23 02 01 00 000 1.2573568E+01 2.5742280E+00 -3.3911569E+00
2026 07 23 02 02 00 000 1.2573101E+01 2.5801845E+00 -3.3901544E+00
2026 07 23 02 03 00 000 1.2572602E+01 2.5861320E+00 -3.3891563E+00
2026 07 23 02 04 00 000 1.2572073E+01 2.5920694E+00 -3.3881626E+00
2026 07 23 02 05 00 000 1.2571518E+01 2.5979931E+00 -3.3871732E+00
2026 07 23 02 06 00 000 1.2570931E+01 2.6039050E+00 -3.3861887E+00
2026 07 23 02 07 00 000 1.2570315E+01 2.6098096E+00 -3.3852079E+00
2026 07 23 02 08 00 000 1.2569670E+01 2.6157007E+00 -3.3842316E+00
2026 07 23 02 09 00 000 1.2568993E+01 2.6215849E+00 -3.3832598E+00
2026 07 23 02 10 00 000 1.2568288E+01 2.6274571E+00 -3.3822913E+00
2026 07 23 02 11 00 000 1.2567554E+01 2.6333132E+00 -3.3813283E+00
2026 07 23 02 12 00 000 1.2566790E+01 2.6391640E+00 -3.3803694E+00
2026 07 23 02 13 00 000 1.2565995E+01 2.6450050E+00 -3.3794146E+00
2026 07 23 02 14 00 000 1.2565173E+01 2.6508343E+00 -3.3784645E+00
2026 07 23 02 15 00 000 1.2564320E+01 2.6566482E+00 -3.3775182E+00
2026 07 23 02 16 00 000 1.2563436E+01 2.6624570E+00 -3.3765764E+00
2026 07 23 02 17 00 000 1.2562525E+01 2.6682560E+00 -3.3756392E+00
2026 07 23 02 18 00 000 1.2561582E+01 2.6740439E+00 -3.3747070E+00
2026 07 23 02 19 00 000 1.2560611E+01 2.6798186E+00 -3.3737781E+00
2026 07 23 02 20 00 000 1.2559608E+01 2.6855814E+00 -3.3728540E+00
2026 07 23 02 21 00 000 1.2558578E+01 2.6913400E+00 -3.3719339E+00
2026 07 23 02 22 00 000 1.2557519E+01 2.6970854E+00 -3.3710186E+00
2026 07 23 02 23 00 000 1.2556429E+01 2.7028174E+00 -3.3701074E+00
2026 07 23 02 24 00 000 1.2555309E+01 2.7085416E+00 -3.3692007E+00
2026 07 23 02 25 00 000 1.2554159E+01 2.7142594E+00 -3.3682985E+00
2026 07 23 02 26 00 000 1.2552981E+01 2.7199602E+00 -3.3674006E+00
2026 07 23 02 27 00 000 1.2551773E+01 2.7256532E+00 -3.3665068E+00
2026 07 23 02 28 00 000 1.2550535E+01 2.7313383E+00 -3.3656173E+00
2026 07 23 02 29 00 000 1.2549269E+01 2.7370100E+00 -3.3647327E+00
2026 07 23 02 30 00 000 1.2547972E+01 2.7426705E+00 -3.3638518E+00
2026 07 23 02 31 00 000 1.2546643E+01 2.7483287E+00 -3.3629758E+00
2026 07 23 02 32 00 000 1.2545288E+01 2.7539682E+00 -3.3621039E+00
2026 07 23 02 33 00 000 1.2543902E+01 2.7595990E+00 -3.3612366E+00
2026 07 23 02 34 00 000 1.2542487E+01 2.7652252E+00 -3.3603735E+00
2026 07 23 02 35 00 000 1.2541044E+01 2.7708395E+00 -3.3595152E+00
2026 07 23 02 36 00 000 1.2539568E+01 2.7764370E+00 -3.3586600E+00
2026 07 23 02 37 00 000 1.2538064E+01 2.7820315E+00 -3.3578098E+00
2026 07 23 02 38 00 000 1.2536529E+01 2.7876155E+00 -3.3569641E+00
2026 07 23 02 39 00 000 1.2534966E+01 2.7931910E+00 -3.3561230E+00
2026 07 23 02 40 00 000 1.2533375E+01 2.7987480E+00 -3.3552849E+00
2026 07 23 02 41 00 000 1.2531752E+01 2.8043034E+00 -3.3544524E+00
2026 07 23 02 42 00 000 1.2530099E+01 2.8098476E+00 -3.3536241E+00
2026 07 23 02 43 00 000 1.2528419E+01 2.8153768E+00 -3.3527994E+00
2026 07 23 02 44 00 000 1.2526708E+01 2.8209052E+00 -3.3519795E+00
2026 07 23 02 45 00 000 1.2524966E+01 2.8264198E+00 -3.3511636E+00
2026 07 23 02 46 00 000 1.2523197E+01 2.8319237E+00 -3.3503523E+00
2026 07 23 02 47 00 000 1.2521397E+01 2.8374166E+00 -3.3495450E+00
2026 07 23 02 48 00 000 1.2519567E+01 2.8429041E+00 -3.3487420E+00
2026 07 23 02 49 00 000 1.2517709E+01 2.8483801E+00 -3.3479433E+00
2026 07 23 02 50 00 000 1.2515819E+01 2.8538437E+00 -3.3471487E+00
2026 07 23 02 51 00 000 1.2513902E+01 2.8592987E+00 -3.3463581E+00
2026 07 23 02 52 00 000 1.2511955E+01 2.8647442E+00 -3.3455720E+00
2026 07 23 02 53 00 000 1.2509976E+01 2.8701830E+00 -3.3447900E+00
2026 07 23 02 54 00 000 1.2507971E+01 2.8756113E+00 -3.3440118E+00
2026 07 23 02 55 00 000 1.2505935E+01 2.8810256E+00 -3.3432386E+00
2026 07 23 02 56 00 000 1.2503869E+01 2.8864357E+00 -3.3424685E+00
2026 07 23 02 57 00 000 1.2501773E+01 2.8918359E+00 -3.3417037E+00
2026 07 23 02 58 00 000 1.2499648E+01 2.8972278E+00 -3.3409421E+00
2026 07 23 02 59 00 000 1.2497492E+01 2.9026086E+00 -3.3401852E+00
2026 07 23 03 00 00 000 1.2495307E+01 2.9079819E+00 -3.3394320E+00
2026 07 23 03 01 00 000 1.2493095E+01 2.9133394E+00 -3.3386822E+00
2026 07 23 03 02 00 000 1.2490850E+01 2.9186928E+00 -3.3379376E+00
2026 07 23 03 03 00 000 1.2488576E+01 2.9240386E+00 -3.3371975E+00
2026 07 23 03 04 00 000 1.2486276E+01 2.9293714E+00 -3.3364601E+00
2026 07 23 03 05 00 000 1.2483943E+01 2.9346976E+00 -3.3357270E+00
2026 07 23 03 06 00 000 1.2481582E+01 2.9400113E+00 -3.3349981E+00
2026 07 23 03 07 00 000 1.2479189E+01 2.9453192E+00 -3.3342729E+00
2026 07 23 03 08 00 000 1.2476768E+01 2.9506154E+00 -3.3335519E+00
2026 07 23 03 09 00 000 1.2474318E+01 2.9559026E+00 -3.3328350E+00
2026 07 23 03 10 00 000 1.2471836E+01 2.9611840E+00 -3.3321216E+00
2026 07 23 03 11 00 000 1.2469328E+01 2.9664526E+00 -3.3314121E+00
2026 07 23 03 12 00 000 1.2466786E+01 2.9717176E+00 -3.3307068E+00
2026 07 23 03 13 00 000 1.2464219E+01 2.9769659E+00 -3.3300052E+00
2026 07 23 03 14 00 000 1.2461619E+01 2.9822097E+00 -3.3293073E+00
2026 07 23 03 15 00 000 1.2458990E+01 2.9874468E+00 -3.3286130E+00
2026 07 23 03 16 00 000 1.2456334E+01 2.9926693E+00 -3.3279233E+00
2026 07 23 03 17 00 000 1.2453645E+01 2.9978857E+00 -3.3272371E+00
2026 07 23 03 18 00 000 1.2450928E+01 3.0030963E+00 -3.3265545E+00
2026 07 23 03 19 00 000 1.2448179E+01 3.0082951E+00 -3.3258758E+00
2026 07 23 03 20 00 000 1.2445404E+01 3.0134816E+00 -3.3252001E+00
2026 07 23 03 21 00 000 1.2442596E+01 3.0186644E+00 -3.3245285E+00
2026 07 23 03 22 00 000 1.2439760E+01 3.0238383E+00 -3.3238609E+00
2026 07 23 03 23 00 000 1.2436893E+01 3.0290034E+00 -3.3231964E+00
2026 07 23 03 24 00 000 1.2433999E+01 3.0341609E+00 -3.3225360E+00
2026 07 23 03 25 00 000 1.2431074E+01 3.0393062E+00 -3.3218791E+00
2026 07 23 03 26 00 000 1.2428119E+01 3.0444424E+00 -3.3212252E+00
2026 07 23 03 27 00 000 1.2425135E+01 3.0495734E+00 -3.3205752E+00
2026 07 23 03 28 00 000 1.2422119E+01 3.0546958E+00 -3.3199294E+00
2026 07 23 03 29 00 000 1.2419077E+01 3.0598044E+00 -3.3192854E+00
2026 07 23 03 30 00 000 1.2416002E+01 3.0649080E+00 -3.3186460E+00
2026 07 23 03 31 00 000 1.2412900E+01 3.0700037E+00 -3.3180099E+00
2026 07 23 03 32 00 000 1.2409767E+01 3.0750926E+00 -3.3173773E+00
2026 07 23 03 33 00 000 1.2406605E+01 3.0801668E+00 -3.3167472E+00
2026 07 23 03 34 00 000 1.2403411E+01 3.0852375E+00 -3.3161213E+00
2026 07 23 03 35 00 000 1.2400188E+01 3.0903015E+00 -3.3154986E+00
2026 07 23 03 36 00 000 1.2396937E+01 3.0953496E+00 -3.3148787E+00
2026 07 23 03 37 00 000 1.2393655E+01 3.1003969E+00 -3.3142631E+00
2026 07 23 03 38 00 000 1.2390343E+01 3.1054347E+00 -3.3136494E+00
2026 07 23 03 39 00 000 1.2387001E+01 3.1104646E+00 -3.3130403E+00
2026 07 23 03 40 00 000 1.2383632E+01 3.1154857E+00 -3.3124328E+00
2026 07 23 03 41 00 000 1.2380230E+01 3.1204960E+00 -3.3118298E+00
2026 07 23 03 42 00 000 1.2376799E+01 3.1254997E+00 -3.3112290E+00
2026 07 23 03 43 00 000 1.2373339E+01 3.1304944E+00 -3.3106320E+00
2026 07 23 03 44 00 000 1.2369851E+01 3.1354768E+00 -3.3100374E+00
2026 07 23 03 45 00 000 1.2366329E+01 3.1404598E+00 -3.3094454E+00
2026 07 23 03 46 00 000 1.2362779E+01 3.1454322E+00 -3.3088574E+00
2026 07 23 03 47 00 000 1.2359200E+01 3.1503937E+00 -3.3082719E+00
2026 07 23 03 48 00 000 1.2355591E+01 3.1553497E+00 -3.3076899E+00
2026 07 23 03 49 00 000 1.2351949E+01 3.1602986E+00 -3.3071096E+00
2026 07 23 03 50 00 000 1.2348282E+01 3.1652327E+00 -3.3065324E+00
2026 07 23 03 51 00 000 1.2344584E+01 3.1701643E+00 -3.3059585E+00
2026 07 23 03 52 00 000 1.2340854E+01 3.1750882E+00 -3.3053870E+00
2026 07 23 03 53 00 000 1.2337095E+01 3.1800053E+00 -3.3048186E+00
2026 07 23 03 54 00 000 1.2333307E+01 3.1849074E+00 -3.3042521E+00
2026 07 23 03 55 00 000 1.2329489E+01 3.1898072E+00 -3.3036892E+00
2026 07 23 03 56 00 000 1.2325641E+01 3.1947002E+00 -3.3031282E+00
2026 07 23 03 57 00 000 1.2321762E+01 3.1995792E+00 -3.3025694E+00
2026 07 23 03 58 00 000 1.2317854E+01 3.2044582E+00 -3.3020148E+00
2026 07 23 03 59 00 000 1.2313915E+01 3.2093279E+00 -3.3014619E+00
2026 07 23 04 00 00 000 1.2309948E+01 3.2141864E+00 -3.3009107E+00
2026 07 23 04 01 00 000 1.2305950E+01 3.2190371E+00 -3.3003626E+00
2026 07 23 04 02 00 000 1.2301922E+01 3.2238834E+00 -3.2998166E+00
2026 07 23 04 03 00 000 1.2297863E+01 3.2287219E+00 -3.2992735E+00
2026 07 23 04 04 00 000 1.2293777E+01 3.2335501E+00 -3.2987323E+00
2026 07 23 04 05 00 000 1.2289659E+01 3.2383702E+00 -3.2981930E+00
2026 07 23 04 06 00 000 1.2285511E+01 3.2431848E+00 -3.2976565E+00
2026 07 23 04 07 00 000 1.2281336E+01 3.2479901E+00 -3.2971220E+00
2026 07 23 04 08 00 000 1.2277127E+01 3.2527909E+00 -3.2965899E+00
2026 07 23 04 09 00 000 1.2272888E+01 3.2575839E+00 -3.2960591E+00
2026 07 23 04 10 00 000 1.2268620E+01 3.2623680E+00 -3.2955313E+00
2026 07 23 04 11 00 000 1.2264325E+01 3.2671406E+00 -3.2950048E+00
2026 07 23 04 12 00 000 1.2259996E+01 3.2719111E+00 -3.2944810E+00
2026 07 23 04 13 00 000 1.2255638E+01 3.2766738E+00 -3.2939589E+00
2026 07 23 04 14 00 000 1.2251251E+01 3.2814248E+00 -3.2934377E+00
2026 07 23 04 15 00 000 1.2246831E+01 3.2861743E+00 -3.2929196E+00
2026 07 23 04 16 00 000 1.2242386E+01 3.2909129E+00 -3.2924032E+00
2026 07 23 04 17 00 000 1.2237906E+01 3.2956460E+00 -3.2918880E+00
2026 07 23 04 18 00 000 1.2233397E+01 3.3003702E+00 -3.2913752E+00
2026 07 23 04 19 00 000 1.2228862E+01 3.3050861E+00 -3.2908633E+00
2026 07 23 04 20 00 000 1.2224293E+01 3.3097973E+00 -3.2903535E+00
2026 07 23 04 21 00 000 1.2219693E+01 3.3145032E+00 -3.2898457E+00
2026 07 23 04 22 00 000 1.2215065E+01 3.3191991E+00 -3.2893384E+00
2026 07 23 04 23 00 000 1.2210406E+01 3.3238893E+00 -3.2888331E+00
2026 07 23 04 24 00 000 1.2205720E+01 3.3285670E+00 -3.2883291E+00
2026 07 23 04 25 00 000 1.2200997E+01 3.3332424E+00 -3.2878270E+00
2026 07 23 04 26 00 000 1.2196249E+01 3.3379111E+00 -3.2873259E+00
2026 07 23 04 27 00 000 1.2191471E+01 3.3425677E+00 -3.2868259E+00
2026 07 23 04 28 00 000 1.2186661E+01 3.3472216E+00 -3.2863266E+00
2026 07 23 04 29 00 000 1.2181820E+01 3.3518691E+00 -3.2858298E+00
2026 07 23 04 30 00 000 1.2176950E+01 3.3565071E+00 -3.2853334E+00
2026 07 23 04 31 00 000 1.2172050E+01 3.3611407E+00 -3.2848387E+00
2026 07 23 04 32 00 000 1.2167120E+01 3.3657644E+00 -3.2843447E+00
2026 07 23 04 33 00 000 1.2162158E+01 3.3703849E+00 -3.2838519E+00
2026 07 23 04 34 00 000 1.2157167E+01 3.3749938E+00 -3.2833591E+00
2026 07 23 04 35 00 000 1.2152145E+01 3.3795991E+00 -3.2828686E+00
2026 07 23 04 36 00 000 1.2147095E+01 3.3841960E+00 -3.2823780E+00
2026 07 23 04 37 00 000 1.2142012E+01 3.3887889E+00 -3.2818890E+00
2026 07 23 04 38 00 000 1.2136900E+01 3.3933742E+00 -3.2814002E+00
2026 07 23 04 39 00 000 1.2131756E+01 3.3979518E+00 -3.2809122E+00
2026 07 23 04 40 00 000 1.2126584E+01 3.4025176E+00 -3.2804241E+00
2026 07 23 04 41 00 000 1.2121382E+01 3.4070830E+00 -3.2799382E+00
2026 07 23 04 42 00 000 1.2116145E+01 3.4116428E+00 -3.2794521E+00
2026 07 23 04 43 00 000 1.2110881E+01 3.4161935E+00 -3.2789662E+00
2026 07 23 04 44 00 000 1.2105587E+01 3.4207330E+00 -3.2784805E+00
2026 07 23 04 45 00 000 1.2100263E+01 3.4252710E+00 -3.2779958E+00
2026 07 23 04 46 00 000 1.2094905E+01 3.4298027E+00 -3.2775114E+00
2026 07 23 04 47 00 000 1.2089520E+01 3.4343224E+00 -3.2770271E+00
2026 07 23 04 48 00 000 1.2084105E+01 3.4388411E+00 -3.2765434E+00
2026 07 23 04 49 00 000 1.2078657E+01 3.4433529E+00 -3.2760592E+00
2026 07 23 04 50 00 000 1.2073179E+01 3.4478579E+00 -3.2755754E+00
2026 07 23 04 51 00 000 1.2067670E+01 3.4523537E+00 -3.2750916E+00
2026 07 23 04 52 00 000 1.2062132E+01 3.4568474E+00 -3.2746089E+00
2026 07 23 04 53 00 000 1.2056563E+01 3.4613299E+00 -3.2741246E+00
2026 07 23 04 54 00 000 1.2050964E+01 3.4658062E+00 -3.2736409E+00
2026 07 23 04 55 00 000 1.2045331E+01 3.4702828E+00 -3.2731576E+00
2026 07 23 04 56 00 000 1.2039672E+01 3.4747474E+00 -3.2726736E+00
2026 07 23 04 57 00 000 1.2033981E+01 3.4792032E+00 -3.2721887E+00
2026 07 23 04 58 00 000 1.2028258E+01 3.4836593E+00 -3.2717042E+00
2026 07 23 04 59 00 000 1.2022504E+01 3.4881051E+00 -3.2712193E+00
2026 07 23 05 00 00 000 1.2016722E+01 3.4925423E+00 -3.2707336E+00
2026 07 23 05 01 00 000 1.2010909E+01 3.4969764E+00 -3.2702475E+00
2026 07 23 05 02 00 000 1.2005063E+01 3.5014048E+00 -3.2697608E+00
2026 07 23 05 03 00 000 1.1999187E+01 3.5058279E+00 -3.2692740E+00
2026 07 23 05 04 00 000 1.1993280E+01 3.5102432E+00 -3.2687862E+00
2026 07 23 05 05 00 000 1.1987344E+01 3.5146520E+00 -3.2682977E+00
2026 07 23 05 06 00 000 1.1981377E+01 3.5190520E+00 -3.2678080E+00
2026 07 23 05 07 00 000 1.1975378E+01 3.5234473E+00 -3.2673178E+00
2026 07 23 05 08 00 000 1.1969348E+01 3.5278392E+00 -3.2668266E+00
2026 07 23 05 09 00 000 1.1963289E+01 3.5322208E+00 -3.2663341E+00
2026 07 23 05 10 00 000 1.1957197E+01 3.5366023E+00 -3.2658415E+00
2026 07 23 05 11 00 000 1.1951075E+01 3.5409741E+00 -3.2653472E+00
2026 07 23 05 12 00 000 1.1944922E+01 3.5453415E+00 -3.2648520E+00
2026 07 23 05 13 00 000 1.1938740E+01 3.5496972E+00 -3.2643552E+00
2026 07 23 05 14 00 000 1.1932524E+01 3.5540526E+00 -3.2638574E+00
2026 07 23 05 15 00 000 1.1926281E+01 3.5584025E+00 -3.2633584E+00
2026 07 23 05 16 00 000 1.1920004E+01 3.5627401E+00 -3.2628567E+00
2026 07 23 05 17 00 000 1.1913697E+01 3.5670764E+00 -3.2623549E+00
2026 07 23 05 18 00 000 1.1907357E+01 3.5714097E+00 -3.2618515E+00
2026 07 23 05 19 00 000 1.1900990E+01 3.5757344E+00 -3.2613466E+00
2026 07 23 05 20 00 000 1.1894588E+01 3.5800545E+00 -3.2608404E+00
2026 07 23 05 21 00 000 1.1888157E+01 3.5843658E+00 -3.2603312E+00
2026 07 23 05 22 00 000 1.1881694E+01 3.5886729E+00 -3.2598212E+00
2026 07 23 05 23 00 000 1.1875201E+01 3.5929732E+00 -3.2593088E+00
2026 07 23 05 24 00 000 1.1868676E+01 3.5972688E+00 -3.2587948E+00
2026 07 23 05 25 00 000 1.1862121E+01 3.6015563E+00 -3.2582784E+00
2026 07 23 05 26 00 000 1.1855536E+01 3.6058381E+00 -3.2577598E+00
2026 07 23 05 27 00 000 1.1848916E+01 3.6101172E+00 -3.2572398E+00
2026 07 23 05 28 00 000 1.1842269E+01 3.6143882E+00 -3.2567177E+00
2026 07 23 05 29 00 000 1.1835589E+01 3.6186535E+00 -3.2561927E+00
2026 07 23 05 30 00 000 1.1828876E+01 3.6229157E+00 -3.2556655E+00
2026 07 23 05 31 00 000 1.1822133E+01 3.6271715E+00 -3.2551367E+00
2026 07 23 05 32 00 000 1.1815360E+01 3.6314216E+00 -3.2546046E+00
2026 07 23 05 33 00 000 1.1808554E+01 3.6356673E+00 -3.2540712E+00
2026 07 23 05 34 00 000 1.1801719E+01 3.6399019E+00 -3.2535334E+00
2026 07 23 05 35 00 000 1.1794851E+01 3.6441345E+00 -3.2529938E+00
2026 07 23 05 36 00 000 1.1787951E+01 3.6483634E+00 -3.2524521E+00
2026 07 23 05 37 00 000 1.1781022E+01 3.6525829E+00 -3.2519069E+00
2026 07 23 05 38 00 000 1.1774059E+01 3.6568003E+00 -3.2513592E+00
2026 07 23 05 39 00 000 1.1767066E+01 3.6610112E+00 -3.2508087E+00
2026 07 23 05 40 00 000 1.1760042E+01 3.6652148E+00 -3.2502551E+00
2026 07 23 05 41 00 000 1.1752987E+01 3.6694133E+00 -3.2496984E+00
2026 07 23 05 42 00 000 1.1745897E+01 3.6736104E+00 -3.2491391E+00
2026 07 23 05 43 00 000 1.1738781E+01 3.6777952E+00 -3.2485750E+00
2026 07 23 05 44 00 000 1.1731629E+01 3.6819794E+00 -3.2480092E+00
2026 07 23 05 45 00 000 1.1724448E+01 3.6861579E+00 -3.2474396E+00
2026 07 23 05 46 00 000 1.1717236E+01 3.6903260E+00 -3.2468660E+00
2026 07 23 05 47 00 000 1.1709990E+01 3.6944959E+00 -3.2462900E+00
2026 07 23 05 48 00 000 1.1702713E+01 3.6986570E+00 -3.2457101E+00
2026 07 23 05 49 00 000 1.1695403E+01 3.7028148E+00 -3.2451272E+00
2026 07 23 05 50 00 000 1.1688066E+01 3.7069616E+00 -3.2445388E+00
2026 07 23 05 51 00 000 1.1680692E+01 3.7111104E+00 -3.2439482E+00
2026 07 23 05 52 00 000 1.1673290E+01 3.7152493E+00 -3.2433534E+00
2026 07 23 05 53 00 000 1.1665855E+01 3.7193859E+00 -3.2427547E+00
2026 07 23 05 54 00 000 1.1658388E+01 3.7235134E+00 -3.2421520E+00
2026 07 23 05 55 00 000 1.1650892E+01 3.7276375E+00 -3.2415450E+00
2026 07 23 05 56 00 000 1.1643361E+01 3.7317581E+00 -3.2409346E+00
2026 07 23 05 57 00 000 1.1635798E+01 3.7358725E+00 -3.2403195E+00
2026 07 23 05 58 00 000 1.1628204E+01 3.7399833E+00 -3.2397003E+00
2026 07 23 05 59 00 000 1.1620577E+01 3.7440879E+00 -3.2390773E+00
2026 07 23 06 00 00 000 1.1612922E+01 3.7481818E+00 -3.2384484E+00
2026 07 23 06 01 00 000 1.1605231E+01 3.7522762E+00 -3.2378156E+00
2026 07 23 06 02 00 000 1.1597509E+01 3.7563670E+00 -3.2371795E+00
2026 07 23 06 03 00 000 1.1589756E+01 3.7604511E+00 -3.2365382E+00
2026 07 23 06 04 00 000 1.1581973E+01 3.7645242E+00 -3.2358906E+00
2026 07 23 06 05 00 000 1.1574154E+01 3.7685990E+00 -3.2352402E+00
2026 07 23 06 06 00 000 1.1566305E+01 3.7726665E+00 -3.2345834E+00
2026 07 23 06 07 00 000 1.1558425E+01 3.7767296E+00 -3.2339234E+00
2026 07 23 06 08 00 000 1.1550510E+01 3.7807896E+00 -3.2332575E+00
2026 07 23 06 09 00 000 1.1542567E+01 3.7848368E+00 -3.2325852E+00
2026 07 23 06 10 00 000 1.1534588E+01 3.7888854E+00 -3.2319093E+00
2026 07 23 06 11 00 000 1.1526578E+01 3.7929294E+00 -3.2312288E+00
2026 07 23 06 12 00 000 1.1518537E+01 3.7969658E+00 -3.2305417E+00
2026 07 23 06 13 00 000 1.1510463E+01 3.8010001E+00 -3.2298501E+00
2026 07 23 06 14 00 000 1.1502356E+01 3.8050287E+00 -3.2291529E+00
2026 07 23 06 15 00 000 1.1494217E+01 3.8090525E+00 -3.2284501E+00
2026 07 23 06 16 00 000 1.1486047E+01 3.8130665E+00 -3.2277403E+00
2026 07 23 06 17 00 000 1.1477842E+01 3.8170838E+00 -3.2270272E+00
2026 07 23 06 18 00 000 1.1469607E+01 3.8210900E+00 -3.2263069E+00
2026 07 23 06 19 00 000 1.1461340E+01 3.8250940E+00 -3.2255814E+00
2026 07 23 06 20 00 000 1.1453038E+01 3.8290939E+00 -3.2248495E+00
2026 07 23 06 21 00 000 1.1444707E+01 3.8330853E+00 -3.2241116E+00
2026 07 23 06 22 00 000 1.1436342E+01 3.8370719E+00 -3.2233675E+00
2026 07 23 06 23 00 000 1.1427942E+01 3.8410554E+00 -3.2226174E+00
2026 07 23 06 24 00 000 1.1419513E+01 3.8450346E+00 -3.2218611E+00
2026 07 23 06 25 00 000 1.1411052E+01 3.8490076E+00 -3.2210989E+00
2026 07 23 06 26 00 000 1.1402555E+01 3.8529775E+00 -3.2203298E+00
2026 07 23 06 27 00 000 1.1394027E+01 3.8569422E+00 -3.2195547E+00
2026 07 23 06 28 00 000 1.1385468E+01 3.8609004E+00 -3.2187726E+00
2026 07 23 06 29 00 000 1.1376874E+01 3.8648539E+00 -3.2179835E+00
2026 07 23 06 30 00 000 1.1368247E+01 3.8688052E+00 -3.2171891E+00
2026 07 23 06 31 00 000 1.1359589E+01 3.8727512E+00 -3.2163868E+00
2026 07 23 06 32 00 000 1.1350897E+01 3.8766935E+00 -3.2155788E+00
2026 07 23 06 33 00 000 1.1342173E+01 3.8806252E+00 -3.2147615E+00
2026 07 23 06 34 00 000 1.1333415E+01 3.8845599E+00 -3.2139399E+00
2026 07 23 06 35 00 000 1.1324627E+01 3.8884830E+00 -3.2131093E+00
2026 07 23 06 36 00 000 1.1315804E+01 3.8924055E+00 -3.2122729E+00
2026 07 23 06 37 00 000 1.1306949E+01 3.8963211E+00 -3.2114277E+00
2026 07 23 06 38 00 000 1.1298058E+01 3.9002361E+00 -3.2105770E+00
2026 07 23 06 39 00 000 1.1289140E+01 3.9041400E+00 -3.2097168E+00
2026 07 23 06 40 00 000 1.1280183E+01 3.9080441E+00 -3.2088504E+00
2026 07 23 06 41 00 000 1.1271196E+01 3.9119432E+00 -3.2079766E+00
2026 07 23 06 42 00 000 1.1262176E+01 3.9158366E+00 -3.2070944E+00
2026 07 23 06 43 00 000 1.1253122E+01 3.9197216E+00 -3.2062047E+00
2026 07 23 06 44 00 000 1.1244037E+01 3.9236009E+00 -3.2053058E+00
2026 07 23 06 45 00 000 1.1234917E+01 3.9274814E+00 -3.2044010E+00
2026 07 23 06 46 00 000 1.1225763E+01 3.9313564E+00 -3.2034874E+00
2026 07 23 06 47 00 000 1.1216578E+01 3.9352272E+00 -3.2025664E+00
2026 07 23 06 48 00 000 1.1207356E+01 3.9390938E+00 -3.2016370E+00
2026 07 23 06 49 00 000 1.1198105E+01 3.9429550E+00 -3.2006989E+00
2026 07 23 06 50 00 000 1.1188818E+01 3.9468098E+00 -3.1997528E+00
2026 07 23 06 51 00 000 1.1179499E+01 3.9506600E+00 -3.1987975E+00
2026 07 23 06 52 00 000 1.1170147E+01 3.9545064E+00 -3.1978343E+00
2026 07 23 06 53 00 000 1.1160762E+01 3.9583473E+00 -3.1968625E+00
2026 07 23 06 54 00 000 1.1151340E+01 3.9621873E+00 -3.1958821E+00
2026 07 23 06 55 00 000 1.1141885E+01 3.9660218E+00 -3.1948938E+00
2026 07 23 06 56 00 000 1.1132401E+01 3.9698465E+00 -3.1938949E+00
2026 07 23 06 57 00 000 1.1122879E+01 3.9736698E+00 -3.1928883E+00
2026 07 23 06 58 00 000 1.1113327E+01 3.9774852E+00 -3.1918709E+00
2026 07 23 06 59 00 000 1.1103739E+01 3.9813025E+00 -3.1908467E+00
2026 07 23 07 00 00 000 1.1094118E+01 3.9851108E+00 -3.1898122E+00
2026 07 23 07 01 00 000 1.1084462E+01 3.9889169E+00 -3.1887691E+00
2026 07 23 07 02 00 000 1.1074773E+01 3.9927177E+00 -3.1877165E+00
2026 07 23 07 03 00 000 1.1065052E+01 3.9965119E+00 -3.1866534E+00
2026 07 23 07 04 00 000 1.1055296E+01 4.0003028E+00 -3.1855814E+00
2026 07 23 07 05 00 000 1.1045506E+01 4.0040879E+00 -3.1845000E+00
2026 07 23 07 06 00 000 1.1035683E+01 4.0078697E+00 -3.1834090E+00
2026 07 23 07 07 00 000 1.1025824E+01 4.0116487E+00 -3.1823084E+00
2026 07 23 07 08 00 000 1.1015933E+01 4.0154195E+00 -3.1811969E+00
2026 07 23 07 09 00 000 1.1006006E+01 4.0191894E+00 -3.1800776E+00
2026 07 23 07 10 00 000 1.0996046E+01 4.0229530E+00 -3.1789463E+00
2026 07 23 07 11 00 000 1.0986053E+01 4.0267091E+00 -3.1778052E+00
2026 07 23 07 12 00 000 1.0976026E+01 4.0304632E+00 -3.1766536E+00
2026 07 23 07 13 00 000 1.0965961E+01 4.0342145E+00 -3.1754930E+00
2026 07 23 07 14 00 000 1.0955867E+01 4.0379601E+00 -3.1743212E+00
2026 07 23 07 15 00 000 1.0945736E+01 4.0416985E+00 -3.1731386E+00
2026 07 23 07 16 00 000 1.0935571E+01 4.0454364E+00 -3.1719468E+00
2026 07 23 07 17 00 000 1.0925372E+01 4.0491676E+00 -3.1707428E+00
2026 07 23 07 18 00 000 1.0915139E+01 4.0528927E+00 -3.1695285E+00
2026 07 23 07 19 00 000 1.0904872E+01 4.0566134E+00 -3.1683030E+00
2026 07 23 07 20 00 000 1.0894568E+01 4.0603318E+00 -3.1670680E+00
2026 07 23 07 21 00 000 1.0884233E+01 4.0640430E+00 -3.1658206E+00
2026 07 23 07 22 00 000 1.0873862E+01 4.0677519E+00 -3.1645627E+00
2026 07 23 07 23 00 000 1.0863456E+01 4.0714569E+00 -3.1632938E+00
2026 07 23 07 24 00 000 1.0853016E+01 4.0751553E+00 -3.1620135E+00
2026 07 23 07 25 00 000 1.0842542E+01 4.0788455E+00 -3.1607208E+00
2026 07 23 07 26 00 000 1.0832032E+01 4.0825362E+00 -3.1594176E+00
2026 07 23 07 27 00 000 1.0821487E+01 4.0862212E+00 -3.1581035E+00
2026 07 23 07 28 00 000 1.0810908E+01 4.0898995E+00 -3.1567767E+00
2026 07 23 07 29 00 000 1.0800295E+01 4.0935736E+00 -3.1554389E+00
2026 07 23 07 30 00 000 1.0789647E+01 4.0972457E+00 -3.1540892E+00
2026 07 23 07 31 00 000 1.0778963E+01 4.1009121E+00 -3.1527281E+00
2026 07 23 07 32 00 000 1.0768246E+01 4.1045709E+00 -3.1513536E+00
2026 07 23 07 33 00 000 1.0757492E+01 4.1082258E+00 -3.1499672E+00
2026 07 23 07 34 00 000 1.0746705E+01 4.1118789E+00 -3.1485698E+00
2026 07 23 07 35 00 000 1.0735881E+01 4.1155272E+00 -3.1471598E+00
2026 07 23 07 36 00 000 1.0725021E+01 4.1191673E+00 -3.1457372E+00
2026 07 23 07 37 00 000 1.0714128E+01 4.1228080E+00 -3.1443031E+00
2026 07 23 07 38 00 000 1.0703199E+01 4.1264415E+00 -3.1428561E+00
2026 07 23 07 39 00 000 1.0692236E+01 4.1300650E+00 -3.1413951E+00
2026 07 23 07 40 00 000 1.0681237E+01 4.1336884E+00 -3.1399224E+00
2026 07 23 07 41 00 000 1.0670203E+01 4.1373053E+00 -3.1384368E+00
2026 07 23 07 42 00 000 1.0659134E+01 4.1409183E+00 -3.1369379E+00
2026 07 23 07 43 00 000 1.0648028E+01 4.1445270E+00 -3.1354270E+00
2026 07 23 07 44 00 000 1.0636889E+01 4.1481290E+00 -3.1339023E+00
2026 07 23 07 45 00 000 1.0625712E+01 4.1517296E+00 -3.1323652E+00
2026 07 23 07 46 00 000 1.0614502E+01 4.1553216E+00 -3.1308143E+00
2026 07 23 07 47 00 000 1.0603253E+01 4.1589117E+00 -3.1292503E+00
2026 07 23 07 48 00 000 1.0591972E+01 4.1624951E+00 -3.1276727E+00
2026 07 23 07 49 00 000 1.0580652E+01 4.1660762E+00 -3.1260819E+00
2026 07 23 07 50 00 000 1.0569300E+01 4.1696467E+00 -3.1244769E+00
2026 07 23 07 51 00 000 1.0557910E+01 4.1732154E+00 -3.1228583E+00
2026 07 23 07 52 00 000 1.0546484E+01 4.1767802E+00 -3.1212261E+00
2026 07 23 07 53 00 000 1.0535021E+01 4.1803403E+00 -3.1195805E+00
2026 07 23 07 54 00 000 1.0523524E+01 4.1838937E+00 -3.1179204E+00
2026 07 23 07 55 00 000 1.0511992E+01 4.1874433E+00 -3.1162469E+00
2026 07 23 07 56 00 000 1.0500423E+01 4.1909862E+00 -3.1145580E+00
2026 07 23 07 57 00 000 1.0488816E+01 4.1945262E+00 -3.1128557E+00
2026 07 23 07 58 00 000 1.0477176E+01 4.1980577E+00 -3.1111383E+00
2026 07 23 07 59 00 000 1.0465498E+01 4.2015872E+00 -3.1094081E+00
2026 07 23 08 00 00 000 1.0453785E+01 4.2051096E+00 -3.1076620E+00
2026 07 23 08 01 00 000 1.0442036E+01 4.2086258E+00 -3.1059008E+00
2026 07 23 08 02 00 000 1.0430246E+01 4.2121425E+00 -3.1041267E+00
2026 07 23 08 03 00 000 1.0418427E+01 4.2156463E+00 -3.1023355E+00
2026 07 23 08 04 00 000 1.0406568E+01 4.2191510E+00 -3.1005311E+00
2026 07 23 08 05 00 000 1.0394670E+01 4.2226486E+00 -3.0987115E+00
2026 07 23 08 06 00 000 1.0382738E+01 4.2261419E+00 -3.0968769E+00
2026 07 23 08 07 00 000 1.0370770E+01 4.2296271E+00 -3.0950267E+00
2026 07 23 08 08 00 000 1.0358767E+01 4.2331076E+00 -3.0931611E+00
2026 07 23 08 09 00 000 1.0346724E+01 4.2365847E+00 -3.0912807E+00
2026 07 23 08 10 00 000 1.0334645E+01 4.2400551E+00 -3.0893846E+00
2026 07 23 08 11 00 000 1.0322530E+01 4.2435198E+00 -3.0874732E+00
2026 07 23 08 12 00 000 1.0310379E+01 4.2469788E+00 -3.0855451E+00
2026 07 23 08 13 00 000 1.0298189E+01 4.2504325E+00 -3.0836022E+00
2026 07 23 08 14 00 000 1.0285964E+01 4.2538838E+00 -3.0816438E+00
2026 07 23 08 15 00 000 1.0273701E+01 4.2573271E+00 -3.0796688E+00
2026 07 23 08 16 00 000 1.0261400E+01 4.2607660E+00 -3.0776784E+00
2026 07 23 08 17 00 000 1.0249064E+01 4.2641931E+00 -3.0756700E+00
2026 07 23 08 18 00 000 1.0236689E+01 4.2676239E+00 -3.0736480E+00
2026 07 23 08 19 00 000 1.0224278E+01 4.2710428E+00 -3.0716081E+00
2026 07 23 08 20 00 000 1.0211831E+01 4.2744560E+00 -3.0695517E+00
2026 07 23 08 21 00 000 1.0199345E+01 4.2778645E+00 -3.0674791E+00
2026 07 23 08 22 00 000 1.0186822E+01 4.2812696E+00 -3.0653903E+00
2026 07 23 08 23 00 000 1.0174260E+01 4.2846689E+00 -3.0632854E+00
2026 07 23 08 24 00 000 1.0161663E+01 4.2880583E+00 -3.0611622E+00
2026 07 23 08 25 00 000 1.0149029E+01 4.2914438E+00 -3.0590229E+00
2026 07 23 08 26 00 000 1.0136354E+01 4.2948246E+00 -3.0568666E+00
2026 07 23 08 27 00 000 1.0123645E+01 4.2981977E+00 -3.0546930E+00
2026 07 23 08 28 00 000 1.0110895E+01 4.3015699E+00 -3.0525036E+00
2026 07 23 08 29 00 000 1.0098110E+01 4.3049273E+00 -3.0502944E+00
2026 07 23 08 30 00 000 1.0085284E+01 4.3082886E+00 -3.0480707E+00
2026 07 23 08 31 00 000 1.0072423E+01 4.3116388E+00 -3.0458279E+00
2026 07 23 08 32 00 000 1.0059524E+01 4.3149819E+00 -3.0435679E+00
2026 07 23 08 33 00 000 1.0046586E+01 4.3183179E+00 -3.0412900E+00
2026 07 23 08 34 00 000 1.0033609E+01 4.3216510E+00 -3.0389948E+00
2026 07 23 08 35 00 000 1.0020597E+01 4.3249745E+00 -3.0366812E+00
2026 07 23 08 36 00 000 1.0007544E+01 4.3282962E+00 -3.0343506E+00
2026 07 23 08 37 00 000 9.9944515E+00 4.3316092E+00 -3.0320017E+00
2026 07 23 08 38 00 000 9.9813232E+00 4.3349166E+00 -3.0296345E+00
2026 07 23 08 39 00 000 9.9681587E+00 4.3382134E+00 -3.0272484E+00
2026 07 23 08 40 00 000 9.9549541E+00 4.3415041E+00 -3.0248439E+00
2026 07 23 08 41 00 000 9.9417076E+00 4.3447952E+00 -3.0224228E+00
2026 07 23 08 42 00 000 9.9284258E+00 4.3480740E+00 -3.0199819E+00
2026 07 23 08 43 00 000 9.9151058E+00 4.3513465E+00 -3.0175223E+00
2026 07 23 08 44 00 000 9.9017458E+00 4.3546157E+00 -3.0150447E+00
2026 07 23 08 45 00 000 9.8883457E+00 4.3578768E+00 -3.0125482E+00
2026 07 23 08 46 00 000 9.8749094E+00 4.3611293E+00 -3.0100327E+00
2026 07 23 08 47 00 000 9.8614340E+00 4.3643742E+00 -3.0074975E+00
2026 07 23 08 48 00 000 9.8479185E+00 4.3676147E+00 -3.0049443E+00
2026 07 23 08 49 00 000 9.8343639E+00 4.3708487E+00 -3.0023718E+00
2026 07 23 08 50 00 000 9.8207703E+00 4.3740749E+00 -2.9997799E+00
2026 07 23 08 51 00 000 9.8071375E+00 4.3772960E+00 -2.9971693E+00
2026 07 23 08 52 00 000 9.7934656E+00 4.3805060E+00 -2.9945376E+00
2026 07 23 08 53 00 000 9.7797556E+00 4.3837147E+00 -2.9918883E+00
2026 07 23 08 54 00 000 9.7660074E+00 4.3869052E+00 -2.9892166E+00
2026 07 23 08 55 00 000 9.7522154E+00 4.3900990E+00 -2.9865277E+00
2026 07 23 08 56 00 000 9.7383871E+00 4.3932848E+00 -2.9838192E+00
2026 07 23 08 57 00 000 9.7245188E+00 4.3964581E+00 -2.9810889E+00
2026 07 23 08 58 00 000 9.7106094E+00 4.3996291E+00 -2.9783399E+00
2026 07 23 08 59 00 000 9.6966629E+00 4.4027882E+00 -2.9755697E+00
2026 07 23 09 00 00 000 9.6826744E+00 4.4059439E+00 -2.9727807E+00
2026 07 23 09 01 00 000 9.6686497E+00 4.4090853E+00 -2.9699695E+00
2026 07 23 09 02 00 000 9.6545811E+00 4.4122267E+00 -2.9671400E+00
2026 07 23 09 03 00 000 9.6404743E+00 4.4153566E+00 -2.9642889E+00
2026 07 23 09 04 00 000 9.6263275E+00 4.4184790E+00 -2.9614172E+00
2026 07 23 09 05 00 000 9.6121387E+00 4.4215961E+00 -2.9585252E+00
2026 07 23 09 06 00 000 9.5979099E+00 4.4247055E+00 -2.9556131E+00
2026 07 23 09 07 00 000 9.5836439E+00 4.4278035E+00 -2.9526792E+00
2026 07 23 09 08 00 000 9.5693350E+00 4.4308934E+00 -2.9497232E+00
2026 07 23 09 09 00 000 9.5549870E+00 4.4339771E+00 -2.9467483E+00
2026 07 23 09 10 00 000 9.5405979E+00 4.4370508E+00 -2.9437506E+00
2026 07 23 09 11 00 000 9.5261688E+00 4.4401183E+00 -2.9407318E+00
2026 07 23 09 12 00 000 9.5116987E+00 4.4431748E+00 -2.9376919E+00
2026 07 23 09 13 00 000 9.4971867E+00 4.4462290E+00 -2.9346318E+00
2026 07 23 09 14 00 000 9.4826365E+00 4.4492664E+00 -2.9315481E+00
2026 07 23 09 15 00 000 9.4680443E+00 4.4523015E+00 -2.9284441E+00
2026 07 23 09 16 00 000 9.4534111E+00 4.4553270E+00 -2.9253182E+00
2026 07 23 09 17 00 000 9.4387360E+00 4.4583435E+00 -2.9221702E+00
2026 07 23 09 18 00 000 9.4240208E+00 4.4613485E+00 -2.9190001E+00
2026 07 23 09 19 00 000 9.4092655E+00 4.4643459E+00 -2.9158080E+00
2026 07 23 09 20 00 000 9.3944664E+00 4.4673357E+00 -2.9125941E+00
2026 07 23 09 21 00 000 9.3796282E+00 4.4703159E+00 -2.9093575E+00
2026 07 23 09 22 00 000 9.3647490E+00 4.4732852E+00 -2.9060986E+00
2026 07 23 09 23 00 000 9.3498259E+00 4.4762492E+00 -2.9028177E+00
2026 07 23 09 24 00 000 9.3348637E+00 4.4791994E+00 -2.8995135E+00
2026 07 23 09 25 00 000 9.3198586E+00 4.4821458E+00 -2.8961880E+00
2026 07 23 09 26 00 000 9.3048124E+00 4.4850779E+00 -2.8928387E+00
2026 07 23 09 27 00 000 9.2897224E+00 4.4880042E+00 -2.8894675E+00
2026 07 23 09 28 00 000 9.2745924E+00 4.4909196E+00 -2.8860724E+00
2026 07 23 09 29 00 000 9.2594204E+00 4.4938259E+00 -2.8826551E+00
2026 07 23 09 30 00 000 9.2442055E+00 4.4967203E+00 -2.8792140E+00
2026 07 23 09 31 00 000 9.2289486E+00 4.4996080E+00 -2.8757508E+00
2026 07 23 09 32 00 000 9.2136497E+00 4.5024829E+00 -2.8722630E+00
2026 07 23 09 33 00 000 9.1983099E+00 4.5053496E+00 -2.8687527E+00
2026 07 23 09 34 00 000 9.1829252E+00 4.5082068E+00 -2.8652191E+00
2026 07 23 09 35 00 000 9.1674995E+00 4.5110512E+00 -2.8616614E+00
2026 07 23 09 36 00 000 9.1520319E+00 4.5138860E+00 -2.8580797E+00
2026 07 23 09 37 00 000 9.1365204E+00 4.5167117E+00 -2.8544753E+00
2026 07 23 09 38 00 000 9.1209660E+00 4.5195274E+00 -2.8508468E+00
2026 07 23 09 39 00 000 9.1053705E+00 4.5223279E+00 -2.8471925E+00
2026 07 23 09 40 00 000 9.0897312E+00 4.5251231E+00 -2.8435163E+00
2026 07 23 09 41 00 000 9.0740480E+00 4.5279083E+00 -2.8398159E+00
2026 07 23 09 42 00 000 9.0583229E+00 4.5306768E+00 -2.8360901E+00
2026 07 23 09 43 00 000 9.0425549E+00 4.5334387E+00 -2.8323402E+00
2026 07 23 09 44 00 000 9.0267410E+00 4.5361896E+00 -2.8285670E+00
2026 07 23 09 45 00 000 9.0108881E+00 4.5389266E+00 -2.8247681E+00
2026 07 23 09 46 00 000 8.9949884E+00 4.5416546E+00 -2.8209450E+00
2026 07 23 09 47 00 000 8.9790459E+00 4.5443692E+00 -2.8170972E+00
2026 07 23 09 48 00 000 8.9630594E+00 4.5470757E+00 -2.8132248E+00
2026 07 23 09 49 00 000 8.9470301E+00 4.5497670E+00 -2.8093271E+00
2026 07 23 09 50 00 000 8.9309568E+00 4.5524483E+00 -2.8054047E+00
2026 07 23 09 51 00 000 8.9148397E+00 4.5551195E+00 -2.8014576E+00
2026 07 23 09 52 00 000 8.8986769E+00 4.5577779E+00 -2.7974851E+00
2026 07 23 09 53 00 000 8.8824739E+00 4.5604200E+00 -2.7934861E+00
2026 07 23 09 54 00 000 8.8662243E+00 4.5630550E+00 -2.7894635E+00
2026 07 23 09 55 00 000 8.8499289E+00 4.5656757E+00 -2.7854140E+00
2026 07 23 09 56 00 000 8.8335915E+00 4.5682826E+00 -2.7813394E+00
2026 07 23 09 57 00 000 8.8172073E+00 4.5708804E+00 -2.7772398E+00
2026 07 23 09 58 00 000 8.8007812E+00 4.5734630E+00 -2.7731137E+00
2026 07 23 09 59 00 000 8.7843084E+00 4.5760341E+00 -2.7689619E+00
2026 07 23 10 00 00 000 8.7677927E+00 4.5785904E+00 -2.7647843E+00
2026 07 23 10 01 00 000 8.7512321E+00 4.5811353E+00 -2.7605808E+00
2026 07 23 10 02 00 000 8.7346239E+00 4.5836673E+00 -2.7563508E+00
2026 07 23 10 03 00 000 8.7179728E+00 4.5861869E+00 -2.7520950E+00
2026 07 23 10 04 00 000 8.7012749E+00 4.5886912E+00 -2.7478130E+00
2026 07 23 10 05 00 000 8.6845322E+00 4.5911846E+00 -2.7435045E+00
2026 07 23 10 06 00 000 8.6677437E+00 4.5936618E+00 -2.7391691E+00
2026 07 23 10 07 00 000 8.6509123E+00 4.5961242E+00 -2.7348073E+00
2026 07 23 10 08 00 000 8.6340322E+00 4.5985761E+00 -2.7304194E+00
2026 07 23 10 09 00 000 8.6171083E+00 4.6010113E+00 -2.7260039E+00
2026 07 23 10 10 00 000 8.6001377E+00 4.6034346E+00 -2.7215624E+00
2026 07 23 10 11 00 000 8.5831223E+00 4.6058407E+00 -2.7170930E+00
2026 07 23 10 12 00 000 8.5660591E+00 4.6082349E+00 -2.7125971E+00
2026 07 23 10 13 00 000 8.5489502E+00 4.6106138E+00 -2.7080736E+00
2026 07 23 10 14 00 000 8.5317955E+00 4.6129794E+00 -2.7035241E+00
2026 07 23 10 15 00 000 8.5145950E+00 4.6153278E+00 -2.6989465E+00
2026 07 23 10 16 00 000 8.4973459E+00 4.6176629E+00 -2.6943417E+00
2026 07 23 10 17 00 000 8.4800549E+00 4.6199775E+00 -2.6897080E+00
2026 07 23 10 18 00 000 8.4627132E+00 4.6222835E+00 -2.6850488E+00
2026 07 23 10 19 00 000 8.4453239E+00 4.6245718E+00 -2.6803608E+00
2026 07 23 10 20 00 000 8.4278908E+00 4.6268430E+00 -2.6756446E+00
2026 07 23 10 21 00 000 8.4104090E+00 4.6291008E+00 -2.6709013E+00
2026 07 23 10 22 00 000 8.3928804E+00 4.6313410E+00 -2.6661301E+00
2026 07 23 10 23 00 000 8.3753052E+00 4.6335635E+00 -2.6613297E+00
2026 07 23 10 24 00 000 8.3576813E+00 4.6357770E+00 -2.6565039E+00
2026 07 23 10 25 00 000 8.3400097E+00 4.6379666E+00 -2.6516469E+00
2026 07 23 10 26 00 000 8.3222914E+00 4.6401429E+00 -2.6467631E+00
2026 07 23 10 27 00 000 8.3045235E+00 4.6423030E+00 -2.6418507E+00
2026 07 23 10 28 00 000 8.2867098E+00 4.6444449E+00 -2.6369095E+00
2026 07 23 10 29 00 000 8.2688484E+00 4.6465683E+00 -2.6319394E+00
2026 07 23 10 30 00 000 8.2509384E+00 4.6486764E+00 -2.6269417E+00
2026 07 23 10 31 00 000 8.2329798E+00 4.6507664E+00 -2.6219141E+00
2026 07 23 10 32 00 000 8.2149734E+00 4.6528392E+00 -2.6168585E+00
2026 07 23 10 33 00 000 8.1969175E+00 4.6548967E+00 -2.6117742E+00
2026 07 23 10 34 00 000 8.1788139E+00 4.6569324E+00 -2.6066601E+00
2026 07 23 10 35 00 000 8.1606607E+00 4.6589518E+00 -2.6015172E+00
2026 07 23 10 36 00 000 8.1424599E+00 4.6609507E+00 -2.5963447E+00
2026 07 23 10 37 00 000 8.1242085E+00 4.6629357E+00 -2.5911436E+00
2026 07 23 10 38 00 000 8.1059103E+00 4.6648989E+00 -2.5859127E+00
2026 07 23 10 39 00 000 8.0875607E+00 4.6668444E+00 -2.5806527E+00
2026 07 23 10 40 00 000 8.0691633E+00 4.6687689E+00 -2.5753624E+00
2026 07 23 10 41 00 000 8.0507145E+00 4.6706767E+00 -2.5700433E+00
2026 07 23 10 42 00 000 8.0322180E+00 4.6725631E+00 -2.5646939E+00
2026 07 23 10 43 00 000 8.0136719E+00 4.6744308E+00 -2.5593147E+00
2026 07 23 10 44 00 000 7.9950743E+00 4.6762800E+00 -2.5539060E+00
2026 07 23 10 45 00 000 7.9764247E+00 4.6781106E+00 -2.5484679E+00
2026 07 23 10 46 00 000 7.9577289E+00 4.6799178E+00 -2.5429988E+00
2026 07 23 10 47 00 000 7.9389825E+00 4.6817060E+00 -2.5375001E+00
2026 07 23 10 48 00 000 7.9201832E+00 4.6834745E+00 -2.5319710E+00
2026 07 23 10 49 00 000 7.9013348E+00 4.6852221E+00 -2.5264113E+00
2026 07 23 10 50 00 000 7.8824363E+00 4.6869454E+00 -2.5208209E+00
2026 07 23 10 51 00 000 7.8634853E+00 4.6886520E+00 -2.5152011E+00
2026 07 23 10 52 00 000 7.8444843E+00 4.6903334E+00 -2.5095494E+00
2026 07 23 10 53 00 000 7.8254342E+00 4.6919947E+00 -2.5038683E+00
2026 07 23 10 54 00 000 7.8063293E+00 4.6936355E+00 -2.4981554E+00
2026 07 23 10 55 00 000 7.7871733E+00 4.6952562E+00 -2.4924130E+00
2026 07 23 10 56 00 000 7.7679667E+00 4.6968517E+00 -2.4866395E+00
2026 07 23 10 57 00 000 7.7487092E+00 4.6984234E+00 -2.4808338E+00
2026 07 23 10 58 00 000 7.7294002E+00 4.6999741E+00 -2.4749980E+00
2026 07 23 10 59 00 000 7.7100382E+00 4.7015023E+00 -2.4691310E+00
2026 07 23 11 00 00 000 7.6906238E+00 4.7030063E+00 -2.4632318E+00
2026 07 23 11 01 00 000 7.6711569E+00 4.7044892E+00 -2.4573026E+00
2026 07 23 11 02 00 000 7.6516366E+00 4.7059464E+00 -2.4513412E+00
2026 07 23 11 03 00 000 7.6320667E+00 4.7073812E+00 -2.4453492E+00
2026 07 23 11 04 00 000 7.6124430E+00 4.7087903E+00 -2.4393244E+00
2026 07 23 11 05 00 000 7.5927649E+00 4.7101765E+00 -2.4332690E+00
2026 07 23 11 06 00 000 7.5730348E+00 4.7115388E+00 -2.4271817E+00
2026 07 23 11 07 00 000 7.5532498E+00 4.7128778E+00 -2.4210632E+00
2026 07 23 11 08 00 000 7.5334139E+00 4.7141881E+00 -2.4149120E+00
2026 07 23 11 09 00 000 7.5135226E+00 4.7154751E+00 -2.4087288E+00
2026 07 23 11 10 00 000 7.4935789E+00 4.7167358E+00 -2.4025140E+00
2026 07 23 11 11 00 000 7.4735813E+00 4.7179689E+00 -2.3962665E+00
2026 07 23 11 12 00 000 7.4535289E+00 4.7191801E+00 -2.3899877E+00
2026 07 23 11 13 00 000 7.4334216E+00 4.7203636E+00 -2.3836763E+00
2026 07 23 11 14 00 000 7.4132619E+00 4.7215199E+00 -2.3773324E+00
2026 07 23 11 15 00 000 7.3930464E+00 4.7226505E+00 -2.3709562E+00
2026 07 23 11 16 00 000 7.3727760E+00 4.7237549E+00 -2.3645480E+00
2026 07 23 11 17 00 000 7.3524523E+00 4.7248282E+00 -2.3581069E+00
2026 07 23 11 18 00 000 7.3320723E+00 4.7258763E+00 -2.3516328E+00
2026 07 23 11 19 00 000 7.3116369E+00 4.7268968E+00 -2.3451264E+00
2026 07 23 11 20 00 000 7.2911458E+00 4.7278910E+00 -2.3385878E+00
2026 07 23 11 21 00 000 7.2706013E+00 4.7288527E+00 -2.3320150E+00
2026 07 23 11 22 00 000 7.2499995E+00 4.7297878E+00 -2.3254106E+00
2026 07 23 11 23 00 000 7.2293410E+00 4.7306948E+00 -2.3187728E+00
2026 07 23 11 24 00 000 7.2086287E+00 4.7315698E+00 -2.3121014E+00
2026 07 23 11 25 00 000 7.1878567E+00 4.7324200E+00 -2.3053977E+00
2026 07 23 11 26 00 000 7.1670299E+00 4.7332392E+00 -2.2986612E+00
2026 07 23 11 27 00 000 7.1461492E+00 4.7340236E+00 -2.2918901E+00
2026 07 23 11 28 00 000 7.1252079E+00 4.7347817E+00 -2.2850864E+00
2026 07 23 11 29 00 000 7.1042113E+00 4.7355084E+00 -2.2782493E+00
2026 07 23 11 30 00 000 7.0831575E+00 4.7362032E+00 -2.2713785E+00
2026 07 23 11 31 00 000 7.0620456E+00 4.7368684E+00 -2.2644744E+00
2026 07 23 11 32 00 000 7.0408773E+00 4.7375016E+00 -2.2575371E+00
2026 07 23 11 33 00 000 7.0196500E+00 4.7381010E+00 -2.2505655E+00
2026 07 23 11 34 00 000 6.9983654E+00 4.7386694E+00 -2.2435598E+00
2026 07 23 11 35 00 000 6.9770217E+00 4.7392063E+00 -2.2365212E+00
2026 07 23 11 36 00 000 6.9556222E+00 4.7397070E+00 -2.2294481E+00
2026 07 23 11 37 00 000 6.9341626E+00 4.7401772E+00 -2.2223418E+00
2026 07 23 11 38 00 000 6.9126430E+00 4.7406144E+00 -2.2152009E+00
2026 07 23 11 39 00 000 6.8910670E+00 4.7410154E+00 -2.2080259E+00
2026 07 23 11 40 00 000 6.8694305E+00 4.7413845E+00 -2.2008171E+00
2026 07 23 11 41 00 000 6.8477349E+00 4.7417178E+00 -2.1935740E+00
2026 07 23 11 42 00 000 6.8259797E+00 4.7420168E+00 -2.1862969E+00
2026 07 23 11 43 00 000 6.8041644E+00 4.7422791E+00 -2.1789849E+00
2026 07 23 11 44 00 000 6.7822890E+00 4.7425075E+00 -2.1716392E+00
2026 07 23 11 45 00 000 6.7603559E+00 4.7426977E+00 -2.1642585E+00
2026 07 23 11 46 00 000 6.7383590E+00 4.7428541E+00 -2.1568437E+00
2026 07 23 11 47 00 000 6.7163043E+00 4.7429729E+00 -2.1493943E+00
2026 07 23 11 48 00 000 6.6941857E+00 4.7430558E+00 -2.1419101E+00
2026 07 23 11 49 00 000 6.6720095E+00 4.7430997E+00 -2.1343915E+00
2026 07 23 11 50 00 000 6.6497703E+00 4.7431049E+00 -2.1268380E+00
2026 07 23 11 51 00 000 6.6274691E+00 4.7430744E+00 -2.1192496E+00
2026 07 23 11 52 00 000 6.6051083E+00 4.7430034E+00 -2.1116269E+00
2026 07 23 11 53 00 000 6.5826840E+00 4.7428942E+00 -2.1039686E+00
2026 07 23 11 54 00 000 6.5601969E+00 4.7427459E+00 -2.0962758E+00
2026 07 23 11 55 00 000 6.5376496E+00 4.7425585E+00 -2.0885482E+00
2026 07 23 11 56 00 000 6.5150375E+00 4.7423315E+00 -2.0807853E+00
2026 07 23 11 57 00 000 6.4923663E+00 4.7420592E+00 -2.0729866E+00
2026 07 23 11 58 00 000 6.4696279E+00 4.7417517E+00 -2.0651538E+00
2026 07 23 11 59 00 000 6.4468284E+00 4.7413998E+00 -2.0572853E+00
2026 07 23 12 00 00 000 6.4239650E+00 4.7410078E+00 -2.0493817E+00
2026 07 23 12 01 00 000 6.4010372E+00 4.7405744E+00 -2.0414429E+00
2026 07 23 12 02 00 000 6.3780475E+00 4.7400956E+00 -2.0334687E+00
2026 07 23 12 03 00 000 6.3549910E+00 4.7395744E+00 -2.0254583E+00
2026 07 23 12 04 00 000 6.3318725E+00 4.7390099E+00 -2.0174134E+00
2026 07 23 12 05 00 000 6.3086877E+00 4.7384024E+00 -2.0093331E+00
2026 07 23 12 06 00 000 6.2854376E+00 4.7377510E+00 -2.0012167E+00
2026 07 23 12 07 00 000 6.2621236E+00 4.7370529E+00 -1.9930648E+00
2026 07 23 12 08 00 000 6.2387428E+00 4.7363119E+00 -1.9848775E+00
2026 07 23 12 09 00 000 6.2152958E+00 4.7355256E+00 -1.9766544E+00
2026 07 23 12 10 00 000 6.1917839E+00 4.7346911E+00 -1.9683954E+00
2026 07 23 12 11 00 000 6.1682067E+00 4.7338109E+00 -1.9601010E+00
2026 07 23 12 12 00 000 6.1445618E+00 4.7328835E+00 -1.9517704E+00
2026 07 23 12 13 00 000 6.1208510E+00 4.7319078E+00 -1.9434041E+00
2026 07 23 12 14 00 000 6.0970721E+00 4.7308855E+00 -1.9350022E+00
2026 07 23 12 15 00 000 6.0732284E+00 4.7298107E+00 -1.9265637E+00
2026 07 23 12 16 00 000 6.0493145E+00 4.7286921E+00 -1.9180900E+00
2026 07 23 12 17 00 000 6.0253325E+00 4.7275219E+00 -1.9095801E+00
2026 07 23 12 18 00 000 6.0012851E+00 4.7263017E+00 -1.9010340E+00
2026 07 23 12 19 00 000 5.9771667E+00 4.7250323E+00 -1.8924522E+00
2026 07 23 12 20 00 000 5.9529810E+00 4.7237091E+00 -1.8838336E+00
2026 07 23 12 21 00 000 5.9287271E+00 4.7223353E+00 -1.8751795E+00
2026 07 23 12 22 00 000 5.9044027E+00 4.7209105E+00 -1.8664888E+00
2026 07 23 12 23 00 000 5.8800087E+00 4.7194338E+00 -1.8577623E+00
2026 07 23 12 24 00 000 5.8555455E+00 4.7179012E+00 -1.8489993E+00
2026 07 23 12 25 00 000 5.8310127E+00 4.7163157E+00 -1.8401998E+00
2026 07 23 12 26 00 000 5.8064084E+00 4.7146769E+00 -1.8313648E+00
2026 07 23 12 27 00 000 5.7817330E+00 4.7129836E+00 -1.8224931E+00
2026 07 23 12 28 00 000 5.7569880E+00 4.7112346E+00 -1.8135848E+00
2026 07 23 12 29 00 000 5.7321725E+00 4.7094288E+00 -1.8046404E+00
2026 07 23 12 30 00 000 5.7072821E+00 4.7075677E+00 -1.7956593E+00
2026 07 23 12 31 00 000 5.6823225E+00 4.7056479E+00 -1.7866421E+00
2026 07 23 12 32 00 000 5.6572909E+00 4.7036710E+00 -1.7775885E+00
2026 07 23 12 33 00 000 5.6321855E+00 4.7016363E+00 -1.7684983E+00
2026 07 23 12 34 00 000 5.6070085E+00 4.6995411E+00 -1.7593714E+00
2026 07 23 12 35 00 000 5.5817566E+00 4.6973896E+00 -1.7502085E+00
2026 07 23 12 36 00 000 5.5564313E+00 4.6951766E+00 -1.7410088E+00
2026 07 23 12 37 00 000 5.5310335E+00 4.6929035E+00 -1.7317730E+00
2026 07 23 12 38 00 000 5.5055604E+00 4.6905670E+00 -1.7225001E+00
2026 07 23 12 39 00 000 5.4800148E+00 4.6881680E+00 -1.7131906E+00
2026 07 23 12 40 00 000 5.4543924E+00 4.6857071E+00 -1.7038447E+00
2026 07 23 12 41 00 000 5.4286957E+00 4.6831851E+00 -1.6944624E+00
2026 07 23 12 42 00 000 5.4029226E+00 4.6805978E+00 -1.6850437E+00
2026 07 23 12 43 00 000 5.3770738E+00 4.6779456E+00 -1.6755877E+00
2026 07 23 12 44 00 000 5.3511491E+00 4.6752286E+00 -1.6660955E+00
2026 07 23 12 45 00 000 5.3251500E+00 4.6724424E+00 -1.6565667E+00
2026 07 23 12 46 00 000 5.2990718E+00 4.6695910E+00 -1.6470008E+00
2026 07 23 12 47 00 000 5.2729163E+00 4.6666737E+00 -1.6373987E+00
2026 07 23 12 48 00 000 5.2466841E+00 4.6636863E+00 -1.6277601E+00
2026 07 23 12 49 00 000 5.2203736E+00 4.6606317E+00 -1.6180847E+00
2026 07 23 12 50 00 000 5.1939850E+00 4.6575055E+00 -1.6083726E+00
2026 07 23 12 51 00 000 5.1675186E+00 4.6543102E+00 -1.5986241E+00
2026 07 23 12 52 00 000 5.1409721E+00 4.6510429E+00 -1.5888386E+00
2026 07 23 12 53 00 000 5.1143460E+00 4.6477041E+00 -1.5790164E+00
2026 07 23 12 54 00 000 5.0876389E+00 4.6442933E+00 -1.5691580E+00
2026 07 23 12 55 00 000 5.0608544E+00 4.6408067E+00 -1.5592629E+00
2026 07 23 12 56 00 000 5.0339875E+00 4.6372476E+00 -1.5493309E+00
2026 07 23 12 57 00 000 5.0070395E+00 4.6336136E+00 -1.5393627E+00
2026 07 23 12 58 00 000 4.9800115E+00 4.6299033E+00 -1.5293580E+00
2026 07 23 12 59 00 000 4.9528995E+00 4.6261158E+00 -1.5193163E+00
2026 07 23 13 00 00 000 4.9257069E+00 4.6222506E+00 -1.5092379E+00
2026 07 23 13 01 00 000 4.8984313E+00 4.6183076E+00 -1.4991237E+00
2026 07 23 13 02 00 000 4.8710737E+00 4.6142836E+00 -1.4889724E+00
2026 07 23 13 03 00 000 4.8436308E+00 4.6101823E+00 -1.4787848E+00
2026 07 23 13 04 00 000 4.8161044E+00 4.6059980E+00 -1.4685607E+00
2026 07 23 13 05 00 000 4.7884936E+00 4.6017323E+00 -1.4582998E+00
2026 07 23 13 06 00 000 4.7607999E+00 4.5973816E+00 -1.4480026E+00
2026 07 23 13 07 00 000 4.7330189E+00 4.5929494E+00 -1.4376693E+00
2026 07 23 13 08 00 000 4.7051539E+00 4.5884318E+00 -1.4272999E+00
2026 07 23 13 09 00 000 4.6772022E+00 4.5838284E+00 -1.4168934E+00
2026 07 23 13 10 00 000 4.6491642E+00 4.5791383E+00 -1.4064511E+00
2026 07 23 13 11 00 000 4.6210384E+00 4.5743599E+00 -1.3959719E+00
2026 07 23 13 12 00 000 4.5928268E+00 4.5694923E+00 -1.3854569E+00
2026 07 23 13 13 00 000 4.5645266E+00 4.5645366E+00 -1.3749056E+00
2026 07 23 13 14 00 000 4.5361395E+00 4.5594878E+00 -1.3643184E+00
2026 07 23 13 15 00 000 4.5076618E+00 4.5543485E+00 -1.3536947E+00
2026 07 23 13 16 00 000 4.4790940E+00 4.5491185E+00 -1.3430353E+00
2026 07 23 13 17 00 000 4.4504385E+00 4.5437927E+00 -1.3323396E+00
2026 07 23 13 18 00 000 4.4216924E+00 4.5383701E+00 -1.3216079E+00
2026 07 23 13 19 00 000 4.3928547E+00 4.5328536E+00 -1.3108402E+00
2026 07 23 13 20 00 000 4.3639274E+00 4.5272393E+00 -1.3000370E+00
2026 07 23 13 21 00 000 4.3349071E+00 4.5215268E+00 -1.2891977E+00
2026 07 23 13 22 00 000 4.3057938E+00 4.5157156E+00 -1.2783226E+00
2026 07 23 13 23 00 000 4.2765889E+00 4.5098028E+00 -1.2674119E+00
2026 07 23 13 24 00 000 4.2472901E+00 4.5037875E+00 -1.2564652E+00
2026 07 23 13 25 00 000 4.2179003E+00 4.4976678E+00 -1.2454834E+00
2026 07 23 13 26 00 000 4.1884141E+00 4.4914460E+00 -1.2344657E+00
2026 07 23 13 27 00 000 4.1588321E+00 4.4851189E+00 -1.2234130E+00
2026 07 23 13 28 00 000 4.1291571E+00 4.4786835E+00 -1.2123247E+00
2026 07 23 13 29 00 000 4.0993843E+00 4.4721389E+00 -1.2012005E+00
2026 07 23 13 30 00 000 4.0695152E+00 4.4654880E+00 -1.1900424E+00
2026 07 23 13 31 00 000 4.0395508E+00 4.4587231E+00 -1.1788481E+00
2026 07 23 13 32 00 000 4.0094886E+00 4.4518466E+00 -1.1676190E+00
2026 07 23 13 33 00 000 3.9793286E+00 4.4448571E+00 -1.1563555E+00
2026 07 23 13 34 00 000 3.9490683E+00 4.4377532E+00 -1.1450564E+00
2026 07 23 13 35 00 000 3.9187090E+00 4.4305320E+00 -1.1337229E+00
2026 07 23 13 36 00 000 3.8882494E+00 4.4231939E+00 -1.1223544E+00
2026 07 23 13 37 00 000 3.8576913E+00 4.4157338E+00 -1.1109515E+00
2026 07 23 13 38 00 000 3.8270323E+00 4.4081540E+00 -1.0995144E+00
2026 07 23 13 39 00 000 3.7962704E+00 4.4004531E+00 -1.0880427E+00
2026 07 23 13 40 00 000 3.7654064E+00 4.3926272E+00 -1.0765365E+00
2026 07 23 13 41 00 000 3.7344396E+00 4.3846769E+00 -1.0649965E+00
2026 07 23 13 42 00 000 3.7033687E+00 4.3765988E+00 -1.0534220E+00
2026 07 23 13 43 00 000 3.6721964E+00 4.3683906E+00 -1.0418143E+00
2026 07 23 13 44 00 000 3.6409166E+00 4.3600535E+00 -1.0301726E+00
2026 07 23 13 45 00 000 3.6095338E+00 4.3515821E+00 -1.0184972E+00
2026 07 23 13 46 00 000 3.5780447E+00 4.3429780E+00 -1.0067886E+00
2026 07 23 13 47 00 000 3.5464478E+00 4.3342381E+00 -9.9504620E-01
2026 07 23 13 48 00 000 3.5147440E+00 4.3253608E+00 -9.8327088E-01
2026 07 23 13 49 00 000 3.4829326E+00 4.3163428E+00 -9.7146201E-01
2026 07 23 13 50 00 000 3.4510128E+00 4.3071847E+00 -9.5962059E-01
2026 07 23 13 51 00 000 3.4189830E+00 4.2978840E+00 -9.4774675E-01
2026 07 23 13 52 00 000 3.3868454E+00 4.2884359E+00 -9.3584013E-01
2026 07 23 13 53 00 000 3.3545954E+00 4.2788424E+00 -9.2390114E-01
2026 07 23 13 54 00 000 3.3222344E+00 4.2690997E+00 -9.1192925E-01
2026 07 23 13 55 00 000 3.2897618E+00 4.2592044E+00 -8.9992625E-01
2026 07 23 13 56 00 000 3.2571754E+00 4.2491565E+00 -8.8789046E-01
2026 07 23 13 57 00 000 3.2244773E+00 4.2389526E+00 -8.7582326E-01
2026 07 23 13 58 00 000 3.1916633E+00 4.2285914E+00 -8.6372483E-01
2026 07 23 13 59 00 000 3.1587365E+00 4.2180705E+00 -8.5159576E-01
2026 07 23 14 00 00 000 3.1256931E+00 4.2073855E+00 -8.3943433E-01
2026 07 23 14 01 00 000 3.0925319E+00 4.1965389E+00 -8.2724249E-01
2026 07 23 14 02 00 000 3.0592546E+00 4.1855230E+00 -8.1501997E-01
2026 07 23 14 03 00 000 3.0258608E+00 4.1743383E+00 -8.0276734E-01
2026 07 23 14 04 00 000 2.9923472E+00 4.1629815E+00 -7.9048467E-01
2026 07 23 14 05 00 000 2.9587150E+00 4.1514506E+00 -7.7817178E-01
2026 07 23 14 06 00 000 2.9249625E+00 4.1397419E+00 -7.6582915E-01
2026 07 23 14 07 00 000 2.8910894E+00 4.1278529E+00 -7.5345743E-01
2026 07 23 14 08 00 000 2.8570933E+00 4.1157832E+00 -7.4105626E-01
2026 07 23 14 09 00 000 2.8229764E+00 4.1035256E+00 -7.2862661E-01
2026 07 23 14 10 00 000 2.7887354E+00 4.0910811E+00 -7.1616811E-01
2026 07 23 14 11 00 000 2.7543714E+00 4.0784459E+00 -7.0368183E-01
2026 07 23 14 12 00 000 2.7198825E+00 4.0656157E+00 -6.9116759E-01
2026 07 23 14 13 00 000 2.6852684E+00 4.0525885E+00 -6.7862570E-01
2026 07 23 14 14 00 000 2.6505270E+00 4.0393610E+00 -6.6605622E-01
2026 07 23 14 15 00 000 2.6156580E+00 4.0259304E+00 -6.5345967E-01
2026 07 23 14 16 00 000 2.5806625E+00 4.0122914E+00 -6.4083707E-01
2026 07 23 14 17 00 000 2.5455370E+00 3.9984436E+00 -6.2818807E-01
2026 07 23 14 18 00 000 2.5102828E+00 3.9843817E+00 -6.1551350E-01
2026 07 23 14 19 00 000 2.4748969E+00 3.9701035E+00 -6.0281354E-01
2026 07 23 14 20 00 000 2.4393802E+00 3.9556029E+00 -5.9008801E-01
2026 07 23 14 21 00 000 2.4037318E+00 3.9408784E+00 -5.7733804E-01
2026 07 23 14 22 00 000 2.3679502E+00 3.9259262E+00 -5.6456423E-01
2026 07 23 14 23 00 000 2.3320346E+00 3.9107418E+00 -5.5176663E-01
2026 07 23 14 24 00 000 2.2959855E+00 3.8953192E+00 -5.3894591E-01
2026 07 23 14 25 00 000 2.2598009E+00 3.8796573E+00 -5.2610260E-01
2026 07 23 14 26 00 000 2.2234788E+00 3.8637509E+00 -5.1323676E-01
2026 07 23 14 27 00 000 2.1870203E+00 3.8475955E+00 -5.0034946E-01
2026 07 23 14 28 00 000 2.1504240E+00 3.8311853E+00 -4.8744103E-01
2026 07 23 14 29 00 000 2.1136887E+00 3.8145189E+00 -4.7451195E-01
2026 07 23 14 30 00 000 2.0768149E+00 3.7975881E+00 -4.6156281E-01
2026 07 23 14 31 00 000 2.0398011E+00 3.7803905E+00 -4.4859505E-01
2026 07 23 14 32 00 000 2.0026462E+00 3.7629189E+00 -4.3560818E-01
2026 07 23 14 33 00 000 1.9653490E+00 3.7451704E+00 -4.2260340E-01
2026 07 23 14 34 00 000 1.9279099E+00 3.7271378E+00 -4.0958121E-01
2026 07 23 14 35 00 000 1.8903267E+00 3.7088172E+00 -3.9654225E-01
2026 07 23 14 36 00 000 1.8525997E+00 3.6902030E+00 -3.8348779E-01
2026 07 23 14 37 00 000 1.8147275E+00 3.6712880E+00 -3.7041786E-01
2026 07 23 14 38 00 000 1.7767116E+00 3.6520667E+00 -3.5733405E-01
2026 07 23 14 39 00 000 1.7385492E+00 3.6325333E+00 -3.4423691E-01
2026 07 23 14 40 00 000 1.7002393E+00 3.6126816E+00 -3.3112711E-01
2026 07 23 14 41 00 000 1.6617823E+00 3.5925055E+00 -3.1800598E-01
2026 07 23 14 42 00 000 1.6231781E+00 3.5719965E+00 -3.0487436E-01
2026 07 23 14 43 00 000 1.5844243E+00 3.5511491E+00 -2.9173285E-01
2026 07 23 14 44 00 000 1.5455234E+00 3.5299561E+00 -2.7858320E-01
2026 07 23 14 45 00 000 1.5064727E+00 3.5084088E+00 -2.6542628E-01
2026 07 23 14 46 00 000 1.4672717E+00 3.4865007E+00 -2.5226298E-01
2026 07 23 14 47 00 000 1.4279211E+00 3.4642231E+00 -2.3909472E-01
2026 07 23 14 48 00 000 1.3884205E+00 3.4415693E+00 -2.2592331E-01
2026 07 23 14 49 00 000 1.3487697E+00 3.4185295E+00 -2.1274923E-01
2026 07 23 14 50 00 000 1.3089675E+00 3.3950946E+00 -1.9957429E-01
2026 07 23 14 51 00 000 1.2690139E+00 3.3712568E+00 -1.8639967E-01
2026 07 23 14 52 00 000 1.2289119E+00 3.3470054E+00 -1.7322817E-01
2026 07 23 14 53 00 000 1.1886572E+00 3.3223314E+00 -1.6005976E-01
2026 07 23 14 54 00 000 1.1482527E+00 3.2972245E+00 -1.4689671E-01
2026 07 23 14 55 00 000 1.1076984E+00 3.2716753E+00 -1.3374147E-01
2026 07 23 14 56 00 000 1.0669951E+00 3.2456701E+00 -1.2059574E-01
2026 07 23 14 57 00 000 1.0261420E+00 3.2192006E+00 -1.0746073E-01
2026 07 23 14 58 00 000 9.8514187E-01 3.1922526E+00 -9.4339527E-02
2026 07 23 14 59 00 000 9.4399381E-01 3.1648161E+00 -8.1234179E-02
2026 07 23 15 00 00 000 9.0270036E-01 3.1368768E+00 -6.8146847E-02
2026 07 23 15 01 00 000 8.6126101E-01 3.1084235E+00 -5.5079825E-02
2026 07 23 15 02 00 000 8.1967974E-01 3.0794404E+00 -4.2036485E-02
2026 07 23 15 03 00 000 7.7795678E-01 3.0499146E+00 -2.9019050E-02
2026 07 23 15 04 00 000 7.3609465E-01 3.0198307E+00 -1.6030585E-02
2026 07 23 15 05 00 000 6.9409674E-01 2.9891727E+00 -3.0749992E-03
2026 07 23 15 06 00 000 6.5196401E-01 2.9579265E+00 9.8451022E-03
2026 07 23 15 07 00 000 6.0970080E-01 2.9260740E+00 2.2725733E-02
2026 07 23 15 08 00 000 5.6730926E-01 2.8935978E+00 3.5563827E-02
2026 07 23 15 09 00 000 5.2479410E-01 2.8604805E+00 4.8354711E-02
2026 07 23 15 10 00 000 4.8216012E-01 2.8267028E+00 6.1094016E-02
2026 07 23 15 11 00 000 4.3941182E-01 2.7922447E+00 7.3777296E-02
2026 07 23 15 12 00 000 3.9655608E-01 2.7570853E+00 8.6399034E-02
2026 07 23 15 13 00 000 3.5359672E-01 2.7212043E+00 9.8954707E-02
2026 07 23 15 14 00 000 3.1054202E-01 2.6845784E+00 1.1143880E-01
2026 07 23 15 15 00 000 2.6739904E-01 2.6471837E+00 1.2384494E-01
2026 07 23 15 16 00 000 2.2417620E-01 2.6089964E+00 1.3616700E-01
2026 07 23 15 17 00 000 1.8088490E-01 2.5699909E+00 1.4839703E-01
2026 07 23 15 18 00 000 1.3753344E-01 2.5301402E+00 1.6052896E-01
2026 07 23 15 19 00 000 9.4134249E-02 2.4894166E+00 1.7255458E-01
2026 07 23 15 20 00 000 5.0701525E-02 2.4477904E+00 1.8446432E-01
2026 07 23 15 21 00 000 7.2480659E-03 2.4052317E+00 1.9625005E-01
2026 07 23 15 22 00 000 -3.6209069E-02 2.3617079E+00 2.0790148E-01
2026 07 23 15 23 00 000 -7.9651378E-02 2.3171866E+00 2.1940759E-01
2026 07 23 15 24 00 000 -1.2305982E-01 2.2716320E+00 2.3075712E-01
2026 07 23 15 25 00 000 -1.6641194E-01 2.2250087E+00 2.4193768E-01
2026 07 23 15 26 00 000 -2.0968379E-01 2.1772788E+00 2.5293604E-01
2026 07 23 15 27 00 000 -2.5284788E-01 2.1284022E+00 2.6373726E-01
2026 07 23 15 28 00 000 -2.9587269E-01 2.0783393E+00 2.7432546E-01
2026 07 23 15 29 00 000 -3.3872575E-01 2.0270474E+00 2.8468338E-01
2026 07 23 15 30 00 000 -3.8136882E-01 1.9744819E+00 2.9479259E-01
2026 07 23 15 31 00 000 -4.2376053E-01 1.9205981E+00 3.0463335E-01
2026 07 23 15 32 00 000 -4.6585488E-01 1.8653493E+00 3.1418338E-01
2026 07 23 15 33 00 000 -5.0760067E-01 1.8086880E+00 3.2341930E-01
2026 07 23 15 34 00 000 -5.4894024E-01 1.7505652E+00 3.3231524E-01
2026 07 23 15 35 00 000 -5.8981061E-01 1.6909316E+00 3.4084353E-01
2026 07 23 15 36 00 000 -6.3014138E-01 1.6297376E+00 3.4897363E-01
2026 07 23 15 37 00 000 -6.6985458E-01 1.5669340E+00 3.5667309E-01
2026 07 23 15 38 00 000 -7.0886344E-01 1.5024726E+00 3.6390576E-01
2026 07 23 15 39 00 000 -7.4707353E-01 1.4363064E+00 3.7063444E-01
2026 07 23 15 40 00 000 -7.8437883E-01 1.3683914E+00 3.7681708E-01
2026 07 23 15 41 00 000 -8.2066339E-01 1.2986881E+00 3.8240930E-01
2026 07 23 15 42 00 000 -8.5580027E-01 1.2271606E+00 3.8736415E-01
2026 07 23 15 43 00 000 -8.8965076E-01 1.1537822E+00 3.9163047E-01
2026 07 23 15 44 00 000 -9.2206305E-01 1.0785342E+00 3.9515510E-01
2026 07 23 15 45 00 000 -9.5287395E-01 1.0014092E+00 3.9788109E-01
2026 07 23 15 46 00 000 -9.8190755E-01 9.2241466E-01 3.9975017E-01
2026 07 23 15 47 00 000 -1.0089777E+00 8.4157407E-01 4.0070155E-01
2026 07 23 15 48 00 000 -1.0338870E+00 7.5893205E-01 4.0067360E-01
2026 07 23 15 49 00 000 -1.0564308E+00 6.7455578E-01 3.9960501E-01
2026 07 23 15 50 00 000 -1.0763994E+00 5.8853942E-01 3.9743534E-01
2026 07 23 15 51 00 000 -1.0935827E+00 5.0100529E-01 3.9410797E-01
2026 07 23 15 52 00 000 -1.1077734E+00 4.1210839E-01 3.8957006E-01
2026 07 23 15 53 00 000 -1.1187750E+00 3.2203311E-01 3.8377681E-01
2026 07 23 15 54 00 000 -1.1264063E+00 2.3099907E-01 3.7669167E-01
2026 07 23 15 55 00 000 -1.1305099E+00 1.3925454E-01 3.6828914E-01
2026 07 23 15 56 00 000 -1.1309571E+00 4.7073837E-02 3.5855746E-01
2026 07 23 15 57 00 000 -1.1276566E+00 -4.5246538E-02 3.4749845E-01
2026 07 23 15 58 00 000 -1.1205568E+00 -1.3739604E-01 3.3512935E-01
2026 07 23 15 59 00 000 -1.1096509E+00 -2.2906004E-01 3.2148322E-01
2026 07 23 16 00 00 000 -1.0949770E+00 -3.1992540E-01 3.0660737E-01
2026 07 23 16 01 00 000 -1.0766174E+00 -4.0969148E-01 2.9056257E-01
2026 07 23 16 02 00 000 -1.0546954E+00 -4.9807814E-01 2.7342102E-01
2026 07 23 16 03 00 000 -1.0293698E+00 -5.8483213E-01 2.5526398E-01
2026 07 23 16 04 00 000 -1.0008287E+00 -6.6973346E-01 2.3617892E-01
2026 07 23 16 05 00 000 -9.6928245E-01 -7.5259608E-01 2.1625651E-01
2026 07 23 16 06 00 000 -9.3495506E-01 -8.3327156E-01 1.9558866E-01
2026 07 23 16 07 00 000 -8.9807934E-01 -9.1164666E-01 1.7426586E-01
2026 07 23 16 08 00 000 -8.5888934E-01 -9.8764235E-01 1.5237543E-01
2026 07 23 16 09 00 000 -8.1761521E-01 -1.0612106E+00 1.3000034E-01
2026 07 23 16 10 00 000 -7.7447927E-01 -1.1323308E+00 1.0721776E-01
2026 07 23 16 11 00 000 -7.2969228E-01 -1.2010055E+00 8.4098592E-02
2026 07 23 16 12 00 000 -6.8345344E-01 -1.2672571E+00 6.0707763E-02
2026 07 23 16 13 00 000 -6.3594633E-01 -1.3311241E+00 3.7103280E-02
2026 07 23 16 14 00 000 -5.8733988E-01 -1.3926574E+00 1.3337259E-02
2026 07 23 16 15 00 000 -5.3778863E-01 -1.4519169E+00 -1.0544376E-02
2026 07 23 16 16 00 000 -4.8743382E-01 -1.5089701E+00 -3.4500584E-02
2026 07 23 16 17 00 000 -4.3639988E-01 -1.5638890E+00 -5.8496453E-02
2026 07 23 16 18 00 000 -3.8480103E-01 -1.6167482E+00 -8.2500793E-02
2026 07 23 16 19 00 000 -3.3273873E-01 -1.6676239E+00 -1.0648704E-01
2026 07 23 16 20 00 000 -2.8030264E-01 -1.7165924E+00 -1.3043222E-01
2026 07 23 16 21 00 000 -2.2757387E-01 -1.7637299E+00 -1.5431634E-01
2026 07 23 16 22 00 000 -1.7462233E-01 -1.8091109E+00 -1.7812303E-01
2026 07 23 16 23 00 000 -1.2151281E-01 -1.8528081E+00 -2.0183708E-01
2026 07 23 16 24 00 000 -6.8299085E-02 -1.8948915E+00 -2.2544722E-01
2026 07 23 16 25 00 000 -1.5031788E-02 -1.9354295E+00 -2.4894273E-01
2026 07 23 16 26 00 000 3.8246989E-02 -1.9744869E+00 -2.7231574E-01
2026 07 23 16 27 00 000 9.1498032E-02 -2.0121267E+00 -2.9555839E-01
2026 07 23 16 28 00 000 1.4468868E-01 -2.0484085E+00 -3.1866521E-01
2026 07 23 16 29 00 000 1.9778979E-01 -2.0833893E+00 -3.4163180E-01
2026 07 23 16 30 00 000 2.5077501E-01 -2.1171238E+00 -3.6445394E-01
2026 07 23 16 31 00 000 3.0362222E-01 -2.1496627E+00 -3.8712916E-01
2026 07 23 16 32 00 000 3.5631323E-01 -2.1810555E+00 -4.0965539E-01
2026 07 23 16 33 00 000 4.0882832E-01 -2.2113495E+00 -4.3202999E-01
2026 07 23 16 34 00 000 4.6115473E-01 -2.2405887E+00 -4.5425320E-01
2026 07 23 16 35 00 000 5.1327848E-01 -2.2688146E+00 -4.7632307E-01
2026 07 23 16 36 00 000 5.6518930E-01 -2.2960672E+00 -4.9824044E-01
2026 07 23 16 37 00 000 6.1687839E-01 -2.3223846E+00 -5.2000499E-01
2026 07 23 16 38 00 000 6.6833496E-01 -2.3478034E+00 -5.4161596E-01
2026 07 23 16 39 00 000 7.1955472E-01 -2.3723564E+00 -5.6307542E-01
2026 07 23 16 40 00 000 7.7053136E-01 -2.3960772E+00 -5.8438325E-01
2026 07 23 16 41 00 000 8.2125878E-01 -2.4189959E+00 -6.0554039E-01
2026 07 23 16 42 00 000 8.7173522E-01 -2.4411414E+00 -6.2654883E-01
2026 07 23 16 43 00 000 9.2195576E-01 -2.4625421E+00 -6.4740896E-01
2026 07 23 16 44 00 000 9.7191799E-01 -2.4832239E+00 -6.6812158E-01
2026 07 23 16 45 00 000 1.0216202E+00 -2.5032127E+00 -6.8868840E-01
2026 07 23 16 46 00 000 1.0710613E+00 -2.5225317E+00 -7.0911115E-01
2026 07 23 16 47 00 000 1.1202401E+00 -2.5412035E+00 -7.2939134E-01
2026 07 23 16 48 00 000 1.1691563E+00 -2.5592506E+00 -7.4953020E-01
2026 07 23 16 49 00 000 1.2178086E+00 -2.5766931E+00 -7.6952863E-01
2026 07 23 16 50 00 000 1.2661982E+00 -2.5935502E+00 -7.8938937E-01
2026 07 23 16 51 00 000 1.3143246E+00 -2.6098423E+00 -8.0911231E-01
2026 07 23 16 52 00 000 1.3621898E+00 -2.6255856E+00 -8.2870102E-01
2026 07 23 16 53 00 000 1.4097936E+00 -2.6407979E+00 -8.4815562E-01
2026 07 23 16 54 00 000 1.4571378E+00 -2.6554956E+00 -8.6747813E-01
2026 07 23 16 55 00 000 1.5042238E+00 -2.6696935E+00 -8.8667047E-01
2026 07 23 16 56 00 000 1.5510507E+00 -2.6834090E+00 -9.0573257E-01
2026 07 23 16 57 00 000 1.5976236E+00 -2.6966534E+00 -9.2466825E-01
2026 07 23 16 58 00 000 1.6439408E+00 -2.7094426E+00 -9.4347709E-01
2026 07 23 16 59 00 000 1.6900055E+00 -2.7217896E+00 -9.6216130E-01
2026 07 23 17 00 00 000 1.7358203E+00 -2.7337048E+00 -9.8072302E-01
2026 07 23 17 01 00 000 1.7813864E+00 -2.7452023E+00 -9.9916261E-01
2026 07 23 17 02 00 000 1.8267040E+00 -2.7562945E+00 -1.0174810E+00
2026 07 23 17 03 00 000 1.8717779E+00 -2.7669897E+00 -1.0356811E+00
2026 07 23 17 04 00 000 1.9166087E+00 -2.7773008E+00 -1.0537635E+00
2026 07 23 17 05 00 000 1.9611980E+00 -2.7872374E+00 -1.0717298E+00
2026 07 23 17 06 00 000 2.0055490E+00 -2.7968094E+00 -1.0895809E+00
2026 07 23 17 07 00 000 2.0496624E+00 -2.8060265E+00 -1.1073183E+00
2026 07 23 17 08 00 000 2.0935419E+00 -2.8148971E+00 -1.1249435E+00
2026 07 23 17 09 00 000 2.1371896E+00 -2.8234303E+00 -1.1424575E+00
2026 07 23 17 10 00 000 2.1806049E+00 -2.8316362E+00 -1.1598604E+00
2026 07 23 17 11 00 000 2.2237940E+00 -2.8395195E+00 -1.1771559E+00
2026 07 23 17 12 00 000 2.2667558E+00 -2.8470910E+00 -1.1943430E+00
2026 07 23 17 13 00 000 2.3094945E+00 -2.8543572E+00 -1.2114241E+00
2026 07 23 17 14 00 000 2.3520100E+00 -2.8613267E+00 -1.2283992E+00
2026 07 23 17 15 00 000 2.3943067E+00 -2.8680038E+00 -1.2452704E+00
2026 07 23 17 16 00 000 2.4363856E+00 -2.8743980E+00 -1.2620380E+00
2026 07 23 17 17 00 000 2.4782493E+00 -2.8805141E+00 -1.2787040E+00
2026 07 23 17 18 00 000 2.5198982E+00 -2.8863602E+00 -1.2952683E+00
2026 07 23 17 19 00 000 2.5613375E+00 -2.8919396E+00 -1.3117336E+00
2026 07 23 17 20 00 000 2.6025665E+00 -2.8972616E+00 -1.3280982E+00
2026 07 23 17 21 00 000 2.6435874E+00 -2.9023309E+00 -1.3443645E+00
2026 07 23 17 22 00 000 2.6844037E+00 -2.9071512E+00 -1.3605345E+00
2026 07 23 17 23 00 000 2.7250168E+00 -2.9117296E+00 -1.3766079E+00
2026 07 23 17 24 00 000 2.7654278E+00 -2.9160721E+00 -1.3925852E+00
2026 07 23 17 25 00 000 2.8056407E+00 -2.9201810E+00 -1.4084693E+00
2026 07 23 17 26 00 000 2.8456538E+00 -2.9240651E+00 -1.4242579E+00
2026 07 23 17 27 00 000 2.8854728E+00 -2.9277256E+00 -1.4399550E+00
2026 07 23 17 28 00 000 2.9250977E+00 -2.9311683E+00 -1.4555594E+00
2026 07 23 17 29 00 000 2.9645295E+00 -2.9343989E+00 -1.4710720E+00
2026 07 23 17 30 00 000 3.0037723E+00 -2.9374194E+00 -1.4864950E+00
2026 07 23 17 31 00 000 3.0428264E+00 -2.9402363E+00 -1.5018275E+00
2026 07 23 17 32 00 000 3.0816936E+00 -2.9428530E+00 -1.5170715E+00
2026 07 23 17 33 00 000 3.1203771E+00 -2.9452710E+00 -1.5322282E+00
2026 07 23 17 34 00 000 3.1588755E+00 -2.9475002E+00 -1.5472956E+00
2026 07 23 17 35 00 000 3.1971948E+00 -2.9495363E+00 -1.5622780E+00
2026 07 23 17 36 00 000 3.2353332E+00 -2.9513886E+00 -1.5771737E+00
2026 07 23 17 37 00 000 3.2732937E+00 -2.9530604E+00 -1.5919833E+00
2026 07 23 17 38 00 000 3.3110771E+00 -2.9545534E+00 -1.6067085E+00
2026 07 23 17 39 00 000 3.3486872E+00 -2.9558709E+00 -1.6213497E+00
2026 07 23 17 40 00 000 3.3861227E+00 -2.9570174E+00 -1.6359074E+00
2026 07 23 17 41 00 000 3.4233873E+00 -2.9579952E+00 -1.6503830E+00
2026 07 23 17 42 00 000 3.4604819E+00 -2.9588075E+00 -1.6647756E+00
2026 07 23 17 43 00 000 3.4974079E+00 -2.9594574E+00 -1.6790875E+00
2026 07 23 17 44 00 000 3.5341654E+00 -2.9599497E+00 -1.6933169E+00
2026 07 23 17 45 00 000 3.5707588E+00 -2.9602845E+00 -1.7074672E+00
2026 07 23 17 46 00 000 3.6071885E+00 -2.9604642E+00 -1.7215371E+00
2026 07 23 17 47 00 000 3.6434548E+00 -2.9604936E+00 -1.7355286E+00
2026 07 23 17 48 00 000 3.6795602E+00 -2.9603746E+00 -1.7494407E+00
2026 07 23 17 49 00 000 3.7155046E+00 -2.9601128E+00 -1.7632736E+00
2026 07 23 17 50 00 000 3.7512918E+00 -2.9597049E+00 -1.7770305E+00
2026 07 23 17 51 00 000 3.7869220E+00 -2.9591568E+00 -1.7907094E+00
2026 07 23 17 52 00 000 3.8223958E+00 -2.9584708E+00 -1.8043114E+00
2026 07 23 17 53 00 000 3.8577156E+00 -2.9576483E+00 -1.8178383E+00
2026 07 23 17 54 00 000 3.8928823E+00 -2.9566925E+00 -1.8312887E+00
2026 07 23 17 55 00 000 3.9278965E+00 -2.9556060E+00 -1.8446642E+00
2026 07 23 17 56 00 000 3.9627619E+00 -2.9543896E+00 -1.8579655E+00
2026 07 23 17 57 00 000 3.9974759E+00 -2.9530458E+00 -1.8711920E+00
2026 07 23 17 58 00 000 4.0320430E+00 -2.9515786E+00 -1.8843445E+00
2026 07 23 17 59 00 000 4.0664625E+00 -2.9499874E+00 -1.8974243E+00
2026 07 23 18 00 00 000 4.1007371E+00 -2.9482758E+00 -1.9104314E+00
2026 07 23 18 01 00 000 4.1348667E+00 -2.9464462E+00 -1.9233652E+00
2026 07 23 18 02 00 000 4.1688528E+00 -2.9444995E+00 -1.9362273E+00
2026 07 23 18 03 00 000 4.2026963E+00 -2.9424381E+00 -1.9490173E+00
2026 07 23 18 04 00 000 4.2364001E+00 -2.9402621E+00 -1.9617372E+00
2026 07 23 18 05 00 000 4.2699642E+00 -2.9379737E+00 -1.9743862E+00
2026 07 23 18 06 00 000 4.3033881E+00 -2.9355779E+00 -1.9869646E+00
2026 07 23 18 07 00 000 4.3366756E+00 -2.9330735E+00 -1.9994729E+00
2026 07 23 18 08 00 000 4.3698244E+00 -2.9304643E+00 -2.0119116E+00
2026 07 23 18 09 00 000 4.4028397E+00 -2.9277503E+00 -2.0242810E+00
2026 07 23 18 10 00 000 4.4357185E+00 -2.9249332E+00 -2.0365815E+00
2026 07 23 18 11 00 000 4.4684663E+00 -2.9220130E+00 -2.0488141E+00
2026 07 23 18 12 00 000 4.5010800E+00 -2.9189937E+00 -2.0609782E+00
2026 07 23 18 13 00 000 4.5335617E+00 -2.9158781E+00 -2.0730748E+00
2026 07 23 18 14 00 000 4.5659146E+00 -2.9126642E+00 -2.0851042E+00
2026 07 23 18 15 00 000 4.5981364E+00 -2.9093564E+00 -2.0970662E+00
2026 07 23 18 16 00 000 4.6302299E+00 -2.9059539E+00 -2.1089613E+00
2026 07 23 18 17 00 000 4.6621957E+00 -2.9024603E+00 -2.1207900E+00
2026 07 23 18 18 00 000 4.6940360E+00 -2.8988731E+00 -2.1325538E+00
2026 07 23 18 19 00 000 4.7257481E+00 -2.8952007E+00 -2.1442502E+00
2026 07 23 18 20 00 000 4.7573366E+00 -2.8914368E+00 -2.1558826E+00
2026 07 23 18 21 00 000 4.7888021E+00 -2.8875873E+00 -2.1674500E+00
2026 07 23 18 22 00 000 4.8201437E+00 -2.8836510E+00 -2.1789522E+00
2026 07 23 18 23 00 000 4.8513627E+00 -2.8796320E+00 -2.1903901E+00
2026 07 23 18 24 00 000 4.8824606E+00 -2.8755310E+00 -2.2017636E+00
2026 07 23 18 25 00 000 4.9134378E+00 -2.8713455E+00 -2.2130733E+00
2026 07 23 18 26 00 000 4.9442959E+00 -2.8670802E+00 -2.2243199E+00
2026 07 23 18 27 00 000 4.9750352E+00 -2.8627353E+00 -2.2355034E+00
2026 07 23 18 28 00 000 5.0056553E+00 -2.8583136E+00 -2.2466238E+00
2026 07 23 18 29 00 000 5.0361600E+00 -2.8538136E+00 -2.2576814E+00
2026 07 23 18 30 00 000 5.0665460E+00 -2.8492403E+00 -2.2686763E+00
2026 07 23 18 31 00 000 5.0968175E+00 -2.8445897E+00 -2.2796102E+00
2026 07 23 18 32 00 000 5.1269751E+00 -2.8398650E+00 -2.2904820E+00
2026 07 23 18 33 00 000 5.1570172E+00 -2.8350694E+00 -2.3012919E+00
2026 07 23 18 34 00 000 5.1869469E+00 -2.8301985E+00 -2.3120418E+00
2026 07 23 18 35 00 000 5.2167640E+00 -2.8252604E+00 -2.3227298E+00
2026 07 23 18 36 00 000 5.2464690E+00 -2.8202517E+00 -2.3333571E+00
2026 07 23 18 37 00 000 5.2760630E+00 -2.8151760E+00 -2.3439240E+00
2026 07 23 18 38 00 000 5.3055453E+00 -2.8100328E+00 -2.3544309E+00
2026 07 23 18 39 00 000 5.3349199E+00 -2.8048208E+00 -2.3648782E+00
2026 07 23 18 40 00 000 5.3641849E+00 -2.7995436E+00 -2.3752661E+00
2026 07 23 18 41 00 000 5.3933415E+00 -2.7942019E+00 -2.3855946E+00
2026 07 23 18 42 00 000 5.4223914E+00 -2.7887962E+00 -2.3958638E+00
2026 07 23 18 43 00 000 5.4513330E+00 -2.7833290E+00 -2.4060740E+00
2026 07 23 18 44 00 000 5.4801683E+00 -2.7778003E+00 -2.4162252E+00
2026 07 23 18 45 00 000 5.5088987E+00 -2.7722094E+00 -2.4263191E+00
2026 07 23 18 46 00 000 5.5375242E+00 -2.7665582E+00 -2.4363542E+00
2026 07 23 18 47 00 000 5.5660458E+00 -2.7608471E+00 -2.4463313E+00
2026 07 23 18 48 00 000 5.5944629E+00 -2.7550800E+00 -2.4562511E+00
2026 07 23 18 49 00 000 5.6227770E+00 -2.7492547E+00 -2.4661126E+00
2026 07 23 18 50 00 000 5.6509895E+00 -2.7433715E+00 -2.4759188E+00
2026 07 23 18 51 00 000 5.6790996E+00 -2.7374337E+00 -2.4856668E+00
2026 07 23 18 52 00 000 5.7071090E+00 -2.7314384E+00 -2.4953582E+00
2026 07 23 18 53 00 000 5.7350178E+00 -2.7253895E+00 -2.5049934E+00
2026 07 23 18 54 00 000 5.7628264E+00 -2.7192883E+00 -2.5145719E+00
2026 07 23 18 55 00 000 5.7905359E+00 -2.7131341E+00 -2.5240946E+00
2026 07 23 18 56 00 000 5.8181467E+00 -2.7069271E+00 -2.5335622E+00
2026 07 23 18 57 00 000 5.8456593E+00 -2.7006686E+00 -2.5429742E+00
2026 07 23 18 58 00 000 5.8730736E+00 -2.6943588E+00 -2.5523310E+00
2026 07 23 18 59 00 000 5.9003921E+00 -2.6880009E+00 -2.5616314E+00
2026 07 23 19 00 00 000 5.9276128E+00 -2.6815927E+00 -2.5708780E+00
2026 07 23 19 01 00 000 5.9547386E+00 -2.6751363E+00 -2.5800695E+00
2026 07 23 19 02 00 000 5.9817700E+00 -2.6686313E+00 -2.5892067E+00
2026 07 23 19 03 00 000 6.0087047E+00 -2.6620822E+00 -2.5982890E+00
2026 07 23 19 04 00 000 6.0355453E+00 -2.6554840E+00 -2.6073189E+00
2026 07 23 19 05 00 000 6.0622916E+00 -2.6488428E+00 -2.6162939E+00
2026 07 23 19 06 00 000 6.0889449E+00 -2.6421556E+00 -2.6252146E+00
2026 07 23 19 07 00 000 6.1155062E+00 -2.6354222E+00 -2.6340828E+00
2026 07 23 19 08 00 000 6.1419740E+00 -2.6286476E+00 -2.6428969E+00
2026 07 23 19 09 00 000 6.1683521E+00 -2.6218271E+00 -2.6516593E+00
2026 07 23 19 10 00 000 6.1946373E+00 -2.6149654E+00 -2.6603687E+00
2026 07 23 19 11 00 000 6.2208328E+00 -2.6080618E+00 -2.6690252E+00
2026 07 23 19 12 00 000 6.2469368E+00 -2.6011176E+00 -2.6776295E+00
2026 07 23 19 13 00 000 6.2729521E+00 -2.5941331E+00 -2.6861808E+00
2026 07 23 19 14 00 000 6.2988763E+00 -2.5871077E+00 -2.6946812E+00
2026 07 23 19 15 00 000 6.3247137E+00 -2.5800419E+00 -2.7031300E+00
2026 07 23 19 16 00 000 6.3504620E+00 -2.5729380E+00 -2.7115266E+00
2026 07 23 19 17 00 000 6.3761220E+00 -2.5657969E+00 -2.7198720E+00
2026 07 23 19 18 00 000 6.4016943E+00 -2.5586166E+00 -2.7281659E+00
2026 07 23 19 19 00 000 6.4271798E+00 -2.5514014E+00 -2.7364094E+00
2026 07 23 19 20 00 000 6.4525795E+00 -2.5441468E+00 -2.7446020E+00
2026 07 23 19 21 00 000 6.4778938E+00 -2.5368571E+00 -2.7527444E+00
2026 07 23 19 22 00 000 6.5031195E+00 -2.5295336E+00 -2.7608356E+00
2026 07 23 19 23 00 000 6.5282621E+00 -2.5221753E+00 -2.7688763E+00
2026 07 23 19 24 00 000 6.5533190E+00 -2.5147791E+00 -2.7768676E+00
2026 07 23 19 25 00 000 6.5782924E+00 -2.5073509E+00 -2.7848091E+00
2026 07 23 19 26 00 000 6.6031814E+00 -2.4998889E+00 -2.7927015E+00
2026 07 23 19 27 00 000 6.6279864E+00 -2.4923956E+00 -2.8005440E+00
2026 07 23 19 28 00 000 6.6527090E+00 -2.4848676E+00 -2.8083375E+00
2026 07 23 19 29 00 000 6.6773496E+00 -2.4773104E+00 -2.8160810E+00
2026 07 23 19 30 00 000 6.7019053E+00 -2.4697213E+00 -2.8237758E+00
2026 07 23 19 31 00 000 6.7263799E+00 -2.4621015E+00 -2.8314221E+00
2026 07 23 19 32 00 000 6.7507749E+00 -2.4544473E+00 -2.8390207E+00
2026 07 23 19 33 00 000 6.7750874E+00 -2.4467652E+00 -2.8465710E+00
2026 07 23 19 34 00 000 6.7993188E+00 -2.4390554E+00 -2.8540730E+00
2026 07 23 19 35 00 000 6.8234701E+00 -2.4313161E+00 -2.8615267E+00
2026 07 23 19 36 00 000 6.8475423E+00 -2.4235451E+00 -2.8689327E+00
2026 07 23 19 37 00 000 6.8715329E+00 -2.4157524E+00 -2.8762906E+00
2026 07 23 19 38 00 000 6.8954468E+00 -2.4079249E+00 -2.8836026E+00
2026 07 23 19 39 00 000 6.9192801E+00 -2.4000733E+00 -2.8908670E+00
2026 07 23 19 40 00 000 6.9430361E+00 -2.3921959E+00 -2.8980837E+00
2026 07 23 19 41 00 000 6.9667115E+00 -2.3842921E+00 -2.9052534E+00
2026 07 23 19 42 00 000 6.9903126E+00 -2.3763590E+00 -2.9123776E+00
2026 07 23 19 43 00 000 7.0138335E+00 -2.3684053E+00 -2.9194534E+00
2026 07 23 19 44 00 000 7.0372782E+00 -2.3604248E+00 -2.9264846E+00
2026 07 23 19 45 00 000 7.0606465E+00 -2.3524179E+00 -2.9334693E+00
2026 07 23 19 46 00 000 7.0839386E+00 -2.3443878E+00 -2.9404078E+00
2026 07 23 19 47 00 000 7.1071544E+00 -2.3363347E+00 -2.9473009E+00
2026 07 23 19 48 00 000 7.1302938E+00 -2.3282592E+00 -2.9541478E+00
2026 07 23 19 49 00 000 7.1533585E+00 -2.3201580E+00 -2.9609501E+00
2026 07 23 19 50 00 000 7.1763482E+00 -2.3120348E+00 -2.9677067E+00
2026 07 23 19 51 00 000 7.1992636E+00 -2.3038886E+00 -2.9744184E+00
2026 07 23 19 52 00 000 7.2221031E+00 -2.2957246E+00 -2.9810853E+00
2026 07 23 19 53 00 000 7.2448692E+00 -2.2875359E+00 -2.9877076E+00
2026 07 23 19 54 00 000 7.2675624E+00 -2.2793252E+00 -2.9942846E+00
2026 07 23 19 55 00 000 7.2901821E+00 -2.2710962E+00 -3.0008185E+00
2026 07 23 19 56 00 000 7.3127294E+00 -2.2628450E+00 -3.0073075E+00
2026 07 23 19 57 00 000 7.3352022E+00 -2.2545712E+00 -3.0137537E+00
2026 07 23 19 58 00 000 7.3576031E+00 -2.2462831E+00 -3.0201547E+00
2026 07 23 19 59 00 000 7.3799319E+00 -2.2379744E+00 -3.0265124E+00
2026 07 23 20 00 00 000 7.4021893E+00 -2.2296457E+00 -3.0328269E+00
2026 07 23 20 01 00 000 7.4243813E+00 -2.2212970E+00 -3.0390849E+00
2026 07 23 20 02 00 000 7.4464951E+00 -2.2129312E+00 -3.0453131E+00
2026 07 23 20 03 00 000 7.4685378E+00 -2.2045488E+00 -3.0514979E+00
2026 07 23 20 04 00 000 7.4905114E+00 -2.1961477E+00 -3.0576403E+00
2026 07 23 20 05 00 000 7.5124121E+00 -2.1877294E+00 -3.0637410E+00
2026 07 23 20 06 00 000 7.5342450E+00 -2.1792977E+00 -3.0697975E+00
2026 07 23 20 07 00 000 7.5560074E+00 -2.1708436E+00 -3.0758128E+00
2026 07 23 20 08 00 000 7.5777001E+00 -2.1623774E+00 -3.0817854E+00
2026 07 23 20 09 00 000 7.5993237E+00 -2.1538935E+00 -3.0877171E+00
2026 07 23 20 10 00 000 7.6208787E+00 -2.1453958E+00 -3.0936055E+00
2026 07 23 20 11 00 000 7.6423650E+00 -2.1368804E+00 -3.0994537E+00
2026 07 23 20 12 00 000 7.6637816E+00 -2.1283524E+00 -3.1052597E+00
2026 07 23 20 13 00 000 7.6851311E+00 -2.1198063E+00 -3.1110258E+00
2026 07 23 20 14 00 000 7.7064133E+00 -2.1112468E+00 -3.1167498E+00
2026 07 23 20 15 00 000 7.7276268E+00 -2.1026764E+00 -3.1224337E+00
2026 07 23 20 16 00 000 7.7487726E+00 -2.0940919E+00 -3.1280761E+00
2026 07 23 20 17 00 000 7.7698526E+00 -2.0854933E+00 -3.1336777E+00
2026 07 23 20 18 00 000 7.7908649E+00 -2.0768805E+00 -3.1392386E+00
2026 07 23 20 19 00 000 7.8118119E+00 -2.0682518E+00 -3.1447608E+00
2026 07 23 20 20 00 000 7.8326917E+00 -2.0596151E+00 -3.1502428E+00
2026 07 23 20 21 00 000 7.8535042E+00 -2.0509644E+00 -3.1556847E+00
2026 07 23 20 22 00 000 7.8742528E+00 -2.0423031E+00 -3.1610866E+00
2026 07 23 20 23 00 000 7.8949347E+00 -2.0336308E+00 -3.1664488E+00
2026 07 23 20 24 00 000 7.9155517E+00 -2.0249441E+00 -3.1717720E+00
2026 07 23 20 25 00 000 7.9361038E+00 -2.0162468E+00 -3.1770563E+00
2026 07 23 20 26 00 000 7.9565911E+00 -2.0075388E+00 -3.1823013E+00
2026 07 23 20 27 00 000 7.9770136E+00 -1.9988244E+00 -3.1875074E+00
2026 07 23 20 28 00 000 7.9973722E+00 -1.9900950E+00 -3.1926749E+00
2026 07 23 20 29 00 000 8.0176678E+00 -1.9813557E+00 -3.1978042E+00
2026 07 23 20 30 00 000 8.0378962E+00 -1.9726079E+00 -3.2028937E+00
2026 07 23 20 31 00 000 8.0580645E+00 -1.9638467E+00 -3.2079470E+00
2026 07 23 20 32 00 000 8.0781660E+00 -1.9550813E+00 -3.2129617E+00
2026 07 23 20 33 00 000 8.0982075E+00 -1.9463040E+00 -3.2179384E+00
2026 07 23 20 34 00 000 8.1181841E+00 -1.9375200E+00 -3.2228770E+00
2026 07 23 20 35 00 000 8.1380978E+00 -1.9287245E+00 -3.2277787E+00
2026 07 23 20 36 00 000 8.1579504E+00 -1.9199240E+00 -3.2326427E+00
2026 07 23 20 37 00 000 8.1777401E+00 -1.9111124E+00 -3.2374692E+00
2026 07 23 20 38 00 000 8.1974678E+00 -1.9022961E+00 -3.2422597E+00
2026 07 23 20 39 00 000 8.2171335E+00 -1.8934672E+00 -3.2470133E+00
2026 07 23 20 40 00 000 8.2367363E+00 -1.8846350E+00 -3.2517297E+00
2026 07 23 20 41 00 000 8.2562799E+00 -1.8757958E+00 -3.2564094E+00
2026 07 23 20 42 00 000 8.2757607E+00 -1.8669474E+00 -3.2610528E+00
2026 07 23 20 43 00 000 8.2951813E+00 -1.8580918E+00 -3.2656605E+00
2026 07 23 20 44 00 000 8.3145418E+00 -1.8492334E+00 -3.2702317E+00
2026 07 23 20 45 00 000 8.3338413E+00 -1.8403651E+00 -3.2747674E+00
2026 07 23 20 46 00 000 8.3530807E+00 -1.8314919E+00 -3.2792668E+00
2026 07 23 20 47 00 000 8.3722591E+00 -1.8226142E+00 -3.2837312E+00
2026 07 23 20 48 00 000 8.3913765E+00 -1.8137314E+00 -3.2881606E+00
2026 07 23 20 49 00 000 8.4104366E+00 -1.8048402E+00 -3.2925537E+00
2026 07 23 20 50 00 000 8.4294357E+00 -1.7959439E+00 -3.2969129E+00
2026 07 23 20 51 00 000 8.4483767E+00 -1.7870444E+00 -3.3012371E+00
2026 07 23 20 52 00 000 8.4672556E+00 -1.7781432E+00 -3.3055260E+00
2026 07 23 20 53 00 000 8.4860792E+00 -1.7692324E+00 -3.3097801E+00
2026 07 23 20 54 00 000 8.5048418E+00 -1.7603182E+00 -3.3140008E+00
2026 07 23 20 55 00 000 8.5235481E+00 -1.7513999E+00 -3.3181875E+00
2026 07 23 20 56 00 000 8.5421934E+00 -1.7424772E+00 -3.3223388E+00
2026 07 23 20 57 00 000 8.5607805E+00 -1.7335519E+00 -3.3264570E+00
2026 07 23 20 58 00 000 8.5793114E+00 -1.7246248E+00 -3.3305414E+00
2026 07 23 20 59 00 000 8.5977840E+00 -1.7156893E+00 -3.3345928E+00
2026 07 23 21 00 00 000 8.6161985E+00 -1.7067554E+00 -3.3386095E+00
2026 07 23 21 01 00 000 8.6345558E+00 -1.6978153E+00 -3.3425939E+00
2026 07 23 21 02 00 000 8.6528559E+00 -1.6888750E+00 -3.3465443E+00
2026 07 23 21 03 00 000 8.6710997E+00 -1.6799303E+00 -3.3504632E+00
2026 07 23 21 04 00 000 8.6892853E+00 -1.6709846E+00 -3.3543482E+00
2026 07 23 21 05 00 000 8.7074146E+00 -1.6620349E+00 -3.3582013E+00
2026 07 23 21 06 00 000 8.7254868E+00 -1.6530877E+00 -3.3620203E+00
2026 07 23 21 07 00 000 8.7435045E+00 -1.6441315E+00 -3.3658092E+00
2026 07 23 21 08 00 000 8.7614641E+00 -1.6351758E+00 -3.3695652E+00
2026 07 23 21 09 00 000 8.7793694E+00 -1.6262207E+00 -3.3732889E+00
2026 07 23 21 10 00 000 8.7972174E+00 -1.6172626E+00 -3.3769810E+00
2026 07 23 21 11 00 000 8.8150110E+00 -1.6083025E+00 -3.3806410E+00
2026 07 23 21 12 00 000 8.8327465E+00 -1.5993421E+00 -3.3842702E+00
2026 07 23 21 13 00 000 8.8504295E+00 -1.5903847E+00 -3.3878672E+00
2026 07 23 21 14 00 000 8.8680563E+00 -1.5814197E+00 -3.3914344E+00
2026 07 23 21 15 00 000 8.8856277E+00 -1.5724597E+00 -3.3949692E+00
2026 07 23 21 16 00 000 8.9031448E+00 -1.5634981E+00 -3.3984742E+00
2026 07 23 21 17 00 000 8.9206066E+00 -1.5545340E+00 -3.4019482E+00
2026 07 23 21 18 00 000 8.9380150E+00 -1.5455704E+00 -3.4053912E+00
2026 07 23 21 19 00 000 8.9553680E+00 -1.5366091E+00 -3.4088039E+00
2026 07 23 21 20 00 000 8.9726677E+00 -1.5276455E+00 -3.4121869E+00
2026 07 23 21 21 00 000 8.9899130E+00 -1.5186824E+00 -3.4155393E+00
2026 07 23 21 22 00 000 9.0071039E+00 -1.5097222E+00 -3.4188621E+00
2026 07 23 21 23 00 000 9.0242424E+00 -1.5007606E+00 -3.4221547E+00
2026 07 23 21 24 00 000 9.0413265E+00 -1.4917988E+00 -3.4254179E+00
2026 07 23 21 25 00 000 9.0583563E+00 -1.4828440E+00 -3.4286518E+00
2026 07 23 21 26 00 000 9.0753336E+00 -1.4738871E+00 -3.4318562E+00
2026 07 23 21 27 00 000 9.0922594E+00 -1.4649265E+00 -3.4350321E+00
2026 07 23 21 28 00 000 9.1091309E+00 -1.4559696E+00 -3.4381788E+00
2026 07 23 21 29 00 000 9.1259489E+00 -1.4470173E+00 -3.4412956E+00
2026 07 23 21 30 00 000 9.1427164E+00 -1.4380647E+00 -3.4443846E+00
2026 07 23 21 31 00 000 9.1594296E+00 -1.4291127E+00 -3.4474456E+00
2026 07 23 21 32 00 000 9.1760912E+00 -1.4201655E+00 -3.4504769E+00
2026 07 23 21 33 00 000 9.1926994E+00 -1.4112185E+00 -3.4534812E+00
2026 07 23 21 34 00 000 9.2092571E+00 -1.4022760E+00 -3.4564564E+00
2026 07 23 21 35 00 000 9.2257614E+00 -1.3933322E+00 -3.4594040E+00
2026 07 23 21 36 00 000 9.2422152E+00 -1.3843917E+00 -3.4623246E+00
2026 07 23 21 37 00 000 9.2586174E+00 -1.3754569E+00 -3.4652171E+00
2026 07 23 21 38 00 000 9.2749662E+00 -1.3665240E+00 -3.4680820E+00
2026 07 23 21 39 00 000 9.2912655E+00 -1.3575922E+00 -3.4709196E+00
2026 07 23 21 40 00 000 9.3075142E+00 -1.3486627E+00 -3.4737301E+00
2026 07 23 21 41 00 000 9.3237114E+00 -1.3397363E+00 -3.4765139E+00
2026 07 23 21 42 00 000 9.3398561E+00 -1.3308133E+00 -3.4792707E+00
2026 07 23 21 43 00 000 9.3559513E+00 -1.3218962E+00 -3.4820011E+00
2026 07 23 21 44 00 000 9.3719969E+00 -1.3129772E+00 -3.4847043E+00
2026 07 23 21 45 00 000 9.3879900E+00 -1.3040688E+00 -3.4873810E+00
2026 07 23 21 46 00 000 9.4039335E+00 -1.2951599E+00 -3.4900320E+00
2026 07 23 21 47 00 000 9.4198265E+00 -1.2862573E+00 -3.4926569E+00
2026 07 23 21 48 00 000 9.4356699E+00 -1.2773559E+00 -3.4952548E+00
2026 07 23 21 49 00 000 9.4514637E+00 -1.2684582E+00 -3.4978282E+00
2026 07 23 21 50 00 000 9.4672060E+00 -1.2595671E+00 -3.5003757E+00
2026 07 23 21 51 00 000 9.4829006E+00 -1.2506783E+00 -3.5028973E+00
2026 07 23 21 52 00 000 9.4985437E+00 -1.2417961E+00 -3.5053940E+00
2026 07 23 21 53 00 000 9.5141392E+00 -1.2329164E+00 -3.5078652E+00
2026 07 23 21 54 00 000 9.5296822E+00 -1.2240403E+00 -3.5103116E+00
2026 07 23 21 55 00 000 9.5451794E+00 -1.2151721E+00 -3.5127325E+00
2026 07 23 21 56 00 000 9.5606270E+00 -1.2063048E+00 -3.5151293E+00
2026 07 23 21 57 00 000 9.5760250E+00 -1.1974466E+00 -3.5175018E+00
2026 07 23 21 58 00 000 9.5913725E+00 -1.1885924E+00 -3.5198488E+00
2026 07 23 21 59 00 000 9.6066732E+00 -1.1797385E+00 -3.5221722E+00
2026 07 23 22 00 00 000 9.6219263E+00 -1.1708921E+00 -3.5244713E+00
2026 07 23 22 01 00 000 9.6371288E+00 -1.1620526E+00 -3.5267463E+00
2026 07 23 22 02 00 000 9.6522837E+00 -1.1532196E+00 -3.5289974E+00
2026 07 23 22 03 00 000 9.6673908E+00 -1.1443901E+00 -3.5312250E+00
2026 07 23 22 04 00 000 9.6824512E+00 -1.1355650E+00 -3.5334284E+00
2026 07 23 22 05 00 000 9.6974602E+00 -1.1267482E+00 -3.5356088E+00
2026 07 23 22 06 00 000 9.7124233E+00 -1.1179345E+00 -3.5377657E+00
2026 07 23 22 07 00 000 9.7273388E+00 -1.1091273E+00 -3.5398993E+00
2026 07 23 22 08 00 000 9.7422056E+00 -1.1003276E+00 -3.5420105E+00
2026 07 23 22 09 00 000 9.7570257E+00 -1.0915340E+00 -3.5440984E+00
2026 07 23 22 10 00 000 9.7717981E+00 -1.0827441E+00 -3.5461636E+00
2026 07 23 22 11 00 000 9.7865229E+00 -1.0739601E+00 -3.5482061E+00
2026 07 23 22 12 00 000 9.8012018E+00 -1.0651830E+00 -3.5502260E+00
2026 07 23 22 13 00 000 9.8158321E+00 -1.0564151E+00 -3.5522239E+00
2026 07 23 22 14 00 000 9.8304157E+00 -1.0476499E+00 -3.5542002E+00
2026 07 23 22 15 00 000 9.8449526E+00 -1.0388932E+00 -3.5561538E+00
2026 07 23 22 16 00 000 9.8594446E+00 -1.0301424E+00 -3.5580857E+00
2026 07 23 22 17 00 000 9.8738871E+00 -1.0213968E+00 -3.5599954E+00
2026 07 23 22 18 00 000 9.8882847E+00 -1.0126582E+00 -3.5618837E+00
2026 07 23 22 19 00 000 9.9026346E+00 -1.0039291E+00 -3.5637507E+00
2026 07 23 22 20 00 000 9.9169407E+00 -9.9520665E-01 -3.5655963E+00
2026 07 23 22 21 00 000 9.9311981E+00 -9.8648864E-01 -3.5674210E+00
2026 07 23 22 22 00 000 9.9454117E+00 -9.7777712E-01 -3.5692246E+00
2026 07 23 22 23 00 000 9.9595766E+00 -9.6907252E-01 -3.5710068E+00
2026 07 23 22 24 00 000 9.9736967E+00 -9.6037728E-01 -3.5727684E+00
2026 07 23 22 25 00 000 9.9877720E+00 -9.5169204E-01 -3.5745094E+00
2026 07 23 22 26 00 000 1.0001801E+01 -9.4301003E-01 -3.5762305E+00
2026 07 23 22 27 00 000 1.0015784E+01 -9.3433738E-01 -3.5779305E+00
2026 07 23 22 28 00 000 1.0029722E+01 -9.2566919E-01 -3.5796103E+00
2026 07 23 22 29 00 000 1.0043615E+01 -9.1700739E-01 -3.5812705E+00
2026 07 23 22 30 00 000 1.0057462E+01 -9.0835947E-01 -3.5829101E+00
2026 07 23 22 31 00 000 1.0071264E+01 -8.9971495E-01 -3.5845304E+00
2026 07 23 22 32 00 000 1.0085021E+01 -8.9107758E-01 -3.5861306E+00
2026 07 23 22 33 00 000 1.0098734E+01 -8.8244998E-01 -3.5877113E+00
2026 07 23 22 34 00 000 1.0112401E+01 -8.7382585E-01 -3.5892732E+00
2026 07 23 22 35 00 000 1.0126023E+01 -8.6521435E-01 -3.5908158E+00
2026 07 23 22 36 00 000 1.0139601E+01 -8.5661048E-01 -3.5923386E+00
2026 07 23 22 37 00 000 1.0153134E+01 -8.4801269E-01 -3.5938425E+00
2026 07 23 22 38 00 000 1.0166623E+01 -8.3942270E-01 -3.5953279E+00
2026 07 23 22 39 00 000 1.0180066E+01 -8.3084357E-01 -3.5967941E+00
2026 07 23 22 40 00 000 1.0193467E+01 -8.2226914E-01 -3.5982420E+00
2026 07 23 22 41 00 000 1.0206822E+01 -8.1370658E-01 -3.5996716E+00
2026 07 23 22 42 00 000 1.0220135E+01 -8.0514902E-01 -3.6010828E+00
2026 07 23 22 43 00 000 1.0233403E+01 -7.9659957E-01 -3.6024754E+00
2026 07 23 22 44 00 000 1.0246627E+01 -7.8806162E-01 -3.6038494E+00
2026 07 23 22 45 00 000 1.0259808E+01 -7.7952915E-01 -3.6052063E+00
2026 07 23 22 46 00 000 1.0272943E+01 -7.7100754E-01 -3.6065454E+00
2026 07 23 22 47 00 000 1.0286036E+01 -7.6249242E-01 -3.6078668E+00
2026 07 23 22 48 00 000 1.0299085E+01 -7.5398594E-01 -3.6091702E+00
2026 07 23 22 49 00 000 1.0312091E+01 -7.4549252E-01 -3.6104560E+00
2026 07 23 22 50 00 000 1.0325052E+01 -7.3700017E-01 -3.6117251E+00
2026 07 23 22 51 00 000 1.0337973E+01 -7.2852260E-01 -3.6129768E+00
2026 07 23 22 52 00 000 1.0350847E+01 -7.2005039E-01 -3.6142116E+00
2026 07 23 22 53 00 000 1.0363681E+01 -7.1158737E-01 -3.6154289E+00
2026 07 23 22 54 00 000 1.0376471E+01 -7.0313221E-01 -3.6166301E+00
2026 07 23 22 55 00 000 1.0389217E+01 -6.9469184E-01 -3.6178138E+00
2026 07 23 22 56 00 000 1.0401921E+01 -6.8625242E-01 -3.6189818E+00
2026 07 23 22 57 00 000 1.0414583E+01 -6.7782742E-01 -3.6201329E+00
2026 07 23 22 58 00 000 1.0427202E+01 -6.6940808E-01 -3.6212676E+00
2026 07 23 22 59 00 000 1.0439777E+01 -6.6099840E-01 -3.6223865E+00
2026 07 23 23 00 00 000 1.0452310E+01 -6.5260071E-01 -3.6234896E+00
2026 07 23 23 01 00 000 1.0464802E+01 -6.4421225E-01 -3.6245756E+00
2026 07 23 23 02 00 000 1.0477250E+01 -6.3582879E-01 -3.6256466E+00
2026 07 23 23 03 00 000 1.0489657E+01 -6.2745619E-01 -3.6267023E+00
2026 07 23 23 04 00 000 1.0502022E+01 -6.1909527E-01 -3.6277411E+00
2026 07 23 23 05 00 000 1.0514345E+01 -6.1074024E-01 -3.6287658E+00
2026 07 23 23 06 00 000 1.0526624E+01 -6.0239744E-01 -3.6297750E+00
2026 07 23 23 07 00 000 1.0538862E+01 -5.9406114E-01 -3.6307685E+00
2026 07 23 23 08 00 000 1.0551059E+01 -5.8573484E-01 -3.6317475E+00
2026 07 23 23 09 00 000 1.0563213E+01 -5.7742029E-01 -3.6327107E+00
2026 07 23 23 10 00 000 1.0575327E+01 -5.6911302E-01 -3.6336591E+00
2026 07 23 23 11 00 000 1.0587398E+01 -5.6081390E-01 -3.6345942E+00
2026 07 23 23 12 00 000 1.0599427E+01 -5.5252796E-01 -3.6355135E+00
2026 07 23 23 13 00 000 1.0611417E+01 -5.4424983E-01 -3.6364181E+00
2026 07 23 23 14 00 000 1.0623363E+01 -5.3597945E-01 -3.6373088E+00
2026 07 23 23 15 00 000 1.0635269E+01 -5.2772212E-01 -3.6381857E+00
2026 07 23 23 16 00 000 1.0647133E+01 -5.1947141E-01 -3.6390481E+00
2026 07 23 23 17 00 000 1.0658957E+01 -5.1123077E-01 -3.6398964E+00
2026 07 23 23 18 00 000 1.0670741E+01 -5.0300258E-01 -3.6407304E+00
2026 07 23 23 19 00 000 1.0682481E+01 -4.9478084E-01 -3.6415510E+00
2026 07 23 23 20 00 000 1.0694181E+01 -4.8656946E-01 -3.6423583E+00
2026 07 23 23 21 00 000 1.0705840E+01 -4.7836801E-01 -3.6431513E+00
2026 07 23 23 22 00 000 1.0717460E+01 -4.7017783E-01 -3.6439316E+00
2026 07 23 23 23 00 000 1.0729037E+01 -4.6199822E-01 -3.6446979E+00
2026 07 23 23 24 00 000 1.0740575E+01 -4.5382842E-01 -3.6454513E+00
2026 07 23 23 25 00 000 1.0752073E+01 -4.4566673E-01 -3.6461918E+00
2026 07 23 23 26 00 000 1.0763530E+01 -4.3751314E-01 -3.6469190E+00
2026 07 23 23 27 00 000 1.0774944E+01 -4.2937112E-01 -3.6476333E+00
2026 07 23 23 28 00 000 1.0786321E+01 -4.2124063E-01 -3.6483357E+00
2026 07 23 23 29 00 000 1.0797657E+01 -4.1312090E-01 -3.6490250E+00
2026 07 23 23 30 00 000 1.0808952E+01 -4.0500727E-01 -3.6497014E+00
2026 07 23 23 31 00 000 1.0820207E+01 -3.9690131E-01 -3.6503661E+00
2026 07 23 23 32 00 000 1.0831423E+01 -3.8881427E-01 -3.6510179E+00
2026 07 23 23 33 00 000 1.0842599E+01 -3.8072971E-01 -3.6516581E+00
2026 07 23 23 34 00 000 1.0853734E+01 -3.7265861E-01 -3.6522851E+00
2026 07 23 23 35 00 000 1.0864828E+01 -3.6459610E-01 -3.6529014E+00
2026 07 23 23 36 00 000 1.0875885E+01 -3.5654572E-01 -3.6535051E+00
2026 07 23 23 37 00 000 1.0886901E+01 -3.4850532E-01 -3.6540971E+00
2026 07 23 23 38 00 000 1.0897877E+01 -3.4047106E-01 -3.6546776E+00
2026 07 23 23 39 00 000 1.0908814E+01 -3.3244824E-01 -3.6552463E+00
2026 07 23 23 40 00 000 1.0919712E+01 -3.2443920E-01 -3.6558037E+00
2026 07 23 23 41 00 000 1.0930570E+01 -3.1644034E-01 -3.6563501E+00
2026 07 23 23 42 00 000 1.0941387E+01 -3.0844846E-01 -3.6568847E+00
2026 07 23 23 43 00 000 1.0952168E+01 -3.0046964E-01 -3.6574092E+00
2026 07 23 23 44 00 000 1.0962907E+01 -2.9249793E-01 -3.6579223E+00
2026 07 23 23 45 00 000 1.0973608E+01 -2.8453672E-01 -3.6584237E+00
2026 07 23 23 46 00 000 1.0984269E+01 -2.7658588E-01 -3.6589146E+00
2026 07 23 23 47 00 000 1.0994891E+01 -2.6864994E-01 -3.6593955E+00
2026 07 23 23 48 00 000 1.1005477E+01 -2.6072007E-01 -3.6598654E+00
2026 07 23 23 49 00 000 1.1016021E+01 -2.5279894E-01 -3.6603248E+00
2026 07 23 23 50 00 000 1.1026526E+01 -2.4489026E-01 -3.6607740E+00
2026 07 23 23 51 00 000 1.1036994E+01 -2.3698963E-01 -3.6612129E+00
2026 07 23 23 52 00 000 1.1047423E+01 -2.2910112E-01 -3.6616414E+00
2026 07 23 23 53 00 000 1.1057812E+01 -2.2122386E-01 -3.6620600E+00
2026 07 23 23 54 00 000 1.1068164E+01 -2.1335855E-01 -3.6624680E+00
2026 07 23 23 55 00 000 1.1078476E+01 -2.0550266E-01 -3.6628668E+00
2026 07 23 23 56 00 000 1.1088752E+01 -1.9765249E-01 -3.6632559E+00
2026 07 23 23 57 00 000 1.1098986E+01 -1.8981382E-01 -3.6636348E+00
2026 07 23 23 58 00 000 1.1109185E+01 -1.8198939E-01 -3.6640046E+00
2026 07 23 23 59 00 000 1.1119343E+01 -1.7417197E-01 -3.6643658E+00
2026 07 24 00 00 00 000 1.1129465E+01 -1.6637488E-01 -3.6647146E+00
2026 07 24 00 01 00 000 1.1139547E+01 -1.5858118E-01 -3.6650569E+00
2026 07 24 00 02 00 000 1.1149592E+01 -1.5079249E-01 -3.6653895E+00
2026 07 24 00 03 00 000 1.1159597E+01 -1.4301695E-01 -3.6657128E+00
2026 07 24 00 04 00 000 1.1169567E+01 -1.3525422E-01 -3.6660278E+00
2026 07 24 00 05 00 000 1.1179496E+01 -1.2750317E-01 -3.6663330E+00
2026 07 24 00 06 00 000 1.1189391E+01 -1.1976063E-01 -3.6666298E+00
2026 07 24 00 07 00 000 1.1199245E+01 -1.1202610E-01 -3.6669173E+00
2026 07 24 00 08 00 000 1.1209064E+01 -1.0430570E-01 -3.6671965E+00
2026 07 24 00 09 00 000 1.1218842E+01 -9.6588977E-02 -3.6674678E+00
2026 07 24 00 10 00 000 1.1228584E+01 -8.8886827E-02 -3.6677306E+00
2026 07 24 00 11 00 000 1.1238287E+01 -8.1196308E-02 -3.6679840E+00
2026 07 24 00 12 00 000 1.1247954E+01 -7.3517360E-02 -3.6682303E+00
2026 07 24 00 13 00 000 1.1257584E+01 -6.5845601E-02 -3.6684685E+00
2026 07 24 00 14 00 000 1.1267175E+01 -5.8186535E-02 -3.6686978E+00
2026 07 24 00 15 00 000 1.1276730E+01 -5.0533604E-02 -3.6689200E+00
2026 07 24 00 16 00 000 1.1286247E+01 -4.2895328E-02 -3.6691339E+00
2026 07 24 00 17 00 000 1.1295726E+01 -3.5264947E-02 -3.6693404E+00
2026 07 24 00 18 00 000 1.1305169E+01 -2.7648207E-02 -3.6695390E+00
2026 07 24 00 19 00 000 1.1314576E+01 -2.0041738E-02 -3.6697297E+00
2026 07 24 00 20 00 000 1.1323943E+01 -1.2442301E-02 -3.6699133E+00
2026 07 24 00 21 00 000 1.1333275E+01 -4.8509683E-03 -3.6700890E+00
2026 07 24 00 22 00 000 1.1342569E+01 2.7254962E-03 -3.6702585E+00
2026 07 24 00 23 00 000 1.1351826E+01 1.0289774E-02 -3.6704197E+00
2026 07 24 00 24 00 000 1.1361048E+01 1.7847288E-02 -3.6705749E+00
2026 07 24 00 25 00 000 1.1370231E+01 2.5391391E-02 -3.6707218E+00
2026 07 24 00 26 00 000 1.1379377E+01 3.2927886E-02 -3.6708622E+00
2026 07 24 00 27 00 000 1.1388488E+01 4.0454842E-02 -3.6709955E+00
2026 07 24 00 28 00 000 1.1397562E+01 4.7968075E-02 -3.6711223E+00
2026 07 24 00 29 00 000 1.1406598E+01 5.5474147E-02 -3.6712430E+00
2026 07 24 00 30 00 000 1.1415598E+01 6.2966131E-02 -3.6713557E+00
2026 07 24 00 31 00 000 1.1424561E+01 7.0451930E-02 -3.6714633E+00
2026 07 24 00 32 00 000 1.1433489E+01 7.7926636E-02 -3.6715639E+00
2026 07 24 00 33 00 000 1.1442381E+01 8.5391447E-02 -3.6716583E+00
2026 07 24 00 34 00 000 1.1451234E+01 9.2842393E-02 -3.6717455E+00
2026 07 24 00 35 00 000 1.1460053E+01 1.0028572E-01 -3.6718276E+00
2026 07 24 00 36 00 000 1.1468835E+01 1.0771610E-01 -3.6719029E+00
2026 07 24 00 37 00 000 1.1477580E+01 1.1513921E-01 -3.6719728E+00
2026 07 24 00 38 00 000 1.1486289E+01 1.2255229E-01 -3.6720359E+00
2026 07 24 00 39 00 000 1.1494963E+01 1.2995535E-01 -3.6720941E+00
2026 07 24 00 40 00 000 1.1503599E+01 1.3734418E-01 -3.6721463E+00
2026 07 24 00 41 00 000 1.1512200E+01 1.4472346E-01 -3.6721926E+00
2026 07 24 00 42 00 000 1.1520765E+01 1.5209673E-01 -3.6722329E+00
2026 07 24 00 43 00 000 1.1529294E+01 1.5945728E-01 -3.6722677E+00
2026 07 24 00 44 00 000 1.1537787E+01 1.6680910E-01 -3.6722975E+00
2026 07 24 00 45 00 000 1.1546245E+01 1.7414647E-01 -3.6723216E+00
2026 07 24 00 46 00 000 1.1554667E+01 1.8147422E-01 -3.6723404E+00
2026 07 24 00 47 00 000 1.1563053E+01 1.8879525E-01 -3.6723545E+00
2026 07 24 00 48 00 000 1.1571403E+01 1.9610231E-01 -3.6723633E+00
2026 07 24 00 49 00 000 1.1579718E+01 2.0340507E-01 -3.6723664E+00
2026 07 24 00 50 00 000 1.1587996E+01 2.1069492E-01 -3.6723650E+00
2026 07 24 00 51 00 000 1.1596239E+01 2.1797295E-01 -3.6723585E+00
2026 07 24 00 52 00 000 1.1604448E+01 2.2523969E-01 -3.6723471E+00
2026 07 24 00 53 00 000 1.1612617E+01 2.3249978E-01 -3.6723311E+00
2026 07 24 00 54 00 000 1.1620756E+01 2.3974515E-01 -3.6723106E+00
2026 07 24 00 55 00 000 1.1628857E+01 2.4698819E-01 -3.6722851E+00
2026 07 24 00 56 00 000 1.1636923E+01 2.5421745E-01 -3.6722546E+00
2026 07 24 00 57 00 000 1.1644953E+01 2.6143458E-01 -3.6722205E+00
2026 07 24 00 58 00 000 1.1652949E+01 2.6863977E-01 -3.6721816E+00
2026 07 24 00 59 00 000 1.1660910E+01 2.7583930E-01 -3.6721387E+00
2026 07 24 01 00 00 000 1.1668834E+01 2.8302592E-01 -3.6720912E+00
2026 07 24 01 01 00 000 1.1676724E+01 2.9020670E-01 -3.6720402E+00
2026 07 24 01 02 00 000 1.1684579E+01 2.9737410E-01 -3.6719837E+00
2026 07 24 01 03 00 000 1.1692398E+01 3.0452865E-01 -3.6719241E+00
2026 07 24 01 04 00 000 1.1700185E+01 3.1167424E-01 -3.6718602E+00
2026 07 24 01 05 00 000 1.1707933E+01 3.1881383E-01 -3.6717935E+00
2026 07 24 01 06 00 000 1.1715649E+01 3.2594490E-01 -3.6717219E+00
2026 07 24 01 07 00 000 1.1723328E+01 3.3306223E-01 -3.6716464E+00
2026 07 24 01 08 00 000 1.1730973E+01 3.4017101E-01 -3.6715674E+00
2026 07 24 01 09 00 000 1.1738584E+01 3.4726623E-01 -3.6714847E+00
2026 07 24 01 10 00 000 1.1746160E+01 3.5435343E-01 -3.6713996E+00
2026 07 24 01 11 00 000 1.1753699E+01 3.6143497E-01 -3.6713097E+00
2026 07 24 01 12 00 000 1.1761208E+01 3.6849907E-01 -3.6712158E+00
2026 07 24 01 13 00 000 1.1768677E+01 3.7556025E-01 -3.6711197E+00
2026 07 24 01 14 00 000 1.1776114E+01 3.8261271E-01 -3.6710205E+00
2026 07 24 01 15 00 000 1.1783516E+01 3.8964978E-01 -3.6709173E+00
2026 07 24 01 16 00 000 1.1790883E+01 3.9667645E-01 -3.6708112E+00
2026 07 24 01 17 00 000 1.1798218E+01 4.0369812E-01 -3.6707025E+00
2026 07 24 01 18 00 000 1.1805516E+01 4.1070783E-01 -3.6705899E+00
2026 07 24 01 19 00 000 1.1812779E+01 4.1770956E-01 -3.6704750E+00
2026 07 24 01 20 00 000 1.1820011E+01 4.2470077E-01 -3.6703572E+00
2026 07 24 01 21 00 000 1.1827207E+01 4.3167874E-01 -3.6702354E+00
2026 07 24 01 22 00 000 1.1834368E+01 4.3864790E-01 -3.6701121E+00
2026 07 24 01 23 00 000 1.1841496E+01 4.4560689E-01 -3.6699860E+00
2026 07 24 01 24 00 000 1.1848589E+01 4.5255947E-01 -3.6698563E+00
2026 07 24 01 25 00 000 1.1855647E+01 4.5950150E-01 -3.6697249E+00
2026 07 24 01 26 00 000 1.1862670E+01 4.6643332E-01 -3.6695907E+00
2026 07 24 01 27 00 000 1.1869661E+01 4.7335634E-01 -3.6694543E+00
2026 07 24 01 28 00 000 1.1876618E+01 4.8026964E-01 -3.6693151E+00
2026 07 24 01 29 00 000 1.1883542E+01 4.8717132E-01 -3.6691732E+00
2026 07 24 01 30 00 000 1.1890429E+01 4.9406704E-01 -3.6690297E+00
2026 07 24 01 31 00 000 1.1897284E+01 5.0095230E-01 -3.6688838E+00
2026 07 24 01 32 00 000 1.1904104E+01 5.0782800E-01 -3.6687355E+00
2026 07 24 01 33 00 000 1.1910892E+01 5.1469207E-01 -3.6685855E+00
2026 07 24 01 34 00 000 1.1917644E+01 5.2154851E-01 -3.6684332E+00
2026 07 24 01 35 00 000 1.1924362E+01 5.2839667E-01 -3.6682787E+00
2026 07 24 01 36 00 000 1.1931048E+01 5.3523207E-01 -3.6681223E+00
2026 07 24 01 37 00 000 1.1937698E+01 5.4206103E-01 -3.6679642E+00
2026 07 24 01 38 00 000 1.1944317E+01 5.4887968E-01 -3.6678047E+00
2026 07 24 01 39 00 000 1.1950902E+01 5.5568689E-01 -3.6676419E+00
2026 07 24 01 40 00 000 1.1957453E+01 5.6248564E-01 -3.6674783E+00
2026 07 24 01 41 00 000 1.1963969E+01 5.6927943E-01 -3.6673133E+00
2026 07 24 01 42 00 000 1.1970452E+01 5.7605863E-01 -3.6671462E+00
2026 07 24 01 43 00 000 1.1976901E+01 5.8282810E-01 -3.6669776E+00
2026 07 24 01 44 00 000 1.1983318E+01 5.8958840E-01 -3.6668079E+00
2026 07 24 01 45 00 000 1.1989699E+01 5.9634441E-01 -3.6666365E+00
2026 07 24 01 46 00 000 1.1996048E+01 6.0308987E-01 -3.6664639E+00
2026 07 24 01 47 00 000 1.2002365E+01 6.0982418E-01 -3.6662893E+00
2026 07 24 01 48 00 000 1.2008648E+01 6.1655194E-01 -3.6661134E+00
2026 07 24 01 49 00 000 1.2014895E+01 6.2326801E-01 -3.6659372E+00
2026 07 24 01 50 00 000 1.2021115E+01 6.2997186E-01 -3.6657586E+00
2026 07 24 01 51 00 000 1.2027294E+01 6.3667321E-01 -3.6655800E+00
2026 07 24 01 52 00 000 1.2033442E+01 6.4336401E-01 -3.6653993E+00
2026 07 24 01 53 00 000 1.2039559E+01 6.5004498E-01 -3.6652179E+00
2026 07 24 01 54 00 000 1.2045643E+01 6.5671736E-01 -3.6650357E+00
2026 07 24 01 55 00 000 1.2051692E+01 6.6337734E-01 -3.6648526E+00
2026 07 24 01 56 00 000 1.2057711E+01 6.7002916E-01 -3.6646681E+00
2026 07 24 01 57 00 000 1.2063693E+01 6.7667568E-01 -3.6644826E+00
2026 07 24 01 58 00 000 1.2069644E+01 6.8331170E-01 -3.6642966E+00
2026 07 24 01 59 00 000 1.2075562E+01 6.8993962E-01 -3.6641104E+00
2026 07 24 02 00 00 000 1.2081446E+01 6.9655836E-01 -3.6639228E+00
2026 07 24 02 01 00 000 1.2087297E+01 7.0316601E-01 -3.6637342E+00
2026 07 24 02 02 00 000 1.2093116E+01 7.0976484E-01 -3.6635456E+00
2026 07 24 02 03 00 000 1.2098902E+01 7.1635294E-01 -3.6633558E+00
2026 07 24 02 04 00 000 1.2104652E+01 7.2294044E-01 -3.6631656E+00
2026 07 24 02 05 00 000 1.2110373E+01 7.2951221E-01 -3.6629758E+00
2026 07 24 02 06 00 000 1.2116062E+01 7.3607886E-01 -3.6627841E+00
2026 07 24 02 07 00 000 1.2121715E+01 7.4263370E-01 -3.6625929E+00
2026 07 24 02 08 00 000 1.2127337E+01 7.4917966E-01 -3.6624012E+00
2026 07 24 02 09 00 000 1.2132925E+01 7.5572312E-01 -3.6622093E+00
2026 07 24 02 10 00 000 1.2138481E+01 7.6225495E-01 -3.6620164E+00
2026 07 24 02 11 00 000 1.2144005E+01 7.6877481E-01 -3.6618242E+00
2026 07 24 02 12 00 000 1.2149497E+01 7.7528870E-01 -3.6616313E+00
2026 07 24 02 13 00 000 1.2154954E+01 7.8179562E-01 -3.6614380E+00
2026 07 24 02 14 00 000 1.2160378E+01 7.8828734E-01 -3.6612446E+00
2026 07 24 02 15 00 000 1.2165773E+01 7.9477912E-01 -3.6610515E+00
2026 07 24 02 16 00 000 1.2171133E+01 8.0125737E-01 -3.6608577E+00
2026 07 24 02 17 00 000 1.2176461E+01 8.0772853E-01 -3.6606648E+00
2026 07 24 02 18 00 000 1.2181757E+01 8.1419516E-01 -3.6604717E+00
2026 07 24 02 19 00 000 1.2187020E+01 8.2064557E-01 -3.6602783E+00
2026 07 24 02 20 00 000 1.2192250E+01 8.2709235E-01 -3.6600857E+00
2026 07 24 02 21 00 000 1.2197449E+01 8.3353150E-01 -3.6598916E+00
2026 07 24 02 22 00 000 1.2202615E+01 8.3995825E-01 -3.6596992E+00
2026 07 24 02 23 00 000 1.2207747E+01 8.4637785E-01 -3.6595061E+00
2026 07 24 02 24 00 000 1.2212850E+01 8.5279077E-01 -3.6593132E+00
2026 07 24 02 25 00 000 1.2217917E+01 8.5919428E-01 -3.6591206E+00
2026 07 24 02 26 00 000 1.2222955E+01 8.6559415E-01 -3.6589293E+00
2026 07 24 02 27 00 000 1.2227960E+01 8.7198174E-01 -3.6587377E+00
2026 07 24 02 28 00 000 1.2232933E+01 8.7836146E-01 -3.6585467E+00
2026 07 24 02 29 00 000 1.2237872E+01 8.8473219E-01 -3.6583555E+00
2026 07 24 02 30 00 000 1.2242780E+01 8.9109713E-01 -3.6581659E+00
2026 07 24 02 31 00 000 1.2247655E+01 8.9745402E-01 -3.6579757E+00
2026 07 24 02 32 00 000 1.2252501E+01 9.0380394E-01 -3.6577866E+00
2026 07 24 02 33 00 000 1.2257312E+01 9.1014105E-01 -3.6575973E+00
2026 07 24 02 34 00 000 1.2262091E+01 9.1647542E-01 -3.6574092E+00
2026 07 24 02 35 00 000 1.2266838E+01 9.2279637E-01 -3.6572208E+00
2026 07 24 02 36 00 000 1.2271553E+01 9.2911762E-01 -3.6570349E+00
2026 07 24 02 37 00 000 1.2276237E+01 9.3542302E-01 -3.6568482E+00
2026 07 24 02 38 00 000 1.2280889E+01 9.4172472E-01 -3.6566627E+00
2026 07 24 02 39 00 000 1.2285509E+01 9.4801503E-01 -3.6564772E+00
2026 07 24 02 40 00 000 1.2290097E+01 9.5429778E-01 -3.6562932E+00
2026 07 24 02 41 00 000 1.2294652E+01 9.6057713E-01 -3.6561096E+00
2026 07 24 02 42 00 000 1.2299176E+01 9.6684647E-01 -3.6559274E+00
2026 07 24 02 43 00 000 1.2303670E+01 9.7310400E-01 -3.6557455E+00
2026 07 24 02 44 00 000 1.2308128E+01 9.7936189E-01 -3.6555648E+00
2026 07 24 02 45 00 000 1.2312557E+01 9.8560607E-01 -3.6553848E+00
2026 07 24 02 46 00 000 1.2316954E+01 9.9184519E-01 -3.6552052E+00
2026 07 24 02 47 00 000 1.2321321E+01 9.9807817E-01 -3.6550272E+00
2026 07 24 02 48 00 000 1.2325650E+01 1.0043031E+00 -3.6548507E+00
2026 07 24 02 49 00 000 1.2329954E+01 1.0105160E+00 -3.6546741E+00
2026 07 24 02 50 00 000 1.2334225E+01 1.0167259E+00 -3.6544988E+00
2026 07 24 02 51 00 000 1.2338461E+01 1.0229239E+00 -3.6543245E+00
2026 07 24 02 52 00 000 1.2342669E+01 1.0291203E+00 -3.6541517E+00
2026 07 24 02 53 00 000 1.2346844E+01 1.0353063E+00 -3.6539795E+00
2026 07 24 02 54 00 000 1.2350988E+01 1.0414805E+00 -3.6538079E+00
2026 07 24 02 55 00 000 1.2355099E+01 1.0476562E+00 -3.6536386E+00
2026 07 24 02 56 00 000 1.2359179E+01 1.0538208E+00 -3.6534710E+00
2026 07 24 02 57 00 000 1.2363228E+01 1.0599773E+00 -3.6533029E+00
2026 07 24 02 58 00 000 1.2367245E+01 1.0661266E+00 -3.6531372E+00
2026 07 24 02 59 00 000 1.2371232E+01 1.0722700E+00 -3.6529715E+00
2026 07 24 03 00 00 000 1.2375184E+01 1.0784030E+00 -3.6528080E+00
2026 07 24 03 01 00 000 1.2379109E+01 1.0845318E+00 -3.6526453E+00
2026 07 24 03 02 00 000 1.2383000E+01 1.0906506E+00 -3.6524842E+00
2026 07 24 03 03 00 000 1.2386861E+01 1.0967656E+00 -3.6523252E+00
2026 07 24 03 04 00 000 1.2390688E+01 1.1028738E+00 -3.6521664E+00
2026 07 24 03 05 00 000 1.2394486E+01 1.1089679E+00 -3.6520083E+00
2026 07 24 03 06 00 000 1.2398252E+01 1.1150658E+00 -3.6518528E+00
2026 07 24 03 07 00 000 1.2401987E+01 1.1211478E+00 -3.6516981E+00
2026 07 24 03 08 00 000 1.2405691E+01 1.1272284E+00 -3.6515455E+00
2026 07 24 03 09 00 000 1.2409364E+01 1.1333003E+00 -3.6513937E+00
2026 07 24 03 10 00 000 1.2413003E+01 1.1393663E+00 -3.6512437E+00
2026 07 24 03 11 00 000 1.2416614E+01 1.1454194E+00 -3.6510942E+00
2026 07 24 03 12 00 000 1.2420193E+01 1.1514707E+00 -3.6509466E+00
2026 07 24 03 13 00 000 1.2423738E+01 1.1575166E+00 -3.6508007E+00
2026 07 24 03 14 00 000 1.2427255E+01 1.1635559E+00 -3.6506574E+00
2026 07 24 03 15 00 000 1.2430739E+01 1.1695879E+00 -3.6505148E+00
2026 07 24 03 16 00 000 1.2434193E+01 1.1756129E+00 -3.6503732E+00
2026 07 24 03 17 00 000 1.2437616E+01 1.1816279E+00 -3.6502330E+00
2026 07 24 03 18 00 000 1.2441009E+01 1.1876357E+00 -3.6500945E+00
2026 07 24 03 19 00 000 1.2444367E+01 1.1936414E+00 -3.6499577E+00
2026 07 24 03 20 00 000 1.2447698E+01 1.1996396E+00 -3.6498230E+00
2026 07 24 03 21 00 000 1.2450996E+01 1.2056320E+00 -3.6496894E+00
2026 07 24 03 22 00 000 1.2454263E+01 1.2116141E+00 -3.6495574E+00
2026 07 24 03 23 00 000 1.2457500E+01 1.2175901E+00 -3.6494272E+00
2026 07 24 03 24 00 000 1.2460705E+01 1.2235634E+00 -3.6492984E+00
2026 07 24 03 25 00 000 1.2463878E+01 1.2295253E+00 -3.6491704E+00
2026 07 24 03 26 00 000 1.2467021E+01 1.2354884E+00 -3.6490464E+00
2026 07 24 03 27 00 000 1.2470135E+01 1.2414421E+00 -3.6489224E+00
2026 07 24 03 28 00 000 1.2473216E+01 1.2473853E+00 -3.6487999E+00
2026 07 24 03 29 00 000 1.2476266E+01 1.2533270E+00 -3.6486797E+00
2026 07 24 03 30 00 000 1.2479285E+01 1.2592584E+00 -3.6485605E+00
2026 07 24 03 31 00 000 1.2482274E+01 1.2651864E+00 -3.6484430E+00
2026 07 24 03 32 00 000 1.2485232E+01 1.2711083E+00 -3.6483283E+00
2026 07 24 03 33 00 000 1.2488160E+01 1.2770182E+00 -3.6482143E+00
2026 07 24 03 34 00 000 1.2491055E+01 1.2829309E+00 -3.6481025E+00
2026 07 24 03 35 00 000 1.2493920E+01 1.2888341E+00 -3.6479924E+00
2026 07 24 03 36 00 000 1.2496756E+01 1.2947288E+00 -3.6478837E+00
2026 07 24 03 37 00 000 1.2499561E+01 1.3006186E+00 -3.6477768E+00
2026 07 24 03 38 00 000 1.2502331E+01 1.3065050E+00 -3.6476724E+00
2026 07 24 03 39 00 000 1.2505075E+01 1.3123825E+00 -3.6475687E+00
2026 07 24 03 40 00 000 1.2507786E+01 1.3182555E+00 -3.6474671E+00
2026 07 24 03 41 00 000 1.2510468E+01 1.3241264E+00 -3.6473680E+00
2026 07 24 03 42 00 000 1.2513116E+01 1.3299809E+00 -3.6472688E+00
2026 07 24 03 43 00 000 1.2515737E+01 1.3358345E+00 -3.6471727E+00
2026 07 24 03 44 00 000 1.2518327E+01 1.3416843E+00 -3.6470788E+00
2026 07 24 03 45 00 000 1.2520884E+01 1.3475281E+00 -3.6469855E+00
2026 07 24 03 46 00 000 1.2523412E+01 1.3533642E+00 -3.6468945E+00
2026 07 24 03 47 00 000 1.2525908E+01 1.3591955E+00 -3.6468050E+00
2026 07 24 03 48 00 000 1.2528375E+01 1.3650230E+00 -3.6467178E+00
2026 07 24 03 49 00 000 1.2530809E+01 1.3708391E+00 -3.6466317E+00
2026 07 24 03 50 00 000 1.2533216E+01 1.3766570E+00 -3.6465480E+00
2026 07 24 03 51 00 000 1.2535590E+01 1.3824636E+00 -3.6464658E+00
2026 07 24 03 52 00 000 1.2537933E+01 1.3882687E+00 -3.6463850E+00
2026 07 24 03 53 00 000 1.2540247E+01 1.3940672E+00 -3.6463072E+00
2026 07 24 03 54 00 000 1.2542529E+01 1.3998612E+00 -3.6462300E+00
2026 07 24 03 55 00 000 1.2544782E+01 1.4056466E+00 -3.6461544E+00
2026 07 24 03 56 00 000 1.2547005E+01 1.4114288E+00 -3.6460824E+00
2026 07 24 03 57 00 000 1.2549195E+01 1.4172031E+00 -3.6460102E+00
2026 07 24 03 58 00 000 1.2551357E+01 1.4229758E+00 -3.6459403E+00
2026 07 24 03 59 00 000 1.2553487E+01 1.4287421E+00 -3.6458724E+00
2026 07 24 04 00 00 000 1.2555588E+01 1.4345038E+00 -3.6458073E+00
2026 07 24 04 01 00 000 1.2557656E+01 1.4402560E+00 -3.6457419E+00
2026 07 24 04 02 00 000 1.2559695E+01 1.4460046E+00 -3.6456788E+00
2026 07 24 04 03 00 000 1.2561707E+01 1.4517494E+00 -3.6456180E+00
2026 07 24 04 04 00 000 1.2563684E+01 1.4574887E+00 -3.6455586E+00
2026 07 24 04 05 00 000 1.2565631E+01 1.4632211E+00 -3.6455011E+00
2026 07 24 04 06 00 000 1.2567549E+01 1.4689522E+00 -3.6454461E+00
2026 07 24 04 07 00 000 1.2569437E+01 1.4746743E+00 -3.6453915E+00
2026 07 24 04 08 00 000 1.2571294E+01 1.4803946E+00 -3.6453397E+00
2026 07 24 04 09 00 000 1.2573119E+01 1.4861124E+00 -3.6452897E+00
2026 07 24 04 10 00 000 1.2574916E+01 1.4918184E+00 -3.6452403E+00
2026 07 24 04 11 00 000 1.2576683E+01 1.4975202E+00 -3.6451931E+00
2026 07 24 04 12 00 000 1.2578418E+01 1.5032216E+00 -3.6451483E+00
2026 07 24 04 13 00 000 1.2580121E+01 1.5089195E+00 -3.6451051E+00
2026 07 24 04 14 00 000 1.2581799E+01 1.5146078E+00 -3.6450622E+00
2026 07 24 04 15 00 000 1.2583442E+01 1.5202901E+00 -3.6450217E+00
2026 07 24 04 16 00 000 1.2585057E+01 1.5259714E+00 -3.6449835E+00
2026 07 24 04 17 00 000 1.2586641E+01 1.5316448E+00 -3.6449463E+00
2026 07 24 04 18 00 000 1.2588195E+01 1.5373158E+00 -3.6449108E+00
2026 07 24 04 19 00 000 1.2589719E+01 1.5429795E+00 -3.6448774E+00
2026 07 24 04 20 00 000 1.2591213E+01 1.5486454E+00 -3.6448457E+00
2026 07 24 04 21 00 000 1.2592676E+01 1.5542997E+00 -3.6448152E+00
2026 07 24 04 22 00 000 1.2594110E+01 1.5599494E+00 -3.6447856E+00
2026 07 24 04 23 00 000 1.2595513E+01 1.5655979E+00 -3.6447587E+00
2026 07 24 04 24 00 000 1.2596886E+01 1.5712391E+00 -3.6447332E+00
2026 07 24 04 25 00 000 1.2598228E+01 1.5768788E+00 -3.6447096E+00
2026 07 24 04 26 00 000 1.2599543E+01 1.5825130E+00 -3.6446865E+00
2026 07 24 04 27 00 000 1.2600824E+01 1.5881444E+00 -3.6446664E+00
2026 07 24 04 28 00 000 1.2602077E+01 1.5937672E+00 -3.6446464E+00
2026 07 24 04 29 00 000 1.2603299E+01 1.5993862E+00 -3.6446280E+00
2026 07 24 04 30 00 000 1.2604491E+01 1.6050040E+00 -3.6446121E+00
2026 07 24 04 31 00 000 1.2605651E+01 1.6106204E+00 -3.6445978E+00
2026 07 24 04 32 00 000 1.2606785E+01 1.6162267E+00 -3.6445847E+00
2026 07 24 04 33 00 000 1.2607887E+01 1.6218309E+00 -3.6445723E+00
2026 07 24 04 34 00 000 1.2608958E+01 1.6274320E+00 -3.6445625E+00
2026 07 24 04 35 00 000 1.2610002E+01 1.6330251E+00 -3.6445529E+00
2026 07 24 04 36 00 000 1.2611012E+01 1.6386187E+00 -3.6445460E+00
2026 07 24 04 37 00 000 1.2611993E+01 1.6442069E+00 -3.6445398E+00
2026 07 24 04 38 00 000 1.2612947E+01 1.6497883E+00 -3.6445346E+00
2026 07 24 04 39 00 000 1.2613867E+01 1.6553656E+00 -3.6445310E+00
2026 07 24 04 40 00 000 1.2614759E+01 1.6609389E+00 -3.6445289E+00
2026 07 24 04 41 00 000 1.2615619E+01 1.6665150E+00 -3.6445284E+00
2026 07 24 04 42 00 000 1.2616453E+01 1.6720808E+00 -3.6445298E+00
2026 07 24 04 43 00 000 1.2617253E+01 1.6776454E+00 -3.6445312E+00
2026 07 24 04 44 00 000 1.2618025E+01 1.6832054E+00 -3.6445343E+00
2026 07 24 04 45 00 000 1.2618767E+01 1.6887597E+00 -3.6445386E+00
2026 07 24 04 46 00 000 1.2619479E+01 1.6943134E+00 -3.6445451E+00
2026 07 24 04 47 00 000 1.2620161E+01 1.6998601E+00 -3.6445520E+00
2026 07 24 04 48 00 000 1.2620812E+01 1.7054052E+00 -3.6445603E+00
2026 07 24 04 49 00 000 1.2621435E+01 1.7109476E+00 -3.6445701E+00
2026 07 24 04 50 00 000 1.2622025E+01 1.7164866E+00 -3.6445808E+00
2026 07 24 04 51 00 000 1.2622588E+01 1.7220157E+00 -3.6445913E+00
2026 07 24 04 52 00 000 1.2623120E+01 1.7275498E+00 -3.6446054E+00
2026 07 24 04 53 00 000 1.2623623E+01 1.7330755E+00 -3.6446192E+00
2026 07 24 04 54 00 000 1.2624094E+01 1.7385993E+00 -3.6446345E+00
2026 07 24 04 55 00 000 1.2624537E+01 1.7441201E+00 -3.6446502E+00
2026 07 24 04 56 00 000 1.2624949E+01 1.7496376E+00 -3.6446679E+00
2026 07 24 04 57 00 000 1.2625332E+01 1.7551484E+00 -3.6446860E+00
2026 07 24 04 58 00 000 1.2625683E+01 1.7606595E+00 -3.6447053E+00
2026 07 24 04 59 00 000 1.2626007E+01 1.7661643E+00 -3.6447253E+00
2026 07 24 05 00 00 000 1.2626299E+01 1.7716680E+00 -3.6447461E+00
2026 07 24 05 01 00 000 1.2626563E+01 1.7771684E+00 -3.6447685E+00
2026 07 24 05 02 00 000 1.2626795E+01 1.7826663E+00 -3.6447916E+00
2026 07 24 05 03 00 000 1.2627000E+01 1.7881575E+00 -3.6448152E+00
2026 07 24 05 04 00 000 1.2627172E+01 1.7936466E+00 -3.6448393E+00
2026 07 24 05 05 00 000 1.2627316E+01 1.7991334E+00 -3.6448648E+00
2026 07 24 05 06 00 000 1.2627429E+01 1.8046196E+00 -3.6448917E+00
2026 07 24 05 07 00 000 1.2627514E+01 1.8101007E+00 -3.6449187E+00
2026 07 24 05 08 00 000 1.2627566E+01 1.8155768E+00 -3.6449463E+00
2026 07 24 05 09 00 000 1.2627592E+01 1.8210520E+00 -3.6449752E+00
2026 07 24 05 10 00 000 1.2627587E+01 1.8265219E+00 -3.6450040E+00
2026 07 24 05 11 00 000 1.2627551E+01 1.8319923E+00 -3.6450341E+00
2026 07 24 05 12 00 000 1.2627485E+01 1.8374596E+00 -3.6450651E+00
2026 07 24 05 13 00 000 1.2627391E+01 1.8429238E+00 -3.6450958E+00
2026 07 24 05 14 00 000 1.2627266E+01 1.8483819E+00 -3.6451275E+00
2026 07 24 05 15 00 000 1.2627112E+01 1.8538381E+00 -3.6451597E+00
2026 07 24 05 16 00 000 1.2626927E+01 1.8592930E+00 -3.6451926E+00
2026 07 24 05 17 00 000 1.2626715E+01 1.8647469E+00 -3.6452260E+00
2026 07 24 05 18 00 000 1.2626469E+01 1.8701980E+00 -3.6452603E+00
2026 07 24 05 19 00 000 1.2626194E+01 1.8756442E+00 -3.6452940E+00
2026 07 24 05 20 00 000 1.2625891E+01 1.8810902E+00 -3.6453292E+00
2026 07 24 05 21 00 000 1.2625559E+01 1.8865263E+00 -3.6453629E+00
2026 07 24 05 22 00 000 1.2625196E+01 1.8919661E+00 -3.6453981E+00
2026 07 24 05 23 00 000 1.2624804E+01 1.8974029E+00 -3.6454344E+00
2026 07 24 05 24 00 000 1.2624381E+01 1.9028350E+00 -3.6454699E+00
2026 07 24 05 25 00 000 1.2623927E+01 1.9082702E+00 -3.6455066E+00
2026 07 24 05 26 00 000 1.2623446E+01 1.9136950E+00 -3.6455426E+00
2026 07 24 05 27 00 000 1.2622933E+01 1.9191242E+00 -3.6455801E+00
2026 07 24 05 28 00 000 1.2622395E+01 1.9245471E+00 -3.6456158E+00
2026 07 24 05 29 00 000 1.2621821E+01 1.9299705E+00 -3.6456535E+00
2026 07 24 05 30 00 000 1.2621221E+01 1.9353905E+00 -3.6456907E+00
2026 07 24 05 31 00 000 1.2620589E+01 1.9408103E+00 -3.6457274E+00
2026 07 24 05 32 00 000 1.2619929E+01 1.9462221E+00 -3.6457644E+00
2026 07 24 05 33 00 000 1.2619240E+01 1.9516331E+00 -3.6458011E+00
2026 07 24 05 34 00 000 1.2618519E+01 1.9570436E+00 -3.6458375E+00
2026 07 24 05 35 00 000 1.2617768E+01 1.9624544E+00 -3.6458750E+00
2026 07 24 05 36 00 000 1.2616990E+01 1.9678613E+00 -3.6459117E+00
2026 07 24 05 37 00 000 1.2616180E+01 1.9732674E+00 -3.6459489E+00
2026 07 24 05 38 00 000 1.2615342E+01 1.9786677E+00 -3.6459849E+00
2026 07 24 05 39 00 000 1.2614472E+01 1.9840660E+00 -3.6460209E+00
2026 07 24 05 40 00 000 1.2613576E+01 1.9894655E+00 -3.6460567E+00
2026 07 24 05 41 00 000 1.2612648E+01 1.9948629E+00 -3.6460922E+00
2026 07 24 05 42 00 000 1.2611691E+01 2.0002544E+00 -3.6461272E+00
2026 07 24 05 43 00 000 1.2610702E+01 2.0056458E+00 -3.6461618E+00
2026 07 24 05 44 00 000 1.2609685E+01 2.0110366E+00 -3.6461966E+00
2026 07 24 05 45 00 000 1.2608640E+01 2.0164270E+00 -3.6462309E+00
2026 07 24 05 46 00 000 1.2607563E+01 2.0218153E+00 -3.6462646E+00
2026 07 24 05 47 00 000 1.2606457E+01 2.0272007E+00 -3.6462977E+00
2026 07 24 05 48 00 000 1.2605321E+01 2.0325830E+00 -3.6463296E+00
2026 07 24 05 49 00 000 1.2604156E+01 2.0379629E+00 -3.6463611E+00
2026 07 24 05 50 00 000 1.2602961E+01 2.0433438E+00 -3.6463928E+00
2026 07 24 05 51 00 000 1.2601735E+01 2.0487237E+00 -3.6464233E+00
2026 07 24 05 52 00 000 1.2600480E+01 2.0541031E+00 -3.6464536E+00
2026 07 24 05 53 00 000 1.2599195E+01 2.0594788E+00 -3.6464829E+00
2026 07 24 05 54 00 000 1.2597880E+01 2.0648508E+00 -3.6465111E+00
2026 07 24 05 55 00 000 1.2596538E+01 2.0702252E+00 -3.6465387E+00
2026 07 24 05 56 00 000 1.2595165E+01 2.0755956E+00 -3.6465645E+00
2026 07 24 05 57 00 000 1.2593762E+01 2.0809634E+00 -3.6465898E+00
2026 07 24 05 58 00 000 1.2592329E+01 2.0863335E+00 -3.6466150E+00
2026 07 24 05 59 00 000 1.2590864E+01 2.0917006E+00 -3.6466386E+00
2026 07 24 06 00 00 000 1.2589374E+01 2.0970633E+00 -3.6466606E+00
2026 07 24 06 01 00 000 1.2587852E+01 2.1024301E+00 -3.6466820E+00
2026 07 24 06 02 00 000 1.2586301E+01 2.1077895E+00 -3.6467023E+00
2026 07 24 06 03 00 000 1.2584718E+01 2.1131525E+00 -3.6467214E+00
2026 07 24 06 04 00 000 1.2583107E+01 2.1185114E+00 -3.6467392E+00
2026 07 24 06 05 00 000 1.2581466E+01 2.1238723E+00 -3.6467559E+00
2026 07 24 06 06 00 000 1.2579795E+01 2.1292315E+00 -3.6467717E+00
2026 07 24 06 07 00 000 1.2578096E+01 2.1345847E+00 -3.6467848E+00
2026 07 24 06 08 00 000 1.2576365E+01 2.1399436E+00 -3.6467977E+00
2026 07 24 06 09 00 000 1.2574607E+01 2.1452980E+00 -3.6468091E+00
2026 07 24 06 10 00 000 1.2572818E+01 2.1506512E+00 -3.6468189E+00
2026 07 24 06 11 00 000 1.2570998E+01 2.1560044E+00 -3.6468267E+00
2026 07 24 06 12 00 000 1.2569149E+01 2.1613564E+00 -3.6468337E+00
2026 07 24 06 13 00 000 1.2567270E+01 2.1667056E+00 -3.6468379E+00
2026 07 24 06 14 00 000 1.2565362E+01 2.1720564E+00 -3.6468415E+00
2026 07 24 06 15 00 000 1.2563425E+01 2.1774037E+00 -3.6468425E+00
2026 07 24 06 16 00 000 1.2561457E+01 2.1827564E+00 -3.6468430E+00
2026 07 24 06 17 00 000 1.2559459E+01 2.1881063E+00 -3.6468418E+00
2026 07 24 06 18 00 000 1.2557432E+01 2.1934505E+00 -3.6468370E+00
2026 07 24 06 19 00 000 1.2555375E+01 2.1987948E+00 -3.6468310E+00
2026 07 24 06 20 00 000 1.2553288E+01 2.2041399E+00 -3.6468234E+00
2026 07 24 06 21 00 000 1.2551172E+01 2.2094858E+00 -3.6468139E+00
2026 07 24 06 22 00 000 1.2549028E+01 2.2148275E+00 -3.6468015E+00
2026 07 24 06 23 00 000 1.2546852E+01 2.2201710E+00 -3.6467876E+00
2026 07 24 06 24 00 000 1.2544645E+01 2.2255189E+00 -3.6467726E+00
2026 07 24 06 25 00 000 1.2542412E+01 2.2308531E+00 -3.6467526E+00
2026 07 24 06 26 00 000 1.2540147E+01 2.2361982E+00 -3.6467330E+00
2026 07 24 06 27 00 000 1.2537851E+01 2.2415411E+00 -3.6467106E+00
2026 07 24 06 28 00 000 1.2535527E+01 2.2468784E+00 -3.6466851E+00
2026 07 24 06 29 00 000 1.2533172E+01 2.2522204E+00 -3.6466579E+00
2026 07 24 06 30 00 000 1.2530787E+01 2.2575641E+00 -3.6466284E+00
2026 07 24 06 31 00 000 1.2528375E+01 2.2628984E+00 -3.6465950E+00
2026 07 24 06 32 00 000 1.2525931E+01 2.2682385E+00 -3.6465604E+00
2026 07 24 06 33 00 000 1.2523458E+01 2.2735782E+00 -3.6465228E+00
2026 07 24 06 34 00 000 1.2520954E+01 2.2789142E+00 -3.6464815E+00
2026 07 24 06 35 00 000 1.2518422E+01 2.2842560E+00 -3.6464403E+00
2026 07 24 06 36 00 000 1.2515860E+01 2.2895880E+00 -3.6463928E+00
2026 07 24 06 37 00 000 1.2513267E+01 2.2949317E+00 -3.6463459E+00
2026 07 24 06 38 00 000 1.2510645E+01 2.3002663E+00 -3.6462944E+00
2026 07 24 06 39 00 000 1.2507993E+01 2.3056016E+00 -3.6462395E+00
2026 07 24 06 40 00 000 1.2505312E+01 2.3109391E+00 -3.6461818E+00
2026 07 24 06 41 00 000 1.2502599E+01 2.3162799E+00 -3.6461229E+00
2026 07 24 06 42 00 000 1.2499859E+01 2.3216124E+00 -3.6460583E+00
2026 07 24 06 43 00 000 1.2497088E+01 2.3269496E+00 -3.6459923E+00
2026 07 24 06 44 00 000 1.2494286E+01 2.3322847E+00 -3.6459222E+00
2026 07 24 06 45 00 000 1.2491454E+01 2.3376260E+00 -3.6458504E+00
2026 07 24 06 46 00 000 1.2488596E+01 2.3429582E+00 -3.6457729E+00
2026 07 24 06 47 00 000 1.2485704E+01 2.3482990E+00 -3.6456947E+00
2026 07 24 06 48 00 000 1.2482783E+01 2.3536339E+00 -3.6456110E+00
2026 07 24 06 49 00 000 1.2479833E+01 2.3589718E+00 -3.6455247E+00
2026 07 24 06 50 00 000 1.2476853E+01 2.3643067E+00 -3.6454353E+00
2026 07 24 06 51 00 000 1.2473842E+01 2.3696482E+00 -3.6453428E+00
2026 07 24 06 52 00 000 1.2470802E+01 2.3749847E+00 -3.6452448E+00
2026 07 24 06 53 00 000 1.2467734E+01 2.3803241E+00 -3.6451449E+00
2026 07 24 06 54 00 000 1.2464635E+01 2.3856602E+00 -3.6450408E+00
2026 07 24 06 55 00 000 1.2461505E+01 2.3909993E+00 -3.6449323E+00
2026 07 24 06 56 00 000 1.2458345E+01 2.3963377E+00 -3.6448205E+00
2026 07 24 06 57 00 000 1.2455157E+01 2.4016762E+00 -3.6447048E+00
2026 07 24 06 58 00 000 1.2451937E+01 2.4070165E+00 -3.6445847E+00
2026 07 24 06 59 00 000 1.2448689E+01 2.4123576E+00 -3.6444614E+00
2026 07 24 07 00 00 000 1.2445408E+01 2.4176960E+00 -3.6443331E+00
2026 07 24 07 01 00 000 1.2442100E+01 2.4230380E+00 -3.6442013E+00
2026 07 24 07 02 00 000 1.2438763E+01 2.4283760E+00 -3.6440644E+00
2026 07 24 07 03 00 000 1.2435392E+01 2.4337204E+00 -3.6439250E+00
2026 07 24 07 04 00 000 1.2431995E+01 2.4390595E+00 -3.6437790E+00
2026 07 24 07 05 00 000 1.2428565E+01 2.4444032E+00 -3.6436305E+00
2026 07 24 07 06 00 000 1.2425107E+01 2.4497471E+00 -3.6434779E+00
2026 07 24 07 07 00 000 1.2421618E+01 2.4550929E+00 -3.6433201E+00
2026 07 24 07 08 00 000 1.2418099E+01 2.4604352E+00 -3.6431570E+00
2026 07 24 07 09 00 000 1.2414552E+01 2.4657810E+00 -3.6429901E+00
2026 07 24 07 10 00 000 1.2410974E+01 2.4711261E+00 -3.6428185E+00
2026 07 24 07 11 00 000 1.2407365E+01 2.4764724E+00 -3.6426415E+00
2026 07 24 07 12 00 000 1.2403727E+01 2.4818218E+00 -3.6424613E+00
2026 07 24 07 13 00 000 1.2400056E+01 2.4871700E+00 -3.6422753E+00
2026 07 24 07 14 00 000 1.2396359E+01 2.4925165E+00 -3.6420839E+00
2026 07 24 07 15 00 000 1.2392630E+01 2.4978657E+00 -3.6418881E+00
2026 07 24 07 16 00 000 1.2388871E+01 2.5032156E+00 -3.6416869E+00
2026 07 24 07 17 00 000 1.2385082E+01 2.5085676E+00 -3.6414816E+00
2026 07 24 07 18 00 000 1.2381264E+01 2.5139210E+00 -3.6412706E+00
2026 07 24 07 19 00 000 1.2377415E+01 2.5192747E+00 -3.6410542E+00
2026 07 24 07 20 00 000 1.2373534E+01 2.5246303E+00 -3.6408331E+00
2026 07 24 07 21 00 000 1.2369625E+01 2.5299833E+00 -3.6406059E+00
2026 07 24 07 22 00 000 1.2365686E+01 2.5353370E+00 -3.6403732E+00
2026 07 24 07 23 00 000 1.2361718E+01 2.5406935E+00 -3.6401355E+00
2026 07 24 07 24 00 000 1.2357720E+01 2.5460527E+00 -3.6398926E+00
2026 07 24 07 25 00 000 1.2353690E+01 2.5514121E+00 -3.6396437E+00
2026 07 24 07 26 00 000 1.2349630E+01 2.5567729E+00 -3.6393895E+00
2026 07 24 07 27 00 000 1.2345540E+01 2.5621333E+00 -3.6391299E+00
2026 07 24 07 28 00 000 1.2341421E+01 2.5674915E+00 -3.6388626E+00
2026 07 24 07 29 00 000 1.2337272E+01 2.5728548E+00 -3.6385911E+00
2026 07 24 07 30 00 000 1.2333090E+01 2.5782225E+00 -3.6383140E+00
2026 07 24 07 31 00 000 1.2328880E+01 2.5835884E+00 -3.6380308E+00
2026 07 24 07 32 00 000 1.2324638E+01 2.5889535E+00 -3.6377409E+00
2026 07 24 07 33 00 000 1.2320369E+01 2.5943239E+00 -3.6374459E+00
2026 07 24 07 34 00 000 1.2316067E+01 2.5996919E+00 -3.6371439E+00
2026 07 24 07 35 00 000 1.2311736E+01 2.6050603E+00 -3.6368346E+00
2026 07 24 07 36 00 000 1.2307376E+01 2.6104326E+00 -3.6365211E+00
2026 07 24 07 37 00 000 1.2302981E+01 2.6158068E+00 -3.6362007E+00
2026 07 24 07 38 00 000 1.2298562E+01 2.6211777E+00 -3.6358726E+00
2026 07 24 07 39 00 000 1.2294108E+01 2.6265566E+00 -3.6355400E+00
2026 07 24 07 40 00 000 1.2289626E+01 2.6319320E+00 -3.6351998E+00
2026 07 24 07 41 00 000 1.2285112E+01 2.6373086E+00 -3.6348526E+00
2026 07 24 07 42 00 000 1.2280569E+01 2.6426866E+00 -3.6344988E+00
2026 07 24 07 43 00 000 1.2275995E+01 2.6480715E+00 -3.6341393E+00
2026 07 24 07 44 00 000 1.2271392E+01 2.6534553E+00 -3.6337729E+00
2026 07 24 07 45 00 000 1.2266758E+01 2.6588361E+00 -3.6333983E+00
2026 07 24 07 46 00 000 1.2262094E+01 2.6642203E+00 -3.6330173E+00
2026 07 24 07 47 00 000 1.2257398E+01 2.6696069E+00 -3.6326294E+00
2026 07 24 07 48 00 000 1.2252673E+01 2.6749971E+00 -3.6322351E+00
2026 07 24 07 49 00 000 1.2247918E+01 2.6803875E+00 -3.6318333E+00
2026 07 24 07 50 00 000 1.2243131E+01 2.6857765E+00 -3.6314232E+00
2026 07 24 07 51 00 000 1.2238315E+01 2.6911707E+00 -3.6310074E+00
2026 07 24 07 52 00 000 1.2233467E+01 2.6965632E+00 -3.6305826E+00
2026 07 24 07 53 00 000 1.2228591E+01 2.7019598E+00 -3.6301515E+00
2026 07 24 07 54 00 000 1.2223682E+01 2.7073596E+00 -3.6297138E+00
2026 07 24 07 55 00 000 1.2218744E+01 2.7127595E+00 -3.6292675E+00
2026 07 24 07 56 00 000 1.2213775E+01 2.7181590E+00 -3.6288130E+00
2026 07 24 07 57 00 000 1.2208775E+01 2.7235630E+00 -3.6283519E+00
2026 07 24 07 58 00 000 1.2203747E+01 2.7289670E+00 -3.6278822E+00
2026 07 24 07 59 00 000 1.2198686E+01 2.7343709E+00 -3.6274040E+00
2026 07 24 08 00 00 000 1.2193595E+01 2.7397804E+00 -3.6269200E+00
2026 07 24 08 01 00 000 1.2188474E+01 2.7451875E+00 -3.6264255E+00
2026 07 24 08 02 00 000 1.2183321E+01 2.7506003E+00 -3.6259253E+00
2026 07 24 08 03 00 000 1.2178140E+01 2.7560127E+00 -3.6254163E+00
2026 07 24 08 04 00 000 1.2172926E+01 2.7614260E+00 -3.6248980E+00
2026 07 24 08 05 00 000 1.2167683E+01 2.7668424E+00 -3.6243718E+00
2026 07 24 08 06 00 000 1.2162408E+01 2.7722600E+00 -3.6238377E+00
2026 07 24 08 07 00 000 1.2157101E+01 2.7776828E+00 -3.6232960E+00
2026 07 24 08 08 00 000 1.2151766E+01 2.7831063E+00 -3.6227455E+00
2026 07 24 08 09 00 000 1.2146399E+01 2.7885284E+00 -3.6221857E+00
2026 07 24 08 10 00 000 1.2141003E+01 2.7939510E+00 -3.6216164E+00
2026 07 24 08 11 00 000 1.2135575E+01 2.7993765E+00 -3.6210392E+00
2026 07 24 08 12 00 000 1.2130116E+01 2.8048108E+00 -3.6204548E+00
2026 07 24 08 13 00 000 1.2124627E+01 2.8102431E+00 -3.6198606E+00
2026 07 24 08 14 00 000 1.2119108E+01 2.8156738E+00 -3.6192572E+00
2026 07 24 08 15 00 000 1.2113555E+01 2.8211091E+00 -3.6186450E+00
2026 07 24 08 16 00 000 1.2107975E+01 2.8265450E+00 -3.6180232E+00
2026 07 24 08 17 00 000 1.2102364E+01 2.8319840E+00 -3.6173930E+00
2026 07 24 08 18 00 000 1.2096719E+01 2.8374252E+00 -3.6167529E+00
2026 07 24 08 19 00 000 1.2091043E+01 2.8428705E+00 -3.6161046E+00
2026 07 24 08 20 00 000 1.2085340E+01 2.8483124E+00 -3.6154456E+00
2026 07 24 08 21 00 000 1.2079606E+01 2.8537576E+00 -3.6147773E+00
2026 07 24 08 22 00 000 1.2073836E+01 2.8592095E+00 -3.6141014E+00
2026 07 24 08 23 00 000 1.2068042E+01 2.8646584E+00 -3.6134143E+00
2026 07 24 08 24 00 000 1.2062213E+01 2.8701084E+00 -3.6127169E+00
2026 07 24 08 25 00 000 1.2056354E+01 2.8755660E+00 -3.6120114E+00
2026 07 24 08 26 00 000 1.2050462E+01 2.8810258E+00 -3.6112967E+00
2026 07 24 08 27 00 000 1.2044541E+01 2.8864806E+00 -3.6105700E+00
2026 07 24 08 28 00 000 1.2038588E+01 2.8919425E+00 -3.6098342E+00
2026 07 24 08 29 00 000 1.2032606E+01 2.8974028E+00 -3.6090879E+00
2026 07 24 08 30 00 000 1.2026591E+01 2.9028697E+00 -3.6083326E+00
2026 07 24 08 31 00 000 1.2020545E+01 2.9083405E+00 -3.6075675E+00
2026 07 24 08 32 00 000 1.2014470E+01 2.9138072E+00 -3.6067905E+00
2026 07 24 08 33 00 000 1.2008362E+01 2.9192796E+00 -3.6060047E+00
2026 07 24 08 34 00 000 1.2002223E+01 2.9247518E+00 -3.6052074E+00
2026 07 24 08 35 00 000 1.1996054E+01 2.9302280E+00 -3.6044002E+00
2026 07 24 08 36 00 000 1.1989852E+01 2.9357078E+00 -3.6035831E+00
2026 07 24 08 37 00 000 1.1983621E+01 2.9411876E+00 -3.6027544E+00
2026 07 24 08 38 00 000 1.1977357E+01 2.9466674E+00 -3.6019151E+00
2026 07 24 08 39 00 000 1.1971064E+01 2.9521496E+00 -3.6010640E+00
2026 07 24 08 40 00 000 1.1964739E+01 2.9576371E+00 -3.6002038E+00
2026 07 24 08 41 00 000 1.1958382E+01 2.9631262E+00 -3.5993326E+00
2026 07 24 08 42 00 000 1.1951994E+01 2.9686162E+00 -3.5984497E+00
2026 07 24 08 43 00 000 1.1945575E+01 2.9741092E+00 -3.5975561E+00
2026 07 24 08 44 00 000 1.1939122E+01 2.9796078E+00 -3.5966525E+00
2026 07 24 08 45 00 000 1.1932642E+01 2.9851015E+00 -3.5957353E+00
2026 07 24 08 46 00 000 1.1926127E+01 2.9905994E+00 -3.5948074E+00
2026 07 24 08 47 00 000 1.1919585E+01 2.9961014E+00 -3.5938690E+00
2026 07 24 08 48 00 000 1.1913009E+01 3.0016043E+00 -3.5929186E+00
2026 07 24 08 49 00 000 1.1906401E+01 3.0071104E+00 -3.5919569E+00
2026 07 24 08 50 00 000 1.1899762E+01 3.0126185E+00 -3.5909836E+00
2026 07 24 08 51 00 000 1.1893092E+01 3.0181303E+00 -3.5899994E+00
2026 07 24 08 52 00 000 1.1886392E+01 3.0236402E+00 -3.5890014E+00
2026 07 24 08 53 00 000 1.1879659E+01 3.0291553E+00 -3.5879934E+00
2026 07 24 08 54 00 000 1.1872892E+01 3.0346732E+00 -3.5869732E+00
2026 07 24 08 55 00 000 1.1866096E+01 3.0401931E+00 -3.5859408E+00
2026 07 24 08 56 00 000 1.1859269E+01 3.0457122E+00 -3.5848958E+00
2026 07 24 08 57 00 000 1.1852412E+01 3.0512326E+00 -3.5838382E+00
2026 07 24 08 58 00 000 1.1845521E+01 3.0567601E+00 -3.5827694E+00
2026 07 24 08 59 00 000 1.1838597E+01 3.0622900E+00 -3.5816884E+00
2026 07 24 09 00 00 000 1.1831644E+01 3.0678189E+00 -3.5805948E+00
2026 07 24 09 01 00 000 1.1824658E+01 3.0733488E+00 -3.5794880E+00
2026 07 24 09 02 00 000 1.1817641E+01 3.0788810E+00 -3.5783691E+00
2026 07 24 09 03 00 000 1.1810592E+01 3.0844197E+00 -3.5772381E+00
2026 07 24 09 04 00 000 1.1803512E+01 3.0899575E+00 -3.5760932E+00
2026 07 24 09 05 00 000 1.1796399E+01 3.0954983E+00 -3.5749366E+00
2026 07 24 09 06 00 000 1.1789256E+01 3.1010382E+00 -3.5737662E+00
2026 07 24 09 07 00 000 1.1782081E+01 3.1065860E+00 -3.5725842E+00
2026 07 24 09 08 00 000 1.1774874E+01 3.1121306E+00 -3.5713875E+00
2026 07 24 09 09 00 000 1.1767632E+01 3.1176834E+00 -3.5701802E+00
2026 07 24 09 10 00 000 1.1760361E+01 3.1232338E+00 -3.5689576E+00
2026 07 24 09 11 00 000 1.1753058E+01 3.1287873E+00 -3.5677221E+00
2026 07 24 09 12 00 000 1.1745722E+01 3.1343441E+00 -3.5664740E+00
2026 07 24 09 13 00 000 1.1738355E+01 3.1399028E+00 -3.5652122E+00
2026 07 24 09 14 00 000 1.1730956E+01 3.1454616E+00 -3.5639360E+00
2026 07 24 09 15 00 000 1.1723525E+01 3.1510241E+00 -3.5626471E+00
2026 07 24 09 16 00 000 1.1716063E+01 3.1565864E+00 -3.5613430E+00
2026 07 24 09 17 00 000 1.1708567E+01 3.1621563E+00 -3.5600278E+00
2026 07 24 09 18 00 000 1.1701040E+01 3.1677232E+00 -3.5586967E+00
2026 07 24 09 19 00 000 1.1693480E+01 3.1732941E+00 -3.5573528E+00
2026 07 24 09 20 00 000 1.1685891E+01 3.1788647E+00 -3.5559940E+00
2026 07 24 09 21 00 000 1.1678267E+01 3.1844380E+00 -3.5546210E+00
2026 07 24 09 22 00 000 1.1670612E+01 3.1900187E+00 -3.5532353E+00
2026 07 24 09 23 00 000 1.1662926E+01 3.1955945E+00 -3.5518334E+00
2026 07 24 09 24 00 000 1.1655204E+01 3.2011764E+00 -3.5504189E+00
2026 07 24 09 25 00 000 1.1647452E+01 3.2067542E+00 -3.5489879E+00
2026 07 24 09 26 00 000 1.1639669E+01 3.2123411E+00 -3.5475445E+00
2026 07 24 09 27 00 000 1.1631851E+01 3.2179317E+00 -3.5460865E+00
2026 07 24 09 28 00 000 1.1624002E+01 3.2235184E+00 -3.5446129E+00
2026 07 24 09 29 00 000 1.1616122E+01 3.2291100E+00 -3.5431252E+00
2026 07 24 09 30 00 000 1.1608208E+01 3.2347035E+00 -3.5416226E+00
2026 07 24 09 31 00 000 1.1600263E+01 3.2402947E+00 -3.5401037E+00
2026 07 24 09 32 00 000 1.1592283E+01 3.2458942E+00 -3.5385721E+00
2026 07 24 09 33 00 000 1.1584272E+01 3.2514944E+00 -3.5370247E+00
2026 07 24 09 34 00 000 1.1576230E+01 3.2570920E+00 -3.5354609E+00
2026 07 24 09 35 00 000 1.1568153E+01 3.2626960E+00 -3.5338840E+00
2026 07 24 09 36 00 000 1.1560043E+01 3.2683039E+00 -3.5322912E+00
2026 07 24 09 37 00 000 1.1551905E+01 3.2739048E+00 -3.5306804E+00
2026 07 24 09 38 00 000 1.1543732E+01 3.2795146E+00 -3.5290568E+00
2026 07 24 09 39 00 000 1.1535524E+01 3.2851229E+00 -3.5274167E+00
2026 07 24 09 40 00 000 1.1527287E+01 3.2907376E+00 -3.5257621E+00
2026 07 24 09 41 00 000 1.1519015E+01 3.2963495E+00 -3.5240905E+00
2026 07 24 09 42 00 000 1.1510712E+01 3.3019652E+00 -3.5224035E+00
2026 07 24 09 43 00 000 1.1502376E+01 3.3075814E+00 -3.5207005E+00
2026 07 24 09 44 00 000 1.1494006E+01 3.3131981E+00 -3.5189812E+00
2026 07 24 09 45 00 000 1.1485603E+01 3.3188219E+00 -3.5172470E+00
2026 07 24 09 46 00 000 1.1477167E+01 3.3244436E+00 -3.5154963E+00
2026 07 24 09 47 00 000 1.1468701E+01 3.3300672E+00 -3.5137291E+00
2026 07 24 09 48 00 000 1.1460198E+01 3.3356965E+00 -3.5119469E+00
2026 07 24 09 49 00 000 1.1451667E+01 3.3413167E+00 -3.5101449E+00
2026 07 24 09 50 00 000 1.1443100E+01 3.3469481E+00 -3.5083287E+00
2026 07 24 09 51 00 000 1.1434500E+01 3.3525805E+00 -3.5064967E+00
2026 07 24 09 52 00 000 1.1425868E+01 3.3582113E+00 -3.5046470E+00
2026 07 24 09 53 00 000 1.1417200E+01 3.3638444E+00 -3.5027804E+00
2026 07 24 09 54 00 000 1.1408503E+01 3.3694835E+00 -3.5008991E+00
2026 07 24 09 55 00 000 1.1399772E+01 3.3751159E+00 -3.4989982E+00
2026 07 24 09 56 00 000 1.1391007E+01 3.3807540E+00 -3.4970808E+00
2026 07 24 09 57 00 000 1.1382208E+01 3.3863969E+00 -3.4951477E+00
2026 07 24 09 58 00 000 1.1373377E+01 3.3920372E+00 -3.4931974E+00
2026 07 24 09 59 00 000 1.1364513E+01 3.3976791E+00 -3.4912286E+00
2026 07 24 10 00 00 000 1.1355616E+01 3.4033229E+00 -3.4892433E+00
2026 07 24 10 01 00 000 1.1346684E+01 3.4089649E+00 -3.4872396E+00
2026 07 24 10 02 00 000 1.1337721E+01 3.4146106E+00 -3.4852192E+00
2026 07 24 10 03 00 000 1.1328725E+01 3.4202611E+00 -3.4831822E+00
2026 07 24 10 04 00 000 1.1319694E+01 3.4259069E+00 -3.4811261E+00
2026 07 24 10 05 00 000 1.1310628E+01 3.4315588E+00 -3.4790530E+00
2026 07 24 10 06 00 000 1.1301530E+01 3.4372106E+00 -3.4769623E+00
2026 07 24 10 07 00 000 1.1292401E+01 3.4428592E+00 -3.4748521E+00
2026 07 24 10 08 00 000 1.1283236E+01 3.4485164E+00 -3.4727268E+00
2026 07 24 10 09 00 000 1.1274035E+01 3.4541721E+00 -3.4705820E+00
2026 07 24 10 10 00 000 1.1264805E+01 3.4598260E+00 -3.4684188E+00
2026 07 24 10 11 00 000 1.1255539E+01 3.4654837E+00 -3.4662380E+00
2026 07 24 10 12 00 000 1.1246239E+01 3.4711442E+00 -3.4640386E+00
2026 07 24 10 13 00 000 1.1236906E+01 3.4768016E+00 -3.4618211E+00
2026 07 24 10 14 00 000 1.1227541E+01 3.4824598E+00 -3.4595847E+00
2026 07 24 10 15 00 000 1.1218140E+01 3.4881227E+00 -3.4573298E+00
2026 07 24 10 16 00 000 1.1208707E+01 3.4937801E+00 -3.4550557E+00
2026 07 24 10 17 00 000 1.1199238E+01 3.4994466E+00 -3.4527645E+00
2026 07 24 10 18 00 000 1.1189736E+01 3.5051079E+00 -3.4504535E+00
2026 07 24 10 19 00 000 1.1180200E+01 3.5107720E+00 -3.4481237E+00
2026 07 24 10 20 00 000 1.1170630E+01 3.5164387E+00 -3.4457748E+00
2026 07 24 10 21 00 000 1.1161029E+01 3.5221009E+00 -3.4434063E+00
2026 07 24 10 22 00 000 1.1151390E+01 3.5277681E+00 -3.4410200E+00
2026 07 24 10 23 00 000 1.1141720E+01 3.5334322E+00 -3.4386132E+00
2026 07 24 10 24 00 000 1.1132014E+01 3.5391002E+00 -3.4361875E+00
2026 07 24 10 25 00 000 1.1122274E+01 3.5447681E+00 -3.4337430E+00
2026 07 24 10 26 00 000 1.1112502E+01 3.5504346E+00 -3.4312785E+00
2026 07 24 10 27 00 000 1.1102692E+01 3.5561035E+00 -3.4287949E+00
2026 07 24 10 28 00 000 1.1092851E+01 3.5617719E+00 -3.4262915E+00
2026 07 24 10 29 00 000 1.1082973E+01 3.5674427E+00 -3.4237690E+00
2026 07 24 10 30 00 000 1.1073063E+01 3.5731106E+00 -3.4212251E+00
2026 07 24 10 31 00 000 1.1063117E+01 3.5787804E+00 -3.4186623E+00
2026 07 24 10 32 00 000 1.1053139E+01 3.5844495E+00 -3.4160802E+00
2026 07 24 10 33 00 000 1.1043124E+01 3.5901196E+00 -3.4134767E+00
2026 07 24 10 34 00 000 1.1033077E+01 3.5957882E+00 -3.4108536E+00
2026 07 24 10 35 00 000 1.1022995E+01 3.6014588E+00 -3.4082103E+00
2026 07 24 10 36 00 000 1.1012876E+01 3.6071291E+00 -3.4055474E+00
2026 07 24 10 37 00 000 1.1002725E+01 3.6128006E+00 -3.4028633E+00
2026 07 24 10 38 00 000 1.0992537E+01 3.6184707E+00 -3.4001594E+00
2026 07 24 10 39 00 000 1.0982317E+01 3.6241369E+00 -3.3974338E+00
2026 07 24 10 40 00 000 1.0972058E+01 3.6298101E+00 -3.3946893E+00
2026 07 24 10 41 00 000 1.0961769E+01 3.6354809E+00 -3.3919237E+00
2026 07 24 10 42 00 000 1.0951445E+01 3.6411476E+00 -3.3891356E+00
2026 07 24 10 43 00 000 1.0941083E+01 3.6468170E+00 -3.3863285E+00
2026 07 24 10 44 00 000 1.0930690E+01 3.6524844E+00 -3.3834996E+00
2026 07 24 10 45 00 000 1.0920259E+01 3.6581528E+00 -3.3806496E+00
2026 07 24 10 46 00 000 1.0909795E+01 3.6638184E+00 -3.3777788E+00
2026 07 24 10 47 00 000 1.0899294E+01 3.6694860E+00 -3.3748872E+00
2026 07 24 10 48 00 000 1.0888760E+01 3.6751535E+00 -3.3719742E+00
2026 07 24 10 49 00 000 1.0878188E+01 3.6808190E+00 -3.3690391E+00
2026 07 24 10 50 00 000 1.0867585E+01 3.6864829E+00 -3.3660831E+00
2026 07 24 10 51 00 000 1.0856943E+01 3.6921496E+00 -3.3631060E+00
2026 07 24 10 52 00 000 1.0846267E+01 3.6978109E+00 -3.3601065E+00
2026 07 24 10 53 00 000 1.0835559E+01 3.7034705E+00 -3.3570850E+00
2026 07 24 10 54 00 000 1.0824810E+01 3.7091339E+00 -3.3540432E+00
2026 07 24 10 55 00 000 1.0814029E+01 3.7147944E+00 -3.3509786E+00
2026 07 24 10 56 00 000 1.0803213E+01 3.7204545E+00 -3.3478925E+00
2026 07 24 10 57 00 000 1.0792361E+01 3.7261138E+00 -3.3447843E+00
2026 07 24 10 58 00 000 1.0781474E+01 3.7317684E+00 -3.3416533E+00
2026 07 24 10 59 00 000 1.0770550E+01 3.7374222E+00 -3.3385005E+00
2026 07 24 11 00 00 000 1.0759590E+01 3.7430792E+00 -3.3353269E+00
2026 07 24 11 01 00 000 1.0748594E+01 3.7487333E+00 -3.3321300E+00
2026 07 24 11 02 00 000 1.0737568E+01 3.7543805E+00 -3.3289092E+00
2026 07 24 11 03 00 000 1.0726502E+01 3.7600307E+00 -3.3256669E+00
2026 07 24 11 04 00 000 1.0715399E+01 3.7656820E+00 -3.3224032E+00
2026 07 24 11 05 00 000 1.0704265E+01 3.7713268E+00 -3.3191156E+00
2026 07 24 11 06 00 000 1.0693089E+01 3.7769692E+00 -3.3158054E+00
2026 07 24 11 07 00 000 1.0681881E+01 3.7826126E+00 -3.3124731E+00
2026 07 24 11 08 00 000 1.0670636E+01 3.7882545E+00 -3.3091173E+00
2026 07 24 11 09 00 000 1.0659356E+01 3.7938912E+00 -3.3057377E+00
2026 07 24 11 10 00 000 1.0648040E+01 3.7995296E+00 -3.3023372E+00
2026 07 24 11 11 00 000 1.0636686E+01 3.8051646E+00 -3.2989125E+00
2026 07 24 11 12 00 000 1.0625298E+01 3.8107953E+00 -3.2954638E+00
2026 07 24 11 13 00 000 1.0613871E+01 3.8164265E+00 -3.2919934E+00
2026 07 24 11 14 00 000 1.0602411E+01 3.8220551E+00 -3.2884984E+00
2026 07 24 11 15 00 000 1.0590913E+01 3.8276818E+00 -3.2849810E+00
2026 07 24 11 16 00 000 1.0579378E+01 3.8333030E+00 -3.2814391E+00
2026 07 24 11 17 00 000 1.0567808E+01 3.8389213E+00 -3.2778735E+00
2026 07 24 11 18 00 000 1.0556202E+01 3.8445408E+00 -3.2742856E+00
2026 07 24 11 19 00 000 1.0544558E+01 3.8501594E+00 -3.2706735E+00
2026 07 24 11 20 00 000 1.0532879E+01 3.8557699E+00 -3.2670374E+00
2026 07 24 11 21 00 000 1.0521164E+01 3.8613777E+00 -3.2633762E+00
2026 07 24 11 22 00 000 1.0509409E+01 3.8669837E+00 -3.2596924E+00
2026 07 24 11 23 00 000 1.0497621E+01 3.8725879E+00 -3.2559848E+00
2026 07 24 11 24 00 000 1.0485795E+01 3.8781867E+00 -3.2522521E+00
2026 07 24 11 25 00 000 1.0473931E+01 3.8837850E+00 -3.2484956E+00
2026 07 24 11 26 00 000 1.0462029E+01 3.8893816E+00 -3.2447159E+00
2026 07 24 11 27 00 000 1.0450096E+01 3.8949664E+00 -3.2409093E+00
2026 07 24 11 28 00 000 1.0438121E+01 3.9005551E+00 -3.2370808E+00
2026 07 24 11 29 00 000 1.0426109E+01 3.9061396E+00 -3.2332273E+00
2026 07 24 11 30 00 000 1.0414062E+01 3.9117177E+00 -3.2293479E+00
2026 07 24 11 31 00 000 1.0401976E+01 3.9172964E+00 -3.2254460E+00
2026 07 24 11 32 00 000 1.0389853E+01 3.9228694E+00 -3.2215185E+00
2026 07 24 11 33 00 000 1.0377695E+01 3.9284358E+00 -3.2175651E+00
2026 07 24 11 34 00 000 1.0365499E+01 3.9339988E+00 -3.2135875E+00
2026 07 24 11 35 00 000 1.0353266E+01 3.9395571E+00 -3.2095850E+00
2026 07 24 11 36 00 000 1.0340995E+01 3.9451156E+00 -3.2055578E+00
2026 07 24 11 37 00 000 1.0328686E+01 3.9506681E+00 -3.2015064E+00
2026 07 24 11 38 00 000 1.0316339E+01 3.9562142E+00 -3.1974285E+00
2026 07 24 11 39 00 000 1.0303955E+01 3.9617569E+00 -3.1933253E+00
2026 07 24 11 40 00 000 1.0291534E+01 3.9672956E+00 -3.1891978E+00
2026 07 24 11 41 00 000 1.0279078E+01 3.9728289E+00 -3.1850445E+00
2026 07 24 11 42 00 000 1.0266581E+01 3.9783540E+00 -3.1808648E+00
2026 07 24 11 43 00 000 1.0254046E+01 3.9838791E+00 -3.1766608E+00
2026 07 24 11 44 00 000 1.0241472E+01 3.9894009E+00 -3.1724310E+00
2026 07 24 11 45 00 000 1.0228866E+01 3.9949100E+00 -3.1681747E+00
2026 07 24 11 46 00 000 1.0216217E+01 4.0004196E+00 -3.1638939E+00
2026 07 24 11 47 00 000 1.0203529E+01 4.0059261E+00 -3.1595874E+00
2026 07 24 11 48 00 000 1.0190806E+01 4.0114198E+00 -3.1552539E+00
2026 07 24 11 49 00 000 1.0178044E+01 4.0169148E+00 -3.1508956E+00
2026 07 24 11 50 00 000 1.0165243E+01 4.0224028E+00 -3.1465111E+00
2026 07 24 11 51 00 000 1.0152407E+01 4.0278797E+00 -3.1420996E+00
2026 07 24 11 52 00 000 1.0139528E+01 4.0333571E+00 -3.1376629E+00
2026 07 24 11 53 00 000 1.0126613E+01 4.0388250E+00 -3.1331997E+00
2026 07 24 11 54 00 000 1.0113660E+01 4.0442896E+00 -3.1287107E+00
2026 07 24 11 55 00 000 1.0100666E+01 4.0497489E+00 -3.1241956E+00
2026 07 24 11 56 00 000 1.0087637E+01 4.0551958E+00 -3.1196525E+00
2026 07 24 11 57 00 000 1.0074568E+01 4.0606408E+00 -3.1150844E+00
2026 07 24 11 58 00 000 1.0061460E+01 4.0660801E+00 -3.1104896E+00
2026 07 24 11 59 00 000 1.0048313E+01 4.0715117E+00 -3.1058686E+00
2026 07 24 12 00 00 000 1.0035128E+01 4.0769343E+00 -3.1012194E+00
2026 07 24 12 01 00 000 1.0021903E+01 4.0823555E+00 -3.0965452E+00
2026 07 24 12 02 00 000 1.0008639E+01 4.0877647E+00 -3.0918431E+00
2026 07 24 12 03 00 000 9.9953384E+00 4.0931668E+00 -3.0871143E+00
2026 07 24 12 04 00 000 9.9819975E+00 4.0985608E+00 -3.0823584E+00
2026 07 24 12 05 00 000 9.9686165E+00 4.1039529E+00 -3.0775769E+00
2026 07 24 12 06 00 000 9.9551983E+00 4.1093340E+00 -3.0727668E+00
2026 07 24 12 07 00 000 9.9417381E+00 4.1147094E+00 -3.0679307E+00
2026 07 24 12 08 00 000 9.9282379E+00 4.1200776E+00 -3.0630674E+00
2026 07 24 12 09 00 000 9.9147024E+00 4.1254330E+00 -3.0581763E+00
2026 07 24 12 10 00 000 9.9011259E+00 4.1307845E+00 -3.0532582E+00
2026 07 24 12 11 00 000 9.8875093E+00 4.1361275E+00 -3.0483129E+00
2026 07 24 12 12 00 000 9.8738537E+00 4.1414609E+00 -3.0433400E+00
2026 07 24 12 13 00 000 9.8601551E+00 4.1467910E+00 -3.0383403E+00
2026 07 24 12 14 00 000 9.8464222E+00 4.1521063E+00 -3.0333123E+00
2026 07 24 12 15 00 000 9.8326454E+00 4.1574159E+00 -3.0282567E+00
2026 07 24 12 16 00 000 9.8188314E+00 4.1627159E+00 -3.0231738E+00
2026 07 24 12 17 00 000 9.8049765E+00 4.1680079E+00 -3.0180633E+00
2026 07 24 12 18 00 000 9.7910814E+00 4.1732912E+00 -3.0129254E+00
2026 07 24 12 19 00 000 9.7771454E+00 4.1785669E+00 -3.0077598E+00
2026 07 24 12 20 00 000 9.7631702E+00 4.1838288E+00 -3.0025654E+00
2026 07 24 12 21 00 000 9.7491560E+00 4.1890826E+00 -2.9973433E+00
2026 07 24 12 22 00 000 9.7350998E+00 4.1943283E+00 -2.9920938E+00
2026 07 24 12 23 00 000 9.7210026E+00 4.1995649E+00 -2.9868162E+00
2026 07 24 12 24 00 000 9.7068672E+00 4.2047911E+00 -2.9815102E+00
2026 07 24 12 25 00 000 9.6926899E+00 4.2100081E+00 -2.9761767E+00
2026 07 24 12 26 00 000 9.6784716E+00 4.2152143E+00 -2.9708145E+00
2026 07 24 12 27 00 000 9.6642141E+00 4.2204084E+00 -2.9654238E+00
2026 07 24 12 28 00 000 9.6499147E+00 4.2255940E+00 -2.9600053E+00
2026 07 24 12 29 00 000 9.6355743E+00 4.2307701E+00 -2.9545591E+00
2026 07 24 12 30 00 000 9.6211929E+00 4.2359343E+00 -2.9490838E+00
2026 07 24 12 31 00 000 9.6067715E+00 4.2410889E+00 -2.9435802E+00
2026 07 24 12 32 00 000 9.5923100E+00 4.2462316E+00 -2.9380488E+00
2026 07 24 12 33 00 000 9.5778046E+00 4.2513633E+00 -2.9324880E+00
2026 07 24 12 34 00 000 9.5632610E+00 4.2564821E+00 -2.9268985E+00
2026 07 24 12 35 00 000 9.5486736E+00 4.2615919E+00 -2.9212816E+00
2026 07 24 12 36 00 000 9.5340462E+00 4.2666898E+00 -2.9156349E+00
2026 07 24 12 37 00 000 9.5193768E+00 4.2717767E+00 -2.9099600E+00
2026 07 24 12 38 00 000 9.5046673E+00 4.2768488E+00 -2.9042559E+00
2026 07 24 12 39 00 000 9.4899139E+00 4.2819109E+00 -2.8985233E+00
2026 07 24 12 40 00 000 9.4751196E+00 4.2869620E+00 -2.8927624E+00
2026 07 24 12 41 00 000 9.4602842E+00 4.2919974E+00 -2.8869722E+00
2026 07 24 12 42 00 000 9.4454069E+00 4.2970233E+00 -2.8811529E+00
2026 07 24 12 43 00 000 9.4304867E+00 4.3020358E+00 -2.8753047E+00
2026 07 24 12 44 00 000 9.4155283E+00 4.3070335E+00 -2.8694279E+00
2026 07 24 12 45 00 000 9.4005232E+00 4.3120208E+00 -2.8635216E+00
2026 07 24 12 46 00 000 9.3854780E+00 4.3169932E+00 -2.8575864E+00
2026 07 24 12 47 00 000 9.3703899E+00 4.3219533E+00 -2.8516219E+00
2026 07 24 12 48 00 000 9.3552589E+00 4.3269005E+00 -2.8456287E+00
2026 07 24 12 49 00 000 9.3400879E+00 4.3318319E+00 -2.8396060E+00
2026 07 24 12 50 00 000 9.3248720E+00 4.3367519E+00 -2.8335543E+00
2026 07 24 12 51 00 000 9.3096132E+00 4.3416600E+00 -2.8274739E+00
2026 07 24 12 52 00 000 9.2943144E+00 4.3465471E+00 -2.8213627E+00
2026 07 24 12 53 00 000 9.2789707E+00 4.3514256E+00 -2.8152230E+00
2026 07 24 12 54 00 000 9.2635851E+00 4.3562884E+00 -2.8090541E+00
2026 07 24 12 55 00 000 9.2481546E+00 4.3611355E+00 -2.8028555E+00
2026 07 24 12 56 00 000 9.2326841E+00 4.3659687E+00 -2.7966280E+00
2026 07 24 12 57 00 000 9.2171679E+00 4.3707876E+00 -2.7903707E+00
2026 07 24 12 58 00 000 9.2016096E+00 4.3755884E+00 -2.7840834E+00
2026 07 24 12 59 00 000 9.1860104E+00 4.3803740E+00 -2.7777667E+00
2026 07 24 13 00 00 000 9.1703634E+00 4.3851480E+00 -2.7714210E+00
2026 07 24 13 01 00 000 9.1546755E+00 4.3899055E+00 -2.7650459E+00
2026 07 24 13 02 00 000 9.1389446E+00 4.3946414E+00 -2.7586398E+00
2026 07 24 13 03 00 000 9.1231689E+00 4.3993659E+00 -2.7522054E+00
2026 07 24 13 04 00 000 9.1073503E+00 4.4040732E+00 -2.7457407E+00
2026 07 24 13 05 00 000 9.0914860E+00 4.4087653E+00 -2.7392464E+00
2026 07 24 13 06 00 000 9.0755796E+00 4.4134388E+00 -2.7327225E+00
2026 07 24 13 07 00 000 9.0596285E+00 4.4180980E+00 -2.7261691E+00
2026 07 24 13 08 00 000 9.0436335E+00 4.4227390E+00 -2.7195859E+00
2026 07 24 13 09 00 000 9.0275927E+00 4.4273620E+00 -2.7129722E+00
2026 07 24 13 10 00 000 9.0115099E+00 4.4319673E+00 -2.7063291E+00
2026 07 24 13 11 00 000 8.9953814E+00 4.4365554E+00 -2.6996562E+00
2026 07 24 13 12 00 000 8.9792099E+00 4.4411244E+00 -2.6929536E+00
2026 07 24 13 13 00 000 8.9629927E+00 4.4456787E+00 -2.6862216E+00
2026 07 24 13 14 00 000 8.9467306E+00 4.4502134E+00 -2.6794581E+00
2026 07 24 13 15 00 000 8.9304228E+00 4.4547296E+00 -2.6726663E+00
2026 07 24 13 16 00 000 8.9140711E+00 4.4592276E+00 -2.6658440E+00
2026 07 24 13 17 00 000 8.8976746E+00 4.4637041E+00 -2.6589911E+00
2026 07 24 13 18 00 000 8.8812323E+00 4.4681640E+00 -2.6521089E+00
2026 07 24 13 19 00 000 8.8647470E+00 4.4726033E+00 -2.6451964E+00
2026 07 24 13 20 00 000 8.8482151E+00 4.4770255E+00 -2.6382546E+00
2026 07 24 13 21 00 000 8.8316355E+00 4.4814272E+00 -2.6312821E+00
2026 07 24 13 22 00 000 8.8150129E+00 4.4858065E+00 -2.6242795E+00
2026 07 24 13 23 00 000 8.7983437E+00 4.4901695E+00 -2.6172476E+00
2026 07 24 13 24 00 000 8.7816315E+00 4.4945078E+00 -2.6101844E+00
2026 07 24 13 25 00 000 8.7648706E+00 4.4988284E+00 -2.6030922E+00
2026 07 24 13 26 00 000 8.7480640E+00 4.5031295E+00 -2.5959702E+00
2026 07 24 13 27 00 000 8.7312107E+00 4.5074096E+00 -2.5888174E+00
2026 07 24 13 28 00 000 8.7143145E+00 4.5116658E+00 -2.5816343E+00
2026 07 24 13 29 00 000 8.6973667E+00 4.5159054E+00 -2.5744221E+00
2026 07 24 13 30 00 000 8.6803770E+00 4.5201187E+00 -2.5671792E+00
2026 07 24 13 31 00 000 8.6633396E+00 4.5243106E+00 -2.5599058E+00
2026 07 24 13 32 00 000 8.6462555E+00 4.5284815E+00 -2.5526032E+00
2026 07 24 13 33 00 000 8.6291246E+00 4.5326328E+00 -2.5452707E+00
2026 07 24 13 34 00 000 8.6119452E+00 4.5367594E+00 -2.5379071E+00
2026 07 24 13 35 00 000 8.5947227E+00 4.5408621E+00 -2.5305135E+00
2026 07 24 13 36 00 000 8.5774498E+00 4.5449438E+00 -2.5230904E+00
2026 07 24 13 37 00 000 8.5601311E+00 4.5490026E+00 -2.5156372E+00
2026 07 24 13 38 00 000 8.5427647E+00 4.5530376E+00 -2.5081537E+00
2026 07 24 13 39 00 000 8.5253515E+00 4.5570488E+00 -2.5006402E+00
2026 07 24 13 40 00 000 8.5078907E+00 4.5610352E+00 -2.4930966E+00
2026 07 24 13 41 00 000 8.4903822E+00 4.5649977E+00 -2.4855230E+00
2026 07 24 13 42 00 000 8.4728270E+00 4.5689344E+00 -2.4779184E+00
2026 07 24 13 43 00 000 8.4552221E+00 4.5728517E+00 -2.4702849E+00
2026 07 24 13 44 00 000 8.4375696E+00 4.5767403E+00 -2.4626210E+00
2026 07 24 13 45 00 000 8.4198694E+00 4.5806055E+00 -2.4549270E+00
2026 07 24 13 46 00 000 8.4021206E+00 4.5844450E+00 -2.4472032E+00
2026 07 24 13 47 00 000 8.3843250E+00 4.5882573E+00 -2.4394488E+00
2026 07 24 13 48 00 000 8.3664789E+00 4.5920463E+00 -2.4316652E+00
2026 07 24 13 49 00 000 8.3485861E+00 4.5958076E+00 -2.4238513E+00
2026 07 24 13 50 00 000 8.3306437E+00 4.5995436E+00 -2.4160075E+00
2026 07 24 13 51 00 000 8.3126497E+00 4.6032562E+00 -2.4081335E+00
2026 07 24 13 52 00 000 8.2946110E+00 4.6069379E+00 -2.4002299E+00
2026 07 24 13 53 00 000 8.2765207E+00 4.6105952E+00 -2.3922966E+00
2026 07 24 13 54 00 000 8.2583818E+00 4.6142240E+00 -2.3843324E+00
2026 07 24 13 55 00 000 8.2401943E+00 4.6178231E+00 -2.3763387E+00
2026 07 24 13 56 00 000 8.2219563E+00 4.6213965E+00 -2.3683155E+00
2026 07 24 13 57 00 000 8.2036686E+00 4.6249452E+00 -2.3602622E+00
2026 07 24 13 58 00 000 8.1853333E+00 4.6284585E+00 -2.3521791E+00
2026 07 24 13 59 00 000 8.1669464E+00 4.6319475E+00 -2.3440661E+00
2026 07 24 14 00 00 000 8.1485090E+00 4.6354089E+00 -2.3359244E+00
2026 07 24 14 01 00 000 8.1300230E+00 4.6388378E+00 -2.3277519E+00
2026 07 24 14 02 00 000 8.1114864E+00 4.6422405E+00 -2.3195496E+00
2026 07 24 14 03 00 000 8.0928984E+00 4.6456122E+00 -2.3113179E+00
2026 07 24 14 04 00 000 8.0742598E+00 4.6489558E+00 -2.3030570E+00
2026 07 24 14 05 00 000 8.0555725E+00 4.6522651E+00 -2.2947662E+00
2026 07 24 14 06 00 000 8.0368309E+00 4.6555486E+00 -2.2864456E+00
2026 07 24 14 07 00 000 8.0180407E+00 4.6588006E+00 -2.2780960E+00
2026 07 24 14 08 00 000 7.9991999E+00 4.6620188E+00 -2.2697163E+00
2026 07 24 14 09 00 000 7.9803076E+00 4.6652074E+00 -2.2613072E+00
2026 07 24 14 10 00 000 7.9613638E+00 4.6683640E+00 -2.2528691E+00
2026 07 24 14 11 00 000 7.9423666E+00 4.6714907E+00 -2.2444017E+00
2026 07 24 14 12 00 000 7.9233189E+00 4.6745844E+00 -2.2359042E+00
2026 07 24 14 13 00 000 7.9042211E+00 4.6776433E+00 -2.2273774E+00
2026 07 24 14 14 00 000 7.8850684E+00 4.6806750E+00 -2.2188220E+00
2026 07 24 14 15 00 000 7.8658643E+00 4.6836715E+00 -2.2102373E+00
2026 07 24 14 16 00 000 7.8466110E+00 4.6866298E+00 -2.2016227E+00
2026 07 24 14 17 00 000 7.8273029E+00 4.6895604E+00 -2.1929801E+00
2026 07 24 14 18 00 000 7.8079414E+00 4.6924553E+00 -2.1843076E+00
2026 07 24 14 19 00 000 7.7885280E+00 4.6953173E+00 -2.1756063E+00
2026 07 24 14 20 00 000 7.7690616E+00 4.6981440E+00 -2.1668761E+00
2026 07 24 14 21 00 000 7.7495413E+00 4.7009377E+00 -2.1581173E+00
2026 07 24 14 22 00 000 7.7299690E+00 4.7036953E+00 -2.1493292E+00
2026 07 24 14 23 00 000 7.7103453E+00 4.7064128E+00 -2.1405122E+00
2026 07 24 14 24 00 000 7.6906662E+00 4.7091007E+00 -2.1316667E+00
2026 07 24 14 25 00 000 7.6709318E+00 4.7117515E+00 -2.1227920E+00
2026 07 24 14 26 00 000 7.6511450E+00 4.7143650E+00 -2.1138890E+00
2026 07 24 14 27 00 000 7.6313043E+00 4.7169437E+00 -2.1049573E+00
2026 07 24 14 28 00 000 7.6114092E+00 4.7194843E+00 -2.0959969E+00
2026 07 24 14 29 00 000 7.5914631E+00 4.7219853E+00 -2.0870087E+00
2026 07 24 14 30 00 000 7.5714588E+00 4.7244525E+00 -2.0779920E+00
2026 07 24 14 31 00 000 7.5513992E+00 4.7268810E+00 -2.0689464E+00
2026 07 24 14 32 00 000 7.5312858E+00 4.7292714E+00 -2.0598724E+00
2026 07 24 14 33 00 000 7.5111179E+00 4.7316246E+00 -2.0507703E+00
2026 07 24 14 34 00 000 7.4908962E+00 4.7339368E+00 -2.0416408E+00
2026 07 24 14 35 00 000 7.4706168E+00 4.7362108E+00 -2.0324824E+00
2026 07 24 14 36 00 000 7.4502831E+00 4.7384462E+00 -2.0232966E+00
2026 07 24 14 37 00 000 7.4298949E+00 4.7406402E+00 -2.0140827E+00
2026 07 24 14 38 00 000 7.4094491E+00 4.7427959E+00 -2.0048409E+00
2026 07 24 14 39 00 000 7.3889461E+00 4.7449136E+00 -1.9955714E+00
2026 07 24 14 40 00 000 7.3683887E+00 4.7469854E+00 -1.9862739E+00
2026 07 24 14 41 00 000 7.3477764E+00 4.7490172E+00 -1.9769491E+00
2026 07 24 14 42 00 000 7.3271065E+00 4.7510076E+00 -1.9675963E+00
2026 07 24 14 43 00 000 7.3063784E+00 4.7529597E+00 -1.9582168E+00
2026 07 24 14 44 00 000 7.2855954E+00 4.7548666E+00 -1.9488091E+00
2026 07 24 14 45 00 000 7.2647548E+00 4.7567310E+00 -1.9393747E+00
2026 07 24 14 46 00 000 7.2438564E+00 4.7585540E+00 -1.9299126E+00
2026 07 24 14 47 00 000 7.2229009E+00 4.7603331E+00 -1.9204236E+00
2026 07 24 14 48 00 000 7.2018867E+00 4.7620692E+00 -1.9109074E+00
2026 07 24 14 49 00 000 7.1808157E+00 4.7637610E+00 -1.9013646E+00
2026 07 24 14 50 00 000 7.1596866E+00 4.7654095E+00 -1.8917944E+00
2026 07 24 14 51 00 000 7.1384974E+00 4.7670155E+00 -1.8821980E+00
2026 07 24 14 52 00 000 7.1172523E+00 4.7685723E+00 -1.8725748E+00
2026 07 24 14 53 00 000 7.0959487E+00 4.7700839E+00 -1.8629245E+00
2026 07 24 14 54 00 000 7.0745854E+00 4.7715535E+00 -1.8532485E+00
2026 07 24 14 55 00 000 7.0531621E+00 4.7729745E+00 -1.8435453E+00
2026 07 24 14 56 00 000 7.0316811E+00 4.7743506E+00 -1.8338164E+00
2026 07 24 14 57 00 000 7.0101385E+00 4.7756810E+00 -1.8240613E+00
2026 07 24 14 58 00 000 6.9885406E+00 4.7769589E+00 -1.8142803E+00
2026 07 24 14 59 00 000 6.9668798E+00 4.7781935E+00 -1.8044726E+00
2026 07 24 15 00 00 000 6.9451585E+00 4.7793798E+00 -1.7946393E+00
2026 07 24 15 01 00 000 6.9233789E+00 4.7805157E+00 -1.7847804E+00
2026 07 24 15 02 00 000 6.9015365E+00 4.7816076E+00 -1.7748955E+00
2026 07 24 15 03 00 000 6.8796363E+00 4.7826447E+00 -1.7649857E+00
2026 07 24 15 04 00 000 6.8576736E+00 4.7836356E+00 -1.7550499E+00
2026 07 24 15 05 00 000 6.8356519E+00 4.7845745E+00 -1.7450888E+00
2026 07 24 15 06 00 000 6.8135657E+00 4.7854648E+00 -1.7351025E+00
2026 07 24 15 07 00 000 6.7914176E+00 4.7863078E+00 -1.7250911E+00
2026 07 24 15 08 00 000 6.7692108E+00 4.7870955E+00 -1.7150546E+00
2026 07 24 15 09 00 000 6.7469411E+00 4.7878313E+00 -1.7049937E+00
2026 07 24 15 10 00 000 6.7246084E+00 4.7885175E+00 -1.6949075E+00
2026 07 24 15 11 00 000 6.7022138E+00 4.7891498E+00 -1.6847970E+00
2026 07 24 15 12 00 000 6.6797562E+00 4.7897310E+00 -1.6746621E+00
2026 07 24 15 13 00 000 6.6572371E+00 4.7902579E+00 -1.6645024E+00
2026 07 24 15 14 00 000 6.6346536E+00 4.7907310E+00 -1.6543187E+00
2026 07 24 15 15 00 000 6.6120071E+00 4.7911515E+00 -1.6441107E+00
2026 07 24 15 16 00 000 6.5892963E+00 4.7915168E+00 -1.6338786E+00
2026 07 24 15 17 00 000 6.5665240E+00 4.7918267E+00 -1.6236233E+00
2026 07 24 15 18 00 000 6.5436850E+00 4.7920823E+00 -1.6133436E+00
2026 07 24 15 19 00 000 6.5207820E+00 4.7922816E+00 -1.6030401E+00
2026 07 24 15 20 00 000 6.4978147E+00 4.7924252E+00 -1.5927137E+00
2026 07 24 15 21 00 000 6.4747844E+00 4.7925105E+00 -1.5823636E+00
2026 07 24 15 22 00 000 6.4516873E+00 4.7925420E+00 -1.5719904E+00
2026 07 24 15 23 00 000 6.4285264E+00 4.7925115E+00 -1.5615942E+00
2026 07 24 15 24 00 000 6.4052992E+00 4.7924266E+00 -1.5511752E+00
2026 07 24 15 25 00 000 6.3820057E+00 4.7922826E+00 -1.5407335E+00
2026 07 24 15 26 00 000 6.3586473E+00 4.7920771E+00 -1.5302688E+00
2026 07 24 15 27 00 000 6.3352218E+00 4.7918153E+00 -1.5197817E+00
2026 07 24 15 28 00 000 6.3117299E+00 4.7914948E+00 -1.5092727E+00
2026 07 24 15 29 00 000 6.2881722E+00 4.7911096E+00 -1.4987413E+00
2026 07 24 15 30 00 000 6.2645459E+00 4.7906671E+00 -1.4881876E+00
2026 07 24 15 31 00 000 6.2408519E+00 4.7901635E+00 -1.4776124E+00
2026 07 24 15 32 00 000 6.2170920E+00 4.7895961E+00 -1.4670153E+00
2026 07 24 15 33 00 000 6.1932640E+00 4.7889667E+00 -1.4563962E+00
2026 07 24 15 34 00 000 6.1693659E+00 4.7882767E+00 -1.4457561E+00
2026 07 24 15 35 00 000 6.1454015E+00 4.7875218E+00 -1.4350953E+00
2026 07 24 15 36 00 000 6.1213670E+00 4.7867036E+00 -1.4244125E+00
2026 07 24 15 37 00 000 6.0972662E+00 4.7858195E+00 -1.4137092E+00
2026 07 24 15 38 00 000 6.0730939E+00 4.7848730E+00 -1.4029852E+00
2026 07 24 15 39 00 000 6.0488505E+00 4.7838597E+00 -1.3922403E+00
2026 07 24 15 40 00 000 6.0245409E+00 4.7827806E+00 -1.3814759E+00
2026 07 24 15 41 00 000 6.0001583E+00 4.7816353E+00 -1.3706899E+00
2026 07 24 15 42 00 000 5.9757061E+00 4.7804255E+00 -1.3598843E+00
2026 07 24 15 43 00 000 5.9511828E+00 4.7791457E+00 -1.3490591E+00
2026 07 24 15 44 00 000 5.9265904E+00 4.7777972E+00 -1.3382140E+00
2026 07 24 15 45 00 000 5.9019260E+00 4.7763801E+00 -1.3273495E+00
2026 07 24 15 46 00 000 5.8771882E+00 4.7748966E+00 -1.3164656E+00
2026 07 24 15 47 00 000 5.8523803E+00 4.7733421E+00 -1.3055624E+00
2026 07 24 15 48 00 000 5.8274994E+00 4.7717175E+00 -1.2946402E+00
2026 07 24 15 49 00 000 5.8025460E+00 4.7700229E+00 -1.2836994E+00
2026 07 24 15 50 00 000 5.7775197E+00 4.7682552E+00 -1.2727398E+00
2026 07 24 15 51 00 000 5.7524204E+00 4.7664170E+00 -1.2617618E+00
2026 07 24 15 52 00 000 5.7272468E+00 4.7645068E+00 -1.2507654E+00
2026 07 24 15 53 00 000 5.7020001E+00 4.7625227E+00 -1.2397509E+00
2026 07 24 15 54 00 000 5.6766787E+00 4.7604656E+00 -1.2287185E+00
2026 07 24 15 55 00 000 5.6512837E+00 4.7583323E+00 -1.2176690E+00
2026 07 24 15 56 00 000 5.6258130E+00 4.7561259E+00 -1.2066015E+00
2026 07 24 15 57 00 000 5.6002684E+00 4.7538424E+00 -1.1955171E+00
2026 07 24 15 58 00 000 5.5746479E+00 4.7514849E+00 -1.1844155E+00
2026 07 24 15 59 00 000 5.5489497E+00 4.7490506E+00 -1.1732969E+00
2026 07 24 16 00 00 000 5.5231776E+00 4.7465382E+00 -1.1621621E+00
2026 07 24 16 01 00 000 5.4973273E+00 4.7439470E+00 -1.1510102E+00
2026 07 24 16 02 00 000 5.4714022E+00 4.7412758E+00 -1.1398427E+00
2026 07 24 16 03 00 000 5.4453983E+00 4.7385292E+00 -1.1286589E+00
2026 07 24 16 04 00 000 5.4193172E+00 4.7357001E+00 -1.1174593E+00
2026 07 24 16 05 00 000 5.3931589E+00 4.7327895E+00 -1.1062442E+00
2026 07 24 16 06 00 000 5.3669200E+00 4.7298012E+00 -1.0950135E+00
2026 07 24 16 07 00 000 5.3406038E+00 4.7267261E+00 -1.0837677E+00
2026 07 24 16 08 00 000 5.3142090E+00 4.7235718E+00 -1.0725074E+00
2026 07 24 16 09 00 000 5.2877345E+00 4.7203331E+00 -1.0612322E+00
2026 07 24 16 10 00 000 5.2611785E+00 4.7170115E+00 -1.0499424E+00
2026 07 24 16 11 00 000 5.2345452E+00 4.7136025E+00 -1.0386387E+00
2026 07 24 16 12 00 000 5.2078285E+00 4.7101097E+00 -1.0273203E+00
2026 07 24 16 13 00 000 5.1810327E+00 4.7065301E+00 -1.0159889E+00
2026 07 24 16 14 00 000 5.1541543E+00 4.7028646E+00 -1.0046437E+00
2026 07 24 16 15 00 000 5.1271954E+00 4.6991110E+00 -9.9328560E-01
2026 07 24 16 16 00 000 5.1001539E+00 4.6952662E+00 -9.8191404E-01
2026 07 24 16 17 00 000 5.0730286E+00 4.6913338E+00 -9.7052968E-01
2026 07 24 16 18 00 000 5.0458212E+00 4.6873126E+00 -9.5913267E-01
2026 07 24 16 19 00 000 5.0185304E+00 4.6831994E+00 -9.4772381E-01
2026 07 24 16 20 00 000 4.9911551E+00 4.6789951E+00 -9.3630278E-01
2026 07 24 16 21 00 000 4.9636955E+00 4.6746974E+00 -9.2486984E-01
2026 07 24 16 22 00 000 4.9361534E+00 4.6703053E+00 -9.1342604E-01
2026 07 24 16 23 00 000 4.9085245E+00 4.6658211E+00 -9.0197033E-01
2026 07 24 16 24 00 000 4.8808107E+00 4.6612411E+00 -8.9050406E-01
2026 07 24 16 25 00 000 4.8530087E+00 4.6565666E+00 -8.7902629E-01
2026 07 24 16 26 00 000 4.8251219E+00 4.6517954E+00 -8.6753881E-01
2026 07 24 16 27 00 000 4.7971482E+00 4.6469245E+00 -8.5604101E-01
2026 07 24 16 28 00 000 4.7690864E+00 4.6419563E+00 -8.4453315E-01
2026 07 24 16 29 00 000 4.7409382E+00 4.6368885E+00 -8.3301634E-01
2026 07 24 16 30 00 000 4.7127008E+00 4.6317205E+00 -8.2148957E-01
2026 07 24 16 31 00 000 4.6843743E+00 4.6264524E+00 -8.0995381E-01
2026 07 24 16 32 00 000 4.6559587E+00 4.6210804E+00 -7.9840893E-01
2026 07 24 16 33 00 000 4.6274529E+00 4.6156073E+00 -7.8685594E-01
2026 07 24 16 34 00 000 4.5988598E+00 4.6100268E+00 -7.7529562E-01
2026 07 24 16 35 00 000 4.5701723E+00 4.6043453E+00 -7.6372612E-01
2026 07 24 16 36 00 000 4.5413957E+00 4.5985546E+00 -7.5214988E-01
2026 07 24 16 37 00 000 4.5125270E+00 4.5926590E+00 -7.4056625E-01
2026 07 24 16 38 00 000 4.4835653E+00 4.5866547E+00 -7.2897547E-01
2026 07 24 16 39 00 000 4.4545116E+00 4.5805421E+00 -7.1737814E-01
2026 07 24 16 40 00 000 4.4253645E+00 4.5743179E+00 -7.0577431E-01
2026 07 24 16 41 00 000 4.3961234E+00 4.5679841E+00 -6.9416481E-01
2026 07 24 16 42 00 000 4.3667889E+00 4.5615368E+00 -6.8254995E-01
2026 07 24 16 43 00 000 4.3373590E+00 4.5549760E+00 -6.7092919E-01
2026 07 24 16 44 00 000 4.3078356E+00 4.5483012E+00 -6.5930384E-01
2026 07 24 16 45 00 000 4.2782140E+00 4.5415115E+00 -6.4767355E-01
2026 07 24 16 46 00 000 4.2484965E+00 4.5346041E+00 -6.3603914E-01
2026 07 24 16 47 00 000 4.2186832E+00 4.5275779E+00 -6.2440079E-01
2026 07 24 16 48 00 000 4.1887727E+00 4.5204329E+00 -6.1275882E-01
2026 07 24 16 49 00 000 4.1587615E+00 4.5131693E+00 -6.0111344E-01
2026 07 24 16 50 00 000 4.1286530E+00 4.5057836E+00 -5.8946496E-01
2026 07 24 16 51 00 000 4.0984464E+00 4.4982743E+00 -5.7781446E-01
2026 07 24 16 52 00 000 4.0681381E+00 4.4906411E+00 -5.6616110E-01
2026 07 24 16 53 00 000 4.0377307E+00 4.4828820E+00 -5.5450642E-01
2026 07 24 16 54 00 000 4.0072222E+00 4.4749961E+00 -5.4285049E-01
2026 07 24 16 55 00 000 3.9766109E+00 4.4669843E+00 -5.3119296E-01
2026 07 24 16 56 00 000 3.9458992E+00 4.4588413E+00 -5.1953560E-01
2026 07 24 16 57 00 000 3.9150836E+00 4.4505677E+00 -5.0787759E-01
2026 07 24 16 58 00 000 3.8841653E+00 4.4421606E+00 -4.9621981E-01
2026 07 24 16 59 00 000 3.8531425E+00 4.4336224E+00 -4.8456272E-01
2026 07 24 17 00 00 000 3.8220150E+00 4.4249473E+00 -4.7290641E-01
2026 07 24 17 01 00 000 3.7907817E+00 4.4161372E+00 -4.6125132E-01
2026 07 24 17 02 00 000 3.7594435E+00 4.4071875E+00 -4.4959873E-01
2026 07 24 17 03 00 000 3.7279968E+00 4.3980999E+00 -4.3794793E-01
2026 07 24 17 04 00 000 3.6964452E+00 4.3888679E+00 -4.2629978E-01
2026 07 24 17 05 00 000 3.6647854E+00 4.3794947E+00 -4.1465566E-01
2026 07 24 17 06 00 000 3.6330173E+00 4.3699775E+00 -4.0301505E-01
2026 07 24 17 07 00 000 3.6011376E+00 4.3603153E+00 -3.9137742E-01
2026 07 24 17 08 00 000 3.5691485E+00 4.3505034E+00 -3.7974486E-01
2026 07 24 17 09 00 000 3.5370502E+00 4.3405428E+00 -3.6811766E-01
2026 07 24 17 10 00 000 3.5048394E+00 4.3304315E+00 -3.5649601E-01
2026 07 24 17 11 00 000 3.4725175E+00 4.3201652E+00 -3.4488052E-01
2026 07 24 17 12 00 000 3.4400826E+00 4.3097458E+00 -3.3327141E-01
2026 07 24 17 13 00 000 3.4075327E+00 4.2991686E+00 -3.2166901E-01
2026 07 24 17 14 00 000 3.3748693E+00 4.2884340E+00 -3.1007433E-01
2026 07 24 17 15 00 000 3.3420916E+00 4.2775373E+00 -2.9848781E-01
2026 07 24 17 16 00 000 3.3091984E+00 4.2664781E+00 -2.8691033E-01
2026 07 24 17 17 00 000 3.2761874E+00 4.2552547E+00 -2.7534196E-01
2026 07 24 17 18 00 000 3.2430606E+00 4.2438641E+00 -2.6378319E-01
2026 07 24 17 19 00 000 3.2098143E+00 4.2323055E+00 -2.5223476E-01
2026 07 24 17 20 00 000 3.1764507E+00 4.2205749E+00 -2.4069771E-01
2026 07 24 17 21 00 000 3.1429663E+00 4.2086720E+00 -2.2917141E-01
2026 07 24 17 22 00 000 3.1093624E+00 4.1965928E+00 -2.1765782E-01
2026 07 24 17 23 00 000 3.0756388E+00 4.1843352E+00 -2.0615743E-01
2026 07 24 17 24 00 000 3.0417907E+00 4.1718993E+00 -1.9466959E-01
2026 07 24 17 25 00 000 3.0078213E+00 4.1592803E+00 -1.8319668E-01
2026 07 24 17 26 00 000 2.9737277E+00 4.1464753E+00 -1.7173797E-01
2026 07 24 17 27 00 000 2.9395103E+00 4.1334834E+00 -1.6029496E-01
2026 07 24 17 28 00 000 2.9051681E+00 4.1203008E+00 -1.4886831E-01
2026 07 24 17 29 00 000 2.8706987E+00 4.1069250E+00 -1.3745765E-01
2026 07 24 17 30 00 000 2.8361037E+00 4.0933542E+00 -1.2606570E-01
2026 07 24 17 31 00 000 2.8013790E+00 4.0795865E+00 -1.1469122E-01
2026 07 24 17 32 00 000 2.7665272E+00 4.0656161E+00 -1.0333598E-01
2026 07 24 17 33 00 000 2.7315466E+00 4.0514417E+00 -9.2000894E-02
2026 07 24 17 34 00 000 2.6964345E+00 4.0370612E+00 -8.0686502E-02
2026 07 24 17 35 00 000 2.6611919E+00 4.0224700E+00 -6.9393188E-02
2026 07 24 17 36 00 000 2.6258183E+00 4.0076652E+00 -5.8122944E-02
2026 07 24 17 37 00 000 2.5903101E+00 3.9926445E+00 -4.6875078E-02
2026 07 24 17 38 00 000 2.5546684E+00 3.9774046E+00 -3.5651583E-02
2026 07 24 17 39 00 000 2.5188937E+00 3.9619401E+00 -2.4454068E-02
2026 07 24 17 40 00 000 2.4829834E+00 3.9462497E+00 -1.3282001E-02
2026 07 24 17 41 00 000 2.4469364E+00 3.9303291E+00 -2.1366808E-03
2026 07 24 17 42 00 000 2.4107506E+00 3.9141755E+00 8.9810491E-03
2026 07 24 17 43 00 000 2.3744276E+00 3.8977835E+00 2.0069579E-02
2026 07 24 17 44 00 000 2.3379667E+00 3.8811502E+00 3.1127835E-02
2026 07 24 17 45 00 000 2.3013637E+00 3.8642721E+00 4.2155664E-02
2026 07 24 17 46 00 000 2.2646227E+00 3.8471434E+00 5.3150307E-02
2026 07 24 17 47 00 000 2.2277384E+00 3.8297620E+00 6.4111918E-02
2026 07 24 17 48 00 000 2.1907125E+00 3.8121226E+00 7.5038888E-02
2026 07 24 17 49 00 000 2.1535413E+00 3.7942212E+00 8.5931063E-02
2026 07 24 17 50 00 000 2.1162267E+00 3.7760522E+00 9.6785761E-02
2026 07 24 17 51 00 000 2.0787678E+00 3.7576113E+00 1.0760175E-01
2026 07 24 17 52 00 000 2.0411630E+00 3.7388947E+00 1.1837813E-01
2026 07 24 17 53 00 000 2.0034096E+00 3.7198966E+00 1.2911394E-01
2026 07 24 17 54 00 000 1.9655104E+00 3.7006123E+00 1.3980678E-01
2026 07 24 17 55 00 000 1.9274619E+00 3.6810358E+00 1.5045616E-01
2026 07 24 17 56 00 000 1.8892633E+00 3.6611633E+00 1.6106008E-01
2026 07 24 17 57 00 000 1.8509157E+00 3.6409872E+00 1.7161664E-01
2026 07 24 17 58 00 000 1.8124175E+00 3.6205020E+00 1.8212442E-01
2026 07 24 17 59 00 000 1.7737678E+00 3.5997024E+00 1.9258165E-01
2026 07 24 18 00 00 000 1.7349651E+00 3.5785823E+00 2.0298700E-01
2026 07 24 18 01 00 000 1.6960084E+00 3.5571358E+00 2.1333897E-01
2026 07 24 18 02 00 000 1.6568999E+00 3.5353556E+00 2.2363396E-01
2026 07 24 18 03 00 000 1.6176360E+00 3.5132346E+00 2.3387189E-01
2026 07 24 18 04 00 000 1.5782191E+00 3.4907663E+00 2.4404885E-01
2026 07 24 18 05 00 000 1.5386446E+00 3.4679444E+00 2.5416496E-01
2026 07 24 18 06 00 000 1.4989156E+00 3.4447591E+00 2.6421598E-01
2026 07 24 18 07 00 000 1.4590298E+00 3.4212055E+00 2.7420065E-01
2026 07 24 18 08 00 000 1.4189862E+00 3.3972738E+00 2.8411669E-01
2026 07 24 18 09 00 000 1.3787873E+00 3.3729560E+00 2.9396078E-01
2026 07 24 18 10 00 000 1.3384311E+00 3.3482432E+00 3.0373052E-01
2026 07 24 18 11 00 000 1.2979161E+00 3.3231270E+00 3.1342429E-01
2026 07 24 18 12 00 000 1.2572453E+00 3.2975991E+00 3.2303771E-01
2026 07 24 18 13 00 000 1.2164165E+00 3.2716484E+00 3.3256856E-01
2026 07 24 18 14 00 000 1.1754301E+00 3.2452660E+00 3.4201354E-01
2026 07 24 18 15 00 000 1.1342876E+00 3.2184403E+00 3.5136968E-01
2026 07 24 18 16 00 000 1.0929880E+00 3.1911621E+00 3.6063302E-01
2026 07 24 18 17 00 000 1.0515321E+00 3.1634212E+00 3.6980093E-01
2026 07 24 18 18 00 000 1.0099213E+00 3.1352036E+00 3.7886861E-01
2026 07 24 18 19 00 000 9.6815550E-01 3.1064992E+00 3.8783282E-01
2026 07 24 18 20 00 000 9.2623734E-01 3.0772939E+00 3.9668879E-01
2026 07 24 18 21 00 000 8.8416713E-01 3.0475764E+00 4.0543246E-01
2026 07 24 18 22 00 000 8.4194565E-01 3.0173333E+00 4.1405994E-01
2026 07 24 18 23 00 000 7.9957533E-01 2.9865501E+00 4.2256609E-01
2026 07 24 18 24 00 000 7.5705820E-01 2.9552114E+00 4.3094549E-01
2026 07 24 18 25 00 000 7.1439755E-01 2.9233043E+00 4.3919259E-01
2026 07 24 18 26 00 000 6.7159504E-01 2.8908110E+00 4.4730246E-01
2026 07 24 18 27 00 000 6.2865335E-01 2.8577166E+00 4.5526928E-01
2026 07 24 18 28 00 000 5.8557636E-01 2.8240025E+00 4.6308628E-01
2026 07 24 18 29 00 000 5.4236829E-01 2.7896521E+00 4.7074732E-01
2026 07 24 18 30 00 000 4.9903378E-01 2.7546456E+00 4.7824478E-01
2026 07 24 18 31 00 000 4.5557714E-01 2.7189648E+00 4.8557213E-01
2026 07 24 18 32 00 000 4.1200483E-01 2.6825891E+00 4.9272081E-01
2026 07 24 18 33 00 000 3.6832374E-01 2.6454966E+00 4.9968237E-01
2026 07 24 18 34 00 000 3.2453889E-01 2.6076660E+00 5.0644881E-01
2026 07 24 18 35 00 000 2.8065851E-01 2.5690737E+00 5.1301056E-01
2026 07 24 18 36 00 000 2.3669335E-01 2.5296962E+00 5.1935703E-01
2026 07 24 18 37 00 000 1.9265144E-01 2.4895082E+00 5.2547866E-01
2026 07 24 18 38 00 000 1.4854389E-01 2.4484825E+00 5.3136373E-01
2026 07 24 18 39 00 000 1.0438485E-01 2.4065926E+00 5.3699934E-01
2026 07 24 18 40 00 000 6.0185254E-02 2.3638091E+00 5.4237425E-01
2026 07 24 18 41 00 000 1.5961876E-02 2.3201027E+00 5.4747355E-01
2026 07 24 18 42 00 000 -2.8269719E-02 2.2754424E+00 5.5228382E-01
2026 07 24 18 43 00 000 -7.2489783E-02 2.2297943E+00 5.5678868E-01
2026 07 24 18 44 00 000 -1.1667670E-01 2.1831257E+00 5.6097138E-01
2026 07 24 18 45 00 000 -1.6080908E-01 2.1354003E+00 5.6481475E-01
2026 07 24 18 46 00 000 -2.0485947E-01 2.0865819E+00 5.6829906E-01
2026 07 24 18 47 00 000 -2.4880041E-01 2.0366323E+00 5.7140464E-01
2026 07 24 18 48 00 000 -2.9259896E-01 1.9855112E+00 5.7410878E-01
2026 07 24 18 49 00 000 -3.3622053E-01 1.9331777E+00 5.7638901E-01
2026 07 24 18 50 00 000 -3.7962407E-01 1.8795899E+00 5.7821906E-01
2026 07 24 18 51 00 000 -4.2276606E-01 1.8247045E+00 5.7957274E-01
2026 07 24 18 52 00 000 -4.6559793E-01 1.7684760E+00 5.8042133E-01
2026 07 24 18 53 00 000 -5.0806510E-01 1.7108601E+00 5.8073372E-01
2026 07 24 18 54 00 000 -5.5010575E-01 1.6518101E+00 5.8047658E-01
2026 07 24 18 55 00 000 -5.9165353E-01 1.5912801E+00 5.7961512E-01
2026 07 24 18 56 00 000 -6.3263261E-01 1.5292249E+00 5.7811087E-01
2026 07 24 18 57 00 000 -6.7296100E-01 1.4655982E+00 5.7592446E-01
2026 07 24 18 58 00 000 -7.1254599E-01 1.4003580E+00 5.7301289E-01
2026 07 24 18 59 00 000 -7.5128597E-01 1.3334631E+00 5.6933105E-01
2026 07 24 19 00 00 000 -7.8906876E-01 1.2648761E+00 5.6483126E-01
2026 07 24 19 01 00 000 -8.2577091E-01 1.1945657E+00 5.5946374E-01
2026 07 24 19 02 00 000 -8.6125672E-01 1.1225065E+00 5.5317605E-01
2026 07 24 19 03 00 000 -8.9537936E-01 1.0486816E+00 5.4591483E-01
2026 07 24 19 04 00 000 -9.2797863E-01 9.7308475E-01 5.3762519E-01
2026 07 24 19 05 00 000 -9.5888191E-01 8.9572334E-01 5.2825123E-01
2026 07 24 19 06 00 000 -9.8790443E-01 8.1662112E-01 5.1773816E-01
2026 07 24 19 07 00 000 -1.0148510E+00 7.3582017E-01 5.0603223E-01
2026 07 24 19 08 00 000 -1.0395173E+00 6.5338498E-01 4.9308270E-01
2026 07 24 19 09 00 000 -1.0616926E+00 5.6940478E-01 4.7884381E-01
2026 07 24 19 10 00 000 -1.0811638E+00 4.8399603E-01 4.6327612E-01
2026 07 24 19 11 00 000 -1.0977191E+00 3.9730510E-01 4.4634882E-01
2026 07 24 19 12 00 000 -1.1111541E+00 3.0951092E-01 4.2804155E-01
2026 07 24 19 13 00 000 -1.1212782E+00 2.2082096E-01 4.0834725E-01
2026 07 24 19 14 00 000 -1.1279219E+00 1.3147366E-01 3.8727331E-01
2026 07 24 19 15 00 000 -1.1309423E+00 4.1733719E-02 3.6484325E-01
2026 07 24 19 16 00 000 -1.1302308E+00 -4.8113540E-02 3.4109768E-01
2026 07 24 19 17 00 000 -1.1257186E+00 -1.3776721E-01 3.1609407E-01
2026 07 24 19 18 00 000 -1.1173799E+00 -2.2692013E-01 2.8990623E-01
2026 07 24 19 19 00 000 -1.1052347E+00 -3.1526637E-01 2.6262236E-01
2026 07 24 19 20 00 000 -1.0893478E+00 -4.0251133E-01 2.3434284E-01
2026 07 24 19 21 00 000 -1.0698267E+00 -4.8837909E-01 2.0517708E-01
2026 07 24 19 22 00 000 -1.0468167E+00 -5.7261908E-01 1.7524019E-01
2026 07 24 19 23 00 000 -1.0204952E+00 -6.5501231E-01 1.4464968E-01
2026 07 24 19 24 00 000 -9.9106401E-01 -7.3537445E-01 1.1352202E-01
2026 07 24 19 25 00 000 -9.5874310E-01 -8.1355667E-01 8.1970118E-02
2026 07 24 19 26 00 000 -9.2376238E-01 -8.8944632E-01 5.0100628E-02
2026 07 24 19 27 00 000 -8.8635522E-01 -9.6296406E-01 1.8012768E-02
2026 07 24 19 28 00 000 -8.4675348E-01 -1.0340626E+00 -1.4203085E-02
2026 07 24 19 29 00 000 -8.0518252E-01 -1.1027215E+00 -4.6466120E-02
2026 07 24 19 30 00 000 -7.6185846E-01 -1.1689438E+00 -7.8704454E-02
2026 07 24 19 31 00 000 -7.1698427E-01 -1.2327530E+00 -1.1085604E-01
2026 07 24 19 32 00 000 -6.7074984E-01 -1.2941887E+00 -1.4286730E-01
2026 07 24 19 33 00 000 -6.2332952E-01 -1.3533028E+00 -1.7469306E-01
2026 07 24 19 34 00 000 -5.7488382E-01 -1.4101568E+00 -2.0629540E-01
2026 07 24 19 35 00 000 -5.2555853E-01 -1.4648201E+00 -2.3764282E-01
2026 07 24 19 36 00 000 -4.7548521E-01 -1.5173653E+00 -2.6870975E-01
2026 07 24 19 37 00 000 -4.2478269E-01 -1.5678686E+00 -2.9947585E-01
2026 07 24 19 38 00 000 -3.7355646E-01 -1.6164083E+00 -3.2992554E-01
2026 07 24 19 39 00 000 -3.2190204E-01 -1.6630622E+00 -3.6004642E-01
2026 07 24 19 40 00 000 -2.6990336E-01 -1.7079065E+00 -3.8982961E-01
2026 07 24 19 41 00 000 -2.1763575E-01 -1.7510179E+00 -4.1926944E-01
2026 07 24 19 42 00 000 -1.6516568E-01 -1.7924696E+00 -4.4836161E-01
2026 07 24 19 43 00 000 -1.1255241E-01 -1.8323332E+00 -4.7710419E-01
2026 07 24 19 44 00 000 -5.9848167E-02 -1.8706772E+00 -5.0549728E-01
2026 07 24 19 45 00 000 -7.0980983E-03 -1.9075682E+00 -5.3354186E-01
2026 07 24 19 46 00 000 4.5656387E-02 -1.9430685E+00 -5.6123978E-01
2026 07 24 19 47 00 000 9.8380283E-02 -1.9772394E+00 -5.8859468E-01
2026 07 24 19 48 00 000 1.5104161E-01 -2.0101378E+00 -6.1560977E-01
2026 07 24 19 49 00 000 2.0361322E-01 -2.0418186E+00 -6.4228964E-01
2026 07 24 19 50 00 000 2.5607064E-01 -2.0723345E+00 -6.6863889E-01
2026 07 24 19 51 00 000 3.0839208E-01 -2.1017339E+00 -6.9466174E-01
2026 07 24 19 52 00 000 3.6056116E-01 -2.1300642E+00 -7.2036529E-01
2026 07 24 19 53 00 000 4.1255996E-01 -2.1573701E+00 -7.4575400E-01
2026 07 24 19 54 00 000 4.6437487E-01 -2.1836936E+00 -7.7083331E-01
2026 07 24 19 55 00 000 5.1599324E-01 -2.2090747E+00 -7.9560930E-01
2026 07 24 19 56 00 000 5.6740564E-01 -2.2335508E+00 -8.2008719E-01
2026 07 24 19 57 00 000 6.1860228E-01 -2.2571590E+00 -8.4427333E-01
2026 07 24 19 58 00 000 6.6957575E-01 -2.2799325E+00 -8.6817312E-01
2026 07 24 19 59 00 000 7.2031921E-01 -2.3019042E+00 -8.9179212E-01
2026 07 24 20 00 00 000 7.7082688E-01 -2.3231049E+00 -9.1513550E-01
2026 07 24 20 01 00 000 8.2109475E-01 -2.3435628E+00 -9.3820941E-01
2026 07 24 20 02 00 000 8.7111843E-01 -2.3633072E+00 -9.6101868E-01
2026 07 24 20 03 00 000 9.2089522E-01 -2.3823633E+00 -9.8356897E-01
2026 07 24 20 04 00 000 9.7042245E-01 -2.4007561E+00 -1.0058653E+00
2026 07 24 20 05 00 000 1.0196981E+00 -2.4185102E+00 -1.0279126E+00
2026 07 24 20 06 00 000 1.0687203E+00 -2.4356480E+00 -1.0497155E+00
2026 07 24 20 07 00 000 1.1174896E+00 -2.4521897E+00 -1.0712795E+00
2026 07 24 20 08 00 000 1.1660026E+00 -2.4681582E+00 -1.0926081E+00
2026 07 24 20 09 00 000 1.2142618E+00 -2.4835718E+00 -1.1137074E+00
2026 07 24 20 10 00 000 1.2622659E+00 -2.4984488E+00 -1.1345809E+00
2026 07 24 20 11 00 000 1.3100153E+00 -2.5128081E+00 -1.1552324E+00
2026 07 24 20 12 00 000 1.3575119E+00 -2.5266645E+00 -1.1756673E+00
2026 07 24 20 13 00 000 1.4047539E+00 -2.5400372E+00 -1.1958885E+00
2026 07 24 20 14 00 000 1.4517444E+00 -2.5529399E+00 -1.2159009E+00
2026 07 24 20 15 00 000 1.4984829E+00 -2.5653877E+00 -1.2357075E+00
2026 07 24 20 16 00 000 1.5449724E+00 -2.5773947E+00 -1.2553128E+00
2026 07 24 20 17 00 000 1.5912135E+00 -2.5889747E+00 -1.2747201E+00
2026 07 24 20 18 00 000 1.6372074E+00 -2.6001406E+00 -1.2939328E+00
2026 07 24 20 19 00 000 1.6829562E+00 -2.6109047E+00 -1.3129544E+00
2026 07 24 20 20 00 000 1.7284608E+00 -2.6212797E+00 -1.3317883E+00
2026 07 24 20 21 00 000 1.7737234E+00 -2.6312764E+00 -1.3504374E+00
2026 07 24 20 22 00 000 1.8187464E+00 -2.6409051E+00 -1.3689057E+00
2026 07 24 20 23 00 000 1.8635305E+00 -2.6501784E+00 -1.3871949E+00
2026 07 24 20 24 00 000 1.9080781E+00 -2.6591048E+00 -1.4053092E+00
2026 07 24 20 25 00 000 1.9523909E+00 -2.6676941E+00 -1.4232506E+00
2026 07 24 20 26 00 000 1.9964718E+00 -2.6759560E+00 -1.4410226E+00
2026 07 24 20 27 00 000 2.0403218E+00 -2.6838987E+00 -1.4586276E+00
2026 07 24 20 28 00 000 2.0839429E+00 -2.6915336E+00 -1.4760677E+00
2026 07 24 20 29 00 000 2.1273372E+00 -2.6988657E+00 -1.4933465E+00
2026 07 24 20 30 00 000 2.1705081E+00 -2.7059033E+00 -1.5104666E+00
2026 07 24 20 31 00 000 2.2134557E+00 -2.7126565E+00 -1.5274290E+00
2026 07 24 20 32 00 000 2.2561829E+00 -2.7191310E+00 -1.5442375E+00
2026 07 24 20 33 00 000 2.2986915E+00 -2.7253342E+00 -1.5608939E+00
2026 07 24 20 34 00 000 2.3409843E+00 -2.7312732E+00 -1.5774004E+00
2026 07 24 20 35 00 000 2.3830614E+00 -2.7369559E+00 -1.5937587E+00
2026 07 24 20 36 00 000 2.4249268E+00 -2.7423866E+00 -1.6099718E+00
2026 07 24 20 37 00 000 2.4665811E+00 -2.7475727E+00 -1.6260411E+00
2026 07 24 20 38 00 000 2.5080283E+00 -2.7525187E+00 -1.6419702E+00
2026 07 24 20 39 00 000 2.5492675E+00 -2.7572336E+00 -1.6577581E+00
2026 07 24 20 40 00 000 2.5903020E+00 -2.7617207E+00 -1.6734097E+00
2026 07 24 20 41 00 000 2.6311347E+00 -2.7659853E+00 -1.6889255E+00
2026 07 24 20 42 00 000 2.6717663E+00 -2.7700336E+00 -1.7043073E+00
2026 07 24 20 43 00 000 2.7121985E+00 -2.7738712E+00 -1.7195566E+00
2026 07 24 20 44 00 000 2.7524333E+00 -2.7775025E+00 -1.7346759E+00
2026 07 24 20 45 00 000 2.7924740E+00 -2.7809300E+00 -1.7496670E+00
2026 07 24 20 46 00 000 2.8323207E+00 -2.7841623E+00 -1.7645307E+00
2026 07 24 20 47 00 000 2.8719754E+00 -2.7872019E+00 -1.7792691E+00
2026 07 24 20 48 00 000 2.9114416E+00 -2.7900517E+00 -1.7938845E+00
2026 07 24 20 49 00 000 2.9507191E+00 -2.7927189E+00 -1.8083767E+00
2026 07 24 20 50 00 000 2.9898105E+00 -2.7952054E+00 -1.8227494E+00
2026 07 24 20 51 00 000 3.0287166E+00 -2.7975173E+00 -1.8370016E+00
2026 07 24 20 52 00 000 3.0674415E+00 -2.7996550E+00 -1.8511373E+00
2026 07 24 20 53 00 000 3.1059837E+00 -2.8016257E+00 -1.8651567E+00
2026 07 24 20 54 00 000 3.1443477E+00 -2.8034306E+00 -1.8790601E+00
2026 07 24 20 55 00 000 3.1825333E+00 -2.8050754E+00 -1.8928508E+00
2026 07 24 20 56 00 000 3.2205424E+00 -2.8065619E+00 -1.9065291E+00
2026 07 24 20 57 00 000 3.2583771E+00 -2.8078947E+00 -1.9200960E+00
2026 07 24 20 58 00 000 3.2960391E+00 -2.8090756E+00 -1.9335537E+00
2026 07 24 20 59 00 000 3.3335292E+00 -2.8101089E+00 -1.9469028E+00
2026 07 24 21 00 00 000 3.3708491E+00 -2.8109975E+00 -1.9601448E+00
2026 07 24 21 01 00 000 3.4080038E+00 -2.8117468E+00 -1.9732760E+00
2026 07 24 21 02 00 000 3.4449887E+00 -2.8123538E+00 -1.9863073E+00
2026 07 24 21 03 00 000 3.4818087E+00 -2.8128250E+00 -1.9992343E+00
2026 07 24 21 04 00 000 3.5184639E+00 -2.8131640E+00 -2.0120595E+00
2026 07 24 21 05 00 000 3.5549574E+00 -2.8133695E+00 -2.0247831E+00
2026 07 24 21 06 00 000 3.5912883E+00 -2.8134494E+00 -2.0374055E+00
2026 07 24 21 07 00 000 3.6274598E+00 -2.8134038E+00 -2.0499287E+00
2026 07 24 21 08 00 000 3.6634734E+00 -2.8132346E+00 -2.0623541E+00
2026 07 24 21 09 00 000 3.6993303E+00 -2.8129444E+00 -2.0746825E+00
2026 07 24 21 10 00 000 3.7350311E+00 -2.8125358E+00 -2.0869138E+00
2026 07 24 21 11 00 000 3.7705777E+00 -2.8120122E+00 -2.0990498E+00
2026 07 24 21 12 00 000 3.8059700E+00 -2.8113749E+00 -2.1110919E+00
2026 07 24 21 13 00 000 3.8412123E+00 -2.8106251E+00 -2.1230407E+00
2026 07 24 21 14 00 000 3.8763032E+00 -2.8097663E+00 -2.1348972E+00
2026 07 24 21 15 00 000 3.9112442E+00 -2.8088014E+00 -2.1466615E+00
2026 07 24 21 16 00 000 3.9460382E+00 -2.8077302E+00 -2.1583354E+00
2026 07 24 21 17 00 000 3.9806845E+00 -2.8065555E+00 -2.1699195E+00
2026 07 24 21 18 00 000 4.0151854E+00 -2.8052809E+00 -2.1814146E+00
2026 07 24 21 19 00 000 4.0495420E+00 -2.8039057E+00 -2.1928222E+00
2026 07 24 21 20 00 000 4.0837555E+00 -2.8024328E+00 -2.2041421E+00
2026 07 24 21 21 00 000 4.1178269E+00 -2.8008652E+00 -2.2153754E+00
2026 07 24 21 22 00 000 4.1517553E+00 -2.7992043E+00 -2.2265232E+00
2026 07 24 21 23 00 000 4.1855459E+00 -2.7974503E+00 -2.2375865E+00
2026 07 24 21 24 00 000 4.2191973E+00 -2.7956059E+00 -2.2485652E+00
2026 07 24 21 25 00 000 4.2527103E+00 -2.7936730E+00 -2.2594614E+00
2026 07 24 21 26 00 000 4.2860866E+00 -2.7916520E+00 -2.2702744E+00
2026 07 24 21 27 00 000 4.3193274E+00 -2.7895472E+00 -2.2810059E+00
2026 07 24 21 28 00 000 4.3524337E+00 -2.7873571E+00 -2.2916565E+00
2026 07 24 21 29 00 000 4.3854055E+00 -2.7850864E+00 -2.3022268E+00
2026 07 24 21 30 00 000 4.4182458E+00 -2.7827330E+00 -2.3127172E+00
2026 07 24 21 31 00 000 4.4509549E+00 -2.7802999E+00 -2.3231292E+00
2026 07 24 21 32 00 000 4.4835324E+00 -2.7777898E+00 -2.3334622E+00
2026 07 24 21 33 00 000 4.5159807E+00 -2.7752018E+00 -2.3437185E+00
2026 07 24 21 34 00 000 4.5483007E+00 -2.7725375E+00 -2.3538980E+00
2026 07 24 21 35 00 000 4.5804925E+00 -2.7698016E+00 -2.3640008E+00
2026 07 24 21 36 00 000 4.6125569E+00 -2.7669935E+00 -2.3740282E+00
2026 07 24 21 37 00 000 4.6444960E+00 -2.7641120E+00 -2.3839810E+00
2026 07 24 21 38 00 000 4.6763105E+00 -2.7611613E+00 -2.3938591E+00
2026 07 24 21 39 00 000 4.7080002E+00 -2.7581406E+00 -2.4036639E+00
2026 07 24 21 40 00 000 4.7395682E+00 -2.7550530E+00 -2.4133956E+00
2026 07 24 21 41 00 000 4.7710128E+00 -2.7518985E+00 -2.4230549E+00
2026 07 24 21 42 00 000 4.8023353E+00 -2.7486799E+00 -2.4326422E+00
2026 07 24 21 43 00 000 4.8335385E+00 -2.7453969E+00 -2.4421580E+00
2026 07 24 21 44 00 000 4.8646216E+00 -2.7420499E+00 -2.4516044E+00
2026 07 24 21 45 00 000 4.8955855E+00 -2.7386415E+00 -2.4609797E+00
2026 07 24 21 46 00 000 4.9264307E+00 -2.7351727E+00 -2.4702852E+00
2026 07 24 21 47 00 000 4.9571586E+00 -2.7316446E+00 -2.4795222E+00
2026 07 24 21 48 00 000 4.9877715E+00 -2.7280552E+00 -2.4886911E+00
2026 07 24 21 49 00 000 5.0182681E+00 -2.7244108E+00 -2.4977918E+00
2026 07 24 21 50 00 000 5.0486488E+00 -2.7207096E+00 -2.5068250E+00
2026 07 24 21 51 00 000 5.0789151E+00 -2.7169511E+00 -2.5157917E+00
2026 07 24 21 52 00 000 5.1090708E+00 -2.7131362E+00 -2.5246921E+00
2026 07 24 21 53 00 000 5.1391110E+00 -2.7092700E+00 -2.5335267E+00
2026 07 24 21 54 00 000 5.1690397E+00 -2.7053504E+00 -2.5422966E+00
2026 07 24 21 55 00 000 5.1988587E+00 -2.7013779E+00 -2.5510011E+00
2026 07 24 21 56 00 000 5.2285657E+00 -2.6973565E+00 -2.5596418E+00
2026 07 24 21 57 00 000 5.2581630E+00 -2.6932824E+00 -2.5682185E+00
2026 07 24 21 58 00 000 5.2876530E+00 -2.6891596E+00 -2.5767326E+00
2026 07 24 21 59 00 000 5.3170333E+00 -2.6849878E+00 -2.5851834E+00
2026 07 24 22 00 00 000 5.3463054E+00 -2.6807697E+00 -2.5935721E+00
2026 07 24 22 01 00 000 5.3754711E+00 -2.6765034E+00 -2.6018984E+00
2026 07 24 22 02 00 000 5.4045310E+00 -2.6721914E+00 -2.6101642E+00
2026 07 24 22 03 00 000 5.4334846E+00 -2.6678336E+00 -2.6183684E+00
2026 07 24 22 04 00 000 5.4623332E+00 -2.6634316E+00 -2.6265132E+00
2026 07 24 22 05 00 000 5.4910779E+00 -2.6589873E+00 -2.6345973E+00
2026 07 24 22 06 00 000 5.5197186E+00 -2.6544981E+00 -2.6426218E+00
2026 07 24 22 07 00 000 5.5482550E+00 -2.6499679E+00 -2.6505871E+00
2026 07 24 22 08 00 000 5.5766902E+00 -2.6453967E+00 -2.6584940E+00
2026 07 24 22 09 00 000 5.6050243E+00 -2.6407809E+00 -2.6663430E+00
2026 07 24 22 10 00 000 5.6332560E+00 -2.6361289E+00 -2.6741338E+00
2026 07 24 22 11 00 000 5.6613889E+00 -2.6314340E+00 -2.6818681E+00
2026 07 24 22 12 00 000 5.6894193E+00 -2.6267033E+00 -2.6895452E+00
2026 07 24 22 13 00 000 5.7173510E+00 -2.6219327E+00 -2.6971648E+00
2026 07 24 22 14 00 000 5.7451839E+00 -2.6171272E+00 -2.7047293E+00
2026 07 24 22 15 00 000 5.7729187E+00 -2.6122813E+00 -2.7122378E+00
2026 07 24 22 16 00 000 5.8005562E+00 -2.6074007E+00 -2.7196908E+00
2026 07 24 22 17 00 000 5.8280954E+00 -2.6024847E+00 -2.7270892E+00
2026 07 24 22 18 00 000 5.8555393E+00 -2.5975332E+00 -2.7344329E+00
2026 07 24 22 19 00 000 5.8828869E+00 -2.5925488E+00 -2.7417221E+00
2026 07 24 22 20 00 000 5.9101391E+00 -2.5875289E+00 -2.7489579E+00
2026 07 24 22 21 00 000 5.9372959E+00 -2.5824757E+00 -2.7561407E+00
2026 07 24 22 22 00 000 5.9643574E+00 -2.5773904E+00 -2.7632706E+00
2026 07 24 22 23 00 000 5.9913268E+00 -2.5722733E+00 -2.7703474E+00
2026 07 24 22 24 00 000 6.0182014E+00 -2.5671253E+00 -2.7773724E+00
2026 07 24 22 25 00 000 6.0449834E+00 -2.5619457E+00 -2.7843451E+00
2026 07 24 22 26 00 000 6.0716739E+00 -2.5567350E+00 -2.7912674E+00
2026 07 24 22 27 00 000 6.0982718E+00 -2.5514944E+00 -2.7981372E+00
2026 07 24 22 28 00 000 6.1247787E+00 -2.5462267E+00 -2.8049567E+00
2026 07 24 22 29 00 000 6.1511936E+00 -2.5409279E+00 -2.8117263E+00
2026 07 24 22 30 00 000 6.1775188E+00 -2.5356026E+00 -2.8184450E+00
2026 07 24 22 31 00 000 6.2037549E+00 -2.5302470E+00 -2.8251143E+00
2026 07 24 22 32 00 000 6.2299008E+00 -2.5248649E+00 -2.8317344E+00
2026 07 24 22 33 00 000 6.2559576E+00 -2.5194559E+00 -2.8383057E+00
2026 07 24 22 34 00 000 6.2819262E+00 -2.5140219E+00 -2.8448279E+00
2026 07 24 22 35 00 000 6.3078084E+00 -2.5085588E+00 -2.8513029E+00
2026 07 24 22 36 00 000 6.3336010E+00 -2.5030737E+00 -2.8577287E+00
2026 07 24 22 37 00 000 6.3593063E+00 -2.4975636E+00 -2.8641071E+00
2026 07 24 22 38 00 000 6.3849254E+00 -2.4920263E+00 -2.8704383E+00
2026 07 24 22 39 00 000 6.4104586E+00 -2.4864662E+00 -2.8767223E+00
2026 07 24 22 40 00 000 6.4359064E+00 -2.4808815E+00 -2.8829606E+00
2026 07 24 22 41 00 000 6.4612679E+00 -2.4752736E+00 -2.8891513E+00
2026 07 24 22 42 00 000 6.4865456E+00 -2.4696431E+00 -2.8952961E+00
2026 07 24 22 43 00 000 6.5117388E+00 -2.4639919E+00 -2.9013956E+00
2026 07 24 22 44 00 000 6.5368466E+00 -2.4583158E+00 -2.9074495E+00
2026 07 24 22 45 00 000 6.5618711E+00 -2.4526212E+00 -2.9134586E+00
2026 07 24 22 46 00 000 6.5868134E+00 -2.4469011E+00 -2.9194229E+00
2026 07 24 22 47 00 000 6.6116719E+00 -2.4411633E+00 -2.9253423E+00
2026 07 24 22 48 00 000 6.6364479E+00 -2.4354055E+00 -2.9312177E+00
2026 07 24 22 49 00 000 6.6611433E+00 -2.4296241E+00 -2.9370496E+00
2026 07 24 22 50 00 000 6.6857557E+00 -2.4238269E+00 -2.9428370E+00
2026 07 24 22 51 00 000 6.7102861E+00 -2.4180098E+00 -2.9485817E+00
2026 07 24 22 52 00 000 6.7347379E+00 -2.4121702E+00 -2.9542835E+00
2026 07 24 22 53 00 000 6.7591076E+00 -2.4063153E+00 -2.9599426E+00
2026 07 24 22 54 00 000 6.7833977E+00 -2.4004412E+00 -2.9655595E+00
2026 07 24 22 55 00 000 6.8076086E+00 -2.3945477E+00 -2.9711342E+00
2026 07 24 22 56 00 000 6.8317399E+00 -2.3886373E+00 -2.9766665E+00
2026 07 24 22 57 00 000 6.8557920E+00 -2.3827119E+00 -2.9821568E+00
2026 07 24 22 58 00 000 6.8797650E+00 -2.3767672E+00 -2.9876077E+00
2026 07 24 22 59 00 000 6.9036608E+00 -2.3708081E+00 -2.9930165E+00
2026 07 24 23 00 00 000 6.9274788E+00 -2.3648281E+00 -2.9983847E+00
2026 07 24 23 01 00 000 6.9512186E+00 -2.3588374E+00 -3.0037129E+00
2026 07 24 23 02 00 000 6.9748821E+00 -2.3528278E+00 -3.0090005E+00
2026 07 24 23 03 00 000 6.9984670E+00 -2.3468034E+00 -3.0142479E+00
2026 07 24 23 04 00 000 7.0219765E+00 -2.3407631E+00 -3.0194564E+00
2026 07 24 23 05 00 000 7.0454097E+00 -2.3347108E+00 -3.0246251E+00
2026 07 24 23 06 00 000 7.0687680E+00 -2.3286400E+00 -3.0297556E+00
2026 07 24 23 07 00 000 7.0920496E+00 -2.3225591E+00 -3.0348463E+00
2026 07 24 23 08 00 000 7.1152568E+00 -2.3164644E+00 -3.0398979E+00
2026 07 24 23 09 00 000 7.1383896E+00 -2.3103518E+00 -3.0449126E+00
2026 07 24 23 10 00 000 7.1614470E+00 -2.3042297E+00 -3.0498886E+00
2026 07 24 23 11 00 000 7.1844306E+00 -2.2980938E+00 -3.0548267E+00
2026 07 24 23 12 00 000 7.2073407E+00 -2.2919431E+00 -3.0597277E+00
2026 07 24 23 13 00 000 7.2301774E+00 -2.2857809E+00 -3.0645914E+00
2026 07 24 23 14 00 000 7.2529407E+00 -2.2796080E+00 -3.0694182E+00
2026 07 24 23 15 00 000 7.2756300E+00 -2.2734232E+00 -3.0742073E+00
2026 07 24 23 16 00 000 7.2982483E+00 -2.2672255E+00 -3.0789607E+00
2026 07 24 23 17 00 000 7.3207932E+00 -2.2610157E+00 -3.0836778E+00
2026 07 24 23 18 00 000 7.3432670E+00 -2.2547948E+00 -3.0883586E+00
2026 07 24 23 19 00 000 7.3656683E+00 -2.2485640E+00 -3.0930042E+00
2026 07 24 23 20 00 000 7.3880000E+00 -2.2423196E+00 -3.0976140E+00
2026 07 24 23 21 00 000 7.4102597E+00 -2.2360682E+00 -3.1021886E+00
2026 07 24 23 22 00 000 7.4324484E+00 -2.2298062E+00 -3.1067276E+00
2026 07 24 23 23 00 000 7.4545665E+00 -2.2235329E+00 -3.1112328E+00
2026 07 24 23 24 00 000 7.4766159E+00 -2.2172475E+00 -3.1157024E+00
2026 07 24 23 25 00 000 7.4985929E+00 -2.2109566E+00 -3.1201379E+00
2026 07 24 23 26 00 000 7.5205026E+00 -2.2046537E+00 -3.1245396E+00
2026 07 24 23 27 00 000 7.5423417E+00 -2.1983423E+00 -3.1289074E+00
2026 07 24 23 28 00 000 7.5641112E+00 -2.1920230E+00 -3.1332412E+00
2026 07 24 23 29 00 000 7.5858130E+00 -2.1856961E+00 -3.1375415E+00
2026 07 24 23 30 00 000 7.6074467E+00 -2.1793582E+00 -3.1418090E+00
2026 07 24 23 31 00 000 7.6290112E+00 -2.1730103E+00 -3.1460445E+00
2026 07 24 23 32 00 000 7.6505075E+00 -2.1666579E+00 -3.1502461E+00
2026 07 24 23 33 00 000 7.6719370E+00 -2.1602960E+00 -3.1544151E+00
2026 07 24 23 34 00 000 7.6932998E+00 -2.1539266E+00 -3.1585524E+00
2026 07 24 23 35 00 000 7.7145934E+00 -2.1475489E+00 -3.1626573E+00
2026 07 24 23 36 00 000 7.7358222E+00 -2.1411645E+00 -3.1667306E+00
2026 07 24 23 37 00 000 7.7569828E+00 -2.1347725E+00 -3.1707728E+00
2026 07 24 23 38 00 000 7.7780771E+00 -2.1283753E+00 -3.1747818E+00
2026 07 24 23 39 00 000 7.7991042E+00 -2.1219718E+00 -3.1787610E+00
2026 07 24 23 40 00 000 7.8200679E+00 -2.1155596E+00 -3.1827087E+00
2026 07 24 23 41 00 000 7.8409653E+00 -2.1091409E+00 -3.1866267E+00
2026 07 24 23 42 00 000 7.8617969E+00 -2.1027162E+00 -3.1905127E+00
2026 07 24 23 43 00 000 7.8825636E+00 -2.0962849E+00 -3.1943686E+00
2026 07 24 23 44 00 000 7.9032655E+00 -2.0898488E+00 -3.1981952E+00
2026 07 24 23 45 00 000 7.9239016E+00 -2.0834084E+00 -3.2019911E+00
2026 07 24 23 46 00 000 7.9444737E+00 -2.0769618E+00 -3.2057571E+00
2026 07 24 23 47 00 000 7.9649825E+00 -2.0705070E+00 -3.2094946E+00
2026 07 24 23 48 00 000 7.9854264E+00 -2.0640481E+00 -3.2132027E+00
2026 07 24 23 49 00 000 8.0058069E+00 -2.0575883E+00 -3.2168806E+00
2026 07 24 23 50 00 000 8.0261250E+00 -2.0511177E+00 -3.2205300E+00
2026 07 24 23 51 00 000 8.0463781E+00 -2.0446463E+00 -3.2241514E+00
2026 07 24 23 52 00 000 8.0665684E+00 -2.0381687E+00 -3.2277441E+00
2026 07 24 23 53 00 000 8.0866976E+00 -2.0316865E+00 -3.2313075E+00
2026 07 24 23 54 00 000 8.1067629E+00 -2.0252001E+00 -3.2348440E+00
2026 07 24 23 55 00 000 8.1267653E+00 -2.0187109E+00 -3.2383518E+00
2026 07 24 23 56 00 000 8.1467056E+00 -2.0122161E+00 -3.2418325E+00
2026 07 24 23 57 00 000 8.1665859E+00 -2.0057170E+00 -3.2452857E+00
2026 07 24 23 58 00 000 8.1864033E+00 -1.9992148E+00 -3.2487109E+00
2026 07 24 23 59 00 000 8.2061586E+00 -1.9927096E+00 -3.2521098E+00
2026 07 25 00 00 00 000 8.2258539E+00 -1.9862064E+00 -3.2554777E+00
2026 07 25 00 01 00 000 8.2454863E+00 -1.9796956E+00 -3.2588217E+00
2026 07 25 00 02 00 000 8.2650595E+00 -1.9731801E+00 -3.2621410E+00
2026 07 25 00 03 00 000 8.2845716E+00 -1.9666626E+00 -3.2654319E+00
2026 07 25 00 04 00 000 8.3040237E+00 -1.9601418E+00 -3.2686980E+00
2026 07 25 00 05 00 000 8.3234138E+00 -1.9536164E+00 -3.2719378E+00
2026 07 25 00 06 00 000 8.3427448E+00 -1.9470892E+00 -3.2751515E+00
2026 07 25 00 07 00 000 8.3620176E+00 -1.9405590E+00 -3.2783399E+00
2026 07 25 00 08 00 000 8.3812294E+00 -1.9340287E+00 -3.2815027E+00
2026 07 25 00 09 00 000 8.4003811E+00 -1.9274971E+00 -3.2846394E+00
2026 07 25 00 10 00 000 8.4194746E+00 -1.9209605E+00 -3.2877522E+00
2026 07 25 00 11 00 000 8.4385080E+00 -1.9144218E+00 -3.2908399E+00
2026 07 25 00 12 00 000 8.4574833E+00 -1.9078823E+00 -3.2939026E+00
2026 07 25 00 13 00 000 8.4764004E+00 -1.9013379E+00 -3.2969413E+00
2026 07 25 00 14 00 000 8.4952583E+00 -1.8947958E+00 -3.2999547E+00
2026 07 25 00 15 00 000 8.5140591E+00 -1.8882499E+00 -3.3029442E+00
2026 07 25 00 16 00 000 8.5328007E+00 -1.8817002E+00 -3.3059101E+00
2026 07 25 00 17 00 000 8.5514851E+00 -1.8751538E+00 -3.3088522E+00
2026 07 25 00 18 00 000 8.5701122E+00 -1.8686056E+00 -3.3117704E+00
2026 07 25 00 19 00 000 8.5886803E+00 -1.8620541E+00 -3.3146644E+00
2026 07 25 00 20 00 000 8.6071920E+00 -1.8555021E+00 -3.3175359E+00
2026 07 25 00 21 00 000 8.6256466E+00 -1.8489482E+00 -3.3203843E+00
2026 07 25 00 22 00 000 8.6440439E+00 -1.8423948E+00 -3.3232095E+00
2026 07 25 00 23 00 000 8.6623840E+00 -1.8358397E+00 -3.3260119E+00
2026 07 25 00 24 00 000 8.6806679E+00 -1.8292861E+00 -3.3287914E+00
2026 07 25 00 25 00 000 8.6988955E+00 -1.8227276E+00 -3.3315489E+00
2026 07 25 00 26 00 000 8.7170668E+00 -1.8161747E+00 -3.3342836E+00
2026 07 25 00 27 00 000 8.7351809E+00 -1.8096157E+00 -3.3369963E+00
2026 07 25 00 28 00 000 8.7532406E+00 -1.8030601E+00 -3.3396869E+00
2026 07 25 00 29 00 000 8.7712440E+00 -1.7965021E+00 -3.3423564E+00
2026 07 25 00 30 00 000 8.7891912E+00 -1.7899437E+00 -3.3450031E+00
2026 07 25 00 31 00 000 8.8070841E+00 -1.7833881E+00 -3.3476286E+00
2026 07 25 00 32 00 000 8.8249216E+00 -1.7768315E+00 -3.3502328E+00
2026 07 25 00 33 00 000 8.8427038E+00 -1.7702742E+00 -3.3528163E+00
2026 07 25 00 34 00 000 8.8604317E+00 -1.7637142E+00 -3.3553789E+00
2026 07 25 00 35 00 000 8.8781033E+00 -1.7571588E+00 -3.3579197E+00
2026 07 25 00 36 00 000 8.8957214E+00 -1.7506019E+00 -3.3604403E+00
2026 07 25 00 37 00 000 8.9132853E+00 -1.7440451E+00 -3.3629405E+00
2026 07 25 00 38 00 000 8.9307938E+00 -1.7374890E+00 -3.3654203E+00
2026 07 25 00 39 00 000 8.9482498E+00 -1.7309335E+00 -3.3678796E+00
2026 07 25 00 40 00 000 8.9656496E+00 -1.7243829E+00 -3.3703187E+00
2026 07 25 00 41 00 000 8.9829979E+00 -1.7178259E+00 -3.3727384E+00
2026 07 25 00 42 00 000 9.0002909E+00 -1.7112753E+00 -3.3751376E+00
2026 07 25 00 43 00 000 9.0175314E+00 -1.7047228E+00 -3.3775177E+00
2026 07 25 00 44 00 000 9.0347195E+00 -1.6981709E+00 -3.3798780E+00
2026 07 25 00 45 00 000 9.0518532E+00 -1.6916196E+00 -3.3822196E+00
2026 07 25 00 46 00 000 9.0689335E+00 -1.6850708E+00 -3.3845417E+00
2026 07 25 00 47 00 000 9.0859604E+00 -1.6785256E+00 -3.3868444E+00
2026 07 25 00 48 00 000 9.1029367E+00 -1.6719742E+00 -3.3891292E+00
2026 07 25 00 49 00 000 9.1198597E+00 -1.6654326E+00 -3.3913932E+00
2026 07 25 00 50 00 000 9.1367302E+00 -1.6588886E+00 -3.3936408E+00
2026 07 25 00 51 00 000 9.1535482E+00 -1.6523448E+00 -3.3958690E+00
2026 07 25 00 52 00 000 9.1703138E+00 -1.6458029E+00 -3.3980794E+00
2026 07 25 00 53 00 000 9.1870279E+00 -1.6392628E+00 -3.4002707E+00
2026 07 25 00 54 00 000 9.2036886E+00 -1.6327263E+00 -3.4024448E+00
2026 07 25 00 55 00 000 9.2202997E+00 -1.6261864E+00 -3.4046006E+00
2026 07 25 00 56 00 000 9.2368574E+00 -1.6196558E+00 -3.4067395E+00
2026 07 25 00 57 00 000 9.2533655E+00 -1.6131200E+00 -3.4088595E+00
2026 07 25 00 58 00 000 9.2698221E+00 -1.6065900E+00 -3.4109631E+00
2026 07 25 00 59 00 000 9.2862263E+00 -1.6000597E+00 -3.4130483E+00
2026 07 25 01 00 00 000 9.3025799E+00 -1.5935318E+00 -3.4151175E+00
2026 07 25 01 01 00 000 9.3188829E+00 -1.5870079E+00 -3.4171693E+00
2026 07 25 01 02 00 000 9.3351355E+00 -1.5804830E+00 -3.4192042E+00
2026 07 25 01 03 00 000 9.3513384E+00 -1.5739596E+00 -3.4212220E+00
2026 07 25 01 04 00 000 9.3674898E+00 -1.5674411E+00 -3.4232235E+00
2026 07 25 01 05 00 000 9.3835897E+00 -1.5609224E+00 -3.4252081E+00
2026 07 25 01 06 00 000 9.3996401E+00 -1.5544093E+00 -3.4271767E+00
2026 07 25 01 07 00 000 9.4156418E+00 -1.5478961E+00 -3.4291289E+00
2026 07 25 01 08 00 000 9.4315929E+00 -1.5413847E+00 -3.4310656E+00
2026 07 25 01 09 00 000 9.4474936E+00 -1.5348732E+00 -3.4329858E+00
2026 07 25 01 10 00 000 9.4633455E+00 -1.5283689E+00 -3.4348896E+00
2026 07 25 01 11 00 000 9.4791460E+00 -1.5218676E+00 -3.4367785E+00
2026 07 25 01 12 00 000 9.4948978E+00 -1.5153685E+00 -3.4386518E+00
2026 07 25 01 13 00 000 9.5106010E+00 -1.5088668E+00 -3.4405098E+00
2026 07 25 01 14 00 000 9.5262556E+00 -1.5023725E+00 -3.4423521E+00
2026 07 25 01 15 00 000 9.5418615E+00 -1.4958791E+00 -3.4441795E+00
2026 07 25 01 16 00 000 9.5574160E+00 -1.4893869E+00 -3.4459915E+00
2026 07 25 01 17 00 000 9.5729237E+00 -1.4828981E+00 -3.4477892E+00
2026 07 25 01 18 00 000 9.5883827E+00 -1.4764125E+00 -3.4495716E+00
2026 07 25 01 19 00 000 9.6037922E+00 -1.4699291E+00 -3.4513400E+00
2026 07 25 01 20 00 000 9.6191540E+00 -1.4634506E+00 -3.4530926E+00
2026 07 25 01 21 00 000 9.6344681E+00 -1.4569728E+00 -3.4548314E+00
2026 07 25 01 22 00 000 9.6497326E+00 -1.4504974E+00 -3.4565563E+00
2026 07 25 01 23 00 000 9.6649504E+00 -1.4440253E+00 -3.4582665E+00
2026 07 25 01 24 00 000 9.6801186E+00 -1.4375587E+00 -3.4599628E+00
2026 07 25 01 25 00 000 9.6952391E+00 -1.4310948E+00 -3.4616446E+00
2026 07 25 01 26 00 000 9.7103138E+00 -1.4246298E+00 -3.4633133E+00
2026 07 25 01 27 00 000 9.7253380E+00 -1.4181714E+00 -3.4649692E+00
2026 07 25 01 28 00 000 9.7403173E+00 -1.4117140E+00 -3.4666100E+00
2026 07 25 01 29 00 000 9.7552481E+00 -1.4052591E+00 -3.4682376E+00
2026 07 25 01 30 00 000 9.7701311E+00 -1.3988085E+00 -3.4698524E+00
2026 07 25 01 31 00 000 9.7849693E+00 -1.3923626E+00 -3.4714537E+00
2026 07 25 01 32 00 000 9.7997580E+00 -1.3859187E+00 -3.4730415E+00
2026 07 25 01 33 00 000 9.8144999E+00 -1.3794768E+00 -3.4746172E+00
2026 07 25 01 34 00 000 9.8291960E+00 -1.3730398E+00 -3.4761794E+00
2026 07 25 01 35 00 000 9.8438463E+00 -1.3666068E+00 -3.4777291E+00
2026 07 25 01 36 00 000 9.8584490E+00 -1.3601714E+00 -3.4792657E+00
2026 07 25 01 37 00 000 9.8730049E+00 -1.3537434E+00 -3.4807904E+00
2026 07 25 01 38 00 000 9.8875132E+00 -1.3473201E+00 -3.4823024E+00
2026 07 25 01 39 00 000 9.9019775E+00 -1.3408974E+00 -3.4838018E+00
2026 07 25 01 40 00 000 9.9163933E+00 -1.3344779E+00 -3.4852901E+00
2026 07 25 01 41 00 000 9.9307652E+00 -1.3280624E+00 -3.4867654E+00
2026 07 25 01 42 00 000 9.9450903E+00 -1.3216500E+00 -3.4882286E+00
2026 07 25 01 43 00 000 9.9593697E+00 -1.3152436E+00 -3.4896805E+00
2026 07 25 01 44 00 000 9.9736032E+00 -1.3088353E+00 -3.4911201E+00
2026 07 25 01 45 00 000 9.9877911E+00 -1.3024384E+00 -3.4925487E+00
2026 07 25 01 46 00 000 1.0001933E+01 -1.2960370E+00 -3.4939649E+00
2026 07 25 01 47 00 000 1.0016029E+01 -1.2896447E+00 -3.4953701E+00
2026 07 25 01 48 00 000 1.0030080E+01 -1.2832525E+00 -3.4967644E+00
2026 07 25 01 49 00 000 1.0044087E+01 -1.2768648E+00 -3.4981470E+00
2026 07 25 01 50 00 000 1.0058048E+01 -1.2704821E+00 -3.4995191E+00
2026 07 25 01 51 00 000 1.0071965E+01 -1.2640977E+00 -3.5008793E+00
2026 07 25 01 52 00 000 1.0085836E+01 -1.2577223E+00 -3.5022290E+00
2026 07 25 01 53 00 000 1.0099663E+01 -1.2513504E+00 -3.5035677E+00
2026 07 25 01 54 00 000 1.0113443E+01 -1.2449797E+00 -3.5048962E+00
2026 07 25 01 55 00 000 1.0127181E+01 -1.2386104E+00 -3.5062141E+00
2026 07 25 01 56 00 000 1.0140873E+01 -1.2322488E+00 -3.5075212E+00
2026 07 25 01 57 00 000 1.0154521E+01 -1.2258890E+00 -3.5088181E+00
2026 07 25 01 58 00 000 1.0168125E+01 -1.2195333E+00 -3.5101047E+00
2026 07 25 01 59 00 000 1.0181684E+01 -1.2131819E+00 -3.5113811E+00
2026 07 25 02 00 00 000 1.0195198E+01 -1.2068335E+00 -3.5126474E+00
2026 07 25 02 01 00 000 1.0208671E+01 -1.2004901E+00 -3.5139034E+00
2026 07 25 02 02 00 000 1.0222097E+01 -1.1941453E+00 -3.5151498E+00
2026 07 25 02 03 00 000 1.0235480E+01 -1.1878099E+00 -3.5163865E+00
2026 07 25 02 04 00 000 1.0248819E+01 -1.1814758E+00 -3.5176136E+00
2026 07 25 02 05 00 000 1.0262116E+01 -1.1751448E+00 -3.5188310E+00
2026 07 25 02 06 00 000 1.0275367E+01 -1.1688178E+00 -3.5200393E+00
2026 07 25 02 07 00 000 1.0288576E+01 -1.1624942E+00 -3.5212376E+00
2026 07 25 02 08 00 000 1.0301740E+01 -1.1561763E+00 -3.5224268E+00
2026 07 25 02 09 00 000 1.0314862E+01 -1.1498576E+00 -3.5236068E+00
2026 07 25 02 10 00 000 1.0327941E+01 -1.1435456E+00 -3.5247779E+00
2026 07 25 02 11 00 000 1.0340976E+01 -1.1372408E+00 -3.5259390E+00
2026 07 25 02 12 00 000 1.0353968E+01 -1.1309353E+00 -3.5270920E+00
2026 07 25 02 13 00 000 1.0366917E+01 -1.1246341E+00 -3.5282364E+00
2026 07 25 02 14 00 000 1.0379823E+01 -1.1183367E+00 -3.5293720E+00
2026 07 25 02 15 00 000 1.0392686E+01 -1.1120449E+00 -3.5304990E+00
2026 07 25 02 16 00 000 1.0405506E+01 -1.1057521E+00 -3.5316167E+00
2026 07 25 02 17 00 000 1.0418283E+01 -1.0994682E+00 -3.5327260E+00
2026 07 25 02 18 00 000 1.0431021E+01 -1.0931853E+00 -3.5338275E+00
2026 07 25 02 19 00 000 1.0443712E+01 -1.0869095E+00 -3.5349205E+00
2026 07 25 02 20 00 000 1.0456363E+01 -1.0806335E+00 -3.5360055E+00
2026 07 25 02 21 00 000 1.0468969E+01 -1.0743625E+00 -3.5370822E+00
2026 07 25 02 22 00 000 1.0481536E+01 -1.0680959E+00 -3.5381508E+00
2026 07 25 02 23 00 000 1.0494060E+01 -1.0618298E+00 -3.5392120E+00
2026 07 25 02 24 00 000 1.0506542E+01 -1.0555695E+00 -3.5402646E+00
2026 07 25 02 25 00 000 1.0518981E+01 -1.0493149E+00 -3.5413098E+00
2026 07 25 02 26 00 000 1.0531379E+01 -1.0430597E+00 -3.5423477E+00
2026 07 25 02 27 00 000 1.0543735E+01 -1.0368128E+00 -3.5433774E+00
2026 07 25 02 28 00 000 1.0556048E+01 -1.0305696E+00 -3.5443995E+00
2026 07 25 02 29 00 000 1.0568321E+01 -1.0243275E+00 -3.5454144E+00
2026 07 25 02 30 00 000 1.0580552E+01 -1.0180885E+00 -3.5464227E+00
2026 07 25 02 31 00 000 1.0592741E+01 -1.0118545E+00 -3.5474229E+00
2026 07 25 02 32 00 000 1.0604889E+01 -1.0056262E+00 -3.5484159E+00
2026 07 25 02 33 00 000 1.0616996E+01 -9.9939913E-01 -3.5494018E+00
2026 07 25 02 34 00 000 1.0629060E+01 -9.9317557E-01 -3.5503814E+00
2026 07 25 02 35 00 000 1.0641084E+01 -9.8695904E-01 -3.5513532E+00
2026 07 25 02 36 00 000 1.0653067E+01 -9.8074311E-01 -3.5523183E+00
2026 07 25 02 37 00 000 1.0665007E+01 -9.7453052E-01 -3.5532773E+00
2026 07 25 02 38 00 000 1.0676910E+01 -9.6832222E-01 -3.5542288E+00
2026 07 25 02 39 00 000 1.0688769E+01 -9.6211684E-01 -3.5551744E+00
2026 07 25 02 40 00 000 1.0700588E+01 -9.5591569E-01 -3.5561137E+00
2026 07 25 02 41 00 000 1.0712365E+01 -9.4972044E-01 -3.5570457E+00
2026 07 25 02 42 00 000 1.0724104E+01 -9.4352645E-01 -3.5579715E+00
2026 07 25 02 43 00 000 1.0735800E+01 -9.3733537E-01 -3.5588911E+00
2026 07 25 02 44 00 000 1.0747456E+01 -9.3114841E-01 -3.5598047E+00
2026 07 25 02 45 00 000 1.0759072E+01 -9.2496580E-01 -3.5607121E+00
2026 07 25 02 46 00 000 1.0770646E+01 -9.1878790E-01 -3.5616128E+00
2026 07 25 02 47 00 000 1.0782182E+01 -9.1261244E-01 -3.5625076E+00
2026 07 25 02 48 00 000 1.0793675E+01 -9.0644032E-01 -3.5633969E+00
2026 07 25 02 49 00 000 1.0805130E+01 -9.0027165E-01 -3.5642805E+00
2026 07 25 02 50 00 000 1.0816545E+01 -8.9410818E-01 -3.5651586E+00
2026 07 25 02 51 00 000 1.0827920E+01 -8.8794458E-01 -3.5660298E+00
2026 07 25 02 52 00 000 1.0839253E+01 -8.8179058E-01 -3.5668957E+00
2026 07 25 02 53 00 000 1.0850549E+01 -8.7563664E-01 -3.5677567E+00
2026 07 25 02 54 00 000 1.0861803E+01 -8.6948580E-01 -3.5686116E+00
2026 07 25 02 55 00 000 1.0873017E+01 -8.6333883E-01 -3.5694616E+00
2026 07 25 02 56 00 000 1.0884193E+01 -8.5719699E-01 -3.5703058E+00
2026 07 25 02 57 00 000 1.0895329E+01 -8.5105413E-01 -3.5711458E+00
2026 07 25 02 58 00 000 1.0906425E+01 -8.4491742E-01 -3.5719795E+00
2026 07 25 02 59 00 000 1.0917480E+01 -8.3878595E-01 -3.5728083E+00
2026 07 25 03 00 00 000 1.0928496E+01 -8.3265889E-01 -3.5736310E+00
2026 07 25 03 01 00 000 1.0939475E+01 -8.2653195E-01 -3.5744500E+00
2026 07 25 03 02 00 000 1.0950414E+01 -8.2040584E-01 -3.5752645E+00
2026 07 25 03 03 00 000 1.0961311E+01 -8.1428897E-01 -3.5760734E+00
2026 07 25 03 04 00 000 1.0972173E+01 -8.0817252E-01 -3.5768774E+00
2026 07 25 03 05 00 000 1.0982992E+01 -8.0205971E-01 -3.5776768E+00
2026 07 25 03 06 00 000 1.0993773E+01 -7.9595315E-01 -3.5784712E+00
2026 07 25 03 07 00 000 1.1004517E+01 -7.8984439E-01 -3.5792618E+00
2026 07 25 03 08 00 000 1.1015221E+01 -7.8374118E-01 -3.5800474E+00
2026 07 25 03 09 00 000 1.1025886E+01 -7.7764457E-01 -3.5808280E+00
2026 07 25 03 10 00 000 1.1036510E+01 -7.7155012E-01 -3.5816045E+00
2026 07 25 03 11 00 000 1.1047099E+01 -7.6545793E-01 -3.5823767E+00
2026 07 25 03 12 00 000 1.1057648E+01 -7.5936764E-01 -3.5831447E+00
2026 07 25 03 13 00 000 1.1068157E+01 -7.5328439E-01 -3.5839081E+00
2026 07 25 03 14 00 000 1.1078628E+01 -7.4720168E-01 -3.5846677E+00
2026 07 25 03 15 00 000 1.1089061E+01 -7.4112189E-01 -3.5854235E+00
2026 07 25 03 16 00 000 1.1099455E+01 -7.3504746E-01 -3.5861747E+00
2026 07 25 03 17 00 000 1.1109810E+01 -7.2897416E-01 -3.5869222E+00
2026 07 25 03 18 00 000 1.1120130E+01 -7.2290450E-01 -3.5876658E+00
2026 07 25 03 19 00 000 1.1130409E+01 -7.1683687E-01 -3.5884056E+00
2026 07 25 03 20 00 000 1.1140650E+01 -7.1077365E-01 -3.5891411E+00
2026 07 25 03 21 00 000 1.1150852E+01 -7.0471323E-01 -3.5898736E+00
2026 07 25 03 22 00 000 1.1161019E+01 -6.9865549E-01 -3.5906022E+00
2026 07 25 03 23 00 000 1.1171145E+01 -6.9260031E-01 -3.5913267E+00
2026 07 25 03 24 00 000 1.1181233E+01 -6.8655258E-01 -3.5920475E+00
2026 07 25 03 25 00 000 1.1191285E+01 -6.8050659E-01 -3.5927646E+00
2026 07 25 03 26 00 000 1.1201299E+01 -6.7446131E-01 -3.5934794E+00
2026 07 25 03 27 00 000 1.1211273E+01 -6.6841900E-01 -3.5941896E+00
2026 07 25 03 28 00 000 1.1221211E+01 -6.6237992E-01 -3.5948973E+00
2026 07 25 03 29 00 000 1.1231112E+01 -6.5634656E-01 -3.5956013E+00
2026 07 25 03 30 00 000 1.1240974E+01 -6.5031070E-01 -3.5963025E+00
2026 07 25 03 31 00 000 1.1250799E+01 -6.4428061E-01 -3.5969999E+00
2026 07 25 03 32 00 000 1.1260588E+01 -6.3825351E-01 -3.5976949E+00
2026 07 25 03 33 00 000 1.1270336E+01 -6.3223130E-01 -3.5983853E+00
2026 07 25 03 34 00 000 1.1280049E+01 -6.2621111E-01 -3.5990739E+00
2026 07 25 03 35 00 000 1.1289724E+01 -6.2019324E-01 -3.5997586E+00
2026 07 25 03 36 00 000 1.1299362E+01 -6.1417717E-01 -3.6004415E+00
2026 07 25 03 37 00 000 1.1308962E+01 -6.0816407E-01 -3.6011209E+00
2026 07 25 03 38 00 000 1.1318526E+01 -6.0215402E-01 -3.6017983E+00
2026 07 25 03 39 00 000 1.1328053E+01 -5.9615171E-01 -3.6024709E+00
2026 07 25 03 40 00 000 1.1337543E+01 -5.9014428E-01 -3.6031427E+00
2026 07 25 03 41 00 000 1.1346993E+01 -5.8414340E-01 -3.6038108E+00
2026 07 25 03 42 00 000 1.1356410E+01 -5.7814622E-01 -3.6044769E+00
2026 07 25 03 43 00 000 1.1365788E+01 -5.7215095E-01 -3.6051397E+00
2026 07 25 03 44 00 000 1.1375128E+01 -5.6615549E-01 -3.6058011E+00
2026 07 25 03 45 00 000 1.1384434E+01 -5.6016487E-01 -3.6064587E+00
2026 07 25 03 46 00 000 1.1393701E+01 -5.5417681E-01 -3.6071148E+00
2026 07 25 03 47 00 000 1.1402932E+01 -5.4819059E-01 -3.6077685E+00
2026 07 25 03 48 00 000 1.1412127E+01 -5.4220814E-01 -3.6084192E+00
2026 07 25 03 49 00 000 1.1421284E+01 -5.3623021E-01 -3.6090672E+00
2026 07 25 03 50 00 000 1.1430406E+01 -5.3025395E-01 -3.6097131E+00
2026 07 25 03 51 00 000 1.1439490E+01 -5.2427822E-01 -3.6103578E+00
2026 07 25 03 52 00 000 1.1448539E+01 -5.1830316E-01 -3.6110008E+00
2026 07 25 03 53 00 000 1.1457551E+01 -5.1233488E-01 -3.6116390E+00
2026 07 25 03 54 00 000 1.1466527E+01 -5.0636679E-01 -3.6122770E+00
2026 07 25 03 55 00 000 1.1475466E+01 -5.0040138E-01 -3.6129131E+00
2026 07 25 03 56 00 000 1.1484369E+01 -4.9444085E-01 -3.6135464E+00
2026 07 25 03 57 00 000 1.1493236E+01 -4.8848006E-01 -3.6141772E+00
2026 07 25 03 58 00 000 1.1502067E+01 -4.8252001E-01 -3.6148083E+00
2026 07 25 03 59 00 000 1.1510861E+01 -4.7656441E-01 -3.6154363E+00
2026 07 25 04 00 00 000 1.1519619E+01 -4.7061306E-01 -3.6160614E+00
2026 07 25 04 01 00 000 1.1528341E+01 -4.6465835E-01 -3.6166863E+00
2026 07 25 04 02 00 000 1.1537027E+01 -4.5871222E-01 -3.6173086E+00
2026 07 25 04 03 00 000 1.1545677E+01 -4.5276484E-01 -3.6179287E+00
2026 07 25 04 04 00 000 1.1554293E+01 -4.4682020E-01 -3.6185484E+00
2026 07 25 04 05 00 000 1.1562870E+01 -4.4087669E-01 -3.6191657E+00
2026 07 25 04 06 00 000 1.1571414E+01 -4.3493578E-01 -3.6197820E+00
2026 07 25 04 07 00 000 1.1579920E+01 -4.2900077E-01 -3.6203957E+00
2026 07 25 04 08 00 000 1.1588391E+01 -4.2306393E-01 -3.6210079E+00
2026 07 25 04 09 00 000 1.1596827E+01 -4.1713291E-01 -3.6216192E+00
2026 07 25 04 10 00 000 1.1605227E+01 -4.1119727E-01 -3.6222293E+00
2026 07 25 04 11 00 000 1.1613591E+01 -4.0526861E-01 -3.6228371E+00
2026 07 25 04 12 00 000 1.1621920E+01 -3.9934140E-01 -3.6234441E+00
2026 07 25 04 13 00 000 1.1630214E+01 -3.9341557E-01 -3.6240497E+00
2026 07 25 04 14 00 000 1.1638472E+01 -3.8749328E-01 -3.6246536E+00
2026 07 25 04 15 00 000 1.1646695E+01 -3.8157085E-01 -3.6252565E+00
2026 07 25 04 16 00 000 1.1654882E+01 -3.7565309E-01 -3.6258578E+00
2026 07 25 04 17 00 000 1.1663033E+01 -3.6973441E-01 -3.6264579E+00
2026 07 25 04 18 00 000 1.1671150E+01 -3.6381695E-01 -3.6270568E+00
2026 07 25 04 19 00 000 1.1679233E+01 -3.5790262E-01 -3.6276553E+00
2026 07 25 04 20 00 000 1.1687280E+01 -3.5199013E-01 -3.6282527E+00
2026 07 25 04 21 00 000 1.1695288E+01 -3.4608021E-01 -3.6288474E+00
2026 07 25 04 22 00 000 1.1703266E+01 -3.4016791E-01 -3.6294425E+00
2026 07 25 04 23 00 000 1.1711207E+01 -3.3426005E-01 -3.6300368E+00
2026 07 25 04 24 00 000 1.1719113E+01 -3.2835945E-01 -3.6306279E+00
2026 07 25 04 25 00 000 1.1726983E+01 -3.2245368E-01 -3.6312201E+00
2026 07 25 04 26 00 000 1.1734820E+01 -3.1654891E-01 -3.6318116E+00
2026 07 25 04 27 00 000 1.1742620E+01 -3.1065026E-01 -3.6324010E+00
2026 07 25 04 28 00 000 1.1750386E+01 -3.0474973E-01 -3.6329904E+00
2026 07 25 04 29 00 000 1.1758119E+01 -2.9884863E-01 -3.6335793E+00
2026 07 25 04 30 00 000 1.1765815E+01 -2.9295707E-01 -3.6341650E+00
2026 07 25 04 31 00 000 1.1773478E+01 -2.8706244E-01 -3.6347513E+00
2026 07 25 04 32 00 000 1.1781104E+01 -2.8116906E-01 -3.6353374E+00
2026 07 25 04 33 00 000 1.1788697E+01 -2.7527595E-01 -3.6359227E+00
2026 07 25 04 34 00 000 1.1796254E+01 -2.6938206E-01 -3.6365068E+00
2026 07 25 04 35 00 000 1.1803779E+01 -2.6349756E-01 -3.6370890E+00
2026 07 25 04 36 00 000 1.1811268E+01 -2.5760993E-01 -3.6376724E+00
2026 07 25 04 37 00 000 1.1818722E+01 -2.5172296E-01 -3.6382544E+00
2026 07 25 04 38 00 000 1.1826143E+01 -2.4583623E-01 -3.6388361E+00
2026 07 25 04 39 00 000 1.1833527E+01 -2.3995517E-01 -3.6394169E+00
2026 07 25 04 40 00 000 1.1840878E+01 -2.3406859E-01 -3.6399977E+00
2026 07 25 04 41 00 000 1.1848195E+01 -2.2818986E-01 -3.6405766E+00
2026 07 25 04 42 00 000 1.1855478E+01 -2.2231232E-01 -3.6411550E+00
2026 07 25 04 43 00 000 1.1862725E+01 -2.1643126E-01 -3.6417341E+00
2026 07 25 04 44 00 000 1.1869939E+01 -2.1055284E-01 -3.6423118E+00
2026 07 25 04 45 00 000 1.1877119E+01 -2.0467491E-01 -3.6428902E+00
2026 07 25 04 46 00 000 1.1884264E+01 -1.9879933E-01 -3.6434669E+00
2026 07 25 04 47 00 000 1.1891377E+01 -1.9292329E-01 -3.6440442E+00
2026 07 25 04 48 00 000 1.1898455E+01 -1.8705066E-01 -3.6446204E+00
2026 07 25 04 49 00 000 1.1905499E+01 -1.8117787E-01 -3.6451964E+00
2026 07 25 04 50 00 000 1.1912506E+01 -1.7530511E-01 -3.6457715E+00
2026 07 25 04 51 00 000 1.1919484E+01 -1.6943337E-01 -3.6463473E+00
2026 07 25 04 52 00 000 1.1926422E+01 -1.6356130E-01 -3.6469231E+00
2026 07 25 04 53 00 000 1.1933331E+01 -1.5769595E-01 -3.6474967E+00
2026 07 25 04 54 00 000 1.1940206E+01 -1.5182589E-01 -3.6480718E+00
2026 07 25 04 55 00 000 1.1947045E+01 -1.4596000E-01 -3.6486452E+00
2026 07 25 04 56 00 000 1.1953851E+01 -1.4008935E-01 -3.6492190E+00
2026 07 25 04 57 00 000 1.1960623E+01 -1.3422614E-01 -3.6497920E+00
2026 07 25 04 58 00 000 1.1967361E+01 -1.2836225E-01 -3.6503649E+00
2026 07 25 04 59 00 000 1.1974066E+01 -1.2249437E-01 -3.6509387E+00
2026 07 25 05 00 00 000 1.1980740E+01 -1.1663162E-01 -3.6515112E+00
2026 07 25 05 01 00 000 1.1987374E+01 -1.1076727E-01 -3.6520839E+00
2026 07 25 05 02 00 000 1.1993978E+01 -1.0490000E-01 -3.6526577E+00
2026 07 25 05 03 00 000 1.2000548E+01 -9.9039704E-02 -3.6532290E+00
2026 07 25 05 04 00 000 1.2007086E+01 -9.3179479E-02 -3.6538005E+00
2026 07 25 05 05 00 000 1.2013588E+01 -8.7314129E-02 -3.6543734E+00
2026 07 25 05 06 00 000 1.2020061E+01 -8.1455901E-02 -3.6549447E+00
2026 07 25 05 07 00 000 1.2026496E+01 -7.5592086E-02 -3.6555173E+00
2026 07 25 05 08 00 000 1.2032897E+01 -6.9730334E-02 -3.6560891E+00
2026 07 25 05 09 00 000 1.2039268E+01 -6.3872494E-02 -3.6566606E+00
2026 07 25 05 10 00 000 1.2045604E+01 -5.8015339E-02 -3.6572320E+00
2026 07 25 05 11 00 000 1.2051908E+01 -5.2155502E-02 -3.6578033E+00
2026 07 25 05 12 00 000 1.2058176E+01 -4.6294291E-02 -3.6583748E+00
2026 07 25 05 13 00 000 1.2064413E+01 -4.0436447E-02 -3.6589460E+00
2026 07 25 05 14 00 000 1.2070616E+01 -3.4575693E-02 -3.6595180E+00
2026 07 25 05 15 00 000 1.2076786E+01 -2.8716395E-02 -3.6600897E+00
2026 07 25 05 16 00 000 1.2082923E+01 -2.2862384E-02 -3.6606596E+00
2026 07 25 05 17 00 000 1.2089027E+01 -1.7004926E-02 -3.6612313E+00
2026 07 25 05 18 00 000 1.2095098E+01 -1.1144631E-02 -3.6618028E+00
2026 07 25 05 19 00 000 1.2101136E+01 -5.2865585E-03 -3.6623740E+00
2026 07 25 05 20 00 000 1.2107140E+01 5.7197345E-04 -3.6629453E+00
2026 07 25 05 21 00 000 1.2113112E+01 6.4278995E-03 -3.6635163E+00
2026 07 25 05 22 00 000 1.2119050E+01 1.2287734E-02 -3.6640880E+00
2026 07 25 05 23 00 000 1.2124956E+01 1.8149409E-02 -3.6646602E+00
2026 07 25 05 24 00 000 1.2130830E+01 2.4006024E-02 -3.6652312E+00
2026 07 25 05 25 00 000 1.2136670E+01 2.9867623E-02 -3.6658034E+00
2026 07 25 05 26 00 000 1.2142478E+01 3.5727073E-02 -3.6663752E+00
2026 07 25 05 27 00 000 1.2148252E+01 4.1581545E-02 -3.6669457E+00
2026 07 25 05 28 00 000 1.2153992E+01 4.7441225E-02 -3.6675181E+00
2026 07 25 05 29 00 000 1.2159700E+01 5.3302515E-02 -3.6680899E+00
2026 07 25 05 30 00 000 1.2165377E+01 5.9162274E-02 -3.6686616E+00
2026 07 25 05 31 00 000 1.2171021E+01 6.5024182E-02 -3.6692343E+00
2026 07 25 05 32 00 000 1.2176632E+01 7.0878804E-02 -3.6698050E+00
2026 07 25 05 33 00 000 1.2182207E+01 7.6743543E-02 -3.6703777E+00
2026 07 25 05 34 00 000 1.2187754E+01 8.2605444E-02 -3.6709502E+00
2026 07 25 05 35 00 000 1.2193267E+01 8.8467963E-02 -3.6715224E+00
2026 07 25 05 36 00 000 1.2198746E+01 9.4330326E-02 -3.6720955E+00
2026 07 25 05 37 00 000 1.2204194E+01 1.0019246E-01 -3.6726668E+00
2026 07 25 05 38 00 000 1.2209609E+01 1.0605613E-01 -3.6732395E+00
2026 07 25 05 39 00 000 1.2214993E+01 1.1191811E-01 -3.6738122E+00
2026 07 25 05 40 00 000 1.2220343E+01 1.1778308E-01 -3.6743851E+00
2026 07 25 05 41 00 000 1.2225660E+01 1.2364935E-01 -3.6749582E+00
2026 07 25 05 42 00 000 1.2230946E+01 1.2951578E-01 -3.6755311E+00
2026 07 25 05 43 00 000 1.2236197E+01 1.3538374E-01 -3.6761041E+00
2026 07 25 05 44 00 000 1.2241420E+01 1.4124931E-01 -3.6766770E+00
2026 07 25 05 45 00 000 1.2246608E+01 1.4711843E-01 -3.6772499E+00
2026 07 25 05 46 00 000 1.2251764E+01 1.5298861E-01 -3.6778233E+00
2026 07 25 05 47 00 000 1.2256887E+01 1.5885925E-01 -3.6783969E+00
2026 07 25 05 48 00 000 1.2261978E+01 1.6473135E-01 -3.6789699E+00
2026 07 25 05 49 00 000 1.2267037E+01 1.7060015E-01 -3.6795430E+00
2026 07 25 05 50 00 000 1.2272064E+01 1.7647722E-01 -3.6801178E+00
2026 07 25 05 51 00 000 1.2277060E+01 1.8234925E-01 -3.6806910E+00
2026 07 25 05 52 00 000 1.2282022E+01 1.8822426E-01 -3.6812644E+00
2026 07 25 05 53 00 000 1.2286953E+01 1.9410057E-01 -3.6818388E+00
2026 07 25 05 54 00 000 1.2291851E+01 1.9997811E-01 -3.6824129E+00
2026 07 25 05 55 00 000 1.2296718E+01 2.0585419E-01 -3.6829853E+00
2026 07 25 05 56 00 000 1.2301552E+01 2.1173051E-01 -3.6835592E+00
2026 07 25 05 57 00 000 1.2306355E+01 2.1761541E-01 -3.6841340E+00
2026 07 25 05 58 00 000 1.2311127E+01 2.2349447E-01 -3.6847069E+00
2026 07 25 05 59 00 000 1.2315863E+01 2.2938159E-01 -3.6852820E+00
2026 07 25 06 00 00 000 1.2320570E+01 2.3526020E-01 -3.6858544E+00
2026 07 25 06 01 00 000 1.2325245E+01 2.4114710E-01 -3.6864283E+00
2026 07 25 06 02 00 000 1.2329885E+01 2.4703269E-01 -3.6870027E+00
2026 07 25 06 03 00 000 1.2334496E+01 2.5292262E-01 -3.6875765E+00
2026 07 25 06 04 00 000 1.2339074E+01 2.5881290E-01 -3.6881502E+00
2026 07 25 06 05 00 000 1.2343622E+01 2.6470730E-01 -3.6887257E+00
2026 07 25 06 06 00 000 1.2348138E+01 2.7059871E-01 -3.6892989E+00
2026 07 25 06 07 00 000 1.2352621E+01 2.7648982E-01 -3.6898715E+00
2026 07 25 06 08 00 000 1.2357074E+01 2.8238851E-01 -3.6904461E+00
2026 07 25 06 09 00 000 1.2361493E+01 2.8828412E-01 -3.6910193E+00
2026 07 25 06 10 00 000 1.2365879E+01 2.9418319E-01 -3.6915927E+00
2026 07 25 06 11 00 000 1.2370237E+01 3.0008757E-01 -3.6921670E+00
2026 07 25 06 12 00 000 1.2374561E+01 3.0598781E-01 -3.6927404E+00
2026 07 25 06 13 00 000 1.2378856E+01 3.1188893E-01 -3.6933124E+00
2026 07 25 06 14 00 000 1.2383117E+01 3.1779498E-01 -3.6938858E+00
2026 07 25 06 15 00 000 1.2387344E+01 3.2370365E-01 -3.6944594E+00
2026 07 25 06 16 00 000 1.2391543E+01 3.2961276E-01 -3.6950319E+00
2026 07 25 06 17 00 000 1.2395710E+01 3.3552432E-01 -3.6956043E+00
2026 07 25 06 18 00 000 1.2399846E+01 3.4143430E-01 -3.6961761E+00
2026 07 25 06 19 00 000 1.2403950E+01 3.4734830E-01 -3.6967473E+00
2026 07 25 06 20 00 000 1.2408022E+01 3.5326478E-01 -3.6973200E+00
2026 07 25 06 21 00 000 1.2412062E+01 3.5918394E-01 -3.6978920E+00
2026 07 25 06 22 00 000 1.2416071E+01 3.6510476E-01 -3.6984627E+00
2026 07 25 06 23 00 000 1.2420049E+01 3.7102836E-01 -3.6990345E+00
2026 07 25 06 24 00 000 1.2423995E+01 3.7695122E-01 -3.6996045E+00
2026 07 25 06 25 00 000 1.2427908E+01 3.8287872E-01 -3.7001762E+00
2026 07 25 06 26 00 000 1.2431791E+01 3.8881144E-01 -3.7007470E+00
2026 07 25 06 27 00 000 1.2435645E+01 3.9473942E-01 -3.7013164E+00
2026 07 25 06 28 00 000 1.2439466E+01 4.0067595E-01 -3.7018864E+00
2026 07 25 06 29 00 000 1.2443254E+01 4.0660700E-01 -3.7024546E+00
2026 07 25 06 30 00 000 1.2447012E+01 4.1254607E-01 -3.7030234E+00
2026 07 25 06 31 00 000 1.2450740E+01 4.1848502E-01 -3.7035923E+00
2026 07 25 06 32 00 000 1.2454434E+01 4.2442945E-01 -3.7041607E+00
2026 07 25 06 33 00 000 1.2458098E+01 4.3037474E-01 -3.7047284E+00
2026 07 25 06 34 00 000 1.2461732E+01 4.3631950E-01 -3.7052951E+00
2026 07 25 06 35 00 000 1.2465332E+01 4.4227299E-01 -3.7058630E+00
2026 07 25 06 36 00 000 1.2468904E+01 4.4822556E-01 -3.7064288E+00
2026 07 25 06 37 00 000 1.2472444E+01 4.5417789E-01 -3.7069941E+00
2026 07 25 06 38 00 000 1.2475950E+01 4.6013537E-01 -3.7075591E+00
2026 07 25 06 39 00 000 1.2479427E+01 4.6609184E-01 -3.7081232E+00
2026 07 25 06 40 00 000 1.2482874E+01 4.7205478E-01 -3.7086866E+00
2026 07 25 06 41 00 000 1.2486288E+01 4.7802052E-01 -3.7092505E+00
2026 07 25 06 42 00 000 1.2489671E+01 4.8398542E-01 -3.7098131E+00
2026 07 25 06 43 00 000 1.2493025E+01 4.8995978E-01 -3.7103763E+00
2026 07 25 06 44 00 000 1.2496345E+01 4.9593282E-01 -3.7109377E+00
2026 07 25 06 45 00 000 1.2499637E+01 5.0190562E-01 -3.7114973E+00
2026 07 25 06 46 00 000 1.2502896E+01 5.0788158E-01 -3.7120569E+00
2026 07 25 06 47 00 000 1.2506124E+01 5.1386601E-01 -3.7126179E+00
2026 07 25 06 48 00 000 1.2509322E+01 5.1984817E-01 -3.7131748E+00
2026 07 25 06 49 00 000 1.2512487E+01 5.2583605E-01 -3.7137334E+00
2026 07 25 06 50 00 000 1.2515622E+01 5.3182566E-01 -3.7142901E+00
2026 07 25 06 51 00 000 1.2518727E+01 5.3781974E-01 -3.7148468E+00
2026 07 25 06 52 00 000 1.2521802E+01 5.4381239E-01 -3.7154012E+00
2026 07 25 06 53 00 000 1.2524845E+01 5.4980922E-01 -3.7159548E+00
2026 07 25 06 54 00 000 1.2527855E+01 5.5581361E-01 -3.7165091E+00
2026 07 25 06 55 00 000 1.2530837E+01 5.6181943E-01 -3.7170618E+00
2026 07 25 06 56 00 000 1.2533786E+01 5.6782782E-01 -3.7176135E+00
2026 07 25 06 57 00 000 1.2536706E+01 5.7383823E-01 -3.7181637E+00
2026 07 25 06 58 00 000 1.2539594E+01 5.7985055E-01 -3.7187128E+00
2026 07 25 06 59 00 000 1.2542451E+01 5.8586961E-01 -3.7192616E+00
2026 07 25 07 00 00 000 1.2545279E+01 5.9188718E-01 -3.7198083E+00
2026 07 25 07 01 00 000 1.2548075E+01 5.9791088E-01 -3.7203543E+00
2026 07 25 07 02 00 000 1.2550838E+01 6.0394174E-01 -3.7209003E+00
2026 07 25 07 03 00 000 1.2553573E+01 6.0996926E-01 -3.7214432E+00
2026 07 25 07 04 00 000 1.2556275E+01 6.1600679E-01 -3.7219872E+00
2026 07 25 07 05 00 000 1.2558950E+01 6.2204117E-01 -3.7225282E+00
2026 07 25 07 06 00 000 1.2561592E+01 6.2807983E-01 -3.7230678E+00
2026 07 25 07 07 00 000 1.2564203E+01 6.3412458E-01 -3.7236068E+00
2026 07 25 07 08 00 000 1.2566785E+01 6.4017212E-01 -3.7241442E+00
2026 07 25 07 09 00 000 1.2569334E+01 6.4622384E-01 -3.7246811E+00
2026 07 25 07 10 00 000 1.2571856E+01 6.5227824E-01 -3.7252162E+00
2026 07 25 07 11 00 000 1.2574342E+01 6.5833730E-01 -3.7257497E+00
2026 07 25 07 12 00 000 1.2576802E+01 6.6439712E-01 -3.7262807E+00
2026 07 25 07 13 00 000 1.2579228E+01 6.7046517E-01 -3.7268126E+00
2026 07 25 07 14 00 000 1.2581626E+01 6.7652965E-01 -3.7273409E+00
2026 07 25 07 15 00 000 1.2583993E+01 6.8260545E-01 -3.7278690E+00
2026 07 25 07 16 00 000 1.2586329E+01 6.8867981E-01 -3.7283943E+00
2026 07 25 07 17 00 000 1.2588635E+01 6.9475877E-01 -3.7289186E+00
2026 07 25 07 18 00 000 1.2590909E+01 7.0084506E-01 -3.7294416E+00
2026 07 25 07 19 00 000 1.2593153E+01 7.0693225E-01 -3.7299626E+00
2026 07 25 07 20 00 000 1.2595367E+01 7.1302074E-01 -3.7304814E+00
2026 07 25 07 21 00 000 1.2597548E+01 7.1911728E-01 -3.7309997E+00
2026 07 25 07 22 00 000 1.2599704E+01 7.2521406E-01 -3.7315142E+00
2026 07 25 07 23 00 000 1.2601825E+01 7.3132145E-01 -3.7320292E+00
2026 07 25 07 24 00 000 1.2603917E+01 7.3742545E-01 -3.7325406E+00
2026 07 25 07 25 00 000 1.2605977E+01 7.4354023E-01 -3.7330518E+00
2026 07 25 07 26 00 000 1.2608010E+01 7.4965197E-01 -3.7335589E+00
2026 07 25 07 27 00 000 1.2610010E+01 7.5577170E-01 -3.7340660E+00
2026 07 25 07 28 00 000 1.2611980E+01 7.6189590E-01 -3.7345705E+00
2026 07 25 07 29 00 000 1.2613919E+01 7.6802355E-01 -3.7350736E+00
2026 07 25 07 30 00 000 1.2615828E+01 7.7415365E-01 -3.7355728E+00
2026 07 25 07 31 00 000 1.2617706E+01 7.8028882E-01 -3.7360706E+00
2026 07 25 07 32 00 000 1.2619556E+01 7.8643000E-01 -3.7365670E+00
2026 07 25 07 33 00 000 1.2621373E+01 7.9257452E-01 -3.7370610E+00
2026 07 25 07 34 00 000 1.2623162E+01 7.9872304E-01 -3.7375526E+00
2026 07 25 07 35 00 000 1.2624918E+01 8.0487335E-01 -3.7380414E+00
2026 07 25 07 36 00 000 1.2626646E+01 8.1103027E-01 -3.7385283E+00
2026 07 25 07 37 00 000 1.2628343E+01 8.1719279E-01 -3.7390137E+00
2026 07 25 07 38 00 000 1.2630008E+01 8.2335877E-01 -3.7394962E+00
2026 07 25 07 39 00 000 1.2631644E+01 8.2952970E-01 -3.7399759E+00
2026 07 25 07 40 00 000 1.2633250E+01 8.3570188E-01 -3.7404528E+00
2026 07 25 07 41 00 000 1.2634826E+01 8.4188062E-01 -3.7409279E+00
2026 07 25 07 42 00 000 1.2636371E+01 8.4806275E-01 -3.7414002E+00
2026 07 25 07 43 00 000 1.2637885E+01 8.5425061E-01 -3.7418699E+00
2026 07 25 07 44 00 000 1.2639371E+01 8.6044425E-01 -3.7423370E+00
2026 07 25 07 45 00 000 1.2640826E+01 8.6663765E-01 -3.7428007E+00
2026 07 25 07 46 00 000 1.2642250E+01 8.7284356E-01 -3.7432635E+00
2026 07 25 07 47 00 000 1.2643644E+01 8.7904757E-01 -3.7437222E+00
2026 07 25 07 48 00 000 1.2645008E+01 8.8526195E-01 -3.7441795E+00
2026 07 25 07 49 00 000 1.2646342E+01 8.9147496E-01 -3.7446315E+00
2026 07 25 07 50 00 000 1.2647645E+01 8.9769602E-01 -3.7450826E+00
2026 07 25 07 51 00 000 1.2648918E+01 9.0391821E-01 -3.7455297E+00
2026 07 25 07 52 00 000 1.2650162E+01 9.1015190E-01 -3.7459755E+00
2026 07 25 07 53 00 000 1.2651375E+01 9.1638374E-01 -3.7464159E+00
2026 07 25 07 54 00 000 1.2652557E+01 9.2262685E-01 -3.7468555E+00
2026 07 25 07 55 00 000 1.2653708E+01 9.2886883E-01 -3.7472899E+00
2026 07 25 07 56 00 000 1.2654831E+01 9.3511921E-01 -3.7477229E+00
2026 07 25 07 57 00 000 1.2655924E+01 9.4137442E-01 -3.7481527E+00
2026 07 25 07 58 00 000 1.2656987E+01 9.4763291E-01 -3.7485776E+00
2026 07 25 07 59 00 000 1.2658018E+01 9.5389462E-01 -3.7490001E+00
2026 07 25 08 00 00 000 1.2659020E+01 9.6016121E-01 -3.7494183E+00
2026 07 25 08 01 00 000 1.2659991E+01 9.6643883E-01 -3.7498355E+00
2026 07 25 08 02 00 000 1.2660934E+01 9.7271490E-01 -3.7502465E+00
2026 07 25 08 03 00 000 1.2661847E+01 9.7900039E-01 -3.7506564E+00
2026 07 25 08 04 00 000 1.2662725E+01 9.8529071E-01 -3.7510619E+00
2026 07 25 08 05 00 000 1.2663578E+01 9.9158233E-01 -3.7514632E+00
2026 07 25 08 06 00 000 1.2664400E+01 9.9788547E-01 -3.7518628E+00
2026 07 25 08 07 00 000 1.2665192E+01 1.0041871E+00 -3.7522559E+00
2026 07 25 08 08 00 000 1.2665954E+01 1.0105007E+00 -3.7526474E+00
2026 07 25 08 09 00 000 1.2666685E+01 1.0168129E+00 -3.7530344E+00
2026 07 25 08 10 00 000 1.2667386E+01 1.0231313E+00 -3.7534170E+00
2026 07 25 08 11 00 000 1.2668056E+01 1.0294576E+00 -3.7537966E+00
2026 07 25 08 12 00 000 1.2668697E+01 1.0357924E+00 -3.7541733E+00
2026 07 25 08 13 00 000 1.2669309E+01 1.0421259E+00 -3.7545440E+00
2026 07 25 08 14 00 000 1.2669891E+01 1.0484681E+00 -3.7549121E+00
2026 07 25 08 15 00 000 1.2670442E+01 1.0548154E+00 -3.7552755E+00
2026 07 25 08 16 00 000 1.2670964E+01 1.0611656E+00 -3.7556334E+00
2026 07 25 08 17 00 000 1.2671455E+01 1.0675267E+00 -3.7559903E+00
2026 07 25 08 18 00 000 1.2671915E+01 1.0738915E+00 -3.7563412E+00
2026 07 25 08 19 00 000 1.2672347E+01 1.0802566E+00 -3.7566876E+00
2026 07 25 08 20 00 000 1.2672750E+01 1.0866292E+00 -3.7570288E+00
2026 07 25 08 21 00 000 1.2673120E+01 1.0930098E+00 -3.7573681E+00
2026 07 25 08 22 00 000 1.2673462E+01 1.0993961E+00 -3.7577019E+00
2026 07 25 08 23 00 000 1.2673773E+01 1.1057870E+00 -3.7580309E+00
2026 07 25 08 24 00 000 1.2674055E+01 1.1121837E+00 -3.7583554E+00
2026 07 25 08 25 00 000 1.2674306E+01 1.1185857E+00 -3.7586751E+00
2026 07 25 08 26 00 000 1.2674527E+01 1.1249940E+00 -3.7589910E+00
2026 07 25 08 27 00 000 1.2674720E+01 1.1314052E+00 -3.7593005E+00
2026 07 25 08 28 00 000 1.2674882E+01 1.1378223E+00 -3.7596061E+00
2026 07 25 08 29 00 000 1.2675014E+01 1.1442508E+00 -3.7599082E+00
2026 07 25 08 30 00 000 1.2675116E+01 1.1506830E+00 -3.7602050E+00
2026 07 25 08 31 00 000 1.2675188E+01 1.1571163E+00 -3.7604957E+00
2026 07 25 08 32 00 000 1.2675230E+01 1.1635582E+00 -3.7607822E+00
2026 07 25 08 33 00 000 1.2675243E+01 1.1700069E+00 -3.7610638E+00
2026 07 25 08 34 00 000 1.2675225E+01 1.1764593E+00 -3.7613399E+00
2026 07 25 08 35 00 000 1.2675176E+01 1.1829222E+00 -3.7616122E+00
2026 07 25 08 36 00 000 1.2675098E+01 1.1893882E+00 -3.7618783E+00
2026 07 25 08 37 00 000 1.2674993E+01 1.1958601E+00 -3.7621393E+00
2026 07 25 08 38 00 000 1.2674855E+01 1.2023336E+00 -3.7623935E+00
2026 07 25 08 39 00 000 1.2674688E+01 1.2088199E+00 -3.7626443E+00
2026 07 25 08 40 00 000 1.2674492E+01 1.2153064E+00 -3.7628880E+00
2026 07 25 08 41 00 000 1.2674265E+01 1.2218018E+00 -3.7631278E+00
2026 07 25 08 42 00 000 1.2674008E+01 1.2283033E+00 -3.7633617E+00
2026 07 25 08 43 00 000 1.2673720E+01 1.2348112E+00 -3.7635896E+00
2026 07 25 08 44 00 000 1.2673406E+01 1.2413219E+00 -3.7638116E+00
2026 07 25 08 45 00 000 1.2673058E+01 1.2478430E+00 -3.7640290E+00
2026 07 25 08 46 00 000 1.2672682E+01 1.2543713E+00 -3.7642412E+00
2026 07 25 08 47 00 000 1.2672276E+01 1.2609010E+00 -3.7644453E+00
2026 07 25 08 48 00 000 1.2671841E+01 1.2674398E+00 -3.7646451E+00
2026 07 25 08 49 00 000 1.2671376E+01 1.2739799E+00 -3.7648370E+00
2026 07 25 08 50 00 000 1.2670880E+01 1.2805300E+00 -3.7650254E+00
2026 07 25 08 51 00 000 1.2670355E+01 1.2870873E+00 -3.7652063E+00
2026 07 25 08 52 00 000 1.2669799E+01 1.2936505E+00 -3.7653823E+00
2026 07 25 08 53 00 000 1.2669214E+01 1.3002191E+00 -3.7655513E+00
2026 07 25 08 54 00 000 1.2668598E+01 1.3067950E+00 -3.7657142E+00
2026 07 25 08 55 00 000 1.2667954E+01 1.3133708E+00 -3.7658691E+00
2026 07 25 08 56 00 000 1.2667280E+01 1.3199624E+00 -3.7660210E+00
2026 07 25 08 57 00 000 1.2666575E+01 1.3265580E+00 -3.7661655E+00
2026 07 25 08 58 00 000 1.2665842E+01 1.3331558E+00 -3.7663026E+00
2026 07 25 08 59 00 000 1.2665076E+01 1.3397634E+00 -3.7664330E+00
2026 07 25 09 00 00 000 1.2664285E+01 1.3463736E+00 -3.7665563E+00
2026 07 25 09 01 00 000 1.2663461E+01 1.3529937E+00 -3.7666740E+00
2026 07 25 09 02 00 000 1.2662607E+01 1.3596163E+00 -3.7667835E+00
2026 07 25 09 03 00 000 1.2661724E+01 1.3662497E+00 -3.7668886E+00
2026 07 25 09 04 00 000 1.2660810E+01 1.3728908E+00 -3.7669864E+00
2026 07 25 09 05 00 000 1.2659868E+01 1.3795341E+00 -3.7670770E+00
2026 07 25 09 06 00 000 1.2658895E+01 1.3861814E+00 -3.7671585E+00
2026 07 25 09 07 00 000 1.2657892E+01 1.3928427E+00 -3.7672362E+00
2026 07 25 09 08 00 000 1.2656859E+01 1.3995047E+00 -3.7673037E+00
2026 07 25 09 09 00 000 1.2655798E+01 1.4061791E+00 -3.7673676E+00
2026 07 25 09 10 00 000 1.2654705E+01 1.4128543E+00 -3.7674208E+00
2026 07 25 09 11 00 000 1.2653584E+01 1.4195380E+00 -3.7674689E+00
2026 07 25 09 12 00 000 1.2652431E+01 1.4262297E+00 -3.7675087E+00
2026 07 25 09 13 00 000 1.2651252E+01 1.4329233E+00 -3.7675405E+00
2026 07 25 09 14 00 000 1.2650039E+01 1.4396300E+00 -3.7675667E+00
2026 07 25 09 15 00 000 1.2648797E+01 1.4463416E+00 -3.7675853E+00
2026 07 25 09 16 00 000 1.2647528E+01 1.4530551E+00 -3.7675939E+00
2026 07 25 09 17 00 000 1.2646227E+01 1.4597763E+00 -3.7675953E+00
2026 07 25 09 18 00 000 1.2644897E+01 1.4665092E+00 -3.7675908E+00
2026 07 25 09 19 00 000 1.2643537E+01 1.4732436E+00 -3.7675762E+00
2026 07 25 09 20 00 000 1.2642144E+01 1.4799882E+00 -3.7675560E+00
2026 07 25 09 21 00 000 1.2640725E+01 1.4867414E+00 -3.7675276E+00
2026 07 25 09 22 00 000 1.2639277E+01 1.4934922E+00 -3.7674882E+00
2026 07 25 09 23 00 000 1.2637797E+01 1.5002530E+00 -3.7674422E+00
2026 07 25 09 24 00 000 1.2636287E+01 1.5070269E+00 -3.7673903E+00
2026 07 25 09 25 00 000 1.2634747E+01 1.5138038E+00 -3.7673283E+00
2026 07 25 09 26 00 000 1.2633178E+01 1.5205866E+00 -3.7672577E+00
2026 07 25 09 27 00 000 1.2631578E+01 1.5273787E+00 -3.7671804E+00
2026 07 25 09 28 00 000 1.2629951E+01 1.5341731E+00 -3.7670920E+00
2026 07 25 09 29 00 000 1.2628292E+01 1.5409780E+00 -3.7669976E+00
2026 07 25 09 30 00 000 1.2626603E+01 1.5477901E+00 -3.7668941E+00
2026 07 25 09 31 00 000 1.2624886E+01 1.5546042E+00 -3.7667809E+00
2026 07 25 09 32 00 000 1.2623137E+01 1.5614313E+00 -3.7666600E+00
2026 07 25 09 33 00 000 1.2621358E+01 1.5682634E+00 -3.7665303E+00
2026 07 25 09 34 00 000 1.2619552E+01 1.5751010E+00 -3.7663915E+00
2026 07 25 09 35 00 000 1.2617714E+01 1.5819443E+00 -3.7662435E+00
2026 07 25 09 36 00 000 1.2615848E+01 1.5887960E+00 -3.7660866E+00
2026 07 25 09 37 00 000 1.2613949E+01 1.5956521E+00 -3.7659199E+00
2026 07 25 09 38 00 000 1.2612021E+01 1.6025209E+00 -3.7657461E+00
2026 07 25 09 39 00 000 1.2610065E+01 1.6093906E+00 -3.7655613E+00
2026 07 25 09 40 00 000 1.2608079E+01 1.6162732E+00 -3.7653685E+00
2026 07 25 09 41 00 000 1.2606062E+01 1.6231573E+00 -3.7651658E+00
2026 07 25 09 42 00 000 1.2604013E+01 1.6300470E+00 -3.7649524E+00
2026 07 25 09 43 00 000 1.2601937E+01 1.6369503E+00 -3.7647324E+00
2026 07 25 09 44 00 000 1.2599833E+01 1.6438551E+00 -3.7645001E+00
2026 07 25 09 45 00 000 1.2597697E+01 1.6507659E+00 -3.7642584E+00
2026 07 25 09 46 00 000 1.2595531E+01 1.6576866E+00 -3.7640076E+00
2026 07 25 09 47 00 000 1.2593334E+01 1.6646143E+00 -3.7637479E+00
2026 07 25 09 48 00 000 1.2591108E+01 1.6715500E+00 -3.7634778E+00
2026 07 25 09 49 00 000 1.2588854E+01 1.6784910E+00 -3.7631974E+00
2026 07 25 09 50 00 000 1.2586568E+01 1.6854398E+00 -3.7629082E+00
2026 07 25 09 51 00 000 1.2584251E+01 1.6923935E+00 -3.7626078E+00
2026 07 25 09 52 00 000 1.2581906E+01 1.6993558E+00 -3.7622976E+00
2026 07 25 09 53 00 000 1.2579531E+01 1.7063261E+00 -3.7619774E+00
2026 07 25 09 54 00 000 1.2577126E+01 1.7133057E+00 -3.7616477E+00
2026 07 25 09 55 00 000 1.2574690E+01 1.7202855E+00 -3.7613056E+00
2026 07 25 09 56 00 000 1.2572227E+01 1.7272750E+00 -3.7609541E+00
2026 07 25 09 57 00 000 1.2569732E+01 1.7342746E+00 -3.7605927E+00
2026 07 25 09 58 00 000 1.2567206E+01 1.7412764E+00 -3.7602196E+00
2026 07 25 09 59 00 000 1.2564653E+01 1.7482878E+00 -3.7598372E+00
2026 07 25 10 00 00 000 1.2562066E+01 1.7553097E+00 -3.7594442E+00
2026 07 25 10 01 00 000 1.2559453E+01 1.7623316E+00 -3.7590387E+00
2026 07 25 10 02 00 000 1.2556808E+01 1.7693641E+00 -3.7586234E+00
2026 07 25 10 03 00 000 1.2554133E+01 1.7764009E+00 -3.7581964E+00
2026 07 25 10 04 00 000 1.2551430E+01 1.7834468E+00 -3.7577586E+00
2026 07 25 10 05 00 000 1.2548694E+01 1.7904985E+00 -3.7573097E+00
2026 07 25 10 06 00 000 1.2545928E+01 1.7975618E+00 -3.7568512E+00
2026 07 25 10 07 00 000 1.2543137E+01 1.8046265E+00 -3.7563789E+00
2026 07 25 10 08 00 000 1.2540312E+01 1.8117014E+00 -3.7558973E+00
2026 07 25 10 09 00 000 1.2537457E+01 1.8187826E+00 -3.7554035E+00
2026 07 25 10 10 00 000 1.2534572E+01 1.8258709E+00 -3.7548990E+00
2026 07 25 10 11 00 000 1.2531658E+01 1.8329667E+00 -3.7543826E+00
2026 07 25 10 12 00 000 1.2528715E+01 1.8400658E+00 -3.7538528E+00
2026 07 25 10 13 00 000 1.2525739E+01 1.8471786E+00 -3.7533145E+00
2026 07 25 10 14 00 000 1.2522735E+01 1.8542958E+00 -3.7527628E+00
2026 07 25 10 15 00 000 1.2519700E+01 1.8614167E+00 -3.7521989E+00
2026 07 25 10 16 00 000 1.2516638E+01 1.8685428E+00 -3.7516220E+00
2026 07 25 10 17 00 000 1.2513541E+01 1.8756849E+00 -3.7510359E+00
2026 07 25 10 18 00 000 1.2510417E+01 1.8828253E+00 -3.7504354E+00
2026 07 25 10 19 00 000 1.2507262E+01 1.8899800E+00 -3.7498252E+00
2026 07 25 10 20 00 000 1.2504079E+01 1.8971353E+00 -3.7492006E+00
2026 07 25 10 21 00 000 1.2500865E+01 1.9043005E+00 -3.7485638E+00
2026 07 25 10 22 00 000 1.2497619E+01 1.9114723E+00 -3.7479153E+00
2026 07 25 10 23 00 000 1.2494343E+01 1.9186499E+00 -3.7472539E+00
2026 07 25 10 24 00 000 1.2491039E+01 1.9258329E+00 -3.7465794E+00
2026 07 25 10 25 00 000 1.2487704E+01 1.9330291E+00 -3.7458942E+00
2026 07 25 10 26 00 000 1.2484338E+01 1.9402297E+00 -3.7451956E+00
2026 07 25 10 27 00 000 1.2480946E+01 1.9474342E+00 -3.7444828E+00
2026 07 25 10 28 00 000 1.2477519E+01 1.9546477E+00 -3.7437584E+00
2026 07 25 10 29 00 000 1.2474063E+01 1.9618686E+00 -3.7430212E+00
2026 07 25 10 30 00 000 1.2470577E+01 1.9690970E+00 -3.7422709E+00
2026 07 25 10 31 00 000 1.2467061E+01 1.9763317E+00 -3.7415075E+00
2026 07 25 10 32 00 000 1.2463516E+01 1.9835720E+00 -3.7407308E+00
2026 07 25 10 33 00 000 1.2459941E+01 1.9908220E+00 -3.7399414E+00
2026 07 25 10 34 00 000 1.2456334E+01 1.9980744E+00 -3.7391369E+00
2026 07 25 10 35 00 000 1.2452696E+01 2.0053394E+00 -3.7383211E+00
2026 07 25 10 36 00 000 1.2449031E+01 2.0126028E+00 -3.7374890E+00
2026 07 25 10 37 00 000 1.2445333E+01 2.0198841E+00 -3.7366476E+00
2026 07 25 10 38 00 000 1.2441608E+01 2.0271611E+00 -3.7357886E+00
2026 07 25 10 39 00 000 1.2437849E+01 2.0344517E+00 -3.7349176E+00
2026 07 25 10 40 00 000 1.2434062E+01 2.0417473E+00 -3.7340322E+00
2026 07 25 10 41 00 000 1.2430245E+01 2.0490477E+00 -3.7331328E+00
2026 07 25 10 42 00 000 1.2426396E+01 2.0563588E+00 -3.7322211E+00
2026 07 25 10 43 00 000 1.2422519E+01 2.0636766E+00 -3.7312946E+00
2026 07 25 10 44 00 000 1.2418611E+01 2.0709941E+00 -3.7303517E+00
2026 07 25 10 45 00 000 1.2414672E+01 2.0783265E+00 -3.7293975E+00
2026 07 25 10 46 00 000 1.2410703E+01 2.0856612E+00 -3.7284276E+00
2026 07 25 10 47 00 000 1.2406702E+01 2.0930054E+00 -3.7274442E+00
2026 07 25 10 48 00 000 1.2402673E+01 2.1003561E+00 -3.7264464E+00
2026 07 25 10 49 00 000 1.2398613E+01 2.1077127E+00 -3.7254338E+00
2026 07 25 10 50 00 000 1.2394524E+01 2.1150775E+00 -3.7244067E+00
2026 07 25 10 51 00 000 1.2390403E+01 2.1224432E+00 -3.7233639E+00
2026 07 25 10 52 00 000 1.2386250E+01 2.1298208E+00 -3.7223079E+00
2026 07 25 10 53 00 000 1.2382070E+01 2.1372066E+00 -3.7212365E+00
2026 07 25 10 54 00 000 1.2377858E+01 2.1445942E+00 -3.7201498E+00
2026 07 25 10 55 00 000 1.2373615E+01 2.1519938E+00 -3.7190490E+00
2026 07 25 10 56 00 000 1.2369343E+01 2.1593945E+00 -3.7179320E+00
2026 07 25 10 57 00 000 1.2365042E+01 2.1668010E+00 -3.7167997E+00
2026 07 25 10 58 00 000 1.2360706E+01 2.1742177E+00 -3.7156532E+00
2026 07 25 10 59 00 000 1.2356345E+01 2.1816399E+00 -3.7144907E+00
2026 07 25 11 00 00 000 1.2351950E+01 2.1890695E+00 -3.7133133E+00
2026 07 25 11 01 00 000 1.2347525E+01 2.1965079E+00 -3.7121212E+00
2026 07 25 11 02 00 000 1.2343071E+01 2.2039430E+00 -3.7109106E+00
2026 07 25 11 03 00 000 1.2338584E+01 2.2113962E+00 -3.7096870E+00
2026 07 25 11 04 00 000 1.2334068E+01 2.2188511E+00 -3.7084472E+00
2026 07 25 11 05 00 000 1.2329522E+01 2.2263095E+00 -3.7071910E+00
2026 07 25 11 06 00 000 1.2324945E+01 2.2337744E+00 -3.7059190E+00
2026 07 25 11 07 00 000 1.2320337E+01 2.2412512E+00 -3.7046320E+00
2026 07 25 11 08 00 000 1.2315701E+01 2.2487288E+00 -3.7033274E+00
2026 07 25 11 09 00 000 1.2311029E+01 2.2562153E+00 -3.7020078E+00
2026 07 25 11 10 00 000 1.2306331E+01 2.2637076E+00 -3.7006721E+00
2026 07 25 11 11 00 000 1.2301601E+01 2.2712069E+00 -3.6993198E+00
2026 07 25 11 12 00 000 1.2296840E+01 2.2787118E+00 -3.6979511E+00
2026 07 25 11 13 00 000 1.2292049E+01 2.2862194E+00 -3.6965652E+00
2026 07 25 11 14 00 000 1.2287230E+01 2.2937379E+00 -3.6951642E+00
2026 07 25 11 15 00 000 1.2282375E+01 2.3012614E+00 -3.6937459E+00
2026 07 25 11 16 00 000 1.2277493E+01 2.3087909E+00 -3.6923106E+00
2026 07 25 11 17 00 000 1.2272579E+01 2.3163235E+00 -3.6908588E+00
2026 07 25 11 18 00 000 1.2267633E+01 2.3238685E+00 -3.6893909E+00
2026 07 25 11 19 00 000 1.2262660E+01 2.3314128E+00 -3.6879046E+00
2026 07 25 11 20 00 000 1.2257653E+01 2.3389671E+00 -3.6864021E+00
2026 07 25 11 21 00 000 1.2252616E+01 2.3465259E+00 -3.6848826E+00
2026 07 25 11 22 00 000 1.2247550E+01 2.3540921E+00 -3.6833463E+00
2026 07 25 11 23 00 000 1.2242451E+01 2.3616631E+00 -3.6817918E+00
2026 07 25 11 24 00 000 1.2237323E+01 2.3692403E+00 -3.6802208E+00
2026 07 25 11 25 00 000 1.2232164E+01 2.3768229E+00 -3.6786320E+00
2026 07 25 11 26 00 000 1.2226972E+01 2.3844090E+00 -3.6770253E+00
2026 07 25 11 27 00 000 1.2221753E+01 2.3920007E+00 -3.6754005E+00
2026 07 25 11 28 00 000 1.2216500E+01 2.3996031E+00 -3.6737597E+00
2026 07 25 11 29 00 000 1.2211217E+01 2.4072087E+00 -3.6721005E+00
2026 07 25 11 30 00 000 1.2205905E+01 2.4148142E+00 -3.6704216E+00
2026 07 25 11 31 00 000 1.2200559E+01 2.4224348E+00 -3.6687284E+00
2026 07 25 11 32 00 000 1.2195184E+01 2.4300575E+00 -3.6670153E+00
2026 07 25 11 33 00 000 1.2189779E+01 2.4376824E+00 -3.6652839E+00
2026 07 25 11 34 00 000 1.2184340E+01 2.4453185E+00 -3.6635351E+00
2026 07 25 11 35 00 000 1.2178872E+01 2.4529579E+00 -3.6617682E+00
2026 07 25 11 36 00 000 1.2173373E+01 2.4605951E+00 -3.6599803E+00
2026 07 25 11 37 00 000 1.2167843E+01 2.4682491E+00 -3.6581783E+00
2026 07 25 11 38 00 000 1.2162281E+01 2.4759018E+00 -3.6563549E+00
2026 07 25 11 39 00 000 1.2156691E+01 2.4835613E+00 -3.6545134E+00
2026 07 25 11 40 00 000 1.2151067E+01 2.4912295E+00 -3.6526546E+00
2026 07 25 11 41 00 000 1.2145412E+01 2.4988976E+00 -3.6507759E+00
2026 07 25 11 42 00 000 1.2139728E+01 2.5065730E+00 -3.6488791E+00
2026 07 25 11 43 00 000 1.2134010E+01 2.5142541E+00 -3.6469629E+00
2026 07 25 11 44 00 000 1.2128264E+01 2.5219374E+00 -3.6450272E+00
2026 07 25 11 45 00 000 1.2122483E+01 2.5296319E+00 -3.6430745E+00
2026 07 25 11 46 00 000 1.2116676E+01 2.5373237E+00 -3.6411002E+00
2026 07 25 11 47 00 000 1.2110835E+01 2.5450218E+00 -3.6391075E+00
2026 07 25 11 48 00 000 1.2104964E+01 2.5527282E+00 -3.6370962E+00
2026 07 25 11 49 00 000 1.2099060E+01 2.5604384E+00 -3.6350651E+00
2026 07 25 11 50 00 000 1.2093124E+01 2.5681565E+00 -3.6330154E+00
2026 07 25 11 51 00 000 1.2087160E+01 2.5758736E+00 -3.6309454E+00
2026 07 25 11 52 00 000 1.2081162E+01 2.5835984E+00 -3.6288559E+00
2026 07 25 11 53 00 000 1.2075134E+01 2.5913274E+00 -3.6267469E+00
2026 07 25 11 54 00 000 1.2069077E+01 2.5990598E+00 -3.6246185E+00
2026 07 25 11 55 00 000 1.2062984E+01 2.6067984E+00 -3.6224699E+00
2026 07 25 11 56 00 000 1.2056862E+01 2.6145444E+00 -3.6203029E+00
2026 07 25 11 57 00 000 1.2050708E+01 2.6222882E+00 -3.6181133E+00
2026 07 25 11 58 00 000 1.2044525E+01 2.6300380E+00 -3.6159046E+00
2026 07 25 11 59 00 000 1.2038310E+01 2.6377945E+00 -3.6136758E+00
2026 07 25 12 00 00 000 1.2032061E+01 2.6455553E+00 -3.6114278E+00
2026 07 25 12 01 00 000 1.2025783E+01 2.6533198E+00 -3.6091592E+00
2026 07 25 12 02 00 000 1.2019473E+01 2.6610882E+00 -3.6068695E+00
2026 07 25 12 03 00 000 1.2013128E+01 2.6688614E+00 -3.6045601E+00
2026 07 25 12 04 00 000 1.2006757E+01 2.6766372E+00 -3.6022294E+00
2026 07 25 12 05 00 000 1.2000353E+01 2.6844172E+00 -3.5998788E+00
2026 07 25 12 06 00 000 1.1993917E+01 2.6922009E+00 -3.5975070E+00
2026 07 25 12 07 00 000 1.1987448E+01 2.6999907E+00 -3.5951147E+00
2026 07 25 12 08 00 000 1.1980950E+01 2.7077806E+00 -3.5927014E+00
2026 07 25 12 09 00 000 1.1974418E+01 2.7155795E+00 -3.5902684E+00
2026 07 25 12 10 00 000 1.1967854E+01 2.7233799E+00 -3.5878141E+00
2026 07 25 12 11 00 000 1.1961261E+01 2.7311816E+00 -3.5853372E+00
2026 07 25 12 12 00 000 1.1954636E+01 2.7389884E+00 -3.5828409E+00
2026 07 25 12 13 00 000 1.1947978E+01 2.7468002E+00 -3.5803230E+00
2026 07 25 12 14 00 000 1.1941290E+01 2.7546117E+00 -3.5777836E+00
2026 07 25 12 15 00 000 1.1934569E+01 2.7624311E+00 -3.5752225E+00
2026 07 25 12 16 00 000 1.1927817E+01 2.7702506E+00 -3.5726402E+00
2026 07 25 12 17 00 000 1.1921033E+01 2.7780781E+00 -3.5700378E+00
2026 07 25 12 18 00 000 1.1914214E+01 2.7859037E+00 -3.5674124E+00
2026 07 25 12 19 00 000 1.1907367E+01 2.7937353E+00 -3.5647652E+00
2026 07 25 12 20 00 000 1.1900489E+01 2.8015678E+00 -3.5620966E+00
2026 07 25 12 21 00 000 1.1893578E+01 2.8094049E+00 -3.5594070E+00
2026 07 25 12 22 00 000 1.1886634E+01 2.8172429E+00 -3.5566950E+00
2026 07 25 12 23 00 000 1.1879659E+01 2.8250864E+00 -3.5539610E+00
2026 07 25 12 24 00 000 1.1872652E+01 2.8329320E+00 -3.5512049E+00
2026 07 25 12 25 00 000 1.1865614E+01 2.8407776E+00 -3.5484269E+00
2026 07 25 12 26 00 000 1.1858541E+01 2.8486314E+00 -3.5456274E+00
2026 07 25 12 27 00 000 1.1851439E+01 2.8564799E+00 -3.5428038E+00
2026 07 25 12 28 00 000 1.1844303E+01 2.8643358E+00 -3.5399594E+00
2026 07 25 12 29 00 000 1.1837137E+01 2.8721976E+00 -3.5370936E+00
2026 07 25 12 30 00 000 1.1829939E+01 2.8800559E+00 -3.5342035E+00
2026 07 25 12 31 00 000 1.1822706E+01 2.8879199E+00 -3.5312922E+00
2026 07 25 12 32 00 000 1.1815440E+01 2.8957863E+00 -3.5283585E+00
2026 07 25 12 33 00 000 1.1808148E+01 2.9036531E+00 -3.5254014E+00
2026 07 25 12 34 00 000 1.1800821E+01 2.9115238E+00 -3.5224216E+00
2026 07 25 12 35 00 000 1.1793460E+01 2.9193959E+00 -3.5194197E+00
2026 07 25 12 36 00 000 1.1786069E+01 2.9272676E+00 -3.5163939E+00
2026 07 25 12 37 00 000 1.1778645E+01 2.9351437E+00 -3.5133460E+00
2026 07 25 12 38 00 000 1.1771188E+01 2.9430218E+00 -3.5102754E+00
2026 07 25 12 39 00 000 1.1763698E+01 2.9509020E+00 -3.5071816E+00
2026 07 25 12 40 00 000 1.1756178E+01 2.9587815E+00 -3.5040638E+00
2026 07 25 12 41 00 000 1.1748626E+01 2.9666615E+00 -3.5009232E+00
2026 07 25 12 42 00 000 1.1741038E+01 2.9745474E+00 -3.4977605E+00
2026 07 25 12 43 00 000 1.1733421E+01 2.9824305E+00 -3.4945729E+00
2026 07 25 12 44 00 000 1.1725770E+01 2.9903183E+00 -3.4913630E+00
2026 07 25 12 45 00 000 1.1718088E+01 2.9982057E+00 -3.4881291E+00
2026 07 25 12 46 00 000 1.1710371E+01 3.0060952E+00 -3.4848728E+00
2026 07 25 12 47 00 000 1.1702623E+01 3.0139842E+00 -3.4815919E+00
2026 07 25 12 48 00 000 1.1694844E+01 3.0218728E+00 -3.4782872E+00
2026 07 25 12 49 00 000 1.1687032E+01 3.0297663E+00 -3.4749599E+00
2026 07 25 12 50 00 000 1.1679186E+01 3.0376594E+00 -3.4716091E+00
2026 07 25 12 51 00 000 1.1671309E+01 3.0455494E+00 -3.4682319E+00
2026 07 25 12 52 00 000 1.1663397E+01 3.0534451E+00 -3.4648340E+00
2026 07 25 12 53 00 000 1.1655452E+01 3.0613394E+00 -3.4614103E+00
2026 07 25 12 54 00 000 1.1647477E+01 3.0692353E+00 -3.4579635E+00
2026 07 25 12 55 00 000 1.1639467E+01 3.0771306E+00 -3.4544923E+00
2026 07 25 12 56 00 000 1.1631426E+01 3.0850270E+00 -3.4509969E+00
2026 07 25 12 57 00 000 1.1623351E+01 3.0929239E+00 -3.4474776E+00
2026 07 25 12 58 00 000 1.1615245E+01 3.1008136E+00 -3.4439325E+00
2026 07 25 12 59 00 000 1.1607106E+01 3.1087141E+00 -3.4403656E+00
2026 07 25 13 00 00 000 1.1598932E+01 3.1166093E+00 -3.4367728E+00
2026 07 25 13 01 00 000 1.1590726E+01 3.1245053E+00 -3.4331565E+00
2026 07 25 13 02 00 000 1.1582487E+01 3.1324015E+00 -3.4295151E+00
2026 07 25 13 03 00 000 1.1574217E+01 3.1402957E+00 -3.4258497E+00
2026 07 25 13 04 00 000 1.1565912E+01 3.1481900E+00 -3.4221592E+00
2026 07 25 13 05 00 000 1.1557575E+01 3.1560845E+00 -3.4184446E+00
2026 07 25 13 06 00 000 1.1549205E+01 3.1639779E+00 -3.4147046E+00
2026 07 25 13 07 00 000 1.1540800E+01 3.1718707E+00 -3.4109402E+00
2026 07 25 13 08 00 000 1.1532362E+01 3.1797636E+00 -3.4071517E+00
2026 07 25 13 09 00 000 1.1523895E+01 3.1876516E+00 -3.4033370E+00
2026 07 25 13 10 00 000 1.1515389E+01 3.1955431E+00 -3.3994980E+00
2026 07 25 13 11 00 000 1.1506856E+01 3.2034292E+00 -3.3956339E+00
2026 07 25 13 12 00 000 1.1498283E+01 3.2113211E+00 -3.3917458E+00
2026 07 25 13 13 00 000 1.1489682E+01 3.2192044E+00 -3.3878312E+00
2026 07 25 13 14 00 000 1.1481046E+01 3.2270885E+00 -3.3838923E+00
2026 07 25 13 15 00 000 1.1472379E+01 3.2349727E+00 -3.3799284E+00
2026 07 25 13 16 00 000 1.1463675E+01 3.2428553E+00 -3.3759387E+00
2026 07 25 13 17 00 000 1.1454939E+01 3.2507358E+00 -3.3719246E+00
2026 07 25 13 18 00 000 1.1446169E+01 3.2586129E+00 -3.3678839E+00
2026 07 25 13 19 00 000 1.1437364E+01 3.2664897E+00 -3.3638189E+00
2026 07 25 13 20 00 000 1.1428530E+01 3.2743621E+00 -3.3597279E+00
2026 07 25 13 21 00 000 1.1419660E+01 3.2822335E+00 -3.3556111E+00
2026 07 25 13 22 00 000 1.1410755E+01 3.2901025E+00 -3.3514700E+00
2026 07 25 13 23 00 000 1.1401818E+01 3.2979708E+00 -3.3473027E+00
2026 07 25 13 24 00 000 1.1392847E+01 3.3058391E+00 -3.3431106E+00
2026 07 25 13 25 00 000 1.1383846E+01 3.3136952E+00 -3.3388910E+00
2026 07 25 13 26 00 000 1.1374805E+01 3.3215556E+00 -3.3346469E+00
2026 07 25 13 27 00 000 1.1365734E+01 3.3294120E+00 -3.3303766E+00
2026 07 25 13 28 00 000 1.1356628E+01 3.3372664E+00 -3.3260815E+00
2026 07 25 13 29 00 000 1.1347488E+01 3.3451142E+00 -3.3217597E+00
2026 07 25 13 30 00 000 1.1338317E+01 3.3529644E+00 -3.3174126E+00
2026 07 25 13 31 00 000 1.1329111E+01 3.3608067E+00 -3.3130393E+00
2026 07 25 13 32 00 000 1.1319870E+01 3.3686450E+00 -3.3086390E+00
2026 07 25 13 33 00 000 1.1310595E+01 3.3764846E+00 -3.3042145E+00
2026 07 25 13 34 00 000 1.1301286E+01 3.3843164E+00 -3.2997627E+00
2026 07 25 13 35 00 000 1.1291943E+01 3.3921490E+00 -3.2952864E+00
2026 07 25 13 36 00 000 1.1282566E+01 3.3999753E+00 -3.2907829E+00
2026 07 25 13 37 00 000 1.1273157E+01 3.4077938E+00 -3.2862532E+00
2026 07 25 13 38 00 000 1.1263711E+01 3.4156120E+00 -3.2816970E+00
2026 07 25 13 39 00 000 1.1254230E+01 3.4234266E+00 -3.2771153E+00
2026 07 25 13 40 00 000 1.1244719E+01 3.4312363E+00 -3.2725074E+00
2026 07 25 13 41 00 000 1.1235171E+01 3.4390409E+00 -3.2678728E+00
2026 07 25 13 42 00 000 1.1225590E+01 3.4468396E+00 -3.2632120E+00
2026 07 25 13 43 00 000 1.1215974E+01 3.4546344E+00 -3.2585244E+00
2026 07 25 13 44 00 000 1.1206323E+01 3.4624259E+00 -3.2538106E+00
2026 07 25 13 45 00 000 1.1196638E+01 3.4702122E+00 -3.2490711E+00
2026 07 25 13 46 00 000 1.1186920E+01 3.4779923E+00 -3.2443047E+00
2026 07 25 13 47 00 000 1.1177166E+01 3.4857664E+00 -3.2395117E+00
2026 07 25 13 48 00 000 1.1167379E+01 3.4935365E+00 -3.2346921E+00
2026 07 25 13 49 00 000 1.1157557E+01 3.5013018E+00 -3.2298470E+00
2026 07 25 13 50 00 000 1.1147699E+01 3.5090587E+00 -3.2249732E+00
2026 07 25 13 51 00 000 1.1137807E+01 3.5168152E+00 -3.2200754E+00
2026 07 25 13 52 00 000 1.1127880E+01 3.5245626E+00 -3.2151496E+00
2026 07 25 13 53 00 000 1.1117920E+01 3.5323045E+00 -3.2101967E+00
2026 07 25 13 54 00 000 1.1107924E+01 3.5400386E+00 -3.2052176E+00
2026 07 25 13 55 00 000 1.1097895E+01 3.5477655E+00 -3.2002118E+00
2026 07 25 13 56 00 000 1.1087829E+01 3.5554888E+00 -3.1951795E+00
2026 07 25 13 57 00 000 1.1077727E+01 3.5632079E+00 -3.1901205E+00
2026 07 25 13 58 00 000 1.1067594E+01 3.5709162E+00 -3.1850345E+00
2026 07 25 13 59 00 000 1.1057425E+01 3.5786188E+00 -3.1799212E+00
2026 07 25 14 00 00 000 1.1047218E+01 3.5863171E+00 -3.1747825E+00
2026 07 25 14 01 00 000 1.1036979E+01 3.5940030E+00 -3.1696150E+00
2026 07 25 14 02 00 000 1.1026703E+01 3.6016884E+00 -3.1644225E+00
2026 07 25 14 03 00 000 1.1016393E+01 3.6093643E+00 -3.1592031E+00
2026 07 25 14 04 00 000 1.1006048E+01 3.6170306E+00 -3.1539557E+00
2026 07 25 14 05 00 000 1.0995667E+01 3.6246886E+00 -3.1486816E+00
2026 07 25 14 06 00 000 1.0985253E+01 3.6323416E+00 -3.1433811E+00
2026 07 25 14 07 00 000 1.0974802E+01 3.6399865E+00 -3.1380532E+00
2026 07 25 14 08 00 000 1.0964315E+01 3.6476238E+00 -3.1326985E+00
2026 07 25 14 09 00 000 1.0953794E+01 3.6552501E+00 -3.1273165E+00
2026 07 25 14 10 00 000 1.0943236E+01 3.6628730E+00 -3.1219089E+00
2026 07 25 14 11 00 000 1.0932645E+01 3.6704800E+00 -3.1164725E+00
2026 07 25 14 12 00 000 1.0922017E+01 3.6780851E+00 -3.1110103E+00
2026 07 25 14 13 00 000 1.0911354E+01 3.6856778E+00 -3.1055200E+00
2026 07 25 14 14 00 000 1.0900655E+01 3.6932647E+00 -3.1000040E+00
2026 07 25 14 15 00 000 1.0889920E+01 3.7008419E+00 -3.0944602E+00
2026 07 25 14 16 00 000 1.0879149E+01 3.7084095E+00 -3.0888891E+00
2026 07 25 14 17 00 000 1.0868345E+01 3.7159657E+00 -3.0832915E+00
2026 07 25 14 18 00 000 1.0857503E+01 3.7235177E+00 -3.0776672E+00
2026 07 25 14 19 00 000 1.0846627E+01 3.7310553E+00 -3.0720150E+00
2026 07 25 14 20 00 000 1.0835713E+01 3.7385850E+00 -3.0663364E+00
2026 07 25 14 21 00 000 1.0824765E+01 3.7461059E+00 -3.0606303E+00
2026 07 25 14 22 00 000 1.0813778E+01 3.7536166E+00 -3.0548978E+00
2026 07 25 14 23 00 000 1.0802756E+01 3.7611170E+00 -3.0491378E+00
2026 07 25 14 24 00 000 1.0791701E+01 3.7686069E+00 -3.0433507E+00
2026 07 25 14 25 00 000 1.0780607E+01 3.7760868E+00 -3.0375371E+00
2026 07 25 14 26 00 000 1.0769479E+01 3.7835529E+00 -3.0316951E+00
2026 07 25 14 27 00 000 1.0758311E+01 3.7910125E+00 -3.0258274E+00
2026 07 25 14 28 00 000 1.0747109E+01 3.7984622E+00 -3.0199325E+00
2026 07 25 14 29 00 000 1.0735873E+01 3.8058970E+00 -3.0140100E+00
2026 07 25 14 30 00 000 1.0724599E+01 3.8133202E+00 -3.0080605E+00
2026 07 25 14 31 00 000 1.0713289E+01 3.8207343E+00 -3.0020840E+00
2026 07 25 14 32 00 000 1.0701941E+01 3.8281372E+00 -2.9960809E+00
2026 07 25 14 33 00 000 1.0690557E+01 3.8355269E+00 -2.9900501E+00
2026 07 25 14 34 00 000 1.0679139E+01 3.8429046E+00 -2.9839928E+00
2026 07 25 14 35 00 000 1.0667681E+01 3.8502731E+00 -2.9779079E+00
2026 07 25 14 36 00 000 1.0656187E+01 3.8576303E+00 -2.9717972E+00
2026 07 25 14 37 00 000 1.0644658E+01 3.8649709E+00 -2.9656587E+00
2026 07 25 14 38 00 000 1.0633090E+01 3.8723049E+00 -2.9594936E+00
2026 07 25 14 39 00 000 1.0621487E+01 3.8796206E+00 -2.9533007E+00
2026 07 25 14 40 00 000 1.0609848E+01 3.8869238E+00 -2.9470818E+00
2026 07 25 14 41 00 000 1.0598170E+01 3.8942201E+00 -2.9408355E+00
2026 07 25 14 42 00 000 1.0586457E+01 3.9014966E+00 -2.9345624E+00
2026 07 25 14 43 00 000 1.0574705E+01 3.9087639E+00 -2.9282622E+00
2026 07 25 14 44 00 000 1.0562918E+01 3.9160168E+00 -2.9219358E+00
2026 07 25 14 45 00 000 1.0551092E+01 3.9232574E+00 -2.9155819E+00
2026 07 25 14 46 00 000 1.0539228E+01 3.9304864E+00 -2.9092019E+00
2026 07 25 14 47 00 000 1.0527332E+01 3.9376941E+00 -2.9027941E+00
2026 07 25 14 48 00 000 1.0515393E+01 3.9448924E+00 -2.8963599E+00
2026 07 25 14 49 00 000 1.0503419E+01 3.9520791E+00 -2.8898990E+00
2026 07 25 14 50 00 000 1.0491409E+01 3.9592469E+00 -2.8834116E+00
2026 07 25 14 51 00 000 1.0479360E+01 3.9664030E+00 -2.8768973E+00
2026 07 25 14 52 00 000 1.0467274E+01 3.9735441E+00 -2.8703566E+00
2026 07 25 14 53 00 000 1.0455150E+01 3.9806674E+00 -2.8637884E+00
2026 07 25 14 54 00 000 1.0442988E+01 3.9877791E+00 -2.8571937E+00
2026 07 25 14 55 00 000 1.0430789E+01 3.9948752E+00 -2.8505735E+00
2026 07 25 14 56 00 000 1.0418551E+01 4.0019569E+00 -2.8439260E+00
2026 07 25 14 57 00 000 1.0406277E+01 4.0090227E+00 -2.8372521E+00
2026 07 25 14 58 00 000 1.0393966E+01 4.0160704E+00 -2.8305511E+00
2026 07 25 14 59 00 000 1.0381615E+01 4.0231085E+00 -2.8238244E+00
2026 07 25 15 00 00 000 1.0369226E+01 4.0301232E+00 -2.8170712E+00
2026 07 25 15 01 00 000 1.0356800E+01 4.0371256E+00 -2.8102913E+00
2026 07 25 15 02 00 000 1.0344337E+01 4.0441098E+00 -2.8034844E+00
2026 07 25 15 03 00 000 1.0331835E+01 4.0510802E+00 -2.7966523E+00
2026 07 25 15 04 00 000 1.0319295E+01 4.0580339E+00 -2.7897937E+00
2026 07 25 15 05 00 000 1.0306716E+01 4.0649695E+00 -2.7829092E+00
2026 07 25 15 06 00 000 1.0294099E+01 4.0718894E+00 -2.7759976E+00
2026 07 25 15 07 00 000 1.0281444E+01 4.0787916E+00 -2.7690601E+00
2026 07 25 15 08 00 000 1.0268750E+01 4.0856762E+00 -2.7620966E+00
2026 07 25 15 09 00 000 1.0256019E+01 4.0925426E+00 -2.7551074E+00
2026 07 25 15 10 00 000 1.0243248E+01 4.0993958E+00 -2.7480919E+00
2026 07 25 15 11 00 000 1.0230438E+01 4.1062255E+00 -2.7410502E+00
2026 07 25 15 12 00 000 1.0217590E+01 4.1130404E+00 -2.7339826E+00
2026 07 25 15 13 00 000 1.0204703E+01 4.1198382E+00 -2.7268894E+00
2026 07 25 15 14 00 000 1.0191780E+01 4.1266127E+00 -2.7197700E+00
2026 07 25 15 15 00 000 1.0178814E+01 4.1333737E+00 -2.7126248E+00
2026 07 25 15 16 00 000 1.0165812E+01 4.1401148E+00 -2.7054539E+00
2026 07 25 15 17 00 000 1.0152769E+01 4.1468368E+00 -2.6982574E+00
2026 07 25 15 18 00 000 1.0139688E+01 4.1535401E+00 -2.6910353E+00
2026 07 25 15 19 00 000 1.0126568E+01 4.1602244E+00 -2.6837881E+00
2026 07 25 15 20 00 000 1.0113409E+01 4.1668897E+00 -2.6765146E+00
2026 07 25 15 21 00 000 1.0100211E+01 4.1735330E+00 -2.6692159E+00
2026 07 25 15 22 00 000 1.0086972E+01 4.1801610E+00 -2.6618917E+00
2026 07 25 15 23 00 000 1.0073696E+01 4.1867647E+00 -2.6545424E+00
2026 07 25 15 24 00 000 1.0060379E+01 4.1933522E+00 -2.6471677E+00
2026 07 25 15 25 00 000 1.0047024E+01 4.1999154E+00 -2.6397672E+00
2026 07 25 15 26 00 000 1.0033628E+01 4.2064610E+00 -2.6323423E+00
2026 07 25 15 27 00 000 1.0020192E+01 4.2129865E+00 -2.6248925E+00
2026 07 25 15 28 00 000 1.0006716E+01 4.2194924E+00 -2.6174171E+00
2026 07 25 15 29 00 000 9.9932013E+00 4.2259746E+00 -2.6099167E+00
2026 07 25 15 30 00 000 9.9796467E+00 4.2324395E+00 -2.6023917E+00
2026 07 25 15 31 00 000 9.9660540E+00 4.2388783E+00 -2.5948417E+00
2026 07 25 15 32 00 000 9.9524202E+00 4.2452955E+00 -2.5872664E+00
2026 07 25 15 33 00 000 9.9387445E+00 4.2516975E+00 -2.5796676E+00
2026 07 25 15 34 00 000 9.9250298E+00 4.2580705E+00 -2.5720427E+00
2026 07 25 15 35 00 000 9.9112749E+00 4.2644281E+00 -2.5643947E+00
2026 07 25 15 36 00 000 9.8974810E+00 4.2707591E+00 -2.5567214E+00
2026 07 25 15 37 00 000 9.8836460E+00 4.2770667E+00 -2.5490236E+00
2026 07 25 15 38 00 000 9.8697701E+00 4.2833552E+00 -2.5413013E+00
2026 07 25 15 39 00 000 9.8558540E+00 4.2896194E+00 -2.5335550E+00
2026 07 25 15 40 00 000 9.8418961E+00 4.2958646E+00 -2.5257850E+00
2026 07 25 15 41 00 000 9.8278999E+00 4.3020816E+00 -2.5179904E+00
2026 07 25 15 42 00 000 9.8138628E+00 4.3082771E+00 -2.5101719E+00
2026 07 25 15 43 00 000 9.7997828E+00 4.3144503E+00 -2.5023293E+00
2026 07 25 15 44 00 000 9.7856646E+00 4.3205972E+00 -2.4944627E+00
2026 07 25 15 45 00 000 9.7715044E+00 4.3267236E+00 -2.4865725E+00
2026 07 25 15 46 00 000 9.7573013E+00 4.3328257E+00 -2.4786582E+00
2026 07 25 15 47 00 000 9.7430592E+00 4.3389015E+00 -2.4707205E+00
2026 07 25 15 48 00 000 9.7287769E+00 4.3449526E+00 -2.4627597E+00
2026 07 25 15 49 00 000 9.7144508E+00 4.3509851E+00 -2.4547756E+00
2026 07 25 15 50 00 000 9.7000856E+00 4.3569875E+00 -2.4467676E+00
2026 07 25 15 51 00 000 9.6856775E+00 4.3629694E+00 -2.4387362E+00
2026 07 25 15 52 00 000 9.6712303E+00 4.3689208E+00 -2.4306815E+00
2026 07 25 15 53 00 000 9.6567373E+00 4.3748503E+00 -2.4226038E+00
2026 07 25 15 54 00 000 9.6422071E+00 4.3807540E+00 -2.4145033E+00
2026 07 25 15 55 00 000 9.6276331E+00 4.3866305E+00 -2.4063797E+00
2026 07 25 15 56 00 000 9.6130180E+00 4.3924828E+00 -2.3982337E+00
2026 07 25 15 57 00 000 9.5983601E+00 4.3983097E+00 -2.3900642E+00
2026 07 25 15 58 00 000 9.5836620E+00 4.4041085E+00 -2.3818727E+00
2026 07 25 15 59 00 000 9.5689192E+00 4.4098864E+00 -2.3736589E+00
2026 07 25 16 00 00 000 9.5541372E+00 4.4156322E+00 -2.3654218E+00
2026 07 25 16 01 00 000 9.5393105E+00 4.4213543E+00 -2.3571625E+00
2026 07 25 16 02 00 000 9.5244427E+00 4.4270468E+00 -2.3488812E+00
2026 07 25 16 03 00 000 9.5095320E+00 4.4327154E+00 -2.3405781E+00
2026 07 25 16 04 00 000 9.4945803E+00 4.4383554E+00 -2.3322523E+00
2026 07 25 16 05 00 000 9.4795856E+00 4.4439678E+00 -2.3239045E+00
2026 07 25 16 06 00 000 9.4645472E+00 4.4495530E+00 -2.3155353E+00
2026 07 25 16 07 00 000 9.4494677E+00 4.4551105E+00 -2.3071439E+00
2026 07 25 16 08 00 000 9.4343452E+00 4.4606390E+00 -2.2987313E+00
2026 07 25 16 09 00 000 9.4191780E+00 4.4661407E+00 -2.2902968E+00
2026 07 25 16 10 00 000 9.4039698E+00 4.4716144E+00 -2.2818413E+00
2026 07 25 16 11 00 000 9.3887167E+00 4.4770608E+00 -2.2733645E+00
2026 07 25 16 12 00 000 9.3734226E+00 4.4824758E+00 -2.2648664E+00
2026 07 25 16 13 00 000 9.3580847E+00 4.4878626E+00 -2.2563465E+00
2026 07 25 16 14 00 000 9.3427038E+00 4.4932194E+00 -2.2478063E+00
2026 07 25 16 15 00 000 9.3272772E+00 4.4985485E+00 -2.2392447E+00
2026 07 25 16 16 00 000 9.3118105E+00 4.5038457E+00 -2.2306631E+00
2026 07 25 16 17 00 000 9.2962980E+00 4.5091176E+00 -2.2220600E+00
2026 07 25 16 18 00 000 9.2807426E+00 4.5143576E+00 -2.2134373E+00
2026 07 25 16 19 00 000 9.2651434E+00 4.5195694E+00 -2.2047935E+00
2026 07 25 16 20 00 000 9.2495003E+00 4.5247474E+00 -2.1961291E+00
2026 07 25 16 21 00 000 9.2338133E+00 4.5299001E+00 -2.1874452E+00
2026 07 25 16 22 00 000 9.2180824E+00 4.5350175E+00 -2.1787410E+00
2026 07 25 16 23 00 000 9.2023067E+00 4.5401044E+00 -2.1700161E+00
2026 07 25 16 24 00 000 9.1864882E+00 4.5451622E+00 -2.1612730E+00
2026 07 25 16 25 00 000 9.1706257E+00 4.5501876E+00 -2.1525090E+00
2026 07 25 16 26 00 000 9.1547165E+00 4.5551825E+00 -2.1437249E+00
2026 07 25 16 27 00 000 9.1387625E+00 4.5601497E+00 -2.1349225E+00
2026 07 25 16 28 00 000 9.1227665E+00 4.5650792E+00 -2.1261003E+00
2026 07 25 16 29 00 000 9.1067228E+00 4.5699825E+00 -2.1172585E+00
2026 07 25 16 30 00 000 9.0906391E+00 4.5748463E+00 -2.1083982E+00
2026 07 25 16 31 00 000 9.0745068E+00 4.5796838E+00 -2.0995188E+00
2026 07 25 16 32 00 000 9.0583286E+00 4.5844893E+00 -2.0906203E+00
2026 07 25 16 33 00 000 9.0421095E+00 4.5892587E+00 -2.0817032E+00
2026 07 25 16 34 00 000 9.0258398E+00 4.5939999E+00 -2.0727675E+00
2026 07 25 16 35 00 000 9.0095291E+00 4.5987058E+00 -2.0638130E+00
2026 07 25 16 36 00 000 8.9931726E+00 4.6033726E+00 -2.0548403E+00
2026 07 25 16 37 00 000 8.9767685E+00 4.6080122E+00 -2.0458496E+00
2026 07 25 16 38 00 000 8.9603205E+00 4.6126184E+00 -2.0368412E+00
2026 07 25 16 39 00 000 8.9438257E+00 4.6171899E+00 -2.0278144E+00
2026 07 25 16 40 00 000 8.9272852E+00 4.6217279E+00 -2.0187695E+00
2026 07 25 16 41 00 000 8.9106998E+00 4.6262298E+00 -2.0097075E+00
2026 07 25 16 42 00 000 8.8940678E+00 4.6307006E+00 -2.0006275E+00
2026 07 25 16 43 00 000 8.8773909E+00 4.6351352E+00 -1.9915304E+00
2026 07 25 16 44 00 000 8.8606644E+00 4.6395354E+00 -1.9824151E+00
2026 07 25 16 45 00 000 8.8438940E+00 4.6439013E+00 -1.9732838E+00
2026 07 25 16 46 00 000 8.8270769E+00 4.6482301E+00 -1.9641355E+00
2026 07 25 16 47 00 000 8.8102131E+00 4.6525249E+00 -1.9549696E+00
2026 07 25 16 48 00 000 8.7933025E+00 4.6567850E+00 -1.9457873E+00
2026 07 25 16 49 00 000 8.7763472E+00 4.6610074E+00 -1.9365889E+00
2026 07 25 16 50 00 000 8.7593412E+00 4.6651978E+00 -1.9273733E+00
2026 07 25 16 51 00 000 8.7422915E+00 4.6693478E+00 -1.9181420E+00
2026 07 25 16 52 00 000 8.7251911E+00 4.6734667E+00 -1.9088942E+00
2026 07 25 16 53 00 000 8.7080469E+00 4.6775432E+00 -1.8996303E+00
2026 07 25 16 54 00 000 8.6908531E+00 4.6815867E+00 -1.8903505E+00
2026 07 25 16 55 00 000 8.6736126E+00 4.6855931E+00 -1.8810550E+00
2026 07 25 16 56 00 000 8.6563244E+00 4.6895618E+00 -1.8717442E+00
2026 07 25 16 57 00 000 8.6389875E+00 4.6934948E+00 -1.8624175E+00
2026 07 25 16 58 00 000 8.6216078E+00 4.6973839E+00 -1.8530760E+00
2026 07 25 16 59 00 000 8.6041756E+00 4.7012420E+00 -1.8437195E+00
2026 07 25 17 00 00 000 8.5866957E+00 4.7050638E+00 -1.8343474E+00
2026 07 25 17 01 00 000 8.5691690E+00 4.7088432E+00 -1.8249606E+00
2026 07 25 17 02 00 000 8.5515928E+00 4.7125869E+00 -1.8155596E+00
2026 07 25 17 03 00 000 8.5339689E+00 4.7162914E+00 -1.8061434E+00
2026 07 25 17 04 00 000 8.5162954E+00 4.7199564E+00 -1.7967131E+00
2026 07 25 17 05 00 000 8.4985733E+00 4.7235866E+00 -1.7872685E+00
2026 07 25 17 06 00 000 8.4808025E+00 4.7271757E+00 -1.7778100E+00
2026 07 25 17 07 00 000 8.4629831E+00 4.7307248E+00 -1.7683369E+00
2026 07 25 17 08 00 000 8.4451160E+00 4.7342339E+00 -1.7588506E+00
2026 07 25 17 09 00 000 8.4271984E+00 4.7377062E+00 -1.7493502E+00
2026 07 25 17 10 00 000 8.4092321E+00 4.7411346E+00 -1.7398374E+00
2026 07 25 17 11 00 000 8.3912144E+00 4.7445283E+00 -1.7303101E+00
2026 07 25 17 12 00 000 8.3731499E+00 4.7478766E+00 -1.7207702E+00
2026 07 25 17 13 00 000 8.3550339E+00 4.7511888E+00 -1.7112170E+00
2026 07 25 17 14 00 000 8.3368702E+00 4.7544575E+00 -1.7016513E+00
2026 07 25 17 15 00 000 8.3186531E+00 4.7576900E+00 -1.6920724E+00
2026 07 25 17 16 00 000 8.3003893E+00 4.7608776E+00 -1.6824815E+00
2026 07 25 17 17 00 000 8.2820730E+00 4.7640252E+00 -1.6728778E+00
2026 07 25 17 18 00 000 8.2637072E+00 4.7671313E+00 -1.6632619E+00
2026 07 25 17 19 00 000 8.2452917E+00 4.7701945E+00 -1.6536342E+00
2026 07 25 17 20 00 000 8.2268248E+00 4.7732205E+00 -1.6439945E+00
2026 07 25 17 21 00 000 8.2083082E+00 4.7761998E+00 -1.6343429E+00
2026 07 25 17 22 00 000 8.1897402E+00 4.7791371E+00 -1.6246798E+00
2026 07 25 17 23 00 000 8.1711197E+00 4.7820363E+00 -1.6150049E+00
2026 07 25 17 24 00 000 8.1524496E+00 4.7848887E+00 -1.6053190E+00
2026 07 25 17 25 00 000 8.1337271E+00 4.7877016E+00 -1.5956221E+00
2026 07 25 17 26 00 000 8.1149530E+00 4.7904706E+00 -1.5859139E+00
2026 07 25 17 27 00 000 8.0961285E+00 4.7931967E+00 -1.5761956E+00
2026 07 25 17 28 00 000 8.0772514E+00 4.7958770E+00 -1.5664656E+00
2026 07 25 17 29 00 000 8.0583229E+00 4.7985177E+00 -1.5567261E+00
2026 07 25 17 30 00 000 8.0393419E+00 4.8011122E+00 -1.5469760E+00
2026 07 25 17 31 00 000 8.0203085E+00 4.8036642E+00 -1.5372156E+00
2026 07 25 17 32 00 000 8.0012236E+00 4.8061709E+00 -1.5274456E+00
2026 07 25 17 33 00 000 7.9820862E+00 4.8086324E+00 -1.5176654E+00
2026 07 25 17 34 00 000 7.9628959E+00 4.8110514E+00 -1.5078762E+00
2026 07 25 17 35 00 000 7.9436536E+00 4.8134236E+00 -1.4980769E+00
2026 07 25 17 36 00 000 7.9243565E+00 4.8157530E+00 -1.4882683E+00
2026 07 25 17 37 00 000 7.9050088E+00 4.8180342E+00 -1.4784509E+00
2026 07 25 17 38 00 000 7.8856053E+00 4.8202724E+00 -1.4686246E+00
2026 07 25 17 39 00 000 7.8661513E+00 4.8224649E+00 -1.4587890E+00
2026 07 25 17 40 00 000 7.8466411E+00 4.8246117E+00 -1.4489450E+00
2026 07 25 17 41 00 000 7.8270779E+00 4.8267121E+00 -1.4390929E+00
2026 07 25 17 42 00 000 7.8074613E+00 4.8287668E+00 -1.4292318E+00
2026 07 25 17 43 00 000 7.7877889E+00 4.8307757E+00 -1.4193633E+00
2026 07 25 17 44 00 000 7.7680645E+00 4.8327365E+00 -1.4094864E+00
2026 07 25 17 45 00 000 7.7482843E+00 4.8346510E+00 -1.3996018E+00
2026 07 25 17 46 00 000 7.7284517E+00 4.8365164E+00 -1.3897097E+00
2026 07 25 17 47 00 000 7.7085648E+00 4.8383341E+00 -1.3798105E+00
2026 07 25 17 48 00 000 7.6886196E+00 4.8401093E+00 -1.3699033E+00
2026 07 25 17 49 00 000 7.6686206E+00 4.8418336E+00 -1.3599892E+00
2026 07 25 17 50 00 000 7.6485677E+00 4.8435092E+00 -1.3500686E+00
2026 07 25 17 51 00 000 7.6284580E+00 4.8451376E+00 -1.3401412E+00
2026 07 25 17 52 00 000 7.6082940E+00 4.8467174E+00 -1.3302069E+00
2026 07 25 17 53 00 000 7.5880723E+00 4.8482490E+00 -1.3202659E+00
2026 07 25 17 54 00 000 7.5677967E+00 4.8497310E+00 -1.3103191E+00
2026 07 25 17 55 00 000 7.5474648E+00 4.8511643E+00 -1.3003663E+00
2026 07 25 17 56 00 000 7.5270762E+00 4.8525500E+00 -1.2904075E+00
2026 07 25 17 57 00 000 7.5066323E+00 4.8538828E+00 -1.2804431E+00
2026 07 25 17 58 00 000 7.4861312E+00 4.8551669E+00 -1.2704730E+00
2026 07 25 17 59 00 000 7.4655714E+00 4.8564029E+00 -1.2604967E+00
2026 07 25 18 00 00 000 7.4449568E+00 4.8575864E+00 -1.2505164E+00
2026 07 25 18 01 00 000 7.4242859E+00 4.8587189E+00 -1.2405311E+00
2026 07 25 18 02 00 000 7.4035559E+00 4.8598032E+00 -1.2305408E+00
2026 07 25 18 03 00 000 7.3827691E+00 4.8608351E+00 -1.2205454E+00
2026 07 25 18 04 00 000 7.3619237E+00 4.8618169E+00 -1.2105460E+00
2026 07 25 18 05 00 000 7.3410215E+00 4.8627462E+00 -1.2005417E+00
2026 07 25 18 06 00 000 7.3200598E+00 4.8636241E+00 -1.1905333E+00
2026 07 25 18 07 00 000 7.2990422E+00 4.8644495E+00 -1.1805218E+00
2026 07 25 18 08 00 000 7.2779655E+00 4.8652239E+00 -1.1705058E+00
2026 07 25 18 09 00 000 7.2568293E+00 4.8659458E+00 -1.1604862E+00
2026 07 25 18 10 00 000 7.2356324E+00 4.8666172E+00 -1.1504632E+00
2026 07 25 18 11 00 000 7.2143798E+00 4.8672309E+00 -1.1404369E+00
2026 07 25 18 12 00 000 7.1930661E+00 4.8677964E+00 -1.1304075E+00
2026 07 25 18 13 00 000 7.1716943E+00 4.8683047E+00 -1.1203758E+00
2026 07 25 18 14 00 000 7.1502628E+00 4.8687592E+00 -1.1103407E+00
2026 07 25 18 15 00 000 7.1287694E+00 4.8691645E+00 -1.1003032E+00
2026 07 25 18 16 00 000 7.1072173E+00 4.8695126E+00 -1.0902636E+00
2026 07 25 18 17 00 000 7.0856056E+00 4.8698049E+00 -1.0802217E+00
2026 07 25 18 18 00 000 7.0639329E+00 4.8700442E+00 -1.0701777E+00
2026 07 25 18 19 00 000 7.0422006E+00 4.8702278E+00 -1.0601320E+00
2026 07 25 18 20 00 000 7.0204043E+00 4.8703580E+00 -1.0500841E+00
2026 07 25 18 21 00 000 6.9985499E+00 4.8704300E+00 -1.0400355E+00
2026 07 25 18 22 00 000 6.9766326E+00 4.8704495E+00 -1.0299848E+00
2026 07 25 18 23 00 000 6.9546537E+00 4.8704133E+00 -1.0199336E+00
2026 07 25 18 24 00 000 6.9326158E+00 4.8703156E+00 -1.0098819E+00
2026 07 25 18 25 00 000 6.9105124E+00 4.8701658E+00 -9.9982822E-01
2026 07 25 18 26 00 000 6.8883491E+00 4.8699579E+00 -9.8977524E-01
2026 07 25 18 27 00 000 6.8661213E+00 4.8696957E+00 -9.7972089E-01
2026 07 25 18 28 00 000 6.8438311E+00 4.8693738E+00 -9.6966618E-01
2026 07 25 18 29 00 000 6.8214803E+00 4.8689928E+00 -9.5961207E-01
2026 07 25 18 30 00 000 6.7990651E+00 4.8685555E+00 -9.4955772E-01
2026 07 25 18 31 00 000 6.7765865E+00 4.8680601E+00 -9.3950427E-01
2026 07 25 18 32 00 000 6.7540441E+00 4.8675065E+00 -9.2945099E-01
2026 07 25 18 33 00 000 6.7314382E+00 4.8668947E+00 -9.1939813E-01
2026 07 25 18 34 00 000 6.7087674E+00 4.8662224E+00 -9.0934622E-01
2026 07 25 18 35 00 000 6.6860328E+00 4.8654914E+00 -8.9929545E-01
2026 07 25 18 36 00 000 6.6632352E+00 4.8646998E+00 -8.8924623E-01
2026 07 25 18 37 00 000 6.6403699E+00 4.8638515E+00 -8.7919778E-01
2026 07 25 18 38 00 000 6.6174426E+00 4.8629394E+00 -8.6915159E-01
2026 07 25 18 39 00 000 6.5944471E+00 4.8619699E+00 -8.5910642E-01
2026 07 25 18 40 00 000 6.5713897E+00 4.8609343E+00 -8.4906429E-01
2026 07 25 18 41 00 000 6.5482650E+00 4.8598418E+00 -8.3902377E-01
2026 07 25 18 42 00 000 6.5250726E+00 4.8586869E+00 -8.2898527E-01
2026 07 25 18 43 00 000 6.5018153E+00 4.8574696E+00 -8.1894928E-01
2026 07 25 18 44 00 000 6.4784913E+00 4.8561916E+00 -8.0891639E-01
2026 07 25 18 45 00 000 6.4551005E+00 4.8548512E+00 -7.9888600E-01
2026 07 25 18 46 00 000 6.4316430E+00 4.8534446E+00 -7.8885919E-01
2026 07 25 18 47 00 000 6.4081187E+00 4.8519783E+00 -7.7883536E-01
2026 07 25 18 48 00 000 6.3845248E+00 4.8504477E+00 -7.6881456E-01
2026 07 25 18 49 00 000 6.3608637E+00 4.8488545E+00 -7.5879717E-01
2026 07 25 18 50 00 000 6.3371348E+00 4.8471956E+00 -7.4878424E-01
2026 07 25 18 51 00 000 6.3133388E+00 4.8454719E+00 -7.3877567E-01
2026 07 25 18 52 00 000 6.2894716E+00 4.8436856E+00 -7.2877014E-01
2026 07 25 18 53 00 000 6.2655377E+00 4.8418317E+00 -7.1876991E-01
2026 07 25 18 54 00 000 6.2415333E+00 4.8399153E+00 -7.0877361E-01
2026 07 25 18 55 00 000 6.2174587E+00 4.8379307E+00 -6.9878191E-01
2026 07 25 18 56 00 000 6.1933160E+00 4.8358793E+00 -6.8879563E-01
2026 07 25 18 57 00 000 6.1691022E+00 4.8337617E+00 -6.7881411E-01
2026 07 25 18 58 00 000 6.1448183E+00 4.8315787E+00 -6.6883802E-01
2026 07 25 18 59 00 000 6.1204624E+00 4.8293295E+00 -6.5886706E-01
2026 07 25 19 00 00 000 6.0960374E+00 4.8270082E+00 -6.4890248E-01
2026 07 25 19 01 00 000 6.0715528E+00 4.8246193E+00 -6.3889784E-01
2026 07 25 19 02 00 000 6.0469828E+00 4.8221650E+00 -6.2894428E-01
2026 07 25 19 03 00 000 6.0223417E+00 4.8196406E+00 -6.1899751E-01
2026 07 25 19 04 00 000 5.9976296E+00 4.8170447E+00 -6.0905707E-01
2026 07 25 19 05 00 000 5.9728451E+00 4.8143806E+00 -5.9912330E-01
2026 07 25 19 06 00 000 5.9479871E+00 4.8116479E+00 -5.8919626E-01
2026 07 25 19 07 00 000 5.9230561E+00 4.8088431E+00 -5.7927620E-01
2026 07 25 19 08 00 000 5.8980498E+00 4.8059683E+00 -5.6936306E-01
2026 07 25 19 09 00 000 5.8729701E+00 4.8030233E+00 -5.5945683E-01
2026 07 25 19 10 00 000 5.8478193E+00 4.8000040E+00 -5.4955941E-01
2026 07 25 19 11 00 000 5.8225932E+00 4.7969112E+00 -5.3966904E-01
2026 07 25 19 12 00 000 5.7972913E+00 4.7937474E+00 -5.2978671E-01
2026 07 25 19 13 00 000 5.7719150E+00 4.7905107E+00 -5.1991230E-01
2026 07 25 19 14 00 000 5.7464604E+00 4.7872024E+00 -5.1004606E-01
2026 07 25 19 15 00 000 5.7209330E+00 4.7838173E+00 -5.0018895E-01
2026 07 25 19 16 00 000 5.6953278E+00 4.7803597E+00 -4.9033946E-01
2026 07 25 19 17 00 000 5.6696482E+00 4.7768240E+00 -4.8049971E-01
2026 07 25 19 18 00 000 5.6438918E+00 4.7732139E+00 -4.7066948E-01
2026 07 25 19 19 00 000 5.6180558E+00 4.7695303E+00 -4.6084732E-01
2026 07 25 19 20 00 000 5.5921435E+00 4.7657685E+00 -4.5103544E-01
2026 07 25 19 21 00 000 5.5661535E+00 4.7619290E+00 -4.4123304E-01
2026 07 25 19 22 00 000 5.5400853E+00 4.7580123E+00 -4.3144041E-01
2026 07 25 19 23 00 000 5.5139389E+00 4.7540178E+00 -4.2165834E-01
2026 07 25 19 24 00 000 5.4877114E+00 4.7499466E+00 -4.1188550E-01
2026 07 25 19 25 00 000 5.4614053E+00 4.7457952E+00 -4.0212405E-01
2026 07 25 19 26 00 000 5.4350209E+00 4.7415638E+00 -3.9237303E-01
2026 07 25 19 27 00 000 5.4085546E+00 4.7372532E+00 -3.8263261E-01
2026 07 25 19 28 00 000 5.3820105E+00 4.7328596E+00 -3.7290400E-01
2026 07 25 19 29 00 000 5.3553824E+00 4.7283874E+00 -3.6318561E-01
2026 07 25 19 30 00 000 5.3286738E+00 4.7238336E+00 -3.5347930E-01
2026 07 25 19 31 00 000 5.3018847E+00 4.7191954E+00 -3.4378472E-01
2026 07 25 19 32 00 000 5.2750115E+00 4.7144766E+00 -3.3410141E-01
2026 07 25 19 33 00 000 5.2480583E+00 4.7096720E+00 -3.2443136E-01
2026 07 25 19 34 00 000 5.2210197E+00 4.7047853E+00 -3.1477323E-01
2026 07 25 19 35 00 000 5.1938992E+00 4.6998134E+00 -3.0512682E-01
2026 07 25 19 36 00 000 5.1666946E+00 4.6947560E+00 -2.9549348E-01
2026 07 25 19 37 00 000 5.1394053E+00 4.6896129E+00 -2.8587306E-01
2026 07 25 19 38 00 000 5.1120319E+00 4.6843839E+00 -2.7626634E-01
2026 07 25 19 39 00 000 5.0845742E+00 4.6790638E+00 -2.6667267E-01
2026 07 25 19 40 00 000 5.0570297E+00 4.6736598E+00 -2.5709233E-01
2026 07 25 19 41 00 000 5.0293994E+00 4.6681666E+00 -2.4752580E-01
2026 07 25 19 42 00 000 5.0016837E+00 4.6625838E+00 -2.3797421E-01
2026 07 25 19 43 00 000 4.9738817E+00 4.6569090E+00 -2.2843626E-01
2026 07 25 19 44 00 000 4.9459901E+00 4.6511474E+00 -2.1891201E-01
2026 07 25 19 45 00 000 4.9180136E+00 4.6452913E+00 -2.0940369E-01
2026 07 25 19 46 00 000 4.8899469E+00 4.6393452E+00 -1.9990954E-01
2026 07 25 19 47 00 000 4.8617921E+00 4.6333055E+00 -1.9043057E-01
2026 07 25 19 48 00 000 4.8335471E+00 4.6271734E+00 -1.8096687E-01
2026 07 25 19 49 00 000 4.8052144E+00 4.6209440E+00 -1.7151907E-01
2026 07 25 19 50 00 000 4.7767911E+00 4.6146221E+00 -1.6208750E-01
2026 07 25 19 51 00 000 4.7482767E+00 4.6082053E+00 -1.5267108E-01
2026 07 25 19 52 00 000 4.7196717E+00 4.6016893E+00 -1.4327149E-01
2026 07 25 19 53 00 000 4.6909738E+00 4.5950770E+00 -1.3388816E-01
2026 07 25 19 54 00 000 4.6621857E+00 4.5883660E+00 -1.2452191E-01
2026 07 25 19 55 00 000 4.6333036E+00 4.5815558E+00 -1.1517253E-01
2026 07 25 19 56 00 000 4.6043301E+00 4.5746450E+00 -1.0584069E-01
2026 07 25 19 57 00 000 4.5752625E+00 4.5676336E+00 -9.6526369E-02
2026 07 25 19 58 00 000 4.5460992E+00 4.5605221E+00 -8.7229401E-02
2026 07 25 19 59 00 000 4.5168428E+00 4.5533071E+00 -7.7950642E-02
2026 07 25 20 00 00 000 4.4874916E+00 4.5459871E+00 -6.8690427E-02
2026 07 25 20 01 00 000 4.4580436E+00 4.5385647E+00 -5.9448682E-02
2026 07 25 20 02 00 000 4.4284987E+00 4.5310364E+00 -5.0225217E-02
2026 07 25 20 03 00 000 4.3988590E+00 4.5234003E+00 -4.1021641E-02
2026 07 25 20 04 00 000 4.3691211E+00 4.5156569E+00 -3.1837415E-02
2026 07 25 20 05 00 000 4.3392844E+00 4.5078068E+00 -2.2672007E-02
2026 07 25 20 06 00 000 4.3093514E+00 4.4998460E+00 -1.3527138E-02
2026 07 25 20 07 00 000 4.2793164E+00 4.4917750E+00 -4.4017355E-03
2026 07 25 20 08 00 000 4.2491841E+00 4.4835925E+00 4.7025909E-03
2026 07 25 20 09 00 000 4.2189493E+00 4.4752984E+00 1.3786300E-02
2026 07 25 20 10 00 000 4.1886168E+00 4.4668875E+00 2.2848397E-02
2026 07 25 20 11 00 000 4.1581807E+00 4.4583640E+00 3.1889684E-02
2026 07 25 20 12 00 000 4.1276431E+00 4.4497242E+00 4.0909477E-02
2026 07 25 20 13 00 000 4.0970006E+00 4.4409685E+00 4.9907580E-02
2026 07 25 20 14 00 000 4.0662584E+00 4.4320927E+00 5.8882724E-02
2026 07 25 20 15 00 000 4.0354109E+00 4.4230967E+00 6.7836031E-02
2026 07 25 20 16 00 000 4.0044584E+00 4.4139819E+00 7.6766036E-02
2026 07 25 20 17 00 000 3.9734008E+00 4.4047441E+00 8.5672818E-02
2026 07 25 20 18 00 000 3.9422374E+00 4.3953834E+00 9.4556153E-02
2026 07 25 20 19 00 000 3.9109678E+00 4.3858976E+00 1.0341572E-01
2026 07 25 20 20 00 000 3.8795907E+00 4.3762865E+00 1.1225104E-01
2026 07 25 20 21 00 000 3.8481076E+00 4.3665462E+00 1.2106114E-01
2026 07 25 20 22 00 000 3.8165138E+00 4.3566785E+00 1.2984717E-01
2026 07 25 20 23 00 000 3.7848120E+00 4.3466816E+00 1.3860731E-01
2026 07 25 20 24 00 000 3.7529981E+00 4.3365517E+00 1.4734295E-01
2026 07 25 20 25 00 000 3.7210774E+00 4.3262873E+00 1.5605092E-01
2026 07 25 20 26 00 000 3.6890433E+00 4.3158908E+00 1.6473338E-01
2026 07 25 20 27 00 000 3.6568975E+00 4.3053565E+00 1.7338924E-01
2026 07 25 20 28 00 000 3.6246393E+00 4.2946854E+00 1.8201785E-01
2026 07 25 20 29 00 000 3.5922668E+00 4.2838750E+00 1.9061880E-01
2026 07 25 20 30 00 000 3.5597801E+00 4.2729235E+00 1.9919161E-01
2026 07 25 20 31 00 000 3.5271795E+00 4.2618284E+00 2.0773627E-01
2026 07 25 20 32 00 000 3.4944644E+00 4.2505884E+00 2.1625149E-01
2026 07 25 20 33 00 000 3.4616303E+00 4.2392035E+00 2.2473817E-01
2026 07 25 20 34 00 000 3.4286795E+00 4.2276716E+00 2.3319511E-01
2026 07 25 20 35 00 000 3.3956120E+00 4.2159882E+00 2.4162161E-01
2026 07 25 20 36 00 000 3.3624241E+00 4.2041545E+00 2.5001770E-01
2026 07 25 20 37 00 000 3.3291183E+00 4.1921654E+00 2.5838229E-01
2026 07 25 20 38 00 000 3.2956929E+00 4.1800203E+00 2.6671502E-01
2026 07 25 20 39 00 000 3.2621439E+00 4.1677198E+00 2.7501661E-01
2026 07 25 20 40 00 000 3.2284751E+00 4.1552582E+00 2.8328466E-01
2026 07 25 20 41 00 000 3.1946816E+00 4.1426358E+00 2.9152015E-01
2026 07 25 20 42 00 000 3.1607656E+00 4.1298494E+00 2.9972193E-01
2026 07 25 20 43 00 000 3.1267271E+00 4.1168947E+00 3.0788881E-01
2026 07 25 20 44 00 000 3.0925608E+00 4.1037736E+00 3.1602162E-01
2026 07 25 20 45 00 000 3.0582700E+00 4.0904813E+00 3.2411823E-01
2026 07 25 20 46 00 000 3.0238502E+00 4.0770164E+00 3.3217981E-01
2026 07 25 20 47 00 000 2.9893045E+00 4.0633755E+00 3.4020403E-01
2026 07 25 20 48 00 000 2.9546306E+00 4.0495553E+00 3.4819087E-01
2026 07 25 20 49 00 000 2.9198251E+00 4.0355568E+00 3.5614082E-01
2026 07 25 20 50 00 000 2.8848903E+00 4.0213737E+00 3.6405119E-01
2026 07 25 20 51 00 000 2.8498242E+00 4.0070052E+00 3.7192294E-01
2026 07 25 20 52 00 000 2.8146241E+00 3.9924493E+00 3.7975496E-01
2026 07 25 20 53 00 000 2.7792933E+00 3.9776998E+00 3.8754565E-01
2026 07 25 20 54 00 000 2.7438273E+00 3.9627566E+00 3.9529529E-01
2026 07 25 20 55 00 000 2.7082264E+00 3.9476163E+00 4.0300259E-01
2026 07 25 20 56 00 000 2.6724896E+00 3.9322765E+00 4.1066736E-01
2026 07 25 20 57 00 000 2.6366160E+00 3.9167321E+00 4.1828799E-01
2026 07 25 20 58 00 000 2.6006036E+00 3.9009824E+00 4.2586464E-01
2026 07 25 20 59 00 000 2.5644546E+00 3.8850212E+00 4.3339470E-01
2026 07 25 21 00 00 000 2.5281646E+00 3.8688471E+00 4.4087905E-01
2026 07 25 21 01 00 000 2.4917352E+00 3.8524551E+00 4.4831553E-01
2026 07 25 21 02 00 000 2.4551620E+00 3.8358443E+00 4.5570451E-01
2026 07 25 21 03 00 000 2.4184480E+00 3.8190091E+00 4.6304414E-01
2026 07 25 21 04 00 000 2.3815911E+00 3.8019452E+00 4.7033292E-01
2026 07 25 21 05 00 000 2.3445880E+00 3.7846508E+00 4.7757134E-01
2026 07 25 21 06 00 000 2.3074419E+00 3.7671177E+00 4.8475605E-01
2026 07 25 21 07 00 000 2.2701483E+00 3.7493467E+00 4.9188808E-01
2026 07 25 21 08 00 000 2.2327073E+00 3.7313323E+00 4.9896535E-01
2026 07 25 21 09 00 000 2.1951177E+00 3.7130694E+00 5.0598705E-01
2026 07 25 21 10 00 000 2.1573796E+00 3.6945522E+00 5.1295131E-01
2026 07 25 21 11 00 000 2.1194913E+00 3.6757777E+00 5.1985681E-01
2026 07 25 21 12 00 000 2.0814512E+00 3.6567416E+00 5.2670336E-01
2026 07 25 21 13 00 000 2.0432601E+00 3.6374371E+00 5.3348809E-01
2026 07 25 21 14 00 000 2.0049162E+00 3.6178610E+00 5.4021031E-01
2026 07 25 21 15 00 000 1.9664181E+00 3.5980070E+00 5.4686856E-01
2026 07 25 21 16 00 000 1.9277654E+00 3.5778711E+00 5.5346113E-01
2026 07 25 21 17 00 000 1.8889571E+00 3.5574448E+00 5.5998653E-01
2026 07 25 21 18 00 000 1.8499928E+00 3.5367255E+00 5.6644273E-01
2026 07 25 21 19 00 000 1.8108701E+00 3.5157063E+00 5.7282895E-01
2026 07 25 21 20 00 000 1.7715907E+00 3.4943807E+00 5.7914186E-01
2026 07 25 21 21 00 000 1.7321531E+00 3.4727414E+00 5.8538026E-01
2026 07 25 21 22 00 000 1.6925550E+00 3.4507837E+00 5.9154260E-01
2026 07 25 21 23 00 000 1.6527965E+00 3.4284999E+00 5.9762669E-01
2026 07 25 21 24 00 000 1.6128772E+00 3.4058843E+00 6.0363019E-01
2026 07 25 21 25 00 000 1.5727966E+00 3.3829274E+00 6.0955071E-01
2026 07 25 21 26 00 000 1.5325537E+00 3.3596249E+00 6.1538631E-01
2026 07 25 21 27 00 000 1.4921479E+00 3.3359656E+00 6.2113416E-01
2026 07 25 21 28 00 000 1.4515799E+00 3.3119433E+00 6.2679154E-01
2026 07 25 21 29 00 000 1.4108487E+00 3.2875502E+00 6.3235641E-01
2026 07 25 21 30 00 000 1.3699520E+00 3.2627766E+00 6.3782609E-01
2026 07 25 21 31 00 000 1.3288918E+00 3.2376142E+00 6.4319724E-01
2026 07 25 21 32 00 000 1.2876669E+00 3.2120540E+00 6.4846700E-01
2026 07 25 21 33 00 000 1.2462784E+00 3.1860857E+00 6.5363193E-01
2026 07 25 21 34 00 000 1.2047253E+00 3.1597002E+00 6.5868872E-01
2026 07 25 21 35 00 000 1.1630088E+00 3.1328862E+00 6.6363394E-01
2026 07 25 21 36 00 000 1.1211276E+00 3.1056340E+00 6.6846418E-01
2026 07 25 21 37 00 000 1.0790830E+00 3.0779326E+00 6.7317575E-01
2026 07 25 21 38 00 000 1.0368757E+00 3.0497692E+00 6.7776406E-01
2026 07 25 21 39 00 000 9.9450690E-01 3.0211334E+00 6.8222499E-01
2026 07 25 21 40 00 000 9.5197660E-01 2.9920113E+00 6.8655425E-01
2026 07 25 21 41 00 000 9.0928662E-01 2.9623907E+00 6.9074696E-01
2026 07 25 21 42 00 000 8.6643887E-01 2.9322581E+00 6.9479811E-01
2026 07 25 21 43 00 000 8.2343304E-01 2.9015996E+00 6.9870317E-01
2026 07 25 21 44 00 000 7.8027326E-01 2.8703997E+00 7.0245564E-01
2026 07 25 21 45 00 000 7.3696131E-01 2.8386443E+00 7.0605034E-01
2026 07 25 21 46 00 000 6.9350040E-01 2.8063164E+00 7.0948052E-01
2026 07 25 21 47 00 000 6.4989156E-01 2.7734008E+00 7.1274078E-01
2026 07 25 21 48 00 000 6.0613972E-01 2.7398787E+00 7.1582347E-01
2026 07 25 21 49 00 000 5.6224960E-01 2.7057326E+00 7.1872127E-01
2026 07 25 21 50 00 000 5.1822370E-01 2.6709447E+00 7.2142738E-01
2026 07 25 21 51 00 000 4.7406822E-01 2.6354942E+00 7.2393280E-01
2026 07 25 21 52 00 000 4.2978939E-01 2.5993607E+00 7.2622913E-01
2026 07 25 21 53 00 000 3.8539135E-01 2.5625236E+00 7.2830790E-01
2026 07 25 21 54 00 000 3.4088382E-01 2.5249598E+00 7.3015869E-01
2026 07 25 21 55 00 000 2.9627365E-01 2.4866462E+00 7.3177135E-01
2026 07 25 21 56 00 000 2.5156996E-01 2.4475579E+00 7.3313516E-01
2026 07 25 21 57 00 000 2.0678423E-01 2.4076698E+00 7.3423797E-01
2026 07 25 21 58 00 000 1.6192472E-01 2.3669558E+00 7.3506832E-01
2026 07 25 21 59 00 000 1.1700561E-01 2.3253875E+00 7.3561275E-01
2026 07 25 22 00 00 000 7.2042100E-02 2.2829356E+00 7.3585647E-01
2026 07 25 22 01 00 000 2.7048510E-02 2.2395701E+00 7.3578537E-01
2026 07 25 22 02 00 000 -1.7957155E-02 2.1952593E+00 7.3538285E-01
2026 07 25 22 03 00 000 -6.2956035E-02 2.1499705E+00 7.3463237E-01
2026 07 25 22 04 00 000 -1.0792617E-01 2.1036685E+00 7.3351568E-01
2026 07 25 22 05 00 000 -1.5284352E-01 2.0563180E+00 7.3201323E-01
2026 07 25 22 06 00 000 -1.9767998E-01 2.0078819E+00 7.3010379E-01
2026 07 25 22 07 00 000 -2.4240705E-01 1.9583213E+00 7.2776592E-01
2026 07 25 22 08 00 000 -2.8698909E-01 1.9075962E+00 7.2497487E-01
2026 07 25 22 09 00 000 -3.3139136E-01 1.8556652E+00 7.2170645E-01
2026 07 25 22 10 00 000 -3.7556976E-01 1.8024855E+00 7.1793252E-01
2026 07 25 22 11 00 000 -4.1947973E-01 1.7480133E+00 7.1362472E-01
2026 07 25 22 12 00 000 -4.6306843E-01 1.6922046E+00 7.0875192E-01
2026 07 25 22 13 00 000 -5.0627828E-01 1.6350133E+00 7.0328087E-01
2026 07 25 22 14 00 000 -5.4904503E-01 1.5763941E+00 6.9717652E-01
2026 07 25 22 15 00 000 -5.9129769E-01 1.5163016E+00 6.9040161E-01
2026 07 25 22 16 00 000 -6.3295752E-01 1.4546895E+00 6.8291694E-01
2026 07 25 22 17 00 000 -6.7393625E-01 1.3915150E+00 6.7468035E-01
2026 07 25 22 18 00 000 -7.1413565E-01 1.3267359E+00 6.6564745E-01
2026 07 25 22 19 00 000 -7.5344914E-01 1.2603137E+00 6.5577239E-01
2026 07 25 22 20 00 000 -7.9175675E-01 1.1922140E+00 6.4500642E-01
2026 07 25 22 21 00 000 -8.2892883E-01 1.1224084E+00 6.3330019E-01
2026 07 25 22 22 00 000 -8.6482221E-01 1.0508763E+00 6.2060255E-01
2026 07 25 22 23 00 000 -8.9928156E-01 9.7760552E-01 6.0686147E-01
2026 07 25 22 24 00 000 -9.3213797E-01 9.0259814E-01 5.9202528E-01
2026 07 25 22 25 00 000 -9.6321058E-01 8.2586890E-01 5.7604319E-01
2026 07 25 22 26 00 000 -9.9230766E-01 7.4745035E-01 5.5886698E-01
2026 07 25 22 27 00 000 -1.0192255E+00 6.6739655E-01 5.4045182E-01
2026 07 25 22 28 00 000 -1.0437539E+00 5.8578289E-01 5.2075845E-01
2026 07 25 22 29 00 000 -1.0656770E+00 5.0271350E-01 4.9975488E-01
2026 07 25 22 30 00 000 -1.0847793E+00 4.1831890E-01 4.7741884E-01
2026 07 25 22 31 00 000 -1.1008496E+00 3.3276004E-01 4.5373952E-01
2026 07 25 22 32 00 000 -1.1136870E+00 2.4622944E-01 4.2871967E-01
2026 07 25 22 33 00 000 -1.1231089E+00 1.5894809E-01 4.0237781E-01
2026 07 25 22 34 00 000 -1.1289564E+00 7.1166128E-02 3.7474898E-01
2026 07 25 22 35 00 000 -1.1311029E+00 -1.6845420E-02 3.4588602E-01
2026 07 25 22 36 00 000 -1.1294584E+00 -1.0479676E-01 3.1585935E-01
2026 07 25 22 37 00 000 -1.1239761E+00 -1.9238916E-01 2.8475556E-01
2026 07 25 22 38 00 000 -1.1146533E+00 -2.7932185E-01 2.5267616E-01
2026 07 25 22 39 00 000 -1.1015345E+00 -3.6530131E-01 2.1973422E-01
2026 07 25 22 40 00 000 -1.0847069E+00 -4.5005038E-01 1.8605137E-01
2026 07 25 22 41 00 000 -1.0642993E+00 -5.3331351E-01 1.5175426E-01
2026 07 25 22 42 00 000 -1.0404749E+00 -6.1486524E-01 1.1697042E-01
2026 07 25 22 43 00 000 -1.0134254E+00 -6.9451165E-01 8.1825390E-02
2026 07 25 22 44 00 000 -9.8336303E-01 -7.7209473E-01 4.6439108E-02
2026 07 25 22 45 00 000 -9.5051330E-01 -8.4749222E-01 1.0923827E-02
2026 07 25 22 46 00 000 -9.1510952E-01 -9.2061430E-01 -2.4617253E-02
2026 07 25 22 47 00 000 -8.7738377E-01 -9.9140447E-01 -6.0092025E-02
2026 07 25 22 48 00 000 -8.3756536E-01 -1.0598327E+00 -9.5418707E-02
2026 07 25 22 49 00 000 -7.9587424E-01 -1.1258950E+00 -1.3052690E-01
2026 07 25 22 50 00 000 -7.5251979E-01 -1.1896080E+00 -1.6535634E-01
2026 07 25 22 51 00 000 -7.0769739E-01 -1.2510051E+00 -1.9985718E-01
2026 07 25 22 52 00 000 -6.6158897E-01 -1.3101332E+00 -2.3398799E-01
2026 07 25 22 53 00 000 -6.1436176E-01 -1.3670496E+00 -2.6771578E-01
2026 07 25 22 54 00 000 -5.6616724E-01 -1.4218197E+00 -3.0101478E-01
2026 07 25 22 55 00 000 -5.1714456E-01 -1.4745140E+00 -3.3386505E-01
2026 07 25 22 56 00 000 -4.6741784E-01 -1.5252062E+00 -3.6625248E-01
2026 07 25 22 57 00 000 -4.1709927E-01 -1.5739722E+00 -3.9816734E-01
2026 07 25 22 58 00 000 -3.6628872E-01 -1.6208880E+00 -4.2960384E-01
2026 07 25 22 59 00 000 -3.1507671E-01 -1.6660299E+00 -4.6055901E-01
2026 07 25 23 00 00 000 -2.6354241E-01 -1.7094715E+00 -4.9103305E-01
2026 07 25 23 01 00 000 -2.1175581E-01 -1.7512865E+00 -5.2102846E-01
2026 07 25 23 02 00 000 -1.5978135E-01 -1.7915454E+00 -5.5054855E-01
2026 07 25 23 03 00 000 -1.0767315E-01 -1.8303157E+00 -5.7959944E-01
2026 07 25 23 04 00 000 -5.5481847E-02 -1.8676639E+00 -6.0818684E-01
2026 07 25 23 05 00 000 -3.2499807E-03 -1.9036518E+00 -6.3631862E-01
2026 07 25 23 06 00 000 4.8983831E-02 -1.9383398E+00 -6.6400272E-01
2026 07 25 23 07 00 000 1.0118582E-01 -1.9717852E+00 -6.9124770E-01
2026 07 25 23 08 00 000 1.5332606E-01 -2.0040417E+00 -7.1806228E-01
2026 07 25 23 09 00 000 2.0537837E-01 -2.0351613E+00 -7.4445575E-01
2026 07 25 23 10 00 000 2.5731972E-01 -2.0651934E+00 -7.7043706E-01
2026 07 25 23 11 00 000 3.0912954E-01 -2.0941844E+00 -7.9601568E-01
2026 07 25 23 12 00 000 3.6079088E-01 -2.1221788E+00 -8.2120055E-01
2026 07 25 23 13 00 000 4.1228813E-01 -2.1492176E+00 -8.4600127E-01
2026 07 25 23 14 00 000 4.6360764E-01 -2.1753409E+00 -8.7042671E-01
2026 07 25 23 15 00 000 5.1473862E-01 -2.2005863E+00 -8.9448571E-01
2026 07 25 23 16 00 000 5.6566942E-01 -2.2249899E+00 -9.1818708E-01
2026 07 25 23 17 00 000 6.1639243E-01 -2.2485850E+00 -9.4153959E-01
2026 07 25 23 18 00 000 6.6690004E-01 -2.2714038E+00 -9.6455157E-01
2026 07 25 23 19 00 000 7.1718562E-01 -2.2934773E+00 -9.8723102E-01
2026 07 25 23 20 00 000 7.6724356E-01 -2.3148332E+00 -1.0095857E+00
2026 07 25 23 21 00 000 8.1706917E-01 -2.3355002E+00 -1.0316237E+00
2026 07 25 23 22 00 000 8.6666024E-01 -2.3555033E+00 -1.0533526E+00
2026 07 25 23 23 00 000 9.1601169E-01 -2.3748679E+00 -1.0747799E+00
2026 07 25 23 24 00 000 9.6512175E-01 -2.3936169E+00 -1.0959120E+00
2026 07 25 23 25 00 000 1.0139881E+00 -2.4117737E+00 -1.1167560E+00
2026 07 25 23 26 00 000 1.0626107E+00 -2.4293580E+00 -1.1373190E+00
2026 07 25 23 27 00 000 1.1109864E+00 -2.4463911E+00 -1.1576066E+00
2026 07 25 23 28 00 000 1.1591167E+00 -2.4628921E+00 -1.1776264E+00
2026 07 25 23 29 00 000 1.2069985E+00 -2.4788797E+00 -1.1973832E+00
2026 07 25 23 30 00 000 1.2546344E+00 -2.4943707E+00 -1.2168833E+00
2026 07 25 23 31 00 000 1.3020227E+00 -2.5093820E+00 -1.2361318E+00
2026 07 25 23 32 00 000 1.3491654E+00 -2.5239301E+00 -1.2551355E+00
2026 07 25 23 33 00 000 1.3960627E+00 -2.5380290E+00 -1.2738987E+00
2026 07 25 23 34 00 000 1.4427149E+00 -2.5516944E+00 -1.2924269E+00
2026 07 25 23 35 00 000 1.4891237E+00 -2.5649397E+00 -1.3107249E+00
2026 07 25 23 36 00 000 1.5352896E+00 -2.5777779E+00 -1.3287973E+00
2026 07 25 23 37 00 000 1.5812136E+00 -2.5902231E+00 -1.3466495E+00
2026 07 25 23 38 00 000 1.6268985E+00 -2.6022854E+00 -1.3642858E+00
2026 07 25 23 39 00 000 1.6723439E+00 -2.6139786E+00 -1.3817101E+00
2026 07 25 23 40 00 000 1.7175535E+00 -2.6253121E+00 -1.3989275E+00
2026 07 25 23 41 00 000 1.7625260E+00 -2.6362979E+00 -1.4159409E+00
2026 07 25 23 42 00 000 1.8072654E+00 -2.6469457E+00 -1.4327551E+00
2026 07 25 23 43 00 000 1.8517740E+00 -2.6572647E+00 -1.4493741E+00
2026 07 25 23 44 00 000 1.8960526E+00 -2.6672645E+00 -1.4658016E+00
2026 07 25 23 45 00 000 1.9401000E+00 -2.6769569E+00 -1.4820405E+00
2026 07 25 23 46 00 000 1.9839230E+00 -2.6863472E+00 -1.4980955E+00
2026 07 25 23 47 00 000 2.0275211E+00 -2.6954443E+00 -1.5139695E+00
2026 07 25 23 48 00 000 2.0708957E+00 -2.7042580E+00 -1.5296651E+00
2026 07 25 23 49 00 000 2.1140501E+00 -2.7127948E+00 -1.5451870E+00
2026 07 25 23 50 00 000 2.1569846E+00 -2.7210634E+00 -1.5605372E+00
2026 07 25 23 51 00 000 2.1997025E+00 -2.7290695E+00 -1.5757189E+00
2026 07 25 23 52 00 000 2.2422056E+00 -2.7368202E+00 -1.5907354E+00
2026 07 25 23 53 00 000 2.2844949E+00 -2.7443237E+00 -1.6055895E+00
2026 07 25 23 54 00 000 2.3265731E+00 -2.7515850E+00 -1.6202844E+00
2026 07 25 23 55 00 000 2.3684411E+00 -2.7586107E+00 -1.6348219E+00
2026 07 25 23 56 00 000 2.4101026E+00 -2.7654066E+00 -1.6492058E+00
2026 07 25 23 57 00 000 2.4515572E+00 -2.7719798E+00 -1.6634374E+00
2026 07 25 23 58 00 000 2.4928079E+00 -2.7783346E+00 -1.6775199E+00
2026 07 25 23 59 00 000 2.5338583E+00 -2.7844756E+00 -1.6914562E+00
