Created with swmf_orbit_fetch.py on 2026-10-08 15:5248

#COOR
GSM

#START
2026 07 23 00 00 00 000 -2.0656549E+01 6.0115475E+01 -8.8098698E+00
2026 07 23 00 01 00 000 -2.0660366E+01 6.0113068E+01 -8.8239031E+00
2026 07 23 00 02 00 000 -2.0664152E+01 6.0110634E+01 -8.8381157E+00
2026 07 23 00 03 00 000 -2.0667936E+01 6.0108162E+01 -8.8524923E+00
2026 07 23 00 04 00 000 -2.0671692E+01 6.0105659E+01 -8.8670435E+00
2026 07 23 00 05 00 000 -2.0675430E+01 6.0103123E+01 -8.8817654E+00
2026 07 23 00 06 00 000 -2.0679161E+01 6.0100548E+01 -8.8966532E+00
2026 07 23 00 07 00 000 -2.0682898E+01 6.0097935E+01 -8.9117060E+00
2026 07 23 00 08 00 000 -2.0686573E+01 6.0095295E+01 -8.9269390E+00
2026 07 23 00 09 00 000 -2.0690260E+01 6.0092617E+01 -8.9423342E+00
2026 07 23 00 10 00 000 -2.0693926E+01 6.0089909E+01 -8.9578972E+00
2026 07 23 00 11 00 000 -2.0697557E+01 6.0087166E+01 -8.9736328E+00
2026 07 23 00 12 00 000 -2.0701197E+01 6.0084385E+01 -8.9895315E+00
2026 07 23 00 13 00 000 -2.0704805E+01 6.0081566E+01 -9.0055981E+00
2026 07 23 00 14 00 000 -2.0708422E+01 6.0078716E+01 -9.0218296E+00
2026 07 23 00 15 00 000 -2.0711981E+01 6.0075829E+01 -9.0382357E+00
2026 07 23 00 16 00 000 -2.0715557E+01 6.0072914E+01 -9.0548000E+00
2026 07 23 00 17 00 000 -2.0719110E+01 6.0069942E+01 -9.0715303E+00
2026 07 23 00 18 00 000 -2.0722626E+01 6.0066948E+01 -9.0884295E+00
2026 07 23 00 19 00 000 -2.0726149E+01 6.0063927E+01 -9.1054935E+00
2026 07 23 00 20 00 000 -2.0729654E+01 6.0060848E+01 -9.1227121E+00
2026 07 23 00 21 00 000 -2.0733145E+01 6.0057747E+01 -9.1401014E+00
2026 07 23 00 22 00 000 -2.0736599E+01 6.0054611E+01 -9.1576586E+00
2026 07 23 00 23 00 000 -2.0740044E+01 6.0051434E+01 -9.1753731E+00
2026 07 23 00 24 00 000 -2.0743471E+01 6.0048218E+01 -9.1932535E+00
2026 07 23 00 25 00 000 -2.0746902E+01 6.0044964E+01 -9.2112865E+00
2026 07 23 00 26 00 000 -2.0750275E+01 6.0041687E+01 -9.2294979E+00
2026 07 23 00 27 00 000 -2.0753662E+01 6.0038368E+01 -9.2478561E+00
2026 07 23 00 28 00 000 -2.0757029E+01 6.0035004E+01 -9.2663832E+00
2026 07 23 00 29 00 000 -2.0760384E+01 6.0031597E+01 -9.2850637E+00
2026 07 23 00 30 00 000 -2.0763700E+01 6.0028179E+01 -9.3039160E+00
2026 07 23 00 31 00 000 -2.0767017E+01 6.0024696E+01 -9.3229151E+00
2026 07 23 00 32 00 000 -2.0770308E+01 6.0021191E+01 -9.3420820E+00
2026 07 23 00 33 00 000 -2.0773573E+01 6.0017639E+01 -9.3614063E+00
2026 07 23 00 34 00 000 -2.0776825E+01 6.0014072E+01 -9.3808889E+00
2026 07 23 00 35 00 000 -2.0780073E+01 6.0010437E+01 -9.4005270E+00
2026 07 23 00 36 00 000 -2.0783298E+01 6.0006767E+01 -9.4203215E+00
2026 07 23 00 37 00 000 -2.0786510E+01 6.0003071E+01 -9.4402723E+00
2026 07 23 00 38 00 000 -2.0789692E+01 5.9999332E+01 -9.4603825E+00
2026 07 23 00 39 00 000 -2.0792877E+01 5.9995544E+01 -9.4806395E+00
2026 07 23 00 40 00 000 -2.0795994E+01 5.9991741E+01 -9.5010748E+00
2026 07 23 00 41 00 000 -2.0799149E+01 5.9987885E+01 -9.5216446E+00
2026 07 23 00 42 00 000 -2.0802275E+01 5.9983990E+01 -9.5423727E+00
2026 07 23 00 43 00 000 -2.0805349E+01 5.9980057E+01 -9.5632620E+00
2026 07 23 00 44 00 000 -2.0808434E+01 5.9976082E+01 -9.5843019E+00
2026 07 23 00 45 00 000 -2.0811502E+01 5.9972073E+01 -9.6054878E+00
2026 07 23 00 46 00 000 -2.0814518E+01 5.9968018E+01 -9.6268377E+00
2026 07 23 00 47 00 000 -2.0817562E+01 5.9963917E+01 -9.6483316E+00
2026 07 23 00 48 00 000 -2.0820557E+01 5.9959785E+01 -9.6699791E+00
2026 07 23 00 49 00 000 -2.0823551E+01 5.9955605E+01 -9.6917801E+00
2026 07 23 00 50 00 000 -2.0826527E+01 5.9951397E+01 -9.7137289E+00
2026 07 23 00 51 00 000 -2.0829466E+01 5.9947147E+01 -9.7358303E+00
2026 07 23 00 52 00 000 -2.0832382E+01 5.9942848E+01 -9.7580843E+00
2026 07 23 00 53 00 000 -2.0835304E+01 5.9938515E+01 -9.7804804E+00
2026 07 23 00 54 00 000 -2.0838184E+01 5.9934139E+01 -9.8030357E+00
2026 07 23 00 55 00 000 -2.0841053E+01 5.9929714E+01 -9.8257360E+00
2026 07 23 00 56 00 000 -2.0843912E+01 5.9925259E+01 -9.8485813E+00
2026 07 23 00 57 00 000 -2.0846743E+01 5.9920780E+01 -9.8715734E+00
2026 07 23 00 58 00 000 -2.0849562E+01 5.9916222E+01 -9.8947182E+00
2026 07 23 00 59 00 000 -2.0852348E+01 5.9911640E+01 -9.9180040E+00
2026 07 23 01 00 00 000 -2.0855129E+01 5.9907005E+01 -9.9414310E+00
2026 07 23 01 01 00 000 -2.0857882E+01 5.9902344E+01 -9.9650126E+00
2026 07 23 01 02 00 000 -2.0860638E+01 5.9897621E+01 -9.9887276E+00
2026 07 23 01 03 00 000 -2.0863337E+01 5.9892876E+01 -1.0012602E+01
2026 07 23 01 04 00 000 -2.0866043E+01 5.9888081E+01 -1.0036612E+01
2026 07 23 01 05 00 000 -2.0868719E+01 5.9883244E+01 -1.0060765E+01
2026 07 23 01 06 00 000 -2.0871386E+01 5.9878357E+01 -1.0085057E+01
2026 07 23 01 07 00 000 -2.0874031E+01 5.9873436E+01 -1.0109496E+01
2026 07 23 01 08 00 000 -2.0876627E+01 5.9868465E+01 -1.0134085E+01
2026 07 23 01 09 00 000 -2.0879230E+01 5.9863453E+01 -1.0158802E+01
2026 07 23 01 10 00 000 -2.0881813E+01 5.9858406E+01 -1.0183669E+01
2026 07 23 01 11 00 000 -2.0884359E+01 5.9853306E+01 -1.0208673E+01
2026 07 23 01 12 00 000 -2.0886890E+01 5.9848164E+01 -1.0233820E+01
2026 07 23 01 13 00 000 -2.0889412E+01 5.9842976E+01 -1.0259098E+01
2026 07 23 01 14 00 000 -2.0891918E+01 5.9837742E+01 -1.0284515E+01
2026 07 23 01 15 00 000 -2.0894365E+01 5.9832478E+01 -1.0310086E+01
2026 07 23 01 16 00 000 -2.0896826E+01 5.9827137E+01 -1.0335779E+01
2026 07 23 01 17 00 000 -2.0899254E+01 5.9821785E+01 -1.0361616E+01
2026 07 23 01 18 00 000 -2.0901667E+01 5.9816364E+01 -1.0387584E+01
2026 07 23 01 19 00 000 -2.0904068E+01 5.9810905E+01 -1.0413689E+01
2026 07 23 01 20 00 000 -2.0906427E+01 5.9805408E+01 -1.0439928E+01
2026 07 23 01 21 00 000 -2.0908781E+01 5.9799870E+01 -1.0466305E+01
2026 07 23 01 22 00 000 -2.0911100E+01 5.9794262E+01 -1.0492818E+01
2026 07 23 01 23 00 000 -2.0913401E+01 5.9788631E+01 -1.0519464E+01
2026 07 23 01 24 00 000 -2.0915686E+01 5.9782944E+01 -1.0546243E+01
2026 07 23 01 25 00 000 -2.0917955E+01 5.9777206E+01 -1.0573150E+01
2026 07 23 01 26 00 000 -2.0920185E+01 5.9771435E+01 -1.0600195E+01
2026 07 23 01 27 00 000 -2.0922398E+01 5.9765598E+01 -1.0627369E+01
2026 07 23 01 28 00 000 -2.0924604E+01 5.9759731E+01 -1.0654671E+01
2026 07 23 01 29 00 000 -2.0926777E+01 5.9753807E+01 -1.0682108E+01
2026 07 23 01 30 00 000 -2.0928936E+01 5.9747841E+01 -1.0709668E+01
2026 07 23 01 31 00 000 -2.0931046E+01 5.9741833E+01 -1.0737370E+01
2026 07 23 01 32 00 000 -2.0933159E+01 5.9735771E+01 -1.0765191E+01
2026 07 23 01 33 00 000 -2.0935249E+01 5.9729652E+01 -1.0793139E+01
2026 07 23 01 34 00 000 -2.0937294E+01 5.9723503E+01 -1.0821223E+01
2026 07 23 01 35 00 000 -2.0939335E+01 5.9717293E+01 -1.0849427E+01
2026 07 23 01 36 00 000 -2.0941355E+01 5.9711033E+01 -1.0877759E+01
2026 07 23 01 37 00 000 -2.0943354E+01 5.9704731E+01 -1.0906213E+01
2026 07 23 01 38 00 000 -2.0945318E+01 5.9698380E+01 -1.0934800E+01
2026 07 23 01 39 00 000 -2.0947268E+01 5.9691967E+01 -1.0963503E+01
2026 07 23 01 40 00 000 -2.0949186E+01 5.9685528E+01 -1.0992341E+01
2026 07 23 01 41 00 000 -2.0951092E+01 5.9679020E+01 -1.1021289E+01
2026 07 23 01 42 00 000 -2.0952976E+01 5.9672462E+01 -1.1050363E+01
2026 07 23 01 43 00 000 -2.0954824E+01 5.9665863E+01 -1.1079566E+01
2026 07 23 01 44 00 000 -2.0956642E+01 5.9659214E+01 -1.1108891E+01
2026 07 23 01 45 00 000 -2.0958435E+01 5.9652523E+01 -1.1138337E+01
2026 07 23 01 46 00 000 -2.0960224E+01 5.9645767E+01 -1.1167895E+01
2026 07 23 01 47 00 000 -2.0961990E+01 5.9638966E+01 -1.1197577E+01
2026 07 23 01 48 00 000 -2.0963717E+01 5.9632103E+01 -1.1227378E+01
2026 07 23 01 49 00 000 -2.0965427E+01 5.9625191E+01 -1.1257294E+01
2026 07 23 01 50 00 000 -2.0967119E+01 5.9618237E+01 -1.1287337E+01
2026 07 23 01 51 00 000 -2.0968750E+01 5.9611233E+01 -1.1317494E+01
2026 07 23 01 52 00 000 -2.0970394E+01 5.9604168E+01 -1.1347766E+01
2026 07 23 01 53 00 000 -2.0972008E+01 5.9597057E+01 -1.1378150E+01
2026 07 23 01 54 00 000 -2.0973600E+01 5.9589893E+01 -1.1408657E+01
2026 07 23 01 55 00 000 -2.0975140E+01 5.9582676E+01 -1.1439278E+01
2026 07 23 01 56 00 000 -2.0976696E+01 5.9575401E+01 -1.1470006E+01
2026 07 23 01 57 00 000 -2.0978191E+01 5.9568077E+01 -1.1500856E+01
2026 07 23 01 58 00 000 -2.0979656E+01 5.9560703E+01 -1.1531816E+01
2026 07 23 01 59 00 000 -2.0981115E+01 5.9553280E+01 -1.1562891E+01
2026 07 23 02 00 00 000 -2.0982563E+01 5.9545784E+01 -1.1594067E+01
2026 07 23 02 01 00 000 -2.0983963E+01 5.9538246E+01 -1.1625368E+01
2026 07 23 02 02 00 000 -2.0985334E+01 5.9530655E+01 -1.1656774E+01
2026 07 23 02 03 00 000 -2.0986692E+01 5.9523006E+01 -1.1688285E+01
2026 07 23 02 04 00 000 -2.0988022E+01 5.9515305E+01 -1.1719905E+01
2026 07 23 02 05 00 000 -2.0989315E+01 5.9507545E+01 -1.1751640E+01
2026 07 23 02 06 00 000 -2.0990580E+01 5.9499741E+01 -1.1783490E+01
2026 07 23 02 07 00 000 -2.0991825E+01 5.9491871E+01 -1.1815434E+01
2026 07 23 02 08 00 000 -2.0993040E+01 5.9483940E+01 -1.1847491E+01
2026 07 23 02 09 00 000 -2.0994236E+01 5.9475971E+01 -1.1879650E+01
2026 07 23 02 10 00 000 -2.0995407E+01 5.9467930E+01 -1.1911910E+01
2026 07 23 02 11 00 000 -2.0996517E+01 5.9459846E+01 -1.1944288E+01
2026 07 23 02 12 00 000 -2.0997625E+01 5.9451691E+01 -1.1976763E+01
2026 07 23 02 13 00 000 -2.0998720E+01 5.9443485E+01 -1.2009341E+01
2026 07 23 02 14 00 000 -2.0999775E+01 5.9435223E+01 -1.2042019E+01
2026 07 23 02 15 00 000 -2.1000774E+01 5.9426914E+01 -1.2074807E+01
2026 07 23 02 16 00 000 -2.1001776E+01 5.9418526E+01 -1.2107685E+01
2026 07 23 02 17 00 000 -2.1002747E+01 5.9410091E+01 -1.2140665E+01
2026 07 23 02 18 00 000 -2.1003693E+01 5.9401596E+01 -1.2173756E+01
2026 07 23 02 19 00 000 -2.1004597E+01 5.9393036E+01 -1.2206939E+01
2026 07 23 02 20 00 000 -2.1005463E+01 5.9384438E+01 -1.2240224E+01
2026 07 23 02 21 00 000 -2.1006323E+01 5.9375755E+01 -1.2273601E+01
2026 07 23 02 22 00 000 -2.1007147E+01 5.9367039E+01 -1.2307080E+01
2026 07 23 02 23 00 000 -2.1007931E+01 5.9358238E+01 -1.2340656E+01
2026 07 23 02 24 00 000 -2.1008684E+01 5.9349396E+01 -1.2374331E+01
2026 07 23 02 25 00 000 -2.1009428E+01 5.9340477E+01 -1.2408090E+01
2026 07 23 02 26 00 000 -2.1010115E+01 5.9331516E+01 -1.2441952E+01
2026 07 23 02 27 00 000 -2.1010780E+01 5.9322483E+01 -1.2475909E+01
2026 07 23 02 28 00 000 -2.1011435E+01 5.9313381E+01 -1.2509951E+01
2026 07 23 02 29 00 000 -2.1012030E+01 5.9304234E+01 -1.2544100E+01
2026 07 23 02 30 00 000 -2.1012604E+01 5.9295017E+01 -1.2578331E+01
2026 07 23 02 31 00 000 -2.1013165E+01 5.9285732E+01 -1.2612647E+01
2026 07 23 02 32 00 000 -2.1013662E+01 5.9276394E+01 -1.2647063E+01
2026 07 23 02 33 00 000 -2.1014132E+01 5.9267002E+01 -1.2681567E+01
2026 07 23 02 34 00 000 -2.1014605E+01 5.9257523E+01 -1.2716155E+01
2026 07 23 02 35 00 000 -2.1015030E+01 5.9247997E+01 -1.2750839E+01
2026 07 23 02 36 00 000 -2.1015392E+01 5.9238403E+01 -1.2785612E+01
2026 07 23 02 37 00 000 -2.1015747E+01 5.9228741E+01 -1.2820461E+01
2026 07 23 02 38 00 000 -2.1016081E+01 5.9219006E+01 -1.2855399E+01
2026 07 23 02 39 00 000 -2.1016373E+01 5.9209232E+01 -1.2890429E+01
2026 07 23 02 40 00 000 -2.1016603E+01 5.9199387E+01 -1.2925539E+01
2026 07 23 02 41 00 000 -2.1016829E+01 5.9189461E+01 -1.2960735E+01
2026 07 23 02 42 00 000 -2.1017023E+01 5.9179470E+01 -1.2996012E+01
2026 07 23 02 43 00 000 -2.1017153E+01 5.9169430E+01 -1.3031380E+01
2026 07 23 02 44 00 000 -2.1017296E+01 5.9159306E+01 -1.3066814E+01
2026 07 23 02 45 00 000 -2.1017382E+01 5.9149113E+01 -1.3102338E+01
2026 07 23 02 46 00 000 -2.1017424E+01 5.9138870E+01 -1.3137947E+01
2026 07 23 02 47 00 000 -2.1017427E+01 5.9128555E+01 -1.3173631E+01
2026 07 23 02 48 00 000 -2.1017416E+01 5.9118164E+01 -1.3209394E+01
2026 07 23 02 49 00 000 -2.1017361E+01 5.9107704E+01 -1.3245233E+01
2026 07 23 02 50 00 000 -2.1017262E+01 5.9097183E+01 -1.3281150E+01
2026 07 23 02 51 00 000 -2.1017128E+01 5.9086578E+01 -1.3317145E+01
2026 07 23 02 52 00 000 -2.1016956E+01 5.9075920E+01 -1.3353224E+01
2026 07 23 02 53 00 000 -2.1016756E+01 5.9065182E+01 -1.3389368E+01
2026 07 23 02 54 00 000 -2.1016529E+01 5.9054379E+01 -1.3425583E+01
2026 07 23 02 55 00 000 -2.1016233E+01 5.9043507E+01 -1.3461888E+01
2026 07 23 02 56 00 000 -2.1015928E+01 5.9032539E+01 -1.3498246E+01
2026 07 23 02 57 00 000 -2.1015579E+01 5.9021519E+01 -1.3534691E+01
2026 07 23 02 58 00 000 -2.1015198E+01 5.9010418E+01 -1.3571195E+01
2026 07 23 02 59 00 000 -2.1014774E+01 5.8999245E+01 -1.3607779E+01
2026 07 23 03 00 00 000 -2.1014320E+01 5.8987999E+01 -1.3644426E+01
2026 07 23 03 01 00 000 -2.1013788E+01 5.8976685E+01 -1.3681150E+01
2026 07 23 03 02 00 000 -2.1013256E+01 5.8965298E+01 -1.3717937E+01
2026 07 23 03 03 00 000 -2.1012680E+01 5.8953819E+01 -1.3754793E+01
2026 07 23 03 04 00 000 -2.1012047E+01 5.8942276E+01 -1.3791722E+01
2026 07 23 03 05 00 000 -2.1011395E+01 5.8930656E+01 -1.3828709E+01
2026 07 23 03 06 00 000 -2.1010681E+01 5.8918961E+01 -1.3865764E+01
2026 07 23 03 07 00 000 -2.1009943E+01 5.8907181E+01 -1.3902878E+01
2026 07 23 03 08 00 000 -2.1009148E+01 5.8895325E+01 -1.3940060E+01
2026 07 23 03 09 00 000 -2.1008314E+01 5.8883392E+01 -1.3977313E+01
2026 07 23 03 10 00 000 -2.1007456E+01 5.8871376E+01 -1.4014613E+01
2026 07 23 03 11 00 000 -2.1006538E+01 5.8859283E+01 -1.4051988E+01
2026 07 23 03 12 00 000 -2.1005600E+01 5.8847107E+01 -1.4089410E+01
2026 07 23 03 13 00 000 -2.1004589E+01 5.8834846E+01 -1.4126901E+01
2026 07 23 03 14 00 000 -2.1003551E+01 5.8822502E+01 -1.4164452E+01
2026 07 23 03 15 00 000 -2.1002478E+01 5.8810081E+01 -1.4202051E+01
2026 07 23 03 16 00 000 -2.1001347E+01 5.8797573E+01 -1.4239719E+01
2026 07 23 03 17 00 000 -2.1000164E+01 5.8784985E+01 -1.4277436E+01
2026 07 23 03 18 00 000 -2.0998962E+01 5.8772305E+01 -1.4315207E+01
2026 07 23 03 19 00 000 -2.0997704E+01 5.8759529E+01 -1.4353031E+01
2026 07 23 03 20 00 000 -2.0996382E+01 5.8746685E+01 -1.4390926E+01
2026 07 23 03 21 00 000 -2.0995035E+01 5.8733738E+01 -1.4428857E+01
2026 07 23 03 22 00 000 -2.0993643E+01 5.8720711E+01 -1.4466845E+01
2026 07 23 03 23 00 000 -2.0992207E+01 5.8707581E+01 -1.4504881E+01
2026 07 23 03 24 00 000 -2.0990725E+01 5.8694378E+01 -1.4542968E+01
2026 07 23 03 25 00 000 -2.0989180E+01 5.8681068E+01 -1.4581110E+01
2026 07 23 03 26 00 000 -2.0987585E+01 5.8667679E+01 -1.4619303E+01
2026 07 23 03 27 00 000 -2.0985960E+01 5.8654186E+01 -1.4657537E+01
2026 07 23 03 28 00 000 -2.0984283E+01 5.8640602E+01 -1.4695819E+01
2026 07 23 03 29 00 000 -2.0982533E+01 5.8626923E+01 -1.4734147E+01
2026 07 23 03 30 00 000 -2.0980762E+01 5.8613144E+01 -1.4772523E+01
2026 07 23 03 31 00 000 -2.0978928E+01 5.8599277E+01 -1.4810944E+01
2026 07 23 03 32 00 000 -2.0977066E+01 5.8585278E+01 -1.4849407E+01
2026 07 23 03 33 00 000 -2.0975117E+01 5.8571205E+01 -1.4887910E+01
2026 07 23 03 34 00 000 -2.0973143E+01 5.8557030E+01 -1.4926461E+01
2026 07 23 03 35 00 000 -2.0971125E+01 5.8542744E+01 -1.4965042E+01
2026 07 23 03 36 00 000 -2.0969013E+01 5.8528362E+01 -1.5003674E+01
2026 07 23 03 37 00 000 -2.0966890E+01 5.8513866E+01 -1.5042343E+01
2026 07 23 03 38 00 000 -2.0964706E+01 5.8499264E+01 -1.5081043E+01
2026 07 23 03 39 00 000 -2.0962475E+01 5.8484550E+01 -1.5119783E+01
2026 07 23 03 40 00 000 -2.0960188E+01 5.8469727E+01 -1.5158558E+01
2026 07 23 03 41 00 000 -2.0957832E+01 5.8454792E+01 -1.5197376E+01
2026 07 23 03 42 00 000 -2.0955433E+01 5.8439735E+01 -1.5236219E+01
2026 07 23 03 43 00 000 -2.0952972E+01 5.8424580E+01 -1.5275104E+01
2026 07 23 03 44 00 000 -2.0950439E+01 5.8409290E+01 -1.5314024E+01
2026 07 23 03 45 00 000 -2.0947899E+01 5.8393890E+01 -1.5352960E+01
2026 07 23 03 46 00 000 -2.0945280E+01 5.8378361E+01 -1.5391933E+01
2026 07 23 03 47 00 000 -2.0942598E+01 5.8362728E+01 -1.5430942E+01
2026 07 23 03 48 00 000 -2.0939869E+01 5.8346947E+01 -1.5469978E+01
2026 07 23 03 49 00 000 -2.0937090E+01 5.8331047E+01 -1.5509031E+01
2026 07 23 03 50 00 000 -2.0934219E+01 5.8315022E+01 -1.5548119E+01
2026 07 23 03 51 00 000 -2.0931324E+01 5.8298859E+01 -1.5587234E+01
2026 07 23 03 52 00 000 -2.0928368E+01 5.8282555E+01 -1.5626363E+01
2026 07 23 03 53 00 000 -2.0925360E+01 5.8266125E+01 -1.5665521E+01
2026 07 23 03 54 00 000 -2.0922260E+01 5.8249550E+01 -1.5704709E+01
2026 07 23 03 55 00 000 -2.0919130E+01 5.8232838E+01 -1.5743911E+01
2026 07 23 03 56 00 000 -2.0915943E+01 5.8215969E+01 -1.5783130E+01
2026 07 23 03 57 00 000 -2.0912676E+01 5.8198959E+01 -1.5822373E+01
2026 07 23 03 58 00 000 -2.0909384E+01 5.8181805E+01 -1.5861633E+01
2026 07 23 03 59 00 000 -2.0906021E+01 5.8164474E+01 -1.5900901E+01
2026 07 23 04 00 00 000 -2.0902586E+01 5.8146999E+01 -1.5940199E+01
2026 07 23 04 01 00 000 -2.0899099E+01 5.8129364E+01 -1.5979503E+01
2026 07 23 04 02 00 000 -2.0895559E+01 5.8111561E+01 -1.6018820E+01
2026 07 23 04 03 00 000 -2.0891964E+01 5.8093594E+01 -1.6058149E+01
2026 07 23 04 04 00 000 -2.0888298E+01 5.8075451E+01 -1.6097492E+01
2026 07 23 04 05 00 000 -2.0884575E+01 5.8057133E+01 -1.6136847E+01
2026 07 23 04 06 00 000 -2.0880802E+01 5.8038624E+01 -1.6176203E+01
2026 07 23 04 07 00 000 -2.0876972E+01 5.8019943E+01 -1.6215565E+01
2026 07 23 04 08 00 000 -2.0873093E+01 5.8001053E+01 -1.6254936E+01
2026 07 23 04 09 00 000 -2.0869154E+01 5.7981983E+01 -1.6294312E+01
2026 07 23 04 10 00 000 -2.0865166E+01 5.7962704E+01 -1.6333687E+01
2026 07 23 04 11 00 000 -2.0861097E+01 5.7943218E+01 -1.6373072E+01
2026 07 23 04 12 00 000 -2.0857004E+01 5.7923531E+01 -1.6412451E+01
2026 07 23 04 13 00 000 -2.0852859E+01 5.7903622E+01 -1.6451828E+01
2026 07 23 04 14 00 000 -2.0848640E+01 5.7883492E+01 -1.6491211E+01
2026 07 23 04 15 00 000 -2.0844412E+01 5.7863121E+01 -1.6530581E+01
2026 07 23 04 16 00 000 -2.0840120E+01 5.7842514E+01 -1.6569944E+01
2026 07 23 04 17 00 000 -2.0835794E+01 5.7821671E+01 -1.6609303E+01
2026 07 23 04 18 00 000 -2.0831417E+01 5.7800575E+01 -1.6648657E+01
2026 07 23 04 19 00 000 -2.0827003E+01 5.7779224E+01 -1.6688000E+01
2026 07 23 04 20 00 000 -2.0822571E+01 5.7757591E+01 -1.6727325E+01
2026 07 23 04 21 00 000 -2.0818113E+01 5.7735699E+01 -1.6766638E+01
2026 07 23 04 22 00 000 -2.0813631E+01 5.7713501E+01 -1.6805935E+01
2026 07 23 04 23 00 000 -2.0809130E+01 5.7691029E+01 -1.6845219E+01
2026 07 23 04 24 00 000 -2.0804590E+01 5.7668259E+01 -1.6884489E+01
2026 07 23 04 25 00 000 -2.0800066E+01 5.7645164E+01 -1.6923729E+01
2026 07 23 04 26 00 000 -2.0795546E+01 5.7621742E+01 -1.6962948E+01
2026 07 23 04 27 00 000 -2.0791012E+01 5.7598011E+01 -1.7002153E+01
2026 07 23 04 28 00 000 -2.0786510E+01 5.7573914E+01 -1.7041325E+01
2026 07 23 04 29 00 000 -2.0782045E+01 5.7549473E+01 -1.7080465E+01
2026 07 23 04 30 00 000 -2.0777605E+01 5.7524666E+01 -1.7119583E+01
2026 07 23 04 31 00 000 -2.0773226E+01 5.7499481E+01 -1.7158667E+01
2026 07 23 04 32 00 000 -2.0768896E+01 5.7473904E+01 -1.7197718E+01
2026 07 23 04 33 00 000 -2.0764666E+01 5.7447937E+01 -1.7236732E+01
2026 07 23 04 34 00 000 -2.0760504E+01 5.7421543E+01 -1.7275713E+01
2026 07 23 04 35 00 000 -2.0756475E+01 5.7394741E+01 -1.7314651E+01
2026 07 23 04 36 00 000 -2.0752565E+01 5.7367496E+01 -1.7353550E+01
2026 07 23 04 37 00 000 -2.0748825E+01 5.7339809E+01 -1.7392408E+01
2026 07 23 04 38 00 000 -2.0745255E+01 5.7311665E+01 -1.7431219E+01
2026 07 23 04 39 00 000 -2.0741892E+01 5.7283070E+01 -1.7469988E+01
2026 07 23 04 40 00 000 -2.0738726E+01 5.7254002E+01 -1.7508717E+01
2026 07 23 04 41 00 000 -2.0735853E+01 5.7224453E+01 -1.7547392E+01
2026 07 23 04 42 00 000 -2.0733269E+01 5.7194435E+01 -1.7586018E+01
2026 07 23 04 43 00 000 -2.0731005E+01 5.7163925E+01 -1.7624594E+01
2026 07 23 04 44 00 000 -2.0729078E+01 5.7132961E+01 -1.7663130E+01
2026 07 23 04 45 00 000 -2.0727571E+01 5.7101494E+01 -1.7701607E+01
2026 07 23 04 46 00 000 -2.0726490E+01 5.7069588E+01 -1.7740038E+01
2026 07 23 04 47 00 000 -2.0725857E+01 5.7037224E+01 -1.7778427E+01
2026 07 23 04 48 00 000 -2.0725758E+01 5.7004421E+01 -1.7816763E+01
2026 07 23 04 49 00 000 -2.0726200E+01 5.6971188E+01 -1.7855053E+01
2026 07 23 04 50 00 000 -2.0727224E+01 5.6937584E+01 -1.7893299E+01
2026 07 23 04 51 00 000 -2.0728849E+01 5.6903610E+01 -1.7931505E+01
2026 07 23 04 52 00 000 -2.0731133E+01 5.6869324E+01 -1.7969671E+01
2026 07 23 04 53 00 000 -2.0734074E+01 5.6834743E+01 -1.8007807E+01
2026 07 23 04 54 00 000 -2.0737701E+01 5.6799915E+01 -1.8045910E+01
2026 07 23 04 55 00 000 -2.0742065E+01 5.6764893E+01 -1.8083979E+01
2026 07 23 04 56 00 000 -2.0747135E+01 5.6729717E+01 -1.8122025E+01
2026 07 23 04 57 00 000 -2.0752920E+01 5.6694431E+01 -1.8160049E+01
2026 07 23 04 58 00 000 -2.0759453E+01 5.6659096E+01 -1.8198057E+01
2026 07 23 04 59 00 000 -2.0766697E+01 5.6623749E+01 -1.8236048E+01
2026 07 23 05 00 00 000 -2.0774632E+01 5.6588436E+01 -1.8274033E+01
2026 07 23 05 01 00 000 -2.0783276E+01 5.6553192E+01 -1.8312004E+01
2026 07 23 05 02 00 000 -2.0792587E+01 5.6518074E+01 -1.8349968E+01
2026 07 23 05 03 00 000 -2.0802553E+01 5.6483116E+01 -1.8387924E+01
2026 07 23 05 04 00 000 -2.0813135E+01 5.6448341E+01 -1.8425880E+01
2026 07 23 05 05 00 000 -2.0824289E+01 5.6413784E+01 -1.8463844E+01
2026 07 23 05 06 00 000 -2.0836000E+01 5.6379467E+01 -1.8501808E+01
2026 07 23 05 07 00 000 -2.0848232E+01 5.6345428E+01 -1.8539768E+01
2026 07 23 05 08 00 000 -2.0860970E+01 5.6311642E+01 -1.8577730E+01
2026 07 23 05 09 00 000 -2.0874151E+01 5.6278160E+01 -1.8615698E+01
2026 07 23 05 10 00 000 -2.0887774E+01 5.6244987E+01 -1.8653664E+01
2026 07 23 05 11 00 000 -2.0901789E+01 5.6212112E+01 -1.8691633E+01
2026 07 23 05 12 00 000 -2.0916166E+01 5.6179565E+01 -1.8729599E+01
2026 07 23 05 13 00 000 -2.0930859E+01 5.6147331E+01 -1.8767578E+01
2026 07 23 05 14 00 000 -2.0945881E+01 5.6115414E+01 -1.8805546E+01
2026 07 23 05 15 00 000 -2.0961187E+01 5.6083809E+01 -1.8843515E+01
2026 07 23 05 16 00 000 -2.0976727E+01 5.6052528E+01 -1.8881485E+01
2026 07 23 05 17 00 000 -2.0992529E+01 5.6021538E+01 -1.8919445E+01
2026 07 23 05 18 00 000 -2.1008553E+01 5.5990875E+01 -1.8957399E+01
2026 07 23 05 19 00 000 -2.1024761E+01 5.5960506E+01 -1.8995352E+01
2026 07 23 05 20 00 000 -2.1041155E+01 5.5930428E+01 -1.9033293E+01
2026 07 23 05 21 00 000 -2.1057697E+01 5.5900642E+01 -1.9071228E+01
2026 07 23 05 22 00 000 -2.1074390E+01 5.5871128E+01 -1.9109158E+01
2026 07 23 05 23 00 000 -2.1091213E+01 5.5841892E+01 -1.9147068E+01
2026 07 23 05 24 00 000 -2.1108162E+01 5.5812927E+01 -1.9184969E+01
2026 07 23 05 25 00 000 -2.1125196E+01 5.5784218E+01 -1.9222858E+01
2026 07 23 05 26 00 000 -2.1142340E+01 5.5755764E+01 -1.9260727E+01
2026 07 23 05 27 00 000 -2.1159573E+01 5.5727554E+01 -1.9298584E+01
2026 07 23 05 28 00 000 -2.1176867E+01 5.5699600E+01 -1.9336426E+01
2026 07 23 05 29 00 000 -2.1194233E+01 5.5671852E+01 -1.9374245E+01
2026 07 23 05 30 00 000 -2.1211672E+01 5.5644337E+01 -1.9412039E+01
2026 07 23 05 31 00 000 -2.1229156E+01 5.5617031E+01 -1.9449816E+01
2026 07 23 05 32 00 000 -2.1246689E+01 5.5589939E+01 -1.9487564E+01
2026 07 23 05 33 00 000 -2.1264257E+01 5.5563065E+01 -1.9525293E+01
2026 07 23 05 34 00 000 -2.1281839E+01 5.5536385E+01 -1.9563005E+01
2026 07 23 05 35 00 000 -2.1299467E+01 5.5509884E+01 -1.9600681E+01
2026 07 23 05 36 00 000 -2.1317125E+01 5.5483582E+01 -1.9638332E+01
2026 07 23 05 37 00 000 -2.1334784E+01 5.5457458E+01 -1.9675959E+01
2026 07 23 05 38 00 000 -2.1352476E+01 5.5431511E+01 -1.9713549E+01
2026 07 23 05 39 00 000 -2.1370173E+01 5.5405731E+01 -1.9751110E+01
2026 07 23 05 40 00 000 -2.1387865E+01 5.5380119E+01 -1.9788647E+01
2026 07 23 05 41 00 000 -2.1405569E+01 5.5354668E+01 -1.9826149E+01
2026 07 23 05 42 00 000 -2.1423288E+01 5.5329388E+01 -1.9863615E+01
2026 07 23 05 43 00 000 -2.1440977E+01 5.5304241E+01 -1.9901051E+01
2026 07 23 05 44 00 000 -2.1458687E+01 5.5279240E+01 -1.9938444E+01
2026 07 23 05 45 00 000 -2.1476387E+01 5.5254387E+01 -1.9975809E+01
2026 07 23 05 46 00 000 -2.1494061E+01 5.5229679E+01 -2.0013138E+01
2026 07 23 05 47 00 000 -2.1511745E+01 5.5205109E+01 -2.0050423E+01
2026 07 23 05 48 00 000 -2.1529417E+01 5.5180653E+01 -2.0087667E+01
2026 07 23 05 49 00 000 -2.1547075E+01 5.5156342E+01 -2.0124878E+01
2026 07 23 05 50 00 000 -2.1564697E+01 5.5132145E+01 -2.0162052E+01
2026 07 23 05 51 00 000 -2.1582336E+01 5.5108078E+01 -2.0199175E+01
2026 07 23 05 52 00 000 -2.1599945E+01 5.5084122E+01 -2.0236259E+01
2026 07 23 05 53 00 000 -2.1617535E+01 5.5060284E+01 -2.0273302E+01
2026 07 23 05 54 00 000 -2.1635098E+01 5.5036564E+01 -2.0310303E+01
2026 07 23 05 55 00 000 -2.1652645E+01 5.5012943E+01 -2.0347258E+01
2026 07 23 05 56 00 000 -2.1670176E+01 5.4989441E+01 -2.0384167E+01
2026 07 23 05 57 00 000 -2.1687689E+01 5.4966034E+01 -2.0421024E+01
2026 07 23 05 58 00 000 -2.1705181E+01 5.4942734E+01 -2.0457838E+01
2026 07 23 05 59 00 000 -2.1722645E+01 5.4919533E+01 -2.0494604E+01
2026 07 23 06 00 00 000 -2.1740057E+01 5.4896431E+01 -2.0531330E+01
2026 07 23 06 01 00 000 -2.1757475E+01 5.4873409E+01 -2.0567997E+01
2026 07 23 06 02 00 000 -2.1774872E+01 5.4850506E+01 -2.0604616E+01
2026 07 23 06 03 00 000 -2.1792238E+01 5.4827675E+01 -2.0641186E+01
2026 07 23 06 04 00 000 -2.1809551E+01 5.4804947E+01 -2.0677715E+01
2026 07 23 06 05 00 000 -2.1826864E+01 5.4782291E+01 -2.0714176E+01
2026 07 23 06 06 00 000 -2.1844154E+01 5.4759724E+01 -2.0750589E+01
2026 07 23 06 07 00 000 -2.1861403E+01 5.4737263E+01 -2.0786953E+01
2026 07 23 06 08 00 000 -2.1878639E+01 5.4714859E+01 -2.0823257E+01
2026 07 23 06 09 00 000 -2.1895817E+01 5.4692551E+01 -2.0859514E+01
2026 07 23 06 10 00 000 -2.1912994E+01 5.4670307E+01 -2.0895710E+01
2026 07 23 06 11 00 000 -2.1930143E+01 5.4648148E+01 -2.0931847E+01
2026 07 23 06 12 00 000 -2.1947250E+01 5.4626068E+01 -2.0967936E+01
2026 07 23 06 13 00 000 -2.1964350E+01 5.4604061E+01 -2.1003958E+01
2026 07 23 06 14 00 000 -2.1981415E+01 5.4582127E+01 -2.1039927E+01
2026 07 23 06 15 00 000 -2.1998453E+01 5.4560265E+01 -2.1075832E+01
2026 07 23 06 16 00 000 -2.2015434E+01 5.4538475E+01 -2.1111683E+01
2026 07 23 06 17 00 000 -2.2032427E+01 5.4516750E+01 -2.1147472E+01
2026 07 23 06 18 00 000 -2.2049366E+01 5.4495094E+01 -2.1183199E+01
2026 07 23 06 19 00 000 -2.2066284E+01 5.4473522E+01 -2.1218870E+01
2026 07 23 06 20 00 000 -2.2083179E+01 5.4452000E+01 -2.1254471E+01
2026 07 23 06 21 00 000 -2.2100033E+01 5.4430546E+01 -2.1290018E+01
2026 07 23 06 22 00 000 -2.2116852E+01 5.4409153E+01 -2.1325499E+01
2026 07 23 06 23 00 000 -2.2133648E+01 5.4387848E+01 -2.1360912E+01
2026 07 23 06 24 00 000 -2.2150427E+01 5.4366577E+01 -2.1396263E+01
2026 07 23 06 25 00 000 -2.2167164E+01 5.4345383E+01 -2.1431553E+01
2026 07 23 06 26 00 000 -2.2183878E+01 5.4324238E+01 -2.1466768E+01
2026 07 23 06 27 00 000 -2.2200569E+01 5.4303162E+01 -2.1501925E+01
2026 07 23 06 28 00 000 -2.2217220E+01 5.4282146E+01 -2.1537010E+01
2026 07 23 06 29 00 000 -2.2233843E+01 5.4261192E+01 -2.1572035E+01
2026 07 23 06 30 00 000 -2.2250446E+01 5.4240299E+01 -2.1606981E+01
2026 07 23 06 31 00 000 -2.2267025E+01 5.4219456E+01 -2.1641863E+01
2026 07 23 06 32 00 000 -2.2283575E+01 5.4198677E+01 -2.1676674E+01
2026 07 23 06 33 00 000 -2.2300066E+01 5.4177944E+01 -2.1711422E+01
2026 07 23 06 34 00 000 -2.2316574E+01 5.4157276E+01 -2.1746090E+01
2026 07 23 06 35 00 000 -2.2333017E+01 5.4136654E+01 -2.1780695E+01
2026 07 23 06 36 00 000 -2.2349457E+01 5.4116093E+01 -2.1815220E+01
2026 07 23 06 37 00 000 -2.2365847E+01 5.4095589E+01 -2.1849680E+01
2026 07 23 06 38 00 000 -2.2382235E+01 5.4075130E+01 -2.1884058E+01
2026 07 23 06 39 00 000 -2.2398561E+01 5.4054745E+01 -2.1918375E+01
2026 07 23 06 40 00 000 -2.2414883E+01 5.4034401E+01 -2.1952610E+01
2026 07 23 06 41 00 000 -2.2431183E+01 5.4014095E+01 -2.1986771E+01
2026 07 23 06 42 00 000 -2.2447447E+01 5.3993858E+01 -2.2020853E+01
2026 07 23 06 43 00 000 -2.2463659E+01 5.3973679E+01 -2.2054878E+01
2026 07 23 06 44 00 000 -2.2479847E+01 5.3953545E+01 -2.2088816E+01
2026 07 23 06 45 00 000 -2.2496033E+01 5.3933456E+01 -2.2122673E+01
2026 07 23 06 46 00 000 -2.2512184E+01 5.3913418E+01 -2.2156450E+01
2026 07 23 06 47 00 000 -2.2528316E+01 5.3893433E+01 -2.2190153E+01
2026 07 23 06 48 00 000 -2.2544415E+01 5.3873501E+01 -2.2223776E+01
2026 07 23 06 49 00 000 -2.2560492E+01 5.3853603E+01 -2.2257318E+01
2026 07 23 06 50 00 000 -2.2576532E+01 5.3833786E+01 -2.2290794E+01
2026 07 23 06 51 00 000 -2.2592541E+01 5.3813999E+01 -2.2324179E+01
2026 07 23 06 52 00 000 -2.2608534E+01 5.3794258E+01 -2.2357485E+01
2026 07 23 06 53 00 000 -2.2624491E+01 5.3774574E+01 -2.2390709E+01
2026 07 23 06 54 00 000 -2.2640446E+01 5.3754936E+01 -2.2423849E+01
2026 07 23 06 55 00 000 -2.2656363E+01 5.3735344E+01 -2.2456907E+01
2026 07 23 06 56 00 000 -2.2672230E+01 5.3715801E+01 -2.2489889E+01
2026 07 23 06 57 00 000 -2.2688091E+01 5.3696308E+01 -2.2522781E+01
2026 07 23 06 58 00 000 -2.2703905E+01 5.3676876E+01 -2.2555601E+01
2026 07 23 06 59 00 000 -2.2719730E+01 5.3657467E+01 -2.2588322E+01
2026 07 23 07 00 00 000 -2.2735506E+01 5.3638126E+01 -2.2620964E+01
2026 07 23 07 01 00 000 -2.2751261E+01 5.3618824E+01 -2.2653522E+01
2026 07 23 07 02 00 000 -2.2767000E+01 5.3599567E+01 -2.2685989E+01
2026 07 23 07 03 00 000 -2.2782698E+01 5.3580368E+01 -2.2718378E+01
2026 07 23 07 04 00 000 -2.2798370E+01 5.3561214E+01 -2.2750671E+01
2026 07 23 07 05 00 000 -2.2814020E+01 5.3542099E+01 -2.2782887E+01
2026 07 23 07 06 00 000 -2.2829653E+01 5.3523041E+01 -2.2815008E+01
2026 07 23 07 07 00 000 -2.2845266E+01 5.3504028E+01 -2.2847036E+01
2026 07 23 07 08 00 000 -2.2860834E+01 5.3485058E+01 -2.2878984E+01
2026 07 23 07 09 00 000 -2.2876398E+01 5.3466141E+01 -2.2910841E+01
2026 07 23 07 10 00 000 -2.2891932E+01 5.3447262E+01 -2.2942606E+01
2026 07 23 07 11 00 000 -2.2907417E+01 5.3428444E+01 -2.2974291E+01
2026 07 23 07 12 00 000 -2.2922897E+01 5.3409660E+01 -2.3005867E+01
2026 07 23 07 13 00 000 -2.2938368E+01 5.3390926E+01 -2.3037357E+01
2026 07 23 07 14 00 000 -2.2953804E+01 5.3372250E+01 -2.3068756E+01
2026 07 23 07 15 00 000 -2.2969206E+01 5.3353603E+01 -2.3100067E+01
2026 07 23 07 16 00 000 -2.2984596E+01 5.3335018E+01 -2.3131283E+01
2026 07 23 07 17 00 000 -2.2999966E+01 5.3316475E+01 -2.3162399E+01
2026 07 23 07 18 00 000 -2.3015293E+01 5.3297981E+01 -2.3193436E+01
2026 07 23 07 19 00 000 -2.3030603E+01 5.3279530E+01 -2.3224361E+01
2026 07 23 07 20 00 000 -2.3045898E+01 5.3261131E+01 -2.3255209E+01
2026 07 23 07 21 00 000 -2.3061161E+01 5.3242775E+01 -2.3285952E+01
2026 07 23 07 22 00 000 -2.3076410E+01 5.3224476E+01 -2.3316601E+01
2026 07 23 07 23 00 000 -2.3091637E+01 5.3206207E+01 -2.3347149E+01
2026 07 23 07 24 00 000 -2.3106842E+01 5.3188000E+01 -2.3377600E+01
2026 07 23 07 25 00 000 -2.3121998E+01 5.3169838E+01 -2.3407963E+01
2026 07 23 07 26 00 000 -2.3137156E+01 5.3151726E+01 -2.3438223E+01
2026 07 23 07 27 00 000 -2.3152292E+01 5.3133656E+01 -2.3468382E+01
2026 07 23 07 28 00 000 -2.3167393E+01 5.3115635E+01 -2.3498449E+01
2026 07 23 07 29 00 000 -2.3182465E+01 5.3097675E+01 -2.3528418E+01
2026 07 23 07 30 00 000 -2.3197531E+01 5.3079758E+01 -2.3558285E+01
2026 07 23 07 31 00 000 -2.3212580E+01 5.3061878E+01 -2.3588047E+01
2026 07 23 07 32 00 000 -2.3227587E+01 5.3044041E+01 -2.3617712E+01
2026 07 23 07 33 00 000 -2.3242575E+01 5.3026276E+01 -2.3647282E+01
2026 07 23 07 34 00 000 -2.3257557E+01 5.3008533E+01 -2.3676743E+01
2026 07 23 07 35 00 000 -2.3272514E+01 5.2990864E+01 -2.3706097E+01
2026 07 23 07 36 00 000 -2.3287437E+01 5.2973240E+01 -2.3735361E+01
2026 07 23 07 37 00 000 -2.3302364E+01 5.2955650E+01 -2.3764515E+01
2026 07 23 07 38 00 000 -2.3317255E+01 5.2938114E+01 -2.3793566E+01
2026 07 23 07 39 00 000 -2.3332096E+01 5.2920635E+01 -2.3822521E+01
2026 07 23 07 40 00 000 -2.3346949E+01 5.2903198E+01 -2.3851364E+01
2026 07 23 07 41 00 000 -2.3361761E+01 5.2885822E+01 -2.3880112E+01
2026 07 23 07 42 00 000 -2.3376553E+01 5.2868492E+01 -2.3908749E+01
2026 07 23 07 43 00 000 -2.3391344E+01 5.2851204E+01 -2.3937275E+01
2026 07 23 07 44 00 000 -2.3406090E+01 5.2833969E+01 -2.3965706E+01
2026 07 23 07 45 00 000 -2.3420835E+01 5.2816788E+01 -2.3994026E+01
2026 07 23 07 46 00 000 -2.3435545E+01 5.2799664E+01 -2.4022243E+01
2026 07 23 07 47 00 000 -2.3450249E+01 5.2782574E+01 -2.4050344E+01
2026 07 23 07 48 00 000 -2.3464924E+01 5.2765537E+01 -2.4078342E+01
2026 07 23 07 49 00 000 -2.3479588E+01 5.2748558E+01 -2.4106232E+01
2026 07 23 07 50 00 000 -2.3494200E+01 5.2731640E+01 -2.4134020E+01
2026 07 23 07 51 00 000 -2.3508820E+01 5.2714756E+01 -2.4161692E+01
2026 07 23 07 52 00 000 -2.3523418E+01 5.2697929E+01 -2.4189257E+01
2026 07 23 07 53 00 000 -2.3537992E+01 5.2681149E+01 -2.4216709E+01
2026 07 23 07 54 00 000 -2.3552540E+01 5.2664436E+01 -2.4244057E+01
2026 07 23 07 55 00 000 -2.3567081E+01 5.2647766E+01 -2.4271294E+01
2026 07 23 07 56 00 000 -2.3581585E+01 5.2631149E+01 -2.4298418E+01
2026 07 23 07 57 00 000 -2.3596081E+01 5.2614586E+01 -2.4325432E+01
2026 07 23 07 58 00 000 -2.3610548E+01 5.2598072E+01 -2.4352333E+01
2026 07 23 07 59 00 000 -2.3625006E+01 5.2581615E+01 -2.4379126E+01
2026 07 23 08 00 00 000 -2.3639433E+01 5.2565208E+01 -2.4405804E+01
2026 07 23 08 01 00 000 -2.3653841E+01 5.2548855E+01 -2.4432369E+01
2026 07 23 08 02 00 000 -2.3668253E+01 5.2532558E+01 -2.4458817E+01
2026 07 23 08 03 00 000 -2.3682610E+01 5.2516315E+01 -2.4485157E+01
2026 07 23 08 04 00 000 -2.3696966E+01 5.2500134E+01 -2.4511389E+01
2026 07 23 08 05 00 000 -2.3711304E+01 5.2483986E+01 -2.4537491E+01
2026 07 23 08 06 00 000 -2.3725626E+01 5.2467911E+01 -2.4563488E+01
2026 07 23 08 07 00 000 -2.3739920E+01 5.2451881E+01 -2.4589371E+01
2026 07 23 08 08 00 000 -2.3754190E+01 5.2435909E+01 -2.4615135E+01
2026 07 23 08 09 00 000 -2.3768456E+01 5.2420002E+01 -2.4640781E+01
2026 07 23 08 10 00 000 -2.3782701E+01 5.2404137E+01 -2.4666315E+01
2026 07 23 08 11 00 000 -2.3796911E+01 5.2388332E+01 -2.4691736E+01
2026 07 23 08 12 00 000 -2.3811121E+01 5.2372585E+01 -2.4717028E+01
2026 07 23 08 13 00 000 -2.3825300E+01 5.2356892E+01 -2.4742210E+01
2026 07 23 08 14 00 000 -2.3839468E+01 5.2341255E+01 -2.4767275E+01
2026 07 23 08 15 00 000 -2.3853619E+01 5.2325680E+01 -2.4792217E+01
2026 07 23 08 16 00 000 -2.3867756E+01 5.2310150E+01 -2.4817045E+01
2026 07 23 08 17 00 000 -2.3881842E+01 5.2294689E+01 -2.4841759E+01
2026 07 23 08 18 00 000 -2.3895952E+01 5.2279278E+01 -2.4866341E+01
2026 07 23 08 19 00 000 -2.3910023E+01 5.2263924E+01 -2.4890812E+01
2026 07 23 08 20 00 000 -2.3924070E+01 5.2248638E+01 -2.4915163E+01
2026 07 23 08 21 00 000 -2.3938095E+01 5.2233402E+01 -2.4939394E+01
2026 07 23 08 22 00 000 -2.3952118E+01 5.2218224E+01 -2.4963499E+01
2026 07 23 08 23 00 000 -2.3966125E+01 5.2203114E+01 -2.4987484E+01
2026 07 23 08 24 00 000 -2.3980101E+01 5.2188061E+01 -2.5011354E+01
2026 07 23 08 25 00 000 -2.3994057E+01 5.2173054E+01 -2.5035101E+01
2026 07 23 08 26 00 000 -2.4008013E+01 5.2158108E+01 -2.5058716E+01
2026 07 23 08 27 00 000 -2.4021938E+01 5.2143238E+01 -2.5082220E+01
2026 07 23 08 28 00 000 -2.4035864E+01 5.2128410E+01 -2.5105585E+01
2026 07 23 08 29 00 000 -2.4049738E+01 5.2113655E+01 -2.5128847E+01
2026 07 23 08 30 00 000 -2.4063633E+01 5.2098949E+01 -2.5151970E+01
2026 07 23 08 31 00 000 -2.4077501E+01 5.2084312E+01 -2.5174973E+01
2026 07 23 08 32 00 000 -2.4091330E+01 5.2069729E+01 -2.5197855E+01
2026 07 23 08 33 00 000 -2.4105146E+01 5.2055218E+01 -2.5220613E+01
2026 07 23 08 34 00 000 -2.4118959E+01 5.2040768E+01 -2.5243246E+01
2026 07 23 08 35 00 000 -2.4132738E+01 5.2026371E+01 -2.5265755E+01
2026 07 23 08 36 00 000 -2.4146517E+01 5.2012035E+01 -2.5288130E+01
2026 07 23 08 37 00 000 -2.4160280E+01 5.1997768E+01 -2.5310379E+01
2026 07 23 08 38 00 000 -2.4174021E+01 5.1983555E+01 -2.5332502E+01
2026 07 23 08 39 00 000 -2.4187729E+01 5.1969421E+01 -2.5354511E+01
2026 07 23 08 40 00 000 -2.4201420E+01 5.1955334E+01 -2.5376389E+01
2026 07 23 08 41 00 000 -2.4215122E+01 5.1941322E+01 -2.5398130E+01
2026 07 23 08 42 00 000 -2.4228790E+01 5.1927364E+01 -2.5419750E+01
2026 07 23 08 43 00 000 -2.4242432E+01 5.1913479E+01 -2.5441250E+01
2026 07 23 08 44 00 000 -2.4256077E+01 5.1899643E+01 -2.5462605E+01
2026 07 23 08 45 00 000 -2.4269703E+01 5.1885876E+01 -2.5483831E+01
2026 07 23 08 46 00 000 -2.4283295E+01 5.1872189E+01 -2.5504944E+01
2026 07 23 08 47 00 000 -2.4296873E+01 5.1858547E+01 -2.5525921E+01
2026 07 23 08 48 00 000 -2.4310444E+01 5.1844982E+01 -2.5546762E+01
2026 07 23 08 49 00 000 -2.4323997E+01 5.1831486E+01 -2.5567484E+01
2026 07 23 08 50 00 000 -2.4337538E+01 5.1818043E+01 -2.5588060E+01
2026 07 23 08 51 00 000 -2.4351063E+01 5.1804668E+01 -2.5608515E+01
2026 07 23 08 52 00 000 -2.4364567E+01 5.1791370E+01 -2.5628838E+01
2026 07 23 08 53 00 000 -2.4378071E+01 5.1778122E+01 -2.5649027E+01
2026 07 23 08 54 00 000 -2.4391510E+01 5.1764954E+01 -2.5669102E+01
2026 07 23 08 55 00 000 -2.4404982E+01 5.1751850E+01 -2.5689020E+01
2026 07 23 08 56 00 000 -2.4418428E+01 5.1738815E+01 -2.5708820E+01
2026 07 23 08 57 00 000 -2.4431847E+01 5.1725838E+01 -2.5728481E+01
2026 07 23 08 58 00 000 -2.4445259E+01 5.1712933E+01 -2.5748011E+01
2026 07 23 08 59 00 000 -2.4458641E+01 5.1700100E+01 -2.5767410E+01
2026 07 23 09 00 00 000 -2.4472021E+01 5.1687328E+01 -2.5786674E+01
2026 07 23 09 01 00 000 -2.4485359E+01 5.1674641E+01 -2.5805813E+01
2026 07 23 09 02 00 000 -2.4498713E+01 5.1662014E+01 -2.5824812E+01
2026 07 23 09 03 00 000 -2.4512047E+01 5.1649448E+01 -2.5843674E+01
2026 07 23 09 04 00 000 -2.4525354E+01 5.1636948E+01 -2.5862398E+01
2026 07 23 09 05 00 000 -2.4538656E+01 5.1624523E+01 -2.5880987E+01
2026 07 23 09 06 00 000 -2.4551954E+01 5.1612179E+01 -2.5899443E+01
2026 07 23 09 07 00 000 -2.4565218E+01 5.1599892E+01 -2.5917767E+01
2026 07 23 09 08 00 000 -2.4578459E+01 5.1587681E+01 -2.5935955E+01
2026 07 23 09 09 00 000 -2.4591700E+01 5.1575539E+01 -2.5954006E+01
2026 07 23 09 10 00 000 -2.4604914E+01 5.1563473E+01 -2.5971926E+01
2026 07 23 09 11 00 000 -2.4618124E+01 5.1551464E+01 -2.5989695E+01
2026 07 23 09 12 00 000 -2.4631304E+01 5.1539543E+01 -2.6007343E+01
2026 07 23 09 13 00 000 -2.4644497E+01 5.1527676E+01 -2.6024839E+01
2026 07 23 09 14 00 000 -2.4657631E+01 5.1515896E+01 -2.6042213E+01
2026 07 23 09 15 00 000 -2.4670784E+01 5.1504173E+01 -2.6059431E+01
2026 07 23 09 16 00 000 -2.4683916E+01 5.1492535E+01 -2.6076527E+01
2026 07 23 09 17 00 000 -2.4697035E+01 5.1480972E+01 -2.6093470E+01
2026 07 23 09 18 00 000 -2.4710125E+01 5.1469471E+01 -2.6110291E+01
2026 07 23 09 19 00 000 -2.4723204E+01 5.1458054E+01 -2.6126972E+01
2026 07 23 09 20 00 000 -2.4736271E+01 5.1446697E+01 -2.6143499E+01
2026 07 23 09 21 00 000 -2.4749321E+01 5.1435425E+01 -2.6159899E+01
2026 07 23 09 22 00 000 -2.4762350E+01 5.1424221E+01 -2.6176157E+01
2026 07 23 09 23 00 000 -2.4775379E+01 5.1413094E+01 -2.6192270E+01
2026 07 23 09 24 00 000 -2.4788380E+01 5.1402035E+01 -2.6208250E+01
2026 07 23 09 25 00 000 -2.4801380E+01 5.1391060E+01 -2.6224081E+01
2026 07 23 09 26 00 000 -2.4814352E+01 5.1380154E+01 -2.6239782E+01
2026 07 23 09 27 00 000 -2.4827324E+01 5.1369316E+01 -2.6255329E+01
2026 07 23 09 28 00 000 -2.4840282E+01 5.1358566E+01 -2.6270741E+01
2026 07 23 09 29 00 000 -2.4853222E+01 5.1347881E+01 -2.6286009E+01
2026 07 23 09 30 00 000 -2.4866131E+01 5.1337280E+01 -2.6301142E+01
2026 07 23 09 31 00 000 -2.4879047E+01 5.1326756E+01 -2.6316124E+01
2026 07 23 09 32 00 000 -2.4891928E+01 5.1316296E+01 -2.6330967E+01
2026 07 23 09 33 00 000 -2.4904808E+01 5.1305923E+01 -2.6345669E+01
2026 07 23 09 34 00 000 -2.4917679E+01 5.1295616E+01 -2.6360228E+01
2026 07 23 09 35 00 000 -2.4930521E+01 5.1285400E+01 -2.6374647E+01
2026 07 23 09 36 00 000 -2.4943346E+01 5.1275249E+01 -2.6388920E+01
2026 07 23 09 37 00 000 -2.4956173E+01 5.1265186E+01 -2.6403048E+01
2026 07 23 09 38 00 000 -2.4968985E+01 5.1255196E+01 -2.6417030E+01
2026 07 23 09 39 00 000 -2.4981756E+01 5.1245293E+01 -2.6430878E+01
2026 07 23 09 40 00 000 -2.4994541E+01 5.1235451E+01 -2.6444572E+01
2026 07 23 09 41 00 000 -2.5007320E+01 5.1225685E+01 -2.6458117E+01
2026 07 23 09 42 00 000 -2.5020046E+01 5.1216022E+01 -2.6471533E+01
2026 07 23 09 43 00 000 -2.5032793E+01 5.1206413E+01 -2.6484787E+01
2026 07 23 09 44 00 000 -2.5045517E+01 5.1196907E+01 -2.6497910E+01
2026 07 23 09 45 00 000 -2.5058212E+01 5.1187447E+01 -2.6510881E+01
2026 07 23 09 46 00 000 -2.5070915E+01 5.1178093E+01 -2.6523705E+01
2026 07 23 09 47 00 000 -2.5083584E+01 5.1168816E+01 -2.6536388E+01
2026 07 23 09 48 00 000 -2.5096266E+01 5.1159595E+01 -2.6548908E+01
2026 07 23 09 49 00 000 -2.5108906E+01 5.1150482E+01 -2.6561308E+01
2026 07 23 09 50 00 000 -2.5121540E+01 5.1141441E+01 -2.6573545E+01
2026 07 23 09 51 00 000 -2.5134172E+01 5.1132469E+01 -2.6585632E+01
2026 07 23 09 52 00 000 -2.5146788E+01 5.1123589E+01 -2.6597578E+01
2026 07 23 09 53 00 000 -2.5159359E+01 5.1114796E+01 -2.6609385E+01
2026 07 23 09 54 00 000 -2.5171953E+01 5.1106071E+01 -2.6621037E+01
2026 07 23 09 55 00 000 -2.5184528E+01 5.1097439E+01 -2.6632528E+01
2026 07 23 09 56 00 000 -2.5197073E+01 5.1088871E+01 -2.6643887E+01
2026 07 23 09 57 00 000 -2.5209621E+01 5.1080399E+01 -2.6655098E+01
2026 07 23 09 58 00 000 -2.5222141E+01 5.1072002E+01 -2.6666155E+01
2026 07 23 09 59 00 000 -2.5234665E+01 5.1063698E+01 -2.6677065E+01
2026 07 23 10 00 00 000 -2.5247154E+01 5.1055466E+01 -2.6687828E+01
2026 07 23 10 01 00 000 -2.5259638E+01 5.1047314E+01 -2.6698441E+01
2026 07 23 10 02 00 000 -2.5272120E+01 5.1039246E+01 -2.6708900E+01
2026 07 23 10 03 00 000 -2.5284580E+01 5.1031269E+01 -2.6719212E+01
2026 07 23 10 04 00 000 -2.5297035E+01 5.1023357E+01 -2.6729364E+01
2026 07 23 10 05 00 000 -2.5309477E+01 5.1015545E+01 -2.6739378E+01
2026 07 23 10 06 00 000 -2.5321890E+01 5.1007812E+01 -2.6749243E+01
2026 07 23 10 07 00 000 -2.5334291E+01 5.1000168E+01 -2.6758961E+01
2026 07 23 10 08 00 000 -2.5346693E+01 5.0992607E+01 -2.6768522E+01
2026 07 23 10 09 00 000 -2.5359064E+01 5.0985123E+01 -2.6777935E+01
2026 07 23 10 10 00 000 -2.5371437E+01 5.0977726E+01 -2.6787189E+01
2026 07 23 10 11 00 000 -2.5383787E+01 5.0970413E+01 -2.6796299E+01
2026 07 23 10 12 00 000 -2.5396135E+01 5.0963184E+01 -2.6805256E+01
2026 07 23 10 13 00 000 -2.5408466E+01 5.0956036E+01 -2.6814054E+01
2026 07 23 10 14 00 000 -2.5420788E+01 5.0948978E+01 -2.6822708E+01
2026 07 23 10 15 00 000 -2.5433088E+01 5.0942013E+01 -2.6831215E+01
2026 07 23 10 16 00 000 -2.5445377E+01 5.0935112E+01 -2.6839560E+01
2026 07 23 10 17 00 000 -2.5457638E+01 5.0928307E+01 -2.6847763E+01
2026 07 23 10 18 00 000 -2.5469908E+01 5.0921593E+01 -2.6855806E+01
2026 07 23 10 19 00 000 -2.5482161E+01 5.0914967E+01 -2.6863697E+01
2026 07 23 10 20 00 000 -2.5494394E+01 5.0908413E+01 -2.6871437E+01
2026 07 23 10 21 00 000 -2.5506624E+01 5.0901958E+01 -2.6879025E+01
2026 07 23 10 22 00 000 -2.5518826E+01 5.0895576E+01 -2.6886454E+01
2026 07 23 10 23 00 000 -2.5531019E+01 5.0889290E+01 -2.6893734E+01
2026 07 23 10 24 00 000 -2.5543228E+01 5.0883087E+01 -2.6900852E+01
2026 07 23 10 25 00 000 -2.5555393E+01 5.0876961E+01 -2.6907820E+01
2026 07 23 10 26 00 000 -2.5567556E+01 5.0870937E+01 -2.6914642E+01
2026 07 23 10 27 00 000 -2.5579720E+01 5.0864994E+01 -2.6921293E+01
2026 07 23 10 28 00 000 -2.5591845E+01 5.0859138E+01 -2.6927803E+01
2026 07 23 10 29 00 000 -2.5603958E+01 5.0853374E+01 -2.6934164E+01
2026 07 23 10 30 00 000 -2.5616077E+01 5.0847691E+01 -2.6940359E+01
2026 07 23 10 31 00 000 -2.5628168E+01 5.0842087E+01 -2.6946400E+01
2026 07 23 10 32 00 000 -2.5640259E+01 5.0836590E+01 -2.6952293E+01
2026 07 23 10 33 00 000 -2.5652340E+01 5.0831173E+01 -2.6958023E+01
2026 07 23 10 34 00 000 -2.5664392E+01 5.0825836E+01 -2.6963600E+01
2026 07 23 10 35 00 000 -2.5676443E+01 5.0820587E+01 -2.6969015E+01
2026 07 23 10 36 00 000 -2.5688461E+01 5.0815441E+01 -2.6974298E+01
2026 07 23 10 37 00 000 -2.5700502E+01 5.0810371E+01 -2.6979397E+01
2026 07 23 10 38 00 000 -2.5712503E+01 5.0805393E+01 -2.6984352E+01
2026 07 23 10 39 00 000 -2.5724508E+01 5.0800507E+01 -2.6989151E+01
2026 07 23 10 40 00 000 -2.5736485E+01 5.0795712E+01 -2.6993795E+01
2026 07 23 10 41 00 000 -2.5748465E+01 5.0790985E+01 -2.6998274E+01
2026 07 23 10 42 00 000 -2.5760420E+01 5.0786362E+01 -2.7002605E+01
2026 07 23 10 43 00 000 -2.5772362E+01 5.0781830E+01 -2.7006777E+01
2026 07 23 10 44 00 000 -2.5784306E+01 5.0777393E+01 -2.7010786E+01
2026 07 23 10 45 00 000 -2.5796247E+01 5.0773018E+01 -2.7014631E+01
2026 07 23 10 46 00 000 -2.5808157E+01 5.0768757E+01 -2.7018339E+01
2026 07 23 10 47 00 000 -2.5820045E+01 5.0764576E+01 -2.7021881E+01
2026 07 23 10 48 00 000 -2.5831938E+01 5.0760487E+01 -2.7025259E+01
2026 07 23 10 49 00 000 -2.5843826E+01 5.0756485E+01 -2.7028477E+01
2026 07 23 10 50 00 000 -2.5855679E+01 5.0752571E+01 -2.7031549E+01
2026 07 23 10 51 00 000 -2.5867535E+01 5.0748760E+01 -2.7034462E+01
2026 07 23 10 52 00 000 -2.5879370E+01 5.0745018E+01 -2.7037210E+01
2026 07 23 10 53 00 000 -2.5891186E+01 5.0741383E+01 -2.7039806E+01
2026 07 23 10 54 00 000 -2.5903008E+01 5.0737827E+01 -2.7042240E+01
2026 07 23 10 55 00 000 -2.5914833E+01 5.0734364E+01 -2.7044506E+01
2026 07 23 10 56 00 000 -2.5926619E+01 5.0730999E+01 -2.7046627E+01
2026 07 23 10 57 00 000 -2.5938387E+01 5.0727711E+01 -2.7048582E+01
2026 07 23 10 58 00 000 -2.5950150E+01 5.0724522E+01 -2.7050390E+01
2026 07 23 10 59 00 000 -2.5961912E+01 5.0721428E+01 -2.7052025E+01
2026 07 23 11 00 00 000 -2.5973650E+01 5.0718418E+01 -2.7053501E+01
2026 07 23 11 01 00 000 -2.5985388E+01 5.0715492E+01 -2.7054821E+01
2026 07 23 11 02 00 000 -2.5997116E+01 5.0712669E+01 -2.7055977E+01
2026 07 23 11 03 00 000 -2.6008814E+01 5.0709942E+01 -2.7056990E+01
2026 07 23 11 04 00 000 -2.6020508E+01 5.0707287E+01 -2.7057823E+01
2026 07 23 11 05 00 000 -2.6032196E+01 5.0704727E+01 -2.7058508E+01
2026 07 23 11 06 00 000 -2.6043873E+01 5.0702259E+01 -2.7059019E+01
2026 07 23 11 07 00 000 -2.6055544E+01 5.0699879E+01 -2.7059378E+01
2026 07 23 11 08 00 000 -2.6067184E+01 5.0697601E+01 -2.7059582E+01
2026 07 23 11 09 00 000 -2.6078827E+01 5.0695408E+01 -2.7059618E+01
2026 07 23 11 10 00 000 -2.6090452E+01 5.0693298E+01 -2.7059496E+01
2026 07 23 11 11 00 000 -2.6102057E+01 5.0691288E+01 -2.7059219E+01
2026 07 23 11 12 00 000 -2.6113663E+01 5.0689373E+01 -2.7058777E+01
2026 07 23 11 13 00 000 -2.6125257E+01 5.0687538E+01 -2.7058165E+01
2026 07 23 11 14 00 000 -2.6136833E+01 5.0685802E+01 -2.7057404E+01
2026 07 23 11 15 00 000 -2.6148405E+01 5.0684155E+01 -2.7056471E+01
2026 07 23 11 16 00 000 -2.6159967E+01 5.0682587E+01 -2.7055384E+01
2026 07 23 11 17 00 000 -2.6171507E+01 5.0681129E+01 -2.7054142E+01
2026 07 23 11 18 00 000 -2.6183031E+01 5.0679756E+01 -2.7052729E+01
2026 07 23 11 19 00 000 -2.6194559E+01 5.0678471E+01 -2.7051155E+01
2026 07 23 11 20 00 000 -2.6206078E+01 5.0677284E+01 -2.7049417E+01
2026 07 23 11 21 00 000 -2.6217571E+01 5.0676174E+01 -2.7047522E+01
2026 07 23 11 22 00 000 -2.6229046E+01 5.0675179E+01 -2.7045477E+01
2026 07 23 11 23 00 000 -2.6240534E+01 5.0674255E+01 -2.7043247E+01
2026 07 23 11 24 00 000 -2.6251991E+01 5.0673424E+01 -2.7040869E+01
2026 07 23 11 25 00 000 -2.6263460E+01 5.0672688E+01 -2.7038319E+01
2026 07 23 11 26 00 000 -2.6274912E+01 5.0672050E+01 -2.7035610E+01
2026 07 23 11 27 00 000 -2.6286320E+01 5.0671501E+01 -2.7032753E+01
2026 07 23 11 28 00 000 -2.6297743E+01 5.0671032E+01 -2.7029715E+01
2026 07 23 11 29 00 000 -2.6309160E+01 5.0670662E+01 -2.7026514E+01
2026 07 23 11 30 00 000 -2.6320549E+01 5.0670387E+01 -2.7023167E+01
2026 07 23 11 31 00 000 -2.6331936E+01 5.0670197E+01 -2.7019648E+01
2026 07 23 11 32 00 000 -2.6343309E+01 5.0670101E+01 -2.7015966E+01
2026 07 23 11 33 00 000 -2.6354679E+01 5.0670094E+01 -2.7012117E+01
2026 07 23 11 34 00 000 -2.6366018E+01 5.0670181E+01 -2.7008116E+01
2026 07 23 11 35 00 000 -2.6377378E+01 5.0670353E+01 -2.7003937E+01
2026 07 23 11 36 00 000 -2.6388687E+01 5.0670628E+01 -2.6999613E+01
2026 07 23 11 37 00 000 -2.6400013E+01 5.0670975E+01 -2.6995111E+01
2026 07 23 11 38 00 000 -2.6411324E+01 5.0671436E+01 -2.6990452E+01
2026 07 23 11 39 00 000 -2.6422615E+01 5.0671970E+01 -2.6985630E+01
2026 07 23 11 40 00 000 -2.6433903E+01 5.0672607E+01 -2.6980644E+01
2026 07 23 11 41 00 000 -2.6445169E+01 5.0673340E+01 -2.6975496E+01
2026 07 23 11 42 00 000 -2.6456440E+01 5.0674133E+01 -2.6970181E+01
2026 07 23 11 43 00 000 -2.6467686E+01 5.0675045E+01 -2.6964699E+01
2026 07 23 11 44 00 000 -2.6478933E+01 5.0676037E+01 -2.6959057E+01
2026 07 23 11 45 00 000 -2.6490150E+01 5.0677132E+01 -2.6953262E+01
2026 07 23 11 46 00 000 -2.6501373E+01 5.0678299E+01 -2.6947290E+01
2026 07 23 11 47 00 000 -2.6512577E+01 5.0679577E+01 -2.6941162E+01
2026 07 23 11 48 00 000 -2.6523790E+01 5.0680931E+01 -2.6934858E+01
2026 07 23 11 49 00 000 -2.6534973E+01 5.0682373E+01 -2.6928402E+01
2026 07 23 11 50 00 000 -2.6546139E+01 5.0683918E+01 -2.6921782E+01
2026 07 23 11 51 00 000 -2.6557306E+01 5.0685547E+01 -2.6914999E+01
2026 07 23 11 52 00 000 -2.6568455E+01 5.0687275E+01 -2.6908049E+01
2026 07 23 11 53 00 000 -2.6579599E+01 5.0689068E+01 -2.6900928E+01
2026 07 23 11 54 00 000 -2.6590736E+01 5.0690968E+01 -2.6893652E+01
2026 07 23 11 55 00 000 -2.6601851E+01 5.0692963E+01 -2.6886213E+01
2026 07 23 11 56 00 000 -2.6612963E+01 5.0695045E+01 -2.6878601E+01
2026 07 23 11 57 00 000 -2.6624041E+01 5.0697212E+01 -2.6870838E+01
2026 07 23 11 58 00 000 -2.6635149E+01 5.0699474E+01 -2.6862894E+01
2026 07 23 11 59 00 000 -2.6646217E+01 5.0701817E+01 -2.6854801E+01
2026 07 23 12 00 00 000 -2.6657290E+01 5.0704262E+01 -2.6846533E+01
2026 07 23 12 01 00 000 -2.6668350E+01 5.0706787E+01 -2.6838104E+01
2026 07 23 12 02 00 000 -2.6679392E+01 5.0709408E+01 -2.6829517E+01
2026 07 23 12 03 00 000 -2.6690416E+01 5.0712109E+01 -2.6820761E+01
2026 07 23 12 04 00 000 -2.6701433E+01 5.0714909E+01 -2.6811846E+01
2026 07 23 12 05 00 000 -2.6712442E+01 5.0717785E+01 -2.6802761E+01
2026 07 23 12 06 00 000 -2.6723454E+01 5.0720760E+01 -2.6793509E+01
2026 07 23 12 07 00 000 -2.6734438E+01 5.0723827E+01 -2.6784100E+01
2026 07 23 12 08 00 000 -2.6745428E+01 5.0726967E+01 -2.6774515E+01
2026 07 23 12 09 00 000 -2.6756409E+01 5.0730202E+01 -2.6764765E+01
2026 07 23 12 10 00 000 -2.6767365E+01 5.0733532E+01 -2.6754864E+01
2026 07 23 12 11 00 000 -2.6778305E+01 5.0736958E+01 -2.6744801E+01
2026 07 23 12 12 00 000 -2.6789246E+01 5.0740456E+01 -2.6734562E+01
2026 07 23 12 13 00 000 -2.6800167E+01 5.0744045E+01 -2.6724167E+01
2026 07 23 12 14 00 000 -2.6811092E+01 5.0747730E+01 -2.6713600E+01
2026 07 23 12 15 00 000 -2.6821974E+01 5.0751495E+01 -2.6702885E+01
2026 07 23 12 16 00 000 -2.6832888E+01 5.0755356E+01 -2.6691982E+01
2026 07 23 12 17 00 000 -2.6843777E+01 5.0759285E+01 -2.6680927E+01
2026 07 23 12 18 00 000 -2.6854645E+01 5.0763306E+01 -2.6669704E+01
2026 07 23 12 19 00 000 -2.6865517E+01 5.0767437E+01 -2.6658327E+01
2026 07 23 12 20 00 000 -2.6876362E+01 5.0771641E+01 -2.6646778E+01
2026 07 23 12 21 00 000 -2.6887194E+01 5.0775928E+01 -2.6635067E+01
2026 07 23 12 22 00 000 -2.6898029E+01 5.0780304E+01 -2.6623190E+01
2026 07 23 12 23 00 000 -2.6908859E+01 5.0784767E+01 -2.6611149E+01
2026 07 23 12 24 00 000 -2.6919661E+01 5.0789314E+01 -2.6598949E+01
2026 07 23 12 25 00 000 -2.6930454E+01 5.0793949E+01 -2.6586578E+01
2026 07 23 12 26 00 000 -2.6941248E+01 5.0798668E+01 -2.6574055E+01
2026 07 23 12 27 00 000 -2.6952038E+01 5.0803467E+01 -2.6561348E+01
2026 07 23 12 28 00 000 -2.6962811E+01 5.0808350E+01 -2.6548481E+01
2026 07 23 12 29 00 000 -2.6973547E+01 5.0813343E+01 -2.6535471E+01
2026 07 23 12 30 00 000 -2.6984316E+01 5.0818390E+01 -2.6522274E+01
2026 07 23 12 31 00 000 -2.6995047E+01 5.0823547E+01 -2.6508930E+01
2026 07 23 12 32 00 000 -2.7005766E+01 5.0828781E+01 -2.6495419E+01
2026 07 23 12 33 00 000 -2.7016493E+01 5.0834091E+01 -2.6481735E+01
2026 07 23 12 34 00 000 -2.7027189E+01 5.0839489E+01 -2.6467894E+01
2026 07 23 12 35 00 000 -2.7037893E+01 5.0844982E+01 -2.6453888E+01
2026 07 23 12 36 00 000 -2.7048580E+01 5.0850544E+01 -2.6439716E+01
2026 07 23 12 37 00 000 -2.7059265E+01 5.0856190E+01 -2.6425383E+01
2026 07 23 12 38 00 000 -2.7069923E+01 5.0861923E+01 -2.6410891E+01
2026 07 23 12 39 00 000 -2.7080570E+01 5.0867752E+01 -2.6396235E+01
2026 07 23 12 40 00 000 -2.7091225E+01 5.0873642E+01 -2.6381411E+01
2026 07 23 12 41 00 000 -2.7101860E+01 5.0879620E+01 -2.6366421E+01
2026 07 23 12 42 00 000 -2.7112492E+01 5.0885689E+01 -2.6351274E+01
2026 07 23 12 43 00 000 -2.7123106E+01 5.0891838E+01 -2.6335958E+01
2026 07 23 12 44 00 000 -2.7133726E+01 5.0898064E+01 -2.6320480E+01
2026 07 23 12 45 00 000 -2.7144295E+01 5.0904377E+01 -2.6304857E+01
2026 07 23 12 46 00 000 -2.7154886E+01 5.0910767E+01 -2.6289053E+01
2026 07 23 12 47 00 000 -2.7165466E+01 5.0917236E+01 -2.6273090E+01
2026 07 23 12 48 00 000 -2.7176020E+01 5.0923801E+01 -2.6256973E+01
2026 07 23 12 49 00 000 -2.7186583E+01 5.0930428E+01 -2.6240685E+01
2026 07 23 12 50 00 000 -2.7197113E+01 5.0937145E+01 -2.6224236E+01
2026 07 23 12 51 00 000 -2.7207640E+01 5.0943951E+01 -2.6207632E+01
2026 07 23 12 52 00 000 -2.7218166E+01 5.0950821E+01 -2.6190857E+01
2026 07 23 12 53 00 000 -2.7228678E+01 5.0957779E+01 -2.6173925E+01
2026 07 23 12 54 00 000 -2.7239195E+01 5.0964817E+01 -2.6156824E+01
2026 07 23 12 55 00 000 -2.7249664E+01 5.0971928E+01 -2.6139576E+01
2026 07 23 12 56 00 000 -2.7260153E+01 5.0979115E+01 -2.6122150E+01
2026 07 23 12 57 00 000 -2.7270636E+01 5.0986393E+01 -2.6104572E+01
2026 07 23 12 58 00 000 -2.7281086E+01 5.0993748E+01 -2.6086836E+01
2026 07 23 12 59 00 000 -2.7291540E+01 5.1001163E+01 -2.6068928E+01
2026 07 23 13 00 00 000 -2.7301979E+01 5.1008678E+01 -2.6050871E+01
2026 07 23 13 01 00 000 -2.7312416E+01 5.1016254E+01 -2.6032648E+01
2026 07 23 13 02 00 000 -2.7322830E+01 5.1023918E+01 -2.6014261E+01
2026 07 23 13 03 00 000 -2.7333248E+01 5.1031662E+01 -2.5995718E+01
2026 07 23 13 04 00 000 -2.7343655E+01 5.1039467E+01 -2.5977011E+01
2026 07 23 13 05 00 000 -2.7354050E+01 5.1047348E+01 -2.5958138E+01
2026 07 23 13 06 00 000 -2.7364426E+01 5.1055309E+01 -2.5939114E+01
2026 07 23 13 07 00 000 -2.7374804E+01 5.1063347E+01 -2.5919926E+01
2026 07 23 13 08 00 000 -2.7385157E+01 5.1071480E+01 -2.5900589E+01
2026 07 23 13 09 00 000 -2.7395515E+01 5.1079674E+01 -2.5881081E+01
2026 07 23 13 10 00 000 -2.7405853E+01 5.1087936E+01 -2.5861420E+01
2026 07 23 13 11 00 000 -2.7416193E+01 5.1096275E+01 -2.5841591E+01
2026 07 23 13 12 00 000 -2.7426500E+01 5.1104683E+01 -2.5821611E+01
2026 07 23 13 13 00 000 -2.7436821E+01 5.1113174E+01 -2.5801472E+01
2026 07 23 13 14 00 000 -2.7447102E+01 5.1121738E+01 -2.5781181E+01
2026 07 23 13 15 00 000 -2.7457397E+01 5.1130375E+01 -2.5760723E+01
2026 07 23 13 16 00 000 -2.7467701E+01 5.1139076E+01 -2.5740099E+01
2026 07 23 13 17 00 000 -2.7477968E+01 5.1147854E+01 -2.5719326E+01
2026 07 23 13 18 00 000 -2.7488222E+01 5.1156708E+01 -2.5698399E+01
2026 07 23 13 19 00 000 -2.7498482E+01 5.1165630E+01 -2.5677299E+01
2026 07 23 13 20 00 000 -2.7508717E+01 5.1174618E+01 -2.5656063E+01
2026 07 23 13 21 00 000 -2.7518948E+01 5.1183689E+01 -2.5634659E+01
2026 07 23 13 22 00 000 -2.7529184E+01 5.1192822E+01 -2.5613091E+01
2026 07 23 13 23 00 000 -2.7539404E+01 5.1202019E+01 -2.5591368E+01
2026 07 23 13 24 00 000 -2.7549606E+01 5.1211288E+01 -2.5569492E+01
2026 07 23 13 25 00 000 -2.7559782E+01 5.1220642E+01 -2.5547470E+01
2026 07 23 13 26 00 000 -2.7569971E+01 5.1230064E+01 -2.5525286E+01
2026 07 23 13 27 00 000 -2.7580156E+01 5.1239536E+01 -2.5502934E+01
2026 07 23 13 28 00 000 -2.7590309E+01 5.1249096E+01 -2.5480442E+01
2026 07 23 13 29 00 000 -2.7600470E+01 5.1258701E+01 -2.5457783E+01
2026 07 23 13 30 00 000 -2.7610619E+01 5.1268383E+01 -2.5434975E+01
2026 07 23 13 31 00 000 -2.7620743E+01 5.1278145E+01 -2.5412016E+01
2026 07 23 13 32 00 000 -2.7630861E+01 5.1287964E+01 -2.5388895E+01
2026 07 23 13 33 00 000 -2.7640974E+01 5.1297848E+01 -2.5365627E+01
2026 07 23 13 34 00 000 -2.7651085E+01 5.1307804E+01 -2.5342197E+01
2026 07 23 13 35 00 000 -2.7661184E+01 5.1317825E+01 -2.5318617E+01
2026 07 23 13 36 00 000 -2.7671280E+01 5.1327908E+01 -2.5294878E+01
2026 07 23 13 37 00 000 -2.7681345E+01 5.1338047E+01 -2.5270996E+01
2026 07 23 13 38 00 000 -2.7691399E+01 5.1348263E+01 -2.5246960E+01
2026 07 23 13 39 00 000 -2.7701469E+01 5.1358528E+01 -2.5222759E+01
2026 07 23 13 40 00 000 -2.7711519E+01 5.1368877E+01 -2.5198408E+01
2026 07 23 13 41 00 000 -2.7721561E+01 5.1379284E+01 -2.5173914E+01
2026 07 23 13 42 00 000 -2.7731596E+01 5.1389748E+01 -2.5149260E+01
2026 07 23 13 43 00 000 -2.7741611E+01 5.1400272E+01 -2.5124460E+01
2026 07 23 13 44 00 000 -2.7751623E+01 5.1410866E+01 -2.5099506E+01
2026 07 23 13 45 00 000 -2.7761616E+01 5.1421520E+01 -2.5074408E+01
2026 07 23 13 46 00 000 -2.7771597E+01 5.1432232E+01 -2.5049156E+01
2026 07 23 13 47 00 000 -2.7781578E+01 5.1443008E+01 -2.5023750E+01
2026 07 23 13 48 00 000 -2.7791553E+01 5.1453838E+01 -2.4998190E+01
2026 07 23 13 49 00 000 -2.7801512E+01 5.1464729E+01 -2.4972488E+01
2026 07 23 13 50 00 000 -2.7811464E+01 5.1475681E+01 -2.4946629E+01
2026 07 23 13 51 00 000 -2.7821413E+01 5.1486683E+01 -2.4920628E+01
2026 07 23 13 52 00 000 -2.7831327E+01 5.1497768E+01 -2.4894487E+01
2026 07 23 13 53 00 000 -2.7841251E+01 5.1508896E+01 -2.4868187E+01
2026 07 23 13 54 00 000 -2.7851166E+01 5.1520084E+01 -2.4841732E+01
2026 07 23 13 55 00 000 -2.7861065E+01 5.1531322E+01 -2.4815144E+01
2026 07 23 13 56 00 000 -2.7870966E+01 5.1542625E+01 -2.4788391E+01
2026 07 23 13 57 00 000 -2.7880840E+01 5.1553986E+01 -2.4761507E+01
2026 07 23 13 58 00 000 -2.7890720E+01 5.1565395E+01 -2.4734468E+01
2026 07 23 13 59 00 000 -2.7900576E+01 5.1576859E+01 -2.4707293E+01
2026 07 23 14 00 00 000 -2.7910423E+01 5.1588390E+01 -2.4679966E+01
2026 07 23 14 01 00 000 -2.7920282E+01 5.1599968E+01 -2.4652483E+01
2026 07 23 14 02 00 000 -2.7930130E+01 5.1611591E+01 -2.4624857E+01
2026 07 23 14 03 00 000 -2.7939947E+01 5.1623272E+01 -2.4597099E+01
2026 07 23 14 04 00 000 -2.7949770E+01 5.1635006E+01 -2.4569185E+01
2026 07 23 14 05 00 000 -2.7959572E+01 5.1646809E+01 -2.4541138E+01
2026 07 23 14 06 00 000 -2.7969376E+01 5.1658642E+01 -2.4512939E+01
2026 07 23 14 07 00 000 -2.7979153E+01 5.1670540E+01 -2.4484604E+01
2026 07 23 14 08 00 000 -2.7988949E+01 5.1682484E+01 -2.4456112E+01
2026 07 23 14 09 00 000 -2.7998713E+01 5.1694485E+01 -2.4427492E+01
2026 07 23 14 10 00 000 -2.8008478E+01 5.1706520E+01 -2.4398724E+01
2026 07 23 14 11 00 000 -2.8018223E+01 5.1718624E+01 -2.4369820E+01
2026 07 23 14 12 00 000 -2.8027956E+01 5.1730766E+01 -2.4340775E+01
2026 07 23 14 13 00 000 -2.8037678E+01 5.1742966E+01 -2.4311596E+01
2026 07 23 14 14 00 000 -2.8047407E+01 5.1755211E+01 -2.4282261E+01
2026 07 23 14 15 00 000 -2.8057121E+01 5.1767498E+01 -2.4252787E+01
2026 07 23 14 16 00 000 -2.8066822E+01 5.1779827E+01 -2.4223181E+01
2026 07 23 14 17 00 000 -2.8076519E+01 5.1792213E+01 -2.4193428E+01
2026 07 23 14 18 00 000 -2.8086191E+01 5.1804646E+01 -2.4163551E+01
2026 07 23 14 19 00 000 -2.8095877E+01 5.1817127E+01 -2.4133528E+01
2026 07 23 14 20 00 000 -2.8105541E+01 5.1829632E+01 -2.4103359E+01
2026 07 23 14 21 00 000 -2.8115194E+01 5.1842216E+01 -2.4073063E+01
2026 07 23 14 22 00 000 -2.8124846E+01 5.1854824E+01 -2.4042627E+01
2026 07 23 14 23 00 000 -2.8134491E+01 5.1867477E+01 -2.4012053E+01
2026 07 23 14 24 00 000 -2.8144106E+01 5.1880169E+01 -2.3981354E+01
2026 07 23 14 25 00 000 -2.8153721E+01 5.1892921E+01 -2.3950516E+01
2026 07 23 14 26 00 000 -2.8163338E+01 5.1905701E+01 -2.3919527E+01
2026 07 23 14 27 00 000 -2.8172939E+01 5.1918518E+01 -2.3888414E+01
2026 07 23 14 28 00 000 -2.8182531E+01 5.1931385E+01 -2.3857172E+01
2026 07 23 14 29 00 000 -2.8192120E+01 5.1944290E+01 -2.3825792E+01
2026 07 23 14 30 00 000 -2.8201683E+01 5.1957253E+01 -2.3794281E+01
2026 07 23 14 31 00 000 -2.8211239E+01 5.1970230E+01 -2.3762646E+01
2026 07 23 14 32 00 000 -2.8220781E+01 5.1983269E+01 -2.3730875E+01
2026 07 23 14 33 00 000 -2.8230331E+01 5.1996326E+01 -2.3698969E+01
2026 07 23 14 34 00 000 -2.8239857E+01 5.2009434E+01 -2.3666939E+01
2026 07 23 14 35 00 000 -2.8249388E+01 5.2022572E+01 -2.3634766E+01
2026 07 23 14 36 00 000 -2.8258907E+01 5.2035751E+01 -2.3602470E+01
2026 07 23 14 37 00 000 -2.8268421E+01 5.2048958E+01 -2.3570040E+01
2026 07 23 14 38 00 000 -2.8277906E+01 5.2062214E+01 -2.3537491E+01
2026 07 23 14 39 00 000 -2.8287392E+01 5.2075497E+01 -2.3504816E+01
2026 07 23 14 40 00 000 -2.8296873E+01 5.2088825E+01 -2.3472002E+01
2026 07 23 14 41 00 000 -2.8306345E+01 5.2102180E+01 -2.3439068E+01
2026 07 23 14 42 00 000 -2.8315798E+01 5.2115578E+01 -2.3406010E+01
2026 07 23 14 43 00 000 -2.8325268E+01 5.2128986E+01 -2.3372812E+01
2026 07 23 14 44 00 000 -2.8334700E+01 5.2142452E+01 -2.3339502E+01
2026 07 23 14 45 00 000 -2.8344126E+01 5.2155945E+01 -2.3306072E+01
2026 07 23 14 46 00 000 -2.8353550E+01 5.2169464E+01 -2.3272509E+01
2026 07 23 14 47 00 000 -2.8362968E+01 5.2183010E+01 -2.3238821E+01
2026 07 23 14 48 00 000 -2.8372364E+01 5.2196594E+01 -2.3205021E+01
2026 07 23 14 49 00 000 -2.8381746E+01 5.2210209E+01 -2.3171093E+01
2026 07 23 14 50 00 000 -2.8391142E+01 5.2223858E+01 -2.3137041E+01
2026 07 23 14 51 00 000 -2.8400524E+01 5.2237526E+01 -2.3102869E+01
2026 07 23 14 52 00 000 -2.8409868E+01 5.2251232E+01 -2.3068592E+01
2026 07 23 14 53 00 000 -2.8419230E+01 5.2264954E+01 -2.3034174E+01
2026 07 23 14 54 00 000 -2.8428583E+01 5.2278713E+01 -2.2999640E+01
2026 07 23 14 55 00 000 -2.8437923E+01 5.2292492E+01 -2.2964991E+01
2026 07 23 14 56 00 000 -2.8447250E+01 5.2306301E+01 -2.2930225E+01
2026 07 23 14 57 00 000 -2.8456577E+01 5.2320148E+01 -2.2895338E+01
2026 07 23 14 58 00 000 -2.8465876E+01 5.2334007E+01 -2.2860346E+01
2026 07 23 14 59 00 000 -2.8475180E+01 5.2347889E+01 -2.2825228E+01
2026 07 23 15 00 00 000 -2.8484470E+01 5.2361801E+01 -2.2789995E+01
2026 07 23 15 01 00 000 -2.8493771E+01 5.2375736E+01 -2.2754644E+01
2026 07 23 15 02 00 000 -2.8503036E+01 5.2389694E+01 -2.2719189E+01
2026 07 23 15 03 00 000 -2.8512310E+01 5.2403675E+01 -2.2683611E+01
2026 07 23 15 04 00 000 -2.8521568E+01 5.2417675E+01 -2.2647919E+01
2026 07 23 15 05 00 000 -2.8530798E+01 5.2431698E+01 -2.2612129E+01
2026 07 23 15 06 00 000 -2.8540037E+01 5.2445740E+01 -2.2576223E+01
2026 07 23 15 07 00 000 -2.8549257E+01 5.2459812E+01 -2.2540209E+01
2026 07 23 15 08 00 000 -2.8558485E+01 5.2473896E+01 -2.2504070E+01
2026 07 23 15 09 00 000 -2.8567699E+01 5.2488003E+01 -2.2467833E+01
2026 07 23 15 10 00 000 -2.8576900E+01 5.2502117E+01 -2.2431482E+01
2026 07 23 15 11 00 000 -2.8586098E+01 5.2516262E+01 -2.2395021E+01
2026 07 23 15 12 00 000 -2.8595261E+01 5.2530415E+01 -2.2358473E+01
2026 07 23 15 13 00 000 -2.8604439E+01 5.2544601E+01 -2.2321804E+01
2026 07 23 15 14 00 000 -2.8613594E+01 5.2558800E+01 -2.2285034E+01
2026 07 23 15 15 00 000 -2.8622753E+01 5.2573002E+01 -2.2248150E+01
2026 07 23 15 16 00 000 -2.8631916E+01 5.2587223E+01 -2.2211155E+01
2026 07 23 15 17 00 000 -2.8641035E+01 5.2601460E+01 -2.2174082E+01
2026 07 23 15 18 00 000 -2.8650166E+01 5.2615715E+01 -2.2136883E+01
2026 07 23 15 19 00 000 -2.8659290E+01 5.2629990E+01 -2.2099592E+01
2026 07 23 15 20 00 000 -2.8668390E+01 5.2644272E+01 -2.2062201E+01
2026 07 23 15 21 00 000 -2.8677496E+01 5.2658562E+01 -2.2024706E+01
2026 07 23 15 22 00 000 -2.8686592E+01 5.2672874E+01 -2.1987112E+01
2026 07 23 15 23 00 000 -2.8695662E+01 5.2687191E+01 -2.1949425E+01
2026 07 23 15 24 00 000 -2.8704729E+01 5.2701515E+01 -2.1911636E+01
2026 07 23 15 25 00 000 -2.8713785E+01 5.2715862E+01 -2.1873749E+01
2026 07 23 15 26 00 000 -2.8722841E+01 5.2730213E+01 -2.1835762E+01
2026 07 23 15 27 00 000 -2.8731905E+01 5.2744564E+01 -2.1797670E+01
2026 07 23 15 28 00 000 -2.8740936E+01 5.2758938E+01 -2.1759493E+01
2026 07 23 15 29 00 000 -2.8749964E+01 5.2773315E+01 -2.1721224E+01
2026 07 23 15 30 00 000 -2.8758974E+01 5.2787704E+01 -2.1682869E+01
2026 07 23 15 31 00 000 -2.8767973E+01 5.2802086E+01 -2.1644409E+01
2026 07 23 15 32 00 000 -2.8776966E+01 5.2816498E+01 -2.1605865E+01
2026 07 23 15 33 00 000 -2.8785959E+01 5.2830902E+01 -2.1567225E+01
2026 07 23 15 34 00 000 -2.8794933E+01 5.2845314E+01 -2.1528496E+01
2026 07 23 15 35 00 000 -2.8803911E+01 5.2859730E+01 -2.1489670E+01
2026 07 23 15 36 00 000 -2.8812883E+01 5.2874153E+01 -2.1450764E+01
2026 07 23 15 37 00 000 -2.8821836E+01 5.2888569E+01 -2.1411757E+01
2026 07 23 15 38 00 000 -2.8830770E+01 5.2902996E+01 -2.1372683E+01
2026 07 23 15 39 00 000 -2.8839714E+01 5.2917427E+01 -2.1333504E+01
2026 07 23 15 40 00 000 -2.8848646E+01 5.2931858E+01 -2.1294243E+01
2026 07 23 15 41 00 000 -2.8857557E+01 5.2946301E+01 -2.1254910E+01
2026 07 23 15 42 00 000 -2.8866468E+01 5.2960735E+01 -2.1215475E+01
2026 07 23 15 43 00 000 -2.8875372E+01 5.2975170E+01 -2.1175970E+01
2026 07 23 15 44 00 000 -2.8884268E+01 5.2989616E+01 -2.1136377E+01
2026 07 23 15 45 00 000 -2.8893145E+01 5.3004051E+01 -2.1096710E+01
2026 07 23 15 46 00 000 -2.8902002E+01 5.3018497E+01 -2.1056963E+01
2026 07 23 15 47 00 000 -2.8910866E+01 5.3032936E+01 -2.1017130E+01
2026 07 23 15 48 00 000 -2.8919714E+01 5.3047363E+01 -2.0977217E+01
2026 07 23 15 49 00 000 -2.8928568E+01 5.3061794E+01 -2.0937225E+01
2026 07 23 15 50 00 000 -2.8937395E+01 5.3076229E+01 -2.0897171E+01
2026 07 23 15 51 00 000 -2.8946226E+01 5.3090649E+01 -2.0857018E+01
2026 07 23 15 52 00 000 -2.8955021E+01 5.3105080E+01 -2.0816816E+01
2026 07 23 15 53 00 000 -2.8963844E+01 5.3119492E+01 -2.0776512E+01
2026 07 23 15 54 00 000 -2.8972649E+01 5.3133907E+01 -2.0736143E+01
2026 07 23 15 55 00 000 -2.8981432E+01 5.3148308E+01 -2.0695711E+01
2026 07 23 15 56 00 000 -2.8990225E+01 5.3162716E+01 -2.0655195E+01
2026 07 23 15 57 00 000 -2.8998999E+01 5.3177113E+01 -2.0614616E+01
2026 07 23 15 58 00 000 -2.9007740E+01 5.3191498E+01 -2.0573980E+01
2026 07 23 15 59 00 000 -2.9016495E+01 5.3205879E+01 -2.0533255E+01
2026 07 23 16 00 00 000 -2.9025244E+01 5.3220257E+01 -2.0492472E+01
2026 07 23 16 01 00 000 -2.9033989E+01 5.3234623E+01 -2.0451609E+01
2026 07 23 16 02 00 000 -2.9042723E+01 5.3248970E+01 -2.0410685E+01
2026 07 23 16 03 00 000 -2.9051430E+01 5.3263313E+01 -2.0369699E+01
2026 07 23 16 04 00 000 -2.9060143E+01 5.3277660E+01 -2.0328655E+01
2026 07 23 16 05 00 000 -2.9068834E+01 5.3291992E+01 -2.0287546E+01
2026 07 23 16 06 00 000 -2.9077524E+01 5.3306293E+01 -2.0246365E+01
2026 07 23 16 07 00 000 -2.9086214E+01 5.3320587E+01 -2.0205118E+01
2026 07 23 16 08 00 000 -2.9094891E+01 5.3334881E+01 -2.0163816E+01
2026 07 23 16 09 00 000 -2.9103550E+01 5.3349174E+01 -2.0122463E+01
2026 07 23 16 10 00 000 -2.9112190E+01 5.3363438E+01 -2.0081053E+01
2026 07 23 16 11 00 000 -2.9120846E+01 5.3377682E+01 -2.0039572E+01
2026 07 23 16 12 00 000 -2.9129473E+01 5.3391933E+01 -1.9998047E+01
2026 07 23 16 13 00 000 -2.9138086E+01 5.3406147E+01 -1.9956459E+01
2026 07 23 16 14 00 000 -2.9146711E+01 5.3420361E+01 -1.9914812E+01
2026 07 23 16 15 00 000 -2.9155338E+01 5.3434547E+01 -1.9873106E+01
2026 07 23 16 16 00 000 -2.9163916E+01 5.3448727E+01 -1.9831364E+01
2026 07 23 16 17 00 000 -2.9172516E+01 5.3462894E+01 -1.9789555E+01
2026 07 23 16 18 00 000 -2.9181101E+01 5.3477039E+01 -1.9747705E+01
2026 07 23 16 19 00 000 -2.9189669E+01 5.3491165E+01 -1.9705801E+01
2026 07 23 16 20 00 000 -2.9198236E+01 5.3505272E+01 -1.9663847E+01
2026 07 23 16 21 00 000 -2.9206778E+01 5.3519360E+01 -1.9621845E+01
2026 07 23 16 22 00 000 -2.9215342E+01 5.3533432E+01 -1.9579788E+01
2026 07 23 16 23 00 000 -2.9223866E+01 5.3547497E+01 -1.9537703E+01
2026 07 23 16 24 00 000 -2.9232403E+01 5.3561516E+01 -1.9495552E+01
2026 07 23 16 25 00 000 -2.9240915E+01 5.3575531E+01 -1.9453371E+01
2026 07 23 16 26 00 000 -2.9249432E+01 5.3589527E+01 -1.9411139E+01
2026 07 23 16 27 00 000 -2.9257925E+01 5.3603508E+01 -1.9368870E+01
2026 07 23 16 28 00 000 -2.9266409E+01 5.3617447E+01 -1.9326561E+01
2026 07 23 16 29 00 000 -2.9274891E+01 5.3631378E+01 -1.9284204E+01
2026 07 23 16 30 00 000 -2.9283361E+01 5.3645290E+01 -1.9241821E+01
2026 07 23 16 31 00 000 -2.9291815E+01 5.3659184E+01 -1.9199394E+01
2026 07 23 16 32 00 000 -2.9300289E+01 5.3673027E+01 -1.9156914E+01
2026 07 23 16 33 00 000 -2.9308727E+01 5.3686871E+01 -1.9114416E+01
2026 07 23 16 34 00 000 -2.9317167E+01 5.3700684E+01 -1.9071863E+01
2026 07 23 16 35 00 000 -2.9325586E+01 5.3714466E+01 -1.9029297E+01
2026 07 23 16 36 00 000 -2.9334013E+01 5.3728237E+01 -1.8986685E+01
2026 07 23 16 37 00 000 -2.9342445E+01 5.3741970E+01 -1.8944031E+01
2026 07 23 16 38 00 000 -2.9350822E+01 5.3755692E+01 -1.8901375E+01
2026 07 23 16 39 00 000 -2.9359219E+01 5.3769363E+01 -1.8858669E+01
2026 07 23 16 40 00 000 -2.9367601E+01 5.3783024E+01 -1.8815935E+01
2026 07 23 16 41 00 000 -2.9375961E+01 5.3796661E+01 -1.8773190E+01
2026 07 23 16 42 00 000 -2.9384344E+01 5.3810268E+01 -1.8730391E+01
2026 07 23 16 43 00 000 -2.9392702E+01 5.3823845E+01 -1.8687574E+01
2026 07 23 16 44 00 000 -2.9401043E+01 5.3837395E+01 -1.8644741E+01
2026 07 23 16 45 00 000 -2.9409372E+01 5.3850910E+01 -1.8601881E+01
2026 07 23 16 46 00 000 -2.9417704E+01 5.3864407E+01 -1.8558992E+01
2026 07 23 16 47 00 000 -2.9426029E+01 5.3877869E+01 -1.8516083E+01
2026 07 23 16 48 00 000 -2.9434345E+01 5.3891304E+01 -1.8473150E+01
2026 07 23 16 49 00 000 -2.9442636E+01 5.3904705E+01 -1.8430204E+01
2026 07 23 16 50 00 000 -2.9450937E+01 5.3918079E+01 -1.8387232E+01
2026 07 23 16 51 00 000 -2.9459206E+01 5.3931423E+01 -1.8344259E+01
2026 07 23 16 52 00 000 -2.9467482E+01 5.3944729E+01 -1.8301252E+01
2026 07 23 16 53 00 000 -2.9475740E+01 5.3958012E+01 -1.8258236E+01
2026 07 23 16 54 00 000 -2.9483999E+01 5.3971256E+01 -1.8215199E+01
2026 07 23 16 55 00 000 -2.9492270E+01 5.3984463E+01 -1.8172142E+01
2026 07 23 16 56 00 000 -2.9500483E+01 5.3997650E+01 -1.8129093E+01
2026 07 23 16 57 00 000 -2.9508732E+01 5.4010780E+01 -1.8086008E+01
2026 07 23 16 58 00 000 -2.9516945E+01 5.4023899E+01 -1.8042931E+01
2026 07 23 16 59 00 000 -2.9525146E+01 5.4036987E+01 -1.7999846E+01
2026 07 23 17 00 00 000 -2.9533354E+01 5.4050026E+01 -1.7956736E+01
2026 07 23 17 01 00 000 -2.9541565E+01 5.4063034E+01 -1.7913620E+01
2026 07 23 17 02 00 000 -2.9549726E+01 5.4076012E+01 -1.7870518E+01
2026 07 23 17 03 00 000 -2.9557911E+01 5.4088947E+01 -1.7827393E+01
2026 07 23 17 04 00 000 -2.9566080E+01 5.4101856E+01 -1.7784267E+01
2026 07 23 17 05 00 000 -2.9574230E+01 5.4114723E+01 -1.7741138E+01
2026 07 23 17 06 00 000 -2.9582384E+01 5.4127556E+01 -1.7698004E+01
2026 07 23 17 07 00 000 -2.9590515E+01 5.4140354E+01 -1.7654877E+01
2026 07 23 17 08 00 000 -2.9598650E+01 5.4153107E+01 -1.7611746E+01
2026 07 23 17 09 00 000 -2.9606781E+01 5.4165829E+01 -1.7568609E+01
2026 07 23 17 10 00 000 -2.9614864E+01 5.4178513E+01 -1.7525494E+01
2026 07 23 17 11 00 000 -2.9622986E+01 5.4191158E+01 -1.7482353E+01
2026 07 23 17 12 00 000 -2.9631077E+01 5.4203766E+01 -1.7439236E+01
2026 07 23 17 13 00 000 -2.9639166E+01 5.4216331E+01 -1.7396114E+01
2026 07 23 17 14 00 000 -2.9647230E+01 5.4228870E+01 -1.7353014E+01
2026 07 23 17 15 00 000 -2.9655304E+01 5.4241348E+01 -1.7309908E+01
2026 07 23 17 16 00 000 -2.9663357E+01 5.4253807E+01 -1.7266811E+01
2026 07 23 17 17 00 000 -2.9671412E+01 5.4266216E+01 -1.7223724E+01
2026 07 23 17 18 00 000 -2.9679438E+01 5.4278591E+01 -1.7180653E+01
2026 07 23 17 19 00 000 -2.9687489E+01 5.4290928E+01 -1.7137579E+01
2026 07 23 17 20 00 000 -2.9695499E+01 5.4303211E+01 -1.7094528E+01
2026 07 23 17 21 00 000 -2.9703508E+01 5.4315464E+01 -1.7051498E+01
2026 07 23 17 22 00 000 -2.9711515E+01 5.4327656E+01 -1.7008469E+01
2026 07 23 17 23 00 000 -2.9719515E+01 5.4339825E+01 -1.6965458E+01
2026 07 23 17 24 00 000 -2.9727491E+01 5.4351955E+01 -1.6922474E+01
2026 07 23 17 25 00 000 -2.9735485E+01 5.4364037E+01 -1.6879488E+01
2026 07 23 17 26 00 000 -2.9743437E+01 5.4376083E+01 -1.6836546E+01
2026 07 23 17 27 00 000 -2.9751398E+01 5.4388088E+01 -1.6793608E+01
2026 07 23 17 28 00 000 -2.9759352E+01 5.4400024E+01 -1.6750689E+01
2026 07 23 17 29 00 000 -2.9767281E+01 5.4411945E+01 -1.6707808E+01
2026 07 23 17 30 00 000 -2.9775221E+01 5.4423809E+01 -1.6664932E+01
2026 07 23 17 31 00 000 -2.9783134E+01 5.4435642E+01 -1.6622093E+01
2026 07 23 17 32 00 000 -2.9791039E+01 5.4447430E+01 -1.6579281E+01
2026 07 23 17 33 00 000 -2.9798958E+01 5.4459152E+01 -1.6536470E+01
2026 07 23 17 34 00 000 -2.9806835E+01 5.4470860E+01 -1.6493725E+01
2026 07 23 17 35 00 000 -2.9814737E+01 5.4482494E+01 -1.6450975E+01
2026 07 23 17 36 00 000 -2.9822624E+01 5.4494099E+01 -1.6408262E+01
2026 07 23 17 37 00 000 -2.9830477E+01 5.4505657E+01 -1.6365589E+01
2026 07 23 17 38 00 000 -2.9838329E+01 5.4517178E+01 -1.6322948E+01
2026 07 23 17 39 00 000 -2.9846186E+01 5.4528645E+01 -1.6280333E+01
2026 07 23 17 40 00 000 -2.9854015E+01 5.4540070E+01 -1.6237759E+01
2026 07 23 17 41 00 000 -2.9861853E+01 5.4551445E+01 -1.6195208E+01
2026 07 23 17 42 00 000 -2.9869680E+01 5.4562775E+01 -1.6152699E+01
2026 07 23 17 43 00 000 -2.9877499E+01 5.4574055E+01 -1.6110222E+01
2026 07 23 17 44 00 000 -2.9885281E+01 5.4585300E+01 -1.6067801E+01
2026 07 23 17 45 00 000 -2.9893082E+01 5.4596497E+01 -1.6025404E+01
2026 07 23 17 46 00 000 -2.9900873E+01 5.4607632E+01 -1.5983041E+01
2026 07 23 17 47 00 000 -2.9908653E+01 5.4618732E+01 -1.5940718E+01
2026 07 23 17 48 00 000 -2.9916426E+01 5.4629772E+01 -1.5898443E+01
2026 07 23 17 49 00 000 -2.9924166E+01 5.4640793E+01 -1.5856229E+01
2026 07 23 17 50 00 000 -2.9931917E+01 5.4651741E+01 -1.5814037E+01
2026 07 23 17 51 00 000 -2.9939663E+01 5.4662647E+01 -1.5771892E+01
2026 07 23 17 52 00 000 -2.9947388E+01 5.4673508E+01 -1.5729805E+01
2026 07 23 17 53 00 000 -2.9955114E+01 5.4684330E+01 -1.5687748E+01
2026 07 23 17 54 00 000 -2.9962831E+01 5.4695084E+01 -1.5645749E+01
2026 07 23 17 55 00 000 -2.9970531E+01 5.4705799E+01 -1.5603801E+01
2026 07 23 17 56 00 000 -2.9978231E+01 5.4716465E+01 -1.5561896E+01
2026 07 23 17 57 00 000 -2.9985918E+01 5.4727085E+01 -1.5520045E+01
2026 07 23 17 58 00 000 -2.9993584E+01 5.4737663E+01 -1.5478253E+01
2026 07 23 17 59 00 000 -3.0001261E+01 5.4748177E+01 -1.5436502E+01
2026 07 23 18 00 00 000 -3.0008923E+01 5.4758648E+01 -1.5394811E+01
2026 07 23 18 01 00 000 -3.0016563E+01 5.4769070E+01 -1.5353177E+01
2026 07 23 18 02 00 000 -3.0024195E+01 5.4779449E+01 -1.5311604E+01
2026 07 23 18 03 00 000 -3.0031822E+01 5.4789776E+01 -1.5270091E+01
2026 07 23 18 04 00 000 -3.0039452E+01 5.4800045E+01 -1.5228623E+01
2026 07 23 18 05 00 000 -3.0047079E+01 5.4810257E+01 -1.5187211E+01
2026 07 23 18 06 00 000 -3.0054676E+01 5.4820442E+01 -1.5145868E+01
2026 07 23 18 07 00 000 -3.0062271E+01 5.4830555E+01 -1.5104583E+01
2026 07 23 18 08 00 000 -3.0069847E+01 5.4840645E+01 -1.5063367E+01
2026 07 23 18 09 00 000 -3.0077419E+01 5.4850666E+01 -1.5022214E+01
2026 07 23 18 10 00 000 -3.0084978E+01 5.4860641E+01 -1.4981126E+01
2026 07 23 18 11 00 000 -3.0092550E+01 5.4870544E+01 -1.4940090E+01
2026 07 23 18 12 00 000 -3.0100107E+01 5.4880421E+01 -1.4899123E+01
2026 07 23 18 13 00 000 -3.0107635E+01 5.4890255E+01 -1.4858234E+01
2026 07 23 18 14 00 000 -3.0115173E+01 5.4900017E+01 -1.4817408E+01
2026 07 23 18 15 00 000 -3.0122684E+01 5.4909744E+01 -1.4776655E+01
2026 07 23 18 16 00 000 -3.0130199E+01 5.4919415E+01 -1.4735967E+01
2026 07 23 18 17 00 000 -3.0137691E+01 5.4929035E+01 -1.4695353E+01
2026 07 23 18 18 00 000 -3.0145206E+01 5.4938583E+01 -1.4654803E+01
2026 07 23 18 19 00 000 -3.0152674E+01 5.4948120E+01 -1.4614342E+01
2026 07 23 18 20 00 000 -3.0160152E+01 5.4957577E+01 -1.4573941E+01
2026 07 23 18 21 00 000 -3.0167622E+01 5.4966988E+01 -1.4533617E+01
2026 07 23 18 22 00 000 -3.0175085E+01 5.4976349E+01 -1.4493368E+01
2026 07 23 18 23 00 000 -3.0182526E+01 5.4985664E+01 -1.4453205E+01
2026 07 23 18 24 00 000 -3.0189953E+01 5.4994926E+01 -1.4413117E+01
2026 07 23 18 25 00 000 -3.0197393E+01 5.5004131E+01 -1.4373102E+01
2026 07 23 18 26 00 000 -3.0204813E+01 5.5013283E+01 -1.4333169E+01
2026 07 23 18 27 00 000 -3.0212227E+01 5.5022381E+01 -1.4293314E+01
2026 07 23 18 28 00 000 -3.0219624E+01 5.5031437E+01 -1.4253550E+01
2026 07 23 18 29 00 000 -3.0227022E+01 5.5040432E+01 -1.4213861E+01
2026 07 23 18 30 00 000 -3.0234377E+01 5.5049393E+01 -1.4174269E+01
2026 07 23 18 31 00 000 -3.0241762E+01 5.5058296E+01 -1.4134744E+01
2026 07 23 18 32 00 000 -3.0249132E+01 5.5067139E+01 -1.4095310E+01
2026 07 23 18 33 00 000 -3.0256477E+01 5.5075932E+01 -1.4055963E+01
2026 07 23 18 34 00 000 -3.0263842E+01 5.5084667E+01 -1.4016692E+01
2026 07 23 18 35 00 000 -3.0271175E+01 5.5093353E+01 -1.3977520E+01
2026 07 23 18 36 00 000 -3.0278505E+01 5.5101990E+01 -1.3938435E+01
2026 07 23 18 37 00 000 -3.0285818E+01 5.5110588E+01 -1.3899449E+01
2026 07 23 18 38 00 000 -3.0293116E+01 5.5119114E+01 -1.3860552E+01
2026 07 23 18 39 00 000 -3.0300419E+01 5.5127590E+01 -1.3821736E+01
2026 07 23 18 40 00 000 -3.0307714E+01 5.5136021E+01 -1.3783017E+01
2026 07 23 18 41 00 000 -3.0315004E+01 5.5144394E+01 -1.3744386E+01
2026 07 23 18 42 00 000 -3.0322279E+01 5.5152721E+01 -1.3705853E+01
2026 07 23 18 43 00 000 -3.0329535E+01 5.5160999E+01 -1.3667423E+01
2026 07 23 18 44 00 000 -3.0336781E+01 5.5169212E+01 -1.3629086E+01
2026 07 23 18 45 00 000 -3.0344030E+01 5.5177380E+01 -1.3590841E+01
2026 07 23 18 46 00 000 -3.0351269E+01 5.5185509E+01 -1.3552702E+01
2026 07 23 18 47 00 000 -3.0358500E+01 5.5193569E+01 -1.3514650E+01
2026 07 23 18 48 00 000 -3.0365709E+01 5.5201584E+01 -1.3476707E+01
2026 07 23 18 49 00 000 -3.0372906E+01 5.5209545E+01 -1.3438869E+01
2026 07 23 18 50 00 000 -3.0380108E+01 5.5217449E+01 -1.3401120E+01
2026 07 23 18 51 00 000 -3.0387295E+01 5.5225311E+01 -1.3363486E+01
2026 07 23 18 52 00 000 -3.0394476E+01 5.5233116E+01 -1.3325942E+01
2026 07 23 18 53 00 000 -3.0401649E+01 5.5240864E+01 -1.3288507E+01
2026 07 23 18 54 00 000 -3.0408800E+01 5.5248562E+01 -1.3251183E+01
2026 07 23 18 55 00 000 -3.0415945E+01 5.5256218E+01 -1.3213963E+01
2026 07 23 18 56 00 000 -3.0423088E+01 5.5263813E+01 -1.3176842E+01
2026 07 23 18 57 00 000 -3.0430229E+01 5.5271362E+01 -1.3139828E+01
2026 07 23 18 58 00 000 -3.0437355E+01 5.5278843E+01 -1.3102918E+01
2026 07 23 18 59 00 000 -3.0444466E+01 5.5286297E+01 -1.3066133E+01
2026 07 23 19 00 00 000 -3.0451571E+01 5.5293674E+01 -1.3029449E+01
2026 07 23 19 01 00 000 -3.0458673E+01 5.5301014E+01 -1.2992871E+01
2026 07 23 19 02 00 000 -3.0465763E+01 5.5308292E+01 -1.2956407E+01
2026 07 23 19 03 00 000 -3.0472828E+01 5.5315525E+01 -1.2920069E+01
2026 07 23 19 04 00 000 -3.0479906E+01 5.5322716E+01 -1.2883821E+01
2026 07 23 19 05 00 000 -3.0486948E+01 5.5329845E+01 -1.2847710E+01
2026 07 23 19 06 00 000 -3.0493986E+01 5.5336937E+01 -1.2811706E+01
2026 07 23 19 07 00 000 -3.0501038E+01 5.5343960E+01 -1.2775808E+01
2026 07 23 19 08 00 000 -3.0508055E+01 5.5350941E+01 -1.2740038E+01
2026 07 23 19 09 00 000 -3.0515083E+01 5.5357861E+01 -1.2704378E+01
2026 07 23 19 10 00 000 -3.0522093E+01 5.5364727E+01 -1.2668832E+01
2026 07 23 19 11 00 000 -3.0529102E+01 5.5371552E+01 -1.2633405E+01
2026 07 23 19 12 00 000 -3.0536081E+01 5.5378326E+01 -1.2598107E+01
2026 07 23 19 13 00 000 -3.0543062E+01 5.5385052E+01 -1.2562926E+01
2026 07 23 19 14 00 000 -3.0550041E+01 5.5391716E+01 -1.2527860E+01
2026 07 23 19 15 00 000 -3.0557011E+01 5.5398335E+01 -1.2492914E+01
2026 07 23 19 16 00 000 -3.0563967E+01 5.5404896E+01 -1.2458093E+01
2026 07 23 19 17 00 000 -3.0570902E+01 5.5411415E+01 -1.2423401E+01
2026 07 23 19 18 00 000 -3.0577843E+01 5.5417873E+01 -1.2388827E+01
2026 07 23 19 19 00 000 -3.0584755E+01 5.5424301E+01 -1.2354382E+01
2026 07 23 19 20 00 000 -3.0591681E+01 5.5430664E+01 -1.2320056E+01
2026 07 23 19 21 00 000 -3.0598597E+01 5.5436981E+01 -1.2285858E+01
2026 07 23 19 22 00 000 -3.0605478E+01 5.5443249E+01 -1.2251792E+01
2026 07 23 19 23 00 000 -3.0612360E+01 5.5449467E+01 -1.2217854E+01
2026 07 23 19 24 00 000 -3.0619244E+01 5.5455620E+01 -1.2184034E+01
2026 07 23 19 25 00 000 -3.0626118E+01 5.5461731E+01 -1.2150346E+01
2026 07 23 19 26 00 000 -3.0632978E+01 5.5467793E+01 -1.2116792E+01
2026 07 23 19 27 00 000 -3.0639820E+01 5.5473816E+01 -1.2083364E+01
2026 07 23 19 28 00 000 -3.0646667E+01 5.5479782E+01 -1.2050066E+01
2026 07 23 19 29 00 000 -3.0653494E+01 5.5485691E+01 -1.2016908E+01
2026 07 23 19 30 00 000 -3.0660301E+01 5.5491558E+01 -1.1983885E+01
2026 07 23 19 31 00 000 -3.0667103E+01 5.5497387E+01 -1.1950992E+01
2026 07 23 19 32 00 000 -3.0673931E+01 5.5503139E+01 -1.1918211E+01
2026 07 23 19 33 00 000 -3.0680723E+01 5.5508858E+01 -1.1885581E+01
2026 07 23 19 34 00 000 -3.0687498E+01 5.5514519E+01 -1.1853089E+01
2026 07 23 19 35 00 000 -3.0694269E+01 5.5520145E+01 -1.1820728E+01
2026 07 23 19 36 00 000 -3.0701048E+01 5.5525692E+01 -1.1788497E+01
2026 07 23 19 37 00 000 -3.0707777E+01 5.5531235E+01 -1.1756423E+01
2026 07 23 19 38 00 000 -3.0714542E+01 5.5536694E+01 -1.1724465E+01
2026 07 23 19 39 00 000 -3.0721275E+01 5.5542114E+01 -1.1692648E+01
2026 07 23 19 40 00 000 -3.0728001E+01 5.5547497E+01 -1.1660981E+01
2026 07 23 19 41 00 000 -3.0734703E+01 5.5552826E+01 -1.1629453E+01
2026 07 23 19 42 00 000 -3.0741430E+01 5.5558094E+01 -1.1598047E+01
2026 07 23 19 43 00 000 -3.0748106E+01 5.5563328E+01 -1.1566807E+01
2026 07 23 19 44 00 000 -3.0754797E+01 5.5568508E+01 -1.1535691E+01
2026 07 23 19 45 00 000 -3.0761478E+01 5.5573639E+01 -1.1504721E+01
2026 07 23 19 46 00 000 -3.0768150E+01 5.5578716E+01 -1.1473893E+01
2026 07 23 19 47 00 000 -3.0774805E+01 5.5583763E+01 -1.1443212E+01
2026 07 23 19 48 00 000 -3.0781441E+01 5.5588757E+01 -1.1412673E+01
2026 07 23 19 49 00 000 -3.0788088E+01 5.5593697E+01 -1.1382277E+01
2026 07 23 19 50 00 000 -3.0794716E+01 5.5598591E+01 -1.1352027E+01
2026 07 23 19 51 00 000 -3.0801344E+01 5.5603439E+01 -1.1321920E+01
2026 07 23 19 52 00 000 -3.0807936E+01 5.5608246E+01 -1.1291968E+01
2026 07 23 19 53 00 000 -3.0814531E+01 5.5612991E+01 -1.1262157E+01
2026 07 23 19 54 00 000 -3.0821131E+01 5.5617691E+01 -1.1232486E+01
2026 07 23 19 55 00 000 -3.0827703E+01 5.5622356E+01 -1.1202971E+01
2026 07 23 19 56 00 000 -3.0834284E+01 5.5626968E+01 -1.1173595E+01
2026 07 23 19 57 00 000 -3.0840860E+01 5.5631527E+01 -1.1144367E+01
2026 07 23 19 58 00 000 -3.0847399E+01 5.5636063E+01 -1.1115305E+01
2026 07 23 19 59 00 000 -3.0853937E+01 5.5640530E+01 -1.1086385E+01
2026 07 23 20 00 00 000 -3.0860472E+01 5.5644955E+01 -1.1057611E+01
2026 07 23 20 01 00 000 -3.0866985E+01 5.5649334E+01 -1.1028998E+01
2026 07 23 20 02 00 000 -3.0873505E+01 5.5653664E+01 -1.1000525E+01
2026 07 23 20 03 00 000 -3.0879999E+01 5.5657951E+01 -1.0972211E+01
2026 07 23 20 04 00 000 -3.0886499E+01 5.5662209E+01 -1.0944048E+01
2026 07 23 20 05 00 000 -3.0892984E+01 5.5666412E+01 -1.0916036E+01
2026 07 23 20 06 00 000 -3.0899437E+01 5.5670567E+01 -1.0888187E+01
2026 07 23 20 07 00 000 -3.0905916E+01 5.5674664E+01 -1.0860475E+01
2026 07 23 20 08 00 000 -3.0912361E+01 5.5678726E+01 -1.0832929E+01
2026 07 23 20 09 00 000 -3.0918812E+01 5.5682747E+01 -1.0805535E+01
2026 07 23 20 10 00 000 -3.0925238E+01 5.5686729E+01 -1.0778302E+01
2026 07 23 20 11 00 000 -3.0931673E+01 5.5690651E+01 -1.0751218E+01
2026 07 23 20 12 00 000 -3.0938072E+01 5.5694530E+01 -1.0724296E+01
2026 07 23 20 13 00 000 -3.0944490E+01 5.5698364E+01 -1.0697517E+01
2026 07 23 20 14 00 000 -3.0950893E+01 5.5702156E+01 -1.0670901E+01
2026 07 23 20 15 00 000 -3.0957272E+01 5.5705925E+01 -1.0644455E+01
2026 07 23 20 16 00 000 -3.0963634E+01 5.5709633E+01 -1.0618165E+01
2026 07 23 20 17 00 000 -3.0969997E+01 5.5713291E+01 -1.0592031E+01
2026 07 23 20 18 00 000 -3.0976353E+01 5.5716911E+01 -1.0566055E+01
2026 07 23 20 19 00 000 -3.0982718E+01 5.5720470E+01 -1.0540226E+01
2026 07 23 20 20 00 000 -3.0989044E+01 5.5724018E+01 -1.0514573E+01
2026 07 23 20 21 00 000 -3.0995369E+01 5.5727505E+01 -1.0489076E+01
2026 07 23 20 22 00 000 -3.1001682E+01 5.5730946E+01 -1.0463742E+01
2026 07 23 20 23 00 000 -3.1007978E+01 5.5734367E+01 -1.0438572E+01
2026 07 23 20 24 00 000 -3.1014278E+01 5.5737724E+01 -1.0413560E+01
2026 07 23 20 25 00 000 -3.1020569E+01 5.5741035E+01 -1.0388706E+01
2026 07 23 20 26 00 000 -3.1026850E+01 5.5744305E+01 -1.0364016E+01
2026 07 23 20 27 00 000 -3.1033094E+01 5.5747547E+01 -1.0339504E+01
2026 07 23 20 28 00 000 -3.1039351E+01 5.5750740E+01 -1.0315140E+01
2026 07 23 20 29 00 000 -3.1045603E+01 5.5753883E+01 -1.0290943E+01
2026 07 23 20 30 00 000 -3.1051832E+01 5.5756989E+01 -1.0266908E+01
2026 07 23 20 31 00 000 -3.1058071E+01 5.5760056E+01 -1.0243034E+01
2026 07 23 20 32 00 000 -3.1064281E+01 5.5763081E+01 -1.0219335E+01
2026 07 23 20 33 00 000 -3.1070496E+01 5.5766060E+01 -1.0195792E+01
2026 07 23 20 34 00 000 -3.1076675E+01 5.5769001E+01 -1.0172432E+01
2026 07 23 20 35 00 000 -3.1082867E+01 5.5771893E+01 -1.0149218E+01
2026 07 23 20 36 00 000 -3.1089039E+01 5.5774761E+01 -1.0126183E+01
2026 07 23 20 37 00 000 -3.1095209E+01 5.5777565E+01 -1.0103309E+01
2026 07 23 20 38 00 000 -3.1101353E+01 5.5780357E+01 -1.0080609E+01
2026 07 23 20 39 00 000 -3.1107519E+01 5.5783081E+01 -1.0058061E+01
2026 07 23 20 40 00 000 -3.1113642E+01 5.5785778E+01 -1.0035693E+01
2026 07 23 20 41 00 000 -3.1119761E+01 5.5788445E+01 -1.0013497E+01
2026 07 23 20 42 00 000 -3.1125881E+01 5.5791042E+01 -9.9914589E+00
2026 07 23 20 43 00 000 -3.1131990E+01 5.5793610E+01 -9.9695911E+00
2026 07 23 20 44 00 000 -3.1138077E+01 5.5796150E+01 -9.9479008E+00
2026 07 23 20 45 00 000 -3.1144163E+01 5.5798645E+01 -9.9263725E+00
2026 07 23 20 46 00 000 -3.1150242E+01 5.5801102E+01 -9.9050198E+00
2026 07 23 20 47 00 000 -3.1156300E+01 5.5803509E+01 -9.8838348E+00
2026 07 23 20 48 00 000 -3.1162340E+01 5.5805893E+01 -9.8628206E+00
2026 07 23 20 49 00 000 -3.1168392E+01 5.5808216E+01 -9.8419724E+00
2026 07 23 20 50 00 000 -3.1174431E+01 5.5810509E+01 -9.8212938E+00
2026 07 23 20 51 00 000 -3.1180456E+01 5.5812778E+01 -9.8007946E+00
2026 07 23 20 52 00 000 -3.1186447E+01 5.5814995E+01 -9.7804718E+00
2026 07 23 20 53 00 000 -3.1192459E+01 5.5817173E+01 -9.7603083E+00
2026 07 23 20 54 00 000 -3.1198454E+01 5.5819309E+01 -9.7403202E+00
2026 07 23 20 55 00 000 -3.1204441E+01 5.5821423E+01 -9.7205038E+00
2026 07 23 20 56 00 000 -3.1210413E+01 5.5823479E+01 -9.7008600E+00
2026 07 23 20 57 00 000 -3.1216373E+01 5.5825504E+01 -9.6813917E+00
2026 07 23 20 58 00 000 -3.1222311E+01 5.5827488E+01 -9.6621027E+00
2026 07 23 20 59 00 000 -3.1228271E+01 5.5829441E+01 -9.6429691E+00
2026 07 23 21 00 00 000 -3.1234192E+01 5.5831341E+01 -9.6240234E+00
2026 07 23 21 01 00 000 -3.1240116E+01 5.5833225E+01 -9.6052485E+00
2026 07 23 21 02 00 000 -3.1246019E+01 5.5835064E+01 -9.5866489E+00
2026 07 23 21 03 00 000 -3.1251923E+01 5.5836857E+01 -9.5682220E+00
2026 07 23 21 04 00 000 -3.1257803E+01 5.5838623E+01 -9.5499716E+00
2026 07 23 21 05 00 000 -3.1263693E+01 5.5840347E+01 -9.5318909E+00
2026 07 23 21 06 00 000 -3.1269531E+01 5.5842045E+01 -9.5140018E+00
2026 07 23 21 07 00 000 -3.1275414E+01 5.5843681E+01 -9.4962635E+00
2026 07 23 21 08 00 000 -3.1281267E+01 5.5845295E+01 -9.4787092E+00
2026 07 23 21 09 00 000 -3.1287096E+01 5.5846874E+01 -9.4613371E+00
2026 07 23 21 10 00 000 -3.1292925E+01 5.5848404E+01 -9.4441357E+00
2026 07 23 21 11 00 000 -3.1298742E+01 5.5849899E+01 -9.4271107E+00
2026 07 23 21 12 00 000 -3.1304554E+01 5.5851368E+01 -9.4102659E+00
2026 07 23 21 13 00 000 -3.1310331E+01 5.5852814E+01 -9.3936024E+00
2026 07 23 21 14 00 000 -3.1316135E+01 5.5854198E+01 -9.3770990E+00
2026 07 23 21 15 00 000 -3.1321894E+01 5.5855560E+01 -9.3607874E+00
2026 07 23 21 16 00 000 -3.1327652E+01 5.5856884E+01 -9.3446474E+00
2026 07 23 21 17 00 000 -3.1333408E+01 5.5858170E+01 -9.3286819E+00
2026 07 23 21 18 00 000 -3.1339159E+01 5.5859413E+01 -9.3128920E+00
2026 07 23 21 19 00 000 -3.1344881E+01 5.5860638E+01 -9.2972946E+00
2026 07 23 21 20 00 000 -3.1350609E+01 5.5861809E+01 -9.2818584E+00
2026 07 23 21 21 00 000 -3.1356327E+01 5.5862957E+01 -9.2666044E+00
2026 07 23 21 22 00 000 -3.1362017E+01 5.5864071E+01 -9.2515287E+00
2026 07 23 21 23 00 000 -3.1367708E+01 5.5865139E+01 -9.2366352E+00
2026 07 23 21 24 00 000 -3.1373396E+01 5.5866173E+01 -9.2219124E+00
2026 07 23 21 25 00 000 -3.1379042E+01 5.5867191E+01 -9.2073841E+00
2026 07 23 21 26 00 000 -3.1384687E+01 5.5868164E+01 -9.1930265E+00
2026 07 23 21 27 00 000 -3.1390356E+01 5.5869095E+01 -9.1788349E+00
2026 07 23 21 28 00 000 -3.1395998E+01 5.5869987E+01 -9.1648273E+00
2026 07 23 21 29 00 000 -3.1401615E+01 5.5870850E+01 -9.1510067E+00
2026 07 23 21 30 00 000 -3.1407236E+01 5.5871685E+01 -9.1373587E+00
2026 07 23 21 31 00 000 -3.1412848E+01 5.5872478E+01 -9.1238918E+00
2026 07 23 21 32 00 000 -3.1418432E+01 5.5873245E+01 -9.1106071E+00
2026 07 23 21 33 00 000 -3.1424017E+01 5.5873966E+01 -9.0974960E+00
2026 07 23 21 34 00 000 -3.1429579E+01 5.5874672E+01 -9.0845728E+00
2026 07 23 21 35 00 000 -3.1435146E+01 5.5875332E+01 -9.0718222E+00
2026 07 23 21 36 00 000 -3.1440702E+01 5.5875957E+01 -9.0592508E+00
2026 07 23 21 37 00 000 -3.1446236E+01 5.5876549E+01 -9.0468636E+00
2026 07 23 21 38 00 000 -3.1451754E+01 5.5877125E+01 -9.0346594E+00
2026 07 23 21 39 00 000 -3.1457272E+01 5.5877647E+01 -9.0226278E+00
2026 07 23 21 40 00 000 -3.1462790E+01 5.5878143E+01 -9.0107737E+00
2026 07 23 21 41 00 000 -3.1468294E+01 5.5878590E+01 -8.9991026E+00
2026 07 23 21 42 00 000 -3.1473776E+01 5.5879017E+01 -8.9876127E+00
2026 07 23 21 43 00 000 -3.1479244E+01 5.5879421E+01 -8.9763088E+00
2026 07 23 21 44 00 000 -3.1484726E+01 5.5879765E+01 -8.9651690E+00
2026 07 23 21 45 00 000 -3.1490160E+01 5.5880100E+01 -8.9542303E+00
2026 07 23 21 46 00 000 -3.1495604E+01 5.5880405E+01 -8.9434624E+00
2026 07 23 21 47 00 000 -3.1501028E+01 5.5880669E+01 -8.9328747E+00
2026 07 23 21 48 00 000 -3.1506454E+01 5.5880898E+01 -8.9224644E+00
2026 07 23 21 49 00 000 -3.1511868E+01 5.5881092E+01 -8.9122381E+00
2026 07 23 21 50 00 000 -3.1517262E+01 5.5881264E+01 -8.9021931E+00
2026 07 23 21 51 00 000 -3.1522646E+01 5.5881386E+01 -8.8923292E+00
2026 07 23 21 52 00 000 -3.1528017E+01 5.5881493E+01 -8.8826485E+00
2026 07 23 21 53 00 000 -3.1533384E+01 5.5881557E+01 -8.8731413E+00
2026 07 23 21 54 00 000 -3.1538744E+01 5.5881592E+01 -8.8638153E+00
2026 07 23 21 55 00 000 -3.1544075E+01 5.5881592E+01 -8.8546762E+00
2026 07 23 21 56 00 000 -3.1549416E+01 5.5881569E+01 -8.8457108E+00
2026 07 23 21 57 00 000 -3.1554731E+01 5.5881523E+01 -8.8369379E+00
2026 07 23 21 58 00 000 -3.1560028E+01 5.5881435E+01 -8.8283386E+00
2026 07 23 21 59 00 000 -3.1565340E+01 5.5881298E+01 -8.8199129E+00
2026 07 23 22 00 00 000 -3.1570635E+01 5.5881130E+01 -8.8116713E+00
2026 07 23 22 01 00 000 -3.1575903E+01 5.5880959E+01 -8.8036156E+00
2026 07 23 22 02 00 000 -3.1581160E+01 5.5880737E+01 -8.7957392E+00
2026 07 23 22 03 00 000 -3.1586416E+01 5.5880493E+01 -8.7880449E+00
2026 07 23 22 04 00 000 -3.1591667E+01 5.5880203E+01 -8.7805262E+00
2026 07 23 22 05 00 000 -3.1596888E+01 5.5879890E+01 -8.7731924E+00
2026 07 23 22 06 00 000 -3.1602110E+01 5.5879547E+01 -8.7660379E+00
2026 07 23 22 07 00 000 -3.1607325E+01 5.5879169E+01 -8.7590599E+00
2026 07 23 22 08 00 000 -3.1612514E+01 5.5878769E+01 -8.7522707E+00
2026 07 23 22 09 00 000 -3.1617691E+01 5.5878342E+01 -8.7456627E+00
2026 07 23 22 10 00 000 -3.1622869E+01 5.5877865E+01 -8.7392302E+00
2026 07 23 22 11 00 000 -3.1628040E+01 5.5877369E+01 -8.7329731E+00
2026 07 23 22 12 00 000 -3.1633192E+01 5.5876831E+01 -8.7269020E+00
2026 07 23 22 13 00 000 -3.1638327E+01 5.5876270E+01 -8.7210150E+00
2026 07 23 22 14 00 000 -3.1643459E+01 5.5875675E+01 -8.7153053E+00
2026 07 23 22 15 00 000 -3.1648569E+01 5.5875053E+01 -8.7097778E+00
2026 07 23 22 16 00 000 -3.1653685E+01 5.5874397E+01 -8.7044239E+00
2026 07 23 22 17 00 000 -3.1658781E+01 5.5873714E+01 -8.6992550E+00
2026 07 23 22 18 00 000 -3.1663868E+01 5.5872993E+01 -8.6942616E+00
2026 07 23 22 19 00 000 -3.1668932E+01 5.5872250E+01 -8.6894598E+00
2026 07 23 22 20 00 000 -3.1673986E+01 5.5871471E+01 -8.6848345E+00
2026 07 23 22 21 00 000 -3.1679039E+01 5.5870670E+01 -8.6803827E+00
2026 07 23 22 22 00 000 -3.1684082E+01 5.5869823E+01 -8.6761141E+00
2026 07 23 22 23 00 000 -3.1689114E+01 5.5868954E+01 -8.6720181E+00
2026 07 23 22 24 00 000 -3.1694130E+01 5.5868053E+01 -8.6681089E+00
2026 07 23 22 25 00 000 -3.1699116E+01 5.5867134E+01 -8.6643858E+00
2026 07 23 22 26 00 000 -3.1704109E+01 5.5866165E+01 -8.6608372E+00
2026 07 23 22 27 00 000 -3.1709078E+01 5.5865185E+01 -8.6574678E+00
2026 07 23 22 28 00 000 -3.1714050E+01 5.5864155E+01 -8.6542778E+00
2026 07 23 22 29 00 000 -3.1719025E+01 5.5863106E+01 -8.6512585E+00
2026 07 23 22 30 00 000 -3.1723944E+01 5.5862026E+01 -8.6484337E+00
2026 07 23 22 31 00 000 -3.1728886E+01 5.5860916E+01 -8.6457767E+00
2026 07 23 22 32 00 000 -3.1733810E+01 5.5859772E+01 -8.6433001E+00
2026 07 23 22 33 00 000 -3.1738714E+01 5.5858608E+01 -8.6410074E+00
2026 07 23 22 34 00 000 -3.1743628E+01 5.5857391E+01 -8.6388845E+00
2026 07 23 22 35 00 000 -3.1748505E+01 5.5856174E+01 -8.6369524E+00
2026 07 23 22 36 00 000 -3.1753370E+01 5.5854908E+01 -8.6351948E+00
2026 07 23 22 37 00 000 -3.1758234E+01 5.5853615E+01 -8.6336126E+00
2026 07 23 22 38 00 000 -3.1763092E+01 5.5852291E+01 -8.6322069E+00
2026 07 23 22 39 00 000 -3.1767921E+01 5.5850941E+01 -8.6309853E+00
2026 07 23 22 40 00 000 -3.1772749E+01 5.5849556E+01 -8.6299353E+00
2026 07 23 22 41 00 000 -3.1777559E+01 5.5848148E+01 -8.6290684E+00
2026 07 23 22 42 00 000 -3.1782360E+01 5.5846703E+01 -8.6283770E+00
2026 07 23 22 43 00 000 -3.1787161E+01 5.5845226E+01 -8.6278582E+00
2026 07 23 22 44 00 000 -3.1791933E+01 5.5843731E+01 -8.6275253E+00
2026 07 23 22 45 00 000 -3.1796701E+01 5.5842190E+01 -8.6273670E+00
2026 07 23 22 46 00 000 -3.1801451E+01 5.5840637E+01 -8.6273861E+00
2026 07 23 22 47 00 000 -3.1806192E+01 5.5839043E+01 -8.6275826E+00
2026 07 23 22 48 00 000 -3.1810928E+01 5.5837414E+01 -8.6279516E+00
2026 07 23 22 49 00 000 -3.1815630E+01 5.5835773E+01 -8.6285067E+00
2026 07 23 22 50 00 000 -3.1820351E+01 5.5834087E+01 -8.6292248E+00
2026 07 23 22 51 00 000 -3.1825035E+01 5.5832386E+01 -8.6301346E+00
2026 07 23 22 52 00 000 -3.1829718E+01 5.5830643E+01 -8.6312084E+00
2026 07 23 22 53 00 000 -3.1834398E+01 5.5828857E+01 -8.6324606E+00
2026 07 23 22 54 00 000 -3.1839056E+01 5.5827057E+01 -8.6338892E+00
2026 07 23 22 55 00 000 -3.1843681E+01 5.5825237E+01 -8.6355028E+00
2026 07 23 22 56 00 000 -3.1848331E+01 5.5823360E+01 -8.6372786E+00
2026 07 23 22 57 00 000 -3.1852945E+01 5.5821476E+01 -8.6392355E+00
2026 07 23 22 58 00 000 -3.1857557E+01 5.5819553E+01 -8.6413622E+00
2026 07 23 22 59 00 000 -3.1862158E+01 5.5817596E+01 -8.6436701E+00
2026 07 23 23 00 00 000 -3.1866735E+01 5.5815620E+01 -8.6461535E+00
2026 07 23 23 01 00 000 -3.1871296E+01 5.5813610E+01 -8.6488123E+00
2026 07 23 23 02 00 000 -3.1875860E+01 5.5811569E+01 -8.6516409E+00
2026 07 23 23 03 00 000 -3.1880413E+01 5.5809498E+01 -8.6546440E+00
2026 07 23 23 04 00 000 -3.1884939E+01 5.5807400E+01 -8.6578245E+00
2026 07 23 23 05 00 000 -3.1889465E+01 5.5805256E+01 -8.6611738E+00
2026 07 23 23 06 00 000 -3.1893969E+01 5.5803101E+01 -8.6646996E+00
2026 07 23 23 07 00 000 -3.1898470E+01 5.5800903E+01 -8.6683989E+00
2026 07 23 23 08 00 000 -3.1902958E+01 5.5798683E+01 -8.6722670E+00
2026 07 23 23 09 00 000 -3.1907423E+01 5.5796432E+01 -8.6763153E+00
2026 07 23 23 10 00 000 -3.1911884E+01 5.5794151E+01 -8.6805315E+00
2026 07 23 23 11 00 000 -3.1916334E+01 5.5791840E+01 -8.6849174E+00
2026 07 23 23 12 00 000 -3.1920757E+01 5.5789509E+01 -8.6894836E+00
2026 07 23 23 13 00 000 -3.1925184E+01 5.5787113E+01 -8.6942129E+00
2026 07 23 23 14 00 000 -3.1929598E+01 5.5784718E+01 -8.6991177E+00
2026 07 23 23 15 00 000 -3.1933990E+01 5.5782291E+01 -8.7041931E+00
2026 07 23 23 16 00 000 -3.1938375E+01 5.5779823E+01 -8.7094431E+00
2026 07 23 23 17 00 000 -3.1942749E+01 5.5777325E+01 -8.7148581E+00
2026 07 23 23 18 00 000 -3.1947100E+01 5.5774803E+01 -8.7204542E+00
2026 07 23 23 19 00 000 -3.1951445E+01 5.5772240E+01 -8.7262144E+00
2026 07 23 23 20 00 000 -3.1955782E+01 5.5769653E+01 -8.7321405E+00
2026 07 23 23 21 00 000 -3.1960102E+01 5.5767036E+01 -8.7382431E+00
2026 07 23 23 22 00 000 -3.1964409E+01 5.5764385E+01 -8.7445116E+00
2026 07 23 23 23 00 000 -3.1968691E+01 5.5761719E+01 -8.7509584E+00
2026 07 23 23 24 00 000 -3.1972965E+01 5.5759014E+01 -8.7575674E+00
2026 07 23 23 25 00 000 -3.1977238E+01 5.5756283E+01 -8.7643471E+00
2026 07 23 23 26 00 000 -3.1981493E+01 5.5753494E+01 -8.7712917E+00
2026 07 23 23 27 00 000 -3.1985739E+01 5.5750698E+01 -8.7784061E+00
2026 07 23 23 28 00 000 -3.1989958E+01 5.5747860E+01 -8.7856960E+00
2026 07 23 23 29 00 000 -3.1994158E+01 5.5745010E+01 -8.7931490E+00
2026 07 23 23 30 00 000 -3.1998371E+01 5.5742111E+01 -8.8007679E+00
2026 07 23 23 31 00 000 -3.2002579E+01 5.5739189E+01 -8.8085480E+00
2026 07 23 23 32 00 000 -3.2006737E+01 5.5736237E+01 -8.8165102E+00
2026 07 23 23 33 00 000 -3.2010914E+01 5.5733246E+01 -8.8246250E+00
2026 07 23 23 34 00 000 -3.2015057E+01 5.5730232E+01 -8.8329134E+00
2026 07 23 23 35 00 000 -3.2019192E+01 5.5727180E+01 -8.8413677E+00
2026 07 23 23 36 00 000 -3.2023308E+01 5.5724102E+01 -8.8499880E+00
2026 07 23 23 37 00 000 -3.2027412E+01 5.5720997E+01 -8.8587780E+00
2026 07 23 23 38 00 000 -3.2031517E+01 5.5717846E+01 -8.8677244E+00
2026 07 23 23 39 00 000 -3.2035606E+01 5.5714653E+01 -8.8768330E+00
2026 07 23 23 40 00 000 -3.2039673E+01 5.5711472E+01 -8.8861198E+00
2026 07 23 23 41 00 000 -3.2043720E+01 5.5708229E+01 -8.8955679E+00
2026 07 23 23 42 00 000 -3.2047764E+01 5.5704952E+01 -8.9051743E+00
2026 07 23 23 43 00 000 -3.2051781E+01 5.5701660E+01 -8.9149542E+00
2026 07 23 23 44 00 000 -3.2055805E+01 5.5698334E+01 -8.9248896E+00
2026 07 23 23 45 00 000 -3.2059811E+01 5.5694962E+01 -8.9349861E+00
2026 07 23 23 46 00 000 -3.2063805E+01 5.5691563E+01 -8.9452486E+00
2026 07 23 23 47 00 000 -3.2067760E+01 5.5688152E+01 -8.9556818E+00
2026 07 23 23 48 00 000 -3.2071724E+01 5.5684689E+01 -8.9662714E+00
2026 07 23 23 49 00 000 -3.2075672E+01 5.5681190E+01 -8.9770203E+00
2026 07 23 23 50 00 000 -3.2079609E+01 5.5677666E+01 -8.9879303E+00
2026 07 23 23 51 00 000 -3.2083538E+01 5.5674099E+01 -8.9989996E+00
2026 07 23 23 52 00 000 -3.2087448E+01 5.5670513E+01 -9.0102320E+00
2026 07 23 23 53 00 000 -3.2091335E+01 5.5666904E+01 -9.0216274E+00
2026 07 23 23 54 00 000 -3.2095203E+01 5.5663246E+01 -9.0331888E+00
2026 07 23 23 55 00 000 -3.2099056E+01 5.5659565E+01 -9.0449076E+00
2026 07 23 23 56 00 000 -3.2102928E+01 5.5655838E+01 -9.0567780E+00
2026 07 23 23 57 00 000 -3.2106766E+01 5.5652084E+01 -9.0688095E+00
2026 07 23 23 58 00 000 -3.2110584E+01 5.5648304E+01 -9.0810089E+00
2026 07 23 23 59 00 000 -3.2114395E+01 5.5644489E+01 -9.0933599E+00
2026 07 24 00 00 00 000 -3.2118183E+01 5.5640617E+01 -9.1059713E+00
2026 07 24 00 01 00 000 -3.2121952E+01 5.5636742E+01 -9.1186476E+00
2026 07 24 00 02 00 000 -3.2125740E+01 5.5632812E+01 -9.1314688E+00
2026 07 24 00 03 00 000 -3.2129494E+01 5.5628864E+01 -9.1444464E+00
2026 07 24 00 04 00 000 -3.2133224E+01 5.5624886E+01 -9.1575909E+00
2026 07 24 00 05 00 000 -3.2136932E+01 5.5620884E+01 -9.1708899E+00
2026 07 24 00 06 00 000 -3.2140640E+01 5.5616844E+01 -9.1843462E+00
2026 07 24 00 07 00 000 -3.2144337E+01 5.5612743E+01 -9.1979504E+00
2026 07 24 00 08 00 000 -3.2148014E+01 5.5608643E+01 -9.2117214E+00
2026 07 24 00 09 00 000 -3.2151699E+01 5.5604481E+01 -9.2256317E+00
2026 07 24 00 10 00 000 -3.2155354E+01 5.5600288E+01 -9.2397051E+00
2026 07 24 00 11 00 000 -3.2158985E+01 5.5596073E+01 -9.2539349E+00
2026 07 24 00 12 00 000 -3.2162598E+01 5.5591827E+01 -9.2683249E+00
2026 07 24 00 13 00 000 -3.2166206E+01 5.5587555E+01 -9.2828608E+00
2026 07 24 00 14 00 000 -3.2169792E+01 5.5583229E+01 -9.2975483E+00
2026 07 24 00 15 00 000 -3.2173389E+01 5.5578865E+01 -9.3123846E+00
2026 07 24 00 16 00 000 -3.2176945E+01 5.5574482E+01 -9.3273840E+00
2026 07 24 00 17 00 000 -3.2180504E+01 5.5570053E+01 -9.3425331E+00
2026 07 24 00 18 00 000 -3.2184029E+01 5.5565609E+01 -9.3578320E+00
2026 07 24 00 19 00 000 -3.2187538E+01 5.5561115E+01 -9.3732891E+00
2026 07 24 00 20 00 000 -3.2191055E+01 5.5556583E+01 -9.3888817E+00
2026 07 24 00 21 00 000 -3.2194565E+01 5.5552017E+01 -9.4046288E+00
2026 07 24 00 22 00 000 -3.2198025E+01 5.5547421E+01 -9.4205332E+00
2026 07 24 00 23 00 000 -3.2201485E+01 5.5542801E+01 -9.4365854E+00
2026 07 24 00 24 00 000 -3.2204933E+01 5.5538136E+01 -9.4527893E+00
2026 07 24 00 25 00 000 -3.2208355E+01 5.5533432E+01 -9.4691391E+00
2026 07 24 00 26 00 000 -3.2211777E+01 5.5528694E+01 -9.4856367E+00
2026 07 24 00 27 00 000 -3.2215183E+01 5.5523918E+01 -9.5022793E+00
2026 07 24 00 28 00 000 -3.2218559E+01 5.5519115E+01 -9.5190754E+00
2026 07 24 00 29 00 000 -3.2221935E+01 5.5514267E+01 -9.5360203E+00
2026 07 24 00 30 00 000 -3.2225277E+01 5.5509388E+01 -9.5531082E+00
2026 07 24 00 31 00 000 -3.2228626E+01 5.5504478E+01 -9.5703421E+00
2026 07 24 00 32 00 000 -3.2231953E+01 5.5499531E+01 -9.5877209E+00
2026 07 24 00 33 00 000 -3.2235268E+01 5.5494530E+01 -9.6052465E+00
2026 07 24 00 34 00 000 -3.2238560E+01 5.5489517E+01 -9.6229219E+00
2026 07 24 00 35 00 000 -3.2241837E+01 5.5484447E+01 -9.6407356E+00
2026 07 24 00 36 00 000 -3.2245094E+01 5.5479366E+01 -9.6587000E+00
2026 07 24 00 37 00 000 -3.2248348E+01 5.5474236E+01 -9.6768036E+00
2026 07 24 00 38 00 000 -3.2251583E+01 5.5469048E+01 -9.6950521E+00
2026 07 24 00 39 00 000 -3.2254807E+01 5.5463848E+01 -9.7134399E+00
2026 07 24 00 40 00 000 -3.2257996E+01 5.5458611E+01 -9.7319756E+00
2026 07 24 00 41 00 000 -3.2261173E+01 5.5453339E+01 -9.7506533E+00
2026 07 24 00 42 00 000 -3.2264355E+01 5.5448017E+01 -9.7694683E+00
2026 07 24 00 43 00 000 -3.2267506E+01 5.5442654E+01 -9.7884274E+00
2026 07 24 00 44 00 000 -3.2270657E+01 5.5437271E+01 -9.8075266E+00
2026 07 24 00 45 00 000 -3.2273766E+01 5.5431843E+01 -9.8267708E+00
2026 07 24 00 46 00 000 -3.2276859E+01 5.5426384E+01 -9.8461561E+00
2026 07 24 00 47 00 000 -3.2279957E+01 5.5420872E+01 -9.8656759E+00
2026 07 24 00 48 00 000 -3.2283024E+01 5.5415344E+01 -9.8853340E+00
2026 07 24 00 49 00 000 -3.2286095E+01 5.5409752E+01 -9.9051228E+00
2026 07 24 00 50 00 000 -3.2289146E+01 5.5404125E+01 -9.9250593E+00
2026 07 24 00 51 00 000 -3.2292164E+01 5.5398479E+01 -9.9451332E+00
2026 07 24 00 52 00 000 -3.2295162E+01 5.5392792E+01 -9.9653511E+00
2026 07 24 00 53 00 000 -3.2298164E+01 5.5387058E+01 -9.9856958E+00
2026 07 24 00 54 00 000 -3.2301125E+01 5.5381298E+01 -1.0006186E+01
2026 07 24 00 55 00 000 -3.2304104E+01 5.5375469E+01 -1.0026800E+01
2026 07 24 00 56 00 000 -3.2307060E+01 5.5369614E+01 -1.0047550E+01
2026 07 24 00 57 00 000 -3.2309978E+01 5.5363743E+01 -1.0068446E+01
2026 07 24 00 58 00 000 -3.2312881E+01 5.5357819E+01 -1.0089471E+01
2026 07 24 00 59 00 000 -3.2315781E+01 5.5351856E+01 -1.0110633E+01
2026 07 24 01 00 00 000 -3.2318649E+01 5.5345856E+01 -1.0131925E+01
2026 07 24 01 01 00 000 -3.2321526E+01 5.5339802E+01 -1.0153345E+01
2026 07 24 01 02 00 000 -3.2324364E+01 5.5333725E+01 -1.0174901E+01
2026 07 24 01 03 00 000 -3.2327187E+01 5.5327606E+01 -1.0196596E+01
2026 07 24 01 04 00 000 -3.2329990E+01 5.5321453E+01 -1.0218423E+01
2026 07 24 01 05 00 000 -3.2332783E+01 5.5315247E+01 -1.0240373E+01
2026 07 24 01 06 00 000 -3.2335575E+01 5.5308998E+01 -1.0262454E+01
2026 07 24 01 07 00 000 -3.2338329E+01 5.5302723E+01 -1.0284665E+01
2026 07 24 01 08 00 000 -3.2341084E+01 5.5296391E+01 -1.0307009E+01
2026 07 24 01 09 00 000 -3.2343796E+01 5.5290039E+01 -1.0329486E+01
2026 07 24 01 10 00 000 -3.2346497E+01 5.5283653E+01 -1.0352086E+01
2026 07 24 01 11 00 000 -3.2349201E+01 5.5277195E+01 -1.0374811E+01
2026 07 24 01 12 00 000 -3.2351856E+01 5.5270714E+01 -1.0397674E+01
2026 07 24 01 13 00 000 -3.2354523E+01 5.5264198E+01 -1.0420658E+01
2026 07 24 01 14 00 000 -3.2357182E+01 5.5257622E+01 -1.0443765E+01
2026 07 24 01 15 00 000 -3.2359791E+01 5.5251019E+01 -1.0467003E+01
2026 07 24 01 16 00 000 -3.2362385E+01 5.5244373E+01 -1.0490364E+01
2026 07 24 01 17 00 000 -3.2364979E+01 5.5237694E+01 -1.0513850E+01
2026 07 24 01 18 00 000 -3.2367554E+01 5.5230953E+01 -1.0537459E+01
2026 07 24 01 19 00 000 -3.2370106E+01 5.5224186E+01 -1.0561194E+01
2026 07 24 01 20 00 000 -3.2372643E+01 5.5217361E+01 -1.0585057E+01
2026 07 24 01 21 00 000 -3.2375156E+01 5.5210510E+01 -1.0609040E+01
2026 07 24 01 22 00 000 -3.2377644E+01 5.5203617E+01 -1.0633150E+01
2026 07 24 01 23 00 000 -3.2380116E+01 5.5196686E+01 -1.0657378E+01
2026 07 24 01 24 00 000 -3.2382580E+01 5.5189709E+01 -1.0681723E+01
2026 07 24 01 25 00 000 -3.2385029E+01 5.5182682E+01 -1.0706197E+01
2026 07 24 01 26 00 000 -3.2387447E+01 5.5175625E+01 -1.0730787E+01
2026 07 24 01 27 00 000 -3.2389854E+01 5.5168503E+01 -1.0755496E+01
2026 07 24 01 28 00 000 -3.2392250E+01 5.5161350E+01 -1.0780324E+01
2026 07 24 01 29 00 000 -3.2394611E+01 5.5154160E+01 -1.0805275E+01
2026 07 24 01 30 00 000 -3.2396965E+01 5.5146915E+01 -1.0830339E+01
2026 07 24 01 31 00 000 -3.2399303E+01 5.5139637E+01 -1.0855521E+01
2026 07 24 01 32 00 000 -3.2401630E+01 5.5132317E+01 -1.0880827E+01
2026 07 24 01 33 00 000 -3.2403919E+01 5.5124950E+01 -1.0906245E+01
2026 07 24 01 34 00 000 -3.2406200E+01 5.5117531E+01 -1.0931778E+01
2026 07 24 01 35 00 000 -3.2408463E+01 5.5110085E+01 -1.0957425E+01
2026 07 24 01 36 00 000 -3.2410694E+01 5.5102585E+01 -1.0983195E+01
2026 07 24 01 37 00 000 -3.2412922E+01 5.5095043E+01 -1.1009074E+01
2026 07 24 01 38 00 000 -3.2415123E+01 5.5087463E+01 -1.1035069E+01
2026 07 24 01 39 00 000 -3.2417301E+01 5.5079830E+01 -1.1061180E+01
2026 07 24 01 40 00 000 -3.2419453E+01 5.5072159E+01 -1.1087400E+01
2026 07 24 01 41 00 000 -3.2421616E+01 5.5064434E+01 -1.1113732E+01
2026 07 24 01 42 00 000 -3.2423733E+01 5.5056671E+01 -1.1140174E+01
2026 07 24 01 43 00 000 -3.2425831E+01 5.5048870E+01 -1.1166735E+01
2026 07 24 01 44 00 000 -3.2427906E+01 5.5041027E+01 -1.1193406E+01
2026 07 24 01 45 00 000 -3.2429981E+01 5.5033115E+01 -1.1220175E+01
2026 07 24 01 46 00 000 -3.2432030E+01 5.5025173E+01 -1.1247065E+01
2026 07 24 01 47 00 000 -3.2434063E+01 5.5017181E+01 -1.1274055E+01
2026 07 24 01 48 00 000 -3.2436077E+01 5.5009144E+01 -1.1301165E+01
2026 07 24 01 49 00 000 -3.2438057E+01 5.5001064E+01 -1.1328374E+01
2026 07 24 01 50 00 000 -3.2440014E+01 5.4992947E+01 -1.1355699E+01
2026 07 24 01 51 00 000 -3.2441975E+01 5.4984776E+01 -1.1383118E+01
2026 07 24 01 52 00 000 -3.2443909E+01 5.4976562E+01 -1.1410647E+01
2026 07 24 01 53 00 000 -3.2445812E+01 5.4968285E+01 -1.1438286E+01
2026 07 24 01 54 00 000 -3.2447708E+01 5.4959980E+01 -1.1466029E+01
2026 07 24 01 55 00 000 -3.2449562E+01 5.4951626E+01 -1.1493878E+01
2026 07 24 01 56 00 000 -3.2451405E+01 5.4943230E+01 -1.1521832E+01
2026 07 24 01 57 00 000 -3.2453239E+01 5.4934784E+01 -1.1549884E+01
2026 07 24 01 58 00 000 -3.2455051E+01 5.4926281E+01 -1.1578038E+01
2026 07 24 01 59 00 000 -3.2456833E+01 5.4917732E+01 -1.1606295E+01
2026 07 24 02 00 00 000 -3.2458607E+01 5.4909138E+01 -1.1634653E+01
2026 07 24 02 01 00 000 -3.2460339E+01 5.4900497E+01 -1.1663117E+01
2026 07 24 02 02 00 000 -3.2462055E+01 5.4891819E+01 -1.1691682E+01
2026 07 24 02 03 00 000 -3.2463745E+01 5.4883102E+01 -1.1720345E+01
2026 07 24 02 04 00 000 -3.2465443E+01 5.4874302E+01 -1.1749103E+01
2026 07 24 02 05 00 000 -3.2467094E+01 5.4865482E+01 -1.1777964E+01
2026 07 24 02 06 00 000 -3.2468739E+01 5.4856609E+01 -1.1806915E+01
2026 07 24 02 07 00 000 -3.2470348E+01 5.4847694E+01 -1.1835975E+01
2026 07 24 02 08 00 000 -3.2471928E+01 5.4838722E+01 -1.1865127E+01
2026 07 24 02 09 00 000 -3.2473518E+01 5.4829697E+01 -1.1894367E+01
2026 07 24 02 10 00 000 -3.2475075E+01 5.4820621E+01 -1.1923710E+01
2026 07 24 02 11 00 000 -3.2476604E+01 5.4811504E+01 -1.1953151E+01
2026 07 24 02 12 00 000 -3.2478107E+01 5.4802341E+01 -1.1982680E+01
2026 07 24 02 13 00 000 -3.2479607E+01 5.4793114E+01 -1.2012301E+01
2026 07 24 02 14 00 000 -3.2481041E+01 5.4783863E+01 -1.2042030E+01
2026 07 24 02 15 00 000 -3.2482498E+01 5.4774551E+01 -1.2071836E+01
2026 07 24 02 16 00 000 -3.2483917E+01 5.4765175E+01 -1.2101743E+01
2026 07 24 02 17 00 000 -3.2485313E+01 5.4755779E+01 -1.2131739E+01
2026 07 24 02 18 00 000 -3.2486706E+01 5.4746300E+01 -1.2161819E+01
2026 07 24 02 19 00 000 -3.2488041E+01 5.4736809E+01 -1.2191998E+01
2026 07 24 02 20 00 000 -3.2489372E+01 5.4727234E+01 -1.2222257E+01
2026 07 24 02 21 00 000 -3.2490685E+01 5.4717617E+01 -1.2252607E+01
2026 07 24 02 22 00 000 -3.2491955E+01 5.4707962E+01 -1.2283052E+01
2026 07 24 02 23 00 000 -3.2493206E+01 5.4698257E+01 -1.2313589E+01
2026 07 24 02 24 00 000 -3.2494450E+01 5.4688480E+01 -1.2344201E+01
2026 07 24 02 25 00 000 -3.2495655E+01 5.4678692E+01 -1.2374905E+01
2026 07 24 02 26 00 000 -3.2496861E+01 5.4668800E+01 -1.2405688E+01
2026 07 24 02 27 00 000 -3.2498024E+01 5.4658894E+01 -1.2436558E+01
2026 07 24 02 28 00 000 -3.2499165E+01 5.4648933E+01 -1.2467519E+01
2026 07 24 02 29 00 000 -3.2500286E+01 5.4638912E+01 -1.2498560E+01
2026 07 24 02 30 00 000 -3.2501381E+01 5.4628845E+01 -1.2529687E+01
2026 07 24 02 31 00 000 -3.2502457E+01 5.4618721E+01 -1.2560890E+01
2026 07 24 02 32 00 000 -3.2503513E+01 5.4608540E+01 -1.2592178E+01
2026 07 24 02 33 00 000 -3.2504524E+01 5.4598328E+01 -1.2623547E+01
2026 07 24 02 34 00 000 -3.2505531E+01 5.4588039E+01 -1.2654996E+01
2026 07 24 02 35 00 000 -3.2506493E+01 5.4577717E+01 -1.2686531E+01
2026 07 24 02 36 00 000 -3.2507462E+01 5.4567333E+01 -1.2718136E+01
2026 07 24 02 37 00 000 -3.2508377E+01 5.4556892E+01 -1.2749825E+01
2026 07 24 02 38 00 000 -3.2509285E+01 5.4546410E+01 -1.2781589E+01
2026 07 24 02 39 00 000 -3.2510155E+01 5.4535866E+01 -1.2813437E+01
2026 07 24 02 40 00 000 -3.2510998E+01 5.4525280E+01 -1.2845356E+01
2026 07 24 02 41 00 000 -3.2511826E+01 5.4514633E+01 -1.2877352E+01
2026 07 24 02 42 00 000 -3.2512630E+01 5.4503933E+01 -1.2909421E+01
2026 07 24 02 43 00 000 -3.2513386E+01 5.4493202E+01 -1.2941571E+01
2026 07 24 02 44 00 000 -3.2514153E+01 5.4482376E+01 -1.2973787E+01
2026 07 24 02 45 00 000 -3.2514858E+01 5.4471527E+01 -1.3006087E+01
2026 07 24 02 46 00 000 -3.2515560E+01 5.4460598E+01 -1.3038450E+01
2026 07 24 02 47 00 000 -3.2516243E+01 5.4449638E+01 -1.3070885E+01
2026 07 24 02 48 00 000 -3.2516888E+01 5.4438610E+01 -1.3103391E+01
2026 07 24 02 49 00 000 -3.2517502E+01 5.4427536E+01 -1.3135980E+01
2026 07 24 02 50 00 000 -3.2518097E+01 5.4416397E+01 -1.3168620E+01
2026 07 24 02 51 00 000 -3.2518650E+01 5.4405216E+01 -1.3201350E+01
2026 07 24 02 52 00 000 -3.2519199E+01 5.4393978E+01 -1.3234135E+01
2026 07 24 02 53 00 000 -3.2519714E+01 5.4382671E+01 -1.3266993E+01
2026 07 24 02 54 00 000 -3.2520176E+01 5.4371342E+01 -1.3299921E+01
2026 07 24 02 55 00 000 -3.2520653E+01 5.4359921E+01 -1.3332900E+01
2026 07 24 02 56 00 000 -3.2521080E+01 5.4348450E+01 -1.3365962E+01
2026 07 24 02 57 00 000 -3.2521484E+01 5.4336933E+01 -1.3399086E+01
2026 07 24 02 58 00 000 -3.2521862E+01 5.4325356E+01 -1.3432271E+01
2026 07 24 02 59 00 000 -3.2522209E+01 5.4313717E+01 -1.3465518E+01
2026 07 24 03 00 00 000 -3.2522518E+01 5.4302032E+01 -1.3498835E+01
2026 07 24 03 01 00 000 -3.2522820E+01 5.4290279E+01 -1.3532207E+01
2026 07 24 03 02 00 000 -3.2523071E+01 5.4278481E+01 -1.3565652E+01
2026 07 24 03 03 00 000 -3.2523308E+01 5.4266632E+01 -1.3599151E+01
2026 07 24 03 04 00 000 -3.2523521E+01 5.4254715E+01 -1.3632706E+01
2026 07 24 03 05 00 000 -3.2523678E+01 5.4242744E+01 -1.3666335E+01
2026 07 24 03 06 00 000 -3.2523842E+01 5.4230709E+01 -1.3700005E+01
2026 07 24 03 07 00 000 -3.2523949E+01 5.4218613E+01 -1.3733748E+01
2026 07 24 03 08 00 000 -3.2524044E+01 5.4206467E+01 -1.3767543E+01
2026 07 24 03 09 00 000 -3.2524105E+01 5.4194256E+01 -1.3801393E+01
2026 07 24 03 10 00 000 -3.2524143E+01 5.4181988E+01 -1.3835299E+01
2026 07 24 03 11 00 000 -3.2524120E+01 5.4169674E+01 -1.3869264E+01
2026 07 24 03 12 00 000 -3.2524094E+01 5.4157291E+01 -1.3903282E+01
2026 07 24 03 13 00 000 -3.2524033E+01 5.4144844E+01 -1.3937353E+01
2026 07 24 03 14 00 000 -3.2523949E+01 5.4132343E+01 -1.3971484E+01
2026 07 24 03 15 00 000 -3.2523834E+01 5.4119781E+01 -1.4005660E+01
2026 07 24 03 16 00 000 -3.2523682E+01 5.4107155E+01 -1.4039889E+01
2026 07 24 03 17 00 000 -3.2523491E+01 5.4094471E+01 -1.4074175E+01
2026 07 24 03 18 00 000 -3.2523266E+01 5.4081726E+01 -1.4108509E+01
2026 07 24 03 19 00 000 -3.2523026E+01 5.4068924E+01 -1.4142896E+01
2026 07 24 03 20 00 000 -3.2522751E+01 5.4056049E+01 -1.4177324E+01
2026 07 24 03 21 00 000 -3.2522449E+01 5.4043129E+01 -1.4211807E+01
2026 07 24 03 22 00 000 -3.2522091E+01 5.4030155E+01 -1.4246339E+01
2026 07 24 03 23 00 000 -3.2521713E+01 5.4017109E+01 -1.4280919E+01
2026 07 24 03 24 00 000 -3.2521309E+01 5.4003998E+01 -1.4315534E+01
2026 07 24 03 25 00 000 -3.2520863E+01 5.3990822E+01 -1.4350210E+01
2026 07 24 03 26 00 000 -3.2520401E+01 5.3977577E+01 -1.4384918E+01
2026 07 24 03 27 00 000 -3.2519901E+01 5.3964287E+01 -1.4419673E+01
2026 07 24 03 28 00 000 -3.2519352E+01 5.3950920E+01 -1.4454476E+01
2026 07 24 03 29 00 000 -3.2518780E+01 5.3937496E+01 -1.4489319E+01
2026 07 24 03 30 00 000 -3.2518169E+01 5.3924011E+01 -1.4524206E+01
2026 07 24 03 31 00 000 -3.2517532E+01 5.3910450E+01 -1.4559131E+01
2026 07 24 03 32 00 000 -3.2516857E+01 5.3896835E+01 -1.4594096E+01
2026 07 24 03 33 00 000 -3.2516129E+01 5.3883171E+01 -1.4629113E+01
2026 07 24 03 34 00 000 -3.2515400E+01 5.3869408E+01 -1.4664147E+01
2026 07 24 03 35 00 000 -3.2514626E+01 5.3855595E+01 -1.4699230E+01
2026 07 24 03 36 00 000 -3.2513802E+01 5.3841721E+01 -1.4734361E+01
2026 07 24 03 37 00 000 -3.2512955E+01 5.3827770E+01 -1.4769520E+01
2026 07 24 03 38 00 000 -3.2512070E+01 5.3813759E+01 -1.4804708E+01
2026 07 24 03 39 00 000 -3.2511139E+01 5.3799686E+01 -1.4839937E+01
2026 07 24 03 40 00 000 -3.2510189E+01 5.3785545E+01 -1.4875201E+01
2026 07 24 03 41 00 000 -3.2509205E+01 5.3771328E+01 -1.4910490E+01
2026 07 24 03 42 00 000 -3.2508156E+01 5.3757050E+01 -1.4945832E+01
2026 07 24 03 43 00 000 -3.2507076E+01 5.3742706E+01 -1.4981196E+01
2026 07 24 03 44 00 000 -3.2505974E+01 5.3728291E+01 -1.5016594E+01
2026 07 24 03 45 00 000 -3.2504833E+01 5.3713806E+01 -1.5052013E+01
2026 07 24 03 46 00 000 -3.2503643E+01 5.3699253E+01 -1.5087466E+01
2026 07 24 03 47 00 000 -3.2502422E+01 5.3684620E+01 -1.5122956E+01
2026 07 24 03 48 00 000 -3.2501171E+01 5.3669922E+01 -1.5158463E+01
2026 07 24 03 49 00 000 -3.2499851E+01 5.3655170E+01 -1.5194012E+01
2026 07 24 03 50 00 000 -3.2498535E+01 5.3640320E+01 -1.5229568E+01
2026 07 24 03 51 00 000 -3.2497147E+01 5.3625416E+01 -1.5265169E+01
2026 07 24 03 52 00 000 -3.2495731E+01 5.3610432E+01 -1.5300778E+01
2026 07 24 03 53 00 000 -3.2494289E+01 5.3595375E+01 -1.5336424E+01
2026 07 24 03 54 00 000 -3.2492794E+01 5.3580246E+01 -1.5372088E+01
2026 07 24 03 55 00 000 -3.2491245E+01 5.3565044E+01 -1.5407781E+01
2026 07 24 03 56 00 000 -3.2489674E+01 5.3549763E+01 -1.5443489E+01
2026 07 24 03 57 00 000 -3.2488045E+01 5.3534420E+01 -1.5479225E+01
2026 07 24 03 58 00 000 -3.2486389E+01 5.3518986E+01 -1.5514970E+01
2026 07 24 03 59 00 000 -3.2484695E+01 5.3503479E+01 -1.5550741E+01
2026 07 24 04 00 00 000 -3.2482956E+01 5.3487896E+01 -1.5586535E+01
2026 07 24 04 01 00 000 -3.2481159E+01 5.3472237E+01 -1.5622344E+01
2026 07 24 04 02 00 000 -3.2479321E+01 5.3456509E+01 -1.5658173E+01
2026 07 24 04 03 00 000 -3.2477455E+01 5.3440693E+01 -1.5694014E+01
2026 07 24 04 04 00 000 -3.2475540E+01 5.3424786E+01 -1.5729867E+01
2026 07 24 04 05 00 000 -3.2473572E+01 5.3408813E+01 -1.5765742E+01
2026 07 24 04 06 00 000 -3.2471569E+01 5.3392757E+01 -1.5801629E+01
2026 07 24 04 07 00 000 -3.2469517E+01 5.3376625E+01 -1.5837528E+01
2026 07 24 04 08 00 000 -3.2467434E+01 5.3360401E+01 -1.5873440E+01
2026 07 24 04 09 00 000 -3.2465305E+01 5.3344082E+01 -1.5909357E+01
2026 07 24 04 10 00 000 -3.2463116E+01 5.3327694E+01 -1.5945292E+01
2026 07 24 04 11 00 000 -3.2460876E+01 5.3311230E+01 -1.5981237E+01
2026 07 24 04 12 00 000 -3.2458611E+01 5.3294666E+01 -1.6017185E+01
2026 07 24 04 13 00 000 -3.2456299E+01 5.3278011E+01 -1.6053143E+01
2026 07 24 04 14 00 000 -3.2453926E+01 5.3261276E+01 -1.6089108E+01
2026 07 24 04 15 00 000 -3.2451504E+01 5.3244446E+01 -1.6125080E+01
2026 07 24 04 16 00 000 -3.2449043E+01 5.3227539E+01 -1.6161060E+01
2026 07 24 04 17 00 000 -3.2446529E+01 5.3210533E+01 -1.6197042E+01
2026 07 24 04 18 00 000 -3.2443966E+01 5.3193432E+01 -1.6233027E+01
2026 07 24 04 19 00 000 -3.2441349E+01 5.3176247E+01 -1.6269016E+01
2026 07 24 04 20 00 000 -3.2438713E+01 5.3158958E+01 -1.6305000E+01
2026 07 24 04 21 00 000 -3.2435993E+01 5.3141575E+01 -1.6340990E+01
2026 07 24 04 22 00 000 -3.2433231E+01 5.3124104E+01 -1.6376984E+01
2026 07 24 04 23 00 000 -3.2430428E+01 5.3106522E+01 -1.6412970E+01
2026 07 24 04 24 00 000 -3.2427563E+01 5.3088856E+01 -1.6448957E+01
2026 07 24 04 25 00 000 -3.2424664E+01 5.3071079E+01 -1.6484940E+01
2026 07 24 04 26 00 000 -3.2421707E+01 5.3053185E+01 -1.6520918E+01
2026 07 24 04 27 00 000 -3.2418705E+01 5.3035210E+01 -1.6556890E+01
2026 07 24 04 28 00 000 -3.2415638E+01 5.3017124E+01 -1.6592857E+01
2026 07 24 04 29 00 000 -3.2412514E+01 5.2998924E+01 -1.6628824E+01
2026 07 24 04 30 00 000 -3.2409355E+01 5.2980629E+01 -1.6664776E+01
2026 07 24 04 31 00 000 -3.2406155E+01 5.2962200E+01 -1.6700712E+01
2026 07 24 04 32 00 000 -3.2402874E+01 5.2943680E+01 -1.6736650E+01
2026 07 24 04 33 00 000 -3.2399555E+01 5.2925041E+01 -1.6772573E+01
2026 07 24 04 34 00 000 -3.2396183E+01 5.2906288E+01 -1.6808483E+01
2026 07 24 04 35 00 000 -3.2392742E+01 5.2887421E+01 -1.6844387E+01
2026 07 24 04 36 00 000 -3.2389267E+01 5.2868423E+01 -1.6880270E+01
2026 07 24 04 37 00 000 -3.2385731E+01 5.2849297E+01 -1.6916138E+01
2026 07 24 04 38 00 000 -3.2382130E+01 5.2830067E+01 -1.6951994E+01
2026 07 24 04 39 00 000 -3.2378475E+01 5.2810711E+01 -1.6987831E+01
2026 07 24 04 40 00 000 -3.2374763E+01 5.2791218E+01 -1.7023649E+01
2026 07 24 04 41 00 000 -3.2371025E+01 5.2771572E+01 -1.7059439E+01
2026 07 24 04 42 00 000 -3.2367214E+01 5.2751823E+01 -1.7095224E+01
2026 07 24 04 43 00 000 -3.2363350E+01 5.2731926E+01 -1.7130978E+01
2026 07 24 04 44 00 000 -3.2359432E+01 5.2711887E+01 -1.7166708E+01
2026 07 24 04 45 00 000 -3.2355450E+01 5.2691708E+01 -1.7202419E+01
2026 07 24 04 46 00 000 -3.2351433E+01 5.2671387E+01 -1.7238096E+01
2026 07 24 04 47 00 000 -3.2347340E+01 5.2650909E+01 -1.7273756E+01
2026 07 24 04 48 00 000 -3.2343208E+01 5.2630280E+01 -1.7309383E+01
2026 07 24 04 49 00 000 -3.2339024E+01 5.2609501E+01 -1.7344982E+01
2026 07 24 04 50 00 000 -3.2334789E+01 5.2588554E+01 -1.7380545E+01
2026 07 24 04 51 00 000 -3.2330479E+01 5.2567455E+01 -1.7416086E+01
2026 07 24 04 52 00 000 -3.2326145E+01 5.2546185E+01 -1.7451591E+01
2026 07 24 04 53 00 000 -3.2321739E+01 5.2524742E+01 -1.7487061E+01
2026 07 24 04 54 00 000 -3.2317291E+01 5.2503120E+01 -1.7522490E+01
2026 07 24 04 55 00 000 -3.2312801E+01 5.2481312E+01 -1.7557890E+01
2026 07 24 04 56 00 000 -3.2308258E+01 5.2459324E+01 -1.7593241E+01
2026 07 24 04 57 00 000 -3.2303654E+01 5.2437153E+01 -1.7628561E+01
2026 07 24 04 58 00 000 -3.2299023E+01 5.2414776E+01 -1.7663837E+01
2026 07 24 04 59 00 000 -3.2294331E+01 5.2392216E+01 -1.7699072E+01
2026 07 24 05 00 00 000 -3.2289604E+01 5.2369434E+01 -1.7734255E+01
2026 07 24 05 01 00 000 -3.2284851E+01 5.2346458E+01 -1.7769400E+01
2026 07 24 05 02 00 000 -3.2280045E+01 5.2323242E+01 -1.7804485E+01
2026 07 24 05 03 00 000 -3.2275196E+01 5.2299816E+01 -1.7839535E+01
2026 07 24 05 04 00 000 -3.2270317E+01 5.2276165E+01 -1.7874529E+01
2026 07 24 05 05 00 000 -3.2265415E+01 5.2252262E+01 -1.7909466E+01
2026 07 24 05 06 00 000 -3.2260490E+01 5.2228119E+01 -1.7944349E+01
2026 07 24 05 07 00 000 -3.2255543E+01 5.2203720E+01 -1.7979176E+01
2026 07 24 05 08 00 000 -3.2250568E+01 5.2179077E+01 -1.8013945E+01
2026 07 24 05 09 00 000 -3.2245586E+01 5.2154152E+01 -1.8048656E+01
2026 07 24 05 10 00 000 -3.2240593E+01 5.2128967E+01 -1.8083305E+01
2026 07 24 05 11 00 000 -3.2235615E+01 5.2103474E+01 -1.8117880E+01
2026 07 24 05 12 00 000 -3.2230629E+01 5.2077709E+01 -1.8152403E+01
2026 07 24 05 13 00 000 -3.2225662E+01 5.2051624E+01 -1.8186848E+01
2026 07 24 05 14 00 000 -3.2220703E+01 5.2025242E+01 -1.8221228E+01
2026 07 24 05 15 00 000 -3.2215778E+01 5.1998547E+01 -1.8255537E+01
2026 07 24 05 16 00 000 -3.2210896E+01 5.1971497E+01 -1.8289766E+01
2026 07 24 05 17 00 000 -3.2206078E+01 5.1944126E+01 -1.8323919E+01
2026 07 24 05 18 00 000 -3.2201317E+01 5.1916389E+01 -1.8357994E+01
2026 07 24 05 19 00 000 -3.2196632E+01 5.1888306E+01 -1.8391991E+01
2026 07 24 05 20 00 000 -3.2192039E+01 5.1859840E+01 -1.8425901E+01
2026 07 24 05 21 00 000 -3.2187527E+01 5.1831013E+01 -1.8459740E+01
2026 07 24 05 22 00 000 -3.2183163E+01 5.1801781E+01 -1.8493477E+01
2026 07 24 05 23 00 000 -3.2178940E+01 5.1772160E+01 -1.8527132E+01
2026 07 24 05 24 00 000 -3.2174870E+01 5.1742126E+01 -1.8560701E+01
2026 07 24 05 25 00 000 -3.2171013E+01 5.1711678E+01 -1.8594172E+01
2026 07 24 05 26 00 000 -3.2167332E+01 5.1680828E+01 -1.8627558E+01
2026 07 24 05 27 00 000 -3.2163906E+01 5.1649540E+01 -1.8660841E+01
2026 07 24 05 28 00 000 -3.2160740E+01 5.1617821E+01 -1.8694033E+01
2026 07 24 05 29 00 000 -3.2157848E+01 5.1585686E+01 -1.8727133E+01
2026 07 24 05 30 00 000 -3.2155289E+01 5.1553108E+01 -1.8760128E+01
2026 07 24 05 31 00 000 -3.2153088E+01 5.1520111E+01 -1.8793036E+01
2026 07 24 05 32 00 000 -3.2151249E+01 5.1486698E+01 -1.8825846E+01
2026 07 24 05 33 00 000 -3.2149826E+01 5.1452873E+01 -1.8858566E+01
2026 07 24 05 34 00 000 -3.2148861E+01 5.1418640E+01 -1.8891184E+01
2026 07 24 05 35 00 000 -3.2148384E+01 5.1384029E+01 -1.8923712E+01
2026 07 24 05 36 00 000 -3.2148415E+01 5.1349052E+01 -1.8956154E+01
2026 07 24 05 37 00 000 -3.2148994E+01 5.1313736E+01 -1.8988504E+01
2026 07 24 05 38 00 000 -3.2150131E+01 5.1278111E+01 -1.9020781E+01
2026 07 24 05 39 00 000 -3.2151863E+01 5.1242207E+01 -1.9052977E+01
2026 07 24 05 40 00 000 -3.2154243E+01 5.1206039E+01 -1.9085094E+01
2026 07 24 05 41 00 000 -3.2157257E+01 5.1169655E+01 -1.9117134E+01
2026 07 24 05 42 00 000 -3.2160915E+01 5.1133114E+01 -1.9149120E+01
2026 07 24 05 43 00 000 -3.2165249E+01 5.1096432E+01 -1.9181042E+01
2026 07 24 05 44 00 000 -3.2170265E+01 5.1059669E+01 -1.9212908E+01
2026 07 24 05 45 00 000 -3.2175953E+01 5.1022835E+01 -1.9244720E+01
2026 07 24 05 46 00 000 -3.2182316E+01 5.0986008E+01 -1.9276482E+01
2026 07 24 05 47 00 000 -3.2189339E+01 5.0949203E+01 -1.9308207E+01
2026 07 24 05 48 00 000 -3.2197006E+01 5.0912479E+01 -1.9339891E+01
2026 07 24 05 49 00 000 -3.2205307E+01 5.0875862E+01 -1.9371552E+01
2026 07 24 05 50 00 000 -3.2214226E+01 5.0839386E+01 -1.9403179E+01
2026 07 24 05 51 00 000 -3.2223740E+01 5.0803078E+01 -1.9434776E+01
2026 07 24 05 52 00 000 -3.2233822E+01 5.0766968E+01 -1.9466354E+01
2026 07 24 05 53 00 000 -3.2244438E+01 5.0731087E+01 -1.9497904E+01
2026 07 24 05 54 00 000 -3.2255547E+01 5.0695450E+01 -1.9529448E+01
2026 07 24 05 55 00 000 -3.2267159E+01 5.0660076E+01 -1.9560963E+01
2026 07 24 05 56 00 000 -3.2279213E+01 5.0624969E+01 -1.9592464E+01
2026 07 24 05 57 00 000 -3.2291687E+01 5.0590168E+01 -1.9623955E+01
2026 07 24 05 58 00 000 -3.2304565E+01 5.0555664E+01 -1.9655424E+01
2026 07 24 05 59 00 000 -3.2317810E+01 5.0521446E+01 -1.9686874E+01
2026 07 24 06 00 00 000 -3.2331383E+01 5.0487553E+01 -1.9718319E+01
2026 07 24 06 01 00 000 -3.2345291E+01 5.0453968E+01 -1.9749741E+01
2026 07 24 06 02 00 000 -3.2359474E+01 5.0420689E+01 -1.9781153E+01
2026 07 24 06 03 00 000 -3.2373940E+01 5.0387730E+01 -1.9812540E+01
2026 07 24 06 04 00 000 -3.2388638E+01 5.0355080E+01 -1.9843908E+01
2026 07 24 06 05 00 000 -3.2403576E+01 5.0322742E+01 -1.9875259E+01
2026 07 24 06 06 00 000 -3.2418720E+01 5.0290699E+01 -1.9906586E+01
2026 07 24 06 07 00 000 -3.2434044E+01 5.0258945E+01 -1.9937897E+01
2026 07 24 06 08 00 000 -3.2449558E+01 5.0227497E+01 -1.9969177E+01
2026 07 24 06 09 00 000 -3.2465221E+01 5.0196327E+01 -2.0000439E+01
2026 07 24 06 10 00 000 -3.2481018E+01 5.0165455E+01 -2.0031670E+01
2026 07 24 06 11 00 000 -3.2496960E+01 5.0134853E+01 -2.0062876E+01
2026 07 24 06 12 00 000 -3.2513020E+01 5.0104511E+01 -2.0094046E+01
2026 07 24 06 13 00 000 -3.2529171E+01 5.0074455E+01 -2.0125196E+01
2026 07 24 06 14 00 000 -3.2545429E+01 5.0044647E+01 -2.0156307E+01
2026 07 24 06 15 00 000 -3.2561764E+01 5.0015087E+01 -2.0187393E+01
2026 07 24 06 16 00 000 -3.2578197E+01 4.9985767E+01 -2.0218430E+01
2026 07 24 06 17 00 000 -3.2594696E+01 4.9956692E+01 -2.0249441E+01
2026 07 24 06 18 00 000 -3.2611237E+01 4.9927853E+01 -2.0280415E+01
2026 07 24 06 19 00 000 -3.2627834E+01 4.9899254E+01 -2.0311354E+01
2026 07 24 06 20 00 000 -3.2644489E+01 4.9870853E+01 -2.0342251E+01
2026 07 24 06 21 00 000 -3.2661186E+01 4.9842686E+01 -2.0373102E+01
2026 07 24 06 22 00 000 -3.2677906E+01 4.9814716E+01 -2.0403917E+01
2026 07 24 06 23 00 000 -3.2694668E+01 4.9786945E+01 -2.0434683E+01
2026 07 24 06 24 00 000 -3.2711475E+01 4.9759388E+01 -2.0465401E+01
2026 07 24 06 25 00 000 -3.2728252E+01 4.9732033E+01 -2.0496090E+01
2026 07 24 06 26 00 000 -3.2745090E+01 4.9704845E+01 -2.0526716E+01
2026 07 24 06 27 00 000 -3.2761940E+01 4.9677853E+01 -2.0557299E+01
2026 07 24 06 28 00 000 -3.2778782E+01 4.9651031E+01 -2.0587837E+01
2026 07 24 06 29 00 000 -3.2795643E+01 4.9624393E+01 -2.0618322E+01
2026 07 24 06 30 00 000 -3.2812523E+01 4.9597923E+01 -2.0648750E+01
2026 07 24 06 31 00 000 -3.2829369E+01 4.9571629E+01 -2.0679140E+01
2026 07 24 06 32 00 000 -3.2846241E+01 4.9545490E+01 -2.0709469E+01
2026 07 24 06 33 00 000 -3.2863102E+01 4.9519512E+01 -2.0739744E+01
2026 07 24 06 34 00 000 -3.2879955E+01 4.9493679E+01 -2.0769958E+01
2026 07 24 06 35 00 000 -3.2896816E+01 4.9468010E+01 -2.0800121E+01
2026 07 24 06 36 00 000 -3.2913643E+01 4.9442482E+01 -2.0830236E+01
2026 07 24 06 37 00 000 -3.2930489E+01 4.9417095E+01 -2.0860279E+01
2026 07 24 06 38 00 000 -3.2947296E+01 4.9391869E+01 -2.0890276E+01
2026 07 24 06 39 00 000 -3.2964096E+01 4.9366768E+01 -2.0920210E+01
2026 07 24 06 40 00 000 -3.2980892E+01 4.9341797E+01 -2.0950081E+01
2026 07 24 06 41 00 000 -3.2997681E+01 4.9316963E+01 -2.0979887E+01
2026 07 24 06 42 00 000 -3.3014420E+01 4.9292278E+01 -2.1009647E+01
2026 07 24 06 43 00 000 -3.3031162E+01 4.9267696E+01 -2.1039333E+01
2026 07 24 06 44 00 000 -3.3047874E+01 4.9243259E+01 -2.1068958E+01
2026 07 24 06 45 00 000 -3.3064590E+01 4.9218925E+01 -2.1098511E+01
2026 07 24 06 46 00 000 -3.3081253E+01 4.9194725E+01 -2.1128017E+01
2026 07 24 06 47 00 000 -3.3097923E+01 4.9170631E+01 -2.1157440E+01
2026 07 24 06 48 00 000 -3.3114555E+01 4.9146664E+01 -2.1186806E+01
2026 07 24 06 49 00 000 -3.3131172E+01 4.9122803E+01 -2.1216106E+01
2026 07 24 06 50 00 000 -3.3147751E+01 4.9099056E+01 -2.1245335E+01
2026 07 24 06 51 00 000 -3.3164330E+01 4.9075417E+01 -2.1274494E+01
2026 07 24 06 52 00 000 -3.3180874E+01 4.9051895E+01 -2.1303585E+01
2026 07 24 06 53 00 000 -3.3197392E+01 4.9028473E+01 -2.1332611E+01
2026 07 24 06 54 00 000 -3.3213871E+01 4.9005165E+01 -2.1361565E+01
2026 07 24 06 55 00 000 -3.3230347E+01 4.8981941E+01 -2.1390446E+01
2026 07 24 06 56 00 000 -3.3246784E+01 4.8958817E+01 -2.1419252E+01
2026 07 24 06 57 00 000 -3.3263191E+01 4.8935814E+01 -2.1447994E+01
2026 07 24 06 58 00 000 -3.3279587E+01 4.8912891E+01 -2.1476652E+01
2026 07 24 06 59 00 000 -3.3295956E+01 4.8890064E+01 -2.1505245E+01
2026 07 24 07 00 00 000 -3.3312279E+01 4.8867344E+01 -2.1533764E+01
2026 07 24 07 01 00 000 -3.3328590E+01 4.8844723E+01 -2.1562208E+01
2026 07 24 07 02 00 000 -3.3344864E+01 4.8822182E+01 -2.1590576E+01
2026 07 24 07 03 00 000 -3.3361115E+01 4.8799732E+01 -2.1618864E+01
2026 07 24 07 04 00 000 -3.3377335E+01 4.8777386E+01 -2.1647085E+01
2026 07 24 07 05 00 000 -3.3393536E+01 4.8755112E+01 -2.1675220E+01
2026 07 24 07 06 00 000 -3.3409710E+01 4.8732937E+01 -2.1703279E+01
2026 07 24 07 07 00 000 -3.3425854E+01 4.8710838E+01 -2.1731260E+01
2026 07 24 07 08 00 000 -3.3441963E+01 4.8688835E+01 -2.1759171E+01
2026 07 24 07 09 00 000 -3.3458046E+01 4.8666908E+01 -2.1786991E+01
2026 07 24 07 10 00 000 -3.3474098E+01 4.8645084E+01 -2.1814741E+01
2026 07 24 07 11 00 000 -3.3490131E+01 4.8623329E+01 -2.1842403E+01
2026 07 24 07 12 00 000 -3.3506138E+01 4.8601662E+01 -2.1869982E+01
2026 07 24 07 13 00 000 -3.3522114E+01 4.8580067E+01 -2.1897484E+01
2026 07 24 07 14 00 000 -3.3538052E+01 4.8558567E+01 -2.1924911E+01
2026 07 24 07 15 00 000 -3.3553963E+01 4.8537140E+01 -2.1952251E+01
2026 07 24 07 16 00 000 -3.3569851E+01 4.8515789E+01 -2.1979509E+01
2026 07 24 07 17 00 000 -3.3585716E+01 4.8494514E+01 -2.2006678E+01
2026 07 24 07 18 00 000 -3.3601555E+01 4.8473320E+01 -2.2033762E+01
2026 07 24 07 19 00 000 -3.3617363E+01 4.8452202E+01 -2.2060764E+01
2026 07 24 07 20 00 000 -3.3633141E+01 4.8431168E+01 -2.2087681E+01
2026 07 24 07 21 00 000 -3.3648888E+01 4.8410210E+01 -2.2114517E+01
2026 07 24 07 22 00 000 -3.3664597E+01 4.8389332E+01 -2.2141268E+01
2026 07 24 07 23 00 000 -3.3680290E+01 4.8368519E+01 -2.2167931E+01
2026 07 24 07 24 00 000 -3.3695961E+01 4.8347778E+01 -2.2194502E+01
2026 07 24 07 25 00 000 -3.3711605E+01 4.8327118E+01 -2.2220987E+01
2026 07 24 07 26 00 000 -3.3727215E+01 4.8306522E+01 -2.2247383E+01
2026 07 24 07 27 00 000 -3.3742790E+01 4.8286022E+01 -2.2273701E+01
2026 07 24 07 28 00 000 -3.3758331E+01 4.8265572E+01 -2.2299921E+01
2026 07 24 07 29 00 000 -3.3773857E+01 4.8245209E+01 -2.2326057E+01
2026 07 24 07 30 00 000 -3.3789371E+01 4.8224892E+01 -2.2352093E+01
2026 07 24 07 31 00 000 -3.3804844E+01 4.8204678E+01 -2.2378052E+01
2026 07 24 07 32 00 000 -3.3820286E+01 4.8184525E+01 -2.2403915E+01
2026 07 24 07 33 00 000 -3.3835716E+01 4.8164425E+01 -2.2429682E+01
2026 07 24 07 34 00 000 -3.3851101E+01 4.8144421E+01 -2.2455364E+01
2026 07 24 07 35 00 000 -3.3866455E+01 4.8124474E+01 -2.2480957E+01
2026 07 24 07 36 00 000 -3.3881802E+01 4.8104599E+01 -2.2506453E+01
2026 07 24 07 37 00 000 -3.3897114E+01 4.8084789E+01 -2.2531851E+01
2026 07 24 07 38 00 000 -3.3912388E+01 4.8065063E+01 -2.2557163E+01
2026 07 24 07 39 00 000 -3.3927662E+01 4.8045387E+01 -2.2582378E+01
2026 07 24 07 40 00 000 -3.3942886E+01 4.8025791E+01 -2.2607502E+01
2026 07 24 07 41 00 000 -3.3958080E+01 4.8006260E+01 -2.2632528E+01
2026 07 24 07 42 00 000 -3.3973251E+01 4.7986805E+01 -2.2657469E+01
2026 07 24 07 43 00 000 -3.3988422E+01 4.7967400E+01 -2.2682299E+01
2026 07 24 07 44 00 000 -3.4003548E+01 4.7948074E+01 -2.2707045E+01
2026 07 24 07 45 00 000 -3.4018642E+01 4.7928818E+01 -2.2731691E+01
2026 07 24 07 46 00 000 -3.4033710E+01 4.7909634E+01 -2.2756247E+01
2026 07 24 07 47 00 000 -3.4048763E+01 4.7890511E+01 -2.2780699E+01
2026 07 24 07 48 00 000 -3.4063789E+01 4.7871449E+01 -2.2805050E+01
2026 07 24 07 49 00 000 -3.4078796E+01 4.7852455E+01 -2.2829308E+01
2026 07 24 07 50 00 000 -3.4093750E+01 4.7833542E+01 -2.2853472E+01
2026 07 24 07 51 00 000 -3.4108704E+01 4.7814686E+01 -2.2877533E+01
2026 07 24 07 52 00 000 -3.4123623E+01 4.7795895E+01 -2.2901497E+01
2026 07 24 07 53 00 000 -3.4138519E+01 4.7777172E+01 -2.2925362E+01
2026 07 24 07 54 00 000 -3.4153400E+01 4.7758526E+01 -2.2949120E+01
2026 07 24 07 55 00 000 -3.4168251E+01 4.7739929E+01 -2.2972782E+01
2026 07 24 07 56 00 000 -3.4183067E+01 4.7721405E+01 -2.2996351E+01
2026 07 24 07 57 00 000 -3.4197868E+01 4.7702961E+01 -2.3019812E+01
2026 07 24 07 58 00 000 -3.4212643E+01 4.7684559E+01 -2.3043169E+01
2026 07 24 07 59 00 000 -3.4227383E+01 4.7666237E+01 -2.3066433E+01
2026 07 24 08 00 00 000 -3.4242104E+01 4.7647980E+01 -2.3089590E+01
2026 07 24 08 01 00 000 -3.4256802E+01 4.7629784E+01 -2.3112644E+01
2026 07 24 08 02 00 000 -3.4271484E+01 4.7611664E+01 -2.3135599E+01
2026 07 24 08 03 00 000 -3.4286137E+01 4.7593601E+01 -2.3158453E+01
2026 07 24 08 04 00 000 -3.4300758E+01 4.7575615E+01 -2.3181196E+01
2026 07 24 08 05 00 000 -3.4315369E+01 4.7557678E+01 -2.3203835E+01
2026 07 24 08 06 00 000 -3.4329941E+01 4.7539814E+01 -2.3226377E+01
2026 07 24 08 07 00 000 -3.4344509E+01 4.7522022E+01 -2.3248806E+01
2026 07 24 08 08 00 000 -3.4359047E+01 4.7504288E+01 -2.3271132E+01
2026 07 24 08 09 00 000 -3.4373554E+01 4.7486626E+01 -2.3293360E+01
2026 07 24 08 10 00 000 -3.4388031E+01 4.7469025E+01 -2.3315477E+01
2026 07 24 08 11 00 000 -3.4402485E+01 4.7451504E+01 -2.3337502E+01
2026 07 24 08 12 00 000 -3.4416943E+01 4.7434032E+01 -2.3359398E+01
2026 07 24 08 13 00 000 -3.4431366E+01 4.7416630E+01 -2.3381195E+01
2026 07 24 08 14 00 000 -3.4445751E+01 4.7399296E+01 -2.3402893E+01
2026 07 24 08 15 00 000 -3.4460121E+01 4.7382034E+01 -2.3424475E+01
2026 07 24 08 16 00 000 -3.4474468E+01 4.7364838E+01 -2.3445953E+01
2026 07 24 08 17 00 000 -3.4488796E+01 4.7347698E+01 -2.3467323E+01
2026 07 24 08 18 00 000 -3.4503101E+01 4.7330635E+01 -2.3488583E+01
2026 07 24 08 19 00 000 -3.4517395E+01 4.7313622E+01 -2.3509731E+01
2026 07 24 08 20 00 000 -3.4531643E+01 4.7296692E+01 -2.3530781E+01
2026 07 24 08 21 00 000 -3.4545868E+01 4.7279827E+01 -2.3551720E+01
2026 07 24 08 22 00 000 -3.4560097E+01 4.7263020E+01 -2.3572536E+01
2026 07 24 08 23 00 000 -3.4574284E+01 4.7246288E+01 -2.3593254E+01
2026 07 24 08 24 00 000 -3.4588444E+01 4.7229618E+01 -2.3613861E+01
2026 07 24 08 25 00 000 -3.4602604E+01 4.7213020E+01 -2.3634350E+01
2026 07 24 08 26 00 000 -3.4616749E+01 4.7196476E+01 -2.3654730E+01
2026 07 24 08 27 00 000 -3.4630829E+01 4.7180016E+01 -2.3675013E+01
2026 07 24 08 28 00 000 -3.4644913E+01 4.7163616E+01 -2.3695169E+01
2026 07 24 08 29 00 000 -3.4658970E+01 4.7147293E+01 -2.3715221E+01
2026 07 24 08 30 00 000 -3.4673019E+01 4.7131023E+01 -2.3735153E+01
2026 07 24 08 31 00 000 -3.4687050E+01 4.7114811E+01 -2.3754969E+01
2026 07 24 08 32 00 000 -3.4701042E+01 4.7098694E+01 -2.3774689E+01
2026 07 24 08 33 00 000 -3.4715023E+01 4.7082630E+01 -2.3794283E+01
2026 07 24 08 34 00 000 -3.4728970E+01 4.7066635E+01 -2.3813776E+01
2026 07 24 08 35 00 000 -3.4742912E+01 4.7050705E+01 -2.3833141E+01
2026 07 24 08 36 00 000 -3.4756832E+01 4.7034847E+01 -2.3852392E+01
2026 07 24 08 37 00 000 -3.4770725E+01 4.7019051E+01 -2.3871534E+01
2026 07 24 08 38 00 000 -3.4784592E+01 4.7003334E+01 -2.3890564E+01
2026 07 24 08 39 00 000 -3.4798431E+01 4.6987690E+01 -2.3909483E+01
2026 07 24 08 40 00 000 -3.4812271E+01 4.6972099E+01 -2.3928278E+01
2026 07 24 08 41 00 000 -3.4826080E+01 4.6956581E+01 -2.3946959E+01
2026 07 24 08 42 00 000 -3.4839867E+01 4.6941135E+01 -2.3965527E+01
2026 07 24 08 43 00 000 -3.4853642E+01 4.6925751E+01 -2.3983974E+01
2026 07 24 08 44 00 000 -3.4867409E+01 4.6910435E+01 -2.4002308E+01
2026 07 24 08 45 00 000 -3.4881130E+01 4.6895210E+01 -2.4020527E+01
2026 07 24 08 46 00 000 -3.4894833E+01 4.6880039E+01 -2.4038630E+01
2026 07 24 08 47 00 000 -3.4908527E+01 4.6864929E+01 -2.4056612E+01
2026 07 24 08 48 00 000 -3.4922188E+01 4.6849907E+01 -2.4074478E+01
2026 07 24 08 49 00 000 -3.4935848E+01 4.6834942E+01 -2.4092224E+01
2026 07 24 08 50 00 000 -3.4949478E+01 4.6820045E+01 -2.4109854E+01
2026 07 24 08 51 00 000 -3.4963093E+01 4.6805225E+01 -2.4127365E+01
2026 07 24 08 52 00 000 -3.4976677E+01 4.6790482E+01 -2.4144758E+01
2026 07 24 08 53 00 000 -3.4990250E+01 4.6775791E+01 -2.4162031E+01
2026 07 24 08 54 00 000 -3.5003807E+01 4.6761185E+01 -2.4179184E+01
2026 07 24 08 55 00 000 -3.5017338E+01 4.6746635E+01 -2.4196217E+01
2026 07 24 08 56 00 000 -3.5030849E+01 4.6732170E+01 -2.4213133E+01
2026 07 24 08 57 00 000 -3.5044338E+01 4.6717773E+01 -2.4229933E+01
2026 07 24 08 58 00 000 -3.5057816E+01 4.6703445E+01 -2.4246609E+01
2026 07 24 08 59 00 000 -3.5071285E+01 4.6689186E+01 -2.4263155E+01
2026 07 24 09 00 00 000 -3.5084717E+01 4.6675007E+01 -2.4279593E+01
2026 07 24 09 01 00 000 -3.5098125E+01 4.6660900E+01 -2.4295912E+01
2026 07 24 09 02 00 000 -3.5111515E+01 4.6646866E+01 -2.4312107E+01
2026 07 24 09 03 00 000 -3.5124912E+01 4.6632877E+01 -2.4328167E+01
2026 07 24 09 04 00 000 -3.5138268E+01 4.6618996E+01 -2.4344118E+01
2026 07 24 09 05 00 000 -3.5151619E+01 4.6605164E+01 -2.4359943E+01
2026 07 24 09 06 00 000 -3.5164925E+01 4.6591419E+01 -2.4375652E+01
2026 07 24 09 07 00 000 -3.5178238E+01 4.6577744E+01 -2.4391232E+01
2026 07 24 09 08 00 000 -3.5191521E+01 4.6564133E+01 -2.4406691E+01
2026 07 24 09 09 00 000 -3.5204803E+01 4.6550587E+01 -2.4422018E+01
2026 07 24 09 10 00 000 -3.5218052E+01 4.6537148E+01 -2.4437233E+01
2026 07 24 09 11 00 000 -3.5231281E+01 4.6523739E+01 -2.4452320E+01
2026 07 24 09 12 00 000 -3.5244503E+01 4.6510429E+01 -2.4467283E+01
2026 07 24 09 13 00 000 -3.5257702E+01 4.6497185E+01 -2.4482117E+01
2026 07 24 09 14 00 000 -3.5270870E+01 4.6484024E+01 -2.4496840E+01
2026 07 24 09 15 00 000 -3.5284039E+01 4.6470932E+01 -2.4511429E+01
2026 07 24 09 16 00 000 -3.5297173E+01 4.6457916E+01 -2.4525898E+01
2026 07 24 09 17 00 000 -3.5310314E+01 4.6444965E+01 -2.4540234E+01
2026 07 24 09 18 00 000 -3.5323410E+01 4.6432098E+01 -2.4554453E+01
2026 07 24 09 19 00 000 -3.5336502E+01 4.6419304E+01 -2.4568541E+01
2026 07 24 09 20 00 000 -3.5349564E+01 4.6406590E+01 -2.4582512E+01
2026 07 24 09 21 00 000 -3.5362617E+01 4.6393944E+01 -2.4596355E+01
2026 07 24 09 22 00 000 -3.5375660E+01 4.6381367E+01 -2.4610060E+01
2026 07 24 09 23 00 000 -3.5388672E+01 4.6368877E+01 -2.4623652E+01
2026 07 24 09 24 00 000 -3.5401672E+01 4.6356449E+01 -2.4637106E+01
2026 07 24 09 25 00 000 -3.5414639E+01 4.6344116E+01 -2.4650450E+01
2026 07 24 09 26 00 000 -3.5427612E+01 4.6331844E+01 -2.4663652E+01
2026 07 24 09 27 00 000 -3.5440578E+01 4.6319645E+01 -2.4676723E+01
2026 07 24 09 28 00 000 -3.5453499E+01 4.6307529E+01 -2.4689678E+01
2026 07 24 09 29 00 000 -3.5466419E+01 4.6295498E+01 -2.4702499E+01
2026 07 24 09 30 00 000 -3.5479321E+01 4.6283527E+01 -2.4715191E+01
2026 07 24 09 31 00 000 -3.5492180E+01 4.6271656E+01 -2.4727768E+01
2026 07 24 09 32 00 000 -3.5505058E+01 4.6259830E+01 -2.4740198E+01
2026 07 24 09 33 00 000 -3.5517910E+01 4.6248096E+01 -2.4752506E+01
2026 07 24 09 34 00 000 -3.5530731E+01 4.6236443E+01 -2.4764690E+01
2026 07 24 09 35 00 000 -3.5543549E+01 4.6224865E+01 -2.4776743E+01
2026 07 24 09 36 00 000 -3.5556362E+01 4.6213356E+01 -2.4788654E+01
2026 07 24 09 37 00 000 -3.5569118E+01 4.6201939E+01 -2.4800453E+01
2026 07 24 09 38 00 000 -3.5581890E+01 4.6190590E+01 -2.4812113E+01
2026 07 24 09 39 00 000 -3.5594624E+01 4.6179317E+01 -2.4823652E+01
2026 07 24 09 40 00 000 -3.5607365E+01 4.6168121E+01 -2.4835051E+01
2026 07 24 09 41 00 000 -3.5620075E+01 4.6157017E+01 -2.4846323E+01
2026 07 24 09 42 00 000 -3.5632774E+01 4.6145973E+01 -2.4857460E+01
2026 07 24 09 43 00 000 -3.5645451E+01 4.6135025E+01 -2.4868479E+01
2026 07 24 09 44 00 000 -3.5658100E+01 4.6124153E+01 -2.4879366E+01
2026 07 24 09 45 00 000 -3.5670769E+01 4.6113342E+01 -2.4890102E+01
2026 07 24 09 46 00 000 -3.5683388E+01 4.6102634E+01 -2.4900723E+01
2026 07 24 09 47 00 000 -3.5696007E+01 4.6091995E+01 -2.4911215E+01
2026 07 24 09 48 00 000 -3.5708622E+01 4.6081417E+01 -2.4921558E+01
2026 07 24 09 49 00 000 -3.5721172E+01 4.6070957E+01 -2.4931795E+01
2026 07 24 09 50 00 000 -3.5733753E+01 4.6060539E+01 -2.4941877E+01
2026 07 24 09 51 00 000 -3.5746307E+01 4.6050224E+01 -2.4951830E+01
2026 07 24 09 52 00 000 -3.5758835E+01 4.6039982E+01 -2.4961660E+01
2026 07 24 09 53 00 000 -3.5771358E+01 4.6029808E+01 -2.4971352E+01
2026 07 24 09 54 00 000 -3.5783875E+01 4.6019733E+01 -2.4980906E+01
2026 07 24 09 55 00 000 -3.5796345E+01 4.6009735E+01 -2.4990341E+01
2026 07 24 09 56 00 000 -3.5808819E+01 4.5999809E+01 -2.4999634E+01
2026 07 24 09 57 00 000 -3.5821289E+01 4.5989960E+01 -2.5008783E+01
2026 07 24 09 58 00 000 -3.5833717E+01 4.5980194E+01 -2.5017815E+01
2026 07 24 09 59 00 000 -3.5846149E+01 4.5970520E+01 -2.5026703E+01
2026 07 24 10 00 00 000 -3.5858551E+01 4.5960930E+01 -2.5035465E+01
2026 07 24 10 01 00 000 -3.5870934E+01 4.5951416E+01 -2.5044094E+01
2026 07 24 10 02 00 000 -3.5883308E+01 4.5941982E+01 -2.5052589E+01
2026 07 24 10 03 00 000 -3.5895683E+01 4.5932613E+01 -2.5060938E+01
2026 07 24 10 04 00 000 -3.5908024E+01 4.5923347E+01 -2.5069160E+01
2026 07 24 10 05 00 000 -3.5920353E+01 4.5914150E+01 -2.5077242E+01
2026 07 24 10 06 00 000 -3.5932678E+01 4.5905045E+01 -2.5085196E+01
2026 07 24 10 07 00 000 -3.5944954E+01 4.5896027E+01 -2.5093018E+01
2026 07 24 10 08 00 000 -3.5957264E+01 4.5887070E+01 -2.5100693E+01
2026 07 24 10 09 00 000 -3.5969536E+01 4.5878208E+01 -2.5108232E+01
2026 07 24 10 10 00 000 -3.5981781E+01 4.5869442E+01 -2.5115650E+01
2026 07 24 10 11 00 000 -3.5994022E+01 4.5860741E+01 -2.5122923E+01
2026 07 24 10 12 00 000 -3.6006264E+01 4.5852108E+01 -2.5130043E+01
2026 07 24 10 13 00 000 -3.6018463E+01 4.5843578E+01 -2.5137053E+01
2026 07 24 10 14 00 000 -3.6030651E+01 4.5835140E+01 -2.5143921E+01
2026 07 24 10 15 00 000 -3.6042847E+01 4.5826759E+01 -2.5150637E+01
2026 07 24 10 16 00 000 -3.6054993E+01 4.5818485E+01 -2.5157240E+01
2026 07 24 10 17 00 000 -3.6067158E+01 4.5810284E+01 -2.5163687E+01
2026 07 24 10 18 00 000 -3.6079285E+01 4.5802166E+01 -2.5170008E+01
2026 07 24 10 19 00 000 -3.6091412E+01 4.5794132E+01 -2.5176182E+01
2026 07 24 10 20 00 000 -3.6103523E+01 4.5786175E+01 -2.5182222E+01
2026 07 24 10 21 00 000 -3.6115608E+01 4.5778313E+01 -2.5188128E+01
2026 07 24 10 22 00 000 -3.6127682E+01 4.5770531E+01 -2.5193893E+01
2026 07 24 10 23 00 000 -3.6139736E+01 4.5762836E+01 -2.5199530E+01
2026 07 24 10 24 00 000 -3.6151787E+01 4.5755219E+01 -2.5205019E+01
2026 07 24 10 25 00 000 -3.6163826E+01 4.5747688E+01 -2.5210369E+01
2026 07 24 10 26 00 000 -3.6175842E+01 4.5740242E+01 -2.5215591E+01
2026 07 24 10 27 00 000 -3.6187843E+01 4.5732876E+01 -2.5220663E+01
2026 07 24 10 28 00 000 -3.6199825E+01 4.5725601E+01 -2.5225607E+01
2026 07 24 10 29 00 000 -3.6211815E+01 4.5718407E+01 -2.5230400E+01
2026 07 24 10 30 00 000 -3.6223763E+01 4.5711304E+01 -2.5235060E+01
2026 07 24 10 31 00 000 -3.6235710E+01 4.5704277E+01 -2.5239580E+01
2026 07 24 10 32 00 000 -3.6247646E+01 4.5697338E+01 -2.5243967E+01
2026 07 24 10 33 00 000 -3.6259563E+01 4.5690487E+01 -2.5248205E+01
2026 07 24 10 34 00 000 -3.6271458E+01 4.5683720E+01 -2.5252316E+01
2026 07 24 10 35 00 000 -3.6283352E+01 4.5677036E+01 -2.5256271E+01
2026 07 24 10 36 00 000 -3.6295227E+01 4.5670429E+01 -2.5260099E+01
2026 07 24 10 37 00 000 -3.6307095E+01 4.5663921E+01 -2.5263786E+01
2026 07 24 10 38 00 000 -3.6318947E+01 4.5657486E+01 -2.5267324E+01
2026 07 24 10 39 00 000 -3.6330757E+01 4.5651157E+01 -2.5270744E+01
2026 07 24 10 40 00 000 -3.6342590E+01 4.5644894E+01 -2.5273991E+01
2026 07 24 10 41 00 000 -3.6354404E+01 4.5638718E+01 -2.5277115E+01
2026 07 24 10 42 00 000 -3.6366180E+01 4.5632648E+01 -2.5280106E+01
2026 07 24 10 43 00 000 -3.6377960E+01 4.5626637E+01 -2.5282949E+01
2026 07 24 10 44 00 000 -3.6389713E+01 4.5620728E+01 -2.5285654E+01
2026 07 24 10 45 00 000 -3.6401466E+01 4.5614899E+01 -2.5288216E+01
2026 07 24 10 46 00 000 -3.6413200E+01 4.5609158E+01 -2.5290638E+01
2026 07 24 10 47 00 000 -3.6424919E+01 4.5603497E+01 -2.5292913E+01
2026 07 24 10 48 00 000 -3.6436630E+01 4.5597935E+01 -2.5295053E+01
2026 07 24 10 49 00 000 -3.6448334E+01 4.5592442E+01 -2.5297045E+01
2026 07 24 10 50 00 000 -3.6460003E+01 4.5587055E+01 -2.5298906E+01
2026 07 24 10 51 00 000 -3.6471687E+01 4.5581734E+01 -2.5300610E+01
2026 07 24 10 52 00 000 -3.6483334E+01 4.5576504E+01 -2.5302185E+01
2026 07 24 10 53 00 000 -3.6494957E+01 4.5571373E+01 -2.5303621E+01
2026 07 24 10 54 00 000 -3.6506592E+01 4.5566322E+01 -2.5304907E+01
2026 07 24 10 55 00 000 -3.6518204E+01 4.5561352E+01 -2.5306055E+01
2026 07 24 10 56 00 000 -3.6529804E+01 4.5556465E+01 -2.5307053E+01
2026 07 24 10 57 00 000 -3.6541405E+01 4.5551678E+01 -2.5307917E+01
2026 07 24 10 58 00 000 -3.6552959E+01 4.5546974E+01 -2.5308641E+01
2026 07 24 10 59 00 000 -3.6564514E+01 4.5542358E+01 -2.5309221E+01
2026 07 24 11 00 00 000 -3.6576073E+01 4.5537811E+01 -2.5309650E+01
2026 07 24 11 01 00 000 -3.6587608E+01 4.5533375E+01 -2.5309942E+01
2026 07 24 11 02 00 000 -3.6599106E+01 4.5529034E+01 -2.5310101E+01
2026 07 24 11 03 00 000 -3.6610619E+01 4.5524757E+01 -2.5310106E+01
2026 07 24 11 04 00 000 -3.6622124E+01 4.5520557E+01 -2.5309961E+01
2026 07 24 11 05 00 000 -3.6633598E+01 4.5516468E+01 -2.5309689E+01
2026 07 24 11 06 00 000 -3.6645046E+01 4.5512455E+01 -2.5309271E+01
2026 07 24 11 07 00 000 -3.6656509E+01 4.5508518E+01 -2.5308699E+01
2026 07 24 11 08 00 000 -3.6667946E+01 4.5504684E+01 -2.5307987E+01
2026 07 24 11 09 00 000 -3.6679371E+01 4.5500942E+01 -2.5307138E+01
2026 07 24 11 10 00 000 -3.6690781E+01 4.5497276E+01 -2.5306150E+01
2026 07 24 11 11 00 000 -3.6702187E+01 4.5493698E+01 -2.5305002E+01
2026 07 24 11 12 00 000 -3.6713570E+01 4.5490208E+01 -2.5303724E+01
2026 07 24 11 13 00 000 -3.6724941E+01 4.5486801E+01 -2.5302292E+01
2026 07 24 11 14 00 000 -3.6736309E+01 4.5483494E+01 -2.5300722E+01
2026 07 24 11 15 00 000 -3.6747654E+01 4.5480263E+01 -2.5299009E+01
2026 07 24 11 16 00 000 -3.6758987E+01 4.5477127E+01 -2.5297155E+01
2026 07 24 11 17 00 000 -3.6770298E+01 4.5474072E+01 -2.5295156E+01
2026 07 24 11 18 00 000 -3.6781612E+01 4.5471100E+01 -2.5293003E+01
2026 07 24 11 19 00 000 -3.6792923E+01 4.5468216E+01 -2.5290705E+01
2026 07 24 11 20 00 000 -3.6804199E+01 4.5465435E+01 -2.5288279E+01
2026 07 24 11 21 00 000 -3.6815464E+01 4.5462727E+01 -2.5285702E+01
2026 07 24 11 22 00 000 -3.6826721E+01 4.5460102E+01 -2.5282982E+01
2026 07 24 11 23 00 000 -3.6837971E+01 4.5457565E+01 -2.5280107E+01
2026 07 24 11 24 00 000 -3.6849194E+01 4.5455135E+01 -2.5277100E+01
2026 07 24 11 25 00 000 -3.6860416E+01 4.5452770E+01 -2.5273937E+01
2026 07 24 11 26 00 000 -3.6871639E+01 4.5450489E+01 -2.5270626E+01
2026 07 24 11 27 00 000 -3.6882805E+01 4.5448315E+01 -2.5267197E+01
2026 07 24 11 28 00 000 -3.6893997E+01 4.5446213E+01 -2.5263599E+01
2026 07 24 11 29 00 000 -3.6905170E+01 4.5444206E+01 -2.5259859E+01
2026 07 24 11 30 00 000 -3.6916317E+01 4.5442291E+01 -2.5255983E+01
2026 07 24 11 31 00 000 -3.6927475E+01 4.5440441E+01 -2.5251947E+01
2026 07 24 11 32 00 000 -3.6938610E+01 4.5438690E+01 -2.5247772E+01
2026 07 24 11 33 00 000 -3.6949722E+01 4.5437031E+01 -2.5243462E+01
2026 07 24 11 34 00 000 -3.6960819E+01 4.5435455E+01 -2.5239000E+01
2026 07 24 11 35 00 000 -3.6971905E+01 4.5433968E+01 -2.5234400E+01
2026 07 24 11 36 00 000 -3.6983006E+01 4.5432556E+01 -2.5229637E+01
2026 07 24 11 37 00 000 -3.6994080E+01 4.5431232E+01 -2.5224737E+01
2026 07 24 11 38 00 000 -3.7005119E+01 4.5430019E+01 -2.5219702E+01
2026 07 24 11 39 00 000 -3.7016171E+01 4.5428867E+01 -2.5214508E+01
2026 07 24 11 40 00 000 -3.7027206E+01 4.5427807E+01 -2.5209173E+01
2026 07 24 11 41 00 000 -3.7038219E+01 4.5426842E+01 -2.5203697E+01
2026 07 24 11 42 00 000 -3.7049221E+01 4.5425957E+01 -2.5198080E+01
2026 07 24 11 43 00 000 -3.7060219E+01 4.5425163E+01 -2.5192305E+01
2026 07 24 11 44 00 000 -3.7071213E+01 4.5424438E+01 -2.5186377E+01
2026 07 24 11 45 00 000 -3.7082161E+01 4.5423824E+01 -2.5180328E+01
2026 07 24 11 46 00 000 -3.7093128E+01 4.5423290E+01 -2.5174120E+01
2026 07 24 11 47 00 000 -3.7104092E+01 4.5422825E+01 -2.5167755E+01
2026 07 24 11 48 00 000 -3.7115002E+01 4.5422466E+01 -2.5161272E+01
2026 07 24 11 49 00 000 -3.7125942E+01 4.5422176E+01 -2.5154617E+01
2026 07 24 11 50 00 000 -3.7136848E+01 4.5421982E+01 -2.5147823E+01
2026 07 24 11 51 00 000 -3.7147732E+01 4.5421871E+01 -2.5140898E+01
2026 07 24 11 52 00 000 -3.7158630E+01 4.5421844E+01 -2.5133810E+01
2026 07 24 11 53 00 000 -3.7169498E+01 4.5421894E+01 -2.5126579E+01
2026 07 24 11 54 00 000 -3.7180363E+01 4.5422054E+01 -2.5119209E+01
2026 07 24 11 55 00 000 -3.7191227E+01 4.5422276E+01 -2.5111677E+01
2026 07 24 11 56 00 000 -3.7202042E+01 4.5422600E+01 -2.5104027E+01
2026 07 24 11 57 00 000 -3.7212868E+01 4.5423000E+01 -2.5096210E+01
2026 07 24 11 58 00 000 -3.7223686E+01 4.5423492E+01 -2.5088253E+01
2026 07 24 11 59 00 000 -3.7234497E+01 4.5424049E+01 -2.5080143E+01
2026 07 24 12 00 00 000 -3.7245277E+01 4.5424709E+01 -2.5071901E+01
2026 07 24 12 01 00 000 -3.7256073E+01 4.5425442E+01 -2.5063496E+01
2026 07 24 12 02 00 000 -3.7266830E+01 4.5426266E+01 -2.5054958E+01
2026 07 24 12 03 00 000 -3.7277573E+01 4.5427185E+01 -2.5046276E+01
2026 07 24 12 04 00 000 -3.7288307E+01 4.5428169E+01 -2.5037447E+01
2026 07 24 12 05 00 000 -3.7299049E+01 4.5429256E+01 -2.5028463E+01
2026 07 24 12 06 00 000 -3.7309765E+01 4.5430408E+01 -2.5019339E+01
2026 07 24 12 07 00 000 -3.7320469E+01 4.5431660E+01 -2.5010065E+01
2026 07 24 12 08 00 000 -3.7331184E+01 4.5432976E+01 -2.5000637E+01
2026 07 24 12 09 00 000 -3.7341843E+01 4.5434399E+01 -2.4991091E+01
2026 07 24 12 10 00 000 -3.7352524E+01 4.5435898E+01 -2.4981380E+01
2026 07 24 12 11 00 000 -3.7363182E+01 4.5437477E+01 -2.4971519E+01
2026 07 24 12 12 00 000 -3.7373825E+01 4.5439137E+01 -2.4961525E+01
2026 07 24 12 13 00 000 -3.7384480E+01 4.5440868E+01 -2.4951365E+01
2026 07 24 12 14 00 000 -3.7395088E+01 4.5442711E+01 -2.4941084E+01
2026 07 24 12 15 00 000 -3.7405708E+01 4.5444618E+01 -2.4930643E+01
2026 07 24 12 16 00 000 -3.7416302E+01 4.5446613E+01 -2.4920063E+01
2026 07 24 12 17 00 000 -3.7426895E+01 4.5448685E+01 -2.4909330E+01
2026 07 24 12 18 00 000 -3.7437469E+01 4.5450851E+01 -2.4898458E+01
2026 07 24 12 19 00 000 -3.7448048E+01 4.5453094E+01 -2.4887430E+01
2026 07 24 12 20 00 000 -3.7458595E+01 4.5455410E+01 -2.4876265E+01
2026 07 24 12 21 00 000 -3.7469131E+01 4.5457817E+01 -2.4864958E+01
2026 07 24 12 22 00 000 -3.7479668E+01 4.5460308E+01 -2.4853498E+01
2026 07 24 12 23 00 000 -3.7490189E+01 4.5462868E+01 -2.4841896E+01
2026 07 24 12 24 00 000 -3.7500690E+01 4.5465527E+01 -2.4830151E+01
2026 07 24 12 25 00 000 -3.7511196E+01 4.5468266E+01 -2.4818254E+01
2026 07 24 12 26 00 000 -3.7521687E+01 4.5471069E+01 -2.4806211E+01
2026 07 24 12 27 00 000 -3.7532146E+01 4.5473961E+01 -2.4794029E+01
2026 07 24 12 28 00 000 -3.7542614E+01 4.5476933E+01 -2.4781696E+01
2026 07 24 12 29 00 000 -3.7553074E+01 4.5479984E+01 -2.4769218E+01
2026 07 24 12 30 00 000 -3.7563515E+01 4.5483116E+01 -2.4756599E+01
2026 07 24 12 31 00 000 -3.7573952E+01 4.5486324E+01 -2.4743828E+01
2026 07 24 12 32 00 000 -3.7584366E+01 4.5489620E+01 -2.4730925E+01
2026 07 24 12 33 00 000 -3.7594769E+01 4.5492996E+01 -2.4717863E+01
2026 07 24 12 34 00 000 -3.7605160E+01 4.5496460E+01 -2.4704668E+01
2026 07 24 12 35 00 000 -3.7615547E+01 4.5499985E+01 -2.4691319E+01
2026 07 24 12 36 00 000 -3.7625927E+01 4.5503590E+01 -2.4677828E+01
2026 07 24 12 37 00 000 -3.7636284E+01 4.5507275E+01 -2.4664186E+01
2026 07 24 12 38 00 000 -3.7646626E+01 4.5511051E+01 -2.4650414E+01
2026 07 24 12 39 00 000 -3.7656975E+01 4.5514893E+01 -2.4636486E+01
2026 07 24 12 40 00 000 -3.7667305E+01 4.5518814E+01 -2.4622416E+01
2026 07 24 12 41 00 000 -3.7677616E+01 4.5522827E+01 -2.4608206E+01
2026 07 24 12 42 00 000 -3.7687923E+01 4.5526897E+01 -2.4593843E+01
2026 07 24 12 43 00 000 -3.7698219E+01 4.5531055E+01 -2.4579338E+01
2026 07 24 12 44 00 000 -3.7708492E+01 4.5535294E+01 -2.4564705E+01
2026 07 24 12 45 00 000 -3.7718773E+01 4.5539608E+01 -2.4549910E+01
2026 07 24 12 46 00 000 -3.7729023E+01 4.5543995E+01 -2.4534977E+01
2026 07 24 12 47 00 000 -3.7739277E+01 4.5548450E+01 -2.4519896E+01
2026 07 24 12 48 00 000 -3.7749523E+01 4.5552990E+01 -2.4504669E+01
2026 07 24 12 49 00 000 -3.7759743E+01 4.5557613E+01 -2.4489317E+01
2026 07 24 12 50 00 000 -3.7769958E+01 4.5562309E+01 -2.4473804E+01
2026 07 24 12 51 00 000 -3.7780186E+01 4.5567062E+01 -2.4458141E+01
2026 07 24 12 52 00 000 -3.7790359E+01 4.5571918E+01 -2.4442356E+01
2026 07 24 12 53 00 000 -3.7800556E+01 4.5576828E+01 -2.4426405E+01
2026 07 24 12 54 00 000 -3.7810722E+01 4.5581829E+01 -2.4410334E+01
2026 07 24 12 55 00 000 -3.7820885E+01 4.5586884E+01 -2.4394100E+01
2026 07 24 12 56 00 000 -3.7831043E+01 4.5592030E+01 -2.4377735E+01
2026 07 24 12 57 00 000 -3.7841183E+01 4.5597248E+01 -2.4361221E+01
2026 07 24 12 58 00 000 -3.7851303E+01 4.5602539E+01 -2.4344574E+01
2026 07 24 12 59 00 000 -3.7861420E+01 4.5607914E+01 -2.4327789E+01
2026 07 24 13 00 00 000 -3.7871540E+01 4.5613331E+01 -2.4310833E+01
2026 07 24 13 01 00 000 -3.7881641E+01 4.5618839E+01 -2.4293753E+01
2026 07 24 13 02 00 000 -3.7891701E+01 4.5624439E+01 -2.4276543E+01
2026 07 24 13 03 00 000 -3.7901783E+01 4.5630093E+01 -2.4259178E+01
2026 07 24 13 04 00 000 -3.7911839E+01 4.5635811E+01 -2.4241671E+01
2026 07 24 13 05 00 000 -3.7921906E+01 4.5641598E+01 -2.4224020E+01
2026 07 24 13 06 00 000 -3.7931938E+01 4.5647476E+01 -2.4206234E+01
2026 07 24 13 07 00 000 -3.7941975E+01 4.5653416E+01 -2.4188305E+01
2026 07 24 13 08 00 000 -3.7952000E+01 4.5659420E+01 -2.4170229E+01
2026 07 24 13 09 00 000 -3.7962009E+01 4.5665497E+01 -2.4152014E+01
2026 07 24 13 10 00 000 -3.7971996E+01 4.5671658E+01 -2.4133667E+01
2026 07 24 13 11 00 000 -3.7981987E+01 4.5677876E+01 -2.4115170E+01
2026 07 24 13 12 00 000 -3.7991962E+01 4.5684170E+01 -2.4096544E+01
2026 07 24 13 13 00 000 -3.8001934E+01 4.5690533E+01 -2.4077770E+01
2026 07 24 13 14 00 000 -3.8011894E+01 4.5696960E+01 -2.4058847E+01
2026 07 24 13 15 00 000 -3.8021839E+01 4.5703453E+01 -2.4039795E+01
2026 07 24 13 16 00 000 -3.8031780E+01 4.5710014E+01 -2.4020601E+01
2026 07 24 13 17 00 000 -3.8041695E+01 4.5716652E+01 -2.4001270E+01
2026 07 24 13 18 00 000 -3.8051609E+01 4.5723347E+01 -2.3981792E+01
2026 07 24 13 19 00 000 -3.8061508E+01 4.5730125E+01 -2.3962189E+01
2026 07 24 13 20 00 000 -3.8071404E+01 4.5736954E+01 -2.3942430E+01
2026 07 24 13 21 00 000 -3.8081287E+01 4.5743855E+01 -2.3922543E+01
2026 07 24 13 22 00 000 -3.8091145E+01 4.5750835E+01 -2.3902523E+01
2026 07 24 13 23 00 000 -3.8101013E+01 4.5757866E+01 -2.3882351E+01
2026 07 24 13 24 00 000 -3.8110855E+01 4.5764961E+01 -2.3862051E+01
2026 07 24 13 25 00 000 -3.8120697E+01 4.5772125E+01 -2.3841604E+01
2026 07 24 13 26 00 000 -3.8130527E+01 4.5779358E+01 -2.3821020E+01
2026 07 24 13 27 00 000 -3.8140347E+01 4.5786652E+01 -2.3800299E+01
2026 07 24 13 28 00 000 -3.8150143E+01 4.5794014E+01 -2.3779451E+01
2026 07 24 13 29 00 000 -3.8159962E+01 4.5801426E+01 -2.3758446E+01
2026 07 24 13 30 00 000 -3.8169735E+01 4.5808926E+01 -2.3737324E+01
2026 07 24 13 31 00 000 -3.8179504E+01 4.5816479E+01 -2.3716063E+01
2026 07 24 13 32 00 000 -3.8189278E+01 4.5824081E+01 -2.3694656E+01
2026 07 24 13 33 00 000 -3.8199032E+01 4.5831768E+01 -2.3673119E+01
2026 07 24 13 34 00 000 -3.8208778E+01 4.5839500E+01 -2.3651440E+01
2026 07 24 13 35 00 000 -3.8218506E+01 4.5847305E+01 -2.3629637E+01
2026 07 24 13 36 00 000 -3.8228233E+01 4.5855160E+01 -2.3607691E+01
2026 07 24 13 37 00 000 -3.8237949E+01 4.5863079E+01 -2.3585602E+01
2026 07 24 13 38 00 000 -3.8247658E+01 4.5871067E+01 -2.3563387E+01
2026 07 24 13 39 00 000 -3.8257347E+01 4.5879112E+01 -2.3541039E+01
2026 07 24 13 40 00 000 -3.8267017E+01 4.5887207E+01 -2.3518557E+01
2026 07 24 13 41 00 000 -3.8276684E+01 4.5895374E+01 -2.3495943E+01
2026 07 24 13 42 00 000 -3.8286339E+01 4.5903610E+01 -2.3473198E+01
2026 07 24 13 43 00 000 -3.8296005E+01 4.5911877E+01 -2.3450302E+01
2026 07 24 13 44 00 000 -3.8305634E+01 4.5920216E+01 -2.3427286E+01
2026 07 24 13 45 00 000 -3.8315269E+01 4.5928612E+01 -2.3404131E+01
2026 07 24 13 46 00 000 -3.8324894E+01 4.5937054E+01 -2.3380846E+01
2026 07 24 13 47 00 000 -3.8334496E+01 4.5945572E+01 -2.3357435E+01
2026 07 24 13 48 00 000 -3.8344090E+01 4.5954140E+01 -2.3333883E+01
2026 07 24 13 49 00 000 -3.8353672E+01 4.5962772E+01 -2.3310209E+01
2026 07 24 13 50 00 000 -3.8363251E+01 4.5971443E+01 -2.3286396E+01
2026 07 24 13 51 00 000 -3.8372841E+01 4.5980179E+01 -2.3262434E+01
2026 07 24 13 52 00 000 -3.8382385E+01 4.5988968E+01 -2.3238367E+01
2026 07 24 13 53 00 000 -3.8391941E+01 4.5997807E+01 -2.3214159E+01
2026 07 24 13 54 00 000 -3.8401478E+01 4.6006706E+01 -2.3189816E+01
2026 07 24 13 55 00 000 -3.8410999E+01 4.6015678E+01 -2.3165361E+01
2026 07 24 13 56 00 000 -3.8420513E+01 4.6024673E+01 -2.3140768E+01
2026 07 24 13 57 00 000 -3.8430038E+01 4.6033722E+01 -2.3116024E+01
2026 07 24 13 58 00 000 -3.8439510E+01 4.6042847E+01 -2.3091185E+01
2026 07 24 13 59 00 000 -3.8449001E+01 4.6052013E+01 -2.3066204E+01
2026 07 24 14 00 00 000 -3.8458477E+01 4.6061218E+01 -2.3041092E+01
2026 07 24 14 01 00 000 -3.8467945E+01 4.6070492E+01 -2.3015858E+01
2026 07 24 14 02 00 000 -3.8477394E+01 4.6079811E+01 -2.2990490E+01
2026 07 24 14 03 00 000 -3.8486843E+01 4.6089184E+01 -2.2964993E+01
2026 07 24 14 04 00 000 -3.8496284E+01 4.6098595E+01 -2.2939371E+01
2026 07 24 14 05 00 000 -3.8505684E+01 4.6108082E+01 -2.2913637E+01
2026 07 24 14 06 00 000 -3.8515114E+01 4.6117592E+01 -2.2887756E+01
2026 07 24 14 07 00 000 -3.8524529E+01 4.6127148E+01 -2.2861752E+01
2026 07 24 14 08 00 000 -3.8533909E+01 4.6136768E+01 -2.2835632E+01
2026 07 24 14 09 00 000 -3.8543301E+01 4.6146431E+01 -2.2809380E+01
2026 07 24 14 10 00 000 -3.8552666E+01 4.6156151E+01 -2.2783016E+01
2026 07 24 14 11 00 000 -3.8562031E+01 4.6165905E+01 -2.2756514E+01
2026 07 24 14 12 00 000 -3.8571384E+01 4.6175705E+01 -2.2729885E+01
2026 07 24 14 13 00 000 -3.8580723E+01 4.6185562E+01 -2.2703148E+01
2026 07 24 14 14 00 000 -3.8590069E+01 4.6195450E+01 -2.2676266E+01
2026 07 24 14 15 00 000 -3.8599400E+01 4.6205383E+01 -2.2649273E+01
2026 07 24 14 16 00 000 -3.8608685E+01 4.6215382E+01 -2.2622169E+01
2026 07 24 14 17 00 000 -3.8617996E+01 4.6225410E+01 -2.2594933E+01
2026 07 24 14 18 00 000 -3.8627300E+01 4.6235481E+01 -2.2567570E+01
2026 07 24 14 19 00 000 -3.8636581E+01 4.6245602E+01 -2.2540089E+01
2026 07 24 14 20 00 000 -3.8645855E+01 4.6255760E+01 -2.2512487E+01
2026 07 24 14 21 00 000 -3.8655121E+01 4.6265957E+01 -2.2484764E+01
2026 07 24 14 22 00 000 -3.8664383E+01 4.6276199E+01 -2.2456919E+01
2026 07 24 14 23 00 000 -3.8673603E+01 4.6286488E+01 -2.2428974E+01
2026 07 24 14 24 00 000 -3.8682838E+01 4.6296818E+01 -2.2400894E+01
2026 07 24 14 25 00 000 -3.8692070E+01 4.6307182E+01 -2.2372692E+01
2026 07 24 14 26 00 000 -3.8701283E+01 4.6317585E+01 -2.2344378E+01
2026 07 24 14 27 00 000 -3.8710487E+01 4.6328037E+01 -2.2315939E+01
2026 07 24 14 28 00 000 -3.8719688E+01 4.6338520E+01 -2.2287386E+01
2026 07 24 14 29 00 000 -3.8728851E+01 4.6349056E+01 -2.2258736E+01
2026 07 24 14 30 00 000 -3.8738029E+01 4.6359623E+01 -2.2229950E+01
2026 07 24 14 31 00 000 -3.8747196E+01 4.6370216E+01 -2.2201046E+01
2026 07 24 14 32 00 000 -3.8756351E+01 4.6380856E+01 -2.2172029E+01
2026 07 24 14 33 00 000 -3.8765499E+01 4.6391525E+01 -2.2142889E+01
2026 07 24 14 34 00 000 -3.8774624E+01 4.6402241E+01 -2.2113655E+01
2026 07 24 14 35 00 000 -3.8783745E+01 4.6412991E+01 -2.2084295E+01
2026 07 24 14 36 00 000 -3.8792866E+01 4.6423767E+01 -2.2054819E+01
2026 07 24 14 37 00 000 -3.8801960E+01 4.6434586E+01 -2.2025244E+01
2026 07 24 14 38 00 000 -3.8811058E+01 4.6445435E+01 -2.1995544E+01
2026 07 24 14 39 00 000 -3.8820160E+01 4.6456314E+01 -2.1965719E+01
2026 07 24 14 40 00 000 -3.8829224E+01 4.6467236E+01 -2.1935804E+01
2026 07 24 14 41 00 000 -3.8838280E+01 4.6478191E+01 -2.1905781E+01
2026 07 24 14 42 00 000 -3.8847332E+01 4.6489178E+01 -2.1875641E+01
2026 07 24 14 43 00 000 -3.8856384E+01 4.6500191E+01 -2.1845381E+01
2026 07 24 14 44 00 000 -3.8865414E+01 4.6511238E+01 -2.1815020E+01
2026 07 24 14 45 00 000 -3.8874428E+01 4.6522324E+01 -2.1784559E+01
2026 07 24 14 46 00 000 -3.8883450E+01 4.6533432E+01 -2.1753973E+01
2026 07 24 14 47 00 000 -3.8892456E+01 4.6544567E+01 -2.1723280E+01
2026 07 24 14 48 00 000 -3.8901451E+01 4.6555733E+01 -2.1692486E+01
2026 07 24 14 49 00 000 -3.8910435E+01 4.6566929E+01 -2.1661587E+01
2026 07 24 14 50 00 000 -3.8919411E+01 4.6578156E+01 -2.1630577E+01
2026 07 24 14 51 00 000 -3.8928391E+01 4.6589397E+01 -2.1599455E+01
2026 07 24 14 52 00 000 -3.8937344E+01 4.6600681E+01 -2.1568239E+01
2026 07 24 14 53 00 000 -3.8946281E+01 4.6612003E+01 -2.1536921E+01
2026 07 24 14 54 00 000 -3.8955223E+01 4.6623337E+01 -2.1505489E+01
2026 07 24 14 55 00 000 -3.8964149E+01 4.6634682E+01 -2.1473955E+01
2026 07 24 14 56 00 000 -3.8973072E+01 4.6646072E+01 -2.1442320E+01
2026 07 24 14 57 00 000 -3.8981991E+01 4.6657482E+01 -2.1410572E+01
2026 07 24 14 58 00 000 -3.8990860E+01 4.6668926E+01 -2.1378752E+01
2026 07 24 14 59 00 000 -3.8999763E+01 4.6680374E+01 -2.1346802E+01
2026 07 24 15 00 00 000 -3.9008644E+01 4.6691860E+01 -2.1314758E+01
2026 07 24 15 01 00 000 -3.9017502E+01 4.6703358E+01 -2.1282623E+01
2026 07 24 15 02 00 000 -3.9026379E+01 4.6714886E+01 -2.1250372E+01
2026 07 24 15 03 00 000 -3.9035202E+01 4.6726444E+01 -2.1218046E+01
2026 07 24 15 04 00 000 -3.9044048E+01 4.6738007E+01 -2.1185604E+01
2026 07 24 15 05 00 000 -3.9052872E+01 4.6749607E+01 -2.1153074E+01
2026 07 24 15 06 00 000 -3.9061691E+01 4.6761223E+01 -2.1120441E+01
2026 07 24 15 07 00 000 -3.9070518E+01 4.6772842E+01 -2.1087692E+01
2026 07 24 15 08 00 000 -3.9079311E+01 4.6784508E+01 -2.1054878E+01
2026 07 24 15 09 00 000 -3.9088093E+01 4.6796177E+01 -2.1021963E+01
2026 07 24 15 10 00 000 -3.9096878E+01 4.6807861E+01 -2.0988943E+01
2026 07 24 15 11 00 000 -3.9105652E+01 4.6819572E+01 -2.0955833E+01
2026 07 24 15 12 00 000 -3.9114418E+01 4.6831295E+01 -2.0922632E+01
2026 07 24 15 13 00 000 -3.9123158E+01 4.6843044E+01 -2.0889339E+01
2026 07 24 15 14 00 000 -3.9131905E+01 4.6854801E+01 -2.0855951E+01
2026 07 24 15 15 00 000 -3.9140640E+01 4.6866562E+01 -2.0822468E+01
2026 07 24 15 16 00 000 -3.9149368E+01 4.6878349E+01 -2.0788893E+01
2026 07 24 15 17 00 000 -3.9158073E+01 4.6890156E+01 -2.0755239E+01
2026 07 24 15 18 00 000 -3.9166782E+01 4.6901978E+01 -2.0721487E+01
2026 07 24 15 19 00 000 -3.9175480E+01 4.6913803E+01 -2.0687647E+01
2026 07 24 15 20 00 000 -3.9184166E+01 4.6925644E+01 -2.0653713E+01
2026 07 24 15 21 00 000 -3.9192837E+01 4.6937515E+01 -2.0619707E+01
2026 07 24 15 22 00 000 -3.9201515E+01 4.6949371E+01 -2.0585596E+01
2026 07 24 15 23 00 000 -3.9210148E+01 4.6961273E+01 -2.0551422E+01
2026 07 24 15 24 00 000 -3.9218796E+01 4.6973148E+01 -2.0517145E+01
2026 07 24 15 25 00 000 -3.9227436E+01 4.6985065E+01 -2.0482790E+01
2026 07 24 15 26 00 000 -3.9236053E+01 4.6996975E+01 -2.0448345E+01
2026 07 24 15 27 00 000 -3.9244675E+01 4.7008904E+01 -2.0413824E+01
2026 07 24 15 28 00 000 -3.9253292E+01 4.7020828E+01 -2.0379206E+01
2026 07 24 15 29 00 000 -3.9261883E+01 4.7032780E+01 -2.0344532E+01
2026 07 24 15 30 00 000 -3.9270473E+01 4.7044724E+01 -2.0309752E+01
2026 07 24 15 31 00 000 -3.9279053E+01 4.7056683E+01 -2.0274899E+01
2026 07 24 15 32 00 000 -3.9287632E+01 4.7068645E+01 -2.0239964E+01
2026 07 24 15 33 00 000 -3.9296177E+01 4.7080635E+01 -2.0204956E+01
2026 07 24 15 34 00 000 -3.9304741E+01 4.7092594E+01 -2.0169857E+01
2026 07 24 15 35 00 000 -3.9313274E+01 4.7104595E+01 -2.0134699E+01
2026 07 24 15 36 00 000 -3.9321812E+01 4.7116573E+01 -2.0099445E+01
2026 07 24 15 37 00 000 -3.9330326E+01 4.7128574E+01 -2.0064133E+01
2026 07 24 15 38 00 000 -3.9338840E+01 4.7140568E+01 -2.0028732E+01
2026 07 24 15 39 00 000 -3.9347347E+01 4.7152576E+01 -1.9993258E+01
2026 07 24 15 40 00 000 -3.9355827E+01 4.7164577E+01 -1.9957722E+01
2026 07 24 15 41 00 000 -3.9364311E+01 4.7176598E+01 -1.9922096E+01
2026 07 24 15 42 00 000 -3.9372807E+01 4.7188583E+01 -1.9886389E+01
2026 07 24 15 43 00 000 -3.9381256E+01 4.7200607E+01 -1.9850634E+01
2026 07 24 15 44 00 000 -3.9389706E+01 4.7212627E+01 -1.9814806E+01
2026 07 24 15 45 00 000 -3.9398148E+01 4.7224655E+01 -1.9778906E+01
2026 07 24 15 46 00 000 -3.9406597E+01 4.7236664E+01 -1.9742920E+01
2026 07 24 15 47 00 000 -3.9415016E+01 4.7248676E+01 -1.9706881E+01
2026 07 24 15 48 00 000 -3.9423435E+01 4.7260689E+01 -1.9670769E+01
2026 07 24 15 49 00 000 -3.9431843E+01 4.7272705E+01 -1.9634586E+01
2026 07 24 15 50 00 000 -3.9440235E+01 4.7284729E+01 -1.9598347E+01
2026 07 24 15 51 00 000 -3.9448627E+01 4.7296726E+01 -1.9562031E+01
2026 07 24 15 52 00 000 -3.9457008E+01 4.7308723E+01 -1.9525650E+01
2026 07 24 15 53 00 000 -3.9465382E+01 4.7320740E+01 -1.9489210E+01
2026 07 24 15 54 00 000 -3.9473743E+01 4.7332737E+01 -1.9452702E+01
2026 07 24 15 55 00 000 -3.9482086E+01 4.7344734E+01 -1.9416143E+01
2026 07 24 15 56 00 000 -3.9490433E+01 4.7356735E+01 -1.9379509E+01
2026 07 24 15 57 00 000 -3.9498756E+01 4.7368717E+01 -1.9342823E+01
2026 07 24 15 58 00 000 -3.9507084E+01 4.7380703E+01 -1.9306076E+01
2026 07 24 15 59 00 000 -3.9515400E+01 4.7392677E+01 -1.9269258E+01
2026 07 24 16 00 00 000 -3.9523705E+01 4.7404652E+01 -1.9232393E+01
2026 07 24 16 01 00 000 -3.9531998E+01 4.7416611E+01 -1.9195461E+01
2026 07 24 16 02 00 000 -3.9540264E+01 4.7428574E+01 -1.9158495E+01
2026 07 24 16 03 00 000 -3.9548553E+01 4.7440510E+01 -1.9121441E+01
2026 07 24 16 04 00 000 -3.9556812E+01 4.7452465E+01 -1.9084356E+01
2026 07 24 16 05 00 000 -3.9565060E+01 4.7464397E+01 -1.9047211E+01
2026 07 24 16 06 00 000 -3.9573326E+01 4.7476303E+01 -1.9009995E+01
2026 07 24 16 07 00 000 -3.9581554E+01 4.7488216E+01 -1.8972746E+01
2026 07 24 16 08 00 000 -3.9589787E+01 4.7500134E+01 -1.8935438E+01
2026 07 24 16 09 00 000 -3.9597992E+01 4.7512028E+01 -1.8898083E+01
2026 07 24 16 10 00 000 -3.9606220E+01 4.7523903E+01 -1.8860662E+01
2026 07 24 16 11 00 000 -3.9614407E+01 4.7535774E+01 -1.8823210E+01
2026 07 24 16 12 00 000 -3.9622597E+01 4.7547626E+01 -1.8785698E+01
2026 07 24 16 13 00 000 -3.9630779E+01 4.7559479E+01 -1.8748150E+01
2026 07 24 16 14 00 000 -3.9638958E+01 4.7571304E+01 -1.8710537E+01
2026 07 24 16 15 00 000 -3.9647118E+01 4.7583130E+01 -1.8672892E+01
2026 07 24 16 16 00 000 -3.9655258E+01 4.7594936E+01 -1.8635202E+01
2026 07 24 16 17 00 000 -3.9663403E+01 4.7606728E+01 -1.8597466E+01
2026 07 24 16 18 00 000 -3.9671543E+01 4.7618507E+01 -1.8559671E+01
2026 07 24 16 19 00 000 -3.9679668E+01 4.7630264E+01 -1.8521849E+01
2026 07 24 16 20 00 000 -3.9687790E+01 4.7642017E+01 -1.8483982E+01
2026 07 24 16 21 00 000 -3.9695892E+01 4.7653740E+01 -1.8446074E+01
2026 07 24 16 22 00 000 -3.9703976E+01 4.7665466E+01 -1.8408138E+01
2026 07 24 16 23 00 000 -3.9712063E+01 4.7677170E+01 -1.8370150E+01
2026 07 24 16 24 00 000 -3.9720131E+01 4.7688854E+01 -1.8332127E+01
2026 07 24 16 25 00 000 -3.9728222E+01 4.7700508E+01 -1.8294052E+01
2026 07 24 16 26 00 000 -3.9736282E+01 4.7712158E+01 -1.8255957E+01
2026 07 24 16 27 00 000 -3.9744320E+01 4.7723793E+01 -1.8217823E+01
2026 07 24 16 28 00 000 -3.9752357E+01 4.7735382E+01 -1.8179649E+01
2026 07 24 16 29 00 000 -3.9760384E+01 4.7746983E+01 -1.8141451E+01
2026 07 24 16 30 00 000 -3.9768410E+01 4.7758549E+01 -1.8103209E+01
2026 07 24 16 31 00 000 -3.9776424E+01 4.7770107E+01 -1.8064938E+01
2026 07 24 16 32 00 000 -3.9784428E+01 4.7781628E+01 -1.8026632E+01
2026 07 24 16 33 00 000 -3.9792427E+01 4.7793140E+01 -1.7988297E+01
2026 07 24 16 34 00 000 -3.9800396E+01 4.7804634E+01 -1.7949953E+01
2026 07 24 16 35 00 000 -3.9808376E+01 4.7816086E+01 -1.7911551E+01
2026 07 24 16 36 00 000 -3.9816334E+01 4.7827538E+01 -1.7873140E+01
2026 07 24 16 37 00 000 -3.9824299E+01 4.7838963E+01 -1.7834690E+01
2026 07 24 16 38 00 000 -3.9832253E+01 4.7850357E+01 -1.7796217E+01
2026 07 24 16 39 00 000 -3.9840187E+01 4.7861729E+01 -1.7757721E+01
2026 07 24 16 40 00 000 -3.9848118E+01 4.7873077E+01 -1.7719198E+01
2026 07 24 16 41 00 000 -3.9856045E+01 4.7884403E+01 -1.7680651E+01
2026 07 24 16 42 00 000 -3.9863937E+01 4.7895714E+01 -1.7642094E+01
2026 07 24 16 43 00 000 -3.9871845E+01 4.7906982E+01 -1.7603502E+01
2026 07 24 16 44 00 000 -3.9879730E+01 4.7918247E+01 -1.7564899E+01
2026 07 24 16 45 00 000 -3.9887615E+01 4.7929482E+01 -1.7526272E+01
2026 07 24 16 46 00 000 -3.9895485E+01 4.7940678E+01 -1.7487621E+01
2026 07 24 16 47 00 000 -3.9903343E+01 4.7951859E+01 -1.7448965E+01
2026 07 24 16 48 00 000 -3.9911186E+01 4.7963005E+01 -1.7410290E+01
2026 07 24 16 49 00 000 -3.9919044E+01 4.7974125E+01 -1.7371586E+01
2026 07 24 16 50 00 000 -3.9926880E+01 4.7985218E+01 -1.7332869E+01
2026 07 24 16 51 00 000 -3.9934700E+01 4.7996288E+01 -1.7294149E+01
2026 07 24 16 52 00 000 -3.9942524E+01 4.8007328E+01 -1.7255407E+01
2026 07 24 16 53 00 000 -3.9950325E+01 4.8018330E+01 -1.7216654E+01
2026 07 24 16 54 00 000 -3.9958115E+01 4.8029316E+01 -1.7177891E+01
2026 07 24 16 55 00 000 -3.9965923E+01 4.8040264E+01 -1.7139109E+01
2026 07 24 16 56 00 000 -3.9973698E+01 4.8051197E+01 -1.7100334E+01
2026 07 24 16 57 00 000 -3.9981464E+01 4.8062088E+01 -1.7061544E+01
2026 07 24 16 58 00 000 -3.9989220E+01 4.8072948E+01 -1.7022745E+01
2026 07 24 16 59 00 000 -3.9996967E+01 4.8083782E+01 -1.6983944E+01
2026 07 24 17 00 00 000 -4.0004707E+01 4.8094578E+01 -1.6945127E+01
2026 07 24 17 01 00 000 -4.0012447E+01 4.8105354E+01 -1.6906309E+01
2026 07 24 17 02 00 000 -4.0020161E+01 4.8116108E+01 -1.6867495E+01
2026 07 24 17 03 00 000 -4.0027893E+01 4.8126804E+01 -1.6828663E+01
2026 07 24 17 04 00 000 -4.0035587E+01 4.8137474E+01 -1.6789837E+01
2026 07 24 17 05 00 000 -4.0043274E+01 4.8148129E+01 -1.6751022E+01
2026 07 24 17 06 00 000 -4.0050953E+01 4.8158745E+01 -1.6712200E+01
2026 07 24 17 07 00 000 -4.0058643E+01 4.8169312E+01 -1.6673361E+01
2026 07 24 17 08 00 000 -4.0066307E+01 4.8179852E+01 -1.6634537E+01
2026 07 24 17 09 00 000 -4.0073967E+01 4.8190380E+01 -1.6595716E+01
2026 07 24 17 10 00 000 -4.0081615E+01 4.8200855E+01 -1.6556900E+01
2026 07 24 17 11 00 000 -4.0089249E+01 4.8211296E+01 -1.6518093E+01
2026 07 24 17 12 00 000 -4.0096874E+01 4.8221706E+01 -1.6479284E+01
2026 07 24 17 13 00 000 -4.0104504E+01 4.8232071E+01 -1.6440475E+01
2026 07 24 17 14 00 000 -4.0112125E+01 4.8242420E+01 -1.6401680E+01
2026 07 24 17 15 00 000 -4.0119724E+01 4.8252724E+01 -1.6362892E+01
2026 07 24 17 16 00 000 -4.0127312E+01 4.8262989E+01 -1.6324120E+01
2026 07 24 17 17 00 000 -4.0134895E+01 4.8273216E+01 -1.6285355E+01
2026 07 24 17 18 00 000 -4.0142464E+01 4.8283428E+01 -1.6246601E+01
2026 07 24 17 19 00 000 -4.0150043E+01 4.8293568E+01 -1.6207850E+01
2026 07 24 17 20 00 000 -4.0157585E+01 4.8303696E+01 -1.6169123E+01
2026 07 24 17 21 00 000 -4.0165138E+01 4.8313774E+01 -1.6130396E+01
2026 07 24 17 22 00 000 -4.0172680E+01 4.8323826E+01 -1.6091694E+01
2026 07 24 17 23 00 000 -4.0180187E+01 4.8333847E+01 -1.6053024E+01
2026 07 24 17 24 00 000 -4.0187721E+01 4.8343815E+01 -1.6014339E+01
2026 07 24 17 25 00 000 -4.0195221E+01 4.8353760E+01 -1.5975696E+01
2026 07 24 17 26 00 000 -4.0202728E+01 4.8363651E+01 -1.5937057E+01
2026 07 24 17 27 00 000 -4.0210217E+01 4.8373512E+01 -1.5898446E+01
2026 07 24 17 28 00 000 -4.0217686E+01 4.8383335E+01 -1.5859857E+01
2026 07 24 17 29 00 000 -4.0225170E+01 4.8393105E+01 -1.5821273E+01
2026 07 24 17 30 00 000 -4.0232620E+01 4.8402847E+01 -1.5782729E+01
2026 07 24 17 31 00 000 -4.0240093E+01 4.8412552E+01 -1.5744195E+01
2026 07 24 17 32 00 000 -4.0247540E+01 4.8422203E+01 -1.5705688E+01
2026 07 24 17 33 00 000 -4.0254963E+01 4.8431831E+01 -1.5667217E+01
2026 07 24 17 34 00 000 -4.0262390E+01 4.8441414E+01 -1.5628759E+01
2026 07 24 17 35 00 000 -4.0269810E+01 4.8450951E+01 -1.5590329E+01
2026 07 24 17 36 00 000 -4.0277210E+01 4.8460449E+01 -1.5551937E+01
2026 07 24 17 37 00 000 -4.0284618E+01 4.8469902E+01 -1.5513562E+01
2026 07 24 17 38 00 000 -4.0292015E+01 4.8479321E+01 -1.5475215E+01
2026 07 24 17 39 00 000 -4.0299393E+01 4.8488697E+01 -1.5436913E+01
2026 07 24 17 40 00 000 -4.0306747E+01 4.8498047E+01 -1.5398643E+01
2026 07 24 17 41 00 000 -4.0314102E+01 4.8507343E+01 -1.5360401E+01
2026 07 24 17 42 00 000 -4.0321465E+01 4.8516594E+01 -1.5322183E+01
2026 07 24 17 43 00 000 -4.0328808E+01 4.8525795E+01 -1.5284001E+01
2026 07 24 17 44 00 000 -4.0336136E+01 4.8534977E+01 -1.5245868E+01
2026 07 24 17 45 00 000 -4.0343475E+01 4.8544086E+01 -1.5207748E+01
2026 07 24 17 46 00 000 -4.0350773E+01 4.8553181E+01 -1.5169694E+01
2026 07 24 17 47 00 000 -4.0358082E+01 4.8562222E+01 -1.5131662E+01
2026 07 24 17 48 00 000 -4.0365364E+01 4.8571232E+01 -1.5093677E+01
2026 07 24 17 49 00 000 -4.0372665E+01 4.8580170E+01 -1.5055712E+01
2026 07 24 17 50 00 000 -4.0379940E+01 4.8589081E+01 -1.5017797E+01
2026 07 24 17 51 00 000 -4.0387207E+01 4.8597954E+01 -1.4979936E+01
2026 07 24 17 52 00 000 -4.0394455E+01 4.8606781E+01 -1.4942113E+01
2026 07 24 17 53 00 000 -4.0401722E+01 4.8615543E+01 -1.4904320E+01
2026 07 24 17 54 00 000 -4.0408947E+01 4.8624294E+01 -1.4866590E+01
2026 07 24 17 55 00 000 -4.0416183E+01 4.8632984E+01 -1.4828890E+01
2026 07 24 17 56 00 000 -4.0423416E+01 4.8641640E+01 -1.4791237E+01
2026 07 24 17 57 00 000 -4.0430630E+01 4.8650238E+01 -1.4753634E+01
2026 07 24 17 58 00 000 -4.0437820E+01 4.8658802E+01 -1.4716086E+01
2026 07 24 17 59 00 000 -4.0445004E+01 4.8667320E+01 -1.4678593E+01
2026 07 24 18 00 00 000 -4.0452194E+01 4.8675781E+01 -1.4641135E+01
2026 07 24 18 01 00 000 -4.0459385E+01 4.8684200E+01 -1.4603717E+01
2026 07 24 18 02 00 000 -4.0466534E+01 4.8692581E+01 -1.4566374E+01
2026 07 24 18 03 00 000 -4.0473698E+01 4.8700916E+01 -1.4529067E+01
2026 07 24 18 04 00 000 -4.0480831E+01 4.8709225E+01 -1.4491838E+01
2026 07 24 18 05 00 000 -4.0487976E+01 4.8717449E+01 -1.4454634E+01
2026 07 24 18 06 00 000 -4.0495102E+01 4.8725647E+01 -1.4417498E+01
2026 07 24 18 07 00 000 -4.0502220E+01 4.8733807E+01 -1.4380419E+01
2026 07 24 18 08 00 000 -4.0509346E+01 4.8741898E+01 -1.4343385E+01
2026 07 24 18 09 00 000 -4.0516434E+01 4.8749962E+01 -1.4306422E+01
2026 07 24 18 10 00 000 -4.0523521E+01 4.8757977E+01 -1.4269517E+01
2026 07 24 18 11 00 000 -4.0530621E+01 4.8765926E+01 -1.4232660E+01
2026 07 24 18 12 00 000 -4.0537682E+01 4.8773865E+01 -1.4195875E+01
2026 07 24 18 13 00 000 -4.0544750E+01 4.8781734E+01 -1.4159150E+01
2026 07 24 18 14 00 000 -4.0551811E+01 4.8789558E+01 -1.4122481E+01
2026 07 24 18 15 00 000 -4.0558838E+01 4.8797348E+01 -1.4085880E+01
2026 07 24 18 16 00 000 -4.0565880E+01 4.8805084E+01 -1.4049345E+01
2026 07 24 18 17 00 000 -4.0572910E+01 4.8812771E+01 -1.4012863E+01
2026 07 24 18 18 00 000 -4.0579929E+01 4.8820408E+01 -1.3976456E+01
2026 07 24 18 19 00 000 -4.0586941E+01 4.8827995E+01 -1.3940109E+01
2026 07 24 18 20 00 000 -4.0593933E+01 4.8835545E+01 -1.3903842E+01
2026 07 24 18 21 00 000 -4.0600918E+01 4.8843060E+01 -1.3867640E+01
2026 07 24 18 22 00 000 -4.0607895E+01 4.8850510E+01 -1.3831502E+01
2026 07 24 18 23 00 000 -4.0614872E+01 4.8857914E+01 -1.3795428E+01
2026 07 24 18 24 00 000 -4.0621834E+01 4.8865265E+01 -1.3759433E+01
2026 07 24 18 25 00 000 -4.0628777E+01 4.8872581E+01 -1.3723511E+01
2026 07 24 18 26 00 000 -4.0635712E+01 4.8879852E+01 -1.3687662E+01
2026 07 24 18 27 00 000 -4.0642647E+01 4.8887062E+01 -1.3651878E+01
2026 07 24 18 28 00 000 -4.0649570E+01 4.8894234E+01 -1.3616172E+01
2026 07 24 18 29 00 000 -4.0656490E+01 4.8901356E+01 -1.3580539E+01
2026 07 24 18 30 00 000 -4.0663391E+01 4.8908428E+01 -1.3544979E+01
2026 07 24 18 31 00 000 -4.0670300E+01 4.8915451E+01 -1.3509496E+01
2026 07 24 18 32 00 000 -4.0677189E+01 4.8922428E+01 -1.3474089E+01
2026 07 24 18 33 00 000 -4.0684044E+01 4.8929371E+01 -1.3438775E+01
2026 07 24 18 34 00 000 -4.0690914E+01 4.8936249E+01 -1.3403525E+01
2026 07 24 18 35 00 000 -4.0697788E+01 4.8943073E+01 -1.3368353E+01
2026 07 24 18 36 00 000 -4.0704628E+01 4.8949856E+01 -1.3333275E+01
2026 07 24 18 37 00 000 -4.0711468E+01 4.8956604E+01 -1.3298268E+01
2026 07 24 18 38 00 000 -4.0718311E+01 4.8963287E+01 -1.3263333E+01
2026 07 24 18 39 00 000 -4.0725113E+01 4.8969940E+01 -1.3228507E+01
2026 07 24 18 40 00 000 -4.0731930E+01 4.8976528E+01 -1.3193746E+01
2026 07 24 18 41 00 000 -4.0738728E+01 4.8983078E+01 -1.3159078E+01
2026 07 24 18 42 00 000 -4.0745529E+01 4.8989567E+01 -1.3124490E+01
2026 07 24 18 43 00 000 -4.0752323E+01 4.8996021E+01 -1.3089978E+01
2026 07 24 18 44 00 000 -4.0759083E+01 4.9002438E+01 -1.3055576E+01
2026 07 24 18 45 00 000 -4.0765854E+01 4.9008781E+01 -1.3021244E+01
2026 07 24 18 46 00 000 -4.0772598E+01 4.9015099E+01 -1.2987009E+01
2026 07 24 18 47 00 000 -4.0779343E+01 4.9021355E+01 -1.2952858E+01
2026 07 24 18 48 00 000 -4.0786076E+01 4.9027573E+01 -1.2918803E+01
2026 07 24 18 49 00 000 -4.0792812E+01 4.9033722E+01 -1.2884828E+01
2026 07 24 18 50 00 000 -4.0799526E+01 4.9039833E+01 -1.2850954E+01
2026 07 24 18 51 00 000 -4.0806229E+01 4.9045910E+01 -1.2817175E+01
2026 07 24 18 52 00 000 -4.0812927E+01 4.9051929E+01 -1.2783477E+01
2026 07 24 18 53 00 000 -4.0819633E+01 4.9057888E+01 -1.2749870E+01
2026 07 24 18 54 00 000 -4.0826302E+01 4.9063816E+01 -1.2716369E+01
2026 07 24 18 55 00 000 -4.0832977E+01 4.9069691E+01 -1.2682957E+01
2026 07 24 18 56 00 000 -4.0839634E+01 4.9075527E+01 -1.2649648E+01
2026 07 24 18 57 00 000 -4.0846283E+01 4.9081291E+01 -1.2616426E+01
2026 07 24 18 58 00 000 -4.0852932E+01 4.9087021E+01 -1.2583304E+01
2026 07 24 18 59 00 000 -4.0859566E+01 4.9092701E+01 -1.2550278E+01
2026 07 24 19 00 00 000 -4.0866196E+01 4.9098331E+01 -1.2517351E+01
2026 07 24 19 01 00 000 -4.0872810E+01 4.9103912E+01 -1.2484529E+01
2026 07 24 19 02 00 000 -4.0879406E+01 4.9109455E+01 -1.2451809E+01
2026 07 24 19 03 00 000 -4.0885998E+01 4.9114944E+01 -1.2419189E+01
2026 07 24 19 04 00 000 -4.0892586E+01 4.9120399E+01 -1.2386666E+01
2026 07 24 19 05 00 000 -4.0899162E+01 4.9125786E+01 -1.2354247E+01
2026 07 24 19 06 00 000 -4.0905731E+01 4.9131126E+01 -1.2321925E+01
2026 07 24 19 07 00 000 -4.0912296E+01 4.9136429E+01 -1.2289709E+01
2026 07 24 19 08 00 000 -4.0918835E+01 4.9141678E+01 -1.2257606E+01
2026 07 24 19 09 00 000 -4.0925365E+01 4.9146896E+01 -1.2225605E+01
2026 07 24 19 10 00 000 -4.0931900E+01 4.9152046E+01 -1.2193708E+01
2026 07 24 19 11 00 000 -4.0938435E+01 4.9157143E+01 -1.2161905E+01
2026 07 24 19 12 00 000 -4.0944935E+01 4.9162216E+01 -1.2130226E+01
2026 07 24 19 13 00 000 -4.0951439E+01 4.9167213E+01 -1.2098645E+01
2026 07 24 19 14 00 000 -4.0957939E+01 4.9172188E+01 -1.2067175E+01
2026 07 24 19 15 00 000 -4.0964405E+01 4.9177113E+01 -1.2035822E+01
2026 07 24 19 16 00 000 -4.0970882E+01 4.9181976E+01 -1.2004569E+01
2026 07 24 19 17 00 000 -4.0977348E+01 4.9186794E+01 -1.1973425E+01
2026 07 24 19 18 00 000 -4.0983807E+01 4.9191578E+01 -1.1942395E+01
2026 07 24 19 19 00 000 -4.0990242E+01 4.9196316E+01 -1.1911481E+01
2026 07 24 19 20 00 000 -4.0996685E+01 4.9200989E+01 -1.1880675E+01
2026 07 24 19 21 00 000 -4.1003109E+01 4.9205624E+01 -1.1849979E+01
2026 07 24 19 22 00 000 -4.1009525E+01 4.9210209E+01 -1.1819400E+01
2026 07 24 19 23 00 000 -4.1015930E+01 4.9214752E+01 -1.1788939E+01
2026 07 24 19 24 00 000 -4.1022324E+01 4.9219254E+01 -1.1758586E+01
2026 07 24 19 25 00 000 -4.1028706E+01 4.9223709E+01 -1.1728359E+01
2026 07 24 19 26 00 000 -4.1035084E+01 4.9228107E+01 -1.1698237E+01
2026 07 24 19 27 00 000 -4.1041451E+01 4.9232468E+01 -1.1668238E+01
2026 07 24 19 28 00 000 -4.1047810E+01 4.9236771E+01 -1.1638352E+01
2026 07 24 19 29 00 000 -4.1054173E+01 4.9241035E+01 -1.1608578E+01
2026 07 24 19 30 00 000 -4.1060505E+01 4.9245251E+01 -1.1578931E+01
2026 07 24 19 31 00 000 -4.1066841E+01 4.9249416E+01 -1.1549401E+01
2026 07 24 19 32 00 000 -4.1073151E+01 4.9253540E+01 -1.1519998E+01
2026 07 24 19 33 00 000 -4.1079460E+01 4.9257622E+01 -1.1490705E+01
2026 07 24 19 34 00 000 -4.1085770E+01 4.9261650E+01 -1.1461530E+01
2026 07 24 19 35 00 000 -4.1092064E+01 4.9265633E+01 -1.1432481E+01
2026 07 24 19 36 00 000 -4.1098343E+01 4.9269569E+01 -1.1403555E+01
2026 07 24 19 37 00 000 -4.1104610E+01 4.9273464E+01 -1.1374754E+01
2026 07 24 19 38 00 000 -4.1110878E+01 4.9277309E+01 -1.1346070E+01
2026 07 24 19 39 00 000 -4.1117130E+01 4.9281128E+01 -1.1317518E+01
2026 07 24 19 40 00 000 -4.1123375E+01 4.9284874E+01 -1.1289083E+01
2026 07 24 19 41 00 000 -4.1129612E+01 4.9288589E+01 -1.1260769E+01
2026 07 24 19 42 00 000 -4.1135841E+01 4.9292255E+01 -1.1232585E+01
2026 07 24 19 43 00 000 -4.1142056E+01 4.9295868E+01 -1.1204533E+01
2026 07 24 19 44 00 000 -4.1148254E+01 4.9299458E+01 -1.1176606E+01
2026 07 24 19 45 00 000 -4.1154453E+01 4.9302990E+01 -1.1148797E+01
2026 07 24 19 46 00 000 -4.1160629E+01 4.9306473E+01 -1.1121125E+01
2026 07 24 19 47 00 000 -4.1166817E+01 4.9309910E+01 -1.1093573E+01
2026 07 24 19 48 00 000 -4.1172985E+01 4.9313309E+01 -1.1066151E+01
2026 07 24 19 49 00 000 -4.1179153E+01 4.9316654E+01 -1.1038856E+01
2026 07 24 19 50 00 000 -4.1185291E+01 4.9319969E+01 -1.1011690E+01
2026 07 24 19 51 00 000 -4.1191414E+01 4.9323238E+01 -1.0984672E+01
2026 07 24 19 52 00 000 -4.1197556E+01 4.9326447E+01 -1.0957766E+01
2026 07 24 19 53 00 000 -4.1203682E+01 4.9329620E+01 -1.0930988E+01
2026 07 24 19 54 00 000 -4.1209797E+01 4.9332756E+01 -1.0904348E+01
2026 07 24 19 55 00 000 -4.1215885E+01 4.9335850E+01 -1.0877843E+01
2026 07 24 19 56 00 000 -4.1221977E+01 4.9338879E+01 -1.0851468E+01
2026 07 24 19 57 00 000 -4.1228065E+01 4.9341881E+01 -1.0825221E+01
2026 07 24 19 58 00 000 -4.1234138E+01 4.9344833E+01 -1.0799111E+01
2026 07 24 19 59 00 000 -4.1240204E+01 4.9347748E+01 -1.0773136E+01
2026 07 24 20 00 00 000 -4.1246243E+01 4.9350613E+01 -1.0747300E+01
2026 07 24 20 01 00 000 -4.1252289E+01 4.9353432E+01 -1.0721591E+01
2026 07 24 20 02 00 000 -4.1258320E+01 4.9356224E+01 -1.0696020E+01
2026 07 24 20 03 00 000 -4.1264343E+01 4.9358967E+01 -1.0670589E+01
2026 07 24 20 04 00 000 -4.1270355E+01 4.9361660E+01 -1.0645288E+01
2026 07 24 20 05 00 000 -4.1276371E+01 4.9364307E+01 -1.0620119E+01
2026 07 24 20 06 00 000 -4.1282349E+01 4.9366920E+01 -1.0595101E+01
2026 07 24 20 07 00 000 -4.1288349E+01 4.9369476E+01 -1.0570205E+01
2026 07 24 20 08 00 000 -4.1294308E+01 4.9372013E+01 -1.0545464E+01
2026 07 24 20 09 00 000 -4.1300266E+01 4.9374500E+01 -1.0520852E+01
2026 07 24 20 10 00 000 -4.1306232E+01 4.9376942E+01 -1.0496371E+01
2026 07 24 20 11 00 000 -4.1312160E+01 4.9379341E+01 -1.0472046E+01
2026 07 24 20 12 00 000 -4.1318115E+01 4.9381687E+01 -1.0447840E+01
2026 07 24 20 13 00 000 -4.1324036E+01 4.9383999E+01 -1.0423793E+01
2026 07 24 20 14 00 000 -4.1329948E+01 4.9386272E+01 -1.0399875E+01
2026 07 24 20 15 00 000 -4.1335850E+01 4.9388519E+01 -1.0376106E+01
2026 07 24 20 16 00 000 -4.1341755E+01 4.9390701E+01 -1.0352472E+01
2026 07 24 20 17 00 000 -4.1347645E+01 4.9392834E+01 -1.0328976E+01
2026 07 24 20 18 00 000 -4.1353519E+01 4.9394939E+01 -1.0305628E+01
2026 07 24 20 19 00 000 -4.1359394E+01 4.9397003E+01 -1.0282418E+01
2026 07 24 20 20 00 000 -4.1365250E+01 4.9399029E+01 -1.0259354E+01
2026 07 24 20 21 00 000 -4.1371086E+01 4.9401012E+01 -1.0236435E+01
2026 07 24 20 22 00 000 -4.1376938E+01 4.9402950E+01 -1.0213652E+01
2026 07 24 20 23 00 000 -4.1382759E+01 4.9404858E+01 -1.0191022E+01
2026 07 24 20 24 00 000 -4.1388573E+01 4.9406712E+01 -1.0168530E+01
2026 07 24 20 25 00 000 -4.1394386E+01 4.9408531E+01 -1.0146182E+01
2026 07 24 20 26 00 000 -4.1400181E+01 4.9410320E+01 -1.0123987E+01
2026 07 24 20 27 00 000 -4.1405975E+01 4.9412048E+01 -1.0101927E+01
2026 07 24 20 28 00 000 -4.1411747E+01 4.9413761E+01 -1.0080027E+01
2026 07 24 20 29 00 000 -4.1417507E+01 4.9415421E+01 -1.0058263E+01
2026 07 24 20 30 00 000 -4.1423275E+01 4.9417038E+01 -1.0036640E+01
2026 07 24 20 31 00 000 -4.1429016E+01 4.9418610E+01 -1.0015170E+01
2026 07 24 20 32 00 000 -4.1434765E+01 4.9420162E+01 -9.9938440E+00
2026 07 24 20 33 00 000 -4.1440487E+01 4.9421646E+01 -9.9726667E+00
2026 07 24 20 34 00 000 -4.1446213E+01 4.9423115E+01 -9.9516392E+00
2026 07 24 20 35 00 000 -4.1451912E+01 4.9424530E+01 -9.9307594E+00
2026 07 24 20 36 00 000 -4.1457619E+01 4.9425915E+01 -9.9100266E+00
2026 07 24 20 37 00 000 -4.1463299E+01 4.9427261E+01 -9.8894415E+00
2026 07 24 20 38 00 000 -4.1469002E+01 4.9428558E+01 -9.8689947E+00
2026 07 24 20 39 00 000 -4.1474659E+01 4.9429829E+01 -9.8487139E+00
2026 07 24 20 40 00 000 -4.1480320E+01 4.9431053E+01 -9.8285751E+00
2026 07 24 20 41 00 000 -4.1485973E+01 4.9432243E+01 -9.8085833E+00
2026 07 24 20 42 00 000 -4.1491623E+01 4.9433388E+01 -9.7887440E+00
2026 07 24 20 43 00 000 -4.1497238E+01 4.9434509E+01 -9.7690630E+00
2026 07 24 20 44 00 000 -4.1502850E+01 4.9435589E+01 -9.7495279E+00
2026 07 24 20 45 00 000 -4.1508476E+01 4.9436607E+01 -9.7301321E+00
2026 07 24 20 46 00 000 -4.1514061E+01 4.9437614E+01 -9.7109022E+00
2026 07 24 20 47 00 000 -4.1519650E+01 4.9438576E+01 -9.6918230E+00
2026 07 24 20 48 00 000 -4.1525242E+01 4.9439487E+01 -9.6728802E+00
2026 07 24 20 49 00 000 -4.1530807E+01 4.9440365E+01 -9.6541014E+00
2026 07 24 20 50 00 000 -4.1536366E+01 4.9441219E+01 -9.6354694E+00
2026 07 24 20 51 00 000 -4.1541908E+01 4.9442028E+01 -9.6170015E+00
2026 07 24 20 52 00 000 -4.1547462E+01 4.9442799E+01 -9.5986662E+00
2026 07 24 20 53 00 000 -4.1552982E+01 4.9443542E+01 -9.5804977E+00
2026 07 24 20 54 00 000 -4.1558506E+01 4.9444225E+01 -9.5624771E+00
2026 07 24 20 55 00 000 -4.1564022E+01 4.9444881E+01 -9.5446100E+00
2026 07 24 20 56 00 000 -4.1569523E+01 4.9445503E+01 -9.5268946E+00
2026 07 24 20 57 00 000 -4.1575005E+01 4.9446098E+01 -9.5093403E+00
2026 07 24 20 58 00 000 -4.1580490E+01 4.9446648E+01 -9.4919310E+00
2026 07 24 20 59 00 000 -4.1585964E+01 4.9447163E+01 -9.4746790E+00
2026 07 24 21 00 00 000 -4.1591415E+01 4.9447643E+01 -9.4575863E+00
2026 07 24 21 01 00 000 -4.1596863E+01 4.9448082E+01 -9.4406433E+00
2026 07 24 21 02 00 000 -4.1602310E+01 4.9448486E+01 -9.4238539E+00
2026 07 24 21 03 00 000 -4.1607742E+01 4.9448845E+01 -9.4072227E+00
2026 07 24 21 04 00 000 -4.1613155E+01 4.9449192E+01 -9.3907442E+00
2026 07 24 21 05 00 000 -4.1618576E+01 4.9449478E+01 -9.3744154E+00
2026 07 24 21 06 00 000 -4.1623966E+01 4.9449749E+01 -9.3582573E+00
2026 07 24 21 07 00 000 -4.1629345E+01 4.9449978E+01 -9.3422470E+00
2026 07 24 21 08 00 000 -4.1634727E+01 4.9450165E+01 -9.3263931E+00
2026 07 24 21 09 00 000 -4.1640099E+01 4.9450321E+01 -9.3106899E+00
2026 07 24 21 10 00 000 -4.1645462E+01 4.9450439E+01 -9.2951441E+00
2026 07 24 21 11 00 000 -4.1650799E+01 4.9450523E+01 -9.2797604E+00
2026 07 24 21 12 00 000 -4.1656136E+01 4.9450581E+01 -9.2645321E+00
2026 07 24 21 13 00 000 -4.1661472E+01 4.9450581E+01 -9.2494555E+00
2026 07 24 21 14 00 000 -4.1666798E+01 4.9450573E+01 -9.2345371E+00
2026 07 24 21 15 00 000 -4.1672092E+01 4.9450523E+01 -9.2197809E+00
2026 07 24 21 16 00 000 -4.1677391E+01 4.9450424E+01 -9.2051754E+00
2026 07 24 21 17 00 000 -4.1682682E+01 4.9450306E+01 -9.1907263E+00
2026 07 24 21 18 00 000 -4.1687950E+01 4.9450150E+01 -9.1764431E+00
2026 07 24 21 19 00 000 -4.1693218E+01 4.9449959E+01 -9.1623116E+00
2026 07 24 21 20 00 000 -4.1698486E+01 4.9449722E+01 -9.1483316E+00
2026 07 24 21 21 00 000 -4.1703735E+01 4.9449463E+01 -9.1345186E+00
2026 07 24 21 22 00 000 -4.1708958E+01 4.9449169E+01 -9.1208639E+00
2026 07 24 21 23 00 000 -4.1714184E+01 4.9448849E+01 -9.1073627E+00
2026 07 24 21 24 00 000 -4.1719406E+01 4.9448479E+01 -9.0940208E+00
2026 07 24 21 25 00 000 -4.1724606E+01 4.9448082E+01 -9.0808372E+00
2026 07 24 21 26 00 000 -4.1729813E+01 4.9447655E+01 -9.0678082E+00
2026 07 24 21 27 00 000 -4.1734982E+01 4.9447193E+01 -9.0549450E+00
2026 07 24 21 28 00 000 -4.1740154E+01 4.9446701E+01 -9.0422401E+00
2026 07 24 21 29 00 000 -4.1745312E+01 4.9446178E+01 -9.0296917E+00
2026 07 24 21 30 00 000 -4.1750469E+01 4.9445618E+01 -9.0173016E+00
2026 07 24 21 31 00 000 -4.1755615E+01 4.9445015E+01 -9.0050669E+00
2026 07 24 21 32 00 000 -4.1760742E+01 4.9444382E+01 -8.9929934E+00
2026 07 24 21 33 00 000 -4.1765862E+01 4.9443726E+01 -8.9810791E+00
2026 07 24 21 34 00 000 -4.1770988E+01 4.9443012E+01 -8.9693193E+00
2026 07 24 21 35 00 000 -4.1776081E+01 4.9442299E+01 -8.9577255E+00
2026 07 24 21 36 00 000 -4.1781166E+01 4.9441547E+01 -8.9462919E+00
2026 07 24 21 37 00 000 -4.1786243E+01 4.9440754E+01 -8.9350166E+00
2026 07 24 21 38 00 000 -4.1791321E+01 4.9439926E+01 -8.9238977E+00
2026 07 24 21 39 00 000 -4.1796383E+01 4.9439060E+01 -8.9129353E+00
2026 07 24 21 40 00 000 -4.1801437E+01 4.9438171E+01 -8.9021368E+00
2026 07 24 21 41 00 000 -4.1806473E+01 4.9437244E+01 -8.8914967E+00
2026 07 24 21 42 00 000 -4.1811489E+01 4.9436298E+01 -8.8810186E+00
2026 07 24 21 43 00 000 -4.1816513E+01 4.9435314E+01 -8.8706999E+00
2026 07 24 21 44 00 000 -4.1821526E+01 4.9434288E+01 -8.8605347E+00
2026 07 24 21 45 00 000 -4.1826523E+01 4.9433243E+01 -8.8505316E+00
2026 07 24 21 46 00 000 -4.1831501E+01 4.9432167E+01 -8.8406944E+00
2026 07 24 21 47 00 000 -4.1836468E+01 4.9431053E+01 -8.8310156E+00
2026 07 24 21 48 00 000 -4.1841438E+01 4.9429897E+01 -8.8214922E+00
2026 07 24 21 49 00 000 -4.1846394E+01 4.9428726E+01 -8.8121281E+00
2026 07 24 21 50 00 000 -4.1851322E+01 4.9427532E+01 -8.8029366E+00
2026 07 24 21 51 00 000 -4.1856258E+01 4.9426281E+01 -8.7938938E+00
2026 07 24 21 52 00 000 -4.1861191E+01 4.9424995E+01 -8.7850027E+00
2026 07 24 21 53 00 000 -4.1866104E+01 4.9423698E+01 -8.7762852E+00
2026 07 24 21 54 00 000 -4.1871002E+01 4.9422363E+01 -8.7677193E+00
2026 07 24 21 55 00 000 -4.1875896E+01 4.9420998E+01 -8.7593164E+00
2026 07 24 21 56 00 000 -4.1880772E+01 4.9419617E+01 -8.7510796E+00
2026 07 24 21 57 00 000 -4.1885643E+01 4.9418190E+01 -8.7429924E+00
2026 07 24 21 58 00 000 -4.1890499E+01 4.9416729E+01 -8.7350702E+00
2026 07 24 21 59 00 000 -4.1895355E+01 4.9415230E+01 -8.7273054E+00
2026 07 24 22 00 00 000 -4.1900177E+01 4.9413719E+01 -8.7197056E+00
2026 07 24 22 01 00 000 -4.1905010E+01 4.9412159E+01 -8.7122593E+00
2026 07 24 22 02 00 000 -4.1909824E+01 4.9410576E+01 -8.7049789E+00
2026 07 24 22 03 00 000 -4.1914631E+01 4.9408962E+01 -8.6978550E+00
2026 07 24 22 04 00 000 -4.1919430E+01 4.9407318E+01 -8.6908875E+00
2026 07 24 22 05 00 000 -4.1924202E+01 4.9405663E+01 -8.6840887E+00
2026 07 24 22 06 00 000 -4.1928982E+01 4.9403950E+01 -8.6774426E+00
2026 07 24 22 07 00 000 -4.1933731E+01 4.9402222E+01 -8.6709614E+00
2026 07 24 22 08 00 000 -4.1938477E+01 4.9400463E+01 -8.6646423E+00
2026 07 24 22 09 00 000 -4.1943233E+01 4.9398651E+01 -8.6584682E+00
2026 07 24 22 10 00 000 -4.1947952E+01 4.9396835E+01 -8.6524706E+00
2026 07 24 22 11 00 000 -4.1952682E+01 4.9394974E+01 -8.6466169E+00
2026 07 24 22 12 00 000 -4.1957378E+01 4.9393093E+01 -8.6409369E+00
2026 07 24 22 13 00 000 -4.1962078E+01 4.9391182E+01 -8.6354065E+00
2026 07 24 22 14 00 000 -4.1966759E+01 4.9389248E+01 -8.6300449E+00
2026 07 24 22 15 00 000 -4.1971443E+01 4.9387264E+01 -8.6248341E+00
2026 07 24 22 16 00 000 -4.1976109E+01 4.9385250E+01 -8.6197872E+00
2026 07 24 22 17 00 000 -4.1980751E+01 4.9383224E+01 -8.6148958E+00
2026 07 24 22 18 00 000 -4.1985397E+01 4.9381145E+01 -8.6101656E+00
2026 07 24 22 19 00 000 -4.1990025E+01 4.9379063E+01 -8.6055956E+00
2026 07 24 22 20 00 000 -4.1994648E+01 4.9376934E+01 -8.6011868E+00
2026 07 24 22 21 00 000 -4.1999260E+01 4.9374783E+01 -8.5969315E+00
2026 07 24 22 22 00 000 -4.2003860E+01 4.9372593E+01 -8.5928364E+00
2026 07 24 22 23 00 000 -4.2008446E+01 4.9370373E+01 -8.5889015E+00
2026 07 24 22 24 00 000 -4.2013020E+01 4.9368141E+01 -8.5851259E+00
2026 07 24 22 25 00 000 -4.2017586E+01 4.9365864E+01 -8.5815086E+00
2026 07 24 22 26 00 000 -4.2022141E+01 4.9363560E+01 -8.5780449E+00
2026 07 24 22 27 00 000 -4.2026684E+01 4.9361221E+01 -8.5747452E+00
2026 07 24 22 28 00 000 -4.2031212E+01 4.9358875E+01 -8.5716047E+00
2026 07 24 22 29 00 000 -4.2035732E+01 4.9356480E+01 -8.5686207E+00
2026 07 24 22 30 00 000 -4.2040241E+01 4.9354069E+01 -8.5657997E+00
2026 07 24 22 31 00 000 -4.2044735E+01 4.9351612E+01 -8.5631304E+00
2026 07 24 22 32 00 000 -4.2049229E+01 4.9349125E+01 -8.5606165E+00
2026 07 24 22 33 00 000 -4.2053711E+01 4.9346619E+01 -8.5582657E+00
2026 07 24 22 34 00 000 -4.2058163E+01 4.9344093E+01 -8.5560722E+00
2026 07 24 22 35 00 000 -4.2062634E+01 4.9341518E+01 -8.5540314E+00
2026 07 24 22 36 00 000 -4.2067066E+01 4.9338928E+01 -8.5521564E+00
2026 07 24 22 37 00 000 -4.2071487E+01 4.9336308E+01 -8.5504370E+00
2026 07 24 22 38 00 000 -4.2075905E+01 4.9333649E+01 -8.5488710E+00
2026 07 24 22 39 00 000 -4.2080318E+01 4.9330971E+01 -8.5474596E+00
2026 07 24 22 40 00 000 -4.2084721E+01 4.9328255E+01 -8.5462132E+00
2026 07 24 22 41 00 000 -4.2089115E+01 4.9325504E+01 -8.5451145E+00
2026 07 24 22 42 00 000 -4.2093491E+01 4.9322727E+01 -8.5441771E+00
2026 07 24 22 43 00 000 -4.2097839E+01 4.9319946E+01 -8.5434027E+00
2026 07 24 22 44 00 000 -4.2102196E+01 4.9317104E+01 -8.5427752E+00
2026 07 24 22 45 00 000 -4.2106529E+01 4.9314262E+01 -8.5423136E+00
2026 07 24 22 46 00 000 -4.2110878E+01 4.9311363E+01 -8.5419941E+00
2026 07 24 22 47 00 000 -4.2115185E+01 4.9308449E+01 -8.5418415E+00
2026 07 24 22 48 00 000 -4.2119480E+01 4.9305504E+01 -8.5418453E+00
2026 07 24 22 49 00 000 -4.2123798E+01 4.9302517E+01 -8.5419931E+00
2026 07 24 22 50 00 000 -4.2128071E+01 4.9299530E+01 -8.5423117E+00
2026 07 24 22 51 00 000 -4.2132332E+01 4.9296505E+01 -8.5427780E+00
2026 07 24 22 52 00 000 -4.2136604E+01 4.9293430E+01 -8.5433989E+00
2026 07 24 22 53 00 000 -4.2140854E+01 4.9290344E+01 -8.5441799E+00
2026 07 24 22 54 00 000 -4.2145081E+01 4.9287224E+01 -8.5451117E+00
2026 07 24 22 55 00 000 -4.2149319E+01 4.9284077E+01 -8.5461941E+00
2026 07 24 22 56 00 000 -4.2153538E+01 4.9280895E+01 -8.5474348E+00
2026 07 24 22 57 00 000 -4.2157738E+01 4.9277683E+01 -8.5488319E+00
2026 07 24 22 58 00 000 -4.2161930E+01 4.9274452E+01 -8.5503836E+00
2026 07 24 22 59 00 000 -4.2166100E+01 4.9271198E+01 -8.5520916E+00
2026 07 24 23 00 00 000 -4.2170284E+01 4.9267887E+01 -8.5539408E+00
2026 07 24 23 01 00 000 -4.2174435E+01 4.9264584E+01 -8.5559578E+00
2026 07 24 23 02 00 000 -4.2178581E+01 4.9261211E+01 -8.5581226E+00
2026 07 24 23 03 00 000 -4.2182716E+01 4.9257843E+01 -8.5604362E+00
2026 07 24 23 04 00 000 -4.2186844E+01 4.9254429E+01 -8.5629072E+00
2026 07 24 23 05 00 000 -4.2190945E+01 4.9250999E+01 -8.5655384E+00
2026 07 24 23 06 00 000 -4.2195057E+01 4.9247513E+01 -8.5683088E+00
2026 07 24 23 07 00 000 -4.2199139E+01 4.9244026E+01 -8.5712385E+00
2026 07 24 23 08 00 000 -4.2203205E+01 4.9240505E+01 -8.5743275E+00
2026 07 24 23 09 00 000 -4.2207283E+01 4.9236942E+01 -8.5775566E+00
2026 07 24 23 10 00 000 -4.2211323E+01 4.9233360E+01 -8.5809422E+00
2026 07 24 23 11 00 000 -4.2215359E+01 4.9229755E+01 -8.5844841E+00
2026 07 24 23 12 00 000 -4.2219398E+01 4.9226101E+01 -8.5881681E+00
2026 07 24 23 13 00 000 -4.2223419E+01 4.9222427E+01 -8.5920029E+00
2026 07 24 23 14 00 000 -4.2227417E+01 4.9218735E+01 -8.5960016E+00
2026 07 24 23 15 00 000 -4.2231400E+01 4.9215008E+01 -8.6001472E+00
2026 07 24 23 16 00 000 -4.2235382E+01 4.9211250E+01 -8.6044378E+00
2026 07 24 23 17 00 000 -4.2239349E+01 4.9207458E+01 -8.6088800E+00
2026 07 24 23 18 00 000 -4.2243313E+01 4.9203636E+01 -8.6134720E+00
2026 07 24 23 19 00 000 -4.2247253E+01 4.9199802E+01 -8.6182165E+00
2026 07 24 23 20 00 000 -4.2251205E+01 4.9195911E+01 -8.6231022E+00
2026 07 24 23 21 00 000 -4.2255116E+01 4.9192013E+01 -8.6281500E+00
2026 07 24 23 22 00 000 -4.2259014E+01 4.9188084E+01 -8.6333389E+00
2026 07 24 23 23 00 000 -4.2262920E+01 4.9184120E+01 -8.6386805E+00
2026 07 24 23 24 00 000 -4.2266815E+01 4.9180115E+01 -8.6441650E+00
2026 07 24 23 25 00 000 -4.2270679E+01 4.9176102E+01 -8.6498060E+00
2026 07 24 23 26 00 000 -4.2274551E+01 4.9172035E+01 -8.6555901E+00
2026 07 24 23 27 00 000 -4.2278400E+01 4.9167965E+01 -8.6615257E+00
2026 07 24 23 28 00 000 -4.2282230E+01 4.9163853E+01 -8.6676073E+00
2026 07 24 23 29 00 000 -4.2286049E+01 4.9159721E+01 -8.6738405E+00
2026 07 24 23 30 00 000 -4.2289860E+01 4.9155540E+01 -8.6802120E+00
2026 07 24 23 31 00 000 -4.2293671E+01 4.9151340E+01 -8.6867332E+00
2026 07 24 23 32 00 000 -4.2297451E+01 4.9147118E+01 -8.6934023E+00
2026 07 24 23 33 00 000 -4.2301228E+01 4.9142849E+01 -8.7002192E+00
2026 07 24 23 34 00 000 -4.2304996E+01 4.9138569E+01 -8.7071800E+00
2026 07 24 23 35 00 000 -4.2308754E+01 4.9134239E+01 -8.7142897E+00
2026 07 24 23 36 00 000 -4.2312489E+01 4.9129879E+01 -8.7215443E+00
2026 07 24 23 37 00 000 -4.2316223E+01 4.9125515E+01 -8.7289391E+00
2026 07 24 23 38 00 000 -4.2319931E+01 4.9121101E+01 -8.7364864E+00
2026 07 24 23 39 00 000 -4.2323631E+01 4.9116676E+01 -8.7441788E+00
2026 07 24 23 40 00 000 -4.2327316E+01 4.9112209E+01 -8.7520123E+00
2026 07 24 23 41 00 000 -4.2330994E+01 4.9107700E+01 -8.7599888E+00
2026 07 24 23 42 00 000 -4.2334667E+01 4.9103168E+01 -8.7681122E+00
2026 07 24 23 43 00 000 -4.2338322E+01 4.9098606E+01 -8.7763758E+00
2026 07 24 23 44 00 000 -4.2341965E+01 4.9094021E+01 -8.7847853E+00
2026 07 24 23 45 00 000 -4.2345585E+01 4.9089405E+01 -8.7933416E+00
2026 07 24 23 46 00 000 -4.2349190E+01 4.9084755E+01 -8.8020372E+00
2026 07 24 23 47 00 000 -4.2352806E+01 4.9080070E+01 -8.8108730E+00
2026 07 24 23 48 00 000 -4.2356400E+01 4.9075356E+01 -8.8198519E+00
2026 07 24 23 49 00 000 -4.2359955E+01 4.9070629E+01 -8.8289814E+00
2026 07 24 23 50 00 000 -4.2363537E+01 4.9065845E+01 -8.8382425E+00
2026 07 24 23 51 00 000 -4.2367077E+01 4.9061047E+01 -8.8476496E+00
2026 07 24 23 52 00 000 -4.2370625E+01 4.9056221E+01 -8.8571920E+00
2026 07 24 23 53 00 000 -4.2374157E+01 4.9051357E+01 -8.8668785E+00
2026 07 24 23 54 00 000 -4.2377674E+01 4.9046467E+01 -8.8767118E+00
2026 07 24 23 55 00 000 -4.2381165E+01 4.9041546E+01 -8.8866796E+00
2026 07 24 23 56 00 000 -4.2384655E+01 4.9036587E+01 -8.8967857E+00
2026 07 24 23 57 00 000 -4.2388130E+01 4.9031590E+01 -8.9070320E+00
2026 07 24 23 58 00 000 -4.2391598E+01 4.9026569E+01 -8.9174194E+00
2026 07 24 23 59 00 000 -4.2395050E+01 4.9021534E+01 -8.9279451E+00
2026 07 25 00 00 00 000 -4.2398491E+01 4.9016438E+01 -8.9387007E+00
2026 07 25 00 01 00 000 -4.2401909E+01 4.9011326E+01 -8.9495039E+00
2026 07 25 00 02 00 000 -4.2405327E+01 4.9006184E+01 -8.9604435E+00
2026 07 25 00 03 00 000 -4.2408718E+01 4.9001019E+01 -8.9715242E+00
2026 07 25 00 04 00 000 -4.2412102E+01 4.8995819E+01 -8.9827404E+00
2026 07 25 00 05 00 000 -4.2415485E+01 4.8990578E+01 -8.9940920E+00
2026 07 25 00 06 00 000 -4.2418846E+01 4.8985310E+01 -9.0055790E+00
2026 07 25 00 07 00 000 -4.2422192E+01 4.8980011E+01 -9.0172043E+00
2026 07 25 00 08 00 000 -4.2425518E+01 4.8974686E+01 -9.0289707E+00
2026 07 25 00 09 00 000 -4.2428829E+01 4.8969334E+01 -9.0408697E+00
2026 07 25 00 10 00 000 -4.2432140E+01 4.8963940E+01 -9.0528975E+00
2026 07 25 00 11 00 000 -4.2435436E+01 4.8958519E+01 -9.0650654E+00
2026 07 25 00 12 00 000 -4.2438705E+01 4.8953060E+01 -9.0773687E+00
2026 07 25 00 13 00 000 -4.2441994E+01 4.8947571E+01 -9.0898037E+00
2026 07 25 00 14 00 000 -4.2445240E+01 4.8942059E+01 -9.1023741E+00
2026 07 25 00 15 00 000 -4.2448486E+01 4.8936493E+01 -9.1150761E+00
2026 07 25 00 16 00 000 -4.2451729E+01 4.8930897E+01 -9.1279116E+00
2026 07 25 00 17 00 000 -4.2454933E+01 4.8925297E+01 -9.1408834E+00
2026 07 25 00 18 00 000 -4.2458130E+01 4.8919651E+01 -9.1539917E+00
2026 07 25 00 19 00 000 -4.2461323E+01 4.8913967E+01 -9.1672201E+00
2026 07 25 00 20 00 000 -4.2464500E+01 4.8908245E+01 -9.1805878E+00
2026 07 25 00 21 00 000 -4.2467663E+01 4.8902504E+01 -9.1940804E+00
2026 07 25 00 22 00 000 -4.2470821E+01 4.8896729E+01 -9.2077141E+00
2026 07 25 00 23 00 000 -4.2473953E+01 4.8890919E+01 -9.2214727E+00
2026 07 25 00 24 00 000 -4.2477062E+01 4.8885090E+01 -9.2353659E+00
2026 07 25 00 25 00 000 -4.2480190E+01 4.8879192E+01 -9.2493801E+00
2026 07 25 00 26 00 000 -4.2483265E+01 4.8873299E+01 -9.2635393E+00
2026 07 25 00 27 00 000 -4.2486355E+01 4.8867348E+01 -9.2778120E+00
2026 07 25 00 28 00 000 -4.2489414E+01 4.8861378E+01 -9.2922230E+00
2026 07 25 00 29 00 000 -4.2492470E+01 4.8855370E+01 -9.3067608E+00
2026 07 25 00 30 00 000 -4.2495510E+01 4.8849323E+01 -9.3214207E+00
2026 07 25 00 31 00 000 -4.2498528E+01 4.8843266E+01 -9.3362179E+00
2026 07 25 00 32 00 000 -4.2501541E+01 4.8837154E+01 -9.3511372E+00
2026 07 25 00 33 00 000 -4.2504543E+01 4.8831020E+01 -9.3661833E+00
2026 07 25 00 34 00 000 -4.2507538E+01 4.8824833E+01 -9.3813562E+00
2026 07 25 00 35 00 000 -4.2510502E+01 4.8818638E+01 -9.3966589E+00
2026 07 25 00 36 00 000 -4.2513458E+01 4.8812386E+01 -9.4120817E+00
2026 07 25 00 37 00 000 -4.2516407E+01 4.8806110E+01 -9.4276333E+00
2026 07 25 00 38 00 000 -4.2519337E+01 4.8799797E+01 -9.4433060E+00
2026 07 25 00 39 00 000 -4.2522259E+01 4.8793453E+01 -9.4591084E+00
2026 07 25 00 40 00 000 -4.2525139E+01 4.8787102E+01 -9.4750404E+00
2026 07 25 00 41 00 000 -4.2528042E+01 4.8780678E+01 -9.4910841E+00
2026 07 25 00 42 00 000 -4.2530907E+01 4.8774242E+01 -9.5072622E+00
2026 07 25 00 43 00 000 -4.2533760E+01 4.8767761E+01 -9.5235548E+00
2026 07 25 00 44 00 000 -4.2536617E+01 4.8761242E+01 -9.5399685E+00
2026 07 25 00 45 00 000 -4.2539448E+01 4.8754696E+01 -9.5565119E+00
2026 07 25 00 46 00 000 -4.2542271E+01 4.8748116E+01 -9.5731764E+00
2026 07 25 00 47 00 000 -4.2545059E+01 4.8741508E+01 -9.5899620E+00
2026 07 25 00 48 00 000 -4.2547874E+01 4.8734848E+01 -9.6068583E+00
2026 07 25 00 49 00 000 -4.2550629E+01 4.8728172E+01 -9.6238918E+00
2026 07 25 00 50 00 000 -4.2553387E+01 4.8721447E+01 -9.6410408E+00
2026 07 25 00 51 00 000 -4.2556137E+01 4.8714695E+01 -9.6583042E+00
2026 07 25 00 52 00 000 -4.2558865E+01 4.8707905E+01 -9.6756887E+00
2026 07 25 00 53 00 000 -4.2561592E+01 4.8701073E+01 -9.6931915E+00
2026 07 25 00 54 00 000 -4.2564281E+01 4.8694221E+01 -9.7108183E+00
2026 07 25 00 55 00 000 -4.2566982E+01 4.8687317E+01 -9.7285519E+00
2026 07 25 00 56 00 000 -4.2569637E+01 4.8680408E+01 -9.7464190E+00
2026 07 25 00 57 00 000 -4.2572311E+01 4.8673428E+01 -9.7643919E+00
2026 07 25 00 58 00 000 -4.2574944E+01 4.8666431E+01 -9.7824850E+00
2026 07 25 00 59 00 000 -4.2577579E+01 4.8659393E+01 -9.8006907E+00
2026 07 25 01 00 00 000 -4.2580196E+01 4.8652317E+01 -9.8190174E+00
2026 07 25 01 01 00 000 -4.2582787E+01 4.8645229E+01 -9.8374605E+00
2026 07 25 01 02 00 000 -4.2585377E+01 4.8638073E+01 -9.8560190E+00
2026 07 25 01 03 00 000 -4.2587955E+01 4.8630875E+01 -9.8746853E+00
2026 07 25 01 04 00 000 -4.2590511E+01 4.8623676E+01 -9.8934736E+00
2026 07 25 01 05 00 000 -4.2593060E+01 4.8616421E+01 -9.9123650E+00
2026 07 25 01 06 00 000 -4.2595573E+01 4.8609142E+01 -9.9313831E+00
2026 07 25 01 07 00 000 -4.2598087E+01 4.8601818E+01 -9.9505129E+00
2026 07 25 01 08 00 000 -4.2600582E+01 4.8594452E+01 -9.9697495E+00
2026 07 25 01 09 00 000 -4.2603081E+01 4.8587040E+01 -9.9890928E+00
2026 07 25 01 10 00 000 -4.2605537E+01 4.8579620E+01 -1.0008558E+01
2026 07 25 01 11 00 000 -4.2607979E+01 4.8572155E+01 -1.0028133E+01
2026 07 25 01 12 00 000 -4.2610409E+01 4.8564651E+01 -1.0047819E+01
2026 07 25 01 13 00 000 -4.2612839E+01 4.8557106E+01 -1.0067611E+01
2026 07 25 01 14 00 000 -4.2615238E+01 4.8549526E+01 -1.0087516E+01
2026 07 25 01 15 00 000 -4.2617634E+01 4.8541908E+01 -1.0107527E+01
2026 07 25 01 16 00 000 -4.2620007E+01 4.8534252E+01 -1.0127647E+01
2026 07 25 01 17 00 000 -4.2622375E+01 4.8526550E+01 -1.0147878E+01
2026 07 25 01 18 00 000 -4.2624725E+01 4.8518829E+01 -1.0168216E+01
2026 07 25 01 19 00 000 -4.2627048E+01 4.8511066E+01 -1.0188662E+01
2026 07 25 01 20 00 000 -4.2629356E+01 4.8503254E+01 -1.0209216E+01
2026 07 25 01 21 00 000 -4.2631660E+01 4.8495415E+01 -1.0229875E+01
2026 07 25 01 22 00 000 -4.2633945E+01 4.8487537E+01 -1.0250643E+01
2026 07 25 01 23 00 000 -4.2636211E+01 4.8479610E+01 -1.0271511E+01
2026 07 25 01 24 00 000 -4.2638454E+01 4.8471668E+01 -1.0292490E+01
2026 07 25 01 25 00 000 -4.2640686E+01 4.8463684E+01 -1.0313580E+01
2026 07 25 01 26 00 000 -4.2642918E+01 4.8455643E+01 -1.0334757E+01
2026 07 25 01 27 00 000 -4.2645111E+01 4.8447590E+01 -1.0356047E+01
2026 07 25 01 28 00 000 -4.2647305E+01 4.8439472E+01 -1.0377441E+01
2026 07 25 01 29 00 000 -4.2649487E+01 4.8431324E+01 -1.0398934E+01
2026 07 25 01 30 00 000 -4.2651646E+01 4.8423149E+01 -1.0420533E+01
2026 07 25 01 31 00 000 -4.2653774E+01 4.8414928E+01 -1.0442236E+01
2026 07 25 01 32 00 000 -4.2655895E+01 4.8406666E+01 -1.0464039E+01
2026 07 25 01 33 00 000 -4.2658005E+01 4.8398369E+01 -1.0485938E+01
2026 07 25 01 34 00 000 -4.2660091E+01 4.8390030E+01 -1.0507945E+01
2026 07 25 01 35 00 000 -4.2662167E+01 4.8381664E+01 -1.0530050E+01
2026 07 25 01 36 00 000 -4.2664242E+01 4.8373238E+01 -1.0552246E+01
2026 07 25 01 37 00 000 -4.2666290E+01 4.8364788E+01 -1.0574551E+01
2026 07 25 01 38 00 000 -4.2668301E+01 4.8356300E+01 -1.0596950E+01
2026 07 25 01 39 00 000 -4.2670322E+01 4.8347763E+01 -1.0619448E+01
2026 07 25 01 40 00 000 -4.2672318E+01 4.8339191E+01 -1.0642040E+01
2026 07 25 01 41 00 000 -4.2674301E+01 4.8330582E+01 -1.0664731E+01
2026 07 25 01 42 00 000 -4.2676266E+01 4.8321926E+01 -1.0687523E+01
2026 07 25 01 43 00 000 -4.2678200E+01 4.8313244E+01 -1.0710406E+01
2026 07 25 01 44 00 000 -4.2680153E+01 4.8304501E+01 -1.0733385E+01
2026 07 25 01 45 00 000 -4.2682041E+01 4.8295753E+01 -1.0756465E+01
2026 07 25 01 46 00 000 -4.2683949E+01 4.8286934E+01 -1.0779634E+01
2026 07 25 01 47 00 000 -4.2685818E+01 4.8278091E+01 -1.0802901E+01
2026 07 25 01 48 00 000 -4.2687687E+01 4.8269192E+01 -1.0826251E+01
2026 07 25 01 49 00 000 -4.2689529E+01 4.8260277E+01 -1.0849702E+01
2026 07 25 01 50 00 000 -4.2691357E+01 4.8251305E+01 -1.0873251E+01
2026 07 25 01 51 00 000 -4.2693180E+01 4.8242283E+01 -1.0896880E+01
2026 07 25 01 52 00 000 -4.2694965E+01 4.8233234E+01 -1.0920605E+01
2026 07 25 01 53 00 000 -4.2696735E+01 4.8224167E+01 -1.0944430E+01
2026 07 25 01 54 00 000 -4.2698502E+01 4.8215023E+01 -1.0968332E+01
2026 07 25 01 55 00 000 -4.2700253E+01 4.8205856E+01 -1.0992329E+01
2026 07 25 01 56 00 000 -4.2701973E+01 4.8196644E+01 -1.1016419E+01
2026 07 25 01 57 00 000 -4.2703686E+01 4.8187386E+01 -1.1040588E+01
2026 07 25 01 58 00 000 -4.2705379E+01 4.8178093E+01 -1.1064855E+01
2026 07 25 01 59 00 000 -4.2707047E+01 4.8168762E+01 -1.1089211E+01
2026 07 25 02 00 00 000 -4.2708706E+01 4.8159393E+01 -1.1113649E+01
2026 07 25 02 01 00 000 -4.2710339E+01 4.8149986E+01 -1.1138177E+01
2026 07 25 02 02 00 000 -4.2711971E+01 4.8140511E+01 -1.1162781E+01
2026 07 25 02 03 00 000 -4.2713570E+01 4.8131020E+01 -1.1187483E+01
2026 07 25 02 04 00 000 -4.2715160E+01 4.8121479E+01 -1.1212268E+01
2026 07 25 02 05 00 000 -4.2716736E+01 4.8111900E+01 -1.1237137E+01
2026 07 25 02 06 00 000 -4.2718285E+01 4.8102276E+01 -1.1262089E+01
2026 07 25 02 07 00 000 -4.2719826E+01 4.8092606E+01 -1.1287124E+01
2026 07 25 02 08 00 000 -4.2721329E+01 4.8082901E+01 -1.1312242E+01
2026 07 25 02 09 00 000 -4.2722836E+01 4.8073151E+01 -1.1337440E+01
2026 07 25 02 10 00 000 -4.2724323E+01 4.8063358E+01 -1.1362727E+01
2026 07 25 02 11 00 000 -4.2725769E+01 4.8053539E+01 -1.1388097E+01
2026 07 25 02 12 00 000 -4.2727211E+01 4.8043659E+01 -1.1413542E+01
2026 07 25 02 13 00 000 -4.2728638E+01 4.8033745E+01 -1.1439063E+01
2026 07 25 02 14 00 000 -4.2730057E+01 4.8023785E+01 -1.1464669E+01
2026 07 25 02 15 00 000 -4.2731434E+01 4.8013798E+01 -1.1490356E+01
2026 07 25 02 16 00 000 -4.2732819E+01 4.8003738E+01 -1.1516118E+01
2026 07 25 02 17 00 000 -4.2734158E+01 4.7993652E+01 -1.1541965E+01
2026 07 25 02 18 00 000 -4.2735497E+01 4.7983528E+01 -1.1567881E+01
2026 07 25 02 19 00 000 -4.2736805E+01 4.7973370E+01 -1.1593880E+01
2026 07 25 02 20 00 000 -4.2738106E+01 4.7963154E+01 -1.1619953E+01
2026 07 25 02 21 00 000 -4.2739380E+01 4.7952896E+01 -1.1646109E+01
2026 07 25 02 22 00 000 -4.2740631E+01 4.7942600E+01 -1.1672331E+01
2026 07 25 02 23 00 000 -4.2741886E+01 4.7932251E+01 -1.1698627E+01
2026 07 25 02 24 00 000 -4.2743107E+01 4.7921864E+01 -1.1725006E+01
2026 07 25 02 25 00 000 -4.2744305E+01 4.7911446E+01 -1.1751454E+01
2026 07 25 02 26 00 000 -4.2745499E+01 4.7900959E+01 -1.1777973E+01
2026 07 25 02 27 00 000 -4.2746655E+01 4.7890457E+01 -1.1804571E+01
2026 07 25 02 28 00 000 -4.2747791E+01 4.7879902E+01 -1.1831240E+01
2026 07 25 02 29 00 000 -4.2748920E+01 4.7869301E+01 -1.1857975E+01
2026 07 25 02 30 00 000 -4.2750023E+01 4.7858658E+01 -1.1884782E+01
2026 07 25 02 31 00 000 -4.2751118E+01 4.7847958E+01 -1.1911663E+01
2026 07 25 02 32 00 000 -4.2752182E+01 4.7837242E+01 -1.1938614E+01
2026 07 25 02 33 00 000 -4.2753227E+01 4.7826466E+01 -1.1965632E+01
2026 07 25 02 34 00 000 -4.2754257E+01 4.7815639E+01 -1.1992720E+01
2026 07 25 02 35 00 000 -4.2755253E+01 4.7804790E+01 -1.2019879E+01
2026 07 25 02 36 00 000 -4.2756248E+01 4.7793877E+01 -1.2047101E+01
2026 07 25 02 37 00 000 -4.2757221E+01 4.7782928E+01 -1.2074388E+01
2026 07 25 02 38 00 000 -4.2758171E+01 4.7771919E+01 -1.2101748E+01
2026 07 25 02 39 00 000 -4.2759098E+01 4.7760880E+01 -1.2129169E+01
2026 07 25 02 40 00 000 -4.2760010E+01 4.7749798E+01 -1.2156661E+01
2026 07 25 02 41 00 000 -4.2760895E+01 4.7738686E+01 -1.2184214E+01
2026 07 25 02 42 00 000 -4.2761761E+01 4.7727501E+01 -1.2211831E+01
2026 07 25 02 43 00 000 -4.2762615E+01 4.7716290E+01 -1.2239508E+01
2026 07 25 02 44 00 000 -4.2763443E+01 4.7705017E+01 -1.2267254E+01
2026 07 25 02 45 00 000 -4.2764248E+01 4.7693710E+01 -1.2295060E+01
2026 07 25 02 46 00 000 -4.2765038E+01 4.7682365E+01 -1.2322927E+01
2026 07 25 02 47 00 000 -4.2765800E+01 4.7670963E+01 -1.2350856E+01
2026 07 25 02 48 00 000 -4.2766541E+01 4.7659523E+01 -1.2378848E+01
2026 07 25 02 49 00 000 -4.2767277E+01 4.7648041E+01 -1.2406899E+01
2026 07 25 02 50 00 000 -4.2767971E+01 4.7636517E+01 -1.2435011E+01
2026 07 25 02 51 00 000 -4.2768665E+01 4.7624920E+01 -1.2463173E+01
2026 07 25 02 52 00 000 -4.2769302E+01 4.7613316E+01 -1.2491409E+01
2026 07 25 02 53 00 000 -4.2769947E+01 4.7601646E+01 -1.2519691E+01
2026 07 25 02 54 00 000 -4.2770573E+01 4.7589939E+01 -1.2548035E+01
2026 07 25 02 55 00 000 -4.2771164E+01 4.7578171E+01 -1.2576433E+01
2026 07 25 02 56 00 000 -4.2771732E+01 4.7566383E+01 -1.2604892E+01
2026 07 25 02 57 00 000 -4.2772305E+01 4.7554520E+01 -1.2633392E+01
2026 07 25 02 58 00 000 -4.2772839E+01 4.7542629E+01 -1.2661957E+01
2026 07 25 02 59 00 000 -4.2773338E+01 4.7530697E+01 -1.2690580E+01
2026 07 25 03 00 00 000 -4.2773819E+01 4.7518711E+01 -1.2719255E+01
2026 07 25 03 01 00 000 -4.2774284E+01 4.7506680E+01 -1.2747984E+01
2026 07 25 03 02 00 000 -4.2774750E+01 4.7494583E+01 -1.2776753E+01
2026 07 25 03 03 00 000 -4.2775162E+01 4.7482479E+01 -1.2805590E+01
2026 07 25 03 04 00 000 -4.2775570E+01 4.7470306E+01 -1.2834471E+01
2026 07 25 03 05 00 000 -4.2775944E+01 4.7458092E+01 -1.2863400E+01
2026 07 25 03 06 00 000 -4.2776295E+01 4.7445827E+01 -1.2892385E+01
2026 07 25 03 07 00 000 -4.2776646E+01 4.7433514E+01 -1.2921414E+01
2026 07 25 03 08 00 000 -4.2776955E+01 4.7421158E+01 -1.2950496E+01
2026 07 25 03 09 00 000 -4.2777233E+01 4.7408760E+01 -1.2979622E+01
2026 07 25 03 10 00 000 -4.2777493E+01 4.7396320E+01 -1.3008803E+01
2026 07 25 03 11 00 000 -4.2777737E+01 4.7383823E+01 -1.3038024E+01
2026 07 25 03 12 00 000 -4.2777954E+01 4.7371277E+01 -1.3067291E+01
2026 07 25 03 13 00 000 -4.2778145E+01 4.7358692E+01 -1.3096615E+01
2026 07 25 03 14 00 000 -4.2778316E+01 4.7346062E+01 -1.3125974E+01
2026 07 25 03 15 00 000 -4.2778469E+01 4.7333370E+01 -1.3155376E+01
2026 07 25 03 16 00 000 -4.2778587E+01 4.7320656E+01 -1.3184829E+01
2026 07 25 03 17 00 000 -4.2778694E+01 4.7307873E+01 -1.3214323E+01
2026 07 25 03 18 00 000 -4.2778774E+01 4.7295059E+01 -1.3243859E+01
2026 07 25 03 19 00 000 -4.2778831E+01 4.7282177E+01 -1.3273432E+01
2026 07 25 03 20 00 000 -4.2778866E+01 4.7269253E+01 -1.3303049E+01
2026 07 25 03 21 00 000 -4.2778870E+01 4.7256294E+01 -1.3332706E+01
2026 07 25 03 22 00 000 -4.2778858E+01 4.7243279E+01 -1.3362409E+01
2026 07 25 03 23 00 000 -4.2778824E+01 4.7230213E+01 -1.3392147E+01
2026 07 25 03 24 00 000 -4.2778744E+01 4.7217106E+01 -1.3421934E+01
2026 07 25 03 25 00 000 -4.2778645E+01 4.7203972E+01 -1.3451749E+01
2026 07 25 03 26 00 000 -4.2778538E+01 4.7190762E+01 -1.3481604E+01
2026 07 25 03 27 00 000 -4.2778400E+01 4.7177513E+01 -1.3511493E+01
2026 07 25 03 28 00 000 -4.2778233E+01 4.7164200E+01 -1.3541422E+01
2026 07 25 03 29 00 000 -4.2778038E+01 4.7150864E+01 -1.3571390E+01
2026 07 25 03 30 00 000 -4.2777836E+01 4.7137459E+01 -1.3601387E+01
2026 07 25 03 31 00 000 -4.2777599E+01 4.7124008E+01 -1.3631421E+01
2026 07 25 03 32 00 000 -4.2777336E+01 4.7110516E+01 -1.3661486E+01
2026 07 25 03 33 00 000 -4.2777035E+01 4.7096977E+01 -1.3691588E+01
2026 07 25 03 34 00 000 -4.2776714E+01 4.7083389E+01 -1.3721725E+01
2026 07 25 03 35 00 000 -4.2776371E+01 4.7069756E+01 -1.3751891E+01
2026 07 25 03 36 00 000 -4.2776012E+01 4.7056065E+01 -1.3782091E+01
2026 07 25 03 37 00 000 -4.2775620E+01 4.7042332E+01 -1.3812320E+01
2026 07 25 03 38 00 000 -4.2775192E+01 4.7028542E+01 -1.3842578E+01
2026 07 25 03 39 00 000 -4.2774731E+01 4.7014713E+01 -1.3872871E+01
2026 07 25 03 40 00 000 -4.2774269E+01 4.7000824E+01 -1.3903182E+01
2026 07 25 03 41 00 000 -4.2773769E+01 4.6986889E+01 -1.3933535E+01
2026 07 25 03 42 00 000 -4.2773235E+01 4.6972919E+01 -1.3963909E+01
2026 07 25 03 43 00 000 -4.2772686E+01 4.6958881E+01 -1.3994312E+01
2026 07 25 03 44 00 000 -4.2772114E+01 4.6944798E+01 -1.4024734E+01
2026 07 25 03 45 00 000 -4.2771503E+01 4.6930664E+01 -1.4055188E+01
2026 07 25 03 46 00 000 -4.2770870E+01 4.6916489E+01 -1.4085669E+01
2026 07 25 03 47 00 000 -4.2770214E+01 4.6902256E+01 -1.4116166E+01
2026 07 25 03 48 00 000 -4.2769524E+01 4.6887970E+01 -1.4146697E+01
2026 07 25 03 49 00 000 -4.2768795E+01 4.6873657E+01 -1.4177248E+01
2026 07 25 03 50 00 000 -4.2768040E+01 4.6859280E+01 -1.4207824E+01
2026 07 25 03 51 00 000 -4.2767277E+01 4.6844845E+01 -1.4238420E+01
2026 07 25 03 52 00 000 -4.2766479E+01 4.6830353E+01 -1.4269027E+01
2026 07 25 03 53 00 000 -4.2765652E+01 4.6815826E+01 -1.4299666E+01
2026 07 25 03 54 00 000 -4.2764782E+01 4.6801243E+01 -1.4330322E+01
2026 07 25 03 55 00 000 -4.2763901E+01 4.6786606E+01 -1.4360995E+01
2026 07 25 03 56 00 000 -4.2762978E+01 4.6771931E+01 -1.4391694E+01
2026 07 25 03 57 00 000 -4.2762035E+01 4.6757191E+01 -1.4422407E+01
2026 07 25 03 58 00 000 -4.2761066E+01 4.6742401E+01 -1.4453135E+01
2026 07 25 03 59 00 000 -4.2760059E+01 4.6727566E+01 -1.4483878E+01
2026 07 25 04 00 00 000 -4.2759022E+01 4.6712688E+01 -1.4514646E+01
2026 07 25 04 01 00 000 -4.2757969E+01 4.6697731E+01 -1.4545417E+01
2026 07 25 04 02 00 000 -4.2756866E+01 4.6682743E+01 -1.4576212E+01
2026 07 25 04 03 00 000 -4.2755745E+01 4.6667702E+01 -1.4607018E+01
2026 07 25 04 04 00 000 -4.2754597E+01 4.6652599E+01 -1.4637839E+01
2026 07 25 04 05 00 000 -4.2753414E+01 4.6637447E+01 -1.4668666E+01
2026 07 25 04 06 00 000 -4.2752201E+01 4.6622250E+01 -1.4699515E+01
2026 07 25 04 07 00 000 -4.2750942E+01 4.6606998E+01 -1.4730373E+01
2026 07 25 04 08 00 000 -4.2749672E+01 4.6591690E+01 -1.4761237E+01
2026 07 25 04 09 00 000 -4.2748352E+01 4.6576347E+01 -1.4792117E+01
2026 07 25 04 10 00 000 -4.2747028E+01 4.6560917E+01 -1.4823002E+01
2026 07 25 04 11 00 000 -4.2745647E+01 4.6545460E+01 -1.4853898E+01
2026 07 25 04 12 00 000 -4.2744247E+01 4.6529945E+01 -1.4884803E+01
2026 07 25 04 13 00 000 -4.2742813E+01 4.6514359E+01 -1.4915711E+01
2026 07 25 04 14 00 000 -4.2741337E+01 4.6498741E+01 -1.4946630E+01
2026 07 25 04 15 00 000 -4.2739841E+01 4.6483063E+01 -1.4977552E+01
2026 07 25 04 16 00 000 -4.2738308E+01 4.6467331E+01 -1.5008483E+01
2026 07 25 04 17 00 000 -4.2736736E+01 4.6451534E+01 -1.5039419E+01
2026 07 25 04 18 00 000 -4.2735149E+01 4.6435692E+01 -1.5070353E+01
2026 07 25 04 19 00 000 -4.2733513E+01 4.6419792E+01 -1.5101293E+01
2026 07 25 04 20 00 000 -4.2731850E+01 4.6403831E+01 -1.5132238E+01
2026 07 25 04 21 00 000 -4.2730148E+01 4.6387833E+01 -1.5163186E+01
2026 07 25 04 22 00 000 -4.2728432E+01 4.6371742E+01 -1.5194127E+01
2026 07 25 04 23 00 000 -4.2726662E+01 4.6355625E+01 -1.5225074E+01
2026 07 25 04 24 00 000 -4.2724846E+01 4.6339462E+01 -1.5256028E+01
2026 07 25 04 25 00 000 -4.2723019E+01 4.6323227E+01 -1.5286972E+01
2026 07 25 04 26 00 000 -4.2721157E+01 4.6306923E+01 -1.5317915E+01
2026 07 25 04 27 00 000 -4.2719246E+01 4.6290588E+01 -1.5348857E+01
2026 07 25 04 28 00 000 -4.2717308E+01 4.6274178E+01 -1.5379797E+01
2026 07 25 04 29 00 000 -4.2715351E+01 4.6257710E+01 -1.5410728E+01
2026 07 25 04 30 00 000 -4.2713314E+01 4.6241207E+01 -1.5441667E+01
2026 07 25 04 31 00 000 -4.2711269E+01 4.6224617E+01 -1.5472593E+01
2026 07 25 04 32 00 000 -4.2709190E+01 4.6207973E+01 -1.5503514E+01
2026 07 25 04 33 00 000 -4.2707069E+01 4.6191288E+01 -1.5534429E+01
2026 07 25 04 34 00 000 -4.2704933E+01 4.6174522E+01 -1.5565331E+01
2026 07 25 04 35 00 000 -4.2702721E+01 4.6157707E+01 -1.5596237E+01
2026 07 25 04 36 00 000 -4.2700489E+01 4.6140842E+01 -1.5627129E+01
2026 07 25 04 37 00 000 -4.2698223E+01 4.6123905E+01 -1.5658010E+01
2026 07 25 04 38 00 000 -4.2695923E+01 4.6106899E+01 -1.5688881E+01
2026 07 25 04 39 00 000 -4.2693573E+01 4.6089855E+01 -1.5719746E+01
2026 07 25 04 40 00 000 -4.2691204E+01 4.6072727E+01 -1.5750591E+01
2026 07 25 04 41 00 000 -4.2688774E+01 4.6055550E+01 -1.5781434E+01
2026 07 25 04 42 00 000 -4.2686310E+01 4.6038315E+01 -1.5812263E+01
2026 07 25 04 43 00 000 -4.2683815E+01 4.6021011E+01 -1.5843072E+01
2026 07 25 04 44 00 000 -4.2681282E+01 4.6003632E+01 -1.5873868E+01
2026 07 25 04 45 00 000 -4.2678715E+01 4.5986202E+01 -1.5904651E+01
2026 07 25 04 46 00 000 -4.2676090E+01 4.5968697E+01 -1.5935415E+01
2026 07 25 04 47 00 000 -4.2673447E+01 4.5951138E+01 -1.5966165E+01
2026 07 25 04 48 00 000 -4.2670738E+01 4.5933525E+01 -1.5996900E+01
2026 07 25 04 49 00 000 -4.2668003E+01 4.5915825E+01 -1.6027613E+01
2026 07 25 04 50 00 000 -4.2665230E+01 4.5898060E+01 -1.6058308E+01
2026 07 25 04 51 00 000 -4.2662426E+01 4.5880234E+01 -1.6088982E+01
2026 07 25 04 52 00 000 -4.2659561E+01 4.5862339E+01 -1.6119640E+01
2026 07 25 04 53 00 000 -4.2656651E+01 4.5844383E+01 -1.6150276E+01
2026 07 25 04 54 00 000 -4.2653706E+01 4.5826347E+01 -1.6180889E+01
2026 07 25 04 55 00 000 -4.2650711E+01 4.5808250E+01 -1.6211481E+01
2026 07 25 04 56 00 000 -4.2647701E+01 4.5790077E+01 -1.6242044E+01
2026 07 25 04 57 00 000 -4.2644619E+01 4.5771835E+01 -1.6272593E+01
2026 07 25 04 58 00 000 -4.2641506E+01 4.5753536E+01 -1.6303110E+01
2026 07 25 04 59 00 000 -4.2638351E+01 4.5735126E+01 -1.6333597E+01
2026 07 25 05 00 00 000 -4.2635147E+01 4.5716679E+01 -1.6364065E+01
2026 07 25 05 01 00 000 -4.2631905E+01 4.5698151E+01 -1.6394503E+01
2026 07 25 05 02 00 000 -4.2628632E+01 4.5679531E+01 -1.6424906E+01
2026 07 25 05 03 00 000 -4.2625290E+01 4.5660854E+01 -1.6455290E+01
2026 07 25 05 04 00 000 -4.2621899E+01 4.5642097E+01 -1.6485643E+01
2026 07 25 05 05 00 000 -4.2618492E+01 4.5623245E+01 -1.6515961E+01
2026 07 25 05 06 00 000 -4.2615017E+01 4.5604340E+01 -1.6546247E+01
2026 07 25 05 07 00 000 -4.2611511E+01 4.5585327E+01 -1.6576498E+01
2026 07 25 05 08 00 000 -4.2607960E+01 4.5566246E+01 -1.6606724E+01
2026 07 25 05 09 00 000 -4.2604343E+01 4.5547100E+01 -1.6636913E+01
2026 07 25 05 10 00 000 -4.2600681E+01 4.5527866E+01 -1.6667076E+01
2026 07 25 05 11 00 000 -4.2596981E+01 4.5508541E+01 -1.6697189E+01
2026 07 25 05 12 00 000 -4.2593246E+01 4.5489124E+01 -1.6727270E+01
2026 07 25 05 13 00 000 -4.2589455E+01 4.5469627E+01 -1.6757311E+01
2026 07 25 05 14 00 000 -4.2585617E+01 4.5450043E+01 -1.6787317E+01
2026 07 25 05 15 00 000 -4.2581726E+01 4.5430363E+01 -1.6817286E+01
2026 07 25 05 16 00 000 -4.2577774E+01 4.5410622E+01 -1.6847218E+01
2026 07 25 05 17 00 000 -4.2573792E+01 4.5390766E+01 -1.6877104E+01
2026 07 25 05 18 00 000 -4.2569763E+01 4.5370815E+01 -1.6906946E+01
2026 07 25 05 19 00 000 -4.2565685E+01 4.5350765E+01 -1.6936745E+01
2026 07 25 05 20 00 000 -4.2561562E+01 4.5330620E+01 -1.6966501E+01
2026 07 25 05 21 00 000 -4.2557369E+01 4.5310394E+01 -1.6996214E+01
2026 07 25 05 22 00 000 -4.2553150E+01 4.5290058E+01 -1.7025877E+01
2026 07 25 05 23 00 000 -4.2548885E+01 4.5269604E+01 -1.7055489E+01
2026 07 25 05 24 00 000 -4.2544556E+01 4.5249077E+01 -1.7085064E+01
2026 07 25 05 25 00 000 -4.2540192E+01 4.5228413E+01 -1.7114580E+01
2026 07 25 05 26 00 000 -4.2535778E+01 4.5207661E+01 -1.7144051E+01
2026 07 25 05 27 00 000 -4.2531284E+01 4.5186813E+01 -1.7173477E+01
2026 07 25 05 28 00 000 -4.2526760E+01 4.5165840E+01 -1.7202848E+01
2026 07 25 05 29 00 000 -4.2522202E+01 4.5144753E+01 -1.7232159E+01
2026 07 25 05 30 00 000 -4.2517578E+01 4.5123535E+01 -1.7261419E+01
2026 07 25 05 31 00 000 -4.2512917E+01 4.5102215E+01 -1.7290623E+01
2026 07 25 05 32 00 000 -4.2508175E+01 4.5080791E+01 -1.7319782E+01
2026 07 25 05 33 00 000 -4.2503426E+01 4.5059208E+01 -1.7348867E+01
2026 07 25 05 34 00 000 -4.2498615E+01 4.5037518E+01 -1.7377899E+01
2026 07 25 05 35 00 000 -4.2493752E+01 4.5015686E+01 -1.7406868E+01
2026 07 25 05 36 00 000 -4.2488850E+01 4.4993725E+01 -1.7435776E+01
2026 07 25 05 37 00 000 -4.2483883E+01 4.4971645E+01 -1.7464630E+01
2026 07 25 05 38 00 000 -4.2478878E+01 4.4949421E+01 -1.7493414E+01
2026 07 25 05 39 00 000 -4.2473827E+01 4.4927063E+01 -1.7522137E+01
2026 07 25 05 40 00 000 -4.2468731E+01 4.4904545E+01 -1.7550791E+01
2026 07 25 05 41 00 000 -4.2463596E+01 4.4881882E+01 -1.7579378E+01
2026 07 25 05 42 00 000 -4.2458416E+01 4.4859058E+01 -1.7607891E+01
2026 07 25 05 43 00 000 -4.2453197E+01 4.4836082E+01 -1.7636337E+01
2026 07 25 05 44 00 000 -4.2447922E+01 4.4812958E+01 -1.7664713E+01
2026 07 25 05 45 00 000 -4.2442616E+01 4.4789661E+01 -1.7693016E+01
2026 07 25 05 46 00 000 -4.2437275E+01 4.4766197E+01 -1.7721243E+01
2026 07 25 05 47 00 000 -4.2431892E+01 4.4742550E+01 -1.7749393E+01
2026 07 25 05 48 00 000 -4.2426479E+01 4.4718731E+01 -1.7777464E+01
2026 07 25 05 49 00 000 -4.2421024E+01 4.4694740E+01 -1.7805464E+01
2026 07 25 05 50 00 000 -4.2415554E+01 4.4670547E+01 -1.7833370E+01
2026 07 25 05 51 00 000 -4.2410030E+01 4.4646172E+01 -1.7861208E+01
2026 07 25 05 52 00 000 -4.2404499E+01 4.4621590E+01 -1.7888950E+01
2026 07 25 05 53 00 000 -4.2398945E+01 4.4596806E+01 -1.7916609E+01
2026 07 25 05 54 00 000 -4.2393364E+01 4.4571800E+01 -1.7944181E+01
2026 07 25 05 55 00 000 -4.2387768E+01 4.4546597E+01 -1.7971674E+01
2026 07 25 05 56 00 000 -4.2382153E+01 4.4521175E+01 -1.7999067E+01
2026 07 25 05 57 00 000 -4.2376556E+01 4.4495491E+01 -1.8026361E+01
2026 07 25 05 58 00 000 -4.2370930E+01 4.4469597E+01 -1.8053572E+01
2026 07 25 05 59 00 000 -4.2365326E+01 4.4443443E+01 -1.8080671E+01
2026 07 25 06 00 00 000 -4.2359703E+01 4.4417065E+01 -1.8107691E+01
2026 07 25 06 01 00 000 -4.2354111E+01 4.4390411E+01 -1.8134594E+01
2026 07 25 06 02 00 000 -4.2348541E+01 4.4363487E+01 -1.8161400E+01
2026 07 25 06 03 00 000 -4.2343014E+01 4.4336296E+01 -1.8188099E+01
2026 07 25 06 04 00 000 -4.2337509E+01 4.4308815E+01 -1.8214695E+01
2026 07 25 06 05 00 000 -4.2332069E+01 4.4281055E+01 -1.8241177E+01
2026 07 25 06 06 00 000 -4.2326664E+01 4.4252987E+01 -1.8267553E+01
2026 07 25 06 07 00 000 -4.2321327E+01 4.4224632E+01 -1.8293816E+01
2026 07 25 06 08 00 000 -4.2316090E+01 4.4195950E+01 -1.8319963E+01
2026 07 25 06 09 00 000 -4.2310932E+01 4.4166969E+01 -1.8345991E+01
2026 07 25 06 10 00 000 -4.2305878E+01 4.4137634E+01 -1.8371904E+01
2026 07 25 06 11 00 000 -4.2300964E+01 4.4107964E+01 -1.8397690E+01
2026 07 25 06 12 00 000 -4.2296165E+01 4.4077976E+01 -1.8423367E+01
2026 07 25 06 13 00 000 -4.2291515E+01 4.4047634E+01 -1.8448914E+01
2026 07 25 06 14 00 000 -4.2287056E+01 4.4016926E+01 -1.8474337E+01
2026 07 25 06 15 00 000 -4.2282784E+01 4.3985859E+01 -1.8499628E+01
2026 07 25 06 16 00 000 -4.2278740E+01 4.3954437E+01 -1.8524796E+01
2026 07 25 06 17 00 000 -4.2274918E+01 4.3922653E+01 -1.8549835E+01
2026 07 25 06 18 00 000 -4.2271347E+01 4.3890495E+01 -1.8574747E+01
2026 07 25 06 19 00 000 -4.2268074E+01 4.3857990E+01 -1.8599531E+01
2026 07 25 06 20 00 000 -4.2265106E+01 4.3825100E+01 -1.8624182E+01
2026 07 25 06 21 00 000 -4.2262482E+01 4.3791855E+01 -1.8648706E+01
2026 07 25 06 22 00 000 -4.2260227E+01 4.3758266E+01 -1.8673105E+01
2026 07 25 06 23 00 000 -4.2258354E+01 4.3724323E+01 -1.8697374E+01
2026 07 25 06 24 00 000 -4.2256893E+01 4.3690052E+01 -1.8721527E+01
2026 07 25 06 25 00 000 -4.2255886E+01 4.3655464E+01 -1.8745552E+01
2026 07 25 06 26 00 000 -4.2255360E+01 4.3620567E+01 -1.8769455E+01
2026 07 25 06 27 00 000 -4.2255318E+01 4.3585411E+01 -1.8793251E+01
2026 07 25 06 28 00 000 -4.2255802E+01 4.3549969E+01 -1.8816929E+01
2026 07 25 06 29 00 000 -4.2256809E+01 4.3514317E+01 -1.8840508E+01
2026 07 25 06 30 00 000 -4.2258404E+01 4.3478458E+01 -1.8863977E+01
2026 07 25 06 31 00 000 -4.2260559E+01 4.3442413E+01 -1.8887356E+01
2026 07 25 06 32 00 000 -4.2263317E+01 4.3406235E+01 -1.8910641E+01
2026 07 25 06 33 00 000 -4.2266678E+01 4.3369938E+01 -1.8933836E+01
2026 07 25 06 34 00 000 -4.2270626E+01 4.3333580E+01 -1.8956959E+01
2026 07 25 06 35 00 000 -4.2275211E+01 4.3297173E+01 -1.8980001E+01
2026 07 25 06 36 00 000 -4.2280392E+01 4.3260754E+01 -1.9002975E+01
2026 07 25 06 37 00 000 -4.2286163E+01 4.3224384E+01 -1.9025896E+01
2026 07 25 06 38 00 000 -4.2292542E+01 4.3188049E+01 -1.9048750E+01
2026 07 25 06 39 00 000 -4.2299492E+01 4.3151840E+01 -1.9071560E+01
2026 07 25 06 40 00 000 -4.2307022E+01 4.3115730E+01 -1.9094318E+01
2026 07 25 06 41 00 000 -4.2315105E+01 4.3079781E+01 -1.9117035E+01
2026 07 25 06 42 00 000 -4.2323704E+01 4.3044006E+01 -1.9139715E+01
2026 07 25 06 43 00 000 -4.2332836E+01 4.3008415E+01 -1.9162352E+01
2026 07 25 06 44 00 000 -4.2342449E+01 4.2973061E+01 -1.9184961E+01
2026 07 25 06 45 00 000 -4.2352516E+01 4.2937950E+01 -1.9207542E+01
2026 07 25 06 46 00 000 -4.2363022E+01 4.2903091E+01 -1.9230099E+01
2026 07 25 06 47 00 000 -4.2373959E+01 4.2868477E+01 -1.9252619E+01
2026 07 25 06 48 00 000 -4.2385277E+01 4.2834156E+01 -1.9275122E+01
2026 07 25 06 49 00 000 -4.2396969E+01 4.2800121E+01 -1.9297596E+01
2026 07 25 06 50 00 000 -4.2409012E+01 4.2766365E+01 -1.9320045E+01
2026 07 25 06 51 00 000 -4.2421375E+01 4.2732910E+01 -1.9342472E+01
2026 07 25 06 52 00 000 -4.2434036E+01 4.2699764E+01 -1.9364882E+01
2026 07 25 06 53 00 000 -4.2446960E+01 4.2666924E+01 -1.9387262E+01
2026 07 25 06 54 00 000 -4.2460175E+01 4.2634357E+01 -1.9409613E+01
2026 07 25 06 55 00 000 -4.2473621E+01 4.2602112E+01 -1.9431946E+01
2026 07 25 06 56 00 000 -4.2487289E+01 4.2570160E+01 -1.9454248E+01
2026 07 25 06 57 00 000 -4.2501156E+01 4.2538509E+01 -1.9476526E+01
2026 07 25 06 58 00 000 -4.2515205E+01 4.2507160E+01 -1.9498779E+01
2026 07 25 06 59 00 000 -4.2529446E+01 4.2476093E+01 -1.9520996E+01
2026 07 25 07 00 00 000 -4.2543827E+01 4.2445324E+01 -1.9543194E+01
2026 07 25 07 01 00 000 -4.2558361E+01 4.2414829E+01 -1.9565350E+01
2026 07 25 07 02 00 000 -4.2573048E+01 4.2384594E+01 -1.9587469E+01
2026 07 25 07 03 00 000 -4.2587830E+01 4.2354652E+01 -1.9609566E+01
2026 07 25 07 04 00 000 -4.2602749E+01 4.2324970E+01 -1.9631613E+01
2026 07 25 07 05 00 000 -4.2617744E+01 4.2295563E+01 -1.9653639E+01
2026 07 25 07 06 00 000 -4.2632839E+01 4.2266411E+01 -1.9675627E+01
2026 07 25 07 07 00 000 -4.2648014E+01 4.2237507E+01 -1.9697559E+01
2026 07 25 07 08 00 000 -4.2663280E+01 4.2208847E+01 -1.9719465E+01
2026 07 25 07 09 00 000 -4.2678604E+01 4.2180428E+01 -1.9741322E+01
2026 07 25 07 10 00 000 -4.2693985E+01 4.2152252E+01 -1.9763138E+01
2026 07 25 07 11 00 000 -4.2709431E+01 4.2124294E+01 -1.9784903E+01
2026 07 25 07 12 00 000 -4.2724907E+01 4.2096577E+01 -1.9806631E+01
2026 07 25 07 13 00 000 -4.2740444E+01 4.2069069E+01 -1.9828299E+01
2026 07 25 07 14 00 000 -4.2756001E+01 4.2041805E+01 -1.9849934E+01
2026 07 25 07 15 00 000 -4.2771606E+01 4.2014725E+01 -1.9871510E+01
2026 07 25 07 16 00 000 -4.2787228E+01 4.1987865E+01 -1.9893038E+01
2026 07 25 07 17 00 000 -4.2802876E+01 4.1961197E+01 -1.9914511E+01
2026 07 25 07 18 00 000 -4.2818554E+01 4.1934734E+01 -1.9935932E+01
2026 07 25 07 19 00 000 -4.2834240E+01 4.1908470E+01 -1.9957302E+01
2026 07 25 07 20 00 000 -4.2849934E+01 4.1882401E+01 -1.9978619E+01
2026 07 25 07 21 00 000 -4.2865643E+01 4.1856503E+01 -1.9999872E+01
2026 07 25 07 22 00 000 -4.2881355E+01 4.1830799E+01 -2.0021076E+01
2026 07 25 07 23 00 000 -4.2897083E+01 4.1805252E+01 -2.0042213E+01
2026 07 25 07 24 00 000 -4.2912804E+01 4.1779907E+01 -2.0063297E+01
2026 07 25 07 25 00 000 -4.2928539E+01 4.1754715E+01 -2.0084312E+01
2026 07 25 07 26 00 000 -4.2944256E+01 4.1729702E+01 -2.0105276E+01
2026 07 25 07 27 00 000 -4.2959969E+01 4.1704853E+01 -2.0126175E+01
2026 07 25 07 28 00 000 -4.2975681E+01 4.1680161E+01 -2.0147011E+01
2026 07 25 07 29 00 000 -4.2991386E+01 4.1655632E+01 -2.0167782E+01
2026 07 25 07 30 00 000 -4.3007076E+01 4.1631264E+01 -2.0188490E+01
2026 07 25 07 31 00 000 -4.3022758E+01 4.1607037E+01 -2.0209137E+01
2026 07 25 07 32 00 000 -4.3038437E+01 4.1582962E+01 -2.0229710E+01
2026 07 25 07 33 00 000 -4.3054096E+01 4.1559036E+01 -2.0250219E+01
2026 07 25 07 34 00 000 -4.3069748E+01 4.1535252E+01 -2.0270658E+01
2026 07 25 07 35 00 000 -4.3085361E+01 4.1511631E+01 -2.0291040E+01
2026 07 25 07 36 00 000 -4.3100975E+01 4.1488125E+01 -2.0311340E+01
2026 07 25 07 37 00 000 -4.3116573E+01 4.1464771E+01 -2.0331577E+01
2026 07 25 07 38 00 000 -4.3132153E+01 4.1441544E+01 -2.0351740E+01
2026 07 25 07 39 00 000 -4.3147705E+01 4.1418449E+01 -2.0371832E+01
2026 07 25 07 40 00 000 -4.3163235E+01 4.1395508E+01 -2.0391859E+01
2026 07 25 07 41 00 000 -4.3178761E+01 4.1372677E+01 -2.0411804E+01
2026 07 25 07 42 00 000 -4.3194241E+01 4.1349979E+01 -2.0431690E+01
2026 07 25 07 43 00 000 -4.3209717E+01 4.1327400E+01 -2.0451492E+01
2026 07 25 07 44 00 000 -4.3225174E+01 4.1304947E+01 -2.0471214E+01
2026 07 25 07 45 00 000 -4.3240585E+01 4.1282627E+01 -2.0490877E+01
2026 07 25 07 46 00 000 -4.3256008E+01 4.1260414E+01 -2.0510445E+01
2026 07 25 07 47 00 000 -4.3271381E+01 4.1238327E+01 -2.0529953E+01
2026 07 25 07 48 00 000 -4.3286743E+01 4.1216351E+01 -2.0549374E+01
2026 07 25 07 49 00 000 -4.3302071E+01 4.1194500E+01 -2.0568727E+01
2026 07 25 07 50 00 000 -4.3317387E+01 4.1172752E+01 -2.0587994E+01
2026 07 25 07 51 00 000 -4.3332653E+01 4.1151134E+01 -2.0607195E+01
2026 07 25 07 52 00 000 -4.3347923E+01 4.1129612E+01 -2.0626299E+01
2026 07 25 07 53 00 000 -4.3363148E+01 4.1108212E+01 -2.0645342E+01
2026 07 25 07 54 00 000 -4.3378368E+01 4.1086906E+01 -2.0664289E+01
2026 07 25 07 55 00 000 -4.3393536E+01 4.1065723E+01 -2.0683168E+01
2026 07 25 07 56 00 000 -4.3408699E+01 4.1044632E+01 -2.0701960E+01
2026 07 25 07 57 00 000 -4.3423824E+01 4.1023666E+01 -2.0720673E+01
2026 07 25 07 58 00 000 -4.3438927E+01 4.1002785E+01 -2.0739305E+01
2026 07 25 07 59 00 000 -4.3453995E+01 4.0982037E+01 -2.0757858E+01
2026 07 25 08 00 00 000 -4.3469036E+01 4.0961376E+01 -2.0776331E+01
2026 07 25 08 01 00 000 -4.3484070E+01 4.0940804E+01 -2.0794704E+01
2026 07 25 08 02 00 000 -4.3499054E+01 4.0920345E+01 -2.0813009E+01
2026 07 25 08 03 00 000 -4.3514019E+01 4.0899982E+01 -2.0831223E+01
2026 07 25 08 04 00 000 -4.3528961E+01 4.0879715E+01 -2.0849354E+01
2026 07 25 08 05 00 000 -4.3543865E+01 4.0859570E+01 -2.0867407E+01
2026 07 25 08 06 00 000 -4.3558765E+01 4.0839489E+01 -2.0885365E+01
2026 07 25 08 07 00 000 -4.3573616E+01 4.0819523E+01 -2.0903244E+01
2026 07 25 08 08 00 000 -4.3588467E+01 4.0799641E+01 -2.0921026E+01
2026 07 25 08 09 00 000 -4.3603256E+01 4.0779873E+01 -2.0938738E+01
2026 07 25 08 10 00 000 -4.3618031E+01 4.0760189E+01 -2.0956358E+01
2026 07 25 08 11 00 000 -4.3632778E+01 4.0740601E+01 -2.0973886E+01
2026 07 25 08 12 00 000 -4.3647514E+01 4.0721092E+01 -2.0991323E+01
2026 07 25 08 13 00 000 -4.3662201E+01 4.0701687E+01 -2.1008677E+01
2026 07 25 08 14 00 000 -4.3676865E+01 4.0682377E+01 -2.1025940E+01
2026 07 25 08 15 00 000 -4.3691517E+01 4.0663155E+01 -2.1043119E+01
2026 07 25 08 16 00 000 -4.3706120E+01 4.0644028E+01 -2.1060211E+01
2026 07 25 08 17 00 000 -4.3720722E+01 4.0624977E+01 -2.1077206E+01
2026 07 25 08 18 00 000 -4.3735291E+01 4.0606022E+01 -2.1094109E+01
2026 07 25 08 19 00 000 -4.3749809E+01 4.0587166E+01 -2.1110935E+01
2026 07 25 08 20 00 000 -4.3764313E+01 4.0568401E+01 -2.1127666E+01
2026 07 25 08 21 00 000 -4.3778790E+01 4.0549713E+01 -2.1144304E+01
2026 07 25 08 22 00 000 -4.3793243E+01 4.0531113E+01 -2.1160849E+01
2026 07 25 08 23 00 000 -4.3807674E+01 4.0512600E+01 -2.1177303E+01
2026 07 25 08 24 00 000 -4.3822075E+01 4.0494171E+01 -2.1193666E+01
2026 07 25 08 25 00 000 -4.3836445E+01 4.0475834E+01 -2.1209932E+01
2026 07 25 08 26 00 000 -4.3850800E+01 4.0457584E+01 -2.1226107E+01
2026 07 25 08 27 00 000 -4.3865112E+01 4.0439419E+01 -2.1242201E+01
2026 07 25 08 28 00 000 -4.3879395E+01 4.0421345E+01 -2.1258194E+01
2026 07 25 08 29 00 000 -4.3893677E+01 4.0403336E+01 -2.1274084E+01
2026 07 25 08 30 00 000 -4.3907917E+01 4.0385429E+01 -2.1289888E+01
2026 07 25 08 31 00 000 -4.3922127E+01 4.0367611E+01 -2.1305607E+01
2026 07 25 08 32 00 000 -4.3936317E+01 4.0349854E+01 -2.1321218E+01
2026 07 25 08 33 00 000 -4.3950489E+01 4.0332203E+01 -2.1336739E+01
2026 07 25 08 34 00 000 -4.3964615E+01 4.0314629E+01 -2.1352167E+01
2026 07 25 08 35 00 000 -4.3978737E+01 4.0297127E+01 -2.1367493E+01
2026 07 25 08 36 00 000 -4.3992828E+01 4.0279716E+01 -2.1382729E+01
2026 07 25 08 37 00 000 -4.4006893E+01 4.0262386E+01 -2.1397861E+01
2026 07 25 08 38 00 000 -4.4020905E+01 4.0245148E+01 -2.1412916E+01
2026 07 25 08 39 00 000 -4.4034927E+01 4.0227974E+01 -2.1427856E+01
2026 07 25 08 40 00 000 -4.4048908E+01 4.0210896E+01 -2.1442709E+01
2026 07 25 08 41 00 000 -4.4062862E+01 4.0193897E+01 -2.1457460E+01
2026 07 25 08 42 00 000 -4.4076797E+01 4.0176975E+01 -2.1472113E+01
2026 07 25 08 43 00 000 -4.4090710E+01 4.0160141E+01 -2.1486668E+01
2026 07 25 08 44 00 000 -4.4104584E+01 4.0143391E+01 -2.1501135E+01
2026 07 25 08 45 00 000 -4.4118446E+01 4.0126713E+01 -2.1515495E+01
2026 07 25 08 46 00 000 -4.4132294E+01 4.0110107E+01 -2.1529751E+01
2026 07 25 08 47 00 000 -4.4146103E+01 4.0093597E+01 -2.1543917E+01
2026 07 25 08 48 00 000 -4.4159882E+01 4.0077164E+01 -2.1557985E+01
2026 07 25 08 49 00 000 -4.4173630E+01 4.0060814E+01 -2.1571953E+01
2026 07 25 08 50 00 000 -4.4187378E+01 4.0044544E+01 -2.1585821E+01
2026 07 25 08 51 00 000 -4.4201088E+01 4.0028343E+01 -2.1599585E+01
2026 07 25 08 52 00 000 -4.4214775E+01 4.0012230E+01 -2.1613251E+01
2026 07 25 08 53 00 000 -4.4228439E+01 3.9996197E+01 -2.1626816E+01
2026 07 25 08 54 00 000 -4.4242085E+01 3.9980240E+01 -2.1640280E+01
2026 07 25 08 55 00 000 -4.4255676E+01 3.9964378E+01 -2.1653658E+01
2026 07 25 08 56 00 000 -4.4269283E+01 3.9948570E+01 -2.1666910E+01
2026 07 25 08 57 00 000 -4.4282860E+01 3.9932846E+01 -2.1680071E+01
2026 07 25 08 58 00 000 -4.4296398E+01 3.9917213E+01 -2.1693134E+01
2026 07 25 08 59 00 000 -4.4309921E+01 3.9901653E+01 -2.1706091E+01
2026 07 25 09 00 00 000 -4.4323410E+01 3.9886185E+01 -2.1718954E+01
2026 07 25 09 01 00 000 -4.4336887E+01 3.9870785E+01 -2.1731707E+01
2026 07 25 09 02 00 000 -4.4350327E+01 3.9855465E+01 -2.1744366E+01
2026 07 25 09 03 00 000 -4.4363758E+01 3.9840218E+01 -2.1756914E+01
2026 07 25 09 04 00 000 -4.4377174E+01 3.9825043E+01 -2.1769352E+01
2026 07 25 09 05 00 000 -4.4390545E+01 3.9809971E+01 -2.1781704E+01
2026 07 25 09 06 00 000 -4.4403893E+01 3.9794975E+01 -2.1793955E+01
2026 07 25 09 07 00 000 -4.4417244E+01 3.9780033E+01 -2.1806080E+01
2026 07 25 09 08 00 000 -4.4430550E+01 3.9765182E+01 -2.1818117E+01
2026 07 25 09 09 00 000 -4.4443851E+01 3.9750408E+01 -2.1830040E+01
2026 07 25 09 10 00 000 -4.4457111E+01 3.9735718E+01 -2.1841869E+01
2026 07 25 09 11 00 000 -4.4470352E+01 3.9721107E+01 -2.1853590E+01
2026 07 25 09 12 00 000 -4.4483578E+01 3.9706562E+01 -2.1865204E+01
2026 07 25 09 13 00 000 -4.4496773E+01 3.9692120E+01 -2.1876717E+01
2026 07 25 09 14 00 000 -4.4509956E+01 3.9677727E+01 -2.1888117E+01
2026 07 25 09 15 00 000 -4.4523117E+01 3.9663425E+01 -2.1899418E+01
2026 07 25 09 16 00 000 -4.4536243E+01 3.9649200E+01 -2.1910620E+01
2026 07 25 09 17 00 000 -4.4549351E+01 3.9635067E+01 -2.1921713E+01
2026 07 25 09 18 00 000 -4.4562450E+01 3.9620991E+01 -2.1932686E+01
2026 07 25 09 19 00 000 -4.4575520E+01 3.9607018E+01 -2.1943573E+01
2026 07 25 09 20 00 000 -4.4588562E+01 3.9593105E+01 -2.1954344E+01
2026 07 25 09 21 00 000 -4.4601597E+01 3.9579254E+01 -2.1964994E+01
2026 07 25 09 22 00 000 -4.4614586E+01 3.9565517E+01 -2.1975563E+01
2026 07 25 09 23 00 000 -4.4627556E+01 3.9551849E+01 -2.1986019E+01
2026 07 25 09 24 00 000 -4.4640530E+01 3.9538242E+01 -2.1996359E+01
2026 07 25 09 25 00 000 -4.4653469E+01 3.9524719E+01 -2.2006592E+01
2026 07 25 09 26 00 000 -4.4666389E+01 3.9511276E+01 -2.2016722E+01
2026 07 25 09 27 00 000 -4.4679295E+01 3.9497921E+01 -2.2026743E+01
2026 07 25 09 28 00 000 -4.4692165E+01 3.9484642E+01 -2.2036657E+01
2026 07 25 09 29 00 000 -4.4705021E+01 3.9471436E+01 -2.2046465E+01
2026 07 25 09 30 00 000 -4.4717854E+01 3.9458305E+01 -2.2056156E+01
2026 07 25 09 31 00 000 -4.4730659E+01 3.9445259E+01 -2.2065750E+01
2026 07 25 09 32 00 000 -4.4743465E+01 3.9432285E+01 -2.2075224E+01
2026 07 25 09 33 00 000 -4.4756245E+01 3.9419384E+01 -2.2084587E+01
2026 07 25 09 34 00 000 -4.4768997E+01 3.9406570E+01 -2.2093853E+01
2026 07 25 09 35 00 000 -4.4781727E+01 3.9393837E+01 -2.2103008E+01
2026 07 25 09 36 00 000 -4.4794441E+01 3.9381184E+01 -2.2112053E+01
2026 07 25 09 37 00 000 -4.4807117E+01 3.9368607E+01 -2.2120991E+01
2026 07 25 09 38 00 000 -4.4819798E+01 3.9356102E+01 -2.2129810E+01
2026 07 25 09 39 00 000 -4.4832439E+01 3.9343689E+01 -2.2138533E+01
2026 07 25 09 40 00 000 -4.4845089E+01 3.9331329E+01 -2.2147123E+01
2026 07 25 09 41 00 000 -4.4857685E+01 3.9319077E+01 -2.2155622E+01
2026 07 25 09 42 00 000 -4.4870270E+01 3.9306900E+01 -2.2164013E+01
2026 07 25 09 43 00 000 -4.4882854E+01 3.9294785E+01 -2.2172279E+01
2026 07 25 09 44 00 000 -4.4895401E+01 3.9282764E+01 -2.2180447E+01
2026 07 25 09 45 00 000 -4.4907921E+01 3.9270813E+01 -2.2188503E+01
2026 07 25 09 46 00 000 -4.4920437E+01 3.9258942E+01 -2.2196440E+01
2026 07 25 09 47 00 000 -4.4932930E+01 3.9247147E+01 -2.2204269E+01
2026 07 25 09 48 00 000 -4.4945408E+01 3.9235432E+01 -2.2211983E+01
2026 07 25 09 49 00 000 -4.4957859E+01 3.9223793E+01 -2.2219589E+01
2026 07 25 09 50 00 000 -4.4970295E+01 3.9212238E+01 -2.2227083E+01
2026 07 25 09 51 00 000 -4.4982700E+01 3.9200768E+01 -2.2234470E+01
2026 07 25 09 52 00 000 -4.4995094E+01 3.9189373E+01 -2.2241739E+01
2026 07 25 09 53 00 000 -4.5007477E+01 3.9178051E+01 -2.2248901E+01
2026 07 25 09 54 00 000 -4.5019852E+01 3.9166801E+01 -2.2255936E+01
2026 07 25 09 55 00 000 -4.5032181E+01 3.9155647E+01 -2.2262877E+01
2026 07 25 09 56 00 000 -4.5044495E+01 3.9144566E+01 -2.2269699E+01
2026 07 25 09 57 00 000 -4.5056801E+01 3.9133553E+01 -2.2276402E+01
2026 07 25 09 58 00 000 -4.5069073E+01 3.9122635E+01 -2.2283001E+01
2026 07 25 09 59 00 000 -4.5081345E+01 3.9111797E+01 -2.2289486E+01
2026 07 25 10 00 00 000 -4.5093597E+01 3.9101021E+01 -2.2295845E+01
2026 07 25 10 01 00 000 -4.5105820E+01 3.9090347E+01 -2.2302107E+01
2026 07 25 10 02 00 000 -4.5118027E+01 3.9079735E+01 -2.2308247E+01
2026 07 25 10 03 00 000 -4.5130203E+01 3.9069221E+01 -2.2314285E+01
2026 07 25 10 04 00 000 -4.5142380E+01 3.9058765E+01 -2.2320196E+01
2026 07 25 10 05 00 000 -4.5154522E+01 3.9048405E+01 -2.2326000E+01
2026 07 25 10 06 00 000 -4.5166668E+01 3.9038105E+01 -2.2331680E+01
2026 07 25 10 07 00 000 -4.5178776E+01 3.9027897E+01 -2.2337257E+01
2026 07 25 10 08 00 000 -4.5190876E+01 3.9017773E+01 -2.2342714E+01
2026 07 25 10 09 00 000 -4.5202957E+01 3.9007717E+01 -2.2348055E+01
2026 07 25 10 10 00 000 -4.5215015E+01 3.8997749E+01 -2.2353289E+01
2026 07 25 10 11 00 000 -4.5227058E+01 3.8987862E+01 -2.2358402E+01
2026 07 25 10 12 00 000 -4.5239075E+01 3.8978054E+01 -2.2363405E+01
2026 07 25 10 13 00 000 -4.5251102E+01 3.8968311E+01 -2.2368280E+01
2026 07 25 10 14 00 000 -4.5263092E+01 3.8958664E+01 -2.2373045E+01
2026 07 25 10 15 00 000 -4.5275055E+01 3.8949097E+01 -2.2377710E+01
2026 07 25 10 16 00 000 -4.5286999E+01 3.8939613E+01 -2.2382254E+01
2026 07 25 10 17 00 000 -4.5298954E+01 3.8930187E+01 -2.2386667E+01
2026 07 25 10 18 00 000 -4.5310863E+01 3.8920868E+01 -2.2390980E+01
2026 07 25 10 19 00 000 -4.5322777E+01 3.8911610E+01 -2.2395164E+01
2026 07 25 10 20 00 000 -4.5334652E+01 3.8902451E+01 -2.2399250E+01
2026 07 25 10 21 00 000 -4.5346519E+01 3.8893349E+01 -2.2403210E+01
2026 07 25 10 22 00 000 -4.5358368E+01 3.8884342E+01 -2.2407049E+01
2026 07 25 10 23 00 000 -4.5370197E+01 3.8875423E+01 -2.2410784E+01
2026 07 25 10 24 00 000 -4.5382000E+01 3.8866577E+01 -2.2414400E+01
2026 07 25 10 25 00 000 -4.5393810E+01 3.8857792E+01 -2.2417885E+01
2026 07 25 10 26 00 000 -4.5405586E+01 3.8849102E+01 -2.2421265E+01
2026 07 25 10 27 00 000 -4.5417351E+01 3.8840504E+01 -2.2424534E+01
2026 07 25 10 28 00 000 -4.5429096E+01 3.8831974E+01 -2.2427675E+01
2026 07 25 10 29 00 000 -4.5440830E+01 3.8823521E+01 -2.2430698E+01
2026 07 25 10 30 00 000 -4.5452545E+01 3.8815151E+01 -2.2433613E+01
2026 07 25 10 31 00 000 -4.5464237E+01 3.8806866E+01 -2.2436403E+01
2026 07 25 10 32 00 000 -4.5475918E+01 3.8798656E+01 -2.2439085E+01
2026 07 25 10 33 00 000 -4.5487587E+01 3.8790531E+01 -2.2441639E+01
2026 07 25 10 34 00 000 -4.5499226E+01 3.8782497E+01 -2.2444090E+01
2026 07 25 10 35 00 000 -4.5510857E+01 3.8774509E+01 -2.2446400E+01
2026 07 25 10 36 00 000 -4.5522457E+01 3.8766644E+01 -2.2448622E+01
2026 07 25 10 37 00 000 -4.5534069E+01 3.8758827E+01 -2.2450699E+01
2026 07 25 10 38 00 000 -4.5545635E+01 3.8751118E+01 -2.2452684E+01
2026 07 25 10 39 00 000 -4.5557209E+01 3.8743465E+01 -2.2454531E+01
2026 07 25 10 40 00 000 -4.5568745E+01 3.8735905E+01 -2.2456268E+01
2026 07 25 10 41 00 000 -4.5580265E+01 3.8728428E+01 -2.2457890E+01
2026 07 25 10 42 00 000 -4.5591789E+01 3.8721024E+01 -2.2459383E+01
2026 07 25 10 43 00 000 -4.5603287E+01 3.8713699E+01 -2.2460760E+01
2026 07 25 10 44 00 000 -4.5614754E+01 3.8706474E+01 -2.2462032E+01
2026 07 25 10 45 00 000 -4.5626225E+01 3.8699303E+01 -2.2463173E+01
2026 07 25 10 46 00 000 -4.5637665E+01 3.8692234E+01 -2.2464201E+01
2026 07 25 10 47 00 000 -4.5649109E+01 3.8685234E+01 -2.2465109E+01
2026 07 25 10 48 00 000 -4.5660522E+01 3.8678314E+01 -2.2465891E+01
2026 07 25 10 49 00 000 -4.5671928E+01 3.8671478E+01 -2.2466557E+01
2026 07 25 10 50 00 000 -4.5683311E+01 3.8664719E+01 -2.2467104E+01
2026 07 25 10 51 00 000 -4.5694672E+01 3.8658054E+01 -2.2467546E+01
2026 07 25 10 52 00 000 -4.5706020E+01 3.8651463E+01 -2.2467857E+01
2026 07 25 10 53 00 000 -4.5717373E+01 3.8644943E+01 -2.2468039E+01
2026 07 25 10 54 00 000 -4.5728687E+01 3.8638512E+01 -2.2468117E+01
2026 07 25 10 55 00 000 -4.5740002E+01 3.8632153E+01 -2.2468063E+01
2026 07 25 10 56 00 000 -4.5751289E+01 3.8625885E+01 -2.2467899E+01
2026 07 25 10 57 00 000 -4.5762547E+01 3.8619701E+01 -2.2467623E+01
2026 07 25 10 58 00 000 -4.5773815E+01 3.8613590E+01 -2.2467213E+01
2026 07 25 10 59 00 000 -4.5785061E+01 3.8607567E+01 -2.2466690E+01
2026 07 25 11 00 00 000 -4.5796288E+01 3.8601616E+01 -2.2466042E+01
2026 07 25 11 01 00 000 -4.5807510E+01 3.8595745E+01 -2.2465269E+01
2026 07 25 11 02 00 000 -4.5818684E+01 3.8589970E+01 -2.2464399E+01
2026 07 25 11 03 00 000 -4.5829880E+01 3.8584248E+01 -2.2463385E+01
2026 07 25 11 04 00 000 -4.5841049E+01 3.8578629E+01 -2.2462263E+01
2026 07 25 11 05 00 000 -4.5852192E+01 3.8573090E+01 -2.2461020E+01
2026 07 25 11 06 00 000 -4.5863316E+01 3.8567642E+01 -2.2459661E+01
2026 07 25 11 07 00 000 -4.5874451E+01 3.8562248E+01 -2.2458168E+01
2026 07 25 11 08 00 000 -4.5885540E+01 3.8556946E+01 -2.2456566E+01
2026 07 25 11 09 00 000 -4.5896641E+01 3.8551723E+01 -2.2454842E+01
2026 07 25 11 10 00 000 -4.5907711E+01 3.8546585E+01 -2.2452995E+01
2026 07 25 11 11 00 000 -4.5918777E+01 3.8541531E+01 -2.2451029E+01
2026 07 25 11 12 00 000 -4.5929825E+01 3.8536545E+01 -2.2448938E+01
2026 07 25 11 13 00 000 -4.5940845E+01 3.8531651E+01 -2.2446735E+01
2026 07 25 11 14 00 000 -4.5951851E+01 3.8526840E+01 -2.2444414E+01
2026 07 25 11 15 00 000 -4.5962860E+01 3.8522099E+01 -2.2441959E+01
2026 07 25 11 16 00 000 -4.5973843E+01 3.8517437E+01 -2.2439384E+01
2026 07 25 11 17 00 000 -4.5984810E+01 3.8512867E+01 -2.2436699E+01
2026 07 25 11 18 00 000 -4.5995777E+01 3.8508362E+01 -2.2433878E+01
2026 07 25 11 19 00 000 -4.6006706E+01 3.8503952E+01 -2.2430952E+01
2026 07 25 11 20 00 000 -4.6017635E+01 3.8499615E+01 -2.2427896E+01
2026 07 25 11 21 00 000 -4.6028542E+01 3.8495358E+01 -2.2424717E+01
2026 07 25 11 22 00 000 -4.6039448E+01 3.8491177E+01 -2.2421421E+01
2026 07 25 11 23 00 000 -4.6050327E+01 3.8487083E+01 -2.2418005E+01
2026 07 25 11 24 00 000 -4.6061195E+01 3.8483074E+01 -2.2414467E+01
2026 07 25 11 25 00 000 -4.6072052E+01 3.8479130E+01 -2.2410801E+01
2026 07 25 11 26 00 000 -4.6082882E+01 3.8475285E+01 -2.2407028E+01
2026 07 25 11 27 00 000 -4.6093697E+01 3.8471519E+01 -2.2403135E+01
2026 07 25 11 28 00 000 -4.6104515E+01 3.8467815E+01 -2.2399099E+01
2026 07 25 11 29 00 000 -4.6115307E+01 3.8464203E+01 -2.2394953E+01
2026 07 25 11 30 00 000 -4.6126076E+01 3.8460678E+01 -2.2390696E+01
2026 07 25 11 31 00 000 -4.6136852E+01 3.8457214E+01 -2.2386301E+01
2026 07 25 11 32 00 000 -4.6147602E+01 3.8453842E+01 -2.2381790E+01
2026 07 25 11 33 00 000 -4.6158333E+01 3.8450554E+01 -2.2377169E+01
2026 07 25 11 34 00 000 -4.6169067E+01 3.8447323E+01 -2.2372402E+01
2026 07 25 11 35 00 000 -4.6179779E+01 3.8444180E+01 -2.2367529E+01
2026 07 25 11 36 00 000 -4.6190453E+01 3.8441135E+01 -2.2362547E+01
2026 07 25 11 37 00 000 -4.6201145E+01 3.8438156E+01 -2.2357426E+01
2026 07 25 11 38 00 000 -4.6211803E+01 3.8435261E+01 -2.2352184E+01
2026 07 25 11 39 00 000 -4.6222462E+01 3.8432434E+01 -2.2346821E+01
2026 07 25 11 40 00 000 -4.6233109E+01 3.8429695E+01 -2.2341331E+01
2026 07 25 11 41 00 000 -4.6243725E+01 3.8427036E+01 -2.2335730E+01
2026 07 25 11 42 00 000 -4.6254341E+01 3.8424454E+01 -2.2330006E+01
2026 07 25 11 43 00 000 -4.6264931E+01 3.8421947E+01 -2.2324152E+01
2026 07 25 11 44 00 000 -4.6275513E+01 3.8419525E+01 -2.2318190E+01
2026 07 25 11 45 00 000 -4.6286091E+01 3.8417175E+01 -2.2312088E+01
2026 07 25 11 46 00 000 -4.6296631E+01 3.8414913E+01 -2.2305882E+01
2026 07 25 11 47 00 000 -4.6307163E+01 3.8412731E+01 -2.2299553E+01
2026 07 25 11 48 00 000 -4.6317696E+01 3.8410614E+01 -2.2293097E+01
2026 07 25 11 49 00 000 -4.6328217E+01 3.8408585E+01 -2.2286512E+01
2026 07 25 11 50 00 000 -4.6338726E+01 3.8406620E+01 -2.2279802E+01
2026 07 25 11 51 00 000 -4.6349201E+01 3.8404751E+01 -2.2272985E+01
2026 07 25 11 52 00 000 -4.6359669E+01 3.8402958E+01 -2.2266039E+01
2026 07 25 11 53 00 000 -4.6370132E+01 3.8401222E+01 -2.2258968E+01
2026 07 25 11 54 00 000 -4.6380566E+01 3.8399597E+01 -2.2251791E+01
2026 07 25 11 55 00 000 -4.6391006E+01 3.8398029E+01 -2.2244474E+01
2026 07 25 11 56 00 000 -4.6401432E+01 3.8396538E+01 -2.2237036E+01
2026 07 25 11 57 00 000 -4.6411827E+01 3.8395130E+01 -2.2229485E+01
2026 07 25 11 58 00 000 -4.6422211E+01 3.8393803E+01 -2.2221813E+01
2026 07 25 11 59 00 000 -4.6432587E+01 3.8392551E+01 -2.2214014E+01
2026 07 25 12 00 00 000 -4.6442951E+01 3.8391369E+01 -2.2206095E+01
2026 07 25 12 01 00 000 -4.6453304E+01 3.8390274E+01 -2.2198048E+01
2026 07 25 12 02 00 000 -4.6463642E+01 3.8389244E+01 -2.2189882E+01
2026 07 25 12 03 00 000 -4.6473965E+01 3.8388302E+01 -2.2181597E+01
2026 07 25 12 04 00 000 -4.6484280E+01 3.8387432E+01 -2.2173185E+01
2026 07 25 12 05 00 000 -4.6494572E+01 3.8386639E+01 -2.2164661E+01
2026 07 25 12 06 00 000 -4.6504856E+01 3.8385925E+01 -2.2156010E+01
2026 07 25 12 07 00 000 -4.6515121E+01 3.8385281E+01 -2.2147234E+01
2026 07 25 12 08 00 000 -4.6525368E+01 3.8384727E+01 -2.2138344E+01
2026 07 25 12 09 00 000 -4.6535629E+01 3.8384232E+01 -2.2129322E+01
2026 07 25 12 10 00 000 -4.6545860E+01 3.8383820E+01 -2.2120178E+01
2026 07 25 12 11 00 000 -4.6556068E+01 3.8383480E+01 -2.2110920E+01
2026 07 25 12 12 00 000 -4.6566280E+01 3.8383217E+01 -2.2101540E+01
2026 07 25 12 13 00 000 -4.6576469E+01 3.8383030E+01 -2.2092033E+01
2026 07 25 12 14 00 000 -4.6586643E+01 3.8382931E+01 -2.2082418E+01
2026 07 25 12 15 00 000 -4.6596817E+01 3.8382881E+01 -2.2072659E+01
2026 07 25 12 16 00 000 -4.6606964E+01 3.8382923E+01 -2.2062792E+01
2026 07 25 12 17 00 000 -4.6617111E+01 3.8383026E+01 -2.2052797E+01
2026 07 25 12 18 00 000 -4.6627228E+01 3.8383224E+01 -2.2042688E+01
2026 07 25 12 19 00 000 -4.6637344E+01 3.8383495E+01 -2.2032454E+01
2026 07 25 12 20 00 000 -4.6647446E+01 3.8383827E+01 -2.2022102E+01
2026 07 25 12 21 00 000 -4.6657536E+01 3.8384239E+01 -2.2011620E+01
2026 07 25 12 22 00 000 -4.6667599E+01 3.8384727E+01 -2.2001028E+01
2026 07 25 12 23 00 000 -4.6677666E+01 3.8385284E+01 -2.1990311E+01
2026 07 25 12 24 00 000 -4.6687717E+01 3.8385921E+01 -2.1979465E+01
2026 07 25 12 25 00 000 -4.6697746E+01 3.8386631E+01 -2.1968515E+01
2026 07 25 12 26 00 000 -4.6707779E+01 3.8387402E+01 -2.1957424E+01
2026 07 25 12 27 00 000 -4.6717773E+01 3.8388268E+01 -2.1946232E+01
2026 07 25 12 28 00 000 -4.6727764E+01 3.8389194E+01 -2.1934908E+01
2026 07 25 12 29 00 000 -4.6737766E+01 3.8390182E+01 -2.1923452E+01
2026 07 25 12 30 00 000 -4.6747734E+01 3.8391254E+01 -2.1911886E+01
2026 07 25 12 31 00 000 -4.6757702E+01 3.8392399E+01 -2.1900198E+01
2026 07 25 12 32 00 000 -4.6767643E+01 3.8393616E+01 -2.1888391E+01
2026 07 25 12 33 00 000 -4.6777576E+01 3.8394901E+01 -2.1876461E+01
2026 07 25 12 34 00 000 -4.6787498E+01 3.8396259E+01 -2.1864410E+01
2026 07 25 12 35 00 000 -4.6797413E+01 3.8397690E+01 -2.1852242E+01
2026 07 25 12 36 00 000 -4.6807304E+01 3.8399200E+01 -2.1839954E+01
2026 07 25 12 37 00 000 -4.6817184E+01 3.8400772E+01 -2.1827539E+01
2026 07 25 12 38 00 000 -4.6827065E+01 3.8402409E+01 -2.1815006E+01
2026 07 25 12 39 00 000 -4.6836933E+01 3.8404118E+01 -2.1802343E+01
2026 07 25 12 40 00 000 -4.6846775E+01 3.8405910E+01 -2.1789583E+01
2026 07 25 12 41 00 000 -4.6856602E+01 3.8407772E+01 -2.1776693E+01
2026 07 25 12 42 00 000 -4.6866432E+01 3.8409695E+01 -2.1763676E+01
2026 07 25 12 43 00 000 -4.6876232E+01 3.8411694E+01 -2.1750544E+01
2026 07 25 12 44 00 000 -4.6886028E+01 3.8413757E+01 -2.1737295E+01
2026 07 25 12 45 00 000 -4.6895813E+01 3.8415897E+01 -2.1723923E+01
2026 07 25 12 46 00 000 -4.6905586E+01 3.8418095E+01 -2.1710428E+01
2026 07 25 12 47 00 000 -4.6915348E+01 3.8420364E+01 -2.1696815E+01
2026 07 25 12 48 00 000 -4.6925091E+01 3.8422718E+01 -2.1683092E+01
2026 07 25 12 49 00 000 -4.6934826E+01 3.8425129E+01 -2.1669241E+01
2026 07 25 12 50 00 000 -4.6944553E+01 3.8427605E+01 -2.1655272E+01
2026 07 25 12 51 00 000 -4.6954250E+01 3.8430157E+01 -2.1641186E+01
2026 07 25 12 52 00 000 -4.6963951E+01 3.8432770E+01 -2.1626976E+01
2026 07 25 12 53 00 000 -4.6973644E+01 3.8435455E+01 -2.1612646E+01
2026 07 25 12 54 00 000 -4.6983322E+01 3.8438206E+01 -2.1598202E+01
2026 07 25 12 55 00 000 -4.6992985E+01 3.8441021E+01 -2.1583639E+01
2026 07 25 12 56 00 000 -4.7002640E+01 3.8443905E+01 -2.1568953E+01
2026 07 25 12 57 00 000 -4.7012272E+01 3.8446854E+01 -2.1554146E+01
2026 07 25 12 58 00 000 -4.7021885E+01 3.8449879E+01 -2.1539244E+01
2026 07 25 12 59 00 000 -4.7031513E+01 3.8452961E+01 -2.1524197E+01
2026 07 25 13 00 00 000 -4.7041111E+01 3.8456108E+01 -2.1509037E+01
2026 07 25 13 01 00 000 -4.7050705E+01 3.8459320E+01 -2.1493763E+01
2026 07 25 13 02 00 000 -4.7060280E+01 3.8462601E+01 -2.1478371E+01
2026 07 25 13 03 00 000 -4.7069843E+01 3.8465950E+01 -2.1462864E+01
2026 07 25 13 04 00 000 -4.7079391E+01 3.8469357E+01 -2.1447231E+01
2026 07 25 13 05 00 000 -4.7088940E+01 3.8472836E+01 -2.1431488E+01
2026 07 25 13 06 00 000 -4.7098480E+01 3.8476368E+01 -2.1415621E+01
2026 07 25 13 07 00 000 -4.7107990E+01 3.8479969E+01 -2.1399645E+01
2026 07 25 13 08 00 000 -4.7117500E+01 3.8483643E+01 -2.1383547E+01
2026 07 25 13 09 00 000 -4.7126980E+01 3.8487381E+01 -2.1367340E+01
2026 07 25 13 10 00 000 -4.7136475E+01 3.8491165E+01 -2.1351004E+01
2026 07 25 13 11 00 000 -4.7145935E+01 3.8495037E+01 -2.1334562E+01
2026 07 25 13 12 00 000 -4.7155403E+01 3.8498947E+01 -2.1317991E+01
2026 07 25 13 13 00 000 -4.7164848E+01 3.8502930E+01 -2.1301317E+01
2026 07 25 13 14 00 000 -4.7174282E+01 3.8506973E+01 -2.1284517E+01
2026 07 25 13 15 00 000 -4.7183704E+01 3.8511078E+01 -2.1267609E+01
2026 07 25 13 16 00 000 -4.7193123E+01 3.8515244E+01 -2.1250576E+01
2026 07 25 13 17 00 000 -4.7202518E+01 3.8519474E+01 -2.1233437E+01
2026 07 25 13 18 00 000 -4.7211906E+01 3.8523754E+01 -2.1216169E+01
2026 07 25 13 19 00 000 -4.7221287E+01 3.8528107E+01 -2.1198790E+01
2026 07 25 13 20 00 000 -4.7230656E+01 3.8532524E+01 -2.1181307E+01
2026 07 25 13 21 00 000 -4.7240002E+01 3.8536995E+01 -2.1163704E+01
2026 07 25 13 22 00 000 -4.7249336E+01 3.8541523E+01 -2.1145988E+01
2026 07 25 13 23 00 000 -4.7258671E+01 3.8546116E+01 -2.1128149E+01
2026 07 25 13 24 00 000 -4.7268002E+01 3.8550747E+01 -2.1110188E+01
2026 07 25 13 25 00 000 -4.7277290E+01 3.8555470E+01 -2.1092140E+01
2026 07 25 13 26 00 000 -4.7286591E+01 3.8560238E+01 -2.1073963E+01
2026 07 25 13 27 00 000 -4.7295872E+01 3.8565052E+01 -2.1055668E+01
2026 07 25 13 28 00 000 -4.7305141E+01 3.8569939E+01 -2.1037266E+01
2026 07 25 13 29 00 000 -4.7314400E+01 3.8574883E+01 -2.1018751E+01
2026 07 25 13 30 00 000 -4.7323666E+01 3.8579872E+01 -2.1000113E+01
2026 07 25 13 31 00 000 -4.7332886E+01 3.8584930E+01 -2.0981371E+01
2026 07 25 13 32 00 000 -4.7342106E+01 3.8590050E+01 -2.0962521E+01
2026 07 25 13 33 00 000 -4.7351334E+01 3.8595200E+01 -2.0943539E+01
2026 07 25 13 34 00 000 -4.7360527E+01 3.8600437E+01 -2.0924467E+01
2026 07 25 13 35 00 000 -4.7369728E+01 3.8605701E+01 -2.0905266E+01
2026 07 25 13 36 00 000 -4.7378910E+01 3.8611038E+01 -2.0885956E+01
2026 07 25 13 37 00 000 -4.7388073E+01 3.8616425E+01 -2.0866543E+01
2026 07 25 13 38 00 000 -4.7397228E+01 3.8621864E+01 -2.0847010E+01
2026 07 25 13 39 00 000 -4.7406376E+01 3.8627369E+01 -2.0827372E+01
2026 07 25 13 40 00 000 -4.7415512E+01 3.8632915E+01 -2.0807617E+01
2026 07 25 13 41 00 000 -4.7424641E+01 3.8638512E+01 -2.0787748E+01
2026 07 25 13 42 00 000 -4.7433739E+01 3.8644180E+01 -2.0767786E+01
2026 07 25 13 43 00 000 -4.7442848E+01 3.8649887E+01 -2.0747700E+01
2026 07 25 13 44 00 000 -4.7451931E+01 3.8655647E+01 -2.0727501E+01
2026 07 25 13 45 00 000 -4.7461021E+01 3.8661465E+01 -2.0707193E+01
2026 07 25 13 46 00 000 -4.7470085E+01 3.8667328E+01 -2.0686779E+01
2026 07 25 13 47 00 000 -4.7479130E+01 3.8673252E+01 -2.0666262E+01
2026 07 25 13 48 00 000 -4.7488174E+01 3.8679218E+01 -2.0645630E+01
2026 07 25 13 49 00 000 -4.7497208E+01 3.8685238E+01 -2.0624891E+01
2026 07 25 13 50 00 000 -4.7506226E+01 3.8691307E+01 -2.0604038E+01
2026 07 25 13 51 00 000 -4.7515244E+01 3.8697422E+01 -2.0583073E+01
2026 07 25 13 52 00 000 -4.7524246E+01 3.8703594E+01 -2.0562008E+01
2026 07 25 13 53 00 000 -4.7533230E+01 3.8709812E+01 -2.0540833E+01
2026 07 25 13 54 00 000 -4.7542202E+01 3.8716084E+01 -2.0519554E+01
2026 07 25 13 55 00 000 -4.7551159E+01 3.8722408E+01 -2.0498169E+01
2026 07 25 13 56 00 000 -4.7560120E+01 3.8728771E+01 -2.0476675E+01
2026 07 25 13 57 00 000 -4.7569073E+01 3.8735172E+01 -2.0455061E+01
2026 07 25 13 58 00 000 -4.7577999E+01 3.8741642E+01 -2.0433357E+01
2026 07 25 13 59 00 000 -4.7586922E+01 3.8748150E+01 -2.0411537E+01
2026 07 25 14 00 00 000 -4.7595825E+01 3.8754704E+01 -2.0389618E+01
2026 07 25 14 01 00 000 -4.7604721E+01 3.8761307E+01 -2.0367594E+01
2026 07 25 14 02 00 000 -4.7613621E+01 3.8767944E+01 -2.0345453E+01
2026 07 25 14 03 00 000 -4.7622498E+01 3.8774632E+01 -2.0323217E+01
2026 07 25 14 04 00 000 -4.7631367E+01 3.8781364E+01 -2.0300873E+01
2026 07 25 14 05 00 000 -4.7640209E+01 3.8788155E+01 -2.0278433E+01
2026 07 25 14 06 00 000 -4.7649059E+01 3.8794975E+01 -2.0255877E+01
2026 07 25 14 07 00 000 -4.7657894E+01 3.8801846E+01 -2.0233227E+01
2026 07 25 14 08 00 000 -4.7666718E+01 3.8808754E+01 -2.0210461E+01
2026 07 25 14 09 00 000 -4.7675522E+01 3.8815716E+01 -2.0187609E+01
2026 07 25 14 10 00 000 -4.7684330E+01 3.8822708E+01 -2.0164637E+01
2026 07 25 14 11 00 000 -4.7693096E+01 3.8829769E+01 -2.0141584E+01
2026 07 25 14 12 00 000 -4.7701885E+01 3.8836838E+01 -2.0118408E+01
2026 07 25 14 13 00 000 -4.7710648E+01 3.8843967E+01 -2.0095142E+01
2026 07 25 14 14 00 000 -4.7719414E+01 3.8851135E+01 -2.0071770E+01
2026 07 25 14 15 00 000 -4.7728157E+01 3.8858341E+01 -2.0048294E+01
2026 07 25 14 16 00 000 -4.7736893E+01 3.8865593E+01 -2.0024721E+01
2026 07 25 14 17 00 000 -4.7745605E+01 3.8872883E+01 -2.0001053E+01
2026 07 25 14 18 00 000 -4.7754337E+01 3.8880203E+01 -1.9977268E+01
2026 07 25 14 19 00 000 -4.7763023E+01 3.8887573E+01 -1.9953402E+01
2026 07 25 14 20 00 000 -4.7771721E+01 3.8894978E+01 -1.9929426E+01
2026 07 25 14 21 00 000 -4.7780403E+01 3.8902420E+01 -1.9905352E+01
2026 07 25 14 22 00 000 -4.7789070E+01 3.8909904E+01 -1.9881182E+01
2026 07 25 14 23 00 000 -4.7797729E+01 3.8917427E+01 -1.9856911E+01
2026 07 25 14 24 00 000 -4.7806377E+01 3.8924976E+01 -1.9832544E+01
2026 07 25 14 25 00 000 -4.7815022E+01 3.8932571E+01 -1.9808081E+01
2026 07 25 14 26 00 000 -4.7823635E+01 3.8940208E+01 -1.9783525E+01
2026 07 25 14 27 00 000 -4.7832253E+01 3.8947872E+01 -1.9758862E+01
2026 07 25 14 28 00 000 -4.7840870E+01 3.8955559E+01 -1.9734098E+01
2026 07 25 14 29 00 000 -4.7849453E+01 3.8963306E+01 -1.9709253E+01
2026 07 25 14 30 00 000 -4.7858032E+01 3.8971088E+01 -1.9684317E+01
2026 07 25 14 31 00 000 -4.7866608E+01 3.8978889E+01 -1.9659273E+01
2026 07 25 14 32 00 000 -4.7875172E+01 3.8986729E+01 -1.9634130E+01
2026 07 25 14 33 00 000 -4.7883720E+01 3.8994591E+01 -1.9608902E+01
2026 07 25 14 34 00 000 -4.7892258E+01 3.9002506E+01 -1.9583582E+01
2026 07 25 14 35 00 000 -4.7900787E+01 3.9010445E+01 -1.9558159E+01
2026 07 25 14 36 00 000 -4.7909317E+01 3.9018402E+01 -1.9532640E+01
2026 07 25 14 37 00 000 -4.7917816E+01 3.9026413E+01 -1.9507040E+01
2026 07 25 14 38 00 000 -4.7926323E+01 3.9034435E+01 -1.9481337E+01
2026 07 25 14 39 00 000 -4.7934803E+01 3.9042503E+01 -1.9455549E+01
2026 07 25 14 40 00 000 -4.7943268E+01 3.9050606E+01 -1.9429680E+01
2026 07 25 14 41 00 000 -4.7951756E+01 3.9058720E+01 -1.9403694E+01
2026 07 25 14 42 00 000 -4.7960197E+01 3.9066883E+01 -1.9377640E+01
2026 07 25 14 43 00 000 -4.7968647E+01 3.9075062E+01 -1.9351484E+01
2026 07 25 14 44 00 000 -4.7977085E+01 3.9083271E+01 -1.9325239E+01
2026 07 25 14 45 00 000 -4.7985512E+01 3.9091515E+01 -1.9298906E+01
2026 07 25 14 46 00 000 -4.7993938E+01 3.9099766E+01 -1.9272478E+01
2026 07 25 14 47 00 000 -4.8002316E+01 3.9108078E+01 -1.9245981E+01
2026 07 25 14 48 00 000 -4.8010708E+01 3.9116394E+01 -1.9219383E+01
2026 07 25 14 49 00 000 -4.8019104E+01 3.9124737E+01 -1.9192684E+01
2026 07 25 14 50 00 000 -4.8027470E+01 3.9133118E+01 -1.9165918E+01
2026 07 25 14 51 00 000 -4.8035820E+01 3.9141521E+01 -1.9139063E+01
2026 07 25 14 52 00 000 -4.8044186E+01 3.9149948E+01 -1.9112114E+01
2026 07 25 14 53 00 000 -4.8052517E+01 3.9158398E+01 -1.9085091E+01
2026 07 25 14 54 00 000 -4.8060841E+01 3.9166866E+01 -1.9057972E+01
2026 07 25 14 55 00 000 -4.8069157E+01 3.9175369E+01 -1.9030773E+01
2026 07 25 14 56 00 000 -4.8077469E+01 3.9183884E+01 -1.9003483E+01
2026 07 25 14 57 00 000 -4.8085770E+01 3.9192436E+01 -1.8976114E+01
2026 07 25 14 58 00 000 -4.8094055E+01 3.9201008E+01 -1.8948668E+01
2026 07 25 14 59 00 000 -4.8102345E+01 3.9209583E+01 -1.8921122E+01
2026 07 25 15 00 00 000 -4.8110600E+01 3.9218212E+01 -1.8893515E+01
2026 07 25 15 01 00 000 -4.8118855E+01 3.9226837E+01 -1.8865810E+01
2026 07 25 15 02 00 000 -4.8127094E+01 3.9235500E+01 -1.8838034E+01
2026 07 25 15 03 00 000 -4.8135330E+01 3.9244171E+01 -1.8810169E+01
2026 07 25 15 04 00 000 -4.8143562E+01 3.9252869E+01 -1.8782230E+01
2026 07 25 15 05 00 000 -4.8151775E+01 3.9261578E+01 -1.8754204E+01
2026 07 25 15 06 00 000 -4.8159985E+01 3.9270306E+01 -1.8726103E+01
2026 07 25 15 07 00 000 -4.8168179E+01 3.9279049E+01 -1.8697920E+01
2026 07 25 15 08 00 000 -4.8176357E+01 3.9287815E+01 -1.8669661E+01
2026 07 25 15 09 00 000 -4.8184528E+01 3.9296616E+01 -1.8641331E+01
2026 07 25 15 10 00 000 -4.8192699E+01 3.9305408E+01 -1.8612904E+01
2026 07 25 15 11 00 000 -4.8200848E+01 3.9314236E+01 -1.8584421E+01
2026 07 25 15 12 00 000 -4.8208984E+01 3.9323067E+01 -1.8555855E+01
2026 07 25 15 13 00 000 -4.8217125E+01 3.9331921E+01 -1.8527208E+01
2026 07 25 15 14 00 000 -4.8225239E+01 3.9340794E+01 -1.8498501E+01
2026 07 25 15 15 00 000 -4.8233356E+01 3.9349674E+01 -1.8469704E+01
2026 07 25 15 16 00 000 -4.8241455E+01 3.9358574E+01 -1.8440838E+01
2026 07 25 15 17 00 000 -4.8249550E+01 3.9367485E+01 -1.8411896E+01
2026 07 25 15 18 00 000 -4.8257626E+01 3.9376415E+01 -1.8382883E+01
2026 07 25 15 19 00 000 -4.8265697E+01 3.9385349E+01 -1.8353796E+01
2026 07 25 15 20 00 000 -4.8273762E+01 3.9394295E+01 -1.8324635E+01
2026 07 25 15 21 00 000 -4.8281799E+01 3.9403271E+01 -1.8295422E+01
2026 07 25 15 22 00 000 -4.8289852E+01 3.9412231E+01 -1.8266111E+01
2026 07 25 15 23 00 000 -4.8297874E+01 3.9421234E+01 -1.8236752E+01
2026 07 25 15 24 00 000 -4.8305897E+01 3.9430229E+01 -1.8207308E+01
2026 07 25 15 25 00 000 -4.8313892E+01 3.9439247E+01 -1.8177805E+01
2026 07 25 15 26 00 000 -4.8321899E+01 3.9448257E+01 -1.8148226E+01
2026 07 25 15 27 00 000 -4.8329884E+01 3.9457294E+01 -1.8118587E+01
2026 07 25 15 28 00 000 -4.8337879E+01 3.9466324E+01 -1.8088865E+01
2026 07 25 15 29 00 000 -4.8345833E+01 3.9475376E+01 -1.8059093E+01
2026 07 25 15 30 00 000 -4.8353809E+01 3.9484421E+01 -1.8029238E+01
2026 07 25 15 31 00 000 -4.8361748E+01 3.9493492E+01 -1.7999342E+01
2026 07 25 15 32 00 000 -4.8369678E+01 3.9502567E+01 -1.7969370E+01
2026 07 25 15 33 00 000 -4.8377613E+01 3.9511639E+01 -1.7939322E+01
2026 07 25 15 34 00 000 -4.8385521E+01 3.9520725E+01 -1.7909225E+01
2026 07 25 15 35 00 000 -4.8393448E+01 3.9529808E+01 -1.7879053E+01
2026 07 25 15 36 00 000 -4.8401329E+01 3.9538918E+01 -1.7848837E+01
2026 07 25 15 37 00 000 -4.8409214E+01 3.9548019E+01 -1.7818552E+01
2026 07 25 15 38 00 000 -4.8417095E+01 3.9557121E+01 -1.7788189E+01
2026 07 25 15 39 00 000 -4.8424953E+01 3.9566246E+01 -1.7757786E+01
2026 07 25 15 40 00 000 -4.8432827E+01 3.9575348E+01 -1.7727306E+01
2026 07 25 15 41 00 000 -4.8440659E+01 3.9584476E+01 -1.7696783E+01
2026 07 25 15 42 00 000 -4.8448502E+01 3.9593594E+01 -1.7666189E+01
2026 07 25 15 43 00 000 -4.8456329E+01 3.9602718E+01 -1.7635544E+01
2026 07 25 15 44 00 000 -4.8464134E+01 3.9611858E+01 -1.7604843E+01
2026 07 25 15 45 00 000 -4.8471947E+01 3.9620979E+01 -1.7574081E+01
2026 07 25 15 46 00 000 -4.8479752E+01 3.9630100E+01 -1.7543251E+01
2026 07 25 15 47 00 000 -4.8487530E+01 3.9639233E+01 -1.7512384E+01
2026 07 25 15 48 00 000 -4.8495300E+01 3.9648384E+01 -1.7481466E+01
2026 07 25 15 49 00 000 -4.8503078E+01 3.9657501E+01 -1.7450472E+01
2026 07 25 15 50 00 000 -4.8510830E+01 3.9666649E+01 -1.7419445E+01
2026 07 25 15 51 00 000 -4.8518585E+01 3.9675766E+01 -1.7388344E+01
2026 07 25 15 52 00 000 -4.8526310E+01 3.9684906E+01 -1.7357206E+01
2026 07 25 15 53 00 000 -4.8534035E+01 3.9694031E+01 -1.7326015E+01
2026 07 25 15 54 00 000 -4.8541756E+01 3.9703156E+01 -1.7294767E+01
2026 07 25 15 55 00 000 -4.8549458E+01 3.9712288E+01 -1.7263479E+01
2026 07 25 15 56 00 000 -4.8557152E+01 3.9721405E+01 -1.7232134E+01
2026 07 25 15 57 00 000 -4.8564838E+01 3.9730526E+01 -1.7200739E+01
2026 07 25 15 58 00 000 -4.8572510E+01 3.9739647E+01 -1.7169304E+01
2026 07 25 15 59 00 000 -4.8580193E+01 3.9748741E+01 -1.7137804E+01
2026 07 25 16 00 00 000 -4.8587849E+01 3.9757858E+01 -1.7106270E+01
2026 07 25 16 01 00 000 -4.8595490E+01 3.9766953E+01 -1.7074682E+01
2026 07 25 16 02 00 000 -4.8603119E+01 3.9776058E+01 -1.7043062E+01
2026 07 25 16 03 00 000 -4.8610752E+01 3.9785152E+01 -1.7011387E+01
2026 07 25 16 04 00 000 -4.8618370E+01 3.9794228E+01 -1.6979664E+01
2026 07 25 16 05 00 000 -4.8625977E+01 3.9803307E+01 -1.6947905E+01
2026 07 25 16 06 00 000 -4.8633579E+01 3.9812382E+01 -1.6916100E+01
2026 07 25 16 07 00 000 -4.8641163E+01 3.9821445E+01 -1.6884256E+01
2026 07 25 16 08 00 000 -4.8648731E+01 3.9830505E+01 -1.6852371E+01
2026 07 25 16 09 00 000 -4.8656296E+01 3.9839554E+01 -1.6820442E+01
2026 07 25 16 10 00 000 -4.8663857E+01 3.9848587E+01 -1.6788473E+01
2026 07 25 16 11 00 000 -4.8671417E+01 3.9857616E+01 -1.6756454E+01
2026 07 25 16 12 00 000 -4.8678947E+01 3.9866646E+01 -1.6724413E+01
2026 07 25 16 13 00 000 -4.8686474E+01 3.9875656E+01 -1.6692327E+01
2026 07 25 16 14 00 000 -4.8693985E+01 3.9884666E+01 -1.6660213E+01
2026 07 25 16 15 00 000 -4.8701492E+01 3.9893654E+01 -1.6628054E+01
2026 07 25 16 16 00 000 -4.8708981E+01 3.9902641E+01 -1.6595863E+01
2026 07 25 16 17 00 000 -4.8716484E+01 3.9911598E+01 -1.6563625E+01
2026 07 25 16 18 00 000 -4.8723953E+01 3.9920567E+01 -1.6531368E+01
2026 07 25 16 19 00 000 -4.8731430E+01 3.9929501E+01 -1.6499065E+01
2026 07 25 16 20 00 000 -4.8738876E+01 3.9938438E+01 -1.6466740E+01
2026 07 25 16 21 00 000 -4.8746342E+01 3.9947353E+01 -1.6434362E+01
2026 07 25 16 22 00 000 -4.8753773E+01 3.9956272E+01 -1.6401978E+01
2026 07 25 16 23 00 000 -4.8761204E+01 3.9965160E+01 -1.6369549E+01
2026 07 25 16 24 00 000 -4.8768608E+01 3.9974045E+01 -1.6337101E+01
2026 07 25 16 25 00 000 -4.8776020E+01 3.9982914E+01 -1.6304621E+01
2026 07 25 16 26 00 000 -4.8783424E+01 3.9991760E+01 -1.6272100E+01
2026 07 25 16 27 00 000 -4.8790821E+01 4.0000587E+01 -1.6239552E+01
2026 07 25 16 28 00 000 -4.8798191E+01 4.0009418E+01 -1.6206989E+01
2026 07 25 16 29 00 000 -4.8805573E+01 4.0018208E+01 -1.6174383E+01
2026 07 25 16 30 00 000 -4.8812912E+01 4.0027016E+01 -1.6141779E+01
2026 07 25 16 31 00 000 -4.8820271E+01 4.0035786E+01 -1.6109133E+01
2026 07 25 16 32 00 000 -4.8827618E+01 4.0044537E+01 -1.6076456E+01
2026 07 25 16 33 00 000 -4.8834942E+01 4.0053280E+01 -1.6043770E+01
2026 07 25 16 34 00 000 -4.8842274E+01 4.0061989E+01 -1.6011045E+01
2026 07 25 16 35 00 000 -4.8849586E+01 4.0070686E+01 -1.5978304E+01
2026 07 25 16 36 00 000 -4.8856873E+01 4.0079384E+01 -1.5945558E+01
2026 07 25 16 37 00 000 -4.8864166E+01 4.0088055E+01 -1.5912776E+01
2026 07 25 16 38 00 000 -4.8871449E+01 4.0096706E+01 -1.5879984E+01
2026 07 25 16 39 00 000 -4.8878723E+01 4.0105324E+01 -1.5847161E+01
2026 07 25 16 40 00 000 -4.8885983E+01 4.0113937E+01 -1.5814321E+01
2026 07 25 16 41 00 000 -4.8893227E+01 4.0122532E+01 -1.5781477E+01
2026 07 25 16 42 00 000 -4.8900482E+01 4.0131096E+01 -1.5748597E+01
2026 07 25 16 43 00 000 -4.8907703E+01 4.0139652E+01 -1.5715718E+01
2026 07 25 16 44 00 000 -4.8914940E+01 4.0148159E+01 -1.5682806E+01
2026 07 25 16 45 00 000 -4.8922157E+01 4.0156658E+01 -1.5649891E+01
2026 07 25 16 46 00 000 -4.8929352E+01 4.0165157E+01 -1.5616967E+01
2026 07 25 16 47 00 000 -4.8936550E+01 4.0173615E+01 -1.5584025E+01
2026 07 25 16 48 00 000 -4.8943733E+01 4.0182049E+01 -1.5551069E+01
2026 07 25 16 49 00 000 -4.8950901E+01 4.0190475E+01 -1.5518112E+01
2026 07 25 16 50 00 000 -4.8958076E+01 4.0198860E+01 -1.5485126E+01
2026 07 25 16 51 00 000 -4.8965221E+01 4.0207241E+01 -1.5452147E+01
2026 07 25 16 52 00 000 -4.8972374E+01 4.0215580E+01 -1.5419146E+01
2026 07 25 16 53 00 000 -4.8979504E+01 4.0223907E+01 -1.5386147E+01
2026 07 25 16 54 00 000 -4.8986633E+01 4.0232204E+01 -1.5353136E+01
2026 07 25 16 55 00 000 -4.8993752E+01 4.0240479E+01 -1.5320114E+01
2026 07 25 16 56 00 000 -4.9000854E+01 4.0248718E+01 -1.5287092E+01
2026 07 25 16 57 00 000 -4.9007957E+01 4.0256950E+01 -1.5254059E+01
2026 07 25 16 58 00 000 -4.9015018E+01 4.0265167E+01 -1.5221043E+01
2026 07 25 16 59 00 000 -4.9022099E+01 4.0273338E+01 -1.5188007E+01
2026 07 25 17 00 00 000 -4.9029175E+01 4.0281479E+01 -1.5154958E+01
2026 07 25 17 01 00 000 -4.9036228E+01 4.0289604E+01 -1.5121922E+01
2026 07 25 17 02 00 000 -4.9043282E+01 4.0297695E+01 -1.5088881E+01
2026 07 25 17 03 00 000 -4.9050327E+01 4.0305767E+01 -1.5055832E+01
2026 07 25 17 04 00 000 -4.9057346E+01 4.0313808E+01 -1.5022791E+01
2026 07 25 17 05 00 000 -4.9064373E+01 4.0321815E+01 -1.4989745E+01
2026 07 25 17 06 00 000 -4.9071384E+01 4.0329796E+01 -1.4956706E+01
2026 07 25 17 07 00 000 -4.9078384E+01 4.0337749E+01 -1.4923663E+01
2026 07 25 17 08 00 000 -4.9085369E+01 4.0345688E+01 -1.4890636E+01
2026 07 25 17 09 00 000 -4.9092361E+01 4.0353584E+01 -1.4857599E+01
2026 07 25 17 10 00 000 -4.9099316E+01 4.0361473E+01 -1.4824587E+01
2026 07 25 17 11 00 000 -4.9106281E+01 4.0369308E+01 -1.4791556E+01
2026 07 25 17 12 00 000 -4.9113224E+01 4.0377129E+01 -1.4758552E+01
2026 07 25 17 13 00 000 -4.9120178E+01 4.0384899E+01 -1.4725538E+01
2026 07 25 17 14 00 000 -4.9127106E+01 4.0392662E+01 -1.4692547E+01
2026 07 25 17 15 00 000 -4.9134041E+01 4.0400383E+01 -1.4659549E+01
2026 07 25 17 16 00 000 -4.9140942E+01 4.0408081E+01 -1.4626577E+01
2026 07 25 17 17 00 000 -4.9147842E+01 4.0415741E+01 -1.4593605E+01
2026 07 25 17 18 00 000 -4.9154743E+01 4.0423374E+01 -1.4560646E+01
2026 07 25 17 19 00 000 -4.9161617E+01 4.0430977E+01 -1.4527709E+01
2026 07 25 17 20 00 000 -4.9168503E+01 4.0438538E+01 -1.4494766E+01
2026 07 25 17 21 00 000 -4.9175365E+01 4.0446091E+01 -1.4461852E+01
2026 07 25 17 22 00 000 -4.9182213E+01 4.0453609E+01 -1.4428950E+01
2026 07 25 17 23 00 000 -4.9189064E+01 4.0461075E+01 -1.4396053E+01
2026 07 25 17 24 00 000 -4.9195892E+01 4.0468513E+01 -1.4363184E+01
2026 07 25 17 25 00 000 -4.9202721E+01 4.0475929E+01 -1.4330320E+01
2026 07 25 17 26 00 000 -4.9209534E+01 4.0483303E+01 -1.4297482E+01
2026 07 25 17 27 00 000 -4.9216351E+01 4.0490650E+01 -1.4264659E+01
2026 07 25 17 28 00 000 -4.9223145E+01 4.0497952E+01 -1.4231856E+01
2026 07 25 17 29 00 000 -4.9229939E+01 4.0505230E+01 -1.4199071E+01
2026 07 25 17 30 00 000 -4.9236717E+01 4.0512478E+01 -1.4166307E+01
2026 07 25 17 31 00 000 -4.9243481E+01 4.0519695E+01 -1.4133565E+01
2026 07 25 17 32 00 000 -4.9250244E+01 4.0526867E+01 -1.4100842E+01
2026 07 25 17 33 00 000 -4.9256985E+01 4.0534016E+01 -1.4068149E+01
2026 07 25 17 34 00 000 -4.9263725E+01 4.0541122E+01 -1.4035475E+01
2026 07 25 17 35 00 000 -4.9270458E+01 4.0548199E+01 -1.4002828E+01
2026 07 25 17 36 00 000 -4.9277184E+01 4.0555237E+01 -1.3970200E+01
2026 07 25 17 37 00 000 -4.9283882E+01 4.0562237E+01 -1.3937606E+01
2026 07 25 17 38 00 000 -4.9290588E+01 4.0569214E+01 -1.3905033E+01
2026 07 25 17 39 00 000 -4.9297283E+01 4.0576149E+01 -1.3872486E+01
2026 07 25 17 40 00 000 -4.9303967E+01 4.0583031E+01 -1.3839969E+01
2026 07 25 17 41 00 000 -4.9310642E+01 4.0589893E+01 -1.3807485E+01
2026 07 25 17 42 00 000 -4.9317307E+01 4.0596722E+01 -1.3775023E+01
2026 07 25 17 43 00 000 -4.9323963E+01 4.0603516E+01 -1.3742596E+01
2026 07 25 17 44 00 000 -4.9330608E+01 4.0610271E+01 -1.3710200E+01
2026 07 25 17 45 00 000 -4.9337242E+01 4.0616982E+01 -1.3677835E+01
2026 07 25 17 46 00 000 -4.9343853E+01 4.0623665E+01 -1.3645508E+01
2026 07 25 17 47 00 000 -4.9350464E+01 4.0630322E+01 -1.3613218E+01
2026 07 25 17 48 00 000 -4.9357086E+01 4.0636925E+01 -1.3580948E+01
2026 07 25 17 49 00 000 -4.9363678E+01 4.0643490E+01 -1.3548718E+01
2026 07 25 17 50 00 000 -4.9370251E+01 4.0650024E+01 -1.3516533E+01
2026 07 25 17 51 00 000 -4.9376839E+01 4.0656521E+01 -1.3484376E+01
2026 07 25 17 52 00 000 -4.9383408E+01 4.0662983E+01 -1.3452257E+01
2026 07 25 17 53 00 000 -4.9389961E+01 4.0669399E+01 -1.3420172E+01
2026 07 25 17 54 00 000 -4.9396519E+01 4.0675777E+01 -1.3388129E+01
2026 07 25 17 55 00 000 -4.9403057E+01 4.0682117E+01 -1.3356129E+01
2026 07 25 17 56 00 000 -4.9409580E+01 4.0688423E+01 -1.3324169E+01
2026 07 25 17 57 00 000 -4.9416100E+01 4.0694702E+01 -1.3292251E+01
2026 07 25 17 58 00 000 -4.9422607E+01 4.0700924E+01 -1.3260370E+01
2026 07 25 17 59 00 000 -4.9429123E+01 4.0707108E+01 -1.3228526E+01
2026 07 25 18 00 00 000 -4.9435608E+01 4.0713261E+01 -1.3196738E+01
2026 07 25 18 01 00 000 -4.9442070E+01 4.0719387E+01 -1.3164998E+01
2026 07 25 18 02 00 000 -4.9448551E+01 4.0725464E+01 -1.3133294E+01
2026 07 25 18 03 00 000 -4.9455006E+01 4.0731487E+01 -1.3101632E+01
2026 07 25 18 04 00 000 -4.9461468E+01 4.0737492E+01 -1.3070022E+01
2026 07 25 18 05 00 000 -4.9467907E+01 4.0743443E+01 -1.3038456E+01
2026 07 25 18 06 00 000 -4.9474346E+01 4.0749355E+01 -1.3006937E+01
2026 07 25 18 07 00 000 -4.9480762E+01 4.0755245E+01 -1.2975472E+01
2026 07 25 18 08 00 000 -4.9487179E+01 4.0761078E+01 -1.2944053E+01
2026 07 25 18 09 00 000 -4.9493584E+01 4.0766876E+01 -1.2912685E+01
2026 07 25 18 10 00 000 -4.9499989E+01 4.0772625E+01 -1.2881358E+01
2026 07 25 18 11 00 000 -4.9506367E+01 4.0778355E+01 -1.2850092E+01
2026 07 25 18 12 00 000 -4.9512756E+01 4.0784019E+01 -1.2818870E+01
2026 07 25 18 13 00 000 -4.9519115E+01 4.0789658E+01 -1.2787715E+01
2026 07 25 18 14 00 000 -4.9525467E+01 4.0795269E+01 -1.2756610E+01
2026 07 25 18 15 00 000 -4.9531818E+01 4.0800816E+01 -1.2725547E+01
2026 07 25 18 16 00 000 -4.9538162E+01 4.0806328E+01 -1.2694548E+01
2026 07 25 18 17 00 000 -4.9544483E+01 4.0811810E+01 -1.2663608E+01
2026 07 25 18 18 00 000 -4.9550800E+01 4.0817242E+01 -1.2632718E+01
2026 07 25 18 19 00 000 -4.9557106E+01 4.0822651E+01 -1.2601892E+01
2026 07 25 18 20 00 000 -4.9563412E+01 4.0827999E+01 -1.2571114E+01
2026 07 25 18 21 00 000 -4.9569695E+01 4.0833313E+01 -1.2540404E+01
2026 07 25 18 22 00 000 -4.9575989E+01 4.0838581E+01 -1.2509744E+01
2026 07 25 18 23 00 000 -4.9582264E+01 4.0843803E+01 -1.2479144E+01
2026 07 25 18 24 00 000 -4.9588505E+01 4.0849010E+01 -1.2448625E+01
2026 07 25 18 25 00 000 -4.9594769E+01 4.0854153E+01 -1.2418139E+01
2026 07 25 18 26 00 000 -4.9601006E+01 4.0859272E+01 -1.2387734E+01
2026 07 25 18 27 00 000 -4.9607250E+01 4.0864315E+01 -1.2357377E+01
2026 07 25 18 28 00 000 -4.9613472E+01 4.0869350E+01 -1.2327087E+01
2026 07 25 18 29 00 000 -4.9619682E+01 4.0874332E+01 -1.2296872E+01
2026 07 25 18 30 00 000 -4.9625881E+01 4.0879280E+01 -1.2266714E+01
2026 07 25 18 31 00 000 -4.9632084E+01 4.0884178E+01 -1.2236624E+01
2026 07 25 18 32 00 000 -4.9638268E+01 4.0889038E+01 -1.2206597E+01
2026 07 25 18 33 00 000 -4.9644447E+01 4.0893864E+01 -1.2176637E+01
2026 07 25 18 34 00 000 -4.9650616E+01 4.0898628E+01 -1.2146744E+01
2026 07 25 18 35 00 000 -4.9656776E+01 4.0903355E+01 -1.2116919E+01
2026 07 25 18 36 00 000 -4.9662910E+01 4.0908066E+01 -1.2087170E+01
2026 07 25 18 37 00 000 -4.9669056E+01 4.0912704E+01 -1.2057476E+01
2026 07 25 18 38 00 000 -4.9675179E+01 4.0917313E+01 -1.2027868E+01
2026 07 25 18 39 00 000 -4.9681309E+01 4.0921879E+01 -1.1998313E+01
2026 07 25 18 40 00 000 -4.9687401E+01 4.0926422E+01 -1.1968856E+01
2026 07 25 18 41 00 000 -4.9693504E+01 4.0930904E+01 -1.1939449E+01
2026 07 25 18 42 00 000 -4.9699596E+01 4.0935341E+01 -1.1910120E+01
2026 07 25 18 43 00 000 -4.9705673E+01 4.0939732E+01 -1.1880861E+01
2026 07 25 18 44 00 000 -4.9711750E+01 4.0944096E+01 -1.1851682E+01
2026 07 25 18 45 00 000 -4.9717812E+01 4.0948410E+01 -1.1822570E+01
2026 07 25 18 46 00 000 -4.9723850E+01 4.0952690E+01 -1.1793545E+01
2026 07 25 18 47 00 000 -4.9729900E+01 4.0956924E+01 -1.1764595E+01
2026 07 25 18 48 00 000 -4.9735931E+01 4.0961105E+01 -1.1735709E+01
2026 07 25 18 49 00 000 -4.9741962E+01 4.0965244E+01 -1.1706901E+01
2026 07 25 18 50 00 000 -4.9747963E+01 4.0969364E+01 -1.1678181E+01
2026 07 25 18 51 00 000 -4.9753975E+01 4.0973434E+01 -1.1649540E+01
2026 07 25 18 52 00 000 -4.9759975E+01 4.0977440E+01 -1.1620964E+01
2026 07 25 18 53 00 000 -4.9765945E+01 4.0981434E+01 -1.1592484E+01
2026 07 25 18 54 00 000 -4.9771935E+01 4.0985363E+01 -1.1564072E+01
2026 07 25 18 55 00 000 -4.9777905E+01 4.0989250E+01 -1.1535736E+01
2026 07 25 18 56 00 000 -4.9783848E+01 4.0993107E+01 -1.1507498E+01
2026 07 25 18 57 00 000 -4.9789799E+01 4.0996925E+01 -1.1479331E+01
2026 07 25 18 58 00 000 -4.9795738E+01 4.1000690E+01 -1.1451253E+01
2026 07 25 18 59 00 000 -4.9801678E+01 4.1004410E+01 -1.1423248E+01
2026 07 25 19 00 00 000 -4.9807590E+01 4.1008102E+01 -1.1395339E+01
2026 07 25 19 01 00 000 -4.9813480E+01 4.1011765E+01 -1.1367522E+01
2026 07 25 19 02 00 000 -4.9819386E+01 4.1015354E+01 -1.1339769E+01
2026 07 25 19 03 00 000 -4.9825279E+01 4.1018913E+01 -1.1312108E+01
2026 07 25 19 04 00 000 -4.9831150E+01 4.1022434E+01 -1.1284536E+01
2026 07 25 19 05 00 000 -4.9837025E+01 4.1025898E+01 -1.1257053E+01
2026 07 25 19 06 00 000 -4.9842880E+01 4.1029343E+01 -1.1229656E+01
2026 07 25 19 07 00 000 -4.9848740E+01 4.1032730E+01 -1.1202347E+01
2026 07 25 19 08 00 000 -4.9854580E+01 4.1036076E+01 -1.1175119E+01
2026 07 25 19 09 00 000 -4.9860424E+01 4.1039371E+01 -1.1147975E+01
2026 07 25 19 10 00 000 -4.9866241E+01 4.1042645E+01 -1.1120938E+01
2026 07 25 19 11 00 000 -4.9872044E+01 4.1045876E+01 -1.1093989E+01
2026 07 25 19 12 00 000 -4.9877850E+01 4.1049065E+01 -1.1067122E+01
2026 07 25 19 13 00 000 -4.9883644E+01 4.1052193E+01 -1.1040349E+01
2026 07 25 19 14 00 000 -4.9889431E+01 4.1055286E+01 -1.1013665E+01
2026 07 25 19 15 00 000 -4.9895203E+01 4.1058353E+01 -1.0987082E+01
2026 07 25 19 16 00 000 -4.9900978E+01 4.1061356E+01 -1.0960578E+01
2026 07 25 19 17 00 000 -4.9906731E+01 4.1064335E+01 -1.0934176E+01
2026 07 25 19 18 00 000 -4.9912464E+01 4.1067272E+01 -1.0907879E+01
2026 07 25 19 19 00 000 -4.9918213E+01 4.1070152E+01 -1.0881654E+01
2026 07 25 19 20 00 000 -4.9923939E+01 4.1073006E+01 -1.0855539E+01
2026 07 25 19 21 00 000 -4.9929646E+01 4.1075829E+01 -1.0829518E+01
2026 07 25 19 22 00 000 -4.9935360E+01 4.1078583E+01 -1.0803586E+01
2026 07 25 19 23 00 000 -4.9941048E+01 4.1081322E+01 -1.0777762E+01
2026 07 25 19 24 00 000 -4.9946747E+01 4.1083992E+01 -1.0752021E+01
2026 07 25 19 25 00 000 -4.9952431E+01 4.1086639E+01 -1.0726385E+01
2026 07 25 19 26 00 000 -4.9958092E+01 4.1089241E+01 -1.0700847E+01
2026 07 25 19 27 00 000 -4.9963760E+01 4.1091785E+01 -1.0675406E+01
2026 07 25 19 28 00 000 -4.9969391E+01 4.1094326E+01 -1.0650072E+01
2026 07 25 19 29 00 000 -4.9975044E+01 4.1096790E+01 -1.0624825E+01
2026 07 25 19 30 00 000 -4.9980679E+01 4.1099228E+01 -1.0599683E+01
2026 07 25 19 31 00 000 -4.9986290E+01 4.1101635E+01 -1.0574645E+01
2026 07 25 19 32 00 000 -4.9991913E+01 4.1103966E+01 -1.0549695E+01
2026 07 25 19 33 00 000 -4.9997498E+01 4.1106297E+01 -1.0524866E+01
2026 07 25 19 34 00 000 -5.0003094E+01 4.1108566E+01 -1.0500130E+01
2026 07 25 19 35 00 000 -5.0008682E+01 4.1110802E+01 -1.0475489E+01
2026 07 25 19 36 00 000 -5.0014259E+01 4.1112995E+01 -1.0450958E+01
2026 07 25 19 37 00 000 -5.0019817E+01 4.1115147E+01 -1.0426531E+01
2026 07 25 19 38 00 000 -5.0025375E+01 4.1117256E+01 -1.0402202E+01
2026 07 25 19 39 00 000 -5.0030910E+01 4.1119331E+01 -1.0377987E+01
2026 07 25 19 40 00 000 -5.0036449E+01 4.1121361E+01 -1.0353869E+01
2026 07 25 19 41 00 000 -5.0041981E+01 4.1123333E+01 -1.0329854E+01
2026 07 25 19 42 00 000 -5.0047485E+01 4.1125305E+01 -1.0305958E+01
2026 07 25 19 43 00 000 -5.0052990E+01 4.1127213E+01 -1.0282163E+01
2026 07 25 19 44 00 000 -5.0058498E+01 4.1129074E+01 -1.0258461E+01
2026 07 25 19 45 00 000 -5.0063976E+01 4.1130917E+01 -1.0234878E+01
2026 07 25 19 46 00 000 -5.0069450E+01 4.1132702E+01 -1.0211400E+01
2026 07 25 19 47 00 000 -5.0074921E+01 4.1134449E+01 -1.0188026E+01
2026 07 25 19 48 00 000 -5.0080395E+01 4.1136150E+01 -1.0164759E+01
2026 07 25 19 49 00 000 -5.0085827E+01 4.1137833E+01 -1.0141609E+01
2026 07 25 19 50 00 000 -5.0091259E+01 4.1139473E+01 -1.0118572E+01
2026 07 25 19 51 00 000 -5.0096699E+01 4.1141052E+01 -1.0095625E+01
2026 07 25 19 52 00 000 -5.0102112E+01 4.1142612E+01 -1.0072806E+01
2026 07 25 19 53 00 000 -5.0107529E+01 4.1144112E+01 -1.0050087E+01
2026 07 25 19 54 00 000 -5.0112923E+01 4.1145596E+01 -1.0027486E+01
2026 07 25 19 55 00 000 -5.0118320E+01 4.1147018E+01 -1.0004987E+01
2026 07 25 19 56 00 000 -5.0123692E+01 4.1148411E+01 -9.9826078E+00
2026 07 25 19 57 00 000 -5.0129051E+01 4.1149784E+01 -9.9603405E+00
2026 07 25 19 58 00 000 -5.0134426E+01 4.1151096E+01 -9.9381771E+00
2026 07 25 19 59 00 000 -5.0139774E+01 4.1152367E+01 -9.9161310E+00
2026 07 25 20 00 00 000 -5.0145111E+01 4.1153622E+01 -9.8942041E+00
2026 07 25 20 01 00 000 -5.0150444E+01 4.1154812E+01 -9.8723841E+00
2026 07 25 20 02 00 000 -5.0155773E+01 4.1155972E+01 -9.8506708E+00
2026 07 25 20 03 00 000 -5.0161083E+01 4.1157104E+01 -9.8290844E+00
2026 07 25 20 04 00 000 -5.0166374E+01 4.1158195E+01 -9.8076124E+00
2026 07 25 20 05 00 000 -5.0171680E+01 4.1159225E+01 -9.7862434E+00
2026 07 25 20 06 00 000 -5.0176960E+01 4.1160252E+01 -9.7649994E+00
2026 07 25 20 07 00 000 -5.0182243E+01 4.1161213E+01 -9.7438622E+00
2026 07 25 20 08 00 000 -5.0187496E+01 4.1162151E+01 -9.7228470E+00
2026 07 25 20 09 00 000 -5.0192757E+01 4.1163040E+01 -9.7019453E+00
2026 07 25 20 10 00 000 -5.0197983E+01 4.1163918E+01 -9.6811771E+00
2026 07 25 20 11 00 000 -5.0203217E+01 4.1164726E+01 -9.6605062E+00
2026 07 25 20 12 00 000 -5.0208454E+01 4.1165504E+01 -9.6399574E+00
2026 07 25 20 13 00 000 -5.0213673E+01 4.1166241E+01 -9.6195164E+00
2026 07 25 20 14 00 000 -5.0218872E+01 4.1166954E+01 -9.5992107E+00
2026 07 25 20 15 00 000 -5.0224068E+01 4.1167622E+01 -9.5790100E+00
2026 07 25 20 16 00 000 -5.0229256E+01 4.1168259E+01 -9.5589323E+00
2026 07 25 20 17 00 000 -5.0234432E+01 4.1168850E+01 -9.5389757E+00
2026 07 25 20 18 00 000 -5.0239601E+01 4.1169407E+01 -9.5191383E+00
2026 07 25 20 19 00 000 -5.0244751E+01 4.1169914E+01 -9.4994173E+00
2026 07 25 20 20 00 000 -5.0249901E+01 4.1170410E+01 -9.4798145E+00
2026 07 25 20 21 00 000 -5.0255032E+01 4.1170856E+01 -9.4603453E+00
2026 07 25 20 22 00 000 -5.0260159E+01 4.1171265E+01 -9.4409790E+00
2026 07 25 20 23 00 000 -5.0265285E+01 4.1171638E+01 -9.4217424E+00
2026 07 25 20 24 00 000 -5.0270393E+01 4.1171967E+01 -9.4026175E+00
2026 07 25 20 25 00 000 -5.0275482E+01 4.1172283E+01 -9.3836327E+00
2026 07 25 20 26 00 000 -5.0280567E+01 4.1172550E+01 -9.3647547E+00
2026 07 25 20 27 00 000 -5.0285648E+01 4.1172771E+01 -9.3460016E+00
2026 07 25 20 28 00 000 -5.0290722E+01 4.1172962E+01 -9.3273687E+00
2026 07 25 20 29 00 000 -5.0295784E+01 4.1173119E+01 -9.3088608E+00
2026 07 25 20 30 00 000 -5.0300831E+01 4.1173241E+01 -9.2904749E+00
2026 07 25 20 31 00 000 -5.0305870E+01 4.1173321E+01 -9.2722111E+00
2026 07 25 20 32 00 000 -5.0310883E+01 4.1173382E+01 -9.2540770E+00
2026 07 25 20 33 00 000 -5.0315910E+01 4.1173382E+01 -9.2360582E+00
2026 07 25 20 34 00 000 -5.0320927E+01 4.1173347E+01 -9.2181606E+00
2026 07 25 20 35 00 000 -5.0325920E+01 4.1173306E+01 -9.2003956E+00
2026 07 25 20 36 00 000 -5.0330929E+01 4.1173199E+01 -9.1827402E+00
2026 07 25 20 37 00 000 -5.0335896E+01 4.1173073E+01 -9.1652241E+00
2026 07 25 20 38 00 000 -5.0340862E+01 4.1172913E+01 -9.1478329E+00
2026 07 25 20 39 00 000 -5.0345825E+01 4.1172707E+01 -9.1305590E+00
2026 07 25 20 40 00 000 -5.0350780E+01 4.1172482E+01 -9.1134167E+00
2026 07 25 20 41 00 000 -5.0355724E+01 4.1172203E+01 -9.0963888E+00
2026 07 25 20 42 00 000 -5.0360653E+01 4.1171894E+01 -9.0794926E+00
2026 07 25 20 43 00 000 -5.0365562E+01 4.1171574E+01 -9.0627327E+00
2026 07 25 20 44 00 000 -5.0370476E+01 4.1171185E+01 -9.0460863E+00
2026 07 25 20 45 00 000 -5.0375378E+01 4.1170792E+01 -9.0295734E+00
2026 07 25 20 46 00 000 -5.0380280E+01 4.1170334E+01 -9.0131788E+00
2026 07 25 20 47 00 000 -5.0385143E+01 4.1169872E+01 -8.9969187E+00
2026 07 25 20 48 00 000 -5.0390018E+01 4.1169361E+01 -8.9807825E+00
2026 07 25 20 49 00 000 -5.0394886E+01 4.1168800E+01 -8.9647655E+00
2026 07 25 20 50 00 000 -5.0399731E+01 4.1168232E+01 -8.9488869E+00
2026 07 25 20 51 00 000 -5.0404568E+01 4.1167625E+01 -8.9331293E+00
2026 07 25 20 52 00 000 -5.0409420E+01 4.1166958E+01 -8.9174976E+00
2026 07 25 20 53 00 000 -5.0414234E+01 4.1166290E+01 -8.9020014E+00
2026 07 25 20 54 00 000 -5.0419041E+01 4.1165581E+01 -8.8866301E+00
2026 07 25 20 55 00 000 -5.0423843E+01 4.1164829E+01 -8.8713865E+00
2026 07 25 20 56 00 000 -5.0428638E+01 4.1164047E+01 -8.8562679E+00
2026 07 25 20 57 00 000 -5.0433422E+01 4.1163231E+01 -8.8412781E+00
2026 07 25 20 58 00 000 -5.0438210E+01 4.1162365E+01 -8.8264151E+00
2026 07 25 20 59 00 000 -5.0442963E+01 4.1161499E+01 -8.8116903E+00
2026 07 25 21 00 00 000 -5.0447716E+01 4.1160576E+01 -8.7970858E+00
2026 07 25 21 01 00 000 -5.0452450E+01 4.1159645E+01 -8.7826223E+00
2026 07 25 21 02 00 000 -5.0457188E+01 4.1158642E+01 -8.7682724E+00
2026 07 25 21 03 00 000 -5.0461918E+01 4.1157639E+01 -8.7540569E+00
2026 07 25 21 04 00 000 -5.0466618E+01 4.1156597E+01 -8.7399817E+00
2026 07 25 21 05 00 000 -5.0471329E+01 4.1155514E+01 -8.7260180E+00
2026 07 25 21 06 00 000 -5.0476009E+01 4.1154415E+01 -8.7122040E+00
2026 07 25 21 07 00 000 -5.0480694E+01 4.1153275E+01 -8.6985140E+00
2026 07 25 21 08 00 000 -5.0485363E+01 4.1152100E+01 -8.6849489E+00
2026 07 25 21 09 00 000 -5.0490028E+01 4.1150890E+01 -8.6715155E+00
2026 07 25 21 10 00 000 -5.0494678E+01 4.1149647E+01 -8.6582108E+00
2026 07 25 21 11 00 000 -5.0499313E+01 4.1148384E+01 -8.6450415E+00
2026 07 25 21 12 00 000 -5.0503960E+01 4.1147072E+01 -8.6319952E+00
2026 07 25 21 13 00 000 -5.0508579E+01 4.1145733E+01 -8.6190872E+00
2026 07 25 21 14 00 000 -5.0513184E+01 4.1144363E+01 -8.6063080E+00
2026 07 25 21 15 00 000 -5.0517784E+01 4.1142971E+01 -8.5936594E+00
2026 07 25 21 16 00 000 -5.0522388E+01 4.1141544E+01 -8.5811443E+00
2026 07 25 21 17 00 000 -5.0526966E+01 4.1140079E+01 -8.5687542E+00
2026 07 25 21 18 00 000 -5.0531540E+01 4.1138580E+01 -8.5565014E+00
2026 07 25 21 19 00 000 -5.0536110E+01 4.1137043E+01 -8.5443697E+00
2026 07 25 21 20 00 000 -5.0540653E+01 4.1135506E+01 -8.5323820E+00
2026 07 25 21 21 00 000 -5.0545185E+01 4.1133919E+01 -8.5205278E+00
2026 07 25 21 22 00 000 -5.0549717E+01 4.1132298E+01 -8.5088005E+00
2026 07 25 21 23 00 000 -5.0554249E+01 4.1130642E+01 -8.4972000E+00
2026 07 25 21 24 00 000 -5.0558762E+01 4.1128963E+01 -8.4857349E+00
2026 07 25 21 25 00 000 -5.0563267E+01 4.1127251E+01 -8.4743996E+00
2026 07 25 21 26 00 000 -5.0567757E+01 4.1125515E+01 -8.4631996E+00
2026 07 25 21 27 00 000 -5.0572231E+01 4.1123734E+01 -8.4521322E+00
2026 07 25 21 28 00 000 -5.0576698E+01 4.1121944E+01 -8.4411993E+00
2026 07 25 21 29 00 000 -5.0581150E+01 4.1120113E+01 -8.4304008E+00
2026 07 25 21 30 00 000 -5.0585609E+01 4.1118244E+01 -8.4197245E+00
2026 07 25 21 31 00 000 -5.0590046E+01 4.1116344E+01 -8.4091854E+00
2026 07 25 21 32 00 000 -5.0594486E+01 4.1114414E+01 -8.3987751E+00
2026 07 25 21 33 00 000 -5.0598904E+01 4.1112461E+01 -8.3884983E+00
2026 07 25 21 34 00 000 -5.0603321E+01 4.1110477E+01 -8.3783598E+00
2026 07 25 21 35 00 000 -5.0607708E+01 4.1108463E+01 -8.3683548E+00
2026 07 25 21 36 00 000 -5.0612099E+01 4.1106419E+01 -8.3584795E+00
2026 07 25 21 37 00 000 -5.0616482E+01 4.1104343E+01 -8.3487320E+00
2026 07 25 21 38 00 000 -5.0620850E+01 4.1102234E+01 -8.3391190E+00
2026 07 25 21 39 00 000 -5.0625210E+01 4.1100101E+01 -8.3296442E+00
2026 07 25 21 40 00 000 -5.0629559E+01 4.1097935E+01 -8.3203001E+00
2026 07 25 21 41 00 000 -5.0633904E+01 4.1095741E+01 -8.3110857E+00
2026 07 25 21 42 00 000 -5.0638214E+01 4.1093521E+01 -8.3020086E+00
2026 07 25 21 43 00 000 -5.0642551E+01 4.1091259E+01 -8.2930574E+00
2026 07 25 21 44 00 000 -5.0646862E+01 4.1088970E+01 -8.2842407E+00
2026 07 25 21 45 00 000 -5.0651154E+01 4.1086658E+01 -8.2755623E+00
2026 07 25 21 46 00 000 -5.0655430E+01 4.1084328E+01 -8.2670202E+00
2026 07 25 21 47 00 000 -5.0659718E+01 4.1081955E+01 -8.2586031E+00
2026 07 25 21 48 00 000 -5.0663979E+01 4.1079552E+01 -8.2503195E+00
2026 07 25 21 49 00 000 -5.0668228E+01 4.1077133E+01 -8.2421770E+00
2026 07 25 21 50 00 000 -5.0672470E+01 4.1074665E+01 -8.2341604E+00
2026 07 25 21 51 00 000 -5.0676708E+01 4.1072182E+01 -8.2262802E+00
2026 07 25 21 52 00 000 -5.0680927E+01 4.1069675E+01 -8.2185326E+00
2026 07 25 21 53 00 000 -5.0685154E+01 4.1067120E+01 -8.2109127E+00
2026 07 25 21 54 00 000 -5.0689365E+01 4.1064545E+01 -8.2034235E+00
2026 07 25 21 55 00 000 -5.0693554E+01 4.1061943E+01 -8.1960773E+00
2026 07 25 21 56 00 000 -5.0697746E+01 4.1059303E+01 -8.1888542E+00
2026 07 25 21 57 00 000 -5.0701893E+01 4.1056667E+01 -8.1817827E+00
2026 07 25 21 58 00 000 -5.0706070E+01 4.1053970E+01 -8.1748276E+00
2026 07 25 21 59 00 000 -5.0710232E+01 4.1051239E+01 -8.1680040E+00
2026 07 25 22 00 00 000 -5.0714371E+01 4.1048496E+01 -8.1613216E+00
2026 07 25 22 01 00 000 -5.0718498E+01 4.1045723E+01 -8.1547670E+00
2026 07 25 22 02 00 000 -5.0722614E+01 4.1042931E+01 -8.1483517E+00
2026 07 25 22 03 00 000 -5.0726719E+01 4.1040108E+01 -8.1420650E+00
2026 07 25 22 04 00 000 -5.0730820E+01 4.1037239E+01 -8.1359129E+00
2026 07 25 22 05 00 000 -5.0734928E+01 4.1034348E+01 -8.1298857E+00
2026 07 25 22 06 00 000 -5.0738998E+01 4.1031433E+01 -8.1239996E+00
2026 07 25 22 07 00 000 -5.0743073E+01 4.1028481E+01 -8.1182442E+00
2026 07 25 22 08 00 000 -5.0747120E+01 4.1025528E+01 -8.1126242E+00
2026 07 25 22 09 00 000 -5.0751183E+01 4.1022518E+01 -8.1071310E+00
2026 07 25 22 10 00 000 -5.0755211E+01 4.1019505E+01 -8.1017761E+00
2026 07 25 22 11 00 000 -5.0759239E+01 4.1016426E+01 -8.0965471E+00
2026 07 25 22 12 00 000 -5.0763264E+01 4.1013351E+01 -8.0914564E+00
2026 07 25 22 13 00 000 -5.0767269E+01 4.1010242E+01 -8.0864944E+00
2026 07 25 22 14 00 000 -5.0771252E+01 4.1007107E+01 -8.0816698E+00
2026 07 25 22 15 00 000 -5.0775230E+01 4.1003956E+01 -8.0769815E+00
2026 07 25 22 16 00 000 -5.0779213E+01 4.1000759E+01 -8.0724154E+00
2026 07 25 22 17 00 000 -5.0783184E+01 4.0997524E+01 -8.0679789E+00
2026 07 25 22 18 00 000 -5.0787132E+01 4.0994282E+01 -8.0636845E+00
2026 07 25 22 19 00 000 -5.0791084E+01 4.0991001E+01 -8.0595083E+00
2026 07 25 22 20 00 000 -5.0795010E+01 4.0987701E+01 -8.0554838E+00
2026 07 25 22 21 00 000 -5.0798931E+01 4.0984360E+01 -8.0515757E+00
2026 07 25 22 22 00 000 -5.0802845E+01 4.0981018E+01 -8.0478058E+00
2026 07 25 22 23 00 000 -5.0806755E+01 4.0977615E+01 -8.0441628E+00
2026 07 25 22 24 00 000 -5.0810642E+01 4.0974201E+01 -8.0406570E+00
2026 07 25 22 25 00 000 -5.0814507E+01 4.0970776E+01 -8.0372868E+00
2026 07 25 22 26 00 000 -5.0818386E+01 4.0967293E+01 -8.0340357E+00
2026 07 25 22 27 00 000 -5.0822243E+01 4.0963806E+01 -8.0309267E+00
2026 07 25 22 28 00 000 -5.0826096E+01 4.0960274E+01 -8.0279388E+00
2026 07 25 22 29 00 000 -5.0829929E+01 4.0956738E+01 -8.0250931E+00
2026 07 25 22 30 00 000 -5.0833744E+01 4.0953163E+01 -8.0223770E+00
2026 07 25 22 31 00 000 -5.0837559E+01 4.0949554E+01 -8.0197868E+00
2026 07 25 22 32 00 000 -5.0841362E+01 4.0945930E+01 -8.0173311E+00
2026 07 25 22 33 00 000 -5.0845169E+01 4.0942265E+01 -8.0150003E+00
2026 07 25 22 34 00 000 -5.0848938E+01 4.0938583E+01 -8.0128031E+00
2026 07 25 22 35 00 000 -5.0852711E+01 4.0934872E+01 -8.0107393E+00
2026 07 25 22 36 00 000 -5.0856480E+01 4.0931129E+01 -8.0088015E+00
2026 07 25 22 37 00 000 -5.0860237E+01 4.0927357E+01 -8.0069962E+00
2026 07 25 22 38 00 000 -5.0863972E+01 4.0923569E+01 -8.0053205E+00
2026 07 25 22 39 00 000 -5.0867691E+01 4.0919758E+01 -8.0037813E+00
2026 07 25 22 40 00 000 -5.0871426E+01 4.0915894E+01 -8.0023623E+00
2026 07 25 22 41 00 000 -5.0875122E+01 4.0912033E+01 -8.0010805E+00
2026 07 25 22 42 00 000 -5.0878822E+01 4.0908119E+01 -7.9999223E+00
2026 07 25 22 43 00 000 -5.0882504E+01 4.0904205E+01 -7.9988999E+00
2026 07 25 22 44 00 000 -5.0886166E+01 4.0900257E+01 -7.9980111E+00
2026 07 25 22 45 00 000 -5.0889847E+01 4.0896255E+01 -7.9972386E+00
2026 07 25 22 46 00 000 -5.0893494E+01 4.0892265E+01 -7.9966035E+00
2026 07 25 22 47 00 000 -5.0897141E+01 4.0888218E+01 -7.9960909E+00
2026 07 25 22 48 00 000 -5.0900776E+01 4.0884151E+01 -7.9957099E+00
2026 07 25 22 49 00 000 -5.0904400E+01 4.0880066E+01 -7.9954581E+00
2026 07 25 22 50 00 000 -5.0908005E+01 4.0875961E+01 -7.9953427E+00
2026 07 25 22 51 00 000 -5.0911602E+01 4.0871815E+01 -7.9953513E+00
2026 07 25 22 52 00 000 -5.0915192E+01 4.0867649E+01 -7.9954839E+00
2026 07 25 22 53 00 000 -5.0918758E+01 4.0863461E+01 -7.9957490E+00
2026 07 25 22 54 00 000 -5.0922333E+01 4.0859219E+01 -7.9961390E+00
2026 07 25 22 55 00 000 -5.0925880E+01 4.0854988E+01 -7.9966626E+00
2026 07 25 22 56 00 000 -5.0929428E+01 4.0850708E+01 -7.9973073E+00
2026 07 25 22 57 00 000 -5.0932957E+01 4.0846405E+01 -7.9980826E+00
2026 07 25 22 58 00 000 -5.0936493E+01 4.0842064E+01 -7.9989786E+00
2026 07 25 22 59 00 000 -5.0939995E+01 4.0837715E+01 -8.0000134E+00
2026 07 25 23 00 00 000 -5.0943489E+01 4.0833344E+01 -8.0011740E+00
2026 07 25 23 01 00 000 -5.0946987E+01 4.0828922E+01 -8.0024490E+00
2026 07 25 23 02 00 000 -5.0950459E+01 4.0824493E+01 -8.0038643E+00
2026 07 25 23 03 00 000 -5.0953934E+01 4.0820015E+01 -8.0053978E+00
2026 07 25 23 04 00 000 -5.0957375E+01 4.0815540E+01 -8.0070629E+00
2026 07 25 23 05 00 000 -5.0960823E+01 4.0811028E+01 -8.0088530E+00
2026 07 25 23 06 00 000 -5.0964260E+01 4.0806488E+01 -8.0107698E+00
2026 07 25 23 07 00 000 -5.0967686E+01 4.0801910E+01 -8.0128098E+00
2026 07 25 23 08 00 000 -5.0971100E+01 4.0797310E+01 -8.0149755E+00
2026 07 25 23 09 00 000 -5.0974503E+01 4.0792690E+01 -8.0172691E+00
2026 07 25 23 10 00 000 -5.0977894E+01 4.0788036E+01 -8.0196867E+00
2026 07 25 23 11 00 000 -5.0981258E+01 4.0783371E+01 -8.0222340E+00
2026 07 25 23 12 00 000 -5.0984619E+01 4.0778671E+01 -8.0249014E+00
2026 07 25 23 13 00 000 -5.0987976E+01 4.0773937E+01 -8.0276966E+00
2026 07 25 23 14 00 000 -5.0991318E+01 4.0769192E+01 -8.0306120E+00
2026 07 25 23 15 00 000 -5.0994663E+01 4.0764400E+01 -8.0336533E+00
2026 07 25 23 16 00 000 -5.0997978E+01 4.0759598E+01 -8.0368223E+00
2026 07 25 23 17 00 000 -5.1001286E+01 4.0754761E+01 -8.0401125E+00
2026 07 25 23 18 00 000 -5.1004585E+01 4.0749893E+01 -8.0435247E+00
2026 07 25 23 19 00 000 -5.1007877E+01 4.0745014E+01 -8.0470629E+00
2026 07 25 23 20 00 000 -5.1011154E+01 4.0740089E+01 -8.0507250E+00
2026 07 25 23 21 00 000 -5.1014412E+01 4.0735153E+01 -8.0545120E+00
2026 07 25 23 22 00 000 -5.1017670E+01 4.0730164E+01 -8.0584154E+00
2026 07 25 23 23 00 000 -5.1020920E+01 4.0725174E+01 -8.0624447E+00
2026 07 25 23 24 00 000 -5.1024147E+01 4.0720146E+01 -8.0665960E+00
2026 07 25 23 25 00 000 -5.1027359E+01 4.0715107E+01 -8.0708752E+00
2026 07 25 23 26 00 000 -5.1030582E+01 4.0710018E+01 -8.0752649E+00
2026 07 25 23 27 00 000 -5.1033768E+01 4.0704918E+01 -8.0797892E+00
2026 07 25 23 28 00 000 -5.1036964E+01 4.0699776E+01 -8.0844240E+00
2026 07 25 23 29 00 000 -5.1040134E+01 4.0694633E+01 -8.0891895E+00
2026 07 25 23 30 00 000 -5.1043293E+01 4.0689445E+01 -8.0940771E+00
2026 07 25 23 31 00 000 -5.1046436E+01 4.0684242E+01 -8.0990810E+00
2026 07 25 23 32 00 000 -5.1049576E+01 4.0679001E+01 -8.1042051E+00
2026 07 25 23 33 00 000 -5.1052704E+01 4.0673733E+01 -8.1094494E+00
2026 07 25 23 34 00 000 -5.1055824E+01 4.0668438E+01 -8.1148148E+00
2026 07 25 23 35 00 000 -5.1058929E+01 4.0663116E+01 -8.1202993E+00
2026 07 25 23 36 00 000 -5.1062023E+01 4.0657772E+01 -8.1259060E+00
2026 07 25 23 37 00 000 -5.1065098E+01 4.0652401E+01 -8.1316328E+00
2026 07 25 23 38 00 000 -5.1068180E+01 4.0646988E+01 -8.1374750E+00
2026 07 25 23 39 00 000 -5.1071232E+01 4.0641571E+01 -8.1434422E+00
2026 07 25 23 40 00 000 -5.1074284E+01 4.0636105E+01 -8.1495190E+00
2026 07 25 23 41 00 000 -5.1077312E+01 4.0630627E+01 -8.1557255E+00
2026 07 25 23 42 00 000 -5.1080326E+01 4.0625126E+01 -8.1620474E+00
2026 07 25 23 43 00 000 -5.1083355E+01 4.0619579E+01 -8.1684809E+00
2026 07 25 23 44 00 000 -5.1086369E+01 4.0613998E+01 -8.1750298E+00
2026 07 25 23 45 00 000 -5.1089336E+01 4.0608429E+01 -8.1817141E+00
2026 07 25 23 46 00 000 -5.1092312E+01 4.0602806E+01 -8.1885004E+00
2026 07 25 23 47 00 000 -5.1095284E+01 4.0597145E+01 -8.1954079E+00
2026 07 25 23 48 00 000 -5.1098232E+01 4.0591480E+01 -8.2024345E+00
2026 07 25 23 49 00 000 -5.1101185E+01 4.0585770E+01 -8.2095728E+00
2026 07 25 23 50 00 000 -5.1104111E+01 4.0580048E+01 -8.2168341E+00
2026 07 25 23 51 00 000 -5.1107029E+01 4.0574295E+01 -8.2242107E+00
2026 07 25 23 52 00 000 -5.1109936E+01 4.0568501E+01 -8.2316942E+00
2026 07 25 23 53 00 000 -5.1112831E+01 4.0562683E+01 -8.2393036E+00
2026 07 25 23 54 00 000 -5.1115719E+01 4.0556847E+01 -8.2470207E+00
2026 07 25 23 55 00 000 -5.1118580E+01 4.0550987E+01 -8.2548580E+00
2026 07 25 23 56 00 000 -5.1121445E+01 4.0545074E+01 -8.2628059E+00
2026 07 25 23 57 00 000 -5.1124290E+01 4.0539165E+01 -8.2708750E+00
2026 07 25 23 58 00 000 -5.1127113E+01 4.0533226E+01 -8.2790575E+00
2026 07 25 23 59 00 000 -5.1129948E+01 4.0527237E+01 -8.2873430E+00
