Created with swmf_orbit_fetch.py on 2026-10-08 15:5251

#COOR
GSM

#START
2026 07 23 00 00 00 000 -1.7133003E+01 5.8778252E+01 -8.3371477E+00
2026 07 23 00 01 00 000 -1.7143669E+01 5.8779099E+01 -8.3530216E+00
2026 07 23 00 02 00 000 -1.7154343E+01 5.8779930E+01 -8.3690739E+00
2026 07 23 00 03 00 000 -1.7165051E+01 5.8780735E+01 -8.3852968E+00
2026 07 23 00 04 00 000 -1.7175753E+01 5.8781540E+01 -8.4016972E+00
2026 07 23 00 05 00 000 -1.7186481E+01 5.8782303E+01 -8.4182720E+00
2026 07 23 00 06 00 000 -1.7197237E+01 5.8783054E+01 -8.4350166E+00
2026 07 23 00 07 00 000 -1.7208031E+01 5.8783779E+01 -8.4519291E+00
2026 07 23 00 08 00 000 -1.7218801E+01 5.8784492E+01 -8.4690228E+00
2026 07 23 00 09 00 000 -1.7229616E+01 5.8785179E+01 -8.4862881E+00
2026 07 23 00 10 00 000 -1.7240452E+01 5.8785851E+01 -8.5037203E+00
2026 07 23 00 11 00 000 -1.7251282E+01 5.8786499E+01 -8.5213337E+00
2026 07 23 00 12 00 000 -1.7262159E+01 5.8787136E+01 -8.5391111E+00
2026 07 23 00 13 00 000 -1.7273037E+01 5.8787739E+01 -8.5570650E+00
2026 07 23 00 14 00 000 -1.7283962E+01 5.8788322E+01 -8.5751820E+00
2026 07 23 00 15 00 000 -1.7294868E+01 5.8788898E+01 -8.5934792E+00
2026 07 23 00 16 00 000 -1.7305826E+01 5.8789440E+01 -8.6119394E+00
2026 07 23 00 17 00 000 -1.7316793E+01 5.8789967E+01 -8.6305695E+00
2026 07 23 00 18 00 000 -1.7327768E+01 5.8790470E+01 -8.6493740E+00
2026 07 23 00 19 00 000 -1.7338781E+01 5.8790966E+01 -8.6683483E+00
2026 07 23 00 20 00 000 -1.7349815E+01 5.8791420E+01 -8.6874819E+00
2026 07 23 00 21 00 000 -1.7360874E+01 5.8791870E+01 -8.7067890E+00
2026 07 23 00 22 00 000 -1.7371937E+01 5.8792286E+01 -8.7262678E+00
2026 07 23 00 23 00 000 -1.7383022E+01 5.8792683E+01 -8.7459145E+00
2026 07 23 00 24 00 000 -1.7394142E+01 5.8793056E+01 -8.7657242E+00
2026 07 23 00 25 00 000 -1.7405287E+01 5.8793415E+01 -8.7856998E+00
2026 07 23 00 26 00 000 -1.7416420E+01 5.8793755E+01 -8.8058510E+00
2026 07 23 00 27 00 000 -1.7427605E+01 5.8794071E+01 -8.8261614E+00
2026 07 23 00 28 00 000 -1.7438812E+01 5.8794357E+01 -8.8466406E+00
2026 07 23 00 29 00 000 -1.7450041E+01 5.8794621E+01 -8.8672781E+00
2026 07 23 00 30 00 000 -1.7461277E+01 5.8794880E+01 -8.8880939E+00
2026 07 23 00 31 00 000 -1.7472551E+01 5.8795097E+01 -8.9090643E+00
2026 07 23 00 32 00 000 -1.7483835E+01 5.8795303E+01 -8.9302073E+00
2026 07 23 00 33 00 000 -1.7495142E+01 5.8795479E+01 -8.9515114E+00
2026 07 23 00 34 00 000 -1.7506475E+01 5.8795654E+01 -8.9729815E+00
2026 07 23 00 35 00 000 -1.7517838E+01 5.8795784E+01 -8.9946127E+00
2026 07 23 00 36 00 000 -1.7529222E+01 5.8795891E+01 -9.0164042E+00
2026 07 23 00 37 00 000 -1.7540638E+01 5.8795986E+01 -9.0383587E+00
2026 07 23 00 38 00 000 -1.7552063E+01 5.8796055E+01 -9.0604801E+00
2026 07 23 00 39 00 000 -1.7563534E+01 5.8796093E+01 -9.0827532E+00
2026 07 23 00 40 00 000 -1.7574982E+01 5.8796127E+01 -9.1052103E+00
2026 07 23 00 41 00 000 -1.7586502E+01 5.8796112E+01 -9.1278114E+00
2026 07 23 00 42 00 000 -1.7598040E+01 5.8796093E+01 -9.1505709E+00
2026 07 23 00 43 00 000 -1.7609573E+01 5.8796047E+01 -9.1735020E+00
2026 07 23 00 44 00 000 -1.7621159E+01 5.8795979E+01 -9.1965876E+00
2026 07 23 00 45 00 000 -1.7632765E+01 5.8795887E+01 -9.2198324E+00
2026 07 23 00 46 00 000 -1.7644367E+01 5.8795773E+01 -9.2432451E+00
2026 07 23 00 47 00 000 -1.7656046E+01 5.8795620E+01 -9.2668047E+00
2026 07 23 00 48 00 000 -1.7667719E+01 5.8795460E+01 -9.2905302E+00
2026 07 23 00 49 00 000 -1.7679434E+01 5.8795269E+01 -9.3144102E+00
2026 07 23 00 50 00 000 -1.7691174E+01 5.8795048E+01 -9.3384476E+00
2026 07 23 00 51 00 000 -1.7702925E+01 5.8794819E+01 -9.3626480E+00
2026 07 23 00 52 00 000 -1.7714699E+01 5.8794552E+01 -9.3870058E+00
2026 07 23 00 53 00 000 -1.7726522E+01 5.8794270E+01 -9.4115124E+00
2026 07 23 00 54 00 000 -1.7738350E+01 5.8793964E+01 -9.4361839E+00
2026 07 23 00 55 00 000 -1.7750216E+01 5.8793621E+01 -9.4610109E+00
2026 07 23 00 56 00 000 -1.7762117E+01 5.8793274E+01 -9.4859896E+00
2026 07 23 00 57 00 000 -1.7774033E+01 5.8792896E+01 -9.5111237E+00
2026 07 23 00 58 00 000 -1.7785988E+01 5.8792473E+01 -9.5364141E+00
2026 07 23 00 59 00 000 -1.7797966E+01 5.8792038E+01 -9.5618563E+00
2026 07 23 01 00 00 000 -1.7809984E+01 5.8791580E+01 -9.5874491E+00
2026 07 23 01 01 00 000 -1.7822016E+01 5.8791088E+01 -9.6132050E+00
2026 07 23 01 02 00 000 -1.7834103E+01 5.8790581E+01 -9.6391010E+00
2026 07 23 01 03 00 000 -1.7846186E+01 5.8790043E+01 -9.6651649E+00
2026 07 23 01 04 00 000 -1.7858318E+01 5.8789474E+01 -9.6913710E+00
2026 07 23 01 05 00 000 -1.7870481E+01 5.8788902E+01 -9.7177305E+00
2026 07 23 01 06 00 000 -1.7882679E+01 5.8788280E+01 -9.7442398E+00
2026 07 23 01 07 00 000 -1.7894911E+01 5.8787636E+01 -9.7709017E+00
2026 07 23 01 08 00 000 -1.7907141E+01 5.8786980E+01 -9.7977209E+00
2026 07 23 01 09 00 000 -1.7919428E+01 5.8786278E+01 -9.8246813E+00
2026 07 23 01 10 00 000 -1.7931751E+01 5.8785553E+01 -9.8517981E+00
2026 07 23 01 11 00 000 -1.7944092E+01 5.8784821E+01 -9.8790598E+00
2026 07 23 01 12 00 000 -1.7956465E+01 5.8784050E+01 -9.9064779E+00
2026 07 23 01 13 00 000 -1.7968882E+01 5.8783245E+01 -9.9340315E+00
2026 07 23 01 14 00 000 -1.7981339E+01 5.8782413E+01 -9.9617357E+00
2026 07 23 01 15 00 000 -1.7993793E+01 5.8781570E+01 -9.9896021E+00
2026 07 23 01 16 00 000 -1.8006313E+01 5.8780682E+01 -1.0017599E+01
2026 07 23 01 17 00 000 -1.8018858E+01 5.8779785E+01 -1.0045753E+01
2026 07 23 01 18 00 000 -1.8031443E+01 5.8778835E+01 -1.0074047E+01
2026 07 23 01 19 00 000 -1.8044067E+01 5.8777870E+01 -1.0102489E+01
2026 07 23 01 20 00 000 -1.8056717E+01 5.8776890E+01 -1.0131074E+01
2026 07 23 01 21 00 000 -1.8069408E+01 5.8775867E+01 -1.0159805E+01
2026 07 23 01 22 00 000 -1.8082130E+01 5.8774818E+01 -1.0188685E+01
2026 07 23 01 23 00 000 -1.8094883E+01 5.8773750E+01 -1.0217707E+01
2026 07 23 01 24 00 000 -1.8107687E+01 5.8772640E+01 -1.0246871E+01
2026 07 23 01 25 00 000 -1.8120529E+01 5.8771507E+01 -1.0276175E+01
2026 07 23 01 26 00 000 -1.8133394E+01 5.8770351E+01 -1.0305631E+01
2026 07 23 01 27 00 000 -1.8146305E+01 5.8769150E+01 -1.0335220E+01
2026 07 23 01 28 00 000 -1.8159262E+01 5.8767929E+01 -1.0364952E+01
2026 07 23 01 29 00 000 -1.8172255E+01 5.8766682E+01 -1.0394829E+01
2026 07 23 01 30 00 000 -1.8185287E+01 5.8765411E+01 -1.0424840E+01
2026 07 23 01 31 00 000 -1.8198339E+01 5.8764107E+01 -1.0455008E+01
2026 07 23 01 32 00 000 -1.8211456E+01 5.8762772E+01 -1.0485303E+01
2026 07 23 01 33 00 000 -1.8224609E+01 5.8761395E+01 -1.0515738E+01
2026 07 23 01 34 00 000 -1.8237787E+01 5.8760006E+01 -1.0546317E+01
2026 07 23 01 35 00 000 -1.8251024E+01 5.8758583E+01 -1.0577026E+01
2026 07 23 01 36 00 000 -1.8264311E+01 5.8757118E+01 -1.0607879E+01
2026 07 23 01 37 00 000 -1.8277636E+01 5.8755630E+01 -1.0638866E+01
2026 07 23 01 38 00 000 -1.8290995E+01 5.8754112E+01 -1.0669997E+01
2026 07 23 01 39 00 000 -1.8304409E+01 5.8752563E+01 -1.0701259E+01
2026 07 23 01 40 00 000 -1.8317856E+01 5.8750984E+01 -1.0732663E+01
2026 07 23 01 41 00 000 -1.8331358E+01 5.8749371E+01 -1.0764195E+01
2026 07 23 01 42 00 000 -1.8344908E+01 5.8747719E+01 -1.0795862E+01
2026 07 23 01 43 00 000 -1.8358492E+01 5.8746052E+01 -1.0827670E+01
2026 07 23 01 44 00 000 -1.8372118E+01 5.8744350E+01 -1.0859614E+01
2026 07 23 01 45 00 000 -1.8385798E+01 5.8742615E+01 -1.0891692E+01
2026 07 23 01 46 00 000 -1.8399536E+01 5.8740841E+01 -1.0923896E+01
2026 07 23 01 47 00 000 -1.8413330E+01 5.8739037E+01 -1.0956235E+01
2026 07 23 01 48 00 000 -1.8427151E+01 5.8737194E+01 -1.0988704E+01
2026 07 23 01 49 00 000 -1.8441042E+01 5.8735325E+01 -1.1021309E+01
2026 07 23 01 50 00 000 -1.8454981E+01 5.8733421E+01 -1.1054049E+01
2026 07 23 01 51 00 000 -1.8468941E+01 5.8731487E+01 -1.1086917E+01
2026 07 23 01 52 00 000 -1.8482990E+01 5.8729523E+01 -1.1119911E+01
2026 07 23 01 53 00 000 -1.8497084E+01 5.8727509E+01 -1.1153037E+01
2026 07 23 01 54 00 000 -1.8511234E+01 5.8725479E+01 -1.1186294E+01
2026 07 23 01 55 00 000 -1.8525415E+01 5.8723404E+01 -1.1219685E+01
2026 07 23 01 56 00 000 -1.8539686E+01 5.8721291E+01 -1.1253191E+01
2026 07 23 01 57 00 000 -1.8553989E+01 5.8719147E+01 -1.1286835E+01
2026 07 23 01 58 00 000 -1.8568340E+01 5.8716980E+01 -1.1320609E+01
2026 07 23 01 59 00 000 -1.8582773E+01 5.8714771E+01 -1.1354505E+01
2026 07 23 02 00 00 000 -1.8597275E+01 5.8712505E+01 -1.1388519E+01
2026 07 23 02 01 00 000 -1.8611807E+01 5.8710232E+01 -1.1422673E+01
2026 07 23 02 02 00 000 -1.8626410E+01 5.8707909E+01 -1.1456946E+01
2026 07 23 02 03 00 000 -1.8641085E+01 5.8705532E+01 -1.1491340E+01
2026 07 23 02 04 00 000 -1.8655815E+01 5.8703144E+01 -1.1525860E+01
2026 07 23 02 05 00 000 -1.8670605E+01 5.8700710E+01 -1.1560505E+01
2026 07 23 02 06 00 000 -1.8685450E+01 5.8698238E+01 -1.1595281E+01
2026 07 23 02 07 00 000 -1.8700380E+01 5.8695732E+01 -1.1630170E+01
2026 07 23 02 08 00 000 -1.8715364E+01 5.8693176E+01 -1.1665185E+01
2026 07 23 02 09 00 000 -1.8730427E+01 5.8690586E+01 -1.1700315E+01
2026 07 23 02 10 00 000 -1.8745562E+01 5.8687950E+01 -1.1735564E+01
2026 07 23 02 11 00 000 -1.8760735E+01 5.8685287E+01 -1.1770949E+01
2026 07 23 02 12 00 000 -1.8776005E+01 5.8682579E+01 -1.1806447E+01
2026 07 23 02 13 00 000 -1.8791349E+01 5.8679825E+01 -1.1842061E+01
2026 07 23 02 14 00 000 -1.8806770E+01 5.8677032E+01 -1.1877791E+01
2026 07 23 02 15 00 000 -1.8822237E+01 5.8674202E+01 -1.1913650E+01
2026 07 23 02 16 00 000 -1.8837807E+01 5.8671318E+01 -1.1949613E+01
2026 07 23 02 17 00 000 -1.8853456E+01 5.8668404E+01 -1.1985695E+01
2026 07 23 02 18 00 000 -1.8869183E+01 5.8665428E+01 -1.2021902E+01
2026 07 23 02 19 00 000 -1.8884977E+01 5.8662415E+01 -1.2058217E+01
2026 07 23 02 20 00 000 -1.8900850E+01 5.8659374E+01 -1.2094655E+01
2026 07 23 02 21 00 000 -1.8916828E+01 5.8656265E+01 -1.2131198E+01
2026 07 23 02 22 00 000 -1.8932880E+01 5.8653126E+01 -1.2167858E+01
2026 07 23 02 23 00 000 -1.8949013E+01 5.8649921E+01 -1.2204634E+01
2026 07 23 02 24 00 000 -1.8965229E+01 5.8646690E+01 -1.2241523E+01
2026 07 23 02 25 00 000 -1.8981562E+01 5.8643383E+01 -1.2278516E+01
2026 07 23 02 26 00 000 -1.8997955E+01 5.8640057E+01 -1.2315624E+01
2026 07 23 02 27 00 000 -1.9014458E+01 5.8636658E+01 -1.2352844E+01
2026 07 23 02 28 00 000 -1.9031059E+01 5.8633209E+01 -1.2390169E+01
2026 07 23 02 29 00 000 -1.9047749E+01 5.8629719E+01 -1.2427614E+01
2026 07 23 02 30 00 000 -1.9064531E+01 5.8626171E+01 -1.2465158E+01
2026 07 23 02 31 00 000 -1.9081444E+01 5.8622559E+01 -1.2502809E+01
2026 07 23 02 32 00 000 -1.9098427E+01 5.8618908E+01 -1.2540569E+01
2026 07 23 02 33 00 000 -1.9115513E+01 5.8615189E+01 -1.2578439E+01
2026 07 23 02 34 00 000 -1.9132746E+01 5.8611408E+01 -1.2616402E+01
2026 07 23 02 35 00 000 -1.9150072E+01 5.8607571E+01 -1.2654479E+01
2026 07 23 02 36 00 000 -1.9167480E+01 5.8603672E+01 -1.2692662E+01
2026 07 23 02 37 00 000 -1.9185032E+01 5.8599724E+01 -1.2730939E+01
2026 07 23 02 38 00 000 -1.9202707E+01 5.8595688E+01 -1.2769320E+01
2026 07 23 02 39 00 000 -1.9220499E+01 5.8591602E+01 -1.2807799E+01
2026 07 23 02 40 00 000 -1.9238382E+01 5.8587452E+01 -1.2846387E+01
2026 07 23 02 41 00 000 -1.9256418E+01 5.8583225E+01 -1.2885070E+01
2026 07 23 02 42 00 000 -1.9274584E+01 5.8578918E+01 -1.2923843E+01
2026 07 23 02 43 00 000 -1.9292856E+01 5.8574551E+01 -1.2962727E+01
2026 07 23 02 44 00 000 -1.9311304E+01 5.8570091E+01 -1.3001685E+01
2026 07 23 02 45 00 000 -1.9329872E+01 5.8565556E+01 -1.3040751E+01
2026 07 23 02 46 00 000 -1.9348572E+01 5.8560955E+01 -1.3079910E+01
2026 07 23 02 47 00 000 -1.9367413E+01 5.8556259E+01 -1.3119158E+01
2026 07 23 02 48 00 000 -1.9386417E+01 5.8551495E+01 -1.3158497E+01
2026 07 23 02 49 00 000 -1.9405571E+01 5.8546612E+01 -1.3197918E+01
2026 07 23 02 50 00 000 -1.9424858E+01 5.8541653E+01 -1.3237435E+01
2026 07 23 02 51 00 000 -1.9444319E+01 5.8536587E+01 -1.3277034E+01
2026 07 23 02 52 00 000 -1.9463936E+01 5.8531441E+01 -1.3316721E+01
2026 07 23 02 53 00 000 -1.9483730E+01 5.8526173E+01 -1.3356483E+01
2026 07 23 02 54 00 000 -1.9503700E+01 5.8520794E+01 -1.3396325E+01
2026 07 23 02 55 00 000 -1.9523819E+01 5.8515320E+01 -1.3436256E+01
2026 07 23 02 56 00 000 -1.9544144E+01 5.8509712E+01 -1.3476250E+01
2026 07 23 02 57 00 000 -1.9564648E+01 5.8503983E+01 -1.3516325E+01
2026 07 23 02 58 00 000 -1.9585342E+01 5.8498131E+01 -1.3556465E+01
2026 07 23 02 59 00 000 -1.9606234E+01 5.8492126E+01 -1.3596681E+01
2026 07 23 03 00 00 000 -1.9627325E+01 5.8485992E+01 -1.3636953E+01
2026 07 23 03 01 00 000 -1.9648588E+01 5.8479713E+01 -1.3677298E+01
2026 07 23 03 02 00 000 -1.9670090E+01 5.8473282E+01 -1.3717700E+01
2026 07 23 03 03 00 000 -1.9691807E+01 5.8466675E+01 -1.3758157E+01
2026 07 23 03 04 00 000 -1.9713728E+01 5.8459900E+01 -1.3798670E+01
2026 07 23 03 05 00 000 -1.9735886E+01 5.8452946E+01 -1.3839224E+01
2026 07 23 03 06 00 000 -1.9758261E+01 5.8445793E+01 -1.3879831E+01
2026 07 23 03 07 00 000 -1.9780880E+01 5.8438450E+01 -1.3920472E+01
2026 07 23 03 08 00 000 -1.9803728E+01 5.8430878E+01 -1.3961146E+01
2026 07 23 03 09 00 000 -1.9826818E+01 5.8423096E+01 -1.4001863E+01
2026 07 23 03 10 00 000 -1.9850174E+01 5.8415066E+01 -1.4042588E+01
2026 07 23 03 11 00 000 -1.9873770E+01 5.8406780E+01 -1.4083334E+01
2026 07 23 03 12 00 000 -1.9897642E+01 5.8398224E+01 -1.4124087E+01
2026 07 23 03 13 00 000 -1.9921740E+01 5.8389370E+01 -1.4164848E+01
2026 07 23 03 14 00 000 -1.9946125E+01 5.8380230E+01 -1.4205606E+01
2026 07 23 03 15 00 000 -1.9970783E+01 5.8370762E+01 -1.4246339E+01
2026 07 23 03 16 00 000 -1.9995689E+01 5.8360943E+01 -1.4287055E+01
2026 07 23 03 17 00 000 -2.0020853E+01 5.8350773E+01 -1.4327738E+01
2026 07 23 03 18 00 000 -2.0046309E+01 5.8340199E+01 -1.4368373E+01
2026 07 23 03 19 00 000 -2.0072016E+01 5.8329220E+01 -1.4408945E+01
2026 07 23 03 20 00 000 -2.0097956E+01 5.8317806E+01 -1.4449464E+01
2026 07 23 03 21 00 000 -2.0124165E+01 5.8305923E+01 -1.4489882E+01
2026 07 23 03 22 00 000 -2.0150616E+01 5.8293541E+01 -1.4530203E+01
2026 07 23 03 23 00 000 -2.0177292E+01 5.8280643E+01 -1.4570412E+01
2026 07 23 03 24 00 000 -2.0204174E+01 5.8267189E+01 -1.4610490E+01
2026 07 23 03 25 00 000 -2.0231232E+01 5.8253162E+01 -1.4650428E+01
2026 07 23 03 26 00 000 -2.0258453E+01 5.8238533E+01 -1.4690206E+01
2026 07 23 03 27 00 000 -2.0285818E+01 5.8223248E+01 -1.4729794E+01
2026 07 23 03 28 00 000 -2.0313288E+01 5.8207325E+01 -1.4769178E+01
2026 07 23 03 29 00 000 -2.0340796E+01 5.8190720E+01 -1.4808357E+01
2026 07 23 03 30 00 000 -2.0368341E+01 5.8173389E+01 -1.4847303E+01
2026 07 23 03 31 00 000 -2.0395859E+01 5.8155346E+01 -1.4886000E+01
2026 07 23 03 32 00 000 -2.0423325E+01 5.8136555E+01 -1.4924433E+01
2026 07 23 03 33 00 000 -2.0450621E+01 5.8117050E+01 -1.4962594E+01
2026 07 23 03 34 00 000 -2.0477762E+01 5.8096786E+01 -1.5000473E+01
2026 07 23 03 35 00 000 -2.0504665E+01 5.8075794E+01 -1.5038054E+01
2026 07 23 03 36 00 000 -2.0531233E+01 5.8054096E+01 -1.5075354E+01
2026 07 23 03 37 00 000 -2.0557493E+01 5.8031696E+01 -1.5112360E+01
2026 07 23 03 38 00 000 -2.0583342E+01 5.8008617E+01 -1.5149059E+01
2026 07 23 03 39 00 000 -2.0608749E+01 5.7984913E+01 -1.5185479E+01
2026 07 23 03 40 00 000 -2.0633657E+01 5.7960609E+01 -1.5221620E+01
2026 07 23 03 41 00 000 -2.0658033E+01 5.7935753E+01 -1.5257504E+01
2026 07 23 03 42 00 000 -2.0681862E+01 5.7910397E+01 -1.5293129E+01
2026 07 23 03 43 00 000 -2.0705099E+01 5.7884579E+01 -1.5328525E+01
2026 07 23 03 44 00 000 -2.0727734E+01 5.7858353E+01 -1.5363701E+01
2026 07 23 03 45 00 000 -2.0749802E+01 5.7831741E+01 -1.5398665E+01
2026 07 23 03 46 00 000 -2.0771242E+01 5.7804832E+01 -1.5433449E+01
2026 07 23 03 47 00 000 -2.0792070E+01 5.7777641E+01 -1.5468071E+01
2026 07 23 03 48 00 000 -2.0812300E+01 5.7750217E+01 -1.5502549E+01
2026 07 23 03 49 00 000 -2.0831951E+01 5.7722599E+01 -1.5536883E+01
2026 07 23 03 50 00 000 -2.0850990E+01 5.7694832E+01 -1.5571115E+01
2026 07 23 03 51 00 000 -2.0869497E+01 5.7666943E+01 -1.5605240E+01
2026 07 23 03 52 00 000 -2.0887457E+01 5.7638939E+01 -1.5639273E+01
2026 07 23 03 53 00 000 -2.0904888E+01 5.7610878E+01 -1.5673239E+01
2026 07 23 03 54 00 000 -2.0921789E+01 5.7582771E+01 -1.5707154E+01
2026 07 23 03 55 00 000 -2.0938223E+01 5.7554642E+01 -1.5741012E+01
2026 07 23 03 56 00 000 -2.0954201E+01 5.7526508E+01 -1.5774823E+01
2026 07 23 03 57 00 000 -2.0969704E+01 5.7498375E+01 -1.5808613E+01
2026 07 23 03 58 00 000 -2.0984814E+01 5.7470272E+01 -1.5842374E+01
2026 07 23 03 59 00 000 -2.0999510E+01 5.7442188E+01 -1.5876116E+01
2026 07 23 04 00 00 000 -2.1013803E+01 5.7414165E+01 -1.5909855E+01
2026 07 23 04 01 00 000 -2.1027729E+01 5.7386189E+01 -1.5943589E+01
2026 07 23 04 02 00 000 -2.1041313E+01 5.7358273E+01 -1.5977319E+01
2026 07 23 04 03 00 000 -2.1054564E+01 5.7330418E+01 -1.6011059E+01
2026 07 23 04 04 00 000 -2.1067484E+01 5.7302639E+01 -1.6044806E+01
2026 07 23 04 05 00 000 -2.1080101E+01 5.7274948E+01 -1.6078569E+01
2026 07 23 04 06 00 000 -2.1092440E+01 5.7247311E+01 -1.6112343E+01
2026 07 23 04 07 00 000 -2.1104486E+01 5.7219776E+01 -1.6146139E+01
2026 07 23 04 08 00 000 -2.1116293E+01 5.7192310E+01 -1.6179945E+01
2026 07 23 04 09 00 000 -2.1127842E+01 5.7164928E+01 -1.6213779E+01
2026 07 23 04 10 00 000 -2.1139151E+01 5.7137634E+01 -1.6247635E+01
2026 07 23 04 11 00 000 -2.1150217E+01 5.7110432E+01 -1.6281519E+01
2026 07 23 04 12 00 000 -2.1161083E+01 5.7083317E+01 -1.6315426E+01
2026 07 23 04 13 00 000 -2.1171749E+01 5.7056282E+01 -1.6349354E+01
2026 07 23 04 14 00 000 -2.1182190E+01 5.7029339E+01 -1.6383320E+01
2026 07 23 04 15 00 000 -2.1192484E+01 5.7002472E+01 -1.6417297E+01
2026 07 23 04 16 00 000 -2.1202568E+01 5.6975700E+01 -1.6451311E+01
2026 07 23 04 17 00 000 -2.1212492E+01 5.6949009E+01 -1.6485352E+01
2026 07 23 04 18 00 000 -2.1222240E+01 5.6922401E+01 -1.6519419E+01
2026 07 23 04 19 00 000 -2.1231829E+01 5.6895882E+01 -1.6553518E+01
2026 07 23 04 20 00 000 -2.1241282E+01 5.6869434E+01 -1.6587641E+01
2026 07 23 04 21 00 000 -2.1250591E+01 5.6843075E+01 -1.6621788E+01
2026 07 23 04 22 00 000 -2.1259762E+01 5.6816784E+01 -1.6655964E+01
2026 07 23 04 23 00 000 -2.1268801E+01 5.6790573E+01 -1.6690166E+01
2026 07 23 04 24 00 000 -2.1277681E+01 5.6764454E+01 -1.6724401E+01
2026 07 23 04 25 00 000 -2.1286467E+01 5.6738396E+01 -1.6758652E+01
2026 07 23 04 26 00 000 -2.1295135E+01 5.6712418E+01 -1.6792934E+01
2026 07 23 04 27 00 000 -2.1303671E+01 5.6686520E+01 -1.6827248E+01
2026 07 23 04 28 00 000 -2.1312115E+01 5.6660675E+01 -1.6861570E+01
2026 07 23 04 29 00 000 -2.1320456E+01 5.6634907E+01 -1.6895922E+01
2026 07 23 04 30 00 000 -2.1328686E+01 5.6609219E+01 -1.6930304E+01
2026 07 23 04 31 00 000 -2.1336834E+01 5.6583588E+01 -1.6964699E+01
2026 07 23 04 32 00 000 -2.1344873E+01 5.6558033E+01 -1.6999123E+01
2026 07 23 04 33 00 000 -2.1352844E+01 5.6532532E+01 -1.7033556E+01
2026 07 23 04 34 00 000 -2.1360704E+01 5.6507099E+01 -1.7068020E+01
2026 07 23 04 35 00 000 -2.1368496E+01 5.6481739E+01 -1.7102501E+01
2026 07 23 04 36 00 000 -2.1376196E+01 5.6456417E+01 -1.7136999E+01
2026 07 23 04 37 00 000 -2.1383835E+01 5.6431179E+01 -1.7171515E+01
2026 07 23 04 38 00 000 -2.1391396E+01 5.6405987E+01 -1.7206045E+01
2026 07 23 04 39 00 000 -2.1398880E+01 5.6380852E+01 -1.7240597E+01
2026 07 23 04 40 00 000 -2.1406269E+01 5.6355793E+01 -1.7275167E+01
2026 07 23 04 41 00 000 -2.1413622E+01 5.6330772E+01 -1.7309748E+01
2026 07 23 04 42 00 000 -2.1420906E+01 5.6305805E+01 -1.7344339E+01
2026 07 23 04 43 00 000 -2.1428127E+01 5.6280888E+01 -1.7378941E+01
2026 07 23 04 44 00 000 -2.1435263E+01 5.6256046E+01 -1.7413567E+01
2026 07 23 04 45 00 000 -2.1442371E+01 5.6231228E+01 -1.7448191E+01
2026 07 23 04 46 00 000 -2.1449409E+01 5.6206486E+01 -1.7482836E+01
2026 07 23 04 47 00 000 -2.1456375E+01 5.6181789E+01 -1.7517488E+01
2026 07 23 04 48 00 000 -2.1463305E+01 5.6157127E+01 -1.7552147E+01
2026 07 23 04 49 00 000 -2.1470192E+01 5.6132515E+01 -1.7586811E+01
2026 07 23 04 50 00 000 -2.1477020E+01 5.6107964E+01 -1.7621489E+01
2026 07 23 04 51 00 000 -2.1483791E+01 5.6083443E+01 -1.7656170E+01
2026 07 23 04 52 00 000 -2.1490528E+01 5.6058983E+01 -1.7690857E+01
2026 07 23 04 53 00 000 -2.1497202E+01 5.6034550E+01 -1.7725552E+01
2026 07 23 04 54 00 000 -2.1503838E+01 5.6010178E+01 -1.7760246E+01
2026 07 23 04 55 00 000 -2.1510448E+01 5.5985836E+01 -1.7794943E+01
2026 07 23 04 56 00 000 -2.1517004E+01 5.5961544E+01 -1.7829641E+01
2026 07 23 04 57 00 000 -2.1523504E+01 5.5937290E+01 -1.7864346E+01
2026 07 23 04 58 00 000 -2.1529989E+01 5.5913086E+01 -1.7899050E+01
2026 07 23 04 59 00 000 -2.1536423E+01 5.5888912E+01 -1.7933756E+01
2026 07 23 05 00 00 000 -2.1542801E+01 5.5864784E+01 -1.7968460E+01
2026 07 23 05 01 00 000 -2.1549168E+01 5.5840694E+01 -1.8003160E+01
2026 07 23 05 02 00 000 -2.1555498E+01 5.5816635E+01 -1.8037853E+01
2026 07 23 05 03 00 000 -2.1561789E+01 5.5792614E+01 -1.8072550E+01
2026 07 23 05 04 00 000 -2.1568054E+01 5.5768635E+01 -1.8107237E+01
2026 07 23 05 05 00 000 -2.1574278E+01 5.5744698E+01 -1.8141924E+01
2026 07 23 05 06 00 000 -2.1580460E+01 5.5720791E+01 -1.8176605E+01
2026 07 23 05 07 00 000 -2.1586613E+01 5.5696926E+01 -1.8211283E+01
2026 07 23 05 08 00 000 -2.1592752E+01 5.5673088E+01 -1.8245947E+01
2026 07 23 05 09 00 000 -2.1598846E+01 5.5649288E+01 -1.8280605E+01
2026 07 23 05 10 00 000 -2.1604929E+01 5.5625519E+01 -1.8315252E+01
2026 07 23 05 11 00 000 -2.1610973E+01 5.5601784E+01 -1.8349890E+01
2026 07 23 05 12 00 000 -2.1616995E+01 5.5578083E+01 -1.8384518E+01
2026 07 23 05 13 00 000 -2.1622974E+01 5.5554420E+01 -1.8419136E+01
2026 07 23 05 14 00 000 -2.1628944E+01 5.5530788E+01 -1.8453741E+01
2026 07 23 05 15 00 000 -2.1634888E+01 5.5507187E+01 -1.8488333E+01
2026 07 23 05 16 00 000 -2.1640787E+01 5.5483616E+01 -1.8522919E+01
2026 07 23 05 17 00 000 -2.1646685E+01 5.5460079E+01 -1.8557478E+01
2026 07 23 05 18 00 000 -2.1652563E+01 5.5436569E+01 -1.8592026E+01
2026 07 23 05 19 00 000 -2.1658413E+01 5.5413086E+01 -1.8626556E+01
2026 07 23 05 20 00 000 -2.1664248E+01 5.5389637E+01 -1.8661070E+01
2026 07 23 05 21 00 000 -2.1670042E+01 5.5366226E+01 -1.8695574E+01
2026 07 23 05 22 00 000 -2.1675829E+01 5.5342834E+01 -1.8730055E+01
2026 07 23 05 23 00 000 -2.1681585E+01 5.5319473E+01 -1.8764515E+01
2026 07 23 05 24 00 000 -2.1687334E+01 5.5296143E+01 -1.8798954E+01
2026 07 23 05 25 00 000 -2.1693045E+01 5.5272839E+01 -1.8833378E+01
2026 07 23 05 26 00 000 -2.1698742E+01 5.5249569E+01 -1.8867775E+01
2026 07 23 05 27 00 000 -2.1704435E+01 5.5226322E+01 -1.8902157E+01
2026 07 23 05 28 00 000 -2.1710091E+01 5.5203114E+01 -1.8936512E+01
2026 07 23 05 29 00 000 -2.1715731E+01 5.5179920E+01 -1.8970846E+01
2026 07 23 05 30 00 000 -2.1721369E+01 5.5156750E+01 -1.9005150E+01
2026 07 23 05 31 00 000 -2.1726988E+01 5.5133614E+01 -1.9039434E+01
2026 07 23 05 32 00 000 -2.1732590E+01 5.5110512E+01 -1.9073685E+01
2026 07 23 05 33 00 000 -2.1738178E+01 5.5087433E+01 -1.9107914E+01
2026 07 23 05 34 00 000 -2.1743727E+01 5.5064384E+01 -1.9142124E+01
2026 07 23 05 35 00 000 -2.1749277E+01 5.5041351E+01 -1.9176296E+01
2026 07 23 05 36 00 000 -2.1754820E+01 5.5018345E+01 -1.9210442E+01
2026 07 23 05 37 00 000 -2.1760330E+01 5.4995373E+01 -1.9244562E+01
2026 07 23 05 38 00 000 -2.1765842E+01 5.4972420E+01 -1.9278648E+01
2026 07 23 05 39 00 000 -2.1771339E+01 5.4949501E+01 -1.9312704E+01
2026 07 23 05 40 00 000 -2.1776812E+01 5.4926601E+01 -1.9346733E+01
2026 07 23 05 41 00 000 -2.1782269E+01 5.4903728E+01 -1.9380726E+01
2026 07 23 05 42 00 000 -2.1787735E+01 5.4880898E+01 -1.9414684E+01
2026 07 23 05 43 00 000 -2.1793152E+01 5.4858067E+01 -1.9448618E+01
2026 07 23 05 44 00 000 -2.1798580E+01 5.4835270E+01 -1.9482508E+01
2026 07 23 05 45 00 000 -2.1804005E+01 5.4812500E+01 -1.9516363E+01
2026 07 23 05 46 00 000 -2.1809380E+01 5.4789761E+01 -1.9550188E+01
2026 07 23 05 47 00 000 -2.1814779E+01 5.4767044E+01 -1.9583975E+01
2026 07 23 05 48 00 000 -2.1820160E+01 5.4744343E+01 -1.9617720E+01
2026 07 23 05 49 00 000 -2.1825533E+01 5.4721680E+01 -1.9651434E+01
2026 07 23 05 50 00 000 -2.1830864E+01 5.4699036E+01 -1.9685112E+01
2026 07 23 05 51 00 000 -2.1836226E+01 5.4676414E+01 -1.9718739E+01
2026 07 23 05 52 00 000 -2.1841557E+01 5.4653816E+01 -1.9752333E+01
2026 07 23 05 53 00 000 -2.1846884E+01 5.4631248E+01 -1.9785892E+01
2026 07 23 05 54 00 000 -2.1852192E+01 5.4608719E+01 -1.9819407E+01
2026 07 23 05 55 00 000 -2.1857487E+01 5.4586197E+01 -1.9852877E+01
2026 07 23 05 56 00 000 -2.1862783E+01 5.4563698E+01 -1.9886307E+01
2026 07 23 05 57 00 000 -2.1868074E+01 5.4541222E+01 -1.9919689E+01
2026 07 23 05 58 00 000 -2.1873354E+01 5.4518780E+01 -1.9953030E+01
2026 07 23 05 59 00 000 -2.1878624E+01 5.4496357E+01 -1.9986324E+01
2026 07 23 06 00 00 000 -2.1883862E+01 5.4473980E+01 -2.0019587E+01
2026 07 23 06 01 00 000 -2.1889114E+01 5.4451595E+01 -2.0052790E+01
2026 07 23 06 02 00 000 -2.1894360E+01 5.4429260E+01 -2.0085949E+01
2026 07 23 06 03 00 000 -2.1899597E+01 5.4406937E+01 -2.0119062E+01
2026 07 23 06 04 00 000 -2.1904800E+01 5.4384647E+01 -2.0152134E+01
2026 07 23 06 05 00 000 -2.1910023E+01 5.4362373E+01 -2.0185152E+01
2026 07 23 06 06 00 000 -2.1915232E+01 5.4340118E+01 -2.0218117E+01
2026 07 23 06 07 00 000 -2.1920424E+01 5.4317917E+01 -2.0251041E+01
2026 07 23 06 08 00 000 -2.1925619E+01 5.4295719E+01 -2.0283909E+01
2026 07 23 06 09 00 000 -2.1930784E+01 5.4273556E+01 -2.0316736E+01
2026 07 23 06 10 00 000 -2.1935970E+01 5.4251404E+01 -2.0349497E+01
2026 07 23 06 11 00 000 -2.1941141E+01 5.4229286E+01 -2.0382214E+01
2026 07 23 06 12 00 000 -2.1946295E+01 5.4207195E+01 -2.0414879E+01
2026 07 23 06 13 00 000 -2.1951464E+01 5.4185131E+01 -2.0447485E+01
2026 07 23 06 14 00 000 -2.1956617E+01 5.4163082E+01 -2.0480042E+01
2026 07 23 06 15 00 000 -2.1961765E+01 5.4141068E+01 -2.0512539E+01
2026 07 23 06 16 00 000 -2.1966883E+01 5.4119080E+01 -2.0544991E+01
2026 07 23 06 17 00 000 -2.1972031E+01 5.4097118E+01 -2.0577377E+01
2026 07 23 06 18 00 000 -2.1977148E+01 5.4075180E+01 -2.0609713E+01
2026 07 23 06 19 00 000 -2.1982273E+01 5.4053280E+01 -2.0641991E+01
2026 07 23 06 20 00 000 -2.1987392E+01 5.4031387E+01 -2.0674202E+01
2026 07 23 06 21 00 000 -2.1992489E+01 5.4009525E+01 -2.0706367E+01
2026 07 23 06 22 00 000 -2.1997583E+01 5.3987698E+01 -2.0738476E+01
2026 07 23 06 23 00 000 -2.2002674E+01 5.3965900E+01 -2.0770515E+01
2026 07 23 06 24 00 000 -2.2007769E+01 5.3944118E+01 -2.0802498E+01
2026 07 23 06 25 00 000 -2.2012848E+01 5.3922367E+01 -2.0834423E+01
2026 07 23 06 26 00 000 -2.2017933E+01 5.3900639E+01 -2.0866282E+01
2026 07 23 06 27 00 000 -2.2023014E+01 5.3878933E+01 -2.0898079E+01
2026 07 23 06 28 00 000 -2.2028076E+01 5.3857269E+01 -2.0929819E+01
2026 07 23 06 29 00 000 -2.2033138E+01 5.3835632E+01 -2.0961496E+01
2026 07 23 06 30 00 000 -2.2038200E+01 5.3814014E+01 -2.0993101E+01
2026 07 23 06 31 00 000 -2.2043262E+01 5.3792427E+01 -2.1024649E+01
2026 07 23 06 32 00 000 -2.2048325E+01 5.3770870E+01 -2.1056128E+01
2026 07 23 06 33 00 000 -2.2053350E+01 5.3749332E+01 -2.1087545E+01
2026 07 23 06 34 00 000 -2.2058413E+01 5.3727829E+01 -2.1118896E+01
2026 07 23 06 35 00 000 -2.2063442E+01 5.3706356E+01 -2.1150181E+01
2026 07 23 06 36 00 000 -2.2068483E+01 5.3684910E+01 -2.1181398E+01
2026 07 23 06 37 00 000 -2.2073507E+01 5.3663494E+01 -2.1212547E+01
2026 07 23 06 38 00 000 -2.2078554E+01 5.3642094E+01 -2.1243624E+01
2026 07 23 06 39 00 000 -2.2083555E+01 5.3620747E+01 -2.1274641E+01
2026 07 23 06 40 00 000 -2.2088579E+01 5.3599426E+01 -2.1305584E+01
2026 07 23 06 41 00 000 -2.2093603E+01 5.3578114E+01 -2.1336454E+01
2026 07 23 06 42 00 000 -2.2098616E+01 5.3556839E+01 -2.1367254E+01
2026 07 23 06 43 00 000 -2.2103603E+01 5.3535610E+01 -2.1397995E+01
2026 07 23 06 44 00 000 -2.2108591E+01 5.3514400E+01 -2.1428661E+01
2026 07 23 06 45 00 000 -2.2113600E+01 5.3493210E+01 -2.1459246E+01
2026 07 23 06 46 00 000 -2.2118599E+01 5.3472057E+01 -2.1489761E+01
2026 07 23 06 47 00 000 -2.2123602E+01 5.3450951E+01 -2.1520206E+01
2026 07 23 06 48 00 000 -2.2128597E+01 5.3429852E+01 -2.1550568E+01
2026 07 23 06 49 00 000 -2.2133589E+01 5.3408779E+01 -2.1580860E+01
2026 07 23 06 50 00 000 -2.2138567E+01 5.3387768E+01 -2.1611090E+01
2026 07 23 06 51 00 000 -2.2143545E+01 5.3366779E+01 -2.1641233E+01
2026 07 23 06 52 00 000 -2.2148527E+01 5.3345810E+01 -2.1671301E+01
2026 07 23 06 53 00 000 -2.2153502E+01 5.3324875E+01 -2.1701298E+01
2026 07 23 06 54 00 000 -2.2158487E+01 5.3303970E+01 -2.1731207E+01
2026 07 23 06 55 00 000 -2.2163469E+01 5.3283104E+01 -2.1761042E+01
2026 07 23 06 56 00 000 -2.2168419E+01 5.3262268E+01 -2.1790808E+01
2026 07 23 06 57 00 000 -2.2173388E+01 5.3241467E+01 -2.1820490E+01
2026 07 23 06 58 00 000 -2.2178333E+01 5.3220703E+01 -2.1850100E+01
2026 07 23 06 59 00 000 -2.2183315E+01 5.3199955E+01 -2.1879616E+01
2026 07 23 07 00 00 000 -2.2188267E+01 5.3179256E+01 -2.1909061E+01
2026 07 23 07 01 00 000 -2.2193214E+01 5.3158562E+01 -2.1938452E+01
2026 07 23 07 02 00 000 -2.2198175E+01 5.3137920E+01 -2.1967731E+01
2026 07 23 07 03 00 000 -2.2203123E+01 5.3117325E+01 -2.1996937E+01
2026 07 23 07 04 00 000 -2.2208065E+01 5.3096752E+01 -2.2026056E+01
2026 07 23 07 05 00 000 -2.2213011E+01 5.3076225E+01 -2.2055092E+01
2026 07 23 07 06 00 000 -2.2217955E+01 5.3055721E+01 -2.2084044E+01
2026 07 23 07 07 00 000 -2.2222906E+01 5.3035267E+01 -2.2112909E+01
2026 07 23 07 08 00 000 -2.2227839E+01 5.3014832E+01 -2.2141697E+01
2026 07 23 07 09 00 000 -2.2232788E+01 5.2994446E+01 -2.2170397E+01
2026 07 23 07 10 00 000 -2.2237730E+01 5.2974083E+01 -2.2199009E+01
2026 07 23 07 11 00 000 -2.2242645E+01 5.2953773E+01 -2.2227547E+01
2026 07 23 07 12 00 000 -2.2247583E+01 5.2933483E+01 -2.2255983E+01
2026 07 23 07 13 00 000 -2.2252525E+01 5.2913235E+01 -2.2284342E+01
2026 07 23 07 14 00 000 -2.2257465E+01 5.2893021E+01 -2.2312611E+01
2026 07 23 07 15 00 000 -2.2262384E+01 5.2872841E+01 -2.2340792E+01
2026 07 23 07 16 00 000 -2.2267321E+01 5.2852711E+01 -2.2368889E+01
2026 07 23 07 17 00 000 -2.2272255E+01 5.2832611E+01 -2.2396891E+01
2026 07 23 07 18 00 000 -2.2277168E+01 5.2812557E+01 -2.2424810E+01
2026 07 23 07 19 00 000 -2.2282091E+01 5.2792530E+01 -2.2452633E+01
2026 07 23 07 20 00 000 -2.2287016E+01 5.2772537E+01 -2.2480370E+01
2026 07 23 07 21 00 000 -2.2291933E+01 5.2752598E+01 -2.2508020E+01
2026 07 23 07 22 00 000 -2.2296860E+01 5.2732689E+01 -2.2535574E+01
2026 07 23 07 23 00 000 -2.2301783E+01 5.2712814E+01 -2.2563040E+01
2026 07 23 07 24 00 000 -2.2306705E+01 5.2692978E+01 -2.2590406E+01
2026 07 23 07 25 00 000 -2.2311600E+01 5.2673203E+01 -2.2617691E+01
2026 07 23 07 26 00 000 -2.2316525E+01 5.2653450E+01 -2.2644873E+01
2026 07 23 07 27 00 000 -2.2321444E+01 5.2633739E+01 -2.2671970E+01
2026 07 23 07 28 00 000 -2.2326349E+01 5.2614075E+01 -2.2698975E+01
2026 07 23 07 29 00 000 -2.2331251E+01 5.2594440E+01 -2.2725880E+01
2026 07 23 07 30 00 000 -2.2336170E+01 5.2574860E+01 -2.2752693E+01
2026 07 23 07 31 00 000 -2.2341089E+01 5.2555305E+01 -2.2779406E+01
2026 07 23 07 32 00 000 -2.2345987E+01 5.2535801E+01 -2.2806028E+01
2026 07 23 07 33 00 000 -2.2350891E+01 5.2516342E+01 -2.2832552E+01
2026 07 23 07 34 00 000 -2.2355804E+01 5.2496914E+01 -2.2858986E+01
2026 07 23 07 35 00 000 -2.2360716E+01 5.2477539E+01 -2.2885311E+01
2026 07 23 07 36 00 000 -2.2365616E+01 5.2458202E+01 -2.2911543E+01
2026 07 23 07 37 00 000 -2.2370541E+01 5.2438908E+01 -2.2937677E+01
2026 07 23 07 38 00 000 -2.2375452E+01 5.2419659E+01 -2.2963717E+01
2026 07 23 07 39 00 000 -2.2380331E+01 5.2400448E+01 -2.2989660E+01
2026 07 23 07 40 00 000 -2.2385244E+01 5.2381287E+01 -2.3015499E+01
2026 07 23 07 41 00 000 -2.2390142E+01 5.2362167E+01 -2.3041241E+01
2026 07 23 07 42 00 000 -2.2395035E+01 5.2343094E+01 -2.3066883E+01
2026 07 23 07 43 00 000 -2.2399946E+01 5.2324066E+01 -2.3092422E+01
2026 07 23 07 44 00 000 -2.2404840E+01 5.2305080E+01 -2.3117868E+01
2026 07 23 07 45 00 000 -2.2409748E+01 5.2286144E+01 -2.3143206E+01
2026 07 23 07 46 00 000 -2.2414642E+01 5.2267246E+01 -2.3168444E+01
2026 07 23 07 47 00 000 -2.2419548E+01 5.2248398E+01 -2.3193577E+01
2026 07 23 07 48 00 000 -2.2424450E+01 5.2229584E+01 -2.3218611E+01
2026 07 23 07 49 00 000 -2.2429358E+01 5.2210827E+01 -2.3243532E+01
2026 07 23 07 50 00 000 -2.2434237E+01 5.2192127E+01 -2.3268368E+01
2026 07 23 07 51 00 000 -2.2439138E+01 5.2173462E+01 -2.3293085E+01
2026 07 23 07 52 00 000 -2.2444046E+01 5.2154842E+01 -2.3317705E+01
2026 07 23 07 53 00 000 -2.2448944E+01 5.2136272E+01 -2.3342216E+01
2026 07 23 07 54 00 000 -2.2453838E+01 5.2117752E+01 -2.3366627E+01
2026 07 23 07 55 00 000 -2.2458738E+01 5.2099277E+01 -2.3390932E+01
2026 07 23 07 56 00 000 -2.2463634E+01 5.2080849E+01 -2.3415129E+01
2026 07 23 07 57 00 000 -2.2468534E+01 5.2062481E+01 -2.3439222E+01
2026 07 23 07 58 00 000 -2.2473427E+01 5.2044151E+01 -2.3463205E+01
2026 07 23 07 59 00 000 -2.2478329E+01 5.2025867E+01 -2.3487080E+01
2026 07 23 08 00 00 000 -2.2483217E+01 5.2007641E+01 -2.3510860E+01
2026 07 23 08 01 00 000 -2.2488110E+01 5.1989468E+01 -2.3534521E+01
2026 07 23 08 02 00 000 -2.2493025E+01 5.1971336E+01 -2.3558071E+01
2026 07 23 08 03 00 000 -2.2497904E+01 5.1953255E+01 -2.3581522E+01
2026 07 23 08 04 00 000 -2.2502806E+01 5.1935230E+01 -2.3604862E+01
2026 07 23 08 05 00 000 -2.2507711E+01 5.1917244E+01 -2.3628086E+01
2026 07 23 08 06 00 000 -2.2512611E+01 5.1899315E+01 -2.3651199E+01
2026 07 23 08 07 00 000 -2.2517504E+01 5.1881451E+01 -2.3674212E+01
2026 07 23 08 08 00 000 -2.2522392E+01 5.1863621E+01 -2.3697109E+01
2026 07 23 08 09 00 000 -2.2527296E+01 5.1845856E+01 -2.3719898E+01
2026 07 23 08 10 00 000 -2.2532202E+01 5.1828133E+01 -2.3742575E+01
2026 07 23 08 11 00 000 -2.2537090E+01 5.1810474E+01 -2.3765142E+01
2026 07 23 08 12 00 000 -2.2541992E+01 5.1792850E+01 -2.3787584E+01
2026 07 23 08 13 00 000 -2.2546886E+01 5.1775291E+01 -2.3809929E+01
2026 07 23 08 14 00 000 -2.2551792E+01 5.1757790E+01 -2.3832150E+01
2026 07 23 08 15 00 000 -2.2556692E+01 5.1740334E+01 -2.3854267E+01
2026 07 23 08 16 00 000 -2.2561602E+01 5.1722935E+01 -2.3876265E+01
2026 07 23 08 17 00 000 -2.2566479E+01 5.1705593E+01 -2.3898157E+01
2026 07 23 08 18 00 000 -2.2571396E+01 5.1688301E+01 -2.3919926E+01
2026 07 23 08 19 00 000 -2.2576288E+01 5.1671066E+01 -2.3941586E+01
2026 07 23 08 20 00 000 -2.2581182E+01 5.1653881E+01 -2.3963127E+01
2026 07 23 08 21 00 000 -2.2586079E+01 5.1636768E+01 -2.3984562E+01
2026 07 23 08 22 00 000 -2.2590984E+01 5.1619698E+01 -2.4005869E+01
2026 07 23 08 23 00 000 -2.2595892E+01 5.1602680E+01 -2.4027063E+01
2026 07 23 08 24 00 000 -2.2600788E+01 5.1585724E+01 -2.4048145E+01
2026 07 23 08 25 00 000 -2.2605682E+01 5.1568829E+01 -2.4069113E+01
2026 07 23 08 26 00 000 -2.2610594E+01 5.1551979E+01 -2.4089954E+01
2026 07 23 08 27 00 000 -2.2615490E+01 5.1535202E+01 -2.4110687E+01
2026 07 23 08 28 00 000 -2.2620415E+01 5.1518471E+01 -2.4131289E+01
2026 07 23 08 29 00 000 -2.2625294E+01 5.1501804E+01 -2.4151789E+01
2026 07 23 08 30 00 000 -2.2630224E+01 5.1485195E+01 -2.4172159E+01
2026 07 23 08 31 00 000 -2.2635134E+01 5.1468636E+01 -2.4192410E+01
2026 07 23 08 32 00 000 -2.2640034E+01 5.1452141E+01 -2.4212549E+01
2026 07 23 08 33 00 000 -2.2644932E+01 5.1435711E+01 -2.4232567E+01
2026 07 23 08 34 00 000 -2.2649847E+01 5.1419338E+01 -2.4252468E+01
2026 07 23 08 35 00 000 -2.2654739E+01 5.1403027E+01 -2.4272249E+01
2026 07 23 08 36 00 000 -2.2659657E+01 5.1386772E+01 -2.4291904E+01
2026 07 23 08 37 00 000 -2.2664579E+01 5.1370575E+01 -2.4311436E+01
2026 07 23 08 38 00 000 -2.2669489E+01 5.1354427E+01 -2.4330851E+01
2026 07 23 08 39 00 000 -2.2674383E+01 5.1338360E+01 -2.4350149E+01
2026 07 23 08 40 00 000 -2.2679283E+01 5.1322346E+01 -2.4369326E+01
2026 07 23 08 41 00 000 -2.2684216E+01 5.1306393E+01 -2.4388369E+01
2026 07 23 08 42 00 000 -2.2689123E+01 5.1290504E+01 -2.4407299E+01
2026 07 23 08 43 00 000 -2.2694027E+01 5.1274681E+01 -2.4426113E+01
2026 07 23 08 44 00 000 -2.2698946E+01 5.1258904E+01 -2.4444784E+01
2026 07 23 08 45 00 000 -2.2703869E+01 5.1243191E+01 -2.4463339E+01
2026 07 23 08 46 00 000 -2.2708773E+01 5.1227566E+01 -2.4481781E+01
2026 07 23 08 47 00 000 -2.2713688E+01 5.1211983E+01 -2.4500093E+01
2026 07 23 08 48 00 000 -2.2718607E+01 5.1196461E+01 -2.4518276E+01
2026 07 23 08 49 00 000 -2.2723522E+01 5.1181019E+01 -2.4536346E+01
2026 07 23 08 50 00 000 -2.2728445E+01 5.1165630E+01 -2.4554277E+01
2026 07 23 08 51 00 000 -2.2733368E+01 5.1150299E+01 -2.4572090E+01
2026 07 23 08 52 00 000 -2.2738281E+01 5.1135044E+01 -2.4589777E+01
2026 07 23 08 53 00 000 -2.2743223E+01 5.1119839E+01 -2.4607334E+01
2026 07 23 08 54 00 000 -2.2748112E+01 5.1104717E+01 -2.4624777E+01
2026 07 23 08 55 00 000 -2.2753056E+01 5.1089645E+01 -2.4642078E+01
2026 07 23 08 56 00 000 -2.2757986E+01 5.1074654E+01 -2.4659262E+01
2026 07 23 08 57 00 000 -2.2762903E+01 5.1059719E+01 -2.4676317E+01
2026 07 23 08 58 00 000 -2.2767836E+01 5.1044853E+01 -2.4693247E+01
2026 07 23 08 59 00 000 -2.2772753E+01 5.1030048E+01 -2.4710047E+01
2026 07 23 09 00 00 000 -2.2777687E+01 5.1015324E+01 -2.4726719E+01
2026 07 23 09 01 00 000 -2.2782597E+01 5.1000648E+01 -2.4743265E+01
2026 07 23 09 02 00 000 -2.2787533E+01 5.0986061E+01 -2.4759682E+01
2026 07 23 09 03 00 000 -2.2792471E+01 5.0971516E+01 -2.4775970E+01
2026 07 23 09 04 00 000 -2.2797398E+01 5.0957047E+01 -2.4792128E+01
2026 07 23 09 05 00 000 -2.2802332E+01 5.0942646E+01 -2.4808149E+01
2026 07 23 09 06 00 000 -2.2807285E+01 5.0928314E+01 -2.4824043E+01
2026 07 23 09 07 00 000 -2.2812214E+01 5.0914055E+01 -2.4839821E+01
2026 07 23 09 08 00 000 -2.2817142E+01 5.0899868E+01 -2.4855459E+01
2026 07 23 09 09 00 000 -2.2822086E+01 5.0885742E+01 -2.4870968E+01
2026 07 23 09 10 00 000 -2.2827017E+01 5.0871677E+01 -2.4886345E+01
2026 07 23 09 11 00 000 -2.2831961E+01 5.0857697E+01 -2.4901588E+01
2026 07 23 09 12 00 000 -2.2836893E+01 5.0843784E+01 -2.4916708E+01
2026 07 23 09 13 00 000 -2.2841854E+01 5.0829929E+01 -2.4931688E+01
2026 07 23 09 14 00 000 -2.2846777E+01 5.0816158E+01 -2.4946547E+01
2026 07 23 09 15 00 000 -2.2851727E+01 5.0802448E+01 -2.4961262E+01
2026 07 23 09 16 00 000 -2.2856674E+01 5.0788822E+01 -2.4975853E+01
2026 07 23 09 17 00 000 -2.2861629E+01 5.0775257E+01 -2.4990305E+01
2026 07 23 09 18 00 000 -2.2866564E+01 5.0761761E+01 -2.5004633E+01
2026 07 23 09 19 00 000 -2.2871510E+01 5.0748341E+01 -2.5018827E+01
2026 07 23 09 20 00 000 -2.2876459E+01 5.0734989E+01 -2.5032879E+01
2026 07 23 09 21 00 000 -2.2881407E+01 5.0721722E+01 -2.5046804E+01
2026 07 23 09 22 00 000 -2.2886353E+01 5.0708511E+01 -2.5060598E+01
2026 07 23 09 23 00 000 -2.2891304E+01 5.0695381E+01 -2.5074247E+01
2026 07 23 09 24 00 000 -2.2896255E+01 5.0682323E+01 -2.5087770E+01
2026 07 23 09 25 00 000 -2.2901217E+01 5.0669331E+01 -2.5101156E+01
2026 07 23 09 26 00 000 -2.2906164E+01 5.0656422E+01 -2.5114410E+01
2026 07 23 09 27 00 000 -2.2911131E+01 5.0643581E+01 -2.5127523E+01
2026 07 23 09 28 00 000 -2.2916092E+01 5.0630817E+01 -2.5140505E+01
2026 07 23 09 29 00 000 -2.2921059E+01 5.0618114E+01 -2.5153341E+01
2026 07 23 09 30 00 000 -2.2926010E+01 5.0605499E+01 -2.5166056E+01
2026 07 23 09 31 00 000 -2.2930981E+01 5.0592949E+01 -2.5178625E+01
2026 07 23 09 32 00 000 -2.2935938E+01 5.0580486E+01 -2.5191063E+01
2026 07 23 09 33 00 000 -2.2940908E+01 5.0568092E+01 -2.5203363E+01
2026 07 23 09 34 00 000 -2.2945883E+01 5.0555767E+01 -2.5215525E+01
2026 07 23 09 35 00 000 -2.2950844E+01 5.0543537E+01 -2.5227560E+01
2026 07 23 09 36 00 000 -2.2955805E+01 5.0531364E+01 -2.5239449E+01
2026 07 23 09 37 00 000 -2.2960785E+01 5.0519260E+01 -2.5251196E+01
2026 07 23 09 38 00 000 -2.2965757E+01 5.0507248E+01 -2.5262812E+01
2026 07 23 09 39 00 000 -2.2970709E+01 5.0495319E+01 -2.5274292E+01
2026 07 23 09 40 00 000 -2.2975691E+01 5.0483437E+01 -2.5285625E+01
2026 07 23 09 41 00 000 -2.2980688E+01 5.0471657E+01 -2.5296824E+01
2026 07 23 09 42 00 000 -2.2985643E+01 5.0459949E+01 -2.5307890E+01
2026 07 23 09 43 00 000 -2.2990627E+01 5.0448307E+01 -2.5318806E+01
2026 07 23 09 44 00 000 -2.2995609E+01 5.0436756E+01 -2.5329592E+01
2026 07 23 09 45 00 000 -2.3000586E+01 5.0425262E+01 -2.5340233E+01
2026 07 23 09 46 00 000 -2.3005571E+01 5.0413864E+01 -2.5350735E+01
2026 07 23 09 47 00 000 -2.3010546E+01 5.0402546E+01 -2.5361107E+01
2026 07 23 09 48 00 000 -2.3015554E+01 5.0391296E+01 -2.5371321E+01
2026 07 23 09 49 00 000 -2.3020527E+01 5.0380135E+01 -2.5381411E+01
2026 07 23 09 50 00 000 -2.3025511E+01 5.0369041E+01 -2.5391354E+01
2026 07 23 09 51 00 000 -2.3030510E+01 5.0358032E+01 -2.5401154E+01
2026 07 23 09 52 00 000 -2.3035507E+01 5.0347092E+01 -2.5410814E+01
2026 07 23 09 53 00 000 -2.3040476E+01 5.0336250E+01 -2.5420345E+01
2026 07 23 09 54 00 000 -2.3045477E+01 5.0325478E+01 -2.5429724E+01
2026 07 23 09 55 00 000 -2.3050478E+01 5.0314789E+01 -2.5438953E+01
2026 07 23 09 56 00 000 -2.3055470E+01 5.0304165E+01 -2.5448051E+01
2026 07 23 09 57 00 000 -2.3060474E+01 5.0293636E+01 -2.5457010E+01
2026 07 23 09 58 00 000 -2.3065466E+01 5.0283176E+01 -2.5465818E+01
2026 07 23 09 59 00 000 -2.3070473E+01 5.0272808E+01 -2.5474489E+01
2026 07 23 10 00 00 000 -2.3075464E+01 5.0262508E+01 -2.5483021E+01
2026 07 23 10 01 00 000 -2.3080469E+01 5.0252312E+01 -2.5491409E+01
2026 07 23 10 02 00 000 -2.3085480E+01 5.0242168E+01 -2.5499647E+01
2026 07 23 10 03 00 000 -2.3090488E+01 5.0232124E+01 -2.5507746E+01
2026 07 23 10 04 00 000 -2.3095501E+01 5.0222145E+01 -2.5515701E+01
2026 07 23 10 05 00 000 -2.3100523E+01 5.0212257E+01 -2.5523504E+01
2026 07 23 10 06 00 000 -2.3105524E+01 5.0202454E+01 -2.5531179E+01
2026 07 23 10 07 00 000 -2.3110531E+01 5.0192722E+01 -2.5538710E+01
2026 07 23 10 08 00 000 -2.3115547E+01 5.0183086E+01 -2.5546085E+01
2026 07 23 10 09 00 000 -2.3120556E+01 5.0173531E+01 -2.5553333E+01
2026 07 23 10 10 00 000 -2.3125582E+01 5.0164055E+01 -2.5560417E+01
2026 07 23 10 11 00 000 -2.3130596E+01 5.0154655E+01 -2.5567368E+01
2026 07 23 10 12 00 000 -2.3135620E+01 5.0145336E+01 -2.5574167E+01
2026 07 23 10 13 00 000 -2.3140648E+01 5.0136105E+01 -2.5580820E+01
2026 07 23 10 14 00 000 -2.3145676E+01 5.0126953E+01 -2.5587334E+01
2026 07 23 10 15 00 000 -2.3150696E+01 5.0117897E+01 -2.5593706E+01
2026 07 23 10 16 00 000 -2.3155727E+01 5.0108910E+01 -2.5599926E+01
2026 07 23 10 17 00 000 -2.3160738E+01 5.0100010E+01 -2.5606005E+01
2026 07 23 10 18 00 000 -2.3165773E+01 5.0091206E+01 -2.5611940E+01
2026 07 23 10 19 00 000 -2.3170809E+01 5.0082474E+01 -2.5617723E+01
2026 07 23 10 20 00 000 -2.3175837E+01 5.0073826E+01 -2.5623362E+01
2026 07 23 10 21 00 000 -2.3180874E+01 5.0065262E+01 -2.5628851E+01
2026 07 23 10 22 00 000 -2.3185902E+01 5.0056782E+01 -2.5634199E+01
2026 07 23 10 23 00 000 -2.3190933E+01 5.0048382E+01 -2.5639397E+01
2026 07 23 10 24 00 000 -2.3195995E+01 5.0040073E+01 -2.5644449E+01
2026 07 23 10 25 00 000 -2.3201029E+01 5.0031849E+01 -2.5649353E+01
2026 07 23 10 26 00 000 -2.3206078E+01 5.0023701E+01 -2.5654106E+01
2026 07 23 10 27 00 000 -2.3211130E+01 5.0015648E+01 -2.5658710E+01
2026 07 23 10 28 00 000 -2.3216167E+01 5.0007675E+01 -2.5663176E+01
2026 07 23 10 29 00 000 -2.3221207E+01 4.9999805E+01 -2.5667496E+01
2026 07 23 10 30 00 000 -2.3226261E+01 4.9991997E+01 -2.5671663E+01
2026 07 23 10 31 00 000 -2.3231310E+01 4.9984276E+01 -2.5675682E+01
2026 07 23 10 32 00 000 -2.3236364E+01 4.9976650E+01 -2.5679554E+01
2026 07 23 10 33 00 000 -2.3241426E+01 4.9969097E+01 -2.5683277E+01
2026 07 23 10 34 00 000 -2.3246473E+01 4.9961643E+01 -2.5686853E+01
2026 07 23 10 35 00 000 -2.3251537E+01 4.9954266E+01 -2.5690271E+01
2026 07 23 10 36 00 000 -2.3256580E+01 4.9946987E+01 -2.5693558E+01
2026 07 23 10 37 00 000 -2.3261658E+01 4.9939781E+01 -2.5696678E+01
2026 07 23 10 38 00 000 -2.3266712E+01 4.9932663E+01 -2.5699661E+01
2026 07 23 10 39 00 000 -2.3271786E+01 4.9925636E+01 -2.5702488E+01
2026 07 23 10 40 00 000 -2.3276838E+01 4.9918697E+01 -2.5705173E+01
2026 07 23 10 41 00 000 -2.3281914E+01 4.9911842E+01 -2.5707699E+01
2026 07 23 10 42 00 000 -2.3286980E+01 4.9905064E+01 -2.5710083E+01
2026 07 23 10 43 00 000 -2.3292044E+01 4.9898388E+01 -2.5712322E+01
2026 07 23 10 44 00 000 -2.3297125E+01 4.9891788E+01 -2.5714399E+01
2026 07 23 10 45 00 000 -2.3302212E+01 4.9885277E+01 -2.5716324E+01
2026 07 23 10 46 00 000 -2.3307283E+01 4.9878857E+01 -2.5718107E+01
2026 07 23 10 47 00 000 -2.3312355E+01 4.9872524E+01 -2.5719746E+01
2026 07 23 10 48 00 000 -2.3317440E+01 4.9866276E+01 -2.5721220E+01
2026 07 23 10 49 00 000 -2.3322529E+01 4.9860107E+01 -2.5722544E+01
2026 07 23 10 50 00 000 -2.3327608E+01 4.9854042E+01 -2.5723728E+01
2026 07 23 10 51 00 000 -2.3332693E+01 4.9848057E+01 -2.5724758E+01
2026 07 23 10 52 00 000 -2.3337776E+01 4.9842155E+01 -2.5725632E+01
2026 07 23 10 53 00 000 -2.3342855E+01 4.9836342E+01 -2.5726364E+01
2026 07 23 10 54 00 000 -2.3347952E+01 4.9830620E+01 -2.5726936E+01
2026 07 23 10 55 00 000 -2.3353069E+01 4.9824982E+01 -2.5727358E+01
2026 07 23 10 56 00 000 -2.3358154E+01 4.9819435E+01 -2.5727633E+01
2026 07 23 10 57 00 000 -2.3363243E+01 4.9813976E+01 -2.5727757E+01
2026 07 23 10 58 00 000 -2.3368332E+01 4.9808601E+01 -2.5727726E+01
2026 07 23 10 59 00 000 -2.3373438E+01 4.9803322E+01 -2.5727543E+01
2026 07 23 11 00 00 000 -2.3378532E+01 4.9798122E+01 -2.5727209E+01
2026 07 23 11 01 00 000 -2.3383638E+01 4.9793011E+01 -2.5726723E+01
2026 07 23 11 02 00 000 -2.3388754E+01 4.9787983E+01 -2.5726080E+01
2026 07 23 11 03 00 000 -2.3393850E+01 4.9783066E+01 -2.5725298E+01
2026 07 23 11 04 00 000 -2.3398951E+01 4.9778225E+01 -2.5724354E+01
2026 07 23 11 05 00 000 -2.3404068E+01 4.9773464E+01 -2.5723257E+01
2026 07 23 11 06 00 000 -2.3409182E+01 4.9768795E+01 -2.5722008E+01
2026 07 23 11 07 00 000 -2.3414305E+01 4.9764221E+01 -2.5720604E+01
2026 07 23 11 08 00 000 -2.3419415E+01 4.9759727E+01 -2.5719057E+01
2026 07 23 11 09 00 000 -2.3424536E+01 4.9755318E+01 -2.5717344E+01
2026 07 23 11 10 00 000 -2.3429651E+01 4.9751007E+01 -2.5715487E+01
2026 07 23 11 11 00 000 -2.3434763E+01 4.9746777E+01 -2.5713482E+01
2026 07 23 11 12 00 000 -2.3439888E+01 4.9742649E+01 -2.5711317E+01
2026 07 23 11 13 00 000 -2.3445017E+01 4.9738594E+01 -2.5708994E+01
2026 07 23 11 14 00 000 -2.3450140E+01 4.9734638E+01 -2.5706524E+01
2026 07 23 11 15 00 000 -2.3455276E+01 4.9730774E+01 -2.5703897E+01
2026 07 23 11 16 00 000 -2.3460411E+01 4.9726974E+01 -2.5701111E+01
2026 07 23 11 17 00 000 -2.3465534E+01 4.9723293E+01 -2.5698191E+01
2026 07 23 11 18 00 000 -2.3470661E+01 4.9719688E+01 -2.5695108E+01
2026 07 23 11 19 00 000 -2.3475803E+01 4.9716164E+01 -2.5691860E+01
2026 07 23 11 20 00 000 -2.3480949E+01 4.9712742E+01 -2.5688469E+01
2026 07 23 11 21 00 000 -2.3486082E+01 4.9709400E+01 -2.5684925E+01
2026 07 23 11 22 00 000 -2.3491215E+01 4.9706158E+01 -2.5681231E+01
2026 07 23 11 23 00 000 -2.3496365E+01 4.9702991E+01 -2.5677366E+01
2026 07 23 11 24 00 000 -2.3501501E+01 4.9699913E+01 -2.5673361E+01
2026 07 23 11 25 00 000 -2.3506664E+01 4.9696926E+01 -2.5669189E+01
2026 07 23 11 26 00 000 -2.3511822E+01 4.9694035E+01 -2.5664873E+01
2026 07 23 11 27 00 000 -2.3516949E+01 4.9691223E+01 -2.5660406E+01
2026 07 23 11 28 00 000 -2.3522112E+01 4.9688507E+01 -2.5655781E+01
2026 07 23 11 29 00 000 -2.3527271E+01 4.9685871E+01 -2.5650993E+01
2026 07 23 11 30 00 000 -2.3532423E+01 4.9683334E+01 -2.5646059E+01
2026 07 23 11 31 00 000 -2.3537584E+01 4.9680878E+01 -2.5640970E+01
2026 07 23 11 32 00 000 -2.3542738E+01 4.9678524E+01 -2.5635733E+01
2026 07 23 11 33 00 000 -2.3547907E+01 4.9676231E+01 -2.5630329E+01
2026 07 23 11 34 00 000 -2.3553062E+01 4.9674049E+01 -2.5624775E+01
2026 07 23 11 35 00 000 -2.3558245E+01 4.9671947E+01 -2.5619057E+01
2026 07 23 11 36 00 000 -2.3563398E+01 4.9669945E+01 -2.5613203E+01
2026 07 23 11 37 00 000 -2.3568573E+01 4.9668011E+01 -2.5607178E+01
2026 07 23 11 38 00 000 -2.3573750E+01 4.9666180E+01 -2.5601007E+01
2026 07 23 11 39 00 000 -2.3578917E+01 4.9664433E+01 -2.5594677E+01
2026 07 23 11 40 00 000 -2.3584097E+01 4.9662777E+01 -2.5588196E+01
2026 07 23 11 41 00 000 -2.3589270E+01 4.9661213E+01 -2.5581560E+01
2026 07 23 11 42 00 000 -2.3594460E+01 4.9659718E+01 -2.5574762E+01
2026 07 23 11 43 00 000 -2.3599628E+01 4.9658325E+01 -2.5567812E+01
2026 07 23 11 44 00 000 -2.3604820E+01 4.9657021E+01 -2.5560701E+01
2026 07 23 11 45 00 000 -2.3609995E+01 4.9655804E+01 -2.5553453E+01
2026 07 23 11 46 00 000 -2.3615185E+01 4.9654675E+01 -2.5546034E+01
2026 07 23 11 47 00 000 -2.3620369E+01 4.9653641E+01 -2.5538465E+01
2026 07 23 11 48 00 000 -2.3625578E+01 4.9652676E+01 -2.5530729E+01
2026 07 23 11 49 00 000 -2.3630768E+01 4.9651806E+01 -2.5522852E+01
2026 07 23 11 50 00 000 -2.3635958E+01 4.9651031E+01 -2.5514818E+01
2026 07 23 11 51 00 000 -2.3641155E+01 4.9650341E+01 -2.5506624E+01
2026 07 23 11 52 00 000 -2.3646351E+01 4.9649746E+01 -2.5498281E+01
2026 07 23 11 53 00 000 -2.3651556E+01 4.9649212E+01 -2.5489775E+01
2026 07 23 11 54 00 000 -2.3656767E+01 4.9648785E+01 -2.5481112E+01
2026 07 23 11 55 00 000 -2.3661970E+01 4.9648445E+01 -2.5472301E+01
2026 07 23 11 56 00 000 -2.3667179E+01 4.9648190E+01 -2.5463333E+01
2026 07 23 11 57 00 000 -2.3672365E+01 4.9648026E+01 -2.5454218E+01
2026 07 23 11 58 00 000 -2.3677599E+01 4.9647942E+01 -2.5444925E+01
2026 07 23 11 59 00 000 -2.3682806E+01 4.9647945E+01 -2.5435493E+01
2026 07 23 12 00 00 000 -2.3688021E+01 4.9648029E+01 -2.5425901E+01
2026 07 23 12 01 00 000 -2.3693249E+01 4.9648216E+01 -2.5416145E+01
2026 07 23 12 02 00 000 -2.3698458E+01 4.9648476E+01 -2.5406250E+01
2026 07 23 12 03 00 000 -2.3703672E+01 4.9648823E+01 -2.5396187E+01
2026 07 23 12 04 00 000 -2.3708889E+01 4.9649265E+01 -2.5385984E+01
2026 07 23 12 05 00 000 -2.3714119E+01 4.9649784E+01 -2.5375612E+01
2026 07 23 12 06 00 000 -2.3719353E+01 4.9650398E+01 -2.5365084E+01
2026 07 23 12 07 00 000 -2.3724577E+01 4.9651096E+01 -2.5354408E+01
2026 07 23 12 08 00 000 -2.3729816E+01 4.9651863E+01 -2.5343567E+01
2026 07 23 12 09 00 000 -2.3735064E+01 4.9652733E+01 -2.5332569E+01
2026 07 23 12 10 00 000 -2.3740294E+01 4.9653690E+01 -2.5321421E+01
2026 07 23 12 11 00 000 -2.3745522E+01 4.9654728E+01 -2.5310125E+01
2026 07 23 12 12 00 000 -2.3750767E+01 4.9655849E+01 -2.5298662E+01
2026 07 23 12 13 00 000 -2.3756004E+01 4.9657055E+01 -2.5287052E+01
2026 07 23 12 14 00 000 -2.3761257E+01 4.9658348E+01 -2.5275278E+01
2026 07 23 12 15 00 000 -2.3766476E+01 4.9659729E+01 -2.5263367E+01
2026 07 23 12 16 00 000 -2.3771742E+01 4.9661190E+01 -2.5251278E+01
2026 07 23 12 17 00 000 -2.3776995E+01 4.9662724E+01 -2.5239042E+01
2026 07 23 12 18 00 000 -2.3782238E+01 4.9664352E+01 -2.5226650E+01
2026 07 23 12 19 00 000 -2.3787502E+01 4.9666077E+01 -2.5214106E+01
2026 07 23 12 20 00 000 -2.3792753E+01 4.9667873E+01 -2.5201410E+01
2026 07 23 12 21 00 000 -2.3798000E+01 4.9669754E+01 -2.5188557E+01
2026 07 23 12 22 00 000 -2.3803268E+01 4.9671715E+01 -2.5175539E+01
2026 07 23 12 23 00 000 -2.3808537E+01 4.9673771E+01 -2.5162374E+01
2026 07 23 12 24 00 000 -2.3813789E+01 4.9675900E+01 -2.5149057E+01
2026 07 23 12 25 00 000 -2.3819050E+01 4.9678112E+01 -2.5135586E+01
2026 07 23 12 26 00 000 -2.3824324E+01 4.9680408E+01 -2.5121954E+01
2026 07 23 12 27 00 000 -2.3829603E+01 4.9682785E+01 -2.5108166E+01
2026 07 23 12 28 00 000 -2.3834881E+01 4.9685249E+01 -2.5094219E+01
2026 07 23 12 29 00 000 -2.3840132E+01 4.9687809E+01 -2.5080135E+01
2026 07 23 12 30 00 000 -2.3845430E+01 4.9690414E+01 -2.5065872E+01
2026 07 23 12 31 00 000 -2.3850700E+01 4.9693134E+01 -2.5051477E+01
2026 07 23 12 32 00 000 -2.3855974E+01 4.9695930E+01 -2.5036922E+01
2026 07 23 12 33 00 000 -2.3861263E+01 4.9698803E+01 -2.5022205E+01
2026 07 23 12 34 00 000 -2.3866541E+01 4.9701756E+01 -2.5007343E+01
2026 07 23 12 35 00 000 -2.3871832E+01 4.9704784E+01 -2.4992317E+01
2026 07 23 12 36 00 000 -2.3877129E+01 4.9707905E+01 -2.4977135E+01
2026 07 23 12 37 00 000 -2.3882423E+01 4.9711102E+01 -2.4961807E+01
2026 07 23 12 38 00 000 -2.3887714E+01 4.9714375E+01 -2.4946327E+01
2026 07 23 12 39 00 000 -2.3893002E+01 4.9717739E+01 -2.4930693E+01
2026 07 23 12 40 00 000 -2.3898302E+01 4.9721165E+01 -2.4914896E+01
2026 07 23 12 41 00 000 -2.3903606E+01 4.9724682E+01 -2.4898949E+01
2026 07 23 12 42 00 000 -2.3908913E+01 4.9728279E+01 -2.4882849E+01
2026 07 23 12 43 00 000 -2.3914221E+01 4.9731953E+01 -2.4866589E+01
2026 07 23 12 44 00 000 -2.3919538E+01 4.9735710E+01 -2.4850180E+01
2026 07 23 12 45 00 000 -2.3924826E+01 4.9739548E+01 -2.4833632E+01
2026 07 23 12 46 00 000 -2.3930143E+01 4.9743458E+01 -2.4816914E+01
2026 07 23 12 47 00 000 -2.3935465E+01 4.9747444E+01 -2.4800049E+01
2026 07 23 12 48 00 000 -2.3940763E+01 4.9751522E+01 -2.4783035E+01
2026 07 23 12 49 00 000 -2.3946087E+01 4.9755665E+01 -2.4765860E+01
2026 07 23 12 50 00 000 -2.3951403E+01 4.9759888E+01 -2.4748539E+01
2026 07 23 12 51 00 000 -2.3956713E+01 4.9764194E+01 -2.4731070E+01
2026 07 23 12 52 00 000 -2.3962040E+01 4.9768570E+01 -2.4713432E+01
2026 07 23 12 53 00 000 -2.3967369E+01 4.9773029E+01 -2.4695654E+01
2026 07 23 12 54 00 000 -2.3972708E+01 4.9777557E+01 -2.4677710E+01
2026 07 23 12 55 00 000 -2.3978018E+01 4.9782166E+01 -2.4659637E+01
2026 07 23 12 56 00 000 -2.3983360E+01 4.9786850E+01 -2.4641390E+01
2026 07 23 12 57 00 000 -2.3988697E+01 4.9791615E+01 -2.4623007E+01
2026 07 23 12 58 00 000 -2.3994019E+01 4.9796452E+01 -2.4604465E+01
2026 07 23 12 59 00 000 -2.3999371E+01 4.9801350E+01 -2.4585768E+01
2026 07 23 13 00 00 000 -2.4004700E+01 4.9806343E+01 -2.4566927E+01
2026 07 23 13 01 00 000 -2.4010050E+01 4.9811401E+01 -2.4547930E+01
2026 07 23 13 02 00 000 -2.4015385E+01 4.9816536E+01 -2.4528786E+01
2026 07 23 13 03 00 000 -2.4020741E+01 4.9821751E+01 -2.4509483E+01
2026 07 23 13 04 00 000 -2.4026096E+01 4.9827038E+01 -2.4490038E+01
2026 07 23 13 05 00 000 -2.4031450E+01 4.9832386E+01 -2.4470430E+01
2026 07 23 13 06 00 000 -2.4036798E+01 4.9837814E+01 -2.4450686E+01
2026 07 23 13 07 00 000 -2.4042162E+01 4.9843315E+01 -2.4430782E+01
2026 07 23 13 08 00 000 -2.4047510E+01 4.9848896E+01 -2.4410740E+01
2026 07 23 13 09 00 000 -2.4052876E+01 4.9854538E+01 -2.4390533E+01
2026 07 23 13 10 00 000 -2.4058233E+01 4.9860260E+01 -2.4370193E+01
2026 07 23 13 11 00 000 -2.4063604E+01 4.9866055E+01 -2.4349688E+01
2026 07 23 13 12 00 000 -2.4068962E+01 4.9871914E+01 -2.4329044E+01
2026 07 23 13 13 00 000 -2.4074339E+01 4.9877850E+01 -2.4308243E+01
2026 07 23 13 14 00 000 -2.4079687E+01 4.9883854E+01 -2.4287313E+01
2026 07 23 13 15 00 000 -2.4085068E+01 4.9889931E+01 -2.4266214E+01
2026 07 23 13 16 00 000 -2.4090462E+01 4.9896072E+01 -2.4244963E+01
2026 07 23 13 17 00 000 -2.4095837E+01 4.9902287E+01 -2.4223577E+01
2026 07 23 13 18 00 000 -2.4101204E+01 4.9908562E+01 -2.4202042E+01
2026 07 23 13 19 00 000 -2.4106596E+01 4.9914917E+01 -2.4180346E+01
2026 07 23 13 20 00 000 -2.4111969E+01 4.9921337E+01 -2.4158522E+01
2026 07 23 13 21 00 000 -2.4117363E+01 4.9927834E+01 -2.4136541E+01
2026 07 23 13 22 00 000 -2.4122763E+01 4.9934387E+01 -2.4114405E+01
2026 07 23 13 23 00 000 -2.4128155E+01 4.9941006E+01 -2.4092121E+01
2026 07 23 13 24 00 000 -2.4133554E+01 4.9947697E+01 -2.4069696E+01
2026 07 23 13 25 00 000 -2.4138927E+01 4.9954460E+01 -2.4047138E+01
2026 07 23 13 26 00 000 -2.4144329E+01 4.9961288E+01 -2.4024422E+01
2026 07 23 13 27 00 000 -2.4149740E+01 4.9968178E+01 -2.4001556E+01
2026 07 23 13 28 00 000 -2.4155132E+01 4.9975147E+01 -2.3978558E+01
2026 07 23 13 29 00 000 -2.4160542E+01 4.9982151E+01 -2.3955397E+01
2026 07 23 13 30 00 000 -2.4165956E+01 4.9989243E+01 -2.3932100E+01
2026 07 23 13 31 00 000 -2.4171354E+01 4.9996403E+01 -2.3908661E+01
2026 07 23 13 32 00 000 -2.4176764E+01 5.0003624E+01 -2.3885075E+01
2026 07 23 13 33 00 000 -2.4182171E+01 5.0010899E+01 -2.3861345E+01
2026 07 23 13 34 00 000 -2.4187592E+01 5.0018253E+01 -2.3837463E+01
2026 07 23 13 35 00 000 -2.4193014E+01 5.0025669E+01 -2.3813444E+01
2026 07 23 13 36 00 000 -2.4198439E+01 5.0033134E+01 -2.3789278E+01
2026 07 23 13 37 00 000 -2.4203854E+01 5.0040665E+01 -2.3764975E+01
2026 07 23 13 38 00 000 -2.4209269E+01 5.0048260E+01 -2.3740528E+01
2026 07 23 13 39 00 000 -2.4214708E+01 5.0055916E+01 -2.3715935E+01
2026 07 23 13 40 00 000 -2.4220140E+01 5.0063633E+01 -2.3691193E+01
2026 07 23 13 41 00 000 -2.4225573E+01 5.0071419E+01 -2.3666315E+01
2026 07 23 13 42 00 000 -2.4231014E+01 5.0079262E+01 -2.3641289E+01
2026 07 23 13 43 00 000 -2.4236448E+01 5.0087162E+01 -2.3616131E+01
2026 07 23 13 44 00 000 -2.4241892E+01 5.0095123E+01 -2.3590826E+01
2026 07 23 13 45 00 000 -2.4247326E+01 5.0103149E+01 -2.3565390E+01
2026 07 23 13 46 00 000 -2.4252762E+01 5.0111233E+01 -2.3539812E+01
2026 07 23 13 47 00 000 -2.4258211E+01 5.0119370E+01 -2.3514082E+01
2026 07 23 13 48 00 000 -2.4263662E+01 5.0127556E+01 -2.3488216E+01
2026 07 23 13 49 00 000 -2.4269108E+01 5.0135815E+01 -2.3462214E+01
2026 07 23 13 50 00 000 -2.4274565E+01 5.0144123E+01 -2.3436066E+01
2026 07 23 13 51 00 000 -2.4280029E+01 5.0152493E+01 -2.3409782E+01
2026 07 23 13 52 00 000 -2.4285469E+01 5.0160919E+01 -2.3383373E+01
2026 07 23 13 53 00 000 -2.4290930E+01 5.0169407E+01 -2.3356812E+01
2026 07 23 13 54 00 000 -2.4296394E+01 5.0177948E+01 -2.3330112E+01
2026 07 23 13 55 00 000 -2.4301857E+01 5.0186539E+01 -2.3303286E+01
2026 07 23 13 56 00 000 -2.4307325E+01 5.0195183E+01 -2.3276306E+01
2026 07 23 13 57 00 000 -2.4312784E+01 5.0203888E+01 -2.3249201E+01
2026 07 23 13 58 00 000 -2.4318266E+01 5.0212639E+01 -2.3221956E+01
2026 07 23 13 59 00 000 -2.4323729E+01 5.0221447E+01 -2.3194578E+01
2026 07 23 14 00 00 000 -2.4329197E+01 5.0230312E+01 -2.3167061E+01
2026 07 23 14 01 00 000 -2.4334692E+01 5.0239227E+01 -2.3139399E+01
2026 07 23 14 02 00 000 -2.4340179E+01 5.0248184E+01 -2.3111609E+01
2026 07 23 14 03 00 000 -2.4345654E+01 5.0257210E+01 -2.3083687E+01
2026 07 23 14 04 00 000 -2.4351147E+01 5.0266281E+01 -2.3055630E+01
2026 07 23 14 05 00 000 -2.4356628E+01 5.0275410E+01 -2.3027443E+01
2026 07 23 14 06 00 000 -2.4362122E+01 5.0284573E+01 -2.2999119E+01
2026 07 23 14 07 00 000 -2.4367605E+01 5.0293800E+01 -2.2970665E+01
2026 07 23 14 08 00 000 -2.4373116E+01 5.0303062E+01 -2.2942066E+01
2026 07 23 14 09 00 000 -2.4378607E+01 5.0312386E+01 -2.2913347E+01
2026 07 23 14 10 00 000 -2.4384111E+01 5.0321751E+01 -2.2884489E+01
2026 07 23 14 11 00 000 -2.4389606E+01 5.0331177E+01 -2.2855511E+01
2026 07 23 14 12 00 000 -2.4395102E+01 5.0340645E+01 -2.2826401E+01
2026 07 23 14 13 00 000 -2.4400602E+01 5.0350166E+01 -2.2797159E+01
2026 07 23 14 14 00 000 -2.4406118E+01 5.0359722E+01 -2.2767778E+01
2026 07 23 14 15 00 000 -2.4411636E+01 5.0369324E+01 -2.2738264E+01
2026 07 23 14 16 00 000 -2.4417139E+01 5.0378975E+01 -2.2708635E+01
2026 07 23 14 17 00 000 -2.4422659E+01 5.0388672E+01 -2.2678867E+01
2026 07 23 14 18 00 000 -2.4428171E+01 5.0398418E+01 -2.2648983E+01
2026 07 23 14 19 00 000 -2.4433699E+01 5.0408207E+01 -2.2618961E+01
2026 07 23 14 20 00 000 -2.4439222E+01 5.0418026E+01 -2.2588808E+01
2026 07 23 14 21 00 000 -2.4444740E+01 5.0427902E+01 -2.2558535E+01
2026 07 23 14 22 00 000 -2.4450277E+01 5.0437832E+01 -2.2528135E+01
2026 07 23 14 23 00 000 -2.4455811E+01 5.0447781E+01 -2.2497601E+01
2026 07 23 14 24 00 000 -2.4461334E+01 5.0457787E+01 -2.2466955E+01
2026 07 23 14 25 00 000 -2.4466860E+01 5.0467842E+01 -2.2436186E+01
2026 07 23 14 26 00 000 -2.4472408E+01 5.0477921E+01 -2.2405270E+01
2026 07 23 14 27 00 000 -2.4477951E+01 5.0488052E+01 -2.2374247E+01
2026 07 23 14 28 00 000 -2.4483498E+01 5.0498211E+01 -2.2343092E+01
2026 07 23 14 29 00 000 -2.4489046E+01 5.0508415E+01 -2.2311819E+01
2026 07 23 14 30 00 000 -2.4494585E+01 5.0518665E+01 -2.2280420E+01
2026 07 23 14 31 00 000 -2.4500128E+01 5.0528950E+01 -2.2248909E+01
2026 07 23 14 32 00 000 -2.4505674E+01 5.0539280E+01 -2.2217274E+01
2026 07 23 14 33 00 000 -2.4511232E+01 5.0549633E+01 -2.2185513E+01
2026 07 23 14 34 00 000 -2.4516781E+01 5.0560040E+01 -2.2153639E+01
2026 07 23 14 35 00 000 -2.4522345E+01 5.0570477E+01 -2.2121634E+01
2026 07 23 14 36 00 000 -2.4527912E+01 5.0580944E+01 -2.2089510E+01
2026 07 23 14 37 00 000 -2.4533482E+01 5.0591446E+01 -2.2057264E+01
2026 07 23 14 38 00 000 -2.4539036E+01 5.0601990E+01 -2.2024910E+01
2026 07 23 14 39 00 000 -2.4544601E+01 5.0612576E+01 -2.1992441E+01
2026 07 23 14 40 00 000 -2.4550180E+01 5.0623180E+01 -2.1959841E+01
2026 07 23 14 41 00 000 -2.4555758E+01 5.0633835E+01 -2.1927134E+01
2026 07 23 14 42 00 000 -2.4561327E+01 5.0644512E+01 -2.1894312E+01
2026 07 23 14 43 00 000 -2.4566919E+01 5.0655216E+01 -2.1861359E+01
2026 07 23 14 44 00 000 -2.4572496E+01 5.0665974E+01 -2.1828308E+01
2026 07 23 14 45 00 000 -2.4578074E+01 5.0676746E+01 -2.1795141E+01
2026 07 23 14 46 00 000 -2.4583660E+01 5.0687550E+01 -2.1761850E+01
2026 07 23 14 47 00 000 -2.4589254E+01 5.0698391E+01 -2.1728449E+01
2026 07 23 14 48 00 000 -2.4594839E+01 5.0709263E+01 -2.1694942E+01
2026 07 23 14 49 00 000 -2.4600424E+01 5.0720169E+01 -2.1661327E+01
2026 07 23 14 50 00 000 -2.4606022E+01 5.0731091E+01 -2.1627590E+01
2026 07 23 14 51 00 000 -2.4611629E+01 5.0742050E+01 -2.1593739E+01
2026 07 23 14 52 00 000 -2.4617210E+01 5.0753040E+01 -2.1559797E+01
2026 07 23 14 53 00 000 -2.4622820E+01 5.0764042E+01 -2.1525723E+01
2026 07 23 14 54 00 000 -2.4628429E+01 5.0775093E+01 -2.1491549E+01
2026 07 23 14 55 00 000 -2.4634041E+01 5.0786160E+01 -2.1457262E+01
2026 07 23 14 56 00 000 -2.4639645E+01 5.0797245E+01 -2.1422876E+01
2026 07 23 14 57 00 000 -2.4645266E+01 5.0808380E+01 -2.1388371E+01
2026 07 23 14 58 00 000 -2.4650869E+01 5.0819519E+01 -2.1353769E+01
2026 07 23 14 59 00 000 -2.4656490E+01 5.0830692E+01 -2.1319057E+01
2026 07 23 15 00 00 000 -2.4662104E+01 5.0841892E+01 -2.1284243E+01
2026 07 23 15 01 00 000 -2.4667747E+01 5.0853107E+01 -2.1249313E+01
2026 07 23 15 02 00 000 -2.4673363E+01 5.0864349E+01 -2.1214294E+01
2026 07 23 15 03 00 000 -2.4678999E+01 5.0875614E+01 -2.1179157E+01
2026 07 23 15 04 00 000 -2.4684633E+01 5.0886898E+01 -2.1143921E+01
2026 07 23 15 05 00 000 -2.4690247E+01 5.0898212E+01 -2.1108597E+01
2026 07 23 15 06 00 000 -2.4695889E+01 5.0909546E+01 -2.1073160E+01
2026 07 23 15 07 00 000 -2.4701519E+01 5.0920895E+01 -2.1037634E+01
2026 07 23 15 08 00 000 -2.4707161E+01 5.0932255E+01 -2.1001987E+01
2026 07 23 15 09 00 000 -2.4712807E+01 5.0943657E+01 -2.0966253E+01
2026 07 23 15 10 00 000 -2.4718460E+01 5.0955067E+01 -2.0930412E+01
2026 07 23 15 11 00 000 -2.4724115E+01 5.0966499E+01 -2.0894476E+01
2026 07 23 15 12 00 000 -2.4729748E+01 5.0977947E+01 -2.0858456E+01
2026 07 23 15 13 00 000 -2.4735403E+01 5.0989410E+01 -2.0822330E+01
2026 07 23 15 14 00 000 -2.4741053E+01 5.1000904E+01 -2.0786106E+01
2026 07 23 15 15 00 000 -2.4746714E+01 5.1012394E+01 -2.0749786E+01
2026 07 23 15 16 00 000 -2.4752394E+01 5.1023907E+01 -2.0713364E+01
2026 07 23 15 17 00 000 -2.4758038E+01 5.1035435E+01 -2.0676868E+01
2026 07 23 15 18 00 000 -2.4763710E+01 5.1046982E+01 -2.0640263E+01
2026 07 23 15 19 00 000 -2.4769382E+01 5.1058548E+01 -2.0603567E+01
2026 07 23 15 20 00 000 -2.4775043E+01 5.1070118E+01 -2.0566786E+01
2026 07 23 15 21 00 000 -2.4780725E+01 5.1081715E+01 -2.0529909E+01
2026 07 23 15 22 00 000 -2.4786406E+01 5.1093319E+01 -2.0492945E+01
2026 07 23 15 23 00 000 -2.4792072E+01 5.1104935E+01 -2.0455891E+01
2026 07 23 15 24 00 000 -2.4797749E+01 5.1116558E+01 -2.0418751E+01
2026 07 23 15 25 00 000 -2.4803425E+01 5.1128204E+01 -2.0381523E+01
2026 07 23 15 26 00 000 -2.4809116E+01 5.1139851E+01 -2.0344200E+01
2026 07 23 15 27 00 000 -2.4814819E+01 5.1151501E+01 -2.0306784E+01
2026 07 23 15 28 00 000 -2.4820505E+01 5.1163181E+01 -2.0269291E+01
2026 07 23 15 29 00 000 -2.4826204E+01 5.1174858E+01 -2.0231718E+01
2026 07 23 15 30 00 000 -2.4831890E+01 5.1186543E+01 -2.0194061E+01
2026 07 23 15 31 00 000 -2.4837582E+01 5.1198238E+01 -2.0156317E+01
2026 07 23 15 32 00 000 -2.4843279E+01 5.1209957E+01 -2.0118494E+01
2026 07 23 15 33 00 000 -2.4848984E+01 5.1221668E+01 -2.0080582E+01
2026 07 23 15 34 00 000 -2.4854691E+01 5.1233391E+01 -2.0042599E+01
2026 07 23 15 35 00 000 -2.4860403E+01 5.1245125E+01 -2.0004522E+01
2026 07 23 15 36 00 000 -2.4866121E+01 5.1256851E+01 -1.9966372E+01
2026 07 23 15 37 00 000 -2.4871840E+01 5.1268589E+01 -1.9928137E+01
2026 07 23 15 38 00 000 -2.4877548E+01 5.1280334E+01 -1.9889835E+01
2026 07 23 15 39 00 000 -2.4883274E+01 5.1292076E+01 -1.9851444E+01
2026 07 23 15 40 00 000 -2.4889004E+01 5.1303833E+01 -1.9812979E+01
2026 07 23 15 41 00 000 -2.4894724E+01 5.1315590E+01 -1.9774452E+01
2026 07 23 15 42 00 000 -2.4900450E+01 5.1327351E+01 -1.9735834E+01
2026 07 23 15 43 00 000 -2.4906187E+01 5.1339115E+01 -1.9697151E+01
2026 07 23 15 44 00 000 -2.4911922E+01 5.1350883E+01 -1.9658388E+01
2026 07 23 15 45 00 000 -2.4917656E+01 5.1362644E+01 -1.9619560E+01
2026 07 23 15 46 00 000 -2.4923384E+01 5.1374420E+01 -1.9580666E+01
2026 07 23 15 47 00 000 -2.4929127E+01 5.1386189E+01 -1.9541687E+01
2026 07 23 15 48 00 000 -2.4934864E+01 5.1397949E+01 -1.9502651E+01
2026 07 23 15 49 00 000 -2.4940617E+01 5.1409721E+01 -1.9463531E+01
2026 07 23 15 50 00 000 -2.4946356E+01 5.1421490E+01 -1.9424362E+01
2026 07 23 15 51 00 000 -2.4952118E+01 5.1433258E+01 -1.9385109E+01
2026 07 23 15 52 00 000 -2.4957846E+01 5.1445023E+01 -1.9345808E+01
2026 07 23 15 53 00 000 -2.4963625E+01 5.1456783E+01 -1.9306417E+01
2026 07 23 15 54 00 000 -2.4969387E+01 5.1468548E+01 -1.9266970E+01
2026 07 23 15 55 00 000 -2.4975143E+01 5.1480297E+01 -1.9227467E+01
2026 07 23 15 56 00 000 -2.4980909E+01 5.1492058E+01 -1.9187889E+01
2026 07 23 15 57 00 000 -2.4986685E+01 5.1503803E+01 -1.9148258E+01
2026 07 23 15 58 00 000 -2.4992434E+01 5.1515549E+01 -1.9108578E+01
2026 07 23 15 59 00 000 -2.4998209E+01 5.1527290E+01 -1.9068817E+01
2026 07 23 16 00 00 000 -2.5003988E+01 5.1539028E+01 -1.9029001E+01
2026 07 23 16 01 00 000 -2.5009773E+01 5.1550758E+01 -1.8989126E+01
2026 07 23 16 02 00 000 -2.5015558E+01 5.1562477E+01 -1.8949190E+01
2026 07 23 16 03 00 000 -2.5021338E+01 5.1574188E+01 -1.8909208E+01
2026 07 23 16 04 00 000 -2.5027124E+01 5.1585907E+01 -1.8869167E+01
2026 07 23 16 05 00 000 -2.5032906E+01 5.1597607E+01 -1.8829073E+01
2026 07 23 16 06 00 000 -2.5038704E+01 5.1609295E+01 -1.8788916E+01
2026 07 23 16 07 00 000 -2.5044498E+01 5.1620972E+01 -1.8748707E+01
2026 07 23 16 08 00 000 -2.5050299E+01 5.1632652E+01 -1.8708445E+01
2026 07 23 16 09 00 000 -2.5056097E+01 5.1644321E+01 -1.8668139E+01
2026 07 23 16 10 00 000 -2.5061892E+01 5.1655979E+01 -1.8627787E+01
2026 07 23 16 11 00 000 -2.5067698E+01 5.1667614E+01 -1.8587368E+01
2026 07 23 16 12 00 000 -2.5073502E+01 5.1679256E+01 -1.8546921E+01
2026 07 23 16 13 00 000 -2.5079300E+01 5.1690876E+01 -1.8506413E+01
2026 07 23 16 14 00 000 -2.5085117E+01 5.1702488E+01 -1.8465862E+01
2026 07 23 16 15 00 000 -2.5090950E+01 5.1714077E+01 -1.8425251E+01
2026 07 23 16 16 00 000 -2.5096752E+01 5.1725677E+01 -1.8384619E+01
2026 07 23 16 17 00 000 -2.5102579E+01 5.1737251E+01 -1.8343924E+01
2026 07 23 16 18 00 000 -2.5108406E+01 5.1748802E+01 -1.8303194E+01
2026 07 23 16 19 00 000 -2.5114229E+01 5.1760349E+01 -1.8262421E+01
2026 07 23 16 20 00 000 -2.5120060E+01 5.1771877E+01 -1.8221605E+01
2026 07 23 16 21 00 000 -2.5125883E+01 5.1783398E+01 -1.8180750E+01
2026 07 23 16 22 00 000 -2.5131735E+01 5.1794895E+01 -1.8139843E+01
2026 07 23 16 23 00 000 -2.5137554E+01 5.1806389E+01 -1.8098927E+01
2026 07 23 16 24 00 000 -2.5143412E+01 5.1817852E+01 -1.8057945E+01
2026 07 23 16 25 00 000 -2.5149240E+01 5.1829304E+01 -1.8016941E+01
2026 07 23 16 26 00 000 -2.5155098E+01 5.1840740E+01 -1.7975891E+01
2026 07 23 16 27 00 000 -2.5160942E+01 5.1852161E+01 -1.7934816E+01
2026 07 23 16 28 00 000 -2.5166786E+01 5.1863560E+01 -1.7893711E+01
2026 07 23 16 29 00 000 -2.5172640E+01 5.1874947E+01 -1.7852560E+01
2026 07 23 16 30 00 000 -2.5178490E+01 5.1886314E+01 -1.7811392E+01
2026 07 23 16 31 00 000 -2.5184340E+01 5.1897667E+01 -1.7770191E+01
2026 07 23 16 32 00 000 -2.5190222E+01 5.1908981E+01 -1.7728941E+01
2026 07 23 16 33 00 000 -2.5196083E+01 5.1920292E+01 -1.7687681E+01
2026 07 23 16 34 00 000 -2.5201952E+01 5.1931580E+01 -1.7646379E+01
2026 07 23 16 35 00 000 -2.5207817E+01 5.1942848E+01 -1.7605064E+01
2026 07 23 16 36 00 000 -2.5213697E+01 5.1954094E+01 -1.7563711E+01
2026 07 23 16 37 00 000 -2.5219589E+01 5.1965313E+01 -1.7522327E+01
2026 07 23 16 38 00 000 -2.5225449E+01 5.1976521E+01 -1.7480944E+01
2026 07 23 16 39 00 000 -2.5231331E+01 5.1987698E+01 -1.7439522E+01
2026 07 23 16 40 00 000 -2.5237223E+01 5.1998856E+01 -1.7398079E+01
2026 07 23 16 41 00 000 -2.5243093E+01 5.2009998E+01 -1.7356627E+01
2026 07 23 16 42 00 000 -2.5248999E+01 5.2021103E+01 -1.7315132E+01
2026 07 23 16 43 00 000 -2.5254896E+01 5.2032196E+01 -1.7273624E+01
2026 07 23 16 44 00 000 -2.5260786E+01 5.2043266E+01 -1.7232111E+01
2026 07 23 16 45 00 000 -2.5266678E+01 5.2054310E+01 -1.7190575E+01
2026 07 23 16 46 00 000 -2.5272583E+01 5.2065331E+01 -1.7149023E+01
2026 07 23 16 47 00 000 -2.5278494E+01 5.2076313E+01 -1.7107449E+01
2026 07 23 16 48 00 000 -2.5284409E+01 5.2087284E+01 -1.7065861E+01
2026 07 23 16 49 00 000 -2.5290310E+01 5.2098228E+01 -1.7024267E+01
2026 07 23 16 50 00 000 -2.5296225E+01 5.2109142E+01 -1.6982653E+01
2026 07 23 16 51 00 000 -2.5302126E+01 5.2120037E+01 -1.6941050E+01
2026 07 23 16 52 00 000 -2.5308046E+01 5.2130901E+01 -1.6899414E+01
2026 07 23 16 53 00 000 -2.5313957E+01 5.2141735E+01 -1.6857777E+01
2026 07 23 16 54 00 000 -2.5319889E+01 5.2152546E+01 -1.6816128E+01
2026 07 23 16 55 00 000 -2.5325836E+01 5.2163322E+01 -1.6774460E+01
2026 07 23 16 56 00 000 -2.5331743E+01 5.2174084E+01 -1.6732809E+01
2026 07 23 16 57 00 000 -2.5337692E+01 5.2184803E+01 -1.6691133E+01
2026 07 23 16 58 00 000 -2.5343620E+01 5.2195499E+01 -1.6649464E+01
2026 07 23 16 59 00 000 -2.5349552E+01 5.2206177E+01 -1.6607796E+01
2026 07 23 17 00 00 000 -2.5355505E+01 5.2216812E+01 -1.6566113E+01
2026 07 23 17 01 00 000 -2.5361462E+01 5.2227413E+01 -1.6524424E+01
2026 07 23 17 02 00 000 -2.5367388E+01 5.2238003E+01 -1.6482758E+01
2026 07 23 17 03 00 000 -2.5373344E+01 5.2248554E+01 -1.6441076E+01
2026 07 23 17 04 00 000 -2.5379301E+01 5.2259064E+01 -1.6399401E+01
2026 07 23 17 05 00 000 -2.5385256E+01 5.2269558E+01 -1.6357729E+01
2026 07 23 17 06 00 000 -2.5391218E+01 5.2280014E+01 -1.6316059E+01
2026 07 23 17 07 00 000 -2.5397171E+01 5.2290451E+01 -1.6274395E+01
2026 07 23 17 08 00 000 -2.5403137E+01 5.2300835E+01 -1.6232735E+01
2026 07 23 17 09 00 000 -2.5409115E+01 5.2311207E+01 -1.6191080E+01
2026 07 23 17 10 00 000 -2.5415060E+01 5.2321533E+01 -1.6149446E+01
2026 07 23 17 11 00 000 -2.5421053E+01 5.2331829E+01 -1.6107800E+01
2026 07 23 17 12 00 000 -2.5427023E+01 5.2342098E+01 -1.6066177E+01
2026 07 23 17 13 00 000 -2.5433010E+01 5.2352337E+01 -1.6024559E+01
2026 07 23 17 14 00 000 -2.5438982E+01 5.2362541E+01 -1.5982963E+01
2026 07 23 17 15 00 000 -2.5444971E+01 5.2372704E+01 -1.5941370E+01
2026 07 23 17 16 00 000 -2.5450954E+01 5.2382843E+01 -1.5899796E+01
2026 07 23 17 17 00 000 -2.5456951E+01 5.2392944E+01 -1.5858234E+01
2026 07 23 17 18 00 000 -2.5462934E+01 5.2403008E+01 -1.5816691E+01
2026 07 23 17 19 00 000 -2.5468948E+01 5.2413040E+01 -1.5775152E+01
2026 07 23 17 20 00 000 -2.5474939E+01 5.2423038E+01 -1.5733644E+01
2026 07 23 17 21 00 000 -2.5480936E+01 5.2432991E+01 -1.5692160E+01
2026 07 23 17 22 00 000 -2.5486948E+01 5.2442917E+01 -1.5650682E+01
2026 07 23 17 23 00 000 -2.5492962E+01 5.2452808E+01 -1.5609228E+01
2026 07 23 17 24 00 000 -2.5498968E+01 5.2462669E+01 -1.5567803E+01
2026 07 23 17 25 00 000 -2.5505001E+01 5.2472485E+01 -1.5526388E+01
2026 07 23 17 26 00 000 -2.5510998E+01 5.2482262E+01 -1.5485015E+01
2026 07 23 17 27 00 000 -2.5517025E+01 5.2492016E+01 -1.5443648E+01
2026 07 23 17 28 00 000 -2.5523054E+01 5.2501717E+01 -1.5402313E+01
2026 07 23 17 29 00 000 -2.5529070E+01 5.2511391E+01 -1.5361021E+01
2026 07 23 17 30 00 000 -2.5535109E+01 5.2521034E+01 -1.5319740E+01
2026 07 23 17 31 00 000 -2.5541134E+01 5.2530632E+01 -1.5278496E+01
2026 07 23 17 32 00 000 -2.5547159E+01 5.2540195E+01 -1.5237285E+01
2026 07 23 17 33 00 000 -2.5553215E+01 5.2549717E+01 -1.5196082E+01
2026 07 23 17 34 00 000 -2.5559233E+01 5.2559219E+01 -1.5154946E+01
2026 07 23 17 35 00 000 -2.5565296E+01 5.2568649E+01 -1.5113811E+01
2026 07 23 17 36 00 000 -2.5571354E+01 5.2578060E+01 -1.5072719E+01
2026 07 23 17 37 00 000 -2.5577394E+01 5.2587437E+01 -1.5031675E+01
2026 07 23 17 38 00 000 -2.5583443E+01 5.2596775E+01 -1.4990660E+01
2026 07 23 17 39 00 000 -2.5589502E+01 5.2606071E+01 -1.4949676E+01
2026 07 23 17 40 00 000 -2.5595558E+01 5.2615322E+01 -1.4908739E+01
2026 07 23 17 41 00 000 -2.5601625E+01 5.2624542E+01 -1.4867828E+01
2026 07 23 17 42 00 000 -2.5607693E+01 5.2633717E+01 -1.4826967E+01
2026 07 23 17 43 00 000 -2.5613766E+01 5.2642853E+01 -1.4786140E+01
2026 07 23 17 44 00 000 -2.5619820E+01 5.2651962E+01 -1.4745376E+01
2026 07 23 17 45 00 000 -2.5625898E+01 5.2661022E+01 -1.4704635E+01
2026 07 23 17 46 00 000 -2.5631985E+01 5.2670036E+01 -1.4663935E+01
2026 07 23 17 47 00 000 -2.5638071E+01 5.2679020E+01 -1.4623281E+01
2026 07 23 17 48 00 000 -2.5644161E+01 5.2687950E+01 -1.4582680E+01
2026 07 23 17 49 00 000 -2.5650227E+01 5.2696865E+01 -1.4542137E+01
2026 07 23 17 50 00 000 -2.5656324E+01 5.2705723E+01 -1.4501625E+01
2026 07 23 17 51 00 000 -2.5662422E+01 5.2714535E+01 -1.4461164E+01
2026 07 23 17 52 00 000 -2.5668512E+01 5.2723309E+01 -1.4420759E+01
2026 07 23 17 53 00 000 -2.5674620E+01 5.2732048E+01 -1.4380393E+01
2026 07 23 17 54 00 000 -2.5680723E+01 5.2740734E+01 -1.4340086E+01
2026 07 23 17 55 00 000 -2.5686829E+01 5.2749397E+01 -1.4299838E+01
2026 07 23 17 56 00 000 -2.5692934E+01 5.2757999E+01 -1.4259635E+01
2026 07 23 17 57 00 000 -2.5699055E+01 5.2766579E+01 -1.4219485E+01
2026 07 23 17 58 00 000 -2.5705164E+01 5.2775105E+01 -1.4179399E+01
2026 07 23 17 59 00 000 -2.5711290E+01 5.2783596E+01 -1.4139363E+01
2026 07 23 18 00 00 000 -2.5717413E+01 5.2792046E+01 -1.4099386E+01
2026 07 23 18 01 00 000 -2.5723528E+01 5.2800453E+01 -1.4059474E+01
2026 07 23 18 02 00 000 -2.5729649E+01 5.2808811E+01 -1.4019616E+01
2026 07 23 18 03 00 000 -2.5735775E+01 5.2817146E+01 -1.3979824E+01
2026 07 23 18 04 00 000 -2.5741917E+01 5.2825420E+01 -1.3940087E+01
2026 07 23 18 05 00 000 -2.5748072E+01 5.2833645E+01 -1.3900403E+01
2026 07 23 18 06 00 000 -2.5754202E+01 5.2841843E+01 -1.3860798E+01
2026 07 23 18 07 00 000 -2.5760355E+01 5.2849995E+01 -1.3821246E+01
2026 07 23 18 08 00 000 -2.5766491E+01 5.2858101E+01 -1.3781768E+01
2026 07 23 18 09 00 000 -2.5772633E+01 5.2866173E+01 -1.3742360E+01
2026 07 23 18 10 00 000 -2.5778780E+01 5.2874210E+01 -1.3703014E+01
2026 07 23 18 11 00 000 -2.5784948E+01 5.2882172E+01 -1.3663729E+01
2026 07 23 18 12 00 000 -2.5791117E+01 5.2890106E+01 -1.3624512E+01
2026 07 23 18 13 00 000 -2.5797268E+01 5.2898010E+01 -1.3585377E+01
2026 07 23 18 14 00 000 -2.5803442E+01 5.2905869E+01 -1.3546306E+01
2026 07 23 18 15 00 000 -2.5809607E+01 5.2913677E+01 -1.3507310E+01
2026 07 23 18 16 00 000 -2.5815781E+01 5.2921440E+01 -1.3468382E+01
2026 07 23 18 17 00 000 -2.5821947E+01 5.2929161E+01 -1.3429533E+01
2026 07 23 18 18 00 000 -2.5828148E+01 5.2936836E+01 -1.3390745E+01
2026 07 23 18 19 00 000 -2.5834311E+01 5.2944489E+01 -1.3352056E+01
2026 07 23 18 20 00 000 -2.5840500E+01 5.2952072E+01 -1.3313425E+01
2026 07 23 18 21 00 000 -2.5846693E+01 5.2959625E+01 -1.3274871E+01
2026 07 23 18 22 00 000 -2.5852894E+01 5.2967136E+01 -1.3236401E+01
2026 07 23 18 23 00 000 -2.5859077E+01 5.2974602E+01 -1.3198012E+01
2026 07 23 18 24 00 000 -2.5865269E+01 5.2982029E+01 -1.3159704E+01
2026 07 23 18 25 00 000 -2.5871475E+01 5.2989395E+01 -1.3121469E+01
2026 07 23 18 26 00 000 -2.5877684E+01 5.2996735E+01 -1.3083323E+01
2026 07 23 18 27 00 000 -2.5883898E+01 5.3004017E+01 -1.3045249E+01
2026 07 23 18 28 00 000 -2.5890102E+01 5.3011269E+01 -1.3007271E+01
2026 07 23 18 29 00 000 -2.5896322E+01 5.3018467E+01 -1.2969368E+01
2026 07 23 18 30 00 000 -2.5902517E+01 5.3025627E+01 -1.2931565E+01
2026 07 23 18 31 00 000 -2.5908741E+01 5.3032757E+01 -1.2893838E+01
2026 07 23 18 32 00 000 -2.5914976E+01 5.3039829E+01 -1.2856197E+01
2026 07 23 18 33 00 000 -2.5921196E+01 5.3046856E+01 -1.2818646E+01
2026 07 23 18 34 00 000 -2.5927441E+01 5.3053822E+01 -1.2781173E+01
2026 07 23 18 35 00 000 -2.5933674E+01 5.3060780E+01 -1.2743800E+01
2026 07 23 18 36 00 000 -2.5939917E+01 5.3067680E+01 -1.2706515E+01
2026 07 23 18 37 00 000 -2.5946148E+01 5.3074532E+01 -1.2669328E+01
2026 07 23 18 38 00 000 -2.5952381E+01 5.3081348E+01 -1.2632233E+01
2026 07 23 18 39 00 000 -2.5958633E+01 5.3088116E+01 -1.2595225E+01
2026 07 23 18 40 00 000 -2.5964890E+01 5.3094830E+01 -1.2558306E+01
2026 07 23 18 41 00 000 -2.5971149E+01 5.3101509E+01 -1.2521484E+01
2026 07 23 18 42 00 000 -2.5977417E+01 5.3108143E+01 -1.2484758E+01
2026 07 23 18 43 00 000 -2.5983669E+01 5.3114750E+01 -1.2448138E+01
2026 07 23 18 44 00 000 -2.5989925E+01 5.3121292E+01 -1.2411612E+01
2026 07 23 18 45 00 000 -2.5996193E+01 5.3127804E+01 -1.2375179E+01
2026 07 23 18 46 00 000 -2.6002472E+01 5.3134266E+01 -1.2338849E+01
2026 07 23 18 47 00 000 -2.6008751E+01 5.3140678E+01 -1.2302610E+01
2026 07 23 18 48 00 000 -2.6015022E+01 5.3147064E+01 -1.2266484E+01
2026 07 23 18 49 00 000 -2.6021294E+01 5.3153389E+01 -1.2230458E+01
2026 07 23 18 50 00 000 -2.6027580E+01 5.3159683E+01 -1.2194524E+01
2026 07 23 18 51 00 000 -2.6033865E+01 5.3165932E+01 -1.2158707E+01
2026 07 23 18 52 00 000 -2.6040165E+01 5.3172138E+01 -1.2122976E+01
2026 07 23 18 53 00 000 -2.6046461E+01 5.3178295E+01 -1.2087360E+01
2026 07 23 18 54 00 000 -2.6052752E+01 5.3184406E+01 -1.2051853E+01
2026 07 23 18 55 00 000 -2.6059048E+01 5.3190483E+01 -1.2016449E+01
2026 07 23 18 56 00 000 -2.6065355E+01 5.3196510E+01 -1.1981152E+01
2026 07 23 18 57 00 000 -2.6071671E+01 5.3202499E+01 -1.1945957E+01
2026 07 23 18 58 00 000 -2.6077988E+01 5.3208443E+01 -1.1910870E+01
2026 07 23 18 59 00 000 -2.6084293E+01 5.3214344E+01 -1.1875900E+01
2026 07 23 19 00 00 000 -2.6090618E+01 5.3220203E+01 -1.1841039E+01
2026 07 23 19 01 00 000 -2.6096945E+01 5.3226009E+01 -1.1806280E+01
2026 07 23 19 02 00 000 -2.6103277E+01 5.3231781E+01 -1.1771637E+01
2026 07 23 19 03 00 000 -2.6109598E+01 5.3237518E+01 -1.1737116E+01
2026 07 23 19 04 00 000 -2.6115940E+01 5.3243206E+01 -1.1702695E+01
2026 07 23 19 05 00 000 -2.6122261E+01 5.3248856E+01 -1.1668403E+01
2026 07 23 19 06 00 000 -2.6128595E+01 5.3254463E+01 -1.1634220E+01
2026 07 23 19 07 00 000 -2.6134943E+01 5.3260017E+01 -1.1600145E+01
2026 07 23 19 08 00 000 -2.6141283E+01 5.3265537E+01 -1.1566195E+01
2026 07 23 19 09 00 000 -2.6147638E+01 5.3271008E+01 -1.1532355E+01
2026 07 23 19 10 00 000 -2.6153999E+01 5.3276443E+01 -1.1498631E+01
2026 07 23 19 11 00 000 -2.6160355E+01 5.3281837E+01 -1.1465026E+01
2026 07 23 19 12 00 000 -2.6166710E+01 5.3287186E+01 -1.1431542E+01
2026 07 23 19 13 00 000 -2.6173069E+01 5.3292496E+01 -1.1398189E+01
2026 07 23 19 14 00 000 -2.6179436E+01 5.3297756E+01 -1.1364938E+01
2026 07 23 19 15 00 000 -2.6185818E+01 5.3302990E+01 -1.1331815E+01
2026 07 23 19 16 00 000 -2.6192194E+01 5.3308163E+01 -1.1298811E+01
2026 07 23 19 17 00 000 -2.6198566E+01 5.3313309E+01 -1.1265935E+01
2026 07 23 19 18 00 000 -2.6204954E+01 5.3318398E+01 -1.1233179E+01
2026 07 23 19 19 00 000 -2.6211329E+01 5.3323463E+01 -1.1200552E+01
2026 07 23 19 20 00 000 -2.6217728E+01 5.3328476E+01 -1.1168039E+01
2026 07 23 19 21 00 000 -2.6224123E+01 5.3333454E+01 -1.1135660E+01
2026 07 23 19 22 00 000 -2.6230507E+01 5.3338402E+01 -1.1103411E+01
2026 07 23 19 23 00 000 -2.6236906E+01 5.3343292E+01 -1.1071285E+01
2026 07 23 19 24 00 000 -2.6243313E+01 5.3348141E+01 -1.1039277E+01
2026 07 23 19 25 00 000 -2.6249723E+01 5.3352947E+01 -1.1007400E+01
2026 07 23 19 26 00 000 -2.6256134E+01 5.3357708E+01 -1.0975657E+01
2026 07 23 19 27 00 000 -2.6262543E+01 5.3362453E+01 -1.0944044E+01
2026 07 23 19 28 00 000 -2.6268969E+01 5.3367146E+01 -1.0912553E+01
2026 07 23 19 29 00 000 -2.6275381E+01 5.3371792E+01 -1.0881207E+01
2026 07 23 19 30 00 000 -2.6281794E+01 5.3376408E+01 -1.0849989E+01
2026 07 23 19 31 00 000 -2.6288219E+01 5.3380974E+01 -1.0818901E+01
2026 07 23 19 32 00 000 -2.6294670E+01 5.3385490E+01 -1.0787929E+01
2026 07 23 19 33 00 000 -2.6301111E+01 5.3389988E+01 -1.0757101E+01
2026 07 23 19 34 00 000 -2.6307539E+01 5.3394444E+01 -1.0726413E+01
2026 07 23 19 35 00 000 -2.6313976E+01 5.3398853E+01 -1.0695856E+01
2026 07 23 19 36 00 000 -2.6320442E+01 5.3403214E+01 -1.0665423E+01
2026 07 23 19 37 00 000 -2.6326866E+01 5.3407558E+01 -1.0635148E+01
2026 07 23 19 38 00 000 -2.6333342E+01 5.3411842E+01 -1.0604986E+01
2026 07 23 19 39 00 000 -2.6339802E+01 5.3416096E+01 -1.0574968E+01
2026 07 23 19 40 00 000 -2.6346258E+01 5.3420307E+01 -1.0545091E+01
2026 07 23 19 41 00 000 -2.6352715E+01 5.3424488E+01 -1.0515358E+01
2026 07 23 19 42 00 000 -2.6359201E+01 5.3428616E+01 -1.0485746E+01
2026 07 23 19 43 00 000 -2.6365658E+01 5.3432716E+01 -1.0456296E+01
2026 07 23 19 44 00 000 -2.6372137E+01 5.3436779E+01 -1.0426968E+01
2026 07 23 19 45 00 000 -2.6378620E+01 5.3440796E+01 -1.0397786E+01
2026 07 23 19 46 00 000 -2.6385109E+01 5.3444778E+01 -1.0368744E+01
2026 07 23 19 47 00 000 -2.6391588E+01 5.3448723E+01 -1.0339845E+01
2026 07 23 19 48 00 000 -2.6398067E+01 5.3452625E+01 -1.0311088E+01
2026 07 23 19 49 00 000 -2.6404577E+01 5.3456501E+01 -1.0282469E+01
2026 07 23 19 50 00 000 -2.6411077E+01 5.3460327E+01 -1.0253997E+01
2026 07 23 19 51 00 000 -2.6417585E+01 5.3464115E+01 -1.0225666E+01
2026 07 23 19 52 00 000 -2.6424074E+01 5.3467873E+01 -1.0197488E+01
2026 07 23 19 53 00 000 -2.6430578E+01 5.3471588E+01 -1.0169447E+01
2026 07 23 19 54 00 000 -2.6437103E+01 5.3475266E+01 -1.0141548E+01
2026 07 23 19 55 00 000 -2.6443611E+01 5.3478924E+01 -1.0113801E+01
2026 07 23 19 56 00 000 -2.6450138E+01 5.3482517E+01 -1.0086192E+01
2026 07 23 19 57 00 000 -2.6456684E+01 5.3486088E+01 -1.0058728E+01
2026 07 23 19 58 00 000 -2.6463202E+01 5.3489624E+01 -1.0031428E+01
2026 07 23 19 59 00 000 -2.6469730E+01 5.3493118E+01 -1.0004266E+01
2026 07 23 20 00 00 000 -2.6476269E+01 5.3496574E+01 -9.9772491E+00
2026 07 23 20 01 00 000 -2.6482805E+01 5.3500004E+01 -9.9503899E+00
2026 07 23 20 02 00 000 -2.6489357E+01 5.3503391E+01 -9.9236698E+00
2026 07 23 20 03 00 000 -2.6495897E+01 5.3506741E+01 -9.8971081E+00
2026 07 23 20 04 00 000 -2.6502453E+01 5.3510059E+01 -9.8706923E+00
2026 07 23 20 05 00 000 -2.6509012E+01 5.3513340E+01 -9.8444195E+00
2026 07 23 20 06 00 000 -2.6515551E+01 5.3516590E+01 -9.8183203E+00
2026 07 23 20 07 00 000 -2.6522135E+01 5.3519787E+01 -9.7923450E+00
2026 07 23 20 08 00 000 -2.6528690E+01 5.3522964E+01 -9.7665415E+00
2026 07 23 20 09 00 000 -2.6535269E+01 5.3526104E+01 -9.7408800E+00
2026 07 23 20 10 00 000 -2.6541836E+01 5.3529209E+01 -9.7153788E+00
2026 07 23 20 11 00 000 -2.6548428E+01 5.3532284E+01 -9.6900253E+00
2026 07 23 20 12 00 000 -2.6554998E+01 5.3535313E+01 -9.6648312E+00
2026 07 23 20 13 00 000 -2.6561600E+01 5.3538315E+01 -9.6397810E+00
2026 07 23 20 14 00 000 -2.6568197E+01 5.3541267E+01 -9.6148872E+00
2026 07 23 20 15 00 000 -2.6574781E+01 5.3544220E+01 -9.5901585E+00
2026 07 23 20 16 00 000 -2.6581371E+01 5.3547108E+01 -9.5655851E+00
2026 07 23 20 17 00 000 -2.6587973E+01 5.3549973E+01 -9.5411673E+00
2026 07 23 20 18 00 000 -2.6594584E+01 5.3552799E+01 -9.5169020E+00
2026 07 23 20 19 00 000 -2.6601210E+01 5.3555584E+01 -9.4927845E+00
2026 07 23 20 20 00 000 -2.6607821E+01 5.3558353E+01 -9.4688330E+00
2026 07 23 20 21 00 000 -2.6614439E+01 5.3561089E+01 -9.4450407E+00
2026 07 23 20 22 00 000 -2.6621061E+01 5.3563774E+01 -9.4214058E+00
2026 07 23 20 23 00 000 -2.6627674E+01 5.3566448E+01 -9.3979359E+00
2026 07 23 20 24 00 000 -2.6634310E+01 5.3569077E+01 -9.3746147E+00
2026 07 23 20 25 00 000 -2.6640951E+01 5.3571667E+01 -9.3514519E+00
2026 07 23 20 26 00 000 -2.6647594E+01 5.3574223E+01 -9.3284512E+00
2026 07 23 20 27 00 000 -2.6654217E+01 5.3576767E+01 -9.3056221E+00
2026 07 23 20 28 00 000 -2.6660870E+01 5.3579262E+01 -9.2829409E+00
2026 07 23 20 29 00 000 -2.6667526E+01 5.3581738E+01 -9.2604179E+00
2026 07 23 20 30 00 000 -2.6674175E+01 5.3584164E+01 -9.2380638E+00
2026 07 23 20 31 00 000 -2.6680851E+01 5.3586563E+01 -9.2158613E+00
2026 07 23 20 32 00 000 -2.6687506E+01 5.3588943E+01 -9.1938305E+00
2026 07 23 20 33 00 000 -2.6694181E+01 5.3591278E+01 -9.1719580E+00
2026 07 23 20 34 00 000 -2.6700842E+01 5.3593594E+01 -9.1502514E+00
2026 07 23 20 35 00 000 -2.6707521E+01 5.3595860E+01 -9.1287003E+00
2026 07 23 20 36 00 000 -2.6714193E+01 5.3598110E+01 -9.1073189E+00
2026 07 23 20 37 00 000 -2.6720884E+01 5.3600323E+01 -9.0861006E+00
2026 07 23 20 38 00 000 -2.6727564E+01 5.3602509E+01 -9.0650511E+00
2026 07 23 20 39 00 000 -2.6734278E+01 5.3604652E+01 -9.0441494E+00
2026 07 23 20 40 00 000 -2.6740965E+01 5.3606789E+01 -9.0234241E+00
2026 07 23 20 41 00 000 -2.6747656E+01 5.3608875E+01 -9.0028687E+00
2026 07 23 20 42 00 000 -2.6754362E+01 5.3610931E+01 -8.9824629E+00
2026 07 23 20 43 00 000 -2.6761078E+01 5.3612965E+01 -8.9622307E+00
2026 07 23 20 44 00 000 -2.6767786E+01 5.3614979E+01 -8.9421663E+00
2026 07 23 20 45 00 000 -2.6774508E+01 5.3616936E+01 -8.9222660E+00
2026 07 23 20 46 00 000 -2.6781231E+01 5.3618885E+01 -8.9025307E+00
2026 07 23 20 47 00 000 -2.6787952E+01 5.3620796E+01 -8.8829660E+00
2026 07 23 20 48 00 000 -2.6794672E+01 5.3622688E+01 -8.8635693E+00
2026 07 23 20 49 00 000 -2.6801414E+01 5.3624535E+01 -8.8443279E+00
2026 07 23 20 50 00 000 -2.6808155E+01 5.3626354E+01 -8.8252621E+00
2026 07 23 20 51 00 000 -2.6814899E+01 5.3628155E+01 -8.8063602E+00
2026 07 23 20 52 00 000 -2.6821629E+01 5.3629929E+01 -8.7876387E+00
2026 07 23 20 53 00 000 -2.6828388E+01 5.3631660E+01 -8.7690735E+00
2026 07 23 20 54 00 000 -2.6835146E+01 5.3633369E+01 -8.7506771E+00
2026 07 23 20 55 00 000 -2.6841908E+01 5.3635056E+01 -8.7324514E+00
2026 07 23 20 56 00 000 -2.6848675E+01 5.3636700E+01 -8.7143898E+00
2026 07 23 20 57 00 000 -2.6855438E+01 5.3638317E+01 -8.6965065E+00
2026 07 23 20 58 00 000 -2.6862206E+01 5.3639919E+01 -8.6787939E+00
2026 07 23 20 59 00 000 -2.6868996E+01 5.3641491E+01 -8.6612358E+00
2026 07 23 21 00 00 000 -2.6875771E+01 5.3643024E+01 -8.6438589E+00
2026 07 23 21 01 00 000 -2.6882561E+01 5.3644543E+01 -8.6266508E+00
2026 07 23 21 02 00 000 -2.6889345E+01 5.3646034E+01 -8.6096182E+00
2026 07 23 21 03 00 000 -2.6896141E+01 5.3647484E+01 -8.5927458E+00
2026 07 23 21 04 00 000 -2.6902935E+01 5.3648918E+01 -8.5760517E+00
2026 07 23 21 05 00 000 -2.6909740E+01 5.3650314E+01 -8.5595226E+00
2026 07 23 21 06 00 000 -2.6916529E+01 5.3651703E+01 -8.5431767E+00
2026 07 23 21 07 00 000 -2.6923353E+01 5.3653046E+01 -8.5269890E+00
2026 07 23 21 08 00 000 -2.6930180E+01 5.3654373E+01 -8.5109730E+00
2026 07 23 21 09 00 000 -2.6936991E+01 5.3655666E+01 -8.4951382E+00
2026 07 23 21 10 00 000 -2.6943821E+01 5.3656937E+01 -8.4794636E+00
2026 07 23 21 11 00 000 -2.6950655E+01 5.3658176E+01 -8.4639692E+00
2026 07 23 21 12 00 000 -2.6957491E+01 5.3659393E+01 -8.4486465E+00
2026 07 23 21 13 00 000 -2.6964314E+01 5.3660591E+01 -8.4335003E+00
2026 07 23 21 14 00 000 -2.6971172E+01 5.3661743E+01 -8.4185143E+00
2026 07 23 21 15 00 000 -2.6978008E+01 5.3662891E+01 -8.4037151E+00
2026 07 23 21 16 00 000 -2.6984858E+01 5.3664005E+01 -8.3890839E+00
2026 07 23 21 17 00 000 -2.6991718E+01 5.3665089E+01 -8.3746214E+00
2026 07 23 21 18 00 000 -2.6998581E+01 5.3666157E+01 -8.3603344E+00
2026 07 23 21 19 00 000 -2.7005440E+01 5.3667194E+01 -8.3462267E+00
2026 07 23 21 20 00 000 -2.7012314E+01 5.3668205E+01 -8.3322830E+00
2026 07 23 21 21 00 000 -2.7019196E+01 5.3669178E+01 -8.3185139E+00
2026 07 23 21 22 00 000 -2.7026066E+01 5.3670151E+01 -8.3049250E+00
2026 07 23 21 23 00 000 -2.7032951E+01 5.3671093E+01 -8.2915115E+00
2026 07 23 21 24 00 000 -2.7039846E+01 5.3671997E+01 -8.2782612E+00
2026 07 23 21 25 00 000 -2.7046719E+01 5.3672894E+01 -8.2652035E+00
2026 07 23 21 26 00 000 -2.7053604E+01 5.3673752E+01 -8.2523127E+00
2026 07 23 21 27 00 000 -2.7060526E+01 5.3674591E+01 -8.2395840E+00
2026 07 23 21 28 00 000 -2.7067440E+01 5.3675400E+01 -8.2270346E+00
2026 07 23 21 29 00 000 -2.7074339E+01 5.3676178E+01 -8.2146692E+00
2026 07 23 21 30 00 000 -2.7081263E+01 5.3676952E+01 -8.2024698E+00
2026 07 23 21 31 00 000 -2.7088188E+01 5.3677696E+01 -8.1904478E+00
2026 07 23 21 32 00 000 -2.7095108E+01 5.3678417E+01 -8.1786060E+00
2026 07 23 21 33 00 000 -2.7102037E+01 5.3679108E+01 -8.1669359E+00
2026 07 23 21 34 00 000 -2.7108961E+01 5.3679783E+01 -8.1554432E+00
2026 07 23 21 35 00 000 -2.7115908E+01 5.3680424E+01 -8.1441231E+00
2026 07 23 21 36 00 000 -2.7122858E+01 5.3681046E+01 -8.1329737E+00
2026 07 23 21 37 00 000 -2.7129797E+01 5.3681648E+01 -8.1220102E+00
2026 07 23 21 38 00 000 -2.7136740E+01 5.3682232E+01 -8.1112194E+00
2026 07 23 21 39 00 000 -2.7143700E+01 5.3682770E+01 -8.1006002E+00
2026 07 23 21 40 00 000 -2.7150673E+01 5.3683308E+01 -8.0901575E+00
2026 07 23 21 41 00 000 -2.7157646E+01 5.3683807E+01 -8.0798893E+00
2026 07 23 21 42 00 000 -2.7164618E+01 5.3684296E+01 -8.0697975E+00
2026 07 23 21 43 00 000 -2.7171589E+01 5.3684765E+01 -8.0598888E+00
2026 07 23 21 44 00 000 -2.7178587E+01 5.3685184E+01 -8.0501432E+00
2026 07 23 21 45 00 000 -2.7185558E+01 5.3685612E+01 -8.0405893E+00
2026 07 23 21 46 00 000 -2.7192551E+01 5.3686001E+01 -8.0312033E+00
2026 07 23 21 47 00 000 -2.7199541E+01 5.3686378E+01 -8.0219965E+00
2026 07 23 21 48 00 000 -2.7206541E+01 5.3686726E+01 -8.0129614E+00
2026 07 23 21 49 00 000 -2.7213556E+01 5.3687050E+01 -8.0041027E+00
2026 07 23 21 50 00 000 -2.7220562E+01 5.3687359E+01 -7.9954228E+00
2026 07 23 21 51 00 000 -2.7227579E+01 5.3687637E+01 -7.9869218E+00
2026 07 23 21 52 00 000 -2.7234589E+01 5.3687897E+01 -7.9785957E+00
2026 07 23 21 53 00 000 -2.7241617E+01 5.3688122E+01 -7.9704423E+00
2026 07 23 21 54 00 000 -2.7248655E+01 5.3688343E+01 -7.9624643E+00
2026 07 23 21 55 00 000 -2.7255680E+01 5.3688541E+01 -7.9546723E+00
2026 07 23 21 56 00 000 -2.7262728E+01 5.3688713E+01 -7.9470477E+00
2026 07 23 21 57 00 000 -2.7269768E+01 5.3688873E+01 -7.9396067E+00
2026 07 23 21 58 00 000 -2.7276806E+01 5.3689007E+01 -7.9323411E+00
2026 07 23 21 59 00 000 -2.7283876E+01 5.3689102E+01 -7.9252415E+00
2026 07 23 22 00 00 000 -2.7290945E+01 5.3689182E+01 -7.9183221E+00
2026 07 23 22 01 00 000 -2.7298002E+01 5.3689251E+01 -7.9115853E+00
2026 07 23 22 02 00 000 -2.7305063E+01 5.3689301E+01 -7.9050255E+00
2026 07 23 22 03 00 000 -2.7312140E+01 5.3689323E+01 -7.8986411E+00
2026 07 23 22 04 00 000 -2.7319225E+01 5.3689323E+01 -7.8924289E+00
2026 07 23 22 05 00 000 -2.7326303E+01 5.3689308E+01 -7.8863969E+00
2026 07 23 22 06 00 000 -2.7333401E+01 5.3689266E+01 -7.8805413E+00
2026 07 23 22 07 00 000 -2.7340498E+01 5.3689201E+01 -7.8748589E+00
2026 07 23 22 08 00 000 -2.7347591E+01 5.3689117E+01 -7.8693557E+00
2026 07 23 22 09 00 000 -2.7354691E+01 5.3689022E+01 -7.8640323E+00
2026 07 23 22 10 00 000 -2.7361803E+01 5.3688904E+01 -7.8588796E+00
2026 07 23 22 11 00 000 -2.7368923E+01 5.3688751E+01 -7.8539009E+00
2026 07 23 22 12 00 000 -2.7376041E+01 5.3688580E+01 -7.8491025E+00
2026 07 23 22 13 00 000 -2.7383165E+01 5.3688393E+01 -7.8444819E+00
2026 07 23 22 14 00 000 -2.7390297E+01 5.3688190E+01 -7.8400331E+00
2026 07 23 22 15 00 000 -2.7397427E+01 5.3687969E+01 -7.8357677E+00
2026 07 23 22 16 00 000 -2.7404575E+01 5.3687721E+01 -7.8316727E+00
2026 07 23 22 17 00 000 -2.7411724E+01 5.3687447E+01 -7.8277516E+00
2026 07 23 22 18 00 000 -2.7418882E+01 5.3687153E+01 -7.8240066E+00
2026 07 23 22 19 00 000 -2.7426027E+01 5.3686859E+01 -7.8204460E+00
2026 07 23 22 20 00 000 -2.7433186E+01 5.3686539E+01 -7.8170590E+00
2026 07 23 22 21 00 000 -2.7440355E+01 5.3686180E+01 -7.8138442E+00
2026 07 23 22 22 00 000 -2.7447533E+01 5.3685814E+01 -7.8108034E+00
2026 07 23 22 23 00 000 -2.7454714E+01 5.3685410E+01 -7.8079357E+00
2026 07 23 22 24 00 000 -2.7461905E+01 5.3685013E+01 -7.8052502E+00
2026 07 23 22 25 00 000 -2.7469074E+01 5.3684586E+01 -7.8027482E+00
2026 07 23 22 26 00 000 -2.7476273E+01 5.3684139E+01 -7.8004084E+00
2026 07 23 22 27 00 000 -2.7483465E+01 5.3683674E+01 -7.7982521E+00
2026 07 23 22 28 00 000 -2.7490673E+01 5.3683182E+01 -7.7962623E+00
2026 07 23 22 29 00 000 -2.7497900E+01 5.3682674E+01 -7.7944460E+00
2026 07 23 22 30 00 000 -2.7505091E+01 5.3682148E+01 -7.7928200E+00
2026 07 23 22 31 00 000 -2.7512321E+01 5.3681602E+01 -7.7913580E+00
2026 07 23 22 32 00 000 -2.7519547E+01 5.3681034E+01 -7.7900729E+00
2026 07 23 22 33 00 000 -2.7526772E+01 5.3680450E+01 -7.7889657E+00
2026 07 23 22 34 00 000 -2.7534027E+01 5.3679840E+01 -7.7880225E+00
2026 07 23 22 35 00 000 -2.7541264E+01 5.3679211E+01 -7.7872663E+00
2026 07 23 22 36 00 000 -2.7548504E+01 5.3678574E+01 -7.7866831E+00
2026 07 23 22 37 00 000 -2.7555761E+01 5.3677910E+01 -7.7862692E+00
2026 07 23 22 38 00 000 -2.7563023E+01 5.3677223E+01 -7.7860293E+00
2026 07 23 22 39 00 000 -2.7570280E+01 5.3676521E+01 -7.7859712E+00
2026 07 23 22 40 00 000 -2.7577553E+01 5.3675797E+01 -7.7860789E+00
2026 07 23 22 41 00 000 -2.7584824E+01 5.3675056E+01 -7.7863674E+00
2026 07 23 22 42 00 000 -2.7592106E+01 5.3674290E+01 -7.7868223E+00
2026 07 23 22 43 00 000 -2.7599401E+01 5.3673508E+01 -7.7874532E+00
2026 07 23 22 44 00 000 -2.7606682E+01 5.3672707E+01 -7.7882605E+00
2026 07 23 22 45 00 000 -2.7613989E+01 5.3671883E+01 -7.7892399E+00
2026 07 23 22 46 00 000 -2.7621279E+01 5.3671047E+01 -7.7903967E+00
2026 07 23 22 47 00 000 -2.7628595E+01 5.3670185E+01 -7.7917199E+00
2026 07 23 22 48 00 000 -2.7635914E+01 5.3669308E+01 -7.7932158E+00
2026 07 23 22 49 00 000 -2.7643215E+01 5.3668419E+01 -7.7948933E+00
2026 07 23 22 50 00 000 -2.7650555E+01 5.3667496E+01 -7.7967315E+00
2026 07 23 22 51 00 000 -2.7657881E+01 5.3666569E+01 -7.7987528E+00
2026 07 23 22 52 00 000 -2.7665222E+01 5.3665607E+01 -7.8009419E+00
2026 07 23 22 53 00 000 -2.7672569E+01 5.3664623E+01 -7.8033004E+00
2026 07 23 22 54 00 000 -2.7679922E+01 5.3663628E+01 -7.8058324E+00
2026 07 23 22 55 00 000 -2.7687258E+01 5.3662628E+01 -7.8085470E+00
2026 07 23 22 56 00 000 -2.7694633E+01 5.3661583E+01 -7.8114195E+00
2026 07 23 22 57 00 000 -2.7701992E+01 5.3660538E+01 -7.8144693E+00
2026 07 23 22 58 00 000 -2.7709372E+01 5.3659470E+01 -7.8176861E+00
2026 07 23 22 59 00 000 -2.7716753E+01 5.3658375E+01 -7.8210764E+00
2026 07 23 23 00 00 000 -2.7724127E+01 5.3657265E+01 -7.8246460E+00
2026 07 23 23 01 00 000 -2.7731510E+01 5.3656143E+01 -7.8283811E+00
2026 07 23 23 02 00 000 -2.7738914E+01 5.3654984E+01 -7.8322830E+00
2026 07 23 23 03 00 000 -2.7746319E+01 5.3653824E+01 -7.8363581E+00
2026 07 23 23 04 00 000 -2.7753714E+01 5.3652634E+01 -7.8406081E+00
2026 07 23 23 05 00 000 -2.7761135E+01 5.3651424E+01 -7.8450222E+00
2026 07 23 23 06 00 000 -2.7768549E+01 5.3650208E+01 -7.8496065E+00
2026 07 23 23 07 00 000 -2.7775976E+01 5.3648956E+01 -7.8543615E+00
2026 07 23 23 08 00 000 -2.7783413E+01 5.3647701E+01 -7.8592854E+00
2026 07 23 23 09 00 000 -2.7790842E+01 5.3646412E+01 -7.8643842E+00
2026 07 23 23 10 00 000 -2.7798288E+01 5.3645107E+01 -7.8696475E+00
2026 07 23 23 11 00 000 -2.7805740E+01 5.3643787E+01 -7.8750792E+00
2026 07 23 23 12 00 000 -2.7813189E+01 5.3642448E+01 -7.8806825E+00
2026 07 23 23 13 00 000 -2.7820650E+01 5.3641075E+01 -7.8864527E+00
2026 07 23 23 14 00 000 -2.7828125E+01 5.3639702E+01 -7.8923883E+00
2026 07 23 23 15 00 000 -2.7835590E+01 5.3638306E+01 -7.8984976E+00
2026 07 23 23 16 00 000 -2.7843079E+01 5.3636890E+01 -7.9047723E+00
2026 07 23 23 17 00 000 -2.7850569E+01 5.3635445E+01 -7.9112134E+00
2026 07 23 23 18 00 000 -2.7858047E+01 5.3633980E+01 -7.9178295E+00
2026 07 23 23 19 00 000 -2.7865551E+01 5.3632500E+01 -7.9246039E+00
2026 07 23 23 20 00 000 -2.7873062E+01 5.3631004E+01 -7.9315481E+00
2026 07 23 23 21 00 000 -2.7880575E+01 5.3629490E+01 -7.9386625E+00
2026 07 23 23 22 00 000 -2.7888088E+01 5.3627941E+01 -7.9459405E+00
2026 07 23 23 23 00 000 -2.7895603E+01 5.3626396E+01 -7.9533882E+00
2026 07 23 23 24 00 000 -2.7903126E+01 5.3624825E+01 -7.9610014E+00
2026 07 23 23 25 00 000 -2.7910664E+01 5.3623230E+01 -7.9687772E+00
2026 07 23 23 26 00 000 -2.7918211E+01 5.3621601E+01 -7.9767194E+00
2026 07 23 23 27 00 000 -2.7925762E+01 5.3619976E+01 -7.9848275E+00
2026 07 23 23 28 00 000 -2.7933311E+01 5.3618320E+01 -7.9931073E+00
2026 07 23 23 29 00 000 -2.7940863E+01 5.3616653E+01 -8.0015450E+00
2026 07 23 23 30 00 000 -2.7948439E+01 5.3614944E+01 -8.0101480E+00
2026 07 23 23 31 00 000 -2.7956026E+01 5.3613232E+01 -8.0189123E+00
2026 07 23 23 32 00 000 -2.7963587E+01 5.3611507E+01 -8.0278530E+00
2026 07 23 23 33 00 000 -2.7971188E+01 5.3609745E+01 -8.0369425E+00
2026 07 23 23 34 00 000 -2.7978775E+01 5.3607971E+01 -8.0462055E+00
2026 07 23 23 35 00 000 -2.7986382E+01 5.3606174E+01 -8.0556278E+00
2026 07 23 23 36 00 000 -2.7993977E+01 5.3604366E+01 -8.0652170E+00
2026 07 23 23 37 00 000 -2.8001581E+01 5.3602535E+01 -8.0749722E+00
2026 07 23 23 38 00 000 -2.8009216E+01 5.3600670E+01 -8.0848780E+00
2026 07 23 23 39 00 000 -2.8016851E+01 5.3598793E+01 -8.0949507E+00
2026 07 23 23 40 00 000 -2.8024479E+01 5.3596901E+01 -8.1051922E+00
2026 07 23 23 41 00 000 -2.8032106E+01 5.3594986E+01 -8.1155939E+00
2026 07 23 23 42 00 000 -2.8039761E+01 5.3593040E+01 -8.1261511E+00
2026 07 23 23 43 00 000 -2.8047401E+01 5.3591087E+01 -8.1368818E+00
2026 07 23 23 44 00 000 -2.8055063E+01 5.3589119E+01 -8.1477671E+00
2026 07 23 23 45 00 000 -2.8062738E+01 5.3587109E+01 -8.1588068E+00
2026 07 23 23 46 00 000 -2.8070417E+01 5.3585098E+01 -8.1700077E+00
2026 07 23 23 47 00 000 -2.8078074E+01 5.3583065E+01 -8.1813850E+00
2026 07 23 23 48 00 000 -2.8085764E+01 5.3581005E+01 -8.1929073E+00
2026 07 23 23 49 00 000 -2.8093458E+01 5.3578918E+01 -8.2045918E+00
2026 07 23 23 50 00 000 -2.8101164E+01 5.3576817E+01 -8.2164335E+00
2026 07 23 23 51 00 000 -2.8108875E+01 5.3574699E+01 -8.2284374E+00
2026 07 23 23 52 00 000 -2.8116594E+01 5.3572544E+01 -8.2405958E+00
2026 07 23 23 53 00 000 -2.8124311E+01 5.3570393E+01 -8.2529182E+00
2026 07 23 23 54 00 000 -2.8132025E+01 5.3568203E+01 -8.2654047E+00
2026 07 23 23 55 00 000 -2.8139755E+01 5.3566002E+01 -8.2780485E+00
2026 07 23 23 56 00 000 -2.8147512E+01 5.3563766E+01 -8.2908354E+00
2026 07 23 23 57 00 000 -2.8155266E+01 5.3561520E+01 -8.3037853E+00
2026 07 23 23 58 00 000 -2.8163012E+01 5.3559258E+01 -8.3168983E+00
2026 07 23 23 59 00 000 -2.8170778E+01 5.3556957E+01 -8.3301620E+00
2026 07 24 00 00 00 000 -2.8178543E+01 5.3554626E+01 -8.3436832E+00
2026 07 24 00 01 00 000 -2.8186314E+01 5.3552311E+01 -8.3572683E+00
2026 07 24 00 02 00 000 -2.8194109E+01 5.3549942E+01 -8.3709946E+00
2026 07 24 00 03 00 000 -2.8201906E+01 5.3547569E+01 -8.3848848E+00
2026 07 24 00 04 00 000 -2.8209696E+01 5.3545174E+01 -8.3989296E+00
2026 07 24 00 05 00 000 -2.8217489E+01 5.3542759E+01 -8.4131327E+00
2026 07 24 00 06 00 000 -2.8225298E+01 5.3540318E+01 -8.4274912E+00
2026 07 24 00 07 00 000 -2.8233124E+01 5.3537853E+01 -8.4419956E+00
2026 07 24 00 08 00 000 -2.8240942E+01 5.3535370E+01 -8.4566612E+00
2026 07 24 00 09 00 000 -2.8248791E+01 5.3532848E+01 -8.4714708E+00
2026 07 24 00 10 00 000 -2.8256636E+01 5.3530319E+01 -8.4864397E+00
2026 07 24 00 11 00 000 -2.8264481E+01 5.3527771E+01 -8.5015621E+00
2026 07 24 00 12 00 000 -2.8272326E+01 5.3525204E+01 -8.5168467E+00
2026 07 24 00 13 00 000 -2.8280195E+01 5.3522617E+01 -8.5322666E+00
2026 07 24 00 14 00 000 -2.8288055E+01 5.3519993E+01 -8.5478468E+00
2026 07 24 00 15 00 000 -2.8295950E+01 5.3517353E+01 -8.5635729E+00
2026 07 24 00 16 00 000 -2.8303827E+01 5.3514690E+01 -8.5794582E+00
2026 07 24 00 17 00 000 -2.8311729E+01 5.3511997E+01 -8.5954885E+00
2026 07 24 00 18 00 000 -2.8319624E+01 5.3509304E+01 -8.6116753E+00
2026 07 24 00 19 00 000 -2.8327522E+01 5.3506577E+01 -8.6280107E+00
2026 07 24 00 20 00 000 -2.8335443E+01 5.3503815E+01 -8.6444874E+00
2026 07 24 00 21 00 000 -2.8343382E+01 5.3501030E+01 -8.6611118E+00
2026 07 24 00 22 00 000 -2.8351309E+01 5.3498245E+01 -8.6778984E+00
2026 07 24 00 23 00 000 -2.8359238E+01 5.3495419E+01 -8.6948309E+00
2026 07 24 00 24 00 000 -2.8367186E+01 5.3492573E+01 -8.7119102E+00
2026 07 24 00 25 00 000 -2.8375132E+01 5.3489708E+01 -8.7291374E+00
2026 07 24 00 26 00 000 -2.8383099E+01 5.3486820E+01 -8.7465124E+00
2026 07 24 00 27 00 000 -2.8391077E+01 5.3483902E+01 -8.7640285E+00
2026 07 24 00 28 00 000 -2.8399044E+01 5.3480968E+01 -8.7816963E+00
2026 07 24 00 29 00 000 -2.8407034E+01 5.3478004E+01 -8.7995129E+00
2026 07 24 00 30 00 000 -2.8415020E+01 5.3475018E+01 -8.8174782E+00
2026 07 24 00 31 00 000 -2.8423025E+01 5.3472015E+01 -8.8355818E+00
2026 07 24 00 32 00 000 -2.8431036E+01 5.3468975E+01 -8.8538332E+00
2026 07 24 00 33 00 000 -2.8439056E+01 5.3465931E+01 -8.8722258E+00
2026 07 24 00 34 00 000 -2.8447079E+01 5.3462849E+01 -8.8907766E+00
2026 07 24 00 35 00 000 -2.8455114E+01 5.3459740E+01 -8.9094582E+00
2026 07 24 00 36 00 000 -2.8463146E+01 5.3456623E+01 -8.9282923E+00
2026 07 24 00 37 00 000 -2.8471197E+01 5.3453476E+01 -8.9472656E+00
2026 07 24 00 38 00 000 -2.8479261E+01 5.3450287E+01 -8.9663782E+00
2026 07 24 00 39 00 000 -2.8487328E+01 5.3447086E+01 -8.9856396E+00
2026 07 24 00 40 00 000 -2.8495398E+01 5.3443871E+01 -9.0050449E+00
2026 07 24 00 41 00 000 -2.8503473E+01 5.3440628E+01 -9.0245905E+00
2026 07 24 00 42 00 000 -2.8511572E+01 5.3437351E+01 -9.0442715E+00
2026 07 24 00 43 00 000 -2.8519665E+01 5.3434048E+01 -9.0640993E+00
2026 07 24 00 44 00 000 -2.8527782E+01 5.3430733E+01 -9.0840635E+00
2026 07 24 00 45 00 000 -2.8535885E+01 5.3427387E+01 -9.1041746E+00
2026 07 24 00 46 00 000 -2.8543999E+01 5.3424023E+01 -9.1244297E+00
2026 07 24 00 47 00 000 -2.8552137E+01 5.3420616E+01 -9.1448154E+00
2026 07 24 00 48 00 000 -2.8560266E+01 5.3417213E+01 -9.1653452E+00
2026 07 24 00 49 00 000 -2.8568432E+01 5.3413746E+01 -9.1860037E+00
2026 07 24 00 50 00 000 -2.8576590E+01 5.3410278E+01 -9.2068081E+00
2026 07 24 00 51 00 000 -2.8584751E+01 5.3406784E+01 -9.2277479E+00
2026 07 24 00 52 00 000 -2.8592916E+01 5.3403275E+01 -9.2488365E+00
2026 07 24 00 53 00 000 -2.8601105E+01 5.3399723E+01 -9.2700520E+00
2026 07 24 00 54 00 000 -2.8609282E+01 5.3396156E+01 -9.2914143E+00
2026 07 24 00 55 00 000 -2.8617500E+01 5.3392540E+01 -9.3128958E+00
2026 07 24 00 56 00 000 -2.8625715E+01 5.3388916E+01 -9.3345184E+00
2026 07 24 00 57 00 000 -2.8633924E+01 5.3385277E+01 -9.3562860E+00
2026 07 24 00 58 00 000 -2.8642145E+01 5.3381603E+01 -9.3781853E+00
2026 07 24 00 59 00 000 -2.8650383E+01 5.3377899E+01 -9.4002171E+00
2026 07 24 01 00 00 000 -2.8658619E+01 5.3374180E+01 -9.4223843E+00
2026 07 24 01 01 00 000 -2.8666883E+01 5.3370419E+01 -9.4446783E+00
2026 07 24 01 02 00 000 -2.8675138E+01 5.3366638E+01 -9.4671135E+00
2026 07 24 01 03 00 000 -2.8683399E+01 5.3362839E+01 -9.4896851E+00
2026 07 24 01 04 00 000 -2.8691673E+01 5.3359020E+01 -9.5123892E+00
2026 07 24 01 05 00 000 -2.8699965E+01 5.3355160E+01 -9.5352173E+00
2026 07 24 01 06 00 000 -2.8708279E+01 5.3351265E+01 -9.5581760E+00
2026 07 24 01 07 00 000 -2.8716574E+01 5.3347359E+01 -9.5812702E+00
2026 07 24 01 08 00 000 -2.8724901E+01 5.3343410E+01 -9.6044970E+00
2026 07 24 01 09 00 000 -2.8733213E+01 5.3339455E+01 -9.6278563E+00
2026 07 24 01 10 00 000 -2.8741539E+01 5.3335476E+01 -9.6513433E+00
2026 07 24 01 11 00 000 -2.8749897E+01 5.3331444E+01 -9.6749544E+00
2026 07 24 01 12 00 000 -2.8758230E+01 5.3327408E+01 -9.6987057E+00
2026 07 24 01 13 00 000 -2.8766598E+01 5.3323334E+01 -9.7225780E+00
2026 07 24 01 14 00 000 -2.8774986E+01 5.3319229E+01 -9.7465734E+00
2026 07 24 01 15 00 000 -2.8783360E+01 5.3315109E+01 -9.7707052E+00
2026 07 24 01 16 00 000 -2.8791737E+01 5.3310955E+01 -9.7949648E+00
2026 07 24 01 17 00 000 -2.8800144E+01 5.3306782E+01 -9.8193436E+00
2026 07 24 01 18 00 000 -2.8808559E+01 5.3302567E+01 -9.8438520E+00
2026 07 24 01 19 00 000 -2.8816978E+01 5.3298328E+01 -9.8684874E+00
2026 07 24 01 20 00 000 -2.8825411E+01 5.3294064E+01 -9.8932514E+00
2026 07 24 01 21 00 000 -2.8833841E+01 5.3289768E+01 -9.9181366E+00
2026 07 24 01 22 00 000 -2.8842281E+01 5.3285454E+01 -9.9431505E+00
2026 07 24 01 23 00 000 -2.8850727E+01 5.3281124E+01 -9.9682894E+00
2026 07 24 01 24 00 000 -2.8859196E+01 5.3276733E+01 -9.9935446E+00
2026 07 24 01 25 00 000 -2.8867678E+01 5.3272339E+01 -1.0018929E+01
2026 07 24 01 26 00 000 -2.8876158E+01 5.3267918E+01 -1.0044435E+01
2026 07 24 01 27 00 000 -2.8884661E+01 5.3263443E+01 -1.0070063E+01
2026 07 24 01 28 00 000 -2.8893167E+01 5.3258961E+01 -1.0095810E+01
2026 07 24 01 29 00 000 -2.8901682E+01 5.3254448E+01 -1.0121680E+01
2026 07 24 01 30 00 000 -2.8910204E+01 5.3249901E+01 -1.0147669E+01
2026 07 24 01 31 00 000 -2.8918745E+01 5.3245319E+01 -1.0173780E+01
2026 07 24 01 32 00 000 -2.8927298E+01 5.3240719E+01 -1.0200014E+01
2026 07 24 01 33 00 000 -2.8935846E+01 5.3236095E+01 -1.0226364E+01
2026 07 24 01 34 00 000 -2.8944418E+01 5.3231430E+01 -1.0252835E+01
2026 07 24 01 35 00 000 -2.8952999E+01 5.3226742E+01 -1.0279422E+01
2026 07 24 01 36 00 000 -2.8961584E+01 5.3222038E+01 -1.0306128E+01
2026 07 24 01 37 00 000 -2.8970186E+01 5.3217285E+01 -1.0332954E+01
2026 07 24 01 38 00 000 -2.8978796E+01 5.3212505E+01 -1.0359893E+01
2026 07 24 01 39 00 000 -2.8987406E+01 5.3207710E+01 -1.0386953E+01
2026 07 24 01 40 00 000 -2.8996029E+01 5.3202877E+01 -1.0414130E+01
2026 07 24 01 41 00 000 -2.9004684E+01 5.3198006E+01 -1.0441416E+01
2026 07 24 01 42 00 000 -2.9013323E+01 5.3193115E+01 -1.0468822E+01
2026 07 24 01 43 00 000 -2.9021975E+01 5.3188202E+01 -1.0496347E+01
2026 07 24 01 44 00 000 -2.9030638E+01 5.3183258E+01 -1.0523982E+01
2026 07 24 01 45 00 000 -2.9039331E+01 5.3178272E+01 -1.0551722E+01
2026 07 24 01 46 00 000 -2.9048027E+01 5.3173260E+01 -1.0579584E+01
2026 07 24 01 47 00 000 -2.9056732E+01 5.3168224E+01 -1.0607555E+01
2026 07 24 01 48 00 000 -2.9065453E+01 5.3163143E+01 -1.0635641E+01
2026 07 24 01 49 00 000 -2.9074175E+01 5.3158051E+01 -1.0663838E+01
2026 07 24 01 50 00 000 -2.9082901E+01 5.3152927E+01 -1.0692152E+01
2026 07 24 01 51 00 000 -2.9091656E+01 5.3147770E+01 -1.0720568E+01
2026 07 24 01 52 00 000 -2.9100420E+01 5.3142574E+01 -1.0749091E+01
2026 07 24 01 53 00 000 -2.9109194E+01 5.3137356E+01 -1.0777733E+01
2026 07 24 01 54 00 000 -2.9117979E+01 5.3132103E+01 -1.0806481E+01
2026 07 24 01 55 00 000 -2.9126760E+01 5.3126831E+01 -1.0835342E+01
2026 07 24 01 56 00 000 -2.9135557E+01 5.3121521E+01 -1.0864307E+01
2026 07 24 01 57 00 000 -2.9144382E+01 5.3116180E+01 -1.0893379E+01
2026 07 24 01 58 00 000 -2.9153210E+01 5.3110809E+01 -1.0922557E+01
2026 07 24 01 59 00 000 -2.9162056E+01 5.3105408E+01 -1.0951835E+01
2026 07 24 02 00 00 000 -2.9170904E+01 5.3099968E+01 -1.0981231E+01
2026 07 24 02 01 00 000 -2.9179762E+01 5.3094505E+01 -1.1010730E+01
2026 07 24 02 02 00 000 -2.9188625E+01 5.3089027E+01 -1.1040338E+01
2026 07 24 02 03 00 000 -2.9197504E+01 5.3083504E+01 -1.1070045E+01
2026 07 24 02 04 00 000 -2.9206413E+01 5.3077934E+01 -1.1099854E+01
2026 07 24 02 05 00 000 -2.9215315E+01 5.3072365E+01 -1.1129772E+01
2026 07 24 02 06 00 000 -2.9224243E+01 5.3066742E+01 -1.1159788E+01
2026 07 24 02 07 00 000 -2.9233171E+01 5.3061108E+01 -1.1189914E+01
2026 07 24 02 08 00 000 -2.9242104E+01 5.3055428E+01 -1.1220133E+01
2026 07 24 02 09 00 000 -2.9251074E+01 5.3049709E+01 -1.1250456E+01
2026 07 24 02 10 00 000 -2.9260046E+01 5.3043968E+01 -1.1280880E+01
2026 07 24 02 11 00 000 -2.9269026E+01 5.3038197E+01 -1.1311407E+01
2026 07 24 02 12 00 000 -2.9278023E+01 5.3032394E+01 -1.1342032E+01
2026 07 24 02 13 00 000 -2.9287033E+01 5.3026554E+01 -1.1372751E+01
2026 07 24 02 14 00 000 -2.9296032E+01 5.3020702E+01 -1.1403584E+01
2026 07 24 02 15 00 000 -2.9305079E+01 5.3014797E+01 -1.1434498E+01
2026 07 24 02 16 00 000 -2.9314114E+01 5.3008869E+01 -1.1465525E+01
2026 07 24 02 17 00 000 -2.9323174E+01 5.3002918E+01 -1.1496640E+01
2026 07 24 02 18 00 000 -2.9332258E+01 5.2996910E+01 -1.1527851E+01
2026 07 24 02 19 00 000 -2.9341322E+01 5.2990906E+01 -1.1559162E+01
2026 07 24 02 20 00 000 -2.9350416E+01 5.2984848E+01 -1.1590567E+01
2026 07 24 02 21 00 000 -2.9359531E+01 5.2978752E+01 -1.1622066E+01
2026 07 24 02 22 00 000 -2.9368643E+01 5.2972645E+01 -1.1653660E+01
2026 07 24 02 23 00 000 -2.9377766E+01 5.2966496E+01 -1.1685356E+01
2026 07 24 02 24 00 000 -2.9386919E+01 5.2960304E+01 -1.1717137E+01
2026 07 24 02 25 00 000 -2.9396070E+01 5.2954098E+01 -1.1749014E+01
2026 07 24 02 26 00 000 -2.9405264E+01 5.2947849E+01 -1.1780976E+01
2026 07 24 02 27 00 000 -2.9414436E+01 5.2941582E+01 -1.1813036E+01
2026 07 24 02 28 00 000 -2.9423639E+01 5.2935265E+01 -1.1845190E+01
2026 07 24 02 29 00 000 -2.9432850E+01 5.2928932E+01 -1.1877431E+01
2026 07 24 02 30 00 000 -2.9442076E+01 5.2922554E+01 -1.1909760E+01
2026 07 24 02 31 00 000 -2.9451321E+01 5.2916145E+01 -1.1942182E+01
2026 07 24 02 32 00 000 -2.9460583E+01 5.2909702E+01 -1.1974692E+01
2026 07 24 02 33 00 000 -2.9469841E+01 5.2903244E+01 -1.2007289E+01
2026 07 24 02 34 00 000 -2.9479132E+01 5.2896740E+01 -1.2039979E+01
2026 07 24 02 35 00 000 -2.9488415E+01 5.2890202E+01 -1.2072757E+01
2026 07 24 02 36 00 000 -2.9497738E+01 5.2883633E+01 -1.2105608E+01
2026 07 24 02 37 00 000 -2.9507055E+01 5.2877037E+01 -1.2138561E+01
2026 07 24 02 38 00 000 -2.9516403E+01 5.2870407E+01 -1.2171593E+01
2026 07 24 02 39 00 000 -2.9525747E+01 5.2863747E+01 -1.2204714E+01
2026 07 24 02 40 00 000 -2.9535109E+01 5.2857056E+01 -1.2237922E+01
2026 07 24 02 41 00 000 -2.9544489E+01 5.2850327E+01 -1.2271203E+01
2026 07 24 02 42 00 000 -2.9553888E+01 5.2843575E+01 -1.2304576E+01
2026 07 24 02 43 00 000 -2.9563282E+01 5.2836796E+01 -1.2338032E+01
2026 07 24 02 44 00 000 -2.9572720E+01 5.2829956E+01 -1.2371567E+01
2026 07 24 02 45 00 000 -2.9582155E+01 5.2823116E+01 -1.2405188E+01
2026 07 24 02 46 00 000 -2.9591612E+01 5.2816212E+01 -1.2438886E+01
2026 07 24 02 47 00 000 -2.9601086E+01 5.2809288E+01 -1.2472664E+01
2026 07 24 02 48 00 000 -2.9610577E+01 5.2802338E+01 -1.2506520E+01
2026 07 24 02 49 00 000 -2.9620066E+01 5.2795357E+01 -1.2540465E+01
2026 07 24 02 50 00 000 -2.9629591E+01 5.2788334E+01 -1.2574479E+01
2026 07 24 02 51 00 000 -2.9639109E+01 5.2781288E+01 -1.2608585E+01
2026 07 24 02 52 00 000 -2.9648666E+01 5.2774208E+01 -1.2642756E+01
2026 07 24 02 53 00 000 -2.9658226E+01 5.2767086E+01 -1.2677010E+01
2026 07 24 02 54 00 000 -2.9667782E+01 5.2759953E+01 -1.2711344E+01
2026 07 24 02 55 00 000 -2.9677393E+01 5.2752769E+01 -1.2745740E+01
2026 07 24 02 56 00 000 -2.9687004E+01 5.2745544E+01 -1.2780225E+01
2026 07 24 02 57 00 000 -2.9696627E+01 5.2738312E+01 -1.2814781E+01
2026 07 24 02 58 00 000 -2.9706268E+01 5.2731033E+01 -1.2849410E+01
2026 07 24 02 59 00 000 -2.9715929E+01 5.2723721E+01 -1.2884113E+01
2026 07 24 03 00 00 000 -2.9725595E+01 5.2716381E+01 -1.2918898E+01
2026 07 24 03 01 00 000 -2.9735287E+01 5.2709003E+01 -1.2953742E+01
2026 07 24 03 02 00 000 -2.9744989E+01 5.2701595E+01 -1.2988669E+01
2026 07 24 03 03 00 000 -2.9754713E+01 5.2694157E+01 -1.3023665E+01
2026 07 24 03 04 00 000 -2.9764460E+01 5.2686680E+01 -1.3058727E+01
2026 07 24 03 05 00 000 -2.9774195E+01 5.2679188E+01 -1.3093870E+01
2026 07 24 03 06 00 000 -2.9783985E+01 5.2671658E+01 -1.3129068E+01
2026 07 24 03 07 00 000 -2.9793768E+01 5.2664078E+01 -1.3164351E+01
2026 07 24 03 08 00 000 -2.9803577E+01 5.2656487E+01 -1.3199689E+01
2026 07 24 03 09 00 000 -2.9813404E+01 5.2648842E+01 -1.3235099E+01
2026 07 24 03 10 00 000 -2.9823252E+01 5.2641171E+01 -1.3270576E+01
2026 07 24 03 11 00 000 -2.9833092E+01 5.2633492E+01 -1.3306126E+01
2026 07 24 03 12 00 000 -2.9842970E+01 5.2625751E+01 -1.3341739E+01
2026 07 24 03 13 00 000 -2.9852871E+01 5.2617996E+01 -1.3377416E+01
2026 07 24 03 14 00 000 -2.9862783E+01 5.2610203E+01 -1.3413161E+01
2026 07 24 03 15 00 000 -2.9872725E+01 5.2602379E+01 -1.3448968E+01
2026 07 24 03 16 00 000 -2.9882673E+01 5.2594509E+01 -1.3484838E+01
2026 07 24 03 17 00 000 -2.9892639E+01 5.2586628E+01 -1.3520778E+01
2026 07 24 03 18 00 000 -2.9902609E+01 5.2578705E+01 -1.3556776E+01
2026 07 24 03 19 00 000 -2.9912617E+01 5.2570744E+01 -1.3592837E+01
2026 07 24 03 20 00 000 -2.9922646E+01 5.2562759E+01 -1.3628961E+01
2026 07 24 03 21 00 000 -2.9932688E+01 5.2554737E+01 -1.3665143E+01
2026 07 24 03 22 00 000 -2.9942741E+01 5.2546696E+01 -1.3701388E+01
2026 07 24 03 23 00 000 -2.9952814E+01 5.2538624E+01 -1.3737696E+01
2026 07 24 03 24 00 000 -2.9962914E+01 5.2530491E+01 -1.3774053E+01
2026 07 24 03 25 00 000 -2.9973022E+01 5.2522354E+01 -1.3810479E+01
2026 07 24 03 26 00 000 -2.9983175E+01 5.2514175E+01 -1.3846955E+01
2026 07 24 03 27 00 000 -2.9993332E+01 5.2505966E+01 -1.3883493E+01
2026 07 24 03 28 00 000 -3.0003502E+01 5.2497723E+01 -1.3920094E+01
2026 07 24 03 29 00 000 -3.0013702E+01 5.2489445E+01 -1.3956741E+01
2026 07 24 03 30 00 000 -3.0023911E+01 5.2481144E+01 -1.3993454E+01
2026 07 24 03 31 00 000 -3.0034151E+01 5.2472801E+01 -1.4030212E+01
2026 07 24 03 32 00 000 -3.0044411E+01 5.2464439E+01 -1.4067027E+01
2026 07 24 03 33 00 000 -3.0054665E+01 5.2456055E+01 -1.4103909E+01
2026 07 24 03 34 00 000 -3.0064978E+01 5.2447605E+01 -1.4140821E+01
2026 07 24 03 35 00 000 -3.0075302E+01 5.2439148E+01 -1.4177798E+01
2026 07 24 03 36 00 000 -3.0085627E+01 5.2430664E+01 -1.4214833E+01
2026 07 24 03 37 00 000 -3.0095997E+01 5.2422134E+01 -1.4251915E+01
2026 07 24 03 38 00 000 -3.0106380E+01 5.2413574E+01 -1.4289044E+01
2026 07 24 03 39 00 000 -3.0116777E+01 5.2404995E+01 -1.4326227E+01
2026 07 24 03 40 00 000 -3.0127203E+01 5.2396381E+01 -1.4363459E+01
2026 07 24 03 41 00 000 -3.0137665E+01 5.2387718E+01 -1.4400732E+01
2026 07 24 03 42 00 000 -3.0148113E+01 5.2379047E+01 -1.4438074E+01
2026 07 24 03 43 00 000 -3.0158594E+01 5.2370350E+01 -1.4475452E+01
2026 07 24 03 44 00 000 -3.0169111E+01 5.2361614E+01 -1.4512880E+01
2026 07 24 03 45 00 000 -3.0179647E+01 5.2352840E+01 -1.4550351E+01
2026 07 24 03 46 00 000 -3.0190195E+01 5.2344036E+01 -1.4587869E+01
2026 07 24 03 47 00 000 -3.0200781E+01 5.2335201E+01 -1.4625439E+01
2026 07 24 03 48 00 000 -3.0211388E+01 5.2326336E+01 -1.4663042E+01
2026 07 24 03 49 00 000 -3.0221994E+01 5.2317455E+01 -1.4700702E+01
2026 07 24 03 50 00 000 -3.0232660E+01 5.2308517E+01 -1.4738395E+01
2026 07 24 03 51 00 000 -3.0243319E+01 5.2299580E+01 -1.4776144E+01
2026 07 24 03 52 00 000 -3.0254025E+01 5.2290588E+01 -1.4813923E+01
2026 07 24 03 53 00 000 -3.0264750E+01 5.2281574E+01 -1.4851752E+01
2026 07 24 03 54 00 000 -3.0275501E+01 5.2272530E+01 -1.4889618E+01
2026 07 24 03 55 00 000 -3.0286259E+01 5.2263466E+01 -1.4927528E+01
2026 07 24 03 56 00 000 -3.0297058E+01 5.2254360E+01 -1.4965478E+01
2026 07 24 03 57 00 000 -3.0307869E+01 5.2245235E+01 -1.5003470E+01
2026 07 24 03 58 00 000 -3.0318718E+01 5.2236069E+01 -1.5041494E+01
2026 07 24 03 59 00 000 -3.0329592E+01 5.2226879E+01 -1.5079559E+01
2026 07 24 04 00 00 000 -3.0340490E+01 5.2217655E+01 -1.5117664E+01
2026 07 24 04 01 00 000 -3.0351402E+01 5.2208408E+01 -1.5155808E+01
2026 07 24 04 02 00 000 -3.0362341E+01 5.2199135E+01 -1.5193991E+01
2026 07 24 04 03 00 000 -3.0373318E+01 5.2189831E+01 -1.5232203E+01
2026 07 24 04 04 00 000 -3.0384317E+01 5.2180485E+01 -1.5270452E+01
2026 07 24 04 05 00 000 -3.0395334E+01 5.2171127E+01 -1.5308741E+01
2026 07 24 04 06 00 000 -3.0406389E+01 5.2161728E+01 -1.5347058E+01
2026 07 24 04 07 00 000 -3.0417463E+01 5.2152306E+01 -1.5385413E+01
2026 07 24 04 08 00 000 -3.0428574E+01 5.2142864E+01 -1.5423800E+01
2026 07 24 04 09 00 000 -3.0439722E+01 5.2133369E+01 -1.5462216E+01
2026 07 24 04 10 00 000 -3.0450876E+01 5.2123863E+01 -1.5500672E+01
2026 07 24 04 11 00 000 -3.0462063E+01 5.2114342E+01 -1.5539157E+01
2026 07 24 04 12 00 000 -3.0473288E+01 5.2104771E+01 -1.5577665E+01
2026 07 24 04 13 00 000 -3.0484549E+01 5.2095173E+01 -1.5616205E+01
2026 07 24 04 14 00 000 -3.0495813E+01 5.2085552E+01 -1.5654781E+01
2026 07 24 04 15 00 000 -3.0507114E+01 5.2075909E+01 -1.5693383E+01
2026 07 24 04 16 00 000 -3.0518454E+01 5.2066235E+01 -1.5732013E+01
2026 07 24 04 17 00 000 -3.0529810E+01 5.2056534E+01 -1.5770675E+01
2026 07 24 04 18 00 000 -3.0541206E+01 5.2046799E+01 -1.5809361E+01
2026 07 24 04 19 00 000 -3.0552624E+01 5.2037045E+01 -1.5848074E+01
2026 07 24 04 20 00 000 -3.0564098E+01 5.2027252E+01 -1.5886806E+01
2026 07 24 04 21 00 000 -3.0575575E+01 5.2017448E+01 -1.5925573E+01
2026 07 24 04 22 00 000 -3.0587084E+01 5.2007618E+01 -1.5964365E+01
2026 07 24 04 23 00 000 -3.0598640E+01 5.1997749E+01 -1.6003176E+01
2026 07 24 04 24 00 000 -3.0610214E+01 5.1987862E+01 -1.6042017E+01
2026 07 24 04 25 00 000 -3.0621836E+01 5.1977943E+01 -1.6080873E+01
2026 07 24 04 26 00 000 -3.0633484E+01 5.1967979E+01 -1.6119751E+01
2026 07 24 04 27 00 000 -3.0645172E+01 5.1958008E+01 -1.6158657E+01
2026 07 24 04 28 00 000 -3.0656876E+01 5.1948021E+01 -1.6197580E+01
2026 07 24 04 29 00 000 -3.0668613E+01 5.1937996E+01 -1.6236532E+01
2026 07 24 04 30 00 000 -3.0680397E+01 5.1927948E+01 -1.6275496E+01
2026 07 24 04 31 00 000 -3.0692230E+01 5.1917862E+01 -1.6314472E+01
2026 07 24 04 32 00 000 -3.0704075E+01 5.1907764E+01 -1.6353479E+01
2026 07 24 04 33 00 000 -3.0715960E+01 5.1897636E+01 -1.6392504E+01
2026 07 24 04 34 00 000 -3.0727886E+01 5.1887489E+01 -1.6431540E+01
2026 07 24 04 35 00 000 -3.0739830E+01 5.1877312E+01 -1.6470602E+01
2026 07 24 04 36 00 000 -3.0751833E+01 5.1867104E+01 -1.6509672E+01
2026 07 24 04 37 00 000 -3.0763866E+01 5.1856873E+01 -1.6548759E+01
2026 07 24 04 38 00 000 -3.0775925E+01 5.1846622E+01 -1.6587870E+01
2026 07 24 04 39 00 000 -3.0788019E+01 5.1836353E+01 -1.6626991E+01
2026 07 24 04 40 00 000 -3.0800154E+01 5.1826057E+01 -1.6666126E+01
2026 07 24 04 41 00 000 -3.0812353E+01 5.1815712E+01 -1.6705267E+01
2026 07 24 04 42 00 000 -3.0824564E+01 5.1805378E+01 -1.6744431E+01
2026 07 24 04 43 00 000 -3.0836826E+01 5.1794994E+01 -1.6783600E+01
2026 07 24 04 44 00 000 -3.0849131E+01 5.1784607E+01 -1.6822788E+01
2026 07 24 04 45 00 000 -3.0861458E+01 5.1774178E+01 -1.6861984E+01
2026 07 24 04 46 00 000 -3.0873848E+01 5.1763729E+01 -1.6901188E+01
2026 07 24 04 47 00 000 -3.0886263E+01 5.1753254E+01 -1.6940403E+01
2026 07 24 04 48 00 000 -3.0898726E+01 5.1742760E+01 -1.6979628E+01
2026 07 24 04 49 00 000 -3.0911236E+01 5.1732243E+01 -1.7018862E+01
2026 07 24 04 50 00 000 -3.0923790E+01 5.1721699E+01 -1.7058104E+01
2026 07 24 04 51 00 000 -3.0936361E+01 5.1711136E+01 -1.7097357E+01
2026 07 24 04 52 00 000 -3.0949013E+01 5.1700546E+01 -1.7136610E+01
2026 07 24 04 53 00 000 -3.0961681E+01 5.1689941E+01 -1.7175877E+01
2026 07 24 04 54 00 000 -3.0974415E+01 5.1679298E+01 -1.7215143E+01
2026 07 24 04 55 00 000 -3.0987190E+01 5.1668640E+01 -1.7254414E+01
2026 07 24 04 56 00 000 -3.1000010E+01 5.1657963E+01 -1.7293692E+01
2026 07 24 04 57 00 000 -3.1012865E+01 5.1647259E+01 -1.7332975E+01
2026 07 24 04 58 00 000 -3.1025782E+01 5.1636520E+01 -1.7372263E+01
2026 07 24 04 59 00 000 -3.1038734E+01 5.1625790E+01 -1.7411554E+01
2026 07 24 05 00 00 000 -3.1051748E+01 5.1615013E+01 -1.7450844E+01
2026 07 24 05 01 00 000 -3.1064810E+01 5.1604218E+01 -1.7490204E+01
2026 07 24 05 02 00 000 -3.1077927E+01 5.1593384E+01 -1.7529491E+01
2026 07 24 05 03 00 000 -3.1091072E+01 5.1582558E+01 -1.7568792E+01
2026 07 24 05 04 00 000 -3.1104277E+01 5.1571697E+01 -1.7608086E+01
2026 07 24 05 05 00 000 -3.1117540E+01 5.1560814E+01 -1.7647379E+01
2026 07 24 05 06 00 000 -3.1130861E+01 5.1549908E+01 -1.7686666E+01
2026 07 24 05 07 00 000 -3.1144232E+01 5.1538990E+01 -1.7725960E+01
2026 07 24 05 08 00 000 -3.1157650E+01 5.1528042E+01 -1.7765245E+01
2026 07 24 05 09 00 000 -3.1171129E+01 5.1517078E+01 -1.7804529E+01
2026 07 24 05 10 00 000 -3.1184658E+01 5.1506092E+01 -1.7843813E+01
2026 07 24 05 11 00 000 -3.1198257E+01 5.1495071E+01 -1.7883085E+01
2026 07 24 05 12 00 000 -3.1211908E+01 5.1484047E+01 -1.7922358E+01
2026 07 24 05 13 00 000 -3.1225622E+01 5.1472984E+01 -1.7961618E+01
2026 07 24 05 14 00 000 -3.1239378E+01 5.1461914E+01 -1.8000881E+01
2026 07 24 05 15 00 000 -3.1253202E+01 5.1450817E+01 -1.8040136E+01
2026 07 24 05 16 00 000 -3.1267094E+01 5.1439693E+01 -1.8079378E+01
2026 07 24 05 17 00 000 -3.1281054E+01 5.1428558E+01 -1.8118614E+01
2026 07 24 05 18 00 000 -3.1295071E+01 5.1417389E+01 -1.8157835E+01
2026 07 24 05 19 00 000 -3.1309155E+01 5.1406204E+01 -1.8197052E+01
2026 07 24 05 20 00 000 -3.1323303E+01 5.1394993E+01 -1.8236259E+01
2026 07 24 05 21 00 000 -3.1337498E+01 5.1383774E+01 -1.8275461E+01
2026 07 24 05 22 00 000 -3.1351778E+01 5.1372524E+01 -1.8314646E+01
2026 07 24 05 23 00 000 -3.1366129E+01 5.1361256E+01 -1.8353819E+01
2026 07 24 05 24 00 000 -3.1380535E+01 5.1349968E+01 -1.8392984E+01
2026 07 24 05 25 00 000 -3.1395039E+01 5.1338638E+01 -1.8432121E+01
2026 07 24 05 26 00 000 -3.1409586E+01 5.1327312E+01 -1.8471266E+01
2026 07 24 05 27 00 000 -3.1424236E+01 5.1315948E+01 -1.8510376E+01
2026 07 24 05 28 00 000 -3.1438936E+01 5.1304565E+01 -1.8549480E+01
2026 07 24 05 29 00 000 -3.1453726E+01 5.1293171E+01 -1.8588566E+01
2026 07 24 05 30 00 000 -3.1468596E+01 5.1281731E+01 -1.8627636E+01
2026 07 24 05 31 00 000 -3.1483541E+01 5.1270283E+01 -1.8666687E+01
2026 07 24 05 32 00 000 -3.1498558E+01 5.1258816E+01 -1.8705723E+01
2026 07 24 05 33 00 000 -3.1513651E+01 5.1247318E+01 -1.8744740E+01
2026 07 24 05 34 00 000 -3.1528841E+01 5.1235794E+01 -1.8783731E+01
2026 07 24 05 35 00 000 -3.1544121E+01 5.1224247E+01 -1.8822708E+01
2026 07 24 05 36 00 000 -3.1559486E+01 5.1212677E+01 -1.8861660E+01
2026 07 24 05 37 00 000 -3.1574934E+01 5.1201077E+01 -1.8900587E+01
2026 07 24 05 38 00 000 -3.1590462E+01 5.1189468E+01 -1.8939499E+01
2026 07 24 05 39 00 000 -3.1606087E+01 5.1177826E+01 -1.8978384E+01
2026 07 24 05 40 00 000 -3.1621811E+01 5.1166149E+01 -1.9017248E+01
2026 07 24 05 41 00 000 -3.1637632E+01 5.1154442E+01 -1.9056076E+01
2026 07 24 05 42 00 000 -3.1653536E+01 5.1142723E+01 -1.9094891E+01
2026 07 24 05 43 00 000 -3.1669542E+01 5.1130966E+01 -1.9133673E+01
2026 07 24 05 44 00 000 -3.1685663E+01 5.1119186E+01 -1.9172430E+01
2026 07 24 05 45 00 000 -3.1701887E+01 5.1107372E+01 -1.9211149E+01
2026 07 24 05 46 00 000 -3.1718220E+01 5.1095520E+01 -1.9249838E+01
2026 07 24 05 47 00 000 -3.1734644E+01 5.1083649E+01 -1.9288504E+01
2026 07 24 05 48 00 000 -3.1751190E+01 5.1071739E+01 -1.9327133E+01
2026 07 24 05 49 00 000 -3.1767830E+01 5.1059811E+01 -1.9365736E+01
2026 07 24 05 50 00 000 -3.1784611E+01 5.1047825E+01 -1.9404297E+01
2026 07 24 05 51 00 000 -3.1801500E+01 5.1035812E+01 -1.9442825E+01
2026 07 24 05 52 00 000 -3.1818516E+01 5.1023769E+01 -1.9481318E+01
2026 07 24 05 53 00 000 -3.1835651E+01 5.1011673E+01 -1.9519764E+01
2026 07 24 05 54 00 000 -3.1852898E+01 5.0999557E+01 -1.9558184E+01
2026 07 24 05 55 00 000 -3.1870291E+01 5.0987389E+01 -1.9596556E+01
2026 07 24 05 56 00 000 -3.1887812E+01 5.0975182E+01 -1.9634888E+01
2026 07 24 05 57 00 000 -3.1905455E+01 5.0962929E+01 -1.9673180E+01
2026 07 24 05 58 00 000 -3.1923250E+01 5.0950634E+01 -1.9711424E+01
2026 07 24 05 59 00 000 -3.1941187E+01 5.0938286E+01 -1.9749617E+01
2026 07 24 06 00 00 000 -3.1959253E+01 5.0925888E+01 -1.9787771E+01
2026 07 24 06 01 00 000 -3.1977491E+01 5.0913429E+01 -1.9825867E+01
2026 07 24 06 02 00 000 -3.1995857E+01 5.0900944E+01 -1.9863920E+01
2026 07 24 06 03 00 000 -3.2014400E+01 5.0888371E+01 -1.9901911E+01
2026 07 24 06 04 00 000 -3.2033085E+01 5.0875759E+01 -1.9939852E+01
2026 07 24 06 05 00 000 -3.2051952E+01 5.0863071E+01 -1.9977728E+01
2026 07 24 06 06 00 000 -3.2070976E+01 5.0850304E+01 -2.0015551E+01
2026 07 24 06 07 00 000 -3.2090168E+01 5.0837482E+01 -2.0053308E+01
2026 07 24 06 08 00 000 -3.2109550E+01 5.0824577E+01 -2.0090994E+01
2026 07 24 06 09 00 000 -3.2129112E+01 5.0811588E+01 -2.0128614E+01
2026 07 24 06 10 00 000 -3.2148849E+01 5.0798531E+01 -2.0166168E+01
2026 07 24 06 11 00 000 -3.2168789E+01 5.0785370E+01 -2.0203642E+01
2026 07 24 06 12 00 000 -3.2188923E+01 5.0772118E+01 -2.0241035E+01
2026 07 24 06 13 00 000 -3.2209244E+01 5.0758766E+01 -2.0278353E+01
2026 07 24 06 14 00 000 -3.2229782E+01 5.0745316E+01 -2.0315584E+01
2026 07 24 06 15 00 000 -3.2250523E+01 5.0731754E+01 -2.0352726E+01
2026 07 24 06 16 00 000 -3.2271500E+01 5.0718052E+01 -2.0389765E+01
2026 07 24 06 17 00 000 -3.2292698E+01 5.0704235E+01 -2.0426708E+01
2026 07 24 06 18 00 000 -3.2314102E+01 5.0690281E+01 -2.0463545E+01
2026 07 24 06 19 00 000 -3.2335739E+01 5.0676193E+01 -2.0500277E+01
2026 07 24 06 20 00 000 -3.2357628E+01 5.0661942E+01 -2.0536886E+01
2026 07 24 06 21 00 000 -3.2379753E+01 5.0647518E+01 -2.0573370E+01
2026 07 24 06 22 00 000 -3.2402126E+01 5.0632923E+01 -2.0609728E+01
2026 07 24 06 23 00 000 -3.2424755E+01 5.0618134E+01 -2.0645943E+01
2026 07 24 06 24 00 000 -3.2447655E+01 5.0603138E+01 -2.0681999E+01
2026 07 24 06 25 00 000 -3.2470776E+01 5.0587944E+01 -2.0717918E+01
2026 07 24 06 26 00 000 -3.2494202E+01 5.0572498E+01 -2.0753654E+01
2026 07 24 06 27 00 000 -3.2517891E+01 5.0556805E+01 -2.0789213E+01
2026 07 24 06 28 00 000 -3.2541836E+01 5.0540855E+01 -2.0824593E+01
2026 07 24 06 29 00 000 -3.2566063E+01 5.0524609E+01 -2.0859760E+01
2026 07 24 06 30 00 000 -3.2590569E+01 5.0508053E+01 -2.0894709E+01
2026 07 24 06 31 00 000 -3.2615311E+01 5.0491180E+01 -2.0929436E+01
2026 07 24 06 32 00 000 -3.2640354E+01 5.0473953E+01 -2.0963913E+01
2026 07 24 06 33 00 000 -3.2665649E+01 5.0456348E+01 -2.0998119E+01
2026 07 24 06 34 00 000 -3.2691185E+01 5.0438339E+01 -2.1032047E+01
2026 07 24 06 35 00 000 -3.2716988E+01 5.0419907E+01 -2.1065674E+01
2026 07 24 06 36 00 000 -3.2742985E+01 5.0401020E+01 -2.1098989E+01
2026 07 24 06 37 00 000 -3.2769234E+01 5.0381653E+01 -2.1131950E+01
2026 07 24 06 38 00 000 -3.2795643E+01 5.0361790E+01 -2.1164562E+01
2026 07 24 06 39 00 000 -3.2822216E+01 5.0341377E+01 -2.1196787E+01
2026 07 24 06 40 00 000 -3.2848942E+01 5.0320400E+01 -2.1228598E+01
2026 07 24 06 41 00 000 -3.2875771E+01 5.0298840E+01 -2.1259985E+01
2026 07 24 06 42 00 000 -3.2902626E+01 5.0276680E+01 -2.1290932E+01
2026 07 24 06 43 00 000 -3.2929516E+01 5.0253883E+01 -2.1321407E+01
2026 07 24 06 44 00 000 -3.2956364E+01 5.0230465E+01 -2.1351406E+01
2026 07 24 06 45 00 000 -3.2983135E+01 5.0206375E+01 -2.1380896E+01
2026 07 24 06 46 00 000 -3.3009735E+01 5.0181648E+01 -2.1409895E+01
2026 07 24 06 47 00 000 -3.3036167E+01 5.0156265E+01 -2.1438368E+01
2026 07 24 06 48 00 000 -3.3062309E+01 5.0130245E+01 -2.1466322E+01
2026 07 24 06 49 00 000 -3.3088150E+01 5.0103596E+01 -2.1493755E+01
2026 07 24 06 50 00 000 -3.3113590E+01 5.0076351E+01 -2.1520679E+01
2026 07 24 06 51 00 000 -3.3138630E+01 5.0048519E+01 -2.1547092E+01
2026 07 24 06 52 00 000 -3.3163177E+01 5.0020176E+01 -2.1573021E+01
2026 07 24 06 53 00 000 -3.3187206E+01 4.9991322E+01 -2.1598478E+01
2026 07 24 06 54 00 000 -3.3210678E+01 4.9962029E+01 -2.1623484E+01
2026 07 24 06 55 00 000 -3.3233566E+01 4.9932312E+01 -2.1648054E+01
2026 07 24 06 56 00 000 -3.3255856E+01 4.9902233E+01 -2.1672226E+01
2026 07 24 06 57 00 000 -3.3277512E+01 4.9871857E+01 -2.1696018E+01
2026 07 24 06 58 00 000 -3.3298561E+01 4.9841194E+01 -2.1719454E+01
2026 07 24 06 59 00 000 -3.3318981E+01 4.9810318E+01 -2.1742561E+01
2026 07 24 07 00 00 000 -3.3338768E+01 4.9779270E+01 -2.1765377E+01
2026 07 24 07 01 00 000 -3.3357948E+01 4.9748074E+01 -2.1787914E+01
2026 07 24 07 02 00 000 -3.3376511E+01 4.9716774E+01 -2.1810202E+01
2026 07 24 07 03 00 000 -3.3394505E+01 4.9685390E+01 -2.1832247E+01
2026 07 24 07 04 00 000 -3.3411915E+01 4.9653973E+01 -2.1854092E+01
2026 07 24 07 05 00 000 -3.3428783E+01 4.9622543E+01 -2.1875740E+01
2026 07 24 07 06 00 000 -3.3445122E+01 4.9591106E+01 -2.1897209E+01
2026 07 24 07 07 00 000 -3.3460957E+01 4.9559719E+01 -2.1918526E+01
2026 07 24 07 08 00 000 -3.3476288E+01 4.9528366E+01 -2.1939693E+01
2026 07 24 07 09 00 000 -3.3491158E+01 4.9497070E+01 -2.1960720E+01
2026 07 24 07 10 00 000 -3.3505581E+01 4.9465878E+01 -2.1981627E+01
2026 07 24 07 11 00 000 -3.3519585E+01 4.9434753E+01 -2.2002413E+01
2026 07 24 07 12 00 000 -3.3533188E+01 4.9403732E+01 -2.2023092E+01
2026 07 24 07 13 00 000 -3.3546410E+01 4.9372818E+01 -2.2043674E+01
2026 07 24 07 14 00 000 -3.3559250E+01 4.9342022E+01 -2.2064173E+01
2026 07 24 07 15 00 000 -3.3571739E+01 4.9311352E+01 -2.2084578E+01
2026 07 24 07 16 00 000 -3.3583912E+01 4.9280788E+01 -2.2104895E+01
2026 07 24 07 17 00 000 -3.3595764E+01 4.9250362E+01 -2.2125135E+01
2026 07 24 07 18 00 000 -3.3607327E+01 4.9220078E+01 -2.2145300E+01
2026 07 24 07 19 00 000 -3.3618599E+01 4.9189922E+01 -2.2165394E+01
2026 07 24 07 20 00 000 -3.3629601E+01 4.9159916E+01 -2.2185417E+01
2026 07 24 07 21 00 000 -3.3640331E+01 4.9130047E+01 -2.2205381E+01
2026 07 24 07 22 00 000 -3.3650814E+01 4.9100311E+01 -2.2225281E+01
2026 07 24 07 23 00 000 -3.3661079E+01 4.9070721E+01 -2.2245110E+01
2026 07 24 07 24 00 000 -3.3671124E+01 4.9041271E+01 -2.2264877E+01
2026 07 24 07 25 00 000 -3.3680950E+01 4.9011955E+01 -2.2284586E+01
2026 07 24 07 26 00 000 -3.3690571E+01 4.8982788E+01 -2.2304230E+01
2026 07 24 07 27 00 000 -3.3699989E+01 4.8953766E+01 -2.2323818E+01
2026 07 24 07 28 00 000 -3.3709225E+01 4.8924889E+01 -2.2343348E+01
2026 07 24 07 29 00 000 -3.3718292E+01 4.8896145E+01 -2.2362816E+01
2026 07 24 07 30 00 000 -3.3727200E+01 4.8867523E+01 -2.2382215E+01
2026 07 24 07 31 00 000 -3.3735939E+01 4.8839062E+01 -2.2401567E+01
2026 07 24 07 32 00 000 -3.3744514E+01 4.8810730E+01 -2.2420856E+01
2026 07 24 07 33 00 000 -3.3752968E+01 4.8782524E+01 -2.2440084E+01
2026 07 24 07 34 00 000 -3.3761257E+01 4.8754475E+01 -2.2459257E+01
2026 07 24 07 35 00 000 -3.3769405E+01 4.8726543E+01 -2.2478369E+01
2026 07 24 07 36 00 000 -3.3777439E+01 4.8698757E+01 -2.2497416E+01
2026 07 24 07 37 00 000 -3.3785351E+01 4.8671093E+01 -2.2516403E+01
2026 07 24 07 38 00 000 -3.3793121E+01 4.8643566E+01 -2.2535332E+01
2026 07 24 07 39 00 000 -3.3800808E+01 4.8616150E+01 -2.2554188E+01
2026 07 24 07 40 00 000 -3.3808361E+01 4.8588890E+01 -2.2572992E+01
2026 07 24 07 41 00 000 -3.3815807E+01 4.8561745E+01 -2.2591734E+01
2026 07 24 07 42 00 000 -3.3823151E+01 4.8534733E+01 -2.2610413E+01
2026 07 24 07 43 00 000 -3.3830421E+01 4.8507832E+01 -2.2629015E+01
2026 07 24 07 44 00 000 -3.3837585E+01 4.8481056E+01 -2.2647558E+01
2026 07 24 07 45 00 000 -3.3844646E+01 4.8454407E+01 -2.2666042E+01
2026 07 24 07 46 00 000 -3.3851624E+01 4.8427895E+01 -2.2684460E+01
2026 07 24 07 47 00 000 -3.3858521E+01 4.8401482E+01 -2.2702801E+01
2026 07 24 07 48 00 000 -3.3865341E+01 4.8375187E+01 -2.2721075E+01
2026 07 24 07 49 00 000 -3.3872082E+01 4.8349018E+01 -2.2739281E+01
2026 07 24 07 50 00 000 -3.3878738E+01 4.8322979E+01 -2.2757423E+01
2026 07 24 07 51 00 000 -3.3885326E+01 4.8297039E+01 -2.2775496E+01
2026 07 24 07 52 00 000 -3.3891838E+01 4.8271225E+01 -2.2793495E+01
2026 07 24 07 53 00 000 -3.3898293E+01 4.8245510E+01 -2.2811420E+01
2026 07 24 07 54 00 000 -3.3904682E+01 4.8219933E+01 -2.2829281E+01
2026 07 24 07 55 00 000 -3.3911007E+01 4.8194439E+01 -2.2847055E+01
2026 07 24 07 56 00 000 -3.3917255E+01 4.8169075E+01 -2.2864765E+01
2026 07 24 07 57 00 000 -3.3923462E+01 4.8143829E+01 -2.2882406E+01
2026 07 24 07 58 00 000 -3.3929604E+01 4.8118679E+01 -2.2899961E+01
2026 07 24 07 59 00 000 -3.3935680E+01 4.8093643E+01 -2.2917450E+01
2026 07 24 08 00 00 000 -3.3941719E+01 4.8068726E+01 -2.2934858E+01
2026 07 24 08 01 00 000 -3.3947693E+01 4.8043900E+01 -2.2952190E+01
2026 07 24 08 02 00 000 -3.3953629E+01 4.8019192E+01 -2.2969444E+01
2026 07 24 08 03 00 000 -3.3959507E+01 4.7994583E+01 -2.2986622E+01
2026 07 24 08 04 00 000 -3.3965332E+01 4.7970085E+01 -2.3003717E+01
2026 07 24 08 05 00 000 -3.3971123E+01 4.7945683E+01 -2.3020733E+01
2026 07 24 08 06 00 000 -3.3976856E+01 4.7921402E+01 -2.3037676E+01
2026 07 24 08 07 00 000 -3.3982567E+01 4.7897205E+01 -2.3054523E+01
2026 07 24 08 08 00 000 -3.3988224E+01 4.7873116E+01 -2.3071301E+01
2026 07 24 08 09 00 000 -3.3993835E+01 4.7849136E+01 -2.3087996E+01
2026 07 24 08 10 00 000 -3.3999397E+01 4.7825256E+01 -2.3104610E+01
2026 07 24 08 11 00 000 -3.4004929E+01 4.7801483E+01 -2.3121145E+01
2026 07 24 08 12 00 000 -3.4010437E+01 4.7777805E+01 -2.3137579E+01
2026 07 24 08 13 00 000 -3.4015911E+01 4.7754215E+01 -2.3153933E+01
2026 07 24 08 14 00 000 -3.4021324E+01 4.7730747E+01 -2.3170212E+01
2026 07 24 08 15 00 000 -3.4026718E+01 4.7707375E+01 -2.3186401E+01
2026 07 24 08 16 00 000 -3.4032070E+01 4.7684097E+01 -2.3202505E+01
2026 07 24 08 17 00 000 -3.4037399E+01 4.7660915E+01 -2.3218517E+01
2026 07 24 08 18 00 000 -3.4042694E+01 4.7637825E+01 -2.3234446E+01
2026 07 24 08 19 00 000 -3.4047966E+01 4.7614830E+01 -2.3250277E+01
2026 07 24 08 20 00 000 -3.4053192E+01 4.7591953E+01 -2.3266039E+01
2026 07 24 08 21 00 000 -3.4058384E+01 4.7569172E+01 -2.3281704E+01
2026 07 24 08 22 00 000 -3.4063576E+01 4.7546455E+01 -2.3297268E+01
2026 07 24 08 23 00 000 -3.4068710E+01 4.7523869E+01 -2.3312750E+01
2026 07 24 08 24 00 000 -3.4073822E+01 4.7501369E+01 -2.3328144E+01
2026 07 24 08 25 00 000 -3.4078926E+01 4.7478958E+01 -2.3343441E+01
2026 07 24 08 26 00 000 -3.4084003E+01 4.7456646E+01 -2.3358648E+01
2026 07 24 08 27 00 000 -3.4089027E+01 4.7434433E+01 -2.3373774E+01
2026 07 24 08 28 00 000 -3.4094048E+01 4.7412312E+01 -2.3388796E+01
2026 07 24 08 29 00 000 -3.4099033E+01 4.7390285E+01 -2.3403730E+01
2026 07 24 08 30 00 000 -3.4104015E+01 4.7368343E+01 -2.3418562E+01
2026 07 24 08 31 00 000 -3.4108978E+01 4.7346497E+01 -2.3433296E+01
2026 07 24 08 32 00 000 -3.4113895E+01 4.7324753E+01 -2.3447952E+01
2026 07 24 08 33 00 000 -3.4118805E+01 4.7303085E+01 -2.3462498E+01
2026 07 24 08 34 00 000 -3.4123676E+01 4.7281536E+01 -2.3476961E+01
2026 07 24 08 35 00 000 -3.4128548E+01 4.7260067E+01 -2.3491318E+01
2026 07 24 08 36 00 000 -3.4133396E+01 4.7238686E+01 -2.3505577E+01
2026 07 24 08 37 00 000 -3.4138226E+01 4.7217396E+01 -2.3519743E+01
2026 07 24 08 38 00 000 -3.4143021E+01 4.7196201E+01 -2.3533810E+01
2026 07 24 08 39 00 000 -3.4147797E+01 4.7175110E+01 -2.3547787E+01
2026 07 24 08 40 00 000 -3.4152569E+01 4.7154091E+01 -2.3561661E+01
2026 07 24 08 41 00 000 -3.4157322E+01 4.7133175E+01 -2.3575430E+01
2026 07 24 08 42 00 000 -3.4162052E+01 4.7112354E+01 -2.3589108E+01
2026 07 24 08 43 00 000 -3.4166771E+01 4.7091618E+01 -2.3602680E+01
2026 07 24 08 44 00 000 -3.4171486E+01 4.7070965E+01 -2.3616154E+01
2026 07 24 08 45 00 000 -3.4176159E+01 4.7050415E+01 -2.3629524E+01
2026 07 24 08 46 00 000 -3.4180817E+01 4.7029949E+01 -2.3642797E+01
2026 07 24 08 47 00 000 -3.4185474E+01 4.7009579E+01 -2.3655968E+01
2026 07 24 08 48 00 000 -3.4190105E+01 4.6989296E+01 -2.3669037E+01
2026 07 24 08 49 00 000 -3.4194733E+01 4.6969097E+01 -2.3682001E+01
2026 07 24 08 50 00 000 -3.4199345E+01 4.6948997E+01 -2.3694868E+01
2026 07 24 08 51 00 000 -3.4203941E+01 4.6928986E+01 -2.3707628E+01
2026 07 24 08 52 00 000 -3.4208511E+01 4.6909061E+01 -2.3720285E+01
2026 07 24 08 53 00 000 -3.4213085E+01 4.6889225E+01 -2.3732838E+01
2026 07 24 08 54 00 000 -3.4217640E+01 4.6869488E+01 -2.3745283E+01
2026 07 24 08 55 00 000 -3.4222183E+01 4.6849838E+01 -2.3757627E+01
2026 07 24 08 56 00 000 -3.4226707E+01 4.6830265E+01 -2.3769865E+01
2026 07 24 08 57 00 000 -3.4231213E+01 4.6810799E+01 -2.3782007E+01
2026 07 24 08 58 00 000 -3.4235725E+01 4.6791409E+01 -2.3794033E+01
2026 07 24 08 59 00 000 -3.4240231E+01 4.6772106E+01 -2.3805944E+01
2026 07 24 09 00 00 000 -3.4244709E+01 4.6752903E+01 -2.3817762E+01
2026 07 24 09 01 00 000 -3.4249165E+01 4.6733795E+01 -2.3829475E+01
2026 07 24 09 02 00 000 -3.4253616E+01 4.6714767E+01 -2.3841084E+01
2026 07 24 09 03 00 000 -3.4258080E+01 4.6695824E+01 -2.3852570E+01
2026 07 24 09 04 00 000 -3.4262512E+01 4.6676968E+01 -2.3863955E+01
2026 07 24 09 05 00 000 -3.4266941E+01 4.6658203E+01 -2.3875231E+01
2026 07 24 09 06 00 000 -3.4271343E+01 4.6639549E+01 -2.3886406E+01
2026 07 24 09 07 00 000 -3.4275761E+01 4.6620964E+01 -2.3897461E+01
2026 07 24 09 08 00 000 -3.4280148E+01 4.6602467E+01 -2.3908413E+01
2026 07 24 09 09 00 000 -3.4284550E+01 4.6584042E+01 -2.3919247E+01
2026 07 24 09 10 00 000 -3.4288925E+01 4.6565746E+01 -2.3929983E+01
2026 07 24 09 11 00 000 -3.4293293E+01 4.6547501E+01 -2.3940599E+01
2026 07 24 09 12 00 000 -3.4297661E+01 4.6529366E+01 -2.3951109E+01
2026 07 24 09 13 00 000 -3.4302010E+01 4.6511314E+01 -2.3961502E+01
2026 07 24 09 14 00 000 -3.4306351E+01 4.6493359E+01 -2.3971794E+01
2026 07 24 09 15 00 000 -3.4310692E+01 4.6475483E+01 -2.3981966E+01
2026 07 24 09 16 00 000 -3.4315006E+01 4.6457695E+01 -2.3992035E+01
2026 07 24 09 17 00 000 -3.4319344E+01 4.6440002E+01 -2.4001980E+01
2026 07 24 09 18 00 000 -3.4323643E+01 4.6422401E+01 -2.4011826E+01
2026 07 24 09 19 00 000 -3.4327950E+01 4.6404877E+01 -2.4021545E+01
2026 07 24 09 20 00 000 -3.4332241E+01 4.6387447E+01 -2.4031162E+01
2026 07 24 09 21 00 000 -3.4336521E+01 4.6370113E+01 -2.4040665E+01
2026 07 24 09 22 00 000 -3.4340816E+01 4.6352852E+01 -2.4050043E+01
2026 07 24 09 23 00 000 -3.4345078E+01 4.6335697E+01 -2.4059322E+01
2026 07 24 09 24 00 000 -3.4349350E+01 4.6318615E+01 -2.4068474E+01
2026 07 24 09 25 00 000 -3.4353588E+01 4.6301640E+01 -2.4077526E+01
2026 07 24 09 26 00 000 -3.4357845E+01 4.6284744E+01 -2.4086454E+01
2026 07 24 09 27 00 000 -3.4362118E+01 4.6267929E+01 -2.4095261E+01
2026 07 24 09 28 00 000 -3.4366344E+01 4.6251205E+01 -2.4103962E+01
2026 07 24 09 29 00 000 -3.4370579E+01 4.6234589E+01 -2.4112541E+01
2026 07 24 09 30 00 000 -3.4374813E+01 4.6218033E+01 -2.4121002E+01
2026 07 24 09 31 00 000 -3.4379021E+01 4.6201595E+01 -2.4129362E+01
2026 07 24 09 32 00 000 -3.4383251E+01 4.6185219E+01 -2.4137587E+01
2026 07 24 09 33 00 000 -3.4387466E+01 4.6168949E+01 -2.4145704E+01
2026 07 24 09 34 00 000 -3.4391663E+01 4.6152763E+01 -2.4153708E+01
2026 07 24 09 35 00 000 -3.4395870E+01 4.6136669E+01 -2.4161592E+01
2026 07 24 09 36 00 000 -3.4400078E+01 4.6120647E+01 -2.4169344E+01
2026 07 24 09 37 00 000 -3.4404247E+01 4.6104744E+01 -2.4176996E+01
2026 07 24 09 38 00 000 -3.4408436E+01 4.6088898E+01 -2.4184523E+01
2026 07 24 09 39 00 000 -3.4412609E+01 4.6073162E+01 -2.4191938E+01
2026 07 24 09 40 00 000 -3.4416801E+01 4.6057510E+01 -2.4199228E+01
2026 07 24 09 41 00 000 -3.4420959E+01 4.6041939E+01 -2.4206396E+01
2026 07 24 09 42 00 000 -3.4425129E+01 4.6026466E+01 -2.4213448E+01
2026 07 24 09 43 00 000 -3.4429283E+01 4.6011097E+01 -2.4220388E+01
2026 07 24 09 44 00 000 -3.4433426E+01 4.5995796E+01 -2.4227209E+01
2026 07 24 09 45 00 000 -3.4437599E+01 4.5980587E+01 -2.4233896E+01
2026 07 24 09 46 00 000 -3.4441734E+01 4.5965473E+01 -2.4240475E+01
2026 07 24 09 47 00 000 -3.4445881E+01 4.5950443E+01 -2.4246929E+01
2026 07 24 09 48 00 000 -3.4450031E+01 4.5935493E+01 -2.4253258E+01
2026 07 24 09 49 00 000 -3.4454140E+01 4.5920666E+01 -2.4259489E+01
2026 07 24 09 50 00 000 -3.4458282E+01 4.5905895E+01 -2.4265568E+01
2026 07 24 09 51 00 000 -3.4462418E+01 4.5891232E+01 -2.4271536E+01
2026 07 24 09 52 00 000 -3.4466534E+01 4.5876648E+01 -2.4277388E+01
2026 07 24 09 53 00 000 -3.4470654E+01 4.5862160E+01 -2.4283119E+01
2026 07 24 09 54 00 000 -3.4474781E+01 4.5847752E+01 -2.4288721E+01
2026 07 24 09 55 00 000 -3.4478878E+01 4.5833450E+01 -2.4294212E+01
2026 07 24 09 56 00 000 -3.4482990E+01 4.5819221E+01 -2.4299572E+01
2026 07 24 09 57 00 000 -3.4487110E+01 4.5805080E+01 -2.4304802E+01
2026 07 24 09 58 00 000 -3.4491203E+01 4.5791046E+01 -2.4309925E+01
2026 07 24 09 59 00 000 -3.4495300E+01 4.5777092E+01 -2.4314919E+01
2026 07 24 10 00 00 000 -3.4499393E+01 4.5763226E+01 -2.4319792E+01
2026 07 24 10 01 00 000 -3.4503475E+01 4.5749462E+01 -2.4324539E+01
2026 07 24 10 02 00 000 -3.4507557E+01 4.5735779E+01 -2.4329166E+01
2026 07 24 10 03 00 000 -3.4511658E+01 4.5722176E+01 -2.4333660E+01
2026 07 24 10 04 00 000 -3.4515736E+01 4.5708683E+01 -2.4338045E+01
2026 07 24 10 05 00 000 -3.4519817E+01 4.5695259E+01 -2.4342293E+01
2026 07 24 10 06 00 000 -3.4523899E+01 4.5681938E+01 -2.4346420E+01
2026 07 24 10 07 00 000 -3.4527954E+01 4.5668713E+01 -2.4350433E+01
2026 07 24 10 08 00 000 -3.4532043E+01 4.5655563E+01 -2.4354305E+01
2026 07 24 10 09 00 000 -3.4536118E+01 4.5642506E+01 -2.4358059E+01
2026 07 24 10 10 00 000 -3.4540173E+01 4.5629551E+01 -2.4361692E+01
2026 07 24 10 11 00 000 -3.4544239E+01 4.5616676E+01 -2.4365194E+01
2026 07 24 10 12 00 000 -3.4548321E+01 4.5603886E+01 -2.4368565E+01
2026 07 24 10 13 00 000 -3.4552368E+01 4.5591198E+01 -2.4371822E+01
2026 07 24 10 14 00 000 -3.4556419E+01 4.5578598E+01 -2.4374950E+01
2026 07 24 10 15 00 000 -3.4560490E+01 4.5566074E+01 -2.4377941E+01
2026 07 24 10 16 00 000 -3.4564522E+01 4.5553665E+01 -2.4380829E+01
2026 07 24 10 17 00 000 -3.4568588E+01 4.5541325E+01 -2.4383574E+01
2026 07 24 10 18 00 000 -3.4572628E+01 4.5529087E+01 -2.4386198E+01
2026 07 24 10 19 00 000 -3.4576683E+01 4.5516937E+01 -2.4388689E+01
2026 07 24 10 20 00 000 -3.4580730E+01 4.5504879E+01 -2.4391056E+01
2026 07 24 10 21 00 000 -3.4584763E+01 4.5492912E+01 -2.4393301E+01
2026 07 24 10 22 00 000 -3.4588810E+01 4.5481033E+01 -2.4395414E+01
2026 07 24 10 23 00 000 -3.4592838E+01 4.5469250E+01 -2.4397406E+01
2026 07 24 10 24 00 000 -3.4596878E+01 4.5457550E+01 -2.4399260E+01
2026 07 24 10 25 00 000 -3.4600922E+01 4.5445946E+01 -2.4400991E+01
2026 07 24 10 26 00 000 -3.4604946E+01 4.5434425E+01 -2.4402601E+01
2026 07 24 10 27 00 000 -3.4608978E+01 4.5422997E+01 -2.4404072E+01
2026 07 24 10 28 00 000 -3.4613007E+01 4.5411671E+01 -2.4405428E+01
2026 07 24 10 29 00 000 -3.4617050E+01 4.5400417E+01 -2.4406639E+01
2026 07 24 10 30 00 000 -3.4621071E+01 4.5389275E+01 -2.4407734E+01
2026 07 24 10 31 00 000 -3.4625095E+01 4.5378197E+01 -2.4408689E+01
2026 07 24 10 32 00 000 -3.4629120E+01 4.5367237E+01 -2.4409534E+01
2026 07 24 10 33 00 000 -3.4633141E+01 4.5356350E+01 -2.4410231E+01
2026 07 24 10 34 00 000 -3.4637154E+01 4.5345566E+01 -2.4410818E+01
2026 07 24 10 35 00 000 -3.4641182E+01 4.5334862E+01 -2.4411253E+01
2026 07 24 10 36 00 000 -3.4645203E+01 4.5324257E+01 -2.4411579E+01
2026 07 24 10 37 00 000 -3.4649223E+01 4.5313736E+01 -2.4411766E+01
2026 07 24 10 38 00 000 -3.4653244E+01 4.5303307E+01 -2.4411819E+01
2026 07 24 10 39 00 000 -3.4657246E+01 4.5292984E+01 -2.4411760E+01
2026 07 24 10 40 00 000 -3.4661274E+01 4.5282726E+01 -2.4411551E+01
2026 07 24 10 41 00 000 -3.4665291E+01 4.5272572E+01 -2.4411217E+01
2026 07 24 10 42 00 000 -3.4669292E+01 4.5262508E+01 -2.4410755E+01
2026 07 24 10 43 00 000 -3.4673309E+01 4.5252537E+01 -2.4410170E+01
2026 07 24 10 44 00 000 -3.4677311E+01 4.5242657E+01 -2.4409449E+01
2026 07 24 10 45 00 000 -3.4681324E+01 4.5232857E+01 -2.4408592E+01
2026 07 24 10 46 00 000 -3.4685326E+01 4.5223171E+01 -2.4407616E+01
2026 07 24 10 47 00 000 -3.4689335E+01 4.5213551E+01 -2.4406498E+01
2026 07 24 10 48 00 000 -3.4693348E+01 4.5204041E+01 -2.4405254E+01
2026 07 24 10 49 00 000 -3.4697357E+01 4.5194603E+01 -2.4403873E+01
2026 07 24 10 50 00 000 -3.4701351E+01 4.5185272E+01 -2.4402370E+01
2026 07 24 10 51 00 000 -3.4705379E+01 4.5176022E+01 -2.4400724E+01
2026 07 24 10 52 00 000 -3.4709370E+01 4.5166855E+01 -2.4398956E+01
2026 07 24 10 53 00 000 -3.4713364E+01 4.5157806E+01 -2.4397062E+01
2026 07 24 10 54 00 000 -3.4717373E+01 4.5148834E+01 -2.4395029E+01
2026 07 24 10 55 00 000 -3.4721375E+01 4.5139942E+01 -2.4392862E+01
2026 07 24 10 56 00 000 -3.4725380E+01 4.5131145E+01 -2.4390562E+01
2026 07 24 10 57 00 000 -3.4729385E+01 4.5122444E+01 -2.4388134E+01
2026 07 24 10 58 00 000 -3.4733383E+01 4.5113846E+01 -2.4385582E+01
2026 07 24 10 59 00 000 -3.4737373E+01 4.5105320E+01 -2.4382891E+01
2026 07 24 11 00 00 000 -3.4741383E+01 4.5096886E+01 -2.4380064E+01
2026 07 24 11 01 00 000 -3.4745388E+01 4.5088547E+01 -2.4377100E+01
2026 07 24 11 02 00 000 -3.4749367E+01 4.5080307E+01 -2.4374023E+01
2026 07 24 11 03 00 000 -3.4753368E+01 4.5072144E+01 -2.4370798E+01
2026 07 24 11 04 00 000 -3.4757381E+01 4.5064064E+01 -2.4367437E+01
2026 07 24 11 05 00 000 -3.4761375E+01 4.5056103E+01 -2.4363955E+01
2026 07 24 11 06 00 000 -3.4765362E+01 4.5048210E+01 -2.4360338E+01
2026 07 24 11 07 00 000 -3.4769360E+01 4.5040413E+01 -2.4356585E+01
2026 07 24 11 08 00 000 -3.4773361E+01 4.5032711E+01 -2.4352694E+01
2026 07 24 11 09 00 000 -3.4777351E+01 4.5025093E+01 -2.4348680E+01
2026 07 24 11 10 00 000 -3.4781345E+01 4.5017578E+01 -2.4344528E+01
2026 07 24 11 11 00 000 -3.4785347E+01 4.5010139E+01 -2.4340242E+01
2026 07 24 11 12 00 000 -3.4789337E+01 4.5002796E+01 -2.4335823E+01
2026 07 24 11 13 00 000 -3.4793335E+01 4.4995541E+01 -2.4331272E+01
2026 07 24 11 14 00 000 -3.4797333E+01 4.4988380E+01 -2.4326586E+01
2026 07 24 11 15 00 000 -3.4801331E+01 4.4981297E+01 -2.4321764E+01
2026 07 24 11 16 00 000 -3.4805325E+01 4.4974327E+01 -2.4316816E+01
2026 07 24 11 17 00 000 -3.4809303E+01 4.4967430E+01 -2.4311735E+01
2026 07 24 11 18 00 000 -3.4813305E+01 4.4960621E+01 -2.4306513E+01
2026 07 24 11 19 00 000 -3.4817314E+01 4.4953918E+01 -2.4301151E+01
2026 07 24 11 20 00 000 -3.4821301E+01 4.4947285E+01 -2.4295668E+01
2026 07 24 11 21 00 000 -3.4825294E+01 4.4940762E+01 -2.4290052E+01
2026 07 24 11 22 00 000 -3.4829285E+01 4.4934315E+01 -2.4284296E+01
2026 07 24 11 23 00 000 -3.4833286E+01 4.4927959E+01 -2.4278404E+01
2026 07 24 11 24 00 000 -3.4837276E+01 4.4921696E+01 -2.4272381E+01
2026 07 24 11 25 00 000 -3.4841270E+01 4.4915516E+01 -2.4266220E+01
2026 07 24 11 26 00 000 -3.4845284E+01 4.4909424E+01 -2.4259920E+01
2026 07 24 11 27 00 000 -3.4849251E+01 4.4903454E+01 -2.4253511E+01
2026 07 24 11 28 00 000 -3.4853260E+01 4.4897526E+01 -2.4246939E+01
2026 07 24 11 29 00 000 -3.4857262E+01 4.4891716E+01 -2.4240246E+01
2026 07 24 11 30 00 000 -3.4861252E+01 4.4885994E+01 -2.4233419E+01
2026 07 24 11 31 00 000 -3.4865257E+01 4.4880341E+01 -2.4226444E+01
2026 07 24 11 32 00 000 -3.4869259E+01 4.4874794E+01 -2.4219343E+01
2026 07 24 11 33 00 000 -3.4873245E+01 4.4869335E+01 -2.4212114E+01
2026 07 24 11 34 00 000 -3.4877243E+01 4.4863964E+01 -2.4204746E+01
2026 07 24 11 35 00 000 -3.4881226E+01 4.4858685E+01 -2.4197250E+01
2026 07 24 11 36 00 000 -3.4885239E+01 4.4853477E+01 -2.4189604E+01
2026 07 24 11 37 00 000 -3.4889244E+01 4.4848377E+01 -2.4181829E+01
2026 07 24 11 38 00 000 -3.4893230E+01 4.4843361E+01 -2.4173931E+01
2026 07 24 11 39 00 000 -3.4897236E+01 4.4838428E+01 -2.4165878E+01
2026 07 24 11 40 00 000 -3.4901241E+01 4.4833588E+01 -2.4157701E+01
2026 07 24 11 41 00 000 -3.4905235E+01 4.4828842E+01 -2.4149393E+01
2026 07 24 11 42 00 000 -3.4909222E+01 4.4824165E+01 -2.4140949E+01
2026 07 24 11 43 00 000 -3.4913227E+01 4.4819599E+01 -2.4132364E+01
2026 07 24 11 44 00 000 -3.4917236E+01 4.4815094E+01 -2.4123636E+01
2026 07 24 11 45 00 000 -3.4921227E+01 4.4810699E+01 -2.4114796E+01
2026 07 24 11 46 00 000 -3.4925232E+01 4.4806393E+01 -2.4105804E+01
2026 07 24 11 47 00 000 -3.4929245E+01 4.4802158E+01 -2.4096676E+01
2026 07 24 11 48 00 000 -3.4933231E+01 4.4798031E+01 -2.4087429E+01
2026 07 24 11 49 00 000 -3.4937256E+01 4.4793968E+01 -2.4078022E+01
2026 07 24 11 50 00 000 -3.4941257E+01 4.4790005E+01 -2.4068495E+01
2026 07 24 11 51 00 000 -3.4945244E+01 4.4786125E+01 -2.4058842E+01
2026 07 24 11 52 00 000 -3.4949261E+01 4.4782330E+01 -2.4049030E+01
2026 07 24 11 53 00 000 -3.4953266E+01 4.4778629E+01 -2.4039099E+01
2026 07 24 11 54 00 000 -3.4957272E+01 4.4775017E+01 -2.4029034E+01
2026 07 24 11 55 00 000 -3.4961288E+01 4.4771481E+01 -2.4018818E+01
2026 07 24 11 56 00 000 -3.4965282E+01 4.4768036E+01 -2.4008492E+01
2026 07 24 11 57 00 000 -3.4969288E+01 4.4764679E+01 -2.3998013E+01
2026 07 24 11 58 00 000 -3.4973305E+01 4.4761414E+01 -2.3987404E+01
2026 07 24 11 59 00 000 -3.4977314E+01 4.4758221E+01 -2.3976654E+01
2026 07 24 12 00 00 000 -3.4981323E+01 4.4755119E+01 -2.3965778E+01
2026 07 24 12 01 00 000 -3.4985348E+01 4.4752094E+01 -2.3954754E+01
2026 07 24 12 02 00 000 -3.4989346E+01 4.4749165E+01 -2.3943604E+01
2026 07 24 12 03 00 000 -3.4993351E+01 4.4746334E+01 -2.3932327E+01
2026 07 24 12 04 00 000 -3.4997360E+01 4.4743568E+01 -2.3920906E+01
2026 07 24 12 05 00 000 -3.5001389E+01 4.4740902E+01 -2.3909346E+01
2026 07 24 12 06 00 000 -3.5005394E+01 4.4738312E+01 -2.3897659E+01
2026 07 24 12 07 00 000 -3.5009415E+01 4.4735809E+01 -2.3885826E+01
2026 07 24 12 08 00 000 -3.5013443E+01 4.4733376E+01 -2.3873852E+01
2026 07 24 12 09 00 000 -3.5017441E+01 4.4731056E+01 -2.3861774E+01
2026 07 24 12 10 00 000 -3.5021461E+01 4.4728802E+01 -2.3849541E+01
2026 07 24 12 11 00 000 -3.5025486E+01 4.4726631E+01 -2.3837170E+01
2026 07 24 12 12 00 000 -3.5029499E+01 4.4724545E+01 -2.3824673E+01
2026 07 24 12 13 00 000 -3.5033531E+01 4.4722538E+01 -2.3812025E+01
2026 07 24 12 14 00 000 -3.5037540E+01 4.4720627E+01 -2.3799261E+01
2026 07 24 12 15 00 000 -3.5041565E+01 4.4718784E+01 -2.3786348E+01
2026 07 24 12 16 00 000 -3.5045582E+01 4.4717049E+01 -2.3773306E+01
2026 07 24 12 17 00 000 -3.5049606E+01 4.4715385E+01 -2.3760132E+01
2026 07 24 12 18 00 000 -3.5053623E+01 4.4713806E+01 -2.3746826E+01
2026 07 24 12 19 00 000 -3.5057663E+01 4.4712292E+01 -2.3733372E+01
2026 07 24 12 20 00 000 -3.5061680E+01 4.4710869E+01 -2.3719791E+01
2026 07 24 12 21 00 000 -3.5065701E+01 4.4709538E+01 -2.3706083E+01
2026 07 24 12 22 00 000 -3.5069729E+01 4.4708286E+01 -2.3692228E+01
2026 07 24 12 23 00 000 -3.5073761E+01 4.4707111E+01 -2.3678249E+01
2026 07 24 12 24 00 000 -3.5077785E+01 4.4706032E+01 -2.3664133E+01
2026 07 24 12 25 00 000 -3.5081821E+01 4.4705017E+01 -2.3649874E+01
2026 07 24 12 26 00 000 -3.5085854E+01 4.4704082E+01 -2.3635485E+01
2026 07 24 12 27 00 000 -3.5089878E+01 4.4703232E+01 -2.3620968E+01
2026 07 24 12 28 00 000 -3.5093914E+01 4.4702477E+01 -2.3606312E+01
2026 07 24 12 29 00 000 -3.5097954E+01 4.4701778E+01 -2.3591518E+01
2026 07 24 12 30 00 000 -3.5101990E+01 4.4701172E+01 -2.3576591E+01
2026 07 24 12 31 00 000 -3.5106033E+01 4.4700645E+01 -2.3561533E+01
2026 07 24 12 32 00 000 -3.5110069E+01 4.4700203E+01 -2.3546343E+01
2026 07 24 12 33 00 000 -3.5114105E+01 4.4699833E+01 -2.3531015E+01
2026 07 24 12 34 00 000 -3.5118137E+01 4.4699551E+01 -2.3515564E+01
2026 07 24 12 35 00 000 -3.5122181E+01 4.4699341E+01 -2.3499964E+01
2026 07 24 12 36 00 000 -3.5126228E+01 4.4699215E+01 -2.3484232E+01
2026 07 24 12 37 00 000 -3.5130272E+01 4.4699154E+01 -2.3468370E+01
2026 07 24 12 38 00 000 -3.5134304E+01 4.4699188E+01 -2.3452379E+01
2026 07 24 12 39 00 000 -3.5138355E+01 4.4699291E+01 -2.3436249E+01
2026 07 24 12 40 00 000 -3.5142406E+01 4.4699474E+01 -2.3419987E+01
2026 07 24 12 41 00 000 -3.5146446E+01 4.4699741E+01 -2.3403599E+01
2026 07 24 12 42 00 000 -3.5150494E+01 4.4700081E+01 -2.3387070E+01
2026 07 24 12 43 00 000 -3.5154549E+01 4.4700497E+01 -2.3370409E+01
2026 07 24 12 44 00 000 -3.5158588E+01 4.4700989E+01 -2.3353621E+01
2026 07 24 12 45 00 000 -3.5162647E+01 4.4701561E+01 -2.3336691E+01
2026 07 24 12 46 00 000 -3.5166695E+01 4.4702213E+01 -2.3319637E+01
2026 07 24 12 47 00 000 -3.5170753E+01 4.4702930E+01 -2.3302441E+01
2026 07 24 12 48 00 000 -3.5174805E+01 4.4703728E+01 -2.3285118E+01
2026 07 24 12 49 00 000 -3.5178856E+01 4.4704609E+01 -2.3267668E+01
2026 07 24 12 50 00 000 -3.5182915E+01 4.4705555E+01 -2.3250078E+01
2026 07 24 12 51 00 000 -3.5186989E+01 4.4706577E+01 -2.3232351E+01
2026 07 24 12 52 00 000 -3.5191032E+01 4.4707687E+01 -2.3214508E+01
2026 07 24 12 53 00 000 -3.5195107E+01 4.4708851E+01 -2.3196518E+01
2026 07 24 12 54 00 000 -3.5199158E+01 4.4710106E+01 -2.3178404E+01
2026 07 24 12 55 00 000 -3.5203228E+01 4.4711422E+01 -2.3160154E+01
2026 07 24 12 56 00 000 -3.5207298E+01 4.4712826E+01 -2.3141777E+01
2026 07 24 12 57 00 000 -3.5211365E+01 4.4714294E+01 -2.3123266E+01
2026 07 24 12 58 00 000 -3.5215424E+01 4.4715836E+01 -2.3104630E+01
2026 07 24 12 59 00 000 -3.5219482E+01 4.4717464E+01 -2.3085863E+01
2026 07 24 13 00 00 000 -3.5223572E+01 4.4719143E+01 -2.3066948E+01
2026 07 24 13 01 00 000 -3.5227646E+01 4.4720898E+01 -2.3047913E+01
2026 07 24 13 02 00 000 -3.5231693E+01 4.4722752E+01 -2.3028765E+01
2026 07 24 13 03 00 000 -3.5235771E+01 4.4724651E+01 -2.3009470E+01
2026 07 24 13 04 00 000 -3.5239841E+01 4.4726631E+01 -2.2990044E+01
2026 07 24 13 05 00 000 -3.5243931E+01 4.4728668E+01 -2.2970484E+01
2026 07 24 13 06 00 000 -3.5247997E+01 4.4730793E+01 -2.2950806E+01
2026 07 24 13 07 00 000 -3.5252079E+01 4.4732990E+01 -2.2930990E+01
2026 07 24 13 08 00 000 -3.5256165E+01 4.4735241E+01 -2.2911043E+01
2026 07 24 13 09 00 000 -3.5260246E+01 4.4737564E+01 -2.2890968E+01
2026 07 24 13 10 00 000 -3.5264317E+01 4.4739979E+01 -2.2870775E+01
2026 07 24 13 11 00 000 -3.5268406E+01 4.4742435E+01 -2.2850437E+01
2026 07 24 13 12 00 000 -3.5272488E+01 4.4744984E+01 -2.2829985E+01
2026 07 24 13 13 00 000 -3.5276577E+01 4.4747585E+01 -2.2809397E+01
2026 07 24 13 14 00 000 -3.5280663E+01 4.4750256E+01 -2.2788673E+01
2026 07 24 13 15 00 000 -3.5284752E+01 4.4752998E+01 -2.2767828E+01
2026 07 24 13 16 00 000 -3.5288849E+01 4.4755806E+01 -2.2746857E+01
2026 07 24 13 17 00 000 -3.5292931E+01 4.4758682E+01 -2.2725754E+01
2026 07 24 13 18 00 000 -3.5297031E+01 4.4761620E+01 -2.2704523E+01
2026 07 24 13 19 00 000 -3.5301117E+01 4.4764645E+01 -2.2683176E+01
2026 07 24 13 20 00 000 -3.5305214E+01 4.4767715E+01 -2.2661690E+01
2026 07 24 13 21 00 000 -3.5309315E+01 4.4770855E+01 -2.2640074E+01
2026 07 24 13 22 00 000 -3.5313404E+01 4.4774078E+01 -2.2618347E+01
2026 07 24 13 23 00 000 -3.5317505E+01 4.4777351E+01 -2.2596479E+01
2026 07 24 13 24 00 000 -3.5321598E+01 4.4780685E+01 -2.2574490E+01
2026 07 24 13 25 00 000 -3.5325710E+01 4.4784088E+01 -2.2552376E+01
2026 07 24 13 26 00 000 -3.5329815E+01 4.4787552E+01 -2.2530127E+01
2026 07 24 13 27 00 000 -3.5333927E+01 4.4791088E+01 -2.2507757E+01
2026 07 24 13 28 00 000 -3.5338020E+01 4.4794685E+01 -2.2485268E+01
2026 07 24 13 29 00 000 -3.5342148E+01 4.4798340E+01 -2.2462641E+01
2026 07 24 13 30 00 000 -3.5346245E+01 4.4802067E+01 -2.2439903E+01
2026 07 24 13 31 00 000 -3.5350349E+01 4.4805847E+01 -2.2417038E+01
2026 07 24 13 32 00 000 -3.5354473E+01 4.4809689E+01 -2.2394041E+01
2026 07 24 13 33 00 000 -3.5358582E+01 4.4813602E+01 -2.2370924E+01
2026 07 24 13 34 00 000 -3.5362701E+01 4.4817566E+01 -2.2347677E+01
2026 07 24 13 35 00 000 -3.5366810E+01 4.4821602E+01 -2.2324316E+01
2026 07 24 13 36 00 000 -3.5370934E+01 4.4825684E+01 -2.2300831E+01
2026 07 24 13 37 00 000 -3.5375053E+01 4.4829845E+01 -2.2277214E+01
2026 07 24 13 38 00 000 -3.5379181E+01 4.4834053E+01 -2.2253477E+01
2026 07 24 13 39 00 000 -3.5383305E+01 4.4838322E+01 -2.2229616E+01
2026 07 24 13 40 00 000 -3.5387421E+01 4.4842655E+01 -2.2205647E+01
2026 07 24 13 41 00 000 -3.5391541E+01 4.4847046E+01 -2.2181545E+01
2026 07 24 13 42 00 000 -3.5395657E+01 4.4851494E+01 -2.2157324E+01
2026 07 24 13 43 00 000 -3.5399803E+01 4.4855988E+01 -2.2132971E+01
2026 07 24 13 44 00 000 -3.5403927E+01 4.4860561E+01 -2.2108507E+01
2026 07 24 13 45 00 000 -3.5408058E+01 4.4865181E+01 -2.2083916E+01
2026 07 24 13 46 00 000 -3.5412193E+01 4.4869839E+01 -2.2059204E+01
2026 07 24 13 47 00 000 -3.5416321E+01 4.4874584E+01 -2.2034382E+01
2026 07 24 13 48 00 000 -3.5420456E+01 4.4879364E+01 -2.2009430E+01
2026 07 24 13 49 00 000 -3.5424587E+01 4.4884216E+01 -2.1984367E+01
2026 07 24 13 50 00 000 -3.5428734E+01 4.4889118E+01 -2.1959177E+01
2026 07 24 13 51 00 000 -3.5432888E+01 4.4894062E+01 -2.1933853E+01
2026 07 24 13 52 00 000 -3.5437019E+01 4.4899075E+01 -2.1908432E+01
2026 07 24 13 53 00 000 -3.5441170E+01 4.4904133E+01 -2.1882885E+01
2026 07 24 13 54 00 000 -3.5445320E+01 4.4909248E+01 -2.1857216E+01
2026 07 24 13 55 00 000 -3.5449459E+01 4.4914425E+01 -2.1831444E+01
2026 07 24 13 56 00 000 -3.5453609E+01 4.4919647E+01 -2.1805542E+01
2026 07 24 13 57 00 000 -3.5457767E+01 4.4924904E+01 -2.1779514E+01
2026 07 24 13 58 00 000 -3.5461906E+01 4.4930241E+01 -2.1753395E+01
2026 07 24 13 59 00 000 -3.5466061E+01 4.4935616E+01 -2.1727142E+01
2026 07 24 14 00 00 000 -3.5470222E+01 4.4941051E+01 -2.1700773E+01
2026 07 24 14 01 00 000 -3.5474369E+01 4.4946529E+01 -2.1674297E+01
2026 07 24 14 02 00 000 -3.5478527E+01 4.4952053E+01 -2.1647690E+01
2026 07 24 14 03 00 000 -3.5482689E+01 4.4957642E+01 -2.1620977E+01
2026 07 24 14 04 00 000 -3.5486858E+01 4.4963261E+01 -2.1594147E+01
2026 07 24 14 05 00 000 -3.5490993E+01 4.4968952E+01 -2.1567219E+01
2026 07 24 14 06 00 000 -3.5495174E+01 4.4974674E+01 -2.1540154E+01
2026 07 24 14 07 00 000 -3.5499348E+01 4.4980438E+01 -2.1512980E+01
2026 07 24 14 08 00 000 -3.5503506E+01 4.4986267E+01 -2.1485703E+01
2026 07 24 14 09 00 000 -3.5507675E+01 4.4992126E+01 -2.1458302E+01
2026 07 24 14 10 00 000 -3.5511841E+01 4.4998058E+01 -2.1430799E+01
2026 07 24 14 11 00 000 -3.5516014E+01 4.5004017E+01 -2.1403177E+01
2026 07 24 14 12 00 000 -3.5520187E+01 4.5010021E+01 -2.1375437E+01
2026 07 24 14 13 00 000 -3.5524357E+01 4.5016083E+01 -2.1347595E+01
2026 07 24 14 14 00 000 -3.5528549E+01 4.5022171E+01 -2.1319632E+01
2026 07 24 14 15 00 000 -3.5532734E+01 4.5028313E+01 -2.1291561E+01
2026 07 24 14 16 00 000 -3.5536892E+01 4.5034515E+01 -2.1263397E+01
2026 07 24 14 17 00 000 -3.5541080E+01 4.5040741E+01 -2.1235107E+01
2026 07 24 14 18 00 000 -3.5545265E+01 4.5047009E+01 -2.1206711E+01
2026 07 24 14 19 00 000 -3.5549454E+01 4.5053337E+01 -2.1178202E+01
2026 07 24 14 20 00 000 -3.5553642E+01 4.5059700E+01 -2.1149590E+01
2026 07 24 14 21 00 000 -3.5557835E+01 4.5066097E+01 -2.1120863E+01
2026 07 24 14 22 00 000 -3.5562031E+01 4.5072533E+01 -2.1092026E+01
2026 07 24 14 23 00 000 -3.5566200E+01 4.5079029E+01 -2.1063108E+01
2026 07 24 14 24 00 000 -3.5570400E+01 4.5085552E+01 -2.1034054E+01
2026 07 24 14 25 00 000 -3.5574596E+01 4.5092121E+01 -2.1004902E+01
2026 07 24 14 26 00 000 -3.5578796E+01 4.5098721E+01 -2.0975643E+01
2026 07 24 14 27 00 000 -3.5582996E+01 4.5105370E+01 -2.0946278E+01
2026 07 24 14 28 00 000 -3.5587200E+01 4.5112041E+01 -2.0916805E+01
2026 07 24 14 29 00 000 -3.5591385E+01 4.5118782E+01 -2.0887251E+01
2026 07 24 14 30 00 000 -3.5595592E+01 4.5125538E+01 -2.0857573E+01
2026 07 24 14 31 00 000 -3.5599796E+01 4.5132328E+01 -2.0827789E+01
2026 07 24 14 32 00 000 -3.5604008E+01 4.5139164E+01 -2.0797903E+01
2026 07 24 14 33 00 000 -3.5608223E+01 4.5146038E+01 -2.0767908E+01
2026 07 24 14 34 00 000 -3.5612423E+01 4.5152939E+01 -2.0737825E+01
2026 07 24 14 35 00 000 -3.5616638E+01 4.5159889E+01 -2.0707636E+01
2026 07 24 14 36 00 000 -3.5620853E+01 4.5166859E+01 -2.0677340E+01
2026 07 24 14 37 00 000 -3.5625065E+01 4.5173874E+01 -2.0646955E+01
2026 07 24 14 38 00 000 -3.5629284E+01 4.5180923E+01 -2.0616457E+01
2026 07 24 14 39 00 000 -3.5633514E+01 4.5187996E+01 -2.0585857E+01
2026 07 24 14 40 00 000 -3.5637730E+01 4.5195107E+01 -2.0555166E+01
2026 07 24 14 41 00 000 -3.5641941E+01 4.5202263E+01 -2.0524378E+01
2026 07 24 14 42 00 000 -3.5646160E+01 4.5209442E+01 -2.0493494E+01
2026 07 24 14 43 00 000 -3.5650398E+01 4.5216644E+01 -2.0462498E+01
2026 07 24 14 44 00 000 -3.5654621E+01 4.5223900E+01 -2.0431417E+01
2026 07 24 14 45 00 000 -3.5658840E+01 4.5231171E+01 -2.0400236E+01
2026 07 24 14 46 00 000 -3.5663074E+01 4.5238472E+01 -2.0368958E+01
2026 07 24 14 47 00 000 -3.5667309E+01 4.5245808E+01 -2.0337582E+01
2026 07 24 14 48 00 000 -3.5671543E+01 4.5253159E+01 -2.0306105E+01
2026 07 24 14 49 00 000 -3.5675777E+01 4.5260559E+01 -2.0274546E+01
2026 07 24 14 50 00 000 -3.5680019E+01 4.5267982E+01 -2.0242884E+01
2026 07 24 14 51 00 000 -3.5684273E+01 4.5275410E+01 -2.0211121E+01
2026 07 24 14 52 00 000 -3.5688511E+01 4.5282894E+01 -2.0179277E+01
2026 07 24 14 53 00 000 -3.5692738E+01 4.5290398E+01 -2.0147341E+01
2026 07 24 14 54 00 000 -3.5696991E+01 4.5297932E+01 -2.0115307E+01
2026 07 24 14 55 00 000 -3.5701241E+01 4.5305481E+01 -2.0083181E+01
2026 07 24 14 56 00 000 -3.5705490E+01 4.5313068E+01 -2.0050970E+01
2026 07 24 14 57 00 000 -3.5709755E+01 4.5320667E+01 -2.0018658E+01
2026 07 24 14 58 00 000 -3.5713978E+01 4.5328308E+01 -1.9986282E+01
2026 07 24 14 59 00 000 -3.5718246E+01 4.5335957E+01 -1.9953787E+01
2026 07 24 15 00 00 000 -3.5722504E+01 4.5343643E+01 -1.9921217E+01
2026 07 24 15 01 00 000 -3.5726753E+01 4.5351337E+01 -1.9888557E+01
2026 07 24 15 02 00 000 -3.5731026E+01 4.5359055E+01 -1.9855799E+01
2026 07 24 15 03 00 000 -3.5735264E+01 4.5366817E+01 -1.9822979E+01
2026 07 24 15 04 00 000 -3.5739532E+01 4.5374588E+01 -1.9790056E+01
2026 07 24 15 05 00 000 -3.5743793E+01 4.5382381E+01 -1.9757051E+01
2026 07 24 15 06 00 000 -3.5748058E+01 4.5390190E+01 -1.9723957E+01
2026 07 24 15 07 00 000 -3.5752338E+01 4.5398014E+01 -1.9690765E+01
2026 07 24 15 08 00 000 -3.5756603E+01 4.5405872E+01 -1.9657513E+01
2026 07 24 15 09 00 000 -3.5760868E+01 4.5413754E+01 -1.9624176E+01
2026 07 24 15 10 00 000 -3.5765144E+01 4.5421638E+01 -1.9590744E+01
2026 07 24 15 11 00 000 -3.5769424E+01 4.5429543E+01 -1.9557234E+01
2026 07 24 15 12 00 000 -3.5773705E+01 4.5437469E+01 -1.9523642E+01
2026 07 24 15 13 00 000 -3.5777977E+01 4.5445427E+01 -1.9489971E+01
2026 07 24 15 14 00 000 -3.5782261E+01 4.5453384E+01 -1.9456217E+01
2026 07 24 15 15 00 000 -3.5786549E+01 4.5461357E+01 -1.9422384E+01
2026 07 24 15 16 00 000 -3.5790836E+01 4.5469349E+01 -1.9388464E+01
2026 07 24 15 17 00 000 -3.5795109E+01 4.5477367E+01 -1.9354486E+01
2026 07 24 15 18 00 000 -3.5799404E+01 4.5485390E+01 -1.9320415E+01
2026 07 24 15 19 00 000 -3.5803696E+01 4.5493431E+01 -1.9286266E+01
2026 07 24 15 20 00 000 -3.5807987E+01 4.5501480E+01 -1.9252043E+01
2026 07 24 15 21 00 000 -3.5812275E+01 4.5509556E+01 -1.9217749E+01
2026 07 24 15 22 00 000 -3.5816582E+01 4.5517639E+01 -1.9183371E+01
2026 07 24 15 23 00 000 -3.5820862E+01 4.5525742E+01 -1.9148937E+01
2026 07 24 15 24 00 000 -3.5825165E+01 4.5533844E+01 -1.9114410E+01
2026 07 24 15 25 00 000 -3.5829468E+01 4.5541958E+01 -1.9079817E+01
2026 07 24 15 26 00 000 -3.5833767E+01 4.5550095E+01 -1.9045153E+01
2026 07 24 15 27 00 000 -3.5838070E+01 4.5558228E+01 -1.9010416E+01
2026 07 24 15 28 00 000 -3.5842388E+01 4.5566380E+01 -1.8975599E+01
2026 07 24 15 29 00 000 -3.5846687E+01 4.5574551E+01 -1.8940729E+01
2026 07 24 15 30 00 000 -3.5851002E+01 4.5582722E+01 -1.8905775E+01
2026 07 24 15 31 00 000 -3.5855316E+01 4.5590900E+01 -1.8870752E+01
2026 07 24 15 32 00 000 -3.5859634E+01 4.5599087E+01 -1.8835665E+01
2026 07 24 15 33 00 000 -3.5863937E+01 4.5607296E+01 -1.8800516E+01
2026 07 24 15 34 00 000 -3.5868271E+01 4.5615490E+01 -1.8765284E+01
2026 07 24 15 35 00 000 -3.5872581E+01 4.5623711E+01 -1.8730001E+01
2026 07 24 15 36 00 000 -3.5876911E+01 4.5631927E+01 -1.8694639E+01
2026 07 24 15 37 00 000 -3.5881226E+01 4.5640148E+01 -1.8659229E+01
2026 07 24 15 38 00 000 -3.5885551E+01 4.5648376E+01 -1.8623741E+01
2026 07 24 15 39 00 000 -3.5889885E+01 4.5656612E+01 -1.8588194E+01
2026 07 24 15 40 00 000 -3.5894203E+01 4.5664864E+01 -1.8552591E+01
2026 07 24 15 41 00 000 -3.5898540E+01 4.5673103E+01 -1.8516914E+01
2026 07 24 15 42 00 000 -3.5902889E+01 4.5681351E+01 -1.8481173E+01
2026 07 24 15 43 00 000 -3.5907215E+01 4.5689606E+01 -1.8445379E+01
2026 07 24 15 44 00 000 -3.5911549E+01 4.5697865E+01 -1.8409533E+01
2026 07 24 15 45 00 000 -3.5915878E+01 4.5706139E+01 -1.8373627E+01
2026 07 24 15 46 00 000 -3.5920231E+01 4.5714386E+01 -1.8337646E+01
2026 07 24 15 47 00 000 -3.5924568E+01 4.5722656E+01 -1.8301619E+01
2026 07 24 15 48 00 000 -3.5928917E+01 4.5730915E+01 -1.8265533E+01
2026 07 24 15 49 00 000 -3.5933266E+01 4.5739185E+01 -1.8229391E+01
2026 07 24 15 50 00 000 -3.5937607E+01 4.5747456E+01 -1.8193195E+01
2026 07 24 15 51 00 000 -3.5941956E+01 4.5755711E+01 -1.8156942E+01
2026 07 24 15 52 00 000 -3.5946316E+01 4.5763969E+01 -1.8120630E+01
2026 07 24 15 53 00 000 -3.5950672E+01 4.5772243E+01 -1.8084267E+01
2026 07 24 15 54 00 000 -3.5955025E+01 4.5780499E+01 -1.8047852E+01
2026 07 24 15 55 00 000 -3.5959381E+01 4.5788769E+01 -1.8011398E+01
2026 07 24 15 56 00 000 -3.5963741E+01 4.5797020E+01 -1.7974876E+01
2026 07 24 15 57 00 000 -3.5968098E+01 4.5805279E+01 -1.7938318E+01
2026 07 24 15 58 00 000 -3.5972462E+01 4.5813534E+01 -1.7901705E+01
2026 07 24 15 59 00 000 -3.5976837E+01 4.5821785E+01 -1.7865036E+01
2026 07 24 16 00 00 000 -3.5981205E+01 4.5830036E+01 -1.7828327E+01
2026 07 24 16 01 00 000 -3.5985573E+01 4.5838264E+01 -1.7791565E+01
2026 07 24 16 02 00 000 -3.5989929E+01 4.5846512E+01 -1.7754776E+01
2026 07 24 16 03 00 000 -3.5994316E+01 4.5854736E+01 -1.7717915E+01
2026 07 24 16 04 00 000 -3.5998684E+01 4.5862972E+01 -1.7681025E+01
2026 07 24 16 05 00 000 -3.6003056E+01 4.5871189E+01 -1.7644091E+01
2026 07 24 16 06 00 000 -3.6007450E+01 4.5879387E+01 -1.7607100E+01
2026 07 24 16 07 00 000 -3.6011822E+01 4.5887592E+01 -1.7570084E+01
2026 07 24 16 08 00 000 -3.6016212E+01 4.5895798E+01 -1.7533016E+01
2026 07 24 16 09 00 000 -3.6020592E+01 4.5903988E+01 -1.7495914E+01
2026 07 24 16 10 00 000 -3.6024990E+01 4.5912167E+01 -1.7458761E+01
2026 07 24 16 11 00 000 -3.6029373E+01 4.5920345E+01 -1.7421581E+01
2026 07 24 16 12 00 000 -3.6033768E+01 4.5928501E+01 -1.7384350E+01
2026 07 24 16 13 00 000 -3.6038155E+01 4.5936661E+01 -1.7347099E+01
2026 07 24 16 14 00 000 -3.6042557E+01 4.5944798E+01 -1.7309797E+01
2026 07 24 16 15 00 000 -3.6046955E+01 4.5952942E+01 -1.7272465E+01
2026 07 24 16 16 00 000 -3.6051342E+01 4.5961067E+01 -1.7235104E+01
2026 07 24 16 17 00 000 -3.6055748E+01 4.5969181E+01 -1.7197699E+01
2026 07 24 16 18 00 000 -3.6060158E+01 4.5977280E+01 -1.7160255E+01
2026 07 24 16 19 00 000 -3.6064564E+01 4.5985367E+01 -1.7122789E+01
2026 07 24 16 20 00 000 -3.6068974E+01 4.5993446E+01 -1.7085289E+01
2026 07 24 16 21 00 000 -3.6073383E+01 4.6001495E+01 -1.7047756E+01
2026 07 24 16 22 00 000 -3.6077778E+01 4.6009563E+01 -1.7010208E+01
2026 07 24 16 23 00 000 -3.6082195E+01 4.6017605E+01 -1.6972618E+01
2026 07 24 16 24 00 000 -3.6086605E+01 4.6025627E+01 -1.6935003E+01
2026 07 24 16 25 00 000 -3.6091034E+01 4.6033638E+01 -1.6897348E+01
2026 07 24 16 26 00 000 -3.6095459E+01 4.6041626E+01 -1.6859673E+01
2026 07 24 16 27 00 000 -3.6099869E+01 4.6049614E+01 -1.6821980E+01
2026 07 24 16 28 00 000 -3.6104298E+01 4.6057571E+01 -1.6784250E+01
2026 07 24 16 29 00 000 -3.6108711E+01 4.6065525E+01 -1.6746515E+01
2026 07 24 16 30 00 000 -3.6113148E+01 4.6073452E+01 -1.6708738E+01
2026 07 24 16 31 00 000 -3.6117580E+01 4.6081375E+01 -1.6670942E+01
2026 07 24 16 32 00 000 -3.6122013E+01 4.6089275E+01 -1.6633125E+01
2026 07 24 16 33 00 000 -3.6126453E+01 4.6097153E+01 -1.6595285E+01
2026 07 24 16 34 00 000 -3.6130867E+01 4.6105026E+01 -1.6557447E+01
2026 07 24 16 35 00 000 -3.6135319E+01 4.6112862E+01 -1.6519558E+01
2026 07 24 16 36 00 000 -3.6139755E+01 4.6120705E+01 -1.6481670E+01
2026 07 24 16 37 00 000 -3.6144199E+01 4.6128502E+01 -1.6443760E+01
2026 07 24 16 38 00 000 -3.6148651E+01 4.6136295E+01 -1.6405827E+01
2026 07 24 16 39 00 000 -3.6153099E+01 4.6144070E+01 -1.6367884E+01
2026 07 24 16 40 00 000 -3.6157547E+01 4.6151821E+01 -1.6329924E+01
2026 07 24 16 41 00 000 -3.6161999E+01 4.6159557E+01 -1.6291950E+01
2026 07 24 16 42 00 000 -3.6166447E+01 4.6167271E+01 -1.6253973E+01
2026 07 24 16 43 00 000 -3.6170902E+01 4.6174950E+01 -1.6215971E+01
2026 07 24 16 44 00 000 -3.6175350E+01 4.6182632E+01 -1.6177967E+01
2026 07 24 16 45 00 000 -3.6179810E+01 4.6190277E+01 -1.6139950E+01
2026 07 24 16 46 00 000 -3.6184273E+01 4.6197903E+01 -1.6101919E+01
2026 07 24 16 47 00 000 -3.6188725E+01 4.6205517E+01 -1.6063889E+01
2026 07 24 16 48 00 000 -3.6193184E+01 4.6213104E+01 -1.6025848E+01
2026 07 24 16 49 00 000 -3.6197670E+01 4.6220650E+01 -1.5987791E+01
2026 07 24 16 50 00 000 -3.6202141E+01 4.6228184E+01 -1.5949727E+01
2026 07 24 16 51 00 000 -3.6206604E+01 4.6235706E+01 -1.5911672E+01
2026 07 24 16 52 00 000 -3.6211082E+01 4.6243191E+01 -1.5873600E+01
2026 07 24 16 53 00 000 -3.6215561E+01 4.6250652E+01 -1.5835526E+01
2026 07 24 16 54 00 000 -3.6220024E+01 4.6258102E+01 -1.5797459E+01
2026 07 24 16 55 00 000 -3.6224522E+01 4.6265514E+01 -1.5759376E+01
2026 07 24 16 56 00 000 -3.6228996E+01 4.6272911E+01 -1.5721306E+01
2026 07 24 16 57 00 000 -3.6233479E+01 4.6280273E+01 -1.5683227E+01
2026 07 24 16 58 00 000 -3.6237961E+01 4.6287617E+01 -1.5645154E+01
2026 07 24 16 59 00 000 -3.6242447E+01 4.6294941E+01 -1.5607082E+01
2026 07 24 17 00 00 000 -3.6246941E+01 4.6302219E+01 -1.5569012E+01
2026 07 24 17 01 00 000 -3.6251438E+01 4.6309490E+01 -1.5530938E+01
2026 07 24 17 02 00 000 -3.6255924E+01 4.6316738E+01 -1.5492883E+01
2026 07 24 17 03 00 000 -3.6260437E+01 4.6323933E+01 -1.5454821E+01
2026 07 24 17 04 00 000 -3.6264927E+01 4.6331120E+01 -1.5416768E+01
2026 07 24 17 05 00 000 -3.6269417E+01 4.6338280E+01 -1.5378733E+01
2026 07 24 17 06 00 000 -3.6273911E+01 4.6345413E+01 -1.5340704E+01
2026 07 24 17 07 00 000 -3.6278431E+01 4.6352505E+01 -1.5302668E+01
2026 07 24 17 08 00 000 -3.6282940E+01 4.6359573E+01 -1.5264647E+01
2026 07 24 17 09 00 000 -3.6287437E+01 4.6366623E+01 -1.5226645E+01
2026 07 24 17 10 00 000 -3.6291958E+01 4.6373642E+01 -1.5188650E+01
2026 07 24 17 11 00 000 -3.6296459E+01 4.6380615E+01 -1.5150672E+01
2026 07 24 17 12 00 000 -3.6300980E+01 4.6387581E+01 -1.5112704E+01
2026 07 24 17 13 00 000 -3.6305504E+01 4.6394501E+01 -1.5074743E+01
2026 07 24 17 14 00 000 -3.6310028E+01 4.6401405E+01 -1.5036801E+01
2026 07 24 17 15 00 000 -3.6314548E+01 4.6408272E+01 -1.4998876E+01
2026 07 24 17 16 00 000 -3.6319061E+01 4.6415108E+01 -1.4960975E+01
2026 07 24 17 17 00 000 -3.6323597E+01 4.6421906E+01 -1.4923081E+01
2026 07 24 17 18 00 000 -3.6328114E+01 4.6428692E+01 -1.4885219E+01
2026 07 24 17 19 00 000 -3.6332661E+01 4.6435425E+01 -1.4847358E+01
2026 07 24 17 20 00 000 -3.6337185E+01 4.6442146E+01 -1.4809531E+01
2026 07 24 17 21 00 000 -3.6341721E+01 4.6448822E+01 -1.4771718E+01
2026 07 24 17 22 00 000 -3.6346260E+01 4.6455471E+01 -1.4733929E+01
2026 07 24 17 23 00 000 -3.6350780E+01 4.6462097E+01 -1.4696176E+01
2026 07 24 17 24 00 000 -3.6355339E+01 4.6468678E+01 -1.4658422E+01
2026 07 24 17 25 00 000 -3.6359875E+01 4.6475243E+01 -1.4620720E+01
2026 07 24 17 26 00 000 -3.6364422E+01 4.6481758E+01 -1.4583026E+01
2026 07 24 17 27 00 000 -3.6368969E+01 4.6488247E+01 -1.4545362E+01
2026 07 24 17 28 00 000 -3.6373512E+01 4.6494701E+01 -1.4507730E+01
2026 07 24 17 29 00 000 -3.6378075E+01 4.6501122E+01 -1.4470116E+01
2026 07 24 17 30 00 000 -3.6382614E+01 4.6507511E+01 -1.4432546E+01
2026 07 24 17 31 00 000 -3.6387188E+01 4.6513870E+01 -1.4394991E+01
2026 07 24 17 32 00 000 -3.6391750E+01 4.6520180E+01 -1.4357471E+01
2026 07 24 17 33 00 000 -3.6396301E+01 4.6526474E+01 -1.4319989E+01
2026 07 24 17 34 00 000 -3.6400864E+01 4.6532730E+01 -1.4282536E+01
2026 07 24 17 35 00 000 -3.6405437E+01 4.6538944E+01 -1.4245109E+01
2026 07 24 17 36 00 000 -3.6409996E+01 4.6545135E+01 -1.4207731E+01
2026 07 24 17 37 00 000 -3.6414577E+01 4.6551266E+01 -1.4170373E+01
2026 07 24 17 38 00 000 -3.6419155E+01 4.6557384E+01 -1.4133058E+01
2026 07 24 17 39 00 000 -3.6423721E+01 4.6563465E+01 -1.4095788E+01
2026 07 24 17 40 00 000 -3.6428288E+01 4.6569523E+01 -1.4058554E+01
2026 07 24 17 41 00 000 -3.6432861E+01 4.6575539E+01 -1.4021359E+01
2026 07 24 17 42 00 000 -3.6437454E+01 4.6581501E+01 -1.3984191E+01
2026 07 24 17 43 00 000 -3.6442043E+01 4.6587440E+01 -1.3947070E+01
2026 07 24 17 44 00 000 -3.6446613E+01 4.6593342E+01 -1.3909992E+01
2026 07 24 17 45 00 000 -3.6451214E+01 4.6599201E+01 -1.3872948E+01
2026 07 24 17 46 00 000 -3.6455791E+01 4.6605038E+01 -1.3835967E+01
2026 07 24 17 47 00 000 -3.6460388E+01 4.6610836E+01 -1.3799021E+01
2026 07 24 17 48 00 000 -3.6464970E+01 4.6616604E+01 -1.3762123E+01
2026 07 24 17 49 00 000 -3.6469585E+01 4.6622307E+01 -1.3725251E+01
2026 07 24 17 50 00 000 -3.6474186E+01 4.6627991E+01 -1.3688439E+01
2026 07 24 17 51 00 000 -3.6478775E+01 4.6633648E+01 -1.3651681E+01
2026 07 24 17 52 00 000 -3.6483372E+01 4.6639263E+01 -1.3614969E+01
2026 07 24 17 53 00 000 -3.6487991E+01 4.6644821E+01 -1.3578293E+01
2026 07 24 17 54 00 000 -3.6492584E+01 4.6650364E+01 -1.3541684E+01
2026 07 24 17 55 00 000 -3.6497200E+01 4.6655861E+01 -1.3505114E+01
2026 07 24 17 56 00 000 -3.6501823E+01 4.6661324E+01 -1.3468596E+01
2026 07 24 17 57 00 000 -3.6506439E+01 4.6666752E+01 -1.3432134E+01
2026 07 24 17 58 00 000 -3.6511044E+01 4.6672146E+01 -1.3395730E+01
2026 07 24 17 59 00 000 -3.6515652E+01 4.6677494E+01 -1.3359381E+01
2026 07 24 18 00 00 000 -3.6520279E+01 4.6682793E+01 -1.3323081E+01
2026 07 24 18 01 00 000 -3.6524918E+01 4.6688053E+01 -1.3286826E+01
2026 07 24 18 02 00 000 -3.6529537E+01 4.6693298E+01 -1.3250648E+01
2026 07 24 18 03 00 000 -3.6534168E+01 4.6698498E+01 -1.3214510E+01
2026 07 24 18 04 00 000 -3.6538776E+01 4.6703663E+01 -1.3178453E+01
2026 07 24 18 05 00 000 -3.6543423E+01 4.6708767E+01 -1.3142431E+01
2026 07 24 18 06 00 000 -3.6548050E+01 4.6713860E+01 -1.3106486E+01
2026 07 24 18 07 00 000 -3.6552689E+01 4.6718903E+01 -1.3070596E+01
2026 07 24 18 08 00 000 -3.6557343E+01 4.6723892E+01 -1.3034755E+01
2026 07 24 18 09 00 000 -3.6561974E+01 4.6728863E+01 -1.2998995E+01
2026 07 24 18 10 00 000 -3.6566612E+01 4.6733795E+01 -1.2963293E+01
2026 07 24 18 11 00 000 -3.6571274E+01 4.6738663E+01 -1.2927645E+01
2026 07 24 18 12 00 000 -3.6575912E+01 4.6743519E+01 -1.2892075E+01
2026 07 24 18 13 00 000 -3.6580566E+01 4.6748329E+01 -1.2856565E+01
2026 07 24 18 14 00 000 -3.6585224E+01 4.6753101E+01 -1.2821118E+01
2026 07 24 18 15 00 000 -3.6589870E+01 4.6757828E+01 -1.2785748E+01
2026 07 24 18 16 00 000 -3.6594528E+01 4.6762516E+01 -1.2750441E+01
2026 07 24 18 17 00 000 -3.6599194E+01 4.6767166E+01 -1.2715197E+01
2026 07 24 18 18 00 000 -3.6603859E+01 4.6771790E+01 -1.2680028E+01
2026 07 24 18 19 00 000 -3.6608528E+01 4.6776356E+01 -1.2644928E+01
2026 07 24 18 20 00 000 -3.6613186E+01 4.6780891E+01 -1.2609904E+01
2026 07 24 18 21 00 000 -3.6617847E+01 4.6785385E+01 -1.2574956E+01
2026 07 24 18 22 00 000 -3.6622524E+01 4.6789845E+01 -1.2540071E+01
2026 07 24 18 23 00 000 -3.6627197E+01 4.6794258E+01 -1.2505261E+01
2026 07 24 18 24 00 000 -3.6631882E+01 4.6798622E+01 -1.2470525E+01
2026 07 24 18 25 00 000 -3.6636547E+01 4.6802971E+01 -1.2435871E+01
2026 07 24 18 26 00 000 -3.6641228E+01 4.6807278E+01 -1.2401296E+01
2026 07 24 18 27 00 000 -3.6645908E+01 4.6811520E+01 -1.2366784E+01
2026 07 24 18 28 00 000 -3.6650600E+01 4.6815739E+01 -1.2332358E+01
2026 07 24 18 29 00 000 -3.6655289E+01 4.6819920E+01 -1.2298003E+01
2026 07 24 18 30 00 000 -3.6659985E+01 4.6824047E+01 -1.2263732E+01
2026 07 24 18 31 00 000 -3.6664680E+01 4.6828148E+01 -1.2229537E+01
2026 07 24 18 32 00 000 -3.6669380E+01 4.6832195E+01 -1.2195423E+01
2026 07 24 18 33 00 000 -3.6674057E+01 4.6836231E+01 -1.2161407E+01
2026 07 24 18 34 00 000 -3.6678757E+01 4.6840202E+01 -1.2127457E+01
2026 07 24 18 35 00 000 -3.6683472E+01 4.6844128E+01 -1.2093586E+01
2026 07 24 18 36 00 000 -3.6688171E+01 4.6848034E+01 -1.2059810E+01
2026 07 24 18 37 00 000 -3.6692879E+01 4.6851891E+01 -1.2026110E+01
2026 07 24 18 38 00 000 -3.6697601E+01 4.6855698E+01 -1.1992487E+01
2026 07 24 18 39 00 000 -3.6702297E+01 4.6859489E+01 -1.1958974E+01
2026 07 24 18 40 00 000 -3.6707012E+01 4.6863224E+01 -1.1925529E+01
2026 07 24 18 41 00 000 -3.6711723E+01 4.6866920E+01 -1.1892183E+01
2026 07 24 18 42 00 000 -3.6716457E+01 4.6870571E+01 -1.1858912E+01
2026 07 24 18 43 00 000 -3.6721180E+01 4.6874187E+01 -1.1825734E+01
2026 07 24 18 44 00 000 -3.6725895E+01 4.6877777E+01 -1.1792653E+01
2026 07 24 18 45 00 000 -3.6730625E+01 4.6881310E+01 -1.1759654E+01
2026 07 24 18 46 00 000 -3.6735344E+01 4.6884815E+01 -1.1726752E+01
2026 07 24 18 47 00 000 -3.6740078E+01 4.6888271E+01 -1.1693935E+01
2026 07 24 18 48 00 000 -3.6744804E+01 4.6891693E+01 -1.1661219E+01
2026 07 24 18 49 00 000 -3.6749554E+01 4.6895065E+01 -1.1628581E+01
2026 07 24 18 50 00 000 -3.6754284E+01 4.6898403E+01 -1.1596050E+01
2026 07 24 18 51 00 000 -3.6759014E+01 4.6901714E+01 -1.1563616E+01
2026 07 24 18 52 00 000 -3.6763760E+01 4.6904976E+01 -1.1531268E+01
2026 07 24 18 53 00 000 -3.6768520E+01 4.6908176E+01 -1.1499008E+01
2026 07 24 18 54 00 000 -3.6773262E+01 4.6911362E+01 -1.1466857E+01
2026 07 24 18 55 00 000 -3.6778019E+01 4.6914501E+01 -1.1434798E+01
2026 07 24 18 56 00 000 -3.6782757E+01 4.6917610E+01 -1.1402846E+01
2026 07 24 18 57 00 000 -3.6787514E+01 4.6920666E+01 -1.1370981E+01
2026 07 24 18 58 00 000 -3.6792278E+01 4.6923691E+01 -1.1339219E+01
2026 07 24 18 59 00 000 -3.6797043E+01 4.6926670E+01 -1.1307556E+01
2026 07 24 19 00 00 000 -3.6801804E+01 4.6929607E+01 -1.1275990E+01
2026 07 24 19 01 00 000 -3.6806568E+01 4.6932510E+01 -1.1244530E+01
2026 07 24 19 02 00 000 -3.6811329E+01 4.6935375E+01 -1.1213177E+01
2026 07 24 19 03 00 000 -3.6816097E+01 4.6938206E+01 -1.1181926E+01
2026 07 24 19 04 00 000 -3.6820866E+01 4.6940998E+01 -1.1150771E+01
2026 07 24 19 05 00 000 -3.6825645E+01 4.6943741E+01 -1.1119718E+01
2026 07 24 19 06 00 000 -3.6830425E+01 4.6946442E+01 -1.1088766E+01
2026 07 24 19 07 00 000 -3.6835209E+01 4.6949112E+01 -1.1057922E+01
2026 07 24 19 08 00 000 -3.6839985E+01 4.6951748E+01 -1.1027193E+01
2026 07 24 19 09 00 000 -3.6844757E+01 4.6954334E+01 -1.0996571E+01
2026 07 24 19 10 00 000 -3.6849548E+01 4.6956894E+01 -1.0966050E+01
2026 07 24 19 11 00 000 -3.6854355E+01 4.6959393E+01 -1.0935622E+01
2026 07 24 19 12 00 000 -3.6859138E+01 4.6961872E+01 -1.0905324E+01
2026 07 24 19 13 00 000 -3.6863934E+01 4.6964302E+01 -1.0875120E+01
2026 07 24 19 14 00 000 -3.6868732E+01 4.6966694E+01 -1.0845032E+01
2026 07 24 19 15 00 000 -3.6873524E+01 4.6969059E+01 -1.0815057E+01
2026 07 24 19 16 00 000 -3.6878326E+01 4.6971378E+01 -1.0785185E+01
2026 07 24 19 17 00 000 -3.6883137E+01 4.6973652E+01 -1.0755426E+01
2026 07 24 19 18 00 000 -3.6887951E+01 4.6975895E+01 -1.0725775E+01
2026 07 24 19 19 00 000 -3.6892750E+01 4.6978107E+01 -1.0696246E+01
2026 07 24 19 20 00 000 -3.6897564E+01 4.6980267E+01 -1.0666825E+01
2026 07 24 19 21 00 000 -3.6902378E+01 4.6982395E+01 -1.0637515E+01
2026 07 24 19 22 00 000 -3.6907196E+01 4.6984482E+01 -1.0608318E+01
2026 07 24 19 23 00 000 -3.6912014E+01 4.6986542E+01 -1.0579244E+01
2026 07 24 19 24 00 000 -3.6916836E+01 4.6988552E+01 -1.0550278E+01
2026 07 24 19 25 00 000 -3.6921650E+01 4.6990540E+01 -1.0521437E+01
2026 07 24 19 26 00 000 -3.6926479E+01 4.6992470E+01 -1.0492705E+01
2026 07 24 19 27 00 000 -3.6931301E+01 4.6994377E+01 -1.0464091E+01
2026 07 24 19 28 00 000 -3.6936138E+01 4.6996239E+01 -1.0435592E+01
2026 07 24 19 29 00 000 -3.6940983E+01 4.6998058E+01 -1.0407203E+01
2026 07 24 19 30 00 000 -3.6945820E+01 4.6999851E+01 -1.0378942E+01
2026 07 24 19 31 00 000 -3.6950661E+01 4.7001602E+01 -1.0350802E+01
2026 07 24 19 32 00 000 -3.6955490E+01 4.7003323E+01 -1.0322784E+01
2026 07 24 19 33 00 000 -3.6960339E+01 4.7005005E+01 -1.0294880E+01
2026 07 24 19 34 00 000 -3.6965191E+01 4.7006638E+01 -1.0267091E+01
2026 07 24 19 35 00 000 -3.6970043E+01 4.7008240E+01 -1.0239430E+01
2026 07 24 19 36 00 000 -3.6974899E+01 4.7009811E+01 -1.0211891E+01
2026 07 24 19 37 00 000 -3.6979748E+01 4.7011330E+01 -1.0184474E+01
2026 07 24 19 38 00 000 -3.6984604E+01 4.7012821E+01 -1.0157178E+01
2026 07 24 19 39 00 000 -3.6989460E+01 4.7014297E+01 -1.0130010E+01
2026 07 24 19 40 00 000 -3.6994324E+01 4.7015717E+01 -1.0102958E+01
2026 07 24 19 41 00 000 -3.6999191E+01 4.7017097E+01 -1.0076033E+01
2026 07 24 19 42 00 000 -3.7004066E+01 4.7018452E+01 -1.0049231E+01
2026 07 24 19 43 00 000 -3.7008934E+01 4.7019753E+01 -1.0022558E+01
2026 07 24 19 44 00 000 -3.7013798E+01 4.7021042E+01 -9.9960117E+00
2026 07 24 19 45 00 000 -3.7018677E+01 4.7022278E+01 -9.9695883E+00
2026 07 24 19 46 00 000 -3.7023552E+01 4.7023487E+01 -9.9432955E+00
2026 07 24 19 47 00 000 -3.7028431E+01 4.7024654E+01 -9.9171228E+00
2026 07 24 19 48 00 000 -3.7033318E+01 4.7025795E+01 -9.8910799E+00
2026 07 24 19 49 00 000 -3.7038212E+01 4.7026890E+01 -9.8651638E+00
2026 07 24 19 50 00 000 -3.7043098E+01 4.7027954E+01 -9.8393745E+00
2026 07 24 19 51 00 000 -3.7047974E+01 4.7028996E+01 -9.8137302E+00
2026 07 24 19 52 00 000 -3.7052876E+01 4.7029964E+01 -9.7881956E+00
2026 07 24 19 53 00 000 -3.7057777E+01 4.7030930E+01 -9.7627974E+00
2026 07 24 19 54 00 000 -3.7062683E+01 4.7031853E+01 -9.7375288E+00
2026 07 24 19 55 00 000 -3.7067574E+01 4.7032757E+01 -9.7123957E+00
2026 07 24 19 56 00 000 -3.7072483E+01 4.7033604E+01 -9.6873875E+00
2026 07 24 19 57 00 000 -3.7077393E+01 4.7034420E+01 -9.6625118E+00
2026 07 24 19 58 00 000 -3.7082306E+01 4.7035202E+01 -9.6377640E+00
2026 07 24 19 59 00 000 -3.7087223E+01 4.7035957E+01 -9.6131563E+00
2026 07 24 20 00 00 000 -3.7092125E+01 4.7036674E+01 -9.5886841E+00
2026 07 24 20 01 00 000 -3.7097042E+01 4.7037354E+01 -9.5643396E+00
2026 07 24 20 02 00 000 -3.7101959E+01 4.7038017E+01 -9.5401297E+00
2026 07 24 20 03 00 000 -3.7106884E+01 4.7038631E+01 -9.5160570E+00
2026 07 24 20 04 00 000 -3.7111809E+01 4.7039215E+01 -9.4921112E+00
2026 07 24 20 05 00 000 -3.7116741E+01 4.7039761E+01 -9.4683037E+00
2026 07 24 20 06 00 000 -3.7121666E+01 4.7040276E+01 -9.4446354E+00
2026 07 24 20 07 00 000 -3.7126610E+01 4.7040756E+01 -9.4210911E+00
2026 07 24 20 08 00 000 -3.7131535E+01 4.7041214E+01 -9.3977013E+00
2026 07 24 20 09 00 000 -3.7136475E+01 4.7041645E+01 -9.3744364E+00
2026 07 24 20 10 00 000 -3.7141418E+01 4.7042023E+01 -9.3513060E+00
2026 07 24 20 11 00 000 -3.7146351E+01 4.7042374E+01 -9.3283224E+00
2026 07 24 20 12 00 000 -3.7151314E+01 4.7042683E+01 -9.3054638E+00
2026 07 24 20 13 00 000 -3.7156254E+01 4.7042969E+01 -9.2827511E+00
2026 07 24 20 14 00 000 -3.7161209E+01 4.7043228E+01 -9.2601738E+00
2026 07 24 20 15 00 000 -3.7166153E+01 4.7043457E+01 -9.2377415E+00
2026 07 24 20 16 00 000 -3.7171124E+01 4.7043644E+01 -9.2154427E+00
2026 07 24 20 17 00 000 -3.7176083E+01 4.7043797E+01 -9.1932783E+00
2026 07 24 20 18 00 000 -3.7181046E+01 4.7043930E+01 -9.1712580E+00
2026 07 24 20 19 00 000 -3.7186020E+01 4.7044014E+01 -9.1493740E+00
2026 07 24 20 20 00 000 -3.7190987E+01 4.7044075E+01 -9.1276350E+00
2026 07 24 20 21 00 000 -3.7195950E+01 4.7044106E+01 -9.1060400E+00
2026 07 24 20 22 00 000 -3.7200939E+01 4.7044106E+01 -9.0845728E+00
2026 07 24 20 23 00 000 -3.7205910E+01 4.7044083E+01 -9.0632648E+00
2026 07 24 20 24 00 000 -3.7210888E+01 4.7044018E+01 -9.0420885E+00
2026 07 24 20 25 00 000 -3.7215862E+01 4.7043926E+01 -9.0210562E+00
2026 07 24 20 26 00 000 -3.7220848E+01 4.7043808E+01 -9.0001631E+00
2026 07 24 20 27 00 000 -3.7225845E+01 4.7043652E+01 -8.9794111E+00
2026 07 24 20 28 00 000 -3.7230827E+01 4.7043468E+01 -8.9588156E+00
2026 07 24 20 29 00 000 -3.7235813E+01 4.7043259E+01 -8.9383545E+00
2026 07 24 20 30 00 000 -3.7240822E+01 4.7043007E+01 -8.9180307E+00
2026 07 24 20 31 00 000 -3.7245815E+01 4.7042732E+01 -8.8978577E+00
2026 07 24 20 32 00 000 -3.7250813E+01 4.7042423E+01 -8.8778238E+00
2026 07 24 20 33 00 000 -3.7255821E+01 4.7042091E+01 -8.8579350E+00
2026 07 24 20 34 00 000 -3.7260834E+01 4.7041721E+01 -8.8381939E+00
2026 07 24 20 35 00 000 -3.7265835E+01 4.7041325E+01 -8.8185978E+00
2026 07 24 20 36 00 000 -3.7270847E+01 4.7040909E+01 -8.7991447E+00
2026 07 24 20 37 00 000 -3.7275864E+01 4.7040451E+01 -8.7798414E+00
2026 07 24 20 38 00 000 -3.7280891E+01 4.7039963E+01 -8.7606707E+00
2026 07 24 20 39 00 000 -3.7285904E+01 4.7039448E+01 -8.7416611E+00
2026 07 24 20 40 00 000 -3.7290932E+01 4.7038910E+01 -8.7227907E+00
2026 07 24 20 41 00 000 -3.7295959E+01 4.7038338E+01 -8.7040625E+00
2026 07 24 20 42 00 000 -3.7300991E+01 4.7037735E+01 -8.6854839E+00
2026 07 24 20 43 00 000 -3.7306019E+01 4.7037117E+01 -8.6670609E+00
2026 07 24 20 44 00 000 -3.7311039E+01 4.7036465E+01 -8.6487856E+00
2026 07 24 20 45 00 000 -3.7316097E+01 4.7035767E+01 -8.6306419E+00
2026 07 24 20 46 00 000 -3.7321125E+01 4.7035057E+01 -8.6126585E+00
2026 07 24 20 47 00 000 -3.7326164E+01 4.7034325E+01 -8.5948238E+00
2026 07 24 20 48 00 000 -3.7331223E+01 4.7033539E+01 -8.5771227E+00
2026 07 24 20 49 00 000 -3.7336269E+01 4.7032745E+01 -8.5595827E+00
2026 07 24 20 50 00 000 -3.7341320E+01 4.7031933E+01 -8.5421867E+00
2026 07 24 20 51 00 000 -3.7346363E+01 4.7031082E+01 -8.5249481E+00
2026 07 24 20 52 00 000 -3.7351437E+01 4.7030186E+01 -8.5078440E+00
2026 07 24 20 53 00 000 -3.7356487E+01 4.7029293E+01 -8.4908991E+00
2026 07 24 20 54 00 000 -3.7361561E+01 4.7028343E+01 -8.4740973E+00
2026 07 24 20 55 00 000 -3.7366627E+01 4.7027378E+01 -8.4574461E+00
2026 07 24 20 56 00 000 -3.7371700E+01 4.7026394E+01 -8.4409456E+00
2026 07 24 20 57 00 000 -3.7376766E+01 4.7025379E+01 -8.4245996E+00
2026 07 24 20 58 00 000 -3.7381844E+01 4.7024338E+01 -8.4083967E+00
2026 07 24 20 59 00 000 -3.7386921E+01 4.7023266E+01 -8.3923483E+00
2026 07 24 21 00 00 000 -3.7391994E+01 4.7022171E+01 -8.3764534E+00
2026 07 24 21 01 00 000 -3.7397079E+01 4.7021046E+01 -8.3607025E+00
2026 07 24 21 02 00 000 -3.7402168E+01 4.7019894E+01 -8.3451042E+00
2026 07 24 21 03 00 000 -3.7407265E+01 4.7018719E+01 -8.3296556E+00
2026 07 24 21 04 00 000 -3.7412346E+01 4.7017525E+01 -8.3143663E+00
2026 07 24 21 05 00 000 -3.7417458E+01 4.7016285E+01 -8.2992125E+00
2026 07 24 21 06 00 000 -3.7422550E+01 4.7015045E+01 -8.2842264E+00
2026 07 24 21 07 00 000 -3.7427635E+01 4.7013763E+01 -8.2693882E+00
2026 07 24 21 08 00 000 -3.7432743E+01 4.7012455E+01 -8.2546988E+00
2026 07 24 21 09 00 000 -3.7437855E+01 4.7011124E+01 -8.2401571E+00
2026 07 24 21 10 00 000 -3.7442970E+01 4.7009769E+01 -8.2257719E+00
2026 07 24 21 11 00 000 -3.7448078E+01 4.7008389E+01 -8.2115393E+00
2026 07 24 21 12 00 000 -3.7453182E+01 4.7006981E+01 -8.1974611E+00
2026 07 24 21 13 00 000 -3.7458321E+01 4.7005547E+01 -8.1835299E+00
2026 07 24 21 14 00 000 -3.7463436E+01 4.7004086E+01 -8.1697540E+00
2026 07 24 21 15 00 000 -3.7468555E+01 4.7002609E+01 -8.1561337E+00
2026 07 24 21 16 00 000 -3.7473686E+01 4.7001102E+01 -8.1426582E+00
2026 07 24 21 17 00 000 -3.7478821E+01 4.6999569E+01 -8.1293411E+00
2026 07 24 21 18 00 000 -3.7483948E+01 4.6998020E+01 -8.1161814E+00
2026 07 24 21 19 00 000 -3.7489090E+01 4.6996445E+01 -8.1031675E+00
2026 07 24 21 20 00 000 -3.7494240E+01 4.6994823E+01 -8.0903015E+00
2026 07 24 21 21 00 000 -3.7499378E+01 4.6993198E+01 -8.0775976E+00
2026 07 24 21 22 00 000 -3.7504517E+01 4.6991550E+01 -8.0650511E+00
2026 07 24 21 23 00 000 -3.7509666E+01 4.6989872E+01 -8.0526505E+00
2026 07 24 21 24 00 000 -3.7514816E+01 4.6988163E+01 -8.0404043E+00
2026 07 24 21 25 00 000 -3.7519974E+01 4.6986439E+01 -8.0283155E+00
2026 07 24 21 26 00 000 -3.7525135E+01 4.6984688E+01 -8.0163746E+00
2026 07 24 21 27 00 000 -3.7530289E+01 4.6982922E+01 -8.0045958E+00
2026 07 24 21 28 00 000 -3.7535458E+01 4.6981125E+01 -7.9929647E+00
2026 07 24 21 29 00 000 -3.7540615E+01 4.6979309E+01 -7.9814944E+00
2026 07 24 21 30 00 000 -3.7545784E+01 4.6977467E+01 -7.9701729E+00
2026 07 24 21 31 00 000 -3.7550961E+01 4.6975594E+01 -7.9590054E+00
2026 07 24 21 32 00 000 -3.7556133E+01 4.6973709E+01 -7.9479957E+00
2026 07 24 21 33 00 000 -3.7561314E+01 4.6971790E+01 -7.9371333E+00
2026 07 24 21 34 00 000 -3.7566509E+01 4.6969849E+01 -7.9264245E+00
2026 07 24 21 35 00 000 -3.7571686E+01 4.6967892E+01 -7.9158769E+00
2026 07 24 21 36 00 000 -3.7576866E+01 4.6965923E+01 -7.9054871E+00
2026 07 24 21 37 00 000 -3.7582058E+01 4.6963913E+01 -7.8952441E+00
2026 07 24 21 38 00 000 -3.7587254E+01 4.6961887E+01 -7.8851585E+00
2026 07 24 21 39 00 000 -3.7592457E+01 4.6959831E+01 -7.8752246E+00
2026 07 24 21 40 00 000 -3.7597660E+01 4.6957756E+01 -7.8654480E+00
2026 07 24 21 41 00 000 -3.7602863E+01 4.6955669E+01 -7.8558249E+00
2026 07 24 21 42 00 000 -3.7608067E+01 4.6953556E+01 -7.8463626E+00
2026 07 24 21 43 00 000 -3.7613281E+01 4.6951405E+01 -7.8370466E+00
2026 07 24 21 44 00 000 -3.7618496E+01 4.6949249E+01 -7.8278847E+00
2026 07 24 21 45 00 000 -3.7623714E+01 4.6947071E+01 -7.8188815E+00
2026 07 24 21 46 00 000 -3.7628925E+01 4.6944866E+01 -7.8100367E+00
2026 07 24 21 47 00 000 -3.7634136E+01 4.6942646E+01 -7.8013449E+00
2026 07 24 21 48 00 000 -3.7639378E+01 4.6940380E+01 -7.7928028E+00
2026 07 24 21 49 00 000 -3.7644600E+01 4.6938118E+01 -7.7844234E+00
2026 07 24 21 50 00 000 -3.7649826E+01 4.6935837E+01 -7.7761979E+00
2026 07 24 21 51 00 000 -3.7655060E+01 4.6933521E+01 -7.7681236E+00
2026 07 24 21 52 00 000 -3.7660313E+01 4.6931171E+01 -7.7601986E+00
2026 07 24 21 53 00 000 -3.7665543E+01 4.6928814E+01 -7.7524352E+00
2026 07 24 21 54 00 000 -3.7670788E+01 4.6926449E+01 -7.7448254E+00
2026 07 24 21 55 00 000 -3.7676041E+01 4.6924042E+01 -7.7373676E+00
2026 07 24 21 56 00 000 -3.7681282E+01 4.6921627E+01 -7.7300735E+00
2026 07 24 21 57 00 000 -3.7686539E+01 4.6919178E+01 -7.7229295E+00
2026 07 24 21 58 00 000 -3.7691795E+01 4.6916721E+01 -7.7159352E+00
2026 07 24 21 59 00 000 -3.7697063E+01 4.6914234E+01 -7.7090983E+00
2026 07 24 22 00 00 000 -3.7702316E+01 4.6911736E+01 -7.7024231E+00
2026 07 24 22 01 00 000 -3.7707584E+01 4.6909203E+01 -7.6958952E+00
2026 07 24 22 02 00 000 -3.7712864E+01 4.6906651E+01 -7.6895189E+00
2026 07 24 22 03 00 000 -3.7718136E+01 4.6904087E+01 -7.6833062E+00
2026 07 24 22 04 00 000 -3.7723412E+01 4.6901497E+01 -7.6772423E+00
2026 07 24 22 05 00 000 -3.7728680E+01 4.6898899E+01 -7.6713386E+00
2026 07 24 22 06 00 000 -3.7733971E+01 4.6896263E+01 -7.6655855E+00
2026 07 24 22 07 00 000 -3.7739254E+01 4.6893620E+01 -7.6599865E+00
2026 07 24 22 08 00 000 -3.7744530E+01 4.6890961E+01 -7.6545491E+00
2026 07 24 22 09 00 000 -3.7749844E+01 4.6888252E+01 -7.6492505E+00
2026 07 24 22 10 00 000 -3.7755123E+01 4.6885551E+01 -7.6441221E+00
2026 07 24 22 11 00 000 -3.7760437E+01 4.6882809E+01 -7.6391363E+00
2026 07 24 22 12 00 000 -3.7765728E+01 4.6880066E+01 -7.6343136E+00
2026 07 24 22 13 00 000 -3.7771038E+01 4.6877285E+01 -7.6296401E+00
2026 07 24 22 14 00 000 -3.7776337E+01 4.6874516E+01 -7.6251287E+00
2026 07 24 22 15 00 000 -3.7781658E+01 4.6871689E+01 -7.6207604E+00
2026 07 24 22 16 00 000 -3.7786972E+01 4.6868855E+01 -7.6165485E+00
2026 07 24 22 17 00 000 -3.7792290E+01 4.6866005E+01 -7.6124916E+00
2026 07 24 22 18 00 000 -3.7797619E+01 4.6863136E+01 -7.6085906E+00
2026 07 24 22 19 00 000 -3.7802933E+01 4.6860245E+01 -7.6048474E+00
2026 07 24 22 20 00 000 -3.7808266E+01 4.6857330E+01 -7.6012511E+00
2026 07 24 22 21 00 000 -3.7813599E+01 4.6854404E+01 -7.5978079E+00
2026 07 24 22 22 00 000 -3.7818939E+01 4.6851444E+01 -7.5945172E+00
2026 07 24 22 23 00 000 -3.7824280E+01 4.6848469E+01 -7.5913844E+00
2026 07 24 22 24 00 000 -3.7829613E+01 4.6845486E+01 -7.5884066E+00
2026 07 24 22 25 00 000 -3.7834961E+01 4.6842476E+01 -7.5855808E+00
2026 07 24 22 26 00 000 -3.7840313E+01 4.6839447E+01 -7.5829039E+00
2026 07 24 22 27 00 000 -3.7845669E+01 4.6836391E+01 -7.5803814E+00
2026 07 24 22 28 00 000 -3.7851013E+01 4.6833328E+01 -7.5780201E+00
2026 07 24 22 29 00 000 -3.7856369E+01 4.6830242E+01 -7.5758047E+00
2026 07 24 22 30 00 000 -3.7861732E+01 4.6827145E+01 -7.5737424E+00
2026 07 24 22 31 00 000 -3.7867100E+01 4.6824017E+01 -7.5718341E+00
2026 07 24 22 32 00 000 -3.7872475E+01 4.6820858E+01 -7.5700760E+00
2026 07 24 22 33 00 000 -3.7877846E+01 4.6817696E+01 -7.5684733E+00
2026 07 24 22 34 00 000 -3.7883209E+01 4.6814514E+01 -7.5670214E+00
2026 07 24 22 35 00 000 -3.7888603E+01 4.6811310E+01 -7.5657177E+00
2026 07 24 22 36 00 000 -3.7893978E+01 4.6808086E+01 -7.5645747E+00
2026 07 24 22 37 00 000 -3.7899357E+01 4.6804848E+01 -7.5635815E+00
2026 07 24 22 38 00 000 -3.7904743E+01 4.6801586E+01 -7.5627346E+00
2026 07 24 22 39 00 000 -3.7910137E+01 4.6798302E+01 -7.5620427E+00
2026 07 24 22 40 00 000 -3.7915539E+01 4.6794998E+01 -7.5615025E+00
2026 07 24 22 41 00 000 -3.7920940E+01 4.6791672E+01 -7.5611115E+00
2026 07 24 22 42 00 000 -3.7926346E+01 4.6788338E+01 -7.5608754E+00
2026 07 24 22 43 00 000 -3.7931747E+01 4.6784992E+01 -7.5607924E+00
2026 07 24 22 44 00 000 -3.7937157E+01 4.6781605E+01 -7.5608544E+00
2026 07 24 22 45 00 000 -3.7942566E+01 4.6778225E+01 -7.5610733E+00
2026 07 24 22 46 00 000 -3.7947998E+01 4.6774792E+01 -7.5614357E+00
2026 07 24 22 47 00 000 -3.7953407E+01 4.6771370E+01 -7.5619545E+00
2026 07 24 22 48 00 000 -3.7958817E+01 4.6767914E+01 -7.5626264E+00
2026 07 24 22 49 00 000 -3.7964260E+01 4.6764435E+01 -7.5634394E+00
2026 07 24 22 50 00 000 -3.7969688E+01 4.6760952E+01 -7.5644088E+00
2026 07 24 22 51 00 000 -3.7975109E+01 4.6757446E+01 -7.5655313E+00
2026 07 24 22 52 00 000 -3.7980564E+01 4.6753914E+01 -7.5667930E+00
2026 07 24 22 53 00 000 -3.7985996E+01 4.6750366E+01 -7.5682149E+00
2026 07 24 22 54 00 000 -3.7991440E+01 4.6746803E+01 -7.5697846E+00
2026 07 24 22 55 00 000 -3.7996895E+01 4.6743210E+01 -7.5714970E+00
2026 07 24 22 56 00 000 -3.8002350E+01 4.6739605E+01 -7.5733633E+00
2026 07 24 22 57 00 000 -3.8007797E+01 4.6735985E+01 -7.5753798E+00
2026 07 24 22 58 00 000 -3.8013260E+01 4.6732346E+01 -7.5775414E+00
2026 07 24 22 59 00 000 -3.8018711E+01 4.6728687E+01 -7.5798588E+00
2026 07 24 23 00 00 000 -3.8024193E+01 4.6724998E+01 -7.5823126E+00
2026 07 24 23 01 00 000 -3.8029652E+01 4.6721310E+01 -7.5849295E+00
2026 07 24 23 02 00 000 -3.8035130E+01 4.6717583E+01 -7.5876837E+00
2026 07 24 23 03 00 000 -3.8040615E+01 4.6713848E+01 -7.5905881E+00
2026 07 24 23 04 00 000 -3.8046097E+01 4.6710094E+01 -7.5936408E+00
2026 07 24 23 05 00 000 -3.8051571E+01 4.6706326E+01 -7.5968475E+00
2026 07 24 23 06 00 000 -3.8057068E+01 4.6702515E+01 -7.6001892E+00
2026 07 24 23 07 00 000 -3.8062550E+01 4.6698708E+01 -7.6036868E+00
2026 07 24 23 08 00 000 -3.8068043E+01 4.6694881E+01 -7.6073346E+00
2026 07 24 23 09 00 000 -3.8073555E+01 4.6691029E+01 -7.6111169E+00
2026 07 24 23 10 00 000 -3.8079044E+01 4.6687168E+01 -7.6150589E+00
2026 07 24 23 11 00 000 -3.8084545E+01 4.6683277E+01 -7.6191421E+00
2026 07 24 23 12 00 000 -3.8090069E+01 4.6679363E+01 -7.6233668E+00
2026 07 24 23 13 00 000 -3.8095585E+01 4.6675434E+01 -7.6277390E+00
2026 07 24 23 14 00 000 -3.8101093E+01 4.6671501E+01 -7.6322670E+00
2026 07 24 23 15 00 000 -3.8106606E+01 4.6667530E+01 -7.6369338E+00
2026 07 24 23 16 00 000 -3.8112133E+01 4.6663548E+01 -7.6417446E+00
2026 07 24 23 17 00 000 -3.8117661E+01 4.6659546E+01 -7.6467013E+00
2026 07 24 23 18 00 000 -3.8123196E+01 4.6655525E+01 -7.6518016E+00
2026 07 24 23 19 00 000 -3.8128719E+01 4.6651482E+01 -7.6570520E+00
2026 07 24 23 20 00 000 -3.8134274E+01 4.6647411E+01 -7.6624341E+00
2026 07 24 23 21 00 000 -3.8139809E+01 4.6643345E+01 -7.6679754E+00
2026 07 24 23 22 00 000 -3.8145348E+01 4.6639256E+01 -7.6736550E+00
2026 07 24 23 23 00 000 -3.8150902E+01 4.6635136E+01 -7.6794815E+00
2026 07 24 23 24 00 000 -3.8156475E+01 4.6630985E+01 -7.6854415E+00
2026 07 24 23 25 00 000 -3.8162018E+01 4.6626839E+01 -7.6915579E+00
2026 07 24 23 26 00 000 -3.8167587E+01 4.6622654E+01 -7.6978087E+00
2026 07 24 23 27 00 000 -3.8173157E+01 4.6618473E+01 -7.7042041E+00
2026 07 24 23 28 00 000 -3.8178715E+01 4.6614258E+01 -7.7107487E+00
2026 07 24 23 29 00 000 -3.8184280E+01 4.6610031E+01 -7.7174344E+00
2026 07 24 23 30 00 000 -3.8189861E+01 4.6605778E+01 -7.7242527E+00
2026 07 24 23 31 00 000 -3.8195450E+01 4.6601501E+01 -7.7312174E+00
2026 07 24 23 32 00 000 -3.8201027E+01 4.6597218E+01 -7.7383280E+00
2026 07 24 23 33 00 000 -3.8206619E+01 4.6592896E+01 -7.7455769E+00
2026 07 24 23 34 00 000 -3.8212212E+01 4.6588573E+01 -7.7529688E+00
2026 07 24 23 35 00 000 -3.8217812E+01 4.6584225E+01 -7.7605004E+00
2026 07 24 23 36 00 000 -3.8223412E+01 4.6579849E+01 -7.7681708E+00
2026 07 24 23 37 00 000 -3.8229023E+01 4.6575462E+01 -7.7759809E+00
2026 07 24 23 38 00 000 -3.8234623E+01 4.6571060E+01 -7.7839394E+00
2026 07 24 23 39 00 000 -3.8240223E+01 4.6566647E+01 -7.7920351E+00
2026 07 24 23 40 00 000 -3.8245842E+01 4.6562195E+01 -7.8002644E+00
2026 07 24 23 41 00 000 -3.8251465E+01 4.6557728E+01 -7.8086362E+00
2026 07 24 23 42 00 000 -3.8257088E+01 4.6553238E+01 -7.8171482E+00
2026 07 24 23 43 00 000 -3.8262722E+01 4.6548721E+01 -7.8257971E+00
2026 07 24 23 44 00 000 -3.8268353E+01 4.6544209E+01 -7.8345900E+00
2026 07 24 23 45 00 000 -3.8273979E+01 4.6539661E+01 -7.8435168E+00
2026 07 24 23 46 00 000 -3.8279610E+01 4.6535099E+01 -7.8525839E+00
2026 07 24 23 47 00 000 -3.8285263E+01 4.6530514E+01 -7.8617845E+00
2026 07 24 23 48 00 000 -3.8290916E+01 4.6525902E+01 -7.8711276E+00
2026 07 24 23 49 00 000 -3.8296547E+01 4.6521294E+01 -7.8806124E+00
2026 07 24 23 50 00 000 -3.8302216E+01 4.6516632E+01 -7.8902254E+00
2026 07 24 23 51 00 000 -3.8307861E+01 4.6511974E+01 -7.8999758E+00
2026 07 24 23 52 00 000 -3.8313534E+01 4.6507298E+01 -7.9098649E+00
2026 07 24 23 53 00 000 -3.8319199E+01 4.6502586E+01 -7.9198895E+00
2026 07 24 23 54 00 000 -3.8324875E+01 4.6497860E+01 -7.9300518E+00
2026 07 24 23 55 00 000 -3.8330536E+01 4.6493114E+01 -7.9403524E+00
2026 07 24 23 56 00 000 -3.8336220E+01 4.6488350E+01 -7.9507828E+00
2026 07 24 23 57 00 000 -3.8341908E+01 4.6483559E+01 -7.9613457E+00
2026 07 24 23 58 00 000 -3.8347595E+01 4.6478756E+01 -7.9720473E+00
2026 07 24 23 59 00 000 -3.8353287E+01 4.6473938E+01 -7.9828887E+00
2026 07 25 00 00 00 000 -3.8358982E+01 4.6469074E+01 -7.9939461E+00
2026 07 25 00 01 00 000 -3.8364674E+01 4.6464203E+01 -8.0050526E+00
2026 07 25 00 02 00 000 -3.8370380E+01 4.6459316E+01 -8.0162868E+00
2026 07 25 00 03 00 000 -3.8376080E+01 4.6454414E+01 -8.0276604E+00
2026 07 25 00 04 00 000 -3.8381794E+01 4.6449482E+01 -8.0391665E+00
2026 07 25 00 05 00 000 -3.8387516E+01 4.6444530E+01 -8.0508013E+00
2026 07 25 00 06 00 000 -3.8393230E+01 4.6439556E+01 -8.0625706E+00
2026 07 25 00 07 00 000 -3.8398960E+01 4.6434563E+01 -8.0744724E+00
2026 07 25 00 08 00 000 -3.8404682E+01 4.6429558E+01 -8.0865068E+00
2026 07 25 00 09 00 000 -3.8410400E+01 4.6424530E+01 -8.0986767E+00
2026 07 25 00 10 00 000 -3.8416138E+01 4.6419479E+01 -8.1109676E+00
2026 07 25 00 11 00 000 -3.8421883E+01 4.6414402E+01 -8.1233959E+00
2026 07 25 00 12 00 000 -3.8427616E+01 4.6409309E+01 -8.1359529E+00
2026 07 25 00 13 00 000 -3.8433384E+01 4.6404186E+01 -8.1486378E+00
2026 07 25 00 14 00 000 -3.8439117E+01 4.6399055E+01 -8.1614590E+00
2026 07 25 00 15 00 000 -3.8444885E+01 4.6393890E+01 -8.1744022E+00
2026 07 25 00 16 00 000 -3.8450661E+01 4.6388695E+01 -8.1874771E+00
2026 07 25 00 17 00 000 -3.8456413E+01 4.6383499E+01 -8.2006836E+00
2026 07 25 00 18 00 000 -3.8462177E+01 4.6378288E+01 -8.2140217E+00
2026 07 25 00 19 00 000 -3.8467957E+01 4.6373032E+01 -8.2274790E+00
2026 07 25 00 20 00 000 -3.8473736E+01 4.6367764E+01 -8.2410707E+00
2026 07 25 00 21 00 000 -3.8479515E+01 4.6362476E+01 -8.2547865E+00
2026 07 25 00 22 00 000 -3.8485310E+01 4.6357170E+01 -8.2686319E+00
2026 07 25 00 23 00 000 -3.8491100E+01 4.6351837E+01 -8.2826004E+00
2026 07 25 00 24 00 000 -3.8496887E+01 4.6346493E+01 -8.2967033E+00
2026 07 25 00 25 00 000 -3.8502701E+01 4.6341110E+01 -8.3109207E+00
2026 07 25 00 26 00 000 -3.8508484E+01 4.6335724E+01 -8.3252792E+00
2026 07 25 00 27 00 000 -3.8514301E+01 4.6330292E+01 -8.3397503E+00
2026 07 25 00 28 00 000 -3.8520111E+01 4.6324852E+01 -8.3543549E+00
2026 07 25 00 29 00 000 -3.8525928E+01 4.6319393E+01 -8.3690805E+00
2026 07 25 00 30 00 000 -3.8531754E+01 4.6313904E+01 -8.3839283E+00
2026 07 25 00 31 00 000 -3.8537567E+01 4.6308403E+01 -8.3989058E+00
2026 07 25 00 32 00 000 -3.8543396E+01 4.6302879E+01 -8.4140043E+00
2026 07 25 00 33 00 000 -3.8549229E+01 4.6297325E+01 -8.4292278E+00
2026 07 25 00 34 00 000 -3.8555080E+01 4.6291740E+01 -8.4445715E+00
2026 07 25 00 35 00 000 -3.8560913E+01 4.6286144E+01 -8.4600420E+00
2026 07 25 00 36 00 000 -3.8566761E+01 4.6280533E+01 -8.4756327E+00
2026 07 25 00 37 00 000 -3.8572617E+01 4.6274883E+01 -8.4913397E+00
2026 07 25 00 38 00 000 -3.8578480E+01 4.6269218E+01 -8.5071745E+00
2026 07 25 00 39 00 000 -3.8584335E+01 4.6263535E+01 -8.5231314E+00
2026 07 25 00 40 00 000 -3.8590183E+01 4.6257843E+01 -8.5392132E+00
2026 07 25 00 41 00 000 -3.8596069E+01 4.6252094E+01 -8.5554085E+00
2026 07 25 00 42 00 000 -3.8601933E+01 4.6246346E+01 -8.5717278E+00
2026 07 25 00 43 00 000 -3.8607811E+01 4.6240562E+01 -8.5881643E+00
2026 07 25 00 44 00 000 -3.8613697E+01 4.6234756E+01 -8.6047192E+00
2026 07 25 00 45 00 000 -3.8619587E+01 4.6228939E+01 -8.6213951E+00
2026 07 25 00 46 00 000 -3.8625484E+01 4.6223087E+01 -8.6381941E+00
2026 07 25 00 47 00 000 -3.8631359E+01 4.6217236E+01 -8.6551104E+00
2026 07 25 00 48 00 000 -3.8637287E+01 4.6211319E+01 -8.6721334E+00
2026 07 25 00 49 00 000 -3.8643173E+01 4.6205410E+01 -8.6892900E+00
2026 07 25 00 50 00 000 -3.8649086E+01 4.6199467E+01 -8.7065573E+00
2026 07 25 00 51 00 000 -3.8655003E+01 4.6193508E+01 -8.7239418E+00
2026 07 25 00 52 00 000 -3.8660919E+01 4.6187515E+01 -8.7414398E+00
2026 07 25 00 53 00 000 -3.8666851E+01 4.6181507E+01 -8.7590570E+00
2026 07 25 00 54 00 000 -3.8672771E+01 4.6175472E+01 -8.7767916E+00
2026 07 25 00 55 00 000 -3.8678715E+01 4.6169407E+01 -8.7946339E+00
2026 07 25 00 56 00 000 -3.8684631E+01 4.6163338E+01 -8.8126020E+00
2026 07 25 00 57 00 000 -3.8690590E+01 4.6157223E+01 -8.8306761E+00
2026 07 25 00 58 00 000 -3.8696529E+01 4.6151100E+01 -8.8488712E+00
2026 07 25 00 59 00 000 -3.8702484E+01 4.6144939E+01 -8.8671741E+00
2026 07 25 01 00 00 000 -3.8708443E+01 4.6138752E+01 -8.8855934E+00
2026 07 25 01 01 00 000 -3.8714397E+01 4.6132568E+01 -8.9041271E+00
2026 07 25 01 02 00 000 -3.8720367E+01 4.6126335E+01 -8.9227753E+00
2026 07 25 01 03 00 000 -3.8726341E+01 4.6120075E+01 -8.9415274E+00
2026 07 25 01 04 00 000 -3.8732319E+01 4.6113811E+01 -8.9603987E+00
2026 07 25 01 05 00 000 -3.8738300E+01 4.6107498E+01 -8.9793739E+00
2026 07 25 01 06 00 000 -3.8744274E+01 4.6101185E+01 -8.9984713E+00
2026 07 25 01 07 00 000 -3.8750267E+01 4.6094837E+01 -9.0176764E+00
2026 07 25 01 08 00 000 -3.8756264E+01 4.6088463E+01 -9.0369873E+00
2026 07 25 01 09 00 000 -3.8762276E+01 4.6082050E+01 -9.0564051E+00
2026 07 25 01 10 00 000 -3.8768272E+01 4.6075630E+01 -9.0759382E+00
2026 07 25 01 11 00 000 -3.8774273E+01 4.6069195E+01 -9.0955849E+00
2026 07 25 01 12 00 000 -3.8780273E+01 4.6062729E+01 -9.1153336E+00
2026 07 25 01 13 00 000 -3.8786304E+01 4.6056221E+01 -9.1351919E+00
2026 07 25 01 14 00 000 -3.8792320E+01 4.6049709E+01 -9.1551600E+00
2026 07 25 01 15 00 000 -3.8798355E+01 4.6043148E+01 -9.1752329E+00
2026 07 25 01 16 00 000 -3.8804394E+01 4.6036583E+01 -9.1954117E+00
2026 07 25 01 17 00 000 -3.8810429E+01 4.6029984E+01 -9.2156944E+00
2026 07 25 01 18 00 000 -3.8816475E+01 4.6023354E+01 -9.2360945E+00
2026 07 25 01 19 00 000 -3.8822525E+01 4.6016708E+01 -9.2565928E+00
2026 07 25 01 20 00 000 -3.8828571E+01 4.6010033E+01 -9.2771988E+00
2026 07 25 01 21 00 000 -3.8834633E+01 4.6003330E+01 -9.2979078E+00
2026 07 25 01 22 00 000 -3.8840694E+01 4.5996605E+01 -9.3187208E+00
2026 07 25 01 23 00 000 -3.8846767E+01 4.5989845E+01 -9.3396387E+00
2026 07 25 01 24 00 000 -3.8852833E+01 4.5983082E+01 -9.3606606E+00
2026 07 25 01 25 00 000 -3.8858902E+01 4.5976288E+01 -9.3817949E+00
2026 07 25 01 26 00 000 -3.8864994E+01 4.5969448E+01 -9.4030190E+00
2026 07 25 01 27 00 000 -3.8871075E+01 4.5962605E+01 -9.4243469E+00
2026 07 25 01 28 00 000 -3.8877171E+01 4.5955723E+01 -9.4457798E+00
2026 07 25 01 29 00 000 -3.8883270E+01 4.5948814E+01 -9.4673138E+00
2026 07 25 01 30 00 000 -3.8889374E+01 4.5941879E+01 -9.4889517E+00
2026 07 25 01 31 00 000 -3.8895473E+01 4.5934929E+01 -9.5106926E+00
2026 07 25 01 32 00 000 -3.8901588E+01 4.5927944E+01 -9.5325279E+00
2026 07 25 01 33 00 000 -3.8907707E+01 4.5920937E+01 -9.5544605E+00
2026 07 25 01 34 00 000 -3.8913822E+01 4.5913902E+01 -9.5765009E+00
2026 07 25 01 35 00 000 -3.8919949E+01 4.5906849E+01 -9.5986347E+00
2026 07 25 01 36 00 000 -3.8926094E+01 4.5899746E+01 -9.6208649E+00
2026 07 25 01 37 00 000 -3.8932236E+01 4.5892635E+01 -9.6431990E+00
2026 07 25 01 38 00 000 -3.8938370E+01 4.5885502E+01 -9.6656275E+00
2026 07 25 01 39 00 000 -3.8944519E+01 4.5878323E+01 -9.6881533E+00
2026 07 25 01 40 00 000 -3.8950676E+01 4.5871128E+01 -9.7107763E+00
2026 07 25 01 41 00 000 -3.8956837E+01 4.5863903E+01 -9.7334919E+00
2026 07 25 01 42 00 000 -3.8963005E+01 4.5856655E+01 -9.7563105E+00
2026 07 25 01 43 00 000 -3.8969166E+01 4.5849392E+01 -9.7792234E+00
2026 07 25 01 44 00 000 -3.8975353E+01 4.5842068E+01 -9.8022261E+00
2026 07 25 01 45 00 000 -3.8981522E+01 4.5834770E+01 -9.8253288E+00
2026 07 25 01 46 00 000 -3.8987713E+01 4.5827393E+01 -9.8485222E+00
2026 07 25 01 47 00 000 -3.8993896E+01 4.5820015E+01 -9.8718166E+00
2026 07 25 01 48 00 000 -3.9000095E+01 4.5812607E+01 -9.8951912E+00
2026 07 25 01 49 00 000 -3.9006302E+01 4.5805168E+01 -9.9186687E+00
2026 07 25 01 50 00 000 -3.9012505E+01 4.5797710E+01 -9.9422350E+00
2026 07 25 01 51 00 000 -3.9018726E+01 4.5790207E+01 -9.9658890E+00
2026 07 25 01 52 00 000 -3.9024940E+01 4.5782703E+01 -9.9896393E+00
2026 07 25 01 53 00 000 -3.9031151E+01 4.5775158E+01 -1.0013485E+01
2026 07 25 01 54 00 000 -3.9037384E+01 4.5767586E+01 -1.0037415E+01
2026 07 25 01 55 00 000 -3.9043629E+01 4.5759972E+01 -1.0061429E+01
2026 07 25 01 56 00 000 -3.9049862E+01 4.5752350E+01 -1.0085544E+01
2026 07 25 01 57 00 000 -3.9056110E+01 4.5744686E+01 -1.0109740E+01
2026 07 25 01 58 00 000 -3.9062363E+01 4.5737011E+01 -1.0134032E+01
2026 07 25 01 59 00 000 -3.9068615E+01 4.5729305E+01 -1.0158409E+01
2026 07 25 02 00 00 000 -3.9074879E+01 4.5721565E+01 -1.0182874E+01
2026 07 25 02 01 00 000 -3.9081135E+01 4.5713814E+01 -1.0207426E+01
2026 07 25 02 02 00 000 -3.9087418E+01 4.5705997E+01 -1.0232057E+01
2026 07 25 02 03 00 000 -3.9093689E+01 4.5698189E+01 -1.0256784E+01
2026 07 25 02 04 00 000 -3.9099976E+01 4.5690334E+01 -1.0281594E+01
2026 07 25 02 05 00 000 -3.9106274E+01 4.5682457E+01 -1.0306491E+01
2026 07 25 02 06 00 000 -3.9112564E+01 4.5674557E+01 -1.0331470E+01
2026 07 25 02 07 00 000 -3.9118862E+01 4.5666611E+01 -1.0356532E+01
2026 07 25 02 08 00 000 -3.9125168E+01 4.5658665E+01 -1.0381681E+01
2026 07 25 02 09 00 000 -3.9131489E+01 4.5650661E+01 -1.0406907E+01
2026 07 25 02 10 00 000 -3.9137810E+01 4.5642643E+01 -1.0432226E+01
2026 07 25 02 11 00 000 -3.9144119E+01 4.5634621E+01 -1.0457626E+01
2026 07 25 02 12 00 000 -3.9150452E+01 4.5626541E+01 -1.0483105E+01
2026 07 25 02 13 00 000 -3.9156788E+01 4.5618431E+01 -1.0508662E+01
2026 07 25 02 14 00 000 -3.9163132E+01 4.5610310E+01 -1.0534307E+01
2026 07 25 02 15 00 000 -3.9169476E+01 4.5602158E+01 -1.0560029E+01
2026 07 25 02 16 00 000 -3.9175831E+01 4.5593952E+01 -1.0585829E+01
2026 07 25 02 17 00 000 -3.9182186E+01 4.5585751E+01 -1.0611713E+01
2026 07 25 02 18 00 000 -3.9188549E+01 4.5577499E+01 -1.0637672E+01
2026 07 25 02 19 00 000 -3.9194912E+01 4.5569244E+01 -1.0663716E+01
2026 07 25 02 20 00 000 -3.9201290E+01 4.5560940E+01 -1.0689833E+01
2026 07 25 02 21 00 000 -3.9207668E+01 4.5552605E+01 -1.0716030E+01
2026 07 25 02 22 00 000 -3.9214054E+01 4.5544254E+01 -1.0742303E+01
2026 07 25 02 23 00 000 -3.9220455E+01 4.5535870E+01 -1.0768648E+01
2026 07 25 02 24 00 000 -3.9226856E+01 4.5527454E+01 -1.0795074E+01
2026 07 25 02 25 00 000 -3.9233257E+01 4.5519012E+01 -1.0821575E+01
2026 07 25 02 26 00 000 -3.9239681E+01 4.5510536E+01 -1.0848150E+01
2026 07 25 02 27 00 000 -3.9246090E+01 4.5502045E+01 -1.0874803E+01
2026 07 25 02 28 00 000 -3.9252506E+01 4.5493526E+01 -1.0901529E+01
2026 07 25 02 29 00 000 -3.9258938E+01 4.5484966E+01 -1.0928325E+01
2026 07 25 02 30 00 000 -3.9265377E+01 4.5476376E+01 -1.0955197E+01
2026 07 25 02 31 00 000 -3.9271816E+01 4.5467754E+01 -1.0982142E+01
2026 07 25 02 32 00 000 -3.9278259E+01 4.5459126E+01 -1.1009159E+01
2026 07 25 02 33 00 000 -3.9284718E+01 4.5450455E+01 -1.1036249E+01
2026 07 25 02 34 00 000 -3.9291180E+01 4.5441750E+01 -1.1063406E+01
2026 07 25 02 35 00 000 -3.9297634E+01 4.5433041E+01 -1.1090644E+01
2026 07 25 02 36 00 000 -3.9304108E+01 4.5424274E+01 -1.1117943E+01
2026 07 25 02 37 00 000 -3.9310585E+01 4.5415489E+01 -1.1145309E+01
2026 07 25 02 38 00 000 -3.9317078E+01 4.5406666E+01 -1.1172751E+01
2026 07 25 02 39 00 000 -3.9323566E+01 4.5397823E+01 -1.1200259E+01
2026 07 25 02 40 00 000 -3.9330067E+01 4.5388954E+01 -1.1227837E+01
2026 07 25 02 41 00 000 -3.9336559E+01 4.5380058E+01 -1.1255484E+01
2026 07 25 02 42 00 000 -3.9343075E+01 4.5371124E+01 -1.1283194E+01
2026 07 25 02 43 00 000 -3.9349590E+01 4.5362175E+01 -1.1310969E+01
2026 07 25 02 44 00 000 -3.9356117E+01 4.5353172E+01 -1.1338815E+01
2026 07 25 02 45 00 000 -3.9362644E+01 4.5344162E+01 -1.1366723E+01
2026 07 25 02 46 00 000 -3.9369175E+01 4.5335121E+01 -1.1394701E+01
2026 07 25 02 47 00 000 -3.9375717E+01 4.5326038E+01 -1.1422738E+01
2026 07 25 02 48 00 000 -3.9382263E+01 4.5316940E+01 -1.1450843E+01
2026 07 25 02 49 00 000 -3.9388824E+01 4.5307804E+01 -1.1479015E+01
2026 07 25 02 50 00 000 -3.9395374E+01 4.5298656E+01 -1.1507245E+01
2026 07 25 02 51 00 000 -3.9401962E+01 4.5289455E+01 -1.1535531E+01
2026 07 25 02 52 00 000 -3.9408512E+01 4.5280251E+01 -1.1563894E+01
2026 07 25 02 53 00 000 -3.9415092E+01 4.5271004E+01 -1.1592310E+01
2026 07 25 02 54 00 000 -3.9421680E+01 4.5261734E+01 -1.1620791E+01
2026 07 25 02 55 00 000 -3.9428280E+01 4.5252422E+01 -1.1649329E+01
2026 07 25 02 56 00 000 -3.9434868E+01 4.5243095E+01 -1.1677930E+01
2026 07 25 02 57 00 000 -3.9441490E+01 4.5233727E+01 -1.1706583E+01
2026 07 25 02 58 00 000 -3.9448101E+01 4.5224342E+01 -1.1735300E+01
2026 07 25 02 59 00 000 -3.9454716E+01 4.5214924E+01 -1.1764076E+01
2026 07 25 03 00 00 000 -3.9461330E+01 4.5205479E+01 -1.1792914E+01
2026 07 25 03 01 00 000 -3.9467964E+01 4.5195999E+01 -1.1821806E+01
2026 07 25 03 02 00 000 -3.9474621E+01 4.5186489E+01 -1.1850749E+01
2026 07 25 03 03 00 000 -3.9481262E+01 4.5176960E+01 -1.1879761E+01
2026 07 25 03 04 00 000 -3.9487915E+01 4.5167400E+01 -1.1908816E+01
2026 07 25 03 05 00 000 -3.9494576E+01 4.5157799E+01 -1.1937930E+01
2026 07 25 03 06 00 000 -3.9501236E+01 4.5148186E+01 -1.1967104E+01
2026 07 25 03 07 00 000 -3.9507923E+01 4.5138535E+01 -1.1996326E+01
2026 07 25 03 08 00 000 -3.9514603E+01 4.5128849E+01 -1.2025607E+01
2026 07 25 03 09 00 000 -3.9521278E+01 4.5119152E+01 -1.2054940E+01
2026 07 25 03 10 00 000 -3.9527973E+01 4.5109421E+01 -1.2084328E+01
2026 07 25 03 11 00 000 -3.9534672E+01 4.5099667E+01 -1.2113761E+01
2026 07 25 03 12 00 000 -3.9541386E+01 4.5089867E+01 -1.2143250E+01
2026 07 25 03 13 00 000 -3.9548092E+01 4.5080044E+01 -1.2172796E+01
2026 07 25 03 14 00 000 -3.9554810E+01 4.5070202E+01 -1.2202384E+01
2026 07 25 03 15 00 000 -3.9561543E+01 4.5060318E+01 -1.2232025E+01
2026 07 25 03 16 00 000 -3.9568275E+01 4.5050423E+01 -1.2261718E+01
2026 07 25 03 17 00 000 -3.9575016E+01 4.5040489E+01 -1.2291457E+01
2026 07 25 03 18 00 000 -3.9581772E+01 4.5030533E+01 -1.2321247E+01
2026 07 25 03 19 00 000 -3.9588531E+01 4.5020538E+01 -1.2351082E+01
2026 07 25 03 20 00 000 -3.9595299E+01 4.5010517E+01 -1.2380960E+01
2026 07 25 03 21 00 000 -3.9602074E+01 4.5000469E+01 -1.2410895E+01
2026 07 25 03 22 00 000 -3.9608856E+01 4.4990406E+01 -1.2440872E+01
2026 07 25 03 23 00 000 -3.9615643E+01 4.4980286E+01 -1.2470888E+01
2026 07 25 03 24 00 000 -3.9622429E+01 4.4970169E+01 -1.2500966E+01
2026 07 25 03 25 00 000 -3.9629223E+01 4.4960018E+01 -1.2531078E+01
2026 07 25 03 26 00 000 -3.9636032E+01 4.4949837E+01 -1.2561237E+01
2026 07 25 03 27 00 000 -3.9642845E+01 4.4939617E+01 -1.2591438E+01
2026 07 25 03 28 00 000 -3.9649673E+01 4.4929367E+01 -1.2621682E+01
2026 07 25 03 29 00 000 -3.9656498E+01 4.4919109E+01 -1.2651977E+01
2026 07 25 03 30 00 000 -3.9663342E+01 4.4908802E+01 -1.2682296E+01
2026 07 25 03 31 00 000 -3.9670197E+01 4.4898476E+01 -1.2712670E+01
2026 07 25 03 32 00 000 -3.9677052E+01 4.4888130E+01 -1.2743081E+01
2026 07 25 03 33 00 000 -3.9683903E+01 4.4877747E+01 -1.2773533E+01
2026 07 25 03 34 00 000 -3.9690762E+01 4.4867344E+01 -1.2804027E+01
2026 07 25 03 35 00 000 -3.9697639E+01 4.4856911E+01 -1.2834560E+01
2026 07 25 03 36 00 000 -3.9704525E+01 4.4846447E+01 -1.2865132E+01
2026 07 25 03 37 00 000 -3.9711418E+01 4.4835957E+01 -1.2895741E+01
2026 07 25 03 38 00 000 -3.9718319E+01 4.4825439E+01 -1.2926392E+01
2026 07 25 03 39 00 000 -3.9725208E+01 4.4814903E+01 -1.2957080E+01
2026 07 25 03 40 00 000 -3.9732132E+01 4.4804329E+01 -1.2987796E+01
2026 07 25 03 41 00 000 -3.9739056E+01 4.4793728E+01 -1.3018559E+01
2026 07 25 03 42 00 000 -3.9745979E+01 4.4783115E+01 -1.3049356E+01
2026 07 25 03 43 00 000 -3.9752914E+01 4.4772457E+01 -1.3080185E+01
2026 07 25 03 44 00 000 -3.9759861E+01 4.4761772E+01 -1.3111045E+01
2026 07 25 03 45 00 000 -3.9766819E+01 4.4751064E+01 -1.3141942E+01
2026 07 25 03 46 00 000 -3.9773781E+01 4.4740337E+01 -1.3172878E+01
2026 07 25 03 47 00 000 -3.9780750E+01 4.4729580E+01 -1.3203841E+01
2026 07 25 03 48 00 000 -3.9787731E+01 4.4718796E+01 -1.3234838E+01
2026 07 25 03 49 00 000 -3.9794704E+01 4.4707989E+01 -1.3265873E+01
2026 07 25 03 50 00 000 -3.9801689E+01 4.4697155E+01 -1.3296936E+01
2026 07 25 03 51 00 000 -3.9808693E+01 4.4686295E+01 -1.3328027E+01
2026 07 25 03 52 00 000 -3.9815712E+01 4.4675396E+01 -1.3359144E+01
2026 07 25 03 53 00 000 -3.9822723E+01 4.4664482E+01 -1.3390302E+01
2026 07 25 03 54 00 000 -3.9829750E+01 4.4653534E+01 -1.3421480E+01
2026 07 25 03 55 00 000 -3.9836788E+01 4.4642570E+01 -1.3452691E+01
2026 07 25 03 56 00 000 -3.9843819E+01 4.4631577E+01 -1.3483932E+01
2026 07 25 03 57 00 000 -3.9850872E+01 4.4620560E+01 -1.3515201E+01
2026 07 25 03 58 00 000 -3.9857937E+01 4.4609516E+01 -1.3546490E+01
2026 07 25 03 59 00 000 -3.9864998E+01 4.4598438E+01 -1.3577811E+01
2026 07 25 04 00 00 000 -3.9872063E+01 4.4587353E+01 -1.3609163E+01
2026 07 25 04 01 00 000 -3.9879162E+01 4.4576218E+01 -1.3640531E+01
2026 07 25 04 02 00 000 -3.9886246E+01 4.4565079E+01 -1.3671929E+01
2026 07 25 04 03 00 000 -3.9893341E+01 4.4553905E+01 -1.3703353E+01
2026 07 25 04 04 00 000 -3.9900452E+01 4.4542713E+01 -1.3734799E+01
2026 07 25 04 05 00 000 -3.9907570E+01 4.4531490E+01 -1.3766266E+01
2026 07 25 04 06 00 000 -3.9914703E+01 4.4520245E+01 -1.3797758E+01
2026 07 25 04 07 00 000 -3.9921829E+01 4.4508980E+01 -1.3829276E+01
2026 07 25 04 08 00 000 -3.9928974E+01 4.4497684E+01 -1.3860812E+01
2026 07 25 04 09 00 000 -3.9936111E+01 4.4486374E+01 -1.3892374E+01
2026 07 25 04 10 00 000 -3.9943287E+01 4.4475014E+01 -1.3923948E+01
2026 07 25 04 11 00 000 -3.9950447E+01 4.4463657E+01 -1.3955549E+01
2026 07 25 04 12 00 000 -3.9957623E+01 4.4452263E+01 -1.3987169E+01
2026 07 25 04 13 00 000 -3.9964817E+01 4.4440845E+01 -1.4018806E+01
2026 07 25 04 14 00 000 -3.9972004E+01 4.4429417E+01 -1.4050463E+01
2026 07 25 04 15 00 000 -3.9979206E+01 4.4417953E+01 -1.4082136E+01
2026 07 25 04 16 00 000 -3.9986408E+01 4.4406471E+01 -1.4113833E+01
2026 07 25 04 17 00 000 -3.9993633E+01 4.4394955E+01 -1.4145541E+01
2026 07 25 04 18 00 000 -4.0000870E+01 4.4383423E+01 -1.4177265E+01
2026 07 25 04 19 00 000 -4.0008106E+01 4.4371864E+01 -1.4209008E+01
2026 07 25 04 20 00 000 -4.0015358E+01 4.4360287E+01 -1.4240767E+01
2026 07 25 04 21 00 000 -4.0022610E+01 4.4348690E+01 -1.4272538E+01
2026 07 25 04 22 00 000 -4.0029896E+01 4.4337051E+01 -1.4304319E+01
2026 07 25 04 23 00 000 -4.0037170E+01 4.4325401E+01 -1.4336121E+01
2026 07 25 04 24 00 000 -4.0044434E+01 4.4313740E+01 -1.4367939E+01
2026 07 25 04 25 00 000 -4.0051727E+01 4.4302048E+01 -1.4399764E+01
2026 07 25 04 26 00 000 -4.0059048E+01 4.4290329E+01 -1.4431600E+01
2026 07 25 04 27 00 000 -4.0066357E+01 4.4278595E+01 -1.4463450E+01
2026 07 25 04 28 00 000 -4.0073681E+01 4.4266830E+01 -1.4495315E+01
2026 07 25 04 29 00 000 -4.0081028E+01 4.4255051E+01 -1.4527182E+01
2026 07 25 04 30 00 000 -4.0088345E+01 4.4243267E+01 -1.4559069E+01
2026 07 25 04 31 00 000 -4.0095699E+01 4.4231434E+01 -1.4590961E+01
2026 07 25 04 32 00 000 -4.0103058E+01 4.4219589E+01 -1.4622859E+01
2026 07 25 04 33 00 000 -4.0110432E+01 4.4207718E+01 -1.4654769E+01
2026 07 25 04 34 00 000 -4.0117828E+01 4.4195827E+01 -1.4686681E+01
2026 07 25 04 35 00 000 -4.0125195E+01 4.4183933E+01 -1.4718614E+01
2026 07 25 04 36 00 000 -4.0132599E+01 4.4172001E+01 -1.4750545E+01
2026 07 25 04 37 00 000 -4.0140003E+01 4.4160053E+01 -1.4782485E+01
2026 07 25 04 38 00 000 -4.0147434E+01 4.4148079E+01 -1.4814425E+01
2026 07 25 04 39 00 000 -4.0154846E+01 4.4136101E+01 -1.4846378E+01
2026 07 25 04 40 00 000 -4.0162300E+01 4.4124077E+01 -1.4878325E+01
2026 07 25 04 41 00 000 -4.0169743E+01 4.4112057E+01 -1.4910284E+01
2026 07 25 04 42 00 000 -4.0177189E+01 4.4100014E+01 -1.4942250E+01
2026 07 25 04 43 00 000 -4.0184662E+01 4.4087944E+01 -1.4974217E+01
2026 07 25 04 44 00 000 -4.0192146E+01 4.4075848E+01 -1.5006184E+01
2026 07 25 04 45 00 000 -4.0199635E+01 4.4063736E+01 -1.5038155E+01
2026 07 25 04 46 00 000 -4.0207134E+01 4.4051617E+01 -1.5070125E+01
2026 07 25 04 47 00 000 -4.0214653E+01 4.4039474E+01 -1.5102096E+01
2026 07 25 04 48 00 000 -4.0222160E+01 4.4027309E+01 -1.5134074E+01
2026 07 25 04 49 00 000 -4.0229691E+01 4.4015125E+01 -1.5166046E+01
2026 07 25 04 50 00 000 -4.0237232E+01 4.4002918E+01 -1.5198019E+01
2026 07 25 04 51 00 000 -4.0244789E+01 4.3990700E+01 -1.5229992E+01
2026 07 25 04 52 00 000 -4.0252350E+01 4.3978466E+01 -1.5261960E+01
2026 07 25 04 53 00 000 -4.0259914E+01 4.3966225E+01 -1.5293935E+01
2026 07 25 04 54 00 000 -4.0267498E+01 4.3953941E+01 -1.5325898E+01
2026 07 25 04 55 00 000 -4.0275078E+01 4.3941658E+01 -1.5357863E+01
2026 07 25 04 56 00 000 -4.0282703E+01 4.3929352E+01 -1.5389822E+01
2026 07 25 04 57 00 000 -4.0290298E+01 4.3917030E+01 -1.5421784E+01
2026 07 25 04 58 00 000 -4.0297924E+01 4.3904694E+01 -1.5453732E+01
2026 07 25 04 59 00 000 -4.0305569E+01 4.3892326E+01 -1.5485676E+01
2026 07 25 05 00 00 000 -4.0313210E+01 4.3879959E+01 -1.5517617E+01
2026 07 25 05 01 00 000 -4.0320869E+01 4.3867569E+01 -1.5549552E+01
2026 07 25 05 02 00 000 -4.0328548E+01 4.3855156E+01 -1.5581475E+01
2026 07 25 05 03 00 000 -4.0336220E+01 4.3842743E+01 -1.5613396E+01
2026 07 25 05 04 00 000 -4.0343906E+01 4.3830307E+01 -1.5645314E+01
2026 07 25 05 05 00 000 -4.0351620E+01 4.3817841E+01 -1.5677212E+01
2026 07 25 05 06 00 000 -4.0359329E+01 4.3805378E+01 -1.5709114E+01
2026 07 25 05 07 00 000 -4.0367062E+01 4.3792889E+01 -1.5740996E+01
2026 07 25 05 08 00 000 -4.0374798E+01 4.3780388E+01 -1.5772872E+01
2026 07 25 05 09 00 000 -4.0382542E+01 4.3767883E+01 -1.5804743E+01
2026 07 25 05 10 00 000 -4.0390285E+01 4.3755367E+01 -1.5836602E+01
2026 07 25 05 11 00 000 -4.0398060E+01 4.3742825E+01 -1.5868447E+01
2026 07 25 05 12 00 000 -4.0405846E+01 4.3730267E+01 -1.5900281E+01
2026 07 25 05 13 00 000 -4.0413639E+01 4.3717697E+01 -1.5932097E+01
2026 07 25 05 14 00 000 -4.0421444E+01 4.3705109E+01 -1.5963906E+01
2026 07 25 05 15 00 000 -4.0429268E+01 4.3692513E+01 -1.5995701E+01
2026 07 25 05 16 00 000 -4.0437077E+01 4.3679913E+01 -1.6027489E+01
2026 07 25 05 17 00 000 -4.0444920E+01 4.3667301E+01 -1.6059256E+01
2026 07 25 05 18 00 000 -4.0452774E+01 4.3654659E+01 -1.6091005E+01
2026 07 25 05 19 00 000 -4.0460644E+01 4.3642010E+01 -1.6122742E+01
2026 07 25 05 20 00 000 -4.0468521E+01 4.3629345E+01 -1.6154465E+01
2026 07 25 05 21 00 000 -4.0476398E+01 4.3616688E+01 -1.6186172E+01
2026 07 25 05 22 00 000 -4.0484303E+01 4.3604008E+01 -1.6217859E+01
2026 07 25 05 23 00 000 -4.0492229E+01 4.3591297E+01 -1.6249525E+01
2026 07 25 05 24 00 000 -4.0500149E+01 4.3578598E+01 -1.6281181E+01
2026 07 25 05 25 00 000 -4.0508095E+01 4.3565876E+01 -1.6312815E+01
2026 07 25 05 26 00 000 -4.0516048E+01 4.3553146E+01 -1.6344431E+01
2026 07 25 05 27 00 000 -4.0523994E+01 4.3540428E+01 -1.6376032E+01
2026 07 25 05 28 00 000 -4.0531967E+01 4.3527676E+01 -1.6407612E+01
2026 07 25 05 29 00 000 -4.0539963E+01 4.3514912E+01 -1.6439163E+01
2026 07 25 05 30 00 000 -4.0547966E+01 4.3502144E+01 -1.6470703E+01
2026 07 25 05 31 00 000 -4.0555981E+01 4.3489372E+01 -1.6502218E+01
2026 07 25 05 32 00 000 -4.0563988E+01 4.3476589E+01 -1.6533718E+01
2026 07 25 05 33 00 000 -4.0572037E+01 4.3463787E+01 -1.6565187E+01
2026 07 25 05 34 00 000 -4.0580093E+01 4.3450977E+01 -1.6596632E+01
2026 07 25 05 35 00 000 -4.0588158E+01 4.3438164E+01 -1.6628057E+01
2026 07 25 05 36 00 000 -4.0596241E+01 4.3425335E+01 -1.6659458E+01
2026 07 25 05 37 00 000 -4.0604324E+01 4.3412510E+01 -1.6690838E+01
2026 07 25 05 38 00 000 -4.0612431E+01 4.3399673E+01 -1.6722195E+01
2026 07 25 05 39 00 000 -4.0620541E+01 4.3386841E+01 -1.6753527E+01
2026 07 25 05 40 00 000 -4.0628674E+01 4.3373985E+01 -1.6784826E+01
2026 07 25 05 41 00 000 -4.0636822E+01 4.3361122E+01 -1.6816101E+01
2026 07 25 05 42 00 000 -4.0644985E+01 4.3348251E+01 -1.6847353E+01
2026 07 25 05 43 00 000 -4.0653160E+01 4.3335373E+01 -1.6878572E+01
2026 07 25 05 44 00 000 -4.0661343E+01 4.3322498E+01 -1.6909775E+01
2026 07 25 05 45 00 000 -4.0669544E+01 4.3309616E+01 -1.6940943E+01
2026 07 25 05 46 00 000 -4.0677761E+01 4.3296726E+01 -1.6972080E+01
2026 07 25 05 47 00 000 -4.0685993E+01 4.3283813E+01 -1.7003191E+01
2026 07 25 05 48 00 000 -4.0694233E+01 4.3270916E+01 -1.7034269E+01
2026 07 25 05 49 00 000 -4.0702484E+01 4.3258018E+01 -1.7065325E+01
2026 07 25 05 50 00 000 -4.0710766E+01 4.3245094E+01 -1.7096340E+01
2026 07 25 05 51 00 000 -4.0719044E+01 4.3232182E+01 -1.7127335E+01
2026 07 25 05 52 00 000 -4.0727345E+01 4.3219261E+01 -1.7158295E+01
2026 07 25 05 53 00 000 -4.0735657E+01 4.3206329E+01 -1.7189222E+01
2026 07 25 05 54 00 000 -4.0743992E+01 4.3193398E+01 -1.7220118E+01
2026 07 25 05 55 00 000 -4.0752327E+01 4.3180477E+01 -1.7250984E+01
2026 07 25 05 56 00 000 -4.0760674E+01 4.3167542E+01 -1.7281820E+01
2026 07 25 05 57 00 000 -4.0769062E+01 4.3154602E+01 -1.7312609E+01
2026 07 25 05 58 00 000 -4.0777443E+01 4.3141663E+01 -1.7343374E+01
2026 07 25 05 59 00 000 -4.0785858E+01 4.3128708E+01 -1.7374100E+01
2026 07 25 06 00 00 000 -4.0794254E+01 4.3115784E+01 -1.7404799E+01
2026 07 25 06 01 00 000 -4.0802689E+01 4.3102829E+01 -1.7435459E+01
2026 07 25 06 02 00 000 -4.0811138E+01 4.3089874E+01 -1.7466082E+01
2026 07 25 06 03 00 000 -4.0819611E+01 4.3076927E+01 -1.7496668E+01
2026 07 25 06 04 00 000 -4.0828087E+01 4.3063965E+01 -1.7527212E+01
2026 07 25 06 05 00 000 -4.0836597E+01 4.3051014E+01 -1.7557720E+01
2026 07 25 06 06 00 000 -4.0845100E+01 4.3038063E+01 -1.7588200E+01
2026 07 25 06 07 00 000 -4.0853619E+01 4.3025112E+01 -1.7618639E+01
2026 07 25 06 08 00 000 -4.0862175E+01 4.3012154E+01 -1.7649033E+01
2026 07 25 06 09 00 000 -4.0870728E+01 4.2999210E+01 -1.7679390E+01
2026 07 25 06 10 00 000 -4.0879299E+01 4.2986259E+01 -1.7709709E+01
2026 07 25 06 11 00 000 -4.0887909E+01 4.2973301E+01 -1.7739988E+01
2026 07 25 06 12 00 000 -4.0896503E+01 4.2960358E+01 -1.7770229E+01
2026 07 25 06 13 00 000 -4.0905121E+01 4.2947418E+01 -1.7800432E+01
2026 07 25 06 14 00 000 -4.0913761E+01 4.2934475E+01 -1.7830593E+01
2026 07 25 06 15 00 000 -4.0922424E+01 4.2921524E+01 -1.7860704E+01
2026 07 25 06 16 00 000 -4.0931103E+01 4.2908585E+01 -1.7890779E+01
2026 07 25 06 17 00 000 -4.0939789E+01 4.2895645E+01 -1.7920811E+01
2026 07 25 06 18 00 000 -4.0948490E+01 4.2882717E+01 -1.7950806E+01
2026 07 25 06 19 00 000 -4.0957207E+01 4.2869789E+01 -1.7980753E+01
2026 07 25 06 20 00 000 -4.0965950E+01 4.2856861E+01 -1.8010651E+01
2026 07 25 06 21 00 000 -4.0974712E+01 4.2843941E+01 -1.8040514E+01
2026 07 25 06 22 00 000 -4.0983494E+01 4.2831020E+01 -1.8070324E+01
2026 07 25 06 23 00 000 -4.0992290E+01 4.2818108E+01 -1.8100092E+01
2026 07 25 06 24 00 000 -4.1001099E+01 4.2805202E+01 -1.8129816E+01
2026 07 25 06 25 00 000 -4.1009926E+01 4.2792297E+01 -1.8159494E+01
2026 07 25 06 26 00 000 -4.1018784E+01 4.2779385E+01 -1.8189121E+01
2026 07 25 06 27 00 000 -4.1027649E+01 4.2766502E+01 -1.8218706E+01
2026 07 25 06 28 00 000 -4.1036541E+01 4.2753605E+01 -1.8248240E+01
2026 07 25 06 29 00 000 -4.1045429E+01 4.2740738E+01 -1.8277735E+01
2026 07 25 06 30 00 000 -4.1054348E+01 4.2727859E+01 -1.8307177E+01
2026 07 25 06 31 00 000 -4.1063290E+01 4.2714993E+01 -1.8336569E+01
2026 07 25 06 32 00 000 -4.1072254E+01 4.2702133E+01 -1.8365911E+01
2026 07 25 06 33 00 000 -4.1081234E+01 4.2689281E+01 -1.8395208E+01
2026 07 25 06 34 00 000 -4.1090218E+01 4.2676449E+01 -1.8424458E+01
2026 07 25 06 35 00 000 -4.1099247E+01 4.2663601E+01 -1.8453646E+01
2026 07 25 06 36 00 000 -4.1108288E+01 4.2650772E+01 -1.8482790E+01
2026 07 25 06 37 00 000 -4.1117332E+01 4.2637959E+01 -1.8511887E+01
2026 07 25 06 38 00 000 -4.1126408E+01 4.2625141E+01 -1.8540928E+01
2026 07 25 06 39 00 000 -4.1135487E+01 4.2612354E+01 -1.8569931E+01
2026 07 25 06 40 00 000 -4.1144611E+01 4.2599556E+01 -1.8598862E+01
2026 07 25 06 41 00 000 -4.1153748E+01 4.2586784E+01 -1.8627748E+01
2026 07 25 06 42 00 000 -4.1162891E+01 4.2574020E+01 -1.8656588E+01
2026 07 25 06 43 00 000 -4.1172077E+01 4.2561260E+01 -1.8685364E+01
2026 07 25 06 44 00 000 -4.1181271E+01 4.2548508E+01 -1.8714090E+01
2026 07 25 06 45 00 000 -4.1190483E+01 4.2535782E+01 -1.8742767E+01
2026 07 25 06 46 00 000 -4.1199707E+01 4.2523064E+01 -1.8771389E+01
2026 07 25 06 47 00 000 -4.1208981E+01 4.2510345E+01 -1.8799950E+01
2026 07 25 06 48 00 000 -4.1218250E+01 4.2497646E+01 -1.8828463E+01
2026 07 25 06 49 00 000 -4.1227543E+01 4.2484955E+01 -1.8856913E+01
2026 07 25 06 50 00 000 -4.1236870E+01 4.2472282E+01 -1.8885311E+01
2026 07 25 06 51 00 000 -4.1246212E+01 4.2459621E+01 -1.8913649E+01
2026 07 25 06 52 00 000 -4.1255573E+01 4.2446983E+01 -1.8941938E+01
2026 07 25 06 53 00 000 -4.1264946E+01 4.2434361E+01 -1.8970167E+01
2026 07 25 06 54 00 000 -4.1274364E+01 4.2421726E+01 -1.8998333E+01
2026 07 25 06 55 00 000 -4.1283802E+01 4.2409115E+01 -1.9026443E+01
2026 07 25 06 56 00 000 -4.1293259E+01 4.2396534E+01 -1.9054497E+01
2026 07 25 06 57 00 000 -4.1302731E+01 4.2383957E+01 -1.9082491E+01
2026 07 25 06 58 00 000 -4.1312214E+01 4.2371403E+01 -1.9110430E+01
2026 07 25 06 59 00 000 -4.1321747E+01 4.2358864E+01 -1.9138306E+01
2026 07 25 07 00 00 000 -4.1331280E+01 4.2346340E+01 -1.9166126E+01
2026 07 25 07 01 00 000 -4.1340851E+01 4.2333832E+01 -1.9193882E+01
2026 07 25 07 02 00 000 -4.1350456E+01 4.2321327E+01 -1.9221571E+01
2026 07 25 07 03 00 000 -4.1360058E+01 4.2308849E+01 -1.9249212E+01
2026 07 25 07 04 00 000 -4.1369713E+01 4.2296383E+01 -1.9276781E+01
2026 07 25 07 05 00 000 -4.1379364E+01 4.2283958E+01 -1.9304298E+01
2026 07 25 07 06 00 000 -4.1389050E+01 4.2271538E+01 -1.9331751E+01
2026 07 25 07 07 00 000 -4.1398766E+01 4.2259136E+01 -1.9359140E+01
2026 07 25 07 08 00 000 -4.1408501E+01 4.2246742E+01 -1.9386463E+01
2026 07 25 07 09 00 000 -4.1418266E+01 4.2234386E+01 -1.9413727E+01
2026 07 25 07 10 00 000 -4.1428051E+01 4.2222031E+01 -1.9440926E+01
2026 07 25 07 11 00 000 -4.1437874E+01 4.2209702E+01 -1.9468056E+01
2026 07 25 07 12 00 000 -4.1447704E+01 4.2197399E+01 -1.9495132E+01
2026 07 25 07 13 00 000 -4.1457581E+01 4.2185112E+01 -1.9522135E+01
2026 07 25 07 14 00 000 -4.1467457E+01 4.2172859E+01 -1.9549084E+01
2026 07 25 07 15 00 000 -4.1477386E+01 4.2160603E+01 -1.9575954E+01
2026 07 25 07 16 00 000 -4.1487324E+01 4.2148384E+01 -1.9602768E+01
2026 07 25 07 17 00 000 -4.1497292E+01 4.2136185E+01 -1.9629515E+01
2026 07 25 07 18 00 000 -4.1507298E+01 4.2124004E+01 -1.9656191E+01
2026 07 25 07 19 00 000 -4.1517326E+01 4.2111843E+01 -1.9682802E+01
2026 07 25 07 20 00 000 -4.1527370E+01 4.2099709E+01 -1.9709354E+01
2026 07 25 07 21 00 000 -4.1537457E+01 4.2087605E+01 -1.9735828E+01
2026 07 25 07 22 00 000 -4.1547554E+01 4.2075520E+01 -1.9762245E+01
2026 07 25 07 23 00 000 -4.1557709E+01 4.2063446E+01 -1.9788580E+01
2026 07 25 07 24 00 000 -4.1567867E+01 4.2051403E+01 -1.9814859E+01
2026 07 25 07 25 00 000 -4.1578072E+01 4.2039383E+01 -1.9841061E+01
2026 07 25 07 26 00 000 -4.1588287E+01 4.2027393E+01 -1.9867203E+01
2026 07 25 07 27 00 000 -4.1598541E+01 4.2015430E+01 -1.9893270E+01
2026 07 25 07 28 00 000 -4.1608833E+01 4.2003487E+01 -1.9919266E+01
2026 07 25 07 29 00 000 -4.1619148E+01 4.1991570E+01 -1.9945196E+01
2026 07 25 07 30 00 000 -4.1629482E+01 4.1979683E+01 -1.9971052E+01
2026 07 25 07 31 00 000 -4.1639862E+01 4.1967819E+01 -1.9996841E+01
2026 07 25 07 32 00 000 -4.1650280E+01 4.1955978E+01 -2.0022552E+01
2026 07 25 07 33 00 000 -4.1660713E+01 4.1944164E+01 -2.0048203E+01
2026 07 25 07 34 00 000 -4.1671185E+01 4.1932381E+01 -2.0073772E+01
2026 07 25 07 35 00 000 -4.1681679E+01 4.1920628E+01 -2.0099277E+01
2026 07 25 07 36 00 000 -4.1692219E+01 4.1908897E+01 -2.0124706E+01
2026 07 25 07 37 00 000 -4.1702789E+01 4.1897194E+01 -2.0150063E+01
2026 07 25 07 38 00 000 -4.1713390E+01 4.1885517E+01 -2.0175346E+01
2026 07 25 07 39 00 000 -4.1724030E+01 4.1873871E+01 -2.0200554E+01
2026 07 25 07 40 00 000 -4.1734680E+01 4.1862263E+01 -2.0225695E+01
2026 07 25 07 41 00 000 -4.1745388E+01 4.1850677E+01 -2.0250757E+01
2026 07 25 07 42 00 000 -4.1756115E+01 4.1839130E+01 -2.0275751E+01
2026 07 25 07 43 00 000 -4.1766884E+01 4.1827599E+01 -2.0300665E+01
2026 07 25 07 44 00 000 -4.1777699E+01 4.1816101E+01 -2.0325502E+01
2026 07 25 07 45 00 000 -4.1788528E+01 4.1804638E+01 -2.0350271E+01
2026 07 25 07 46 00 000 -4.1799419E+01 4.1793198E+01 -2.0374956E+01
2026 07 25 07 47 00 000 -4.1810322E+01 4.1781796E+01 -2.0399570E+01
2026 07 25 07 48 00 000 -4.1821285E+01 4.1770420E+01 -2.0424103E+01
2026 07 25 07 49 00 000 -4.1832268E+01 4.1759075E+01 -2.0448570E+01
2026 07 25 07 50 00 000 -4.1843292E+01 4.1747765E+01 -2.0472948E+01
2026 07 25 07 51 00 000 -4.1854343E+01 4.1736496E+01 -2.0497265E+01
2026 07 25 07 52 00 000 -4.1865463E+01 4.1725239E+01 -2.0521490E+01
2026 07 25 07 53 00 000 -4.1876598E+01 4.1714031E+01 -2.0545645E+01
2026 07 25 07 54 00 000 -4.1887791E+01 4.1702843E+01 -2.0569710E+01
2026 07 25 07 55 00 000 -4.1899006E+01 4.1691700E+01 -2.0593710E+01
2026 07 25 07 56 00 000 -4.1910267E+01 4.1680588E+01 -2.0617626E+01
2026 07 25 07 57 00 000 -4.1921574E+01 4.1669514E+01 -2.0641468E+01
2026 07 25 07 58 00 000 -4.1932919E+01 4.1658459E+01 -2.0665222E+01
2026 07 25 07 59 00 000 -4.1944294E+01 4.1647461E+01 -2.0688910E+01
2026 07 25 08 00 00 000 -4.1955711E+01 4.1636486E+01 -2.0712515E+01
2026 07 25 08 01 00 000 -4.1967194E+01 4.1625530E+01 -2.0736128E+01
2026 07 25 08 02 00 000 -4.1978699E+01 4.1614624E+01 -2.0759567E+01
2026 07 25 08 03 00 000 -4.1990257E+01 4.1603756E+01 -2.0782928E+01
2026 07 25 08 04 00 000 -4.2001858E+01 4.1592915E+01 -2.0806202E+01
2026 07 25 08 05 00 000 -4.2013500E+01 4.1582127E+01 -2.0829403E+01
2026 07 25 08 06 00 000 -4.2025204E+01 4.1571354E+01 -2.0852516E+01
2026 07 25 08 07 00 000 -4.2036934E+01 4.1560635E+01 -2.0875555E+01
2026 07 25 08 08 00 000 -4.2048737E+01 4.1549934E+01 -2.0898493E+01
2026 07 25 08 09 00 000 -4.2060558E+01 4.1539284E+01 -2.0921368E+01
2026 07 25 08 10 00 000 -4.2072433E+01 4.1528675E+01 -2.0944160E+01
2026 07 25 08 11 00 000 -4.2084362E+01 4.1518105E+01 -2.0966860E+01
2026 07 25 08 12 00 000 -4.2096348E+01 4.1507545E+01 -2.0989470E+01
2026 07 25 08 13 00 000 -4.2108372E+01 4.1497059E+01 -2.1012011E+01
2026 07 25 08 14 00 000 -4.2120464E+01 4.1486584E+01 -2.1034458E+01
2026 07 25 08 15 00 000 -4.2132591E+01 4.1476147E+01 -2.1056820E+01
2026 07 25 08 16 00 000 -4.2144772E+01 4.1465763E+01 -2.1079103E+01
2026 07 25 08 17 00 000 -4.2157021E+01 4.1455410E+01 -2.1101295E+01
2026 07 25 08 18 00 000 -4.2169312E+01 4.1445099E+01 -2.1123407E+01
2026 07 25 08 19 00 000 -4.2181644E+01 4.1434834E+01 -2.1145439E+01
2026 07 25 08 20 00 000 -4.2194042E+01 4.1424599E+01 -2.1167379E+01
2026 07 25 08 21 00 000 -4.2206493E+01 4.1414402E+01 -2.1189230E+01
2026 07 25 08 22 00 000 -4.2219009E+01 4.1404247E+01 -2.1210995E+01
2026 07 25 08 23 00 000 -4.2231583E+01 4.1394131E+01 -2.1232676E+01
2026 07 25 08 24 00 000 -4.2244213E+01 4.1384056E+01 -2.1254263E+01
2026 07 25 08 25 00 000 -4.2256901E+01 4.1374004E+01 -2.1275768E+01
2026 07 25 08 26 00 000 -4.2269661E+01 4.1364006E+01 -2.1297178E+01
2026 07 25 08 27 00 000 -4.2282452E+01 4.1354057E+01 -2.1318514E+01
2026 07 25 08 28 00 000 -4.2295326E+01 4.1344147E+01 -2.1339750E+01
2026 07 25 08 29 00 000 -4.2308273E+01 4.1334248E+01 -2.1360893E+01
2026 07 25 08 30 00 000 -4.2321270E+01 4.1324413E+01 -2.1381952E+01
2026 07 25 08 31 00 000 -4.2334328E+01 4.1314625E+01 -2.1402929E+01
2026 07 25 08 32 00 000 -4.2347458E+01 4.1304863E+01 -2.1423805E+01
2026 07 25 08 33 00 000 -4.2360657E+01 4.1295147E+01 -2.1444590E+01
2026 07 25 08 34 00 000 -4.2373924E+01 4.1285473E+01 -2.1465292E+01
2026 07 25 08 35 00 000 -4.2387268E+01 4.1275822E+01 -2.1485888E+01
2026 07 25 08 36 00 000 -4.2400677E+01 4.1266228E+01 -2.1506401E+01
2026 07 25 08 37 00 000 -4.2414150E+01 4.1256657E+01 -2.1526825E+01
2026 07 25 08 38 00 000 -4.2427689E+01 4.1247150E+01 -2.1547157E+01
2026 07 25 08 39 00 000 -4.2441330E+01 4.1237667E+01 -2.1567389E+01
2026 07 25 08 40 00 000 -4.2455021E+01 4.1228226E+01 -2.1587532E+01
2026 07 25 08 41 00 000 -4.2468803E+01 4.1218838E+01 -2.1607582E+01
2026 07 25 08 42 00 000 -4.2482666E+01 4.1209469E+01 -2.1627531E+01
2026 07 25 08 43 00 000 -4.2496601E+01 4.1200146E+01 -2.1647387E+01
2026 07 25 08 44 00 000 -4.2510616E+01 4.1190868E+01 -2.1667149E+01
2026 07 25 08 45 00 000 -4.2524712E+01 4.1181629E+01 -2.1686815E+01
2026 07 25 08 46 00 000 -4.2538918E+01 4.1172413E+01 -2.1706379E+01
2026 07 25 08 47 00 000 -4.2553177E+01 4.1163250E+01 -2.1725855E+01
2026 07 25 08 48 00 000 -4.2567543E+01 4.1154121E+01 -2.1745230E+01
2026 07 25 08 49 00 000 -4.2581978E+01 4.1145039E+01 -2.1764509E+01
2026 07 25 08 50 00 000 -4.2596516E+01 4.1135979E+01 -2.1783684E+01
2026 07 25 08 51 00 000 -4.2611149E+01 4.1126953E+01 -2.1802759E+01
2026 07 25 08 52 00 000 -4.2625877E+01 4.1117985E+01 -2.1821735E+01
2026 07 25 08 53 00 000 -4.2640697E+01 4.1109032E+01 -2.1840609E+01
2026 07 25 08 54 00 000 -4.2655621E+01 4.1100117E+01 -2.1859381E+01
2026 07 25 08 55 00 000 -4.2670620E+01 4.1091259E+01 -2.1878063E+01
2026 07 25 08 56 00 000 -4.2685764E+01 4.1082409E+01 -2.1896624E+01
2026 07 25 08 57 00 000 -4.2700993E+01 4.1073589E+01 -2.1915085E+01
2026 07 25 08 58 00 000 -4.2716324E+01 4.1064819E+01 -2.1933447E+01
2026 07 25 08 59 00 000 -4.2731762E+01 4.1056068E+01 -2.1951698E+01
2026 07 25 09 00 00 000 -4.2747307E+01 4.1047359E+01 -2.1969854E+01
2026 07 25 09 01 00 000 -4.2762978E+01 4.1038685E+01 -2.1987892E+01
2026 07 25 09 02 00 000 -4.2778748E+01 4.1030025E+01 -2.2005825E+01
2026 07 25 09 03 00 000 -4.2794651E+01 4.1021397E+01 -2.2023642E+01
2026 07 25 09 04 00 000 -4.2810684E+01 4.1012791E+01 -2.2041349E+01
2026 07 25 09 05 00 000 -4.2826824E+01 4.1004219E+01 -2.2058956E+01
2026 07 25 09 06 00 000 -4.2843079E+01 4.0995682E+01 -2.2076450E+01
2026 07 25 09 07 00 000 -4.2859497E+01 4.0987133E+01 -2.2093811E+01
2026 07 25 09 08 00 000 -4.2876015E+01 4.0978626E+01 -2.2111071E+01
2026 07 25 09 09 00 000 -4.2892696E+01 4.0970127E+01 -2.2128202E+01
2026 07 25 09 10 00 000 -4.2909492E+01 4.0961658E+01 -2.2145222E+01
2026 07 25 09 11 00 000 -4.2926449E+01 4.0953197E+01 -2.2162125E+01
2026 07 25 09 12 00 000 -4.2943542E+01 4.0944748E+01 -2.2178894E+01
2026 07 25 09 13 00 000 -4.2960773E+01 4.0936321E+01 -2.2195555E+01
2026 07 25 09 14 00 000 -4.2978184E+01 4.0927883E+01 -2.2212072E+01
2026 07 25 09 15 00 000 -4.2995739E+01 4.0919456E+01 -2.2228466E+01
2026 07 25 09 16 00 000 -4.3013439E+01 4.0911045E+01 -2.2244738E+01
2026 07 25 09 17 00 000 -4.3031300E+01 4.0902622E+01 -2.2260872E+01
2026 07 25 09 18 00 000 -4.3049355E+01 4.0894188E+01 -2.2276859E+01
2026 07 25 09 19 00 000 -4.3067558E+01 4.0885765E+01 -2.2292730E+01
2026 07 25 09 20 00 000 -4.3085945E+01 4.0877319E+01 -2.2308443E+01
2026 07 25 09 21 00 000 -4.3104527E+01 4.0868843E+01 -2.2324013E+01
2026 07 25 09 22 00 000 -4.3123253E+01 4.0860374E+01 -2.2339443E+01
2026 07 25 09 23 00 000 -4.3142189E+01 4.0851871E+01 -2.2354723E+01
2026 07 25 09 24 00 000 -4.3161343E+01 4.0843327E+01 -2.2369835E+01
2026 07 25 09 25 00 000 -4.3180668E+01 4.0834763E+01 -2.2384790E+01
2026 07 25 09 26 00 000 -4.3200211E+01 4.0826141E+01 -2.2399584E+01
2026 07 25 09 27 00 000 -4.3219952E+01 4.0817482E+01 -2.2414206E+01
2026 07 25 09 28 00 000 -4.3239899E+01 4.0808773E+01 -2.2428661E+01
2026 07 25 09 29 00 000 -4.3260078E+01 4.0799988E+01 -2.2442930E+01
2026 07 25 09 30 00 000 -4.3280479E+01 4.0791142E+01 -2.2457010E+01
2026 07 25 09 31 00 000 -4.3301090E+01 4.0782215E+01 -2.2470909E+01
2026 07 25 09 32 00 000 -4.3321957E+01 4.0773197E+01 -2.2484596E+01
2026 07 25 09 33 00 000 -4.3343044E+01 4.0764072E+01 -2.2498072E+01
2026 07 25 09 34 00 000 -4.3364380E+01 4.0754860E+01 -2.2511341E+01
2026 07 25 09 35 00 000 -4.3385944E+01 4.0745510E+01 -2.2524387E+01
2026 07 25 09 36 00 000 -4.3407776E+01 4.0736038E+01 -2.2537197E+01
2026 07 25 09 37 00 000 -4.3429832E+01 4.0726425E+01 -2.2549765E+01
2026 07 25 09 38 00 000 -4.3452171E+01 4.0716637E+01 -2.2562065E+01
2026 07 25 09 39 00 000 -4.3474739E+01 4.0706696E+01 -2.2574118E+01
2026 07 25 09 40 00 000 -4.3497593E+01 4.0696533E+01 -2.2585865E+01
2026 07 25 09 41 00 000 -4.3520676E+01 4.0686192E+01 -2.2597338E+01
2026 07 25 09 42 00 000 -4.3544006E+01 4.0675610E+01 -2.2608498E+01
2026 07 25 09 43 00 000 -4.3567619E+01 4.0664768E+01 -2.2619326E+01
2026 07 25 09 44 00 000 -4.3591461E+01 4.0653687E+01 -2.2629822E+01
2026 07 25 09 45 00 000 -4.3615528E+01 4.0642303E+01 -2.2639956E+01
2026 07 25 09 46 00 000 -4.3639847E+01 4.0630611E+01 -2.2649710E+01
2026 07 25 09 47 00 000 -4.3664379E+01 4.0618584E+01 -2.2659067E+01
2026 07 25 09 48 00 000 -4.3689114E+01 4.0606205E+01 -2.2668005E+01
2026 07 25 09 49 00 000 -4.3714035E+01 4.0593445E+01 -2.2676508E+01
2026 07 25 09 50 00 000 -4.3739120E+01 4.0580284E+01 -2.2684551E+01
2026 07 25 09 51 00 000 -4.3764328E+01 4.0566715E+01 -2.2692125E+01
2026 07 25 09 52 00 000 -4.3789654E+01 4.0552689E+01 -2.2699198E+01
2026 07 25 09 53 00 000 -4.3815052E+01 4.0538197E+01 -2.2705750E+01
2026 07 25 09 54 00 000 -4.3840508E+01 4.0523212E+01 -2.2711756E+01
2026 07 25 09 55 00 000 -4.3865921E+01 4.0507759E+01 -2.2717228E+01
2026 07 25 09 56 00 000 -4.3891281E+01 4.0491783E+01 -2.2722130E+01
2026 07 25 09 57 00 000 -4.3916565E+01 4.0475285E+01 -2.2726446E+01
2026 07 25 09 58 00 000 -4.3941669E+01 4.0458286E+01 -2.2730188E+01
2026 07 25 09 59 00 000 -4.3966587E+01 4.0440777E+01 -2.2733339E+01
2026 07 25 10 00 00 000 -4.3991245E+01 4.0422745E+01 -2.2735893E+01
2026 07 25 10 01 00 000 -4.4015572E+01 4.0404247E+01 -2.2737879E+01
2026 07 25 10 02 00 000 -4.4039551E+01 4.0385265E+01 -2.2739285E+01
2026 07 25 10 03 00 000 -4.4063103E+01 4.0365864E+01 -2.2740141E+01
2026 07 25 10 04 00 000 -4.4086216E+01 4.0346027E+01 -2.2740440E+01
2026 07 25 10 05 00 000 -4.4108829E+01 4.0325817E+01 -2.2740229E+01
2026 07 25 10 06 00 000 -4.4130936E+01 4.0305237E+01 -2.2739504E+01
2026 07 25 10 07 00 000 -4.4152477E+01 4.0284370E+01 -2.2738316E+01
2026 07 25 10 08 00 000 -4.4173462E+01 4.0263229E+01 -2.2736681E+01
2026 07 25 10 09 00 000 -4.4193855E+01 4.0241856E+01 -2.2734625E+01
2026 07 25 10 10 00 000 -4.4213665E+01 4.0220295E+01 -2.2732185E+01
2026 07 25 10 11 00 000 -4.4232876E+01 4.0198574E+01 -2.2729380E+01
2026 07 25 10 12 00 000 -4.4251488E+01 4.0176731E+01 -2.2726244E+01
2026 07 25 10 13 00 000 -4.4269531E+01 4.0154797E+01 -2.2722797E+01
2026 07 25 10 14 00 000 -4.4286995E+01 4.0132809E+01 -2.2719067E+01
2026 07 25 10 15 00 000 -4.4303879E+01 4.0110813E+01 -2.2715092E+01
2026 07 25 10 16 00 000 -4.4320210E+01 4.0088802E+01 -2.2710873E+01
2026 07 25 10 17 00 000 -4.4336033E+01 4.0066811E+01 -2.2706423E+01
2026 07 25 10 18 00 000 -4.4351318E+01 4.0044876E+01 -2.2701794E+01
2026 07 25 10 19 00 000 -4.4366131E+01 4.0022991E+01 -2.2696966E+01
2026 07 25 10 20 00 000 -4.4380451E+01 4.0001213E+01 -2.2691982E+01
2026 07 25 10 21 00 000 -4.4394325E+01 3.9979504E+01 -2.2686838E+01
2026 07 25 10 22 00 000 -4.4407749E+01 3.9957909E+01 -2.2681555E+01
2026 07 25 10 23 00 000 -4.4420765E+01 3.9936447E+01 -2.2676146E+01
2026 07 25 10 24 00 000 -4.4433365E+01 3.9915112E+01 -2.2670610E+01
2026 07 25 10 25 00 000 -4.4445614E+01 3.9893898E+01 -2.2664953E+01
2026 07 25 10 26 00 000 -4.4457474E+01 3.9872826E+01 -2.2659187E+01
2026 07 25 10 27 00 000 -4.4468990E+01 3.9851921E+01 -2.2653332E+01
2026 07 25 10 28 00 000 -4.4480179E+01 3.9831158E+01 -2.2647375E+01
2026 07 25 10 29 00 000 -4.4491058E+01 3.9810558E+01 -2.2641327E+01
2026 07 25 10 30 00 000 -4.4501633E+01 3.9790112E+01 -2.2635193E+01
2026 07 25 10 31 00 000 -4.4511921E+01 3.9769852E+01 -2.2628979E+01
2026 07 25 10 32 00 000 -4.4521942E+01 3.9749741E+01 -2.2622681E+01
2026 07 25 10 33 00 000 -4.4531693E+01 3.9729794E+01 -2.2616302E+01
2026 07 25 10 34 00 000 -4.4541183E+01 3.9710045E+01 -2.2609865E+01
2026 07 25 10 35 00 000 -4.4550468E+01 3.9690422E+01 -2.2603329E+01
2026 07 25 10 36 00 000 -4.4559490E+01 3.9671013E+01 -2.2596754E+01
2026 07 25 10 37 00 000 -4.4568336E+01 3.9651745E+01 -2.2590078E+01
2026 07 25 10 38 00 000 -4.4576939E+01 3.9632668E+01 -2.2583357E+01
2026 07 25 10 39 00 000 -4.4585377E+01 3.9613747E+01 -2.2576553E+01
2026 07 25 10 40 00 000 -4.4593609E+01 3.9595001E+01 -2.2569683E+01
2026 07 25 10 41 00 000 -4.4601650E+01 3.9576431E+01 -2.2562756E+01
2026 07 25 10 42 00 000 -4.4609550E+01 3.9558018E+01 -2.2555744E+01
2026 07 25 10 43 00 000 -4.4617264E+01 3.9539776E+01 -2.2548674E+01
2026 07 25 10 44 00 000 -4.4624813E+01 3.9521713E+01 -2.2541544E+01
2026 07 25 10 45 00 000 -4.4632229E+01 3.9503796E+01 -2.2534332E+01
2026 07 25 10 46 00 000 -4.4639488E+01 3.9486069E+01 -2.2527065E+01
2026 07 25 10 47 00 000 -4.4646618E+01 3.9468479E+01 -2.2519726E+01
2026 07 25 10 48 00 000 -4.4653606E+01 3.9451077E+01 -2.2512321E+01
2026 07 25 10 49 00 000 -4.4660484E+01 3.9433815E+01 -2.2504845E+01
2026 07 25 10 50 00 000 -4.4667221E+01 3.9416721E+01 -2.2497297E+01
2026 07 25 10 51 00 000 -4.4673836E+01 3.9399796E+01 -2.2489695E+01
2026 07 25 10 52 00 000 -4.4680344E+01 3.9383026E+01 -2.2482014E+01
2026 07 25 10 53 00 000 -4.4686760E+01 3.9366390E+01 -2.2474253E+01
2026 07 25 10 54 00 000 -4.4693047E+01 3.9349941E+01 -2.2466440E+01
2026 07 25 10 55 00 000 -4.4699253E+01 3.9333622E+01 -2.2458542E+01
2026 07 25 10 56 00 000 -4.4705345E+01 3.9317474E+01 -2.2450584E+01
2026 07 25 10 57 00 000 -4.4711334E+01 3.9301468E+01 -2.2442556E+01
2026 07 25 10 58 00 000 -4.4717255E+01 3.9285618E+01 -2.2434446E+01
2026 07 25 10 59 00 000 -4.4723076E+01 3.9269913E+01 -2.2426271E+01
2026 07 25 11 00 00 000 -4.4728817E+01 3.9254356E+01 -2.2418020E+01
2026 07 25 11 01 00 000 -4.4734497E+01 3.9238937E+01 -2.2409685E+01
2026 07 25 11 02 00 000 -4.4740051E+01 3.9223690E+01 -2.2401299E+01
2026 07 25 11 03 00 000 -4.4745571E+01 3.9208561E+01 -2.2392815E+01
2026 07 25 11 04 00 000 -4.4751007E+01 3.9193596E+01 -2.2384270E+01
2026 07 25 11 05 00 000 -4.4756355E+01 3.9178768E+01 -2.2375647E+01
2026 07 25 11 06 00 000 -4.4761639E+01 3.9164089E+01 -2.2366955E+01
2026 07 25 11 07 00 000 -4.4766884E+01 3.9149536E+01 -2.2358166E+01
2026 07 25 11 08 00 000 -4.4772038E+01 3.9135128E+01 -2.2349318E+01
2026 07 25 11 09 00 000 -4.4777134E+01 3.9120850E+01 -2.2340380E+01
2026 07 25 11 10 00 000 -4.4782181E+01 3.9106724E+01 -2.2331367E+01
2026 07 25 11 11 00 000 -4.4787170E+01 3.9092724E+01 -2.2322273E+01
2026 07 25 11 12 00 000 -4.4792095E+01 3.9078861E+01 -2.2313103E+01
2026 07 25 11 13 00 000 -4.4796955E+01 3.9065140E+01 -2.2303858E+01
2026 07 25 11 14 00 000 -4.4801777E+01 3.9051544E+01 -2.2294525E+01
2026 07 25 11 15 00 000 -4.4806545E+01 3.9038082E+01 -2.2285109E+01
2026 07 25 11 16 00 000 -4.4811275E+01 3.9024754E+01 -2.2275612E+01
2026 07 25 11 17 00 000 -4.4815933E+01 3.9011555E+01 -2.2266035E+01
2026 07 25 11 18 00 000 -4.4820568E+01 3.8998482E+01 -2.2256369E+01
2026 07 25 11 19 00 000 -4.4825130E+01 3.8985550E+01 -2.2246634E+01
2026 07 25 11 20 00 000 -4.4829674E+01 3.8972733E+01 -2.2236805E+01
2026 07 25 11 21 00 000 -4.4834164E+01 3.8960049E+01 -2.2226891E+01
2026 07 25 11 22 00 000 -4.4838619E+01 3.8947487E+01 -2.2216896E+01
2026 07 25 11 23 00 000 -4.4843025E+01 3.8935047E+01 -2.2206812E+01
2026 07 25 11 24 00 000 -4.4847401E+01 3.8922745E+01 -2.2196650E+01
2026 07 25 11 25 00 000 -4.4851730E+01 3.8910549E+01 -2.2186392E+01
2026 07 25 11 26 00 000 -4.4856014E+01 3.8898499E+01 -2.2176064E+01
2026 07 25 11 27 00 000 -4.4860264E+01 3.8886570E+01 -2.2165648E+01
2026 07 25 11 28 00 000 -4.4864502E+01 3.8874737E+01 -2.2155127E+01
2026 07 25 11 29 00 000 -4.4868687E+01 3.8863041E+01 -2.2144524E+01
2026 07 25 11 30 00 000 -4.4872822E+01 3.8851479E+01 -2.2133852E+01
2026 07 25 11 31 00 000 -4.4876961E+01 3.8840012E+01 -2.2123072E+01
2026 07 25 11 32 00 000 -4.4881054E+01 3.8828678E+01 -2.2112207E+01
2026 07 25 11 33 00 000 -4.4885105E+01 3.8817467E+01 -2.2101265E+01
2026 07 25 11 34 00 000 -4.4889153E+01 3.8806347E+01 -2.2090214E+01
2026 07 25 11 35 00 000 -4.4893158E+01 3.8795361E+01 -2.2079084E+01
2026 07 25 11 36 00 000 -4.4897106E+01 3.8784508E+01 -2.2067877E+01
2026 07 25 11 37 00 000 -4.4901062E+01 3.8773743E+01 -2.2056564E+01
2026 07 25 11 38 00 000 -4.4904968E+01 3.8763103E+01 -2.2045166E+01
2026 07 25 11 39 00 000 -4.4908863E+01 3.8752579E+01 -2.2033672E+01
2026 07 25 11 40 00 000 -4.4912739E+01 3.8742161E+01 -2.2022087E+01
2026 07 25 11 41 00 000 -4.4916580E+01 3.8731873E+01 -2.2010420E+01
2026 07 25 11 42 00 000 -4.4920391E+01 3.8721684E+01 -2.1998653E+01
2026 07 25 11 43 00 000 -4.4924187E+01 3.8711601E+01 -2.1986794E+01
2026 07 25 11 44 00 000 -4.4927956E+01 3.8701645E+01 -2.1974852E+01
2026 07 25 11 45 00 000 -4.4931705E+01 3.8691780E+01 -2.1962805E+01
2026 07 25 11 46 00 000 -4.4935425E+01 3.8682045E+01 -2.1950678E+01
2026 07 25 11 47 00 000 -4.4939114E+01 3.8672417E+01 -2.1938459E+01
2026 07 25 11 48 00 000 -4.4942802E+01 3.8662891E+01 -2.1926140E+01
2026 07 25 11 49 00 000 -4.4946465E+01 3.8653473E+01 -2.1913723E+01
2026 07 25 11 50 00 000 -4.4950127E+01 3.8644154E+01 -2.1901207E+01
2026 07 25 11 51 00 000 -4.4953732E+01 3.8634956E+01 -2.1888617E+01
2026 07 25 11 52 00 000 -4.4957336E+01 3.8625866E+01 -2.1875921E+01
2026 07 25 11 53 00 000 -4.4960922E+01 3.8616867E+01 -2.1863127E+01
2026 07 25 11 54 00 000 -4.4964474E+01 3.8607990E+01 -2.1850254E+01
2026 07 25 11 55 00 000 -4.4968025E+01 3.8599213E+01 -2.1837269E+01
2026 07 25 11 56 00 000 -4.4971565E+01 3.8590530E+01 -2.1824194E+01
2026 07 25 11 57 00 000 -4.4975067E+01 3.8581963E+01 -2.1811031E+01
2026 07 25 11 58 00 000 -4.4978554E+01 3.8573505E+01 -2.1797770E+01
2026 07 25 11 59 00 000 -4.4982037E+01 3.8565140E+01 -2.1784410E+01
2026 07 25 12 00 00 000 -4.4985504E+01 3.8556885E+01 -2.1770960E+01
2026 07 25 12 01 00 000 -4.4988949E+01 3.8548721E+01 -2.1757408E+01
2026 07 25 12 02 00 000 -4.4992386E+01 3.8540657E+01 -2.1743759E+01
2026 07 25 12 03 00 000 -4.4995800E+01 3.8532707E+01 -2.1730017E+01
2026 07 25 12 04 00 000 -4.4999207E+01 3.8524845E+01 -2.1716175E+01
2026 07 25 12 05 00 000 -4.5002590E+01 3.8517097E+01 -2.1702250E+01
2026 07 25 12 06 00 000 -4.5005966E+01 3.8509438E+01 -2.1688215E+01
2026 07 25 12 07 00 000 -4.5009323E+01 3.8501877E+01 -2.1674086E+01
2026 07 25 12 08 00 000 -4.5012661E+01 3.8494431E+01 -2.1659868E+01
2026 07 25 12 09 00 000 -4.5016010E+01 3.8487061E+01 -2.1645535E+01
2026 07 25 12 10 00 000 -4.5019337E+01 3.8479801E+01 -2.1631117E+01
2026 07 25 12 11 00 000 -4.5022636E+01 3.8472633E+01 -2.1616602E+01
2026 07 25 12 12 00 000 -4.5025932E+01 3.8465565E+01 -2.1601986E+01
2026 07 25 12 13 00 000 -4.5029224E+01 3.8458603E+01 -2.1587275E+01
2026 07 25 12 14 00 000 -4.5032486E+01 3.8451733E+01 -2.1572479E+01
2026 07 25 12 15 00 000 -4.5035759E+01 3.8444939E+01 -2.1557556E+01
2026 07 25 12 16 00 000 -4.5039001E+01 3.8438259E+01 -2.1542559E+01
2026 07 25 12 17 00 000 -4.5042248E+01 3.8431660E+01 -2.1527451E+01
2026 07 25 12 18 00 000 -4.5045471E+01 3.8425175E+01 -2.1512255E+01
2026 07 25 12 19 00 000 -4.5048691E+01 3.8418774E+01 -2.1496952E+01
2026 07 25 12 20 00 000 -4.5051895E+01 3.8412457E+01 -2.1481552E+01
2026 07 25 12 21 00 000 -4.5055099E+01 3.8406242E+01 -2.1466057E+01
2026 07 25 12 22 00 000 -4.5058273E+01 3.8400127E+01 -2.1450468E+01
2026 07 25 12 23 00 000 -4.5061451E+01 3.8394096E+01 -2.1434778E+01
2026 07 25 12 24 00 000 -4.5064625E+01 3.8388157E+01 -2.1418983E+01
2026 07 25 12 25 00 000 -4.5067772E+01 3.8382313E+01 -2.1403101E+01
2026 07 25 12 26 00 000 -4.5070930E+01 3.8376549E+01 -2.1387104E+01
2026 07 25 12 27 00 000 -4.5074055E+01 3.8370895E+01 -2.1371035E+01
2026 07 25 12 28 00 000 -4.5077187E+01 3.8365318E+01 -2.1354851E+01
2026 07 25 12 29 00 000 -4.5080318E+01 3.8359829E+01 -2.1338556E+01
2026 07 25 12 30 00 000 -4.5083424E+01 3.8354427E+01 -2.1322178E+01
2026 07 25 12 31 00 000 -4.5086536E+01 3.8349121E+01 -2.1305696E+01
2026 07 25 12 32 00 000 -4.5089630E+01 3.8343899E+01 -2.1289112E+01
2026 07 25 12 33 00 000 -4.5092724E+01 3.8338768E+01 -2.1272432E+01
2026 07 25 12 34 00 000 -4.5095810E+01 3.8333717E+01 -2.1255655E+01
2026 07 25 12 35 00 000 -4.5098881E+01 3.8328762E+01 -2.1238777E+01
2026 07 25 12 36 00 000 -4.5101940E+01 3.8323898E+01 -2.1221806E+01
2026 07 25 12 37 00 000 -4.5105003E+01 3.8319118E+01 -2.1204729E+01
2026 07 25 12 38 00 000 -4.5108059E+01 3.8314407E+01 -2.1187557E+01
2026 07 25 12 39 00 000 -4.5111111E+01 3.8309792E+01 -2.1170273E+01
2026 07 25 12 40 00 000 -4.5114143E+01 3.8305264E+01 -2.1152906E+01
2026 07 25 12 41 00 000 -4.5117172E+01 3.8300835E+01 -2.1135443E+01
2026 07 25 12 42 00 000 -4.5120201E+01 3.8296474E+01 -2.1117863E+01
2026 07 25 12 43 00 000 -4.5123215E+01 3.8292198E+01 -2.1100203E+01
2026 07 25 12 44 00 000 -4.5126225E+01 3.8288006E+01 -2.1082432E+01
2026 07 25 12 45 00 000 -4.5129234E+01 3.8283894E+01 -2.1064566E+01
2026 07 25 12 46 00 000 -4.5132240E+01 3.8279869E+01 -2.1046598E+01
2026 07 25 12 47 00 000 -4.5135227E+01 3.8275921E+01 -2.1028532E+01
2026 07 25 12 48 00 000 -4.5138203E+01 3.8272068E+01 -2.1010374E+01
2026 07 25 12 49 00 000 -4.5141193E+01 3.8268288E+01 -2.0992109E+01
2026 07 25 12 50 00 000 -4.5144169E+01 3.8264584E+01 -2.0973749E+01
2026 07 25 12 51 00 000 -4.5147133E+01 3.8260975E+01 -2.0955290E+01
2026 07 25 12 52 00 000 -4.5150101E+01 3.8257435E+01 -2.0936735E+01
2026 07 25 12 53 00 000 -4.5153057E+01 3.8253975E+01 -2.0918074E+01
2026 07 25 12 54 00 000 -4.5156021E+01 3.8250595E+01 -2.0899317E+01
2026 07 25 12 55 00 000 -4.5158974E+01 3.8247299E+01 -2.0880459E+01
2026 07 25 12 56 00 000 -4.5161915E+01 3.8244076E+01 -2.0861502E+01
2026 07 25 12 57 00 000 -4.5164860E+01 3.8240929E+01 -2.0842445E+01
2026 07 25 12 58 00 000 -4.5167770E+01 3.8237873E+01 -2.0823313E+01
2026 07 25 12 59 00 000 -4.5170719E+01 3.8234886E+01 -2.0804056E+01
2026 07 25 13 00 00 000 -4.5173637E+01 3.8231976E+01 -2.0784708E+01
2026 07 25 13 01 00 000 -4.5176567E+01 3.8229141E+01 -2.0765263E+01
2026 07 25 13 02 00 000 -4.5179482E+01 3.8226383E+01 -2.0745712E+01
2026 07 25 13 03 00 000 -4.5182388E+01 3.8223705E+01 -2.0726078E+01
2026 07 25 13 04 00 000 -4.5185291E+01 3.8221096E+01 -2.0706333E+01
2026 07 25 13 05 00 000 -4.5188206E+01 3.8218567E+01 -2.0686497E+01
2026 07 25 13 06 00 000 -4.5191105E+01 3.8216103E+01 -2.0666555E+01
2026 07 25 13 07 00 000 -4.5194000E+01 3.8213726E+01 -2.0646523E+01
2026 07 25 13 08 00 000 -4.5196899E+01 3.8211422E+01 -2.0626392E+01
2026 07 25 13 09 00 000 -4.5199772E+01 3.8209190E+01 -2.0606169E+01
2026 07 25 13 10 00 000 -4.5202656E+01 3.8207031E+01 -2.0585838E+01
2026 07 25 13 11 00 000 -4.5205536E+01 3.8204945E+01 -2.0565424E+01
2026 07 25 13 12 00 000 -4.5208420E+01 3.8202923E+01 -2.0544888E+01
2026 07 25 13 13 00 000 -4.5211288E+01 3.8200981E+01 -2.0524279E+01
2026 07 25 13 14 00 000 -4.5214153E+01 3.8199108E+01 -2.0503563E+01
2026 07 25 13 15 00 000 -4.5217030E+01 3.8197308E+01 -2.0482750E+01
2026 07 25 13 16 00 000 -4.5219894E+01 3.8195576E+01 -2.0461840E+01
2026 07 25 13 17 00 000 -4.5222752E+01 3.8193916E+01 -2.0440832E+01
2026 07 25 13 18 00 000 -4.5225613E+01 3.8192318E+01 -2.0419727E+01
2026 07 25 13 19 00 000 -4.5228462E+01 3.8190792E+01 -2.0398523E+01
2026 07 25 13 20 00 000 -4.5231312E+01 3.8189350E+01 -2.0377235E+01
2026 07 25 13 21 00 000 -4.5234158E+01 3.8187969E+01 -2.0355846E+01
2026 07 25 13 22 00 000 -4.5236996E+01 3.8186649E+01 -2.0334358E+01
2026 07 25 13 23 00 000 -4.5239845E+01 3.8185402E+01 -2.0312767E+01
2026 07 25 13 24 00 000 -4.5242691E+01 3.8184208E+01 -2.0291077E+01
2026 07 25 13 25 00 000 -4.5245510E+01 3.8183113E+01 -2.0269320E+01
2026 07 25 13 26 00 000 -4.5248348E+01 3.8182064E+01 -2.0247450E+01
2026 07 25 13 27 00 000 -4.5251179E+01 3.8181080E+01 -2.0225481E+01
2026 07 25 13 28 00 000 -4.5254009E+01 3.8180168E+01 -2.0203419E+01
2026 07 25 13 29 00 000 -4.5256824E+01 3.8179321E+01 -2.0181269E+01
2026 07 25 13 30 00 000 -4.5259663E+01 3.8178528E+01 -2.0159010E+01
2026 07 25 13 31 00 000 -4.5262478E+01 3.8177811E+01 -2.0136669E+01
2026 07 25 13 32 00 000 -4.5265285E+01 3.8177166E+01 -2.0114237E+01
2026 07 25 13 33 00 000 -4.5268116E+01 3.8176559E+01 -2.0091692E+01
2026 07 25 13 34 00 000 -4.5270916E+01 3.8176041E+01 -2.0069073E+01
2026 07 25 13 35 00 000 -4.5273739E+01 3.8175568E+01 -2.0046345E+01
2026 07 25 13 36 00 000 -4.5276554E+01 3.8175163E+01 -2.0023521E+01
2026 07 25 13 37 00 000 -4.5279346E+01 3.8174824E+01 -2.0000624E+01
2026 07 25 13 38 00 000 -4.5282158E+01 3.8174538E+01 -1.9977619E+01
2026 07 25 13 39 00 000 -4.5284962E+01 3.8174328E+01 -1.9954521E+01
2026 07 25 13 40 00 000 -4.5287766E+01 3.8174160E+01 -1.9931330E+01
2026 07 25 13 41 00 000 -4.5290565E+01 3.8174057E+01 -1.9908045E+01
2026 07 25 13 42 00 000 -4.5293350E+01 3.8174034E+01 -1.9884680E+01
2026 07 25 13 43 00 000 -4.5296150E+01 3.8174046E+01 -1.9861214E+01
2026 07 25 13 44 00 000 -4.5298946E+01 3.8174129E+01 -1.9837648E+01
2026 07 25 13 45 00 000 -4.5301739E+01 3.8174267E+01 -1.9814003E+01
2026 07 25 13 46 00 000 -4.5304531E+01 3.8174461E+01 -1.9790257E+01
2026 07 25 13 47 00 000 -4.5307312E+01 3.8174721E+01 -1.9766428E+01
2026 07 25 13 48 00 000 -4.5310108E+01 3.8175034E+01 -1.9742498E+01
2026 07 25 13 49 00 000 -4.5312893E+01 3.8175404E+01 -1.9718489E+01
2026 07 25 13 50 00 000 -4.5315662E+01 3.8175831E+01 -1.9694384E+01
2026 07 25 13 51 00 000 -4.5318466E+01 3.8176300E+01 -1.9670177E+01
2026 07 25 13 52 00 000 -4.5321247E+01 3.8176838E+01 -1.9645893E+01
2026 07 25 13 53 00 000 -4.5324020E+01 3.8177433E+01 -1.9621510E+01
2026 07 25 13 54 00 000 -4.5326794E+01 3.8178085E+01 -1.9597048E+01
2026 07 25 13 55 00 000 -4.5329563E+01 3.8178795E+01 -1.9572496E+01
2026 07 25 13 56 00 000 -4.5332344E+01 3.8179546E+01 -1.9547850E+01
2026 07 25 13 57 00 000 -4.5335121E+01 3.8180347E+01 -1.9523106E+01
2026 07 25 13 58 00 000 -4.5337887E+01 3.8181213E+01 -1.9498289E+01
2026 07 25 13 59 00 000 -4.5340664E+01 3.8182129E+01 -1.9473370E+01
2026 07 25 14 00 00 000 -4.5343441E+01 3.8183098E+01 -1.9448372E+01
2026 07 25 14 01 00 000 -4.5346191E+01 3.8184113E+01 -1.9423288E+01
2026 07 25 14 02 00 000 -4.5348980E+01 3.8185181E+01 -1.9398104E+01
2026 07 25 14 03 00 000 -4.5351746E+01 3.8186306E+01 -1.9372839E+01
2026 07 25 14 04 00 000 -4.5354515E+01 3.8187469E+01 -1.9347490E+01
2026 07 25 14 05 00 000 -4.5357273E+01 3.8188694E+01 -1.9322056E+01
2026 07 25 14 06 00 000 -4.5360039E+01 3.8189960E+01 -1.9296528E+01
2026 07 25 14 07 00 000 -4.5362804E+01 3.8191280E+01 -1.9270916E+01
2026 07 25 14 08 00 000 -4.5365574E+01 3.8192646E+01 -1.9245216E+01
2026 07 25 14 09 00 000 -4.5368324E+01 3.8194069E+01 -1.9219439E+01
2026 07 25 14 10 00 000 -4.5371094E+01 3.8195526E+01 -1.9193565E+01
2026 07 25 14 11 00 000 -4.5373837E+01 3.8197056E+01 -1.9167622E+01
2026 07 25 14 12 00 000 -4.5376610E+01 3.8198605E+01 -1.9141581E+01
2026 07 25 14 13 00 000 -4.5379360E+01 3.8200214E+01 -1.9115459E+01
2026 07 25 14 14 00 000 -4.5382122E+01 3.8201862E+01 -1.9089252E+01
2026 07 25 14 15 00 000 -4.5384880E+01 3.8203560E+01 -1.9062965E+01
2026 07 25 14 16 00 000 -4.5387634E+01 3.8205299E+01 -1.9036585E+01
2026 07 25 14 17 00 000 -4.5390388E+01 3.8207092E+01 -1.9010136E+01
2026 07 25 14 18 00 000 -4.5393158E+01 3.8208912E+01 -1.8983589E+01
2026 07 25 14 19 00 000 -4.5395901E+01 3.8210793E+01 -1.8956966E+01
2026 07 25 14 20 00 000 -4.5398659E+01 3.8212711E+01 -1.8930265E+01
2026 07 25 14 21 00 000 -4.5401417E+01 3.8214676E+01 -1.8903475E+01
2026 07 25 14 22 00 000 -4.5404171E+01 3.8216675E+01 -1.8876606E+01
2026 07 25 14 23 00 000 -4.5406918E+01 3.8218719E+01 -1.8849655E+01
2026 07 25 14 24 00 000 -4.5409679E+01 3.8220806E+01 -1.8822628E+01
2026 07 25 14 25 00 000 -4.5412426E+01 3.8222931E+01 -1.8795517E+01
2026 07 25 14 26 00 000 -4.5415169E+01 3.8225105E+01 -1.8768330E+01
2026 07 25 14 27 00 000 -4.5417923E+01 3.8227318E+01 -1.8741060E+01
2026 07 25 14 28 00 000 -4.5420685E+01 3.8229549E+01 -1.8713699E+01
2026 07 25 14 29 00 000 -4.5423428E+01 3.8231846E+01 -1.8686281E+01
2026 07 25 14 30 00 000 -4.5426170E+01 3.8234184E+01 -1.8658779E+01
2026 07 25 14 31 00 000 -4.5428917E+01 3.8236546E+01 -1.8631193E+01
2026 07 25 14 32 00 000 -4.5431671E+01 3.8238945E+01 -1.8603525E+01
2026 07 25 14 33 00 000 -4.5434422E+01 3.8241386E+01 -1.8575783E+01
2026 07 25 14 34 00 000 -4.5437168E+01 3.8243874E+01 -1.8547974E+01
2026 07 25 14 35 00 000 -4.5439915E+01 3.8246384E+01 -1.8520073E+01
2026 07 25 14 36 00 000 -4.5442677E+01 3.8248924E+01 -1.8492094E+01
2026 07 25 14 37 00 000 -4.5445415E+01 3.8251518E+01 -1.8464050E+01
2026 07 25 14 38 00 000 -4.5448174E+01 3.8254128E+01 -1.8435921E+01
2026 07 25 14 39 00 000 -4.5450909E+01 3.8256790E+01 -1.8407728E+01
2026 07 25 14 40 00 000 -4.5453659E+01 3.8259491E+01 -1.8379465E+01
2026 07 25 14 41 00 000 -4.5456413E+01 3.8262207E+01 -1.8351105E+01
2026 07 25 14 42 00 000 -4.5459152E+01 3.8264973E+01 -1.8322695E+01
2026 07 25 14 43 00 000 -4.5461899E+01 3.8267761E+01 -1.8294195E+01
2026 07 25 14 44 00 000 -4.5464653E+01 3.8270580E+01 -1.8265623E+01
2026 07 25 14 45 00 000 -4.5467400E+01 3.8273434E+01 -1.8236984E+01
2026 07 25 14 46 00 000 -4.5470161E+01 3.8276310E+01 -1.8208263E+01
2026 07 25 14 47 00 000 -4.5472897E+01 3.8279247E+01 -1.8179491E+01
2026 07 25 14 48 00 000 -4.5475647E+01 3.8282192E+01 -1.8150633E+01
2026 07 25 14 49 00 000 -4.5478405E+01 3.8285164E+01 -1.8121696E+01
2026 07 25 14 50 00 000 -4.5481140E+01 3.8288181E+01 -1.8092705E+01
2026 07 25 14 51 00 000 -4.5483887E+01 3.8291218E+01 -1.8063641E+01
2026 07 25 14 52 00 000 -4.5486637E+01 3.8294289E+01 -1.8034500E+01
2026 07 25 14 53 00 000 -4.5489380E+01 3.8297382E+01 -1.8005299E+01
2026 07 25 14 54 00 000 -4.5492134E+01 3.8300510E+01 -1.7976021E+01
2026 07 25 14 55 00 000 -4.5494881E+01 3.8303665E+01 -1.7946680E+01
2026 07 25 14 56 00 000 -4.5497627E+01 3.8306839E+01 -1.7917263E+01
2026 07 25 14 57 00 000 -4.5500381E+01 3.8310043E+01 -1.7887785E+01
2026 07 25 14 58 00 000 -4.5503124E+01 3.8313286E+01 -1.7858246E+01
2026 07 25 14 59 00 000 -4.5505890E+01 3.8316528E+01 -1.7828621E+01
2026 07 25 15 00 00 000 -4.5508621E+01 3.8319824E+01 -1.7798952E+01
2026 07 25 15 01 00 000 -4.5511375E+01 3.8323128E+01 -1.7769207E+01
2026 07 25 15 02 00 000 -4.5514122E+01 3.8326466E+01 -1.7739401E+01
2026 07 25 15 03 00 000 -4.5516872E+01 3.8329823E+01 -1.7709528E+01
2026 07 25 15 04 00 000 -4.5519630E+01 3.8333202E+01 -1.7679588E+01
2026 07 25 15 05 00 000 -4.5522377E+01 3.8336597E+01 -1.7649588E+01
2026 07 25 15 06 00 000 -4.5525135E+01 3.8340027E+01 -1.7619518E+01
2026 07 25 15 07 00 000 -4.5527889E+01 3.8343468E+01 -1.7589392E+01
2026 07 25 15 08 00 000 -4.5530643E+01 3.8346939E+01 -1.7559198E+01
2026 07 25 15 09 00 000 -4.5533390E+01 3.8350437E+01 -1.7528961E+01
2026 07 25 15 10 00 000 -4.5536152E+01 3.8353935E+01 -1.7498634E+01
2026 07 25 15 11 00 000 -4.5538898E+01 3.8357475E+01 -1.7468271E+01
2026 07 25 15 12 00 000 -4.5541653E+01 3.8361027E+01 -1.7437838E+01
2026 07 25 15 13 00 000 -4.5544411E+01 3.8364597E+01 -1.7407343E+01
2026 07 25 15 14 00 000 -4.5547157E+01 3.8368195E+01 -1.7376801E+01
2026 07 25 15 15 00 000 -4.5549915E+01 3.8371799E+01 -1.7346184E+01
2026 07 25 15 16 00 000 -4.5552670E+01 3.8375427E+01 -1.7315519E+01
2026 07 25 15 17 00 000 -4.5555428E+01 3.8379066E+01 -1.7284794E+01
2026 07 25 15 18 00 000 -4.5558182E+01 3.8382732E+01 -1.7254007E+01
2026 07 25 15 19 00 000 -4.5560944E+01 3.8386406E+01 -1.7223171E+01
2026 07 25 15 20 00 000 -4.5563705E+01 3.8390099E+01 -1.7192268E+01
2026 07 25 15 21 00 000 -4.5566452E+01 3.8393822E+01 -1.7161327E+01
2026 07 25 15 22 00 000 -4.5569225E+01 3.8397537E+01 -1.7130316E+01
2026 07 25 15 23 00 000 -4.5571976E+01 3.8401287E+01 -1.7099262E+01
2026 07 25 15 24 00 000 -4.5574741E+01 3.8405045E+01 -1.7068148E+01
2026 07 25 15 25 00 000 -4.5577496E+01 3.8408821E+01 -1.7036987E+01
2026 07 25 15 26 00 000 -4.5580257E+01 3.8412601E+01 -1.7005766E+01
2026 07 25 15 27 00 000 -4.5583023E+01 3.8416405E+01 -1.6974497E+01
2026 07 25 15 28 00 000 -4.5585789E+01 3.8420197E+01 -1.6943165E+01
2026 07 25 15 29 00 000 -4.5588547E+01 3.8424030E+01 -1.6911795E+01
2026 07 25 15 30 00 000 -4.5591328E+01 3.8427856E+01 -1.6880363E+01
2026 07 25 15 31 00 000 -4.5594082E+01 3.8431709E+01 -1.6848900E+01
2026 07 25 15 32 00 000 -4.5596836E+01 3.8435574E+01 -1.6817379E+01
2026 07 25 15 33 00 000 -4.5599617E+01 3.8439434E+01 -1.6785799E+01
2026 07 25 15 34 00 000 -4.5602371E+01 3.8443314E+01 -1.6754183E+01
2026 07 25 15 35 00 000 -4.5605148E+01 3.8447193E+01 -1.6722511E+01
2026 07 25 15 36 00 000 -4.5607910E+01 3.8451103E+01 -1.6690802E+01
2026 07 25 15 37 00 000 -4.5610672E+01 3.8455009E+01 -1.6659046E+01
2026 07 25 15 38 00 000 -4.5613453E+01 3.8458916E+01 -1.6627230E+01
2026 07 25 15 39 00 000 -4.5616211E+01 3.8462849E+01 -1.6595383E+01
2026 07 25 15 40 00 000 -4.5618996E+01 3.8466774E+01 -1.6563480E+01
2026 07 25 15 41 00 000 -4.5621758E+01 3.8470718E+01 -1.6531544E+01
2026 07 25 15 42 00 000 -4.5624538E+01 3.8474663E+01 -1.6499559E+01
2026 07 25 15 43 00 000 -4.5627304E+01 3.8478611E+01 -1.6467533E+01
2026 07 25 15 44 00 000 -4.5630074E+01 3.8482582E+01 -1.6435469E+01
2026 07 25 15 45 00 000 -4.5632854E+01 3.8486542E+01 -1.6403357E+01
2026 07 25 15 46 00 000 -4.5635635E+01 3.8490498E+01 -1.6371193E+01
2026 07 25 15 47 00 000 -4.5638405E+01 3.8494476E+01 -1.6339006E+01
2026 07 25 15 48 00 000 -4.5641178E+01 3.8498470E+01 -1.6306786E+01
2026 07 25 15 49 00 000 -4.5643967E+01 3.8502434E+01 -1.6274500E+01
2026 07 25 15 50 00 000 -4.5646740E+01 3.8506432E+01 -1.6242199E+01
2026 07 25 15 51 00 000 -4.5649529E+01 3.8510410E+01 -1.6209845E+01
2026 07 25 15 52 00 000 -4.5652306E+01 3.8514412E+01 -1.6177460E+01
2026 07 25 15 53 00 000 -4.5655083E+01 3.8518402E+01 -1.6145039E+01
2026 07 25 15 54 00 000 -4.5657867E+01 3.8522396E+01 -1.6112577E+01
2026 07 25 15 55 00 000 -4.5660645E+01 3.8526398E+01 -1.6080091E+01
2026 07 25 15 56 00 000 -4.5663429E+01 3.8530396E+01 -1.6047564E+01
2026 07 25 15 57 00 000 -4.5666222E+01 3.8534397E+01 -1.6014997E+01
2026 07 25 15 58 00 000 -4.5668999E+01 3.8538410E+01 -1.5982410E+01
2026 07 25 15 59 00 000 -4.5671799E+01 3.8542393E+01 -1.5949767E+01
2026 07 25 16 00 00 000 -4.5674580E+01 3.8546391E+01 -1.5917108E+01
2026 07 25 16 01 00 000 -4.5677376E+01 3.8550388E+01 -1.5884409E+01
2026 07 25 16 02 00 000 -4.5680157E+01 3.8554394E+01 -1.5851699E+01
2026 07 25 16 03 00 000 -4.5682941E+01 3.8558388E+01 -1.5818938E+01
2026 07 25 16 04 00 000 -4.5685745E+01 3.8562374E+01 -1.5786153E+01
2026 07 25 16 05 00 000 -4.5688541E+01 3.8566368E+01 -1.5753345E+01
2026 07 25 16 06 00 000 -4.5691330E+01 3.8570354E+01 -1.5720499E+01
2026 07 25 16 07 00 000 -4.5694130E+01 3.8574345E+01 -1.5687628E+01
2026 07 25 16 08 00 000 -4.5696918E+01 3.8578323E+01 -1.5654738E+01
2026 07 25 16 09 00 000 -4.5699718E+01 3.8582310E+01 -1.5621812E+01
2026 07 25 16 10 00 000 -4.5702518E+01 3.8586277E+01 -1.5588862E+01
2026 07 25 16 11 00 000 -4.5705326E+01 3.8590244E+01 -1.5555883E+01
2026 07 25 16 12 00 000 -4.5708115E+01 3.8594208E+01 -1.5522889E+01
2026 07 25 16 13 00 000 -4.5710922E+01 3.8598171E+01 -1.5489863E+01
2026 07 25 16 14 00 000 -4.5713718E+01 3.8602131E+01 -1.5456826E+01
2026 07 25 16 15 00 000 -4.5716518E+01 3.8606071E+01 -1.5423754E+01
2026 07 25 16 16 00 000 -4.5719315E+01 3.8610020E+01 -1.5390673E+01
2026 07 25 16 17 00 000 -4.5722134E+01 3.8613937E+01 -1.5357553E+01
2026 07 25 16 18 00 000 -4.5724930E+01 3.8617874E+01 -1.5324428E+01
2026 07 25 16 19 00 000 -4.5727741E+01 3.8621784E+01 -1.5291275E+01
2026 07 25 16 20 00 000 -4.5730541E+01 3.8625706E+01 -1.5258107E+01
2026 07 25 16 21 00 000 -4.5733372E+01 3.8629593E+01 -1.5224911E+01
2026 07 25 16 22 00 000 -4.5736168E+01 3.8633492E+01 -1.5191712E+01
2026 07 25 16 23 00 000 -4.5738983E+01 3.8637375E+01 -1.5158483E+01
2026 07 25 16 24 00 000 -4.5741791E+01 3.8641258E+01 -1.5125257E+01
2026 07 25 16 25 00 000 -4.5744606E+01 3.8645123E+01 -1.5092001E+01
2026 07 25 16 26 00 000 -4.5747421E+01 3.8648972E+01 -1.5058727E+01
2026 07 25 16 27 00 000 -4.5750252E+01 3.8652813E+01 -1.5025440E+01
2026 07 25 16 28 00 000 -4.5753056E+01 3.8656654E+01 -1.4992150E+01
2026 07 25 16 29 00 000 -4.5755890E+01 3.8660465E+01 -1.4958827E+01
2026 07 25 16 30 00 000 -4.5758686E+01 3.8664291E+01 -1.4925519E+01
2026 07 25 16 31 00 000 -4.5761513E+01 3.8668087E+01 -1.4892183E+01
2026 07 25 16 32 00 000 -4.5764343E+01 3.8671867E+01 -1.4858830E+01
2026 07 25 16 33 00 000 -4.5767162E+01 3.8675648E+01 -1.4825483E+01
2026 07 25 16 34 00 000 -4.5769993E+01 3.8679405E+01 -1.4792109E+01
2026 07 25 16 35 00 000 -4.5772823E+01 3.8683144E+01 -1.4758734E+01
2026 07 25 16 36 00 000 -4.5775627E+01 3.8686897E+01 -1.4725367E+01
2026 07 25 16 37 00 000 -4.5778458E+01 3.8690620E+01 -1.4691978E+01
2026 07 25 16 38 00 000 -4.5781296E+01 3.8694328E+01 -1.4658589E+01
2026 07 25 16 39 00 000 -4.5784122E+01 3.8698017E+01 -1.4625183E+01
2026 07 25 16 40 00 000 -4.5786953E+01 3.8701702E+01 -1.4591775E+01
2026 07 25 16 41 00 000 -4.5789780E+01 3.8705368E+01 -1.4558372E+01
2026 07 25 16 42 00 000 -4.5792622E+01 3.8709007E+01 -1.4524953E+01
2026 07 25 16 43 00 000 -4.5795448E+01 3.8712658E+01 -1.4491543E+01
2026 07 25 16 44 00 000 -4.5798302E+01 3.8716255E+01 -1.4458111E+01
2026 07 25 16 45 00 000 -4.5801140E+01 3.8719852E+01 -1.4424697E+01
2026 07 25 16 46 00 000 -4.5803970E+01 3.8723454E+01 -1.4391277E+01
2026 07 25 16 47 00 000 -4.5806808E+01 3.8727009E+01 -1.4357857E+01
2026 07 25 16 48 00 000 -4.5809654E+01 3.8730560E+01 -1.4324431E+01
2026 07 25 16 49 00 000 -4.5812485E+01 3.8734104E+01 -1.4291020E+01
2026 07 25 16 50 00 000 -4.5815338E+01 3.8737606E+01 -1.4257595E+01
2026 07 25 16 51 00 000 -4.5818180E+01 3.8741116E+01 -1.4224185E+01
2026 07 25 16 52 00 000 -4.5821033E+01 3.8744587E+01 -1.4190765E+01
2026 07 25 16 53 00 000 -4.5823879E+01 3.8748051E+01 -1.4157364E+01
2026 07 25 16 54 00 000 -4.5826729E+01 3.8751492E+01 -1.4123961E+01
2026 07 25 16 55 00 000 -4.5829578E+01 3.8754917E+01 -1.4090562E+01
2026 07 25 16 56 00 000 -4.5832436E+01 3.8758312E+01 -1.4057170E+01
2026 07 25 16 57 00 000 -4.5835285E+01 3.8761700E+01 -1.4023785E+01
2026 07 25 16 58 00 000 -4.5838123E+01 3.8765079E+01 -1.3990427E+01
2026 07 25 16 59 00 000 -4.5840984E+01 3.8768425E+01 -1.3957059E+01
2026 07 25 17 00 00 000 -4.5843849E+01 3.8771740E+01 -1.3923690E+01
2026 07 25 17 01 00 000 -4.5846703E+01 3.8775043E+01 -1.3890347E+01
2026 07 25 17 02 00 000 -4.5849564E+01 3.8778324E+01 -1.3857011E+01
2026 07 25 17 03 00 000 -4.5852428E+01 3.8781586E+01 -1.3823681E+01
2026 07 25 17 04 00 000 -4.5855278E+01 3.8784828E+01 -1.3790372E+01
2026 07 25 17 05 00 000 -4.5858150E+01 3.8788044E+01 -1.3757065E+01
2026 07 25 17 06 00 000 -4.5861019E+01 3.8791233E+01 -1.3723778E+01
2026 07 25 17 07 00 000 -4.5863884E+01 3.8794407E+01 -1.3690498E+01
2026 07 25 17 08 00 000 -4.5866745E+01 3.8797565E+01 -1.3657248E+01
2026 07 25 17 09 00 000 -4.5869629E+01 3.8800682E+01 -1.3623997E+01
2026 07 25 17 10 00 000 -4.5872478E+01 3.8803802E+01 -1.3590785E+01
2026 07 25 17 11 00 000 -4.5875359E+01 3.8806877E+01 -1.3557565E+01
2026 07 25 17 12 00 000 -4.5878227E+01 3.8809944E+01 -1.3524378E+01
2026 07 25 17 13 00 000 -4.5881115E+01 3.8812969E+01 -1.3491201E+01
2026 07 25 17 14 00 000 -4.5883980E+01 3.8815987E+01 -1.3458051E+01
2026 07 25 17 15 00 000 -4.5886871E+01 3.8818966E+01 -1.3424908E+01
2026 07 25 17 16 00 000 -4.5889736E+01 3.8821934E+01 -1.3391804E+01
2026 07 25 17 17 00 000 -4.5892612E+01 3.8824875E+01 -1.3358711E+01
2026 07 25 17 18 00 000 -4.5895504E+01 3.8827785E+01 -1.3325638E+01
2026 07 25 17 19 00 000 -4.5898376E+01 3.8830681E+01 -1.3292598E+01
2026 07 25 17 20 00 000 -4.5901272E+01 3.8833527E+01 -1.3259568E+01
2026 07 25 17 21 00 000 -4.5904152E+01 3.8836376E+01 -1.3226577E+01
2026 07 25 17 22 00 000 -4.5907028E+01 3.8839195E+01 -1.3193608E+01
2026 07 25 17 23 00 000 -4.5909927E+01 3.8841980E+01 -1.3160655E+01
2026 07 25 17 24 00 000 -4.5912811E+01 3.8844746E+01 -1.3127737E+01
2026 07 25 17 25 00 000 -4.5915703E+01 3.8847481E+01 -1.3094841E+01
2026 07 25 17 26 00 000 -4.5918594E+01 3.8850182E+01 -1.3061971E+01
2026 07 25 17 27 00 000 -4.5921494E+01 3.8852867E+01 -1.3029139E+01
2026 07 25 17 28 00 000 -4.5924389E+01 3.8855518E+01 -1.2996324E+01
2026 07 25 17 29 00 000 -4.5927292E+01 3.8858143E+01 -1.2963550E+01
2026 07 25 17 30 00 000 -4.5930191E+01 3.8860744E+01 -1.2930799E+01
2026 07 25 17 31 00 000 -4.5933086E+01 3.8863319E+01 -1.2898086E+01
2026 07 25 17 32 00 000 -4.5935989E+01 3.8865864E+01 -1.2865399E+01
2026 07 25 17 33 00 000 -4.5938885E+01 3.8868389E+01 -1.2832754E+01
2026 07 25 17 34 00 000 -4.5941792E+01 3.8870876E+01 -1.2800137E+01
2026 07 25 17 35 00 000 -4.5944695E+01 3.8873337E+01 -1.2767556E+01
2026 07 25 17 36 00 000 -4.5947605E+01 3.8875774E+01 -1.2735003E+01
2026 07 25 17 37 00 000 -4.5950512E+01 3.8878185E+01 -1.2702499E+01
2026 07 25 17 38 00 000 -4.5953423E+01 3.8880562E+01 -1.2670025E+01
2026 07 25 17 39 00 000 -4.5956337E+01 3.8882919E+01 -1.2637584E+01
2026 07 25 17 40 00 000 -4.5959248E+01 3.8885227E+01 -1.2605181E+01
2026 07 25 17 41 00 000 -4.5962166E+01 3.8887520E+01 -1.2572823E+01
2026 07 25 17 42 00 000 -4.5965084E+01 3.8889782E+01 -1.2540495E+01
2026 07 25 17 43 00 000 -4.5968006E+01 3.8892014E+01 -1.2508213E+01
2026 07 25 17 44 00 000 -4.5970924E+01 3.8894215E+01 -1.2475973E+01
2026 07 25 17 45 00 000 -4.5973846E+01 3.8896389E+01 -1.2443769E+01
2026 07 25 17 46 00 000 -4.5976761E+01 3.8898540E+01 -1.2411617E+01
2026 07 25 17 47 00 000 -4.5979679E+01 3.8900661E+01 -1.2379510E+01
2026 07 25 17 48 00 000 -4.5982613E+01 3.8902740E+01 -1.2347430E+01
2026 07 25 17 49 00 000 -4.5985538E+01 3.8904797E+01 -1.2315399E+01
2026 07 25 17 50 00 000 -4.5988464E+01 3.8906822E+01 -1.2283424E+01
2026 07 25 17 51 00 000 -4.5991386E+01 3.8908813E+01 -1.2251488E+01
2026 07 25 17 52 00 000 -4.5994331E+01 3.8910782E+01 -1.2219595E+01
2026 07 25 17 53 00 000 -4.5997265E+01 3.8912708E+01 -1.2187749E+01
2026 07 25 17 54 00 000 -4.6000195E+01 3.8914612E+01 -1.2155951E+01
2026 07 25 17 55 00 000 -4.6003136E+01 3.8916477E+01 -1.2124206E+01
2026 07 25 17 56 00 000 -4.6006073E+01 3.8918320E+01 -1.2092505E+01
2026 07 25 17 57 00 000 -4.6009007E+01 3.8920135E+01 -1.2060860E+01
2026 07 25 17 58 00 000 -4.6011948E+01 3.8921913E+01 -1.2029258E+01
2026 07 25 17 59 00 000 -4.6014900E+01 3.8923649E+01 -1.1997701E+01
2026 07 25 18 00 00 000 -4.6017834E+01 3.8925369E+01 -1.1966214E+01
2026 07 25 18 01 00 000 -4.6020771E+01 3.8927067E+01 -1.1934774E+01
2026 07 25 18 02 00 000 -4.6023720E+01 3.8928726E+01 -1.1903387E+01
2026 07 25 18 03 00 000 -4.6026669E+01 3.8930340E+01 -1.1872047E+01
2026 07 25 18 04 00 000 -4.6029625E+01 3.8931927E+01 -1.1840764E+01
2026 07 25 18 05 00 000 -4.6032574E+01 3.8933487E+01 -1.1809535E+01
2026 07 25 18 06 00 000 -4.6035526E+01 3.8935005E+01 -1.1778359E+01
2026 07 25 18 07 00 000 -4.6038475E+01 3.8936504E+01 -1.1747253E+01
2026 07 25 18 08 00 000 -4.6041439E+01 3.8937969E+01 -1.1716193E+01
2026 07 25 18 09 00 000 -4.6044395E+01 3.8939396E+01 -1.1685192E+01
2026 07 25 18 10 00 000 -4.6047363E+01 3.8940788E+01 -1.1654243E+01
2026 07 25 18 11 00 000 -4.6050320E+01 3.8942158E+01 -1.1623365E+01
2026 07 25 18 12 00 000 -4.6053299E+01 3.8943481E+01 -1.1592537E+01
2026 07 25 18 13 00 000 -4.6056248E+01 3.8944786E+01 -1.1561779E+01
2026 07 25 18 14 00 000 -4.6059212E+01 3.8946064E+01 -1.1531079E+01
2026 07 25 18 15 00 000 -4.6062187E+01 3.8947292E+01 -1.1500432E+01
2026 07 25 18 16 00 000 -4.6065159E+01 3.8948490E+01 -1.1469855E+01
2026 07 25 18 17 00 000 -4.6068123E+01 3.8949665E+01 -1.1439342E+01
2026 07 25 18 18 00 000 -4.6071095E+01 3.8950802E+01 -1.1408892E+01
2026 07 25 18 19 00 000 -4.6074062E+01 3.8951912E+01 -1.1378509E+01
2026 07 25 18 20 00 000 -4.6077042E+01 3.8952976E+01 -1.1348182E+01
2026 07 25 18 21 00 000 -4.6080017E+01 3.8954018E+01 -1.1317930E+01
2026 07 25 18 22 00 000 -4.6083004E+01 3.8955021E+01 -1.1287733E+01
2026 07 25 18 23 00 000 -4.6085987E+01 3.8955986E+01 -1.1257604E+01
2026 07 25 18 24 00 000 -4.6088951E+01 3.8956947E+01 -1.1227559E+01
2026 07 25 18 25 00 000 -4.6091946E+01 3.8957840E+01 -1.1197564E+01
2026 07 25 18 26 00 000 -4.6094921E+01 3.8958717E+01 -1.1167652E+01
2026 07 25 18 27 00 000 -4.6097931E+01 3.8959545E+01 -1.1137793E+01
2026 07 25 18 28 00 000 -4.6100918E+01 3.8960358E+01 -1.1108006E+01
2026 07 25 18 29 00 000 -4.6103897E+01 3.8961136E+01 -1.1078304E+01
2026 07 25 18 30 00 000 -4.6106892E+01 3.8961876E+01 -1.1048659E+01
2026 07 25 18 31 00 000 -4.6109894E+01 3.8962585E+01 -1.1019094E+01
2026 07 25 18 32 00 000 -4.6112885E+01 3.8963253E+01 -1.0989596E+01
2026 07 25 18 33 00 000 -4.6115883E+01 3.8963898E+01 -1.0960174E+01
2026 07 25 18 34 00 000 -4.6118885E+01 3.8964497E+01 -1.0930821E+01
2026 07 25 18 35 00 000 -4.6121887E+01 3.8965069E+01 -1.0901546E+01
2026 07 25 18 36 00 000 -4.6124878E+01 3.8965622E+01 -1.0872349E+01
2026 07 25 18 37 00 000 -4.6127895E+01 3.8966110E+01 -1.0843218E+01
2026 07 25 18 38 00 000 -4.6130898E+01 3.8966591E+01 -1.0814173E+01
2026 07 25 18 39 00 000 -4.6133911E+01 3.8967022E+01 -1.0785192E+01
2026 07 25 18 40 00 000 -4.6136906E+01 3.8967453E+01 -1.0756310E+01
2026 07 25 18 41 00 000 -4.6139915E+01 3.8967819E+01 -1.0727489E+01
2026 07 25 18 42 00 000 -4.6142933E+01 3.8968155E+01 -1.0698748E+01
2026 07 25 18 43 00 000 -4.6145943E+01 3.8968456E+01 -1.0670085E+01
2026 07 25 18 44 00 000 -4.6148960E+01 3.8968731E+01 -1.0641503E+01
2026 07 25 18 45 00 000 -4.6151981E+01 3.8968975E+01 -1.0612999E+01
2026 07 25 18 46 00 000 -4.6154995E+01 3.8969181E+01 -1.0584582E+01
2026 07 25 18 47 00 000 -4.6158020E+01 3.8969353E+01 -1.0556241E+01
2026 07 25 18 48 00 000 -4.6161034E+01 3.8969490E+01 -1.0527980E+01
2026 07 25 18 49 00 000 -4.6164074E+01 3.8969582E+01 -1.0499797E+01
2026 07 25 18 50 00 000 -4.6167091E+01 3.8969666E+01 -1.0471705E+01
2026 07 25 18 51 00 000 -4.6170113E+01 3.8969715E+01 -1.0443699E+01
2026 07 25 18 52 00 000 -4.6173157E+01 3.8969707E+01 -1.0415766E+01
2026 07 25 18 53 00 000 -4.6176174E+01 3.8969688E+01 -1.0387927E+01
2026 07 25 18 54 00 000 -4.6179226E+01 3.8969620E+01 -1.0360166E+01
2026 07 25 18 55 00 000 -4.6182262E+01 3.8969517E+01 -1.0332488E+01
2026 07 25 18 56 00 000 -4.6185287E+01 3.8969398E+01 -1.0304905E+01
2026 07 25 18 57 00 000 -4.6188324E+01 3.8969227E+01 -1.0277402E+01
2026 07 25 18 58 00 000 -4.6191376E+01 3.8969036E+01 -1.0249989E+01
2026 07 25 18 59 00 000 -4.6194420E+01 3.8968796E+01 -1.0222659E+01
2026 07 25 19 00 00 000 -4.6197456E+01 3.8968544E+01 -1.0195427E+01
2026 07 25 19 01 00 000 -4.6200489E+01 3.8968269E+01 -1.0168289E+01
2026 07 25 19 02 00 000 -4.6203545E+01 3.8967926E+01 -1.0141225E+01
2026 07 25 19 03 00 000 -4.6206596E+01 3.8967571E+01 -1.0114251E+01
2026 07 25 19 04 00 000 -4.6209637E+01 3.8967178E+01 -1.0087372E+01
2026 07 25 19 05 00 000 -4.6212692E+01 3.8966743E+01 -1.0060581E+01
2026 07 25 19 06 00 000 -4.6215748E+01 3.8966293E+01 -1.0033887E+01
2026 07 25 19 07 00 000 -4.6218803E+01 3.8965794E+01 -1.0007281E+01
2026 07 25 19 08 00 000 -4.6221863E+01 3.8965271E+01 -9.9807625E+00
2026 07 25 19 09 00 000 -4.6224934E+01 3.8964699E+01 -9.9543304E+00
2026 07 25 19 10 00 000 -4.6227989E+01 3.8964115E+01 -9.9280043E+00
2026 07 25 19 11 00 000 -4.6231037E+01 3.8963497E+01 -9.9017763E+00
2026 07 25 19 12 00 000 -4.6234112E+01 3.8962845E+01 -9.8756323E+00
2026 07 25 19 13 00 000 -4.6237179E+01 3.8962147E+01 -9.8495874E+00
2026 07 25 19 14 00 000 -4.6240253E+01 3.8961414E+01 -9.8236303E+00
2026 07 25 19 15 00 000 -4.6243324E+01 3.8960670E+01 -9.7977800E+00
2026 07 25 19 16 00 000 -4.6246399E+01 3.8959873E+01 -9.7720146E+00
2026 07 25 19 17 00 000 -4.6249466E+01 3.8959057E+01 -9.7463522E+00
2026 07 25 19 18 00 000 -4.6252537E+01 3.8958214E+01 -9.7207909E+00
2026 07 25 19 19 00 000 -4.6255623E+01 3.8957317E+01 -9.6953173E+00
2026 07 25 19 20 00 000 -4.6258701E+01 3.8956402E+01 -9.6699438E+00
2026 07 25 19 21 00 000 -4.6261776E+01 3.8955463E+01 -9.6446733E+00
2026 07 25 19 22 00 000 -4.6264866E+01 3.8954475E+01 -9.6194973E+00
2026 07 25 19 23 00 000 -4.6267944E+01 3.8953472E+01 -9.5944281E+00
2026 07 25 19 24 00 000 -4.6271038E+01 3.8952419E+01 -9.5694475E+00
2026 07 25 19 25 00 000 -4.6274124E+01 3.8951344E+01 -9.5445738E+00
2026 07 25 19 26 00 000 -4.6277214E+01 3.8950233E+01 -9.5198002E+00
2026 07 25 19 27 00 000 -4.6280312E+01 3.8949081E+01 -9.4951258E+00
2026 07 25 19 28 00 000 -4.6283394E+01 3.8947929E+01 -9.4705610E+00
2026 07 25 19 29 00 000 -4.6286495E+01 3.8946712E+01 -9.4460840E+00
2026 07 25 19 30 00 000 -4.6289593E+01 3.8945473E+01 -9.4217157E+00
2026 07 25 19 31 00 000 -4.6292683E+01 3.8944214E+01 -9.3974552E+00
2026 07 25 19 32 00 000 -4.6295799E+01 3.8942898E+01 -9.3732805E+00
2026 07 25 19 33 00 000 -4.6298893E+01 3.8941578E+01 -9.3492308E+00
2026 07 25 19 34 00 000 -4.6301998E+01 3.8940216E+01 -9.3252773E+00
2026 07 25 19 35 00 000 -4.6305103E+01 3.8938824E+01 -9.3014221E+00
2026 07 25 19 36 00 000 -4.6308216E+01 3.8937401E+01 -9.2776747E+00
2026 07 25 19 37 00 000 -4.6311329E+01 3.8935944E+01 -9.2540302E+00
2026 07 25 19 38 00 000 -4.6314442E+01 3.8934460E+01 -9.2305021E+00
2026 07 25 19 39 00 000 -4.6317547E+01 3.8932938E+01 -9.2070713E+00
2026 07 25 19 40 00 000 -4.6320667E+01 3.8931393E+01 -9.1837444E+00
2026 07 25 19 41 00 000 -4.6323792E+01 3.8929798E+01 -9.1605244E+00
2026 07 25 19 42 00 000 -4.6326904E+01 3.8928204E+01 -9.1374235E+00
2026 07 25 19 43 00 000 -4.6330017E+01 3.8926563E+01 -9.1144238E+00
2026 07 25 19 44 00 000 -4.6333160E+01 3.8924885E+01 -9.0915203E+00
2026 07 25 19 45 00 000 -4.6336269E+01 3.8923195E+01 -9.0687408E+00
2026 07 25 19 46 00 000 -4.6339397E+01 3.8921459E+01 -9.0460634E+00
2026 07 25 19 47 00 000 -4.6342533E+01 3.8919701E+01 -9.0234919E+00
2026 07 25 19 48 00 000 -4.6345676E+01 3.8917892E+01 -9.0010290E+00
2026 07 25 19 49 00 000 -4.6348797E+01 3.8916080E+01 -8.9786835E+00
2026 07 25 19 50 00 000 -4.6351925E+01 3.8914238E+01 -8.9564486E+00
2026 07 25 19 51 00 000 -4.6355076E+01 3.8912342E+01 -8.9343157E+00
2026 07 25 19 52 00 000 -4.6358200E+01 3.8910442E+01 -8.9122992E+00
2026 07 25 19 53 00 000 -4.6361355E+01 3.8908485E+01 -8.8903837E+00
2026 07 25 19 54 00 000 -4.6364487E+01 3.8906521E+01 -8.8685961E+00
2026 07 25 19 55 00 000 -4.6367641E+01 3.8904514E+01 -8.8469067E+00
2026 07 25 19 56 00 000 -4.6370781E+01 3.8902481E+01 -8.8253365E+00
2026 07 25 19 57 00 000 -4.6373920E+01 3.8900436E+01 -8.8038797E+00
2026 07 25 19 58 00 000 -4.6377079E+01 3.8898338E+01 -8.7825260E+00
2026 07 25 19 59 00 000 -4.6380234E+01 3.8896217E+01 -8.7612915E+00
2026 07 25 20 00 00 000 -4.6383381E+01 3.8894081E+01 -8.7401772E+00
2026 07 25 20 01 00 000 -4.6386536E+01 3.8891899E+01 -8.7191696E+00
2026 07 25 20 02 00 000 -4.6389709E+01 3.8889687E+01 -8.6982718E+00
2026 07 25 20 03 00 000 -4.6392864E+01 3.8887459E+01 -8.6774950E+00
2026 07 25 20 04 00 000 -4.6396011E+01 3.8885204E+01 -8.6568346E+00
2026 07 25 20 05 00 000 -4.6399193E+01 3.8882900E+01 -8.6362782E+00
2026 07 25 20 06 00 000 -4.6402351E+01 3.8880592E+01 -8.6158485E+00
2026 07 25 20 07 00 000 -4.6405518E+01 3.8878239E+01 -8.5955229E+00
2026 07 25 20 08 00 000 -4.6408688E+01 3.8875870E+01 -8.5753222E+00
2026 07 25 20 09 00 000 -4.6411865E+01 3.8873451E+01 -8.5552330E+00
2026 07 25 20 10 00 000 -4.6415020E+01 3.8871040E+01 -8.5352736E+00
2026 07 25 20 11 00 000 -4.6418198E+01 3.8868576E+01 -8.5154152E+00
2026 07 25 20 12 00 000 -4.6421375E+01 3.8866085E+01 -8.4956789E+00
2026 07 25 20 13 00 000 -4.6424564E+01 3.8863560E+01 -8.4760523E+00
2026 07 25 20 14 00 000 -4.6427742E+01 3.8861019E+01 -8.4565525E+00
2026 07 25 20 15 00 000 -4.6430927E+01 3.8858448E+01 -8.4371643E+00
2026 07 25 20 16 00 000 -4.6434116E+01 3.8855854E+01 -8.4178991E+00
2026 07 25 20 17 00 000 -4.6437305E+01 3.8853218E+01 -8.3987494E+00
2026 07 25 20 18 00 000 -4.6440487E+01 3.8850567E+01 -8.3797197E+00
2026 07 25 20 19 00 000 -4.6443680E+01 3.8847881E+01 -8.3608065E+00
2026 07 25 20 20 00 000 -4.6446880E+01 3.8845181E+01 -8.3420115E+00
2026 07 25 20 21 00 000 -4.6450062E+01 3.8842449E+01 -8.3233423E+00
2026 07 25 20 22 00 000 -4.6453266E+01 3.8839687E+01 -8.3047876E+00
2026 07 25 20 23 00 000 -4.6456463E+01 3.8836899E+01 -8.2863569E+00
2026 07 25 20 24 00 000 -4.6459671E+01 3.8834068E+01 -8.2680349E+00
2026 07 25 20 25 00 000 -4.6462860E+01 3.8831242E+01 -8.2498484E+00
2026 07 25 20 26 00 000 -4.6466068E+01 3.8828381E+01 -8.2317753E+00
2026 07 25 20 27 00 000 -4.6469276E+01 3.8825478E+01 -8.2138176E+00
2026 07 25 20 28 00 000 -4.6472488E+01 3.8822559E+01 -8.1959877E+00
2026 07 25 20 29 00 000 -4.6475700E+01 3.8819611E+01 -8.1782770E+00
2026 07 25 20 30 00 000 -4.6478912E+01 3.8816639E+01 -8.1606865E+00
2026 07 25 20 31 00 000 -4.6482124E+01 3.8813644E+01 -8.1432171E+00
2026 07 25 20 32 00 000 -4.6485325E+01 3.8810635E+01 -8.1258793E+00
2026 07 25 20 33 00 000 -4.6488552E+01 3.8807571E+01 -8.1086483E+00
2026 07 25 20 34 00 000 -4.6491783E+01 3.8804485E+01 -8.0915413E+00
2026 07 25 20 35 00 000 -4.6495007E+01 3.8801388E+01 -8.0745611E+00
2026 07 25 20 36 00 000 -4.6498238E+01 3.8798252E+01 -8.0577030E+00
2026 07 25 20 37 00 000 -4.6501457E+01 3.8795109E+01 -8.0409689E+00
2026 07 25 20 38 00 000 -4.6504673E+01 3.8791935E+01 -8.0243616E+00
2026 07 25 20 39 00 000 -4.6507915E+01 3.8788727E+01 -8.0078669E+00
2026 07 25 20 40 00 000 -4.6511143E+01 3.8785507E+01 -7.9915032E+00
2026 07 25 20 41 00 000 -4.6514393E+01 3.8782242E+01 -7.9752564E+00
2026 07 25 20 42 00 000 -4.6517628E+01 3.8778965E+01 -7.9591360E+00
2026 07 25 20 43 00 000 -4.6520851E+01 3.8775688E+01 -7.9431505E+00
2026 07 25 20 44 00 000 -4.6524105E+01 3.8772346E+01 -7.9272742E+00
2026 07 25 20 45 00 000 -4.6527336E+01 3.8769009E+01 -7.9115314E+00
2026 07 25 20 46 00 000 -4.6530586E+01 3.8765614E+01 -7.8959026E+00
2026 07 25 20 47 00 000 -4.6533825E+01 3.8762230E+01 -7.8804092E+00
2026 07 25 20 48 00 000 -4.6537071E+01 3.8758808E+01 -7.8650365E+00
2026 07 25 20 49 00 000 -4.6540333E+01 3.8755352E+01 -7.8497839E+00
2026 07 25 20 50 00 000 -4.6543583E+01 3.8751884E+01 -7.8346610E+00
2026 07 25 20 51 00 000 -4.6546837E+01 3.8748394E+01 -7.8196607E+00
2026 07 25 20 52 00 000 -4.6550106E+01 3.8744858E+01 -7.8047843E+00
2026 07 25 20 53 00 000 -4.6553356E+01 3.8741325E+01 -7.7900386E+00
2026 07 25 20 54 00 000 -4.6556618E+01 3.8737759E+01 -7.7754145E+00
2026 07 25 20 55 00 000 -4.6559879E+01 3.8734165E+01 -7.7609200E+00
2026 07 25 20 56 00 000 -4.6563152E+01 3.8730556E+01 -7.7465444E+00
2026 07 25 20 57 00 000 -4.6566425E+01 3.8726913E+01 -7.7322979E+00
2026 07 25 20 58 00 000 -4.6569702E+01 3.8723240E+01 -7.7181692E+00
2026 07 25 20 59 00 000 -4.6572964E+01 3.8719570E+01 -7.7041826E+00
2026 07 25 21 00 00 000 -4.6576241E+01 3.8715862E+01 -7.6903129E+00
2026 07 25 21 01 00 000 -4.6579510E+01 3.8712143E+01 -7.6765752E+00
2026 07 25 21 02 00 000 -4.6582798E+01 3.8708374E+01 -7.6629553E+00
2026 07 25 21 03 00 000 -4.6586082E+01 3.8704601E+01 -7.6494622E+00
2026 07 25 21 04 00 000 -4.6589359E+01 3.8700817E+01 -7.6361074E+00
2026 07 25 21 05 00 000 -4.6592648E+01 3.8696983E+01 -7.6228662E+00
2026 07 25 21 06 00 000 -4.6595913E+01 3.8693150E+01 -7.6097679E+00
2026 07 25 21 07 00 000 -4.6599205E+01 3.8689293E+01 -7.5967860E+00
2026 07 25 21 08 00 000 -4.6602497E+01 3.8685406E+01 -7.5839300E+00
2026 07 25 21 09 00 000 -4.6605785E+01 3.8681496E+01 -7.5712023E+00
2026 07 25 21 10 00 000 -4.6609089E+01 3.8677563E+01 -7.5586004E+00
2026 07 25 21 11 00 000 -4.6612385E+01 3.8673618E+01 -7.5461321E+00
2026 07 25 21 12 00 000 -4.6615692E+01 3.8669632E+01 -7.5337796E+00
2026 07 25 21 13 00 000 -4.6618988E+01 3.8665634E+01 -7.5215664E+00
2026 07 25 21 14 00 000 -4.6622288E+01 3.8661617E+01 -7.5094767E+00
2026 07 25 21 15 00 000 -4.6625595E+01 3.8657578E+01 -7.4975123E+00
2026 07 25 21 16 00 000 -4.6628910E+01 3.8653519E+01 -7.4856791E+00
2026 07 25 21 17 00 000 -4.6632210E+01 3.8649433E+01 -7.4739690E+00
2026 07 25 21 18 00 000 -4.6635532E+01 3.8645329E+01 -7.4623904E+00
2026 07 25 21 19 00 000 -4.6638851E+01 3.8641193E+01 -7.4509301E+00
2026 07 25 21 20 00 000 -4.6642159E+01 3.8637058E+01 -7.4396143E+00
2026 07 25 21 21 00 000 -4.6645473E+01 3.8632896E+01 -7.4284196E+00
2026 07 25 21 22 00 000 -4.6648788E+01 3.8628708E+01 -7.4173574E+00
2026 07 25 21 23 00 000 -4.6652115E+01 3.8624489E+01 -7.4064112E+00
2026 07 25 21 24 00 000 -4.6655445E+01 3.8620262E+01 -7.3955998E+00
2026 07 25 21 25 00 000 -4.6658772E+01 3.8616009E+01 -7.3849173E+00
2026 07 25 21 26 00 000 -4.6662106E+01 3.8611740E+01 -7.3743601E+00
2026 07 25 21 27 00 000 -4.6665436E+01 3.8607445E+01 -7.3639331E+00
2026 07 25 21 28 00 000 -4.6668762E+01 3.8603134E+01 -7.3536391E+00
2026 07 25 21 29 00 000 -4.6672089E+01 3.8598816E+01 -7.3434711E+00
2026 07 25 21 30 00 000 -4.6675434E+01 3.8594448E+01 -7.3334279E+00
2026 07 25 21 31 00 000 -4.6678780E+01 3.8590073E+01 -7.3235130E+00
2026 07 25 21 32 00 000 -4.6682125E+01 3.8585678E+01 -7.3137255E+00
2026 07 25 21 33 00 000 -4.6685471E+01 3.8581261E+01 -7.3040690E+00
2026 07 25 21 34 00 000 -4.6688816E+01 3.8576828E+01 -7.2945366E+00
2026 07 25 21 35 00 000 -4.6692154E+01 3.8572384E+01 -7.2851434E+00
2026 07 25 21 36 00 000 -4.6695511E+01 3.8567902E+01 -7.2758741E+00
2026 07 25 21 37 00 000 -4.6698864E+01 3.8563412E+01 -7.2667274E+00
2026 07 25 21 38 00 000 -4.6702221E+01 3.8558891E+01 -7.2577114E+00
2026 07 25 21 39 00 000 -4.6705574E+01 3.8554363E+01 -7.2488265E+00
2026 07 25 21 40 00 000 -4.6708939E+01 3.8549809E+01 -7.2400680E+00
2026 07 25 21 41 00 000 -4.6712303E+01 3.8545235E+01 -7.2314367E+00
2026 07 25 21 42 00 000 -4.6715660E+01 3.8540649E+01 -7.2229424E+00
2026 07 25 21 43 00 000 -4.6719036E+01 3.8536030E+01 -7.2145662E+00
2026 07 25 21 44 00 000 -4.6722404E+01 3.8531395E+01 -7.2063208E+00
2026 07 25 21 45 00 000 -4.6725773E+01 3.8526741E+01 -7.1982088E+00
2026 07 25 21 46 00 000 -4.6729137E+01 3.8522083E+01 -7.1902270E+00
2026 07 25 21 47 00 000 -4.6732517E+01 3.8517395E+01 -7.1823668E+00
2026 07 25 21 48 00 000 -4.6735897E+01 3.8512684E+01 -7.1746364E+00
2026 07 25 21 49 00 000 -4.6739273E+01 3.8507969E+01 -7.1670375E+00
2026 07 25 21 50 00 000 -4.6742653E+01 3.8503220E+01 -7.1595659E+00
2026 07 25 21 51 00 000 -4.6746037E+01 3.8498455E+01 -7.1522198E+00
2026 07 25 21 52 00 000 -4.6749416E+01 3.8493683E+01 -7.1450076E+00
2026 07 25 21 53 00 000 -4.6752811E+01 3.8488869E+01 -7.1379180E+00
2026 07 25 21 54 00 000 -4.6756210E+01 3.8484047E+01 -7.1309533E+00
2026 07 25 21 55 00 000 -4.6759598E+01 3.8479214E+01 -7.1241269E+00
2026 07 25 21 56 00 000 -4.6763004E+01 3.8474354E+01 -7.1174192E+00
2026 07 25 21 57 00 000 -4.6766376E+01 3.8469494E+01 -7.1108532E+00
2026 07 25 21 58 00 000 -4.6769787E+01 3.8464588E+01 -7.1044064E+00
2026 07 25 21 59 00 000 -4.6773201E+01 3.8459667E+01 -7.0980773E+00
2026 07 25 22 00 00 000 -4.6776600E+01 3.8454746E+01 -7.0918941E+00
2026 07 25 22 01 00 000 -4.6780003E+01 3.8449799E+01 -7.0858307E+00
2026 07 25 22 02 00 000 -4.6783409E+01 3.8444832E+01 -7.0798984E+00
2026 07 25 22 03 00 000 -4.6786823E+01 3.8439854E+01 -7.0740943E+00
2026 07 25 22 04 00 000 -4.6790230E+01 3.8434849E+01 -7.0684133E+00
2026 07 25 22 05 00 000 -4.6793659E+01 3.8429821E+01 -7.0628581E+00
2026 07 25 22 06 00 000 -4.6797073E+01 3.8424786E+01 -7.0574379E+00
2026 07 25 22 07 00 000 -4.6800503E+01 3.8419716E+01 -7.0521369E+00
2026 07 25 22 08 00 000 -4.6803913E+01 3.8414661E+01 -7.0469780E+00
2026 07 25 22 09 00 000 -4.6807350E+01 3.8409557E+01 -7.0419302E+00
2026 07 25 22 10 00 000 -4.6810764E+01 3.8404453E+01 -7.0370207E+00
2026 07 25 22 11 00 000 -4.6814198E+01 3.8399315E+01 -7.0322309E+00
2026 07 25 22 12 00 000 -4.6817635E+01 3.8394173E+01 -7.0275726E+00
2026 07 25 22 13 00 000 -4.6821075E+01 3.8389015E+01 -7.0230389E+00
2026 07 25 22 14 00 000 -4.6824501E+01 3.8383831E+01 -7.0186424E+00
2026 07 25 22 15 00 000 -4.6827927E+01 3.8378643E+01 -7.0143704E+00
2026 07 25 22 16 00 000 -4.6831375E+01 3.8373425E+01 -7.0102167E+00
2026 07 25 22 17 00 000 -4.6834827E+01 3.8368179E+01 -7.0061903E+00
2026 07 25 22 18 00 000 -4.6838272E+01 3.8362942E+01 -7.0022979E+00
2026 07 25 22 19 00 000 -4.6841724E+01 3.8357658E+01 -6.9985228E+00
2026 07 25 22 20 00 000 -4.6845169E+01 3.8352386E+01 -6.9948821E+00
2026 07 25 22 21 00 000 -4.6848621E+01 3.8347076E+01 -6.9913659E+00
2026 07 25 22 22 00 000 -4.6852077E+01 3.8341766E+01 -6.9879780E+00
2026 07 25 22 23 00 000 -4.6855545E+01 3.8336414E+01 -6.9847059E+00
2026 07 25 22 24 00 000 -4.6859001E+01 3.8331066E+01 -6.9815707E+00
2026 07 25 22 25 00 000 -4.6862450E+01 3.8325703E+01 -6.9785643E+00
2026 07 25 22 26 00 000 -4.6865925E+01 3.8320305E+01 -6.9756751E+00
2026 07 25 22 27 00 000 -4.6869385E+01 3.8314903E+01 -6.9729176E+00
2026 07 25 22 28 00 000 -4.6872868E+01 3.8309471E+01 -6.9702816E+00
2026 07 25 22 29 00 000 -4.6876328E+01 3.8304043E+01 -6.9677758E+00
2026 07 25 22 30 00 000 -4.6879791E+01 3.8298595E+01 -6.9653964E+00
2026 07 25 22 31 00 000 -4.6883274E+01 3.8293118E+01 -6.9631391E+00
2026 07 25 22 32 00 000 -4.6886753E+01 3.8287636E+01 -6.9610081E+00
2026 07 25 22 33 00 000 -4.6890240E+01 3.8282116E+01 -6.9590001E+00
2026 07 25 22 34 00 000 -4.6893719E+01 3.8276600E+01 -6.9571185E+00
2026 07 25 22 35 00 000 -4.6897205E+01 3.8271053E+01 -6.9553623E+00
2026 07 25 22 36 00 000 -4.6900692E+01 3.8265495E+01 -6.9537320E+00
2026 07 25 22 37 00 000 -4.6904190E+01 3.8259914E+01 -6.9522223E+00
2026 07 25 22 38 00 000 -4.6907681E+01 3.8254330E+01 -6.9508381E+00
2026 07 25 22 39 00 000 -4.6911171E+01 3.8248734E+01 -6.9495878E+00
2026 07 25 22 40 00 000 -4.6914677E+01 3.8243092E+01 -6.9484506E+00
2026 07 25 22 41 00 000 -4.6918171E+01 3.8237461E+01 -6.9474430E+00
2026 07 25 22 42 00 000 -4.6921680E+01 3.8231792E+01 -6.9465508E+00
2026 07 25 22 43 00 000 -4.6925179E+01 3.8226128E+01 -6.9457970E+00
2026 07 25 22 44 00 000 -4.6928677E+01 3.8220448E+01 -6.9451628E+00
2026 07 25 22 45 00 000 -4.6932194E+01 3.8214722E+01 -6.9446425E+00
2026 07 25 22 46 00 000 -4.6935699E+01 3.8209015E+01 -6.9442554E+00
2026 07 25 22 47 00 000 -4.6939232E+01 3.8203262E+01 -6.9439840E+00
2026 07 25 22 48 00 000 -4.6942749E+01 3.8197498E+01 -6.9438386E+00
2026 07 25 22 49 00 000 -4.6946270E+01 3.8191727E+01 -6.9438181E+00
2026 07 25 22 50 00 000 -4.6949787E+01 3.8185944E+01 -6.9439263E+00
2026 07 25 22 51 00 000 -4.6953304E+01 3.8180138E+01 -6.9441500E+00
2026 07 25 22 52 00 000 -4.6956837E+01 3.8174313E+01 -6.9444971E+00
2026 07 25 22 53 00 000 -4.6960358E+01 3.8168480E+01 -6.9449687E+00
2026 07 25 22 54 00 000 -4.6963898E+01 3.8162617E+01 -6.9455552E+00
2026 07 25 22 55 00 000 -4.6967426E+01 3.8156750E+01 -6.9462733E+00
2026 07 25 22 56 00 000 -4.6970959E+01 3.8150856E+01 -6.9471078E+00
2026 07 25 22 57 00 000 -4.6974503E+01 3.8144951E+01 -6.9480662E+00
2026 07 25 22 58 00 000 -4.6978054E+01 3.8139019E+01 -6.9491391E+00
2026 07 25 22 59 00 000 -4.6981598E+01 3.8133091E+01 -6.9503455E+00
2026 07 25 23 00 00 000 -4.6985126E+01 3.8127144E+01 -6.9516692E+00
2026 07 25 23 01 00 000 -4.6988689E+01 3.8121162E+01 -6.9531093E+00
2026 07 25 23 02 00 000 -4.6992229E+01 3.8115181E+01 -6.9546776E+00
2026 07 25 23 03 00 000 -4.6995796E+01 3.8109165E+01 -6.9563541E+00
2026 07 25 23 04 00 000 -4.6999348E+01 3.8103157E+01 -6.9581637E+00
2026 07 25 23 05 00 000 -4.7002907E+01 3.8097118E+01 -6.9600878E+00
2026 07 25 23 06 00 000 -4.7006470E+01 3.8091064E+01 -6.9621367E+00
2026 07 25 23 07 00 000 -4.7010036E+01 3.8084991E+01 -6.9643025E+00
2026 07 25 23 08 00 000 -4.7013596E+01 3.8078907E+01 -6.9665871E+00
2026 07 25 23 09 00 000 -4.7017166E+01 3.8072800E+01 -6.9689903E+00
2026 07 25 23 10 00 000 -4.7020744E+01 3.8066681E+01 -6.9715109E+00
2026 07 25 23 11 00 000 -4.7024311E+01 3.8060555E+01 -6.9741616E+00
2026 07 25 23 12 00 000 -4.7027885E+01 3.8054405E+01 -6.9769216E+00
2026 07 25 23 13 00 000 -4.7031467E+01 3.8048237E+01 -6.9798083E+00
2026 07 25 23 14 00 000 -4.7035042E+01 3.8042065E+01 -6.9828095E+00
2026 07 25 23 15 00 000 -4.7038631E+01 3.8035851E+01 -6.9859233E+00
2026 07 25 23 16 00 000 -4.7042217E+01 3.8029640E+01 -6.9891634E+00
2026 07 25 23 17 00 000 -4.7045803E+01 3.8023407E+01 -6.9925175E+00
2026 07 25 23 18 00 000 -4.7049404E+01 3.8017155E+01 -6.9959879E+00
2026 07 25 23 19 00 000 -4.7052994E+01 3.8010891E+01 -6.9995799E+00
2026 07 25 23 20 00 000 -4.7056591E+01 3.8004604E+01 -7.0032883E+00
2026 07 25 23 21 00 000 -4.7060181E+01 3.7998314E+01 -7.0071158E+00
2026 07 25 23 22 00 000 -4.7063793E+01 3.7991985E+01 -7.0110536E+00
2026 07 25 23 23 00 000 -4.7067394E+01 3.7985657E+01 -7.0151148E+00
2026 07 25 23 24 00 000 -4.7071007E+01 3.7979301E+01 -7.0192914E+00
2026 07 25 23 25 00 000 -4.7074612E+01 3.7972950E+01 -7.0235848E+00
2026 07 25 23 26 00 000 -4.7078232E+01 3.7966557E+01 -7.0279880E+00
2026 07 25 23 27 00 000 -4.7081844E+01 3.7960163E+01 -7.0325160E+00
2026 07 25 23 28 00 000 -4.7085472E+01 3.7953739E+01 -7.0371518E+00
2026 07 25 23 29 00 000 -4.7089081E+01 3.7947315E+01 -7.0419111E+00
2026 07 25 23 30 00 000 -4.7092701E+01 3.7940868E+01 -7.0467820E+00
2026 07 25 23 31 00 000 -4.7096321E+01 3.7934410E+01 -7.0517688E+00
2026 07 25 23 32 00 000 -4.7099957E+01 3.7927933E+01 -7.0568728E+00
2026 07 25 23 33 00 000 -4.7103580E+01 3.7921432E+01 -7.0620856E+00
2026 07 25 23 34 00 000 -4.7107216E+01 3.7914913E+01 -7.0674143E+00
2026 07 25 23 35 00 000 -4.7110855E+01 3.7908386E+01 -7.0728588E+00
2026 07 25 23 36 00 000 -4.7114494E+01 3.7901836E+01 -7.0784192E+00
2026 07 25 23 37 00 000 -4.7118130E+01 3.7895275E+01 -7.0840898E+00
2026 07 25 23 38 00 000 -4.7121777E+01 3.7888691E+01 -7.0898724E+00
2026 07 25 23 39 00 000 -4.7125416E+01 3.7882099E+01 -7.0957766E+00
2026 07 25 23 40 00 000 -4.7129070E+01 3.7875477E+01 -7.1017842E+00
2026 07 25 23 41 00 000 -4.7132717E+01 3.7868858E+01 -7.1079121E+00
2026 07 25 23 42 00 000 -4.7136360E+01 3.7862213E+01 -7.1141515E+00
2026 07 25 23 43 00 000 -4.7140030E+01 3.7855537E+01 -7.1204958E+00
2026 07 25 23 44 00 000 -4.7143703E+01 3.7848839E+01 -7.1269522E+00
2026 07 25 23 45 00 000 -4.7147343E+01 3.7842167E+01 -7.1335311E+00
2026 07 25 23 46 00 000 -4.7151016E+01 3.7835445E+01 -7.1402149E+00
2026 07 25 23 47 00 000 -4.7154690E+01 3.7828701E+01 -7.1470103E+00
2026 07 25 23 48 00 000 -4.7158344E+01 3.7821960E+01 -7.1539187E+00
2026 07 25 23 49 00 000 -4.7162037E+01 3.7815189E+01 -7.1609330E+00
2026 07 25 23 50 00 000 -4.7165699E+01 3.7808414E+01 -7.1680660E+00
2026 07 25 23 51 00 000 -4.7169376E+01 3.7801617E+01 -7.1753035E+00
2026 07 25 23 52 00 000 -4.7173061E+01 3.7794788E+01 -7.1826501E+00
2026 07 25 23 53 00 000 -4.7176746E+01 3.7787956E+01 -7.1901102E+00
2026 07 25 23 54 00 000 -4.7180435E+01 3.7781109E+01 -7.1976757E+00
2026 07 25 23 55 00 000 -4.7184116E+01 3.7774242E+01 -7.2053556E+00
2026 07 25 23 56 00 000 -4.7187813E+01 3.7767345E+01 -7.2131376E+00
2026 07 25 23 57 00 000 -4.7191502E+01 3.7760452E+01 -7.2210383E+00
2026 07 25 23 58 00 000 -4.7195190E+01 3.7753540E+01 -7.2290444E+00
2026 07 25 23 59 00 000 -4.7198898E+01 3.7746597E+01 -7.2371550E+00
