MIDL Ballistic 32Re, 2026-07-23 to 2026-07-25 (nT, km/s, cm^-3, K)

#COORDINATES
GSM                     Earth orbital motion included

year month day hour minute Bx By Bz Ux Uy Uz rho T B_interp Ux_interp Uyz_interp rho_interp T_interp
#START
2026  7 23  0  0     2.71    -8.27     1.41    -420.8    -32.71      0.46     9.919     130651    0    0    0    0    0
2026  7 23  0  1     2.78    -8.00     1.17    -421.6    -32.87     -4.42    10.026     139447    0    0    0    0    0
2026  7 23  0  2     2.60    -7.87     1.38    -422.7    -29.97     -9.05     9.960     151542    0    0    0    0    0
2026  7 23  0  3     2.41    -7.89     0.52    -423.5    -25.45    -12.87     9.922     163160    0    0    0    0    0
2026  7 23  0  4     2.34    -7.93    -0.67    -423.5    -24.35    -14.43    10.299     168532    0    0    0    0    0
2026  7 23  0  5     2.19    -7.85    -1.32    -424.5    -24.00    -14.26    10.482     172494    0    0    0    0    0
2026  7 23  0  6     1.95    -7.64    -1.98    -425.5    -22.24    -17.92    10.995     175846    0    0    0    0    0
2026  7 23  0  7     1.61    -7.50    -2.06    -429.4    -20.58    -26.27    10.676     170724    0    0    0    0    0
2026  7 23  0  8     2.08    -7.37    -0.87    -428.8    -21.28    -18.66    10.027     160602    0    0    0    0    0
2026  7 23  0  9     2.85    -7.29     1.05    -427.6    -22.77     -8.08     9.724     154057    0    0    0    0    0
2026  7 23  0 10     2.97    -7.41     1.17    -426.4    -24.82     -7.69     9.636     146609    0    0    0    0    0
2026  7 23  0 11     3.34    -8.06     0.92    -427.1    -26.69     -9.56     8.447     143665    0    0    0    0    0
2026  7 23  0 12     3.77    -8.19     0.49    -429.4    -26.08    -12.18     8.943     144865    0    0    0    0    0
2026  7 23  0 13     4.02    -7.99     0.64    -429.1    -25.03    -12.31     9.833     150725    0    0    0    0    0
2026  7 23  0 14     4.31    -7.77     0.87    -428.8    -24.45    -12.24    10.164     159899    0    0    0    0    0
2026  7 23  0 15     4.52    -7.80     0.89    -428.6    -24.86    -12.38    10.415     164523    0    0    0    0    0
2026  7 23  0 16     4.60    -7.73     0.95    -428.5    -25.64    -13.88    10.447     166475    0    0    0    0    0
2026  7 23  0 17     4.61    -7.59     1.01    -429.6    -25.83    -15.76    10.447     170407    0    0    0    0    0
2026  7 23  0 18     3.87    -7.39     1.43    -432.0    -24.81    -13.26    10.432     169316    0    0    0    0    0
2026  7 23  0 19     3.40    -7.31     2.38    -433.3    -24.69    -13.84    10.504     164330    0    0    0    0    0
2026  7 23  0 20     3.68    -7.42     2.30    -433.0    -25.67    -19.50    10.444     162127    0    0    0    0    0
2026  7 23  0 21     3.66    -7.70     1.43    -433.5    -25.59    -18.93    10.505     161802    0    0    0    0    0
2026  7 23  0 22     3.13    -6.75     3.38    -435.7    -22.39     -4.94    11.752     181814    0    0    0    0    0
2026  7 23  0 23     2.92    -6.13     3.10    -436.7    -17.46     10.08    12.208     182158    0    0    0    0    0
2026  7 23  0 24     3.07    -6.15     2.71    -439.8    -15.46     18.16    12.045     183571    0    0    0    0    0
2026  7 23  0 25     1.05    -3.57     3.51    -458.3     12.95     25.64    10.751     172914    0    0    0    0    0
2026  7 23  0 26    -1.22    -1.36     2.49    -468.3     33.56     11.78     9.811     157119    0    0    0    0    0
2026  7 23  0 27    -2.22     0.33     2.57    -467.6     39.11     -1.60     9.399     152253    0    0    0    0    0
2026  7 23  0 28    -2.40     0.75     2.36    -463.1     39.16    -14.21     8.575     148975    0    0    0    0    0
2026  7 23  0 29    -1.92     1.01     3.49    -460.7     40.29    -12.05     8.437     147835    0    0    0    0    0
2026  7 23  0 30    -1.72     1.18     4.28    -458.5     42.74     -0.48     8.549     146965    0    0    0    0    0
2026  7 23  0 31    -2.03     1.45     4.37    -457.0     44.98     11.15     8.640     145184    0    0    0    0    0
2026  7 23  0 32    -2.91     2.57     3.99    -459.1     45.03      8.03     8.531     142255    0    0    0    0    0
2026  7 23  0 33    -3.87     3.97     3.40    -460.9     45.96      4.58     8.442     141624    0    0    0    0    0
2026  7 23  0 34    -4.32     4.81     2.93    -462.1     45.75      2.17     9.638     145406    0    0    0    0    0
2026  7 23  0 35    -4.29     5.24     2.33    -462.4     44.38     -6.68    10.889     159133    0    0    0    0    0
2026  7 23  0 36    -3.53     5.70     1.20    -461.8     43.00    -17.65    10.551     180627    0    0    0    0    0
2026  7 23  0 37    -3.16     5.75     0.59    -459.8     42.96    -19.87    10.183     187104    0    0    0    0    0
2026  7 23  0 38    -3.36     5.89     0.59    -457.7     42.45    -17.52     9.943     182444    0    0    0    0    0
2026  7 23  0 39    -3.98     6.40     1.18    -456.5     40.95    -14.02     9.734     168714    0    0    0    0    0
2026  7 23  0 40    -4.28     6.63     1.80    -457.7     40.95    -11.13     9.675     151305    0    0    0    0    0
2026  7 23  0 41    -4.55     6.31     2.21    -459.9     40.46     -8.19    10.270     148445    0    0    0    0    0
2026  7 23  0 42    -4.59     5.95     2.24    -461.0     39.40     -8.14    10.758     151089    0    0    0    0    0
2026  7 23  0 43    -4.64     5.61     1.80    -462.0     38.51     -7.44    10.758     158664    0    0    0    0    0
2026  7 23  0 44    -4.68     5.14     2.40    -460.0     39.44     -3.17    10.930     162234    1    0    0    0    0
2026  7 23  0 45    -5.08     4.37     3.65    -461.5     41.18      0.61    11.196     165421    1    0    0    0    0
2026  7 23  0 46    -5.11     4.13     4.20    -462.9     42.92      4.38    11.157     166224    1    0    0    0    0
2026  7 23  0 47    -5.09     4.18     4.33    -462.5     41.12      4.70     9.708     161414    0    0    0    0    0
2026  7 23  0 48    -5.05     4.80     4.13    -461.9     38.16      4.70     9.106     155774    0    0    0    0    0
2026  7 23  0 49    -4.83     5.69     3.17    -460.2     37.52      3.68     8.988     147806    0    0    0    0    0
2026  7 23  0 50    -4.51     6.35     2.56    -458.9     38.03      0.72     8.932     141820    0    0    0    0    0
2026  7 23  0 51    -4.34     6.54     2.41    -457.8     38.45     -2.22     8.892     140149    0    0    0    0    0
2026  7 23  0 52    -4.42     6.60     2.26    -457.4     38.16     -3.08     9.235     140149    0    0    0    0    0
2026  7 23  0 53    -4.40     7.10     2.59    -459.8     37.27     -3.77     9.911     140612    0    0    0    0    0
2026  7 23  0 54    -4.25     7.46     2.47    -460.4     38.66     -3.66     9.913     142698    0    0    0    0    0
2026  7 23  0 55    -4.19     7.49     2.31    -460.4     42.74     -4.11     9.362     144885    0    0    0    0    0
2026  7 23  0 56    -4.20     7.39     2.18    -460.8     44.27     -6.03     9.798     147850    0    0    0    0    0
2026  7 23  0 57    -4.33     7.30     2.31    -461.4     42.98     -7.32    10.257     151108    0    0    0    0    0
2026  7 23  0 58    -4.58     6.90     2.80    -464.4     43.29     -7.41    10.562     154722    0    0    0    0    0
2026  7 23  0 59    -4.45     6.92     3.54    -464.7     45.44     -6.75    11.479     161768    0    0    0    0    0
2026  7 23  1  0    -4.02     6.81     3.45    -461.0     43.28     -6.29    11.479     163190    0    0    0    0    0
2026  7 23  1  1    -3.80     6.80     3.26    -458.3     38.25     -8.17    11.479     166393    0    0    0    0    0
2026  7 23  1  2    -3.76     6.87     2.84    -456.1     32.17    -13.53    11.473     170060    0    0    0    0    0
2026  7 23  1  3    -3.63     6.94     2.15    -452.5     31.16    -21.33    11.453     170083    0    0    0    0    0
2026  7 23  1  4    -3.91     7.01     1.81    -450.7     30.76    -24.40    11.686     170089    0    0    0    0    0
2026  7 23  1  5    -4.29     6.96     1.69    -451.9     31.22    -24.74    10.354     169730    0    0    0    0    0
2026  7 23  1  6    -5.05     6.88     1.99    -458.4     33.51    -23.42     8.651     158647    0    0    0    0    0
2026  7 23  1  7    -5.28     6.88     2.07    -463.1     35.10    -21.39     7.961     145113    0    0    0    0    0
2026  7 23  1  8    -5.71     7.39     0.87    -466.0     40.61    -25.62     7.865     129972    0    0    0    0    0
2026  7 23  1  9    -5.73     7.44     0.85    -468.7     40.34    -25.57     7.913     131363    0    0    0    0    0
2026  7 23  1 10    -5.73     7.30     1.22    -470.6     37.10    -26.41     8.077     133519    0    0    0    0    0
2026  7 23  1 11    -5.81     6.96     1.60    -472.4     33.85    -29.95     8.937     129628    0    0    0    0    0
2026  7 23  1 12    -5.87     6.84     1.76    -472.8     33.47    -30.48     9.237     127338    0    0    0    0    0
2026  7 23  1 13    -6.16     6.85     1.79    -472.4     34.97    -30.29     9.239     127077    0    0    0    0    0
2026  7 23  1 14    -6.55     6.93     1.84    -472.2     38.25    -29.75     8.416     128987    0    0    0    0    0
2026  7 23  1 15    -6.80     7.07     2.02    -471.6     41.47    -28.23     7.958     129786    0    0    0    0    0
2026  7 23  1 16    -6.88     6.90     2.36    -471.3     42.60    -27.51     7.861     128913    0    0    0    0    0
2026  7 23  1 17    -6.93     6.78     2.65    -471.2     42.59    -26.43     7.754     126275    0    0    0    0    0
2026  7 23  1 18    -6.98     6.86     2.73    -471.3     41.97    -23.41     7.541     123028    0    0    0    0    0
2026  7 23  1 19    -6.90     6.96     2.77    -471.3     40.31    -22.15     7.415     121635    0    0    0    0    0
2026  7 23  1 20    -6.79     7.21     2.95    -470.4     39.71    -22.24     7.389     121249    0    0    0    0    0
2026  7 23  1 21    -6.69     7.47     3.18    -469.3     40.15    -21.85     7.315     120885    0    0    0    0    0
2026  7 23  1 22    -6.59     7.60     3.33    -468.6     40.35    -20.45     7.212     120679    0    0    0    0    0
2026  7 23  1 23    -6.59     7.65     3.19    -468.5     39.30    -18.92     7.159     121883    0    0    0    0    0
2026  7 23  1 24    -6.73     7.56     2.76    -469.1     37.38    -18.56     7.294     124491    0    0    0    0    0
2026  7 23  1 25    -6.75     7.31     2.58    -470.1     36.43    -18.61     7.553     125476    0    0    0    0    0
2026  7 23  1 26    -6.67     7.10     2.97    -469.9     35.66    -17.13     7.603     126831    0    0    0    0    0
2026  7 23  1 27    -6.58     6.94     3.83    -469.4     33.16    -12.42     7.681     130067    0    0    0    0    0
2026  7 23  1 28    -6.49     6.93     4.31    -469.0     30.92     -8.68     7.768     132493    0    0    0    0    0
2026  7 23  1 29    -6.54     6.87     4.45    -469.0     30.35     -7.69     7.749     131616    0    0    0    0    0
2026  7 23  1 30    -6.64     6.65     4.82    -469.2     30.40     -6.12     7.707     128718    0    0    0    0    0
2026  7 23  1 31    -6.70     6.57     4.86    -470.1     30.81     -4.85     7.726     126486    0    0    0    0    0
2026  7 23  1 32    -6.70     6.56     4.71    -470.4     30.67     -4.08     7.941     127718    0    0    0    0    0
2026  7 23  1 33    -6.74     6.51     4.38    -470.8     30.57     -3.39     8.368     132142    0    0    0    0    0
2026  7 23  1 34    -6.71     6.14     4.79    -471.8     30.43     -2.99     8.818     136179    0    0    0    0    0
2026  7 23  1 35    -6.81     5.82     5.26    -472.2     30.47     -2.92     9.319     136911    0    0    0    0    0
2026  7 23  1 36    -6.78     5.70     5.39    -472.9     29.21     -3.64     9.693     134645    0    0    0    0    0
2026  7 23  1 37    -6.69     5.65     5.52    -474.5     29.00     -3.59    10.132     134013    0    0    0    0    0
2026  7 23  1 38    -6.65     5.59     6.16    -475.4     30.33     -2.90    10.163     136619    0    0    0    0    0
2026  7 23  1 39    -6.44     5.43     6.36    -475.3     33.97     -0.53    10.054     143723    0    0    0    0    0
2026  7 23  1 40    -6.31     5.15     6.30    -474.8     36.31      1.19     8.601     145993    0    0    0    0    0
2026  7 23  1 41    -6.30     6.43     5.65    -472.8     39.21      0.44     8.151     146102    0    0    0    0    0
2026  7 23  1 42    -6.32     6.81     5.41    -471.1     40.04     -3.24     7.906     140493    0    0    0    0    0
2026  7 23  1 43    -6.35     7.02     4.88    -469.3     40.03     -9.62     7.688     132275    0    0    0    0    0
2026  7 23  1 44    -6.38     7.34     4.16    -467.7     40.23    -17.21     7.547     126582    0    0    0    0    0
2026  7 23  1 45    -6.37     7.55     3.74    -467.0     41.11    -24.52     7.747     129901    0    0    0    0    0
2026  7 23  1 46    -6.35     7.54     3.23    -468.1     42.46    -30.20     8.194     143011    0    0    0    0    0
2026  7 23  1 47    -6.50     6.50     3.91    -470.5     41.56    -28.19     8.866     148459    0    0    0    0    0
2026  7 23  1 48    -6.84     5.39     5.16    -472.8     34.45    -12.89     9.355     150226    0    0    0    0    0
2026  7 23  1 49    -7.04     5.37     5.29    -475.8     17.58      6.26     9.738     156460    0    0    0    0    0
2026  7 23  1 50    -6.95     5.18     4.98    -475.7     12.81      5.94     9.773     156584    0    0    0    0    0
2026  7 23  1 51    -6.77     5.00     5.14    -475.6     13.66      4.52    10.817     160173    0    0    0    0    0
2026  7 23  1 52    -6.57     4.78     5.16    -474.7     15.53      2.91    11.204     160173    0    0    0    0    0
2026  7 23  1 53    -6.42     4.58     5.27    -474.6     14.94      3.06    11.230     167773    0    0    0    0    0
2026  7 23  1 54    -6.63     4.23     5.40    -474.3     11.39      3.85    11.073     169507    0    0    0    0    0
2026  7 23  1 55    -6.88     3.46     6.40    -473.1      6.78      4.13    10.840     171039    0    0    0    0    0
2026  7 23  1 56    -6.90     2.63     6.89    -472.4      4.56      4.23    10.654     184961    0    0    0    0    0
2026  7 23  1 57    -6.83     3.67     5.97    -479.9      6.06      5.11    10.756     212002    0    0    0    0    0
2026  7 23  1 58    -6.47     3.02     5.60    -484.3     20.49     11.00    10.971     223925    0    0    0    0    0
2026  7 23  1 59    -5.78     1.76     5.59    -482.8     20.79     13.41    10.971     229364    0    0    0    0    0
2026  7 23  2  0    -4.32    -0.90     5.79    -481.1     14.26     14.30    10.838     239776    0    0    0    0    0
2026  7 23  2  1    -3.44    -2.72     6.12    -480.2      8.92     14.61    10.769     256135    0    0    0    0    0
2026  7 23  2  2    -3.69    -2.37     6.45    -480.4      8.67     14.78    10.840     273126    0    0    0    0    0
2026  7 23  2  3    -3.31    -1.36     6.54    -482.9     10.49     15.73    10.840     281200    0    0    0    0    0
2026  7 23  2  4    -3.65    -1.25     6.30    -486.3     13.03     14.79    10.865     288576    0    0    0    0    0
2026  7 23  2  5    -3.18    -3.48     6.43    -491.3     19.56      9.75    10.688     319396    0    0    0    0    0
2026  7 23  2  6    -2.42    -4.76     6.45    -492.3     25.46      9.32    10.415     328302    0    0    0    0    0
2026  7 23  2  7    -2.19    -4.12     6.85    -494.4     25.82      8.10     9.547     356810    0    0    0    0    0
2026  7 23  2  8    -3.01    -2.38     7.43    -496.9     35.46      8.59     9.160     392172    0    0    0    0    0
2026  7 23  2  9    -3.71    -1.24     7.79    -497.7     41.07      8.81     8.904     397907    0    0    0    0    0
2026  7 23  2 10    -4.01    -1.38     8.06    -499.1     44.41      8.36     8.823     397781    0    0    0    0    0
2026  7 23  2 11    -3.67    -1.41     7.99    -497.8     50.54      6.82     8.823     392702    0    0    0    0    0
2026  7 23  2 12    -3.40    -1.57     7.69    -497.9     65.43      4.10     9.643     377381    0    0    0    0    0
2026  7 23  2 13    -3.60    -1.02     7.63    -498.3     67.29      2.29     9.687     376578    0    0    0    0    0
2026  7 23  2 14    -3.28    -1.35     8.37    -499.5     67.39      2.29    10.088     386448    0    0    0    0    0
2026  7 23  2 15    -3.68    -0.40     8.37    -500.5     65.43      3.09     9.655     398531    0    0    0    0    0
2026  7 23  2 16    -4.10    -0.69     8.40    -500.7     61.73      4.42     9.601     398543    0    0    0    0    0
2026  7 23  2 17    -3.96    -0.72     8.40    -501.8     60.35      6.16     9.355     398598    0    0    0    0    0
2026  7 23  2 18    -3.76    -1.17     8.35    -504.2     56.16     12.13    10.195     400718    0    0    0    0    0
2026  7 23  2 19    -3.35    -1.31     8.30    -508.6     55.20     22.55    11.527     408294    0    0    0    0    0
2026  7 23  2 20    -3.33    -0.92     8.56    -512.6     61.84     28.11    11.624     409381    0    0    0    0    0
2026  7 23  2 21    -3.50    -0.74     8.79    -513.1     64.56     30.29    11.716     407116    0    0    0    0    0
2026  7 23  2 22    -3.55    -1.10     8.68    -512.2     63.35     32.00    11.716     400335    0    0    0    0    0
2026  7 23  2 23    -3.35    -1.33     8.39    -508.6     60.17     34.39    11.716     397146    0    0    0    0    0
2026  7 23  2 24    -3.13    -1.20     8.35    -505.3     56.41     35.75    11.537     386184    0    0    0    0    0
2026  7 23  2 25    -2.90    -0.96     8.32    -503.4     54.03     37.49    11.529     376451    0    0    0    0    0
2026  7 23  2 26    -2.71    -0.95     8.22    -503.5     52.81     39.44    12.087     372367    0    0    0    0    0
2026  7 23  2 27    -2.66    -1.48     8.02    -503.9     48.18     40.66    12.696     369526    0    0    0    0    0
2026  7 23  2 28    -2.65    -2.34     7.70    -504.5     44.57     42.55    13.107     369155    0    0    0    0    0
2026  7 23  2 29    -2.41    -3.36     7.44    -505.1     43.57     42.54    13.689     368771    0    0    0    0    0
2026  7 23  2 30    -1.98    -4.53     6.75    -505.0     39.53     40.14    13.917     370255    0    0    0    0    0
2026  7 23  2 31    -1.57    -5.56     5.74    -504.0     34.25     37.00    13.433     372852    0    0    0    0    0
2026  7 23  2 32    -0.92    -6.57     4.46    -503.4     30.52     32.32    12.836     378590    0    0    0    0    0
2026  7 23  2 33    -0.21    -7.48     3.71    -506.6     27.89     29.66    12.885     385601    0    0    0    0    0
2026  7 23  2 34    -0.82    -7.34     4.02    -511.4     22.01     34.71    13.265     385991    0    0    0    0    0
2026  7 23  2 35    -1.21    -7.40     3.76    -510.1     21.92     33.76    13.160     385991    0    0    0    0    0
2026  7 23  2 36    -1.14    -7.66     2.54    -508.3     21.13     28.90    13.151     383814    0    0    0    0    0
2026  7 23  2 37    -0.78    -7.88     1.46    -506.3     17.37     20.05    12.874     380559    0    0    0    0    0
2026  7 23  2 38    -0.44    -8.42     0.79    -510.0      7.33      6.37    12.287     366657    0    0    0    0    0
2026  7 23  2 39    -0.59    -8.60    -0.02    -512.4      4.15      1.32    11.609     365632    0    0    0    0    0
2026  7 23  2 40    -0.53    -8.89    -0.76    -510.8      4.06     -1.46    11.205     366436    0    0    0    0    0
2026  7 23  2 41    -0.31    -8.98    -1.54    -507.2      6.26     -6.73    10.375     369101    0    0    0    0    0
2026  7 23  2 42    -0.10    -8.90    -2.67    -503.5      9.78    -10.84    10.001     370224    0    0    0    0    0
2026  7 23  2 43     0.07    -8.70    -3.90    -500.2     13.42    -13.28     9.965     368930    0    0    0    0    0
2026  7 23  2 44     0.16    -8.60    -3.99    -500.4     11.79     -8.89    10.036     360615    0    0    0    0    0
2026  7 23  2 45     0.28    -8.87    -3.21    -500.2      9.30      4.68    10.505     360229    0    0    0    0    0
2026  7 23  2 46     0.53    -8.99    -1.86    -499.3      9.67     18.62    10.909     360121    0    0    0    0    0
2026  7 23  2 47     0.84    -8.89    -1.10    -498.6     12.10     19.35    10.909     360247    0    0    0    0    0
2026  7 23  2 48     0.76    -6.43     3.31    -497.8     16.33     18.92    10.510     375013    0    0    0    0    0
2026  7 23  2 49    -0.05    -6.78     5.43    -503.5     16.41     20.44    10.409     390500    0    0    0    0    0
2026  7 23  2 50    -0.55    -7.60     5.53    -504.5     15.62     30.01    10.507     374037    0    0    0    0    0
2026  7 23  2 51    -0.82    -8.05     5.47    -509.0     12.66     29.88    10.530     343357    0    0    0    0    0
2026  7 23  2 52    -1.22    -8.70     4.26    -513.9      5.89     13.49    10.099     328834    0    0    0    0    0
2026  7 23  2 53    -1.66    -9.02     3.88    -515.3      5.09     12.90     9.930     328770    0    0    0    0    0
2026  7 23  2 54    -1.59    -9.21     3.72    -514.1      4.93     12.37     9.688     328770    0    0    0    0    0
2026  7 23  2 55    -1.40    -9.30     3.52    -515.9      5.10     12.87     9.688     328770    0    0    0    0    0
2026  7 23  2 56    -1.36    -8.80     4.30    -516.8      5.28     16.38     9.751     327247    0    0    0    0    0
2026  7 23  2 57    -1.38    -8.16     5.40    -518.0      6.33     23.25     9.829     325374    0    0    0    0    0
2026  7 23  2 58    -1.13    -8.07     5.24    -517.1      8.25     25.43     9.829     324047    0    0    0    0    0
2026  7 23  2 59    -0.74    -8.16     4.70    -514.3     10.94     23.48     9.811     322536    0    0    0    0    0
2026  7 23  3  0    -0.40    -8.29     4.49    -512.0     14.17     20.83     9.733     322019    0    0    0    0    0
2026  7 23  3  1    -0.33    -8.16     5.12    -512.8     15.15     22.48     9.426     312535    0    0    0    0    0
2026  7 23  3  2    -0.83    -8.13     5.29    -515.3      6.86     27.36     9.376     279775    0    0    0    0    0
2026  7 23  3  3    -0.68    -8.26     4.96    -514.2      2.36     29.81     9.388     263937    0    0    0    0    0
2026  7 23  3  4    -0.56    -8.28     4.72    -512.3      1.65     29.97     9.282     264740    0    0    0    0    0
2026  7 23  3  5    -0.42    -7.79     5.10    -510.3      3.86     31.13     9.743     271616    0    0    0    0    0
2026  7 23  3  6     0.15    -7.31     5.41    -508.4      8.13     33.21    10.722     297266    0    0    0    0    0
2026  7 23  3  7     1.09    -7.08     5.79    -508.2      6.77     33.74    10.976     304014    0    0    0    0    0
2026  7 23  3  8     0.95    -7.11     5.77    -509.5     -0.66     33.34    10.852     286334    0    0    0    0    0
2026  7 23  3  9     0.68    -7.71     5.60    -512.3     -4.45     31.21    10.357     282967    0    0    0    0    0
2026  7 23  3 10     0.74    -8.16     5.13    -515.9     -5.73     28.96    10.694     281749    0    0    0    0    0
2026  7 23  3 11     0.68    -8.53     4.34    -516.2     -5.96     27.79    10.680     282959    0    0    0    0    0
2026  7 23  3 12     0.16    -8.51     3.87    -517.1     -5.82     26.45    10.729     288726    0    0    0    0    0
2026  7 23  3 13    -0.52    -8.34     3.82    -517.5     -5.81     24.33    10.824     293604    0    0    0    0    0
2026  7 23  3 14    -0.76    -8.19     3.97    -518.1     -6.10     21.86    10.984     293998    0    0    0    0    0
2026  7 23  3 15    -0.85    -8.19     3.89    -518.3     -6.89     22.25    11.053     289751    0    0    0    0    0
2026  7 23  3 16    -0.79    -8.16     3.88    -517.3     -6.02     26.11    11.017     285631    0    0    0    0    0
2026  7 23  3 17    -0.57    -8.07     4.05    -515.0     -3.08     30.39    10.980     284813    0    0    0    0    0
2026  7 23  3 18    -0.36    -7.96     4.27    -511.8      0.42     33.02    10.999     284973    0    0    0    0    0
2026  7 23  3 19     0.10    -7.95     4.20    -510.8     -1.17     30.99    11.286     287371    0    0    0    0    0
2026  7 23  3 20     0.09    -8.03     4.10    -510.4     -4.82     21.41    11.291     288213    0    0    0    0    0
2026  7 23  3 21     0.63    -8.09     2.99    -508.6     -5.77      9.74    11.113     289702    0    0    0    0    0
2026  7 23  3 22     0.96    -8.01     2.34    -507.9     -6.08      3.62    11.072     293781    0    0    0    0    0
2026  7 23  3 23     1.26    -7.95     2.33    -511.6     -5.79      2.88    11.078     294835    0    0    0    0    0
2026  7 23  3 24     0.98    -7.77     2.97    -512.0     -1.08     12.06    10.939     292197    0    0    0    0    0
2026  7 23  3 25     1.05    -7.52     3.67    -512.9      5.60     30.86     9.145     292854    0    0    0    0    0
2026  7 23  3 26     1.25    -7.44     3.78    -515.5      4.03     35.21     9.649     298266    0    0    0    0    0
2026  7 23  3 27     1.38    -7.37     3.61    -517.7      2.62     31.39    10.618     304509    0    0    0    0    0
2026  7 23  3 28     1.58    -7.44     3.11    -517.4     -1.71     24.78    10.649     307590    0    0    0    0    0
2026  7 23  3 29     1.64    -7.57     2.88    -518.5     -5.68     16.20    10.847     308946    0    0    0    0    0
2026  7 23  3 30     1.19    -7.55     2.85    -530.9     -5.81     14.86    11.124     320710    0    0    0    0    0
2026  7 23  3 31     1.12    -7.51     3.21    -527.3     -3.77     24.73    11.156     314701    0    0    0    0    0
2026  7 23  3 32     1.32    -7.46     3.58    -521.4     -1.55     35.42    11.233     300280    0    0    0    0    0
2026  7 23  3 33     1.32    -7.45     3.68    -518.9     -1.26     39.38    11.263     293630    0    0    0    0    0
2026  7 23  3 34     1.10    -7.53     3.52    -518.3     -3.29     35.49    11.459     292902    0    0    0    0    0
2026  7 23  3 35     1.06    -7.89     3.15    -520.7     -6.40     23.67    11.619     300625    0    0    0    0    0
2026  7 23  3 36     1.43    -7.96     2.80    -523.6     -7.11     23.93    11.799     305039    0    0    0    0    0
2026  7 23  3 37     1.07    -7.75     2.99    -523.9     -5.58     32.74    12.060     310448    0    0    0    0    0
2026  7 23  3 38     1.29    -7.44     2.90    -524.8     -0.54     37.93    13.109     313220    0    0    0    0    0
2026  7 23  3 39     1.57    -7.30     3.46    -525.2      3.29     41.18    12.951     318214    0    0    0    0    0
2026  7 23  3 40     1.61    -6.78     3.83    -522.8      5.73     46.52    11.368     325952    0    0    0    0    0
2026  7 23  3 41     1.30    -6.46     4.86    -520.0     11.02     51.08    11.183     326855    0    0    0    0    0
2026  7 23  3 42     0.98    -6.34     5.26    -518.0     14.64     53.72    11.345     326419    0    0    0    0    0
2026  7 23  3 43     0.83    -6.36     5.05    -517.3     14.37     53.83    11.683     326043    0    0    0    0    0
2026  7 23  3 44     0.91    -6.43     4.78    -516.3     13.31     52.11    12.037     329965    0    0    0    0    0
2026  7 23  3 45     1.08    -6.45     4.66    -514.5     14.95     50.97    12.244     335644    0    0    0    0    0
2026  7 23  3 46     1.38    -6.36     4.73    -512.7     18.64     52.52    12.244     334942    0    0    0    0    0
2026  7 23  3 47     1.68    -6.27     5.17    -510.0     24.59     55.70    12.244     330728    0    0    0    0    0
2026  7 23  3 48     1.53    -6.06     5.37    -511.7     23.04     58.39    12.605     324183    0    0    0    0    0
2026  7 23  3 49     0.83    -5.88     5.54    -514.7     19.11     56.40    12.697     323736    0    0    0    0    0
2026  7 23  3 50     0.68    -5.86     5.48    -512.3     19.14     54.23    12.452     322333    0    0    0    0    0
2026  7 23  3 51     1.07    -5.80     5.25    -507.7     19.35     52.71    11.570     320618    0    0    0    0    0
2026  7 23  3 52     1.69    -5.72     4.82    -504.5     18.85     49.23    10.692     319903    0    0    0    0    0
2026  7 23  3 53     2.30    -5.57     4.16    -502.4     18.01     40.85    10.138     323640    0    0    0    0    0
2026  7 23  3 54     2.60    -5.24     3.12    -500.5     19.07     23.89    10.088     331792    0    0    0    0    0
2026  7 23  3 55     2.92    -4.67     1.09    -498.0     26.81     -3.09     9.835     331792    0    0    0    0    0
2026  7 23  3 56     3.22    -3.32    -0.05    -497.1     35.12    -15.47     9.906     331792    0    0    0    0    0
2026  7 23  3 57     3.41    -3.14    -0.44    -495.5     38.23    -16.71     9.586     301825    0    0    0    0    0
2026  7 23  3 58     3.60    -4.17    -0.29    -493.7     36.53    -15.43     9.744     277945    0    0    0    0    0
2026  7 23  3 59     3.73    -5.06     0.00    -492.4     28.34    -12.20     9.693     255129    0    0    0    0    0
2026  7 23  4  0     3.82    -5.43    -0.49    -491.7     16.94     -6.52     9.461     240948    0    0    0    0    0
2026  7 23  4  1     3.90    -5.61    -1.74    -491.4     11.06     -0.81     9.089     239271    0    0    0    0    0
2026  7 23  4  2     3.75    -5.45    -2.88    -491.6     12.36      2.79     8.526     233968    0    0    0    0    0
2026  7 23  4  3     3.62    -5.15    -3.85    -492.7     15.98      4.43     8.516     223844    0    0    0    0    0
2026  7 23  4  4     4.19    -5.10    -3.66    -493.6     19.70      3.47     8.733     217064    0    0    0    0    0
2026  7 23  4  5     4.65    -5.13    -2.11    -493.5     21.95      2.05     9.561     217351    0    0    0    0    0
2026  7 23  4  6     4.93    -5.15    -0.86    -492.8     21.10      0.42    10.049     222881    0    0    0    0    0
2026  7 23  4  7     5.12    -5.47    -0.31    -492.0     19.60      0.20     9.466     232896    0    0    0    0    0
2026  7 23  4  8     5.16    -5.76    -0.30    -491.2     18.21      2.45     8.783     239809    0    0    0    0    0
2026  7 23  4  9     5.28    -5.62    -0.81    -490.2     14.72      6.19     8.817     240299    0    0    0    0    0
2026  7 23  4 10     5.57    -5.37    -1.10    -489.8     11.42     11.62     8.961     237707    0    0    0    0    0
2026  7 23  4 11     5.63    -5.17    -1.52    -489.7     12.05     17.59     9.139     230192    0    0    0    0    0
2026  7 23  4 12     5.46    -4.97    -1.56    -489.8     18.23     18.46     9.139     227664    0    0    0    0    0
2026  7 23  4 13     5.50    -4.83    -1.84    -489.6     23.67     19.13     9.144     225818    0    0    0    0    0
2026  7 23  4 14     5.43    -5.05    -1.80    -489.7     20.73     16.71     9.200     225462    0    0    0    0    0
2026  7 23  4 15     5.46    -5.38    -1.23    -489.6     16.60     12.80     9.408     225462    0    0    0    0    0
2026  7 23  4 16     5.72    -5.47    -0.84    -489.6     16.08     11.28     9.695     225453    0    0    0    0    0
2026  7 23  4 17     5.94    -5.29    -0.45    -490.1     16.13     11.51     9.566     224479    0    0    0    0    0
2026  7 23  4 18     5.96    -5.11    -0.29    -489.6     15.55     12.65     9.220     222214    0    0    0    0    0
2026  7 23  4 19     5.92    -5.01    -0.66    -488.8     15.57     14.44     9.112     221758    0    0    0    0    0
2026  7 23  4 20     5.80    -5.22    -1.27    -489.2     16.06     14.17     9.029     219566    0    0    0    0    0
2026  7 23  4 21     5.79    -5.30    -1.62    -489.8     18.05      8.09     8.701     216617    0    0    0    0    0
2026  7 23  4 22     5.89    -4.98    -2.26    -490.3     20.66      0.14     8.489     207307    0    0    0    0    0
2026  7 23  4 23     6.14    -4.39    -2.85    -490.8     21.15     -0.11     8.160     202291    0    0    0    0    0
2026  7 23  4 24     6.29    -4.22    -3.08    -491.3     18.95      3.74     8.160     195572    0    0    0    0    0
2026  7 23  4 25     6.55    -4.18    -3.09    -491.9     16.83      7.90     7.985     188352    0    0    0    0    0
2026  7 23  4 26     6.70    -4.14    -3.23    -491.8     16.47     10.13     8.053     186875    0    0    0    0    0
2026  7 23  4 27     6.76    -4.08    -3.38    -490.8     16.05     12.83     8.751     189663    0    0    0    0    0
2026  7 23  4 28     6.78    -4.22    -3.47    -490.4     15.33     16.13     9.342     194732    0    0    0    0    0
2026  7 23  4 29     6.76    -4.53    -3.49    -489.9     13.63     19.78     9.386     194210    0    0    0    0    0
2026  7 23  4 30     6.86    -4.54    -3.34    -490.0     11.93     19.50     9.375     192858    0    0    0    0    0
2026  7 23  4 31     6.88    -4.48    -3.22    -490.3     11.44     18.12     9.123     194820    0    0    0    0    0
2026  7 23  4 32     6.81    -4.46    -3.19    -490.2     10.75     16.11     8.646     201191    0    0    0    0    0
2026  7 23  4 33     6.71    -4.44    -3.06    -489.9     10.03     14.52     8.706     206856    0    0    0    0    0
2026  7 23  4 34     6.70    -4.45    -2.96    -489.8     10.24     12.49     8.946     209103    0    0    0    0    0
2026  7 23  4 35     6.73    -4.41    -2.94    -489.4     10.74     10.41     9.283     210549    0    0    0    0    0
2026  7 23  4 36     6.78    -4.32    -3.18    -488.0     10.99      8.92     9.640     214671    0    0    0    0    0
2026  7 23  4 37     6.81    -4.25    -3.13    -488.7      9.43      7.61     9.624     217071    0    0    0    0    0
2026  7 23  4 38     6.86    -4.12    -3.35    -492.1      6.86      6.32     9.508     216550    0    0    0    0    0
2026  7 23  4 39     6.97    -4.10    -3.47    -492.9      7.51      6.65     9.465     215945    0    0    0    0    0
2026  7 23  4 40     7.09    -3.98    -3.26    -493.1      9.48      7.56     9.471     215945    0    0    0    0    0
2026  7 23  4 41     7.26    -3.87    -2.99    -492.8     10.73      7.42     9.496     215854    0    0    0    0    0
2026  7 23  4 42     7.46    -3.82    -2.77    -492.2     11.02      5.93     9.629     215771    0    0    0    0    0
2026  7 23  4 43     7.56    -3.75    -2.35    -492.2     10.85      4.73     9.652     216828    0    0    0    0    0
2026  7 23  4 44     7.46    -4.40    -1.74    -493.4     10.29      5.32     9.550     218003    0    0    0    0    0
2026  7 23  4 45     7.36    -4.91    -1.79    -493.9     10.10      7.07     9.503     216532    0    0    0    0    0
2026  7 23  4 46     7.30    -4.92    -1.95    -493.1     10.11      7.63     9.483     214999    0    0    0    0    0
2026  7 23  4 47     7.28    -4.93    -2.10    -492.4     10.15      6.35     9.483     214459    0    0    0    0    0
2026  7 23  4 48     7.24    -4.96    -2.56    -493.1     10.19      3.38     9.332     214459    0    0    0    0    0
2026  7 23  4 49     7.21    -5.02    -3.10    -498.2     10.59      1.90     7.487     206237    0    0    0    0    0
2026  7 23  4 50     7.19    -5.16    -3.52    -498.5     11.51      0.81     7.439     206008    0    0    0    0    0
2026  7 23  4 51     6.82    -5.09    -4.03    -499.1     12.16     -1.82     7.493     205828    0    0    0    0    0
2026  7 23  4 52     6.90    -4.94    -3.94    -502.2     14.91     -2.05     8.356     201225    0    0    0    0    0
2026  7 23  4 53     7.08    -4.61    -4.00    -503.6     19.10     -1.31     7.798     193979    0    0    0    0    0
2026  7 23  4 54     6.98    -4.81    -3.89    -503.9     22.59      1.16     7.957     185663    0    0    0    0    0
2026  7 23  4 55     6.98    -5.16    -3.69    -503.5     23.45      3.50     7.842     187771    0    0    0    0    0
2026  7 23  4 56     6.99    -5.43    -3.43    -503.0     23.18      3.82     7.842     191107    0    0    0    0    0
2026  7 23  4 57     7.06    -5.57    -3.34    -502.9     22.46      4.49     7.866     193067    0    0    0    0    0
2026  7 23  4 58     7.13    -5.64    -3.18    -502.9     22.81      4.91     7.910     196192    0    0    0    0    0
2026  7 23  4 59     7.03    -5.42    -2.96    -502.7     24.65      2.91     7.992     196662    0    0    0    0    0
2026  7 23  5  0     6.75    -5.26    -2.94    -502.2     25.49     -3.74     8.154     199699    0    0    0    0    0
2026  7 23  5  1     6.66    -5.06    -3.19    -501.4     25.95    -11.31     8.061     204628    0    0    0    0    0
2026  7 23  5  2     6.69    -4.80    -2.59    -501.9     26.75    -10.43     7.743     203661    0    0    0    0    0
2026  7 23  5  3     6.82    -4.60    -2.70    -502.1     27.79     -8.29     7.680     201039    0    0    0    0    0
2026  7 23  5  4     6.95    -4.36    -3.04    -502.5     28.44     -7.08     7.560     200987    0    0    0    0    0
2026  7 23  5  5     7.01    -4.23    -3.16    -502.0     29.67     -8.84     7.555     200987    0    0    0    0    0
2026  7 23  5  6     6.97    -4.32    -3.47    -501.0     30.73    -11.28     7.618     200213    0    0    0    0    0
2026  7 23  5  7     6.88    -4.18    -3.77    -501.2     30.93    -11.98     7.854     196817    0    0    0    0    0
2026  7 23  5  8     6.76    -4.09    -4.04    -502.6     30.36    -11.13     7.958     195934    0    0    0    0    0
2026  7 23  5  9     6.76    -4.47    -4.01    -503.5     28.35     -8.22     8.003     198002    0    0    0    0    0
2026  7 23  5 10     6.80    -4.45    -4.03    -504.9     24.17     -4.85     7.997     201055    0    0    0    0    0
2026  7 23  5 11     6.71    -4.63    -3.93    -506.1     22.90     -3.30     7.988     197663    0    0    0    0    0
2026  7 23  5 12     6.72    -4.77    -3.57    -505.8     23.99     -2.85     7.797     195504    0    0    0    0    0
2026  7 23  5 13     6.78    -4.87    -3.38    -505.3     24.55     -2.77     7.668     196125    0    0    0    0    0
2026  7 23  5 14     6.74    -4.71    -3.36    -506.4     26.51     -4.91     7.124     196651    0    0    0    0    0
2026  7 23  5 15     6.71    -4.82    -3.60    -507.7     32.49    -11.29     6.825     194884    0    0    0    0    0
2026  7 23  5 16     6.82    -4.79    -3.30    -508.6     33.95     -9.66     6.800     194252    0    0    0    0    0
2026  7 23  5 17     7.19    -4.68    -3.18    -510.5     33.14      0.18     6.795     184329    0    0    0    0    0
2026  7 23  5 18     7.61    -4.65    -2.62    -516.6     35.72      1.04     6.744     171828    0    0    0    0    0
2026  7 23  5 19     7.61    -4.70    -1.97    -518.3     36.29      1.25     6.679     167527    0    0    0    0    0
2026  7 23  5 20     7.46    -4.91    -1.63    -517.4     33.68      1.16     6.746     168383    0    0    0    0    0
2026  7 23  5 21     7.34    -5.17    -1.77    -516.8     31.83      1.07     6.814     169679    0    0    0    0    0
2026  7 23  5 22     7.33    -5.53    -1.70    -518.4     31.82      1.66     6.558     170187    0    0    0    0    0
2026  7 23  5 23     7.50    -5.90    -1.65    -520.3     31.39      3.79     6.311     170187    0    0    0    0    0
2026  7 23  5 24     7.65    -5.98    -1.89    -523.5     29.87      3.22     6.288     170341    0    0    0    0    0
2026  7 23  5 25     7.60    -5.77    -2.28    -524.1     29.15      0.78     6.288     171939    0    0    0    0    0
2026  7 23  5 26     7.39    -5.61    -2.82    -524.3     28.89      0.73     6.248     173764    0    0    0    0    0
2026  7 23  5 27     7.31    -5.54    -2.83    -523.0     29.61     -1.05     6.755     175327    0    0    0    0    0
2026  7 23  5 28     7.27    -5.33    -3.06    -521.7     30.10     -4.16     6.455     175457    0    0    0    0    0
2026  7 23  5 29     7.35    -5.33    -2.93    -519.4     30.31     -3.04     6.596     175829    0    0    0    0    0
2026  7 23  5 30     7.48    -5.57    -2.55    -518.1     29.98      1.09     6.714     176311    0    0    0    0    0
2026  7 23  5 31     7.69    -5.75    -2.08    -516.5     28.39      6.44     6.982     177312    0    0    0    0    0
2026  7 23  5 32     7.83    -5.79    -1.56    -514.5     25.49     13.16     7.446     178462    0    0    0    0    0
2026  7 23  5 33     7.66    -5.95    -0.95    -514.5     22.02     22.60     7.718     178826    0    0    0    0    0
2026  7 23  5 34     7.46    -6.04    -0.41    -516.4     21.19     27.41     7.767     183177    0    0    0    0    0
2026  7 23  5 35     7.41    -6.01     0.23    -517.4     22.98     30.56     7.715     192918    0    0    0    0    0
2026  7 23  5 36     7.39    -6.01     0.57    -517.4     24.05     33.65     7.562     197023    0    0    0    0    0
2026  7 23  5 37     7.35    -6.08     0.57    -517.4     23.41     34.72     7.421     196563    0    0    0    0    0
2026  7 23  5 38     7.32    -6.12     0.48    -520.3     22.13     32.92     7.409     191664    0    0    0    0    0
2026  7 23  5 39     7.33    -6.09     0.26    -522.4     24.10     30.91     7.300     189945    0    0    0    0    0
2026  7 23  5 40     7.27    -6.04     0.03    -524.5     25.72     31.56     6.926     186385    0    0    0    0    0
2026  7 23  5 41     7.50    -6.02    -0.26    -525.5     25.69     36.37     6.654     186617    0    0    0    0    0
2026  7 23  5 42     7.53    -5.97    -0.50    -525.7     25.39     41.52     6.692     188810    0    0    0    0    0
2026  7 23  5 43     7.60    -5.71    -0.40    -525.2     24.95     41.96     7.062     189920    0    0    0    0    0
2026  7 23  5 44     7.68    -5.48    -0.06    -524.6     24.92     41.67     7.902     189776    0    0    0    0    0
2026  7 23  5 45     7.79    -5.40     0.62    -527.4     24.03     36.18     7.826     186266    0    0    0    0    0
2026  7 23  5 46     7.49    -5.71     1.15    -533.0     22.79     36.08     7.736     192558    0    0    0    0    0
2026  7 23  5 47     7.24    -5.89     1.98    -536.3     22.66     51.09     7.807     215907    0    0    0    0    0
2026  7 23  5 48     7.11    -5.82     2.63    -537.7     23.27     62.15     7.950     233224    0    0    0    0    0
2026  7 23  5 49     7.06    -5.61     2.26    -540.8     23.74     52.29     8.131     247016    0    0    0    0    0
2026  7 23  5 50     7.18    -5.53     2.60    -547.0     29.69     41.80     8.084     249029    0    0    0    0    0
2026  7 23  5 51     7.28    -4.82     2.64    -547.0     31.94     38.98     7.982     250188    0    0    0    0    0
2026  7 23  5 52     7.28    -4.37     2.61    -544.7     31.77     33.46     8.408     250188    0    0    0    0    0
2026  7 23  5 53     7.08    -4.32     2.85    -541.9     34.23     33.37     8.204     252449    0    0    0    0    0
2026  7 23  5 54     6.83    -4.32     2.11    -543.3     46.54     54.94     6.411     262420    0    0    0    0    0
2026  7 23  5 55     7.18    -4.36    -0.57    -547.8     52.81     60.36     6.586     269256    0    0    0    0    0
2026  7 23  5 56     7.23    -4.44    -0.63    -545.3     45.41     32.39     6.814     256926    0    0    0    0    0
2026  7 23  5 57     7.27    -4.68    -0.69    -542.1     38.06      3.68     6.888     239246    0    0    0    0    0
2026  7 23  5 58     7.29    -5.04    -1.02    -539.0     32.90    -14.64     6.740     222977    0    0    0    0    0
2026  7 23  5 59     7.31    -4.73    -1.26    -538.0     29.39    -11.23     6.954     206744    0    0    0    0    0
2026  7 23  6  0     7.34    -4.74    -1.23    -538.4     29.32     -3.73     7.589     198443    0    0    0    0    0
2026  7 23  6  1     7.32    -4.92     1.33    -540.8     29.07      0.58     7.546     198529    0    0    0    0    0
2026  7 23  6  2     7.33    -4.77     1.50    -540.3     35.84      5.54     7.355     199162    0    0    0    0    0
2026  7 23  6  3     7.35    -4.58     1.93    -538.2     40.64     11.77     7.278     200569    0    0    0    0    0
2026  7 23  6  4     7.45    -4.50     2.76    -536.4     41.18     21.59     7.233     200569    0    0    0    0    0
2026  7 23  6  5     7.64    -4.40     2.67    -535.5     40.53     21.87     7.228     197295    0    0    0    0    0
2026  7 23  6  6     7.77    -4.36     2.22    -535.4     39.00     20.00     7.270     188528    0    0    0    0    0
2026  7 23  6  7     7.83    -4.27     2.03    -535.6     38.28     19.25     7.280     186712    0    0    0    0    0
2026  7 23  6  8     7.84    -4.24     1.89    -534.7     37.64     18.89     6.937     176834    0    0    0    0    0
2026  7 23  6  9     7.91    -4.29     1.26    -534.3     38.10     18.65     6.511     173929    0    0    0    0    0
2026  7 23  6 10     7.89    -4.33     0.75    -535.2     40.29     16.79     6.298     179214    0    0    0    0    0
2026  7 23  6 11     7.79    -4.22     0.93    -536.9     42.91     12.58     6.344     180506    0    0    0    0    0
2026  7 23  6 12     7.90    -4.23     0.71    -537.6     44.40      9.55     6.248     165755    0    0    0    0    0
2026  7 23  6 13     7.97    -4.28    -0.14    -538.2     44.33     -0.81     6.374     154826    0    0    0    0    0
2026  7 23  6 14     7.99    -4.34    -0.27    -540.0     41.86    -11.71     7.672     155704    0    0    0    0    0
2026  7 23  6 15     7.86    -4.31     1.37    -543.0     38.99    -15.85     7.640     160970    0    0    0    0    0
2026  7 23  6 16     7.97    -4.16     1.12    -541.5     39.37    -18.16     7.536     160855    0    0    0    0    0
2026  7 23  6 17     8.06    -3.98     0.77    -540.9     39.44    -16.45     7.229     160522    0    0    0    0    0
2026  7 23  6 18     8.00    -4.02     0.51    -540.4     37.28     -5.54     6.608     163663    0    0    0    0    0
2026  7 23  6 19     7.87    -4.31     0.74    -541.9     32.51     17.98     6.681     183225    0    0    0    0    0
2026  7 23  6 20     7.71    -4.71     1.10    -544.4     29.08     28.48     6.867     195410    0    0    0    0    0
2026  7 23  6 21     7.75    -4.77     1.24    -544.1     28.03     24.77     6.937     190442    0    0    0    0    0
2026  7 23  6 22     7.89    -4.66     1.11    -543.2     28.15     18.74     7.053     179014    0    0    0    0    0
2026  7 23  6 23     8.01    -4.53     0.89    -542.5     29.11     14.58     7.127     170351    0    0    0    0    0
2026  7 23  6 24     7.98    -4.44     1.28    -542.7     31.50     14.49     7.302     169353    0    0    0    0    0
2026  7 23  6 25     7.81    -4.26     1.36    -542.7     35.11     14.69     7.520     167483    0    0    0    0    0
2026  7 23  6 26     7.54    -4.10     2.03    -542.4     39.64     14.22     7.567     163512    0    0    0    0    0
2026  7 23  6 27     7.53    -3.94     2.33    -544.6     41.59     11.14     7.739     154870    0    0    0    0    0
2026  7 23  6 28     7.42    -3.85     2.72    -546.5     37.71      8.65     7.818     152208    0    0    0    0    0
2026  7 23  6 29     7.35    -3.97     2.89    -544.5     35.92      8.46     7.621     150948    0    0    0    0    0
2026  7 23  6 30     7.42    -4.06     2.83    -541.8     35.88     10.17     7.281     152482    0    0    0    0    0
2026  7 23  6 31     7.69    -4.05     2.43    -540.8     35.90     15.00     6.920     156658    0    0    0    0    0
2026  7 23  6 32     7.82    -4.14     2.42    -541.5     35.55     18.92     6.599     157701    0    0    0    0    0
2026  7 23  6 33     7.69    -4.36     2.61    -541.8     35.94     20.39     6.415     160606    0    0    0    0    0
2026  7 23  6 34     7.63    -4.26     2.46    -542.2     38.16     18.56     6.418     160201    0    0    0    0    0
2026  7 23  6 35     7.74    -4.09     1.45    -542.1     39.94      9.92     6.495     157771    0    0    0    0    0
2026  7 23  6 36     7.99    -3.81    -0.29    -542.3     38.39     -2.60     6.660     152102    0    0    0    0    0
2026  7 23  6 37     8.13    -3.67    -1.26    -542.9     36.86     -8.05     6.615     152102    0    0    0    0    0
2026  7 23  6 38     7.98    -3.67    -0.68    -544.0     36.85     -9.21     6.528     151892    0    0    0    0    0
2026  7 23  6 39     7.86    -3.54     0.17    -544.4     36.57     -9.99     6.576     150543    0    0    0    0    0
2026  7 23  6 40     7.90    -3.42     0.43    -545.2     35.34     -9.89     6.660     147150    0    0    0    0    0
2026  7 23  6 41     7.84    -3.51     0.51    -545.3     34.57     -9.59     6.704     145130    0    0    0    0    0
2026  7 23  6 42     7.89    -3.59    -0.06    -545.9     35.51    -11.74     6.725     145414    0    0    0    0    0
2026  7 23  6 43     7.91    -3.49    -0.27    -548.0     38.25    -19.10     6.728     157039    0    0    0    0    0
2026  7 23  6 44     7.68    -3.59     0.28    -553.6     37.50    -21.96     6.706     177381    0    0    0    0    0
2026  7 23  6 45     7.67    -3.85    -0.04    -553.4     33.09    -18.98     6.461     177181    0    0    0    0    0
2026  7 23  6 46     7.67    -3.90    -0.43    -550.5     29.58    -14.47     6.404     174786    0    0    0    0    0
2026  7 23  6 47     7.75    -3.83     0.37    -549.2     28.78     -8.93     6.450     167876    0    0    0    0    0
2026  7 23  6 48     7.59    -4.13     0.72    -548.4     29.81     -2.09     6.593     165932    0    0    0    0    0
2026  7 23  6 49     7.50    -4.12     0.78    -547.9     33.78     -5.16     6.702     165806    0    0    0    0    0
2026  7 23  6 50     7.52    -4.07     1.05    -547.1     39.45    -15.54     6.672     164512    0    0    0    0    0
2026  7 23  6 51     7.71    -3.69     0.93    -546.9     41.74    -19.35     6.690     161681    0    0    0    0    0
2026  7 23  6 52     7.95    -3.49     0.60    -546.8     41.01    -16.71     6.709     158953    0    0    0    0    0
2026  7 23  6 53     8.08    -3.54     0.27    -546.2     40.56    -13.89     6.712     156021    0    0    0    0    0
2026  7 23  6 54     8.16    -3.56    -0.04    -544.8     41.10    -12.91     6.807     154018    0    0    0    0    0
2026  7 23  6 55     8.26    -3.46     0.09    -543.7     39.66    -13.20     6.937     153490    0    0    0    0    0
2026  7 23  6 56     8.38    -3.34     0.23    -543.5     36.37    -13.45     6.954     153490    0    0    0    0    0
2026  7 23  6 57     8.43    -3.26    -0.62    -543.6     36.74    -13.46     6.763     154145    0    0    0    0    0
2026  7 23  6 58     8.44    -3.10    -1.57    -548.8     41.14    -10.55     6.519     164200    0    0    0    0    0
2026  7 23  6 59     8.24    -2.71    -2.29    -553.7     40.15     -9.25     6.274     179410    0    0    0    0    0
2026  7 23  7  0     8.24    -2.70    -2.62    -556.5     37.36    -14.43     6.191     178718    0    0    0    0    0
2026  7 23  7  1     8.26    -2.92    -2.45    -557.9     37.46    -10.64     6.191     176838    0    0    0    0    0
2026  7 23  7  2     8.26    -3.28    -2.38    -557.9     38.08    -11.13     6.197     177787    0    0    0    0    0
2026  7 23  7  3     8.24    -3.22    -2.54    -559.0     39.45    -12.91     6.266     185023    0    0    0    0    0
2026  7 23  7  4     8.19    -3.09    -2.80    -560.9     39.25    -17.63     6.268     192725    0    0    0    0    0
2026  7 23  7  5     7.98    -3.37    -3.11    -562.9     36.49    -27.45     6.355     197063    0    0    0    0    0
2026  7 23  7  6     7.74    -3.59    -3.31    -564.0     35.50    -32.45     6.340     212067    0    0    0    0    0
2026  7 23  7  7     7.52    -3.42    -3.68    -565.6     38.08    -37.50     6.407     229954    0    0    0    0    0
2026  7 23  7  8     7.42    -3.12    -3.87    -570.0     46.83    -39.87     6.447     241147    0    0    0    0    0
2026  7 23  7  9     7.44    -3.32    -3.82    -569.5     51.37    -39.05     6.593     246034    0    0    0    0    0
2026  7 23  7 10     7.49    -3.63    -3.46    -565.6     51.52    -38.12     6.593     246034    0    0    0    0    0
2026  7 23  7 11     7.54    -3.89    -3.25    -564.3     51.64    -42.64     6.616     261587    0    0    0    0    0
2026  7 23  7 12     7.85    -3.88    -3.09    -570.3     51.89    -52.71     6.871     264790    0    0    0    0    0
2026  7 23  7 13     7.49    -3.84    -2.82    -569.2     51.66    -50.66     7.129     257169    0    0    0    0    0
2026  7 23  7 14     7.35    -3.81    -2.46    -566.1     47.42    -46.89     7.129     247979    0    0    0    0    0
2026  7 23  7 15     7.29    -3.88    -2.42    -564.9     35.72    -38.02     7.129     244790    0    0    0    0    0
2026  7 23  7 16     7.36    -4.19    -2.45    -563.3     27.74    -27.21     7.195     242018    0    0    0    0    0
2026  7 23  7 17     7.42    -4.38    -2.66    -566.8     25.59    -23.70     7.221     226881    0    0    0    0    0
2026  7 23  7 18     7.49    -4.59    -2.36    -567.5     21.72    -21.60     7.037     225840    0    0    0    0    0
2026  7 23  7 19     7.31    -5.02    -2.30    -569.8     13.89    -18.72     6.889     236764    0    0    0    0    0
2026  7 23  7 20     6.66    -5.00    -3.07    -579.5      9.26    -35.30     6.886     274801    0    0    0    0    0
2026  7 23  7 21     6.44    -4.72    -4.26    -582.8     11.30    -57.65     6.885     279849    0    0    0    0    0
2026  7 23  7 22     6.19    -4.48    -4.69    -578.9     14.62    -63.64     6.711     282519    0    0    0    0    0
2026  7 23  7 23     6.54    -4.41    -4.66    -578.4     16.37    -67.02     6.634     285523    0    0    0    0    0
2026  7 23  7 24     6.73    -3.95    -4.07    -577.5     19.20    -67.71     6.660     291482    0    0    0    0    0
2026  7 23  7 25     6.90    -3.59    -3.59    -576.3     24.81    -67.73     6.676     299995    0    0    0    0    0
2026  7 23  7 26     6.92    -3.59    -3.58    -576.5     29.26    -69.89     6.669     304638    0    0    0    0    0
2026  7 23  7 27     6.41    -3.71    -3.68    -577.6     32.68    -75.08     6.557     296148    0    0    0    0    0
2026  7 23  7 28     6.10    -3.89    -2.83    -578.2     39.09    -78.14     6.356     287994    0    0    0    0    0
2026  7 23  7 29     6.22    -3.99    -2.17    -574.2     40.55    -77.64     6.284     281596    0    0    0    0    0
2026  7 23  7 30     6.50    -4.05    -1.90    -567.8     38.65    -76.05     6.285     274100    0    0    0    0    0
2026  7 23  7 31     7.14    -3.83    -2.73    -562.9     31.66    -68.58     6.283     271628    0    0    0    0    0
2026  7 23  7 32     7.46    -3.65    -3.11    -559.2     26.89    -62.14     6.284     270183    0    0    0    0    0
2026  7 23  7 33     7.57    -3.45    -2.96    -557.0     25.66    -57.17     6.309     267044    0    1    1    0    1
2026  7 23  7 34     7.78    -3.17    -2.58    -555.8     28.97    -52.39     6.443     256970    0    1    2    0    1
2026  7 23  7 35     7.86    -2.96    -2.59    -553.8     34.78    -44.00     6.681     242333    0    1    2    0    1
2026  7 23  7 36     7.84    -2.66    -2.70    -551.3     40.28    -36.04     6.394     226582    0    1    2    0    1
2026  7 23  7 37     7.89    -2.74    -2.71    -550.7     46.73    -26.74     6.442     209184    0    1    2    0    1
2026  7 23  7 38     8.03    -2.79    -2.45    -548.4     52.31    -18.69     6.452     191410    0    1    2    0    1
2026  7 23  7 39     8.25    -2.76    -2.25    -546.6     56.25    -13.25     6.466     175803    0    1    1    0    1
2026  7 23  7 40     8.42    -2.21    -2.49    -545.9     58.11    -12.87     6.476     169319    0    0    0    0    0
2026  7 23  7 41     8.53    -1.29    -2.59    -545.6     60.74    -14.15     6.476     169164    0    0    0    0    0
2026  7 23  7 42     8.56    -0.91    -2.42    -544.2     63.03    -14.14     6.560     167862    0    0    0    0    0
2026  7 23  7 43     8.49    -1.04    -2.26    -542.6     62.65    -12.83     6.666     166123    0    0    0    0    0
2026  7 23  7 44     8.41    -1.36    -2.02    -542.3     58.50     -8.61     6.675     165014    0    0    0    0    0
2026  7 23  7 45     8.39    -1.84    -1.70    -542.0     51.35     -2.84     6.696     160002    0    0    0    0    0
2026  7 23  7 46     8.29    -2.25    -1.22    -541.8     47.15      2.18     6.738     152672    0    0    0    0    0
2026  7 23  7 47     8.06    -2.65    -1.01    -541.5     47.24      6.37     6.885     152689    0    0    0    0    0
2026  7 23  7 48     7.89    -2.72    -0.72    -541.7     47.68      8.63     7.102     153123    0    0    0    0    0
2026  7 23  7 49     7.86    -2.94    -0.29    -544.9     48.19      5.71     8.090     155184    0    0    0    0    0
2026  7 23  7 50     7.82    -3.41     0.69    -554.1     47.82     -0.36     8.784     179744    0    1    2    0    1
2026  7 23  7 51     7.01    -3.08     0.77    -556.1     46.14     -6.26     8.440     195739    0    1    2    0    1
2026  7 23  7 52     7.02    -3.35     1.11    -557.7     44.48    -12.14     7.955     206269    0    1    2    0    1
2026  7 23  7 53     7.06    -4.36     0.81    -560.0     42.74    -18.23     7.955     220802    0    1    2    0    1
2026  7 23  7 54     6.87    -5.10     0.57    -560.5     41.21    -23.65     7.893     232823    0    1    2    0    1
2026  7 23  7 55     6.95    -5.00     0.62    -559.7     39.78    -28.67     7.682     243578    0    1    2    0    1
2026  7 23  7 56     7.33    -4.21     0.92    -559.6     38.28    -33.96     7.399     253890    0    1    2    0    1
2026  7 23  7 57     7.52    -3.71     1.65    -560.8     36.67    -39.62     7.274     265271    0    1    2    0    1
2026  7 23  7 58     7.51    -2.31     2.29    -586.8     32.77    -53.37     7.593     303093    0    1    2    0    1
2026  7 23  7 59     7.20    -3.29     0.95    -590.5     30.94    -59.82     6.828     310332    0    1    2    0    1
2026  7 23  8  0     6.72    -4.56    -1.86    -594.4     29.12    -66.25     6.920     310332    0    1    2    0    1
2026  7 23  8  1     5.91    -4.77    -3.16    -595.6     26.65    -69.44     6.984     310332    0    1    1    0    1
2026  7 23  8  2     5.65    -4.93    -3.32    -594.9     23.35    -67.72     6.993     305492    0    0    0    0    0
2026  7 23  8  3     5.88    -5.11    -2.96    -592.3     21.03    -64.95     6.996     302842    0    0    0    0    0
2026  7 23  8  4     6.09    -5.33    -2.72    -589.8     19.68    -60.49     6.980     305899    0    0    0    0    0
2026  7 23  8  5     5.87    -5.48    -3.03    -590.1     19.17    -51.53     6.947     312691    0    0    0    0    0
2026  7 23  8  6     5.50    -5.27    -3.43    -591.0     21.62    -48.30     7.005     314385    0    0    0    0    0
2026  7 23  8  7     5.30    -4.99    -3.01    -590.7     28.33    -56.54     7.625     313636    0    0    0    0    0
2026  7 23  8  8     5.16    -4.63    -1.85    -588.4     34.36    -55.76     8.446     312497    0    0    0    0    0
2026  7 23  8  9     5.34    -4.08    -0.70    -583.3     36.56    -36.99     8.446     312497    0    0    0    0    0
2026  7 23  8 10     5.68    -3.83     2.38    -583.0     38.88     21.37     8.420     305995    0    0    0    0    0
2026  7 23  8 11     5.55    -3.75     3.36    -582.2     38.42     54.74     8.246     299933    0    0    0    0    0
2026  7 23  8 12     5.54    -3.91     3.04    -581.0     37.57     56.70     8.079     298879    0    0    0    0    0
2026  7 23  8 13     5.66    -4.36     2.77    -580.4     36.86     53.58     8.036     297860    0    0    0    0    0
2026  7 23  8 14     5.97    -4.30     2.57    -577.4     36.47     51.34     7.879     284140    0    0    0    0    0
2026  7 23  8 15     6.21    -4.19     1.60    -574.2     36.38     48.80     7.777     275259    0    0    0    0    0
2026  7 23  8 16     6.27    -4.24     0.11    -572.2     35.97     45.93     7.831     275825    0    0    0    0    0
2026  7 23  8 17     6.21    -4.44    -0.42    -572.2     33.49     44.22     8.034     279162    0    0    0    0    0
2026  7 23  8 18     6.15    -4.74    -0.58    -572.1     29.39     42.19     8.202     284343    0    0    0    0    0
2026  7 23  8 19     6.20    -4.98    -0.51    -571.5     24.88     35.42     8.104     285353    0    0    0    0    0
2026  7 23  8 20     6.33    -5.00     1.05    -571.1     23.40     24.95     7.741     280015    0    0    0    0    0
2026  7 23  8 21     6.56    -4.67     2.65    -567.5     27.21     19.22     7.633     259999    0    0    0    0    0
2026  7 23  8 22     6.73    -4.48     2.60    -565.1     33.53     18.97     7.525     245368    0    0    0    0    0
2026  7 23  8 23     6.93    -4.45     2.02    -565.2     32.62     18.46     7.609     242460    0    0    0    0    0
2026  7 23  8 24     6.99    -4.49     1.72    -568.1     27.92     17.00     7.508     260068    0    0    0    0    0
2026  7 23  8 25     6.65    -4.63     1.52    -569.8     27.70     13.01     7.733     255643    0    0    0    0    0
2026  7 23  8 26     6.48    -4.77     1.90    -570.2     27.44      8.64     7.668     227427    0    0    0    0    0
2026  7 23  8 27     6.30    -4.90     1.93    -570.3     27.36      7.93     7.634     230918    0    0    0    0    0
2026  7 23  8 28     6.23    -5.27     1.98    -570.8     26.90      8.09     7.452     249533    0    0    0    0    0
2026  7 23  8 29     6.45    -5.24     2.16    -570.6     27.22     10.93     7.545     245804    0    0    0    0    0
2026  7 23  8 30     7.02    -4.65     2.52    -570.5     29.55     12.28     7.959     229142    0    0    0    0    0
2026  7 23  8 31     7.25    -4.51     2.29    -569.8     31.89      8.70     7.926     228170    0    0    0    0    0
2026  7 23  8 32     7.33    -4.37     2.32    -569.1     32.79      9.92     7.677     223040    0    0    0    0    0
2026  7 23  8 33     7.37    -4.31     2.24    -568.4     31.31     10.94     7.399     223865    0    0    0    0    0
2026  7 23  8 34     7.29    -4.66     2.26    -565.4     28.61     12.28     7.111     240367    0    0    0    0    0
2026  7 23  8 35     6.97    -5.27     1.10    -565.8     25.81      8.91     7.058     251914    0    0    0    0    0
2026  7 23  8 36     6.55    -5.64     0.54    -566.6     23.27      1.71     7.079     253132    0    0    0    0    0
2026  7 23  8 37     6.51    -5.73     0.20    -566.8     21.81      0.30     7.080     251795    0    0    0    0    0
2026  7 23  8 38     6.60    -5.76     0.15    -568.4     21.39     -1.38     6.969     251665    0    0    0    0    0
2026  7 23  8 39     6.46    -5.91     0.17    -570.1     21.31     -5.16     6.919     251735    0    0    0    0    0
2026  7 23  8 40     6.00    -6.20     0.32    -571.4     20.98     -7.43     6.962     252325    0    0    0    0    0
2026  7 23  8 41     5.74    -6.20     0.66    -573.3     20.89     -8.49     6.933     258804    0    0    0    0    0
2026  7 23  8 42     5.94    -6.06     0.74    -574.8     20.28    -10.42     6.933     277776    0    0    0    0    0
2026  7 23  8 43     5.96    -5.97     0.41    -574.5     18.91    -14.43     7.002     295895    0    0    0    0    0
2026  7 23  8 44     6.09    -5.82     0.38    -571.5     19.66    -18.82     7.121     304512    0    0    0    0    0
2026  7 23  8 45     6.23    -5.74     0.36    -568.3     24.79    -21.63     7.205     303778    0    0    0    0    0
2026  7 23  8 46     6.58    -5.38     0.35    -563.9     31.79    -22.04     7.228     289088    0    0    0    0    0
2026  7 23  8 47     6.81    -5.29     0.53    -562.7     35.53    -17.69     7.236     263456    0    0    0    0    0
2026  7 23  8 48     6.91    -5.18     0.55    -562.8     37.38     -7.57     7.008     249629    0    0    0    0    0
2026  7 23  8 49     6.82    -5.07     0.71    -561.5     38.27     -3.61     6.902     247190    0    0    0    0    0
2026  7 23  8 50     6.69    -4.99     0.91    -559.6     38.94     -4.89     6.912     243255    0    0    0    0    0
2026  7 23  8 51     6.74    -4.91     0.67    -557.9     39.03     -7.63     6.924     239333    0    0    0    0    0
2026  7 23  8 52     6.96    -4.78     0.08    -556.1     37.92     -9.17     6.917     239673    0    0    0    0    0
2026  7 23  8 53     7.15    -4.53     0.07    -553.6     36.61     -7.88     6.892     241028    0    0    0    0    0
2026  7 23  8 54     7.30    -4.39     0.23    -553.8     36.97     -3.81     6.892     245100    0    0    0    0    0
2026  7 23  8 55     7.60    -4.29     0.16    -554.2     37.78     -1.69     6.899     242966    0    0    0    0    0
2026  7 23  8 56     7.79    -4.05    -0.18    -554.7     38.15     -7.84     6.933     227717    0    0    0    0    0
2026  7 23  8 57     7.81    -4.22    -0.46    -553.3     37.73    -15.28     6.834     228182    0    0    0    0    0
2026  7 23  8 58     7.69    -4.55    -0.22    -552.4     37.04    -14.48     6.836     235166    0    0    0    0    0
2026  7 23  8 59     7.70    -4.61     0.34    -550.4     38.48    -12.00     6.834     235166    0    0    0    0    0
2026  7 23  9  0     7.82    -4.51     0.66    -548.9     42.06     -9.77     6.762     228249    0    0    0    0    0
2026  7 23  9  1     7.91    -4.37     0.80    -548.2     45.16    -10.48     6.710     221945    0    0    0    0    0
2026  7 23  9  2     7.92    -4.25     0.80    -549.6     45.68    -16.12     6.606     220253    0    0    0    0    0
2026  7 23  9  3     7.80    -3.98     0.90    -550.8     44.75    -22.33     6.584     225133    0    0    0    0    0
2026  7 23  9  4     7.71    -4.27     0.73    -551.1     44.22    -20.66     6.584     225719    0    0    0    0    0
2026  7 23  9  5     7.69    -4.66     0.51    -549.2     43.97    -15.11     6.411     224724    0    0    0    0    0
2026  7 23  9  6     7.54    -4.84     0.75    -555.6     43.25     -7.17     6.805     213691    0    0    0    0    0
2026  7 23  9  7     7.49    -5.18     1.25    -558.2     42.01      2.07     7.253     203341    0    0    0    0    0
2026  7 23  9  8     7.27    -5.76     1.57    -563.3     38.61      6.69     7.261     204990    0    0    0    0    0
2026  7 23  9  9     7.15    -6.17     1.43    -565.0     32.97      2.73     7.103     213529    0    0    0    0    0
2026  7 23  9 10     7.07    -6.42     1.37    -566.3     31.97      0.90     7.047     221533    0    0    0    0    0
2026  7 23  9 11     6.84    -6.90     0.43    -572.0     27.31     -2.13     6.749     245153    0    0    0    0    0
2026  7 23  9 12     6.26    -7.23    -0.67    -577.6     14.92    -16.54     6.565     264293    0    0    0    0    0
2026  7 23  9 13     6.29    -7.23    -0.85    -578.0     11.82    -23.57     6.419     271867    0    0    0    0    0
2026  7 23  9 14     6.39    -7.06    -0.75    -575.4     16.12    -27.39     6.435     274669    0    0    0    0    0
2026  7 23  9 15     6.51    -6.74    -0.63    -571.1     23.25    -30.79     6.464     275424    0    0    0    0    0
2026  7 23  9 16     6.66    -6.39    -0.33    -566.8     31.97    -32.59     6.305     275424    0    0    0    0    0
2026  7 23  9 17     6.92    -6.32    -0.31    -564.3     33.84    -29.74     6.472     260452    0    0    0    0    0
2026  7 23  9 18     7.05    -6.34    -0.39    -562.8     34.87    -24.82     6.224     255093    0    0    0    0    0
2026  7 23  9 19     7.05    -6.35    -0.46    -562.8     34.08    -20.28     6.384     253467    0    0    0    0    0
2026  7 23  9 20     6.99    -6.31     1.47    -565.4     31.42    -19.12     6.566     252938    0    0    0    0    0
2026  7 23  9 21     6.60    -6.10     1.91    -567.3     35.14    -21.07     6.574     233047    0    0    0    0    0
2026  7 23  9 22     6.39    -5.91     2.14    -568.3     41.73     -1.87     6.732     229071    0    0    0    0    0
2026  7 23  9 23     6.59    -6.06     2.47    -569.1     41.58     13.64     6.660     229609    1    0    0    0    0
2026  7 23  9 24     6.56    -6.03     2.94    -573.7     41.39     28.94     6.820     239867    1    0    0    0    0
2026  7 23  9 25     6.37    -5.84     3.64    -577.9     41.91     36.89     6.961     246837    1    0    0    0    0
2026  7 23  9 26     5.99    -5.89     3.98    -578.6     43.06     38.35     7.063     246837    1    0    0    0    0
2026  7 23  9 27     5.81    -6.11     4.14    -579.5     44.34     39.32     7.063     243527    1    0    0    0    0
2026  7 23  9 28     5.89    -6.16     4.50    -581.5     46.65     36.66     7.028     242316    1    0    0    0    0
2026  7 23  9 29     5.99    -5.82     4.86    -579.2     49.43     32.27     7.022     236734    1    0    0    0    0
2026  7 23  9 30     6.52    -5.61     4.82    -577.3     52.64     29.80     7.022     230236    0    0    0    0    0
2026  7 23  9 31     7.00    -5.53     4.68    -576.8     54.17     28.60     6.990     227299    0    0    0    0    0
2026  7 23  9 32     6.92    -5.64     4.98    -577.4     54.25     30.27     6.900     230334    0    0    0    0    0
2026  7 23  9 33     6.76    -5.72     4.90    -575.8     54.59     35.72     6.856     249529    0    0    0    0    0
2026  7 23  9 34     6.85    -5.99     3.82    -573.8     55.05     41.23     6.814     266670    0    0    0    0    0
2026  7 23  9 35     7.09    -6.36     2.44    -573.1     53.98     41.55     6.810     263595    0    0    0    0    0
2026  7 23  9 36     7.19    -6.11     2.21    -571.4     49.80     33.61     6.941     254878    0    0    0    0    0
2026  7 23  9 37     7.31    -5.68     2.18    -568.6     44.76     20.41     6.941     245732    0    0    0    0    0
2026  7 23  9 38     7.61    -5.68     1.92    -567.5     42.43     11.22     6.941     245732    0    0    0    0    0
2026  7 23  9 39     7.33    -6.08     0.92    -570.1     38.56      6.57     7.202     271836    0    0    0    0    0
2026  7 23  9 40     6.99    -6.11     0.59    -573.1     37.59     -8.83     7.278     268593    0    0    0    0    0
2026  7 23  9 41     6.92    -5.91     0.91    -571.9     37.27    -13.52     7.208     259979    0    0    0    0    0
2026  7 23  9 42     6.91    -5.56     2.26    -568.9     38.63      0.50     6.968     253296    0    0    0    0    0
2026  7 23  9 43     6.84    -5.56     4.53    -567.0     41.09     22.25     6.503     252343    0    0    0    0    0
2026  7 23  9 44     6.62    -5.71     5.01    -567.6     41.90     22.15     6.997     252295    0    0    0    0    0
2026  7 23  9 45     6.62    -5.78     4.74    -567.2     45.20     20.37     6.893     253100    0    0    0    0    0
2026  7 23  9 46     7.15    -5.29     3.65    -567.6     50.79     21.20     6.957     253127    0    0    0    0    0
2026  7 23  9 47     7.51    -5.21     3.40    -567.5     51.11     22.57     6.959     255462    0    0    0    0    0
2026  7 23  9 48     7.20    -5.30     3.85    -568.1     49.15     21.41     7.050     261223    0    0    0    0    0
2026  7 23  9 49     7.19    -5.42     3.61    -566.5     46.93     13.12     7.322     261223    0    0    0    0    0
2026  7 23  9 50     7.56    -5.76     2.47    -568.0     46.45      0.76     7.355     247171    0    0    0    0    0
2026  7 23  9 51     7.62    -5.75     2.43    -569.5     49.31      0.34     7.346     250008    0    0    0    0    0
2026  7 23  9 52     7.64    -5.47     1.65    -576.6     54.73     -7.27     7.424     275171    0    0    0    0    0
2026  7 23  9 53     7.67    -5.02     1.09    -581.3     56.33    -13.76     7.646     288294    0    0    0    0    0
2026  7 23  9 54     7.57    -4.90     0.24    -582.9     59.91    -24.50     7.751     293247    0    0    0    0    0
2026  7 23  9 55     7.15    -4.88    -1.65    -586.0     65.62    -39.39     7.757     307526    0    0    0    0    0
2026  7 23  9 56     7.07    -5.07    -2.47    -587.2     67.45    -41.34     7.773     322876    0    0    0    0    0
2026  7 23  9 57     6.78    -4.74    -3.06    -587.6     69.33    -41.78     7.838     330630    0    0    0    0    0
2026  7 23  9 58     6.93    -4.67    -3.84    -588.6     70.64    -42.34     7.834     336795    0    0    0    0    0
2026  7 23  9 59     7.06    -4.38    -2.78    -587.6     72.20    -46.09     8.026     346397    0    0    0    0    0
2026  7 23 10  0     7.13    -3.93     2.94    -585.2     72.85    -50.27     8.685     358441    0    0    0    0    0
2026  7 23 10  1     7.13    -3.64     2.90    -585.5     73.67    -53.65     8.777     361877    0    0    0    0    0
2026  7 23 10  2     7.13    -3.94     2.44    -585.0     74.64    -50.74     8.672     366682    0    0    0    0    0
2026  7 23 10  3     7.37    -3.82     1.46    -582.4     74.63    -25.93     8.586     366682    0    0    0    0    0
2026  7 23 10  4     7.66    -4.10     2.97    -581.1     73.19      8.27     8.496     348310    0    0    0    0    0
2026  7 23 10  5     7.85    -3.92     2.60    -579.2     71.07     12.82     8.320     339195    0    0    0    0    0
2026  7 23 10  6     8.13    -4.13     1.75    -579.0     70.32      6.69     8.255     332078    0    0    0    0    0
2026  7 23 10  7     8.52    -4.14     1.20    -578.2     71.13     -0.24     8.335     317005    0    0    0    0    0
2026  7 23 10  8     8.79    -4.08     0.69    -577.5     71.62     -9.28     8.378     302961    0    0    0    0    0
2026  7 23 10  9     8.85    -3.86    -0.31    -577.8     70.74    -17.87     8.368     298337    0    0    0    0    0
2026  7 23 10 10     8.80    -3.29    -1.01    -578.1     70.54    -21.98     8.362     296606    0    0    0    0    0
2026  7 23 10 11     8.83    -2.95    -1.27    -578.6     70.07    -23.20     9.043     295650    0    0    0    0    0
2026  7 23 10 12     8.61    -2.75    -1.46    -578.8     70.47    -23.45     9.374     298751    0    0    0    0    0
2026  7 23 10 13     8.49    -3.54    -1.73    -577.5     71.80    -24.46     8.909     305025    0    0    0    0    0
2026  7 23 10 14     8.49    -4.14    -1.58    -576.6     77.61    -30.39     8.521     319574    0    0    0    0    0
2026  7 23 10 15     8.51    -4.05     0.23    -576.0     87.91    -40.03     8.413     336454    0    0    0    0    0
2026  7 23 10 16     8.47    -3.75     1.91    -575.4     94.62    -43.94     8.342     343577    0    0    0    0    0
2026  7 23 10 17     8.43    -3.40     1.93    -575.6     88.80    -36.94     8.306     335091    0    0    0    0    0
2026  7 23 10 18     8.44    -3.17     1.51    -576.1     70.13    -23.27     8.189     317977    0    0    0    0    0
2026  7 23 10 19     8.33    -3.59     1.32    -577.1     58.93    -14.53     8.122     310489    0    0    0    0    0
2026  7 23 10 20     7.95    -4.58     1.71    -578.8     57.26    -13.16     8.153     320204    0    0    0    0    0
2026  7 23 10 21     7.82    -4.92     1.86    -579.0     56.23    -15.05     8.262     324668    0    0    0    0    0
2026  7 23 10 22     7.85    -4.98     2.36    -578.2     56.75    -18.64     8.500     318975    0    0    0    0    0
2026  7 23 10 23     7.57    -5.05     2.64    -579.3     60.23    -21.33     8.601     308934    0    0    0    0    0
2026  7 23 10 24     7.40    -5.10     2.85    -579.1     65.02    -25.12     8.589     306148    0    0    0    0    0
2026  7 23 10 25     7.36    -5.11     2.76    -577.8     67.49    -27.86     8.584     306677    0    0    0    0    0
2026  7 23 10 26     7.35    -5.11     2.72    -579.6     61.61    -13.76     8.584     325225    0    0    0    0    0
2026  7 23 10 27     7.47    -6.07     3.29    -587.3     46.34     11.62     8.659     363332    0    0    0    0    0
2026  7 23 10 28     7.44    -6.02     2.96    -586.2     47.05      8.91     8.578     361158    0    0    0    0    0
2026  7 23 10 29     7.18    -5.93     2.72    -585.7     50.21      5.55     8.685     346755    0    0    0    0    0
2026  7 23 10 30     6.96    -5.83     2.52    -585.0     53.58      5.47     8.702     346405    0    0    0    0    0
2026  7 23 10 31     7.04    -5.65     2.53    -586.1     54.35      5.10     8.750     340235    0    0    0    0    0
2026  7 23 10 32     7.07    -5.38     2.54    -584.3     56.25      8.38     8.745     338805    0    0    0    0    0
2026  7 23 10 33     7.36    -5.08     3.37    -583.9     62.25     18.67     8.436     338805    0    0    0    0    0
2026  7 23 10 34     7.45    -5.09     3.04    -583.4     68.61     24.47     8.436     350956    0    0    0    0    0
2026  7 23 10 35     7.34    -5.09     3.03    -583.0     72.45     25.73     8.469     355095    0    0    0    0    0
2026  7 23 10 36     7.32    -5.13     4.35    -583.9     76.84     20.43     8.472     358988    0    0    0    0    0
2026  7 23 10 37     7.36    -4.82     4.05    -581.9     72.79     13.78     8.739     358988    0    0    0    0    0
2026  7 23 10 38     7.41    -4.63     3.89    -579.5     67.56     13.00     8.774     325984    0    0    0    0    0
2026  7 23 10 39     7.47    -4.53     3.92    -577.2     67.40     14.27     8.808     313925    0    0    0    0    0
2026  7 23 10 40     7.35    -4.40     4.52    -578.0     72.66     20.96     9.033     319576    0    0    0    0    0
2026  7 23 10 41     7.26    -3.30     5.71    -582.1     78.37     34.16     9.359     335414    0    0    0    0    0
2026  7 23 10 42     7.32    -3.15     5.90    -583.0     78.84     38.14     9.389     337208    0    0    0    0    0
2026  7 23 10 43     7.30    -3.47     6.06    -585.5     81.35     36.73     9.202     336511    0    0    0    0    0
2026  7 23 10 44     6.96    -3.37     5.78    -582.7     84.78     30.09     9.202     333156    0    0    0    0    0
2026  7 23 10 45     7.75    -3.38     4.81    -580.1     90.32     19.36     9.202     317244    0    0    0    0    0
2026  7 23 10 46     7.87    -3.77     4.28    -578.0     97.20     13.54     9.138     304977    0    0    0    0    0
2026  7 23 10 47     7.69    -3.59     4.28    -574.5    100.80     13.65     9.101     300629    0    0    0    0    0
2026  7 23 10 48     7.54    -2.83     4.80    -572.0     99.81     19.77     9.215     307290    0    0    0    0    0
2026  7 23 10 49     7.46    -3.08     5.35    -577.8     87.80     38.14     9.835     329468    0    0    0    0    0
2026  7 23 10 50     7.37    -3.81     5.09    -578.8     81.27     41.50    10.010     331169    0    0    0    0    0
2026  7 23 10 51     7.27    -4.20     5.09    -576.8     77.73     38.02     9.597     329618    0    0    0    0    0
2026  7 23 10 52     7.07    -4.49     4.96    -574.6     75.60     33.98     9.037     328416    0    0    0    0    0
2026  7 23 10 53     6.99    -4.99     4.78    -574.5     76.47     29.76     8.765     330035    0    0    0    0    0
2026  7 23 10 54     7.20    -5.56     4.65    -575.7     78.68     24.37     8.739     332244    0    0    0    0    0
2026  7 23 10 55     7.56    -5.34     3.60    -574.4     79.02     22.03     8.590     332548    0    0    0    0    0
2026  7 23 10 56     7.95    -5.00     2.30    -572.8     77.03     23.46     8.501     332979    0    0    0    0    0
2026  7 23 10 57     7.94    -5.03     2.46    -572.2     71.67     23.13     8.615     328878    0    0    0    0    0
2026  7 23 10 58     7.96    -5.18     2.77    -570.9     67.02     16.29     8.916     313013    0    0    0    0    0
2026  7 23 10 59     8.27    -5.42     2.39    -569.0     66.87      6.03     8.937     290744    0    0    0    0    0
2026  7 23 11  0     8.44    -5.66     2.09    -568.4     66.64      2.10     8.947     285324    0    0    0    0    0
2026  7 23 11  1     8.59    -5.54     2.16    -568.1     66.63      4.44     8.934     281506    0    0    0    0    0
2026  7 23 11  2     8.53    -5.54     2.20    -566.5     65.80      7.64     8.818     281506    0    0    0    0    0
2026  7 23 11  3     8.31    -5.13     1.30    -566.8     63.37      7.96     8.795     285503    0    0    0    0    0
2026  7 23 11  4     8.38    -5.41     0.98    -568.5     60.37      7.98     8.637     297804    0    0    0    0    0
2026  7 23 11  5     8.21    -5.66     1.92    -571.4     58.02      7.66     8.567     305652    0    0    0    0    0
2026  7 23 11  6     7.92    -5.67     2.43    -571.3     58.55      5.22     8.582     303450    0    0    0    0    0
2026  7 23 11  7     8.04    -5.34     2.90    -570.6     62.21      0.72     8.641     295037    0    0    0    0    0
2026  7 23 11  8     8.23    -4.91     3.56    -570.4     65.42     -0.11     8.683     291758    0    0    0    0    0
2026  7 23 11  9     8.15    -5.04     3.82    -572.8     65.15      4.44     8.784     292529    0    0    0    0    0
2026  7 23 11 10     7.75    -5.33     4.33    -575.9     65.05     11.19     8.995     297196    0    0    0    0    0
2026  7 23 11 11     7.64    -5.45     4.48    -576.1     65.34     17.12     8.812     300112    0    0    0    0    0
2026  7 23 11 12     7.64    -5.41     4.59    -574.7     66.52     18.67     8.640     300043    1    0    0    0    0
2026  7 23 11 13     7.76    -5.43     4.13    -572.6     68.03     18.10     8.661     299954    1    0    0    0    0
2026  7 23 11 14     8.02    -5.51     3.00    -571.5     67.66     17.48     8.708     301920    1    0    0    0    0
2026  7 23 11 15     8.08    -5.60     2.65    -572.0     65.08     17.25     8.748     308241    1    0    0    0    0
2026  7 23 11 16     8.14    -5.66     2.24    -571.9     64.71     14.96     8.865     306448    1    0    0    0    0
2026  7 23 11 17     8.23    -5.63     1.63    -570.5     62.29      7.05     8.889     300954    0    0    0    0    0
2026  7 23 11 18     8.30    -5.56     1.10    -569.5     59.69     -4.41     9.006     299392    0    0    0    0    0
2026  7 23 11 19     8.08    -5.77     2.17    -567.8     58.52     -9.46     9.022     299392    0    0    0    0    0
2026  7 23 11 20     7.74    -5.65     2.09    -568.9     58.77    -10.52     9.003     302192    0    0    0    0    0
2026  7 23 11 21     7.90    -5.65     0.86    -567.3     62.72     -9.28     8.719     302192    0    0    0    0    0
2026  7 23 11 22     8.32    -5.23     0.82    -565.2     68.28    -11.03     8.708     284487    0    0    0    0    0
2026  7 23 11 23     8.68    -5.14     2.31    -564.1     67.52    -10.99     8.551     273195    0    0    0    0    0
2026  7 23 11 24     8.66    -5.16     3.44    -565.6     63.93    -11.30     8.503     269797    0    0    0    0    0
2026  7 23 11 25     8.58    -5.20     4.20    -565.0     64.04     -8.82     8.521     269646    0    0    0    0    0
2026  7 23 11 26     8.14    -5.06     5.17    -563.8     65.36     -5.96     9.082     263329    0    0    0    0    0
2026  7 23 11 27     7.05    -4.62     5.00    -567.8     71.73      2.94     9.284     261138    0    0    0    0    0
2026  7 23 11 28     7.04    -4.20     4.81    -569.1     79.89     14.16     9.325     261038    0    0    0    0    0
2026  7 23 11 29     6.96    -3.82     4.21    -569.2     79.57     13.84     9.714     259937    0    0    0    0    0
2026  7 23 11 30     6.74    -3.82     4.88    -569.0     79.56     13.93     8.964     262252    0    0    0    0    0
2026  7 23 11 31     7.56    -3.83     5.19    -563.1     83.13     18.66     8.954     282093    0    0    0    0    0
2026  7 23 11 32     7.86    -3.88     4.77    -559.1     90.25     26.33     8.949     296663    0    0    0    0    0
2026  7 23 11 33     7.55    -4.24     2.82    -559.7     99.77     33.91     8.973     303302    0    0    0    0    0
2026  7 23 11 34     7.47    -4.63     1.45    -561.3    100.33     32.60     9.000     300234    0    0    0    0    0
2026  7 23 11 35     7.82    -4.68     2.20    -559.5     94.08     27.45     8.910     291258    0    0    0    0    0
2026  7 23 11 36     8.16    -4.62     3.11    -558.6     84.22     19.75     8.810     273858    0    0    0    0    0
2026  7 23 11 37     8.30    -4.62     3.05    -559.5     72.73     10.70     8.810     258777    0    0    0    0    0
2026  7 23 11 38     8.31    -4.71     3.16    -559.9     68.78      8.67     8.746     257575    0    0    0    0    0
2026  7 23 11 39     8.29    -4.88     3.90    -560.3     72.39     15.00     8.675     258061    0    0    0    0    0
2026  7 23 11 40     8.23    -5.17     4.12    -560.5     74.47     17.66     8.676     265573    0    0    0    0    0
2026  7 23 11 41     8.08    -5.31     3.71    -563.0     71.54     14.90     8.782     271806    0    0    0    0    0
2026  7 23 11 42     7.81    -5.61     3.69    -565.2     66.89     14.33     8.839     271831    0    0    0    0    0
2026  7 23 11 43     7.77    -5.65     3.87    -561.9     66.94     14.66     8.844     274676    0    0    0    0    0
2026  7 23 11 44     7.74    -5.65     3.97    -560.0     66.80     16.14     8.902     277050    0    0    0    0    0
2026  7 23 11 45     7.68    -5.60     4.00    -561.0     67.91     20.81     8.957     291335    0    0    0    0    0
2026  7 23 11 46     7.38    -5.53     4.08    -562.2     68.75     26.46     8.933     301896    0    0    0    0    0
2026  7 23 11 47     6.55    -5.60     4.45    -564.8     68.00     28.81     8.919     301896    0    0    0    0    0
2026  7 23 11 48     6.40    -6.01     3.16    -568.8     61.98     21.21     8.879     296909    0    0    0    0    0
2026  7 23 11 49     6.80    -6.22     2.62    -568.4     56.02      2.59     8.291     295505    0    0    0    0    0
2026  7 23 11 50     7.54    -6.04     0.53    -565.7     58.25    -21.43     8.291     285291    0    0    0    0    0
2026  7 23 11 51     7.42    -5.65     0.26    -570.9     62.54    -33.74    10.440     276941    0    0    0    0    0
2026  7 23 11 52     6.74    -5.08     0.52    -570.7     64.27     -6.07    10.299     279778    0    0    0    0    0
2026  7 23 11 53     7.10    -4.20     2.06    -568.9     72.96     29.33     9.700     292994    0    0    0    0    0
2026  7 23 11 54     7.30    -4.35     6.04    -568.1     92.21     40.63     9.694     307283    0    0    0    0    0
2026  7 23 11 55     7.27    -4.35     4.05    -569.1    102.80     48.37     9.339     306699    0    0    0    0    0
2026  7 23 11 56     6.19    -4.38     4.05    -566.1     98.36     50.69     9.339     300867    0    0    0    0    0
2026  7 23 11 57     6.26    -4.51     3.37    -564.8     91.53     49.81     8.877     294611    0    0    0    0    0
2026  7 23 11 58     6.73    -4.96     3.77    -564.6     90.09     47.42     8.712     293347    0    0    0    0    0
2026  7 23 11 59     7.26    -5.86     4.15    -571.1     79.07     41.60     8.746     295396    0    0    0    0    0
2026  7 23 12  0     7.41    -5.73     5.09    -570.0     69.06     40.41     9.029     294865    0    0    0    0    0
2026  7 23 12  1     7.41    -5.13     5.15    -567.2     69.14     40.41     9.585     291677    0    0    0    0    0
2026  7 23 12  2     7.41    -5.10     5.70    -567.8     72.61     42.88     9.612     291518    0    0    0    0    0
2026  7 23 12  3     7.15    -5.02     6.70    -575.7     78.98     50.03     8.784     310679    0    0    0    0    0
2026  7 23 12  4     7.21    -5.15     5.13    -574.6     80.06     49.80     8.123     315155    0    0    0    0    0
2026  7 23 12  5     7.34    -5.53     2.85    -569.9     79.44     46.27     7.373     316063    0    0    0    0    0
2026  7 23 12  6     7.57    -6.22     2.85    -565.9     73.39     38.70     7.373     317476    0    0    0    0    0
2026  7 23 12  7     7.16    -7.43     2.92    -579.0     44.80     30.76     8.279     322535    0    0    0    0    0
2026  7 23 12  8     6.96    -5.07     3.94    -577.2     47.31     33.81     8.780     322397    0    0    0    0    0
2026  7 23 12  9     6.90    -3.36     5.85    -574.9     62.51     41.89     9.049     322397    0    0    0    0    0
2026  7 23 12 10     6.89    -3.21     7.26    -572.7     81.04     51.77     8.898     322397    0    0    0    0    0
2026  7 23 12 11     6.98    -3.23     7.02    -569.8     91.72     57.44     8.516     322057    0    0    0    0    0
2026  7 23 12 12     7.33    -3.37     6.65    -567.3     92.80     57.54     8.294     319789    0    0    0    0    0
2026  7 23 12 13     7.61    -3.56     6.18    -564.6     94.08     52.63     8.187     307498    0    0    0    0    0
2026  7 23 12 14     8.20    -3.91     5.04    -560.9     90.16     42.16     7.937     287024    0    0    0    0    0
2026  7 23 12 15     8.64    -4.72     3.40    -558.6     80.15     28.22     7.760     273308    0    0    0    0    0
2026  7 23 12 16     8.55    -6.26     1.71    -561.1     64.38     12.72     7.855     278647    0    0    0    0    0
2026  7 23 12 17     8.03    -7.24     1.36    -565.6     55.16      5.33     8.094     286032    0    0    0    0    0
2026  7 23 12 18     7.82    -6.97     1.71    -569.2     55.89      6.53     8.239     290998    0    0    0    0    0
2026  7 23 12 19     7.53    -4.70     5.30    -576.7     65.09     17.94     9.254     306258    0    0    0    0    0
2026  7 23 12 20     6.92    -4.43     6.89    -585.3     84.25     47.55    10.164     339376    0    0    0    0    0
2026  7 23 12 21     6.63    -3.97     7.12    -586.2     86.06     51.36    10.137     347875    0    0    0    0    0
2026  7 23 12 22     6.20    -3.88     7.33    -586.0     89.68     50.24     9.952     356720    0    0    0    0    0
2026  7 23 12 23     6.98    -3.93     6.75    -590.3     95.90     45.98    10.007     393264    0    0    0    0    0
2026  7 23 12 24     6.54    -3.50     7.00    -590.9     98.73     42.67    10.102     409050    0    0    0    0    0
2026  7 23 12 25     6.17    -3.08     7.03    -589.6     98.96     39.05    10.020     415840    0    0    0    0    0
2026  7 23 12 26     6.58    -3.49     6.52    -588.4     99.66     34.21     9.813     423024    0    0    0    0    0
2026  7 23 12 27     6.41    -4.01     5.86    -590.3     99.66     33.55     9.416     438133    0    0    0    0    0
2026  7 23 12 28     6.89    -4.45     4.58    -591.1     95.50     39.69     8.880     461453    0    0    0    0    0
2026  7 23 12 29     7.22    -4.03     4.37    -588.6     89.43     36.88     8.713     458868    0    0    0    0    0
2026  7 23 12 30     7.46    -4.84     1.11    -587.5     83.43      8.73     8.528     451875    0    0    0    0    0
2026  7 23 12 31     7.46    -5.78    -3.68    -585.8     79.56    -27.89     8.526     449714    0    0    0    0    0
2026  7 23 12 32     7.46    -5.98    -3.87    -585.1     77.16    -38.35     8.529     432360    0    0    0    0    0
2026  7 23 12 33     7.18    -5.98    -3.80    -584.8     79.50    -36.15     8.559     431413    0    0    0    0    0
2026  7 23 12 34     7.21    -6.00    -3.20    -584.9     77.58    -32.82     8.736     430893    0    0    0    0    0
2026  7 23 12 35     6.89    -6.32    -2.68    -585.1     74.17    -32.41     8.867     430730    0    0    0    0    0
2026  7 23 12 36     6.27    -6.64    -1.37    -583.6     69.00    -34.20     9.240     430730    0    0    0    0    0
2026  7 23 12 37     5.88    -6.65    -1.35    -584.8     67.13    -36.71     9.318     432810    0    0    0    0    0
2026  7 23 12 38     6.37    -6.67    -1.26    -581.7     68.11    -31.48     9.274     432810    0    0    0    0    0
2026  7 23 12 39     7.03    -6.31    -1.19    -577.8     69.35    -24.88     9.320     424941    0    0    0    0    0
2026  7 23 12 40     7.44    -6.11    -1.13    -576.7     68.93    -21.21     9.385     419557    0    0    0    0    0
2026  7 23 12 41     7.35    -6.33    -1.11    -580.3     65.46    -18.58     9.663     418442    0    0    0    0    0
2026  7 23 12 42     7.03    -6.71     2.31    -582.9     64.14    -11.96     9.918     418984    0    0    0    0    0
2026  7 23 12 43     6.99    -6.54     3.48    -584.0     64.11     -0.91    10.365     421049    0    0    0    0    0
2026  7 23 12 44     6.83    -6.49     4.09    -584.7     64.92      9.15    10.711     428041    0    0    0    0    0
2026  7 23 12 45     6.79    -5.02     4.08    -584.4     70.84     16.21    11.481     451645    0    0    0    0    0
2026  7 23 12 46     6.79    -5.35     3.74    -586.4     78.53     27.11    11.506     454279    0    0    0    0    0
2026  7 23 12 47     6.73    -5.53     4.21    -589.1     79.17     25.78    11.506     471291    0    0    0    0    0
2026  7 23 12 48     6.58    -5.58     3.74    -592.2     81.69     18.60    11.432     487568    0    0    0    0    0
2026  7 23 12 49     6.64    -5.93     3.27    -595.7     84.22     11.17    11.335     493101    0    0    0    0    0
2026  7 23 12 50     6.66    -6.04     3.46    -596.7     86.39      4.03    11.173     492318    0    0    0    0    0
2026  7 23 12 51     6.66    -5.81     3.62    -596.3     88.57      2.76    11.050     482454    0    0    0    0    0
2026  7 23 12 52     6.81    -5.72     3.94    -598.2     88.69      7.78    11.022     477613    0    0    0    0    0
2026  7 23 12 53     6.85    -6.18     3.22    -605.1     82.81     19.15    10.995     466296    0    0    0    0    0
2026  7 23 12 54     6.77    -6.50     2.28    -607.2     81.77     24.90    10.853     455372    0    0    0    0    0
2026  7 23 12 55     6.78    -6.34     1.15    -605.4     83.41     23.35    10.761     446279    0    0    0    0    0
2026  7 23 12 56     6.79    -5.96     0.80    -602.1     85.08     11.31    10.761     445897    0    0    0    0    0
2026  7 23 12 57     6.80    -5.83    -0.30    -602.7     85.11    -13.87    10.765     445638    0    0    0    0    0
2026  7 23 12 58     6.70    -6.08    -0.91    -605.2     85.69    -21.59    10.982     441940    0    0    0    0    0
2026  7 23 12 59     6.45    -5.95    -0.05    -606.6     87.02     -9.31    11.591     438216    0    0    0    0    0
2026  7 23 13  0     6.15    -5.39     2.88    -607.5     88.96     16.70    11.591     434410    0    0    0    0    0
2026  7 23 13  1     5.51    -4.85     5.56    -610.6     95.24     31.94    11.840     446533    0    0    0    0    0
2026  7 23 13  2     5.60    -4.21     6.17    -611.0    103.16     32.24    12.069     466409    0    0    0    0    0
2026  7 23 13  3     5.99    -3.67     6.34    -609.9    106.50     32.79    11.978     477992    0    0    0    0    0
2026  7 23 13  4     6.18    -3.50     6.13    -608.0    106.82     32.59    11.806     486276    0    0    0    0    0
2026  7 23 13  5     6.40    -3.59     5.76    -604.6    106.84     31.29    11.592     493775    0    0    0    0    0
2026  7 23 13  6     6.85    -3.96     5.76    -603.3    105.10     29.54    11.171     500295    0    0    0    0    0
2026  7 23 13  7     6.85    -4.08     5.76    -600.4    101.29     28.98    10.916     505203    0    0    0    0    0
2026  7 23 13  8     7.01    -4.05     4.90    -599.1     95.81     26.36    10.736     508773    0    0    0    0    0
2026  7 23 13  9     7.16    -4.76     4.15    -599.0     89.38     21.12    10.562     512295    0    0    0    0    0
2026  7 23 13 10     6.93    -5.59     3.52    -598.7     86.75     17.74    10.542     512707    0    0    0    0    0
2026  7 23 13 11     6.89    -5.22     3.43    -598.1     90.29     17.25    10.621     512422    0    0    0    0    0
2026  7 23 13 12     6.91    -5.03     3.38    -594.3     94.81     15.48    10.638     505362    0    0    0    0    0
2026  7 23 13 13     6.88    -5.03     3.31    -591.5     96.46     12.62    10.618     500791    0    0    0    0    0
2026  7 23 13 14     6.95    -5.15     3.43    -590.4     94.47      9.68    10.572     501783    0    0    0    0    0
2026  7 23 13 15     7.23    -5.24     3.49    -589.2     92.23      6.31    10.538     503369    0    0    0    0    0
2026  7 23 13 16     7.47    -5.31     2.79    -588.1     90.40     -0.03    10.695     499001    0    0    0    0    0
2026  7 23 13 17     7.64    -5.24     2.11    -587.3     88.98     -6.02    11.232     483690    0    0    0    0    0
2026  7 23 13 18     7.79    -4.96     1.23    -587.9     90.09    -11.00    11.414     478031    0    0    0    0    0
2026  7 23 13 19     7.76    -4.80     0.70    -589.3     92.69    -18.38    11.755     473300    0    0    0    0    0
2026  7 23 13 20     7.54    -4.48    -0.20    -590.5     97.27    -27.59    12.161     465127    0    0    0    0    0
2026  7 23 13 21     7.40    -4.27    -2.09    -594.0    101.48    -37.99    12.285     463180    0    0    0    0    0
2026  7 23 13 22     6.34    -4.15    -0.92    -610.3    102.97    -47.63    11.686     459614    0    0    0    0    0
2026  7 23 13 23     5.80    -3.78     1.38    -614.4    105.57    -53.81    11.357     456458    0    0    0    0    0
2026  7 23 13 24     5.41    -3.80    -0.06    -615.0    106.55    -40.58    11.101     463635    0    0    0    0    0
2026  7 23 13 25     4.63    -3.69     2.82    -618.2    104.86      5.65    11.059     470024    0    0    0    0    0
2026  7 23 13 26     3.93    -3.60     7.79    -621.2    102.57     33.10    10.957     469814    0    0    0    0    0
2026  7 23 13 27     3.71    -3.34     7.99    -621.9    104.52     33.07    10.985     464901    0    0    0    0    0
2026  7 23 13 28     3.72    -2.73     8.07    -619.0    107.08     33.04    11.174     464901    0    0    0    0    0
2026  7 23 13 29     4.08    -2.60     8.07    -619.0    108.19     33.06    11.177     470848    0    0    0    0    0
2026  7 23 13 30     4.11    -2.51     7.94    -619.5    108.22     32.65    10.999     476242    0    0    0    0    0
2026  7 23 13 31     4.15    -2.47     7.91    -620.2    109.95     32.23    10.671     478294    0    0    0    0    0
2026  7 23 13 32     4.75    -2.47     7.60    -615.8    111.92     33.42    10.671     480538    0    0    0    0    0
2026  7 23 13 33     5.56    -2.68     6.73    -615.9    112.50     35.18    10.640     482615    0    0    0    0    0
2026  7 23 13 34     5.70    -2.80     6.42    -614.6    110.74     35.14    10.633     482952    0    0    0    0    0
2026  7 23 13 35     5.73    -2.95     6.37    -612.1    108.90     34.55    10.631     481953    0    0    0    0    0
2026  7 23 13 36     6.01    -3.04     6.32    -611.5    107.92     34.25    10.397     477838    0    0    0    0    0
2026  7 23 13 37     6.17    -3.54     6.28    -613.4    105.82     34.27    10.121     472253    0    0    0    0    0
2026  7 23 13 38     5.63    -4.04     5.60    -616.5    101.00     33.04    10.038     470814    0    0    0    0    0
2026  7 23 13 39     5.32    -4.09     5.42    -613.5     98.82     30.82    10.032     477617    0    0    0    0    0
2026  7 23 13 40     5.48    -4.10     5.36    -609.9     97.83     29.06    10.182     482651    0    0    0    0    0
2026  7 23 13 41     5.99    -4.27     5.15    -606.3     96.88     26.99    10.341     486876    0    0    0    0    0
2026  7 23 13 42     6.61    -4.72     4.61    -602.3     95.05     23.66    10.341     492648    0    0    0    0    0
2026  7 23 13 43     6.73    -5.13     3.62    -601.1     91.63     18.67    10.341     494244    0    0    0    0    0
2026  7 23 13 44     7.10    -4.76     1.69    -599.1     90.40     13.73    10.539     494244    0    0    0    0    0
2026  7 23 13 45     7.04    -4.72     0.48    -596.9     89.81      7.57    10.565     491099    0    0    0    0    0
2026  7 23 13 46     7.10    -4.61     0.82    -595.2     90.50     11.49    10.499     480553    0    0    0    0    0
2026  7 23 13 47     7.13    -4.33     1.06    -594.2     93.11     22.25    10.303     473750    0    0    0    0    0
2026  7 23 13 48     7.24    -4.15     0.55    -594.5     96.18     28.79    10.195     472593    0    0    0    0    0
2026  7 23 13 49     7.32    -4.39    -0.23    -596.3     96.27     30.33    10.351     471574    0    0    0    0    0
2026  7 23 13 50     7.40    -4.58    -0.74    -596.3     94.59     30.70    10.413     467369    0    0    0    0    0
2026  7 23 13 51     7.54    -4.54    -1.26    -595.5     94.07     26.10    10.413     460768    0    0    0    0    0
2026  7 23 13 52     7.59    -4.41    -1.45    -593.1     94.85     18.78    10.621     458349    0    0    0    0    0
2026  7 23 13 53     7.57    -4.33    -1.45    -591.1     95.95     14.14    10.803     462958    0    0    0    0    0
2026  7 23 13 54     7.48    -4.31    -1.97    -591.8     95.87     13.66    10.784     469411    0    0    0    0    0
2026  7 23 13 55     7.40    -4.17    -2.57    -592.7     95.11     12.82    10.595     467586    0    0    0    0    0
2026  7 23 13 56     7.34    -3.90    -2.48    -592.9     94.57      8.37    10.411     465879    0    0    0    0    0
2026  7 23 13 57     7.24    -3.76    -2.80    -593.8     92.12     -0.13    10.212     469371    0    0    0    0    0
2026  7 23 13 58     7.17    -4.00    -1.84    -595.1     88.97      6.03    10.089     471881    0    0    0    0    0
2026  7 23 13 59     7.12    -4.56     0.85    -595.5     87.77     24.73    10.028     459673    0    0    0    0    0
2026  7 23 14  0     7.09    -4.88     1.81    -595.9     87.60     32.05     9.999     454016    0    0    0    0    0
2026  7 23 14  1     6.86    -4.92     2.58    -600.9     90.22     33.75    11.494     458270    0    0    0    0    0
2026  7 23 14  2     4.08    -4.10     5.53    -607.6     94.48     36.16    11.563     460938    0    0    0    0    0
2026  7 23 14  3     2.99    -3.06     7.90    -611.5     97.95     38.97    11.561     469348    0    0    0    0    0
2026  7 23 14  4     3.39    -2.35     8.66    -621.6    105.94     37.41    11.519     484176    0    0    0    0    0
2026  7 23 14  5     4.30    -3.37     7.36    -623.5    110.39     33.23    11.410     488922    0    0    0    0    0
2026  7 23 14  6     4.65    -3.81     6.58    -620.0    111.79     30.31    11.414     496164    1    0    0    0    0
2026  7 23 14  7     4.95    -4.14     6.23    -620.1    113.02     27.73    11.414     496031    1    0    0    0    0
2026  7 23 14  8     5.31    -4.11     5.72    -619.3    112.62     27.70    11.414     492045    1    0    0    0    0
2026  7 23 14  9     5.42    -4.06     5.42    -619.3    111.76     28.80    11.235     488605    1    0    0    0    0
2026  7 23 14 10     5.44    -3.96     4.44    -618.4    106.57     30.11    10.975     483888    1    0    0    0    0
2026  7 23 14 11     5.90    -3.96     4.29    -615.7    101.40     31.56    10.962     483383    1    0    0    0    0
2026  7 23 14 12     5.99    -3.92     3.98    -615.0    100.29     33.50    10.981     483223    1    0    0    0    0
2026  7 23 14 13     6.21    -4.64     4.77    -616.7    100.47     32.81    10.987     483194    1    0    0    0    0
2026  7 23 14 14     6.41    -5.53     1.75    -614.9     96.68     27.01    10.290     503408    0    0    0    0    0
2026  7 23 14 15     6.43    -5.98     1.42    -613.6     91.09     20.19     9.905     511778    0    0    0    0    0
2026  7 23 14 16     6.37    -6.18     1.71    -615.6     91.21     14.94     9.832     512597    0    0    0    0    0
2026  7 23 14 17     6.42    -6.35    -2.74    -620.5     97.38      5.53     9.837     508805    0    0    0    0    0
2026  7 23 14 18     6.64    -6.61    -3.99    -622.6     99.66     -2.88     9.854     503570    0    0    0    0    0
2026  7 23 14 19     6.45    -6.63    -2.99    -625.9     98.49     -6.04     9.648     510320    0    0    0    0    0
2026  7 23 14 20     6.31    -6.40    -1.70    -625.3     97.75     -4.44     9.991     523208    0    0    0    0    0
2026  7 23 14 21     6.18    -6.58    -1.58    -625.5     97.99     -1.45    10.133     522879    0    0    0    0    0
2026  7 23 14 22     6.23    -6.58    -1.50    -625.2     98.54      0.14    10.130     520319    0    0    0    0    0
2026  7 23 14 23     6.30    -6.51    -1.35    -627.6     98.37     -0.29    10.123     513231    0    0    0    0    0
2026  7 23 14 24     6.08    -6.36    -0.48    -630.7     98.22      0.32    10.368     507607    0    0    0    0    0
2026  7 23 14 25     5.75    -6.33    -0.25    -631.2     98.92      3.53    10.534     506382    0    0    0    0    0
2026  7 23 14 26     5.59    -6.47    -0.18    -627.7    100.15      6.48    10.502     508339    0    0    0    0    0
2026  7 23 14 27     5.63    -6.62    -0.03    -622.9    101.66      8.57    10.432     510862    0    0    0    0    0
2026  7 23 14 28     5.97    -6.65    -0.71    -622.4    103.55     10.19    10.277     510569    0    0    0    0    0
2026  7 23 14 29     5.60    -6.65    -1.81    -622.9    104.97     11.66    10.198     507071    0    0    0    0    0
2026  7 23 14 30     6.09    -6.29    -1.48    -622.8    105.73     11.55    10.312     497677    0    0    0    0    0
2026  7 23 14 31     6.17    -5.61     0.72    -622.2    105.82     10.72    10.830     493467    0    0    0    0    0
2026  7 23 14 32     6.14    -5.31     2.63    -620.0    104.08      9.14    10.837     493176    0    0    0    0    0
2026  7 23 14 33     6.35    -4.77     2.96    -613.9    102.50      8.90    10.971     487362    0    0    0    0    0
2026  7 23 14 34     6.76    -4.34     2.17    -609.5    102.80      9.05    10.935     472454    0    0    0    0    0
2026  7 23 14 35     7.20    -4.18     1.00    -608.2    105.08      9.30    10.970     458300    0    0    0    0    0
2026  7 23 14 36     7.01    -4.98     0.63    -612.6    106.60      9.32    10.757     470807    0    0    0    0    0
2026  7 23 14 37     6.41    -6.03    -0.06    -620.9    104.60      8.57    10.483     509245    0    0    0    0    0
2026  7 23 14 38     7.07    -5.67    -1.95    -628.0    103.10      1.62    10.275     519973    0    0    0    0    0
2026  7 23 14 39     6.76    -5.45    -3.90    -630.5    103.09     -3.83     9.865     521787    0    0    0    0    0
2026  7 23 14 40     6.54    -5.30    -4.85    -630.6    103.08     -7.31     9.668     520400    0    0    0    0    0
2026  7 23 14 41     6.50    -4.94    -5.22    -629.4    104.30     -8.26     9.745     516187    0    0    0    0    0
2026  7 23 14 42     6.47    -4.60    -5.52    -628.3    107.22     -6.80     9.815     513277    0    0    0    0    0
2026  7 23 14 43     6.34    -4.68    -5.68    -627.0    109.81     -5.54     9.834     513277    0    0    0    0    0
2026  7 23 14 44     5.87    -4.70    -5.41    -626.1    110.66     -5.17    10.308     512805    0    0    0    0    0
2026  7 23 14 45     5.31    -4.26    -4.26    -628.2    109.84     -3.66    11.133     511928    0    0    0    0    0
2026  7 23 14 46     4.89    -4.11    -2.55    -633.8    106.25     -0.89    11.133     511928    0    0    0    0    0
2026  7 23 14 47     3.39    -3.53    -0.50    -640.2    107.41      8.32    10.525     510324    0    1    2    0    1
2026  7 23 14 48     2.74    -3.00     1.64    -656.6    120.31     30.26    11.161     489483    0    1    2    0    1
2026  7 23 14 49     2.52    -3.10     1.35    -654.4    123.99     34.70    11.161     524779    0    1    1    0    1
2026  7 23 14 50     3.73    -3.90    -1.07    -650.5    118.67     33.00     9.928     536245    0    0    0    0    0
2026  7 23 14 51     4.75    -4.88    -3.35    -648.2    108.02     27.89     8.706     536659    0    0    0    0    0
2026  7 23 14 52     4.90    -5.07    -3.77    -647.1     99.78     15.97     8.338     535498    0    0    0    0    0
2026  7 23 14 53     5.03    -4.74    -4.02    -645.5     96.22     -4.37     8.165     523449    0    0    0    0    0
2026  7 23 14 54     5.07    -4.75    -5.25    -644.6     92.30    -24.73     7.866     498643    0    0    0    0    0
2026  7 23 14 55     5.00    -4.35    -5.48    -643.4     92.24    -31.97     7.878     489533    0    0    0    0    0
2026  7 23 14 56     5.16    -3.59    -5.68    -643.4     97.92    -31.51     7.921     488009    0    0    0    0    0
2026  7 23 14 57     5.05    -3.14    -5.81    -642.7    101.97    -32.30     7.827     487674    0    0    0    0    0
2026  7 23 14 58     4.85    -3.50    -5.97    -646.3    100.63    -37.43     7.379     478414    0    0    0    0    0
2026  7 23 14 59     4.58    -4.10    -5.92    -648.7     94.13    -40.21     7.256     463910    0    0    0    0    0
2026  7 23 15  0     4.58    -4.65    -5.84    -648.9     83.19    -38.26     7.240     458913    0    0    0    0    0
2026  7 23 15  1     4.72    -4.16    -5.95    -647.7     84.95    -34.28     7.134     455057    0    0    0    0    0
2026  7 23 15  2     4.96    -3.42    -6.08    -645.1    100.49    -31.73     7.019     457705    0    0    0    0    0
2026  7 23 15  3     5.21    -3.04    -6.14    -640.7    113.43    -31.36     7.069     463551    0    0    0    0    0
2026  7 23 15  4     5.26    -2.80    -6.16    -638.0    110.35    -28.28     7.069     463551    0    0    0    0    0
2026  7 23 15  5     5.49    -2.96    -6.18    -636.5    100.42    -24.57     7.623     439067    0    0    0    0    0
2026  7 23 15  6     5.76    -3.56    -6.68    -637.1     91.95    -28.56     8.096     423373    0    0    0    0    0
2026  7 23 15  7     6.00    -3.59    -6.44    -638.5     92.87    -37.74     8.134     422171    0    0    0    0    0
2026  7 23 15  8     5.74    -3.73    -6.54    -641.5     95.69    -41.48     7.978     434414    0    0    0    0    0
2026  7 23 15  9     5.42    -4.13    -6.22    -641.2     99.80    -39.11     8.107     443904    0    0    0    0    0
2026  7 23 15 10     5.11    -4.24    -5.94    -636.8    100.29    -35.11     8.970     443904    0    0    0    0    0
2026  7 23 15 11     5.34    -3.79    -5.90    -637.0     94.69    -26.25     9.588     436141    0    0    0    0    0
2026  7 23 15 12     5.14    -3.34    -5.53    -641.1     82.53    -11.05    11.047     405027    0    0    0    0    0
2026  7 23 15 13     4.20    -3.41    -3.99    -645.6     73.43     22.15    10.875     409033    0    0    0    0    0
2026  7 23 15 14     4.20    -3.64    -0.29    -665.0     88.17     71.66     9.664     466601    0    0    0    0    0
2026  7 23 15 15     3.18    -2.37     2.04    -675.7     97.71     76.57     8.963     455502    0    0    0    0    0
2026  7 23 15 16     3.10    -1.76     3.15    -680.7    101.24     77.92     9.102     431181    0    0    0    0    0
2026  7 23 15 17     3.33    -1.71     3.68    -680.5     99.00     82.27     9.186     403546    0    0    0    0    0
2026  7 23 15 18     3.39    -1.89     3.93    -678.4     96.06     85.89     9.189     402624    0    0    0    0    0
2026  7 23 15 19     3.37    -2.02     4.01    -678.0     94.85     86.15     9.189     404980    0    0    0    0    0
2026  7 23 15 20     3.30    -2.28     4.18    -677.3     96.67     85.83     8.995     410008    0    0    0    0    0
2026  7 23 15 21     3.23    -2.36     4.37    -672.9     98.58     85.62     8.844     411002    0    0    0    0    0
2026  7 23 15 22     3.62    -2.42     4.22    -669.5     94.81     85.41     8.776     409255    0    0    0    0    0
2026  7 23 15 23     4.16    -3.02     3.74    -668.4     84.66     85.08     8.725     403106    0    0    0    0    0
2026  7 23 15 24     4.24    -3.86     2.89    -668.2     75.79     84.01     8.655     397072    0    0    0    0    0
2026  7 23 15 25     4.08    -3.79     1.63    -671.2     70.52     82.11     8.493     388226    0    0    0    0    0
2026  7 23 15 26     3.72    -3.34     2.06    -675.6     73.22     83.59     8.358     374692    0    0    0    0    0
2026  7 23 15 27     3.92    -2.96     2.76    -677.1     79.52     86.73     8.387     368680    0    0    0    0    0
2026  7 23 15 28     4.15    -3.04     3.40    -676.1     78.86     88.47     8.393     366263    0    0    0    0    0
2026  7 23 15 29     4.30    -3.21     4.43    -673.6     74.80     89.74     8.332     362677    0    0    0    0    0
2026  7 23 15 30     3.92    -3.24     5.82    -671.8     71.17     90.24     8.073     361011    0    0    0    0    0
2026  7 23 15 31     3.51    -2.82     5.79    -675.4     74.71     91.91     7.736     368789    0    0    0    0    0
2026  7 23 15 32     3.24    -2.05     5.45    -677.5     81.82     94.28     7.493     371617    0    0    0    0    0
2026  7 23 15 33     3.50    -1.85     5.23    -671.8     83.07     86.54     7.401     359742    0    0    0    0    0
2026  7 23 15 34     4.12    -1.89     4.75    -663.6     82.02     74.67     7.360     341959    0    0    0    0    0
2026  7 23 15 35     5.16    -2.13     3.90    -653.1     78.86     59.10     7.360     318072    0    0    0    0    0
2026  7 23 15 36     6.12    -2.30     2.97    -644.0     75.21     45.06     7.428     295672    0    0    0    0    0
2026  7 23 15 37     6.97    -2.37     1.93    -637.1     70.82     33.31     7.598     275503    0    0    0    0    0
2026  7 23 15 38     6.98    -2.47     2.14    -641.1     67.33     32.70     7.802     275193    0    0    0    0    0
2026  7 23 15 39     6.45    -2.57     2.81    -643.2     63.70     43.57     7.700     301112    0    0    0    0    0
2026  7 23 15 40     6.25    -2.96     2.13    -645.3     59.41     50.36     7.335     325790    0    0    0    0    0
2026  7 23 15 41     6.06    -3.61    -0.25    -649.2     51.52     40.07     7.678     326168    0    0    0    0    0
2026  7 23 15 42     5.50    -3.94    -1.24    -666.9     36.64     17.43     7.973     338642    0    0    0    0    0
2026  7 23 15 43     4.76    -4.20    -3.50    -678.8     37.33    -13.84     7.934     361516    0    0    0    0    0
2026  7 23 15 44     3.93    -3.66    -4.22    -679.6     44.27    -30.35     8.287     373023    0    0    0    0    0
2026  7 23 15 45     3.80    -3.93    -4.15    -680.6     52.10    -32.70     8.319     380927    0    0    0    0    0
2026  7 23 15 46     3.58    -4.87    -1.56    -679.1     47.42     -8.37     8.188     381179    0    0    0    0    0
2026  7 23 15 47     4.04    -5.45    -0.54    -673.8     43.27     12.85     7.935     380214    0    0    0    0    0
2026  7 23 15 48     4.43    -5.49     0.57    -670.6     45.03     33.95     7.756     370497    0    0    0    0    0
2026  7 23 15 49     4.68    -5.09     1.48    -668.7     51.33     54.73     7.751     362102    0    0    0    0    0
2026  7 23 15 50     4.89    -4.80     1.42    -665.9     54.73     67.86     7.958     363119    0    0    0    0    0
2026  7 23 15 51     5.02    -4.70     0.47    -663.1     52.07     67.70     8.290     365495    0    0    0    0    0
2026  7 23 15 52     5.03    -4.47    -0.06    -661.9     45.17     65.34     8.141     365282    0    0    0    0    0
2026  7 23 15 53     5.11    -4.21    -1.28    -661.2     41.46     52.45     6.974     363610    0    0    0    0    0
2026  7 23 15 54     5.15    -3.70    -1.37    -663.4     43.11     30.45     7.127     363610    0    0    0    0    0
2026  7 23 15 55     5.05    -4.02    -2.33    -664.6     42.69     10.30     7.803     363090    0    0    0    0    0
2026  7 23 15 56     4.62    -4.33    -2.16    -662.7     40.70      0.84     7.777     356621    0    0    0    0    0
2026  7 23 15 57     4.99    -4.43    -1.57    -659.9     36.84      3.21     7.629     330892    0    0    0    0    0
2026  7 23 15 58     5.13    -4.72    -0.35    -659.2     34.08      7.82     7.217     330892    0    0    0    0    0
2026  7 23 15 59     5.17    -5.03     0.47    -661.0     32.76      9.77     7.187     332378    0    0    0    0    0
2026  7 23 16  0     4.95    -5.23     0.17    -663.7     32.31      4.48     6.895     351256    0    0    0    0    0
2026  7 23 16  1     4.80    -5.27    -0.69    -667.6     38.81     -3.76     6.762     385826    0    0    0    0    0
2026  7 23 16  2     4.65    -5.08    -2.40    -668.7     49.35    -17.16     6.549     395027    0    0    0    0    0
2026  7 23 16  3     4.62    -4.74    -3.98    -668.6     56.85    -35.58     6.471     397229    0    0    0    0    0
2026  7 23 16  4     4.79    -3.84    -4.72    -666.8     65.06    -48.66     6.278     399624    0    0    0    0    0
2026  7 23 16  5     5.00    -2.53    -4.92    -663.1     77.43    -53.35     6.062     401904    0    0    0    0    0
2026  7 23 16  6     4.81    -2.51    -4.95    -656.2     86.04    -53.29     5.877     401904    0    0    0    0    0
2026  7 23 16  7     4.92    -2.95    -4.42    -654.1     87.93    -49.86     6.039     401904    0    0    0    0    0
2026  7 23 16  8     5.16    -3.95    -4.12    -653.7     85.04    -44.36     6.668     387185    0    0    0    0    0
2026  7 23 16  9     5.02    -4.47    -3.72    -661.1     63.25    -30.63     6.894     367848    0    0    0    0    0
2026  7 23 16 10     4.31    -5.12    -3.39    -667.1     36.55    -10.46     7.172     353925    0    0    0    0    0
2026  7 23 16 11     3.85    -5.44    -4.17    -670.1     33.02     -7.03     7.172     351827    0    0    0    0    0
2026  7 23 16 12     3.33    -5.32    -4.36    -671.6     39.02    -16.91     7.199     352054    0    0    0    0    0
2026  7 23 16 13     3.17    -5.28    -4.39    -674.2     41.69    -29.38     7.720     357309    0    0    0    0    0
2026  7 23 16 14     3.20    -5.73    -1.94    -677.0     42.01     -8.54     8.014     364605    0    0    0    0    0
2026  7 23 16 15     3.21    -6.19    -0.06    -676.6     42.35     23.41     8.518     371396    0    0    0    0    0
2026  7 23 16 16     3.23    -6.25     0.67    -674.2     42.42     35.00     8.647     375971    0    0    0    0    0
2026  7 23 16 17     3.20    -6.03     0.00    -673.0     45.03     43.24     7.797     377432    0    0    0    0    0
2026  7 23 16 18     3.11    -5.30    -0.26    -673.3     49.25     52.43     7.283     376912    0    0    0    0    0
2026  7 23 16 19     2.83    -4.75     1.04    -674.9     53.72     59.79     7.790     374558    0    0    0    0    0
2026  7 23 16 20     2.70    -4.64     2.10    -675.4     57.98     63.89     8.032     373713    0    0    0    0    0
2026  7 23 16 21     2.68    -4.43     3.47    -674.9     59.10     64.78     8.011     375423    0    0    0    0    0
2026  7 23 16 22     3.06    -3.79     4.52    -676.6     57.99     67.11     7.953     380729    0    0    0    0    0
2026  7 23 16 23     3.52    -4.01     3.72    -677.8     49.22     69.23     7.521     393737    0    0    0    0    0
2026  7 23 16 24     3.81    -5.02     2.66    -677.9     40.34     68.40     7.205     398625    0    0    0    0    0
2026  7 23 16 25     3.99    -5.01     2.43    -676.5     39.99     63.88     7.383     400291    0    0    0    0    0
2026  7 23 16 26     3.98    -5.10     1.70    -673.4     41.02     59.18     7.242     403497    0    0    0    0    0
2026  7 23 16 27     4.09    -5.08     0.77    -668.8     41.45     50.37     7.351     405125    0    0    0    0    0
2026  7 23 16 28     4.33    -4.97    -0.17    -663.6     41.42     38.36     7.441     400429    0    0    0    0    0
2026  7 23 16 29     4.61    -4.98    -1.12    -659.0     41.25     26.49     6.615     381642    0    0    0    0    0
2026  7 23 16 30     4.51    -4.74    -1.43    -660.2     43.82     31.95     6.624     373474    0    0    0    0    0
2026  7 23 16 31     4.41    -4.82    -0.92    -659.4     50.63     37.42     6.559     370448    0    0    0    0    0
2026  7 23 16 32     4.16    -5.53     0.12    -659.2     55.47     25.51     6.627     344645    0    0    0    0    0
2026  7 23 16 33     4.64    -6.09    -0.47    -660.2     43.88     11.60     6.818     319678    0    0    0    0    0
2026  7 23 16 34     4.63    -6.10     0.18    -659.4     31.80     11.54     7.206     319678    0    0    0    0    0
2026  7 23 16 35     4.72    -6.13     0.12    -659.7     30.86     18.44     6.828     319793    0    0    0    0    0
2026  7 23 16 36     5.07    -5.83    -0.25    -659.2     32.57     25.95     6.828     326689    0    0    0    0    0
2026  7 23 16 37     5.20    -5.75    -0.36    -659.2     36.91     27.84     6.828     337049    0    0    0    0    0
2026  7 23 16 38     5.10    -5.55    -0.98    -656.3     39.19     18.74     6.505     337049    0    0    0    0    0
2026  7 23 16 39     4.90    -4.56    -0.66    -662.0     38.43      6.61     7.073     327265    0    0    0    0    0
2026  7 23 16 40     4.83    -4.60     0.46    -658.7     37.51     11.55     7.361     311884    0    0    0    0    0
2026  7 23 16 41     5.07    -4.83     0.71    -657.1     40.98     23.56     7.370     311371    0    0    0    0    0
2026  7 23 16 42     5.19    -4.85     1.01    -654.1     44.75     34.15     6.508     319862    0    0    0    0    0
2026  7 23 16 43     5.56    -4.78     0.57    -654.6     45.89     37.72     5.690     337184    0    0    0    0    0
2026  7 23 16 44     5.41    -4.06     0.66    -660.8     49.24     30.67     6.174     355134    0    0    0    0    0
2026  7 23 16 45     5.22    -4.54    -1.26    -666.3     65.05     -6.21     5.611     355134    0    0    0    0    0
2026  7 23 16 46     5.06    -4.29    -2.54    -664.9     83.43    -27.29     5.611     351794    0    0    0    0    0
2026  7 23 16 47     5.22    -4.30    -2.55    -660.2     92.60    -27.38     5.627     341581    0    0    0    0    0
2026  7 23 16 48     5.58    -4.09    -2.40    -654.5     89.44    -29.86     5.943     337675    0    0    0    0    0
2026  7 23 16 49     5.64    -4.10    -2.21    -652.7     81.28    -33.21     6.043     336438    0    0    0    0    0
2026  7 23 16 50     5.63    -4.24    -2.16    -653.2     66.84    -32.07     5.825     336925    0    0    0    0    0
2026  7 23 16 51     5.14    -4.35    -2.25    -660.6     58.55    -28.07     5.612     341610    0    0    0    0    0
2026  7 23 16 52     4.80    -4.04    -2.97    -666.8     74.42    -38.34     5.831     355335    0    0    0    0    0
2026  7 23 16 53     4.66    -4.32    -4.07    -673.4     73.49    -39.88     6.018     349864    0    0    0    0    0
2026  7 23 16 54     4.44    -4.98    -3.81    -673.6     58.03    -24.74     5.958     343240    0    0    0    0    0
2026  7 23 16 55     4.74    -5.16    -3.16    -673.3     50.50     -8.91     5.927     341334    0    0    0    0    0
2026  7 23 16 56     4.91    -5.07    -3.17    -674.5     46.64     -7.76     6.200     381011    0    0    0    0    0
2026  7 23 16 57     4.55    -4.93    -3.45    -676.6     44.47    -23.56     6.373     429200    0    0    0    0    0
2026  7 23 16 58     4.47    -4.79    -3.88    -682.1     43.26    -39.90     7.010     437708    0    0    0    0    0
2026  7 23 16 59     4.53    -4.74    -3.84    -676.4     43.72    -36.56     7.149     435451    0    0    0    0    0
2026  7 23 17  0     4.51    -5.20    -3.11    -670.0     44.17    -32.73     7.166     426926    0    0    0    0    0
2026  7 23 17  1     4.41    -5.87    -2.23    -665.7     43.39    -29.40     7.140     415699    0    0    0    0    0
2026  7 23 17  2     4.14    -6.30    -1.97    -667.2     38.42    -25.60     7.112     408560    0    0    0    0    0
2026  7 23 17  3     3.59    -6.09    -2.11    -668.1     33.17    -14.26     7.063     412272    0    0    0    0    0
2026  7 23 17  4     3.12    -5.76    -2.03    -668.7     32.62     -1.79     7.351     434417    0    0    0    0    0
2026  7 23 17  5     2.85    -5.72    -1.08    -666.5     35.50      2.69     7.719     455681    0    0    0    0    0
2026  7 23 17  6     2.38    -5.64     0.60    -669.6     42.29      3.15     7.937     447237    0    1    1    0    1
2026  7 23 17  7     2.71    -5.56     0.69    -667.0     50.06      3.83     8.016     424263    0    1    2    0    1
2026  7 23 17  8     3.12    -5.55     0.43    -655.4     55.04      4.54     7.783     406092    0    1    2    0    1
2026  7 23 17  9     3.51    -5.47    -0.31    -650.4     63.24      5.69     7.686     376015    0    1    2    0    1
2026  7 23 17 10     4.18    -5.52    -1.09    -648.0     72.64      7.02     7.484     339440    0    1    2    0    1
2026  7 23 17 11     4.83    -5.68    -1.54    -644.5     80.03      8.29     7.161     315495    0    1    1    0    1
2026  7 23 17 12     4.92    -5.77    -1.74    -644.2     76.14     11.39     6.960     332022    0    0    0    0    0
2026  7 23 17 13     4.58    -5.92    -1.64    -654.1     29.94     22.56     6.996     405070    0    0    0    0    0
2026  7 23 17 14     4.71    -5.88    -1.23    -656.4     26.58     25.12     7.426     414270    0    0    0    0    0
2026  7 23 17 15     4.85    -5.74    -0.57    -656.0     32.43     38.93     7.491     414270    0    0    0    0    0
2026  7 23 17 16     4.60    -5.92     0.18    -658.1     32.03     57.66     7.567     426237    0    0    0    0    0
2026  7 23 17 17     3.87    -6.08     0.36    -671.7     31.76     60.79     7.957     433078    0    0    0    0    0
2026  7 23 17 18     3.65    -5.93     0.61    -672.6     38.03     66.76     7.780     438931    0    0    0    0    0
2026  7 23 17 19     3.31    -4.81     0.89    -681.7     47.30     79.49     7.656     449511    0    0    0    0    0
2026  7 23 17 20     2.56    -4.51     0.82    -680.9     41.37     85.78     6.920     461075    0    0    0    0    0
2026  7 23 17 21     3.02    -3.78     1.14    -697.6     35.63     73.82     8.418     476047    0    0    0    0    0
2026  7 23 17 22     3.16    -3.76     0.83    -700.3     35.60     61.35     8.713     481956    0    0    0    0    0
2026  7 23 17 23     2.18    -4.43     1.68    -705.7     35.99     63.12     8.718     482107    0    0    0    0    0
2026  7 23 17 24     2.34    -4.71     1.47    -695.9     36.51     65.85     7.785     467342    0    0    0    0    0
2026  7 23 17 25     2.85    -4.93     0.82    -688.1     36.85     64.96     7.178     457745    0    0    0    0    0
2026  7 23 17 26     3.83    -5.04    -0.50    -684.1     36.04     55.74     7.204     457212    0    0    0    0    0
2026  7 23 17 27     3.84    -5.08    -0.98    -680.9     30.62     37.24     7.376     453658    0    0    0    0    0
2026  7 23 17 28     3.42    -5.36    -1.30    -676.9     24.19     26.23     7.736     451803    0    0    0    0    0
2026  7 23 17 29     3.23    -5.59    -1.02    -671.5     21.80     24.90     7.575     447169    0    0    0    0    0
2026  7 23 17 30     3.35    -5.68    -0.70    -666.5     21.74     27.23     7.398     443399    0    0    0    0    0
2026  7 23 17 31     3.92    -5.53    -0.68    -662.5     23.75     30.42     7.430     441652    0    0    0    0    0
2026  7 23 17 32     4.83    -5.14    -1.11    -657.2     27.65     32.47     7.430     437647    0    0    0    0    0
2026  7 23 17 33     5.17    -4.67    -1.08    -652.9     36.52     33.19     7.430     433550    0    0    0    0    0
2026  7 23 17 34     5.38    -4.23    -1.11    -648.7     45.08     31.53     7.404     422498    0    0    0    0    0
2026  7 23 17 35     5.43    -3.89    -1.64    -645.4     50.56     28.14     7.376     401787    0    0    0    0    0
2026  7 23 17 36     4.95    -3.66    -0.78    -651.4     51.62     26.71     7.236     379321    0    0    0    0    0
2026  7 23 17 37     4.27    -3.31     2.18    -655.5     51.83     30.03     6.827     379321    0    0    0    0    0
2026  7 23 17 38     4.39    -3.00     2.10    -650.3     52.90     26.76     6.699     373652    0    0    0    0    0
2026  7 23 17 39     4.72    -2.93     1.44    -645.3     54.72     19.51     6.689     369371    0    0    0    0    0
2026  7 23 17 40     5.09    -3.01     0.35    -647.9     60.43      3.36     6.789     387484    0    0    0    0    0
2026  7 23 17 41     4.85    -2.50    -1.40    -667.1     75.72    -23.92     6.903     453334    0    0    0    0    0
2026  7 23 17 42     4.49    -2.79    -1.79    -668.6     78.24    -26.87     6.879     455055    0    0    0    0    0
2026  7 23 17 43     4.86    -2.94    -2.10    -664.5     75.50    -23.98     6.850     448002    0    0    0    0    0
2026  7 23 17 44     5.30    -2.89    -2.20    -657.8     73.92    -19.76     6.827     427850    0    0    0    0    0
2026  7 23 17 45     5.67    -2.90    -2.31    -655.8     71.52    -17.42     6.773     400270    0    0    0    0    0
2026  7 23 17 46     5.19    -3.34    -2.49    -654.7     71.22    -10.27     6.530     395062    0    0    0    0    0
2026  7 23 17 47     5.04    -3.65    -2.53    -647.7     71.36     -3.02     6.463     397268    0    0    0    0    0
2026  7 23 17 48     5.06    -3.90    -2.51    -639.1     71.45      3.96     6.466     400098    0    0    0    0    0
2026  7 23 17 49     5.83    -3.80    -2.17    -633.5     68.86     14.19     6.614     400098    0    0    0    0    0
2026  7 23 17 50     6.22    -3.40    -1.51    -630.0     63.75     27.26     6.668     369531    0    0    0    0    0
2026  7 23 17 51     6.36    -3.02    -1.25    -628.8     58.63     32.36     6.637     338937    0    0    0    0    0
2026  7 23 17 52     6.31    -2.80    -1.43    -631.2     56.95     24.55     6.486     325705    0    0    0    0    0
2026  7 23 17 53     6.10    -2.49    -1.92    -632.1     57.88     18.32     6.414     317088    0    0    0    0    0
2026  7 23 17 54     6.05    -2.42    -2.23    -629.5     59.12     15.87     6.428     310734    0    0    0    0    0
2026  7 23 17 55     6.20    -2.41    -2.24    -627.4     61.48     13.04     6.441     306750    0    0    0    0    0
2026  7 23 17 56     6.38    -2.20    -2.18    -627.7     65.87      9.02     6.487     305638    0    0    0    0    0
2026  7 23 17 57     6.32    -1.96    -2.29    -628.2     69.35      6.54     6.566     304773    0    0    0    0    0
2026  7 23 17 58     6.24    -2.07    -2.48    -628.6     71.67      3.26     6.588     307251    0    0    0    0    0
2026  7 23 17 59     6.29    -2.21    -2.62    -630.1     74.00     -1.46     6.588     319156    0    0    0    0    0
2026  7 23 18  0     6.16    -2.35    -2.68    -631.7     73.65     -3.86     6.658     326248    0    0    0    0    0
2026  7 23 18  1     6.00    -2.60    -2.50    -631.9     70.57     -4.97     6.696     327302    0    0    0    0    0
2026  7 23 18  2     5.92    -2.73    -2.27    -631.2     66.46     -4.71     6.728     328711    0    0    0    0    0
2026  7 23 18  3     5.82    -2.82    -2.61    -631.0     63.03     -1.96     6.783     329751    0    0    0    0    0
2026  7 23 18  4     5.75    -2.89    -2.88    -635.3     59.80      4.21     6.806     330080    0    0    0    0    0
2026  7 23 18  5     5.70    -2.85    -3.54    -636.3     55.03      7.83     6.517     325756    0    0    0    0    0
2026  7 23 18  6     5.32    -2.37    -2.72    -636.8     54.08      7.86     6.478     325174    0    0    0    0    0
2026  7 23 18  7     5.02    -2.49    -3.46    -640.8     61.24     -5.37     6.330     351873    0    0    0    0    0
2026  7 23 18  8     5.39    -2.83    -3.81    -652.8     68.21    -24.36     6.462     388716    0    0    0    0    0
2026  7 23 18  9     4.44    -2.31    -4.18    -658.9     75.45    -30.49     6.462     402014    0    0    0    0    0
2026  7 23 18 10     4.34    -2.26    -4.46    -665.6     84.88    -35.76     6.453     414772    0    0    0    0    0
2026  7 23 18 11     4.43    -2.06    -4.60    -669.1    101.88    -36.24     6.373     432050    0    0    0    0    0
2026  7 23 18 12     4.34    -0.82    -5.00    -674.3    120.36    -34.96     7.015     447569    0    0    0    0    0
2026  7 23 18 13     3.56     0.41    -4.92    -677.3    123.81    -33.98     7.306     465685    0    0    0    0    0
2026  7 23 18 14     2.30     2.00    -4.01    -686.1    141.88    -19.25     7.379     467175    0    0    0    0    0
2026  7 23 18 15     0.98     4.27    -3.35    -692.3    157.07     -0.64     7.409     455549    0    0    0    0    0
2026  7 23 18 16     1.04     5.05    -3.21    -691.9    158.38      7.12     7.062     447919    0    0    0    0    0
2026  7 23 18 17     1.10     2.58    -3.07    -694.5    114.61     10.62     6.749     443878    0    0    0    0    0
2026  7 23 18 18     0.90    -2.15    -3.32    -696.3     32.78      5.93     6.600     443358    0    0    0    0    0
2026  7 23 18 19     0.82    -3.90    -3.59    -690.2      7.13      0.32     6.578     445985    0    0    0    0    0
2026  7 23 18 20     0.84    -4.32    -3.73    -681.2      7.73     -4.67     6.578     450133    0    0    0    0    0
2026  7 23 18 21     2.03    -4.18    -3.84    -676.4     11.48    -11.33     6.652     450202    0    0    0    0    0
2026  7 23 18 22     3.04    -4.65    -4.08    -672.3     17.34    -17.15     6.722     450134    0    0    0    0    0
2026  7 23 18 23     3.60    -5.01    -4.37    -669.1     24.61    -22.31     6.849     450087    0    0    0    0    0
2026  7 23 18 24     3.77    -4.87    -4.63    -666.7     31.77    -24.56     6.965     450087    0    0    0    0    0
2026  7 23 18 25     3.79    -4.38    -4.90    -665.0     36.68    -22.59     6.922     450087    0    0    0    0    0
2026  7 23 18 26     3.56    -3.58    -5.37    -665.0     43.10    -22.87     6.806     452913    0    0    0    0    0
2026  7 23 18 27     3.58    -2.52    -5.78    -665.2     61.44    -30.18     6.911     460507    0    0    0    0    0
2026  7 23 18 28     3.63    -2.12    -5.93    -664.2     75.10    -35.67     7.183     457272    0    0    0    0    0
2026  7 23 18 29     3.80    -1.72    -5.99    -661.6     74.24    -35.41     7.193     445807    0    0    0    0    0
2026  7 23 18 30     4.03    -1.78    -5.93    -659.3     70.38    -33.25     7.275     439361    0    0    0    0    0
2026  7 23 18 31     4.41    -1.62    -5.71    -657.3     70.10    -30.77     7.117     436653    0    0    0    0    0
2026  7 23 18 32     4.64    -1.09    -5.63    -655.5     76.02    -28.63     7.040     426888    0    0    0    0    0
2026  7 23 18 33     4.64    -0.09    -5.65    -657.0     84.01    -24.24     7.027     424748    0    0    0    0    0
2026  7 23 18 34     4.52     0.24    -5.74    -658.6     91.99    -21.45     7.087     429426    0    0    0    0    0
2026  7 23 18 35     4.36     0.93    -5.67    -662.2     97.15    -21.35     7.091     445402    0    0    0    0    0
2026  7 23 18 36     3.84     1.79    -5.38    -666.7    100.56    -20.96     7.090     459756    0    0    0    0    0
2026  7 23 18 37     3.37     2.37    -5.15    -666.6    107.55    -19.85     7.114     466891    0    0    0    0    0
2026  7 23 18 38     3.82     2.29    -4.97    -668.5    116.15    -18.53     7.282     474423    0    0    0    0    0
2026  7 23 18 39     3.11     2.76    -4.61    -675.6    131.16    -15.34     7.469     464254    0    0    0    0    0
2026  7 23 18 40     2.29     3.08    -4.45    -679.9    141.93    -12.65     7.455     451230    0    0    0    0    0
2026  7 23 18 41     2.25     3.28    -4.45    -678.4    133.88    -22.28     7.123     450404    0    0    0    0    0
2026  7 23 18 42     1.85     3.37    -5.28    -676.5    125.06    -35.42     7.055     450370    0    0    0    0    0
2026  7 23 18 43     1.69     3.36    -5.61    -676.6    124.61    -41.55     6.934     450370    0    0    0    0    0
2026  7 23 18 44     1.64     2.73    -5.78    -678.8    126.84    -42.25     6.769     456301    0    0    0    0    0
2026  7 23 18 45     1.66     1.94    -5.99    -683.9    118.50    -42.45     6.753     484440    0    0    0    0    0
2026  7 23 18 46     1.23     1.44    -6.15    -686.8    107.09    -45.41     6.781     495620    0    0    0    0    0
2026  7 23 18 47     0.81     1.05    -6.36    -685.4    103.76    -50.28     6.879     493608    0    0    0    0    0
2026  7 23 18 48     0.47     1.10    -6.47    -679.5    104.25    -53.56     6.910     484984    0    0    0    0    0
2026  7 23 18 49     0.17     1.00    -6.59    -681.9    104.75    -55.81     6.934     473492    0    0    0    0    0
2026  7 23 18 50    -1.01    -0.32    -6.09    -686.4     92.61    -59.29     6.934     473482    0    0    0    0    0
2026  7 23 18 51    -1.29    -1.63    -5.63    -686.2     81.14    -60.62     6.918     473773    0    0    0    0    0
2026  7 23 18 52    -1.37    -2.85    -5.61    -686.2     70.02    -58.65     6.898     474206    0    0    0    0    0
2026  7 23 18 53    -1.08    -4.17    -5.61    -689.3     52.62    -54.37     6.838     471243    0    0    0    0    0
2026  7 23 18 54    -0.28    -4.54    -5.44    -692.5     32.75    -46.98     6.634     465102    0    0    0    0    0
2026  7 23 18 55    -0.34    -4.73    -5.27    -698.5     24.84    -40.03     6.811     435408    0    0    0    0    0
2026  7 23 18 56    -0.68    -4.45    -5.23    -701.3     20.91    -38.96     6.811     427211    0    0    0    0    0
2026  7 23 18 57    -0.63    -4.80    -5.43    -702.7     17.40    -43.41     6.607     436520    0    0    0    0    0
2026  7 23 18 58    -0.81    -4.90    -5.77    -702.8     30.59    -49.33     6.540     437415    0    0    0    0    0
2026  7 23 18 59    -0.80    -4.63    -5.96    -702.2     44.01    -53.06     6.536     433566    0    0    0    0    0
2026  7 23 19  0    -0.47    -5.30    -4.16    -696.6     34.78    -41.73     7.083     402440    0    0    0    0    0
2026  7 23 19  1    -0.03    -6.12    -2.66    -691.8     18.44    -27.55     7.399     384143    0    0    0    0    0
2026  7 23 19  2     0.38    -7.02    -1.67    -689.1      3.23    -17.88     7.411     381634    0    0    0    0    0
2026  7 23 19  3     0.54    -7.77    -1.10    -688.5     -1.68    -17.47     7.133     385861    0    0    0    0    0
2026  7 23 19  4     0.59    -7.81    -1.40    -688.8     -0.86    -16.23     6.563     395019    0    0    0    0    0
2026  7 23 19  5     0.65    -7.45    -2.16    -687.1      2.15    -14.41     6.493     390347    0    0    0    0    0
2026  7 23 19  6     0.84    -6.89    -3.41    -684.5      6.15    -16.83     6.615     375320    0    0    0    0    0
2026  7 23 19  7     1.26    -6.39    -3.88    -683.3      7.55    -18.55     6.606     369739    0    0    0    0    0
2026  7 23 19  8     1.42    -6.20    -3.81    -682.6      1.10    -14.80     6.563     376112    0    0    0    0    0
2026  7 23 19  9     1.42    -6.17    -3.64    -676.3     -3.61    -14.78     6.043     373481    0    0    0    0    0
2026  7 23 19 10     2.03    -5.81    -3.85    -671.1      5.96    -23.23     5.869     374473    0    0    0    0    0
2026  7 23 19 11     2.80    -5.29    -4.40    -666.7     22.40    -36.44     5.861     375988    0    0    0    0    0
2026  7 23 19 12     3.26    -4.88    -5.09    -663.7     35.60    -48.37     5.928     379996    0    0    0    0    0
2026  7 23 19 13     3.03    -4.99    -5.19    -666.8     31.47    -49.11     6.401     401907    0    0    0    0    0
2026  7 23 19 14     1.85    -4.94    -4.57    -678.5     20.62    -44.16     6.541     434755    0    0    0    0    0
2026  7 23 19 15     1.35    -3.59    -4.16    -687.6     30.74    -28.89     6.530     436243    0    0    0    0    0
2026  7 23 19 16     1.24     1.09    -4.01    -688.0     84.30    -23.49     6.530     429438    0    0    0    0    0
2026  7 23 19 17     1.19     4.82    -4.27    -687.2    121.60    -24.21     6.501     422760    0    0    0    0    0
2026  7 23 19 18     0.99     5.13    -4.40    -683.4    120.66    -27.38     6.411     423875    0    0    0    0    0
2026  7 23 19 19     1.07     4.48    -4.91    -683.2    116.09    -38.81     6.409     436133    0    0    0    0    0
2026  7 23 19 20     0.89     3.84    -5.16    -682.2    112.68    -53.16     6.384     435861    0    0    0    0    0
2026  7 23 19 21     0.82     2.73    -5.08    -681.5    117.89    -61.03     6.247     427564    0    0    0    0    0
2026  7 23 19 22     0.90     1.92    -5.34    -681.5    123.10    -62.01     6.247     411631    0    0    0    0    0
2026  7 23 19 23     1.04    -0.85    -4.76    -679.8     73.32    -47.01     6.053     370558    0    0    0    0    0
2026  7 23 19 24     1.18    -5.22    -3.41    -678.8     18.51    -26.62     5.881     362021    0    0    0    0    0
2026  7 23 19 25     1.30    -6.44    -2.97    -669.8     10.55    -23.80     5.861     359904    0    0    0    0    0
2026  7 23 19 26     1.43    -7.20    -2.68    -659.9      9.01    -23.51     5.859     358301    0    0    0    0    0
2026  7 23 19 27     2.35    -7.10    -2.58    -655.9     12.76    -27.21     5.786     358301    0    0    0    0    0
2026  7 23 19 28     2.73    -6.90    -2.58    -650.1     19.97    -30.82     5.732     358301    0    0    0    0    0
2026  7 23 19 29     3.07    -6.69    -2.93    -644.1     28.07    -35.05     5.637     355791    0    0    0    0    0
2026  7 23 19 30     3.54    -6.50    -3.82    -638.3     36.23    -40.40     5.465     348945    0    0    0    0    0
2026  7 23 19 31     3.52    -5.81    -4.29    -639.1     41.00    -42.43     5.459     341858    0    0    0    0    0
2026  7 23 19 32     3.33    -5.88    -3.96    -640.6     41.92    -42.38     5.455     342574    0    0    0    0    0
2026  7 23 19 33     2.69    -5.95    -3.64    -641.6     52.70    -42.11     5.412     349733    0    0    0    0    0
2026  7 23 19 34     2.55    -6.06    -3.37    -638.1     62.30    -40.42     5.412     349733    0    0    0    0    0
2026  7 23 19 35    -0.66    -6.99    -2.97    -690.8     17.59    -30.57     6.211     319079    0    0    0    0    0
2026  7 23 19 36    -1.33    -7.47    -2.74    -697.2      9.01    -26.90     6.196     321264    0    0    0    0    0
2026  7 23 19 37    -1.33    -7.43    -2.78    -697.6      4.90    -19.96     6.596     310767    0    0    0    0    0
2026  7 23 19 38    -0.74    -7.02    -3.29    -695.6      4.05    -17.97     6.559     301328    0    0    0    0    0
2026  7 23 19 39     0.30    -6.32    -3.94    -693.6      6.92    -17.90     6.614     298205    0    0    0    0    0
2026  7 23 19 40     0.87    -5.85    -4.20    -694.2     12.00    -15.31     6.889     302151    0    0    0    0    0
2026  7 23 19 41     0.26    -6.17    -2.89    -698.7     18.27    -10.14     6.972     321222    0    0    0    0    0
2026  7 23 19 42    -0.87    -7.11    -1.84    -707.5     21.34    -19.75     5.995     336795    0    0    0    0    0
2026  7 23 19 43    -1.40    -7.19    -3.40    -707.7     17.74    -27.90     5.999     340537    0    0    0    0    0
2026  7 23 19 44    -1.47    -7.21    -3.40    -705.8     11.89    -28.05     6.026     344343    0    0    0    0    0
2026  7 23 19 45    -0.90    -7.25    -3.55    -701.9      6.84    -31.37     6.026     355518    0    0    0    0    0
2026  7 23 19 46    -0.28    -7.22    -4.00    -694.0      9.56    -37.72     5.759     357008    0    0    0    0    0
2026  7 23 19 47     0.42    -6.94    -4.61    -687.1     15.03    -44.90     5.505     354777    0    0    0    0    0
2026  7 23 19 48     1.22    -6.14    -5.44    -685.0     24.34    -52.91     5.408     346913    0    0    0    0    0
2026  7 23 19 49     1.49    -5.93    -6.13    -684.4     33.13    -60.38     5.420     340012    0    0    0    0    0
2026  7 23 19 50     1.62    -5.51    -6.40    -686.4     41.05    -67.34     5.504     343269    0    0    0    0    0
2026  7 23 19 51     1.57    -4.78    -6.53    -688.0     45.41    -69.34     5.490     354941    0    0    0    0    0
2026  7 23 19 52     1.17    -4.36    -6.65    -687.1     49.27    -70.27     5.404     350822    0    0    0    0    0
2026  7 23 19 53     0.38    -4.28    -6.70    -683.3     52.27    -72.04     5.246     336301    0    0    0    0    0
2026  7 23 19 54     0.26    -4.35    -6.72    -683.3     52.91    -74.53     5.253     315797    0    0    0    0    0
2026  7 23 19 55     0.56    -4.39    -6.78    -678.1     52.91    -75.01     5.311     315797    0    0    0    0    0
2026  7 23 19 56     0.89    -4.62    -6.69    -673.7     49.76    -73.10     5.553     330136    0    0    0    0    0
2026  7 23 19 57     1.03    -4.93    -6.42    -669.7     47.47    -70.60     5.687     337453    0    0    0    0    0
2026  7 23 19 58     0.82    -5.06    -6.23    -671.3     43.66    -68.68     5.705     336329    0    0    0    0    0
2026  7 23 19 59     0.31    -4.64    -6.54    -684.5     42.41    -73.39     5.375     317739    0    0    0    0    0
2026  7 23 20  0     0.60    -4.09    -6.64    -685.3     53.16    -76.38     4.981     314306    0    0    0    0    0
2026  7 23 20  1     0.74    -3.41    -6.79    -685.2     64.03    -75.33     4.925     308611    0    0    0    0    0
2026  7 23 20  2     0.72    -3.60    -6.70    -682.7     72.21    -75.41     4.924     303989    0    0    0    0    0
2026  7 23 20  3     0.01    -4.03    -6.51    -681.7     66.79    -76.97     4.910     305458    0    0    0    0    0
2026  7 23 20  4     0.08    -4.18    -6.70    -684.3     56.41    -78.99     4.809     303563    0    0    0    0    0
2026  7 23 20  5    -0.10    -3.70    -6.77    -683.9     50.17    -78.89     4.824     301459    0    0    0    0    0
2026  7 23 20  6    -0.04    -3.71    -6.78    -681.2     47.36    -78.19     4.935     301459    0    0    0    0    0
2026  7 23 20  7    -0.16    -3.73    -6.74    -679.7     46.84    -77.86     5.208     320261    0    0    0    0    0
2026  7 23 20  8    -0.03    -3.79    -6.94    -688.5     48.52    -78.03     4.999     321454    0    0    0    0    0
2026  7 23 20  9    -0.24    -3.03    -7.21    -695.8     54.13    -78.32     5.000     320552    0    0    0    0    0
2026  7 23 20 10    -0.37    -2.67    -7.27    -700.2     57.63    -78.15     5.007     323251    0    0    0    0    0
2026  7 23 20 11    -1.10    -2.40    -7.11    -704.4     60.43    -76.35     4.954     323911    0    0    0    0    0
2026  7 23 20 12    -1.80    -2.46    -6.78    -701.8     62.00    -75.08     5.224     320661    0    0    0    0    0
2026  7 23 20 13    -1.74    -2.49    -6.71    -694.3     58.15    -73.61     5.264     320166    0    0    0    0    0
2026  7 23 20 14    -1.19    -2.89    -6.49    -685.9     52.71    -70.45     5.292     318617    0    0    0    0    0
2026  7 23 20 15     0.16    -4.09    -5.86    -677.1     45.91    -63.73     5.383     313728    0    0    0    0    0
2026  7 23 20 16     1.17    -4.93    -5.36    -669.4     37.50    -54.08     5.344     311310    0    0    0    0    0
2026  7 23 20 17     1.93    -5.44    -4.96    -663.3     27.24    -43.47     5.288     307863    0    0    0    0    0
2026  7 23 20 18     2.24    -5.21    -4.81    -662.7     13.52    -36.77     5.378     296413    0    0    0    0    0
2026  7 23 20 19     2.34    -5.19    -4.74    -662.7      8.90    -42.47     5.239     294805    0    0    0    0    0
2026  7 23 20 20     2.34    -5.99    -3.96    -662.2     10.87    -46.66     5.408     295838    0    0    0    0    0
2026  7 23 20 21     2.51    -6.12    -3.67    -658.2     12.59    -41.13     5.405     302032    0    0    0    0    0
2026  7 23 20 22     3.24    -6.37    -3.18    -655.7     11.56    -34.76     5.501     302444    0    0    0    0    0
2026  7 23 20 23     3.38    -6.28    -3.29    -654.3     10.14    -33.68     5.432     299344    0    0    0    0    0
2026  7 23 20 24     3.37    -5.91    -3.72    -653.1     13.78    -33.96     5.377     298375    0    0    0    0    0
2026  7 23 20 25     3.48    -5.70    -3.87    -650.0     19.08    -35.10     5.365     299886    0    0    0    0    0
2026  7 23 20 26     3.60    -5.72    -3.74    -648.3     21.64    -35.47     5.365     302363    0    0    0    0    0
2026  7 23 20 27     3.64    -5.83    -3.72    -648.3     20.86    -35.28     5.249     303971    0    0    0    0    0
2026  7 23 20 28     3.67    -5.75    -3.94    -646.7     20.51    -35.90     4.995     304034    0    0    0    0    0
2026  7 23 20 29     3.68    -5.41    -4.15    -643.7     21.46    -34.86     4.785     300766    0    0    0    0    0
2026  7 23 20 30     3.63    -4.97    -4.36    -639.5     24.18    -30.55     4.733     291352    0    0    0    0    0
2026  7 23 20 31     3.91    -5.29    -3.98    -638.0     29.77    -29.83     4.733     282965    0    0    0    0    0
2026  7 23 20 32     4.72    -5.16    -3.97    -637.0     35.44    -32.37     5.065     271071    0    0    0    0    0
2026  7 23 20 33     4.64    -4.47    -4.08    -640.2     44.94    -37.71     5.100     267077    0    0    0    0    0
2026  7 23 20 34     4.67    -4.05    -4.36    -639.2     53.17    -39.55     5.106     262596    0    0    0    0    0
2026  7 23 20 35     4.08    -3.91    -4.65    -638.3     56.05    -41.09     5.281     262596    0    0    0    0    0
2026  7 23 20 36     3.66    -3.93    -4.96    -637.1     57.03    -49.36     6.101     276510    0    0    0    0    0
2026  7 23 20 37     3.40    -3.71    -5.77    -647.4     57.44    -62.91     6.230     321145    0    0    0    0    0
2026  7 23 20 38     2.39    -3.68    -6.02    -658.9     57.78    -66.65     7.456     324559    0    0    0    0    0
2026  7 23 20 39     2.03    -4.14    -5.97    -660.1     52.53    -64.60     7.465     311013    0    0    0    0    0
2026  7 23 20 40     1.69    -4.42    -5.72    -661.8     40.82    -63.40     6.804     311427    1    0    0    0    0
2026  7 23 20 41     1.37    -4.61    -5.40    -661.9     30.27    -61.08     5.247     314567    1    0    0    0    0
2026  7 23 20 42     1.32    -5.23    -5.25    -663.2     22.00    -56.11     5.281     310807    1    0    0    0    0
2026  7 23 20 43     1.69    -5.01    -5.33    -664.9     19.74    -53.47     5.610     293261    0    0    0    0    0
2026  7 23 20 44     2.00    -4.62    -5.73    -661.7     27.47    -55.90     6.259     294081    0    0    0    0    0
2026  7 23 20 45     2.18    -4.18    -5.72    -656.0     36.29    -58.13     7.360     299549    0    0    0    0    0
2026  7 23 20 46     2.55    -3.54    -5.28    -649.9     46.45    -57.71     7.695     309134    0    0    0    0    0
2026  7 23 20 47     3.04    -3.22    -4.80    -644.8     57.37    -56.10     7.773     315926    0    0    0    0    0
2026  7 23 20 48     3.31    -3.67    -4.40    -643.1     61.87    -51.87     7.705     311166    0    0    0    0    0
2026  7 23 20 49     2.01    -6.22    -3.95    -658.4     13.53    -32.18     6.454     293551    0    0    0    0    0
2026  7 23 20 50     1.50    -6.29    -3.97    -654.7     10.96    -31.52     5.832     303107    0    0    0    0    0
2026  7 23 20 51     0.94    -5.06    -5.09    -666.3     37.22    -52.71     6.243     311608    0    0    0    0    0
2026  7 23 20 52     0.45    -5.11    -5.61    -671.2     48.37    -67.81     5.894     299699    0    0    0    0    0
2026  7 23 20 53     0.55    -5.31    -5.61    -667.7     42.53    -69.64     5.846     289765    0    0    0    0    0
2026  7 23 20 54     0.83    -4.94    -5.58    -661.6     37.12    -68.43     5.769     288725    0    0    0    0    0
2026  7 23 20 55     1.83    -5.05    -5.74    -658.9     31.91    -58.18     5.769     282435    0    0    0    0    0
2026  7 23 20 56     2.24    -5.50    -4.91    -655.2     18.96    -38.00     6.279     273951    0    0    0    0    0
2026  7 23 20 57     1.92    -6.06    -3.94    -655.1      5.17    -20.06     6.399     269283    0    0    0    0    0
2026  7 23 20 58     0.90    -6.74    -3.15    -662.1      0.67    -12.72     5.986     268071    0    0    0    0    0
2026  7 23 20 59     0.70    -7.69    -1.68    -662.7      1.75     -8.51     5.646     266921    0    0    0    0    0
2026  7 23 21  0     0.72    -7.67    -1.54    -656.6      6.81     -5.44     5.439     266058    0    0    0    0    0
2026  7 23 21  1     1.00    -7.30    -2.47    -651.0     14.02    -14.99     5.277     262997    0    0    0    0    0
2026  7 23 21  2     1.43    -6.93    -3.30    -644.7     19.28    -27.23     5.194     257545    0    0    0    0    0
2026  7 23 21  3     1.96    -6.68    -3.69    -637.4     21.57    -39.28     5.194     249774    0    0    0    0    0
2026  7 23 21  4     2.43    -6.16    -3.91    -633.5     22.05    -39.81     5.836     246284    0    0    0    0    0
2026  7 23 21  5     3.40    -5.83    -4.03    -631.0     22.38    -37.95     6.250     245279    0    0    0    0    0
2026  7 23 21  6     3.90    -5.92    -3.95    -630.8     20.54    -33.71     6.494     245279    0    0    0    0    0
2026  7 23 21  7     3.84    -6.10    -3.64    -629.8     17.02    -29.01     6.581     245279    0    0    0    0    0
2026  7 23 21  8     4.04    -6.11    -3.36    -626.0     16.31    -25.77     6.351     244555    0    0    0    0    0
2026  7 23 21  9     4.55    -6.04    -3.19    -621.1     18.78    -23.23     5.858     241760    0    0    0    0    0
2026  7 23 21 10     5.20    -5.94    -3.09    -619.2     22.96    -18.32     5.213     227282    0    0    0    0    0
2026  7 23 21 11     5.28    -5.92    -2.93    -622.0     24.43    -15.00     5.239     226178    0    0    0    0    0
2026  7 23 21 12     5.13    -5.83    -3.32    -623.3     26.27    -16.06     5.536     227437    0    0    0    0    0
2026  7 23 21 13     4.99    -5.56    -3.28    -623.4     28.50    -21.58     5.848     232597    0    0    0    0    0
2026  7 23 21 14     4.41    -5.39    -3.36    -622.4     29.70    -26.67     5.930     233663    0    0    0    0    0
2026  7 23 21 15     4.13    -5.74    -3.28    -621.3     29.74    -26.73     6.130     234946    0    0    0    0    0
2026  7 23 21 16     4.17    -5.69    -3.22    -619.5     28.77    -27.34     6.469     237493    0    0    0    0    0
2026  7 23 21 17     4.26    -5.62    -3.16    -617.4     28.69    -28.08     6.469     237493    0    0    0    0    0
2026  7 23 21 18     4.91    -5.32    -2.71    -615.2     33.46    -17.35     6.314     235393    0    0    0    0    0
2026  7 23 21 19     5.45    -5.25    -2.12    -613.1     43.00     -2.79     6.107     223651    0    0    0    0    0
2026  7 23 21 20     5.66    -5.27    -1.81    -615.2     51.67      1.94     5.462     210399    0    0    0    0    0
2026  7 23 21 21     5.08    -5.51    -1.78    -617.5     51.28     -0.07     4.943     208185    0    0    0    0    0
2026  7 23 21 22     4.89    -5.57    -2.21    -617.0     48.92     -1.10     4.822     219209    0    0    0    0    0
2026  7 23 21 23     5.10    -5.65    -1.87    -616.6     48.48     -2.64     4.753     231254    0    0    0    0    0
2026  7 23 21 24     5.23    -5.62    -2.14    -615.3     49.91     -5.80     4.743     233056    0    0    0    0    0
2026  7 23 21 25     5.59    -5.45    -2.43    -613.8     51.96     -9.40     4.744     226231    0    0    0    0    0
2026  7 23 21 26     5.78    -5.31    -2.35    -613.5     52.41    -11.74     4.744     223412    0    0    0    0    0
2026  7 23 21 27     5.82    -5.32    -2.26    -614.1     51.27    -14.57     4.744     226818    0    0    0    0    0
2026  7 23 21 28     5.84    -5.35    -2.32    -615.3     48.70    -17.18     4.901     237751    0    0    0    0    0
2026  7 23 21 29     5.82    -5.50    -2.35    -616.7     44.17    -18.64     4.954     240370    0    0    0    0    0
2026  7 23 21 30     5.79    -5.52    -2.26    -616.5     39.06    -18.80     4.946     240093    0    0    0    0    0
2026  7 23 21 31     5.92    -5.42    -2.11    -614.6     37.90    -18.12     4.822     235147    0    0    0    0    0
2026  7 23 21 32     6.18    -4.84    -2.13    -613.4     39.52    -16.66     4.740     230093    0    0    0    0    0
2026  7 23 21 33     6.40    -4.49    -2.15    -613.3     42.13    -15.98     4.760     228525    0    0    0    0    0
2026  7 23 21 34     6.46    -4.61    -2.02    -613.2     48.36    -18.23     4.741     228775    0    0    0    0    0
2026  7 23 21 35     6.49    -4.42    -2.07    -617.0     56.54    -23.49     4.909     228897    0    0    0    0    0
2026  7 23 21 36     6.29    -4.88    -1.70    -619.5     51.45    -26.04     4.937     225371    0    0    0    0    0
2026  7 23 21 37     6.17    -5.33    -0.83    -620.7     40.93    -19.78     5.547     222549    0    0    0    0    0
2026  7 23 21 38     5.97    -5.50    -0.23    -622.5     37.03    -11.14     5.592     222525    0    0    0    0    0
2026  7 23 21 39     5.73    -5.58     0.12    -623.3     35.96     -2.75     5.544     224002    0    0    0    0    0
2026  7 23 21 40     5.58    -5.68     0.41    -622.6     33.43      3.77     5.315     229473    0    0    0    0    0
2026  7 23 21 41     5.49    -5.68     0.38    -621.0     30.92      4.01     5.071     229473    0    0    0    0    0
2026  7 23 21 42     5.49    -5.67     0.17    -619.8     31.13      6.73     5.071     229361    0    0    0    0    0
2026  7 23 21 43     5.45    -5.77    -0.02    -619.0     31.69     10.12     5.071     222668    0    0    0    0    0
2026  7 23 21 44     5.49    -5.72     0.14    -616.6     32.03     10.23     5.014     221628    0    0    0    0    0
2026  7 23 21 45     5.79    -5.33     0.17    -614.8     32.09      9.05     4.942     217519    0    0    0    0    0
2026  7 23 21 46     5.89    -5.20     0.16    -614.4     31.76      6.08     4.922     216249    0    0    0    0    0
2026  7 23 21 47     5.37    -5.71    -0.37    -624.6     28.93     -6.35     5.280     232458    0    0    0    0    0
2026  7 23 21 48     4.37    -6.37    -1.31    -635.0     25.48    -21.72     5.459     244797    0    0    0    0    0
2026  7 23 21 49     4.24    -6.40    -1.55    -633.8     25.18    -25.30     5.459     245651    0    0    0    0    0
2026  7 23 21 50     4.25    -6.40    -0.87    -631.9     26.01    -26.08     5.279     245723    0    0    0    0    0
2026  7 23 21 51     4.36    -6.44    -0.13    -629.3     27.21    -19.77     5.183     233032    0    0    0    0    0
2026  7 23 21 52     4.50    -6.43     0.31    -626.0     28.19     -6.73     5.182     218398    0    0    0    0    0
2026  7 23 21 53     4.60    -6.31     0.58    -622.4     28.87      8.15     5.175     212720    0    0    0    0    0
2026  7 23 21 54     4.50    -6.16     0.93    -619.5     29.70     15.11     5.144     212297    0    0    0    0    0
2026  7 23 21 55     4.54    -6.09     1.05    -619.0     31.67     16.04     5.180     210134    0    0    0    0    0
2026  7 23 21 56     4.77    -5.93     0.86    -618.5     34.04     17.13     4.971     210098    0    0    0    0    0
2026  7 23 21 57     4.90    -5.78     0.51    -622.1     30.40      9.52     5.216     215291    0    0    0    0    0
2026  7 23 21 58     4.48    -5.98     0.48    -629.5     23.14     -2.97     5.350     224562    0    0    0    0    0
2026  7 23 21 59     4.07    -6.34     0.03    -633.8     15.68     -5.72     5.568     232108    0    0    0    0    0
2026  7 23 22  0     4.01    -6.21    -0.07    -631.1     18.87     -4.46     5.489     233506    0    0    0    0    0
2026  7 23 22  1     4.17    -6.02     0.06    -625.7     24.81     -1.64     5.271     226603    0    0    0    0    0
2026  7 23 22  2     4.46    -5.89     0.37    -618.9     30.71      2.36     5.005     212797    0    0    0    0    0
2026  7 23 22  3     4.59    -5.91     0.67    -619.4     28.94      8.60     4.810     212337    0    0    0    0    0
2026  7 23 22  4     4.40    -6.01     0.10    -622.6     25.73      3.43     4.752     210737    0    0    0    0    0
2026  7 23 22  5     4.06    -6.12    -0.46    -623.3     21.37     -3.40     4.472     210946    0    0    0    0    0
2026  7 23 22  6     3.65    -6.12    -1.30    -623.7     16.34    -16.25     4.493     209301    0    0    0    0    0
2026  7 23 22  7     3.47    -6.19    -1.63    -623.6     14.49    -27.17     4.562     208765    0    0    0    0    0
2026  7 23 22  8     3.59    -6.14    -1.39    -623.3     14.40    -26.24     4.562     206872    0    0    0    0    0
2026  7 23 22  9     3.73    -6.06    -1.27    -623.1     14.70    -25.45     4.546     206553    0    0    0    0    0
2026  7 23 22 10     3.98    -5.93    -1.49    -620.8     14.91    -25.84     4.500     206104    0    0    0    0    0
2026  7 23 22 11     3.79    -5.83    -2.54    -620.1     16.55    -26.34     4.684     206169    0    0    0    0    0
2026  7 23 22 12     3.49    -5.98    -2.62    -622.4     16.82    -25.87     4.935     208683    0    0    0    0    0
2026  7 23 22 13     2.94    -6.32    -2.34    -628.7     14.24    -22.52     5.136     221448    0    0    0    0    0
2026  7 23 22 14     2.68    -6.44    -2.42    -629.8     13.13    -19.39     4.889     233977    0    0    0    0    0
2026  7 23 22 15     2.62    -6.60    -2.51    -627.8     13.36    -21.36     4.688     238985    0    0    0    0    0
2026  7 23 22 16     2.62    -6.80    -2.42    -625.8     12.56    -24.46     4.688     241918    0    0    0    0    0
2026  7 23 22 17     2.57    -6.79    -2.33    -627.9      9.40    -20.68     4.846     245457    0    0    0    0    0
2026  7 23 22 18     2.50    -6.77    -2.22    -628.8      9.37    -11.00     5.044     252261    0    0    0    0    0
2026  7 23 22 19     2.49    -6.79    -1.99    -629.1     10.62     -6.22     5.044     256325    0    0    0    0    0
2026  7 23 22 20     2.57    -6.79    -1.58    -632.0     10.87     -6.82     5.069     257910    0    0    0    0    0
2026  7 23 22 21     2.56    -6.74    -0.97    -634.6     11.18     -2.14     5.082     260357    0    0    0    0    0
2026  7 23 22 22     2.24    -6.92    -0.52    -635.8      9.90      5.02     4.911     270416    0    0    0    0    0
2026  7 23 22 23     2.25    -7.08    -0.67    -637.7      7.63      9.41     4.839     272176    0    0    0    0    0
2026  7 23 22 24     2.39    -7.11    -1.08    -635.2      7.18      4.61     4.837     261796    0    0    0    0    0
2026  7 23 22 25     2.75    -6.84    -1.59    -631.6     12.35    -10.07     4.603     251121    0    0    0    0    0
2026  7 23 22 26     2.84    -6.73    -1.79    -628.0     19.60    -25.26     4.490     242196    0    0    0    0    0
2026  7 23 22 27     2.73    -6.76    -1.61    -624.8     24.85    -34.91     4.520     237040    0    0    0    0    0
2026  7 23 22 28     2.83    -6.68    -1.42    -622.9     24.53    -34.39     4.536     237040    0    0    0    0    0
2026  7 23 22 29     3.35    -6.56    -2.10    -621.8     24.46    -28.35     4.532     235133    0    0    0    0    0
2026  7 23 22 30     3.67    -6.39    -2.65    -620.6     26.54    -27.61     4.503     221784    0    0    0    0    0
2026  7 23 22 31     3.84    -6.41    -2.93    -619.2     30.33    -29.97     4.467     221784    0    0    0    0    0
2026  7 23 22 32     3.96    -5.68    -3.01    -618.1     32.14    -32.90     4.437     222184    0    0    0    0    0
2026  7 23 22 33     4.18    -5.45    -3.47    -615.9     32.29    -35.11     4.418     225177    0    0    0    0    0
2026  7 23 22 34     3.77    -5.48    -2.98    -633.7     18.23    -16.98     4.445     257572    0    0    0    0    0
2026  7 23 22 35     2.81    -6.10    -0.90    -646.8     15.90     20.37     4.448     288708    0    0    0    0    0
2026  7 23 22 36     2.76    -6.51    -0.36    -645.3     14.81     25.16     4.451     284522    0    0    0    0    0
2026  7 23 22 37     2.73    -6.84    -0.59    -641.2     14.30      4.14     4.450     276151    0    0    0    0    0
2026  7 23 22 38     1.57    -7.03    -0.23    -640.9     12.27    -20.69     4.462     277656    0    0    0    0    0
2026  7 23 22 39     1.45    -7.19    -0.27    -643.1      9.61     -9.17     4.479     291231    0    0    0    0    0
2026  7 23 22 40     1.51    -7.22    -0.32    -641.1      6.20     -1.04     4.492     291347    0    0    0    0    0
2026  7 23 22 41     1.62    -7.34     0.15    -640.6      3.00     -3.83     4.520     289300    0    0    0    0    0
2026  7 23 22 42     1.33    -7.38    -0.23    -646.1      2.58     -6.79     4.636     265759    0    0    0    0    0
2026  7 23 22 43     0.95    -7.45    -1.06    -649.9      3.71    -13.24     4.605     259520    0    0    0    0    0
2026  7 23 22 44     1.12    -7.37    -2.29    -651.3      6.22    -30.78     4.345     256580    0    0    0    0    0
2026  7 23 22 45     1.53    -7.19    -2.98    -649.1      9.41    -42.30     4.381     256580    0    0    0    0    0
2026  7 23 22 46     1.88    -7.03    -2.86    -645.3     11.80    -38.36     4.532     260987    0    0    0    0    0
2026  7 23 22 47     2.11    -6.91    -2.17    -641.6     13.17    -18.46     4.534     272042    0    0    0    0    0
2026  7 23 22 48     2.36    -6.74    -1.71    -635.6     14.04      0.53     4.534     281322    0    0    0    0    0
2026  7 23 22 49     2.37    -6.76    -1.14    -634.1     14.58     10.17     4.483     283487    0    0    0    0    0
2026  7 23 22 50     2.57    -6.78    -0.61    -634.1     14.69      7.87     4.467     280528    0    0    0    0    0
2026  7 23 22 51     2.65    -6.77    -0.68    -635.9     13.27     -5.81     4.476     279627    0    0    0    0    0
2026  7 23 22 52     2.53    -6.82    -0.79    -636.1     11.06    -20.41     4.582     312112    0    0    0    0    0
2026  7 23 22 53     0.12    -6.93    -3.04    -671.1     11.01    -43.27     4.169     267491    0    0    0    0    0
2026  7 23 22 54     0.45    -6.88    -3.05    -671.5     12.29    -41.74     4.169     262903    0    0    0    0    0
2026  7 23 22 55     0.36    -6.92    -2.87    -672.0     12.84    -38.18     4.246     261145    0    0    0    0    0
2026  7 23 22 56    -0.11    -7.04    -2.69    -671.9     11.77    -35.30     4.300     259585    0    0    0    0    0
2026  7 23 22 57    -0.27    -7.13    -2.61    -671.6      9.61    -33.08     4.300     259666    0    0    0    0    0
2026  7 23 22 58    -0.13    -7.11    -2.57    -668.0      8.31    -32.05     4.388     259711    0    0    0    0    0
2026  7 23 22 59     0.16    -7.01    -2.56    -663.4      8.33    -33.17     4.487     259419    0    0    0    0    0
2026  7 23 23  0     0.93    -6.88    -2.67    -666.5     10.96    -38.86     4.344     259419    0    0    0    0    0
2026  7 23 23  1     1.11    -6.88    -2.76    -666.4     13.16    -41.14     4.346     260094    0    0    0    0    0
2026  7 23 23  2     0.73    -6.97    -2.90    -667.0     13.96    -40.28     4.344     263024    0    0    0    0    0
2026  7 23 23  3     0.27    -7.11    -2.53    -667.7     13.47    -34.16     4.537     266818    0    0    0    0    0
2026  7 23 23  4     0.07    -7.22    -1.99    -668.0     10.37    -22.86     4.837     268408    0    0    0    0    0
2026  7 23 23  5     0.16    -7.29    -1.81    -666.5      6.67    -16.88     4.751     267549    0    0    0    0    0
2026  7 23 23  6     0.29    -7.33    -1.90    -663.4      4.84    -17.67     4.558     265062    0    0    0    0    0
2026  7 23 23  7     0.34    -7.34    -1.92    -659.7      4.75    -20.35     4.475     261814    0    0    0    0    0
2026  7 23 23  8     0.52    -7.33    -1.92    -660.6      4.29    -23.47     4.580     261357    0    0    0    0    0
2026  7 23 23  9     0.51    -7.32    -1.89    -660.9      4.61    -22.35     4.619     261288    0    0    0    0    0
2026  7 23 23 10     0.60    -7.28    -1.75    -662.0      5.78    -11.70     4.656     260390    0    0    0    0    0
2026  7 23 23 11     0.60    -7.24    -1.48    -661.2      6.35     -2.91     4.685     261274    0    0    0    0    0
2026  7 23 23 12     0.68    -7.19    -1.12    -658.0      8.42     -2.79     4.569     270112    0    0    0    0    0
2026  7 23 23 13     0.92    -7.12    -1.00    -658.1      7.61     -2.95     4.432     283293    0    0    0    0    0
2026  7 23 23 14     1.22    -7.06    -1.01    -656.8      7.29     -7.67     4.381     297855    0    0    0    0    0
2026  7 23 23 15     1.58    -6.90    -1.36    -650.1     10.50    -15.85     4.346     303950    0    0    0    0    0
2026  7 23 23 16     1.93    -6.71    -1.79    -642.2     13.90    -23.54     4.285     307299    0    0    0    0    0
2026  7 23 23 17     2.22    -6.47    -2.25    -633.2     16.43    -28.92     4.160     307299    0    0    0    0    0
2026  7 23 23 18     2.72    -6.00    -2.69    -626.0     24.77    -36.18     4.029     298621    0    0    0    0    0
2026  7 23 23 19     3.46    -5.23    -3.11    -620.7     40.16    -45.65     3.891     280115    0    0    0    0    0
2026  7 23 23 20     4.11    -4.14    -3.53    -614.5     59.14    -55.47     3.762     262401    0    0    0    0    0
2026  7 23 23 21     4.50    -3.90    -3.83    -611.4     71.41    -58.41     3.733     254476    0    0    0    0    0
2026  7 23 23 22     4.72    -4.34    -3.61    -609.5     72.31    -56.25     3.634     246898    0    0    0    0    0
2026  7 23 23 23     4.72    -4.77    -3.16    -608.1     62.42    -51.17     3.486     236143    0    0    0    0    0
2026  7 23 23 24     4.56    -4.98    -2.93    -608.4     47.54    -40.62     3.498     230269    0    0    0    0    0
2026  7 23 23 25     4.65    -5.16    -2.77    -608.3     40.80    -31.34     3.608     222959    0    0    0    0    0
2026  7 23 23 26     4.71    -5.26    -2.65    -606.3     40.80    -29.32     3.694     214738    0    0    0    0    0
2026  7 23 23 27     4.78    -5.35    -2.33    -602.7     40.66    -28.88     3.702     214993    0    0    0    0    0
2026  7 23 23 28     4.92    -5.52    -1.89    -605.0     38.28    -20.10     3.712     218622    0    0    0    0    0
2026  7 23 23 29     5.02    -5.61    -1.52    -600.9     34.88    -14.83     3.717     221744    0    0    0    0    0
2026  7 23 23 30     4.65    -5.80    -0.99    -607.8     31.82     -6.26     3.790     239275    0    0    0    0    0
2026  7 23 23 31     4.64    -5.81    -0.75    -607.7     32.34     -2.50     3.971     235826    0    0    0    0    0
2026  7 23 23 32     4.52    -5.85    -0.52    -608.1     31.47     -2.60     4.103     229870    0    0    0    0    0
2026  7 23 23 33     3.80    -6.03    -0.47    -613.9     26.52     -7.20     4.089     234812    0    0    0    0    0
2026  7 23 23 34     3.28    -6.30    -1.13    -624.1     24.52    -19.77     4.478     244066    0    0    0    0    0
2026  7 23 23 35     2.45    -6.37    -1.55    -645.5     24.37    -31.75     4.152     253734    0    0    0    0    0
2026  7 23 23 36     1.16    -6.06    -3.04    -653.7     43.10    -46.27     4.028     238906    0    0    0    0    0
2026  7 23 23 37     0.18    -5.06    -4.37    -657.6     57.62    -50.18     4.081     220410    0    0    0    0    0
2026  7 23 23 38    -0.94    -3.81    -5.91    -659.5     58.60    -50.27     4.086     219372    0    0    0    0    0
2026  7 23 23 39    -0.89    -3.49    -5.52    -656.4     53.10    -48.01     4.034     225061    0    0    0    0    0
2026  7 23 23 40    -0.06    -4.34    -5.04    -652.3     42.46    -45.60     3.973     242677    0    0    0    0    0
2026  7 23 23 41     1.01    -5.63    -3.36    -650.3     29.67    -41.08     3.924     251550    0    0    0    0    0
2026  7 23 23 42     1.60    -6.18    -2.41    -648.1     22.84    -35.16     3.884     252384    0    0    0    0    0
2026  7 23 23 43     1.63    -5.92    -3.13    -645.5     22.79    -33.88     3.891     253358    0    0    0    0    0
2026  7 23 23 44     1.44    -5.43    -4.05    -645.5     25.28    -41.78     3.990     254704    0    0    0    0    0
2026  7 23 23 45     1.72    -5.52    -3.58    -646.8     26.31    -45.23     4.097     255479    0    0    0    0    0
2026  7 23 23 46     2.36    -6.16    -2.79    -645.4     24.36    -39.46     4.053     252003    0    0    0    0    0
2026  7 23 23 47     2.52    -6.20    -2.25    -642.5     22.43    -33.70     3.878     244310    0    0    0    0    0
2026  7 23 23 48     2.58    -6.18    -2.32    -640.4     20.54    -27.75     4.044     241432    0    0    0    0    0
2026  7 23 23 49     2.73    -6.28    -2.05    -638.0     18.40    -20.36     4.062     236875    0    0    0    0    0
2026  7 23 23 50     2.92    -6.36    -1.82    -636.2     18.27    -19.16     4.063     235027    0    0    0    0    0
2026  7 23 23 51     2.92    -6.42    -1.79    -635.9     18.92    -23.68     3.870     234771    0    0    0    0    0
2026  7 23 23 52     2.50    -6.53    -2.26    -639.2     24.25    -31.33     3.705     238099    0    0    0    0    0
2026  7 23 23 53     2.39    -6.42    -3.20    -642.5     29.01    -42.34     3.532     241130    0    0    0    0    0
2026  7 23 23 54     2.29    -6.23    -3.74    -644.8     30.67    -50.26     3.377     241130    0    0    0    0    0
2026  7 23 23 55     2.42    -6.13    -3.61    -642.0     34.91    -49.63     3.252     239913    0    0    0    0    0
2026  7 23 23 56     2.89    -6.23    -2.94    -642.1     36.39    -48.88     3.079     232880    0    0    0    0    0
2026  7 23 23 57     2.89    -6.11    -3.28    -640.0     33.47    -48.88     2.944     230461    0    0    0    0    0
2026  7 23 23 58     2.85    -6.15    -3.59    -640.0     33.58    -49.06     2.816     225651    0    0    0    0    0
2026  7 23 23 59     2.99    -6.20    -3.65    -638.8     33.46    -51.42     2.696     225586    0    0    0    0    0
2026  7 24  0  0     3.13    -6.11    -3.54    -635.3     37.65    -53.30     2.571     217063    0    0    0    0    0
2026  7 24  0  1     3.20    -6.10    -3.48    -634.0     42.19    -53.23     2.528     214543    0    0    0    0    0
2026  7 24  0  2     3.15    -6.10    -3.14    -634.1     39.63    -52.19     2.683     212174    0    0    0    0    0
2026  7 24  0  3     3.02    -6.09    -3.12    -635.5     31.45    -48.96     2.737     205266    0    0    0    0    0
2026  7 24  0  4     2.87    -6.25    -3.04    -638.1     26.17    -45.68     2.644     202452    0    0    0    0    0
2026  7 24  0  5     2.84    -6.39    -2.89    -639.5     24.40    -45.33     2.631     202144    0    0    0    0    0
2026  7 24  0  6     2.84    -6.44    -2.71    -638.6     24.99    -45.23     2.687     202359    0    0    0    0    0
2026  7 24  0  7     2.84    -6.55    -2.69    -637.4     26.45    -46.23     2.699     210910    0    0    0    0    0
2026  7 24  0  8     2.83    -6.45    -2.95    -635.1     27.65    -47.42     2.647     215528    0    0    0    0    0
2026  7 24  0  9     2.83    -6.28    -3.29    -634.4     31.26    -49.36     2.658     219055    0    0    0    0    0
2026  7 24  0 10     2.96    -6.22    -3.50    -635.6     38.56    -54.87     2.741     224225    0    0    0    0    0
2026  7 24  0 11     3.09    -5.98    -3.66    -635.3     45.01    -59.34     2.782     231215    0    0    0    0    0
2026  7 24  0 12     3.27    -5.62    -3.91    -633.3     50.68    -62.68     2.808     234974    0    0    0    0    0
2026  7 24  0 13     3.39    -5.21    -4.21    -631.6     56.52    -66.34     2.828     235936    0    0    0    0    0
2026  7 24  0 14     3.50    -5.01    -4.36    -629.3     60.69    -68.38     2.839     235465    0    0    0    0    0
2026  7 24  0 15     3.64    -4.80    -4.51    -627.1     61.72    -68.19     2.933     230780    0    0    0    0    0
2026  7 24  0 16     3.78    -4.43    -4.74    -626.3     60.01    -66.41     3.149     220826    0    0    0    0    0
2026  7 24  0 17     3.75    -4.09    -4.90    -626.7     58.82    -65.11     3.361     213010    0    0    0    0    0
2026  7 24  0 18     3.63    -3.60    -5.12    -628.8     59.28    -65.66     3.569     210537    0    0    0    0    0
2026  7 24  0 19     3.53    -3.60    -4.50    -632.9     54.12    -57.19     3.756     213598    0    0    0    0    0
2026  7 24  0 20     3.62    -3.86    -3.36    -634.0     36.57    -37.43     3.832     214989    0    0    0    0    0
2026  7 24  0 21     3.70    -4.19    -3.50    -633.2     22.87    -24.69     3.884     197239    0    0    0    0    0
2026  7 24  0 22     3.66    -4.05    -3.93    -630.3     27.90    -19.63     4.006     189667    0    0    0    0    0
2026  7 24  0 23     3.77    -3.74    -4.14    -625.8     40.84    -20.72     4.108     188484    0    0    0    0    0
2026  7 24  0 24     4.04    -3.54    -4.13    -620.6     53.40    -26.92     4.138     186118    0    0    0    0    0
2026  7 24  0 25     3.66    -3.86    -3.63    -619.5     53.45    -39.60     3.997     186118    0    0    0    0    0
2026  7 24  0 26     1.84    -3.92    -3.29    -646.1     77.24    -47.69     3.723     223615    0    0    0    0    0
2026  7 24  0 27     1.28    -2.31    -3.63    -655.0     97.36    -58.77     3.747     247670    0    0    0    0    0
2026  7 24  0 28     1.30    -1.66    -3.90    -655.2    101.23    -60.98     3.917     216118    0    0    0    0    0
2026  7 24  0 29     1.38    -1.97    -4.36    -653.2     98.28    -61.53     4.071     195696    0    0    0    0    0
2026  7 24  0 30     1.49    -1.23    -5.38    -651.6     92.77    -61.58     4.181     185896    0    0    0    0    0
2026  7 24  0 31     1.83    -2.21    -5.09    -648.5     77.76    -52.89     4.187     181784    1    0    0    0    0
2026  7 24  0 32     2.26    -4.36    -3.72    -643.8     58.06    -39.67     4.153     179735    1    0    0    0    0
2026  7 24  0 33     2.56    -5.65    -2.34    -638.5     38.37    -26.45     4.158     178111    1    0    0    0    0
2026  7 24  0 34     2.60    -6.46    -1.60    -636.7     18.68    -13.23     4.168     178030    1    0    0    0    0
2026  7 24  0 35     2.98    -6.17    -1.86    -631.3     20.11    -15.68     4.172     178030    0    0    0    0    0
2026  7 24  0 36     3.11    -5.67    -2.36    -626.2     25.52    -21.06     4.181     174376    0    0    0    0    0
2026  7 24  0 37     3.00    -5.23    -2.79    -622.9     31.70    -26.75     4.214     167489    0    0    0    0    0
2026  7 24  0 38     3.15    -5.36    -2.23    -629.3     32.05    -23.29     4.355     169799    0    0    0    0    0
2026  7 24  0 39     2.98    -5.32    -1.48    -640.8     17.89      3.59     4.354     182219    0    0    0    0    0
2026  7 24  0 40     2.69    -5.73    -1.77    -639.8     12.03     12.50     4.438     183316    0    0    0    0    0
2026  7 24  0 41     2.88    -5.00    -2.72    -640.1     24.32    -15.67     4.666     183518    0    0    0    0    0
2026  7 24  0 42     3.11    -3.63    -4.27    -646.8     50.28    -51.94     4.870     187974    0    0    0    0    0
2026  7 24  0 43     3.12    -3.27    -4.40    -645.0     57.71    -56.27     4.824     189171    0    0    0    0    0
2026  7 24  0 44     3.16    -3.27    -3.61    -640.7     56.16    -53.47     4.686     189237    0    0    0    0    0
2026  7 24  0 45     2.98    -3.92    -0.74    -638.5     40.10    -24.06     4.530     189237    0    0    0    0    0
2026  7 24  0 46     2.95    -4.60     0.52    -637.8     22.13     16.44     4.510     183627    0    0    0    0    0
2026  7 24  0 47     3.01    -5.04     0.54    -636.8     20.50     20.84     4.912     181968    0    0    0    0    0
2026  7 24  0 48     3.07    -5.22     0.27    -632.9     20.91     17.23     4.953     176213    0    0    0    0    0
2026  7 24  0 49     3.41    -5.32    -0.55    -631.0     21.56      7.95     4.808     173679    0    0    0    0    0
2026  7 24  0 50     3.83    -5.49    -2.05    -631.7     21.86     -7.50     4.685     181342    0    0    0    0    0
2026  7 24  0 51     3.31    -5.06    -3.55    -637.3     27.67    -29.31     4.616     190528    0    0    0    0    0
2026  7 24  0 52     3.44    -4.60    -4.36    -638.3     34.87    -45.90     4.676     190998    0    0    0    0    0
2026  7 24  0 53     3.46    -4.58    -3.94    -638.2     31.96    -41.22     4.775     185246    0    0    0    0    0
2026  7 24  0 54     3.27    -4.85    -3.03    -636.7     22.88    -31.05     4.932     179945    0    0    0    0    0
2026  7 24  0 55     2.53    -5.25    -2.49    -636.5     15.50    -19.36     5.232     176818    0    0    0    0    0
2026  7 24  0 56     2.37    -5.56    -1.44    -637.5     14.56    -11.73     5.711     176445    0    0    0    0    0
2026  7 24  0 57     2.72    -5.42    -1.38    -638.9     20.31    -11.28     6.064     185536    0    0    0    0    0
2026  7 24  0 58     3.06    -4.83    -0.52    -636.5     41.08    -17.81     6.149     203324    0    0    0    0    0
2026  7 24  0 59     3.09    -4.80    -0.25    -644.6     57.07    -18.65     7.456     205951    0    0    0    0    0
2026  7 24  1  0     2.48    -5.14     0.44    -645.8     32.48     13.42     6.994     200194    0    0    0    0    0
2026  7 24  1  1     2.51    -5.57     0.80    -642.1     14.86     34.35     6.083     187538    0    0    0    0    0
2026  7 24  1  2     2.56    -5.35     0.27    -641.9     10.87     33.47     6.063     177503    0    0    0    0    0
2026  7 24  1  3     2.68    -5.41    -0.53    -640.2      9.00     27.80     6.085     170532    0    0    0    0    0
2026  7 24  1  4     2.83    -6.20    -0.76    -638.6     10.01     16.51     6.060     170532    0    0    0    0    0
2026  7 24  1  5     3.01    -5.98    -1.28    -634.9     12.79     11.06     5.264     173235    0    0    0    0    0
2026  7 24  1  6     3.16    -5.79    -1.61    -632.9     16.12      4.41     5.049     178261    0    0    0    0    0
2026  7 24  1  7     2.28    -4.64    -1.28    -645.6     37.26      8.44     5.613     187708    0    0    0    0    0
2026  7 24  1  8     2.79    -3.38    -1.12    -639.6     61.31     22.56     6.604     187599    0    0    0    0    0
2026  7 24  1  9     3.42    -3.15    -1.01    -631.2     79.08     30.47     5.733     185426    0    0    0    0    0
2026  7 24  1 10     3.98    -2.85    -0.92    -622.8     91.10     36.23     5.069     183905    0    1    1    0    1
2026  7 24  1 11     4.40    -2.41    -0.87    -614.4     89.69     37.02     4.891     183905    0    1    1    0    1
2026  7 24  1 12     4.94    -1.95    -0.47    -609.1     84.67     38.09     4.799     185933    0    1    2    0    1
2026  7 24  1 13     5.38    -1.59     0.14    -609.8     74.31     39.68     4.984     188661    0    1    2    0    1
2026  7 24  1 14     5.34    -1.36     0.56    -611.3     63.39     41.35     5.204     188574    0    1    2    0    1
2026  7 24  1 15     5.24    -2.00     1.22    -613.5     52.60     43.24     5.221     178030    0    1    1    0    1
2026  7 24  1 16     4.96    -2.86     1.80    -617.8     44.35     43.06     5.230     172795    0    0    0    0    0
2026  7 24  1 17     3.60    -3.34     2.28    -642.4     31.22     60.41     5.514     184410    0    0    0    0    0
2026  7 24  1 18     3.49    -3.47     2.04    -640.0     31.71     63.36     5.630     194824    0    0    0    0    0
2026  7 24  1 19     3.38    -3.25     2.03    -636.0     33.18     55.69     5.559     194824    0    0    0    0    0
2026  7 24  1 20     3.31    -3.22     2.00    -631.2     30.88     47.95     5.622     186248    0    0    0    0    0
2026  7 24  1 21     3.29    -3.39     1.68    -628.3     26.92     40.30     5.732     173812    0    0    0    0    0
2026  7 24  1 22     3.50    -3.95     0.97    -628.1     28.07     34.06     5.854     152729    0    0    0    0    0
2026  7 24  1 23     3.89    -4.22     0.47    -629.0     37.80     34.07     5.965     136328    0    0    0    0    0
2026  7 24  1 24     3.79    -4.24     0.41    -629.4     40.38     39.91     6.063     162481    0    0    0    0    0
2026  7 24  1 25     2.87    -5.41     0.67    -644.6     26.26     33.55     6.086     201963    0    0    0    0    0
2026  7 24  1 26     2.76    -5.74     0.51    -643.5     19.55     25.10     6.084     198039    0    0    0    0    0
2026  7 24  1 27     2.60    -6.06     0.00    -647.3     10.66     17.76     6.072     178557    0    0    0    0    0
2026  7 24  1 28     2.65    -6.26    -0.11    -650.0      5.13     14.28     6.087     166346    0    0    0    0    0
2026  7 24  1 29     2.73    -6.11     0.03    -647.3      8.05     14.03     6.085     162310    0    0    0    0    0
2026  7 24  1 30     2.96    -5.75     0.18    -641.1     14.83     15.17     6.078     162119    0    0    0    0    0
2026  7 24  1 31     3.51    -5.35     0.39    -632.5     20.62     20.47     6.140     162119    0    0    0    0    0
2026  7 24  1 32     3.92    -5.08     0.61    -627.6     22.91     26.62     6.220     155747    0    0    0    0    0
2026  7 24  1 33     3.99    -5.14     0.82    -628.4     19.15     29.11     6.174     146721    0    0    0    0    0
2026  7 24  1 34     3.81    -5.34     0.60    -631.6     15.56     23.37     6.191     150719    0    0    0    0    0
2026  7 24  1 35     3.60    -5.41     0.41    -633.3     14.62     16.03     6.117     153201    0    0    0    0    0
2026  7 24  1 36     3.88    -5.25     0.45    -630.6     17.05     12.37     5.654     146594    0    0    0    0    0
2026  7 24  1 37     4.26    -4.95     0.50    -625.6     20.98     10.52     5.270     139130    0    0    0    0    0
2026  7 24  1 38     4.55    -4.59     0.54    -619.1     25.23      8.98     5.088     133923    0    0    0    0    0
2026  7 24  1 39     4.53    -4.61     0.26    -618.4     25.62      7.49     5.118     126454    0    0    0    0    0
2026  7 24  1 40     4.53    -4.77     0.12    -619.2     22.01      8.95     5.120     125948    0    0    0    0    0
2026  7 24  1 41     4.43    -5.16     0.06    -621.0     19.29      8.83     5.096     130208    0    0    0    0    0
2026  7 24  1 42     4.27    -5.28    -0.31    -622.0     19.35      0.33     4.767     135047    0    0    0    0    0
2026  7 24  1 43     4.13    -5.26    -0.57    -622.7     20.13     -4.12     4.783     144801    0    0    0    0    0
2026  7 24  1 44     4.09    -5.13    -0.69    -623.5     22.70     -2.39     4.985     150183    0    0    0    0    0
2026  7 24  1 45     4.08    -5.17    -0.77    -626.0     28.67     -2.92     5.439     152006    0    0    0    0    0
2026  7 24  1 46     4.10    -5.25    -0.78    -625.9     31.44     -9.45     5.673     151249    0    0    0    0    0
2026  7 24  1 47     4.15    -5.22    -0.36    -625.1     28.99     -9.77     5.991     149658    0    0    0    0    0
2026  7 24  1 48     4.23    -5.02     0.43    -625.6     22.35      7.99     5.517     150436    0    0    0    0    0
2026  7 24  1 49     4.22    -5.15     0.96    -632.1     12.10     23.58     5.358     155850    0    0    0    0    0
2026  7 24  1 50     3.48    -5.56    -0.35    -636.4      6.58     22.83     5.307     158351    0    0    0    0    0
2026  7 24  1 51     3.36    -5.57    -0.56    -634.4     11.36     17.93     5.252     158437    0    0    0    0    0
2026  7 24  1 52     3.49    -5.48    -0.45    -631.0     17.40     13.42     5.132     156241    0    0    0    0    0
2026  7 24  1 53     3.80    -5.42    -0.41    -626.3     20.13     10.49     5.019     154695    0    0    0    0    0
2026  7 24  1 54     4.24    -5.33    -0.46    -620.9     19.26      8.66     4.935     154695    0    0    0    0    0
2026  7 24  1 55     4.51    -4.63    -0.40    -622.0     19.02      0.88     4.809     153902    0    0    0    0    0
2026  7 24  1 56     4.41    -4.32    -0.83    -623.9     29.57    -16.71     4.679     146787    0    0    0    0    0
2026  7 24  1 57     4.37    -4.12    -1.23    -621.8     40.01    -26.61     4.609     141937    0    0    0    0    0
2026  7 24  1 58     4.06    -5.33    -0.96    -622.4     38.91    -21.51     4.581     135489    0    0    0    0    0
2026  7 24  1 59     4.06    -5.61    -0.52    -623.1     27.57    -11.93     4.779     130042    0    0    0    0    0
2026  7 24  2  0     4.14    -5.69    -0.74    -623.3     20.16     -5.37     4.923     128278    0    0    0    0    0
2026  7 24  2  1     4.13    -5.55    -0.78    -622.3     19.65     -0.54     4.963     126969    0    0    0    0    0
2026  7 24  2  2     4.14    -5.52    -0.48    -621.0     19.89      4.67     4.930     126089    0    0    0    0    0
2026  7 24  2  3     4.12    -5.52    -0.24    -618.0     20.53      6.94     4.673     126089    0    0    0    0    0
2026  7 24  2  4     4.19    -5.49    -0.19    -615.8     20.66      7.30     4.493     127040    0    0    0    0    0
2026  7 24  2  5     4.31    -5.32    -0.36    -615.2     20.62      5.77     4.453     130120    0    0    0    0    0
2026  7 24  2  6     4.33    -5.27    -0.44    -622.2     22.79      4.16     5.114     133869    0    0    0    0    0
2026  7 24  2  7     3.96    -5.46     0.00    -625.0     27.60      7.89     5.757     140565    0    0    0    0    0
2026  7 24  2  8     3.63    -5.56     0.42    -627.8     28.26     24.44     6.208     144488    0    0    0    0    0
2026  7 24  2  9     3.50    -5.56     0.91    -627.1     23.47     33.73     6.246     143048    0    0    0    0    0
2026  7 24  2 10     3.71    -5.51     0.97    -622.4     20.12     33.59     5.953     140714    0    0    0    0    0
2026  7 24  2 11     4.25    -5.48     0.89    -615.8     20.12     31.54     5.166     140714    0    0    0    0    0
2026  7 24  2 12     4.33    -5.56     0.51    -615.3     16.84     23.73     4.916     140714    0    0    0    0    0
2026  7 24  2 13     3.89    -5.88    -0.06    -628.4      7.79      6.02     6.331     147084    0    0    0    0    0
2026  7 24  2 14     3.35    -6.06    -0.22    -643.0      5.70      3.56     7.102     156162    0    0    0    0    0
2026  7 24  2 15     2.68    -6.08     0.34    -647.1      6.59     13.50     7.315     154664    0    0    0    0    0
2026  7 24  2 16     2.60    -6.05     0.76    -648.7      7.28     24.30     7.352     152300    0    0    0    0    0
2026  7 24  2 17     2.65    -6.11     0.68    -648.4      4.63     27.21     7.038     149103    0    0    0    0    0
2026  7 24  2 18     2.63    -6.23     0.29    -648.6      2.22     26.08     6.790     145415    0    0    0    0    0
2026  7 24  2 19     2.73    -6.31     0.21    -648.6      1.56     25.54     6.742     146286    0    0    0    0    0
2026  7 24  2 20     2.81    -6.34     0.43    -646.8      1.21     26.50     6.742     147254    0    0    0    0    0
2026  7 24  2 21     2.75    -6.33     0.73    -641.5      1.91     28.50     6.728     146393    0    0    0    0    0
2026  7 24  2 22     2.62    -6.29     0.96    -634.7      5.61     31.23     6.652     141698    0    0    0    0    0
2026  7 24  2 23     2.92    -6.27     1.29    -631.7     10.57     33.23     6.420     140134    0    0    0    0    0
2026  7 24  2 24     2.97    -6.29     1.45    -630.3     11.30     33.24     6.102     141066    0    0    0    0    0
2026  7 24  2 25     2.66    -6.33     1.50    -630.2      8.43     29.74     6.134     143189    0    0    0    0    0
2026  7 24  2 26     2.57    -6.34     1.54    -629.4      8.15     24.96     6.038     144312    0    0    0    0    0
2026  7 24  2 27     2.75    -6.35     1.36    -626.7     10.41     21.96     5.616     140695    0    0    0    0    0
2026  7 24  2 28     3.02    -6.31     0.86    -624.0     13.15     16.80     5.291     134435    0    0    0    0    0
2026  7 24  2 29     3.20    -6.04     0.07    -622.8     15.67      1.23     5.153     134496    0    0    0    0    0
2026  7 24  2 30     3.22    -5.85    -0.58    -621.9     17.89    -13.26     4.900     134820    0    0    0    0    0
2026  7 24  2 31     3.32    -5.80    -0.64    -619.5     19.04    -14.15     4.900     134864    0    0    0    0    0
2026  7 24  2 32     3.29    -5.86    -0.58    -619.8     23.00    -12.79     5.331     136731    0    0    0    0    0
2026  7 24  2 33     3.25    -6.10    -0.21    -624.8     20.51     -7.73     6.297     138427    0    0    0    0    0
2026  7 24  2 34     2.63    -6.14    -0.03    -630.4      7.79     10.74     6.297     148249    0    0    0    0    0
2026  7 24  2 35     2.45    -6.09     0.36    -633.3      4.97     20.47     6.237     153990    0    0    0    0    0
2026  7 24  2 36     2.65    -6.08     0.45    -631.2      5.94     21.45     6.423     151181    0    0    0    0    0
2026  7 24  2 37     2.88    -6.15     0.29    -629.2      6.25     19.81     6.545     146734    0    0    0    0    0
2026  7 24  2 38     3.01    -6.25    -0.10    -628.8      5.28     16.29     6.527     140586    0    0    0    0    0
2026  7 24  2 39     2.80    -6.35    -0.27    -630.8      3.36     11.51     6.527     136790    0    0    0    0    0
2026  7 24  2 40     2.39    -6.48    -0.70    -637.7     -0.72      4.12     6.640     137759    0    0    0    0    0
2026  7 24  2 41     2.27    -6.52    -0.61    -644.3     -3.92      2.41     6.539     137301    0    0    0    0    0
2026  7 24  2 42     2.28    -6.52    -0.66    -642.2     -1.32      2.51     6.210     135768    0    0    0    0    0
2026  7 24  2 43     2.32    -6.57    -0.48    -635.0      0.65      3.01     6.145     135768    0    0    0    0    0
2026  7 24  2 44     2.54    -6.58    -0.41    -631.8      2.11      3.69     5.824     135768    0    0    0    0    0
2026  7 24  2 45     2.69    -6.52    -0.57    -630.5      2.31      2.95     5.649     137212    0    0    0    0    0
2026  7 24  2 46     2.66    -6.36    -0.87    -633.5      0.64      0.34     6.119     139275    0    0    0    0    0
2026  7 24  2 47     2.16    -6.32    -1.03    -643.8      0.70      1.43     6.567     143914    0    0    0    0    0
2026  7 24  2 48     1.95    -6.32    -0.89    -648.7      4.94     11.11     6.633     148017    0    0    0    0    0
2026  7 24  2 49     1.98    -6.30    -0.71    -642.1      7.36     13.87     6.549     146712    0    0    0    0    0
2026  7 24  2 50     2.35    -6.24    -0.68    -634.0      7.58      9.18     6.678     141491    0    0    0    0    0
2026  7 24  2 51     2.55    -6.21    -0.66    -629.8      6.84      2.32     6.786     139141    0    0    0    0    0
2026  7 24  2 52     2.54    -6.13    -0.72    -630.7      5.84     -1.15     6.985     140935    0    0    0    0    0
2026  7 24  2 53     2.63    -6.05    -0.48    -631.6      5.39      6.72     7.098     142251    0    0    0    0    0
2026  7 24  2 54     2.63    -6.25     0.08    -632.2      5.22     18.23     6.895     141409    0    0    0    0    0
2026  7 24  2 55     2.67    -6.40     0.30    -632.1      4.49     22.33     6.786     140953    0    0    0    0    0
2026  7 24  2 56     2.78    -6.39     0.14    -632.7      2.55     20.07     6.667     139137    0    0    0    0    0
2026  7 24  2 57     2.82    -6.38    -0.09    -632.9      1.74     15.29     6.610     137878    0    0    0    0    0
2026  7 24  2 58     2.72    -6.34    -0.14    -633.5      2.85     10.07     6.082     135694    0    0    0    0    0
2026  7 24  2 59     2.64    -6.28    -0.17    -630.2      3.55      6.59     5.939     133892    0    0    0    0    0
2026  7 24  3  0     2.62    -6.26    -0.14    -629.4      4.64      8.45     5.833     131944    0    0    0    0    0
2026  7 24  3  1     2.59    -6.30     0.15    -630.3      6.51     20.63     5.590     129320    0    0    0    0    0
2026  7 24  3  2     2.68    -6.29     0.45    -629.1      7.30     31.86     5.395     128099    0    0    0    0    0
2026  7 24  3  3     2.84    -6.22     0.33    -626.2      7.07     32.24     5.251     128663    0    0    0    0    0
2026  7 24  3  4     2.94    -6.13    -0.15    -620.8      6.59     23.72     5.201     129732    0    0    0    0    0
2026  7 24  3  5     3.04    -6.06    -0.31    -616.3      6.04     11.72     5.131     129732    0    0    0    0    0
2026  7 24  3  6     3.13    -6.03    -0.36    -614.1      7.08      6.44     5.028     123686    0    0    0    0    0
2026  7 24  3  7     3.32    -5.95    -0.11    -610.6      9.02      6.39     4.879     120952    0    0    0    0    0
2026  7 24  3  8     3.57    -5.81     0.36    -608.3     11.53     10.05     4.639     119670    0    0    0    0    0
2026  7 24  3  9     3.69    -5.72     0.86    -608.1     14.28     16.58     4.433     117499    0    0    0    0    0
2026  7 24  3 10     3.66    -5.72     1.09    -605.4     16.10     20.61     4.478     116506    0    0    0    0    0
2026  7 24  3 11     3.68    -5.65     0.94    -605.0     16.35     21.94     4.590     113551    0    0    0    0    0
2026  7 24  3 12     3.80    -5.59     0.41    -605.2     15.16     20.61     4.548     112543    0    0    0    0    0
2026  7 24  3 13     3.98    -5.53     0.16    -605.8     14.45     13.49     4.490     110730    0    0    0    0    0
2026  7 24  3 14     4.22    -5.46    -0.20    -605.4     15.85      8.11     4.500     109521    0    0    0    0    0
2026  7 24  3 15     4.23    -5.44    -0.31    -606.7     17.03      6.77     4.590     109398    0    0    0    0    0
2026  7 24  3 16     4.25    -5.34    -0.35    -607.9     16.56      3.37     4.817     109535    0    0    0    0    0
2026  7 24  3 17     4.26    -5.38    -0.28    -608.5     16.31      0.52     5.118     110843    0    0    0    0    0
2026  7 24  3 18     4.05    -5.59    -0.24    -610.4     16.54     -0.12     5.248     111714    0    0    0    0    0
2026  7 24  3 19     3.63    -5.71    -0.53    -615.9     15.09      0.15     5.962     114359    0    0    0    0    0
2026  7 24  3 20     3.73    -5.62    -0.73    -617.8     12.53      2.28     6.304     116043    0    0    0    0    0
2026  7 24  3 21     3.74    -5.56    -0.39    -617.8     12.21      8.37     6.324     116161    0    0    0    0    0
2026  7 24  3 22     3.82    -5.57    -0.18    -613.3     12.20     12.01     5.597     116782    0    0    0    0    0
2026  7 24  3 23     3.83    -5.57    -0.03    -610.1     12.03     15.44     5.085     117224    0    0    0    0    0
2026  7 24  3 24     3.77    -5.52     0.11    -608.0     12.46     18.57     4.952     117342    0    0    0    0    0
2026  7 24  3 25     3.77    -5.44     0.28    -605.7     13.92     20.64     4.952     116779    0    0    0    0    0
2026  7 24  3 26     3.81    -5.44     0.37    -604.7     15.03     21.04     4.943     114490    0    0    0    0    0
2026  7 24  3 27     3.75    -5.45     0.42    -603.3     14.33     21.24     4.868     112267    0    0    0    0    0
2026  7 24  3 28     3.75    -5.52     0.78    -602.0     14.34     20.86     4.584     111618    0    0    0    0    0
2026  7 24  3 29     3.90    -5.56     0.60    -600.1     14.79     18.30     4.584     110132    0    0    0    0    0
2026  7 24  3 30     4.22    -5.34    -0.65    -602.7     15.40      9.24     4.402     110074    0    0    0    0    0
2026  7 24  3 31     4.55    -4.98    -1.23    -604.3     14.42     -1.25     4.507     111147    0    0    0    0    0
2026  7 24  3 32     4.63    -4.88    -0.99    -605.6     14.14     -8.71     4.277     112327    0    0    0    0    0
2026  7 24  3 33     4.66    -4.90    -1.25    -604.8     17.02     -8.53     4.077     111630    0    0    0    0    0
2026  7 24  3 34     4.61    -4.83    -1.27    -603.6     21.19     -7.52     3.874     108472    0    0    0    0    0
2026  7 24  3 35     4.59    -4.90    -1.27    -600.6     23.20     -6.46     3.721     107159    0    0    0    0    0
2026  7 24  3 36     4.66    -4.72    -1.28    -597.2     26.56     -6.39     3.571     101864    0    0    0    0    0
2026  7 24  3 37     4.78    -4.41    -1.53    -594.9     30.49     -8.34     3.422     100098    0    0    0    0    0
2026  7 24  3 38     4.84    -4.24    -1.92    -594.1     32.94    -14.10     3.246      99440    0    0    0    0    0
2026  7 24  3 39     4.84    -4.26    -2.30    -595.0     37.19    -20.21     3.051      97835    0    0    0    0    0
2026  7 24  3 40     4.97    -4.28    -2.53    -595.3     42.90    -22.49     3.049      96873    0    0    0    0    0
2026  7 24  3 41     4.98    -4.40    -2.55    -596.2     44.84    -24.04     2.999      96714    0    0    0    0    0
2026  7 24  3 42     4.90    -4.36    -2.49    -598.1     42.67    -24.57     3.065      97347    0    0    0    0    0
2026  7 24  3 43     4.70    -4.40    -2.24    -599.6     35.18    -22.93     2.985      99200    0    0    0    0    0
2026  7 24  3 44     4.90    -4.33    -2.27    -600.1     29.20    -20.68     2.971      99997    0    0    0    0    0
2026  7 24  3 45     5.08    -4.22    -2.48    -598.8     31.45    -22.33     2.789     100052    0    0    0    0    0
2026  7 24  3 46     5.24    -3.71    -2.74    -597.7     36.68    -24.91     2.739      98064    0    0    0    0    0
2026  7 24  3 47     5.43    -3.18    -2.87    -597.0     40.62    -25.97     2.837      95456    0    0    0    0    0
2026  7 24  3 48     5.41    -2.92    -2.88    -596.5     42.41    -26.18     2.877      94743    0    0    0    0    0
2026  7 24  3 49     5.38    -3.06    -2.56    -595.5     42.56    -24.11     2.838      94765    0    0    0    0    0
2026  7 24  3 50     5.45    -3.19    -2.22    -594.0     42.27    -21.09     2.756      94776    0    0    0    0    0
2026  7 24  3 51     5.54    -3.19    -2.12    -593.1     43.36    -19.83     2.709      93051    0    0    0    0    0
2026  7 24  3 52     5.58    -3.05    -1.95    -592.7     47.72    -20.33     2.747      89616    0    0    0    0    0
2026  7 24  3 53     5.62    -2.93    -1.59    -592.2     52.96    -19.95     2.845      87796    0    0    0    0    0
2026  7 24  3 54     5.63    -3.00    -1.30    -592.0     50.68    -15.05     2.852      88568    0    0    0    0    0
2026  7 24  3 55     5.64    -3.36    -1.06    -593.1     38.03     -5.42     2.833      91465    0    0    0    0    0
2026  7 24  3 56     5.76    -3.52    -0.95    -593.9     30.53     -1.17     2.885      93863    0    0    0    0    0
2026  7 24  3 57     5.82    -3.42    -0.91    -593.8     30.10     -1.51     2.958      94306    0    0    0    0    0
2026  7 24  3 58     5.77    -3.31    -0.75    -593.2     32.04     -1.74     3.013      93174    0    0    0    0    0
2026  7 24  3 59     5.73    -3.21    -0.56    -591.2     35.82     -1.40     2.979      91600    0    0    0    0    0
2026  7 24  4  0     5.74    -3.10    -0.41    -588.8     39.78     -0.46     2.929      90369    0    0    0    0    0
2026  7 24  4  1     5.77    -3.01    -0.14    -588.6     41.90      1.47     2.966      89229    0    0    0    0    0
2026  7 24  4  2     5.77    -3.12     0.27    -589.5     42.35      4.85     3.085      89072    0    0    0    0    0
2026  7 24  4  3     5.69    -3.51     0.34    -590.3     43.66      7.74     3.089      89011    0    0    0    0    0
2026  7 24  4  4     5.71    -3.89     0.31    -590.0     45.77      8.69     3.105      88745    0    0    0    0    0
2026  7 24  4  5     5.69    -3.94     0.38    -589.7     46.88      9.61     3.112      88438    0    0    0    0    0
2026  7 24  4  6     5.66    -3.96     0.54    -589.8     46.42     11.61     3.034      88735    0    0    0    0    0
2026  7 24  4  7     5.70    -3.95     0.68    -589.5     44.70     13.26     3.020      89409    0    0    0    0    0
2026  7 24  4  8     5.76    -3.94     0.68    -588.9     41.79     13.14     3.036      90935    0    0    0    0    0
2026  7 24  4  9     5.65    -4.17     0.61    -591.1     37.00     12.51     3.067      96795    0    0    0    0    0
2026  7 24  4 10     5.43    -4.44     0.27    -593.8     32.53     10.64     3.102     102279    0    0    0    0    0
2026  7 24  4 11     5.13    -4.76     0.03    -596.3     28.44      7.17     3.134     108540    0    0    0    0    0
2026  7 24  4 12     5.00    -4.86     0.09    -597.8     24.03      5.27     3.294     110365    0    0    0    0    0
2026  7 24  4 13     4.88    -4.98     0.37    -598.8     22.34      4.93     3.342     110365    0    0    0    0    0
2026  7 24  4 14     4.95    -4.92     0.54    -597.2     23.78      7.52     3.350     108743    0    0    0    0    0
2026  7 24  4 15     5.04    -4.83     0.70    -595.6     26.74     11.59     3.356     105740    0    0    0    0    0
2026  7 24  4 16     5.10    -4.68     0.99    -594.5     29.45     15.97     3.357     104493    0    0    0    0    0
2026  7 24  4 17     5.10    -4.39     1.36    -593.9     31.59     22.01     3.357     105276    0    0    0    0    0
2026  7 24  4 18     5.02    -4.19     1.64    -594.0     33.46     27.96     3.269     106182    0    0    0    0    0
2026  7 24  4 19     4.97    -4.13     1.73    -594.3     35.10     31.35     3.306     106411    0    0    0    0    0
2026  7 24  4 20     4.97    -4.07     2.01    -596.2     37.29     33.58     3.529     105202    0    0    0    0    0
2026  7 24  4 21     4.76    -4.12     2.34    -596.8     39.93     34.92     3.762     103134    0    0    0    0    0
2026  7 24  4 22     4.79    -3.86     2.57    -597.3     41.74     35.24     4.050     102549    0    0    0    0    0
2026  7 24  4 23     4.87    -3.95     2.46    -598.2     37.11     32.50     4.400     103730    0    0    0    0    0
2026  7 24  4 24     4.89    -4.30     2.05    -602.2     26.61     27.07     4.766     104014    0    0    0    0    0
2026  7 24  4 25     4.76    -4.43     1.89    -603.7     22.89     25.95     5.204     104962    0    0    0    0    0
2026  7 24  4 26     4.64    -4.65     1.80    -603.9     18.95     24.75     4.998     111155    0    0    0    0    0
2026  7 24  4 27     4.42    -4.86     1.85    -606.7     15.77     25.55     4.983     112850    0    0    0    0    0
2026  7 24  4 28     4.12    -5.05     2.11    -608.2     16.07     29.26     4.945     115797    0    0    0    0    0
2026  7 24  4 29     3.66    -5.19     2.38    -614.2     19.45     31.98     5.541     116652    0    0    0    0    0
2026  7 24  4 30     3.61    -5.12     2.34    -614.1     25.19     31.30     5.800     116784    0    0    0    0    0
2026  7 24  4 31     3.80    -4.61     2.25    -610.3     31.78     29.99     5.532     115570    0    0    0    0    0
2026  7 24  4 32     4.04    -4.06     2.33    -606.6     37.70     29.70     5.249     114291    0    0    0    0    0
2026  7 24  4 33     4.15    -4.01     2.71    -605.0     41.30     32.21     5.296     118188    0    0    0    0    0
2026  7 24  4 34     3.75    -4.45     2.90    -606.8     41.71     37.14     5.486     134743    0    0    0    0    0
2026  7 24  4 35     3.33    -4.76     2.99    -609.1     32.90     39.17     5.333     136221    0    0    0    0    0
2026  7 24  4 36     3.39    -4.84     3.09    -609.2     26.83     38.67     5.054     136188    0    0    0    0    0
2026  7 24  4 37     3.62    -4.73     3.03    -609.0     25.70     37.49     5.031     134894    0    0    0    0    0
2026  7 24  4 38     3.80    -4.77     2.81    -609.1     25.16     36.15     5.202     133193    0    0    0    0    0
2026  7 24  4 39     3.74    -4.88     2.56    -608.4     24.77     32.75     5.307     132705    0    0    0    0    0
2026  7 24  4 40     3.65    -4.87     2.28    -607.6     23.74     27.14     5.263     131678    0    0    0    0    0
2026  7 24  4 41     3.59    -4.83     2.24    -607.2     22.55     24.96     5.137     131198    0    0    0    0    0
2026  7 24  4 42     3.66    -4.86     2.26    -605.7     23.51     26.67     5.021     131198    0    0    0    0    0
2026  7 24  4 43     3.72    -4.83     2.28    -604.5     27.88     27.71     4.876     132728    0    0    0    0    0
2026  7 24  4 44     3.76    -4.72     2.34    -603.1     34.35     30.23     4.588     140326    0    0    0    0    0
2026  7 24  4 45     3.88    -4.48     2.99    -600.6     37.00     35.66     4.326     141193    0    0    0    0    0
2026  7 24  4 46     3.71    -4.23     3.33    -603.3     37.73     42.17     4.175     141328    0    0    0    0    0
2026  7 24  4 47     3.39    -3.69     3.34    -602.7     42.31     47.14     4.131     141677    0    0    0    0    0
2026  7 24  4 48     2.89    -3.75     3.74    -614.2     47.59     57.48     4.155     146741    0    0    0    0    0
2026  7 24  4 49     3.03    -4.04     3.68    -615.3     47.22     58.25     4.208     143758    0    0    0    0    0
2026  7 24  4 50     3.29    -4.06     3.68    -612.2     43.83     52.45     4.348     142806    0    0    0    0    0
2026  7 24  4 51     3.48    -4.06     3.39    -609.7     39.00     42.57     4.537     144217    0    0    0    0    0
2026  7 24  4 52     3.65    -4.10     3.01    -607.1     35.94     34.47     4.718     145931    0    0    0    0    0
2026  7 24  4 53     3.90    -4.09     2.97    -602.6     36.18     32.01     4.861     144499    0    0    0    0    0
2026  7 24  4 54     3.68    -3.97     3.02    -605.1     40.50     28.78     5.097     120257    0    0    0    0    0
2026  7 24  4 55     3.64    -3.92     3.05    -606.3     45.56     24.72     5.346     116106    0    0    0    0    0
2026  7 24  4 56     3.47    -4.16     2.94    -604.9     44.92     22.09     5.311     113848    0    0    0    0    0
2026  7 24  4 57     3.49    -4.46     2.89    -600.7     40.39     20.76     5.172     113848    0    0    0    0    0
2026  7 24  4 58     3.49    -4.66     2.71    -600.3     36.45     19.63     5.042     118440    0    0    0    0    0
2026  7 24  4 59     3.39    -4.89     2.48    -598.3     36.18     20.72     5.026     118762    0    0    0    0    0
2026  7 24  5  0     3.48    -5.07     2.22    -597.8     35.87     22.50     5.025     118833    0    0    0    0    0
2026  7 24  5  1     3.33    -5.22     2.24    -606.6     28.52     28.25     5.234     121241    0    0    0    0    0
2026  7 24  5  2     2.90    -5.40     2.28    -607.6     20.28     29.26     4.991     127212    0    0    0    0    0
2026  7 24  5  3     2.78    -5.40     2.18    -602.4     17.13     27.50     4.514     127316    0    0    0    0    0
2026  7 24  5  4     2.66    -5.40     2.09    -602.4     18.20     24.57     4.224     129294    0    0    0    0    0
2026  7 24  5  5     2.72    -5.52     1.97    -601.2     19.36     23.96     3.946     129294    0    0    0    0    0
2026  7 24  5  6     2.77    -5.58     1.95    -598.7     19.47     23.16     3.685     128315    0    0    0    0    0
2026  7 24  5  7     2.80    -5.59     1.95    -596.6     19.10     22.67     3.510     126157    0    0    0    0    0
2026  7 24  5  8     2.80    -5.55     1.87    -596.2     19.63     22.52     3.427     125391    0    0    0    0    0
2026  7 24  5  9     2.82    -5.49     1.84    -595.4     21.58     21.15     3.409     123676    0    0    0    0    0
2026  7 24  5 10     2.96    -5.47     1.82    -593.7     23.50     16.98     3.415     119173    0    0    0    0    0
2026  7 24  5 11     3.08    -5.51     1.68    -593.0     25.28     11.96     3.509     115910    0    0    0    0    0
2026  7 24  5 12     3.07    -5.58     1.61    -594.0     25.41      8.97     3.709     115519    0    0    0    0    0
2026  7 24  5 13     2.98    -5.59     1.66    -595.4     23.35      7.54     3.920     116655    0    0    0    0    0
2026  7 24  5 14     2.79    -5.54     1.57    -597.2     21.90      7.21     4.131     117255    0    0    0    0    0
2026  7 24  5 15     2.94    -5.50     1.64    -597.6     20.87      5.93     4.304     116628    0    0    0    0    0
2026  7 24  5 16     3.10    -5.40     1.71    -597.1     19.67      4.65     4.466     115897    0    0    0    0    0
2026  7 24  5 17     3.22    -5.41     1.49    -595.2     20.05      6.79     4.599     115707    0    0    0    0    0
2026  7 24  5 18     3.27    -5.39     1.53    -594.1     21.22     11.40     4.514     118180    0    0    0    0    0
2026  7 24  5 19     3.26    -5.33     1.78    -594.2     22.16     13.88     4.414     120016    0    0    0    0    0
2026  7 24  5 20     3.28    -5.27     1.90    -595.8     22.91     12.98     4.414     118610    0    0    0    0    0
2026  7 24  5 21     2.89    -5.36     1.66    -610.4     21.45      8.23     5.165     117883    0    0    0    0    0
2026  7 24  5 22     2.48    -5.54     1.59    -608.0     18.09      7.74     5.226     119459    0    0    0    0    0
2026  7 24  5 23     2.44    -5.76     1.51    -603.0     15.25      9.80     5.222     122334    0    0    0    0    0
2026  7 24  5 24     2.69    -5.87     1.55    -602.9     14.66     12.88     5.177     123338    0    0    0    0    0
2026  7 24  5 25     2.56    -5.96     1.43    -604.9     12.10     11.99     5.137     124769    0    0    0    0    0
2026  7 24  5 26     2.53    -6.01     1.44    -605.9     10.80     11.54     5.084     125284    0    0    0    0    0
2026  7 24  5 27     2.65    -5.87     1.50    -606.7     13.85     13.43     5.126     126176    0    0    0    0    0
2026  7 24  5 28     2.65    -5.69     1.64    -605.6     16.52     16.49     5.079     127479    0    0    0    0    0
2026  7 24  5 29     2.61    -5.63     1.80    -607.4     16.91     20.18     5.122     128712    0    0    0    0    0
2026  7 24  5 30     2.57    -5.62     1.89    -606.8     17.71     22.89     5.051     128733    0    0    0    0    0
2026  7 24  5 31     2.59    -5.65     2.13    -606.7     20.66     24.95     5.005     128733    0    0    0    0    0
2026  7 24  5 32     2.65    -5.59     2.19    -605.5     23.29     25.84     4.840     128856    0    0    0    0    0
2026  7 24  5 33     2.83    -5.57     1.89    -603.5     23.37     25.46     4.639     129388    0    0    0    0    0
2026  7 24  5 34     3.02    -5.43     2.01    -602.6     22.83     22.36     4.445     130408    0    0    0    0    0
2026  7 24  5 35     3.03    -5.44     1.85    -600.6     20.06     19.76     4.405     130540    0    0    0    0    0
2026  7 24  5 36     3.03    -5.47     1.73    -598.1     16.87     20.71     4.364     131577    0    0    0    0    0
2026  7 24  5 37     3.00    -5.49     1.63    -597.2     19.66     20.96     4.323     133842    0    0    0    0    0
2026  7 24  5 38     3.19    -5.35     1.51    -598.4     25.49     20.90     4.300     134498    0    0    0    0    0
2026  7 24  5 39     3.49    -5.21     1.49    -597.1     26.17     17.81     4.290     127726    0    0    0    0    0
2026  7 24  5 40     3.65    -5.19     1.63    -596.3     23.91     12.46     4.297     125074    0    0    0    0    0
2026  7 24  5 41     3.65    -5.26     1.58    -596.2     20.96      8.50     4.409     123402    0    0    0    0    0
2026  7 24  5 42     3.57    -5.32     1.35    -596.8     19.76      3.26     4.457     122432    0    0    0    0    0
2026  7 24  5 43     3.47    -5.20     1.25    -598.4     18.72     -2.08     4.330     121721    0    0    0    0    0
2026  7 24  5 44     3.40    -5.20     1.01    -598.8     17.82     -5.20     4.171     121588    0    0    0    0    0
2026  7 24  5 45     3.40    -5.22     0.93    -599.0     17.70     -8.39     4.159     122543    0    0    0    0    0
2026  7 24  5 46     3.43    -5.34     0.66    -599.6     16.68     -8.48     4.116     126750    0    0    0    0    0
2026  7 24  5 47     3.55    -5.42     0.26    -600.2     15.28     -7.01     3.965     127225    0    0    0    0    0
2026  7 24  5 48     3.55    -5.41     0.14    -600.3     15.17     -6.73     3.815     123926    0    0    0    0    0
2026  7 24  5 49     3.55    -5.36     0.62    -599.4     16.03     -6.92     3.665     123691    0    0    0    0    0
2026  7 24  5 50     3.57    -5.29     0.53    -597.6     19.04     -1.57     3.531     122916    0    0    0    0    0
2026  7 24  5 51     3.67    -5.21     0.75    -592.4     27.98      7.97     3.437     122634    0    0    0    0    0
2026  7 24  5 52     3.87    -5.07     1.07    -586.2     38.95     18.26     3.381     121852    0    0    0    0    0
2026  7 24  5 53     4.46    -4.59     1.36    -580.6     50.70     26.58     3.451     117581    0    0    0    0    0
2026  7 24  5 54     4.49    -4.18     1.61    -578.6     49.54     27.26     3.541     116157    0    0    0    0    0
2026  7 24  5 55     4.24    -4.37     1.65    -580.1     38.65     23.03     3.275     118537    0    0    0    0    0
2026  7 24  5 56     4.05    -4.50     1.52    -582.0     34.91     23.05     3.274     121256    0    0    0    0    0
2026  7 24  5 57     4.13    -4.39     1.77    -588.9     34.51     24.88     3.288     121408    0    0    0    0    0
2026  7 24  5 58     4.37    -4.17     2.62    -593.8     35.18     24.98     3.295     120952    0    0    0    0    0
2026  7 24  5 59     4.46    -4.16     2.78    -590.3     37.36     25.15     3.295     121252    0    0    0    0    0
2026  7 24  6  0     4.53    -4.06     2.80    -584.3     40.33     25.30     3.294     121797    0    0    0    0    0
2026  7 24  6  1     4.92    -3.69     2.84    -582.2     43.67     24.96     3.279     121797    0    0    0    0    0
2026  7 24  6  2     5.08    -3.62     2.77    -580.7     44.92     23.66     3.237     119728    0    0    0    0    0
2026  7 24  6  3     4.99    -3.51     2.66    -579.9     46.43     22.12     3.095     119042    0    0    0    0    0
2026  7 24  6  4     5.02    -3.47     2.35    -577.9     46.99     19.90     2.940     114378    0    0    0    0    0
2026  7 24  6  5     5.11    -3.39     2.12    -575.7     46.49     16.87     2.837     105535    0    0    0    0    0
2026  7 24  6  6     5.19    -3.34     2.08    -574.4     45.31     12.96     2.784      99108    0    0    0    0    0
2026  7 24  6  7     5.17    -3.55     2.09    -574.2     44.87      7.92     2.759      98457    0    0    0    0    0
2026  7 24  6  8     5.07    -3.78     2.11    -575.2     46.39      4.91     2.775      97537    0    0    0    0    0
2026  7 24  6  9     4.79    -4.03     1.84    -578.2     43.26      6.48     2.819     104878    0    0    0    0    0
2026  7 24  6 10     4.38    -4.49     1.54    -582.4     33.44      7.03     2.889     110155    0    0    0    0    0
2026  7 24  6 11     4.35    -4.57     1.45    -585.3     29.14      0.02     3.055     114414    0    0    0    0    0
2026  7 24  6 12     4.47    -4.30     2.10    -583.7     25.16     -3.74     3.143     116498    0    0    0    0    0
2026  7 24  6 13     4.27    -4.16     1.82    -586.5     24.42      2.51     3.151     119945    0    0    0    0    0
2026  7 24  6 14     4.01    -4.12     1.69    -583.7     25.57      4.83     3.143     120173    0    0    0    0    0
2026  7 24  6 15     3.73    -4.52     1.79    -580.9     30.92      7.93     2.919     120184    0    0    0    0    0
2026  7 24  6 16     3.84    -4.25     1.82    -579.5     36.74      8.72     2.764     115576    0    0    0    0    0
2026  7 24  6 17     4.00    -4.06     1.77    -578.6     39.78      7.33     2.780     111197    0    0    0    0    0
2026  7 24  6 18     4.14    -4.12     1.59    -577.3     41.74      5.02     2.748     108933    0    0    0    0    0
2026  7 24  6 19     4.30    -4.19     1.43    -576.7     42.78      3.87     2.734     102978    0    0    0    0    0
2026  7 24  6 20     4.51    -4.02     1.33    -577.6     42.90      3.52     2.794      97633    0    0    0    0    0
2026  7 24  6 21     4.63    -3.82     1.34    -578.6     42.24     -0.16     2.817      97022    0    0    0    0    0
2026  7 24  6 22     4.65    -3.89     1.22    -578.8     38.25     -7.40     2.786      98541    0    0    0    0    0
2026  7 24  6 23     4.57    -4.25     1.05    -580.0     32.57    -14.43     2.776     102916    0    0    0    0    0
2026  7 24  6 24     4.55    -4.33     0.91    -580.2     32.04    -19.24     2.835     104880    0    0    0    0    0
2026  7 24  6 25     4.61    -4.32     0.75    -579.8     33.39    -20.34     2.855     112026    0    0    0    0    0
2026  7 24  6 26     4.64    -4.31     0.59    -578.2     33.37    -21.02     2.687     115017    0    0    0    0    0
2026  7 24  6 27     4.59    -4.30     0.51    -577.3     32.58    -25.98     2.570     117479    0    0    0    0    0
2026  7 24  6 28     4.56    -4.19     0.64    -577.4     32.23    -34.06     2.558     119081    0    0    0    0    0
2026  7 24  6 29     4.52    -4.15     0.59    -575.8     33.42    -30.37     2.479     118760    0    0    0    0    0
2026  7 24  6 30     4.49    -4.22     0.35    -573.2     35.70    -16.22     2.417     113911    0    0    0    0    0
2026  7 24  6 31     4.50    -4.30     0.16    -571.2     38.03     -2.06     2.492     104091    0    0    0    0    0
2026  7 24  6 32     4.47    -4.32     0.12    -570.4     38.91     -0.76     2.599     104367    0    0    0    0    0
2026  7 24  6 33     4.42    -4.25     0.30    -569.1     41.31      2.58     2.736     105987    0    0    0    0    0
2026  7 24  6 34     4.48    -4.06     0.50    -571.7     54.17     10.35     2.901     106463    0    0    0    0    0
2026  7 24  6 35     4.51    -4.10     0.91    -569.9     64.23     13.78     2.989     106043    0    0    0    0    0
2026  7 24  6 36     4.22    -4.12     1.32    -575.9     64.72     10.24     3.105     110963    0    0    0    0    0
2026  7 24  6 37     4.24    -3.68     2.10    -575.5     66.17      7.44     3.203     121036    0    0    0    0    0
2026  7 24  6 38     4.35    -3.13     2.71    -575.3     68.51      7.58     3.306     131963    0    0    0    0    0
2026  7 24  6 39     4.51    -2.58     2.93    -575.7     72.16     15.59     3.385     139829    0    0    0    0    0
2026  7 24  6 40     4.54    -2.13     2.76    -577.7     75.67     25.96     3.329     142633    0    0    0    0    0
2026  7 24  6 41     4.50    -1.66     3.05    -579.4     69.64     27.70     3.160     142939    0    0    0    0    0
2026  7 24  6 42     4.34    -3.06     3.14    -581.5     57.07     27.24     2.975     141815    0    0    0    0    0
2026  7 24  6 43     4.23    -3.55     2.87    -581.8     56.36     27.15     2.833     141559    0    0    0    0    0
2026  7 24  6 44     4.18    -3.71     2.84    -580.8     58.10     26.76     2.798     139097    0    0    0    0    0
2026  7 24  6 45     4.27    -3.73     2.89    -578.7     58.26     26.26     2.772     136542    0    0    0    0    0
2026  7 24  6 46     4.35    -3.70     2.85    -576.4     57.85     26.03     2.750     132737    0    0    0    0    0
2026  7 24  6 47     4.35    -3.65     2.78    -574.8     58.46     26.13     2.714     128462    0    0    0    0    0
2026  7 24  6 48     4.36    -3.55     2.81    -574.4     61.01     27.00     2.681     125987    0    0    0    0    0
2026  7 24  6 49     4.45    -3.43     2.88    -574.7     64.14     28.90     2.700     124303    0    0    0    0    0
2026  7 24  6 50     4.57    -3.22     2.93    -574.7     66.32     29.30     2.763     121163    0    0    0    0    0
2026  7 24  6 51     4.64    -2.92     2.97    -574.4     67.22     27.31     2.813     119527    0    0    0    0    0
2026  7 24  6 52     4.54    -2.77     2.97    -573.6     66.77     25.80     2.803     120884    0    0    0    0    0
2026  7 24  6 53     4.36    -2.69     3.02    -572.2     66.37     25.20     2.826     124435    0    0    0    0    0
2026  7 24  6 54     4.32    -2.70     3.08    -571.8     65.69     23.67     2.840     139086    0    0    0    0    0
2026  7 24  6 55     4.29    -3.04     2.79    -572.9     62.46     22.81     2.778     182663    0    0    0    0    0
2026  7 24  6 56     4.36    -3.62     2.71    -573.9     59.22     19.96     2.568     193038    0    0    0    0    0
2026  7 24  6 57     4.43    -4.08     2.65    -574.3     58.15     16.85     2.462     192864    0    0    0    0    0
2026  7 24  6 58     4.33    -4.23     2.60    -573.7     56.40     17.73     2.453     192597    0    0    0    0    0
2026  7 24  6 59     4.21    -4.35     2.65    -575.2     52.20     20.80     2.471     193668    0    0    0    0    0
2026  7 24  7  0     4.08    -4.41     2.65    -577.0     47.76     22.66     2.465     198378    0    0    0    0    0
2026  7 24  7  1     4.04    -4.44     2.51    -578.2     45.06     22.59     2.395     205017    0    0    0    0    0
2026  7 24  7  2     3.98    -4.51     2.39    -577.9     43.10     21.70     2.342     207317    0    0    0    0    0
2026  7 24  7  3     3.72    -4.60     2.37    -577.5     41.31     19.62     2.293     204162    0    0    0    0    0
2026  7 24  7  4     3.50    -4.69     2.35    -578.0     39.30     17.81     2.270     201711    0    0    0    0    0
2026  7 24  7  5     3.44    -4.71     2.36    -578.3     38.60     17.99     2.254     199324    0    0    0    0    0
2026  7 24  7  6     3.49    -4.70     2.49    -577.5     38.94     19.14     2.244     194964    0    0    0    0    0
2026  7 24  7  7     3.63    -4.69     2.62    -576.4     39.60     19.33     2.243     191812    0    0    0    0    0
2026  7 24  7  8     3.71    -4.71     2.62    -575.0     40.85     18.56     2.233     190885    0    0    0    0    0
2026  7 24  7  9     3.72    -4.68     2.58    -573.9     42.68     17.97     2.206     194249    0    0    0    0    0
2026  7 24  7 10     3.70    -4.58     2.52    -574.4     42.57     17.54     2.174     200060    0    0    0    0    0
2026  7 24  7 11     3.60    -4.62     2.45    -575.4     38.13     15.66     2.180     198746    0    0    0    0    0
2026  7 24  7 12     3.47    -4.88     2.30    -580.5     34.43     11.75     2.289     192121    0    0    0    0    0
2026  7 24  7 13     3.40    -4.88     2.17    -582.6     33.41      9.81     2.329     184481    0    0    0    0    0
2026  7 24  7 14     3.43    -4.75     2.15    -583.0     33.33      8.58     2.357     166272    0    0    0    0    0
2026  7 24  7 15     3.40    -4.74     2.10    -582.8     33.74      7.23     2.414     161670    0    0    0    0    0
2026  7 24  7 16     3.36    -4.69     2.13    -581.4     34.29      8.92     2.446     161344    0    0    0    0    0
2026  7 24  7 17     3.38    -4.55     2.29    -577.7     37.85     13.15     2.362     165584    0    0    0    0    0
2026  7 24  7 18     3.51    -4.40     2.43    -573.2     42.60     17.20     2.277     172468    0    0    0    0    0
2026  7 24  7 19     3.72    -4.28     2.53    -568.3     47.82     20.42     2.219     181518    0    0    0    0    0
2026  7 24  7 20     3.26    -4.32     2.40    -568.4     47.19     20.41     2.209     204130    0    0    0    0    0
2026  7 24  7 21     3.14    -4.35     2.38    -570.6     46.40     20.98     2.209     216761    0    0    0    0    0
2026  7 24  7 22     3.11    -4.33     2.47    -573.4     46.81     21.31     2.211     217937    0    0    0    0    0
2026  7 24  7 23     3.20    -4.43     2.50    -574.5     46.60     19.56     2.208     214866    0    0    0    0    0
2026  7 24  7 24     3.46    -4.49     2.47    -574.5     44.92     15.84     2.157     207139    0    0    0    0    0
2026  7 24  7 25     3.61    -4.41     2.44    -574.2     43.02     12.87     2.088     202588    0    0    0    0    0
2026  7 24  7 26     3.56    -4.44     2.43    -574.2     41.61     12.26     2.084     202752    0    0    0    0    0
2026  7 24  7 27     3.35    -4.54     2.35    -575.7     40.85     12.63     2.063     204088    0    0    0    0    0
2026  7 24  7 28     3.20    -4.58     2.22    -576.5     40.82     12.57     2.038     205756    0    0    0    0    0
2026  7 24  7 29     3.14    -4.56     2.14    -577.0     39.53     11.94     2.036     206202    0    0    0    0    0
2026  7 24  7 30     3.13    -4.58     2.19    -576.3     35.08     11.85     2.035     200133    0    0    0    0    0
2026  7 24  7 31     3.10    -4.68     2.29    -575.7     29.38     12.57     2.039     190888    0    0    0    0    0
2026  7 24  7 32     3.04    -4.79     2.33    -576.0     26.41     13.50     2.045     186976    0    0    0    0    0
2026  7 24  7 33     3.04    -4.82     2.27    -576.4     26.09     13.88     2.049     186976    0    0    0    0    0
2026  7 24  7 34     3.07    -4.73     2.17    -576.6     25.86     13.62     2.066     190903    0    0    0    0    0
2026  7 24  7 35     3.08    -4.64     2.09    -576.6     25.53     11.68     2.034     195522    0    0    0    0    0
2026  7 24  7 36     3.09    -4.63     2.04    -578.1     23.88      8.06     2.066     204745    0    0    0    0    0
2026  7 24  7 37     3.15    -4.72     1.99    -584.5     19.90      5.97     2.117     210080    0    0    0    0    0
2026  7 24  7 38     3.19    -4.74     1.98    -584.0     21.79      6.53     2.117     210080    0    0    0    0    0
2026  7 24  7 39     3.24    -4.72     2.05    -583.3     24.41      7.26     2.112     210080    0    0    0    0    0
2026  7 24  7 40     3.35    -4.72     2.02    -583.0     25.08      7.07     2.127     210080    0    0    0    0    0
2026  7 24  7 41     3.33    -4.65     1.95    -582.5     25.43      6.61     2.163     210080    0    0    0    0    0
2026  7 24  7 42     3.25    -4.64     1.90    -583.5     21.80      6.32     2.178     213529    0    0    0    0    0
2026  7 24  7 43     3.14    -4.65     1.87    -585.3     16.62      6.27     2.189     213667    0    0    0    0    0
2026  7 24  7 44     3.12    -4.71     1.86    -586.7     19.27      6.35     2.098     211967    0    0    0    0    0
2026  7 24  7 45     3.04    -4.75     1.94    -586.8     24.02      6.44     2.127     207266    0    0    0    0    0
2026  7 24  7 46     3.07    -4.71     2.01    -585.1     27.27      6.55     2.075     205957    0    0    0    0    0
2026  7 24  7 47     3.28    -4.57     1.86    -581.5     29.88      7.64     2.065     205465    0    0    0    0    0
2026  7 24  7 48     3.64    -4.38     1.77    -577.4     33.39      8.15     2.002     196678    0    0    0    0    0
2026  7 24  7 49     3.92    -4.23     1.80    -573.9     36.47      7.64     1.976     190583    0    0    0    0    0
2026  7 24  7 50     4.08    -4.15     1.90    -571.4     38.01      6.29     1.980     190673    0    0    0    0    0
2026  7 24  7 51     4.23    -4.18     1.88    -569.8     36.93      5.38     1.899     191031    0    0    0    0    0
2026  7 24  7 52     4.21    -4.29     1.80    -570.2     34.39      3.15     1.961     191203    0    0    0    0    0
2026  7 24  7 53     4.17    -4.36     1.71    -570.3     31.17      0.06     1.914     192728    0    0    0    0    0
2026  7 24  7 54     3.98    -4.46     1.69    -575.1     29.10     -1.41     1.973     202296    0    0    0    0    0
2026  7 24  7 55     3.66    -4.41     1.61    -579.4     30.18      0.93     1.978     207952    0    0    0    0    0
2026  7 24  7 56     3.61    -4.33     1.54    -579.1     30.55     -0.01     1.975     211416    0    0    0    0    0
2026  7 24  7 57     3.63    -4.34     1.51    -579.5     30.07     -3.00     1.961     213624    0    0    0    0    0
2026  7 24  7 58     3.60    -4.42     1.50    -581.9     28.53     -3.99     1.967     220747    0    0    0    0    0
2026  7 24  7 59     3.60    -4.49     1.52    -582.6     27.95     -3.47     1.979     223569    0    0    0    0    0
2026  7 24  8  0     3.62    -4.51     1.58    -582.2     29.09     -2.36     1.984     226863    0    0    0    0    0
2026  7 24  8  1     3.65    -4.48     1.65    -581.4     30.74     -1.75     1.980     227322    0    0    0    0    0
2026  7 24  8  2     3.71    -4.43     1.72    -580.7     30.26     -2.04     1.933     225353    0    0    0    0    0
2026  7 24  8  3     3.70    -4.39     1.80    -581.3     28.95     -2.67     1.920     224791    0    0    0    0    0
2026  7 24  8  4     3.53    -4.40     1.84    -582.6     27.11     -1.34     1.956     231026    0    0    0    0    0
2026  7 24  8  5     3.33    -4.50     1.87    -582.9     24.77      0.75     1.949     231774    0    0    0    0    0
2026  7 24  8  6     3.15    -4.60     1.84    -582.6     24.56      0.92     1.945     234612    0    0    0    0    0
2026  7 24  8  7     3.06    -4.62     1.85    -580.3     26.30      1.21     1.936     234921    0    0    0    0    0
2026  7 24  8  8     3.10    -4.63     1.91    -579.3     28.95      1.67     1.933     234921    0    0    0    0    0
2026  7 24  8  9     3.13    -4.65     1.99    -577.7     28.95      0.26     1.874     229549    0    0    0    0    0
2026  7 24  8 10     3.10    -4.68     2.05    -577.1     26.44     -2.71     1.835     225968    0    0    0    0    0
2026  7 24  8 11     3.04    -4.65     2.16    -578.2     23.16     -3.28     1.860     226156    0    0    0    0    0
2026  7 24  8 12     2.93    -4.67     2.23    -580.7     21.16     -1.23     1.877     226269    0    0    0    0    0
2026  7 24  8 13     2.59    -4.87     2.26    -589.0     22.13     -0.97     1.913     223812    0    0    0    0    0
2026  7 24  8 14     2.56    -4.84     2.30    -588.1     23.98     -1.36     1.904     223521    0    0    0    0    0
2026  7 24  8 15     2.48    -4.73     2.29    -586.3     25.39     -1.25     1.864     222988    0    0    0    0    0
2026  7 24  8 16     2.55    -4.64     2.32    -586.2     26.84      0.25     1.854     220651    0    0    0    0    0
2026  7 24  8 17     2.59    -4.53     2.41    -585.6     31.40      5.70     1.844     217169    0    0    0    0    0
2026  7 24  8 18     2.53    -4.42     2.54    -580.4     36.93     10.78     1.789     209693    0    0    0    0    0
2026  7 24  8 19     2.66    -4.40     2.56    -576.5     41.52     12.37     1.768     207201    0    0    0    0    0
2026  7 24  8 20     2.82    -4.43     2.51    -572.1     43.95     12.21     1.742     208521    0    0    0    0    0
2026  7 24  8 21     2.89    -4.47     2.48    -565.8     43.99     12.04     1.685     211689    0    0    0    0    0
2026  7 24  8 22     2.74    -4.45     2.48    -569.9     41.45     11.84     1.691     212378    0    0    0    0    0
2026  7 24  8 23     2.58    -4.54     2.50    -572.4     36.64     10.10     1.707     211216    0    0    0    0    0
2026  7 24  8 24     2.55    -4.62     2.47    -575.2     34.09      8.54     1.732     210842    0    0    0    0    0
2026  7 24  8 25     2.67    -4.74     2.35    -576.2     32.37      5.97     1.733     210845    0    0    0    0    0
2026  7 24  8 26     2.85    -4.82     2.15    -576.3     30.52      0.72     1.723     209510    0    0    0    0    0
2026  7 24  8 27     2.91    -4.84     2.08    -576.6     29.49     -1.76     1.712     208099    0    0    0    0    0
2026  7 24  8 28     2.94    -4.80     2.24    -576.9     29.45     -0.80     1.711     205548    0    0    0    0    0
2026  7 24  8 29     2.92    -4.76     2.36    -577.5     28.62      0.01     1.727     204064    0    0    0    0    0
2026  7 24  8 30     2.81    -4.85     2.37    -580.2     25.35     -0.86     1.751     204064    0    0    0    0    0
2026  7 24  8 31     2.83    -4.93     2.34    -581.5     24.66     -1.32     1.789     212506    0    0    0    0    0
2026  7 24  8 32     2.99    -4.83     2.42    -580.8     27.76      1.43     1.800     214264    0    0    0    0    0
2026  7 24  8 33     3.11    -4.68     2.52    -580.9     33.37      8.61     1.818     199898    0    0    0    0    0
2026  7 24  8 34     2.90    -4.79     2.73    -580.5     34.82     12.41     1.800     195104    0    0    0    0    0
2026  7 24  8 35     2.69    -4.93     2.77    -581.6     32.62     11.27     1.810     194225    0    0    0    0    0
2026  7 24  8 36     2.65    -4.98     2.50    -580.9     29.60     10.44     1.811     194114    0    0    0    0    0
2026  7 24  8 37     2.87    -4.85     2.24    -579.5     27.33      7.46     1.857     188078    0    0    0    0    0
2026  7 24  8 38     3.01    -4.81     2.13    -578.2     26.09      3.59     1.852     182632    0    0    0    0    0
2026  7 24  8 39     3.13    -4.80     2.13    -576.7     25.75      2.23     1.784     179548    0    0    0    0    0
2026  7 24  8 40     3.24    -4.75     2.32    -573.9     26.82      3.66     1.726     176163    0    0    0    0    0
2026  7 24  8 41     3.31    -4.65     2.68    -570.0     30.03      6.47     1.706     171465    0    0    0    0    0
2026  7 24  8 42     3.46    -4.43     2.83    -567.3     38.71     10.92     1.702     166442    0    0    0    0    0
2026  7 24  8 43     3.55    -4.24     2.95    -563.0     47.28     12.50     1.654     165784    0    0    0    0    0
2026  7 24  8 44     3.59    -4.12     3.04    -561.8     53.84     13.22     1.631     165591    0    0    0    0    0
2026  7 24  8 45     3.56    -4.14     3.09    -561.8     55.64     13.40     1.628     168198    0    0    0    0    0
2026  7 24  8 46     3.50    -4.08     3.15    -563.4     56.29     15.85     1.643     175188    0    0    0    0    0
2026  7 24  8 47     3.53    -3.90     3.18    -561.9     57.34     19.72     1.655     178167    0    0    0    0    0
2026  7 24  8 48     3.54    -3.72     3.22    -564.3     55.28     21.74     1.666     184090    0    0    0    0    0
2026  7 24  8 49     3.34    -3.87     3.20    -572.5     48.18     19.88     1.697     191872    0    0    0    0    0
2026  7 24  8 50     3.40    -4.02     3.21    -575.5     44.81     10.97     1.714     204951    0    0    0    0    0
2026  7 24  8 51     3.46    -4.35     2.82    -579.6     37.22      2.19     1.773     224768    0    0    0    0    0
2026  7 24  8 52     2.88    -4.57     2.51    -597.2     25.85     -0.48     1.935     242200    0    0    0    0    0
2026  7 24  8 53     2.53    -4.51     2.46    -598.7     25.97     -0.72     2.070     242504    0    0    0    0    0
2026  7 24  8 54     2.55    -4.45     2.33    -600.6     29.29     -0.50     2.175     275727    0    0    0    0    0
2026  7 24  8 55     2.30    -4.50     2.27    -599.2     31.27      0.15     2.193     290697    0    0    0    0    0
2026  7 24  8 56     1.99    -4.52     2.28    -598.9     29.84      0.71     2.156     298414    0    0    0    0    0
2026  7 24  8 57     1.93    -4.41     2.22    -598.4     25.79     -0.24     2.281     299414    0    0    0    0    0
2026  7 24  8 58     1.65    -4.51     2.20    -597.0     23.07     -1.57     2.418     299414    0    0    0    0    0
2026  7 24  8 59     1.41    -4.56     2.25    -596.3     24.03      0.06     2.469     292521    0    0    0    0    0
2026  7 24  9  0     1.22    -4.53     2.38    -596.2     26.82      3.55     2.482     283241    0    0    0    0    0
2026  7 24  9  1     1.07    -4.58     2.43    -600.0     29.72      4.08     2.500     280500    0    0    0    0    0
2026  7 24  9  2     0.96    -4.62     2.47    -601.0     30.86      3.19     2.517     283385    0    0    0    0    0
2026  7 24  9  3     0.98    -4.65     2.48    -601.7     28.45      4.00     2.534     283422    0    0    0    0    0
2026  7 24  9  4     1.02    -4.66     2.51    -603.3     26.31      5.04     2.548     279706    0    0    0    0    0
2026  7 24  9  5     0.90    -4.58     2.59    -605.3     24.54      5.95     2.561     279154    0    0    0    0    0
2026  7 24  9  6     0.90    -4.60     2.62    -604.5     26.51      8.14     2.552     279691    0    0    0    0    0
2026  7 24  9  7     0.90    -4.51     2.73    -602.8     29.68     10.85     2.450     279225    0    0    0    0    0
2026  7 24  9  8     0.79    -4.53     2.72    -605.2     30.90     12.06     2.350     278836    0    0    0    0    0
2026  7 24  9  9     0.94    -4.50     2.63    -608.3     27.63      9.37     2.381     276201    0    0    0    0    0
2026  7 24  9 10     1.01    -4.53     2.57    -609.7     24.64      2.60     2.352     274388    0    0    0    0    0
2026  7 24  9 11     0.87    -4.59     2.58    -610.3     23.75     -4.22     2.292     274388    0    0    0    0    0
2026  7 24  9 12     0.68    -4.62     2.52    -608.4     23.93     -6.35     2.192     272317    0    0    0    0    0
2026  7 24  9 13     0.56    -4.63     2.47    -605.1     24.60     -5.04     2.086     268259    0    0    0    0    0
2026  7 24  9 14     0.51    -4.60     2.55    -604.2     26.04     -0.80     2.156     264537    0    0    0    0    0
2026  7 24  9 15     0.83    -4.54     2.61    -603.7     27.85      3.34     2.280     261762    0    0    0    0    0
2026  7 24  9 16     1.28    -4.34     2.72    -608.5     30.65      5.61     2.372     266369    0    0    0    0    0
2026  7 24  9 17     1.50    -4.20     2.90    -607.2     36.20      6.87     2.405     270125    0    0    0    0    0
2026  7 24  9 18     1.58    -4.14     3.04    -606.2     40.00      7.66     2.516     275530    0    0    0    0    0
2026  7 24  9 19     1.56    -4.15     3.00    -605.3     37.50      9.60     2.639     284408    0    0    0    0    0
2026  7 24  9 20     1.35    -4.17     2.88    -606.8     35.10     11.52     2.775     300501    0    0    0    0    0
2026  7 24  9 21     0.99    -4.15     2.97    -615.0     34.67     12.19     2.944     298514    0    0    0    0    0
2026  7 24  9 22     0.78    -4.20     3.08    -623.3     31.81      7.94     3.035     291993    0    0    0    0    0
2026  7 24  9 23     0.55    -4.30     2.89    -630.8     30.20      3.93     2.967     285816    0    0    0    0    0
2026  7 24  9 24     0.39    -4.29     2.93    -631.5     29.94      3.05     2.915     286028    0    0    0    0    0
2026  7 24  9 25     0.29    -4.25     3.04    -630.8     29.77      4.79     2.848     289286    0    0    0    0    0
2026  7 24  9 26     0.20    -4.09     3.14    -631.3     33.52      8.23     2.727     291543    0    0    0    0    0
2026  7 24  9 27     0.26    -3.92     3.24    -633.3     40.87      8.98     2.600     290453    0    0    0    0    0
2026  7 24  9 28     0.34    -3.88     3.29    -634.6     43.18      6.05     2.471     289967    0    0    0    0    0
2026  7 24  9 29     0.20    -3.93     3.28    -635.1     42.38      3.10     2.344     289337    0    0    0    0    0
2026  7 24  9 30     0.04    -3.93     3.29    -633.6     41.30      6.09     2.327     289747    0    0    0    0    0
2026  7 24  9 31    -0.03    -3.94     3.24    -631.3     40.98     10.76     2.337     290492    0    0    0    0    0
2026  7 24  9 32    -0.07    -3.94     3.28    -628.8     41.38     12.97     2.327     293698    0    0    0    0    0
2026  7 24  9 33    -0.14    -3.84     3.44    -627.6     42.16     13.05     2.300     296978    0    0    0    0    0
2026  7 24  9 34    -0.12    -3.67     3.56    -626.8     43.20     12.69     2.283     297194    0    0    0    0    0
2026  7 24  9 35     0.01    -3.60     3.58    -622.5     44.69     12.48     2.235     295394    0    0    0    0    0
2026  7 24  9 36     0.12    -3.55     3.59    -614.1     46.98     14.07     2.062     288196    0    0    0    0    0
2026  7 24  9 37     0.36    -3.52     3.60    -607.4     49.20     14.77     1.963     281359    0    0    0    0    0
2026  7 24  9 38     0.71    -3.51     3.61    -602.9     50.71     13.93     1.955     275565    0    0    0    0    0
2026  7 24  9 39     0.64    -3.46     3.71    -600.5     46.81      9.01     1.955     275191    0    0    0    0    0
2026  7 24  9 40     0.98    -3.49     3.59    -598.2     37.34      5.05     2.038     269581    0    0    0    0    0
2026  7 24  9 41     1.34    -3.53     3.43    -593.6     31.07      1.14     2.055     268285    0    0    0    0    0
2026  7 24  9 42     1.64    -3.55     3.33    -587.9     27.89     -1.13     2.034     266169    0    0    0    0    0
2026  7 24  9 43     1.81    -3.55     3.32    -581.4     28.54     -0.33     1.983     260124    0    0    0    0    0
2026  7 24  9 44     1.98    -3.42     3.35    -577.8     31.18      1.95     1.958     256484    0    0    0    0    0
2026  7 24  9 45     2.11    -3.31     3.38    -575.4     34.46      4.90     1.917     254125    0    0    0    0    0
2026  7 24  9 46     2.15    -3.31     3.35    -574.3     36.36      7.42     1.878     252848    0    0    0    0    0
2026  7 24  9 47     2.11    -3.41     3.25    -575.1     36.26      8.44     1.918     254758    0    0    0    0    0
2026  7 24  9 48     2.09    -3.51     3.21    -575.5     35.89      8.17     1.975     257226    0    0    0    0    0
2026  7 24  9 49     2.13    -3.56     3.36    -576.4     35.00      6.08     1.975     254386    0    0    0    0    0
2026  7 24  9 50     2.11    -3.56     3.47    -578.9     33.72      0.81     1.943     244169    0    0    0    0    0
2026  7 24  9 51     2.40    -3.71     3.32    -581.1     31.80     -2.73     1.918     240483    0    0    0    0    0
2026  7 24  9 52     2.49    -3.88     3.06    -584.3     27.71     -5.32     1.967     251432    0    0    0    0    0
2026  7 24  9 53     2.27    -4.12     2.87    -588.1     24.17     -9.70     2.032     257770    0    0    0    0    0
2026  7 24  9 54     2.17    -4.23     2.51    -593.4     24.90    -21.84     2.141     264741    0    0    0    0    0
2026  7 24  9 55     1.97    -4.19     2.28    -595.1     27.41    -28.66     2.120     269559    0    0    0    0    0
2026  7 24  9 56     1.72    -4.17     2.33    -592.7     29.25    -24.59     2.103     278786    0    0    0    0    0
2026  7 24  9 57     1.61    -4.20     2.27    -589.0     29.89    -18.56     2.145     287034    0    0    0    0    0
2026  7 24  9 58     1.79    -4.24     1.86    -587.3     29.24    -16.32     2.163     288338    0    0    0    0    0
2026  7 24  9 59     1.93    -4.25     1.53    -593.1     25.18    -28.39     2.184     288491    0    0    0    0    0
2026  7 24 10  0     1.96    -4.24     1.60    -592.9     21.19    -34.27     2.186     288372    0    0    0    0    0
2026  7 24 10  1     2.07    -4.09     1.86    -589.6     20.70    -34.39     2.186     288090    0    0    0    0    0
2026  7 24 10  2     2.18    -3.93     2.05    -585.6     23.94    -33.67     2.182     287662    0    0    0    0    0
2026  7 24 10  3     2.39    -3.83     2.30    -584.7     29.57    -29.89     2.174     283366    0    0    0    0    0
2026  7 24 10  4     2.51    -3.78     2.36    -584.7     30.78    -21.31     2.161     281942    0    0    0    0    0
2026  7 24 10  5     2.44    -3.77     2.86    -585.1     37.54     -9.82     2.075     282252    0    0    0    0    0
2026  7 24 10  6     2.46    -3.57     2.84    -586.2     45.63      3.51     2.099     288521    0    0    0    0    0
2026  7 24 10  7     2.21    -3.82     2.77    -586.4     47.81      2.10     2.227     296320    0    0    0    0    0
2026  7 24 10  8     2.28    -3.76     2.82    -585.6     56.98      0.54     2.391     310344    0    0    0    0    0
2026  7 24 10  9     2.48    -3.37     3.07    -579.0     64.08      0.53     2.456     313541    0    0    0    0    0
2026  7 24 10 10     2.75    -2.98     3.25    -572.8     72.20      1.03     2.489     315300    0    0    0    0    0
2026  7 24 10 11     3.10    -2.58     3.37    -567.3     81.59      2.14     2.484     315300    0    0    0    0    0
2026  7 24 10 12     3.34    -2.06     3.42    -564.5     95.29      5.91     2.483     311072    0    0    0    0    0
2026  7 24 10 13     3.36    -1.46     3.51    -563.5     99.44     11.84     2.481     301823    0    0    0    0    0
2026  7 24 10 14     2.95    -1.73     3.35    -568.1     84.61     22.06     2.466     298499    0    0    0    0    0
2026  7 24 10 15     2.39    -1.86     4.20    -586.6     63.17     20.52     2.441     293395    0    0    0    0    0
2026  7 24 10 16     1.97    -1.68     4.29    -587.1     63.41     18.15     2.423     293655    0    0    0    0    0
2026  7 24 10 17     1.99    -1.59     4.34    -587.0     63.67     13.56     2.379     295052    0    0    0    0    0
2026  7 24 10 18     2.32    -1.58     4.28    -584.0     65.25     13.72     2.278     295800    0    0    0    0    0
2026  7 24 10 19     2.54    -1.58     3.95    -582.7     65.74     15.10     2.163     295812    0    0    0    0    0
2026  7 24 10 20     2.33    -2.03     3.84    -580.3     59.30     16.76     2.139     293996    0    0    0    0    0
2026  7 24 10 21     2.02    -2.94     3.50    -581.5     40.20      4.62     2.195     287684    0    0    0    0    0
2026  7 24 10 22     1.74    -3.71     2.77    -586.3     21.88    -25.94     2.152     278353    0    0    0    0    0
2026  7 24 10 23     1.40    -4.24     2.10    -591.8     16.91    -38.04     2.251     271830    0    0    0    0    0
2026  7 24 10 24     1.38    -4.40     1.92    -594.0     16.08    -35.67     2.239     267277    0    0    0    0    0
2026  7 24 10 25     1.40    -4.40     2.29    -596.6     17.47    -24.76     2.238     274317    0    0    0    0    0
2026  7 24 10 26     1.17    -4.49     2.24    -596.2     17.59    -22.22     2.214     276981    0    0    0    0    0
2026  7 24 10 27     0.52    -4.54     2.07    -604.6     17.44    -21.96     2.245     258665    0    0    0    0    0
2026  7 24 10 28     0.16    -4.37     2.21    -604.7     19.43    -17.35     2.185     241206    0    0    0    0    0
2026  7 24 10 29     0.16    -4.27     2.47    -600.9     21.17    -12.80     2.178     241015    0    0    0    0    0
2026  7 24 10 30     0.00    -4.25     2.58    -597.5     18.82    -10.69     2.171     241006    0    0    0    0    0
2026  7 24 10 31     0.06    -4.16     2.90    -603.4     15.07     -8.40     2.157     242003    0    0    0    0    0
2026  7 24 10 32     0.33    -4.10     3.02    -601.9     22.42    -10.05     2.157     242898    0    0    0    0    0
2026  7 24 10 33     0.61    -3.89     3.43    -598.1     30.00    -11.75     2.157     265353    0    0    0    0    0
2026  7 24 10 34     0.64    -3.77     3.60    -598.3     31.90     -5.83     2.257     270966    0    0    0    0    0
2026  7 24 10 35     0.00    -3.14     3.88    -611.9     39.79     17.49     2.396     265707    0    0    0    0    0
2026  7 24 10 36    -0.62    -2.63     3.97    -613.1     54.06     21.25     2.397     262119    0    0    0    0    0
2026  7 24 10 37    -0.57    -2.96     3.94    -619.6     78.43     16.08     2.401     261179    0    0    0    0    0
2026  7 24 10 38    -0.52    -2.99     3.53    -615.9     76.17      9.09     2.488     246794    0    0    0    0    0
2026  7 24 10 39    -0.46    -3.31     3.33    -611.0     69.90      5.52     2.574     243198    0    0    0    0    0
2026  7 24 10 40    -0.42    -3.64     3.23    -606.4     62.21      3.85     2.666     249389    0    0    0    0    0
2026  7 24 10 41    -0.43    -3.75     3.20    -605.0     55.10      3.82     2.779     266007    0    0    0    0    0
2026  7 24 10 42    -2.23    -3.72     2.64    -629.8     42.38     -0.94     3.037     246814    0    0    0    0    0
2026  7 24 10 43    -2.39    -4.08     2.20    -634.9     34.94     -6.20     2.987     220970    0    0    0    0    0
2026  7 24 10 44    -2.14    -4.16     2.03    -630.7     30.23     -9.09     2.899     218335    0    0    0    0    0
2026  7 24 10 45    -1.84    -4.14     1.98    -626.7     27.61    -10.99     2.926     218584    0    0    0    0    0
2026  7 24 10 46    -1.51    -4.09     2.14    -625.5     26.36    -12.15     3.103     219854    0    0    0    0    0
2026  7 24 10 47    -1.51    -4.14     2.18    -630.6     20.88    -17.42     3.205     224957    0    0    0    0    0
2026  7 24 10 48    -1.92    -4.24     1.54    -632.6     18.26    -27.35     3.196     227381    0    0    0    0    0
2026  7 24 10 49    -2.14    -4.26     1.41    -632.4     18.33    -32.63     3.180     227267    0    0    0    0    0
2026  7 24 10 50    -1.83    -4.21     1.21    -631.7     19.57    -37.08     3.162     227208    0    0    0    0    0
2026  7 24 10 51    -1.62    -4.14     0.84    -631.6     20.82    -42.87     3.077     225677    0    0    0    0    0
2026  7 24 10 52    -0.69    -3.86     1.38    -632.1     25.00    -46.22     3.032     224741    0    0    0    0    0
2026  7 24 10 53     0.26    -3.63     2.00    -639.4     32.20    -39.61     3.033     243792    0    0    0    0    0
2026  7 24 10 54    -0.42    -3.79     2.50    -637.1     29.68    -31.97     2.929     246115    0    0    0    0    0
2026  7 24 10 55    -0.42    -3.96     2.64    -634.2     23.95    -28.32     2.810     248388    0    0    0    0    0
2026  7 24 10 56    -0.23    -4.03     2.71    -629.9     19.30    -24.10     2.698     249707    0    0    0    0    0
2026  7 24 10 57    -0.03    -3.95     2.65    -626.3     16.38    -19.77     2.574     253527    0    0    0    0    0
2026  7 24 10 58     0.15    -3.71     2.46    -623.7     18.15    -15.54     2.435     260286    0    0    0    0    0
2026  7 24 10 59     0.41    -3.57     2.46    -618.2     26.36    -10.36     2.323     262307    0    0    0    0    0
2026  7 24 11  0     0.71    -3.46     2.54    -609.1     34.53     -5.28     2.244     262543    0    0    0    0    0
2026  7 24 11  1     1.01    -3.35     2.63    -599.6     42.70     -0.21     2.170     262543    0    0    0    0    0
2026  7 24 11  2     1.33    -3.20     2.91    -592.5     48.06      2.75     2.110     258257    0    0    0    0    0
2026  7 24 11  3     1.61    -3.06     3.21    -586.1     51.97      4.70     2.049     253686    0    0    0    0    0
2026  7 24 11  4     1.65    -3.00     3.37    -578.7     53.84      5.46     1.968     253686    0    0    0    0    0
2026  7 24 11  5     1.87    -2.96     3.47    -574.0     54.86      5.94     1.915     253714    0    0    0    0    0
2026  7 24 11  6     2.17    -3.01     3.51    -573.7     53.20      5.77     1.907     254179    0    0    0    0    0
2026  7 24 11  7     2.05    -3.21     3.58    -576.5     46.11      5.11     1.919     254938    0    0    0    0    0
2026  7 24 11  8     1.70    -3.20     3.59    -585.0     35.38      4.55     1.934     251816    0    0    0    0    0
2026  7 24 11  9     1.61    -3.38     3.52    -588.5     29.34     -2.63     2.044     254112    0    0    0    0    0
2026  7 24 11 10     1.58    -3.71     3.32    -585.9     27.42     -7.76     2.035     261232    0    0    0    0    0
2026  7 24 11 11     1.59    -3.74     3.32    -577.9     32.76     -6.01     1.994     262394    0    0    0    0    0
2026  7 24 11 12     1.61    -3.61     3.32    -570.8     39.26     -3.89     1.961     263285    1    0    0    0    0
2026  7 24 11 13     1.66    -2.92     3.34    -566.9     49.57     -0.52     1.955     263285    1    0    0    0    0
2026  7 24 11 14     1.74    -3.11     3.37    -575.2     42.42     -7.45     1.960     244110    1    0    0    0    0
2026  7 24 11 15     1.78    -3.38     3.37    -577.0     36.16     -6.94     1.971     240238    1    0    0    0    0
2026  7 24 11 16     1.85    -3.02     3.36    -590.8     39.64      7.02     2.156     249479    0    0    0    0    0
2026  7 24 11 17     2.08    -2.81     3.19    -595.1     41.33      4.30     2.202     250241    0    0    0    0    0
2026  7 24 11 18     2.05    -3.09     3.19    -597.5     39.46     -2.68     2.102     250335    0    0    0    0    0
2026  7 24 11 19     1.35    -3.24     3.30    -598.3     39.64      1.24     2.054     250596    0    0    0    0    0
2026  7 24 11 20     1.09    -3.25     3.49    -596.2     40.40      8.41     2.069     251424    0    0    0    0    0
2026  7 24 11 21     1.04    -3.27     3.57    -593.3     40.67     10.63     2.060     251786    0    0    0    0    0
2026  7 24 11 22     1.00    -3.31     3.57    -593.6     40.98      9.75     2.089     251824    0    0    0    0    0
2026  7 24 11 23     1.07    -3.45     3.38    -596.8     41.76      8.94     2.204     251824    0    0    0    0    0
2026  7 24 11 24     0.88    -3.83     3.20    -600.7     33.45      3.15     2.229     249012    0    0    0    0    0
2026  7 24 11 25     0.91    -4.01     3.02    -605.0     22.95     -4.35     2.218     248890    0    0    0    0    0
2026  7 24 11 26     0.80    -3.76     3.14    -609.5     27.58     -4.03     2.232     248557    0    0    0    0    0
2026  7 24 11 27     0.54    -3.74     3.29    -613.5     29.92     -3.08     2.154     243430    0    0    0    0    0
2026  7 24 11 28     0.37    -3.72     3.20    -611.8     30.54     -1.03     2.107     241132    0    0    0    0    0
2026  7 24 11 29     0.47    -3.64     3.18    -611.5     31.70      3.37     2.082     241132    0    0    0    0    0
2026  7 24 11 30     0.62    -3.48     3.31    -612.9     34.42      7.88     2.064     239867    0    0    0    0    0
2026  7 24 11 31     0.69    -3.24     3.34    -616.0     44.80     13.66     2.064     237042    0    0    0    0    0
2026  7 24 11 32     0.76    -3.11     3.50    -619.1     55.24     19.98     2.133     236508    0    0    0    0    0
2026  7 24 11 33     0.81    -3.19     3.48    -621.4     48.86     18.84     2.127     237246    0    0    0    0    0
2026  7 24 11 34     0.47    -3.13     3.49    -621.8     43.11     17.68     2.119     237246    0    0    0    0    0
2026  7 24 11 35    -0.28    -2.49     3.64    -630.9     55.80     19.08     2.176     235402    0    0    0    0    0
2026  7 24 11 36    -1.03    -1.57     3.55    -642.5     80.42     15.20     2.124     218035    0    0    0    0    0
2026  7 24 11 37    -1.07    -1.30     3.48    -642.6     90.22     11.31     2.134     208781    0    0    0    0    0
2026  7 24 11 38    -1.06    -1.18     3.38    -644.9     94.49      9.04     2.195     202126    0    0    0    0    0
2026  7 24 11 39    -0.98    -1.22     3.29    -647.2     93.20      7.08     2.182     197540    0    0    0    0    0
2026  7 24 11 40    -1.27    -1.21     3.31    -646.0     92.99      4.77     2.154     189456    0    0    0    0    0
2026  7 24 11 41    -1.73    -1.28     3.34    -642.6     94.17      2.23     2.145     184637    0    0    0    0    0
2026  7 24 11 42    -1.86    -1.75     3.52    -641.7     94.22      2.67     2.157     174253    0    0    0    0    0
2026  7 24 11 43    -1.82    -1.88     3.66    -636.3     87.36      5.33     2.176     174253    0    0    0    0    0
2026  7 24 11 44    -1.73    -1.95     3.76    -633.4     76.69      6.92     2.185     177834    0    0    0    0    0
2026  7 24 11 45    -1.75    -2.01     3.82    -631.2     70.17      9.85     2.195     179295    0    0    0    0    0
2026  7 24 11 46    -1.76    -1.92     3.88    -630.2     67.46     13.87     2.212     178560    0    0    0    0    0
2026  7 24 11 47    -1.67    -1.86     3.94    -629.2     63.52     15.95     2.227     174660    0    0    0    0    0
2026  7 24 11 48    -1.54    -1.99     3.97    -627.6     57.65     16.11     2.236     170203    0    0    0    0    0
2026  7 24 11 49    -1.44    -2.19     3.93    -624.9     53.59     16.44     2.240     168647    0    0    0    0    0
2026  7 24 11 50    -1.36    -2.39     3.81    -620.8     52.72     17.09     2.230     168929    0    0    0    0    0
2026  7 24 11 51    -1.13    -2.50     3.76    -619.4     50.92     17.89     2.228     173166    0    0    0    0    0
2026  7 24 11 52    -1.04    -2.57     3.78    -620.8     48.53     17.83     2.257     174597    0    0    0    0    0
2026  7 24 11 53    -0.96    -2.60     3.78    -621.2     45.16     16.35     2.341     177053    0    0    0    0    0
2026  7 24 11 54    -1.12    -2.61     3.81    -621.0     39.61     15.06     2.351     183346    0    0    0    0    0
2026  7 24 11 55    -1.08    -2.59     3.85    -619.2     36.94     16.39     2.338     188651    0    0    0    0    0
2026  7 24 11 56    -0.95    -2.54     3.87    -615.0     37.85     17.68     2.309     188828    0    0    0    0    0
2026  7 24 11 57    -0.79    -2.43     3.88    -611.2     39.24     17.28     2.271     189866    0    0    0    0    0
2026  7 24 11 58    -0.58    -2.35     3.86    -608.5     40.16     15.93     2.230     190727    0    0    0    0    0
2026  7 24 11 59    -0.46    -2.34     3.84    -607.5     40.18     14.57     2.183     190273    0    0    0    0    0
2026  7 24 12  0    -0.69    -2.30     3.84    -607.5     40.64     13.48     2.137     189180    0    0    0    0    0
2026  7 24 12  1    -0.97    -2.19     3.80    -608.7     42.07     12.71     2.135     188694    0    0    0    0    0
2026  7 24 12  2    -0.87    -2.20     3.84    -610.0     42.47     13.32     2.178     188507    0    0    0    0    0
2026  7 24 12  3    -0.47    -2.28     3.89    -608.8     41.73     14.62     2.223     188507    0    0    0    0    0
2026  7 24 12  4    -0.13    -2.37     3.84    -606.5     40.34     14.93     2.247     189253    0    0    0    0    0
2026  7 24 12  5     0.01    -2.51     3.67    -603.4     38.02     13.25     2.315     192024    0    0    0    0    0
2026  7 24 12  6     0.20    -2.55     3.61    -597.8     35.31     11.63     2.291     197832    0    0    0    0    0
2026  7 24 12  7     0.34    -2.59     3.53    -596.0     29.00      9.47     2.286     200734    0    0    0    0    0
2026  7 24 12  8     0.52    -2.71     3.49    -595.9     21.21      1.28     2.291     201226    0    0    0    0    0
2026  7 24 12  9     0.75    -2.81     3.43    -595.3     18.75     -8.70     2.314     197795    0    0    0    0    0
2026  7 24 12 10     0.61    -2.90     3.11    -596.4     21.55    -10.89     2.327     195954    0    0    0    0    0
2026  7 24 12 11     0.52    -2.91     2.95    -596.6     26.69     -5.88     2.283     195954    0    0    0    0    0
2026  7 24 12 12     0.50    -2.90     3.09    -594.7     28.32     -1.25     2.260     192889    0    0    0    0    0
2026  7 24 12 13     0.06    -2.66     3.14    -594.2     26.43     -2.10     2.256     190054    0    0    0    0    0
2026  7 24 12 14    -0.56    -2.58     2.76    -594.6     23.19     -7.44     2.249     189498    0    0    0    0    0
2026  7 24 12 15    -0.70    -2.60     2.54    -592.2     23.96     -6.41     2.202     189568    0    0    0    0    0
2026  7 24 12 16    -0.56    -2.62     2.58    -588.0     27.48     -0.62     2.140     189623    0    0    0    0    0
2026  7 24 12 17    -0.35    -2.88     2.68    -583.6     31.58      5.94     2.094     189809    0    0    0    0    0
2026  7 24 12 18    -0.20    -3.08     2.66    -579.0     32.05      3.48     2.024     201851    0    0    0    0    0
2026  7 24 12 19     0.03    -3.21     2.55    -575.6     33.15     -0.57     1.984     208753    0    0    0    0    0
2026  7 24 12 20     0.38    -3.22     2.44    -573.2     36.25     -4.04     1.980     211933    0    0    0    0    0
2026  7 24 12 21     0.80    -3.02     2.50    -570.5     41.34     -4.82     1.993     217673    0    0    0    0    0
2026  7 24 12 22     1.09    -2.49     2.97    -567.6     45.98     -3.23     2.006     226397    0    0    0    0    0
2026  7 24 12 23     1.78    -2.23     3.10    -566.8     46.52     -1.70     2.059     231544    0    0    0    0    0
2026  7 24 12 24     1.99    -2.18     3.19    -567.6     46.23     -5.75     2.110     231962    0    0    0    0    0
2026  7 24 12 25     1.81    -2.29     3.29    -569.3     47.97     -3.92     2.018     224597    0    0    0    0    0
2026  7 24 12 26     1.73    -2.51     3.05    -567.2     49.92     -2.17     1.986     223998    0    0    0    0    0
2026  7 24 12 27     1.77    -2.49     2.94    -565.3     52.64      0.27     1.951     217022    0    0    0    0    0
2026  7 24 12 28     1.90    -2.35     2.97    -563.5     54.14      1.38     1.941     215536    0    0    0    0    0
2026  7 24 12 29     1.96    -2.29     3.02    -563.2     51.64      1.66     1.960     220525    0    0    0    0    0
2026  7 24 12 30     0.40    -2.47     2.87    -579.7     40.85     -7.77     2.041     240007    0    0    0    0    0
2026  7 24 12 31    -0.73    -2.47     2.80    -591.8     41.75     -6.16     2.141     242095    0    0    0    0    0
2026  7 24 12 32    -0.39    -2.20     2.86    -586.6     43.07     -1.46     2.193     239654    0    0    0    0    0
2026  7 24 12 33     0.01    -2.14     2.98    -580.8     44.91      5.20     2.218     228386    0    0    0    0    0
2026  7 24 12 34     0.06    -2.32     3.02    -579.9     48.63      9.74     2.242     218991    0    0    0    0    0
2026  7 24 12 35     0.30    -2.82     2.87    -580.8     52.51      8.64     2.347     211417    0    0    0    0    0
2026  7 24 12 36     0.42    -2.96     2.79    -580.8     47.76      4.42     2.458     208850    0    0    0    0    0
2026  7 24 12 37     0.42    -3.21     2.74    -582.3     33.80     -2.92     2.574     208617    0    0    0    0    0
2026  7 24 12 38    -0.07    -3.34     2.66    -588.9     25.13     -5.03     2.734     202228    0    0    0    0    0
2026  7 24 12 39    -0.32    -3.38     2.74    -604.5     21.75     -5.21     2.952     188889    0    0    0    0    0
2026  7 24 12 40    -0.32    -3.68     2.58    -605.4     22.22     -6.89     3.073     184369    0    0    0    0    0
2026  7 24 12 41    -0.51    -3.71     2.46    -606.2     26.08     -9.82     3.152     180994    0    0    0    0    0
2026  7 24 12 42    -0.67    -3.81     2.28    -608.1     27.17    -12.54     3.269     179568    0    0    0    0    0
2026  7 24 12 43    -0.71    -3.88     2.08    -609.5     20.80    -14.33     3.456     176330    0    0    0    0    0
2026  7 24 12 44    -0.83    -3.89     1.99    -611.3     16.93    -18.12     3.381     170383    0    0    0    0    0
2026  7 24 12 45    -0.94    -3.74     2.06    -618.0     20.11    -27.60     3.177     163533    0    0    0    0    0
2026  7 24 12 46    -0.84    -3.11     2.85    -630.7     29.99    -31.33     2.968     156220    0    0    0    0    0
2026  7 24 12 47    -1.47    -2.79     2.85    -639.5     36.56    -28.85     2.791     156902    0    0    0    0    0
2026  7 24 12 48    -1.43    -2.66     2.91    -639.5     42.81    -22.39     2.784     157877    0    0    0    0    0
2026  7 24 12 49    -1.42    -2.63     2.92    -638.1     45.81    -14.87     2.767     159855    0    0    0    0    0
2026  7 24 12 50    -1.26    -2.61     2.95    -635.3     47.29    -10.03     2.757     159954    0    0    0    0    0
2026  7 24 12 51    -1.04    -2.67     2.96    -631.6     47.52     -6.30     2.772     159062    0    0    0    0    0
2026  7 24 12 52    -0.82    -2.80     2.89    -628.0     46.65     -3.83     2.846     157889    0    0    0    0    0
2026  7 24 12 53    -0.69    -2.99     2.75    -624.6     43.80     -3.54     2.968     157068    0    0    0    0    0
2026  7 24 12 54    -0.74    -3.24     2.58    -621.2     38.12     -6.27     3.103     157329    0    0    0    0    0
2026  7 24 12 55    -0.99    -3.47     2.28    -618.6     31.88    -10.40     3.254     159942    0    0    0    0    0
2026  7 24 12 56    -1.07    -3.54     2.20    -617.8     29.06    -13.46     3.387     163952    0    0    0    0    0
2026  7 24 12 57    -0.74    -3.48     1.95    -617.4     26.26    -18.20     3.515     169752    0    0    0    0    0
2026  7 24 12 58     0.46    -3.24     2.26    -617.6     25.88    -22.56     3.639     174860    0    0    0    0    0
2026  7 24 12 59     0.71    -3.05     2.45    -619.7     31.75    -23.07     3.856     175441    0    0    0    0    0
2026  7 24 13  0     0.60    -3.10     2.45    -620.6     37.63    -22.98     3.484     173360    0    0    0    0    0
2026  7 24 13  1     0.70    -3.19     2.33    -617.9     29.70    -21.87     3.567     173360    0    0    0    0    0
2026  7 24 13  2     0.70    -3.28     2.22    -614.5     21.70    -21.60     3.577     173360    0    0    0    0    0
2026  7 24 13  3     0.56    -3.32     2.24    -613.7     20.69    -21.67     3.612     176465    0    0    0    0    0
2026  7 24 13  4     0.48    -3.26     2.36    -612.1     23.37    -19.31     3.571     182087    0    0    0    0    0
2026  7 24 13  5     0.47    -3.18     2.49    -609.0     24.53    -16.50     3.488     184892    0    0    0    0    0
2026  7 24 13  6     0.53    -3.15     2.57    -606.2     23.87    -15.96     3.398     181357    0    0    0    0    0
2026  7 24 13  7     0.63    -3.28     2.47    -606.3     21.73    -20.16     3.292     171634    0    0    0    0    0
2026  7 24 13  8     0.54    -3.52     2.24    -605.9     21.17    -21.77     3.189     176077    0    0    0    0    0
2026  7 24 13  9     0.64    -3.37     2.30    -603.0     25.37    -15.84     3.102     190516    0    0    0    0    0
2026  7 24 13 10     1.06    -2.89     2.51    -597.1     35.54    -10.28     3.044     202132    0    0    0    0    0
2026  7 24 13 11     0.87    -2.62     2.83    -591.9     45.51     -8.52     2.980     209452    0    0    0    0    0
2026  7 24 13 12     0.62    -2.50     3.14    -586.9     52.71     -9.19     2.915     217496    0    0    0    0    0
2026  7 24 13 13     1.37    -2.51     3.17    -581.0     51.33    -10.05     2.855     236695    0    0    0    0    0
2026  7 24 13 14     1.47    -2.65     3.13    -581.1     47.19    -12.12     2.753     242774    0    0    0    0    0
2026  7 24 13 15     1.30    -2.99     2.89    -583.6     44.23    -15.13     2.633     231858    0    0    0    0    0
2026  7 24 13 16     1.41    -3.10     2.85    -582.5     43.70    -13.57     2.538     223387    0    0    0    0    0
2026  7 24 13 17     1.49    -3.14     2.80    -581.0     44.73    -10.32     2.452     222417    0    0    0    0    0
2026  7 24 13 18     1.40    -3.14     2.81    -579.7     47.07     -8.23     2.427     224292    0    0    0    0    0
2026  7 24 13 19     1.38    -3.01     2.86    -578.1     47.96     -7.72     2.425     226508    0    0    0    0    0
2026  7 24 13 20     1.30    -3.00     2.86    -578.1     43.73     -7.74     2.242     227399    0    0    0    0    0
2026  7 24 13 21     1.12    -3.22     2.61    -581.5     33.20     -9.75     2.246     220508    0    0    0    0    0
2026  7 24 13 22     0.90    -3.31     2.20    -582.6     31.53    -12.45     2.397     215520    0    0    0    0    0
2026  7 24 13 23     0.33    -3.60     1.85    -588.9     31.08    -14.00     2.480     204335    0    0    0    0    0
2026  7 24 13 24    -0.05    -3.72     1.62    -595.6     27.97    -22.77     2.576     188185    0    0    0    0    0
2026  7 24 13 25    -0.25    -3.62     1.70    -605.4     26.26    -30.76     2.632     171817    0    0    0    0    0
2026  7 24 13 26    -1.20    -3.14     1.64    -617.5     25.12    -37.99     2.661     174542    0    0    0    0    0
2026  7 24 13 27    -1.05    -3.10     1.21    -619.6     24.93    -38.70     2.670     183283    0    0    0    0    0
2026  7 24 13 28    -0.75    -3.16     1.34    -612.7     30.42    -31.40     2.673     192196    0    0    0    0    0
2026  7 24 13 29    -0.31    -3.19     1.57    -605.2     35.60    -23.46     2.670     201326    0    0    0    0    0
2026  7 24 13 30     0.35    -3.18     1.96    -596.9     40.26    -14.51     2.659     210803    0    0    0    0    0
2026  7 24 13 31     1.14    -3.03     2.25    -589.7     43.30     -8.98     2.597     215384    0    0    0    0    0
2026  7 24 13 32     2.04    -2.76     2.43    -583.4     44.85     -6.64     2.485     215384    0    0    0    0    0
2026  7 24 13 33     2.30    -2.65     2.67    -580.6     48.12     -5.48     2.320     213458    0    0    0    0    0
2026  7 24 13 34     2.45    -2.44     2.73    -578.7     49.79     -3.12     2.149     209869    0    0    0    0    0
2026  7 24 13 35     2.50    -2.31     2.75    -578.0     50.39     -0.68     2.039     208308    0    0    0    0    0
2026  7 24 13 36     2.58    -2.22     2.79    -576.3     50.51     -0.55     1.920     210848    0    0    0    0    0
2026  7 24 13 37     2.67    -2.22     2.80    -575.1     49.82     -3.65     1.832     216375    0    0    0    0    0
2026  7 24 13 38     2.35    -2.49     2.51    -579.1     41.90    -13.25     1.850     223458    0    0    0    0    0
2026  7 24 13 39     1.43    -3.45     1.82    -593.5     18.73    -24.88     2.030     213247    0    0    0    0    0
2026  7 24 13 40     1.14    -3.89     1.58    -601.5     11.22    -25.74     2.087     199587    0    0    0    0    0
2026  7 24 13 41     1.02    -3.91     1.71    -602.4     10.57    -25.71     2.246     199648    0    0    0    0    0
2026  7 24 13 42     0.88    -3.95     1.59    -604.5      9.44    -28.06     2.422     200721    0    0    0    0    0
2026  7 24 13 43     0.05    -4.22     0.97    -623.4      8.77    -31.38     2.720     189190    0    0    0    0    0
2026  7 24 13 44     0.05    -4.23     1.03    -624.0      9.90    -28.04     2.846     185367    0    0    0    0    0
2026  7 24 13 45     0.18    -4.05     1.49    -623.9     10.09    -21.28     2.961     182509    0    0    0    0    0
2026  7 24 13 46     0.34    -3.88     1.91    -622.6      8.87    -16.94     3.080     180269    0    0    0    0    0
2026  7 24 13 47     0.74    -3.83     2.02    -614.9      8.01    -16.91     3.154     180230    0    0    0    0    0
2026  7 24 13 48     0.94    -3.83     2.10    -610.4      8.28    -16.87     3.250     180246    0    0    0    0    0
2026  7 24 13 49     0.80    -3.85     2.09    -609.2     10.12    -16.61     3.318     180923    0    0    0    0    0
2026  7 24 13 50     0.59    -3.83     2.07    -608.4     12.54    -15.60     3.320     182242    0    0    0    0    0
2026  7 24 13 51     0.64    -3.79     2.16    -606.8     15.20    -13.64     3.286     182623    0    0    0    0    0
2026  7 24 13 52     0.82    -3.71     2.34    -605.7     19.41    -11.13     3.196     181701    0    0    0    0    0
2026  7 24 13 53     0.99    -3.62     2.50    -603.9     22.69     -9.50     3.106     181503    0    0    0    0    0
2026  7 24 13 54     1.06    -3.58     2.54    -600.2     21.68     -9.43     3.030     181503    0    0    0    0    0
2026  7 24 13 55     1.07    -3.66     2.23    -599.0     19.50    -13.92     2.939     183075    0    0    0    0    0
2026  7 24 13 56     0.96    -3.79     1.80    -599.3     18.25    -22.87     2.837     193307    0    0    0    0    0
2026  7 24 13 57     0.78    -3.82     1.77    -602.9     18.45    -24.38     2.904     198280    0    0    0    0    0
2026  7 24 13 58     0.89    -3.74     1.98    -602.8     22.20    -20.01     2.816     198467    0    0    0    0    0
2026  7 24 13 59     0.94    -3.63     2.12    -601.2     25.28    -15.95     2.731     200465    0    0    0    0    0
2026  7 24 14  0     0.89    -3.55     2.39    -607.2     21.95    -12.73     2.591     201291    0    0    0    0    0
2026  7 24 14  1     0.39    -3.61     2.06    -620.1     11.48    -23.95     2.412     203623    0    0    0    0    0
2026  7 24 14  2     0.28    -3.59     1.91    -615.5     13.07    -21.48     2.343     206222    0    0    0    0    0
2026  7 24 14  3     0.71    -3.55     2.01    -608.6     19.93    -19.28     2.286     210896    0    0    0    0    0
2026  7 24 14  4     1.38    -3.49     2.20    -600.7     29.06    -17.18     2.234     216460    0    0    0    0    0
2026  7 24 14  5     1.60    -3.32     2.24    -591.4     37.19    -16.50     2.225     220493    0    0    0    0    0
2026  7 24 14  6     1.79    -3.14     2.28    -582.0     45.24    -15.95     2.219     224388    0    0    0    0    0
2026  7 24 14  7     2.21    -2.36     2.75    -579.9     47.79    -12.80     2.203     225621    0    0    0    0    0
2026  7 24 14  8     2.29    -2.24     2.99    -582.8     45.44     -8.79     2.182     209733    0    0    0    0    0
2026  7 24 14  9     2.14    -2.54     2.95    -586.0     48.48     -8.09     2.160     205360    0    0    0    0    0
2026  7 24 14 10     2.06    -2.64     3.00    -585.8     55.60     -4.36     2.154     201532    0    0    0    0    0
2026  7 24 14 11     2.01    -2.54     3.06    -585.6     56.56     -0.12     2.149     198504    0    0    0    0    0
2026  7 24 14 12     2.13    -2.52     3.08    -585.3     57.44     -2.55     2.135     198575    0    0    0    0    0
2026  7 24 14 13     2.30    -2.37     3.38    -585.2     53.78     -5.49     2.043     199671    0    0    0    0    0
2026  7 24 14 14     2.18    -2.31     3.34    -588.0     49.06     -5.17     1.947     200589    0    0    0    0    0
2026  7 24 14 15     1.98    -2.35     2.93    -589.2     43.67     -7.32     1.917     199515    0    0    0    0    0
2026  7 24 14 16     1.44    -3.15     2.58    -600.2     15.75    -23.28     2.089     194652    0    0    0    0    0
2026  7 24 14 17     1.31    -3.18     2.63    -599.4     19.56    -16.25     2.100     190673    0    0    0    0    0
2026  7 24 14 18     1.42    -3.32     2.65    -593.0     23.99     -9.49     2.091     186487    0    0    0    0    0
2026  7 24 14 19     1.55    -3.45     2.67    -586.7     27.51     -4.14     2.082     182870    0    0    0    0    0
2026  7 24 14 20     1.65    -3.41     2.77    -585.3     26.51     -5.58     2.074     183120    0    0    0    0    0
2026  7 24 14 21     1.86    -3.10     2.98    -588.7     25.89     -7.43     2.037     187040    0    0    0    0    0
2026  7 24 14 22     1.96    -2.85     3.14    -591.4     29.73     -7.09     2.013     186594    0    0    0    0    0
2026  7 24 14 23     2.01    -2.87     3.20    -591.6     33.06     -6.67     1.914     185973    0    0    0    0    0
2026  7 24 14 24     2.04    -2.87     3.21    -590.5     33.97     -6.73     1.828     186451    0    0    0    0    0
2026  7 24 14 25     1.98    -2.88     3.21    -590.6     33.97     -7.46     1.841     187260    0    0    0    0    0
2026  7 24 14 26     1.81    -3.05     3.20    -591.6     34.00     -6.84     1.867     186369    0    0    0    0    0
2026  7 24 14 27     1.64    -3.28     3.16    -592.1     34.03     -3.75     1.867     183450    0    0    0    0    0
2026  7 24 14 28     1.47    -3.42     3.11    -592.2     34.83     -0.99     1.902     181415    0    0    0    0    0
2026  7 24 14 29     1.49    -3.27     3.15    -591.5     37.19      0.11     1.907     182223    0    0    0    0    0
2026  7 24 14 30     1.66    -2.93     3.23    -591.1     39.75     -0.41     1.867     184913    0    0    0    0    0
2026  7 24 14 31     1.83    -2.71     3.28    -591.2     40.94     -0.19     1.872     188845    0    0    0    0    0
2026  7 24 14 32     1.95    -2.57     3.33    -590.5     41.76      1.35     1.850     191141    0    0    0    0    0
2026  7 24 14 33     2.04    -2.48     3.33    -588.7     42.67      1.23     1.849     191298    0    0    0    0    0
2026  7 24 14 34     2.15    -2.47     3.21    -587.2     42.09      0.73     1.893     190650    0    0    0    0    0
2026  7 24 14 35     2.15    -2.47     2.96    -586.3     36.22     -0.06     2.084     187368    0    0    0    0    0
2026  7 24 14 36     2.10    -2.57     2.71    -589.5     27.16     -0.87     2.079     185020    0    0    0    0    0
2026  7 24 14 37     1.96    -2.56     2.91    -593.3     24.50     -0.60     2.020     178349    0    0    0    0    0
2026  7 24 14 38     1.78    -2.37     3.13    -596.7     22.94     -0.42     2.172     172323    0    0    0    0    0
2026  7 24 14 39     1.73    -2.28     2.98    -599.9     18.12     -2.34     2.256     168997    0    0    0    0    0
2026  7 24 14 40     1.47    -2.53     2.90    -602.6     12.81     -5.53     2.284     168571    0    0    0    0    0
2026  7 24 14 41     1.52    -2.60     2.71    -602.2     12.33     -7.16     2.315     165652    0    0    0    0    0
2026  7 24 14 42     1.69    -2.99     2.55    -600.2     10.49    -10.95     2.318     165652    0    0    0    0    0
2026  7 24 14 43     1.76    -3.41     1.94    -599.2      8.41    -15.17     2.306     168979    0    0    0    0    0
2026  7 24 14 44     1.77    -3.49     1.81    -598.1      8.69    -16.78     2.288     172179    0    0    0    0    0
2026  7 24 14 45     1.86    -2.97     2.37    -597.8      9.64    -14.03     2.271     173071    0    0    0    0    0
2026  7 24 14 46     1.90    -2.76     2.55    -599.9     11.11     -8.57     2.256     173682    0    0    0    0    0
2026  7 24 14 47     2.05    -2.68     2.52    -597.0     18.84     -7.51     2.248     181585    0    0    0    0    0
2026  7 24 14 48     2.22    -2.56     2.49    -592.1     29.57     -7.46     2.242     190466    0    0    0    0    0
2026  7 24 14 49     2.42    -2.41     2.46    -586.1     40.07     -8.13     2.235     197542    0    0    0    0    0
2026  7 24 14 50     2.70    -2.23     2.41    -577.8     45.69    -10.51     2.226     197542    0    0    0    0    0
2026  7 24 14 51     3.00    -2.03     2.36    -570.2     50.99    -13.29     2.214     195984    0    0    0    0    0
2026  7 24 14 52     3.35    -1.74     2.30    -566.8     54.72    -18.03     2.196     186637    0    0    0    0    0
2026  7 24 14 53     3.37    -1.64     2.41    -568.0     55.28    -18.49     2.118     185702    0    0    0    0    0
2026  7 24 14 54     3.34    -1.71     2.43    -570.3     50.58    -17.63     2.104     185666    0    0    0    0    0
2026  7 24 14 55     3.24    -1.84     2.40    -571.8     45.46    -15.75     2.090     185309    0    0    0    0    0
2026  7 24 14 56     3.15    -1.93     2.44    -571.6     44.52    -14.97     2.078     184921    0    0    0    0    0
2026  7 24 14 57     3.06    -2.03     2.40    -570.2     44.64    -15.43     2.064     185669    0    0    0    0    0
2026  7 24 14 58     3.08    -2.06     2.24    -569.6     45.57    -16.85     2.029     190719    0    0    0    0    0
2026  7 24 14 59     3.17    -2.00     2.28    -571.0     47.51    -18.69     1.973     188836    0    0    0    0    0
2026  7 24 15  0     3.12    -1.98     2.52    -577.4     48.11    -18.07     2.102     180229    0    0    0    0    0
2026  7 24 15  1     3.00    -2.01     2.62    -579.7     47.26    -14.22     2.101     180945    0    0    0    0    0
2026  7 24 15  2     2.82    -2.01     2.57    -581.1     46.80     -8.76     2.133     184844    0    0    0    0    0
2026  7 24 15  3     2.74    -2.00     2.56    -578.7     46.74     -7.56     2.144     191474    0    0    0    0    0
2026  7 24 15  4     2.80    -2.08     2.61    -575.5     46.90     -8.13     2.041     194985    0    0    0    0    0
2026  7 24 15  5     2.91    -2.12     2.60    -572.5     47.20     -9.26     1.912     196595    0    0    0    0    0
2026  7 24 15  6     2.97    -1.98     2.42    -570.7     47.51    -10.32     1.888     199217    0    0    0    0    0
2026  7 24 15  7     3.09    -1.98     2.28    -571.2     47.79    -10.44     1.858     199853    0    0    0    0    0
2026  7 24 15  8     3.06    -1.96     2.32    -571.5     49.49     -7.65     1.840     198821    0    0    0    0    0
2026  7 24 15  9     2.95    -1.84     2.36    -572.7     52.34     -3.14     1.832     197303    0    0    0    0    0
2026  7 24 15 10     2.89    -1.61     2.56    -572.9     54.69     -1.36     1.827     195506    0    0    0    0    0
2026  7 24 15 11     2.88    -1.44     2.74    -572.4     55.97     -3.16     1.841     196502    0    0    0    0    0
2026  7 24 15 12     2.93    -1.51     2.78    -574.3     54.90    -11.39     1.889     200463    0    0    0    0    0
2026  7 24 15 13     2.99    -1.73     2.77    -579.2     55.17    -16.30     1.922     202552    0    0    0    0    0
2026  7 24 15 14     2.97    -1.77     2.75    -577.6     60.74    -15.55     1.927     202552    0    0    0    0    0
2026  7 24 15 15     3.02    -1.71     2.69    -575.5     63.77    -13.85     1.906     202325    0    0    0    0    0
2026  7 24 15 16     3.19    -1.52     2.64    -574.9     63.69    -10.67     1.877     202061    0    0    0    0    0
2026  7 24 15 17     3.35    -1.33     2.53    -576.2     62.55     -7.22     1.866     200147    0    0    0    0    0
2026  7 24 15 18     3.35    -1.28     2.57    -578.6     58.25     -3.97     1.857     198234    0    0    0    0    0
2026  7 24 15 19     3.17    -1.30     2.76    -578.9     54.11     -3.47     1.870     200934    0    0    0    0    0
2026  7 24 15 20     3.14    -1.34     2.75    -577.4     52.83     -5.82     1.892     202629    0    0    0    0    0
2026  7 24 15 21     3.23    -1.31     2.66    -575.8     53.34     -8.90     1.903     202716    0    0    0    0    0
2026  7 24 15 22     3.34    -1.20     2.60    -574.8     54.51    -10.60     1.922     202523    0    0    0    0    0
2026  7 24 15 23     3.42    -1.05     2.52    -573.5     55.11    -10.59     1.926     201273    0    0    0    0    0
2026  7 24 15 24     3.51    -0.96     2.41    -571.4     54.30    -10.62     1.878     198753    0    0    0    0    0
2026  7 24 15 25     3.63    -0.95     2.36    -569.9     53.14    -10.95     1.843     198245    0    0    0    0    0
2026  7 24 15 26     3.70    -0.96     2.32    -568.6     52.49    -12.55     1.746     197723    0    0    0    0    0
2026  7 24 15 27     3.73    -0.99     2.25    -565.9     51.62    -13.88     1.716     193813    0    0    0    0    0
2026  7 24 15 28     3.73    -1.03     2.21    -564.9     50.56    -14.19     1.725     191732    0    0    0    0    0
2026  7 24 15 29     3.70    -1.13     2.22    -564.4     50.03    -14.44     1.728     185478    0    0    0    0    0
2026  7 24 15 30     3.67    -1.33     2.24    -563.5     50.00    -14.38     1.738     183601    0    0    0    0    0
2026  7 24 15 31     3.66    -1.44     2.24    -562.2     51.35    -15.78     1.757     183601    0    0    0    0    0
2026  7 24 15 32     3.66    -1.42     2.23    -562.1     55.35    -17.74     1.779     183825    0    0    0    0    0
2026  7 24 15 33     3.72    -1.06     2.22    -564.0     59.63    -18.73     1.797     183966    0    0    0    0    0
2026  7 24 15 34     3.81    -0.73     2.16    -566.0     60.47    -18.82     1.815     180301    0    0    0    0    0
2026  7 24 15 35     3.86    -0.56     2.12    -565.1     60.02    -19.62     1.793     177125    0    0    0    0    0
2026  7 24 15 36     3.84    -0.88     2.11    -564.2     56.95    -20.87     1.781     175660    0    0    0    0    0
2026  7 24 15 37     3.74    -1.36     2.06    -564.7     50.91    -20.46     1.770     174283    0    0    0    0    0
2026  7 24 15 38     3.62    -2.01     2.05    -566.0     45.30    -19.06     1.727     171734    0    0    0    0    0
2026  7 24 15 39     3.59    -2.25     2.00    -566.6     39.89    -18.87     1.718     167053    0    0    0    0    0
2026  7 24 15 40     3.59    -2.36     1.93    -566.8     37.50    -19.14     1.705     166560    0    0    0    0    0
2026  7 24 15 41     3.61    -2.38     1.91    -567.0     37.33    -18.48     1.675     166680    0    0    0    0    0
2026  7 24 15 42     3.63    -2.26     2.00    -567.2     39.08    -17.14     1.673     166764    0    0    0    0    0
2026  7 24 15 43     3.63    -2.03     2.09    -566.8     41.60    -16.47     1.696     167220    0    0    0    0    0
2026  7 24 15 44     3.63    -2.01     2.12    -566.7     41.92    -16.01     1.725     169074    0    0    0    0    0
2026  7 24 15 45     3.61    -2.03     2.07    -565.8     41.97    -17.63     1.724     173819    0    0    0    0    0
2026  7 24 15 46     3.63    -2.12     2.06    -565.6     41.97    -19.40     1.715     174569    0    0    0    0    0
2026  7 24 15 47     3.66    -2.19     2.06    -566.6     40.33    -20.05     1.634     169413    0    0    0    0    0
2026  7 24 15 48     3.63    -2.26     2.04    -567.9     37.11    -19.60     1.626     163880    0    0    0    0    0
2026  7 24 15 49     3.58    -2.29     2.03    -568.5     36.25    -21.00     1.641     163788    0    0    0    0    0
2026  7 24 15 50     3.56    -2.30     2.01    -568.4     37.46    -20.97     1.636     163777    0    0    0    0    0
2026  7 24 15 51     3.57    -2.26     1.99    -567.8     39.09    -21.08     1.642     163076    0    0    0    0    0
2026  7 24 15 52     3.58    -2.20     2.10    -567.6     38.95    -21.75     1.656     163064    0    0    0    0    0
2026  7 24 15 53     3.57    -2.17     2.10    -567.6     37.99    -22.51     1.661     163064    0    0    0    0    0
2026  7 24 15 54     3.54    -2.16     2.09    -567.6     36.74    -21.14     1.667     162645    0    0    0    0    0
2026  7 24 15 55     3.51    -2.16     2.12    -566.2     36.63    -18.09     1.698     162631    0    0    0    0    0
2026  7 24 15 56     3.49    -2.12     2.16    -565.9     39.18    -14.70     1.831     167555    0    0    0    0    0
2026  7 24 15 57     3.46    -2.11     2.19    -565.3     42.72    -11.80     1.885     168724    0    0    0    0    0
2026  7 24 15 58     3.45    -2.14     2.21    -564.9     42.46    -11.01     1.900     168488    0    0    0    0    0
2026  7 24 15 59     3.43    -2.15     2.21    -564.6     40.92    -11.17     1.912     167678    0    0    0    0    0
2026  7 24 16  0     3.39    -2.14     2.21    -564.5     40.31    -10.08     1.915     167461    0    0    0    0    0
2026  7 24 16  1     3.37    -2.08     2.25    -566.0     40.51     -9.09     1.880     168165    0    0    0    0    0
2026  7 24 16  2     3.38    -2.07     2.29    -567.1     40.57     -8.73     1.837     168272    0    0    0    0    0
2026  7 24 16  3     3.40    -2.07     2.31    -567.1     38.71     -8.69     1.832     168272    0    0    0    0    0
2026  7 24 16  4     3.44    -2.00     2.31    -566.6     37.87     -9.04     1.831     168507    0    0    0    0    0
2026  7 24 16  5     3.49    -1.91     2.30    -566.2     37.98     -8.78     1.841     168596    0    0    0    0    0
2026  7 24 16  6     3.51    -1.83     2.31    -566.0     39.15     -7.87     1.839     169753    0    0    0    0    0
2026  7 24 16  7     3.50    -1.74     2.32    -566.4     41.75     -7.82     1.879     170488    0    0    0    0    0
2026  7 24 16  8     3.50    -1.71     2.33    -567.2     43.68     -6.93     1.894     171208    1    0    0    0    0
2026  7 24 16  9     3.49    -1.73     2.35    -566.5     43.74     -6.15     1.863     176807    1    0    0    0    0
2026  7 24 16 10     3.53    -1.71     2.31    -565.7     43.42     -6.31     1.875     179982    1    0    0    0    0
2026  7 24 16 11     3.55    -1.74     2.27    -564.6     42.98     -6.98     1.885     180462    1    0    0    0    0
2026  7 24 16 12     3.54    -1.70     2.25    -563.2     44.36     -7.25     1.887     180542    1    0    0    0    0
2026  7 24 16 13     3.58    -1.63     2.24    -561.8     46.89     -7.28     1.875     180365    1    0    0    0    0
2026  7 24 16 14     3.54    -1.36     2.27    -561.4     48.14     -7.70     1.867     180223    1    0    0    0    0
2026  7 24 16 15     3.49    -1.34     2.29    -562.1     47.12     -8.50     1.822     180223    0    0    0    0    0
2026  7 24 16 16     3.50    -1.59     2.21    -563.0     44.95    -10.38     1.770     175821    0    0    0    0    0
2026  7 24 16 17     3.50    -1.69     2.18    -563.3     44.21    -11.68     1.753     170721    0    0    0    0    0
2026  7 24 16 18     3.50    -1.74     2.28    -565.9     44.81    -10.88     1.703     167195    0    0    0    0    0
2026  7 24 16 19     3.50    -1.70     2.35    -566.5     45.81    -10.80     1.682     165298    0    0    0    0    0
2026  7 24 16 20     3.50    -1.63     2.37    -566.9     45.91    -10.67     1.669     163192    0    0    0    0    0
2026  7 24 16 21     3.47    -1.86     2.25    -566.7     40.53    -11.34     1.663     162147    0    0    0    0    0
2026  7 24 16 22     3.44    -2.26     2.19    -568.1     31.62    -11.81     1.664     162050    0    0    0    0    0
2026  7 24 16 23     3.39    -2.18     2.26    -567.9     32.82    -11.53     1.642     162050    0    0    0    0    0
2026  7 24 16 24     3.37    -2.20     2.22    -567.5     34.49    -10.25     1.632     160375    0    0    0    0    0
2026  7 24 16 25     3.23    -2.24     2.22    -567.1     34.55     -9.84     1.631     160104    0    0    0    0    0
2026  7 24 16 26     3.18    -2.18     2.38    -567.0     33.77    -11.16     1.655     155667    0    0    0    0    0
2026  7 24 16 27     3.20    -2.20     2.45    -567.0     33.26    -11.46     1.702     155351    0    0    0    0    0
2026  7 24 16 28     3.23    -2.25     2.50    -567.0     34.15     -8.22     1.705     160134    0    0    0    0    0
2026  7 24 16 29     3.15    -2.33     2.45    -567.8     36.41     -3.19     1.699     161191    0    0    0    0    0
2026  7 24 16 30     3.12    -2.37     2.37    -568.2     39.58     -4.48     1.682     163666    0    0    0    0    0
2026  7 24 16 31     3.12    -2.32     2.37    -567.3     37.78     -6.33     1.680     166632    0    0    0    0    0
2026  7 24 16 32     3.35    -2.28     2.37    -567.3     35.06     -6.40     1.672     166781    0    0    0    0    0
2026  7 24 16 33     3.45    -2.23     2.39    -567.2     34.73     -6.66     1.666     158645    0    0    0    0    0
2026  7 24 16 34     3.46    -2.20     2.39    -567.4     34.63     -7.21     1.656     154697    0    0    0    0    0
2026  7 24 16 35     3.25    -2.25     2.29    -567.3     34.82     -7.65     1.658     153066    0    0    0    0    0
2026  7 24 16 36     3.05    -2.27     2.61    -567.2     35.50     -8.02     1.657     152988    0    0    0    0    0
2026  7 24 16 37     3.04    -2.27     2.60    -566.9     36.11     -8.45     1.659     154866    0    0    0    0    0
2026  7 24 16 38     3.08    -2.34     2.50    -566.7     34.61     -9.04     1.657     155031    0    0    0    0    0
2026  7 24 16 39     3.10    -2.44     2.40    -566.7     32.22     -9.12     1.664     153378    0    0    0    0    0
2026  7 24 16 40     3.10    -2.50     2.38    -566.6     32.02     -9.07     1.681     152959    0    0    0    0    0
2026  7 24 16 41     3.15    -2.51     2.28    -566.5     31.86     -9.67     1.680     151795    0    0    0    0    0
2026  7 24 16 42     3.20    -2.54     2.17    -565.9     31.43    -10.65     1.665     151073    0    0    0    0    0
2026  7 24 16 43     3.21    -2.58     2.14    -565.7     31.08    -11.32     1.661     150877    0    0    0    0    0
2026  7 24 16 44     3.23    -2.58     2.10    -564.7     32.72    -12.03     1.639     148181    0    0    0    0    0
2026  7 24 16 45     3.29    -2.47     2.08    -563.7     35.40    -12.87     1.610     143309    0    0    0    0    0
2026  7 24 16 46     3.36    -2.38     2.04    -562.9     36.36    -13.34     1.612     141527    0    0    0    0    0
2026  7 24 16 47     3.39    -2.36     2.01    -562.4     35.91    -14.05     1.618     141428    0    0    0    0    0
2026  7 24 16 48     3.37    -2.42     2.00    -561.0     34.73    -15.14     1.692     141417    0    0    0    0    0
2026  7 24 16 49     3.32    -2.62     2.00    -559.3     32.86    -15.08     1.770     143127    0    0    0    0    0
2026  7 24 16 50     3.28    -2.68     2.09    -558.0     30.49    -13.01     1.788     148634    0    0    0    0    0
2026  7 24 16 51     3.26    -2.41     2.28    -557.3     29.09     -9.85     1.774     155194    0    0    0    0    0
2026  7 24 16 52     3.15    -2.45     2.40    -557.4     30.47     -7.09     1.757     155947    0    0    0    0    0
2026  7 24 16 53     3.01    -2.53     2.45    -558.8     32.11     -5.32     1.738     155762    0    0    0    0    0
2026  7 24 16 54     2.95    -2.52     2.44    -560.3     31.96     -4.76     1.708     154410    0    0    0    0    0
2026  7 24 16 55     2.95    -2.52     2.44    -561.1     30.57     -5.24     1.666     152776    0    0    0    0    0
2026  7 24 16 56     2.95    -2.55     2.44    -563.0     29.87     -6.82     1.592     150492    0    0    0    0    0
2026  7 24 16 57     2.94    -2.61     2.37    -564.7     27.99     -8.45     1.558     149599    0    0    0    0    0
2026  7 24 16 58     2.97    -2.64     2.26    -564.4     24.89     -8.82     1.555     149599    0    0    0    0    0
2026  7 24 16 59     3.12    -2.59     2.22    -562.3     23.67     -7.81     1.556     151156    0    0    0    0    0
2026  7 24 17  0     3.22    -2.54     2.21    -560.0     22.96     -5.88     1.595     151829    0    0    0    0    0
2026  7 24 17  1     3.26    -2.53     2.22    -558.9     22.49     -3.86     1.635     152213    0    0    0    0    0
2026  7 24 17  2     3.21    -2.60     2.22    -559.5     22.53     -3.01     1.632     153063    0    0    0    0    0
2026  7 24 17  3     3.04    -2.67     2.20    -560.3     22.80     -3.15     1.630     152906    0    0    0    0    0
2026  7 24 17  4     2.94    -2.65     2.19    -560.8     23.13     -3.29     1.642     150623    0    0    0    0    0
2026  7 24 17  5     2.83    -2.82     2.21    -561.6     22.35     -2.97     1.668     145741    0    0    0    0    0
2026  7 24 17  6     2.53    -2.99     2.16    -562.8     19.69     -2.34     1.681     143299    0    0    0    0    0
2026  7 24 17  7     1.42    -3.53     1.64    -564.7     15.81     -4.02     1.853     138052    0    0    0    0    0
2026  7 24 17  8     0.78    -4.04     1.34    -567.0     12.54     -7.60     1.996     129380    0    0    0    0    0
2026  7 24 17  9     0.72    -4.22     1.27    -567.5     10.70     -8.37     2.033     120447    0    0    0    0    0
2026  7 24 17 10     0.61    -4.24     1.19    -568.4     10.73     -8.51     2.064     119806    0    0    0    0    0
2026  7 24 17 11     0.22    -4.23     0.93    -571.3     11.20     -8.03     2.092     117082    0    0    0    0    0
2026  7 24 17 12     0.73    -4.13     1.16    -571.8     11.59     -8.33     2.093     118536    0    0    0    0    0
2026  7 24 17 13     1.41    -3.87     1.48    -571.8     12.24     -7.35     2.093     126098    0    0    0    0    0
2026  7 24 17 14     2.01    -3.40     1.80    -569.8     14.84     -3.59     2.092     135828    0    0    0    0    0
2026  7 24 17 15     2.20    -3.35     1.99    -566.5     18.80      0.90     2.090     135866    0    0    0    0    0
2026  7 24 17 16     2.17    -3.37     2.02    -565.4     21.03      1.68     2.065     151419    0    0    0    0    0
2026  7 24 17 17     2.48    -3.09     2.13    -563.3     22.01      0.76     2.039     154708    0    0    0    0    0
2026  7 24 17 18     2.62    -2.94     2.30    -562.1     22.82     -0.97     2.011     150920    0    0    0    0    0
2026  7 24 17 19     2.62    -2.95     2.38    -561.8     22.01     -1.92     1.924     148528    0    0    0    0    0
2026  7 24 17 20     2.61    -2.97     2.39    -561.7     19.65     -1.25     1.801     147725    0    0    0    0    0
2026  7 24 17 21     2.59    -2.99     2.41    -562.3     19.38      0.40     1.688     144414    0    0    0    0    0
2026  7 24 17 22     2.58    -3.08     2.27    -562.9     21.09     -0.14     1.652     142552    0    0    0    0    0
2026  7 24 17 23     2.57    -3.27     2.04    -563.3     21.58     -2.49     1.661     142707    0    0    0    0    0
2026  7 24 17 24     2.45    -3.34     1.92    -562.8     20.41     -2.97     1.666     142557    0    0    0    0    0
2026  7 24 17 25     2.25    -3.34     1.95    -563.0     18.44     -2.39     1.667     140796    0    0    0    0    0
2026  7 24 17 26     2.06    -3.44     2.08    -564.1     17.76     -3.25     1.632     139728    0    0    0    0    0
2026  7 24 17 27     1.38    -3.67     2.13    -568.5     16.49     -5.75     1.626     137020    0    0    0    0    0
2026  7 24 17 28     1.34    -3.70     2.16    -572.3     14.97     -5.56     1.763     117458    0    0    0    0    0
2026  7 24 17 29     1.61    -3.87     2.14    -572.6     15.43     -4.60     1.767     111733    0    0    0    0    0
2026  7 24 17 30     2.06    -3.81     2.09    -571.3     15.73     -3.47     1.777     110524    0    0    0    0    0
2026  7 24 17 31     2.04    -3.77     2.09    -571.2     15.13     -2.92     1.819     110312    0    0    0    0    0
2026  7 24 17 32     1.95    -3.77     2.07    -572.0     14.01     -2.83     1.798     110608    0    0    0    0    0
2026  7 24 17 33     1.81    -3.74     2.10    -572.6     14.38     -2.52     1.795     110639    0    0    0    0    0
2026  7 24 17 34     1.75    -3.62     2.17    -572.3     16.58     -2.30     1.789     110536    0    0    0    0    0
2026  7 24 17 35     1.84    -3.45     2.25    -571.9     19.38     -2.23     1.791     110266    0    0    0    0    0
2026  7 24 17 36     1.93    -3.34     2.33    -571.7     21.38     -1.83     1.743     111143    0    0    0    0    0
2026  7 24 17 37     2.08    -3.32     2.41    -572.0     21.00     -1.17     1.590     114023    0    0    0    0    0
2026  7 24 17 38     2.07    -3.35     2.45    -572.3     18.95     -1.04     1.608     112842    0    0    0    0    0
2026  7 24 17 39     2.01    -3.32     2.46    -572.2     18.25     -0.99     1.653     109594    0    0    0    0    0
2026  7 24 17 40     2.00    -3.16     2.45    -571.4     21.59     -0.56     1.650     110249    0    0    0    0    0
2026  7 24 17 41     2.31    -3.20     2.46    -569.3     25.18     -0.82     1.640     113424    0    0    0    0    0
2026  7 24 17 42     2.57    -3.27     2.54    -567.1     25.27     -2.09     1.534     119918    0    0    0    0    0
2026  7 24 17 43     2.70    -3.16     2.55    -565.7     24.77     -4.31     1.522     132205    0    0    0    0    0
2026  7 24 17 44     2.77    -3.10     2.42    -564.2     24.44     -6.14     1.526     135499    0    0    0    0    0
2026  7 24 17 45     2.83    -3.11     2.26    -563.0     24.77     -9.44     1.519     139284    0    0    0    0    0
2026  7 24 17 46     2.86    -3.20     2.18    -562.7     26.05    -12.85     1.508     140937    0    0    0    0    0
2026  7 24 17 47     2.87    -3.17     2.18    -562.8     27.34    -13.02     1.508     140340    0    0    0    0    0
2026  7 24 17 48     2.89    -3.13     2.23    -563.0     27.83    -10.75     1.483     137397    0    0    0    0    0
2026  7 24 17 49     2.89    -3.11     2.31    -563.8     28.17     -8.75     1.445     135742    0    0    0    0    0
2026  7 24 17 50     2.90    -3.03     2.37    -563.8     28.39     -6.91     1.416     133938    0    0    0    0    0
2026  7 24 17 51     2.92    -3.00     2.40    -562.9     28.98     -5.09     1.392     130066    0    0    0    0    0
2026  7 24 17 52     2.98    -2.95     2.44    -561.3     31.07     -4.02     1.377     128406    0    0    0    0    0
2026  7 24 17 53     3.08    -2.91     2.47    -560.0     34.00     -3.77     1.371     128864    0    0    0    0    0
2026  7 24 17 54     3.20    -2.90     2.45    -559.7     35.38     -4.02     1.369     130198    0    0    0    0    0
2026  7 24 17 55     3.31    -2.87     2.41    -560.0     34.53     -4.13     1.378     133392    0    0    0    0    0
2026  7 24 17 56     3.35    -2.81     2.41    -560.3     33.80     -3.99     1.370     135759    0    0    0    0    0
2026  7 24 17 57     3.36    -2.77     2.45    -560.7     33.29     -3.90     1.345     135759    0    0    0    0    0
2026  7 24 17 58     3.16    -2.73     2.56    -561.7     27.20     -1.91     1.310     131300    0    0    0    0    0
2026  7 24 17 59     3.29    -2.64     2.57    -563.2     14.07      2.82     1.262     113700    0    0    0    0    0
2026  7 24 18  0     3.36    -2.61     2.45    -563.1     11.21      4.16     1.369      96442    0    0    0    0    0
2026  7 24 18  1     2.98    -3.08     2.33    -562.6     14.13      3.62     1.462      85912    0    0    0    0    0
2026  7 24 18  2     2.79    -3.27     2.27    -562.2     16.80      3.28     1.485      82872    0    0    0    0    0
2026  7 24 18  3     2.81    -3.27     2.26    -560.1     17.78      2.88     1.380      85640    0    0    0    0    0
2026  7 24 18  4     3.00    -3.35     2.29    -558.5     17.49      2.78     1.268      89506    0    0    0    0    0
2026  7 24 18  5     3.11    -3.42     2.34    -560.1     16.03      3.69     1.302      92586    0    0    0    0    0
2026  7 24 18  6     2.95    -3.44     2.32    -561.5     14.02      2.04     1.341      94096    0    0    0    0    0
2026  7 24 18  7     2.99    -3.49     2.28    -560.8     12.88      0.21     1.298      94096    0    0    0    0    0
2026  7 24 18  8     3.06    -3.30     2.28    -558.0     16.55      0.11     1.208      92060    0    0    0    0    0
2026  7 24 18  9     3.14    -2.83     2.28    -553.9     24.96      0.38     1.110      88058    0    0    0    0    0
2026  7 24 18 10     3.54    -2.14     2.24    -549.8     36.84      0.74     1.087      85953    0    0    0    0    0
2026  7 24 18 11     3.64    -2.12     2.30    -548.5     38.07      0.86     1.066      85357    0    0    0    0    0
2026  7 24 18 12     3.59    -2.53     2.25    -550.3     31.67      0.52     0.938      92132    0    0    0    0    0
2026  7 24 18 13     3.83    -2.62     2.26    -551.7     27.97     -0.18     0.906      93392    0    0    0    0    0
2026  7 24 18 14     3.74    -2.62     2.28    -550.0     27.76     -0.92     0.870      84749    0    0    0    0    0
2026  7 24 18 15     3.55    -2.68     2.25    -548.6     26.83     -3.52     0.864      82742    0    0    0    0    0
2026  7 24 18 16     3.49    -2.81     2.17    -549.0     24.73     -6.76     0.924      83205    0    0    0    0    0
2026  7 24 18 17     3.47    -2.85     2.21    -549.6     23.68     -5.28     1.014      83619    0    0    0    0    0
2026  7 24 18 18     3.49    -2.71     2.29    -549.5     23.03     -1.10     1.036      86384    0    0    0    0    0
2026  7 24 18 19     3.58    -2.63     2.33    -551.4     21.97      0.46     1.011      87115    0    0    0    0    0
2026  7 24 18 20     3.57    -2.54     2.30    -550.4     23.74      0.64     0.967      87025    0    0    0    0    0
2026  7 24 18 21     3.71    -2.35     2.39    -548.0     29.78     -1.12     0.914      86663    0    0    0    0    0
2026  7 24 18 22     3.79    -2.08     2.50    -546.0     36.86     -4.02     0.884      85437    0    0    0    0    0
2026  7 24 18 23     3.79    -1.91     2.55    -545.2     40.60     -4.71     0.920      83239    0    0    0    0    0
2026  7 24 18 24     3.74    -1.90     2.51    -545.3     39.35     -0.90     0.963      81690    0    0    0    0    0
2026  7 24 18 25     3.74    -1.90     2.47    -545.2     35.79      3.60     0.947      81471    0    0    0    0    0
2026  7 24 18 26     3.82    -1.90     2.47    -545.3     32.66      6.00     0.898      86799    0    0    0    0    0
2026  7 24 18 27     3.84    -1.92     2.47    -546.5     32.13      7.75     0.866      92203    0    0    0    0    0
2026  7 24 18 28     3.84    -1.96     2.49    -547.7     32.67     10.06     0.882      94888    0    0    0    0    0
2026  7 24 18 29     3.87    -2.15     2.50    -547.9     32.87     10.92     0.890      96203    0    0    0    0    0
2026  7 24 18 30     3.92    -2.11     2.50    -547.4     35.04     10.21     0.873      96203    0    0    0    0    0
2026  7 24 18 31     3.95    -1.86     2.48    -545.9     39.01      8.47     0.859      92593    0    0    0    0    0
2026  7 24 18 32     4.04    -1.68     2.47    -544.8     41.90      4.96     0.861      87215    0    0    0    0    0
2026  7 24 18 33     4.03    -1.61     2.49    -545.4     43.46     -0.02     0.875      82991    0    0    0    0    0
2026  7 24 18 34     3.90    -1.56     2.45    -545.6     44.71     -1.35     0.911      81439    0    0    0    0    0
2026  7 24 18 35     3.84    -1.50     2.32    -544.8     45.47      0.86     0.939      81439    0    0    0    0    0
2026  7 24 18 36     3.79    -1.59     2.23    -544.2     45.74      1.99     0.904      80998    0    0    0    0    0
2026  7 24 18 37     3.77    -1.82     2.22    -544.4     44.86      0.68     0.857      78387    0    0    0    0    0
2026  7 24 18 38     3.81    -1.82     2.24    -545.1     43.05     -0.10     0.869      75758    0    0    0    0    0
2026  7 24 18 39     3.88    -1.79     2.30    -544.8     39.99      0.52     0.885      78921    0    0    0    0    0
2026  7 24 18 40     3.88    -1.82     2.38    -544.6     37.86      2.13     0.882      84457    0    0    0    0    0
2026  7 24 18 41     3.80    -1.80     2.44    -544.7     38.48      5.52     0.870      88027    0    0    0    0    0
2026  7 24 18 42     3.79    -1.69     2.50    -545.6     40.92      9.31     0.868      90994    0    0    0    0    0
2026  7 24 18 43     3.89    -1.57     2.62    -546.8     43.98      9.84     0.870      92411    0    0    0    0    0
2026  7 24 18 44     3.97    -1.59     2.64    -547.0     45.50      7.67     0.880      87576    0    0    0    0    0
2026  7 24 18 45     4.02    -1.63     2.54    -545.4     45.20      5.20     0.885      84059    0    0    0    0    0
2026  7 24 18 46     4.03    -1.61     2.41    -543.2     43.39      2.73     0.857      83580    0    0    0    0    0
2026  7 24 18 47     4.07    -1.60     2.25    -543.0     40.38      0.99     0.812      84003    0    0    0    0    0
2026  7 24 18 48     4.06    -1.84     2.20    -544.8     35.28      1.95     0.826      88740    0    0    0    0    0
2026  7 24 18 49     3.93    -2.19     2.22    -548.5     22.90      2.66     0.887      93340    0    0    0    0    0
2026  7 24 18 50     3.93    -2.12     2.23    -552.2     23.35      3.13     1.037      93340    0    0    0    0    0
2026  7 24 18 51     4.00    -1.55     2.25    -551.4     34.05      4.11     1.028      91775    0    0    0    0    0
2026  7 24 18 52     4.12    -1.26     2.26    -550.9     42.93      4.23     1.015      90572    0    0    0    0    0
2026  7 24 18 53     4.13    -1.24     2.33    -549.7     43.86      3.33     0.949      90437    0    0    0    0    0
2026  7 24 18 54     4.13    -1.27     2.34    -549.2     43.70      1.73     0.931      88484    0    0    0    0    0
2026  7 24 18 55     4.13    -1.34     2.35    -549.3     43.47      2.75     0.914      87861    0    0    0    0    0
2026  7 24 18 56     4.10    -1.47     2.36    -548.4     40.43      5.38     0.902      88023    0    0    0    0    0
2026  7 24 18 57     4.02    -1.64     2.40    -547.7     35.27      6.29     0.896      88090    0    0    0    0    0
2026  7 24 18 58     4.00    -1.61     2.38    -547.0     35.03      6.23     0.882      88090    0    0    0    0    0
2026  7 24 18 59     4.05    -1.42     2.35    -545.3     38.62      6.09     0.870      87648    0    0    0    0    0
2026  7 24 19  0     4.08    -1.33     2.36    -544.9     41.00      6.00     0.867      88440    0    0    0    0    0
2026  7 24 19  1     4.06    -1.44     2.39    -547.5     40.68      5.99     0.918      91919    0    1    1    1    1
2026  7 24 19  2     4.03    -1.40     2.40    -550.9     39.91      5.93     0.953      96128    0    1    2    1    1
2026  7 24 19  3     4.00    -1.33     2.41    -551.4     39.17      5.88     0.967      98880    0    1    2    1    1
2026  7 24 19  4     3.99    -1.38     2.47    -551.2     38.47      5.83     0.972     100620    0    1    2    1    1
2026  7 24 19  5     3.96    -1.44     2.47    -551.3     37.78      5.79     0.985     100786    0    1    2    1    1
2026  7 24 19  6     3.89    -1.57     2.44    -551.2     37.04      5.75     1.027     100351    0    1    1    1    1
2026  7 24 19  7     3.79    -1.96     2.39    -551.8     31.99      4.56     1.073      99648    0    0    0    0    0
2026  7 24 19  8     3.65    -2.31     2.29    -553.8     23.19      1.16     1.164      99589    0    0    0    0    0
2026  7 24 19  9     3.45    -2.58     2.23    -555.2     19.45     -0.79     1.234      99289    0    0    0    0    0
2026  7 24 19 10     3.46    -2.60     2.21    -555.9     17.99     -2.17     1.246      98492    0    0    0    0    0
2026  7 24 19 11     3.59    -2.60     2.15    -553.3     19.44     -4.39     1.237      98492    0    0    0    0    0
2026  7 24 19 12     3.69    -2.80     2.02    -552.6     19.42     -6.26     1.254      98492    0    0    0    0    0
2026  7 24 19 13     3.58    -2.86     1.99    -553.3     16.86     -5.36     1.307      98710    0    0    0    0    0
2026  7 24 19 14     3.25    -2.96     1.96    -557.5      9.59     -4.57     1.409      99606    0    0    0    0    0
2026  7 24 19 15     3.23    -3.17     1.93    -561.5      6.44     -6.58     1.518     100225    0    0    0    0    0
2026  7 24 19 16     3.33    -3.22     1.97    -561.4      8.01     -5.00     1.495     100275    0    0    0    0    0
2026  7 24 19 17     3.37    -3.01     2.08    -559.8     12.39      0.32     1.471      97440    0    0    0    0    0
2026  7 24 19 18     3.40    -2.90     2.19    -557.6     19.64      5.13     1.412      94262    0    0    0    0    0
2026  7 24 19 19     3.51    -2.84     2.27    -554.9     28.75      6.76     1.276      94262    0    0    0    0    0
2026  7 24 19 20     3.64    -2.11     2.35    -550.7     35.71      6.42     1.109      94262    0    0    0    0    0
2026  7 24 19 21     3.94    -1.50     2.41    -549.1     37.31      5.25     1.060      92544    0    0    0    0    0
2026  7 24 19 22     4.02    -1.38     2.42    -549.2     36.89      3.96     1.055      92012    0    0    0    0    0
2026  7 24 19 23     4.00    -1.37     2.42    -549.3     37.40      3.44     1.054      92011    0    0    0    0    0
2026  7 24 19 24     3.97    -1.34     2.43    -550.5     38.34      3.38     1.075      94677    0    0    0    0    0
2026  7 24 19 25     3.97    -1.28     2.50    -550.5     39.58      3.49     1.093      96749    0    0    0    0    0
2026  7 24 19 26     3.89    -1.45     2.51    -551.9     34.41      3.89     1.096      97028    0    0    0    0    0
2026  7 24 19 27     3.72    -1.86     2.48    -553.1     24.61      4.48     1.136      94279    0    0    0    0    0
2026  7 24 19 28     3.76    -2.03     2.48    -552.8     23.22      4.96     1.193      89640    0    0    0    0    0
2026  7 24 19 29     3.79    -1.72     2.54    -551.8     27.45      6.27     1.200      89640    0    0    0    0    0
2026  7 24 19 30     3.84    -1.34     2.62    -550.5     33.48      8.59     1.178      92122    0    0    0    0    0
2026  7 24 19 31     3.83    -1.34     2.62    -549.7     32.61      9.22     1.133      92565    0    0    0    0    0
2026  7 24 19 32     3.81    -1.55     2.57    -549.5     29.11      8.17     1.117      92362    0    0    0    0    0
2026  7 24 19 33     3.86    -1.63     2.49    -549.2     27.96      6.20     1.142      91064    0    0    0    0    0
2026  7 24 19 34     3.91    -1.64     2.43    -548.7     28.65      4.27     1.148      88021    0    0    0    0    0
2026  7 24 19 35     3.95    -1.65     2.40    -547.9     30.05      3.74     1.130      85230    0    0    0    0    0
2026  7 24 19 36     3.98    -1.67     2.35    -547.3     30.52      3.67     1.119      84355    0    0    0    0    0
2026  7 24 19 37     4.06    -1.72     2.22    -547.2     29.81      3.22     1.126      84750    0    0    0    0    0
2026  7 24 19 38     4.15    -1.76     2.16    -547.5     28.51      2.14     1.131      86978    0    0    0    0    0
2026  7 24 19 39     4.20    -1.78     2.15    -547.9     28.28      1.36     1.120      88079    0    0    0    0    0
2026  7 24 19 40     4.22    -1.79     2.14    -547.4     29.02      1.26     1.111      87599    0    0    0    0    0
2026  7 24 19 41     4.22    -1.80     2.12    -546.8     30.02      1.11     1.109      87090    0    0    0    0    0
2026  7 24 19 42     4.22    -1.77     2.11    -546.2     32.96      2.22     1.109      86919    0    0    0    0    0
2026  7 24 19 43     4.24    -1.40     2.09    -545.8     38.63      4.41     1.125      86906    0    0    0    0    0
2026  7 24 19 44     4.27    -0.55     2.09    -546.7     45.26      5.14     1.123      90403    0    0    0    0    0
2026  7 24 19 45     4.25    -0.14     2.11    -547.1     52.73      3.14     1.098     100032    0    0    0    0    0
2026  7 24 19 46     4.19    -0.12     2.20    -546.2     58.11      1.29     1.071     104594    0    0    0    0    0
2026  7 24 19 47     4.21    -0.02     2.17    -545.2     59.73      0.70     1.054     104545    0    0    0    0    0
2026  7 24 19 48     4.34     0.12     1.93    -544.6     59.56      0.70     1.061     101748    0    1    1    1    1
2026  7 24 19 49     4.43     0.15     1.76    -544.5     59.33      0.55     1.072      98283    0    1    2    1    1
2026  7 24 19 50     4.41     0.13     1.77    -544.4     59.06      0.28     1.064      98123    0    1    2    1    1
2026  7 24 19 51     4.37     0.10     1.81    -544.3     58.80      0.00     1.054      97989    0    1    2    1    1
2026  7 24 19 52     4.34     0.02     1.93    -543.9     58.55     -0.26     1.074      97551    0    1    2    1    1
2026  7 24 19 53     4.34     0.02     2.03    -543.2     58.29     -0.53     1.109      96644    0    1    2    1    1
2026  7 24 19 54     4.34     0.13     2.00    -543.2     58.04     -0.80     1.118      95722    0    1    2    1    1
2026  7 24 19 55     4.34    -0.05     1.98    -543.3     57.77     -1.09     1.109      95561    0    1    2    1    1
2026  7 24 19 56     4.34    -0.20     1.99    -543.3     57.51     -1.36     1.083      95907    0    1    2    1    1
2026  7 24 19 57     4.32    -0.35     2.02    -543.1     57.25     -1.64     1.065      96586    0    1    2    1    1
2026  7 24 19 58     4.30    -0.52     2.01    -543.0     56.98     -1.91     1.065      97150    0    1    2    1    1
2026  7 24 19 59     4.29    -0.60     1.85    -542.9     56.72     -2.19     1.067      98091    0    1    2    1    1
2026  7 24 20  0     4.30    -0.71     1.68    -542.8     56.46     -2.46     1.061      97123    0    1    2    1    1
2026  7 24 20  1     4.32    -0.89     1.70    -542.4     56.07     -2.63     1.047      94993    0    1    1    1    1
2026  7 24 20  2     4.35    -0.84     1.77    -542.2     54.94     -2.28     1.044      94704    0    0    0    0    0
2026  7 24 20  3     4.41    -0.57     1.84    -541.9     52.92     -1.33     1.045      94557    0    0    0    0    0
2026  7 24 20  4     4.47    -0.67     1.71    -542.4     51.46     -0.28     1.055      95721    0    0    0    0    0
2026  7 24 20  5     4.50    -0.83     1.63    -543.2     51.42      0.62     1.057      98975    0    0    0    0    0
2026  7 24 20  6     4.46    -0.89     1.78    -544.2     51.23      1.82     1.065      99955    0    0    0    0    0
2026  7 24 20  7     4.35    -0.69     2.02    -544.8     50.63      2.67     1.077     100348    0    0    0    0    0
2026  7 24 20  8     4.19    -0.57     2.15    -545.0     49.89      2.94     1.089     100772    0    0    0    0    0
2026  7 24 20  9     4.10    -0.63     2.25    -545.0     48.88      2.29     1.099     100906    0    0    0    0    0
2026  7 24 20 10     4.09    -0.72     2.27    -544.9     46.52      1.52     1.097     101410    0    0    0    0    0
2026  7 24 20 11     4.09    -0.86     2.22    -544.9     43.30      1.39     1.093     102522    0    0    0    0    0
2026  7 24 20 12     4.08    -0.98     2.13    -545.2     41.41      2.51     1.096     103284    0    0    0    0    0
2026  7 24 20 13     4.06    -1.15     2.09    -546.1     40.06      5.95     1.111     105444    0    0    0    0    0
2026  7 24 20 14     3.96    -1.28     2.10    -547.2     38.79      7.43     1.116     107198    0    0    0    0    0
2026  7 24 20 15     3.90    -1.43     2.12    -547.4     37.66      6.72     1.115     106486    0    0    0    0    0
2026  7 24 20 16     3.91    -1.52     2.10    -546.9     36.00      6.71     1.134     104089    0    0    0    0    0
2026  7 24 20 17     3.91    -1.51     2.07    -546.7     35.22      7.28     1.148     102777    0    0    0    0    0
2026  7 24 20 18     3.96    -1.50     2.07    -545.3     37.88      3.76     1.126     102777    0    0    0    0    0
2026  7 24 20 19     4.12    -1.47     2.06    -542.5     44.65     -5.30     1.085     100056    0    0    0    0    0
2026  7 24 20 20     4.38    -1.46     2.00    -539.1     54.44    -17.75     1.044      92854    0    0    0    0    0
2026  7 24 20 21     4.39    -1.48     2.01    -536.5     61.31    -24.69     1.025      81267    0    0    0    0    0
2026  7 24 20 22     4.39    -1.67     2.00    -537.7     62.59    -22.83     1.161      79529    0    0    0    0    0
2026  7 24 20 23     4.44    -2.27     1.42    -539.0     60.43    -14.20     1.178      82163    0    0    0    0    0
2026  7 24 20 24     4.48    -2.23     1.57    -539.6     57.81     -8.41     1.168      85448    0    0    0    0    0
2026  7 24 20 25     4.48    -1.86     1.72    -538.2     55.31     -6.76     1.064      89602    0    0    0    0    0
2026  7 24 20 26     4.41    -0.82     1.79    -538.3     50.50     -5.83     1.064      91425    0    0    0    0    0
2026  7 24 20 27     4.27    -1.02     1.86    -538.1     46.37     -4.27     1.050      93141    0    0    0    0    0
2026  7 24 20 28     3.99    -1.55     1.93    -540.3     32.89     -2.10     1.047      93954    0    0    0    0    0
2026  7 24 20 29     3.81    -1.91     1.97    -542.1     24.43     -0.52     1.064      93954    0    0    0    0    0
2026  7 24 20 30     3.81    -1.87     2.04    -542.7     25.31      0.95     1.101      93713    0    0    0    0    0
2026  7 24 20 31     3.83    -1.93     2.09    -542.7     27.37      0.86     1.112      92688    0    0    0    0    0
2026  7 24 20 32     3.89    -1.94     2.08    -542.3     28.63      0.42     1.125      90353    0    0    0    0    0
2026  7 24 20 33     3.95    -2.02     2.00    -541.9     26.17     -2.28     1.138      87225    0    0    0    0    0
2026  7 24 20 34     3.93    -2.18     1.95    -543.3     22.91     -3.56     1.176      88389    0    0    0    0    0
2026  7 24 20 35     3.95    -2.28     2.02    -545.7     21.41     -1.40     1.230      91025    0    0    0    0    0
2026  7 24 20 36     4.01    -2.09     2.14    -545.2     26.55      2.20     1.232      91569    0    0    0    0    0
2026  7 24 20 37     4.04    -1.60     2.24    -543.4     36.66      6.23     1.198      91752    0    0    0    0    0
2026  7 24 20 38     4.04    -1.13     2.26    -541.4     44.25      8.87     1.148      92070    0    0    0    0    0
2026  7 24 20 39     4.04    -1.07     2.23    -540.5     44.89      7.93     1.148      92070    0    0    0    0    0
2026  7 24 20 40     4.04    -0.99     2.21    -540.0     47.58      6.67     1.150      92332    0    0    0    0    0
2026  7 24 20 41     4.04    -0.86     2.22    -539.1     50.80      6.70     1.152      94164    0    0    0    0    0
2026  7 24 20 42     4.04    -0.81     2.22    -539.1     50.78      6.67     1.135      94214    0    0    0    0    0
2026  7 24 20 43     4.04    -0.96     2.16    -538.6     50.48      5.55     1.137      95066    0    0    0    0    0
2026  7 24 20 44     4.00    -1.19     2.05    -538.2     49.88      3.78     1.163      99031    0    0    0    0    0
2026  7 24 20 45     4.00    -1.15     1.99    -539.4     49.40      3.29     1.234     104334    0    0    0    0    0
2026  7 24 20 46     3.97    -1.00     2.16    -541.3     47.28      2.75     1.237     102619    0    0    0    0    0
2026  7 24 20 47     3.94    -1.01     2.17    -540.9     45.64      2.74     1.239      96737    0    0    0    0    0
2026  7 24 20 48     3.94    -0.94     2.11    -539.8     46.19      2.46     1.227      96966    0    0    0    0    0
2026  7 24 20 49     4.00    -0.81     2.10    -538.7     47.52      2.26     1.203      98624    0    0    0    0    0
2026  7 24 20 50     4.07    -0.60     2.11    -538.5     51.38      2.76     1.203      98739    0    0    0    0    0
2026  7 24 20 51     4.01    -0.68     2.10    -539.2     53.15      3.25     1.209     106536    0    0    0    0    0
2026  7 24 20 52     3.86    -1.06     1.86    -545.9     27.66     -4.91     1.324     131862    0    0    0    0    0
2026  7 24 20 53     3.58    -1.88     1.64    -550.7     23.20     -8.55     1.490     138823    0    0    0    0    0
2026  7 24 20 54     3.65    -2.33     1.60    -548.0     37.45     -4.84     1.498     134497    0    0    0    0    0
2026  7 24 20 55     3.70    -2.47     1.59    -544.9     50.62      1.23     1.436     123996    0    0    0    0    0
2026  7 24 20 56     3.80    -2.12     1.70    -542.1     58.30      6.43     1.312     108502    0    0    0    0    0
2026  7 24 20 57     4.07    -1.15     2.04    -540.1     56.71      6.93     1.155      92927    0    0    0    0    0
2026  7 24 20 58     4.11    -0.58     2.32    -539.3     53.29      6.86     1.122      88808    0    0    0    0    0
2026  7 24 20 59     4.18    -0.45     2.27    -538.9     50.72      5.91     1.087      82693    0    0    0    0    0
2026  7 24 21  0     4.24    -0.24     2.24    -538.5     49.81      4.16     1.085      80424    0    0    0    0    0
2026  7 24 21  1     4.29    -0.28     2.23    -538.8     49.37      3.67     1.015      77404    0    0    0    0    0
2026  7 24 21  2     4.30    -0.37     2.21    -540.6     48.70      3.69     1.007      77404    0    0    0    0    0
2026  7 24 21  3     4.32    -0.40     2.20    -540.7     48.68      3.78     0.988      77351    0    0    0    0    0
2026  7 24 21  4     4.30    -0.40     2.27    -541.2     48.76      3.89     0.983      77080    0    0    0    0    0
2026  7 24 21  5     4.29    -0.41     2.33    -541.3     48.37      4.01     0.982      76895    0    0    0    0    0
2026  7 24 21  6     4.30    -0.44     2.29    -541.2     47.78      4.39     0.974      75981    0    0    0    0    0
2026  7 24 21  7     4.30    -0.48     2.22    -540.7     47.74      4.64     0.980      74223    0    0    0    0    0
2026  7 24 21  8     4.31    -0.50     2.18    -540.4     46.91      4.41     0.977      74127    0    0    0    0    0
2026  7 24 21  9     4.33    -0.49     2.16    -539.9     45.77      4.40     0.981      73613    0    0    0    0    0
2026  7 24 21 10     4.33    -0.47     2.17    -538.7     44.41      4.28     0.985      73512    0    0    0    0    0
2026  7 24 21 11     4.33    -0.49     2.16    -538.4     44.12      4.05     0.981      73576    0    0    0    0    0
2026  7 24 21 12     4.31    -0.52     2.10    -536.7     45.58      3.39     0.991      77436    0    0    0    0    0
2026  7 24 21 13     4.28    -0.53     2.01    -536.2     48.02      1.64     0.991      77886    0    0    0    0    0
2026  7 24 21 14     4.28    -0.51     1.97    -536.3     48.41      0.17     1.005      75536    0    0    0    0    0
2026  7 24 21 15     4.28    -0.49     1.93    -536.4     47.93     -0.27     1.068      75168    0    0    0    0    0
2026  7 24 21 16     4.20    -0.76     1.88    -536.9     44.49     -0.50     1.080      80901    0    0    0    0    0
2026  7 24 21 17     3.39    -2.45     1.56    -545.1      8.37     -5.20     1.222     117040    0    0    0    0    0
2026  7 24 21 18     3.21    -2.98     1.35    -547.8     -0.99    -10.04     1.473     108494    0    0    0    0    0
2026  7 24 21 19     3.36    -2.79     1.33    -546.1      8.42    -10.95     1.560      98419    0    0    0    0    0
2026  7 24 21 20     3.47    -2.66     1.36    -544.6     16.25    -10.20     1.531      91576    0    1    1    1    1
2026  7 24 21 21     3.60    -2.55     1.41    -543.7     21.77     -8.49     1.503      86869    0    1    2    1    1
2026  7 24 21 22     3.85    -2.23     1.45    -544.3     29.44     -5.94     1.577      79592    0    1    2    1    1
2026  7 24 21 23     3.99    -1.78     1.48    -544.8     36.99     -3.44     1.692      71650    0    1    2    1    1
2026  7 24 21 24     4.05    -1.29     1.57    -543.3     42.45     -2.00     1.694      68166    0    1    1    1    1
2026  7 24 21 25     4.06    -0.95     1.68    -542.2     43.73     -2.81     1.666      67982    0    0    0    0    0
2026  7 24 21 26     4.05    -1.12     1.59    -540.9     38.34     -6.23     1.530      68329    0    0    0    0    0
2026  7 24 21 27     4.01    -1.41     1.46    -536.5     32.49     -8.60     1.223      69628    0    0    0    0    0
2026  7 24 21 28     4.31    -1.67     1.39    -535.0     33.05     -8.70     1.171      69845    0    0    0    0    0
2026  7 24 21 29     4.42    -1.75     1.37    -534.9     36.14     -8.07     1.225      67829    0    0    0    0    0
2026  7 24 21 30     4.45    -1.47     1.38    -534.8     36.51     -9.01     1.242      67202    0    0    0    0    0
2026  7 24 21 31     4.43    -1.33     1.39    -536.1     33.97    -11.47     1.267      70098    0    0    0    0    0
2026  7 24 21 32     4.36    -1.46     1.54    -536.8     30.81    -11.45     1.220      72046    0    0    0    0    0
2026  7 24 21 33     4.34    -1.48     1.56    -536.7     30.72    -10.73     1.213      72212    0    0    0    0    0
2026  7 24 21 34     4.32    -1.49     1.51    -536.7     31.15    -10.66     1.211      75376    0    0    0    0    0
2026  7 24 21 35     4.32    -1.49     1.50    -537.7     31.12    -10.99     1.220      77839    0    0    0    0    0
2026  7 24 21 36     4.34    -1.48     1.57    -538.1     31.00    -11.48     1.244      77918    0    0    0    0    0
2026  7 24 21 37     4.39    -1.42     1.57    -537.9     31.83    -11.39     1.248      79940    0    0    0    0    0
2026  7 24 21 38     4.43    -1.35     1.59    -537.4     34.45    -12.81     1.254      79974    0    0    0    0    0
2026  7 24 21 39     4.47    -1.31     1.55    -536.4     37.32    -15.96     1.294      73345    0    0    0    0    0
2026  7 24 21 40     4.48    -1.35     1.42    -536.0     39.06    -18.03     1.299      72414    0    0    0    0    0
2026  7 24 21 41     4.51    -1.46     1.32    -536.0     39.59    -17.78     1.264      71336    0    0    0    0    0
2026  7 24 21 42     4.56    -1.47     1.24    -533.3     40.45    -16.77     1.222      68637    0    0    0    0    0
2026  7 24 21 43     4.59    -1.42     1.19    -531.8     42.13    -14.96     1.202      67115    0    0    0    0    0
2026  7 24 21 44     4.60    -1.36     1.22    -531.1     44.27    -13.83     1.146      66773    0    0    0    0    0
2026  7 24 21 45     4.60    -1.35     1.28    -530.5     45.39    -13.76     1.090      66463    0    0    0    0    0
2026  7 24 21 46     4.61    -1.37     1.27    -530.2     45.46    -13.52     1.095      65834    0    0    0    0    0
2026  7 24 21 47     4.65    -1.47     1.17    -529.8     45.60    -13.20     1.112      65204    0    0    0    0    0
2026  7 24 21 48     4.69    -1.56     1.08    -530.0     45.61    -13.02     1.122      68446    0    0    0    0    0
2026  7 24 21 49     4.71    -1.47     1.07    -530.6     45.56    -13.29     1.124      73099    0    0    0    0    0
2026  7 24 21 50     4.71    -1.21     1.07    -530.8     45.65    -14.11     1.148      73099    0    0    0    0    0
2026  7 24 21 51     4.69    -0.88     1.10    -530.6     45.27    -14.14     1.163      72926    0    0    0    0    0
2026  7 24 21 52     4.65    -0.71     1.16    -530.3     44.00    -12.58     1.153      72717    0    0    0    0    0
2026  7 24 21 53     4.62    -0.92     1.20    -530.6     42.57    -11.30     1.133      72968    0    0    0    0    0
2026  7 24 21 54     4.62    -1.14     1.23    -530.6     42.15    -10.84     1.131      73275    0    0    0    0    0
2026  7 24 21 55     4.63    -1.05     1.31    -530.5     42.60     -9.58     1.128      72673    0    0    0    0    0
2026  7 24 21 56     4.63    -0.93     1.30    -530.3     43.52     -8.19     1.126      71937    0    0    0    0    0
2026  7 24 21 57     4.62    -0.92     1.23    -530.3     43.85     -7.56     1.122      72185    0    0    0    0    0
2026  7 24 21 58     4.62    -0.92     1.29    -530.1     45.10     -7.04     1.120      73671    0    0    0    0    0
2026  7 24 21 59     4.64    -0.93     1.39    -529.8     48.48     -6.30     1.119      75277    0    0    0    0    0
2026  7 24 22  0     4.64    -0.92     1.48    -529.7     50.40     -5.75     1.116      75399    0    0    0    0    0
2026  7 24 22  1     4.62    -0.84     1.50    -529.1     49.85     -5.33     1.121      75616    0    0    0    0    0
2026  7 24 22  2     4.58    -0.64     1.49    -529.3     47.84     -4.69     1.136      75675    0    0    0    0    0
2026  7 24 22  3     4.52    -0.57     1.40    -530.8     42.91     -3.63     1.159      76095    0    0    0    0    0
2026  7 24 22  4     4.25    -0.85     1.55    -536.4     27.93     -1.41     1.213      89241    0    0    0    0    0
2026  7 24 22  5     3.88    -1.27     1.64    -540.9      4.57     -4.81     1.334      88843    0    0    0    0    0
2026  7 24 22  6     3.95    -1.31     1.51    -541.5      4.60     -8.42     1.594      79560    0    1    1    1    1
2026  7 24 22  7     4.14    -1.78     1.28    -541.5      4.65     -8.40     1.595      79398    0    1    2    1    1
2026  7 24 22  8     4.25    -1.60     1.16    -541.7      4.71     -8.36     1.591      79524    0    1    2    1    1
2026  7 24 22  9     4.30    -1.60     1.16    -541.8      4.78     -8.33     1.568      79927    0    1    2    1    1
2026  7 24 22 10     4.42    -1.62     1.17    -541.5      4.84     -8.29     1.478      81291    0    1    2    1    1
2026  7 24 22 11     4.50    -1.59     1.17    -541.4      4.90     -8.26     1.383      85419    0    1    2    1    1
2026  7 24 22 12     4.48    -1.47     1.17    -540.5      4.96     -8.23     1.399      85400    0    1    2    1    1
2026  7 24 22 13     4.47    -1.37     1.14    -540.4      5.03     -8.19     1.378      85304    0    1    2    1    1
2026  7 24 22 14     4.50    -1.26     1.16    -540.9      5.09     -8.16     1.403      86816    0    1    2    1    1
2026  7 24 22 15     4.54    -1.25     1.26    -543.3      5.17     -8.12     1.406      93207    0    1    2    1    1
2026  7 24 22 16     4.53    -1.29     1.20    -543.2      5.23     -8.09     1.405      93336    0    1    2    1    1
2026  7 24 22 17     4.50    -1.38     1.02    -543.1      5.29     -8.05     1.389      93653    0    1    2    1    1
2026  7 24 22 18     4.41    -1.47     0.93    -543.1      5.36     -8.02     1.369      93911    0    1    2    1    1
2026  7 24 22 19     4.36    -1.48     1.00    -543.6      5.42     -7.99     1.372      94420    0    1    2    1    1
2026  7 24 22 20     4.37    -1.41     0.95    -544.3      5.49     -7.96     1.363      95058    0    1    2    1    1
2026  7 24 22 21     4.39    -1.39     0.88    -543.6      5.55     -7.92     1.397      93657    0    1    2    1    1
2026  7 24 22 22     4.40    -1.47     1.05    -542.4      5.61     -7.89     1.417      91305    0    1    2    1    1
2026  7 24 22 23     4.38    -1.50     1.29    -542.2      5.67     -7.86     1.409      92434    0    1    2    1    1
2026  7 24 22 24     4.37    -1.47     1.28    -542.4      5.74     -7.83     1.381      95640    0    1    2    1    1
2026  7 24 22 25     4.39    -1.39     1.39    -543.4      5.81     -7.79     1.348      96540    0    1    2    1    1
2026  7 24 22 26     4.42    -1.34     1.66    -544.1      5.87     -7.75     1.326      96672    0    1    2    1    1
2026  7 24 22 27     4.38    -1.23     1.89    -543.5      5.93     -7.72     1.344      95377    0    1    2    1    1
2026  7 24 22 28     4.34    -1.17     1.83    -542.0      5.99     -7.69     1.374      93072    0    1    2    1    1
2026  7 24 22 29     4.34    -1.31     1.71    -540.3      6.05     -7.67     1.366      92171    0    1    2    1    1
2026  7 24 22 30     4.32    -1.39     1.40    -540.3      6.11     -7.64     1.319      89798    0    1    2    1    1
2026  7 24 22 31     4.14    -1.56     1.40    -540.6      6.18     -7.60     1.300      89690    0    1    2    1    1
2026  7 24 22 32     4.15    -1.49     1.41    -540.4      6.24     -7.57     1.273      89895    0    1    2    1    1
2026  7 24 22 33     4.14    -1.53     1.45    -539.7      6.30     -7.54     1.274      91705    0    1    2    1    1
2026  7 24 22 34     4.07    -1.51     1.57    -539.3      6.36     -7.50     1.292      97620    0    1    2    1    1
2026  7 24 22 35     3.96    -1.46     1.75    -539.4      6.42     -7.47     1.317     100392    0    1    2    1    1
2026  7 24 22 36     4.00    -0.87     1.88    -541.7      6.50     -7.44     1.315      98639    0    1    2    1    1
2026  7 24 22 37     4.04    -0.91     1.86    -541.5      6.56     -7.41     1.321      93153    0    1    2    1    1
2026  7 24 22 38     4.07    -1.14     1.71    -541.2      6.62     -7.38     1.342      92609    0    1    2    1    1
2026  7 24 22 39     4.08    -1.49     1.28    -540.7      6.69     -7.35     1.403      90401    0    1    2    1    1
2026  7 24 22 40     4.06    -1.89     0.94    -540.6      6.75     -7.32     1.662      83361    0    1    2    1    1
2026  7 24 22 41     4.02    -2.03     0.78    -540.2      6.81     -7.29     1.657      83414    0    1    2    1    1
2026  7 24 22 42     4.02    -2.05     0.80    -539.5      6.87     -7.26     1.637      83733    0    1    2    1    1
2026  7 24 22 43     4.03    -2.07     0.82    -539.4      6.93     -7.23     1.636      83630    0    1    2    1    1
2026  7 24 22 44     4.06    -2.15     0.77    -539.3      7.00     -7.19     1.641      82484    0    1    2    1    1
2026  7 24 22 45     4.05    -2.48     0.57    -539.3      7.06     -7.16     1.707      82362    0    1    2    1    1
2026  7 24 22 46     4.04    -2.80     0.51    -539.3      7.13     -7.13     1.706      82106    0    1    2    1    1
2026  7 24 22 47     3.94    -2.78     0.47    -540.5      7.19     -7.10     1.704      80290    0    1    2    1    1
2026  7 24 22 48     3.84    -2.73     0.55    -540.4      7.26     -7.07     1.695      80172    0    1    2    1    1
2026  7 24 22 49     3.69    -2.87     0.58    -540.3      7.32     -7.04     1.691      79725    0    1    2    1    1
2026  7 24 22 50     3.76    -3.34     0.51    -540.6      7.39     -7.01     1.698      77722    0    1    2    1    1
2026  7 24 22 51     3.74    -3.39     0.39    -541.0      7.45     -6.97     1.721      77172    0    1    2    1    1
2026  7 24 22 52     3.72    -3.51     0.34    -540.4      7.51     -6.94     1.742      76544    0    1    2    1    1
2026  7 24 22 53     3.60    -3.61     0.23    -540.7      7.58     -6.92     1.732      76242    0    1    2    1    1
2026  7 24 22 54     3.53    -3.59     0.20    -540.1      7.64     -6.89     1.690      76147    0    1    2    1    1
2026  7 24 22 55     3.54    -3.53     0.15    -539.9      7.70     -6.86     1.689      76132    0    1    2    1    1
2026  7 24 22 56     3.57    -3.47     0.14    -539.4      7.76     -6.83     1.689      76032    0    1    2    1    1
2026  7 24 22 57     3.58    -3.44     0.11    -539.1      7.83     -6.80     1.693      76045    0    1    2    1    1
2026  7 24 22 58     3.50    -3.39     0.08    -537.5      7.88     -6.77     1.679      75940    0    1    2    1    1
2026  7 24 22 59     3.61    -3.19     0.24    -537.3      7.95     -6.74     1.678      76044    0    1    2    1    1
2026  7 24 23  0     3.88    -3.05     0.50    -536.9      8.01     -6.71     1.599      77640    0    1    2    1    1
2026  7 24 23  1     4.05    -3.03     0.55    -536.6      8.07     -6.69     1.574      77810    0    1    2    1    1
2026  7 24 23  2     4.13    -2.97     0.58    -536.7      8.13     -6.66     1.587      77072    0    1    2    1    1
2026  7 24 23  3     4.07    -3.03     0.58    -537.3      8.20     -6.63     1.673      80977    0    1    2    1    1
2026  7 24 23  4     3.85    -2.97     0.59    -537.3      8.26     -6.60     1.676      85133    0    1    2    1    1
2026  7 24 23  5     3.83    -2.84     0.68    -536.0      8.32     -6.57     1.602      88645    0    1    2    1    1
2026  7 24 23  6     3.99    -2.75     0.79    -535.2      8.38     -6.54     1.593      92211    0    1    2    1    1
2026  7 24 23  7     4.03    -2.58     0.80    -541.8      8.48     -6.51     1.591      97728    0    0    1    1    1
2026  7 24 23  8     4.09    -2.59     0.76    -540.9      8.59     -6.41     1.614     101520    0    0    0    0    1
2026  7 24 23  9     4.20    -2.36     0.93    -540.7      8.69     -6.32     1.677     106961    0    0    0    0    1
2026  7 24 23 10     4.20    -2.31     1.01    -540.5      8.79     -6.22     1.744     112351    0    0    0    0    0
2026  7 24 23 11     4.16    -2.17     1.03    -539.8      8.90     -6.14     1.813     117579    0    0    0    0    0
2026  7 24 23 12     4.15    -1.96     1.03    -539.3      9.00     -6.05     1.892     122938    0    0    0    0    0
2026  7 24 23 13     4.20    -1.80     1.09    -539.3      9.10     -5.95     1.894     124002    0    0    0    0    0
2026  7 24 23 14     4.28    -1.73     1.20    -538.8      9.20     -5.86     1.914     124060    0    0    0    0    0
2026  7 24 23 15     4.27    -1.84     1.29    -538.8      9.31     -5.78     1.794     123940    0    0    0    0    0
2026  7 24 23 16     4.25    -1.85     1.31    -539.4      9.41     -5.68     1.461     123399    0    0    0    0    0
2026  7 24 23 17     4.25    -1.97     1.23    -539.4      9.51     -5.59     1.474     122847    0    0    0    0    0
2026  7 24 23 18     4.26    -1.68     1.35    -539.4      9.62     -5.51     1.622     122254    0    0    0    0    0
2026  7 24 23 19     4.26    -1.56     1.34    -539.4      9.72     -5.41     1.619     121661    0    0    0    0    0
2026  7 24 23 20     4.28    -1.18     1.35    -539.3      9.82     -5.32     1.585     120843    0    0    0    0    0
2026  7 24 23 21     4.31    -1.18     1.44    -537.9      9.92     -5.24     1.565     117597    0    0    0    0    0
2026  7 24 23 22     4.22    -1.52     1.38    -537.7     10.03     -5.14     1.521     114089    0    0    0    0    0
2026  7 24 23 23     4.15    -1.65     1.24    -533.3     10.13     -5.05     1.503     111857    0    0    0    0    0
2026  7 24 23 24     4.13    -1.77     1.19    -530.9     10.23     -4.97     1.479     109119    0    0    0    0    0
2026  7 24 23 25     4.12    -1.90     1.18    -531.1     10.72     -1.39     1.444     105688    0    0    0    0    0
2026  7 24 23 26     4.06    -2.10     1.15    -530.7     10.67      0.45     1.398     102322    0    0    0    0    0
2026  7 24 23 27     4.01    -2.26     1.21    -530.2      9.51     -2.74     1.392      98439    0    0    0    0    0
2026  7 24 23 28     4.00    -2.34     1.25    -530.1      7.39     -5.79     1.407      93831    0    0    0    0    0
2026  7 24 23 29     3.99    -2.40     1.21    -530.5      6.13     -4.06     1.390      89264    0    0    0    0    0
2026  7 24 23 30     3.97    -2.39     1.23    -531.3      6.12     -2.09     1.439      84009    0    0    0    0    0
2026  7 24 23 31     3.93    -2.36     1.25    -531.8      7.05     -1.45     1.489      78299    0    0    0    0    0
2026  7 24 23 32     3.93    -2.32     1.19    -531.5      8.94     -0.90     1.455      73136    0    0    0    0    0
2026  7 24 23 33     3.97    -2.26     1.10    -530.9     10.76     -0.50     1.408      68376    0    0    0    0    0
2026  7 24 23 34     3.97    -2.28     1.14    -530.5     11.31     -0.91     1.394      66207    0    0    0    0    0
2026  7 24 23 35     3.93    -2.43     1.12    -530.6     10.67     -3.43     1.455      65507    0    0    0    0    0
2026  7 24 23 36     3.92    -2.54     0.97    -530.9      8.94     -7.28     1.528      63946    0    0    0    0    0
2026  7 24 23 37     3.99    -2.56     0.89    -531.1      5.24     -9.81     1.543      63842    0    0    0    0    0
2026  7 24 23 38     4.06    -2.62     0.80    -531.4      2.87    -10.93     1.579      67855    0    0    0    0    0
2026  7 24 23 39     4.06    -2.53     0.79    -531.4      4.86    -11.35     1.594      71734    0    0    0    0    0
2026  7 24 23 40     4.03    -2.34     0.84    -530.6     10.16    -11.08     1.565      63546    0    0    0    0    0
2026  7 24 23 41     3.97    -2.29     0.88    -529.7     14.38    -10.32     1.537      53718    0    0    0    0    0
2026  7 24 23 42     3.87    -2.36     0.90    -529.6     13.93    -10.01     1.534      53226    0    0    0    0    0
2026  7 24 23 43     3.85    -2.44     0.90    -528.5     11.92    -11.00     1.503      53448    0    0    0    0    0
2026  7 24 23 44     3.87    -2.52     0.90    -525.7     10.03    -11.97     1.407      54405    0    0    0    0    0
2026  7 24 23 45     4.20    -2.59     0.93    -524.1      8.18    -11.10     1.231      58208    0    0    0    0    0
2026  7 24 23 46     4.21    -2.39     1.05    -524.0      8.07     -8.28     1.176      58271    0    0    0    0    0
2026  7 24 23 47     4.19    -2.33     1.14    -523.4      8.82     -4.82     1.225      58271    0    0    0    0    0
2026  7 24 23 48     4.14    -2.27     1.15    -523.6      9.85     -1.48     1.335      55375    0    0    0    0    0
2026  7 24 23 49     4.13    -2.35     1.20    -524.1      9.46     -0.12     1.372      54030    0    0    0    0    0
2026  7 24 23 50     4.12    -2.42     1.22    -525.7      8.30     -0.24     1.520      52075    0    0    0    0    0
2026  7 24 23 51     4.10    -2.40     1.24    -525.8      7.91     -1.25     1.540      52075    0    0    0    0    0
2026  7 24 23 52     4.09    -2.43     1.32    -525.7      8.71     -2.35     1.541      51999    0    0    0    0    0
2026  7 24 23 53     4.08    -2.39     1.35    -525.2     10.72      0.32     1.539      51251    0    0    0    0    0
2026  7 24 23 54     4.08    -2.33     1.37    -524.9     13.13      4.55     1.512      50686    0    0    0    0    0
2026  7 24 23 55     4.09    -2.31     1.42    -523.9     14.71      4.24     1.454      49774    0    0    0    0    0
2026  7 24 23 56     4.11    -2.26     1.43    -523.5     14.92      3.69     1.441      48739    0    0    0    0    0
2026  7 24 23 57     4.16    -2.27     1.46    -522.4     15.45      3.64     1.435      48670    0    0    0    0    0
2026  7 24 23 58     4.17    -2.17     1.45    -522.4     16.01      3.78     1.398      48670    0    0    0    0    0
2026  7 24 23 59     4.16    -2.12     1.42    -522.5     12.43      3.40     1.233      51607    0    0    0    0    0
2026  7 25  0  0     4.13    -2.21     1.40    -523.1      5.38      2.14     1.215      52125    0    0    0    0    0
